time,invert_disp_y,invert_plastic_strain,invert_stress_vm,left_disp_x,left_plastic_strain,left_stress_vm,max_compressive_yy_concrete,max_compressive_yy_ground,max_plastic_strain_soil,max_principal_stress_concrete,max_settlement_y,max_tensile_yy_concrete,max_vm_concrete,max_vm_ground,right_disp_x,right_plastic_strain,right_stress_vm,top_disp_y,top_plastic_strain,top_stress_vm
0,0,0,0,0,0,0,0,0,0,0,0,0,0,0,0,0,0,0,0,0
0.05,-0.0042022789809055,0,3312.3893117602,5.8456247917065e-06,0,2742.1686620803,-7117.0821275742,-31047.671896769,0,9189.877249502,-0.0045027791533539,219.7806995193,11844.643548443,17741.53042552,-5.7733840198804e-06,0,2938.7511012537,-0.0042944104896011,0,1703.2977944493
0.11,-0.0092439971554118,0,7288.4876931324,1.3042513290058e-05,0,6031.5961435475,-15516.724841849,-68293.066113041,0,20151.946644656,-0.0099049166023503,2011.2258109074,26057.164731287,39024.617289855,-1.2536411622669e-05,0,6464.5395371991,-0.0094467705149631,0,3755.2154446288
0.146,-0.012267922506269,0,9654.3405109951,1.4611430921196e-05,0,8001.3903760409,-18624.384878422,-90635.105525959,0,24862.310669419,-0.013145778920751,635.51278395302,33250.759876626,51791.497472251,-1.9839826276423e-05,0,8551.2169331994,-0.012536119707411,0,4916.5437299929
0.182,-0.015291867975515,0,12039.124978458,1.8704255872583e-05,0,9975.8567144823,-23651.462588608,-112971.57069717,0,31282.205858278,-0.016386028811938,791.60014008576,41409.721049698,64555.194314473,-2.4128180439802e-05,0,10665.342535831,-0.015626398047649,0,6143.4591363634
0.2252,-0.018919953815594,0,14898.01374977,2.3908286704485e-05,0,12340.459696838,-29427.906236873,-139769.04797338,0,38874.419058554,-0.020273651840274,979.01176735841,51314.13341626,79868.041750451,-2.9031898941026e-05,0,13203.995748157,-0.019333979324304,0,7609.0730039589
0.27704,-0.023272749911792,0,18326.680147093,2.9872755548226e-05,0,15178.222738607,-36316.712516372,-171917.31679934,0,47884.645741088,-0.024937973690536,1207.2832921891,63097.088706057,98238.48473725,-3.5238424616886e-05,0,16246.85655259,-0.023782074996598,0,9362.0204528318
0.339248,-0.028494900160587,0,22442.095898385,3.7420057799029e-05,0,18585.080844062,-44614.440774619,-210482.41527135,0,58795.915285082,-0.030533903716476,1485.4095427008,76781.451737438,120275.68847435,-4.2259220693683e-05,0,19898.673925462,-0.029118643471495,0,11469.377884848
0.4138976,-0.034759694193659,0,27378.234453283,4.598633168714e-05,0,22671.24026619,-54420.750832033,-256742.44455565,0,71727.119889269,-0.037247243915154,1811.2446495966,93475.422934237,146709.99606944,-5.1233875879774e-05,0,24278.001199416,-0.035520636075888,0,13993.071652333
0.50347712,-0.042274933792814,0,33303.042076071,5.6874867520566e-05,0,27578.012698501,-66606.118221247,-312227.9679327,-4.1849536035546e-05,87446.304349178,-0.045300667439704,2213.6786848037,113752.28565239,178416.01593314,-6.1331134318983e-05,0,29533.777173478,-0.043200589893486,0,17025.475103062
0.530350976,-0.044528768143181,0,35070.646883125,6.0044547373778e-05,0,29040.983932037,-69453.662086498,-328868.06715054,-7.2416931191481e-05,91614.351486517,-0.047716083341698,2330.7048932312,118808.21372265,187924.64596343,-6.4684788946366e-05,0,31105.140565418,-0.045503422731571,0,17908.480043049
0.543787904,-0.04565554608862,0,35952.331309973,6.1721893514055e-05,0,29773.023898809,-70916.970826855,-337182.94387851,-9.9935401805324e-05,93707.316152986,-0.048923710424675,2391.8511612801,121735.86795377,192672.09093697,-6.6314391000779e-05,0,31887.711920219,-0.046654607419391,0,18343.76002204
0.557224832,-0.046786632773567,0,36813.986493067,6.2862993576146e-05,0,30489.69956833,-71015.673780005,-345467.69174741,-0.00015511072589328,94956.901524011,-0.050136100444959,2449.1818681286,122734.84306495,197040.64833875,-6.893249168529e-05,0,32656.743721405,-0.047809245654229,0,18724.090252326
0.5612559104,-0.04712472360887,0,37080.938725592,6.3279169471104e-05,0,30710.747739331,-71519.992011117,-347849.99164922,-0.00015606611419447,95613.37421891,-0.0504983783305,2467.2573556058,123608.6995544,198296.8344723,-6.9465999836807e-05,0,32892.984457665,-0.048154757585054,0,18860.790059838
0.5652869888,-0.047464481586946,0,37347.485444264,6.3765706019503e-05,0,30931.208747298,-72060.263503613,-350347.03023825,-0.00016004884464607,96319.699881527,-0.050862346835988,2484.8236317432,124528.19371986,199613.52484721,-6.9925153956082e-05,0,33129.715077173,-0.048501925526055,0,18997.239886184
0.57012428288,-0.047874572050451,0,37665.657665492,6.4185318405326e-05,0,31196.917750422,-72534.722524906,-353480.06555832,-0.00016921957635007,97000.341439621,-0.051301305768883,2501.5078410906,125532.58295193,201265.56977198,-7.0716001555537e-05,0,33408.981392439,-0.048920812243821,0,19153.834309237
0.575929035776,-0.048364608648822,0,38050.402960612,6.47557324806e-05,0,31519.912813624,-73292.564193215,-357086.55756761,-0.00017816318307707,97925.852221252,-0.051825960861264,2522.2078819572,127400.2079181,203167.27214273,-7.1508159411028e-05,0,33743.672615591,-0.049421533548461,0,19350.766455375
0.5828947392512,-0.048953510079319,0,38511.24916486,6.5391019062746e-05,0,31903.959658246,-74115.272245555,-361388.31827594,-0.00018888246745247,98902.117704643,-0.052456357740803,2540.1329556048,129240.01791675,205435.59307555,-7.2573703502658e-05,0,34148.130736469,-0.050023204232494,0,19581.528141934
0.58707416133632,-0.049304008807819,0,38788.08790886,6.5864374869568e-05,0,32132.951996425,-74677.092807042,-363858.15095094,-0.0001911199034739,99646.594962483,-0.052831914681441,2558.7719540236,130161.17470809,206737.93529885,-7.3075525951383e-05,0,34393.826711513,-0.05038140224364,0,19723.761328999
0.59125358342144,-0.049657457836133,0,39064.112435385,6.6365754556802e-05,0,32361.716409279,-75208.749576751,-366445.70327028,-0.00019475151632034,100370.59624511,-0.053210544948713,2577.9236365597,131045.70229767,208102.35158927,-7.3561099418838e-05,0,34638.682807279,-0.050742517218848,0,19864.046608643
0.59376123667251,-0.049871078377507,0,39229.165246062,6.6659608300539e-05,0,32498.665680784,-75486.718275812,-368054.6811498,-0.00019850668159833,100775.40161781,-0.053439337491493,2589.0411536148,131539.76520435,208950.76499781,-7.3872960112316e-05,0,34785.059334677,-0.050960712662738,0,19946.700346331
0.59626888992358,-0.050083499545296,0,39394.549650077,6.6963065073334e-05,0,32635.689176244,-75810.145993377,-369617.55175931,-0.00020225264706897,101206.32261613,-0.053666877136566,2600.2150352126,132076.37278792,209774.86544769,-7.4166722898253e-05,0,34931.829418448,-0.051177725101843,0,20030.509102732
0.59927807382487,-0.050337969327488,0,39593.121617665,6.7315509955978e-05,0,32800.074168611,-76209.149295555,-371475.65790613,-0.0002062267211618,101726.94116938,-0.053939470396354,2613.4012075888,132760.09476126,210754.64342272,-7.4528242752855e-05,0,35108.139111551,-0.051437708685437,0,20131.36958614
0.60288909450641,-0.050643358050951,0,39831.477867589,6.7743804518983e-05,0,32997.604861312,-76680.420279431,-373703.33003258,-0.000210651357299,102359.71593455,-0.054266637513876,2629.426598677,133547.85118555,211929.29348735,-7.4954466075926e-05,0,35319.610081978,-0.051749716474626,0,20252.497137266
0.60722231932427,-0.05100987978605,0,40117.711002412,6.8245516353539e-05,0,33234.523665703,-77268.574074794,-376375.28338182,-0.00021572703459719,103117.36650237,-0.05465927133465,2648.3773316599,134545.55113812,213338.21321278,-7.5474045165251e-05,0,35573.739563029,-0.052124189037203,0,20398.388143489
0.61242218910569,-0.051455017663053,0,40456.510524136,6.9071679059294e-05,0,33515.83129356,-77761.928732294,-379743.90995344,-0.00023015256838622,103888.67728922,-0.055135702927827,2672.8778186325,135410.6587611,215114.49034973,-7.5972664723011e-05,0,35875.507070702,-0.052578667932485,0,20561.000764113
0.61554211097454,-0.051716602356612,0,40663.068162071,6.9450716546057e-05,0,33686.719277823,-78192.92540001,-381587.05717944,-0.00023201733062994,104442.57352577,-0.055416018442062,2686.5279421825,136122.21647616,216086.38143251,-7.6319516033831e-05,0,36058.862314686,-0.052845998762006,0,20667.23452642
0.6186620328434,-0.051981212146084,0,40869.344091172,6.9822027861401e-05,0,33857.457106154,-78613.613149052,-383510.45860199,-0.00023501149004228,104990.92079449,-0.055699346708858,2700.3003653843,136827.83526512,217100.59070512,-7.6679618610858e-05,0,36241.883214138,-0.053116340479101,0,20772.734243833
0.62240593908602,-0.052298486011476,0,41116.54101415,7.0293444133373e-05,0,34061.960821463,-79108.503485648,-385809.62161342,-0.00023880711346485,105628.18426259,-0.056039067881402,2716.788994365,137656.64633983,218312.93887317,-7.709366020526e-05,0,36461.455034875,-0.053440479007846,0,20898.373650253
0.62689862657717,-0.052679416193595,0,41413.49835287,7.0827815047498e-05,0,34307.843131315,-79709.430039983,-388572.58937779,-0.00024350363798001,106418.50772563,-0.056446979835747,2736.5540715696,138664.58007562,219769.85077204,-7.7614431277472e-05,0,36724.872785793,-0.053829659782434,0,21050.115076346
0.63228985156655,-0.053143277760835,0,41767.369613711,7.1055969854298e-05,0,34592.294457264,-80635.650597697,-392067.02807222,-0.000253630633964,107422.97500505,-0.056944414677794,2774.1273191939,139637.1514584,221612.46393023,-7.8614969440786e-05,0,37047.880071581,-0.054303399514597,0,21237.465055682
0.63875932155381,-0.053693633809642,0,42190.572189161,7.1861924581126e-05,0,34948.610213332,-81188.469063357,-396084.14254397,-0.00026349576626814,108266.1957983,-0.05753381736277,2812.1251479292,140024.59463725,223730.68681615,-7.9470487735406e-05,0,37418.626439131,-0.05486540683099,0,21438.685539722
0.64652268553851,-0.054354573308592,0,42701.675432229,7.2731558326188e-05,0,35370.138584798,-82267.349299138,-400902.21220671,-0.00027271284465036,109588.96492726,-0.058241552125764,2843.1010645757,142202.83045204,226271.25535875,-8.0480954932318e-05,0,37874.956234682,-0.055540513285154,0,21694.470018749
0.65118070392933,-0.054745082431394,0,43010.27540693,7.3275205218194e-05,0,35625.762387203,-82899.264842026,-403653.49266653,-0.00027544382000992,110420.26818467,-0.058659997984501,2861.4852258061,143233.38166219,227722.00487444,-8.1020746357271e-05,0,38148.453802894,-0.055939606325852,0,21853.195211618
0.65583872232016,-0.055141478386138,0,43318.076611155,7.3814407554894e-05,0,35880.415359006,-83502.216143895,-406533.36462682,-0.00027944806921562,111241.58882839,-0.059084496418322,2881.6091788286,144268.19804802,229240.56065716,-8.1575201559841e-05,0,38421.991602772,-0.056344551244214,0,22010.039249069
0.66142834438915,-0.055625110405156,0,43684.576005704,7.4475182342433e-05,0,36186.762223572,-84077.068651692,-410141.3711382,-0.00029081146723749,112102.07286366,-0.059602034574159,2906.354539182,144954.40692392,231143.05947747,-8.228416766269e-05,0,38744.267768298,-0.056838317472831,0,22191.754416046
0.66478211763054,-0.055906277982328,0,43906.247671089,7.4819330288611e-05,0,36369.577639939,-84482.372796785,-412121.99237893,-0.00029260845977777,112674.69738776,-0.059903347889823,2920.4997752756,145718.45407736,232187.4405749,-8.2733614633566e-05,0,38941.745556123,-0.057125644297676,0,22304.60262226
0.66813589087193,-0.056192227914867,0,44128.060823723,7.5217278045576e-05,0,36553.122055839,-84919.561948667,-414195.67112698,-0.00029578507192779,113259.32263147,-0.060209564101054,2934.9659964595,146479.14224901,233280.89063756,-8.3119643122155e-05,0,39138.780883035,-0.057417754822874,0,22417.773348612
0.6721604187616,-0.056534678923507,0,44393.776031029,7.568042457289e-05,0,36772.932072519,-85420.216009908,-416671.11657689,-0.00029981528670432,113948.55816605,-0.060576325676986,2951.9983194189,147414.19472974,234586.19207117,-8.3606553169822e-05,0,39374.948281852,-0.057767580484039,0,22552.581482503
0.67698985222921,-0.056945696888616,0,44713.044064455,7.6273149048158e-05,0,37037.270033899,-86070.767838796,-419642.49512813,-0.00030479271726817,114790.05180201,-0.061016445605997,2973.5370190576,148462.19299807,236152.99905562,-8.4146010690984e-05,0,39658.29736195,-0.058187463868875,0,22715.357770843
0.68278517239034,-0.057448705778599,0,45091.584631659,7.6729942156589e-05,0,37351.671827983,-86730.716092275,-423390.14831656,-0.00032061398882328,115655.29420658,-0.061554796560965,2999.2698330853,149570.38650766,238129.13577304,-8.5150212819192e-05,0,39993.780931575,-0.058700909901408,0,22899.34376858
0.68973955658369,-0.058043018138994,0,45550.262371756,7.7192171568805e-05,0,37733.370388186,-87528.241400111,-427701.23768749,-0.00033102834569344,116751.84701361,-0.06219108312032,3028.232471595,151369.25273176,240402.37309993,-8.6355721246893e-05,0,40397.607197988,-0.059307935842149,0,23130.85843784
0.6939121870997,-0.058392772909762,0,45826.458760255,7.7723926478531e-05,0,37961.704506148,-88079.201863968,-430164.63121298,-0.00033346993970805,117480.17868949,-0.06256586805388,3046.4199850903,152316.30377592,241701.31990135,-8.6797974086086e-05,0,40642.832592296,-0.05966537509514,0,23272.956608395
0.69808481761571,-0.058749175743085,0,46102.499782862,7.8197152652528e-05,0,38190.170967278,-88642.990163887,-432741.9935341,-0.00033735780601796,118215.77454819,-0.062947468073993,3064.5073515097,153280.39604,243060.36260581,-8.7298234227916e-05,0,40887.895120434,-0.060029446570823,0,23414.146899326
0.70309197423493,-0.059175939253903,0,46433.365312079,7.8788211977774e-05,0,38464.038752975,-89291.859186053,-435818.61848446,-0.00034253515204617,119085.78341025,-0.063404533183852,3086.2189529154,154410.12125211,244682.66628538,-8.7882888977431e-05,0,41181.802689961,-0.060465396961793,0,23582.561080462
0.70910056217798,-0.059699598828978,0,46827.002551042,7.9037914771018e-05,0,38791.4531152,-89961.987171516,-439701.49276255,-0.00036129120246124,119948.73355593,-0.063965387036888,3111.6245019132,155678.26446131,246730.10355717,-8.9131308091295e-05,0,41529.458607092,-0.060999908548381,0,23774.909110173
0.71631086770965,-0.06031727983646,0,47303.540048637,7.9251771572607e-05,0,39186.705330896,-90804.787117198,-444175.12758624,-0.00037208268462986,121041.80532516,-0.064626910701399,3140.6717417119,157342.64919952,249089.04896775,-9.0651254794166e-05,0,41949.586975171,-0.061630793624325,0,24015.350250227
0.72496323434765,-0.061058745416261,0,47872.705793345,8.0203395269909e-05,0,39657.230117994,-91926.92409295,-449539.63107927,-0.00038430828132813,122533.78713503,-0.065420871940381,3173.7743363032,159258.70937526,251917.75091727,-9.1763472236624e-05,0,42456.815421516,-0.06238803188567,0,24301.427294595
0.73534607431326,-0.061948864365546,0,48556.180729303,8.1815571323014e-05,0,40227.168743185,-93478.267960986,-455974.92115486,-0.00039972089047555,124404.12054801,-0.066373856851354,3230.9220090454,161545.40059263,255311.07933492,-9.259206966338e-05,0,43060.36500877,-0.063297108721729,0,24647.889057346
0.74157577829262,-0.062483280962652,0,48964.714937513,8.2056299755155e-05,0,40564.968203002,-93928.630454687,-459838.58969428,-0.00040885599740661,125278.15685649,-0.066946518881347,3252.4428136653,163265.31408891,257348.39056812,-9.3898721980986e-05,0,43423.875655611,-0.063842804787676,0,24847.492135362
0.74780548227198,-0.063017857173391,0,49376.662715813,8.3195898661306e-05,0,40904.442889666,-94739.907732696,-463702.37917664,-0.00041775747235683,126208.06620083,-0.06751913275764,3277.5415717001,164505.50035248,259385.7660707,-9.4236416472009e-05,0,43790.530530137,-0.064388828184368,0,25058.894551207
0.75528112704721,-0.063659610805022,0,49869.117193624,8.429185649469e-05,0,41312.794164419,-95811.412235066,-468341.5148503,-0.00042882873672815,127473.85947057,-0.06820654918941,3302.1794036229,166410.74679476,261831.98136075,-9.4924340432005e-05,0,44228.362051211,-0.06504421982114,0,25305.654799984
0.76425190077749,-0.064430256259253,0,50459.414354782,8.473546660214e-05,0,41797.098267852,-96891.958021679,-473908.8391779,-0.00044123406317167,129022.22276578,-0.069032365035427,3355.1420541844,167412.55577104,264767.62967041,-9.6624865900408e-05,0,44758.469083394,-0.065831204439803,0,25600.936333723
0.77501682925383,-0.065355444980471,0,51169.489953303,8.672489384581e-05,0,42392.531000935,-98545.404827957,-480586.94818665,-0.00045797165275161,130997.95363549,-0.070022784360858,3405.6159761153,169982.87155533,268288.99592695,-9.7130807690915e-05,0,45381.988752197,-0.066776082772688,0,25961.885714786
0.78793474342543,-0.066466357896364,0,52015.484470175,8.8319688638543e-05,0,43091.902928729,-99903.273437914,-488596.23310362,-0.00047729129180416,133028.4625521,-0.071212280981187,3453.9600980062,173325.76060853,272512.29082978,-9.8732369816327e-05,0,46138.377809224,-0.067910348895409,0,26373.910368697
0.80343624043135,-0.067799887317662,0,53035.511039386,9.0604905994567e-05,0,43937.072563131,-101990.02386831,-498205.69554183,-0.00050156742888317,135658.78446197,-0.072640652854919,3513.7663965124,176942.32518051,277579.35914357,-0.000100157364562,0,47045.877210244,-0.069272132038787,0,26885.388555695
0.82203803683846,-0.069401974376895,0,54260.609942506,9.2025904868785e-05,0,44947.190270359,-104294.46478884,-509740.3236398,-0.00053471228088498,138912.22440197,-0.0743576754044,3610.1242667878,180035.90549365,283661.56576785,-0.00010315276088101,0,48139.277938485,-0.070908156532638,0,27502.922695759
0.84436019252699,-0.071325969351844,0,55726.732489433,9.4892048504443e-05,0,46166.242720849,-107175.53558739,-523581.06106254,-0.00057814855489922,142677.79309918,-0.076418140824425,3709.0115891184,184585.92965597,290959.78503698,-0.00010566558298997,0,49440.917708972,-0.072872664524234,0,28227.9015578
0.87114677935323,-0.073636021441475,0,57490.787653309,9.8214278317369e-05,0,47637.902545142,-110651.46577521,-540186.16852457,-0.00063270279626681,147281.2717196,-0.078893981365887,3827.0389278357,191446.92750813,299715.65655781,-0.00010867179228686,0,50997.77693099,-0.075231568400758,0,29116.739291367
0.88721873144897,-0.075023562299129,0,58547.356397034,9.9606755986622e-05,0,48510.690450773,-112585.22134944,-550145.04783568,-0.00066912111612182,149561.60645467,-0.080381239885178,3885.3312025466,195105.98370309,304966.97259792,-0.0001111982821251,0,51936.781493664,-0.07664834449458,0,29645.068846649
0.89525470749684,-0.07570583030018,0,59078.471419779,0.00010012826442302,0,48950.010697564,-113574.56822213,-554989.82164197,-0.00068197609040085,150930.16506341,-0.08111262864189,3925.1557157153,196669.27810821,307521.6204949,-0.00011256468249108,0,52407.677647493,-0.077345358916861,0,29916.587226437
0.90329068354471,-0.076411999038013,0,59603.738841442,0.00010062310712012,0,49382.759908159,-114638.96159894,-560106.76341,-0.00070635168552423,152217.06419414,-0.08186993021891,3964.6666268508,197146.81983352,310219.78325379,-0.00011405758874341,0,52879.536753382,-0.078065987488378,0,30171.381845135
0.91293385480216,-0.077245154237694,0,60236.104197426,0.00010182179015098,0,49908.757883121,-115847.70849764,-566083.51216019,-0.00072840520513544,153837.68964768,-0.082763113083362,4005.0084306742,199189.78567769,313371.32242681,-0.000115192930792,0,53441.612474828,-0.0789166066095,0,30483.09429737
0.92450566031109,-0.078244881400005,0,60995.898596997,0.00010380934629113,0,50545.089503655,-117234.88899923,-573254.23740181,-0.00075425428746698,155880.56175875,-0.083834697750698,4062.3447314185,202683.53311335,317152.44585784,-0.00011593477802663,0,54111.805370131,-0.079937351748837,0,30863.237820252
0.93839182692182,-0.079445056699306,0,61905.253059693,0.0001058201806689,0,51299.460176546,-119084.36098251,-581857.75072966,-0.00078481528740191,158142.54238096,-0.085121627676026,4108.8841393015,206235.43322953,321689.07797741,-0.0001173279392767,0,54922.696166098,-0.081162633711856,0,31309.002818355
0.95505522685468,-0.080885673877128,0,62998.416662705,0.00010752660425852,0,52204.532163307,-121264.9551814,-592182.35845838,-0.00081942667000529,161041.92282247,-0.086667491681487,4192.0740709855,209689.78337391,327133.24292039,-0.0001196000495159,0,55897.809727153,-0.082633509825337,0,31856.802723253
0.97505130677412,-0.082615409662925,0,64308.716382947,0.00010955423558572,0,53294.869387555,-123616.53730751,-604569.16878863,-0.0008623697743509,164352.52508169,-0.088522913683316,4288.1333981448,213398.25331619,333664.80737469,-0.00012243126061386,0,57060.92264139,-0.084399435888782,0,32503.910209696
0.99904660267744,-0.084692466575439,0,65881.592389989,0.00011255051942306,0,54600.11361064,-126804.72473785,-619428.4926018,-0.00091268317144799,168427.2196567,-0.090751664975322,4392.528852204,218179.35828255,341500.12746521,-0.00012525329933532,0,58460.216290661,-0.086519986555509,0,33286.254089139
1.0278409577614,-0.084692466575439,0,65881.592389989,0.00011255051942306,0,54600.11361064,-126804.72473785,-619428.4926018,-0.00091268317144799,168427.2196567,-0.090751664975322,4392.528852204,218179.35828255,341500.12746521,-0.00012525329933532,0,58460.216290661,-0.086519986555509,0,33286.254089139
1.0623941838622,-0.084692466575439,0,65881.592389989,0.00011255051942306,0,54600.11361064,-126804.72473785,-619428.4926018,-0.00091268317144799,168427.2196567,-0.090751664975322,4392.528852204,218179.35828255,341500.12746521,-0.00012525329933532,0,58460.216290661,-0.086519986555509,0,33286.254089139
1.1038580551832,-0.084692466575439,0,65881.592389989,0.00011255051942306,0,54600.11361064,-126804.72473785,-619428.4926018,-0.00091268317144799,168427.2196567,-0.090751664975322,4392.528852204,218179.35828255,341500.12746521,-0.00012525329933532,0,58460.216290661,-0.086519986555509,0,33286.254089139
1.1536147007683,-0.084692466575439,0,65881.592389989,0.00011255051942306,0,54600.11361064,-126804.72473785,-619428.4926018,-0.00091268317144799,168427.2196567,-0.090751664975322,4392.528852204,218179.35828255,341500.12746521,-0.00012525329933532,0,58460.216290661,-0.086519986555509,0,33286.254089139
1.2133226754705,-0.084692466575439,0,65881.592389989,0.00011255051942306,0,54600.11361064,-126804.72473785,-619428.4926018,-0.00091268317144799,168427.2196567,-0.090751664975322,4392.528852204,218179.35828255,341500.12746521,-0.00012525329933532,0,58460.216290661,-0.086519986555509,0,33286.254089139
1.2849722451131,-0.084692466575439,0,65881.592389989,0.00011255051942306,0,54600.11361064,-126804.72473785,-619428.4926018,-0.00091268317144799,168427.2196567,-0.090751664975322,4392.528852204,218179.35828255,341500.12746521,-0.00012525329933532,0,58460.216290661,-0.086519986555509,0,33286.254089139
1.3709517286842,-0.084782900164642,0,66025.004744121,0.00011219620282497,0,54726.381127366,-127168.75362539,-620018.51082939,-0.00091296785998093,169363.0646786,-0.090840604070174,4393.9963526955,219351.50466423,341811.24408582,-0.00012492781689234,0,58594.843127558,-0.086614573511943,0,33401.527190507
1.4741271089695,-0.084782900164642,0,66025.004744121,0.00011219620282497,0,54726.381127366,-127168.75362539,-620018.51082939,-0.00091296785998093,169363.0646786,-0.090840604070174,4393.9963526955,219351.50466423,341811.24408582,-0.00012492781689234,0,58594.843127558,-0.086614573511943,0,33401.527190507
1.5979375653119,-0.084782900164642,0,66025.004744121,0.00011219620282497,0,54726.381127366,-127168.75362539,-620018.51082939,-0.00091296785998093,169363.0646786,-0.090840604070174,4393.9963526955,219351.50466423,341811.24408582,-0.00012492781689234,0,58594.843127558,-0.086614573511943,0,33401.527190507
1.7465101129228,-0.084782900164642,0,66025.004744121,0.00011219620282497,0,54726.381127366,-127168.75362539,-620018.51082939,-0.00091296785998093,169363.0646786,-0.090840604070174,4393.9963526955,219351.50466423,341811.24408582,-0.00012492781689234,0,58594.843127558,-0.086614573511943,0,33401.527190507
1.9247971700559,-0.084782900164642,0,66025.004744121,0.00011219620282497,0,54726.381127366,-127168.75362539,-620018.51082939,-0.00091296785998093,169363.0646786,-0.090840604070174,4393.9963526955,219351.50466423,341811.24408582,-0.00012492781689234,0,58594.843127558,-0.086614573511943,0,33401.527190507
2.1387416386156,-0.084782900164642,0,66025.004744121,0.00011219620282497,0,54726.381127366,-127168.75362539,-620018.51082939,-0.00091296785998093,169363.0646786,-0.090840604070174,4393.9963526955,219351.50466423,341811.24408582,-0.00012492781689234,0,58594.843127558,-0.086614573511943,0,33401.527190507
2.3954750008872,-0.084782900164642,0,66025.004744121,0.00011219620282497,0,54726.381127366,-127168.75362539,-620018.51082939,-0.00091296785998093,169363.0646786,-0.090840604070174,4393.9963526955,219351.50466423,341811.24408582,-0.00012492781689234,0,58594.843127558,-0.086614573511943,0,33401.527190507
2.7035550356131,-0.084782900164642,0,66025.004744121,0.00011219620282497,0,54726.381127366,-127168.75362539,-620018.51082939,-0.00091296785998093,169363.0646786,-0.090840604070174,4393.9963526955,219351.50466423,341811.24408582,-0.00012492781689234,0,58594.843127558,-0.086614573511943,0,33401.527190507
3.0732510772842,-0.084873321929111,0,66675.459002865,0.00010854106823254,0,55338.972519358,-131746.2100923,-620278.58894698,-0.00091296785998093,176381.74612652,-0.090871951969911,4401.9534361321,228878.69908327,341948.38460474,-0.00012114424677423,0,59229.029149593,-0.086724443772487,0,34093.360552404
3.5168863272896,-0.084873321929111,0,66675.459002865,0.00010854106823254,0,55338.972519358,-131746.2100923,-620278.58894698,-0.00091296785998093,176381.74612652,-0.090871951969911,4401.9534361321,228878.69908327,341948.38460474,-0.00012114424677423,0,59229.029149593,-0.086724443772487,0,34093.360552404
4.049248627296,-0.084890154735727,0,66793.273674065,0.00010783063924695,0,55447.759399552,-132232.10559412,-620321.57235107,-0.00091296785998093,177960.13104237,-0.09087768950619,4399.7489543498,230612.88265088,341971.0500822,-0.00012046837213007,0,59346.283938221,-0.086744850234368,0,34228.252846349
4.6880833873037,-0.084908481335236,0,66919.495198447,0.00010709912983482,0,55567.290228216,-132683.39812048,-620369.20258049,-0.00091296785998093,179493.17726441,-0.090883955127526,4412.1319427448,232412.02251622,341996.16580247,-0.00011975234742206,0,59472.109078423,-0.086766938086238,0,34364.014039258
5.0713842433084,-0.084972454578541,0,67349.255293745,0.00010457635759802,0,55971.310692559,-135574.91788304,-620535.72509064,-0.00091296785998093,183299.14897566,-0.090905736097003,4584.6021854927,239461.67792175,342083.97439677,-0.00011745912344391,0,59918.367081229,-0.08684348546548,0,34792.063878552
5.454685099313,-0.084972454578541,0,67349.255293745,0.00010457635759802,0,55971.310692559,-135574.91788304,-620535.72509064,-0.00091296785998093,183299.14897566,-0.090905736097003,4584.6021854927,239461.67792175,342083.97439677,-0.00011745912344391,0,59918.367081229,-0.08684348546548,0,34792.063878552
5.9146461265185,-0.084990861684519,0,67477.261655248,0.00010381002936177,0,56094.930427083,-136856.427378,-620581.96210114,-0.00091296785998093,185092.32557729,-0.090912186942925,4635.8613559356,241371.2006719,342108.35533824,-0.00011668242763652,0,60041.599504277,-0.086865778594255,0,34942.504421159
6.4665993591652,-0.085000167045892,0,67541.576878165,0.00010341824932019,0,56156.293072313,-137699.03822089,-620605.70846241,-0.00091296785998093,185983.88405805,-0.090915435845235,4665.6948240874,242548.82129002,342120.87690257,-0.00011629922024276,0,60104.909743284,-0.08687703056894,0,35017.569094027
7.1289432383412,-0.085036768003102,0,67766.329724306,0.00010212421745283,0,56383.867177107,-137874.17452589,-620696.98531617,-0.00091296785998093,187728.88701768,-0.090928630641642,4715.2565243555,244530.39068233,342169.00728945,-0.00011516651357969,0,60334.212310491,-0.08691999580961,0,35215.425810661
7.9237558933524,-0.085077805867371,0,68022.175853802,0.00010069105705989,0,56644.698006463,-138539.54696441,-620802.80202804,-0.00091296785998093,189451.04010497,-0.090943474781765,4762.7079198727,245422.48119134,342224.80463157,-0.00011380095725709,0,60592.991573735,-0.086968292460407,0,35444.094344234
8.8775310793658,-0.08509244326503,0,68128.517667177,0.00010004369061908,0,56746.273884724,-140605.59617867,-620842.63453343,-0.00091296785998093,191253.64048124,-0.090948600231172,4824.7051296474,247827.98544186,342245.80848036,-0.00011311283369323,0,60695.889079037,-0.086986196634164,0,35577.652741745
10.022061302582,-0.085159440018828,0,68535.802789117,9.7802683163145e-05,0,57166.899403922,-141298.19698356,-621022.07243887,-0.00091296785998093,193452.39703357,-0.090973922745162,4885.6946263319,251136.09764381,342340.42645221,-0.00011087288547182,0,61111.096544004,-0.087064649747994,0,35933.271195382
11.395497570441,-0.085228934174384,0,68996.753293224,9.480688561193e-05,0,57603.125546571,-147641.72284855,-621210.07476775,-0.00091296785998093,199404.45053535,-0.090999810351116,5132.9068671166,260078.78898391,342439.56115414,-0.00010818342219309,0,61587.890607944,-0.087147969481975,0,36468.011631734
11.60151301062,-0.085228934174384,0,68996.753293224,9.480688561193e-05,0,57603.125546571,-147641.72284855,-621210.07476775,-0.00091296785998093,199404.45053535,-0.090999810351116,5132.9068671166,260078.78898391,342439.56115414,-0.00010818342219309,0,61587.890607944,-0.087147969481975,0,36468.011631734
11.653016870665,-0.085228934174384,0,68996.753293224,9.480688561193e-05,0,57603.125546571,-147641.72284855,-621210.07476775,-0.00091296785998093,199404.45053535,-0.090999810351116,5132.9068671166,260078.78898391,342439.56115414,-0.00010818342219309,0,61587.890607944,-0.087147969481975,0,36468.011631734
11.678768800687,-0.085232049440412,0,69019.886798771,9.4649434568938e-05,0,57624.457548679,-148185.87652252,-621218.69988559,-0.00091296785998093,199858.91419402,-0.09100091805848,5150.9309017451,260837.4494214,342444.10923225,-0.00010803663726415,0,61610.874508947,-0.087151808806153,0,36499.554822351
11.70452073071,-0.085236599621896,0,69053.649390407,9.4422019093543e-05,0,57655.725676148,-148970.57059641,-621231.29381294,-0.00091296785998093,200523.80846949,-0.0910025386311,5176.9140536942,261921.98629881,342450.75008692,-0.00010782011796341,0,61644.3005116,-0.087157415420318,0,36545.575340314
11.735423046736,-0.085241379654017,0,69088.958078141,9.418624030032e-05,0,57688.559790459,-149776.79122056,-621244.5357699,-0.00091296785998093,201213.56020698,-0.091004249031173,5203.6334964468,263032.02137356,342457.73264884,-0.00010759245251386,0,61679.207371542,-0.087163298602371,0,36593.502102146
11.753964436353,-0.085244964148507,0,69115.434046301,9.400705984426e-05,0,57713.054312671,-150390.5428457,-621254.44574855,-0.00091296785998093,201729.97117447,-0.091005528510646,5224.0224969969,263887.6410582,342462.958243,-0.0001074239483352,0,61705.51327894,-0.087167710706249,0,36629.498455078
11.772505825969,-0.085248538787719,0,69141.81376408,9.3830105684118e-05,0,57737.516898227,-150999.84340029,-621264.32466249,-0.00091296785998093,202245.12659312,-0.091006807697757,5244.2638438256,264734.15700447,342468.16745488,-0.00010725414885131,0,61731.696301313,-0.087172109838666,0,36665.373772496
11.783630659738,-0.085251599099812,0,69164.320292496,9.3682760313265e-05,0,57758.573002594,-151504.32494371,-621272.78639674,-0.00091296785998093,202683.78248196,-0.091007908909422,5260.9947952663,265422.7953707,342472.62937494,-0.00010710611918755,0,61753.885675248,-0.087175872604375,0,36695.869013097
11.794755493508,-0.085254568489805,0,69186.276661909,9.3536452885975e-05,0,57778.975466207,-152014.56569659,-621280.9689662,-0.00091296785998093,203118.51901966,-0.091008971623571,5277.9114570957,266126.3892543,342476.9440936,-0.00010696313727372,0,61775.607594319,-0.087179529179697,0,36725.893339328
11.808105294032,-0.085257220500741,0,69205.85583382,9.3405863269939e-05,0,57797.153516643,-152470.77954907,-621288.27613433,-0.00091296785998093,203504.89863598,-0.091009922802764,5293.0416225848,266758.07199798,342480.79720702,-0.00010683575405721,0,61795.009261719,-0.087182793834832,0,36752.657359385
11.82412505466,-0.085260902258517,0,69232.763369403,9.3225668604603e-05,0,57822.16652661,-153079.84106959,-621298.44182033,-0.00091296785998093,204020.93592475,-0.091011245827406,5313.3820152739,267610.00186026,342486.15763707,-0.00010666390190156,0,61821.796784988,-0.087187314142731,0,36788.943699795
11.833736911037,-0.085260902258517,0,69232.763369403,9.3225668604603e-05,0,57822.16652661,-153079.84106959,-621298.44182033,-0.00091296785998093,204020.93592475,-0.091011245827406,5313.3820152739,267610.00186026,342486.15763707,-0.00010666390190156,0,61821.796784988,-0.087187314142731,0,36788.943699795
11.843348767414,-0.085266339632156,0,69272.617370859,9.2951416710069e-05,0,57858.788592481,-153993.65477465,-621313.41938385,-0.00091296785998093,204751.84537781,-0.091013193075911,5342.911544735,268924.72233759,342494.05540525,-0.00010641566821569,0,61861.834687574,-0.087193995130659,0,36842.925439135
11.854882995066,-0.085271182339732,0,69308.024132947,9.2707670781074e-05,0,57891.303851964,-154807.95370497,-621326.73880939,-0.00091296785998093,205400.62514798,-0.091014928287215,5369.2896323995,270101.5156495,342501.07882907,-0.00010619535714354,0,61897.468943878,-0.087199942427284,0,36890.869418473
11.868724068249,-0.085271182339732,0,69308.024132947,9.2707670781074e-05,0,57891.303851964,-154807.95370497,-621326.73880939,-0.00091296785998093,205400.62514798,-0.091014928287215,5369.2896323995,270101.5156495,342501.07882907,-0.00010619535714354,0,61897.468943878,-0.087199942427284,0,36890.869418473
11.885333356068,-0.085275374323521,0,69338.954114707,9.2500149465385e-05,0,57920.068440183,-155532.97854349,-621338.22723941,-0.00091296785998093,205941.71210023,-0.09101643040199,5390.1301032766,270964.49272617,342507.13675284,-0.00010599572593816,0,61928.169561897,-0.087205100553552,0,36932.773628615
11.905264501452,-0.085281149799599,0,69381.524140632,9.2217606881812e-05,0,57959.838976465,-156507.97410114,-621354.04036032,-0.00091296785998093,206682.67866563,-0.091018503512644,5418.2297685113,272119.53662465,342515.47511119,-0.00010571849277192,0,61970.295360171,-0.087212204574982,0,36990.301703552
11.929181875912,-0.08528720420417,0,69426.142903042,9.1924733694264e-05,0,58001.839460581,-157505.31293397,-621370.60123168,-0.00091296785998093,207464.07223291,-0.09102069025348,5446.5745963251,273266.62549937,342524.20774905,-0.00010542464044146,0,62014.077172796,-0.087219651661577,0,37050.711183056
11.957882725264,-0.085295353094598,0,69486.140058052,9.1532018542541e-05,0,58058.406600676,-158843.43462603,-621392.86204842,-0.00091296785998093,208516.03787501,-0.091023638601698,5484.6125947513,274802.82232701,342535.94599702,-0.00010502822897926,0,62072.890536146,-0.087229673220667,0,37132.010728335
11.992323744486,-0.085304178769736,0,69550.589123702,9.110735539352e-05,0,58119.094883404,-160273.33736827,-621416.96073705,-0.00091296785998093,209630.67877619,-0.091026835085071,5525.6441185814,276471.67651469,342548.65337644,-0.00010460820599096,0,62136.435102228,-0.087240506097699,0,37218.76678094
12.033652967553,-0.085304178769736,0,69550.589123702,9.110735539352e-05,0,58119.094883404,-160273.33736827,-621416.96073705,-0.00091296785998093,209630.67877619,-0.091026835085071,5525.6441185814,276471.67651469,342548.65337644,-0.00010460820599096,0,62136.435102228,-0.087240506097699,0,37218.76678094
12.083248035233,-0.085304178769736,0,69550.589123702,9.110735539352e-05,0,58119.094883404,-160273.33736827,-621416.96073705,-0.00091296785998093,209630.67877619,-0.091026835085071,5525.6441185814,276471.67651469,342548.65337644,-0.00010460820599096,0,62136.435102228,-0.087240506097699,0,37218.76678094
12.142762116449,-0.085304178769736,0,69550.589123702,9.110735539352e-05,0,58119.094883404,-160273.33736827,-621416.96073705,-0.00091296785998093,209630.67877619,-0.091026835085071,5525.6441185814,276471.67651469,342548.65337644,-0.00010460820599096,0,62136.435102228,-0.087240506097699,0,37218.76678094
12.214179013909,-0.085304178769736,0,69550.589123702,9.110735539352e-05,0,58119.094883404,-160273.33736827,-621416.96073705,-0.00091296785998093,209630.67877619,-0.091026835085071,5525.6441185814,276471.67651469,342548.65337644,-0.00010460820599096,0,62136.435102228,-0.087240506097699,0,37218.76678094
12.29987929086,-0.08530954496449,0,69590.097394968,9.0843385614071e-05,0,58156.122183386,-161192.986084,-621431.64167286,-0.00091296785998093,210333.45333945,-0.091028780233441,5551.9170243749,277545.21101849,342556.39472594,-0.00010434971437821,0,62175.40048712,-0.087247108309538,0,37272.808023273
12.351299457031,-0.085313406045464,0,69618.706275162,9.0653495973215e-05,0,58183.069556221,-161857.86474625,-621442.19707953,-0.00091296785998093,210852.30658491,-0.091030184963428,5570.5675298146,278296.09376412,342561.96064805,-0.00010415989890073,0,62203.362137922,-0.087251866437268,0,37312.289058356
12.377009540117,-0.085318521514132,0,69656.512326307,9.0402957956957e-05,0,58218.696009673,-162730.60038822,-621456.18456527,-0.00091296785998093,211533.86759834,-0.091032045171567,5595.1902358781,279288.56084622,342569.33632781,-0.0001039094193207,0,62240.366253987,-0.087258166181376,0,37364.311204397
12.402719623202,-0.085323300795126,0,69691.857571086,9.016940499301e-05,0,58252.062983168,-163544.49645665,-621469.23912043,-0.00091296785998093,212173.07289478,-0.091033785762877,5618.0948740732,280208.33757192,342576.22006492,-0.00010367423045819,0,62274.893237016,-0.087264053006157,0,37413.033194884
12.433571722905,-0.085328960254238,0,69733.672671929,8.9891213484171e-05,0,58291.475896942,-164522.69141495,-621484.57821193,-0.00091296785998093,212935.52589935,-0.091035849019846,5645.5827901738,281315.22685138,342584.30844918,-0.00010339632513446,0,62315.776472564,-0.087271024717635,0,37470.983141759
12.452082982726,-0.085333081274345,0,69764.133153678,8.9689408360975e-05,0,58320.246941377,-165226.45953135,-621495.81467197,-0.00091296785998093,213488.64182992,-0.091037350516914,5665.3513097884,282108.35486644,342590.23349566,-0.00010319396238712,0,62345.523208921,-0.087276100573607,0,37513.074247069
12.470594242548,-0.085337786081313,0,69798.84324334,8.9459486408266e-05,0,58353.018686088,-166027.81558744,-621508.6372394,-0.00091296785998093,214116.03906891,-0.09103906574839,5687.9570710872,283017.86720864,342596.99490602,-0.00010296368523273,0,62379.488723455,-0.087281892747815,0,37560.954624687
12.492807754333,-0.085342493958725,0,69833.600178202,8.9226444637805e-05,0,58385.692649309,-166852.35181581,-621521.39949821,-0.00091296785998093,214749.50803997,-0.091040780029141,5711.2254010402,283961.89285594,342603.72451738,-0.00010273459257556,0,62413.614498179,-0.087287691282226,0,37609.176373656
12.519463968476,-0.085348031136383,0,69874.576071715,8.8954429790002e-05,0,58424.379710461,-167815.69296672,-621536.35362502,-0.00091296785998093,215502.32450129,-0.091042800183953,5738.2490764923,285047.46873206,342611.60990559,-0.00010246085731752,0,62453.613893207,-0.087294515534711,0,37666.253024892
12.535457696962,-0.085352905236172,0,69910.606365238,8.8715806788379e-05,0,58458.439599548,-168652.6255239,-621549.58892636,-0.00091296785998093,216159.22258055,-0.091044578920104,5761.7725133596,285991.37180295,342618.58895027,-0.00010222076233944,0,62488.812103294,-0.087300519697441,0,37716.233882249
12.551451425448,-0.085356835095804,0,69939.649248956,8.8522534619359e-05,0,58485.850349619,-169335.77657575,-621560.24438142,-0.00091296785998093,216690.68690601,-0.091046012995002,5780.9638626242,286764.46233251,342624.20762906,-0.00010202786003316,0,62517.223849596,-0.087305360979032,0,37756.616623784
12.570643899631,-0.085362195004233,0,69979.142786414,8.826021793573e-05,0,58523.166132602,-170252.53914616,-621574.77740652,-0.00091296785998093,217406.5739035,-0.091047971195708,5806.8715758381,287807.95013788,342631.87097143,-0.00010176616905699,0,62555.911597337,-0.087311958537618,0,37811.28958657
12.59367486865,-0.085366758180957,0,70012.778989532,8.8037621890501e-05,0,58555.046527759,-171035.47387706,-621587.05463391,-0.00091296785998093,218025.26983429,-0.091049643979819,5828.7539025813,288681.65670306,342638.34481338,-0.0001015408311814,0,62588.687134976,-0.087317577935697,0,37858.206450672
12.607493450062,-0.085371227233693,0,70045.72595208,8.7817613152669e-05,0,58586.131989224,-171812.5373232,-621599.1388788,-0.00091296785998093,218626.76039096,-0.091051276988326,5850.6645285095,289567.01880744,342644.71690122,-0.00010132288556198,0,62620.996969038,-0.08732308058587,0,37904.02768213
12.621312031474,-0.085385259803885,0,70148.59561284,8.7143412130925e-05,0,58684.231849929,-174109.36635947,-621637.09106642,-0.00091296785998093,220460.14196606,-0.091056424731352,5914.8466437774,292103.68397116,342664.72928583,-0.00010063611645983,0,62721.388582375,-0.087340328039801,0,38045.378122263
12.637894329168,-0.085385259803885,0,70148.59561284,8.7143412130925e-05,0,58684.231849929,-174109.36635947,-621637.09106642,-0.00091296785998093,220460.14196606,-0.091056424731352,5914.8466437774,292103.68397116,342664.72928583,-0.00010063611645983,0,62721.388582375,-0.087340328039801,0,38045.378122263
12.657793086401,-0.085385259803885,0,70148.59561284,8.7143412130925e-05,0,58684.231849929,-174109.36635947,-621637.09106642,-0.00091296785998093,220460.14196606,-0.091056424731352,5914.8466437774,292103.68397116,342664.72928583,-0.00010063611645983,0,62721.388582375,-0.087340328039801,0,38045.378122263
12.68167159508,-0.08539904751335,0,70249.958227649,8.6475132262127e-05,0,58780.774157398,-176393.56625092,-621674.22055308,-0.00091296785998093,222289.2979205,-0.091061481234799,5979.151182273,294654.6788829,342684.30785028,-9.9959699929074e-05,0,62820.294446156,-0.087357289343202,0,38185.724259257
12.710325805496,-0.08539904751335,0,70249.958227649,8.6475132262127e-05,0,58780.774157398,-176393.56625092,-621674.22055308,-0.00091296785998093,222289.2979205,-0.091061481234799,5979.151182273,294654.6788829,342684.30785028,-9.9959699929074e-05,0,62820.294446156,-0.087357289343202,0,38185.724259257
12.744710857994,-0.08541608858078,0,70374.897048139,8.5657576427197e-05,0,58900.254559347,-179183.68314667,-621720.03404292,-0.00091296785998093,224531.36634073,-0.091067749602799,6057.022027889,297720.02336205,342708.46552452,-9.9121856107649e-05,0,62942.038151446,-0.08737823785863,0,38358.344291049
12.785972920992,-0.08541608858078,0,70374.897048139,8.5657576427197e-05,0,58900.254559347,-179183.68314667,-621720.03404292,-0.00091296785998093,224531.36634073,-0.091067749602799,6057.022027889,297720.02336205,342708.46552452,-9.9121856107649e-05,0,62942.038151446,-0.08737823785863,0,38358.344291049
12.83548739659,-0.08543272027964,0,70496.698077244,8.4863266780319e-05,0,59016.987001066,-181894.93300672,-621764.70034565,-0.00091296785998093,226718.28701366,-0.091073879599479,6132.6813107576,300691.09687839,342732.01827535,-9.8302049396353e-05,0,63060.67352945,-0.087398677852104,0,38526.818385309
12.894904767307,-0.0854476433928,0,70605.757433291,8.4148541350177e-05,0,59121.493589555,-184340.03041951,-621804.6052283,-0.00091296785998093,228680.23081573,-0.091079386364677,6200.9465751371,303378.99766539,342753.06030958,-9.7570396564693e-05,0,63167.06672952,-0.087417011871104,0,38678.038633706
12.912729978522,-0.0854476433928,0,70605.757433291,8.4148541350177e-05,0,59121.493589555,-184340.03041951,-621804.6052283,-0.00091296785998093,228680.23081573,-0.091079386364677,6200.9465751371,303378.99766539,342753.06030958,-9.7570396564693e-05,0,63167.06672952,-0.087417011871104,0,38678.038633706
12.930555189737,-0.085525984569075,0,71174.824910459,8.0423006348177e-05,0,59667.77626257,-197084.61831557,-622012.80560757,-0.00091296785998093,238833.13051946,-0.091108413205227,6559.4706921905,317558.03854571,342862.84533746,-9.3756867262955e-05,0,63724.839119466,-0.087513126294476,0,39466.888724861
12.951945443196,-0.085525984569075,0,71174.824910459,8.0423006348177e-05,0,59667.77626257,-197084.61831557,-622012.80560757,-0.00091296785998093,238833.13051946,-0.091108413205227,6559.4706921905,317558.03854571,342862.84533746,-9.3756867262955e-05,0,63724.839119466,-0.087513126294476,0,39466.888724861
12.977613747345,-0.085525984569075,0,71174.824910459,8.0423006348177e-05,0,59667.77626257,-197084.61831557,-622012.80560757,-0.00091296785998093,238833.13051946,-0.091108413205227,6559.4706921905,317558.03854571,342862.84533746,-9.3756867262955e-05,0,63724.839119466,-0.087513126294476,0,39466.888724861
13.008415712325,-0.085525984569075,0,71174.824910459,8.0423006348177e-05,0,59667.77626257,-197084.61831557,-622012.80560757,-0.00091296785998093,238833.13051946,-0.091108413205227,6559.4706921905,317558.03854571,342862.84533746,-9.3756867262955e-05,0,63724.839119466,-0.087513126294476,0,39466.888724861
13.045378070301,-0.085525984569075,0,71174.824910459,8.0423006348177e-05,0,59667.77626257,-197084.61831557,-622012.80560757,-0.00091296785998093,238833.13051946,-0.091108413205227,6559.4706921905,317558.03854571,342862.84533746,-9.3756867262955e-05,0,63724.839119466,-0.087513126294476,0,39466.888724861
13.089732899872,-0.085525984569075,0,71174.824910459,8.0423006348177e-05,0,59667.77626257,-197084.61831557,-622012.80560757,-0.00091296785998093,238833.13051946,-0.091108413205227,6559.4706921905,317558.03854571,342862.84533746,-9.3756867262955e-05,0,63724.839119466,-0.087513126294476,0,39466.888724861
13.142958695357,-0.085525984569075,0,71174.824910459,8.0423006348177e-05,0,59667.77626257,-197084.61831557,-622012.80560757,-0.00091296785998093,238833.13051946,-0.091108413205227,6559.4706921905,317558.03854571,342862.84533746,-9.3756867262955e-05,0,63724.839119466,-0.087513126294476,0,39466.888724861
13.206829649939,-0.085525984569075,0,71174.824910459,8.0423006348177e-05,0,59667.77626257,-197084.61831557,-622012.80560757,-0.00091296785998093,238833.13051946,-0.091108413205227,6559.4706921905,317558.03854571,342862.84533746,-9.3756867262955e-05,0,63724.839119466,-0.087513126294476,0,39466.888724861
13.283474795438,-0.085525984569075,0,71174.824910459,8.0423006348177e-05,0,59667.77626257,-197084.61831557,-622012.80560757,-0.00091296785998093,238833.13051946,-0.091108413205227,6559.4706921905,317558.03854571,342862.84533746,-9.3756867262955e-05,0,63724.839119466,-0.087513126294476,0,39466.888724861
13.375448970036,-0.085525984569075,0,71174.824910459,8.0423006348177e-05,0,59667.77626257,-197084.61831557,-622012.80560757,-0.00091296785998093,238833.13051946,-0.091108413205227,6559.4706921905,317558.03854571,342862.84533746,-9.3756867262955e-05,0,63724.839119466,-0.087513126294476,0,39466.888724861
13.485817979554,-0.085555149683218,0,71386.460250878,7.9031815533601e-05,0,59871.080885339,-201910.42228528,-622089.80538533,-0.00091364264491909,242693.60492439,-0.091119340926279,6696.0717288492,322960.89645816,342903.44764366,-9.2324074005847e-05,0,63932.287084425,-0.087548925020969,0,39765.38996324
13.618260790976,-0.085580346483747,0,71570.061151164,7.7812305421481e-05,0,60046.976277326,-206253.43269886,-622156.1408661,-0.0009146216641087,246112.05425608,-0.091128759413154,6818.2714974269,327842.59665314,342938.42662144,-9.1087127688693e-05,0,64112.347998835,-0.087579891259249,0,40027.290094135
13.777192164681,-0.085609106824447,0,71781.861202241,7.6367183095909e-05,0,60248.297123519,-211623.92874213,-622232.32782535,-0.0009162951516378,250156.75903838,-0.091139446703564,6966.0659374853,333886.87602366,342978.60035306,-8.9684132622861e-05,0,64320.534626152,-0.087615335201757,0,40334.810513123
13.967909813128,-0.085640344516749,0,72011.322677008,7.4880161927757e-05,0,60472.252219564,-216851.6176479,-622315.8722281,-0.0009173816342135,254377.57189245,-0.091151158238538,7104.56956239,339191.77938942,343022.65358434,-8.8109482723287e-05,0,64542.366274052,-0.08765376064921,0,40661.07586738
14.196770991265,-0.085640344516749,0,72011.322677008,7.4880161927757e-05,0,60472.252219564,-216851.6176479,-622315.8722281,-0.0009173816342135,254377.57189245,-0.091151158238538,7104.56956239,339191.77938942,343022.65358434,-8.8109482723287e-05,0,64542.366274052,-0.08765376064921,0,40661.07586738
14.334087698147,-0.085672953891763,0,72250.536659747,7.3322987011639e-05,0,60705.152737688,-222335.01418118,-622403.38751156,-0.00091917801320048,258913.00124026,-0.091163526301708,7254.5769014146,345001.96897878,343068.8006383,-8.6458424956926e-05,0,64773.687873545,-0.087693890436469,0,41006.728641828
14.471404405029,-0.085672953891763,0,72250.536659747,7.3322987011639e-05,0,60705.152737688,-222335.01418118,-622403.38751156,-0.00091917801320048,258913.00124026,-0.091163526301708,7254.5769014146,345001.96897878,343068.8006383,-8.6458424956926e-05,0,64773.687873545,-0.087693890436469,0,41006.728641828
14.553794429158,-0.085697823365484,0,72431.707810065,7.2083649374084e-05,0,60877.971560913,-226751.83406859,-622470.51940585,-0.00092071912462786,262224.05262203,-0.091172862067522,7380.0267840171,350154.45102571,343104.19960693,-8.5283110174983e-05,0,64954.143281223,-0.087724436397099,0,41265.654684899
14.636184453287,-0.085721415361178,0,72602.535460376,7.0930256663896e-05,0,61042.182187933,-230848.9044249,-622533.80742179,-0.00092223436815442,265369.23500949,-0.091181758279825,7496.3389993637,354883.94123592,343137.57167323,-8.4159224430904e-05,0,65123.382704993,-0.087753380459788,0,41510.354138054
14.735052482242,-0.085750374271066,0,72813.259951553,6.9461324114577e-05,0,61242.256234934,-236414.33299241,-622611.04349062,-0.00092440200896741,269387.50119213,-0.091192626978734,7652.3676624541,361374.92925899,343178.29867006,-8.2797621882729e-05,0,65333.87017312,-0.08778897812634,0,41818.439758565
14.853694116988,-0.085773134603175,0,72977.321619254,6.8400770125375e-05,0,61403.869601777,-240190.36956447,-622671.67104407,-0.00092565167810313,272391.6227843,-0.091201336527316,7750.8936397958,365136.46047257,343210.26774218,-8.1674408009939e-05,0,65493.246257991,-0.087816866223108,0,42052.721011939
14.996064078683,-0.085801140412879,0,73183.322756052,6.7076654636199e-05,0,61608.218357823,-245283.46328918,-622746.469284,-0.00092711622453337,276378.43134898,-0.091212038675109,7874.1297979394,369686.79438964,343249.70899167,-8.0222351242823e-05,0,65689.98920872,-0.087851355348458,0,42355.169153209
15.166908032717,-0.085801140412879,0,73183.322756052,6.7076654636199e-05,0,61608.218357823,-245283.46328918,-622746.469284,-0.00092711622453337,276378.43134898,-0.091212038675109,7874.1297979394,369686.79438964,343249.70899167,-8.0222351242823e-05,0,65689.98920872,-0.087851355348458,0,42355.169153209
15.371920777558,-0.085830900927918,0,73400.468519554,6.567162763481e-05,0,61821.555074789,-250222.41141008,-622826.79303309,-0.00092922612843299,280575.85419574,-0.091223477257899,8013.6272134982,375107.07155085,343292.06391706,-7.8709532601206e-05,0,65900.098598566,-0.087887946815498,0,42674.383289384
15.494928424462,-0.085830900927918,0,73400.468519554,6.567162763481e-05,0,61821.555074789,-250222.41141008,-622826.79303309,-0.00092922612843299,280575.85419574,-0.091223477257899,8013.6272134982,375107.07155085,343292.06391706,-7.8709532601206e-05,0,65900.098598566,-0.087887946815498,0,42674.383289384
15.556432247915,-0.08585974253729,0,73610.460748465,6.4297683783171e-05,0,62027.398045593,-255395.85109109,-622905.01168955,-0.00093145409285675,284594.70111761,-0.091234574599611,8149.2298241138,380421.34156421,343333.30883319,-7.7268159076784e-05,0,66104.607734614,-0.087923384377232,0,42982.252752365
15.617936071367,-0.08585974253729,0,73610.460748465,6.4297683783171e-05,0,62027.398045593,-255395.85109109,-622905.01168955,-0.00093145409285675,284594.70111761,-0.091234574599611,8149.2298241138,380421.34156421,343333.30883319,-7.7268159076784e-05,0,66104.607734614,-0.087923384377232,0,42982.252752365
15.69174065951,-0.085896131165663,0,73874.939921097,6.2390804601546e-05,0,62276.629730354,-262421.61262373,-623003.12009274,-0.0009347524467465,289657.13677008,-0.091248321936028,8358.3165322321,389326.03026234,343385.04198506,-7.5616390462192e-05,0,66373.282597195,-0.087968111043821,0,43374.244648692
15.780306165281,-0.085896131165663,0,73874.939921097,6.2390804601546e-05,0,62276.629730354,-262421.61262373,-623003.12009274,-0.0009347524467465,289657.13677008,-0.091248321936028,8358.3165322321,389326.03026234,343385.04198506,-7.5616390462192e-05,0,66373.282597195,-0.087968111043821,0,43374.244648692
15.886584772207,-0.085917300877906,0,74027.758469806,6.1401918338101e-05,0,62428.240033152,-265987.98134058,-623060.51192529,-0.00093613977216315,292507.54182904,-0.091256514950088,8451.2606223491,392878.37362661,343415.3048542,-7.45664061278e-05,0,66521.785203159,-0.087994059445056,0,43595.989690536
15.950351936362,-0.085932486595883,0,74136.754841077,6.0688476352583e-05,0,62535.666396505,-268483.41511017,-623101.36229086,-0.00093737126749217,294567.18491611,-0.091262389297973,8521.4819375209,395639.03008595,343436.84538264,-7.382313560078e-05,0,66628.42335826,-0.088012660297066,0,43755.36362061
15.98223551844,-0.085932486595883,0,74136.754841077,6.0688476352583e-05,0,62535.666396505,-268483.41511017,-623101.36229086,-0.00093737126749217,294567.18491611,-0.091262389297973,8521.4819375209,395639.03008595,343436.84538264,-7.382313560078e-05,0,66628.42335826,-0.088012660297066,0,43755.36362061
15.998177309478,-0.085947382758532,0,74243.807598555,5.9995232409993e-05,0,62641.890344524,-270975.03035005,-623141.18520841,-0.00093858419415714,296617.00138638,-0.091268176287387,8588.6409649839,398219.34849771,343457.84409865,-7.3081174304766e-05,0,66732.293498479,-0.088030915810033,0,43912.936751409
16.000170033358,-0.085947382758532,0,74243.807598555,5.9995232409993e-05,0,62641.890344524,-270975.03035005,-623141.18520841,-0.00093858419415714,296617.00138638,-0.091268176287387,8588.6409649839,398219.34849771,343457.84409865,-7.3081174304766e-05,0,66732.293498479,-0.088030915810033,0,43912.936751409
16.002162757238,-0.085985555949089,0,74444.701752243,5.8969917542309e-05,0,62840.339773792,-275929.67434833,-623269.93333633,-0.00094132631317338,300537.02187524,-0.091298155644853,8743.22107827,403253.02548314,343525.73300716,-7.195336388219e-05,0,66926.876384027,-0.088075515263665,0,44199.561347427
16.004554025894,-0.086076492338993,0,74804.999287658,5.738120145476e-05,0,63181.557984865,-283807.23292398,-623613.9969533,-0.00094657416004191,306330.85183961,-0.09139044107297,9087.2350034311,414245.1160893,343707.15792334,-7.0869676935857e-05,0,67297.663358281,-0.088178042267365,0,44663.177001846
16.007423548281,-0.086129010881603,0,74938.976716507,5.7301350396382e-05,0,63312.832087948,-286364.61772609,-623836.23724646,-0.00094963233651402,308524.00537792,-0.091456900531418,9155.1421045189,417541.20145992,343824.34494154,-7.084546098619e-05,0,67431.679665,-0.088235031012417,0,44813.73793733
16.010866975145,-0.086190633797565,0,75102.040785061,5.7208938367154e-05,0,63472.348020917,-289524.06088286,-624101.81229169,-0.00095109707888649,311117.14846105,-0.091535708026936,9240.042790082,421458.73917704,343964.38241204,-7.0796792898975e-05,0,67594.592810479,-0.088302056172248,0,44993.477565215
16.014999087383,-0.086264398598069,0,75298.828786435,5.7080736730684e-05,0,63664.396913181,-293293.34457324,-624422.80515654,-0.00095174244357567,314227.80137115,-0.091630159286312,9335.4034512233,426156.00440396,344133.64182247,-7.0752281586293e-05,0,67791.417166962,-0.088382324904405,0,45208.983413729
16.019957622067,-0.086352732783017,0,75533.151515418,5.6972634492574e-05,0,63894.32704485,-297586.59146658,-624808.60670852,-0.00095197483333549,317865.24903207,-0.091743502729291,9455.6442097659,431514.86360526,344337.07490214,-7.069258402239e-05,0,68024.952762542,-0.088478384723683,0,45461.701762521
16.025907863689,-0.08645880942336,0,75815.587603953,5.6827148159083e-05,0,64171.239734047,-302635.80765152,-625272.16431695,-0.00095197483333549,322273.95404749,-0.091879561825201,9590.7512582402,438005.42103962,344581.50872658,-7.0610858242484e-05,0,68306.718655248,-0.088593775713683,0,45768.014133645
16.033048153635,-0.086586101781804,0,76153.217270682,5.668805342822e-05,0,64503.27013382,-308715.9639709,-625828.93487183,-0.00095197483333549,327451.51917113,-0.092042903731838,9761.9294414569,445563.80344098,344875.09373269,-7.0516378863071e-05,0,68642.888252278,-0.08873218196269,0,46129.720012976
16.04161650157,-0.086738889551087,0,76558.598952728,5.6503429759655e-05,0,64900.991033963,-315819.97000019,-626497.66901239,-0.00095197483333549,333747.24692583,-0.092239007064743,9965.9450120007,454655.28310752,345227.7170961,-7.0409727452191e-05,0,69047.130778404,-0.088898323832853,0,46566.366658324
16.051898519092,-0.086922344708027,0,77046.12929809,5.6278210898052e-05,0,65380.360501424,-324742.70827658,-627300.76407693,-0.00095197483333549,341239.13040004,-0.092474325912937,10208.380619297,465692.04435144,345651.18899702,-7.0272725725279e-05,0,69532.739934274,-0.089097826267565,0,47089.982272182
16.058067729606,-0.08703479759286,0,77337.299991029,5.6141781262507e-05,0,65665.039465044,-329892.57686785,-627796.45168588,-0.00095197483333549,345826.33655488,-0.092617493023571,10376.074471211,472557.91103658,345912.56513584,-7.0209272037057e-05,0,69824.036999138,-0.089219890683235,0,47405.689174348
16.064236940119,-0.087145649648335,0,77629.464035501,5.6008215824642e-05,0,65951.202874227,-335006.06768561,-628280.84329465,-0.00095197483333549,350387.32007002,-0.092759404546219,10537.695330712,479219.29356143,346167.98476806,-7.0126386541465e-05,0,70115.64941917,-0.089340376527297,0,47722.199132037
16.071639992735,-0.087283778175144,0,78008.363533429,5.565688652262e-05,0,66321.583586756,-342089.5563345,-628878.85037583,-0.00095197483333549,356259.68593024,-0.092932078156136,10750.330106271,488007.3639379,346483.31393963,-6.9861023124713e-05,0,70495.686330586,-0.089490926603837,0,48139.629630675
16.080523655874,-0.08743673458516,0,78398.52015018,5.5652983589313e-05,0,66705.546193401,-349148.5512129,-629553.80685346,-0.00095197483333549,362166.56794113,-0.093132895371562,10967.394135874,497012.7353167,346839.21826578,-6.9949943354817e-05,0,70884.223603715,-0.089656776256718,0,48547.815518373
16.085853853758,-0.087533749062073,0,78650.751659182,5.5524849224597e-05,0,66953.242118637,-353626.74644305,-629984.5255828,-0.00095197483333549,366094.6665079,-0.093256680688081,11107.670815574,502686.57466985,347066.3362094,-6.9895107431891e-05,0,71135.787725534,-0.089762095966224,0,48819.728706106
16.091184051641,-0.087629542660019,0,78903.490870373,5.5409310538573e-05,0,67202.232286257,-358213.67767964,-630405.10780018,-0.00095197483333549,369948.11550161,-0.09337935999382,11245.466694513,508343.72828394,347288.10920761,-6.982422384422e-05,0,71387.337070202,-0.089866199431528,0,49090.408030882
16.097580289102,-0.087743830806571,0,79207.286680898,5.5221776250701e-05,0,67498.66596778,-363441.77270323,-630906.46024613,-0.00095197483333549,374748.46613221,-0.093526061410088,11420.40363269,515531.57960189,347552.47230615,-6.9766963007652e-05,0,71691.767593395,-0.089990500281298,0,49420.77460566
16.105255774054,-0.087880958767335,0,79572.387805067,5.5040212318291e-05,0,67858.135287132,-370044.36102508,-631508.24715613,-0.00095197483333549,380340.15752721,-0.093702039551798,11619.537287839,523642.44142234,347869.79447857,-6.9657985439803e-05,0,72055.21950377,-0.09013963356352,0,49813.352902099
16.109861065025,-0.087965071649185,0,79789.926776897,5.4950043072208e-05,0,68072.743109578,-373955.61550328,-631881.08642499,-0.00095197483333549,383656.02162414,-0.093809302527995,11736.936635564,528453.18709318,348066.39257422,-6.9600555738506e-05,0,72271.597002637,-0.090230896873782,0,50045.724699136
16.114466355997,-0.088047924882938,0,80009.004916539,5.4833741387176e-05,0,68288.044719294,-377883.46816537,-632244.78515913,-0.00095197483333549,387041.67250285,-0.093915423112192,11858.078499192,533415.53626536,348258.1708462,-6.9540588829558e-05,0,72489.99513709,-0.090320956530839,0,50281.967582387
16.119992705162,-0.088146706040353,0,80271.189673057,5.4683069826932e-05,0,68544.695967121,-382486.30360423,-632678.46964036,-0.00095197483333549,391126.28907873,-0.094042264655727,12008.019009905,539553.95037786,348486.85259393,-6.9487528923571e-05,0,72752.334491624,-0.090428366233157,0,50565.142498708
16.123308514662,-0.088208557276558,0,80433.962011707,5.4561294472461e-05,0,68703.75100344,-385274.62066307,-632951.38937992,-0.00095197483333549,393579.05761409,-0.094120107660807,12085.584256794,542690.31051509,348630.76325807,-6.9432975867786e-05,0,72916.378593637,-0.090495543507583,0,50739.355910392
16.126624324161,-0.088266907481951,0,80583.191703634,5.4537051956563e-05,0,68850.728629602,-388076.07309982,-633209.53912338,-0.00095197483333549,395877.0810972,-0.094196014277393,12181.339928461,546704.19921137,348766.88553443,-6.9438725822468e-05,0,73064.861800353,-0.090558817129654,0,50897.411178527
16.13060329556,-0.08833801982747,0,80772.968181289,5.4451770070273e-05,0,69037.931615884,-391488.46498418,-633522.10486868,-0.00095197483333549,398758.34862269,-0.094287334222238,12282.455530009,550853.4750363,348931.70137818,-6.9366997618832e-05,0,73253.445499274,-0.090636163568632,0,51101.137842092
16.135378061239,-0.088423362359435,0,81000.142852413,5.4318276507965e-05,0,69260.792573502,-395437.54437446,-633897.45686411,-0.00095197483333549,402294.3384632,-0.094396952897934,12409.349438196,556015.53284107,349129.62438864,-6.9314199859957e-05,0,73480.343138582,-0.090728978254186,0,51346.642160107
16.138242920647,-0.088475774074854,0,81136.676459689,5.4249985403982e-05,0,69395.256303737,-397909.52995268,-634130.33957625,-0.00095197483333549,404391.35643938,-0.094463787642583,12483.273723517,559040.35839313,349252.42341337,-6.9269468122397e-05,0,73616.217274668,-0.0907858771067,0,51493.658304124
16.141107780054,-0.088527288797068,0,81272.598193701,5.4177329092173e-05,0,69528.699611332,-400265.67571304,-634357.17687651,-0.00095197483333549,406499.09734458,-0.094529872045912,12558.471486944,562106.20565086,349372.03468328,-6.9236286204674e-05,0,73751.861134915,-0.090841861979558,0,51640.247651385
16.144545611343,-0.088588797501776,0,81436.706663208,5.4095874840216e-05,0,69690.339734355,-403219.02294501,-634627.43014713,-0.00095197483333549,409008.74397805,-0.094608842655103,12647.044899613,565742.02303997,349514.53918982,-6.9178602408611e-05,0,73915.206073869,-0.09090876340648,0,51816.976233653
16.146608310117,-0.088626497182295,0,81533.935514505,5.4058244996808e-05,0,69786.470196639,-404898.60367419,-634795.12371914,-0.00095197483333549,410479.48459095,-0.094657033998716,12698.130586988,567811.01641129,349602.96398861,-6.9152405881777e-05,0,74011.805385324,-0.090949654104088,0,51920.385205951
16.14712398481,-0.088626497182295,0,81533.935514505,5.4058244996808e-05,0,69786.470196639,-404898.60367419,-634795.12371914,-0.00095197483333549,410479.48459095,-0.094657033998716,12698.130586988,567811.01641129,349602.96398861,-6.9152405881777e-05,0,74011.805385324,-0.090949654104088,0,51920.385205951
16.147639659503,-0.088645508628103,0,81580.89783387,5.4059356502199e-05,0,69833.252334872,-405533.47668589,-634880.1739702,-0.00095197483333549,411175.94337429,-0.094681419434636,12717.387824285,568526.49464532,349647.81091974,-6.9147635710096e-05,0,74058.312565616,-0.090970200302716,0,51968.516376826
16.148258469135,-0.088645508628103,0,81580.89783387,5.4059356502199e-05,0,69833.252334872,-405533.47668589,-634880.1739702,-0.00095197483333549,411175.94337429,-0.094681419434636,12717.387824285,568526.49464532,349647.81091974,-6.9147635710096e-05,0,74058.312565616,-0.090970200302716,0,51968.516376826
16.149001040694,-0.088645508628103,0,81580.89783387,5.4059356502199e-05,0,69833.252334872,-405533.47668589,-634880.1739702,-0.00095197483333549,411175.94337429,-0.094681419434636,12717.387824285,568526.49464532,349647.81091974,-6.9147635710096e-05,0,74058.312565616,-0.090970200302716,0,51968.516376826
16.149892126564,-0.088685325034237,0,81686.349420221,5.4012146373174e-05,0,69936.638033604,-407418.04670652,-635054.46417381,-0.00095197483333549,412773.46801717,-0.094732767118934,12779.841016761,571125.08589296,349739.71417986,-6.9136310562988e-05,0,74164.180232937,-0.091013478310014,0,52080.209284911
16.150961429608,-0.088685325034237,0,81686.349420221,5.4012146373174e-05,0,69936.638033604,-407418.04670652,-635054.46417381,-0.00095197483333549,412773.46801717,-0.094732767118934,12779.841016761,571125.08589296,349739.71417986,-6.9136310562988e-05,0,74164.180232937,-0.091013478310014,0,52080.209284911
16.152244593261,-0.08872751750885,0,81798.598471145,5.3960166412829e-05,0,70047.393926572,-409446.14753401,-635240.380602,-0.00095197483333549,414481.66550504,-0.094786922813978,12840.179023016,573597.25507281,349837.74789275,-6.9094346890576e-05,0,74275.77998797,-0.091059357792214,0,52200.762622249
16.153784389644,-0.08872751750885,0,81798.598471145,5.3960166412829e-05,0,70047.393926572,-409446.14753401,-635240.380602,-0.00095197483333549,414481.66550504,-0.094786922813978,12840.179023016,573597.25507281,349837.74789275,-6.9094346890576e-05,0,74275.77998797,-0.091059357792214,0,52200.762622249
16.155632145305,-0.088787867122878,0,81960.194086857,5.3865229497696e-05,0,70205.990404796,-412285.2939085,-635505.38887453,-0.00095197483333549,416992.43488894,-0.094864540412539,12929.911286507,577257.8349093,349977.48668632,-6.9049980722e-05,0,74437.16834773,-0.091125023110511,0,52375.774988546
16.157849452097,-0.088828275437298,0,82065.734242705,5.380972228707e-05,0,70309.903748338,-414198.05631382,-635684.9605542,-0.00095197483333549,418612.52421944,-0.094916196576254,12988.148806981,579653.39045087,350072.174804,-6.9019999731307e-05,0,74542.340110554,-0.091168899262697,0,52489.248652309
16.160510220248,-0.088875907908415,0,82192.525381831,5.3743919650312e-05,0,70434.585759698,-416428.59471797,-635894.53424714,-0.00095197483333549,420571.75952584,-0.094977404694651,13057.219525682,582453.71816139,350182.68295072,-6.8980552850644e-05,0,74668.75874599,-0.091220699465087,0,52625.988845418
16.163703142029,-0.088932964839711,0,82343.752961363,5.3674962997103e-05,0,70583.948380998,-419045.50076303,-636145.8940908,-0.00095197483333549,422868.63265133,-0.095050835739128,13136.054594267,585656.29336569,350315.22489227,-6.8938344362313e-05,0,74819.157575572,-0.091282721360501,0,52787.633088082
16.167534648166,-0.089001481360168,0,82526.106921191,5.3594913403026e-05,0,70764.20286115,-422257.94354374,-636447.62675441,-0.00095197483333549,425634.85751788,-0.095138943843438,13231.118299407,589507.84745572,350474.32840372,-6.8874065542143e-05,0,75000.283836147,-0.091357223772509,0,52982.772249081
16.17213245553,-0.089083693530449,0,82744.774719884,5.3476687793807e-05,0,70979.367509752,-426168.2669077,-636809.76490596,-0.00095197483333549,428989.2498958,-0.095244615244215,13351.945374331,594457.1865445,350665.28378746,-6.8817329325905e-05,0,75218.495212497,-0.091446620139978,0,53217.761599612
16.177649824367,-0.089182401000913,0,83008.435913665,5.334538910325e-05,0,71239.754828236,-430904.20642389,-637244.47256976,-0.00095197483333549,433004.41909063,-0.095371454469134,13492.334518587,600180.96795293,350894.50504009,-6.8720559134046e-05,0,75480.502276553,-0.091553988015349,0,53501.4605832
16.18096024567,-0.089242875600683,0,83163.357450743,5.3233665977642e-05,0,71389.480762576,-433636.31082519,-637514.63680424,-0.00095197483333549,435461.80006038,-0.09544880856597,13594.195195444,604486.13558442,351036.96278796,-6.8738467750075e-05,0,75637.938815436,-0.091619564090056,0,53668.486759722
16.184270666972,-0.089302468112814,0,83321.758572131,5.3145717111321e-05,0,71545.424673635,-436586.03644473,-637777.80416999,-0.00095197483333549,437874.35918038,-0.095525268469621,13680.939938476,608093.39889469,351175.73097101,-6.8683642770796e-05,0,75795.796635547,-0.09168436186147,0,53839.556110613
16.188243172535,-0.089373546625646,0,83511.225540839,5.3046299320996e-05,0,71732.088199531,-439923.78208243,-638091.00811494,-0.00095197483333549,440796.03546532,-0.0956166877279,13783.275849483,612247.46830908,351340.88334815,-6.8623027597107e-05,0,75984.545919092,-0.091761664751378,0,54043.706110892
16.193010179211,-0.089458842990427,0,83739.358338177,5.2898378853607e-05,0,71954.774822849,-444017.81556006,-638466.86058938,-0.00095197483333549,444368.01383714,-0.095726325198354,13916.095557422,617760.92395585,351539.07032569,-6.8559527355848e-05,0,76213.427576491,-0.091854474998112,0,54293.015565004
16.195870383216,-0.089511197741142,0,83875.191195767,5.2840464521065e-05,0,72089.070745762,-446394.89630314,-638700.85284083,-0.00095197483333549,446424.69024006,-0.095793396681289,13986.753774691,620629.46500271,351662.45439232,-6.8513937746818e-05,0,76348.497847293,-0.091911285265973,0,54437.918169953
16.197300485219,-0.08953761054398,0,83941.468943049,5.2830767835226e-05,0,72155.009222765,-447375.27246173,-638819.84917142,-0.00095197483333549,447418.88199489,-0.095827322691376,14017.642926948,621821.85354621,351725.20107803,-6.8498243865835e-05,0,76414.165732829,-0.091939866362052,0,54507.029608271
16.198730587221,-0.08953761054398,0,83941.468943049,5.2830767835226e-05,0,72155.009222765,-447375.27246173,-638819.84917142,-0.00095197483333549,447418.88199489,-0.095827322691376,14017.642926948,621821.85354621,351725.20107803,-6.8498243865835e-05,0,76414.165732829,-0.091939866362052,0,54507.029608271
16.200446709624,-0.089593345155821,0,84091.697311048,5.2761611150167e-05,0,72303.510264201,-450048.94131621,-639064.03574731,-0.00095197483333549,449694.1317364,-0.095899195300508,14096.93502758,625053.7715046,351853.96056999,-6.844113681381e-05,0,76563.493726092,-0.092000532136456,0,54668.139420624
16.202506056508,-0.089630837604035,0,84188.554926171,5.2727547747258e-05,0,72399.347047048,-451662.08597861,-639231.36125798,-0.00095197483333549,451166.29130781,-0.09594736262795,14147.501474657,627081.96709125,351942.19124166,-6.8415592319884e-05,0,76659.845282046,-0.092041200334989,0,54770.835293461
16.204977272769,-0.089675094917818,0,84306.487191917,5.2674248254383e-05,0,72515.983704175,-453741.74560797,-639426.54410862,-0.00095197483333549,452953.07507387,-0.096004315407942,14209.417627874,629589.56324815,352045.11108728,-6.8370834053643e-05,0,76777.016429527,-0.092089327883277,0,54897.209370918
16.207942732282,-0.089728114665668,0,84447.008434948,5.2606581231657e-05,0,72654.37349763,-456178.62381353,-639660.4976416,-0.00095197483333549,455113.88901733,-0.09607260727576,14286.573106026,632719.20259906,352168.47471477,-6.833362922526e-05,0,76917.262808098,-0.092146962493257,0,55047.871338406
16.211501283697,-0.089791821892943,0,84617.246453957,5.2516431559131e-05,0,72822.236115728,-459226.04420259,-639941.3476491,-0.00095197483333549,457713.51314396,-0.096154541954023,14378.524504717,636485.07472497,352316.56684893,-6.8273946350558e-05,0,77086.80570323,-0.09221626155625,0,55231.408558114
16.215771545395,-0.089868216824403,0,84820.496443541,5.2408858258841e-05,0,73022.252615087,-462832.51471909,-640278.35015746,-0.00095197483333549,460844.66037112,-0.096252851109963,14491.971939672,641106.30720628,352494.26820739,-6.8215870706594e-05,0,77289.732248568,-0.0922993341227,0,55450.200835131
16.217052623905,-0.089892804294647,0,84881.531262612,5.2376209456452e-05,0,73082.367299245,-463913.74452062,-640390.9844962,-0.00095197483333549,461766.39824207,-0.096284047610047,14524.963166944,642491.02433686,352553.66031403,-6.8199240171527e-05,0,77350.681257423,-0.092325923097741,0,55515.430949942
16.218333702414,-0.089915837196589,0,84941.028047489,5.2358755017903e-05,0,73141.482990222,-464865.56012361,-640493.34920539,-0.00095197483333549,462641.97059394,-0.096313781380259,14554.327685829,643664.8762148,352607.6371882,-6.819097618023e-05,0,77409.825604356,-0.092350902980539,0,55577.507629369
16.219870996625,-0.089943332792116,0,85013.872913362,5.2315446129949e-05,0,73212.768846041,-466211.08628616,-640614.71884028,-0.00095197483333549,463770.87118257,-0.09634916405445,14598.49455727,645498.79608028,352671.63541227,-6.8179836474802e-05,0,77483.003811078,-0.092380792639818,0,55655.822750047
16.221715749679,-0.089976327770808,0,85101.482830789,5.2274728083809e-05,0,73299.213122229,-467758.11945816,-640760.3592677,-0.00095197483333549,465099.07404861,-0.096391639695312,14645.844771812,647442.1888633,352748.43159984,-6.8153298947972e-05,0,77570.363855131,-0.092416662940719,0,55749.524104595
16.223929453343,-0.090015920949771,0,85206.634197061,5.2225013599686e-05,0,73402.942500522,-469552.01010099,-640935.16459495,-0.00095197483333549,466713.01701733,-0.096442651279892,14701.459927583,649674.14184675,352840.60638369,-6.8121670101709e-05,0,77675.120996785,-0.092459708810895,0,55862.362620431
16.226585897741,-0.090063444447409,0,85333.025350594,5.2167999196987e-05,0,73527.769625958,-471815.85119059,-641144.9057758,-0.00095197483333549,468620.77490776,-0.096503821370319,14769.208858074,652468.91685641,352951.20287421,-6.807853516459e-05,0,77801.038858706,-0.092511380550747,0,55997.595473493
16.229773631017,-0.090120480150212,0,85484.974622004,5.2065114348731e-05,0,73676.422780802,-474526.81252178,-641396.59631485,-0.00095197483333549,470993.30601634,-0.096577196655498,14859.278023409,656208.83200213,353083.91928975,-6.8051154031144e-05,0,77953.533467254,-0.092573415907267,0,56162.557917392
16.233598910949,-0.090188938412858,0,85667.528901377,5.1983670039631e-05,0,73856.919112474,-477809.35779765,-641698.68310072,-0.00095197483333549,473763.64556633,-0.096665301708833,14955.992494099,660152.8767128,353243.20958697,-6.7979972930116e-05,0,78135.054092242,-0.092647866825042,0,56358.473125469
16.238189246868,-0.090271073969964,0,85886.310355557,5.1857301717424e-05,0,74072.194996778,-481716.63694491,-642061.14282431,-0.00095197483333549,477138.86237379,-0.096770997028156,15078.495560593,665152.43374571,353434.33454438,-6.7922844429495e-05,0,78353.630284108,-0.092737191409426,0,56594.470001089
16.24369764997,-0.090369657822043,0,86149.270862036,5.1728020835794e-05,0,74332.174037051,-486369.83211473,-642496.15065887,-0.00095197483333549,481130.23238371,-0.096897890950595,15216.853427932,670802.85686157,353663.71404534,-6.7830358471422e-05,0,78615.134559644,-0.092844408362698,0,56876.993148313
16.244523910435,-0.0903780454593,0,86167.572127091,5.1713101142783e-05,0,74349.76865661,-486737.68702707,-642536.44729133,-0.00095197483333549,481414.64391851,-0.096908394743949,15230.742214442,671403.28311866,353684.96252593,-6.7842286755041e-05,0,78634.043092534,-0.092853395810007,0,56896.017832475
16.245350170901,-0.0903780454593,0,86167.572127091,5.1713101142783e-05,0,74349.76865661,-486737.68702707,-642536.44729133,-0.00095197483333549,481414.64391851,-0.096908394743949,15230.742214442,671403.28311866,353684.96252593,-6.7842286755041e-05,0,78634.043092534,-0.092853395810007,0,56896.017832475
16.24584592718,-0.090393716825277,0,86206.933197275,5.1707979172864e-05,0,74388.778974383,-487266.92432467,-642607.1193004,-0.00095197483333549,482013.97710534,-0.096928577794781,15250.370040614,672175.03746493,353722.22782148,-6.7834801297162e-05,0,78673.152470997,-0.092870355912538,0,56937.244202249
16.246341683459,-0.090393716825277,0,86206.933197275,5.1707979172864e-05,0,74388.778974383,-487266.92432467,-642607.1193004,-0.00095197483333549,482013.97710534,-0.096928577794781,15250.370040614,672175.03746493,353722.22782148,-6.7834801297162e-05,0,78673.152470997,-0.092870355912538,0,56937.244202249
16.246936590994,-0.090410627599995,0,86250.09265785,5.1692045747584e-05,0,74431.097384177,-487978.42260648,-642682.59984722,-0.00095197483333549,482658.87508637,-0.096950363738965,15274.601949173,673179.34176451,353762.02872116,-6.7837742314413e-05,0,78716.676303496,-0.092888680247347,0,56982.207897644
16.247650480036,-0.090442513236781,0,86332.115143362,5.1664617030251e-05,0,74511.996384718,-489358.90612599,-642824.83347836,-0.00095197483333549,483879.97181708,-0.096991401285661,15318.957147736,674986.25501765,353837.02851276,-6.7829335936775e-05,0,78798.851407699,-0.092923250792492,0,57067.938422734
16.248507146887,-0.090442513236781,0,86332.115143362,5.1664617030251e-05,0,74511.996384718,-489358.90612599,-642824.83347836,-0.00095197483333549,483879.97181708,-0.096991401285661,15318.957147736,674986.25501765,353837.02851276,-6.7829335936775e-05,0,78798.851407699,-0.092923250792492,0,57067.938422734
16.249535147107,-0.09047636188304,0,86422.28376643,5.1621870699543e-05,0,74601.140671478,-490974.87634099,-642974.50014695,-0.00095197483333549,485247.69248678,-0.097034928386462,15366.808084131,676947.45282211,353915.94772351,-6.7793133888231e-05,0,78888.511097945,-0.092960059331347,0,57164.899319842
16.250768747372,-0.09047636188304,0,86422.28376643,5.1621870699543e-05,0,74601.140671478,-490974.87634099,-642974.50014695,-0.00095197483333549,485247.69248678,-0.097034928386462,15366.808084131,676947.45282211,353915.94772351,-6.7793133888231e-05,0,78888.511097945,-0.092960059331347,0,57164.899319842
16.252249067689,-0.090524741198057,0,86551.913206958,5.154922310633e-05,0,74728.658973558,-493289.39057593,-643187.47212701,-0.00095197483333549,487249.80564683,-0.097097233422427,15438.634545174,679871.37711137,354028.24780258,-6.7752676437819e-05,0,79017.966660484,-0.093012700070946,0,57305.248058905
16.25402545207,-0.090557135047615,0,86636.144034172,5.1513667585952e-05,0,74812.044074577,-494750.30437984,-643332.14954127,-0.00095197483333549,488519.93819176,-0.097138814806509,15482.818656612,681677.99973079,354104.53616774,-6.7725956782181e-05,0,79101.728821894,-0.093047856595912,0,57395.065750567
16.256157113328,-0.090595314115406,0,86737.978247779,5.1454435190363e-05,0,74912.180337146,-496558.99213144,-643500.67472441,-0.00095197483333549,490099.02130032,-0.097187935449389,15539.743223609,683997.13268261,354193.39946569,-6.7696100943377e-05,0,79203.48132583,-0.093089383022963,0,57505.305784925
16.258715106837,-0.090641086856423,0,86859.850794053,5.139167958126e-05,0,75032.520197607,-498713.90296089,-643702.67151392,-0.00095197483333549,491953.92020296,-0.097246852527474,15605.405962056,686685.06415881,354299.91232401,-6.7659645794868e-05,0,79324.910361342,-0.093139156652011,0,57636.15522993
16.261784699047,-0.090695984130247,0,87005.720349271,5.1302366773657e-05,0,75175.257184412,-501298.44776637,-643945.01064068,-0.00095197483333549,494224.82095213,-0.097317508707498,15691.2001122,690264.18157066,354427.69774429,-6.7630149481666e-05,0,79471.400624429,-0.093198853185563,0,57794.253111875
16.2654682097,-0.090761896655133,0,87181.400324034,5.1217031782792e-05,0,75348.92164299,-504489.86941156,-644235.9154624,-0.00095197483333549,496893.98802242,-0.097402360891,15783.83484131,694029.33922476,354581.09177982,-6.7568942627802e-05,0,79646.200631847,-0.09327053366888,0,57983.051009585
16.269888422483,-0.090840966773251,0,87391.531796793,5.1103526153531e-05,0,75556.037405915,-508273.56970117,-644584.93059997,-0.00095197483333549,500104.23413729,-0.097504128843882,15901.030016517,698855.71969733,354765.12742378,-6.7517057194794e-05,0,79856.060233124,-0.093356503808811,0,58208.620200003
16.275192677823,-0.090935871951799,0,87644.198193793,5.0992399223688e-05,0,75806.165588203,-512717.46431464,-645003.82505244,-0.00095197483333549,503931.09888226,-0.097626328642962,16032.717358013,704193.79588614,354986.01033975,-6.7424628258414e-05,0,80107.214176782,-0.093459700764578,0,58479.393013273
16.278375231027,-0.090994202811692,0,87796.158647822,5.0902400978957e-05,0,75955.684516925,-515398.00453422,-645264.75281439,-0.00095197483333549,506286.04560816,-0.097701055507201,16117.113595129,707658.27650742,355123.5975072,-6.738185232882e-05,0,80259.067040979,-0.093523025100746,0,58643.845729574
16.28155778423,-0.091051476783415,0,87947.432083794,5.083750800738e-05,0,76105.495920426,-518018.20371398,-645518.43894259,-0.00095197483333549,508570.56947166,-0.097774746692312,16195.797074141,710833.76407325,355257.3661292,-6.7330195530292e-05,0,80409.448381556,-0.093585260912917,0,58805.483198968
16.285376848075,-0.091119855170099,0,88130.201757705,5.0711441641593e-05,0,76283.825507171,-521171.39927869,-645820.0288003,-0.00095197483333549,511475.91414011,-0.097862706901597,16304.246382491,715335.54603193,355416.39440987,-6.7286305704203e-05,0,80593.071845439,-0.093659661561352,0,59006.105949981
16.289959724689,-0.091201858209037,0,88348.185920699,5.061981933373e-05,0,76499.807645694,-525039.60764666,-646181.83599609,-0.00095197483333549,514775.88063507,-0.097968295168438,16417.859423678,719956.8260395,355607.17522495,-6.7205559049606e-05,0,80809.587986752,-0.093748818935418,0,59239.759204606
16.291334587673,-0.091228281533317,0,88413.835367411,5.0573569967999e-05,0,76564.113427885,-526151.13567651,-646302.74888864,-0.00095197483333549,515825.04708459,-0.098001821774256,16456.057725426,721503.60674836,355670.93256739,-6.7192915442091e-05,0,80875.383624524,-0.093777401833285,0,59311.410291458
16.292709450657,-0.091253052776645,0,88478.558972322,5.0552199097282e-05,0,76628.23966084,-527268.29281645,-646412.6186225,-0.00095197483333549,516793.54926462,-0.098033709145159,16490.015651185,722894.85540153,355728.86685084,-6.7173643728152e-05,0,80939.805529362,-0.093804294500663,0,59379.955845811
16.294359286238,-0.091282589425915,0,88557.028660518,5.0510559655404e-05,0,76705.700477556,-528655.38264382,-646542.90636745,-0.00095197483333549,517990.3677225,-0.098071727971121,16532.031774915,724603.99244583,355797.56753431,-6.7153876143859e-05,0,81018.075039753,-0.0938364065437,0,59464.101198574
16.296339088935,-0.091317952208592,0,88649.727822851,5.0478271622923e-05,0,76797.409444825,-530280.79994717,-646699.13810223,-0.00095197483333549,519369.93976633,-0.098117316623254,16582.734583403,726697.24428757,355879.94851078,-6.7135548094441e-05,0,81110.627618293,-0.093874807375224,0,59561.809160441
16.298714852171,-0.091360482003632,0,88763.013224998,5.0419275495784e-05,0,76909.146236132,-532309.00419523,-646886.7119595,-0.00095197483333549,521110.73534354,-0.098172034257416,16645.436493788,729262.28119224,355978.85616087,-6.7099929925776e-05,0,81223.637013738,-0.093921058122945,0,59683.929378742
16.300140310113,-0.091360482003632,0,88763.013224998,5.0419275495784e-05,0,76909.146236132,-532309.00419523,-646886.7119595,-0.00095197483333549,521110.73534354,-0.098172034257416,16645.436493788,729262.28119224,355978.85616087,-6.7099929925776e-05,0,81223.637013738,-0.093921058122945,0,59683.929378742
16.301565768055,-0.091411479367394,0,88898.129363899,5.0344619911342e-05,0,77041.746909539,-534647.30991826,-647111.74522656,-0.00095197483333549,523204.05781953,-0.098237685579288,16722.429386309,732427.77339087,356097.5161639,-6.7071948475686e-05,0,81359.089437187,-0.093976497542392,0,59829.72959028
16.303276317585,-0.091442798331415,0,88978.340718683,5.0318399744462e-05,0,77121.307167355,-536027.66981783,-647251.9068129,-0.00095197483333549,524399.86057135,-0.098277869202503,16764.100753566,734124.73658431,356171.4233302,-6.7053640187651e-05,0,81438.935704543,-0.094010443852084,0,59914.215415676
16.305328977022,-0.091479578490291,0,89076.12773907,5.0266865233545e-05,0,77217.789673815,-537762.74359899,-647414.18405337,-0.00095197483333549,525901.90480294,-0.098325181722614,16817.619536641,736303.1104158,356256.99207905,-6.7023939414815e-05,0,81536.505108507,-0.094050436310129,0,60019.633697417
16.307792168345,-0.091523654741347,0,89192.799685448,5.0209700581277e-05,0,77333.008035865,-539868.03675378,-647608.6139229,-0.00095197483333549,527659.08048773,-0.098381892773179,16881.810594173,738959.58816825,356359.51492932,-6.6997410932481e-05,0,81652.994520366,-0.094098341333014,0,60144.157117388
16.310747997933,-0.091576510008348,0,89332.130137644,5.0152251031753e-05,0,77470.778715244,-542269.42566749,-647841.95372038,-0.00095197483333549,529774.53398172,-0.098449996806751,16956.157478551,741980.55053372,356482.55493518,-6.6963690484726e-05,0,81791.954551498,-0.09415576797847,0,60292.583099315
16.314294993439,-0.091640027444718,0,89501.356353873,5.0067016356664e-05,0,77637.713073263,-545233.75562201,-648122.00722477,-0.00095197483333549,532388.75009317,-0.098531719065125,17048.163905967,745705.09834554,356630.22705611,-6.6906356294653e-05,0,81960.658739737,-0.094224846765135,0,60475.518791566
16.318551388046,-0.091716230192219,0,89704.023932323,4.9971676828389e-05,0,77838.038880888,-548896.60723911,-648458.01699988,-0.00095197483333549,535464.70901662,-0.098629765502791,17157.979637581,750255.76205844,356807.40493193,-6.6837998006852e-05,0,82162.581061279,-0.094307705214115,0,60693.366732978
16.323659061575,-0.091807672270014,0,89947.064992524,4.9827467830277e-05,0,78076.907772747,-553256.44098744,-648861.19401628,-0.00095197483333549,539234.2329033,-0.098747386138791,17297.540322409,755962.33906639,357020.00013137,-6.6784207902803e-05,0,82406.02407743,-0.09440713708843,0,60956.084975201
16.326723665692,-0.091863862676973,0,90092.175275143,4.9764553803827e-05,0,78220.491146887,-555719.70955279,-649112.33324339,-0.00095197483333549,541446.44578295,-0.098819426310508,17373.584279531,759077.5777667,357152.42576687,-6.6740688055358e-05,0,82550.522639081,-0.094468090794333,0,61111.603386328
16.329788269809,-0.091919033821427,0,90237.392152276,4.9683066478878e-05,0,78363.424717581,-558369.81293378,-649356.45762032,-0.00095197483333549,543643.92182198,-0.098890335497949,17455.139289212,762496.10878314,357281.1525544,-6.6713677424511e-05,0,82696.023588748,-0.094528031301198,0,61267.348010147
16.33346579475,-0.091984900242762,0,90412.832018112,4.9583815118759e-05,0,78535.416369767,-561337.70059411,-649646.87697821,-0.00095197483333549,546419.87132003,-0.098975093862993,17555.00941236,766583.01707021,357434.29060911,-6.6660514051291e-05,0,82871.670221403,-0.094599674150611,0,61459.055705756
16.337878824679,-0.092063934573711,0,90623.200182311,4.9493676599581e-05,0,78743.626249815,-565101.49009045,-649995.23604182,-0.00095197483333549,549619.00938329,-0.099076769899291,17667.257147559,771172.11735702,357617.98025588,-6.6579863620943e-05,0,83080.989797838,-0.094685614251682,0,61685.002412744
16.343174460593,-0.092158750757491,0,90875.229786803,4.9347673973265e-05,0,78991.706516592,-569635.90537541,-650413.2089349,-0.00095197483333549,553511.49533732,-0.09919873277542,17810.805291933,777059.53354581,357838.37731054,-6.6520236056229e-05,0,83333.159757205,-0.094788713474632,0,61957.207859137
16.346351842142,-0.092217055686163,0,91026.376906853,4.9281604598029e-05,0,79141.155370504,-572322.45306755,-650673.54205373,-0.00095197483333549,555810.16717514,-0.099273393805379,17892.184486907,780432.22955202,357975.65092133,-6.6466605583414e-05,0,83483.767290068,-0.094851980615204,0,62119.546530254
16.34952922369,-0.092274288831227,0,91177.58715062,4.9184159734609e-05,0,79289.455780014,-574991.09287386,-650926.65266114,-0.00095197483333549,558171.43977017,-0.099346919096448,17980.779111573,784085.67525718,358109.11613807,-6.6438141957029e-05,0,83635.538270279,-0.094914187658832,0,62283.693445482
16.353342081549,-0.092342572678587,0,91359.036036019,4.9096946515439e-05,0,79468.729500175,-578195.71713816,-651227.74712857,-0.00095197483333549,560942.93514176,-0.099434800847285,18077.979781996,788066.76081451,358267.88316903,-6.6380928507749e-05,0,83816.440295236,-0.094988429867518,0,62478.86028498
16.355629796264,-0.0923845562129,0,91467.983835971,4.9028083003968e-05,0,79575.446110945,-580130.10319816,-651415.1542256,-0.00095197483333549,562652.77856881,-0.099488519922796,18142.537159023,790741.44453214,358366.70293645,-6.6358132747278e-05,0,83925.881745403,-0.095033998133904,0,62597.328133612
16.356773653621,-0.092393745175012,0,91490.735653308,4.9029233671032e-05,0,79598.188280567,-580436.32426541,-651456.62968883,-0.00095197483333549,562985.90623807,-0.099500357045906,18151.718566946,791091.99236579,358388.57290554,-6.6353214719122e-05,0,83948.390906323,-0.095043930629033,0,62620.774266899
16.357917510979,-0.092405212986788,0,91519.590083155,4.9037110371586e-05,0,79627.239621316,-580803.05151954,-651507.66525471,-0.00095197483333549,563391.90245911,-0.099515231654793,18163.479031481,791535.14582394,358415.48390159,-6.6349694950251e-05,0,83976.88338541,-0.095056336970308,0,62649.515496216
16.358603825393,-0.092421015726141,0,91560.349716304,4.9021091451144e-05,0,79667.33425896,-581533.64589082,-651577.71138464,-0.00095197483333549,563991.31045935,-0.099535588280456,18186.678402344,792504.96054513,358452.41924226,-6.6351485437656e-05,0,84017.999856577,-0.095073474159401,0,62691.940560926
16.359290139808,-0.092421015726141,0,91560.349716304,4.9021091451144e-05,0,79667.33425896,-581533.64589082,-651577.71138464,-0.00095197483333549,563991.31045935,-0.099535588280456,18186.678402344,792504.96054513,358452.41924226,-6.6351485437656e-05,0,84017.999856577,-0.095073474159401,0,62691.940560926
16.359341613389,-0.092451450786368,0,91638.194897155,4.9010784268384e-05,0,79744.589253969,-582762.58451956,-651712.97822055,-0.00095197483333549,565129.61214799,-0.09957487998511,18226.031699456,794087.84951702,358523.74539927,-6.6344596305784e-05,0,84095.765791283,-0.095106453563188,0,62772.1860965
16.35939308697,-0.092451450786368,0,91638.194897155,4.9010784268384e-05,0,79744.589253969,-582762.58451956,-651712.97822055,-0.00095197483333549,565129.61214799,-0.09957487998511,18226.031699456,794087.84951702,358523.74539927,-6.6344596305784e-05,0,84095.765791283,-0.095106453563188,0,62772.1860965
16.359454855267,-0.092451450786368,0,91638.194897155,4.9010784268384e-05,0,79744.589253969,-582762.58451956,-651712.97822055,-0.00095197483333549,565129.61214799,-0.09957487998511,18226.031699456,794087.84951702,358523.74539927,-6.6344596305784e-05,0,84095.765791283,-0.095106453563188,0,62772.1860965
16.359528977224,-0.092451450786368,0,91638.194897155,4.9010784268384e-05,0,79744.589253969,-582762.58451956,-651712.97822055,-0.00095197483333549,565129.61214799,-0.09957487998511,18226.031699456,794087.84951702,358523.74539927,-6.6344596305784e-05,0,84095.765791283,-0.095106453563188,0,62772.1860965
16.359617923572,-0.092451450786368,0,91638.194897155,4.9010784268384e-05,0,79744.589253969,-582762.58451956,-651712.97822055,-0.00095197483333549,565129.61214799,-0.09957487998511,18226.031699456,794087.84951702,358523.74539927,-6.6344596305784e-05,0,84095.765791283,-0.095106453563188,0,62772.1860965
16.35972465919,-0.092451450786368,0,91638.194897155,4.9010784268384e-05,0,79744.589253969,-582762.58451956,-651712.97822055,-0.00095197483333549,565129.61214799,-0.09957487998511,18226.031699456,794087.84951702,358523.74539927,-6.6344596305784e-05,0,84095.765791283,-0.095106453563188,0,62772.1860965
16.359852741931,-0.092451450786368,0,91638.194897155,4.9010784268384e-05,0,79744.589253969,-582762.58451956,-651712.97822055,-0.00095197483333549,565129.61214799,-0.09957487998511,18226.031699456,794087.84951702,358523.74539927,-6.6344596305784e-05,0,84095.765791283,-0.095106453563188,0,62772.1860965
16.360006441221,-0.092451450786368,0,91638.194897155,4.9010784268384e-05,0,79744.589253969,-582762.58451956,-651712.97822055,-0.00095197483333549,565129.61214799,-0.09957487998511,18226.031699456,794087.84951702,358523.74539927,-6.6344596305784e-05,0,84095.765791283,-0.095106453563188,0,62772.1860965
16.360190880368,-0.092451450786368,0,91638.194897155,4.9010784268384e-05,0,79744.589253969,-582762.58451956,-651712.97822055,-0.00095197483333549,565129.61214799,-0.09957487998511,18226.031699456,794087.84951702,358523.74539927,-6.6344596305784e-05,0,84095.765791283,-0.095106453563188,0,62772.1860965
16.360412207345,-0.092451450786368,0,91638.194897155,4.9010784268384e-05,0,79744.589253969,-582762.58451956,-651712.97822055,-0.00095197483333549,565129.61214799,-0.09957487998511,18226.031699456,794087.84951702,358523.74539927,-6.6344596305784e-05,0,84095.765791283,-0.095106453563188,0,62772.1860965
16.360677799718,-0.092451450786368,0,91638.194897155,4.9010784268384e-05,0,79744.589253969,-582762.58451956,-651712.97822055,-0.00095197483333549,565129.61214799,-0.09957487998511,18226.031699456,794087.84951702,358523.74539927,-6.6344596305784e-05,0,84095.765791283,-0.095106453563188,0,62772.1860965
16.360996510564,-0.092451450786368,0,91638.194897155,4.9010784268384e-05,0,79744.589253969,-582762.58451956,-651712.97822055,-0.00095197483333549,565129.61214799,-0.09957487998511,18226.031699456,794087.84951702,358523.74539927,-6.6344596305784e-05,0,84095.765791283,-0.095106453563188,0,62772.1860965
16.361378963581,-0.092487954430802,0,91735.566216335,4.8960607373338e-05,0,79840.846182626,-584500.90163876,-651873.93440856,-0.00095197483333549,566618.46428539,-0.099621835532565,18278.499551393,796234.31614394,358608.61755797,-6.6311051653739e-05,0,84192.778918186,-0.095146154907324,0,62877.216276857
16.3618379072,-0.092487954430802,0,91735.566216335,4.8960607373338e-05,0,79840.846182626,-584500.90163876,-651873.93440856,-0.00095197483333549,566618.46428539,-0.099621835532565,18278.499551393,796234.31614394,358608.61755797,-6.6311051653739e-05,0,84192.778918186,-0.095146154907324,0,62877.216276857
16.362388639543,-0.092487954430802,0,91735.566216335,4.8960607373338e-05,0,79840.846182626,-584500.90163876,-651873.93440856,-0.00095197483333549,566618.46428539,-0.099621835532565,18278.499551393,796234.31614394,358608.61755797,-6.6311051653739e-05,0,84192.778918186,-0.095146154907324,0,62877.216276857
16.363049518355,-0.092487954430802,0,91735.566216335,4.8960607373338e-05,0,79840.846182626,-584500.90163876,-651873.93440856,-0.00095197483333549,566618.46428539,-0.099621835532565,18278.499551393,796234.31614394,358608.61755797,-6.6311051653739e-05,0,84192.778918186,-0.095146154907324,0,62877.216276857
16.36384257293,-0.092532048031255,0,91852.761820173,4.8906171647839e-05,0,79956.488305971,-586561.13593766,-652068.38220848,-0.00095197483333549,568418.33254851,-0.099678608773874,18342.488557901,798831.93237025,358711.14983103,-6.6271633203125e-05,0,84309.729367155,-0.095194099658014,0,63003.707153812
16.364794238419,-0.092532048031255,0,91852.761820173,4.8906171647839e-05,0,79956.488305971,-586561.13593766,-652068.38220848,-0.00095197483333549,568418.33254851,-0.099678608773874,18342.488557901,798831.93237025,358711.14983103,-6.6271633203125e-05,0,84309.729367155,-0.095194099658014,0,63003.707153812
16.365936237006,-0.092569923019927,0,91952.445933093,4.8845865888221e-05,0,80054.473545596,-588330.95720024,-652236.27601332,-0.00095197483333549,569962.69375982,-0.09972723541988,18399.899504837,801213.24524946,358799.68022874,-6.6249406151366e-05,0,84409.632014929,-0.095235252386045,0,63111.66167559
16.36730663531,-0.092569923019927,0,91952.445933093,4.8845865888221e-05,0,80054.473545596,-588330.95720024,-652236.27601332,-0.00095197483333549,569962.69375982,-0.09972723541988,18399.899504837,801213.24524946,358799.68022874,-6.6249406151366e-05,0,84409.632014929,-0.095235252386045,0,63111.66167559
16.368951113276,-0.092623689412271,0,92095.763657021,4.8790698753942e-05,0,80196.411418873,-590868.08690535,-652472.92747668,-0.00095197483333549,572127.16700428,-0.099796518203832,18474.964746923,804277.91561655,358924.46648111,-6.6194021613488e-05,0,84552.268671947,-0.095293722968329,0,63265.311698845
16.370924486834,-0.092659743526565,0,92189.626104881,4.8739606843663e-05,0,80288.993306989,-592480.22816977,-652633.62052275,-0.00095197483333549,573580.68438135,-0.099842756812332,18526.427624071,806374.0996863,359009.19988277,-6.6169059851103e-05,0,84646.00157482,-0.09533286204668,0,63366.819946748
16.373292535104,-0.09270218322468,0,92302.487671088,4.8684418042833e-05,0,80400.441325926,-594514.9522604,-652820.80066653,-0.00095197483333549,575302.08512345,-0.099897358145449,18588.475211234,808932.2638255,359107.89994395,-6.6131694751031e-05,0,84758.603059022,-0.095379009384231,0,63488.521570886
16.376134193028,-0.092753069973042,0,92437.836754424,4.8619166573024e-05,0,80534.36823785,-596926.66671561,-653045.1654859,-0.00095197483333549,577357.69093508,-0.099962850869448,18661.177485774,811906.21138372,359226.20746279,-6.60873804751e-05,0,84893.458950411,-0.095434340101335,0,63634.023451594
16.379544182537,-0.092814147684003,0,92600.609291797,4.8531978651593e-05,0,80694.849295512,-599845.40172875,-653314.39196332,-0.00095197483333549,579861.36233457,-0.10004142642232,18750.740722432,815577.8678579,359368.17053338,-6.6035264538056e-05,0,85056.082015688,-0.095500768001125,0,63810.266373345
16.383636169948,-0.092887383117575,0,92794.674596328,4.8447661633969e-05,0,80887.123039354,-603206.28831435,-653637.50019721,-0.00095197483333549,582796.62663218,-0.10013578349362,18852.041670278,819698.22970366,359538.54539107,-6.597575860692e-05,0,85249.270042358,-0.095580372821237,0,64018.054732241
16.388546554841,-0.092975355240338,0,93029.566098294,4.8316585832674e-05,0,81118.045413742,-607389.63364008,-654025.24762294,-0.00095197483333549,586460.72809728,-0.10024895431669,18984.44248653,825087.34411107,359743.00452915,-6.5896855652677e-05,0,85484.328828513,-0.095676073695889,0,64274.05946506
16.391492785777,-0.093029391715606,0,93169.132383826,4.8241412318786e-05,0,81255.355019208,-609757.81682296,-654266.76066676,-0.00095197483333549,588629.90269022,-0.1003182551438,19062.719224987,828323.1973362,359870.35432726,-6.5866530129887e-05,0,85624.119596387,-0.095734699423552,0,64424.963638991
16.392965901245,-0.093056742115682,0,93239.046854643,4.8217183421256e-05,0,81324.501658104,-610946.85379114,-654389.76043657,-0.00095197483333549,589698.803177,-0.10035327318841,19099.125075416,829799.10386137,359935.21208793,-6.5838933328596e-05,0,85693.784766985,-0.095764345515579,0,64500.105518439
16.394439016713,-0.093083267262891,0,93308.616257109,4.8183777693419e-05,0,81393.173808594,-612194.38897501,-654507.27914426,-0.00095197483333549,590745.23264534,-0.10038740899044,19137.859348497,831420.56225198,359997.17972139,-6.5824911956596e-05,0,85763.431325609,-0.095793153900884,0,64574.319172306
16.396206755274,-0.093114891042285,0,93392.094938967,4.8136073829733e-05,0,81474.803459726,-613693.97032221,-654646.91467712,-0.00095197483333549,592034.99264839,-0.10042813714443,19188.765178263,833566.26689633,360070.80957278,-6.5812673491856e-05,0,85847.58314343,-0.095827524603772,0,64664.644127137
16.398328041548,-0.093152846868281,0,93492.650092054,4.8085916082058e-05,0,81574.049774743,-615447.10425579,-654814.43351788,-0.00095197483333549,593579.16910552,-0.10047704019483,19243.651325244,835804.94223881,360159.14223162,-6.5787586658668e-05,0,85948.024038329,-0.095868783472931,0,64772.822172837
16.400873585076,-0.093198379630692,0,93612.441720861,4.8035557846432e-05,0,81692.146791,-617558.9303579,-655015.44920236,-0.00095197483333549,595385.83330252,-0.10053570158198,19309.112576405,838492.78501975,360265.13779966,-6.5763979218116e-05,0,86068.102528862,-0.095918246394533,0,64900.264770815
16.403928237311,-0.093253090115788,0,93758.035992119,4.7963572934437e-05,0,81836.215525741,-620168.4877766,-655256.68893261,-0.00095197483333549,597594.98868313,-0.10060610944976,19388.014827874,841739.19397158,360392.34347159,-6.5716997261682e-05,0,86213.201418141,-0.095977737109984,0,65056.863126617
16.407593819992,-0.093318753880828,0,93933.019156957,4.7873960470704e-05,0,82009.115725161,-623275.92778988,-655546.15157026,-0.00095197483333549,600283.39897546,-0.10069061405023,19482.474689179,845578.45723941,360544.97704642,-6.5657583314509e-05,0,86387.67354203,-0.096049150509894,0,65246.172804637
16.408693494796,-0.093318753880828,0,93933.019156957,4.7873960470704e-05,0,82009.115725161,-623275.92778988,-655546.15157026,-0.00095197483333549,600283.39897546,-0.10069061405023,19482.474689179,845578.45723941,360544.97704642,-6.5657583314509e-05,0,86387.67354203,-0.096049150509894,0,65246.172804637
16.408968413497,-0.093318753880828,0,93933.019156957,4.7873960470704e-05,0,82009.115725161,-623275.92778988,-655546.15157026,-0.00095197483333549,600283.39897546,-0.10069061405023,19482.474689179,845578.45723941,360544.97704642,-6.5657583314509e-05,0,86387.67354203,-0.096049150509894,0,65246.172804637
16.409105872847,-0.093332728504434,0,93967.545085215,4.7860496943544e-05,0,82042.957906593,-623861.88621556,-655609.42988356,-0.00095197483333549,600814.86523831,-0.10070849402169,19503.581016642,846458.77164522,360578.34372499,-6.565830394842e-05,0,86422.546784493,-0.096064258560301,0,65282.639799925
16.409243332198,-0.093332728504434,0,93967.545085215,4.7860496943544e-05,0,82042.957906593,-623861.88621556,-655609.42988356,-0.00095197483333549,600814.86523831,-0.10070849402169,19503.581016642,846458.77164522,360578.34372499,-6.565830394842e-05,0,86422.546784493,-0.096064258560301,0,65282.639799925
16.409408283419,-0.093332728504434,0,93967.545085215,4.7860496943544e-05,0,82042.957906593,-623861.88621556,-655609.42988356,-0.00095197483333549,600814.86523831,-0.10070849402169,19503.581016642,846458.77164522,360578.34372499,-6.565830394842e-05,0,86422.546784493,-0.096064258560301,0,65282.639799925
16.409606224883,-0.093332728504434,0,93967.545085215,4.7860496943544e-05,0,82042.957906593,-623861.88621556,-655609.42988356,-0.00095197483333549,600814.86523831,-0.10070849402169,19503.581016642,846458.77164522,360578.34372499,-6.565830394842e-05,0,86422.546784493,-0.096064258560301,0,65282.639799925
16.409843754641,-0.093332728504434,0,93967.545085215,4.7860496943544e-05,0,82042.957906593,-623861.88621556,-655609.42988356,-0.00095197483333549,600814.86523831,-0.10070849402169,19503.581016642,846458.77164522,360578.34372499,-6.565830394842e-05,0,86422.546784493,-0.096064258560301,0,65282.639799925
16.41012879035,-0.093365349263727,0,94052.328662089,4.7813718337194e-05,0,82125.894158051,-625334.76045942,-655754.81264606,-0.00095197483333549,602135.27852453,-0.10075034496653,19552.809512483,848513.50318522,360655.00406845,-6.5638856717584e-05,0,86507.895099635,-0.096099670241038,0,65374.870465848
16.410470833202,-0.093365349263727,0,94052.328662089,4.7813718337194e-05,0,82125.894158051,-625334.76045942,-655754.81264606,-0.00095197483333549,602135.27852453,-0.10075034496653,19552.809512483,848513.50318522,360655.00406845,-6.5638856717584e-05,0,86507.895099635,-0.096099670241038,0,65374.870465848
16.410881284623,-0.093365349263727,0,94052.328662089,4.7813718337194e-05,0,82125.894158051,-625334.76045942,-655754.81264606,-0.00095197483333549,602135.27852453,-0.10075034496653,19552.809512483,848513.50318522,360655.00406845,-6.5638856717584e-05,0,86507.895099635,-0.096099670241038,0,65374.870465848
16.411373826329,-0.093365349263727,0,94052.328662089,4.7813718337194e-05,0,82125.894158051,-625334.76045942,-655754.81264606,-0.00095197483333549,602135.27852453,-0.10075034496653,19552.809512483,848513.50318522,360655.00406845,-6.5638856717584e-05,0,86507.895099635,-0.096099670241038,0,65374.870465848
16.411964876375,-0.093398367560794,0,94139.046785989,4.7778036764535e-05,0,82211.618400772,-626888.87712606,-655900.93354572,-0.00095197483333549,603449.83562242,-0.10079283163248,19601.285489705,850515.56656559,360732.05362742,-6.5616740641254e-05,0,86594.539164418,-0.096135533387283,0,65467.305529539
16.412674136431,-0.093398367560794,0,94139.046785989,4.7778036764535e-05,0,82211.618400772,-626888.87712606,-655900.93354572,-0.00095197483333549,603449.83562242,-0.10079283163248,19601.285489705,850515.56656559,360732.05362742,-6.5616740641254e-05,0,86594.539164418,-0.096135533387283,0,65467.305529539
16.413525248499,-0.093426604649823,0,94213.35376195,4.7740754482359e-05,0,82284.83867569,-628224.2560234,-656026.15678727,-0.00095197483333549,604592.93623115,-0.10082909852325,19643.035562414,852227.29077916,360798.08384953,-6.559281971731e-05,0,86668.887727258,-0.096166212762529,0,65547.675181484
16.41454658298,-0.093426604649823,0,94213.35376195,4.7740754482359e-05,0,82284.83867569,-628224.2560234,-656026.15678727,-0.00095197483333549,604592.93623115,-0.10082909852325,19643.035562414,852227.29077916,360798.08384953,-6.559281971731e-05,0,86668.887727258,-0.096166212762529,0,65547.675181484
16.415772184357,-0.093466670030218,0,94319.999850141,4.7695979513132e-05,0,82390.550357352,-630063.9614839,-656202.57060346,-0.00095197483333549,606205.17607014,-0.10088076127112,19697.798792378,854456.04544942,360891.10679722,-6.5557235345534e-05,0,86775.033733891,-0.09620977803712,0,65661.93930037
16.417242906009,-0.093466670030218,0,94319.999850141,4.7695979513132e-05,0,82390.550357352,-630063.9614839,-656202.57060346,-0.00095197483333549,606205.17607014,-0.10088076127112,19697.798792378,854456.04544942,360891.10679722,-6.5557235345534e-05,0,86775.033733891,-0.09620977803712,0,65661.93930037
16.419007771992,-0.09352436744278,0,94474.135313657,4.7618464475162e-05,0,82542.834352978,-632832.25344219,-656456.37889973,-0.00095197483333549,608560.50389828,-0.10095507455138,19782.297365305,857907.93531271,361024.93986472,-6.5508586332301e-05,0,86928.873837911,-0.096272538652174,0,65828.195820885
16.421125611171,-0.093563066295711,0,94574.75723047,4.757732910096e-05,0,82642.661213557,-634554.45688562,-656628.87167175,-0.00095197483333549,610090.40626556,-0.10100473827179,19834.467908789,860019.7329366,361115.89524431,-6.5472677834082e-05,0,87028.91939935,-0.096314539727931,0,65936.132440776
16.423667018186,-0.093608610708286,0,94695.860902016,4.7507334198423e-05,0,82761.252770746,-636672.98783966,-656829.76649092,-0.00095197483333549,611987.13251668,-0.10106334224096,19905.211576386,862946.0506647,361221.82706976,-6.5439331526809e-05,0,87150.605508951,-0.096364072006094,0,66068.445487929
16.426716706605,-0.09366321985742,0,94840.972610879,4.7437746146744e-05,0,82904.793513835,-639255.22965461,-657070.60691501,-0.00095197483333549,614208.27118506,-0.10113366520708,19983.064318024,866129.98524838,361348.82215729,-6.539244464027e-05,0,87295.268566838,-0.096423447025888,0,66224.832668141
16.42763161313,-0.09366321985742,0,94840.972610879,4.7437746146744e-05,0,82904.793513835,-639255.22965461,-657070.60691501,-0.00095197483333549,614208.27118506,-0.10113366520708,19983.064318024,866129.98524838,361348.82215729,-6.539244464027e-05,0,87295.268566838,-0.096423447025888,0,66224.832668141
16.427860339762,-0.09366321985742,0,94840.972610879,4.7437746146744e-05,0,82904.793513835,-639255.22965461,-657070.60691501,-0.00095197483333549,614208.27118506,-0.10113366520708,19983.064318024,866129.98524838,361348.82215729,-6.539244464027e-05,0,87295.268566838,-0.096423447025888,0,66224.832668141
16.427974703077,-0.093674340689539,0,94868.339935588,4.7433230919013e-05,0,82931.886778592,-639726.40564984,-657120.99754584,-0.00095197483333549,614611.45706415,-0.10114790884155,19998.528462204,866773.90646231,361375.39315513,-6.5389325757796e-05,0,87322.717241478,-0.096435464096127,0,66253.295406215
16.428089066393,-0.093674340689539,0,94868.339935588,4.7433230919013e-05,0,82931.886778592,-639726.40564984,-657120.99754584,-0.00095197483333549,614611.45706415,-0.10114790884155,19998.528462204,866773.90646231,361375.39315513,-6.5389325757796e-05,0,87322.717241478,-0.096435464096127,0,66253.295406215
16.428226302372,-0.093674340689539,0,94868.339935588,4.7433230919013e-05,0,82931.886778592,-639726.40564984,-657120.99754584,-0.00095197483333549,614611.45706415,-0.10114790884155,19998.528462204,866773.90646231,361375.39315513,-6.5389325757796e-05,0,87322.717241478,-0.096435464096127,0,66253.295406215
16.428390985546,-0.093674340689539,0,94868.339935588,4.7433230919013e-05,0,82931.886778592,-639726.40564984,-657120.99754584,-0.00095197483333549,614611.45706415,-0.10114790884155,19998.528462204,866773.90646231,361375.39315513,-6.5389325757796e-05,0,87322.717241478,-0.096435464096127,0,66253.295406215
16.428588605356,-0.093674340689539,0,94868.339935588,4.7433230919013e-05,0,82931.886778592,-639726.40564984,-657120.99754584,-0.00095197483333549,614611.45706415,-0.10114790884155,19998.528462204,866773.90646231,361375.39315513,-6.5389325757796e-05,0,87322.717241478,-0.096435464096127,0,66253.295406215
16.428825749127,-0.093674340689539,0,94868.339935588,4.7433230919013e-05,0,82931.886778592,-639726.40564984,-657120.99754584,-0.00095197483333549,614611.45706415,-0.10114790884155,19998.528462204,866773.90646231,361375.39315513,-6.5389325757796e-05,0,87322.717241478,-0.096435464096127,0,66253.295406215
16.429110321653,-0.093706864383562,0,94951.966382883,4.7409077272138e-05,0,83014.216945126,-641170.40956639,-657265.70214973,-0.00095197483333549,615868.62226328,-0.10118977338283,20046.034201789,868729.84404887,361451.69592747,-6.5378200829724e-05,0,87406.786280592,-0.096470729865879,0,66341.372204984
16.429451808684,-0.093706864383562,0,94951.966382883,4.7409077272138e-05,0,83014.216945126,-641170.40956639,-657265.70214973,-0.00095197483333549,615868.62226328,-0.10118977338283,20046.034201789,868729.84404887,361451.69592747,-6.5378200829724e-05,0,87406.786280592,-0.096470729865879,0,66341.372204984
16.429861593121,-0.093706864383562,0,94951.966382883,4.7409077272138e-05,0,83014.216945126,-641170.40956639,-657265.70214973,-0.00095197483333549,615868.62226328,-0.10118977338283,20046.034201789,868729.84404887,361451.69592747,-6.5378200829724e-05,0,87406.786280592,-0.096470729865879,0,66341.372204984
16.430353334445,-0.093706864383562,0,94951.966382883,4.7409077272138e-05,0,83014.216945126,-641170.40956639,-657265.70214973,-0.00095197483333549,615868.62226328,-0.10118977338283,20046.034201789,868729.84404887,361451.69592747,-6.5378200829724e-05,0,87406.786280592,-0.096470729865879,0,66341.372204984
16.430943424034,-0.093739846001768,0,95039.093045457,4.7370973525715e-05,0,83100.608355166,-642709.57191215,-657411.62787218,-0.00095197483333549,617183.9918933,-0.10123222512702,20093.549974185,870689.27950396,361528.64254206,-6.5348264409369e-05,0,87493.538291017,-0.096506570638368,0,66434.81774757
16.431651531542,-0.093739846001768,0,95039.093045457,4.7370973525715e-05,0,83100.608355166,-642709.57191215,-657411.62787218,-0.00095197483333549,617183.9918933,-0.10123222512702,20093.549974185,870689.27950396,361528.64254206,-6.5348264409369e-05,0,87493.538291017,-0.096506570638368,0,66434.81774757
16.43250126055,-0.093739846001768,0,95039.093045457,4.7370973525715e-05,0,83100.608355166,-642709.57191215,-657411.62787218,-0.00095197483333549,617183.9918933,-0.10123222512702,20093.549974185,870689.27950396,361528.64254206,-6.5348264409369e-05,0,87493.538291017,-0.096506570638368,0,66434.81774757
16.43352093536,-0.093785850105748,0,95161.969997204,4.7311005495348e-05,0,83221.955837104,-644891.53600385,-657614.10487573,-0.00095197483333549,619068.63563087,-0.10129149200764,20160.249066682,873402.98349288,361635.40862931,-6.5306776071961e-05,0,87616.214679075,-0.096556611730651,0,66567.553729357
16.434744545133,-0.093785850105748,0,95161.969997204,4.7311005495348e-05,0,83221.955837104,-644891.53600385,-657614.10487573,-0.00095197483333549,619068.63563087,-0.10129149200764,20160.249066682,873402.98349288,361635.40862931,-6.5306776071961e-05,0,87616.214679075,-0.096556611730651,0,66567.553729357
16.436212876859,-0.093834194856373,0,95289.342278804,4.7268533450142e-05,0,83348.360397323,-647086.76110025,-657827.84794585,-0.00095197483333549,620992.52197565,-0.10135378612429,20226.099969861,876063.87169652,361748.11528065,-6.5260059558247e-05,0,87742.937607328,-0.096609134867173,0,66703.535473434
16.437974874932,-0.093866420891206,0,95373.47914428,4.7214220932779e-05,0,83430.36792963,-648520.56716331,-657971.47503143,-0.00095197483333549,622334.53648109,-0.1013951230305,20276.586512314,878164.66672548,361823.84983661,-6.5237804517062e-05,0,87827.776800415,-0.096644136045415,0,66796.43198826
16.440089272618,-0.093904232172117,0,95472.261214692,4.7183452157307e-05,0,83528.099097541,-650280.16594463,-658138.60580278,-0.00095197483333549,623809.02923459,-0.10144390152975,20331.42929031,880433.93270838,361911.97791085,-6.5219365164188e-05,0,87926.64906559,-0.096685184743658,0,66900.470415142
16.442626549842,-0.093949656249694,0,95592.690839013,4.7132357490567e-05,0,83647.004018825,-652366.59226267,-658339.01669799,-0.00095197483333549,625654.01088922,-0.10150242353475,20396.790548862,883080.44430654,362017.65454377,-6.5179384504133e-05,0,88046.965818536,-0.096734563775501,0,67030.05847976
16.445671282511,-0.094004193988506,0,95737.864365072,4.706476074037e-05,0,83790.735374931,-654953.81185191,-658579.47101433,-0.00095197483333549,627860.1124759,-0.10157263831619,20474.936573841,886296.56506866,362144.44605764,-6.512776531583e-05,0,88191.61765545,-0.096793868121253,0,67186.360676732
16.449324961713,-0.094069597991163,0,95911.204189921,4.6979800081074e-05,0,83961.743082024,-658097.65522119,-658867.94110145,-0.00095197483333549,630509.70753547,-0.10165685175954,20572.892681162,890331.4493563,362296.55633094,-6.5080381109201e-05,0,88365.091160586,-0.096864966003211,0,67372.932431821
16.453709376756,-0.094148069576141,0,96118.891238117,4.6900938734062e-05,0,84167.747279802,-661692.93506228,-659214.18167775,-0.00095197483333549,633643.83075021,-0.10175799701841,20681.891829426,894764.67086995,362479.12888609,-6.5010145565965e-05,0,88571.841033971,-0.096950250894315,0,67594.882642352
16.458970674807,-0.094242284371585,0,96369.283031349,4.677983404604e-05,0,84415.010119621,-666157.3157771,-659629.6302079,-0.00095197483333549,637482.94780864,-0.10187931065008,20820.362354305,900432.18465772,362698.19482487,-6.4928877578976e-05,0,88821.960590807,-0.09705269213904,0,67865.240658982
16.465284232469,-0.094355346716436,0,96669.781962118,4.6660572053015e-05,0,84713.076502343,-671428.08124982,-660128.21282107,-0.00095197483333549,642046.82329957,-0.10202495734373,20978.279153982,906828.35924097,362961.0972762,-6.4809979923378e-05,0,89120.87295657,-0.097175617642385,0,68188.094188594
16.466231266118,-0.094355346716436,0,96669.781962118,4.6660572053015e-05,0,84713.076502343,-671428.08124982,-660128.21282107,-0.00095197483333549,642046.82329957,-0.10202495734373,20978.279153982,906828.35924097,362961.0972762,-6.4809979923378e-05,0,89120.87295657,-0.097175617642385,0,68188.094188594
16.467178299767,-0.094391801746831,0,96759.377567311,4.6619916410727e-05,0,84800.98091542,-672989.56448901,-660294.91790458,-0.00095197483333549,643454.91911378,-0.10207134868963,21031.628424889,909046.45860699,363049.00090121,-6.4783423750673e-05,0,89211.009736693,-0.097215020262096,0,68285.356628579
16.468314740146,-0.094391801746831,0,96759.377567311,4.6619916410727e-05,0,84800.98091542,-672989.56448901,-660294.91790458,-0.00095197483333549,643454.91911378,-0.10207134868963,21031.628424889,909046.45860699,363049.00090121,-6.4783423750673e-05,0,89211.009736693,-0.097215020262096,0,68285.356628579
16.469678468601,-0.094436582905405,0,96878.349202265,4.656462679362e-05,0,84917.967573,-675019.60917137,-660492.48590945,-0.00095197483333549,645328.90754487,-0.10212906917152,21099.387022932,911783.05589527,363153.17848818,-6.4743138993139e-05,0,89330.134548983,-0.097263714480489,0,68414.575414542
16.471314942747,-0.094466505075109,0,96956.36526034,4.6531804493247e-05,0,84995.120351464,-676382.15105835,-660625.85716223,-0.00095197483333549,646506.90003607,-0.10216748833778,21140.996024838,913534.65313207,363223.50514068,-6.4710321920653e-05,0,89407.996824728,-0.097296199659817,0,68498.878210402
16.473278711722,-0.094501674946423,0,97049.529632044,4.6457385704983e-05,0,85085.637080055,-677992.6483969,-660781.10258953,-0.00095197483333549,648006.5791342,-0.10221281618553,21198.910306611,915960.30725323,363305.36604754,-6.4706190099352e-05,0,89502.341710781,-0.097334443638024,0,68601.648975819
16.475635234492,-0.094543895513183,0,97161.864106327,4.6415524915211e-05,0,85196.909225342,-679986.60429559,-660967.21797253,-0.00095197483333549,649709.97164258,-0.10226718755518,21257.953204971,918377.1946225,363403.50464906,-6.4657077483992e-05,0,89614.24284834,-0.097380352105736,0,68722.547186849
16.478463061817,-0.094594550346484,0,97296.474975577,4.6341354682554e-05,0,85329.65694033,-682394.82579242,-661190.49789558,-0.00095197483333549,651790.17287771,-0.10233239867518,21334.224476614,921495.54004045,363521.24012959,-6.4621395254092e-05,0,89748.956563,-0.097435430756849,0,68868.113355394
16.481856454606,-0.094655350123658,0,97458.250707716,4.6273081505705e-05,0,85489.947682472,-685255.15682112,-661458.48170106,-0.00095197483333549,654241.43206454,-0.10241068855297,21419.41731796,924980.46232798,363662.5479237,-6.4556879675786e-05,0,89910.101999589,-0.097501542510274,0,69042.377103953
16.485928525952,-0.094728300065425,0,97652.277753447,4.6168239419432e-05,0,85681.300571244,-688718.85773659,-661780.0163767,-0.00095197483333549,657253.62170884,-0.10250459708223,21529.893749107,929487.78374283,363832.09311711,-6.4500014346591e-05,0,90104.159805885,-0.097580871019891,0,69252.691378217
16.48837176876,-0.094773179211177,0,97768.598117206,4.6121888943669e-05,0,85796.561613356,-690739.90395845,-661980.367875,-0.00095197483333549,659019.55794762,-0.10256217700191,21590.868448326,931996.80897217,363937.73842828,-6.4451970292321e-05,0,90220.083118894,-0.097629570424058,0,69378.095974317
16.489593390164,-0.094795873331288,0,97826.401098991,4.6094199051949e-05,0,85853.456801414,-691784.04098454,-662082.33941524,-0.00095197483333549,659919.77198416,-0.10259124223314,21625.387722862,933419.2851433,363991.50805974,-6.4437378220841e-05,0,90278.125304916,-0.097654164485829,0,69440.433310553
16.490815011568,-0.094817883775404,0,97884.169162545,4.6077267144108e-05,0,85910.834013296,-692746.94580222,-662179.8377632,-0.00095197483333549,660787.51626324,-0.10261962987241,21654.616159492,934603.89268487,364042.91891465,-6.4414184735155e-05,0,90335.584154976,-0.097678070035297,0,69502.163340122
16.492280957253,-0.094829205573164,0,97913.462524341,4.6070136887175e-05,0,85939.738514183,-693274.54144506,-662229.90977374,-0.00095197483333549,661225.73204141,-0.10263424728783,21672.700705286,935363.87265514,364069.32190918,-6.4411464774143e-05,0,90365.049383352,-0.097690351592793,0,69532.782699188
16.492720740959,-0.094829205573164,0,97913.462524341,4.6070136887175e-05,0,85939.738514183,-693274.54144506,-662229.90977374,-0.00095197483333549,661225.73204141,-0.10263424728783,21672.700705286,935363.87265514,364069.32190918,-6.4411464774143e-05,0,90365.049383352,-0.097690351592793,0,69532.782699188
16.493160524664,-0.094841754003582,0,97945.361935951,4.6060947320889e-05,0,85970.897572956,-693830.69224385,-662285.4629096,-0.00095197483333549,661691.7857806,-0.10265048063926,21691.707643018,936160.74868697,364098.61511863,-6.4421746482713e-05,0,90397.605673645,-0.097703943573863,0,69565.344570518
16.493688265111,-0.094848066043701,0,97960.998095552,4.6058974340243e-05,0,85986.187573404,-694075.31843524,-662313.56156023,-0.00095197483333549,661914.11609659,-0.1026586639146,21700.804109013,936545.63308956,364113.43155207,-6.4430364009737e-05,0,90413.603743788,-0.097710765517558,0,69580.841486849
16.494321553646,-0.094862508048017,0,97998.243518165,4.6057826952511e-05,0,86023.298351458,-694611.64908512,-662377.5065796,-0.00095197483333549,662460.71960621,-0.10267737247761,21718.714282999,937253.83576245,364147.14972181,-6.4423144857196e-05,0,90450.642318965,-0.097726424663437,0,69619.342183301
16.495081499889,-0.094877486814344,0,98036.606511667,4.6051172391101e-05,0,86061.167176362,-695230.90420575,-662443.92529596,-0.00095197483333549,663022.52202618,-0.10269673796633,21739.406084606,938104.76926329,364182.17231324,-6.442325905794e-05,0,90489.255429664,-0.097742657986375,0,69658.904957737
16.495993435381,-0.094910414810522,0,98121.867247229,4.6036958571653e-05,0,86145.841236843,-696635.08061245,-662589.75610661,-0.00095197483333549,664268.21565322,-0.10273926628745,21782.898758612,939872.06535166,364259.0688789,-6.4407666300996e-05,0,90574.422058759,-0.097778373915427,0,69747.431969802
16.497087757971,-0.094910414810522,0,98121.867247229,4.6036958571653e-05,0,86145.841236843,-696635.08061245,-662589.75610661,-0.00095197483333549,664268.21565322,-0.10273926628745,21782.898758612,939872.06535166,364259.0688789,-6.4407666300996e-05,0,90574.422058759,-0.097778373915427,0,69747.431969802
16.498400945079,-0.094953475230225,0,98237.024174903,4.5967548238111e-05,0,86259.242682269,-698668.8939384,-662779.36258822,-0.00095197483333549,666059.08347954,-0.1027947141406,21848.065199024,942547.64475484,364359.04834871,-6.4373849851587e-05,0,90689.701020471,-0.097825221598699,0,69872.845286003
16.499976769608,-0.094953475230225,0,98237.024174903,4.5967548238111e-05,0,86259.242682269,-698668.8939384,-662779.36258822,-0.00095197483333549,666059.08347954,-0.1027947141406,21848.065199024,942547.64475484,364359.04834871,-6.4373849851587e-05,0,90689.701020471,-0.097825221598699,0,69872.845286003
16.501867759044,-0.095015340669251,0,98402.758872616,4.5896282160958e-05,0,86423.44178504,-701660.09220961,-663051.36900197,-0.00095197483333549,668577.5076305,-0.10287441139239,21936.360077336,946158.74589744,364502.47727259,-6.4302694298759e-05,0,90854.739667665,-0.09789253004633,0,70051.803701722
16.504136946366,-0.095056852902939,0,98511.030438023,4.5834395012285e-05,0,86530.195881927,-703574.55391046,-663236.21504312,-0.00095197483333549,670273.02741203,-0.10292767331025,21998.07209798,948662.42461817,364599.94657343,-6.4270503834711e-05,0,90963.078773272,-0.097937603061787,0,70169.609248266
16.506859971153,-0.095105667081044,0,98640.554619011,4.5781337974614e-05,0,86658.549090487,-705826.7715156,-663451.51716338,-0.00095197483333549,672231.25214275,-0.10299056848635,22065.536233266,951416.86645705,364713.47532785,-6.4221699125607e-05,0,91092.152330018,-0.097990669240781,0,70308.867595939
16.510127600898,-0.095164205548542,0,98796.183046652,4.5701145819828e-05,0,86812.369229839,-708608.07920992,-663709.55769416,-0.00095197483333549,674626.75665382,-0.10306596132726,22151.914921291,954963.7492952,364849.54005256,-6.4173557001397e-05,0,91247.591138071,-0.098054320916076,0,70477.104291891
16.514048756591,-0.095234466339453,0,98983.129198606,4.562715938338e-05,0,86997.81028844,-711886.0226438,-664019.23155333,-0.00095197483333549,677461.10920727,-0.10315646924369,22249.455418319,958895.61105785,365012.83097342,-6.4095003534214e-05,0,91433.575214886,-0.098130718597455,0,70678.375713424
16.516401450007,-0.095277690065272,0,99095.217158338,4.5540618214613e-05,0,87106.935480361,-713811.70015665,-664212.08326976,-0.00095197483333549,679275.8647276,-0.10321187149205,22319.430219171,961830.07109656,365114.52169043,-6.4081435689979e-05,0,91546.900039618,-0.098177639529246,0,70802.153760104
16.518754143423,-0.095320127353299,0,99207.54465735,4.550106966266e-05,0,87218.379688987,-715796.75562061,-664399.63244134,-0.00095197483333549,680978.13613051,-0.10326645364201,22378.510120792,964248.39553786,365213.41632961,-6.40281993765e-05,0,91658.604521005,-0.098223763383368,0,70923.106286143
16.521577375522,-0.095370727327297,0,99341.535200454,4.5432214547412e-05,0,87350.870328994,-718184.43357891,-664622.69217885,-0.00095197483333549,683023.56143273,-0.10333160732447,22452.757690856,967286.22394435,365331.03569977,-6.3995176206378e-05,0,91792.560274891,-0.098278761212069,0,71066.975880536
16.523271314782,-0.095401856139852,0,99422.484476592,4.5396847836048e-05,0,87431.093401998,-719621.11524014,-664761.49960289,-0.00095197483333549,684256.33623997,-0.1033715019905,22495.4794866,969027.22176562,365404.22883613,-6.3960311180003e-05,0,91873.153414453,-0.09831254848447,0,71154.488034114
16.524118284411,-0.095401856139852,0,99422.484476592,4.5396847836048e-05,0,87431.093401998,-719621.11524014,-664761.49960289,-0.00095197483333549,684256.33623997,-0.1033715019905,22495.4794866,969027.22176562,365404.22883613,-6.3960311180003e-05,0,91873.153414453,-0.09831254848447,0,71154.488034114
16.524965254041,-0.095432370746406,0,99502.673871975,4.5349674312847e-05,0,87509.861175079,-720992.23084504,-664896.47693457,-0.00095197483333549,685514.11936921,-0.10341078212041,22542.309082864,970949.8550827,365475.40237368,-6.3946695164936e-05,0,91953.680440024,-0.098345700657166,0,71241.460052703
16.525981617597,-0.095432370746406,0,99502.673871975,4.5349674312847e-05,0,87509.861175079,-720992.23084504,-664896.47693457,-0.00095197483333549,685514.11936921,-0.10341078212041,22542.309082864,970949.8550827,365475.40237368,-6.3946695164936e-05,0,91953.680440024,-0.098345700657166,0,71241.460052703
16.52659143573,-0.095461711655772,0,99580.173457803,4.5316005048834e-05,0,87586.555385528,-722384.32777771,-665026.16759144,-0.00095197483333549,686687.36759138,-0.10344849603202,22583.788083617,972653.92420094,365543.78824897,-6.3917777316486e-05,0,92031.033630381,-0.098377585123465,0,71324.798630498
16.527201253864,-0.095461711655772,0,99580.173457803,4.5316005048834e-05,0,87586.555385528,-722384.32777771,-665026.16759144,-0.00095197483333549,686687.36759138,-0.10344849603202,22583.788083617,972653.92420094,365543.78824897,-6.3917777316486e-05,0,92031.033630381,-0.098377585123465,0,71324.798630498
16.527933035624,-0.095486003682765,0,99643.337834735,4.5286927572755e-05,0,87649.023665714,-723489.90864748,-665133.97806336,-0.00095197483333549,687650.64440845,-0.10347975155551,22618.902159285,974094.52102118,365600.63670436,-6.3905292608242e-05,0,92094.20753004,-0.098403950066548,0,71392.317062366
16.528811173736,-0.095486003682765,0,99643.337834735,4.5286927572755e-05,0,87649.023665714,-723489.90864748,-665133.97806336,-0.00095197483333549,687650.64440845,-0.10347975155551,22618.902159285,974094.52102118,365600.63670436,-6.3905292608242e-05,0,92094.20753004,-0.098403950066548,0,71392.317062366
16.529338056603,-0.095511305565722,0,99710.625254099,4.5250477077917e-05,0,87715.513138225,-724706.98434714,-665245.64035704,-0.00095197483333549,688673.24101301,-0.10351227483906,22655.565142341,975616.35783888,365659.51621565,-6.3881396258721e-05,0,92161.396427058,-0.098431462447123,0,71465.248223359
16.52986493947,-0.095511305565722,0,99710.625254099,4.5250477077917e-05,0,87715.513138225,-724706.98434714,-665245.64035704,-0.00095197483333549,688673.24101301,-0.10351227483906,22655.565142341,975616.35783888,365659.51621565,-6.3881396258721e-05,0,92161.396427058,-0.098431462447123,0,71465.248223359
16.530497198911,-0.095532290644543,0,99765.216664035,4.5224589290101e-05,0,87769.210769376,-725635.5238367,-665338.76561421,-0.00095197483333549,689530.79162797,-0.10353927831982,22687.268987978,976902.66048827,365708.62115477,-6.387050706063e-05,0,92216.168650268,-0.098454241983406,0,71524.118255537
16.53125591024,-0.095532290644543,0,99765.216664035,4.5224589290101e-05,0,87769.210769376,-725635.5238367,-665338.76561421,-0.00095197483333549,689530.79162797,-0.10353927831982,22687.268987978,976902.66048827,365708.62115477,-6.387050706063e-05,0,92216.168650268,-0.098454241983406,0,71524.118255537
16.532166363835,-0.095562083877273,0,99844.571197097,4.5189242628328e-05,0,87847.691291592,-727051.00376194,-665469.79875007,-0.00095197483333549,690725.03812326,-0.10357764978015,22729.737088713,978655.66673827,365777.71491557,-6.3845391874212e-05,0,92295.477469841,-0.098486638781027,0,71609.146414082
16.533258908148,-0.095582042589827,0,99896.029461441,4.5154125512764e-05,0,87897.971054485,-727928.82865175,-665558.76177911,-0.00095197483333549,691539.17118057,-0.10360327972806,22761.242790197,979969.17089628,365824.62512719,-6.3843675042133e-05,0,92347.44784586,-0.098508291671647,0,71665.120129603
16.534569961325,-0.095605571731845,0,99958.799483529,4.5122352228476e-05,0,87960.042157984,-729065.50408841,-665662.43168409,-0.00095197483333549,692499.07653856,-0.10363354380438,22795.362516933,981369.96549103,365879.2902509,-6.3820163693891e-05,0,92410.065881745,-0.098533882356656,0,71733.084198704
16.536143225136,-0.09563371298247,0,100032.92305756,4.5096967644883e-05,0,88033.642909882,-730357.55768104,-665786.59001028,-0.00095197483333549,693614.48141449,-0.10366984585558,22834.805284732,982976.42681823,365944.75890245,-6.3797837148599e-05,0,92483.867330378,-0.098564454478583,0,71811.983363819
16.53803114171,-0.095667551969162,0,100122.68452415,4.5058473292962e-05,0,88122.619909554,-731867.87829611,-665935.74573474,-0.00095197483333549,694980.63748463,-0.10371344574282,22880.336019423,984798.6729681,366023.40864384,-6.3767119606472e-05,0,92573.272817506,-0.098601238465996,0,71908.40458069
16.540296641599,-0.095708136121774,0,100230.30219579,4.5009159914415e-05,0,88229.244047955,-733777.97809698,-666114.61514412,-0.00095197483333549,696609.02244046,-0.1037657141447,22938.501686385,987194.75245724,366117.72644288,-6.3733048175301e-05,0,92680.613771842,-0.098645354639893,0,72023.958510074
16.543015241465,-0.095756833941647,0,100359.33454723,4.495536592832e-05,0,88357.111120357,-735965.75199752,-666329.30433445,-0.00095197483333549,698582.90602017,-0.10382848757549,23006.114707509,989910.04527641,366230.93194849,-6.3689705500431e-05,0,92809.114527503,-0.09869828753046,0,72162.704330394
16.546277561305,-0.095815287164495,0,100514.56481477,4.4881597899351e-05,0,88510.873528479,-738719.36846037,-666586.87978888,-0.00095197483333549,700936.72397746,-0.10390375316034,23089.689742793,993347.61040805,366366.75142662,-6.3639454915537e-05,0,92963.948049542,-0.098761836201101,0,72329.658996769
16.548234953208,-0.095851278393688,0,100608.03078195,4.4832716976643e-05,0,88603.030692511,-740359.50189647,-666747.34700441,-0.00095197483333549,702389.92386987,-0.10394986804686,23142.655863894,995491.82850247,366451.36576945,-6.3607824581766e-05,0,93057.466601616,-0.098800898850298,0,72431.138545769
16.54921364916,-0.095851278393688,0,100608.03078195,4.4832716976643e-05,0,88603.030692511,-740359.50189647,-666747.34700441,-0.00095197483333549,702389.92386987,-0.10394986804686,23142.655863894,995491.82850247,366451.36576945,-6.3607824581766e-05,0,93057.466601616,-0.098800898850298,0,72431.138545769
16.549458323148,-0.095873718471864,0,100665.43044165,4.4819243867016e-05,0,88660.089605132,-741324.58531025,-666847.57654601,-0.00095197483333549,703252.76913714,-0.10397870059635,23173.105549795,996736.07852784,366504.21679693,-6.3588657233872e-05,0,93114.601707365,-0.098825219236317,0,72491.83942882
16.549702997136,-0.095873718471864,0,100665.43044165,4.4819243867016e-05,0,88660.089605132,-741324.58531025,-666847.57654601,-0.00095197483333549,703252.76913714,-0.10397870059635,23173.105549795,996736.07852784,366504.21679693,-6.3588657233872e-05,0,93114.601707365,-0.098825219236317,0,72491.83942882
16.549996605922,-0.095873718471864,0,100665.43044165,4.4819243867016e-05,0,88660.089605132,-741324.58531025,-666847.57654601,-0.00095197483333549,703252.76913714,-0.10397870059635,23173.105549795,996736.07852784,366504.21679693,-6.3588657233872e-05,0,93114.601707365,-0.098825219236317,0,72491.83942882
16.550348936465,-0.095873718471864,0,100665.43044165,4.4819243867016e-05,0,88660.089605132,-741324.58531025,-666847.57654601,-0.00095197483333549,703252.76913714,-0.10397870059635,23173.105549795,996736.07852784,366504.21679693,-6.3588657233872e-05,0,93114.601707365,-0.098825219236317,0,72491.83942882
16.550771733116,-0.095897365861229,0,100728.42439335,4.4777657786891e-05,0,88721.522000891,-742407.26830164,-666951.90073061,-0.00095197483333549,704256.25850894,-0.10400909765683,23211.119018454,998314.89586566,366559.22693945,-6.3569412135626e-05,0,93178.135351884,-0.098850943527622,0,72561.525716472
16.551279089097,-0.095897365861229,0,100728.42439335,4.4777657786891e-05,0,88721.522000891,-742407.26830164,-666951.90073061,-0.00095197483333549,704256.25850894,-0.10400909765683,23211.119018454,998314.89586566,366559.22693945,-6.3569412135626e-05,0,93178.135351884,-0.098850943527622,0,72561.525716472
16.551887916275,-0.095917543112185,0,100780.79629631,4.4758685867716e-05,0,88773.403930596,-743339.31816727,-667041.41465143,-0.00095197483333549,705045.03709259,-0.104035079248,23239.532194605,999487.03054143,366606.42762947,-6.3557291867656e-05,0,93230.484391631,-0.098872837977225,0,72617.111239492
16.552618508888,-0.095917543112185,0,100780.79629631,4.4758685867716e-05,0,88773.403930596,-743339.31816727,-667041.41465143,-0.00095197483333549,705045.03709259,-0.104035079248,23239.532194605,999487.03054143,366606.42762947,-6.3557291867656e-05,0,93230.484391631,-0.098872837977225,0,72617.111239492
16.553495220024,-0.095946248141442,0,100857.41119295,4.4719190173472e-05,0,88848.974997581,-744690.74517159,-667167.62801536,-0.00095197483333549,706218.02703356,-0.1040720363621,23282.237515948,1001229.2660046,366672.97992715,-6.3534135670126e-05,0,93307.203570552,-0.098904058828918,0,72699.806079046
16.554547273387,-0.095965439627528,0,100906.41471309,4.4699195214265e-05,0,88897.354862365,-745550.20198762,-667253.22878992,-0.00095197483333549,706955.05450044,-0.10409671191212,23309.374891367,1002360.1467632,366718.11722927,-6.3530105507992e-05,0,93356.411546194,-0.098924857170249,0,72751.594384815
16.555809737423,-0.095987985681035,0,100965.87467315,4.4677519473446e-05,0,88956.111703534,-746604.31897544,-667352.75333817,-0.00095197483333549,707867.80886436,-0.10412582309895,23343.735134239,1003768.5078677,366770.59650119,-6.3512072103265e-05,0,93415.741091776,-0.098949357511753,0,72815.601495251
16.557324694266,-0.096015203506114,0,101038.02289691,4.4640258765132e-05,0,89027.479007952,-747849.30800046,-667472.65205988,-0.00095197483333549,708951.31606488,-0.10416080922813,23381.11760266,1005305.5453985,366833.81908919,-6.3493026411936e-05,0,93487.965074957,-0.09897893999097,0,72892.700851192
16.559142642478,-0.096047796811644,0,101124.69792155,4.4597705442729e-05,0,89112.994517337,-749372.37849257,-667616.20004446,-0.00095197483333549,710287.32259952,-0.10420274881975,23429.322789309,1007266.2785395,366909.51191801,-6.3463848476261e-05,0,93574.654934171,-0.099014380675059,0,72986.508196949
16.560233411405,-0.096067794400359,0,101175.37349837,4.4583333613697e-05,0,89163.14451634,-750282.9041358,-667705.5545219,-0.00095197483333549,711040.29320578,-0.10422842723079,23458.765339639,1008507.3227985,366956.62856023,-6.3456449547462e-05,0,93625.452558753,-0.099036038102517,0,73039.656716232
16.561324180331,-0.096067794400359,0,101175.37349837,4.4583333613697e-05,0,89163.14451634,-750282.9041358,-667705.5545219,-0.00095197483333549,711040.29320578,-0.10422842723079,23458.765339639,1008507.3227985,366956.62856023,-6.3456449547462e-05,0,93625.452558753,-0.099036038102517,0,73039.656716232
16.562633103044,-0.09611033242021,0,101289.94242148,4.4514920369275e-05,0,89275.725353256,-752325.62082638,-667891.88745482,-0.00095197483333549,712813.94234492,-0.10428325917745,23524.521543074,1011230.8044226,367054.88190514,-6.3424858836722e-05,0,93740.465435683,-0.09908234454491,0,73164.487973304
16.564203810299,-0.096139024488973,0,101363.79333308,4.4485572698121e-05,0,89348.781882692,-753622.16990493,-668019.68359591,-0.00095197483333549,713940.21099616,-0.10432010990686,23565.563957592,1012914.2322233,367122.26880703,-6.3407700958442e-05,0,93814.329723306,-0.099113459173531,0,73243.239772481
16.566088659004,-0.096155097367117,0,101405.59743373,4.4483174907344e-05,0,89390.58113863,-754260.62746593,-668090.72458736,-0.00095197483333549,714554.76257546,-0.10434090071677,23584.611239788,1013659.4289342,367159.72866117,-6.3393260893931e-05,0,93855.69801238,-0.099130898776698,0,73286.850590132
16.566654113616,-0.096155097367117,0,101405.59743373,4.4483174907344e-05,0,89390.58113863,-754260.62746593,-668090.72458736,-0.00095197483333549,714554.76257546,-0.10434090071677,23584.611239788,1013659.4289342,367159.72866117,-6.3393260893931e-05,0,93855.69801238,-0.099130898776698,0,73286.850590132
16.566724795442,-0.096169418451048,0,101442.49913772,4.4470595923296e-05,0,89427.025872823,-754898.21922601,-668154.1982146,-0.00095197483333549,715099.13471546,-0.10435935584893,23604.531467706,1014479.224147,367193.19831119,-6.339136355591e-05,0,93892.806689921,-0.099146427783798,0,73325.402791172
16.566795477269,-0.096169418451048,0,101442.49913772,4.4470595923296e-05,0,89427.025872823,-754898.21922601,-668154.1982146,-0.00095197483333549,715099.13471546,-0.10435935584893,23604.531467706,1014479.224147,367193.19831119,-6.339136355591e-05,0,93892.806689921,-0.099146427783798,0,73325.402791172
16.566880295461,-0.096169418451048,0,101442.49913772,4.4470595923296e-05,0,89427.025872823,-754898.21922601,-668154.1982146,-0.00095197483333549,715099.13471546,-0.10435935584893,23604.531467706,1014479.224147,367193.19831119,-6.339136355591e-05,0,93892.806689921,-0.099146427783798,0,73325.402791172
16.566982077291,-0.096169418451048,0,101442.49913772,4.4470595923296e-05,0,89427.025872823,-754898.21922601,-668154.1982146,-0.00095197483333549,715099.13471546,-0.10435935584893,23604.531467706,1014479.224147,367193.19831119,-6.339136355591e-05,0,93892.806689921,-0.099146427783798,0,73325.402791172
16.567104215487,-0.096169418451048,0,101442.49913772,4.4470595923296e-05,0,89427.025872823,-754898.21922601,-668154.1982146,-0.00095197483333549,715099.13471546,-0.10435935584893,23604.531467706,1014479.224147,367193.19831119,-6.339136355591e-05,0,93892.806689921,-0.099146427783798,0,73325.402791172
16.567250781322,-0.096169418451048,0,101442.49913772,4.4470595923296e-05,0,89427.025872823,-754898.21922601,-668154.1982146,-0.00095197483333549,715099.13471546,-0.10435935584893,23604.531467706,1014479.224147,367193.19831119,-6.339136355591e-05,0,93892.806689921,-0.099146427783798,0,73325.402791172
16.567426660325,-0.096169418451048,0,101442.49913772,4.4470595923296e-05,0,89427.025872823,-754898.21922601,-668154.1982146,-0.00095197483333549,715099.13471546,-0.10435935584893,23604.531467706,1014479.224147,367193.19831119,-6.339136355591e-05,0,93892.806689921,-0.099146427783798,0,73325.402791172
16.567637715128,-0.096200715288995,0,101524.71202705,4.4442264287609e-05,0,89508.551423224,-756345.08440139,-668292.46722417,-0.00095197483333549,716326.35710975,-0.10439963740512,23648.912569498,1016302.7381705,367266.10755004,-6.3364749481553e-05,0,93974.872374964,-0.099180418678001,0,73412.762299166
16.567890980891,-0.096200715288995,0,101524.71202705,4.4442264287609e-05,0,89508.551423224,-756345.08440139,-668292.46722417,-0.00095197483333549,716326.35710975,-0.10439963740512,23648.912569498,1016302.7381705,367266.10755004,-6.3364749481553e-05,0,93974.872374964,-0.099180418678001,0,73412.762299166
16.568194899807,-0.096200715288995,0,101524.71202705,4.4442264287609e-05,0,89508.551423224,-756345.08440139,-668292.46722417,-0.00095197483333549,716326.35710975,-0.10439963740512,23648.912569498,1016302.7381705,367266.10755004,-6.3364749481553e-05,0,93974.872374964,-0.099180418678001,0,73412.762299166
16.568559602507,-0.096200715288995,0,101524.71202705,4.4442264287609e-05,0,89508.551423224,-756345.08440139,-668292.46722417,-0.00095197483333549,716326.35710975,-0.10439963740512,23648.912569498,1016302.7381705,367266.10755004,-6.3364749481553e-05,0,93974.872374964,-0.099180418678001,0,73412.762299166
16.568997245746,-0.096200715288995,0,101524.71202705,4.4442264287609e-05,0,89508.551423224,-756345.08440139,-668292.46722417,-0.00095197483333549,716326.35710975,-0.10439963740512,23648.912569498,1016302.7381705,367266.10755004,-6.3364749481553e-05,0,93974.872374964,-0.099180418678001,0,73412.762299166
16.569522417633,-0.096234580137472,0,101614.21132989,4.4398973433501e-05,0,89597.16501584,-757923.12389542,-668441.93081646,-0.00095197483333549,717694.93989654,-0.10444323574775,23697.663642729,1018293.0120885,367344.91966955,-6.3338244818217e-05,0,94064.191409969,-0.099217221348529,0,73509.080049411
16.570152623898,-0.096234580137472,0,101614.21132989,4.4398973433501e-05,0,89597.16501584,-757923.12389542,-668441.93081646,-0.00095197483333549,717694.93989654,-0.10444323574775,23697.663642729,1018293.0120885,367344.91966955,-6.3338244818217e-05,0,94064.191409969,-0.099217221348529,0,73509.080049411
16.570908871415,-0.096234580137472,0,101614.21132989,4.4398973433501e-05,0,89597.16501584,-757923.12389542,-668441.93081646,-0.00095197483333549,717694.93989654,-0.10444323574775,23697.663642729,1018293.0120885,367344.91966955,-6.3338244818217e-05,0,94064.191409969,-0.099217221348529,0,73509.080049411
16.571816368436,-0.096275651890126,0,101723.15053538,4.435689752099e-05,0,89705.13031934,-759882.50515952,-668622.85975084,-0.00095197483333549,719342.26853222,-0.10449612961307,23757.291771409,1020741.1451624,367440.32346794,-6.3297312673883e-05,0,94172.785396855,-0.099261868455619,0,73626.017170586
16.572905364862,-0.096275651890126,0,101723.15053538,4.435689752099e-05,0,89705.13031934,-759882.50515952,-668622.85975084,-0.00095197483333549,719342.26853222,-0.10449612961307,23757.291771409,1020741.1451624,367440.32346794,-6.3297312673883e-05,0,94172.785396855,-0.099261868455619,0,73626.017170586
16.574212160572,-0.096318748471222,0,101836.37286613,4.4311022731059e-05,0,89817.440779687,-761739.28401802,-668813.18846934,-0.00095197483333549,721065.03056803,-0.10455165739338,23814.295281768,1023013.9771775,367540.68369522,-6.3265964670649e-05,0,94285.584005981,-0.099308677566504,0,73746.995145417
16.575780315424,-0.096318748471222,0,101836.37286613,4.4311022731059e-05,0,89817.440779687,-761739.28401802,-668813.18846934,-0.00095197483333549,721065.03056803,-0.10455165739338,23814.295281768,1023013.9771775,367540.68369522,-6.3265964670649e-05,0,94285.584005981,-0.099308677566504,0,73746.995145417
16.577662101247,-0.096380349715447,0,102001.01594881,4.4241874973707e-05,0,89980.878868981,-764641.72806093,-669083.87981058,-0.00095197483333549,723560.0774645,-0.10463101093611,23900.738565558,1026523.1554888,367683.41913098,-6.3197363155464e-05,0,94449.368432506,-0.099375682523494,0,73924.407094645
16.579920244235,-0.096421693653408,0,102108.4012439,4.418470025549e-05,0,90086.83429504,-766522.97973647,-669267.69742032,-0.00095197483333549,725224.49490623,-0.10468401645502,23960.868333073,1028988.9939562,367780.34612286,-6.3168196055735e-05,0,94556.85640156,-0.099420554114879,0,74040.530346605
16.581275130027,-0.096421693653408,0,102108.4012439,4.418470025549e-05,0,90086.83429504,-766522.97973647,-669267.69742032,-0.00095197483333549,725224.49490623,-0.10468401645502,23960.868333073,1028988.9939562,367780.34612286,-6.3168196055735e-05,0,94556.85640156,-0.099420554114879,0,74040.530346605
16.581952572923,-0.096437121930787,0,102147.60506856,4.4182661503245e-05,0,90125.884550008,-767135.81976524,-669336.22177838,-0.00095197483333549,725792.77117159,-0.10470394343229,23980.628401358,1029782.3757368,367816.47899445,-6.3163723201795e-05,0,94595.959409578,-0.09943726290492,0,74080.791951179
16.58263001582,-0.096470688804275,0,102235.15387771,4.4135632027637e-05,0,90211.401724667,-768600.20196185,-669484.97115211,-0.00095197483333549,727168.40186813,-0.10474711542753,24032.588138411,1031944.836844,367894.91451147,-6.3146684872256e-05,0,94684.284449004,-0.099473712408332,0,74176.272296986
16.583442947295,-0.096470688804275,0,102235.15387771,4.4135632027637e-05,0,90211.401724667,-768600.20196185,-669484.97115211,-0.00095197483333549,727168.40186813,-0.10474711542753,24032.588138411,1031944.836844,367894.91451147,-6.3146684872256e-05,0,94684.284449004,-0.099473712408332,0,74176.272296986
16.584418465066,-0.096502965149428,0,102320.20662315,4.4100965680378e-05,0,90295.764248501,-770091.73145923,-669627.58923338,-0.00095197483333549,728458.348055,-0.10478861221683,24077.274459029,1033771.1486821,367970.11699864,-6.3114936091298e-05,0,94769.047626179,-0.099508778786867,0,74267.506952856
16.58558908639,-0.096502965149428,0,102320.20662315,4.4100965680378e-05,0,90295.764248501,-770091.73145923,-669627.58923338,-0.00095197483333549,728458.348055,-0.10478861221683,24077.274459029,1033771.1486821,367970.11699864,-6.3114936091298e-05,0,94769.047626179,-0.099508778786867,0,74267.506952856
16.58699383198,-0.096548897777727,0,102441.83911143,4.4041304908302e-05,0,90415.711189537,-772264.2474432,-669829.63328089,-0.00095197483333549,730310.44591826,-0.1048477993215,24146.421153756,1036609.8781793,368076.65482418,-6.3090910005705e-05,0,94891.044316334,-0.099558704769685,0,74397.923385962
16.588679526688,-0.096579762082046,0,102522.03315267,4.4009392309424e-05,0,90495.313124501,-773678.88882448,-669966.90956638,-0.00095197483333549,731527.11963528,-0.10488736952856,24189.76304976,1038394.5038009,368149.04059093,-6.3059531798953e-05,0,94970.894416006,-0.099592199732735,0,74484.011898994
16.590702360337,-0.096616052495504,0,102618.40021254,4.3950377789321e-05,0,90590.135817854,-775383.14819909,-670126.77823921,-0.00095197483333549,733019.21614132,-0.10493405230912,24244.957720994,1040665.1954456,368233.33933196,-6.303706243681e-05,0,95067.592771928,-0.099631659019428,0,74588.791972693
16.593129760716,-0.096659539153793,0,102733.31312252,4.3902412820996e-05,0,90703.914833186,-777447.14358997,-670318.39825146,-0.00095197483333549,734756.46447693,-0.1049900421169,24308.005730579,1043270.3976483,368334.38055021,-6.3003055160071e-05,0,95182.400738227,-0.099678915838422,0,74711.707160979
16.59604264117,-0.096711710609959,0,102871.98219998,4.3827243175743e-05,0,90840.677311991,-779908.02871901,-670548.18152031,-0.00095197483333549,736900.4906143,-0.10505720348603,24384.769174643,1046389.6087821,368455.54523337,-6.2963248023751e-05,0,95321.151364408,-0.099735646637291,0,74862.285200812
16.599538097716,-0.096774415544267,0,103038.35021145,4.3754388056726e-05,0,91005.643154955,-782866.88509704,-670824.33485571,-0.00095197483333549,739417.8890071,-0.10513788006607,24475.070594766,1050119.2037643,368601.16082335,-6.290573024205e-05,0,95487.039533887,-0.099803808931254,0,75040.796525913
16.60373264557,-0.096849648137092,0,103238.79334948,4.3642104449157e-05,0,91203.304415417,-786435.30787946,-671155.47928576,-0.00095197483333549,742524.32015084,-0.10523463294043,24587.895250223,1054713.4164506,368775.77322535,-6.2841722759534e-05,0,95687.65879749,-0.099885631844571,0,75258.950831457
16.608766102996,-0.096939917887061,0,103479.11352891,4.3521147948481e-05,0,91441.512656636,-790671.45758644,-671552.85695709,-0.00095197483333549,746192.95132696,-0.10535079405574,24715.942692583,1059971.675772,368985.31034067,-6.2756838740563e-05,0,95927.095235924,-0.09998379509418,0,75518.985661551
16.610276140224,-0.09695170590175,0,103507.29806596,4.3503915863338e-05,0,91468.736259472,-791199.29075072,-671606.55060699,-0.00095197483333549,746638.31548478,-0.10536575305931,24735.612204959,1060804.740005,369013.62305499,-6.2762974385466e-05,0,95956.062825624,-0.099996511030945,0,75549.201184727
16.611031158838,-0.096966731447749,0,103544.62055147,4.3498618751124e-05,0,91505.896378975,-791745.97971953,-671674.15726431,-0.00095197483333549,747205.14791835,-0.10538503748309,24753.192697177,1061488.0249682,369049.27199401,-6.2753010542489e-05,0,95993.151480639,-0.10001275961748,0,75588.631985069
16.611786177452,-0.096979903117667,0,103577.51180281,4.3492069927921e-05,0,91538.20745312,-792255.28805829,-671733.07241336,-0.00095197483333549,747704.23742512,-0.10540197959237,24771.779141226,1062253.8273487,369080.33794545,-6.2752031390148e-05,0,96026.352615673,-0.10002700987384,0,75623.16358182
16.612692199788,-0.097012390618538,0,103661.32268747,4.3460969884397e-05,0,91620.775874452,-793640.52360658,-671877.23228472,-0.00095197483333549,748983.95188907,-0.10544377432825,24818.373644732,1064170.7123311,369156.3534219,-6.2736465247431e-05,0,96110.536135972,-0.10006224863554,0,75712.686590264
16.613779426592,-0.097012390618538,0,103661.32268747,4.3460969884397e-05,0,91620.775874452,-793640.52360658,-671877.23228472,-0.00095197483333549,748983.95188907,-0.10544377432825,24818.373644732,1064170.7123311,369156.3534219,-6.2736465247431e-05,0,96110.536135972,-0.10006224863554,0,75712.686590264
16.615084098757,-0.097055183291033,0,103775.12942945,4.3415395019819e-05,0,91733.727736754,-795653.4849365,-672065.46180708,-0.00095197483333549,750707.8226789,-0.10549887499906,24879.037110787,1066655.7558176,369255.60679796,-6.269260249327e-05,0,96223.899751242,-0.10010877512358,0,75834.883106908
16.616649705354,-0.097055183291033,0,103775.12942945,4.3415395019819e-05,0,91733.727736754,-795653.4849365,-672065.46180708,-0.00095197483333549,750707.8226789,-0.10549887499906,24879.037110787,1066655.7558176,369255.60679796,-6.269260249327e-05,0,96223.899751242,-0.10010877512358,0,75834.883106908
16.618528433272,-0.097116625530807,0,103938.12225002,4.3349531073789e-05,0,91895.235408642,-798353.62195152,-672335.62144837,-0.00095197483333549,753200.88356524,-0.10557812870493,24964.745861619,1070097.7633319,369398.06183185,-6.2641973977544e-05,0,96386.355794377,-0.10017556797267,0,76010.149330192
16.620782906772,-0.09715792620457,0,104045.39042932,4.3296820381045e-05,0,92001.389475941,-800262.432821,-672519.07166768,-0.00095197483333549,754852.97871659,-0.10563105390152,25023.45108676,1072512.9407796,369494.79508273,-6.2607319939184e-05,0,96493.49245984,-0.10022039275707,0,76126.156134813
16.623488274973,-0.097206510553309,0,104174.54634894,4.3238966077434e-05,0,92129.516316613,-802548.4220386,-672732.90499436,-0.00095197483333549,756813.62010998,-0.10569353625479,25092.190527277,1075322.6311747,369607.54932788,-6.2556095770094e-05,0,96622.142610679,-0.10027321773406,0,76265.628450456
16.625111495894,-0.097236343488892,0,104250.71900361,4.3205620715546e-05,0,92204.724337717,-803908.59896265,-672865.83395339,-0.00095197483333549,757990.62914826,-0.10573176507592,25136.9997976,1077174.9487149,369677.64277743,-6.2542036911586e-05,0,96698.555488375,-0.10030555264745,0,76347.266295881
16.626734716814,-0.097265605876235,0,104327.06641558,4.3179619957734e-05,0,92280.332067782,-805239.28266402,-672995.14893438,-0.00095197483333549,759132.44169421,-0.10576941574632,25177.833536377,1078839.2546862,369745.83055117,-6.2521532926335e-05,0,96774.950440231,-0.10033731825491,0,76428.388153257
16.628682581919,-0.097300523323736,0,104419.264593,4.3133750992465e-05,0,92371.445550358,-806870.79938315,-673148.94778731,-0.00095197483333549,760547.9539645,-0.10581435410806,25229.678318972,1080979.1533575,369826.92867023,-6.2500366581635e-05,0,96867.234227553,-0.10037526322603,0,76527.538117084
16.631020020044,-0.097342416240908,0,104529.87207994,4.3086780844732e-05,0,92480.750970642,-808753.36258045,-673333.46630959,-0.00095197483333549,762242.63519698,-0.10586830204287,25289.928068882,1083404.2342019,369924.22523029,-6.2468486724504e-05,0,96977.825432673,-0.10042078861138,0,76646.590298259
16.633824945795,-0.097392738978692,0,104663.76493508,4.3024703156483e-05,0,92613.570045536,-811126.29071285,-673554.8904253,-0.00095197483333549,764283.52664597,-0.10593303313892,25360.805180113,1086324.0372209,370040.98209524,-6.2417435480002e-05,0,97111.215188742,-0.10047550776844,0,76791.18676261
16.637190856695,-0.097453122175383,0,104824.37634696,4.2935399815714e-05,0,92772.021503035,-813992.56291988,-673820.56214314,-0.00095197483333549,766774.89411914,-0.10601068317434,25451.827099044,1090026.8892988,370181.07074229,-6.2368255460665e-05,0,97271.959999599,-0.10054117271312,0,76966.025682179
16.641229949776,-0.097525578458145,0,105016.91822463,4.2846688478051e-05,0,92963.061230181,-817392.68603358,-674139.42232045,-0.00095197483333549,769706.34064613,-0.10610390442388,25553.980827208,1094219.6289552,370349.20561371,-6.2298650533541e-05,0,97463.75336618,-0.10061995101914,0,77173.748900647
16.643653405625,-0.097570165863837,0,105131.71931075,4.2784386520951e-05,0,93076.214131613,-819356.31742338,-674337.97626978,-0.00095197483333549,771502.73915992,-0.10616102195216,25618.36432373,1096817.8622277,370453.90307289,-6.2271698417131e-05,0,97578.80926371,-0.10066831556337,0,77298.671574991
16.644865133549,-0.097570165863837,0,105131.71931075,4.2784386520951e-05,0,93076.214131613,-819356.31742338,-674337.97626978,-0.00095197483333549,771502.73915992,-0.10616102195216,25618.36432373,1096817.8622277,370453.90307289,-6.2271698417131e-05,0,97578.80926371,-0.10066831556337,0,77298.671574991
16.64516806553,-0.097583870690114,0,105166.36100376,4.2775858628111e-05,0,93110.629867707,-819938.35456867,-674399.13576728,-0.00095197483333549,772022.28109296,-0.10617861239587,25637.941612619,1097645.9456044,370486.15247915,-6.2266172001352e-05,0,97613.419570093,-0.10068315511228,0,77335.062394741
16.645470997511,-0.097583870690114,0,105166.36100376,4.2775858628111e-05,0,93110.629867707,-819938.35456867,-674399.13576728,-0.00095197483333549,772022.28109296,-0.10617861239587,25637.941612619,1097645.9456044,370486.15247915,-6.2266172001352e-05,0,97613.419570093,-0.10068315511228,0,77335.062394741
16.645834515888,-0.097583870690114,0,105166.36100376,4.2775858628111e-05,0,93110.629867707,-819938.35456867,-674399.13576728,-0.00095197483333549,772022.28109296,-0.10617861239587,25637.941612619,1097645.9456044,370486.15247915,-6.2266172001352e-05,0,97613.419570093,-0.10068315511228,0,77335.062394741
16.646270737941,-0.097617655260484,0,105254.57618332,4.271321199796e-05,0,93196.562160151,-821502.15472363,-674548.54004634,-0.00095197483333549,773400.36813511,-0.10622201451753,25693.27105484,1100016.7523313,370564.93339818,-6.226496140047e-05,0,97702.902853391,-0.10071984618584,0,77431.352193143
16.646794204404,-0.097617655260484,0,105254.57618332,4.271321199796e-05,0,93196.562160151,-821502.15472363,-674548.54004634,-0.00095197483333549,773400.36813511,-0.10622201451753,25693.27105484,1100016.7523313,370564.93339818,-6.226496140047e-05,0,97702.902853391,-0.10071984618584,0,77431.352193143
16.64742236416,-0.097617655260484,0,105254.57618332,4.271321199796e-05,0,93196.562160151,-821502.15472363,-674548.54004634,-0.00095197483333549,773400.36813511,-0.10622201451753,25693.27105484,1100016.7523313,370564.93339818,-6.226496140047e-05,0,97702.902853391,-0.10071984618584,0,77431.352193143
16.648176155867,-0.097651982411266,0,105344.90151253,4.2671569035816e-05,0,93286.023733838,-823090.26470038,-674700.09947896,-0.00095197483333549,774789.00288341,-0.10626616130878,25742.880656445,1102055.4893484,370644.8506666,-6.2238923611053e-05,0,97793.103205762,-0.10075713886307,0,77528.590594823
16.649080705916,-0.097651982411266,0,105344.90151253,4.2671569035816e-05,0,93286.023733838,-823090.26470038,-674700.09947896,-0.00095197483333549,774789.00288341,-0.10626616130878,25742.880656445,1102055.4893484,370644.8506666,-6.2238923611053e-05,0,97793.103205762,-0.10075713886307,0,77528.590594823
16.650166165974,-0.097687786396535,0,105438.807768,4.262803675e-05,0,93378.528924448,-824780.54051466,-674858.12009506,-0.00095197483333549,776225.24065257,-0.10631219620256,25796.701718497,1104284.746557,370728.1749561,-6.2218925674198e-05,0,97887.467143733,-0.10079602739682,0,77629.477821962
16.651468718044,-0.097687786396535,0,105438.807768,4.262803675e-05,0,93378.528924448,-824780.54051466,-674858.12009506,-0.00095197483333549,776225.24065257,-0.10631219620256,25796.701718497,1104284.746557,370728.1749561,-6.2218925674198e-05,0,97887.467143733,-0.10079602739682,0,77629.477821962
16.653031780528,-0.097738939203545,0,105574.8896833,4.2556510070825e-05,0,93513.219191705,-827213.88641859,-675082.97620519,-0.00095197483333549,778306.03541014,-0.10637808597934,25871.396587789,1107379.5034848,370846.74154323,-6.2183908770609e-05,0,98023.422926278,-0.10085164995228,0,77776.337316616
16.654907455508,-0.097773278836287,0,105663.36671622,4.2522661886563e-05,0,93600.987144418,-828722.40270246,-675235.69622284,-0.00095197483333549,779645.74115818,-0.1064221336135,25917.122051601,1109234.7037177,370927.27077764,-6.2159576445367e-05,0,98111.688008717,-0.1008888929318,0,77870.975959189
16.657158265485,-0.097813651247428,0,105769.89313221,4.2470988798975e-05,0,93706.490291152,-830554.96293804,-675413.61378424,-0.00095197483333549,781279.32376683,-0.10647411589707,25975.46747337,1111621.2713424,371021.0866572,-6.2134339056805e-05,0,98218.080812971,-0.10093276236297,0,77985.486324365
16.659859237457,-0.097862061558949,0,105897.74706052,4.2409465596764e-05,0,93832.602304071,-832742.52066126,-675626.85476087,-0.00095197483333549,783247.62039784,-0.10653645329923,26044.315249371,1114409.0600228,371133.5285683,-6.2102782070217e-05,0,98346.21687578,-0.10098537379583,0,78123.494701193
16.663100403824,-0.097920181811051,0,106051.89732101,4.2329705979012e-05,0,93985.295148473,-835455.59157508,-675882.74060636,-0.00095197483333549,785610.87457746,-0.10661124002181,26128.42918459,1117881.8673606,371268.45711521,-6.2058969955063e-05,0,98500.058375381,-0.10104855754806,0,78290.080317518
16.666989803464,-0.097989923765423,0,106236.74973427,4.2241957550428e-05,0,94168.554374864,-838758.69340708,-676189.78066246,-0.00095197483333549,788416.31774289,-0.10670096772416,26229.563919314,1122050.9159452,371430.35928792,-6.2001635105411e-05,0,98684.507526924,-0.10112436948896,0,78489.281745535
16.671657083032,-0.098073609065631,0,106458.77582656,4.2116625066834e-05,0,94388.027559213,-842743.30399246,-676558.20458105,-0.00095197483333549,791857.04548571,-0.10680865756286,26353.902344684,1127137.4277005,371624.62913538,-6.1945864055279e-05,0,98906.529511049,-0.10121535199947,0,78729.95324359
16.674457450772,-0.098125215944617,0,106592.92591704,4.204961575969e-05,0,94520.901817853,-845104.75420992,-676787.75302361,-0.00095197483333549,793922.13258548,-0.106874647867,26426.105743858,1130115.8579367,371745.67000318,-6.1890497555935e-05,0,99040.29578087,-0.10127136979055,0,78876.23803752
16.675157542707,-0.098125215944617,0,106592.92591704,4.204961575969e-05,0,94520.901817853,-845104.75420992,-676787.75302361,-0.00095197483333549,793922.13258548,-0.106874647867,26426.105743858,1130115.8579367,371745.67000318,-6.1890497555935e-05,0,99040.29578087,-0.10127136979055,0,78876.23803752
16.675507588675,-0.098132934836672,0,106611.3950351,4.204977306812e-05,0,94539.234596449,-845340.46576676,-676822.79486223,-0.00095197483333549,794214.3892311,-0.10688456322655,26435.179828873,1130465.3320985,371764.1475374,-6.1888841532774e-05,0,99058.725200767,-0.10127969446337,0,78895.608551365
16.675857634643,-0.098132934836672,0,106611.3950351,4.204977306812e-05,0,94539.234596449,-845340.46576676,-676822.79486223,-0.00095197483333549,794214.3892311,-0.10688456322655,26435.179828873,1130465.3320985,371764.1475374,-6.1888841532774e-05,0,99058.725200767,-0.10127969446337,0,78895.608551365
16.676277689804,-0.098142988860582,0,106636.65587352,4.2036532605688e-05,0,94563.476857264,-845770.81911756,-676867.66190676,-0.00095197483333549,794620.45397212,-0.10689748113725,26452.902407315,1131228.5039596,371787.80596281,-6.1893170401673e-05,0,99084.758671852,-0.10129058232059,0,78923.01883621
16.676781755997,-0.098142988860582,0,106636.65587352,4.2036532605688e-05,0,94563.476857264,-845770.81911756,-676867.66190676,-0.00095197483333549,794620.45397212,-0.10689748113725,26452.902407315,1131228.5039596,371787.80596281,-6.1893170401673e-05,0,99084.758671852,-0.10129058232059,0,78923.01883621
16.677386635429,-0.098156696436938,0,106671.41062087,4.2027334121076e-05,0,94597.393550525,-846333.10564348,-676928.41859528,-0.00095197483333549,795143.55557537,-0.10691518973642,26473.59639584,1132097.8352708,371819.84298444,-6.1899326155651e-05,0,99120.186962507,-0.10130542940043,0,78959.189397351
16.678112490747,-0.098173323919793,0,106713.85855311,4.2017102655739e-05,0,94639.130814779,-847007.14478691,-677002.11364293,-0.00095197483333549,795780.94748309,-0.10693666161827,26497.375801412,1133084.9328261,371858.70238454,-6.1900453674978e-05,0,99163.054849103,-0.10132344801443,0,79003.580897421
16.678548003938,-0.098173323919793,0,106713.85855311,4.2017102655739e-05,0,94639.130814779,-847007.14478691,-677002.11364293,-0.00095197483333549,795780.94748309,-0.10693666161827,26497.375801412,1133084.9328261,371858.70238454,-6.1900453674978e-05,0,99163.054849103,-0.10132344801443,0,79003.580897421
16.678765760534,-0.098203301684972,0,106790.56873945,4.2004946666376e-05,0,94714.988134587,-848217.72484051,-677135.1956062,-0.00095197483333549,796932.7333769,-0.10697531366535,26538.367513274,1134766.5335044,371928.87648634,-6.1886696568951e-05,0,99239.984621243,-0.10135593914062,0,79084.183744103
16.678983517129,-0.098203301684972,0,106790.56873945,4.2004946666376e-05,0,94714.988134587,-848217.72484051,-677135.1956062,-0.00095197483333549,796932.7333769,-0.10697531366535,26538.367513274,1134766.5335044,371928.87648634,-6.1886696568951e-05,0,99239.984621243,-0.10135593914062,0,79084.183744103
16.679244825044,-0.098203301684972,0,106790.56873945,4.2004946666376e-05,0,94714.988134587,-848217.72484051,-677135.1956062,-0.00095197483333549,796932.7333769,-0.10697531366535,26538.367513274,1134766.5335044,371928.87648634,-6.1886696568951e-05,0,99239.984621243,-0.10135593914062,0,79084.183744103
16.679558394542,-0.098203301684972,0,106790.56873945,4.2004946666376e-05,0,94714.988134587,-848217.72484051,-677135.1956062,-0.00095197483333549,796932.7333769,-0.10697531366535,26538.367513274,1134766.5335044,371928.87648634,-6.1886696568951e-05,0,99239.984621243,-0.10135593914062,0,79084.183744103
16.679934677939,-0.098203301684972,0,106790.56873945,4.2004946666376e-05,0,94714.988134587,-848217.72484051,-677135.1956062,-0.00095197483333549,796932.7333769,-0.10697531366535,26538.367513274,1134766.5335044,371928.87648634,-6.1886696568951e-05,0,99239.984621243,-0.10135593914062,0,79084.183744103
16.680386218015,-0.098203301684972,0,106790.56873945,4.2004946666376e-05,0,94714.988134587,-848217.72484051,-677135.1956062,-0.00095197483333549,796932.7333769,-0.10697531366535,26538.367513274,1134766.5335044,371928.87648634,-6.1886696568951e-05,0,99239.984621243,-0.10135593914062,0,79084.183744103
16.680928066107,-0.098242012249977,0,106893.55542096,4.1958573937652e-05,0,94817.175073709,-850051.88515861,-677305.55403322,-0.00095197483333549,798502.13796781,-0.10702515803066,26593.598358508,1137034.0077375,372018.70644922,-6.1849843145751e-05,0,99342.640651185,-0.10139803055244,0,79195.16793395
16.681578283817,-0.098242012249977,0,106893.55542096,4.1958573937652e-05,0,94817.175073709,-850051.88515861,-677305.55403322,-0.00095197483333549,798502.13796781,-0.10702515803066,26593.598358508,1137034.0077375,372018.70644922,-6.1849843145751e-05,0,99342.640651185,-0.10139803055244,0,79195.16793395
16.682358545069,-0.098242012249977,0,106893.55542096,4.1958573937652e-05,0,94817.175073709,-850051.88515861,-677305.55403322,-0.00095197483333549,798502.13796781,-0.10702515803066,26593.598358508,1137034.0077375,372018.70644922,-6.1849843145751e-05,0,99342.640651185,-0.10139803055244,0,79195.16793395
16.683294858572,-0.098284559926933,0,107006.18424356,4.189766271893e-05,0,94928.408407178,-852022.7795384,-677493.10293754,-0.00095197483333549,800246.20910322,-0.10707990514953,26655.398653517,1139545.2078776,372117.60094075,-6.1818454216031e-05,0,99455.355129735,-0.10144428106488,0,79317.489305077
16.684418434775,-0.098284559926933,0,107006.18424356,4.189766271893e-05,0,94928.408407178,-852022.7795384,-677493.10293754,-0.00095197483333549,800246.20910322,-0.10707990514953,26655.398653517,1139545.2078776,372117.60094075,-6.1818454216031e-05,0,99455.355129735,-0.10144428106488,0,79317.489305077
16.685766726218,-0.098329072261297,0,107123.92352822,4.1835233014061e-05,0,95044.933827739,-854126.94481933,-677689.40183788,-0.00095197483333549,802061.94451633,-0.10713714652489,26720.484269908,1142236.7125298,372221.10931216,-6.1783144146515e-05,0,99572.983488838,-0.10149266273614,0,79445.123167448
16.687384675951,-0.098358709961577,0,107200.3169088,4.1807006186244e-05,0,95120.68087659,-855469.80520922,-677821.23474298,-0.00095197483333549,803220.40415464,-0.10717517221603,26762.085013141,1143944.1251383,372290.62479281,-6.1758821886681e-05,0,99649.27862031,-0.10152480879729,0,79527.101148384
16.68932621563,-0.098393552033142,0,107292.66932515,4.1758597432471e-05,0,95212.071442081,-857091.32080046,-677974.72530534,-0.00095197483333549,804651.37104563,-0.10722002184723,26813.616512612,1146055.4326834,372371.56033625,-6.1732268034263e-05,0,99741.544881164,-0.10156268591583,0,79627.188747314
16.691656063244,-0.098435282535575,0,107402.35216054,4.1721568806683e-05,0,95320.735272724,-858890.20431819,-678158.70524039,-0.00095197483333549,806330.44189524,-0.10727384816333,26870.944553697,1148343.5738712,372468.57286998,-6.1700055126112e-05,0,99851.008043353,-0.10160801738546,0,79744.811143825
16.694451880382,-0.09848541824893,0,107535.34278826,4.1657895630333e-05,0,95452.601698603,-861260.07796087,-678379.46499847,-0.00095197483333549,808357.43592605,-0.10733838006864,26942.67101287,1151313.4936587,372584.97944,-6.1658003571035e-05,0,99983.687222645,-0.1016625209577,0,79888.296721615
16.696129370665,-0.098516264531686,0,107614.48481857,4.1605717748452e-05,0,95529.965162422,-862591.97442794,-678516.95704259,-0.00095197483333549,809616.38764154,-0.10737790990566,26992.264367632,1153389.1949742,372657.47901125,-6.1651440316891e-05,0,100063.6714857,-0.10169597653808,0,79975.130761301
16.697806860947,-0.098546528737289,0,107694.03933742,4.1569737999884e-05,0,95608.816091008,-864007.45712916,-678650.68794791,-0.00095197483333549,810836.36608422,-0.10741683457949,27036.019317359,1155197.5990277,372727.99530987,-6.1628237672735e-05,0,100143.10136919,-0.10172885323206,0,80060.770125077
16.699819849286,-0.098582633179482,0,107789.70723385,4.1514873567423e-05,0,95703.127007557,-865713.29357257,-678809.69606484,-0.00095197483333549,812311.94181646,-0.10746328078238,27089.871854036,1157402.1924973,372811.84029517,-6.1607213402085e-05,0,100239.13306599,-0.10176810266323,0,80164.446543561
16.702235435293,-0.098625941785898,0,107904.4308043,4.1462347337274e-05,0,95816.951511278,-867757.02953373,-679000.44601459,-0.00095197483333549,814060.93264647,-0.10751903153998,27151.963735978,1159961.7111795,372912.42271829,-6.1571756042346e-05,0,100353.54358592,-0.10181517835607,0,80287.964260922
16.705134138501,-0.098677944991213,0,108042.81737582,4.1387902874584e-05,0,95953.758352923,-870199.08004049,-679229.35028537,-0.00095197483333549,816207.47471953,-0.1075859341141,27229.003413638,1163091.5492032,373033.12389378,-6.152626287207e-05,0,100491.85898333,-0.10187173246451,0,80438.73022071
16.708612582351,-0.098740320866623,0,108208.32784003,4.1310308307453e-05,0,96118.065755993,-873141.05980351,-679504.00693218,-0.00095197483333549,818736.95582085,-0.10766622794349,27317.738369088,1166749.2098877,373177.9502804,-6.1470912166008e-05,0,100656.72319821,-0.10193954533241,0,80617.560035721
16.709656115506,-0.098740320866623,0,108208.32784003,4.1310308307453e-05,0,96118.065755993,-873141.05980351,-679504.00693218,-0.00095197483333549,818736.95582085,-0.10766622794349,27317.738369088,1166749.2098877,373177.9502804,-6.1470912166008e-05,0,100656.72319821,-0.10193954533241,0,80617.560035721
16.710177882084,-0.098754794702702,0,108244.65758452,4.1292232585539e-05,0,96153.919363065,-873690.77251123,-679569.05391382,-0.00095197483333549,819314.74093032,-0.10768477225395,27336.940222778,1167507.2634749,373212.24952106,-6.1465228541512e-05,0,100693.09850075,-0.10195521539693,0,80657.130693908
16.710699648661,-0.098754794702702,0,108244.65758452,4.1292232585539e-05,0,96153.919363065,-873690.77251123,-679569.05391382,-0.00095197483333549,819314.74093032,-0.10768477225395,27336.940222778,1167507.2634749,373212.24952106,-6.1465228541512e-05,0,100693.09850075,-0.10195521539693,0,80657.130693908
16.711325768554,-0.098790071787863,0,108336.11850764,4.1239067506217e-05,0,96243.666123765,-875283.55602528,-679725.6135571,-0.00095197483333549,820747.58579629,-0.10773006945473,27392.777092655,1169838.1772811,373294.8034422,-6.1452259907754e-05,0,100785.25982582,-0.10199350464551,0,80756.851088992
16.712077112426,-0.098790071787863,0,108336.11850764,4.1239067506217e-05,0,96243.666123765,-875283.55602528,-679725.6135571,-0.00095197483333549,820747.58579629,-0.10773006945473,27392.777092655,1169838.1772811,373294.8034422,-6.1452259907754e-05,0,100785.25982582,-0.10199350464551,0,80756.851088992
16.712978725072,-0.098820038440223,0,108414.43311608,4.1200639753329e-05,0,96321.268965903,-876666.68822305,-679858.3660513,-0.00095197483333549,821960.20197524,-0.10776859050333,27436.115843334,1171624.5624156,373364.80382207,-6.1431643032086e-05,0,100863.48917657,-0.10202604434769,0,80841.42997899
16.714060660247,-0.098820038440223,0,108414.43311608,4.1200639753329e-05,0,96321.268965903,-876666.68822305,-679858.3660513,-0.00095197483333549,821960.20197524,-0.10776859050333,27436.115843334,1171624.5624156,373364.80382207,-6.1431643032086e-05,0,100863.48917657,-0.10202604434769,0,80841.42997899
16.714709821352,-0.098835459533974,0,108454.06074582,4.118543436222e-05,0,96360.253528194,-877358.30676323,-679926.61838023,-0.00095197483333549,822552.03643662,-0.10778847213874,27458.872376491,1172567.4710971,373400.79330307,-6.1434524249899e-05,0,100903.54656629,-0.10204276477215,0,80882.990154205
16.715358982457,-0.098835459533974,0,108454.06074582,4.118543436222e-05,0,96360.253528194,-877358.30676323,-679926.61838023,-0.00095197483333549,822552.03643662,-0.10778847213874,27458.872376491,1172567.4710971,373400.79330307,-6.1434524249899e-05,0,100903.54656629,-0.10204276477215,0,80882.990154205
16.716137975783,-0.098876518472089,0,108561.96276219,4.1150415188833e-05,0,96467.485593454,-879174.57722739,-680107.52478052,-0.00095197483333549,824162.1440444,-0.10784145718856,27514.258455697,1174823.0198553,373496.18520709,-6.1408952852772e-05,0,101011.15783346,-0.10208736059894,0,80997.403815857
16.717072767774,-0.098876518472089,0,108561.96276219,4.1150415188833e-05,0,96467.485593454,-879174.57722739,-680107.52478052,-0.00095197483333549,824162.1440444,-0.10784145718856,27514.258455697,1174823.0198553,373496.18520709,-6.1408952852772e-05,0,101011.15783346,-0.10208736059894,0,80997.403815857
16.718194518164,-0.098913711516809,0,108659.59439099,4.1086823456875e-05,0,96563.438679288,-880903.7833996,-680272.03083439,-0.00095197483333549,825697.84050411,-0.10788926127522,27571.959191512,1177218.2369135,373582.92925016,-6.1393079314247e-05,0,101109.40878315,-0.102127767633,0,81103.960118164
16.719540618631,-0.098913711516809,0,108659.59439099,4.1086823456875e-05,0,96563.438679288,-880903.7833996,-680272.03083439,-0.00095197483333549,825697.84050411,-0.10788926127522,27571.959191512,1177218.2369135,373582.92925016,-6.1393079314247e-05,0,101109.40878315,-0.102127767633,0,81103.960118164
16.721155939192,-0.098966552871602,0,108799.42630007,4.1036544266016e-05,0,96702.139878689,-883364.3841528,-680504.50492991,-0.00095197483333549,827801.36434789,-0.1079574063233,27646.21810233,1180265.4289779,373705.51280849,-6.1350538611077e-05,0,101249.02171031,-0.10218519743086,0,81253.448242142
16.723094323865,-0.099002065156674,0,108891.45617632,4.0988775597594e-05,0,96793.144916418,-884969.90048257,-680662.41991088,-0.00095197483333549,829242.13652697,-0.10800296485069,27698.810010381,1182407.7665843,373788.78136903,-6.1325922610187e-05,0,101341.11964014,-0.10222373583576,0,81353.332033752
16.725420385473,-0.099043794312049,0,109001.91638462,4.0934327444237e-05,0,96902.049635569,-886874.76964253,-680846.33798954,-0.00095197483333549,830954.95619853,-0.1080567221672,27760.352215816,1184960.3001503,373885.76134754,-6.1291775642057e-05,0,101451.82511848,-0.10226910044039,0,81473.796006971
16.728211659402,-0.099093830815444,0,109134.22899507,4.0873928731558e-05,0,97033.169547316,-889183.41683937,-681066.77870393,-0.00095197483333549,832993.77619,-0.10812118674869,27833.040635971,1187926.5557847,374001.99969232,-6.125390596634e-05,0,101583.97295306,-0.10232348267584,0,81616.418054712
16.731561188117,-0.099153875158575,0,109292.99058405,4.0811724665818e-05,0,97190.533993189,-892056.71471218,-681331.25223967,-0.00095197483333549,835389.91636501,-0.10819849823233,27920.59143011,1191556.3678362,374141.45658722,-6.1200336738058e-05,0,101742.62531395,-0.10238873959679,0,81786.905183789
16.735580622575,-0.099225934036411,0,109483.85693905,4.070077702395e-05,0,97378.769863132,-895403.25026788,-681648.65222392,-0.00095197483333549,838364.4220476,-0.10829129329513,28030.60031092,1196083.9472749,374308.82156927,-6.1159195434434e-05,0,101934.06202802,-0.10246707643247,0,81994.357012594
16.736786452913,-0.099225934036411,0,109483.85693905,4.070077702395e-05,0,97378.769863132,-895403.25026788,-681648.65222392,-0.00095197483333549,838364.4220476,-0.10829129329513,28030.60031092,1196083.9472749,374308.82156927,-6.1159195434434e-05,0,101934.06202802,-0.10246707643247,0,81994.357012594
16.737389368082,-0.09925974044525,0,109568.42770198,4.0679412181808e-05,0,97462.69754529,-896851.78330096,-681800.59877431,-0.00095197483333549,839642.63263114,-0.10833459527771,28075.470475477,1197928.3190095,374388.94299506,-6.1136121757354e-05,0,102018.60059204,-0.10250365948733,0,82084.472015825
16.73799228325,-0.09925974044525,0,109568.42770198,4.0679412181808e-05,0,97462.69754529,-896851.78330096,-681800.59877431,-0.00095197483333549,839642.63263114,-0.10833459527771,28075.470475477,1197928.3190095,374388.94299506,-6.1136121757354e-05,0,102018.60059204,-0.10250365948733,0,82084.472015825
16.738715781453,-0.09925974044525,0,109568.42770198,4.0679412181808e-05,0,97462.69754529,-896851.78330096,-681800.59877431,-0.00095197483333549,839642.63263114,-0.10833459527771,28075.470475477,1197928.3190095,374388.94299506,-6.1136121757354e-05,0,102018.60059204,-0.10250365948733,0,82084.472015825
16.739149880374,-0.099291541864406,0,109651.73231172,4.0640069862397e-05,0,97545.266131419,-898278.67592671,-681941.33073381,-0.00095197483333549,840930.9128184,-0.10837555832367,28121.362552307,1199794.8000445,374463.15093787,-6.111458085548e-05,0,102101.78662343,-0.10253819829462,0,82174.44817906
16.739583979296,-0.099291541864406,0,109651.73231172,4.0640069862397e-05,0,97545.266131419,-898278.67592671,-681941.33073381,-0.00095197483333549,840930.9128184,-0.10837555832367,28121.362552307,1199794.8000445,374463.15093787,-6.111458085548e-05,0,102101.78662343,-0.10253819829462,0,82174.44817906
16.740104898002,-0.099291541864406,0,109651.73231172,4.0640069862397e-05,0,97545.266131419,-898278.67592671,-681941.33073381,-0.00095197483333549,840930.9128184,-0.10837555832367,28121.362552307,1199794.8000445,374463.15093787,-6.111458085548e-05,0,102101.78662343,-0.10253819829462,0,82174.44817906
16.740730000448,-0.099320107926259,0,109726.21093633,4.0617126615117e-05,0,97619.20921749,-899591.83706537,-682067.79984761,-0.00095197483333549,842054.31839472,-0.10841233218261,28162.367703024,1201496.4900783,374529.83810804,-6.1089307965656e-05,0,102176.13618477,-0.1025692092487,0,82254.142033904
16.741480123385,-0.099320107926259,0,109726.21093633,4.0617126615117e-05,0,97619.20921749,-899591.83706537,-682067.79984761,-0.00095197483333549,842054.31839472,-0.10841233218261,28162.367703024,1201496.4900783,374529.83810804,-6.1089307965656e-05,0,102176.13618477,-0.1025692092487,0,82254.142033904
16.742380270908,-0.099349777791569,0,109803.66490368,4.0587681363439e-05,0,97696.07378044,-900882.35243481,-682198.96502155,-0.00095197483333549,843236.29873988,-0.10845061987207,28202.746683956,1203118.235465,374599.00146248,-6.107267604277e-05,0,102253.49461213,-0.10260142084742,0,82336.833922443
16.743460447937,-0.099349777791569,0,109803.66490368,4.0587681363439e-05,0,97696.07378044,-900882.35243481,-682198.96502155,-0.00095197483333549,843236.29873988,-0.10845061987207,28202.746683956,1203118.235465,374599.00146248,-6.107267604277e-05,0,102253.49461213,-0.10260142084742,0,82336.833922443
16.744108554154,-0.099380838670665,0,109884.58810172,4.0563496781268e-05,0,97776.355112199,-902291.14510462,-682336.23044507,-0.00095197483333549,844443.77102604,-0.10849065835748,28246.360864015,1204911.1876619,374671.38152207,-6.1053036799901e-05,0,102334.45680594,-0.10263513524743,0,82422.606167868
16.744756660371,-0.099380838670665,0,109884.58810172,4.0563496781268e-05,0,97776.355112199,-902291.14510462,-682336.23044507,-0.00095197483333549,844443.77102604,-0.10849065835748,28246.360864015,1204911.1876619,374671.38152207,-6.1053036799901e-05,0,102334.45680594,-0.10263513524743,0,82422.606167868
16.745534387831,-0.099380838670665,0,109884.58810172,4.0563496781268e-05,0,97776.355112199,-902291.14510462,-682336.23044507,-0.00095197483333549,844443.77102604,-0.10849065835748,28246.360864015,1204911.1876619,374671.38152207,-6.1053036799901e-05,0,102334.45680594,-0.10263513524743,0,82422.606167868
16.746467660783,-0.099423016162516,0,109996.86930344,4.0502351240098e-05,0,97887.50812727,-904291.11622557,-682521.72799911,-0.00095197483333549,846173.07741813,-0.10854499143394,28308.972706436,1207480.5885553,374769.19435847,-6.1023282769387e-05,0,102446.68336298,-0.1026810019759,0,82544.144501447
16.747587588326,-0.099423016162516,0,109996.86930344,4.0502351240098e-05,0,97887.50812727,-904291.11622557,-682521.72799911,-0.00095197483333549,846173.07741813,-0.10854499143394,28308.972706436,1207480.5885553,374769.19435847,-6.1023282769387e-05,0,102446.68336298,-0.1026810019759,0,82544.144501447
16.748931501378,-0.09946733025195,0,110113.20224552,4.0452284115148e-05,0,98002.621252774,-906378.53908805,-682717.33727105,-0.00095197483333549,847930.28908221,-0.10860205137716,28373.123763823,1210154.492834,374872.33912607,-6.0992661730587e-05,0,102563.20272298,-0.10272913710403,0,82669.130409645
16.75054419704,-0.099496849796553,0,110188.8729328,4.0416215041396e-05,0,98076.996779208,-907587.62328044,-682848.82058669,-0.00095197483333549,849137.83821571,-0.108640009336,28417.603414047,1211957.2850663,374941.67026255,-6.0981830170345e-05,0,102639.31552296,-0.10276114703004,0,82751.16761383
16.752479431834,-0.099531578108769,0,110280.87899991,4.038368872911e-05,0,98168.302620152,-909215.23472039,-683001.8657409,-0.00095197483333549,850537.42479219,-0.10868475644221,28466.09641089,1213948.6385237,375022.37094474,-6.0942398721526e-05,0,102731.04596536,-0.10279889764599,0,82850.524125053
16.754801713587,-0.099573218058357,0,110391.2666156,4.0326522349248e-05,0,98277.391941268,-911195.15617599,-683185.2553314,-0.00095197483333549,852256.15087516,-0.10873838739959,28529.554085926,1216553.8864536,375119.07227062,-6.0910576684515e-05,0,102841.55982827,-0.10284416787526,0,82970.442691308
16.757588451691,-0.099623180172041,0,110523.50287246,4.0268908674501e-05,0,98408.362047957,-913543.45583194,-683405.32504671,-0.00095197483333549,854262.64386408,-0.10880276452461,28600.630448644,1219501.0931831,375235.11500371,-6.086742847461e-05,0,102973.76669519,-0.10289847454903,0,83113.14722262
16.759260494553,-0.099653964110829,0,110603.03416378,4.0228459123032e-05,0,98486.939434341,-914953.49088046,-683542.43037594,-0.00095197483333549,855515.7276331,-0.10884224876943,28646.438681826,1221380.7259662,375307.41064743,-6.0842728454482e-05,0,103053.43310183,-0.10293187564278,0,83199.847182582
16.760096515984,-0.099653964110829,0,110603.03416378,4.0228459123032e-05,0,98486.939434341,-914953.49088046,-683542.43037594,-0.00095197483333549,855515.7276331,-0.10884224876943,28646.438681826,1221380.7259662,375307.41064743,-6.0842728454482e-05,0,103053.43310183,-0.10293187564278,0,83199.847182582
16.760932537415,-0.099684112582918,0,110681.95849706,4.0202350405259e-05,0,98565.219162888,-916318.9080554,-683675.71438785,-0.00095197483333549,856710.30915664,-0.10888111200279,28688.763031025,1223132.0905817,375377.69129301,-6.0814798456687e-05,0,103132.25906231,-0.10296461675443,0,83284.71421937
16.761935763132,-0.099684112582918,0,110681.95849706,4.0202350405259e-05,0,98565.219162888,-916318.9080554,-683675.71438785,-0.00095197483333549,856710.30915664,-0.10888111200279,28688.763031025,1223132.0905817,375377.69129301,-6.0814798456687e-05,0,103132.25906231,-0.10296461675443,0,83284.71421937
16.763139633993,-0.0997235408888,0,110785.58736405,4.0164951137785e-05,0,98667.790884148,-918108.21906438,-683849.43807763,-0.00095197483333549,858299.86186271,-0.10893201691153,28746.349446915,1225482.5618872,375469.2957771,-6.0790010317513e-05,0,103235.99586301,-0.10300744757355,0,83395.591206599
16.764584279026,-0.0997235408888,0,110785.58736405,4.0164951137785e-05,0,98667.790884148,-918108.21906438,-683849.43807763,-0.00095197483333549,858299.86186271,-0.10893201691153,28746.349446915,1225482.5618872,375469.2957771,-6.0790010317513e-05,0,103235.99586301,-0.10300744757355,0,83395.591206599
16.766317853066,-0.09978026780556,0,110936.54492153,4.0100067958638e-05,0,98817.082752012,-920740.91408719,-684098.81679145,-0.00095197483333549,860626.80619927,-0.10900517558088,28829.314519707,1228861.3119112,375600.79312019,-6.0737232432053e-05,0,103386.92788082,-0.1030691369517,0,83559.232981515
16.768398141913,-0.099818382064685,0,111035.37851167,4.0039073358355e-05,0,98914.068403907,-922458.72907214,-684268.25907457,-0.00095197483333549,862200.2692125,-0.10905410684715,28888.851522126,1231366.7816922,375690.14004879,-6.0715848062864e-05,0,103486.5265227,-0.10311050917197,0,83667.842783599
16.77089448853,-0.09986315624489,0,111153.46547164,4.0000033216713e-05,0,99031.152276588,-924515.68977985,-684465.63498071,-0.00095197483333549,864007.19603683,-0.10911185856411,28952.948234083,1233982.3793819,375794.21632622,-6.0669973378615e-05,0,103604.39195665,-0.10315916366549,0,83795.297103451
16.77389010447,-0.099916910452207,0,111296.4124209,3.9945131079114e-05,0,99173.094534234,-927080.92107835,-684702.21193287,-0.00095197483333549,866197.49120925,-0.10918108454675,29030.359091355,1237168.791995,375918.96330981,-6.0605837008278e-05,0,103746.81974871,-0.10321761436388,0,83950.035431226
16.775687474034,-0.099949971262689,0,111381.16144096,3.9910815307779e-05,0,99256.883034448,-928546.68548664,-684849.54363662,-0.00095197483333549,867515.82495849,-0.10922356557949,29077.897710735,1239101.4515389,375996.65130769,-6.0579899679921e-05,0,103831.75263355,-0.10325346463552,0,84042.047914732
16.777484843598,-0.099961817167677,0,111411.17424028,3.9907806410862e-05,0,99286.621441282,-929008.53332607,-684902.11177886,-0.00095197483333549,867964.96807875,-0.10923891176758,29094.068194464,1239765.1061758,376024.37047982,-6.0579819564655e-05,0,103861.87685452,-0.10326629366342,0,84073.186476076
16.778024054468,-0.099976278621837,0,111448.16008174,3.9910038347843e-05,0,99323.63263978,-929570.97463871,-684966.27206006,-0.00095197483333549,868508.44664523,-0.10925762792867,29112.028710778,1240478.5647606,376058.20215907,-6.056752316702e-05,0,103898.56953804,-0.10328196525542,0,84111.684232158
16.778563265337,-0.099976278621837,0,111448.16008174,3.9910038347843e-05,0,99323.63263978,-929570.97463871,-684966.27206006,-0.00095197483333549,868508.44664523,-0.10925762792867,29112.028710778,1240478.5647606,376058.20215907,-6.056752316702e-05,0,103898.56953804,-0.10328196525542,0,84111.684232158
16.77921031838,-0.099990341642068,0,111484.10105099,3.9900529554827e-05,0,99358.941694546,-930188.48489252,-685028.44245407,-0.00095197483333549,869036.06889574,-0.1092757972372,29133.293852891,1241376.4764899,376090.9846381,-6.0572514335953e-05,0,103935.07471265,-0.10329720463419,0,84148.781826333
16.779598550206,-0.10002032688342,0,111560.40475325,3.988662661988e-05,0,99434.325757517,-931450.89977691,-685161.52846128,-0.00095197483333549,870163.01184676,-0.10931451926006,29174.934786245,1243098.8253045,376161.16091834,-6.0570160858315e-05,0,104011.99864578,-0.10332968865382,0,84228.0985277
16.779986782032,-0.10002032688342,0,111560.40475325,3.988662661988e-05,0,99434.325757517,-931450.89977691,-685161.52846128,-0.00095197483333549,870163.01184676,-0.10931451926006,29174.934786245,1243098.8253045,376161.16091834,-6.0570160858315e-05,0,104011.99864578,-0.10332968865382,0,84228.0985277
16.780452660223,-0.10002032688342,0,111560.40475325,3.988662661988e-05,0,99434.325757517,-931450.89977691,-685161.52846128,-0.00095197483333549,870163.01184676,-0.10931451926006,29174.934786245,1243098.8253045,376161.16091834,-6.0570160858315e-05,0,104011.99864578,-0.10332968865382,0,84228.0985277
16.781011714052,-0.10002032688342,0,111560.40475325,3.988662661988e-05,0,99434.325757517,-931450.89977691,-685161.52846128,-0.00095197483333549,870163.01184676,-0.10931451926006,29174.934786245,1243098.8253045,376161.16091834,-6.0570160858315e-05,0,104011.99864578,-0.10332968865382,0,84228.0985277
16.781682578647,-0.10005764539436,0,111658.95906698,3.9850771287336e-05,0,99532.126481608,-933225.77569076,-685325.96312939,-0.00095197483333549,871653.15002794,-0.10936264129918,29229.316173394,1245350.6195646,376247.86732445,-6.0536733719671e-05,0,104110.46426809,-0.1033702421757,0,84333.714634761
16.782487616161,-0.10005764539436,0,111658.95906698,3.9850771287336e-05,0,99532.126481608,-933225.77569076,-685325.96312939,-0.00095197483333549,871653.15002794,-0.10936264129918,29229.316173394,1245350.6195646,376247.86732445,-6.0536733719671e-05,0,104110.46426809,-0.1033702421757,0,84333.714634761
16.783453661178,-0.10008973347388,0,111742.69630433,3.9820549118401e-05,0,99615.059921449,-934654.41226907,-685468.05305744,-0.00095197483333549,872946.96129441,-0.10940397590741,29274.876291685,1247190.3162624,376322.79132007,-6.0506310889517e-05,0,104194.15311794,-0.10340508308041,0,84424.306959838
16.784612915198,-0.10008973347388,0,111742.69630433,3.9820549118401e-05,0,99615.059921449,-934654.41226907,-685468.05305744,-0.00095197483333549,872946.96129441,-0.10940397590741,29274.876291685,1247190.3162624,376322.79132007,-6.0506310889517e-05,0,104194.15311794,-0.10340508308041,0,84424.306959838
16.786004020023,-0.10013528356915,0,111863.93229423,3.9769583044784e-05,0,99735.357604386,-936788.63477103,-685668.27923365,-0.00095197483333549,874806.38923298,-0.10946272827558,29340.537651149,1249884.4898416,376428.37053809,-6.0461360044714e-05,0,104315.08950264,-0.10345461596396,0,84555.364234578
16.787673345812,-0.10016588861722,0,111943.40527263,3.9725512095831e-05,0,99813.240798926,-938175.77416262,-685804.2237418,-0.00095197483333549,876065.87877614,-0.10950201932794,29388.245804064,1251866.1506159,376500.05408597,-6.0436340564823e-05,0,104395.23211052,-0.10348784272454,0,84643.105652764
16.789676536759,-0.10020182901006,0,112038.22697254,3.9695457017262e-05,0,99907.421197105,-939847.31416977,-685962.58901741,-0.00095197483333549,877513.70527348,-0.10954836910701,29439.128171522,1253958.1741241,376583.56007239,-6.0398507687723e-05,0,104489.78699333,-0.10352689670453,0,84745.032872523
16.792080365896,-0.1002449171917,0,112151.79881024,3.9651565633692e-05,0,100020.01686597,-941873.71832339,-686152.38163362,-0.00095197483333549,879242.17226015,-0.10960391536307,29503.10409035,1256575.7318673,376683.63770992,-6.0363374387762e-05,0,104603.31526369,-0.10357371468324,0,84867.099337956
16.794964960859,-0.10029665644572,0,112288.88895162,3.9590622936916e-05,0,100155.69517265,-944285.05470652,-686380.16577566,-0.00095197483333549,881369.92269529,-0.10967059534595,29579.146886306,1259688.7564941,376803.74824081,-6.0315873194665e-05,0,104740.36804822,-0.10362996061999,0,85015.730800577
16.798426474816,-0.1003586941133,0,112452.26692948,3.954495827333e-05,0,100318.04030713,-947118.86831811,-686653.4704195,-0.00095197483333549,883828.789488,-0.10975061868026,29664.999772655,1263202.8514269,376947.8617148,-6.025200030423e-05,0,104903.27153681,-0.10369736097746,0,85190.723714229
16.802580291564,-0.10043319654003,0,112649.53368448,3.9443040206483e-05,0,100513.02367691,-950590.81832389,-686981.45769214,-0.00095197483333549,886894.13952463,-0.10984661271514,29775.580048543,1267700.851567,377120.80934806,-6.0198976516335e-05,0,105100.82460881,-0.10377834896475,0,85404.666427338
16.805072581613,-0.10047909351144,0,112767.75982366,3.9404900674947e-05,0,100630.20470349,-952667.40067155,-687185.76584224,-0.00095197483333549,888709.47649341,-0.10990552763274,29840.627791781,1270400.7402092,377228.5410266,-6.0144935768285e-05,0,105218.99585391,-0.10382813461189,0,85533.035630005
16.807564871661,-0.10052405140536,0,112885.47575731,3.9364324080589e-05,0,100747.10413509,-954732.9046857,-687384.40172726,-0.00095197483333549,890507.73695779,-0.10996349159406,29904.269097074,1272999.9417553,377333.2817038,-6.0103445473492e-05,0,105336.48274378,-0.10387695908074,0,85659.606432134
16.809060245691,-0.10055157137342,0,112955.80033452,3.9340902556136e-05,0,100816.45694609,-955996.78695972,-687507.04446881,-0.00095197483333549,891595.49830304,-0.10999884532451,29946.589237881,1274777.1563119,377397.95126839,-6.008106748913e-05,0,105407.20682929,-0.10390679295206,0,85735.630692028
16.81055561972,-0.10057854044532,0,113026.43897147,3.9316461037207e-05,0,100886.53529034,-957210.30104367,-687626.25425331,-0.00095197483333549,892675.49743486,-0.1100336375932,29985.12737348,1276369.6643143,377460.81057985,-6.0054801914793e-05,0,105477.75358888,-0.1039360837569,0,85811.890012391
16.812350068555,-0.10061070278697,0,113111.06187502,3.9286507746407e-05,0,100970.00424307,-958721.61692413,-687767.97497857,-0.00095197483333549,893981.28218724,-0.11007510669738,30034.276671558,1278399.6231955,377535.5399407,-6.0027683565365e-05,0,105562.75338808,-0.10397102787734,0,85903.176869426
16.814503407157,-0.10064928543649,0,113212.54549568,3.925772262851e-05,0,101070.99065157,-960461.52188797,-687938.0323214,-0.00095197483333549,895515.74645383,-0.11012491188588,30087.99633616,1280586.0457942,377625.21113004,-5.999016549467e-05,0,105663.85262879,-0.10401294019631,0,86011.652208178
16.815795410318,-0.10064928543649,0,113212.54549568,3.925772262851e-05,0,101070.99065157,-960461.52188797,-687938.0323214,-0.00095197483333549,895515.74645383,-0.11012491188588,30087.99633616,1280586.0457942,377625.21113004,-5.999016549467e-05,0,105663.85262879,-0.10401294019631,0,86011.652208178
16.815956910714,-0.10066145787657,0,113243.4899333,3.9252245941299e-05,0,101101.54649467,-960898.07027199,-687992.24947677,-0.00095197483333549,895997.56626918,-0.11014062707909,30103.504863169,1281195.5537359,377653.79980028,-5.9981915780415e-05,0,105694.85208302,-0.10402612987553,0,86044.844306261
16.816118411109,-0.10066145787657,0,113243.4899333,3.9252245941299e-05,0,101101.54649467,-960898.07027199,-687992.24947677,-0.00095197483333549,895997.56626918,-0.11014062707909,30103.504863169,1281195.5537359,377653.79980028,-5.9981915780415e-05,0,105694.85208302,-0.10402612987553,0,86044.844306261
16.816312211583,-0.10066145787657,0,113243.4899333,3.9252245941299e-05,0,101101.54649467,-960898.07027199,-687992.24947677,-0.00095197483333549,895997.56626918,-0.11014062707909,30103.504863169,1281195.5537359,377653.79980028,-5.9981915780415e-05,0,105694.85208302,-0.10402612987553,0,86044.844306261
16.816544772152,-0.10066145787657,0,113243.4899333,3.9252245941299e-05,0,101101.54649467,-960898.07027199,-687992.24947677,-0.00095197483333549,895997.56626918,-0.11014062707909,30103.504863169,1281195.5537359,377653.79980028,-5.9981915780415e-05,0,105694.85208302,-0.10402612987553,0,86044.844306261
16.816823844835,-0.10069134454996,0,113320.92147188,3.9226333326574e-05,0,101177.68658558,-962173.49000438,-688124.54441228,-0.00095197483333549,897194.5349559,-0.11017914922373,30148.91650966,1283089.3685608,377723.55891823,-5.9963843667525e-05,0,105772.82736522,-0.10405856288552,0,86128.279802166
16.817158732054,-0.10069134454996,0,113320.92147188,3.9226333326574e-05,0,101177.68658558,-962173.49000438,-688124.54441228,-0.00095197483333549,897194.5349559,-0.11017914922373,30148.91650966,1283089.3685608,377723.55891823,-5.9963843667525e-05,0,105772.82736522,-0.10405856288552,0,86128.279802166
16.817560596717,-0.10069134454996,0,113320.92147188,3.9226333326574e-05,0,101177.68658558,-962173.49000438,-688124.54441228,-0.00095197483333549,897194.5349559,-0.11017914922373,30148.91650966,1283089.3685608,377723.55891823,-5.9963843667525e-05,0,105772.82736522,-0.10405856288552,0,86128.279802166
16.818042834313,-0.10069134454996,0,113320.92147188,3.9226333326574e-05,0,101177.68658558,-962173.49000438,-688124.54441228,-0.00095197483333549,897194.5349559,-0.11017914922373,30148.91650966,1283089.3685608,377723.55891823,-5.9963843667525e-05,0,105772.82736522,-0.10405856288552,0,86128.279802166
16.818621519428,-0.10072367756501,0,113406.15415131,3.9191240796383e-05,0,101262.22901497,-963718.66258244,-688267.16527588,-0.00095197483333549,898497.78113806,-0.11022083199663,30195.342627757,1285005.2793721,377798.76287277,-5.9934563270937e-05,0,105857.95319681,-0.10409369588657,0,86220.230919441
16.819315941567,-0.10072367756501,0,113406.15415131,3.9191240796383e-05,0,101262.22901497,-963718.66258244,-688267.16527588,-0.00095197483333549,898497.78113806,-0.11022083199663,30195.342627757,1285005.2793721,377798.76287277,-5.9934563270937e-05,0,105857.95319681,-0.10409369588657,0,86220.230919441
16.820149248132,-0.10075136998029,0,113478.40800557,3.9165827916772e-05,0,101333.77199865,-964912.61012324,-688389.74642455,-0.00095197483333549,899619.47383795,-0.11025651688183,30233.129049588,1286514.9246038,377863.39987012,-5.9907124213103e-05,0,105930.1631207,-0.10412376383433,0,86298.55176623
16.821149216011,-0.10075136998029,0,113478.40800557,3.9165827916772e-05,0,101333.77199865,-964912.61012324,-688389.74642455,-0.00095197483333549,899619.47383795,-0.11025651688183,30233.129049588,1286514.9246038,377863.39987012,-5.9907124213103e-05,0,105930.1631207,-0.10412376383433,0,86298.55176623
16.822349177466,-0.10079064779105,0,113582.56138775,3.9126680246524e-05,0,101437.20673161,-966726.51349603,-688562.43308586,-0.00095197483333549,901200.61045014,-0.11030721369276,30288.640566728,1288801.5988991,377954.45750445,-5.9870885613179e-05,0,106034.08020662,-0.1041664610036,0,86410.480200324
16.823789131212,-0.10081700663715,0,113650.06548257,3.9101204688045e-05,0,101503.84553321,-967877.57379268,-688679.69254376,-0.00095197483333549,902246.0591894,-0.1103411456088,30326.986968271,1290363.2811844,378016.28840766,-5.9855548231392e-05,0,106101.89166338,-0.10419503929087,0,86483.184945743
16.825517075706,-0.10084801611521,0,113732.05163951,3.9070770198086e-05,0,101585.19687312,-969333.39692947,-688816.30214459,-0.00095197483333549,903497.82590702,-0.11038114045762,30371.326173371,1292203.5366376,378088.32263035,-5.9823281407501e-05,0,106183.74453978,-0.10422874191157,0,86571.634213141
16.8275906091,-0.10088511910226,0,113828.53174315,3.9068234449549e-05,0,101681.7638579,-970881.31704231,-688980.03159479,-0.00095197483333549,904908.50115661,-0.11042914297351,30418.297791631,1294059.1842298,378174.65709021,-5.9785346239548e-05,0,106279.432175,-0.10426900224401,0,86672.601515399
16.830078849173,-0.10092974167872,0,113946.65041323,3.9003302516944e-05,0,101798.58918357,-972964.84786058,-689176.51171753,-0.00095197483333549,906747.81885162,-0.11048667753456,30484.320902189,1296767.0640271,378278.26101433,-5.9756019120173e-05,0,106397.75141173,-0.10431750780245,0,86800.815166128
16.83306473726,-0.1009833255378,0,114089.09146999,3.8942231998869e-05,0,101939.78797311,-975509.01774036,-689412.28358384,-0.00095197483333549,908930.15687765,-0.11055570864073,30562.115017201,1299985.8065538,378402.58347901,-5.9696210449025e-05,0,106540.02176277,-0.10437577334615,0,86955.411755944
16.836647802964,-0.10104759073986,0,114259.15580839,3.8861310111794e-05,0,102108.2360099,-978505.75332082,-689695.18312844,-0.00095197483333549,911561.18967479,-0.11063855063161,30656.844556291,1303856.8924999,378551.75635133,-5.9645792148819e-05,0,106710.04552451,-0.10444562708115,0,87139.462945421
16.838797642387,-0.10108715112019,0,114360.33753668,3.8844187542479e-05,0,102208.88914114,-980186.63640179,-689871.41492719,-0.00095197483333549,913104.66945751,-0.11068945436878,30708.454904576,1305940.6774545,378644.68332156,-5.9598945341904e-05,0,106810.89006335,-0.10448850963152,0,87247.859974927
16.840947481809,-0.10112593842618,0,114462.02765904,3.8794069740318e-05,0,102309.43593861,-981972.51065635,-690042.71839187,-0.00095197483333549,914681.25791219,-0.11073945154824,30765.987130247,1308311.0371353,378735.01163266,-5.9573542861212e-05,0,106912.83887262,-0.10453064039486,0,87357.961866003
16.842237385463,-0.10112593842618,0,114462.02765904,3.8794069740318e-05,0,102309.43593861,-981972.51065635,-690042.71839187,-0.00095197483333549,914681.25791219,-0.11073945154824,30765.987130247,1308311.0371353,378735.01163266,-5.9573542861212e-05,0,106912.83887262,-0.10453064039486,0,87357.961866003
16.842559861376,-0.10115519329709,0,114536.88871477,3.8787987822604e-05,0,102383.82395468,-983259.6580997,-690172.73709101,-0.00095197483333549,915795.82812036,-0.11077724415068,30808.570019824,1310086.8520251,378803.57049645,-5.9545801498549e-05,0,106987.57399569,-0.10456235420678,0,87437.431785314
16.84288233729,-0.10115519329709,0,114536.88871477,3.8787987822604e-05,0,102383.82395468,-983259.6580997,-690172.73709101,-0.00095197483333549,915795.82812036,-0.11077724415068,30808.570019824,1310086.8520251,378803.57049645,-5.9545801498549e-05,0,106987.57399569,-0.10456235420678,0,87437.431785314
16.843269308386,-0.10115519329709,0,114536.88871477,3.8787987822604e-05,0,102383.82395468,-983259.6580997,-690172.73709101,-0.00095197483333549,915795.82812036,-0.11077724415068,30808.570019824,1310086.8520251,378803.57049645,-5.9545801498549e-05,0,106987.57399569,-0.10456235420678,0,87437.431785314
16.843733673701,-0.10115519329709,0,114536.88871477,3.8787987822604e-05,0,102383.82395468,-983259.6580997,-690172.73709101,-0.00095197483333549,915795.82812036,-0.11077724415068,30808.570019824,1310086.8520251,378803.57049645,-5.9545801498549e-05,0,106987.57399569,-0.10456235420678,0,87437.431785314
16.84429091208,-0.10118638333564,0,114618.43519074,3.8768234525519e-05,0,102464.872001,-984572.39482107,-690310.44640157,-0.00095197483333549,917048.73079637,-0.11081748966248,30850.337859955,1311765.0626158,378876.18456148,-5.9515163454102e-05,0,107068.90076927,-0.10459621728294,0,87524.458816696
16.844959598134,-0.10118638333564,0,114618.43519074,3.8768234525519e-05,0,102464.872001,-984572.39482107,-690310.44640157,-0.00095197483333549,917048.73079637,-0.11081748966248,30850.337859955,1311765.0626158,378876.18456148,-5.9515163454102e-05,0,107068.90076927,-0.10459621728294,0,87524.458816696
16.845762021398,-0.10121300821161,0,114687.02773822,3.8740455220194e-05,0,102532.52336116,-985698.35673447,-690428.44179086,-0.00095197483333549,918120.76028971,-0.11085183793414,30890.720122647,1313408.5769658,378938.40352504,-5.950616784793e-05,0,107137.91504348,-0.10462509573461,0,87598.047210647
16.846724929316,-0.10121300821161,0,114687.02773822,3.8740455220194e-05,0,102532.52336116,-985698.35673447,-690428.44179086,-0.00095197483333549,918120.76028971,-0.11085183793414,30890.720122647,1313408.5769658,378938.40352504,-5.950616784793e-05,0,107137.91504348,-0.10462509573461,0,87598.047210647
16.847880418818,-0.10125083479791,0,114787.51551412,3.8703069412541e-05,0,102632.29694344,-987466.70581011,-690594.7408998,-0.00095197483333549,919651.98461207,-0.11090066036527,30945.273998591,1315673.9072516,379026.09300967,-5.9467079366433e-05,0,107238.15415239,-0.10466622215646,0,87706.370133057
16.849267006219,-0.10125083479791,0,114787.51551412,3.8703069412541e-05,0,102632.29694344,-987466.70581011,-690594.7408998,-0.00095197483333549,919651.98461207,-0.11090066036527,30945.273998591,1315673.9072516,379026.09300967,-5.9467079366433e-05,0,107238.15415239,-0.10466622215646,0,87706.370133057
16.85009895866,-0.10129075063364,0,114892.34254746,3.8642117131681e-05,0,102735.35886316,-989316.15789741,-690770.80612119,-0.00095197483333549,921291.55469171,-0.11095208322149,31007.78400568,1318264.3628431,379118.93221665,-5.9450555991925e-05,0,107343.80066753,-0.1047095870906,0,87820.2716408
16.850930911101,-0.10129075063364,0,114892.34254746,3.8642117131681e-05,0,102735.35886316,-989316.15789741,-690770.80612119,-0.00095197483333549,921291.55469171,-0.11095208322149,31007.78400568,1318264.3628431,379118.93221665,-5.9450555991925e-05,0,107343.80066753,-0.1047095870906,0,87820.2716408
16.85192925403,-0.10132399905518,0,114979.39474882,3.8618519594376e-05,0,102822.02940354,-990889.84879127,-690917.88513085,-0.00095197483333549,922601.17748742,-0.11099484625953,31054.784976598,1320214.4577832,379196.48697652,-5.9406183147617e-05,0,107430.44492986,-0.10474569197189,0,87913.763204889
16.853127265545,-0.10132399905518,0,114979.39474882,3.8618519594376e-05,0,102822.02940354,-990889.84879127,-690917.88513085,-0.00095197483333549,922601.17748742,-0.11099484625953,31054.784976598,1320214.4577832,379196.48697652,-5.9406183147617e-05,0,107430.44492986,-0.10474569197189,0,87913.763204889
16.854564879363,-0.1013710568169,0,115103.96237319,3.8565130165851e-05,0,102945.45635955,-993123.92754266,-691124.73896584,-0.00095197483333549,924499.57848956,-0.11105555626689,31123.978959632,1323059.4805172,379305.5609868,-5.9372578014016e-05,0,107555.06444198,-0.10479683838609,0,88047.426791907
16.856290015945,-0.10140262581935,0,115184.40989857,3.8533599438493e-05,0,103024.99087298,-994491.16741968,-691265.19003763,-0.00095197483333549,925740.4000184,-0.11109620319926,31169.729941773,1324941.8484733,379379.62082497,-5.9361554112007e-05,0,107635.81954552,-0.1048310483483,0,88133.33316991
16.857325097894,-0.10140262581935,0,115184.40989857,3.8533599438493e-05,0,103024.99087298,-994491.16741968,-691265.19003763,-0.00095197483333549,925740.4000184,-0.11109620319926,31169.729941773,1324941.8484733,379379.62082497,-5.9361554112007e-05,0,107635.81954552,-0.1048310483483,0,88133.33316991
16.858360179843,-0.10143977038216,0,115282.26246615,3.8505476119454e-05,0,103122.217762,-996187.16205475,-691428.83365771,-0.00095197483333549,927220.91700485,-0.11114411415475,31222.033956437,1327085.0493898,379465.91007386,-5.9321867421456e-05,0,107733.41742638,-0.10487140286481,0,88238.093610652
16.859602278181,-0.10143977038216,0,115282.26246615,3.8505476119454e-05,0,103122.217762,-996187.16205475,-691428.83365771,-0.00095197483333549,927220.91700485,-0.11114411415475,31222.033956437,1327085.0493898,379465.91007386,-5.9321867421456e-05,0,107733.41742638,-0.10487140286481,0,88238.093610652
16.861092796188,-0.10148861683994,0,115410.6590514,3.8447289274381e-05,0,103249.31564567,-998419.55586706,-691643.79627411,-0.00095197483333549,929174.26139922,-0.1112071579687,31293.288018534,1330011.0462266,379579.25982816,-5.9301838553328e-05,0,107862.08677306,-0.10492446214704,0,88375.203615735
16.861987106992,-0.10148861683994,0,115410.6590514,3.8447289274381e-05,0,103249.31564567,-998419.55586706,-691643.79627411,-0.00095197483333549,929174.26139922,-0.1112071579687,31293.288018534,1330011.0462266,379579.25982816,-5.9301838553328e-05,0,107862.08677306,-0.10492446214704,0,88375.203615735
16.862881417796,-0.10152142781303,0,115495.31947742,3.8427768219032e-05,0,103333.62970722,-999905.37790417,-691789.4485129,-0.00095197483333549,930438.92717239,-0.11124929756077,31337.718214889,1331824.0753573,379656.06224174,-5.9261224169451e-05,0,107946.42861266,-0.10496004989935,0,88465.673611089
16.86395459076,-0.10152142781303,0,115495.31947742,3.8427768219032e-05,0,103333.62970722,-999905.37790417,-691789.4485129,-0.00095197483333549,930438.92717239,-0.11124929756077,31337.718214889,1331824.0753573,379656.06224174,-5.9261224169451e-05,0,107946.42861266,-0.10496004989935,0,88465.673611089
16.865242398318,-0.10156370773214,0,115607.23691003,3.8360867559157e-05,0,103444.02725086,-1001918.9306265,-691975.36295457,-0.00095197483333549,932183.28050805,-0.1113037869247,31403.417172433,1334546.813744,379754.09491863,-5.9242012817783e-05,0,108058.82259478,-0.10500600917376,0,88587.048231125
16.866787767387,-0.10159204125931,0,115680.09267393,3.8331953066093e-05,0,103515.84939503,-1003164.7144929,-692101.19479442,-0.00095197483333549,933330.84679291,-0.11134019805088,31446.270014679,1336300.9324828,379820.44603868,-5.9219770818476e-05,0,108131.99836922,-0.10503673940044,0,88666.124920264
16.86864221027,-0.10162531625873,0,115767.63399352,3.8281405886834e-05,0,103602.05529295,-1004678.3614265,-692247.73321402,-0.00095197483333549,934691.57821328,-0.11138308216321,31498.04820962,1338480.2342899,379897.71575314,-5.9207057041513e-05,0,108220.10068954,-0.10507289323184,0,88760.99056186
16.87086754173,-0.10166524245708,0,115873.21073552,3.8243475154172e-05,0,103706.91018553,-1006554.1243714,-692423.42687342,-0.00095197483333549,936297.67956787,-0.11143454135933,31554.714096977,1340807.6892268,379990.35897795,-5.9165411477072e-05,0,108325.39548932,-0.10511628568311,0,88874.657782522
16.873537939481,-0.10171314774209,0,115999.7374578,3.8205253809377e-05,0,103833.11017484,-1008709.5125004,-692634.24948557,-0.00095197483333549,938186.16122902,-0.11149631828101,31617.574921389,1343335.5170394,380101.5256483,-5.9112134951657e-05,0,108451.10248758,-0.10516834076209,0,89010.009089577
16.876742416783,-0.1017706585258,0,116152.04837123,3.8124074231039e-05,0,103983.85796236,-1011433.271132,-692887.20778256,-0.00095197483333549,940536.2370369,-0.11157039313718,31702.216546016,1346823.2438942,380234.91050003,-5.9071434508219e-05,0,108603.54374836,-0.10523085720323,0,89175.079677612
16.880587789545,-0.1018396203101,0,116333.66543408,3.806613670012e-05,0,104164.86702985,-1014598.9261931,-693190.77340475,-0.00095197483333549,943251.23941942,-0.11165931985683,31796.54344178,1350650.1070922,380394.98055447,-5.9007312771438e-05,0,108784.24591478,-0.1053057753007,0,89368.829871923
16.88520223686,-0.10192243154781,0,116552.90105979,3.7948083882177e-05,0,104381.9525452,-1018517.9944028,-693555.0740257,-0.00095197483333549,946641.06892204,-0.11176598476638,31918.493629407,1355637.9045558,380587.0761898,-5.89505710642e-05,0,109003.62767185,-0.10539579142764,0,89606.411450156
16.886586571054,-0.1019316301927,0,116574.13214768,3.7950419519468e-05,0,104403.17645183,-1018816.2375912,-693596.99186857,-0.00095197483333549,946951.68751053,-0.11177777834654,31929.267202473,1356079.166778,380609.17945908,-5.8953510165873e-05,0,109024.85295224,-0.10540568454943,0,89627.915345474
16.887278738151,-0.10194634008757,0,116610.60616073,3.792077909273e-05,0,104438.53389002,-1019386.8615722,-693662.96672444,-0.00095197483333549,947552.38757067,-0.11179663045822,31953.484831027,1357087.4421495,380643.96801731,-5.8963051423109e-05,0,109062.17294721,-0.1054215994228,0,89668.061077115
16.887970905248,-0.10195419205163,0,116629.30587514,3.7919457209343e-05,0,104456.84590267,-1019626.6859615,-693698.20766299,-0.00095197483333549,947832.68432355,-0.11180679453085,31964.476511971,1357543.9131959,380662.55056719,-5.8975203828058e-05,0,109081.26772089,-0.10543006287789,0,89686.804921826
16.888801505765,-0.10196476011489,0,116655.30672855,3.7914204261504e-05,0,104482.22106648,-1020014.8282537,-693745.25236946,-0.00095197483333549,948216.1329231,-0.11182047469144,31979.691639655,1358189.5099974,380687.35725528,-5.8988208036618e-05,0,109107.91479061,-0.10544148178507,0,89713.21067104
16.889798226385,-0.10198487970031,0,116706.73708253,3.788781083565e-05,0,104532.45068398,-1020884.7813208,-693834.23770134,-0.00095197483333549,948992.36685457,-0.1118464516369,32010.373285795,1359494.2529376,380734.27925539,-5.9001443603029e-05,0,109160.35669434,-0.10546328999855,0,89767.430240783
16.890097242571,-0.10198487970031,0,116706.73708253,3.788781083565e-05,0,104532.45068398,-1020884.7813208,-693834.23770134,-0.00095197483333549,948992.36685457,-0.1118464516369,32010.373285795,1359494.2529376,380734.27925539,-5.9001443603029e-05,0,109160.35669434,-0.10546328999855,0,89767.430240783
16.890246750664,-0.10199970905578,0,116744.06439858,3.7875235538575e-05,0,104569.0233128,-1021507.950906,-693900.21160343,-0.00095197483333549,949556.01970716,-0.1118655671838,32032.06722705,1360413.226002,380769.06731839,-5.9005546770648e-05,0,109198.30055523,-0.10547934479028,0,89806.719767241
16.890396258757,-0.10199970905578,0,116744.06439858,3.7875235538575e-05,0,104569.0233128,-1021507.950906,-693900.21160343,-0.00095197483333549,949556.01970716,-0.1118655671838,32032.06722705,1360413.226002,380769.06731839,-5.9005546770648e-05,0,109198.30055523,-0.10547934479028,0,89806.719767241
16.890575668468,-0.10199970905578,0,116744.06439858,3.7875235538575e-05,0,104569.0233128,-1021507.950906,-693900.21160343,-0.00095197483333549,949556.01970716,-0.1118655671838,32032.06722705,1360413.226002,380769.06731839,-5.9005546770648e-05,0,109198.30055523,-0.10547934479028,0,89806.719767241
16.890790960122,-0.10199970905578,0,116744.06439858,3.7875235538575e-05,0,104569.0233128,-1021507.950906,-693900.21160343,-0.00095197483333549,949556.01970716,-0.1118655671838,32032.06722705,1360413.226002,380769.06731839,-5.9005546770648e-05,0,109198.30055523,-0.10547934479028,0,89806.719767241
16.891049310107,-0.10199970905578,0,116744.06439858,3.7875235538575e-05,0,104569.0233128,-1021507.950906,-693900.21160343,-0.00095197483333549,949556.01970716,-0.1118655671838,32032.06722705,1360413.226002,380769.06731839,-5.9005546770648e-05,0,109198.30055523,-0.10547934479028,0,89806.719767241
16.891359330089,-0.10203470953364,0,116834.03033472,3.7852701556672e-05,0,104658.10523124,-1022997.1163228,-694055.0871388,-0.00095197483333549,950902.57735549,-0.11191075492471,32080.48192997,1362408.9404637,380850.73318548,-5.8995532907686e-05,0,109288.63362027,-0.10551729478905,0,89901.456376061
16.891731354067,-0.10203470953364,0,116834.03033472,3.7852701556672e-05,0,104658.10523124,-1022997.1163228,-694055.0871388,-0.00095197483333549,950902.57735549,-0.11191075492471,32080.48192997,1362408.9404637,380850.73318548,-5.8995532907686e-05,0,109288.63362027,-0.10551729478905,0,89901.456376061
16.89217778284,-0.10203470953364,0,116834.03033472,3.7852701556672e-05,0,104658.10523124,-1022997.1163228,-694055.0871388,-0.00095197483333549,950902.57735549,-0.11191075492471,32080.48192997,1362408.9404637,380850.73318548,-5.8995532907686e-05,0,109288.63362027,-0.10551729478905,0,89901.456376061
16.892713497368,-0.10203470953364,0,116834.03033472,3.7852701556672e-05,0,104658.10523124,-1022997.1163228,-694055.0871388,-0.00095197483333549,950902.57735549,-0.11191075492471,32080.48192997,1362408.9404637,380850.73318548,-5.8995532907686e-05,0,109288.63362027,-0.10551729478905,0,89901.456376061
16.893356354802,-0.10207071595002,0,116928.81143431,3.7811474024951e-05,0,104752.36226761,-1024674.1362959,-694213.90055499,-0.00095197483333549,952347.01817519,-0.11195711525152,32131.52616225,1364513.1782854,380934.47547434,-5.8963670731774e-05,0,109383.10952195,-0.10555641453869,0,90003.704222474
16.894127783723,-0.10207071595002,0,116928.81143431,3.7811474024951e-05,0,104752.36226761,-1024674.1362959,-694213.90055499,-0.00095197483333549,952347.01817519,-0.11195711525152,32131.52616225,1364513.1782854,380934.47547434,-5.8963670731774e-05,0,109383.10952195,-0.10555641453869,0,90003.704222474
16.895053498428,-0.10210148523793,0,117008.52099506,3.7793123177974e-05,0,104832.08396449,-1026010.1595687,-694350.07264642,-0.00095197483333549,953530.86907172,-0.11199676038469,32171.349478641,1366105.5992573,381006.27897146,-5.8934734250338e-05,0,109462.20989343,-0.10558979809117,0,90088.430859255
16.896164356074,-0.10210148523793,0,117008.52099506,3.7793123177974e-05,0,104832.08396449,-1026010.1595687,-694350.07264642,-0.00095197483333549,953530.86907172,-0.11199676038469,32171.349478641,1366105.5992573,381006.27897146,-5.8934734250338e-05,0,109462.20989343,-0.10558979809117,0,90088.430859255
16.897497385248,-0.10214516032439,0,117124.76734875,3.7702898825925e-05,0,104946.48954819,-1028035.2007981,-694541.90802438,-0.00095197483333549,955376.69240576,-0.11205304961768,32239.68983336,1368923.319142,381107.43372985,-5.892522445504e-05,0,109579.13193502,-0.10563730232421,0,90216.094347121
16.899097020258,-0.10214516032439,0,117124.76734875,3.7702898825925e-05,0,104946.48954819,-1028035.2007981,-694541.90802438,-0.00095197483333549,955376.69240576,-0.11205304961768,32239.68983336,1368923.319142,381107.43372985,-5.892522445504e-05,0,109579.13193502,-0.10563730232421,0,90216.094347121
16.90101658227,-0.10220804685374,0,117292.31703,3.7633144781974e-05,0,105113.01458636,-1031003.0647472,-694817.97856149,-0.00095197483333549,957937.95499012,-0.11213409759713,32328.476885298,1372558.2496672,381253.00563701,-5.8860327891082e-05,0,109746.0646921,-0.10570569306814,0,90397.301629374
16.903320056685,-0.10225031411181,0,117401.166106,3.7593629074451e-05,0,105221.75655922,-1032882.9354318,-695005.54686769,-0.00095197483333549,959573.06464331,-0.11218837001279,32384.857852357,1374829.7211578,381351.91035699,-5.8825067639914e-05,0,109854.20947345,-0.10575153340353,0,90513.811447339
16.906084225982,-0.10229996657352,0,117532.42051779,3.7525893771603e-05,0,105351.99712405,-1035176.3669326,-695224.06314717,-0.00095197483333549,961605.58615363,-0.1122523505279,32455.457831035,1377707.0405397,381467.13391665,-5.8790094302856e-05,0,109985.23755582,-0.10580550027306,0,90656.089812809
16.909401229138,-0.1023594669276,0,117689.2033959,3.7433416550554e-05,0,105506.98974911,-1037844.9207815,-695485.95117214,-0.00095197483333549,964060.79618753,-0.11232905708831,32542.989320293,1381253.0021279,381605.22738914,-5.8767056997764e-05,0,110142.34854326,-0.10587015718477,0,90826.316061637
16.911391431032,-0.10239613245524,0,117782.68712846,3.7393199262401e-05,0,105599.75266307,-1039473.3544088,-695649.06056199,-0.00095197483333549,965488.04032229,-0.11237611733846,32595.997735208,1383482.395729,381691.23496807,-5.8748462640266e-05,0,110235.89255503,-0.10590989497173,0,90926.722195459
16.913381632926,-0.10243205486047,0,117876.49106895,3.7346024429468e-05,0,105692.86085564,-1041085.4640267,-695807.68916334,-0.00095197483333549,966935.36952972,-0.11242241583309,32646.855775131,1385557.3136081,381774.87978727,-5.8730911150214e-05,0,110329.60652744,-0.10594889986105,0,91027.89473434
16.914575754063,-0.10243205486047,0,117876.49106895,3.7346024429468e-05,0,105692.86085564,-1041085.4640267,-695807.68916334,-0.00095197483333549,966935.36952972,-0.11242241583309,32646.855775131,1385557.3136081,381774.87978727,-5.8730911150214e-05,0,110329.60652744,-0.10594889986105,0,91027.89473434
16.915172814631,-0.10246446435136,0,117960.4890327,3.73139971693e-05,0,105776.25316836,-1042551.2486667,-695950.96166702,-0.00095197483333549,968203.29625464,-0.11246414102342,32693.482183613,1387486.8363196,381850.42738151,-5.8714556820073e-05,0,110413.62591419,-0.10598406627258,0,91117.431695126
16.915769875199,-0.10246446435136,0,117960.4890327,3.73139971693e-05,0,105776.25316836,-1042551.2486667,-695950.96166702,-0.00095197483333549,968203.29625464,-0.11246414102342,32693.482183613,1387486.8363196,381850.42738151,-5.8714556820073e-05,0,110413.62591419,-0.10598406627258,0,91117.431695126
16.916486347881,-0.10246446435136,0,117960.4890327,3.73139971693e-05,0,105776.25316836,-1042551.2486667,-695950.96166702,-0.00095197483333549,968203.29625464,-0.11246414102342,32693.482183613,1387486.8363196,381850.42738151,-5.8714556820073e-05,0,110413.62591419,-0.10598406627258,0,91117.431695126
16.917346115099,-0.10250339972296,0,118062.5102518,3.7271924864721e-05,0,105877.5883035,-1044275.8031502,-696122.5042266,-0.00095197483333549,969763.29392937,-0.11251439387848,32748.882944845,1389748.7604394,381940.8817231,-5.8695105925056e-05,0,110515.46411193,-0.10602635095011,0,91226.661535983
16.918377835761,-0.10250339972296,0,118062.5102518,3.7271924864721e-05,0,105877.5883035,-1044275.8031502,-696122.5042266,-0.00095197483333549,969763.29392937,-0.11251439387848,32748.882944845,1389748.7604394,381940.8817231,-5.8695105925056e-05,0,110515.46411193,-0.10602635095011,0,91226.661535983
16.919615900555,-0.10254430541907,0,118169.73019186,3.7229973239222e-05,0,105984.40850936,-1046169.3657992,-696302.83040694,-0.00095197483333549,971357.87409881,-0.11256704709821,32805.460406087,1392054.2065117,382035.96770291,-5.8664827355229e-05,0,110622.39197615,-0.10607077276595,0,91340.892362018
16.921101578308,-0.10257155994022,0,118239.61560468,3.7163339898672e-05,0,106052.58376513,-1047328.9187925,-696423.92485521,-0.00095197483333549,972501.12342545,-0.11260205509355,32849.640816487,1393900.3081055,382099.82080082,-5.8680444958416e-05,0,110693.30887689,-0.10610033435755,0,91418.047125254
16.922884391612,-0.10260354824349,0,118323.49305838,3.7133395324802e-05,0,106136.02503691,-1048841.3784614,-696564.86130331,-0.00095197483333549,973757.25078515,-0.11264328719161,32894.97980751,1395782.764396,382174.13659068,-5.8657975421365e-05,0,110777.03409364,-0.1061350748984,0,91507.470913159
16.925023767576,-0.10264190008423,0,118424.05636045,3.7088044659202e-05,0,106235.77407304,-1050617.7230872,-696733.78930617,-0.00095197483333549,975290.45565296,-0.11269273648054,32951.029010045,1398100.5246419,382263.21231295,-5.8640397023411e-05,0,110877.64454235,-0.10617672853084,0,91615.162884555
16.927591018733,-0.10268793055233,0,118544.74380276,3.7015688575008e-05,0,106354.99356653,-1052779.892057,-696936.47945384,-0.00095197483333549,977143.11564491,-0.11275203763009,33021.044719983,1400986.2315072,382370.09084439,-5.8636788084978e-05,0,110998.96747647,-0.10622672321286,0,91744.651421726
16.930671720122,-0.10274323881887,0,118691.2217127,3.6910913697925e-05,0,106499.10340658,-1055355.3626248,-697179.74259528,-0.00095197483333549,979448.7590951,-0.1128232074297,33107.921618594,1404625.7119659,382498.36349798,-5.8619546917879e-05,0,111146.3891195,-0.10628685537856,0,91905.07005009
16.934368561788,-0.10280956617279,0,118865.71945813,3.6849151488133e-05,0,106672.87671694,-1058495.1045792,-697471.61708607,-0.00095197483333549,982054.52855582,-0.11290863584911,33201.325158607,1408460.9720608,382652.26889703,-5.8566254465116e-05,0,111320.37121959,-0.10635890712738,0,92091.148948271
16.935477614288,-0.10280956617279,0,118865.71945813,3.6849151488133e-05,0,106672.87671694,-1058495.1045792,-697471.61708607,-0.00095197483333549,982054.52855582,-0.11290863584911,33201.325158607,1408460.9720608,382652.26889703,-5.8566254465116e-05,0,111320.37121959,-0.10635890712738,0,92091.148948271
16.936032140538,-0.10284074943315,0,118943.07585983,3.6808789988136e-05,0,106749.61420074,-1059791.7509,-697611.33933661,-0.00095197483333549,983254.19984164,-0.11294858315263,33243.961631292,1410202.7533656,382725.9444176,-5.8569843611998e-05,0,111397.92978643,-0.10639263245188,0,92173.778976896
16.936586666788,-0.10284074943315,0,118943.07585983,3.6808789988136e-05,0,106749.61420074,-1059791.7509,-697611.33933661,-0.00095197483333549,983254.19984164,-0.11294858315263,33243.961631292,1410202.7533656,382725.9444176,-5.8569843611998e-05,0,111397.92978643,-0.10639263245188,0,92173.778976896
16.937252098288,-0.10284074943315,0,118943.07585983,3.6808789988136e-05,0,106749.61420074,-1059791.7509,-697611.33933661,-0.00095197483333549,983254.19984164,-0.11294858315263,33243.961631292,1410202.7533656,382725.9444176,-5.8569843611998e-05,0,111397.92978643,-0.10639263245188,0,92173.778976896
16.938050616088,-0.10287701055244,0,119038.78846174,3.6725337800727e-05,0,106843.27396826,-1061450.0714163,-697771.02595145,-0.00095197483333549,984794.18382017,-0.11299528762358,33302.308860042,1412634.3002964,382810.1471627,-5.8572002833134e-05,0,111494.75822866,-0.10643205196833,0,92279.669324307
16.939008837448,-0.10287701055244,0,119038.78846174,3.6725337800727e-05,0,106843.27396826,-1061450.0714163,-697771.02595145,-0.00095197483333549,984794.18382017,-0.11299528762358,33302.308860042,1412634.3002964,382810.1471627,-5.8572002833134e-05,0,111494.75822866,-0.10643205196833,0,92279.669324307
16.94015870308,-0.1029149768875,0,119138.11722304,3.6683468439023e-05,0,106941.69170926,-1063228.2400388,-697938.39979449,-0.00095197483333549,986310.38898996,-0.1130441591296,33358.007539651,1414968.0008215,382898.40340553,-5.8549725298282e-05,0,111594.27254059,-0.10647328029512,0,92386.127913065
16.941538541838,-0.10294030646609,0,119203.07473643,3.6649071147276e-05,0,107006.22655257,-1064337.9033687,-698050.89187336,-0.00095197483333549,987307.98757174,-0.1130766930272,33392.978677729,1416387.3838587,382957.72045937,-5.8541394407202e-05,0,111659.20221196,-0.10650074388474,0,92455.971262758
16.942366445093,-0.10294030646609,0,119203.07473643,3.6649071147276e-05,0,107006.22655257,-1064337.9033687,-698050.89187336,-0.00095197483333549,987307.98757174,-0.1130766930272,33392.978677729,1416387.3838587,382957.72045937,-5.8541394407202e-05,0,111659.20221196,-0.10650074388474,0,92455.971262758
16.943194348348,-0.10297002832554,0,119281.09771108,3.6616154469228e-05,0,107083.7691852,-1065724.150295,-698181.77384637,-0.00095197483333549,988488.44126758,-0.1131149889379,33436.147454051,1418170.4211556,383026.73451894,-5.8524022848438e-05,0,111737.12372482,-0.10653302662045,0,92539.407005422
16.944187832254,-0.10297002832554,0,119281.09771108,3.6616154469228e-05,0,107083.7691852,-1065724.150295,-698181.77384637,-0.00095197483333549,988488.44126758,-0.1131149889379,33436.147454051,1418170.4211556,383026.73451894,-5.8524022848438e-05,0,111737.12372482,-0.10653302662045,0,92539.407005422
16.945380012941,-0.10300913743096,0,119384.20951524,3.6562409151457e-05,0,107186.03788979,-1067507.7777444,-698353.75972857,-0.00095197483333549,990062.7732325,-0.11316542552883,33491.933768495,1420441.5200791,383117.42262772,-5.8507742608186e-05,0,111840.28988411,-0.10657552138951,0,92650.158593733
16.946810629766,-0.10303538593668,0,119451.59326838,3.6531121961453e-05,0,107253.01093956,-1068707.8637132,-698470.26599751,-0.00095197483333549,991091.76823306,-0.11319911391254,33529.776128556,1422008.654409,383178.85638626,-5.849414316371e-05,0,111907.62384534,-0.10660398387336,0,92722.543629572
16.948527369955,-0.10306621608622,0,119532.94968135,3.6476051970037e-05,0,107333.27801539,-1070077.7458297,-698605.99339255,-0.00095197483333549,992371.18012498,-0.11323884721732,33575.91176297,1423886.6989954,383250.42540134,-5.848492019648e-05,0,111989.27736698,-0.10663749223928,0,92811.422506563
16.949557414069,-0.10307561293549,0,119556.43987589,3.6474452561171e-05,0,107356.74737965,-1070445.616355,-698647.90192376,-0.00095197483333549,992724.85551529,-0.11325095719119,33587.717127128,1424368.0362159,383272.52375099,-5.8480239855848e-05,0,112012.64524807,-0.10664765905368,0,92836.034696006
16.950587458183,-0.10308395994888,0,119577.23248695,3.6471941574443e-05,0,107377.22046403,-1070793.739415,-698684.86787436,-0.00095197483333549,993021.44733175,-0.11326175600545,33600.53178372,1424915.5222777,383292.01592357,-5.8488763026992e-05,0,112033.80253991,-0.10665668510543,0,92856.892133864
16.951823511119,-0.10310330858709,0,119626.83033268,3.6462129840047e-05,0,107426.41316669,-1071600.2144585,-698770.14251637,-0.00095197483333549,993741.24808734,-0.11328682667085,33626.819311457,1425995.6261051,383336.98123911,-5.8495552327939e-05,0,112083.69007339,-0.10667765495463,0,92907.712687189
16.953306774643,-0.10312456435847,0,119681.37676536,3.6467491179771e-05,0,107481.2373164,-1072403.1820943,-698863.89399747,-0.00095197483333549,994516.4381753,-0.11331439116291,33652.06577578,1426992.2038987,383386.41633234,-5.8486188697061e-05,0,112137.69806682,-0.10670068985065,0,92963.225956986
16.9537517537,-0.10314090166569,0,119722.52741637,3.6466978652846e-05,0,107522.39837215,-1073022.1855922,-698936.38595237,-0.00095197483333549,995109.79215866,-0.11333552513498,33672.312407437,1427802.6448647,383424.64130455,-5.8485326896108e-05,0,112178.69341688,-0.10671837080349,0,93005.215248079
16.954196732757,-0.10314090166569,0,119722.52741637,3.6466978652846e-05,0,107522.39837215,-1073022.1855922,-698936.38595237,-0.00095197483333549,995109.79215866,-0.11333552513498,33672.312407437,1427802.6448647,383424.64130455,-5.8485326896108e-05,0,112178.69341688,-0.10671837080349,0,93005.215248079
16.954730707626,-0.10317754204689,0,119816.67170852,3.6433648725889e-05,0,107615.80660674,-1074611.8898942,-699098.46302786,-0.00095197483333549,996509.82001393,-0.11338281232551,33723.161600343,1429884.1177067,383510.10451526,-5.848329337046e-05,0,112273.14197649,-0.10675809609148,0,93104.095756302
16.955371477468,-0.10317754204689,0,119816.67170852,3.6433648725889e-05,0,107615.80660674,-1074611.8898942,-699098.46302786,-0.00095197483333549,996509.82001393,-0.11338281232551,33723.161600343,1429884.1177067,383510.10451526,-5.848329337046e-05,0,112273.14197649,-0.10675809609148,0,93104.095756302
16.956140401279,-0.10317754204689,0,119816.67170852,3.6433648725889e-05,0,107615.80660674,-1074611.8898942,-699098.46302786,-0.00095197483333549,996509.82001393,-0.11338281232551,33723.161600343,1429884.1177067,383510.10451526,-5.848329337046e-05,0,112273.14197649,-0.10675809609148,0,93104.095756302
16.957063109852,-0.10321944851862,0,119926.9991562,3.6384752638969e-05,0,107725.55916036,-1076543.1518444,-699283.08014247,-0.00095197483333549,998184.12977741,-0.11343682117841,33781.641862392,1432272.6572184,383607.45307374,-5.8452503778475e-05,0,112383.15454221,-0.10680362510635,0,93222.699894654
16.958170360139,-0.10321944851862,0,119926.9991562,3.6384752638969e-05,0,107725.55916036,-1076543.1518444,-699283.08014247,-0.00095197483333549,998184.12977741,-0.11343682117841,33781.641862392,1432272.6572184,383607.45307374,-5.8452503778475e-05,0,112383.15454221,-0.10680362510635,0,93222.699894654
16.959499060484,-0.10326333187287,0,120042.1475913,3.6310602494922e-05,0,107839.14706891,-1078561.0422481,-699476.52570571,-0.00095197483333549,999973.08334768,-0.11349331138193,33848.429792113,1435015.7035179,383709.45691114,-5.8440650478545e-05,0,112498.89258783,-0.10685129779742,0,93347.92558728
16.961093500898,-0.10329258271753,0,120116.89394287,3.6286832071426e-05,0,107913.65240351,-1079865.8021633,-699606.48513648,-0.00095197483333549,1001094.5610698,-0.11353089532483,33887.897603661,1436642.6740473,383777.98451088,-5.8421340833194e-05,0,112573.44123563,-0.10688300144603,0,93427.436147499
16.963006829394,-0.10332689564852,0,120206.52283223,3.6251557672317e-05,0,108002.66998224,-1081424.5915297,-699757.73395458,-0.00095197483333549,1002451.7784008,-0.1135751646855,33936.917747946,1438656.5332132,383857.73799648,-5.8404428201028e-05,0,112663.04017143,-0.10692025691439,0,93523.210821312
16.96530282359,-0.10336808369097,0,120314.98605167,3.6189774269446e-05,0,108110.15483762,-1083332.5555025,-699939.04272193,-0.00095197483333549,1004125.6556522,-0.11362824324787,33997.847862944,1441155.8196497,383953.34207921,-5.8388353206582e-05,0,112771.62220013,-0.10696500910159,0,93640.311129697
16.968058016626,-0.1034174858701,0,120444.51825962,3.6146944356657e-05,0,108239.10039302,-1085535.5677416,-700156.59888816,-0.00095197483333549,1006073.1008729,-0.11369197346829,34064.938125393,1443877.8067249,384068.05936674,-5.835227450176e-05,0,112900.6882214,-0.10701866141461,0,93778.601669378
16.971364248268,-0.10347682367337,0,120601.27226127,3.6058001854485e-05,0,108394.60702302,-1088275.0854894,-700417.66263758,-0.00095197483333549,1008490.2388407,-0.11376842544913,34150.498925053,1447361.322975,384205.71819884,-5.8320075856686e-05,0,113057.36124564,-0.10708315101219,0,93948.32825072
16.975331726239,-0.10354802732721,0,120789.21752609,3.5968938742913e-05,0,108581.07754496,-1091619.8788241,-700730.89152859,-0.00095197483333549,1011339.9246742,-0.11386012968746,34253.116525076,1451611.9607179,384370.88374449,-5.8268978485659e-05,0,113245.24362163,-0.10716053024837,0,94151.178319275
16.977712213021,-0.10359190673445,0,120901.24480167,3.5902215728193e-05,0,108692.01885528,-1093522.3833929,-700926.02641167,-0.00095197483333549,1013101.0392392,-0.11391645429553,34315.72726937,1454146.2747817,384473.77831967,-5.8259693957542e-05,0,113357.46913606,-0.10720809540978,0,94272.609444593
16.980092699803,-0.10363490382707,0,121013.85944701,3.5865944171538e-05,0,108804.41552002,-1095474.1635487,-701115.74512411,-0.00095197483333549,1014781.741812,-0.11397182162142,34373.165624158,1456481.5722046,384573.81694961,-5.821492282383e-05,0,113469.43781398,-0.1072547896186,0,94393.480873325
16.982949283942,-0.10368615362446,0,121148.71693612,3.5783301674864e-05,0,108937.75059121,-1097817.3463219,-701341.35072582,-0.00095197483333549,1016887.7553866,-0.11403788395042,34449.183665878,1459590.508219,384692.7787334,-5.8200507554981e-05,0,113604.68240393,-0.10731047432704,0,94539.677188592
16.983806259184,-0.10368615362446,0,121148.71693612,3.5783301674864e-05,0,108937.75059121,-1097817.3463219,-701341.35072582,-0.00095197483333549,1016887.7553866,-0.11403788395042,34449.183665878,1459590.508219,384692.7787334,-5.8200507554981e-05,0,113604.68240393,-0.10731047432704,0,94539.677188592
16.984663234426,-0.10371771757985,0,121228.87683828,3.5753518956268e-05,0,109017.07477684,-1099067.0559119,-701481.87116246,-0.00095197483333549,1018142.780853,-0.11407848763909,34491.388197354,1461274.0454492,384766.87508695,-5.8183805478046e-05,0,113684.90279738,-0.10734467666005,0,94626.516114222
16.985691604716,-0.10371771757985,0,121228.87683828,3.5753518956268e-05,0,109017.07477684,-1099067.0559119,-701481.87116246,-0.00095197483333549,1018142.780853,-0.11407848763909,34491.388197354,1461274.0454492,384766.87508695,-5.8183805478046e-05,0,113684.90279738,-0.10734467666005,0,94626.516114222
16.986925649064,-0.10375821108382,0,121335.26182711,3.5716023534331e-05,0,109123.02296068,-1100864.8003417,-701660.11460193,-0.00095197483333549,1019725.8393647,-0.11413075873102,34546.606445932,1463546.5356134,384860.86280939,-5.8154892813714e-05,0,113791.00271174,-0.10738866112648,0,94739.987415663
16.988406502281,-0.10378536606143,0,121404.80302804,3.5683319032662e-05,0,109191.92330646,-1102054.0868704,-701780.76180087,-0.00095197483333549,1020808.1605722,-0.11416569861466,34584.194211535,1465075.3900798,384924.48004345,-5.8142495221498e-05,0,113860.65801308,-0.10741810394164,0,94815.22158099
16.990183526142,-0.10381724804834,0,121488.42735493,3.5623082474555e-05,0,109274.10449115,-1103493.1935876,-701921.22333433,-0.00095197483333549,1022135.7359392,-0.11420681087629,34634.804235965,1467174.9215278,384998.5454159,-5.8143644958896e-05,0,113945.07187613,-0.10745274030235,0,94906.433146267
16.991249740459,-0.10381724804834,0,121488.42735493,3.5623082474555e-05,0,109274.10449115,-1103493.1935876,-701921.22333433,-0.00095197483333549,1022135.7359392,-0.11420681087629,34634.804235965,1467174.9215278,384998.5454159,-5.8143644958896e-05,0,113945.07187613,-0.10745274030235,0,94906.433146267
16.991516294038,-0.10384153220958,0,121550.89832918,3.5610953643513e-05,0,109336.24286102,-1104521.3133142,-702028.90766345,-0.00095197483333549,1023079.6341628,-0.11423810103259,34666.978349674,1468507.0344796,385055.32732788,-5.8119405537446e-05,0,114007.35839234,-0.10747907694323,0,94973.4619992
16.991782847617,-0.10384153220958,0,121550.89832918,3.5610953643513e-05,0,109336.24286102,-1104521.3133142,-702028.90766345,-0.00095197483333549,1023079.6341628,-0.11423810103259,34666.978349674,1468507.0344796,385055.32732788,-5.8119405537446e-05,0,114007.35839234,-0.10747907694323,0,94973.4619992
16.992102711912,-0.10384153220958,0,121550.89832918,3.5610953643513e-05,0,109336.24286102,-1104521.3133142,-702028.90766345,-0.00095197483333549,1023079.6341628,-0.11423810103259,34666.978349674,1468507.0344796,385055.32732788,-5.8119405537446e-05,0,114007.35839234,-0.10747907694323,0,94973.4619992
16.992486549066,-0.10384153220958,0,121550.89832918,3.5610953643513e-05,0,109336.24286102,-1104521.3133142,-702028.90766345,-0.00095197483333549,1023079.6341628,-0.11423810103259,34666.978349674,1468507.0344796,385055.32732788,-5.8119405537446e-05,0,114007.35839234,-0.10747907694323,0,94973.4619992
16.992947153651,-0.10386724609252,0,121617.33915008,3.5589221352581e-05,0,109402.37412254,-1105608.4864937,-702142.50520775,-0.00095197483333549,1024085.5099882,-0.11427133613872,34701.709992607,1469907.2510514,385115.22727216,-5.811199796191e-05,0,114073.6878967,-0.10750697009353,0,95043.823246826
16.993499879153,-0.10386724609252,0,121617.33915008,3.5589221352581e-05,0,109402.37412254,-1105608.4864937,-702142.50520775,-0.00095197483333549,1024085.5099882,-0.11427133613872,34701.709992607,1469907.2510514,385115.22727216,-5.811199796191e-05,0,114073.6878967,-0.10750697009353,0,95043.823246826
16.994163149755,-0.10386724609252,0,121617.33915008,3.5589221352581e-05,0,109402.37412254,-1105608.4864937,-702142.50520775,-0.00095197483333549,1024085.5099882,-0.11427133613872,34701.709992607,1469907.2510514,385115.22727216,-5.811199796191e-05,0,114073.6878967,-0.10750697009353,0,95043.823246826
16.994959074478,-0.10388230163827,0,121656.24807117,3.5576147131416e-05,0,109440.87029833,-1106305.524928,-702208.83371333,-0.00095197483333549,1024655.4654462,-0.11429078982348,34724.333137019,1470859.2500505,385150.20231947,-5.8114010133404e-05,0,114112.90721871,-0.10752330043822,0,95084.402765872
16.995436629311,-0.10389710145498,0,121694.26116169,3.5561212742221e-05,0,109478.38588926,-1106930.7419612,-702274.26747094,-0.00095197483333549,1025226.2788205,-0.11430989028725,34745.553431018,1471731.3182138,385184.70553907,-5.8115343359224e-05,0,114151.26838406,-0.1075393467162,0,95124.435369839
16.995914184145,-0.10389710145498,0,121694.26116169,3.5561212742221e-05,0,109478.38588926,-1106930.7419612,-702274.26747094,-0.00095197483333549,1025226.2788205,-0.11430989028725,34745.553431018,1471731.3182138,385184.70553907,-5.8115343359224e-05,0,114151.26838406,-0.1075393467162,0,95124.435369839
16.996487249945,-0.10390709954261,0,121718.79330637,3.5565429885026e-05,0,109502.73319072,-1107301.0727487,-702318.62060784,-0.00095197483333549,1025557.3753332,-0.11432286638477,34758.461113461,1472267.5280349,385208.09296459,-5.8127142792651e-05,0,114176.13164166,-0.10755014182802,0,95148.041317247
16.997174928905,-0.10392000923731,0,121751.09372196,3.5561040314142e-05,0,109534.62836084,-1107808.6525932,-702375.78582627,-0.00095197483333549,1026018.0898268,-0.11433959448895,34776.344826156,1473010.4208685,385238.23620096,-5.8139588984204e-05,0,114208.89265881,-0.10756410558308,0,95180.424891384
16.998000143658,-0.10395765490495,0,121847.66048001,3.5543407553892e-05,0,109630.6257852,-1109369.4625006,-702542.13749921,-0.00095197483333549,1027439.2677423,-0.11438828800765,34827.396787184,1475091.1575452,385325.95342119,-5.813507825414e-05,0,114305.62936914,-0.10760491179556,0,95280.773575745
16.99899040136,-0.10395765490495,0,121847.66048001,3.5543407553892e-05,0,109630.6257852,-1109369.4625006,-702542.13749921,-0.00095197483333549,1027439.2677423,-0.11438828800765,34827.396787184,1475091.1575452,385325.95342119,-5.813507825414e-05,0,114305.62936914,-0.10760491179556,0,95280.773575745
17,-0.10399379288099,0,121942.24943042,3.551093208476e-05,0,109724.998863,-1111057.3168489,-702701.71599095,-0.00095197483333549,1028850.5500927,-0.11443483386721,34877.511370908,1477152.0839922,385410.09913911,-5.8100345041061e-05,0,114399.77579745,-0.10764415424666,0,95382.049103461
