time,invert_disp_y,invert_plastic_strain,invert_stress_vm,left_disp_x,left_plastic_strain,left_stress_vm,max_compressive_yy_concrete,max_compressive_yy_ground,max_plastic_strain_soil,max_principal_stress_concrete,max_settlement_y,max_tensile_yy_concrete,max_vm_concrete,max_vm_ground,right_disp_x,right_plastic_strain,right_stress_vm,top_disp_y,top_plastic_strain,top_stress_vm
0,0,0,0,0,0,0,0,0,0,0,0,0,0,0,0,0,0,0,0,0
0.05,-0.0027325693213561,0,327.60180849311,0,0,2005.2473732226,-5773.9876229068,-24478.594407075,0,3061.6029255879,-0.0027334016303817,48.241306781659,5799.4813833939,13987.979277853,0,0,1941.7844063147,-0.0027329922152615,0,177.11933615098
0.11,-0.0060112185941375,0,714.75458662214,0,0,4401.6215300488,-12783.763292467,-53845.591373236,0,6745.2677465712,-0.0060124144967771,230.68491238527,12752.669463988,30769.375810893,0,0,4279.7419983775,-0.0060121496626805,0,376.61345432539
0.182,-0.0099449646783339,0,1192.4016269925,0,0,7285.9308089681,-21184.216452251,-89075.310516052,0,11257.00230092,-0.0099465024027072,175.14533657775,21254.26436619,50900.946595475,0,0,7088.3033762847,-0.0099465024027072,0,612.1805651971
0.2252,-0.012304690106788,0,1439.3193172626,0,0,9019.5157413871,-26231.866870602,-110207.63301433,0,14014.508416018,-0.012306593411775,216.68222696675,26361.51528846,62976.741800152,0,0,8765.5633670611,-0.012306593411775,0,760.99886303826
0.2468,-0.013484388252168,0,1684.0387190056,0,0,9873.802673161,-29046.069197213,-120772.33997494,0,15155.407466757,-0.013487145929,2537.1764993073,29181.79614621,69013.8095723,0,0,9633.2247113066,-0.013486621336596,0,823.67977302827
0.2684,-0.014664123716883,0,1984.7158244576,0,0,10747.266798541,-31590.077471169,-131335.92290271,0,16765.075511817,-0.014666415265104,258.37926021129,31776.534648913,75050.234083922,0,0,10470.053574573,-0.014666415265104,0,903.7412697714
0.29432,-0.016079652010999,0,1984.0062760338,0,0,11784.40733191,-34578.804063777,-144010.83930531,0,18356.08146174,-0.016082141484334,283.32626585008,34753.223972947,82293.152950246,0,0,11475.55380364,-0.016082141484334,0,994.44237191598
0.325424,-0.017778005587858,0,2231.413370916,0,0,13042.898416492,-38144.810168773,-159218.77712751,0,20259.32648076,-0.017780789625281,313.26492078987,38308.098451784,90983.534793352,0,0,12693.641532864,-0.017780789625281,0,1103.852209851
0.3627488,-0.019815914696492,0,2472.5813057425,0,0,14527.379867268,-42538.271010889,-177465.45204858,0,22570.696213076,-0.019819007390315,349.198860778,42737.642194301,101410.36347837,0,0,14139.483218629,-0.019819007390315,0,1224.4145841329
0.38514368,-0.021038652364063,0,2406.111841713,0,0,15429.010267671,-45144.621293912,-188411.95667162,0,23666.080108878,-0.021041922294522,370.77695131469,45182.847435146,107665.61465269,0,0,15043.445476601,-0.021041922294522,0,1285.8425302406
0.40753856,-0.022261283997261,0,2489.3172656136,0,0,16332.133448142,-47546.52025754,-199357.23041944,0,24663.682033739,-0.022264908351742,3577.9717484196,47259.079867304,113920.15860612,0,0,15921.548820385,-0.022264714527501,0,1359.5385960736
0.434412416,-0.023728424325423,0,2624.4352708905,0,0,17379.441616134,-50717.594001226,-212490.87828188,0,26199.366801338,-0.023732084335718,418.24152569281,50707.891349617,121425.21649551,0,0,16994.370635973,-0.023732084127889,0,1415.0308925162
0.4666610432,-0.025488554156847,0,2796.5015925592,0,0,18666.273006783,-54500.447518775,-228248.37802471,0,28211.468178679,-0.025492492731101,449.29058720519,54597.41242117,130429.63809139,0,0,18254.022730871,-0.02549249246327,0,1517.0087568234
0.50535939584,-0.02760063800155,0,3027.4189092653,0,0,20220.330903587,-59174.907809263,-247154.34812257,0,30707.655290787,-0.027604851674226,486.54191629572,59222.396114767,141233.21342454,0,0,19763.038868804,-0.027604851490088,0,1650.1464344153
0.551797419008,-0.030134451539589,0,3412.3393250739,0,0,22084.790800883,-64441.08736723,-269837.11960927,-9.9550790216202e-06,33320.999095258,-0.030139269347616,531.23529844182,64387.993061949,154194.99408048,0,0,21566.265558835,-0.030139269330051,0,1814.7786564067
0.5657288259584,-0.030895136978301,0,3531.9574024125,0,0,22590.691642014,-66761.309976286,-276640.95963849,-9.9550790216202e-06,34602.706760561,-0.030899936747312,544.70016509778,67303.575045691,158082.9612252,0,0,22156.942221902,-0.030899935987709,0,1812.475123205
0.5796602329088,-0.031655389985398,0,3372.8381268127,0,0,23211.979676731,-67641.784471175,-283444.69168683,-9.9550790216202e-06,34894.860802881,-0.031660275785798,558.0620312637,67254.057775862,161970.86803573,0,0,22660.356364242,-0.031660275785798,0,1913.2002421008
0.59637792124928,-0.032567380472581,0,3490.1148002997,0,0,23876.033678915,-69861.905609749,-291608.01796556,-9.9550790216202e-06,35964.974068616,-0.032572412121569,574.16702442761,69424.841700186,166635.69616053,0,0,23327.169673722,-0.032572412062749,0,1958.4955561325
0.61643914725786,-0.033661783129536,0,3608.4308148928,0,0,24698.414374219,-71941.780703237,-301403.48974732,-2.023348234141e-05,37119.322963868,-0.033666979478163,593.46087005535,71355.518360172,172233.19354503,0,0,24089.0186498,-0.033666979478163,0,2045.7707446991
0.62245751506043,-0.033990511036233,0,3536.0836771177,0,0,24916.315057488,-73025.045166115,-304342.10826511,-2.023348234141e-05,37420.937711633,-0.033995757456857,599.28706995948,72396.019745451,173912.42688646,0,0,24354.506447465,-0.033995757215941,0,2031.4923553469
0.628475882863,-0.0343186320637,0,3567.9274807854,0,0,25169.735833556,-73296.421014932,-307280.24536581,-2.023348234141e-05,37697.925151185,-0.034323922020302,605.06457451718,72646.973530341,175591.38793114,0,0,24575.549065418,-0.034323922020302,0,2070.4935665594
0.63569792422609,-0.034712612672308,0,3613.3284188122,0,0,25459.473118489,-74089.144335313,-310806.19731937,-2.023348234141e-05,38134.759375736,-0.034717963274458,612.01622953114,73462.241352867,177606.24809009,0,0,24858.411972825,-0.034717963274458,0,2095.2759183653
0.64436437386179,-0.035185374308337,0,3663.3781854087,0,0,25808.015805437,-75087.568554158,-315037.19696692,-2.023348234141e-05,38700.286788679,-0.035190796450248,620.35736013307,74479.342533229,180023.9988729,0,0,25194.06610478,-0.035190796450248,0,2125.7536887833
0.65476411342464,-0.035752663540875,0,3754.8683994717,0,0,26224.217021999,-76300.864138854,-320114.18095803,-2.023348234141e-05,39251.833969467,-0.035758219195578,630.37047551454,75664.184012021,182925.17667007,0,0,25600.816181846,-0.035758219195578,0,2159.0939427441
0.66724380090005,-0.036433412048283,0,3813.6737098041,0,0,26724.591946823,-77766.729622567,-326206.24525585,-2.023348234141e-05,40077.90783288,-0.036439031131137,642.38134451485,77146.96693589,186406.40917457,0,0,26087.074407296,-0.036439031131137,0,2203.2987306991
0.68221942587055,-0.037250263232544,0,3911.4743462691,0,0,27323.107761619,-79527.319840273,-333516.26307427,-2.023348234141e-05,41009.315804438,-0.037256009928216,656.79779279382,78910.103454426,190583.62550719,0,0,26667.876469619,-0.037256009928216,0,2254.1188551834
0.70019017583515,-0.038230397506928,0,4028.0543769806,0,0,28043.29151974,-81622.169552152,-342048.98383821,-2.023348234141e-05,42106.201025336,-0.038236296598319,674.09660586061,80999.310068077,195237.9396771,0,0,27370.851918814,-0.038236296598319,0,2314.2139691551
0.72175507579267,-0.039409041448267,0,4263.3850808415,0,0,28868.17212957,-83754.523984699,-352806.92229155,-2.0755113278015e-05,42612.458622741,-0.039415076864326,694.92106711081,82968.012507875,200910.59771426,0,0,28267.264178036,-0.039415076104199,0,2323.0520216964
0.74763295574169,-0.040832733504415,0,3544.7361762438,0,0,29792.924840696,-86605.834638437,-365431.93744414,-9.7111664008146e-05,42334.43428012,-0.040838908507868,719.97633963547,85876.448997753,207567.76456739,0,0,29390.001417794,-0.04083890429448,0,2286.6569491969
0.77868641168051,-0.042545271966638,0,3653.4656493833,0,0,31151.588104024,-90217.437358019,-380586.71094522,-9.6171887455198e-05,44836.872123634,-0.042551735117262,749.7257861598,88665.601950055,215558.87254623,0,0,30488.68094768,-0.042551734466421,0,2517.4986262788
0.8159505588071,-0.044599220804804,0,3835.6856822754,0,0,32661.359410376,-94003.576006519,-398748.44369908,-9.6979853242918e-05,46284.511742955,-0.044605954919559,785.58374106368,91656.383131783,225135.54921356,0,0,31931.782252525,-0.044605954548542,0,2659.145725025
0.82712980294508,-0.045211660723972,0,3900.0163103956,0,0,32991.416739964,-96088.100951471,-403959.71584687,-9.815902055314e-05,47347.739252814,-0.045218510294136,796.49546040456,95266.835496555,227883.45158088,0,0,32484.353132094,-0.045218506561526,0,2557.5347285124
0.83830904708305,-0.045829707260498,0,3968.5498316016,0,0,33437.797531094,-97440.19459512,-409400.28087135,-9.9668350156325e-05,48062.87556604,-0.045836662617071,807.25827150545,96641.691830701,230752.26002522,0,0,32921.695207179,-0.045836658869314,0,2593.2123140896
0.85172414004863,-0.046570488202192,0,4037.4887707141,0,0,33975.922025935,-99019.497359785,-415890.60209428,-9.9954899540025e-05,48900.086095703,-0.046577555501804,820.17198795854,98215.37172472,234174.60463212,0,0,33442.760083298,-0.046577551814114,0,2638.4969124976
0.86782225160731,-0.047459967254523,0,4122.6533505229,0,0,34620.299040206,-100900.75786176,-423676.6334133,-0.00010075289802117,49894.996049069,-0.047467171598198,835.66880255084,100101.72453469,238280.17679367,0,0,34071.524746592,-0.047467167953968,0,2691.977361848
0.88713998547774,-0.048547688378399,0,4220.0131212611,0,0,35440.490324407,-102992.29776371,-433451.74927937,-0.00010195288946459,51041.740952796,-0.048555051502558,854.21332239068,101632.30772022,243434.59272048,0,0,34788.164499768,-0.048555049243674,0,2801.9892291208
0.89873062579999,-0.049180846589244,0,4285.5584938415,0,0,35843.52239453,-104705.84354441,-438849.98318901,-0.00010196617149207,51889.728890205,-0.049188319174721,865.44928474161,104099.36900019,246281.07997192,0,0,35300.798189006,-0.049188314985307,0,2774.7739900691
0.91032126612225,-0.049824482396224,0,4348.8854132276,0,0,36310.917111432,-106049.36674064,-444487.60602051,-0.0001036232550711,52614.686499,-0.049832053723973,876.60256301145,105421.72173626,249253.79693065,0,0,35750.046167036,-0.049832049668908,0,2816.4318766313
0.92423003450895,-0.050595396559291,0,4425.6510773888,0,0,36869.598823018,-107670.61624931,-451213.7586178,-0.00010695854505149,53484.204991354,-0.050603087011291,889.98785754552,107026.84460544,252800.49532385,0,0,36288.567538211,-0.050603083074236,0,2865.1729614447
0.940920556573,-0.051520953932527,0,4519.1733596506,0,0,37540.682062253,-109644.39658722,-459283.39159787,-0.00011170599989439,54542.423825496,-0.051528787776196,906.05261130384,108998.03779573,257055.61055253,0,0,36937.277737641,-0.051528783961115,0,2923.1229530477
0.96094918304985,-0.052658558089529,0,4626.5419908067,0,0,38368.784334397,-111983.08507307,-469414.97865848,-0.0001198635124576,55861.619710999,-0.052666564592174,925.30845256963,111130.9783594,262397.99354689,0,0,37702.355696944,-0.052666561503172,0,3012.3876164443
0.97296635893597,-0.053313479451336,0,4680.1811866478,0,0,38849.242811154,-113414.28061692,-475007.30301242,-0.00012480109619982,56609.792899576,-0.053321590606019,936.87819921299,112593.79230097,265346.82463599,0,0,38171.780782741,-0.053321587523335,0,3051.6166710836
0.98498353482208,-0.053983277982193,0,4742.7240251095,0,0,39335.138484295,-114830.61897573,-480850.0613847,-0.00012913713882732,57407.774870712,-0.053991482449203,948.43851090225,113993.39387459,268427.70950114,0,0,38634.855487915,-0.053991479582298,0,3098.1937803732
0.99940414588542,-0.054785004935721,0,4847.0540369391,0,0,39907.779117784,-116666.39194304,-487821.52876383,-0.0001339356420125,58330.237778364,-0.054793371799413,962.32818580778,115877.01161555,272103.76230488,0,0,39200.829020732,-0.054793368805711,0,3140.5584780111
1.0167088791614,-0.054785004935721,0,4847.0540369391,0,0,39907.779117784,-116666.39194304,-487821.52876383,-0.0001339356420125,58330.237778364,-0.054793371799413,962.32818580778,115877.01161555,272103.76230488,0,0,39200.829020732,-0.054793368805711,0,3140.5584780111
1.0374745590926,-0.054785004935721,0,4847.0540369391,0,0,39907.779117784,-116666.39194304,-487821.52876383,-0.0001339356420125,58330.237778364,-0.054793371799413,962.32818580778,115877.01161555,272103.76230488,0,0,39200.829020732,-0.054793368805711,0,3140.5584780111
1.0623933750101,-0.054785004935721,0,4847.0540369391,0,0,39907.779117784,-116666.39194304,-487821.52876383,-0.0001339356420125,58330.237778364,-0.054793371799413,962.32818580778,115877.01161555,272103.76230488,0,0,39200.829020732,-0.054793368805711,0,3140.5584780111
1.092295954111,-0.054785004935721,0,4847.0540369391,0,0,39907.779117784,-116666.39194304,-487821.52876383,-0.0001339356420125,58330.237778364,-0.054793371799413,962.32818580778,115877.01161555,272103.76230488,0,0,39200.829020732,-0.054793368805711,0,3140.5584780111
1.1281790490321,-0.054785004935721,0,4847.0540369391,0,0,39907.779117784,-116666.39194304,-487821.52876383,-0.0001339356420125,58330.237778364,-0.054793371799413,962.32818580778,115877.01161555,272103.76230488,0,0,39200.829020732,-0.054793368805711,0,3140.5584780111
1.1712387629375,-0.054785004935721,0,4847.0540369391,0,0,39907.779117784,-116666.39194304,-487821.52876383,-0.0001339356420125,58330.237778364,-0.054793371799413,962.32818580778,115877.01161555,272103.76230488,0,0,39200.829020732,-0.054793368805711,0,3140.5584780111
1.2229104196239,-0.054785004935721,0,4847.0540369391,0,0,39907.779117784,-116666.39194304,-487821.52876383,-0.0001339356420125,58330.237778364,-0.054793371799413,962.32818580778,115877.01161555,272103.76230488,0,0,39200.829020732,-0.054793368805711,0,3140.5584780111
1.2849164076476,-0.055009554522857,0,5064.1791224066,0,0,39936.185316922,-120409.37706138,-489264.38335675,-0.00013494770194511,62612.17480895,-0.05501813695294,962.90761613442,122572.98107435,272864.57907504,0,0,39232.94512538,-0.055018133883795,0,3139.8476859882
1.359323593276,-0.0551627334033,0,5209.9798041382,0,0,40012.573595125,-121233.48645534,-490077.96686985,-0.00013494770194511,65295.447850079,-0.055171449278734,962.81892718285,125237.16899936,273293.58138146,0,0,39166.047677964,-0.05517144834617,0,3226.5591380683
1.4486122160301,-0.055344559480749,0,5401.5302301318,0,0,39926.174438295,-123909.50725266,-491014.16222968,-0.00013494770194511,68690.909918708,-0.055353459037469,962.93703560633,131603.62637922,273787.2368967,0,0,39259.835518914,-0.055353455370681,0,3119.4137663546
1.5557585633351,-0.055563146671905,0,5645.4729842003,0,0,39901.525071538,-127130.25729239,-492136.58590199,-0.00013723866463897,73137.668274218,-0.055572284449524,962.97644111349,138683.10369559,274379.09054835,0,0,39298.808099438,-0.055572279798005,0,3087.7361588902
1.684334180101,-0.055824644064163,0,5927.5656979015,0,0,39915.010043295,-130490.82079051,-493483.7641906,-0.00013723866463897,78122.389448547,-0.055834047181405,962.98461322135,146098.51294709,275089.45724369,0,0,39310.053899307,-0.055834042477912,0,3086.1058388668
1.8386249202201,-0.056138246032827,0,6277.957945607,0,0,39939.023001167,-134144.24884406,-495100.62718359,-0.00013714012739271,84019.681328994,-0.056147960376149,962.94845999011,154310.9243404,275942.02861146,0,0,39292.027554147,-0.05614795666322,0,3117.8535490098
2.0237738083631,-0.056469472127781,0,6701.1674572097,0,0,39832.182441618,-139675.43823745,-496802.11948543,-0.00013689154861039,91193.712271745,-0.056479581463707,962.93587325439,165071.78686439,276839.22500291,0,0,39206.745215773,-0.056479578129614,0,3130.6442556223
2.2459524741346,-0.056567715815891,0,6826.6339491163,0,0,40086.127739473,-139950.59680661,-497347.73430821,-0.00013683234904585,92991.529265936,-0.05657791975521,962.78785121522,166160.69283156,277126.92753877,0,0,38972.249027049,-0.056577919382248,0,3264.6050025171
2.3792596735975,-0.056838782120368,0,7150.3085498211,0,0,40095.828862109,-143499.38318587,-498716.77797135,-0.00013674295186968,98523.115525484,-0.056849266858628,962.8056188827,174322.27831019,277848.82387947,0,0,39205.308217516,-0.05684926620492,0,3245.267512332
2.5125668730605,-0.057113297587516,0,7482.4972113723,0,0,40032.803106559,-147970.36599499,-500124.1141276,-0.00013657684930211,104263.67597862,-0.057124092890842,3938.3069737769,184364.13701446,278590.91184635,0,0,39295.489790725,-0.057124089596188,0,3132.01151226
2.5525590328993,-0.057197581148908,0,7557.7049766514,0,0,40029.29276152,-148174.47579607,-500595.32130805,-0.00014006129648189,105437.09767012,-0.05720843200031,962.85764251615,185164.65112879,278839.37926546,0,0,39197.946240974,-0.057208430359532,0,3192.2198433667
2.5925511927382,-0.057197581148908,0,7557.7049766514,0,0,40029.29276152,-148174.47579607,-500595.32130805,-0.00014006129648189,105437.09767012,-0.05720843200031,962.85764251615,185164.65112879,278839.37926546,0,0,39197.946240974,-0.057208430359532,0,3192.2198433667
2.6405417845449,-0.057366420793627,0,7689.1181770739,0,0,40007.578570699,-149035.82201698,-501503.20585571,-0.00014974598877982,107083.74333411,-0.057377355195813,962.88854925753,187814.85958588,279318.10654458,0,0,39220.501291244,-0.057377352771852,0,3162.9155273416
2.6693361396289,-0.057389027545399,0,7720.4423153588,0,0,40035.54171752,-149020.52160663,-501626.11312163,-0.00015178821885104,107538.95105258,-0.057399982942885,962.83400700688,187773.30057657,279382.91551907,0,0,39177.667162091,-0.057399981841631,0,3215.4720755994
2.6981304947129,-0.057436383522823,0,7789.6236510031,0,0,40013.762763963,-149980.5127807,-501874.03482941,-0.00015710764791294,108540.76516916,-0.057447393146027,962.84596607086,189552.18653206,279513.64457485,0,0,39186.993376969,-0.057447391798055,0,3203.5895536064
2.7326837208136,-0.057556593410498,0,7937.5797269486,0,0,40007.127927601,-151218.12239054,-502495.9568546,-0.00017155240315838,110730.71114342,-0.057567715791448,962.83766291459,192613.47765456,279841.58390474,0,0,39180.362998032,-0.057567714635146,0,3211.8572147444
2.7741475921346,-0.057556593410498,0,7937.5797269486,0,0,40007.127927601,-151218.12239054,-502495.9568546,-0.00017155240315838,110730.71114342,-0.057567715791448,962.83766291459,192613.47765456,279841.58390474,0,0,39180.362998032,-0.057567714635146,0,3211.8572147444
2.7865867535309,-0.057667534967582,0,8072.133510843,0,0,40025.072858862,-152642.37188539,-503069.23607523,-0.00018948940838402,113000.92058072,-0.057691782503091,962.81490578084,195721.12706021,280143.87389222,0,0,39162.434706799,-0.05767877710918,0,3234.9808137261
2.7990259149272,-0.057667534967582,0,8072.133510843,0,0,40025.072858862,-152642.37188539,-503069.23607523,-0.00018948940838402,113000.92058072,-0.057691782503091,962.81490578084,195721.12706021,280143.87389222,0,0,39162.434706799,-0.05767877710918,0,3234.9808137261
2.8139529086027,-0.057725145159994,0,8094.9600254712,0,0,40030.19979702,-153171.52278387,-503373.02920313,-0.00019928903883953,114043.54826475,-0.057759633694074,962.61193561925,197099.53398969,280304.06391437,0,0,39160.39473188,-0.057736442186905,0,3239.8175905736
2.8318653010133,-0.057725145159994,0,8094.9600254712,0,0,40030.19979702,-153171.52278387,-503373.02920313,-0.00019928903883953,114043.54826475,-0.057759633694074,962.61193561925,197099.53398969,280304.06391437,0,0,39160.39473188,-0.057736442186905,0,3239.8175905736
2.8533601719061,-0.057725145159994,0,8094.9600254712,0,0,40030.19979702,-153171.52278387,-503373.02920313,-0.00019928903883953,114043.54826475,-0.057759633694074,962.61193561925,197099.53398969,280304.06391437,0,0,39160.39473188,-0.057736442186905,0,3239.8175905736
2.8791540169775,-0.057860446448725,0,8203.6248176593,0,0,40069.892045477,-154498.95494653,-504080.85547251,-0.00024612131919961,116717.90648188,-0.057921874640146,962.40568221563,200377.50155645,280677.30050442,0,0,39131.123703384,-0.0578718843204,0,3287.2342004864
2.9101066310631,-0.057860446448725,0,8203.6248176593,0,0,40069.892045477,-154498.95494653,-504080.85547251,-0.00024612131919961,116717.90648188,-0.057921874640146,962.40568221563,200377.50155645,280677.30050442,0,0,39131.123703384,-0.0578718843204,0,3287.2342004864
2.9472497679658,-0.057997720005491,0,8382.0719981012,0,0,40129.545647948,-156011.80402799,-504765.64744514,-0.00024612131919961,119518.71130554,-0.058090076325639,1964.7900318945,203698.80569656,281038.39113819,0,0,39082.909887854,-0.058009306153429,0,3366.2695437673
2.991821532249,-0.05809041139516,0,8494.8060381735,0,0,40122.26063421,-157412.37923355,-505246.73941801,-0.00024810139500427,121469.85743581,-0.058203657712563,962.06698176814,206791.84499416,281292.07081105,0,0,39097.512702117,-0.05810210463934,0,3350.1123629018
3.045307649389,-0.05809041139516,0,8494.8060381735,0,0,40122.26063421,-157412.37923355,-505246.73941801,-0.00024810139500427,121469.85743581,-0.058203657712563,962.06698176814,206791.84499416,281292.07081105,0,0,39097.512702117,-0.05810210463934,0,3350.1123629018
3.1094909899569,-0.05809041139516,0,8494.8060381735,0,0,40122.26063421,-157412.37923355,-505246.73941801,-0.00024810139500427,121469.85743581,-0.058203657712563,962.06698176814,206791.84499416,281292.07081105,0,0,39097.512702117,-0.05810210463934,0,3350.1123629018
3.1865109986384,-0.05809041139516,0,8494.8060381735,0,0,40122.26063421,-157412.37923355,-505246.73941801,-0.00024810139500427,121469.85743581,-0.058203657712563,962.06698176814,206791.84499416,281292.07081105,0,0,39097.512702117,-0.05810210463934,0,3350.1123629018
3.2789350090561,-0.058267957077856,0,8686.9857593312,0,0,40094.698961923,-159320.20815144,-506146.74496868,-0.00025112709595965,124581.27441869,-0.058426283265179,961.82045859592,211806.95861855,281766.64350538,0,0,39144.511114709,-0.058279809724461,0,3296.8735587753
3.3898438215575,-0.058497679326905,0,8995.4027266028,0,0,40106.757126888,-163158.83389307,-507306.02054527,-0.00026438925536707,129941.65933529,-0.058712268884026,3283.3238929232,219956.59025797,282377.9292189,0,0,39155.333488725,-0.058509822545079,0,3298.6147080432
3.5229343965591,-0.058770551596807,0,9290.8775012309,0,0,40120.409433261,-165461.08631629,-508701.3502135,-0.00027153100851242,134576.58369422,-0.059055484505134,1448.7035207858,226421.72796616,283113.68619705,0,0,39171.787164688,-0.058782931359507,0,3298.0936993135
3.682643086561,-0.059099468167538,0,9778.9431177736,0,0,40178.150307825,-168713.74508082,-510376.05580344,-0.00028064098822717,140856.24322972,-0.059467076457189,3137.2107048472,234739.77477112,283996.75803214,0,0,39148.768388677,-0.059112168397353,0,3358.336697112
3.7065993900613,-0.059099468167538,0,9778.9431177736,0,0,40178.150307825,-168713.74508082,-510376.05580344,-0.00028064098822717,140856.24322972,-0.059467076457189,3137.2107048472,234739.77477112,283996.75803214,0,0,39148.768388677,-0.059112168397353,0,3358.336697112
3.7185775418114,-0.059099468167538,0,9778.9431177736,0,0,40178.150307825,-168713.74508082,-510376.05580344,-0.00028064098822717,140856.24322972,-0.059467076457189,3137.2107048472,234739.77477112,283996.75803214,0,0,39148.768388677,-0.059112168397353,0,3358.336697112
3.7186009366391,-0.059107418077656,0,9791.6340154778,0,0,40182.900455282,-168816.0916535,-510420.44574913,-0.00028169392119575,140980.94894943,-0.059476860529747,3020.0084949148,234916.3788891,284020.16483894,0,0,39144.76856367,-0.059120124542137,0,3364.9248941752
3.7186243314667,-0.059179014598771,0,9682.4076992508,0,0,40128.96745881,-169647.70733861,-510822.65196595,-0.00029222270923333,142084.2252123,-0.05956514975951,3397.6915436247,237416.47713001,284232.2480785,0,0,39205.543915197,-0.059191790173224,0,3282.4076098873
3.7186524052599,-0.059179014598771,0,9682.4076992508,0,0,40128.96745881,-169647.70733861,-510822.65196595,-0.00029222270923333,142084.2252123,-0.05956514975951,3397.6915436247,237416.47713001,284232.2480785,0,0,39205.543915197,-0.059191790173224,0,3282.4076098873
3.7186860938117,-0.059179014598771,0,9682.4076992508,0,0,40128.96745881,-169647.70733861,-510822.65196595,-0.00029222270923333,142084.2252123,-0.05956514975951,3397.6915436247,237416.47713001,284232.2480785,0,0,39205.543915197,-0.059191790173224,0,3282.4076098873
3.7187265200738,-0.059179014598771,0,9682.4076992508,0,0,40128.96745881,-169647.70733861,-510822.65196595,-0.00029222270923333,142084.2252123,-0.05956514975951,3397.6915436247,237416.47713001,284232.2480785,0,0,39205.543915197,-0.059191790173224,0,3282.4076098873
3.7187750315884,-0.059179014598771,0,9682.4076992508,0,0,40128.96745881,-169647.70733861,-510822.65196595,-0.00029222270923333,142084.2252123,-0.05956514975951,3397.6915436247,237416.47713001,284232.2480785,0,0,39205.543915197,-0.059191790173224,0,3282.4076098873
3.7188332454059,-0.059179014598771,0,9682.4076992508,0,0,40128.96745881,-169647.70733861,-510822.65196595,-0.00029222270923333,142084.2252123,-0.05956514975951,3397.6915436247,237416.47713001,284232.2480785,0,0,39205.543915197,-0.059191790173224,0,3282.4076098873
3.7189031019869,-0.059179014598771,0,9682.4076992508,0,0,40128.96745881,-169647.70733861,-510822.65196595,-0.00029222270923333,142084.2252123,-0.05956514975951,3397.6915436247,237416.47713001,284232.2480785,0,0,39205.543915197,-0.059191790173224,0,3282.4076098873
3.7189869298841,-0.059179014598771,0,9682.4076992508,0,0,40128.96745881,-169647.70733861,-510822.65196595,-0.00029222270923333,142084.2252123,-0.05956514975951,3397.6915436247,237416.47713001,284232.2480785,0,0,39205.543915197,-0.059191790173224,0,3282.4076098873
3.7190875233608,-0.059179014598771,0,9682.4076992508,0,0,40128.96745881,-169647.70733861,-510822.65196595,-0.00029222270923333,142084.2252123,-0.05956514975951,3397.6915436247,237416.47713001,284232.2480785,0,0,39205.543915197,-0.059191790173224,0,3282.4076098873
3.7192082355328,-0.059179014598771,0,9682.4076992508,0,0,40128.96745881,-169647.70733861,-510822.65196595,-0.00029222270923333,142084.2252123,-0.05956514975951,3397.6915436247,237416.47713001,284232.2480785,0,0,39205.543915197,-0.059191790173224,0,3282.4076098873
3.7193530901391,-0.059179014598771,0,9682.4076992508,0,0,40128.96745881,-169647.70733861,-510822.65196595,-0.00029222270923333,142084.2252123,-0.05956514975951,3397.6915436247,237416.47713001,284232.2480785,0,0,39205.543915197,-0.059191790173224,0,3282.4076098873
3.7195269156668,-0.059179014598771,0,9682.4076992508,0,0,40128.96745881,-169647.70733861,-510822.65196595,-0.00029222270923333,142084.2252123,-0.05956514975951,3397.6915436247,237416.47713001,284232.2480785,0,0,39205.543915197,-0.059191790173224,0,3282.4076098873
3.7197355063,-0.059179014598771,0,9682.4076992508,0,0,40128.96745881,-169647.70733861,-510822.65196595,-0.00029222270923333,142084.2252123,-0.05956514975951,3397.6915436247,237416.47713001,284232.2480785,0,0,39205.543915197,-0.059191790173224,0,3282.4076098873
3.7199858150598,-0.059179014598771,0,9682.4076992508,0,0,40128.96745881,-169647.70733861,-510822.65196595,-0.00029222270923333,142084.2252123,-0.05956514975951,3397.6915436247,237416.47713001,284232.2480785,0,0,39205.543915197,-0.059191790173224,0,3282.4076098873
3.7202861855716,-0.059179014598771,0,9682.4076992508,0,0,40128.96745881,-169647.70733861,-510822.65196595,-0.00029222270923333,142084.2252123,-0.05956514975951,3397.6915436247,237416.47713001,284232.2480785,0,0,39205.543915197,-0.059191790173224,0,3282.4076098873
3.7206466301857,-0.059179014598771,0,9682.4076992508,0,0,40128.96745881,-169647.70733861,-510822.65196595,-0.00029222270923333,142084.2252123,-0.05956514975951,3397.6915436247,237416.47713001,284232.2480785,0,0,39205.543915197,-0.059191790173224,0,3282.4076098873
3.7210791637227,-0.059179014598771,0,9682.4076992508,0,0,40128.96745881,-169647.70733861,-510822.65196595,-0.00029222270923333,142084.2252123,-0.05956514975951,3397.6915436247,237416.47713001,284232.2480785,0,0,39205.543915197,-0.059191790173224,0,3282.4076098873
3.721598203967,-0.059179014598771,0,9682.4076992508,0,0,40128.96745881,-169647.70733861,-510822.65196595,-0.00029222270923333,142084.2252123,-0.05956514975951,3397.6915436247,237416.47713001,284232.2480785,0,0,39205.543915197,-0.059191790173224,0,3282.4076098873
3.7222210522603,-0.059179014598771,0,9682.4076992508,0,0,40128.96745881,-169647.70733861,-510822.65196595,-0.00029222270923333,142084.2252123,-0.05956514975951,3397.6915436247,237416.47713001,284232.2480785,0,0,39205.543915197,-0.059191790173224,0,3282.4076098873
3.7229684702121,-0.059179014598771,0,9682.4076992508,0,0,40128.96745881,-169647.70733861,-510822.65196595,-0.00029222270923333,142084.2252123,-0.05956514975951,3397.6915436247,237416.47713001,284232.2480785,0,0,39205.543915197,-0.059191790173224,0,3282.4076098873
3.7238653717544,-0.059179014598771,0,9682.4076992508,0,0,40128.96745881,-169647.70733861,-510822.65196595,-0.00029222270923333,142084.2252123,-0.05956514975951,3397.6915436247,237416.47713001,284232.2480785,0,0,39205.543915197,-0.059191790173224,0,3282.4076098873
3.7249416536051,-0.059179014598771,0,9682.4076992508,0,0,40128.96745881,-169647.70733861,-510822.65196595,-0.00029222270923333,142084.2252123,-0.05956514975951,3397.6915436247,237416.47713001,284232.2480785,0,0,39205.543915197,-0.059191790173224,0,3282.4076098873
3.7262331918259,-0.059179014598771,0,9682.4076992508,0,0,40128.96745881,-169647.70733861,-510822.65196595,-0.00029222270923333,142084.2252123,-0.05956514975951,3397.6915436247,237416.47713001,284232.2480785,0,0,39205.543915197,-0.059191790173224,0,3282.4076098873
3.7277830376909,-0.059179014598771,0,9682.4076992508,0,0,40128.96745881,-169647.70733861,-510822.65196595,-0.00029222270923333,142084.2252123,-0.05956514975951,3397.6915436247,237416.47713001,284232.2480785,0,0,39205.543915197,-0.059191790173224,0,3282.4076098873
3.7296428527289,-0.059179014598771,0,9682.4076992508,0,0,40128.96745881,-169647.70733861,-510822.65196595,-0.00029222270923333,142084.2252123,-0.05956514975951,3397.6915436247,237416.47713001,284232.2480785,0,0,39205.543915197,-0.059191790173224,0,3282.4076098873
3.7318746307746,-0.059179014598771,0,9682.4076992508,0,0,40128.96745881,-169647.70733861,-510822.65196595,-0.00029222270923333,142084.2252123,-0.05956514975951,3397.6915436247,237416.47713001,284232.2480785,0,0,39205.543915197,-0.059191790173224,0,3282.4076098873
3.7345527644293,-0.059179014598771,0,9682.4076992508,0,0,40128.96745881,-169647.70733861,-510822.65196595,-0.00029222270923333,142084.2252123,-0.05956514975951,3397.6915436247,237416.47713001,284232.2480785,0,0,39205.543915197,-0.059191790173224,0,3282.4076098873
3.737766524815,-0.059179014598771,0,9682.4076992508,0,0,40128.96745881,-169647.70733861,-510822.65196595,-0.00029222270923333,142084.2252123,-0.05956514975951,3397.6915436247,237416.47713001,284232.2480785,0,0,39205.543915197,-0.059191790173224,0,3282.4076098873
3.7416230372778,-0.059179014598771,0,9682.4076992508,0,0,40128.96745881,-169647.70733861,-510822.65196595,-0.00029222270923333,142084.2252123,-0.05956514975951,3397.6915436247,237416.47713001,284232.2480785,0,0,39205.543915197,-0.059191790173224,0,3282.4076098873
3.7462508522332,-0.059179014598771,0,9682.4076992508,0,0,40128.96745881,-169647.70733861,-510822.65196595,-0.00029222270923333,142084.2252123,-0.05956514975951,3397.6915436247,237416.47713001,284232.2480785,0,0,39205.543915197,-0.059191790173224,0,3282.4076098873
3.7518042301796,-0.059179014598771,0,9682.4076992508,0,0,40128.96745881,-169647.70733861,-510822.65196595,-0.00029222270923333,142084.2252123,-0.05956514975951,3397.6915436247,237416.47713001,284232.2480785,0,0,39205.543915197,-0.059191790173224,0,3282.4076098873
3.7584682837154,-0.059179014598771,0,9682.4076992508,0,0,40128.96745881,-169647.70733861,-510822.65196595,-0.00029222270923333,142084.2252123,-0.05956514975951,3397.6915436247,237416.47713001,284232.2480785,0,0,39205.543915197,-0.059191790173224,0,3282.4076098873
3.7664651479582,-0.059278449459091,0,9808.2269558627,0,0,40115.027500998,-171648.91606773,-511325.508425,-0.00029784110302778,144461.96432111,-0.059688347657532,1708.0888413335,241487.93997788,284497.40416123,0,0,39229.118882708,-0.059291356370421,0,3257.2218022116
3.7760613850497,-0.059278449459091,0,9808.2269558627,0,0,40115.027500998,-171648.91606773,-511325.508425,-0.00029784110302778,144461.96432111,-0.059688347657532,1708.0888413335,241487.93997788,284497.40416123,0,0,39229.118882708,-0.059291356370421,0,3257.2218022116
3.7875768695595,-0.059278449459091,0,9808.2269558627,0,0,40115.027500998,-171648.91606773,-511325.508425,-0.00029784110302778,144461.96432111,-0.059688347657532,1708.0888413335,241487.93997788,284497.40416123,0,0,39229.118882708,-0.059291356370421,0,3257.2218022116
3.8013954509712,-0.059278449459091,0,9808.2269558627,0,0,40115.027500998,-171648.91606773,-511325.508425,-0.00029784110302778,144461.96432111,-0.059688347657532,1708.0888413335,241487.93997788,284497.40416123,0,0,39229.118882708,-0.059291356370421,0,3257.2218022116
3.8179777486653,-0.059385570220117,0,9953.9424973656,0,0,40105.445537534,-173397.46415523,-511869.2383842,-0.00030212984969897,146899.76936239,-0.059821216840045,5836.5455774042,245391.90317009,284784.11283264,0,0,39249.178691251,-0.059398608381586,0,3238.0874466199
3.8378765058981,-0.059385570220117,0,9953.9424973656,0,0,40105.445537534,-173397.46415523,-511869.2383842,-0.00030212984969897,146899.76936239,-0.059821216840045,5836.5455774042,245391.90317009,284784.11283264,0,0,39249.178691251,-0.059398608381586,0,3238.0874466199
3.8617550145776,-0.059475576594786,0,10037.817883854,0,0,40251.199759321,-172912.51924716,-512336.85749204,-0.00032022928299674,148201.17294742,-0.059934621072219,3759.0522376836,244899.5592952,285030.68827596,0,0,39113.314183833,-0.059488676275054,0,3443.6095427969
3.8904092249929,-0.059475576594786,0,10037.817883854,0,0,40251.199759321,-172912.51924716,-512336.85749204,-0.00032022928299674,148201.17294742,-0.059934621072219,3759.0522376836,244899.5592952,285030.68827596,0,0,39113.314183833,-0.059488676275054,0,3443.6095427969
3.9247942774913,-0.059606505939186,0,10218.898030518,0,0,40201.128713156,-175532.55157391,-512994.42696471,-0.00032272277348254,151307.85708304,-0.060096484170338,7707.2041164039,250497.41073188,285377.42449681,0,0,39175.997953525,-0.059619775222418,0,3357.1018258899
3.9660563404894,-0.059692900581772,0,10321.648247156,0,0,40222.998900306,-176403.81648952,-513441.94171985,-0.00032520943078504,153014.40306416,-0.060203749135414,6005.5878668965,252723.27521729,285613.39891242,0,0,39162.712724965,-0.059706259689364,0,3383.993288501
4.0155708160871,-0.059692900581772,0,10321.648247156,0,0,40222.998900306,-176403.81648952,-513441.94171985,-0.00032520943078504,153014.40306416,-0.060203749135414,6005.5878668965,252723.27521729,285613.39891242,0,0,39162.712724965,-0.059706259689364,0,3383.993288501
4.0749881868043,-0.059692900581772,0,10321.648247156,0,0,40222.998900306,-176403.81648952,-513441.94171985,-0.00032520943078504,153014.40306416,-0.060203749135414,6005.5878668965,252723.27521729,285613.39891242,0,0,39162.712724965,-0.059706259689364,0,3383.993288501
4.146289031665,-0.059692900581772,0,10321.648247156,0,0,40222.998900306,-176403.81648952,-513441.94171985,-0.00032520943078504,153014.40306416,-0.060203749135414,6005.5878668965,252723.27521729,285613.39891242,0,0,39162.712724965,-0.059706259689364,0,3383.993288501
4.2318500454978,-0.059827529098012,0,10462.449694542,0,0,39935.235662685,-179138.26783619,-514126.21456564,-0.00033641669728741,155083.52399421,-0.060372852666842,3975.1257343951,260084.54463464,285974.21578922,0,0,39471.596522109,-0.059840993787048,0,3033.6283304078
4.3345232620972,-0.06004282448484,0,10772.695516979,0,0,39935.902586861,-183927.47439086,-515192.94464117,-0.00033641669728741,160716.75603681,-0.060640364683568,3889.134978461,269170.32554381,286536.70228405,0,0,39501.009038081,-0.060056569453581,0,3023.2053241382
4.365325227077,-0.06004282448484,0,10772.695516979,0,0,39935.902586861,-183927.47439086,-515192.94464117,-0.00033641669728741,160716.75603681,-0.060640364683568,3889.134978461,269170.32554381,286536.70228405,0,0,39501.009038081,-0.060056569453581,0,3023.2053241382
4.373025718322,-0.06006294906188,0,10631.327560119,0,0,40026.546513028,-183177.43031003,-515306.07735587,-0.00033641669728741,160524.26966138,-0.060666373645064,4006.2459066088,267720.4921511,286596.35713658,0,0,39414.019114721,-0.060076711520797,0,3101.4732007243
4.3807262095669,-0.060141576043569,0,10792.490883304,0,0,40039.369591835,-184002.03337991,-515716.21922068,-0.00033641669728741,162446.17173343,-0.060764636163084,6178.4687772581,269827.58569459,286812.62483652,0,0,39412.06912361,-0.060155475583235,0,3109.6801876074
4.3899667990609,-0.060141576043569,0,10792.490883304,0,0,40039.369591835,-184002.03337991,-515716.21922068,-0.00033641669728741,162446.17173343,-0.060764636163084,6178.4687772581,269827.58569459,286812.62483652,0,0,39412.06912361,-0.060155475583235,0,3109.6801876074
4.4010555064536,-0.060141576043569,0,10792.490883304,0,0,40039.369591835,-184002.03337991,-515716.21922068,-0.00033641669728741,162446.17173343,-0.060764636163084,6178.4687772581,269827.58569459,286812.62483652,0,0,39412.06912361,-0.060155475583235,0,3109.6801876074
4.4143619553249,-0.060212225663967,0,10875.965794195,0,0,39982.121014162,-185662.78592575,-516075.48475404,-0.00033641669728741,164069.86608065,-0.060853423905552,5851.516928207,273411.81870119,287002.06545653,0,0,39479.815830753,-0.060226179895681,0,3051.5334678738
4.4303296939704,-0.060212225663967,0,10875.965794195,0,0,39982.121014162,-185662.78592575,-516075.48475404,-0.00033641669728741,164069.86608065,-0.060853423905552,5851.516928207,273411.81870119,287002.06545653,0,0,39479.815830753,-0.060226179895681,0,3051.5334678738
4.4494909803451,-0.060212225663967,0,10875.965794195,0,0,39982.121014162,-185662.78592575,-516075.48475404,-0.00033641669728741,164069.86608065,-0.060853423905552,5851.516928207,273411.81870119,287002.06545653,0,0,39479.815830753,-0.060226179895681,0,3051.5334678738
4.4552393662575,-0.0602544471602,0,10938.626230091,0,0,40018.020857234,-185972.20758898,-516288.5526321,-0.00033641669728741,164971.94819232,-0.060906717166679,4200.4547309105,274134.29287268,287114.41609507,0,0,39450.382737051,-0.060268449510332,0,3081.16284901
4.4609877521699,-0.0602544471602,0,10938.626230091,0,0,40018.020857234,-185972.20758898,-516288.5526321,-0.00033641669728741,164971.94819232,-0.060906717166679,4200.4547309105,274134.29287268,287114.41609507,0,0,39450.382737051,-0.060268449510332,0,3081.16284901
4.4678858152647,-0.0602544471602,0,10938.626230091,0,0,40018.020857234,-185972.20758898,-516288.5526321,-0.00033641669728741,164971.94819232,-0.060906717166679,4200.4547309105,274134.29287268,287114.41609507,0,0,39450.382737051,-0.060268449510332,0,3081.16284901
4.4761634909786,-0.060340917364917,0,11038.226059014,0,0,39970.913176672,-187440.75961295,-516725.98198578,-0.00033641669728741,166689.18572986,-0.061015838424398,4117.7751091424,277555.25155929,287345.07247549,0,0,39510.787009083,-0.060355011440494,0,3035.2735324124
4.4860967018352,-0.060340917364917,0,11038.226059014,0,0,39970.913176672,-187440.75961295,-516725.98198578,-0.00033641669728741,166689.18572986,-0.061015838424398,4117.7751091424,277555.25155929,287345.07247549,0,0,39510.787009083,-0.060355011440494,0,3035.2735324124
4.4980165548631,-0.060340917364917,0,11038.226059014,0,0,39970.913176672,-187440.75961295,-516725.98198578,-0.00033641669728741,166689.18572986,-0.061015838424398,4117.7751091424,277555.25155929,287345.07247549,0,0,39510.787009083,-0.060355011440494,0,3035.2735324124
4.5123203784967,-0.060417719088991,0,11171.248596417,0,0,39942.82184235,-189442.46126339,-517111.4462065,-0.00033641669728741,168792.50971926,-0.061111229923622,7901.2663706909,281320.21995935,287548.32765095,0,0,39549.454446754,-0.060431930070917,0,3010.5810156716
4.5294849668569,-0.060453761791147,0,11198.354689875,0,0,40016.685051597,-189022.77448688,-517303.49544292,-0.00033641669728741,169244.84553997,-0.061157287853952,14075.967107161,280969.18014619,287649.59516688,0,0,39481.239824241,-0.060467996260952,0,3067.7672497015
4.5500824728892,-0.060480221532881,0,11188.849806356,0,0,40296.334495563,-185697.68947896,-517458.67678986,-0.0003494692978008,168450.93222267,-0.06119537733261,7073.5125417965,275128.99750148,287731.42229664,0,0,39209.126694614,-0.060494397492212,0,3409.5849329355
4.5747994801279,-0.060480221532881,0,11188.849806356,0,0,40296.334495563,-185697.68947896,-517458.67678986,-0.0003494692978008,168450.93222267,-0.06119537733261,7073.5125417965,275128.99750148,287731.42229664,0,0,39209.126694614,-0.060494397492212,0,3409.5849329355
4.6044598888144,-0.06060735722586,0,11411.778634677,0,0,40259.306250607,-189557.93848081,-518075.916559,-0.00035007698643421,171976.08644744,-0.061353358907452,5750.8796233798,281417.70186453,288056.89267845,0,0,39257.604193167,-0.060621734614757,0,3350.073822804
4.6400523792382,-0.06060735722586,0,11411.778634677,0,0,40259.306250607,-189557.93848081,-518075.916559,-0.00035007698643421,171976.08644744,-0.061353358907452,5750.8796233798,281417.70186453,288056.89267845,0,0,39257.604193167,-0.060621734614757,0,3350.073822804
4.6827633677467,-0.060772407498345,0,11494.566910357,0,0,40408.426112063,-186348.84838187,-518952.4394293,-0.00043363723015538,172433.74553202,-0.061563851443347,5737.8455839966,278908.22928985,288519.08294661,0,0,39142.512572268,-0.060786771216605,0,3559.7437699311
4.7340165539569,-0.060805410158066,0,11535.764282134,0,0,40377.529392209,-187319.07596189,-519118.17243377,-0.00043883711796591,173053.47637789,-0.061607195589604,6097.8047938883,280317.34910118,288606.4739236,0,0,39175.342399276,-0.060819811981547,0,3510.5132732718
4.7955203774092,-0.060999883584373,0,11828.810374476,0,0,40441.905779696,-189991.88712535,-520080.3087599,-0.0004478721628954,177819.64500926,-0.061854789436371,5525.5947779097,286630.15127358,289113.80820011,0,0,39140.934475731,-0.061014544853394,0,3594.4915360433
4.869324965552,-0.061157205415396,0,12070.645008378,0,0,40387.373342498,-194834.52390319,-520869.58957878,-0.00044842904428242,181957.12086055,-0.06204956144268,4545.5918912448,294027.77989138,289529.99578105,0,0,39203.099992811,-0.061172102972109,0,3506.8471185587
4.9136077184376,-0.061195219666054,0,12125.623704326,0,0,40386.309781397,-196010.67273009,-521062.8372799,-0.00044842904428242,182941.70019352,-0.062096491712212,4676.7237197898,295826.7343723,289631.89524358,0,0,39204.570851488,-0.061210177632368,0,3508.4938600132
4.924678406659,-0.061232588733655,0,12176.697988327,0,0,40248.242953015,-197031.20115503,-521258.14077933,-0.00044867558183109,183618.52788897,-0.06214377632565,8337.8623709467,298253.59355547,289734.87871215,0,0,39332.861460917,-0.061247579044954,0,3316.4107192709
4.9357490948804,-0.061232588733655,0,12176.697988327,0,0,40248.242953015,-197031.20115503,-521258.14077933,-0.00044867558183109,183618.52788897,-0.06214377632565,8337.8623709467,298253.59355547,289734.87871215,0,0,39332.861460917,-0.061247579044954,0,3316.4107192709
4.9490339207461,-0.061324844114867,0,12273.332118235,0,0,40431.250053968,-196367.26451024,-521730.51763096,-0.00044867558183109,185312.68729787,-0.06226032240096,9117.0711903956,298535.52560012,289983.96291209,0,0,39189.234133217,-0.061339920355264,0,3549.6946556469
4.964975711785,-0.061324844114867,0,12273.332118235,0,0,40431.250053968,-196367.26451024,-521730.51763096,-0.00044867558183109,185312.68729787,-0.06226032240096,9117.0711903956,298535.52560012,289983.96291209,0,0,39189.234133217,-0.061339920355264,0,3549.6946556469
4.9841058610315,-0.061324844114867,0,12273.332118235,0,0,40431.250053968,-196367.26451024,-521730.51763096,-0.00044867558183109,185312.68729787,-0.06226032240096,9117.0711903956,298535.52560012,289983.96291209,0,0,39189.234133217,-0.061339920355264,0,3549.6946556469
5.0070620401275,-0.061432689335751,0,12443.455565738,0,0,40382.820222118,-199985.46691968,-522267.03812266,-0.00044867558183109,188154.34033912,-0.062393785560037,7364.6781465376,304449.26599367,290266.87001842,0,0,39389.554306563,-0.061447928770304,0,3390.2067090961
5.0346094550426,-0.061432689335751,0,12443.455565738,0,0,40382.820222118,-199985.46691968,-522267.03812266,-0.00044867558183109,188154.34033912,-0.062393785560037,7364.6781465376,304449.26599367,290266.87001842,0,0,39389.554306563,-0.061447928770304,0,3390.2067090961
5.0676663529407,-0.061432689335751,0,12443.455565738,0,0,40382.820222118,-199985.46691968,-522267.03812266,-0.00044867558183109,188154.34033912,-0.062393785560037,7364.6781465376,304449.26599367,290266.87001842,0,0,39389.554306563,-0.061447928770304,0,3390.2067090961
5.1073346304184,-0.061432689335751,0,12443.455565738,0,0,40382.820222118,-199985.46691968,-522267.03812266,-0.00044867558183109,188154.34033912,-0.062393785560037,7364.6781465376,304449.26599367,290266.87001842,0,0,39389.554306563,-0.061447928770304,0,3390.2067090961
5.1549365633917,-0.061432689335751,0,12443.455565738,0,0,40382.820222118,-199985.46691968,-522267.03812266,-0.00044867558183109,188154.34033912,-0.062393785560037,7364.6781465376,304449.26599367,290266.87001842,0,0,39389.554306563,-0.061447928770304,0,3390.2067090961
5.2120588829597,-0.061432689335751,0,12443.455565738,0,0,40382.820222118,-199985.46691968,-522267.03812266,-0.00044867558183109,188154.34033912,-0.062393785560037,7364.6781465376,304449.26599367,290266.87001842,0,0,39389.554306563,-0.061447928770304,0,3390.2067090961
5.2806056664412,-0.061632790755706,0,12944.158292894,0,0,44622.108704817,-211862.53159053,-523164.08475851,-0.00044867558183109,196706.72386433,-0.062613489848293,6749.8358016412,319293.20497322,290739.88245397,0,0,43617.229986031,-0.06164909023887,0,4057.8243441033
5.3628618066191,-0.061840787621153,0,13448.061454213,0,0,49074.369892038,-222402.1880208,-524119.74180202,-0.00045323819931311,205235.8454699,-0.062843673789302,4816.917188329,331209.4041269,291243.80012589,0,0,47742.609893109,-0.06185815566225,0,5035.260945775
5.4615691748325,-0.062083737961774,0,14060.442163999,0,0,53871.412155238,-237640.52766014,-525204.55797144,-0.00045323819931311,215642.0148092,-0.063114226093301,1932.4618158101,351556.39747426,291815.82338273,0,0,53345.18649299,-0.062102411328808,0,5719.327070431
5.5800180166886,-0.062378721369612,0,14801.68625219,0,0,59806.909688024,-255183.27802305,-526533.16321732,-0.00045724866185105,228288.83720467,-0.063442167881109,1845.1782043793,373349.74033872,292516.39655102,0,0,59225.627468414,-0.062398954919699,0,6823.0207241446
5.6155526692455,-0.062423302680716,0,14878.807072609,0,0,60402.656871486,-256444.52228126,-526758.6334013,-0.00045724866185105,229619.16064188,-0.063492402808,696.78087835534,375154.84931159,292635.28688615,0,0,59987.783171729,-0.062443724710549,0,7043.7659275216
5.6510873218023,-0.062556883003873,0,15202.200480344,0,0,62779.779461162,-264695.03492262,-527372.42196364,-0.00045765364557483,235073.36957807,-0.063642550828405,776.76455616998,386383.07594634,292958.93741289,0,0,62758.608882041,-0.0625780001779,0,7419.1169748216
5.6937289048705,-0.062663447273826,0,15458.865535749,0,0,64681.353407172,-270494.55991481,-527861.38461294,-0.00045765364557483,239393.48855408,-0.063761646423642,505.40612566961,393366.59382674,293216.76727946,0,0,64619.215308663,-0.062685110420794,0,7860.4057630923
5.7448988045523,-0.062791041312911,0,15781.270224224,0,0,67313.942305335,-278178.35409544,-528436.57758744,-0.00045765364557483,244873.53734121,-0.063903372860597,622.72310533046,402888.71595299,293520.0663704,0,0,67300.375543191,-0.062813392708817,0,8358.6086439403
5.8063026841706,-0.062943735005029,0,16162.966079047,0,0,70156.889553463,-286960.47172977,-529126.0235422,-0.00045892055743406,251338.72202839,-0.064073442715208,435.61145783943,413674.90961761,293883.61103408,0,0,70430.435266551,-0.062966899800676,0,8984.3207316013
5.8431450119415,-0.0629530159515,0,16185.805175741,0,0,70330.388530497,-287531.96562542,-529168.99889476,-0.0004589562515368,251696.14064375,-0.064083782393785,434.82366435712,414170.01268423,293906.27192511,0,0,70568.529335772,-0.062976227879384,0,9024.5338892521
5.8799873397124,-0.063127715532553,0,16630.046875325,0,0,73531.382893178,-297985.37531176,-529955.40660248,-0.00045961023322302,259346.23267497,-0.064277506708025,420.20645060091,427725.40131932,294320.94448697,0,0,73859.973272999,-0.063151879126454,0,9699.3507578757
5.9241981330375,-0.063192896301641,0,16775.04136995,0,0,74605.815626964,-301061.50119564,-530268.85650864,-0.00045961023322302,261734.89750595,-0.064351195780253,412.57809413454,431912.67475554,294486.22652581,0,0,74844.519051028,-0.063217373280497,0,9989.8846950412
5.9772510850276,-0.063369486654163,0,17224.314332012,0,0,77757.350949921,-311829.49709412,-531056.68074477,-0.00046058270202548,269306.33586396,-0.064547277926603,398.54922952804,444989.58553088,294901.64601498,0,0,78290.75337893,-0.063394909853222,0,10667.494571112
6.0409146274158,-0.063369486654163,0,17224.314332012,0,0,77757.350949921,-311829.49709412,-531056.68074477,-0.00046058270202548,269306.33586396,-0.064547277926603,398.54922952804,444989.58553088,294901.64601498,0,0,78290.75337893,-0.063394909853222,0,10667.494571112
6.1173108782816,-0.063369486654163,0,17224.314332012,0,0,77757.350949921,-311829.49709412,-531056.68074477,-0.00046058270202548,269306.33586396,-0.064547277926603,398.54922952804,444989.58553088,294901.64601498,0,0,78290.75337893,-0.063394909853222,0,10667.494571112
6.2089863793205,-0.063369486654163,0,17224.314332012,0,0,77757.350949921,-311829.49709412,-531056.68074477,-0.00046058270202548,269306.33586396,-0.064547277926603,398.54922952804,444989.58553088,294901.64601498,0,0,78290.75337893,-0.063394909853222,0,10667.494571112
6.3189969805673,-0.063735878440142,0,18216.858088538,0,0,86697.589545661,-335906.84057245,-532657.88690726,-0.00047182485369863,286046.82575213,-0.064945896522341,353.17658079898,473988.10626391,295745.9615701,0,0,87306.055508393,-0.06376359649132,0,12372.342842022
6.3354985707543,-0.063735878440142,0,18216.858088538,0,0,86697.589545661,-335906.84057245,-532657.88690726,-0.00047182485369863,286046.82575213,-0.064945896522341,353.17658079898,473988.10626391,295745.9615701,0,0,87306.055508393,-0.06376359649132,0,12372.342842022
6.3520001609413,-0.063827867278038,0,18455.65726146,0,0,88818.897010445,-341694.93774219,-533097.01814543,-0.00047280499050342,290032.41397849,-0.065045536501376,341.86329037834,480903.17257368,295977.51533307,0,0,89426.023853098,-0.063856143501635,0,12814.693433255
6.3718020691657,-0.063827867278038,0,18455.65726146,0,0,88818.897010445,-341694.93774219,-533097.01814543,-0.00047280499050342,290032.41397849,-0.065045536501376,341.86329037834,480903.17257368,295977.51533307,0,0,89426.023853098,-0.063856143501635,0,12814.693433255
6.395564359035,-0.063882902630958,0,18604.837068764,0,0,90155.286095598,-345401.66587825,-533339.17683828,-0.00047470360811391,292557.87444002,-0.065105482350942,335.19038342881,485361.73839657,296105.20553774,0,0,91013.916976856,-0.063911531113993,0,13077.771890506
6.4240791068782,-0.064016194320511,0,18946.580945876,0,0,93459.313919262,-354853.14554764,-533948.3565414,-0.00047470360811391,298414.67581577,-0.065253523803768,318.33680969023,499083.9439686,296426.4258292,0,0,94720.637696508,-0.064045654826247,0,13497.42987495
6.4582968042899,-0.064016194320511,0,18946.580945876,0,0,93459.313919262,-354853.14554764,-533948.3565414,-0.00047470360811391,298414.67581577,-0.065253523803768,318.33680969023,499083.9439686,296426.4258292,0,0,94720.637696508,-0.064045654826247,0,13497.42987495
6.4993580411841,-0.064214318628779,0,19526.824177377,0,0,99273.21191771,-366304.00307271,-534797.89157916,-0.00047668751315255,307862.50913226,-0.065467612919093,293.86233219825,509840.7594465,296874.3854017,0,0,99440.741247565,-0.06424506490588,0,14838.860655186
6.5239947833206,-0.064214318628779,0,19526.824177377,0,0,99273.21191771,-366304.00307271,-534797.89157916,-0.00047668751315255,307862.50913226,-0.065467612919093,293.86233219825,509840.7594465,296874.3854017,0,0,99440.741247565,-0.06424506490588,0,14838.860655186
6.5486315254571,-0.064345101272993,0,19888.830510261,0,0,102749.26480667,-375399.17588041,-535374.39519246,-0.00047805544616991,313942.04216434,-0.065609401831389,278.82633491598,521528.00046002,297178.37557997,0,0,102628.81829197,-0.06437668541394,0,15421.344393476
6.5781956160208,-0.064426620591349,0,20114.464105044,0,0,104329.64700374,-380454.07065627,-535741.16798348,-0.00048196204200313,317655.61166805,-0.065696981200339,271.35016659593,527687.8178253,297371.77477245,0,0,104549.51078489,-0.064458705918249,0,15790.844635787
6.6136725246974,-0.064516847333532,0,20356.826060363,0,0,106688.28534722,-386243.54604235,-536137.80621824,-0.00048267874926233,321744.337451,-0.065797163253606,260.74400343362,534488.99376738,297580.92200257,0,0,106941.73097981,-0.064549511339462,0,16264.027836067
6.6562448151092,-0.064551377553618,0,20450.210611944,0,0,107375.44784922,-388574.61521843,-536290.05711074,-0.00048397219155748,323325.14504559,-0.065834850074668,256.64107674528,537440.35605099,297661.20386185,0,0,107751.97956576,-0.06458426069704,0,16413.842942194
6.7073315636034,-0.064761840749293,0,21033.070151697,0,0,113430.04082262,-402727.34062191,-537204.98603339,-0.00048775802383924,333142.41409302,-0.066064157747516,230.95934475974,554031.72107343,298143.64561882,0,0,114024.605725,-0.064796095295066,0,17493.296740517
6.7686356617965,-0.064923078744133,0,21466.742235538,0,0,117689.50255234,-412818.33844948,-537922.14277995,-0.00049517679043891,340376.55906445,-0.066240907943652,212.63402071536,566152.39862096,298521.80218501,0,0,118822.97057836,-0.064958342650709,0,18293.255831802
6.7870268912544,-0.064923078744133,0,21466.742235538,0,0,117689.50255234,-412818.33844948,-537922.14277995,-0.00049517679043891,340376.55906445,-0.066240907943652,212.63402071536,566152.39862096,298521.80218501,0,0,118822.97057836,-0.064958342650709,0,18293.255831802
6.8054181207123,-0.064954886245723,0,21550.511334578,0,0,118581.68981386,-414881.13275482,-538065.66987539,-0.00049626074459156,341780.57280114,-0.06627572880482,208.20910318584,568704.49715716,298597.48397941,0,0,119164.6364723,-0.064990347979861,0,18451.488545292
6.8164528583871,-0.065050019320746,0,21806.893447045,0,0,121544.2041287,-421023.86126297,-538491.29894662,-0.000498941386566,346092.32242548,-0.066379520471566,197.40168081719,575979.70883319,298821.91806893,0,0,121797.72269142,-0.065086072666561,0,18916.853837199
6.8274875960618,-0.065050019320746,0,21806.893447045,0,0,121544.2041287,-421023.86126297,-538491.29894662,-0.000498941386566,346092.32242548,-0.066379520471566,197.40168081719,575979.70883319,298821.91806893,0,0,121797.72269142,-0.065086072666561,0,18916.853837199
6.8407292812715,-0.065050019320746,0,21806.893447045,0,0,121544.2041287,-421023.86126297,-538491.29894662,-0.000498941386566,346092.32242548,-0.066379520471566,197.40168081719,575979.70883319,298821.91806893,0,0,121797.72269142,-0.065086072666561,0,18916.853837199
6.8566193035232,-0.065155624657002,0,22069.617124771,0,0,124352.11284861,-427004.54666295,-538965.4340419,-0.0004994008596332,350629.90210229,-0.066495555031179,185.44705245173,583165.91399541,299071.92936289,0,0,124967.72312672,-0.065192326647239,0,19447.624694314
6.8756873302252,-0.065155624657002,0,22069.617124771,0,0,124352.11284861,-427004.54666295,-538965.4340419,-0.0004994008596332,350629.90210229,-0.066495555031179,185.44705245173,583165.91399541,299071.92936289,0,0,124967.72312672,-0.065192326647239,0,19447.624694314
6.8985689622675,-0.065189523159094,0,22163.146712161,0,0,125362.86765076,-429349.46803856,-539113.19934628,-0.00050104370940283,352204.8754123,-0.06653254043278,181.34867162921,586075.22756035,299149.84596545,0,0,126046.44717854,-0.065226446790521,0,19604.410706279
6.9260269207184,-0.065336547872323,0,22573.376988527,0,0,129780.72386149,-439501.06365787,-539753.38032327,-0.00050345216597472,359036.86250449,-0.066692879479277,163.1107530954,598562.47334186,299487.413209,0,0,130403.06335281,-0.065374428519802,0,20319.585866863
6.9589764708594,-0.065336547872323,0,22573.376988527,0,0,129780.72386149,-439501.06365787,-539753.38032327,-0.00050345216597472,359036.86250449,-0.066692879479277,163.1107530954,598562.47334186,299487.413209,0,0,130403.06335281,-0.065374428519802,0,20319.585866863
6.9985159310286,-0.065526695329429,0,23097.233738013,0,0,135230.9128934,-452306.72290909,-540586.10687477,-0.00050638192617742,367816.96935871,-0.066899815988782,144.7921126294,613860.26796169,299926.50968055,0,0,136060.52668261,-0.065565806895118,0,21229.146574628
7.0459632832316,-0.065526695329429,0,23097.233738013,0,0,135230.9128934,-452306.72290909,-540586.10687477,-0.00050638192617742,367816.96935871,-0.066899815988782,144.7921126294,613860.26796169,299926.50968055,0,0,136060.52668261,-0.065565806895118,0,21229.146574628
7.1029001058753,-0.065526695329429,0,23097.233738013,0,0,135230.9128934,-452306.72290909,-540586.10687477,-0.00050638192617742,367816.96935871,-0.066899815988782,144.7921126294,613860.26796169,299926.50968055,0,0,136060.52668261,-0.065565806895118,0,21229.146574628
7.1712242930476,-0.065526695329429,0,23097.233738013,0,0,135230.9128934,-452306.72290909,-540586.10687477,-0.00050638192617742,367816.96935871,-0.066899815988782,144.7921126294,613860.26796169,299926.50968055,0,0,136060.52668261,-0.065565806895118,0,21229.146574628
7.2122188053511,-0.065526695329429,0,23097.233738013,0,0,135230.9128934,-452306.72290909,-540586.10687477,-0.00050638192617742,367816.96935871,-0.066899815988782,144.7921126294,613860.26796169,299926.50968055,0,0,136060.52668261,-0.065565806895118,0,21229.146574628
7.2532133176545,-0.065674761593182,0,23498.165845231,0,0,139327.53453979,-461947.19833448,-541260.83747592,-0.00050638192617742,374617.08318878,-0.06706200161007,141.60031146855,625481.1397552,300282.29491487,0,0,139954.57007828,-0.065714831587658,0,22031.488608254
7.2778100250366,-0.065674761593182,0,23498.165845231,0,0,139327.53453979,-461947.19833448,-541260.83747592,-0.00050638192617742,374617.08318878,-0.06706200161007,141.60031146855,625481.1397552,300282.29491487,0,0,139954.57007828,-0.065714831587658,0,22031.488608254
7.2901083787276,-0.065718987041249,0,23637.642331403,0,0,140596.11875615,-465023.44804335,-541451.13194287,-0.00050638192617742,376726.16518925,-0.067110951885258,140.62586994594,629625.50826188,300382.63713695,0,0,141285.55148229,-0.065759362460758,0,22249.909994806
7.3024067324186,-0.065802855249765,0,23870.622964343,0,0,143075.94172509,-470798.18142627,-541814.88859902,-0.00050715351619713,380624.70250661,-0.067203893746033,138.78730269607,636460.88276346,300574.4459162,0,0,143702.76006128,-0.065843794510426,0,22708.86163753
7.3171647568479,-0.065802855249765,0,23870.622964343,0,0,143075.94172509,-470798.18142627,-541814.88859902,-0.00050715351619713,380624.70250661,-0.067203893746033,138.78730269607,636460.88276346,300574.4459162,0,0,143702.76006128,-0.065843794510426,0,22708.86163753
7.3348743861629,-0.065802855249765,0,23870.622964343,0,0,143075.94172509,-470798.18142627,-541814.88859902,-0.00050715351619713,380624.70250661,-0.067203893746033,138.78730269607,636460.88276346,300574.4459162,0,0,143702.76006128,-0.065843794510426,0,22708.86163753
7.356125941341,-0.065943337852376,0,24259.528876025,0,0,147269.08356106,-480202.82796439,-542426.86747443,-0.00051194696623722,387122.58808942,-0.067359870030033,135.71969918494,647622.98064429,300897.14220512,0,0,148146.17566353,-0.065985218491651,0,23457.902216466
7.3816278075548,-0.065943337852376,0,24259.528876025,0,0,147269.08356106,-480202.82796439,-542426.86747443,-0.00051194696623722,387122.58808942,-0.067359870030033,135.71969918494,647622.98064429,300897.14220512,0,0,148146.17566353,-0.065985218491651,0,23457.902216466
7.4122300470112,-0.066094656343313,0,24669.271325269,0,0,151494.6722716,-490167.006928,-543108.86337649,-0.00051211512409411,394016.18280665,-0.067527201884065,132.51734676158,659592.12034705,301256.75844722,0,0,152420.97652686,-0.066137521101384,0,24250.002863607
7.448952734359,-0.06618917825786,0,24935.274588512,0,0,154327.79797751,-496338.32493334,-543514.49762532,-0.00051389353721357,398456.44606772,-0.067632592053846,130.44863953022,666587.86915337,301470.64927427,0,0,155303.3889082,-0.066232684271042,0,24802.200552559
7.4709863467676,-0.066195039214683,0,24951.723595749,0,0,154463.23618699,-496675.27859195,-543540.72813866,-0.00051405942020984,398759.6353195,-0.067639110043465,130.31910299035,667244.94877146,301484.48061667,0,0,155468.94680861,-0.06623858563084,0,24831.047202347
7.4930199591763,-0.066304151060088,0,25259.085843781,0,0,157797.47326815,-504955.62719266,-544020.08114715,-0.00052105692795329,403751.35522906,-0.067760815315988,127.94403641415,677838.74175129,301737.24332344,0,0,158207.87296461,-0.066348424544306,0,25294.932949468
7.5062401266215,-0.066304151060088,0,25259.085843781,0,0,157797.47326815,-504955.62719266,-544020.08114715,-0.00052105692795329,403751.35522906,-0.067760815315988,127.94403641415,677838.74175129,301737.24332344,0,0,158207.87296461,-0.066348424544306,0,25294.932949468
7.5194602940667,-0.066304151060088,0,25259.085843781,0,0,157797.47326815,-504955.62719266,-544020.08114715,-0.00052105692795329,403751.35522906,-0.067760815315988,127.94403641415,677838.74175129,301737.24332344,0,0,158207.87296461,-0.066348424544306,0,25294.932949468
7.5197081722063,-0.066334947184861,0,25336.678960987,0,0,158673.766914,-506669.15396068,-544156.93505402,-0.00052210851621916,405170.32619728,-0.06779470375399,127.27693167257,679465.30220289,301809.4063495,0,0,159544.42643474,-0.066379425416148,0,25506.042384252
7.5199560503459,-0.066334947184861,0,25336.678960987,0,0,158673.766914,-506669.15396068,-544156.93505402,-0.00052210851621916,405170.32619728,-0.06779470375399,127.27693167257,679465.30220289,301809.4063495,0,0,159544.42643474,-0.066379425416148,0,25506.042384252
7.5202535041134,-0.066334947184861,0,25336.678960987,0,0,158673.766914,-506669.15396068,-544156.93505402,-0.00052210851621916,405170.32619728,-0.06779470375399,127.27693167257,679465.30220289,301809.4063495,0,0,159544.42643474,-0.066379425416148,0,25506.042384252
7.5206104486344,-0.066334947184861,0,25336.678960987,0,0,158673.766914,-506669.15396068,-544156.93505402,-0.00052210851621916,405170.32619728,-0.06779470375399,127.27693167257,679465.30220289,301809.4063495,0,0,159544.42643474,-0.066379425416148,0,25506.042384252
7.5210387820596,-0.066334947184861,0,25336.678960987,0,0,158673.766914,-506669.15396068,-544156.93505402,-0.00052210851621916,405170.32619728,-0.06779470375399,127.27693167257,679465.30220289,301809.4063495,0,0,159544.42643474,-0.066379425416148,0,25506.042384252
7.5215527821699,-0.066334947184861,0,25336.678960987,0,0,158673.766914,-506669.15396068,-544156.93505402,-0.00052210851621916,405170.32619728,-0.06779470375399,127.27693167257,679465.30220289,301809.4063495,0,0,159544.42643474,-0.066379425416148,0,25506.042384252
7.5221695823022,-0.066334947184861,0,25336.678960987,0,0,158673.766914,-506669.15396068,-544156.93505402,-0.00052210851621916,405170.32619728,-0.06779470375399,127.27693167257,679465.30220289,301809.4063495,0,0,159544.42643474,-0.066379425416148,0,25506.042384252
7.522909742461,-0.066334947184861,0,25336.678960987,0,0,158673.766914,-506669.15396068,-544156.93505402,-0.00052210851621916,405170.32619728,-0.06779470375399,127.27693167257,679465.30220289,301809.4063495,0,0,159544.42643474,-0.066379425416148,0,25506.042384252
7.5237979346515,-0.066334947184861,0,25336.678960987,0,0,158673.766914,-506669.15396068,-544156.93505402,-0.00052210851621916,405170.32619728,-0.06779470375399,127.27693167257,679465.30220289,301809.4063495,0,0,159544.42643474,-0.066379425416148,0,25506.042384252
7.5248637652802,-0.066334947184861,0,25336.678960987,0,0,158673.766914,-506669.15396068,-544156.93505402,-0.00052210851621916,405170.32619728,-0.06779470375399,127.27693167257,679465.30220289,301809.4063495,0,0,159544.42643474,-0.066379425416148,0,25506.042384252
7.5261427620346,-0.066334947184861,0,25336.678960987,0,0,158673.766914,-506669.15396068,-544156.93505402,-0.00052210851621916,405170.32619728,-0.06779470375399,127.27693167257,679465.30220289,301809.4063495,0,0,159544.42643474,-0.066379425416148,0,25506.042384252
7.5276775581398,-0.066334947184861,0,25336.678960987,0,0,158673.766914,-506669.15396068,-544156.93505402,-0.00052210851621916,405170.32619728,-0.06779470375399,127.27693167257,679465.30220289,301809.4063495,0,0,159544.42643474,-0.066379425416148,0,25506.042384252
7.5295193134662,-0.066334947184861,0,25336.678960987,0,0,158673.766914,-506669.15396068,-544156.93505402,-0.00052210851621916,405170.32619728,-0.06779470375399,127.27693167257,679465.30220289,301809.4063495,0,0,159544.42643474,-0.066379425416148,0,25506.042384252
7.5317294198577,-0.066334947184861,0,25336.678960987,0,0,158673.766914,-506669.15396068,-544156.93505402,-0.00052210851621916,405170.32619728,-0.06779470375399,127.27693167257,679465.30220289,301809.4063495,0,0,159544.42643474,-0.066379425416148,0,25506.042384252
7.5343815475276,-0.066370945861078,0,25429.548967327,0,0,159752.78954523,-508951.74822821,-544315.28533174,-0.00052210851621916,406856.42827602,-0.067834302287369,126.52705404659,681999.6075263,301892.90440232,0,0,160629.41803765,-0.066415663317756,0,25718.624819483
7.5375641007315,-0.066370945861078,0,25429.548967327,0,0,159752.78954523,-508951.74822821,-544315.28533174,-0.00052210851621916,406856.42827602,-0.067834302287369,126.52705404659,681999.6075263,301892.90440232,0,0,160629.41803765,-0.066415663317756,0,25718.624819483
7.5413831645761,-0.066370945861078,0,25429.548967327,0,0,159752.78954523,-508951.74822821,-544315.28533174,-0.00052210851621916,406856.42827602,-0.067834302287369,126.52705404659,681999.6075263,301892.90440232,0,0,160629.41803765,-0.066415663317756,0,25718.624819483
7.5459660411897,-0.066370945861078,0,25429.548967327,0,0,159752.78954523,-508951.74822821,-544315.28533174,-0.00052210851621916,406856.42827602,-0.067834302287369,126.52705404659,681999.6075263,301892.90440232,0,0,160629.41803765,-0.066415663317756,0,25718.624819483
7.551465493126,-0.066370945861078,0,25429.548967327,0,0,159752.78954523,-508951.74822821,-544315.28533174,-0.00052210851621916,406856.42827602,-0.067834302287369,126.52705404659,681999.6075263,301892.90440232,0,0,160629.41803765,-0.066415663317756,0,25718.624819483
7.5580648354495,-0.066409034054644,0,25533.650772729,0,0,160893.4597384,-511374.69669274,-544482.26899321,-0.0005221473767221,408611.09540716,-0.067876553027268,125.70567382436,684828.16889877,301980.95483814,0,0,161596.22005699,-0.066454003247152,0,25931.61845491
7.5659840462378,-0.066409034054644,0,25533.650772729,0,0,160893.4597384,-511374.69669274,-544482.26899321,-0.0005221473767221,408611.09540716,-0.067876553027268,125.70567382436,684828.16889877,301980.95483814,0,0,161596.22005699,-0.066454003247152,0,25931.61845491
7.5754870991837,-0.066522459365884,0,25845.199280808,0,0,164213.41910198,-518978.50773944,-544979.3002795,-0.0005221473767221,413845.54722906,-0.068002332481463,123.25090438933,693762.91842413,302243.03928868,0,0,165323.32384512,-0.066568177690326,0,26540.793447328
7.5868907627188,-0.066522459365884,0,25845.199280808,0,0,164213.41910198,-518978.50773944,-544979.3002795,-0.0005221473767221,413845.54722906,-0.068002332481463,123.25090438933,693762.91842413,302243.03928868,0,0,165323.32384512,-0.066568177690326,0,26540.793447328
7.6005751589609,-0.066522459365884,0,25845.199280808,0,0,164213.41910198,-518978.50773944,-544979.3002795,-0.0005221473767221,413845.54722906,-0.068002332481463,123.25090438933,693762.91842413,302243.03928868,0,0,165323.32384512,-0.066568177690326,0,26540.793447328
7.6169964344514,-0.066635174698747,0,26147.724775772,0,0,167307.32877455,-526081.31887405,-545488.81954492,-0.00052238179791338,418870.25226348,-0.068126840137861,121.0581515384,702637.32923249,302511.7086537,0,0,167418.87687887,-0.066681604433727,0,27091.737668189
7.6367019650401,-0.066635174698747,0,26147.724775772,0,0,167307.32877455,-526081.31887405,-545488.81954492,-0.00052238179791338,418870.25226348,-0.068126840137861,121.0581515384,702637.32923249,302511.7086537,0,0,167418.87687887,-0.066681604433727,0,27091.737668189
7.6485252833932,-0.066635174698747,0,26147.724775772,0,0,167307.32877455,-526081.31887405,-545488.81954492,-0.00052238179791338,418870.25226348,-0.068126840137861,121.0581515384,702637.32923249,302511.7086537,0,0,167418.87687887,-0.066681604433727,0,27091.737668189
7.6603486017464,-0.066682650357341,0,26278.440683827,0,0,168683.12173798,-529142.35053663,-545693.61766046,-0.00052238179791338,421067.22163363,-0.068180131575973,119.97324811336,706165.43265901,302619.69864279,0,0,168737.85253544,-0.066729406159982,0,27383.916458214
7.6745365837702,-0.066729242839799,0,26408.193464969,0,0,170038.52490231,-532295.98205964,-545896.3455921,-0.00052347589369564,423225.8191085,-0.068232051748886,118.95940252654,709874.72489178,302726.59702136,0,0,170007.76422899,-0.066776311787448,0,27641.915665361
7.6915621621988,-0.066828257753027,0,26680.461391961,0,0,172920.12888426,-538801.61258951,-546329.95721205,-0.00052766859833804,427776.85292016,-0.068342300479885,116.83297193259,717442.57601352,302955.24030557,0,0,173151.53656057,-0.066875985235393,0,28187.473054942
7.7119928563131,-0.066828257753027,0,26680.461391961,0,0,172920.12888426,-538801.61258951,-546329.95721205,-0.00052766859833804,427776.85292016,-0.068342300479885,116.83297193259,717442.57601352,302955.24030557,0,0,173151.53656057,-0.066875985235393,0,28187.473054942
7.7365096892502,-0.066946574070291,0,27008.963059375,0,0,176010.0114315,-546818.70360861,-546847.9008201,-0.00053054314380931,433267.91087651,-0.068473351267762,114.3731468598,726932.55314526,303228.35182305,0,0,177029.51816321,-0.066995086055317,0,28794.515448195
7.7659298887748,-0.067028394721729,0,27227.335966839,0,0,176536.46655169,-552051.12702824,-547220.46461255,-0.0005308144087795,436880.748041,-0.068563051119006,112.86920200402,734343.86563738,303424.80461925,0,0,179137.20023368,-0.06707740392624,0,29100.733367236
7.8012341282043,-0.06704541357535,0,27273.967572753,0,0,176939.1589644,-553003.52740903,-547294.29158451,-0.00053095887138792,437665.15552616,-0.068582321754006,112.48538280241,735261.24724908,303463.73356174,0,0,179717.49694571,-0.067094539017462,0,29219.025397557
7.822416671862,-0.06717402444084,0,27612.968307905,0,0,181143.40756246,-560822.38399384,-547852.76279518,-0.00053095887138792,443585.09925197,-0.068725699583887,109.70433415963,743458.75193843,303758.21527045,0,0,183455.90531929,-0.067224015548756,0,30026.001921173
7.8435992155197,-0.06717402444084,0,27612.968307905,0,0,181143.40756246,-560822.38399384,-547852.76279518,-0.00053095887138792,443585.09925197,-0.068725699583887,109.70433415963,743458.75193843,303758.21527045,0,0,183455.90531929,-0.067224015548756,0,30026.001921173
7.8690182679089,-0.06729632351002,0,27943.516567464,0,0,184375.89474586,-568439.76156817,-548408.38444829,-0.00053095887138792,449061.79636635,-0.068863280104879,107.2545684868,753014.0549754,304051.19441815,0,0,186176.41675675,-0.067347082591704,0,30623.418018123
7.899521130776,-0.06729632351002,0,27943.516567464,0,0,184375.89474586,-568439.76156817,-548408.38444829,-0.00053095887138792,449061.79636635,-0.068863280104879,107.2545684868,753014.0549754,304051.19441815,0,0,186176.41675675,-0.067347082591704,0,30623.418018123
7.9361245662165,-0.067471070802105,0,28440.316264448,0,0,189742.63221145,-580350.12173794,-549154.8281509,-0.00053095887138792,457327.77748098,-0.069056087208165,103.43952460551,766768.62531883,304444.79397058,0,0,191591.92322736,-0.067523020013976,0,31602.726412351
7.9800486887451,-0.067526122205836,0,28598.282547286,0,0,191373.57212356,-584267.04206424,-549402.30690499,-0.00053449070514336,459823.51902211,-0.069115736134568,102.35338469789,772088.63899277,304575.28944391,0,0,193068.71177788,-0.067578419794878,0,31813.751268111
8.0327576357795,-0.067640710146592,0,28911.480515507,0,0,194757.03745084,-591582.95415124,-549907.67780127,-0.00053606964188311,465078.95845009,-0.069243766195306,99.844004665214,779994.67490931,304841.77137323,0,0,196401.63538011,-0.067693772522343,0,32505.890276977
8.0960083722206,-0.067640710146592,0,28911.480515507,0,0,194757.03745084,-591582.95415124,-549907.67780127,-0.00053606964188311,465078.95845009,-0.069243766195306,99.844004665214,779994.67490931,304841.77137323,0,0,196401.63538011,-0.067693772522343,0,32505.890276977
8.1719092559501,-0.067640710146592,0,28911.480515507,0,0,194757.03745084,-591582.95415124,-549907.67780127,-0.00053606964188311,465078.95845009,-0.069243766195306,99.844004665214,779994.67490931,304841.77137323,0,0,196401.63538011,-0.067693772522343,0,32505.890276977
8.2174497861877,-0.067640710146592,0,28911.480515507,0,0,194757.03745084,-591582.95415124,-549907.67780127,-0.00053606964188311,465078.95845009,-0.069243766195306,99.844004665214,779994.67490931,304841.77137323,0,0,196401.63538011,-0.067693772522343,0,32505.890276977
8.2288349187471,-0.067640710146592,0,28911.480515507,0,0,194757.03745084,-591582.95415124,-549907.67780127,-0.00053606964188311,465078.95845009,-0.069243766195306,99.844004665214,779994.67490931,304841.77137323,0,0,196401.63538011,-0.067693772522343,0,32505.890276977
8.2402200513066,-0.067746959078988,0,29195.183423875,0,0,197924.45851565,-599076.56491808,-550392.12372747,-0.00053606964188311,469870.90301313,-0.069364122855622,97.462157285368,789964.92830487,305097.21956865,0,0,199725.88873904,-0.067800741878577,0,33012.477723173
8.2538822103779,-0.067746959078988,0,29195.183423875,0,0,197924.45851565,-599076.56491808,-550392.12372747,-0.00053606964188311,469870.90301313,-0.069364122855622,97.462157285368,789964.92830487,305097.21956865,0,0,199725.88873904,-0.067800741878577,0,33012.477723173
8.2702768012634,-0.067746959078988,0,29195.183423875,0,0,197924.45851565,-599076.56491808,-550392.12372747,-0.00053606964188311,469870.90301313,-0.069364122855622,97.462157285368,789964.92830487,305097.21956865,0,0,199725.88873904,-0.067800741878577,0,33012.477723173
8.2899503103261,-0.067878718943019,0,29579.274361656,0,0,202114.60306042,-607878.43630211,-550950.05917537,-0.00053606964188311,476312.4116324,-0.069510356121089,94.502657584105,799530.23183025,305391.41877105,0,0,203568.91376842,-0.067933409798116,0,33818.26944023
8.3135585212013,-0.067878718943019,0,29579.274361656,0,0,202114.60306042,-607878.43630211,-550950.05917537,-0.00053606964188311,476312.4116324,-0.069510356121089,94.502657584105,799530.23183025,305391.41877105,0,0,203568.91376842,-0.067933409798116,0,33818.26944023
8.3277234477264,-0.067902079756561,0,29643.755753135,0,0,202814.27787974,-609443.94807055,-551053.66657086,-0.00053610137178087,477384.42526417,-0.06953665355749,93.971308853191,801389.98169755,305446.05092084,0,0,204277.13046574,-0.067956929264049,0,33949.140561541
8.3418883742515,-0.068016384275146,0,29963.520795266,0,0,206342.28891667,-617146.86044025,-551555.40983226,-0.00053990479452723,482735.54743442,-0.069665345967365,91.374234122599,810330.06836303,305710.62000087,0,0,207720.06035038,-0.06807201469673,0,34607.023916944
8.3588862860817,-0.068016384275146,0,29963.520795266,0,0,206342.28891667,-617146.86044025,-551555.40983226,-0.00053990479452723,482735.54743442,-0.069665345967365,91.374234122599,810330.06836303,305710.62000087,0,0,207720.06035038,-0.06807201469673,0,34607.023916944
8.3792837802778,-0.068115726090047,0,30239.065522666,0,0,209356.0109528,-623889.95627864,-551992.74422062,-0.00054195345813153,487330.58584618,-0.06977709328997,89.131679218976,818335.06265299,305941.22629942,0,0,210720.85518379,-0.068172029913363,0,35160.891954856
8.4037607733132,-0.068115726090047,0,30239.065522666,0,0,209356.0109528,-623889.95627864,-551992.74422062,-0.00054195345813153,487330.58584618,-0.06977709328997,89.131679218976,818335.06265299,305941.22629942,0,0,210720.85518379,-0.068172029913363,0,35160.891954856
8.4184469691345,-0.068220927867901,0,30517.488800349,0,0,211698.82220134,-630199.0392647,-552468.90064489,-0.0005425448416085,491980.99280561,-0.069896280047171,86.555643730731,825789.78664578,306192.30345881,0,0,213840.51992741,-0.068277934356323,0,35838.293385462
8.4331331649557,-0.068220927867901,0,30517.488800349,0,0,211698.82220134,-630199.0392647,-552468.90064489,-0.0005425448416085,491980.99280561,-0.069896280047171,86.555643730731,825789.78664578,306192.30345881,0,0,213840.51992741,-0.068277934356323,0,35838.293385462
8.4507565999412,-0.068220927867901,0,30517.488800349,0,0,211698.82220134,-630199.0392647,-552468.90064489,-0.0005425448416085,491980.99280561,-0.069896280047171,86.555643730731,825789.78664578,306192.30345881,0,0,213840.51992741,-0.068277934356323,0,35838.293385462
8.4719047219238,-0.068359647511056,0,30917.890269542,0,0,216052.08524804,-640169.51718591,-553069.01544736,-0.00054499549965749,498444.22639958,-0.0700533973667,83.299930915521,838260.20969533,306508.74382924,0,0,218001.18962468,-0.068417622808579,0,36555.631787705
8.4972824683029,-0.068359647511056,0,30917.890269542,0,0,216052.08524804,-640169.51718591,-553069.01544736,-0.00054499549965749,498444.22639958,-0.0700533973667,83.299930915521,838260.20969533,306508.74382924,0,0,218001.18962468,-0.068417622808579,0,36555.631787705
8.5125091161304,-0.068469286914357,0,31221.855921423,0,0,218719.20167895,-646669.36008893,-553559.56742133,-0.0005496218903973,503598.6543154,-0.070176366284384,80.816079576461,845209.03688138,306767.41174279,0,0,221037.31116355,-0.068527993331671,0,37294.591178752
8.5277357639579,-0.068469286914357,0,31221.855921423,0,0,218719.20167895,-646669.36008893,-553559.56742133,-0.0005496218903973,503598.6543154,-0.070176366284384,80.816079576461,845209.03688138,306767.41174279,0,0,221037.31116355,-0.068527993331671,0,37294.591178752
8.5460077413508,-0.06855627424356,0,31469.180584093,0,0,221435.74781417,-652632.89747324,-553931.22101318,-0.00055293726647164,507711.57438461,-0.070274408763892,78.799227447725,852139.25961263,306963.38457927,0,0,223760.4501187,-0.068615584274086,0,37796.513161831
8.5679341142224,-0.06855627424356,0,31469.180584093,0,0,221435.74781417,-652632.89747324,-553931.22101318,-0.00055293726647164,507711.57438461,-0.070274408763892,78.799227447725,852139.25961263,306963.38457927,0,0,223760.4501187,-0.068615584274086,0,37796.513161831
8.5810899379453,-0.068583762218894,0,31546.355744356,0,0,222310.26510859,-654548.30388611,-554051.33405075,-0.00055371923330306,508999.5048533,-0.070305272261283,78.168728650568,854451.53323524,307026.72014872,0,0,224632.0890173,-0.068643258761726,0,37942.474594177
8.5942457616682,-0.068687256138908,0,31837.129995702,0,0,225255.64361628,-662401.16837547,-554514.09442078,-0.00055371923330306,513668.11748007,-0.070420858235699,75.780594391569,865771.74265229,307270.73357044,0,0,226819.43005969,-0.068747449776774,0,38336.164091127
8.6100327501357,-0.068687256138908,0,31837.129995702,0,0,225255.64361628,-662401.16837547,-554514.09442078,-0.00055371923330306,513668.11748007,-0.070420858235699,75.780594391569,865771.74265229,307270.73357044,0,0,226819.43005969,-0.068747449776774,0,38336.164091127
8.6289771362968,-0.06870373395069,0,31882.379638591,0,0,225664.1582024,-663230.3513026,-554585.28254394,-0.00055371923330306,514442.2863629,-0.070439762313538,75.397693689822,866405.29542059,307308.27104845,0,0,227411.0842565,-0.068764040637033,0,38476.525660838
8.65171039969,-0.068834627220131,0,32248.97398669,0,0,229423.10018238,-671159.85834054,-555148.86811216,-0.00055371923330306,520637.8125946,-0.070588306744843,72.373540781108,874430.45095909,307605.44955539,0,0,231807.74754541,-0.068895832875378,0,39394.071667637
8.6789903157619,-0.068868799736515,0,32342.3850268,0,0,230430.27949833,-673393.07589028,-555301.86730904,-0.00055371923330306,522190.26065773,-0.070626764663728,71.602681644499,877045.21623202,307686.12598929,0,0,232830.53050121,-0.068930231654987,0,39591.887959928
8.7117262150481,-0.068993732498071,0,32694.259635773,0,0,234307.2911727,-682028.38115816,-555846.96038737,-0.00055371923330306,528063.58455428,-0.070767171988365,68.801646476099,887391.81110256,307973.55341436,0,0,236869.30382592,-0.069056019446626,0,40266.277173967
8.7313677546199,-0.068993732498071,0,32694.259635773,0,0,234307.2911727,-682028.38115816,-555846.96038737,-0.00055371923330306,528063.58455428,-0.070767171988365,68.801646476099,887391.81110256,307973.55341436,0,0,236869.30382592,-0.069056019446626,0,40266.277173967
8.7411885244057,-0.068993732498071,0,32694.259635773,0,0,234307.2911727,-682028.38115816,-555846.96038737,-0.00055371923330306,528063.58455428,-0.070767171988365,68.801646476099,887391.81110256,307973.55341436,0,0,236869.30382592,-0.069056019446626,0,40266.277173967
8.7510092941916,-0.069042465822541,0,32828.814584704,0,0,235930.46381601,-685292.4176224,-556061.84793449,-0.00055371923330306,530312.06918399,-0.070822008908668,67.707615550517,891272.84806288,308086.86355654,0,0,238486.90584709,-0.069105082643223,0,40533.768852853
8.7627942179346,-0.06912960429904,0,33073.766391018,0,0,238468.12161923,-691307.74655944,-556447.09231447,-0.00055842231222556,534410.12343631,-0.07091994199823,65.791807802385,898272.37173568,308290.00280818,0,0,241103.48088601,-0.069192809597573,0,41018.983097085
8.7769361264263,-0.06912960429904,0,33073.766391018,0,0,238468.12161923,-691307.74655944,-556447.09231447,-0.00055842231222556,534410.12343631,-0.07091994199823,65.791807802385,898272.37173568,308290.00280818,0,0,241103.48088601,-0.069192809597573,0,41018.983097085
8.7939064166163,-0.06912960429904,0,33073.766391018,0,0,238468.12161923,-691307.74655944,-556447.09231447,-0.00055842231222556,534410.12343631,-0.07091994199823,65.791807802385,898272.37173568,308290.00280818,0,0,241103.48088601,-0.069192809597573,0,41018.983097085
8.8040885907303,-0.069170702444703,0,33189.690841324,0,0,239731.95813568,-694126.36858486,-556626.16419402,-0.00055844275830501,536345.23176632,-0.070966093965935,64.88655061404,901651.68650851,308384.42735917,0,0,242437.50441792,-0.069234188044854,0,41236.372657782
8.8142707648443,-0.069265657291261,0,33451.403188946,0,0,242722.78384529,-700486.84477273,-557043.12133713,-0.00055889898973895,540669.01294956,-0.071072980115664,62.763218291005,909093.04748911,308604.28874203,0,0,245862.47290201,-0.069329786255078,0,41764.463663249
8.8264893737811,-0.069265657291261,0,33451.403188946,0,0,242722.78384529,-700486.84477273,-557043.12133713,-0.00055889898973895,540669.01294956,-0.071072980115664,62.763218291005,909093.04748911,308604.28874203,0,0,245862.47290201,-0.069329786255078,0,41764.463663249
8.8411517045052,-0.069265657291261,0,33451.403188946,0,0,242722.78384529,-700486.84477273,-557043.12133713,-0.00055889898973895,540669.01294956,-0.071072980115664,62.763218291005,909093.04748911,308604.28874203,0,0,245862.47290201,-0.069329786255078,0,41764.463663249
8.8587465013742,-0.069382053906505,0,33760.361852907,0,0,246358.41260041,-708453.1136673,-557555.15005038,-0.00055889898973895,546052.80868026,-0.071204660244504,60.110089060885,918390.97983918,308874.28132779,0,0,249569.26763459,-0.069446979831477,0,42428.223906416
8.879860257617,-0.069382053906505,0,33760.361852907,0,0,246358.41260041,-708453.1136673,-557555.15005038,-0.00055889898973895,546052.80868026,-0.071204660244504,60.110089060885,918390.97983918,308874.28132779,0,0,249569.26763459,-0.069446979831477,0,42428.223906416
8.8925285113626,-0.069415790448991,0,33855.04291584,0,0,247283.33727303,-710725.13590759,-557703.00697601,-0.00055889898973895,547646.65443979,-0.071242356663751,59.378535047755,921424.82253169,308952.24624318,0,0,250766.28737685,-0.069480940283533,0,42589.705677011
8.9051967651083,-0.069508289580587,0,34113.865709383,0,0,249715.53091435,-716707.77447776,-558117.91240212,-0.00055889898973895,551985.97822814,-0.071345413325116,57.380006351557,929015.96105415,309171.02574784,0,0,253170.86647029,-0.069574043411822,0,43080.86258547
8.9203986696031,-0.069508289580587,0,34113.865709383,0,0,249715.53091435,-716707.77447776,-558117.91240212,-0.00055889898973895,551985.97822814,-0.071345413325116,57.380006351557,929015.96105415,309171.02574784,0,0,253170.86647029,-0.069574043411822,0,43080.86258547
8.9386409549969,-0.069508289580587,0,34113.865709383,0,0,249715.53091435,-716707.77447776,-558117.91240212,-0.00055889898973895,551985.97822814,-0.071345413325116,57.380006351557,929015.96105415,309171.02574784,0,0,253170.86647029,-0.069574043411822,0,43080.86258547
8.9605316974694,-0.069651911719738,0,34519.906187563,0,0,254194.79317499,-726766.20699023,-558731.46104091,-0.00055889898973895,558750.98939093,-0.07150691034264,54.098503596138,940962.19803633,309494.5497743,0,0,257711.53372667,-0.069718662348194,0,43878.844846729
8.9868005884364,-0.069651911719738,0,34519.906187563,0,0,254194.79317499,-726766.20699023,-558731.46104091,-0.00055889898973895,558750.98939093,-0.07150691034264,54.098503596138,940962.19803633,309494.5497743,0,0,257711.53372667,-0.069718662348194,0,43878.844846729
9.0025619230166,-0.069702077851653,0,34657.480720431,0,0,255729.65738181,-730184.11293972,-558953.603274,-0.00055889898973895,561033.81586324,-0.071563304159392,52.973347643683,945091.32862828,309611.68531019,0,0,259167.00113857,-0.069769164269004,0,44145.192473466
9.0183232575968,-0.069702077851653,0,34657.480720431,0,0,255729.65738181,-730184.11293972,-558953.603274,-0.00055889898973895,561033.81586324,-0.071563304159392,52.973347643683,945091.32862828,309611.68531019,0,0,259167.00113857,-0.069769164269004,0,44145.192473466
9.0372368590931,-0.069702077851653,0,34657.480720431,0,0,255729.65738181,-730184.11293972,-558953.603274,-0.00055889898973895,561033.81586324,-0.071563304159392,52.973347643683,945091.32862828,309611.68531019,0,0,259167.00113857,-0.069769164269004,0,44145.192473466
9.0599331808886,-0.069702077851653,0,34657.480720431,0,0,255729.65738181,-730184.11293972,-558953.603274,-0.00055889898973895,561033.81586324,-0.071563304159392,52.973347643683,945091.32862828,309611.68531019,0,0,259167.00113857,-0.069769164269004,0,44145.192473466
9.0871687670432,-0.069702077851653,0,34657.480720431,0,0,255729.65738181,-730184.11293972,-558953.603274,-0.00055889898973895,561033.81586324,-0.071563304159392,52.973347643683,945091.32862828,309611.68531019,0,0,259167.00113857,-0.069769164269004,0,44145.192473466
9.1198514704287,-0.069702077851653,0,34657.480720431,0,0,255729.65738181,-730184.11293972,-558953.603274,-0.00055889898973895,561033.81586324,-0.071563304159392,52.973347643683,945091.32862828,309611.68531019,0,0,259167.00113857,-0.069769164269004,0,44145.192473466
9.1590707144913,-0.069702077851653,0,34657.480720431,0,0,255729.65738181,-730184.11293972,-558953.603274,-0.00055889898973895,561033.81586324,-0.071563304159392,52.973347643683,945091.32862828,309611.68531019,0,0,259167.00113857,-0.069769164269004,0,44145.192473466
9.2061338073664,-0.069702077851653,0,34657.480720431,0,0,255729.65738181,-730184.11293972,-558953.603274,-0.00055889898973895,561033.81586324,-0.071563304159392,52.973347643683,945091.32862828,309611.68531019,0,0,259167.00113857,-0.069769164269004,0,44145.192473466
9.2343716630915,-0.069750526568161,0,34793.193069198,0,0,257193.50303605,-733490.24809195,-559165.03551259,-0.00055889898973895,563295.47226345,-0.071618019595093,51.802379395032,948973.0031824,309723.1734699,0,0,260642.05452022,-0.069817952090184,0,44430.173966636
9.2626095188166,-0.069921775247271,0,35273.109203038,0,0,262544.01091791,-745244.46931874,-559910.20225397,-0.00055889898973895,571287.96225925,-0.071812948082559,47.777632620749,962869.73449597,310116.09967933,0,0,266213.15822576,-0.069990389833144,0,45417.411990519
9.2964949456867,-0.070013353313174,0,35524.830232869,0,0,265336.30318874,-751375.46593179,-560319.43367111,-0.00055889898973895,575490.12229367,-0.071917418120659,45.681641324165,970029.26908684,310331.88728807,0,0,269113.80906766,-0.070082590071851,0,45937.097710069
9.3168262018088,-0.070013353313174,0,35524.830232869,0,0,265336.30318874,-751375.46593179,-560319.43367111,-0.00055889898973895,575490.12229367,-0.071917418120659,45.681641324165,970029.26908684,310331.88728807,0,0,269113.80906766,-0.070082590071851,0,45937.097710069
9.3269918298698,-0.07002938937023,0,35569.011472121,0,0,265813.90799694,-752469.74886206,-560390.60934195,-0.00055889898973895,576222.62247771,-0.071935612961451,45.280249005256,971409.98413806,310369.41819927,0,0,269550.93459729,-0.070098740735542,0,46028.978816648
9.3371574579308,-0.070121168277604,0,35825.375166778,0,0,268651.38824213,-758681.56237304,-560791.68543588,-0.00055889898973895,580486.82036025,-0.072040775607864,43.104025980453,978700.97515813,310580.905508,0,0,272527.22394495,-0.070191159688779,0,46579.331643477
9.3493562116041,-0.070121168277604,0,35825.375166778,0,0,268651.38824213,-758681.56237304,-560791.68543588,-0.00055889898973895,580486.82036025,-0.072040775607864,43.104025980453,978700.97515813,310580.905508,0,0,272527.22394495,-0.070191159688779,0,46579.331643477
9.363994716012,-0.070141973367701,0,35883.092994184,0,0,269270.14090429,-760072.17759652,-560883.41996704,-0.00055889898973895,581446.12436763,-0.072064571571986,42.615914800148,980309.07590706,310629.27710047,0,0,273179.21581223,-0.070212108282573,0,46701.246479871
9.3815609213014,-0.070175748355604,0,35978.087613888,0,0,270231.199557,-762374.94057719,-561030.67152432,-0.00055889898973895,583030.85470624,-0.072103157549082,41.827146573378,983043.22187908,310706.92280442,0,0,274223.17291102,-0.070246115410587,0,46891.275033966
9.4026403676488,-0.070294130986379,0,36308.484247867,0,0,273747.12405573,-770417.49377149,-561546.29663327,-0.00055889898973895,588526.03020111,-0.072238783814941,38.966693600766,992572.50780562,310978.8117778,0,0,278039.735636,-0.07036532389833,0,47600.880997648
9.4279357032656,-0.070294130986379,0,36308.484247867,0,0,273747.12405573,-770417.49377149,-561546.29663327,-0.00055889898973895,588526.03020111,-0.072238783814941,38.966693600766,992572.50780562,310978.8117778,0,0,278039.735636,-0.07036532389833,0,47600.880997648
9.4431129046357,-0.070402076523723,0,36592.970463355,0,0,276449.69312185,-776966.49263781,-562036.95139538,-0.00055889898973895,593332.06672034,-0.072363597007284,36.168016654135,1000058.5516104,311237.53388788,0,0,280571.82221693,-0.070474007984523,0,48350.255486801
9.4582901060058,-0.070402076523723,0,36592.970463355,0,0,276449.69312185,-776966.49263781,-562036.95139538,-0.00055889898973895,593332.06672034,-0.072363597007284,36.168016654135,1000058.5516104,311237.53388788,0,0,280571.82221693,-0.070474007984523,0,48350.255486801
9.4765027476499,-0.070402076523723,0,36592.970463355,0,0,276449.69312185,-776966.49263781,-562036.95139538,-0.00055889898973895,593332.06672034,-0.072363597007284,36.168016654135,1000058.5516104,311237.53388788,0,0,280571.82221693,-0.070474007984523,0,48350.255486801
9.4792346438965,-0.070423839669624,0,36654.660438173,0,0,276999.20119355,-778478.57625063,-562130.43792081,-0.00055889898973895,594386.48101336,-0.072388122028863,35.613199483287,1002074.2906418,311286.82930484,0,0,280151.80999765,-0.0704959201349,0,48465.936670366
9.4819665401432,-0.070423839669624,0,36654.660438173,0,0,276999.20119355,-778478.57625063,-562130.43792081,-0.00055889898973895,594386.48101336,-0.072388122028863,35.613199483287,1002074.2906418,311286.82930484,0,0,280151.80999765,-0.0704959201349,0,48465.936670366
9.4852448156391,-0.070513322360677,0,36915.096870721,0,0,279600.55889157,-784806.42810929,-562511.52647075,-0.00055889898973895,598655.53632309,-0.072489942731104,33.687836112624,1010284.1461258,311487.77719112,0,0,284392.62508215,-0.070586028967957,0,48980.352997186
9.4891787462342,-0.070513322360677,0,36915.096870721,0,0,279600.55889157,-784806.42810929,-562511.52647075,-0.00055889898973895,598655.53632309,-0.072489942731104,33.687836112624,1010284.1461258,311487.77719112,0,0,284392.62508215,-0.070586028967957,0,48980.352997186
9.4938994629484,-0.070513322360677,0,36915.096870721,0,0,279600.55889157,-784806.42810929,-562511.52647075,-0.00055889898973895,598655.53632309,-0.072489942731104,33.687836112624,1010284.1461258,311487.77719112,0,0,284392.62508215,-0.070586028967957,0,48980.352997186
9.4995643230054,-0.070513322360677,0,36915.096870721,0,0,279600.55889157,-784806.42810929,-562511.52647075,-0.00055889898973895,598655.53632309,-0.072489942731104,33.687836112624,1010284.1461258,311487.77719112,0,0,284392.62508215,-0.070586028967957,0,48980.352997186
9.5063621550737,-0.070513322360677,0,36915.096870721,0,0,279600.55889157,-784806.42810929,-562511.52647075,-0.00055889898973895,598655.53632309,-0.072489942731104,33.687836112624,1010284.1461258,311487.77719112,0,0,284392.62508215,-0.070586028967957,0,48980.352997186
9.5145195535558,-0.070513322360677,0,36915.096870721,0,0,279600.55889157,-784806.42810929,-562511.52647075,-0.00055889898973895,598655.53632309,-0.072489942731104,33.687836112624,1010284.1461258,311487.77719112,0,0,284392.62508215,-0.070586028967957,0,48980.352997186
9.5243084317343,-0.070542614856898,0,36997.203431996,0,0,280512.35837608,-786796.45170209,-562639.08387349,-0.00055889898973895,600036.26518129,-0.07252341353003,33.027722327113,1012721.6205056,311555.03817376,0,0,285383.29074943,-0.070615524762853,0,49109.081061922
9.5360550855484,-0.070648467349855,0,37288.108871612,0,0,283790.97761309,-794385.0372662,-563114.84356877,-0.00055889898973895,604765.3166617,-0.072645365940876,30.416631424252,1022594.5303707,311805.90612655,0,0,287928.640186,-0.070722102678484,0,49594.236443288
9.5501510701254,-0.070648467349855,0,37288.108871612,0,0,283790.97761309,-794385.0372662,-563114.84356877,-0.00055889898973895,604765.3166617,-0.072645365940876,30.416631424252,1022594.5303707,311805.90612655,0,0,287928.640186,-0.070722102678484,0,49594.236443288
9.5670662516178,-0.070648467349855,0,37288.108871612,0,0,283790.97761309,-794385.0372662,-563114.84356877,-0.00055889898973895,604765.3166617,-0.072645365940876,30.416631424252,1022594.5303707,311805.90612655,0,0,287928.640186,-0.070722102678484,0,49594.236443288
9.5873644694087,-0.070783456370495,0,37679.201386162,0,0,288064.40381039,-803274.81464992,-563687.73118103,-0.00055889898973895,611323.27210367,-0.072798628503648,26.995071087692,1032019.0249157,312107.98960257,0,0,291984.30623789,-0.070858034114307,0,50519.254658317
9.6117223307578,-0.070783456370495,0,37679.201386162,0,0,288064.40381039,-803274.81464992,-563687.73118103,-0.00055889898973895,611323.27210367,-0.072798628503648,26.995071087692,1032019.0249157,312107.98960257,0,0,291984.30623789,-0.070858034114307,0,50519.254658317
9.6409517643766,-0.07092751228144,0,38074.955223554,0,0,292409.2535055,-813124.40997161,-564333.72003202,-0.00055889898973895,617858.29556044,-0.072963604169528,23.668301215652,1044111.188497,312448.61933958,0,0,296274.15353291,-0.071003072818793,0,51279.893594917
9.6760270847193,-0.070964246887715,0,38181.459016307,0,0,293559.46305488,-815583.27302369,-564489.71352499,-0.00055889898973895,619635.10733198,-0.073005342277799,22.807501189642,1046806.2263967,312530.87466482,0,0,297385.73668359,-0.071040064437867,0,51512.491859974
9.7181174691304,-0.071129604073295,0,38653.218851043,0,0,298802.33518096,-826910.4605342,-565198.22426663,-0.00055889898973895,627468.76923009,-0.073194161216298,18.909932495133,1059854.4415143,312904.47217938,0,0,302505.23868534,-0.071206579299244,0,52503.765196252
9.7686259304238,-0.071264456536509,0,39026.68465708,0,0,302979.23363662,-836114.14183207,-565791.39277478,-0.00055889898973895,633695.85882319,-0.073348023830637,15.773541367192,1070749.1010154,313217.24976861,0,0,306692.86315783,-0.0713423610208,0,53264.115715863
9.7837784688118,-0.071264456536509,0,39026.68465708,0,0,302979.23363662,-836114.14183207,-565791.39277478,-0.00055889898973895,633695.85882319,-0.073348023830637,15.773541367192,1070749.1010154,313217.24976861,0,0,306692.86315783,-0.0713423610208,0,53264.115715863
9.7989310071999,-0.071290311732615,0,39095.505284389,0,0,303688.98389348,-837917.85712166,-565909.84088268,-0.00055889898973895,634839.67300237,-0.073377869061923,15.123324200973,1073295.3607132,313279.70742232,0,0,307227.10677714,-0.071368390777228,0,53390.509000299
9.8171140532655,-0.071340369911319,0,39236.598127743,0,0,305195.02613723,-841204.3349394,-566127.9591519,-0.00055889898973895,637184.18690353,-0.073434927498498,13.929998938623,1077006.636526,313394.7211241,0,0,308799.54490554,-0.071418797764997,0,53710.070807823
9.8389337085442,-0.071387828610094,0,39370.473120198,0,0,306668.83464016,-844459.32865916,-566334.87751401,-0.00055889898973895,639423.45092332,-0.073489164020688,12.820883885881,1080854.151246,313503.82911818,0,0,310253.80147024,-0.071466585048902,0,53983.592059148
9.8520255017115,-0.07144130282173,0,39518.717309639,0,0,308149.40788313,-847910.09485552,-566574.86464487,-0.00055889898973895,641859.54440224,-0.073550405209549,11.596033144859,1084972.9368593,313630.37426316,0,0,311491.23603779,-0.071520416608978,0,54293.117209094
9.8651172948787,-0.07144130282173,0,39518.717309639,0,0,308149.40788313,-847910.09485552,-566574.86464487,-0.00055889898973895,641859.54440224,-0.073550405209549,11.596033144859,1084972.9368593,313630.37426316,0,0,311491.23603779,-0.071520416608978,0,54293.117209094
9.8808274466794,-0.071562048578272,0,39859.76339339,0,0,311777.43265193,-856037.38050311,-567095.69100028,-0.00055889898973895,647556.17551398,-0.073688136877305,8.6622423330056,1094481.1774273,313905.00585349,0,0,314968.10004224,-0.071642003414993,0,55039.663048204
9.8996796288403,-0.071562048578272,0,39859.76339339,0,0,311777.43265193,-856037.38050311,-567095.69100028,-0.00055889898973895,647556.17551398,-0.073688136877305,8.6622423330056,1094481.1774273,313905.00585349,0,0,314968.10004224,-0.071642003414993,0,55039.663048204
9.9223022474333,-0.071672337720156,0,40167.046309077,0,0,315225.9715397,-863580.32918917,-567578.83362074,-0.00055889898973895,652656.76781105,-0.073813897151945,6.1136742256186,1103345.1044878,314159.76682105,0,0,318348.63515632,-0.071753053196583,0,55668.14078906
9.9494493897449,-0.071697271036614,0,40236.05324882,0,0,316009.43248615,-865278.19207326,-567689.24471212,-0.00055889898973895,653804.8926182,-0.073842304995781,5.5491512887467,1105380.0749872,314217.98655776,0,0,318860.92517617,-0.071778155187353,0,55807.322160102
9.9820259605188,-0.071758715820923,0,40408.550567743,0,0,317878.50146981,-869414.82955585,-567956.27272035,-0.00055889898973895,656679.79245082,-0.073912445860794,4.0892152114595,1110175.4452608,314358.7903521,0,0,321085.28507964,-0.071840031008349,0,56171.993199106
10.021117845448,-0.07187823651928,0,40742.113131433,0,0,321600.3815974,-877451.18271826,-568478.54990654,-0.00055889898973895,662251.64856122,-0.074048803268974,1.2471348257739,1119666.9046611,314634.18696601,0,0,324711.02018172,-0.071960381164622,0,56882.844081463
10.068028107362,-0.07187823651928,0,40742.113131433,0,0,321600.3815974,-877451.18271826,-568478.54990654,-0.00055889898973895,662251.64856122,-0.074048803268974,1.2471348257739,1119666.9046611,314634.18696601,0,0,324711.02018172,-0.071960381164622,0,56882.844081463
10.124320421659,-0.07187823651928,0,40742.113131433,0,0,321600.3815974,-877451.18271826,-568478.54990654,-0.00055889898973895,662251.64856122,-0.074048803268974,1.2471348257739,1119666.9046611,314634.18696601,0,0,324711.02018172,-0.071960381164622,0,56882.844081463
10.191871198816,-0.07187823651928,0,40742.113131433,0,0,321600.3815974,-877451.18271826,-568478.54990654,-0.00055889898973895,662251.64856122,-0.074048803268974,1.2471348257739,1119666.9046611,314634.18696601,0,0,324711.02018172,-0.071960381164622,0,56882.844081463
10.23240166511,-0.071891953802674,0,40780.323325033,0,0,322032.1819198,-878385.28042659,-568538.93619972,-0.00055889898973895,662887.98878085,-0.074064693471172,0.93086456108333,1120751.7389342,314666.02864149,0,0,325144.28072021,-0.07197419270266,0,56960.829376735
10.272932131404,-0.072070576188474,0,41283.681838432,0,0,327593.10292579,-890829.54857442,-569312.55844896,-0.00055889898973895,671234.60764624,-0.074272369885886,-3.3800697002559,1135474.8204534,315073.95943652,0,0,330733.78393798,-0.072154073250469,0,58010.96927451
10.297250411181,-0.072070576188474,0,41283.681838432,0,0,327593.10292579,-890829.54857442,-569312.55844896,-0.00055889898973895,671234.60764624,-0.074272369885886,-3.3800697002559,1135474.8204534,315073.95943652,0,0,330733.78393798,-0.072154073250469,0,58010.96927451
10.309409551069,-0.072120085157654,0,41421.421428651,0,0,328876.93222546,-893984.27255863,-569537.3379844,-0.00056135487497566,673494.07589749,-0.07432929592911,-4.55464824767,1139316.0873886,315192.48561914,0,0,332361.19888342,-0.072203916206995,0,58306.237373667
10.321568690957,-0.072120085157654,0,41421.421428651,0,0,328876.93222546,-893984.27255863,-569537.3379844,-0.00056135487497566,673494.07589749,-0.07432929592911,-4.55464824767,1139316.0873886,315192.48561914,0,0,332361.19888342,-0.072203916206995,0,58306.237373667
10.336159658823,-0.072240117014868,0,41759.680187641,0,0,332645.36244185,-902268.90773756,-570058.63655386,-0.00056198027521794,679109.9980159,-0.074468767002565,-7.4653198892159,1149165.206328,315467.36620764,0,0,336088.19041839,-0.072324792039233,0,59015.699431824
10.353668820262,-0.072240117014868,0,41759.680187641,0,0,332645.36244185,-902268.90773756,-570058.63655386,-0.00056198027521794,679109.9980159,-0.074468767002565,-7.4653198892159,1149165.206328,315467.36620764,0,0,336088.19041839,-0.072324792039233,0,59015.699431824
10.364174317126,-0.072240117014868,0,41759.680187641,0,0,332645.36244185,-902268.90773756,-570058.63655386,-0.00056198027521794,679109.9980159,-0.074468767002565,-7.4653198892159,1149165.206328,315467.36620764,0,0,336088.19041839,-0.072324792039233,0,59015.699431824
10.36483091068,-0.072240117014868,0,41759.680187641,0,0,332645.36244185,-902268.90773756,-570058.63655386,-0.00056198027521794,679109.9980159,-0.074468767002565,-7.4653198892159,1149165.206328,315467.36620764,0,0,336088.19041839,-0.072324792039233,0,59015.699431824
10.365159207456,-0.072247915127499,0,41781.282143386,0,0,332889.89574671,-902799.99828868,-570093.12446169,-0.00056215144386353,679467.51883224,-0.074477804089664,-7.6506589154516,1149793.4304923,315485.55167159,0,0,336327.49868968,-0.072332644233344,0,59061.088262878
10.365487504233,-0.072247915127499,0,41781.282143386,0,0,332889.89574671,-902799.99828868,-570093.12446169,-0.00056215144386353,679467.51883224,-0.074477804089664,-7.6506589154516,1149793.4304923,315485.55167159,0,0,336327.49868968,-0.072332644233344,0,59061.088262878
10.365881460366,-0.072247915127499,0,41781.282143386,0,0,332889.89574671,-902799.99828868,-570093.12446169,-0.00056215144386353,679467.51883224,-0.074477804089664,-7.6506589154516,1149793.4304923,315485.55167159,0,0,336327.49868968,-0.072332644233344,0,59061.088262878
10.366354207725,-0.072247915127499,0,41781.282143386,0,0,332889.89574671,-902799.99828868,-570093.12446169,-0.00056215144386353,679467.51883224,-0.074477804089664,-7.6506589154516,1149793.4304923,315485.55167159,0,0,336327.49868968,-0.072332644233344,0,59061.088262878
10.366921504555,-0.072247915127499,0,41781.282143386,0,0,332889.89574671,-902799.99828868,-570093.12446169,-0.00056215144386353,679467.51883224,-0.074477804089664,-7.6506589154516,1149793.4304923,315485.55167159,0,0,336327.49868968,-0.072332644233344,0,59061.088262878
10.367602260752,-0.072247915127499,0,41781.282143386,0,0,332889.89574671,-902799.99828868,-570093.12446169,-0.00056215144386353,679467.51883224,-0.074477804089664,-7.6506589154516,1149793.4304923,315485.55167159,0,0,336327.49868968,-0.072332644233344,0,59061.088262878
10.368419168188,-0.072259592467913,0,41813.593799248,0,0,333266.0001366,-903592.02409322,-570144.69983251,-0.00056253810811266,680009.50395405,-0.074491348620473,-7.9306248132831,1150718.978784,315512.74735003,0,0,336675.81411937,-0.072344403009379,0,59129.971448158
10.369399457112,-0.072259592467913,0,41813.593799248,0,0,333266.0001366,-903592.02409322,-570144.69983251,-0.00056253810811266,680009.50395405,-0.074491348620473,-7.9306248132831,1150718.978784,315512.74735003,0,0,336675.81411937,-0.072344403009379,0,59129.971448158
10.370575803819,-0.072259592467913,0,41813.593799248,0,0,333266.0001366,-903592.02409322,-570144.69983251,-0.00056253810811266,680009.50395405,-0.074491348620473,-7.9306248132831,1150718.978784,315512.74735003,0,0,336675.81411937,-0.072344403009379,0,59129.971448158
10.371987419869,-0.072259592467913,0,41813.593799248,0,0,333266.0001366,-903592.02409322,-570144.69983251,-0.00056253810811266,680009.50395405,-0.074491348620473,-7.9306248132831,1150718.978784,315512.74735003,0,0,336675.81411937,-0.072344403009379,0,59129.971448158
10.373681359129,-0.072259592467913,0,41813.593799248,0,0,333266.0001366,-903592.02409322,-570144.69983251,-0.00056253810811266,680009.50395405,-0.074491348620473,-7.9306248132831,1150718.978784,315512.74735003,0,0,336675.81411937,-0.072344403009379,0,59129.971448158
10.37571408624,-0.07226278426714,0,41822.53624506,0,0,333362.32263456,-903805.45912252,-570158.71772422,-0.00056267054615593,680158.72240933,-0.074495048953233,-8.0064625660743,1150966.323758,315520.13898042,0,0,336767.06956153,-0.072347617070377,0,59149.216926624
10.378153358774,-0.072289622841425,0,41897.625509338,0,0,334170.0968362,-905660.6275595,-570276.50570288,-0.00056414518881226,681409.02007623,-0.074526179669742,-8.6498038974122,1153151.4840719,315582.24854824,0,0,337638.70622919,-0.072374643107435,0,59307.291708629
10.381080485814,-0.072289622841425,0,41897.625509338,0,0,334170.0968362,-905660.6275595,-570276.50570288,-0.00056414518881226,681409.02007623,-0.074526179669742,-8.6498038974122,1153151.4840719,315582.24854824,0,0,337638.70622919,-0.072374643107435,0,59307.291708629
10.384593038263,-0.072315390478872,0,41968.611645312,0,0,334943.85626916,-907368.35623634,-570390.07718,-0.00056675793558137,682588.60541018,-0.074556138345639,-9.291217443305,1155187.1368012,315642.13475606,0,0,338443.84833332,-0.072400590720221,0,59466.066953219
10.388808101201,-0.072315390478872,0,41968.611645312,0,0,334943.85626916,-907368.35623634,-570390.07718,-0.00056675793558137,682588.60541018,-0.074556138345639,-9.291217443305,1155187.1368012,315642.13475606,0,0,338443.84833332,-0.072400590720221,0,59466.066953219
10.393866176727,-0.072315390478872,0,41968.611645312,0,0,334943.85626916,-907368.35623634,-570390.07718,-0.00056675793558137,682588.60541018,-0.074556138345639,-9.291217443305,1155187.1368012,315642.13475606,0,0,338443.84833332,-0.072400590720221,0,59466.066953219
10.396901022042,-0.072315390478872,0,41968.611645312,0,0,334943.85626916,-907368.35623634,-570390.07718,-0.00056675793558137,682588.60541018,-0.074556138345639,-9.291217443305,1155187.1368012,315642.13475606,0,0,338443.84833332,-0.072400590720221,0,59466.066953219
10.399935867358,-0.072361052313626,0,42096.610833329,0,0,336306.89668348,-910409.97680995,-570589.54574353,-0.0005707161850183,684729.83430684,-0.074609160291175,-10.3889677657,1158731.5914348,315747.31447421,0,0,339836.16668489,-0.072446571617964,0,59745.404117231
10.403577681736,-0.072361052313626,0,42096.610833329,0,0,336306.89668348,-910409.97680995,-570589.54574353,-0.0005707161850183,684729.83430684,-0.074609160291175,-10.3889677657,1158731.5914348,315747.31447421,0,0,339836.16668489,-0.072446571617964,0,59745.404117231
10.40794785899,-0.072361052313626,0,42096.610833329,0,0,336306.89668348,-910409.97680995,-570589.54574353,-0.0005707161850183,684729.83430684,-0.074609160291175,-10.3889677657,1158731.5914348,315747.31447421,0,0,339836.16668489,-0.072446571617964,0,59745.404117231
10.413192071696,-0.072361052313626,0,42096.610833329,0,0,336306.89668348,-910409.97680995,-570589.54574353,-0.0005707161850183,684729.83430684,-0.074609160291175,-10.3889677657,1158731.5914348,315747.31447421,0,0,339836.16668489,-0.072446571617964,0,59745.404117231
10.419485126942,-0.072461833424153,0,42378.496420189,0,0,339405.4231275,-917443.39288294,-571029.39285406,-0.00057854151619972,689419.33691952,-0.074726212422049,-12.882506830242,1167186.5160131,315979.24572999,0,0,342773.42256233,-0.072548065709959,0,60353.540955679
10.427036793237,-0.072461833424153,0,42378.496420189,0,0,339405.4231275,-917443.39288294,-571029.39285406,-0.00057854151619972,689419.33691952,-0.074726212422049,-12.882506830242,1167186.5160131,315979.24572999,0,0,342773.42256233,-0.072548065709959,0,60353.540955679
10.436098792792,-0.072461833424153,0,42378.496420189,0,0,339405.4231275,-917443.39288294,-571029.39285406,-0.00057854151619972,689419.33691952,-0.074726212422049,-12.882506830242,1167186.5160131,315979.24572999,0,0,342773.42256233,-0.072548065709959,0,60353.540955679
10.446973192257,-0.072461833424153,0,42378.496420189,0,0,339405.4231275,-917443.39288294,-571029.39285406,-0.00057854151619972,689419.33691952,-0.074726212422049,-12.882506830242,1167186.5160131,315979.24572999,0,0,342773.42256233,-0.072548065709959,0,60353.540955679
10.450235512097,-0.072461833424153,0,42378.496420189,0,0,339405.4231275,-917443.39288294,-571029.39285406,-0.00057854151619972,689419.33691952,-0.074726212422049,-12.882506830242,1167186.5160131,315979.24572999,0,0,342773.42256233,-0.072548065709959,0,60353.540955679
10.453497831937,-0.072552929043905,0,42619.481399758,0,0,341810.84078675,-923578.15865033,-571441.89084311,-0.00060382040654003,693404.6502495,-0.07483303584111,-15.413186747533,1175169.0101618,316196.75579919,0,0,344865.38232018,-0.07263978903268,0,60869.327395516
10.457412615744,-0.072552929043905,0,42619.481399758,0,0,341810.84078675,-923578.15865033,-571441.89084311,-0.00060382040654003,693404.6502495,-0.07483303584111,-15.413186747533,1175169.0101618,316196.75579919,0,0,344865.38232018,-0.07263978903268,0,60869.327395516
10.462110356313,-0.072552929043905,0,42619.481399758,0,0,341810.84078675,-923578.15865033,-571441.89084311,-0.00060382040654003,693404.6502495,-0.07483303584111,-15.413186747533,1175169.0101618,316196.75579919,0,0,344865.38232018,-0.07263978903268,0,60869.327395516
10.467747644996,-0.072552929043905,0,42619.481399758,0,0,341810.84078675,-923578.15865033,-571441.89084311,-0.00060382040654003,693404.6502495,-0.07483303584111,-15.413186747533,1175169.0101618,316196.75579919,0,0,344865.38232018,-0.07263978903268,0,60869.327395516
10.474512391416,-0.072552929043905,0,42619.481399758,0,0,341810.84078675,-923578.15865033,-571441.89084311,-0.00060382040654003,693404.6502495,-0.07483303584111,-15.413186747533,1175169.0101618,316196.75579919,0,0,344865.38232018,-0.07263978903268,0,60869.327395516
10.482630087119,-0.072552929043905,0,42619.481399758,0,0,341810.84078675,-923578.15865033,-571441.89084311,-0.00060382040654003,693404.6502495,-0.07483303584111,-15.413186747533,1175169.0101618,316196.75579919,0,0,344865.38232018,-0.07263978903268,0,60869.327395516
10.492371321963,-0.072601393385386,0,42759.508991952,0,0,343345.04993402,-926787.57318575,-571647.58649825,-0.00060443483169928,695746.89517954,-0.074889043821845,-16.443250265932,1178634.1918493,316305.21906106,0,0,346324.71131052,-0.072688596850476,0,61182.799409229
10.504060803776,-0.072601393385386,0,42759.508991952,0,0,343345.04993402,-926787.57318575,-571647.58649825,-0.00060443483169928,695746.89517954,-0.074889043821845,-16.443250265932,1178634.1918493,316305.21906106,0,0,346324.71131052,-0.072688596850476,0,61182.799409229
10.518088181951,-0.072723022088587,0,43106.141779569,0,0,347200.58849611,-935106.25935412,-572169.70064835,-0.00060632099900649,701544.38128464,-0.07502991219351,-19.482028731628,1188170.9526204,316580.52970641,0,0,350025.56840054,-0.072811080807232,0,61924.803293435
10.534921035762,-0.072723022088587,0,43106.141779569,0,0,347200.58849611,-935106.25935412,-572169.70064835,-0.00060632099900649,701544.38128464,-0.07502991219351,-19.482028731628,1188170.9526204,316580.52970641,0,0,350025.56840054,-0.072811080807232,0,61924.803293435
10.555120460334,-0.072760892921463,0,43212.068106522,0,0,348311.13794059,-937687.13107725,-572338.50021693,-0.00060718365938193,703304.16608724,-0.075073539825224,-20.487554203341,1191316.6681646,316669.53767087,0,0,351144.12199968,-0.07284921383618,0,62142.574271167
10.567240115078,-0.072773883220583,0,43248.74850986,0,0,348701.54349279,-938569.66959088,-572395.08048366,-0.00060751597748292,703908.95646585,-0.075088631521695,-20.827771642805,1192359.9485876,316699.37242959,0,0,351569.28473504,-0.072862295627668,0,62220.563852507
10.579359769822,-0.072886297060022,0,43570.380232753,0,0,352193.27639746,-946245.00451638,-572882.27808501,-0.00061070889139548,709264.63425273,-0.0752190419967,-23.668033227893,1201335.0041633,316956.27158889,0,0,354950.45852121,-0.072975499170612,0,62903.789508188
10.593903355514,-0.072886297060022,0,43570.380232753,0,0,352193.27639746,-946245.00451638,-572882.27808501,-0.00061070889139548,709264.63425273,-0.0752190419967,-23.668033227893,1201335.0041633,316956.27158889,0,0,354950.45852121,-0.072975499170612,0,62903.789508188
10.611355658345,-0.072886297060022,0,43570.380232753,0,0,352193.27639746,-946245.00451638,-572882.27808501,-0.00061070889139548,709264.63425273,-0.0752190419967,-23.668033227893,1201335.0041633,316956.27158889,0,0,354950.45852121,-0.072975499170612,0,62903.789508188
10.621827040043,-0.072943034485879,0,43728.975062352,0,0,353953.44980216,-950185.92244806,-573132.51936827,-0.0006170558564506,711908.3228462,-0.075284181979547,-24.985822686967,1206178.5353153,317088.22374726,0,0,356694.33497725,-0.073032625827561,0,63212.273659039
10.632298421742,-0.072943034485879,0,43728.975062352,0,0,353953.44980216,-950185.92244806,-573132.51936827,-0.0006170558564506,711908.3228462,-0.075284181979547,-24.985822686967,1206178.5353153,317088.22374726,0,0,356694.33497725,-0.073032625827561,0,63212.273659039
10.638581250761,-0.072972506926102,0,43809.154080925,0,0,354659.94120197,-952112.66698009,-573263.16586967,-0.00062172757166697,713228.10172236,-0.075318876257715,-25.744951021668,1208614.62449,317157.11361175,0,0,357516.65502993,-0.073062305336619,0,63394.601828737
10.64486407978,-0.073060846726888,0,44056.714928206,0,0,357282.51642285,-957933.32118487,-573647.16087763,-0.00062458173108296,717357.48989296,-0.07542161308517,-27.91287265574,1215321.4055469,317359.59407152,0,0,360211.45567664,-0.073151265517927,0,63961.799926104
10.652403474603,-0.073060846726888,0,44056.714928206,0,0,357282.51642285,-957933.32118487,-573647.16087763,-0.00062458173108296,717357.48989296,-0.07542161308517,-27.91287265574,1215321.4055469,317359.59407152,0,0,360211.45567664,-0.073151265517927,0,63961.799926104
10.66145074839,-0.073060846726888,0,44056.714928206,0,0,357282.51642285,-957933.32118487,-573647.16087763,-0.00062458173108296,717357.48989296,-0.07542161308517,-27.91287265574,1215321.4055469,317359.59407152,0,0,360211.45567664,-0.073151265517927,0,63961.799926104
10.672307476935,-0.073060846726888,0,44056.714928206,0,0,357282.51642285,-957933.32118487,-573647.16087763,-0.00062458173108296,717357.48989296,-0.07542161308517,-27.91287265574,1215321.4055469,317359.59407152,0,0,360211.45567664,-0.073151265517927,0,63961.799926104
10.685335551189,-0.073080003250385,0,44110.683415502,0,0,357887.22961241,-959259.05599811,-573730.36873777,-0.00062474146986866,718255.40589597,-0.075443819586421,-28.368285658541,1216888.5513654,317403.46955276,0,0,360820.54898537,-0.073170556368476,0,64073.443541109
10.693152395741,-0.073188697505642,0,44416.997397278,0,0,361306.57058204,-966752.43446943,-574202.99992701,-0.00062780702261267,723337.44577035,-0.075569937607435,-30.969305028515,1225807.3861497,317652.68784613,0,0,364235.88223026,-0.073280012789042,0,64708.645832233
10.700969240294,-0.073188697505642,0,44416.997397278,0,0,361306.57058204,-966752.43446943,-574202.99992701,-0.00062780702261267,723337.44577035,-0.075569937607435,-30.969305028515,1225807.3861497,317652.68784613,0,0,364235.88223026,-0.073280012789042,0,64708.645832233
10.710349453756,-0.073188697505642,0,44416.997397278,0,0,361306.57058204,-966752.43446943,-574202.99992701,-0.00062780702261267,723337.44577035,-0.075569937607435,-30.969305028515,1225807.3861497,317652.68784613,0,0,364235.88223026,-0.073280012789042,0,64708.645832233
10.721605709912,-0.073188697505642,0,44416.997397278,0,0,361306.57058204,-966752.43446943,-574202.99992701,-0.00062780702261267,723337.44577035,-0.075569937607435,-30.969305028515,1225807.3861497,317652.68784613,0,0,364235.88223026,-0.073280012789042,0,64708.645832233
10.735113217298,-0.073241594791177,0,44564.542006165,0,0,362915.9718083,-970302.54797841,-574433.65024461,-0.00063416181491365,725807.74793009,-0.075631259715377,-32.248951528678,1229882.9837213,317774.30969461,0,0,365912.08939984,-0.073333281921503,0,65030.889751877
10.751322226162,-0.073298669219086,0,44718.205498907,0,0,364254.41366833,-973861.44407115,-574690.80967945,-0.00063822154369423,728360.81967625,-0.075698276441417,-33.706630255236,1234306.2846094,317909.90979226,0,0,367511.8038336,-0.073390746364416,0,65395.576202113
10.770773036799,-0.073342444642561,0,44844.238514601,0,0,365634.52849882,-976909.91430488,-574879.08387439,-0.00063905059005918,730459.6108155,-0.075748656204119,-34.742380389387,1237922.6495036,318009.18672205,0,0,368881.6092839,-0.073434830377306,0,65653.20886483
10.794114009562,-0.073456872576642,0,45168.016436996,0,0,369168.54890708,-984785.4331764,-575373.70010137,-0.00064606063506644,735844.40391276,-0.075881048082683,-37.512308410352,1247188.1895156,318269.99771989,0,0,372412.31590404,-0.073550065560148,0,66335.699400658
10.822123176879,-0.073456872576642,0,45168.016436996,0,0,369168.54890708,-984785.4331764,-575373.70010137,-0.00064606063506644,735844.40391276,-0.075881048082683,-37.512308410352,1247188.1895156,318269.99771989,0,0,372412.31590404,-0.073550065560148,0,66335.699400658
10.838928677269,-0.07357585243039,0,45500.997059784,0,0,372860.96706418,-992851.86394341,-575892.56133645,-0.00065414724631353,741363.30977024,-0.076018999382557,-40.388298449601,1256598.2126581,318543.59310455,0,0,376159.32872064,-0.073669880737051,0,67054.265548918
10.855734177659,-0.07357585243039,0,45500.997059784,0,0,372860.96706418,-992851.86394341,-575892.56133645,-0.00065414724631353,741363.30977024,-0.076018999382557,-40.388298449601,1256598.2126581,318543.59310455,0,0,376159.32872064,-0.073669880737051,0,67054.265548918
10.875900778127,-0.073613255229542,0,45605.954825694,0,0,374020.29243495,-995411.17944623,-576056.39342593,-0.00065579750673666,743116.19821122,-0.07606225873732,-41.269308310948,1259698.8435447,318629.9817194,0,0,377331.78539155,-0.073707543044385,0,67267.359689347
10.888000738408,-0.073641530022543,0,45684.804091124,0,0,374829.39418732,-997300.17651044,-576182.62646808,-0.00065777245444423,744428.0474377,-0.076094747509334,-41.916987414503,1262043.9153037,318696.54436642,0,0,378167.25418587,-0.073736010320274,0,67421.546734133
10.900100698688,-0.073738892105317,0,45956.665703731,0,0,377876.2210969,-1003909.6461065,-576606.62734694,-0.00066522325628364,748965.88701126,-0.076207900768991,-44.374971066568,1269886.348062,318920.1199111,0,0,381065.55062483,-0.073834061450451,0,68040.344995016
10.914620651025,-0.073738892105317,0,45956.665703731,0,0,377876.2210969,-1003909.6461065,-576606.62734694,-0.00066522325628364,748965.88701126,-0.076207900768991,-44.374971066568,1269886.348062,318920.1199111,0,0,381065.55062483,-0.073834061450451,0,68040.344995016
10.93204459383,-0.073738892105317,0,45956.665703731,0,0,377876.2210969,-1003909.6461065,-576606.62734694,-0.00066522325628364,748965.88701126,-0.076207900768991,-44.374971066568,1269886.348062,318920.1199111,0,0,381065.55062483,-0.073834061450451,0,68040.344995016
10.952953325195,-0.073878558027996,0,46351.381325274,0,0,382301.720145,-1013561.5903219,-577211.40476098,-0.00066754323796557,755513.67637997,-0.076369622401163,-47.696207482728,1281263.4020506,319239.01887195,0,0,385523.02184851,-0.07397470669527,0,68851.430182362
10.978043802833,-0.073878558027996,0,46351.381325274,0,0,382301.720145,-1013561.5903219,-577211.40476098,-0.00066754323796557,755513.67637997,-0.076369622401163,-47.696207482728,1281263.4020506,319239.01887195,0,0,385523.02184851,-0.07397470669527,0,68851.430182362
11.008152375999,-0.074003960521841,0,46701.958292076,0,0,386212.86042205,-1022098.7521134,-577759.86722944,-0.00067337876851079,761340.2114363,-0.07651470976721,-50.679910846475,1291291.6031275,319528.2229783,0,0,389445.70599302,-0.074100984242636,0,69591.605453919
11.044282663798,-0.074003960521841,0,46701.958292076,0,0,386212.86042205,-1022098.7521134,-577759.86722944,-0.00067337876851079,761340.2114363,-0.07651470976721,-50.679910846475,1291291.6031275,319528.2229783,0,0,389445.70599302,-0.074100984242636,0,69591.605453919
11.087639009157,-0.074003960521841,0,46701.958292076,0,0,386212.86042205,-1022098.7521134,-577759.86722944,-0.00067337876851079,761340.2114363,-0.07651470976721,-50.679910846475,1291291.6031275,319528.2229783,0,0,389445.70599302,-0.074100984242636,0,69591.605453919
11.139666623587,-0.074003960521841,0,46701.958292076,0,0,386212.86042205,-1022098.7521134,-577759.86722944,-0.00067337876851079,761340.2114363,-0.07651470976721,-50.679910846475,1291291.6031275,319528.2229783,0,0,389445.70599302,-0.074100984242636,0,69591.605453919
11.202099760904,-0.074003960521841,0,46701.958292076,0,0,386212.86042205,-1022098.7521134,-577759.86722944,-0.00067337876851079,761340.2114363,-0.07651470976721,-50.679910846475,1291291.6031275,319528.2229783,0,0,389445.70599302,-0.074100984242636,0,69591.605453919
11.239559643294,-0.074034133456071,0,46787.194989566,0,0,387160.67185534,-1024171.1785623,-577891.73178,-0.00067358035412269,762757.69896786,-0.076550170639012,-51.322123113312,1293731.4458662,319597.75511859,0,0,390395.80417908,-0.074131369507629,0,69768.977747392
11.277019525684,-0.07420808012837,0,47281.285756005,0,0,392624.64121159,-1036171.3494637,-578643.93492095,-0.00068175021724586,770986.77178532,-0.076755154405328,-55.809539693075,1308119.5003911,319994.39162427,0,0,395950.55416383,-0.074306550591948,0,70806.264278984
11.299495455118,-0.07420808012837,0,47281.285756005,0,0,392624.64121159,-1036171.3494637,-578643.93492095,-0.00068175021724586,770986.77178532,-0.076755154405328,-55.809539693075,1308119.5003911,319994.39162427,0,0,395950.55416383,-0.074306550591948,0,70806.264278984
11.305114437477,-0.07420808012837,0,47281.285756005,0,0,392624.64121159,-1036171.3494637,-578643.93492095,-0.00068175021724586,770986.77178532,-0.076755154405328,-55.809539693075,1308119.5003911,319994.39162427,0,0,395950.55416383,-0.074306550591948,0,70806.264278984
11.310733419835,-0.074299746830631,0,47533.075798162,0,0,395280.12122775,-1042253.1693456,-579051.39435882,-0.00069037975585464,775209.08538452,-0.076862806649486,-57.836108777969,1315214.9082025,320209.24487171,0,0,398802.57618507,-0.074398852573698,0,71355.918629829
11.317476198665,-0.074299746830631,0,47533.075798162,0,0,395280.12122775,-1042253.1693456,-579051.39435882,-0.00069037975585464,775209.08538452,-0.076862806649486,-57.836108777969,1315214.9082025,320209.24487171,0,0,398802.57618507,-0.074398852573698,0,71355.918629829
11.325567533262,-0.074299746830631,0,47533.075798162,0,0,395280.12122775,-1042253.1693456,-579051.39435882,-0.00069037975585464,775209.08538452,-0.076862806649486,-57.836108777969,1315214.9082025,320209.24487171,0,0,398802.57618507,-0.074398852573698,0,71355.918629829
11.335277134777,-0.074299746830631,0,47533.075798162,0,0,395280.12122775,-1042253.1693456,-579051.39435882,-0.00069037975585464,775209.08538452,-0.076862806649486,-57.836108777969,1315214.9082025,320209.24487171,0,0,398802.57618507,-0.074398852573698,0,71355.918629829
11.346928656596,-0.074396042810634,0,47804.636027466,0,0,398272.40647825,-1048828.7327396,-579470.67180096,-0.00069505616143946,779732.75131929,-0.076976277578946,-60.216419704641,1322912.8241567,320430.32974987,0,0,401788.84823943,-0.074495834664483,0,71953.671348427
11.360910482778,-0.074396042810634,0,47804.636027466,0,0,398272.40647825,-1048828.7327396,-579470.67180096,-0.00069505616143946,779732.75131929,-0.076976277578946,-60.216419704641,1322912.8241567,320430.32974987,0,0,401788.84823943,-0.074495834664483,0,71953.671348427
11.377688674197,-0.074437166460015,0,47920.833687124,0,0,399592.58761378,-1051632.4156853,-579650.40048934,-0.00069610806001318,781650.43399358,-0.077024649604267,-61.204124301882,1326264.2253899,320525.10063682,0,0,403072.39350723,-0.074537245828858,0,72193.867196105
11.397822503899,-0.074481823775225,0,48024.648681726,0,0,400874.02283003,-1053963.6361289,-579845.98189807,-0.00071483828849024,783744.09929844,-0.07707587098879,-62.389488993416,1328458.4230577,320628.23065903,0,0,404360.66195868,-0.074582214548656,0,72574.000809833
11.409902801721,-0.074481823775225,0,48024.648681726,0,0,400874.02283003,-1053963.6361289,-579845.98189807,-0.00071483828849024,783744.09929844,-0.07707587098879,-62.389488993416,1328458.4230577,320628.23065903,0,0,404360.66195868,-0.074582214548656,0,72574.000809833
11.421983099542,-0.074594924530841,0,48340.067502137,0,0,404233.73645652,-1061922.4663158,-580337.55566412,-0.00072365981195664,788965.94549959,-0.077211290919085,-65.340956719986,1338599.2997959,320887.43736905,0,0,407749.48712863,-0.074696116615484,0,73226.108387265
11.436479456928,-0.074594924530841,0,48340.067502137,0,0,404233.73645652,-1061922.4663158,-580337.55566412,-0.00072365981195664,788965.94549959,-0.077211290919085,-65.340956719986,1338599.2997959,320887.43736905,0,0,407749.48712863,-0.074696116615484,0,73226.108387265
11.453875085791,-0.074603482601036,0,48363.955207689,0,0,404510.7295716,-1062509.6283308,-580375.12344317,-0.00072418454778844,789362.36667794,-0.077221356645982,-65.548027272161,1339290.4228494,320907.2468484,0,0,408057.55137163,-0.07470473443103,0,73277.205896273
11.464312463109,-0.074635500960314,0,48452.489408446,0,0,405223.63623841,-1064628.9542849,-580514.98661272,-0.00072679178157407,790858.85094552,-0.077258860840434,-66.333725357917,1341699.7401014,320980.9966582,0,0,407761.61262195,-0.074736978684559,0,73485.090711799
11.469531151768,-0.074657449099765,0,48513.885221612,0,0,405911.06129925,-1066144.4878646,-580611.33178143,-0.00072847414473369,791879.12228357,-0.077284800976669,-66.878322718033,1343527.8968476,321031.79943862,0,0,409096.45301734,-0.074759081907189,0,73618.484408713
11.474749840427,-0.074657449099765,0,48513.885221612,0,0,405911.06129925,-1066144.4878646,-580611.33178143,-0.00072847414473369,791879.12228357,-0.077284800976669,-66.878322718033,1343527.8968476,321031.79943862,0,0,409096.45301734,-0.074759081907189,0,73618.484408713
11.481012266817,-0.074697941207663,0,48627.491720363,0,0,407050.82683433,-1068921.9642262,-580788.0311179,-0.00073147030993072,793772.82003452,-0.077332520624141,-67.864985444155,1346836.3800637,321124.97294963,0,0,410791.24762961,-0.074799859481118,0,73859.662477598
11.488527178486,-0.074697941207663,0,48627.491720363,0,0,407050.82683433,-1068921.9642262,-580788.0311179,-0.00073147030993072,793772.82003452,-0.077332520624141,-67.864985444155,1346836.3800637,321124.97294963,0,0,410791.24762961,-0.074799859481118,0,73859.662477598
11.497545072489,-0.074722705302927,0,48697.102631492,0,0,407785.4620073,-1070669.0061278,-580895.96703148,-0.00073317970829207,794926.90475039,-0.07736169647187,-68.473411505333,1348923.3653319,321181.88752651,0,0,411462.50314656,-0.07482479863841,0,74006.281437503
11.508366545292,-0.074825235508814,0,48986.313904469,0,0,410896.56611186,-1077725.8852326,-581342.14035697,-0.00073987655981922,799737.66343908,-0.077482436470004,-70.96087547452,1357289.2721945,321417.15459639,0,0,414848.6645295,-0.07492805346455,0,74618.453576263
11.521352312656,-0.074825235508814,0,48986.313904469,0,0,410896.56611186,-1077725.8852326,-581342.14035697,-0.00073987655981922,799737.66343908,-0.077482436470004,-70.96087547452,1357289.2721945,321417.15459639,0,0,414848.6645295,-0.07492805346455,0,74618.453576263
11.536935233492,-0.074825235508814,0,48986.313904469,0,0,410896.56611186,-1077725.8852326,-581342.14035697,-0.00073987655981922,799737.66343908,-0.077482436470004,-70.96087547452,1357289.2721945,321417.15459639,0,0,414848.6645295,-0.07492805346455,0,74618.453576263
11.555634738496,-0.074887148069715,0,49160.850414099,0,0,412778.41548746,-1081980.3895833,-581610.53841173,-0.00074103959003742,802632.90011812,-0.07755534176241,-72.448856194851,1362264.6484421,321558.68081603,0,0,416908.70804554,-0.074990402219264,0,74984.430263912
11.566854441498,-0.074981243650485,0,49424.837251247,0,0,415644.41373459,-1088508.6277392,-582022.23091048,-0.0007454658875185,807012.99696023,-0.077665991133862,-74.836466308887,1370151.6189292,321775.76615512,0,0,420093.0283231,-0.075085161204943,0,75557.957404319
11.5780741445,-0.074981243650485,0,49424.837251247,0,0,415644.41373459,-1088508.6277392,-582022.23091048,-0.0007454658875185,807012.99696023,-0.077665991133862,-74.836466308887,1370151.6189292,321775.76615512,0,0,420093.0283231,-0.075085161204943,0,75557.957404319
11.591537788103,-0.075009204630344,0,49502.445248517,0,0,416454.55648309,-1090340.6981019,-582145.13922282,-0.00074764951040916,808307.70166486,-0.077698866613154,-75.498737304075,1372260.7056558,321840.57567421,0,0,421032.47253593,-0.075113316220149,0,75713.531849863
11.607694160426,-0.075009204630344,0,49502.445248517,0,0,416454.55648309,-1090340.6981019,-582145.13922282,-0.00074764951040916,808307.70166486,-0.077698866613154,-75.498737304075,1372260.7056558,321840.57567421,0,0,421032.47253593,-0.075113316220149,0,75713.531849863
11.61738798382,-0.075115375692416,0,49800.105242665,0,0,419876.51625221,-1097884.2027428,-582605.97468804,-0.00074948575020133,813214.61130169,-0.077824061618164,-78.159674007776,1381520.8081967,322083.57408469,0,0,424232.4509822,-0.075220244560213,0,76341.219157266
11.627081807214,-0.075115375692416,0,49800.105242665,0,0,419876.51625221,-1097884.2027428,-582605.97468804,-0.00074948575020133,813214.61130169,-0.077824061618164,-78.159674007776,1381520.8081967,322083.57408469,0,0,424232.4509822,-0.075220244560213,0,76341.219157266
11.638714395287,-0.075115375692416,0,49800.105242665,0,0,419876.51625221,-1097884.2027428,-582605.97468804,-0.00074948575020133,813214.61130169,-0.077824061618164,-78.159674007776,1381520.8081967,322083.57408469,0,0,424232.4509822,-0.075220244560213,0,76341.219157266
11.652673500974,-0.0751360002355,0,49858.037660995,0,0,420488.30689675,-1099296.9861686,-582696.01903004,-0.00075033276878992,814177.9705084,-0.07784831866996,-78.663447273161,1383181.8555737,322131.05444108,0,0,424899.39626463,-0.075241014428057,0,76463.921051997
11.669424427799,-0.075253768938328,0,50190.892148153,0,0,424134.66273837,-1107349.3970696,-583207.34058393,-0.00075711192145477,819718.4520371,-0.077986890984905,-81.572706171784,1392822.7855069,322400.67415357,0,0,428570.35239619,-0.075359612570745,0,77163.578359301
11.689525539988,-0.075253768938328,0,50190.892148153,0,0,424134.66273837,-1107349.3970696,-583207.34058393,-0.00075711192145477,819718.4520371,-0.077986890984905,-81.572706171784,1392822.7855069,322400.67415357,0,0,428570.35239619,-0.075359612570745,0,77163.578359301
11.713646874616,-0.075311726259918,0,50352.55654595,0,0,425937.30099928,-1111252.4590254,-583459.85121051,-0.0007613696037208,822406.22702126,-0.078055120664202,-82.983565591199,1397296.3233418,322533.8229366,0,0,430412.48266402,-0.075417983156031,0,77532.028866086
11.728119675393,-0.075364636507101,0,50496.129880079,0,0,427381.79442922,-1114654.0896899,-583696.38288184,-0.00078821074536382,824772.19715269,-0.078117224033344,-84.34725570678,1401277.4667492,322658.54602065,0,0,431417.3987777,-0.075471260439528,0,77869.477737233
11.742592476169,-0.075364636507101,0,50496.129880079,0,0,427381.79442922,-1114654.0896899,-583696.38288184,-0.00078821074536382,824772.19715269,-0.078117224033344,-84.34725570678,1401277.4667492,322658.54602065,0,0,431417.3987777,-0.075471260439528,0,77869.477737233
11.759959837101,-0.075494310142342,0,50863.239742784,0,0,431377.62847669,-1123594.7883955,-584255.14830593,-0.00078879387322936,830852.67522984,-0.078270348369397,-87.537774879755,1411838.798594,322953.18287324,0,0,435468.21591361,-0.075601854386251,0,78660.395575912
11.780800670219,-0.075494310142342,0,50863.239742784,0,0,431377.62847669,-1123594.7883955,-584255.14830593,-0.00078879387322936,830852.67522984,-0.078270348369397,-87.537774879755,1411838.798594,322953.18287324,0,0,435468.21591361,-0.075601854386251,0,78660.395575912
11.79330517009,-0.075533994047005,0,50972.275014642,0,0,432598.9541419,-1126397.8640453,-584430.65213116,-0.00078982155066239,832648.30123609,-0.078317396248378,-88.517168579206,1415364.1538109,323045.72599164,0,0,435791.39613817,-0.075641814383833,0,78873.249201562
11.805809669961,-0.075533994047005,0,50972.275014642,0,0,432598.9541419,-1126397.8640453,-584430.65213116,-0.00078982155066239,832648.30123609,-0.078317396248378,-88.517168579206,1415364.1538109,323045.72599164,0,0,435791.39613817,-0.075641814383833,0,78873.249201562
11.820815069806,-0.075609525559452,0,51176.738590776,0,0,434597.88123,-1131160.5760869,-584768.22916145,-0.00079975781104891,836007.61573121,-0.078407493647018,-90.476970469156,1421041.3265807,323223.73026662,0,0,438805.39904571,-0.075717876810683,0,79379.889442003
11.83882154962,-0.075704885297066,0,51451.131506295,0,0,437517.29601148,-1137595.7871414,-585177.18964745,-0.00080446801868801,840578.05720227,-0.078518309335412,-92.764381767058,1428398.3326351,323439.37501703,0,0,442259.42487434,-0.075813909366677,0,79979.60615334
11.860429325397,-0.075704885297066,0,51451.131506295,0,0,437517.29601148,-1137595.7871414,-585177.18964745,-0.00080446801868801,840578.05720227,-0.078518309335412,-92.764381767058,1428398.3326351,323439.37501703,0,0,442259.42487434,-0.075813909366677,0,79979.60615334
11.88635865633,-0.075831041538808,0,51807.691986774,0,0,441489.08921543,-1146196.870804,-585722.77289026,-0.00080630518178481,846500.18136838,-0.0786665254548,-95.832669583424,1438310.9947689,323727.06090965,0,0,446271.70587595,-0.075940956599072,0,80755.239146427
11.917473853449,-0.075867498148855,0,51908.432442067,0,0,442594.67562265,-1148672.0280635,-585883.59234479,-0.00080846051067048,848166.56380052,-0.078709446010693,-96.742662758721,1441258.715225,323811.86096325,0,0,447445.51611606,-0.075977669216522,0,80976.100601733
11.93614297172,-0.075885480328879,0,51959.242439789,0,0,443121.32836462,-1149847.6716421,-585962.0168261,-0.00080959446097262,849010.44516723,-0.078730588548906,-97.176161275547,1442571.1376872,323853.2141708,0,0,447793.69659539,-0.075995776799302,0,81090.148109856
11.945477530856,-0.075933976941221,0,52097.133711161,0,0,444635.17085094,-1153083.5972717,-586173.05134979,-0.00081328335579784,851308.7322853,-0.078787576294236,-98.368550140265,1446224.4046797,323964.49261709,0,0,448920.55777375,-0.076044612990252,0,81397.157141688
11.954812089991,-0.075933976941221,0,52097.133711161,0,0,444635.17085094,-1153083.5972717,-586173.05134979,-0.00081328335579784,851308.7322853,-0.078787576294236,-98.368550140265,1446224.4046797,323964.49261709,0,0,448920.55777375,-0.076044612990252,0,81397.157141688
11.966013560954,-0.076043469873694,0,52405.207285403,0,0,448025.8046481,-1160596.8537669,-586649.2928098,-0.00082125736243303,856415.82518622,-0.078916248133214,-101.06909246404,1455093.2999358,324215.6146068,0,0,453254.20256152,-0.076154879331251,0,82064.080904672
11.979455326109,-0.076043469873694,0,52405.207285403,0,0,448025.8046481,-1160596.8537669,-586649.2928098,-0.00082125736243303,856415.82518622,-0.078916248133214,-101.06909246404,1455093.2999358,324215.6146068,0,0,453254.20256152,-0.076154879331251,0,82064.080904672
11.995585444296,-0.076043469873694,0,52405.207285403,0,0,448025.8046481,-1160596.8537669,-586649.2928098,-0.00082125736243303,856415.82518622,-0.078916248133214,-101.06909246404,1455093.2999358,324215.6146068,0,0,453254.20256152,-0.076154879331251,0,82064.080904672
12.01494158612,-0.076063921081981,0,52462.404928775,0,0,448664.54431273,-1161988.6395049,-586738.7336682,-0.00082223897174437,857364.30756473,-0.078940254588,-101.56526633425,1456724.8227693,324262.77674652,0,0,452400.23598367,-0.076175473992465,0,82186.425029921
12.038168956308,-0.076063921081981,0,52462.404928775,0,0,448664.54431273,-1161988.6395049,-586738.7336682,-0.00082223897174437,857364.30756473,-0.078940254588,-101.56526633425,1456724.8227693,324262.77674652,0,0,452400.23598367,-0.076175473992465,0,82186.425029921
12.066041800534,-0.076063921081981,0,52462.404928775,0,0,448664.54431273,-1161988.6395049,-586738.7336682,-0.00082223897174437,857364.30756473,-0.078940254588,-101.56526633425,1456724.8227693,324262.77674652,0,0,452400.23598367,-0.076175473992465,0,82186.425029921
12.099489213605,-0.076063921081981,0,52462.404928775,0,0,448664.54431273,-1161988.6395049,-586738.7336682,-0.00082223897174437,857364.30756473,-0.078940254588,-101.56526633425,1456724.8227693,324262.77674652,0,0,452400.23598367,-0.076175473992465,0,82186.425029921
12.139626109291,-0.076063921081981,0,52462.404928775,0,0,448664.54431273,-1161988.6395049,-586738.7336682,-0.00082223897174437,857364.30756473,-0.078940254588,-101.56526633425,1456724.8227693,324262.77674652,0,0,452400.23598367,-0.076175473992465,0,82186.425029921
12.187790384114,-0.076063921081981,0,52462.404928775,0,0,448664.54431273,-1161988.6395049,-586738.7336682,-0.00082223897174437,857364.30756473,-0.078940254588,-101.56526633425,1456724.8227693,324262.77674652,0,0,452400.23598367,-0.076175473992465,0,82186.425029921
12.245587513901,-0.076253861518777,0,53003.566710166,0,0,454695.56980459,-1175133.7915504,-587556.31769587,-0.00082840836122892,866363.26964445,-0.079166022754986,-106.2604323432,1472025.1057602,324693.88857732,0,0,460932.95457954,-0.076366771912756,0,83353.002966801
12.280265791774,-0.076298485644454,0,53126.634464032,0,0,456081.5772522,-1178147.9651208,-587754.51136886,-0.00082900570138951,868402.69409807,-0.07921914459685,-107.31276596918,1475581.5273959,324798.39604585,0,0,462382.47024088,-0.07641170347653,0,83611.950811361
12.314944069646,-0.076439967266092,0,53524.107920346,0,0,460405.3906369,-1187726.8465325,-588370.31178871,-0.00083912094912408,875011.7867441,-0.079388325463295,-110.82791354157,1486677.5971201,325123.1074363,0,0,466619.75775453,-0.076554191108255,0,84498.823689539
12.335751036369,-0.076439967266092,0,53524.107920346,0,0,460405.3906369,-1187726.8465325,-588370.31178871,-0.00083912094912408,875011.7867441,-0.079388325463295,-110.82791354157,1486677.5971201,325123.1074363,0,0,466619.75775453,-0.076554191108255,0,84498.823689539
12.346154519731,-0.076474674166232,0,53620.4042845,0,0,461451.12478815,-1190069.1852014,-588523.38882867,-0.00084082968364921,876608.98636354,-0.079429690512206,-111.66632548608,1489464.4456705,325203.8249167,0,0,467401.51508487,-0.076589140073006,0,84704.522229541
12.356558003093,-0.076474674166232,0,53620.4042845,0,0,461451.12478815,-1190069.1852014,-588523.38882867,-0.00084082968364921,876608.98636354,-0.079429690512206,-111.66632548608,1489464.4456705,325203.8249167,0,0,467401.51508487,-0.076589140073006,0,84704.522229541
12.369042183127,-0.076518862343357,0,53744.741189796,0,0,462821.98219656,-1193049.2206775,-588715.69668222,-0.00084373513620589,878680.09032452,-0.079482472237174,-112.73583594868,1492902.730276,325305.22879463,0,0,468952.55579791,-0.076633638584271,0,84973.230287086
12.384023199168,-0.076624890498381,0,54040.165952895,0,0,466042.12036532,-1200233.8411285,-589178.5927523,-0.00085419061825695,883572.20571319,-0.07960944576973,-115.45852807795,1501607.0037131,325549.31376338,0,0,472120.71466553,-0.076740424679946,0,85655.858812621
12.402000418417,-0.076624890498381,0,54040.165952895,0,0,466042.12036532,-1200233.8411285,-589178.5927523,-0.00085419061825695,883572.20571319,-0.07960944576973,-115.45852807795,1501607.0037131,325549.31376338,0,0,472120.71466553,-0.076740424679946,0,85655.858812621
12.423573081516,-0.076730423433456,0,54337.101739552,0,0,469345.03468747,-1207512.4914468,-589637.48054704,-0.000859838113607,888490.27610671,-0.079735542541584,-118.05909015646,1510135.9878352,325791.28516959,0,0,475043.63455432,-0.076846703260153,0,86286.127726853
12.449460277234,-0.076730423433456,0,54337.101739552,0,0,469345.03468747,-1207512.4914468,-589637.48054704,-0.000859838113607,888490.27610671,-0.079735542541584,-118.05909015646,1510135.9878352,325791.28516959,0,0,475043.63455432,-0.076846703260153,0,86286.127726853
12.464992594666,-0.07678036851838,0,54477.563114023,0,0,470873.60279364,-1211021.2212934,-589854.23220817,-0.00086227698355251,890823.10347137,-0.079795117513242,-119.29850667875,1514352.1284137,325905.57826021,0,0,476929.63680472,-0.076897003258208,0,86583.266210465
12.480524912097,-0.07680257366326,0,54539.757295797,0,0,471532.77382349,-1212536.0988538,-589950.97783194,-0.00086359868429102,891854.90611898,-0.079821682300879,-119.84988383172,1516119.1807694,325956.59220064,0,0,477626.02755029,-0.076919366066852,0,86721.2387692
12.499163693014,-0.076931473047407,0,54904.605987318,0,0,475570.12296235,-1221253.6780344,-590509.45009506,-0.00087231430372301,897919.98546583,-0.079975935174679,-123.0479421337,1526200.1680656,326251.07447004,0,0,481629.4333732,-0.077049182325233,0,87535.889729223
12.521530230115,-0.076931473047407,0,54904.605987318,0,0,475570.12296235,-1221253.6780344,-590509.45009506,-0.00087231430372301,897919.98546583,-0.079975935174679,-123.0479421337,1526200.1680656,326251.07447004,0,0,481629.4333732,-0.077049182325233,0,87535.889729223
12.534950152376,-0.076962595807205,0,54991.714850059,0,0,476512.97756517,-1223328.2388666,-590645.7006208,-0.000876161494417,899363.23725154,-0.080013068257895,-123.80389591479,1528604.1320286,326322.91933452,0,0,482610.16050938,-0.077080523649004,0,87725.849964587
12.548370074636,-0.076980401874392,0,55041.617065217,0,0,477066.07773668,-1224548.9953546,-590723.40273806,-0.00087715700928926,900191.88114302,-0.080034326803299,-124.24475783751,1530038.7665562,326363.89163934,0,0,483169.30257051,-0.077098455995548,0,87834.074813414
12.564473981349,-0.077105800122866,0,55395.156302481,0,0,480956.23003134,-1233284.8241508,-591267.65782374,-0.00087998866028268,906051.59150532,-0.080184127299306,-127.37006581065,1540618.256277,326650.87719386,0,0,487024.82991562,-0.077224739139039,0,88574.740705054
12.583798669404,-0.077105800122866,0,55395.156302481,0,0,480956.23003134,-1233284.8241508,-591267.65782374,-0.00087998866028268,906051.59150532,-0.080184127299306,-127.37006581065,1540618.256277,326650.87719386,0,0,487024.82991562,-0.077224739139039,0,88574.740705054
12.595393482237,-0.077114164569042,0,55418.906032675,0,0,481209.14899094,-1233839.3694888,-591304.35663841,-0.00088072575481264,906444.67124426,-0.080194090601377,-127.57324042309,1541240.8089861,326670.2284687,0,0,487279.47918456,-0.077233162344598,0,88627.498422998
12.60698829507,-0.077219680017002,0,55714.591767564,0,0,484465.47588486,-1241025.9975418,-591764.70172955,-0.00088873638002993,911343.78294179,-0.080320121806728,-130.15434919379,1549703.7937222,326912.96830737,0,0,490624.41589738,-0.077339424012228,0,89274.218674837
12.62090207047,-0.077219680017002,0,55714.591767564,0,0,484465.47588486,-1241025.9975418,-591764.70172955,-0.00088873638002993,911343.78294179,-0.080320121806728,-130.15434919379,1549703.7937222,326912.96830737,0,0,490624.41589738,-0.077339424012228,0,89274.218674837
12.63759860095,-0.077249703089006,0,55798.37049101,0,0,485338.2638637,-1243138.1511006,-591896.02029912,-0.00088908876863643,912726.85566107,-0.08035593097774,-130.89454146618,1552247.049031,326982.21255232,0,0,491540.6707869,-0.077369658926558,0,89450.567494127
12.657634437525,-0.077354722454911,0,56093.349890981,0,0,488571.53895982,-1250245.9678504,-592352.19127672,-0.00089963867538297,917637.8731833,-0.080481539901489,-133.55640116119,1560489.0459739,327222.75138226,0,0,494922.22087531,-0.077475429113998,0,90125.395747352
12.681677441416,-0.077354722454911,0,56093.349890981,0,0,488571.53895982,-1250245.9678504,-592352.19127672,-0.00089963867538297,917637.8731833,-0.080481539901489,-133.55640116119,1560489.0459739,327222.75138226,0,0,494922.22087531,-0.077475429113998,0,90125.395747352
12.688890342583,-0.077354722454911,0,56093.349890981,0,0,488571.53895982,-1250245.9678504,-592352.19127672,-0.00089963867538297,917637.8731833,-0.080481539901489,-133.55640116119,1560489.0459739,327222.75138226,0,0,494922.22087531,-0.077475429113998,0,90125.395747352
12.69610324375,-0.077382921153481,0,56172.962262441,0,0,489459.49570577,-1252171.6807848,-592474.81772496,-0.00090206774102519,918947.96613942,-0.080515217135844,-134.25194015056,1562728.8135336,327287.41227441,0,0,497111.10191773,-0.077503829893081,0,90298.592011757
12.704758725151,-0.077480519760634,0,56439.9175731,0,0,492506.53698326,-1258821.1051819,-592900.12544938,-0.00090566203422239,923464.42424094,-0.080631881494112,-136.69109734095,1570552.3072312,327511.67691944,0,0,499829.05447109,-0.077602118402698,0,90909.612865731
12.715145302832,-0.077480519760634,0,56439.9175731,0,0,492506.53698326,-1258821.1051819,-592900.12544938,-0.00090566203422239,923464.42424094,-0.080631881494112,-136.69109734095,1570552.3072312,327511.67691944,0,0,499829.05447109,-0.077602118402698,0,90909.612865731
12.727609196049,-0.077480519760634,0,56439.9175731,0,0,492506.53698326,-1258821.1051819,-592900.12544938,-0.00090566203422239,923464.42424094,-0.080631881494112,-136.69109734095,1570552.3072312,327511.67691944,0,0,499829.05447109,-0.077602118402698,0,90909.612865731
12.742565867909,-0.077581592498936,0,56729.457095926,0,0,495659.58629958,-1265671.293637,-593339.20575577,-0.00091679575381472,928132.80759874,-0.08075247634334,-139.189699099,1578524.8892556,327743.20384343,0,0,502286.86751376,-0.077703928694562,0,91535.823824326
12.760513874141,-0.077581592498936,0,56729.457095926,0,0,495659.58629958,-1265671.293637,-593339.20575577,-0.00091679575381472,928132.80759874,-0.08075247634334,-139.189699099,1578524.8892556,327743.20384343,0,0,502286.86751376,-0.077703928694562,0,91535.823824326
12.78205148162,-0.077620660839159,0,56836.832996613,0,0,496855.56561067,-1268326.6797102,-593509.02594783,-0.0009200107880956,929951.67761394,-0.080799214354477,-140.15346098559,1581618.7857787,327832.74998352,0,0,503471.22889263,-0.077743267205682,0,91776.601747863
12.807896610595,-0.077754535013098,0,57206.320628573,0,0,500985.01906746,-1277367.858191,-594088.81773074,-0.00093216211498562,936214.89834469,-0.080959534318749,-143.52121406553,1592179.0393775,328138.4740302,0,0,508220.79971798,-0.077878090231445,0,92625.787158202
12.838910765365,-0.077762934685803,0,57229.828413162,0,0,501247.28486419,-1277928.2521364,-594125.79210635,-0.00093347817097745,936600.13443386,-0.080969536067112,-143.72953281494,1592820.0122441,328157.97060822,0,0,509542.61380838,-0.077886548758837,0,92678.144378604
12.876127751088,-0.077935045137483,0,57714.309593256,0,0,506593.71891318,-1289744.7975925,-594871.1237283,-0.00093826835421719,944610.84458546,-0.081175630809861,-148.06228249009,1606830.0538452,328550.98376613,0,0,515665.37940864,-0.078059883828584,0,93749.436322922
12.898457942522,-0.077935045137483,0,57714.309593256,0,0,506593.71891318,-1289744.7975925,-594871.1237283,-0.00093826835421719,944610.84458546,-0.081175630809861,-148.06228249009,1606830.0538452,328550.98376613,0,0,515665.37940864,-0.078059883828584,0,93749.436322922
12.909623038239,-0.077960416538668,0,57782.222672198,0,0,507241.71479628,-1291235.6647712,-594985.18761242,-0.00094622343361718,945737.0181589,-0.081205901199669,-148.72961699252,1608477.7800104,328611.12962073,0,0,515943.85155413,-0.078085431813551,0,93929.685758069
12.920788133956,-0.078056730008716,0,58052.235684703,0,0,510190.68038662,-1297682.1721857,-595406.36003313,-0.00095551539177412,950232.05796721,-0.081320055468477,-151.04158905678,1615954.5951924,328833.21372147,0,0,520501.65350843,-0.078182419360194,0,94517.604541912
12.934186248817,-0.078056730008716,0,58052.235684703,0,0,510190.68038662,-1297682.1721857,-595406.36003313,-0.00095551539177412,950232.05796721,-0.081320055468477,-151.04158905678,1615954.5951924,328833.21372147,0,0,520501.65350843,-0.078182419360194,0,94517.604541912
12.950263986649,-0.078085557938131,0,58131.360700495,0,0,511101.12155949,-1299632.497429,-595532.30663867,-0.00095738681230524,951560.56980814,-0.081354453546627,-151.75717893418,1618190.7905439,328899.62533155,0,0,521075.63229211,-0.078211450780851,0,94696.011552987
12.969557272048,-0.07818632591804,0,58411.870431459,0,0,514223.57695567,-1306432.1378523,-595970.22477508,-0.00096559082912974,956231.34783236,-0.081474987374121,-154.33143063395,1626111.5755385,329130.53944322,0,0,523802.00042997,-0.07831293700556,0,95332.596076961
12.992709214527,-0.07818632591804,0,58411.870431459,0,0,514223.57695567,-1306432.1378523,-595970.22477508,-0.00096559082912974,956231.34783236,-0.081474987374121,-154.33143063395,1626111.5755385,329130.53944322,0,0,523802.00042997,-0.07831293700556,0,95332.596076961
13.020491545502,-0.078268063176512,0,58645.525412087,0,0,516770.09607367,-1311956.9733918,-596327.17313471,-0.00097219037819455,960011.5458138,-0.081572333878137,-156.34500059332,1632601.339186,329318.75821424,0,0,527942.85080126,-0.078395261356115,0,95832.078752197
13.053830342672,-0.078268063176512,0,58645.525412087,0,0,516770.09607367,-1311956.9733918,-596327.17313471,-0.00097219037819455,960011.5458138,-0.081572333878137,-156.34500059332,1632601.339186,329318.75821424,0,0,527942.85080126,-0.078395261356115,0,95832.078752197
13.093836899275,-0.078268063176512,0,58645.525412087,0,0,516770.09607367,-1311956.9733918,-596327.17313471,-0.00097219037819455,960011.5458138,-0.081572333878137,-156.34500059332,1632601.339186,329318.75821424,0,0,527942.85080126,-0.078395261356115,0,95832.078752197
13.141844767199,-0.078268063176512,0,58645.525412087,0,0,516770.09607367,-1311956.9733918,-596327.17313471,-0.00097219037819455,960011.5458138,-0.081572333878137,-156.34500059332,1632601.339186,329318.75821424,0,0,527942.85080126,-0.078395261356115,0,95832.078752197
13.199454208708,-0.078268063176512,0,58645.525412087,0,0,516770.09607367,-1311956.9733918,-596327.17313471,-0.00097219037819455,960011.5458138,-0.081572333878137,-156.34500059332,1632601.339186,329318.75821424,0,0,527942.85080126,-0.078395261356115,0,95832.078752197
13.216737041161,-0.078268063176512,0,58645.525412087,0,0,516770.09607367,-1311956.9733918,-596327.17313471,-0.00097219037819455,960011.5458138,-0.081572333878137,-156.34500059332,1632601.339186,329318.75821424,0,0,527942.85080126,-0.078395261356115,0,95832.078752197
13.225378457388,-0.078268063176512,0,58645.525412087,0,0,516770.09607367,-1311956.9733918,-596327.17313471,-0.00097219037819455,960011.5458138,-0.081572333878137,-156.34500059332,1632601.339186,329318.75821424,0,0,527942.85080126,-0.078395261356115,0,95832.078752197
13.229699165501,-0.078312265223719,0,58760.277719895,0,0,517982.37939466,-1315175.3006798,-596523.78462575,-0.0009764564967714,961934.53652155,-0.081625762802842,-157.58171191152,1637038.4694058,329422.43139799,0,0,527354.085033,-0.078439770783848,0,96091.712756293
13.234019873614,-0.078312265223719,0,58760.277719895,0,0,517982.37939466,-1315175.3006798,-596523.78462575,-0.0009764564967714,961934.53652155,-0.081625762802842,-157.58171191152,1637038.4694058,329422.43139799,0,0,527354.085033,-0.078439770783848,0,96091.712756293
13.23920472335,-0.078312265223719,0,58760.277719895,0,0,517982.37939466,-1315175.3006798,-596523.78462575,-0.0009764564967714,961934.53652155,-0.081625762802842,-157.58171191152,1637038.4694058,329422.43139799,0,0,527354.085033,-0.078439770783848,0,96091.712756293
13.245426543033,-0.078312265223719,0,58760.277719895,0,0,517982.37939466,-1315175.3006798,-596523.78462575,-0.0009764564967714,961934.53652155,-0.081625762802842,-157.58171191152,1637038.4694058,329422.43139799,0,0,527354.085033,-0.078439770783848,0,96091.712756293
13.252892726652,-0.078408486394038,0,59033.059163523,0,0,520932.92133816,-1321699.0246035,-596937.61578608,-0.00098281473853321,966461.89114789,-0.081743246475811,-160.06262829206,1644577.7897008,329640.64445398,0,0,529791.97183403,-0.078536682354399,0,96721.118678832
13.261852146996,-0.078408486394038,0,59033.059163523,0,0,520932.92133816,-1321699.0246035,-596937.61578608,-0.00098281473853321,966461.89114789,-0.081743246475811,-160.06262829206,1644577.7897008,329640.64445398,0,0,529791.97183403,-0.078536682354399,0,96721.118678832
13.272603451408,-0.078408486394038,0,59033.059163523,0,0,520932.92133816,-1321699.0246035,-596937.61578608,-0.00098281473853321,966461.89114789,-0.081743246475811,-160.06262829206,1644577.7897008,329640.64445398,0,0,529791.97183403,-0.078536682354399,0,96721.118678832
13.285505016703,-0.078408486394038,0,59033.059163523,0,0,520932.92133816,-1321699.0246035,-596937.61578608,-0.00098281473853321,966461.89114789,-0.081743246475811,-160.06262829206,1644577.7897008,329640.64445398,0,0,529791.97183403,-0.078536682354399,0,96721.118678832
13.300986895056,-0.078536236587965,0,59395.159429262,0,0,525021.96078756,-1330562.9383764,-597489.03152914,-0.00098927341657858,972465.40552601,-0.081898255503736,-162.0722630434,1654896.4964347,329931.40582248,0,0,533992.83177518,-0.078665350513801,0,97036.267648208
13.31956514908,-0.078536236587965,0,59395.159429262,0,0,525021.96078756,-1330562.9383764,-597489.03152914,-0.00098927341657858,972465.40552601,-0.081898255503736,-162.0722630434,1654896.4964347,329931.40582248,0,0,533992.83177518,-0.078665350513801,0,97036.267648208
13.330712101495,-0.078572877782106,0,59495.622875616,0,0,525978.3631125,-1332797.2651714,-597653.59332298,-0.0010022183777307,974100.86152729,-0.081942663368028,-163.64807532631,1657373.8028276,330018.1792109,0,0,535092.91920043,-0.078702252036398,0,98014.878786985
13.34185905391,-0.078572877782106,0,59495.622875616,0,0,525978.3631125,-1332797.2651714,-597653.59332298,-0.0010022183777307,974100.86152729,-0.081942663368028,-163.64807532631,1657373.8028276,330018.1792109,0,0,535092.91920043,-0.078702252036398,0,98014.878786985
13.355235396807,-0.078631042555955,0,59660.313668196,0,0,527343.77243256,-1336273.7671863,-597909.77859707,-0.0010218119191023,976735.96815294,-0.082013127306832,-165.96135539324,1661354.4081646,330153.2656354,0,0,536725.25713851,-0.078760826081452,0,98417.958044817
13.371287008284,-0.078724113056632,0,59922.639158828,0,0,530188.48784838,-1342822.3021454,-598311.01166184,-0.0010243938239502,981076.58755927,-0.082127002280548,-169.41356741804,1669264.1291668,330364.83571912,0,0,539571.89098017,-0.078854558931394,0,99165.283566188
13.390548942056,-0.078724113056632,0,59922.639158828,0,0,530188.48784838,-1342822.3021454,-598311.01166184,-0.0010243938239502,981076.58755927,-0.082127002280548,-169.41356741804,1669264.1291668,330364.83571912,0,0,539571.89098017,-0.078854558931394,0,99165.283566188
13.413663262583,-0.078839675943556,0,60242.498594907,0,0,533462.37899724,-1350398.5550995,-598822.20658655,-0.0010365221552637,986308.99381039,-0.082266779402127,-172.11775874959,1678186.8381077,330634.38866063,0,0,542721.41795168,-0.078970933550278,0,99528.137450376
13.441400447215,-0.078839675943556,0,60242.498594907,0,0,533462.37899724,-1350398.5550995,-598822.20658655,-0.0010365221552637,986308.99381039,-0.082266779402127,-172.11775874959,1678186.8381077,330634.38866063,0,0,542721.41795168,-0.078970933550278,0,99528.137450376
13.449721602605,-0.078864272776313,0,60313.411658703,0,0,534255.84581233,-1352114.4661937,-598926.85596262,-0.0010416144154392,987485.45350371,-0.08229681192121,-172.74542873828,1680181.1136834,330689.57024774,0,0,543524.29332711,-0.078995709161708,0,99682.288567627
13.458042757995,-0.078891983284383,0,60393.417036138,0,0,535177.49259417,-1354131.4243038,-599045.22981332,-0.0010418738249311,988801.59241775,-0.082330519879498,-173.42802998891,1682635.7997751,330751.98874635,0,0,544419.34595757,-0.079023619291166,0,99841.661820329
13.468028144462,-0.078891983284383,0,60393.417036138,0,0,535177.49259417,-1354131.4243038,-599045.22981332,-0.0010418738249311,988801.59241775,-0.082330519879498,-173.42802998891,1682635.7997751,330751.98874635,0,0,544419.34595757,-0.079023619291166,0,99841.661820329
13.480010608223,-0.079013566295405,0,60741.308330381,0,0,539099.07795827,-1362674.6804985,-599566.15000513,-0.0010455544602844,994561.71676686,-0.08247844088093,-176.46806337899,1692711.1778078,331026.66981919,0,0,548303.04304459,-0.079146079541681,0,100586.49152224
13.494389564737,-0.079013566295405,0,60741.308330381,0,0,539099.07795827,-1362674.6804985,-599566.15000513,-0.0010455544602844,994561.71676686,-0.08247844088093,-176.46806337899,1692711.1778078,331026.66981919,0,0,548303.04304459,-0.079146079541681,0,100586.49152224
13.511644312553,-0.079013566295405,0,60741.308330381,0,0,539099.07795827,-1362674.6804985,-599566.15000513,-0.0010455544602844,994561.71676686,-0.08247844088093,-176.46806337899,1692711.1778078,331026.66981919,0,0,548303.04304459,-0.079146079541681,0,100586.49152224
13.521997161242,-0.079056035600621,0,60860.775684988,0,0,540429.90959839,-1365536.6352403,-599750.71926095,-0.0010499256877048,996546.23486607,-0.08252990501758,-177.49971418605,1695976.7797788,331123.99313676,0,0,549676.93944609,-0.079188850173613,0,100849.23255837
13.532350009932,-0.079102652016871,0,60991.644713787,0,0,541940.56492615,-1368834.0880682,-599953.756043,-0.0010506277289582,998711.78132575,-0.082586302439135,-178.66646249343,1699953.5005677,331231.05437553,0,0,551101.63779687,-0.079235795880848,0,101122.96553242
13.544773428359,-0.079102652016871,0,60991.644713787,0,0,541940.56492615,-1368834.0880682,-599953.756043,-0.0010506277289582,998711.78132575,-0.082586302439135,-178.66646249343,1699953.5005677,331231.05437553,0,0,551101.63779687,-0.079235795880848,0,101122.96553242
13.552227479416,-0.079138988422896,0,61094.022122024,0,0,543050.65046734,-1371226.4741827,-600111.59166591,-0.0010509029700565,1000413.5237763,-0.082630363717919,-179.53952155972,1702655.024589,331314.28105589,0,0,552279.93908327,-0.079272389190639,0,101352.21028488
13.559681530472,-0.079227156307321,0,61339.010860397,0,0,545831.35901568,-1377391.0872011,-600496.4879525,-0.001054280716353,1004475.6689071,-0.082737247708661,-181.80067571463,1710200.058525,331517.23676097,0,0,554976.27797964,-0.079361191929653,0,101901.18645439
13.56862639174,-0.079227156307321,0,61339.010860397,0,0,545831.35901568,-1377391.0872011,-600496.4879525,-0.001054280716353,1004475.6689071,-0.082737247708661,-181.80067571463,1710200.058525,331517.23676097,0,0,554976.27797964,-0.079361191929653,0,101901.18645439
13.579360225262,-0.079227156307321,0,61339.010860397,0,0,545831.35901568,-1377391.0872011,-600496.4879525,-0.001054280716353,1004475.6689071,-0.082737247708661,-181.80067571463,1710200.058525,331517.23676097,0,0,554976.27797964,-0.079361191929653,0,101901.18645439
13.592240825487,-0.079227156307321,0,61339.010860397,0,0,545831.35901568,-1377391.0872011,-600496.4879525,-0.001054280716353,1004475.6689071,-0.082737247708661,-181.80067571463,1710200.058525,331517.23676097,0,0,554976.27797964,-0.079361191929653,0,101901.18645439
13.607697545758,-0.079354516134949,0,61699.720278578,0,0,549963.70794255,-1386272.00019,-601045.61805827,-0.0010622956355095,1010451.9103473,-0.082891746998412,-184.90121912676,1720618.0744481,331806.79291352,0,0,559076.90463703,-0.079489461744571,0,102673.04606798
13.626245610083,-0.079354516134949,0,61699.720278578,0,0,549963.70794255,-1386272.00019,-601045.61805827,-0.0010622956355095,1010451.9103473,-0.082891746998412,-184.90121912676,1720618.0744481,331806.79291352,0,0,559076.90463703,-0.079489461744571,0,102673.04606798
13.637374448678,-0.079354516134949,0,61699.720278578,0,0,549963.70794255,-1386272.00019,-601045.61805827,-0.0010622956355095,1010451.9103473,-0.082891746998412,-184.90121912676,1720618.0744481,331806.79291352,0,0,559076.90463703,-0.079489461744571,0,102673.04606798
13.638765553502,-0.079362846381801,0,61722.719881489,0,0,550202.84104628,-1386791.0467663,-601082.28976491,-0.0010635149946026,1010837.3322494,-0.082901879050844,-185.00731100439,1721186.2315271,331826.12989428,0,0,559324.3411448,-0.079497851614586,0,102731.36777747
13.640156658327,-0.079362846381801,0,61722.719881489,0,0,550202.84104628,-1386791.0467663,-601082.28976491,-0.0010635149946026,1010837.3322494,-0.082901879050844,-185.00731100439,1721186.2315271,331826.12989428,0,0,559324.3411448,-0.079497851614586,0,102731.36777747
13.641825984116,-0.079383369514042,0,61779.716299472,0,0,550773.31180698,-1388130.937399,-601172.37628935,-0.0010637059069099,1011784.7936191,-0.082926785045225,-185.65225236637,1722732.3281928,331873.63249365,0,0,559968.39015298,-0.079518519393243,0,102861.87129918
13.643829175063,-0.079383369514042,0,61779.716299472,0,0,550773.31180698,-1388130.937399,-601172.37628935,-0.0010637059069099,1011784.7936191,-0.082926785045225,-185.65225236637,1722732.3281928,331873.63249365,0,0,559968.39015298,-0.079518519393243,0,102861.87129918
13.6462330042,-0.079383369514042,0,61779.716299472,0,0,550773.31180698,-1388130.937399,-601172.37628935,-0.0010637059069099,1011784.7936191,-0.082926785045225,-185.65225236637,1722732.3281928,331873.63249365,0,0,559968.39015298,-0.079518519393243,0,102861.87129918
13.649117599163,-0.079383369514042,0,61779.716299472,0,0,550773.31180698,-1388130.937399,-601172.37628935,-0.0010637059069099,1011784.7936191,-0.082926785045225,-185.65225236637,1722732.3281928,331873.63249365,0,0,559968.39015298,-0.079518519393243,0,102861.87129918
13.65257911312,-0.079475345617692,0,62039.165558271,0,0,553244.53482417,-1394425.7271273,-601572.99647215,-0.0010666710168843,1016084.1106073,-0.083037954962788,-188.0619049924,1730348.0253337,332084.87940507,0,0,562817.92096736,-0.079611146335131,0,103411.05830315
13.656732929868,-0.079475345617692,0,62039.165558271,0,0,553244.53482417,-1394425.7271273,-601572.99647215,-0.0010666710168843,1016084.1106073,-0.083037954962788,-188.0619049924,1730348.0253337,332084.87940507,0,0,562817.92096736,-0.079611146335131,0,103411.05830315
13.661717509965,-0.079475345617692,0,62039.165558271,0,0,553244.53482417,-1394425.7271273,-601572.99647215,-0.0010666710168843,1016084.1106073,-0.083037954962788,-188.0619049924,1730348.0253337,332084.87940507,0,0,562817.92096736,-0.079611146335131,0,103411.05830315
13.667699006082,-0.079475345617692,0,62039.165558271,0,0,553244.53482417,-1394425.7271273,-601572.99647215,-0.0010666710168843,1016084.1106073,-0.083037954962788,-188.0619049924,1730348.0253337,332084.87940507,0,0,562817.92096736,-0.079611146335131,0,103411.05830315
13.674876801423,-0.079475345617692,0,62039.165558271,0,0,553244.53482417,-1394425.7271273,-601572.99647215,-0.0010666710168843,1016084.1106073,-0.083037954962788,-188.0619049924,1730348.0253337,332084.87940507,0,0,562817.92096736,-0.079611146335131,0,103411.05830315
13.683490155831,-0.079475345617692,0,62039.165558271,0,0,553244.53482417,-1394425.7271273,-601572.99647215,-0.0010666710168843,1016084.1106073,-0.083037954962788,-188.0619049924,1730348.0253337,332084.87940507,0,0,562817.92096736,-0.079611146335131,0,103411.05830315
13.693826181121,-0.079520697717755,0,62169.060781896,0,0,554533.20552544,-1397226.400373,-601771.21914808,-0.00107551443712,1018190.9434949,-0.083092130068477,-189.18931183518,1733290.0547364,332189.40216707,0,0,564021.90533322,-0.079656814519039,0,103734.86930689
13.706229411469,-0.079554840659367,0,62265.187456819,0,0,555611.2178102,-1399651.2738214,-601918.86194159,-0.0010758671967514,1019777.4881823,-0.083133846968315,-190.01803587836,1736255.3738608,332267.25417123,0,0,565236.68635722,-0.079691202478873,0,103933.39811899
13.721113287887,-0.079590572316171,0,62365.758703753,0,0,556746.09663538,-1402170.3040629,-602073.45914636,-0.0010770010672962,1021437.3564643,-0.08317738195732,-190.90044104906,1739308.4700547,332348.77323451,0,0,566366.2338747,-0.079727191935971,0,104147.34175407
13.730043613738,-0.079624083788163,0,62459.393753545,0,0,557723.59718855,-1404470.5131439,-602219.12170132,-0.0010787365648194,1022984.8676924,-0.083218189225361,-191.73910073085,1742046.8683349,332425.58105943,0,0,567480.3175849,-0.079760942776474,0,104355.79659814
13.738973939588,-0.079624083788163,0,62459.393753545,0,0,557723.59718855,-1404470.5131439,-602219.12170132,-0.0010787365648194,1022984.8676924,-0.083218189225361,-191.73910073085,1742046.8683349,332425.58105943,0,0,567480.3175849,-0.079760942776474,0,104355.79659814
13.749690330609,-0.079734110478731,0,62769.573719067,0,0,561153.53287596,-1412012.7192981,-602695.36149897,-0.0010835079647205,1028113.5556757,-0.083351947236829,-194.49221173176,1750947.4851042,332676.70217294,0,0,570992.96014147,-0.079871756105377,0,105043.24666348
13.762549999834,-0.079734110478731,0,62769.573719067,0,0,561153.53287596,-1412012.7192981,-602695.36149897,-0.0010835079647205,1028113.5556757,-0.083351947236829,-194.49221173176,1750947.4851042,332676.70217294,0,0,570992.96014147,-0.079871756105377,0,105043.24666348
13.777981602904,-0.079734110478731,0,62769.573719067,0,0,561153.53287596,-1412012.7192981,-602695.36149897,-0.0010835079647205,1028113.5556757,-0.083351947236829,-194.49221173176,1750947.4851042,332676.70217294,0,0,570992.96014147,-0.079871756105377,0,105043.24666348
13.796499526588,-0.079858898472508,0,63121.972178412,0,0,565154.64578514,-1420645.5415363,-603235.23349853,-0.0010875468102231,1033955.4503621,-0.083503072161838,-197.56488367395,1761039.2264758,332961.37652887,0,0,575001.8695774,-0.079997432461131,0,105800.55916511
13.818721035009,-0.079858898472508,0,63121.972178412,0,0,565154.64578514,-1420645.5415363,-603235.23349853,-0.0010875468102231,1033955.4503621,-0.083503072161838,-197.56488367395,1761039.2264758,332961.37652887,0,0,575001.8695774,-0.079997432461131,0,105800.55916511
13.832053940061,-0.079904861398348,0,63252.026914617,0,0,566338.86566614,-1423789.5461,-603437.78343445,-0.0010940805018366,1036042.4175502,-0.083558404440607,-198.75392655523,1764994.4262438,333068.1810542,0,0,576331.36774424,-0.080043721282719,0,106081.3948748
13.845386845114,-0.079945298007811,0,63364.282930745,0,0,567485.54008213,-1426327.7945591,-603613.97040678,-0.0010973981289239,1037918.9731948,-0.083607676644158,-199.79066622954,1767786.0911841,333161.08439592,0,0,577571.25713525,-0.080084444556108,0,106365.34246769
13.861386331176,-0.079945298007811,0,63364.282930745,0,0,567485.54008213,-1426327.7945591,-603613.97040678,-0.0010973981289239,1037918.9731948,-0.083607676644158,-199.79066622954,1767786.0911841,333161.08439592,0,0,577571.25713525,-0.080084444556108,0,106365.34246769
13.870986022814,-0.080057867732176,0,63680.894913369,0,0,570865.78863165,-1433674.0062016,-604101.20302527,-0.0011082288581043,1043204.5198855,-0.083744575592978,-202.68360185826,1776129.9444283,333418.00202081,0,0,581021.05635215,-0.080197819684352,0,107127.49466112
13.880585714452,-0.080057867732176,0,63680.894913369,0,0,570865.78863165,-1433674.0062016,-604101.20302527,-0.0011082288581043,1043204.5198855,-0.083744575592978,-202.68360185826,1776129.9444283,333418.00202081,0,0,581021.05635215,-0.080197819684352,0,107127.49466112
13.892105344417,-0.080057867732176,0,63680.894913369,0,0,570865.78863165,-1433674.0062016,-604101.20302527,-0.0011082288581043,1043204.5198855,-0.083744575592978,-202.68360185826,1776129.9444283,333418.00202081,0,0,581021.05635215,-0.080197819684352,0,107127.49466112
13.899017122396,-0.080070578372342,0,63716.325810204,0,0,571314.2428283,-1434515.4720594,-604156.84744824,-0.0011091421055291,1043793.4680919,-0.083759921887507,-202.99108211098,1777088.526336,333447.34330965,0,0,581393.54595463,-0.080210619580564,0,107205.77493266
13.905928900376,-0.080070578372342,0,63716.325810204,0,0,571314.2428283,-1434515.4720594,-604156.84744824,-0.0011091421055291,1043793.4680919,-0.083759921887507,-202.99108211098,1777088.526336,333447.34330965,0,0,581393.54595463,-0.080210619580564,0,107205.77493266
13.914223033951,-0.080090470204354,0,63772.073393134,0,0,571918.73831123,-1435847.0515047,-604243.27217338,-0.0011129402961277,1044719.0020806,-0.083784016899999,-203.49131163634,1778618.3199316,333492.91504332,0,0,582048.00203025,-0.08023065415145,0,107333.27519969
13.924175994241,-0.080139482814331,0,63910.270215498,0,0,573557.36519877,-1439278.0199258,-604455.66120867,-0.0011139375419449,1047004.1837636,-0.083843299832804,-204.7226668129,1782696.0246826,333604.90772278,0,0,583619.54520761,-0.080280015592099,0,107629.76563359
13.936119546589,-0.080232355922804,0,64169.312044334,0,0,576413.44304525,-1445585.4707204,-604860.27507414,-0.0011217298427083,1051302.7483483,-0.083955716468723,-207.02866365854,1790108.220695,333818.26050202,0,0,586475.44063742,-0.080373548515612,0,108199.32659052
13.950451809406,-0.080232355922804,0,64169.312044334,0,0,576413.44304525,-1445585.4707204,-604860.27507414,-0.0011217298427083,1051302.7483483,-0.083955716468723,-207.02866365854,1790108.220695,333818.26050202,0,0,586475.44063742,-0.080373548515612,0,108199.32659052
13.967650524787,-0.080232355922804,0,64169.312044334,0,0,576413.44304525,-1445585.4707204,-604860.27507414,-0.0011217298427083,1051302.7483483,-0.083955716468723,-207.02866365854,1790108.220695,333818.26050202,0,0,586475.44063742,-0.080373548515612,0,108199.32659052
13.977969754016,-0.080274345993772,0,64288.285717923,0,0,577759.37923923,-1448480.5460286,-605041.67734429,-0.0011233524011955,1053272.468849,-0.084006504226115,-208.06579594399,1793459.0920194,333913.91386886,0,0,587824.42387421,-0.080415838267982,0,108458.37984628
13.988288983245,-0.080371629576598,0,64560.745323226,0,0,580805.27247764,-1455216.9171327,-605464.35144599,-0.0011283082848183,1057774.1848139,-0.084124241515606,-210.54536087335,1801489.2464695,334136.78980566,0,0,590698.50089265,-0.080513819291287,0,109058.98100617
14.000672058319,-0.080371629576598,0,64560.745323226,0,0,580805.27247764,-1455216.9171327,-605464.35144599,-0.0011283082848183,1057774.1848139,-0.084124241515606,-210.54536087335,1801489.2464695,334136.78980566,0,0,590698.50089265,-0.080513819291287,0,109058.98100617
14.015531748409,-0.080371629576598,0,64560.745323226,0,0,580805.27247764,-1455216.9171327,-605464.35144599,-0.0011283082848183,1057774.1848139,-0.084124241515606,-210.54536087335,1801489.2464695,334136.78980566,0,0,590698.50089265,-0.080513819291287,0,109058.98100617
14.033363376516,-0.080371629576598,0,64560.745323226,0,0,580805.27247764,-1455216.9171327,-605464.35144599,-0.0011283082848183,1057774.1848139,-0.084124241515606,-210.54536087335,1801489.2464695,334136.78980566,0,0,590698.50089265,-0.080513819291287,0,109058.98100617
14.054761330244,-0.080371629576598,0,64560.745323226,0,0,580805.27247764,-1455216.9171327,-605464.35144599,-0.0011283082848183,1057774.1848139,-0.084124241515606,-210.54536087335,1801489.2464695,334136.78980566,0,0,590698.50089265,-0.080513819291287,0,109058.98100617
14.080438874719,-0.080371629576598,0,64560.745323226,0,0,580805.27247764,-1455216.9171327,-605464.35144599,-0.0011283082848183,1057774.1848139,-0.084124241515606,-210.54536087335,1801489.2464695,334136.78980566,0,0,590698.50089265,-0.080513819291287,0,109058.98100617
14.111251928088,-0.080371629576598,0,64560.745323226,0,0,580805.27247764,-1455216.9171327,-605464.35144599,-0.0011283082848183,1057774.1848139,-0.084124241515606,-210.54536087335,1801489.2464695,334136.78980566,0,0,590698.50089265,-0.080513819291287,0,109058.98100617
14.148227592131,-0.080371629576598,0,64560.745323226,0,0,580805.27247764,-1455216.9171327,-605464.35144599,-0.0011283082848183,1057774.1848139,-0.084124241515606,-210.54536087335,1801489.2464695,334136.78980566,0,0,590698.50089265,-0.080513819291287,0,109058.98100617
14.192598388983,-0.080371629576598,0,64560.745323226,0,0,580805.27247764,-1455216.9171327,-605464.35144599,-0.0011283082848183,1057774.1848139,-0.084124241515606,-210.54536087335,1801489.2464695,334136.78980566,0,0,590698.50089265,-0.080513819291287,0,109058.98100617
14.219220867094,-0.080371629576598,0,64560.745323226,0,0,580805.27247764,-1455216.9171327,-605464.35144599,-0.0011283082848183,1057774.1848139,-0.084124241515606,-210.54536087335,1801489.2464695,334136.78980566,0,0,590698.50089265,-0.080513819291287,0,109058.98100617
14.232532106149,-0.080419004902266,0,64695.141304776,0,0,582326.38651135,-1458501.6182755,-605668.81051515,-0.001129201503905,1060002.2520564,-0.084182250038916,-211.70780759711,1805299.703341,334244.60101625,0,0,591802.46224242,-0.080561532700514,0,109347.39342904
14.245843345205,-0.080525355022548,0,64994.729071474,0,0,585709.66648946,-1465898.3279618,-606129.84004399,-0.0011344300614802,1064963.7391148,-0.084312704932351,-214.40667163993,1814093.2782602,334487.70175921,0,0,595985.13705327,-0.080668645189346,0,110002.65175523
14.261816832071,-0.080525355022548,0,64994.729071474,0,0,585709.66648946,-1465898.3279618,-606129.84004399,-0.0011344300614802,1064963.7391148,-0.084312704932351,-214.40667163993,1814093.2782602,334487.70175921,0,0,595985.13705327,-0.080668645189346,0,110002.65175523
14.271400924191,-0.080525355022548,0,64994.729071474,0,0,585709.66648946,-1465898.3279618,-606129.84004399,-0.0011344300614802,1064963.7391148,-0.084312704932351,-214.40667163993,1814093.2782602,334487.70175921,0,0,595985.13705327,-0.080668645189346,0,110002.65175523
14.280985016311,-0.080554585254802,0,65076.775054723,0,0,586618.4964778,-1467883.5035805,-606256.90222202,-0.0011348885644802,1066325.6155103,-0.084348683350426,-215.11871923231,1816414.64643,334554.70161052,0,0,597938.44092585,-0.080698082513777,0,110179.15110627
14.292485926855,-0.080650312916383,0,65345.56259036,0,0,589671.65271392,-1474591.7206886,-606672.6680378,-0.0011387752472396,1070771.9675208,-0.084466425183509,-217.54576470278,1824516.7687848,334773.93481019,0,0,600968.23918178,-0.080794494454396,0,110768.94326886
14.306287019508,-0.080650312916383,0,65345.56259036,0,0,589671.65271392,-1474591.7206886,-606672.6680378,-0.0011387752472396,1070771.9675208,-0.084466425183509,-217.54576470278,1824516.7687848,334773.93481019,0,0,600968.23918178,-0.080794494454396,0,110768.94326886
14.322848330691,-0.08068894740646,0,65452.931428686,0,0,590900.70188368,-1477248.0721765,-606840.50829049,-0.0011393708276996,1072575.0487916,-0.084513866559723,-218.47260924674,1827627.1710875,334862.43692901,0,0,603388.49744981,-0.080833402598856,0,110998.63559973
14.342721904111,-0.080784597779908,0,65725.219646047,0,0,593852.5567139,-1483742.1473666,-607255.13824628,-0.001148559391282,1077019.5111042,-0.084631782767979,-221.01658401188,1835245.4941678,335081.07118996,0,0,605346.03860291,-0.08092974277688,0,111624.70987309
14.366570192215,-0.080784597779908,0,65725.219646047,0,0,593852.5567139,-1483742.1473666,-607255.13824628,-0.001148559391282,1077019.5111042,-0.084631782767979,-221.01658401188,1835245.4941678,335081.07118996,0,0,605346.03860291,-0.08092974277688,0,111624.70987309
14.373724678646,-0.080793001836071,0,65748.863581596,0,0,594109.63865673,-1484306.3770074,-607291.50881141,-0.0011490470572245,1077418.3650421,-0.0846420452019,-221.2143070278,1835877.2211271,335100.2493789,0,0,605603.62286528,-0.080938206119405,0,111677.10181318
14.380879165077,-0.080827487504836,0,65845.40290651,0,0,595186.60192014,-1486639.6124904,-607440.93780469,-0.001151289847645,1079036.164113,-0.084684442695425,-222.06296822856,1838624.8071277,335179.04324572,0,0,606706.4413025,-0.080972938269865,0,111888.1152581
14.389464548795,-0.080827487504836,0,65845.40290651,0,0,595186.60192014,-1486639.6124904,-607440.93780469,-0.001151289847645,1079036.164113,-0.084684442695425,-222.06296822856,1838624.8071277,335179.04324572,0,0,606706.4413025,-0.080972938269865,0,111888.1152581
14.399767009256,-0.080881570202833,0,65988.983437873,0,0,596936.37251849,-1489519.2896288,-607681.7159593,-0.0011655181890256,1081483.2271554,-0.084751946548608,-223.53120120831,1841219.2082682,335306.00550022,0,0,608469.66426582,-0.081027417010949,0,112348.52672307
14.412129961809,-0.080881570202833,0,65988.983437873,0,0,596936.37251849,-1489519.2896288,-607681.7159593,-0.0011655181890256,1081483.2271554,-0.084751946548608,-223.53120120831,1841219.2082682,335306.00550022,0,0,608469.66426582,-0.081027417010949,0,112348.52672307
14.41954773334,-0.080919985384336,0,66091.215468458,0,0,598363.78656142,-1491755.0505674,-607851.53885075,-0.0011714436368083,1083218.6671878,-0.084800120169081,-224.59188413976,1843568.5621494,335395.55306405,0,0,609534.92433991,-0.081066111658434,0,112648.98626948
14.426965504872,-0.080919985384336,0,66091.215468458,0,0,598363.78656142,-1491755.0505674,-607851.53885075,-0.0011714436368083,1083218.6671878,-0.084800120169081,-224.59188413976,1843568.5621494,335395.55306405,0,0,609534.92433991,-0.081066111658434,0,112648.98626948
14.43586683071,-0.081033039947191,0,66421.07759583,0,0,601311.05605707,-1500685.4782799,-608332.02028834,-0.0011771609496499,1088594.0010147,-0.084937921993054,-227.34108350261,1855364.0250489,335648.91079313,0,0,613017.43601503,-0.081179967119786,0,113196.71668922
14.446548421716,-0.081033039947191,0,66421.07759583,0,0,601311.05605707,-1500685.4782799,-608332.02028834,-0.0011771609496499,1088594.0010147,-0.084937921993054,-227.34108350261,1855364.0250489,335648.91079313,0,0,613017.43601503,-0.081179967119786,0,113196.71668922
14.459366330923,-0.081033039947191,0,66421.07759583,0,0,601311.05605707,-1500685.4782799,-608332.02028834,-0.0011771609496499,1088594.0010147,-0.084937921993054,-227.34108350261,1855364.0250489,335648.91079313,0,0,613017.43601503,-0.081179967119786,0,113196.71668922
14.467057076448,-0.081033039947191,0,66421.07759583,0,0,601311.05605707,-1500685.4782799,-608332.02028834,-0.0011771609496499,1088594.0010147,-0.084937921993054,-227.34108350261,1855364.0250489,335648.91079313,0,0,613017.43601503,-0.081179967119786,0,113196.71668922
14.47090244921,-0.081033039947191,0,66421.07759583,0,0,601311.05605707,-1500685.4782799,-608332.02028834,-0.0011771609496499,1088594.0010147,-0.084937921993054,-227.34108350261,1855364.0250489,335648.91079313,0,0,613017.43601503,-0.081179967119786,0,113196.71668922
14.471383120805,-0.081128558058803,0,66684.454275371,0,0,604341.99100139,-1507191.7623331,-608746.76798573,-0.0011794792553176,1093042.5807658,-0.085055225256405,-229.65778631718,1862878.8120057,335867.6071391,0,0,616048.24898153,-0.081276158820828,0,113776.39351062
14.4718637924,-0.081128558058803,0,66684.454275371,0,0,604341.99100139,-1507191.7623331,-608746.76798573,-0.0011794792553176,1093042.5807658,-0.085055225256405,-229.65778631718,1862878.8120057,335867.6071391,0,0,616048.24898153,-0.081276158820828,0,113776.39351062
14.472440598315,-0.081128558058803,0,66684.454275371,0,0,604341.99100139,-1507191.7623331,-608746.76798573,-0.0011794792553176,1093042.5807658,-0.085055225256405,-229.65778631718,1862878.8120057,335867.6071391,0,0,616048.24898153,-0.081276158820828,0,113776.39351062
14.473132765412,-0.081128558058803,0,66684.454275371,0,0,604341.99100139,-1507191.7623331,-608746.76798573,-0.0011794792553176,1093042.5807658,-0.085055225256405,-229.65778631718,1862878.8120057,335867.6071391,0,0,616048.24898153,-0.081276158820828,0,113776.39351062
14.473963365928,-0.081128558058803,0,66684.454275371,0,0,604341.99100139,-1507191.7623331,-608746.76798573,-0.0011794792553176,1093042.5807658,-0.085055225256405,-229.65778631718,1862878.8120057,335867.6071391,0,0,616048.24898153,-0.081276158820828,0,113776.39351062
14.474960086548,-0.081128558058803,0,66684.454275371,0,0,604341.99100139,-1507191.7623331,-608746.76798573,-0.0011794792553176,1093042.5807658,-0.085055225256405,-229.65778631718,1862878.8120057,335867.6071391,0,0,616048.24898153,-0.081276158820828,0,113776.39351062
14.476156151292,-0.081128558058803,0,66684.454275371,0,0,604341.99100139,-1507191.7623331,-608746.76798573,-0.0011794792553176,1093042.5807658,-0.085055225256405,-229.65778631718,1862878.8120057,335867.6071391,0,0,616048.24898153,-0.081276158820828,0,113776.39351062
14.477591428985,-0.081128558058803,0,66684.454275371,0,0,604341.99100139,-1507191.7623331,-608746.76798573,-0.0011794792553176,1093042.5807658,-0.085055225256405,-229.65778631718,1862878.8120057,335867.6071391,0,0,616048.24898153,-0.081276158820828,0,113776.39351062
14.479313762216,-0.081128558058803,0,66684.454275371,0,0,604341.99100139,-1507191.7623331,-608746.76798573,-0.0011794792553176,1093042.5807658,-0.085055225256405,-229.65778631718,1862878.8120057,335867.6071391,0,0,616048.24898153,-0.081276158820828,0,113776.39351062
14.481380562094,-0.081128558058803,0,66684.454275371,0,0,604341.99100139,-1507191.7623331,-608746.76798573,-0.0011794792553176,1093042.5807658,-0.085055225256405,-229.65778631718,1862878.8120057,335867.6071391,0,0,616048.24898153,-0.081276158820828,0,113776.39351062
14.483860721947,-0.081128558058803,0,66684.454275371,0,0,604341.99100139,-1507191.7623331,-608746.76798573,-0.0011794792553176,1093042.5807658,-0.085055225256405,-229.65778631718,1862878.8120057,335867.6071391,0,0,616048.24898153,-0.081276158820828,0,113776.39351062
14.48683691377,-0.081128558058803,0,66684.454275371,0,0,604341.99100139,-1507191.7623331,-608746.76798573,-0.0011794792553176,1093042.5807658,-0.085055225256405,-229.65778631718,1862878.8120057,335867.6071391,0,0,616048.24898153,-0.081276158820828,0,113776.39351062
14.490408343959,-0.081128558058803,0,66684.454275371,0,0,604341.99100139,-1507191.7623331,-608746.76798573,-0.0011794792553176,1093042.5807658,-0.085055225256405,-229.65778631718,1862878.8120057,335867.6071391,0,0,616048.24898153,-0.081276158820828,0,113776.39351062
14.494694060185,-0.081128558058803,0,66684.454275371,0,0,604341.99100139,-1507191.7623331,-608746.76798573,-0.0011794792553176,1093042.5807658,-0.085055225256405,-229.65778631718,1862878.8120057,335867.6071391,0,0,616048.24898153,-0.081276158820828,0,113776.39351062
14.499836919656,-0.081151403555906,0,66739.195750944,0,0,604987.98217223,-1508776.3618981,-608848.83315085,-0.0011833927010891,1094088.0432431,-0.085083604304535,-230.27643245159,1865002.4591144,335921.42607236,0,0,616777.16819908,-0.081299172044442,0,113918.53437648
14.506008351021,-0.081151403555906,0,66739.195750944,0,0,604987.98217223,-1508776.3618981,-608848.83315085,-0.0011833927010891,1094088.0432431,-0.085083604304535,-230.27643245159,1865002.4591144,335921.42607236,0,0,616777.16819908,-0.081299172044442,0,113918.53437648
14.51341406866,-0.081160389868565,0,66765.029696382,0,0,605271.72817736,-1509388.5935868,-608887.47433922,-0.0011837315882987,1094519.1351133,-0.085094615909698,-230.49756169016,1865718.4910692,335941.80156029,0,0,617059.17291015,-0.081308222662257,0,113974.15694464
14.522300929826,-0.081264503212555,0,67062.25715535,0,0,608568.60737684,-1516704.7093349,-609335.35107135,-0.0011880168935246,1099425.1930305,-0.085222516092748,-233.13639717784,1874449.1916515,336177.96683738,0,0,620247.67310372,-0.081413082565769,0,114616.98026097
14.532965163225,-0.081264503212555,0,67062.25715535,0,0,608568.60737684,-1516704.7093349,-609335.35107135,-0.0011880168935246,1099425.1930305,-0.085222516092748,-233.13639717784,1874449.1916515,336177.96683738,0,0,620247.67310372,-0.081413082565769,0,114616.98026097
14.545762243305,-0.081264503212555,0,67062.25715535,0,0,608568.60737684,-1516704.7093349,-609335.35107135,-0.0011880168935246,1099425.1930305,-0.085222516092748,-233.13639717784,1874449.1916515,336177.96683738,0,0,620247.67310372,-0.081413082565769,0,114616.98026097
14.5611187394,-0.081313948307054,0,67201.454656294,0,0,610066.86807751,-1520070.475277,-609549.54905283,-0.0011915112002236,1101731.8792474,-0.085283330715949,-234.36713019374,1878350.9836334,336290.91337374,0,0,621850.31150197,-0.08146288076457,0,114925.9556417
14.579546534714,-0.081339992262947,0,67274.717587233,0,0,610894.47717696,-1521876.3960968,-609662.39746681,-0.0011918455711779,1102948.410841,-0.085315363163352,-235.01577369449,1880503.8477314,336350.41831122,0,0,622676.5731977,-0.081489111108248,0,115083.75444183
14.601659889091,-0.081475914845722,0,67658.945780421,0,0,615132.05386394,-1531155.9599092,-610248.94370628,-0.0011980184698123,1109320.688743,-0.085482810797236,-238.46044885687,1891320.5078989,336659.70398093,0,0,626901.55060632,-0.081626005091953,0,115949.31570137
14.628195914344,-0.081475914845722,0,67658.945780421,0,0,615132.05386394,-1531155.9599092,-610248.94370628,-0.0011980184698123,1109320.688743,-0.085482810797236,-238.46044885687,1891320.5078989,336659.70398093,0,0,626901.55060632,-0.081626005091953,0,115949.31570137
14.660039144647,-0.08163179153919,0,68102.380682552,0,0,620110.95285436,-1542030.2358623,-610921.76062242,-0.001199756685471,1116682.7075025,-0.085674279742058,-242.30356161439,1904231.5704629,337014.48015481,0,0,631829.28860748,-0.081782995937156,0,116886.53674749
14.698251021011,-0.081682577168976,0,68243.276799758,0,0,621659.09637308,-1545405.1863581,-611143.95329036,-0.0012035371827459,1119027.8913993,-0.0857365711845,-243.56042547313,1908124.1123943,337131.64228708,0,0,633245.17168053,-0.081834139644898,0,117203.69122917
14.70971458392,-0.081721409043245,0,68350.543275064,0,0,622781.47619544,-1547966.4061982,-611314.41572333,-0.0012070337066129,1120807.5744198,-0.085784299536786,-244.57810956064,1911154.8593965,337221.52708079,0,0,634726.09317234,-0.081873253659877,0,117463.9012193
14.721178146829,-0.081721409043245,0,68350.543275064,0,0,622781.47619544,-1547966.4061982,-611314.41572333,-0.0012070337066129,1120807.5744198,-0.085784299536786,-244.57810956064,1911154.8593965,337221.52708079,0,0,634726.09317234,-0.081873253659877,0,117463.9012193
14.73493442232,-0.081770621702791,0,68488.91064842,0,0,624326.18057414,-1551307.0431993,-611527.66655121,-0.0012109430078693,1123103.0223974,-0.085844836008368,-245.82146694298,1915121.4869349,337333.97418334,0,0,636176.3414747,-0.081922819063972,0,117773.91097453
14.751441952909,-0.08182190255172,0,68632.110211879,0,0,625824.90091874,-1554760.2567119,-611750.4348213,-0.0012162776732579,1125475.6361433,-0.085908000004709,-247.14526379424,1919207.5616474,337451.43983051,0,0,637780.23871631,-0.081974464764962,0,118107.05129388
14.761346471262,-0.08182190255172,0,68632.110211879,0,0,625824.90091874,-1554760.2567119,-611750.4348213,-0.0012162776732579,1125475.6361433,-0.085908000004709,-247.14526379424,1919207.5616474,337451.43983051,0,0,637780.23871631,-0.081974464764962,0,118107.05129388
14.771250989616,-0.081930159868774,0,68934.636088758,0,0,629148.09986948,-1562235.8832763,-612220.30804944,-0.0012253959260121,1130477.6126966,-0.086041232166897,-249.92613814224,1928240.2105556,337699.203854,0,0,640765.34422694,-0.082083493250468,0,118773.55564408
14.78313641164,-0.081930159868774,0,68934.636088758,0,0,629148.09986948,-1562235.8832763,-612220.30804944,-0.0012253959260121,1130477.6126966,-0.086041232166897,-249.92613814224,1928240.2105556,337699.203854,0,0,640765.34422694,-0.082083493250468,0,118773.55564408
14.797398918069,-0.081930159868774,0,68934.636088758,0,0,629148.09986948,-1562235.8832763,-612220.30804944,-0.0012253959260121,1130477.6126966,-0.086041232166897,-249.92613814224,1928240.2105556,337699.203854,0,0,640765.34422694,-0.082083493250468,0,118773.55564408
14.801677669998,-0.081930159868774,0,68934.636088758,0,0,629148.09986948,-1562235.8832763,-612220.30804944,-0.0012253959260121,1130477.6126966,-0.086041232166897,-249.92613814224,1928240.2105556,337699.203854,0,0,640765.34422694,-0.082083493250468,0,118773.55564408
14.805956421926,-0.081940308405693,0,68963.04283086,0,0,629478.33984423,-1562926.7916564,-612264.37816361,-0.0012260868402061,1130951.1228139,-0.086053669974883,-250.18206362829,1929038.3830929,337722.44201303,0,0,641100.12177517,-0.082093714330554,0,118838.66030592
14.811090924241,-0.081949981892132,0,68990.078074656,0,0,629766.5829198,-1563602.4843134,-612306.39096194,-0.0012263600280963,1131400.4301421,-0.086065551697629,-250.42596205832,1929848.6386209,337744.59534999,0,0,641408.1695432,-0.082103457440592,0,118897.82847483
14.817252327018,-0.081998744737619,0,69126.975461657,0,0,631278.22275626,-1566891.7108639,-612517.88302337,-0.0012307021844864,1133672.6966406,-0.086125537067228,-251.65516449763,1933637.863789,337856.11505546,0,0,642982.98413215,-0.082152570259003,0,119211.8309845
14.824646010351,-0.081998744737619,0,69126.975461657,0,0,631278.22275626,-1566891.7108639,-612517.88302337,-0.0012307021844864,1133672.6966406,-0.086125537067228,-251.65516449763,1933637.863789,337856.11505546,0,0,642982.98413215,-0.082152570259003,0,119211.8309845
14.83351843035,-0.082042169638213,0,69249.496088368,0,0,632618.97069034,-1569777.7172331,-612705.82286627,-0.0012352021032509,1135711.2697486,-0.0861786550577,-252.74154672527,1936864.8847514,337955.21568265,0,0,644311.31170635,-0.082196304511154,0,119497.98991364
14.84416533435,-0.082125794632279,0,69482.619977937,0,0,635177.58493466,-1575521.9965417,-613070.16861975,-0.0012426583239317,1139573.5500177,-0.086281557500651,-254.8589323755,1943727.1477811,338147.33509762,0,0,646976.07681727,-0.082280530591223,0,120017.73195865
14.856941619149,-0.082125794632279,0,69482.619977937,0,0,635177.58493466,-1575521.9965417,-613070.16861975,-0.0012426583239317,1139573.5500177,-0.086281557500651,-254.8589323755,1943727.1477811,338147.33509762,0,0,646976.07681727,-0.082280530591223,0,120017.73195865
14.872273160907,-0.082125794632279,0,69482.619977937,0,0,635177.58493466,-1575521.9965417,-613070.16861975,-0.0012426583239317,1139573.5500177,-0.086281557500651,-254.8589323755,1943727.1477811,338147.33509762,0,0,646976.07681727,-0.082280530591223,0,120017.73195865
14.890671011018,-0.082249378091614,0,69834.639855797,0,0,639155.49969874,-1584155.9517306,-613601.68617853,-0.0012453845496706,1145394.6858982,-0.086433388192927,-257.94148486294,1953856.4416772,338427.60415939,0,0,650984.74295555,-0.082405001378275,0,120774.88316939
14.912748431151,-0.082249378091614,0,69834.639855797,0,0,639155.49969874,-1584155.9517306,-613601.68617853,-0.0012453845496706,1145394.6858982,-0.086433388192927,-257.94148486294,1953856.4416772,338427.60415939,0,0,650984.74295555,-0.082405001378275,0,120774.88316939
14.925994883231,-0.08226184789112,0,69869.230145154,0,0,639551.61661598,-1585015.5801468,-613656.05118512,-0.0012462699629354,1145968.3300962,-0.086448690269864,-258.25872039575,1954874.1975583,338456.27081235,0,0,651375.61499623,-0.082417560319459,0,120853.020804
14.93924133531,-0.082379530706315,0,70200.841513201,0,0,643333.70866898,-1593167.3517086,-614165.73005154,-0.0012532797406675,1151472.5412509,-0.086593075533176,-261.21426205195,1964433.4719018,338725.0243377,0,0,655049.07413513,-0.082536085982313,0,121583.49774569
14.955137077806,-0.082379530706315,0,70200.841513201,0,0,643333.70866898,-1593167.3517086,-614165.73005154,-0.0012532797406675,1151472.5412509,-0.086593075533176,-261.21426205195,1964433.4719018,338725.0243377,0,0,655049.07413513,-0.082536085982313,0,121583.49774569
14.964674523303,-0.082379530706315,0,70200.841513201,0,0,643333.70866898,-1593167.3517086,-614165.73005154,-0.0012532797406675,1151472.5412509,-0.086593075533176,-261.21426205195,1964433.4719018,338725.0243377,0,0,655049.07413513,-0.082536085982313,0,121583.49774569
14.969443246052,-0.08238771473387,0,70223.942884547,0,0,643634.27489491,-1593729.3138413,-614201.42678602,-0.0012534473890641,1151853.5418009,-0.086603082940319,-261.41631042621,1965087.6669677,338743.84721592,0,0,655299.63932421,-0.082544328327887,0,121633.88839858
14.974211968801,-0.082422246550572,0,70317.052877747,0,0,644548.22965394,-1595921.5455311,-614354.76475927,-0.0012568856151269,1153396.8325957,-0.086645263195827,-262.31342862749,1967730.8665375,338824.70228647,0,0,656347.336063,-0.082579101463369,0,121867.25922213
14.979934436099,-0.082422246550572,0,70317.052877747,0,0,644548.22965394,-1595921.5455311,-614354.76475927,-0.0012568856151269,1153396.8325957,-0.086645263195827,-262.31342862749,1967730.8665375,338824.70228647,0,0,656347.336063,-0.082579101463369,0,121867.25922213
14.986801396857,-0.082422246550572,0,70317.052877747,0,0,644548.22965394,-1595921.5455311,-614354.76475927,-0.0012568856151269,1153396.8325957,-0.086645263195827,-262.31342862749,1967730.8665375,338824.70228647,0,0,656347.336063,-0.082579101463369,0,121867.25922213
14.995041749767,-0.082473397230321,0,70462.605524673,0,0,646061.36980152,-1599360.3304972,-614575.01036062,-0.0012608485568993,1155821.0474894,-0.086708224733605,-263.61372698233,1971619.4039115,338940.83773099,0,0,657928.28508967,-0.082630620212443,0,122202.94105835
15.004930173258,-0.082473397230321,0,70462.605524673,0,0,646061.36980152,-1599360.3304972,-614575.01036062,-0.0012608485568993,1155821.0474894,-0.086708224733605,-263.61372698233,1971619.4039115,338940.83773099,0,0,657928.28508967,-0.082630620212443,0,122202.94105835
15.016796281448,-0.082473397230321,0,70462.605524673,0,0,646061.36980152,-1599360.3304972,-614575.01036062,-0.0012608485568993,1155821.0474894,-0.086708224733605,-263.61372698233,1971619.4039115,338940.83773099,0,0,657928.28508967,-0.082630620212443,0,122202.94105835
15.031035611276,-0.082473397230321,0,70462.605524673,0,0,646061.36980152,-1599360.3304972,-614575.01036062,-0.0012608485568993,1155821.0474894,-0.086708224733605,-263.61372698233,1971619.4039115,338940.83773099,0,0,657928.28508967,-0.082630620212443,0,122202.94105835
15.04812280707,-0.082473397230321,0,70462.605524673,0,0,646061.36980152,-1599360.3304972,-614575.01036062,-0.0012608485568993,1155821.0474894,-0.086708224733605,-263.61372698233,1971619.4039115,338940.83773099,0,0,657928.28508967,-0.082630620212443,0,122202.94105835
15.068627442022,-0.082473397230321,0,70462.605524673,0,0,646061.36980152,-1599360.3304972,-614575.01036062,-0.0012608485568993,1155821.0474894,-0.086708224733605,-263.61372698233,1971619.4039115,338940.83773099,0,0,657928.28508967,-0.082630620212443,0,122202.94105835
15.093233003965,-0.082473397230321,0,70462.605524673,0,0,646061.36980152,-1599360.3304972,-614575.01036062,-0.0012608485568993,1155821.0474894,-0.086708224733605,-263.61372698233,1971619.4039115,338940.83773099,0,0,657928.28508967,-0.082630620212443,0,122202.94105835
15.122759678296,-0.082473397230321,0,70462.605524673,0,0,646061.36980152,-1599360.3304972,-614575.01036062,-0.0012608485568993,1155821.0474894,-0.086708224733605,-263.61372698233,1971619.4039115,338940.83773099,0,0,657928.28508967,-0.082630620212443,0,122202.94105835
15.158191687494,-0.082473397230321,0,70462.605524673,0,0,646061.36980152,-1599360.3304972,-614575.01036062,-0.0012608485568993,1155821.0474894,-0.086708224733605,-263.61372698233,1971619.4039115,338940.83773099,0,0,657928.28508967,-0.082630620212443,0,122202.94105835
15.200710098531,-0.082473397230321,0,70462.605524673,0,0,646061.36980152,-1599360.3304972,-614575.01036062,-0.0012608485568993,1155821.0474894,-0.086708224733605,-263.61372698233,1971619.4039115,338940.83773099,0,0,657928.28508967,-0.082630620212443,0,122202.94105835
15.226221145153,-0.082540722195034,0,70655.096705214,0,0,648135.84313486,-1604101.261671,-614864.45413324,-0.0012655567180138,1159005.9518752,-0.086791651721485,-265.34847890094,1977437.0616022,339093.46135245,0,0,659985.21331188,-0.082698433299141,0,122620.52955016
15.251732191776,-0.08260475349849,0,70835.60494203,0,0,650097.1400476,-1608415.1322283,-615141.24547023,-0.0012721658920015,1162001.0468597,-0.086871500406991,-267.01646965764,1982464.8369,339239.41334784,0,0,661988.23644195,-0.082762923194735,0,123042.06246488
15.282345447722,-0.082761082111375,0,71279.545703404,0,0,654953.00218689,-1619077.8186672,-615815.92414739,-0.0012836081950746,1169344.9719196,-0.087066646455094,-270.99811006065,1994988.36691,339595.17122783,0,0,666958.31909686,-0.082920378944953,0,124042.6105006
15.319081354858,-0.082861284901627,0,71560.566809212,0,0,658090.65959335,-1625989.5983092,-616253.80307009,-0.0012896951976827,1173989.569709,-0.087191091883348,-273.49293368278,2003210.4458314,339826.06466269,0,0,670143.32846965,-0.083021291795988,0,124649.50144165
15.34112289914,-0.082861284901627,0,71560.566809212,0,0,658090.65959335,-1625989.5983092,-616253.80307009,-0.0012896951976827,1173989.569709,-0.087191091883348,-273.49293368278,2003210.4458314,339826.06466269,0,0,670143.32846965,-0.083021291795988,0,124649.50144165
15.363164443422,-0.082924521809733,0,71735.808236616,0,0,659999.53396087,-1630512.6203257,-616531.78887217,-0.0013067363909748,1176874.4262527,-0.087269995218731,-275.14924084133,2009116.0017295,339972.64649883,0,0,671985.37202132,-0.083084984112413,0,125011.80540925
15.38961429656,-0.08304941943147,0,72093.221431823,0,0,663747.33769688,-1638806.3258513,-617066.52755859,-0.0013097644698308,1182823.395166,-0.087426299033242,-278.35316022128,2018364.0582488,340254.61406049,0,0,675972.01808112,-0.083210786348413,0,125872.23629517
15.421354120325,-0.08304941943147,0,72093.221431823,0,0,663747.33769688,-1638806.3258513,-617066.52755859,-0.0013097644698308,1182823.395166,-0.087426299033242,-278.35316022128,2018364.0582488,340254.61406049,0,0,675972.01808112,-0.083210786348413,0,125872.23629517
15.459441908844,-0.083234829081241,0,72619.94366732,0,0,669693.9875846,-1651730.9701943,-617863.89060147,-0.0013173646047721,1191542.878742,-0.087658017946549,-283.04037155541,2033508.8846983,340675.06337272,0,0,682209.98716943,-0.083397532983634,0,127026.1414192
15.482294581955,-0.083234829081241,0,72619.94366732,0,0,669693.9875846,-1651730.9701943,-617863.89060147,-0.0013173646047721,1191542.878742,-0.087658017946549,-283.04037155541,2033508.8846983,340675.06337272,0,0,682209.98716943,-0.083397532983634,0,127026.1414192
15.493720918511,-0.083275840759351,0,72732.845687199,0,0,670913.67312917,-1654427.3583899,-618044.71508125,-0.0013213023935099,1193430.1300334,-0.087708955220684,-284.07449458089,2036658.2568953,340770.41207096,0,0,683521.63301088,-0.083438833767605,0,127288.88102395
15.505147255066,-0.083275840759351,0,72732.845687199,0,0,670913.67312917,-1654427.3583899,-618044.71508125,-0.0013213023935099,1193430.1300334,-0.087708955220684,-284.07449458089,2036658.2568953,340770.41207096,0,0,683521.63301088,-0.083438833767605,0,127288.88102395
15.518858858933,-0.083395685430976,0,73069.211487388,0,0,674698.22324974,-1662754.7040956,-618565.4634946,-0.0013243823220651,1198997.9713892,-0.087858311862613,-287.1842324592,2046687.3224408,341045.00256579,0,0,687186.12932137,-0.083559534535272,0,128024.21445793
15.535312783573,-0.083395685430976,0,73069.211487388,0,0,674698.22324974,-1662754.7040956,-618565.4634946,-0.0013243823220651,1198997.9713892,-0.087858311862613,-287.1842324592,2046687.3224408,341045.00256579,0,0,687186.12932137,-0.083559534535272,0,128024.21445793
15.555057493141,-0.083493258778108,0,73341.695308601,0,0,677783.10848688,-1669398.657357,-618989.54481496,-0.001331961914592,1203517.6491914,-0.087979911716059,-289.60797122602,2054409.0654283,341268.6205287,0,0,690032.6082783,-0.083657805896072,0,128639.47270576
15.578751144623,-0.083502165909663,0,73366.511835613,0,0,678043.71473927,-1669971.1070925,-619028.4641711,-0.0013325862880322,1203934.4823965,-0.087990998620692,-289.83315893761,2055079.9984855,341289.14269439,0,0,690371.80383089,-0.083666776375771,0,128696.74282679
15.607183526401,-0.083560420797229,0,73533.798972916,0,0,679871.22427284,-1674139.066208,-619278.69378277,-0.0013329687693841,1206729.0237947,-0.088063588266693,-291.32870101243,2060318.5795648,341421.08869986,0,0,692310.07838876,-0.083725452374375,0,129044.32397864
15.611448383668,-0.083560420797229,0,73533.798972916,0,0,679871.22427284,-1674139.066208,-619278.69378277,-0.0013329687693841,1206729.0237947,-0.088063588266693,-291.32870101243,2060318.5795648,341421.08869986,0,0,692310.07838876,-0.083725452374375,0,129044.32397864
15.613580812301,-0.083601342288133,0,73647.435355348,0,0,681092.88311376,-1676901.1189974,-619456.68802126,-0.0013361671538369,1208632.1734714,-0.088114627148376,-292.38901652987,2063674.6985966,341514.94501267,0,0,693642.72250002,-0.083766666591847,0,129310.78011232
15.615713240934,-0.083601342288133,0,73647.435355348,0,0,681092.88311376,-1676901.1189974,-619456.68802126,-0.0013361671538369,1208632.1734714,-0.088114627148376,-292.38901652987,2063674.6985966,341514.94501267,0,0,693642.72250002,-0.083766666591847,0,129310.78011232
15.618272155294,-0.083601342288133,0,73647.435355348,0,0,681092.88311376,-1676901.1189974,-619456.68802126,-0.0013361671538369,1208632.1734714,-0.088114627148376,-292.38901652987,2063674.6985966,341514.94501267,0,0,693642.72250002,-0.083766666591847,0,129310.78011232
15.621342852526,-0.083601342288133,0,73647.435355348,0,0,681092.88311376,-1676901.1189974,-619456.68802126,-0.0013361671538369,1208632.1734714,-0.088114627148376,-292.38901652987,2063674.6985966,341514.94501267,0,0,693642.72250002,-0.083766666591847,0,129310.78011232
15.625027689205,-0.083601342288133,0,73647.435355348,0,0,681092.88311376,-1676901.1189974,-619456.68802126,-0.0013361671538369,1208632.1734714,-0.088114627148376,-292.38901652987,2063674.6985966,341514.94501267,0,0,693642.72250002,-0.083766666591847,0,129310.78011232
15.629449493219,-0.083642351778303,0,73762.549475823,0,0,682300.52619968,-1679691.1208214,-619634.69443876,-0.0013403233468828,1210554.2494,-0.088165804086919,-293.45001836224,2067131.3524601,341608.80774757,0,0,694839.23926021,-0.083807970222489,0,129568.65219691
15.634755658036,-0.083642351778303,0,73762.549475823,0,0,682300.52619968,-1679691.1208214,-619634.69443876,-0.0013403233468828,1210554.2494,-0.088165804086919,-293.45001836224,2067131.3524601,341608.80774757,0,0,694839.23926021,-0.083807970222489,0,129568.65219691
15.641123055816,-0.083642351778303,0,73762.549475823,0,0,682300.52619968,-1679691.1208214,-619634.69443876,-0.0013403233468828,1210554.2494,-0.088165804086919,-293.45001836224,2067131.3524601,341608.80774757,0,0,694839.23926021,-0.083807970222489,0,129568.65219691
15.648763933153,-0.083744030960138,0,74048.948028073,0,0,685332.5539231,-1686491.0520985,-620074.78200639,-0.0013529175337254,1215328.8308823,-0.088292873151662,-296.11182247734,2075044.1317919,341840.86579994,0,0,697892.20087037,-0.083910383725505,0,130253.80345634
15.657932985956,-0.083744030960138,0,74048.948028073,0,0,685332.5539231,-1686491.0520985,-620074.78200639,-0.0013529175337254,1215328.8308823,-0.088292873151662,-296.11182247734,2075044.1317919,341840.86579994,0,0,697892.20087037,-0.083910383725505,0,130253.80345634
15.668935849321,-0.083744030960138,0,74048.948028073,0,0,685332.5539231,-1686491.0520985,-620074.78200639,-0.0013529175337254,1215328.8308823,-0.088292873151662,-296.11182247734,2075044.1317919,341840.86579994,0,0,697892.20087037,-0.083910383725505,0,130253.80345634
15.682139285358,-0.083833783184211,0,74301.172649855,0,0,688139.23082181,-1692621.7368154,-620463.95571927,-0.0013596515076393,1219516.1727039,-0.08840471985344,-298.37650535003,2082227.6463813,342046.07699103,0,0,700557.58029149,-0.084000778295506,0,130820.6631649
15.697983408603,-0.083833783184211,0,74301.172649855,0,0,688139.23082181,-1692621.7368154,-620463.95571927,-0.0013596515076393,1219516.1727039,-0.08840471985344,-298.37650535003,2082227.6463813,342046.07699103,0,0,700557.58029149,-0.084000778295506,0,130820.6631649
15.716996356496,-0.083861406488479,0,74378.164444005,0,0,689010.85270148,-1694593.5113257,-620583.72228774,-0.0013612341236841,1220786.962742,-0.088439259328709,-299.13238906055,2084690.3996174,342109.22986967,0,0,699024.99310012,-0.084028604272621,0,130994.67076134
15.739811893969,-0.083918726595278,0,74540.979078199,0,0,690828.10588224,-1698598.5225698,-620830.37274501,-0.0013642941150829,1223482.5072696,-0.088510788198255,-300.61172233398,2089491.6761227,342239.28858773,0,0,703066.96454813,-0.084086340249927,0,131356.79307378
15.753501216452,-0.083951156591042,0,74631.911445929,0,0,691774.21570347,-1700768.7029123,-620970.94269882,-0.0013669778883404,1224992.8205419,-0.088551288219855,-301.45929235546,2092054.6140913,342313.4110855,0,0,703754.85112305,-0.084119001226909,0,131567.06555583
15.767190538936,-0.084005082454465,0,74782.593354883,0,0,693333.66920545,-1704257.295481,-621204.84914266,-0.0013721159804916,1227499.8944257,-0.088618839246251,-302.87820198342,2095999.3558608,342436.7498885,0,0,705428.92318801,-0.084173315230519,0,131943.84523968
15.783617725916,-0.084049437450566,0,74908.312316227,0,0,694637.79008965,-1707292.3864192,-621396.88010723,-0.0013772207885548,1229585.7598741,-0.088674025432713,-304.02296073027,2099730.3234493,342538.00776305,0,0,706807.75187098,-0.084217987725568,0,132223.65998253
15.803330350292,-0.084099389322967,0,75048.240670927,0,0,696199.63681439,-1710747.5662963,-621613.20301452,-0.001382063285353,1231905.0336288,-0.088736367853196,-305.32846899876,2103920.0302818,342652.07477247,0,0,708370.20506661,-0.084268295844684,0,132535.60714133
15.826985499544,-0.08422057927076,0,75389.692207457,0,0,700069.82978157,-1719288.113665,-622136.48218403,-0.0013869529993241,1237564.2249337,-0.088887473808261,-308.44157787271,2114299.7119854,342927.99973467,0,0,712141.53445311,-0.084390357008012,0,133278.46322149
15.855371678645,-0.08422057927076,0,75389.692207457,0,0,700069.82978157,-1719288.113665,-622136.48218403,-0.0013869529993241,1237564.2249337,-0.088887473808261,-308.44157787271,2114299.7119854,342927.99973467,0,0,712141.53445311,-0.084390357008012,0,133278.46322149
15.889435093567,-0.084386782624997,0,75861.444255554,0,0,705409.72160497,-1730869.4958944,-622851.45674896,-0.0013979341022503,1245388.0810544,-0.089094668096609,-312.64309480251,2127897.7064228,343305.00562545,0,0,717478.1141289,-0.084557759906942,0,134315.48884402
15.930311191474,-0.084429927665533,0,75981.257090618,0,0,706720.61910329,-1733725.0045824,-623039.82221581,-0.0014008054307741,1247384.7421812,-0.089148283260597,-313.74772148156,2131171.1512996,343404.33068385,0,0,718852.83040319,-0.084601214827701,0,134597.413943
15.942574020846,-0.084453764280315,0,76048.317918442,0,0,707462.03202022,-1735356.8508435,-623143.66247556,-0.0014024139838836,1248506.7202359,-0.089177883528503,-314.35797533242,2133085.0413273,343459.0856241,0,0,719549.76782985,-0.08462522146179,0,134749.9689133
15.948705435532,-0.084547507477151,0,76309.085315715,0,0,710206.87019221,-1741523.7224251,-623552.64091695,-0.0014144422956416,1252854.5284059,-0.089294479245843,-316.77664898547,2140227.0603061,343674.73984261,0,0,722440.45203733,-0.08471963509776,0,135374.0469772
15.954836850218,-0.084547507477151,0,76309.085315715,0,0,710206.87019221,-1741523.7224251,-623552.64091695,-0.0014144422956416,1252854.5284059,-0.089294479245843,-316.77664898547,2140227.0603061,343674.73984261,0,0,722440.45203733,-0.08471963509776,0,135374.0469772
15.962194547841,-0.084547507477151,0,76309.085315715,0,0,710206.87019221,-1741523.7224251,-623552.64091695,-0.0014144422956416,1252854.5284059,-0.089294479245843,-316.77664898547,2140227.0603061,343674.73984261,0,0,722440.45203733,-0.08471963509776,0,135374.0469772
15.971023784989,-0.084547507477151,0,76309.085315715,0,0,710206.87019221,-1741523.7224251,-623552.64091695,-0.0014144422956416,1252854.5284059,-0.089294479245843,-316.77664898547,2140227.0603061,343674.73984261,0,0,722440.45203733,-0.08471963509776,0,135374.0469772
15.981618869566,-0.084635959871918,0,76559.3063037,0,0,712970.55267672,-1747596.6603697,-623935.21222004,-0.0014210948485957,1257019.8220526,-0.089404462808566,-319.00745789596,2147403.6364584,343876.46958473,0,0,725339.55819863,-0.084808723329991,0,135938.87382912
15.994332971059,-0.084635959871918,0,76559.3063037,0,0,712970.55267672,-1747596.6603697,-623935.21222004,-0.0014210948485957,1257019.8220526,-0.089404462808566,-319.00745789596,2147403.6364584,343876.46958473,0,0,725339.55819863,-0.084808723329991,0,135938.87382912
16.001961431955,-0.084721384589558,0,76801.268880533,0,0,715578.23206867,-1753364.9229972,-624304.66490679,-0.0014275632734265,1261051.8522436,-0.08951108253068,-321.14030333733,2153999.5397212,344071.28188375,0,0,728297.65730721,-0.0848947658903,0,136526.3167904
16.003868547179,-0.084721384589558,0,76801.268880533,0,0,715578.23206867,-1753364.9229972,-624304.66490679,-0.0014275632734265,1261051.8522436,-0.08951108253068,-321.14030333733,2153999.5397212,344071.28188375,0,0,728297.65730721,-0.0848947658903,0,136526.3167904
16.00482210479,-0.084726751520299,0,76816.414080796,0,0,715754.46002609,-1753740.6562861,-624328.03317597,-0.0014276400015463,1261303.9300762,-0.089517769653123,-321.28162296858,2154453.5124793,344083.60396563,0,0,728513.85475019,-0.084900170101674,0,136555.6697232
16.005775662402,-0.084745953145209,0,76870.706206424,0,0,716353.91398811,-1755017.9080076,-624411.27445693,-0.0014286631273375,1262211.4387622,-0.089541779539504,-321.78656091075,2155904.8341489,344127.4970699,0,0,729170.75826034,-0.084919507650158,0,136670.41762821
16.006919931537,-0.084761367397346,0,76913.115297848,0,0,716864.7011766,-1756071.7781862,-624478.29588079,-0.001430013618257,1262914.5188348,-0.089561151407197,-322.21339732198,2157181.4770798,344162.83744812,0,0,729642.55229471,-0.084935033399626,0,136766.66867925
16.008293054498,-0.084795863907854,0,77009.412907493,0,0,717997.53003525,-1758426.0425545,-624627.85382504,-0.0014328763839484,1264512.5001914,-0.089604549735219,-323.1459336817,2160007.9223941,344241.69931077,0,0,730772.9864163,-0.084969776428983,0,136979.52925867
16.009940802052,-0.084817853717403,0,77071.242865424,0,0,718713.90064786,-1759895.5436166,-624723.19167785,-0.001435124002341,1265547.0110414,-0.089632168279327,-323.73089861277,2161845.3230221,344291.9709342,0,0,731561.02732938,-0.084991924694279,0,137115.34910504
16.011918099116,-0.08484683528223,0,77152.10454519,0,0,719507.4581532,-1761811.1943722,-624848.68083657,-0.0014382731860629,1266894.2666428,-0.089668709827108,-324.51407990019,2164087.6841958,344358.14133275,0,0,732512.59780447,-0.085021114114609,0,137310.69408117
16.014290855593,-0.084947302711177,0,77437.723740444,0,0,722605.92943905,-1768754.0269232,-625281.42669047,-0.0014456418227961,1271625.5374528,-0.089794837292143,-327.1139556611,2172446.7880029,344586.32810202,0,0,735768.56864579,-0.085122307538163,0,137935.47467088
16.017138163365,-0.084947302711177,0,77437.723740444,0,0,722605.92943905,-1768754.0269232,-625281.42669047,-0.0014456418227961,1271625.5374528,-0.089794837292143,-327.1139556611,2172446.7880029,344586.32810202,0,0,735768.56864579,-0.085122307538163,0,137935.47467088
16.020554932692,-0.085062146790131,0,77763.537185666,0,0,726269.70721169,-1776725.935843,-625776.41511204,-0.0014487399541117,1277042.5812455,-0.089938801702558,-330.01866882742,2181817.907267,344847.33535991,0,0,739550.7740667,-0.08523797711635,0,138648.23471524
16.022604994288,-0.085062146790131,0,77763.537185666,0,0,726269.70721169,-1776725.935843,-625776.41511204,-0.0014487399541117,1277042.5812455,-0.089938801702558,-330.01866882742,2181817.907267,344847.33535991,0,0,739550.7740667,-0.08523797711635,0,138648.23471524
16.024655055884,-0.085138404615543,0,77975.321902215,0,0,728623.57991972,-1782013.55846,-626109.54545285,-0.0014542386086854,1280543.3455436,-0.09003427481588,-331.99390648073,2188187.446577,345022.99489674,0,0,742418.78782904,-0.08531478375446,0,139137.80431763
16.0271151298,-0.085138404615543,0,77975.321902215,0,0,728623.57991972,-1782013.55846,-626109.54545285,-0.0014542386086854,1280543.3455436,-0.09003427481588,-331.99390648073,2188187.446577,345022.99489674,0,0,742418.78782904,-0.08531478375446,0,139137.80431763
16.027853151974,-0.085144356753817,0,77992.107690538,0,0,728822.24186268,-1782422.0725208,-626135.3577552,-0.0014543751647051,1280821.3175957,-0.09004171122708,-332.14510246759,2188660.4043906,345036.60571663,0,0,742544.99204274,-0.085320778360072,0,139174.75506507
16.028222163061,-0.085163627106406,0,78046.733991223,0,0,729380.29972002,-1783784.9339688,-626218.76851553,-0.0014554286600335,1281732.8623048,-0.090065707281168,-332.63890180378,2190419.9317593,345080.5881876,0,0,742864.04218228,-0.085340185607438,0,139284.33980428
16.028591174149,-0.085163627106406,0,78046.733991223,0,0,729380.29972002,-1783784.9339688,-626218.76851553,-0.0014554286600335,1281732.8623048,-0.090065707281168,-332.63890180378,2190419.9317593,345080.5881876,0,0,742864.04218228,-0.085340185607438,0,139284.33980428
16.029033987454,-0.085163627106406,0,78046.733991223,0,0,729380.29972002,-1783784.9339688,-626218.76851553,-0.0014554286600335,1281732.8623048,-0.090065707281168,-332.63890180378,2190419.9317593,345080.5881876,0,0,742864.04218228,-0.085340185607438,0,139284.33980428
16.029565363419,-0.085191904335389,0,78126.951280627,0,0,730188.87051667,-1785765.1982021,-626340.94151193,-0.001458409697599,1283062.4420638,-0.090100996985718,-333.37107516745,2192989.6603813,345145.0099748,0,0,743356.94392374,-0.085368664263149,0,139448.253075
16.030203014578,-0.085191904335389,0,78126.951280627,0,0,730188.87051667,-1785765.1982021,-626340.94151193,-0.001458409697599,1283062.4420638,-0.090100996985718,-333.37107516745,2192989.6603813,345145.0099748,0,0,743356.94392374,-0.085368664263149,0,139448.253075
16.030968195969,-0.085209820795964,0,78174.731919169,0,0,730697.01758619,-1786923.8501915,-626418.90185908,-0.0014607325807123,1283900.3256267,-0.090123616142585,-333.8580969441,2194304.7591729,345186.11844429,0,0,743845.87229553,-0.085386710835497,0,139577.24194263
16.031886413637,-0.085209820795964,0,78174.731919169,0,0,730697.01758619,-1786923.8501915,-626418.90185908,-0.0014607325807123,1283900.3256267,-0.090123616142585,-333.8580969441,2194304.7591729,345186.11844429,0,0,743845.87229553,-0.085386710835497,0,139577.24194263
16.032437344239,-0.085233425025211,0,78239.916135955,0,0,731378.55797915,-1788466.7173523,-626521.54327539,-0.0014641899017057,1284981.2432374,-0.09015346381588,-334.52485555085,2196106.4026443,345240.24123473,0,0,744411.36849546,-0.085410484163359,0,139744.60965013
16.03298827484,-0.085233425025211,0,78239.916135955,0,0,731378.55797915,-1788466.7173523,-626521.54327539,-0.0014641899017057,1284981.2432374,-0.09015346381588,-334.52485555085,2196106.4026443,345240.24123473,0,0,744411.36849546,-0.085410484163359,0,139744.60965013
16.033649391562,-0.085257163917317,0,78306.635917082,0,0,732080.9676948,-1790152.0675887,-626624.36736436,-0.0014666111715917,1286081.6444495,-0.090183290203638,-335.15605863933,2198173.3558403,345294.46034876,0,0,745059.93911307,-0.085434392917261,0,139892.14746201
16.034442731627,-0.085257163917317,0,78306.635917082,0,0,732080.9676948,-1790152.0675887,-626624.36736436,-0.0014666111715917,1286081.6444495,-0.090183290203638,-335.15605863933,2198173.3558403,345294.46034876,0,0,745059.93911307,-0.085434392917261,0,139892.14746201
16.035394739706,-0.085289788222412,0,78399.216135511,0,0,733037.38003218,-1792365.7229758,-626765.18289643,-0.0014701514023787,1287622.9788638,-0.090224236989062,-335.99999842445,2200843.4287974,345368.71234001,0,0,746331.65798822,-0.08546725135106,0,140100.203517
16.036537149401,-0.085356781794652,0,78588.124184612,0,0,735109.6655955,-1796991.5633401,-627055.87745136,-0.0014775127897059,1290726.7759713,-0.09030834977849,-337.75059953851,2206321.7598637,345521.99549886,0,0,747755.86324596,-0.085534726958638,0,140526.01071323
16.037908041035,-0.085356781794652,0,78588.124184612,0,0,735109.6655955,-1796991.5633401,-627055.87745136,-0.0014775127897059,1290726.7759713,-0.09030834977849,-337.75059953851,2206321.7598637,345521.99549886,0,0,747755.86324596,-0.085534726958638,0,140526.01071323
16.039553110995,-0.085356781794652,0,78588.124184612,0,0,735109.6655955,-1796991.5633401,-627055.87745136,-0.0014775127897059,1290726.7759713,-0.09030834977849,-337.75059953851,2206321.7598637,345521.99549886,0,0,747755.86324596,-0.085534726958638,0,140526.01071323
16.040540152971,-0.085390599671604,0,78683.4811557,0,0,736072.98327272,-1799355.3009177,-627201.81793605,-0.0014794100088142,1292320.3841849,-0.090350750855311,-338.61807205283,2209155.385501,345598.94987626,0,0,747057.63758248,-0.085568789449999,0,140737.62715258
16.041527194948,-0.085390599671604,0,78683.4811557,0,0,736072.98327272,-1799355.3009177,-627201.81793605,-0.0014794100088142,1292320.3841849,-0.090350750855311,-338.61807205283,2209155.385501,345598.94987626,0,0,747057.63758248,-0.085568789449999,0,140737.62715258
16.042711645319,-0.085419720230392,0,78766.331722373,0,0,737007.58879,-1801374.0425097,-627327.32685123,-0.0014801551281913,1293691.1642815,-0.090387251866919,-339.36079559674,2211480.4494968,345665.13069249,0,0,749608.27307094,-0.085598119468986,0,140920.21928479
16.044132985765,-0.085496120104643,0,78981.465486076,0,0,739334.83927749,-1806705.1787078,-627657.68664423,-0.0014845115596289,1297272.7170844,-0.090483130222455,-341.33799339531,2218004.202178,345839.3293205,0,0,750927.76693262,-0.08567507125751,0,141402.85771259
16.0458385943,-0.085496120104643,0,78981.465486076,0,0,739334.83927749,-1806705.1787078,-627657.68664423,-0.0014845115596289,1297272.7170844,-0.090483130222455,-341.33799339531,2218004.202178,345839.3293205,0,0,750927.76693262,-0.08567507125751,0,141402.85771259
16.047885324542,-0.085517301838819,0,79041.251751821,0,0,740009.63761883,-1808177.382443,-627749.33132245,-0.001485112656318,1298266.8211034,-0.090509641690234,-341.88132391385,2219736.3025672,345887.65353406,0,0,751639.34867175,-0.085696405227167,0,141533.31299198
16.049113362687,-0.085587844453834,0,79240.576027516,0,0,742159.33176317,-1813051.3141574,-628054.63825529,-0.0014907624477793,1301567.2491127,-0.090598050408859,-343.71565367409,2225646.8290207,346048.64179571,0,0,753881.71341632,-0.085767454779581,0,141980.41480682
16.050341400833,-0.085587844453834,0,79240.576027516,0,0,742159.33176317,-1813051.3141574,-628054.63825529,-0.0014907624477793,1301567.2491127,-0.090598050408859,-343.71565367409,2225646.8290207,346048.64179571,0,0,753881.71341632,-0.085767454779581,0,141980.41480682
16.051815046607,-0.085587844453834,0,79240.576027516,0,0,742159.33176317,-1813051.3141574,-628054.63825529,-0.0014907624477793,1301567.2491127,-0.090598050408859,-343.71565367409,2225646.8290207,346048.64179571,0,0,753881.71341632,-0.085767454779581,0,141980.41480682
16.053583421536,-0.085627029926099,0,79352.330496213,0,0,743389.08087094,-1815769.7263356,-628223.41244782,-0.0014918084887743,1303427.4885031,-0.090647162354255,-344.70232613004,2228825.946226,346137.63638081,0,0,755153.13400827,-0.085806922610276,0,142226.60113978
16.054644446493,-0.085688816426774,0,79524.664770016,0,0,745247.03153849,-1820278.5595633,-628492.83490702,-0.0014963231693886,1306293.0010594,-0.090725220693271,-346.33591443062,2234834.4653702,346279.70276906,0,0,756739.01201765,-0.085869152124232,0,142572.31337995
16.055705471451,-0.085688816426774,0,79524.664770016,0,0,745247.03153849,-1820278.5595633,-628492.83490702,-0.0014963231693886,1306293.0010594,-0.090725220693271,-346.33591443062,2234834.4653702,346279.70276906,0,0,756739.01201765,-0.085869152124232,0,142572.31337995
16.0569787014,-0.085688816426774,0,79524.664770016,0,0,745247.03153849,-1820278.5595633,-628492.83490702,-0.0014963231693886,1306293.0010594,-0.090725220693271,-346.33591443062,2234834.4653702,346279.70276906,0,0,756739.01201765,-0.085869152124232,0,142572.31337995
16.058506577338,-0.0857092513652,0,79583.675817534,0,0,745874.62140776,-1821613.0348209,-628580.45755439,-0.0014974775752847,1307286.2389581,-0.090750608817021,-346.84148032614,2236290.4858522,346325.90616686,0,0,757442.18139114,-0.085889733938368,0,142710.1537091
16.060340028465,-0.085793947632167,0,79825.681866003,0,0,748506.26676246,-1827412.1298115,-628944.09203467,-0.0014988081906198,1311307.0004796,-0.090856367959531,-348.98969249376,2242973.7882074,346517.65052847,0,0,760007.54624843,-0.085975038629032,0,143256.99657581
16.062540169817,-0.085793947632167,0,79825.681866003,0,0,748506.26676246,-1827412.1298115,-628944.09203467,-0.0014988081906198,1311307.0004796,-0.090856367959531,-348.98969249376,2242973.7882074,346517.65052847,0,0,760007.54624843,-0.085975038629032,0,143256.99657581
16.065180339439,-0.085882886079921,0,80078.600223467,0,0,751307.85961852,-1833518.8325357,-629327.86778449,-0.0015032269922683,1315511.7993007,-0.090967820086818,-351.23892628924,2250189.8706523,346720.0153753,0,0,762947.26366892,-0.08606461715232,0,143816.98170341
16.068348542985,-0.085894582442821,0,80111.738522663,0,0,751594.89344023,-1834235.1218181,-629379.83135146,-0.0015039830299701,1316033.2881815,-0.09098249151218,-351.54498819623,2251034.0904496,346747.41574979,0,0,763213.15605716,-0.08607639683594,0,143901.75549938
16.070249465113,-0.085976277269035,0,80343.391564428,0,0,754055.95303872,-1839987.8158355,-629732.08486007,-0.0015106314198029,1319904.4300572,-0.091084837498687,-353.64152426601,2257970.6641656,346933.1589276,0,0,765714.45340996,-0.086158681030146,0,144405.74360202
16.072150387241,-0.085976277269035,0,80343.391564428,0,0,754055.95303872,-1839987.8158355,-629732.08486007,-0.0015106314198029,1319904.4300572,-0.091084837498687,-353.64152426601,2257970.6641656,346933.1589276,0,0,765714.45340996,-0.086158681030146,0,144405.74360202
16.073290940518,-0.085981776048932,0,80357.952141404,0,0,754203.0654858,-1840253.4787026,-629756.35894751,-0.0015131255887064,1320152.9155007,-0.091091868604333,-353.79549685528,2258201.4668494,346945.95864706,0,0,765920.27351355,-0.086164219211539,0,144455.67333151
16.074431493795,-0.08605313758358,0,80557.823959113,0,0,756415.4002803,-1845097.0629109,-630065.71140042,-0.0015148403942495,1323465.9683105,-0.091181412061958,-355.63043649756,2263971.2956093,347109.08011022,0,0,768216.57722973,-0.08623609396935,0,144916.65386411
16.075800157727,-0.08605313758358,0,80557.823959113,0,0,756415.4002803,-1845097.0629109,-630065.71140042,-0.0015148403942495,1323465.9683105,-0.091181412061958,-355.63043649756,2263971.2956093,347109.08011022,0,0,768216.57722973,-0.08623609396935,0,144916.65386411
16.077442554445,-0.086078779926813,0,80629.256449595,0,0,757207.77075522,-1846836.7039562,-630177.07571973,-0.0015161119970382,1324656.9832769,-0.091213479796856,-356.29431963823,2266008.1290543,347167.80248466,0,0,769101.1112042,-0.086261919056584,0,145082.16170791
16.079413430508,-0.086097972324484,0,80683.450414157,0,0,757803.76081983,-1848156.7953101,-630259.98324066,-0.0015172732532675,1325554.1352588,-0.091237531870238,-356.79036299866,2267587.0456803,347211.51959743,0,0,769743.45272046,-0.086281249824875,0,145204.6979984
16.080004693326,-0.086097972324484,0,80683.450414157,0,0,757803.76081983,-1848156.7953101,-630259.98324066,-0.0015172732532675,1325554.1352588,-0.091237531870238,-356.79036299866,2267587.0456803,347211.51959743,0,0,769743.45272046,-0.086281249824875,0,145204.6979984
16.080300324736,-0.086097972324484,0,80683.450414157,0,0,757803.76081983,-1848156.7953101,-630259.98324066,-0.0015172732532675,1325554.1352588,-0.091237531870238,-356.79036299866,2267587.0456803,347211.51959743,0,0,769743.45272046,-0.086281249824875,0,145204.6979984
16.080595956145,-0.086166690102807,0,80877.300363584,0,0,759849.62921085,-1852724.7595319,-630556.91947268,-0.0015266571111351,1328771.7446959,-0.091323776286541,-358.58913548218,2273005.3079516,347368.09398986,0,0,771983.8959299,-0.086350463532763,0,145658.54746892
16.080950713836,-0.086166690102807,0,80877.300363584,0,0,759849.62921085,-1852724.7595319,-630556.91947268,-0.0015266571111351,1328771.7446959,-0.091323776286541,-358.58913548218,2273005.3079516,347368.09398986,0,0,771983.8959299,-0.086350463532763,0,145658.54746892
16.081376423066,-0.086166690102807,0,80877.300363584,0,0,759849.62921085,-1852724.7595319,-630556.91947268,-0.0015266571111351,1328771.7446959,-0.091323776286541,-358.58913548218,2273005.3079516,347368.09398986,0,0,771983.8959299,-0.086350463532763,0,145658.54746892
16.081887274141,-0.086166690102807,0,80877.300363584,0,0,759849.62921085,-1852724.7595319,-630556.91947268,-0.0015266571111351,1328771.7446959,-0.091323776286541,-358.58913548218,2273005.3079516,347368.09398986,0,0,771983.8959299,-0.086350463532763,0,145658.54746892
16.082500295431,-0.086166690102807,0,80877.300363584,0,0,759849.62921085,-1852724.7595319,-630556.91947268,-0.0015266571111351,1328771.7446959,-0.091323776286541,-358.58913548218,2273005.3079516,347368.09398986,0,0,771983.8959299,-0.086350463532763,0,145658.54746892
16.08323592098,-0.086166690102807,0,80877.300363584,0,0,759849.62921085,-1852724.7595319,-630556.91947268,-0.0015266571111351,1328771.7446959,-0.091323776286541,-358.58913548218,2273005.3079516,347368.09398986,0,0,771983.8959299,-0.086350463532763,0,145658.54746892
16.084118671638,-0.086230325698502,0,81052.656441257,0,0,761855.65288574,-1857123.9945295,-630834.22639472,-0.0015328378284608,1331685.1831882,-0.09140450561242,-360.30091508503,2278372.3639075,347514.31785286,0,0,773788.26251707,-0.086414559168443,0,146059.8559843
16.085177972428,-0.086230325698502,0,81052.656441257,0,0,761855.65288574,-1857123.9945295,-630834.22639472,-0.0015328378284608,1331685.1831882,-0.09140450561242,-360.30091508503,2278372.3639075,347514.31785286,0,0,773788.26251707,-0.086414559168443,0,146059.8559843
16.086449133376,-0.086230325698502,0,81052.656441257,0,0,761855.65288574,-1857123.9945295,-630834.22639472,-0.0015328378284608,1331685.1831882,-0.09140450561242,-360.30091508503,2278372.3639075,347514.31785286,0,0,773788.26251707,-0.086414559168443,0,146059.8559843
16.087974526513,-0.086261545750179,0,81142.295738314,0,0,762820.81073593,-1859282.7286464,-630968.18998439,-0.0015339222734556,1333177.2678817,-0.091443290482422,-361.08532764456,2280822.5927721,347584.95681679,0,0,774817.96299855,-0.086446005541775,0,146258.54337
16.089804998278,-0.086335713219762,0,81351.900986886,0,0,765283.42346308,-1864340.6528618,-631287.75969252,-0.0015395329637339,1336663.8880671,-0.091535940531832,-362.99975922564,2286770.3079651,347753.46583598,0,0,777097.57453536,-0.086520706205583,0,146736.01672944
16.092001564395,-0.086335713219762,0,81351.900986886,0,0,765283.42346308,-1864340.6528618,-631287.75969252,-0.0015395329637339,1336663.8880671,-0.091535940531832,-362.99975922564,2286770.3079651,347753.46583598,0,0,777097.57453536,-0.086520706205583,0,146736.01672944
16.094637443737,-0.086424214135058,0,81602.849725484,0,0,768074.75235664,-1870442.4333158,-631668.94011756,-0.0015419521151657,1340839.7027676,-0.091646966137261,-365.25102462158,2293916.4036676,347954.46216869,0,0,779948.00504614,-0.086609845086616,0,147297.88632022
16.097800498946,-0.086434493280155,0,81630.49066721,0,0,768210.9699674,-1871041.1382071,-631714.43641366,-0.0015459836313709,1341311.9130052,-0.091659937093925,-365.57311752143,2294544.504091,347978.45235275,0,0,780245.62018238,-0.086620197851016,0,147393.90137538
16.098274957228,-0.086445841077802,0,81662.296039209,0,0,768562.14381337,-1871825.8857275,-631763.79338867,-0.0015470314509315,1341844.9224395,-0.091674132057091,-365.88982140111,2295507.0153732,348004.47827207,0,0,780590.11538559,-0.086631626629915,0,147460.06795452
16.098749415509,-0.086445841077802,0,81662.296039209,0,0,768562.14381337,-1871825.8857275,-631763.79338867,-0.0015470314509315,1341844.9224395,-0.091674132057091,-365.88982140111,2295507.0153732,348004.47827207,0,0,780590.11538559,-0.086631626629915,0,147460.06795452
16.099318765447,-0.086510797165251,0,81844.471127193,0,0,770464.04385309,-1876275.5145874,-632045.54265108,-0.0015543982667413,1344897.1772391,-0.091755572533556,-367.52308552934,2300938.9780238,348153.04458032,0,0,782501.61862693,-0.086697047803215,0,147856.81503008
16.100001985372,-0.086510797165251,0,81844.471127193,0,0,770464.04385309,-1876275.5145874,-632045.54265108,-0.0015543982667413,1344897.1772391,-0.091755572533556,-367.52308552934,2300938.9780238,348153.04458032,0,0,782501.61862693,-0.086697047803215,0,147856.81503008
16.100821849283,-0.086510797165251,0,81844.471127193,0,0,770464.04385309,-1876275.5145874,-632045.54265108,-0.0015543982667413,1344897.1772391,-0.091755572533556,-367.52308552934,2300938.9780238,348153.04458032,0,0,782501.61862693,-0.086697047803215,0,147856.81503008
16.101805685975,-0.086510797165251,0,81844.471127193,0,0,770464.04385309,-1876275.5145874,-632045.54265108,-0.0015543982667413,1344897.1772391,-0.091755572533556,-367.52308552934,2300938.9780238,348153.04458032,0,0,782501.61862693,-0.086697047803215,0,147856.81503008
16.102986290006,-0.086529260792758,0,81896.851510874,0,0,771052.20794683,-1877565.9413728,-632125.16612726,-0.0015550161872116,1345768.9015944,-0.091778693015844,-368.02453400722,2302475.2808144,348195.03001741,0,0,783085.5682822,-0.086715645124007,0,147972.41106485
16.104403014843,-0.086557988482619,0,81978.18761008,0,0,771935.50231721,-1879527.3409234,-632249.10436124,-0.0015569987230297,1347122.8357324,-0.091814758848511,-368.8067805426,2304807.0965497,348260.3826139,0,0,784020.50781299,-0.086744580978374,0,148158.33464815
16.106103084647,-0.086587985633952,0,82062.595452519,0,0,772731.11420108,-1881621.011855,-632378.79203425,-0.0015602363731659,1348519.3795983,-0.091852462746905,-369.6305509616,2307423.6854323,348328.76688842,0,0,784898.61840512,-0.086774794072762,0,148348.6698588
16.108143168413,-0.086672394378702,0,82301.033359969,0,0,775265.24157258,-1887299.1279952,-632743.01240082,-0.0015674923044567,1352484.5398496,-0.091958521383473,-371.85039896557,2314140.9246007,348520.82018668,0,0,787318.89434969,-0.08685981006837,0,148908.48492244
16.110591268931,-0.086672394378702,0,82301.033359969,0,0,775265.24157258,-1887299.1279952,-632743.01240082,-0.0015674923044567,1352484.5398496,-0.091958521383473,-371.85039896557,2314140.9246007,348520.82018668,0,0,787318.89434969,-0.08685981006837,0,148908.48492244
16.113528989553,-0.086771092203667,0,82580.960275063,0,0,778357.27445591,-1894080.3625336,-633168.2325055,-0.0015732669356677,1357144.7087776,-0.092082325521945,-374.36877143209,2322082.8578068,348745.03863019,0,0,790383.83101887,-0.086959221513375,0,149536.77589479
16.117054254299,-0.086779915131196,0,82605.356301889,0,0,778604.45601867,-1894643.3622991,-633206.77727962,-0.0015752823018214,1357554.0647237,-0.092093402307531,-374.59982996736,2322700.4546376,348765.36327884,0,0,790705.65984545,-0.086968107539619,0,149597.52225358
16.117583044011,-0.086789177688787,0,82631.299517167,0,0,778882.69461919,-1895273.1574824,-633247.06741674,-0.0015753919318829,1357984.4720931,-0.092104988811712,-374.83826008999,2323449.7136756,348786.60825698,0,0,791026.32074432,-0.086977436270084,0,149655.96488525
16.118111833723,-0.086856260086428,0,82819.721753788,0,0,780982.37920122,-1899951.1111563,-633538.57344543,-0.0015775776042283,1361122.0678267,-0.092188889202057,-376.55667596978,2329099.5351813,348940.31930562,0,0,790972.72467649,-0.087044996999181,0,150070.47908039
16.118746381378,-0.086856260086428,0,82819.721753788,0,0,780982.37920122,-1899951.1111563,-633538.57344543,-0.0015775776042283,1361122.0678267,-0.092188889202057,-376.55667596978,2329099.5351813,348940.31930562,0,0,790972.72467649,-0.087044996999181,0,150070.47908039
16.119507838563,-0.086856260086428,0,82819.721753788,0,0,780982.37920122,-1899951.1111563,-633538.57344543,-0.0015775776042283,1361122.0678267,-0.092188889202057,-376.55667596978,2329099.5351813,348940.31930562,0,0,790972.72467649,-0.087044996999181,0,150070.47908039
16.120421587185,-0.086856260086428,0,82819.721753788,0,0,780982.37920122,-1899951.1111563,-633538.57344543,-0.0015775776042283,1361122.0678267,-0.092188889202057,-376.55667596978,2329099.5351813,348940.31930562,0,0,790972.72467649,-0.087044996999181,0,150070.47908039
16.121518085532,-0.086878077782651,0,82881.001296883,0,0,781647.06090671,-1901387.0899031,-633633.05850098,-0.0015809083505262,1362143.7358866,-0.092216281200992,-377.13062921662,2330739.8059778,348990.141249,0,0,793348.51925808,-0.087066973062977,0,150219.54441671
16.122833883548,-0.086898406732683,0,82937.894578097,0,0,782286.06871277,-1902791.8480679,-633721.04923137,-0.0015827906068567,1363088.4505144,-0.092241803792145,-377.66954329617,2332437.1695199,349036.53873686,0,0,792449.71470807,-0.087087450156274,0,150351.65150334
16.124412841167,-0.086918259524265,0,82994.183326093,0,0,782892.98253009,-1904124.1181102,-633806.62273952,-0.0015845635416113,1364026.3023717,-0.092266706141841,-378.178686096,2333995.7646095,349081.66162388,0,0,794100.3941192,-0.087107446353822,0,150482.44507
16.125360215739,-0.086989227331054,0,83191.490212743,0,0,784986.78423147,-1908851.258167,-634113.84993286,-0.0015914661535649,1367320.4584202,-0.092356009737124,-380.09892779949,2339575.5196565,349243.66243747,0,0,795505.89473481,-0.087178923901779,0,150967.15369653
16.126307590311,-0.086989227331054,0,83191.490212743,0,0,784986.78423147,-1908851.258167,-634113.84993286,-0.0015914661535649,1367320.4584202,-0.092356009737124,-380.09892779949,2339575.5196565,349243.66243747,0,0,795505.89473481,-0.087178923901779,0,150967.15369653
16.127444439797,-0.086989227331054,0,83191.490212743,0,0,784986.78423147,-1908851.258167,-634113.84993286,-0.0015914661535649,1367320.4584202,-0.092356009737124,-380.09892779949,2339575.5196565,349243.66243747,0,0,795505.89473481,-0.087178923901779,0,150967.15369653
16.12880865918,-0.086989227331054,0,83191.490212743,0,0,784986.78423147,-1908851.258167,-634113.84993286,-0.0015914661535649,1367320.4584202,-0.092356009737124,-380.09892779949,2339575.5196565,349243.66243747,0,0,795505.89473481,-0.087178923901779,0,150967.15369653
16.130445722439,-0.087082216664863,0,83455.907516933,0,0,787960.06545596,-1915345.4979049,-634513.68607657,-0.0015931953488519,1371705.5513888,-0.092472669507071,-381.13661116436,2347284.1812386,349454.4959256,0,0,798433.89374613,-0.08727258773623,0,151041.30355193
16.132410198351,-0.087082216664863,0,83455.907516933,0,0,787960.06545596,-1915345.4979049,-634513.68607657,-0.0015931953488519,1371705.5513888,-0.092472669507071,-381.13661116436,2347284.1812386,349454.4959256,0,0,798433.89374613,-0.08727258773623,0,151041.30355193
16.132999541124,-0.087082216664863,0,83455.907516933,0,0,787960.06545596,-1915345.4979049,-634513.68607657,-0.0015931953488519,1371705.5513888,-0.092472669507071,-381.13661116436,2347284.1812386,349454.4959256,0,0,798433.89374613,-0.08727258773623,0,151041.30355193
16.133146876818,-0.08708730227241,0,83470.032139524,0,0,788108.48079208,-1915682.7558383,-634535.97168867,-0.0015934899310119,1371941.6402554,-0.092479014798189,-380.6678841097,2347682.6132425,349466.24712269,0,0,798568.61378207,-0.087277711802079,0,151405.34739859
16.133294212511,-0.08708730227241,0,83470.032139524,0,0,788108.48079208,-1915682.7558383,-634535.97168867,-0.0015934899310119,1371941.6402554,-0.092479014798189,-380.6678841097,2347682.6132425,349466.24712269,0,0,798568.61378207,-0.087277711802079,0,151405.34739859
16.133471015343,-0.0871037114786,0,83514.731647368,0,0,788602.25610445,-1916773.5679972,-634607.83334431,-0.0015946086510863,1372699.863684,-0.092499533065595,-382.21694194153,2349008.2630073,349504.13975376,0,0,799056.51431909,-0.087294231510228,0,151979.50967314
16.133683178742,-0.0871037114786,0,83514.731647368,0,0,788602.25610445,-1916773.5679972,-634607.83334431,-0.0015946086510863,1372699.863684,-0.092499533065595,-382.21694194153,2349008.2630073,349504.13975376,0,0,799056.51431909,-0.087294231510228,0,151979.50967314
16.13393777482,-0.0871037114786,0,83514.731647368,0,0,788602.25610445,-1916773.5679972,-634607.83334431,-0.0015946086510863,1372699.863684,-0.092499533065595,-382.21694194153,2349008.2630073,349504.13975376,0,0,799056.51431909,-0.087294231510228,0,151979.50967314
16.134243290114,-0.0871037114786,0,83514.731647368,0,0,788602.25610445,-1916773.5679972,-634607.83334431,-0.0015946086510863,1372699.863684,-0.092499533065595,-382.21694194153,2349008.2630073,349504.13975376,0,0,799056.51431909,-0.087294231510228,0,151979.50967314
16.134609908466,-0.0871037114786,0,83514.731647368,0,0,788602.25610445,-1916773.5679972,-634607.83334431,-0.0015946086510863,1372699.863684,-0.092499533065595,-382.21694194153,2349008.2630073,349504.13975376,0,0,799056.51431909,-0.087294231510228,0,151979.50967314
16.135049850489,-0.087114765843229,0,83545.031400436,0,0,788930.97217592,-1917538.7073913,-634655.95561043,-0.0015954856171882,1373203.9592654,-0.092513421453646,-382.82003540408,2349972.2914195,349529.51461152,0,0,799395.83344324,-0.087305364051977,0,152071.67876632
16.135577780917,-0.087130180262063,0,83588.280847624,0,0,789378.1247822,-1918671.1553249,-634722.84951855,-0.0015971274203499,1373921.7326237,-0.092532740357619,-383.4902785234,2351309.6431013,349564.78775094,0,0,799852.2827424,-0.087320887981684,0,152132.03685654
16.13621129743,-0.087130180262063,0,83588.280847624,0,0,789378.1247822,-1918671.1553249,-634722.84951855,-0.0015971274203499,1373921.7326237,-0.092532740357619,-383.4902785234,2351309.6431013,349564.78775094,0,0,799852.2827424,-0.087320887981684,0,152132.03685654
16.136971517246,-0.087139120442221,0,83613.41332567,0,0,789637.19457254,-1919323.7916508,-634761.52371917,-0.0015979918171894,1374338.5771716,-0.092543959482345,-383.81592858223,2352093.7406225,349585.18064634,0,0,800122.3048984,-0.08732989240365,0,152167.78069709
16.137883781025,-0.087176153962328,0,83717.425758499,0,0,790710.93855682,-1921976.9261375,-634921.42075781,-0.0016020583731092,1376063.8620418,-0.092590411590612,-385.07686752431,2355375.40446,349669.49431093,0,0,801217.09436846,-0.087367192185677,0,152323.91716083
16.13897849756,-0.087176153962328,0,83717.425758499,0,0,790710.93855682,-1921976.9261375,-634921.42075781,-0.0016020583731092,1376063.8620418,-0.092590411590612,-385.07686752431,2355375.40446,349669.49431093,0,0,801217.09436846,-0.087367192185677,0,152323.91716083
16.13930691252,-0.087245595433838,0,83911.935509242,0,0,792798.93594005,-1926764.4149761,-635222.40438501,-0.0016104004209917,1379313.5705259,-0.092677607567499,-387.06864880915,2360949.1348646,349828.2028944,0,0,803243.66303418,-0.087437137201771,0,152647.55606211
16.13963532748,-0.087245595433838,0,83911.935509242,0,0,792798.93594005,-1926764.4149761,-635222.40438501,-0.0016104004209917,1379313.5705259,-0.092677607567499,-387.06864880915,2360949.1348646,349828.2028944,0,0,803243.66303418,-0.087437137201771,0,152647.55606211
16.140029425433,-0.087245595433838,0,83911.935509242,0,0,792798.93594005,-1926764.4149761,-635222.40438501,-0.0016104004209917,1379313.5705259,-0.092677607567499,-387.06864880915,2360949.1348646,349828.2028944,0,0,803243.66303418,-0.087437137201771,0,152647.55606211
16.140502342976,-0.087245595433838,0,83911.935509242,0,0,792798.93594005,-1926764.4149761,-635222.40438501,-0.0016104004209917,1379313.5705259,-0.092677607567499,-387.06864880915,2360949.1348646,349828.2028944,0,0,803243.66303418,-0.087437137201771,0,152647.55606211
16.141069844028,-0.087245595433838,0,83911.935509242,0,0,792798.93594005,-1926764.4149761,-635222.40438501,-0.0016104004209917,1379313.5705259,-0.092677607567499,-387.06864880915,2360949.1348646,349828.2028944,0,0,803243.66303418,-0.087437137201771,0,152647.55606211
16.14175084529,-0.087245595433838,0,83911.935509242,0,0,792798.93594005,-1926764.4149761,-635222.40438501,-0.0016104004209917,1379313.5705259,-0.092677607567499,-387.06864880915,2360949.1348646,349828.2028944,0,0,803243.66303418,-0.087437137201771,0,152647.55606211
16.142568046804,-0.087245595433838,0,83911.935509242,0,0,792798.93594005,-1926764.4149761,-635222.40438501,-0.0016104004209917,1379313.5705259,-0.092677607567499,-387.06864880915,2360949.1348646,349828.2028944,0,0,803243.66303418,-0.087437137201771,0,152647.55606211
16.143548688621,-0.087323432051534,0,84132.326401836,0,0,795241.26833157,-1932143.4476939,-635557.92255869,-0.0016130400862001,1382976.5142498,-0.092775207054769,-389.11888802214,2367290.2342429,350005.12153455,0,0,805709.78487439,-0.087515534451013,0,153134.87535599
16.144725458802,-0.087323432051534,0,84132.326401836,0,0,795241.26833157,-1932143.4476939,-635557.92255869,-0.0016130400862001,1382976.5142498,-0.092775207054769,-389.11888802214,2367290.2342429,350005.12153455,0,0,805709.78487439,-0.087515534451013,0,153134.87535599
16.146137583019,-0.087323432051534,0,84132.326401836,0,0,795241.26833157,-1932143.4476939,-635557.92255869,-0.0016130400862001,1382976.5142498,-0.092775207054769,-389.11888802214,2367290.2342429,350005.12153455,0,0,805709.78487439,-0.087515534451013,0,153134.87535599
16.147832132079,-0.087402094141296,0,84352.581415481,0,0,797693.54484022,-1937620.4655244,-635898.09489547,-0.0016209137166535,1386640.2287407,-0.092873944944135,-391.18359129754,2373854.1619478,350184.49431379,0,0,808081.66051241,-0.087594770738202,0,153656.39907747
16.149865590951,-0.087402094141296,0,84352.581415481,0,0,797693.54484022,-1937620.4655244,-635898.09489547,-0.0016209137166535,1386640.2287407,-0.092873944944135,-391.18359129754,2373854.1619478,350184.49431379,0,0,808081.66051241,-0.087594770738202,0,153656.39907747
16.151085666274,-0.087402094141296,0,84352.581415481,0,0,797693.54484022,-1937620.4655244,-635898.09489547,-0.0016209137166535,1386640.2287407,-0.092873944944135,-391.18359129754,2373854.1619478,350184.49431379,0,0,808081.66051241,-0.087594770738202,0,153656.39907747
16.152305741598,-0.087424280926748,0,84415.38102484,0,0,798422.46308389,-1939136.807124,-635993.82567219,-0.001622284143444,1387688.1708597,-0.092901762586586,-391.75311823838,2375617.3366101,350234.97312582,0,0,808777.52525644,-0.087617116999626,0,153795.56285366
16.153037786791,-0.087452718950981,0,84494.026035547,0,0,799253.86417837,-1941079.1621939,-636117.03203902,-0.0016346900989772,1389011.5119059,-0.092937323415699,-392.49544021019,2377959.8652704,350299.93980828,0,0,809659.7542311,-0.087645759788216,0,153973.78379311
16.153769831985,-0.087470446841766,0,84544.104020434,0,0,799766.64801836,-1942302.8904845,-636193.93045308,-0.0016358322143766,1389848.517454,-0.092959536975698,-392.94935833941,2379449.5244225,350340.48832101,0,0,810194.07890379,-0.08766361384081,0,154084.90768517
16.154648286218,-0.087470446841766,0,84544.104020434,0,0,799766.64801836,-1942302.8904845,-636193.93045308,-0.0016358322143766,1389848.517454,-0.092959536975698,-392.94935833941,2379449.5244225,350340.48832101,0,0,810194.07890379,-0.08766361384081,0,154084.90768517
16.155702431298,-0.087546843257152,0,84759.042495843,0,0,801976.43610702,-1947385.1932581,-636523.97213312,-0.001641885113944,1393438.6799984,-0.09305559881426,-394.94813707829,2385359.140015,350514.51920733,0,0,812523.97688109,-0.087740560854742,0,154598.79121228
16.156967405393,-0.087546843257152,0,84759.042495843,0,0,801976.43610702,-1947385.1932581,-636523.97213312,-0.001641885113944,1393438.6799984,-0.09305559881426,-394.94813707829,2385359.140015,350514.51920733,0,0,812523.97688109,-0.087740560854742,0,154598.79121228
16.158485374307,-0.087546843257152,0,84759.042495843,0,0,801976.43610702,-1947385.1932581,-636523.97213312,-0.001641885113944,1393438.6799984,-0.09305559881426,-394.94813707829,2385359.140015,350514.51920733,0,0,812523.97688109,-0.087740560854742,0,154598.79121228
16.159396155656,-0.087615066035162,0,84951.22076734,0,0,804042.74744249,-1952063.1859001,-636819.15768185,-0.0016454849836473,1396647.8913642,-0.093141046163326,-396.70371596728,2390857.5593954,350670.17046531,0,0,814639.50408946,-0.087809274849169,0,155037.48866652
16.160306937004,-0.087615066035162,0,84951.22076734,0,0,804042.74744249,-1952063.1859001,-636819.15768185,-0.0016454849836473,1396647.8913642,-0.093141046163326,-396.70371596728,2390857.5593954,350670.17046531,0,0,814639.50408946,-0.087809274849169,0,155037.48866652
16.161399874622,-0.087615066035162,0,84951.22076734,0,0,804042.74744249,-1952063.1859001,-636819.15768185,-0.0016454849836473,1396647.8913642,-0.093141046163326,-396.70371596728,2390857.5593954,350670.17046531,0,0,814639.50408946,-0.087809274849169,0,155037.48866652
16.162711399764,-0.087615066035162,0,84951.22076734,0,0,804042.74744249,-1952063.1859001,-636819.15768185,-0.0016454849836473,1396647.8913642,-0.093141046163326,-396.70371596728,2390857.5593954,350670.17046531,0,0,814639.50408946,-0.087809274849169,0,155037.48866652
16.163498314849,-0.087641079857097,0,85024.784799712,0,0,804856.24687975,-1953834.6380258,-636931.31887624,-0.0016461184044534,1397872.3792406,-0.093173671832811,-397.38187865613,2392909.8463423,350729.313032,0,0,815456.64746857,-0.08783547832538,0,155207.04016897
16.164285229935,-0.087704682006261,0,85203.210198857,0,0,806813.97509773,-1958182.2365973,-637207.17121965,-0.0016477000242577,1400843.2811948,-0.093253716136631,-399.0252260551,2398197.5862313,350874.76989586,0,0,817437.8220585,-0.087899537919401,0,155608.39938664
16.165229528037,-0.087704682006261,0,85203.210198857,0,0,806813.97509773,-1958182.2365973,-637207.17121965,-0.0016477000242577,1400843.2811948,-0.093253716136631,-399.0252260551,2398197.5862313,350874.76989586,0,0,817437.8220585,-0.087899537919401,0,155608.39938664
16.166362685759,-0.087704682006261,0,85203.210198857,0,0,806813.97509773,-1958182.2365973,-637207.17121965,-0.0016477000242577,1400843.2811948,-0.093253716136631,-399.0252260551,2398197.5862313,350874.76989586,0,0,817437.8220585,-0.087899537919401,0,155608.39938664
16.167722475026,-0.087768480689541,0,85384.360480075,0,0,808833.93037522,-1962564.846647,-637481.77844504,-0.0016518307458789,1403870.9662569,-0.093333261975303,-400.61693528765,2403222.1558321,351019.57020983,0,0,819569.65062241,-0.087963792645003,0,156012.65433144
16.169354222147,-0.087768480689541,0,85384.360480075,0,0,808833.93037522,-1962564.846647,-637481.77844504,-0.0016518307458789,1403870.9662569,-0.093333261975303,-400.61693528765,2403222.1558321,351019.57020983,0,0,819569.65062241,-0.087963792645003,0,156012.65433144
16.171312318692,-0.087778494029035,0,85412.394866703,0,0,809149.79389548,-1963243.1659091,-637525.00385297,-0.0016519600664706,1404339.3980119,-0.093345825055227,-400.87868177809,2404021.9339722,351042.3629554,0,0,819890.19405038,-0.087973878449664,0,156078.64047632
16.173662034545,-0.087876800910228,0,85693.20455433,0,0,812251.2335979,-1970049.1460344,-637946.90243644,-0.0016548966738063,1408999.9618216,-0.09346928582125,-403.39502292859,2412053.6165353,351264.82996159,0,0,823109.86251397,-0.088072896608909,0,156706.34692675
16.17648169357,-0.087876800910228,0,85693.20455433,0,0,812251.2335979,-1970049.1460344,-637946.90243644,-0.0016548966738063,1408999.9618216,-0.09346928582125,-403.39502292859,2412053.6165353,351264.82996159,0,0,823109.86251397,-0.088072896608909,0,156706.34692675
16.177327591277,-0.087903553572888,0,85767.901641525,0,0,813076.98406706,-1971839.3358574,-638063.19712835,-0.0016552364219677,1410250.2877603,-0.093502718671444,-404.06278745735,2414118.1624361,351326.15212026,0,0,824026.07715651,-0.088099839478986,0,156875.15223726
16.178173488984,-0.087903553572888,0,85767.901641525,0,0,813076.98406706,-1971839.3358574,-638063.19712835,-0.0016552364219677,1410250.2877603,-0.093502718671444,-404.06278745735,2414118.1624361,351326.15212026,0,0,824026.07715651,-0.088099839478986,0,156875.15223726
16.178681027609,-0.087935915800697,0,85857.743214397,0,0,814048.1592664,-1974027.4685393,-638203.82665768,-0.0016569889171439,1411743.9689805,-0.09354326920045,-404.90766614729,2416745.3182776,351400.30603208,0,0,825099.50784132,-0.088132433076749,0,157084.3694699
16.179188566233,-0.087935915800697,0,85857.743214397,0,0,814048.1592664,-1974027.4685393,-638203.82665768,-0.0016569889171439,1411743.9689805,-0.09354326920045,-404.90766614729,2416745.3182776,351400.30603208,0,0,825099.50784132,-0.088132433076749,0,157084.3694699
16.179797612582,-0.087935915800697,0,85857.743214397,0,0,814048.1592664,-1974027.4685393,-638203.82665768,-0.0016569889171439,1411743.9689805,-0.09354326920045,-404.90766614729,2416745.3182776,351400.30603208,0,0,825099.50784132,-0.088132433076749,0,157084.3694699
16.180163040392,-0.087935915800697,0,85857.743214397,0,0,814048.1592664,-1974027.4685393,-638203.82665768,-0.0016569889171439,1411743.9689805,-0.09354326920045,-404.90766614729,2416745.3182776,351400.30603208,0,0,825099.50784132,-0.088132433076749,0,157084.3694699
16.180528468201,-0.087959016244014,0,85921.832546217,0,0,814778.08081557,-1975616.0009556,-638303.93088095,-0.001658707257003,1412812.6229635,-0.093572240125909,-405.51592440352,2418589.6043683,351453.09096126,0,0,825781.07081575,-0.088155700045191,0,157236.20589627
16.180966981573,-0.087959016244014,0,85921.832546217,0,0,814778.08081557,-1975616.0009556,-638303.93088095,-0.001658707257003,1412812.6229635,-0.093572240125909,-405.51592440352,2418589.6043683,351453.09096126,0,0,825781.07081575,-0.088155700045191,0,157236.20589627
16.181493197618,-0.087980989935393,0,85982.405230677,0,0,815086.55631791,-1977060.6881694,-638400.1869447,-0.0016685844884745,1413831.6098162,-0.093599255540274,-406.16294825524,2420885.2229739,351503.84675685,0,0,825999.79121675,-0.088177827685399,0,157378.29996886
16.182124656873,-0.087980989935393,0,85982.405230677,0,0,815086.55631791,-1977060.6881694,-638400.1869447,-0.0016685844884745,1413831.6098162,-0.093599255540274,-406.16294825524,2420885.2229739,351503.84675685,0,0,825999.79121675,-0.088177827685399,0,157378.29996886
16.182882407979,-0.088009665739722,0,86063.230447723,0,0,815926.23343825,-1978893.9177372,-638524.30768901,-0.0016716208752024,1415180.7692579,-0.093635647038445,-406.94469486795,2422856.0242162,351569.29559059,0,0,826851.33961061,-0.088206711235438,0,157590.63320106
16.183791709306,-0.088009665739722,0,86063.230447723,0,0,815926.23343825,-1978893.9177372,-638524.30768901,-0.0016716208752024,1415180.7692579,-0.093635647038445,-406.94469486795,2422856.0242162,351569.29559059,0,0,826851.33961061,-0.088206711235438,0,157590.63320106
16.184337290103,-0.088009665739722,0,86063.230447723,0,0,815926.23343825,-1978893.9177372,-638524.30768901,-0.0016716208752024,1415180.7692579,-0.093635647038445,-406.94469486795,2422856.0242162,351569.29559059,0,0,826851.33961061,-0.088206711235438,0,157590.63320106
16.184882870899,-0.088083463442115,0,86270.083448293,0,0,818243.06336398,-1983931.3451656,-638843.21344016,-0.0016781674848368,1418622.591175,-0.09372885902144,-408.93513402749,2428679.3152614,351737.45450508,0,0,829005.45683957,-0.088281043921861,0,158089.7740822
16.185537567854,-0.088083463442115,0,86270.083448293,0,0,818243.06336398,-1983931.3451656,-638843.21344016,-0.0016781674848368,1418622.591175,-0.09372885902144,-408.93513402749,2428679.3152614,351737.45450508,0,0,829005.45683957,-0.088281043921861,0,158089.7740822
16.186323204201,-0.088083463442115,0,86270.083448293,0,0,818243.06336398,-1983931.3451656,-638843.21344016,-0.0016781674848368,1418622.591175,-0.09372885902144,-408.93513402749,2428679.3152614,351737.45450508,0,0,829005.45683957,-0.088281043921861,0,158089.7740822
16.187265967817,-0.088083463442115,0,86270.083448293,0,0,818243.06336398,-1983931.3451656,-638843.21344016,-0.0016781674848368,1418622.591175,-0.09372885902144,-408.93513402749,2428679.3152614,351737.45450508,0,0,829005.45683957,-0.088281043921861,0,158089.7740822
16.188397284156,-0.088083463442115,0,86270.083448293,0,0,818243.06336398,-1983931.3451656,-638843.21344016,-0.0016781674848368,1418622.591175,-0.09372885902144,-408.93513402749,2428679.3152614,351737.45450508,0,0,829005.45683957,-0.088281043921861,0,158089.7740822
16.189754863763,-0.088172780083911,0,86524.277616398,0,0,821079.30980624,-1990144.3329366,-639227.46999587,-0.0016848558938358,1422863.0177292,-0.093840819447163,-411.20612867878,2435930.486504,351940.07288066,0,0,831837.03273886,-0.088371005561538,0,158654.81275468
16.191383959291,-0.088172780083911,0,86524.277616398,0,0,821079.30980624,-1990144.3329366,-639227.46999587,-0.0016848558938358,1422863.0177292,-0.093840819447163,-411.20612867878,2435930.486504,351940.07288066,0,0,831837.03273886,-0.088371005561538,0,158654.81275468
16.193338873925,-0.088191107459974,0,86575.343333289,0,0,821635.53683314,-1991374.7368111,-639307.09820956,-0.0016880257057889,1423719.420842,-0.093863752298614,-411.67292208758,2437352.9999711,351982.06081558,0,0,832370.98983111,-0.088389465794898,0,158774.43264756
16.194511822705,-0.088207080155809,0,86621.034935938,0,0,822116.3893057,-1992487.4710641,-639376.19318659,-0.0016881762963353,1424474.5638914,-0.093883732816403,-412.09115145013,2438673.2757628,352018.49457785,0,0,832878.48129237,-0.088405551230956,0,158876.76209339
16.195684771486,-0.088282400130903,0,86834.887512452,0,0,824400.85099314,-1997707.2083546,-639701.46898549,-0.0016892572491782,1428035.4232783,-0.093978035791236,-414.02706531298,2444861.0656784,352190.01241651,0,0,835227.10288386,-0.088481408797563,0,159354.42378209
16.197092310022,-0.088282400130903,0,86834.887512452,0,0,824400.85099314,-1997707.2083546,-639701.46898549,-0.0016892572491782,1428035.4232783,-0.093978035791236,-414.02706531298,2444861.0656784,352190.01241651,0,0,835227.10288386,-0.088481408797563,0,159354.42378209
16.198781356266,-0.088288551978287,0,86852.113157298,0,0,824600.16140008,-1998129.8354738,-639728.15630323,-0.0016893307054303,1428323.9158646,-0.093985732280878,-414.18274691507,2445359.8624231,352204.08463177,0,0,835425.04555242,-0.088487604741079,0,159393.32768403
16.199794784012,-0.088358156211114,0,87047.622833391,0,0,826840.75622476,-2002786.4793926,-640029.18709659,-0.0016942378083682,1431589.9488529,-0.094073062520797,-415.98338799582,2450785.3435296,352362.81808523,0,0,837571.58920178,-0.088557710635423,0,159853.82758214
16.200808211758,-0.088358156211114,0,87047.622833391,0,0,826840.75622476,-2002786.4793926,-640029.18709659,-0.0016942378083682,1431589.9488529,-0.094073062520797,-415.98338799582,2450785.3435296,352362.81808523,0,0,837571.58920178,-0.088557710635423,0,159853.82758214
16.202024325054,-0.088358156211114,0,87047.622833391,0,0,826840.75622476,-2002786.4793926,-640029.18709659,-0.0016942378083682,1431589.9488529,-0.094073062520797,-415.98338799582,2450785.3435296,352362.81808523,0,0,837571.58920178,-0.088557710635423,0,159853.82758214
16.203483661008,-0.088374148253498,0,87092.762149011,0,0,827294.72518799,-2003834.1973225,-640098.22560579,-0.001697788287652,1432349.1911627,-0.094093081350083,-416.40318669738,2452004.702767,352399.22207176,0,0,838092.98697108,-0.088573820177351,0,159960.43758493
16.205234864154,-0.088399516575941,0,87164.407758978,0,0,828041.76781617,-2005536.8111269,-640207.63795486,-0.0016979702701429,1433548.0918076,-0.094125029411251,-417.05813431951,2454003.296046,352456.91517328,0,0,838863.19615481,-0.088599369762556,0,160127.69833489
16.205760225097,-0.088467722042365,0,87353.887464758,0,0,829882.79946017,-2009824.2737523,-640503.49746498,-0.0017094430664424,1436716.4756739,-0.09421087272113,-418.89694739371,2458879.4280114,352612.92180946,0,0,840904.71351336,-0.088668064203963,0,160622.26872258
16.206285586041,-0.088467722042365,0,87353.887464758,0,0,829882.79946017,-2009824.2737523,-640503.49746498,-0.0017094430664424,1436716.4756739,-0.09421087272113,-418.89694739371,2458879.4280114,352612.92180946,0,0,840904.71351336,-0.088668064203963,0,160622.26872258
16.206916019173,-0.088467722042365,0,87353.887464758,0,0,829882.79946017,-2009824.2737523,-640503.49746498,-0.0017094430664424,1436716.4756739,-0.09421087272113,-418.89694739371,2458879.4280114,352612.92180946,0,0,840904.71351336,-0.088668064203963,0,160622.26872258
16.207672538932,-0.088467722042365,0,87353.887464758,0,0,829882.79946017,-2009824.2737523,-640503.49746498,-0.0017094430664424,1436716.4756739,-0.09421087272113,-418.89694739371,2458879.4280114,352612.92180946,0,0,840904.71351336,-0.088668064203963,0,160622.26872258
16.208580362643,-0.088467722042365,0,87353.887464758,0,0,829882.79946017,-2009824.2737523,-640503.49746498,-0.0017094430664424,1436716.4756739,-0.09421087272113,-418.89694739371,2458879.4280114,352612.92180946,0,0,840904.71351336,-0.088668064203963,0,160622.26872258
16.209669751096,-0.088487268659588,0,87407.0664061,0,0,830409.51305019,-2011158.0779199,-640588.39283932,-0.0017205902720664,1437623.3961598,-0.094235290039626,-419.43864612855,2460501.3650666,352657.68711652,0,0,841414.68997466,-0.088687752980081,0,160751.45754999
16.210977017239,-0.088517829489019,0,87493.725277256,0,0,831350.61089544,-2013246.6917195,-640719.99393869,-0.0017216633234585,1439072.8314518,-0.094273705121673,-420.23116607059,2462951.4178743,352727.08033983,0,0,842372.475881,-0.088718535471256,0,160951.34481621
16.212545736611,-0.088592281510013,0,87702.656942885,0,0,833638.54182019,-2018317.7806191,-641041.45277035,-0.001725083368883,1442563.0483467,-0.094367288952284,-422.17635258592,2468899.5105419,352896.58549259,0,0,844673.13552197,-0.088793525084484,0,161443.99957547
16.214428199857,-0.088592281510013,0,87702.656942885,0,0,833638.54182019,-2018317.7806191,-641041.45277035,-0.001725083368883,1442563.0483467,-0.094367288952284,-422.17635258592,2468899.5105419,352896.58549259,0,0,844673.13552197,-0.088793525084484,0,161443.99957547
16.216687155753,-0.088618181426697,0,87776.430172222,0,0,834431.35819011,-2020032.4073635,-641153.20373627,-0.0017281588457828,1443803.8008173,-0.094399773517064,-422.85785900839,2471013.2412268,352955.51174575,0,0,845534.08342277,-0.088819612228463,0,161610.0664515
16.21804252929,-0.088635776429072,0,87826.227698644,0,0,834990.74508919,-2021264.9284818,-641229.08259566,-0.0017283045266791,1444633.674377,-0.094421815098501,-423.31347178614,2472467.4561886,352995.52264733,0,0,846089.39071323,-0.088837334028646,0,161722.25026939
16.218720216059,-0.088705928908158,0,88021.946726199,0,0,837100.9134511,-2025932.4372673,-641532.79061012,-0.0017343678768148,1447908.5510367,-0.094509897762293,-425.1601933699,2477812.9407268,353155.66779892,0,0,848219.14482352,-0.088907993498385,0,162193.59396274
16.219397902827,-0.088705928908158,0,88021.946726199,0,0,837100.9134511,-2025932.4372673,-641532.79061012,-0.0017343678768148,1447908.5510367,-0.094509897762293,-425.1601933699,2477812.9407268,353155.66779892,0,0,848219.14482352,-0.088907993498385,0,162193.59396274
16.22021112695,-0.088705928908158,0,88021.946726199,0,0,837100.9134511,-2025932.4372673,-641532.79061012,-0.0017343678768148,1447908.5510367,-0.094509897762293,-425.1601933699,2477812.9407268,353155.66779892,0,0,848219.14482352,-0.088907993498385,0,162193.59396274
16.221186995897,-0.088705928908158,0,88021.946726199,0,0,837100.9134511,-2025932.4372673,-641532.79061012,-0.0017343678768148,1447908.5510367,-0.094509897762293,-425.1601933699,2477812.9407268,353155.66779892,0,0,848219.14482352,-0.088907993498385,0,162193.59396274
16.222358038633,-0.088726898793968,0,88081.349589173,0,0,837754.67922457,-2027348.3653274,-641623.28943292,-0.0017359136439506,1448899.1266486,-0.094536150584457,-425.69673346186,2479430.8433553,353203.38780299,0,0,848894.09604565,-0.088929114092047,0,162331.03135733
16.223763289917,-0.088798876515032,0,88287.128740805,0,0,840028.99551923,-2032354.7337034,-641933.40974043,-0.0017388029584456,1452326.2557814,-0.094626254686176,-427.44033065183,2485299.4883359,353366.91415525,0,0,851080.26910273,-0.089001611298149,0,162781.80601862
16.225449591457,-0.088798876515032,0,88287.128740805,0,0,840028.99551923,-2032354.7337034,-641933.40974043,-0.0017388029584456,1452326.2557814,-0.094626254686176,-427.44033065183,2485299.4883359,353366.91415525,0,0,851080.26910273,-0.089001611298149,0,162781.80601862
16.227473153305,-0.088830753244199,0,88376.279965793,0,0,840986.26311145,-2034421.715963,-642071.47116795,-0.0017403278222205,1453824.9120038,-0.09466640131846,-427.98281766794,2487602.7773737,353439.71390769,0,0,852090.79298755,-0.089033719281967,0,163168.52675599
16.229901427523,-0.088858069219078,0,88453.785033127,0,0,841754.66838536,-2036355.9717559,-642189.03950873,-0.0017413790013568,1455112.7792789,-0.094700613512106,-429.09021748003,2489944.5885197,353501.70766123,0,0,852936.10013938,-0.089061231049942,0,163287.09084747
16.231358392054,-0.088938391997531,0,88680.353279804,0,0,844311.51037102,-2041863.1012523,-642535.2808017,-0.0017458228995941,1458894.3091821,-0.094801311112699,-431.49443298581,2496484.5886106,353684.28059879,0,0,855424.06843057,-0.089142127367454,0,163622.10384834
16.232815356585,-0.088938391997531,0,88680.353279804,0,0,844311.51037102,-2041863.1012523,-642535.2808017,-0.0017458228995941,1458894.3091821,-0.094801311112699,-431.49443298581,2496484.5886106,353684.28059879,0,0,855424.06843057,-0.089142127367454,0,163622.10384834
16.234563714022,-0.088938391997531,0,88680.353279804,0,0,844311.51037102,-2041863.1012523,-642535.2808017,-0.0017458228995941,1458894.3091821,-0.094801311112699,-431.49443298581,2496484.5886106,353684.28059879,0,0,855424.06843057,-0.089142127367454,0,163622.10384834
16.235612728484,-0.088964994704397,0,88755.565897316,0,0,845139.41371589,-2043628.8980697,-642650.0636619,-0.0017483540883642,1460156.5669272,-0.094834648227761,-432.07449689709,2498488.081797,353744.80556887,0,0,856277.18592314,-0.089168921246783,0,163804.06134053
16.236661742946,-0.08903604452695,0,88954.572681689,0,0,847320.35946925,-2048391.7981631,-642957.87666881,-0.0017502734119605,1463476.4655961,-0.094923905475384,-433.76810701466,2504067.0215583,353907.11528174,0,0,858464.00017712,-0.089240484089911,0,164207.84793104
16.2379205603,-0.08903604452695,0,88954.572681689,0,0,847320.35946925,-2048391.7981631,-642957.87666881,-0.0017502734119605,1463476.4655961,-0.094923905475384,-433.76810701466,2504067.0215583,353907.11528174,0,0,858464.00017712,-0.089240484089911,0,164207.84793104
16.239431141126,-0.08903604452695,0,88954.572681689,0,0,847320.35946925,-2048391.7981631,-642957.87666881,-0.0017502734119605,1463476.4655961,-0.094923905475384,-433.76810701466,2504067.0215583,353907.11528174,0,0,858464.00017712,-0.089240484089911,0,164207.84793104
16.240337489621,-0.089069595651204,0,89050.674066008,0,0,848278.42252093,-2050678.3812161,-643102.5022042,-0.0017519255571231,1465097.512455,-0.094965830040316,-434.6305320639,2507004.9700433,353983.37628646,0,0,859502.23414626,-0.089274277757787,0,164417.0286283
16.241243838117,-0.089069595651204,0,89050.674066008,0,0,848278.42252093,-2050678.3812161,-643102.5022042,-0.0017519255571231,1465097.512455,-0.094965830040316,-434.6305320639,2507004.9700433,353983.37628646,0,0,859502.23414626,-0.089274277757787,0,164417.0286283
16.242331456311,-0.089140632317698,0,89248.7581769,0,0,850508.06196982,-2055567.4541814,-643409.06727092,-0.0017574144434109,1468427.1901091,-0.095054866551179,-436.49663153504,2512704.2797066,354145.02796116,0,0,861802.30106961,-0.089345827569145,0,164878.03209165
16.243636598144,-0.089140632317698,0,89248.7581769,0,0,850508.06196982,-2055567.4541814,-643409.06727092,-0.0017574144434109,1468427.1901091,-0.095054866551179,-436.49663153504,2512704.2797066,354145.02796116,0,0,861802.30106961,-0.089345827569145,0,164878.03209165
16.245202768344,-0.089140632317698,0,89248.7581769,0,0,850508.06196982,-2055567.4541814,-643409.06727092,-0.0017574144434109,1468427.1901091,-0.095054866551179,-436.49663153504,2512704.2797066,354145.02796116,0,0,861802.30106961,-0.089345827569145,0,164878.03209165
16.247082172584,-0.089227676291224,0,89498.624931252,0,0,853263.03091136,-2061548.3869154,-643783.44212976,-0.001759631174467,1472555.2501234,-0.095164056518737,-438.73821970115,2519761.773195,354342.43572052,0,0,864685.46327289,-0.08943349866996,0,165432.68393215
16.249337457672,-0.089227676291224,0,89498.624931252,0,0,853263.03091136,-2061548.3869154,-643783.44212976,-0.001759631174467,1472555.2501234,-0.095164056518737,-438.73821970115,2519761.773195,354342.43572052,0,0,864685.46327289,-0.08943349866996,0,165432.68393215
16.252043799777,-0.089318846325088,0,89757.236983059,0,0,856096.1515135,-2067894.0936416,-644176.83140455,-0.0017648321654633,1476850.8123525,-0.095278399379336,-441.0818735911,2527359.7342593,354549.86977625,0,0,867521.56259407,-0.089525326571239,0,166017.7811167
16.255291410304,-0.08933457346366,0,89801.779523505,0,0,856601.64621306,-2068943.9210839,-644245.15992638,-0.0017650229797429,1477593.2536084,-0.095298032493989,-441.13031109537,2528560.467967,354585.8993868,0,0,868035.70570227,-0.089541164665657,0,166118.28105537
16.257239976619,-0.089366461587175,0,89883.319016729,0,0,857290.68612982,-2071029.8342417,-644385.79958898,-0.0017726565605915,1479026.3267882,-0.0953382244685,-442.32680556499,2531325.3283033,354660.0586411,0,0,868794.44329094,-0.089573286257037,0,166338.81699939
16.259188542935,-0.08945039355549,0,90123.937993696,0,0,859837.67439041,-2076650.8925149,-644746.07456497,-0.0017808008751675,1483023.6416799,-0.09544356678279,-444.68553954028,2537773.3739007,354850.03153621,0,0,871313.70368894,-0.089657825822485,0,166908.93111174
16.261526822514,-0.08945039355549,0,90123.937993696,0,0,859837.67439041,-2076650.8925149,-644746.07456497,-0.0017808008751675,1483023.6416799,-0.09544356678279,-444.68553954028,2537773.3739007,354850.03153621,0,0,871313.70368894,-0.089657825822485,0,166908.93111174
16.262929790262,-0.089519731252795,0,90318.456244186,0,0,861999.71849434,-2081443.1160364,-645046.21172992,-0.0017849478440822,1486267.0351421,-0.095530306604469,-446.40237836036,2543331.1230854,355008.29378004,0,0,873511.56318252,-0.089727660849302,0,167348.4498732
16.264332758009,-0.089519731252795,0,90318.456244186,0,0,861999.71849434,-2081443.1160364,-645046.21172992,-0.0017849478440822,1486267.0351421,-0.095530306604469,-446.40237836036,2543331.1230854,355008.29378004,0,0,873511.56318252,-0.089727660849302,0,167348.4498732
16.266016319306,-0.089527368696448,0,90339.94927284,0,0,862055.4298272,-2081929.2547158,-645079.33746059,-0.0017854188763181,1486631.0566015,-0.095539903663106,-446.60058047344,2543914.6716411,355025.76096864,0,0,873748.89887996,-0.089735353016368,0,167400.36641356
16.266521387695,-0.089549240693691,0,90401.811652252,0,0,862656.67610661,-2083469.3201397,-645173.84887204,-0.0017861681334959,1487669.1859861,-0.095567255809045,-447.19051746691,2545857.1299019,355075.59680981,0,0,874445.892951,-0.089757382884623,0,167541.88997166
16.267026456084,-0.089549240693691,0,90401.811652252,0,0,862656.67610661,-2083469.3201397,-645173.84887204,-0.0017861681334959,1487669.1859861,-0.095567255809045,-447.19051746691,2545857.1299019,355075.59680981,0,0,874445.892951,-0.089757382884623,0,167541.88997166
16.267632538151,-0.089563718691343,0,90440.194718443,0,0,863052.45699964,-2084409.3472039,-645237.75608593,-0.0017930717773496,1488332.5553418,-0.095585391814717,-447.6306232327,2547157.8337374,355109.29506583,0,0,874780.3205355,-0.089771966787778,0,167647.68085298
16.268359836632,-0.089563718691343,0,90440.194718443,0,0,863052.45699964,-2084409.3472039,-645237.75608593,-0.0017930717773496,1488332.5553418,-0.095585391814717,-447.6306232327,2547157.8337374,355109.29506583,0,0,874780.3205355,-0.089771966787778,0,167647.68085298
16.269232594808,-0.089635578901322,0,90645.000861797,0,0,864923.29536481,-2089356.7530152,-645546.57548955,-0.0017985930591721,1491750.28199,-0.095675678730658,-449.51669072272,2553176.0198233,355272.1354521,0,0,876927.17695519,-0.089844348006723,0,168104.3789498
16.270279904619,-0.089635578901322,0,90645.000861797,0,0,864923.29536481,-2089356.7530152,-645546.57548955,-0.0017985930591721,1491750.28199,-0.095675678730658,-449.51669072272,2553176.0198233,355272.1354521,0,0,876927.17695519,-0.089844348006723,0,168104.3789498
16.271536676393,-0.089635578901322,0,90645.000861797,0,0,864923.29536481,-2089356.7530152,-645546.57548955,-0.0017985930591721,1491750.28199,-0.095675678730658,-449.51669072272,2553176.0198233,355272.1354521,0,0,876927.17695519,-0.089844348006723,0,168104.3789498
16.273044802522,-0.089647321738393,0,90678.113742065,0,0,865523.25038263,-2090147.9438748,-645597.25528645,-0.001799349424777,1492304.6611901,-0.095690392856784,-449.82317402339,2554078.3067411,355298.8588949,0,0,877297.25167569,-0.089856174457942,0,168179.9908655
16.273949678199,-0.089669189197196,0,90740.211949023,0,0,866698.62717436,-2091660.7159963,-645691.47615846,-0.0018004653721692,1493339.4635736,-0.095717790425331,-450.38318075383,2555855.1420707,355348.54153461,0,0,877985.16618132,-0.089878199963564,0,168319.07238272
16.274854553876,-0.089739363204701,0,90938.800689813,0,0,869509.19104678,-2096738.010372,-645994.16329087,-0.0018024596549423,1496631.0427456,-0.095805567408679,-452.18391193554,2562215.3841582,355508.14837606,0,0,880541.2941825,-0.089948874991454,0,168729.72564596
16.275940404689,-0.089739363204701,0,90938.800689813,0,0,869509.19104678,-2096738.010372,-645994.16329087,-0.0018024596549423,1496631.0427456,-0.095805567408679,-452.18391193554,2562215.3841582,355508.14837606,0,0,880541.2941825,-0.089948874991454,0,168729.72564596
16.277243425664,-0.089739363204701,0,90938.800689813,0,0,869509.19104678,-2096738.010372,-645994.16329087,-0.0018024596549423,1496631.0427456,-0.095805567408679,-452.18391193554,2562215.3841582,355508.14837606,0,0,880541.2941825,-0.089948874991454,0,168729.72564596
16.278025238249,-0.089756785707311,0,90987.859856901,0,0,870055.83191979,-2097836.7798212,-646069.56807283,-0.0018039939242718,1497455.6662354,-0.095827402570515,-452.71490803567,2563399.560975,355547.90929655,0,0,881181.0624388,-0.089966421633367,0,168841.1147864
16.278807050835,-0.089756785707311,0,90987.859856901,0,0,870055.83191979,-2097836.7798212,-646069.56807283,-0.0018039939242718,1497455.6662354,-0.095827402570515,-452.71490803567,2563399.560975,355547.90929655,0,0,881181.0624388,-0.089966421633367,0,168841.1147864
16.279745225937,-0.089774070382033,0,91037.051593414,0,0,870556.30194057,-2099010.8969561,-646144.00141371,-0.0018046680984353,1498282.71427,-0.09584906510714,-453.13471991715,2564768.6203966,355587.15797658,0,0,883018.16818939,-0.089983831468626,0,168959.97093497
16.280871036059,-0.089849904640611,0,91252.261181375,0,0,872983.67895234,-2104103.4977375,-646470.66442987,-0.0018096923161712,1501909.7870799,-0.095944196113476,-455.03490362843,2570672.7949819,355759.4072944,0,0,886506.76910124,-0.090060213806353,0,169444.3023067
16.282222008206,-0.089849904640611,0,91252.261181375,0,0,872983.67895234,-2104103.4977375,-646470.66442987,-0.0018096923161712,1501909.7870799,-0.095944196113476,-455.03490362843,2570672.7949819,355759.4072944,0,0,886506.76910124,-0.090060213806353,0,169444.3023067
16.283843174783,-0.089849904640611,0,91252.261181375,0,0,872983.67895234,-2104103.4977375,-646470.66442987,-0.0018096923161712,1501909.7870799,-0.095944196113476,-455.03490362843,2570672.7949819,355759.4072944,0,0,886506.76910124,-0.090060213806353,0,169444.3023067
16.285788574675,-0.089940143551818,0,91508.694577226,0,0,875988.52751002,-2110405.3943467,-646858.61962454,-0.0018127554866379,1506192.0049733,-0.096057283496177,-457.36113486612,2578095.6006189,355963.97596121,0,0,888303.76251927,-0.090151103061449,0,170007.3349423
16.288123054545,-0.089940143551818,0,91508.694577226,0,0,875988.52751002,-2110405.3943467,-646858.61962454,-0.0018127554866379,1506192.0049733,-0.096057283496177,-457.36113486612,2578095.6006189,355963.97596121,0,0,888303.76251927,-0.090151103061449,0,170007.3349423
16.289523742467,-0.089956928247921,0,91555.48835227,0,0,876463.95507488,-2111540.0148503,-646931.43280347,-0.0018135856080109,1506971.124581,-0.096078301794293,-457.79913956314,2579404.0272801,356002.37033025,0,0,888904.93872734,-0.090168008162726,0,170118.35610478
16.289873914447,-0.089979318178136,0,91619.591441228,0,0,877079.8541293,-2113023.6514255,-647028.54218748,-0.0018153297098571,1508047.7948236,-0.096106262646252,-458.3890966481,2581171.9175394,356053.57608137,0,0,889402.63534679,-0.090190557229005,0,170270.1190853
16.290224086428,-0.089979318178136,0,91619.591441228,0,0,877079.8541293,-2113023.6514255,-647028.54218748,-0.0018153297098571,1508047.7948236,-0.096106262646252,-458.3890966481,2581171.9175394,356053.57608137,0,0,889402.63534679,-0.090190557229005,0,170270.1190853
16.290644292804,-0.089979318178136,0,91619.591441228,0,0,877079.8541293,-2113023.6514255,-647028.54218748,-0.0018153297098571,1508047.7948236,-0.096106262646252,-458.3890966481,2581171.9175394,356053.57608137,0,0,889402.63534679,-0.090190557229005,0,170270.1190853
16.291148540456,-0.089979318178136,0,91619.591441228,0,0,877079.8541293,-2113023.6514255,-647028.54218748,-0.0018153297098571,1508047.7948236,-0.096106262646252,-458.3890966481,2581171.9175394,356053.57608137,0,0,889402.63534679,-0.090190557229005,0,170270.1190853
16.291451089048,-0.090045038499008,0,91804.500233271,0,0,879044.12614488,-2117540.8137434,-647313.28602727,-0.0018197518325162,1511138.2415799,-0.096188657980696,-460.19081454749,2586968.3232692,356203.72142981,0,0,891442.26403658,-0.090256755169897,0,170695.30583503
16.291753637639,-0.090045038499008,0,91804.500233271,0,0,879044.12614488,-2117540.8137434,-647313.28602727,-0.0018197518325162,1511138.2415799,-0.096188657980696,-460.19081454749,2586968.3232692,356203.72142981,0,0,891442.26403658,-0.090256755169897,0,170695.30583503
16.292116695948,-0.090045038499008,0,91804.500233271,0,0,879044.12614488,-2117540.8137434,-647313.28602727,-0.0018197518325162,1511138.2415799,-0.096188657980696,-460.19081454749,2586968.3232692,356203.72142981,0,0,891442.26403658,-0.090256755169897,0,170695.30583503
16.292552365919,-0.090045038499008,0,91804.500233271,0,0,879044.12614488,-2117540.8137434,-647313.28602727,-0.0018197518325162,1511138.2415799,-0.096188657980696,-460.19081454749,2586968.3232692,356203.72142981,0,0,891442.26403658,-0.090256755169897,0,170695.30583503
16.293075169885,-0.090045038499008,0,91804.500233271,0,0,879044.12614488,-2117540.8137434,-647313.28602727,-0.0018197518325162,1511138.2415799,-0.096188657980696,-460.19081454749,2586968.3232692,356203.72142981,0,0,891442.26403658,-0.090256755169897,0,170695.30583503
16.293702534644,-0.090045038499008,0,91804.500233271,0,0,879044.12614488,-2117540.8137434,-647313.28602727,-0.0018197518325162,1511138.2415799,-0.096188657980696,-460.19081454749,2586968.3232692,356203.72142981,0,0,891442.26403658,-0.090256755169897,0,170695.30583503
16.294455372354,-0.090045038499008,0,91804.500233271,0,0,879044.12614488,-2117540.8137434,-647313.28602727,-0.0018197518325162,1511138.2415799,-0.096188657980696,-460.19081454749,2586968.3232692,356203.72142981,0,0,891442.26403658,-0.090256755169897,0,170695.30583503
16.295358777606,-0.090063593939744,0,91857.357937627,0,0,879626.69318663,-2118838.7845006,-647393.14896851,-0.0018201741782858,1512020.8972993,-0.09621189627926,-460.66196604967,2588518.707496,356245.83313664,0,0,892179.03311196,-0.090275443888317,0,170811.62184725
16.295900820758,-0.090069944411254,0,91875.282578286,0,0,879821.72004073,-2119293.1337563,-647420.57316129,-0.0018204823096001,1512321.1489126,-0.096219850464036,-460.82351076011,2589079.9259559,356260.29390591,0,0,892407.3465498,-0.090281839484554,0,170851.64955401
16.296171842334,-0.090132154563102,0,92051.526025658,0,0,881718.94596422,-2123671.6113983,-647689.18737278,-0.0018248244270168,1515279.5229414,-0.096297747832436,-462.3387208519,2594406.2065993,356401.93410532,0,0,894531.13916747,-0.090344498867929,0,171260.04421742
16.296442863909,-0.090132154563102,0,92051.526025658,0,0,881718.94596422,-2123671.6113983,-647689.18737278,-0.0018248244270168,1515279.5229414,-0.096297747832436,-462.3387208519,2594406.2065993,356401.93410532,0,0,894531.13916747,-0.090344498867929,0,171260.04421742
16.2967680898,-0.090132154563102,0,92051.526025658,0,0,881718.94596422,-2123671.6113983,-647689.18737278,-0.0018248244270168,1515279.5229414,-0.096297747832436,-462.3387208519,2594406.2065993,356401.93410532,0,0,894531.13916747,-0.090344498867929,0,171260.04421742
16.297158360869,-0.090132154563102,0,92051.526025658,0,0,881718.94596422,-2123671.6113983,-647689.18737278,-0.0018248244270168,1515279.5229414,-0.096297747832436,-462.3387208519,2594406.2065993,356401.93410532,0,0,894531.13916747,-0.090344498867929,0,171260.04421742
16.297626686152,-0.090132154563102,0,92051.526025658,0,0,881718.94596422,-2123671.6113983,-647689.18737278,-0.0018248244270168,1515279.5229414,-0.096297747832436,-462.3387208519,2594406.2065993,356401.93410532,0,0,894531.13916747,-0.090344498867929,0,171260.04421742
16.298188676492,-0.090132154563102,0,92051.526025658,0,0,881718.94596422,-2123671.6113983,-647689.18737278,-0.0018248244270168,1515279.5229414,-0.096297747832436,-462.3387208519,2594406.2065993,356401.93410532,0,0,894531.13916747,-0.090344498867929,0,171260.04421742
16.298863064899,-0.090132154563102,0,92051.526025658,0,0,881718.94596422,-2123671.6113983,-647689.18737278,-0.0018248244270168,1515279.5229414,-0.096297747832436,-462.3387208519,2594406.2065993,356401.93410532,0,0,894531.13916747,-0.090344498867929,0,171260.04421742
16.299672330988,-0.090150862339873,0,92104.456145244,0,0,882302.64344459,-2124972.9014104,-647769.78714676,-0.0018253314050302,1516167.2225086,-0.096321179205566,-462.84993444969,2595964.0435049,356444.43434386,0,0,894178.39564699,-0.090363342596889,0,171380.61198317
16.300643450294,-0.090168615156685,0,92154.871746669,0,0,882845.42127743,-2126166.2609994,-647846.20771559,-0.0018262206550246,1517015.701337,-0.096343391640289,-463.29784462433,2597317.9117408,356484.7308885,0,0,895340.30363463,-0.090381222311322,0,171493.13895676
16.301808793462,-0.090190751440444,0,92218.637337778,0,0,883543.92135826,-2127691.960523,-647941.73417784,-0.0018275703879646,1518051.8587126,-0.09637117825823,-463.87343030851,2599170.5919365,356535.10196558,0,0,896287.14990244,-0.09040352059976,0,171639.31180374
16.303207205264,-0.09026140815759,0,92419.730117364,0,0,885623.9588704,-2132436.5426548,-648246.5562763,-0.0018334811174274,1521405.0346178,-0.096459935521985,-465.74610566214,2604841.6117826,356695.83457345,0,0,898188.610754,-0.090474689439861,0,172116.93067371
16.304885299426,-0.09026140815759,0,92419.730117364,0,0,885623.9588704,-2132436.5426548,-648246.5562763,-0.0018334811174274,1521405.0346178,-0.096459935521985,-465.74610566214,2604841.6117826,356695.83457345,0,0,898188.610754,-0.090474689439861,0,172116.93067371
16.30689901242,-0.090329549612483,0,92612.745806269,0,0,887738.97644491,-2137201.7265027,-648540.43515726,-0.0018358369643516,1524641.5951031,-0.096545229633721,-467.53293629577,2610581.6239546,356850.79682617,0,0,900319.29864905,-0.090543322413768,0,172546.55254718
16.309315468013,-0.090329549612483,0,92612.745806269,0,0,887738.97644491,-2137201.7265027,-648540.43515726,-0.0018358369643516,1524641.5951031,-0.096545229633721,-467.53293629577,2610581.6239546,356850.79682617,0,0,900319.29864905,-0.090543322413768,0,172546.55254718
16.312215214724,-0.090426717789579,0,92890.754982538,0,0,890786.3604177,-2144004.1961295,-648957.19882775,-0.001840846283209,1529265.5700256,-0.096667076172155,-470.10054649564,2618706.2300223,357070.55619434,0,0,903226.68405658,-0.090641192866906,0,173156.34206807
16.313955062751,-0.090426717789579,0,92890.754982538,0,0,890786.3604177,-2144004.1961295,-648957.19882775,-0.001840846283209,1529265.5700256,-0.096667076172155,-470.10054649564,2618706.2300223,357070.55619434,0,0,903226.68405658,-0.090641192866906,0,173156.34206807
16.315694910778,-0.090449501160609,0,92950.657834407,0,0,891466.9689973,-2145541.1490867,-649056.3844684,-0.0018443260290242,1530307.4226659,-0.096695580603955,-470.681464943,2620581.2256873,357122.8567551,0,0,903598.35740722,-0.090664139413413,0,173307.17278923
16.31778272841,-0.090476216964602,0,93032.485064869,0,0,892326.853348,-2147433.6389323,-649171.51933761,-0.0018446167210392,1531614.3980402,-0.096728965900765,-471.37571754454,2622895.042433,357183.56733999,0,0,904659.69771517,-0.090691048843396,0,173469.52410087
16.3184090737,-0.090498463344897,0,93098.976525259,0,0,893007.36676391,-2149005.214675,-649267.85897468,-0.0018447487430998,1532679.9308619,-0.096756761563778,-471.96251885428,2624889.618591,357234.36720426,0,0,905365.67105263,-0.090713454143123,0,173603.63755337
16.319035418989,-0.090498463344897,0,93098.976525259,0,0,893007.36676391,-2149005.214675,-649267.85897468,-0.0018447487430998,1532679.9308619,-0.096756761563778,-471.96251885428,2624889.618591,357234.36720426,0,0,905365.67105263,-0.090713454143123,0,173603.63755337
16.319787033337,-0.090528357385054,0,93186.716568691,0,0,893834.54617449,-2150977.5892801,-649396.89812668,-0.001846440142911,1534118.3913905,-0.096794072052718,-472.76565963672,2627409.7823334,357302.40951367,0,0,906275.69395205,-0.090743560048496,0,173797.33229187
16.320688970554,-0.090528357385054,0,93186.716568691,0,0,893834.54617449,-2150977.5892801,-649396.89812668,-0.001846440142911,1534118.3913905,-0.096794072052718,-472.76565963672,2627409.7823334,357302.40951367,0,0,906275.69395205,-0.090743560048496,0,173797.33229187
16.321771295215,-0.090563730109023,0,93287.738834068,0,0,894843.71098802,-2153383.7715697,-649549.35900327,-0.0018490825405452,1535816.0234361,-0.09683838077949,-473.71404869549,2630505.3211244,357382.8020918,0,0,907365.26763379,-0.090779186553232,0,174019.04679646
16.323070084808,-0.090563730109023,0,93287.738834068,0,0,894843.71098802,-2153383.7715697,-649549.35900327,-0.0018490825405452,1535816.0234361,-0.09683838077949,-473.71404869549,2630505.3211244,357382.8020918,0,0,907365.26763379,-0.090779186553232,0,174019.04679646
16.324628632319,-0.090605804909766,0,93406.353529445,0,0,896138.17693983,-2156308.3008256,-649730.13065735,-0.0018503176155433,1537821.7171875,-0.096891120023957,-474.81225037439,2634042.0529013,357478.12293494,0,0,908675.38941495,-0.090821563306425,0,174283.77146255
16.326498889332,-0.090690373139989,0,93643.591157044,0,0,898716.11740373,-2162298.2601683,-650094.60726798,-0.0018568597062068,1541835.5717061,-0.09699705006818,-477.01371655213,2641269.8611291,357670.31135103,0,0,911216.82801515,-0.090906740744861,0,174817.5740398
16.328743197748,-0.090690373139989,0,93643.591157044,0,0,898716.11740373,-2162298.2601683,-650094.60726798,-0.0018568597062068,1541835.5717061,-0.09699705006818,-477.01371655213,2641269.8611291,357670.31135103,0,0,911216.82801515,-0.090906740744861,0,174817.5740398
16.331436367848,-0.090781231008892,0,93901.612998922,0,0,901553.19864365,-2168541.8680247,-650485.79851771,-0.0018617308877753,1546158.4471818,-0.097110866955634,-479.36063352219,2648607.9683859,357876.58638845,0,0,914076.08859093,-0.090998254039013,0,175399.59858827
16.334668171967,-0.090781231008892,0,93901.612998922,0,0,901553.19864365,-2168541.8680247,-650485.79851771,-0.0018617308877753,1546158.4471818,-0.097110866955634,-479.36063352219,2648607.9683859,357876.58638845,0,0,914076.08859093,-0.090998254039013,0,175399.59858827
16.335637713203,-0.090859101888063,0,94122.587733058,0,0,903968.70491759,-2173949.3676514,-650822.18223107,-0.0018641255456637,1549849.8841447,-0.097208223971501,-481.36760961884,2655091.7192873,358053.96142747,0,0,916525.88377372,-0.091076683413933,0,175886.87129867
16.336607254439,-0.090859101888063,0,94122.587733058,0,0,903968.70491759,-2173949.3676514,-650822.18223107,-0.0018641255456637,1549849.8841447,-0.097208223971501,-481.36760961884,2655091.7192873,358053.96142747,0,0,916525.88377372,-0.091076683413933,0,175886.87129867
16.337770703922,-0.090859101888063,0,94122.587733058,0,0,903968.70491759,-2173949.3676514,-650822.18223107,-0.0018641255456637,1549849.8841447,-0.097208223971501,-481.36760961884,2655091.7192873,358053.96142747,0,0,916525.88377372,-0.091076683413933,0,175886.87129867
16.339166843301,-0.090880871604256,0,94182.280379269,0,0,904631.92705512,-2175401.5138587,-650916.14429083,-0.0018655255847231,1550898.0693948,-0.097235423503004,-481.92236005766,2656772.7634668,358103.50759525,0,0,917230.58627306,-0.091098608168255,0,176027.78005219
16.340842210557,-0.090954799315676,0,94368.167406618,0,0,906872.47083624,-2180546.5339272,-651235.64087857,-0.0018728202337467,1554365.934077,-0.097328379754689,-483.90633524915,2663022.0642337,358271.97805696,0,0,919508.87283013,-0.091173071597412,0,176507.86921154
16.342852651263,-0.090954799315676,0,94368.167406618,0,0,906872.47083624,-2180546.5339272,-651235.64087857,-0.0018728202337467,1554365.934077,-0.097328379754689,-483.90633524915,2663022.0642337,358271.97805696,0,0,919508.87283013,-0.091173071597412,0,176507.86921154
16.345265180111,-0.091036399576626,0,94599.870648308,0,0,909459.29550271,-2186147.725775,-651586.5285749,-0.0018751659392804,1558245.1278915,-0.097430432620942,-486.05754998733,2669507.8652554,358457.00104212,0,0,922147.58422841,-0.091255260428408,0,177036.67026423
16.348160214728,-0.091036399576626,0,94599.870648308,0,0,909459.29550271,-2186147.725775,-651586.5285749,-0.0018751659392804,1558245.1278915,-0.097430432620942,-486.05754998733,2669507.8652554,358457.00104212,0,0,922147.58422841,-0.091255260428408,0,177036.67026423
16.348594469921,-0.091098385922447,0,94774.108201684,0,0,911341.84807207,-2190421.8945341,-651854.91464759,-0.0018797917718162,1561202.0994586,-0.097507872230084,-487.63695294891,2674747.385784,358598.52094389,0,0,924180.22001149,-0.091317692270716,0,177433.94552651
16.349028725114,-0.091098385922447,0,94774.108201684,0,0,911341.84807207,-2190421.8945341,-651854.91464759,-0.0018797917718162,1561202.0994586,-0.097507872230084,-487.63695294891,2674747.385784,358598.52094389,0,0,924180.22001149,-0.091317692270716,0,177433.94552651
16.349549831345,-0.091098385922447,0,94774.108201684,0,0,911341.84807207,-2190421.8945341,-651854.91464759,-0.0018797917718162,1561202.0994586,-0.097507872230084,-487.63695294891,2674747.385784,358598.52094389,0,0,924180.22001149,-0.091317692270716,0,177433.94552651
16.350175158822,-0.091098385922447,0,94774.108201684,0,0,911341.84807207,-2190421.8945341,-651854.91464759,-0.0018797917718162,1561202.0994586,-0.097507872230084,-487.63695294891,2674747.385784,358598.52094389,0,0,924180.22001149,-0.091317692270716,0,177433.94552651
16.350925551795,-0.091098385922447,0,94774.108201684,0,0,911341.84807207,-2190421.8945341,-651854.91464759,-0.0018797917718162,1561202.0994586,-0.097507872230084,-487.63695294891,2674747.385784,358598.52094389,0,0,924180.22001149,-0.091317692270716,0,177433.94552651
16.351826023362,-0.091113129191006,0,94816.543654825,0,0,911804.30814018,-2191456.0652801,-651918.51588052,-0.0018799557980671,1561899.8454918,-0.097526333508009,-488.04761028058,2675996.096107,358632.05785641,0,0,924643.06952945,-0.091332541564019,0,177527.20971428
16.352906589243,-0.091129141531521,0,94861.730688559,0,0,912305.29298404,-2192599.260433,-651987.48173755,-0.0018805515419529,1562658.5739369,-0.097546376859032,-488.4842308087,2677459.245539,358668.42353399,0,0,925099.29547224,-0.091348669290389,0,177621.97683425
16.3542032683,-0.091201308478852,0,95061.619666785,0,0,914532.10533845,-2197785.5184795,-652298.50712979,-0.0018853498236201,1566042.4822539,-0.097636926288761,-490.48340008608,2684155.0799946,358832.42713857,0,0,927070.3795493,-0.091421358413335,0,178067.18148305
16.355759283169,-0.091201308478852,0,95061.619666785,0,0,914532.10533845,-2197785.5184795,-652298.50712979,-0.0018853498236201,1566042.4822539,-0.097636926288761,-490.48340008608,2684155.0799946,358832.42713857,0,0,927070.3795493,-0.091421358413335,0,178067.18148305
16.357626501011,-0.091218705825572,0,95109.833894124,0,0,915057.84020386,-2198975.8517726,-652373.76353124,-0.0018881012241722,1566860.7024297,-0.097658720021454,-490.94946414125,2685564.9976247,358872.10981821,0,0,927627.38923643,-0.091438880872668,0,178180.85702288
16.358746831716,-0.091248709045414,0,95195.49830833,0,0,915993.70827192,-2201094.2233675,-652503.31953157,-0.0018884507887023,1568281.3753925,-0.09769631824458,-491.75043968289,2688162.9770095,358940.42466167,0,0,928528.84239429,-0.091469100615167,0,178369.99301902
16.359867162421,-0.091248709045414,0,95195.49830833,0,0,915993.70827192,-2201094.2233675,-652503.31953157,-0.0018884507887023,1568281.3753925,-0.09769631824458,-491.75043968289,2688162.9770095,358940.42466167,0,0,928528.84239429,-0.091469100615167,0,178369.99301902
16.361211559268,-0.091330142001504,0,95428.404076111,0,0,918538.97894276,-2206681.673214,-652853.62077473,-0.0018920104352181,1572168.8639744,-0.097798475064159,-493.93121523315,2694709.3875955,359125.1384099,0,0,930954.74504908,-0.091551119664693,0,178909.06936887
16.362824835483,-0.091330142001504,0,95428.404076111,0,0,918538.97894276,-2206681.673214,-652853.62077473,-0.0018920104352181,1572168.8639744,-0.097798475064159,-493.93121523315,2694709.3875955,359125.1384099,0,0,930954.74504908,-0.091551119664693,0,178909.06936887
16.364760766942,-0.091355902785908,0,95501.086669996,0,0,919329.16644864,-2208443.4275231,-652965.0194398,-0.0018974631412022,1573395.4637861,-0.097830684812034,-494.60213485344,2696824.7372279,359183.87889503,0,0,931741.04138354,-0.091577064941209,0,179074.34517906
16.367083884693,-0.091438415261997,0,95735.447158369,0,0,921919.55670258,-2214190.8730084,-653320.04242289,-0.0018984451268059,1577328.5019576,-0.097934028238892,-496.75731486333,2703715.8181229,359371.08241595,0,0,934356.02147547,-0.091660177469953,0,179597.7232723
16.369871625993,-0.091490900082273,0,95878.83662947,0,0,923427.51467546,-2217700.8740947,-653548.27301573,-0.0019033088827894,1579797.7851339,-0.097999495123994,-498.1564515063,2707838.3654525,359491.42834329,0,0,935962.67040154,-0.091713037733711,0,179949.19904671
16.371544270773,-0.091490900082273,0,95878.83662947,0,0,923427.51467546,-2217700.8740947,-653548.27301573,-0.0019033088827894,1579797.7851339,-0.097999495123994,-498.1564515063,2707838.3654525,359491.42834329,0,0,935962.67040154,-0.091713037733711,0,179949.19904671
16.372380593164,-0.091490900082273,0,95878.83662947,0,0,923427.51467546,-2217700.8740947,-653548.27301573,-0.0019033088827894,1579797.7851339,-0.097999495123994,-498.1564515063,2707838.3654525,359491.42834329,0,0,935962.67040154,-0.091713037733711,0,179949.19904671
16.372798754359,-0.091500409462472,0,95905.961625562,0,0,923665.37813916,-2218346.3906433,-653589.17965145,-0.0019061966923655,1580257.0756968,-0.098011372191261,-498.41061364936,2708696.8407567,359512.99840085,0,0,936236.31346299,-0.091722615137177,0,180008.18418083
16.373216915554,-0.091505609262839,0,95920.733452189,0,0,923833.06985722,-2218705.9813086,-653611.58451509,-0.001906284852946,1580505.5084728,-0.09801788811946,-498.54609850398,2709120.5640061,359524.81247926,0,0,936399.71180816,-0.091727852798724,0,180040.6423335
16.373718708988,-0.091529640924942,0,95988.654410343,0,0,924533.40869058,-2220354.4364221,-653715.34492112,-0.001906781590435,1581650.9392134,-0.098048138828136,-499.20308950706,2711167.4999087,359579.52531268,0,0,937126.55073647,-0.091752059089631,0,180201.48702201
16.374320861109,-0.091529640924942,0,95988.654410343,0,0,924533.40869058,-2220354.4364221,-653715.34492112,-0.001906781590435,1581650.9392134,-0.098048138828136,-499.20308950706,2711167.4999087,359579.52531268,0,0,937126.55073647,-0.091752059089631,0,180201.48702201
16.375043443654,-0.091529640924942,0,95988.654410343,0,0,924533.40869058,-2220354.4364221,-653715.34492112,-0.001906781590435,1581650.9392134,-0.098048138828136,-499.20308950706,2711167.4999087,359579.52531268,0,0,937126.55073647,-0.091752059089631,0,180201.48702201
16.375910542708,-0.091600775291464,0,96186.885040696,0,0,926592.38868588,-2225036.8594732,-654022.63920604,-0.0019138602961188,1584976.4482763,-0.098138104097088,-501.18741720521,2716756.114327,359741.5615032,0,0,939201.62533047,-0.091823710006098,0,180700.64350702
16.376951061573,-0.091600775291464,0,96186.885040696,0,0,926592.38868588,-2225036.8594732,-654022.63920604,-0.0019138602961188,1584976.4482763,-0.098138104097088,-501.18741720521,2716756.114327,359741.5615032,0,0,939201.62533047,-0.091823710006098,0,180700.64350702
16.378199684211,-0.091600775291464,0,96186.885040696,0,0,926592.38868588,-2225036.8594732,-654022.63920604,-0.0019138602961188,1584976.4482763,-0.098138104097088,-501.18741720521,2716756.114327,359741.5615032,0,0,939201.62533047,-0.091823710006098,0,180700.64350702
16.379698031377,-0.091671024481368,0,96387.624404839,0,0,928681.55444103,-2229910.445299,-654324.87179373,-0.0019173752076179,1588357.9303566,-0.098225768598995,-503.02227165603,2722451.8555699,359900.92866321,0,0,942369.96600889,-0.09189446649649,0,181162.49475514
16.381496047975,-0.091671024481368,0,96387.624404839,0,0,928681.55444103,-2229910.445299,-654324.87179373,-0.0019173752076179,1588357.9303566,-0.098225768598995,-503.02227165603,2722451.8555699,359900.92866321,0,0,942369.96600889,-0.09189446649649,0,181162.49475514
16.383653667894,-0.091743856124023,0,96594.194356493,0,0,930919.25248335,-2234881.4006812,-654638.67213585,-0.0019222815656116,1591813.8184171,-0.0983170440396,-504.90974193496,2728350.7291296,360066.39549639,0,0,946008.75271617,-0.091967820121899,0,181623.74860179
16.386242811796,-0.091743856124023,0,96594.194356493,0,0,930919.25248335,-2234881.4006812,-654638.67213585,-0.0019222815656116,1591813.8184171,-0.0983170440396,-504.90974193496,2728350.7291296,360066.39549639,0,0,946008.75271617,-0.091967820121899,0,181623.74860179
16.387796298137,-0.091771474156752,0,96670.126113704,0,0,931729.00366863,-2236835.1476518,-654758.22621403,-0.0019231089695834,1593114.7946004,-0.09835178003883,-505.6777989308,2730769.0455276,360129.43632886,0,0,946833.44253924,-0.091995640609059,0,181803.6299871
16.389349784478,-0.091790644588011,0,96726.088599166,0,0,932305.63659681,-2238141.4169504,-654840.57835435,-0.0019235707745869,1594042.9736605,-0.098375736612408,-506.17900597905,2732343.747494,360172.86058966,0,0,947477.61161398,-0.092014947802087,0,181927.48040613
16.390281876283,-0.09186591455181,0,96940.568013999,0,0,934507.89887518,-2243304.4669449,-655164.86497823,-0.0019280885043807,1597620.8247647,-0.098469976110474,-508.18504547011,2738693.0365874,360343.85683682,0,0,949387.57621763,-0.092090759169283,0,182418.36088966
16.391213968088,-0.09186591455181,0,96940.568013999,0,0,934507.89887518,-2243304.4669449,-655164.86497823,-0.0019280885043807,1597620.8247647,-0.098469976110474,-508.18504547011,2738693.0365874,360343.85683682,0,0,949387.57621763,-0.092090759169283,0,182418.36088966
16.392332478253,-0.09186591455181,0,96940.568013999,0,0,934507.89887518,-2243304.4669449,-655164.86497823,-0.0019280885043807,1597620.8247647,-0.098469976110474,-508.18504547011,2738693.0365874,360343.85683682,0,0,949387.57621763,-0.092090759169283,0,182418.36088966
16.393674690452,-0.09186591455181,0,96940.568013999,0,0,934507.89887518,-2243304.4669449,-655164.86497823,-0.0019280885043807,1597620.8247647,-0.098469976110474,-508.18504547011,2738693.0365874,360343.85683682,0,0,949387.57621763,-0.092090759169283,0,182418.36088966
16.395285345091,-0.09195765278084,0,97201.353706198,0,0,937380.50062995,-2249706.4922868,-655559.23464784,-0.0019308793353089,1601970.4070962,-0.09858503323082,-510.58777224067,2746309.9783296,360551.80785442,0,0,952257.94952431,-0.092183157973746,0,183003.12915695
16.397218130657,-0.09195765278084,0,97201.353706198,0,0,937380.50062995,-2249706.4922868,-655559.23464784,-0.0019308793353089,1601970.4070962,-0.09858503323082,-510.58777224067,2746309.9783296,360551.80785442,0,0,952257.94952431,-0.092183157973746,0,183003.12915695
16.399537473337,-0.091979078525983,0,97262.029244012,0,0,938045.08265463,-2251196.7423175,-655651.72744475,-0.0019320805929197,1602992.8306111,-0.098611825213312,-511.14305488871,2748103.5896781,360600.57928066,0,0,952913.67700196,-0.092204736458563,0,183136.33489521
16.400929078944,-0.092061641659385,0,97495.550530202,0,0,940555.30023207,-2256776.949704,-656008.42962929,-0.0019363516233346,1606926.4547646,-0.098715461497395,-513.33097141176,2754673.054396,360788.66824366,0,0,955428.70180337,-0.092287894406507,0,183688.28498101
16.402320684552,-0.092061641659385,0,97495.550530202,0,0,940555.30023207,-2256776.949704,-656008.42962929,-0.0019363516233346,1606926.4547646,-0.098715461497395,-513.33097141176,2754673.054396,360788.66824366,0,0,955428.70180337,-0.092287894406507,0,183688.28498101
16.403990611281,-0.092061641659385,0,97495.550530202,0,0,940555.30023207,-2256776.949704,-656008.42962929,-0.0019363516233346,1606926.4547646,-0.098715461497395,-513.33097141176,2754673.054396,360788.66824366,0,0,955428.70180337,-0.092287894406507,0,183688.28498101
16.4044915893,-0.092077253104901,0,97540.418731378,0,0,941041.53645816,-2257869.9216341,-656075.86209764,-0.0019367532288724,1607669.5770854,-0.098734933151152,-513.74104049802,2756020.8939333,360824.22536547,0,0,955903.90426951,-0.092303616942146,0,183785.07855425
16.404992567319,-0.09208367203446,0,97558.543177382,0,0,941238.033379,-2258318.559574,-656103.68343159,-0.0019373913246827,1607972.8051543,-0.09874297318586,-513.91229481025,2756576.7621462,360838.89554712,0,0,956087.30733518,-0.092310081914297,0,183824.75410254
16.405593740942,-0.092148269479097,0,97740.119452927,0,0,943053.07102172,-2262619.2623503,-656383.35882628,-0.0019449286781762,1611022.2939183,-0.098823949085848,-515.6696283041,2761738.748263,360986.36830443,0,0,958021.88706514,-0.092375141297747,0,184258.367633
16.406315149289,-0.092148269479097,0,97740.119452927,0,0,943053.07102172,-2262619.2623503,-656383.35882628,-0.0019449286781762,1611022.2939183,-0.098823949085848,-515.6696283041,2761738.748263,360986.36830443,0,0,958021.88706514,-0.092375141297747,0,184258.367633
16.407180839305,-0.092148269479097,0,97740.119452927,0,0,943053.07102172,-2262619.2623503,-656383.35882628,-0.0019449286781762,1611022.2939183,-0.098823949085848,-515.6696283041,2761738.748263,360986.36830443,0,0,958021.88706514,-0.092375141297747,0,184258.367633
16.408219667325,-0.092148269479097,0,97740.119452927,0,0,943053.07102172,-2262619.2623503,-656383.35882628,-0.0019449286781762,1611022.2939183,-0.098823949085848,-515.6696283041,2761738.748263,360986.36830443,0,0,958021.88706514,-0.092375141297747,0,184258.367633
16.408842964137,-0.092148269479097,0,97740.119452927,0,0,943053.07102172,-2262619.2623503,-656383.35882628,-0.0019449286781762,1611022.2939183,-0.098823949085848,-515.6696283041,2761738.748263,360986.36830443,0,0,958021.88706514,-0.092375141297747,0,184258.367633
16.409154612543,-0.09216386655,0,97784.494075205,0,0,943553.52649159,-2263698.5515321,-656450.4939961,-0.0019456287519296,1611767.14548,-0.098843464050585,-516.07820952258,2763011.8316333,361021.76866087,0,0,958503.08750798,-0.092390850302466,0,184358.455444
16.409466260948,-0.09216386655,0,97784.494075205,0,0,943553.52649159,-2263698.5515321,-656450.4939961,-0.0019456287519296,1611767.14548,-0.098843464050585,-516.07820952258,2763011.8316333,361021.76866087,0,0,958503.08750798,-0.092390850302466,0,184358.455444
16.409840239036,-0.09216386655,0,97784.494075205,0,0,943553.52649159,-2263698.5515321,-656450.4939961,-0.0019456287519296,1611767.14548,-0.098843464050585,-516.07820952258,2763011.8316333,361021.76866087,0,0,958503.08750798,-0.092390850302466,0,184358.455444
16.41028901274,-0.092188594876642,0,97854.067921395,0,0,944369.1157979,-2265392.6664696,-656556.91675358,-0.0019475187034071,1612941.7026324,-0.098874450414489,-516.72965365098,2765002.1115203,361077.8853513,0,0,959231.0587464,-0.0924157573415,0,184521.12480891
16.410827541186,-0.092188594876642,0,97854.067921395,0,0,944369.1157979,-2265392.6664696,-656556.91675358,-0.0019475187034071,1612941.7026324,-0.098874450414489,-516.72965365098,2765002.1115203,361077.8853513,0,0,959231.0587464,-0.0924157573415,0,184521.12480891
16.41147377532,-0.092256668384864,0,98046.244833138,0,0,946600.44114144,-2270036.1233149,-656850.23976734,-0.001952799640037,1616172.6374982,-0.09895973800652,-518.52773879246,2770559.9900836,361232.55449504,0,0,961421.92817636,-0.092484319657752,0,184967.208375
16.412249256282,-0.092256668384864,0,98046.244833138,0,0,946600.44114144,-2270036.1233149,-656850.23976734,-0.001952799640037,1616172.6374982,-0.09895973800652,-518.52773879246,2770559.9900836,361232.55449504,0,0,961421.92817636,-0.092484319657752,0,184967.208375
16.413179833435,-0.092256668384864,0,98046.244833138,0,0,946600.44114144,-2270036.1233149,-656850.23976734,-0.001952799640037,1616172.6374982,-0.09895973800652,-518.52773879246,2770559.9900836,361232.55449504,0,0,961421.92817636,-0.092484319657752,0,184967.208375
16.41429652602,-0.092256668384864,0,98046.244833138,0,0,946600.44114144,-2270036.1233149,-656850.23976734,-0.001952799640037,1616172.6374982,-0.09895973800652,-518.52773879246,2770559.9900836,361232.55449504,0,0,961421.92817636,-0.092484319657752,0,184967.208375
16.415636557121,-0.092291389617306,0,98144.924123797,0,0,947645.62702614,-2272395.1627472,-656999.51031747,-0.0019551335051455,1617832.9842655,-0.099003243562614,-519.42696039482,2773295.2307588,361311.26481453,0,0,962527.36123811,-0.092519289947783,0,185189.16169709
16.417244594443,-0.092362950820558,0,98347.041842266,0,0,949679.57549927,-2277434.7948803,-657308.09323237,-0.0019572896289779,1621222.258263,-0.099092912811551,-521.3284681398,2779422.2743429,361473.98050045,0,0,964631.44616134,-0.092591364588162,0,185639.76565893
16.419174239229,-0.092362950820558,0,98347.041842266,0,0,949679.57549927,-2277434.7948803,-657308.09323237,-0.0019572896289779,1621222.258263,-0.099092912811551,-521.3284681398,2779422.2743429,361473.98050045,0,0,964631.44616134,-0.092591364588162,0,185639.76565893
16.421489812972,-0.092395430520605,0,98438.628095451,0,0,950670.02569281,-2279662.4945562,-657447.9073973,-0.0019597540794406,1622761.0149785,-0.099133628495122,-522.17755115149,2782057.7466257,361547.70447083,0,0,965523.18803069,-0.092624078543699,0,185848.39409203
16.424268501464,-0.092491617384624,0,98711.374958779,0,0,953835.58319447,-2286441.7452302,-657861.33721184,-0.0019649543231497,1627323.9886604,-0.099254371005731,-524.7151613525,2790284.3343833,361765.70589799,0,0,968611.10511002,-0.09272096280087,0,186460.04616111
16.427602927654,-0.092505871597363,0,98747.91483114,0,0,954251.79665192,-2287463.1277712,-657924.67649957,-0.0019695846354347,1627984.0569974,-0.099272286432537,-525.16752362051,2791808.5118083,361799.10468678,0,0,968741.33017721,-0.092735319311212,0,186548.76946185
16.431604239082,-0.092626212491641,0,99093.699583994,0,0,958320.398465,-2295861.28508,-658439.61179023,-0.0019715189851449,1633766.9056617,-0.099423061834758,-528.24849724141,2801694.2521761,362070.62992332,0,0,972505.07240638,-0.092856527461574,0,187311.62123928
16.436405812796,-0.092715359298725,0,99343.340305215,0,0,961026.37005458,-2301998.5639634,-658826.19614648,-0.0019784412066211,1637954.3520082,-0.099534736901088,-530.57817018007,2809140.5688887,362274.47574678,0,0,975200.13699619,-0.092946307886016,0,187864.56232055
16.439286757024,-0.092715359298725,0,99343.340305215,0,0,961026.37005458,-2301998.5639634,-658826.19614648,-0.0019784412066211,1637954.3520082,-0.099534736901088,-530.57817018007,2809140.5688887,362274.47574678,0,0,975200.13699619,-0.092946307886016,0,187864.56232055
16.439646875053,-0.092738715240332,0,99409.025654235,0,0,961705.89889578,-2303568.8154898,-658927.32713459,-0.0019787507731169,1639066.8215086,-0.099563799288524,-531.18939611751,2810959.4300909,362327.80208873,0,0,975917.88295665,-0.092969831363849,0,188019.60567404
16.440006993081,-0.092738715240332,0,99409.025654235,0,0,961705.89889578,-2303568.8154898,-658927.32713459,-0.0019787507731169,1639066.8215086,-0.099563799288524,-531.18939611751,2810959.4300909,362327.80208873,0,0,975917.88295665,-0.092969831363849,0,188019.60567404
16.440439134715,-0.092738715240332,0,99409.025654235,0,0,961705.89889578,-2303568.8154898,-658927.32713459,-0.0019787507731169,1639066.8215086,-0.099563799288524,-531.18939611751,2810959.4300909,362327.80208873,0,0,975917.88295665,-0.092969831363849,0,188019.60567404
16.440957704676,-0.09280045828869,0,99582.433212389,0,0,963570.50846087,-2307726.8991814,-659194.3828573,-0.0019832972761932,1642010.661751,-0.099640915166875,-532.83750240959,2815840.2693154,362468.62049681,0,0,977793.73275861,-0.093032017966879,0,188435.44034048
16.44157998863,-0.09280045828869,0,99582.433212389,0,0,963570.50846087,-2307726.8991814,-659194.3828573,-0.0019832972761932,1642010.661751,-0.099640915166875,-532.83750240959,2815840.2693154,362468.62049681,0,0,977793.73275861,-0.093032017966879,0,188435.44034048
16.442326729374,-0.09280045828869,0,99582.433212389,0,0,963570.50846087,-2307726.8991814,-659194.3828573,-0.0019832972761932,1642010.661751,-0.099640915166875,-532.83750240959,2815840.2693154,362468.62049681,0,0,977793.73275861,-0.093032017966879,0,188435.44034048
16.443222818267,-0.09280045828869,0,99582.433212389,0,0,963570.50846087,-2307726.8991814,-659194.3828573,-0.0019832972761932,1642010.661751,-0.099640915166875,-532.83750240959,2815840.2693154,362468.62049681,0,0,977793.73275861,-0.093032017966879,0,188435.44034048
16.444298124938,-0.092817822294607,0,99632.489636809,0,0,964087.65534175,-2308873.2111213,-659269.06834911,-0.0019864462879945,1642859.1753736,-0.099662639158618,-533.29795977629,2817151.4437794,362508.00213561,0,0,978280.50715133,-0.093049506320499,0,188553.45020381
16.445588492943,-0.092832235500874,0,99673.887169032,0,0,964534.57650503,-2309875.8530301,-659331.00998397,-0.0019866055053784,1643550.6195375,-0.099680683140775,-533.67504034879,2818393.0553359,362540.66394252,0,0,978706.13521233,-0.093064023000062,0,188643.89400869
16.446362713747,-0.092864559259248,0,99764.872998375,0,0,965483.61397514,-2312053.2125508,-659470.59326688,-0.0019898341123846,1645075.4025347,-0.09972132947679,-534.57179881182,2820993.3296652,362614.26616873,0,0,979725.74053427,-0.093096581762684,0,188865.97532707
16.44713693455,-0.092864559259248,0,99764.872998375,0,0,965483.61397514,-2312053.2125508,-659470.59326688,-0.0019898341123846,1645075.4025347,-0.09972132947679,-534.57179881182,2820993.3296652,362614.26616873,0,0,979725.74053427,-0.093096581762684,0,188865.97532707
16.448065999514,-0.092890544583115,0,99836.65895851,0,0,966248.48224526,-2313760.9814413,-659583.20702626,-0.0019941283909799,1646281.8411242,-0.099754095723449,-535.31763221522,2823054.851958,362673.64737266,0,0,980442.21104846,-0.093122753807603,0,189050.43670782
16.449180877471,-0.092890544583115,0,99836.65895851,0,0,966248.48224526,-2313760.9814413,-659583.20702626,-0.0019941283909799,1646281.8411242,-0.099754095723449,-535.31763221522,2823054.851958,362673.64737266,0,0,980442.21104846,-0.093122753807603,0,189050.43670782
16.450518731019,-0.092928954002674,0,99946.682287042,0,0,967415.84721687,-2316389.3657459,-659748.30848623,-0.0019982052922585,1648114.9870549,-0.099802323996689,-536.34861535463,2826221.7779106,362760.70532667,0,0,981550.0983617,-0.093161440078076,0,189303.53032805
16.452124155277,-0.092961838010259,0,100038.14755712,0,0,968393.68518063,-2318721.3208351,-659891.10178677,-0.0020026920895051,1649634.5206716,-0.099844019408566,-537.27563102794,2829243.236829,362836.00019427,0,0,982411.39712443,-0.093194560684814,0,189508.38169651
16.453087409832,-0.092961838010259,0,100038.14755712,0,0,968393.68518063,-2318721.3208351,-659891.10178677,-0.0020026920895051,1649634.5206716,-0.099844019408566,-537.27563102794,2829243.236829,362836.00019427,0,0,982411.39712443,-0.093194560684814,0,189508.38169651
16.454050664386,-0.092985352887273,0,100105.32478176,0,0,969077.63287704,-2320297.8371987,-659992.18235568,-0.0020055181725368,1650762.1094636,-0.09987334945994,-537.90147767775,2831155.1673584,362889.29995019,0,0,983163.69640302,-0.093218243476889,0,189663.31813568
16.455206569852,-0.093022620236057,0,100210.75479066,0,0,970187.80779427,-2322830.0525853,-660152.95738274,-0.0020092232250506,1652539.440854,-0.099920033201544,-538.90255838359,2834211.099825,362974.07657767,0,0,984214.77355507,-0.093255777725196,0,189908.47774463
16.456593656411,-0.093032855699823,0,100239.64080542,0,0,970479.79651325,-2323521.2561413,-660197.19555,-0.0020105326607174,1653031.1060007,-0.099932837259431,-539.17765762604,2835059.8068644,362997.40335104,0,0,984532.74512539,-0.093266086527781,0,189975.22423784
16.457009782378,-0.093032855699823,0,100239.64080542,0,0,970479.79651325,-2323521.2561413,-660197.19555,-0.0020105326607174,1653031.1060007,-0.099932837259431,-539.17765762604,2835059.8068644,362997.40335104,0,0,984532.74512539,-0.093266086527781,0,189975.22423784
16.457217845362,-0.0930995765154,0,100427.76309646,0,0,972489.41483471,-2328016.3046389,-660485.54637392,-0.0020181476632778,1656193.9687472,-0.10001639312755,-540.95811926147,2840423.9621255,363149.45066069,0,0,986641.29338249,-0.09333328545928,0,190413.69863194
16.457425908346,-0.0930995765154,0,100427.76309646,0,0,972489.41483471,-2328016.3046389,-660485.54637392,-0.0020181476632778,1656193.9687472,-0.10001639312755,-540.95811926147,2840423.9621255,363149.45066069,0,0,986641.29338249,-0.09333328545928,0,190413.69863194
16.457675583927,-0.0930995765154,0,100427.76309646,0,0,972489.41483471,-2328016.3046389,-660485.54637392,-0.0020181476632778,1656193.9687472,-0.10001639312755,-540.95811926147,2840423.9621255,363149.45066069,0,0,986641.29338249,-0.09333328545928,0,190413.69863194
16.457975194623,-0.0930995765154,0,100427.76309646,0,0,972489.41483471,-2328016.3046389,-660485.54637392,-0.0020181476632778,1656193.9687472,-0.10001639312755,-540.95811926147,2840423.9621255,363149.45066069,0,0,986641.29338249,-0.09333328545928,0,190413.69863194
16.458334727459,-0.0930995765154,0,100427.76309646,0,0,972489.41483471,-2328016.3046389,-660485.54637392,-0.0020181476632778,1656193.9687472,-0.10001639312755,-540.95811926147,2840423.9621255,363149.45066069,0,0,986641.29338249,-0.09333328545928,0,190413.69863194
16.458766166863,-0.0930995765154,0,100427.76309646,0,0,972489.41483471,-2328016.3046389,-660485.54637392,-0.0020181476632778,1656193.9687472,-0.10001639312755,-540.95811926147,2840423.9621255,363149.45066069,0,0,986641.29338249,-0.09333328545928,0,190413.69863194
16.459283894146,-0.0930995765154,0,100427.76309646,0,0,972489.41483471,-2328016.3046389,-660485.54637392,-0.0020181476632778,1656193.9687472,-0.10001639312755,-540.95811926147,2840423.9621255,363149.45066069,0,0,986641.29338249,-0.09333328545928,0,190413.69863194
16.459905166887,-0.0930995765154,0,100427.76309646,0,0,972489.41483471,-2328016.3046389,-660485.54637392,-0.0020181476632778,1656193.9687472,-0.10001639312755,-540.95811926147,2840423.9621255,363149.45066069,0,0,986641.29338249,-0.09333328545928,0,190413.69863194
16.460650694176,-0.093120714945018,0,100487.85935689,0,0,973120.4079605,-2329439.7772297,-660576.70977148,-0.0020228186806033,1657212.4047042,-0.10004287218075,-541.51311999002,2842125.1581577,363197.52109481,0,0,987308.51855051,-0.09335457687467,0,190550.56933293
16.461545326922,-0.093130800349008,0,100516.62090177,0,0,973425.86513424,-2330150.3117828,-660620.19507877,-0.0020229736207694,1657695.9594561,-0.10005549192118,-541.77205280517,2843004.9643149,363220.45088533,0,0,987596.87331697,-0.093364734399765,0,190614.78985728
16.462618886218,-0.093164723597735,0,100612.82412012,0,0,974464.20440477,-2332490.1516428,-660766.3462018,-0.0020239245031744,1659308.4206054,-0.10009805002671,-542.69960585203,2845858.9297778,363297.516332,0,0,988590.59575846,-0.093398899398067,0,190836.52896491
16.463907157373,-0.093164723597735,0,100612.82412012,0,0,974464.20440477,-2332490.1516428,-660766.3462018,-0.0020239245031744,1659308.4206054,-0.10009805002671,-542.69960585203,2845858.9297778,363297.516332,0,0,988590.59575846,-0.093398899398067,0,190836.52896491
16.465453082759,-0.093250793282048,0,100857.56747694,0,0,977170.51838227,-2338517.132246,-661136.20607577,-0.0020283610677463,1663412.8150432,-0.10020608586548,-544.95970993573,2853152.3760251,363492.54334131,0,0,991077.18437909,-0.093485590205017,0,191401.32125523
16.467308193223,-0.093250793282048,0,100857.56747694,0,0,977170.51838227,-2338517.132246,-661136.20607577,-0.0020283610677463,1663412.8150432,-0.10020608586548,-544.95970993573,2853152.3760251,363492.54334131,0,0,991077.18437909,-0.093485590205017,0,191401.32125523
16.469534325779,-0.0932801100615,0,100940.37307767,0,0,978063.00303548,-2340540.8178982,-661262.70565988,-0.0020292206936944,1664805.400996,-0.10024275148732,-545.73764163045,2855583.8284729,363559.24653688,0,0,991984.5748915,-0.093515116694215,0,191583.32077829
16.472205684846,-0.093375096712197,0,101211.24564886,0,0,981324.41158214,-2347150.3208198,-661671.04255102,-0.0020324515514419,1669336.5588275,-0.10036184347219,-548.22391885928,2863390.6718495,363774.56246651,0,0,994911.44621605,-0.093610786617026,0,192179.52973894
16.475411315726,-0.093381147216423,0,101228.45710942,0,0,981492.97435856,-2347560.0402289,-661697.24025143,-0.0020325067783921,1669627.9031363,-0.10036936895457,-548.37669838899,2863893.6320499,363788.37650663,0,0,995097.22937078,-0.093616879387989,0,192216.42576631
16.479258072783,-0.093504706975116,0,101582.49668975,0,0,985646.86606346,-2356231.9327454,-662226.60870088,-0.0020335534523614,1675579.121354,-0.10052407704925,-551.52730812544,2874347.5903722,364067.51234333,0,0,998899.58717865,-0.093741325828134,0,192979.20403987
16.481566127017,-0.093504706975116,0,101582.49668975,0,0,985646.86606346,-2356231.9327454,-662226.60870088,-0.0020335534523614,1675579.121354,-0.10052407704925,-551.52730812544,2874347.5903722,364067.51234333,0,0,998899.58717865,-0.093741325828134,0,192979.20403987
16.482720154134,-0.093533231048721,0,101662.1479268,0,0,986584.1464576,-2358071.7835743,-662351.12506645,-0.0020354467448761,1676940.8437526,-0.10055968010368,-552.26066190043,2876422.0586257,364133.16978797,0,0,999776.60158858,-0.093770050840644,0,193169.72046862
16.483874181251,-0.09354279010674,0,101688.72428926,0,0,986812.12076601,-2358667.9096668,-662392.84843357,-0.0020363569917578,1677395.0117452,-0.10057167282311,-552.52118834617,2877111.9081044,364155.17050775,0,0,1000064.2834431,-0.093779678246347,0,193237.85076293
16.485259013791,-0.093573867059252,0,101775.80475231,0,0,987686.82938441,-2360679.4352217,-662527.63364396,-0.0020411418903904,1678870.6306222,-0.10061070606257,-553.37491282497,2879550.5949234,364226.24271151,0,0,1000981.7251605,-0.093810978636774,0,193456.59319861
16.48692081284,-0.093647093638138,0,101982.09363512,0,0,989797.66755927,-2365682.0454336,-662844.50165312,-0.0020498150279774,1682362.0200978,-0.10070257326329,-555.3811377976,2885750.4701674,364393.32712493,0,0,1002913.4300181,-0.093884732203288,0,193940.88223923
16.488914971698,-0.093647093638138,0,101982.09363512,0,0,989797.66755927,-2365682.0454336,-662844.50165312,-0.0020498150279774,1682362.0200978,-0.10070257326329,-555.3811377976,2885750.4701674,364393.32712493,0,0,1002913.4300181,-0.093884732203288,0,193940.88223923
16.491307962327,-0.093682084337449,0,102081.79971359,0,0,990879.36492286,-2368077.8440445,-662995.03664462,-0.0020521164690479,1684039.7406777,-0.10074643396808,-556.24115236649,2888615.4959726,364472.70418414,0,0,1003949.5295288,-0.093919975604307,0,194168.02536908
16.494179551083,-0.093780239808902,0,102362.32021344,0,0,993982.17502876,-2374966.5749924,-663416.47950733,-0.0020549698817197,1688733.3563769,-0.10086952377614,-559.04292861768,2897007.8256324,364694.93088919,0,0,1007071.1039598,-0.094018838925735,0,194782.89343224
16.49762545759,-0.093794754195178,0,102403.29329463,0,0,994427.19378065,-2375950.4704748,-663479.37177598,-0.0020559981019164,1689426.8829877,-0.10088760556813,-559.38014408806,2898178.8806763,364728.09396498,0,0,1007506.9889738,-0.094033456300314,0,194874.25722272
16.499693001494,-0.093882259094272,0,102651.00867857,0,0,997068.62784908,-2381982.2807184,-663856.64872883,-0.0020617746519937,1693592.4781737,-0.10099724147177,-561.54902354818,2905546.0903823,364927.03199771,0,0,1010100.9886447,-0.094121587581018,0,195426.66011993
16.501760545398,-0.093882259094272,0,102651.00867857,0,0,997068.62784908,-2381982.2807184,-663856.64872883,-0.0020617746519937,1693592.4781737,-0.10099724147177,-561.54902354818,2905546.0903823,364927.03199771,0,0,1010100.9886447,-0.094121587581018,0,195426.66011993
16.503001071741,-0.093895126341442,0,102687.47293157,0,0,997446.4427957,-2382873.8724506,-663912.33803879,-0.0020621623513126,1694210.5947428,-0.1010132946353,-561.88118949679,2906640.9755796,364956.39695541,0,0,1010471.6628236,-0.094134546666336,0,195504.76207775
16.504241598083,-0.093908496044611,0,102725.373025,0,0,997858.58841285,-2383789.1480511,-663970.05468046,-0.0020630611873796,1694850.2126037,-0.10103002513194,-562.23170751515,2907749.7710778,364986.8309245,0,0,1010890.4524957,-0.09414801230576,0,195589.98932762
16.505730229694,-0.093932815776517,0,102794.92419051,0,0,998617.03730477,-2385479.3226811,-664074.72244794,-0.0020647674969485,1696020.4600634,-0.10106049464932,-562.87313023743,2909826.4326089,365042.02220938,0,0,1011619.7700139,-0.094172507016402,0,195741.92655291
16.506176819178,-0.093957884388935,0,102866.09527747,0,0,999314.55848902,-2387126.7432575,-664183.09417177,-0.0020680533419905,1697224.1023387,-0.1010919045483,-563.5456159521,2911841.0632169,365099.16658915,0,0,1012294.86381,-0.094197752834213,0,195909.27333596
16.506623408661,-0.093957884388935,0,102866.09527747,0,0,999314.55848902,-2387126.7432575,-664183.09417177,-0.0020680533419905,1697224.1023387,-0.1010919045483,-563.5456159521,2911841.0632169,365099.16658915,0,0,1012294.86381,-0.094197752834213,0,195909.27333596
16.507159316041,-0.093957884388935,0,102866.09527747,0,0,999314.55848902,-2387126.7432575,-664183.09417177,-0.0020680533419905,1697224.1023387,-0.1010919045483,-563.5456159521,2911841.0632169,365099.16658915,0,0,1012294.86381,-0.094197752834213,0,195909.27333596
16.507802404897,-0.094032263652505,0,103078.27955183,0,0,1001509.0025911,-2392196.5031502,-664503.58553231,-0.0020756720216678,1700807.772262,-0.10118502614669,-565.51021556818,2918054.3619662,365268.16159452,0,0,1014451.6128459,-0.09427266440227,0,196388.25121227
16.508574111524,-0.094032263652505,0,103078.27955183,0,0,1001509.0025911,-2392196.5031502,-664503.58553231,-0.0020756720216678,1700807.772262,-0.10118502614669,-565.51021556818,2918054.3619662,365268.16159452,0,0,1014451.6128459,-0.09427266440227,0,196388.25121227
16.509500159476,-0.094032263652505,0,103078.27955183,0,0,1001509.0025911,-2392196.5031502,-664503.58553231,-0.0020756720216678,1700807.772262,-0.10118502614669,-565.51021556818,2918054.3619662,365268.16159452,0,0,1014451.6128459,-0.09427266440227,0,196388.25121227
16.510611417019,-0.094032263652505,0,103078.27955183,0,0,1001509.0025911,-2392196.5031502,-664503.58553231,-0.0020756720216678,1700807.772262,-0.10118502614669,-565.51021556818,2918054.3619662,365268.16159452,0,0,1014451.6128459,-0.09427266440227,0,196388.25121227
16.511944926071,-0.094108725886634,0,103296.60406026,0,0,1003880.7927142,-2397542.6968985,-664832.46178975,-0.0020782541810242,1704493.7573673,-0.10128070428021,-567.47886224238,2924509.9466213,365441.57795392,0,0,1016838.8079241,-0.094349675461553,0,196866.62420477
16.513545136933,-0.094108725886634,0,103296.60406026,0,0,1003880.7927142,-2397542.6968985,-664832.46178975,-0.0020782541810242,1704493.7573673,-0.10128070428021,-567.47886224238,2924509.9466213,365441.57795392,0,0,1016838.8079241,-0.094349675461553,0,196866.62420477
16.515465389968,-0.094136026745585,0,103374.31940187,0,0,1004771.7106796,-2399358.564768,-664950.27710092,-0.0020802510141744,1705799.2715912,-0.10131485925789,-568.18798512682,2926601.0185997,365503.7019345,0,0,1017696.4156494,-0.094377169252838,0,197038.66575774
16.517769693609,-0.094171753227557,0,103473.34179896,0,0,1005670.9200657,-2401772.8624757,-665107.02984792,-0.0020886821483638,1707512.8839196,-0.1013597881316,-569.23278894031,2929736.1840561,365586.35761371,0,0,1018601.7720109,-0.094413152937223,0,197289.3931137
16.520534857978,-0.094266452137387,0,103744.31126243,0,0,1008647.5660189,-2408311.5598576,-665511.46281562,-0.0020961544739959,1712053.8327199,-0.10147871237646,-571.69155892553,2937456.5780603,365799.61500587,0,0,1021442.0564237,-0.094508540875167,0,197905.46820429
16.523853055222,-0.094266452137387,0,103744.31126243,0,0,1008647.5660189,-2408311.5598576,-665511.46281562,-0.0020961544739959,1712053.8327199,-0.10147871237646,-571.69155892553,2937456.5780603,365799.61500587,0,0,1021442.0564237,-0.094508540875167,0,197905.46820429
16.527834891914,-0.094399989377049,0,104126.05223258,0,0,1012794.1653856,-2417588.0252263,-666083.8629016,-0.0021016297364955,1718423.7702897,-0.10164619764363,-575.07681470577,2948402.461908,366101.44141269,0,0,1025688.3209079,-0.094643037745043,0,198736.56890253
16.530223993929,-0.094399989377049,0,104126.05223258,0,0,1012794.1653856,-2417588.0252263,-666083.8629016,-0.0021016297364955,1718423.7702897,-0.10164619764363,-575.07681470577,2948402.461908,366101.44141269,0,0,1025688.3209079,-0.094643037745043,0,198736.56890253
16.531418544937,-0.094468093998869,0,104315.67494323,0,0,1014572.5878556,-2422135.7091559,-666381.38870465,-0.0021061639915554,1721641.9972936,-0.10173105093332,-576.84604230694,2953962.9078062,366258.32668578,0,0,1027374.1458802,-0.094711618477818,0,199169.80253711
16.532613095945,-0.094468093998869,0,104315.67494323,0,0,1014572.5878556,-2422135.7091559,-666381.38870465,-0.0021061639915554,1721641.9972936,-0.10173105093332,-576.84604230694,2953962.9078062,366258.32668578,0,0,1027374.1458802,-0.094711618477818,0,199169.80253711
16.534046557154,-0.094468093998869,0,104315.67494323,0,0,1014572.5878556,-2422135.7091559,-666381.38870465,-0.0021061639915554,1721641.9972936,-0.10173105093332,-576.84604230694,2953962.9078062,366258.32668578,0,0,1027374.1458802,-0.094711618477818,0,199169.80253711
16.534906633879,-0.094480501307964,0,104351.10761315,0,0,1014952.7604062,-2422998.9316075,-666434.78563177,-0.0021069244096467,1722243.8914443,-0.1017465664344,-577.16368122468,2954996.9949392,366286.48287058,0,0,1028873.071132,-0.094724114383848,0,199247.39051601
16.535766710605,-0.094499118754821,0,104403.8980155,0,0,1015496.7654636,-2424258.3372522,-666515.03470582,-0.002107548109767,1723134.1627328,-0.10176991715559,-577.65425898135,2956530.6229603,366328.79818496,0,0,1029195.4443248,-0.094742864671419,0,199370.05710023
16.536798802675,-0.094516031505955,0,104452.40743374,0,0,1015996.6901843,-2425437.8507742,-666587.82715927,-0.0021091036956939,1723947.7456754,-0.10179108879626,-578.09524464523,2958000.1687131,366367.18162552,0,0,1029696.0957574,-0.094759898531791,0,199475.34338043
16.53803731316,-0.094549753830166,0,104548.51529195,0,0,1016973.4347616,-2427755.3686706,-666733.14076823,-0.0021126671013665,1725573.6232828,-0.10183341954372,-579.0115180634,2960897.2084346,366443.8054513,0,0,1030582.8203022,-0.094793862057893,0,199693.07506707
16.539523525742,-0.094576553301198,0,104624.05181794,0,0,1017749.1794541,-2429563.7407055,-666848.90905695,-0.0021158392626911,1726854.4229799,-0.10186706080619,-579.73416600518,2963164.5059778,366504.85003783,0,0,1031291.5056188,-0.094820852464727,0,199868.81383963
16.54130698084,-0.09460467528122,0,104703.17562837,0,0,1018469.8229045,-2431368.4641217,-666970.25935576,-0.0021190752099804,1728202.3770118,-0.10190242341253,-580.49026531162,2965376.7538852,366568.83801646,0,0,1032126.1437074,-0.094849174123888,0,200064.39533447
16.543447126957,-0.094689367474793,0,104945.13190236,0,0,1020998.7608442,-2437288.5180016,-667334.0835436,-0.0021258421233939,1732277.4585333,-0.10200857978067,-582.68731209876,2972629.3236409,366760.68240997,0,0,1034569.2826162,-0.094934471340046,0,200596.38740367
16.546015302298,-0.094689367474793,0,104945.13190236,0,0,1020998.7608442,-2437288.5180016,-667334.0835436,-0.0021258421233939,1732277.4585333,-0.10200857978067,-582.68731209876,2972629.3236409,366760.68240997,0,0,1034569.2826162,-0.094934471340046,0,200596.38740367
16.549097112708,-0.094793094820192,0,105242.18240859,0,0,1024246.9326559,-2444470.4939752,-667779.33158575,-0.002133357404096,1737261.0294075,-0.10213857671389,-585.30962540181,2981198.3711389,366995.46157916,0,0,1037826.0408976,-0.095038941694975,0,201238.50315956
16.552795285199,-0.094862304465156,0,105436.15346345,0,0,1026261.1098879,-2449005.8736963,-668079.6928654,-0.002137706056544,1740565.9832763,-0.10222512233424,-587.08355713046,2986532.2428305,367153.8419981,0,0,1039930.2103828,-0.09510864214378,0,201689.58930928
16.555014188694,-0.094862304465156,0,105436.15346345,0,0,1026261.1098879,-2449005.8736963,-668079.6928654,-0.002137706056544,1740565.9832763,-0.10222512233424,-587.08355713046,2986532.2428305,367153.8419981,0,0,1039930.2103828,-0.09510864214378,0,201689.58930928
16.555568914567,-0.094874623014599,0,105472.34802134,0,0,1026561.2613556,-2449896.3356537,-668133.26604865,-0.0021386430646921,1741204.4187377,-0.10224027201245,-587.39845096838,2987822.5254942,367182.09112249,0,0,1040212.3249615,-0.095121044203596,0,201753.6382933
16.556123640441,-0.094874623014599,0,105472.34802134,0,0,1026561.2613556,-2449896.3356537,-668133.26604865,-0.0021386430646921,1741204.4187377,-0.10224027201245,-587.39845096838,2987822.5254942,367182.09112249,0,0,1040212.3249615,-0.095121044203596,0,201753.6382933
16.55678931149,-0.094882398608571,0,105494.8559939,0,0,1026798.4430909,-2450428.1974842,-668166.67016676,-0.0021391060037502,1741581.561091,-0.1022500196749,-587.59427645693,2988458.0970362,367199.70510466,0,0,1040453.1241159,-0.095128875363182,0,201803.29524553
16.557588116748,-0.094950836867043,0,105689.7423096,0,0,1028875.8889169,-2455150.6056068,-668460.96822171,-0.0021433359138443,1744850.5903563,-0.10233600123035,-589.37310636763,2994203.1114342,367354.8883873,0,0,1042548.5489781,-0.095197803379156,0,202242.7761677
16.558546683057,-0.094950836867043,0,105689.7423096,0,0,1028875.8889169,-2455150.6056068,-668460.96822171,-0.0021433359138443,1744850.5903563,-0.10233600123035,-589.37310636763,2994203.1114342,367354.8883873,0,0,1042548.5489781,-0.095197803379156,0,202242.7761677
16.559696962629,-0.094950836867043,0,105689.7423096,0,0,1028875.8889169,-2455150.6056068,-668460.96822171,-0.0021433359138443,1744850.5903563,-0.10233600123035,-589.37310636763,2994203.1114342,367354.8883873,0,0,1042548.5489781,-0.095197803379156,0,202242.7761677
16.561077298115,-0.09501528941697,0,105872.00455627,0,0,1030875.3022124,-2459606.7622091,-668738.97930354,-0.0021446937714091,1747910.0103947,-0.10241678007153,-591.02752667272,2999631.3664414,367501.48355375,0,0,1044500.4323192,-0.09526271519476,0,202646.66341136
16.562733700698,-0.09501528941697,0,105872.00455627,0,0,1030875.3022124,-2459606.7622091,-668738.97930354,-0.0021446937714091,1747910.0103947,-0.10241678007153,-591.02752667272,2999631.3664414,367501.48355375,0,0,1044500.4323192,-0.09526271519476,0,202646.66341136
16.564721383798,-0.095045250947648,0,105957.00065869,0,0,1031657.9462696,-2461593.9899114,-668868.00968048,-0.0021468547991253,1749344.275227,-0.10245436280692,-591.76650532218,3001926.7316287,367569.52123546,0,0,1045452.1266614,-0.095292890876522,0,202844.49678813
16.565913993658,-0.095070129707996,0,106028.57025734,0,0,1031949.4786919,-2463293.572941,-668975.24079493,-0.0021487762292422,1750552.2466943,-0.10248548274952,-592.46483146226,3004037.9869487,367626.06417234,0,0,1046207.5290901,-0.095317945666668,0,203005.16665167
16.567106603518,-0.095070129707996,0,106028.57025734,0,0,1031949.4786919,-2463293.572941,-668975.24079493,-0.0021487762292422,1750552.2466943,-0.10248548274952,-592.46483146226,3004037.9869487,367626.06417234,0,0,1046207.5290901,-0.095317945666668,0,203005.16665167
16.56853773535,-0.095106455005093,0,106133.6897403,0,0,1032858.4121437,-2465788.1080912,-669131.11651823,-0.0021515453441178,1752323.2987393,-0.10253102617144,-593.42658516032,3007258.7945936,367708.25739824,0,0,1047269.6684007,-0.095354528836386,0,203226.46857655
16.570255093548,-0.095140595130599,0,106229.79230719,0,0,1033853.0002569,-2468132.0497619,-669278.38095792,-0.0021545767776474,1753941.9809479,-0.10257392698381,-594.33656311382,3010176.9473485,367785.90989656,0,0,1048292.6341583,-0.095388911546543,0,203443.95301628
16.571285508467,-0.095140595130599,0,106229.79230719,0,0,1033853.0002569,-2468132.0497619,-669278.38095792,-0.0021545767776474,1753941.9809479,-0.10257392698381,-594.33656311382,3010176.9473485,367785.90989656,0,0,1048292.6341583,-0.095388911546543,0,203443.95301628
16.572315923386,-0.095221948879062,0,106459.61102742,0,0,1036303.4017301,-2473650.3729558,-669628.7466639,-0.0021616531172966,1757827.7626166,-0.1026760427557,-596.45241523589,3016794.379343,367970.65763609,0,0,1050720.3341918,-0.095470845087313,0,203960.38937033
16.573552421289,-0.095221948879062,0,106459.61102742,0,0,1036303.4017301,-2473650.3729558,-669628.7466639,-0.0021616531172966,1757827.7626166,-0.1026760427557,-596.45241523589,3016794.379343,367970.65763609,0,0,1050720.3341918,-0.095470845087313,0,203960.38937033
16.575036218772,-0.095221948879062,0,106459.61102742,0,0,1036303.4017301,-2473650.3729558,-669628.7466639,-0.0021616531172966,1757827.7626166,-0.1026760427557,-596.45241523589,3016794.379343,367970.65763609,0,0,1050720.3341918,-0.095470845087313,0,203960.38937033
16.576816775752,-0.095304972537679,0,106695.37813949,0,0,1038869.6513243,-2479411.2408449,-669986.11085821,-0.0021644782851988,1761807.1015547,-0.1027800313548,-598.54419124188,3023761.5147371,368159.0956767,0,0,1053789.8304754,-0.095554459655473,0,204470.36291314
16.578953444128,-0.095304972537679,0,106695.37813949,0,0,1038869.6513243,-2479411.2408449,-669986.11085821,-0.0021644782851988,1761807.1015547,-0.1027800313548,-598.54419124188,3023761.5147371,368159.0956767,0,0,1053789.8304754,-0.095554459655473,0,204470.36291314
16.581517446179,-0.095342170688935,0,106801.98386757,0,0,1039985.8503138,-2481947.2239374,-670145.95272925,-0.0021666937823856,1763597.0692935,-0.10282656601738,-599.44877935858,3026834.1260308,368243.38025087,0,0,1054699.706669,-0.095591921183077,0,204696.82618662
16.582286646795,-0.09537194044445,0,106887.88486137,0,0,1040874.7742045,-2484013.9738652,-670274.63814191,-0.0021690089868252,1765027.8661275,-0.10286377034092,-600.25457814789,3029330.869138,368311.23603324,0,0,1055469.5444672,-0.095621899010137,0,204878.18899735
16.58305584741,-0.09537194044445,0,106887.88486137,0,0,1040874.7742045,-2484013.9738652,-670274.63814191,-0.0021690089868252,1765027.8661275,-0.10286377034092,-600.25457814789,3029330.869138,368311.23603324,0,0,1055469.5444672,-0.095621899010137,0,204878.18899735
16.583978888148,-0.095438065799072,0,107075.20090399,0,0,1042788.7934841,-2488713.5769427,-670559.53751957,-0.0021752525576905,1768202.7230093,-0.10294632536173,-601.92373134475,3035101.1616858,368461.46339587,0,0,1057268.9951464,-0.095688488689333,0,205277.03918767
16.585086537034,-0.095438065799072,0,107075.20090399,0,0,1042788.7934841,-2488713.5769427,-670559.53751957,-0.0021752525576905,1768202.7230093,-0.10294632536173,-601.92373134475,3035101.1616858,368461.46339587,0,0,1057268.9951464,-0.095688488689333,0,205277.03918767
16.586415715698,-0.095438065799072,0,107075.20090399,0,0,1042788.7934841,-2488713.5769427,-670559.53751957,-0.0021752525576905,1768202.7230093,-0.10294632536173,-601.92373134475,3035101.1616858,368461.46339587,0,0,1057268.9951464,-0.095688488689333,0,205277.03918767
16.587213222896,-0.095450372452215,0,107109.4195042,0,0,1043057.0760807,-2489537.9622803,-670613.85741482,-0.002181531400138,1768833.1934036,-0.10296190739417,-602.29219255319,3036228.7728243,368490.10626136,0,0,1057505.1185837,-0.095700883540237,0,205364.76299733
16.588010730094,-0.095512270059567,0,107286.61610531,0,0,1044963.349735,-2493738.6319777,-670879.81312381,-0.0021833274759246,1771830.2418494,-0.10303951334202,-603.88155497691,3041170.438481,368630.34463308,0,0,1059465.8041129,-0.095763222329119,0,205766.9625511
16.588967738731,-0.095512270059567,0,107286.61610531,0,0,1044963.349735,-2493738.6319777,-670879.81312381,-0.0021833274759246,1771830.2418494,-0.10303951334202,-603.88155497691,3041170.438481,368630.34463308,0,0,1059465.8041129,-0.095763222329119,0,205766.9625511
16.590116149096,-0.095512270059567,0,107286.61610531,0,0,1044963.349735,-2493738.6319777,-670879.81312381,-0.0021833274759246,1771830.2418494,-0.10303951334202,-603.88155497691,3041170.438481,368630.34463308,0,0,1059465.8041129,-0.095763222329119,0,205766.9625511
16.591494241534,-0.09554110678433,0,107368.95506435,0,0,1045822.5864296,-2495756.1649095,-671003.91910173,-0.0021850521352167,1773212.3884938,-0.10307563004145,-604.61532265169,3043644.0629366,368695.7856809,0,0,1060261.2566132,-0.095792263618731,0,205941.61816253
16.59314795246,-0.095559840900319,0,107422.60701357,0,0,1046374.8534603,-2497067.6355167,-671084.43524578,-0.0021860667648556,1774117.3326096,-0.10309907054334,-605.08538285414,3045205.3459635,368738.2418213,0,0,1060834.1084291,-0.095811131121391,0,206056.91850537
16.595132405571,-0.095595484016382,0,107524.59111508,0,0,1047501.2188552,-2499546.6594866,-671237.24686714,-0.0021885171762357,1775831.1031961,-0.10314369517259,-605.99473430748,3048327.8525271,368818.81934694,0,0,1061875.2049629,-0.095847028012354,0,206270.85181538
16.595727741504,-0.095595484016382,0,107524.59111508,0,0,1047501.2188552,-2499546.6594866,-671237.24686714,-0.0021885171762357,1775831.1031961,-0.10314369517259,-605.99473430748,3048327.8525271,368818.81934694,0,0,1061875.2049629,-0.095847028012354,0,206270.85181538
16.596025409471,-0.095659992885026,0,107705.75086853,0,0,1049359.3363082,-2503754.5012675,-671516.11246977,-0.0021960077191545,1778903.5871489,-0.10322470455735,-607.68036335077,3053454.1900399,368965.86510167,0,0,1063643.9730849,-0.095911995133725,0,206699.79146943
16.596323077438,-0.095659992885026,0,107705.75086853,0,0,1049359.3363082,-2503754.5012675,-671516.11246977,-0.0021960077191545,1778903.5871489,-0.10322470455735,-607.68036335077,3053454.1900399,368965.86510167,0,0,1063643.9730849,-0.095911995133725,0,206699.79146943
16.596680278998,-0.095659992885026,0,107705.75086853,0,0,1049359.3363082,-2503754.5012675,-671516.11246977,-0.0021960077191545,1778903.5871489,-0.10322470455735,-607.68036335077,3053454.1900399,368965.86510167,0,0,1063643.9730849,-0.095911995133725,0,206699.79146943
16.59710892087,-0.095659992885026,0,107705.75086853,0,0,1049359.3363082,-2503754.5012675,-671516.11246977,-0.0021960077191545,1778903.5871489,-0.10322470455735,-607.68036335077,3053454.1900399,368965.86510167,0,0,1063643.9730849,-0.095911995133725,0,206699.79146943
16.597623291116,-0.095659992885026,0,107705.75086853,0,0,1049359.3363082,-2503754.5012675,-671516.11246977,-0.0021960077191545,1778903.5871489,-0.10322470455735,-607.68036335077,3053454.1900399,368965.86510167,0,0,1063643.9730849,-0.095911995133725,0,206699.79146943
16.598240535412,-0.095659992885026,0,107705.75086853,0,0,1049359.3363082,-2503754.5012675,-671516.11246977,-0.0021960077191545,1778903.5871489,-0.10322470455735,-607.68036335077,3053454.1900399,368965.86510167,0,0,1063643.9730849,-0.095911995133725,0,206699.79146943
16.598981228566,-0.095659992885026,0,107705.75086853,0,0,1049359.3363082,-2503754.5012675,-671516.11246977,-0.0021960077191545,1778903.5871489,-0.10322470455735,-607.68036335077,3053454.1900399,368965.86510167,0,0,1063643.9730849,-0.095911995133725,0,206699.79146943
16.599870060352,-0.095677556863742,0,107755.66563174,0,0,1049865.7496178,-2504928.2963631,-671591.73064051,-0.0021998760953551,1779747.6188519,-0.10324675090537,-608.13592595989,3054810.349633,369005.73854196,0,0,1064184.5889657,-0.095929684820484,0,206817.3375108
16.600936658495,-0.095691918829982,0,107796.98919764,0,0,1050306.9677592,-2505930.2576507,-671653.37120576,-0.0022000317574941,1780442.9009809,-0.10326471763188,-608.49091885192,3056011.5044783,369038.24159495,0,0,1064637.9360527,-0.095944147501766,0,206902.12826369
16.602216576266,-0.095773670112472,0,108029.65398221,0,0,1052876.7570905,-2511798.9159469,-672004.73873831,-0.0022017299709044,1784338.8388413,-0.10336725712599,-610.602147556,3063323.793341,369223.51759817,0,0,1067065.6505963,-0.096026483187109,0,207389.54941355
16.603752477592,-0.095773670112472,0,108029.65398221,0,0,1052876.7570905,-2511798.9159469,-672004.73873831,-0.0022017299709044,1784338.8388413,-0.10336725712599,-610.602147556,3063323.793341,369223.51759817,0,0,1067065.6505963,-0.096026483187109,0,207389.54941355
16.605595559183,-0.095836632719633,0,108207.56657027,0,0,1054781.0585225,-2516051.7178571,-672276.97816429,-0.0022057859943214,1787345.3583939,-0.10344597369604,-612.18323409721,3068481.5771781,369367.06937183,0,0,1068988.8157715,-0.09608988889555,0,207778.62243156
16.607807257092,-0.095836632719633,0,108207.56657027,0,0,1054781.0585225,-2516051.7178571,-672276.97816429,-0.0022057859943214,1787345.3583939,-0.10344597369604,-612.18323409721,3068481.5771781,369367.06937183,0,0,1068988.8157715,-0.09608988889555,0,207778.62243156
16.610461294582,-0.095873295210718,0,108313.92418686,0,0,1055932.3820951,-2518622.5392104,-672433.89627908,-0.0022060606274114,1789116.983817,-0.10349190090475,-613.08819255126,3071574.1364077,369449.81225026,0,0,1070160.9845975,-0.096126812372654,0,207998.78039877
16.613646139571,-0.095983791294927,0,108629.09010134,0,0,1059326.0633923,-2526243.5018517,-672907.42291313,-0.0022112853310474,1794413.7667777,-0.10363061512517,-615.89998786772,3080625.184799,369699.50271297,0,0,1073564.2731614,-0.09623810334953,0,208695.85328621
16.617467953558,-0.096013106366622,0,108711.29643388,0,0,1060191.6315666,-2528258.9580847,-673034.75861773,-0.0022130949310185,1795795.920979,-0.10366725622421,-616.65196153553,3083110.7701345,369766.64679466,0,0,1074316.6656724,-0.096267624305348,0,208877.33584707
16.61976104195,-0.096047443295715,0,108798.94097637,0,0,1061003.5894589,-2530233.1726774,-673185.05610388,-0.002219767711169,1797435.0926226,-0.10371056732545,-617.58354912424,3085293.5386593,369845.89861733,0,0,1075091.0601273,-0.096302200914218,0,209141.9892024
16.622054130342,-0.096139496969787,0,109066.06963211,0,0,1063771.1499269,-2536722.2455473,-673579.25540399,-0.0022270851919475,1801886.7425103,-0.10382562015416,-619.90593655481,3093479.1248106,370053.75979868,0,0,1077967.575793,-0.096394910981473,0,209687.4348154
16.624805836412,-0.096139496969787,0,109066.06963211,0,0,1063771.1499269,-2536722.2455473,-673579.25540399,-0.0022270851919475,1801886.7425103,-0.10382562015416,-619.90593655481,3093479.1248106,370053.75979868,0,0,1077967.575793,-0.096394910981473,0,209687.4348154
16.625631348233,-0.096206397791031,0,109258.39372797,0,0,1065784.0152115,-2541266.6921421,-673868.41667156,-0.0022306091964225,1805106.9110108,-0.10390915017509,-621.56471926679,3098994.9469902,370206.23445447,0,0,1080090.8148621,-0.09646228137072,0,210094.58413376
16.626456860055,-0.096206397791031,0,109258.39372797,0,0,1065784.0152115,-2541266.6921421,-673868.41667156,-0.0022306091964225,1805106.9110108,-0.10390915017509,-621.56471926679,3098994.9469902,370206.23445447,0,0,1080090.8148621,-0.09646228137072,0,210094.58413376
16.62744747424,-0.096206397791031,0,109258.39372797,0,0,1065784.0152115,-2541266.6921421,-673868.41667156,-0.0022306091964225,1805106.9110108,-0.10390915017509,-621.56471926679,3098994.9469902,370206.23445447,0,0,1080090.8148621,-0.09646228137072,0,210094.58413376
16.628636211262,-0.096211975579315,0,109274.2678504,0,0,1065946.3594488,-2541638.2085138,-673892.5149545,-0.0022309958089839,1805374.7046407,-0.10391613602029,-621.70784732292,3099441.2251289,370218.94147234,0,0,1080245.8575096,-0.096467899083549,0,210130.46645452
16.630062695689,-0.096242700218229,0,109362.74455356,0,0,1066853.7333163,-2543734.4725186,-674024.48481059,-0.002232792163229,1806866.1933888,-0.10395464832888,-622.49021174955,3101990.7112245,370288.52914074,0,0,1081211.5531352,-0.09649884391842,0,210324.09100609
16.631774477002,-0.09625948779878,0,109411.02920327,0,0,1067375.5713664,-2544920.0739384,-674096.64114909,-0.0022337605627939,1807676.8354113,-0.10397568008339,-622.92014362275,3103457.0663843,370326.57715809,0,0,1081690.0930181,-0.096515750964846,0,210425.72060749
16.632801545789,-0.09629442663045,0,109512.81123008,0,0,1068376.7793701,-2547442.3817345,-674246.49431987,-0.0022359080726977,1809382.968106,-0.10401931093543,-623.80626264309,3106730.986285,370405.59469368,0,0,1082598.0599263,-0.096550936201178,0,210627.93024754
16.633828614576,-0.09629442663045,0,109512.81123008,0,0,1068376.7793701,-2547442.3817345,-674246.49431987,-0.0022359080726977,1809382.968106,-0.10401931093543,-623.80626264309,3106730.986285,370405.59469368,0,0,1082598.0599263,-0.096550936201178,0,210627.93024754
16.634444855849,-0.096316846324685,0,109575.55890876,0,0,1068928.4286576,-2548858.3439067,-674343.47738038,-0.002239236961162,1810450.3718042,-0.10404757677701,-624.41064545337,3108381.9267201,370456.73383428,0,0,1083249.054513,-0.096573514119147,0,210789.75373745
16.635061097121,-0.096316846324685,0,109575.55890876,0,0,1068928.4286576,-2548858.3439067,-674343.47738038,-0.002239236961162,1810450.3718042,-0.10404757677701,-624.41064545337,3108381.9267201,370456.73383428,0,0,1083249.054513,-0.096573514119147,0,210789.75373745
16.635800586648,-0.096351609237633,0,109673.81282117,0,0,1069958.3930193,-2551129.6670794,-674493.50190842,-0.0022437542086604,1812119.284794,-0.1040912931855,-625.32764326172,3111122.8928726,370535.84172607,0,0,1084288.6460831,-0.096608523451562,0,211023.7944438
16.63668797408,-0.096351609237633,0,109673.81282117,0,0,1069958.3930193,-2551129.6670794,-674493.50190842,-0.0022437542086604,1812119.284794,-0.1040912931855,-625.32764326172,3111122.8928726,370535.84172607,0,0,1084288.6460831,-0.096608523451562,0,211023.7944438
16.63722040654,-0.096384439060743,0,109767.06791441,0,0,1070754.9367569,-2553310.4815798,-674635.2212703,-0.0022471713869278,1813698.5952504,-0.10413245901702,-626.17469606023,3113869.5366515,370610.57030621,0,0,1085248.7661832,-0.09664158537223,0,211232.24026157
16.637752838999,-0.096384439060743,0,109767.06791441,0,0,1070754.9367569,-2553310.4815798,-674635.2212703,-0.0022471713869278,1813698.5952504,-0.10413245901702,-626.17469606023,3113869.5366515,370610.57030621,0,0,1085248.7661832,-0.09664158537223,0,211232.24026157
16.63839175795,-0.096384439060743,0,109767.06791441,0,0,1070754.9367569,-2553310.4815798,-674635.2212703,-0.0022471713869278,1813698.5952504,-0.10413245901702,-626.17469606023,3113869.5366515,370610.57030621,0,0,1085248.7661832,-0.09664158537223,0,211232.24026157
16.639158460692,-0.096455736488468,0,109969.56229955,0,0,1072796.3691923,-2558059.0578804,-674942.51820448,-0.0022554869313134,1817119.7491444,-0.10422189638437,-628.00592388626,3119622.7497933,370772.60789408,0,0,1087391.3682145,-0.096713388396995,0,211690.9521497
16.640078503982,-0.096455736488468,0,109969.56229955,0,0,1072796.3691923,-2558059.0578804,-674942.51820448,-0.0022554869313134,1817119.7491444,-0.10422189638437,-628.00592388626,3119622.7497933,370772.60789408,0,0,1087391.3682145,-0.096713388396995,0,211690.9521497
16.641182555929,-0.096455736488468,0,109969.56229955,0,0,1072796.3691923,-2558059.0578804,-674942.51820448,-0.0022554869313134,1817119.7491444,-0.10422189638437,-628.00592388626,3119622.7497933,370772.60789408,0,0,1087391.3682145,-0.096713388396995,0,211690.9521497
16.642507418267,-0.096455736488468,0,109969.56229955,0,0,1072796.3691923,-2558059.0578804,-674942.51820448,-0.0022554869313134,1817119.7491444,-0.10422189638437,-628.00592388626,3119622.7497933,370772.60789408,0,0,1087391.3682145,-0.096713388396995,0,211690.9521497
16.644097253071,-0.096546382015039,0,110230.39129347,0,0,1075598.7195791,-2564312.5794591,-675331.22785643,-0.0022582997259404,1821491.3847066,-0.10433551686509,-630.26674360375,3127137.2590597,370977.57438571,0,0,1090240.8176608,-0.096804680269924,0,212246.28089451
16.646005054837,-0.096546382015039,0,110230.39129347,0,0,1075598.7195791,-2564312.5794591,-675331.22785643,-0.0022582997259404,1821491.3847066,-0.10433551686509,-630.26674360375,3127137.2590597,370977.57438571,0,0,1090240.8176608,-0.096804680269924,0,212246.28089451
16.648294416956,-0.096624281105101,0,110453.99485889,0,0,1077970.2272443,-2569650.3158499,-675667.18278892,-0.0022642414395957,1825238.480656,-0.10443298535846,-632.22671190305,3133622.6070449,371154.72332831,0,0,1092572.6473867,-0.09688313256091,0,212727.50244929
16.651041651499,-0.096624281105101,0,110453.99485889,0,0,1077970.2272443,-2569650.3158499,-675667.18278892,-0.0022642414395957,1825238.480656,-0.10443298535846,-632.22671190305,3133622.6070449,371154.72332831,0,0,1092572.6473867,-0.09688313256091,0,212727.50244929
16.65433833295,-0.096734935178548,0,110772.61292472,0,0,1081420.8110689,-2577273.4881783,-676141.09427736,-0.002268657742864,1830577.6579165,-0.10457173871452,-634.98821685736,3142731.2136075,371404.61672467,0,0,1096048.9757943,-0.096994576284103,0,213409.15238534
16.65631634182,-0.096734935178548,0,110772.61292472,0,0,1081420.8110689,-2577273.4881783,-676141.09427736,-0.002268657742864,1830577.6579165,-0.10457173871452,-634.98821685736,3142731.2136075,371404.61672467,0,0,1096048.9757943,-0.096994576284103,0,213409.15238534
16.657305346256,-0.096734935178548,0,110772.61292472,0,0,1081420.8110689,-2577273.4881783,-676141.09427736,-0.002268657742864,1830577.6579165,-0.10457173871452,-634.98821685736,3142731.2136075,371404.61672467,0,0,1096048.9757943,-0.096994576284103,0,213409.15238534
16.657799848473,-0.096763094008274,0,110852.43649245,0,0,1082258.0906533,-2579110.9007018,-676263.23968065,-0.0022714615975531,1831943.1681694,-0.10460683666622,-635.6842986041,3144927.2467362,371469.02396169,0,0,1096860.7172407,-0.097022928955336,0,213585.04076964
16.658294350691,-0.096763094008274,0,110852.43649245,0,0,1082258.0906533,-2579110.9007018,-676263.23968065,-0.0022714615975531,1831943.1681694,-0.10460683666622,-635.6842986041,3144927.2467362,371469.02396169,0,0,1096860.7172407,-0.097022928955336,0,213585.04076964
16.658887753352,-0.096763094008274,0,110852.43649245,0,0,1082258.0906533,-2579110.9007018,-676263.23968065,-0.0022714615975531,1831943.1681694,-0.10460683666622,-635.6842986041,3144927.2467362,371469.02396169,0,0,1096860.7172407,-0.097022928955336,0,213585.04076964
16.659599836546,-0.096797794360824,0,110944.53774317,0,0,1083327.6266123,-2581494.0741779,-676413.18652476,-0.0022726330979055,1833619.9529483,-0.10465023497537,-636.55757224776,3147849.264536,371548.09089093,0,0,1097849.531136,-0.097057874379996,0,213799.32863631
16.660454336378,-0.096797794360824,0,110944.53774317,0,0,1083327.6266123,-2581494.0741779,-676413.18652476,-0.0022726330979055,1833619.9529483,-0.10465023497537,-636.55757224776,3147849.264536,371548.09089093,0,0,1097849.531136,-0.097057874379996,0,213799.32863631
16.661479736176,-0.096820906988195,0,111000.78573194,0,0,1083678.4936068,-2582779.0343298,-676517.80535982,-0.0022849562697649,1834655.6731767,-0.10468101636989,-637.30441882196,3149597.1637352,371603.25637313,0,0,1098349.1447856,-0.09708115278734,0,213984.03417414
16.662710215935,-0.096844690456096,0,111067.42660547,0,0,1084040.2435969,-2584050.0215916,-676621.20698283,-0.0022983446675474,1835851.9014455,-0.10471050249812,-637.95374997587,3151128.2161731,371657.78001951,0,0,1098926.2127256,-0.097105098833742,0,214175.70201522
16.66344850379,-0.096844690456096,0,111067.42660547,0,0,1084040.2435969,-2584050.0215916,-676621.20698283,-0.0022983446675474,1835851.9014455,-0.10471050249812,-637.95374997587,3151128.2161731,371657.78001951,0,0,1098926.2127256,-0.097105098833742,0,214175.70201522
16.664186791645,-0.096880213577826,0,111170.75072298,0,0,1085009.0606904,-2586359.8504709,-676772.46520169,-0.0023003400859876,1837593.4708917,-0.10475468232413,-638.85196624377,3153806.2322954,371737.53843628,0,0,1100060.1712144,-0.097140872979992,0,214419.24406526
16.665072737071,-0.096880213577826,0,111170.75072298,0,0,1085009.0606904,-2586359.8504709,-676772.46520169,-0.0023003400859876,1837593.4708917,-0.10475468232413,-638.85196624377,3153806.2322954,371737.53843628,0,0,1100060.1712144,-0.097140872979992,0,214419.24406526
16.666135871582,-0.096953471348118,0,111381.16190148,0,0,1087230.4756031,-2591403.9313597,-677086.01228058,-0.0023048423908122,1841135.6399941,-0.10484608548094,-640.70966025276,3159913.1816889,371902.87172422,0,0,1102142.572905,-0.0972146504684,0,214877.37716988
16.667411632995,-0.096953471348118,0,111381.16190148,0,0,1087230.4756031,-2591403.9313597,-677086.01228058,-0.0023048423908122,1841135.6399941,-0.10484608548094,-640.70966025276,3159913.1816889,371902.87172422,0,0,1102142.572905,-0.0972146504684,0,214877.37716988
16.668942546691,-0.096953471348118,0,111381.16190148,0,0,1087230.4756031,-2591403.9313597,-677086.01228058,-0.0023048423908122,1841135.6399941,-0.10484608548094,-640.70966025276,3159913.1816889,371902.87172422,0,0,1102142.572905,-0.0972146504684,0,214877.37716988
16.669861094909,-0.096974015905046,0,111437.40682602,0,0,1087729.1103319,-2592610.0758068,-677176.5284825,-0.0023096034641075,1842126.8941437,-0.10487217494435,-641.259150487,3161305.8651771,371950.6008925,0,0,1102575.5971835,-0.097235339321621,0,215031.3225956
16.670779643127,-0.096980457624439,0,111455.90735119,0,0,1087922.4714444,-2593043.637382,-677204.2292761,-0.0023099418855768,1842437.732835,-0.10488026725163,-641.42150501909,3161813.7622722,371965.20751329,0,0,1102776.5562625,-0.097241826759965,0,215072.66124662
16.671881900988,-0.097018343542769,0,111562.9553585,0,0,1088896.3044609,-2595335.8066457,-677367.68443034,-0.0023118637215444,1844239.1298127,-0.10492832214101,-642.40670412444,3164284.0199697,372051.39737075,0,0,1103988.0968452,-0.097279983806406,0,215349.16860398
16.673204610421,-0.097084158924799,0,111753.90289595,0,0,1091132.6336504,-2600289.6188572,-677649.30117778,-0.0023149907156768,1847403.3151153,-0.10500982965624,-643.99502875123,3170788.6226629,372199.89380348,0,0,1105945.2873209,-0.09734626120888,0,215682.96049332
16.674791861741,-0.097084158924799,0,111753.90289595,0,0,1091132.6336504,-2600289.6188572,-677649.30117778,-0.0023149907156768,1847403.3151153,-0.10500982965624,-643.99502875123,3170788.6226629,372199.89380348,0,0,1105945.2873209,-0.09734626120888,0,215682.96049332
16.676696563325,-0.097084158924799,0,111753.90289595,0,0,1091132.6336504,-2600289.6188572,-677649.30117778,-0.0023149907156768,1847403.3151153,-0.10500982965624,-643.99502875123,3170788.6226629,372199.89380348,0,0,1105945.2873209,-0.09734626120888,0,215682.96049332
16.678982205226,-0.097189667989204,0,112057.44153863,0,0,1094648.3332799,-2607631.5976423,-678100.47042003,-0.0023165172364519,1852470.6613688,-0.10514218969023,-646.61372347739,3179507.6486739,372437.79521977,0,0,1109296.5747409,-0.097452524716159,0,216325.41047379
16.681724975507,-0.097189667989204,0,112057.44153863,0,0,1094648.3332799,-2607631.5976423,-678100.47042003,-0.0023165172364519,1852470.6613688,-0.10514218969023,-646.61372347739,3179507.6486739,372437.79521977,0,0,1109296.5747409,-0.097452524716159,0,216325.41047379
16.685016299845,-0.097300883492659,0,112374.3418879,0,0,1098003.5934138,-2615312.3019446,-678578.70144711,-0.0023214560272315,1857760.4209527,-0.10528155825814,-649.40652095846,3188789.7229654,372689.96630769,0,0,1112749.0020621,-0.097564530854479,0,217007.93447983
16.688965889049,-0.097321942987678,0,112415.91069542,0,0,1098632.2913197,-2616758.9475718,-678669.97757919,-0.002322356779687,1858690.6959168,-0.1053078684079,-649.93242730608,3190510.9663729,372738.09618677,0,0,1113372.8804408,-0.09758573520682,0,217141.12700987
16.68955832743,-0.097352000273879,0,112513.8863879,0,0,1099510.1892747,-2618719.247592,-678800.37144179,-0.0023230126460798,1860195.1130904,-0.10534540882232,-650.68049527839,3193003.5865792,372806.85283419,0,0,1114228.900396,-0.097616002356821,0,217318.64365949
16.690150765811,-0.097352000273879,0,112513.8863879,0,0,1099510.1892747,-2618719.247592,-678800.37144179,-0.0023230126460798,1860195.1130904,-0.10534540882232,-650.68049527839,3193003.5865792,372806.85283419,0,0,1114228.900396,-0.097616002356821,0,217318.64365949
16.690861691868,-0.097352000273879,0,112513.8863879,0,0,1099510.1892747,-2618719.247592,-678800.37144179,-0.0023230126460798,1860195.1130904,-0.10534540882232,-650.68049527839,3193003.5865792,372806.85283419,0,0,1114228.900396,-0.097616002356821,0,217318.64365949
16.691288247502,-0.097372937205438,0,112574.47150226,0,0,1100069.2342321,-2620060.9878436,-678890.97348596,-0.0023252131015377,1861204.3247678,-0.10537166388623,-651.21729254314,3194665.543526,372854.62726682,0,0,1114842.079242,-0.097637085893928,0,217454.15179567
16.691714803136,-0.097372937205438,0,112574.47150226,0,0,1100069.2342321,-2620060.9878436,-678890.97348596,-0.0023252131015377,1861204.3247678,-0.10537166388623,-651.21729254314,3194665.543526,372854.62726682,0,0,1114842.079242,-0.097637085893928,0,217454.15179567
16.692226669897,-0.097372937205438,0,112574.47150226,0,0,1100069.2342321,-2620060.9878436,-678890.97348596,-0.0023252131015377,1861204.3247678,-0.10537166388623,-651.21729254314,3194665.543526,372854.62726682,0,0,1114842.079242,-0.097637085893928,0,217454.15179567
16.69284091001,-0.097407628263484,0,112673.43433423,0,0,1101048.7180396,-2622324.9782986,-679040.82541022,-0.0023293053788566,1862865.2995392,-0.1054152539192,-652.12700497866,3197396.1743272,372933.64414473,0,0,1115878.3401639,-0.097672022435125,0,217685.46578356
16.693577998146,-0.097407628263484,0,112673.43433423,0,0,1101048.7180396,-2622324.9782986,-679040.82541022,-0.0023293053788566,1862865.2995392,-0.1054152539192,-652.12700497866,3197396.1743272,372933.64414473,0,0,1115878.3401639,-0.097672022435125,0,217685.46578356
16.694462503909,-0.097437552598804,0,112759.28306824,0,0,1101871.7294634,-2624350.8629119,-679169.87661811,-0.0023323601140841,1864310.7438859,-0.10545272842391,-652.90079382987,3200022.0132059,373001.69281087,0,0,1116742.8096601,-0.097702156170532,0,217868.90470347
16.695523910824,-0.097437552598804,0,112759.28306824,0,0,1101871.7294634,-2624350.8629119,-679169.87661811,-0.0023323601140841,1864310.7438859,-0.10545272842391,-652.90079382987,3200022.0132059,373001.69281087,0,0,1116742.8096601,-0.097702156170532,0,217868.90470347
16.696160754973,-0.097462136049974,0,112828.17651305,0,0,1102549.8129519,-2625915.7557979,-679276.14317979,-0.0023361551101184,1865480.9197048,-0.10548366419227,-653.5527753381,3201905.1702032,373057.72713922,0,0,1117419.2876025,-0.097726912470518,0,218037.82821618
16.696797599123,-0.097462136049974,0,112828.17651305,0,0,1102549.8129519,-2625915.7557979,-679276.14317979,-0.0023361551101184,1865480.9197048,-0.10548366419227,-653.5527753381,3201905.1702032,373057.72713922,0,0,1117419.2876025,-0.097726912470518,0,218037.82821618
16.697561812102,-0.097533583110305,0,113033.51257279,0,0,1104651.2453997,-2630757.9021703,-679583.55724962,-0.0023436466042506,1868937.6776911,-0.10557310756524,-655.35996646106,3207989.6918268,373219.82649297,0,0,1119557.1916342,-0.097798865081042,0,218472.79349167
16.698478867677,-0.097533583110305,0,113033.51257279,0,0,1104651.2453997,-2630757.9021703,-679583.55724962,-0.0023436466042506,1868937.6776911,-0.10557310756524,-655.35996646106,3207989.6918268,373219.82649297,0,0,1119557.1916342,-0.097798865081042,0,218472.79349167
16.699579334367,-0.097533583110305,0,113033.51257279,0,0,1104651.2453997,-2630757.9021703,-679583.55724962,-0.0023436466042506,1868937.6776911,-0.10557310756524,-655.35996646106,3207989.6918268,373219.82649297,0,0,1119557.1916342,-0.097798865081042,0,218472.79349167
16.700899894395,-0.097547614551708,0,113071.43181986,0,0,1104897.7847799,-2631510.5697297,-679645.66739019,-0.0023521217709301,1869617.4887773,-0.1055908793463,-655.75869889486,3208891.4782188,373252.57715269,0,0,1119877.670821,-0.097812992554577,0,218586.05405455
16.702484566428,-0.09762420116895,0,113292.34104067,0,0,1107292.1802669,-2636797.8636841,-679973.81759833,-0.0023539501141586,1873309.0176375,-0.10568691007841,-657.68321584537,3215311.989665,373425.6106664,0,0,1122274.0699128,-0.097890123390498,0,219057.22041161
16.704386172869,-0.09762420116895,0,113292.34104067,0,0,1107292.1802669,-2636797.8636841,-679973.81759833,-0.0023539501141586,1873309.0176375,-0.10568691007841,-657.68321584537,3215311.989665,373425.6106664,0,0,1122274.0699128,-0.097890123390498,0,219057.22041161
16.705527136733,-0.09762420116895,0,113292.34104067,0,0,1107292.1802669,-2636797.8636841,-679973.81759833,-0.0023539501141586,1873309.0176375,-0.10568691007841,-657.68321584537,3215311.989665,373425.6106664,0,0,1122274.0699128,-0.097890123390498,0,219057.22041161
16.706668100597,-0.097646852790992,0,113355.29212764,0,0,1107938.5382682,-2638352.8654527,-680072.0632699,-0.0023568301494282,1874380.2997035,-0.10571543301196,-658.27423133501,3217282.2410963,373477.41558178,0,0,1122857.9787874,-0.09791293527333,0,219195.54729457
16.708037257234,-0.097726547839945,0,113583.66045089,0,0,1110421.7449107,-2643771.9422067,-680414.42584562,-0.0023622922054814,1878198.8522082,-0.10581527481382,-660.28233176063,3223791.5059788,373657.943273,0,0,1125224.6046625,-0.097993196338818,0,219694.14309097
16.709680245198,-0.097726547839945,0,113583.66045089,0,0,1110421.7449107,-2643771.9422067,-680414.42584562,-0.0023622922054814,1878198.8522082,-0.10581527481382,-660.28233176063,3223791.5059788,373657.943273,0,0,1125224.6046625,-0.097993196338818,0,219694.14309097
16.710666037977,-0.097737456756817,0,113606.53144518,0,0,1110343.8931727,-2644514.2965889,-680461.9664648,-0.0023664428322969,1878757.5522779,-0.10582883292779,-660.55782919799,3224818.1232968,373683.01142802,0,0,1125395.4795993,-0.098004179125414,0,219755.58058814
16.711651830756,-0.097794033467409,0,113767.55859441,0,0,1111925.3845436,-2648172.8216277,-680706.17360969,-0.0023728951826243,1881485.4456922,-0.10589971391637,-661.98761433177,3229112.3221451,373811.7817877,0,0,1127034.6125365,-0.098061151740174,0,220124.63604066
16.71283478209,-0.097794033467409,0,113767.55859441,0,0,1111925.3845436,-2648172.8216277,-680706.17360969,-0.0023728951826243,1881485.4456922,-0.10589971391637,-661.98761433177,3229112.3221451,373811.7817877,0,0,1127034.6125365,-0.098061151740174,0,220124.63604066
16.714254323691,-0.097794033467409,0,113767.55859441,0,0,1111925.3845436,-2648172.8216277,-680706.17360969,-0.0023728951826243,1881485.4456922,-0.10589971391637,-661.98761433177,3229112.3221451,373811.7817877,0,0,1127034.6125365,-0.098061151740174,0,220124.63604066
16.715957773613,-0.09787275412584,0,113995.03368035,0,0,1114223.4756447,-2653514.8515413,-681043.64807111,-0.0023740524239248,1885265.6892002,-0.1059985843993,-663.96603804129,3235455.9421339,373989.73197754,0,0,1129467.3103438,-0.098140433703899,0,220613.46963715
16.718001913518,-0.09787275412584,0,113995.03368035,0,0,1114223.4756447,-2653514.8515413,-681043.64807111,-0.0023740524239248,1885265.6892002,-0.1059985843993,-663.96603804129,3235455.9421339,373989.73197754,0,0,1129467.3103438,-0.098140433703899,0,220613.46963715
16.71861515549,-0.09787275412584,0,113995.03368035,0,0,1114223.4756447,-2653514.8515413,-681043.64807111,-0.0023740524239248,1885265.6892002,-0.1059985843993,-663.96603804129,3235455.9421339,373989.73197754,0,0,1129467.3103438,-0.098140433703899,0,220613.46963715
16.719228397462,-0.097878868761245,0,114012.6830982,0,0,1114409.7073858,-2653938.5932596,-681070.02061618,-0.0023742891688282,1885564.0718454,-0.1060062129731,-664.11935134824,3235981.1948337,374003.63821324,0,0,1129657.3153584,-0.098146591602909,0,220651.20771211
16.719596342645,-0.097940751488148,0,114189.9147204,0,0,1116283.0201111,-2658170.3631952,-681337.00352895,-0.0023770694448669,1888531.8274217,-0.10608345493321,-665.65702471407,3241201.7101024,374144.41822916,0,0,1131387.2481353,-0.098208912318454,0,221040.55180916
16.719964287828,-0.097940751488148,0,114189.9147204,0,0,1116283.0201111,-2658170.3631952,-681337.00352895,-0.0023770694448669,1888531.8274217,-0.10608345493321,-665.65702471407,3241201.7101024,374144.41822916,0,0,1131387.2481353,-0.098208912318454,0,221040.55180916
16.720405822048,-0.097940751488148,0,114189.9147204,0,0,1116283.0201111,-2658170.3631952,-681337.00352895,-0.0023770694448669,1888531.8274217,-0.10608345493321,-665.65702471407,3241201.7101024,374144.41822916,0,0,1131387.2481353,-0.098208912318454,0,221040.55180916
16.720935663111,-0.097940751488148,0,114189.9147204,0,0,1116283.0201111,-2658170.3631952,-681337.00352895,-0.0023770694448669,1888531.8274217,-0.10608345493321,-665.65702471407,3241201.7101024,374144.41822916,0,0,1131387.2481353,-0.098208912318454,0,221040.55180916
16.721571472388,-0.097940751488148,0,114189.9147204,0,0,1116283.0201111,-2658170.3631952,-681337.00352895,-0.0023770694448669,1888531.8274217,-0.10608345493321,-665.65702471407,3241201.7101024,374144.41822916,0,0,1131387.2481353,-0.098208912318454,0,221040.55180916
16.722334443519,-0.097940751488148,0,114189.9147204,0,0,1116283.0201111,-2658170.3631952,-681337.00352895,-0.0023770694448669,1888531.8274217,-0.10608345493321,-665.65702471407,3241201.7101024,374144.41822916,0,0,1131387.2481353,-0.098208912318454,0,221040.55180916
16.723250008877,-0.097964020777796,0,114256.75497085,0,0,1116981.25725,-2659760.5564306,-681437.10385633,-0.0023780510881344,1889651.2121049,-0.1061126734098,-665.90192192239,3243136.9026776,374197.20110401,0,0,1132115.1545208,-0.098232346649374,0,221183.99808223
16.724348687306,-0.098028270751923,0,114442.05821758,0,0,1118879.6006882,-2664126.2207068,-681713.64631041,-0.0023826996790668,1892738.9091335,-0.1061932576105,-668.72096067989,3248452.1140543,374343.02186327,0,0,1134022.974046,-0.098297050754155,0,221585.81075672
16.725667101422,-0.098028270751923,0,114442.05821758,0,0,1118879.6006882,-2664126.2207068,-681713.64631041,-0.0023826996790668,1892738.9091335,-0.1061932576105,-668.72096067989,3248452.1140543,374343.02186327,0,0,1134022.974046,-0.098297050754155,0,221585.81075672
16.72724919836,-0.098035720572483,0,114463.28860967,0,0,1119068.0774212,-2664630.6895558,-681745.73637895,-0.00238494833772,1893108.6373181,-0.10620249089119,-668.79466687262,3249142.6934387,374359.94294741,0,0,1134200.1630383,-0.098304552670453,0,221627.48872265
16.729147714686,-0.098074400032088,0,114575.12634645,0,0,1120240.5300369,-2667320.1035828,-681911.63766836,-0.0023855955373854,1894982.7488817,-0.10625105731009,-669.46218150309,3252396.3398583,374447.42265135,0,0,1135355.0535966,-0.098343506779948,0,221860.0288504
16.731425934277,-0.098158429937329,0,114818.43135821,0,0,1122784.0167982,-2673009.9804988,-682272.17135085,-0.0023896592405005,1899048.3837378,-0.10635640336123,-671.16291573937,3259197.7020227,374637.53196214,0,0,1137870.3634064,-0.09842813393357,0,222385.79401567
16.734159797787,-0.098158429937329,0,114818.43135821,0,0,1122784.0167982,-2673009.9804988,-682272.17135085,-0.0023896592405005,1899048.3837378,-0.10635640336123,-671.16291573937,3259197.7020227,374637.53196214,0,0,1137870.3634064,-0.09842813393357,0,222385.79401567
16.735800115893,-0.098194467136844,0,114922.34847529,0,0,1123887.4450548,-2675481.823311,-682427.12568325,-0.0023904174754286,1900789.5761404,-0.10640150002436,-672.04724648703,3262180.7843645,374719.23933864,0,0,1138977.3880509,-0.098464424826753,0,222605.76206755
16.736620274946,-0.098255208566708,0,115097.71038809,0,0,1125618.4065985,-2679509.7149341,-682689.55925618,-0.0023943182075456,1903719.9411023,-0.10647737858338,-673.57754678527,3267129.8644417,374857.62048874,0,0,1140815.6831591,-0.098525585488071,0,222971.58573361
16.737440433998,-0.098255208566708,0,115097.71038809,0,0,1125618.4065985,-2679509.7149341,-682689.55925618,-0.0023943182075456,1903719.9411023,-0.10647737858338,-673.57754678527,3267129.8644417,374857.62048874,0,0,1140815.6831591,-0.098525585488071,0,222971.58573361
16.738424624862,-0.098255208566708,0,115097.71038809,0,0,1125618.4065985,-2679509.7149341,-682689.55925618,-0.0023943182075456,1903719.9411023,-0.10647737858338,-673.57754678527,3267129.8644417,374857.62048874,0,0,1140815.6831591,-0.098525585488071,0,222971.58573361
16.739605653898,-0.098255208566708,0,115097.71038809,0,0,1125618.4065985,-2679509.7149341,-682689.55925618,-0.0023943182075456,1903719.9411023,-0.10647737858338,-673.57754678527,3267129.8644417,374857.62048874,0,0,1140815.6831591,-0.098525585488071,0,222971.58573361
16.739782808253,-0.098281270922902,0,115172.94765661,0,0,1126404.8733136,-2681483.8944787,-682801.7639737,-0.0023946869183623,1904974.523022,-0.10651000633027,-674.25081098887,3269640.9452147,374916.78600525,0,0,1141545.2176656,-0.098551835174955,0,223136.52428495
16.739959962609,-0.098281270922902,0,115172.94765661,0,0,1126404.8733136,-2681483.8944787,-682801.7639737,-0.0023946869183623,1904974.523022,-0.10651000633027,-674.25081098887,3269640.9452147,374916.78600525,0,0,1141545.2176656,-0.098551835174955,0,223136.52428495
16.740172547835,-0.098281270922902,0,115172.94765661,0,0,1126404.8733136,-2681483.8944787,-682801.7639737,-0.0023946869183623,1904974.523022,-0.10651000633027,-674.25081098887,3269640.9452147,374916.78600525,0,0,1141545.2176656,-0.098551835174955,0,223136.52428495
16.740427650107,-0.098281270922902,0,115172.94765661,0,0,1126404.8733136,-2681483.8944787,-682801.7639737,-0.0023946869183623,1904974.523022,-0.10651000633027,-674.25081098887,3269640.9452147,374916.78600525,0,0,1141545.2176656,-0.098551835174955,0,223136.52428495
16.740733772833,-0.098281270922902,0,115172.94765661,0,0,1126404.8733136,-2681483.8944787,-682801.7639737,-0.0023946869183623,1904974.523022,-0.10651000633027,-674.25081098887,3269640.9452147,374916.78600525,0,0,1141545.2176656,-0.098551835174955,0,223136.52428495
16.741101120105,-0.098281270922902,0,115172.94765661,0,0,1126404.8733136,-2681483.8944787,-682801.7639737,-0.0023946869183623,1904974.523022,-0.10651000633027,-674.25081098887,3269640.9452147,374916.78600525,0,0,1141545.2176656,-0.098551835174955,0,223136.52428495
16.74154193683,-0.09834598420019,0,115361.33563724,0,0,1128315.9244885,-2685987.2475701,-683079.84922756,-0.0023996690397082,1908120.4678221,-0.1065910748349,-675.88663802179,3275219.865357,375063.42028254,0,0,1143503.7377637,-0.098617010118207,0,223521.74571801
16.742070916901,-0.09834598420019,0,115361.33563724,0,0,1128315.9244885,-2685987.2475701,-683079.84922756,-0.0023996690397082,1908120.4678221,-0.1065910748349,-675.88663802179,3275219.865357,375063.42028254,0,0,1143503.7377637,-0.098617010118207,0,223521.74571801
16.742705692986,-0.09834598420019,0,115361.33563724,0,0,1128315.9244885,-2685987.2475701,-683079.84922756,-0.0023996690397082,1908120.4678221,-0.1065910748349,-675.88663802179,3275219.865357,375063.42028254,0,0,1143503.7377637,-0.098617010118207,0,223521.74571801
16.743467424288,-0.09834598420019,0,115361.33563724,0,0,1128315.9244885,-2685987.2475701,-683079.84922756,-0.0023996690397082,1908120.4678221,-0.1065910748349,-675.88663802179,3275219.865357,375063.42028254,0,0,1143503.7377637,-0.098617010118207,0,223521.74571801
16.74438150185,-0.09834598420019,0,115361.33563724,0,0,1128315.9244885,-2685987.2475701,-683079.84922756,-0.0023996690397082,1908120.4678221,-0.1065910748349,-675.88663802179,3275219.865357,375063.42028254,0,0,1143503.7377637,-0.098617010118207,0,223521.74571801
16.745478394925,-0.098381641064056,0,115467.53585123,0,0,1129388.5094712,-2688182.1108105,-683231.30492286,-0.002400591850467,1909926.6389757,-0.10663494607391,-676.73800340011,3277433.2804193,375143.28282873,0,0,1144431.3323798,-0.098652912851552,0,223764.10999852
16.746794666615,-0.098443271398951,0,115644.38848911,0,0,1131219.961879,-2692698.3571774,-683497.75434186,-0.002404623739073,1912866.1954246,-0.10671270513039,-678.32362477869,3283353.9038726,375283.78153334,0,0,1146462.354319,-0.098714982107503,0,224099.04425894
16.748374192643,-0.098443271398951,0,115644.38848911,0,0,1131219.961879,-2692698.3571774,-683497.75434186,-0.002404623739073,1912866.1954246,-0.10671270513039,-678.32362477869,3283353.9038726,375283.78153334,0,0,1146462.354319,-0.098714982107503,0,224099.04425894
16.74932190826,-0.098443271398951,0,115644.38848911,0,0,1131219.961879,-2692698.3571774,-683497.75434186,-0.002404623739073,1912866.1954246,-0.10671270513039,-678.32362477869,3283353.9038726,375283.78153334,0,0,1146462.354319,-0.098714982107503,0,224099.04425894
16.749795766068,-0.098457437671417,0,115686.05296781,0,0,1131539.0969882,-2693525.5762428,-683559.09007719,-0.0024077429928162,1913657.3133111,-0.10673026826483,-678.67741593302,3284326.3766912,375316.12384933,0,0,1146604.1241942,-0.098729242460992,0,224202.31290262
16.750269623876,-0.098457437671417,0,115686.05296781,0,0,1131539.0969882,-2693525.5762428,-683559.09007719,-0.0024077429928162,1913657.3133111,-0.10673026826483,-678.67741593302,3284326.3766912,375316.12384933,0,0,1146604.1241942,-0.098729242460992,0,224202.31290262
16.750838253246,-0.098481595899642,0,115755.77401195,0,0,1132278.9524198,-2695182.4526852,-683662.7604164,-0.002409766700031,1914825.071273,-0.10676057494705,-679.2983568473,3286395.8607503,375370.78919047,0,0,1147328.3689382,-0.098753574153475,0,224351.86373508
16.75152060849,-0.098481595899642,0,115755.77401195,0,0,1132278.9524198,-2695182.4526852,-683662.7604164,-0.002409766700031,1914825.071273,-0.10676057494705,-679.2983568473,3286395.8607503,375370.78919047,0,0,1147328.3689382,-0.098753574153475,0,224351.86373508
16.752339434783,-0.098545817130144,0,115942.79448076,0,0,1134168.5875705,-2699585.0114741,-683938.04475512,-0.0024151611944774,1917955.96408,-0.10684103133544,-680.916798828,3291642.5665947,375515.94654593,0,0,1149225.8410712,-0.098818248509537,0,224754.35610504
16.753322026334,-0.098545817130144,0,115942.79448076,0,0,1134168.5875705,-2699585.0114741,-683938.04475512,-0.0024151611944774,1917955.96408,-0.10684103133544,-680.916798828,3291642.5665947,375515.94654593,0,0,1149225.8410712,-0.098818248509537,0,224754.35610504
16.754501136196,-0.098545817130144,0,115942.79448076,0,0,1134168.5875705,-2699585.0114741,-683938.04475512,-0.0024151611944774,1917955.96408,-0.10684103133544,-680.916798828,3291642.5665947,375515.94654593,0,0,1149225.8410712,-0.098818248509537,0,224754.35610504
16.75591606803,-0.098563786240925,0,115994.57241177,0,0,1134699.1967735,-2700791.400929,-684015.29415483,-0.002421631730617,1918822.1207036,-0.10686353457324,-681.36663604278,3293085.4668825,375556.68013295,0,0,1149786.9325181,-0.09883634469903,0,224866.76570431
16.757613986231,-0.098589298210147,0,116068.24362295,0,0,1135495.3467336,-2702588.4179216,-684124.62542588,-0.0024224219709839,1920059.5047728,-0.10689547856077,-681.99731629716,3295334.4140201,375614.3304819,0,0,1150551.4605306,-0.098862039152887,0,225018.84487261
16.758632737151,-0.09860603430162,0,116117.53724872,0,0,1135889.4968099,-2703816.8399055,-684197.89390238,-0.0024233407921227,1920880.1874525,-0.10691677299255,-682.47012970252,3297146.734538,375652.96492917,0,0,1150942.6206541,-0.098878891756543,0,225108.08247177
16.759651488071,-0.098638284288906,0,116209.42747481,0,0,1136843.8903294,-2705885.2897445,-684336.15659616,-0.0024260450965989,1922451.945535,-0.10695713067694,-683.31469849974,3299491.7582771,375725.87080927,0,0,1151913.1689765,-0.098911369262891,0,225328.27862221
16.760873989176,-0.098638284288906,0,116209.42747481,0,0,1136843.8903294,-2705885.2897445,-684336.15659616,-0.0024260450965989,1922451.945535,-0.10695713067694,-683.31469849974,3299491.7582771,375725.87080927,0,0,1151913.1689765,-0.098911369262891,0,225328.27862221
16.761607489839,-0.098716685782571,0,116437.12431154,0,0,1139144.3568614,-2711275.7138576,-684671.80706073,-0.0024280934873319,1926262.3980146,-0.1070550590583,-685.2568250226,3305994.0788281,375902.85920625,0,0,1154283.5042625,-0.098990321690784,0,225818.4083651
16.762340990501,-0.098716685782571,0,116437.12431154,0,0,1139144.3568614,-2711275.7138576,-684671.80706073,-0.0024280934873319,1926262.3980146,-0.1070550590583,-685.2568250226,3305994.0788281,375902.85920625,0,0,1154283.5042625,-0.098990321690784,0,225818.4083651
16.763221191297,-0.098716685782571,0,116437.12431154,0,0,1139144.3568614,-2711275.7138576,-684671.80706073,-0.0024280934873319,1926262.3980146,-0.1070550590583,-685.2568250226,3305994.0788281,375902.85920625,0,0,1154283.5042625,-0.098990321690784,0,225818.4083651
16.764277432251,-0.098716685782571,0,116437.12431154,0,0,1139144.3568614,-2711275.7138576,-684671.80706073,-0.0024280934873319,1926262.3980146,-0.1070550590583,-685.2568250226,3305994.0788281,375902.85920625,0,0,1154283.5042625,-0.098990321690784,0,225818.4083651
16.765544921396,-0.098747969823851,0,116526.78688389,0,0,1140037.5465137,-2713365.8532328,-684806.46087467,-0.002430004436807,1927775.1727113,-0.10709422050842,-686.04442055173,3308530.0249136,375973.86212498,0,0,1155317.6387915,-0.099021826960141,0,226012.03463089
16.76706590837,-0.098776438817383,0,116609.24430417,0,0,1140921.4957338,-2715293.9941558,-684928.95690516,-0.0024318084856485,1929154.8403366,-0.10712983268622,-686.75563865587,3310907.2698598,376038.45424789,0,0,1156200.0936092,-0.099050497572427,0,226185.22295578
16.768891092739,-0.098851412044989,0,116823.67716169,0,0,1143155.4131574,-2720371.5915451,-685251.21567158,-0.0024379994281366,1932775.5414493,-0.10722372666284,-688.63722613294,3317053.5423291,376208.38120603,0,0,1158496.3050643,-0.099126001250181,0,226651.92980693
16.771081313982,-0.098851412044989,0,116823.67716169,0,0,1143155.4131574,-2720371.5915451,-685251.21567158,-0.0024379994281366,1932775.5414493,-0.10722372666284,-688.63722613294,3317053.5423291,376208.38120603,0,0,1158496.3050643,-0.099126001250181,0,226651.92980693
16.773709579474,-0.098939736886669,0,117078.95260455,0,0,1145792.5242843,-2726256.7124364,-685630.39057975,-0.0024405937005329,1937053.8964614,-0.10733459366933,-690.84352677042,3324111.5320409,376408.32002999,0,0,1161314.3436556,-0.09921495426587,0,227207.42686363
16.776863498063,-0.098999372760651,0,117252.07200673,0,0,1147628.4160177,-2730516.240888,-685887.83101196,-0.0024460161098542,1939938.0002456,-0.1074086974825,-692.40567686478,3329607.4941969,376544.06829847,0,0,1163035.1548139,-0.099275004802651,0,227566.75257765
16.778755849217,-0.098999372760651,0,117252.07200673,0,0,1147628.4160177,-2730516.240888,-685887.83101196,-0.0024460161098542,1939938.0002456,-0.1074086974825,-692.40567686478,3329607.4941969,376544.06829847,0,0,1163035.1548139,-0.099275004802651,0,227566.75257765
16.779702024794,-0.099005763483764,0,117270.12901453,0,0,1147760.1999846,-2730843.3797601,-685915.64554613,-0.0024483095702919,1940275.9447756,-0.10741667228193,-692.55412072289,3329973.2077851,376558.73489455,0,0,1163217.6534828,-0.099281436885835,0,227607.16836373
16.780175112582,-0.099024750079058,0,117325.29735264,0,0,1148346.4912187,-2732162.7826845,-685997.28477533,-0.0024499068188682,1941198.0172817,-0.10744045330995,-693.01102709472,3331657.7140549,376601.78323747,0,0,1163793.1763282,-0.099300560228339,0,227710.97527651
16.780648200371,-0.099024750079058,0,117325.29735264,0,0,1148346.4912187,-2732162.7826845,-685997.28477533,-0.0024499068188682,1941198.0172817,-0.10744045330995,-693.01102709472,3331657.7140549,376601.78323747,0,0,1163793.1763282,-0.099300560228339,0,227710.97527651
16.781215905717,-0.099024750079058,0,117325.29735264,0,0,1148346.4912187,-2732162.7826845,-685997.28477533,-0.0024499068188682,1941198.0172817,-0.10744045330995,-693.01102709472,3331657.7140549,376601.78323747,0,0,1163793.1763282,-0.099300560228339,0,227710.97527651
16.781897152132,-0.099035647552034,0,117355.24815297,0,0,1148562.5568165,-2732653.1935819,-686045.17947286,-0.0024561763333549,1941734.4173262,-0.10745431955179,-693.30396825674,3332129.3506712,376627.03809814,0,0,1164012.332381,-0.099311532244146,0,227802.57095208
16.782714647831,-0.099066160173584,0,117443.41817536,0,0,1149449.032417,-2734732.6127322,-686175.85502736,-0.0024581651161189,1943212.3203568,-0.1074926212686,-694.0849813394,3334685.1178291,376695.9432818,0,0,1164893.8252843,-0.099342261153845,0,227984.82282854
16.783695642669,-0.099066160173584,0,117443.41817536,0,0,1149449.032417,-2734732.6127322,-686175.85502736,-0.0024581651161189,1943212.3203568,-0.1074926212686,-694.0849813394,3334685.1178291,376695.9432818,0,0,1164893.8252843,-0.099342261153845,0,227984.82282854
16.784872836475,-0.099103701821706,0,117552.37441091,0,0,1150476.714562,-2737346.0815323,-686336.51331935,-0.002461167450476,1945038.1319155,-0.10753964628373,-695.06350258445,3338012.0614547,376780.65835464,0,0,1166013.5087955,-0.099380068145426,0,228204.31521124
16.785579152758,-0.099103701821706,0,117552.37441091,0,0,1150476.714562,-2737346.0815323,-686336.51331935,-0.002461167450476,1945038.1319155,-0.10753964628373,-695.06350258445,3338012.0614547,376780.65835464,0,0,1166013.5087955,-0.099380068145426,0,228204.31521124
16.786285469042,-0.09917258085297,0,117747.93051003,0,0,1152473.491753,-2741925.1089361,-686633.51721677,-0.002467293748906,1948336.2707426,-0.10762624789937,-696.86488982228,3343553.4274244,376937.26842742,0,0,1167975.4413232,-0.099449434989005,0,228641.96519831
16.787133048582,-0.09917258085297,0,117747.93051003,0,0,1152473.491753,-2741925.1089361,-686633.51721677,-0.002467293748906,1948336.2707426,-0.10762624789937,-696.86488982228,3343553.4274244,376937.26842742,0,0,1167975.4413232,-0.099449434989005,0,228641.96519831
16.78815014403,-0.09917258085297,0,117747.93051003,0,0,1152473.491753,-2741925.1089361,-686633.51721677,-0.002467293748906,1948336.2707426,-0.10762624789937,-696.86488982228,3343553.4274244,376937.26842742,0,0,1167975.4413232,-0.099449434989005,0,228641.96519831
16.789370658568,-0.09917258085297,0,117747.93051003,0,0,1152473.491753,-2741925.1089361,-686633.51721677,-0.002467293748906,1948336.2707426,-0.10762624789937,-696.86488982228,3343553.4274244,376937.26842742,0,0,1167975.4413232,-0.099449434989005,0,228641.96519831
16.790102967291,-0.099207696372415,0,117849.84985175,0,0,1153572.0974981,-2744404.7779386,-686784.15172381,-0.0024683769994092,1950033.1467024,-0.10767006516549,-697.73176026706,3346663.3570516,377016.69796123,0,0,1169043.5568394,-0.099484797554894,0,228841.03207023
16.790835276013,-0.099207696372415,0,117849.84985175,0,0,1153572.0974981,-2744404.7779386,-686784.15172381,-0.0024683769994092,1950033.1467024,-0.10767006516549,-697.73176026706,3346663.3570516,377016.69796123,0,0,1169043.5568394,-0.099484797554894,0,228841.03207023
16.791714046481,-0.099215344094927,0,117871.90654252,0,0,1153808.3831831,-2744939.9295518,-686816.98509122,-0.0024687216967935,1950403.5989543,-0.10767960925221,-697.9168771225,3347327.0477432,377034.01098676,0,0,1169276.5054808,-0.09949249955809,0,228885.34008503
16.792768571041,-0.099292645555353,0,118097.50459635,0,0,1156206.7431556,-2750424.2817915,-687148.38048286,-0.0024723541390138,1954154.2102775,-0.10777620458714,-699.83303483702,3354307.0143705,377208.75568494,0,0,1171566.7692323,-0.099570350838458,0,229334.23962406
16.794034000514,-0.099292645555353,0,118097.50459635,0,0,1156206.7431556,-2750424.2817915,-687148.38048286,-0.0024723541390138,1954154.2102775,-0.10777620458714,-699.83303483702,3354307.0143705,377208.75568494,0,0,1171566.7692323,-0.099570350838458,0,229334.23962406
16.795552515881,-0.099305742550008,0,118135.41515701,0,0,1156594.0146078,-2751315.4320126,-687204.96236615,-0.0024726298111974,1954789.0506364,-0.107792528135,-700.14123199711,3355420.0793296,377238.5912963,0,0,1171955.4021315,-0.099583538296529,0,229407.78944741
16.797374734322,-0.099377966730528,0,118344.01721675,0,0,1158772.1679762,-2756258.3337863,-687515.40695461,-0.0024760066225886,1958272.6515068,-0.10788295187092,-701.96060108997,3361494.0623135,377402.28864173,0,0,1173983.1286421,-0.099656271556711,0,229841.36421944
16.799561396451,-0.099377966730528,0,118344.01721675,0,0,1158772.1679762,-2756258.3337863,-687515.40695461,-0.0024760066225886,1958272.6515068,-0.10788295187092,-701.96060108997,3361494.0623135,377402.28864173,0,0,1173983.1286421,-0.099656271556711,0,229841.36421944
16.802185391006,-0.099466425385875,0,118600.21614891,0,0,1161537.2330024,-2762376.5799912,-687894.53486977,-0.0024790843143508,1962537.3135854,-0.10799376393902,-704.13867315386,3368948.9361464,377602.20268632,0,0,1175893.4125174,-0.099745357493567,0,230376.29613226
16.805334184472,-0.099466425385875,0,118600.21614891,0,0,1161537.2330024,-2762376.5799912,-687894.53486977,-0.0024790843143508,1962537.3135854,-0.10799376393902,-704.13867315386,3368948.9361464,377602.20268632,0,0,1175893.4125174,-0.099745357493567,0,230376.29613226
16.805806503492,-0.099484409694069,0,118653.469559,0,0,1161936.3780498,-2763371.4223038,-687972.19190201,-0.0024840641111765,1963450.5303134,-0.10801582144723,-704.58295287393,3370039.0255223,377643.15121781,0,0,1174734.6338049,-0.09976346380356,0,230514.69465914
16.806278822512,-0.099484409694069,0,118653.469559,0,0,1161936.3780498,-2763371.4223038,-687972.19190201,-0.0024840641111765,1963450.5303134,-0.10801582144723,-704.58295287393,3370039.0255223,377643.15121781,0,0,1174734.6338049,-0.09976346380356,0,230514.69465914
16.806845605335,-0.099553169075225,0,118850.41461495,0,0,1163909.0905339,-2768019.5822621,-688268.67709949,-0.0024873540547562,1966741.5035695,-0.10810231329554,-706.36762878902,3375869.9790563,377799.48778024,0,0,1181438.806948,-0.099832706078216,0,230925.64338706
16.807525744724,-0.099553169075225,0,118850.41461495,0,0,1163909.0905339,-2768019.5822621,-688268.67709949,-0.0024873540547562,1966741.5035695,-0.10810231329554,-706.36762878902,3375869.9790563,377799.48778024,0,0,1181438.806948,-0.099832706078216,0,230925.64338706
16.80834191199,-0.099553169075225,0,118850.41461495,0,0,1163909.0905339,-2768019.5822621,-688268.67709949,-0.0024873540547562,1966741.5035695,-0.10810231329554,-706.36762878902,3375869.9790563,377799.48778024,0,0,1181438.806948,-0.099832706078216,0,230925.64338706
16.80932131271,-0.099553169075225,0,118850.41461495,0,0,1163909.0905339,-2768019.5822621,-688268.67709949,-0.0024873540547562,1966741.5035695,-0.10810231329554,-706.36762878902,3375869.9790563,377799.48778024,0,0,1181438.806948,-0.099832706078216,0,230925.64338706
16.809908953142,-0.09957563765641,0,118915.37736974,0,0,1164568.2279401,-2769574.1790051,-688365.46673237,-0.002487713985945,1967825.4429611,-0.10813038570725,-706.92259610128,3377797.3748518,377850.52492683,0,0,1181315.8632219,-0.099855330854882,0,231063.82442174
16.810496593574,-0.09957563765641,0,118915.37736974,0,0,1164568.2279401,-2769574.1790051,-688365.46673237,-0.002487713985945,1967825.4429611,-0.10813038570725,-706.92259610128,3377797.3748518,377850.52492683,0,0,1181315.8632219,-0.099855330854882,0,231063.82442174
16.811201762092,-0.099599333640882,0,118983.18367352,0,0,1165303.7642045,-2771132.4095812,-688467.61412303,-0.0024887984197967,1968956.3743186,-0.10816010358455,-707.51094232248,3379695.5410237,377904.3872176,0,0,1182082.4681985,-0.099879192816348,0,231209.27301806
16.812047964313,-0.099599333640882,0,118983.18367352,0,0,1165303.7642045,-2771132.4095812,-688467.61412303,-0.0024887984197967,1968956.3743186,-0.10816010358455,-707.51094232248,3379695.5410237,377904.3872176,0,0,1182082.4681985,-0.099879192816348,0,231209.27301806
16.813063406979,-0.099668124316321,0,119182.36089744,0,0,1167303.3170498,-2775826.8842006,-688762.87146071,-0.0024940506199972,1972282.7854721,-0.10824627936786,-709.21311996741,3385357.1322834,378060.07632994,0,0,1183859.7492726,-0.099948468001829,0,231624.0595498
16.814281938179,-0.099668124316321,0,119182.36089744,0,0,1167303.3170498,-2775826.8842006,-688762.87146071,-0.0024940506199972,1972282.7854721,-0.10824627936786,-709.21311996741,3385357.1322834,378060.07632994,0,0,1183859.7492726,-0.099948468001829,0,231624.0595498
16.815744175618,-0.099668124316321,0,119182.36089744,0,0,1167303.3170498,-2775826.8842006,-688762.87146071,-0.0024940506199972,1972282.7854721,-0.10824627936786,-709.21311996741,3385357.1322834,378060.07632994,0,0,1183859.7492726,-0.099948468001829,0,231624.0595498
16.817498860545,-0.099749747055094,0,119418.40554321,0,0,1169805.7116606,-2781386.5802861,-689112.82901401,-0.002497423910396,1976226.9617191,-0.10834854818786,-710.88728922666,3392071.1137044,378244.60885082,0,0,1186229.6228678,-0.10003066809092,0,232121.41818403
16.819604482457,-0.099749747055094,0,119418.40554321,0,0,1169805.7116606,-2781386.5802861,-689112.82901401,-0.002497423910396,1976226.9617191,-0.10834854818786,-710.88728922666,3392071.1137044,378244.60885082,0,0,1186229.6228678,-0.10003066809092,0,232121.41818403
16.820236169031,-0.099754908045092,0,119433.25655732,0,0,1169952.1277161,-2781727.3644269,-689135.16699411,-0.0024977967281045,1976475.2952598,-0.10835498702678,-711.20061013127,3392490.2078904,378256.38766153,0,0,1186379.0555976,-0.10003586503526,0,232152.80426696
16.820867855605,-0.099812678768797,0,119598.02736625,0,0,1171632.0520934,-2785766.2854073,-689385.12628201,-0.0025021772027031,1979221.0987716,-0.10842730413948,-712.8168416297,3397722.9607732,378388.1911247,0,0,1188042.6332227,-0.10009404708502,0,232516.24078248
16.821625879493,-0.099812678768797,0,119598.02736625,0,0,1171632.0520934,-2785766.2854073,-689385.12628201,-0.0025021772027031,1979221.0987716,-0.10842730413948,-712.8168416297,3397722.9607732,378388.1911247,0,0,1188042.6332227,-0.10009404708502,0,232516.24078248
16.822535508159,-0.099812678768797,0,119598.02736625,0,0,1171632.0520934,-2785766.2854073,-689385.12628201,-0.0025021772027031,1979221.0987716,-0.10842730413948,-712.8168416297,3397722.9607732,378388.1911247,0,0,1188042.6332227,-0.10009404708502,0,232516.24078248
16.823627062559,-0.099812678768797,0,119598.02736625,0,0,1171632.0520934,-2785766.2854073,-689385.12628201,-0.0025021772027031,1979221.0987716,-0.10842730413948,-712.8168416297,3397722.9607732,378388.1911247,0,0,1188042.6332227,-0.10009404708502,0,232516.24078248
16.823954528879,-0.099838469887794,0,119673.78877239,0,0,1172299.0395509,-2787509.8280521,-689495.7176785,-0.002502830930767,1980493.7613325,-0.10845951099873,-713.40928829886,3399801.3593399,378446.50593742,0,0,1188841.058068,-0.10012001744007,0,232673.21620153
16.824281995198,-0.099838469887794,0,119673.78877239,0,0,1172299.0395509,-2787509.8280521,-689495.7176785,-0.002502830930767,1980493.7613325,-0.10845951099873,-713.40928829886,3399801.3593399,378446.50593742,0,0,1188841.058068,-0.10012001744007,0,232673.21620153
16.824674954782,-0.099838469887794,0,119673.78877239,0,0,1172299.0395509,-2787509.8280521,-689495.7176785,-0.002502830930767,1980493.7613325,-0.10845951099873,-713.40928829886,3399801.3593399,378446.50593742,0,0,1188841.058068,-0.10012001744007,0,232673.21620153
16.825146506283,-0.099838469887794,0,119673.78877239,0,0,1172299.0395509,-2787509.8280521,-689495.7176785,-0.002502830930767,1980493.7613325,-0.10845951099873,-713.40928829886,3399801.3593399,378446.50593742,0,0,1188841.058068,-0.10012001744007,0,232673.21620153
16.825712368083,-0.099848800992787,0,119704.97979754,0,0,1172603.7203243,-2788181.4929764,-689540.01606531,-0.0025033392051741,1981015.5537244,-0.10847244049896,-713.66360057322,3400792.3749586,378469.8644645,0,0,1189161.4237572,-0.10013042228087,0,232733.6856684
16.826391402244,-0.099855369707762,0,119723.62288424,0,0,1172795.3575696,-2788613.0312555,-689568.27581109,-0.0025038346161153,1981326.9486145,-0.10848069133366,-713.76103741426,3401301.5346618,378484.76582062,0,0,1189371.1887431,-0.1001370374999,0,232779.25707541
16.827206243237,-0.09988210481783,0,119799.95185774,0,0,1173548.6513117,-2790477.0855241,-689683.29406815,-0.0025059476660954,1982593.2624116,-0.10851428862337,-714.56631598221,3403728.0121303,378545.41491567,0,0,1190090.3546355,-0.1001639591329,0,232941.51301332
16.828184052428,-0.09990676487496,0,119871.32963554,0,0,1174279.8881644,-2792162.6764005,-689789.36269623,-0.002508235770649,1983781.9250098,-0.10854518959335,-715.20124282422,3405795.0791755,378601.34487384,0,0,1190731.1161339,-0.10018879129212,0,233096.22695119
16.829357423458,-0.09990676487496,0,119871.32963554,0,0,1174279.8881644,-2792162.6764005,-689789.36269623,-0.002508235770649,1983781.9250098,-0.10854518959335,-715.20124282422,3405795.0791755,378601.34487384,0,0,1190731.1161339,-0.10018879129212,0,233096.22695119
16.830061446076,-0.099939390048938,0,119965.11687367,0,0,1175157.0828928,-2794301.2461472,-689929.51094097,-0.0025120015794755,1985352.3681605,-0.1085861356919,-716.03697707827,3408391.2385982,378675.24500446,0,0,1191687.6258421,-0.10022164522709,0,233307.68704404
16.830765468694,-0.099939390048938,0,119965.11687367,0,0,1175157.0828928,-2794301.2461472,-689929.51094097,-0.0025120015794755,1985352.3681605,-0.1085861356919,-716.03697707827,3408391.2385982,378675.24500446,0,0,1191687.6258421,-0.10022164522709,0,233307.68704404
16.831610295836,-0.09996647631355,0,120041.89063746,0,0,1175914.676648,-2796112.7862456,-690046.19855107,-0.0025151497397706,1986640.2985306,-0.10862014212757,-716.74506716563,3410644.5133996,378736.77434892,0,0,1192421.1211687,-0.10024892101419,0,233476.26639471
16.832624088405,-0.09996647631355,0,120041.89063746,0,0,1175914.676648,-2796112.7862456,-690046.19855107,-0.0025151497397706,1986640.2985306,-0.10862014212757,-716.74506716563,3410644.5133996,378736.77434892,0,0,1192421.1211687,-0.10024892101419,0,233476.26639471
16.833840639489,-0.10005148460031,0,120284.61271278,0,0,1178487.7963938,-2801863.6677152,-690410.82318106,-0.0025219861518818,1990716.6467114,-0.10872673715141,-718.86570538746,3417513.9614632,378929.04081528,0,0,1194931.5048143,-0.10033453052908,0,234005.44326645
16.835300500789,-0.10005148460031,0,120284.61271278,0,0,1178487.7963938,-2801863.6677152,-690410.82318106,-0.0025219861518818,1990716.6467114,-0.10872673715141,-718.86570538746,3417513.9614632,378929.04081528,0,0,1194931.5048143,-0.10033453052908,0,234005.44326645
16.83705233435,-0.10005148460031,0,120284.61271278,0,0,1178487.7963938,-2801863.6677152,-690410.82318106,-0.0025219861518818,1990716.6467114,-0.10872673715141,-718.86570538746,3417513.9614632,378929.04081528,0,0,1194931.5048143,-0.10033453052908,0,234005.44326645
16.839154534623,-0.10014940032216,0,120564.43540039,0,0,1181505.2055801,-2808573.7314371,-690830.57440879,-0.0025245753031286,1995388.5359314,-0.10884933600044,-721.28012868297,3425642.1990832,379150.37552134,0,0,1197939.0088267,-0.10043313656001,0,234594.42952157
16.84167717495,-0.10014940032216,0,120564.43540039,0,0,1181505.2055801,-2808573.7314371,-690830.57440879,-0.0025245753031286,1995388.5359314,-0.10884933600044,-721.28012868297,3425642.1990832,379150.37552134,0,0,1197939.0088267,-0.10043313656001,0,234594.42952157
16.844704343342,-0.10025166015201,0,120856.20417578,0,0,1184637.1229242,-2815567.1042781,-691269.8523134,-0.0025305120507341,2000228.0489782,-0.10897752938899,-723.80831240232,3434199.8174577,379382.0066387,0,0,1201070.70025,-0.10053611258205,0,235197.69288382
16.846520644378,-0.10025166015201,0,120856.20417578,0,0,1184637.1229242,-2815567.1042781,-691269.8523134,-0.0025305120507341,2000228.0489782,-0.10897752938899,-723.80831240232,3434199.8174577,379382.0066387,0,0,1201070.70025,-0.10053611258205,0,235197.69288382
16.847428794896,-0.10025166015201,0,120856.20417578,0,0,1184637.1229242,-2815567.1042781,-691269.8523134,-0.0025305120507341,2000228.0489782,-0.10897752938899,-723.80831240232,3434199.8174577,379382.0066387,0,0,1201070.70025,-0.10053611258205,0,235197.69288382
16.847882870155,-0.10025883338944,0,120876.35457395,0,0,1184728.5461539,-2816018.5360963,-691301.20089009,-0.0025314456787202,2000590.1620793,-0.10898637641564,-723.99730428141,3434876.2851336,379398.53673448,0,0,1201154.511439,-0.10054333300544,0,235244.17109885
16.848336945413,-0.10025883338944,0,120876.35457395,0,0,1184728.5461539,-2816018.5360963,-691301.20089009,-0.0025314456787202,2000590.1620793,-0.10898637641564,-723.99730428141,3434876.2851336,379398.53673448,0,0,1201154.511439,-0.10054333300544,0,235244.17109885
16.848881835724,-0.10033032758355,0,121081.5526488,0,0,1186808.2973798,-2820735.0618234,-691608.80588797,-0.0025369803748459,2004048.6094934,-0.10907543621259,-725.77078583129,3440803.2937266,379560.73676458,0,0,1203173.343954,-0.10061532782175,0,235687.29085259
16.849535704097,-0.10033032758355,0,121081.5526488,0,0,1186808.2973798,-2820735.0618234,-691608.80588797,-0.0025369803748459,2004048.6094934,-0.10907543621259,-725.77078583129,3440803.2937266,379560.73676458,0,0,1203173.343954,-0.10061532782175,0,235687.29085259
16.850320346144,-0.10033032758355,0,121081.5526488,0,0,1186808.2973798,-2820735.0618234,-691608.80588797,-0.0025369803748459,2004048.6094934,-0.10907543621259,-725.77078583129,3440803.2937266,379560.73676458,0,0,1203173.343954,-0.10061532782175,0,235687.29085259
16.851261916601,-0.10033032758355,0,121081.5526488,0,0,1186808.2973798,-2820735.0618234,-691608.80588797,-0.0025369803748459,2004048.6094934,-0.10907543621259,-725.77078583129,3440803.2937266,379560.73676458,0,0,1203173.343954,-0.10061532782175,0,235687.29085259
16.852391801149,-0.10033859034141,0,121104.9516751,0,0,1186997.739514,-2821203.7827076,-691644.29666929,-0.002539761930977,2004446.611483,-0.10908565282668,-725.97824507202,3441318.3459515,379579.45104373,0,0,1203311.5459524,-0.10062364686897,0,235747.4283463
16.853747662607,-0.10042006647824,0,121338.34506027,0,0,1189496.9006961,-2826827.6572278,-691993.53439526,-0.002541472809067,2008342.4807896,-0.10918777799452,-727.98741248817,3448221.8335682,379763.60399983,0,0,1208951.5746318,-0.10070569532854,0,236229.477041
16.855374696357,-0.10042006647824,0,121338.34506027,0,0,1189496.9006961,-2826827.6572278,-691993.53439526,-0.002541472809067,2008342.4807896,-0.10918777799452,-727.98741248817,3448221.8335682,379763.60399983,0,0,1208951.5746318,-0.10070569532854,0,236229.477041
16.856350916606,-0.10042006647824,0,121338.34506027,0,0,1189496.9006961,-2826827.6572278,-691993.53439526,-0.002541472809067,2008342.4807896,-0.10918777799452,-727.98741248817,3448221.8335682,379763.60399983,0,0,1208951.5746318,-0.10070569532854,0,236229.477041
16.857327136856,-0.1004517330833,0,121428.19055767,0,0,1190407.6379276,-2828887.5582468,-692129.9460066,-0.0025442948355247,2009843.2723922,-0.10922736375813,-728.77107277875,3450687.2467118,379835.5338047,0,0,1209108.5992519,-0.10073758197671,0,236424.64082964
16.858498601155,-0.1004517330833,0,121428.19055767,0,0,1190407.6379276,-2828887.5582468,-692129.9460066,-0.0025442948355247,2009843.2723922,-0.10922736375813,-728.77107277875,3450687.2467118,379835.5338047,0,0,1209108.5992519,-0.10073758197671,0,236424.64082964
16.859904358315,-0.10048276912703,0,121516.62012486,0,0,1191344.1042996,-2830985.797208,-692263.13305178,-0.0025462333165822,2011319.8341238,-0.10926623358791,-729.54738887689,3453221.7066945,379905.76329672,0,0,1209711.6684421,-0.10076883564176,0,236613.28678117
16.860747812611,-0.10051182094722,0,121598.55399791,0,0,1192126.6442869,-2832862.1951439,-692388.5149272,-0.0025494584357789,2012686.3717595,-0.10930268245433,-730.30131499513,3455518.1343971,379971.87712491,0,0,1210248.8319067,-0.10079808808765,0,236806.32909287
16.861591266906,-0.10051182094722,0,121598.55399791,0,0,1192126.6442869,-2832862.1951439,-692388.5149272,-0.0025494584357789,2012686.3717595,-0.10930268245433,-730.30131499513,3455518.1343971,379971.87712491,0,0,1210248.8319067,-0.10079808808765,0,236806.32909287
16.862603412061,-0.10053415259766,0,121662.31111766,0,0,1192728.9934608,-2834401.9211807,-692484.6677086,-0.0025521133156181,2013742.2603542,-0.10933066721442,-730.88770822165,3457565.5043791,380022.57845984,0,0,1210743.8081714,-0.10082057416065,0,236938.53301457
16.863210699154,-0.10053415259766,0,121662.31111766,0,0,1192728.9934608,-2834401.9211807,-692484.6677086,-0.0025521133156181,2013742.2603542,-0.10933066721442,-730.88770822165,3457565.5043791,380022.57845984,0,0,1210743.8081714,-0.10082057416065,0,236938.53301457
16.863817986247,-0.10060642553683,0,121866.97667586,0,0,1194782.7440488,-2839183.6664329,-692795.65595425,-0.0025613365610727,2017170.6017256,-0.10942127837482,-732.73344683718,3463435.4360135,380186.5624756,0,0,1212651.798677,-0.10089335414054,0,237397.3848552
16.864546730758,-0.10060642553683,0,121866.97667586,0,0,1194782.7440488,-2839183.6664329,-692795.65595425,-0.0025613365610727,2017170.6017256,-0.10942127837482,-732.73344683718,3463435.4360135,380186.5624756,0,0,1212651.798677,-0.10089335414054,0,237397.3848552
16.865421224172,-0.10060642553683,0,121866.97667586,0,0,1194782.7440488,-2839183.6664329,-692795.65595425,-0.0025613365610727,2017170.6017256,-0.10942127837482,-732.73344683718,3463435.4360135,380186.5624756,0,0,1212651.798677,-0.10089335414054,0,237397.3848552
16.866470616269,-0.10060642553683,0,121866.97667586,0,0,1194782.7440488,-2839183.6664329,-692795.65595425,-0.0025613365610727,2017170.6017256,-0.10942127837482,-732.73344683718,3463435.4360135,380186.5624756,0,0,1212651.798677,-0.10089335414054,0,237397.3848552
16.867729886785,-0.10067886442913,0,122073.86241461,0,0,1196927.7750849,-2843964.2466394,-693106.59507795,-0.0025700264168883,2020631.0078121,-0.10951189863343,-734.51308422605,3469125.3071451,380350.52058944,0,0,1214885.5082359,-0.10096629707068,0,237841.0592905
16.869241011404,-0.10067886442913,0,122073.86241461,0,0,1196927.7750849,-2843964.2466394,-693106.59507795,-0.0025700264168883,2020631.0078121,-0.10951189863343,-734.51308422605,3469125.3071451,380350.52058944,0,0,1214885.5082359,-0.10096629707068,0,237841.0592905
16.871054360946,-0.10070949336295,0,122159.71655375,0,0,1197831.7886062,-2846042.0907346,-693238.51083212,-0.0025709924966299,2022066.3932414,-0.10955021515544,-735.31444245954,3471746.1801846,380420.07973002,0,0,1215749.5644161,-0.10099714321718,0,238030.2039963
16.873230380398,-0.10074312143546,0,122256.6140499,0,0,1198878.3953322,-2848328.0310445,-693382.67572309,-0.0025727156899468,2023672.0823753,-0.10959225865165,-736.1383713543,3474559.1907817,380496.09783707,0,0,1216746.2967247,-0.10103100599325,0,238230.76416507
16.874535992069,-0.10074927689474,0,122273.74158471,0,0,1199044.394268,-2848706.4139105,-693409.25227046,-0.0025733223547472,2023961.9809892,-0.10960000234751,-736.29819542262,3475007.4895326,380510.11164314,0,0,1216922.8509233,-0.10103720382383,0,238273.00662222
16.875188797904,-0.10077604805316,0,122348.86406284,0,0,1199892.3799472,-2850542.9110812,-693524.37466791,-0.0025749835203544,2025216.3665779,-0.1096335167614,-736.98061333588,3477346.9142021,380570.81565137,0,0,1217625.9500001,-0.10106415998236,0,238429.99648954
16.875841603739,-0.10077604805316,0,122348.86406284,0,0,1199892.3799472,-2850542.9110812,-693524.37466791,-0.0025749835203544,2025216.3665779,-0.1096335167614,-736.98061333588,3477346.9142021,380570.81565137,0,0,1217625.9500001,-0.10106415998236,0,238429.99648954
16.876624970742,-0.10079286638586,0,122394.97252433,0,0,1200361.9213905,-2851563.7913432,-693597.0353952,-0.0025772746693831,2025991.2437124,-0.10965470545704,-737.42922563456,3478585.9909647,380609.12963278,0,0,1218101.907283,-0.10108109383659,0,238546.37525887
16.877565011145,-0.1008179843229,0,122465.15948347,0,0,1200894.0546533,-2853237.7685785,-693705.12470172,-0.0025799372406625,2027166.1338462,-0.10968618132406,-738.07436541937,3480722.9165929,380666.12509413,0,0,1218837.6723827,-0.10110638533824,0,238698.35464513
16.878693059628,-0.1008179843229,0,122465.15948347,0,0,1200894.0546533,-2853237.7685785,-693705.12470172,-0.0025799372406625,2027166.1338462,-0.10968618132406,-738.07436541937,3480722.9165929,380666.12509413,0,0,1218837.6723827,-0.10110638533824,0,238698.35464513
16.880046717809,-0.10090604892631,0,122713.79107004,0,0,1204009.4847106,-2859211.522505,-694082.38787893,-0.0025871737482361,2031337.2280514,-0.10979656812327,-740.28309260233,3487936.594747,380865.05586294,0,0,1221454.5394974,-0.10119506883618,0,239238.53965496
16.881671107625,-0.10090604892631,0,122713.79107004,0,0,1204009.4847106,-2859211.522505,-694082.38787893,-0.0025871737482361,2031337.2280514,-0.10979656812327,-740.28309260233,3487936.594747,380865.05586294,0,0,1221454.5394974,-0.10119506883618,0,239238.53965496
16.882645741515,-0.10090604892631,0,122713.79107004,0,0,1204009.4847106,-2859211.522505,-694082.38787893,-0.0025871737482361,2031337.2280514,-0.10979656812327,-740.28309260233,3487936.594747,380865.05586294,0,0,1221454.5394974,-0.10119506883618,0,239238.53965496
16.883620375405,-0.10097304434821,0,122903.31805967,0,0,1206280.688965,-2863583.5931198,-694370.56842912,-0.0025901425672397,2034502.5446807,-0.10988006054756,-741.8622003128,3493198.7252793,381017.01338727,0,0,1223505.6316192,-0.10126252072855,0,239629.87588821
16.884789936073,-0.10097304434821,0,122903.31805967,0,0,1206280.688965,-2863583.5931198,-694370.56842912,-0.0025901425672397,2034502.5446807,-0.10988006054756,-741.8622003128,3493198.7252793,381017.01338727,0,0,1223505.6316192,-0.10126252072855,0,239629.87588821
16.886193408874,-0.10098296853818,0,122930.72311393,0,0,1206706.7872749,-2864289.4558888,-694413.47606818,-0.0025910177017386,2034956.1709388,-0.10989245348194,-742.12988808398,3494175.9342795,381039.63857341,0,0,1223752.0762587,-0.1012725150584,0,239688.97263351
16.887877576235,-0.10100627582405,0,122990.63145305,0,0,1207273.8917198,-2865745.6340417,-694514.7553966,-0.0025982034784091,2036027.5633084,-0.10992180112506,-742.74217839692,3496141.2165546,381093.04313527,0,0,1224287.0722797,-0.10129597936022,0,239833.87605894
16.888888076652,-0.10107056779159,0,123173.07179234,0,0,1209154.0169097,-2869972.1173244,-694789.82661472,-0.0026035025579091,2039086.4743312,-0.11000216318025,-744.35156720419,3501160.8444671,381238.08811238,0,0,1226160.0923092,-0.10136072096391,0,240242.39692425
16.889898577069,-0.10107056779159,0,123173.07179234,0,0,1209154.0169097,-2869972.1173244,-694789.82661472,-0.0026035025579091,2039086.4743312,-0.11000216318025,-744.35156720419,3501160.8444671,381238.08811238,0,0,1226160.0923092,-0.10136072096391,0,240242.39692425
16.89111117757,-0.10107056779159,0,123173.07179234,0,0,1209154.0169097,-2869972.1173244,-694789.82661472,-0.0026035025579091,2039086.4743312,-0.11000216318025,-744.35156720419,3501160.8444671,381238.08811238,0,0,1226160.0923092,-0.10136072096391,0,240242.39692425
16.89256629817,-0.10108490855277,0,123213.54299563,0,0,1209603.3196267,-2870922.8669828,-694851.22173935,-0.0026043050089519,2039763.4562722,-0.1100200729647,-744.69727574845,3502310.5920439,381270.4617446,0,0,1226604.8277351,-0.10137516131381,0,240327.43994828
16.89343937053,-0.10115275603985,0,123398.1295241,0,0,1211081.3652373,-2874666.8854769,-695144.99770275,-0.0026063094065592,2042893.2750543,-0.11010640268485,-746.4643128384,3506117.5063307,381425.36972866,0,0,1228626.4608481,-0.10144348328033,0,240849.06263256
16.894312442891,-0.10115275603985,0,123398.1295241,0,0,1211081.3652373,-2874666.8854769,-695144.99770275,-0.0026063094065592,2042893.2750543,-0.11010640268485,-746.4643128384,3506117.5063307,381425.36972866,0,0,1228626.4608481,-0.10144348328033,0,240849.06263256
16.895360129723,-0.10115275603985,0,123398.1295241,0,0,1211081.3652373,-2874666.8854769,-695144.99770275,-0.0026063094065592,2042893.2750543,-0.11010640268485,-746.4643128384,3506117.5063307,381425.36972866,0,0,1228626.4608481,-0.10144348328033,0,240849.06263256
16.896617353922,-0.10115886470211,0,123415.67365913,0,0,1211280.7704844,-2875137.3632117,-695170.99977371,-0.0026066210518432,2043181.1391103,-0.11011389657313,-746.60501972826,3506760.3702479,381439.08061349,0,0,1228804.4394983,-0.10144963353427,0,240875.63891897
16.89812602296,-0.10124077730531,0,123647.65637512,0,0,1214222.2925794,-2881266.1722013,-695520.22304027,-0.0026118674681878,2047037.674541,-0.11021547766607,-748.5985166057,3514900.417918,381623.22594533,0,0,1231121.5034658,-0.10153211533805,0,241285.26157128
16.899936425807,-0.10124077730531,0,123647.65637512,0,0,1214222.2925794,-2881266.1722013,-695520.22304027,-0.0026118674681878,2047037.674541,-0.11021547766607,-748.5985166057,3514900.417918,381623.22594533,0,0,1231121.5034658,-0.10153211533805,0,241285.26157128
16.902108909222,-0.10131509488794,0,123855.34953136,0,0,1216428.7715132,-2886141.6567644,-695838.606847,-0.002613398627428,2050525.0063544,-0.11030806503114,-750.39410083341,3520794.8614105,381791.10963843,0,0,1233348.6665393,-0.1016069437438,0,241728.34799071
16.904715889321,-0.10131509488794,0,123855.34953136,0,0,1216428.7715132,-2886141.6567644,-695838.606847,-0.002613398627428,2050525.0063544,-0.11030806503114,-750.39410083341,3520794.8614105,381791.10963843,0,0,1233348.6665393,-0.1016069437438,0,241728.34799071
16.907844265439,-0.101420305545,0,124151.47945713,0,0,1219665.9251339,-2893287.8609228,-696288.28596198,-0.0026185208064583,2055475.015025,-0.11043983911671,-752.99833068427,3529376.7236791,382028.2253112,0,0,1236623.9689596,-0.10171289370848,0,242365.34623788
16.911598316781,-0.1014440727774,0,124216.99206456,0,0,1220366.6694153,-2894868.5122177,-696390.77008936,-0.0026187732563665,2056555.7776214,-0.11046943083636,-753.57936140821,3531320.5486487,382082.26516315,0,0,1237285.2221465,-0.10173682069425,0,242501.72288759
16.912724532183,-0.10146361559729,0,124271.01130228,0,0,1220914.9850227,-2896101.2572315,-696474.90905287,-0.0026195012245572,2057463.1899337,-0.11049378231055,-754.0552626443,3532864.6692631,382126.63161533,0,0,1237855.1696394,-0.10175649550317,0,242617.40490132
16.913850747586,-0.10149499455577,0,124359.16734372,0,0,1221751.2236446,-2898118.486908,-696609.78721754,-0.0026221454253436,2058938.5309805,-0.11053288278967,-754.84078076831,3535615.6532169,382197.75283413,0,0,1238694.4177226,-0.10178808833337,0,242801.65446926
16.915202206069,-0.10149499455577,0,124359.16734372,0,0,1221751.2236446,-2898118.486908,-696609.78721754,-0.0026221454253436,2058938.5309805,-0.11053288278967,-754.84078076831,3535615.6532169,382197.75283413,0,0,1238694.4177226,-0.10178808833337,0,242801.65446926
16.916823956249,-0.10153492984141,0,124470.52298385,0,0,1222844.9056932,-2900679.4043884,-696781.17313651,-0.0026267986956826,2060813.9019132,-0.11058298605418,-755.87466972679,3538736.682047,382288.12458179,0,0,1239826.8634442,-0.10182830113234,0,243062.86660193
16.917797006357,-0.1015564735662,0,124528.39637471,0,0,1223381.1809177,-2902027.8556164,-696874.3267303,-0.002630185994173,2061794.4550604,-0.11061004291412,-756.46100992339,3540447.0939379,382337.24444599,0,0,1240355.8080948,-0.10184999098822,0,243204.98997155
16.918770056464,-0.1015723897616,0,124570.43220122,0,0,1223818.1640033,-2903027.5590745,-696943.3457723,-0.0026328869947511,2062504.269513,-0.1106300801915,-756.90557642629,3541756.206512,382373.63816768,0,0,1240744.6462056,-0.10186601453563,0,243308.50431431
16.919937716594,-0.10159681035709,0,124636.43150771,0,0,1224378.4950999,-2904550.9139261,-697048.7101218,-0.0026365960260472,2063622.3231009,-0.11066075932571,-757.55034119793,3543652.5022831,382429.19676002,0,0,1241364.8763533,-0.10189060244024,0,243469.43922893
16.921338908749,-0.10167096248453,0,124841.95329034,0,0,1226491.2923197,-2909465.0515674,-697366.98113475,-0.0026453243797527,2067105.0904489,-0.1107534556121,-759.41198653472,3549699.14851,382597.02097698,0,0,1243262.1147983,-0.1019652657397,0,243922.77060532
16.923020339335,-0.10167096248453,0,124841.95329034,0,0,1226491.2923197,-2909465.0515674,-697366.98113475,-0.0026453243797527,2067105.0904489,-0.1107534556121,-759.41198653472,3549699.14851,382597.02097698,0,0,1243262.1147983,-0.1019652657397,0,243922.77060532
16.925038056039,-0.10168280947337,0,124874.84827805,0,0,1226808.0801779,-2910222.3630841,-697417.87592485,-0.0026501637407769,2067657.7343245,-0.11076827584915,-759.70502493716,3550604.4179467,382623.85778575,0,0,1243616.208199,-0.10197719448435,0,243996.58965859
16.927459316083,-0.10178350992164,0,125159.25300097,0,0,1230068.8299165,-2917096.8583804,-697848.2007621,-0.002652700368436,2072400.9465646,-0.11089430970572,-762.18904947358,3559001.2249701,382850.76795309,0,0,1246678.5644411,-0.10207860094109,0,244593.20939168
16.92891207211,-0.10178350992164,0,125159.25300097,0,0,1230068.8299165,-2917096.8583804,-697848.2007621,-0.002652700368436,2072400.9465646,-0.11089430970572,-762.18904947358,3559001.2249701,382850.76795309,0,0,1246678.5644411,-0.10207860094109,0,244593.20939168
16.930364828137,-0.10180913394409,0,125228.29827274,0,0,1230719.0659374,-2918666.9200773,-697958.96020235,-0.0026532923055988,2073567.4494499,-0.11092611523796,-762.80729209035,3560926.1480044,382909.17137534,0,0,1247422.2060957,-0.10210439331359,0,244742.93215506
16.932108135368,-0.10187103859146,0,125397.95395905,0,0,1232397.8708867,-2922632.3529405,-698225.34005244,-0.0026590468792125,2076425.5004547,-0.11100332507076,-764.32238260974,3565838.646464,383049.63339664,0,0,1249194.7223046,-0.10216672000174,0,245120.82619807
16.934200104047,-0.10187103859146,0,125397.95395905,0,0,1232397.8708867,-2922632.3529405,-698225.34005244,-0.0026590468792125,2076425.5004547,-0.11100332507076,-764.32238260974,3565838.646464,383049.63339664,0,0,1249194.7223046,-0.10216672000174,0,245120.82619807
16.936710466461,-0.10195563419808,0,125635.03280836,0,0,1234987.5981436,-2928307.2734662,-698586.75309614,-0.0026615195753865,2080413.0953446,-0.11110918112666,-766.40357041668,3572652.2493661,383240.20639453,0,0,1251785.2402245,-0.10225190641503,0,245627.72583948
16.939722901357,-0.10198064733885,0,125703.27716635,0,0,1235697.7468198,-2929912.3538749,-698694.39578719,-0.0026637355927718,2081569.8637469,-0.11114027591872,-766.79792408395,3574623.2560468,383296.96635576,0,0,1252717.8775674,-0.10227708806207,0,245778.27680228
16.941530362295,-0.10200895272587,0,125782.72968188,0,0,1236535.190563,-2931830.0962757,-698816.05357719,-0.0026658555364811,2082880.6094514,-0.1111756868552,-767.62197268509,3577073.1643239,383361.11647472,0,0,1253522.0547968,-0.10230558792242,0,245942.15621693
16.943337823234,-0.10204283768655,0,125877.85289428,0,0,1237508.1533044,-2934035.3677847,-698961.13085108,-0.0026685088300387,2084469.8750452,-0.11121795885195,-768.51282015858,3579821.1179463,383437.61568108,0,0,1255968.5620454,-0.10233970650049,0,246149.01574881
16.945506776359,-0.10208042643226,0,125982.92273867,0,0,1238587.4365005,-2936535.4683933,-699122.23653285,-0.0026717093746658,2086232.5951504,-0.11126496358099,-769.49060252688,3582941.1894729,383522.5666624,0,0,1256074.6463514,-0.10237755456995,0,246375.61792372
16.946808148235,-0.10208042643226,0,125982.92273867,0,0,1238587.4365005,-2936535.4683933,-699122.23653285,-0.0026717093746658,2086232.5951504,-0.11126496358099,-769.49060252688,3582941.1894729,383522.5666624,0,0,1256074.6463514,-0.10237755456995,0,246375.61792372
16.947458834172,-0.10211149413254,0,126067.53895144,0,0,1239411.1566829,-2938465.451776,-699255.60068061,-0.002675450678504,2087683.7647104,-0.11130386975298,-770.29464692327,3585304.1195594,383592.8895407,0,0,1256341.1100035,-0.10240883523585,0,246579.1719499
16.94810952011,-0.10211149413254,0,126067.53895144,0,0,1239411.1566829,-2938465.451776,-699255.60068061,-0.002675450678504,2087683.7647104,-0.11130386975298,-770.29464692327,3585304.1195594,383592.8895407,0,0,1256341.1100035,-0.10240883523585,0,246579.1719499
16.948890343235,-0.1021432985124,0,126153.07817011,0,0,1240305.838548,-2940541.3667824,-699392.09883229,-0.0026786499928143,2089158.3013385,-0.11134361582436,-771.08540748167,3587795.5089576,383664.86497832,0,0,1257079.8655778,-0.1024408565467,0,246770.97774827
16.949827330985,-0.1021432985124,0,126153.07817011,0,0,1240305.838548,-2940541.3667824,-699392.09883229,-0.0026786499928143,2089158.3013385,-0.11134361582436,-771.08540748167,3587795.5089576,383664.86497832,0,0,1257079.8655778,-0.1024408565467,0,246770.97774827
16.950389523636,-0.10220977030643,0,126331.86885873,0,0,1242214.3830723,-2945026.650674,-699677.53592518,-0.0026851196900978,2092242.628909,-0.11142665037241,-772.78140970298,3593487.5264298,383815.37587826,0,0,1258911.0020939,-0.10250778951354,0,247173.87474498
16.950951716286,-0.10220977030643,0,126331.86885873,0,0,1242214.3830723,-2945026.650674,-699677.53592518,-0.0026851196900978,2092242.628909,-0.11142665037241,-772.78140970298,3593487.5264298,383815.37587826,0,0,1258911.0020939,-0.10250778951354,0,247173.87474498
16.951626347466,-0.10220977030643,0,126331.86885873,0,0,1242214.3830723,-2945026.650674,-699677.53592518,-0.0026851196900978,2092242.628909,-0.11142665037241,-772.78140970298,3593487.5264298,383815.37587826,0,0,1258911.0020939,-0.10250778951354,0,247173.87474498
16.952435904882,-0.10220977030643,0,126331.86885873,0,0,1242214.3830723,-2945026.650674,-699677.53592518,-0.0026851196900978,2092242.628909,-0.11142665037241,-772.78140970298,3593487.5264298,383815.37587826,0,0,1258911.0020939,-0.10250778951354,0,247173.87474498
16.953407373782,-0.10220977030643,0,126331.86885873,0,0,1242214.3830723,-2945026.650674,-699677.53592518,-0.0026851196900978,2092242.628909,-0.11142665037241,-772.78140970298,3593487.5264298,383815.37587826,0,0,1258911.0020939,-0.10250778951354,0,247173.87474498
16.954573136461,-0.10228702785274,0,126549.09640062,0,0,1244555.2964284,-2950195.1229344,-700008.00223057,-0.0026875554656026,2095870.9521852,-0.11152320513704,-774.65685652091,3599749.7904492,383989.63066957,0,0,1258632.4675809,-0.10258558202417,0,247630.05126779
16.955972051676,-0.10228702785274,0,126549.09640062,0,0,1244555.2964284,-2950195.1229344,-700008.00223057,-0.0026875554656026,2095870.9521852,-0.11152320513704,-774.65685652091,3599749.7904492,383989.63066957,0,0,1258632.4675809,-0.10258558202417,0,247630.05126779
16.957650749935,-0.10234484334168,0,126707.94408438,0,0,1246204.9234182,-2953884.2165323,-700256.42760776,-0.002694107935213,2098542.7662406,-0.11159518081126,-776.05402777494,3604372.2856698,384120.62530228,0,0,1264547.4551238,-0.10264379008182,0,247972.98699563
16.959665187845,-0.10234484334168,0,126707.94408438,0,0,1246204.9234182,-2953884.2165323,-700256.42760776,-0.002694107935213,2098542.7662406,-0.11159518081126,-776.05402777494,3604372.2856698,384120.62530228,0,0,1264547.4551238,-0.10264379008182,0,247972.98699563
16.960873850591,-0.10236471404895,0,126762.95721524,0,0,1246778.9780401,-2955194.2408154,-700341.52526054,-0.0026962182733824,2099470.0968383,-0.11162000990034,-776.53492615326,3605935.6324423,384165.49727109,0,0,1265238.09438,-0.10266379751979,0,248092.95101365
16.962082513337,-0.10242697621306,0,126937.27324545,0,0,1248595.8267839,-2959327.425238,-700607.7951383,-0.0026978928269782,2102386.0227102,-0.11169771579858,-778.0480648855,3611025.8510325,384305.90130388,0,0,1264952.3971766,-0.10272648813578,0,248460.73804222
16.963532908632,-0.10242697621306,0,126937.27324545,0,0,1248595.8267839,-2959327.425238,-700607.7951383,-0.0026978928269782,2102386.0227102,-0.11169771579858,-778.0480648855,3611025.8510325,384305.90130388,0,0,1264952.3971766,-0.10272648813578,0,248460.73804222
16.965273382986,-0.10245323014269,0,127010.39135175,0,0,1249366.792939,-2961087.80018,-700720.13688085,-0.0026993694135612,2103614.1603881,-0.11173042900415,-778.67723659631,3613188.3568733,384365.13907362,0,0,1265991.2257978,-0.10275292112348,0,248613.0354404
16.967361952211,-0.10248471769013,0,127098.60367113,0,0,1250228.7573588,-2963201.8368137,-700854.85100795,-0.0027016210282876,2105085.8541596,-0.1117698143696,-779.45966367468,3615682.0364986,384436.17379565,0,0,1266972.2301332,-0.1027846240414,0,248810.51017412
16.969868235281,-0.10251841317616,0,127191.464267,0,0,1251190.4967813,-2965487.6259133,-700999.13139693,-0.0027041439746489,2106658.5547931,-0.1118120331129,-780.32680739518,3618588.2811566,384512.25280467,0,0,1268001.1390413,-0.1028185530112,0,249011.97673929
16.972875774965,-0.1025709668641,0,127337.14582001,0,0,1252608.6030361,-2968846.3243655,-701224.20984633,-0.0027091213153089,2109105.0578679,-0.11187807060118,-781.67795961277,3622610.2068934,384630.93660892,0,0,1269544.3788571,-0.10287147409349,0,249357.24963823
16.973778036871,-0.10259600371946,0,127404.52944602,0,0,1253256.2180358,-2970363.3507484,-701331.80509767,-0.0027123818168147,2110267.2197411,-0.11190932683736,-782.29429278779,3624423.4037791,384687.67155537,0,0,1270261.45366,-0.10289668118877,0,249518.71499437
16.974680298776,-0.10259600371946,0,127404.52944602,0,0,1253256.2180358,-2970363.3507484,-701331.80509767,-0.0027123818168147,2110267.2197411,-0.11190932683736,-782.29429278779,3624423.4037791,384687.67155537,0,0,1270261.45366,-0.10289668118877,0,249518.71499437
16.975763013062,-0.10263596562649,0,127514.35213383,0,0,1254379.9462645,-2972919.861363,-701502.79066937,-0.0027160177356918,2112157.6717697,-0.11195920245772,-783.27430179557,3627503.8709383,384777.83220018,0,0,1271393.3861964,-0.10293691626926,0,249767.33003618
16.977062270206,-0.10264284614111,0,127533.10847111,0,0,1254608.6114661,-2973395.7701305,-701532.22763801,-0.0027167160522303,2112479.2661427,-0.1119677371849,-783.43580874618,3628096.4291299,384793.35430558,0,0,1271584.0742148,-0.10294384344358,0,249805.2563074
16.978621378778,-0.10273282703907,0,127781.59349557,0,0,1257103.3308817,-2979349.6570726,-701916.89235555,-0.0027243186933048,2116709.581786,-0.11208003930381,-785.63045314546,3635563.1726033,384996.18790466,0,0,1274216.3464545,-0.10303444271087,0,250341.01963102
16.980492309065,-0.10273282703907,0,127781.59349557,0,0,1257103.3308817,-2979349.6570726,-701916.89235555,-0.0027243186933048,2116709.581786,-0.11208003930381,-785.63045314546,3635563.1726033,384996.18790466,0,0,1274216.3464545,-0.10303444271087,0,250341.01963102
16.982737425409,-0.10276553001621,0,127871.70417531,0,0,1258038.0545293,-2981426.826298,-702057.12088122,-0.0027297677004249,2118226.1107114,-0.11212080690471,-786.42108917515,3638050.0919129,385070.13036759,0,0,1275189.0621752,-0.10306736874406,0,250541.50986307
16.985431565021,-0.10280564531916,0,127972.8263535,0,0,1259025.5916141,-2983901.531515,-702230.93392656,-0.0027307341380606,2120078.0778865,-0.11217142138133,-787.42781536172,3641194.7323114,385161.78193835,0,0,1276153.9955052,-0.1031077511557,0,250789.79113262
16.988664532557,-0.10291866017875,0,128298.1766441,0,0,1262526.3032296,-2991713.5257456,-702710.75520585,-0.0027317837498546,2125499.8967001,-0.11231199685121,-790.16262439952,3650852.0507401,385414.79156566,0,0,1279549.2025819,-0.10322155589079,0,251442.81398716
16.990604313078,-0.10291866017875,0,128298.1766441,0,0,1262526.3032296,-2991713.5257456,-702710.75520585,-0.0027317837498546,2125499.8967001,-0.11231199685121,-790.16262439952,3650852.0507401,385414.79156566,0,0,1279549.2025819,-0.10322155589079,0,251442.81398716
16.992544093599,-0.10294870453004,0,128379.547093,0,0,1263357.4074943,-2993553.6083601,-702839.85308585,-0.002733975260786,2126873.9894965,-0.11234931040552,-790.87693370312,3653025.8379629,385482.8648423,0,0,1280443.6309776,-0.10325180056234,0,251623.41929526
16.994871830225,-0.10298738113957,0,128470.80586969,0,0,1264201.0577672,-2996125.7388654,-703004.66685065,-0.0027444964644581,2128631.4981558,-0.11239639938043,-791.77059197656,3656635.7280433,385569.77109582,0,0,1281345.9315277,-0.10329072358631,0,251809.33402208
16.997665114175,-0.10308630463718,0,128746.05963232,0,0,1267180.774687,-3002343.7647109,-703428.6881201,-0.0027523363198972,2133249.9803135,-0.11252117001779,-794.30033991221,3663549.8597129,385793.357394,0,0,1284379.3904416,-0.10339034651749,0,252490.11583983
17,-0.10308630463718,0,128746.05963232,0,0,1267180.774687,-3002343.7647109,-703428.6881201,-0.0027523363198972,2133249.9803135,-0.11252117001779,-794.30033991221,3663549.8597129,385793.357394,0,0,1284379.3904416,-0.10339034651749,0,252490.11583983
