input_width,input_height,input_thickness,input_depth,input_base_y,input_e_fill,input_e_soil,input_phi,input_load,top_disp_x,top_disp_y,top_stress_xx,top_stress_yy,top_stress_vm,invert_disp_x,invert_disp_y,invert_stress_xx,invert_stress_yy,invert_stress_vm,left_disp_x,left_disp_y,left_stress_xx,left_stress_yy,left_stress_vm,right_disp_x,right_disp_y,right_stress_xx,right_stress_yy,right_stress_vm
2.14641466609782,2.1468012941079784,0.2636810388615555,3.0101619445259713,-20.18606426689058,57224389.5656811,136402989.25369304,0.5416332498545244,55528.60664364034,-6.0888402972926e-06,-0.061477474179219,-2040152.5281052,-122583.86179678,1784493.2806269,-3.3664335734366e-06,-0.061046524228095,-2257079.4763381,-166296.65262124,1951643.8134436,-8.0183019986402e-05,-0.061272082921279,-43408.304075022,-349213.09391795,289896.09446952,7.0488421101545e-05,-0.061269342169067,-43291.614906731,-353326.97072245,294080.32555403
2.5010187854562744,2.0014952330489626,0.3511679298098368,4.8903265688612905,-34.93573479405032,65006893.081601605,96520981.63678578,0.48076423249773786,51302.783287991995,7.4557240505119e-05,-0.15797662719893,-84123.370274797,-77569.05841373,48840.528325966,-5.6066738429739e-06,-0.15794671822441,-150130.07152924,-128954.66558894,85880.555133236,3.6210753072617e-05,-0.15791186175783,-65097.809145352,-521736.68967193,451551.47688329,3.2789977224099e-05,-0.15801261260623,-62153.243245493,-533420.28231666,465667.89972933
2.2236604255707775,2.403886541077936,0.30870036774229126,4.574293766251909,-27.907241508067614,66274985.78577497,116940124.34637895,0.4548462560498721,41117.944538174845,8.1809391235086e-05,-0.096168784960315,-115900.47933675,-81758.046211844,66265.329816021,0.000128357148322,-0.096126942096251,-207291.1374959,-129833.74238072,121363.78503189,0.0001070834343196,-0.096170327320276,8559.2083527164,-650841.8247811,602833.65321106,0.0001030851538684,-0.096126757458608,8706.4658564187,-647861.29324404,600153.56979797
2.7437956110394763,1.6382835121245374,0.3110224905859149,3.453093039520284,-25.58411553434514,58336301.71148487,117817656.94568962,0.43647253637602923,10677.732972378131,-2.0933710409947e-06,-0.087738318532601,-1634185.4146832,-82846.905112935,1438901.361146,-2.4151459304299e-06,-0.08729615958058,-1582723.3391552,-90108.551691894,1386646.4308329,-6.8295908069502e-05,-0.087517657084379,-22320.079572277,671158.60369146,631853.43413951,6.3810947335005e-05,-0.087518291074392,-20208.94406288,694609.67434592,652325.0227678
2.831388552109228,1.9056049558543546,0.3793794405097979,1.0379390338625154,-30.345186952598034,71285932.71251996,126715364.2229229,0.5261704986187689,77705.21078450806,4.3751181225704e-06,-0.12117017959632,-1494177.3358131,-108982.77151247,1292808.7023641,3.3784686184194e-06,-0.12082254615043,-1731425.0043777,-148224.77998807,1482892.759109,-4.7457613190799e-05,-0.12100562048702,-52525.103740378,366395.18432398,375956.57472273,5.5156527628459e-05,-0.1210072720027,-52217.647885328,365980.87514225,375368.64118569
1.5486868103567344,2.8587836787934267,0.3828291676723211,1.0686692446031538,-27.38676542282476,40196928.01986673,103153279.82540378,0.5077700578140881,6871.934549492921,-5.8876252651905e-06,-0.14423303012888,-26737.982487723,-30546.888510249,17499.19532079,-1.0335778193699e-06,-0.1442192873572,-153694.8829721,-85306.886396068,92998.27546028,7.328838113945e-06,-0.14422995907748,-9943.6963372656,-286286.61788317,255535.70207652,-1.4231435321936e-05,-0.1442273152195,-9951.0559313465,-285373.00160527,254715.9590864
1.7391863476400466,2.817945312656513,0.20702713158162722,1.5182500270893757,-25.002150723048118,22701525.30373268,117487045.92601612,0.44169233020010085,72571.90491488606,4.3937365713728e-06,-0.26193528604585,-1180757.4873679,-136690.52834313,987974.29974232,-1.0900188991809e-06,-0.261750594528,-1892036.2097781,-206063.0585714,1592084.7146962,0.0003123886170541,-0.26186876437812,4547.0754191506,-2843349.0091604,2609331.1928512,-0.0003092595457259,-0.2618725790832,4459.5420631635,-2844553.091729,2610370.3347376
1.7241173090106738,2.993498401938461,0.3889320039614119,4.804433208736167,-21.6969838476625,55498340.57813865,73043329.43159752,0.530198970974561,13814.728565867337,-5.5155446831953e-05,-0.058402587401307,-42815.588558967,-155844.34479473,116881.09499815,-6.4387990179056e-05,-0.058369956032918,-130004.08909371,-190851.18909286,114925.92164581,-6.0257021032199e-05,-0.058384781586601,-4152.2878500686,-395807.75554919,359782.28528664,-5.9539589769024e-05,-0.058390309304513,-4527.7023163201,-395407.04717481,359160.97901501
2.1140153041462293,1.967037762131694,0.37537340331890595,4.463749588024548,-22.419901442427182,16856666.0338224,75495612.91135836,0.5376181551627811,86871.97588151328,2.346060126216e-05,-0.27087191169882,-137193.95337833,-85161.570257586,80502.08445228,6.8608469663811e-05,-0.27084087811988,-222051.79367362,-132725.53415783,131577.05719674,4.8235744265449e-05,-0.27088127959901,-57780.700659151,-601946.50171396,524311.79293668,4.3781723182985e-05,-0.27083268166391,-56184.266824339,-613415.53963158,535616.26847473
2.3303003228521844,2.332137668786924,0.2841986590538639,3.732237809005742,-26.29369304401193,54922642.188814044,67733701.75151913,0.5749107220849601,50038.3811711459,-2.8196830098673e-06,-0.10454749951083,-2171776.1953374,-142126.20406954,1889876.3586135,5.2312413263304e-07,-0.10403692705564,-2423475.1473616,-167924.56903055,2102465.4947504,-9.3943988984412e-05,-0.10430503047031,-44116.378503532,-325764.20939101,267979.62835514,9.1683989156488e-05,-0.10430203090261,-42019.270118963,-326791.01356904,270383.65539508
2.983670409112254,2.9311196303364486,0.35472189302392804,2.709596857765857,-29.358484801371503,72804523.24498591,70510629.7991882,0.44027134531849155,58221.691853683034,0.0001055819946205,-0.10503137507939,-1540906.8718034,-147593.89863209,1308664.4619683,4.2694484491236e-05,-0.10440422563698,-1755214.4949156,-186580.22583549,1478132.4304294,-2.8280480147949e-05,-0.10470777978607,-52382.074635848,-370610.58419418,304015.70315018,0.0001775810009009,-0.10476315899611,-53397.523787796,-358160.56691219,291796.7694461
1.8011978103870583,2.615874714587645,0.37217313324349793,3.0976434770416628,-37.491833482728424,17711913.41286338,113406393.06237239,0.5467644700758669,91517.51987985805,8.397922021315e-06,-0.71688994894888,-674642.10767507,-171490.1781965,504288.66914116,2.6379480158115e-06,-0.71681458216441,-866338.2103368,-219021.4284231,648293.73135858,4.5557752695105e-05,-0.71685389187967,-63351.5935899,-1261086.1447151,1110942.3752774,-3.4591542267572e-05,-0.71685796312538,-63468.105875185,-1261904.1849043,1111579.3933087
2.1518118565821305,1.9328046895424493,0.17875850455964737,1.5624542665698609,-21.127783948063858,64030349.71551851,80601786.70900467,0.5115084223958215,31018.575420781908,1.2868618842821e-06,-0.058235745790049,-2738174.3455976,-3292.2218067655,2507553.3002775,1.9736292408045e-06,-0.057460861832629,-3039938.6653035,-10781.404236595,2778900.8683674,-0.000136741026086,-0.057867861899786,-19559.825664474,-79277.887126329,60092.472164955,0.0001399267271287,-0.057867535585994,-27704.089468885,-64222.886180726,49577.332705938
1.8210929273585181,2.7491168157233363,0.3789178252229418,2.6012796985571915,-30.302305332331613,67233914.53655401,75737245.58444841,0.48230519933365235,21654.308398519654,-9.5666147707064e-06,-0.10937293055077,-290690.98375356,-66676.191625565,221655.10860969,1.7838442566583e-06,-0.10933216107349,-439113.43143576,-104916.95485171,332271.59769872,9.1071731579163e-06,-0.10935907476048,-19939.549789231,-516084.27915022,458854.15635424,-1.6780304636454e-05,-0.10935176300471,-19925.847034652,-514477.58735059,457395.92700823
2.892311698601154,1.7409870874743854,0.3820954994292841,2.4258841705471452,-38.187239891823644,41127108.91670279,84186072.22002304,0.47142280358000843,28185.314192962967,1.0410225033814e-06,-0.29483543437713,-1327422.9629677,-45638.028714731,1184024.6169202,2.7684813243589e-06,-0.29455341221559,-1378678.0711296,-65175.511357497,1217211.5181816,-3.9941491216405e-05,-0.29469797198203,-14306.590849048,230856.63876514,222034.29780504,4.3726413761048e-05,-0.29469511768298,-14465.460390616,230134.06841341,221492.15422984
1.8830506109180427,1.5785093547539522,0.34586878780058794,1.7606685069930759,-21.66281123076804,25104564.551416405,146577637.9235112,0.4666590909206418,90340.63630366338,3.6913461397258e-06,-0.19347838055951,-935463.61777757,-138346.6101774,761828.08133389,3.126422185549e-06,-0.19337261647177,-1021753.3823133,-167929.88378259,821214.52726831,-1.0833721702066e-05,-0.19342704556423,-57865.687993583,-205383.72374842,150803.14267279,1.7593806603094e-05,-0.19342760312704,-57424.947558072,-205663.83916256,150708.33987402
2.732915204537242,1.5712304126964325,0.17724392903897257,1.2383979310693183,-29.068290945543154,34875759.349544905,106090285.23660043,0.47389236001976914,27143.057762384728,-6.0820457154527e-07,-0.20331020253183,-2919235.4408671,-33092.367655915,2652613.0726172,5.0849368382977e-07,-0.20154617946175,-3023794.5643825,-42408.821196877,2741817.8674781,-0.0002507428423377,-0.20244744738618,-61581.649291982,1780041.7008116,1676146.3772487,0.0002502625128536,-0.20244588155351,-38766.351450737,1848210.3407964,1722508.6592739
2.439745342911301,2.2152593356833052,0.18044764613595388,2.5345192806651107,-31.99476034822603,33383931.059230708,120402411.73139095,0.5735794254426182,29391.076011912493,-5.4594320728386e-07,-0.24703148526951,-3985065.0544231,99219.013963585,3724246.7984562,7.5886673195944e-07,-0.24555645191883,-4443488.2612317,102749.18847874,4146925.0808945,-0.0002942648994383,-0.24633028289331,38817.556203344,-342614.63080358,358388.37703664,0.0002944628349093,-0.24632929468548,38866.833940243,-342520.64533611,358329.23896446
2.5332518571585787,2.9766277325878066,0.3732815300826829,3.1871858220997478,-23.64684477875988,54507340.9275383,116308278.80276495,0.4618468062735936,41480.87630619562,0.0001181849310162,-0.083794418307053,-1269643.0665179,-106305.94499482,1088799.2866714,4.2583386890605e-05,-0.083528756895307,-1533966.2358517,-146218.59301709,1303295.382246,5.6411729340095e-05,-0.083642107155781,-43990.476194561,-632413.77627658,548701.95613163,0.0001049345969411,-0.083702444188704,-43704.08294955,-628845.85408214,545508.54527107
1.9039721625105248,2.490122946184964,0.37163098877684875,1.7251817567635976,-34.627261729724786,57079756.701214045,84817410.9439328,0.5490873559998133,45250.24695297315,1.9569064419903e-05,-0.17783361646,-493649.12054369,-82073.332188366,396080.01212149,7.262517916589e-06,-0.17777360766353,-673773.84298621,-123742.91126353,533055.23331812,1.9216754214587e-05,-0.17780262917357,-32457.607718895,-503514.28980415,438584.21975018,7.7074161447172e-06,-0.17781189102012,-31845.097944374,-502168.44566153,437780.89489312
1.5781586994047043,2.176226754057076,0.2976459671971143,1.0242376679002723,-38.76663250264807,56784053.92141252,139063133.20706478,0.5281397749186734,75701.95676608942,5.4234791653648e-06,-0.23901252852001,-420151.69979046,-99512.137924107,318556.87776457,-1.963881673823e-08,-0.23896309340497,-632793.51217466,-149703.28827203,479903.83194858,2.8138511234813e-05,-0.23899024691912,-49682.99032765,-838688.03697741,733471.37464995,-2.2701162481987e-05,-0.2389940078252,-49618.787854666,-837624.28361905,732870.41654036
2.504773344616483,1.7177188573005,0.20888896060803053,2.541625149458274,-25.90001140286465,54361482.44217032,85229697.20863783,0.44038618450060013,12066.782906324113,1.3711524179441e-06,-0.098348729238099,-835683.36550735,-105562.68259013,692495.85749679,9.4579739192492e-07,-0.097586348051322,-846775.61470139,-115508.12080267,695997.13045801,-0.0001325582759141,-0.097970824875782,2945.9306093749,-51412.472918142,49273.070863338,0.0001349055099004,-0.097971341629879,2887.4052733719,-51236.279156418,49126.332652466
1.7784488553766005,1.7663978855715825,0.3995180134746883,3.071709961736483,-30.639709486295708,36696935.15721831,98784298.1133706,0.45464270704572834,35173.92430739111,8.3130483675296e-07,-0.21739796387778,-396728.28052917,-103949.8081489,294712.82430545,-3.6718660363226e-07,-0.2173581952971,-452220.80566194,-133345.38894007,327302.91135902,-3.5214082319574e-06,-0.21737840180051,-38347.6489156,-250456.85814889,203165.01933965,3.9733893893554e-06,-0.2173795908621,-38447.091579218,-250842.2658559,203437.28077832
2.0213872410558955,2.532549514841942,0.3050139302786526,4.561853605557461,-38.58924536448894,66350614.70525031,75641318.13747972,0.5663720935025183,55593.35029023984,2.3368447006316e-05,-0.1865342059708,-123488.75351324,-72711.767830174,73472.916125888,3.4535993990212e-05,-0.18648665586296,-261621.7285652,-134915.37209286,161842.87203746,3.1257848527131e-05,-0.18651554143057,325.09932310777,-693363.83840143,635824.61852307,2.663425368083e-05,-0.18650689971976,-928.73567509165,-694774.66118402,636237.39048812
2.2904713748892553,2.7553559313560925,0.3893163080687833,2.450356999656366,-25.493936883134626,57538597.09861963,136275452.74466795,0.4412245197286824,10723.381342058894,3.8420634264587e-05,-0.087883596876446,-592989.27916036,-45456.79223818,511408.20536459,1.8034120865523e-05,-0.087789470643835,-767910.48943864,-78186.530112199,649020.74375719,1.5634707928428e-05,-0.087833256165714,-20450.670032292,-271405.63808769,234497.07389722,4.0873617067164e-05,-0.087849527459478,-20434.705051606,-271386.16038013,234465.75455615
2.3100772808981533,2.4106103527896776,0.35241011892277785,2.8898930355407626,-27.246428258215033,74286430.70786646,90013120.87577824,0.5891471952512549,83289.79686600258,-5.6982339051421e-06,-0.092285904234239,-1645709.8136757,-101291.51985588,1436527.1476794,-2.5712833530289e-06,-0.092029523040243,-1838352.1965362,-128082.39395111,1594301.1649283,-3.89422885593e-05,-0.092164692062125,-55809.98142595,-551341.26775455,466275.31653098,3.0645361675307e-05,-0.092161978247979,-55546.294477926,-551989.50478411,467053.90719948
2.1397721889339243,1.5200699817453462,0.20502543481658153,4.290451977977419,-26.667885716450364,10464467.013047306,118582624.45489435,0.486238895385807,87856.34687448059,-0.0001598354204429,-0.62831421516234,-151117.38534799,-90443.436235456,89514.351463897,-8.5491245995637e-05,-0.62826995698039,-238463.55176729,-124102.51201748,147104.43109541,-0.0001187661488078,-0.6283448916639,-110299.16861192,-979441.91908935,889785.62980057,-0.0001265582842436,-0.62824012680314,-109509.97212237,-975249.99607405,884768.85843294
2.944091657443758,1.7431755697350562,0.33110833416096197,2.8715507252915584,-20.93563951943729,27171254.257238623,80148726.24177268,0.5982758219557741,80604.14051967749,-3.4766199927327e-06,-0.1531496904056,-3231409.2891625,-69727.570337275,2911691.9552124,-3.6405938878011e-06,-0.15231549152961,-3372356.4498629,-87040.793724684,3028538.0732603,-0.0001252789172058,-0.15273845614641,-19899.588127451,523566.29611564,494323.29094477,0.0001179710427499,-0.15273990012336,-19986.981472833,522018.01210711,493086.67553364
1.887894618241781,1.7038726907608568,0.21266464001289015,3.0494739370077313,-37.756392795734385,12407745.841720264,53142029.73883138,0.43799223440686325,57921.4501525895,-6.9559182588455e-06,-1.0216756908348,-2677699.8270506,-145734.74625941,2350672.4926252,-3.8508335071647e-06,-1.0211140132495,-2936655.3549435,-170548.7798453,2570510.6505343,-0.0001102381153413,-1.0214075603926,-60414.281712461,82313.51860743,124627.08956797,9.9476371654004e-05,-1.0214034834855,-60460.98795277,82721.919646725,125370.98225024
2.6064745437586567,2.3017215675335354,0.2278743496283409,1.2289503267196586,-35.533549454258456,78309573.74463212,126129385.30023447,0.48505400956519856,12624.99961982811,-1.8809429230283e-06,-0.12854268261652,-1650479.5861426,-9428.0313747275,1505984.6403666,1.1583701010757e-07,-0.12796941826895,-2010681.7349159,-23231.730050147,1826146.6607582,-0.0001146474125,-0.12828052889901,-21688.266895815,187364.72074564,187860.60432671,0.0001127575289157,-0.12827866572646,-21735.608815392,186125.26161967,186973.56853357
2.3090179250459744,2.0687959903130624,0.2578497118443084,1.8300407850119864,-26.865375193474343,14223087.472598467,102891056.73648438,0.46276263829471737,92586.64506627235,-4.7853080434678e-06,-0.50185065618556,-3581344.9380138,-102976.63443315,3209355.1958974,3.2287974033529e-08,-0.50108469095912,-4079258.9848063,-136226.77305767,3641454.4199367,-0.0001371184791332,-0.5014903571476,-71393.107873123,-7069.2835859709,64273.056681167,0.0001320030684957,-0.50148508760337,-71364.635786237,-11224.766743552,60519.953527233
1.9505495158284027,2.7091134554966496,0.24157048873965603,1.9906093481031844,-22.229612951831047,38802355.44622262,71012032.69603094,0.4887484141176589,77463.10994764719,1.1906231600088e-06,-0.11992424796269,-2066652.3109342,-105229.39020028,1819321.5612134,-8.2775731663659e-07,-0.11959730907576,-2614265.6043706,-139983.29625014,2296584.7483989,8.3029907770929e-05,-0.11977933441605,-49622.20816001,-1831420.6581315,1643546.4814437,-8.2786405569012e-05,-0.11978029740227,-51730.047885777,-1840963.5583417,1650280.0039411
2.5109976624458383,2.8467929105298793,0.3944918301392316,4.59760308813976,-21.92514695705251,69632673.25960281,53575829.00998535,0.5654482941899405,25272.092356492805,6.6204137869948e-05,-0.049618528582087,-72062.966723277,-84186.329571879,48037.507493196,3.1150848097313e-05,-0.04957969453247,-162980.48905976,-133641.50605943,92543.435918638,4.8130250200783e-05,-0.049584935879979,9561.9239009521,-492051.22798544,458943.99961589,4.8836307966437e-05,-0.049615682361193,8741.8149467697,-501353.91745875,466597.68580972
2.1110941275045,2.392338965456265,0.20071798782355754,3.393416097197065,-28.607351958061905,46700629.033998735,110905186.92765164,0.5704661945731077,93125.66211924414,-4.9340794579864e-06,-0.16292486496185,-5447258.0359378,-79648.843682749,4935393.2197134,-1.0123620107388e-06,-0.16169541528747,-5912497.739272,-124013.57869531,5330059.4500903,-0.0001355670650318,-0.16233590447258,-74841.358096769,-1531097.4923075,1350309.5628894,0.0001294711737272,-0.16233341689498,-69038.991949621,-1518107.0107805,1342590.6866656
1.9403913512718316,1.549177541446469,0.2869835108951046,2.3560096108474733,-27.783828583487928,42473735.10664025,92347622.27474615,0.5573545116540993,83651.1204007823,4.9999979607725e-06,-0.17251908888924,-1668675.3091966,-73805.711189864,1476810.5351688,3.169980889012e-06,-0.17230720752589,-1768254.205675,-91091.248983169,1555892.9742777,-3.1516254118046e-05,-0.17241437165428,-54449.151841399,-190720.94351,164734.18580476,3.963087532092e-05,-0.17241659806326,-53564.243710333,-187052.99846457,156311.93200208
1.7736362763591074,2.991170091530123,0.21388377080231785,3.179899316073644,-28.748198732757963,23769099.313082483,102174238.98751459,0.594848293539074,60023.477067013955,1.7463507695561e-06,-0.29592405332659,-1774146.2120746,-119031.52738246,1542172.1214193,1.7575757138068e-06,-0.29566274569052,-2585958.4540388,-157398.98699323,2259067.9632836,0.0003123678541833,-0.29582062587291,-66517.845988878,-2480770.7835422,2226085.3274337,-0.0003087586209137,-0.29582033320609,-71801.447079458,-2484943.468994,2226386.1845824
1.5336222472288548,2.3986937274954214,0.3368049269729727,3.2950920130823693,-35.84193408658879,53556988.82667874,89620312.32133073,0.5688908392462872,23849.316904160838,-7.2526163329079e-06,-0.19035472830273,-230297.51910169,-91748.082053406,154054.11885114,-8.8779117534105e-06,-0.1903213586089,-369204.08785666,-132314.381239,254419.9716816,6.8082037666062e-06,-0.19033982735639,-30262.607083884,-560373.04061375,492277.92630318,-2.3094703368332e-05,-0.19034086862298,-30492.643012126,-563369.98371137,494681.83103595
1.6825374413352865,1.9850842130717696,0.20369564921064817,1.243707338956975,-27.122246570197188,17309433.204024047,77185378.77728012,0.5192395857227875,37491.06417692122,-1.6274394351304e-06,-0.35897154214574,-1130920.282345,-86456.645384805,977070.47469585,-4.1928863462204e-06,-0.35876927199074,-1405652.5020719,-104080.16323145,1216085.2644062,-1.7585994989688e-05,-0.35888324008103,-31955.097387024,-562229.08726005,492915.04715034,1.1906761347301e-05,-0.3588852318079,-32330.726562701,-569399.8919948,499155.89356679
1.7051869715722006,2.1247327492944548,0.32354376336268575,4.533950814913904,-20.146502027315588,63158865.66361503,57015442.71411446,0.5890541271849922,63030.800504498264,-9.0244307013442e-05,-0.053778514517831,-58800.745718266,-211710.89014808,157826.93786708,4.5528781732415e-05,-0.053743115549099,-183131.16041308,-224375.47392653,129177.39626488,-2.253990219466e-05,-0.053815798029768,17867.481315459,-601658.90709099,564471.1706514,-2.2191556204128e-05,-0.053706919966088,20707.019786486,-611174.96214388,575346.02567154
2.716233188958819,2.4506310766286523,0.36690055700655766,3.0797301261171977,-36.85627481976985,31408228.783803593,81325052.19875832,0.5785901582569879,64205.104787820914,1.6675470977414e-05,-0.37161637190129,-2281079.9546286,-115144.09393219,2008790.5917544,5.4167382234588e-06,-0.37114765591326,-2554980.8591429,-147476.74476816,2237044.0476387,-7.5247334024261e-05,-0.37138629274632,-53972.563001978,-14497.799075915,39944.439153464,9.7413597745534e-05,-0.37139869406242,-53673.429524561,-13818.775177838,40087.202663541
1.9824249616761214,2.9079663090610723,0.22956335866520958,1.1158024860991629,-38.127914461233914,78537667.06507403,73988632.048266,0.574673164477979,60120.16122790779,-1.7575174844471e-06,-0.16044788057702,-1204098.853051,-104298.2064091,1030171.3138628,6.8808111895507e-07,-0.16017698267337,-1847924.7963456,-165314.16972947,1577400.6061135,0.0001026620008976,-0.16034340992951,-18388.916985052,-1527586.4770737,1386919.0180242,-0.0001039454942237,-0.16034198776128,-18840.263991702,-1532347.2638935,1390915.78347
1.6184038617429493,2.9033888241822954,0.17566288594898982,1.0155811077328047,-35.135081561444764,59835726.25423945,66894126.194347635,0.5496371739316793,61175.5569049228,1.8200365194609e-06,-0.18063403558646,-1070193.7855671,-57799.519096127,939799.14935092,7.6778181185939e-07,-0.18046286789213,-2179996.9273407,-82619.335505267,1939072.444986,0.0003632773396626,-0.18058731069393,-4131.677007096,-2472388.0325289,2263081.8647942,-0.0003604959029505,-0.18058814084878,-4099.394860314,-2472352.2199891,2263078.3666706
1.8842870830846108,2.758709447795519,0.26272105121554024,3.8934243880492576,-27.371106487359,39691401.49230935,99254915.66422266,0.4853875841020426,68041.9755413968,2.1931518587977e-06,-0.16420216932965,-1545287.681216,-162814.96355044,1303459.8083922,2.1877533090119e-06,-0.16395898423802,-1931591.8068974,-205191.62630767,1628226.1670241,0.0001039157791259,-0.16409345491924,-51248.681100084,-1978383.0002521,1776676.3506316,-9.9499264006276e-05,-0.16409382453821,-51420.249990779,-1977955.1822628,1776097.0719168
1.8255860774870811,1.7592745857399876,0.3764502792150387,4.201715956532099,-37.69695272909912,74889006.97485685,88170669.6895822,0.5771928904742205,80307.92041093558,5.2081259516341e-05,-0.16848589917077,-36343.921248968,-253590.72005302,209646.3689764,2.2706796472104e-05,-0.16846173735772,-102513.19415928,-252730.63083309,175147.24784136,3.76040636524e-05,-0.16845849545706,-72565.923024688,-413067.0266957,354832.41577998,3.7191055258551e-05,-0.16848925572431,-68507.881473084,-417258.833276,361038.00107643
2.2074470768950296,2.7239031825716955,0.27445444296544985,3.701211016825011,-29.615370842007295,32902616.97574811,76103836.5372647,0.5888402025488498,60315.61281546949,-1.3080134187481e-05,-0.22550493308585,-2569653.2014684,-109381.4877953,2277251.0487975,-4.4675585523029e-06,-0.22501933928812,-3065059.3658356,-140004.44484938,2709576.6354501,-4.448508119676e-05,-0.22528398917787,-44289.04970286,-1125310.8648301,999875.22967169,2.6652326019811e-05,-0.22527711424969,-44211.245865173,-1128086.5927235,1002472.5759322
2.142658846727072,1.8101067368561063,0.3024724957932372,4.299148406336331,-27.726126218880196,78766350.24930833,77949517.76620558,0.4645043905295184,27845.736166605482,-0.0001157488092484,-0.07835471554438,-42501.114046502,-62058.493450973,35648.74818987,-1.3552327997405e-05,-0.078334247039731,-121826.21678578,-93933.928179783,69432.184935723,-6.3662350775087e-05,-0.07840502763732,-35624.447249934,-396484.37484986,360145.95182314,-6.5481983522829e-05,-0.078284706486112,-32203.419286688,-388236.83787785,349722.6166518
2.26724808701883,1.7139162401796373,0.21984586888252705,2.546958299013454,-24.074606289891125,54312302.89553021,94861464.31895065,0.5963573566116538,53402.1455077612,1.0159053651076e-06,-0.093818656015093,-3026221.3750934,19504.558693779,2787645.242866,1.1125174951656e-06,-0.093105738796614,-3175117.1147226,10982.806990943,2917958.4757254,-0.000126791038465,-0.0934695732866,428.10013864573,-154642.88998324,142141.5673378,0.0001289393725749,-0.093468827188055,506.97095020675,-154295.97471766,141920.40602165
2.741886783710794,2.336725407440013,0.37306920167316404,3.030148362736249,-31.017306518143165,40342063.715912685,114173447.06705162,0.4493002907223413,94319.14376155678,9.9652413254261e-06,-0.2306269584799,-2440639.9263083,-176840.8450202,2111918.8262187,6.9148508903447e-07,-0.23007798365889,-2626929.8348482,-205725.99639561,2262491.9907252,-8.7896236867667e-05,-0.23035557355376,-64831.236476531,-41992.108717896,46272.89361354,9.8560672605082e-05,-0.23036581261289,-72741.392145367,-79067.785492286,46821.871065561
2.4771286003933373,1.5741523602785363,0.20438595355944827,1.300705357688253,-25.395536995342788,35201065.896197766,95952958.18415561,0.45513270534245504,97106.43777154404,-3.362988678158e-06,-0.19112224603439,-4801686.0145561,-164058.35125438,4291898.1224921,-1.4389693362494e-06,-0.18932791998742,-4996308.24117,-203136.97745586,4434880.1999078,-0.0002755490997518,-0.19025268896602,-113553.63427592,2042263.5944577,1955506.6120905,0.0002708975221164,-0.19025000316619,-113148.11573266,2044268.9625227,1957042.2544844
1.6545665185943306,1.8843644472561152,0.35351738879132677,1.297928837395623,-31.662949553935757,23613194.36459875,55232305.60157275,0.5060740080370864,35016.6091578199,-2.0069113493388e-06,-0.35721747174493,-323838.09495386,-61792.570845853,254725.99096546,9.0432196804612e-08,-0.35718638379702,-429283.3900869,-98362.034996563,327515.18902152,-1.3014941221511e-06,-0.35720452880754,-27680.824303933,-285213.37154144,242187.07857529,-6.0429163833906e-07,-0.35720270946308,-27430.871460785,-284598.4095804,241799.34204829
1.8084964519129527,2.76510875405774,0.21689516725871827,2.1817045401428983,-31.52771296357715,68715029.84222576,94253863.38887776,0.4764684872546056,33312.26196848496,1.1872992551868e-05,-0.12006819299207,-1126683.9696892,-41071.354355354,1003316.9589627,8.448453196713e-06,-0.11987955527032,-1544530.4935919,-59901.31172101,1372869.6655587,7.3821720954029e-05,-0.11998755386828,-7463.8107335786,-1172480.6443255,1069301.1716001,-5.3700815483221e-05,-0.11998927035482,-7602.4137024469,-1174990.2943188,1071511.2912128
2.5763671857808617,2.3694134391479458,0.3778069164633191,1.6416179423708228,-38.40183411578766,32662010.29023762,134747840.3426322,0.4683499856914966,70044.00744510144,1.2909478298672e-05,-0.41022958000888,-1383094.3710082,-115209.01606116,1186469.2861702,9.661446600156e-06,-0.40995338226464,-1641418.2818196,-159673.58380176,1392356.1029628,-3.263879619933e-05,-0.41009949014122,-51395.251782803,-197519.5345981,147404.39115822,5.521725616084e-05,-0.41010316816617,-51066.619384807,-196851.07072134,147325.88686366
1.9919873220611115,2.248113889479902,0.16338234405834892,1.414126821201758,-28.98796351579534,43729860.43277797,133129458.39143714,0.4448290196837198,38506.27691968024,9.1673912633592e-07,-0.167215295558,-2347722.9477168,-113562.60439835,2072061.1621254,6.5823776010539e-07,-0.16640979552263,-2882265.2474944,-149548.26449414,2536766.9675745,-8.3995023288565e-05,-0.16685320461699,-35624.159408815,-823441.49860852,729344.89750477,8.5556430282155e-05,-0.16685440697861,-35705.431008504,-821387.42286492,727673.27166498
2.5909913853748963,1.729355085152072,0.16046683501286113,2.8474899326140557,-25.62618464894016,29349725.850958396,55334428.22642146,0.5300515221058328,88939.42829061647,-4.6723658309713e-06,-0.21419121248084,-8037308.5086493,-130351.20733584,7272831.5851668,-2.1484613364566e-06,-0.21043511985863,-8206183.3456183,-138667.66153061,7421660.5868854,-0.0006081981451805,-0.21232920494279,-106915.91010403,-1576044.4841062,1371398.3898983,0.0006016537607696,-0.212331026731,-106767.68495,-1576169.0133683,1373400.8956459
1.880135602634308,1.5952714405440231,0.3229565360613575,2.5681210543555375,-26.59250368068626,37960331.23215865,139547199.77794433,0.550984412344362,53268.951313447455,-2.652323640741e-06,-0.16347966700521,-570223.65221496,-128764.03081914,436106.24029122,-1.2536812904698e-06,-0.1633762687784,-622721.02283179,-152025.38434572,469262.01702237,-1.8820720347243e-05,-0.16343026271209,-34951.428306398,-229828.6326647,186568.07861586,1.4926454490763e-05,-0.16342865420532,-33401.551746491,-228768.60189059,186604.58000909
2.8805535287137607,1.6929232264491185,0.2655164517900492,2.671269592731246,-39.715294486869496,68686069.25330502,92302149.296379,0.6077457639855993,841.8793910071633,-1.1807035998521e-06,-0.17509946341964,-870467.90939688,-91395.629012878,733817.32478502,-5.9539456984195e-07,-0.17452368801797,-851453.17461276,-100050.76731653,710593.85948103,-9.1579019172539e-05,-0.17481092441832,33001.743731115,320291.15536552,279261.21287877,8.9605069867466e-05,-0.17480896478931,21175.482196495,364840.83495045,337177.58772129
2.4654454483429227,1.509999080722498,0.26054365491438625,2.3713418665544554,-32.426810654872696,74129978.616116,115474832.81349841,0.45435612357222926,12971.364494369884,6.1616969323043e-07,-0.11500836082523,-1499473.0240849,-10990.530587603,1366389.4447134,5.0299059215544e-07,-0.11465773151805,-1492313.2128014,-21597.271030315,1352230.4846499,-5.4749881233136e-05,-0.11483301412882,-43849.648082274,632834.26367335,612097.42385653,5.5866413363202e-05,-0.11483312224721,-43907.480350062,632631.43738594,611955.75848529
2.274053523578007,1.9793067226062173,0.3832462168161799,4.168107940427451,-25.49166814124463,10969474.989937805,131479068.8545112,0.5685999174594414,46254.794996218,4.4278932029063e-05,-0.485652246848,-101339.09339982,-60551.128154617,60054.70719944,-7.9591116061808e-06,-0.48562813714217,-150251.06082641,-115245.98726566,85223.31723137,1.978634754426e-05,-0.48561079938048,-56480.722176085,-458423.14884468,392168.47137641,1.6487398479617e-05,-0.48567082009224,-55316.713958763,-466641.85392666,399776.58816059
2.530724531116749,1.6530140288132726,0.2787229060318104,2.9907362226308445,-25.77244704090157,68017879.86060946,89218172.97659552,0.48764240938845343,99551.05351611153,1.6841803044098e-06,-0.097048268600378,-1926230.6043181,-229227.56168853,1605616.7168182,-4.9056908967484e-08,-0.09623426178858,-1961624.5442246,-244846.44358381,1627471.1234141,-0.0001254758424643,-0.09664293318763,-130792.13962914,1029826.1146526,1040713.1788363,0.0001271623779301,-0.096645318713747,-130593.57980737,1031545.5370695,1042107.1387544
2.1600125388430573,2.6128200352753517,0.39695402505175353,4.3569528564174576,-31.586793782901058,77714325.23620938,81739032.86801216,0.5354369780189581,44172.66690978502,8.2129043932501e-05,-0.10421622346869,-100874.85205774,-81534.298459171,57228.80432193,1.3842872138961e-05,-0.10418080256512,-191458.98576149,-137528.83607951,109189.37877754,4.9044475799898e-05,-0.10417126078694,-3034.6023453473,-528048.76710451,481993.15822932,4.6874450883095e-05,-0.10422755330365,-3653.3198766043,-531248.63653421,484500.13797571
2.2933456395838583,1.8340738535374725,0.33708640904349746,4.245597148762366,-21.613955440340863,19312980.433670618,61597472.90115818,0.5391562935973271,15039.215573661419,0.0001067526342484,-0.17791833944159,-42980.897764634,-50009.395156473,28553.455830209,7.8646903137475e-05,-0.17790047839754,-102493.35139034,-99109.845144412,60689.740268979,9.3523066575116e-05,-0.17789224983399,-43129.352676116,-343546.30730121,296218.73514783,9.1948607423625e-05,-0.17792761159977,-41033.573711797,-346492.16620396,301070.00295988
2.440861794031137,1.5271231269509415,0.23363767012796982,3.291557946295213,-31.72067059053481,51534899.069974236,138719296.22691274,0.5242487574104375,9864.392075458498,9.361131520528e-06,-0.15023819734624,-2012502.0477832,-103975.13292953,1770601.2065838,9.3751750560658e-06,-0.1496011125088,-2041550.1171896,-114820.74699383,1789617.3675397,-9.3375829870677e-05,-0.14992170975727,-16308.484528574,791529.18948314,737710.5757978,0.0001122605586829,-0.14992084602512,-7468.0128604558,847210.54635386,783197.93307253
1.5576252594441675,2.5172692980173856,0.28951162933937274,3.706650903128316,-26.843761213435187,61450938.40338376,67479336.33927235,0.5443013456154329,97422.70834746896,-2.1834421512812e-05,-0.10999209118609,-758314.49984638,-181424.63724268,573671.13350572,-7.2374026593342e-06,-0.10991514385405,-987294.935701,-219440.49993104,757161.51614736,7.8642171624927e-05,-0.10996166121235,-54549.324280322,-1853322.6724461,1659609.2179842,-0.0001073412837274,-0.10995379523154,-53605.278761303,-1847494.4069943,1654943.6120918
2.8062582089493793,1.6354763954532265,0.38772110109637814,2.9312597206289492,-28.68459718397741,21763693.25163821,90453463.09877723,0.5930820398952569,75467.89710211141,2.7687989693134e-06,-0.34470278656809,-1353486.2170174,-173631.64009192,1119813.7168702,-1.3602619324781e-06,-0.34431626231031,-1418637.2744368,-198020.44766635,1163058.904016,-5.2376169088407e-05,-0.3445090720307,-80192.554147585,853019.08439933,840939.69479406,5.3793752996473e-05,-0.34451615045142,-80144.239936781,853314.95042334,841030.04272225
1.7265798089534252,2.3247951847125727,0.33243483545469044,2.2209489138164225,-24.50807420202767,34234675.206080556,53657830.2055187,0.48253729915184523,24877.04021603402,5.4276042714671e-06,-0.14218115260497,-260809.84697954,-82464.630233682,185644.06032499,-1.2743924558921e-07,-0.14213321724669,-353856.03188992,-120706.41611141,247062.27176523,6.3655027014867e-06,-0.14215785291146,-27907.860062701,-388382.02776332,336347.94140292,-9.9810194535396e-07,-0.14216204020239,-27799.376135765,-387016.85921323,335188.13606442
2.9457607910119696,1.6485253591077682,0.18717249356428867,1.1734345545444023,-26.892027783808345,41358903.8156338,99424807.24049017,0.5245042390261585,2930.51324061815,1.5189609901966e-07,-0.1337817499269,-1896709.369629,-40465.29457743,1713080.2167022,-8.6541045226699e-07,-0.13259564916023,-1925807.039563,-49650.855165241,1733423.6050581,-0.0001715395623111,-0.13319901101816,15022.420376205,978430.37777729,885985.73883761,0.0001708973489692,-0.1332006021207,15129.931304871,979296.8618268,886693.38893038
2.4245530431384017,1.5242732178189815,0.23369576823639648,4.480409841728425,-37.70944775494129,46522100.81137726,60812300.86926713,0.5334998153372157,27334.299814655205,7.1241443743729e-05,-0.24251889689835,-26232.983261776,-65111.423237926,43414.572203534,2.2512853956076e-06,-0.24249553535054,-117391.65240058,-106876.46157957,68311.857975833,3.7803053683528e-05,-0.24245241885172,-61364.634632427,-508960.71927013,452055.05543111,3.5827990654902e-05,-0.2425627054056,-57360.825268592,-498008.13582664,445348.47317503
2.4178965002979034,2.1080936074967367,0.15837212048919352,4.320067947756696,-36.16017809234145,53626494.03804676,123224244.67136063,0.5846287305095662,56015.22617023187,0.0003488413741638,-0.20363030563368,26782.795027252,-43694.37509701,519434.77018451,6.4819814897949e-05,-0.20348921880354,-158239.94089039,-62927.969236798,701078.9455896,0.0002063759307179,-0.20340237386761,110422.8701549,-1195984.8652219,1177322.8035073,0.0002070147979913,-0.20372735997551,110080.82612737,-1221547.9756789,1200469.4887861
2.591625344230131,1.8705893272031338,0.1880698133216921,2.19885322356521,-30.89305689957406,65509500.1843246,86409591.87471789,0.5597122254414167,75017.4061013268,1.010663698029e-07,-0.13368702047044,-5243972.4637025,109856.02558817,4885686.5704384,-1.2481198852855e-08,-0.13167842877401,-5328382.9545677,104923.68385485,4959457.952706,-0.0003266977996736,-0.13269154680955,37493.176016781,-406547.87060984,402262.28953381,0.0003268764189759,-0.13269173975417,37353.440788614,-406200.65946992,401849.61529872
2.1993860116753203,1.6572237329209887,0.15599983238613332,2.532157034739005,-28.849762079237557,28112667.042972103,116087836.51502885,0.5559255515217388,37037.33620445259,-9.7483120282366e-07,-0.24612773574799,-164756.16344467,-95422.433309755,135925.54278183,1.1762620527845e-06,-0.24475419723353,-186442.36077522,-104185.5160557,146949.18101834,-0.0002499148934489,-0.24546022022442,-36492.177606476,929047.86700873,878122.42072952,0.000249891180007,-0.24545783312765,-36451.518501716,930031.23932115,879075.02292326
2.0438338991545795,1.6118889146663902,0.2556920470081628,2.501859584980358,-39.81033250475163,61410279.93428058,55088247.60541293,0.4736980327171744,35934.35810221969,-1.6165555141231e-07,-0.21841801320814,-753718.05085772,-119351.38313186,608620.12958899,-1.3505669928667e-06,-0.21816446807283,-799334.79667879,-136823.31378561,638800.88807136,-4.722071738417e-05,-0.21829404110246,-73511.349916411,161673.70493142,205410.39574604,4.576353506678e-05,-0.21829395612713,-73551.570980014,162818.88725833,206474.31715965
2.2404242957871707,1.7635496304797502,0.21723135767927926,3.876077461382292,-22.844408577879566,11066821.878664797,56147322.185289554,0.5439680805482254,64098.64314248911,5.2744676471559e-06,-0.40919826527618,-4337441.2483652,-225138.37631294,3815611.9482415,-2.4617553684314e-06,-0.40792575496337,-4748422.8218475,-257266.71747327,4169585.7118937,-0.0002397380753772,-0.40857983191089,-80558.794056765,1169549.3518041,1131173.1251033,0.0002426784490142,-0.40858922347477,-80641.679595634,1171468.313589,1132746.7029243
2.576760655839258,2.3030783730345386,0.2484045457582671,1.4079755632272883,-32.12518186581584,63599814.588404916,140538647.68944132,0.5028292666955685,87800.36824304513,-3.9352804785229e-06,-0.15384420198042,-3141164.9512224,-131528.77120307,2785217.3640078,2.1667303870654e-06,-0.15277056740307,-3713976.1690202,-184646.63031472,3272637.955368,-0.0001729689142959,-0.15334300839419,-70412.19310449,-197340.83213583,137149.89348068,0.000171460865769,-0.15333421860742,-71310.230446526,-202345.42429313,140311.73305885
1.7083934202773978,2.607790039891978,0.17528905450074417,4.264201947959037,-26.728698130203064,53934844.87167743,131446001.61248548,0.5292884043323892,7426.6707756538335,-0.0003921570149676,-0.095956256947893,-66253.307373155,-163279.71732838,113442.26109293,-7.0527383198802e-05,-0.095908046182649,-197572.00833607,-176111.18431307,125070.92189689,-0.0002337393923173,-0.096038329805392,-990.01569375696,-613631.33076306,565336.58637552,-0.0002298943529604,-0.095828753711473,-3595.4935809959,-635581.44391468,581958.97492398
2.123498607386594,1.6738346625434088,0.255303772736249,1.6185870483912475,-38.75003020187038,19824723.104164504,50439650.701914474,0.4669322481207796,14443.454067932256,4.0075210077107e-09,-0.6130131934042,-1198221.8459116,-35955.601886657,1072602.4245114,-1.9672923715896e-06,-0.61278796137228,-1383506.2902715,-55088.735176415,1228834.4785941,-4.4774864627685e-05,-0.61290604641634,-21833.060276953,278665.71194759,271499.65928108,4.2808065426384e-05,-0.61290852873571,-21850.069947413,279263.97510962,272058.08320869
2.674239989157096,2.3412587713679733,0.31066739575859903,1.693100560155637,-29.701396073756364,54710968.657976404,127746201.28526808,0.5980553855855977,74667.50058867934,3.6824963583443e-06,-0.14772448026766,-2575700.3230684,-87657.504156329,2298082.233179,2.4674369116159e-06,-0.14710407260744,-2963848.0020117,-119642.97659055,2631129.1381388,-0.0001047952144879,-0.14743184494228,-43324.391356946,-81028.215753242,52036.674150706,0.0001108323866158,-0.14743382238703,-43551.751447367,-81355.787715128,50638.261573187
1.895589875118365,2.79706809880928,0.34898399097437494,2.272118494171033,-37.8583380680791,22073178.701802846,54120124.13395506,0.44115625479100457,41846.56140392808,1.1410430873768e-05,-0.56017401633302,-337039.98274499,-103700.50034455,241492.01410882,6.1169968696977e-07,-0.56010845746962,-485140.86180373,-154423.43186298,344738.78398453,3.7408984080441e-05,-0.5601429528914,-28850.434573306,-844902.00162623,753927.34841575,-2.5308928329673e-05,-0.56015008736493,-28743.967246594,-843999.80149313,753177.43840576
2.0346062336804085,1.9594446479502485,0.302518739621304,1.2529612620423713,-26.141310451460825,71785113.88356799,104761392.75712965,0.46000491657690606,54618.81927475478,6.749511791476e-07,-0.087414319374177,-930709.70350873,-83535.363983424,794450.95446112,-8.4683657231387e-07,-0.087260790679703,-1111791.3996449,-117711.6829906,936811.3448001,-2.1935746046897e-05,-0.087342584772142,-37583.115630461,-258253.89513949,210951.59959026,2.1847634290644e-05,-0.087344193381723,-37634.524276838,-256621.23696976,209431.29261963
2.461716078387346,2.8910388778928446,0.1648007994708811,1.427816078392833,-26.50927696437123,22167018.818052813,112750302.56834577,0.5345019982342294,83811.14478135294,-4.1335665371387e-06,-0.2970117220852,-7262262.8541242,23586.977222481,6673662.7281499,2.2672275632229e-06,-0.29402464509038,-9285559.2316157,21472.192271375,8526718.238815,-9.1984487707097e-05,-0.29570393010638,-85561.436332084,-2543244.0895447,2269883.244377,9.0513315000733e-05,-0.29569692718156,-85255.189226363,-2541697.2932474,2269000.8690679
1.7820968217677802,2.185023957751121,0.15710558452258175,4.267348921943849,-27.590530836584463,28250586.92957088,89715523.86726077,0.5960522910967497,7053.686802401258,0.0003318554392097,-0.19749082405394,-36097.439065685,-170944.31329583,144067.25063381,-6.9784272266312e-05,-0.19744788436072,-197041.41995425,-171563.62773252,129336.61534413,0.000132514616725,-0.19730653572699,20470.341086634,-634458.48048345,596548.74244586,0.0001295671124427,-0.19763285119659,22933.115744194,-630906.34464068,595117.18257087
2.3845452394878714,2.955673142731074,0.30288429601775485,4.531962860396927,-24.55173483944217,62446087.450480126,74499371.74186055,0.5557267897314367,33128.22352607611,0.0001115025130022,-0.072651927122525,-101574.20594065,-71125.571826807,58134.973932553,-0.0001094067220787,-0.072596571214769,-245920.8441685,-123729.59122694,153302.79921624,2.7960406354302e-06,-0.072537506091763,8384.6302474867,-645763.45636317,598453.3646986,4.2356359270846e-07,-0.072713893187556,10485.101305335,-638586.30930016,594353.39234266
2.690271545745985,1.5694839448413154,0.2571459223641894,2.036122004481799,-30.097269083707197,66740789.384836935,67270779.73841915,0.4415300869582826,53751.67285573358,-2.3132015596755e-06,-0.12386987799591,-1378868.7272344,-150233.37195888,1158703.0185169,-3.8133431356713e-07,-0.12306933606049,-1397366.4731414,-164568.85438023,1165937.6142933,-0.0001164124798954,-0.12347315699095,-1479.3557531426,252352.5619539,232353.48926227,0.0001137023024899,-0.12347331189917,-1474.2393022463,252151.39158043,232186.02435834
1.6138491510668598,1.9339264792873971,0.1580675828288756,4.672428401214647,-23.610947046793797,16507283.245531522,123842509.69076881,0.6014153478964115,94775.47513895917,-0.0004634115172341,-0.3103490487684,-192053.41545457,-547666.99484206,421168.31074094,-7.5484240708713e-05,-0.31027382591112,-332682.43975364,-526455.56601042,381038.25055819,-0.0002657937223789,-0.31047300577335,-154668.57323313,-1159348.7471507,1069425.0315887,-0.000273081412942,-0.31015033298838,-148336.45814601,-1162664.0562282,1078909.2501712
2.138066238713283,2.149398090029064,0.23576321470905737,2.6488903708690392,-35.80954075825582,76433142.52029866,130494675.9961207,0.5143548507718452,24396.197282070018,-1.0018936290855e-06,-0.13455872025171,-1730962.3954863,-12902.956782428,1577178.5407168,-2.1465817307821e-06,-0.13419597097985,-1939271.0158644,-24622.459207213,1759695.5149437,-7.2310263375032e-05,-0.13438542913169,-30791.464015249,-165028.82805637,130492.25932387,6.9156232687079e-05,-0.13438660410831,-30783.589014403,-165306.54782101,130748.45604667
1.6234560676235632,2.682861496777682,0.2864194001756871,4.261037712350446,-29.796506729048232,16361627.378518969,76980441.27048045,0.5626293306919408,64734.27250536164,0.0003968982931577,-0.4607483079171,-133449.89940552,-287097.70244677,196739.32916369,0.0001541512651779,-0.46068856277266,-224731.19377826,-332816.53057643,210883.96151423,0.0002761714084474,-0.4606469681456,-8048.3456031826,-779325.93081556,708505.92038899,0.0002738218045977,-0.46079369500361,-12122.717494072,-798165.66807647,723230.70837853
1.5169411896526575,2.1345252595464457,0.27403272408267315,3.783549296444901,-34.66183129458181,11552627.582284058,95251908.97531918,0.5047021477884547,15635.493816426355,9.4099777408103e-07,-0.80369180899939,-598793.7528782,-80120.408184282,493217.07988868,6.6090979492892e-07,-0.80362771490435,-872165.53775114,-117797.5118217,717658.09300336,1.3082480244962e-05,-0.80366438718701,-36626.750225272,-655942.92084616,575393.61992844,-1.1479930694205e-05,-0.80366463663536,-36650.419234661,-655760.45306316,575531.37440451
2.491941746341004,1.540511516011018,0.16238580181768683,3.728842995871549,-32.80221105633009,24985756.4000884,68909773.5433506,0.4478444085153267,40308.32504031317,-3.2759386308968e-06,-0.36761633849293,-6396603.83099,-266729.26269474,5688473.4789598,-2.4364503799574e-06,-0.36430215554996,-6475576.7527908,-276039.82802648,5754413.6656109,-0.0005202035687115,-0.36596961579603,29872.313493324,2627573.6573943,2394250.6957011,0.0005147097680989,-0.3659687292652,29881.090553394,2631536.9825048,2397212.623074
2.4761492219945382,1.8611347156131952,0.2565397914265518,1.4012780343565103,-26.678875538084903,64443991.42001324,79778432.28460556,0.5901190008677836,18798.32369001071,-1.7012693059792e-06,-0.088613111076222,-1288002.6360735,-60615.665189041,1137427.5074693,-1.0143887436902e-07,-0.088224087129707,-1452650.7243724,-85783.583471833,1270576.4131112,-7.2800006722304e-05,-0.088429885159286,-24918.181220081,386561.43231244,372509.14390494,7.0992713046547e-05,-0.088427856865013,-29150.702834013,386688.66898845,375802.56197192
2.823146322471345,2.5880186311195708,0.27603950622905943,3.214477676328607,-28.302517246871695,21693432.952016167,63844756.88123736,0.46938180446400357,75136.05534310102,4.0441390283909e-06,-0.33377340200237,-5142285.036581,-73945.571482608,4659974.0011916,2.1046223178303e-06,-0.33219958660705,-5690952.0017248,-96716.543322508,5146553.5024216,-0.0002912352343682,-0.33301857242111,-55665.821029034,2315.7759641218,52929.208185564,0.0002973245077431,-0.33302228160529,-55687.991901689,1299.5926014526,60504.082343686
1.8832224363485726,2.3500919255693518,0.20161331343591626,3.364450643568955,-33.17532563846245,50886589.65119078,72098017.7204065,0.5470164252489341,69172.4290586781,1.1506812249822e-06,-0.18903241967653,-2660182.2876151,-138172.46966535,2340221.7153469,-1.0891761884365e-06,-0.18841479765438,-3004569.332995,-167022.39403948,2635162.5808634,-2.2762049079915e-05,-0.18874047419452,-59927.87913975,-1439671.7987729,1276846.013786,2.2860316187934e-05,-0.18874201921401,-60093.131919293,-1439889.2199554,1276875.4219613
2.0654037495277002,2.8841316087831914,0.3979779647977143,3.332269323452489,-23.412246593174007,69848910.68869752,108584002.96689534,0.4711889472910942,55008.48796756342,-2.1334981461414e-05,-0.066839548959876,-697533.55482734,-121355.14200644,556181.97066435,-4.702347344352e-06,-0.066749525470643,-895435.66334787,-170240.03556341,704788.12987617,1.2505370173246e-05,-0.066804697535048,-51658.104162765,-873617.60594467,764162.61798349,-3.8403713592774e-05,-0.066793226395186,-49848.825783322,-868032.88188678,760327.90211363
1.673774991646107,1.969981636617451,0.17131742804685227,2.944733693447566,-24.925822180951105,17958486.200382337,149549309.01072633,0.5003917004634764,35137.527122498206,-9.6414476807381e-06,-0.28342357610485,-2424860.3116977,216009.87550455,2381125.434009,-3.634620517254e-06,-0.28300602851226,-2892444.4508407,249109.72743009,2833879.2617339,-6.4958607380209e-05,-0.28323332771933,-20730.279184166,-743259.16813828,666660.29405324,5.1575742274579e-05,-0.28322848119988,-20641.955286133,-744510.03414549,667875.40594775
2.2379194605136443,2.162615198187043,0.20867723735888252,1.248064453246039,-32.16180029979768,77590830.65481818,73251451.07871902,0.519281357644135,64879.2358601045,1.4530214809831e-06,-0.11977548495651,-2497876.0288457,-124624.99304685,2203418.6393607,1.2537416139477e-06,-0.11901162929883,-2855765.4381368,-146199.38120744,2513470.8411458,-0.0001067852043818,-0.11942027219807,-45915.939721159,-513976.47102705,438983.12555944,0.0001090544785001,-0.11942064591588,-44896.928357513,-513936.78020545,439649.30076522
1.8541100595036868,2.482033876972064,0.27617969758859207,3.4129289309667126,-25.632305576571703,37181301.680234075,138481261.51037633,0.5251384412488791,82001.59810509945,-8.4339229669377e-06,-0.1607827739015,-1769226.1438387,-138576.54942752,1523757.8031089,-1.1524350757227e-05,-0.16055559494614,-2075963.9010657,-172144.85351658,1781367.0226386,2.0140052494855e-05,-0.16067580338581,-67752.111621503,-1362901.673869,1200991.6809877,-4.0262476296213e-05,-0.16067844005325,-68365.170440792,-1364602.4736672,1202112.7607447
1.986487909984205,1.8660931009226644,0.23425239017529076,3.611093446498,-26.097217422901533,23913375.477674708,144493770.04817325,0.5134421612645332,54569.09424954863,-7.7797890082934e-06,-0.24301309761,-2416164.2684986,-152897.7979768,2106169.4506792,-1.1134206806381e-05,-0.2424990873666,-2668577.980036,-179389.29576128,2318883.138818,-0.0001063964033329,-0.24276447854372,-57729.485831297,-58149.60428941,37107.559030088,8.7422229613833e-05,-0.24276787268992,-57938.855106948,-59437.144254711,37515.130062052
2.4946899445735773,1.7844604150885077,0.17015447265754796,4.5496085969757445,-28.0214477997322,67285247.99345243,96987471.42303428,0.5324114509224842,13435.424788137776,4.0524637884008e-05,-0.087015482471299,93564.245283507,-24802.767817411,305687.2164776,-7.488073341769e-06,-0.086948893309649,17594.432822125,-32218.126456622,346973.31215836,1.4048220744674e-05,-0.086950736922748,-117808.06956039,-542553.58378457,553425.54006233,1.9083866030211e-05,-0.087017621220398,-119357.48307553,-540527.82401518,553852.29049263
2.4531289633940125,2.363949696063048,0.39440405297978753,2.806912293652307,-39.01355440079874,39654255.43463,138599839.37679648,0.49674128976348647,98959.84520758719,2.9328454537058e-07,-0.35858042862596,-1728555.0176227,-126143.53252366,1495119.9710481,1.9991154376028e-06,-0.35831618691797,-1893913.9609316,-157049.72580708,1625147.4077867,-3.7921900199683e-05,-0.35845383634209,-66984.497469445,-509015.94139135,420193.33650083,4.0237395455189e-05,-0.35845234742373,-67098.379337013,-508735.63310527,419869.44489735
2.679844134644715,2.5289314155693985,0.22864515901596355,3.97698002664515,-23.476297420732855,66072556.658421,86346499.49564394,0.5698313381377837,5749.812593034648,2.0876980746707e-05,-0.058888224166389,-2670350.1577986,-108295.2880752,2370227.0803338,5.848206806648e-06,-0.057747412131965,-2965992.8113708,-129047.60411259,2626468.6950953,-0.0002195019155525,-0.05833782775444,-17822.295735253,54078.941426496,64022.315428676,0.0002469443229953,-0.058349456621199,-18178.606007191,56546.643307226,66192.957270495
1.9369675685197216,2.0287329189777608,0.17886986330821833,1.4987641789121033,-34.78437797858847,19693257.178602062,79926692.37440246,0.49956730995965576,94681.708189544,-7.5142284990838e-06,-0.58347068551887,-3874838.5740691,-210709.24733349,3401725.7540186,2.2439403730502e-06,-0.58241629822913,-4491588.5712781,-257774.33449945,3933713.960439,-0.0001450466737768,-0.58298479716107,-61476.509729431,-994957.58796639,868631.92495827,0.0001394029582113,-0.58297452019043,-61309.072351202,-995618.1630358,869306.14541804
2.67887946170022,2.6612851173991565,0.2122890427137105,4.554320624745224,-38.00948855660119,62147718.83987604,148448822.20589483,0.602069179651888,66679.97599807828,-0.000115650855872,-0.19549120629874,-37462.693830513,-68262.522919132,651092.76414704,-0.000124280048437,-0.19531059549915,-178341.15022606,-79782.113477111,730673.04514076,-0.000145174692457,-0.19539819217977,43720.491492521,-1340644.8758584,1341586.1020746,-9.5592240062249e-05,-0.19541010021805,45989.745792641,-1306202.5240916,1310004.7856204
1.5682477694333137,2.5274028140076217,0.36062785972547695,3.377550668114123,-22.06725004057059,32270507.8096078,54403075.7714043,0.5584997004462651,76137.93742096047,2.9140133986893e-06,-0.13665033182392,-289128.23981895,-158324.97374307,175646.99052688,-3.2211516427408e-06,-0.13661020372916,-444946.94796607,-203649.2550461,285536.00040209,4.2331805670811e-05,-0.13663083061822,-60119.211914814,-1078580.1039326,945883.75631389,-4.2667686009954e-05,-0.13663456772814,-61180.879450582,-1081944.7621899,948290.5922965
2.3862213013191482,1.5598607823029496,0.216173822676457,3.775075705705693,-32.45022368940233,62615958.84805788,69524654.45597339,0.6023154147538092,24965.395438465835,-7.0679491014525e-06,-0.13378770705988,-2567324.1353871,-68627.968131047,2304259.2638213,-6.1711144913441e-06,-0.13287417743449,-2732944.6712047,-122427.86102467,2419149.023107,-0.0001575264022684,-0.13333391403296,-48909.657044535,1256801.7328218,1187422.6277821,0.0001442196711936,-0.13333266833064,-46845.546886019,1243230.3488241,1173474.5304408
2.085870855031127,2.579180486306151,0.3017593587212688,3.0896166918773673,-31.343681879165178,26986800.3633845,144596276.4304719,0.47933338877594633,69526.05737978063,-1.5052921002908e-05,-0.32508307101135,-1640312.5287998,-160218.35398583,1391036.8474552,-4.788592755322e-06,-0.32480899752288,-1927675.9963159,-200309.69383963,1626551.9910946,-1.2970596996188e-05,-0.32495977308816,-62006.53812361,-1037911.7730979,907311.97545826,-6.9232695349163e-06,-0.3249515880293,-61985.173500595,-1038218.7026886,907608.66203449
1.8473769011413759,2.8005138590439165,0.23965820024743698,4.632253349165269,-29.484470891007874,78571475.23335941,92651033.22972485,0.5755433738640482,4605.249628239071,0.000223520542769,-0.079784248310567,-31577.175977606,-131490.52702808,99748.582205128,-0.0001090787111129,-0.079744713170851,-189764.99647678,-142201.3139477,109339.480601,5.4966359647707e-05,-0.079656763360516,11907.337036235,-442958.70330651,419183.39224744,5.9673522438149e-05,-0.079874420072765,12849.642893742,-447264.65148158,424352.8183634
2.3052396186313056,2.871978173404793,0.1981765325462334,3.172451675307984,-38.340978105810926,11639377.570274772,147599406.3651268,0.5643245737527184,14997.688109326064,-1.1311862741025e-05,-0.96143737414441,-3594409.0699051,-9962.4955930192,3287168.3633111,-6.822346568393e-06,-0.96027987323059,-4965699.5192891,-23181.675032032,4534474.3373872,-0.0001618574419835,-0.96094793545573,-24279.97650175,-960870.25959012,863757.77219776,0.0001437834730471,-0.96094260013233,-24492.287452695,-960497.37888601,863092.54416005
1.7998627461799153,2.9043267133758124,0.2383997051939457,1.1304365255018012,-36.68407714049214,58439975.702179104,112420624.14681953,0.5506810926335669,55847.03046934465,-3.4186141213184e-06,-0.19844235922338,-701977.67531851,-81965.370212593,586640.76134667,-2.5751806007598e-06,-0.19831386724356,-1261042.3147497,-136709.87828924,1061087.2447867,0.0001325173904092,-0.19839927703166,-14523.715643279,-1553208.3855174,1413210.2649241,-0.0001383181056736,-0.19839798228669,-14681.373258119,-1552161.9262223,1412136.9861714
1.9455942601514955,2.685298136962233,0.16067908475057424,4.811837301162688,-37.383394859358056,32058540.696371753,67226914.87002331,0.581177247507873,60708.118689961855,-6.9344928333248e-05,-0.36181585078717,-238604.10249505,-346139.09526558,236419.99782028,-7.6955165016533e-06,-0.3617040103747,-395298.94657225,-363684.53670625,271231.12158989,-3.8388906938071e-05,-0.36178423886678,-3733.4976492382,-1375833.2504736,1261296.0859851,-3.8265409427929e-05,-0.36173945151282,-2108.1420155474,-1358113.6002097,1246748.7764927
2.835435336063475,1.7714413400945253,0.18503968550310337,4.956270908888984,-28.814212051016817,76207185.17522736,144950845.10390276,0.6047796909796692,47923.587038583755,-1.016831450422e-05,-0.088421316771918,111276.0812722,-37061.542000811,461749.40556736,3.0744220797256e-05,-0.088311581493769,-92282.873749916,-53001.975276415,586741.87511302,9.2697235605666e-06,-0.088404075423555,-237637.59778574,-766556.75598924,817807.03166897,1.1138838280307e-05,-0.088339602689891,-232165.07682257,-778241.31211006,819515.73213747
1.5458297349392722,2.3745437733386074,0.35568110345355064,3.39960298443944,-38.43311271861781,26335184.771606065,104354390.20064846,0.5932796905182101,7821.6033465686105,-1.8094907320209e-05,-0.42899868429542,-178507.2389395,-74932.061252023,117590.72440145,-3.364615141864e-06,-0.42897053295766,-324162.68393522,-120366.45925629,221217.15311825,-3.3175713377345e-06,-0.42899170317522,-20090.057990308,-423494.9194481,374051.50083463,-1.8181536470094e-05,-0.42898219423554,-19866.238043114,-423996.71910377,374586.94950463
2.190315946005711,2.9429295006575136,0.3085269324420905,1.1889240142870277,-20.438042830350142,24271919.78721253,88127483.56594193,0.43785012386367894,23101.685072240016,-6.6391012304406e-06,-0.13952168005946,-589290.67638312,-52919.788619095,502882.75526882,4.9088513989365e-06,-0.13938748909337,-1014655.8797439,-103841.77220568,857246.16916432,7.7779244552464e-06,-0.13947561158579,-23249.696905176,-532992.85361012,472230.80557171,-9.6550716609054e-06,-0.1394672948468,-23389.175418839,-534321.74164318,473341.82744569
2.7244084528138757,1.5334150918385308,0.2324135321753033,1.8064846532625007,-32.36537874798343,56469671.89218859,118112968.16833867,0.6030855082653297,78515.19382452786,-1.3778759059458e-06,-0.17212267400263,-4607095.8791542,-43208.260425085,4191744.933814,-2.3834461630073e-06,-0.17061201781705,-4701937.1611173,-55241.819183886,4270055.6702817,-0.000207041073121,-0.17137412163222,-30013.0983997,1701651.2522756,1585985.0124326,0.0002035063040918,-0.17137568283781,-29954.196801578,1707328.8947281,1590971.4775899
1.8785220743080777,2.370731151359358,0.26197336332448334,3.860298030141172,-28.224027983539433,66822780.94042192,51807005.0652499,0.6096108976762444,86506.20761631324,-2.5114069900941e-05,-0.10833784711823,-1864435.5219956,-173787.10340497,1586704.8572998,-1.525327682142e-05,-0.10803241689522,-2124597.1560445,-205859.36057885,1802773.4048296,-1.6273380612989e-05,-0.10819666902737,-56692.780577787,-1386466.7855182,1230361.9959173,-2.4657438628623e-05,-0.10819046071491,-57256.784272928,-1389005.5191998,1232288.6473583
2.450022609463681,2.4803741971923463,0.16857535448687866,1.9524921535131274,-33.309627800281724,76871984.10958913,91640962.31360409,0.5714984153180986,17641.314637368454,2.1756708049775e-06,-0.113793516012,-2460421.1936709,-98437.765555006,2184928.3786587,3.3607502004717e-06,-0.11252543987442,-2658375.5243068,-112763.27397329,2356204.9739096,-0.000205441640357,-0.11318879760263,-14066.099867227,-373063.68485482,332456.33826063,0.0002105343019648,-0.11318865929111,-14490.300344494,-371366.0845257,330128.14346359
2.738054115639989,2.7850078305661476,0.17553888272168092,4.5083749186998645,-23.67477892925225,13702101.825841669,106179396.21855016,0.4361165314401525,21055.757498030638,0.0001182125324371,-0.30161435633604,-68086.107260304,-48829.101260784,594609.59683851,-2.0245427462285e-05,-0.30143057718244,-255509.57501112,-71294.66007531,835084.96073542,2.4880458876829e-05,-0.30146292952313,27338.591510677,-1207803.2719487,1214189.7082953,7.2519686900824e-05,-0.30159960059598,27192.420750808,-1205414.3291896,1209776.9831838
1.6983015525043461,2.7192882452693086,0.1742933198947405,3.6218143787378914,-23.35696188319883,75770811.12888727,99330662.22298127,0.4689324549926796,35876.14919362406,-6.9102730477421e-06,-0.057328165376324,-1679765.4094272,-121870.88790561,1453413.9017314,-6.2488526006151e-06,-0.056965679582248,-2234955.56643,-158085.48027762,1936608.1684726,0.0002470113582078,-0.05717597864033,-15135.880555804,-2502517.0223054,2282769.2235585,-0.000259554182471,-0.057175861687066,-14986.33484159,-2498627.6130394,2279288.6291804
1.6243210304641993,2.136201371357407,0.2518614440073696,1.1016119126440256,-27.021533479002517,52986169.2765744,141613597.878281,0.44250491485259424,39163.453260513656,8.1012144004569e-07,-0.12187551484425,-618288.45863714,-55903.653477279,527377.59891647,5.0427718907392e-06,-0.12180008251691,-888912.72733397,-88697.460655439,752522.51226358,1.3934477651938e-05,-0.1218456497374,-30982.580854355,-583255.8178143,512869.21813925,-8.0586600241284e-06,-0.12184244459587,-31162.104580095,-583849.45755358,512990.03717542
2.5285266606410386,1.6875646812849276,0.3609738581731854,3.2312185096118546,-21.466495625751122,70493755.08604392,142346936.59568518,0.5586523052038308,40743.52990254164,1.4849223489702e-06,-0.054415957950712,-1353130.0306389,-119136.4693542,1156501.4452549,2.2358040431819e-06,-0.054158334622997,-1357622.8297279,-123523.30532247,1157556.1149043,-3.8800545909528e-05,-0.054289348086695,-34931.756405139,325784.93742971,324358.889211,4.2529642216557e-05,-0.05428815063587,-37370.392851925,323023.19263196,323664.5249903
2.067410532691424,2.6562546094208592,0.2496300241347118,4.317405160351502,-24.722741606627146,69459885.07168879,134248871.75164908,0.6017333148646142,94578.41479761981,-3.2596977028144e-05,-0.079953090120351,-224507.71331211,-74560.961941206,157838.48555066,-1.0956787548623e-05,-0.07986996643611,-377853.37413475,-131704.90414696,262317.50033753,-1.5437825336447e-05,-0.07992100632503,2698.0361571713,-1078892.6942901,990884.75839151,-2.8655604022182e-05,-0.079904812185936,2074.3135623686,-1080196.86106,991791.76782675
1.5675502474678682,2.422799738912136,0.22410676553954628,1.156032861119685,-23.957812437072345,15514602.079856366,73430001.35475191,0.5827999376538998,26014.14953717286,-3.1968268116114e-07,-0.30149133037282,-470891.96415662,-45373.332613759,399736.67021477,2.8993858886938e-06,-0.30142279397172,-942405.08098444,-75697.977231702,810354.45477415,5.0991325996889e-05,-0.30146985007246,-19301.014215581,-888631.95316142,800716.49553715,-4.8505695502343e-05,-0.30146796379417,-21172.207573481,-888301.96628301,799169.32734279
1.863622419323891,2.354806500554218,0.19807547941676923,2.143581138558371,-31.243038628241244,67408659.86874121,143989359.30229878,0.5587671273486109,26221.868910206962,-3.2499845986735e-06,-0.11659780562536,-605376.66013693,-119091.93071571,473910.91699699,-3.2928378939663e-06,-0.11629473637106,-738351.45933086,-153422.21867947,572870.0798014,-3.6149481455356e-05,-0.11646021068161,-26644.798445604,-554248.57974065,489155.99897689,2.9382788309612e-05,-0.11646022016725,-26712.497103545,-555118.31035726,489900.49406942
2.109934543165204,1.7065400659442171,0.25938604022630174,4.4579878043612995,-39.652658466654565,49812787.07937086,149082084.55519897,0.5183179516312901,49379.258412569885,-2.2760544952796e-06,-0.26264302572601,-61109.91997945,-68468.525090298,39410.193991087,5.7161366369034e-06,-0.26261496135652,-162230.31014985,-106730.49093352,94076.734716887,3.3125622812142e-06,-0.26263438050804,-51143.000694493,-564308.87700224,512803.09296167,1.9914219233291e-07,-0.26262452207422,-50731.776544136,-562963.86641806,511074.51115136
1.8506100028645984,2.7037029946455045,0.26917872458610176,2.428046618278442,-22.61020697318814,59317054.510641046,78859036.208852,0.5374317799922143,50736.65420040926,-2.1818561131122e-06,-0.073570313728898,-646929.60455999,-129242.88607948,511907.57725702,1.5594524428298e-06,-0.073425150543145,-837642.20323634,-172809.91042839,659795.70706892,4.0378878180088e-05,-0.073507549309756,-48765.480069891,-842887.92446429,738021.19956753,-4.106251784567e-05,-0.073505159533638,-48787.700655896,-843121.38679608,738219.27853748
1.8397474789285855,2.6786529621356765,0.2914065071316125,4.410299425431171,-24.630646800085046,29438492.666426394,139883349.27672035,0.5252626425837452,45328.62743854086,-0.0001817193013549,-0.16429609802417,-106430.19180427,-218326.1034087,144637.83468008,-3.0267274425658e-05,-0.16424409014205,-202784.27677417,-245576.40676046,149628.23594965,-0.0001063591314025,-0.16432332734509,11673.143562913,-632883.94105488,589765.92799704,-0.0001057270731923,-0.16421967670933,11994.123375096,-634100.288742,591097.37293881
2.337719233755904,1.7257865464758126,0.19529592136810814,4.306385301769799,-30.23156029468549,49163801.14601105,52357435.56191781,0.4565069086813955,82089.836917286,-8.6086847100345e-05,-0.17185123485734,-143537.79221134,-94256.498624992,83138.515045071,7.6200044853502e-06,-0.17179599517607,-179275.07814812,-109061.04832174,105738.10532716,-3.5908092411198e-05,-0.17188689298088,-102583.7160564,-1040532.4810677,959540.23435869,-4.2596436123782e-05,-0.17176084605137,-97166.611259524,-1045143.183633,960112.52203337
2.017129349092387,1.8272115392330308,0.3805150873687998,1.8161574745241014,-25.320021375905274,14119701.522117388,80008228.3831126,0.48844843068221716,96624.6870169493,-3.7646663599057e-06,-0.45651797152962,-1057381.5546612,-134731.67388426,875423.2668237,-1.1402292988333e-06,-0.45640513305202,-1185334.8788597,-170763.89896462,968260.53804001,-1.6045865174616e-05,-0.45646561169659,-62121.793226283,-335707.57904364,265538.59248543,1.1115580966308e-05,-0.45646280455314,-62550.419074563,-335706.40772341,265447.86984013
2.261427582423494,1.7155920859360907,0.216628107689755,2.590561481599423,-24.139273955406154,56738433.606083386,138427975.64156199,0.5499332426497348,32151.1662807477,5.4650069525813e-07,-0.084467097463762,-2432190.9950404,-12281.371200168,2220306.7381428,2.5503966462621e-06,-0.083875345571289,-2557874.6672939,-22142.040367344,2328419.7915825,-0.0001083472812626,-0.084178369040538,-20589.310289837,-225180.29527375,191911.22331181,0.0001114542107789,-0.084176174313498,-18581.297446877,-222810.4620987,191284.31098093
1.6873243181463855,1.8590502377106737,0.3465061536829658,2.9564711885082415,-20.644012322671085,50017216.367156535,87881619.86413352,0.4967903532469253,84377.48030173659,-2.3726642026047e-05,-0.082353384767415,-500666.74002463,-166222.07308022,352019.86706313,-1.0078737412664e-05,-0.082284338384577,-559548.37748932,-194695.81297444,388636.7846536,-1.9374901607849e-05,-0.082326311672589,-61251.697200556,-551916.25072855,463074.12002731,-1.4475125087374e-05,-0.082314039485202,-61486.373953035,-552894.42541226,463814.90864332
2.5299294444023785,2.619533310512185,0.17668125923859154,2.9853774494940506,-29.746218132375244,30151908.754495095,51656563.104780205,0.5537353728036933,2290.8315987324127,7.213536582508e-06,-0.21575200276497,-1423163.8642215,-307045.06096187,1173114.8606734,1.5084501010282e-06,-0.21425932145134,-1738481.2580231,-377927.04076463,1428978.1937061,-0.0003256080492178,-0.21506664882705,-79868.677465509,129668.86688935,183446.91659443,0.0003345296385129,-0.21507201701971,-79950.282922042,130893.73114972,184581.38593586
2.952451869990652,1.9675944336801099,0.16593867108691654,4.855120054307351,-20.725789097923418,34759789.03399864,116782837.8751687,0.5691235844980889,55693.047041741505,-7.2244140720737e-05,-0.098171281142278,73489.013422567,-35994.344050705,511409.7100227,-5.3486716588209e-05,-0.098022713300583,-135530.67287918,-56069.829963892,709160.04511949,-6.2738863647536e-05,-0.098117159827356,-274731.38937149,-1054089.8846917,1087161.6808802,-6.3537422164789e-05,-0.098091534490238,-327716.3811774,-1083247.3890189,1094349.2860486
2.616764756241011,2.6403997617395842,0.3499137058639997,4.503406405610162,-23.398078218446983,22439775.619070776,121086703.15701737,0.5700881074475752,72983.0155445224,0.0001253320755032,-0.20715490123626,-160377.48881918,-107075.69592231,92567.163951678,-4.8631471863871e-05,-0.20709287183926,-268222.36505436,-160097.89679604,158999.99217796,4.1587982481921e-05,-0.20703913357472,11844.971770235,-885794.34666176,820658.60225132,3.5099593933057e-05,-0.20721078066839,15792.450321782,-889194.38939303,826676.53924451
1.7796276070625825,2.037358749713494,0.34158947593638833,2.2567187056898166,-23.577706288746008,14263078.24250868,117945343.63294287,0.5551195195914542,65919.2723740657,-6.0809152662012e-06,-0.3555429131214,-725816.16408993,-98381.979364565,596986.21794052,-1.2994965650532e-06,-0.35546795168567,-865387.48104644,-130444.0841866,703105.77668515,-5.5802550447594e-06,-0.35551014500524,-49656.752118086,-520199.661834,442149.9688851,-1.8048684195444e-06,-0.35550598556997,-49593.372980375,-520142.45588508,442142.68934317
2.765075124862551,2.9071313168358204,0.33398842602781864,4.924865673577493,-29.76550631259589,44147797.8431338,106418367.45631614,0.5463714967002545,21440.715633731146,2.6621805592606e-05,-0.14901390285323,1918.8584096753,-52986.134143962,307233.43992791,-4.2999086340546e-05,-0.14892243644483,-91931.119811403,-76928.805015094,404201.49588592,-2.1151626026137e-05,-0.14893859722398,39913.521777047,-653645.57966326,662407.57037889,4.4226196647495e-06,-0.14900511292884,39453.068042264,-661240.75170752,668024.85760291
1.6943977863798816,2.827713750440118,0.27277613555056784,1.837917992669201,-29.293324295552605,19530711.751883388,86675978.68162763,0.45207565769184377,37411.82378744396,4.5764479895e-06,-0.37424465321907,-392312.33010164,-85753.36059905,301767.16849375,2.2691687796045e-06,-0.37418384160252,-758739.79950727,-143253.20494347,598146.5659617,9.4935546910948e-05,-0.37422325273315,-39286.586038744,-1128555.5625473,1006353.8021942,-8.8332683328291e-05,-0.37422447989701,-39537.176186798,-1130393.2575664,1008015.0276613
1.6867246611323803,2.4924343108132803,0.35279423924225245,3.5616120253640657,-27.5220852606745,27496796.8704209,105214217.0557978,0.5988123659918639,60831.116422339845,3.6618988263942e-05,-0.23709253406968,-459690.85081662,-146685.66890937,326510.38923101,9.0469973951767e-06,-0.23703367764305,-633921.06328528,-193403.28587935,455173.02726266,5.0634844575173e-05,-0.23705710686859,-49126.037093679,-912089.82502661,801237.4253711,-4.954731656114e-06,-0.23707569276757,-53529.286278464,-925645.6908553,810440.71388396
2.2411390072970665,1.720137585819996,0.32171170058257714,2.0085938918164894,-39.59111898514265,56136669.476198375,122989639.0750059,0.5902094699629215,22744.584830492517,-3.2891611215106e-06,-0.22454759518878,-912573.51460011,-37289.387519248,809810.64780339,4.0548119667276e-08,-0.22440149506099,-988596.80694589,-55845.069859905,866427.52556632,-2.8739264976893e-05,-0.22447896908365,-12166.093845997,-29588.207008908,21355.648333661,2.5458279582805e-05,-0.22447476640273,-12150.38600175,-30055.591726576,20043.595963965
2.645352970746325,2.546474687989037,0.27646973661086494,2.1222621317620876,-31.36323823180526,46281248.214740716,100777818.04207209,0.5646355676984307,94915.3976109864,-1.462395667814e-06,-0.20027605173289,-1993517.3932576,-208699.33970056,1680969.9232413,1.5284213905569e-06,-0.19930516398305,-2242407.4816283,-250582.46478631,1880126.3452921,-0.0001623750467676,-0.19981694951286,-44179.292484614,-651946.42520756,566584.12158897,0.0001624272765206,-0.19981431241184,-44263.89229006,-651903.38862728,566478.59276819
1.817183765819667,2.1287130848791027,0.2910346982199403,4.667317018571662,-33.690036651045084,50774769.995349504,54167707.01090477,0.43633112728332446,23000.255599113912,0.0003869633612652,-0.18117918893654,-61709.924188551,-150277.92357149,102335.73558636,9.3174666416523e-05,-0.18114974436894,-130882.42525271,-166513.62209106,96988.200117042,0.000240345858538,-0.18103997179646,14970.984791656,-495647.66000792,465356.61996832,0.0002398225702339,-0.18128984038457,17956.141747814,-495436.95303612,467302.88044536
1.633795182573526,1.7522293096567083,0.28089924294828117,2.960158013850115,-25.13195170705381,34671974.332629904,68371512.21587242,0.5619520905068933,8192.412342547976,8.869922570007e-06,-0.13833857896049,-542926.5150411,-44213.267117656,466437.09811545,3.8836297779798e-07,-0.13827804403263,-658378.47049677,-66300.840200235,556964.6046164,-6.6988303402352e-06,-0.13830653693859,-16987.385215393,-213613.70251686,183955.86323198,1.5943626284544e-05,-0.13831425315023,-17007.911156824,-213815.40641287,184120.4240015
1.6701996091427647,2.416187440697832,0.2962729360843813,1.7156999230013692,-23.17822696465854,39123874.09020127,119667608.79796831,0.501558755193765,51761.28588622253,3.7393671291328e-06,-0.12135683235883,-573296.05892782,-87543.319664557,465088.55457513,2.1732015442598e-06,-0.12129181080417,-812158.60114066,-127131.95891427,656777.78548281,3.0976653947266e-05,-0.12132866711268,-30800.80690343,-863208.74960927,769239.29753062,-2.5072302246811e-05,-0.1213296863115,-30618.419554612,-863442.55412523,769582.31572766
1.968615986992695,1.6297046178852375,0.3251233321554754,1.217204094223487,-28.437407984672113,10073599.659422977,104005633.12373161,0.43815053565090745,22277.5775400361,-8.1797088543782e-06,-0.67250771247786,-574027.24180715,-45055.708008012,494319.70920368,-6.0213727797764e-07,-0.67243680056955,-694630.12097642,-74169.262795338,584742.41281878,-1.6060292699715e-05,-0.67247972116328,-20790.405016091,-31963.78899085,21866.3782603,7.2742092640516e-06,-0.67247049933059,-21005.220330306,-32136.288864847,22004.952898665
1.881543158700464,2.776787254038248,0.20412155110953298,1.1401174833493855,-30.05628851399718,68554763.12951031,65667637.26563892,0.45188141756907485,69663.18517018772,-1.7346844304027e-07,-0.12339414479513,-1436086.3196806,-107047.51620214,1240595.6564548,8.9852529384634e-08,-0.12307833501434,-2055954.6742779,-163575.05290436,1769004.5446372,0.0001782046383985,-0.12327080306166,-48889.638365404,-1803100.6798416,1617600.3426613,-0.0001784811866588,-0.12327094044649,-43912.853024819,-1788109.8602845,1607417.596638
1.9360446464212506,2.850962235424138,0.2537070934995874,4.091110471656855,-26.52637752265477,50462009.947122894,52788035.41980974,0.6000609296222708,39936.40077831355,-0.0001895678214335,-0.11046459095906,-102640.74356324,-211026.9302228,142705.13388996,-3.6144450352041e-05,-0.11040563447369,-213109.94223661,-230948.64419594,149733.1065904,-0.0001136667738905,-0.11048818574487,-1300.5365870001,-714554.28203553,655025.51260655,-0.0001120397080422,-0.11038472911918,-1078.6496783862,-710196.38176593,651207.88248784
1.7250836482388943,2.648541467851069,0.2550636639117324,4.864453612337467,-26.1376233829388,30709635.437385734,89390469.19995804,0.5935932753159181,89845.79855393514,0.0002581259234294,-0.19705231659531,-174386.39524262,-347409.93136176,235205.63854975,-7.0802109085703e-05,-0.19697337324175,-312307.42979789,-367674.79356428,234622.87406784,9.4803436626828e-05,-0.19690754051761,10250.445298176,-969095.29800378,896162.3957848,9.2842176452949e-05,-0.19712092442414,11462.233495232,-964031.05172377,892616.54431895
2.946878605385396,2.2930610552242268,0.38219948692041694,2.7168414386547504,-31.949899384018806,39946422.94338858,118038737.11673544,0.5922699678502906,19922.65591470503,4.7681125873381e-06,-0.2006659719694,-1429471.4451466,-43595.309586978,1278977.2526329,-2.2842107315245e-07,-0.20032657294208,-1598337.638131,-68031.26326361,1416435.4892811,-6.4236344184604e-05,-0.20050037721773,-34460.950995041,333043.047957,330722.72444846,6.8779600344303e-05,-0.20050668200847,-34159.039017959,333259.49153603,330648.11674425
1.5717846349471227,1.9911568660768315,0.2665617762269649,3.4819290443459754,-35.28561658324047,26246981.596020035,126987647.05287808,0.4860885892498551,57192.56996316566,-1.7645916413102e-06,-0.41127561448714,-1093374.0470673,-126800.79665088,913620.49083906,-3.7423470574929e-06,-0.41116660960988,-1293576.880982,-162269.77643394,1072754.1634265,3.0557969027622e-06,-0.41122424736576,-54372.149449927,-825907.66726576,718494.25263801,-8.5340849647262e-06,-0.41122556613976,-54400.660096108,-825686.47488998,718269.60738173
1.6586117447033628,2.4069629815921365,0.2201993115553419,1.301982639625531,-34.97211706604254,29244923.777999144,79624757.89041111,0.4809221871346599,10530.684141081878,3.1803082876574e-06,-0.3315336693882,-615312.02106677,-28319.119174831,543786.93662273,4.7842423396364e-08,-0.33143295444645,-1028514.4680929,-55982.509606268,902893.43946603,6.0227350462875e-06,-0.33149409741065,-13477.389169283,-466441.48441248,417995.14920014,-2.7571567595666e-06,-0.33149631026263,-13500.903795576,-466212.84665165,417769.89820651
2.4567565812666463,1.9990595035945822,0.20316069371531553,2.5785164790882527,-39.05549556046914,39861731.87923336,93894616.58708867,0.5606887186485217,50452.43083975548,1.9863163630934e-06,-0.32251078882798,-4051445.1035921,66671.78416745,3761413.0688689,5.1386420437896e-07,-0.32121228303168,-4336622.7181513,62335.018522894,4019625.1799876,-0.000243833287158,-0.32187976493646,-83426.643706601,574216.96947503,588408.76844322,0.0002463411907265,-0.32188118737159,-83434.520798206,574290.3779384,588476.30997663
2.2294675955095182,1.696341095932861,0.19244530824335127,1.543680625789508,-21.428835911635918,11506401.596240804,51498426.35047945,0.559477938788958,96562.29794080165,1.3505207707383e-05,-0.40984417188379,-4753343.774422,-175553.74163095,4234140.589627,-2.5879612025089e-06,-0.40820411794182,-5344330.6306068,-207222.63847448,4756570.6249791,-0.0002847815783938,-0.40905149296877,-51571.498622967,814056.55540316,783831.94323088,0.0002959227053157,-0.40907253192257,-49927.948832313,788894.37731286,761085.86315423
1.7501960864998276,2.5146134645298517,0.33435062807540866,2.130403954528709,-33.64677069245958,32213599.304766987,63575211.46969366,0.5083820824660794,95527.72125737084,-4.0352578736713e-06,-0.33223283416674,-469710.83718213,-165782.7631499,325001.43510074,-1.396678531083e-06,-0.3321573874692,-588521.42061005,-212522.64259302,404699.80251918,3.7748666804209e-05,-0.33219981775205,-74238.65495089,-986679.5551113,852080.32696931,-4.3181007281082e-05,-0.33219801452492,-74159.169961093,-986539.59283895,851878.58328683
1.7201671450349858,2.0269106064483884,0.3797890749712875,2.1263159390900626,-21.944692216330704,54002593.944480404,103848121.75976086,0.48698457850867655,90257.56388708191,8.4198670020933e-06,-0.089616277775846,-394229.5955385,-156263.07118519,264094.27079599,3.1656337792765e-06,-0.089563870741676,-452422.02195778,-192194.64237834,296964.56505634,9.4231407591069e-06,-0.089589227086637,-62892.96801999,-576097.48216997,484084.27280845,2.1719253727278e-06,-0.089593703009442,-62610.584108377,-575275.49740449,483527.19773394
2.025148374130683,1.621575883345423,0.16895595651512357,3.484827457361114,-31.677475367477037,58971213.8056998,141308189.00024718,0.4859301422234468,40689.20005931984,-1.3036415232102e-05,-0.14327149251499,-4408730.9595304,-28779.14767763,4019977.4745239,-5.5476271596195e-06,-0.14214505667065,-4516869.2693866,-36291.833424606,4113696.2570817,-0.0002109476395786,-0.1427180502295,-64186.695481542,598698.08056319,596156.39383416,0.0001920245292112,-0.14271111586768,-64569.224802764,593700.7245315,591972.56486262
2.411877926534274,2.8092671943845806,0.37809557900896035,1.9998611853978177,-39.26055190926171,36016443.61379604,148914038.1244421,0.5994181465886975,86012.71479505177,4.7423574548543e-06,-0.38545142139643,-1459012.0254534,-121915.54204184,1251368.1692508,4.5931839325523e-06,-0.38521395328787,-1796852.3389055,-152440.83059056,1539494.8194223,-5.8024470183673e-06,-0.38534327854513,-53868.166795994,-839735.24331147,731632.0931589,1.4830561169122e-05,-0.38534404205781,-52731.898104216,-839896.39378794,732549.29448955
2.2313587411488753,2.251690502131182,0.2748238952196387,2.08440785195831,-26.559957435407277,61722191.44320017,105918221.7560997,0.5010534131508331,57745.33429345531,-9.5197382188594e-06,-0.10131585830942,-1003072.0963498,-138747.17161738,823183.65081285,-4.1193153478542e-06,-0.10096180747353,-1137801.0303143,-171079.72470176,924715.03970471,-6.4639000111326e-05,-0.10115090695921,-44715.354680924,-364706.3516251,303315.38261186,5.0666676164296e-05,-0.10114598904173,-44577.466358224,-368685.14679822,307085.18031864
1.7420891959711466,2.607362253113261,0.20462223592405931,1.4612483506046523,-26.290266200623094,15723423.79030146,125397690.83237238,0.5089493798676739,56550.603488037166,-5.8886929967142e-06,-0.38719538495303,-1268365.2325629,-116245.19472898,1082087.6088824,-4.6963448895781e-06,-0.38696912086148,-1845869.8223451,-180833.81675016,1565019.0290385,0.00014018599871,-0.38710991647126,-26939.698576943,-1954203.6533,1771922.3540759,-0.0001507426220678,-0.38710769709884,-26671.346682265,-1953607.9247151,1771450.060118
2.29737302036391,2.180622767011395,0.2492700406605448,4.727551767095136,-29.23913070146277,70528519.60742888,146771399.70625794,0.5538241216398389,40424.389354656014,2.4989837179504e-05,-0.096677380751488,-75950.713776639,-86299.516433602,49494.207250543,-0.0001250504968874,-0.096631633163915,-212012.74280781,-129493.54948046,124914.56615477,-4.8187472898874e-05,-0.096576154854452,30058.843452284,-754309.58943019,713228.58851375,-5.1882495226482e-05,-0.096734209605191,28551.101313898,-753955.78530776,711778.08315311
1.5744733801639594,2.7180157598570505,0.2014689232635437,2.112641517410202,-36.632150049773095,35303522.67233213,125632317.70431751,0.5194602948589476,24159.178116265797,5.5025410484202e-06,-0.30362600375878,-330337.42051096,-91646.742517699,242396.96956814,-9.8905349213808e-07,-0.30352074191986,-512668.1430446,-143477.61591984,375464.64288473,9.95371907866e-05,-0.30358507790368,-51188.252033219,-741396.66704568,643447.76210727,-9.4972267435164e-05,-0.30358849449039,-51158.71164419,-741417.73446654,643484.20502937
1.6008320526823916,2.9549594123282485,0.24650816858820818,3.3962897852522675,-32.215011323452146,25603608.23397645,64652634.17874707,0.6093393117029958,67232.52363616043,5.5266098213983e-06,-0.34974889470463,-661747.55078007,-145096.82143151,508719.51552034,8.2929535544705e-06,-0.34967188786735,-1183603.171028,-189219.97238387,954707.84720929,0.0002721603422565,-0.34972298611026,-33045.341482264,-2565799.1636444,2328057.118779,-0.0002582993001461,-0.34972200341788,-34454.018540744,-2565149.3971902,2326456.9803427
1.7904965071899421,2.881097171949519,0.2288166150322043,4.381343604680915,-31.495309603709114,52400153.938439034,70929811.63105418,0.47019271070325935,80413.38541871545,-0.0002781291940904,-0.16940843263353,-213336.03229144,-359310.56890772,251753.52349447,-7.7104232846012e-05,-0.16931714300906,-328979.24927646,-385914.70712663,266343.27478211,-0.0001745758455274,-0.16942702515085,-7889.9316679849,-1066590.7834465,971878.33154379,-0.0001809606251689,-0.16930213192165,-8635.0749866052,-1068846.4139064,973410.36966917
1.9151516916327582,2.7371531727453764,0.3425735021329797,2.4988795789870992,-27.95305912472317,45735113.03515157,61916109.30318958,0.4464097602779404,57427.858341101855,2.9330644002313e-05,-0.15311692048743,-455586.69796495,-129491.1024352,332509.64550821,1.251710521563e-05,-0.15303179097034,-588409.39914672,-175149.75716107,424924.05362326,5.4285123917375e-05,-0.15307360572937,-34261.014137864,-987377.93635948,880581.34205489,-1.2358831628924e-05,-0.15308492192019,-34298.756677684,-986919.41696554,880126.16390622
2.184293430401741,1.7961019502049538,0.1631210051512182,2.656798533254859,-28.72588936569894,42236575.85513328,109872831.39345978,0.5518207103917883,56505.01848101469,-6.4607972551278e-06,-0.17075231500024,-2232390.0330839,-594148.37482882,1800863.9690498,-7.0908577080258e-07,-0.16920974037239,-2345311.4777318,-628183.62104204,1888774.9799139,-0.0002890110864671,-0.16999945431914,-282113.20507111,589454.30533782,760485.51326611,0.0002792869949707,-0.16999441969777,-279837.41465363,575243.50049141,745889.29729074
1.5597361781507746,1.7357054921774855,0.15958290903045907,2.5971179394096455,-38.772121593523636,79186529.33430901,67807873.2536642,0.5601396910537915,67960.90823732475,-2.885410575562e-06,-0.16699862868464,-179995.60415755,-83559.373377355,129462.17424286,-7.6848427676823e-07,-0.1666268042958,-199216.31594111,-95207.977946405,141645.5701795,-4.1441486048773e-05,-0.16681973909811,-43666.612062817,-874935.18542673,770873.78197413,3.7721589896277e-05,-0.16681859364004,-43598.557616216,-875072.54524523,771105.23198378
2.004880768281532,2.618082905892889,0.3354834075744864,4.069298625905416,-26.052642554810994,79457940.15166992,64569772.56683464,0.5830664104674101,30950.953155366995,-1.3499898775252e-05,-0.066581876678295,-47673.934092801,-160104.36971341,119860.80174629,-8.264572907586e-06,-0.06654597331202,-148199.66556441,-176549.4084092,106239.1515615,-1.0647752327593e-05,-0.066566271386315,18689.449297464,-478636.20032424,452416.82960855,-1.1154972091828e-05,-0.066562630506539,17252.752687975,-480183.7251746,452817.91930934
2.170325961390059,2.2038676302677853,0.24356365286942064,3.4064715219335673,-23.822700941126662,75419828.34053832,76629060.49645433,0.43671632002387534,24709.095611725083,-9.9277289881652e-06,-0.060179803397898,-2161212.173804,-56696.095642025,1940258.0090866,-2.764782592384e-06,-0.059737717508319,-2408108.1221854,-74574.068063378,2153821.7585554,-8.1749087957119e-05,-0.059972343142263,-38830.934651695,-303963.0575795,251711.85653127,6.8811615460762e-05,-0.059966203889009,-38940.480341382,-306219.63502259,253635.69888992
1.6645059578497974,2.0808023806797156,0.18425841749926988,3.5026736447911633,-30.78996420976671,78187402.25261106,118256011.21626046,0.5157775829757876,76894.54520603525,-2.1329913380132e-05,-0.10903406005936,-3217500.7419584,-86988.895290798,2886710.826799,-6.4495994297603e-06,-0.10854996322054,-3536351.7106321,-101778.67975045,3168399.9278667,-1.3465106268043e-05,-0.10880700894343,-66543.066589475,-1557886.9386527,1380629.1037616,-1.466666896215e-05,-0.10879837362339,-66677.546081601,-1558507.0896505,1381474.6459109
2.6822018287297915,2.249062935044784,0.22759504570870331,2.8192720827904134,-24.053226299453137,56673011.80005624,62019599.70440146,0.5331547530773553,96830.87817972836,-7.2619271735543e-07,-0.099247229545223,-2567781.219783,-298179.01929762,2145734.0360171,6.544229169774e-07,-0.097326245516263,-2687174.8710369,-321208.63929125,2239340.9535292,-0.0003406344573298,-0.098305480120084,-101551.38629994,320688.71442723,371701.78602392,0.0003403805940742,-0.098304296653836,-101566.87195056,320897.58786132,371912.50530153
1.5892767404044799,2.5814454579228556,0.2542510215602177,4.094545887700258,-24.570934219363085,76071597.48756418,68065044.37784445,0.587487389188529,18977.590042033964,0.0002920435339782,-0.059383862327938,-40781.306883614,-152919.46401985,114967.76972739,6.782383095564e-05,-0.059349052562006,-143137.88922519,-169721.97916124,101689.85756108,0.0001788290892844,-0.059298765423492,-909.54344801811,-471788.59719475,432389.73797581,0.0001813819911735,-0.05943591513275,290.34188188132,-465573.86438057,427939.33978446
2.56669685612997,1.8532121243468838,0.3617768180725519,3.459359515218946,-37.418079701043936,50742278.62753321,114809353.4672241,0.5916433445262258,90440.50540752873,9.4794119869302e-06,-0.25097601063542,-2433756.2132116,-134333.48382388,2135197.1120651,2.9854211624256e-06,-0.25054707617686,-2549938.3028872,-158922.25546213,2224548.328862,-6.360579658749e-05,-0.25076089921517,-84334.27263482,434995.41307153,461906.8039721,7.6165105472324e-05,-0.25076975396761,-73520.730970865,447452.3772122,464924.831585
2.6131057693800543,2.631776219771159,0.1679711077515561,3.419369144010695,-29.20107587125349,16166401.063751215,130093676.06190248,0.5447168074750479,12860.378992598557,4.1905743412821e-07,-0.39471325657573,-6583709.855216,6736.7300279101,6038922.2524925,-7.3698229650371e-07,-0.39155497359039,-8022304.8329484,-816.10847629094,7351976.1749862,-0.0006315105815037,-0.39327378942842,-9837.1018472469,-16.810634199486,15106.318217337,0.0006314586780595,-0.39327673837151,-18775.49935902,-36277.869468303,39144.564795946
2.884098183884803,1.9490532033661847,0.3655306244093819,2.0727359675033306,-38.033482393483354,37597904.67864615,149969841.53673726,0.5591062143705723,24557.55533005917,-9.260352895408e-07,-0.30907187027704,-1327092.3471269,-33924.912502375,1192026.0598698,-2.2433664591863e-06,-0.30876551933661,-1441460.6207191,-59587.713379658,1278656.6951483,-5.3604954969958e-05,-0.30892310404505,-36006.108698697,454491.53851582,442995.23594425,5.047386298461e-05,-0.30892496984446,-35927.317557506,455301.23061053,443680.37423277
2.8184840229552557,2.155069841157524,0.39728252109022105,3.2817267024559937,-23.481584071212882,37064731.462389335,134828000.21056765,0.5119224699575164,95389.9997425112,1.5393081279937e-05,-0.14243287893117,-2592463.2073361,-154668.14885738,2266351.275719,7.2060572132826e-06,-0.14192747616,-2756412.4133535,-183618.70382112,2396330.4230073,-7.3625110826081e-05,-0.14218082212808,-79654.945876235,334555.65934446,366986.2054052,9.6282679121859e-05,-0.14219122418945,-79276.239546378,336231.93726793,368207.6387629
2.578271617092936,2.219258078742299,0.2959870822544987,3.012311293423589,-38.50174640745738,40859781.105647855,116699337.82718801,0.5227602211085549,32887.62066222514,4.7277163163853e-06,-0.29358042846283,-2003250.6844909,-103037.97526439,1762813.8505859,4.136617274175e-06,-0.29302515958814,-2221914.3112006,-128558.51100626,1945245.9671516,-0.0001052557683005,-0.29331383587487,-40645.680292717,270088.77988674,277825.15578375,0.0001141709710765,-0.29331460822513,-40462.447675818,270790.89577135,278327.48439621
1.7410602069225878,2.5072894551283382,0.15779284603206098,1.927709801435278,-33.637036344428665,36407867.91185354,82188295.17666888,0.5828510994852771,53376.25714590289,2.7801150519401e-06,-0.26627769015702,-2275618.4027511,-133808.64414532,1990896.2927877,1.5527584752319e-06,-0.26565842734117,-2927918.8277787,-183918.61720675,2553240.9248677,0.0001288576571584,-0.2660091758834,-28705.886303308,-2190878.441014,1987399.3539395,-0.0001243034383385,-0.26601017093816,-29052.902793809,-2191987.1025953,1988171.2005018
2.752817102692955,2.6760080711781233,0.36772156983322624,4.790785156265782,-37.62881403102134,63475159.28423457,115975819.38902846,0.5483770083659095,98671.68576116765,-0.0003568047357717,-0.19934681175139,-184362.9363157,-135266.91765116,104894.5617275,-0.0001150393313842,-0.19927472407006,-294135.54095086,-191731.4133039,170651.90111027,-0.0002324145126943,-0.199435071397,23632.766357454,-1024073.2474917,955735.72410819,-0.000239461887246,-0.19918847651211,16333.981821223,-1025478.9428316,951774.87128909
1.646992731463624,2.224685993822069,0.3299337229064401,3.3029015329788263,-26.3737892250839,53175472.30910455,120754216.49770626,0.5571230134692695,88080.82357515315,-1.8703600140602e-05,-0.12229175918733,-696506.48729561,-175320.77002589,521675.86117607,-1.354678311162e-05,-0.12221461185028,-825834.89880898,-210402.17770527,617032.2128211,2.8614758874165e-06,-0.12225732579861,-57451.779713692,-1041096.7944635,913454.00151003,-3.5273903541679e-05,-0.12225382524799,-56614.447093647,-1043168.7383247,915894.33369286
2.2033812927594143,2.4613452451246127,0.32275359048602126,4.513255627195658,-25.218084034562757,58740892.942995586,127595022.17610618,0.523948529521566,37758.45727656235,-0.0001038417863862,-0.084750775139008,-93444.614700823,-77155.308265487,53088.937160923,4.8010844485748e-07,-0.084711032098573,-202958.61534147,-132038.15159581,117781.79374525,-5.0150572295065e-05,-0.084777949304446,11811.495408318,-602234.32937835,560633.77571851,-5.3254743952374e-05,-0.084685474361631,9097.3721272203,-604501.32649092,560803.27787641
2.5584487977525523,2.650598683989195,0.2784162968483816,2.9591501311893644,-28.87637721363291,57962675.51355828,53966926.38077692,0.4663251863744429,16211.305019236177,1.3088471155802e-06,-0.11236310877907,-982327.67869404,-112020.57812783,822107.10266683,-2.0899262791773e-06,-0.11188268740834,-1155505.2864365,-144079.45726936,958770.00795114,-9.4024589782861e-05,-0.11213873261511,-20778.855304133,-334739.26839305,292276.26984438,9.3430606283307e-05,-0.11213942585289,-20577.739314302,-334088.34141702,291816.68075206
2.012566394900265,2.7902632507578122,0.3968503234588031,3.8066611514120594,-37.049431922067676,12045921.996694816,80956064.04907264,0.5710515618981487,14227.796591551778,1.5457123039844e-05,-0.86708382846897,-514099.09837624,-88267.241158331,410677.56347782,7.1925811894402e-06,-0.86701135343767,-794110.95962863,-143894.02504835,629515.79155821,1.9572823191832e-05,-0.86705040917217,-35891.551549602,-568939.34135352,496651.031085,3.1090795824617e-06,-0.86705639062384,-34132.029910034,-560777.53383478,490237.0839855
2.8532215406841823,1.7901704831048226,0.310036549858376,4.104341409215154,-34.759926686980904,79582849.76458147,108125265.90704566,0.4722470326637209,4908.038782507955,5.1160133269256e-05,-0.11691563254639,56880.671215103,-26308.213765249,194190.12018564,-3.3264128482729e-06,-0.11687764896629,-17796.354886913,-37793.722809501,221319.33757253,2.2863659671965e-05,-0.1168546200558,-87072.203844742,-244733.02768744,253897.30690505,2.4920614052418e-05,-0.11694185963424,-86715.723899087,-251001.41948467,257607.64505577
1.6529884052458672,1.7856006726059932,0.23694965107349691,3.6134084540967137,-27.533698491607932,64654762.22922499,53199088.966130696,0.603789089487565,17775.12715632878,-4.2347284422493e-06,-0.09092340599575,-1140642.4952991,-62952.960471873,1000778.7574942,-7.4533920474761e-06,-0.090778389326951,-1333722.3395645,-82396.504364941,1164046.5215941,-3.2830271632366e-05,-0.090853737470849,-22445.6529572,-256854.48648666,219617.41724494,2.1118083803151e-05,-0.090856613634618,-22538.166478222,-257665.98903939,220385.77900085
2.2947162973996096,2.257234828561958,0.2773548897811119,4.12585296000786,-29.530280483164518,76596892.79000577,81524201.90209211,0.4930902260836765,92054.6592532686,-0.000121667927722,-0.10520330559142,-165606.20130584,-114657.20284931,94954.63126736,-0.0001090282493741,-0.10514177730131,-282672.26320015,-155885.86764196,171602.68298653,-0.0001121365523862,-0.10518009910754,15533.359555686,-1010663.8094186,937578.70791653,-0.000118629769824,-0.1051663787276,19956.859911,-1008712.3175981,938985.89133611
1.6912792044524472,1.5232538410955674,0.30953861628795043,3.569122717504278,-32.894799101080764,37265578.82782698,147401314.97890985,0.5206963826280022,91929.431108518,-1.3469360099105e-06,-0.27001289268887,-1148913.3832393,-174972.38304229,932423.22287158,3.36540577746e-06,-0.26989360541685,-1234462.0695462,-198536.91249302,994963.94115322,-1.559159027599e-05,-0.26995733293193,-70696.005191021,-300785.24772186,228360.63137666,1.7620276582925e-05,-0.26995213307587,-70711.692215187,-300281.66056523,227902.25434668
1.7367103879384014,2.4809441760530064,0.3834177574717694,1.0429214277272305,-29.644114208299733,50852764.60306792,147183160.27837127,0.5265121275094123,83759.36205703761,1.2602979039006e-05,-0.16408690302325,-241998.46818877,-105424.09592968,157699.63297108,-3.8457309827764e-06,-0.16405106974737,-430859.850653,-166967.93583347,290508.60800014,3.0839867027261e-05,-0.16406694761833,-53157.930785443,-809297.04506333,704226.58211417,-2.225714127176e-05,-0.16407837868315,-52989.653819933,-811223.84304011,706325.56316477
2.567560571129401,2.0458401790858143,0.1725522355835103,2.663257776158521,-33.82887197136541,20202367.666073017,149711940.69786024,0.44512556305059126,7173.12670294623,3.0322110285923e-06,-0.44678665948113,-3838362.6482307,108135.23394855,3596310.3095069,1.3186133023671e-06,-0.44508851313755,-4307843.915429,113378.33065971,4030362.6854856,-0.0003408007166596,-0.44598181620293,110916.84091158,65300.19789111,207439.854947,0.0003452617547778,-0.44597882011557,110199.84461475,60304.557007079,242502.09494462
1.762744782835329,2.0790947954989547,0.21360801182127653,4.66922192327083,-23.25392733726605,44376319.15042152,100508069.0894194,0.4389731391535598,24468.218942280986,-0.0002332687038352,-0.093762222583866,-69387.137337175,-178743.96787766,129213.38610967,-0.0001566513178031,-0.093723634509283,-184383.210604,-186153.45754268,119825.87252005,-0.000193772384758,-0.093776066562225,21299.631350907,-628652.90099124,591783.23293707,-0.0001960989185725,-0.093710572304415,26009.084853141,-630565.83000702,597027.90603773
2.570484548015216,2.554919396287267,0.32063885156681826,3.8876212600022173,-32.879823542059604,68272564.41684555,95695336.43956701,0.44446953882937795,88698.6261541057,-4.2615364910789e-05,-0.14835255485463,-3327430.2478286,-144069.64969416,2947028.6819772,-2.4472149404083e-05,-0.14766863822192,-3624013.6075865,-171552.90398818,3199409.0556332,-0.0001331317683968,-0.14803119856218,-80858.969947835,-645729.2527399,535801.43333499,6.5633956945919e-05,-0.14801501752382,-81136.129646738,-650778.99140028,540226.95452987
1.6650182477712139,2.2288245569143394,0.29064649547059107,3.8970032838841906,-23.630563519182513,74502641.11716881,128660586.54505406,0.5694612740048094,27439.688360728727,3.0662546512577e-06,-0.058060343002434,-751533.28702475,-93116.494248656,624054.54477457,5.9843099408039e-08,-0.057975419290803,-962454.28484138,-124452.64857512,795718.88418937,4.8118620127108e-06,-0.058020778362818,-35128.713723667,-599814.39694412,524864.03521066,-1.6733747328824e-06,-0.058022889637654,-35007.598331757,-599765.8770508,524902.19956995
2.4590910082492625,1.971481404042946,0.16404231181925188,2.8926660620417732,-39.096943390117886,34135451.14004027,116281780.26585898,0.5268003791275404,49949.347633200516,1.7285594730712e-06,-0.37605898423729,-5500568.5967322,-117317.25560232,4957318.2252135,4.6556452133244e-07,-0.3738044836491,-5794372.7312244,-129338.09879034,5218006.7607054,-0.0004175989284456,-0.37495817233373,-343944.12867764,825140.42739463,1022784.5290427,0.0004197829995564,-0.37495680990477,-343976.90489545,825252.09217415,1022914.2301321
1.955965851451055,1.506894864414367,0.31726535425170144,4.723963329813573,-39.147131126722606,35442544.34194302,107457291.5417917,0.5920179999971367,33471.9153667761,-4.0027044134072e-05,-0.34741480377689,-10618.635276444,-174944.64760233,155485.58137698,2.5661472156977e-05,-0.34739811855726,-83615.261513068,-166440.68605643,110178.95241256,-7.024086888098e-06,-0.3474491847964,-61159.722714834,-336598.91601025,300753.53222733,-7.3428443189206e-06,-0.3473638530881,-59158.185712241,-334372.74015933,300217.54744475
2.5326566621111124,2.5160810351130407,0.32539516379083255,3.3906126746629384,-32.8576877807853,15963051.62835943,107625645.47444972,0.5729586032089701,86931.8688330109,6.2912593970856e-07,-0.60761837927553,-2757694.1861403,-181216.48871178,2399192.4034992,-1.488338815575e-07,-0.60697930839488,-3133519.9984943,-226973.11073831,2711527.6161132,-0.000109105193222,-0.60731464028743,-69989.106201083,-394457.4085883,314168.5262597,0.000109487788436,-0.60731557040394,-69595.723326171,-401980.53431908,321377.28449695
2.7043662406264257,1.7543869698982864,0.20100398654931254,2.559244000790785,-32.01893455854257,34606228.65435013,80233960.3620019,0.451698813125285,53874.18766507615,3.8934969464403e-06,-0.26430727324336,-1889153.5606582,-290681.32107434,1531008.2743427,3.3915401988964e-06,-0.26233567289481,-1940632.9410545,-307530.17680607,1566891.7796679,-0.0003156279876182,-0.26333372013841,58901.51739807,54941.397873737,35225.978997608,0.0003230291117793,-0.26333460989962,59085.625953036,55757.184429797,35492.471397513
2.214526159935352,1.7001558312476592,0.2212545896497903,3.869386054642697,-20.871391372493903,44127609.65517118,98854764.7157681,0.4846113500672368,40511.5720298883,-1.423811105442e-05,-0.080323726056765,-3566669.1472773,-72236.702747624,3217414.6668282,-1.4856399565291e-05,-0.07950006548077,-3750976.3525742,-86134.632710445,3376437.2505672,-0.0001651010713814,-0.07992011156052,-46096.362436934,438989.055198,436583.59135194,0.0001359337936218,-0.079920617208185,-42495.304822125,445608.94352164,439690.16955707
2.4235631431190625,2.621375737730827,0.18519762572155124,4.1110680224996,-32.983413807792296,39328268.1435852,142679297.33020133,0.5494731935719668,39916.15373915037,-0.0001513203273824,-0.22147751738479,-33605.967715715,-50266.188008736,499060.08765979,5.1053579889013e-07,-0.22133365448472,-138206.52248627,-70753.767944484,667479.02314305,-9.5722413097293e-05,-0.22148037850512,30219.135437574,-1074670.7042032,1071846.8340838,-5.5880485267893e-05,-0.22134128640948,28691.05567559,-1085263.2393907,1075796.3831
2.8567844877344983,2.692994648614402,0.2271173417174606,4.661310591743479,-22.1866544935531,60947763.214083575,145724596.90640438,0.4641378856972346,28874.545230171334,-1.2585948045184e-05,-0.058978027282065,-13483.259120819,-60188.449830648,566410.5673517,-0.0001734233630645,-0.058825718349136,-138717.03382342,-78549.42893471,702113.35333104,-0.0001159832120509,-0.058822934665147,51561.040361228,-945549.37008111,994220.63696222,-6.881199332911e-05,-0.058990761508844,54788.221863417,-941055.7794634,1002424.8911373
1.995135951841928,1.7265709990064253,0.3608611297898263,1.3085761547884267,-31.283806042335264,21235211.947997436,114656334.4267346,0.44748805365054833,22631.032943861333,6.0566495580251e-06,-0.38688179851505,-425677.39910573,-53555.860328326,352881.91626408,3.1986283962914e-06,-0.3868264932153,-505659.57398467,-84332.475274933,405543.54969364,-4.2670658515567e-06,-0.38685452006223,-20726.712925254,-66561.646730497,48464.012316689,1.3511983966198e-05,-0.38685782293502,-20677.389222717,-66866.929015942,48680.366622112
2.3720068802523047,1.851745925138842,0.2899526245688878,4.840485937994547,-31.805080019932273,52824597.31471892,128549506.95148802,0.5517665172522731,55633.45966114015,-5.8287950955573e-05,-0.15979434400114,-63692.299598737,-80023.962263045,45393.076525135,-7.8000464504016e-06,-0.15976186011769,-185287.27880035,-125520.40083098,106764.92259639,-3.0990549936096e-05,-0.15981101026518,-59080.380308336,-601241.10597862,547132.16184632,-3.5009805340299e-05,-0.15974642302155,-58421.899870073,-596084.37218111,541176.83556647
2.802337309077255,2.3339808203490184,0.29486751895145136,2.8802775488531287,-26.250692603210958,26392447.410479307,74593089.68355003,0.5535765802369874,60952.164459180436,-6.8984731280033e-06,-0.22691889136776,-1794451.2907493,-158798.20775739,1532964.3667974,-3.7429761960882e-06,-0.22598394025661,-1920937.0343207,-165205.46591897,1645710.5879827,-0.0001851595399814,-0.22647299450668,-47623.875769966,-198864.40804315,150431.89770561,0.0001745793564822,-0.2264682766959,-46896.185620235,-204920.26655519,159625.66510025
1.90083422839755,1.7335112926504121,0.3184355615784197,3.736327567785887,-32.94884231317508,12763245.254957553,135301994.57286626,0.6036494231087846,26430.074220611867,4.6676544220335e-06,-0.6733271370456,-1032925.9092025,-90983.554420824,882734.41375362,4.6968464999466e-06,-0.67320339258413,-1225471.4873893,-121263.38566395,1038179.0137557,-1.7135748911778e-05,-0.67326914495869,-33349.543524343,-127559.71997509,95683.467356901,2.6515956553312e-05,-0.67326908445761,-33844.207721297,-129903.79024093,97109.004408408
2.766823025211181,2.8128203446985807,0.3195305841092696,4.234637211354283,-28.34210864733823,25893782.69714712,130804169.36263542,0.5464551435590599,72194.41877051255,6.8752285639235e-05,-0.26535273068014,-54151.292905912,-68536.283771997,411753.06729365,-6.7042320098819e-05,-0.26522345975831,-166452.50159566,-94455.742077816,537833.72563201,-1.350668053782e-05,-0.2652262232964,51303.831428784,-998867.4647826,991220.82190274,1.5235190088748e-05,-0.2653592827099,50552.854325753,-994811.20653339,986762.65758175
2.6036547758937436,2.353131093012254,0.2186676979599681,2.444640576672576,-21.869671654432434,36836815.54811775,74327883.4509771,0.6090534600320195,37806.48558165215,6.1524370841879e-06,-0.10653327610235,-3476415.4281494,-12578.572670739,3177137.3443467,-7.3650904488857e-07,-0.10534732554575,-3912060.4621109,-24344.335171258,3567958.5713641,-0.0002319604855583,-0.10596755179753,-13325.567158877,-233242.35520434,204906.68790906,0.0002375357068008,-0.10597423908941,-13349.900955396,-232559.6931756,204259.41549651
2.9867520097047624,2.874321132710495,0.1656743256576084,2.884712859893248,-25.10711076905438,45944968.95965226,99909162.73612908,0.4703694281497168,70454.21634320484,-1.1801230484581e-05,-0.1242577918395,-4047193.3072943,-956954.37099069,3319108.6282846,-8.1555534383064e-06,-0.11901432076866,-4233071.0827998,-1007387.0971877,3468755.1483367,-0.0006891229575824,-0.12169939611111,-54915.414429334,-1551316.5967486,1382617.5412106,0.0006683904782183,-0.12170252728351,-55812.897273265,-1557353.7683021,1387815.9814717
2.080815416287272,1.88962357112058,0.30660739205269916,4.134116127395496,-24.257840662343177,41110655.73940542,59699554.47285275,0.509280741170015,79172.6082194067,4.3561251857224e-05,-0.12925637460749,-108026.49566897,-77646.284442605,61603.107066772,7.2452034175648e-05,-0.12922329388476,-202128.89844459,-117470.3531402,120735.14961451,6.0127622859549e-05,-0.12925624828532,-55941.616191702,-623390.42103008,554484.36468836,5.5891623058901e-05,-0.12922437732502,-54250.152576048,-633253.90341873,564010.37219332
2.4224691078099667,2.103878045526618,0.26945000566467275,4.350975589358605,-21.295444009651224,74425386.2145954,109320550.99579528,0.4785224944912812,53581.55315057843,0.0001182959416689,-0.050010783451942,-108033.05385391,-103336.01509938,63541.40590663,4.4084278029423e-05,-0.049964606294674,-194637.70684493,-137083.22503215,111349.57340466,8.301793213437e-05,-0.049945575676764,29544.366261108,-808868.29225369,762819.44757702,7.9288909511106e-05,-0.050030942305809,31080.574514378,-817974.55016125,772304.85030336
2.1796319756521014,1.761940330734553,0.2559795948440836,4.5636970820159135,-38.788755853857275,50367338.84216562,90727132.08913809,0.505658788259097,38422.65362928023,0.0001469144469814,-0.2439222607079,-57812.841071938,-60379.704446351,35527.744153716,4.4818334244976e-05,-0.24389460370257,-149038.14993855,-108754.66765077,84982.328955678,9.7335706712063e-05,-0.24384558706211,-58377.286240706,-528636.35292874,467537.29697698,9.4285396468333e-05,-0.24397206727524,-59763.374107007,-537213.14761366,473467.66285134
2.48926538044625,1.5306827042046542,0.374279004969747,4.288204461764682,-22.820471953799174,49031610.90974429,105831637.52230546,0.4895584687438982,59811.82443549381,-9.6453307114048e-06,-0.091860794613012,-45168.783122556,-107771.39869048,71024.59175045,-1.1754025034339e-05,-0.091842187989792,-94676.590499666,-128811.32494574,73274.702366976,-1.0517851708984e-05,-0.091850032571035,-52410.716615243,-434724.67139152,384888.71834465,-1.087681683775e-05,-0.091853508510074,-52279.442193887,-434437.7146339,384400.80723132
2.9039678448616697,2.6448930679615126,0.16143192670657366,1.7507041353494668,-37.558713253189794,72721238.385555,61334163.62607824,0.5842647266145617,42379.61947852232,4.7743329715323e-07,-0.16216652008336,-5445364.4455167,57044.266768244,5033128.7810715,1.6311041991126e-06,-0.15907568282857,-5374443.5888773,53854.759039431,4965821.1374184,-0.0003632349340359,-0.16063279447353,-30202.245411721,-908872.34438075,811450.42533588,0.0003652656262975,-0.16063326147527,-30045.088476628,-907847.10531298,810605.85769475
2.903013536550926,2.4177903146562016,0.28172659164313385,1.388157562728812,-35.06392918645011,19013492.581951015,142811947.07476842,0.5033991875656197,9532.93868135692,3.6564275863977e-06,-0.50111442265911,-1640996.6708266,-25122.274294791,1485975.6160983,-1.0979876927913e-06,-0.50053178910212,-2183062.6487757,-53179.99561119,1962745.7555344,-0.0001204055309013,-0.50085544101108,-21073.573227612,427621.64791958,407503.25184135,0.0001229817627338,-0.50086133361881,-21115.940098849,427339.24383805,407430.31688198
2.8052275935574476,2.4958926317483616,0.3738440352562723,4.350219679459394,-36.27544467982762,41470411.8823877,89911535.41705783,0.5985959342009585,79026.15490428945,-3.6737266767703e-05,-0.27627436912753,-23047.156014369,-64483.68134894,324738.1201962,4.9033319498117e-05,-0.27617948786556,-110156.8704775,-90713.60064629,423808.84818853,3.7601039564917e-06,-0.27627851681554,110673.40286868,-880182.56666062,888714.68242742,8.6779881428784e-06,-0.27618216494623,111709.98306874,-873564.37095409,883430.73540603
2.028779057512792,2.695846815220869,0.2371243945423245,4.426172111988733,-20.743081106340654,65812764.38177054,142203102.5927949,0.49981457818051894,70688.77205774306,-6.8541231233299e-05,-0.054601072880496,-216555.31190789,-58357.104964891,159912.24885224,-1.6192089081744e-05,-0.054523718805116,-348279.0235154,-110805.51423046,247515.19367012,-3.5592653368687e-05,-0.054583222344861,-10892.424747238,-1027990.8714529,935080.65889107,-4.9404589503432e-05,-0.054544655716497,-11535.409951758,-1028522.0796207,935309.83317477
2.5219012932766556,1.5130252969064888,0.28211183888406244,2.7832640661132126,-31.440677067714613,24344055.163352154,93940257.81262395,0.532929976591904,52714.48416762159,3.7474201513863e-06,-0.34926443737239,-1336238.9460687,-160811.39724471,1112621.5969246,2.4421507367077e-06,-0.34871135791713,-1400814.5982548,-179636.86693354,1158991.2449858,-7.9052770808681e-05,-0.34899127101137,-91022.200541331,1041472.5239438,1021448.7066816,8.534332193155e-05,-0.3489934989496,-91565.071554213,1039947.9693384,1020387.3543676
2.608727541119833,2.0209903587184566,0.37873011423894465,1.2823213352652016,-29.30834695104072,71587960.52118358,136965008.12294364,0.5367307508649881,72909.48715528252,1.9400216180948e-06,-0.11123129555016,-1397628.9615882,-76503.191966449,1226634.5951376,6.213838864903e-07,-0.11097466201327,-1619225.6589225,-115675.17464073,1402291.927868,-3.9295006722535e-05,-0.11110976728676,-49816.726174484,77067.928120554,110908.42450431,4.1826918465107e-05,-0.1111113670749,-52502.477873076,78194.117686103,113691.21663756
2.1625102897584423,2.1589318999976115,0.24284589455402833,4.624832083336717,-39.292582476295,24650194.328392703,127849851.63153224,0.5773399253660271,48941.30620794025,3.0843248805007e-05,-0.51270683227379,-116291.8498199,-83368.302757632,66344.066619569,-0.0001781794583141,-0.51265675813474,-243080.67291035,-130414.92193944,148853.65307728,-7.1151602275232e-05,-0.51257829602024,21157.887935327,-833185.11694164,779114.42246758,-7.6326549466386e-05,-0.51278673082081,22504.555715363,-842170.47261039,788346.48830792
2.923880536647035,1.8162624205167486,0.3950056326613084,2.779845158444007,-38.262740863690546,39569626.7355028,71568167.05724546,0.6088469506203933,12737.134337703179,5.2922176731964e-06,-0.28855264826506,-1130303.5985296,-43284.538882214,1005070.8121894,3.2145458840646e-06,-0.28831018688403,-1189754.5643789,-63320.956329384,1045446.9715676,-3.4405611016271e-05,-0.28843195117154,-31560.482521816,498572.58986125,480010.26036905,4.2926402686047e-05,-0.2884352869525,-31443.645083293,499204.00285062,480502.00181228
1.5616478746424756,2.775976638716439,0.3035115826871988,1.904384562131226,-34.48815047333913,30631208.854166355,108271348.56326427,0.44329329962792774,79437.521979006,9.6567556991704e-06,-0.36715360319399,-175379.51216726,-134294.21853922,99483.438949344,2.2343993991507e-06,-0.36712614241918,-435208.94162667,-184797.04014019,285703.57107037,0.0001307667829527,-0.36714237136787,-66925.383933888,-1598369.6064451,1417333.1206972,-0.0001189260298266,-0.36714738737239,-67270.34289886,-1598454.5290525,1417168.1351121
1.6350352400957013,2.7926156256062775,0.3212751945089807,3.1902313618885136,-20.787993532187727,42121173.41536331,119004417.81536043,0.5135325065660289,75906.51971167853,-6.0126544748982e-06,-0.092300792709132,-382175.50758822,-161761.54727235,251127.57241585,-3.1320279194501e-06,-0.092247171632442,-591093.86198258,-209870.9308843,408335.10116213,9.0365577891517e-05,-0.092279320817694,-66368.523599162,-1493696.4127706,1322179.692217,-9.9528768395177e-05,-0.092277541794111,-66334.881589269,-1493350.316637,1321467.2378282
1.770162044846055,2.4607174609349887,0.2521438995802399,2.3777178473908274,-22.74797939402979,45111640.81987255,63210931.230065554,0.5823349467486447,50308.668260003295,2.0610933213427e-06,-0.098675755212476,-1133289.4726805,-44632.824533998,1006854.041366,-3.2108588272631e-06,-0.098523459376375,-1440188.6147488,-62912.769702481,1275148.9354753,1.9546461887002e-05,-0.098605687525264,-19948.360516197,-988717.8901384,891964.21356458,-2.0774812619744e-05,-0.098609485066677,-19947.285300776,-989486.9673828,892669.65552202
2.9617493096685656,1.569128766587653,0.19544727015529906,4.974339274006926,-24.831865299651795,50412868.15903704,55865094.56310431,0.606481837463329,59666.53485557654,5.4981606668304e-05,-0.10190941518524,101139.20281982,-43650.324976669,527928.92861825,1.3320541171739e-05,-0.10178851919596,-36401.026750503,-65357.882650078,703252.93520247,3.2078180610485e-05,-0.10181560448628,-346145.82710248,-783639.64883209,834554.60986872,3.5814947347227e-05,-0.10189571721084,-352272.19780424,-795351.32046847,842836.80963061
2.9090241929992535,1.8282460708704675,0.36483793615984494,1.88170341694725,-32.04543038710092,78134187.98363058,89529546.2411293,0.4623830721692681,48808.518062243784,2.0038794950605e-06,-0.11649721723893,-1720723.3907422,-67314.232098074,1529072.9124184,3.5044165297936e-06,-0.11610496996318,-1806555.6444098,-96288.069338816,1587344.0243994,-5.5615894650071e-05,-0.11630669871457,-31241.559078276,498196.52704767,479852.53593208,6.1121504205137e-05,-0.11630453324184,-31245.438726321,498825.93701895,480399.74554127
2.876375031960031,2.8682853575378755,0.23775239732017117,2.4060080845946787,-38.52748605792175,61792472.975897774,136658378.6592602,0.5754122326489792,42575.240274254706,-1.6153201231829e-06,-0.19766257949306,-1725695.7961222,-230658.19415446,1421601.5161186,-3.0899659276834e-06,-0.19626598890255,-1952787.6755369,-272329.72890043,1601167.0130283,-0.000248957905535,-0.19700471759743,-24403.03466573,-599099.40597165,531931.49666547,0.0002443337526467,-0.1970045190032,-24354.978349147,-598806.75199619,531703.17529731
2.556600419620266,2.058424565089179,0.380074156517974,2.768080867683439,-28.13309746151908,49947994.855418235,67998940.20343892,0.5003467667698984,31426.419436692766,1.0695264137296e-05,-0.12947026084766,-762815.0926295,-106809.80817933,625155.55965189,8.4939647480946e-07,-0.1292664364909,-834818.7290912,-133648.39455504,673161.91448649,-3.1747862845822e-05,-0.12936577265871,-23604.692469205,-67006.634286354,46538.922057714,4.3282750961783e-05,-0.12937775422634,-23606.796704483,-67203.131452571,46785.205132671
1.5180068400298057,2.9702188816669923,0.3903119542991937,2.275290950216606,-28.239900239883724,50706516.77121907,146960374.3556272,0.6027261533545112,24275.286144024365,1.5719801099905e-05,-0.12549357110125,37126.727475604,-70239.98715857,93511.803906693,3.3859728616358e-06,-0.12547590067286,-94568.982460823,-118072.24242371,66961.279746016,3.8053004552358e-05,-0.12548382855523,-28437.494572232,-479213.11961327,419164.76328472,-1.8932258232753e-05,-0.12549006530624,-28123.825108161,-476463.89151613,416819.22759343
2.2129612068478903,1.778327514731944,0.23635722995176758,1.879931480551909,-22.532328811735557,20458869.93483832,128516553.26241155,0.5651899733294106,77951.35730378721,-8.4274338147536e-06,-0.23830846050968,-3487426.0775615,-97008.176607642,3126950.7154608,-5.8508366548088e-06,-0.23756546700068,-3843915.0688169,-120338.24112232,3437077.1990123,-0.0001412346684469,-0.23795392685484,-44930.052447537,272280.13017686,285397.85977355,0.0001271690546505,-0.23795063360403,-49146.438213789,277231.50541968,293904.28772248
2.683927889270456,2.948098840602284,0.17479954882423102,2.4755540376583784,-22.500722889039665,16561329.210519588,135051054.936121,0.4896739610339157,35383.36688797366,1.3865377374188e-05,-0.24349561501032,-2450106.6015694,-507460.38597704,2021573.0774298,1.0189813924155e-06,-0.24077379721776,-3064324.9581239,-648243.32445639,2522411.1757522,-0.0004119702929724,-0.24227544043273,-38599.775096462,-904268.78677558,802264.93225593,0.0004271080673063,-0.24228498302903,-38725.13040266,-903129.22834853,801127.44774529
2.2102471062328566,2.81902770620571,0.21705309591101551,1.2754467738376765,-37.39966224224289,24620583.554959,68989929.12983489,0.5478884618926538,61773.42949442769,-2.7224765369947e-06,-0.49100382725968,-2578933.0358617,-67741.529861117,2315168.4360433,-9.4294794841448e-07,-0.49035730162368,-3706125.2594602,-106555.21748133,3320551.463359,3.3059067358413e-05,-0.49073820036964,-32706.690878244,-1611137.461895,1453372.7859829,-3.6648674727041e-05,-0.49073736832159,-33020.605510925,-1610828.7355518,1452905.8000517
1.9196932968308364,1.7751876185693485,0.3069056342757519,4.3894656765521525,-21.41430931568077,10134485.454189103,108925297.2960152,0.5386253558454774,54807.34267386893,-0.0005277294651509,-0.37737698032049,-66199.745985836,-255314.70993827,196105.59128895,-0.0001880001548328,-0.37734828309267,-124709.21472753,-253497.93947681,173731.59049858,-0.0003567841248662,-0.37754654224793,-89942.164577958,-487453.19279388,425866.69979846,-0.0003589347703104,-0.37717889010989,-87048.850931035,-491517.13010834,433730.53274263
2.707085156778682,2.577175093437053,0.18956163704354417,4.034290845035637,-21.375229068751885,78679114.89971215,116155651.7641219,0.4406596553128557,30669.1230279446,0.0001471630490314,-0.044054655343466,-17932.707570756,-54152.903984966,591147.12667009,0.000128660893056,-0.043898965932951,-167088.90994822,-71332.110785737,746696.46348687,0.0001145427068768,-0.043973098749469,40417.281691848,-1022729.5193448,1063596.5050533,0.0001618896689154,-0.043991128779828,41962.737369319,-1014644.0507298,1062777.615134
1.988041073538381,2.6464709564885656,0.18149996472488752,4.687138354044898,-34.44894340705794,34194433.15948584,73748963.42860082,0.5333924554591253,58357.77994984259,8.6093608440405e-05,-0.28749131729373,-215125.87764338,-307586.90494008,205738.77446631,2.208904455273e-05,-0.28739469577253,-379381.51275909,-323443.82845731,249124.9891413,5.4079246858076e-05,-0.28742078339748,-1494.5797701925,-1219245.0819409,1119659.6380233,5.400173877627e-05,-0.28746900134645,-2057.0391471759,-1222789.1216343,1122339.3409206
2.7187883633651957,2.6602309508502247,0.3916612886732975,2.692761160864494,-20.27033770193294,10365409.109623492,143161531.4401428,0.5767602914219154,92304.69389403559,-7.6394078781212e-06,-0.37881946370202,-1482345.2639275,-189907.4728672,1226570.545524,-2.5257343558313e-06,-0.37839403893992,-1728145.6242819,-241931.36784188,1416309.6661501,-7.2068787777e-05,-0.37862269693685,-63957.710988544,-546514.50741145,457165.21688715,6.1904770896854e-05,-0.37861743619711,-63901.557253999,-546517.3227269,457179.65983506
1.7763523843569526,2.502549302244876,0.15822337183774696,4.7700088896225,-29.078934643282714,10710395.310996322,136158699.43937454,0.4854418949342531,42176.12621599824,-0.0004061414856833,-0.63165810452612,-234818.3739623,-314218.0958813,215695.0098844,-0.0001098768890946,-0.63156607288874,-398232.83401022,-342711.07364121,272243.89987703,-0.0002574277575712,-0.63171975591615,-8352.7014447538,-1232926.1161524,1126446.4588566,-0.000258913304277,-0.63150972478052,-9626.3404644123,-1248758.0339321,1139664.3308182
2.5272535539116454,1.7769313754339187,0.25397278110342275,4.097960441380792,-35.331064111306375,73294363.4717783,77524775.96243876,0.5337594761239193,74537.37502050179,1.4666058770728e-05,-0.14953215558012,-86388.874627304,-93875.126898373,54467.194737308,-5.5879946367039e-07,-0.14949212091257,-184034.66840094,-122814.5905547,106235.80533014,9.6937935868913e-06,-0.14950154792375,-82134.283998001,-745297.97770762,684334.53924924,4.3987197967308e-06,-0.14952361534609,-79731.159714361,-755179.56179258,692253.14366157
2.642391151843322,2.13546395275636,0.29230008457530954,4.181205386333923,-28.88061921458892,70992943.51399814,66459014.615423255,0.47544722481744484,92985.15832796204,-6.9801759572836e-06,-0.10977461842391,-28261.827304196,-71770.353629998,454756.44844972,6.9407474855154e-06,-0.10966348931242,-66880.048683867,-87112.971579244,518537.43530312,-3.1413362522182e-06,-0.10972958119803,147360.23522309,-1069490.2844022,1089570.9896456,3.0237862493368e-06,-0.10971259490782,145597.2024547,-1073995.3387327,1092357.7057211
2.4711015912375753,2.466478652610743,0.1976271138960379,3.100529464973752,-37.64753432734987,29652488.964385513,89830606.59229565,0.597317186922792,29154.553094957602,-1.1842563699599e-06,-0.38065971586431,-4675015.1888597,-34646.123577849,4259818.2561751,-1.5545434076393e-06,-0.37904622037651,-5365411.739529,-49528.571328224,4881895.5252421,-0.0003225194453239,-0.379902323226,-41378.396479668,40109.831897671,72194.1895202,0.0003194632618224,-0.37990186806721,-42895.622220066,41606.627947049,74351.273662317
2.482005546721088,2.3082643622820718,0.298743880027735,1.3590320567106589,-39.47344522213289,71612666.94757286,110242748.28018597,0.516321678618129,31351.203903982667,3.2062192469234e-06,-0.17864342161259,-1178568.4553816,-64746.525719604,1034404.8069782,1.8261028963121e-06,-0.17833820431017,-1426760.6553976,-94172.530531762,1241060.2563527,-5.4637390514979e-05,-0.17850347856234,-26358.318133499,-30731.201514874,20092.76543168,5.9574174333086e-05,-0.17850492265963,-26519.549564943,-31156.706291541,20178.259622871
2.8583459128060302,1.8383003091590817,0.3241714500725966,3.9479100238645968,-25.432220638502148,29492616.274968132,113863839.17552625,0.5170982852788258,7487.982334761154,1.1811914192946e-05,-0.16120436522656,-2081108.3564161,-74193.772394331,1854506.7652445,6.9264482463337e-06,-0.16066789236334,-2242224.8039744,-94501.701106709,1987797.9218914,-7.8978807011517e-05,-0.16093969116439,-21626.666476123,716059.11959385,672058.48839464,9.7796851612502e-05,-0.16094711851265,-21443.418284484,717395.21114965,673263.58289362
2.0076528699104674,2.6944959381352565,0.1956155340535271,3.8381464299904877,-25.028567082952563,44940883.207988426,66055698.16599686,0.4750276408548022,76381.34938824401,-1.0699017429105e-05,-0.12430859372738,-4370890.5512274,-76311.781055667,3951425.9669037,-5.2623324288682e-06,-0.12339221673751,-5084100.8879846,-101823.6272072,4586860.9175917,0.0001104790989667,-0.12388771674363,-78133.720102606,-2515892.4994358,2250069.291273,-0.0001265682760172,-0.12388245662302,-80067.875096866,-2535768.4322987,2266874.9562795
2.2171751352835716,1.6889247537044856,0.19088601249767273,1.4356150688246392,-26.22891402666904,55108520.101586975,119162019.75932951,0.44089529311701736,29667.09171379277,8.3657150435487e-07,-0.1073672684312,-2521894.8259532,-19718.877831728,2297200.8605349,7.2128433550208e-07,-0.10667300338943,-2728079.21266,-31344.270804586,2477838.5474861,-0.0001211631425492,-0.10703312426884,-20991.483104066,282616.81572035,274701.79310724,0.00012269211731,-0.10703343004746,-21616.739109378,282604.17821269,275927.61140275
2.659035563019998,2.856441065438812,0.29283512070902784,2.6692225251544737,-39.18695079589352,70881049.92614493,116648785.36774045,0.5560046668965202,64013.545202996094,1.5574310293587e-06,-0.18573042164193,-1398026.8106566,-122715.32055696,1195287.1139794,-1.4261263458843e-06,-0.18503570399641,-1599454.9829195,-153793.39690075,1358304.524367,-0.0001048381840463,-0.18540153662882,-44374.634302111,-721455.44752976,629918.30095579,0.0001049687888427,-0.18540514639168,-44453.9014355,-720783.8263601,629245.87252376
2.6408576287366903,2.3181118020244256,0.20273370730368243,2.3877920214584694,-30.95135594699739,35838502.0963003,83574887.68533577,0.4603372490287015,36167.82866518252,1.4451156075855e-06,-0.22508056245813,-1761414.6511084,-256003.85393575,1494514.2753094,-2.3782899567714e-06,-0.22357402450667,-1948042.5435927,-293401.23770877,1646522.9147668,-0.0002876231707294,-0.22436052844908,-66317.474657022,297931.65325623,323460.02286617,0.000286752318488,-0.22436260835607,-66249.054674825,298569.81463365,323969.63333993
2.5377875052124805,1.7350806354065114,0.3952058463515371,1.6611840429128792,-22.37790557543802,72584251.66244103,98226242.4202052,0.6072430561924785,13091.084521887453,-2.6770727620283e-07,-0.054377305245006,-572953.56344704,-49705.47302145,490187.09564906,2.7318203876258e-06,-0.054272664353621,-623602.12559445,-74705.656485076,519526.17051559,-1.6303451112473e-05,-0.054328916123026,-14835.311529497,151185.08523104,149486.01510393,1.8742333749531e-05,-0.05432464200345,-15381.580289447,150894.05683788,149631.15426942
2.9860759300218254,2.5621012581102613,0.16648873900420216,2.1548833093798865,-29.32490272872429,75211081.84604083,145854251.64756042,0.5548304926545704,92744.36416274114,2.2131365805958e-07,-0.10981513331931,-3529407.2104053,-819429.17596751,2900929.4130253,5.911992661207e-07,-0.10528530079729,-3455430.8572676,-809006.3568203,2838239.2630171,-0.0005586805119782,-0.10754577055741,-61569.095571088,-1238236.2731742,1091114.3479152,0.0005621737059251,-0.10754318464033,-61945.857102227,-1229439.4078215,1082793.9369527
1.7866296519523235,2.7095560819192683,0.1827994892278538,2.9964421805478123,-21.97083309990466,67453858.78955075,102734203.68296587,0.4748324457504986,43501.355691951605,-9.0486924120771e-05,-0.059018933909643,-2010104.8981441,-8076.8361524495,1836481.792652,-4.3405337486631e-05,-0.058653311531357,-2548018.0229658,-12354.769718496,2326413.9217735,7.2606974854352e-05,-0.058870466810759,-110408.88000935,-1266981.2014713,1089662.87516,-0.0002081076136158,-0.058846070011559,-110583.16413141,-1269227.1991988,1094855.8833517
2.7831665104170624,2.2441295084044945,0.3461319193862818,4.369447285576233,-35.27611527761607,13106130.598982634,71664987.31638509,0.5545271335839529,36660.29525537944,0.0001238776232204,-0.75463352795829,-5180.4251763508,-52929.824458028,294778.48966814,-7.5087938936426e-05,-0.75455733791015,-79523.39098642,-74673.597460699,378725.77284856,2.1901405420316e-05,-0.75447504534851,116736.77369715,-711547.12424771,739497.47453809,2.6899622925575e-05,-0.75472208651186,118327.44974011,-709565.21320141,738889.27883825
2.7829684370744205,1.9777501714847125,0.1987022087563667,2.7326884085137664,-34.94056108544684,57475068.25552115,146279358.1412149,0.44529733227630086,7361.77934726866,-7.0762685075527e-06,-0.16921643348783,-3056600.293194,58956.454649983,2844072.5358086,-3.310312356713e-06,-0.16792579184262,-3055835.8265835,52433.968648788,2838634.1658824,-0.0002362303034857,-0.16857545456418,-76208.096393785,891409.84316884,872939.65032219,0.0002257585116868,-0.16857219309422,-76235.202959694,890463.02828179,872093.53824074
2.3583915799128583,2.834574371099149,0.31418181743949475,2.6172740883339594,-36.57226091604031,71208974.81060037,100644080.58919752,0.5625665086406026,11358.047431294655,-2.8335886268081e-05,-0.14446622793238,-665831.18107398,-100221.36020215,541311.90360956,-7.7065574986745e-06,-0.14424757404734,-851073.19363298,-141394.75524896,683243.09491549,-6.0419297062627e-05,-0.14437516981349,-16476.075477381,-307654.77160857,270455.51453957,2.4088378028116e-05,-0.1443601489409,-15376.496946984,-306464.11677192,270160.07533252
2.888614724269936,1.830263237837488,0.3712732946237792,2.078192247715213,-22.784095425005663,17994970.30154749,122545400.18642172,0.5475214622795226,87149.32933218076,-2.501754108671e-06,-0.28201468106941,-2370542.2775728,-75936.509697661,2118392.0986629,-2.2559048998381e-06,-0.28149427565254,-2558408.506303,-101589.21582058,2272393.8510271,-8.0457477445893e-05,-0.28176248731059,-77762.241217449,812941.55676812,803528.58330779,7.5723040822974e-05,-0.28176211622165,-76708.766428057,814546.64571371,803035.09771022
2.0752741166867663,2.4234250172216902,0.1634640938629907,1.5462819191041186,-32.278350545448106,17454353.352130845,57913341.2467597,0.4992086427665472,57653.25561557987,4.5862612021802e-06,-0.52175687179722,-3414802.0721914,-135385.82217005,3034697.4207572,4.9221567377266e-06,-0.52042148835253,-4337860.1169481,-182510.15637198,3847636.4545713,-0.000103694774333,-0.52116781564801,-17112.49894789,-1493803.6889659,1356940.7290341,0.0001126373886985,-0.52116836886076,-17106.820524298,-1496019.5292956,1359122.9150215
2.8733960407287955,2.9159199671228326,0.28814827922746866,3.9950386482176823,-34.811608773775994,11193098.576844856,132702380.47797869,0.4844474316507317,46187.985361784784,-8.2678934492055e-06,-0.88322451750694,-4544011.9142414,-69798.448477916,4114582.8182832,9.9372769333101e-06,-0.88180510816511,-5312298.3044881,-103795.44491975,4794418.2467483,-0.0002722384630081,-0.88257111149469,-54925.870261013,-169713.73436594,121884.51300801,0.000273702612106,-0.88255317920389,-55110.397208159,-170976.28797263,122900.07475633
1.6047504584886951,1.939776523972175,0.19102915429130704,1.5556300846799003,-21.879816988124944,16120206.42014278,115099709.40811229,0.5880218780301024,53992.80131189704,-2.2041073353839e-06,-0.26696812841839,-1836712.3427561,-72896.172460709,1631407.5599962,-2.8979463225088e-06,-0.26670865063295,-2291865.2004753,-97678.566214563,2030979.9514117,-1.2163457571002e-05,-0.26685188866972,-42190.705758296,-851185.72068563,750541.37344353,7.12374957226e-06,-0.26685255126562,-42547.176668559,-851927.51295428,750585.18225322
2.816667659125122,1.6433489880581769,0.28746157789795035,3.1591005798663696,-29.784185695032782,78884943.91225143,75183805.99967587,0.5038188251104124,81746.22114275643,-3.8611636191887e-07,-0.10456311453726,-4032397.4871347,-108562.33028765,3618109.1396101,-5.5461904902903e-07,-0.10346631444363,-4028180.96277,-120756.9933116,3605588.8165362,-0.0001546056441892,-0.10401433260523,-69387.165823567,1256802.3142408,1202489.0289341,0.0001537180039031,-0.10401509704517,-69466.788800082,1257707.2491651,1203464.249046
2.885723626593819,1.6895440593843438,0.2571070816874891,2.8646004389606854,-22.565069155197857,75802752.95153812,129941807.45786712,0.4740830266206395,74808.76575003378,-3.3316031172852e-07,-0.063861669360361,-4136903.5597233,181268.73824527,3923416.0454485,1.1737468471075e-06,-0.062451325030064,-4114322.6715682,170745.0841226,3894998.9459921,-0.0002023671020281,-0.063156828742699,36957.566778764,638080.3281814,608880.78830151,0.0002032717913207,-0.063155019254936,37168.544813668,641297.43754611,614707.55863893
2.339496765666174,1.9900100265379497,0.24105351649727194,2.3432887662857196,-25.97843335200063,40051639.687973015,114461922.35251355,0.4462956143596618,74047.33204056452,-1.163583821705e-06,-0.1605492378428,-1617328.7900962,-200775.01472053,1342558.6033008,1.5533739449565e-07,-0.15975050504032,-1740335.3105153,-228405.97182086,1436413.1064516,-0.0001461178214195,-0.16016291105608,-73583.345751288,178992.449252,221466.36624877,0.0001450575120988,-0.16016199660213,-73552.914021714,178045.83033131,220579.37130488
2.758637646697192,2.034978322530086,0.26398317826566375,4.7410014242103795,-29.44252424697571,47665584.45230919,93236981.10906023,0.43920794531913465,79994.8478451437,-0.0001416424891242,-0.16581006620364,-16438.179490177,-72981.897292996,553063.22753444,-6.7745665777709e-05,-0.16567888857261,-134558.19649138,-90862.183218006,660523.28050777,-0.0001066679889624,-0.165798255066,201622.03324815,-1143790.6796126,1198997.5618455,-0.0001025495389337,-0.16569837091748,198448.56052454,-1137309.7908356,1190620.1652474
1.8941500689427726,2.852215064630303,0.39764178276992024,1.0923506777136103,-33.00321476319207,14620101.352385502,59340489.179323405,0.5816918063826169,7109.19705406132,3.6808516620281e-05,-0.57243433642633,-130591.79676913,-30285.393960832,99379.667452926,5.9777464407153e-06,-0.57240780671856,-312031.63826328,-84483.112011165,230183.54852216,2.8260361520909e-05,-0.57241511686417,-13791.064121982,-288996.33240047,255532.53940174,1.451238832365e-05,-0.57243561622356,-13506.844671426,-288102.56732676,254954.67762364
1.9553345362174517,2.689815274200121,0.36343488835549187,4.395604945705102,-25.810611720745293,59060941.114754,85125417.56874178,0.5952009325121213,73686.98923499945,5.9842656610023e-05,-0.097534957832725,-99077.483462571,-247694.7004929,171899.77385593,5.2923944722651e-06,-0.097483024632389,-200287.9173084,-270203.14863642,161754.78578591,3.2983538963473e-05,-0.09748970731696,12153.298099723,-679648.9105995,631887.57163341,3.206239757524e-05,-0.097529550521398,9142.0676087275,-683225.03410707,633023.91367173
2.0478804010521787,2.262612532889462,0.2844754075207695,1.4975752000962395,-22.626519158310643,70034886.24651304,118164419.3999686,0.6006527828811759,97993.15932745767,-3.7887885636033e-06,-0.074516125303365,-1592171.6679287,-141228.05752461,1359914.9299636,8.2761070535914e-07,-0.074234392429754,-1894756.7323005,-184269.59868069,1607284.3359539,-2.0971536208915e-05,-0.074388205799376,-56039.896420804,-884430.79679527,771023.23313381,1.7737514435345e-05,-0.074384154466308,-56230.30518003,-887045.46503092,773283.38047703
1.600357204031011,1.79878120521579,0.2507973788128564,1.722354758495225,-33.73151189719782,79653971.46598262,84323421.11336702,0.5165099474581109,10884.564550718364,-1.9299384432668e-06,-0.11244447371968,-572505.63264073,-33537.602405116,500920.21019792,7.9536175861786e-07,-0.11237710115964,-694087.47024657,-53409.09155521,598447.66168567,-1.3569453497167e-05,-0.11241457903935,-13330.233803247,-152935.13856702,130853.14492567,1.2436022371145e-05,-0.11241226791666,-13299.282818849,-152451.04241564,130426.1548478
2.170397201608269,2.4344421582037508,0.39118640308870267,3.0367638469366036,-26.238117673378046,29121505.04794207,148333445.07956892,0.465755978966331,46595.12943982643,-1.4875887300125e-05,-0.20201614620141,-933580.49042234,-108565.95906419,779921.26277907,-2.7367598347796e-06,-0.2018956195297,-1102386.0595226,-146597.41386615,908595.24938273,-1.9415568473033e-05,-0.20196532472066,-44090.865145749,-470025.24309289,399957.86859738,1.7018611017444e-06,-0.20195452198392,-44236.813603675,-472623.95114671,402229.32180154
1.614901644471506,2.7872693295421165,0.3350920301518927,3.1985777602149428,-38.574259974644264,12622012.582410783,87519165.16218036,0.5482480629069554,14603.850655543534,-5.3355707996853e-06,-0.90622499167687,-205301.53316214,-82883.564967307,136801.84606509,4.7616441624039e-06,-0.90618946799242,-470109.30631497,-136365.68170347,341529.35511688,3.9196954480358e-05,-0.90621493918603,-34918.405416233,-751188.52343908,663831.9034431,-3.977553321811e-05,-0.90620915564303,-30213.781514036,-744868.24207121,661500.18479219
1.788609110420765,2.5562283237786536,0.39862811799507814,4.207095817433203,-25.4284256379692,18441055.77150488,82603799.95428175,0.5359819235363529,96457.90382008796,-0.0004028735327159,-0.32412705425864,-124793.76374311,-288634.56069875,193696.66626063,-0.0001253822235172,-0.32407639217572,-207085.59186662,-323174.6513592,194681.54998466,-0.0002640232231975,-0.32419912403934,-5466.3741306691,-717925.08658873,654502.63628494,-0.0002641965275751,-0.32400605341198,-4040.4489336158,-716344.13095666,654127.51723129
2.206428171521188,1.676553246539952,0.2942221383995238,2.4130828585874466,-28.708797879474474,23483500.540197495,93557224.97827475,0.4834673064883657,6306.85117529918,-3.5771840977922e-06,-0.27131900377478,-528897.17518432,-76585.256417596,431794.74850567,2.2844038959497e-06,-0.27115294955655,-589011.94726651,-97968.070619027,472568.07863157,-3.3093444636081e-05,-0.27124309484313,-26503.259356209,248151.55631682,247061.42974573,3.1799114892323e-05,-0.27123541375038,-26461.274967139,248203.27313536,247115.27741356
2.933544012286009,2.101163948505992,0.33937353511099255,1.1594169499163471,-24.971137321426976,50193178.543543845,69031042.68466459,0.5182093422110249,28788.225132798423,4.8673161876305e-06,-0.10272166889089,-1219568.7677578,-51854.912238951,1080965.625885,-3.4884736717066e-06,-0.10234916302999,-1446806.9337804,-87769.303711046,1263796.9933324,-6.3721854193768e-05,-0.10254386072746,-27975.602426715,393953.2719097,381805.53071955,6.5173978271548e-05,-0.10255501496007,-30725.46949152,383532.53869512,374136.88963349
2.2339701444290827,2.011377954578836,0.29591398709940775,1.976751146446536,-38.327652491678364,18759165.402639534,146159081.20236692,0.5316087308557833,16463.49304513453,-3.0605144432479e-05,-0.61521492270092,-1003127.748608,-67245.22529234,871824.7573775,-5.5676717696994e-06,-0.61500340057061,-1202316.3720308,-97371.948352099,1033340.208989,-6.169252258624e-05,-0.61513075638424,-23631.490653479,96618.52614744,106814.52899899,2.5411143692584e-05,-0.61510330086253,-25529.065010194,88230.365281215,101030.86164964
2.991442023996094,2.463995264338438,0.2879832470346314,4.461208347515312,-28.403641569146565,33556204.19596745,142071740.4380667,0.46585686586484637,25221.242793696663,0.0001324180182222,-0.186385147375,17871.746553613,-43934.360148584,340398.97361738,-2.7400411124179e-06,-0.18628745937262,-91717.009837145,-66599.191674211,461735.81878725,6.2741594194353e-05,-0.18625889680599,113512.508725,-714751.85392461,739710.65705556,6.6684849334669e-05,-0.18642246765774,114873.69319705,-712747.00008679,738915.6254226
1.8897715606772112,2.0864246293569937,0.2619044356650405,2.4310760673857987,-35.38039539954958,67073228.107694134,116408319.45682418,0.5539677666412786,15249.434659020006,-3.2079751752971e-06,-0.14662165548013,-467956.93858479,-85497.59067366,370508.12599769,-2.276075230432e-06,-0.1464815188902,-559673.64856843,-111984.17780255,436947.13240917,-3.0665014459531e-05,-0.14655639748965,-19429.294840536,-184365.06217489,155517.7568755,2.511639719394e-05,-0.14655610168168,-19395.079262577,-185374.64155753,156456.45389073
1.9259674640163584,2.064555749350185,0.23988727378937097,4.835930882096671,-36.733804210182,70740778.45313527,83493267.55534393,0.4557203107637634,70966.37476598463,0.0001435438175219,-0.16971493663962,-142298.21472117,-250918.49055099,167260.42225533,-1.2227927520527e-05,-0.16966112212163,-242174.4519448,-256681.29710118,167238.35148434,6.7656631256627e-05,-0.16961551921501,32196.215117329,-916926.19187124,863870.42660859,6.3698651565218e-05,-0.16976136714495,32541.22827657,-905031.87364903,853157.73084005
2.52374293752722,1.5207719222396092,0.34535377128383316,3.4178387529861425,-35.08522211936407,26774079.786301292,64494494.63196102,0.5250011239351507,76430.44027258997,-2.5038539426867e-07,-0.41042660568842,-2320561.8723418,-133004.1954977,2032450.5465546,1.4658922058462e-06,-0.41002186854077,-2405191.2948389,-151120.80327736,2097358.519376,-5.6531495923209e-05,-0.41022847698484,-70207.520131695,903371.18530661,879412.5289394,5.7751093096047e-05,-0.41022546029265,-68126.952431157,903541.20465192,878043.35598063
2.8631734866206937,1.9320170869023405,0.16275820500735222,1.1516301045261457,-33.348331495436014,36234371.52240211,55567326.10502426,0.48812805666670656,43799.52335162402,3.5535681332429e-07,-0.26526319668667,-5919754.0379258,23021.676707889,5443007.0418296,1.1363147634301e-06,-0.26197141128233,-6147848.3798429,18712.040676334,5648998.2344398,-0.0005003856190831,-0.26365622050926,-1997.1072786711,1003610.9469383,922559.11205885,0.0005014181023745,-0.26365554207979,5105.2412742419,992490.25586114,905972.52224149
2.7794986230383616,2.2554540501453166,0.294321653888335,4.197313885491072,-20.610446947019813,29325901.1034669,58031363.465350434,0.6003333981462701,19481.998726170095,3.4229531008875e-05,-0.10465822687687,40570.190465174,-41597.211714592,292002.02534355,5.2438490774116e-05,-0.10458437296603,-64710.988069889,-62256.78326086,387341.18430299,4.0699012851931e-05,-0.10463588688193,110825.41374206,-593852.71954011,627319.95178902,4.5924889254339e-05,-0.10461388068013,110222.83324998,-597337.44225661,630062.67635495
1.6709683374778745,2.3104690889162423,0.15661704565197082,1.962035103251659,-31.268403846479405,57553471.088640705,104175129.20531023,0.5448812022024715,4202.443662596279,2.7721778040833e-06,-0.12932111038998,-1496440.2930665,11602.556846596,1380156.1483853,2.4202895321238e-06,-0.12899438684764,-2012602.0140785,-20665.565390537,1830774.0347616,-4.5331695805866e-05,-0.12917977333316,-10707.484218078,-459709.97633341,413752.55307547,5.0620906525967e-05,-0.1291806801293,-11066.934923157,-458324.50606831,412252.57885276
2.3503264849173595,2.5856042222292386,0.3247705720789347,4.685004973713051,-30.260679133031942,25749722.509507604,90135781.52590314,0.4682427688277552,13589.36111349208,0.000150117321,-0.26901178557692,-82433.303506654,-64579.460403335,46737.04038907,-0.000244028780247,-0.26897477153078,-182699.97430717,-116451.15117991,106545.46709007,-4.5313095793312e-05,-0.26881576436992,10465.548969621,-525712.1663685,489803.79096018,-4.8639639276481e-05,-0.26917256306591,15833.774232744,-529698.22374983,497374.31493425
2.8502126184974412,2.610711527546065,0.3988899027296111,2.699068600073456,-30.524781857995364,57621072.167166255,97695454.14897145,0.43969386767305135,71842.23507007668,2.9313272619489e-05,-0.14969696308832,-1332780.399992,-157990.85784588,1111357.1889712,1.2053871420632e-05,-0.14929214343597,-1485813.5692675,-196456.73591946,1225372.4057002,-4.6913768658318e-05,-0.14949477548651,-62924.93246428,-203836.79866501,146579.26424296,8.8359582536306e-05,-0.14951240190222,-62944.225529968,-203281.32825442,145995.70232694
2.480857727665087,1.9616726927520318,0.3162457420293829,3.5429161442450954,-30.72633447850425,45817414.19008606,134500107.68935445,0.5908554655874194,28947.460387965464,4.7382305511193e-06,-0.16454676126351,-1662742.5820988,-109260.33716625,1446693.2466127,4.9644964021223e-07,-0.16416705941762,-1813427.8539729,-132742.71186225,1568374.6469657,-6.9612621834603e-05,-0.16436029631446,-49742.550783946,348420.83987768,356297.51227046,7.4783816444394e-05,-0.16436550754645,-50104.619100697,346623.46968076,354931.52994367
2.8639032735348433,1.9086586725111396,0.28340823112688257,2.2367589997386665,-28.676005406346743,25457235.08404494,123266737.28309901,0.5618632590541301,41579.799995329944,-3.0523700648968e-06,-0.27137315027465,-1432953.7853009,-145687.77051778,1211230.9297843,-1.2706403155107e-06,-0.27055083084839,-1593058.3518022,-170622.00370709,1340688.2986476,-0.0001401757275944,-0.27097657646901,-2476.8324361963,239502.51503923,221679.22219755,0.0001357863333391,-0.27097487855296,-2566.54726315,238775.29710904,221099.86138646
1.5260541168841169,1.5540929441123899,0.18421216290416131,2.3346685164717655,-24.659025242252408,39176762.876114234,111521023.18062195,0.5889127239643677,24675.7591370709,6.3825683765482e-07,-0.12597724686804,-483608.58839612,-133770.83141663,355699.90900802,-2.5238669782791e-06,-0.12580179740847,-550984.68434301,-157497.3652404,402288.32375218,-3.6165906235266e-05,-0.12589218763953,-4797.9759016279,-325367.10591045,294867.56746779,3.4296037162483e-05,-0.12589525707029,-4816.2175213862,-325129.87645892,294635.01668277
2.097503992286864,2.4581961735672717,0.37242921283250063,3.7457656637358756,-35.72172623600629,43807254.215999655,127622043.56462976,0.606666897496668,73013.14710897417,2.3151739716578e-06,-0.25402560458269,-1081668.4199467,-163075.00922799,878810.32514556,-2.081130718343e-06,-0.25387081782788,-1270499.6601912,-202721.00076222,1024914.7297104,-8.1488972116567e-06,-0.25395087776899,-56737.991834218,-738170.67639328,636558.70990766,8.3296865328045e-06,-0.25395483902369,-56590.832368695,-738770.55238027,637207.17440326
2.2435023624031083,1.8442844461644627,0.33372322833462764,2.511721552150099,-37.87717664923994,73379179.63035288,129570338.17219496,0.5048261730338031,86201.74755084144,8.1128210867724e-07,-0.18028394688224,-1718900.8124677,-94277.531821406,1508454.8449176,7.2317137051994e-07,-0.18002814678305,-1824364.7079689,-115231.9772,1590419.5169318,-4.1665407450945e-05,-0.18015890093514,-49651.181488716,-265587.2259772,209630.62398795,4.3246566019244e-05,-0.18015911925847,-48658.807957589,-261387.57621831,206558.74053598
2.116139541676251,1.624027229238604,0.34874861728474693,2.900193879112888,-23.20522641621788,23178855.51834871,146882496.5481156,0.5533328473874564,29463.851393611552,-4.1878365087927e-06,-0.18877944246522,-876963.75653809,-68015.50842691,755756.75189912,-3.1970131091325e-06,-0.18866580985998,-964524.47073958,-89297.361383218,821259.56931197,-2.3253215635344e-05,-0.1887251795489,-34762.159558445,90168.620078601,109732.08374005,1.5869330297655e-05,-0.1887238644583,-36690.852021741,90545.345942493,111700.25512497
1.610569699260269,2.693861924345046,0.3303280845248222,3.6383282794577356,-22.930758157799602,10665337.05186177,125849999.86380199,0.57797259348548,86331.32526390346,-7.0520606548125e-06,-0.45087869921678,-421930.17975611,-180642.50899819,276303.04976183,4.0796960717803e-06,-0.45082480034516,-677358.77301653,-232132.09778124,472361.17142675,9.2482210320649e-05,-0.45085974694973,-77548.774951707,-1631925.5181138,1440701.2701693,-9.5526716865318e-05,-0.45085324703475,-77453.364232107,-1633221.9759571,1442051.4169794
2.0226634151503786,2.0085433979160765,0.23183390005230836,1.2922123237277503,-23.594117991700823,27786552.505701445,118942559.09885861,0.5213247046431979,94415.08117961703,3.2384466953836e-06,-0.20210808076294,-2878987.0764376,-97876.762394297,2569105.3890181,-3.2145443324279e-07,-0.20157977211777,-3470258.6249088,-71634.551790305,3129223.4100333,-7.4069691544538e-05,-0.2018617301088,-61267.525367344,-573579.87523234,483281.31520707,7.7023558224031e-05,-0.20186550508333,-61365.959776586,-573265.25290686,482930.59181649
2.9568506939408326,1.5057216311163386,0.31382693233542797,4.007215397156303,-32.66147008153209,72460687.51789121,127418647.42332105,0.591830249597691,79090.24809015279,7.741381975563e-05,-0.1321264118387,69707.15160529,-54240.433104167,379814.471665,3.0198256208968e-05,-0.13205455369177,-35937.708638468,-69340.955947142,430247.20059778,5.2962078845382e-05,-0.13204653252414,-227908.37670465,-475101.18862619,480609.60682778,5.4600619793235e-05,-0.1321398596615,-228385.37620343,-478197.53825798,484328.62632924
2.1501401481908973,2.409669327715172,0.26448139904898565,3.79735702692402,-23.55572753134158,61480897.88173904,56382614.045880646,0.4542250009564103,59071.01996718772,2.7112750602629e-07,-0.078074422467684,-2209879.192467,-155047.45491048,1915761.3741513,9.1446304054734e-07,-0.077604612374614,-2481019.6142598,-185570.97076539,2142852.4351809,-4.8897705037095e-05,-0.077851685180046,-56266.648897838,-917836.7429674,801427.39679291,5.0052111918216e-05,-0.077850915357694,-56076.150512598,-918394.84217165,802075.04730023
2.688236967448148,2.2211493529080215,0.23279898909508923,2.3251250485331774,-34.95639989094595,20314172.068264402,62969048.39360214,0.5514064822925465,52931.297668763844,-2.2589599776759e-07,-0.5097751379755,-1848505.1819706,-203515.48176618,1551922.7848168,3.0906719462229e-07,-0.5083648587984,-2079574.0728129,-241424.6851545,1737506.2747893,-0.0002738687239772,-0.50910654170426,-3396.8153240066,-195933.38723964,178776.94486991,0.0002739979535176,-0.50910379758632,-3395.8866699331,-195566.37835759,178482.71153658
2.056554730094115,2.1967795264745464,0.3866739633087096,2.8218051744712853,-37.109057453738586,58116553.9163405,92773653.49082819,0.476294295628911,37352.98437099624,-2.5623270322229e-05,-0.19943737603342,-446270.20387702,-107870.84738323,336930.48227273,-1.1525540086629e-05,-0.19935670857884,-518410.06302944,-140190.66560758,382525.02089115,-2.8073357771938e-05,-0.19940568444567,-35199.717593286,-332150.50043857,279840.13525296,-9.1458288455727e-06,-0.19939282355483,-35190.066966444,-333212.12306523,280828.56343475
2.126922234359886,1.7890883704634377,0.244278180665493,2.7291335959055596,-39.97144857152187,72213081.60288611,137135957.5182736,0.5504831591537901,3588.367467118361,-1.4875605911693e-06,-0.16969743328655,-1220389.2433163,-12081.137607595,1109826.4956325,-2.5027094321871e-06,-0.16945165657674,-1328174.4173893,-23513.70266259,1200433.3296518,-5.5464504444833e-05,-0.16957791354916,-26808.479572503,228622.50674865,229368.09663794,5.1588303120827e-05,-0.16957902748515,-26729.37549776,230867.53443249,231365.30812039
2.478592332048314,2.298670085324354,0.29028983888460214,4.151468015116631,-21.081094429019,12934924.473556284,109754039.84216437,0.5050832352359056,94936.68710641781,0.0001841689795859,-0.31648376295611,-203185.17924946,-122784.89428752,120049.1361362,-1.0782629586382e-06,-0.31641436516792,-316910.45899752,-168017.75900527,194398.48062873,9.5914947014231e-05,-0.31635068231038,22008.953900379,-1121311.3242204,1043924.7091763,8.7106666120574e-05,-0.31654948911538,24676.728705547,-1137127.651064,1060482.8523078
2.9989590580749126,2.3747567573293566,0.1538539237957578,2.839297426979594,-28.598951142935313,36300011.59738874,72044423.45508322,0.5962726884170012,81050.56904948845,2.8960283931949e-06,-0.20720302469002,-420201.71969338,-189128.86955722,319605.2491799,-1.1314270848594e-06,-0.20076608497983,-410524.15445023,-188027.48697553,330689.68200017,-0.0010159093259372,-0.20401675818592,-44567.526670988,-1750442.8807607,1572693.0561328,0.0010193891832674,-0.20401927688711,-44512.684057477,-1750741.4540171,1573947.2539398
2.385912372291263,2.0148196893724695,0.30496184943013815,4.591641160748532,-39.84246130786917,19069045.513121583,58702851.81731117,0.5856010440297489,13701.414059904397,0.0001469511162642,-0.63587025520808,-43960.957514319,-50323.06849064,28817.021728908,4.2821536939779e-05,-0.63584575180761,-133867.05813296,-96486.445208808,76471.420605608,9.6298596956621e-05,-0.63579666140369,-37751.732550819,-411840.01438959,374019.83906721,9.353643830773e-05,-0.6359204029394,-35418.21543277,-416943.58234424,378224.07975453
2.354158372546616,2.6748475963525826,0.24621835005586012,3.3266266368708,-20.784509213272578,51008145.07706406,53014314.17817619,0.5939726485552645,45195.933064175995,1.3969887696956e-06,-0.06821414143981,-3118444.777879,-77708.602419599,2802666.1488974,-6.7323579053445e-06,-0.067455526372644,-3616749.8665343,-101058.9373033,3242738.3392914,-0.0001174626073027,-0.067856274772657,-41478.7757249,-721317.47811724,631743.98333211,0.0001119596936261,-0.06786227880971,-41526.638877038,-722414.8241504,632712.29599799
1.9777765973080008,2.6880064316197236,0.3345066411699469,1.2519817158246431,-32.4034734645241,13239347.12927895,110738726.71362856,0.6033887918218783,61442.61684475457,-1.6386585395243e-05,-0.69431377102438,-578252.51343009,-93615.798606994,465646.10500965,7.0042409046205e-07,-0.69422450032079,-932765.60693968,-155915.73304427,747990.57193053,2.6141572667505e-05,-0.69428484896186,-50454.337071014,-913912.31277617,801833.2744724,-4.1953962225304e-05,-0.69427254279166,-45700.76679914,-897142.49200718,789869.62632772
2.363663526537349,2.8144548265830567,0.22809708382350505,2.0767073402090945,-29.054997242019077,49551762.203267336,108875824.47304064,0.46873244156190613,48892.41193685743,-6.2980017977692e-07,-0.14716437974407,-1236122.923623,-160544.35086997,1021528.6855437,1.7496146664448e-07,-0.14645954721166,-1491491.4172504,-207274.08791251,1223559.8516092,-6.0613325959925e-05,-0.146844170624,-44886.240572791,-869430.81354667,765173.80446397,6.0174211065639e-05,-0.14684485320133,-44914.521375774,-869496.56471888,765215.20614169
2.663686291485658,1.9954823086975888,0.3472113493824939,3.300085709381475,-36.52027438938397,25521388.185087197,102666047.8081399,0.5306559227550403,70549.71917930734,-8.0003245151233e-06,-0.45621564975013,-2619686.9671734,-125496.61099368,2311706.0776612,-1.151077480122e-05,-0.45568214841509,-2814343.7034647,-151611.55821763,2471705.8513912,-0.0001024042970772,-0.45595379665263,-53239.066761093,366978.38191458,375976.1998406,8.2820931953272e-05,-0.45595846756693,-53395.583675466,364250.87770527,373578.66914673
2.0455921243784143,2.178943058698003,0.24129128615507706,1.5331102390094562,-28.54213515891321,25417693.656390682,82980375.0264571,0.5630854315270486,70850.10411785259,2.4965443115243e-06,-0.29303942681941,-1878417.3068491,-96154.749221312,1653450.0070308,6.3785071202459e-07,-0.29261596233081,-2271037.903422,-130261.47070969,1989264.0956562,-5.3100352478445e-05,-0.29284503983175,-47768.4367964,-644032.38214863,556767.13517476,5.6368569857818e-05,-0.29284682898595,-47561.119139304,-642998.22881215,555956.84625243
2.3407138759171655,2.732451070977735,0.38538712604207614,1.1788466127729071,-26.01793640045728,71986633.78817889,108535988.50806919,0.5087596657478741,56702.25127897555,1.7142566582086e-05,-0.08378989383551,-717523.40887132,-82528.779951767,600185.98974521,8.1657146548602e-06,-0.08366173892328,-1008074.274278,-134964.46165108,830503.45395603,8.8047077367497e-06,-0.083731250854824,-35703.081550379,-518720.85731854,450353.71367659,1.653940325814e-05,-0.083738706125515,-36316.195173197,-519865.46520996,451152.00638992
2.2918975936006616,2.123616068737687,0.19011771845671488,4.219039086318553,-21.457070129291512,41259393.559713,74700578.12790695,0.4933892223422304,39833.04680698779,0.0002604438381748,-0.087465618224695,-115259.51511485,-78513.883837707,66272.892345187,1.0490738732822e-05,-0.087407675190984,-221669.83604903,-114527.71936605,137051.49892303,0.000138594238309,-0.08730254578413,25626.184779054,-927586.49611032,868769.24619077,0.0001322521073277,-0.087571701196922,25072.61395824,-948321.38813035,887457.12905892
2.7800275341180765,2.681570775758421,0.20533706604359486,3.670001014218665,-28.309838443814805,30953661.96240834,123597969.41996835,0.5751326514894999,2077.6251939998306,3.4786420702847e-06,-0.18658357537413,-3518291.9537345,-81603.929410433,3166578.5992844,-5.4457005370957e-07,-0.18466008298879,-4183695.6709862,-103885.58524115,3760114.4903156,-0.0004187844413623,-0.18568776117655,-12624.408909018,263017.37244281,250505.56775059,0.0004221817523009,-0.18569133402924,-832.06176356802,314756.83849434,294513.69696507
2.4207552220373976,2.736280977587872,0.2875937905687106,2.855977084995661,-27.48238894676235,43847135.465290055,74679389.38610777,0.5180823831920733,93170.40700698554,2.0219583491959e-06,-0.16114326057203,-3061292.1043759,-72141.543961109,2754076.8907754,2.1774393397818e-06,-0.16050675949277,-3467395.1612922,-98400.836677874,3107560.6662466,-6.8581924121392e-05,-0.16084197772179,-55611.384644779,-1092814.9653657,962196.68633297,7.270958439872e-05,-0.16084153873629,-55228.365599456,-1090979.7413635,960773.64184705
2.1252269269375628,2.5922383187607827,0.22598213365473793,1.6153762853117668,-25.68151937031727,32154728.492343325,129666608.16464154,0.5152005108746793,46041.53557808437,-1.9920283392888e-06,-0.17511401044581,-2144814.2340298,-62694.564702855,1920936.1109615,1.8366690992484e-06,-0.17463748035946,-2875100.2562142,-92674.565961243,2569718.8126575,-3.164009711621e-05,-0.17490739921475,-35971.536317548,-867052.09565861,769059.18786926,3.123540948881e-05,-0.17490529066362,-36186.937748787,-867003.8157122,769214.96015863
1.863252088721412,2.0936196631835085,0.3296717892459013,3.2043837078380664,-21.26297091278244,26108377.997698776,134217309.39711636,0.6053468636245336,84664.5719145557,-2.8477059303802e-06,-0.16342234902902,-1289635.4851108,-156408.82224437,1073011.0318514,-5.2312822800004e-06,-0.16328025933791,-1478068.876995,-190675.24902453,1222157.3125756,-1.3904245587581e-05,-0.16335394695839,-62732.948883597,-697677.85323838,595402.97782873,5.8305003057339e-06,-0.16335606194947,-62709.214587433,-697597.41811496,595333.88954505
1.8348660445983969,2.5370696851114554,0.16169487267236626,1.5307783820116385,-32.00050670791843,64749407.06637326,136328922.13444737,0.5349340732882883,67532.24727969708,1.1147541093459e-06,-0.14151548833543,-2579955.1869847,-153923.50487737,2255961.7265627,1.9838220621637e-06,-0.14081019855471,-3214165.1977914,-198755.4542693,2805732.9402868,0.0001261947512987,-0.1412051054526,-52050.501687057,-1937336.1421597,1738642.7630749,-0.0001233505501596,-0.14120478655043,-55808.22336233,-1932496.8512423,1731582.4119201
1.6847514487968023,2.3436951724568615,0.31233275302005636,3.5363125275243728,-23.502679277958368,26717879.595127583,75257477.90580836,0.49865082686028106,87607.65215373717,-1.2682246280085e-07,-0.19304354396991,-885002.65991146,-185201.30327544,686040.92099442,-1.3343475466021e-06,-0.19294268394531,-1079804.3001049,-227184.57124567,836284.88467282,3.362351472379e-05,-0.19299664320058,-74111.058233363,-1240137.5422067,1084264.409289,-3.5118263022353e-05,-0.19299776555816,-74145.892050496,-1240858.9424823,1084897.9068072
2.1769433486794085,2.305301013492005,0.37693369131308774,4.010937644720002,-25.887312991856557,65308555.07344976,57308384.59630181,0.5508183460402647,49246.19133802168,0.0001140195742765,-0.084904099190589,-76710.167852285,-91484.237454372,52056.506275016,-4.9450410869308e-05,-0.084872516484517,-168200.48148774,-138981.22810643,95569.217383112,3.2754112875437e-05,-0.084811994282323,8872.7742994317,-543559.77083302,504693.89442773,3.1793133634833e-05,-0.084966209781021,7400.352674936,-542853.36551606,502953.88553624
1.957052973579073,2.6676359130267104,0.1719703671999643,4.192754691319395,-34.60997841217647,63872320.481751755,121210789.0575318,0.5280680549869318,68375.61944360852,-0.0003779757700824,-0.16014336309162,-226495.64054446,-329574.40519232,224911.61568533,1.7938418819779e-05,-0.16004113377173,-364021.67241313,-341711.02494914,258290.79383392,-0.000179975998879,-0.16023788306069,-441.55856179551,-1267193.6049599,1164059.2166276,-0.0001803448398231,-0.15994936229334,293.19803980028,-1249038.44398,1147718.6930804
2.9675730890103367,1.8950333191844602,0.25281703637473085,3.239333435574751,-37.27218284758009,42055323.48492026,101112371.6698187,0.5695871671845117,36508.814289889124,-1.0760959320387e-05,-0.26953854247767,-4395181.2888415,-67140.354174784,3980400.4749331,-8.5486943519623e-06,-0.26795501103612,-4483763.7179165,-64448.749433135,4063230.8559351,-0.0002655542943703,-0.26875697984982,-12527.032018541,1413733.4722798,1305026.1715749,0.0002461894480335,-0.26875336797611,-24871.795685606,1383176.0562281,1285995.7318964
1.5648047734946893,2.383759454529309,0.34658849402037717,1.258497084880517,-36.78225535717366,27899556.515114073,135644094.91812867,0.4719573289372292,72101.57806013398,2.7296102028496e-05,-0.44614912374641,-217404.4975527,-101509.79251206,138663.65185578,9.4994131086019e-07,-0.44612041404414,-392030.85134882,-153879.62357517,263367.20854253,4.5570219033159e-05,-0.44612903699629,-48315.753740127,-829718.08712425,726312.66572822,-1.7354740043236e-05,-0.44614630168745,-47852.252160385,-830351.12784976,727279.24768909
2.665649543788637,2.2084635825217873,0.27952068020826915,3.2028882951822353,-35.47070550693432,72132052.5457702,145981171.91972646,0.6068775325349482,4943.766932834737,-5.6363649177217e-07,-0.13211054155681,-1954568.3314189,-44290.605080611,1759678.9036298,5.6379993254216e-07,-0.13157182780326,-2108191.0946214,-60416.722346843,1888995.2770582,-0.000114198349334,-0.13184976841507,-25802.336155914,446131.47081945,427717.43034555,0.0001141877617439,-0.13184869142705,-25641.784986865,446214.77038587,427675.12276249
1.8459417598570633,2.846347208138259,0.24056827610721176,2.7357746463496806,-29.85682316037471,20928618.267235972,149382439.05341244,0.5322944543633948,59439.80504605486,-3.7291395317041e-06,-0.36551209033977,-771052.6755598,-156249.24468572,600730.7569948,2.169701918619e-06,-0.36530031870114,-1033481.1003452,-211153.2872034,804106.72379916,0.000125495961356,-0.36542430035065,-74404.181079218,-1264187.431461,1106053.5170266,-0.0001270836655516,-0.36542134628128,-74400.570024774,-1264023.0632203,1105908.1687238
2.4143114695956553,2.511421610566522,0.38597628604570955,3.599114433800119,-32.733525313360595,22381704.767835923,71926472.26660085,0.5185856524619876,70327.76349007567,4.0907384871779e-05,-0.41646746857997,-1702908.8194381,-140092.11004735,1462127.8171237,1.0291385973781e-05,-0.41620343931585,-1946072.6584692,-180670.54796442,1656670.387341,-1.1163813780951e-05,-0.41632789282997,-61879.406915271,-500973.74668687,416384.99745891,6.2450185328845e-05,-0.41635706070636,-62520.426014369,-500411.69946565,415403.78938716
2.4860016779174265,2.5762846229546223,0.25618990070379843,2.8038881412395478,-26.541876215993245,68452626.86877614,88425938.54324487,0.5732155419725421,39024.31963966661,-2.2168574997017e-06,-0.084160599359385,-1499180.421102,-169487.41516704,1278749.1220747,-8.0825896429379e-07,-0.083509713446687,-1703457.7861706,-203196.39646045,1445694.8727596,-0.0001207605822875,-0.083853053305614,-53700.957271391,-345282.89012386,279627.88197938,0.0001176139142741,-0.083852348059435,-53683.851832961,-346393.50521397,280659.39406175
2.6611809605266847,1.539634814512427,0.2191787557539649,2.3588562730466784,-35.75454865054518,17765318.5542255,56582077.060371555,0.5716613434814359,3442.6649026974137,-1.3996741087007e-06,-0.54775913060685,-1008618.868657,-128863.81209457,834820.45140232,-2.9646327536614e-06,-0.54699558961692,-1075966.4376197,-147403.66904006,883950.98020165,-0.0001207487073651,-0.54738916120782,41134.694681715,348881.43149897,291225.24367869,0.000116447698857,-0.54738595437998,41195.562798304,349159.85500173,291465.6313942
2.7724506608290853,1.6516294362351127,0.3016860474970762,4.778263972764414,-31.411807806399707,49072036.26122428,125047674.1858539,0.4473191927838587,52552.68885973784,-1.7814859668168e-05,-0.1731739795082,34227.967004123,-44932.552143278,303130.32407074,-2.8804263950463e-05,-0.17311321197161,-21658.679246702,-55134.824635388,330171.49989671,-2.408298300879e-05,-0.17313559674701,-162624.06701315,-489906.74344946,463973.49014515,-2.2567738075856e-05,-0.17315419610065,-162480.99446974,-491814.29389404,464639.56204212
2.600399034350839,2.2306638043716256,0.17155008753061932,3.7518127132433086,-24.43741047817195,35644349.78413826,101964777.12540373,0.5098276074267901,80728.82437203286,-7.6688748152079e-06,-0.15241649423923,-10317770.348264,68323.949848511,9505673.4672031,-1.286584070366e-05,-0.14798136511767,-10596912.3729,62915.055736824,9757602.8306906,-0.0007693804930618,-0.15022428925888,-53820.347044355,118013.77502374,153375.47104267,0.0007491791200903,-0.15022830378007,-53994.025518103,119170.15209286,159613.94266383
2.1007872434598354,2.890264326673523,0.39376637461432185,4.787311209596526,-21.575545253439316,24885395.876550045,136543791.44759956,0.5389228440879985,61029.11858411524,0.000226667779424,-0.14979620879565,-182709.44090846,-54939.479530373,131631.67512844,-1.0338599608459e-05,-0.14974808773865,-270036.41262055,-114995.20569353,177130.74333084,0.0001142297528806,-0.14968785613891,-6760.3651528575,-623520.27537027,568902.97807028,0.0001017913126826,-0.14985996629551,-8033.9718657976,-622824.97309415,567903.13759877
2.7733179978615574,1.656899698698226,0.28225970227385794,4.3288661992235244,-22.172566063780483,23715984.679198258,98661437.97420138,0.5708461131888715,49076.84692354412,-8.3728283104621e-05,-0.17036755717698,39493.148547178,-35634.173580032,265072.04423682,-1.2342662561692e-05,-0.17030417024024,-18623.137274592,-60170.286241436,393440.3020284,-4.8973472305554e-05,-0.17040023773882,-186142.98638615,-498171.51335259,478000.31384258,-4.7166176787197e-05,-0.17028056375907,-188067.28838829,-502526.89385899,483863.57909838
2.639813227660813,1.5183535772473744,0.22297121665398792,4.374372077321842,-35.45459073440053,38849594.1298829,147075059.2804548,0.5240786170455223,47453.207067600844,0.000246189608139,-0.26793244312432,69986.845996312,-38642.785947239,357789.286517,7.1559694702234e-05,-0.26786179194769,-38183.658106053,-50483.340812872,416165.9598294,0.0001579305589468,-0.26774715607847,-194786.51769378,-544626.45760832,561246.5517292,0.0001597890167983,-0.26805231441886,-193951.50894789,-567690.89629017,578987.64511966
2.2844690091369673,1.582907830584796,0.1903882160530782,4.419637968491784,-22.04015830694929,73108408.55837977,62531658.55620964,0.5421434129574597,47215.075911803535,8.3019035557934e-05,-0.05407891491133,-45239.726101635,-80172.965383897,48278.593565624,-1.9034492901768e-06,-0.054042153164195,-91696.75128261,-91508.496604731,54969.192609376,4.1164640732398e-05,-0.053999664020641,-59388.420567341,-753296.01625108,704274.50271896,3.9970019857246e-05,-0.05412183389888,-64193.084517473,-746739.83012303,700593.77998723
2.3554349174958897,2.302592211270804,0.36877231695894674,2.594057712835448,-28.64844965736062,22223234.745557435,126278528.84145449,0.49962393320517184,65002.468712962815,8.2414688400522e-06,-0.32847459482467,-915409.76407233,-149664.20165615,736147.52723829,1.5361030018877e-07,-0.32825701270225,-1175209.9142239,-206048.44405308,937097.89037195,-2.994119549815e-05,-0.32836752308452,-50838.323953421,-312815.0244998,252179.93721227,3.8418559098101e-05,-0.32837555102522,-50878.512917307,-309814.00960781,249391.53586936
2.444933537249563,2.03201207958124,0.34104465165666265,2.7916787788339157,-30.848448987444407,41848202.21526295,138948191.25271344,0.5511804715142419,22141.924217068765,-5.2248377380098e-06,-0.18035988086873,-1200494.8120233,-50957.13879596,1063968.9037232,-5.2799330500809e-06,-0.18013988256606,-1336027.7580809,-72334.848515689,1173117.2872586,-4.8741729535169e-05,-0.18025432991597,-16658.760559161,-61191.127157112,45405.508963959,3.8135791617997e-05,-0.18025418339001,-16720.457599048,-62166.946912814,46155.189517195
2.0581798626056704,1.5313218544719305,0.1998010632706091,4.225511193604797,-28.476913692869452,43007289.377132714,91064534.94747539,0.47967746068588046,86841.53916657036,0.0001686536771676,-0.17573406962068,-124535.78396474,-87345.997716199,71258.67868672,4.7685035160954e-05,-0.17569207645821,-224303.41452814,-117610.22547418,138083.39911872,0.0001113928445831,-0.17563193491967,-94036.887199356,-921785.47550488,841560.12403088,0.0001049965974502,-0.17579501670733,-95149.367355722,-910223.97122244,831047.62831632
2.6197040884801663,2.842287692188199,0.20757920262536267,1.3711840470676275,-38.918419727630564,69144922.60772233,64753258.6790697,0.5575907803195509,75778.31482945084,-1.205102298419e-06,-0.19499593394105,-4395577.5298393,-1336.3429097866,4028005.9858675,-5.3444868938003e-07,-0.19340401011774,-5220788.1312606,-16772.965493486,4772863.8567312,-0.0001314991997359,-0.19426988752415,-47726.968576554,-1379048.8194907,1229950.6484099,0.0001295909952717,-0.1942691682066,-47923.570222188,-1379087.000419,1229881.1788102
1.540769038516511,2.9013787021068533,0.30724584921098663,1.7751203501248076,-37.63453272511937,10807089.944064552,76462567.23711346,0.5311348369908689,13245.009542870357,1.8316294884203e-05,-1.0126280063775,-37607.330987698,-55257.082499793,31777.292512887,-7.2754713613995e-06,-1.0126078659145,-293699.10011415,-112370.30972795,198782.27907465,5.9805743064676e-05,-1.0126168549573,-20149.744399382,-772999.60724412,694284.46361434,-4.877559827425e-05,-1.0126301676714,-20051.077080353,-772275.87456915,693711.00508233
2.689420794367148,1.887365075596609,0.39934263897707145,1.3251556748795643,-38.11997462788862,43602278.04726071,99009592.73202686,0.5803994441931931,66709.48548643467,5.3599747259982e-06,-0.29521041918017,-1173093.9919108,-99002.767989252,1005556.1986552,3.1812297325953e-06,-0.29497758047395,-1338093.2289737,-136320.58972939,1130981.0694944,-3.1070363926918e-05,-0.29509864560646,-38774.834305517,164277.89371625,180231.59422377,3.9576095685789e-05,-0.29510188131885,-39252.462848154,169886.10524397,185520.07967197
2.079060061253879,2.558176867953967,0.1941311771969868,4.62050344280598,-35.15626193072822,70737825.66448267,102134773.30833378,0.6081376619299916,69092.51829290214,-4.8717544115769e-05,-0.14866148711162,-190418.84944561,-76452.987145957,127086.65047453,-1.1559490824711e-06,-0.14857319847223,-396599.30450974,-130649.14081778,279403.61885807,-2.0830680980379e-05,-0.14863776708134,-1404.6376609298,-1184214.9019976,1084785.1918346,-2.9061376808192e-05,-0.14859937825567,-1522.9671183954,-1183367.4296362,1083906.4804875
2.0896502380295185,2.629499121321783,0.33603996562624894,2.033054921618367,-20.45450679547342,33351975.50616197,149285887.2653659,0.561738577628806,68447.43706447157,6.6400808253117e-06,-0.11515981550835,-1059823.8145832,-87474.507787117,909705.84348766,1.5565154460146e-06,-0.11500935101047,-1333709.2841331,-122810.69355523,1136062.6810374,9.1795603545356e-06,-0.11508997962651,-38313.465505067,-835251.32498635,738431.51318327,-9.4702215279849e-07,-0.11509396005689,-38288.722531461,-834777.09516029,738012.33976515
2.8136894614188783,2.34617213969418,0.25805227267823405,3.1479058637819173,-22.023164995376217,35855871.57074469,99718930.35149068,0.5961188152586363,56791.06685069286,6.2912410683692e-06,-0.11561805836024,-4702048.0311809,-47713.102982698,4275254.230282,2.8117364900408e-06,-0.11407041862565,-5106169.5214913,-18080.06162612,4666878.3482992,-0.0002916925752629,-0.11486840978687,-22773.030026069,494846.93967812,470476.91013537,0.0003010776598735,-0.11487280305229,-22892.18562491,497552.66623763,473027.90504831
1.946682577041852,2.853907378344177,0.3884080351631305,4.655078431868106,-39.34778847106846,71542581.0028739,93750669.73448542,0.6041026438075994,2650.0855700764178,9.0016136189785e-05,-0.16113934940929,-25215.880744556,-107682.89068456,81935.007738644,-5.4952004612248e-05,-0.16111312192583,-108402.92770817,-131066.86365929,75254.297681974,1.5800528637764e-05,-0.16107790005599,10235.130370053,-309206.79308609,292776.30423098,1.9267495168596e-05,-0.16117645358689,10116.114979974,-308083.33384009,291626.47088497
1.9948149944712197,1.5223726069391152,0.33715560285944934,3.0928557516283943,-37.58937759243289,20362748.60208568,134879768.40307027,0.5116936289463886,21795.760469890403,9.1886918703774e-06,-0.55356584120667,-747763.17850606,-91541.562721247,621930.29901527,1.9201486896651e-06,-0.55346658936053,-822288.84653294,-112777.02568461,675814.27405161,-1.1192818564226e-05,-0.5535132414653,-34546.34827127,92270.406306577,111277.06410371,2.2295518742253e-05,-0.55352274756453,-30913.906393662,97204.385609836,112813.94937625
1.841296053318665,2.676947027031246,0.21555806157171326,4.252833165719375,-22.362986092106944,67332969.35976648,66096486.538410746,0.5535056156339633,39248.1217050424,-0.0001921519239152,-0.057459111339415,-109027.43721212,-223971.73695914,152700.82825889,-4.1708554592222e-05,-0.057397139704313,-240201.10728355,-240498.85221591,162079.1052206,-0.0001179651349446,-0.057480776585846,12296.336372166,-731080.33947154,681691.54013455,-0.0001163830135626,-0.057377933317392,12258.519210128,-734659.01477973,684399.22648492
2.6670115555127962,2.8671799034787733,0.3857539412378668,2.7730743497432724,-36.78912209086929,25136729.900343306,147325994.3829977,0.4467480883826301,13901.645688258965,4.1689218968753e-06,-0.43064275444029,-721867.75708365,-93386.368134756,596738.82632063,-8.3290182008624e-07,-0.43042173639061,-921794.27693915,-137534.85822862,749881.56780129,-3.9367688704906e-05,-0.43054084568395,-24930.070907734,-266981.26938116,227757.7958672,4.2814244734322e-05,-0.43054543920647,-24789.105585397,-266136.37397796,227073.37574243
1.9849512178626674,2.8258290603640215,0.21825162310877488,1.1466887303322968,-23.98822572716095,59463440.37737843,70250589.79578047,0.5084811398391015,67033.02072260613,-5.1655016486003e-07,-0.088886265406321,-1447122.4980727,-96595.197686658,1257942.3915153,-1.0853214682763e-06,-0.088542129300424,-2126057.3689063,-146796.0716231,1844736.9805299,0.0001212993292543,-0.088749615033968,-46452.587595975,-1616674.1576716,1448631.0208458,-0.0001229108132625,-0.088750079042233,-46554.98238693,-1616677.0170811,1448531.455146
2.488483667436833,2.4517600508456687,0.38591020506751195,3.6527394452269477,-38.97849872249467,51225800.609904766,140170007.2321742,0.4598159880051945,23595.854531698278,1.721890468661e-05,-0.24133691623167,-1078771.6427523,-101940.84360853,917227.09199006,5.6198806751855e-06,-0.24113427805072,-1244678.0038461,-139542.63899483,1043339.731772,-2.3891290987648e-05,-0.24123556709114,-37607.048686547,-181251.66343426,140874.66896221,4.691655745967e-05,-0.24124685725015,-37562.12838636,-180798.12170968,140457.55284293
2.3605037271299336,2.334247656274421,0.39909498104184754,1.222714504811112,-27.492384384081454,47251614.07681054,95489573.74669437,0.5719368683363018,91236.59381664006,-4.6833808230256e-06,-0.15581697239146,-1100842.4840957,-104280.90861865,935742.36363855,-6.537559519301e-07,-0.15565413597037,-1385642.5772788,-152885.92817196,1163135.0817392,-1.967467148311e-05,-0.15574517951939,-54847.817755316,-457552.79422549,381493.48118901,1.4355082318015e-05,-0.15574114499218,-55354.406545555,-457672.63250628,381316.28637896
1.9133483951317594,1.552560710685226,0.18024047788893494,1.7969987559266885,-34.545553551149254,36511556.29834446,70006256.5680722,0.5666005620067736,93547.1878527949,1.2548205707537e-06,-0.30930645634613,-4597127.746676,-56186.373182079,4173023.8341849,3.4215933354659e-06,-0.30831902140406,-5004530.7808134,-74528.588934506,4533265.1772996,-0.0001711037777363,-0.3088269766291,-83793.838419277,461969.11797741,486310.09149115,0.0001749162851765,-0.30882591149324,-115041.63793171,475109.52711375,522528.55677694
2.1564259099537235,2.0357902521108606,0.34331099266248927,4.6934935193253775,-37.02300822775619,31935989.002311695,63757564.33009389,0.4984773005356943,71133.08466584951,4.7927283368963e-05,-0.37335657715326,-122177.96625163,-116299.86486385,71726.245445051,-5.1427663288084e-05,-0.37331861393454,-201172.10585603,-162544.74622185,114130.84503348,-8.6312608310369e-07,-0.37328588408592,10794.986941455,-752575.48941113,697684.72354401,-2.7158282766302e-06,-0.37339096519451,9920.2045977612,-762357.55729591,706060.35943555
2.2366179469146577,1.5144901141456788,0.2312991392610604,3.9726682789780168,-36.498060336004514,33452905.984349158,135506946.0710347,0.5126694937890629,38251.41330650537,6.3951886798817e-06,-0.32645397651535,-2743666.4158023,-104125.77905218,2440944.7631529,6.0644756835348e-06,-0.32571988161647,-2879733.3525777,-119570.93138256,2554336.4340695,-0.0001176499709124,-0.32609351014326,-65443.678640303,1137493.7206633,1090314.1188357,0.0001302195006662,-0.32609413110077,-65286.622822487,1140691.5098769,1093103.253399
2.0371748558512284,2.996519703334739,0.3817376896726231,1.3974899581181681,-37.07267014390911,15068587.360818233,82622553.28818418,0.6046009821469915,94260.69548627565,-3.3660661501149e-05,-0.8392089600751,-479507.69295158,-129097.17948528,354227.47213748,-9.8363234200351e-07,-0.83913458540513,-829362.14857927,-203675.80357932,624408.00131975,5.5085731116691e-05,-0.8391916786206,-65754.885362029,-1309554.7555738,1153969.5597573,-8.9695734869074e-05,-0.83916978844296,-66112.777571192,-1308978.4855121,1152800.7438544
2.9762206063739933,2.4366146542282956,0.35784193225933714,3.7596495161390187,-28.917835603014098,27727181.28509834,127941465.15542176,0.5224222831418229,97291.90308842575,3.0517705805426e-05,-0.27892306104671,-3600803.5520458,-212395.05750548,3149692.0992114,1.578670642243e-05,-0.27791904265002,-3873559.2848016,-246244.8269308,3375897.5967716,-0.0001594355195247,-0.27842682035141,-64866.464430218,306472.55084008,330026.51358243,0.0002057366946413,-0.27844370503482,-64853.332460836,306164.04396191,329476.12598918
2.9002458297940907,2.833215215238184,0.23790017555231374,2.948077467217618,-25.15255474355849,23792678.179261908,72695032.21504337,0.5017900023080712,12611.73280788976,1.6420911559374e-06,-0.19686394090037,-3405299.590778,30112.241520954,3142739.397234,-8.8093412076728e-06,-0.19546687305618,-4153560.2228583,24189.605997667,3824244.8112943,-0.000305417953334,-0.1962201282724,-4857.6468859868,-264252.35605344,240024.48325827,0.0002980519365122,-0.19623060772996,-4800.7151513761,-264793.56544013,240512.61116225
2.0606728130398286,2.106472758297955,0.2587965986362937,2.5779386443342736,-28.58389544268475,52743323.56062405,87310816.97905268,0.4950581646475262,4104.542640605751,-7.4989745595575e-06,-0.11745378577077,-508787.86750082,-78525.156671355,412175.77738011,-3.2967689708387e-06,-0.11726159946327,-605459.8374518,-103919.77752243,483680.56018146,-4.9405217952624e-05,-0.11736555261814,-22696.012417444,-16139.580962027,14584.380195713,3.8413228038359e-05,-0.11736224709528,-22741.601602392,-18779.469709426,14626.959113053
1.9272969011998968,2.235771375780393,0.19372184095421957,3.4671178704052883,-23.81442623742363,40945288.0509252,131903447.19136204,0.5372263520562417,25334.119329379522,-1.2420011937218e-06,-0.10737288440617,-2196406.9225788,-109087.5097398,1935981.4979799,8.6462077018644e-07,-0.10679234420821,-2594184.4848876,-134433.49397624,2282643.9238548,-9.0173785577921e-05,-0.10710399093239,-31280.986923874,-631079.62884052,556232.42204065,8.9811296648257e-05,-0.10710287026975,-31422.213634806,-631491.95715467,556511.20694498
1.8121715781711423,2.936962562036895,0.35400778979389214,2.099466682131071,-26.788778626079925,15908385.755102037,80679832.31269664,0.5457093587526951,49743.7499184376,2.9197437640839e-06,-0.38420570021071,-304688.14668911,-89660.780965466,220620.88131212,1.035814106315e-06,-0.3841587138715,-558082.04631164,-138005.04978463,419472.13266207,5.5718195925508e-05,-0.38418706281528,-29154.430285928,-1021269.3147178,915364.83559708,-5.171513336803e-05,-0.38418821294858,-29271.773051197,-1023029.3391148,916874.5289069
2.974091331909574,2.923626439033077,0.16553980624304637,3.927563881317959,-39.54044426776416,17824444.00726214,136696619.45185673,0.4514690288937157,57315.2995912961,9.5076870880139e-06,-0.75318206697441,-13697985.197633,318621.47726729,12785274.428256,-1.9609277126722e-06,-0.74488509204996,-15093487.146041,342549.01536681,14081581.733964,-0.0012873344043311,-0.74921722131788,-82542.121189586,-781660.25595249,659287.90327589,0.0012958572625689,-0.74922673177932,-81920.505208324,-776678.14844918,654898.7249822
2.2048865577794703,2.6537965873530283,0.2798612752158627,2.336119933621595,-38.95143166524563,65727709.81731693,92709468.68808025,0.551592678661918,23822.82018210137,2.1364746821137e-07,-0.18367754323632,-673876.0354705,-96297.825612981,550983.25016607,-2.9296847847142e-07,-0.18343667776162,-840756.50969017,-132222.91244008,679497.55448883,-3.6055228045039e-05,-0.18356807597669,-22919.753821351,-425382.78595901,373729.88055905,3.6036552417415e-05,-0.1835686826704,-23005.340221609,-425041.09601102,373364.02435923
1.7190311262446039,2.788850751051805,0.22191083392513097,2.3789938214935136,-37.97906914516139,43075803.3606936,135791406.37539065,0.4886204864612287,80139.70830231877,2.4288177397231e-06,-0.30398284234153,-768370.27364174,-183945.10329564,581205.88902077,4.0874464784001e-06,-0.30380228795351,-976971.80226844,-236658.00073667,737317.8242394,0.0002014073646308,-0.30390670499441,-12196.954632702,-2353853.8392553,2148687.5991159,-0.0001948884536539,-0.30390523278005,-12251.852314582,-2353709.1681052,2148414.5382653
2.071152894672883,2.7558478517434115,0.16012425795397628,2.3473114235965626,-21.033632903909293,61620598.11394451,78994597.43300872,0.5492262285406382,18314.15182655135,-8.0578047916074e-06,-0.054308817998984,-117964.65944414,-42767.412885586,95932.066447624,-2.2211712699982e-06,-0.053616571529317,-140540.84432712,-58485.905730554,113366.82562797,-5.1442037900148e-05,-0.054003550049355,-13343.593129399,-962983.38618075,873170.92505246,4.0557987309379e-05,-0.054000781677652,-13458.357729898,-966012.40945237,875882.62762449
1.827332189135361,2.680405118425992,0.1726991601907057,4.605715165285147,-36.48792191235225,38883033.58289316,81100719.45591499,0.6032948175123057,65370.11076318197,-0.0001163433496657,-0.28847103217145,-205741.06578177,-345897.69078328,239334.32295564,-1.2790863276979e-05,-0.28837028938182,-392680.15028909,-356989.46535949,271048.56266073,-6.4565949274211e-05,-0.28845782131381,15453.762589705,-1164757.8368118,1082279.9883835,-6.4830489838789e-05,-0.28838678592128,15940.863799131,-1168195.8052527,1085549.3532542
1.6683731092367875,2.4385336913016724,0.22365642479310593,4.945624662961053,-28.087857869769568,11885445.420839977,121793999.11121756,0.5310253910818175,89856.38418454949,0.0001855874283648,-0.58703462886877,-206123.62872859,-381969.39409995,265546.64109706,-0.0001797704199034,-0.58695141097529,-362243.62466264,-406760.13143368,271133.00061758,6.1299288322938e-06,-0.58686913031891,13614.178190674,-1128447.028951,1044565.640753,-3.3849239302211e-07,-0.58711823025068,13513.831225885,-1136087.3814221,1051619.4972856
2.8518869096649473,2.1911488112059443,0.352210147273546,3.763270723074227,-24.98857431826454,73942764.67529714,102525094.0855552,0.5395892011347154,24147.650388714377,1.1785525974371e-05,-0.065053600701038,-1969675.9732929,-82805.829379616,1746708.4702804,6.3897286819369e-06,-0.064587443828283,-2105077.251148,-104337.95201082,1855644.1745155,-7.6990859307824e-05,-0.064823152250178,-33287.843272323,302655.34795475,302674.69481196,9.5207385592356e-05,-0.064829602887613,-34339.05378971,303180.42072977,304106.33880998
2.4014688335700445,2.05631068330299,0.21054936560783605,1.3621897890221217,-32.58761583796377,26313938.535088576,56188197.58693177,0.60348170272492,104.00942454730226,-4.3578121982612e-07,-0.30505843532214,-1510128.7510368,-5767.9301729755,1379909.6362777,-3.0976586111947e-06,-0.30455988536155,-1951824.6331754,-21470.16124228,1773470.9509275,-0.0001145878839299,-0.30483574771616,-16845.744215745,442661.54325108,418117.13875031,0.0001110927417998,-0.3048385610799,-16886.962390908,442796.70090069,418270.92012123
2.685706092060805,2.5182057574085306,0.24671267321026225,4.2179867577885455,-28.045104532608505,44312841.890502006,112159789.30032115,0.5346557674080746,38873.12364483786,-0.0001211772739861,-0.14056237319665,10111.601675396,-62771.157315626,502988.99213758,-1.8241231229993e-05,-0.14043429790633,-73811.935375196,-84126.424621868,631278.86382932,-9.0225415687651e-05,-0.14055729968297,47685.889031667,-922523.2405479,952440.54677405,-4.9597314565778e-05,-0.14044834519781,46730.82816705,-928312.85012374,954474.71088758
2.840852032329101,1.832980726034905,0.30076853533754133,1.756730550412781,-27.170915189626164,12202557.890982462,65126792.12378075,0.4525030606765869,58554.565476415344,4.2888014398754e-06,-0.55119417702081,-2568725.5226879,-120218.4558077,2268852.9214852,3.340471485722e-06,-0.55038807723481,-2821127.9287287,-149022.91565127,2479863.9309406,-0.0001229252559376,-0.55080856892961,-41457.477989666,844979.18610838,804970.82851661,0.0001304984137633,-0.55081000311906,-33634.153265437,880238.16615029,831240.30966637
2.172011292375756,2.5752156505678188,0.295240788153433,3.6635236864026535,-29.661738359210332,47138737.535817474,140282261.4958353,0.5624479086745169,49091.39460360096,-1.53324186637e-05,-0.15449896932716,-1921555.2251262,-105679.99822076,1686161.7583071,-9.9359275930732e-06,-0.15417424787245,-2263862.8618186,-136708.29715119,1978015.7415271,-4.6339938843792e-05,-0.15434952584068,-43634.240814864,-767212.49706338,672292.86561942,2.0936233350933e-05,-0.15434573240112,-43189.157069105,-767421.55467507,672766.98710069
1.5129693156950836,2.2953512861187546,0.27824249902336307,4.929822049508596,-39.53349501479482,49297201.047651,110488608.1592091,0.5041968222880503,51581.58845678029,-0.0002042921672659,-0.26378493860037,-92396.461368118,-235230.25592742,164816.76929878,-0.0001685072545615,-0.26374373100134,-174850.56169241,-256681.37064011,156179.72224242,-0.0001859600941889,-0.26377649583267,4412.5760063759,-616763.92012572,568668.38780391,-0.0001868024943537,-0.26375302158439,7103.1751549444,-617193.8175393,571046.54195066
2.0652552425036856,2.345171187374025,0.167096166959813,1.45487922034691,-32.3405007125273,62287086.47728084,54285779.63919663,0.6058032264982264,34282.916876438765,2.6608218181704e-06,-0.13897060970192,-2777040.2411671,-13580.921380422,2535496.2731167,1.0930207524477e-06,-0.13817895088305,-3382865.6873723,-23924.359886194,3083330.1949569,-8.7424907050289e-05,-0.13861294744855,-25229.042120053,-733378.9366643,654212.46712158,9.1184488943716e-05,-0.13861460012594,-25170.048731625,-732751.54021938,653766.40728876
1.5751174033324868,1.8201196547176905,0.3540540077117436,3.6852310002897606,-23.77099745652972,53693126.698699474,105358035.61601615,0.5093742063161327,91855.42896854527,-2.1822590088815e-05,-0.10029015693504,-682428.91142211,-170719.59355894,511754.27006725,-1.4556179219162e-05,-0.10023381436275,-773121.83940116,-200983.04569444,575244.88416202,-1.6104751630185e-05,-0.10026626512216,-67158.725319538,-691633.23918729,586803.85250329,-2.0296793485778e-05,-0.10026011306719,-67339.544085278,-692680.95860663,587645.63428658
1.977147030564338,2.2292638165106706,0.276624420575703,2.6545510141741957,-36.17675346946683,58728760.21502446,51938153.75690284,0.4594095002316549,34822.403962422846,5.3453057627041e-06,-0.18826524054119,-1171327.1711145,5215.6860852309,1077299.0591436,2.6130419667766e-06,-0.18808456209266,-1359495.4605032,-5304.7830824745,1242181.7403224,-1.9412523002525e-05,-0.188179411547,-33721.943780252,-460197.43735272,398013.11583451,2.7390915695488e-05,-0.18818167261556,-33788.624818876,-460977.91523785,398735.26303586
1.830501557830379,1.8357196440857921,0.3203693621347728,4.3363196419765755,-24.201104262970166,28282003.230278987,53281638.797429174,0.5858771647561658,42908.5554693951,0.0001296229271784,-0.16854906148728,-31027.52231766,-216124.75006189,180650.31691826,0.0001352379259564,-0.16852557068095,-103194.01779215,-212422.48292703,144351.13819359,0.0001328778939928,-0.16853999029016,-62448.855854264,-384518.58808876,340413.550118,0.0001319908110088,-0.16853476425854,-58502.90215493,-385825.65445899,343268.20016425
1.7275806792764623,2.766978989777134,0.15151150389573012,3.430893288556387,-27.932227115438078,17557756.747403517,132945390.27860442,0.44567652562544485,16398.4760686011,3.6641746007848e-06,-0.34600050708476,-1961143.3181464,-117067.57932963,1714401.4091509,-1.8321170501895e-06,-0.34542718606406,-3005972.0543513,-171681.47464901,2633190.3351187,0.0003496940018849,-0.34577883238541,1272.2722141575,-2960406.6906025,2714286.8626267,-0.0003478041292228,-0.34578333369191,2418.0600364637,-2951227.103798,2706624.2550563
2.6717498438638296,2.4466922785528675,0.24186080249952624,4.498137668942206,-21.64099446447579,68098190.23242843,51363412.6883782,0.49889508000275873,45754.55944943672,-2.4040951368003e-05,-0.053416420871356,273.77360679751,-43442.507833256,357278.78995043,-0.0001369409289093,-0.053309102522561,-139355.7571117,-62203.492981863,478840.89334568,-8.0929361318775e-05,-0.053305409220888,94451.896899948,-875226.83253526,871832.43860793,-8.0091024220137e-05,-0.053427610217195,96313.731560218,-877055.07937109,874912.08386625
2.3150322335620412,2.887351757734379,0.18741902790134696,4.285876393918494,-20.560513444868608,30388698.353053782,142406118.5267034,0.5906486533616718,67192.95647943561,-0.0002201708274945,-0.11375666119294,-240884.25024609,-70005.114038441,174924.19684761,8.9659830281858e-05,-0.11363974087672,-464393.78451014,-127745.1193599,341414.42485188,-5.8238999714164e-05,-0.11382431041602,-6927.2919189627,-1377805.7549486,1258035.9740107,-7.1589842677622e-05,-0.1135764076837,-6173.1069530373,-1371002.7515543,1252562.7299804
2.1663611745204174,1.828885042053161,0.208316097265057,3.9707785244293534,-36.14583419404445,10537035.740698963,113619806.97974463,0.547183433637625,78980.31237831687,1.901277671735e-06,-1.0829236144767,-5872342.8465271,-75481.397335345,5328184.7289389,4.4020102788539e-06,-1.0814993313764,-6582227.9786251,-127920.23323513,5941722.4184471,-0.0002728135822923,-1.0822374463865,-53773.946534889,529520.20005344,535006.34868026,0.0002788854716867,-1.0822357789573,-40159.92114543,482930.5917572,472893.56519402
2.9769237589322453,2.5480168965328795,0.19460627619744245,2.6675018908399215,-27.400392331753235,67583097.44387238,125225264.269226,0.4690689157122377,89620.23795845981,-2.5185973233169e-05,-0.10730078141926,-2793926.6917283,-411666.46963009,2276267.2067711,-1.2929553779157e-05,-0.10362773024629,-2849161.9095364,-427142.24561098,2316443.8000286,-0.0005747846508868,-0.10549098484415,1647.8615561322,-1100246.5616694,1009657.410028,0.0005361713819864,-0.10548432829518,1752.5895695616,-1101066.4363324,1010489.8974406
2.221677629922983,2.5896731089253127,0.23455925107662975,4.067495469100282,-33.28826862223372,44240673.06214428,121608803.2583832,0.5554829593684604,13537.502641550933,-6.4715301389819e-05,-0.18938458238136,-71906.430606747,-60535.826765439,40936.078878199,9.9262575104367e-05,-0.18934025491669,-193858.29618104,-103290.25917694,118738.24634405,1.6879841994343e-05,-0.18943377544683,12069.845052141,-568616.33003989,532730.75643416,1.7581402124181e-05,-0.18929349541561,11176.393780429,-566134.39160924,529517.94097618
2.0025761127510506,1.6041834451037538,0.2984997405901112,1.3058329006036957,-37.4591826800479,37762726.804412544,74396248.30114919,0.5934691335722871,97059.76645169244,-2.225665522259e-06,-0.35136878623723,-1660189.1489378,-112159.53467764,1442222.7817382,7.0152799407627e-08,-0.35114929798426,-1857679.2166933,-143219.57650019,1601515.7188153,-3.4536330594928e-05,-0.3512655583281,-67004.532252081,-29778.411103776,44273.12998366,3.2399033811418e-05,-0.35126268127524,-67616.733352918,-29268.612467671,47202.539951431
2.0227567550230843,1.8042981105301878,0.25134111509919466,1.0054071567909075,-38.46717980863473,77988773.47859211,76036564.0377351,0.5840494891711736,67746.74321329925,-8.54307097751e-07,-0.16913595288422,-1663246.9248005,-57583.094953215,1483294.2622206,5.4806459862317e-07,-0.16885269120701,-1983947.3885557,-85264.608826866,1757614.3048639,-4.3198713054734e-05,-0.16900581498402,-45927.305816047,-206226.8819691,158765.80339405,4.2822983005935e-05,-0.16900407418241,-45740.93862982,-208967.71921568,161360.81307938
2.6763221877600474,1.5619152242842056,0.1867650436424282,2.328745841497574,-21.909284773358614,31834454.101748746,96332931.72417188,0.5599689066269309,88262.33654977652,-1.6464627294218e-07,-0.14981851133568,-2278913.3365806,-301256.0358861,1879709.1328966,-3.023616397582e-06,-0.14693384502499,-2322097.0516409,-315091.4020521,1909925.7462582,-0.0004208389920646,-0.1483867287609,159383.01350387,321583.80625981,237145.84337532,0.0004176666193231,-0.14839137088039,159409.19737084,321638.36990976,237266.72055488
2.254876327198478,1.973777642240122,0.15114752544802568,3.248873540591072,-26.108288040018905,47728441.49574357,74808039.12759471,0.536604615967572,95341.49234807183,-3.1361764845745e-06,-0.13738605136931,-9730727.2922046,-50029.278175018,8882395.7203628,9.5771486163567e-08,-0.13394613623909,-9733806.0775064,-80701.776518348,8863597.8920937,-0.0005441279859439,-0.13567771664264,-93121.437172055,-156733.26323619,93050.093562938,0.0005410555909642,-0.13567422891872,-93206.065259472,-156415.08667903,93592.543951014
2.5517531432902008,2.726910065997849,0.34852558419931473,4.900559802624281,-22.882249453159403,79860799.73268084,146338735.9640084,0.5991163401654055,5820.744778017275,-0.0001318507615516,-0.044190403676277,-36036.337737782,-80140.028058995,51716.423101235,-0.0001024595561664,-0.044155652066503,-139834.10885539,-127090.51793256,80842.443658485,-0.000119531435362,-0.044187413414035,14205.550531311,-448232.93450535,425167.76121567,-0.0001154010590809,-0.044160759514589,11954.202305597,-452554.18077343,426110.47206619
2.7488145634463237,2.08309914135822,0.2840124902298693,2.85095064037023,-23.429118555057084,41982660.46359438,77857295.08103968,0.5787920053851314,36730.21164365679,8.5149769327549e-06,-0.10699867112341,-2615898.3647808,-22711.480394855,2381204.3567466,7.9810924512073e-06,-0.10626410818882,-2828190.907003,-33150.08324144,2568285.2549763,-0.0001300619867243,-0.10664260551189,-47412.621953951,623013.92538408,605803.99145367,0.0001467848707656,-0.10664321857379,-47526.458420446,626732.05073735,609301.54573304
2.216048842582012,1.9257575430722982,0.36578550058902126,4.013984845454356,-24.045450281180933,23876867.63610112,125933363.40204492,0.5380011570877883,20803.320583356097,0.0001170182140068,-0.18506137145744,-42597.774913503,-56819.00171721,32268.32959665,8.0146666408059e-05,-0.18504396541854,-112407.17363671,-94696.924880459,64019.949301287,9.9302797254922e-05,-0.1850319199186,-28345.597046227,-323137.13055463,287869.39966753,9.7793927810676e-05,-0.18507433962826,-28522.881725934,-327501.93081349,292083.92854691
1.5632276794755373,1.8015170221937242,0.2270098119102828,3.4986322164127612,-36.191373416335544,74977849.2651271,94220131.76911584,0.5705557213531143,99617.37618315534,1.6909199394573e-06,-0.16274821338533,-2178850.1632177,-141020.20417424,1897105.5693262,-1.8500778235792e-06,-0.1625149196878,-2365228.4583453,-160861.43763084,2053977.7225897,-1.4594798851528e-05,-0.1626340648671,-64160.645854941,-1080426.2103583,944747.41227528,1.4428379457185e-05,-0.16263687185,-64187.824724447,-1080930.0174414,945175.99697794
1.5288134494954946,1.9018379476675638,0.2728986672379693,1.7813083645100698,-35.663233385309326,11308894.617775785,93642464.35570033,0.46650771079210385,77781.96748060377,8.8031262866005e-06,-1.0411849475166,-785360.79918475,-135752.04398374,626821.55822041,-5.6393247970737e-06,-1.0411031290968,-939133.763375,-173522.34223648,742370.85870566,1.1261561429748e-05,-1.0411416348045,-51279.400167535,-869474.42710352,760719.58333448,-8.1381083054065e-06,-1.0411529379418,-51242.296763153,-869932.0055321,761073.53777047
2.9590114340217175,2.18779938764615,0.3529080786767322,3.268269206864461,-28.284859983019146,72394138.65775195,127499540.34585299,0.4564649683232788,59949.3195270405,3.3656407230084e-05,-0.098324828948575,-2757257.5840722,-90991.345663262,2462087.9742226,1.5747735516516e-05,-0.09763497648257,-2917062.7092407,-131750.46504737,2579840.8778601,-9.2787805927489e-05,-0.097975451293233,-45685.926005724,415979.35700935,415068.44419415,0.0001423620932166,-0.097997349151197,-44899.619966645,419621.71199383,417800.20710471
2.1217684878239664,2.9140255696586532,0.33922031115881407,2.5836938077222316,-37.326647391702615,46474305.993853986,85477939.48369059,0.6030323302199307,22934.593562680355,-8.3333750245741e-07,-0.23691702078704,-741078.53181936,-58222.894495583,638140.07109705,-2.3765001988949e-06,-0.23679581703926,-1020614.4132743,-89770.513440667,872249.63371651,-4.412277376426e-06,-0.23686368935807,-19707.271887556,-529100.26434479,471023.85584072,1.2640680703783e-06,-0.23686478104518,-19656.867448111,-528287.65985694,470310.16351175
2.0378529603519757,2.2230666126065906,0.3267963453719288,2.383376575287066,-30.217756782802915,75933072.02361584,148531818.4865768,0.48098857372689313,25005.823864660804,2.2744207927475e-06,-0.098105670622826,-476062.05430062,-90139.022612874,374955.36791659,3.4726489082011e-06,-0.097997765236474,-559153.82034044,-120176.15280735,431405.7923963,-1.3856922975878e-05,-0.098055643231855,-24939.654284947,-294011.85695302,251947.27222223,1.9767914402912e-05,-0.098054542080494,-25031.081106383,-292714.23811107,250708.7729107
2.8432827540726793,1.7912740060145123,0.3418158464247836,2.1508165926873817,-32.834583102920476,38211295.08798972,95110619.92895377,0.5020759933122931,17590.589325168614,-3.2141930461046e-06,-0.22500056791905,-826321.76478244,-87598.46798669,696029.16830752,-1.3271394380068e-06,-0.22468253184544,-879548.27364962,-109695.20961428,729780.47753206,-5.3513278241677e-05,-0.22484695087895,-35504.213322749,565035.40819206,543811.64738714,4.8935829722756e-05,-0.22484407288793,-35154.630690819,563566.80634087,542213.61769669
2.9388379784374963,2.129312031450522,0.37956460890340854,4.731729666005561,-23.046775875867585,61188072.83818977,138009310.0867395,0.4466626302149831,29255.455829990802,4.0788700728377e-05,-0.066650318038966,29109.023662752,-62582.746978391,336097.20087402,-9.2883180790186e-05,-0.06657724767444,-28593.920828461,-80875.208964027,389513.76018389,-3.0707330225726e-05,-0.06652416286706,139250.0144884,-643608.80881899,694721.40614619,-2.1414610242889e-05,-0.066707905638446,148261.84236295,-642195.50328747,700430.1814405
2.5802809073499207,2.707698345220165,0.38138045370480533,2.3024865241241015,-20.4086037265954,47315331.175012656,77074223.7872367,0.4706673764177889,57093.67046742281,-9.2474838173976e-06,-0.077503911259283,-1402150.1798759,-74086.357699468,1232457.2362528,-1.0070278803558e-06,-0.077246499841786,-1654974.0286856,-107130.08167623,1440943.5512091,-4.2367144120193e-05,-0.077387803445676,-42933.858919852,-456822.43597887,388776.0142606,3.1972646458273e-05,-0.077380403593471,-43206.583573078,-457822.20750896,389487.87745484
2.5443028093168003,2.7681896501481713,0.20691914558016486,1.126794316031412,-39.22232531913863,68326716.09670766,91614868.01660281,0.5075691179396855,86096.05201724682,-1.9100051124681e-06,-0.2067353082229,-3700095.0909293,-147433.18764191,3289026.073286,1.6392208856001e-06,-0.20525229148735,-4264219.2395541,-164484.9007555,3790920.7163943,-9.7455765243086e-05,-0.20606567686047,-31506.871306972,-1628563.0380651,1470306.8144459,9.8427667742782e-05,-0.20606283084001,-37827.288813379,-1629272.8367409,1466287.5240685
1.942161899090075,1.5904387908447524,0.338788219963568,2.9805834997191143,-24.64564252251757,45299427.03650277,81042528.8038274,0.528949149308814,19122.345974087355,8.3514147588995e-06,-0.1056860923823,-651954.29702044,-57711.247818744,556929.06010227,4.0317240221442e-06,-0.10561086302529,-716976.69436745,-77027.963223901,603233.55187074,-7.2580300635223e-06,-0.10564718026922,-19987.903551079,-114650.41817677,91407.401336267,1.9683183347691e-05,-0.10565213315461,-19915.456508525,-113319.17923492,90298.384205987
2.9209007635793105,2.428347305281422,0.21445640097699958,1.6956644584006206,-26.414340157843313,76038845.58891688,101504450.11096427,0.5569025294075156,41012.4366468234,3.1654468877444e-06,-0.077710611290783,-3887118.9941518,-19323.561378625,3549311.2644275,-1.433156544913e-06,-0.076028568327438,-4093260.7100381,-443.14202739159,3751216.356311,-0.0002762918802428,-0.076894723236372,-26414.020531174,-5179.7772886332,24245.299245744,0.0002780146301792,-0.076899291908336,-25484.942353361,1838.3434482374,28748.016181488
2.0981965589514617,1.5938077142055898,0.356394282817169,3.4563803268408697,-30.919171285472757,14350303.712862369,114269355.80407524,0.5005689548242298,71076.73246685715,1.3095240681509e-05,-0.59556163716987,-1266947.3838862,-159995.4645064,1049961.8628524,5.51767628235e-06,-0.59539210854986,-1367325.6853095,-187364.17327271,1123364.7143504,-1.6924458777538e-05,-0.5954742004001,-54786.816310061,21921.710486938,67383.997318755,3.5549732852263e-05,-0.59548417657189,-55312.605147407,21301.436325352,68928.043014077
2.4970892740282915,1.7231422794133329,0.2932443968592888,1.8528727474689974,-30.27257010717601,37636091.563044265,52431381.34908755,0.47791336058756545,1660.459416759049,7.0368214029005e-06,-0.18811976322451,-904470.66180285,-50193.577782069,793326.29550593,-1.343893040563e-07,-0.18788390628581,-994373.8558228,-70988.568720593,861180.46682044,-3.9871633384642e-05,-0.18800131861717,-16667.15962758,433787.17418951,409763.31975331,4.6800898619635e-05,-0.18801157620837,-16751.225290057,434435.53474108,410417.00503193
1.7070340279004474,1.5969223358034232,0.3910298320933312,1.4685594591011448,-26.485647836392136,58273262.2175438,69630004.88663757,0.44460880088247173,20901.686612329228,1.2900218814204e-06,-0.10138264922549,-254476.479559,-51712.38575499,198173.17893113,4.2682830613683e-06,-0.10136135651549,-288981.34134081,-78735.838315276,212889.23972706,2.0436522272954e-07,-0.10137417145995,-19069.235963717,-114310.43108414,91760.258278333,5.3692699747796e-06,-0.1013710278774,-18710.146269446,-113071.04896404,90848.79880254
2.186585684609908,2.0045685378528515,0.30769462712905526,4.566242272873019,-22.86029091881246,11736249.224703252,80183890.04857716,0.5306061863880916,82650.51142942894,9.6348564928684e-06,-0.39598640007571,-154148.47740556,-74878.570646887,97126.879220627,-1.4990359693615e-05,-0.3959443880087,-243636.01608773,-121784.76004525,152180.34474329,6.158679543805e-07,-0.39595263075502,-70359.52452618,-745166.04857653,659125.8049191,-6.0759632080728e-06,-0.39597922192627,-70481.160718381,-756409.47279551,670236.91662594
2.827193796320314,2.173245164816878,0.18598687709069123,4.775047212617872,-23.452014466893058,26665063.454383418,122505205.74647161,0.4784146968774454,9065.113208150413,9.324521839827e-05,-0.14517207209895,31948.463911273,-37565.285593518,442861.14031405,-0.0001000118347212,-0.14505570733124,-79871.597719958,-53690.835862213,586937.02805462,-4.9565711133147e-06,-0.14499401441287,110589.27226512,-817876.63249266,831636.88111256,-1.8436280777321e-06,-0.14524373162415,116264.37736289,-813996.33361858,832437.46167494
2.2628796723543974,2.919825710470152,0.2771060149179322,1.6030261807416073,-28.776515006184525,46929610.37629638,52561144.15800006,0.5025489336288617,34367.05409934945,-2.2695010295864e-05,-0.14529111464661,-1336334.3211718,-58724.848628434,1182950.8834793,-1.8264580764374e-06,-0.14500704269827,-1886235.8161481,-97206.8901471,1659690.2733548,-2.1420319937351e-05,-0.14517928195482,-23180.545999287,-729975.89555838,652575.57051106,-3.640958513511e-06,-0.14516411736678,-23340.920645708,-733686.54946795,655945.84840914
2.1050859496789824,2.201360256180594,0.36628777256700107,4.221880629248672,-26.946832278330497,15121529.070261467,62598057.86121696,0.47985736597251905,6809.926758580244,9.7671085955252e-05,-0.35587288447554,-57445.992659721,-63914.335202836,36836.692495372,-0.0002108854266335,-0.35585112466811,-126367.28724978,-107690.21173654,72061.210042846,-5.6308862400355e-05,-0.35571528703866,12568.617279513,-392429.00911529,369362.56452048,-5.6955164339499e-05,-0.35601045486311,10439.320412969,-392718.49570685,368063.70852455
2.4455999076055446,2.140387329268634,0.2726702989771209,2.1450708768135334,-32.19790280060649,48900981.612147965,121281227.9101339,0.5167735805060414,25669.810176553343,1.4342412406347e-06,-0.17088660973482,-1718698.5997094,-35956.778227563,1549454.2349297,-1.1560308687361e-06,-0.17048608225081,-1940640.8482279,-54195.078971984,1739871.1353165,-8.1058793870572e-05,-0.17069513725406,-28753.796355168,159972.56753105,168413.41936482,8.1354556968798e-05,-0.1706978406563,-28750.420382067,160091.18962826,168514.21746745
1.7056164144825692,2.799809677893796,0.3884757995809851,2.013468642017366,-39.23868183589407,42377096.26555505,109576620.54119769,0.58993585838079,11062.734926085626,-2.6223300637403e-06,-0.28284826412066,-107881.04879862,-57674.130061181,66010.047833513,-3.2619995165177e-06,-0.28282242726384,-202584.316641,-105936.91624347,124788.73066655,5.7061506486804e-06,-0.28283769581705,-12519.19229736,-356680.29615051,318117.26152549,-1.1648714260721e-05,-0.28283805816989,-12510.393720044,-357147.38836933,318551.42144841
2.469261520749524,1.7609859339786333,0.2831037051227183,2.573898745131166,-34.33595694691289,71852712.16473046,85556773.21703354,0.4648919705172618,32591.76523723365,2.0632760458136e-06,-0.13831832650017,-1794309.9491616,-11428.750095535,1636308.3894255,-8.2396706893651e-07,-0.13792789718499,-1863471.6193016,-24216.191128312,1690530.5295557,-6.693804536704e-05,-0.13812426415551,-41253.74459801,428697.18157344,423263.06605608,6.8297658887634e-05,-0.13812832273397,-41248.639559524,430048.59417912,424498.88190552
2.3833318469268927,2.6500127080175266,0.3270409582469953,1.0128612161698962,-25.988564244494498,31498331.013807062,72455868.30237603,0.5526113549194557,10939.07513516694,-3.1981070470297e-06,-0.16595718210524,-567220.67219028,-37356.986959003,493419.66205718,1.3468780809013e-06,-0.16581593313072,-907625.74738951,-82670.277198063,773741.27226795,-2.8501644493968e-05,-0.16590249186004,-12726.534341405,-129974.00514734,111048.2847806,2.6616903656961e-05,-0.16589859445742,-12891.406242436,-130194.0946624,111144.0412188
2.670690347566728,2.9564740640501914,0.337708627230049,4.240613190850602,-32.990622254006105,79920080.81076953,132016972.49655493,0.519079298877974,80245.8551738224,0.0002513363093748,-0.11866748294212,-177256.12606558,-105066.88266642,105276.81121109,-4.4821726740663e-05,-0.11859202204494,-293008.23022455,-154250.45570926,180270.63381913,0.000106789362341,-0.11849877452822,-2174.2457295445,-939659.32145787,859685.33651996,0.0001003142359626,-0.11876354276511,-554.80691120925,-957562.44654059,877468.16545407
1.543467610220122,2.9240700108664783,0.19613715376089408,2.1414018544710443,-20.338425776113382,49637798.46259505,125085934.80742568,0.48378959791470494,88581.66797619889,2.0444810325487e-06,-0.080965076463013,-543806.43861164,-170858.37726488,387665.95189521,5.3499047640564e-06,-0.080884455348897,-763874.85525432,-233406.43544345,548232.49389936,0.0004595004278986,-0.080941735819259,37969.701473161,-3332342.0237993,3081599.7071279,-0.0004525351213384,-0.080940120892744,38012.172469222,-3335570.4862293,3084590.3855317
2.8081305743599847,2.841773048082672,0.2020189982435503,3.5347075436293025,-27.322085397795988,70253630.59894538,94758215.63555822,0.4911116255396642,52677.00332987745,-2.4700016273427e-05,-0.089377573668208,-6087776.1931945,-103205.02373627,5505530.4184873,-2.3730715901809e-05,-0.086806479922332,-6557420.1512071,-93235.814408631,5943069.6394175,-0.0003409828331813,-0.0881283314313,-54025.286679064,-1227997.9297426,1087074.3222802,0.0002934604717314,-0.088128626627747,-53473.600274153,-1222231.4900375,1082138.2714472
2.5058933325731774,2.0980891758403137,0.37666778613878593,3.435030694209528,-31.13677319897917,75282939.25108708,57408112.86220874,0.4787818480200842,54295.40473325979,4.9585760155929e-05,-0.11163287879647,-1630751.5809287,-106564.26331325,1419158.7250003,2.1562115672812e-05,-0.11136360723503,-1738047.7198228,-130906.55188098,1500516.3624275,-1.0406119322075e-05,-0.11148573506072,-46439.686981715,-44411.444144801,27317.411582016,8.1739384324288e-05,-0.11151749034888,-45728.893964149,-41508.973620375,26490.715526162
2.0615531722356346,2.4969642892514954,0.22161119011837438,1.1499153504017414,-30.57616792718711,55724241.605676785,84025504.34071493,0.5288141895428562,95547.29516333586,-1.7804122594934e-06,-0.16173763594821,-2732575.622273,-81608.052814888,2446128.2179633,-1.2982012492938e-06,-0.16118357954855,-3527412.8625586,-116444.18347728,3149778.6510743,1.4682943736984e-05,-0.16149478255586,-56483.219953866,-1494665.3845647,1329867.0131755,-1.7914999195185e-05,-0.16149396914749,-57492.275983708,-1493218.5003989,1327663.2165087
2.9980702620320576,1.7727199272337026,0.339001967665921,2.3073649578984234,-23.384079109493193,74313907.62622537,117891101.2762195,0.4914673156747397,78302.93754145602,1.2697683200208e-06,-0.070611956864147,-1706280.0408401,-173970.37903903,1441960.3981052,1.6534839017986e-06,-0.069899271023391,-1756044.6279925,-194795.75401025,1473342.7464894,-0.0001001226983684,-0.070260131474164,-86997.50445003,1097364.3945501,1069539.4623349,0.0001030547121093,-0.070259603404245,-86276.896947006,1096364.2711852,1068087.9673041
2.138282160837803,1.9659038705358873,0.29388374115263116,1.2106634509438043,-36.019639569440876,14844527.15663312,146398782.0495903,0.601142535334911,94072.93806802771,1.4909688752912e-05,-0.81670475082578,-1659899.7385218,-129066.48594986,1430253.5169951,3.1783703279281e-06,-0.81639696102546,-2000057.6838888,-174666.20567014,1710172.7214447,-3.6256437445252e-05,-0.81655659636215,-58778.644050952,-313288.06373605,247608.74912183,5.4410954003718e-05,-0.81656928575064,-59383.301631729,-312878.29038166,247822.30033108
2.9598970641567393,2.6280576424357234,0.38704051269123235,2.460778253577598,-34.24398736121072,69699374.56397888,128445369.80232684,0.4868201465750904,71445.91157114097,-7.2760118091986e-06,-0.15119050086328,-2143319.2049592,-76836.509231317,1909550.1182219,-4.8891330701014e-06,-0.15069444024898,-2380808.3224249,-105287.08055865,2107073.737115,-9.3857634061579e-05,-0.15095443659034,-60060.69485205,-78028.925801793,46054.023764608,8.1643478880989e-05,-0.1509521870341,-60508.503213615,-78557.481718066,46179.973904252
2.761941167052917,1.768750458204383,0.24227720576363088,2.438716760358781,-27.305837951624458,31266145.8828688,94522101.94563384,0.5500491906557352,69854.61425583385,-1.6835188564636e-06,-0.21685174072312,-4516586.7874987,21583.500329189,4155080.8753554,4.1098670176781e-07,-0.21537285271538,-4726504.8690625,11295.415300894,4340052.0356604,-0.0002389991908209,-0.21612783765158,-109575.67541123,1722534.3318427,1658840.1624851,0.0002377396740478,-0.21612446674476,-109631.20711406,1722809.4717538,1659132.4844501
2.0588314028846586,1.6416456074375825,0.34799619027672,4.150119320017113,-22.155824438601925,56179538.547987714,132186475.26114842,0.5400841320880532,81260.70580381031,-4.9880041856558e-05,-0.080116315300883,-81647.373559637,-93513.629325406,53546.2841242,-1.7223864545219e-05,-0.080093637234606,-168523.38656013,-131794.14840472,95573.683683317,-3.2362641678722e-05,-0.080125917889483,-52208.727437252,-522418.9551267,459951.13253041,-3.4702754723258e-05,-0.080085081513167,-51162.576883122,-522009.75200249,458557.23950733
1.8111966291514854,2.6719086340064298,0.2263864089246837,2.784989800828019,-26.035723601254325,57353841.45685063,105517064.43970059,0.486720553671033,26327.85713989535,-5.8320303113964e-05,-0.093976681232354,-1159534.8078156,-34601.325438838,1037999.9199327,-1.8409652506599e-05,-0.093788167610523,-1524504.7302583,-51808.88252734,1360241.5683575,-2.1160786914877e-06,-0.093905530004419,-43141.055077123,-751301.36310218,658023.85445097,-7.5488316793092e-05,-0.093882612555929,-43579.492270104,-753086.70393005,659374.27651589
1.8690334575193428,2.6014318701649075,0.15856018355896553,3.230201625894834,-36.73991623616405,69588953.14536387,117311362.62249613,0.5104699741594938,23278.353059353623,-9.9594030919084e-06,-0.15358804919079,-2953080.492219,-34726.208766472,2681835.4682717,-3.0967925984087e-06,-0.15287727636176,-3644557.7391325,-46563.843766183,3307150.0296298,4.9033734506068e-05,-0.15327150938976,-18428.385473433,-1715962.7287628,1559578.7860428,-6.3079726744525e-05,-0.15326860100789,-20326.077219805,-1719370.5503956,1561344.5086445
1.7514935644375682,2.5885381462137795,0.319982258145974,4.041407556704469,-29.657722315511876,57307960.78893797,141976968.34655258,0.4821705808794736,83075.01708652603,0.0002265958997071,-0.13970297974225,-124731.40989196,-276306.79637549,186980.35731941,6.9228755431658e-05,-0.13964808726727,-208262.74321875,-300223.83437037,183745.23824334,0.0001487518376002,-0.13962303932927,1835.137046656,-734727.83592359,674943.06093611,0.0001470419061086,-0.13972907414483,338.35045902143,-734196.34448244,673350.54490607
1.620657661650409,2.269749986226112,0.3666838340810013,4.8382336753668245,-39.379758551071994,22650570.699442234,83372838.43263051,0.5188064291061115,29333.069755834724,0.0001036760191703,-0.54100782309658,-55019.207115011,-168485.45014028,120290.05110685,-0.0001649452927349,-0.54098070796418,-139430.92536939,-196099.3035037,113770.12279307,-3.092995053795e-05,-0.54089938050721,8465.70583618,-432340.83792335,402835.41801098,-3.0403237477246e-05,-0.54109046254207,7197.6863502704,-435949.48891175,405177.84076182
2.173339574870506,2.2964605441520556,0.2736793081027744,1.4192050083796968,-22.06141918780482,29397842.096299063,133934447.75423019,0.474570129425867,85097.67186444001,2.1724410935597e-06,-0.16486085110264,-2180533.6650073,-71941.129181955,1947113.2032164,9.0693358019206e-07,-0.1644645791202,-2648642.5053619,-105384.97420528,2352390.1658333,-4.4052418008795e-05,-0.16467922295272,-55289.85951798,-706007.64591991,608322.88593653,4.698126184705e-05,-0.16468022187713,-55392.236147087,-705464.83830709,607815.13506536
2.9644594594423204,1.6916138270447685,0.3802932293502834,4.3457283476187305,-35.746383688024196,26161867.239151195,120274510.79977912,0.5381487442629391,62169.2804173033,0.0002580816792897,-0.41573415928066,30998.380442459,-48381.198208006,267303.41022402,-1.0418288594566e-05,-0.41568111845182,-42050.133604101,-60903.979340349,291678.96222777,0.0001235060313855,-0.41547258001036,-151633.39779238,-412002.0989124,375330.5771915,0.0001240681580554,-0.41594539006469,-152653.8077273,-416897.49111294,380881.26329658
2.4265824391138056,1.7443281684239338,0.262555842401945,3.5730556323149307,-38.07594274604315,29066551.408258546,115725113.39525318,0.546077867188969,30064.05452089198,-2.9458340912578e-07,-0.400065231481,-2354046.5364807,-120178.02139592,2072524.3004537,-4.4038410348044e-07,-0.39942425539422,-2537525.5531623,-140959.08943772,2226061.482961,-0.0001157435440497,-0.39975354196209,-27456.74779653,616142.77904491,584707.23612655,0.0001150162604308,-0.39975383300092,-27530.408507948,616407.22711988,584984.83580308
2.5027211968818186,2.2185519029276497,0.32428370457337474,1.465243707677522,-29.037557161609406,63673243.41507536,143523926.1242908,0.5068238228429562,64576.095654865494,-1.3533115900357e-06,-0.11994788190319,-1769056.3002633,-82335.470099793,1562785.2393722,8.0648058075919e-07,-0.1195922273298,-2071454.5217818,-115309.68610015,1816674.5254677,-6.0374150431283e-05,-0.11978313882372,-45369.471126474,-83062.040037118,50778.150837948,6.0024080537461e-05,-0.11978061268939,-45361.927065353,-79853.967443385,51230.511642167
2.611049841943802,2.626480362146812,0.24322112095138365,2.061918785382305,-34.881685719785075,68412293.109149,78455010.8889573,0.5348438412170962,99888.40480093705,1.2517314258691e-05,-0.16737726800514,-4386586.8306265,3697.0457929675,4023036.109171,4.4787736352005e-06,-0.16609031138603,-4863554.3303349,-8038.0198456869,4451735.2116932,-0.0001753806522233,-0.166761010856,-59527.027194614,-898259.96375593,781358.21124589,0.0001929289420904,-0.16676687310048,-59568.449091261,-893868.87183298,777304.95885326
2.049517716756227,2.479079304707085,0.25204926615982226,1.8207333694903602,-33.51197148839184,59703885.1129785,139679609.33830094,0.5693123517708669,13205.62158036983,-1.9111286760213e-06,-0.1468554083061,-948600.47215372,-61159.878118331,826165.06017107,5.5102023461934e-07,-0.14663946195511,-1225058.321173,-75418.905273839,1070767.9497541,-4.1515770052555e-05,-0.14676118113922,-14166.560206458,-255593.77204675,224251.09614362,4.014823973447e-05,-0.14675911662083,-13864.511789904,-256769.95807054,225671.69722576
2.122974934343749,2.1677899726375527,0.15345030492700873,2.591415293017957,-30.823270044808325,45412623.79744563,64025996.18425911,0.6085771288496036,40927.70214698249,6.7347844305386e-06,-0.1740645411974,-3885116.4010895,-3659.1549572402,3558134.6506943,6.8353760830972e-06,-0.17282865543085,-4299364.9757668,-9709.9049421991,3933445.6322741,-0.0002022180750312,-0.17347527552695,-30925.04378646,-918142.37747585,819453.75361683,0.0002163736210271,-0.17347534003038,-31101.324340171,-917227.73399634,818834.69235657
2.259275468634521,2.760368441797309,0.31926580462937615,4.30217715353743,-23.084481592810768,15238990.707567431,50301672.384024344,0.5370862341011783,15079.85899944674,0.0001718822462442,-0.25153889820876,-100655.00177564,-54598.148557226,61321.276756378,4.4171559511328e-05,-0.25149738629192,-213743.72829017,-113038.69137491,131213.46830634,0.0001096071987957,-0.25146781914935,-5996.3113112915,-581324.63766661,528486.31490529,0.0001062964727924,-0.25157236533171,-6550.6754446608,-584606.78812046,531099.44567231
2.467978875284855,1.7528814048639325,0.3575128884564136,3.4516117264929167,-32.254227864424756,40103884.557090454,52233828.76888285,0.6063690372808637,65280.84582880344,7.1907071379771e-06,-0.22703401938924,-1910374.2979452,-121077.71183014,1665114.840465,1.2355008929961e-06,-0.22671657347245,-2023632.8274127,-143803.24287079,1753034.4044425,-4.7583109750614e-05,-0.22687438906516,-62836.899846896,401553.71179431,414878.92711323,5.598734199952e-05,-0.22688263766395,-62580.62520223,400476.52016698,413705.28516734
1.6930406023371336,1.7697443555776315,0.2441683133406472,3.698389873661524,-30.32543879509125,20631259.181069814,77642069.99489968,0.5273300687241457,4786.279963786291,4.4660843678801e-07,-0.33403230722122,-912476.08330365,-73768.598797863,785810.85269475,2.7673838562737e-06,-0.33389163897287,-1145195.507144,-101900.53534755,979753.07149252,-2.6528361548107e-05,-0.33396908190982,-25688.62090057,-138447.37608101,110004.96848458,2.9719761503478e-05,-0.3339668785507,-25809.160537397,-138775.68311499,110232.92043642
1.531828521445686,2.611992126096645,0.16268931140383797,2.3162872928429157,-36.92788288941849,69005788.86157413,86306142.7329618,0.5496143108585325,81641.06926511017,1.0073903689776e-05,-0.17800531615231,-1067522.2892816,-304866.03682896,814973.16909862,2.3389439126394e-06,-0.17772894524925,-1317555.1854258,-384909.45018668,1006144.2183112,0.0002854438812476,-0.17788484386438,-38754.843811763,-2663612.6985146,2413457.4152257,-0.0002724327431977,-0.17788619651474,-38761.032102974,-2660716.1021722,2410821.4849381
2.8723504783656084,1.5623819034930022,0.3596541984055005,1.595176135025104,-37.4021162514999,35761934.59436557,86149108.07223737,0.5659069430983465,16739.21087469637,1.979500334267e-07,-0.31132963870306,-1066451.7898072,-41739.641536649,947657.30967276,2.274206631097e-06,-0.31109174009543,-1133088.9956725,-63311.351547365,993550.13819859,-3.043321766762e-05,-0.31121562878087,-22417.484736407,594670.57418408,561315.3805549,3.2883256522989e-05,-0.31121188393739,-21395.536192637,591357.24653633,557538.58230438
1.6262942504543325,2.488533760326157,0.36936003037714354,3.4432750560416316,-38.840374803771034,53374373.94582613,82106082.94309935,0.5831753914118866,32348.447517445922,3.2103017359814e-05,-0.22791467256193,-242718.5305391,-105398.67813141,158317.76360183,9.6991940628648e-06,-0.2278786587246,-375278.98988294,-148463.21396571,251609.54790975,3.6574461964867e-05,-0.2278917125541,-34663.231369027,-602100.52527082,527242.05731796,5.3342913095339e-06,-0.22790610261225,-34617.446386401,-600490.61464209,525942.08834459
2.288895797011491,2.9614155538839326,0.24063738610914653,4.833723255615119,-27.135308113958402,18330916.486261316,61024418.47742827,0.5839478198424967,97795.95168852758,-7.7137909025872e-05,-0.35688662678729,-316439.92701725,-73286.424356614,240857.92424539,-0.0001600816669111,-0.3567659027211,-479472.20952066,-129507.42602307,353911.46838501,-0.0001074972720889,-0.35679685698611,9791.1833297316,-1351981.2391061,1246325.6394075,-0.0001298609786992,-0.35686108031257,7441.2289358568,-1346988.7085313,1240159.4147307
2.515836774327397,2.941201036340689,0.32336377996871246,4.902362095029184,-34.41085306663438,49725739.438146554,59901284.166216396,0.5131724777114774,86747.86938996435,-6.668866239867e-05,-0.2079752382615,-216939.49306119,-100987.57410661,138495.26372366,5.1731557346002e-05,-0.20789149063694,-347571.73818557,-154150.76004885,225199.03697343,-2.0474361221487e-06,-0.20798571017386,-6415.7840218761,-1053850.8665087,961306.87157676,-1.280027638617e-05,-0.20788444009638,-6635.5477034545,-1064816.8210093,971182.57674752
1.87457683488585,2.5057027377531598,0.35026848758443496,1.685477261406969,-30.320066028705796,59891824.965404615,67561058.14525513,0.5687644838525108,54502.31035429812,1.9883535674341e-05,-0.13396781195754,-580383.39345659,-91016.941151274,469233.1556976,4.4305475713204e-06,-0.13389728198337,-789872.60663611,-132755.07928382,632822.69892551,2.3736246710591e-05,-0.13393121501014,-33247.964825909,-661556.5133528,582800.14470742,6.4200966586888e-07,-0.13394263454614,-33144.288608834,-660652.33312808,581995.75349901
1.892275131309026,1.5430662577017513,0.30474159421596214,4.430925375956598,-36.05114037253233,61877333.52856828,111595585.57110041,0.476873923386587,42502.5352038359,-0.0002397776157818,-0.17677311126766,-18526.580826245,-192953.52871736,174029.6821229,-5.7631186452331e-05,-0.17675422033544,-81957.067295251,-187163.55386236,123613.07434644,-0.0001486075734154,-0.17687526147781,-62111.730953619,-371021.22651927,314395.24672746,-0.0001488066689273,-0.17665194254752,-67310.144830406,-369869.06646736,312557.53761932
2.4849569673905707,2.7747649738279843,0.2755554766646209,2.2796311411262873,-34.169216000269316,62531644.80701538,117615236.17631742,0.6038493772234085,8536.924621213091,-1.0324480030973e-06,-0.14256532792147,-738776.64865251,-81537.582221705,620108.68581058,6.2779993276012e-07,-0.14220270579789,-930164.45054457,-116001.83945891,771781.91229558,-8.4006849030193e-05,-0.14240229548476,-15018.261620665,-93949.829518468,76673.88514184,8.3558639895999e-05,-0.1424007936596,-15044.565975013,-94543.537918158,77196.410689261
2.9118247083166677,1.9110952181700338,0.18867026937608233,3.428575734487901,-25.33020962699846,37301376.19790086,138920052.3551513,0.49355560058212183,60396.20064986858,-4.2192101906264e-09,-0.15157176761671,-8817209.4835568,-8838.8115589865,8076757.2866407,1.4362205354017e-06,-0.14733403515468,-8775844.9277038,-15492.706724622,8034045.9876596,-0.0006753106252614,-0.14945154293932,-137077.04923106,3041479.3775836,2887427.4630958,0.0006771469455223,-0.14945140834486,-118305.20661463,3011456.6520431,2846819.2143842
2.881235849980239,1.626629108741426,0.17939568113994533,2.9148821068326995,-36.34639783750748,61556444.80211377,106928875.44780898,0.49815546609403255,43206.84124345349,2.8420118536657e-06,-0.18213203445692,-5425529.3279934,147375.39663364,5079394.8568928,2.5511100024325e-06,-0.17944262283813,-5120748.0383578,134991.2330558,4791064.1675633,-0.000371569874065,-0.18076011198586,-168872.20123626,2326527.7210132,2255972.2413534,0.0003769441996086,-0.18075985547901,-168817.96285621,2326355.5910356,2255776.4827495
2.1549230001272104,2.2475382740364327,0.17457840114610082,3.2241743074762783,-33.81246602063402,21969737.58249381,69266896.53710686,0.5040775846130375,31948.577362282744,2.1868781010341e-06,-0.41994695257241,-4878426.2822694,17622.812978735,4484102.9386851,-1.3350665124459e-07,-0.41851651366019,-5631095.0425496,11052.581836736,5169233.6338479,-0.0002640716852871,-0.4192756744681,-35527.799576577,-438108.33324161,376963.85352201,0.0002659209078394,-0.41927879923042,-35599.057709173,-439427.82067284,377888.62739758
2.242138955368043,2.205137038597302,0.38874095841765266,3.711323430394401,-21.62325086082173,17889832.995197576,126318043.70341368,0.579029823796223,19738.775947766102,8.5714097327166e-06,-0.19643782065804,-801679.21772717,-99139.277947399,665786.45452053,6.281146160171e-06,-0.19631010403979,-989482.71738706,-136989.1107763,812038.62923601,-1.5060702742121e-05,-0.19637748155112,-32572.201010619,-154409.76871639,120005.95571797,2.9938869455934e-05,-0.19637987341818,-33742.36083366,-156001.77425618,120788.48951072
2.6154174099862098,2.859786113390429,0.3454721442242905,2.1856601195528906,-30.668161574001687,28026731.838129345,149010242.91827583,0.5954983044993081,75544.3889677046,-1.0658396180249e-05,-0.3009334191602,-2015172.6698698,-82236.808390407,1788323.8446854,-3.1527535040075e-06,-0.30051048919102,-2441202.8827744,-117537.78118508,2153789.3354232,-6.2298966881136e-05,-0.30074287719087,-51221.481172502,-682240.85443557,589488.82758241,4.8431499295919e-05,-0.30073593634365,-51217.052703855,-682835.69410089,590013.95970451
1.512453053846508,2.80204608752742,0.39566603555893665,2.289758006621763,-38.44829002133463,49204849.536842905,95651428.6021406,0.5013723207439992,44960.75643897709,1.9992905687369e-05,-0.25389389879514,49169.961911471,-95254.355684953,125837.46665956,5.0505720802195e-06,-0.25387587153941,-59092.491250206,-142317.26905538,94051.622388041,4.6569180783067e-05,-0.25388280299526,-42065.875378424,-609557.63325,529003.85394139,-2.145662243296e-05,-0.25389075141117,-41860.327335231,-609576.34956679,529144.78146405
1.5911122789536505,2.5932725876979155,0.3139877789110237,4.165099420983453,-26.609986178449034,54611662.462259084,90915906.29133327,0.46396406986014727,31601.103254183283,-7.0017223340781e-05,-0.10374918223449,-61505.715767573,-187035.2226324,138371.1868607,-4.6057670431424e-05,-0.10371368317625,-146966.4174755,-216920.03430022,133430.02170038,-5.7881624148158e-05,-0.10373902592145,6565.9558779711,-461240.65663588,427833.90282856,-5.8419687555678e-05,-0.10372494717973,-1681.3883191429,-473084.6740043,432967.29956309
2.8463182094462627,2.01737503758811,0.19304272798768354,4.471133171005309,-36.9416886255479,39825862.152938575,107701865.69104925,0.5336681638475097,45505.73672078202,0.0003042694391161,-0.27907311974273,51241.640060397,-31884.633359855,375890.47178366,1.4703720870646e-05,-0.27896704397746,-93567.126013159,-46534.522176011,487551.34506137,0.0001594880678804,-0.2788195644134,-187432.16413242,-795559.28662185,795565.67847473,0.0001592283242489,-0.27922927467356,-187570.07124728,-811439.70377132,809673.12350038
1.9062011234030627,2.059679573977895,0.25293943905975674,1.7044032647638998,-28.16297446346787,64169818.880420804,115619467.98242892,0.452448888897155,8123.387130531509,-3.0710824904954e-07,-0.098090489001555,-823035.78941789,-36183.350242968,728557.30631305,2.1135241815677e-07,-0.09795510430636,-1044939.2293231,-50372.607627548,921881.44600018,-2.9006761075965e-05,-0.098028993544735,-14254.790467214,-82999.489833057,66668.104417267,2.8951436835456e-05,-0.098028466041516,-14204.800073988,-82453.527999187,66041.745899001
2.7988666883701123,2.3513887752612637,0.35313561570937524,3.0083881588788914,-37.09761332004808,65887442.21433146,147807848.64932472,0.572501906762865,68659.06996741696,6.2124598724414e-06,-0.18198400708401,-2296849.8413302,-132642.12475054,2012147.6963996,-2.9979730183832e-06,-0.18140618358103,-2479249.0890086,-160437.33071612,2159885.6873943,-0.0001027738165419,-0.18169828149696,-61597.573052164,154489.47807447,189269.19154985,0.0001059139492406,-0.18170926701639,-61534.660132784,153043.352745,187847.19929891
2.8671422974360348,1.9569763270500575,0.3093951956666928,2.4107018856804596,-20.464568920389524,78865118.97981302,82061360.87547368,0.5421326686963954,82450.81558591378,8.5273958819943e-07,-0.051521767178293,-1823771.6776445,-181378.00934742,1544335.4260399,2.6532652482536e-06,-0.050673004339467,-1900474.1911771,-202968.95265886,1599803.4624213,-0.0001362431305192,-0.051105514507243,-117908.83629077,776029.41910544,799203.76357083,0.0001398076470391,-0.051103252155807,-117687.78311357,777701.2075661,800859.80716659
1.7163536721256578,2.816940212860318,0.3751755115740246,1.195566096541833,-33.57817303112082,55972003.23281941,144817532.4298834,0.4827026928712818,65675.37453228976,-1.7072500050873e-06,-0.18288993609189,-126652.96247441,-90649.647387649,72266.464628499,1.1232486018736e-06,-0.18286248054681,-350025.31420599,-149896.53808796,229202.90928361,4.7201845233585e-05,-0.18288104249355,-36323.052449545,-939770.24935503,835516.73739827,-4.7925917482909e-05,-0.18287957957394,-36018.097640737,-940136.23773001,836145.47588203
1.867538362008555,1.9753956436397015,0.37134687210328093,3.8400627025196177,-34.591124405943084,14195655.671931518,133590494.35098083,0.6019374136143734,31691.22103269924,7.5157934638647e-06,-0.67387226784409,-685649.08743652,-105271.83515163,555813.7415516,2.7165263835335e-06,-0.67379879509715,-853238.86657716,-143181.82839895,683734.66369512,-3.3593779267721e-06,-0.67383612623741,-39887.787870591,-333424.27766928,278143.59624143,1.3575280717932e-05,-0.67384068149233,-39740.981316071,-333906.58162471,278685.16618578
2.9975824227573593,1.8410155477672512,0.35551160337234533,2.522521988548817,-22.257170768779364,12888463.006374799,103472933.24186565,0.5972523615185494,63881.66203922411,-3.7008680694121e-07,-0.34651810724894,-1595637.148827,-160203.65522927,1350118.7002924,-8.2361699059403e-07,-0.34588293776636,-1724768.6535424,-190580.56806652,1447574.0048641,-9.6098359294812e-05,-0.34620951417527,-21368.42775505,406368.35743429,388344.97408202,9.4840165316917e-05,-0.34621050521326,-22179.742752628,406573.09146619,389005.892634
2.072095223980212,1.6782746531349395,0.30400914105596566,2.3195028350019338,-24.80941882118526,64101180.75157515,58602125.5979566,0.44430786178805887,29765.922826866146,1.1169978546114e-06,-0.081450008142246,-569043.27309332,-96801.788986619,455148.91408092,5.4950027200458e-07,-0.081307387394511,-608222.18662521,-116733.61800114,477986.66315894,-2.4979766955901e-05,-0.081380173239001,-34303.361288269,61878.579714047,83752.317588141,2.6646885283959e-05,-0.081380827692495,-34322.533191764,62136.770892627,84038.213962651
1.8062709829468893,2.117828926336346,0.21975949829338404,2.0416837792458065,-32.0782728889705,51099623.915219486,59059869.45012486,0.5567033468826078,59360.393963209426,-1.4949941234218e-06,-0.17664650303494,-1720508.3297048,-50459.869187865,1540800.4263676,-6.9553632222931e-07,-0.17637972193745,-1998487.5594875,-67600.740351205,1783375.397636,-2.4573267208931e-05,-0.17652223208784,-29250.094514251,-775989.56636532,690451.90563372,2.2368824240247e-05,-0.17652179656475,-29274.408942475,-776030.53801194,690474.3348408
2.6943434193227733,2.1683117692519804,0.26981790532862815,2.394917038935283,-24.379429561708186,70389536.7923386,50776524.12897177,0.4526623902892515,99434.22614840038,4.7027901975867e-06,-0.086041649025297,-2428210.313715,-273904.51874591,2057272.2325034,5.0580731019615e-06,-0.084892231889589,-2562787.511598,-303172.41998048,2161966.4171083,-0.0001919096256219,-0.085481155258903,-48106.549461218,-252478.18816369,225786.79742919,0.0002015223575203,-0.085480299717503,-48715.524768752,-257042.83490944,241370.0187036
1.7531072596039412,2.244754454430691,0.25959153465090196,2.448022383341808,-29.55866654478607,22823632.0274994,81893935.18792515,0.5709408072227083,273.6623389306965,6.8332520800259e-06,-0.28551314902034,-322921.27681197,-66174.643719185,251127.00321742,3.67335575914e-06,-0.28541756245418,-454423.60108273,-102724.55136432,347428.36325801,-1.3639292648908e-05,-0.28547022213286,-15498.980814938,-214947.60547429,186456.46299144,2.4151984817032e-05,-0.28547287545847,-15501.147365791,-214727.50787568,186260.62023171
1.6558273811043454,1.6653818798883189,0.23297169879404922,2.164773545206101,-33.75120299180058,54431172.30448367,84438997.10196671,0.491820080674411,6661.914202830279,-5.902777563764e-07,-0.16389595759218,-702271.13179921,-20781.406051217,628787.43015066,-2.4710505035033e-07,-0.16380400276473,-806598.68699513,-34471.453669794,714703.6145626,-2.0742629960017e-05,-0.16385259089271,-18120.38863167,-52602.969547422,37033.970075798,1.9910083624738e-05,-0.16385226178786,-18071.838703071,-52398.589029337,36889.212951259
2.9356152945355483,1.5761921309099052,0.1608262195959893,1.9502721516109194,-25.962863645464218,60878219.69337178,64246989.073856235,0.4916423470459584,20177.291167456922,-5.3202001376714e-07,-0.090455278628749,-3518285.5521529,-40018.597280901,3207254.1178464,-1.0904621205642e-06,-0.087847764757335,-3031855.8719596,-36945.734702596,2762399.5452625,-0.0003420237950398,-0.089089538029781,13201.766003647,1450488.8947894,1319925.7295976,0.000340501431386,-0.089089063772834,13108.07913032,1451360.7369735,1321157.7191142
1.8427960503760037,2.7159449886338423,0.3108859888771921,4.413393480652081,-25.698763978350918,28405971.287758667,56997763.72198702,0.5814363476330737,75334.67622872446,-0.0002436401594078,-0.20137185299184,-133636.82653204,-279377.62294385,187847.31298959,-0.0001159170877827,-0.20130947762097,-236887.2150134,-306201.97738306,188518.66931512,-0.0001793088907359,-0.2013850713627,-3981.6088787436,-816871.11695373,745843.88288731,-0.0001800584066386,-0.20129911536256,-3920.7767295795,-815460.1575302,744613.43917789
2.281645402836747,1.6209735678002761,0.24510563587617934,4.140401627550212,-27.265756960035283,61114577.70225368,119437719.07461329,0.5107477040771493,32390.52126651772,-6.8269361824422e-05,-0.097361467443575,-43450.125821847,-63003.41200245,36156.722843941,-1.8296275459415e-05,-0.097337566001897,-111452.95211157,-100239.45866162,64579.695336451,-4.2228087712714e-05,-0.097384693772418,-54523.936227011,-493603.45798953,437630.00052267,-4.424735651446e-05,-0.097314894308826,-54454.575584734,-492068.37896125,441049.92439298
2.285146989251246,2.3485188197190454,0.26440899115650623,2.420990356480795,-36.83232232614305,35374202.37970392,50858775.30146793,0.44012427444537244,18213.902173005918,-9.4843530739758e-06,-0.314707936275,-1484966.2795606,44231.25273006,1393071.5664372,-6.7032404273658e-06,-0.31437509212793,-1767065.1230078,38922.086811474,1647718.2500457,-7.4855846134423e-05,-0.3145550056179,-14698.557084753,-263354.51518421,234168.78656085,5.8581138360752e-05,-0.31455249167772,-15881.673025499,-265586.26059879,232465.60715421
2.039627068512124,2.773164141211207,0.30891888534734613,1.3825022955121802,-24.167772196249437,51822574.761665575,69872403.15467641,0.516902006326796,66899.55098150673,6.4521942734207e-06,-0.10317876598328,-856282.52081636,-99193.960395172,715593.57099125,3.7388574268711e-06,-0.1030311624448,-1216608.1819557,-150848.72934287,1010062.9934796,4.1411158605075e-05,-0.1031161354425,-34653.776482028,-1072701.2914175,958487.46191398,-3.1265500877699e-05,-0.10311800129001,-35065.702439092,-1073845.1901714,959247.69241165
2.548952982477007,2.992966749909278,0.2677476921102246,1.351606542421469,-23.767928100426,10887461.045027236,90590644.4355216,0.4404399793257264,87479.16843985904,-1.8577355062489e-05,-0.5094876625084,-2701328.146626,-146901.97242153,2371815.1931263,8.6552477586101e-07,-0.50865735728905,-3756190.8379379,-219011.05668963,3287275.2976872,-2.8939321524302e-05,-0.50914394404157,-71135.492812898,-1482338.872523,1308531.6769979,1.0874442218801e-05,-0.50912601604057,-71742.652483059,-1484140.1820681,1309571.7901976
1.6771150204449006,2.153344779951192,0.3947561777688313,4.63818613436799,-35.10561820699674,34482877.757443726,88808957.69365917,0.4982450139964415,88861.67601215601,8.1905691754012e-05,-0.32356099690049,-98838.208639944,-254242.66315755,172778.2395262,-4.7916017302462e-05,-0.32352431528649,-189563.54161747,-278676.00675966,161487.85473945,1.6492235840594e-05,-0.3234929729726,312.98352832819,-643059.18956733,589842.68581688,1.7439106364141e-05,-0.32359370525366,900.52026068195,-649537.07974967,596166.08445287
2.6285918780534647,1.5641708687758957,0.1575006720654549,4.614915182754819,-39.73105800897256,75881885.27941482,149169351.36993843,0.4789768465442941,91097.60466331476,0.0001548219221501,-0.1905209330592,43547.076773486,-45662.211001488,607514.06274113,4.9318423235802e-05,-0.19038033330686,-82048.15358782,-60974.502278629,764033.5867966,0.0001023456678813,-0.19036667223156,-390979.09604719,-1174443.7659247,1192407.1234699,0.0001017339804351,-0.19054430168807,-387025.86002831,-1192165.5733162,1202856.1766809
1.7911998274198497,2.539122197087482,0.26567109116979315,4.032279075959308,-30.01569797651822,52888297.533586204,122088002.24614047,0.5278573740938932,71861.86856752886,-1.3128581600288e-06,-0.1484829578947,-113769.39542957,-270523.38880872,192027.117741,3.3698408918944e-05,-0.14842373374428,-226422.07613798,-285388.39227875,180671.91142164,1.7536431295826e-05,-0.14846596849054,12178.468489885,-788410.99513113,731543.86952869,1.4837313933107e-05,-0.14844160311277,11036.697559,-787373.7014308,729768.40820676
2.3430109788579596,2.278235800111254,0.20960894546750056,2.761898467870248,-26.499606400690656,13863181.059252357,129151443.0016161,0.4815491299915942,56658.83940378086,1.2138185059166e-05,-0.44070696087245,-1576409.3359518,-200491.76135493,1305393.9568935,1.0695754431477e-05,-0.43950570986348,-1802321.6783395,-235831.96988428,1488104.4339327,-0.0002170505115129,-0.44014023359919,-57726.763113375,-139018.32211875,95891.37820936,0.0002398813271281,-0.44014199642389,-57743.588124977,-138988.03837857,95937.202138541
2.8483665251617936,2.894711553745352,0.3118196480001927,1.8571137637499362,-30.54575360727737,10937953.08123804,137537975.0271354,0.5970292776252186,51686.83943100421,-3.0529562393587e-06,-0.71804935712863,-2274898.0909824,-105287.18516446,2010049.0029958,-7.5210694417095e-06,-0.71728977254817,-2923476.3416775,-147778.25992492,2574421.6529124,-0.000133029421095,-0.71771243271223,-40589.424774338,-370609.30689941,312637.34105316,0.0001226339373884,-0.71771670291613,-41714.007631733,-374932.82776393,315712.65177639
1.7544797022146355,2.2601453389901085,0.20393773415973654,2.854522368896009,-26.859384715354807,21609426.778171256,60950864.95724858,0.47049899609792484,86613.89183457739,-1.1357452197967e-06,-0.31780759485888,-1124117.7030944,-242627.00086022,866538.282121,2.4155392603116e-06,-0.31740243579672,-1294426.1761397,-284961.75713774,994367.02122878,2.317692593183e-05,-0.31761993968027,-29212.168132709,-1772738.1361231,1603894.6550101,-2.1908124619382e-05,-0.31761699257554,-29207.547585748,-1772960.5597885,1604101.9460984
1.9737644370742924,2.2920732848197405,0.21568085631706505,2.1478091865728652,-28.18010521805917,48284848.5491971,69977303.06997585,0.4894328497918064,5649.572425573337,-1.7967714425945e-06,-0.12561102177732,-1165047.8890573,-16453.095633965,1055977.0437201,6.6467072933845e-07,-0.12536380565968,-1461716.0517538,-30867.490576622,1317572.8737572,-5.4210904616204e-05,-0.12550032667915,-14962.187347592,-177873.29370679,152912.08476377,5.3015126147833e-05,-0.12549845439815,-14941.270718915,-178467.79881742,153474.41423658
1.836217199591021,2.5569394001533357,0.321797310153894,2.901849794177425,-36.71885769591876,13923909.978060976,107792352.0222829,0.6071244069904375,93852.40015438598,-3.2823520092206e-06,-0.87993841004752,-1023787.070237,-135702.4089791,844107.95867697,-1.4411607746419e-06,-0.87981781504739,-1295160.2722564,-174229.24950322,1066153.9614537,3.9384318793743e-05,-0.87988473108517,-83558.260131996,-1125137.5111696,972369.37400127,-4.4159943352396e-05,-0.8798835260549,-83334.754039496,-1124516.7455543,972086.36339666
2.5836844217917037,2.748341383052761,0.18343578545314354,1.9413242738406198,-30.43835761345761,30511035.366811913,140482793.97410965,0.572582992005252,79628.0088448036,5.8706045910227e-07,-0.27665138927848,-5582289.6105667,-153942.84172646,5006164.3270745,-4.2416201890148e-06,-0.27379163087472,-6505572.5721768,-190497.37591854,5826285.0808838,-0.0003469033307232,-0.27532501609894,-52361.904411577,-1451067.1825983,1293192.5447571,0.0003423667232664,-0.2753298040688,-55296.830814488,-1464141.572421,1302488.0594731
2.7089079279361488,1.5005548375567372,0.3292081769834787,3.7388165846072297,-25.941153922496767,16832949.724927288,77599611.4924213,0.5578259351699709,59222.62965171656,9.6613791691458e-06,-0.34637152168609,-2760664.78581,-112903.17717787,2449912.2490031,5.5962284401985e-06,-0.34577794603309,-2893692.9540026,-113819.59240724,2571059.8494701,-7.138886981145e-05,-0.34607626263232,-65232.89067456,1391821.0134981,1323171.8344397,8.669282668509e-05,-0.34608380487129,-64495.257325598,1386716.7288984,1317899.462831
2.3485218144290325,2.110677483114675,0.34754786900759943,3.2978767357335137,-27.631717292282733,21121987.34856611,84522885.7426735,0.542314097599409,56357.17747694958,1.4285688224874e-05,-0.30978335384493,-1559709.8681,-137758.04300627,1332586.4362418,6.1349766843652e-06,-0.3094963985219,-1751990.9758325,-170547.77822188,1486060.537761,-4.1019480494869e-05,-0.30964170932774,-52511.830844295,-67793.439088188,39453.857498383,6.1539873775116e-05,-0.30965061137809,-52252.704738382,-65583.302150611,38226.037878928
2.878327668529577,1.587561363538729,0.2081600864833561,2.2486599255703634,-34.502753625552536,67126937.06340128,141848008.10828605,0.4490253017736354,30601.405417860624,3.1106955140829e-06,-0.15115022742984,-1201947.3458755,-154055.38949264,994507.48701777,1.3338208988233e-06,-0.14973775508105,-1138681.1353052,-155452.66336788,935833.37778091,-0.000192140118431,-0.15043500830383,17494.862161498,113319.77495956,92199.546575331,0.0001967709972778,-0.15043684388384,17755.684914732,114673.15364642,93099.191340733
2.829214506178313,1.9565371582013018,0.17189368975691302,4.023943349744247,-22.090350003975967,33282904.3644588,100986426.33438239,0.436193185587908,41211.09379589039,0.0001925326311537,-0.1198749456226,37816.109107982,-29122.36515774,384904.35216744,9.3232948464696e-05,-0.11976334264437,-53627.514055239,-44440.943047701,549656.50351753,0.0001427697919581,-0.11975306624866,-244794.58122116,-820538.90565744,839044.17650208,0.00014311197762,-0.11989648625119,-238577.14735622,-846482.65219059,855958.95403696
2.3181043836180484,1.6845775878112341,0.2742822464572754,2.496083086073257,-31.554879427137813,21567668.572695233,141739668.71853048,0.5634391854309106,68189.46154319859,-1.6162427431153e-07,-0.41197745565541,-2506396.0254083,-46305.410628206,2263956.7115492,1.1095580937582e-06,-0.41148232581898,-2683860.5925927,-62667.881964574,2414931.9040854,-8.5917921571933e-05,-0.4117374050252,-25407.456331899,-43142.351589463,28165.263933267,8.6877443750542e-05,-0.41173568742918,-25072.359387641,-42921.507918707,28403.137911173
1.9157823382499917,1.6179426774975498,0.3058022840791659,4.576996047559742,-33.23859681751959,66930568.91538758,88518204.43394342,0.5849902452199018,72767.63178273263,-5.3837876900818e-05,-0.14470615716578,-31478.084793972,-257243.35402872,227061.61137329,3.3338469403416e-05,-0.14467977433361,-114454.06563559,-247176.13064716,160831.68487852,-9.9153643808388e-06,-0.14474439912607,-85583.060584656,-493941.87478012,419324.94570482,-1.0600877883514e-05,-0.14464136200805,-89891.078493974,-493341.09533296,416762.84878851
2.502466417382066,1.5498459231426502,0.17858841188232832,3.227231283591716,-30.86441161162633,22194497.732203443,79011832.1900504,0.6010228513657352,22536.116853144256,-5.0525698128511e-06,-0.33992957834921,-5388306.9701753,8403.674740565,4944550.4234298,-4.5477358591324e-06,-0.33789899431611,-5605630.1817789,-1565.4037752815,5136544.8165093,-0.0003316523200193,-0.33893204780926,-25936.672462483,1691124.0381127,1569431.3654161,0.0003220943104318,-0.33893078667465,22312.755278637,2102957.4777852,1919323.3012007
2.699463267535573,2.6965890145210922,0.31648480580703575,2.2585871675721014,-39.82904124887062,19677061.95742529,145475619.3796726,0.535623583914887,17729.859816238095,-8.0192244899533e-07,-0.62810110778108,-996491.69019077,-120501.94741714,829614.40937341,8.0237801064319e-07,-0.62768842074163,-1269222.0570182,-171114.84512652,1044901.2239936,-8.8208335703574e-05,-0.62791637599113,-15030.315357192,-185788.03670743,161710.59556126,8.8215100981593e-05,-0.62791486523659,-15504.039462939,-183840.00402483,158351.01226389
2.5529735582964888,2.7429051891277783,0.3550397924167894,4.797670965120177,-32.47689624540331,74697310.86748777,54553313.61709078,0.49250148366472685,42060.64595527279,4.6339986493231e-05,-0.11356149030746,-119004.24533427,-94999.870582046,67488.51608526,-7.478776519508e-06,-0.11351178358387,-205429.22557145,-139178.25080962,118252.03008746,2.0081585816426e-05,-0.1135129979182,9155.1327119824,-650876.63885732,603958.84009707,1.8229756146826e-05,-0.11356256963448,8571.9875610816,-669240.80635156,620146.01697559
1.9257206925668617,2.2945329826128593,0.3275275506376083,2.6975719899040174,-33.88769246390873,46399604.33097347,128126510.42828305,0.4440822308423939,61990.01867768674,-3.5247168277561e-05,-0.22446814236957,-999498.43392025,-94320.702044883,849817.5233291,-1.6128912002801e-05,-0.22434772351422,-1160643.4112683,-122414.08105312,978060.33450221,-2.7482202149588e-05,-0.22441930452181,-44071.044340115,-701488.85988486,611773.75807474,-2.3994282167472e-05,-0.22440402640418,-44261.825601468,-702376.48013591,612476.55356511
2.033196222793676,1.6809735300264035,0.3973250397028838,2.2947188021271296,-35.06145044113717,22944359.684668697,69608896.54658167,0.6015589552009236,93071.15986951851,-3.1494545342441e-06,-0.50108070355679,-631614.68473957,-161933.42942754,471307.37755293,-1.3782259807875e-06,-0.50098507957539,-686663.56382336,-191925.98839445,503045.70344837,-1.5056922110234e-05,-0.5010353650723,-56528.0303913,-282039.57495955,220357.23227835,1.0523629254076e-05,-0.50103327515588,-56478.599559298,-281812.46696511,220080.50219793
2.0681655083685104,2.3679120239973144,0.354345584088121,2.927862043817594,-34.639835195440995,13148220.890511503,81793226.02053067,0.4830506994497628,92791.2414857643,-1.5182677347548e-05,-0.85041202813471,-880073.64164149,-186033.67909682,680953.27185523,-5.711725584206e-06,-0.85023967669402,-1016091.2633076,-227526.29634395,778301.8662557,-1.8060900247595e-05,-0.85033491799224,-71960.272174263,-783917.08604183,668135.31850037,-2.9040297775869e-06,-0.85032673736296,-72547.582102481,-785103.06799955,668795.82120159
1.9384646414509077,1.7165188871050976,0.2546130354879009,1.4273057690906104,-25.408515602845952,38304539.96530759,93466155.18509962,0.49855601875409333,73806.1265241565,-1.2497856878984e-06,-0.16070295291545,-1588340.383412,-125045.59837323,1367529.6639591,1.5464071833518e-06,-0.16042171296603,-1793946.198818,-156875.43517103,1533791.3036848,-4.6146353987079e-05,-0.16057137289371,-52547.94439631,-116551.34046675,75918.951634509,4.6516762892056e-05,-0.16056793399736,-52811.142686032,-114608.09214558,74313.68800834
1.731002262113917,2.3973939347641737,0.2817654348960995,2.5384521196773413,-20.855687344032855,73541974.6149437,52477856.92676663,0.5655826674235126,64431.0034849868,-2.1576228454582e-06,-0.053227832551,-539850.05032714,-139997.98692026,401881.42594415,-3.4655348892562e-06,-0.053119250666787,-659960.46516764,-176574.56177646,488085.67940094,1.9468038355725e-05,-0.05317784481065,-52895.034759065,-794030.75291685,690355.75314002,-2.5120464811239e-05,-0.0531785204664,-52912.328379602,-794688.27585256,690944.26187855
1.7436643396775768,2.9728259634634266,0.25103489610836477,4.0521264143405045,-34.310793103033454,46316486.53147234,73533938.38016742,0.467488452504349,11550.764845498315,0.0001672848741305,-0.19636908350746,-66895.309030144,-161796.36469388,114057.43939167,0.0001092635556477,-0.19632555182434,-163419.55383435,-189249.93030306,119986.10526878,0.0001377718087435,-0.19633195749097,10983.139182241,-446627.59629098,418624.34688649,0.0001384561797084,-0.19636580945645,10125.025040798,-447531.41756992,418465.57490699
2.6770149665061984,1.870267190239408,0.15366543841384175,1.9197919384380637,-36.82267778793735,42154755.714273885,125533052.9893412,0.47615140599484607,47305.773252407176,2.0086553578965e-06,-0.27971904034747,-4975601.2995293,-93098.188598506,4494813.6010224,3.9249389249441e-06,-0.27620783228611,-4949101.9694593,-97678.061720973,4467273.7474729,-0.0005475058604748,-0.27797145096586,-83609.524101666,1478541.4716851,1416137.1304536,0.0005525552973723,-0.27796826204301,-81015.978286907,1467571.1303767,1404175.5589914
2.625563918954497,1.589063542217773,0.17055241794787065,1.0303858146028322,-28.270285336231535,74064307.15995628,52097675.86652732,0.5461621257249671,13941.074353338432,5.3564508247665e-07,-0.086181748906407,-1816558.5704378,-48861.144593977,1629953.1785199,4.931951158176e-07,-0.085161898512575,-1709765.9471187,-51929.576506096,1529914.3960691,-0.00014690372628,-0.085667466092957,-4959.1570121544,566352.17723522,522662.58397559,0.0001479030022042,-0.085667596497665,-5006.9889056901,566015.11284838,522439.70691704
2.6112955668849476,1.6863235545489559,0.15003224628765047,1.771744913280041,-29.124128429083008,16210833.29407021,136149849.80740324,0.5501851601792843,42716.03429637635,-1.1880568433887e-06,-0.4440771154585,-7718722.3105948,-9856.7498991129,7068913.3142385,-1.7944540079281e-06,-0.44017424814166,-8282184.2129191,-15357.903866214,7581442.2580868,-0.0006260410729504,-0.44218855846694,16109.686184558,1976331.8807918,1799897.4206232,0.0006229289899984,-0.4421883363811,16094.586220825,1975499.5347669,1799038.1272731
2.584670537624528,1.5838685923196385,0.19125266186361506,3.985410183492169,-32.55758121516094,48093900.44814783,149795425.59423035,0.4904782209954817,95942.71513121213,-1.1828237624031e-05,-0.20852719212715,-7190685.2863395,-272535.84491722,6396100.4175582,-1.1097734251997e-05,-0.20527021850491,-7102955.8774152,-275599.84690152,6313553.2690937,-0.0004983953244451,-0.20689256995621,-34135.430273243,2552629.1731327,2369037.1464408,0.0004757195828942,-0.20689226984239,-34364.648678236,2556135.6475067,2372723.0225164
2.8452483105573703,1.5606053844791732,0.29334831331096356,3.2764719287911865,-37.314337939338174,27215476.609889608,53375474.804441385,0.4486468497719826,40141.10514761443,-1.4181174075685e-05,-0.43842125716079,-2722806.9082849,-128357.0826801,2404254.6160147,-9.3854972072776e-06,-0.43756488408071,-2789944.5236487,-150942.2432249,2449985.2419781,-0.000127348177274,-0.43800122659182,-64496.505905072,1660488.3187976,1568734.8527263,0.0001037409238606,-0.4379929967248,-64599.05063727,1659066.6536909,1567507.3713277
2.655472456836247,1.7282657343089518,0.271976231745461,4.384014641159909,-32.229173616935014,37029357.957724296,145267538.66253495,0.45335715520825826,32521.1479595558,0.000390723096334,-0.23099408681229,22430.154975941,-30717.157612408,225067.5525763,8.8757842661259e-05,-0.23094040598513,-17987.935085661,-49181.377162002,318204.74895682,0.0002391588780284,-0.23073793566548,-148630.23213843,-444111.67106286,427970.18804462,0.0002403623396314,-0.23120272182449,-143045.8927354,-452102.26429046,425370.138707
2.982148150639425,2.8317207466888568,0.34309321592201414,1.3436823119441605,-26.740834517263004,43291992.43743874,123032153.9441957,0.5427823255308692,67633.82340091634,2.9025660698673e-06,-0.14913356171993,-2027015.2744869,-101052.39067545,1785951.2551676,-1.799526576035e-06,-0.14848022680382,-2571502.0675376,-150278.40368191,2250230.9460073,-0.0001084238456686,-0.14883776948813,-43466.318125119,-278698.695756,227024.08978247,0.0001091990490369,-0.14884262818788,-43403.758515099,-278361.96993342,225520.1606221
2.3140166187285667,2.911553774769799,0.3566616655703917,2.0909566228883003,-33.98738987843654,56913110.68404987,57680229.898142174,0.46119275026808715,7938.614780393494,-2.4059409294484e-05,-0.15962514341138,-636076.71151203,-38926.280146434,555381.03976648,-7.687079062531e-06,-0.15950839405959,-876636.01171958,-71998.228094443,752710.60575307,-3.360545467385e-05,-0.1595805759011,-15453.6243861,-263222.35510949,230516.63779245,1.6324437599883e-06,-0.15956837455206,-15478.799661216,-265305.20985315,232428.53470992
1.6422154604260903,1.8126698967830093,0.33629362822834485,3.900097422329871,-22.116854528903335,52273580.34849551,93817261.07906702,0.5736105738019487,82372.04390091255,-1.0338024636253e-05,-0.086382008125692,-794938.68172425,-175263.51386442,610864.38927774,-1.9620190473605e-06,-0.086304659706573,-863393.98654833,-201002.91229857,656533.41120727,-9.8251879656961e-06,-0.086348758027016,-60503.079038514,-609753.54459328,516440.69496932,-2.6491009209597e-06,-0.08634113007501,-61469.432929002,-615334.3982631,520885.48960225
2.407487699271069,2.735417359022597,0.1572730170296163,4.019650480191643,-38.3112067149495,56006573.46117081,88970825.69610874,0.4679642355062503,10835.530404779327,-9.866266594509e-05,-0.20365162914801,-19011.131498989,-36330.835242445,434808.83905214,7.5447443345173e-05,-0.20352332467192,-186082.3303142,-58162.716561798,638456.73694879,-3.033880344412e-05,-0.20367006638538,19230.185933724,-882576.34854769,887476.20263021,7.3857403722885e-06,-0.2035170948186,20714.810343662,-874498.51556927,886116.74345637
1.5089574685348532,2.259196347567677,0.21609459096883915,2.4526093701840557,-34.35125172501358,62695353.64386894,96571089.72164756,0.5059255994328704,43936.25095852356,2.8392149574825e-07,-0.15893191892203,-876036.75984228,-58133.232625132,761751.5949872,-2.5211392197885e-07,-0.15882871183538,-1121226.5413953,-76955.101607247,973182.96009765,3.7108728648272e-05,-0.15888569918474,-16231.130677722,-1067171.0077127,966476.22054241,-3.710479096402e-05,-0.15888616220158,-16238.151658688,-1067411.7463249,966692.14740295
2.8047273575751728,2.3223503221283157,0.2724419643396643,2.7414127077237795,-21.589456736358297,68860420.02741449,106852924.02710989,0.5411884026537201,6041.68780449089,3.4901028477979e-06,-0.049204076246114,-1010096.6399132,-117795.30026825,847015.72021314,2.4129448136441e-06,-0.04859791135758,-1104992.5079131,-139696.01302522,919285.33952884,-0.0001251386305538,-0.048911410403576,-658.25079186782,10402.822504152,11189.264900217,0.0001310912974391,-0.04891219196824,-995.90560226493,16750.159727417,16844.97794377
1.8041753666520144,2.3267430470808192,0.28008563086075794,4.879937665353792,-38.8744960345834,54962956.54990605,111718968.8606151,0.48516698562346317,66344.00154939764,-0.000268318552953,-0.23762102715564,-115806.58219778,-253485.51224594,174567.29911252,-2.4394583547073e-05,-0.23756974395046,-220465.46577271,-267943.91772862,166363.02738588,-0.000145266055176,-0.23768989127053,19344.335759843,-765852.74813393,716064.842489,-0.0001474801554935,-0.23750183391435,17441.413421241,-766645.3660162,715439.5562029
2.9107681460634067,2.234828102510562,0.3600799878187123,1.4921694110661257,-30.689607731810646,75669643.21618235,111121941.98275678,0.5352700555927886,48002.35739317703,5.8150713028522e-06,-0.10711399980337,-1653764.4551659,-56127.837428013,1475654.0068289,2.7641543094481e-06,-0.10670830960418,-1897522.5303353,-86831.217076264,1677317.9733939,-6.6059836252533e-05,-0.10692105925849,-31344.6222197,173831.53063784,182883.22448949,7.4671742098262e-05,-0.10692469357945,-31165.887770534,174449.07609703,183351.97262247
2.304028941977572,1.8032869525136825,0.2984297054804721,1.2779737615912286,-28.076798389518913,18118089.79851683,117161106.35407174,0.5679350159374599,67873.23846768268,1.1219420648981e-05,-0.39885355702755,-1813570.519779,-82846.040674693,1603194.1347544,-8.5826879726712e-06,-0.39852248635639,-2114362.9189178,-115649.94969483,1855722.8058805,-5.4101206981842e-05,-0.39868593018457,-54126.42279853,187462.22904951,214089.7143061,5.6747154593166e-05,-0.39871100414797,-53980.489873799,187387.59146592,213893.49258044
2.091876347363154,2.920966553106258,0.3927587365449463,3.589119016070084,-32.311351313613564,45493850.16432404,94617681.80682783,0.513836999907192,26489.544671908516,8.894245279893e-05,-0.18028740026539,-556981.53515044,-103746.17435781,439724.06330298,3.5762246121381e-05,-0.18019962634775,-776704.26949624,-153001.26895547,607932.40026424,7.4151728746994e-05,-0.18023024132199,-34523.663170219,-665712.77503807,585783.57082274,5.0736471166194e-05,-0.18026741226288,-33067.648286852,-664400.11725081,585501.12399519
2.007934138536524,1.6035675126223594,0.24733375954193676,4.623753227983661,-23.027320473900236,54201656.19517704,127285508.71512198,0.5530439616396111,30190.390608022743,-9.3786636842271e-06,-0.075888771344667,-11677.529538358,-191008.81033052,172620.79524963,3.6310124918662e-05,-0.07586615389294,-101198.64163666,-176563.71009463,118307.11775858,1.3845738589267e-05,-0.075906107525777,-67963.413956409,-425421.99721375,394948.06718736,1.3085862552114e-05,-0.075848987152859,-65484.658537057,-423193.76160127,394695.34946486
2.246711040940977,1.57154293008734,0.35344092099118074,4.679164959591308,-29.71319381861882,17351135.162656385,114115853.09668043,0.4646623246607786,5940.726207478069,9.1680883105677e-05,-0.38549513111782,-32112.372609497,-57473.33890655,34710.983057489,5.56817530833e-05,-0.38548270879017,-97730.255853073,-95790.540173431,58255.099949993,7.4386276028686e-05,-0.38546358057541,-34819.379187959,-285746.8710868,252758.57776617,7.3098547603418e-05,-0.38551526513022,-33404.322048443,-282359.38690057,249732.06555877
1.7307474789472639,2.641782667199327,0.22315037041572228,2.1893526289627907,-38.478933003938856,71740136.0108782,69122180.33114387,0.5563025672534567,45787.97637580993,9.8582846355891e-07,-0.17256217800999,-472105.48104153,-99406.204225228,365490.47165898,1.5898656709202e-07,-0.17239931333466,-609190.54968884,-133491.6453611,468373.9011038,6.070455302299e-05,-0.17249027811615,-50377.356511822,-868202.33486473,760071.5601264,-5.9666837053921e-05,-0.17249316923779,-50383.640569385,-868344.068851,760180.63129841
2.0823214607536817,2.40624347620319,0.2629777441959695,2.486530993602411,-37.43264638356712,55063078.14570943,101207667.71775976,0.46967151430426624,66130.88136548061,-4.5451600200732e-06,-0.22808359547899,-2015636.809177,-59075.171459851,1805131.2317764,-4.5234312218222e-06,-0.22774771110077,-2304486.8019304,-79391.378043581,2055418.6939152,-3.4194053785896e-05,-0.22792566115654,-37461.679569728,-863810.37094967,765118.75333153,2.5072453073145e-05,-0.22792564495281,-37453.697214076,-864504.42576252,765754.88626472
2.108350168751082,2.1077939240271815,0.15286831254946687,3.312572923661895,-22.21189814289444,34777277.43380687,129712819.62704897,0.5701730213214931,33251.9852537116,1.7595891997078e-06,-0.11329671926218,-5496634.5088004,-70504.131554922,4987360.7649131,5.7432673547977e-06,-0.11151285765062,-6033355.5471276,-80246.842807245,5472195.5901906,-0.0003209986375204,-0.11244555717029,-40028.918733412,-220614.89388724,174994.61753891,0.000328273815387,-0.1124405984225,-43471.512240879,-207474.46379972,161371.34868294
1.554598396690034,1.7812680385009672,0.2575863925207301,3.9514750482072665,-30.11257108710577,60795555.292099856,105116809.19788316,0.46992957719995043,73993.07268940138,1.1295200616622e-06,-0.13598130183071,-1402278.9405144,-142716.27633845,1185377.4451979,-7.5366894884183e-07,-0.1358470060529,-1573162.4330942,-165947.88225223,1325783.0866007,-5.025553054687e-06,-0.13591640373768,-65010.533052645,-798995.74076897,686558.50584403,5.4011071992429e-06,-0.13591794476413,-64565.248573727,-797993.34372509,685934.17744873
2.0888466725015706,2.5640011303438217,0.30978049398307195,4.088104290270103,-25.369979499305245,77252250.59075512,144231564.73102525,0.5849047199673498,7741.883152412674,2.1461771320269e-05,-0.060321799186595,-35584.816051012,-52761.652371066,30393.236102904,3.7676220539508e-06,-0.060294031063648,-151764.86679638,-104034.49134412,87165.801770506,1.3341572339146e-05,-0.060301324491761,13203.733916569,-389617.27516937,366841.26621922,1.1857982634669e-05,-0.060315895715344,12378.027549237,-391226.97142053,367735.1803021
2.2658649500780887,2.2399083412706866,0.31773658650627873,3.7239258238805615,-28.784992052945654,38123644.95124995,108616142.64507264,0.4636736793737512,44748.1354944442,5.2102563747738e-05,-0.18318254392982,-1852643.9534126,-87091.836712362,1636026.4762141,3.3349333410896e-05,-0.18287286885492,-2074950.1743569,-112976.87555955,1821513.4512925,-9.6558270357031e-06,-0.18302572877019,-44739.657250264,-310489.40428385,253729.46334953,9.5269749861737e-05,-0.18304388294753,-46438.43722627,-308251.32995393,250604.28513245
1.921369007827407,1.5678918498403198,0.32641142621624913,4.400753764992306,-36.32364862556645,19177874.348770335,108032624.82626647,0.4596501545660414,80163.35810235405,-2.6606963676468e-05,-0.62859702503346,-70794.626546742,-265756.13944477,200831.11677995,6.7809780004049e-05,-0.62857125715736,-113858.0869029,-265742.82545205,187092.84331614,2.1481349486397e-05,-0.62864206865288,-101952.04238207,-503133.33580578,431318.51313697,1.9734041210994e-05,-0.62852637977423,-99058.597878062,-498335.55541093,429373.5940146
1.5309660580161926,2.952272083027493,0.21156756371401012,1.6824903299796738,-31.612636525174274,46664973.198141724,59962366.99483154,0.5917868403574881,25486.315108841423,-5.063036622259e-07,-0.17191931682927,-371447.62123695,-68521.952308353,293685.50285317,4.0180302260485e-06,-0.17184996631925,-834833.94434784,-117472.04618502,683825.92404537,0.0001490354285846,-0.17190082576541,-12415.714218226,-1301635.497906,1184124.1966957,-0.0001457762773849,-0.17189859940658,-12651.314187246,-1303488.9910745,1185629.4892179
2.0933185367433973,2.8524809324443305,0.3980805264902415,1.7948553362390782,-21.79644710636677,60049689.93885962,128314404.85375531,0.5413846046473056,48470.49604567297,2.3097248063515e-05,-0.068242676570273,-491526.12268475,-88876.805357568,390000.30226649,1.2595345621765e-05,-0.068167619362721,-713979.43153414,-147001.3914688,555043.77428151,3.0388713525048e-05,-0.068206629714002,-32248.109938501,-635628.15564147,559744.27225997,5.5523422514151e-06,-0.068214226700362,-32070.176645889,-631935.2551133,556471.41365334
1.5608821707495995,1.977119148714556,0.20928272713056464,3.1224531638321147,-22.89555907374249,67347336.160132,115812722.27994329,0.5370295108547625,92666.8104706168,-1.3845131786627e-07,-0.07521879668145,-2321651.0189926,-116799.46856966,2044950.3014129,4.1468354909081e-07,-0.074950112189215,-2530321.7883246,-123739.21145814,2231074.7567464,1.0128288559295e-05,-0.07509075801901,-62334.319188407,-1378797.4386186,1219508.2000403,-1.0005013082446e-05,-0.075089896313329,-59569.192081583,-1380305.428147,1223250.8102816
2.272618412136616,1.9746656708567651,0.37193788179633697,4.120041261304856,-20.994641519367864,60900773.41134166,50052166.98694642,0.5252945033879938,31290.938589598438,7.8388467008141e-05,-0.056020464778107,-38785.246595842,-66098.419763749,39366.233075723,3.0621187969502e-05,-0.056000781226331,-118095.89073594,-103414.85026645,67816.866760635,5.5194473950963e-05,-0.05598354865545,-30398.51568845,-350715.79700663,314492.73396654,5.3879266725641e-05,-0.056038675714924,-27943.87412703,-359282.12310861,322553.86098144
1.5483387915584874,2.8984923969345027,0.23887228102368835,1.6082964765091134,-26.81038724179048,72274852.85767776,87128990.1379888,0.4654077702210213,70297.22865805993,3.4608682914453e-07,-0.09276057552274,-349307.21761085,-116702.47640372,245201.09583582,-2.4501115017804e-07,-0.09271778705237,-729840.18660687,-170397.91441313,554680.40184592,0.0002306729191824,-0.092749812829242,-59410.861018394,-1876198.026499,1677188.8545399,-0.0002306335010764,-0.092750424684527,-53816.591292865,-1867044.4316928,1672722.9545642
1.8732123252896817,2.495253926896018,0.19259381030378847,3.0024142856385247,-37.04520939493497,72965614.32019758,92161569.18020129,0.5761222975516233,54952.088387241834,-5.0701503715595e-07,-0.15929376975978,-2935810.1107163,-79191.346920726,2634427.9875654,-3.2528506852371e-06,-0.15873904530509,-3415426.0209041,-98243.518228136,3060465.7383841,1.4697344947386e-05,-0.15903578673002,-45278.871724866,-1441507.5594014,1288867.3443057,-1.856339861991e-05,-0.15903691953003,-45235.03271863,-1442692.1320729,1289940.3942492
2.2778660055938724,2.3661566298694447,0.15246247246747385,2.3530307036744444,-23.86573744195,67160535.44035026,137436464.33824772,0.5632513833164221,47873.191361661135,-2.6238578719451e-06,-0.072574760155104,-4138684.4458543,9214.5691888637,3799806.8286854,7.1045352214127e-07,-0.071067179410219,-4474694.5573392,4899.3365706394,4104655.0879252,-0.0001983740590065,-0.071851099942577,-34005.350913181,-1020892.2826754,911481.39724052,0.0001964439717072,-0.071849683867878,-34110.59630859,-1020875.8775955,911403.27620376
2.6353234241865326,1.8919149648713773,0.38159812462193454,3.6733050776945197,-24.1110911978802,52204579.489400834,138846082.60717452,0.5377935110855241,39689.310862352606,6.7323460546586e-06,-0.090861094545336,-1449886.3138532,-129408.19262167,1238051.6378002,-2.1969938446216e-06,-0.090575263796783,-1541945.8377299,-151265.93720583,1307482.5231589,-4.56311916061e-05,-0.090715317005517,-37404.685249718,266492.01497038,272007.70956592,5.014080335958e-05,-0.090727327149282,-37159.071835495,265701.05157349,271099.5293948
1.507761992524875,1.9153906114331631,0.2836695391901173,2.057799766744134,-20.358615422029445,49605800.522493236,72319660.49641082,0.590484876620152,43682.59681257183,-2.3795167031296e-06,-0.072644823148212,-505798.0249519,-66288.329394793,417533.62998019,7.3842846314287e-07,-0.072595731522212,-620204.8843026,-89864.420628807,506287.74495648,1.1324830502431e-06,-0.07262338259374,-33809.135489452,-433682.60024946,373689.46219274,-2.7845781766481e-06,-0.072620943804397,-33811.368932762,-433863.66727054,373854.13810834
2.9663948667134443,2.657980693553199,0.29944805857892043,1.8711320461566292,-38.17088255153364,72753691.68449417,128988024.98483652,0.4903835488461996,34391.04359631316,2.5588807895433e-06,-0.16603582775109,-2328918.0428454,-48584.981071364,2099725.7974876,4.1545367936189e-06,-0.1652915005621,-2688223.8459777,-72761.916413897,2411803.8917039,-0.0001367517725435,-0.16568823978861,-33421.923164817,98216.065646468,115938.45234518,0.0001434044802605,-0.16568668627355,-34080.491892503,98547.232691555,116747.28092721
2.0013983431240665,2.2637502891061247,0.3356578357315587,2.469512256399582,-34.12016767311283,13320135.298096271,61778854.06150211,0.5680695200992858,39372.49864339318,2.9770186122733e-06,-0.71873068575184,-557728.98553105,-111017.65487639,435791.88397576,3.765408468792e-06,-0.71861599788723,-688551.56051024,-150546.49891928,529579.83327546,-8.7436157110597e-06,-0.7186787400687,-33948.403094266,-427616.70248554,368383.06350602,1.5477091819753e-05,-0.71867805526926,-34020.851836156,-427769.41360746,368470.1928496
1.9646463687954017,2.132267404855589,0.33590745269867806,1.73335348420344,-22.986804353516256,11178618.809157645,120835970.36221121,0.5838896200066758,54855.797276012076,-1.8910388044617e-05,-0.42046595446595,-886543.09563497,-82499.584458913,754571.74299969,1.8278352630092e-06,-0.42035635997282,-1112996.899846,-128709.72077755,930273.81900835,-1.7514163478749e-05,-0.42042595343078,-41837.568499372,-449758.86240994,383156.95320005,3.7904317587139e-07,-0.4204066152894,-42135.728154239,-450356.83530061,383496.64844819
2.471602944097504,1.6453308909787745,0.30369998619585703,3.6192703023177932,-33.46149091422477,21288960.810522713,82285730.07756227,0.5728639720853685,62241.801909450056,-3.4866874282366e-06,-0.45377482755006,-2824079.0177697,-115163.79292711,2506277.5229303,-1.8060219478267e-06,-0.45321367179634,-2968394.3169306,-120812.73122453,2634489.0954498,-9.3263453242482e-05,-0.45350190139364,-42837.513462488,713606.44561996,685375.91444776,8.7924468755509e-05,-0.45349943193425,-42993.085965041,712173.53185761,684116.5787803
1.9295439304124562,2.625609664830037,0.2641837379147527,1.5239168746422513,-33.8593004133545,10301541.087557904,87640878.04262915,0.5541325870063963,63809.346658604496,6.1594450495425e-06,-0.96773806193414,-1068144.6146963,-103816.53077675,906124.08474614,-1.7797313963833e-06,-0.9675459610647,-1550929.2005797,-157085.12073159,1311357.8728352,5.9062386501668e-05,-0.96765709491074,-52587.692987613,-1265458.5420559,1122840.7904575,-5.4740780880524e-05,-0.96766257961859,-51824.924161087,-1264022.9895056,1121604.2418562
1.5559327957154365,2.9252587779068975,0.21231201807997518,4.9340173348841905,-31.036035615480735,47510652.79195918,91835854.68697114,0.5544141020458613,93762.58096821008,-0.0002390847635419,-0.17988237027037,-220109.19197765,-460933.0740165,337595.82504785,-8.1034878538153e-05,-0.17977869265968,-362684.9235651,-486954.38535921,339503.79448003,-0.0001551083234938,-0.17987415959923,6630.0529016252,-1090654.147919,1004545.3095498,-0.0001658274437494,-0.17979034510007,4918.0415746301,-1101339.9709848,1013372.6611884
2.0545062758501778,1.8932684339200256,0.17685646024115875,4.449865914617256,-22.403783502316756,51967051.82808158,135853755.27544242,0.5878395033241975,60292.78518363289,0.0001227223828818,-0.081185056189233,-88148.48487631,-57871.121241072,51053.977276712,2.2642363285485e-05,-0.081131921878635,-256517.77112897,-100979.04798065,172256.56262505,7.6135878267217e-05,-0.081104617308944,-70390.816285962,-898140.62261742,832587.15671962,6.9130143236279e-05,-0.081213315537424,-69086.960810352,-913241.55549364,846435.90910089
2.246140654391578,2.0854726509147876,0.17701795939620002,2.8672350158883786,-20.5914891745337,12286142.562581755,67056359.0219648,0.4823626419079468,8994.603069270368,8.1652034912304e-06,-0.2533476155915,-3228151.3260771,70797.108916082,3009899.5486371,7.2291314897588e-06,-0.25226383071105,-3913830.616572,76182.485343486,3642201.5746342,-0.0002293950243162,-0.25284966609681,-55499.366307891,404304.3752209,412852.13814469,0.0002449943231391,-0.25285071625747,-55512.013582364,406182.02927589,414583.00342008
1.6599962226535783,2.3125335267314107,0.2945655221536715,4.607368686615375,-20.237077380210927,61082959.83848533,56237220.639391534,0.5640448249700415,43366.40954603946,-1.3574420050627e-05,-0.051993108928298,-53797.696603096,-199199.36045162,151184.61828044,1.0652459396241e-05,-0.05195627858417,-177711.55821806,-213642.4397123,127296.38341438,-1.2546403581268e-06,-0.051983836819594,16398.305324235,-551321.59636799,517338.93893297,-1.7188168881221e-06,-0.05196650984445,15176.373628124,-556607.01716047,521332.47124883
2.1596700865974956,2.824532783882132,0.19287760924090194,1.0817132985007838,-29.455648131964377,51845521.56435583,143299168.8926898,0.5174859837909429,28266.938414545584,2.4788941772028e-07,-0.13593281990526,-1764153.0273968,-14892.060194377,1606174.8807364,2.1347818303819e-07,-0.13540314550018,-2700255.7251877,-30592.637358956,2452861.7377128,-4.9462424408869e-06,-0.13572405124481,-12549.700848262,-934823.46745798,848052.58912056,5.3283104337666e-06,-0.13572398591478,-12513.095182636,-936127.2776821,849108.51426771
2.181502951889721,2.5344432260177934,0.28059151449057995,4.0783234102958,-24.360232624778646,14039030.158870013,122225752.64077696,0.45621985558460265,89346.02601214881,0.000186396992522,-0.392517723969,-245180.56128966,-91617.137847754,167018.71525986,8.343031338011e-05,-0.39244503307164,-360884.11221197,-143442.50868641,241561.18360183,0.0001402227408349,-0.39243804265871,-7823.399022282,-1048426.9370359,955762.10467985,0.0001295781271298,-0.39252657407902,-9525.9111197999,-1051178.5771187,957105.67608142
2.2321110503794994,2.431243887306689,0.2829793607731552,2.9186510551060607,-31.650345978340262,66772217.55870983,104648488.8391554,0.4449390029953624,2714.660544995283,-1.7844623922672e-05,-0.11618739396201,-562769.91397144,-82515.389761679,458757.80716781,1.7357144461281e-06,-0.11597573757344,-683234.10546849,-112423.09833319,548949.21400024,-5.0640451315074e-05,-0.1160976581778,-20794.251968977,-166701.16176587,138515.66304833,3.4507730341201e-05,-0.11608176924473,-20840.479386529,-166371.00572255,138253.2668477
1.8373337459338424,2.010695383979762,0.18942223059194163,3.447856673384073,-22.461631663340466,43919038.5428839,52889953.084424555,0.5303505738001167,11209.564197400987,-3.7823186470379e-06,-0.085062474142871,-1728849.7435656,-92790.830436374,1519393.1856108,6.1291771148206e-08,-0.084627856324192,-2044495.706632,-117010.04519517,1791692.1085328,-8.7471515670498e-05,-0.084861970697178,-27875.101279967,-242787.64836224,203599.29329701,8.3575841293346e-05,-0.084858809037803,-27700.336708077,-243973.12708127,204273.97103743
2.8688590484208936,1.9219515976816046,0.15538506757805354,4.978719070664877,-36.47054322930131,77524856.69253504,53394767.900428265,0.43890193204440137,48250.03105800113,3.7000176595762e-06,-0.14604182094843,26204.657715881,-33298.620326521,504566.39665145,3.4898171992704e-05,-0.14590083229628,-86163.152475158,-45715.423301073,651386.44820053,2.021934823714e-05,-0.14599894439796,-303852.06816864,-1045151.319709,1057960.2026437,1.8412130331827e-05,-0.1459535249962,-306373.49091041,-1074826.6882452,1090886.5678989
2.8221498094799955,2.568825517587255,0.23163633041798182,1.7845636124946067,-21.742680458806007,73702402.49598593,135975705.2703778,0.45886340532675196,34985.57450410983,-5.6179240432113e-07,-0.053777777106088,-3182603.5965261,-12274.562819936,2908185.0770224,-1.9036525929517e-07,-0.052580580199919,-3543027.7172995,-34949.698832404,3222428.7622984,-0.0002059947898124,-0.053211391109017,-37907.160282986,-46792.448794304,28386.014238922,0.0002051289859168,-0.053211469734294,-34888.143885745,-44933.540473607,33170.268290555
2.9729086000792595,1.550950789337688,0.1931234611990128,4.487886609207576,-39.12628810589903,44566750.35153296,109810566.89850134,0.5555494069918138,90866.94753895428,0.0001108900399314,-0.30721945416549,116001.18316768,-54980.811958844,673756.41662203,5.7327562046001e-05,-0.30707255087061,-56312.494400483,-71387.804688923,809696.28750741,8.2563505096468e-05,-0.30710025304979,-395242.35472593,-953836.82803539,1045639.2610004,8.55839595463e-05,-0.3072040647889,-392201.02484322,-969095.89510236,1051905.0367393
1.6633746914219685,2.3139291892247105,0.21010841413058726,3.4382184119698764,-21.73103854222144,39201794.1061471,54653253.165882066,0.5994341028356298,91736.30552449371,2.6770317085768e-06,-0.11375978792859,-2650452.9250832,-133251.79010191,2334446.6673858,2.6103320700977e-06,-0.11341362263556,-3086764.7488932,-157590.38810546,2717250.4301061,7.076011392322e-05,-0.11359851190571,-51675.84623462,-2140657.532537,1924997.1360398,-6.5262114873726e-05,-0.11359953377965,-31670.263331455,-2124090.6486196,1924154.3730507
1.8034431734964926,1.5458811074591434,0.17413449868113334,2.8414136250711115,-36.254652073681726,55192293.348554686,129440411.68133712,0.4812848513537283,29022.766748221602,1.0759351420467e-06,-0.1971933523106,-2361884.0671545,150263.22038483,2274505.8815325,4.0770654353998e-06,-0.19674076859442,-2503862.6398631,151424.13457435,2405403.8999844,-8.4988665644919e-05,-0.19697424165288,10793.624809671,-348299.81159996,327240.70924878,9.0253806434554e-05,-0.19697079314953,10976.465318184,-347456.60998554,326413.02638994
2.546063906823899,1.8526128818086773,0.3313117452335276,2.924880038842291,-24.08902794294934,72035670.68431655,146031260.52374476,0.5893476227386587,20255.20848318002,1.2922560741438e-06,-0.063137443000852,-784912.28022705,-99849.319754823,649954.30432072,-1.7480258988236e-06,-0.062873261231602,-836668.02162939,-119135.34280562,684371.73579134,-4.8582831960804e-05,-0.063006237371042,-9391.995022556,61130.821698627,63016.228135362,4.8096816101132e-05,-0.063009851383875,-6676.1652538486,73251.719958534,72043.443160586
2.421069062066889,2.1203859083321763,0.21522566387279046,2.8028501666703436,-24.33862698027077,25985686.189165965,57526460.89632096,0.47148543565251316,6198.078330598364,2.648922668696e-06,-0.17076970824896,-2364044.6284009,2970.8136934732,2168822.6850721,5.1882054705973e-06,-0.17006716408175,-2725087.0737864,-7295.7057149175,2492333.2153194,-0.00014879520608,-0.17044046938178,-30321.337876557,384404.20684559,374855.74711651,0.0001567924290367,-0.17043776222458,-30302.091488003,386006.0511477,376376.99088747
2.464298155740034,1.9968126056353999,0.20992406905909602,3.2790724256369597,-21.4944292243448,27841604.55204756,70912568.89209387,0.4973315970347961,8830.63938359381,-1.1333424498939e-05,-0.12134031294725,-3356020.8994311,-11157.820572226,3067837.3915815,-6.678636923631e-06,-0.12025377834973,-3727443.5452618,-22931.383718309,3399794.052057,-0.0002303887322268,-0.12082349629673,-12595.31624656,584176.53372363,544578.58369456,0.0002122904958618,-0.12081756857752,-12646.48135125,583308.64230344,543840.45154964
1.9445407254148463,1.9929166314165052,0.35170666807504336,1.4951177053283446,-24.029993427240825,37544297.4796364,95566904.96192515,0.4848507328333991,76209.32998611106,1.0317773194415e-05,-0.14883869537978,-777829.24322707,-111037.93693986,636058.317178,5.635122622183e-06,-0.14873866780478,-916693.34915685,-150109.16129908,737008.36513838,-9.2898240836328e-07,-0.14878990665287,-48950.03867561,-430936.53431556,360959.15402045,1.6894212271238e-05,-0.14879430355274,-49425.514612248,-430466.40234698,360216.48757515
1.9090322334755085,1.6385928250230122,0.34033241549662224,3.35146094978505,-21.394803275819363,45263023.88173354,113515894.21747755,0.530463547428969,61889.036339417435,-7.0196909687806e-06,-0.090036567350552,-1107851.7635213,-123416.62017168,929129.13335744,9.7273186378017e-07,-0.089918407174838,-1194767.0498286,-145694.48049798,993548.37140194,-2.1431077803505e-05,-0.08998367753618,-47517.846087833,-165244.6794184,120287.86921592,1.5371818246438e-05,-0.089974446679354,-48366.37474793,-167533.17627083,121847.56631787
2.9888823066426378,2.642961438743644,0.2824529737354323,2.8101665268669898,-22.1474534014571,53748960.020369925,76418890.80019647,0.513734914836573,33639.96684145443,3.2877754605767e-06,-0.072305181141161,-1612192.5721918,-143811.18580237,1376454.6630497,-1.1634276991114e-06,-0.071284036653189,-1801191.324133,-173254.36922336,1529213.3302287,-0.0001999491896599,-0.071816151024795,-21743.092349951,-212327.87405554,179747.17884485,0.0002021983921808,-0.071819904026156,-21810.888430678,-210802.90598491,178329.86704375
1.5791682686128399,2.8934267679003116,0.21381735880610253,4.001240500509075,-33.363117914008406,19889368.426879495,101010780.7648565,0.49317299255817193,530.0727456551975,0.0003814420698789,-0.41398110193006,-68300.582532353,-160217.42068367,112838.08051715,0.0001532553600925,-0.41393771942585,-194764.98628373,-197916.91441769,134289.86297454,0.0002669672448654,-0.41389969049756,-9009.6378600494,-529499.88516976,479166.73720229,0.0002673649072761,-0.41402367487745,-9579.3205643835,-530102.18928891,479151.80346703
2.4995826480140653,2.0280071137428637,0.26519236252864176,4.894692234985586,-36.80431575700638,32699271.199523922,64440868.0654861,0.5722966101186528,35732.2378375245,0.0004687685853346,-0.32958205089177,-73505.745033367,-96444.395760279,54721.263680377,9.7099982438449e-05,-0.32954000225624,-184526.33135278,-142588.67625824,104692.51903176,0.000284213240811,-0.32933270037873,41666.990972697,-761241.40575696,728131.62237034,0.0002815596625899,-0.32979095012302,40775.186813841,-773094.56110573,738383.16713826
1.9105143705751737,2.0705695683813614,0.32617523312185287,3.8344849364712306,-33.59228967576041,30769081.167523123,91524624.11809981,0.5235516625995149,81945.37177380778,9.0975924007641e-07,-0.32832339845634,-1512601.3837675,-155515.53078839,1277390.5910457,-3.7179802859904e-06,-0.32815099313176,-1696759.4245906,-187233.35876399,1424254.973654,-1.8702651873501e-05,-0.32823890994552,-64864.077463521,-662771.48368457,562053.11459418,1.5862720335707e-05,-0.32824309078498,-64694.293308249,-663358.12860508,562704.63187717
2.668185965419445,2.5201391138700533,0.3053612134062742,1.3855923406584552,-21.526410958652512,38747353.52240683,134425722.42230716,0.5768881489463238,62312.21741466729,4.6254527612879e-06,-0.1090714426959,-2241971.5954719,-66793.03443349,2007065.7436936,4.6460230625361e-07,-0.1085043335983,-2776308.2964695,-101520.3004959,2472099.0050822,-9.408114533849e-05,-0.10881169185715,-44712.78981719,-179295.99413377,135591.43829843,9.9098947795403e-05,-0.10881633394004,-44774.608694277,-179852.94142271,136063.93072033
2.800010792830671,2.08175203585494,0.27331753326914066,3.182560234245974,-31.552621545737846,62801111.75261024,122277717.60107824,0.5826738424217668,62748.018301884986,4.2086679011759e-06,-0.1380035596049,-3516822.0475813,-170648.65729585,3102750.5885312,4.0661525441651e-06,-0.13679728488428,-3652737.4025439,-189228.74199018,3214251.1703491,-0.0002074544099576,-0.13740998187237,-45457.652658323,617154.95579356,599607.30086442,0.0002157138867103,-0.13740929400115,-45643.42935884,616443.90530289,599066.77148619
1.898215642550699,2.4121449436927946,0.16512666282265562,2.983950424445901,-20.51515323461913,28699871.864667296,129901023.69034944,0.5257093517887528,49643.86247886731,-9.0315707933828e-06,-0.12279390363495,-1708538.9311009,-465872.3301778,1356704.2307138,-8.4516278336695e-06,-0.12195376580333,-2033096.8649122,-558789.51677673,1611756.8399727,-5.3628369545543e-05,-0.12240827363537,59744.677399521,-1605361.0317483,1514870.2193795,3.5250815554916e-05,-0.12240724740004,60129.448338827,-1608605.3539964,1518119.5758756
2.479860504735531,1.6704797196589904,0.35872480227985903,4.187219276063112,-20.297904568956376,74791765.22566232,62182179.35495539,0.5929763940259933,65472.43517906981,-3.5521184810137e-05,-0.047800448365623,-55120.429603751,-97509.639635102,58690.577160725,-6.2919286641863e-05,-0.047777795775814,-142170.22568908,-128365.40197456,82037.537371944,-4.810410561982e-05,-0.047769146412105,-57311.193339376,-490078.60851068,437632.23806055,-5.0332407151189e-05,-0.047810125390534,-58292.305384027,-479383.86803456,426774.90221266
2.2522461334819095,1.8373901357440192,0.20288772682687853,4.22913383159433,-28.827702643383994,46152567.178366736,110555147.05269822,0.5247860974003448,41946.83599888173,0.0002512550029846,-0.14662086496751,-65919.847437751,-57810.17121964,37779.41500533,6.7858432882169e-05,-0.14658145697758,-169656.39237807,-97452.559015131,101757.7791139,0.0001618289017935,-0.14648856202255,-69198.182806743,-694898.84167963,625676.68147629,0.0001573060154683,-0.14671419152884,-67026.153164629,-705311.16868805,637960.15249213
2.9928140640564385,1.7045286681766467,0.36149270963717994,4.981598029922639,-38.29581211063017,71264178.55365244,135164717.45227045,0.5913628618923219,70818.39209280837,0.0001525101063845,-0.17665509161242,50339.312606292,-52798.871180105,315162.262968,-3.1351511054272e-05,-0.1765917338707,-43937.598519039,-65278.056026277,341217.84811085,5.9906115377005e-05,-0.17646276409117,-175685.0644305,-464919.09911532,441652.22950279,6.1236855004134e-05,-0.17678748705156,-172590.3141517,-487326.85369624,456339.40324212
2.2180215690447938,2.396355290099775,0.2697771015856101,2.724657358697641,-27.06528764237281,12356541.49470013,116922366.23681396,0.5797011859777935,40898.5961111832,6.39873625936e-07,-0.48773846328866,-1187766.3303438,-139996.18534319,1009493.3425548,5.3092376935107e-07,-0.48734830292405,-1455224.5547831,-184354.67166408,1228191.0029342,-6.4968035554463e-05,-0.48756041974665,-33900.647655974,-527076.86174553,459697.10961203,6.6216665361065e-05,-0.48755988222756,-33965.855224857,-526890.28509267,459475.09383298
2.956117897141354,2.9692831924866763,0.3696871816957686,3.024397537009927,-33.03564679327553,21853002.7790464,123955217.91782734,0.4429048587677092,11425.761390118147,2.8472564184361e-05,-0.39128753294717,-1657017.9372504,-65477.356651467,1471998.7042114,1.8495963697959e-05,-0.39084996798442,-2095259.7578948,-103764.27639456,1846552.0488948,-6.5567764482171e-05,-0.39108491068574,-30367.736489614,-48203.825496679,31922.400647303,0.0001125719397033,-0.39109473840213,-32379.858020144,-46545.706684155,30849.299544112
1.970528907698728,2.470601675191491,0.3536703837104902,1.44027487987,-24.48036822141065,64906344.75481203,129218413.63270696,0.5806465746174985,74974.3995867598,8.6356613702404e-06,-0.08717692370839,-765526.85802992,-101035.6374612,631464.11431963,3.4432350543522e-06,-0.087081884169896,-1013936.2636997,-146151.92547697,828197.74435888,1.6089833423853e-05,-0.087132962428608,-44886.778048043,-760952.1940189,665694.83082692,-4.113972780959e-06,-0.087137022407169,-44981.55560024,-762000.89674959,666584.61166065
2.4685002626110792,2.722858100328983,0.35693857751454466,2.8612212323997372,-28.369336584785145,40807810.64691989,138638171.55324876,0.47168935952504465,14108.03848416076,-3.7042401298842e-05,-0.15282329342978,-1013132.7726742,-55420.955569328,889200.58792438,-2.1594077833581e-05,-0.15262685318105,-1259528.1392601,-85974.795344353,1093557.1144238,-6.5655054399428e-05,-0.15274034255706,-25972.48455024,-230417.49199134,193387.18433042,6.6816590024241e-06,-0.15272690253349,-25643.759732765,-235466.25100023,198189.80160497
1.9035882183451855,2.5313441657900246,0.2779863174740118,4.943528652831628,-20.547926616162083,47465176.58236979,50179774.792264566,0.5472573585349748,25833.335681305503,4.9423211551566e-05,-0.063136522497839,-53684.522205349,-183598.72412348,139228.42307376,-0.0001046580561687,-0.063094203242599,-180228.48038905,-196678.21535131,121973.18593616,-2.6854024544784e-05,-0.063058232151914,18528.336702022,-567445.22571838,533725.09490878,-2.8367190324182e-05,-0.063173516368828,20375.636897612,-570291.66499188,537709.02934702
2.1495647789037484,2.5218004761054216,0.3186973030603861,2.416459138967464,-35.395413564929456,79332154.80476959,73366542.65036514,0.5440765157548219,62984.2795620193,7.2340208518095e-06,-0.1373742556959,-1327627.7845114,-76145.104796603,1162767.1681102,5.5744074183612e-06,-0.13716906637706,-1553560.0136891,-102497.4858409,1351310.3393601,-9.7136417535561e-06,-0.1372780093944,-46411.953982861,-643332.17770039,556927.42305955,2.2559937304104e-05,-0.13727881307121,-46352.480217742,-643164.72339656,556777.82822301
2.308008197657325,2.238234269473893,0.3282132186025549,2.7307490929897753,-32.09979553744836,74636877.34127039,109043273.49226923,0.6025153935725532,13320.005069677141,-1.0160900568671e-06,-0.10704537394204,-976213.68338484,-41855.970327655,864898.95556325,-2.9982669513436e-06,-0.10687130342777,-1124286.8582923,-62998.51022893,985706.84643148,-3.9883704982565e-05,-0.10696197236817,-14619.140669642,-147858.69881446,125327.22882757,3.579208171849e-05,-0.10696393096001,-14809.655437627,-148983.69328679,126279.24655078
1.6605240998639577,2.672735173186842,0.2904548061700267,4.105817850203951,-26.652844371606484,40459578.90763484,64185230.54711932,0.46156119804641377,33999.42642835202,0.0001288349338066,-0.14133786135934,-81891.595088879,-195003.86384873,135922.46692073,0.0001155310966792,-0.14129608641533,-159355.7767994,-226733.00145744,141556.74026172,0.000122136596689,-0.14131394257344,-4410.9603412061,-549802.44856421,500749.25936127,0.0001215515811143,-0.14132247408981,-6152.7654608796,-557485.75640499,506560.93070544
2.1636327209696575,2.635331049179103,0.37105292400955125,2.6196461914986164,-26.2645872496865,68159460.64717034,110985377.24832705,0.4908923803016909,58479.76997928207,3.8607908057916e-05,-0.088782986277254,-657894.02735779,-136769.54191454,510407.75713208,1.1816103103767e-05,-0.088652172461682,-779617.38872189,-175767.68267966,596371.61736576,2.2676425565225e-05,-0.088711505369844,-40203.655448339,-664885.50015737,581009.13003501,2.7853682605881e-05,-0.088733214070449,-39092.974482231,-665044.4937884,581895.53864916
2.7458760658228565,2.9005952951927583,0.2097468783249642,3.718775536719168,-28.757627456561522,38430828.91660553,80751565.20490465,0.4575718996462346,4064.68325022381,1.1476405966924e-05,-0.15889886563767,-3379718.033926,-59918.404090939,3062125.1357114,5.5316885696101e-06,-0.15723628347629,-4065389.6415308,-80883.998987088,3677070.830227,-0.0002819308724422,-0.15813534982916,-36370.013339532,-363062.11908107,307786.86993709,0.0002992898431323,-0.15813975749686,-35764.608819856,-360832.76762378,305886.3967653
2.5892535638939123,2.706662857548135,0.399918906047157,1.4875121105637912,-29.586465934079325,65256017.38098189,100132716.4974861,0.5989510977208625,2419.258937638981,1.8823249623827e-05,-0.1013846032927,-502411.75744088,-37102.365873914,434298.58996123,6.0076736361149e-06,-0.10127061211974,-694747.71115734,-76601.169674267,583256.47582463,-1.5937652510979e-05,-0.10132893807389,-10779.124880266,14039.373844913,22781.412299016,4.0883693751463e-05,-0.10134107375432,-10860.654490546,15787.132445953,24310.864217272
1.6804584915550087,1.7560898238617026,0.24035218869964775,1.7656578700217742,-36.604646942452554,71376812.31463072,97929082.97532505,0.5525113430197008,99105.8788347921,4.7081885393006e-07,-0.17829648394954,-1600142.490512,-146230.85907325,1363892.061333,-1.4254985504152e-06,-0.1780733374294,-1763516.7638467,-172407.87463689,1495463.2648667,-2.4482641664373e-05,-0.17818882245075,-60808.966798134,-699006.71209116,597909.36556053,2.358908941594e-05,-0.17819066565277,-60815.340474778,-697811.89470434,596814.50514414
2.157279821336079,2.6892966390680377,0.38528785054418613,1.0514020831543545,-30.45144070654969,64629467.26061619,75422635.87021658,0.5620851764322692,18136.667493218312,1.6571133661743e-05,-0.11437286058589,-372728.71930042,-34512.673832235,317362.42444381,1.6106901102978e-06,-0.1143130706501,-598800.53933203,-81229.254915437,492480.85483136,3.788583699929e-06,-0.11434284995337,-15216.86054511,-234552.65054377,204466.23000342,1.4410950154923e-05,-0.1143546911209,-15426.978581824,-233961.15763727,203783.66325902
1.689821565963597,1.8182890249159738,0.2516634616860177,4.813177505480903,-33.66422249451939,17237927.237285767,125275638.38280247,0.5402592501225182,14851.301904501659,0.0001272578605704,-0.49991442299839,-37034.973460347,-199931.81361828,162949.64991413,-0.0001036295866794,-0.49989118882841,-101886.00295502,-195868.98766709,133801.77999144,1.242622656182e-05,-0.49979570934179,-55153.352666603,-383499.70805084,345156.32127124,1.1223107608153e-05,-0.5000100379802,-54539.737479123,-382630.85368912,347639.10090481
1.7118304579150467,1.6121723924587488,0.24472763202139772,1.3663465836259114,-21.542930312837367,67970110.65732451,60326241.21228775,0.4501416937593393,12356.587917589603,1.6195699705204e-06,-0.055069656357336,-656194.41091835,-29297.526901423,580570.26493514,6.0545410391435e-07,-0.054984603528843,-764364.63935121,-48085.464483665,666504.43460282,-1.5803539163232e-05,-0.055029378782961,-17184.180486847,-19753.089753173,12404.659601849,1.8027350143366e-05,-0.055030513074755,-17269.874318684,-19526.578006543,12279.054609912
2.1253905886460602,2.2643589063165113,0.26621358068198653,3.065712423894912,-37.135814217648566,34615132.49464545,115264364.91288689,0.47705134403304295,22075.169211725002,3.5061282470936e-06,-0.32131372722839,-1472071.7548998,-100320.72873918,1278243.9994646,5.569898779573e-06,-0.32100238473222,-1735135.5681724,-130912.89625115,1497897.9974297,-5.269539648941e-05,-0.32116937114801,-31395.50775599,-251361.01906525,208798.31435038,6.1806614176786e-05,-0.32116781194779,-31318.781814714,-252171.98949381,209451.54309471
1.5869833808641565,2.3863552282693092,0.34395181926817087,1.3810316734138743,-38.37366280112209,56980231.365333974,122858716.8293094,0.5599185499635262,95875.98847109928,2.0955586405683e-07,-0.24177353726169,-291435.65371851,-133220.06901346,187093.7016591,-1.3252526797432e-06,-0.24173508803744,-458231.55601356,-187380.50958378,304208.19010922,3.7321418872136e-05,-0.24175684464681,-59418.558129401,-1017349.0237775,890376.23842296,-3.8653913591776e-05,-0.24175800014377,-58873.186522273,-1025508.3636285,898178.79189575
2.506438420830057,2.455458406707306,0.19228524929006174,4.827918794971802,-21.20925334669499,53574100.68375365,83072786.56080242,0.5804861001699373,90029.02848660917,-9.7110100441792e-05,-0.072849241455414,-67959.807755779,-80404.941640929,785246.07010599,-0.0001874711013192,-0.072640657384126,-256604.49204109,-100770.04815404,959337.18392143,-0.0001695714039668,-0.072704082712188,64700.782021642,-1584802.0763551,1603964.3516517,-0.0001148244810869,-0.072796172190243,63616.671605202,-1579254.9431989,1599292.1239929
2.8831074994155315,2.798732711298345,0.36220109651244625,4.475222929416083,-29.539105561929336,58599412.52026114,61445090.91116983,0.570258842351087,60540.26307768282,1.9955544609998e-05,-0.12340848105842,-9804.7171362118,-72328.940105205,392829.41232414,1.2249502620805e-06,-0.12329551759963,-99034.748687728,-98028.222201523,493794.47192418,-4.2749925750488e-06,-0.12334622397411,45732.338444601,-883308.29457623,876784.16145894,2.5269855356442e-05,-0.12336547306879,45530.014428824,-885320.42555812,877992.43765409
2.816192715119594,2.031720939926249,0.37015009535558685,4.690837685368145,-23.074992393832513,26611536.511503354,111457277.5337142,0.5239315845424061,73136.3545426444,1.4925079501552e-05,-0.17229246170243,26788.565881188,-82229.298949532,424573.00911253,-4.1308293718099e-05,-0.17219847554423,-60997.34270418,-108191.6830405,515127.14746694,-1.869936128223e-05,-0.17220996673844,189452.04276526,-921998.86694179,987417.44386489,-7.706292851165e-06,-0.17228824820386,187204.62347779,-922491.85180837,986115.70903028
2.7301814177566044,2.053129060895152,0.16969943118196418,4.2328647089459,-26.183529621616096,24520628.863732807,99781927.35287285,0.5730723944522094,5116.666537444912,-1.225711178702e-05,-0.20146589074971,89360.289026575,-33103.225605302,433748.77821178,-6.1719800463915e-06,-0.20135788076933,-29077.34566739,-52981.0858084,628978.30437718,-1.2574123511269e-05,-0.20142265906842,114530.97756401,-718409.73851477,743774.91422023,-5.8778132667532e-06,-0.20141450497479,114540.44154229,-718740.70021315,744085.03362226
2.547814281612138,2.873911380822241,0.32525799357188784,3.1720370346199247,-27.038060526370653,38257528.28757609,64841325.90169765,0.4626348859704573,20128.865221812244,3.3128959803163e-05,-0.14872326280658,-1427055.8754168,-89453.712425419,1244572.3870825,1.8428272437836e-05,-0.14835951164536,-1812587.9303669,-117969.97969252,1579163.1771599,-3.353741603532e-05,-0.14855140957827,-33431.222905648,-388387.9229494,332646.5919639,8.521072248342e-05,-0.14856354182203,-33459.045484609,-387068.74955977,331409.5271031
2.5827813108524573,2.2910131957527105,0.2426342751349001,1.7507963075976116,-23.445223462153532,67877849.43732414,99660376.35179473,0.43751930817960394,84174.34686172848,2.6669333451409e-06,-0.081122703596222,-3493735.4352519,-154778.49704801,3094923.4415685,1.6882553938348e-06,-0.079930980643918,-3861681.255381,-185813.83822533,3410558.3518256,-0.0001885845287968,-0.080554412824613,-50849.279355741,-262142.48254656,206082.27791699,0.0001923467575041,-0.080553553572619,-57246.470992923,-308065.59419126,243626.43247226
2.262269570590489,1.9306773671391515,0.17228381730520947,4.15897903807613,-28.518714356550092,65050924.77283213,63397137.67577987,0.48190295913696607,448.1237140136116,9.4347157180184e-05,-0.091801296094663,-5583.3201412195,-40413.481082745,33180.429786395,4.3308725822988e-05,-0.091772100611008,-116827.49715208,-70357.994261846,69972.365138726,6.9914616689998e-05,-0.09175671444746,-34837.876308039,-474720.43291717,452217.08054981,6.7834259761423e-05,-0.091817295841406,-30915.091538813,-477783.30091855,453057.55408679
2.5084055831743015,1.6832398682027894,0.3305760994594936,3.6322947375332957,-32.331204836854894,30803036.596385833,119508852.88867684,0.5616811091244776,11717.39298812249,1.6162842111364e-06,-0.26048762406482,-1453573.944854,-75442.309646058,1278610.712262,5.3970558745625e-06,-0.26020821559747,-1569820.2784496,-87348.912328987,1376753.990296,-4.376854441139e-05,-0.26035456953712,-27850.076823154,416643.03603622,403057.80194883,5.0808029300513e-05,-0.26034914058214,-13292.003598953,444057.16971201,417006.71375768
2.7633988948987525,2.5628467264259793,0.19845718192544076,4.62913699962075,-31.013767967421316,52938404.40745752,134645506.40411198,0.460937999778761,78375.19931940535,9.0072042730437e-05,-0.16121557468371,-86874.549381005,-79392.423827389,839200.03306963,-6.041482885088e-06,-0.16098768001056,-289775.56843317,-95914.720925166,1015740.6453864,1.2251641804336e-05,-0.16105574604195,61603.020223306,-1574536.5055216,1612796.1417574,7.1608292978179e-05,-0.1611595178045,61142.32705216,-1568031.1933214,1603498.979565
1.86614431488368,2.5905226674438313,0.3413511113783009,1.580175224617359,-39.89760776694889,41513283.32839097,67342855.82399267,0.4753163299924037,24371.372470386945,5.2840823271456e-06,-0.31581555539568,-417951.57157456,-58960.792588385,342382.4281471,-8.8260875134022e-07,-0.31575991195811,-630389.14647117,-98261.682074716,510052.57936044,8.916937343158e-06,-0.31579019753161,-23245.987585145,-429121.60083425,376993.15658569,-4.4869828657836e-06,-0.315794675739,-22803.416036407,-427719.52882969,375921.27745797
2.9178805034993163,2.944085564957762,0.34208266838353546,2.298400864787657,-35.10849367346107,41557621.601479456,90840541.43529537,0.4757425127383376,79503.75473495896,2.4306887472203e-05,-0.27076339483717,-2815173.9459623,-65062.392249838,2533565.4253627,4.8461625806623e-06,-0.27003057098621,-3269532.0768198,-95046.540280001,2928626.6916449,-0.0001023111609228,-0.270412112073,-59474.648229402,-505574.76165136,422438.40473779,0.0001319105818394,-0.27042943876194,-59290.241573088,-501403.24005051,418725.66885946
1.9487280342345978,2.0243528520312273,0.15575023752736278,4.0273755959267845,-31.392007903304915,33076184.795724165,77450951.17037442,0.5802855583612948,91369.7711967871,0.0001336963975434,-0.27174789707227,-195681.36982174,-345208.9606364,253424.45412249,2.2930763802995e-05,-0.27165845803885,-349702.37180607,-344532.474666,247667.94772712,8.2633680734165e-05,-0.27165037551252,45710.743039395,-1430008.3270667,1343834.6983094,7.3918429400986e-05,-0.27175671069693,43765.760726898,-1459457.8067551,1369467.5641622
1.7951124320144054,2.471768944103528,0.23040087724028324,4.494135555700037,-28.96007733425386,30207789.469336007,72951775.22956118,0.605959968928858,66530.17775982339,7.5530924524619e-05,-0.23635329045218,-134458.06595145,-290485.51414017,206471.79994769,8.3704181870073e-05,-0.2362862216116,-258747.79245441,-304561.8330531,199354.98393488,8.1663885018927e-05,-0.23632307503831,17629.282238444,-901549.96012356,839238.33680705,7.7549905908305e-05,-0.23631734088937,16300.090097858,-903701.23144222,840264.64111573
1.8133412170492442,2.630117505734812,0.39093486392246946,2.7990976200202815,-30.558552969175853,22532083.943021774,65349172.21028525,0.5128741284125603,57037.73923972185,1.3332504129697e-05,-0.35704947539683,-398623.59543052,-109698.80926648,293024.615164,5.0158718804593e-06,-0.35699908916311,-556913.59995266,-151932.24619649,410157.42848731,3.1164850540401e-05,-0.35702441157147,-39565.364497007,-817458.61379798,721217.56370985,-1.2828157106876e-05,-0.35703007575948,-39532.415610526,-817753.704397,721509.04992259
2.8474598578127917,1.89103507033033,0.31022656337251947,4.423140600976253,-23.524032910525136,47570716.534634255,125553535.86320123,0.5016178458611457,60624.93718208482,0.000279269041159,-0.098340281114835,24631.84986159,-42084.368040535,282932.61804271,9.9608513384968e-05,-0.098273132078094,-41615.567927719,-54836.428921614,331326.92326911,0.0001891714160422,-0.098173886524492,-145520.9692544,-534807.57534224,496773.93228985,0.000189858601022,-0.098443797539514,-148235.69762444,-551004.70376182,518574.39775195
2.0093052832776905,2.570281262383433,0.37607180096200876,2.5101723075554063,-32.763858445561816,30914650.143902693,134603471.96835163,0.5120399189630094,21279.34859974534,1.9074190960393e-05,-0.27525485441479,-344074.07912037,-84546.363242863,258945.87802272,1.0672249399925e-05,-0.27518668294416,-465757.10115506,-126907.11822733,343122.45862341,1.2172356750584e-05,-0.27522129303862,-22246.038853001,-387308.54766183,339371.04807182,1.7607649288605e-05,-0.27522794269403,-22326.753033465,-386971.05508533,339005.59128651
1.953404147578245,2.2115447527837158,0.19502502755486315,2.347947825889656,-22.48446766795784,78440812.46476528,122317289.09159908,0.5076310845040191,21164.63768733214,-4.5912570855761e-06,-0.050623868998839,-1712343.6084751,6626.662136308,1574165.3176397,-9.3579116525492e-07,-0.050251614006233,-1985454.3622366,-217.17098902538,1819542.611739,-6.4943210634489e-05,-0.05045123112694,-18275.317789109,-473460.4727881,420984.47014342,5.9341093312387e-05,-0.050448820555416,-18310.580500416,-473814.42636183,421300.86701437
1.5157132206782666,2.727973305068359,0.2971966655763315,1.7393240492254143,-33.2488890170397,75599078.78936598,87772492.88967738,0.5498625666014658,15308.756821234181,7.1740031045015e-07,-0.11517110210358,-194814.52844256,-51978.388466171,144164.63655131,5.9402246350516e-07,-0.11514041853392,-412768.87795596,-92202.813906793,316264.73588018,2.4865657632333e-05,-0.11515969558294,-17513.742687264,-485470.81656651,432584.05990044,-2.3493433341872e-05,-0.11515962345977,-17489.991181857,-484429.30861175,431530.70344871
2.7930249507521476,1.8136157036572835,0.20920917572503842,2.48989242488219,-22.654689621544254,12568077.54572589,85260888.43309279,0.5387493956871658,73734.74171097473,8.0482908217612e-07,-0.37809194487319,-6494105.2555099,80615.368086061,6010172.2514287,-1.425880173911e-07,-0.37548568681559,-6978656.6670991,75552.564970704,6450593.5637997,-0.0004285064583997,-0.37682721436842,-131075.89466221,2544625.4599227,2427907.4427925,0.0004291928546572,-0.37682824796883,-130930.04844738,2545168.5871681,2428315.4377631
1.6478507721625926,2.7707675002190086,0.33081492272313373,1.7582046352262473,-38.861406123829006,55810077.919507414,124902900.67994471,0.4991629959574304,68803.53696137917,-2.2584696561787e-06,-0.24102902589488,-237594.7900822,-115289.48694158,149762.28954576,-4.2224939719379e-06,-0.24099051585736,-441812.90652257,-166182.24275802,300437.76055371,6.5266861880396e-05,-0.24101361083894,-39082.897630025,-1214639.0624281,1085371.1053552,-7.1863148362036e-05,-0.24101495051678,-39209.854149378,-1214826.6721766,1085453.740115
1.700061508573375,2.981854659723578,0.23032010655270208,2.7045776713788765,-28.19434199287828,66969301.01194121,63054265.43432385,0.4556507656963618,9593.710234013359,-6.8323069643206e-06,-0.091545833458592,-301949.09526666,-77061.57308095,225519.90213824,-2.9756934996143e-06,-0.091450624463136,-502128.63613295,-125052.19452968,376884.72052567,7.8113220157416e-05,-0.091511914868636,-34770.807263079,-662478.20773154,582596.12847935,-8.7905019843852e-05,-0.091509570032942,-34615.389773539,-662023.54845863,582287.38285242
1.6414322129137187,2.5358643312358238,0.2060871230720447,3.1149593638812942,-25.159154276720656,41909442.97989626,76843074.5182462,0.5359940600036289,84122.54723385269,-6.0577892367466e-06,-0.13925789458951,-1798305.869417,-183737.89755248,1519489.0742007,-5.1296352198281e-06,-0.13897848989676,-2310857.4985334,-249940.63932202,1945311.6072158,0.0001672962727052,-0.13913240324865,-85924.434423186,-2339268.116378,2082779.8401155,-0.0001786439367539,-0.13913162430778,-69091.108771572,-2249960.4877734,2012828.8850598
1.675005988250729,1.614130979773563,0.20583958015088555,4.985034384768419,-20.046786972308496,19415254.559449524,100757970.0131626,0.5172978493655149,86621.4438074832,-0.0005365416013453,-0.1849565078687,-109813.16256085,-384070.17688534,296949.79668001,-0.0001713069143469,-0.18491259481823,-202825.99320626,-370327.03214417,261115.37848505,-0.0003520836759743,-0.1851241810753,-131019.06572051,-819621.07068867,741707.52772483,-0.0003557495849535,-0.18474524059613,-127218.72244239,-817597.91717344,745103.50712812
1.6518025749610783,2.377680223329007,0.2685065690989237,3.6407920951945982,-20.973027017527343,16991340.118952654,64972476.15135267,0.4368331115459635,1946.5335853911556,5.762463822212e-06,-0.18522552074123,-627366.56272046,-59750.491665099,533064.20523852,1.0363119015745e-05,-0.1851435265078,-976879.17392929,-95983.579763921,828031.00380179,2.1731076344707e-05,-0.18519348983368,-31229.998356635,-620671.8358101,546893.86109494,-5.5730878598071e-06,-0.18519043234101,-31189.612398795,-620325.32740492,546605.47570255
1.8050009380311276,1.6594275824305809,0.39629285955531895,3.6666471269985554,-34.677574453086294,66491682.91976442,83724428.48192906,0.5951031744009325,70533.12180527313,4.6832390863459e-06,-0.15970494614445,-675709.49487128,-142572.45595079,522916.41180843,3.5919433757609e-06,-0.15964552807894,-738749.77468253,-171573.80718781,562030.99334607,-2.4555517757712e-06,-0.15967553915786,-55132.384678007,-290139.70184577,228365.71280507,1.0755882585565e-05,-0.15967665036505,-54963.311625492,-289333.78242366,227741.3679874
2.0137806813425048,1.7125976105543665,0.31891035025920866,3.587065289320164,-38.62943409320783,63967137.64512964,83641711.052032,0.5441944121210189,14699.664792300642,-1.3540574888552e-06,-0.18211668097838,-928338.43013627,-66645.061131709,803743.21816107,-2.0330074865551e-06,-0.18199332999735,-1034895.9540946,-100588.19794311,878011.94345015,-2.5028032749413e-05,-0.18205676799721,-27715.270726228,42349.345023278,60836.35744908,2.1673614115653e-05,-0.18205748122016,-33060.633516853,38280.154681262,61802.994335316
1.6443134917695033,2.766235802979219,0.3745352558825072,1.7127269723705865,-26.935678136016627,77865290.48170123,57301748.766903564,0.5172255843336426,10546.139546530398,2.5041588365284e-05,-0.072098343207828,-125812.50721523,-48917.470753422,84762.579158001,1.0872229840461e-05,-0.072074550999167,-253856.30069028,-94825.475212245,172981.41300603,2.6603839992751e-05,-0.072084759651409,-12126.511735065,-333092.05595585,296714.58845403,9.5686410730687e-06,-0.072093170557145,-11782.993372747,-328817.38307582,293071.11835158
1.5266717329060333,1.8785171164053491,0.34414849019859073,3.4775875048995673,-33.981972692727915,36583000.93583948,91373435.56067483,0.5449511672408267,56459.21390740374,-1.9084866054943e-06,-0.27038969161289,-419797.00966448,-133588.01784636,298390.58425083,3.9665669088454e-06,-0.27034710028772,-516531.83035832,-168781.73149363,364693.27071512,4.0266549884586e-06,-0.27037212344988,-48796.14124347,-545089.95346432,465304.80807982,-1.9966713764452e-06,-0.27036739718973,-49257.427755238,-546175.9443983,466045.34094188
2.581618458555333,1.9238651396836366,0.36198427128039046,1.6176749915570183,-25.7495627576046,47357578.48505408,68166997.05724987,0.46314144130669943,18254.09953622492,4.4000715258168e-06,-0.11398392183593,-796295.50517981,-54172.926809126,691495.2478187,3.8094013737551e-06,-0.11381158976597,-926633.32117684,-86694.877067311,788376.96846686,-2.694378840777e-05,-0.11390165779851,-21815.149650626,217142.7786958,215131.44726331,3.5176985794429e-05,-0.11390261751073,-21638.683595963,218205.37143616,215961.61391617
2.7002499075163455,2.6236281395186976,0.34572346413699373,4.52683352695774,-27.09363075340977,53335882.102559485,148118805.31490844,0.6076001141110756,67341.39401270053,8.6611821863026e-05,-0.1160948481998,-132680.99798649,-110709.59481135,75455.988752416,3.4382779261236e-05,-0.11603540992856,-235466.15701614,-159380.53762259,135547.90704114,6.3007446259872e-05,-0.11603915479507,21987.723251244,-846920.48968391,792248.15153557,5.7974065452905e-05,-0.11609292430276,22428.628981223,-848924.18088606,794429.13940877
2.6233988332520672,2.456563418974359,0.19587236321034207,4.5463577385425005,-20.129409912567503,31629344.149936557,76898023.47617403,0.5737694741165941,35689.166492512166,4.7204632994922e-05,-0.094398967290881,3592.6348572118,-60612.656184013,616553.98677464,6.1694281259507e-05,-0.094241769935502,-167632.56367671,-80763.207926221,783084.0802592,2.9809326927056e-05,-0.094333700001237,57181.442962714,-1064783.41859,1127022.6475434,7.8769058177719e-05,-0.094318397659856,57193.384140179,-1064202.699029,1125090.9716753
2.2676748268550235,2.670921687117547,0.37319534461476833,1.9872414185459681,-27.823888477601116,33706881.12988719,113280411.10953411,0.45685812731962155,29905.653416774523,3.5502665942369e-05,-0.19110052813055,-784825.32335853,-70456.592388047,669769.18646422,2.5296141097527e-05,-0.19097839491472,-1026695.5341903,-111237.05541586,863199.32496639,1.864166230312e-05,-0.19104180331689,-28089.12954898,-386712.39180166,334747.90124332,4.2243694518024e-05,-0.19105085100561,-28319.30528594,-384665.44020916,332721.68672717
2.269825254324778,1.556229636074931,0.15908178796288244,1.208211694132904,-36.279826654682196,41299298.76986621,74117804.22850192,0.44656965981406016,49387.69673697351,9.3700272754824e-07,-0.28577420823301,-4486099.3936841,85661.139007515,4173556.9356699,2.4475631000722e-07,-0.28420707998358,-4774820.1284475,83614.108905712,4436671.7102846,-0.0002477828260186,-0.28501373620092,-73716.972922226,1168942.4117032,1125570.3632627,0.0002490936359244,-0.28501526461391,-73652.120145948,1170432.8416726,1126885.0644691
2.3202141306403012,2.9107460688733235,0.2266567702625008,2.093878677233051,-35.612083754189754,16084287.446479032,135082117.5345126,0.4422043060260959,69388.41162468084,-3.4969334221308e-06,-0.71552111024076,-3159239.5833365,-32778.761766451,2871953.1922979,-2.6313161778367e-06,-0.71472569420046,-4021964.5138301,-51351.284662415,3649338.05176,1.2195076353931e-05,-0.71517018632975,-18576.854720471,-1814925.5038356,1650325.3426474,-1.803364939916e-05,-0.71516939862909,-18598.48718797,-1813423.5221328,1648933.3125471
2.492518396687596,2.2523909559022117,0.3450767306632816,1.3189005877449933,-38.89912175481713,35972259.798671626,133890236.01078722,0.5415066837966743,83531.39630645537,1.1256379991146e-05,-0.38210327275776,-1561157.5529967,-116947.53547689,1348242.4536844,-3.6439060755973e-06,-0.38177163497165,-1872622.0201759,-159938.0205114,1603678.7579048,-4.8377080887328e-05,-0.38194211472024,-56257.206296934,-206194.53387803,152995.15244897,5.5931292021972e-05,-0.38195872695991,-54548.944289146,-206429.06892599,153953.52849227
2.26865770771271,1.6463028592619515,0.15885693315201446,4.6179829360001925,-21.048140987632348,13617822.055583756,66475484.47479208,0.513933427585339,10310.728425853482,-7.2044128634147e-05,-0.23046166469225,-59666.648495032,-46315.218873087,33839.191716839,9.9557032486653e-06,-0.23042557233486,-170218.45052617,-82877.945308326,107283.91875089,-2.8327058675381e-05,-0.23050046193738,-69617.101289121,-700021.25189646,658199.57328102,-3.3726035005259e-05,-0.23038753262877,-67446.296751684,-698121.47444103,654924.27953794
2.226610915813055,1.8752000206857804,0.2735861460519147,1.1337310811520944,-26.083778461995408,64384300.3833945,127186579.83126622,0.44807994921194544,84448.1113551096,2.06544040065e-06,-0.10643430963694,-1837152.3188938,-116679.37143927,1601121.9916207,1.7878048569134e-06,-0.10603272119247,-2119917.0966155,-152650.7803803,1835051.3934821,-6.2221831755483e-05,-0.10624529721286,-62668.467110027,-61939.532997302,42770.748039576,6.5899230419058e-05,-0.10624573312669,-62486.754106157,-65080.462632765,39909.289456203
2.275463474005508,2.192849538992979,0.20727341423016324,1.1087816997817943,-31.756798810900236,60558117.43509179,78101129.59673698,0.46114826083869603,63761.060196278726,2.8410626259591e-07,-0.15355330085574,-2468272.2946246,-116585.80226338,2179259.9182444,1.0680354172138e-06,-0.15272209389677,-2952611.7166257,-152461.02931772,2597762.9582621,-0.0001185716927877,-0.15317230304663,-37443.29579523,-510828.7679279,441819.23489317,0.0001194770555305,-0.15317196755547,-37150.531350794,-516289.80848001,447435.81952736
2.9876077574270976,2.99070553588476,0.3708058136194139,4.468319542281083,-36.98679066812427,45779779.50360816,135454105.7314639,0.4642907173905825,68918.23615284842,0.0002557353880255,-0.25985765225864,-71479.938105012,-70465.671481401,387351.76092712,8.736275468847e-05,-0.25973217488215,-138482.79868509,-93244.355873929,481649.15002811,0.0001588175991916,-0.25971481408679,36933.30720751,-968995.2082891,939813.61353964,0.0001836608069758,-0.25988318509196,33131.349736667,-991548.03093941,954127.09448149
2.9296794451657813,2.0893756953053426,0.30006098179693297,3.605759103309609,-30.880147637666568,25321871.9419832,129802069.52758911,0.5408016906124399,87690.31336706993,-5.744489997029e-06,-0.34268702577235,-4457324.3208113,-201591.11524727,3941722.2724651,-2.0847722466244e-06,-0.3411887209367,-4721186.4131389,-228122.04308213,4164803.2204985,-0.0002637671528643,-0.34195616641618,-50215.379993229,1167646.2840157,1107047.5153827,0.0002558245346524,-0.34195276390197,-50268.07718343,1166580.5076038,1105822.8597737
2.1023073295157952,2.4411341918137905,0.2308911237754226,3.920357423888927,-31.475578193041496,31544894.80896527,140835140.09611648,0.5928125336605219,61711.85498751577,4.1501850484632e-06,-0.26676288860401,-3548603.3711154,-99676.369571582,3181432.6861242,-5.5665613603452e-06,-0.26604678147329,-4098977.4939784,-125016.15090484,3667846.6422933,-9.1611394004499e-05,-0.26642367815356,-55546.88488407,-1011747.1403834,887948.4832405,9.0334881143132e-05,-0.2664306404491,-54327.448176196,-1010607.2946818,887733.44439305
1.5861777564602488,2.0450039561209494,0.3401467032955402,2.6851587099755054,-24.24400660998998,79986511.0519029,59541205.839470394,0.4608543929510746,27767.420914628976,4.4600985790031e-05,-0.060648340307449,-211124.76162812,-90184.551069979,138353.17785278,1.7977517136887e-05,-0.060615109026467,-265448.05054283,-121122.03605535,170506.03976654,3.3830668814328e-05,-0.060622880230064,-31573.453257886,-359577.57436021,307404.19306707,2.8825762503968e-05,-0.060643176000609,-31331.610393572,-358620.52545873,306675.46238441
1.8966289604956124,2.8613409173743345,0.18567176404495817,3.2211916428728373,-27.763477675034544,29552890.05004696,93125960.0860151,0.5319451402052622,21123.075000324276,-4.8555800490946e-06,-0.20003433411004,-1999802.1446645,-150134.17170726,1728408.9552603,8.8839090425011e-07,-0.19951459293821,-2777620.554799,-192266.47091583,2413084.4762816,9.9922498316384e-05,-0.19981971396337,-16956.329998307,-1751991.6594523,1593624.7963302,-0.0001040197385491,-0.19981647525833,-16962.6038411,-1752484.2877591,1594077.8429958
1.9964008075137107,1.7566252065299082,0.37594208784359084,2.4229625010636093,-30.42258592894547,48805463.186214246,113606910.7233805,0.5956809896332323,91601.84282154667,2.7198650940485e-06,-0.1806166437202,-1007216.3416866,-119643.04582898,839717.3308982,-1.3268251371531e-06,-0.18050969491252,-1087512.9344762,-144764.09122098,896241.48488325,-1.3937029452819e-05,-0.18056235058927,-57562.653866056,-351885.75201581,282953.8141863,1.5300912214445e-05,-0.18056703163564,-57480.822393011,-352305.18827146,283506.03865845
2.634008373587549,2.77829355843219,0.16912111672332714,2.8755579397708226,-35.97307011049271,36738415.66399115,133025113.70376448,0.6004592185442456,20621.904171074588,-6.927053933822e-06,-0.2746404734476,-4813432.6542426,626830.41006374,4875944.4327651,-2.2307738955913e-06,-0.27243490677934,-5599272.002567,721382.68513618,5666078.8175861,-0.0004057985544394,-0.27361814287554,-81100.659702687,-394249.00195298,307302.89987126,0.0003961860246221,-0.27361456071593,-80872.438812794,-396333.37033173,309319.15352303
1.5296465235724872,2.8866944088105893,0.2792395061832937,2.569813659661175,-29.897586732689902,30254692.131092254,142883168.13468045,0.5327243577425405,45935.41449311237,-2.4052365785692e-05,-0.2473285024851,-161055.06392917,-111762.96386265,92361.00609795,-5.7904102064411e-06,-0.24729528794631,-324968.24169522,-160632.42419544,203987.27537306,9.5434571031085e-05,-0.24732229018163,-22846.068525435,-1383313.043639,1251529.8464445,-0.000125363470898,-0.24731260768232,-22748.148333908,-1384232.5108054,1252418.8151991
2.787978271076695,2.731963990566181,0.22430640797783502,2.62655572238917,-24.384631568808622,75532825.3062323,134957720.8403021,0.5106060559440847,62415.392967255604,3.4437384483474e-05,-0.069016880888144,-4342715.0256921,11115.689441228,3988209.6260245,1.7756092244107e-05,-0.06740486009592,-4691166.9704534,2745.1500639052,4301544.2876893,-0.0002276053088602,-0.068235161247788,-50998.649179374,-670617.97755539,578792.45278035,0.0002810136808019,-0.068245200876097,-51117.209433579,-663524.38214983,572207.35088146
2.1824415675452085,2.4873576371021846,0.33731315843751764,2.908856404884568,-32.70262955939314,60698588.082298316,124516318.3538084,0.588308310213155,69742.28998487939,-9.1740563616674e-06,-0.15528243915843,-914591.01540649,-161988.19567165,727408.41443817,-3.8953619273439e-06,-0.15507106868222,-1057451.6566565,-199365.78162797,833306.78310382,-2.7464768695317e-05,-0.15518485429803,-50781.277306435,-648566.13745652,558669.21847154,1.4389857182021e-05,-0.15518066366754,-50691.665422665,-648583.81862727,558748.42745867
1.849412195273921,2.447697590459703,0.38348480694523024,1.1713761388977058,-37.574352040390984,56056211.14210152,140911594.50505835,0.49061867529827546,36125.857939921116,1.4943121496555e-05,-0.21255706355195,-263027.71118089,-62648.598574543,199148.22953488,2.0758138380954e-06,-0.21251991398495,-408262.23239185,-109493.16832484,301785.69236451,1.460365245173e-05,-0.21253689865591,-26597.807766148,-397415.15384797,345503.40195197,2.5168538271458e-06,-0.21254649267408,-26752.472388385,-395550.3288455,343840.3840913
1.8252678467931613,2.289029210763553,0.3244360103699986,3.6792396329588644,-27.964034904674328,74606975.71873257,132677376.79289626,0.4530146250383934,19373.228213838265,1.5347923665088e-05,-0.083068585964948,-600773.74074503,-94224.825810858,485711.79133644,8.840194553299e-07,-0.082987582791211,-748462.7837014,-125995.55114392,599532.98422599,7.1740759926883e-06,-0.083026068649417,-33386.313614232,-482701.05657568,418875.46928972,9.0477237409551e-06,-0.08303709725391,-32922.007022166,-483037.84934463,419515.17965629
1.9338245185537657,1.904421654012085,0.3315648602282186,3.343612335244875,-34.70966403493301,61208649.10917723,94332558.56696236,0.46881229217695464,74403.68167135931,7.0535968685007e-06,-0.18004741067306,-1158712.13124,-150321.25926696,957528.32780513,5.1836352609348e-06,-0.17989514513222,-1290333.1264544,-183303.93040465,1055788.0733446,-1.3939144160135e-05,-0.17997267691263,-61375.20951754,-411325.32815974,334656.57080902,2.6157656620591e-05,-0.17997457417913,-61961.215919984,-411855.40867121,334736.73195445
2.728040489683859,1.6945562722302334,0.23666839615515314,4.742409358166478,-22.918718661664265,55825737.5485512,78494718.47555013,0.5445097968673792,85577.72855389766,4.0899207470861e-05,-0.084316351480985,51937.243661551,-47560.364085399,417395.22524241,6.4033258724456e-05,-0.084221250449445,-103684.26942939,-61970.340690672,494477.28027263,5.2702445324527e-05,-0.08429041488577,-235612.00309741,-791628.45062937,783239.29383771,5.2076991901192e-05,-0.08425355670905,-233909.67151467,-798286.54009845,785433.70577069
1.7969841763653163,2.745661465615873,0.15407862824550778,2.6074319593470285,-35.769375934271196,48738547.08294135,101720492.01646602,0.5011944188786395,43583.5598712566,-1.4158698374886e-06,-0.21911257230574,-2479290.9334995,-36037.455301079,2246450.8584425,1.9956538448797e-06,-0.21857192715185,-3181501.2204963,-48540.905283669,2881072.3636075,0.0001818364704977,-0.21887844113104,-6194.8287311164,-2198329.9166331,2010425.3092322,-0.0001817722392882,-0.2188759798542,-6257.2317946798,-2202417.7019785,2014103.5031888
2.220490998854687,2.8886826952491758,0.2847054506868329,4.809023679782557,-23.859958210269742,60458670.1047783,109188610.79924287,0.45667166103097273,8072.495689542772,0.0005955501809187,-0.065761757757284,-92259.738470863,-52904.897256778,55301.685022335,-4.005705214009e-05,-0.065717867998155,-201471.70101344,-107257.99064376,123446.74342598,0.0002790781901895,-0.065498421495512,-3732.1479307387,-548223.98036748,499863.8628363,0.0002763914199345,-0.06598428903281,-4472.7946594539,-570478.08435221,519743.20037821
1.6550792878694771,2.844889440242447,0.17909441468649337,3.5721626925643215,-34.841705964349686,37930705.717178255,73103714.97458053,0.48115606160022745,88828.70450118215,-1.2851496917945e-05,-0.29312502991178,-2713260.8682798,-141779.88791795,2386079.437032,-1.1895492455294e-05,-0.29277664228945,-3527534.2097546,-144544.42444454,3130055.6054793,0.000634209916281,-0.29298438008624,-27916.945051054,-3845589.6121393,3504711.2647573,-0.00065889372146,-0.29298198604858,-88062.234850352,-4116582.6335142,3716347.8123599
2.514876401140135,2.0990358077780154,0.22353738622238561,1.473634651378528,-28.976044751251088,41806289.229142725,73796796.48623757,0.5179654352878574,44614.584761422295,2.883544063177e-06,-0.17190404445091,-3070851.357885,-25919.0663488,2795964.8499634,5.1135187974341e-06,-0.17094441460149,-3531011.6188874,-42840.633232136,3205594.3209179,-0.0001707138924823,-0.17145487764379,-34429.774301802,219880.77916557,228770.99347548,0.0001785058792462,-0.17145329335784,-36055.626958063,210160.58054752,221411.17828311
2.8389141974891325,1.6364597888607866,0.325621398070692,3.347510843783416,-24.881594744878615,57038854.50058568,82447709.86863117,0.45535137869724407,63994.52849724419,5.3684424348056e-06,-0.098993501583781,-2657256.3238627,-149118.75883849,2330175.3771363,3.1293924919121e-06,-0.09827456521414,-2641605.4538703,-155792.73545841,2310573.7120882,-9.5345911838491e-05,-0.098633880881756,-48369.475274178,1073565.3741306,1019147.637315,0.0001038459243151,-0.098637477080899,-42913.590733677,1088703.00146,1029167.7273916
1.9683309031349918,2.279228429119796,0.1732187360651615,3.154734135853909,-37.216124746584875,65592777.527913034,97354503.94895485,0.5263733284444667,23324.311416907265,3.0738121740861e-06,-0.16728351423754,-3038197.6327467,-47178.011953539,2750830.584405,1.7761832141585e-06,-0.16654275253898,-3464683.8293824,-45502.621674097,3142774.8862163,-9.653287914123e-05,-0.16693493924211,-29164.996677838,-746402.19463694,663324.65845171,0.0001012126788024,-0.16693646882421,-29176.964105082,-746694.25373293,663603.46249796
1.9587974311817797,2.1950507145991294,0.3849562406021501,3.401291055888676,-39.63201945682996,54238136.692393616,107985944.02449706,0.4775079166725508,66811.93070631025,5.9626130288882e-05,-0.25673955324099,-870479.54420795,-134901.01772643,704852.04970453,3.126438446433e-05,-0.25664525107312,-987075.32994971,-168164.04835241,789375.66914237,4.1016471996295e-05,-0.25668220934052,-57079.516849822,-565007.52921048,477868.47305642,4.9926603053057e-05,-0.25670712828856,-57014.736527951,-563402.10830574,476487.79770463
1.7473952610592645,1.5030457132380808,0.3205213959547616,3.814760246821349,-33.7217211012718,71018490.30402316,124374364.52735147,0.596783130670404,20583.18994022795,1.2615011406998e-05,-0.1264874629456,-603763.82086167,-95029.371976608,488318.64872181,8.7640403103238e-06,-0.1264193411214,-678378.67727554,-117396.39465015,541777.39265824,-1.0174577647705e-06,-0.12645243968849,-31201.654429271,-54587.413809204,32830.345573245,2.2497528011885e-05,-0.12645683494705,-30881.49366561,-50073.775692832,29536.692179764
2.5095976192442766,2.468621114630335,0.2459365295307529,3.8455078944212504,-36.9645544763296,57424615.42876932,56623700.90755063,0.4712474249707955,82782.13203962226,-1.2427532658761e-05,-0.2162823925497,-5164354.5748764,-98835.142343803,4662445.1053088,-9.6450067629984e-06,-0.21492197547754,-5518958.6512154,-116402.08387881,4974902.4843901,-0.0002268996821816,-0.21562439494277,-77404.10430878,-626546.28602898,520932.04829389,0.0002046462490723,-0.21562040575042,-76732.303026496,-627614.76859116,521779.23239585
2.618520935148081,2.9170744043180514,0.23069967602403418,2.604464182840352,-26.961782929237604,70420565.11571887,87064237.27626088,0.4633610903286196,9095.812985059463,-1.441291399286e-06,-0.078310895535802,-2163025.3835169,15072.681434367,1993317.9523808,9.9149041619805e-07,-0.077577411074597,-2609593.9492372,8160.2966889164,2397613.2098252,-0.0001284263314852,-0.077976566833828,-20893.023757366,-374207.71635173,328416.73054932,0.0001279424350917,-0.077975282055671,-20919.75220691,-374431.56439616,328625.67198479
1.9818807118147688,2.806306636702366,0.34358211254479276,3.9933128961233972,-33.547446897775465,23385046.337921068,56537293.06887061,0.44843834468069704,51984.978678445645,4.0228826734136e-05,-0.41267055032954,-851125.73091146,-146862.15858641,679442.45262558,2.8291530857709e-05,-0.4125475448023,-1144075.2468832,-201293.79413465,910787.61575172,8.0206224637412e-05,-0.41261275346094,-54550.962854159,-1266066.0611931,1121651.7686929,-1.1649051795622e-05,-0.41262090353857,-54769.478102022,-1263240.6227804,1119051.0285019
1.6294969269697868,2.875509185173807,0.1991258382934588,4.33505979857688,-35.14668336849603,12107775.09058324,51865424.7977598,0.539959499168859,96067.39303005475,0.0002263981380395,-0.90884884354988,-278652.73663092,-476970.82996105,345243.41179936,-0.0001265578171266,-0.90873168672579,-427984.37082915,-525228.84415965,374629.3617814,5.5626631456254e-05,-0.90869419885549,15447.013693675,-1235877.7286957,1143859.631604,4.4439047032465e-05,-0.908892500162,15253.505287044,-1233208.1924387,1141279.9032885
1.7124222903464281,1.6905529745231167,0.16941274704516437,3.083619463108232,-33.49380327135054,56573515.49666296,59095492.238681056,0.5875759091936807,50121.95784430075,1.2709617126713e-06,-0.16867719145863,-3340901.4799823,-54498.545302695,3022959.2901127,1.0850104694701e-06,-0.16807388242367,-3588838.4255369,-65572.064975646,3242283.0851274,-0.0001057622594382,-0.16838470934437,-39248.294799267,-408770.02720433,347135.89818953,0.0001082264672484,-0.16838477577314,-39903.85703705,-408700.69237989,346606.85836461
2.6620340051584894,2.5651854189553065,0.19902738010162557,4.8442581931017195,-39.4888041138955,23216512.045704424,128847461.11545567,0.5486066367186087,60530.450537484845,8.9462546033958e-05,-0.55458262590389,-75755.139019286,-69826.185382019,707068.51217679,2.2035207244957e-05,-0.55438554322726,-228983.77953572,-90858.600990171,892938.43689188,2.9826784832937e-05,-0.55445528847324,49564.334986318,-1420577.2344064,1434928.1454007,8.1562071796055e-05,-0.55452545539622,49162.182258355,-1423618.1142512,1436709.2883899
2.0559250407553846,2.380585101206308,0.2955775467936261,1.418158956101931,-27.970774297197615,60143509.927853815,123533511.20909873,0.5196446696460036,47700.86027053771,3.2091258187103e-06,-0.11249973927052,-1073705.0500516,-67360.860532719,936372.87464769,1.4451820459276e-06,-0.11233175289031,-1386424.3084991,-102327.37817161,1198444.4966984,-1.1130710992959e-05,-0.11242431103763,-32581.736089343,-507106.68749044,441813.46223818,1.5919311984601e-05,-0.11242604429148,-32892.788574029,-505251.94654151,439959.7689699
1.6685819168253355,2.6848201138970147,0.3611630198465835,4.911960793363999,-22.594892846832206,42420012.122597806,87432249.77117734,0.5332098415007099,79335.35841375965,0.0001408917650425,-0.10279951525591,-113791.32757036,-287299.06066515,199188.00276758,-0.0001266942592835,-0.10274715166157,-202274.50399731,-317325.25686657,193154.44510747,7.4508563171426e-06,-0.10269109699981,-6054.3099363525,-678126.85264761,617467.50315451,6.8082373857554e-06,-0.10285683228137,-2596.3684627843,-678279.74263201,620071.23461107
1.8867833622474623,1.723965066009423,0.3329461421431865,1.2367149552169137,-23.15666369762846,51248631.944031775,125771642.27127866,0.46772590006416653,62920.246199969224,2.0529343805624e-06,-0.099736013547492,-719561.83403246,-90436.682574281,597086.01068463,1.9339020698196e-06,-0.09964897162784,-826676.97408326,-129410.25903696,668697.11277694,-9.2824956746583e-06,-0.099695244376858,-42517.751441979,-220522.0924673,173462.27590146,1.3215152390659e-05,-0.099695366129652,-42395.557092972,-222163.18241986,175021.61068022
2.0487894828831354,2.193738839187706,0.32773982965314274,1.2058895110616925,-31.17860752133984,27438460.86669395,137577445.43593323,0.44426638052927203,42457.44914063579,-4.6104459686799e-06,-0.3126284816339,-679092.5404008,-71409.625683702,572408.6905193,-6.2101409342415e-08,-0.3125195641256,-891830.28302033,-113347.23072732,738553.50821789,-1.3756311934951e-05,-0.31258250909766,-31033.607979031,-336554.47886196,286954.84839916,9.1111166137316e-06,-0.31257825874292,-31121.309458713,-335132.64999793,285605.90242831
2.0779845929705463,1.8139489696733886,0.2540875680838074,4.557132849286852,-36.1149229220359,60216207.326979466,104433968.66980752,0.5393805865886823,84280.64927792527,-0.0001114532066755,-0.19248423464637,-109770.64332204,-79503.29498415,62541.951703045,-2.361379108093e-05,-0.19244361209475,-230769.14461103,-122663.50766628,141525.11407933,-6.4773691931209e-05,-0.19251447453119,-69705.604375444,-769034.47316925,695449.69743071,-7.0236426220232e-05,-0.19241441333044,-66352.521578876,-770004.03351292,694378.94197808
2.546831223191559,2.0759984800082125,0.2352161837320328,4.143868304830015,-37.79272341614296,73849506.82832992,63689418.78281382,0.486499106459288,62111.6168250819,0.0002419970789724,-0.16722202708555,2586.8471420694,-54730.155223943,434568.68216578,6.9452882998055e-05,-0.16711613377842,-90951.804971981,-71892.135556944,532695.34389453,0.0001536904386185,-0.16706668892805,131280.50135215,-941258.22630435,960104.93675442,0.0001575793622526,-0.16727749087942,132174.9895144,-963948.64723279,981544.52295475
1.8603185454466695,2.909898896640685,0.392116244965565,2.2277096967170857,-32.39176922808467,32299519.915336255,103827417.80339956,0.5817935872984209,56855.44416486049,-4.283673638165e-06,-0.2797958355665,-237543.49946404,-116230.5257835,149337.59124408,-9.7672636867303e-06,-0.27974884681518,-369619.06821859,-170317.28252782,236704.13653764,2.8727887824786e-05,-0.27977440043364,-30362.446638285,-885162.82624108,789753.6360078,-4.2763650569975e-05,-0.27977799924874,-30231.820910196,-884844.81239969,789471.5295002
2.4429061543083685,2.988678722217414,0.32798787949382907,4.00363080016068,-38.05678007404648,23023637.23240762,118452755.04584119,0.5745612965756518,85874.9643008636,-0.0001905477204786,-0.55105884888604,-212485.58387894,-78629.638423578,145139.520896,0.0001157417013123,-0.55097987031239,-338334.5871963,-139672.75793552,223976.75735198,-3.0885441435303e-05,-0.55114628484387,-11624.775794918,-992858.72667496,902291.68913241,-4.375816463024e-05,-0.55089646117771,-11731.040263322,-997338.028954,906259.09307048
2.0059391814032406,2.042414697933636,0.19064238646983245,3.004934933092036,-30.621752797048863,34898179.14980213,50633824.97810105,0.46456754040353143,51422.40300906006,5.1868486832391e-06,-0.23428248225416,-4006317.4464519,-63932.378037639,3626096.4070363,6.5025011885245e-07,-0.23339620098756,-4398596.6354397,-38925.089771396,4003410.5547485,-0.0001490534649558,-0.23385563843876,-45047.035068775,-501688.29726027,428153.50657902,0.0001550855278813,-0.23385899599946,-42660.579586662,-498331.60001899,426723.9359726
2.560699729958476,2.9149554639808763,0.2429172409921897,2.1105767637345316,-23.273153109724337,35549259.052641064,74225023.6061513,0.554630655580845,74867.95844661523,5.3720766271173e-06,-0.13882078818061,-1765572.1104076,-202598.45535734,1476752.3723457,3.3577517756857e-07,-0.13774480219152,-2110869.8463951,-256824.0856897,1755748.2663167,-0.000118366996892,-0.1383262342705,-36744.12808025,-1177872.9512069,1053597.0579599,0.0001246005458405,-0.1383308995469,-36832.517949777,-1176003.0831481,1051824.5795682
2.9324727378812945,2.2260071550257887,0.26244225997910975,1.867071054712211,-33.79001129156528,14554843.433899447,58331082.03058445,0.48407144579293016,56252.23706230163,-3.0594838570897e-06,-0.68345924982651,-3527786.8075607,-119132.57537204,3148204.9919796,1.5516857886289e-06,-0.68195101365804,-4040081.7712684,-138503.26585356,3604092.8527009,-0.0002755544596186,-0.68275330884083,-35404.526961244,842746.6039046,802667.28268929,0.0002737752247765,-0.68274767127137,-35173.552417986,845177.19588046,801603.84449269
2.6536453989703044,2.0395774418252306,0.22343107428587544,1.6563485409244367,-20.096125721203336,42548633.011307985,94016013.08898503,0.4579948127432028,34053.971231487296,3.6614457528654e-06,-0.080576580704389,-3217135.602316,-11965.245156936,2939944.9258052,3.8573618490488e-06,-0.079488933058223,-3571648.1339882,-26696.85941412,3254281.2347623,-0.0001928717841575,-0.080058438466239,-33593.677505521,410957.34931782,401292.59535773,0.000200358635065,-0.080058235322639,-32779.879128484,463633.82546886,449294.95536945
2.287692846056981,2.7107845796693044,0.36431741004820384,1.8458572508077844,-20.76729217829652,66187782.36356634,102963587.61436942,0.5775826704272508,71971.0004754638,-8.1759572374253e-07,-0.060650915390051,-1042311.4712948,-115413.49172347,874653.83223063,2.7219573281793e-06,-0.060466789819888,-1329046.5899257,-166558.67677558,1102290.6880314,-6.0152595131339e-06,-0.060568943952926,-43939.444111371,-722563.6703188,631186.22252103,7.5957114672193e-06,-0.060566084834382,-43735.657010459,-723859.006945,632529.25974397
1.8515390482357903,2.9385337665198126,0.33758319104333717,1.0201160758145222,-31.059833810543303,48233927.632005155,131598502.04390553,0.4727942935810727,16939.589419116328,6.6039404428724e-06,-0.16160709195289,-216201.53313945,-35427.891893135,173804.3112194,-2.6648063987632e-07,-0.16156742121877,-510949.04343861,-86325.886334584,409069.1351119,2.1574407472616e-05,-0.16159172381143,-17620.626596416,-421788.24005673,374193.59225232,-1.5330888836676e-05,-0.1615961485815,-16635.702831379,-420058.22579936,373277.68063514
2.28231362145734,2.096695846073245,0.3942262120380541,1.5592268813824417,-28.44682065041602,23955804.18739009,115186045.61720827,0.43767124074910535,4265.042316769498,1.5113112827901e-05,-0.2674396866225,-395704.48921317,-38453.300755206,335689.77566539,6.345826035542e-07,-0.26737366108723,-498349.55415329,-73051.151951165,406263.5164759,-5.514650240815e-06,-0.2674019480914,-12299.209328339,-15611.959095944,11745.495668158,2.1302380596225e-05,-0.26741752482085,-12163.167101043,-14665.606039793,12190.935877116
2.3893240947015038,1.927382724958686,0.29903256404260303,4.118012271618552,-33.872837443541215,14702221.66272321,110205221.72936061,0.4585094078867445,25868.035077144807,0.0002333532663338,-0.6305791038385,-73792.710998217,-56604.683916452,41856.049856576,-3.938454959535e-06,-0.63055297875145,-134132.08255479,-92405.532660776,76983.078681016,0.0001165058626419,-0.63041910065899,-47493.079041725,-464206.32848015,416245.04945531,0.0001129009606594,-0.63071374939565,-46991.257287375,-471387.79127961,423208.7283823
2.382544272319703,2.6986209874378404,0.351031325305158,1.0729556426659814,-37.49414512217609,40791655.51575347,121371875.60149689,0.5474298956786259,46722.50881127465,-2.1417066602056e-06,-0.29105199395898,-799338.4519031,-70278.151300325,683163.56081653,1.0675518596035e-06,-0.29088216875282,-1164562.922452,-121704.28089565,982130.26536673,-1.4552807877227e-05,-0.29098204917096,-31806.972308925,-450350.7437902,390606.90895223,1.3344823692482e-05,-0.29097951897383,-31701.139592649,-451506.60235342,391748.37237964
2.6144118435290142,2.8214855808341963,0.3091767283447112,2.9128875134203263,-28.55728459417037,43396181.2080646,111849245.08977409,0.5149033115587154,919.8437968129236,2.2604430260505e-05,-0.13703270605859,-1283077.0896132,-16294.840359784,1164636.2527127,7.8887782349903e-06,-0.13668419855644,-1803837.0994531,-12664.274671393,1644139.9522257,-6.6613220998181e-05,-0.13686834330037,-9932.4914472271,-177397.97790217,156278.33130278,9.7598422870743e-05,-0.13688158921824,-9628.6657831358,-174237.16156834,153119.1140917
1.763334054519915,2.751788533793575,0.3671460042117422,1.312217919325422,-33.924017375420924,43124363.728679925,119767129.68330221,0.541987633461105,17092.475036628723,-2.3002266344312e-06,-0.21168118239659,-191642.64673281,-44390.95496268,145864.33441833,3.7553833140118e-06,-0.21165122003467,-385459.09338958,-91556.289665056,291999.3088472,1.1293112304483e-05,-0.21167184375469,-15298.310691651,-381611.94122312,338975.69886618,-9.8780461421005e-06,-0.21166797781255,-15167.268103491,-381086.71558285,338586.903274
2.296771302549395,1.5116753207257445,0.30410857129369406,1.9150045269096294,-29.096803617017414,19146647.971808754,110618371.3545464,0.5753198193862223,50651.61456922511,-4.8982700099641e-07,-0.38504079270912,-1434345.3314319,-104994.90111322,1240424.327337,2.5132686887268e-06,-0.38475861730847,-1540129.3946768,-124256.75331155,1323949.950301,-4.2892757379648e-05,-0.38490615401574,-43997.568783221,529385.61370245,517548.66378255,4.4924918783263e-05,-0.38490154438379,-46044.124456399,524352.70477466,514559.42080927
2.08353165162596,2.2081567607727908,0.31450104111167254,2.3113909719471417,-38.2427258381974,40537833.75519727,139208238.25092983,0.45909304558429354,72845.43580206,2.5453524514381e-06,-0.33078868829903,-1467381.83214,-86794.840162609,1283329.4217581,1.1714928048921e-06,-0.33058086724786,-1655195.0791326,-112921.11693746,1437133.4757454,-2.3365949321319e-05,-0.33068944786106,-52188.681627686,-564597.3026248,480914.46361384,2.7143156671934e-05,-0.33069066274442,-51759.168884392,-564237.91310873,480889.96232205
2.3125997796656117,1.7581126810244512,0.21950740508975572,4.762555999132248,-20.08952922318668,10009839.188192708,144624811.31424978,0.4469692361250026,96308.27240694038,-3.8493154239568e-06,-0.3776942141891,-200306.84364125,-84599.847781502,131709.48648616,5.6194657921324e-05,-0.37763634182832,-318942.38422469,-143545.10304554,205727.36060544,3.2359394037255e-05,-0.37770540382562,-136495.23325608,-1104748.914918,981038.55206926,2.0000897314637e-05,-0.37762583845239,-134788.31020129,-1103136.5572533,978795.28505156
2.3027910237525697,2.4215660380545607,0.3868751277443864,3.7099460532357953,-31.14696402086313,42348625.586075954,127354325.28373842,0.5926460957343499,30243.382599724788,8.6379023058822e-07,-0.18189314773514,-1033468.9454664,-95161.68261067,880336.37062882,-9.1067329259364e-06,-0.18173705951382,-1229865.1843312,-129089.88815007,1036840.3353619,-3.0354456019189e-05,-0.18181547193328,-36236.528837023,-262772.02182332,215838.83257424,2.2016980990048e-05,-0.18182466916694,-36287.363529798,-264827.24120708,217672.42329268
1.7842006828843076,2.863160396717553,0.19343312912258825,3.8097965673798733,-25.077496536738355,24739620.448902715,71149457.00638986,0.4855675902755756,48663.971455185114,-3.3397985957346e-06,-0.20825603078753,-1948797.9549245,-162783.45067224,1671487.4954511,-9.4809899966498e-06,-0.20786232667678,-2734044.8854069,-224149.48109465,2350574.3034495,0.0003166833143388,-0.20809233092135,-46349.624009438,-3102940.6485016,2810747.2658893,-0.0003288285333562,-0.20809506641483,-29938.609655077,-3088114.2519882,2808814.4855929
2.0519399440578407,1.732676502739265,0.16760466524407702,3.2355139661225656,-24.16993201005642,33507603.187042907,78181456.58745268,0.5925269130070637,12455.747402593977,-5.8540367277221e-06,-0.13242290403163,-3537848.0102,-6262.8857527984,3237983.6582925,-3.7348050152029e-06,-0.13143932500501,-3871588.6360851,-14457.286751362,3537968.8058355,-0.0002099526331828,-0.13195067474823,-4101.8126794324,500720.3810445,468600.14310655,0.0002001012133587,-0.13194842822578,-4258.9163788872,498011.71740932,466163.72757437
2.1938445507857463,2.309643619898175,0.21499722407638866,4.996444321362818,-33.33073168703564,20806362.987590685,98023508.99894205,0.6080939433040397,28325.169525501908,6.1835522540408e-05,-0.41281647656035,-109109.61318915,-65051.161657958,64697.404885166,-0.0002183055802865,-0.41276137009482,-261812.37553278,-116539.9981157,169445.8106024,-7.4858050240968e-05,-0.41265655415625,20785.073908319,-830786.21124154,776771.73035911,-8.1600591248715e-05,-0.41292273025497,20083.546005311,-825363.34519346,771230.94512151
2.5185156032522378,2.999283618798941,0.2710001506961055,4.964967519604173,-25.1699508452587,56440399.0873276,77692660.84141965,0.5677087657040387,41367.613677388916,5.9297480519298e-05,-0.085073101897455,-136384.76918699,-79458.027574089,81386.663683891,2.8240539042619e-05,-0.084998182330158,-288791.49193804,-130435.38586145,186079.58802205,4.562322100142e-05,-0.085024180403808,10786.603189358,-836012.89673577,775333.47830389,4.174685272681e-05,-0.08505032078011,11448.641243441,-844225.19603418,783334.33664144
2.90797419633528,2.8819096709632843,0.1640076399076571,4.717951031690454,-29.500013365069645,70655579.89304931,71167123.6413665,0.5628411087695351,4333.300403111103,-3.4858093566012e-05,-0.086930627573925,59194.463946517,-46808.659933566,662920.32525353,-6.2189533668597e-06,-0.086747884000919,-166428.18846848,-65630.142470662,880853.51456764,-5.5081919096556e-05,-0.086861216149142,41934.665953272,-918947.93081737,1027575.0938298,1.3849601101076e-05,-0.086832865936678,41762.267046589,-920873.9666593,1028119.2716091
2.526500548307351,2.9861045493500997,0.2226196124793584,1.9570768170362949,-33.22281942280136,42032633.74570878,86562474.85927875,0.53210643999473,11853.234981035059,2.3288998473325e-08,-0.20138953483387,-1835913.5996378,-62052.973733467,1638335.6015171,2.438917233482e-07,-0.20060834295566,-2465085.6735046,-94037.588564509,2192218.6518545,-0.0001424371190073,-0.20105321634336,-17093.265964255,-372430.05536576,329416.01885889,0.0001426524653123,-0.20105241516777,-17027.052422903,-373243.53587093,330253.37454375
2.1454938913409904,2.044181214525752,0.1916191004483636,2.28672021211631,-30.967095959107976,37686677.636964634,68426501.81704295,0.5949933220844729,11110.063582558554,9.9513556974462e-07,-0.19676624944002,-2103344.8836028,44495.670984404,1959951.9620745,-2.9708013838586e-07,-0.19620496263822,-2423101.3796086,42180.47407406,2251311.0748757,-0.0001267915197017,-0.19650199051029,12607.790157113,-235493.25887843,225058.0533137,0.0001274120498177,-0.19650352332408,12494.779051496,-236325.43432291,226825.89457723
2.760973351352269,2.3583912019224256,0.3147117946474175,1.5764450047690874,-24.613140727790867,20027078.085556306,60087904.5759418,0.4571798061799055,330.5200463918355,-1.3132924209478e-06,-0.22771244955846,-1073615.9622908,-17942.389827869,971145.06895554,3.4066433126029e-06,-0.22740759617762,-1412912.9702586,-44936.43576485,1262889.5881483,-6.6799347221871e-05,-0.22758014350478,-14687.592093449,288392.31950967,275219.06601929,6.885348262965e-05,-0.22757470745114,-14926.842589202,288317.9294931,275348.77241331
2.6480652258817607,2.8250468050248356,0.16728452272997324,4.5382810242082074,-21.340867879263165,10386438.114383906,84096626.96976154,0.6027791643088417,73386.23259548843,-4.3041646275878e-05,-0.36166599368902,-179372.13803345,-63979.264082086,790178.23364112,-0.0001141585814803,-0.36140044329031,-417106.62658647,-87671.064192196,1073112.6962882,-0.0001065192183298,-0.36151022552559,57517.099094382,-1792204.1880523,1784268.2685288,-5.0539972521196e-05,-0.36157575518224,59539.093220045,-1791703.7664616,1787301.6446649
2.645892364631107,1.7652312391719496,0.24867723408828366,4.960496501123727,-34.13647824399784,65399524.6206168,116529477.55170974,0.456087120965348,53063.55179622042,5.6971880698377e-05,-0.15247770822118,23182.148782709,-37824.349852114,303526.20170857,2.429617248326e-05,-0.1524056758493,-91629.515383191,-52815.57069433,383444.54094841,4.1291538311147e-05,-0.15241990805739,-168707.42638957,-617313.25731789,594270.65469614,3.9921643930031e-05,-0.15246931713041,-168013.64577967,-618622.86422883,593411.65000999
2.78726697492572,1.7083200174813529,0.18209145336003277,4.544551894498361,-22.67683216107334,48937410.76373965,111622127.85158841,0.537551143096882,88444.60757132727,-2.9623129296081e-05,-0.09519183215578,52630.32418229,-48263.444049443,576974.75748289,-9.3114406206914e-06,-0.095055895856249,-10566.481912541,-58258.649671069,646449.14856595,-2.1244826091526e-05,-0.095141265331776,-310576.02445675,-1094251.2197713,1111116.4706455,-1.7803762166149e-05,-0.095111610363937,-330267.00740799,-1099130.1710983,1109536.6858412
2.962585538586721,1.6090923238050254,0.34384507703098766,4.865294605807508,-29.01533333904834,73617685.87622526,131816287.79269135,0.5992397393619842,10069.532528294454,0.0001276578980909,-0.085040513847972,83633.060148883,-34874.423766013,239541.56641147,5.1855317606507e-05,-0.084998489834714,14430.997363736,-48138.993466456,269041.03009113,8.7791492156223e-05,-0.084951848792087,-108792.80185252,-228398.60440668,244336.8497741,9.1878640820086e-05,-0.085091244026581,-110074.79193452,-239493.42205221,258557.84957379
1.8723851979018877,2.5782667698592676,0.3514554138459356,2.481399893090021,-35.88998562536365,32010948.4913931,128305564.29377644,0.49662719136347755,25758.910091899474,3.2581937647733e-05,-0.32537718788496,-310223.06349706,-88213.72064855,226394.32910869,1.7274817637678e-05,-0.32531590285724,-431351.49656739,-130968.36757912,310054.1059188,3.1221776401991e-05,-0.32534486771293,-22953.116881823,-516596.22563793,457279.7247113,1.8785210584809e-05,-0.32535594040612,-23202.787455647,-513683.70988398,454416.09393155
1.7012648273252258,1.7113751713730332,0.26809869116552293,4.918045805532385,-36.62158681926847,15591679.977253132,139122967.8200428,0.5046185844359231,99471.53647070329,-3.9819702207005e-05,-0.78503980950293,-110528.98161105,-377447.03334985,284777.20816645,2.9586903075905e-05,-0.78499949445325,-187005.5232516,-371937.84486291,255869.71875869,-3.4591111691101e-06,-0.78505424182868,-126593.24206108,-706152.14098132,617205.84309609,-6.757128549162e-06,-0.78498530934114,-120734.32955123,-718091.11361733,634551.36032239
2.794053785333757,1.6855082355000526,0.3632136921025354,2.4365031687244842,-33.3833628530626,40312673.68520265,128229781.05780339,0.5904339691735125,2014.5481524684137,4.5546684229177e-06,-0.21041267269265,-927585.56925696,-29441.569333872,829186.47042285,1.4977388098605e-07,-0.2102120327969,-975856.81971284,-50338.658948473,858647.79885292,-2.9640521032493e-05,-0.21031032384136,1325.7402958938,223733.66489429,204105.54001765,3.4350697277996e-05,-0.21031752339233,1148.2105217797,225076.72992977,205467.46779055
2.5886267690923486,1.6712009500530265,0.38916197467780467,1.4767117600444641,-38.428556279422956,54412744.15457786,122843610.8307273,0.5549125765233442,16070.516213816569,5.7832775258952e-06,-0.21614590929515,-606017.93931547,-48051.434244966,521570.6481598,-4.8181221492764e-07,-0.21602944836919,-685755.46245914,-74894.557144838,576546.92724589,-1.5481566500358e-05,-0.21608497998652,-19533.514771534,244716.95576143,238643.35952442,2.0798680383074e-05,-0.21609467579247,-19770.698073858,245034.48031075,239131.40792487
2.734504890170931,1.745999564963674,0.18971315200205424,2.9407953586084705,-25.913055791128606,27514579.331908446,58225665.065787956,0.4496367172098674,95798.7490742315,-1.882291973222e-06,-0.24397247496505,-8676788.8800465,173427.81281432,8077895.462032,-2.4734192072184e-06,-0.24033348740484,-8864872.2843425,169429.53937133,8247358.5038924,-0.0005785378895023,-0.2421701765295,171133.42006216,398230.00360221,591820.95093896,0.0005741508009869,-0.24217049963709,171414.28107105,401422.16566605,570681.21818875
2.2746842633833073,2.33080100517169,0.39877412509975857,1.2213382226856075,-20.208269806689994,27034858.248597443,110066184.40109336,0.4372644630896961,73907.86406756475,-1.1018948824483e-05,-0.15074141349836,-878429.83372726,-90303.106929103,741835.31794296,-3.9687192317315e-06,-0.15061921702077,-1124279.5645815,-138930.73723734,933711.97029655,-1.7818760067611e-05,-0.15069001382052,-49641.850825903,-434731.25452173,364202.44724931,2.769262301548e-06,-0.15068318517824,-49329.330944258,-435764.47947496,365334.88167109
1.7747945422409064,1.7828825059664033,0.1870327636353849,3.689333097875345,-38.36891959806846,20869963.40290282,105587098.93808982,0.601219649280163,44378.089399262964,-1.1869788386726e-06,-0.5809880065233,-3423954.4689148,-36104.747166335,3112185.0384728,-3.5659067504276e-06,-0.58038213589304,-3862303.8281567,-89118.924739731,3476052.0488396,-0.0001192921527646,-0.58070004776412,-36319.56025533,-290599.44146771,241145.29716992,0.0001144537226646,-0.58070223663415,-35917.078420622,-276589.80876485,228721.68703695
2.4260969359571374,2.3627755706722886,0.21308614418827562,2.971041274391288,-29.19634878243919,47402254.326580115,75066783.68689086,0.5564798551028861,63153.81408331515,1.1629239774152e-07,-0.15670684955991,-4131167.6173356,340127.06457432,4035819.1314756,1.0541580507647e-06,-0.15547928349106,-4509725.0029052,360382.8911543,4397498.9222996,-0.000217404682215,-0.1561164046127,-38065.133093737,-780683.85869555,688550.49740659,0.0002185807410704,-0.15611607033092,-38060.528920663,-780657.78541051,688569.89146044
1.808012375914645,2.1388103256855033,0.199867904181631,3.8235639867837206,-39.985635581809554,55267500.92126047,69827309.16469306,0.5734592745806397,7266.553698986122,-1.1118153643717e-06,-0.22061737427793,-1836665.9615699,-51250.517086336,1646685.198353,-3.3939371419785e-06,-0.22027715298752,-2245549.6179884,-68823.384503354,2009005.8214245,-6.3894712134338e-05,-0.22046078786112,-22252.860400855,-405560.32750774,356026.12988825,5.9349158803321e-05,-0.2204626347278,-21365.408781192,-402932.62995847,354152.47635643
2.7483269470214493,2.60274519658985,0.2775690019557264,3.4623842594190064,-34.28097624041317,33243812.648481105,55750237.75091327,0.5141719241411884,28677.652328693275,-8.6606842828484e-06,-0.27979131825026,-2785359.3902681,-116100.95132087,2470849.8567113,1.1640128822728e-06,-0.27883659973037,-3191864.7543503,-146951.28915882,2821657.7313999,-0.0001962754976196,-0.2793450110132,-44718.503505821,137077.98130117,160247.79821137,0.0001889330125262,-0.27933644258684,-39200.543459888,144400.36502535,163888.46608321
1.6370963300727304,2.114486497735579,0.3838097487770768,2.3010562816729676,-36.416859685195405,19227067.70202494,100029839.82654601,0.4969468243513948,940.5153839992772,1.2351535032574e-06,-0.52907300621568,-183258.52781747,-41494.715021307,140068.01533476,3.2131042224779e-06,-0.52905216586674,-268299.83441005,-74841.564655241,196638.78655318,1.0235612627553e-06,-0.52906468165193,-12722.254121438,-189005.9067278,164503.96807052,3.435816909243e-06,-0.52906317720893,-12716.022561223,-188677.38411801,164210.63836977
2.1296234330621626,2.665478741845832,0.2790897683440252,2.037523973573596,-37.54955326405887,44065313.9267844,121901305.19322595,0.6048572938691487,97530.99766457436,4.6277910756364e-06,-0.29660481317547,-2037551.9690245,-67016.111242411,1819589.3297983,5.0257680378232e-08,-0.29626433783042,-2451096.7505463,-91221.584164708,2181396.1764961,1.3055168219122e-05,-0.29644744440927,-70524.49416573,-1129481.4597368,985377.34739179,-8.2913168770214e-06,-0.29645052295656,-70421.60934904,-1129075.1145089,985075.10298611
2.7064023686520393,1.7387963757887364,0.3128838565461486,2.200210772493924,-39.610605182470586,28923592.856696445,61512222.92004438,0.5096728664503422,28085.263401820128,2.4431956524374e-06,-0.44130842870886,-1155021.6654302,-150352.47683517,962384.39094162,2.404444514799e-06,-0.44090650823859,-1241837.6764613,-176751.00269874,1024538.3844709,-6.3093974455884e-05,-0.44111302113701,-3585.8481614458,220059.92401632,205419.54657472,6.7963658756719e-05,-0.44111292615831,12683.598840161,256971.43908166,226734.37838386
2.63117033061468,1.8189202130792843,0.31202688374942855,1.9435517014441512,-28.21074687867572,48177947.18009915,85736557.10049841,0.5932167356111551,58967.06819443346,-6.1112139748014e-06,-0.14714006445527,-1937665.887339,-106248.63348788,1700660.0579229,2.9695294536864e-07,-0.14663691999043,-2087010.3367194,-131367.74849809,1819924.9483272,-8.5442047862009e-05,-0.14690057003333,-55978.117070643,616408.120917,606112.48821739,7.9592940623759e-05,-0.1468917064389,-55566.771353911,615081.39318802,604627.81185991
2.5356628338830194,1.7296262021845747,0.15678715802740203,1.6265871247716597,-31.836484651905025,53107572.473283015,126227945.21633996,0.4857201230354218,76245.2783883444,1.4609078403788e-06,-0.17989895904831,-5786181.1483613,-179608.82650704,5195212.4163599,-1.7880922388331e-06,-0.17666466592651,-5388844.4349115,-72961.082785717,4887251.6832548,-0.0004849225893553,-0.17828662961614,-43180.164933945,862816.20189275,822304.88861988,0.0004848222277299,-0.17828962325918,-43522.010829559,864819.30146296,824333.90920429
2.744237806392453,2.586694129792198,0.2963984549535811,1.4316324350574399,-34.05019291100999,48574152.903092325,80876080.84360601,0.5290445207334223,89220.30212985896,-3.6813677716213e-07,-0.22190842932873,-2758448.3821505,-133195.72050496,2433433.9444278,-1.3247213936811e-06,-0.2210497866794,-3298950.8783674,-179527.51453714,2896069.6888861,-0.0001378739931843,-0.22151250826402,-54073.884335652,-406275.04988147,335384.88273016,0.0001360962400511,-0.22151263384194,-54148.611115429,-406927.21769331,335809.73141546
2.9720828786486404,2.3255931121110374,0.18191458747136685,3.8633366332381485,-37.904434139107686,13007376.917247016,66656927.02023565,0.5776106001179934,3114.929229736549,-3.4684785350205e-07,-0.81835693078707,-7317556.9940414,11425.949522782,6714893.0477838,1.2800808338287e-06,-0.8141874777113,-8496692.4117542,85271.226971784,7848906.4650892,-0.0008338455844331,-0.81640573659899,-2510.3209156941,1795567.3546754,1659469.6307663,0.0008346768640763,-0.8164052803925,-17082.448401531,1749587.658805,1627764.0595469
1.7601942417413976,2.9866629304803185,0.3272719222364745,3.9472394957455816,-35.41042084044793,12078689.479466612,119900776.41321419,0.46932349066010304,36242.61150021703,1.0073110976083e-05,-0.84549018399466,-435666.46581848,-122780.40526936,318576.83803861,6.2731715641571e-06,-0.84542967177442,-795247.91273868,-179243.12030388,608328.90545265,0.0001048819808636,-0.84546626881457,-55140.080002616,-1338943.8162839,1188150.2327799,-8.8592230662539e-05,-0.84546882102191,-55232.369673765,-1339717.1539885,1188791.8900967
1.7699626974624867,2.8399038656260576,0.3580034637386541,3.576619422121524,-36.4499642769337,41222401.55643366,102035893.230705,0.5712253557854445,50831.11590038883,4.9416948915778e-05,-0.26805087700692,-442128.09738956,-127697.14904679,321518.23662865,1.5835894815493e-05,-0.26799177310452,-672852.74865376,-174931.47181093,500633.4618428,8.0481048752828e-05,-0.26801530659731,-48345.47443504,-1018425.8025403,899096.86816517,-1.5175676205841e-05,-0.26803596909606,-48533.819907563,-1017525.1449268,898133.32321397
2.1744965089068087,1.6079484750342792,0.35534308093286937,1.0444152324730704,-28.248399010565873,28172551.96759054,122760505.26835646,0.5648288581698917,85437.5693034711,3.4223853071571e-06,-0.27442709535595,-1135191.332946,-94509.760593656,973844.4368606,4.966620583232e-06,-0.27427856230003,-1304255.9054297,-129042.2021532,1104869.4141088,-1.6749573180031e-05,-0.27435838815966,-56474.770450378,35274.664500698,81203.505114817,2.5100349271794e-05,-0.27435634934592,-56979.060018669,33839.25300926,80470.105017735
2.8875551004322135,2.4629610584314117,0.2380946282456118,3.755415582769365,-22.951053829290412,51718618.71730476,139511378.2465666,0.5593961034213614,82736.8655542445,-9.5155417249276e-06,-0.092130918214202,-5883138.8277401,-226490.40290696,5231814.6598863,-6.0789811072859e-06,-0.089538901875398,-5975054.1084893,-196119.83047901,5336875.0927377,-0.0004673008258399,-0.090860430234292,-85954.333559274,484410.29054056,508850.50155475,0.0004517429750569,-0.090857732022907,-83137.85441502,477568.56366577,501115.53135979
2.7846130385918366,1.8763405764991046,0.23912193944003862,2.5641843917858678,-29.94118872427103,36974919.67486435,94785254.75806329,0.5022314887322348,10300.679266497482,4.0853464984629e-06,-0.1873455480863,-2524120.2351331,19225.643081219,2327264.6851521,4.0107371373493e-07,-0.18646796702396,-2662888.3562565,9881.4418466663,2447699.7192176,-0.0001548536161843,-0.18691464078979,16010.889948495,192201.88552138,164961.76999711,0.0001594491295313,-0.18691861392455,15963.085498973,192898.7930913,165629.84437448
2.750841274245108,2.5131190138107007,0.31584302744392256,1.8111426545455775,-27.47435753139945,45096668.92526655,81428508.28250541,0.5699322146076722,98314.40769301986,-2.3137277602409e-06,-0.1628324272476,-3238456.8041512,-100074.20226392,2896592.8290657,1.2707826509357e-06,-0.16201574687106,-3716987.3690292,-142725.6160436,3304898.7746603,-0.0001377662753747,-0.16245077218837,-68791.040278491,-198633.00068116,139742.66695614,0.0001365166057916,-0.162446416828,-68612.061695479,-200913.97002458,140539.95296951
1.8381694875976589,2.1719412854696265,0.23613254997302446,2.1154394068010514,-24.526851205634216,45329273.77198237,58912430.55392183,0.4975619615476925,47638.120843573066,4.3635650627889e-06,-0.11492956046729,-1475170.6989995,-24117.584666965,1334751.1515323,5.238610449143e-06,-0.11470787220628,-1742989.9248989,-38506.198892372,1569938.619189,-1.6149980272653e-05,-0.11482671195393,-37796.118692842,-603127.77327991,526121.04453988,2.5713642596569e-05,-0.11482688541211,-37932.493734153,-603168.63778807,526066.97389379
2.7202462083750367,2.6332634251296887,0.3063318019940059,4.714458227284283,-27.339035919274526,36383103.9224354,109426052.63448223,0.5053026887043043,48108.175484076426,0.0001645734246171,-0.1642296423109,-21497.873357311,-66813.077776798,415680.53447171,9.531019471442e-05,-0.16411611135375,-110469.80836388,-88306.660698576,515024.37900962,0.0001148821210389,-0.16414077525276,43693.84851672,-906309.83710568,903734.52760401,0.0001448612535952,-0.16421241742813,43100.962070154,-910166.77509438,905985.85382146
2.281124057314371,1.5588053197588119,0.34620631759689,3.4270456456538696,-29.579329494210164,73336542.65284227,94995436.06417501,0.4962615867784025,23671.65990631067,-1.4242569020365e-06,-0.095744603786521,-966663.8367937,-93662.16543775,820282.28779137,-1.9148893773141e-06,-0.095583219529907,-1002734.0882659,-111964.08227365,840844.93056578,-2.7596720343445e-05,-0.095664519670001,-41087.163066012,274773.59160123,282419.18812005,2.4185523975804e-05,-0.095665226858522,-41602.003398754,271877.45202248,280162.56297893
2.586473600817462,1.5668231086242745,0.15118487884935292,1.9644285268113055,-25.23853331196688,18832462.43325908,52743499.55692764,0.5604915418493485,36560.02400914888,2.6377035876854e-06,-0.28493560476726,-5788329.0814928,-280549.21100856,5120363.0298413,-5.5045663594528e-07,-0.28149508102671,-6028898.1494321,-300056.83905749,5327691.8840962,-0.0005241591868048,-0.28324788336228,-127483.66691566,3315187.4218386,3131064.1245036,0.0005261242599171,-0.28325098002844,-128122.81530108,3312891.8185916,3129451.5986355
2.9804670829201703,2.432414074554505,0.2292324942682642,2.0672871484552706,-34.027631021416795,46033604.15011822,94411971.2670632,0.5722180601486666,58387.29628679782,-2.5479753375571e-06,-0.21740558568655,-2063051.2874357,-205830.04750394,1746498.5191939,-2.1110219477593e-06,-0.21540595281379,-2250363.6873462,-236357.71026933,1897025.4505325,-0.0003628540567609,-0.21644648832024,-77481.587597375,560623.38782961,571641.25325663,0.0003581613956268,-0.21644536917518,-77497.610333355,560106.62619791,571183.01667501
1.715533359071665,2.7444235668711245,0.188361252478304,3.541040525092812,-30.380346597266666,24156753.30654414,98485146.32470411,0.5066910314643427,2511.584890378277,6.2722378771405e-06,-0.28099687894734,-1412597.1213739,-46573.042567161,1261566.0944883,3.5436901641285e-07,-0.28072473848456,-2309072.1041982,-72816.492711003,2064543.2970967,8.9939139096965e-05,-0.28089084644702,-33457.822120571,-1178631.8969562,1056676.2827172,-8.3247979153905e-05,-0.28089500804846,-33560.914876681,-1179048.5788128,1056643.5571246
1.795719899067001,1.5978960299905987,0.39060654826895136,3.30783990246599,-35.23311836451538,52339669.10524764,85345705.3002649,0.5237319377817393,32022.577713953793,1.6390339977811e-05,-0.19357343186237,-432448.69397137,-101872.52020767,328365.65330825,1.1869529084839e-05,-0.19353095923469,-478882.86099587,-128990.43751098,353661.29213868,8.4803732201582e-06,-0.19355044492069,-31947.20959708,-163012.20535958,127695.15801671,1.9835308878793e-05,-0.19355543605766,-31658.153397892,-161055.82092229,126096.45354609
1.6459745301930733,2.5608457772399795,0.21091713441934395,2.771143056626189,-20.0133113900011,40255620.633988164,64877109.5953128,0.5383676415778239,64242.57387708281,1.0996123214971e-06,-0.087966727723262,-1419155.3096086,-73838.036115618,1248207.3424491,-8.9800999830845e-07,-0.087776836527684,-1822577.1289571,-94190.049740598,1603480.9349832,0.0001102113430683,-0.087882756050014,73765.865585013,-1824587.7268871,1725940.6565844,-0.0001099597573416,-0.087883767081065,73747.265282835,-1824226.1807848,1725594.3653026
1.7774087954378612,2.507996482173842,0.17360580294737465,2.641732785540955,-25.045501728091104,39911042.57670611,132810039.26679233,0.462133960274193,63201.61176378216,-5.1463742247765e-07,-0.14155898777936,-2763571.9907849,12967.12381497,2542204.0699848,4.4573004881738e-06,-0.14104633909263,-3311805.3861468,12144.373805238,3044072.9570966,0.0001133746672728,-0.14132761179588,-123548.40875122,-1372895.2078488,1171730.89887,-0.0001099585152091,-0.14132502096683,-124074.33369632,-1374126.5598164,1172181.9414014
2.458352972365522,2.0557650603097253,0.3842017462008982,1.3485728947255302,-35.65958509098282,20397391.165040776,100547630.54322785,0.5657702997064429,3055.0718313689845,8.368318241242e-06,-0.47739054038877,-505903.97510044,-27207.775816085,444368.27041496,1.020396224075e-06,-0.4773023348386,-649172.38543131,-58599.39622697,553809.90147742,-1.3244537643327e-05,-0.47734648016661,-12007.881742192,87781.198675494,89774.144665603,2.2623374361248e-05,-0.4773553216407,-12324.205332023,88700.660644207,90872.170046254
2.39811008798123,2.711590725101647,0.2200524902599676,1.0630927736566456,-25.118289362684823,14858401.804713994,64083133.133743994,0.4634701541990837,77889.7545726434,-1.6989766916291e-06,-0.40558927397048,-2871535.9208605,-108724.3448277,2554614.0199801,-2.9954913852314e-06,-0.40453278265228,-3958441.9737796,-164198.13443588,3511547.7261832,-8.029045056051e-05,-0.40513916901365,-42368.372333343,-1363874.7063112,1219981.5010529,7.517634937536e-05,-0.40514159277939,-42588.587828184,-1365108.323876,1220976.9498328
2.644299684786386,2.413269367309927,0.1855138119337297,3.8309453397148068,-35.730891782206925,59674581.581909634,110819369.5216804,0.5285359562951456,36344.611440106084,-3.146876070014e-06,-0.17259593978813,-4723190.3779691,-163743.51873081,4212086.9014764,-1.0362107411939e-06,-0.17016352574275,-4904827.7245312,-176520.05123353,4369486.9418665,-0.0004049232453328,-0.17140315173248,-68462.724357232,-175046.68047974,117873.10992999,0.0004012010539087,-0.17140213909778,-68533.06340907,-172221.01957269,115465.07977242
2.3444664820120407,2.9839970679105803,0.34127711291689544,4.801745912523206,-31.09547180087175,50570201.63497443,55022918.84135164,0.5607605209493931,17534.491718079058,5.0507562144022e-05,-0.14204048132011,-90145.307792066,-62762.805355543,51639.922991556,4.902993767014e-05,-0.1419966648705,-187215.47367608,-113933.07350258,110408.98806798,5.0826016997028e-05,-0.14201941966873,7517.4336051349,-507422.76714309,470873.26171537,4.8394384257977e-05,-0.14202058339564,6917.3813846227,-512053.44723906,474533.60676991
2.5396461554888083,2.946110979528438,0.29917609640684395,2.6362939238307264,-37.28147827567161,57875922.45952566,79285277.67898493,0.5493057454789131,72638.02014967367,-4.8445322895035e-07,-0.20977827768629,-1484418.7294459,-175880.27467843,1237866.8230631,6.594643252883e-07,-0.20919859009042,-1733512.029407,-219318.88181252,1436254.3518015,-6.1512091686867e-05,-0.20950890620467,-41906.125363699,-970349.88464209,859644.13442747,6.150525685403e-05,-0.20950802352623,-42190.497943853,-971453.67355714,860449.37369375
2.900916934772626,2.1984708794280623,0.3210090174622049,4.4671589944729355,-22.76734473581063,51177461.27472825,74990124.75661103,0.5756047180719083,47369.10462111891,4.0917825903803e-06,-0.080784245678808,37965.080441273,-60587.007355372,394365.46899771,-7.2858402262637e-05,-0.080689515998314,-61310.818790779,-83505.954087608,488674.01292766,-3.8704598449522e-05,-0.080689901785369,155766.0660822,-769470.1458265,822173.90045327,-3.0378203619876e-05,-0.080790949521113,158518.1523401,-777879.93533129,831983.57186002
2.803688478496064,2.33927766819219,0.3930156032404815,1.565743540907137,-27.74770955564947,39359131.56468804,141400523.20198405,0.4420022621595568,13034.087148620005,-1.7855152108332e-06,-0.15766372259594,-859481.94962634,-40433.185082779,758957.80438031,8.9686490983721e-07,-0.15747698380609,-1050223.8463347,-71482.708153737,911970.93673207,-3.7807940580032e-05,-0.15757954405334,-15938.376222252,96647.420420291,100683.59830892,3.6857698176624e-05,-0.15757656178976,-14465.325143297,101627.79669159,104165.00412591
2.4279072941876754,1.6648141303714337,0.29380621495158254,3.858454118777133,-32.57730206394454,28674132.524015125,121713519.80186717,0.5147065959916327,1907.018808538533,-8.7013227142448e-06,-0.27660999655521,-1379738.7899354,-81989.550724346,1206703.5495391,-1.1550111465182e-07,-0.27627479641121,-1517396.2920979,-102597.15215985,1318437.959195,-6.3528222622056e-05,-0.27645402433155,-35484.700957607,599072.98619321,575025.6377053,5.4695855896682e-05,-0.2764419690844,-33717.727154894,598766.61551325,573385.25641794
1.6619433496018112,1.8816786525444709,0.1649965371425039,4.874589064017801,-35.29898468733309,46564403.78437998,104112747.23983511,0.5721004599852294,66273.0942737079,-1.859619514414e-05,-0.2281496620294,-91611.704910795,-406915.64517877,335214.90849553,3.1878327729344e-05,-0.22809463798822,-243513.21414144,-382219.82733752,272814.52268942,8.6772606489306e-06,-0.22814430437375,-110431.23814261,-871676.8384392,813911.42031292,4.6166967236283e-06,-0.2281003466862,-104271.4211356,-870904.15561296,816486.5878955
2.225535124852147,2.7820638123776695,0.2490979032344447,1.0912577267549086,-34.08504338958165,15294720.29755776,50709010.94487343,0.48457542645037116,5075.190858308058,-2.0466392690601e-07,-0.58562398205728,-707061.24618219,-36390.838273571,622168.97525601,-1.8852119044051e-06,-0.58539273504467,-1355666.2684378,-96958.319227586,1174662.6903269,-3.6335702863097e-05,-0.58553971352674,-13045.73242576,-267392.78971962,236499.9729023,3.431331132175e-05,-0.58554138579892,-13172.116045241,-268133.89380559,237089.40170855
2.0283294776571115,1.9587750042574932,0.33337178719036886,4.6118878103685725,-38.1447869713523,79383912.61919591,132914685.38740942,0.4832588470514815,58107.75800557018,1.9669405391972e-05,-0.15754063154679,-96415.704869884,-66116.456171171,55379.501250067,2.1166076051726e-05,-0.15751364452332,-175334.45834166,-122201.13941278,100446.48619401,2.1997824733159e-05,-0.15752827450424,-55526.150126709,-503052.4409113,433407.75379831,1.879422698573e-05,-0.15752715706321,-57301.548939156,-506339.7079152,436827.09450637
2.463013228234089,2.662492030172917,0.3014780389449098,1.741986673748786,-37.51653869294721,19988736.379224963,96853008.8151465,0.5936924550250056,21552.86139296724,6.1686936098741e-06,-0.55636840398584,-1350047.0806709,-44323.177246337,1205683.0984326,-2.7239691274708e-06,-0.55605208790746,-1856869.1582837,-82354.245145697,1643215.3276253,-5.7443985306737e-05,-0.55622712460764,-24456.292185614,-196106.14257226,163286.04909935,6.094967142619e-05,-0.55623532954513,-27021.509501909,-197806.14563002,163251.12745515
2.7678166047643478,2.0802079348713827,0.2965980583615937,1.521634946903565,-27.687441734045493,13028273.91827094,142746514.34558886,0.495255746788182,82500.70526413398,9.000746701158e-06,-0.55726797619482,-3362112.692131,-72361.783566226,3029622.7433334,1.2726969228298e-06,-0.55634871317437,-3890738.6268721,-104409.19325655,3491266.720358,-0.0001537607041845,-0.55683062433933,-49134.86582536,513691.42360802,506968.64180266,0.0001642402902274,-0.55684134489743,-44889.922311159,521383.07241638,510818.13240672
2.651222827715162,1.9284608131430583,0.181587167221946,1.0754706493967592,-33.626519996393824,32534053.361665417,66945163.71369484,0.5853421965576027,43404.70438108207,-3.7443182611629e-07,-0.2950978836445,-4366204.3314334,19381.034962088,4016385.8134914,3.5679123684226e-07,-0.29319860087502,-4947248.103512,12317.806930779,4543924.1272932,-0.0003150007580075,-0.29420277366594,-29795.743600743,709011.53772854,675315.82282217,0.0003150281085297,-0.29420230461479,-32686.679332222,698049.97663733,672827.44151423
2.7095594722806267,1.5262308395687894,0.29816231327095377,2.6589067333296175,-21.311531117645732,28591139.55009152,85926617.94483486,0.6043963645430478,37892.19076287075,2.8589151235382e-07,-0.13337377241387,-1207874.9424811,-149329.83412309,1003260.6434146,-1.6673254291934e-08,-0.13283997468076,-1254578.3652424,-167371.11343632,1033868.3385991,-7.5070449185228e-05,-0.13310983513435,-9739.1336926901,345303.00999179,324271.04468404,7.5622561378415e-05,-0.13311086910175,-9613.8864028135,355402.9964347,334233.68737469
2.452376298769629,1.6615479575374008,0.28565991588242773,4.43041529968483,-24.75454508853506,33595906.141783014,119121259.35958448,0.4472100419669465,27511.717536103002,-0.00017750584668,-0.14527355606731,-59082.399049849,-69298.416180977,39519.851609671,-3.1016575694155e-05,-0.14525088372781,-82817.632509849,-110215.34141015,62603.493816964,-0.0001035350069589,-0.14537059962482,-50637.327667693,-456364.84742024,407755.41497804,-0.0001050262145096,-0.14515438328263,-54300.574026155,-464443.87131187,417200.52653654
2.301049185153985,2.182540099228115,0.24810221163605273,3.123892536649915,-27.291907910006856,70098311.3356344,98980419.44524723,0.5201010182257634,45690.72745888245,-1.0259402275107e-05,-0.088926050710064,-2822067.776157,-65483.823270803,2540126.8171423,-4.1160362215075e-06,-0.088293721832648,-3057622.2332759,-80916.570495189,2745016.1004372,-0.0001223106537805,-0.088623346119135,-35051.395988784,-215445.54039285,173362.97204956,0.0001077823211036,-0.088618025136894,-36709.765292173,-223374.58845088,179508.79936358
2.9573179537795045,2.130852685259074,0.33814138555891854,4.988156450396309,-25.44862253327274,20669729.573848665,98460596.48724686,0.5837069969061333,19963.68941365145,0.0001444856823045,-0.23081963142509,45074.985285131,-55092.261935294,348490.29216254,1.6910550041962e-05,-0.23073775743496,-44265.458271637,-80059.859495636,451623.5627891,7.6204263959064e-05,-0.23069418705107,156894.00193024,-658779.91102829,722404.02388694,8.5030142810726e-05,-0.23087145615388,155368.87600568,-662080.42596273,724229.49607184
2.4480298953308552,2.442015709908115,0.32482406877909564,1.9743784950329224,-22.131988613648716,56368136.6332292,143863615.73883837,0.5217899326245568,83081.3237873748,-5.0643844060814e-07,-0.08339153443125,-1934414.7268959,-141259.98971817,1673685.5711654,3.4715963744014e-06,-0.082979803580077,-2222099.1104553,-180831.89408972,1909782.1006213,-5.9852540078898e-05,-0.083199862613711,-52916.560198754,-481591.91537932,404443.69109458,6.2775178077769e-05,-0.08319587763923,-52911.0823552,-483110.09991412,406055.00530681
1.8772538689566247,1.7762437402218758,0.2648893550730163,2.7206572608286086,-31.50997604695152,66582649.28658123,119249837.9282509,0.4900538355177541,8886.965759456489,8.4288964658905e-06,-0.11630861202186,-489299.28395609,-78535.386569949,402514.72657925,4.3089890954008e-06,-0.11618603075998,-554147.69502445,-99147.2770784,448917.01999103,-1.9133252451402e-05,-0.11624805029493,-20629.338452388,-24531.58103,14639.143696634,3.1929770885203e-05,-0.11625188619271,-20532.608691287,-22971.818063656,13699.299378765
2.466078867588218,2.91847933623602,0.1811133453488244,3.771372429973274,-34.01490730620371,39429686.96660705,116611964.8095049,0.5596444555596098,99050.58191617986,-1.1152951004304e-05,-0.26750089034277,-9263526.7829438,28168.790647695,8510462.4038302,-7.5198863100028e-06,-0.26425121720895,-10191910.948348,26304.562852653,9360381.8402721,-0.0001807012613228,-0.26595200230804,-39945.0130675,-3300231.0073641,2996055.7293629,0.0001614106359499,-0.26594892481702,-30977.799981556,-3308045.5429409,3009637.2305083
2.4467899768631636,1.6071096490238899,0.28497635679684574,4.7335782602666185,-23.792394705994464,64559999.491613775,137008284.13628983,0.48174236719754376,15698.231385641891,-4.5611354928442e-05,-0.065294872351707,-17158.634504472,-66846.996484114,49870.094029992,-4.5745471147028e-05,-0.065276549511998,-107856.73932393,-97737.560744814,62641.452499937,-4.4925099978756e-05,-0.065285771476007,-43939.285148661,-380975.77823603,354926.88903286,-4.6320703217499e-05,-0.065286552831181,-40150.084734785,-379281.70089231,350549.4364033
2.7224792402624374,2.7839321135559403,0.37829888733882644,2.6521983694829876,-34.19322322119189,29776528.071190696,120670770.94714184,0.590878271081803,40058.43964897247,-8.2589401728036e-06,-0.32128207260426,-1510784.3973864,-60966.148999561,1341199.4429794,-2.3212487095686e-06,-0.3209604254459,-1822451.9815404,-92701.388099466,1604409.9241394,-6.512058518331e-05,-0.32113642638853,-38059.588515098,-221813.41204433,177881.11078124,5.4608108154576e-05,-0.32113047912972,-38156.523880359,-221193.92293959,177239.67376572
2.6598001450583864,2.4033709096571165,0.19477693700156376,4.583443124357225,-30.720831623273817,22592214.63418548,65240350.90463121,0.6056861743956687,75657.49935395426,-0.0001012829897702,-0.35950349998193,-57866.071230016,-49766.746789353,518218.17720473,-6.2668827194312e-05,-0.35933317071528,-237411.40780838,-71627.638604761,732056.2306417,-7.9649623054705e-05,-0.35944621558451,117333.40152518,-1401935.8150819,1371066.6311214,-8.4174313317166e-05,-0.35940294832281,116628.18238426,-1393647.6992943,1362936.5287224
2.6176699218412383,2.1517867774308295,0.3273184019731694,4.795574836028456,-21.241389711713175,68499793.27894886,66807560.31408829,0.5868959349950008,41392.4352072152,2.5508782358608e-05,-0.050535304357283,-63603.41497675,-107469.43903191,63852.30184615,-3.7945980944471e-05,-0.050496972529077,-170696.93577686,-147788.72782352,97701.26293093,-5.6782721842632e-06,-0.050478770101797,38370.426340395,-681634.70688066,652735.78941274,-6.8293583267895e-06,-0.050555194777684,42595.208383955,-686932.20449071,660713.25145401
1.593808485720353,2.9878471383698595,0.314875925776795,4.595057248367665,-27.66820186473056,78620205.01483913,76273571.55383353,0.5894201346909618,33771.622116652135,0.0001134721094396,-0.075466996663038,-54645.273392768,-205633.20878681,155971.76379166,-5.6934489902932e-05,-0.075422920480545,-190921.96493257,-231583.52558169,138125.19057278,2.8278471013129e-05,-0.075401166652941,-3959.7650742223,-508203.78501541,462944.88511987,2.8496872059898e-05,-0.075491212419605,-3975.5253284168,-517506.41946984,471489.02982482
2.919277078433657,2.5594376125541247,0.39334581559671933,1.4561559015751668,-24.695046896850116,48474206.69845232,96441745.78730837,0.4939549168256054,30079.481725025227,1.0280217905988e-05,-0.10344027482331,-1148120.9659279,-50303.967319924,1016448.5405197,3.5011991464794e-06,-0.1031687330328,-1425744.9858316,-83861.001467883,1247235.1270962,-4.4787314977851e-05,-0.1033132927756,-26220.689829245,60636.741899579,76664.853356028,5.8666067561554e-05,-0.10332094837401,-26157.931863379,62244.956660479,78027.488560583
2.289387867044017,2.5944072708248425,0.22745112455997712,3.3363293070455406,-29.252843093608462,41725973.48666186,133615421.68383223,0.5276378920202283,17981.199765886304,-2.1120620871376e-06,-0.15695457759821,-2244398.4416797,-105929.40764883,1981960.9101776,-1.0783937423703e-05,-0.15626610404751,-2683442.3551555,-117233.90569698,2379201.1777269,-0.0001296727189773,-0.15663498947435,-25795.651385338,-449704.19964252,393936.58845031,0.0001168249522366,-0.15664063217678,-25823.550103366,-449742.41863018,394053.08765093
2.598153020205237,1.9129692158703686,0.2747319141929807,1.655330999837794,-39.92483685472925,73685370.22899301,73680010.55569927,0.4723081571666822,46684.18424685631,3.0782802545727e-07,-0.18799654448121,-1986295.173716,-102000.85878348,1748870.0289019,1.7910021581118e-06,-0.18741935138392,-2152424.4901645,-126044.36186602,1884314.6626676,-9.7110129630739e-05,-0.18771913886801,-43111.879161171,463324.51982015,456386.96224145,9.9136800735416e-05,-0.18771725473823,-42967.755831934,462421.49123223,455448.09912188
2.776308468340356,1.9139756371111027,0.21940219411212086,4.215353518017134,-32.964849307758804,17686182.175218694,105960807.79960477,0.4766742913906762,52078.05415975107,-6.9828881831297e-05,-0.51961310914891,-2005.0950454551,-30509.008461774,299791.72823739,3.6461322173752e-05,-0.51952292551307,-87128.940317617,-49473.9859773,444623.70448502,-1.555069272616e-05,-0.51965005594502,-213921.79992721,-755328.72384479,727011.90369549,-1.7831659244944e-05,-0.51949540514296,-213356.13704451,-762505.18126414,733291.02662884
2.91677840222415,2.063755470084644,0.15964391355724336,3.103861886312368,-35.58872264285148,17602619.256836653,63132820.02636984,0.4890026926091304,16659.391252270005,4.4627279876196e-06,-0.56558512913069,-8628791.2905615,155654.7815956,8020993.294979,1.4910856602592e-06,-0.56054292651499,-9188209.0744083,157637.62056878,8535122.2672266,-0.0008878808395914,-0.56313465277563,-67403.866522135,2891287.5109736,2698866.447722,0.000893396103544,-0.56313857172665,-66751.506945494,3026331.4069386,2822113.4163735
2.196908613219602,1.59933485505712,0.3673765743799655,4.515129186873166,-30.83387060785942,39739233.666938454,130870980.41202474,0.5351719071831823,44009.16565147611,-8.5164842099111e-05,-0.19686237068364,-42837.852353863,-81580.202607218,50189.126212146,-4.3223571923801e-05,-0.19684570912515,-119929.41485569,-118663.04637689,71641.137493322,-6.3613409900979e-05,-0.19688336480665,-40857.624613624,-385221.13600452,341391.89406982,-6.4711285986298e-05,-0.19682578104562,-39323.740333807,-384472.80900193,339539.81269825
2.035869907658158,2.1094702305218784,0.17841097806305214,4.171932160616143,-37.67234537804903,77911098.62458627,61970305.11279851,0.5219260596493038,50937.057382718944,0.000257141615111,-0.1514891013093,-125810.64503161,-75756.594997345,74415.565690416,4.8512321238676e-05,-0.15142889890415,-245869.0841594,-112732.97295179,157721.34859885,0.000155973877131,-0.15135972731656,16420.696507906,-961819.68390684,893408.57893417,0.0001495520505159,-0.15155907214477,18316.473553987,-986218.1965618,917206.61812942
2.681300660877311,2.041916501605503,0.3754561094215813,3.1320001393255037,-36.893415319479054,58837077.48922287,73160258.47228926,0.4581767841557671,43872.25701422176,1.088567560143e-05,-0.19880917089841,-1509654.4062328,-115145.28207402,1302359.9769913,5.9154227499931e-06,-0.19848749083305,-1603499.1708066,-140299.39275981,1370930.223156,-4.6841916170216e-05,-0.19864901008235,-43184.318457347,163929.52347023,183084.55500364,6.3694231707735e-05,-0.19865524674124,-45503.138112538,179992.11959175,200204.93571744
1.8138585747126719,2.651919864468967,0.36451440484695075,2.77685870789687,-22.328875648437776,77760011.86467935,105387785.27772725,0.5579622156447204,77351.98256792052,-3.2813732294475e-05,-0.059030379739149,-554901.14359142,-124320.12236605,424942.46710862,-9.5981826373306e-06,-0.058962885687458,-717954.23578326,-160778.07546381,549854.59024114,9.6083928919613e-06,-0.059007463988868,-60645.933422101,-840921.92511841,727867.01892752,-5.2127048418834e-05,-0.058992039874629,-58884.678146739,-835471.51374094,724166.39074576
2.5103856405818856,2.2870574636196657,0.17247388734122565,1.8496935838247253,-30.18853964248219,48838389.19499668,123630290.72455578,0.47006692508153547,57523.67046337368,-6.307440334507e-06,-0.16734038327815,-5718307.5091944,-7985.8854022825,5235166.5714526,-3.0424299018918e-06,-0.16506727938525,-6184799.633014,-16573.298672506,5656535.5540182,-0.0003551779576162,-0.16624981181892,-39058.908494621,-462397.69648211,396308.92718917,0.0003454259544244,-0.16624699300152,-39439.700389189,-464982.51349937,398741.59816703
2.0101791141421588,2.2680374903710923,0.2887844845652918,3.979969180977374,-21.852847480632366,61009374.11139022,50374061.70704826,0.4728832230770736,90777.56139913652,-2.9336088330413e-05,-0.073220820224852,-2343387.5123858,-149207.26200659,2042096.1551002,-1.5036733010381e-05,-0.072892973024436,-2598983.812025,-177046.50489157,2256788.744531,-4.7517843515747e-05,-0.073070209292324,-72545.352457514,-1045787.1907185,907278.39512252,3.0193697549916e-06,-0.073058124722849,-72368.169486112,-1047094.5100739,908600.15777119
2.3284199276429542,2.738703071154054,0.317372974621849,4.329576273578333,-20.809135172722048,28801758.53924096,101367485.30623391,0.4829327778139203,3465.9898250824576,-2.821779110913e-05,-0.10075335824007,-65804.30645914,-60176.553665637,38107.28709192,2.9261278184848e-05,-0.10071793663094,-164656.37208927,-113908.59546665,94440.573342216,3.5206652639852e-07,-0.10076170703917,12088.395223037,-437840.42553458,412038.00910146,8.845084211634e-07,-0.1007127385163,12439.102189673,-440480.93753203,414993.77389168
1.8220546441002776,2.0093562080968974,0.2804854830119625,3.703227484949371,-30.77013522556257,56582718.1559408,73552450.0378142,0.46739277869293644,99209.27384825234,1.8602231878472e-05,-0.16152327314059,-2056380.7770594,-165703.75389916,1767969.1276417,1.4934045800282e-05,-0.1612822644974,-2257008.7313496,-192967.02025485,1932825.2601055,-1.9771411630226e-06,-0.1614057747617,-76453.115983649,-942994.87069712,810411.19533075,3.5494932949981e-05,-0.16140909416331,-75847.806317424,-943831.67881951,811650.62579726
2.8380658608387384,1.8217809685547621,0.20255350197282582,2.241364092749062,-39.11129389881269,66451068.93073428,75770828.4450573,0.45070669480494396,22426.27038379805,2.0248877680907e-06,-0.19174532970169,-1155611.7433515,-158710.36711343,949120.17173185,1.3664336145853e-06,-0.19038281616568,-1117605.7863918,-162794.31420331,911754.85150999,-0.0002156300574178,-0.19106113096494,-85072.734614736,1100455.4903859,1070938.346139,0.0002190216197401,-0.19106223412058,-85173.634244882,1100513.0574928,1071061.620113
2.686737509052782,2.142499849368665,0.31816700380557744,2.001212377666006,-27.848574531366438,11122437.943899522,122011050.0987974,0.5154629373738611,89489.9743548401,-8.0756192868087e-06,-0.65955061615024,-1806428.3131605,-199907.70154028,1515964.0934686,-6.5484568067209e-06,-0.65885981524439,-2015791.6828899,-244608.9360952,1677271.0934044,-0.0001308515371541,-0.65922312219679,-80225.69879977,354931.28123786,386493.54990431,0.0001162070976347,-0.65922102871054,-83885.046001451,353945.14713826,388749.21602925
2.3173537233742207,2.1498009566820198,0.3044730971863016,4.080490534050959,-32.686541765994626,76314259.99904925,83815879.49836054,0.5453015760158468,93967.81591554546,2.1413832582979e-06,-0.12804967822175,-136349.41826727,-125626.68371717,79139.690697543,-9.1316119589009e-05,-0.12799710723958,-250671.9624528,-169798.82508745,144286.15164263,-4.2593019087121e-05,-0.12797359849631,26098.268370192,-939047.21646114,879611.95325517,-4.6595917335996e-05,-0.12807472780373,23089.594878565,-934508.66977955,873233.76504174
1.9498507970167456,1.6506646634180733,0.15088664521015333,4.479893625651329,-39.69654047315887,48405666.54751399,145109388.80219924,0.5742890206581265,44804.40861197071,-5.1171205171673e-05,-0.26732049527764,-59062.281551676,-307402.09843631,262421.99808842,-7.2815503317502e-06,-0.2672758897288,-181161.0493841,-280740.55752896,203182.0696902,-2.7613936088849e-05,-0.26732421785186,-113611.08314854,-815810.60976338,776960.79628189,-3.0835850273674e-05,-0.26727253403228,-112741.56595681,-800976.26569532,766325.82383312
2.0620914418090672,2.2421583841158443,0.36055802219804955,2.6123784419445664,-39.20022688379848,75983247.18257302,129323652.96082179,0.5750217310920507,95261.6484775156,-5.8460266475352e-06,-0.18614398977699,-796758.53356801,-152965.10124725,626163.17732617,-8.3738719971335e-07,-0.18599417405604,-892827.77978718,-185130.53673594,693014.16944975,-1.5769371549106e-05,-0.186074633266,-58127.086549882,-655900.15424534,560304.64266725,9.0607445621452e-06,-0.1860700648011,-58228.418587221,-656687.09340726,560964.72736376
1.846889858618253,1.994930059644222,0.2582676035540213,3.076631193753504,-39.063052455294155,14974798.242755722,92959548.8283875,0.5032636533736692,54716.00604033828,1.8705516967629e-06,-0.86555750175113,-1596455.1462596,-136609.87175303,1367380.3304939,3.0972621502193e-07,-0.86529978923078,-1906547.4005068,-175223.6139744,1626294.3215067,-3.5607610464813e-05,-0.86543551347149,-49504.156947628,-539737.43153871,460215.35831128,3.7740763696068e-05,-0.86543690273107,-49114.061651676,-541136.98923237,461667.19153737
1.573826739072678,2.2277642498291357,0.21100434755167546,4.907969301210716,-31.452897486095964,77034073.939531,104246251.63544396,0.605464600265085,81352.79536379279,0.0001916752183909,-0.11285073354166,-116173.05812405,-321461.68650175,237343.81610879,-1.8351377305772e-05,-0.11278669689101,-299586.30733696,-324019.71603908,209586.0688743,8.841238707927e-05,-0.1127454741055,19446.22356026,-951630.37922143,886313.6716248,8.4874622664021e-05,-0.11289270135906,19785.151470043,-961536.67612627,895668.82303791
2.3420268977839385,1.6995646480751274,0.27065556099578947,4.107969632336731,-32.4411982773157,16282917.383190284,75873623.97505462,0.5034809385362339,70194.16691851158,-3.3703451277208e-05,-0.56665965379598,-103769.69485488,-84507.320528604,58902.554488429,5.6411283630941e-07,-0.56662526684324,-185423.91359454,-119012.50818014,107949.88505676,-1.3949029542492e-05,-0.56666642627694,-78131.949246764,-698349.56204452,628889.70025938,-1.916731969505e-05,-0.56661937222359,-77066.822617915,-696850.72211575,626106.22650079
2.2017464440500025,2.382240104219231,0.261279133523347,2.2382061888434506,-33.46868748334914,65085847.81966748,86498739.27511322,0.5064853692822835,16354.235881297804,3.6648268923382e-06,-0.13563575996838,-764330.28217347,-97329.854887553,645244.57932693,-4.5645070192675e-07,-0.13536988306095,-916553.58129939,-128999.93988208,765596.21606674,-5.1918767537079e-05,-0.13551107873676,-14812.256121814,-290223.50673928,255613.03930835,5.5277212589894e-05,-0.13551460178745,-14699.623158557,-289247.10105346,254817.04187168
1.5328293000569848,2.794205870725375,0.39639944103808367,3.7926748832993793,-30.80590991363885,76682162.97887972,72687627.16363877,0.6001415140340369,9961.155983295484,6.656170255571e-05,-0.093214180748265,-33833.505942625,-80639.476358937,53130.753110848,1.337010879043e-05,-0.093192982261313,-162289.71018842,-131821.10522373,92102.304982932,5.8316249723809e-05,-0.093191344380099,-22915.347187531,-482682.75446488,426168.53293397,2.164227216573e-05,-0.093220021616969,-22922.054289878,-482683.55890937,426188.05453068
2.3510157390989,1.60993932347226,0.20350802773422982,4.437396120420269,-25.190381586474118,15420851.816570971,62791204.453731194,0.5197098199650073,56182.169111819094,7.8092903079956e-05,-0.34570623580725,-101661.82319388,-78151.744743669,57658.566694877,4.1696239401259e-05,-0.34566516781412,-191506.22696781,-111463.72011447,114344.52241759,6.3072091930313e-05,-0.3456592783152,-92325.717838312,-841946.87031581,776045.49214835,5.676462280595e-05,-0.3457129617206,-90939.642171629,-834706.80286842,768457.83089635
1.9793590120302624,1.8671853542039956,0.34227114598298225,4.4167516549761805,-34.556278489060674,36201147.97249971,110333538.9366603,0.5744647734924256,34663.10834333291,-4.3871238167615e-05,-0.26537206321239,-19597.651170913,-189698.86323592,163538.63596224,5.115800009901e-05,-0.26535063423485,-88460.145762888,-187200.08558806,127205.61052521,3.8930071830805e-06,-0.265411597113,-56238.67052495,-343061.22364644,305700.35696928,3.3944479181104e-06,-0.26531121341068,-51633.040086524,-347576.21249069,310871.57840942
1.8774404192291358,2.637954431867888,0.20009109792596147,1.292461374905614,-23.944990235222075,56211411.457745254,79217851.0584768,0.49605867085306365,25973.993416820467,-4.9811923695657e-07,-0.082799132192031,-1012240.1575601,-58993.956299046,885918.04430765,-5.4573129139901e-07,-0.082531384494258,-1524657.5298682,-98555.395443671,1327644.2248396,2.0033768577041e-05,-0.082692419958566,-17930.920879576,-787055.59057377,708563.30902994,-2.1081511232544e-05,-0.082692067180726,-17698.822789494,-783733.38979363,706508.42505806
1.8425702068238026,1.6540363790595276,0.2859245653588218,1.3149717357247703,-27.864462959378045,78754888.1246048,65925454.86710778,0.46723189706676066,11466.42685271473,-3.1536552366528e-06,-0.079501097306749,-456822.26499426,-41137.866223101,389907.38138629,1.4598769955395e-06,-0.079432928658953,-532021.54995525,-64518.975394586,442844.33198714,-1.4180529631452e-05,-0.079471785757802,-14400.572852918,4626.369802012,16802.717670457,1.2478093213258e-05,-0.079466716098494,-14822.193501047,1760.9109027524,16116.212628717
2.235588591009239,2.0780383817733883,0.23392800554414778,4.749051295732814,-22.446384240091334,33107471.582224518,102413848.40918335,0.4842187874896373,69269.69837644944,0.0002769567943748,-0.12967894932549,-174327.8939538,-104355.13093158,103266.37672547,7.8217988915771e-05,-0.12961869012453,-265041.89886039,-145951.09782746,160766.2332805,0.0001810809276681,-0.12954283357931,24683.36585426,-1039584.1276465,970760.08659997,0.0001739767148595,-0.12975599284923,25375.62943915,-1060705.7616519,990701.24370844
2.598901843340875,2.6247029193539673,0.36750504658312144,2.0172285538229304,-39.27942040955904,53827758.400549054,109258756.00514728,0.4481822245429964,32623.400423319516,9.8045417468672e-06,-0.24274145577655,-1120750.2245169,-52117.575516077,990150.48453855,4.1734175327424e-06,-0.24251766627017,-1355842.5164399,-81943.022657949,1184562.6600028,-3.2299643342345e-05,-0.24263578324353,-33400.039937473,-197378.80948037,158391.09448833,4.6313799123907e-05,-0.24264063032777,-30715.267917523,-199793.01374528,162303.14733402
2.7268821870375155,1.810395463928085,0.2375533022572996,4.355879227312611,-28.624634125124004,27280320.257712316,146675255.1930598,0.5938825753838065,65830.629346649,7.1640185231858e-05,-0.25827755902844,25673.391720602,-36619.190254481,320638.1748682,-1.3239454269797e-05,-0.2581910831218,-44529.2410619,-57219.214509489,457590.90937078,2.8887746606321e-05,-0.25817495724695,-215679.11366676,-732432.66949047,706108.63703893,2.9588249215473e-05,-0.25830283059909,-213756.03433873,-726773.01449202,699510.26074148
2.562745960367506,2.0503896951614484,0.3978132815538228,1.3639716031197624,-38.160119549702515,29054026.427456126,65435621.01171522,0.5513441487110949,78897.84013689174,1.9203306908275e-06,-0.45284942552822,-1340104.9118676,-95640.921087501,1160688.3398587,-3.0556881245454e-07,-0.45262587747976,-1574810.5878161,-135469.62106469,1348050.76901,-3.3936135703577e-05,-0.45274339090282,-52055.231552719,2567.9306157316,52941.90922393,3.5516716410831e-05,-0.4527464022433,-52030.769197056,1791.1763112908,52055.97773523
1.6497518980518489,1.7802549864010866,0.35457357145589186,4.314136132209754,-39.432080333473486,74759436.18072087,132497811.54657671,0.5914817806137115,55421.722531152394,1.8551224617711e-07,-0.1754331366462,-14065.145245464,-218454.39496141,191794.14541805,2.0421103779227e-05,-0.17541282644915,-105983.13208525,-213545.12413058,139746.95994809,1.0504531211647e-05,-0.17543234910831,-52750.192702825,-343537.59553,301257.30181779,1.0135431078264e-05,-0.17541370462016,-51738.039468918,-343083.79177865,299134.11587477
2.154180669161268,2.5734824196538106,0.20546856176893152,2.8286739499512166,-21.485650120243495,44653343.653254,114049989.11213122,0.47478507713609436,10115.379405630261,-2.752280031423e-05,-0.075944794159015,-1927108.1201988,14350.191863688,1776576.5339811,-2.1965324010115e-05,-0.075441971304479,-2400567.1433177,8781.1835423415,2206486.0649336,-0.0001093873163415,-0.075718902960658,-18374.084475837,-468411.59201442,416465.76061648,5.9112741372934e-05,-0.075716538730107,-18282.131092686,-473401.93918383,421113.86999052
1.756123785631872,2.89231356827527,0.16775425532816066,2.9535116398778882,-22.693275249881836,23103344.22894585,133507863.48298906,0.5978465249566465,36774.05297661759,2.6987102327243e-06,-0.17756802921542,-1035434.3346761,-288585.54371146,804760.05336991,3.9568936489116e-06,-0.17715607814707,-1493859.7274457,-422369.29041362,1164213.8354596,0.0002688970181806,-0.17740470894413,39756.226039323,-2420465.7485635,2247270.2315387,-0.0002620402906195,-0.17740564323879,39738.676242461,-2419825.0118136,2246672.0216028
2.833895722553385,2.0233550851685838,0.24898762937994712,3.0873581115731,-20.840433737321973,63058796.811134376,102282940.106637,0.44924223630604876,89753.07655085957,-6.8772435191272e-06,-0.068263822182003,-4948506.3231322,-174723.35077366,4410680.5064817,-6.7721579464181e-06,-0.066260383236039,-5057549.6912749,-189493.39446674,4500154.2047466,-0.0003378449527189,-0.067272378231338,-97041.295623147,1402987.2649586,1358474.6096509,0.0003246150138187,-0.067272420524823,-97476.988443991,1405047.059229,1361183.6677769
1.6221295160445897,2.1587031919087116,0.27770648397671704,3.7630343149354646,-20.178490119065174,23302828.334075533,85895380.5286543,0.5670986807172953,48715.708948963445,1.107633474785e-05,-0.14402366308156,-1003759.9584557,-117540.78178387,837979.28473993,3.0002279918214e-06,-0.14391671230137,-1265325.7882731,-152400.96583263,1053502.0806722,1.7118793760726e-05,-0.14397198392551,-44067.146509762,-901077.69556539,794629.18978837,-2.9892055741865e-06,-0.1439781959616,-44117.008559126,-899968.54333016,793613.45651806
2.8900186503523173,2.315218093860338,0.2546505571441668,1.240783521029907,-20.027822298638352,63792989.37580466,122433051.73269722,0.567336927784807,89569.0165717614,-1.9094222296797e-06,-0.064135259679235,-3674730.198815,-145903.37716226,3263989.6574661,1.7070443209412e-06,-0.062600899994977,-4154379.0460108,-179274.26885723,3679913.6217841,-0.000248220113858,-0.063412569080002,-73011.760922132,301841.32618946,332034.11515044,0.0002482119445942,-0.06340686178869,-74281.443424015,303857.54196755,335065.55607098
1.9746154560378217,1.6145309147251927,0.28677889782366417,3.6157361687714005,-37.08229725654209,16426351.003901666,114593823.8129541,0.5435327269579304,6326.832681525237,-1.1223276460171e-05,-0.63642239891026,-1101636.735131,-68126.693579463,961387.35098615,-5.07236650889e-06,-0.63626323270972,-1291498.8052715,-92413.364483638,1118361.771229,-3.9041606150901e-05,-0.63635116154126,-24563.452264194,168613.8167365,173261.1169445,2.2705890294213e-05,-0.63634363396086,-24677.104745257,167480.08928284,172316.16935825
1.9075488449005826,2.216053702496551,0.16836370764938435,2.6789727696887073,-20.71029286686984,62970587.52433579,120160604.84577695,0.43662787638432365,89386.55697434265,-4.034761563678e-05,-0.068252235525878,-2085394.5632026,-541485.82404406,1660562.2090129,-1.9583973714802e-05,-0.067291277057005,-2267632.1618397,-596050.31771879,1802516.9474736,-7.5751474837586e-05,-0.067796047453654,-136711.27186991,-1537155.9427385,1315799.035278,1.5615024964402e-05,-0.067787457586917,-136005.26269099,-1535848.4717446,1317060.6457607
1.91856752528629,2.5953195333605987,0.19662040321277463,3.0409327075399237,-26.825291660717063,19546559.691652436,88545727.15012035,0.5122168894674501,94533.24240131506,-3.9019371226628e-06,-0.34584878342097,-4504977.0588306,-129700.19974479,4038806.3718493,-6.6847677424007e-06,-0.34501632482884,-5276448.9477974,-157230.69363371,4726683.9902018,9.9163195582999e-05,-0.34546472943196,-84727.387379341,-2556484.6774556,2282787.4177099,-0.0001097872284386,-0.34546498572878,-98529.17996299,-2579843.247261,2294573.6232218
2.4781490475756383,2.0403366704072208,0.21125113949462004,1.8844659938996315,-22.732255083928926,67756319.96222392,107478931.11345479,0.45731854225400154,14483.515429831301,4.2883928254699e-06,-0.060414670801839,-1887859.1636488,-76983.117931004,1675392.8829657,-6.4167957870065e-07,-0.059681815671977,-2008964.3384091,-81469.561598049,1783266.749495,-0.0001397437086863,-0.060058221747941,-9195.8619099497,221485.05116956,210114.67153384,0.0001435161591585,-0.060063510830058,-9242.2102323537,221976.00907778,210607.04485106
2.2007131036453442,2.3401265099980915,0.23584703985010708,3.0585628547707784,-35.34029527206755,55142894.51664494,99944851.80415878,0.5088822797296108,54131.67627796485,-5.5911506053912e-06,-0.19295150895581,-3103173.1586063,-42534.360820425,2813704.6646274,-4.6568730965091e-06,-0.19228351399381,-3447041.2590024,-60013.630358225,3116359.1691528,-0.000109470700979,-0.19263328970067,-45756.616618416,-617728.75440582,534052.08346465,9.9250530901301e-05,-0.19263233273376,-45678.967048249,-615305.03661517,531673.61082147
2.436288418323795,2.0926560603688955,0.1961713222940254,3.601979100269128,-23.879626261426186,42868963.661683396,61661846.723739974,0.44602562594061895,90725.78135761555,1.9742107769548e-05,-0.12885912978778,-6492811.6273725,-283590.35707978,5751198.7927205,1.6446765665194e-05,-0.12636109847288,-6748428.4248859,-301999.80499983,5972580.9383684,-0.0004130454945563,-0.12763256403148,-64484.050509482,47473.792234807,97596.836888042,0.0004492748865693,-0.12763181673683,-64826.03631505,48231.906344822,98880.850987146
1.510917869525578,1.7605693879769617,0.37026968496750773,2.0597927416189,-23.30420942496987,63934377.003777705,51442403.113564335,0.5946142213382054,28418.36788286286,4.784816355123e-07,-0.070393370352681,-208870.97316132,-62202.37561987,150821.29706766,-7.6437403591607e-07,-0.0703739428387,-255483.36978838,-88375.139209913,177722.8083387,-4.9164303295916e-07,-0.070383763711621,-23268.640371437,-237657.55862527,201528.76238913,2.0799463637717e-07,-0.070384829487009,-23203.839482308,-237592.54228335,201512.37258347
2.979199453893595,2.4694376403644864,0.17976985421905406,4.939119888253398,-26.718540960417783,71063217.72253968,70156493.89987734,0.44305711734716147,52325.65772452127,-0.000156486606159,-0.082463977217824,-52050.22296143,-76838.285192748,1000573.6309775,-4.5780257110304e-05,-0.08220897953327,-206713.82614555,-92803.775178516,1176702.7404943,-0.0001394196094481,-0.082408269283536,78291.695515503,-1486590.7134665,1615084.8951971,-6.4184342494344e-05,-0.082277338900853,74310.412625133,-1503406.1319264,1613325.2811934
2.9234805518241,2.636966310070581,0.321423510368278,1.2275244814903965,-26.153925873074392,31158428.09152182,80451696.76557449,0.49378705266654266,96468.69575205825,-3.8189104711396e-06,-0.21710150272036,-3202743.4366321,-75096.35848611,2881612.9287634,9.3024662083182e-07,-0.21618467074412,-3920118.3442182,-132953.60814011,3497924.0615995,-0.0001539111266405,-0.2166849213476,-60443.520925005,-237908.50370418,180242.97724224,0.0001506242767191,-0.21667976442727,-58390.117318296,-216904.79543794,160506.56549788
1.6574785007592154,2.2410035864551836,0.15214647850921015,1.2715847904658752,-31.621405924991087,52545792.186485484,78712150.01897532,0.49224976280680577,9392.186590218034,2.2044498064699e-06,-0.14948712692776,-1294375.2282577,-28178.880465072,1166644.694864,2.7017357337715e-06,-0.14919782586698,-1849028.5399443,-48819.911508426,1659816.1619124,-2.6365071403388e-05,-0.14936893440434,-11469.178425964,-442379.30661913,397350.19977446,3.1226749855983e-05,-0.14936873624762,-11360.273147484,-441791.40282951,397097.52452942
2.750078465224087,2.4940054910423513,0.3717518918158467,4.823217040836418,-25.058639549169676,62281715.96520682,120384516.15811875,0.5057969823898529,75302.02985432182,8.9628690804063e-06,-0.086097892411246,-142992.0942731,-129290.11074724,82542.806109548,3.8207827266005e-05,-0.0860417517245,-233734.53638277,-174996.85935213,132761.11703147,2.5703805661012e-05,-0.086086536837972,26981.947492861,-868258.44861353,815384.91640327,2.1333945020327e-05,-0.086054887040189,23452.247898147,-876388.96585428,820293.87539263
2.375796296522939,2.425378267876108,0.39043881737759645,1.42386650862835,-39.56873156931188,47887147.75727388,54920978.1979797,0.4456333178283222,92418.9712790981,7.7787571156074e-06,-0.3153084887816,-1120083.3755178,-124539.16895892,939557.67892275,3.1674113760761e-06,-0.31512065566382,-1378769.4475642,-176359.18714398,1141065.8500207,-1.1846756144236e-05,-0.31522047045039,-61518.753240476,-549188.58321263,460700.75142938,2.2683097967241e-05,-0.31522487148959,-61509.563361775,-549722.63852514,461176.85261939
2.541938409254964,2.9654079536134086,0.28897360135148287,3.6262070656948033,-34.647699320089195,14441113.553908138,101569253.72315013,0.5781110117462951,94722.14504339114,-2.7603174436041e-06,-0.74511376987358,-3779882.5492519,-180812.05547888,3336984.4110711,-7.3475029201407e-06,-0.74411965192504,-4441907.990744,-226719.34544465,3911444.1065631,-0.000105288459403,-0.74465021132748,-72030.165776235,-1464432.1914353,1291227.1271982,9.501885281177e-05,-0.74465425918777,-72147.739441655,-1464819.0182412,1291462.8656838
2.712808046824966,1.5288450515383576,0.20803289735109462,1.1008925551897726,-29.67882901850821,36483363.780852616,124951852.88112573,0.5232539470585491,89250.88218392148,1.5928608774066e-07,-0.2343609415802,-5588216.0358867,-66131.439217245,5074495.1454176,-5.5063213933653e-08,-0.23223510728067,-5985226.1345353,-58945.36420421,5443210.60344,-0.0002891285022182,-0.23332628219,-61031.527916808,2056144.0888498,1937990.1751304,0.0002888901398608,-0.23332750939982,-19116.542169543,2043804.1494907,1890813.2192683
1.6339765123955097,2.188930860318256,0.316026889266477,3.6763157033518965,-30.00131225500831,65772121.73325654,77772157.139555,0.5219342707191503,38201.390855083206,0.0001258447184689,-0.11168200199224,-547079.36908296,-118131.46778584,421692.39622318,4.7433417430564e-05,-0.11161895879431,-686130.94455358,-153417.11268928,525617.93446131,9.5254696578702e-05,-0.11162474393175,-42975.553736195,-649200.6979232,564694.21250597,7.8469198729071e-05,-0.11168148251719,-42066.272855601,-643751.98684532,560225.69750742
2.3730856251448875,2.2724884493281627,0.32263621382856394,2.996985653994906,-26.064941867538842,71149353.85557479,112274663.77879229,0.4592724914307568,65432.09039794076,-0.0001037396254174,-0.08655167990713,-1194245.6160039,-168763.43754004,977764.7282122,-4.5372042184155e-05,-0.086207553017292,-1302142.9334236,-198987.88342409,1056218.1806559,-0.0001316830130182,-0.086414047655184,-57969.760902849,-307928.72308676,242858.61067799,-1.803871395955e-05,-0.08635752877739,-58180.3618124,-315439.20308372,249586.6167005
1.7667037722460361,2.0202226603829345,0.19027230347099497,1.586441116498277,-36.97185441117104,43545489.591145046,103286665.89973155,0.45780864750833733,97663.32550220792,8.4063809896983e-07,-0.30655210670307,-3331950.7974484,-85727.670182958,2992595.4175424,5.1273089544857e-06,-0.30600191923946,-3844410.5275774,-99799.678149142,3452117.9501412,-2.5558728553514e-05,-0.30629652231564,-54050.302737067,-1442756.4585643,1283776.0806857,3.1116726686064e-05,-0.30629379261058,-54142.698894135,-1446146.5960916,1287000.3116639
1.6502189886280392,2.691092670852833,0.1659716569785189,3.9556091833312705,-28.426273867670645,12818020.061117584,68290996.4382186,0.4435885974185304,18497.705420507864,-7.7338973570667e-06,-0.49085854548702,-1695916.0326608,-131324.73624681,1461663.9412939,-1.1801976361528e-05,-0.49048255739267,-2635138.0094933,-193009.67831669,2278787.5029732,0.0003040170236656,-0.49071573816638,-63997.178663578,-2352035.6195379,2109962.5445813,-0.0003232110877516,-0.49071665123723,-63952.853725117,-2350701.5059045,2109776.8540682
2.6067730877088393,2.5379286776140813,0.20245620355073546,3.9230970286452913,-37.801778135482365,32402375.212673545,138245457.97781307,0.48059233271356955,35785.00633976219,3.3642205539371e-06,-0.35996282405306,-5933472.1721834,-71994.551661316,5386432.5636029,2.0516570098025e-06,-0.35778618982328,-6597944.7719991,-42600.975029068,6016721.0233952,-0.0003919821297685,-0.35892389165472,-42008.253224229,-287466.64051266,234881.69156187,0.0003972247917071,-0.35892581986304,-35333.336230324,-274362.22807095,227859.93924458
2.1182213412215716,1.5442700972568517,0.21331600965145175,3.5146286591012257,-36.54263946723914,26897939.725274265,101820913.61662196,0.5379265438926264,33186.63225022587,9.5340688156963e-06,-0.40229875138391,-3234134.1835449,-57232.68709618,2923187.2499175,7.8134641506793e-06,-0.40159189637913,-3457231.2109926,-74006.400052603,3115787.9395564,-0.0001203660926883,-0.40195339628972,-20725.678057929,649506.81457961,610874.70939303,0.0001378225649156,-0.40195577011895,-21530.894228589,650252.55119173,612611.59197908
2.460188134197324,1.7506511143526486,0.24006227874506414,2.5868815714063302,-35.57659816152208,52628091.91447004,85058851.67849612,0.5675693979286871,5435.426002263793,-3.100199710603e-06,-0.18452702436861,-1741961.1744775,2970.2722605965,1598673.6244795,-3.8820257112914e-06,-0.18405835261697,-1830855.2506601,-7001.0281181897,1672969.6920325,-9.3282590016543e-05,-0.18429742035741,7936.9392196011,64388.195165205,53526.619923246,8.6258399578069e-05,-0.18429722256345,7852.0455402762,63881.015215863,53123.947236643
2.1031660196910984,2.807801651161192,0.2086418650441762,1.1253214781639687,-36.07761183830751,77165462.11283389,143802446.9570332,0.5341979065199884,88373.28195381265,-2.5332603806597e-07,-0.15587396244774,-2701323.1067639,-54667.439430783,2436633.9103752,-8.5461325786754e-07,-0.15525911821201,-3775037.5709865,-74613.589316173,3406429.1639885,0.0001177660318656,-0.15561401291606,-21019.018543594,-2176720.9404167,1980276.0274603,-0.0001185841904882,-0.1556148489829,-12039.88651393,-2164720.495018,1975379.4364183
2.554663938654498,2.632402624099167,0.2752540166602746,4.453749696143786,-34.53548512688687,37197887.22810125,103355176.11203095,0.465086104304363,58674.62403965027,-7.9925366120412e-05,-0.27430150223244,-181228.00390623,-98356.152894924,110389.61359563,-2.1584332710502e-05,-0.27423017444994,-286664.47811419,-147781.45908114,177364.46298262,-4.8187563898356e-05,-0.27429580938555,-299.28730104316,-994376.25479821,911785.04806729,-5.3217963018656e-05,-0.27423900309,-149.19971193955,-994361.60612092,911926.89180745
2.5227093980225055,1.7187702050423348,0.15269100353857668,3.067829145020238,-31.874899100700596,28992031.878058292,72461710.97582825,0.4640652459881747,42118.550447195455,7.5749265204116e-06,-0.30014572287812,-7974744.4010487,-131548.12710124,7221394.5240139,5.1642739874754e-06,-0.29642326704433,-8148349.3686987,135756.65970067,7566318.9741746,-0.0006112313305439,-0.29829176047841,-59958.488982326,2712996.705725,2534940.2086067,0.0006240463880901,-0.29829445992166,-111866.33462598,2697098.9383947,2553412.1362448
2.7151716242005683,1.9877254657484675,0.19779797302223318,1.0348751164088514,-37.1558533469965,38946488.82630122,84283891.54327989,0.5209017240544458,77451.07927768766,-1.9976293029839e-06,-0.32250185889052,-5506573.9516416,-2711.1896872702,5045682.1981196,9.802850481122e-07,-0.32022063928865,-6134750.3152839,-13738.65446983,5613558.180301,-0.0003675613940488,-0.32141751489428,-72989.032092213,687405.6937893,684221.56814621,0.0003669609598124,-0.32141454769392,-72346.336000747,689415.79093792,685385.86691251
1.765116079062576,2.897640719764901,0.31362380300582227,1.5494707099623388,-33.16481354957065,33974167.086992234,143146547.60164064,0.5030767328953546,14328.925207605387,4.1895502529333e-06,-0.25491256138495,-294308.56387773,-47363.52396127,237156.15974406,3.8706515588012e-07,-0.25486510647399,-593652.60213644,-93177.937593958,479909.06885441,2.5760173388826e-05,-0.25489432718645,-19133.435370187,-500364.80251216,445142.27916565,-2.1120788495867e-05,-0.25489672368996,-19439.968128987,-499873.8073637,444483.71202832
1.6969161985515078,2.857195612093465,0.31543686560281914,3.3058434116107436,-25.47013047959086,46414285.19675156,137846210.77679187,0.44997640916047615,48322.40631755675,0.0001678060371003,-0.11917806978386,-394455.59757545,-130635.02905003,277542.46143716,5.6995927694656e-05,-0.11912315378995,-625335.53688826,-179440.6194173,455431.9866417,0.0002009736815962,-0.11912449345135,-37496.401726516,-1400778.3748439,1257102.0759222,2.4423647245374e-05,-0.11918761773386,-37480.509220042,-1396592.6364743,1253273.2635033
1.6791412226338667,2.41516637492073,0.33827797598819537,1.0024828209001206,-20.417930148252232,59183811.824623816,128811592.68747027,0.5692343801934092,98400.15055888573,1.0099012119092e-05,-0.074217925952463,-343795.83973235,-117485.35598211,239924.79987642,-1.0773467526664e-06,-0.074171214564478,-591701.68186825,-181043.84204666,424528.4734635,4.4237329662872e-05,-0.074195722984973,-51468.92637925,-1113883.6182641,984585.16625716,-3.5290499754762e-05,-0.074203317255411,-51187.750280721,-1116576.1876963,987247.20061978
1.6016172525230201,2.0187491355863094,0.3473619360297031,1.8240098486527958,-29.9928392607593,14037287.435042588,125345865.34098975,0.4695223934277786,27866.504204940127,-1.1883064732882e-05,-0.53317979715057,-315760.25229987,-69303.93343408,242704.80690449,-4.0415370977909e-06,-0.53314891422914,-427205.77072841,-105947.60438204,320936.50683155,-5.6787958729428e-06,-0.53316927210607,-26294.847673848,-363973.70887596,315219.93640029,-1.0260843305281e-05,-0.53316306975671,-26399.859751285,-364185.3245672,315342.25676
1.941173671395915,1.8838172345373394,0.36903735944217053,3.1627215819273142,-39.76881631774642,56796489.7530138,96282685.14130145,0.5953761227603487,19274.121823562306,5.0076410999201e-08,-0.22025599799078,-517974.8357172,-83379.482224325,417381.39934946,-8.4315385900412e-07,-0.22018934162814,-609406.35272057,-108712.62544896,484184.49061151,-1.1796801285092e-05,-0.22022388209137,-23017.100315827,-146963.62896943,118843.62029854,1.0986675554734e-05,-0.2202247640043,-23048.803040785,-147369.58041138,119192.10809843
2.0311269922735247,1.8365113526853947,0.17383321272159016,1.777222168946325,-36.357855215299715,59520965.30708863,58679772.51955482,0.5317456629445512,42959.48992821191,-3.8686291276442e-06,-0.18729512443467,-2563140.9224513,-123560.15093804,2262100.9715517,-3.5326002207733e-06,-0.18647235986477,-2755737.2856415,-150057.57332188,2419418.8574124,-0.0001479294960943,-0.18690087881336,-25188.799913103,-161997.0516174,131162.07987325,0.0001403658071783,-0.18689923550313,-30644.760367775,-178479.80200164,143923.42449505
1.9323797733261978,1.5570532355984927,0.39202063310631396,2.2837046927490277,-21.52239975798985,79023733.12643962,63316622.040084004,0.5759087425636449,5254.418958054008,8.4378963960634e-07,-0.044540750077783,-314600.83082475,-41315.332654933,259643.81715977,-5.0981929521627e-07,-0.044508801520494,-339011.92984444,-62426.456577477,268101.90854799,-5.6064673194738e-06,-0.044524359073737,-10522.17041163,-56086.150160003,44236.419026018,5.9402603201944e-06,-0.044526024471263,-10572.261546793,-56519.631559449,44628.230759491
1.9287988835802201,1.5192185674667713,0.30442199240676493,3.1446701388472698,-20.90163855126728,67916797.68948102,59188940.859854445,0.4528591909969748,19448.180695746796,-9.457196143781e-06,-0.050997447644083,-800839.58099181,-85854.121117849,674122.12479575,-6.8319440608906e-06,-0.050885449198995,-856844.84137926,-106988.36423489,710932.61339189,-2.7727253360098e-05,-0.050944271296939,-31808.83532816,81587.583756149,99363.969479809,1.1412308341067e-05,-0.050941000382692,-31953.771434597,79783.617811472,97826.894706354
2.595434584701965,1.7705604672349804,0.2998486394571293,3.3702807917217066,-35.00925285655353,48348408.76976818,107302441.29957294,0.5520859889980161,18714.185329747,-3.0369695360702e-06,-0.19903518132108,-1707460.0360444,-94076.527403764,1498134.8320636,-3.2848762141461e-06,-0.19858060509384,-1797057.5316931,-111953.46634275,1567714.8533596,-8.1738469687449e-05,-0.19881182241831,-35136.191283009,711136.96602457,677413.01426518,7.5384506702251e-05,-0.19881221797818,-35042.175401534,710230.8644202,676553.42042606
2.3119901959042153,2.445928096573284,0.21649733606241228,1.4486211050355937,-20.623442802936978,75092697.04477262,100872362.62604466,0.4549920895253407,22844.08541228383,1.1610525843139e-06,-0.045877197172426,-1879791.1691264,-35345.310755278,1697539.6353238,-1.383684868149e-07,-0.045353945683163,-2309950.5163384,-55499.449737787,2077397.3384924,-8.7179905181296e-05,-0.045640445871685,-19213.612226126,-312075.49668244,272581.10879274,8.8206331962573e-05,-0.045641798663631,-18847.746777297,-311214.76264455,272020.22875894
2.7354008189510237,2.1378555464726157,0.16615602652780576,4.50060616522887,-33.43418560132347,63135558.54796542,83278934.3919382,0.5563804479170864,5170.619594227209,6.5872871830873e-05,-0.13064752313601,77211.324989035,-33260.249680706,439870.62270955,-3.0049404134944e-05,-0.13054123643192,-53690.979443837,-47113.018712071,558000.88696527,1.5279898672469e-05,-0.1305377168917,98118.201042573,-716733.65051677,729678.04496091,2.0399326042466e-05,-0.13065948969515,100728.6503509,-712001.88674943,727342.52412602
2.0188101043295275,2.1615854180999508,0.24683037309648473,3.126626168165374,-29.88567756580244,13807467.371514201,137945877.90329397,0.5853963913685262,51810.35071871046,-6.2903512214857e-06,-0.5458304077775,-2537582.4720876,-97548.134729586,2256179.526126,-9.0234963898715e-07,-0.54538656183033,-2978434.7657633,-126755.44234446,2639498.0331341,-7.7340797616355e-05,-0.54562603195721,-49310.70593696,-479816.55755275,405513.14195072,7.0146566187912e-05,-0.54562094642958,-49289.399091284,-479767.17957647,405487.51606674
2.2130916954935973,1.9628318112932408,0.2449621241019874,3.883733058854904,-35.87078386529769,28440433.237810347,104575850.87795542,0.5503242357393506,96260.70209316128,1.4989172833213e-05,-0.4132632314365,-4647410.4252376,-104243.88364838,4184784.694149,1.1054991439047e-05,-0.41231536836564,-4965352.1913039,-123492.3198745,4462455.2952463,-0.0001625871547604,-0.41279954279769,-85325.644643342,152658.24565897,207268.82609983,0.000188886183279,-0.41280406543271,-85215.785342984,157367.37547752,211627.38312648
2.969379570017246,2.5834051616460485,0.3851060956019695,3.5818214105783217,-39.88787287275915,32828025.555027746,138316615.97829607,0.4836724306949849,73188.71659911003,-2.5639290909615e-05,-0.42730453761306,-2853402.5440436,-107005.8251325,2538854.6453205,-1.1565049898682e-05,-0.42663905994578,-3125073.4890943,-137239.64880921,2766442.7533381,-0.0001393233089386,-0.42699135970255,-57040.192969699,6371.6273877313,58059.83592034,0.0001020082425915,-0.42697643312352,-57126.885724223,5166.3523758823,57186.642672177
2.277666455232482,1.5351202735176532,0.29268180979809105,2.026706526278039,-25.071213994136965,41612381.60317558,55203246.48944157,0.6097510429705987,76544.74146073841,-8.0099775353272e-07,-0.14352231193582,-2046203.5074145,-51056.308620686,1838837.9784168,-6.1494417485401e-07,-0.14317287454316,-2149196.4339001,-68138.633980883,1921091.633075,-5.5848774319502e-05,-0.14335105849049,-50207.227848123,-82671.259141082,49226.931339884,5.4803987162149e-05,-0.14335070381339,-52247.383576613,-75691.738498458,45542.723019764
2.8095911032148573,2.0304929678795163,0.32890194955784086,4.880748175252063,-25.759883336157188,60364636.290081464,55414449.337125994,0.4504902147359088,27944.718582481142,-0.0001047183369775,-0.085566560932078,39215.645083368,-58613.402971847,357773.88293401,-0.0001005639895877,-0.085488791838973,-55148.7157558,-79923.142803031,439851.68987818,-0.0001066641813652,-0.085533495013073,161293.47571419,-667895.75956423,734032.94622673,-9.8695464639361e-05,-0.085528416528178,159639.18253589,-670734.73056957,735334.142248
1.9175932260023187,2.714817403637377,0.3115129370870655,3.9294385228620223,-24.22943911766697,75433985.49317557,119606406.2645634,0.43926928981864155,38754.828413377705,0.0001866538295604,-0.063299561881527,-970767.77127966,-113295.98840001,810688.07450601,6.6443148396503e-05,-0.063173733391523,-1265712.7767078,-152206.97524184,1053995.9574364,0.0001667202100245,-0.06320432033025,-41683.099985995,-1134447.5245114,1010023.0864643,8.7706397306398e-05,-0.06328375262855,-44172.243929889,-1119845.4671442,995329.23068086
1.7857287877643553,2.9281533562192648,0.22580212865740623,4.190324764924556,-37.94840275644015,13177790.28733513,119331765.03205742,0.4516493949022406,63314.780807541334,-7.7277960664144e-05,-0.94880985710345,-209332.73799174,-340283.42130876,240096.82901973,-7.3478421804503e-05,-0.94872100572173,-335288.29284607,-384891.00308643,272717.98088857,-7.1228099826689e-05,-0.94876964778091,14464.761866156,-924458.62390195,857838.72618229,-7.9170801636176e-05,-0.94876683564481,14818.961207213,-924968.46617935,858653.1748775
1.865027215756512,2.122550410408148,0.3679500591387421,1.8403721712908534,-36.0996481111987,46963698.07400242,83426734.81544477,0.5577902839167843,74247.14845177482,5.2683332095521e-06,-0.24986928041495,-716882.39364657,-115191.24069799,577861.02511217,-2.2108883553696e-06,-0.24979441842375,-855491.77019281,-152887.59777959,679622.70427935,3.6643837124436e-07,-0.24983118549619,-46305.780970337,-546821.72657489,468647.19914163,2.7310978696898e-06,-0.24983776100351,-46787.541464194,-546517.05959772,468025.19362146
2.4344695249111825,2.2033908807573597,0.17146407252969081,2.177599874485887,-35.8523462634753,79266722.58636403,140976047.12983018,0.5244492176329543,21317.740960730207,1.6108556184357e-06,-0.12930323512424,-3059858.3258982,291714.59351902,3019009.2020619,1.1919590140168e-06,-0.12818000944825,-3198823.7649959,299804.70386774,3152251.4105793,-0.0002003799004151,-0.12875686117084,21847.182791509,-392138.84491954,381962.96636104,0.0002030829346156,-0.12875489007853,21479.708878212,-395307.30092039,387453.51659235
2.8119599464324825,1.6748898947270126,0.19494677062615873,4.8602266054008485,-30.69556220349206,11406157.912373804,116049140.51458326,0.48396270261552155,41739.30406162868,2.8910090541637e-05,-0.67001587303347,43781.002419731,-33675.052831061,386964.07791716,1.4401789570997e-05,-0.66991113836748,-71705.001425652,-59193.557850954,621933.10019569,2.186446367961e-05,-0.66995939298181,-300228.84060978,-787656.05422268,813166.56077734,2.1417255246771e-05,-0.66998379147784,-300070.89467126,-788664.07917696,813814.74112781
2.352805694517734,2.003489560671097,0.20221379771340744,1.1872857139409805,-38.52156794865927,21385940.63016998,57978072.84823374,0.4947748005544799,29149.65842866197,-2.5526699328264e-06,-0.57047344164123,-2560481.7410194,-45596.47995083,2314032.1336374,-1.459183506302e-06,-0.5696723532414,-3188159.0505376,-70197.494053072,2871724.5156168,-0.0001549712656722,-0.5701123862539,-34211.406211502,372690.41799648,367026.47219966,0.0001509957964326,-0.57011116470243,-34226.415706772,373385.91899787,367669.54013323
2.0407914497107735,2.0382267364601514,0.3074346510892224,3.4908408176757577,-34.7886817884974,73477610.91048822,56843318.91241409,0.5315450534597733,32926.696421998095,2.9910623991137e-05,-0.1332976887458,-1125221.3214436,-112311.73242491,952961.63381929,6.6676398922712e-06,-0.13311651292557,-1264953.4056701,-138969.59784471,1062673.7248147,-1.3048163005522e-05,-0.13320021363918,-34460.974621354,-254184.20019767,209083.4337225,4.9672842536296e-05,-0.13322201533651,-34149.128984851,-254413.22526819,209509.98076273
2.630105304076919,1.919435815240064,0.2741568608001335,1.5055125533969742,-21.817557838090863,62215900.69943409,87718776.76002586,0.5986928021542786,57940.76211238777,6.7540084884916e-08,-0.070046993052611,-2161517.1383873,-96704.825892408,1912219.6512089,3.7240673255005e-06,-0.069370637175976,-2387396.4928155,-122248.1769991,2101204.6485704,-0.0001116953716089,-0.069725782171503,-67599.065946772,533074.61382166,538631.66901524,0.0001154773569522,-0.069720724891439,-67615.464167549,532511.62110194,538280.93583775
1.6120417963338962,1.6628961085484184,0.1986184215934114,1.3751031685060708,-39.510299086162235,36773194.50122152,110391243.76234671,0.535457670690015,23977.060323894584,5.3653982311584e-06,-0.34318497677554,-1125015.0789134,-41145.804254882,1001738.7931779,2.7840971045645e-06,-0.34302485602044,-1358116.7581707,-61033.52521399,1201282.590725,-2.4618493364689e-05,-0.34311017797255,-22497.659260283,-164657.1301029,135684.92841942,3.2776897890633e-05,-0.34311275665105,-22254.928241396,-164321.54518271,135497.27906913
2.6263380676407535,1.941304343613436,0.1609956169522407,2.367543492792677,-39.01762912645814,63734195.87032683,130618675.45006081,0.5966922387347545,19665.34456577713,-8.6437771709475e-07,-0.18980039505586,-3329334.6247339,-44529.67560233,3019426.7902316,-1.1757606774427e-06,-0.18818449325412,-3296144.6047218,-48678.323691629,2986041.9067776,-0.0002802092550816,-0.18899326016107,-2004.6824017545,590289.6875061,542494.0459002,0.0002781254570912,-0.18899331443831,-1998.9607060456,589979.0640917,542169.40002479
2.1653581118252676,1.8249473833713745,0.15981826984078953,1.6798070628079902,-20.87875478903665,25680557.22608944,75573122.34682,0.556845872772396,51920.42614332475,4.1593215547225e-06,-0.15210109166947,-5294325.8078246,100468.92608102,4925025.0594494,-9.0179751040028e-07,-0.15044043042227,-5846699.6921745,151312.75398737,5468224.9705879,-0.0002998143637815,-0.15130917529183,-98925.263786495,598858.82968644,622852.58129438,0.0003031797024952,-0.15131337669921,-83307.790586844,605110.82160186,616610.06669728
2.324741268059678,2.4746990645334113,0.3405741898020049,3.7808735675743472,-36.44212798364542,40484707.41671185,82700135.70540233,0.4945724268910154,28052.35279031511,-2.6413371893506e-05,-0.26271341629164,-1440061.2426687,-92622.63493478,1254250.8803939,-1.3127042218611e-05,-0.26247047754349,-1694602.2044126,-128660.21912716,1462355.4280439,-5.980563347599e-05,-0.26260552811821,-40873.756604295,-327727.51338796,272111.10236802,2.002022583333e-05,-0.26259419995082,-41326.262496564,-332997.25351489,276621.59184809
2.6411540067136063,2.971419991787398,0.21028127844597932,1.3961391648224941,-20.035712391582848,79703018.84275535,112112147.46770841,0.6091950922429972,63387.73845497912,-1.0226954080017e-06,-0.045842677139835,-3186298.4112806,-93518.092066612,2858534.3670984,-2.831983897047e-07,-0.044459071077105,-3859969.8316591,-123270.4942309,3455969.9779831,-9.7294109875469e-05,-0.045218390089053,-26231.628515712,-1391138.3291717,1256299.8292406,9.5421078218226e-05,-0.045218144105369,-26277.80115681,-1393547.1504879,1258472.2437383
1.870874300483825,2.9750894327949124,0.2901516401665858,2.548415424065227,-31.734419454155258,76925645.33989358,129261923.50982615,0.5660103648371635,166.49475580200942,4.5448088340095e-05,-0.097179300817304,-287937.05306971,-63332.609218558,221318.13740161,1.8887430906822e-05,-0.097091848583031,-465899.55521387,-102832.26582326,357737.43445117,3.0578169779398e-05,-0.097135730259351,-12616.046801845,-331363.43784242,294854.83080874,3.4270073568734e-05,-0.097151012749773,-12552.580890373,-329236.49620417,292964.5441797
2.8370698947935566,1.968602729080608,0.3808727921015947,4.710472235017521,-20.570855711100165,79827810.5294176,134132096.0995396,0.5007150964538646,1480.8652924811877,1.2879044777578e-06,-0.035513664701955,46284.021904685,-25595.117546482,148788.27639332,-1.5996536547925e-07,-0.035481693314788,-48093.128926783,-43451.119865131,191673.3090849,9.5108865865904e-08,-0.035498741629873,-64537.967940466,-230715.76730639,220878.90007891,9.3775313818684e-07,-0.035500892433198,-64557.327331705,-235050.29580391,224762.73016726
2.3997845470361314,2.358470017160193,0.24554586116696725,1.2320019139454703,-22.721983699013403,77101326.52338356,144873239.29217976,0.5603811570911987,74220.44572102267,-1.926136861645e-07,-0.063860751375002,-2316400.1727791,-113044.33573883,2043053.9003835,6.8313099011601e-07,-0.063170723151296,-2812978.7703274,-154401.85225743,2468676.596914,-9.5308782624334e-05,-0.063544943587296,-47900.19678129,-555550.68410069,475758.23882717,9.5959367836753e-05,-0.063543216836808,-47716.652847246,-553756.76210846,474161.76888242
2.4392196195533535,1.9460375206334302,0.18671355405262724,2.8358222998094993,-30.126519119901072,73219889.02264103,71239995.69238399,0.5214180799571966,37560.46582319892,7.2546265788839e-06,-0.10267029097758,-3729936.9303079,80579.264895563,3476870.4746956,4.1827655906617e-06,-0.10139131270755,-3806109.7741914,75752.961822017,3543168.7067715,-0.0002207829794838,-0.10203623529515,-72562.850618753,391920.32035298,413528.60353334,0.0002325418153289,-0.10203864906976,-72591.322961163,395772.80264168,417060.36710807
1.7686683785433415,1.6764826529697703,0.36237425233502796,3.1918699749625383,-31.574914219765454,16705316.871807314,96808526.97013554,0.523503271157617,81514.2948760071,1.6482413906741e-05,-0.54435241673996,-906543.35248262,-149487.36455777,728164.51011811,9.7447893904293e-06,-0.54427191614086,-997058.49726271,-181592.74803747,789796.11370097,4.2297107152985e-06,-0.54431006299456,-62093.479584198,-374716.65017983,300879.36548814,2.2053188081651e-05,-0.54431716020238,-61790.847567066,-373052.90567768,299567.475589
2.9960557043600033,2.317380947273179,0.2890469578449967,2.6291123550476336,-33.96509482937759,29933469.17140947,144452807.06759167,0.5313448894675735,93501.37609844196,9.252292394172e-06,-0.35616914785051,-2723624.4431313,-273516.85725892,2305116.5300275,7.0021659240433e-06,-0.35459068224354,-2938498.2681382,-310037.05746579,2476752.5844781,-0.0002793774216417,-0.3554041813133,-103124.19753224,923009.01434644,922206.67284501,0.0002946851318314,-0.35540516420862,-109026.58355314,946770.76729813,948437.06284287
2.8620318104512528,1.6338018266125742,0.3582872662045101,3.1078375872320754,-29.138515106518227,32980849.683505457,141063061.98663777,0.585936963856918,31800.147687760633,-1.2410988062306e-06,-0.2095907741276,-1847821.7234279,-81421.584661001,1635576.6376613,-1.7377841955767e-06,-0.20918238115053,-1912585.2952891,-100473.92879676,1681527.2134868,-5.8635394217731e-05,-0.20938843549956,-23956.941577388,757328.8419715,711507.93032028,5.5674344746e-05,-0.20938963320369,-26834.151155473,760329.1843958,716405.67503525
2.2867184611577347,2.1255992642823243,0.31858587021696044,2.0201204403806363,-32.26749702469724,69202694.91196086,124424604.42547472,0.5123894018334898,92121.18799711586,-5.2678780358333e-06,-0.14273563377856,-1928273.8300209,-79536.016528736,1710611.2744601,-5.0612522961002e-06,-0.14241450264362,-2122862.0179093,-104033.96265654,1871647.9810737,-5.6451136843205e-05,-0.1425816770019,-65023.490469612,-314384.41696975,244398.31485658,4.6062240955859e-05,-0.14258125497799,-64896.964340935,-315816.89393397,245754.66461311
2.083951918673245,1.7671120452271394,0.36905454107491875,1.8875380706220986,-38.68875103528099,53061114.314095244,57708429.73153505,0.5873446215687235,36921.57307910439,1.3608472176339e-06,-0.23435745235778,-635019.78571938,-82838.140613645,524462.96909367,5.7770294836151e-06,-0.23427168540556,-710275.09316351,-110680.42387384,574716.13356875,-1.0692271215157e-05,-0.23431900971901,-30412.143208323,-39047.156651403,22479.756128915,1.7834072182798e-05,-0.23431385795654,-31547.168298429,-40047.761637651,22849.588297618
2.074429928142487,2.7299750159134244,0.3286640264150209,1.4030769937833303,-34.85788046559415,51509562.32964414,137623158.04151288,0.508578909957009,10435.981191122915,-6.7718431128895e-06,-0.18428181749102,-509448.06670511,-36423.717618571,441171.01778412,-4.0894979989333e-06,-0.18419524695835,-790472.95794821,-75132.939411193,671727.74964205,-1.6298663447409e-05,-0.18424749633053,-12934.1792558,-248137.92159249,218454.54259713,5.4150433466002e-06,-0.18424538809691,-12975.085416767,-248194.64030701,218485.43562311
2.3694204485632975,2.9265441238370054,0.22634152875467822,3.2630721818089232,-37.734344545127,50966787.8645902,61735093.03280928,0.46617795365963216,712.6488175415975,2.1829490710356e-05,-0.21361754263854,-2161100.1874901,-25138.707677224,1962633.598881,1.6341520253237e-05,-0.21299561465413,-2811017.6943126,-42873.088785698,2545588.0793783,-6.9102108862316e-05,-0.21334208103848,-22926.622077996,-562058.66796037,498931.71304343,0.0001073909782124,-0.21334540144645,-22754.500362358,-561856.03884056,498861.88093597
1.6385025534106235,2.8351750666753794,0.28507278491918653,1.0782041825389699,-27.54774133373958,62578336.534626015,91995433.62459546,0.5965219203287243,76483.35870768233,-1.8008340018679e-06,-0.11332513976517,-228435.7199014,-99229.366787082,148944.67255685,1.3310757143162e-06,-0.11328605634601,-613784.90831694,-166372.20885695,452752.77548062,0.0001217485220301,-0.1133158861226,-48956.215700959,-1421776.4084184,1268145.4257709,-0.0001222851713474,-0.11331369465753,-45323.022825386,-1397862.4460602,1248793.4333239
2.2194086765050764,2.746303398916843,0.3396783775379314,1.3219610318219783,-23.67722606697844,49466045.14211166,71357553.97987372,0.5071443028257042,97217.93299080705,-2.1787145391361e-06,-0.11352711594957,-1311282.7721361,-110566.59087014,1123939.1337196,-3.114358063076e-06,-0.11332257858426,-1769959.3205581,-162834.90128978,1507769.7320158,1.7468172407767e-05,-0.11343768004181,-61663.737430766,-1082881.274562,948875.81948292,-2.2768139517851e-05,-0.11343911832089,-63324.728967808,-1092439.1511465,956342.93120002
1.61978154426182,2.025888217662947,0.26004220897315844,1.2868575758739946,-28.482814445929442,26521488.07176084,69376083.97037974,0.4408067996151568,83431.44005762313,-4.2724128930275e-06,-0.3032009057009,-1034286.7482695,-90028.418773299,884582.53411819,4.7857803076381e-06,-0.30309132715135,-1338718.3868003,-142006.05303593,1127616.0248838,1.7091655491448e-05,-0.30315629408753,-58035.648604223,-933379.00654401,814527.76583144,-1.65941102903e-05,-0.30314839914607,-57974.329397039,-933872.75841459,814957.48765972
1.6441782202692448,2.4273073441879314,0.2876997051456652,3.8907461396442766,-26.47419453318208,21839193.372144096,128056301.63212232,0.44269946224511486,78816.649854082,2.1772786503098e-05,-0.29683919024067,-822038.72495893,-174554.8219761,635578.79372845,7.3765020619217e-06,-0.29674134539347,-1096826.4199507,-220461.43792198,855791.84959812,8.8588460482383e-05,-0.29679175502913,-82922.825407411,-1591518.6645391,1399931.5203047,-5.9253571012013e-05,-0.29680150639454,-82832.113372929,-1589425.5410776,1398116.2181763
2.1200210698517905,2.2061813921778892,0.3639325408160903,3.6513681663100654,-30.146645360860802,47204750.30465141,57606740.77891595,0.5365175017136314,22547.368458341156,1.292036499672e-05,-0.15055924699734,-886548.5754811,-86177.272163453,752066.24514325,3.5198946357924e-06,-0.15043992025504,-1050544.9986025,-118356.80392215,880173.76238644,-1.1590483638826e-05,-0.15049892453124,-33035.354764737,-229453.76933195,187551.38898067,2.7926849640657e-05,-0.15050764777941,-31854.237521647,-230751.90284065,189503.9005645
1.9803792918128083,2.261194234886385,0.3657266997270755,3.7148213027656682,-37.352608185612084,69430046.35663566,149513726.2223549,0.492368740087551,40777.4326295474,9.387320693289e-05,-0.1670576700345,-760197.24535417,-122954.61085416,612343.06568212,3.7400755764107e-05,-0.16695867313408,-876434.63511129,-155393.61144189,696954.3842782,5.8416796308693e-05,-0.16698723202041,-42376.922737757,-486399.82128067,416056.09655966,7.2902106333622e-05,-0.16703499399808,-42367.884503591,-487564.49145498,417090.04347956
1.8924068808844272,2.6638925143753767,0.3318999398908469,1.0540307767015429,-36.31224253638679,79521637.94871013,88381797.31216896,0.4709828498448333,30314.90912571168,2.3743381049836e-06,-0.13948751260831,-324044.31390825,-51088.255742998,261809.80459768,-7.4778589777695e-07,-0.13943225599075,-551750.63314297,-97067.355690156,439250.02566782,1.3163202897062e-05,-0.13946502463024,-17616.857877509,-496166.67362099,442312.69847308,-1.1582089443727e-05,-0.13946723436564,-17411.169474455,-496838.88611802,443097.00486314
2.6481038418844545,2.8619421570008097,0.29174039943134183,2.4582287401149996,-30.65168120532302,36168761.51629779,136001447.40213916,0.5974314812251497,66228.61134182705,8.4428108447176e-06,-0.22679723559573,-1453166.4084317,-123255.39716643,1245088.9623846,2.1809658141243e-06,-0.22607078235044,-1724221.4907819,-164600.08353229,1465136.6055471,-0.0001080720301435,-0.22645714046142,-44393.829609501,-715597.12276719,624706.17256503,0.0001183248508104,-0.22646451816957,-44360.475884703,-716048.63970478,625131.97458048
2.0007483084802384,1.9426534967375697,0.308411819621771,2.1358555929931002,-22.633238221588798,29180503.49046995,111803503.10000072,0.5645756414090581,89065.71386448205,3.0089550098929e-06,-0.17287462330103,-1552643.5625629,-94324.642573995,1356152.0354135,3.705529713475e-06,-0.17267091696219,-1725269.3347261,-119535.75150804,1496691.5602851,-2.7041561727509e-05,-0.17277745817318,-59936.687202155,-393211.08314169,319327.41281992,3.3744482627067e-05,-0.17277680508174,-60095.436795556,-393379.84961136,319297.4672292
2.8857718946469695,2.7304407852450905,0.22491550341681382,2.254242684441376,-38.61393428047124,38601935.8257128,123399139.5547409,0.6024221395890035,94162.46487825418,-1.6816359927884e-07,-0.35234333967774,-6328571.6219838,79279.380532448,5857494.7436643,-4.3225048028802e-06,-0.34979548315218,-7056674.5626655,77038.853779354,6523172.4380282,-0.0004387320781455,-0.35113021619472,-80579.690490614,-404930.20318983,317562.06988638,0.0004344174781112,-0.35113390767621,-80593.122685611,-403928.62927871,316642.54517203
2.228885448032167,2.9807264929209656,0.3320376062033862,2.225846157512124,-21.81535620000943,78331602.51180978,86191336.99873327,0.5269385751994795,67546.35986391253,2.9088441291281e-06,-0.054379039033103,-785487.08733066,-137714.44469855,625632.74941167,-1.2285227187932e-06,-0.054179417861801,-983469.69893681,-185078.5064218,775222.19333623,2.2713527393891e-05,-0.054288391425828,-57170.198343817,-890393.98062223,775634.33194782,-2.1185142745999e-05,-0.054290570800664,-57268.3711438,-892075.4998348,777101.54825359
2.7750165741778687,2.4371785294585084,0.3586413106811618,3.0543918777404806,-21.152254805229546,51420165.63430036,124789058.99453658,0.5432552164291528,47506.51816541289,2.3066719657889e-06,-0.072165851461033,-2123130.9064436,-92441.75285684,1880045.1037884,2.9999815042629e-06,-0.071695705089196,-2354597.1861461,-120745.97820211,2072205.2252644,-8.6430169617465e-05,-0.071940722434305,-39659.867250049,21439.649360362,53438.14515958,9.1808945812293e-05,-0.071940072713954,-39581.598630113,23337.511928821,54993.246360061
2.7214577984765254,1.8579127702066258,0.25552042686696824,1.8932774403916892,-23.718864746514218,12700677.754418995,86052316.49302253,0.5808560855904386,77222.57770018624,-6.0468389679897e-07,-0.41803233990577,-4614704.5725896,-43565.171051723,4198196.8276933,2.2145538931446e-06,-0.41663843761948,-5030785.4199202,-88114.651338373,4547625.1633811,-0.0002318299222455,-0.41736719183337,-75030.335175721,1575389.5729887,1498535.5663057,0.0002331866138472,-0.41736302866768,-75187.362204646,1570949.4837331,1494785.6008512
2.2590714672358247,2.7814415353382613,0.19960476427377782,1.5016993897801068,-23.98310608939245,40043518.9548563,79089360.63677752,0.4522611199182372,95099.84900858665,4.6326379576967e-07,-0.14498967139939,-4618728.6046597,-77341.284347496,4177698.4918536,2.6359337157519e-06,-0.14378135017986,-5792470.0463126,-107846.18412241,5231615.4426448,5.631151260566e-05,-0.14445408799613,-68580.455308264,-2220692.0274664,1986379.2901341,-5.5277107659585e-05,-0.14445148649381,-67281.252673432,-2212845.1173743,1980100.9740316
2.063207387112348,2.1270265678995255,0.3022853217114837,1.6922997581215797,-37.19226033126541,77633502.8851933,98109798.31756821,0.4953777758384405,27074.544460224548,-8.0495683579234e-07,-0.14661443572273,-892657.10450673,-51979.674713716,781292.8450755,-1.144282964626e-06,-0.14647662684079,-1072822.8301066,-77502.676462264,928509.05973819,-2.4936223768066e-05,-0.14655051519189,-22533.170472462,-197006.27222384,164920.50654705,2.300106609815e-05,-0.14655087139869,-21478.947572247,-192298.06071734,161249.96565126
2.5731750237492945,1.9080840500067022,0.38294138896128554,4.2932485009165795,-32.77313666402106,66050411.98042134,70662692.27856371,0.5255006301566094,71253.82643085599,3.2918529924886e-06,-0.14190594324363,-84226.181402449,-96625.040428922,55307.786349895,-3.0568287680725e-06,-0.14187769779209,-112354.69907124,-138298.26318413,78480.887002774,9.6385933839459e-07,-0.14188794345082,-59716.675741051,-529644.25744416,462857.58799147,-7.242181064002e-07,-0.14189657051139,-59706.09387579,-529931.96280454,463326.44768999
2.6379002509665463,2.504743332210702,0.33489841710196605,1.612182743546498,-23.895603935737437,10551289.759713426,57169738.590731606,0.4558391581718149,37142.89323653936,-1.3670504707294e-05,-0.45776298881802,-1355186.956093,-82479.032266098,1183795.7319811,2.2423203280859e-06,-0.45741320236887,-1802830.869766,-138238.9019039,1555816.8237569,-6.8063747113093e-05,-0.457616038518,-35373.740214636,-99372.806017758,71602.286964119,5.6694218403185e-05,-0.45759898537252,-34883.845752609,-98506.59019221,70840.006967374
1.7209026522375366,2.316435336444873,0.37480932955830865,4.705679785018282,-34.3066954167907,52046019.598961085,117657625.13283844,0.5029536463673705,65587.08786707457,-3.8250824252724e-05,-0.19431310269923,-85637.660931205,-222818.4035541,152911.83140859,-4.8115986905669e-05,-0.19427647905706,-160263.72456301,-245908.30230671,145438.92802588,-4.3439349751476e-05,-0.19429168918101,4287.7370435311,-578871.67279178,533832.33487607,-4.2931945448526e-05,-0.19429899577433,4502.4487695324,-579029.24140536,534107.26665682
2.1835009517352075,2.3913326513395687,0.31288616742130426,1.3379265460305678,-24.752851518389697,73032223.10248752,142964000.5410479,0.49803386405556765,80518.04872696665,-7.4167385721617e-07,-0.080846705093319,-1283674.4102592,-110047.76789578,1099032.3561316,1.2465893335982e-06,-0.080611965080562,-1589137.0492462,-154221.35177833,1348249.366189,-1.7642097081235e-05,-0.080741124545772,-50539.34319732,-678107.97323943,586018.03319414,1.7951757656353e-05,-0.080739559005823,-51158.730894863,-682518.52572115,589575.2810297
2.593888087566218,2.522409822455498,0.3880821336345747,3.6430864013162783,-31.856458463002784,21498755.39637969,76549943.54603875,0.5685045061163512,49551.19968886818,2.6141208986225e-05,-0.39078039535159,-1560743.3076348,-139434.68575557,1332463.1531212,8.5986364572854e-06,-0.39046624045741,-1809033.765627,-182508.09781565,1530092.9942688,-3.8435698674914e-05,-0.39062347627903,-53500.675730194,-206780.46402059,154561.85985242,7.3266228166766e-05,-0.39064146194357,-53224.084626077,-205762.95930492,153798.09318766
2.011733900741295,2.0738385922764424,0.3901203757574341,4.651173467218872,-37.76971872542786,62854103.64605382,67891665.06189083,0.4771945279602115,44442.513594343094,9.6791478668378e-05,-0.19001484582207,-64200.279372083,-158913.33233233,106790.3733924,4.0516021448463e-05,-0.18998774201988,-122744.62607043,-177946.48469988,102507.92540796,6.8031193660329e-05,-0.18997447354832,16013.997910598,-509271.90039849,478425.32940492,6.9156449255657e-05,-0.19002911151353,13862.395544088,-520614.65935602,487307.75931427
2.833172146637951,2.200017956027839,0.18907110540211206,1.0858111227481322,-34.731963768408846,65668305.283923276,89574750.7210061,0.46175835155051587,8642.90017795956,-1.5035551883669e-06,-0.1470072763562,-1826535.1856168,-60612.095234155,1632882.1751326,4.4060806699451e-07,-0.14591678953817,-1971015.0510175,-73936.496916226,1756095.2026966,-0.0001966375868004,-0.14648977166438,-4214.6229559103,293592.97870436,272284.23557874,0.0001953880692853,-0.14648845125299,-4129.2500816981,292739.07675768,271389.24403901
2.9937375865993006,2.526335221517159,0.3116959706507536,2.906267645077734,-21.06727739060145,50241054.47898015,95351167.55973104,0.5528772265790226,68505.69291549434,5.7662097695057e-06,-0.078356591195306,-2260873.7279221,-252098.21930308,1896884.0496754,-1.8513275622646e-07,-0.077282677650161,-2466333.6216871,-289110.58170773,2059753.9104917,-0.000200201335616,-0.07783553689149,-27501.401113698,-151216.87942378,123193.18639011,0.0002057405846028,-0.077841408198353,-27651.917148072,-152483.54893342,123947.81805381
2.4562664178773375,2.133145743785817,0.21845282976440544,3.9429540959673814,-33.76662893667539,65204740.13886367,86735554.6564355,0.5921722115832344,37241.270427438656,1.5203393605099e-06,-0.14153878471753,-4121944.9067876,-66961.612113532,3729997.2797196,-6.9647701597065e-08,-0.14032354469826,-4359618.2346889,-81536.30910738,3937440.3562602,-0.0002287609503572,-0.14094554619887,-54436.480338116,127759.90790048,159542.1053601,0.0002301676251037,-0.14094605171781,-54942.464006286,128998.97221166,161407.41621332
2.6699344834222556,1.6310778199324587,0.21752757401108003,1.7864825332695256,-25.555659622627033,37877987.33459677,65569228.504481316,0.48362888134773935,85718.85112870444,-3.9642416013001e-07,-0.17001629690562,-5746702.8641096,-49035.590819655,5231785.4080888,1.0226837367285e-06,-0.16806022659122,-5987279.9459828,-62776.022714582,5442428.7057175,-0.0002908756940555,-0.16905719933865,-55527.005182542,1682162.6820579,1582199.9205766,0.0002914133245278,-0.16905462436532,-43207.590218435,1713530.2059142,1603717.3338285
1.8583405823870778,2.829998781345207,0.34937674509989936,1.6990051385050564,-34.25225652226867,21052543.424159665,106504588.06210482,0.43853078085344743,81581.49954037175,-2.2859085247453e-05,-0.53004453539868,-496528.39613794,-123638.0273709,372695.7126144,1.6925756062396e-05,-0.52998298721206,-791421.84882052,-180432.97930209,604140.94769953,7.037260999892e-05,-0.53003358445114,-62636.046963026,-1280930.8852592,1129627.6336949,-7.6711900709174e-05,-0.5300068016575,-62898.451271263,-1285419.1034665,1133549.7867394
2.922106514100305,2.5967794128536617,0.37753533813235607,1.4371973804644829,-20.258258133464786,30537850.205265563,97035273.0799573,0.4387244898544296,34900.93613104313,2.3034309310482e-05,-0.11397706216932,-1330786.2803538,-50194.858225497,1183881.7934342,1.1430479468992e-05,-0.11364338310005,-1708561.2961366,-90352.900144508,1501750.2269946,-4.4609858440617e-05,-0.11382048105698,-27642.961938747,-13971.057729698,27020.562958906,7.9174210412146e-05,-0.11383368774768,-27799.360611771,-12420.165845368,27372.520410603
2.472909407485213,2.933242098256611,0.17994861208400348,3.544914405513415,-37.259211272676794,64307912.2509817,66545461.522915944,0.507993110473136,61613.23180313778,-7.7524610569625e-06,-0.18410047122549,-6247333.8635863,-92960.007393257,5659114.2995702,-1.9727445124838e-06,-0.18182971729378,-6891608.5211817,-108731.32174724,6238307.1691906,-6.692096766162e-05,-0.1830234582979,-56249.409568352,-2279865.923717,2049545.130814,5.7374268230257e-05,-0.18302029684588,-56462.324247689,-2280090.5889332,2049604.9119279
2.5876755382781607,2.7420398818859684,0.2658939533433591,3.4863320992810114,-27.234687849677773,15854088.509575779,130720397.8759581,0.4575487136034404,91636.3417652035,-3.3602995626114e-06,-0.43866172967222,-4735084.9342955,-247387.94824567,4165980.8463456,-2.8332283199629e-06,-0.437267129394,-5078802.7581472,-228883.27974923,4495967.5683335,-0.0002083359619642,-0.43800140181376,-79640.050355647,-1016359.6295934,875871.30103135,0.0002019467243259,-0.4380034950705,-79780.514336355,-1016982.4744897,876106.49663696
2.326872150596431,1.9996410601527193,0.3635208812321097,4.5259931847535935,-27.35527119705757,60341406.33270408,53695952.13385446,0.4977453654090986,46428.64569174701,4.5887975401198e-05,-0.10192093229029,-67845.294675147,-76700.624858044,44036.686398026,-1.7225149894667e-05,-0.10189549952348,-141744.97004782,-113193.8149221,80402.400231743,1.5520971431959e-05,-0.10187178723689,-42336.227400061,-450662.07679136,401482.4288798,1.3130807844286e-05,-0.10194556388324,-40077.766875636,-460620.19315022,410213.74344087
2.637460981511677,1.8416842618310356,0.2395766238600632,1.5824409870262284,-20.534820374793004,19461056.97983086,101653468.09714073,0.5263163075883666,71355.46694942651,-2.9329289668213e-06,-0.20704072431943,-3548924.1886294,-126703.36154805,3162222.5198116,-2.4645797849385e-06,-0.20571947587398,-3969148.7525747,-173229.44553108,3514439.115092,-0.0002258668165693,-0.20641104717139,-27148.667105747,1005961.2812041,944744.3252336,0.0002205352661356,-0.20640980265968,-26995.797830384,1010710.5067509,946928.83579309
1.671963306463523,2.6092002253446296,0.28541411265265565,1.066028924395487,-25.603677534494636,31661614.161564074,117038417.84916995,0.5010255602284226,45122.12077772168,-1.2783649804671e-06,-0.17979957991374,-342586.17306275,-65097.321360489,269645.29904164,2.8580696391465e-06,-0.17975199655732,-698325.20329375,-113939.44522082,561702.65342135,5.13501950753e-05,-0.1797847426326,-28278.663221836,-934115.96816575,835963.6626079,-4.976484098478e-05,-0.17978220713886,-28345.048702582,-931520.33937087,833563.22112831
1.798113645901135,2.174151540165367,0.3686070729238673,1.3296123158789253,-35.43660847857038,24793092.638267312,106600375.38034973,0.5835246724521646,19818.910417310304,-9.2332578631883e-06,-0.40525354973664,-265710.00806421,-49478.619416432,209785.20134973,-3.4638291263107e-06,-0.40521943243131,-384935.06908453,-92318.347014226,291090.94835005,-7.7661958367882e-06,-0.40524131821301,-18704.031828881,-241319.62830103,208244.99475717,-4.9465459491603e-06,-0.40523652994893,-18776.67826284,-241720.81879369,208556.42892061
2.979826847275514,1.8078198232805032,0.23621421325554443,4.397596820284454,-21.020606542291592,37464495.72540308,83997645.33772613,0.5613960522307926,87262.40099757226,-8.7580661025562e-05,-0.10677051939085,40153.304259302,-45020.900477997,436994.29315142,-1.1065815393663e-05,-0.10665456438579,-82957.770767984,-67174.207361891,602596.57624032,-4.8967244193965e-05,-0.10678192803921,-301759.34948321,-855185.0299819,836654.08635436,-4.9651590296712e-05,-0.10665544361816,-302346.5419982,-855145.70537407,838009.6288981
1.9434214536207133,1.602403058089028,0.331431909404444,1.1651741961629452,-39.62390906531726,11579882.355812695,133155937.84203316,0.578217468266428,18027.06030459451,-1.7702646327124e-06,-1.071846060294,-409993.37031982,-43636.402484543,345229.5118986,-1.1708885783052e-06,-1.0717888226986,-516881.64113749,-76284.636195771,421029.91994865,-1.096790830704e-05,-1.071820181064,-18955.794346946,-1260.3971664926,19681.78559609,7.9843143380223e-06,-1.0718195735456,-19356.908629184,-2215.0948591725,19338.875640538
2.1789484162524,2.075402821276284,0.387643641513135,3.507729628548478,-35.787797728641564,31065139.024080615,147296416.35453686,0.47377080221471624,55293.40550438542,3.5099091670292e-05,-0.3578797347303,-1026777.6052842,-141426.14741477,843247.03422311,2.0225814633942e-05,-0.35773858184584,-1140772.8739147,-172638.36196362,926560.66767011,6.9516955910747e-06,-0.35780425652508,-51410.164042803,-290306.50869156,231060.59764152,4.8361258324068e-05,-0.35781974522825,-51756.171104652,-290521.74254424,231016.41084775
2.5569609731030583,2.8365161680885675,0.34786728495313923,4.3117133011708955,-20.48620955019664,37389516.74056263,125749174.15401872,0.4941268735569045,55327.58758669616,-0.000273902939754,-0.089016082858746,-143359.26359861,-90409.167590751,83792.336833817,-9.8905184558205e-05,-0.088957604803081,-254582.94603371,-139994.70242435,154468.16774612,-0.0001844707478153,-0.089066790209065,-1496.8833500522,-787382.40327713,720731.68065303,-0.0001888419079971,-0.08891014304729,-3330.9150374375,-788422.76587399,720228.55531996
2.4873147624819776,2.6678351225644157,0.30994830245790606,4.492092724843154,-30.40922873607427,66425003.89223215,56747948.91813335,0.500847499667392,60208.74156751098,-3.0211771028341e-05,-0.11672056348524,-155413.61578054,-99066.721302931,90608.416813111,-6.9712154079766e-05,-0.11665880731805,-250632.27640188,-143269.64039235,150377.60390433,-4.8266410384121e-05,-0.11667240496259,11161.444203925,-825061.14923073,765263.91229134,-5.1843348271698e-05,-0.1167095736088,9888.6393261946,-823232.79658566,762430.7077953
2.016675004220285,1.9503424783674166,0.2872025001266534,1.0558776576976914,-30.76278830145624,15789352.84244295,145210672.5883376,0.5433724465674877,1446.3945378027408,6.0290813537329e-06,-0.45602331708083,-476514.27038868,-18429.384980266,423598.42206534,4.8473166684696e-06,-0.45594063974823,-691537.88402729,-46732.105701713,600750.94638709,-1.2899151403758e-05,-0.45598769233312,-10625.406917276,24020.814240283,32454.240877041,2.3757706335152e-05,-0.45598902228646,-10541.823774757,23825.255371712,32477.660117002
2.6051051210642617,2.635567397772977,0.3054343860527444,4.099652696956986,-21.831368008165946,52693147.66670775,115884618.65690865,0.44138779771331843,98271.99224121602,4.5653262483714e-05,-0.085472095340306,-237050.03630416,-122652.11850146,146492.10429358,3.2888480003015e-05,-0.085391821035941,-354108.41686059,-168245.15363346,224645.65987889,4.3948353229434e-05,-0.085427078488555,11265.777347736,-1095050.0951623,1012438.4783164,3.4720688885288e-05,-0.085439877183987,10499.73687106,-1093219.0470807,1010187.032533
1.55421081574106,2.7055566115399996,0.19680985255776534,1.9363254859701908,-27.554360435580183,76551512.9055829,83902976.1449649,0.47922113131154054,87342.92721290821,-5.0817075208623e-06,-0.095416850128125,-1423873.5131721,-132794.96207855,1211878.5752752,-1.7074751579438e-06,-0.095259647777161,-1993312.1694186,-164006.30460748,1711486.5847122,0.0003073803116447,-0.095356006366892,-21526.056131213,-2905546.552503,2647509.4380739,-0.000314312543916,-0.095352732566005,-21541.912882454,-2904324.2374694,2646376.0786464
2.9260111130977426,2.3854059007674215,0.37061976436167166,4.569321487188455,-35.70689856864058,70616049.56883347,126920814.64595206,0.579974370980305,86407.03999086824,0.0001153396537124,-0.1594099494104,497.26936149154,-75544.159150877,406478.82063508,-8.1365735329667e-05,-0.1593026572039,-98434.853056522,-100237.98676578,498243.40355959,1.3057203911045e-05,-0.15923970302978,149863.75990614,-950797.23265872,983047.711461,2.0898933072562e-05,-0.15947971649306,155476.27703886,-945582.17558076,982572.36547977
1.9637771524508394,1.649584946933456,0.34494268566393327,1.0885558595820954,-39.50317124238047,73772202.46896023,108728038.91584352,0.45823040400976567,99992.06624209766,2.8395674071091e-06,-0.20814283369603,-1059118.9049051,-110546.93841171,893293.33698899,5.0107914481748e-07,-0.20802505100114,-1228616.5611789,-151406.99685592,1020630.8305968,-1.326715268793e-05,-0.20808604757205,-60369.677671721,-249212.46189285,188806.87295798,1.6486769431232e-05,-0.20808881238295,-60349.976431119,-251571.565555,190797.78861447
1.5932888201256021,2.0130190965239776,0.3133354072977187,1.8905105252546295,-21.770369887499506,28040700.20287519,108438071.93719527,0.5788996452040014,73567.41309238128,1.6782971053846e-06,-0.1612808101922,-582416.37277128,-128965.91318907,446978.06508577,9.1281224538049e-07,-0.16121959095673,-712504.81770129,-162127.39369188,544091.13589466,9.7521619269618e-06,-0.16125239661263,-45517.8005444,-737916.24173261,644146.81671703,-7.1305085957688e-06,-0.16125295792649,-45056.880673351,-741317.92805748,647571.78992072
1.5346786551721618,2.476543052031804,0.2946240820520101,3.470192027326706,-36.3787509219842,46786137.29043744,142499305.81013423,0.5466422936772352,52385.78780538217,-1.5680369440937e-05,-0.2376443955232,-440186.16862534,-135452.60550833,315396.13395871,-2.6583480337697e-06,-0.23758924879386,-620255.14248711,-174920.39688591,453491.53441087,4.1657779931609e-05,-0.23762433132789,-48130.343698402,-1086431.956324,961463.70693592,-5.9818774894903e-05,-0.2376166758906,-47721.564234474,-1083798.1117157,959510.57710823
2.951375783838004,2.239141235160544,0.2282935819706614,1.480306213087674,-33.70739049387015,23521585.129647303,92457618.69035481,0.4717463235608191,91043.98713912255,2.1682250397186e-06,-0.46256700615869,-6757238.5486225,-14476.956348709,6183079.6361716,-3.8138409328658e-06,-0.45975664606205,-7630508.4416831,-31972.661803186,6970928.4227499,-0.0004866682351487,-0.46123234899502,-8750.4608272833,1029140.3002171,950668.51470933,0.0004848371110542,-0.46123726036837,-39528.916805411,1005765.2053947,950537.92040671
1.5419404393990885,1.9610835278432688,0.3825358330621897,1.9951510176113145,-21.766854532962366,43374181.53614888,141139616.68501884,0.5055410572588648,18461.17295807981,1.9703635978013e-05,-0.087198075668022,-164641.54541267,-63746.038646018,111038.39580385,1.7940797825083e-05,-0.087179133680426,-228085.59241669,-97746.42875584,149321.64098329,1.9257263362846e-05,-0.08718885881381,-18998.20435701,-243971.00607714,210267.67378513,1.8430477107304e-05,-0.087190282815257,-19118.674976914,-242169.41968812,208532.46310096
1.9722774773597351,2.871581476467914,0.3150851347411126,3.5597846044293515,-39.95647145168281,59774153.73699882,96668795.18252993,0.490312798755377,72059.31949993786,-2.294041250032e-05,-0.23468318937125,-1259676.7203503,-143062.20385767,1054614.5609014,-9.2450662249769e-06,-0.23451752435891,-1569139.1155003,-178365.26257751,1313594.9420369,5.3576051610577e-05,-0.23461274235847,-50117.647044989,-1568259.9319009,1401671.4073581,-8.5995784568568e-05,-0.23460438542664,-50390.543788676,-1570351.87833,1403391.8288049
2.84975213150224,2.7027428642891187,0.191890828612602,1.768114749664062,-30.59519825947067,23272340.789219745,50492516.8560942,0.49124487860428717,52774.40654821807,-1.9712097935503e-06,-0.34707411930362,-5105527.4090107,-158802.76646509,4566242.2545096,-9.4516065499787e-07,-0.34399251473749,-6094469.1831338,-202014.2424576,5441910.5549278,-0.0005208232611439,-0.34566135606269,-53192.708604433,-113822.90968696,76227.28754286,0.0005177498792408,-0.34565976434114,-53337.225972346,-114139.25336956,76499.693546425
2.1687532162519427,2.8646688877654474,0.37982609111845034,3.511829878106879,-20.31713762866367,18675329.672575668,113149343.0549022,0.5389494182807005,42794.01043351499,-5.1057757905169e-06,-0.17521418234965,-948235.20330827,-115207.68987576,788864.89411025,2.682392731208e-06,-0.17507832544112,-1255446.3747089,-163523.47573704,1037094.9509267,7.5862983425586e-06,-0.17515683181657,-42808.6369829,-814572.58593678,716380.88957802,-9.9603223363791e-06,-0.17515094202578,-42735.583128707,-813896.04335424,715815.96512711
2.895738469852177,2.533550363835549,0.37267215271156123,2.2124890025530872,-31.20218326312815,29693722.540383723,112331453.29387927,0.5166141795967752,38141.47933041518,9.7224760928325e-06,-0.27021533887861,-1638792.8240856,-46189.845081509,1468949.7786753,4.433589627179e-06,-0.26982375794156,-1911712.5767374,-77351.750961076,1696977.8279576,-6.9221517274973e-05,-0.27002928017345,-30270.284274375,-127827.12206136,100479.01975876,8.3352003247655e-05,-0.27003503169122,-28529.469232239,-125458.61436912,96123.695042732
1.7090606178914243,1.850180437766335,0.18079837371574708,4.972039121877392,-35.55450507690914,32365700.517919533,144373075.09253,0.4901374298969557,47152.76086467043,7.0015294533976e-05,-0.32423156102069,-87054.271243462,-337141.43955483,272051.65533166,5.1131551414812e-05,-0.32418674686584,-201328.51482168,-320668.35839357,226220.4169132,6.2450347188764e-05,-0.32420038085552,-101705.91917537,-718746.16782869,665172.07167264,5.8708946188942e-05,-0.3242182178518,-94179.643228141,-729285.56983817,678070.76067719
2.45448469700706,2.3424236190344097,0.24387713793039148,4.673974299036461,-27.844663011610137,34529937.49132283,103046280.9070428,0.4757662031090561,26082.54316958791,0.0001340251083352,-0.17338896750485,-90271.414981468,-75110.829911448,51326.79552332,-0.0002161423841154,-0.17333973424249,-221983.17397632,-117601.17896066,136203.26329538,-3.8258381793988e-05,-0.17318188792417,27042.64722926,-744581.43506511,702220.42294942,-4.3829551493202e-05,-0.17354826860817,27582.778421943,-739219.30340852,697673.58755226
1.5981082662134791,2.2664211724213352,0.3307303867634728,3.2155539872735055,-33.41457140718179,49325669.84963545,131934055.36412695,0.5832895040790134,73465.83638881448,1.9483657957153e-06,-0.20115550273954,-529316.18894426,-154567.2627851,383970.84883556,1.4066765522762e-07,-0.20109578873396,-660499.05230981,-192983.46035429,479120.29741894,2.2759528909571e-05,-0.20112740993008,-51943.143791003,-967108.01650422,849525.87269399,-2.0641709276708e-05,-0.20112863563192,-51793.216304555,-966545.24106396,849113.78118495
1.6325839195423937,2.299772349580979,0.238835480071339,2.19587967060856,-25.663620394501773,53966508.11040585,50597519.52630827,0.4629094918507661,74341.59066664205,-1.1538614195561e-06,-0.11550942773876,-1192040.5767748,-79751.415205158,1036079.7861668,-4.0713584572294e-07,-0.11537270382923,-1438918.3171495,-101066.58134451,1247327.2492671,4.5498660000013e-05,-0.11544743362749,-24243.384184111,-1372177.3274829,1240295.2361067,-4.7092497355242e-05,-0.11544686834882,-24266.164236235,-1372733.559334,1240790.8866832
2.0147333876119573,2.399679163304941,0.30095654277693334,1.2006902922963572,-33.610805810153416,53424473.52677139,84937281.32848236,0.4955829425531994,88493.23820707553,2.2245643938296e-06,-0.20080517549185,-1299356.2407077,-99278.551195115,1120860.7113631,-8.5093320142489e-07,-0.20061947553556,-1700457.5979332,-144894.36616367,1456556.9710244,7.5803633789525e-06,-0.20072221250942,-54971.940185553,-912282.25676507,797583.16520406,-6.0674285733637e-06,-0.20072461193045,-55394.873053335,-911319.62768783,796031.72665362
1.7354239294709377,2.498400332368134,0.20448521627381488,3.2419648560228964,-25.538496285824618,27325487.702174928,53864313.807168104,0.6082988326167138,14666.844450397686,-5.1541944072891e-06,-0.18025829246114,-1320092.9989724,-105347.95749675,1136606.732413,-5.9447696160508e-06,-0.17998603477308,-1829855.9114005,-149856.61223738,1572868.6754371,-5.6344924119092e-06,-0.18014180061807,-31736.672511713,-835503.54729048,743254.06136378,-5.4698175096371e-06,-0.18014198431294,-31066.071146829,-839436.83462611,747240.75455067
1.625047404260148,1.8159285144467618,0.2107185331309098,4.9570848981726074,-22.283279701122083,76809885.2833839,124116376.2887047,0.5343251224899361,96713.11315097315,-0.000156037097859,-0.059357350900444,-86863.09892906,-417072.76809659,338740.83820611,5.9177756754986e-05,-0.059307263818299,-234265.48196661,-395366.49855353,268030.01119801,-4.6726402888273e-05,-0.059428813481265,-114543.00424521,-817566.12795314,743793.92886014,-5.012678354144e-05,-0.059236110343671,-111048.61313609,-832876.54122487,765860.51359698
2.1300437121848184,2.7523941491256254,0.21854016400251214,2.7896466650500815,-21.99330201433808,45628959.21488685,137307608.30197597,0.5277025378968608,82197.73507034448,5.6692926350245e-06,-0.097686537599157,-3287964.2012473,-50598.290010899,2977170.5769451,2.4331537260364e-06,-0.09698955299082,-3821457.5923263,-66715.728137697,3454587.7183094,1.7916480660955e-05,-0.097361450457295,-25804.863049793,-1892900.2962034,1716427.5933446,-9.6418710920688e-06,-0.097363720135709,-25852.418266637,-1891892.7501475,1715469.8742931
1.7486629748249376,2.022595960482201,0.278877478747422,3.2671681936296073,-31.91400955628899,51900908.77823502,74272478.23536819,0.47736767653356066,27291.591207429177,-5.6666576527908e-05,-0.16010426823156,-825164.23830265,-96120.348984613,689626.51552056,-2.4128451610907e-05,-0.1599882528341,-971270.45397061,-123945.65863205,804501.94090498,-5.3215676052099e-05,-0.16006346430363,-32168.199650031,-431235.96847311,372566.69833886,-2.7831469480237e-05,-0.16003652550407,-32279.874831791,-434797.77862587,375741.49693708
2.208790115965437,2.142717694011275,0.18316353583899608,2.524024049542634,-32.92912656399386,22290312.60478401,62391625.0725751,0.5542258987164101,52158.774714509156,8.169774979494e-07,-0.41333403202408,-1804593.3212632,-360223.69845102,1483639.596175,-9.92188823228e-07,-0.41209106401721,-2039106.9382581,-415447.1910438,1671088.1732284,-0.0002375923751128,-0.41274566058851,-77891.905448297,-86626.327642899,54902.0626047,0.000237496761016,-0.41274579804027,-77907.855343126,-86068.883645293,54719.627306101
2.6277823238630855,1.709334072184095,0.27974911011767134,1.5885857615656498,-29.18279926956548,77434429.12628537,90366689.29072317,0.5103456346261834,21480.312506388353,1.6713096784593e-06,-0.089179935951772,-1340123.7819484,-68995.990851365,1179347.3649732,6.2600212266471e-07,-0.088785252374779,-1419654.4296479,-87699.990315276,1239137.6967739,-6.2817236944947e-05,-0.088987117893803,-30053.27660211,576560.00126213,550333.68258131,6.5109008276125e-05,-0.088988592035427,-29947.328172583,576600.58810201,550293.16350131
2.970069965405916,2.7171270045582454,0.2347831736363526,2.1033447891377453,-32.47885555645327,74508746.1354805,53813515.048670575,0.5368485782843709,78213.30093990055,2.9467802892438e-07,-0.12820948010515,-2245601.1131484,-215794.81456468,1906658.7288129,2.5477398338793e-06,-0.12623178593779,-2417312.9578075,-244081.87904249,2044424.6193634,-0.0003093174548512,-0.12725735181473,-56414.784613613,-889045.17495653,774862.94149059,0.0003122215073985,-0.12725570961066,-56577.155642253,-889829.84606818,776066.93245647
2.175635623703611,1.6165561223828524,0.22798294477858327,3.144588234074448,-33.20373119277309,42578083.201435775,94077764.03742993,0.44855336477106134,79568.0566086274,2.9119099204066e-05,-0.24418924143439,-3495471.1500432,-196590.79061313,3064122.1370377,1.9519497786074e-05,-0.243312939666,-3599726.3332235,-203644.46956639,3154950.6549876,-0.0001270506027643,-0.24375129672945,-85850.228905761,898931.19168906,887183.86878921,0.0001758159341774,-0.2437626675442,-87987.177438499,882478.96675911,873615.92444269
2.739142028849417,2.1558721827202563,0.322091169095868,3.3820964260810995,-37.21445499980926,77513762.24879734,106041329.833185,0.5150894188602042,61281.604614840544,3.3765272820909e-05,-0.1538116622656,-2561469.2111501,-140285.66532079,2249480.7781427,1.2983370808194e-05,-0.15313660408714,-2698063.5812884,-169769.9800636,2353774.2189636,-9.6287896673961e-05,-0.15346897754512,-63325.596124842,382558.11129979,397921.13458782,0.000143294218593,-0.15349247086939,-62808.550104448,386748.4856842,401364.45814187
1.7526171948983533,2.323540907852288,0.33634803391017515,2.9937089130236263,-34.47475335891721,61849675.63042863,133728538.69760637,0.525616408581629,73236.03425692148,1.6818167875242e-05,-0.1707239076327,-478746.66810436,-156041.86252847,338186.24735335,1.286460053819e-05,-0.17064462543089,-572764.77653152,-192423.67122242,401485.68570982,2.8017367507193e-05,-0.17068550374298,-58560.426975146,-742045.66979856,638841.57283611,1.7120486336995e-06,-0.17068832762641,-59115.291312442,-742377.59395782,638785.13249347
2.205924173235825,1.6682542130591773,0.34947140113681385,2.711613170851999,-31.072295104161427,35090900.847590715,136826156.94717503,0.5681275832608103,7646.087836811018,6.722082759549e-06,-0.211682748694,-418530.24958045,-72050.556854598,334227.69596574,3.5800044822284e-06,-0.21158268862011,-473045.016828,-94473.848009982,369442.88173857,-1.372964264286e-05,-0.21163246423651,-25797.867619326,167221.08497195,172459.55090176,2.4065031505014e-05,-0.21163621269459,-25728.001590941,168501.16708778,173660.31091885
2.6093051597068477,2.2138893269937636,0.35206535132912364,2.812472138806098,-30.995811619674665,41439322.59365682,120004791.77368125,0.5294805135335259,9205.125971772532,-1.0696099879271e-05,-0.17695477792348,-1130836.6757427,-42362.505807793,1006209.5729816,-9.2903455696998e-06,-0.17672125320085,-1285778.7762472,-65081.962678938,1132171.2609666,-5.9149952317656e-05,-0.17684449166122,-12854.073088547,-27862.983829717,18456.388337704,3.9115655100133e-05,-0.17684284097307,-12874.076695827,-28731.988604983,20226.40686639
2.14800330063877,2.4349322255649777,0.32665840910544497,3.967450016002712,-34.04169999225613,44774095.19245275,81158135.27028903,0.48828617379828476,57583.1250186864,-8.3017976575664e-05,-0.22134127648564,-1488195.9219134,-150926.37844957,1258562.7474912,-3.6419144645875e-05,-0.22109568153403,-1716951.0435852,-190865.53158097,1440624.8536521,-8.437716440516e-05,-0.22124503059555,-55666.799113191,-694011.85262569,596929.70294443,-3.5618332679699e-05,-0.22120566856659,-56151.151617119,-699984.89044619,602069.67166839
2.3472709449601528,2.2539129402814755,0.23549228464674246,3.01646233218369,-21.167735820116494,20726138.574488323,63859672.383849636,0.577039259182238,94121.58435774634,-1.0102169013615e-05,-0.20820519920591,-4531855.9104416,-195393.35216709,4019819.8976298,-5.1009074650605e-06,-0.20691264900538,-4993509.6791786,-228019.36130466,4420327.8483356,-0.0002433053311033,-0.20758790029511,-77422.099987247,-172198.16335139,111107.2185283,0.0002279209698671,-0.20758308056509,-77411.208466835,-173936.94177223,112578.35261109
2.253976362528861,2.465718241362506,0.2860058091960813,1.7928508817710305,-36.527424555046785,55432191.96872698,92901278.51804462,0.5581562964763112,34107.321187840294,3.5313059617541e-06,-0.19738601910383,-1404570.4569304,-63367.560884509,1242283.5467845,3.1318167727345e-06,-0.19711023404521,-1739091.9198555,-93757.669420676,1527425.0025403,-4.208929603553e-05,-0.19726079020124,-28046.172276082,-315978.91157208,270006.50647574,4.8752832999452e-05,-0.19726113634469,-28616.24173389,-316038.14840961,269706.26364076
1.7658651169362691,1.6589357172073824,0.37861414917758207,3.080534282492088,-29.016811128271947,42818540.30855072,97575341.4712162,0.4676446924581652,90624.18076031485,-7.711970879843e-06,-0.19095061871525,-821865.47394653,-157819.39713601,645886.89850809,-4.6001836318722e-06,-0.19088095504994,-884156.57145076,-184079.90627372,685830.39255952,-1.2816014911284e-05,-0.1909183973413,-69178.813394769,-377550.07610755,298837.31790606,4.9110395121031e-07,-0.19091507530392,-69424.503953503,-378036.45743769,299128.60572007
2.536587791607583,2.5523381148850985,0.30810166286858676,2.023954645355424,-26.896018204772698,42289127.54652765,51739114.275763065,0.5211859837300511,26905.19133593105,2.8223927135316e-06,-0.13713223573119,-911037.00778672,-108184.44606647,759556.81868186,1.186298024502e-06,-0.13679557528469,-1108021.2574605,-148219.94294688,912662.51550768,-6.5495178891801e-05,-0.13697726537671,-18550.733072337,-250621.65710838,217053.00781661,6.9541818853419e-05,-0.13697825584355,-18501.883691884,-250530.02554373,216941.85743722
2.378974217098715,2.0499445500491906,0.28275538017053603,2.887113459652012,-24.338094103692928,68250639.16894267,68123626.21908793,0.4685293431656605,34177.69163517957,-3.780780207316e-06,-0.071850489961218,-988192.07018621,-127021.06744387,817401.16047583,1.8451716507905e-06,-0.071472129994793,-1070984.2492148,-149541.0458884,877988.93222869,-7.1928937754216e-05,-0.07167023165239,-23581.423899882,-215677.8164592,181253.29532688,6.9856203065638e-05,-0.071664324195412,-24195.524438866,-216213.53867445,181343.48263082
2.9531627555482824,1.6470696391714599,0.2603700941576661,1.1603280805882588,-35.62500777254485,70923064.06265002,100420038.43512909,0.5384736976368663,56980.41040835685,-5.4762667260954e-07,-0.1572638014487,-3063242.5252058,-44572.072923768,2775538.0473899,-1.3474416854182e-06,-0.15621036946936,-3200870.3679947,-58553.492150023,2891683.2282067,-0.000140935875993,-0.15674757845579,-18855.328205655,1085990.3629448,1008961.3681228,0.0001390059621272,-0.15674878227668,-13918.01185372,1107393.7149143,1025057.2277183
2.4048977054015372,1.868642806710275,0.2980703962437905,1.8480027861545472,-25.275824671357274,45195251.83130165,70429751.30708265,0.5221134082804526,44092.17886124493,4.230680755485e-07,-0.12182023068371,-1758378.9207316,-63057.986897256,1566715.7715248,-4.9657060020482e-06,-0.12147130652458,-1943163.4939441,-86314.384857664,1719629.9831651,-6.4778431414415e-05,-0.1216495564191,-38892.202892027,289685.86327104,294379.13871072,6.0268929127182e-05,-0.12165637704048,-39195.322166811,290637.07148252,295520.8006763
2.2273056217872638,1.5474807060794735,0.38247808257941524,4.701770484451327,-32.72159879896017,21441276.61456847,62875019.82786252,0.5834699773302038,19580.927120155276,-6.5074702282288e-06,-0.38661743244743,-26887.821445857,-66647.345839075,44421.68301982,-1.8123318373662e-05,-0.38660503699066,-106373.34742083,-111077.47879999,65497.563790296,-1.1783248757566e-05,-0.38660349251707,-35083.780037418,-294965.63149334,260121.12605575,-1.272481450445e-05,-0.3866203222073,-33270.451371127,-293174.24294649,258414.48406184
1.8909199576604772,2.5730515653704527,0.28654213402536016,1.9222795491824303,-22.31681705090612,18276140.363963343,92125336.79844536,0.45696060729908206,98512.68871297501,-9.0644477095899e-06,-0.27853423981052,-1255046.0257599,-152858.88262192,1043831.4762067,9.640426475624e-06,-0.27834922333295,-1593384.1901653,-201410.63952908,1320322.2388709,6.3895830581759e-05,-0.278459492591,-55485.029879815,-1693621.0667857,1512708.1129715,-6.3605146158302e-05,-0.27844524597808,-55828.52984514,-1705458.4028279,1523336.9435578
1.8004183848930693,1.8854296889186668,0.2574175702596142,3.3846974562336793,-32.24104303442069,51375000.35872964,82520222.78063086,0.6062438859978257,59857.54347920832,1.9747850346889e-06,-0.175007871781,-1796418.8352754,-108900.76073896,1569330.1168147,-7.2828357542368e-07,-0.17477509333115,-1993956.7198055,-131339.64868899,1734600.6675791,-3.5369197675668e-05,-0.17489496776245,-44301.982320702,-465176.24995864,395237.58726683,3.6673034432067e-05,-0.17489737968933,-44251.712522202,-464253.82670998,394428.05586426
2.994722329541603,2.4756756763125867,0.26138231397652145,4.8513520603613,-38.88897872701484,44820801.9473243,65467624.52412276,0.4656779798183419,3374.0342986481096,2.6815549829426e-05,-0.25645663042232,20051.298131723,-37056.376338172,321736.29519839,-0.0001232705135339,-0.25636666356682,-69789.399213302,-54478.747707695,425570.59855879,-4.9943616463574e-05,-0.25632558579815,94047.795134357,-615990.51610602,634571.41142254,-4.6511789986577e-05,-0.25650533375113,101196.65250836,-612074.95747777,636511.53642155
2.144194503798058,2.8163505608618484,0.27154819941340597,3.5302905996541885,-27.188167087096684,53227217.44200002,122621240.38160612,0.5405863328639724,44854.32799948674,-1.0002829971666e-05,-0.11302677343981,-1796347.1696224,-154711.34839238,1538131.6542401,-4.6945971846986e-06,-0.11266396488722,-2196565.0405606,-198434.00205242,1874473.29698,-8.6334023694538e-06,-0.11286350312871,-36726.185800959,-1134038.1946983,1013170.6218305,-6.0224377651659e-06,-0.112859576032,-36807.305125884,-1133508.095173,1012626.9116796
2.5129497401482546,2.335470701312793,0.3558615289784627,2.0533279325651344,-26.328813468792944,75042969.36727661,59772463.65835832,0.5861761076082578,43125.804088556884,1.1714351125274e-06,-0.078266376808391,-800041.65205068,-104531.4025288,660655.26028018,2.1307508142283e-06,-0.07803332667937,-916501.22805608,-137628.48199653,744996.87488224,-4.123085363864e-05,-0.078156838764962,-27081.717002001,-226277.63767108,188666.91246882,4.4519701730722e-05,-0.078155713456783,-27322.030047055,-225647.29142632,187893.77217041
2.697757075465671,2.113652623510429,0.2438164068366041,3.4736211943384334,-30.175250298578217,44458722.18652868,124200410.98541439,0.5082584000503192,12097.65170803285,5.3291731582932e-06,-0.15614515600703,-2686255.3295351,-71874.160892725,2414023.4567074,4.3219120367326e-06,-0.15513102271491,-2886005.0403541,-87706.637485362,2586062.9896175,-0.0001932434259745,-0.15565232618083,-42766.10635631,798825.16337335,763325.22754386,0.0002030471308917,-0.15565358517641,-42783.716896371,800192.81710353,764591.30986572
2.7463461200199966,2.9772832898910044,0.23419221266299306,3.646871236329514,-25.51153077226205,13566796.76785554,101264046.34039259,0.46057860924781946,66608.96212476799,-7.2740024644954e-06,-0.41456606689986,-5746414.5934581,-244632.26836993,5092448.8243051,-1.5062371602042e-06,-0.41218090414195,-6656294.3500721,-257387.83521929,5917127.9876562,-0.0003702972943056,-0.4134565451551,-65114.927192685,-1077153.7305088,941479.46808148,0.0003617668692916,-0.41345030374788,-65313.507600914,-1075602.556991,939906.60807451
2.768275950565607,1.9166080927836944,0.18891040042692295,1.70780141056402,-33.13744786798527,59258751.85534134,137712983.66549245,0.5867978622780137,8577.88327995649,7.8011420145367e-07,-0.14397143379322,-2857036.6754349,7063.2620012593,2623863.2836863,2.6952615638309e-06,-0.1427116857634,-2856895.4370219,-116.27611809212,2618570.1674909,-0.0002167142385599,-0.14334800843751,-40424.012405669,951630.34677898,901667.49550719,0.0002201186076363,-0.14334662909777,-40201.283445572,951504.20079208,901356.6215601
1.8321265783486744,2.276567562198395,0.2321680505032545,3.2576402821242123,-23.005714949079508,15038789.380863067,78634805.09814277,0.5409453297504477,42667.58152823196,4.0015007955634e-06,-0.28908079543309,-1708946.3414212,-132886.12335521,1472801.8111291,1.2570753302003e-06,-0.28876178373378,-2108300.6591285,-172761.37971624,1810894.1803133,-2.0042231465318e-05,-0.28893482939196,-46920.178202312,-887438.46841033,780142.63611945,2.5339476262293e-05,-0.28893685301049,-46915.202871479,-886973.18570717,779721.65314868
2.948685576821215,1.8316232220313444,0.2049243569245384,1.8046025190050288,-28.893933963523388,32767894.456045836,57815299.903290756,0.5177913850861169,72434.66476571195,2.5156915464303e-06,-0.23479193166047,-5781001.1467278,-220890.04628143,5141299.6773988,-2.8743293065349e-06,-0.23162836185774,-6035992.6855303,-240911.95762884,5360815.8866736,-0.0004792671833134,-0.23323777121712,-11811.602029223,1997228.1593329,1839178.9118328,0.0004788961066723,-0.23324547131318,-11916.664582691,1997073.0693314,1839112.9875804
1.823942546759302,2.6472197743605586,0.3625097826603699,4.435510388870574,-31.415516999316417,65962945.80522823,112506533.78449106,0.6052252197512529,64978.63719109006,-9.773017717344e-05,-0.12726541984909,-80774.873964958,-234078.1399096,167272.95577776,4.2466590191338e-06,-0.12721960166946,-176585.67127391,-256385.16994015,153468.63882449,-4.66021310395e-05,-0.12727805383373,4938.3540080953,-610347.74549549,563159.40075356,-4.6821228661496e-05,-0.12720812064784,6880.6129697883,-606794.6672346,561301.51539644
1.8865356829109805,2.379987119747601,0.3481336937802667,2.5280211898984333,-36.034141140610046,18590399.63039278,118326742.42128475,0.4477624758791524,82869.86522818102,1.7851314317659e-05,-0.65564424216198,-608620.53238075,-163590.27354085,449683.14129734,2.7540821248873e-06,-0.65554227815733,-726294.21539674,-205917.16733643,530392.16239167,2.2934768181866e-05,-0.65559098927913,-69583.249605922,-798773.73781678,683317.52873779,-2.3009970080372e-06,-0.65560314302272,-69565.874724016,-798308.7451301,682891.2312874
2.0034607568956107,2.9061106870619016,0.32000570457858085,2.8434009067708295,-23.69717171508926,14682941.248817254,88899361.16871192,0.44989259875538296,68111.74985276557,8.4745665635572e-06,-0.34604262336629,-701784.94700053,-162763.71028111,534057.26823746,1.1476198976315e-05,-0.34589954764962,-930551.92879202,-218234.28848581,706641.48247691,8.0407997415262e-05,-0.34598115475852,-38520.297707859,-1495060.0661958,1342871.5556428,-6.0499177903005e-05,-0.34598010271428,-38111.844716326,-1494615.4727004,1342750.3987811
2.0793245256678667,2.5663034567191874,0.26744118670083367,4.441758161435214,-23.32363911075507,53855314.272665046,52072048.616919175,0.48927898655928936,22317.928166549824,-0.0001138261071124,-0.07476868946748,-98975.884970815,-60081.765079738,58408.469954631,-2.6215987079168e-05,-0.074725909243888,-208934.34118408,-110226.86409229,128356.23154385,-6.9115353982848e-05,-0.074783660001684,9377.1317936792,-569175.40362379,529381.03820324,-7.1397301217261e-05,-0.074713511576099,8528.6189633759,-570301.27626077,529392.76691825
1.923214398892572,2.882654574600159,0.36469845761876285,4.046765053192258,-24.315010032411564,57158904.58619492,83104627.43075979,0.5287446394023867,72262.72400067936,-5.3738343849864e-05,-0.089421822103488,-111371.49716988,-251869.99370662,171006.00499376,-2.6147051464274e-05,-0.089366454807179,-193594.412118,-281786.4697533,172449.89916344,-3.9714801626549e-05,-0.089404365102793,-4092.1549917751,-688947.56689304,628488.39502215,-4.0406364492572e-05,-0.089386451367973,-4939.4950664976,-690922.24112939,629702.76813771
1.5389853406090794,1.6815173810340882,0.1550330686227446,2.744278385448363,-34.26769643926382,38660502.68373514,145064330.5337293,0.5941303268318567,6102.166232163406,-1.170007976026e-06,-0.2331573778087,-39318.626003933,-45700.04683402,40724.83395053,-3.7100073328245e-07,-0.23292365506168,-67253.669202893,-58043.133043609,53778.289787012,-5.326265053949e-05,-0.23304888457705,-18007.475675227,-417904.82189057,370678.95808406,5.180149418101e-05,-0.23304820009675,-17836.740070055,-418120.90744851,370966.26643806
1.66689831506857,2.655193866606689,0.24201718111826023,3.865763092800183,-39.32524419687238,70091060.6059867,120149942.41762884,0.6069343983801643,90470.56597044243,-4.0355371415206e-07,-0.19706996130457,-1587686.9360805,-158872.16266958,1343772.7345625,1.619286631659e-06,-0.19688212762598,-1983219.7575376,-188366.55897748,1685422.6580887,0.0001503098679021,-0.19698655671862,-29129.075639092,-2339593.9078815,2123443.5454498,-0.0001491766438007,-0.19698520106736,-29021.734959438,-2341117.4408099,2124837.5250717
2.6725297021855825,2.1978466014331905,0.38720664256693277,4.94831963969062,-26.979610295096244,18070702.704955913,97777266.06155288,0.5785246471258897,38986.78494666051,0.0002484849745071,-0.3159968355247,-89444.886071415,-111738.36310615,63368.053914385,-4.2560355472804e-05,-0.31596070319471,-170180.61664158,-158691.66781355,99180.947776034,0.0001035429394467,-0.31580295418345,28863.779628012,-666809.04823436,632396.7169314,0.0001024300200076,-0.31615679790174,35763.297898207,-667675.4971578,638220.85208572
1.818575759274034,2.157133134301045,0.300505213110393,3.7213733638698523,-29.430483035889726,16347404.51394856,95787927.01163137,0.4632598671538227,59606.380825319415,1.0594844700931e-05,-0.46463990529728,-1345676.2358294,-131809.89902454,1140890.2227112,1.780530102502e-05,-0.46448507043932,-1599124.2145687,-167375.99040588,1348464.2197519,9.8479168493861e-06,-0.46457097420011,-55315.65957524,-825610.05312403,717798.29306955,1.8571063419806e-05,-0.46456498758156,-55288.708869473,-825054.09015123,717303.8500114
2.4087439230515155,2.236674515910317,0.24957577660812919,1.451060709356626,-34.9943950157765,68122806.64509198,148252064.56968808,0.47202651200866835,17276.219974479278,4.882795170184e-06,-0.14595609031127,-1488638.6838096,-32501.315337062,1341094.498811,4.2030910137879e-06,-0.14556483123275,-1785246.6398681,-53639.880270541,1597883.2340927,-7.4581815192682e-05,-0.14577615674456,-12977.573305673,15134.064692357,26788.031264697,8.3790675748482e-05,-0.14577678676941,-12697.053487766,16726.799445743,25726.999044572
1.7025888839129282,2.2898115090756286,0.2433526243503113,3.744282084079268,-29.95865592852607,61359975.057172,56047242.095204294,0.5132327972241324,92339.78992640915,1.0505947169859e-06,-0.13523890255883,-2053029.3084227,-141437.65514747,1781586.466843,1.1200091500974e-06,-0.13499297682762,-2347939.5623614,-166896.72396426,2033939.238226,4.1818616304286e-05,-0.13512310705485,-76705.525496884,-1595136.7174041,1407444.4269528,-3.963003040063e-05,-0.1351236675121,-76769.02214093,-1594641.4849315,1406972.167269
2.8610430213231686,2.763962380505511,0.28833286989318707,1.8140462970360294,-21.222272458526966,50077616.86226406,90303010.57052264,0.4601538661393214,53650.20555290634,8.1814565593886e-07,-0.079380096425572,-2912178.1368119,-51552.152652442,2632116.7373484,2.3250564617791e-07,-0.07847951235255,-3475711.1774214,-79278.523796447,3128802.5840479,-0.000153771279384,-0.078965083218005,-46634.103163268,-224252.60480068,174177.29744825,0.0001549773184144,-0.07896564260039,-44567.612096636,-224005.15105221,175549.99921612
1.5210499012371597,2.9504046406703806,0.3627315856179256,3.6353729581149214,-22.541068510455496,36891401.33229668,147628130.85486823,0.5053413538099428,27628.822278500455,-2.0834826040899e-05,-0.10546994127663,28975.198252264,-105712.29589463,118893.03709902,-2.4600812610968e-07,-0.10544858392229,-161261.9480703,-161650.75149168,96874.446757292,4.7265827271904e-05,-0.10546755540313,-26464.58840452,-955830.22219332,857235.3216262,-6.8380824761955e-05,-0.10545730477295,-30956.323277947,-961345.5110535,859080.40453776
2.300551190069582,2.356485489387289,0.2646384317408681,2.505596870871917,-30.48747310832197,31780760.49227879,74027924.90599035,0.6095590598114271,39454.7069164011,1.915488788945e-06,-0.2416105254392,-2042665.8270599,-28290.658282096,1851830.9748127,-2.4183008031038e-07,-0.2411676355627,-2389807.5797654,-45839.714085048,2157441.3125185,-8.4509468554056e-05,-0.24140268523448,-21000.798412682,-374539.72255246,328757.83786432,8.625700173291e-05,-0.2414047472614,-20989.01531389,-373937.27298365,328221.38637161
1.7378910981868323,2.3931425257991634,0.20329676493550441,4.848203342911443,-37.23220815617397,69807992.54835829,103396704.97109154,0.5591845294428245,62464.100442761315,-6.3090475088611e-06,-0.16680571758282,-124638.7304814,-294363.27205406,213779.44564671,2.5865223335615e-05,-0.16673770953783,-274084.12305514,-298635.45192805,200140.46630195,1.2030848862187e-05,-0.16678395382093,18106.304621022,-934131.69711732,869320.90958272,7.5541455281777e-06,-0.16676014979846,19848.374627902,-932347.63865975,868957.81890834
2.0199892142094957,1.9528252244765865,0.3615788388035311,4.146972332483902,-20.168678307302454,22729640.125327364,112691700.18743695,0.4584827871769544,26239.829537199876,0.0001300393439343,-0.13741028337837,-36471.734986617,-174964.06493764,138405.73505694,1.3995600485799e-06,-0.13738956150824,-71624.415629642,-181141.63818725,128418.51425224,6.6067496871349e-05,-0.13733335921053,-54518.406733521,-318077.64588775,277365.55690457,6.5378884103508e-05,-0.13746658683322,-51800.120356402,-322022.09512821,283072.94649602
2.4350246751602755,1.7448887624780032,0.17023384307673906,2.7463985853038437,-32.87382478840219,11780286.714510094,81294448.37632541,0.4831454155895998,10207.092922491109,-5.917114489741e-07,-0.71155007052795,-4101531.9108791,425373.33321917,4072582.2381769,-7.9228056864151e-07,-0.70999302249993,-4603358.1334929,466662.13748318,4562776.786186,-0.0002963206042262,-0.7108083357527,165814.80556042,260314.44018717,308229.53721965,0.000294942807802,-0.7108086273857,165663.50812934,260332.15464684,308255.80615404
2.947705969611861,2.5252929751718813,0.35079543855386386,3.9599321351775076,-30.391291172412465,63540305.12656166,93068429.58013211,0.44606626759547613,45542.93056939251,3.9159561617735e-06,-0.12264655813629,-2429530.0567956,-127176.39836846,2136397.9034394,-5.0367466775271e-06,-0.12193866730061,-2641024.7395051,-155327.26674935,2310519.1537899,-0.000129567064388,-0.12229988594405,-52640.554431564,72776.073832683,108795.18516298,0.0001281676128706,-0.12230895734523,-52179.930274706,72441.354155218,109401.71280361
2.5418181521295264,2.4309773675332718,0.19731267361058727,4.636314290336044,-37.955060610395435,57656420.40188637,99546721.33001466,0.4978830028982649,83880.65915943941,0.0001739591110201,-0.22081340039531,-83120.236874556,-79351.855095677,757610.4216972,-0.0001662062697441,-0.22061588117984,-245021.62464304,-99815.821689448,920878.89825227,-2.1163368374517e-05,-0.22054287711277,63306.403398052,-1497429.7013713,1515773.9545304,2.9579205887173e-05,-0.22089627835313,64537.206661377,-1479789.4589947,1506906.5890726
2.6931701161196506,1.8777051691441022,0.17948876987320864,2.674327121340917,-27.656203779650653,49765186.6291595,133431559.88477705,0.5100834266943495,81882.88625776253,-4.4740310115636e-06,-0.14441543169332,-2942950.9940572,-588597.90655456,2442374.9927647,-2.2832891754605e-06,-0.14130362851468,-2953919.5915204,-596575.02941782,2448064.1971394,-0.0005111479937022,-0.14286369107962,89811.419160568,-335724.38078016,376182.00110218,0.000504370148818,-0.14286416090779,89638.24749318,-335641.73413035,376368.18802034
2.649968270906402,2.3648675556819456,0.1750381015513724,1.6325645742502282,-24.78500861179439,77400145.11344296,107905250.6258391,0.5738891667153394,77119.28514934833,-1.1454300145345e-07,-0.075568575187878,-4525653.6999067,-119544.98048599,4062389.7546263,-5.4165041006424e-07,-0.072999994463637,-4679363.452595,-128074.23411298,4197107.3649268,-0.000318831762989,-0.074313192975041,-54194.180430613,-904326.96358294,790463.52529808,0.0003181293186333,-0.074312572986859,-53945.356570559,-903401.62589683,789786.72868814
2.696215026296498,2.962141494364798,0.3955732275375853,4.953309997406981,-24.735799304913783,14493426.445433669,134017411.55580157,0.568930890287255,79773.69511626242,-0.0001601228192019,-0.35648171493752,-194128.35715571,-112317.30755989,116069.27860212,-4.2843313752464e-05,-0.3564092730048,-313098.52676452,-174282.72955211,189292.84236264,-9.7599027452131e-05,-0.35650096632951,-7406.7470264627,-965890.58436186,880003.43467667,-0.0001053391968896,-0.35639446622504,-6734.4891165089,-958771.41101656,873940.62591092
1.5818498946931117,2.3517701137577323,0.38736369881765,1.623978382767149,-26.76818003486677,16924389.129521962,106700953.03634962,0.45291746939645255,1113.327081035311,2.2125533564849e-05,-0.32738132944323,-107255.61054715,-38066.181372227,74111.947464117,4.1768549942918e-06,-0.32736524441907,-195146.72573767,-81348.568159154,128929.88135468,1.5023540956453e-05,-0.32736893640667,-11236.515996163,-206576.26936223,181741.68995732,1.1306678712214e-05,-0.32738094065369,-11403.016625754,-205718.54689881,180791.99976804
2.193277472383966,1.6247142373565915,0.36527756501781494,1.639981254136933,-34.56951206986262,72850435.16742212,81987543.35743243,0.4439506303940005,68562.99369523585,-2.0015599720393e-06,-0.15433447454567,-949979.05622972,-109066.98513813,794597.40294287,1.2909954143078e-08,-0.15419979153374,-1014799.7899955,-134642.60323112,836617.96669951,-2.0676629348974e-05,-0.15427059175509,-52340.654253961,51726.345076416,90209.214965741,1.8665580456411e-05,-0.15426784596217,-52903.151767416,50962.871494727,90058.114193755
2.0996776550850593,1.6158815609902946,0.3003384117796175,3.2093959525311755,-23.320925694713065,25815259.23430398,109113168.11608073,0.4819760691406578,17003.07513400384,-1.2719592221373e-05,-0.16414406044131,-1024129.5217338,-86264.688708943,878046.66160462,-6.5320742084136e-06,-0.16396340973281,-1131427.5534987,-108155.82161947,961233.22392595,-4.2584076852678e-05,-0.16406086718171,-33249.033311789,224209.77257834,230208.05296248,2.3284887573406e-05,-0.16405299985948,-33290.144621473,222717.97574567,229056.89452378
2.7295453514074803,1.9031974297446674,0.16674447950098317,3.879499042919457,-28.93154593235813,18663540.688903593,131183269.31293704,0.5091649008635467,69540.95107129388,-3.7317933595016e-06,-0.39425492353133,-9522781.0541598,-246981.62284924,8551088.8215151,-5.2629827949816e-06,-0.38816362595582,-9847187.1354115,-262394.2086059,8837413.7833285,-0.0010464444295311,-0.39125081869746,-68179.412469315,4149526.0057328,3853112.1075383,0.0010373928874525,-0.39125410256328,-180759.28803696,4112844.2818579,3901022.2146691
2.3625976047909827,2.0963813219566827,0.3056088461613599,3.3174742563340835,-31.08761322491604,61275063.97989854,102595021.90633158,0.5880971405314819,43073.99847144574,9.2430087246816e-06,-0.13077405195243,-2008111.5201974,-86999.26624941,1778501.4520246,5.4768760499562e-06,-0.13039626445943,-2193410.2820064,-108877.66057259,1932877.3214996,-6.4338250568113e-05,-0.13058973409662,-36250.764639056,-30360.541651861,20696.236506607,7.9218996443301e-05,-0.13059343799911,-36099.668365596,-27321.446949252,20534.509315031
2.9547728190647424,2.4485396775605155,0.20024245475056102,1.01159793064311,-20.940175124454143,10218135.106814774,144068293.2564569,0.4858902075474152,19216.720462076963,-6.9200857798042e-08,-0.33575376619627,-3309825.7133896,-28288.645546194,3013176.908675,-1.4573950556296e-06,-0.33390750869896,-4783230.6548541,-29334.483104163,4362813.7995973,-0.000355866395631,-0.33497383922582,-5085.0728655696,532656.44705744,495738.91079661,0.0003543592335004,-0.33497525585769,-10614.972728501,511301.0794844,477780.18786042
2.562683695591833,2.1215606137221945,0.26327419637084637,2.5189479898282787,-38.73083545968412,73498295.76548113,124726839.99214776,0.6078927808290079,99795.25877936995,-1.1806070330306e-06,-0.18987643052587,-3790590.4232009,132970.04653459,3570683.671937,-1.0229611576232e-07,-0.18887440724093,-4005849.7776999,127931.77625084,3764246.9082688,-0.0001755512622727,-0.1893876615486,-89920.437803785,178454.62420251,234130.80866741,0.0001742557721343,-0.18938643130081,-89907.195995894,178193.68578337,233887.0591055
2.8769901195888474,1.6977119435686019,0.32311554531498493,4.17319941109292,-38.28910422954931,69115237.05024627,117409409.71286842,0.480338275528658,66053.84873596179,0.0001401411186391,-0.18653633618221,26382.324658138,-47100.120974971,304236.77912472,-1.4214020679666e-05,-0.18647484080294,-38134.75160177,-55819.384117617,318862.04340964,6.2621768947724e-05,-0.18637539250692,-166897.12187891,-480873.07692766,451839.500586,6.3206504201577e-05,-0.18663756880219,-169510.04415819,-491854.27185142,466144.26908357
2.5386062569294117,1.741956101996189,0.2549531092078122,1.3542550867215986,-36.75764645904795,13423780.636638287,103587082.85922794,0.4578305671099037,22888.058789362465,-1.1726901792327e-06,-0.83051678024241,-1580730.2892674,-49287.974335125,1415195.8191627,-2.9711931805754e-06,-0.8300113864342,-1864115.5673539,-76192.619033492,1656100.0714454,-8.8827706103219e-05,-0.83028036725616,-13231.677154439,547922.96604643,511971.73596594,8.4701893813022e-05,-0.83028272373861,-13496.777315254,545638.58795166,511457.54691477
2.1915065666154274,2.491391493571565,0.2935330954652409,3.6555578630820773,-36.243115500450095,67809219.6431252,85619168.31974941,0.5633513261377006,85382.87866746577,1.6386765736368e-05,-0.17303339305894,-2239625.8240996,-183191.1030239,1923552.209003,-5.8514344833528e-07,-0.17260627072258,-2496046.3326534,-216215.79860505,2135500.0672103,-3.5053326993023e-05,-0.1728230994397,-64998.063164998,-967899.41275986,841138.46465463,5.0926403783877e-05,-0.17283586789052,-64570.219084173,-967811.64680935,841354.70195792
1.855084600061939,2.550436465861111,0.3407390740572453,1.007433636784944,-23.23633227726627,12232763.858766094,65076778.8578559,0.5152572112956059,48202.92880863265,-2.1677641652979e-05,-0.38696502418835,-366875.42190412,-64262.803093284,292249.95561356,-1.2330622196484e-05,-0.3869137501051,-677784.14897879,-116831.58407597,541136.016329,6.8229551076557e-06,-0.38694940384155,-33019.645327957,-718719.500645,635584.99773492,-4.0889659968771e-05,-0.38694276408953,-33139.081798515,-719687.8369053,636385.4644695
2.2648382787296795,1.5387254817034557,0.3070218889820214,1.7303464531984734,-38.99268557600542,38536117.96096562,132548345.20599402,0.530835821112207,61378.69324826669,-1.6644502274203e-06,-0.34479901688515,-1658596.3465071,-89910.970403745,1456336.5739885,-4.2187146510058e-06,-0.34452923422052,-1777556.678993,-100560.59101109,1557791.3004572,-4.5029498195252e-05,-0.34466620061757,-39138.683403482,297389.51115512,301581.23648359,3.9147127761095e-05,-0.344669744784,-30646.04919862,328486.92527003,324656.06573041
2.3875698135732355,2.9634690525937115,0.3727597235052367,1.675609495379275,-35.68323841634802,28548043.304194525,86996108.12208468,0.5945676779607892,62770.161986649044,-3.7311739117866e-06,-0.38705325832599,-966367.60689274,-104406.78707286,812663.86050108,5.4441824090226e-06,-0.38686826235772,-1337259.8159454,-163171.70755838,1112006.5495281,4.9575826047722e-06,-0.38697707297971,-40124.023333221,-796605.96186649,701814.84085159,-3.5470375169313e-06,-0.38697031372978,-42129.459445874,-803129.24016456,706336.77034376
2.4961590086663907,1.58605507596298,0.29130339171097297,3.8530916635018455,-33.050158312457015,27706641.609792892,96757345.00767428,0.5140685447610964,39104.39921120856,-1.061911965571e-05,-0.3234990838688,-2247322.5449849,-141122.89596109,1959751.5335945,-5.9864057343682e-06,-0.32294362272897,-2377314.4352532,-161383.89452517,2064696.7499358,-9.5582300041786e-05,-0.3232304472108,-33130.301639811,796226.23733401,753845.24019595,7.8920885205578e-05,-0.32322327926922,-33477.706701696,794999.31464461,753001.89090376
1.6406886852699563,2.7956364890591976,0.25064733714089354,2.2443965658403933,-33.072092293236494,44613490.21262659,84713339.39182946,0.5793577840112958,31876.842283497277,1.1218925914762e-05,-0.19900386356129,-542450.12603295,-57742.187665414,456757.17733983,6.6892613805667e-06,-0.19892709825127,-889390.85508879,-84820.586160861,755591.20604634,7.794088706014e-05,-0.19897254965081,-6661.954487489,-1059856.8103169,966665.64779406,-5.9720198686248e-05,-0.19897522283584,-6717.9330647932,-1057522.611491,964489.06846367
2.5509275422850277,1.79344668016698,0.38628017659931807,2.0121560377034284,-29.266189826082346,77043545.4175873,54506835.43690954,0.5800365755624481,26576.256973575175,1.0928425061865e-06,-0.090823982957688,-565237.41400967,-80887.985431922,462080.95461754,-4.0252380807169e-08,-0.090679246820427,-604210.64528238,-104715.77621446,482030.347106,-2.3807445635616e-05,-0.090752700586053,-31609.259105454,206280.93490189,212579.95216149,2.4865725768047e-05,-0.090754256633765,-31649.360994664,206560.92631704,212891.12316126
1.815557333089662,2.1057632119372327,0.3839159415243675,1.876591342015291,-29.7304422833028,78424444.47700302,98585201.31032082,0.5531773450308569,35537.34891426138,1.3739351184952e-05,-0.094314079220048,-403711.25587401,-74388.212719348,319240.2406536,2.2216814413727e-06,-0.094271654148178,-501286.72019027,-107799.41658294,386674.76668644,5.5854997494807e-06,-0.094289626581692,-26516.64294516,-301862.82717598,258060.36913905,1.0416789990358e-05,-0.094299490059579,-26250.937879356,-300774.4103851,257231.99016079
2.731979326634687,1.8992427554604325,0.15479665401426526,2.3867095584979774,-30.035714176537915,54887263.8350267,91716555.31396598,0.4935206865992532,58733.82543506646,1.7675243757306e-06,-0.14661353185258,-6294902.6202846,-2460.2105263926,5767605.2721249,4.0027173621227e-07,-0.14339922741015,-6182696.9885544,-6613.5036676649,5661777.1897783,-0.0004979896446064,-0.14499906575256,-34917.013926653,-1176191.3543628,1053938.5349674,0.0004999521193699,-0.14500055122754,-34991.360516519,-1176842.682376,1054711.1647287
2.811179003576709,1.855012705317313,0.26866369758067243,2.867754853430946,-31.89414882411827,43204563.54468611,60060925.2253995,0.4955365373925947,64808.38616628167,-4.5905292245646e-06,-0.20939813604049,-2268690.6191773,-181450.96878786,1990258.8864562,-2.4721012836047e-06,-0.20823539825682,-2354825.2582762,-199888.34458169,2057738.6729099,-0.0001934168278938,-0.20882658370883,-4001.3834120787,402953.8025819,417663.51291176,0.0001864169515341,-0.20882368743862,-4246.9385282169,400660.82083939,420178.67446632
1.6066571225675368,1.9472011707223875,0.23937066252440437,3.1652965490022966,-26.01526351009755,76719494.29524668,140686469.3199239,0.5146136616819637,20041.77864557809,-9.8667124773218e-06,-0.069060118732821,-972389.24796075,-69524.654401361,842066.57631193,-3.5359946869415e-06,-0.068944351280294,-1156484.0725635,-91484.555339419,995407.66898399,-1.9569947302297e-05,-0.06900855366221,-26124.034284144,-425783.63129117,371744.75080866,6.0333933478694e-06,-0.069003909493036,-26030.85832799,-426537.28985742,372516.24450646
1.8972821375801547,1.5039265838012994,0.26309822069229183,1.6705631128791114,-34.51307073710858,76931550.31630439,139447516.5116161,0.4537844953704045,39482.38676876918,-9.0185094385475e-07,-0.13544150985195,-1003577.2752751,-78193.566508766,865702.27610501,-1.9272230494431e-06,-0.1352807405091,-1074106.8334696,-97713.834756315,916912.59444737,-2.8804850391813e-05,-0.13536294013034,-35121.918795164,87667.099734155,107559.80322501,2.6009456314656e-05,-0.13536405236126,-36256.384309614,90773.52031336,111255.57982051
2.249102959430749,2.9126858382142213,0.25888919310985387,3.031711625932021,-24.002088779727526,48144172.66705885,78324855.63980311,0.5977041539311535,38057.981904408945,-4.6624444606908e-06,-0.095650397119734,-1886663.3129779,-125672.49705002,1640225.7997279,-1.2887187586697e-06,-0.095174840047754,-2389931.1994134,-192499.84545939,2054687.448584,-3.5484722290152e-05,-0.095437049280498,-31586.803715139,-972377.103532,868772.9440784,2.9533166722211e-05,-0.095434731221832,-31532.00579136,-972148.23595883,868602.89622228
2.1621606568143017,2.621791049488174,0.29514297147210855,3.0491325246820895,-32.75115713174845,58057369.708179414,92590258.9898132,0.5329030856428383,96920.35942733016,-5.3043882282874e-06,-0.17160211181874,-2475815.4340668,-150429.59678699,2162484.0880415,-6.5205182638141e-07,-0.17120759134938,-2795222.8514203,-182132.93571511,2432905.9005256,-1.4738189651074e-05,-0.17141672593693,-61797.217734545,-1314230.6359005,1160612.7755199,8.8835177090895e-06,-0.17141394764209,-61718.811391972,-1313253.6553799,1159774.6770252
2.5963931269955074,2.837896493209656,0.303240438067443,1.4850507519161569,-35.95638930996212,49893921.76252106,139978745.55225584,0.4732695273174935,37214.614876322135,5.2369941420464e-06,-0.21844985623585,-1423273.24204,-80387.901417613,1247395.5291275,1.4438107210024e-06,-0.21804708212797,-1878235.8127958,-125064.07578,1632912.4661434,-5.6338245615476e-05,-0.21827187088488,-28524.107659785,-407882.22507458,353941.22930947,6.3089598056816e-05,-0.21827528151648,-28439.531710634,-406207.13765175,352412.31771301
2.366141917983133,2.8656023874415886,0.3670346096655417,3.3503734529257807,-37.83136716362363,27390398.37624121,126588447.767844,0.5101884064910265,72528.36497702083,3.6791633394029e-05,-0.45490803130964,-1695432.6491487,-136858.05724794,1457418.5124894,1.0953660286494e-05,-0.4546379213236,-2019165.5704385,-185016.32402945,1720712.997691,1.4115171086133e-05,-0.454772058916,-57713.32078871,-966356.04301722,844922.8860747,3.3849997903746e-05,-0.45479332275012,-57567.471888269,-966451.14503161,845083.77453703
2.6910150229426564,2.08763576041233,0.18769154932867585,4.873763852698517,-20.66453897254674,29920055.027866505,139343742.83805615,0.45045008065885095,91399.79647400035,-0.0002911289633299,-0.128417833181,-53049.204987784,-65999.094954627,729008.52296705,-0.0001436624332629,-0.12822426585175,-230910.03983029,-84540.504341803,916934.80582682,-0.0002158111657832,-0.12842163155428,189110.17630776,-1602701.104018,1608719.5804338,-0.0002188319908149,-0.12823224679049,185263.39157123,-1598075.4261689,1601556.2812615
2.7698158129973702,1.794544668038455,0.3394710187402047,4.579979187877938,-30.47577481348082,68800525.4967924,81664675.7933835,0.4944739227996897,5356.673986257857,9.6131485596318e-06,-0.10064833234698,57053.761517969,-29183.870615198,185907.69742046,1.4941648324635e-05,-0.10061288367294,3505.6474902168,-42267.644965558,215079.77423343,1.0759779310356e-05,-0.10063626993097,-75352.601646935,-248618.76113774,242164.47781826,1.3808197309848e-05,-0.10062802744543,-75133.771577867,-248907.26367897,242288.70145466
2.2566653608880607,2.935925762691852,0.32935031007668225,2.216983232571425,-34.75020288578578,18223706.562909283,148650963.48272002,0.5426305245712437,48401.1568566061,-1.0441896553983e-05,-0.55300478152707,-1157133.4088055,-68713.073697282,1011798.9366601,-9.7456638534307e-06,-0.55280389446415,-1566230.9457964,-105146.49927989,1361062.4777826,-2.8798244164829e-06,-0.55291811127703,-31293.220377514,-869304.04482995,774688.48220007,-1.7416389870122e-05,-0.55291752749798,-31354.690380906,-870491.63480656,775791.70069547
2.5792620731164524,2.312297879157103,0.2785269132036336,1.3779379630521027,-27.149607289080045,17023297.14870832,97507578.25555976,0.5981286403394753,54011.0312857024,3.3475484585356e-07,-0.37856179294432,-2070838.8744155,-105244.16832037,1823269.2227185,-5.1785327206311e-07,-0.37792936831377,-2585256.3817062,-145517.19880791,2266569.017055,-0.0001147389525554,-0.37827501659355,-43638.519828645,53252.906633312,85740.337532842,0.0001143194752629,-0.37827663733407,-43946.55217934,50939.338239792,83948.396640384
2.7591014495609283,1.8639861008347247,0.15351486647687315,1.6725725706018686,-35.22752347879328,52116897.20583569,96066362.01254797,0.5299281404180236,36440.77009712699,1.8302940877424e-06,-0.19878774185416,-5459925.6112939,-35362.120393776,4978680.6084801,2.0222007871082e-06,-0.19578227730996,-5240663.0385987,-37267.738573912,4776357.1879216,-0.0004478801164005,-0.19727141639182,-65696.66639795,1179711.1698004,1129187.5989873,0.0004516742586588,-0.1972743378353,-65751.924767418,1178935.5930613,1128499.4290342
2.860192982631944,1.7995470749920415,0.16130903207472122,2.1735521867356105,-23.109255622198425,63777773.58406779,112794959.95031182,0.5283005024219806,54429.11825062666,2.159358798389e-06,-0.075421214910079,-66709.684107434,-13971.762315198,145504.2929299,3.4451420834583e-07,-0.072454625564336,-40317.196567718,-16156.601509665,133459.65711795,-0.0004292901858939,-0.073917916551939,-9293.4127796565,1321550.4466863,1217925.8028219,0.0004316265406907,-0.073919668935865,-9428.4417428807,1320368.046086,1216956.1748983
2.7810023939388944,2.209633255900049,0.3470067177339896,3.7874490240878043,-22.232352353449592,47909388.422659956,80793905.00671166,0.489839284902623,63255.71048017803,1.1607633664924e-05,-0.08899075154945,-2496731.5707611,-142176.24561686,2187435.7606429,1.7566258863918e-05,-0.088353647486771,-2661607.4871699,-168050.17855115,2320386.4667667,-9.9418246634571e-05,-0.088683558561855,-62917.267266419,380436.11815052,395857.70264096,0.0001287355936358,-0.088676638794984,-62560.723150495,383130.57510516,397796.58903386
1.9913312104595824,2.265636505199048,0.15061575376199626,3.4096419601140244,-37.465189777149945,43460217.442032024,138141761.39209706,0.47669481524928986,32749.83043930827,-6.8135818598528e-06,-0.26601926671372,-3571866.2177665,-155634.18651556,3162989.3941475,-5.5318071977541e-06,-0.26463414969853,-3997745.6116024,-187469.55155438,3530703.077311,-0.00016234582748,-0.2653644099374,-31166.454827773,-1261823.833773,1134257.2153208,0.0001502683558043,-0.26536439666626,-31189.96040383,-1259779.8224341,1132326.8299662
2.3668538825439187,2.5012717927566612,0.21738152808790798,4.819509955978392,-24.451206586206993,58202062.791861676,70778048.3924425,0.5049501675631813,30897.630906195023,-9.5086659214764e-05,-0.076864493457835,-112013.2402306,-82042.705572375,63742.240462118,-0.0001591733933254,-0.076801683197704,-273529.0758023,-124241.84405527,176182.12905457,-0.0001268741298585,-0.076804831213768,13197.272058503,-840432.25335713,783376.87493274,-0.0001265134478275,-0.076863826670386,16400.787367811,-840020.00490452,787475.36425034
2.1360642227780624,2.0024313568213046,0.2679629560914438,1.1677617689684354,-33.90154247919952,50323464.77610577,146737780.98206788,0.5609885270103185,78132.29957454065,-2.4359527729645e-07,-0.21020630690471,-1697724.6963751,-121943.6754492,1469901.8634367,3.9802250940507e-06,-0.20985787410332,-2033945.7841221,-163056.00081389,1749283.0484601,-5.0891578505184e-05,-0.21004793349654,-55696.28480846,-311285.90487202,247821.19718107,5.4464978263126e-05,-0.21004340364948,-55349.005992621,-313410.86500956,249797.69539756
2.3686986755354744,1.7316778896862823,0.2142727059123485,4.17676973396253,-36.6926714325925,15180617.912410654,99468502.43108234,0.4589036963892414,33859.76793208667,1.1623827727032e-05,-0.73189749016194,-86160.562169038,-61465.55971634,49186.257965967,1.0791085935844e-05,-0.73186251961306,-160797.92381698,-94051.486070007,95905.9738076,1.3891231926679e-05,-0.73187965533039,-69959.16229642,-665396.69848057,611658.25003231,8.5621548529094e-06,-0.73188108312505,-68788.374911736,-663247.29030599,608628.81199087
1.9107782117967682,2.8850926131282257,0.38789181007143947,1.6032343254384571,-32.297126749700055,77799661.2592893,73862117.48726471,0.6074869315482555,67084.90147913138,-4.1501068556087e-06,-0.11957322120747,-385274.9166298,-101413.02310191,285922.60598895,2.601745022442e-06,-0.11951890756608,-618481.13219696,-155791.0873805,463160.80619539,3.4804198755558e-05,-0.11955306322769,-42317.757437088,-843699.66270116,743315.10081925,-3.6363251429734e-05,-0.11954863760047,-41355.94554893,-835386.23142115,736299.3362142
1.7349413192193228,2.5241537827316685,0.3931461437866916,3.6808067552682635,-29.3519959554255,38383608.32888758,88713743.10581645,0.604250385120507,30832.41318315798,-2.5795947129436e-05,-0.17868208139499,-284875.59345044,-106880.49676357,193841.07639842,-1.172017369704e-05,-0.17864059570988,-429208.83337526,-152438.07903037,296478.96669796,-7.5533125652969e-06,-0.17866868253531,-33387.951367751,-590894.94143563,517972.60935886,-3.0024652324198e-05,-0.17865904610296,-33334.264680843,-592021.50375555,519018.10951606
2.788903454022485,1.6672336252130382,0.31758545733054,2.0704917016707443,-31.74720001500305,32594378.707790844,115455260.81296134,0.4380547905199429,15866.830923105934,2.39828686377e-06,-0.2542616635729,-1398598.5418983,-16199.613733448,1270204.389255,3.2718735309581e-06,-0.25391612343003,-1464138.4614817,-32390.555154569,1318708.3810559,-4.9863704537431e-05,-0.25409305605706,-42403.779887855,656789.31885071,632957.1396551,5.5523170512406e-05,-0.25409162310915,-42447.223551139,656434.17647766,632670.23964879
1.8205682475996694,2.5468910345546436,0.3105424908559331,1.7288080109251838,-25.356113281023458,68767741.92859477,108786246.86091334,0.45117856961226427,25091.58834976783,-5.3085085003162e-06,-0.077433466601092,-521490.29788615,-59840.730218109,436346.39755048,-6.0165557642e-06,-0.077365431925099,-736827.85475544,-96128.660401362,608774.32391964,2.7423370424709e-06,-0.077404211574832,-24626.880779731,-487691.6949183,429485.67962228,-1.4020181555968e-05,-0.077404670552628,-24781.53053998,-487129.27338021,429023.43773295
2.3358559876833804,1.8983107831761363,0.2451968225959359,1.552643200590867,-37.81769141810657,75738863.2486005,56877117.107949495,0.46282984928195475,68985.82804780446,-7.4701741586578e-08,-0.17368201651168,-2384568.8861139,-93177.191384344,2119460.4209992,3.1292959113236e-06,-0.17304026179546,-2614116.0654884,-116622.03657263,2313283.4060774,-0.0001062481804938,-0.17337600647534,-41186.863036669,38872.191012479,71649.646733598,0.0001091077079095,-0.17337241169378,-40747.52407832,37431.583755055,67746.086105742
2.140520648119999,1.8081268288056298,0.18629745853017243,2.2701326679049196,-24.95713725926627,49986831.14840124,126472828.67882316,0.6099202329645156,82302.49588986672,2.2986666618794e-06,-0.1190348317545,-4497992.4360741,143461.26132832,4226570.0133093,1.1008847460069e-06,-0.11790229906705,-4763471.8404113,143535.45085798,4469897.4843456,-0.0001997530809281,-0.11848212937226,-86385.140676344,171399.56662858,225085.82952648,0.0002031988564209,-0.11848345202784,-86383.306508229,171646.59836969,225307.93475826
2.305992716440186,2.485280386519583,0.380691112670383,3.020296861100605,-26.456128502549383,55578106.32485583,57086557.32443546,0.4885993600909355,92171.23085983888,-6.1146571190161e-06,-0.11991484918994,-1630033.3584702,-141512.50454497,1394387.7404105,5.4840582410731e-06,-0.11968436111018,-1822488.6142417,-178148.97751243,1545354.393832,-2.3076344204724e-05,-0.11980981413581,-67246.796395593,-688394.34374352,583809.21068534,2.2357968691642e-05,-0.11979939206787,-67379.780369185,-689447.68586115,584681.5172398
2.5718969326835124,2.0661873578902195,0.3590616032426578,2.3301833410102244,-39.033415333513325,72327419.2937786,121636776.60146324,0.5155130017400669,83181.97529236783,-6.4994246420902e-06,-0.19131861844806,-1914638.4699258,-86930.48426528,1692912.6479885,-4.1958771059779e-07,-0.19096712385919,-2059839.5532874,-112959.99335682,1807664.3076675,-6.3127061696338e-05,-0.1911514883825,-47020.756756668,-193189.84747756,145812.85834259,5.6166499849085e-05,-0.19114439268103,-47316.228602699,-193409.98342111,145967.02465293
1.5957407591406543,1.9067311132388118,0.23150904583862097,4.086006832152385,-22.27074631745664,70265858.05140328,58997226.111115664,0.5117858888206553,31714.893240014495,8.6212401224209e-05,-0.055367461980973,-20017.833096938,-220774.3757774,193017.45292803,4.5032218632618e-05,-0.055341066518895,-111322.96858538,-212209.79968517,144887.23884194,6.5966088936858e-05,-0.055337101806986,-47655.779789252,-411901.6192627,378044.82687847,6.5286182140041e-05,-0.055371567708802,-46063.887575775,-411721.40433986,380444.21653565
1.8614400151290367,2.1401022364930204,0.3560781547200974,1.9842469205316702,-39.172906014618995,59952926.70999737,108206197.18157409,0.5662088792765163,20985.483707840678,-2.8521702121682e-07,-0.20476919649003,-469187.85220592,-61078.898097107,387708.67701375,1.4034204543834e-06,-0.20471538924326,-587847.26876512,-92580.879687074,475166.30525751,-6.4741571020614e-06,-0.20474530034815,-19632.93005705,-225164.21912736,192609.74837779,7.5333588579195e-06,-0.20474385752982,-19604.50722706,-226137.43911125,193512.74882302
2.1953439975373596,1.6344222449164907,0.33257295300314227,1.1987519800012876,-23.09894314355569,66685787.65161839,59420357.90012174,0.5793198573964031,77240.959521684,4.076609956039e-07,-0.078459418976039,-1128482.490723,-105401.47044098,960231.16422501,2.5739508172545e-06,-0.078275145678268,-1275282.2556591,-138177.35347746,1072177.4135255,-2.6080173706525e-05,-0.078373366108915,-44779.171321568,17573.101145486,55356.020127497,2.9106971049148e-05,-0.078370232266361,-44787.517706379,17895.50141666,56282.915604938
2.3749068841496928,2.6049112165518298,0.15927937926018598,1.3938246278713557,-29.37453060342527,44276291.47663825,148040784.7301888,0.4531659390175988,38541.32250557218,-1.9637445000723e-06,-0.16754065615566,-4158939.7674964,3032.556112153,3814074.0724098,1.8621172585744e-06,-0.16587022007238,-5101916.2356791,-3110.4458625386,4673943.7374889,-0.0001631556256299,-0.16679361632278,-27185.938931781,-1143880.4056775,1028927.318697,0.0001628203361648,-0.16678998165421,-27187.265636941,-1145041.1098952,1029990.1744871
2.8553307725417967,1.849210846327468,0.2885364393795038,3.8206730658024877,-23.925251543597156,54102070.87620427,91860805.38793777,0.4781670931367491,27214.012855485853,-1.2177560515385e-05,-0.0834590670744,-3059774.4018448,-55039.168084593,2764873.9525294,-6.7958002450139e-06,-0.082578666886124,-3137347.7495019,-69378.061713821,2825743.2531677,-0.0001515261163761,-0.083027221198504,-32949.976869425,906006.67840031,854473.36492009,0.0001325001906287,-0.083019495422451,-33020.043120058,905308.57546726,853890.97688272
1.783825604751958,1.627572390489533,0.30193584443019394,1.913420537418856,-33.01718746958207,62388594.85007907,76171921.69238985,0.5069671144485485,47023.43261110281,-7.5640310180435e-07,-0.1510177061602,-753186.21906929,-93669.355493212,625285.77947525,1.578786411582e-06,-0.15092428327851,-832143.59847045,-115135.76484824,683132.27599505,-1.435064440535e-05,-0.15097410626419,-33416.806082638,-170715.48961143,133850.8028426,1.5147985444249e-05,-0.15097154150418,-33720.148326457,-171259.34842476,134056.12389044
2.601861586332551,1.9641654365355978,0.24606757138298813,2.408744940240195,-33.94300193862284,63388399.78554207,133359257.57905617,0.5274209720265746,42271.173712176365,-5.75514681777e-07,-0.1522273155715,-2847765.2210239,3576.9274285809,2612596.5379551,-8.1634306916795e-07,-0.15140362283932,-3000327.9834895,-6889.588240892,2744887.4746043,-0.0001507008902636,-0.15182452816119,-63494.613817846,586919.08243702,584787.7673542,0.0001493182387069,-0.15182485687144,-63422.749926523,587199.19524187,584989.41225766
1.7141859801804782,2.2746078860434986,0.19429797210445077,4.766146340675676,-35.901822672281554,33948412.439820126,68740366.64295477,0.5159454579177016,97880.20105992224,0.0001075694083646,-0.34365838662381,-200143.43310419,-383682.77228362,272294.22061538,-4.3267425290548e-05,-0.34357196715355,-374328.27131373,-390948.44877905,268397.51152866,3.5727600204328e-05,-0.34355913028744,25154.788957884,-1245805.3018487,1160147.9404333,2.8539792047578e-05,-0.3436721350854,25642.05659666,-1258147.5023162,1171864.9389712
1.8757284748336671,1.7213452957478803,0.1733643303486062,4.128248104543054,-22.798660427821662,74855842.8732152,52625695.07737151,0.5883985450008029,84705.5817566317,-5.9424990398694e-05,-0.063897490146299,-85106.107073051,-387044.3205643,322303.28065992,2.8299392578028e-05,-0.063843912837111,-212534.50531643,-364634.45401538,262128.01007951,-1.3731932128762e-05,-0.063918302461512,-134751.5619747,-925645.08730765,869004.33016513,-1.7382989324802e-05,-0.063823496687227,-123261.57576774,-936406.51968731,880944.4954374
2.5349347651128786,1.8619637088166523,0.15883112001287603,1.0491333840593389,-29.844905573004972,30853707.06760925,103644222.30273318,0.47594872788550946,88648.49584336793,4.0319785637286e-07,-0.28367329672786,-6018819.3781696,-129524.1979024,5424143.5985888,-1.2281382075601e-06,-0.28001415068258,-6973734.3198783,-178161.3167609,6288959.6694526,-0.0005807137093398,-0.28191003747431,-90185.190626831,1580744.1600001,1514587.5071656,0.0005810575737766,-0.2819141756116,-86473.704221312,1556239.7281716,1489532.6899269
2.143109203406093,2.9402001002368383,0.21507752143157777,4.991542828421197,-27.43509197002815,25024328.21411758,134382161.75319716,0.5062174889787859,9778.303880653562,3.2667406586354e-06,-0.21349037445886,-127917.25458057,-40578.485591181,90973.819448626,-0.0002015810419191,-0.2134260082097,-293147.04553212,-93686.724091282,208114.08115735,-9.5637686104101e-05,-0.21338619941963,12909.846923759,-688954.34529535,641273.0765854,-0.0001025100151763,-0.21353486728759,12553.998932056,-690896.26622055,642882.08144924
2.417099396581516,2.4840676868158456,0.22396818639098076,2.7063747855368714,-39.41435990862556,16578055.101977218,115348916.18171611,0.43988515564034353,53489.05550737239,-1.8124220958646e-06,-0.81993981955371,-3868371.9336218,19610.466547886,3559560.6741404,4.2180454454973e-06,-0.81884213236782,-4497904.3761512,10799.73826131,4130179.0911344,-0.0001986823991884,-0.81942677193068,-35128.650708703,-688981.08702263,607048.95607061,0.0002008342638582,-0.8194278227624,-35219.688959666,-689801.94088047,607713.23402088
2.370145778386175,2.2762545496379,0.2222136607549423,3.661447023958903,-35.53859815681948,25200475.595795564,78067823.56750265,0.5203836010513405,40254.15327059923,-4.7111608432998e-06,-0.40763277002031,-4281769.080152,-97436.668834385,3854567.717447,-4.0979531710523e-06,-0.40646056982285,-4842970.936477,-106431.48006051,4362450.7469663,-0.0002354210537225,-0.40707712705698,-41614.239824886,-95926.886026146,69193.735963376,0.0002266745897193,-0.40707510495832,-41573.597092513,-94743.229149502,61594.441945281
2.624962806246658,1.9448668368471396,0.35679150924288733,3.252646981575831,-27.419988155393874,12639849.879170844,84627342.96156463,0.584348299613429,85046.77496098106,2.3278510860398e-05,-0.54761434011676,-2681899.8186224,-140959.44614615,2357887.6344944,1.2677912687958e-05,-0.54710438167886,-2909916.8817362,-171185.97365118,2545599.940903,-6.8102690234182e-05,-0.54736002060422,-56711.121739098,374837.23092025,385836.21704183,0.0001040909725499,-0.54737464833465,-56835.26308272,375616.50379154,386955.05707097
1.5972564111043852,2.6136736231510724,0.3791724423317526,2.7477143690310553,-36.875517221073146,58920011.46090461,86790551.54494035,0.5339052480402587,83556.85149598484,-5.8206212725953e-07,-0.20830310916205,-160977.06622048,-159418.23971831,96128.071752348,-2.9957130094264e-06,-0.20826865670598,-245819.36120519,-205305.87625379,139813.52213764,3.8506049727125e-05,-0.20828718196848,-44445.402146261,-1080871.3017676,959034.22272242,-4.2108191376348e-05,-0.20828859564459,-45177.907368708,-1085363.0813585,962572.39910618
1.7609688666878331,2.171511666282511,0.15440785922505756,2.691272407951148,-34.87565559434819,31893939.114753816,60700960.598830625,0.4799734896147708,44670.08823689911,3.6605211669112e-07,-0.32448022669069,-2743582.6062187,-68220.67901684,2465712.3081878,2.2207347079585e-06,-0.32387020670508,-3197749.6931056,-84862.803768316,2870079.2187021,-4.0686450050682e-05,-0.32419726168049,-37315.723344958,-885299.28997585,784837.13066128,4.3189160805853e-05,-0.32419653237528,-37402.065918724,-885073.2080452,784966.26640681
2.0412684863272355,2.5493530721897093,0.17781529148172498,2.8798633630657604,-31.109398971268433,37454037.136203915,52202704.90073764,0.49200024928130803,84591.72383735217,1.6690316108039e-05,-0.23820350339325,-2083496.8056178,-454409.41832385,1681357.8706585,9.7361271115392e-06,-0.23706653618019,-2346090.0822775,-519217.39884567,1889339.6985762,-3.2097265218904e-06,-0.23766744544526,-137532.10392087,-1680284.2527671,1450009.6251358,3.0042145609245e-05,-0.23766879117399,-137952.29208101,-1680953.5456966,1447278.9201291
2.840693621961041,1.8470021437646338,0.36376756122098086,2.1169468617579312,-32.60604595238078,35195197.16975975,81570683.4758097,0.4863369097133562,58247.17725393371,2.1003372335393e-06,-0.26821062653893,-1297076.9670914,-105753.15759063,1132145.3999767,-2.9546890311715e-07,-0.26780463900564,-1273017.0606551,-158625.92020147,1056350.9038489,-6.2522074977265e-05,-0.26801105665918,-21953.225791055,219196.945329,217229.07306294,6.4449351459461e-05,-0.26801473540271,-21822.272604192,219461.26881452,217327.13824943
1.8440351327201685,2.499313578696805,0.24776220317242587,2.3600156223672197,-38.81589663953661,34293508.632823035,53472537.64080598,0.4949034570246211,40193.98696479724,4.0945474999175e-06,-0.36700816744226,-773864.59137269,-146583.39527192,619046.28519447,3.1548640618858e-06,-0.3668270630279,-989628.40892419,-195772.84011175,786738.88683068,1.6003818730884e-05,-0.36692797607283,-43508.615743632,-716887.91087823,626354.52015295,-8.7044278360568e-06,-0.36692759389513,-43552.884101568,-716758.6304863,626209.39227011
2.865244897011207,2.119390291847168,0.32219170572592726,3.3158195533773434,-21.439941133087107,55517469.81884533,93357917.79486568,0.49138336502763175,3282.9470839338974,2.9772933651992e-05,-0.059057733231475,-1787560.6662749,-54813.127317741,1599156.8231777,1.3883993202962e-05,-0.058582701188226,-1920218.992335,-74143.451114492,1707036.3114541,-6.8217138024417e-05,-0.058817378375295,-40174.289961007,539106.12386919,523526.0017735,0.0001119235199193,-0.058836311553676,-28099.630189575,546324.39533514,521193.48237873
2.5930800493325683,2.2688343758842233,0.2498574390507646,1.5688414258197763,-38.027977190619296,13462945.887609333,90689961.14794688,0.46553508151861406,64348.714518776425,-3.9200913440515e-06,-0.95689191262959,-3113344.9208017,-133211.01514743,2758749.0342202,4.1147174044069e-06,-0.95581821277091,-3756299.4447979,-222744.42603519,3284942.2485447,-0.0001976206185403,-0.95640135573116,-62973.556269399,283129.45132008,307668.92059024,0.0001976378276269,-0.95639242964438,-62783.502923225,281534.11449849,306230.60777918
1.5099685182803229,2.3721722112828365,0.34284474109913365,2.646078272631046,-37.17066272555927,41701045.37827637,141167694.5949511,0.46711566544097766,65736.57708533145,-1.8067146379555e-05,-0.29805485805815,-235984.03527175,-116413.71073763,147984.44020169,-3.1590776166044e-06,-0.29802297585918,-348403.50903388,-151697.52224872,227000.30359394,1.9771782894629e-05,-0.29804536996018,-59018.674039,-741140.21109073,637708.33831985,-4.1092417699633e-05,-0.29803614327342,-59237.834624263,-742766.48239336,639079.4171233
2.1338513504492784,2.1662982570457787,0.37632086270639314,3.5562380819574644,-39.08034649786139,21921541.01855164,110118336.5872162,0.584785046307011,49495.64314054756,-4.646198751017e-06,-0.5787318864561,-963674.25177305,-128275.03533328,794213.62716233,-4.5146511710963e-06,-0.57859122823866,-1125730.2150411,-164647.342532,917950.09809609,-2.5086775969215e-05,-0.57866570305314,-46998.201843521,-329199.99348677,269417.50301668,1.5872296906875e-05,-0.57866549780032,-47141.262499676,-330624.89084231,270587.3123242
1.563496020247174,2.0546374690891662,0.3443230393396859,1.7062142461057104,-34.918717585103785,55299138.21633938,55943917.636814386,0.545191488917762,58888.531297202986,-6.0422451404405e-08,-0.1935525721612,-369979.38466831,-98006.543723215,274204.17528208,1.2158338895586e-06,-0.19351683140355,-480264.31297926,-128648.16574325,355098.91078736,8.363517605466e-06,-0.19353694555864,-37163.455898467,-568065.08900809,494389.55903803,-7.2185240813714e-06,-0.19353591322256,-36879.634367415,-568293.78014848,494797.97194026
2.823679413818043,2.945329003649376,0.22192610478513655,2.0819545023329473,-37.60765641272834,51328294.77566448,65735872.01519468,0.5791022001091634,45449.594212496304,-2.0073231828158e-06,-0.22851048704378,-1735023.7092897,-206520.07062533,1446263.7633832,-3.2118154398092e-06,-0.22699423456556,-2034092.5920773,-254578.30842159,1687206.0109624,-0.0002433017204143,-0.22781022248348,-34486.281427196,-580371.60472174,507968.47305897,0.0002385800685013,-0.22781130683427,-34306.283992461,-579155.57510973,507048.79878335
1.8997296176464453,2.4200554597184363,0.322336303594602,4.296587076430997,-32.122461851504426,31276114.04626287,145819327.69628057,0.49076182790655337,2157.0401681466574,0.0001565299291138,-0.24549261110627,-26193.212067278,-113273.64607,87936.647578513,7.132405170521e-05,-0.24546798519611,-106074.33546647,-133786.81261113,78524.648041705,0.0001138712416864,-0.24544747087026,15822.736208935,-359741.40838469,341676.17847526,0.0001140344780232,-0.2455142499311,17867.026099182,-356233.33687843,339939.88098227
2.0731647724835485,2.8435266821461567,0.3518688838630111,2.004155177602824,-32.047594504685335,33006620.644976284,131275398.47472344,0.48276754503916175,62613.39519980589,1.456319969827e-05,-0.27678982583508,-534717.49116802,-123703.1380537,407082.95195719,7.6992157418422e-06,-0.2766788081874,-705938.63211186,-175482.24434257,530057.23986469,3.8593859135692e-05,-0.27673897154368,-51128.870495895,-779468.73236885,678433.71796479,-1.6669882822212e-05,-0.276743877927,-51319.379678168,-783986.90567772,682445.66828918
2.926505259859373,2.007120009975998,0.25987975942159847,1.5990287139311503,-24.0945510795911,15630399.980046362,106235078.52913183,0.5603125875687401,35563.39699907421,-4.8279662229031e-07,-0.30971687833208,-2692358.8800408,-94570.150000986,2401469.5690316,4.6401481115308e-06,-0.30858775396111,-3141926.6873996,-128518.60733843,2789891.6495509,-0.0001917843502451,-0.30919180980551,-42016.201426442,1170885.9549726,1104314.8393112,0.000195878439012,-0.30918461423961,-45666.770693023,1178953.5533937,1114001.4628654
2.7126347959107293,2.854940654093923,0.16995414669484588,4.887841485968525,-29.11335004770146,37132385.519975215,82358032.15749909,0.5522654448132746,14805.991873920788,-0.0001575627494014,-0.1653417789919,1723.4096894488,-47046.016895663,590735.99448534,-7.058426858565e-05,-0.16516733865982,-187775.60393565,-63402.113135373,784460.0450348,-0.00014189688849,-0.16530278438076,42782.145551573,-1028918.1979738,1083632.1313112,-8.6258677188377e-05,-0.16522014354135,41674.74438395,-1029218.2736343,1080751.8838582
1.695031902077377,1.5883038259355646,0.18059337958545527,2.0478105918198075,-27.693962204628846,57210684.07486975,66276344.79414941,0.46660721987192555,59241.09005480519,2.9201950653826e-06,-0.12288662894046,-931851.78318193,-230414.06525607,704119.00297724,7.6641503961148e-07,-0.12250755734051,-996239.09725921,-254866.90074397,747685.65663854,-6.3356918762539e-05,-0.12270163167514,-17998.475515396,-517896.91807882,465624.36055148,6.6925132506047e-05,-0.12270382041308,-18034.255786856,-517718.49295558,465448.51049483
1.7219092550743886,2.145486567170863,0.29202091739399294,1.2572391673283414,-31.79403372984357,19793290.38339915,83218266.67782947,0.47812096750346844,30448.37041411838,3.2048687915843e-06,-0.42767745516148,-525749.46312694,-53292.900822827,444532.49224387,9.6781845432072e-06,-0.4276144778382,-753416.79926492,-89758.183265075,627983.10279039,7.6677135905838e-06,-0.427653398146,-26486.930059489,-405755.53393352,353386.99172057,5.2269798890779e-06,-0.42764834417847,-26368.731262638,-405692.62616245,353391.81756791
1.8522956553242023,1.8945868057829927,0.18593073509775637,4.3418381288938495,-34.446116048434185,59404514.358886175,79577279.22515216,0.5429734066272082,16151.062340183034,5.1867494018865e-07,-0.15380652914535,-9202.5454654326,-215182.12359484,205502.77482346,2.3264166767436e-05,-0.1537761947932,-117850.42089154,-197944.1294823,129086.81337357,1.2289347222735e-05,-0.15380211526844,-59860.493942041,-477264.01248525,429753.81821382,1.1483651940901e-05,-0.15378041501058,-64484.798855946,-478480.22116764,429592.99822131
1.5364303598285758,2.6398848139825213,0.26838443723410454,4.30774208664268,-37.873132819704665,59108497.52977079,107096457.79802534,0.5396493760365428,76711.21378208252,0.0005442221620673,-0.21098875413422,-123757.96306831,-309405.59503769,219683.88303862,0.0001021096625054,-0.21092749571127,-233445.55102982,-338460.07416029,212564.76682555,0.0003240723198614,-0.21083140370263,-5973.3309891117,-791762.50988268,721388.26823992,0.0003216566841956,-0.21108730853672,-7781.5155430606,-804894.97541428,732253.45985627
2.395777971146572,2.3948491545808825,0.38128989493576826,2.204553298278971,-22.803976822675406,20958409.735191576,82911835.73800607,0.5871704778867533,84904.2089468606,-9.905448269378e-06,-0.23723587385671,-984415.95760137,-159863.48665626,792318.24393976,1.049076854993e-06,-0.23700781934578,-1139372.135434,-204286.55129227,904593.49002451,-3.6208501107092e-05,-0.23713423332655,-53931.295373125,-499585.09168694,420539.55318422,2.7337520369306e-05,-0.23712314501593,-53895.493395264,-499460.54330741,420402.50687081
1.5665842983416058,2.7005780444517895,0.369968744951342,1.8955003695888126,-38.253029912544505,50527184.96455856,126690061.79960826,0.5508609798006295,64490.32046805335,2.683522718917e-05,-0.25302235125659,-86188.708460571,-113957.19374844,64680.934705062,5.5466780241642e-06,-0.25299699433131,-247239.06655956,-163708.38469887,142951.68836848,5.952809622776e-05,-0.25300603882181,-38865.755714589,-951638.29294052,844561.16288697,-2.7154649957329e-05,-0.25301848029203,-39091.743279108,-954436.9374806,846985.1160157
2.3902887632828755,1.8562551544623018,0.31562593511179315,3.135552385920795,-27.79047399547157,24208122.0578565,62760831.17328671,0.4725391484744722,8404.311119940636,1.6802770768914e-05,-0.24538710124897,-1185697.3783504,-81698.679883109,1029769.9477368,9.7032826315485e-06,-0.24513587256381,-1328751.2658138,-106466.27165806,1143686.9897836,-3.4840849621772e-05,-0.24526237108135,-29599.880130929,308527.63973145,304577.17531249,6.1373997438596e-05,-0.24527126834784,-29205.370433623,309419.18803362,305156.48926519
2.0954060822470364,2.8684698256698997,0.1561953466818571,1.9256548191437046,-24.138118607014047,77290040.81460759,55512798.4915775,0.6005387718232282,47842.3808317635,1.1427142376724e-06,-0.064274818334186,-2818893.5623006,-115989.98733926,2501284.2087589,5.4485352158664e-07,-0.063117597103394,-3408465.7695181,-145358.96111981,3020843.2483456,8.5743542443214e-05,-0.063756513989191,-2561.7568599195,-2032803.1912231,1861434.554055,-8.3807204364266e-05,-0.063756792163796,25507.392952921,-2058392.1621998,1905003.488426
1.5036625733885682,2.6169261954502065,0.21888940965805964,1.2129794569501313,-23.129081748777946,33904142.694437616,114400564.04352042,0.514487764994522,98006.97394699062,5.5665434126908e-06,-0.15992030708033,-574048.60488433,-121250.2658837,444166.7298112,-3.5484211851134e-06,-0.15986469080946,-1185430.8148656,-170478.84346045,968547.72132744,0.0002626071794165,-0.15990380237782,-44809.603637087,-2739142.3779212,2478426.7705315,-0.000260352266117,-0.15990980223446,-44546.517917347,-2736939.8494988,2476594.3757459
2.657173888961346,1.8434940887733529,0.16743064304736088,2.9363591393583244,-21.365965310201588,10809791.208768532,92515737.91089815,0.548900082511469,44536.23377460913,-1.12072945317e-05,-0.35300890615284,-3294475.6362352,-786208.45891665,2698119.7441414,-8.2553200421613e-06,-0.3494518432153,-3611848.1101013,-864870.79954239,2953461.1910454,-0.0006461752885431,-0.35130058743466,-45561.676755658,216550.57755426,818036.68904884,0.0006268459896587,-0.35129179652703,-45508.379499249,217224.43641597,818757.61227956
1.7927850139867973,1.8237992267214005,0.3573858064987451,4.204705090788925,-30.60560730861195,18151011.18641765,115013183.40945253,0.5125276519098928,1050.5480092876608,0.0001550977843385,-0.38146369258732,-12728.166839438,-128420.54785104,109824.23071795,-5.3121411885532e-05,-0.38145041047236,-54197.580954685,-132329.85952547,91597.113804246,5.102524679284e-05,-0.38135475414815,-32943.530435265,-220278.18655745,193592.49229613,5.0955806969709e-05,-0.38155941229789,-32626.850487735,-217543.32977711,192494.92003386
1.8280327804042074,1.9548716070014325,0.3079181929092818,4.4055097500957014,-32.79291179940376,62451537.86392556,143662157.65730065,0.46846707718638575,55078.09054277687,-0.0001864917079959,-0.14869097766658,-56845.014612064,-250500.39265298,197805.34832782,9.8922553521728e-06,-0.14866139678224,-107144.97114027,-252388.52800172,180167.18719523,-8.7676386395754e-05,-0.14876766899373,-72399.835493246,-453707.91537444,400926.54775421,-8.8923839611292e-05,-0.14858485593996,-66204.236930875,-455745.13723924,403933.56245252
2.233715708485347,1.9099550746275442,0.3125288107447998,4.642612943025742,-39.39560697286165,66136244.86496867,97395931.47040965,0.5202016179206697,68240.57808437273,-2.4209554437064e-05,-0.20153159977119,-93803.172005649,-83747.419234909,53974.460853151,-2.6717926774655e-05,-0.20149861867604,-175473.23911227,-122764.22299906,100461.51933287,-2.3625100798153e-05,-0.20151420166168,-55742.27076153,-604554.2367323,540075.37390433,-2.7289750009811e-05,-0.20151694740221,-54974.858682538,-611610.55824841,547467.95896495
2.3260795556104856,2.3379728592959825,0.24559201392788732,4.016549697105628,-36.132321170161205,17159115.09452472,66164920.536753386,0.574123019831089,2898.960799508871,-5.0831641337702e-05,-0.56501273609099,-61942.753919202,-51243.878385555,35197.650893733,2.8811229009598e-05,-0.5649780723626,-173852.92671862,-100127.25697268,104092.99691196,-9.086647206267e-06,-0.56503573856122,20772.326464521,-522095.31127994,494036.36838722,-1.2925786013785e-05,-0.56495654682399,20280.740022519,-523320.05727937,494818.86330898
2.5535470810785146,2.9019810632968506,0.3365400191268315,2.0969956852750373,-23.910421993021245,40666033.75840151,130992129.77499361,0.47416321439772247,572.2663666718073,-1.5537617775372e-05,-0.1026698812998,-530165.61113406,-59823.432170287,444122.57396584,-5.5822702939001e-06,-0.10246505609765,-723330.94348939,-100833.07422467,593094.15924219,-5.9243020637088e-05,-0.10258445557251,-15704.630801758,-77421.259119625,61619.606427687,3.7996328900525e-05,-0.10257636344337,-15684.041999109,-78337.965360323,62507.187334675
1.7579948008855768,2.544139003035599,0.27511437679291983,1.1173347950511074,-24.91851393742273,35034021.625980176,124295391.75386722,0.5997751833250899,84838.35576287031,-8.3461807733086e-08,-0.1718920278285,-790573.46988925,-96616.846480115,657283.74278746,1.2488660284031e-06,-0.1717910156924,-1262620.2369647,-145682.79017049,1055552.4888492,7.482539160569e-05,-0.17185344612424,-59531.487847531,-1359478.7639102,1204459.8899762,-7.3724598339886e-05,-0.17185251375814,-60535.875103521,-1360794.9837085,1204105.7324755
2.897383798624623,1.5915550476408105,0.25055868788436464,3.51757520780806,-24.190283168131877,48002199.27298559,142263847.31215847,0.501984364037567,84502.66171845353,-1.4505871490635e-05,-0.11509562102011,-5162964.0288627,-199292.48274616,4589830.9842461,-9.096473050294e-06,-0.11303414574027,-5178609.2717754,-273236.46949491,4552240.2260065,-0.0002898793487276,-0.11406784488589,-40845.75670428,2429782.0986223,2256863.4351269,0.0002661751618642,-0.11405969762744,2609.447469791,2461749.3588826,2254598.0587509
2.429026378854121,2.502775318158478,0.3582033548645353,2.5149463489594925,-31.326566514436443,25854450.065408513,58288151.713372834,0.4598819876673068,90602.17522174667,5.5443761309695e-06,-0.36315894672555,-1919888.049705,-107922.52153139,1683002.2145568,4.1511921284204e-06,-0.36283908615896,-2173836.8159463,-140296.7828601,1892996.0495548,-3.7429557686851e-05,-0.36300677956524,-66124.818026251,-639281.00304439,539898.1149499,4.7154213280958e-05,-0.36300797510919,-66073.73710546,-638862.40961359,539542.0926096
2.177375500896045,1.982438172142607,0.2924352080289522,3.1114564218802307,-28.09377698662665,47060134.41260817,62132118.52849133,0.45391722948634644,49178.60067554587,4.4308403727564e-06,-0.14648886596221,-1709109.3634067,-130085.26331869,1474695.7716237,9.6872295180774e-07,-0.14616926826116,-1855057.4125581,-156728.03019104,1589819.4051651,-5.4348878722147e-05,-0.14633267074177,-44056.607804614,-147076.76014064,106209.58234711,5.962568454151e-05,-0.14633619856031,-43453.704283206,-149882.55127678,108964.3327877
1.7463809921332853,2.8032344543056955,0.22913066734920423,1.13827862159352,-32.908482773062964,26013783.28824895,54336625.79674189,0.4971613781747434,61124.73543600864,-4.0350658414353e-06,-0.36901172502151,-697274.11693164,-86037.680557174,579871.21173574,-1.8581390002249e-06,-0.36889360114986,-1301038.5666764,-141140.6634854,1095423.6351392,0.0001741194868088,-0.36897530205541,-22287.734429559,-1910175.790218,1734733.8364223,-0.0001799173072328,-0.36897377423265,-22573.571537669,-1909473.0712491,1734117.868122
1.5512159408312765,1.856934599243362,0.17753302389244682,2.4848592852812406,-28.14689627355611,50622692.90285183,89129842.67051536,0.5572574110615194,22230.444159522685,-3.5947993224202e-06,-0.12513563345887,-513345.65473664,-205064.43794556,343115.37880019,6.1640441441451e-07,-0.12493066499244,-609758.56770564,-246290.70855959,406245.61372079,-3.2890394653178e-05,-0.1250418726219,-21753.929149686,-464943.27262572,410757.19545194,2.9969536150112e-05,-0.1250384147592,-21807.627401921,-464492.31868035,410282.71768967
2.2709583168275556,1.5816920402047818,0.24853264333381556,4.250532161604173,-35.31384050887293,40701273.43722381,105023199.87725437,0.5438769561425858,71171.02353281873,4.1163261881801e-05,-0.26722903822319,-81261.921792617,-89927.87876331,51913.418815006,4.1396734014097e-05,-0.26719649693729,-172041.12532179,-121578.86361645,98350.085110472,4.3310281073462e-05,-0.26721331989152,-76195.155572345,-697661.97083509,634751.24183938,3.9234268483515e-05,-0.2672130730633,-75499.612828494,-698357.73192648,635513.83309879
2.8701842321330746,2.1757534392818276,0.27139867602759393,2.816350567293396,-32.14323981904414,71439374.82999626,115565483.96256062,0.5099358417923331,5917.7015105014025,3.0936269393778e-05,-0.10995535156233,-1022459.857099,-102715.05854044,865095.53461345,1.8492710939194e-05,-0.10929830034419,-1075490.8872899,-118979.06062315,902548.87406701,-0.0001028262698119,-0.10962724928781,9451.3354957828,139989.81925872,142020.10474774,0.0001529886393339,-0.10964038504529,10115.076857296,146321.67421773,146473.31424715
2.5139084783303716,2.6694842607665463,0.23199411044147888,3.33996072729006,-23.55020050666879,38362784.8154825,118715218.69267058,0.47550916316449304,17325.76538649362,-4.6552395610939e-06,-0.10848856872699,-3182370.3578213,-35499.616598497,2891196.7309078,-7.2494921203086e-06,-0.10752479093277,-3755836.3561842,-53505.60863236,3403885.6539295,-0.000185925543114,-0.10804077582893,-34005.017840791,-278030.5610415,231529.7455569,0.0001741992750456,-0.1080427499733,-33992.393470152,-276397.8380119,230039.63513836
1.5821874847100907,1.8624363380108513,0.22517611951106142,4.816316333626541,-31.984133510786407,79053726.50346829,123367898.74523197,0.47347708987522713,53217.33251593681,-0.000216821228468,-0.11021393609108,-72385.756548895,-299120.99234891,238222.95449451,-1.3551231834502e-05,-0.11017898545661,-139773.70539835,-295174.24174538,214771.35051958,-0.0001142892724069,-0.11028210929521,-78722.161126848,-565078.4798678,511858.87875498,-0.0001160845752922,-0.11011101105744,-70241.792873605,-557006.44968813,503693.07413139
2.3938435872722597,2.995186082090288,0.3960645167560096,4.746403458431966,-30.361403706100162,45003877.8169201,120578590.43185891,0.4479772730917222,1701.0244533908872,-0.0001765462349317,-0.15035614907191,-81648.95652695,-58956.587077536,46540.029948475,-9.0893116100488e-05,-0.15032307674479,-159693.08442047,-110532.25462297,91609.916397634,-0.0001329765047008,-0.15037527657587,-3677.4718387836,-435053.31608644,396092.61352833,-0.0001349106235565,-0.15030699260042,-4721.1559056654,-434754.820344,395092.33413824
2.450979510006906,1.6289541668870475,0.18230520654707139,4.114986155100917,-35.428382304982115,17508692.686244056,108368371.00615287,0.44259308016478655,15563.881593645287,0.0001440832424797,-0.5738446527953,34530.875879876,-22708.407223771,243124.93123638,4.5888942878029e-05,-0.57378573062071,-63251.60165895,-38351.285101647,354732.64134906,9.4915643729027e-05,-0.57374364759302,-136572.76000225,-518091.39160475,517394.88526973,9.4849182871203e-05,-0.5738936741781,-167904.36225445,-530835.3220897,524458.3682576
2.188194193226067,2.7878499967222834,0.15042610723981942,4.644098608949468,-39.16407321029266,43941266.011999324,70113448.86577564,0.5589425212567938,14022.338426192407,4.8643683689562e-05,-0.26388119464542,-126908.34511574,-51605.231036946,84386.933277628,-8.6262049812643e-05,-0.26379960745983,-291020.5308353,-93643.063482474,206253.79755511,-1.7920937574109e-05,-0.26378887852278,14068.494874826,-902038.31843565,840095.19781232,-2.0353344976337e-05,-0.2638954647467,12423.645121654,-906244.93575217,841835.32746685
1.8558340448290727,2.419050022428115,0.2759371805088633,1.7886094498810672,-34.82532305493197,20589263.546293736,76741821.29490653,0.6016685156193542,45002.92959566422,-7.1671132719496e-07,-0.49464405956634,-1001318.3092102,-73552.749446563,865769.83925878,6.279417067573e-06,-0.49450387339045,-1354805.1575182,-109651.19008991,1164399.0244035,1.1200034614899e-05,-0.49458627189049,-30540.693889151,-781355.94634536,694454.35765717,-5.6733007039675e-06,-0.49458082208191,-30685.054524577,-781577.03933505,694663.59400107
2.132468998427459,2.769737251119909,0.34473045131796953,1.9300405376501648,-36.59273427963271,17055146.482789185,71457298.26046753,0.4877938725248267,15417.799152463585,-8.3127963229436e-06,-0.62076071942546,-563526.95365613,-61879.645231133,473237.43308694,1.7565003934055e-07,-0.62065709250205,-842404.75037007,-110768.93610694,695154.03887144,-9.1874425832332e-06,-0.62072104254119,-20842.308882969,-406877.0985443,358405.05377354,9.5108009579647e-07,-0.62071453571807,-20971.672158995,-405946.90766896,357486.55130606
2.6928423701276665,2.066995033657442,0.2835035724945102,4.076498123811739,-35.49908628037215,26547533.31089119,123089702.80225593,0.5161074124064106,88061.06510869953,0.0003867411953401,-0.42603709810755,-11076.062899629,-71225.896135368,480287.30191081,0.0001014884561533,-0.42592046851208,-106556.91430045,-92133.757723226,584531.18019274,0.000241167221226,-0.42579639461849,175545.61038172,-1075821.1532036,1116922.9379729,0.0002469071343431,-0.42616825544138,174981.51661272,-1096119.8688594,1135070.681993
2.086631770089709,2.7537063264591635,0.1652361681871145,1.0598289967255294,-24.85045265915339,18951686.535091937,82806327.15284908,0.4394562360768489,46110.53289821985,-2.4781834336044e-07,-0.28795495673683,-2262504.4853502,-99795.244913723,2002939.1393874,3.135061395063e-06,-0.28704359054738,-3529593.8632634,-164105.89924312,3118777.8617246,0.0001183849568779,-0.28760549426799,-14987.977080463,-2048745.589904,1866944.2362403,-0.0001158001087666,-0.2876049228838,-13978.059598181,-2049628.1479619,1869017.2060797
2.3319827076232547,2.089955173545072,0.21148099935356576,4.160889620999098,-33.52742471247696,11263085.985670855,120959492.6335548,0.5763715030669764,7588.624523086168,0.0001892310065246,-0.74322786349352,-80221.95645693,-58090.714919266,45707.612532462,-8.1343821210823e-05,-0.74318833971058,-181021.54694196,-97189.061488914,110670.43713583,5.6265435940749e-05,-0.7430575999345,28539.504638946,-659924.62636169,626053.97483297,5.1590016553996e-05,-0.74335993831015,26057.382235346,-667984.68188432,631700.67687665
2.403528252167555,2.2174031555349054,0.21792287941468635,2.462561936676886,-26.91588660203886,54846441.5070288,130599648.40363798,0.5045052753026886,21724.092749309715,4.2019832398592e-06,-0.1045137211967,-2441229.2148417,73926.308086525,2291042.6787237,4.6950453663432e-06,-0.10383009819797,-2718784.7358003,72297.068100475,2544200.0713186,-0.0001339547407883,-0.10418828450672,-17113.34421784,-339261.7081575,299006.77172852,0.0001431766334942,-0.10418745815212,-17070.25648148,-337815.87434162,297723.30989078
2.11618455784994,1.7009108777737212,0.1899951438686674,4.6822346873093466,-20.217803960906725,35470540.4238978,85828029.98195401,0.5663392088506178,46490.701900493674,-3.5936099330002e-05,-0.091469721623189,-63814.938548167,-61873.549301106,37776.244791602,-3.4166710080015e-05,-0.091429768859952,-199134.48226269,-101854.82802807,123578.61751709,-3.2592526278478e-05,-0.091450795086258,-68566.429363563,-766662.68509233,713342.19586726,-3.7478218320486e-05,-0.091449611011466,-64275.35092593,-765744.03538235,709012.0704707
2.22281978471126,1.5424317098264062,0.3681403144491274,3.984316900888324,-32.81568260101586,18826331.51126966,145433471.67492497,0.5895248824299614,15957.904077014664,5.7854117273079e-06,-0.44254022270196,-926922.06301097,-84365.123314982,790234.89864097,1.8151096816818e-06,-0.44241526407628,-1040646.0534734,-106505.78998891,879162.0419941,-1.6322900100505e-05,-0.44247747838454,-27203.147630904,164704.99525002,171242.35334715,2.3937608569932e-05,-0.44248318495646,-26102.084269732,168908.03630261,174397.02186043
2.094513777573444,1.9484751972089636,0.18005397325663783,3.8277963655442386,-23.728580936773568,51030819.87659119,100181660.77299756,0.5741628808417163,23442.140981627064,7.7076239650677e-06,-0.084962769577138,-2999702.7719125,4630.3911767446,2767925.9926408,1.5016704926475e-06,-0.083956779310059,-3270558.5062972,-2803.3430401153,3012001.9378085,-0.0001935551244989,-0.084475208055868,-38096.73545617,-92907.032267258,61719.122671442,0.000203203759816,-0.08448068892446,-27855.518778579,-22047.948309646,55939.849391482
1.732334895266334,1.7971026850944665,0.25250838410663895,4.135677922929879,-26.35994880921423,69933630.09030178,130316552.88055769,0.5807425178538737,11839.837083939265,-0.0001693119590963,-0.074772783242163,9673.1770399491,-154669.13039323,150939.97164767,-9.2928069409346e-05,-0.074754960643831,-88923.260412092,-142115.25716606,91304.238193552,-0.0001310298052581,-0.074800813820207,-33661.514428039,-297631.92352241,277524.89914144,-0.0001312092950913,-0.074727035436864,-35156.260739677,-292907.10848279,276004.14397078
2.6582760112607775,2.8972189912561457,0.39671000132410594,4.363147838848022,-39.91095641998794,23047415.522489347,88027959.36479363,0.5523616775334735,88214.86892310799,-0.0001536075974966,-0.60410020402272,-187884.00698328,-110419.36936844,111844.92577416,6.5275691448609e-05,-0.60403164332285,-296092.10136499,-174291.69139991,176223.16112188,-4.0433803837093e-05,-0.60416805064415,-6643.8091126269,-932685.67156337,850132.21770206,-4.7885599872698e-05,-0.60396768585961,-7349.1468982681,-934580.25334281,851400.35300004
1.9839469077757101,1.6054320711350942,0.2608518451314144,1.7194271924083826,-33.103431701493456,24857594.598973725,144185292.3067831,0.5866523775970478,23519.20872360515,-7.920195257983e-07,-0.35645219842839,-976459.93675596,-65707.394198776,848481.43553711,-5.9865950938271e-07,-0.35626998981991,-1102478.5576002,-89859.920668462,947102.72154728,-3.5414651582846e-05,-0.35636580313945,-30774.918126257,176339.56741449,184742.21524726,3.3984634417303e-05,-0.35636555555473,-30948.625070774,175602.80552906,184185.30679203
2.674837628089585,2.6871047393461476,0.38962827273848116,3.4403551845282427,-38.20554750072557,68622030.22679992,121989424.10127547,0.4507342761230981,71644.03601085975,-5.1184693285527e-05,-0.19192548596072,-2050386.8468137,-133996.9447631,1784334.7844357,-1.2990172194844e-05,-0.19154687941843,-2280492.5857848,-171053.74306668,1969506.9636604,-8.6523684305597e-05,-0.191761834006,-63121.875143552,-501587.27419288,415927.36078244,2.243161628305e-05,-0.19172698634721,-62412.166720621,-498043.37333405,413180.39320179
2.9053479420206036,1.5074873083678135,0.2301758078946482,2.2505423055847604,-27.20783018028186,34064769.82831909,130168010.72360641,0.5455848898547485,16804.501202756408,1.3650346008389e-06,-0.17188052184352,-2820758.2428513,29451.918374809,2606530.004134,6.9646608789558e-07,-0.17081833980129,-2826641.4772298,20297.421170376,2605301.6809099,-0.0001393759822925,-0.17135034101101,-62661.321032999,1585814.8526907,1498967.9838635,0.0001414674742451,-0.17135159416537,-62529.436728488,1586675.3370081,1499662.6044836
2.437339570526965,1.6004281101535671,0.16202042082829232,1.3448697976237294,-35.25161318986689,45546137.99683423,149674167.21331143,0.5666729988625663,87223.95292355731,-2.2755699040796e-08,-0.25598139314804,-5450479.0104133,-232563.55996916,4830211.2884952,-4.0218505301624e-07,-0.25319027452367,-5617513.7784105,-245975.32401016,4973813.0025863,-0.0004167661074906,-0.25460847022427,-125677.45026048,1922199.2473083,1853620.5833565,0.000415976842135,-0.2546079880375,-125870.80683341,1918458.1613367,1850525.2819004
2.1888622495884418,1.6685146887693896,0.20741495891566974,3.592234045483107,-27.809196536343354,33192882.592939787,99101963.73575345,0.5797911155548391,71498.07103905191,-2.942197078428e-06,-0.20834263133774,-4093521.0838476,-188141.55627042,3617880.5521711,-6.9022505821295e-06,-0.20713075577785,-4068772.289307,-160923.36364894,3614421.3111518,-0.0002257391619966,-0.20774640034964,-89301.829770029,1137902.6524507,1108411.8841448,0.0002156336426046,-0.20774999365591,-105011.24281498,1082798.9198885,1069761.2007327
1.5067526068932864,1.7100932469878174,0.26113172209954894,2.8965256240962756,-27.70927828610169,72938286.88489285,140383035.51430547,0.4545559804995453,52027.72441812138,8.1137705241268e-07,-0.093948537878708,-823021.41443511,-75740.870529467,701085.45344051,3.2296999554824e-06,-0.093871884687106,-913799.29106498,-93662.204361058,771891.66089773,-2.4088942551009e-06,-0.093912752572093,-47959.995445791,-501660.16431074,426223.44388399,6.4168687849958e-06,-0.093910841094918,-48440.803408237,-502458.92399347,426513.44686876
1.5190136028233852,2.2861447625177904,0.29967788098829407,1.6672610038646332,-35.939343652360336,17181711.484745827,137180521.2073096,0.4369962565769887,26981.095194898146,1.9609102694162e-05,-0.63544230854191,-287230.03936347,-64423.430779334,219914.84686593,8.1693583309742e-06,-0.63540992753012,-466975.53776738,-104086.97782795,357937.61593292,3.1383309017703e-05,-0.63542539204095,-27596.680768952,-541492.03975511,476818.85378856,-3.6405797135586e-06,-0.63543313641762,-27566.265314148,-541732.74892415,477054.90138198
2.024064501672713,2.047989593059043,0.3423784015789767,1.122706426043448,-33.779299195637435,72492891.68834797,75329376.68804327,0.5225914758128992,4495.762847039972,1.0009662219922e-05,-0.12197009390861,-362890.23413076,-25118.149877139,314839.80875585,1.3275021821156e-06,-0.12191837169863,-490825.25795927,-54018.726915983,412116.78714628,-5.6247938670473e-06,-0.12194308842337,-7550.0664731338,-36289.998897878,29764.259176721,1.6977173722223e-05,-0.12195167976747,-7742.6018676726,-37425.203761939,30433.585326491
2.9432943716551385,2.2019049442712184,0.2009384700709016,3.5228505128524557,-38.087894196895135,44996579.0496771,106367343.78323603,0.517535766212077,95014.63936093783,2.6567289918421e-06,-0.29538426288019,-8266165.2426114,-200293.43923688,7449149.3629104,2.350187723823e-06,-0.29071498934913,-8281908.7930619,-183354.99854362,7474941.4175931,-0.0007762985482927,-0.29305645243411,-154983.958613,1869774.5646347,1827767.4430898,0.0007816557564426,-0.29305579256478,-155173.41945357,1872172.9282418,1830096.475784
1.8336298548948684,2.408854500127398,0.2254753753790865,2.133005085068904,-28.386722854077092,30045609.721888382,63300193.357738875,0.4637177649185376,23720.20690903757,-1.2452783090758e-06,-0.21864132937306,-1121722.3919861,-35735.198381878,1002567.7537176,-3.1590000798683e-06,-0.21845146047776,-1475394.8324876,-55599.457312335,1312589.7609564,-9.8552936569021e-06,-0.21855740250502,-13989.40222117,-658427.84251371,593620.35010285,5.3694516570253e-06,-0.21855878935224,-13963.058268483,-659120.18845176,594269.28429381
2.345200032331512,2.477902235475384,0.27688819960618366,4.029704869623217,-25.257340364081802,58863179.95887707,104497745.67660767,0.48027694401103777,98100.74136061894,-0.00013385454734,-0.10204068881454,-224039.52852132,-108864.6027926,141151.15947604,6.6105656671086e-06,-0.10196597398745,-319053.43800035,-153616.50237687,201583.40444207,-5.8743512324971e-05,-0.10207033416147,5983.0428126077,-1100928.0774019,1013442.087363,-6.8395577367682e-05,-0.10193763252726,8228.2082488541,-1093124.5603635,1007898.1254136
1.9899322685756986,1.61978913076334,0.19924157985546223,2.610748311548106,-26.20812364073096,55339464.58944997,132433353.3740638,0.4725476264622201,97561.92881837419,-2.3790571294319e-08,-0.12460054019934,-3932425.2681316,47405.97295593,3638364.5170032,2.7325430968974e-07,-0.12379777250204,-4067853.7650344,40595.834357214,3757553.8877508,-0.0001409050642206,-0.12420524428764,-96070.678011017,231461.0578207,286685.70070817,0.0001411431647814,-0.12420471580602,-96204.196409087,230627.87953279,286036.28897532
1.630807966577602,2.8058833634977587,0.3259515854476177,4.721729895882199,-26.61554109172301,54096176.7878816,87569590.24956197,0.5320045706931118,3987.080897544286,0.0004828713093997,-0.092867984078915,-31984.046423683,-126924.99505049,95376.219352513,-0.0001313011183977,-0.092839181335222,-145959.15688987,-152999.14001289,90834.137424141,0.0001747189824903,-0.092677491178777,-1353.2549800445,-368703.19370841,337371.11528323,0.0001770487620005,-0.09303198058527,-581.47742231168,-373612.31405462,342641.67774376
1.8695394226007611,2.9527503163539293,0.3208186199844757,2.5545085685551534,-22.5184725012349,59041744.907052435,135741470.00444955,0.4509975596526754,59102.98380161768,6.5510632881433e-05,-0.076335229940321,-433124.56385586,-134080.10361933,309890.68440401,1.8122128530867e-05,-0.076253697919514,-595972.15928536,-184078.97852891,426658.94808787,0.0001190591008735,-0.07628676675139,-27080.269674305,-1321162.7169355,1191511.7646253,-3.4922861923141e-05,-0.076315098021668,-26877.393273325,-1317443.3678644,1188311.0122435
2.0760126637685374,1.7919591985167176,0.26610933905374756,1.9343948102543798,-37.532996948505144,55714073.059103936,78263752.37866664,0.4535594524784342,16260.735125090454,-7.3969102605467e-07,-0.20785969662994,-960185.64219325,-57757.37683389,839113.06511112,-3.2258048855396e-06,-0.2076664844717,-1079226.6656961,-84148.625309881,929941.39906981,-4.0633935552633e-05,-0.20776597825794,-19130.027888213,39787.002635353,51660.895504687,3.6672140338225e-05,-0.20776874201871,-19023.148615909,39986.241159416,51493.303836733
2.5600437769801196,2.4141644952884582,0.32958730161063843,4.904939158556066,-23.50924484663139,35907350.47741279,94577091.58248183,0.566844165708764,9346.102941494199,-0.0002553118954104,-0.10720188280732,-49810.434793651,-75438.212757939,43641.732931335,-5.5673628248309e-05,-0.10716860614039,-142730.96094806,-119529.08251122,81203.375539852,-0.000154817888653,-0.10729160257231,26402.081584954,-514175.71671983,490676.68948447,-0.000156172408799,-0.10708050990555,23323.192419756,-510181.14546517,484706.90759194
1.781307454265662,1.640241132023586,0.17387505388155794,3.8467662915624037,-32.37173920822294,38986815.79348536,51164858.67192574,0.4946487387996772,69967.2590428233,1.7851258631558e-06,-0.23927038206571,-3687587.2132502,-227418.53359874,3218806.9363934,1.3716617523873e-06,-0.23838313756192,-3899816.5736483,-247367.12199135,3399275.8728965,-0.0001593580691935,-0.23883748837992,-50879.134554888,-258793.50102862,202729.01573624,0.0001625200689296,-0.23883684141922,-50917.50701967,-259133.31114753,203169.36225123
1.9349445082611392,2.5708486506657993,0.37357771440079846,4.183504687269981,-35.18091561453044,28778093.8037812,140089634.775141,0.47734828232955184,41789.17606148337,-0.0006775745229298,-0.35646651084689,-78163.171538297,-183669.03042922,124825.97804801,-2.3294414557963e-05,-0.35642929403879,-148366.24377375,-211994.94240492,127791.86327454,-0.0003502854019286,-0.35669393541894,9122.7653020278,-521681.32124523,485140.88980372,-0.0003506519876796,-0.35620328302379,6156.3932996439,-518331.0519172,479972.89177926
2.831577935203337,1.7365433436959143,0.37559157608460303,4.505013038752596,-24.404290464991654,47801795.85739686,67620931.03124505,0.4705946301413674,81122.91710350817,0.0001104838737441,-0.11377293106448,10747.980679397,-53242.548403431,275997.05210369,3.8916250600566e-05,-0.11371607704271,-50201.793348831,-65396.436704938,302976.50112521,7.4766678427062e-05,-0.1136873640967,-156405.7921825,-490017.12167716,434279.5038737,7.4702749346102e-05,-0.11380421280888,-155217.69145273,-506834.11055038,448942.04959542
2.5648739223997405,1.642395422217894,0.3327498950098996,4.063372318205595,-27.006246608625084,28869129.386653844,78844016.60800713,0.5112271779492529,95208.46879176178,-2.7314977589664e-05,-0.23773785098262,-95343.15323801,-120275.40572626,68194.105936337,-4.9565184757256e-05,-0.23770646531754,-150567.14058286,-145796.55968451,89016.632152822,-3.6819799101153e-05,-0.23770511649616,-82405.645669372,-678394.85834334,602225.27552693,-4.0016804677964e-05,-0.23773987822902,-83095.638770618,-672421.43584634,597193.21192451
2.4840682028518053,2.5684552056967678,0.3496429054728104,4.277343977305232,-32.50915856314643,58022571.622152135,97196315.21298018,0.5346197595952973,1558.7829894740955,0.0003456458764743,-0.13331530454143,-32130.007622882,-65371.24844672,41041.059086976,6.1061389678998e-06,-0.13328816004627,-104541.52810139,-114015.12662224,66079.084125622,0.0001759070969933,-0.13313865341177,19071.426656223,-384022.25405287,365971.25703266,0.0001758236647002,-0.13346620910674,22174.302324058,-387916.66953392,371900.36460136
2.907625338754955,1.8005195661549394,0.3341571554682473,1.8016463185117162,-39.268073186426086,43699445.2747866,77290747.57805319,0.598480556507992,33068.05495574622,1.0889133409773e-05,-0.28965529733272,-1760761.996533,-53101.657553013,1575903.3024636,-2.3365553537516e-06,-0.28920538021101,-1900067.5170768,-75332.547351578,1687832.0445263,-6.4770302031801e-05,-0.28942700131293,-33751.385990588,749168.58727234,711188.80068551,7.3362079465698e-05,-0.28944789119563,-33377.668858826,749890.759624,711628.2727504
2.701179352127978,2.7204463998326798,0.31801787970397316,1.901147365137132,-36.65777175699226,28311776.9256053,87246942.26637949,0.5080610806505219,34706.67439110688,-4.8079875237634e-06,-0.38859827855392,-1848498.6520004,-61834.137882396,1650026.3799668,-1.495276951257e-06,-0.38812783626092,-2325420.0675411,-97140.364062494,2062071.6144256,-9.1555890165113e-05,-0.3883878218627,-34026.844144177,-144730.08701101,111248.7563623,8.5313684769939e-05,-0.38838485562269,-35068.825075974,-143367.82634319,108622.03821135
2.62222588819277,1.631700579974907,0.3592695156058388,4.363071616479212,-25.29981221746027,43047289.876672655,60301059.006433256,0.5184698168373553,76999.388485823,3.9911529801654e-05,-0.13297204833885,-69368.450396932,-118177.7825951,70379.378205381,-2.7206586894059e-05,-0.13294621618626,-117952.5549575,-139158.59991465,79293.934127465,7.1338216534565e-06,-0.13290535886889,-67502.514048268,-561377.13751776,498028.14124727,5.5788900545685e-06,-0.13301345322196,-69154.443936961,-558615.86124996,496068.64741178
2.3460805805745517,1.7469367013988495,0.2568303808140949,1.28501156760018,-23.747782045453455,44472054.73235743,102366134.4620173,0.570749521501021,68722.52476814717,-1.7203353389713e-08,-0.11980816434871,-2102192.2194716,-107664.93238854,1850683.4272517,1.7091979532977e-06,-0.11924871255957,-2400106.1363186,-132200.95161882,2106583.6136437,-9.2976498834116e-05,-0.11954316083601,-41037.304198077,290354.75717946,298304.21073566,9.4338387375584e-05,-0.11954131543155,-33274.300600333,319304.04022581,317864.68233342
2.790069369437476,2.554271030797201,0.2564660087186098,4.883097435995507,-38.69501880254164,38588163.2524721,132339249.5970092,0.5956752134953959,32216.889751440398,8.1676294479382e-05,-0.30404985575757,18774.699038015,-65339.243378782,522071.28507784,-0.0001171794368255,-0.30391669518607,-113276.57903746,-87121.993053881,650828.50316936,-3.8778348597142e-05,-0.3038798638402,58666.596283451,-896625.72697172,946020.66526567,3.5543236161395e-06,-0.3040961550803,60073.749899288,-896064.29528648,949924.91191509
1.683897450945357,2.2123159472299716,0.37470953360583703,3.9065115444731404,-21.116556885914182,18473048.459452055,60630501.38105449,0.5998554318122242,15487.323018037314,1.1077085799042e-05,-0.17814660039617,-310814.44441084,-92840.302302056,224280.96486778,6.3441406170571e-06,-0.17810636661703,-469816.48968894,-139330.34053479,339600.64412912,1.067869202236e-05,-0.17812722787376,-29316.675541909,-424563.46303989,368652.95301803,6.7871936993977e-06,-0.17813082968777,-29195.161066438,-423617.17688565,367853.09189169
1.6085835777885826,2.152109970861236,0.29093591422918885,1.0247486786420816,-39.42910372772797,32113488.53648803,79459985.81395331,0.5611991601425108,95735.50634024105,-3.9613138962527e-06,-0.45156024192432,-655293.10324681,-110027.40399672,525071.8102212,1.0142260971891e-05,-0.45149257120749,-959520.52997912,-160406.73022457,769297.40170219,3.4308426482647e-05,-0.45153736563202,-51000.519606418,-1119058.3791962,989505.96334052,-2.8152356780415e-05,-0.45152667167981,-51374.304114007,-1119408.2553248,989559.34226408
2.912596653850862,2.540163923348644,0.2994083672239902,2.6823240387069083,-38.105884980863486,51621047.47792304,80327948.48696937,0.5469193860227819,26734.412322842887,4.5505066477383e-06,-0.22405937947688,-2378737.4545979,-45488.191285889,2147559.3899627,8.0394940714343e-08,-0.22333961235609,-2674553.2047124,-65435.990994649,2404446.1184912,-0.0001456554602665,-0.22371465732673,-13461.590253438,-96938.949749003,80239.054481645,0.0001503133276449,-0.22371923527895,-13599.970770092,-104004.94268883,86240.143532448
2.211310378347794,2.18740375228003,0.15583616145326967,4.647097100867391,-21.09361629968724,30602942.388223384,147942740.20759952,0.49573264235737513,52496.568973545756,-6.9407097596705e-05,-0.11580435721104,-192317.76629927,-78172.641638903,127902.59378123,-0.0001812679112498,-0.1157189199779,-345751.72475666,-119798.66938304,240415.61539941,-0.0001190420705963,-0.11570464639372,25616.928558839,-1298667.1802382,1208911.0290617,-0.0001316405543937,-0.11581961634874,23339.728685337,-1298280.2920132,1206858.6940096
2.68294883679246,2.7414142558926464,0.22055419014079913,2.794900032922165,-37.30297436719839,78017679.32317503,109524535.62478667,0.44583544748558385,24026.08990022034,7.5725340432757e-06,-0.14670143293016,-1062938.1983085,-101167.6871729,903201.03116314,9.6171336128014e-07,-0.14565679596778,-1182363.5625077,-121655.36783493,998467.69841413,-0.0001639187045997,-0.14620476594442,-32943.718486384,-436728.64190988,377257.08615173,0.0001728300834369,-0.1462091816313,-32993.934781487,-434766.67869676,375421.82225181
1.5470495774148127,2.4894035447704685,0.22891568364915565,4.553186309195453,-38.390393283234616,71426812.52560806,54007465.93042857,0.48749907461118785,7913.781951847247,-8.2167545544434e-05,-0.15850513782984,-53352.014902616,-148151.78470323,106789.10217196,9.4172697349613e-05,-0.15847153262493,-145340.96785773,-171363.17635596,111480.061228,4.9213631725111e-06,-0.15854351517834,-1669.2526375466,-472955.98396378,433111.45725359,6.5428956748753e-06,-0.15843517790429,-2581.80152398,-467866.60228227,427334.62876939
1.5022671284866995,1.5934096690702946,0.3030400795701987,3.5273593584267475,-24.554117690377094,30446098.40405154,113995525.62374437,0.56537520259536,97765.49409709002,-2.2875105532591e-06,-0.19255033791489,-999841.56386632,-170200.42512239,799661.0087849,6.7523269532486e-06,-0.19247133064469,-1106930.3095732,-196689.30444467,879985.50114915,-2.7278844400736e-06,-0.19251646124291,-68915.630400258,-611371.90249548,512242.57831196,7.1781644887307e-06,-0.1925080306034,-68823.006985794,-611906.15745142,512815.36009047
2.819298990257745,1.5753595104628626,0.29678243508660695,4.40854048185032,-21.290284617876335,26816676.790989872,143380257.67543846,0.5063440819943739,30479.403346663657,-1.9706332239101e-05,-0.13022266367615,60204.264627019,-35832.970860288,261830.74698154,7.8506052126827e-05,-0.13017093640408,-40598.765325399,-50994.730764055,318442.78400292,2.8853251181024e-05,-0.130287901315,-147704.41337124,-369594.82650966,372745.09059843,3.0007048091934e-05,-0.13011119490577,-147198.07426572,-365398.49380785,368599.04311352
1.6081028146999383,2.3210982014147223,0.39237892234090455,4.781367751138104,-25.799491308315506,36644451.022505626,88305640.61541182,0.45875313369317305,76815.41889423081,1.4605051886519e-05,-0.16276557432355,-99770.022440522,-251130.17707764,170426.60007411,-8.4879802541914e-05,-0.16272802379771,-195180.53334693,-281322.75613317,167357.37840767,-3.5165554481704e-05,-0.16271336586632,-10007.710760665,-588463.90884821,532485.50314813,-3.5000953729242e-05,-0.16278166878937,-2871.7850320995,-599225.52080041,547485.85427201
2.0528258615013746,2.3598233514470563,0.332132298884952,3.9368191313251417,-21.683826865136542,42717684.408978865,97919506.30186221,0.55741057177031,63577.2172236704,-2.9556247696949e-05,-0.09374937428427,-1507039.54762,-123324.6202883,1294306.0345877,-1.0035392081273e-05,-0.093550872043714,-1698870.9101593,-167233.34235381,1439786.5827322,-3.7986054117035e-05,-0.093663941434108,-54842.282372444,-703829.24650651,606453.27025859,-1.7810346449133e-06,-0.09364770853725,-54116.96474166,-705792.61148201,608775.16034677
2.3348595375795558,2.3763286528995993,0.2663857395157473,2.633155473581592,-35.04169077967684,21646343.167800166,58396188.2475186,0.4815065300414364,66448.43111205884,2.3656440208315e-06,-0.50305017634197,-1572739.4411284,-236376.80695113,1284539.0744416,-3.7569757315541e-06,-0.50244925013893,-1791193.9151072,-282555.46618033,1454233.8900243,-0.0001028669667051,-0.50276353253414,-44089.476730959,-616075.65934965,533817.22076107,0.000101562806973,-0.5027689900711,-43992.373142501,-615572.57755761,533403.33424157
2.574841099786102,1.8647878380144676,0.2534682467573792,3.3674004042625247,-29.21864821500651,64266983.900994055,72796965.84969336,0.5114611138218551,24803.60865969839,1.4868598300499e-06,-0.10553311110239,-2858913.0898504,-44829.31226151,2588086.2975491,5.026136155558e-06,-0.10475926190154,-2896442.3547143,-57147.216989762,2613740.8319159,-0.0001348810690767,-0.10515369105401,-57980.280415288,777223.01473664,755077.78061672,0.0001413795832122,-0.1051492992328,-55030.848584116,789562.59998779,763914.2897073
1.5844213708509878,2.4526271311748515,0.2689656784250496,1.4645041835787969,-32.665447455052686,15670097.382943578,113203046.82729752,0.5584480430679934,18914.9409435569,-2.475170150241e-06,-0.53955443024287,-314623.98181787,-58675.530181062,248534.58991134,1.0930413100591e-05,-0.53950791102588,-585373.58386708,-108046.84026235,463186.38218971,2.7954489013769e-05,-0.53954181987788,-15561.338437987,-607085.4466506,545528.22608584,-1.9538077003902e-05,-0.53953323872528,-18349.042302816,-612769.06841976,548690.18493615
2.4033518614867493,1.9007779229617872,0.15315141894638584,4.386096858444302,-28.007697329971677,68953292.63100912,79499953.5211723,0.517771977559132,46928.780118569026,9.2138110108792e-05,-0.093090792299523,42894.650285865,-24513.155064626,315658.3032269,4.1581123799435e-05,-0.092993648537342,-112752.88559367,-36211.212060939,469204.89590241,6.8051676200774e-05,-0.093014547707423,-206357.63739019,-908753.14572708,872158.1404137,6.6224861861556e-05,-0.093078744404022,-200744.29178188,-920909.76374026,889482.50593885
2.401086891283843,2.9498959266981997,0.1603845055660763,1.5114272294191284,-38.66409492597747,34396350.67596345,103765847.86554918,0.4436532176952198,75180.25862978342,4.8482306566848e-07,-0.40166452190416,-6570983.0140069,-10293.494713232,6015312.7185387,3.0448721506421e-06,-0.39914790917249,-8119537.4013852,-64229.992636726,7396786.8110005,0.0001110196321865,-0.40055547826805,-107144.33524977,-2949421.5564577,2630344.9631208,-0.0001089270554402,-0.40055531481853,-86840.412445276,-2814167.6079235,2517173.7529639
1.5770195357089778,1.9924587466047339,0.2062773696281967,4.271297221897922,-26.705568562282085,65452100.01802561,51049734.76617813,0.5293928280763085,28759.796704027853,0.0001927310440374,-0.085525409725872,-24220.849639645,-251398.95426338,223136.88933443,0.0001267918123926,-0.085494371981281,-161665.4960391,-234349.48534076,160811.08445233,0.0001606744618869,-0.085483604032648,-55860.362963461,-461261.76525941,428574.9258079,0.0001588627329777,-0.085536345083881,-48693.092589448,-464990.66068912,432392.85128404
2.7142540968605435,2.3199855334347284,0.37745665691446606,3.7757969299276866,-24.826897198936976,43235259.01507019,105304677.23913977,0.602114436386026,6571.173970925058,2.0623758017442e-05,-0.10343083768309,-1317221.824872,-67630.686010218,1159186.024301,6.7229231825387e-06,-0.10315559758555,-1517294.5095918,-95258.864086722,1323128.582788,-4.3982532797249e-05,-0.10329242716241,-26812.674507832,206820.01860993,209414.4621791,7.1486534048935e-05,-0.10330807756743,-26639.093139922,209313.19113413,211561.79919944
1.7451879198407487,2.161141632293045,0.2373273726518396,4.758326490860043,-27.058848514805238,72533934.02519101,65784869.72203763,0.5357564845198084,46775.31046905109,0.0004353832510977,-0.081767234852627,-68728.850018195,-211101.85016657,154808.05449332,-1.2491668370502e-06,-0.081723346828199,-198598.50065063,-216863.279029,131539.18587633,0.0002179455609777,-0.081570451311968,20419.006232101,-692718.90367205,649787.34180435,0.0002162338337078,-0.081920925023829,25317.266135818,-696635.01109157,656951.28380341
2.4101244413234544,2.0732283460330008,0.339862972776549,4.7892264775366655,-26.393833248774385,42915693.86704355,99188659.36946154,0.43709918564623546,98590.8563572357,0.0001319688765552,-0.15503803826533,-187678.30130697,-150814.96563286,106451.53684148,-7.5918190314089e-05,-0.15498681688461,-248269.86572668,-197434.96319698,140871.27181592,3.0189531017329e-05,-0.15489232039155,16734.219623397,-997434.27970978,926448.39056337,2.5810369291373e-05,-0.15513414420587,18769.445965422,-993947.37334088,924659.81150596
2.984008857180462,1.9383372965158552,0.18353192231212284,2.391107284592225,-39.850041448121566,33836247.363657944,109668812.17088518,0.49428139854934705,99352.8560141873,8.8763498085584e-07,-0.44233483630773,-3052562.7571226,-364722.58172395,2543920.7277993,4.6139848215733e-07,-0.43722771746749,-3094825.1798492,-377585.20197749,2573897.8271336,-0.0007989504939941,-0.43980007077086,-228970.54225273,3144408.2244909,3049573.0194563,0.0008001793932744,-0.43980170659199,-229106.95090046,3142954.5850501,3048344.2113591
2.975644662363467,1.8047408224364347,0.3061144852636233,4.281433599966189,-26.77838161378365,73213190.28534205,84915714.43633428,0.44095609691568094,80025.80674306542,9.9683977485128e-05,-0.090898301300909,-748.15632474355,-46245.274353767,327540.13991361,6.8621441819775e-06,-0.090817829290475,-31295.401059628,-64388.863983581,422379.51057275,5.3548397069081e-05,-0.090785185865193,-223836.10433528,-604853.27181155,571928.02702301,5.3241427095599e-05,-0.090937977707563,-216142.5607949,-623053.53224139,581689.34071584
1.9545766555649464,2.7913913085915545,0.2500945109982159,1.836691693624374,-39.94893464766228,79219265.6719917,64368852.32299147,0.5923486767728128,71592.97078013075,2.0672982531827e-06,-0.17712602578405,-1671819.0411048,-83718.707750166,1472730.5554619,-2.0909246212157e-06,-0.1768588991577,-2177733.058855,-111625.19470042,1916587.0595093,6.9820368186932e-05,-0.17700813271773,-51279.110879146,-1417410.1566104,1262507.9203216,-6.9935466314981e-05,-0.1770111102053,-51788.782087692,-1417606.1011246,1262395.9666488
2.7781332038821693,2.389300645867163,0.37792933542748286,4.751673481014214,-34.152356087468775,66633804.81125316,61093356.569573626,0.5258679154382185,6976.255414642102,-6.3453782454787e-05,-0.12974661355395,34269.121504781,-43166.077532311,224357.20504306,-6.9332687709987e-06,-0.12969328269794,-27065.870318662,-61862.798804315,274277.458445,-3.8472208988234e-05,-0.12975541259552,84760.540472694,-457755.88348374,483065.42174419,-3.200973636188e-05,-0.12968853514587,91391.92960234,-463019.23108898,492986.07250555
2.0330360144626063,2.997901214365556,0.2147613324285551,4.585748482965492,-36.30075181440092,52807452.71714979,136461973.5669277,0.5819171589939159,73347.19451764334,0.0001358728556241,-0.21249293480981,-238031.9424387,-41950.842830606,189449.80975299,-9.2694504477203e-05,-0.21239207359722,-400516.7456141,-96299.271022717,302700.53983805,3.1711032943896e-05,-0.21236684345266,2824.7142459255,-1098648.2136821,1010228.303281,1.1358967267112e-05,-0.21252162757795,1408.8971492465,-1103978.3838596,1014227.7465809
2.620753452265105,1.8063731604962414,0.24793373340936947,2.1257405275513266,-20.06840539992668,63343471.07508069,119810795.75050047,0.45133201366030945,96142.83892694006,1.8207253501737e-06,-0.067004949362295,-4310850.7342573,2869.2856644157,3953026.5226481,-3.5667412645925e-07,-0.065779328203035,-4481687.2179584,-8624.2869848874,4101326.5884118,-0.0001984196904206,-0.066401273211013,-111996.6602378,1062356.4004821,1056287.0401491,0.0001999426488329,-0.06640382266267,-112029.85819596,1063272.409809,1057150.1347084
2.4127194362645663,1.9234436629121676,0.1503826782798428,3.118850949789127,-31.317236559220717,24421095.595479198,68805138.92277661,0.4761909520596726,9685.072260843066,-5.060808080712e-06,-0.31165992333716,-5698612.1303639,21063.873441257,5238046.4738483,-2.6553677545504e-06,-0.30917484046782,-6121657.3206706,16253.390508929,5622303.6242385,-0.0004835272841866,-0.3104586696367,-41950.196786709,1414694.0457795,1327058.9009551,0.000475838430494,-0.31045681459358,-41840.121071698,1414892.0011266,1327134.7292693
2.2984795126061357,2.811534576175686,0.289684150881964,2.1596593235132717,-25.73399209828802,42639360.04285048,106684208.83520533,0.4540523844701074,32824.534814277904,8.3924025818068e-07,-0.12874899159329,-1370446.8038896,-38483.512920425,1228524.2119789,-1.687599217654e-08,-0.12847306823652,-1774752.3165445,-56048.5396582,1586579.7636664,-2.4432805825659e-05,-0.12862586359124,-31643.019740717,-556488.36119849,487821.80369179,2.525892938167e-05,-0.12862641609844,-31645.938661446,-556459.46565227,487794.7576326
1.6280631509822592,1.9384776331219187,0.23507723383173987,4.998130494000112,-34.36859941799464,33755198.42476742,112860442.85146397,0.4475991742981824,38358.85666204118,-8.5722450544893e-05,-0.29159735190951,-81260.360031192,-283869.7159691,221357.03749503,-6.4494317157692e-05,-0.29156310141786,-149113.21964199,-281203.85468074,196041.62939544,-7.3821532514793e-05,-0.29158885015138,-82067.788156768,-520600.45310472,466717.77706608,-7.638365880528e-05,-0.29157178772999,-70632.991133414,-538757.92725372,484943.83836178
2.9419710715848315,2.7722922741210274,0.3197366329305077,4.916492296341598,-20.913168428656956,27583636.698102206,148206973.28163487,0.5783901766365697,36048.199200140116,-0.0001193803329051,-0.11471034080219,16836.226198967,-67455.791784174,443024.06011825,2.6503398253694e-06,-0.11458476244472,-119635.51014631,-95675.572960527,585543.27100746,-7.7421867885409e-05,-0.11471787405055,61100.609399315,-844602.88692337,883000.07880756,-3.951489999988e-05,-0.11458867674682,60778.533335483,-845155.42928451,882038.03583549
2.725983567953981,2.327629928784615,0.3152478388920241,2.719376322981282,-39.7697946983872,35129795.41036423,136910989.51501083,0.46204702523432034,38770.81952929596,-3.483868570378e-06,-0.38050076882906,-2190310.0585675,-38617.288468679,1979764.5674655,-2.1034205063399e-06,-0.37995406081256,-2441041.5778612,-59758.03224986,2194480.283734,-0.0001093172205996,-0.38024006736843,-21658.282987914,-106437.76259666,83001.018237408,0.0001036689641468,-0.38023893863152,-21732.28442997,-107426.00643602,85532.492524827
1.5394703934821066,1.9889244933891637,0.31312979269170405,1.593323399449138,-24.665919234997443,12460132.659875466,118461812.69303352,0.5247112803235632,83374.67634887435,4.6928604819687e-06,-0.47204203234267,-503154.92051948,-129318.26892222,375264.94720509,1.2042370941371e-06,-0.47199005665687,-641155.56244921,-172142.07958487,473827.9390891,1.7285849928574e-05,-0.472017347897,-59247.356270038,-800677.77305739,692058.03722558,-1.1390783945054e-05,-0.47202002279147,-59081.356602124,-800290.70575959,691820.93789776
2.5189318944952137,1.980967003045592,0.34444629232314816,2.308767825761087,-25.655028638431858,59605697.14630134,79328769.3109886,0.5636744372638778,37615.42568381487,4.7473665837497e-06,-0.092363209441315,-828564.42883315,-106931.79977028,685076.13932334,-1.2528936928551e-07,-0.092112184556303,-905540.30452937,-132581.11278655,738303.63859238,-4.3821527730743e-05,-0.092238871588367,-38206.398070361,180100.64689528,193866.40489835,4.850573743304e-05,-0.092244914387788,-38044.277105961,181417.77180497,194937.7902358
1.7031439733925593,2.580119316965929,0.25238032901270335,2.478391411288208,-24.423635055136643,48714580.31838772,149423117.73061958,0.5527642031501747,57795.484137786545,1.3972922279924e-05,-0.10700688838903,-632966.27558311,-158585.33613934,479691.95376514,7.1128657109146e-06,-0.10688309627088,-823592.54108865,-208421.73935287,623355.26352774,6.8494550954444e-05,-0.1069504368336,10344.121046965,-1270956.1778994,1172369.373164,-4.6987525979868e-05,-0.10695484434496,10210.396514465,-1267153.5370075,1168789.9352668
1.5203859929249408,2.6036869819035076,0.349108401806411,2.08791290612223,-38.93787900306128,53254322.34793105,91153748.17336531,0.47454457643863235,79716.13075357936,-1.1283184373832e-05,-0.26255127800606,-110975.33440195,-124947.33110185,71803.948205558,-9.1959708139186e-07,-0.2625243477144,-240070.48446574,-165545.14667325,137741.52365061,4.6266412314838e-05,-0.2625430128943,-40035.80273661,-1144279.2893782,1020241.407585,-5.8468441093455e-05,-0.26253715399078,-40196.72789474,-1144940.0134127,1020722.2467618
1.8295238710412935,2.297492918135524,0.21208211242125263,2.163034378725993,-36.40597049769406,47598827.317460366,72848328.63589403,0.588466341711533,93347.37887600483,-1.6795343341278e-06,-0.25810788752604,-2463708.1735404,-57391.713271292,2216935.8346722,-8.0539473852343e-07,-0.25771101780478,-2841126.6461641,-73857.028816792,2551093.4571819,4.7010326967778e-06,-0.25792295097448,-30955.021893469,-1526934.9280292,1377364.8862027,-7.1967053263801e-06,-0.25792239972628,-30964.801115549,-1527042.9854411,1377457.3552287
2.238677518519389,1.5091496187024604,0.28623610147161827,3.7325406202676477,-26.575329002269086,28471379.196864296,128752254.9925593,0.5897750920901086,43267.325974147556,1.4756503755292e-05,-0.20642930061292,-1880870.7889264,-139650.72526938,1625875.7277689,1.2953140560526e-05,-0.20605452567189,-2006721.6718284,-160451.1959054,1726754.4297091,-4.7739994770048e-05,-0.20624500985095,-51503.806457976,685088.36862534,665625.25198419,7.5527165461411e-05,-0.20624744282715,-51171.327714818,687313.53482906,667416.9627207
1.6051070228400217,1.9438716009014483,0.2177307384001156,2.934864008412676,-20.288393390707707,25370006.241617598,96140383.30958506,0.5271869637066138,85175.86491434951,-1.5121417243817e-06,-0.15581909833949,-1956980.0213741,-41188.10740094,1764096.035281,3.0822048237433e-06,-0.15558755459177,-2206658.6110454,-53770.598641028,1983949.0201572,-6.8724278320181e-06,-0.15571100947712,-43930.050176502,-1131905.6736267,1006171.3193199,8.4669359671448e-06,-0.15570734620082,-44082.457325844,-1131946.4512658,1006105.571584
2.4940206516586807,2.674355229648874,0.33324378963610674,4.338593061389355,-36.917781731357834,16633348.535499893,100254079.19007307,0.566924362755582,3910.5776292500823,-0.0001498684954099,-0.60609660835549,-70532.029643937,-57440.923998793,40030.859483703,0.0002064351071376,-0.60606153226693,-165877.69073562,-113126.71116237,95464.406520917,2.989685057932e-05,-0.606246079343,15092.322872044,-481683.65651112,453113.7366578,2.6774906703567e-05,-0.60591405258784,14719.117733955,-479464.02530831,450768.02949279
2.890965057433215,1.8742302406494205,0.32401857886540475,3.990307824771297,-27.57898434760386,23630146.61054018,149872275.67854297,0.5683690002788143,29540.735929454593,2.404543567307e-05,-0.25370309857558,-2414580.6625647,-125875.1935064,2123612.1350262,1.333007246123e-05,-0.25297763067374,-2608740.0934521,-150133.22660059,2284482.9172532,-9.9886273391177e-05,-0.25334240757609,-56711.358918551,1097638.1693998,1047340.5297727,0.0001374012792138,-0.25335856713962,-56800.047963535,1101347.9203712,1050895.6242663
1.5009928766528005,1.8828085820382088,0.15519712167655678,4.059166052317989,-22.983639641236593,60571951.24731034,141257558.8865382,0.4423865290601522,35282.54758140773,-1.3653046419082e-05,-0.07132581760096,-68577.789190879,-301262.75901469,245098.43645409,3.6877282668736e-05,-0.071286664004705,-174011.03460557,-287778.81202449,205371.93856677,1.289212282597e-05,-0.071326368310962,-70349.249699643,-621432.64085348,578172.64341494,1.0344710921665e-05,-0.071286351524177,-69479.336279787,-614871.57375701,575426.02694921
1.6881377641464872,2.9597762012121285,0.1749308672214534,4.7373130233303975,-20.37381068292732,34967054.53078173,75933794.81028548,0.4438955167745795,35427.99595222234,0.0003703284491232,-0.087594560904469,-198461.06187452,-324658.07194893,242461.75192374,-0.000146398204001,-0.087506152774172,-386351.46854605,-366311.21414439,313881.83948388,0.000116435394775,-0.087407681926383,13507.822560073,-882003.41040505,818280.94873358,0.0001092006279646,-0.087698409470964,17167.152089363,-890721.90247203,829832.54127949
2.2500659542170833,2.7247584965132505,0.31125952965574155,1.2636542467547704,-24.86267557892095,29749450.72810621,54839195.50692794,0.5615307340763304,96987.42180429798,-2.1663342784776e-06,-0.20580925790321,-1471044.3450517,-128356.67057789,1257909.070285,2.2049773835067e-06,-0.20551725628981,-1984909.5968642,-189394.46188924,1686235.3876474,1.3956444901244e-05,-0.20568490950008,-55648.728619714,-1235401.2915281,1092898.9507653,-1.4459912850385e-05,-0.20568152749461,-53956.669550427,-1234423.5842399,1093114.960524
2.7919591968091337,1.9522949807538512,0.37039420309892435,4.664234402791763,-24.68281767495938,26429563.900630742,120914879.3869084,0.4929537329693806,49781.170492496814,-1.4425176790527e-05,-0.18886299652897,6861.50313406,-38254.913397859,202024.32959588,-4.8761644310638e-05,-0.18881207756191,-64780.062523771,-57992.28935791,266583.608062,-3.1394604062437e-05,-0.1888153543305,-109495.1524344,-452840.74508631,402615.90551468,-3.1815993524251e-05,-0.18886457252088,-109911.16306604,-452584.82296143,402253.21723901
2.8424342738953454,1.7870649881591276,0.32832009432088216,4.0717497198065615,-33.14403362933149,78274430.26053023,137845548.870008,0.46801260126025834,16590.649433726227,-4.9187403985147e-05,-0.11113599514452,46209.550270781,-29946.702045761,199528.86868346,1.4893018910509e-05,-0.11109594170602,-25193.775798172,-42402.058046284,230364.76195347,-1.7905571283103e-05,-0.11116862930547,-95833.950987816,-279667.73376247,277073.02484556,-1.6435606261708e-05,-0.11106653567919,-94931.301595789,-283151.54628972,277071.32990203
2.1529179578093007,2.282863210123658,0.25136137821236054,1.7476662127245466,-29.816248362164252,29846774.503630035,52948002.622557305,0.5222670450155189,38623.265504733434,2.82316812038e-06,-0.24873031015153,-1837106.5232498,-44439.953920551,1651934.8252685,3.4846702942084e-06,-0.24836476250057,-2254921.058096,-68988.478349511,2017379.5787147,-5.8635290155245e-05,-0.24856416384853,-27795.041881022,-339155.17891104,291498.87505912,6.4903868814284e-05,-0.24856404432409,-29037.69825876,-342427.579184,293642.59198684
2.132256825512841,2.9972998374581032,0.3010862792520406,1.968184223920042,-37.93057978326344,20995892.00525875,69744778.2602767,0.5876818922477277,8296.425732978532,1.2161807327738e-05,-0.52404694654837,-655299.05978939,-54561.67150329,562198.73186477,-5.9103179456262e-07,-0.52389674683815,-1064389.4293777,-102037.703298,903983.60970559,-2.0721702632257e-06,-0.52398314217283,-18103.460455712,-436315.86160553,387255.30727185,1.3720357387026e-05,-0.52399233263368,-17935.730754261,-435745.17010822,386905.57702265
1.5581991636281147,2.509182590739617,0.39970399792263545,2.5535146161527007,-35.99928404379632,55881973.08601837,113321046.43813148,0.49169435060671574,66988.71631767834,1.7506672184214e-05,-0.20690540255303,-98223.407365703,-134746.72373233,76715.245083365,7.4034221206773e-06,-0.20687991049599,-163601.13850306,-179579.13341914,103882.04685559,3.7436101140815e-05,-0.20689104139607,-55304.57350238,-670672.14330456,575772.11865474,-1.2550628879232e-05,-0.20689727096471,-55588.051051429,-672249.31088756,577034.56128924
2.3232649364157467,2.8046331817398964,0.30752165654974917,4.784032499438464,-34.17261454392526,39524561.52927319,114377776.94930094,0.5943758216240127,71748.60559320661,0.0002772032601264,-0.25084281441909,-169253.37504764,-87060.098812915,104783.59525281,-6.7259655574405e-05,-0.25077220357626,-306307.54142722,-145874.68168305,194185.33595103,0.000108759742561,-0.25066729749123,6043.6973575515,-883328.20672242,813980.37384892,0.0001015759805275,-0.25095101630649,8057.7556425635,-888906.57878326,820690.81947748
2.4419296899631533,2.3839926487080456,0.270267382428224,1.1778071269745043,-35.185371777315986,17428366.93998565,142608552.93215278,0.45198393206402326,1819.3678573814882,3.878311348737e-06,-0.55669385989414,-821781.21315936,-41793.524778986,723995.75710579,1.4636800813544e-06,-0.5564347442052,-1230473.85789,-83259.152192797,1069656.7266508,-5.7737879026109e-05,-0.55658530705887,-8492.5966596303,63431.971047316,67448.440480705,6.3082227420019e-05,-0.5565879853309,-8472.580556269,64615.156860843,66338.653740689
2.030488722718389,1.9359008001256186,0.2703945035515571,1.8334805643818703,-25.850843298627275,69366920.45512205,89076888.49799429,0.5764151954964456,15223.146262249224,3.6326370265272e-06,-0.076004123317824,-870804.81067412,-61991.566760145,755176.33486643,2.6649249496331e-06,-0.075840381499859,-1010577.2216622,-86059.341912017,866661.63719803,-3.1501207169791e-05,-0.075926782848001,-17429.174539657,-31467.976329812,19357.649203871,3.7828589681726e-05,-0.075927834276819,-17520.104290906,-30796.717339966,19034.112597568
2.391135610845362,1.5731205398340433,0.3863828723355568,3.4964572685213473,-38.55029826795717,14931163.536449848,145577791.96195757,0.6073630083032487,79879.35179068807,9.8073620242609e-06,-0.87993312383391,-1459935.8582504,-159260.30658705,1226817.0439752,6.2085542600709e-07,-0.87970149479588,-1599688.8664444,-188888.04450044,1335069.1485673,-2.8207531855337e-05,-0.87981294003251,-78905.47255405,401566.35367206,427277.46630697,3.8644431823745e-05,-0.87982698190993,-79042.229616318,401673.91481346,427479.80984413
1.5374866862881538,2.402070509531476,0.29552728687292185,1.9065892392582788,-35.63091206746805,66892911.19886876,114769017.80955663,0.494013605626269,98791.99778700211,2.6122129979663e-06,-0.18207895332134,-502353.07168649,-159503.02174471,357196.57473879,4.5148865124744e-06,-0.18202270515901,-678596.31409252,-203281.90418984,489335.15011671,6.9449532624261e-05,-0.18205498841534,-53817.604914381,-1499907.0706466,1336338.5093887,-6.20235453928e-05,-0.18205398586644,-54322.804768715,-1495507.6042474,1331935.0605788
1.9758898285019826,2.1811228615693787,0.18461538208296996,2.7567401785437404,-22.687668652936548,46087536.145879254,91175561.41762389,0.5958574122075351,85484.0474873991,-1.2407494173813e-07,-0.10610218073003,-4229765.916875,121167.03642359,3964494.3942006,-7.961634941243e-08,-0.10519448848655,-4650673.9654275,125313.50380922,4353233.5218789,-0.0001161719023481,-0.10566767051346,-63746.995312234,-1153405.9491804,1011941.8044503,0.0001158607323284,-0.10566755818669,-63818.486516888,-1153863.2682589,1012309.7254042
2.79722355008562,2.2237795644249605,0.3588965368312138,3.5505414778233377,-36.00097340848453,75188247.38767228,62651723.3296501,0.5637210032958597,89974.25324470838,2.5853020023952e-05,-0.15629864659493,-2670544.2315218,-180506.53000412,2319898.8455814,1.0696788895298e-05,-0.15564959964341,-2785226.5004516,-198413.8084058,2412445.2373574,-9.3772211594756e-05,-0.15597153717956,-82164.815101727,269794.3303001,309988.5098841,0.0001304185537539,-0.15598941153033,-78772.335260638,269685.80809045,307186.2251693
1.9935287110654227,2.3287137134906324,0.20649051214395114,2.105166641917494,-33.41810974691877,35719105.271845326,127122994.18389028,0.4650045270632065,95692.04946816253,-5.3944265027613e-06,-0.30269045549298,-3377947.9026108,-13261.641725055,3086399.5906966,-1.1322286292001e-07,-0.30202802418142,-3836449.7960148,-24033.155169727,3498884.1166915,-4.3427227574958e-05,-0.30238124269049,-84135.207320253,-1236915.0581163,1074396.4491825,3.7778930141512e-05,-0.30237687630439,-84165.845811874,-1236478.2821287,1075394.2587937
1.95203595085636,2.232302707432063,0.2534012259818218,2.5606598292416085,-28.631497965577484,79494441.22386472,143766344.96495542,0.541747744094995,52862.29158176684,3.2373706547001e-06,-0.088860288685037,-1608492.9755827,-49889.81027227,1438559.6554412,2.3266130898647e-06,-0.088605380080088,-1832626.2626802,-67051.622107876,1631787.436266,-2.6737694160475e-05,-0.088739594010275,-39886.209764693,-621774.4341224,541685.24876472,3.2450370371748e-05,-0.088740135642427,-39808.887336011,-620684.71889623,540740.99572644
2.52002058277011,2.2801036609249663,0.26724695908228535,4.711718204885137,-34.22010083211505,45652173.243726864,120506865.16384867,0.5672527658213143,58775.84086582821,-2.8409721307567e-05,-0.21394159558606,-117742.04717936,-103352.3755989,67489.908394697,8.7550536838171e-05,-0.21388357639484,-251019.64346445,-156049.1009014,147290.44507568,3.2516799862169e-05,-0.21397754823414,32108.086786949,-927252.69808856,873212.78325098,2.6728718034685e-05,-0.21384925938183,32472.778270373,-918459.14009044,865403.41570478
2.2524960688989,2.7011925997461184,0.3926795215220049,4.248482034221419,-25.589243965351802,73892534.88902551,140732836.15031165,0.45951791061347413,1246.888428988844,0.0001510237849749,-0.063701922561699,-52576.556345309,-59079.502364489,33979.862786502,5.2847764243208e-06,-0.063677294132175,-126857.30881984,-109388.15098338,72471.504700687,7.8568458772225e-05,-0.063629942814798,10203.6995644,-338795.89048118,318286.95564719,7.7579463205002e-05,-0.063750944524544,7399.9865610843,-346595.36428338,323453.5387732
2.2451270259871325,2.9299655569461933,0.20041312147777074,4.3766040054179705,-28.94391013732143,66259113.5484971,121066588.75427663,0.44312808738106774,12271.605230955116,0.0001392625487401,-0.095250805832412,-135194.89120242,-46835.838122351,94008.924225049,-2.303313883791e-05,-0.095187937209066,-226849.70213792,-86458.462696668,153717.23351081,6.0767947050775e-05,-0.095158774231023,-5943.8907818063,-740927.61009832,675001.01651104,5.4639365996887e-05,-0.095283165023316,-6758.0763579874,-743784.04404672,676845.52608535
2.397638862056345,2.0942494159535276,0.22525551861865595,4.9204794383033015,-22.345202902635645,14363937.92041803,143061574.99839047,0.4751921433189297,37931.51271270997,-0.000100579839759,-0.26756765028911,-137958.94173102,-88048.628554396,80408.345444824,-3.4230466510134e-05,-0.26751192479011,-268108.28505419,-133231.08080415,167753.47345622,-6.3517309805521e-05,-0.26757851604776,36265.958009987,-948890.83031784,896369.53319428,-7.1310602378002e-05,-0.26750275692887,34167.612761593,-951484.20130052,897238.5420537
1.543971095695378,2.828654977516732,0.1645911949316627,3.0390608724362975,-23.642371574431298,11354446.58956916,65204026.55786578,0.46048565026104915,61487.251793725176,3.9590403994563e-06,-0.43217016088053,-1332846.7805376,-167738.33301959,1105304.9441751,5.3681984752921e-06,-0.43199660168205,-2220078.0227956,-234959.27442749,1871103.8194282,0.0008181782689832,-0.4321222199499,-111705.73212207,-4010834.4930667,3596181.3488735,-0.0008090109005704,-0.43212195325002,-111828.74485447,-4010825.2424051,3596093.9341745
2.3795313495675714,2.387972290758619,0.28142632738238116,3.880038856930695,-27.219153824605534,51646070.43187235,98337618.42972594,0.4450280425753013,34548.528495542785,-4.7487569270138e-05,-0.11730246049076,-2113971.0198563,-117521.977465,1854076.3598796,-3.0797217499789e-05,-0.1167827178888,-2381821.5735225,-146047.50909137,2079479.4118751,-0.0001285872953142,-0.11706260307569,-44908.595007676,-346449.35996377,287170.95871619,5.0050329014275e-05,-0.11704834182416,-44620.34756256,-346609.68430277,286662.19106901
2.9185326836170127,1.7497985884357024,0.2826686509564113,3.259374740925251,-34.38664780556146,71975492.39035732,67423959.14130281,0.5403233804020355,6384.688149125085,-1.1467328178462e-06,-0.12547235145463,-2253195.1940644,-44831.25648888,2032974.1960969,-6.3810470869134e-07,-0.12478482995396,-2222238.5290942,-55918.497688223,1996710.3806564,-0.0001070261410549,-0.12512735241964,-17361.474325304,832459.91742782,775990.44038517,0.0001051562986771,-0.12512662574231,-17789.222239218,830890.92903227,774471.62895855
1.5961011613910132,1.8970977803997373,0.2693564638386479,2.179972570207446,-27.61498875370249,31462140.61642308,60553285.35193828,0.4613603676103942,29982.772165266917,-6.5265595322643e-06,-0.20384412333738,-351428.10662392,-93187.49323911,260399.59244695,-2.3018366000774e-06,-0.20377582900982,-423846.10576269,-122700.34588009,308060.28496451,-9.4003955875015e-06,-0.20381430625567,-28946.607525059,-375006.13389271,323289.1306727,5.489837727449e-07,-0.20381077131471,-28927.342551367,-374562.62089315,323123.95129947
1.756637978495526,2.831286851505727,0.15192249480963926,1.4792741661062359,-35.47989452049777,49126181.16738157,91393184.85355313,0.5270973181270722,52242.67787480839,3.9003198094351e-06,-0.21866563792608,-2570094.5877961,-29490.449101921,2334369.4793327,2.5715473365863e-06,-0.21811215236744,-3765990.5663309,-38446.111712479,3423995.8535628,0.0003460173293021,-0.21844903832906,-23286.876606657,-2079493.4920203,1889172.5111131,-0.0003396525625855,-0.21845039177478,-23276.144967436,-2080111.4112735,1890012.0095649
2.8205127542075403,2.922683521495128,0.1730406275552109,2.16944222139936,-28.70160266840304,36065332.09223072,85437683.07536128,0.5361548601124453,4402.151910777134,-4.3625220568591e-06,-0.1692352125122,-1143036.7402534,-249616.10342189,879874.13322754,1.9227516135657e-06,-0.16731175711189,-1401216.2651333,-316196.33987288,1072334.095117,-0.0003845093746084,-0.16837388903156,-70354.788254663,-25363.405451308,55022.714652892,0.0003823290591099,-0.16836859738374,-70483.449282292,-24037.27196862,55801.757603101
2.7542588081506887,1.5022867194424974,0.3640476466893994,3.355718183945833,-20.705199883165307,58539900.073634245,97110411.57361281,0.4489349755749658,28551.6559545863,1.7759516294193e-05,-0.059570945978947,-1570200.0405912,-76685.88499925,1384572.2626973,1.5361554876168e-05,-0.05926456743329,-1557790.9646422,-86611.545415591,1366251.3435442,-2.310706829252e-05,-0.059415323777112,-56801.174813192,771206.01175912,748461.77139132,5.6372411426895e-05,-0.059420055911001,-47633.579723672,784601.23684266,753986.41855937
2.92931075357211,2.11558587532364,0.27219996644254474,1.7361768581740693,-20.961102082108333,58155677.07467788,118885746.60797323,0.6087071370839763,98871.21973259936,7.2022455471101e-07,-0.078007191641168,-4060213.2406468,-160859.65279781,3606565.1335773,5.8328437288568e-06,-0.076446532725152,-4395942.8813691,-171453.03304993,3906722.5822822,-0.0002517260488988,-0.077256391369729,-112461.17853041,958876.43776642,961970.17528349,0.0002577442073492,-0.077248522738972,-112322.76439276,953077.98194308,956564.97390798
2.295335259737851,2.849050038699392,0.1622037071998154,4.700943759495784,-20.11814832064029,60018924.41088889,148752388.0751953,0.5199493573769325,25581.91768120538,0.0001270990647525,-0.04637948156637,-150950.14323474,-60295.757563139,100912.9765452,-0.0001407857594887,-0.046287212074018,-376019.41558556,-109545.8551069,273169.0338751,-3.7190211058111e-06,-0.046229198500246,-2411.1340193101,-1072644.595905,982892.80608304,-7.9422735464681e-06,-0.046440994726336,-2117.8886536756,-1084298.4382491,996003.89220578
2.431733025960402,2.2811683881709803,0.20187785144502904,3.0645552223091204,-29.863251886300276,74171449.8998644,117098006.15196949,0.5809853899741805,79264.19315738352,3.5480832110185e-06,-0.10931798063566,-4464880.7613382,-142139.55409884,3990860.636991,-3.5715102262582e-07,-0.10758757217729,-4669303.0249265,-185766.2016757,4151839.5390618,-0.0002677882859872,-0.10846767372188,-54962.49820261,-658394.60887408,564801.69373512,0.0002712096245076,-0.10847104459587,-54822.604341973,-657781.20692228,564521.8971017
1.7431672541553482,1.9297826055063152,0.3740355850853973,2.7517483047915636,-29.517143039313986,52537287.87864869,61167922.18202825,0.5412347413714476,1360.9058657255146,8.2949835921634e-06,-0.12501302987894,-173203.81285903,-57943.102237032,121602.83452619,6.5792589897946e-06,-0.12498334488355,-224829.9988758,-86236.420661009,152092.19160462,2.4288884428827e-06,-0.12499849754362,-13949.051255101,-127466.19400481,107135.55988234,1.2513206629651e-05,-0.12500010232169,-13837.172636193,-125298.20237213,105236.67900002
2.1984976423261937,2.838921354272925,0.17074169610014867,3.1409438175350326,-21.195126248249665,18349731.834431615,141494131.97533086,0.5156963080866712,31488.716792715088,-1.28147325501e-05,-0.18842217732528,-3747911.520195,-147191.52436382,3330068.9945935,7.1689413194577e-07,-0.186848337667,-4825986.4336862,-196046.11105419,4283356.5585602,-8.6333482929848e-05,-0.18773467013772,-45716.716557212,-1642070.9436046,1472602.3380286,7.3549930689301e-05,-0.18772743214049,-45923.209391699,-1644697.2882071,1474634.4229676
1.9667993327305637,1.7064759553344215,0.22569298002947602,3.4033838393534834,-36.39699918154449,58626984.884768926,111988243.72422057,0.5233338179617502,99724.25168039901,1.6301748039376e-06,-0.21099525260373,-3913517.0168086,-102666.68721655,3514006.0111617,1.3769200349273e-06,-0.21032189400209,-4070918.1782352,-116885.82614111,3648168.2346746,-0.0001169135648491,-0.21066409702922,-86308.98129388,46462.232739306,115654.83827312,0.0001198013365324,-0.21066364163703,-86427.880883218,45183.657838561,114732.52981549
2.9686039321038544,2.9686142651085357,0.39138807058987635,2.9640866094859932,-28.840725962104848,60439469.90610861,135576402.35198098,0.5298230660216099,92528.46568826151,1.7820862085481e-05,-0.1269417308903,-1774020.5136986,-192087.64211579,1491587.2926754,-2.8768143017004e-06,-0.12633532121188,-1989009.5675792,-234660.53968253,1659333.6668576,-9.0318932756751e-05,-0.12664347831765,-61887.155538938,-611630.69247551,517418.33173197,0.0001051805990908,-0.12666201410217,-61711.90251171,-614425.67821402,520070.6892832
2.652203299358492,2.7631568531663615,0.2616121967154334,4.04465940767008,-30.155560778484265,27942360.10818949,111044164.70350659,0.4606797806372242,81845.85058980518,-0.0002519586572479,-0.29423773476226,-103641.14593303,-66772.17707303,489344.71467209,-5.1113869946254e-05,-0.29408155460713,-213903.59880319,-92167.466655316,648468.90781835,-0.0001666193042854,-0.29426109863583,48182.035402578,-1188175.5156894,1166683.9350146,-0.0001368320573125,-0.29406930181184,48423.694701714,-1188178.6027531,1165906.2506413
2.9138926153460347,1.5112120963188105,0.17817415947245963,1.5160070135267039,-29.81532708837911,63295262.336900145,139237472.33834696,0.4554186721585089,72352.23071900505,-2.8079801705653e-07,-0.13561798951804,-6785722.5750736,-81006.307742822,6168168.833753,-2.7238290642293e-07,-0.13225009395544,-6450463.5026683,-80759.897289829,5860792.2676202,-0.0004174095249401,-0.13390890949937,-142163.81179238,3256465.8481941,3088045.8451376,0.0004173354625611,-0.13391032242498,-135618.54018327,3251265.3566977,3078458.3365611
2.89349538102055,2.848406497445886,0.22077128094473236,1.8257883193004996,-30.20838123442801,11990373.652543262,62242473.613046385,0.5363733983466843,4765.617510228125,-1.0641636067362e-05,-0.56538323857206,-2511786.2341609,-64170.643041615,2260634.0886861,-2.4419128490696e-06,-0.56397212295492,-3370943.3087216,-124420.33542369,3001030.7764663,-0.0003154655132061,-0.56479784326067,-5437.3593180145,196112.73162531,185524.57526821,0.0003024025108063,-0.56478900406212,-5429.3935940752,196230.50413436,185118.74988414
1.9058367022083254,2.059066397763395,0.39578936750769145,3.3729536036951298,-20.679963571453936,32487657.256161608,132093827.6719524,0.5095448353185695,87448.11600445969,6.0735096175157e-06,-0.12499028940457,-892519.05977144,-166280.16281482,704614.95116942,-1.7276512955912e-06,-0.12490167141998,-1005694.8425728,-200244.78503017,785794.12543942,-2.5500608220044e-06,-0.1249443640186,-67164.986867764,-588535.1894469,492631.07630259,6.9200654181961e-06,-0.12495145962056,-66928.565409382,-587725.00986837,492027.3713285
2.0510814747661406,1.5338931509947964,0.15731284121638292,1.8687328859850574,-23.031018387111253,43562038.01587363,113749933.47634944,0.5476461418068668,50508.93154552106,-5.5820035963899e-08,-0.10868855958124,-4546198.190008,-58943.328900144,4124525.4771641,4.7007725366276e-07,-0.10740254492172,-4747550.9434725,-67866.376564922,4302696.0960874,-0.0002214445418147,-0.10805926116639,-11217.366115854,503284.82487264,469537.33937256,0.0002220192891186,-0.10805866278604,-11399.74049629,504490.26865844,471214.96992633
2.4159235211102836,2.062536984015565,0.24245092346647787,3.0454282415738527,-27.331896335396515,63212527.50849265,127012695.8173723,0.4873436964942601,75456.39971049255,-1.1810258484653e-06,-0.10868631530619,-4254736.6052451,-81980.323400973,3840790.799089,-4.6349747761279e-07,-0.10764220059111,-4450257.2783664,-97084.909178791,4009208.7238317,-0.0001863868484067,-0.1081747973047,-77824.249096504,223572.68692866,264749.84070993,0.0001848247406891,-0.10817413951708,-80518.267912368,206018.48314502,251083.49642862
2.352133875001771,1.9841148675265057,0.265154427125336,1.1418580156887874,-32.53806381927724,19635675.151413605,69400327.20154943,0.5210397271683986,59749.12028783339,-1.8268036335146e-07,-0.47567001709351,-2174528.751833,-61167.817763203,1949267.1872147,1.2682582090529e-06,-0.47518346497614,-2639470.9227974,-97739.022264815,2349395.033385,-8.4956529064615e-05,-0.47544800771976,-38517.437919806,12648.751000049,49299.426326109,8.5943698738137e-05,-0.47544631245383,-38522.750688549,11710.721690914,47745.401159238
2.934651742940443,1.7825438732403653,0.1667174218253274,1.1046354182306084,-31.886713382437826,35617134.166371286,107196151.23416126,0.5777497574279078,51504.71345627794,8.3336433705212e-07,-0.24967616893244,-4852639.6538111,-129026.08662084,4355218.2148928,-1.1589254311978e-07,-0.24604778548627,-4909656.1005105,-135800.41834361,4402655.1080098,-0.0005150621080777,-0.24788269473612,21332.370403788,1623473.6796706,1472647.0873136,0.0005160055761687,-0.24788480440607,21384.681689847,1625938.4955936,1475049.3022395
2.4739610255399973,1.5163052201561786,0.3549338160930594,4.274781510756686,-31.702469207750504,39035396.283889696,139818005.4489025,0.5267407006532779,51063.76621222211,-5.8321657360839e-06,-0.21636318805376,-46495.812577366,-94315.705466847,59158.047871241,5.05611514751e-06,-0.21634517230899,-114747.70063083,-122773.09019219,71690.132861059,4.2120746005425e-07,-0.2163634522106,-56967.190039914,-427098.23803528,379372.14193424,-1.0911540650802e-06,-0.21634578345858,-55286.04772152,-419191.03692299,371216.2249609
2.406211668821915,1.7483364228612723,0.24081614449335853,2.9766655951227228,-25.278227048395614,52483684.45853615,114862912.1725137,0.4570741603849623,93632.09906902065,2.8861332901949e-07,-0.12095906483686,-4345239.772082,-12857.240307351,3973225.9767683,8.4845029171933e-07,-0.11990052767195,-4468608.5474524,-23560.840448135,4078602.6487076,-0.0001807042598139,-0.12043584599362,-27242.378073483,-176741.31227082,143421.16024761,0.0001818234229805,-0.12043653431571,-26879.602500527,-176861.13741645,143766.2428213
2.1078890902367546,2.7791452809568025,0.20116939052171579,2.2117796984884706,-38.80094656775096,60257120.98702714,105723497.20456755,0.48713565130152364,28468.733198380396,2.6895662042271e-06,-0.20404780546025,-1970248.0098448,8012.6778012837,1811538.1398041,-5.8073505993119e-07,-0.20355974215892,-2504292.4765537,3085.4574973376,2297444.9221753,-1.4966633651592e-05,-0.20383082616951,-4733.5218792365,-991866.85944783,905779.26690984,1.7381133797059e-05,-0.20383292330867,-4764.1265476805,-989702.49236634,903787.88058706
1.9618275803189762,2.1657471262639865,0.1710614640445372,4.600319686349117,-33.483594632124834,53455884.46125161,137334424.00148892,0.5398499649690828,25422.363686524102,2.8548132821558e-05,-0.16301710624093,-67869.511125403,-199126.93896721,153156.24926378,-9.961394202555e-05,-0.16296465363415,-208932.55888589,-196918.79440497,138111.52634247,-3.3665152058553e-05,-0.16293379369327,28325.764377171,-793773.94150475,748147.62210944,-3.7373571892241e-05,-0.16304862410434,30386.062624873,-788793.59303194,745094.46315282
2.331120441766563,2.598386112724339,0.26685679816690944,3.908562827498295,-25.83318571326626,64958166.31317005,62331545.35981021,0.503622350679289,62037.03755432113,4.5734467217877e-05,-0.08729165832168,-2669195.6718381,-150129.95842855,2340170.7799243,2.2032242501146e-05,-0.086628948486603,-3076131.099894,-197878.46254145,2680441.3284237,-4.4500703997153e-05,-0.086968358419958,-58584.638487732,-944898.36760553,824599.52151149,0.0001129051025058,-0.086984508441429,-58685.416272525,-941752.15491872,821590.95919997
2.9400497797757303,2.2558553874706164,0.2929858774896331,1.947199155661196,-22.104198947136677,39494600.1767096,103935167.59153853,0.5851598745266454,87738.9159225848,3.9574015083089e-06,-0.12080300696956,-3661502.090018,-161462.6767666,3240912.5839047,2.9769748689048e-06,-0.11950614236162,-4046948.5927679,-179192.01139233,3581809.8241069,-0.0002230675676812,-0.12018050268718,-74757.253676527,759885.60280788,751537.70780696,0.0002298109646512,-0.12018233449407,-74554.764944702,757593.37639349,749366.35137679
1.524742634586251,1.88015445142101,0.19193755137578847,3.768571190616118,-30.752740899270027,72190620.09776755,104786984.362959,0.49891844441942784,77046.61136992411,1.1650175838797e-05,-0.11851262429142,-2532771.8169384,-110620.29083453,2242716.1453311,6.9968979709118e-06,-0.11820674513128,-2793710.870793,-127604.59564133,2469840.0618556,8.371801883127e-06,-0.11836461829715,-61716.787920696,-1288252.2606151,1137187.3634086,1.0538610060521e-05,-0.11836833664624,-62030.988607297,-1285438.2848734,1134387.8623708
2.801454153245775,2.0517638451559685,0.3011840644508285,1.6297345926523432,-31.377209127472092,63425643.97326099,50985227.46328845,0.6049635063218368,81197.64379542186,-2.9184106787185e-06,-0.14448485890317,-3074466.8782656,-75283.222064057,2763912.5990114,2.4052642617881e-06,-0.14365878108307,-3401917.1895347,-113449.75543636,3036905.3595781,-0.0001369017604089,-0.14409207090034,-64017.322316407,581092.31412976,579870.5271839,0.0001363495506905,-0.14408519569823,-62773.675678339,584634.42921077,582216.297492
2.0697987510550915,2.0840406459147105,0.22282217676303845,2.027894073490292,-31.93182975184338,39264603.30869467,79890514.92736775,0.5260248332808961,27552.46413270484,1.0063974887731e-06,-0.21046222838955,-661768.44603891,-99813.305761497,537632.79809263,2.4869338256673e-06,-0.21010584670885,-770692.02312185,-127279.72941545,618919.45188134,-7.0960248273349e-05,-0.21029640551054,-30737.662182149,-130748.58685845,100089.60399256,7.4552961434904e-05,-0.2102950551825,-30792.06061898,-129661.91012596,99097.8598195
2.79614134517367,2.4291072806179344,0.2414574838154594,4.1961186546932225,-31.18595177259274,72635103.13900086,105660363.35149863,0.5110195346884424,33579.28128960023,-0.0001348697636156,-0.10586127110712,12391.271232601,-41518.93436481,365616.60603141,-1.4123812087967e-05,-0.10575699556182,-48523.584073722,-59274.999822076,472033.75495031,-7.6795203689131e-05,-0.10588135603264,99063.932857584,-787242.76238423,794868.39992548,-7.241972191912e-05,-0.10574379249578,95611.512249861,-794442.47949695,798843.60491442
2.7364256101657274,2.973826269718768,0.39834447420850794,2.2216244498503253,-31.294444675502298,59561425.88313362,80533596.91050752,0.5283795555347267,5491.0529743653005,1.4335786711965e-05,-0.12378471705653,-812351.32737154,-34587.536056586,719894.1868174,3.0736500632673e-06,-0.12360571077882,-1053799.5185528,-66832.135666296,918480.32530836,-3.2441544909384e-05,-0.12369960855604,-12026.03715506,-139481.29731735,119808.6779463,4.9905734407465e-05,-0.12370938537367,-11836.618291015,-139159.27732119,119571.06638725
2.3291211013661623,1.8221512665523338,0.21298942257529008,4.3685298889374975,-30.930346165555545,26096185.98018107,124546318.37618159,0.5761729332636893,2787.6680164449976,-0.0001137008474863,-0.26995528949461,-17310.759155654,-41482.959880374,27380.138232851,-7.6065231857092e-06,-0.26993055322004,-115270.52860744,-84093.9202056,65988.661812525,-5.9541260145799e-05,-0.27001082426424,-44620.158022659,-440130.20828306,394470.28509193,-6.1685181863223e-05,-0.2698755850912,-43757.072687223,-439733.82394998,398218.53652931
2.3562986615722865,1.5648558777821364,0.2385707975787974,1.5750195803029987,-20.498051765845858,22388164.669225708,54696223.80836682,0.5207556849764606,40599.65918591758,-2.3101805617027e-06,-0.16331575550082,-2425175.877046,-52283.356584809,2185756.6896437,-3.9082494609831e-06,-0.16272800057233,-2667822.3421599,-71366.079104196,2394595.2184425,-9.9709091902711e-05,-0.16303259743935,-52813.7702002,866889.87825303,833264.17812115,9.3514585766603e-05,-0.16303467478995,-52454.378060798,868748.02703926,834528.29184836
2.7713140963171567,2.6586002636412918,0.3168957853994209,3.5243565000697465,-38.65197310280429,65929891.71495593,89947893.69033253,0.4879377192158943,46324.797404750745,1.6235819419729e-05,-0.18965351581675,-2818675.5572596,-90432.809166255,2518882.632793,1.3268705185238e-06,-0.18894171716545,-3113191.4099487,-115514.60496239,2771012.025102,-0.0001199120844339,-0.18930626310458,-53270.750312278,-177331.86034131,128268.16662242,0.0001373048613408,-0.18931898303575,-53307.102984486,-180340.37139831,130889.6562243
2.7029005816233442,1.5375684097982283,0.26213314150224565,4.656682747389311,-35.51533290804717,54547847.299332924,77135603.5525285,0.5651530077116631,51318.83758150113,0.0001150466512706,-0.19243131449775,73861.974429803,-41878.094959513,332180.39298373,-2.6895386959227e-05,-0.19236704697734,-44786.50933957,-56509.160399088,390120.92445762,4.3112391583265e-05,-0.19227640816384,-180975.39211293,-483527.71182504,491746.71666366,4.4935092068219e-05,-0.19252744140239,-181022.50777281,-491081.59615168,497450.26747127
1.733530082653039,2.307502064883202,0.3630196061679806,4.975415589192032,-25.825144978960978,29996517.038563307,68609833.56436856,0.5864472272601858,32239.016700803175,0.0001369034333276,-0.17120544924762,-52272.493201436,-172450.12004044,125531.52621057,-0.0001521756255655,-0.17117572757941,-148988.49718496,-194434.74579351,112242.83774111,-7.8381862358329e-06,-0.17108298699668,10907.024661026,-469078.51112744,438154.92576806,-7.3946684514572e-06,-0.17129947142306,13419.668946166,-467975.50364722,438942.83417585
2.5689833279512344,2.4434891666348646,0.1837119124560796,2.686666540324702,-36.673632637074206,22008928.21842819,145335626.50779486,0.5024785436730067,76038.62095284088,-6.9689962605508e-06,-0.54362323341179,-7218934.6318555,164348.8649674,6735258.1709416,-4.7332036732798e-06,-0.54078369952418,-7982969.7302529,172672.5002717,7441501.3275544,-0.0005148653365427,-0.54226892589612,-87131.98099356,-159313.93427785,100926.45889732,0.0005030450531607,-0.5422661363044,-87097.709905189,-160045.92295304,101450.00529879
2.5248273263446723,2.7343092200916743,0.3526478061048185,1.527000508983611,-34.42222196040793,58363723.132566705,121450485.87798777,0.5296473760118554,90979.3769302623,-6.6883082829231e-06,-0.18896272549483,-1795556.0079907,-100886.49806837,1574043.8005499,1.0934152453131e-07,-0.18861821822155,-2227068.1747497,-143741.07989055,1939346.0478507,-3.5889532540102e-05,-0.18880934138378,-56626.881210734,-739282.56149712,637812.99572143,2.9144732568345e-05,-0.18880376498136,-57503.229463101,-740131.76488267,637983.60507968
1.6376563059830005,2.1441238509077003,0.3335661533277141,3.3339137557649265,-29.46356972127368,14754516.948794682,96154437.10510775,0.4551697243074579,78752.06828283172,3.2867829050418e-05,-0.54800360790369,-685674.09246617,-173970.95246442,513140.56833566,9.236140132608e-06,-0.54793289140615,-847805.36410822,-218454.90202124,632478.68726887,3.7875775651142e-05,-0.54796222351342,-70970.247846999,-936966.13705941,808898.42730711,4.2846259837752e-06,-0.54798021972793,-70766.834268527,-936759.03686263,808805.48221214
2.939281012223545,1.5850442806030798,0.3192249660475161,4.156369775828751,-24.94003990111175,30127911.324038636,93400338.121427,0.4805315747759067,12172.535388388837,0.0001188624966167,-0.15573840146161,67237.998818613,-32605.422262847,236075.41111205,-1.0120369461664e-05,-0.15569454152493,-2999.3754958836,-47971.498775798,282903.76858472,5.2806182858808e-05,-0.15559854391118,-119598.23983048,-244544.68699119,260358.91032956,5.5743584066735e-05,-0.15583910375174,-120539.1335654,-261460.04721675,274190.24301086
2.936597466282874,2.4547219925595374,0.1824066521265365,2.4930765317674144,-24.27841677138297,64846173.19528928,68500090.41577446,0.5844579977476851,82937.36787228989,-8.4876569857261e-07,-0.086205137916517,-7467676.6373344,395339.4358279,7132452.74398,-4.3722923201246e-06,-0.082512480306595,-7552446.8767218,394067.84867011,7209170.3699136,-0.000558320894049,-0.084372688789314,-118894.5736639,-214665.23560715,130318.77577678,0.0005522869840259,-0.084374760290813,-118660.94127586,-219823.05240689,134393.5466545
2.6355596938155577,1.953810146621691,0.2812441238832337,4.037452679011251,-35.92112742177316,44704896.98347221,76308795.2378547,0.48781521665096433,13653.040794967586,0.0002898756921098,-0.22496124524767,33841.99339114,-22018.42410977,162167.85877962,5.4069101247876e-05,-0.22491885834948,-30716.50028728,-39987.408840143,240497.09318929,0.0001713266882199,-0.2247833764987,-98446.551404096,-344246.38902512,323541.88168808,0.0001725360031181,-0.22510213227987,-97279.873054782,-353891.14263074,328925.32491904
2.7956892835438305,2.552048663018225,0.31658146181165836,3.495042602286158,-30.084150770251064,23428969.497348208,59470896.39781766,0.4921020016829666,33402.74785222618,-2.6899333499832e-06,-0.30988933820631,-2457502.958244,-137194.22898127,2154980.9726273,-1.3435571068783e-06,-0.30915626420681,-2807320.223426,-162871.91760672,2457658.8250373,-0.0001483006982615,-0.30954425838042,-48214.514768311,171820.42633432,194635.33887451,0.0001442182020044,-0.3095427778722,-48053.474253042,171092.6388443,193793.92957032
1.920683429720064,1.5990666354757588,0.2367942982097004,2.833288342700035,-21.962481761283208,46993348.09786736,140419206.94032252,0.5325505177731513,69024.80188677568,-6.7226806888797e-08,-0.094733037011647,-1077998.0540228,-217012.73349513,840799.7198621,-1.3106231547043e-07,-0.094374657673013,-1149470.8095252,-238889.41299446,891846.61605291,-6.5942470499459e-05,-0.094557752685223,-20024.914552078,-344399.33212615,301575.14863506,6.5753473860941e-05,-0.094557825277465,-20001.31340368,-344330.89572582,301429.11887009
2.7394264749719133,2.183728868448338,0.22451970963441298,4.448689316880232,-31.963302767503652,24037920.72273638,147884028.8654701,0.5226297069602532,31152.49462271677,0.0001653759905612,-0.33327158628346,31609.686068341,-44510.953729,412624.27272223,-6.9563347706882e-05,-0.33316026239832,-75832.839498327,-68337.176665607,585477.99512958,4.5604587643381e-05,-0.33307459697711,126497.84905094,-860096.46455899,882381.95785777,5.0189118629847e-05,-0.33336859597994,129380.22125604,-853959.02179803,878982.89812125
2.1974262513154796,2.510569101903103,0.2916770416654262,1.8614316514458862,-29.402607119387476,45431489.18651531,59615498.24913851,0.5560974972784147,4645.241780402216,6.8311114964927e-06,-0.14421722650777,-766896.67032806,-50303.376467671,667305.51866837,5.7804991599115e-06,-0.14404236120586,-1038592.8091503,-87848.344912326,890023.78174948,-3.5088475970987e-05,-0.14413967062968,-13341.453253685,-72081.884446955,57495.33142762,4.7622983330763e-05,-0.14414085392775,-13547.323562707,-72936.950697371,58198.961750686
2.853718838131039,1.515119360455171,0.2635539797962374,2.3752760492325606,-37.36475993570123,40370059.86527302,107595534.38800216,0.4730133515320075,51202.97889222683,-2.1862153882973e-08,-0.3027656443383,-1620460.0493508,-170927.17519179,1365531.2956258,5.920312298229e-07,-0.30176416559629,-1637256.2744028,-184730.54357096,1371546.9256571,-0.0001317924050707,-0.30226657095965,-99275.900897776,1753445.8817853,1679493.5458243,0.0001323438311806,-0.30226917228504,-99348.659497886,1753110.117104,1679239.7424982
1.6818571528912734,1.9260906923147592,0.38454261454043154,3.320181279613973,-33.11984089928867,30352357.467879895,148552419.31676662,0.5111180944680735,74575.65432858605,5.8101232532931e-06,-0.32425526658335,-519401.59662788,-158500.47828386,372900.26092929,1.6747617414368e-06,-0.3242038313633,-587385.92564854,-187636.80696051,417030.08065101,4.6720258972256e-06,-0.32422902422666,-58439.6025516,-552092.65306306,465203.76449852,2.7946487528164e-06,-0.32423266302798,-58034.387988473,-552620.52306435,465961.19285081
1.5882729030037541,2.8224974689575384,0.24761061821362249,1.2702785774052514,-26.343275366659213,74008796.79366536,131024533.92079605,0.48924682772084066,70719.63288950517,-2.6553260790872e-06,-0.087281059959373,-373008.19114711,-103600.5501779,273641.38402781,1.3322104737127e-06,-0.087229501608298,-774805.40222674,-161433.23898615,600880.94697223,0.0001687800201387,-0.087266949289222,-19066.116977284,-1816667.0185507,1651413.1559577,-0.0001705792315206,-0.087266084042683,-19338.187939072,-1819803.7569765,1654032.8052664
2.7744623458300803,2.459031160466063,0.28106057716476585,1.1817544494320942,-29.290776448121317,20113099.899586707,78562602.58828062,0.47866819637973307,39552.05351490535,-5.3915078714147e-07,-0.36246830677188,-2168114.4705867,-29359.081385498,1966038.2658083,-1.3283911124451e-06,-0.36178586989098,-2827756.8289355,-60229.136591888,2548622.0537603,-0.0001282562012057,-0.36216607996488,-35219.045409559,146274.49920519,162139.87591104,0.0001263753433415,-0.36216690309983,-35332.338061937,145612.99869598,161647.38414959
2.63234339636015,1.8458144795835212,0.31225978391761855,4.444832068753707,-38.720011122637864,31334052.836436335,98305124.90572655,0.5487918477111601,90121.31915665617,0.0003129902294226,-0.42648567420856,-104389.55811551,-109256.69378272,64232.337133109,0.0001158219784942,-0.42644523249763,-199361.37486888,-144605.19770396,113571.21096034,0.0002171550585027,-0.42632506442754,-86942.07753878,-745190.0135853,670363.81334318,0.0002115758307091,-0.42660691793912,-86378.053970084,-764153.00626511,688685.09711253
1.6031704822921797,2.6444428534513675,0.376858599419129,4.935736624552098,-21.65348534636021,46198392.28782843,131655017.03796183,0.4383469946397741,11952.159574993577,0.0003455254465515,-0.07191258321463,-44966.31634314,-150907.37526194,109965.60738532,-7.525244531689e-05,-0.071885385091476,-137699.09104136,-181480.55532623,105064.96741397,0.0001352006328198,-0.071772853674264,1992.7735680293,-360877.24639472,332761.82916519,0.0001352508232142,-0.072026415522123,9223.5300931639,-355559.46996273,333046.84879104
1.710854579409012,2.0143271514238776,0.2605789704125208,2.76348002458671,-26.442119306099226,69923384.52482009,126459213.48375502,0.5650042140186691,93389.4053104225,3.3717072755446e-06,-0.096246963605827,-964733.18904578,-217710.21126679,748375.4733858,3.4376797876504e-06,-0.096067509036388,-1053611.850153,-242671.23004362,812025.87924445,-3.46945092648e-06,-0.096161112909713,-69196.235002365,-864522.8583874,743600.39006871,1.0422613818903e-05,-0.096160949353133,-69031.158458806,-861557.41326322,741307.11983481
1.8175196656497126,2.739781066139436,0.16289061911704453,3.8518566704526083,-26.31629462215394,38097826.500886224,75130274.72270736,0.4697372434666926,14240.901652573179,-1.0954531399642e-05,-0.13647171454802,-2646959.3984562,-47148.750933037,2392862.2180306,-1.4237348583962e-06,-0.13588097165042,-3714872.0977172,-65717.015682485,3358597.4099007,0.0001807658954328,-0.13623006614047,-80134.862922023,-1938699.3898393,1719789.9385823,-0.0001934283470936,-0.1362264100454,-80146.174570566,-1939605.1835469,1720674.9319805
2.654882539862734,2.959327449455122,0.3260395177943112,1.6367342991158744,-34.20846284072849,20253142.768841863,60208387.13989766,0.5644530743088141,49905.455440863836,1.3572076636531e-06,-0.48634020882933,-1791017.8484276,-71943.944226069,1590209.9847191,3.3128566738663e-07,-0.48590590855654,-2433767.2807384,-117606.24895496,2146929.7200987,-5.3763845583753e-05,-0.48615213334503,-37401.935305163,-570942.74188337,497212.79247227,5.5723752731909e-05,-0.48615298918305,-37499.556570913,-568783.91558209,495194.68808147
1.772381911880543,1.8733974563761164,0.2893105251801704,1.8636874628484508,-21.56465636929869,27656076.239250686,131763719.8813004,0.47953422663512213,12790.25631089882,3.0630675061755e-07,-0.13188016779504,-618453.53339256,-53439.231234171,529227.23567402,6.8208298596927e-06,-0.13180564695981,-759222.65479439,-80755.731426033,639350.38886025,-1.0371722533613e-05,-0.13184906658605,-17356.257212935,-122490.01956159,100512.53406972,1.7465823592748e-05,-0.13184288420802,-17472.903446241,-123237.12209881,101110.37400429
2.128540383073684,1.5468980230237792,0.23308514221128213,1.5412174452461682,-33.18743303179303,10192228.703424519,124055223.16107264,0.44943159424041385,63485.3383290041,-2.843940389214e-06,-0.98786625837041,-2293118.0767458,-131826.4109667,2008305.2621664,-1.4526033677786e-06,-0.98732076066855,-2557299.1734549,-162006.01432849,2229229.3598604,-9.5217524954561e-05,-0.98760690054626,-32596.253725128,447208.55141011,434264.88660436,9.0959878662251e-05,-0.98760491153858,-32468.139778527,448305.53268938,434753.95272636
2.7109310906724344,1.5362178492676122,0.2299166498399961,4.5391988084500765,-34.3698784384284,48536998.15879545,124639659.227585,0.5428989551932536,50224.72805535054,2.5080717230652e-05,-0.20234070927244,73987.425855043,-39042.663060963,357831.88880092,4.1918307086876e-05,-0.20226554527204,-34663.59013105,-56044.737459655,463292.25754224,3.2472897921877e-05,-0.20232041387539,-211086.46725411,-550169.08891088,580409.93743845,3.4630655058909e-05,-0.20229414779097,-236732.93817442,-578420.58287703,580539.10130418
2.879601907582538,2.0691790444940903,0.22478423367975897,3.9331549804178105,-31.227314703328577,33658099.19068493,71519674.30395706,0.47310144508296004,29829.65826909396,-1.8669665130199e-05,-0.23389903960105,-4461423.0352691,-131752.96465051,3994968.468383,-1.2246713111929e-05,-0.23170188500997,-4667716.7117437,-147202.47843546,4173058.0093514,-0.00040508136585,-0.23282473962837,-57906.861608459,1713166.5769109,1612424.4478522,0.0003740538660881,-0.23281769544118,-52015.201718546,1743518.1593452,1635717.6781408
1.5693394373628793,2.947261562654836,0.16441255386026019,1.1913868088656565,-27.45394513139015,20529472.75173699,72275345.29286934,0.44207572797572253,67405.80165378592,2.7494857144337e-06,-0.34312637307515,-670072.20601699,-84005.095230513,555765.88243294,1.3736796771071e-06,-0.34306863474038,-2013016.5791963,-111545.64929167,1766282.7299882,0.0008081346944362,-0.34314468389389,-111875.3813118,-3497859.3450001,3126825.3902409,-0.0008044231806832,-0.34314665532479,-112296.987733,-3498353.454911,3128341.9262716
2.898581565443395,2.935069679061984,0.19391715840905568,1.2655804842724057,-29.394996879073645,15465761.503580917,91277613.65013817,0.49719949698910026,62669.23001507379,-8.774320707157e-07,-0.49247735204554,-5054169.2393064,-142175.41416214,4530564.2958064,3.4180298768619e-06,-0.48920467005291,-6670382.8863161,-202435.46880303,5968846.29139,-0.0004736244004706,-0.49105233442693,-42556.420209424,-837625.22147021,738346.27893349,0.0004748330582708,-0.49105099204768,-43052.617652699,-840434.33337,740804.72452312
1.678606092504925,2.1028317355456614,0.3936023825273727,2.20912851334534,-30.062331934513573,52070268.66396379,58463604.16569292,0.6041837570932684,46911.76452880118,1.7225879824285e-06,-0.14882546352263,-298968.43552441,-84700.763589201,218360.16852737,2.230277538292e-07,-0.14879382992592,-377927.6204829,-117024.80961494,270371.44707743,3.53812525779e-06,-0.14881028518077,-30658.224815771,-418668.97185695,362107.747794,-1.5800386904278e-06,-0.14881145988196,-30620.419591608,-418362.55389492,361856.66996665
2.4302099039878504,2.81046757396503,0.33788545644969153,2.0505745717974553,-31.249732808439386,11857907.435487151,143435739.90216696,0.5886141322112883,41299.55262416861,-1.0286979955786e-05,-0.67777543105352,-1274252.780236,-55842.395121722,1128103.1433989,-3.1850190554703e-06,-0.67752654202345,-1712756.014883,-91749.749267154,1504595.7114652,-3.2760660245223e-05,-0.67767002278656,-38583.321375772,-537616.84153667,466126.21584248,1.9261021260358e-05,-0.67766394586657,-38597.593469038,-537870.99524839,466350.73262685
2.320549612249578,2.9644992266604646,0.2584881992684805,2.1664769423198718,-20.341996581891433,76633484.30268769,123857698.29075643,0.5641741034560398,56149.19941716956,-4.623959985622e-06,-0.046545601580902,-2077832.2440635,-34046.244234858,1879946.4572085,-4.7912026090831e-06,-0.046078326657009,-2565791.3420015,-52162.338694809,2314212.4831899,-1.6679555912525e-05,-0.046334993758098,-52516.193888433,-945673.20838023,829638.54046564,7.1137701030172e-06,-0.04633485320383,-54124.534417569,-948817.81885476,832760.33886723
2.3223558065116863,2.0616439381021445,0.2582942187271752,4.238572780463357,-22.441285295960714,31002039.73809353,54976985.54981652,0.5638550394438386,23229.018144498557,0.0001433350185925,-0.12199465704507,-55935.084717547,-78144.483718949,44586.719870747,1.0589106059554e-05,-0.12195960294051,-128599.93824503,-123599.63782211,75787.306983823,7.7516488587676e-05,-0.12190312778564,26948.630878164,-623428.60546708,591152.8472403,7.6473689005765e-05,-0.12205232810981,29816.035896509,-616926.26452426,587288.28253311
1.5033414044131022,2.6548132325884577,0.2334014580121399,2.2664523470303712,-33.299646398318956,15371405.235200126,142148752.66772228,0.5911708546015537,2613.5645112665948,4.5606100471561e-06,-0.54283569523246,-327984.69185484,-33554.880350433,277093.23965849,6.5399255049104e-07,-0.54278188400038,-717502.9847427,-60428.948830651,615041.2584222,3.9079913813343e-05,-0.54281660539574,-25487.840924432,-467046.29317161,410378.24836404,-3.3686981254861e-05,-0.54281839107563,-25415.853919395,-466476.88388694,409910.36557207
2.785604456959778,2.664312513663287,0.2756326213627578,3.0258585830237696,-25.717800285066595,32849495.73595136,113005253.4510718,0.4487201621372402,2351.791412160906,-1.0609860609121e-05,-0.14871819916463,-1979721.849812,-82321.588211232,1755925.6982748,-1.5655207225203e-05,-0.14798972184882,-2380956.6784713,-113761.70912229,2101421.5647766,-0.0001733131763166,-0.14837997872605,-28465.249247778,225293.65530348,227744.58202248,0.0001472721072741,-0.14838415068322,-27887.760753309,229267.87205964,231017.23659174
2.9150572163352133,2.1856121457072297,0.27096133881592843,3.564532258717453,-24.77927502061258,57722919.70655259,97279323.8915849,0.495923506054472,45909.06595641786,-7.2805458345395e-06,-0.088300290324358,-4132251.9249905,-51694.04354206,3750308.531879,-1.5306755458609e-06,-0.086931630547558,-4361632.1901879,-79388.853772424,3940658.0448358,-0.0002480358129578,-0.087630627134168,-29177.983225189,737867.28158107,699949.32993708,0.0002391673527375,-0.087623633096364,-28960.088456472,739703.06663278,701184.93510942
1.552433289751093,2.8131700345012476,0.18771231189409152,2.9435077971472072,-25.342428540614435,43988295.7172408,65867309.22936583,0.5189169775918323,54354.689980035466,-2.7317236485999e-06,-0.12391097729493,-564892.17924286,-168875.37913999,407762.89164254,-1.1535103142031e-05,-0.12376779756645,-786288.55386519,-231684.19629185,569591.67965467,0.0002870979702902,-0.123853584212,-130091.90267437,-1437377.096424,1226094.8719794,-0.0003011685095611,-0.12385808854281,-129717.22574584,-1436750.7140785,1225622.8707283
1.8575494639572172,2.820247917012586,0.3468043337608496,2.540378825600806,-39.3218275073241,64133709.93119321,127774673.9333197,0.5001826555630007,6734.260167379698,-2.241380345759e-05,-0.18686399556519,-219124.95790957,-63113.721467341,159470.22403832,-8.9241219351342e-06,-0.1868122613332,-345232.43078054,-106344.04928874,247292.90973334,-1.0344695415689e-05,-0.18684640855422,-17797.354268349,-344643.80771321,303316.82161104,-2.1019814787852e-05,-0.18683806611691,-17958.896424178,-345314.24990381,303810.60443214
2.1346878008188686,2.090815625275104,0.18481523705406175,2.3636341618649004,-38.56096009453576,41057906.961077824,118816658.39374787,0.5479036432588276,58048.957361916895,-2.8770886824041e-06,-0.3106839299845,-3866884.1558718,130621.86133177,3638874.7989429,-5.1947995609282e-06,-0.30968793774235,-4260256.8250796,135441.32720138,4002860.3466942,-0.0001812581296861,-0.31020654888738,-52099.626710861,-330972.63909993,267958.28385471,0.0001733377855813,-0.31020826583513,-52085.546581454,-329597.02501254,266708.99093028
1.9883576337382807,2.7127811488256643,0.206544155353292,4.8955456180096135,-32.177770116888034,48635052.611364946,146077873.80701786,0.5976569513987715,57293.266902947325,2.284740819671e-05,-0.17490312883036,-172167.98117628,-284772.2006181,190271.11258312,-8.9511592906432e-05,-0.17481751426502,-299518.51842144,-301413.29627484,208897.54549545,-3.4333680431886e-05,-0.17482020111815,15665.214704175,-997458.10738742,929408.74626663,-3.2996236855099e-05,-0.17490315868139,13814.911977346,-1005930.1297489,934865.04600339
1.6985929095149794,1.871639020775613,0.1618461368912206,4.521205966146356,-31.481218501733583,12506480.022514544,61290778.25870898,0.5820888644818734,39724.75075884887,-3.9139362265978e-05,-0.63677451494831,-112025.20233703,-351573.70691131,276790.22792115,0.0001163178550625,-0.63672574404007,-206977.33716442,-338513.41651766,246135.77185939,4.0790601247907e-05,-0.63682042005676,-107379.17966798,-776017.82707715,720696.53814532,3.6400055281162e-05,-0.63668015802462,-99194.258680082,-780486.1724408,727087.54970996
1.5146101883813876,2.6004552481146477,0.22247095661410932,3.965724481027058,-31.164791709472524,47788065.64596147,59298617.152222574,0.47776015101998537,44287.69873062392,1.6083130775256e-05,-0.16899616078811,-871083.53988815,-124062.44628609,712516.74823608,2.3162515929456e-06,-0.16890108618656,-1317207.207545,-164147.35770794,1093028.5183189,0.0001751522232646,-0.16895523237031,-25513.88518346,-2047382.1966963,1858322.6831333,-0.0001565192730886,-0.16896279949675,-25545.645100335,-2045990.1866285,1857022.6685348
1.717043021174506,2.529681708514902,0.35947787112176793,1.4444279418107704,-25.925858633770154,61646697.22307563,106782463.63334717,0.5458408882530993,84018.16533104527,1.3577812901393e-05,-0.10481916776238,-382091.09501471,-115893.4932166,274713.14145488,1.1449841358495e-06,-0.10477275941349,-586902.9951044,-165093.58978594,429355.02526525,4.1322381433532e-05,-0.1047954656964,-53077.739562486,-929237.3273659,814022.36896775,-2.6634605045645e-05,-0.10480384715938,-53203.098658919,-929464.33714354,814364.55425886
2.10398879970191,2.8789510971455075,0.3063840722362877,4.827566166862148,-28.36737347649525,70309384.88518578,55635218.75364422,0.5774593346504866,65168.66339308945,5.4778951622576e-05,-0.095140856597144,-164708.72522308,-62749.57547566,111595.56743748,-3.557511328292e-05,-0.095077680431816,-289056.03223162,-117927.39524987,192031.72944359,1.4822247183397e-05,-0.09507785214455,-8.6419981379295,-772982.27433276,709008.67821685,4.489270789627e-06,-0.095143331107043,-123.68951977731,-774611.43852985,710358.15143823
2.111945204950819,1.7396090465567053,0.37406076335553984,2.4013367178816827,-25.21312196816953,19333147.72123008,60439344.91509962,0.6059879590360924,55186.84572708158,-5.0280903361533e-06,-0.29046506052732,-909888.8188243,-88625.958213111,771743.31554124,-4.172258128509e-06,-0.29035652992036,-1001663.5779917,-112759.42505241,839278.06399987,-2.1896865825063e-05,-0.2904133380032,-38849.274224065,-189963.3512425,147857.84482933,1.2694541691144e-05,-0.290412230493,-38867.637404822,-190316.98094491,148722.6971612
2.026711436259431,2.390303642736631,0.27189685688402354,1.1117347295998887,-34.09893537227701,62018905.480211616,63464223.29472162,0.45410033114705317,47596.73117202288,2.7008162600233e-07,-0.16608131611424,-944537.51663273,-76225.647084571,811971.72053599,2.6672499422213e-06,-0.16589811562702,-1286405.5115566,-118851.08102369,1095539.2948925,-5.8615401829643e-06,-0.16600358643101,-34766.102011034,-592087.5367475,518239.60440003,8.8113013533723e-06,-0.1660016916691,-35012.272390272,-592238.35771048,518070.14069644
2.358789254214457,2.541899513364271,0.3346487691340753,1.4107888659474137,-29.168257533075156,48048889.843928605,101902832.79965508,0.5812237386131204,50266.870932960606,-5.9235978357771e-06,-0.15308896730772,-1191717.4636931,-69687.366435145,1042793.5840627,-3.2388105010559e-06,-0.15287036679692,-1541283.7888607,-97369.916351199,1343626.7309172,-3.3115548305704e-05,-0.15299318187891,-33954.39899644,-403007.24648573,345695.4113606,2.3859021569893e-05,-0.15299063602522,-33459.862756606,-403731.39752761,346681.66996644
1.7228501739895266,2.485487241733822,0.2843233714013882,2.8262901109984027,-32.63927516853496,56854352.48830638,70695026.1360307,0.5205468245792074,60866.2592013754,-2.8471290525064e-05,-0.16254240741769,-520464.8388066,-141460.31964473,383624.63376628,-1.6476521042233e-05,-0.16243975004318,-697388.25866796,-187683.65345393,515147.43460792,1.1238181348497e-05,-0.1625001277455,-51521.60481625,-844074.74889037,737158.75254191,-5.6321518260822e-05,-0.16249195516311,-51571.229286163,-846064.80489336,738942.14626258
2.756209183295435,2.4258335157215405,0.17619138661765033,3.1049646574625807,-35.20690332591199,22795474.69401568,71749734.49138378,0.5229821426248825,5587.314033181256,-1.0623232215369e-06,-0.40885774458525,-5458001.4239846,-31144.008605644,4981893.1285379,-3.379302733919e-06,-0.40613067960761,-6191330.6115398,-2730.9422844399,5672535.1168981,-0.0005657730386424,-0.40757596586045,8431.2066898906,673923.0822286,611643.06420836,0.0005613900055667,-0.4075779991279,1748.2618700262,656401.04883227,600431.60502159
2.5651477179175988,1.9149013736351415,0.18474667439119014,4.75464882386281,-27.987932068794244,65178507.6337122,95004930.10397397,0.5822829256872959,3814.259139981275,-0.0002111892035009,-0.086669284071254,114541.8630151,-20083.361985702,254670.45808719,6.1643272867686e-05,-0.08660609767981,-73285.672601775,-37703.740920267,389343.7884844,-7.5697447440717e-05,-0.086825817800517,-104479.29731145,-455053.4807454,476244.46257974,-7.3646076237866e-05,-0.086460434128111,-99183.244245865,-450278.7426039,463705.9942939
1.5235652870856984,2.8958881607127527,0.38109980529149334,4.697778937339235,-39.68223362418555,65520849.69011115,133274493.28103295,0.5910717675008653,80816.41685537121,0.0001262354760445,-0.20877080310207,-82241.483003827,-310121.46048294,235283.91848551,-3.0190235048106e-05,-0.20871898261564,-198367.74746145,-343544.26038391,213834.37942176,4.9517826629767e-05,-0.20870511982799,-269.18081220606,-581092.8982583,532732.93585322,4.6706839074768e-05,-0.2087870381406,315.63593773486,-582168.6079901,534045.8627833
2.8099003963667615,1.5292415704403908,0.19698337131578414,2.045558493881198,-39.67244046561362,74221697.56008568,67077025.07476461,0.5108559018666347,30723.814499430115,4.0940360706815e-08,-0.17501191580701,-1205737.5475195,-184506.93001633,977821.12644947,-5.6956754019473e-07,-0.17362980287346,-1128655.3937439,-182177.05655879,909126.66134044,-0.000187299727468,-0.17430970088944,34287.765103152,117458.76401414,85674.304910877,0.0001867987671915,-0.17431060411903,34396.311704403,117850.75836739,85964.415588711
2.490153325639367,2.699320024961862,0.2502783173333124,2.4423467212221373,-26.99504787685116,69264442.22309425,121535147.49016829,0.45342461942110124,59534.47129487317,-1.6838253180341e-05,-0.094058653773267,-1849400.5410738,-228780.07761315,1560979.0757735,-4.3336819145599e-06,-0.093288034572406,-2098571.6568734,-273484.43043504,1762485.5231586,-0.000109224830787,-0.09370244146354,-47500.690265227,-823890.66085255,721554.22463959,8.7674687252349e-05,-0.093690206949348,-47704.867814893,-825271.62868322,722692.87369448
2.392301192165953,1.8263576297405943,0.19645527509296715,3.3573566410506253,-36.555298762294065,62894845.73269332,114952875.48134722,0.5230177306339492,89140.55885605198,-5.0569677388404e-06,-0.19441781902803,-5461855.7864072,-169555.48459347,4897150.0848792,-3.3352960063018e-06,-0.19241519573658,-5514210.7754296,-178826.72129694,4938619.2491484,-0.0003430332188417,-0.19342146072209,-71566.20362915,506338.57085166,518739.71115496,0.0003339064604704,-0.19342042314642,-71762.37181721,501150.72100252,514156.21540917
2.4106156298023436,1.77409601400376,0.16376372232452052,3.3804252789204927,-21.005931909941474,54664309.86626941,79761015.39823666,0.44343849118357087,78642.15529114926,-9.3605825754148e-06,-0.078088973085919,-8562877.2427946,15693.335999942,7859790.0268294,-1.0278843342154e-05,-0.074850226263527,-8529111.4026491,10648.665410447,7825206.1594908,-0.0005354906807169,-0.076469595339564,-175900.38152683,1466759.6106439,1474357.3987914,0.000516010018872,-0.076471647946103,-178511.18752749,1468515.7388305,1477956.7313112
2.7536559318998792,1.9728855813820965,0.2214686439035016,1.663252425617151,-27.88721345868666,62989958.736478746,109957663.42210862,0.5198310091890058,80686.37002881237,-1.8144303889393e-06,-0.11707807899756,-5120934.1232393,-41521.172819923,4663599.1411848,-2.1731134870276e-06,-0.11521918263725,-5375494.5850722,-53693.167287489,4888174.559284,-0.0002997247372938,-0.11616922543922,-64425.099011062,1014043.4293649,976482.4691162,0.0002960968171476,-0.11617060893078,-64636.53793055,1018266.1796199,980749.50299039
1.5831294611199835,2.44002091304959,0.2712780208173677,3.608545099136488,-24.26284107802716,57772843.63437697,71904577.6860226,0.5404960094877307,85832.16951718413,5.7650558689721e-05,-0.093681301205975,-880032.62133852,-177172.08704327,686404.06754574,1.8584600654739e-05,-0.093578241295455,-1096188.5152257,-215061.37543028,858557.52072804,0.0001159254006084,-0.093622748273996,-77380.126708685,-1617072.4511273,1427125.4552097,-3.9730269385301e-05,-0.093646500821387,-77705.460078786,-1619136.3094073,1429272.1796194
2.7231059015996553,2.6794834213877547,0.393859634682696,4.323502389639836,-30.98317379691608,20151128.93566966,51602266.04328022,0.437428556016786,36977.503729462944,0.0002959654864942,-0.39211716275895,-118702.89047178,-90803.058688749,67336.291172828,5.7753881656489e-05,-0.39207312285882,-202282.50168887,-137858.84164075,116311.43261459,0.0001789948305298,-0.39197532481987,12799.526436185,-635931.57004578,592593.94072048,0.0001747298496049,-0.39221720036158,14937.426002518,-635491.22502781,593697.89630521
2.49840330711046,2.615739608438876,0.350549607266362,2.262514199629985,-23.83266834390462,78974322.74649698,97683906.52579913,0.49265832515182345,11296.974980045792,7.1886058574403e-06,-0.054535821005185,-561356.40904627,-70086.159958005,465731.9609187,-7.1556966085775e-07,-0.054355248013734,-670250.5203639,-99663.368989992,545576.01488836,-3.4713894180342e-05,-0.05444915562448,-19840.513150483,-100342.94378896,78893.936302246,4.1223969898161e-05,-0.054456125367647,-19803.792535559,-99919.427373538,78509.414924312
2.5175234949679197,2.284349653619124,0.1825479017876545,2.47322968334689,-24.49285192918037,11674299.665468987,111240283.19813147,0.49941833961064924,31210.358262325117,-3.6675766669399e-06,-0.41257007743437,-1523307.2224512,-200757.62888439,1256955.933753,-2.1251901337594e-07,-0.41067600887814,-1811603.5258607,-248672.7773043,1488252.7663506,-0.000385981161758,-0.41169629335583,-73238.859051316,502099.15488361,515967.32911806,0.0003823002967458,-0.41169244109816,-73236.901456758,501970.98116542,515850.23058358
1.7940132028021805,2.3610928447627364,0.16879807521457899,1.9786724622849892,-34.705040631144364,59345239.93928471,143614697.0596374,0.5726724934794488,98713.24910411288,3.374571976671e-06,-0.1918804790032,-3260685.6645088,-174418.27499043,2864880.0760835,5.3556510898992e-07,-0.19107024114196,-3748210.9658593,-213121.594273,3284222.2635223,8.4848753033003e-05,-0.19150324100077,-32743.424730411,-2626484.9675025,2383743.7098524,-8.1329889441143e-05,-0.19150637873098,-33251.139470771,-2628255.8068708,2385002.1755969
1.9975524145424526,2.545301740148571,0.18120989227495798,1.5082935708503873,-33.92240977471011,55630282.35915787,95422458.31907699,0.46231075458349474,17869.131716848875,8.5020787324569e-07,-0.16814869998455,-1469004.5518886,-89436.393331857,1283089.0722214,-3.8654065576339e-06,-0.16768417949006,-1941722.6183966,-76967.094892354,1728896.3731219,-4.3405363631594e-05,-0.16794877757606,-22630.321819505,-619049.96332004,551289.85676867,4.0578562741819e-05,-0.16795198276425,-18645.209717466,-608557.76532675,544837.72459168
2.7047067446484063,1.6608464364822506,0.253225522376633,3.286099772460587,-27.086447894127193,76130367.80602974,72225694.20941743,0.6008452481612621,90158.45792876302,-1.266385143247e-06,-0.091606028045644,-4948293.0247639,-27647.738389073,4515320.1435792,1.1264178073882e-06,-0.090148558532702,-4952618.8207817,-38210.576638916,4511702.9904439,-0.0002153829914359,-0.090879028718978,-85639.967488567,1844070.4529266,1753651.0816017,0.0002152805148158,-0.090876007101159,-85459.049114276,1852923.0770766,1761393.8666357
2.7640365265432423,2.25089924050409,0.34839352761312137,4.054128801334786,-33.263342915606415,62733649.64840816,113800602.74391596,0.4395271509378857,53799.1698793323,-5.7871147100075e-05,-0.15381408385315,-7409.9662326039,-59333.538810504,323135.60814964,3.3515343351333e-06,-0.15373510425215,-69347.662670621,-77354.42861936,385682.50727792,-3.0105848811012e-05,-0.15381398389106,122176.74275109,-727135.38269541,757616.50413457,-2.4527650215321e-05,-0.15373968941045,116511.19678009,-735356.8276804,760790.91712477
2.7415192245365905,2.274029465942808,0.3843912361534719,3.5535447646575444,-22.395930396510742,64539684.91922039,101410138.91742688,0.5000884308354772,26837.053063211697,-2.412481421612e-05,-0.060001903935611,-1391973.1216461,-106278.77644914,1201133.6095453,-1.2040586186943e-06,-0.059695631161701,-1531268.1300184,-134416.77185785,1309273.7455177,-6.9809319208875e-05,-0.059867284821326,-40809.829795087,140697.0522173,160093.37974935,4.4456189279981e-05,-0.059841166099057,-41812.825950695,140846.91246303,161016.46474891
2.8151970807131352,2.9394133806270712,0.3917989456711812,3.9605786927382844,-39.44813172623792,50136051.48283307,139709704.6461991,0.5437043396155059,78070.79110927942,5.5353001719085e-05,-0.26838827726457,-2510753.6522875,-143908.82622901,2199046.8318665,1.5154536131886e-05,-0.26786672430225,-2842128.0728369,-185752.22712355,2473342.4231503,-4.402056781204e-05,-0.26812226911801,-63721.443775184,-602164.26050538,507434.74297995,0.0001146941898532,-0.26815834972651,-63976.586615562,-602910.20998817,507941.41614731
2.3813585238887693,2.473740509252815,0.20559861309018793,2.2326870717896607,-23.284974593925167,21158609.09951823,147125269.35214454,0.555303889336996,3763.332318983197,4.9988684218908e-06,-0.18744256656398,-756475.90144687,-108507.08372206,618251.83459702,-8.7263115713885e-07,-0.1867491233691,-980408.75967969,-151313.02196015,794242.63405737,-0.0001619484449173,-0.18713182917973,-29957.166976983,107654.3371323,123880.0016745,0.0001659381543031,-0.18713740983845,-29962.168977447,106567.90874019,122823.73127422
1.505214339637421,2.1921963242698035,0.2118753299729461,4.211405105145859,-23.195655135444415,21325240.543815196,146480993.83931297,0.5714440420167544,93231.23736829439,-0.0001766333616259,-0.23376090641916,-169189.97866464,-348019.10636929,239880.30104958,-0.0003318239762684,-0.23369416514965,-280309.08294621,-364756.39885091,232657.71171292,-0.0002524060545049,-0.23367500467958,11527.424713499,-1016504.0562332,940159.84473951,-0.0002560445666946,-0.23378085968439,11850.271637291,-1016401.3132848,940332.63474516
2.258014130736104,2.400201060240647,0.35620379443586914,4.1304868867984865,-28.49905934100223,49482308.257900834,69173857.09205624,0.5996754853612498,1169.797502079933,-9.9979503364889e-05,-0.11894187195502,-23581.8127562,-61780.971874463,41835.33453471,9.0684694024905e-05,-0.1189200136415,-109872.11268746,-107267.82400561,65182.716999889,-4.6743316028049e-06,-0.11902122230984,20355.043512381,-341257.78836512,327810.69994478,-4.6083324139958e-06,-0.11884214423385,18893.652430104,-337937.93333782,323669.5483109
2.9064478188491134,1.9182686006052363,0.35987594580258325,4.517471726592692,-38.9609709264322,76487246.10351571,131116103.10650334,0.43984804906829533,11651.636509118756,0.0001180973267783,-0.15874025337681,27762.350419041,-30878.253782042,184967.92919764,-1.8521121572979e-05,-0.15870155171131,-21217.916092399,-40966.602455051,201476.93302198,4.9158994569572e-05,-0.15861784342229,-87433.911859629,-278485.77431186,265103.15498189,5.0328886540668e-05,-0.15882573929274,-86169.860600549,-291105.63562789,273437.87662808
2.697158644404108,2.2848686486725955,0.3695692134397226,2.624000045587106,-28.530372082147185,64812665.14956664,95905435.3362742,0.5898757348807164,18654.797714418393,-4.5097515343208e-06,-0.098294383171179,-714607.53664965,-79646.074946039,599588.76063085,-3.5502473368534e-06,-0.09805018970079,-805360.28184395,-106323.72632637,664627.12766038,-5.3988740184465e-05,-0.098178076161238,-32274.328207131,144860.69069024,157089.15810153,4.5814986441782e-05,-0.098177088684668,-31905.517385292,148234.02227263,159928.02338595
2.830073726871663,1.672430034813798,0.1519464587179913,2.758326992426592,-24.296720608026714,22919739.48612295,111220256.43809628,0.5856987293675944,69793.56085860735,4.5193915453768e-06,-0.23631737212032,-303558.21337186,-202357.85087679,244008.49826942,-2.0900773429482e-06,-0.23102388943945,-308763.18032292,-210440.52032615,247477.5760288,-0.0007796599532569,-0.23368556685223,-986149.12545082,4827666.3696261,5165902.7184374,0.0007819742957515,-0.23369589499507,-985256.35572742,4829833.4128023,5167726.2089988
1.6926349985266684,2.5128628271195614,0.23263094590948527,1.6451699288957524,-37.014744723295046,13973643.121649254,103225959.973117,0.4870819810920767,21989.658309920796,-1.0524108033688e-05,-0.78942844280071,-629409.96881713,-71324.278300595,527058.32048809,8.2648012408804e-07,-0.78931703389743,-1033844.6095834,-113557.65414661,868161.14861804,3.0686542799408e-05,-0.78939008712686,-18396.891215348,-849907.54368198,766015.83256572,-4.0520497356014e-05,-0.78938245158165,-18509.434995021,-851391.59894978,767208.10641181
2.9906231746556124,2.1779914030833263,0.2128256940116827,3.7504869945349064,-33.563143129683496,54772985.39721429,74917146.17931144,0.5038783711242474,51131.94514936829,-1.6542465296956e-05,-0.17371114188696,-5501039.4470736,-133004.0006537,4946910.103516,-5.0776657458981e-06,-0.1706291000398,-5502699.1922524,-140576.24253327,4943044.939113,-0.0005284725716659,-0.17217905206812,-42023.322236938,1005099.9892869,951749.54349842,0.0005063904694424,-0.17216679589146,-43045.452290317,997497.37019013,945540.58803863
2.930813791401984,1.695078993885512,0.21414728911034253,4.057758255567882,-26.428228503269697,46003623.07006648,60910496.1004099,0.4964246309672673,87962.35365825375,0.0001734677412891,-0.14045726237648,43554.805878994,-47281.769184652,501303.68944968,0.0001139279784693,-0.140336162284,-7432.7397962509,-61556.853103258,627869.35708103,0.000142767195946,-0.14035000277522,-323211.93072892,-874298.44352255,890502.71056541,0.0001450125598383,-0.1404525603753,-313560.11974062,-906448.08379315,912890.87022477
1.8324807486013686,2.1637739061001855,0.19348535779099293,4.391585529500347,-34.90218730708689,24565375.07641585,60462495.90080796,0.48485931178509534,53088.549770651094,-0.0002648019529404,-0.41881309417301,-135497.31555358,-258302.38429919,183525.3333566,-4.7369324059854e-05,-0.41875231436668,-258728.24492792,-267348.20242496,183347.80662955,-0.0001535423144049,-0.41887500696315,25979.774774393,-933482.35723586,874585.58120081,-0.0001586209893262,-0.41869125055754,27360.113070426,-935666.93447615,877639.32009054
1.9237207855225553,2.2712566620575556,0.33014235512297574,2.4649986491474216,-29.96939717130583,67549291.6940957,66738174.4273012,0.5757907758884533,17418.393898433817,1.710281474463e-06,-0.10454581235324,-592565.87423188,-49055.368809178,508532.44420125,-2.0996189305997e-06,-0.10446741035392,-735348.30738042,-74517.502027721,621735.39187969,-1.2133038240204e-05,-0.10450819884576,-19395.122387085,-254751.2189602,219879.72440045,1.1744488440738e-05,-0.10451127500492,-19444.709832677,-254768.5549285,219859.42363267
2.8717202125080172,1.8402636943848305,0.19726493674469514,4.869696280649549,-37.13867774904492,25255021.6096627,55827097.88955866,0.5027421966369543,77666.54602380123,0.0002678792377319,-0.47654368466397,25187.396426597,-40833.156753558,469008.83422708,2.4751930152322e-05,-0.47641093744501,-106240.85691595,-63239.146504313,665069.85258446,0.0001471768220967,-0.47629337984893,-324271.94039317,-1025796.5206058,1019977.8807217,0.00014517968026,-0.47667455840202,-324504.10938194,-1056178.3468968,1043353.3663805
2.1132555809989864,1.9813156157052754,0.2772789634704797,1.0974131473439037,-36.22603121242664,58513002.923900284,144705386.25883368,0.5968881864811949,87030.18175364754,-1.6297515435355e-06,-0.2087830000781,-1837688.8483184,-80417.404258438,1626998.674414,-4.2955094774176e-06,-0.20847241572736,-2209784.9981321,-113864.55442722,1944377.7395207,-4.6999753737622e-05,-0.20863847529043,-52528.493977821,-402713.40487354,333079.53328594,4.0944367964847e-05,-0.20864131021162,-52411.929039418,-404330.96250407,334569.16966169
1.5496655672641952,2.9833695440429633,0.17799710928256632,3.245826926432574,-31.631314568230763,38040680.536715835,119963220.87253068,0.5629520486646076,81444.8018937122,7.0826179401726e-07,-0.2347206949574,-1333433.1452391,-164547.02583502,1108023.1015779,2.9470016601992e-06,-0.234535997141,-1980467.5417792,-218493.13091107,1662595.7085904,0.0007302961089325,-0.23465601976276,-72273.479471553,-3650317.5460414,3293804.2604479,-0.0007268127451867,-0.23465518917325,-71794.532266118,-3637966.555754,3282837.5497411
2.046215993452314,2.5428678393751865,0.3683988055499482,2.9224747399532633,-20.656871747692158,24456799.941864952,112943376.83853288,0.5481554144757623,20505.74137844345,-1.4926017691456e-05,-0.13280923962468,-448380.70071566,-101521.14498497,343104.13185455,-4.6476143547878e-07,-0.13272397507777,-578800.63340157,-113036.66934604,461198.93445838,-1.4497306550607e-05,-0.13277694517118,-27423.001871337,-377992.7689939,327333.38854386,-9.6522729098797e-07,-0.13276550577069,-26546.505924703,-380320.84800454,329867.05096559
1.9119612016396368,1.6233996697907234,0.23491954255967384,1.0337218516342903,-32.540717743399554,77336633.19106914,86910960.50787047,0.5023182588892741,97313.63602440231,-9.9087894562674e-07,-0.13456261978003,-2244025.653991,-66445.032605083,2009294.4039036,-1.4027886809221e-06,-0.13420262558175,-2548020.3345789,-90179.55055158,2271052.1592091,-5.608013699713e-05,-0.13439216765367,-66523.730551055,-160647.71689922,107751.62560107,5.364381997643e-05,-0.13439252615804,-66904.615297471,-159613.1231531,106506.15251469
1.5920764528174645,2.0491070924887937,0.3771489852765417,4.927814554315651,-21.72127093998222,60760439.51490263,93182497.53806254,0.5824379564935012,18602.177246196312,-0.0001969492276151,-0.056382292951428,-14590.312741715,-133716.56998268,112786.66862113,3.3627107515502e-06,-0.056363482461407,-119331.55932905,-149755.74714092,85131.25238455,-9.7462905432962e-05,-0.056450943339535,12368.817381204,-342391.85848505,322897.71876725,-9.6156771196186e-05,-0.056295864945884,12684.811448282,-347478.16309247,327883.02451118
2.092153005508494,2.8700405575963326,0.36638212562603323,4.270244020477067,-32.49898594569749,56300754.91846663,77310762.91477035,0.5446746858770807,71.88589246197013,-0.0001530225268044,-0.13649595860932,-38917.211142022,-55746.988109548,31924.632583112,4.6912813546075e-05,-0.13646902196268,-136884.39511318,-112803.78997507,77845.139557005,-5.3804344395694e-05,-0.13655636503909,-263.95112975086,-357769.17512013,328104.46956903,-5.2439327261215e-05,-0.13641123231818,-759.5950467646,-361403.21265453,331000.67690145
1.9985790505474825,2.100806812905995,0.19142364999368322,4.257576998372592,-31.82536551347119,13381943.957039306,107349317.73399603,0.5795455172012217,98205.10439305483,-0.0003724385877883,-0.69153370707358,-228482.323751,-346308.47090729,239644.72188724,-8.9797893044414e-05,-0.69144678432555,-347879.76519648,-356465.35438159,248827.71028307,-0.0002267266227344,-0.69162492746316,45840.485542627,-1388166.7979338,1305812.5892238,-0.0002354959109849,-0.69135660047136,46690.580875888,-1385075.1557947,1303588.3368565
1.676248037756228,2.3732997615373024,0.24717189531994077,3.1779437454892476,-28.327571175249048,75512627.98959756,90195817.93869388,0.5073798100355986,86274.77345118047,3.1349109747666e-05,-0.098562985546085,-1406825.6311744,-176943.95315693,1166278.9582961,7.416497521599e-06,-0.098374143983633,-1637864.8263724,-210151.1061111,1355042.5396059,7.9699619908505e-05,-0.098467564976566,-47140.95383673,-1716405.2499726,1539453.2767138,-4.0666145285118e-05,-0.098482650314418,-41422.091133089,-1716846.6171747,1544023.0401196
2.1670718150521897,2.147677170407746,0.2558002910161288,1.6501035262728279,-38.633055873843645,60616573.14528424,95170262.5949409,0.46162180493250593,20448.82838917399,-9.8046753288036e-07,-0.20306260672409,-1326387.0323609,-37410.62373939,1188913.6317174,5.6800142004437e-07,-0.20279880074346,-1575783.1280315,-59316.823788305,1401922.2975591,-5.2187451366337e-05,-0.20294154583159,-18598.779731949,-104190.75388138,83137.930633886,5.1736245849937e-05,-0.20294003973003,-19245.989527992,-101874.79214145,80288.895301835
2.665185368482409,2.071598848644392,0.18857380824365344,3.056381970767646,-21.898037349613844,64410846.79846003,51139387.84323354,0.49768230384684065,85686.4888643309,-7.3410822449065e-06,-0.071727309496215,-7826685.1513547,24241.093383319,7191006.4266902,-4.7944261636063e-06,-0.068602870560937,-7796522.1729452,17160.991584612,7158301.6520417,-0.0005103109170774,-0.070166384236526,-107743.16227865,783719.2582011,798437.8131633,0.0004982804984412,-0.070164302512147,-107408.0141548,784274.14494408,798628.25251654
1.6167465700328094,2.957820708171254,0.15154862672309485,1.9546169652881251,-29.919519433234605,16757204.54585093,117244965.08180572,0.5484385238157811,85252.17382674343,6.0292064562912e-06,-0.49153692665225,-2329083.9190055,-129954.65042229,2044815.2809639,1.4008028809342e-07,-0.49123185652414,-3888755.8399061,-109320.83271164,3485973.3674199,0.0011795900808503,-0.49144577971617,11078.407821242,-5955035.8792495,5466002.4873467,-0.0011734620617445,-0.49145374767644,11128.916175273,-5955392.8644795,5466366.7973146
1.5714166281451303,1.9977103617008614,0.22689991668995363,1.3289931617771733,-36.88758308315563,46839665.39981948,90526242.96225159,0.5611362293401645,8701.036700446766,1.4039774215832e-06,-0.22695671900762,-554150.37159273,-25738.608798301,489576.86618344,-6.8078946471377e-07,-0.2268822318641,-778376.04136023,-48413.027529341,679095.74123781,-1.1062867524308e-05,-0.22692413314677,-12100.433395002,-213859.76427805,187599.03099651,1.1765705106362e-05,-0.22692578673246,-12231.599142396,-215393.87385527,188914.51137978
1.5229243738419336,2.726497977584142,0.3285151818521603,2.3973916444489376,-26.19253035909945,46747850.17916418,71820241.49902096,0.5861434672333825,50864.982148448034,2.1010026601611e-05,-0.12603286475963,-109288.78517236,-112458.25550277,66580.996395586,6.6605551965285e-06,-0.12600478926853,-224276.54946708,-161171.67060655,127898.69715528,6.5913934081723e-05,-0.12601782053498,-22037.569218708,-988603.14931956,890349.237375,-3.8138221452813e-05,-0.12602575094696,-22377.884173944,-986858.4722107,888506.22797009
2.336712364144476,2.7965524098944248,0.18821657323367774,2.3222529485552457,-30.277701467969575,24092557.498662442,129074949.92946392,0.5392237054413004,91211.082551613,4.3794224656459e-07,-0.3528203878867,-2277970.3511763,-418014.82065333,1802522.4906841,-2.8434607607518e-06,-0.35106729893525,-2658298.652451,-501906.10404111,2094479.3454079,-0.0001106711387043,-0.35201073010753,2123.8880365161,-2239588.4443777,2054370.778958,0.000108403107262,-0.35201346694482,2104.5522170353,-2238665.4733164,2053510.6157013
1.8095882824738254,2.757065551862838,0.3948389493019274,4.48319883468444,-39.57488140944814,34118320.10969825,130250027.2488934,0.49288176415018564,80982.8489742703,-5.216844645353e-05,-0.40586802199761,-119157.94658157,-273004.4389881,184069.31498706,-4.9205474754416e-05,-0.40581604599516,-193555.13269627,-308525.45789448,188452.10544178,-5.0391537277078e-05,-0.40584359854334,-5085.1446405505,-666891.27449054,607999.29374216,-5.0977485797312e-05,-0.40584205451437,-4704.7927872952,-666315.5466937,607739.09890924
1.7295539415363772,1.8958867518789002,0.2701912890227497,4.589253101030723,-28.11421537118706,13734082.979601253,63977711.99318698,0.4508738284617833,76635.81955833989,0.0002775768868903,-0.52256067737228,-107498.58885744,-346905.19519355,273247.46689218,0.0001754681858688,-0.52252064704957,-184132.32282368,-341240.09045251,222733.01613122,0.0002283286602251,-0.52249372488216,-113831.9782938,-637150.47302927,545356.81918014,0.0002247011733759,-0.52258738085505,-118928.15875949,-641630.32326442,545432.64463144
2.364885814123855,2.929202277404409,0.33522771379855815,4.8561321221583515,-27.913830770123447,25650849.207397915,141843162.46233365,0.5676936791840719,50611.23704188044,4.6155617759989e-05,-0.24237413323961,-152342.10739526,-73438.788652826,96214.756784919,-7.8078379437307e-05,-0.24231299062907,-281631.68490973,-132574.33431628,179186.87968999,-1.2322670609562e-05,-0.24229538161491,7245.2631102417,-736342.22794645,680153.7587697,-1.9521830388403e-05,-0.24239551387879,6654.3022363031,-733710.7590388,677305.096401
2.7184333667465213,1.9209774549436838,0.3846428573427537,3.871390279043828,-21.259162674581972,40981795.36515401,144105841.29990458,0.47894802759699984,6484.694972796739,-2.269163985478e-05,-0.07912812999273,-1239735.6662999,-66109.129638132,1089308.9030474,-1.6399035865793e-05,-0.078887310033,-1346471.2144978,-89293.129179174,1170893.1824741,-6.1349239258022e-05,-0.079015574318421,-30322.637486225,359854.89271562,352071.62810924,2.2137454268227e-05,-0.079006977280795,-33352.586460833,351404.92681513,346642.96476138
1.960061507987457,2.3555547076964007,0.36500870719157674,3.1665519526328665,-35.92666451549686,24229564.966846906,147761223.78846467,0.5871087283134465,15843.98659424755,1.6905567782921e-05,-0.41387509341856,-605171.83812723,-76286.490098549,501583.99636788,7.49919063471e-06,-0.4137979994141,-799409.34975736,-114007.36204224,653780.67406135,3.5881488771613e-06,-0.41383656323292,-26389.004576651,-324704.28059084,279206.17443558,2.089086130597e-05,-0.41384428631409,-26323.747834378,-323696.86672295,278322.27537646
1.759418946364364,2.005736597997584,0.18646859502048885,1.6491817155724102,-23.353661886636566,61986664.23982597,68662009.21422221,0.5622813231678935,20344.617622318572,9.4159533341542e-07,-0.070520084439381,-1515997.6199468,-23357.901273558,1372736.4929014,-6.0318209195539e-07,-0.070239411038004,-1836867.8033568,-37813.816468983,1656498.2125821,-4.7899048703879e-05,-0.070391526830623,-20623.079274565,-307982.01310001,267821.84174645,4.8230624112068e-05,-0.070392778017324,-20285.530397412,-307912.6418009,267922.72428718
2.087918957795662,1.9862158281871558,0.35002199488079455,3.195994727101301,-21.17672259419763,79138265.3232817,147472321.97836012,0.48012828671025315,12517.592546282433,6.246752415877e-06,-0.042597870911163,-664581.21252196,-78049.888165363,554661.45902551,1.8469665466271e-06,-0.042497151852271,-753456.06112345,-103688.56985247,618684.95655241,-1.4584271660437e-05,-0.042547615244571,-23632.057562195,-109011.11737411,84338.645949575,2.2630339054284e-05,-0.042552008861234,-23365.033023351,-109396.12445221,84848.166417981
2.118464380189372,2.7616333927629864,0.3899763378372806,3.362259923169558,-33.082357332127174,75316135.22819158,100351490.64016041,0.5718230436046439,41648.482233275936,-2.9020879927993e-06,-0.11897569837365,-770929.98415162,-107956.27615046,631830.69594616,-8.1815593200852e-06,-0.11887114240739,-971655.66413519,-145895.22334472,789855.58229542,-2.8729538831096e-06,-0.11892622061191,-35996.201642119,-638425.15223412,559623.28179196,-8.3390540563537e-06,-0.11892981105666,-35665.721237904,-637348.95030848,558865.36993955
1.6160714311637803,2.5995519687829134,0.3384882846899126,4.969182499916052,-36.075361286703775,52226592.223652214,88686475.13768135,0.5127308397480466,74709.92756291236,0.0002491787388835,-0.21511197983582,-109173.40074919,-277665.61497665,192288.34318204,-0.0001009980666875,-0.21506145005598,-211961.75460597,-309664.39313192,193689.93457868,7.4498777773172e-05,-0.21497933067217,-2395.7284731657,-662639.08925751,605860.84548784,7.3589244584389e-05,-0.21519531674345,1386.8913757186,-682563.8555101,626933.78407552
2.572381953376813,1.8881796106152045,0.17652890634110616,2.9690477034713147,-22.87272751768978,19955854.182673596,130058319.68456104,0.507273232640519,80910.44894818365,-2.8353990998521e-06,-0.24561917929774,-8259540.2122182,209482.74435426,7721759.5568106,-1.0105121982233e-06,-0.24222922738518,-8681597.0036527,211807.00108669,8110230.3873425,-0.0006075775357634,-0.2439597333445,182721.20739548,32626.444942894,474474.09324145,0.0006034898026539,-0.24395970761853,183556.89206049,35879.365954666,437481.71705948
2.874473262045519,1.6548376407417933,0.36599189553629596,3.252155175013001,-34.06812112555744,40592858.27916154,98741290.81613025,0.5215684055801322,78416.21185352386,4.889467295366e-06,-0.25773984432269,-2681333.5187522,-119111.39053681,2372675.9348974,4.5536514083992e-08,-0.25716515364844,-2750165.3461592,-138181.36112064,2422328.7240276,-7.5844721196321e-05,-0.25745087061677,-82166.396082994,1162102.9199526,1125224.3697208,8.078450203737e-05,-0.25745928575361,-82262.474003478,1162359.2975425,1125530.5815805
2.361522451596107,2.4054503021202804,0.24698985709767318,1.5380503872707603,-26.644001884909045,45884345.35317257,133837576.65345185,0.48904275860748947,21889.914419239813,-4.0627600442703e-06,-0.12449670126471,-1684315.9619743,-28855.732896557,1523071.1539122,4.1175224188837e-07,-0.12406374305581,-2122650.3689644,-51088.759133503,1908949.6340768,-8.6905783215832e-05,-0.12430460311164,-24913.46741534,-88844.006622026,65989.966650738,8.3165179834539e-05,-0.12430058596952,-24970.991413857,-89835.854583471,66833.306240777
2.0432260599053502,2.0331218431235483,0.2296692985028818,2.3397138657743755,-33.84382872586245,37809176.24208327,89350656.10674362,0.44547772018952636,26680.508428837064,1.840869364581e-06,-0.253737540435,-768584.40341764,-116763.16436945,623861.10577595,1.7003062816901e-06,-0.25340276266608,-877047.02696448,-143951.59575207,704908.76878381,-6.3440464325765e-05,-0.25357897628584,-20011.310838303,-340752.93700945,298308.40908697,6.6858284631446e-05,-0.25357990365046,-20066.488552278,-341395.80283736,298859.15010681
2.3741169584811095,2.4675507985626606,0.27312820913360947,1.3340243538152712,-20.82451014154716,49370556.694857426,141615897.3311146,0.4502783696885874,55776.772733559366,2.180530717106e-06,-0.08065164779445,-1932090.4800456,-35219.845852508,1745550.741722,2.1607484425425e-06,-0.080215381569766,-2428970.0903214,-61154.993991935,2182435.2710927,-5.7985394968634e-05,-0.080455685502241,-39375.383990749,-479840.19870319,412328.29554933,6.2073638026617e-05,-0.080455913153412,-39621.410484248,-481989.6962223,414095.34043228
1.930608402840169,1.5806907615111698,0.3572434309748358,1.3408644832005097,-29.93329821957574,24939330.046511356,66346549.919031575,0.43857472300392114,67820.51471570677,-3.7593230273043e-06,-0.3431658801409,-700887.10951497,-101935.52694162,571896.60886851,3.2419838546067e-06,-0.34308525284284,-789406.18597441,-134617.59581048,631195.61986419,-1.1045463483901e-05,-0.34313181562013,-44050.012305065,-139882.83364978,100349.08136573,1.0511164996293e-05,-0.34312328266115,-43884.856077029,-141209.63818674,101553.64257605
2.333789131966669,1.5543858069828167,0.2851976522097577,3.1514573620284065,-37.74180109191965,78109318.7582681,72599291.91171032,0.5407449534788353,85981.7925363271,-9.1369127979482e-07,-0.1659037942044,-2479734.3515026,-146727.20951264,2168844.2543419,-3.3809281020557e-07,-0.16535860702724,-2614212.0894991,-171445.95850646,2276817.7126072,-8.5438714195321e-05,-0.16563344761575,-81841.459959752,789226.06124309,783779.35375154,8.4158860772376e-05,-0.16563275852143,-81782.262058065,788292.27628639,782882.45624473
2.1578064909829937,2.233072242805653,0.34088139822215713,2.2822344254373492,-32.62124093854063,18535904.96794179,129483552.12675571,0.5943280419760524,82550.08977386239,-6.2471860947979e-06,-0.52455508595488,-1440686.4075233,-99687.559431673,1249902.4559782,4.8044833409167e-06,-0.52435206772219,-1661316.9691454,-131273.02571067,1430027.9553009,-2.6883800319598e-05,-0.52446401515815,-54283.823306342,-557798.89826938,473452.50476653,2.537388561243e-05,-0.52445503742779,-54314.54186906,-558214.62271801,473790.18633545
1.5806220461179268,2.0166202499054164,0.26692430963542835,3.507107050356787,-24.586171418273636,42757932.02220437,90969759.30154991,0.5431984774111056,78615.09673628084,-6.356963870084e-06,-0.1293252707601,-1111898.2464136,-156282.68577941,911173.40569735,-1.8376754204648e-06,-0.1291984045799,-1261676.0143562,-200449.82230388,1018358.7883844,4.4917888902814e-06,-0.12926705032132,-58192.615287147,-1051863.801599,922796.96166773,-1.2764501498896e-05,-0.12926364794414,-58321.365398506,-1053239.3869565,923932.17682774
1.772216352027252,2.9786276127937246,0.3170709821259363,3.1329921472790185,-21.33626936358572,61953739.760584556,118666383.08686657,0.47091422777089886,9285.639022801388,9.6322063364026e-05,-0.05313188000767,-372731.92318354,-69287.851271387,294370.27304861,2.7873053160393e-05,-0.053075200462095,-661156.0021178,-112481.08477976,528854.21360205,0.0001011120151511,-0.053090636600772,-26881.085890099,-690955.68029465,614183.48176804,2.3757403242694e-05,-0.05312909475,-26392.0490831,-682233.78460699,606527.90551289
2.1862624564399034,2.759092078960457,0.3033951000619204,1.909244416003864,-35.82575223239189,71663416.94966103,112592214.6853598,0.44186122738755346,96155.50358663416,8.202302764805e-07,-0.17470622880085,-1595054.0397586,-142747.86668227,1362053.4961594,9.3163899997e-07,-0.17441397178876,-1997097.5622069,-202059.19001413,1689262.5131377,3.7313180314417e-05,-0.17457451247805,-46747.969965789,-1483578.7535116,1326438.9031946,-3.5523618570411e-05,-0.1745745164623,-46906.729843252,-1485261.4352824,1327874.5225581
2.418796346026209,2.329716875447497,0.15635175758425238,1.9916066113040014,-32.06271555767431,16008955.167965233,87183938.27924302,0.5863640815827444,678.3504780130309,6.8865364600247e-06,-0.47901702457723,-3663236.2859307,24602.636039128,3377352.5989158,3.8676818850181e-06,-0.47730976619782,-4745002.8364011,13869.089873878,4361339.25877,-0.0003789865008853,-0.47826179753876,-3176.6948739229,290739.2367518,275924.78058837,0.0003887612201834,-0.47826504404572,-14049.485157134,271147.62822309,263508.25276706
1.9712504483890951,2.1699811378755216,0.15301174483753005,1.9697415169067654,-22.575722048594898,26933140.21785807,92033625.1645358,0.4660400296617737,48598.9906527859,1.4118579242638e-06,-0.1666624996172,-4737886.842089,-70586.132356636,4291931.431444,-1.1264290619273e-06,-0.16537113540642,-5504217.5522752,-89897.772763298,4980490.6703374,-0.0001705164913663,-0.16606193058606,-35091.863765567,-977471.01046588,870952.67259271,0.0001706853482173,-0.16606427315977,-34802.817891185,-978799.07816435,872374.87022316
2.5435390922732894,1.7880754342973721,0.2977586499433469,1.6887824689262594,-29.6306787014559,35319966.89969097,58814057.58203967,0.5162673575214997,19047.092151167857,1.6548760918656e-06,-0.19885105952065,-1191933.4772412,-64180.680438771,1046851.4810757,2.554355995965e-06,-0.19853835585158,-1329511.8765768,-87590.508678118,1156514.8487917,-5.3351233168277e-05,-0.19870246869284,-17181.787054005,350883.43108314,334222.1008579,5.7546530723535e-05,-0.19870134272557,-17388.571802648,349653.49391786,333728.62521401
2.8676293750698765,2.221551452538941,0.22063421297846142,3.421880002475534,-24.899327618866316,10610102.707391279,70581422.46500309,0.5340238237956978,92886.55202792592,-3.28203622153e-06,-0.54373469061528,-10003568.667164,-48326.458076132,9133662.5402728,-5.2979208637615e-06,-0.53971975408906,-10880625.759482,-72779.847608498,9919942.8608739,-0.0007531973820291,-0.54179389540887,-88532.54348911,2461336.1162758,2320163.4844243,0.0007448405211817,-0.54179586664159,-92494.094972353,2445760.4324517,2308800.0797611
1.9606423111992255,2.1173016229346726,0.35072774789311734,2.1929340380764204,-22.306852223173095,70818851.35776332,112048896.00923091,0.6065997305322178,91811.3982858898,-4.8183454173e-06,-0.069672866253055,-1045413.6411732,-116638.20128437,876641.69816014,-5.0244093590207e-06,-0.069552050412455,-1181604.3097884,-146419.61918484,981039.76037636,-1.4108384752145e-05,-0.069615301280561,-52936.107670877,-599172.39504123,511985.61177579,4.2155796533553e-06,-0.069615443216992,-52910.115582871,-600290.28992787,513026.46692038
2.105921734165253,2.5835049970780615,0.16945304526158841,4.766641056112556,-33.38767715555316,13539378.873058956,51261842.3707263,0.5424537169923548,75984.40727896568,0.0001664826825704,-0.70252523039117,-319771.54264469,-73394.882178408,243800.70783201,1.791885615598e-06,-0.70240362600951,-516607.17756432,-126490.88307979,389056.33634716,9.2861311869355e-05,-0.70240007046008,-13125.270425943,-1616740.759945,1472354.0970266,7.5329184379422e-05,-0.70253420591258,-13274.874960492,-1618623.7855538,1473967.1407485
2.9633696747622156,2.519769272823554,0.1682186517987328,2.639056013729287,-22.966861406407546,56322118.55939926,84574562.65879044,0.5065610489400958,99245.15936558954,3.460725127838e-06,-0.093500132657194,-2861505.4935657,-134892.99973238,2534492.3412336,-1.1032354341143e-06,-0.088045493935993,-2861383.5985286,-138989.68828667,2531528.6852016,-0.0007849054081403,-0.090784145498087,23234.300269942,-1287061.4665462,1206210.2622388,0.0007863893245902,-0.090778565521579,22597.641268977,-1292232.1548197,1212560.1446617
