input_depth,input_top_load,input_width,input_height,input_thickness,u_y_crown,u_y_invert,M_roof,M_wall,sigma_vm
4.683591010202582,403621.7965253388,2.0,2.0,0.2,-0.149855720878,-0.146934939609,44793.406692343335,20988.529011526673,8516436.579347244
9.581071604484288,478008.8383148234,2.0,2.0,0.2,-0.147921664266,-0.14420808741,57271.371800410016,22797.464743096672,12721489.608329829
7.721948505396943,150280.7392754994,2.0,2.0,0.2,-0.0494688897205,-0.0480533982397,21434.622380070006,3011.221215906667,3868757.1541493973
6.588597115674811,374924.45976419933,2.0,2.0,0.2,-0.130113059636,-0.127262897361,43792.97831503001,15844.312501843335,5578233.175996578
2.8261584437607103,343047.5898862492,2.0,2.0,0.2,-0.135048020892,-0.13268433868,35697.41665394334,18045.48834038,6373253.892046261
2.8259534228577223,499698.2260729627,2.0,2.0,0.2,-0.197389169911,-0.194021770914,51068.605948383345,27707.252220159673,8304116.60465424
1.9937107034296955,543652.2362887564,2.0,2.0,0.2,-0.220385531827,-0.216883026143,52404.35684553001,29740.499464107008,5334815.29795146
8.862497239086949,7294.062886432084,2.0,2.0,0.2,-0.00163912965592,-0.0011196664937,7470.881140466668,7192.502265893335,6315174.763193496
6.609477599817275,404411.9514352756,2.0,2.0,0.2,-0.140326720684,-0.137279287548,46799.05553240001,17305.214473613338,16887529.08014436
7.5186169112663865,31101.47947183741,2.0,2.0,0.2,-0.00969846661758,-0.00908715501809,8898.365413986669,4351.315085383334,2788054.69602545
1.6749682015143208,329315.19904641353,2.0,2.0,0.2,-0.134122430925,-0.132014982269,30875.440088050003,17025.18942733167,5105368.97319686
9.744233743376952,172579.63742620693,2.0,2.0,0.2,-0.0525397472057,-0.0508686889204,25409.216288943335,3017.435799606668,8927868.58706279
8.575762446803584,184065.9597132847,2.0,2.0,0.2,-0.0587976996533,-0.057111744547,25589.70917384334,4385.945165223334,8312239.368254604
3.3048824407653474,211775.10207141394,2.0,2.0,0.2,-0.0816659077826,-0.0801014035282,23542.08908955,8908.107417559668,5126188.2481842
3.0455122212603554,372775.46942976606,2.0,2.0,0.2,-0.145873852164,-0.143293284281,39174.12548394001,16299.615358943005,6888771.247516975
3.0589383337541873,200429.97940126152,2.0,2.0,0.2,-0.0778251209724,-0.0763564044709,22011.419038520005,9179.112675547669,4762559.328657404
4.08605906515607,439619.43035416823,2.0,2.0,0.2,-0.166625239802,-0.16351190018,47665.20385966334,23706.41265335667,8542678.498200791
5.9604296688740215,242716.4313443218,2.0,2.0,0.2,-0.0857869192219,-0.083851544424,28924.05159718334,10062.008587903334,7367335.464992272
5.171532658457984,41011.92018597517,2.0,2.0,0.2,-0.0141157726372,-0.0135567332879,8099.304992793336,108.91283455466669,4271228.898417523
3.9754476916833563,470255.90549046436,2.0,2.0,0.2,-0.178991604859,-0.175687663574,50657.34531112335,25437.0244887,8841125.31019852
6.700749605140225,171454.9947556236,2.0,2.0,0.2,-0.0587422476658,-0.0572398731052,22311.931632096672,4966.217830350001,4641933.879648704
2.6856978155423556,259660.12775955757,2.0,2.0,0.2,-0.102349516875,-0.100533374055,27270.558396980006,12950.298335782003,5235600.5181127805
3.983229512549354,411266.3299331409,2.0,2.0,0.2,-0.156319164431,-0.153401526835,44641.86089915668,21996.58153173667,8431274.551458897
4.61407566799638,199473.69428922722,2.0,2.0,0.2,-0.0736634233292,-0.0720906242908,23856.710907576675,8218.467369660002,5876499.101412327
5.3765948658448055,33951.39368802938,2.0,2.0,0.2,-0.0114514774164,-0.0109284451053,7538.831022946669,527.6709516093334,4345105.150719762
8.173995671840615,224352.62820768816,2.0,2.0,0.2,-0.07297784446,-0.0710434906271,29540.642736456673,7380.4450686866685,8575262.258525578
3.197227148346058,566669.1496165821,2.0,2.0,0.2,-0.221486654489,-0.217637459677,58810.86452979667,31767.499649446672,9422168.709703159
5.8709927265156985,385040.63837913494,2.0,2.0,0.2,-0.137148645368,-0.134273339802,43282.665270000005,19117.408907680005,9126239.250752276
6.535523835327361,402887.48920032417,2.0,2.0,0.2,-0.140171858006,-0.137137326787,46653.65700176001,17267.60766161334,16731733.944625363
1.8948285081199807,379369.2921825839,2.0,2.0,0.2,-0.153743320448,-0.151286265796,36418.07882396334,19840.84159328867,3936365.393893628
6.664131241162226,119395.28337566208,2.0,2.0,0.2,-0.0406974084805,-0.0395419399973,17394.28016319667,1716.5852064066669,3261074.3452472794
2.949455051341978,251000.31846136806,2.0,2.0,0.2,-0.0980965978782,-0.0963085025974,26929.533911950002,12355.388298701002,5322803.486124519
2.0529385403748757,450563.87901799096,2.0,2.0,0.2,-0.182046578711,-0.179108407184,43867.877629483344,24544.188788695672,6948276.556206431
9.565527066653333,60823.73853189549,2.0,2.0,0.2,-0.0182226632709,-0.0173098448318,13612.895366640003,4249.3231363,7459663.561768445
9.707872281133755,166711.66565382737,2.0,2.0,0.2,-0.0508062990189,-0.0491770012749,24227.481855820002,2500.4303223733336,8880760.75148986
8.371377458989919,165791.46507951216,2.0,2.0,0.2,-0.0533099547793,-0.0517557675501,23580.05107789334,3533.8705816233337,7943789.280583951
4.0892170379736505,259211.3565567036,2.0,2.0,0.2,-0.0977270083089,-0.0957980965405,29350.691778790006,12255.438661070002,6255327.034768046
2.330212969054263,588221.244565311,2.0,2.0,0.2,-0.236219168275,-0.232369634402,57988.74281965335,32981.323311174674,8839486.304677356
7.3159807253533335,40501.528010293165,2.0,2.0,0.2,-0.0129564315756,-0.0122923548029,9501.593545806669,3884.4396658266674,2800335.240761771
5.241296196786611,311220.596628357,2.0,2.0,0.2,-0.113103007256,-0.110754703687,35925.491240466676,14934.48300022667,7744984.554472858
2.53732499618062,107618.80920732627,2.0,2.0,0.2,-0.0419179656807,-0.0410806748918,12212.171231830003,3728.4062680523334,3292592.2225679746
5.709003735945797,582405.9272458465,2.0,2.0,0.2,-0.209336886475,-0.205157110476,64430.68302022334,26247.380781663338,11546638.503522687
1.7923024294793564,67982.10283647852,2.0,2.0,0.2,-0.0266128797913,-0.0260789329057,7455.937355742335,2070.101105766334,2358511.091779266
9.229223417669647,242160.60141695474,2.0,2.0,0.2,-0.0755963644452,-0.0734865364969,31597.997735166675,7760.311285250002,9459252.570719047
3.699629843600144,442730.9909007637,2.0,2.0,0.2,-0.16994713217,-0.166849165604,47391.31212165335,24058.47070949667,8289656.056912512
7.131439417008846,422732.6568164672,2.0,2.0,0.2,-0.143931292887,-0.140728114069,49291.77212440334,20840.665932953336,7847051.9170198385
4.149544146759993,253637.18213635936,2.0,2.0,0.2,-0.0954108785711,-0.0935129155089,28847.71198785001,11887.429784610003,6226067.111560203
5.9205781800113915,207914.50077163093,2.0,2.0,0.2,-0.0734501790832,-0.0717467042548,25893.15700834667,7887.492646623335,6863919.817263639
6.147037374417877,238567.42713172233,2.0,2.0,0.2,-0.0837445600117,-0.0818255304181,29239.829436553337,9673.510411950003,7446867.144593666
3.07126287196698,158565.75789518357,2.0,2.0,0.2,-0.0613070100228,-0.0601039418792,17969.515207620007,6543.837726152335,4303614.392748378
9.741469335998747,123199.76322407988,2.0,2.0,0.2,-0.0373173082334,-0.0359780403027,19802.469090473336,126.03807372000004,8319115.482049872
8.088628998569474,289823.81853533396,2.0,2.0,0.2,-0.0948387133188,-0.0924720062533,35536.12207095334,11561.425075660001,9353796.510588726
9.485741003295608,161120.2536405644,2.0,2.0,0.2,-0.049530084177,-0.0479492472003,23518.46319187667,2325.1593768000007,8618398.04603284
9.106032478635015,172476.99893835007,2.0,2.0,0.2,-0.0538977464528,-0.0522598086391,24375.404969280007,3463.264583896668,8514364.855997175
6.582149819894224,394053.6380847342,2.0,2.0,0.2,-0.136842999549,-0.133865149695,45802.34011352001,16848.776149690002,5739130.774650987
9.335930997696494,581122.3990199353,2.0,2.0,0.2,-0.181912204913,-0.17751836425,67803.67335084669,29303.444753916672,13885998.599640712
2.252186267441316,362182.32033562503,2.0,2.0,0.2,-0.145170669271,-0.142755895702,36155.84076275334,19115.96664685467,6155662.662475902
3.165854330562734,46187.68023897977,2.0,2.0,0.2,-0.0170358921996,-0.0165504952896,6909.604407627002,416.3496228216668,2991528.0862875464
1.8844319557395734,45350.16831244019,2.0,2.0,0.2,-0.0173129401359,-0.0169124190087,5474.057687098001,363.5657707520001,1053838.6419209721
4.265307811487746,570853.9325073396,2.0,2.0,0.2,-0.215550126242,-0.21155679307,61276.911904620014,31728.847307850006,10315286.108087553
4.8037569623605965,178374.47418440017,2.0,2.0,0.2,-0.0653441183002,-0.0639005676392,21830.420352356672,6750.520537243334,5737843.664233006
3.8064667700781154,55240.19164948526,2.0,2.0,0.2,-0.0201920847565,-0.0196118641615,8411.645417373335,269.6002857870001,3530816.2579629454
8.544268827791399,359426.7522902289,2.0,2.0,0.2,-0.115750297696,-0.112891275254,43959.65346116334,15750.484974536668,10547904.66125686
4.532403276895509,374189.2669741597,2.0,2.0,0.2,-0.13954489808,-0.136829235327,41579.60255920334,16290.053838713337,8069339.7927236715
3.8879433323427364,389102.8920712129,2.0,2.0,0.2,-0.148281244965,-0.145518158633,42252.494149983344,20511.68813271667,7726682.995456337
6.112916706845112,160441.21671452478,2.0,2.0,0.2,-0.0560803509423,-0.0546820716266,20731.46950193,4667.005291193334,3461512.4485738627
2.6978559122854824,9066.41052868502,2.0,2.0,0.2,0.0,0.0,178.91553852500007,248.19039415233337,0.0
8.318674336409337,579009.2216726831,2.0,2.0,0.2,-0.188811322957,-0.184490526791,65402.475112816675,29826.91886670001,13142074.490674367
2.133680471278052,150535.8274146615,2.0,2.0,0.2,-0.0598074218765,-0.0587337982931,15705.968558930004,6492.0118879576685,3482835.58992573
9.888538961104397,405615.7728315285,2.0,2.0,0.2,-0.123764503036,-0.120519013723,48889.58185647335,17900.525721290003,11969072.87968419
8.064080539021589,423977.9219272257,2.0,2.0,0.2,-0.139319967469,-0.136056282258,50273.43719668668,20156.63323425667,11087805.562471777
3.1890832930404653,366004.4502476914,2.0,2.0,0.2,-0.142555421401,-0.140004748622,38756.88102492,19098.557083563337,6982386.862426521
1.5469379955506204,187744.43652818893,2.0,2.0,0.2,-0.0761673413493,-0.0749349900291,17739.673696646667,8727.451896013003,3376968.323734066
8.43142214186609,162657.75225843946,2.0,2.0,0.2,-0.0521646667149,-0.0506286271107,23325.69492230334,3299.9162361833337,7951896.466879766
7.508287422704745,358600.9696216219,2.0,2.0,0.2,-0.120213911478,-0.117418228886,42136.96149791667,16332.821623426671,5691927.931553563
7.696560928348392,519657.3801670149,2.0,2.0,0.2,-0.173462815897,-0.169581401888,59921.88270642001,26344.266726733335,7162034.85672915
8.055797946830538,568040.2373540374,2.0,2.0,0.2,-0.187127604824,-0.182895693843,65265.31366675001,29511.071635386677,12916002.85943885
2.129379539739768,63543.48264225458,2.0,2.0,0.2,-0.0245676660422,-0.0240368661155,7496.101604964334,1312.738793728667,2478518.1857038406
4.546958692626317,92897.1675586319,2.0,2.0,0.2,-0.0338452315549,-0.0329781213915,12862.40108480667,1562.113994566667,4493997.807435645
2.4848870059636026,566841.7552698478,2.0,2.0,0.2,-0.226499734491,-0.222755891824,56632.09917940334,31730.879999076013,8762173.830031607
8.836379119942546,441921.13700087555,2.0,2.0,0.2,-0.140891682993,-0.137462532276,51718.87148039668,20758.756098990005,11768870.348537752
6.7980340780342425,529796.2948978639,2.0,2.0,0.2,-0.182956154017,-0.179058462759,60110.64994592334,27952.850695066674,9021012.817115434
4.312633211247518,121579.58048120589,2.0,2.0,0.2,-0.044945212191,-0.0439027712909,15586.690435403338,3500.9987816066673,4712724.087097644
2.040245977431201,352551.5226656411,2.0,2.0,0.2,-0.142165007414,-0.139845350045,34529.60352751334,18308.56507923767,5776188.124565465
4.143349734583129,420683.75665048417,2.0,2.0,0.2,-0.159089557641,-0.156094452784,45893.38504590335,22516.425690450007,8347837.043868071
4.26405823722735,408067.1312681836,2.0,2.0,0.2,-0.15366733406,-0.150746753215,44742.950608716674,17949.317621713337,8269925.3421451105
7.701652515873545,244891.01452001886,2.0,2.0,0.2,-0.0811961714043,-0.0791507033728,30599.291917543334,9131.684090210001,12791955.834728617
6.919238506519312,9236.935014785086,2.0,2.0,0.2,-0.00237189628904,-0.00193562435855,6194.745676556668,5549.170741226669,2419324.1260536998
9.041308311898776,349755.63408255787,2.0,2.0,0.2,-0.110389514508,-0.107568038403,43417.50248021,14835.32170508334,10748148.457125645
5.513826863876569,151860.92350776526,2.0,2.0,0.2,-0.0541578568866,-0.0528486790284,19779.77561089667,5195.960098610001,5909986.006884119
2.5165510904755646,270152.54768573423,2.0,2.0,0.2,-0.107079783489,-0.105216170132,27911.240818840004,13657.186750954002,5202150.784469776
7.562580691395458,574548.6090502904,2.0,2.0,0.2,-0.192915897444,-0.188670317757,65541.90596842002,25544.91277958667,7781132.003413833
7.966672913243628,239421.19058546083,2.0,2.0,0.2,-0.0785627457017,-0.076538494765,30284.45301316334,8786.190426226667,4681894.338922372
6.270856179340718,503880.963998656,2.0,2.0,0.2,-0.177311894694,-0.173623359549,55709.87399696667,26434.05601161667,6706330.835099907
8.053221029613768,113124.36344955068,2.0,2.0,0.2,-0.036580492057,-0.0353946594743,17880.742672653338,254.86850072999994,7079868.691396525
5.6972625690973215,403476.2988150173,2.0,2.0,0.2,-0.144658794076,-0.141671967241,45852.93182364334,17496.568345130003,9231549.082120419
5.943229049746949,586204.1726633661,2.0,2.0,0.2,-0.20896569431,-0.204748004015,63803.732880806674,26430.21272562334,11786687.644610718
5.134098656047672,61135.86052376207,2.0,2.0,0.2,-0.0215243532997,-0.0208345504041,10142.196218353336,906.6682792033334,4517159.437057499
1.716062577324809,4991.965336315207,2.0,2.0,0.2,0.0,0.0,112.85616831666668,179.17133168233337,0.0
2.4170771294430877,260149.6755795686,2.0,2.0,0.2,-0.103382207814,-0.101589878493,26760.21547523001,12882.481667977001,4994585.465301089
1.767148078337241,55575.289830820315,2.0,2.0,0.2,-0.0215526821952,-0.0210968516541,6289.055303842334,1026.4790896086668,2112511.733134611
6.909488495742133,449030.6098057388,2.0,2.0,0.2,-0.154230533777,-0.150865869656,50755.619275643345,19391.36924513667,6359095.076021528
4.172025839148777,548729.1983091354,2.0,2.0,0.2,-0.20776725893,-0.203929608395,58953.16804613001,30354.042214456673,9993246.238928145
5.822850874899974,260412.5836252553,2.0,2.0,0.2,-0.0925640912183,-0.0905189220068,31207.305895213343,11245.125661393335,7452000.771945146
9.21431502837179,155226.9852932646,2.0,2.0,0.2,-0.048222559865,-0.0466960905707,23177.298027056673,2094.680827926667,8365839.187003868
3.618983947765437,260641.99140396586,2.0,2.0,0.2,-0.0997814481118,-0.0978764745735,28915.590044646673,12702.076202743337,5905387.9411324095
4.988254845802853,434068.6907100006,2.0,2.0,0.2,-0.159602180058,-0.156458669506,48266.18311407667,22761.976829806667,9040102.076697141
7.922184677615913,5432.496948222587,2.0,2.0,0.2,-0.00105444410923,-0.000593590133311,6579.036978740001,6557.983180256667,5671637.472501463
3.444784406678791,353672.39369081834,2.0,2.0,0.2,-0.136599356112,-0.13410410626,38009.52768567001,18489.93704235667,4343078.9130894365
2.1543292335447406,367975.0109324274,2.0,2.0,0.2,-0.147946420912,-0.145511295561,36370.397620203345,19538.788905932004,6080210.037353663
3.962887349767028,382612.9481375613,2.0,2.0,0.2,-0.145428977759,-0.142701049422,41674.647339430005,20031.72343467334,7699265.059425655
2.870380941659038,145213.24798852633,2.0,2.0,0.2,-0.056397281618,-0.0552941516911,16373.892111750001,5509.857247645335,3962955.990504198
9.40243004491187,428431.63402687607,2.0,2.0,0.2,-0.13345406989,-0.130082818978,50907.92324625335,19659.035186790006,12010835.896106215
8.369023226297545,54834.891799065845,2.0,2.0,0.2,-0.0171410931271,-0.0163288769164,12065.277340850002,3741.2017898633335,6557954.374379778
6.8839319303385995,119562.2018800805,2.0,2.0,0.2,-0.0404322096601,-0.0392647936239,17582.00356563667,1534.5980384200002,3344679.4476897316
8.9074150165956,526482.0279926892,2.0,2.0,0.2,-0.167589467216,-0.163587721659,61784.02275844002,26393.097640976674,12923654.32182001
8.331212653642474,443233.89043593983,2.0,2.0,0.2,-0.144180761734,-0.140772547589,51467.30270454334,21142.62325381667,11434623.460821759
3.0858455005313044,8247.33240680715,2.0,2.0,0.2,0.0,0.0,204.7311198316667,274.05636670200005,0.0
9.086751487164811,149025.75622188012,2.0,2.0,0.2,-0.0465057586549,-0.0450272869098,22411.235580410004,1793.3800888833337,8206534.866044659
6.0844090562830315,128643.88979589874,2.0,2.0,0.2,-0.0448328121232,-0.0436465823004,17881.979529940003,2655.5136744633337,3174704.225251889
8.36324131889453,162483.79682218353,2.0,2.0,0.2,-0.052247557224,-0.0507168421392,22752.304651470007,3336.6167441233342,7905705.884362221
9.116776049349692,148535.86216793183,2.0,2.0,0.2,-0.046295966968,-0.0448183319062,22424.68417142,1827.0125621833338,8208259.73370648
4.203029537260843,37515.77744570744,2.0,2.0,0.2,-0.0132263162553,-0.0127404046828,6956.891785150002,1652.7567250000004,3587724.5687578213
2.4354413584852526,275364.3099580922,2.0,2.0,0.2,-0.109445882996,-0.107556081573,28267.606815023344,13767.024637660334,5223819.545796395
3.437448881606504,439640.0848716991,2.0,2.0,0.2,-0.17017534256,-0.167121859902,46543.99171036001,23850.843316160008,7991388.61295697
5.130416203323179,364039.03483046184,2.0,2.0,0.2,-0.13299982904,-0.130310690854,41180.38168118668,18319.273599426673,8290056.877223305
8.453125510341192,403723.0011588479,2.0,2.0,0.2,-0.130606418724,-0.127453772762,47534.65588116667,18749.177311910003,10999132.563798534
8.816209957678918,48689.50712174349,2.0,2.0,0.2,-0.014884279451,-0.0140904303779,11760.020611126669,4179.094940236667,6783368.317314637
1.559093109515121,570894.4261060724,2.0,2.0,0.2,-0.234480112936,-0.230934423255,52081.71801149335,30959.392200300674,7616911.256457926
5.841352071909308,503095.1003058149,2.0,2.0,0.2,-0.17977718271,-0.17611809047,55256.98915240667,22339.61319773334,10592507.938962517
5.047993526764621,483054.19109739765,2.0,2.0,0.2,-0.177404488077,-0.173932777537,53404.00788267001,26003.37875312667,9795183.96778565
3.387916389001207,493790.2830250605,2.0,2.0,0.2,-0.191625509207,-0.188226083858,51848.32239925667,27305.88373378667,8685152.717901967
2.5188556223363037,559626.3048796568,2.0,2.0,0.2,-0.223359893066,-0.219657111828,56028.608936793345,31335.25462286134,8710174.881181587
4.369728956930837,326552.3796682186,2.0,2.0,0.2,-0.122287053607,-0.119896725859,36505.06072765334,16306.753647373336,7303324.312881373
9.514732483256413,120169.21072057553,2.0,2.0,0.2,-0.0367233825941,-0.0354149907215,19778.506732110003,152.0406720666667,8135740.836112801
4.24722492217642,370070.1647115247,2.0,2.0,0.2,-0.13931155276,-0.13664415538,40812.244787676675,19088.31670122334,7785292.485961549
5.9097202848186114,445728.8962007634,2.0,2.0,0.2,-0.15873918736,-0.155456354012,50493.94850781001,22963.072480433333,9880602.683269585
7.475661150609012,442750.4360124152,2.0,2.0,0.2,-0.148862196035,-0.145504490125,51642.43942560668,21661.02302106667,6477867.772908332
4.590851620223999,312869.41450012807,2.0,2.0,0.2,-0.116248830019,-0.113931390746,35397.14559538334,13279.575572020003,7255933.440661883
9.760147703128165,41075.231600146835,2.0,2.0,0.2,-0.0120013261801,-0.0112114803577,11689.19985174,5688.7191300800005,7302201.430519658
9.680802007007946,222667.7630580767,2.0,2.0,0.2,-0.0681713669753,-0.0661674678481,30647.92886120667,6151.870166480002,9529331.791034762
3.6401495145155955,552459.9650780144,2.0,2.0,0.2,-0.212858257212,-0.209048028138,58379.68978652667,31016.924050640006,9572971.091459874
5.726612300085276,350669.3458544556,2.0,2.0,0.2,-0.12544340922,-0.122803726803,40456.25188278001,17125.806268756667,8577669.516314974
4.057465633442542,322999.1659534281,2.0,2.0,0.2,-0.122192862092,-0.119848628806,35695.42116504,16243.303501156668,7021872.628385629
3.921144202208475,161312.10862931612,2.0,2.0,0.2,-0.0607349245387,-0.0594560042998,19223.131458410004,6259.024153300002,4936752.4261774495
1.8135390525135286,221069.35194994733,2.0,2.0,0.2,-0.0892329741158,-0.0877623027433,21564.751352466672,10592.14714378167,4017843.013606511
6.681296838829123,537207.6534919016,2.0,2.0,0.2,-0.186331465906,-0.182393524153,60723.734999536675,23828.947102743336,20918869.251546204
5.7727716974453225,399877.8285161014,2.0,2.0,0.2,-0.142973356386,-0.140006850922,45582.94740882001,20192.723145866672,9242033.986092657
1.9375693856249094,472432.2160513997,2.0,2.0,0.2,-0.191607252354,-0.188560168905,45408.509782993344,25585.862670065337,7061124.784188144
3.868494946011197,272607.2538405931,2.0,2.0,0.2,-0.103581175117,-0.101578917284,30474.100601513343,13221.336460946668,5807505.117340592
9.220260030716556,378148.3316736948,2.0,2.0,0.2,-0.118560666257,-0.115539273409,46485.272863636674,16459.078953760003,11273947.253671141
3.5362760706692655,149030.16524592452,2.0,2.0,0.2,-0.056723270856,-0.0555499169641,17581.947171580003,5722.569795455668,2524419.226201095
2.7316064127753963,423276.49817009177,2.0,2.0,0.2,-0.167451212516,-0.164583717879,43431.46214853334,23034.669470494002,7245573.075868244
5.660348462359286,256560.80022200238,2.0,2.0,0.2,-0.0917023075702,-0.0896905586425,30738.448698790005,11127.06516725667,7313638.078286638
9.878028859940105,265527.30888884736,2.0,2.0,0.2,-0.0807703583599,-0.0784686786782,35231.72231071001,8778.287194013335,10244260.937350959
3.5574698078477534,389593.394746129,2.0,2.0,0.2,-0.150063984802,-0.147325155138,41784.14030074001,20724.609402430004,7500499.101073331
7.213152152949967,561768.372881356,2.0,2.0,0.2,-0.191100259745,-0.186965010586,63816.036844900016,24973.15542465667,22047711.81790403
7.973766730294099,38403.80796517256,2.0,2.0,0.2,-0.0119599055114,-0.0112771330877,9787.723021530002,1164.7282716200002,6165971.80462233
3.5199191239353973,494845.94240820454,2.0,2.0,0.2,-0.191232805942,-0.187812900516,52215.190051283345,27260.61084506667,5678422.265986116
7.689838963200806,175429.86624731586,2.0,2.0,0.2,-0.0579543954143,-0.0563713645773,24112.02519609667,4544.399499776667,5863700.457277626
4.626156628113653,266351.6727038267,2.0,2.0,0.2,-0.0986810924529,-0.0966684347163,30644.481358196674,11013.085888286669,6743541.198129756
6.874599560045426,13147.997265005373,2.0,2.0,0.2,-0.00372332770835,-0.0032629948599,6396.898657030001,5298.300994450001,3038413.4113023407
6.885002541467605,180627.64670058782,2.0,2.0,0.2,-0.0615161764368,-0.0599420014268,23880.957389436673,6224.111970433335,3886209.8138565104
6.054084814635447,301578.74557807826,2.0,2.0,0.2,-0.106483217163,-0.104151586483,35709.75652458668,13703.283528063337,8175325.077065567
2.2674630454624705,33705.646408463406,2.0,2.0,0.2,-0.01244084536,-0.0120872242711,4826.271606578334,595.2854018323334,2218384.733531749
8.600071212508523,294657.43762989907,2.0,2.0,0.2,-0.0945202806385,-0.0920918803797,36411.78118341001,11565.648659300003,9770921.09885671
4.2266305522597545,556266.3773150564,2.0,2.0,0.2,-0.210268306314,-0.206375928822,59814.87209285001,30802.672465950007,10091929.861458734
3.085407338398761,63235.930864683134,2.0,2.0,0.2,-0.0237779805868,-0.02318745722,8530.685734447334,681.2718191686668,3150206.703970495
1.8465887032154933,458664.4368453026,2.0,2.0,0.2,-0.186468399334,-0.18353498307,43546.73299555334,24635.253422447004,6820832.465784874
6.522590017100056,245802.63202559558,2.0,2.0,0.2,-0.0851574221193,-0.083169403957,29760.110489156676,9529.198656870001,4377362.4184386525
7.259297075659401,393104.2287146028,2.0,2.0,0.2,-0.133127273273,-0.130114058472,45428.87850641668,18589.150871253336,8255325.307795361
1.6409965458867772,156141.95879113761,2.0,2.0,0.2,-0.0629620000659,-0.0619080170492,15150.842796104671,6942.429979740334,3126721.5337576154
5.852790995543888,95695.35752481497,2.0,2.0,0.2,-0.0333922531008,-0.0324367612095,13980.923799656668,816.6225522133335,5398220.917705349
3.4252140891824725,96277.56856273586,2.0,2.0,0.2,-0.0363898901784,-0.0355657085694,12174.067214386669,2490.2188026946674,3779466.4090667646
6.983968718480324,42295.16738588679,2.0,2.0,0.2,-0.0137250894811,-0.0130655251423,9434.905159540001,622.6695456716668,6249691.466484212
2.9821146465424273,111388.02294074581,2.0,2.0,0.2,-0.0428508828606,-0.0419578907402,13148.643170020003,3728.547933210001,3655638.7694618087
7.372970773870961,398531.63099338097,2.0,2.0,0.2,-0.134405575777,-0.131351420908,47000.98586104001,19046.847231163338,7499646.341536811
4.7872504435545675,529014.3671061049,2.0,2.0,0.2,-0.196163957197,-0.192405946369,57750.23514956001,28879.237443376667,10102625.448564244
9.462204904262244,488475.4113546971,2.0,2.0,0.2,-0.151924701029,-0.148146189673,58285.09388806668,23570.395692000006,12741768.257399062
2.668928025240943,411080.5859246905,2.0,2.0,0.2,-0.162898917913,-0.160118118306,42054.55935573001,22219.804999318338,7075604.5557902735
4.399063983927197,66259.1180466616,2.0,2.0,0.2,-0.0239727527298,-0.0232886103027,10036.174470380001,7.462844863333353,4060686.0032479977
2.464524930545007,173512.4677775699,2.0,2.0,0.2,-0.0684442712089,-0.0671969459135,18508.475162423336,7766.2887774593355,4004775.89602094
9.359895755367784,185884.1251934814,2.0,2.0,0.2,-0.0575463134665,-0.0558060621921,25943.392621076677,4130.021885823334,8862029.354592027
8.95738450373834,149974.16783857273,2.0,2.0,0.2,-0.0470502625843,-0.0455717112102,21983.39932124,2119.575410583334,8166032.729161483
3.6925038355788224,309003.3958258339,2.0,2.0,0.2,-0.118242294374,-0.116015977712,33822.25459094334,15573.70432141667,6603269.00136881
7.109864391290522,321332.2889278036,2.0,2.0,0.2,-0.109239249502,-0.10671696624,37899.7597737,14190.678658103338,6630503.1388895
8.446388701710335,214131.5851026661,2.0,2.0,0.2,-0.068880595793,-0.0669990938384,28113.286994486672,6470.719520063333,8650222.806717778
6.21920689859543,212273.49524186162,2.0,2.0,0.2,-0.0742163896858,-0.0724687203505,26622.52146773334,7940.839205303335,3966489.4441212574
6.002029916026055,497133.3587436488,2.0,2.0,0.2,-0.17661486077,-0.172987524092,54782.15209770001,26159.015900463342,10687529.456187997
3.5557444726538394,473575.7089918114,2.0,2.0,0.2,-0.182731478029,-0.179446135962,50180.67343683334,21230.41280140667,8543557.169531848
2.291373526350143,184677.4990084474,2.0,2.0,0.2,-0.0733028420901,-0.0720011437693,19225.516729050003,8507.052717826002,3996636.6339986995
9.126333942603278,548273.0663239555,2.0,2.0,0.2,-0.173039432996,-0.168878683904,62977.68131632667,27451.564201206667,13289825.361618837
9.15355348588831,571689.0102015036,2.0,2.0,0.2,-0.180272420751,-0.175954931704,65381.042428720015,28801.768343963337,13663091.326460512
6.881362386822778,196045.5252180245,2.0,2.0,0.2,-0.0668514661738,-0.0651748142682,25522.762822123335,6976.070453380001,4029500.6915621464
4.381753223913956,212654.9692758329,2.0,2.0,0.2,-0.0792096673657,-0.0775663869808,24899.443336366672,9167.36758607,5864413.218917057
4.468281384207618,303380.4920531753,2.0,2.0,0.2,-0.113156691996,-0.110908885319,34288.65346065,12842.602647933336,7070231.781839889
7.6706232703970345,564672.4875202042,2.0,2.0,0.2,-0.188792455894,-0.184609248812,64630.65995746001,25019.75407745334,7721464.043724212
9.125437209596905,525791.6598853869,2.0,2.0,0.2,-0.165900957769,-0.161889817337,61913.664356556685,26199.71946144667,13054510.912263494
9.040234606253497,61540.77755015388,2.0,2.0,0.2,-0.0188320442306,-0.0179412571384,13238.782086900004,3812.0742919266672,7113026.993017686
8.128942139789803,235638.44596284974,2.0,2.0,0.2,-0.0768260559882,-0.0748184112201,30668.32088599667,8096.326599313335,8678564.622266976
6.957268992311446,332022.7138498631,2.0,2.0,0.2,-0.113553092147,-0.110966475868,39657.20599783001,15080.92296801667,5276046.45510253
2.215189702457915,301879.483530924,2.0,2.0,0.2,-0.120901735784,-0.118872772436,30272.84009152334,15349.040649406003,5384448.243869937
2.873844069804217,116317.8407621356,2.0,2.0,0.2,-0.0449450841859,-0.0440282013369,13508.567173350004,4081.814987366001,3642876.1431783913
9.137710602480173,515290.0627008928,2.0,2.0,0.2,-0.162482071359,-0.158542360126,59687.43463697335,25393.370018723337,12889698.951584704
6.654647007106514,406164.4697981024,2.0,2.0,0.2,-0.140706300724,-0.137645034521,46175.203754776674,20163.32064021667,5874081.188795594
1.578174938741352,502745.0249110822,2.0,2.0,0.2,-0.206164085801,-0.203031033549,46105.99045452334,26894.163329716335,7071074.257648305
2.362508114361273,515258.5676096833,2.0,2.0,0.2,-0.206494982856,-0.203100337212,51114.44551962335,28323.10850191001,8015551.139914227
7.139765037418474,449013.5121994439,2.0,2.0,0.2,-0.152903756141,-0.149522421258,52046.70363122668,22446.166439310007,8983973.730864571
1.543023462692859,263526.3607498304,2.0,2.0,0.2,-0.107457159881,-0.105767597626,24521.825780900006,13151.639701520335,4221415.362223712
2.8668684370487387,366328.05300925474,2.0,2.0,0.2,-0.14412896914,-0.141612095776,38101.18451071,19427.390996733335,6660373.3704698775
6.164237209615982,96219.24367184589,2.0,2.0,0.2,-0.0332169446883,-0.0322418666603,14592.072116293339,505.0639566300001,2909628.874708588
7.3811091803878925,404187.2504849446,2.0,2.0,0.2,-0.136287107398,-0.133194267461,47594.43853392335,17119.91344087,17353895.269085456
7.041670705772105,107551.95344356845,2.0,2.0,0.2,-0.036079389411,-0.0349831759454,16111.04415604667,664.2277083233333,3289079.0970955994
3.4062891304147582,416369.7543060941,2.0,2.0,0.2,-0.161253940866,-0.158357282897,44151.67788248667,22375.840841240006,7735830.6297959015
7.553523381454055,137758.8964523812,2.0,2.0,0.2,-0.0455693134582,-0.0442453979658,19575.724337710002,2195.1406161500004,3715823.0965177426
3.5166172437228007,70530.78009013199,2.0,2.0,0.2,-0.0263012125797,-0.0256380959528,9662.844791890004,863.5250031080003,1837588.117764872
4.265897434353776,99170.69408577446,2.0,2.0,0.2,-0.0365306147218,-0.0356373579296,13266.692418973338,2115.299136353334,4410610.71217502
7.845176943503205,1195.2811314421608,2.0,2.0,0.2,0.000353464309564,0.000782014550847,5903.9478170833345,6692.727725363336,3239038.0565509936
7.021879641901324,431243.77071211813,2.0,2.0,0.2,-0.147459611312,-0.144206727617,50059.91171268668,21459.77092199667,6250128.4829102
8.718398989200512,439440.6294350275,2.0,2.0,0.2,-0.140760219016,-0.137353584063,52467.90586781001,20698.74599855334,11679063.847457817
7.089709584552919,308960.00994795567,2.0,2.0,0.2,-0.105073268786,-0.102634171335,37415.12516548334,13439.939406973337,5107613.028571977
6.330623128351509,96817.68063323022,2.0,2.0,0.2,-0.0332332371872,-0.0322454012841,14767.406707566668,2247.0621023300005,2966831.8453558986
2.296235526538786,50132.602506413845,2.0,2.0,0.2,-0.019048830968,-0.0185906937741,6414.468683848668,378.8893444186667,2421244.8905312014
4.625584326005185,11477.379862372205,2.0,2.0,0.2,0.0,0.0,307.30895589900007,376.5602016833334,0.0
3.7542201252946663,99448.90617913242,2.0,2.0,0.2,-0.0372396286982,-0.0363744050545,12806.399278353334,2475.9357818166673,4039866.1502705645
3.5739119687222103,534513.320989888,2.0,2.0,0.2,-0.2063319571,-0.202650655097,56269.403583950014,29511.497637616674,9367277.465103846
9.770589715395788,144922.10502100908,2.0,2.0,0.2,-0.0439618330976,-0.0424755388492,22525.093670296672,1045.1795048733336,8633312.715904148
4.841330659667463,212562.7963303294,2.0,2.0,0.2,-0.0779660988972,-0.076295285442,25381.637481586673,8873.883475040002,6197132.729529472
9.082395719005463,63207.29068879991,2.0,2.0,0.2,-0.0193288416227,-0.0184248323482,13454.763525600001,3736.047635340001,7189914.5970964255
6.864678320976735,133416.78284890216,2.0,2.0,0.2,-0.0452469549232,-0.043988143068,18974.16010940334,3913.033074116667,3455593.337112609
8.255896080104012,311534.7424681231,2.0,2.0,0.2,-0.101350096065,-0.0988280894355,38646.33033772334,12855.873608536669,9701121.020517446
5.772415291394133,364651.6098573915,2.0,2.0,0.2,-0.130275254393,-0.127542761763,41911.227615756674,17960.93756157,8794027.378659528
6.403683019324053,147211.38849972663,2.0,2.0,0.2,-0.0508559107098,-0.0495295824405,20051.888543933335,4713.505163383335,8969001.074140279
5.686400397460343,34639.29553507033,2.0,2.0,0.2,-0.0115861890995,-0.0110429996759,7866.45658467,2922.0881612966673,4552590.258251706
3.1595653962833783,234619.72147643918,2.0,2.0,0.2,-0.0910124328143,-0.089313100158,25599.484364146672,11227.907859428336,5277526.521372429
7.6408429797227955,140522.02255580047,2.0,2.0,0.2,-0.0463473792022,-0.0450003544511,20379.36634437667,3997.9438788400007,3767122.6794855357
3.8865650807472742,131732.35393788115,2.0,2.0,0.2,-0.0494600220333,-0.0483760045347,16187.702740193337,4435.4168392166675,3705746.95718909
1.7066857146673575,575917.6816280731,2.0,2.0,0.2,-0.235556020678,-0.231937253669,53398.26848467335,31421.091376867673,8305728.843131427
6.986514515210926,369780.29155543447,2.0,2.0,0.2,-0.126449370744,-0.123608895169,43695.11677807668,17481.258315286672,5647920.533157289
3.005440774959916,334127.0659032575,2.0,2.0,0.2,-0.130775446927,-0.128447385606,35255.48742162001,14476.120942826337,6352500.0540339835
9.493897966999771,249465.06211399316,2.0,2.0,0.2,-0.0770597102351,-0.0748860654281,32587.01001044668,8048.737551576668,9772201.99646647
9.608392904521992,257366.60005808657,2.0,2.0,0.2,-0.0791501492954,-0.0769178243653,33529.32257656333,8446.245639456667,9900366.49369898
9.276347316873812,324543.0023028485,2.0,2.0,0.2,-0.101392458364,-0.0987271869934,40142.092155556675,13033.338453903336,10623914.191478748
4.6463489521712775,417857.88422166434,2.0,2.0,0.2,-0.155386348017,-0.15237506561,46226.001178276674,22106.035190766674,8666016.064735616
1.6313812404953731,421287.65770909766,2.0,2.0,0.2,-0.172215746787,-0.169554032592,39194.35682886333,22356.922209622004,6103180.509090245
9.390707781995665,103016.34462326975,2.0,2.0,0.2,-0.0315437429724,-0.030357258525,17878.37833540667,1162.219599256667,7847975.093923486
5.139565260697172,300067.65124597616,2.0,2.0,0.2,-0.10939031265,-0.107122907138,34617.13711973334,14205.599436813338,7519947.474314612
9.716565961871192,247174.85702046118,2.0,2.0,0.2,-0.0756447613819,-0.0734745867456,33182.12062128334,7726.416477483333,9861165.380664961
9.690769805258649,522316.17976163054,2.0,2.0,0.2,-0.160987253901,-0.156970545169,61968.26685741002,25601.48767378334,13355832.060795566
8.75058037147256,378851.35273102584,2.0,2.0,0.2,-0.121057642854,-0.118057063846,45236.47906301334,16927.505656096673,10952006.978813903
4.002815582591478,319502.4398495891,2.0,2.0,0.2,-0.121077131488,-0.118757875135,35347.02043858,16153.25659202667,6996098.281649323
4.773330693116365,69236.78530735042,2.0,2.0,0.2,-0.0247931650825,-0.0240688383361,10669.847001946668,170.88999815166667,4375894.4934577
8.734661707893284,363382.73359404685,2.0,2.0,0.2,-0.116151225696,-0.113255419253,44554.76067532,15928.430690340001,10753843.931579478
4.19383704382836,70322.34340814005,2.0,2.0,0.2,-0.0256716429221,-0.0249715340944,10275.311289800002,399.07195598333345,3974636.4251945657
2.940688346831786,202323.94533945125,2.0,2.0,0.2,-0.0788593214517,-0.0773868609777,22020.28877096667,9337.757574098667,4701015.311715359
6.232810730895976,85705.17888859913,2.0,2.0,0.2,-0.0294209166678,-0.028511553093,13571.41279976,96.08398419333332,2840476.9796856698
9.457315580366638,415244.18821462133,2.0,2.0,0.2,-0.129021309183,-0.125737807789,50518.97334066668,18780.01797482,11850041.382252092
7.41625327173727,123751.26830169157,2.0,2.0,0.2,-0.0410652329277,-0.0398419169059,18451.336802233338,1559.0801265333337,3533394.0702109965
6.3455199457596025,235115.6239128156,2.0,2.0,0.2,-0.0819347695873,-0.0800277977784,29088.35505072,9303.72735156667,4213223.980685375
2.3260001970515325,537404.8665712673,2.0,2.0,0.2,-0.215682163204,-0.212151440406,53205.56067709001,29388.296726709003,8263233.536332334
6.727561426942943,122589.83003938217,2.0,2.0,0.2,-0.0417133037146,-0.0405340599846,17777.994384313333,1821.2063843633339,3316571.807700718
9.915457725886238,304683.03837526747,2.0,2.0,0.2,-0.0926510557574,-0.0900836514123,39442.942125270005,11324.115268090003,10701823.303147947
2.690714129510454,251562.9966996132,2.0,2.0,0.2,-0.0991033141049,-0.0973382985277,26443.98147938667,12440.675509862003,5155775.3332982045
5.905802045091762,10874.42462743784,2.0,2.0,0.2,-0.0030114736582,-0.00261450316534,5577.158762100001,4763.6072856733335,4406877.837592649
8.957671111387622,475654.86814368766,2.0,2.0,0.2,-0.150992663243,-0.147328936839,55364.07105912001,22949.99472630667,12304481.404179487
7.796533250910738,41427.54378875984,2.0,2.0,0.2,-0.0130439788242,-0.0123495613922,10207.317073960001,4141.325064976667,3671765.663619044
7.4246337984597774,284553.01258617215,2.0,2.0,0.2,-0.0954936562234,-0.0931969308109,35118.71779881001,11191.598426296669,5012491.25598332
7.471114713890429,336406.97696337,2.0,2.0,0.2,-0.112871219843,-0.11022455568,40596.331722200004,13740.065350000003,5503725.8182411855
4.555674785367919,377055.8739687522,2.0,2.0,0.2,-0.14051487856,-0.137779230982,41899.08593583335,16422.81652428334,8071915.7721925415
3.9955306762481935,413178.97758472536,2.0,2.0,0.2,-0.156991588859,-0.154060399534,44832.600823393346,21983.75827522667,8133768.694681385
8.379569821567365,151963.43011362906,2.0,2.0,0.2,-0.0487836181569,-0.0473218221469,21699.233452293338,2503.791669673333,7772802.56229496
8.385963854773037,5987.265995069624,2.0,2.0,0.2,-0.00123026664346,-0.000743109830612,6973.823336566667,6903.17756927,5962765.540914165
8.870114707930881,434066.1974129472,2.0,2.0,0.2,-0.138183868293,-0.134804832865,52057.27803426335,20262.29295005334,11672430.228391357
9.262544696730007,321393.95960854716,2.0,2.0,0.2,-0.100457485218,-0.0978147642029,39785.89270512334,12787.502320273335,10532816.7210296
5.846410390317971,501670.6219243493,2.0,2.0,0.2,-0.179232610551,-0.17558155512,56241.39859360334,26701.55784765334,10631692.348474072
5.762888504841197,492833.0177404166,2.0,2.0,0.2,-0.176573839836,-0.1729882224,55223.41321186,26050.643453430006,10348633.693352565
8.285509021217589,505995.7006727299,2.0,2.0,0.2,-0.165055270955,-0.161227864672,59063.53983133335,25345.697119623335,12270436.331690075
7.024693411611004,291056.7959877241,2.0,2.0,0.2,-0.0991717820076,-0.0968550002782,35462.32824627334,12413.880553986672,6185314.955146835
7.4667184566904785,200177.0375021194,2.0,2.0,0.2,-0.0668079362476,-0.0650715244657,26446.396832763337,7007.057594036669,4253009.127946175
8.264237690206858,474934.921554822,2.0,2.0,0.2,-0.154984962559,-0.15136555349,55714.38991569667,23401.266497420005,11874875.03295325
9.065045405449315,270776.46781755297,2.0,2.0,0.2,-0.0851919146063,-0.0828978117251,35143.81476157001,9717.94554165,9726677.9631049
4.372958833238054,110065.3178420607,2.0,2.0,0.2,-0.0405129218749,-0.0395430494502,14474.211261440003,3474.540493996668,4603706.452086999
4.692455097439524,512984.4117368846,2.0,2.0,0.2,-0.190781893179,-0.187134827964,56074.06305300668,27900.105961536672,9851212.34597078
2.2988464886473867,529535.9260634084,2.0,2.0,0.2,-0.212672225591,-0.209197105388,52274.410213970004,29394.48238466267,8152034.345535861
6.415381198467479,279785.85368410207,2.0,2.0,0.2,-0.0974473114393,-0.0952398070522,33759.53185185667,11215.20320135667,12910018.046264973
1.8055093272723077,45419.836385872484,2.0,2.0,0.2,-0.0173770580691,-0.0169817418146,5377.053003619333,1037.2688031510002,2093394.052830195
5.457583154125912,232695.65395015874,2.0,2.0,0.2,-0.0836660825614,-0.0818260091373,28037.205036800005,9730.496528026668,6866982.687260585
6.112479395014401,482122.595677562,2.0,2.0,0.2,-0.170563158645,-0.167027345126,54416.67903207335,24946.773084786673,6455279.436111994
3.9356006430904173,541064.4171277372,2.0,2.0,0.2,-0.206439306258,-0.202675218351,57796.04570209334,29950.61346994001,9702537.873247968
6.522082714836591,122083.6454985575,2.0,2.0,0.2,-0.0418456232444,-0.0406805008835,17525.10941565334,3446.922955236667,3247811.7757502017
1.7592521244819201,40184.16721516292,2.0,2.0,0.2,-0.0152553924867,-0.0148949932246,4847.060171593334,108.18453014533333,1998379.7088778536
1.8174596043683224,526410.2718797032,2.0,2.0,0.2,-0.214447136336,-0.211105146156,49516.247228113345,28356.635779343676,7524258.711416069
8.492104765607095,233642.96338732517,2.0,2.0,0.2,-0.0750948956463,-0.0730802351009,30143.20061171334,7757.426188030003,8892253.671995884
4.561620451995735,325056.57856053795,2.0,2.0,0.2,-0.120944801308,-0.118550854405,36567.368975950005,16125.570331170004,7397945.299338591
2.5800143575410206,580839.4872304554,2.0,2.0,0.2,-0.231472503764,-0.227623350371,58324.13480337,32009.892369516343,9090195.72747845
5.939067710465837,39938.836748533715,2.0,2.0,0.2,-0.0133824899205,-0.0127915887725,8587.340570066668,2766.847085626667,4765024.275371803
8.044945201338193,388990.8044712573,2.0,2.0,0.2,-0.12783366739,-0.124804249088,46659.16810240002,18057.776137853336,10600720.38573787
3.334478733723167,44463.25354492025,2.0,2.0,0.2,-0.0162794155979,-0.0157957932121,6896.6953923086685,750.6662911626668,3099615.616117652
6.794569044461502,225281.35707990022,2.0,2.0,0.2,-0.0772004766703,-0.075334543327,28425.510495933337,8439.713264040001,4263070.962785944
2.225453452447028,482288.72711606807,2.0,2.0,0.2,-0.193971815501,-0.190805208788,47601.45391142001,21217.960615298005,7516213.595885562
1.9392946299331655,260083.33965338065,2.0,2.0,0.2,-0.104827788355,-0.103097515015,25555.198689320005,13053.418739289335,4564106.762906886
6.016514368329258,598309.4123417703,2.0,2.0,0.2,-0.212750174724,-0.208447793943,66379.60637178335,32603.114544860004,11935814.510519933
6.095398533685906,335435.5709679613,2.0,2.0,0.2,-0.118384712094,-0.115824910826,38476.34886761,15930.144862783338,8619016.633088361
6.918154162734756,192697.2915815721,2.0,2.0,0.2,-0.0656057016921,-0.0639492300649,25225.33542501667,6171.818440816667,5036447.588598525
7.6717763366426235,132066.79554285188,2.0,2.0,0.2,-0.0434596206239,-0.0421674829655,19524.803874733338,3569.013796910001,3700808.7572444063
9.794742675431545,210312.32057169708,2.0,2.0,0.2,-0.0640456965793,-0.062119611979,28784.296079920005,5264.781182746668,9486835.560682062
5.88855296056016,223519.96425573048,2.0,2.0,0.2,-0.0791252153992,-0.0773199766326,27502.48261773334,8882.04906921667,7043632.327504904
4.245130020000591,41228.206634376584,2.0,2.0,0.2,-0.0146143577719,-0.0141021363214,7370.1037315366675,1457.2441424800006,3669419.774985763
8.25908265553398,221744.5196560639,2.0,2.0,0.2,-0.0718826254302,-0.0699609631858,29370.10964015,7123.522753356668,8599863.962384991
3.802074135727631,278543.111843535,2.0,2.0,0.2,-0.106090315115,-0.104054720294,30935.91356292,13624.098049943335,6278867.898183573
5.231257075997907,433642.6513432828,2.0,2.0,0.2,-0.15811925236,-0.154960291055,48513.92945486668,22667.776338980006,9301870.390011936
2.1668792414092604,394037.6908329648,2.0,2.0,0.2,-0.158464938831,-0.155868440031,38683.206594480005,21137.24648701834,6371431.904585722
1.715481319031389,425259.39313749253,2.0,2.0,0.2,-0.173431452944,-0.170729933381,39869.78218656334,22327.145983583003,4238121.403998867
9.682511524762363,5018.20912611426,2.0,2.0,0.2,-0.000906988281036,-0.000362614886655,7865.489011790003,7949.494979323335,6813025.862595649
8.60583102435375,130600.43974832163,2.0,2.0,0.2,-0.0414514659772,-0.0401214276028,20097.33100265334,970.7659350300002,7657712.017934977
7.415780751796433,397010.5730399139,2.0,2.0,0.2,-0.133672681562,-0.130625455757,46863.742505303344,18731.93166132667,7692249.653804002
4.976100027521294,290393.6209078483,2.0,2.0,0.2,-0.106421734815,-0.104227762905,33492.62865831334,13726.325533133335,7249830.65094782
2.973001720602189,3188.0854010075677,2.0,2.0,0.2,0.0,0.0,197.2575987406667,266.53763682900006,0.0
2.8297148627042317,482696.7854590934,2.0,2.0,0.2,-0.19059760835,-0.187335656267,49451.14743210334,26711.460293582673,8062758.923012465
3.6270646343990602,463685.7439742024,2.0,2.0,0.2,-0.178475925954,-0.175247343591,49431.33774960334,25205.096741390003,8477353.140966464
6.168426650002024,329051.4977961376,2.0,2.0,0.2,-0.11580732548,-0.113286637412,38660.584107233335,15455.53143612667,8621020.206160938
7.57406534295053,39877.99546576327,2.0,2.0,0.2,-0.0126283765671,-0.011955490997,9881.587216273334,961.078311896667,2876273.761145844
7.111677702100716,459909.0297195508,2.0,2.0,0.2,-0.156807885834,-0.153360806981,52024.07364827001,22959.475117866674,6534825.8847732805
3.8794381240405142,350228.15263881837,2.0,2.0,0.2,-0.133375018386,-0.130865145558,38300.632656283335,18132.779766160005,7269430.513568389
9.61635488563715,469175.9862947755,2.0,2.0,0.2,-0.144953969221,-0.141295054296,56406.573893833345,22235.383670806666,12627459.904051907
7.772123791914033,451048.19543750427,2.0,2.0,0.2,-0.149969999186,-0.14654070279,52804.14958903668,19332.552752960004,6638882.536898913
6.212009446346906,481801.2431747023,2.0,2.0,0.2,-0.169840993712,-0.166301769302,53458.56738261668,25175.802310173338,6493887.39348088
6.699626342991994,310804.8398427749,2.0,2.0,0.2,-0.107244177036,-0.104814224531,37224.30152331667,12671.061172663336,6306402.126737175
5.066600530636214,84194.71091610899,2.0,2.0,0.2,-0.0300629487897,-0.0292250047349,12165.231578253335,602.9756005566668,4762274.847947945
3.6057134107598383,402694.4840278132,2.0,2.0,0.2,-0.154916147799,-0.152088761222,43132.33583806667,21417.759046590003,7704496.707949768
4.525767768535724,372284.2710311824,2.0,2.0,0.2,-0.138858446932,-0.136155445321,41356.805054370016,19094.300624520005,7976834.266357162
7.941691938947137,445351.9123194523,2.0,2.0,0.2,-0.147093362071,-0.143693516723,52291.57344376001,21625.991942473338,11234221.843248619
1.6223446533529249,101928.60363044118,2.0,2.0,0.2,-0.0406950653766,-0.0399709963038,10263.885609605337,3754.6144299910006,2514995.096757697
2.486617444308788,116985.11994017354,2.0,2.0,0.2,-0.0457342382974,-0.0448411404474,13085.783096020003,4314.275138116668,3354836.210291069
1.8910224571848984,534245.7103315971,2.0,2.0,0.2,-0.217192126315,-0.213780885117,50738.417583043345,29292.600747373668,8032173.6306176
1.846194819711246,449986.67907124246,2.0,2.0,0.2,-0.182911128313,-0.180032505953,42749.56166509667,19394.552274962007,7011208.736157799
8.771414964093562,544937.0932201938,2.0,2.0,0.2,-0.174457177327,-0.170337647013,62306.07865429669,27592.692423960005,13054149.165511956
7.481091804730201,455229.19269835245,2.0,2.0,0.2,-0.153058417702,-0.149617778043,53007.150186046674,19615.442273150005,6624147.98347672
5.530477547242264,358293.18359418114,2.0,2.0,0.2,-0.129077773644,-0.126401929253,40249.18733513,17736.01011996334,8556401.397526955
2.3315903655335126,392479.6422167242,2.0,2.0,0.2,-0.157060129537,-0.154446567539,39258.85600313001,20735.59325412934,6528406.576009075
5.678734938493075,533476.754364006,2.0,2.0,0.2,-0.19181867616,-0.187969046057,58170.45658863668,28903.863330980006,10882746.316763766
5.524510051634809,347284.0527071643,2.0,2.0,0.2,-0.125103622884,-0.122498963151,39868.94113684334,17028.25976237667,8387282.632656716
2.972215894235129,379434.7945970324,2.0,2.0,0.2,-0.148847729036,-0.146233553077,39649.95816711334,16618.41421943967,6914916.580020928
5.187739018522771,93886.02960216034,2.0,2.0,0.2,-0.0334962391448,-0.0325872214354,13544.312500293338,1180.6758255133334,4946121.564109444
4.887290242377674,284352.7320696616,2.0,2.0,0.2,-0.104500412119,-0.102353105353,32766.670043816674,13368.164317226669,7119580.3282580795
6.73472583344384,429838.26717485936,2.0,2.0,0.2,-0.148540540671,-0.145315274148,49646.688178236676,21535.228840473337,7840986.693246103
6.898296032374972,162565.61898981925,2.0,2.0,0.2,-0.0552512591052,-0.0537961752683,22052.721793576668,5329.672717303334,4678807.411105601
1.8850840830623783,121352.50831472095,2.0,2.0,0.2,-0.0483228831582,-0.047456252741,12495.479677041338,4832.051451427001,3051303.8835553234
4.6842072243250055,188296.08493464932,2.0,2.0,0.2,-0.0693126748764,-0.0678113200447,22755.070136870007,7194.048214393336,5770584.200375487
6.81980928357101,144900.37679570008,2.0,2.0,0.2,-0.0492949415649,-0.0479621290993,20150.611429820005,4477.640400186668,3543827.5405863794
5.776658197930746,128947.58222183751,2.0,2.0,0.2,-0.0454289585857,-0.0442572624261,17289.474144040007,2936.885076780001,5799959.542921367
8.78016365010074,254910.50572085218,2.0,2.0,0.2,-0.0810722046512,-0.0788991740477,33303.961887590005,8904.852660510001,9351962.24503189
7.098895868761033,544703.1083301204,2.0,2.0,0.2,-0.186046701065,-0.182032183877,61948.624809930014,28719.37824468667,7355120.947021375
2.8849426301921524,304235.78804323095,2.0,2.0,0.2,-0.119405438374,-0.117281729922,32056.238099130005,15679.140150043002,5927497.061412831
2.0998343529036534,112752.22848919382,2.0,2.0,0.2,-0.0445371372021,-0.0437017148499,12110.083620677668,4252.373447850668,3010121.8705107006
6.9605638647536825,46183.00162852444,2.0,2.0,0.2,-0.0150731249906,-0.014389382979,10043.138737250001,3177.309168290001,2728923.1197098694
1.7253461396037855,417693.68708275515,2.0,2.0,0.2,-0.170277026364,-0.167614322004,39329.23947788667,22231.135519660336,6440637.486902367
6.479092440824438,229679.2586618327,2.0,2.0,0.2,-0.079632674987,-0.0777546506845,28659.03030474667,8734.112938730002,11476491.816181751
9.49195705211214,493098.56795121555,2.0,2.0,0.2,-0.153184607257,-0.149373342249,58823.87328440333,23864.431178110008,12826321.13321289
6.391530511944971,395706.4611844621,2.0,2.0,0.2,-0.138378217694,-0.135400042138,45790.356134353344,16937.475369753338,16403794.371008454
4.799444372755437,477744.8703248211,2.0,2.0,0.2,-0.17693409556,-0.173513073273,52533.727847726674,25822.578803456676,9527055.240794256
6.9679498567600024,163167.62365106924,2.0,2.0,0.2,-0.0553188019083,-0.0538568529044,21678.953461603338,4282.103540393334,3740672.120189729
5.3951495691778915,415415.3534766349,2.0,2.0,0.2,-0.150556327824,-0.147509108163,46728.55728011001,21463.24516305667,9176937.967610057
6.137742709185447,158437.19081623128,2.0,2.0,0.2,-0.0553208110751,-0.0539350249361,20535.729288113336,4624.176661753334,3452490.9001865475
9.502450874600465,563441.087670175,2.0,2.0,0.2,-0.175124431562,-0.170840892351,64852.07846074668,28394.85015815667,13811477.49320653
4.781872421306581,381824.5689200246,2.0,2.0,0.2,-0.141228107701,-0.138442358459,42722.141507573346,19604.229805263338,8255648.2526443405
9.670119792503272,194707.08010520524,2.0,2.0,0.2,-0.0595471551389,-0.0577312445995,27112.92967583334,4395.540281360001,9201508.894336106
9.195480456626541,161707.1173753636,2.0,2.0,0.2,-0.0503048504049,-0.0487355645644,23814.760702750005,2708.4992854200004,8470181.229899839
3.1642246457090195,114555.95104298611,2.0,2.0,0.2,-0.043855884534,-0.0429300049098,13698.181712623336,3783.4289230306676,3814886.5298823547
2.0895710574389064,416784.5753362367,2.0,2.0,0.2,-0.168089513006,-0.165358368809,40770.45998133667,22497.122367663007,6568616.991504703
2.3566130117081263,131229.36779875637,2.0,2.0,0.2,-0.0516433170747,-0.0506704111562,14250.65363980667,5251.0052723316685,3427598.752833256
1.6548855180381727,357181.95955649344,2.0,2.0,0.2,-0.145684204255,-0.143409745563,33343.08408473667,18648.56535188334,5445375.4155850485
2.3027651664253916,158781.0161552144,2.0,2.0,0.2,-0.062834093529,-0.0616931278044,16823.413219516668,6941.0615805703355,3705899.0314379265
7.3055575740390335,397181.36687632115,2.0,2.0,0.2,-0.134284134506,-0.131243953992,46787.57329116001,18886.65559660667,5990868.680113034
2.1051035119119463,488963.83712432353,2.0,2.0,0.2,-0.197386580136,-0.194204733268,47715.23866463668,21441.043638881005,7458957.303466483
4.2112928574969715,466815.14588679187,2.0,2.0,0.2,-0.176299010224,-0.17299865415,50569.30277182334,25158.26396732334,8962811.83238441
8.681440143240364,456510.79855846905,2.0,2.0,0.2,-0.146491310771,-0.142974490237,54230.88481142668,21991.097874053336,11826175.486627905
1.69781145375452,112633.44341535124,2.0,2.0,0.2,-0.0450020312675,-0.0442049751781,11376.234511022667,4403.603309762667,2673460.6317592766
8.422982102005953,53030.968190711224,2.0,2.0,0.2,-0.0165190303492,-0.0157162900602,11892.095430230002,3643.040340660001,6569471.109377491
3.8957655855738995,419369.29709243134,2.0,2.0,0.2,-0.159882610106,-0.156917513313,45350.11031718,22362.595888730004,8102164.296922854
2.5044010347840784,221008.3282766108,2.0,2.0,0.2,-0.0874068026215,-0.0858534874826,23131.47508080667,10643.916213593002,4634234.914342129
7.422265905595281,259407.73584200838,2.0,2.0,0.2,-0.0869813157313,-0.0848533381049,32549.138061220005,9940.867618893337,4769466.68193212
6.846014197629014,18689.45567603464,2.0,2.0,0.2,-0.00563958571003,-0.00514392704151,7101.8412071833345,1736.5245843833336,3067566.1628209227
8.95851211497995,155745.8695650295,2.0,2.0,0.2,-0.0488869828199,-0.0473696119611,23001.455596653337,2389.1178330966673,8239188.163304091
7.748103872333029,20205.842324678415,2.0,2.0,0.2,-0.00598494597668,-0.00543461196506,7966.120146766669,5472.770012983335,2705856.060387096
8.329587908271213,527511.4635607486,2.0,2.0,0.2,-0.171828274255,-0.167853655645,61371.39354605001,26821.003442726676,12546472.33523712
3.897293866856105,146038.0099311183,2.0,2.0,0.2,-0.0549267888209,-0.0537493800799,17662.556309973337,5301.728365306667,3871273.2535931696
3.008236122127644,334402.3017438048,2.0,2.0,0.2,-0.130872530256,-0.128542151332,35262.51234853334,17427.83966778834,6397378.200309026
7.880225388947296,23387.592396678247,2.0,2.0,0.2,-0.00701484238743,-0.00643656463514,8399.638342963335,1872.569474886667,2831785.4962868523
8.358095283771744,400108.43478339486,2.0,2.0,0.2,-0.129913665227,-0.126793714838,47090.839458210015,18555.784034046672,10930275.736035833
9.919293707005723,193816.40745245633,2.0,2.0,0.2,-0.0586611171064,-0.0568393663611,28111.708641340007,4111.6148111600005,9311405.331105944
5.0072502537471255,538751.5121745995,2.0,2.0,0.2,-0.1983092507,-0.194468720548,59095.718946523346,29367.42370882334,10461014.529396998
4.662153729238657,532870.9133604215,2.0,2.0,0.2,-0.19844426108,-0.194667371021,58066.601894850006,29184.03892092334,10098546.406497728
8.099510166306974,195174.37101704866,2.0,2.0,0.2,-0.0635650539273,-0.0618297372951,25886.483866336668,5574.505155100001,8153842.367464809
4.396830092150651,540576.5374142807,2.0,2.0,0.2,-0.203134626493,-0.199333075457,58368.65261558001,29742.163581116678,10041981.036771653
9.411437267630301,597694.6040992673,2.0,2.0,0.2,-0.186553561501,-0.182041902576,68342.07574344,30589.970858486675,14144289.543740753
8.7965083906656,495249.39847436885,2.0,2.0,0.2,-0.158281387083,-0.154496984367,58313.346146923344,24161.03575285667,12441173.034009792
5.146449232687656,506922.8086531374,2.0,2.0,0.2,-0.185614193521,-0.181976196841,55977.73194206667,22658.99982385,10116245.793304738
7.882404076227727,149405.24166545394,2.0,2.0,0.2,-0.0488777755537,-0.0474599582956,21038.57644950667,2709.024891043334,5460758.250826714
7.9136144297198,346021.4393146538,2.0,2.0,0.2,-0.114180529158,-0.111444980445,42027.96484205334,15344.972578730003,8522233.223441139
2.3765528851054274,40353.54838042071,2.0,2.0,0.2,-0.0150768606318,-0.0146747899349,5563.906785324335,264.9529747551334,2368765.3902655574
9.171699706776316,56950.76209300183,2.0,2.0,0.2,-0.0172875785794,-0.0164205110125,12900.91474416667,4100.89864808,7166785.1574506
5.794645165806786,599335.5672199744,2.0,2.0,0.2,-0.214811564469,-0.210516495222,66243.75875094668,32772.016308540005,11756572.65183698
8.524888461915804,195983.54965554655,2.0,2.0,0.2,-0.0627798535519,-0.0610168518798,27242.692014333337,5268.643895443334,8435872.331742551
4.2204216087602,448910.3472293078,2.0,2.0,0.2,-0.16942927591,-0.166243206754,48822.967720420005,24097.143613356675,8727305.48797106
9.111947442217705,483999.0318160899,2.0,2.0,0.2,-0.152704171594,-0.148975002738,57442.66668355668,23287.27976977667,12491584.387475865
4.808214269240386,514813.9626043375,2.0,2.0,0.2,-0.190716653144,-0.187051684691,56368.89190478001,23104.221030553337,10001191.70840324
1.5921200375825362,598576.9784412939,2.0,2.0,0.2,-0.245713016,-0.241995754655,54786.48626107667,32041.547313924675,5640722.390425295
9.195746799563741,144897.8911541207,2.0,2.0,0.2,-0.0450011818374,-0.0435444830375,22091.300228860007,1460.4558790566668,8226864.398937621
2.275936752682135,24210.496115819824,2.0,2.0,0.2,-0.00861131813587,-0.00831676454412,3922.3130370023337,1171.3199649836668,2110707.3383072885
4.214165919518527,246714.9107967516,2.0,2.0,0.2,-0.0925836543992,-0.0907255869566,28246.284298900006,11417.552868103334,6189002.4425332155
9.575526719931842,78048.40189736817,2.0,2.0,0.2,-0.0235596343126,-0.0225313356288,15428.189480106668,3145.117944383334,7633542.972146509
9.580160748969227,13455.533497233075,2.0,2.0,0.2,-0.00352318238473,-0.00292725136534,8668.661178430002,7187.936361886667,6842085.162473404
6.3742220490479315,216256.09628489165,2.0,2.0,0.2,-0.0752106358515,-0.0734274204053,27129.41166483334,8116.068558943335,4049919.421065185
6.870616303443294,470242.9506451418,2.0,2.0,0.2,-0.161806225528,-0.158304115617,53933.04928707668,24067.332495740004,6569447.171069257
5.311786936815718,339708.4147350425,2.0,2.0,0.2,-0.123258600189,-0.120717417915,38889.52758324,14437.861657583335,8094092.5110083455
3.9922915594335486,187666.79352621242,2.0,2.0,0.2,-0.0706736346099,-0.0692185098667,21977.738998820005,7853.9937752000005,5518517.563927352
4.293648635644286,392605.2032956318,2.0,2.0,0.2,-0.147649430433,-0.144828883408,43190.85457083334,20688.65791255334,8084657.290550277
7.216406876654826,139210.90818528642,2.0,2.0,0.2,-0.0466406719968,-0.0453245725502,19896.319904236672,2656.8355666600005,4536921.6651697
7.895183500220281,8628.867643251015,2.0,2.0,0.2,-0.00211491709743,-0.00163418534783,6888.207270373335,6263.397452616668,3363790.030603482
8.228421871669713,458612.0318618564,2.0,2.0,0.2,-0.149825454867,-0.146320163666,53939.130203976674,22337.424316096673,11610703.297273159
8.211754213753707,374245.85091840546,2.0,2.0,0.2,-0.122151411967,-0.11921129331,45224.57355713667,16857.418962000003,10510635.700306132
2.275251875913868,457381.57470057596,2.0,2.0,0.2,-0.183589035871,-0.180574384647,45275.921580646675,24529.166544350006,7312251.4285415895
5.702572589971942,23362.810012599366,2.0,2.0,0.2,-0.00752121416598,-0.00705171058423,6714.125258653335,1132.3615654000002,4426578.931262059
1.9892494601414765,502271.7766983913,2.0,2.0,0.2,-0.203503397233,-0.200260993706,48365.37648514667,27211.596050693337,4965697.174280351
6.170995499751752,371715.720021782,2.0,2.0,0.2,-0.130954088535,-0.128149622445,43076.125922000014,18186.464072513336,9197462.507014921
5.2530092616737045,338037.21042758407,2.0,2.0,0.2,-0.122895040504,-0.120368798377,38648.95457974334,16651.856499963338,8081777.680133913
9.045485553445548,374768.42886871897,2.0,2.0,0.2,-0.118329181051,-0.115339430506,45063.43482592667,16335.594219906672,11107262.468610719
4.482777606692669,518659.9481210185,2.0,2.0,0.2,-0.194279504296,-0.190614475758,55220.811317263346,23344.204170446672,9832446.895068979
2.49506963963465,352161.90393534425,2.0,2.0,0.2,-0.140084705983,-0.13769980584,35900.25551550001,18645.90102707767,6213196.250389202
2.7154292974491048,348570.2279329076,2.0,2.0,0.2,-0.137713372574,-0.135328039428,36020.180731450004,18381.389581514002,6356330.392036746
7.972840369598514,594407.4942394595,2.0,2.0,0.2,-0.196507913149,-0.192107825418,67946.67409520001,26398.667963726668,13270083.21505511
6.754853538188219,454038.1002411408,2.0,2.0,0.2,-0.156857203454,-0.153466769889,52206.20118617334,23108.43578265667,8145462.991637784
2.359542747043717,265376.28327068116,2.0,2.0,0.2,-0.105666895342,-0.103847560709,27130.600396096674,13393.356747652337,5036079.747490439
2.214907851977478,424438.2000197566,2.0,2.0,0.2,-0.170570950325,-0.167769890566,41980.48139994668,23005.43073705934,6812870.565703597
7.45823761740252,233538.2830150731,2.0,2.0,0.2,-0.0781110301927,-0.0761524904208,29287.209512196674,8656.06131286,4553144.867672684
2.118485554095645,137325.2774900994,2.0,2.0,0.2,-0.0544741178578,-0.0534849696063,14453.99173532,5666.6735202496675,3318990.880366374
8.485810503968029,358111.12613265566,2.0,2.0,0.2,-0.115590749819,-0.112744067258,43766.919684750006,15715.95794306667,10463350.831827577
7.503058930830218,556909.2588683709,2.0,2.0,0.2,-0.18737499125,-0.183249745366,63663.36378341335,28909.51390960334,9623359.795070196
2.191464635456148,557483.7120092777,2.0,2.0,0.2,-0.224708173358,-0.221084790364,54404.69299706334,30974.15792661267,8368977.722643081
2.2211205697241314,205143.1668632942,2.0,2.0,0.2,-0.0817320806743,-0.080309306313,21028.86808926334,9622.255755947335,4209865.666310619
9.886436417259992,316606.479733017,2.0,2.0,0.2,-0.0964260240037,-0.0937797454038,40696.89794487667,12100.97255712667,10898238.01287777
4.6813017639270225,126981.53914191673,2.0,2.0,0.2,-0.0464188843932,-0.0453194118668,16478.371769333335,3613.5471911566674,5001028.082266687
4.6504582500685725,597378.66569933,2.0,2.0,0.2,-0.222748584676,-0.218550317138,64650.98156280668,33242.74548013668,10933404.751276957
8.408796321688772,588670.7447207614,2.0,2.0,0.2,-0.191307828263,-0.186916162588,67831.68465648002,30355.39815636001,13408064.709522162
9.551612907762799,389705.3578244684,2.0,2.0,0.2,-0.120561430301,-0.117441744092,48021.57049792001,16988.80645152667,11557524.98900441
9.881009042494403,482648.435806484,2.0,2.0,0.2,-0.147499268445,-0.143737351844,57998.15828713668,22894.394209256672,13023398.84379543
7.903714574701004,429060.09677022,2.0,2.0,0.2,-0.141881788636,-0.138592110924,50665.25771486334,20724.203231426673,9818612.539257877
4.698206477012784,355894.9314236809,2.0,2.0,0.2,-0.131923087077,-0.129314495238,39950.52516540334,17994.213166556674,7871892.329656784
2.2097560919386847,32008.798193338618,2.0,2.0,0.2,-0.0117741069344,-0.0114351908108,4590.442136311001,658.0608813090001,2142527.480931999
8.105748785383213,272858.60553159664,2.0,2.0,0.2,-0.0891753042493,-0.0869209994204,33808.49358119,10493.828951996667,9140748.63941679
6.246436122754343,404871.7813004463,2.0,2.0,0.2,-0.142349958214,-0.139318852192,46633.754733796675,17442.61892339667,5780185.878296475
5.105887078599299,406518.9683302108,2.0,2.0,0.2,-0.148787531747,-0.145818728054,45551.339935153344,17739.804340373335,8823144.06713341
9.204012273305256,223873.57105343015,2.0,2.0,0.2,-0.0699011043534,-0.0679160615071,30305.292748013337,6641.952856740001,9214668.668207716
2.4451785996022863,565015.1919948183,2.0,2.0,0.2,-0.226042927931,-0.222315089057,56434.41213860666,31650.38615491234,8696982.304044819
5.687313386472303,100414.2193420686,2.0,2.0,0.2,-0.035285193012,-0.0343068780154,14629.998087433336,2625.286702603334,5364326.174247126
1.5965059805230621,300215.66772933636,2.0,2.0,0.2,-0.122423539225,-0.120505726616,28006.647098920002,15250.377556885667,4685381.143030813
5.483615456950073,414530.38593049365,2.0,2.0,0.2,-0.149772351786,-0.146726134119,46780.28504483001,21224.569806260002,9196816.35537503
1.9785778432956174,418281.4835350855,2.0,2.0,0.2,-0.169253420613,-0.166534463664,40477.09742065001,22243.734357059002,4241281.22187739
2.5099522882786114,389183.37406128936,2.0,2.0,0.2,-0.154891746763,-0.152270478272,39474.57814570667,20562.519368829337,6715643.230785993
2.4989730976053917,165172.9280711161,2.0,2.0,0.2,-0.0650311972529,-0.0638312348522,17796.312869180005,7253.904792033001,3925605.0759852054
7.01828756798654,93723.94121197319,2.0,2.0,0.2,-0.0313622613859,-0.0303591101762,15019.311678550004,225.13915923133334,3789347.183532633
7.841381473756098,381564.1960960265,2.0,2.0,0.2,-0.126360832178,-0.123392462967,44727.04207369668,17654.443372896672,9032167.697608607
6.4586345033258565,359581.2696836626,2.0,2.0,0.2,-0.125331184534,-0.122591243504,41237.47513484001,17224.816453970005,5416467.17197261
9.678466662033607,107613.60617354458,2.0,2.0,0.2,-0.0325959883671,-0.031364515439,18205.99894953334,1078.1419422033337,8134131.7096241275
4.686399925951484,423083.487342338,2.0,2.0,0.2,-0.157130171218,-0.15407996055,46755.46088936,22206.74316714,8732932.297403332
3.9285527333958163,273103.19504019385,2.0,2.0,0.2,-0.103566945828,-0.101558419166,30564.860800940005,13183.549502020003,6316876.516244234
8.883092589610413,400656.3549618918,2.0,2.0,0.2,-0.127405422316,-0.124249403451,48514.75361898335,18120.238606613337,11276579.671345852
3.4005646274153474,502420.2478620904,2.0,2.0,0.2,-0.19492721286,-0.191469200899,52838.22748054668,27856.158047290006,8790517.68851326
9.687391585245196,101837.0571461539,2.0,2.0,0.2,-0.0307997970288,-0.0296067810352,17985.782750003335,1686.2281285700003,8020262.370393404
1.6033130348634388,11486.920798102006,2.0,2.0,0.2,0.0,0.0,105.62924879233334,171.88753565700003,0.0
9.743970027014932,467461.55183747207,2.0,2.0,0.2,-0.143651162633,-0.13999649573,55283.16541664334,21813.399252880004,12756778.66621612
1.866859251579897,365818.4550915696,2.0,2.0,0.2,-0.148320702693,-0.145951053778,35043.03098038001,19198.83947183467,5766427.451531126
9.074716466433603,419783.74177327304,2.0,2.0,0.2,-0.132508027585,-0.129211360779,49817.81983248334,19215.597824313336,11625375.603260536
5.985459427233549,502892.98499318556,2.0,2.0,0.2,-0.178787606299,-0.175121029025,56560.161953303344,26545.835989460003,10634360.21020173
9.940200767014053,481686.5608947003,2.0,2.0,0.2,-0.146839907942,-0.143078538123,58049.38361526001,22827.78137959667,13011784.971043637
2.12727080025089,576552.0881572948,2.0,2.0,0.2,-0.232914853208,-0.229182011496,55940.47496225335,31480.486710795336,8552507.844420383
6.207761417411227,321561.04731127096,2.0,2.0,0.2,-0.112983070867,-0.110510617225,37933.82408047334,14939.269909716668,4999875.761380174
9.739071552762342,293097.3795959432,2.0,2.0,0.2,-0.089757231236,-0.0872774930295,37927.91013610668,10683.001414130002,10460961.289876536
5.946331675446265,241132.31993443804,2.0,2.0,0.2,-0.0852641156994,-0.0833389228309,28780.197603886674,9969.218844713336,7328696.896121079
6.849888424149731,92214.62570652273,2.0,2.0,0.2,-0.0310321773308,-0.0300477987607,14713.192808490005,264.67144810166667,3089793.4697946794
7.413863856369246,343564.33972921345,2.0,2.0,0.2,-0.115544599557,-0.112854665708,40465.78116929667,14111.925808306667,5557431.244714029
5.363599050526073,166207.51459558727,2.0,2.0,0.2,-0.0596724214158,-0.0582770531604,21092.14068675667,5610.475021270001,5954669.14060613
6.83424368071454,552784.5073277852,2.0,2.0,0.2,-0.190698055463,-0.186646557836,62448.04568580002,29345.86567191334,10333613.404735593
6.466671651346352,349914.4825662585,2.0,2.0,0.2,-0.121897518685,-0.119219674706,41096.552052586674,16652.011397153336,5318600.428728648
9.159843089173407,355704.1083048661,2.0,2.0,0.2,-0.111741431106,-0.108874259151,43993.69367677,15098.564943523335,10873756.526462274
1.886294232902392,212954.79652620602,2.0,2.0,0.2,-0.085727719521,-0.0842995072392,20918.886162256673,10225.045652185001,4153747.1993277613
3.888187111533958,31193.611186624494,2.0,2.0,0.2,-0.0109302475522,-0.0105023631395,6051.356568661334,1920.507115053334,2131636.265956174
9.578497614650749,19046.25922379317,2.0,2.0,0.2,-0.00525689421248,-0.00462374463574,9012.919140273334,6964.835810976668,6942472.342871005
9.067242163072788,254001.0864919185,2.0,2.0,0.2,-0.0798567813739,-0.0776754120578,32708.224315286672,8626.573734423335,9581011.578166593
5.3730823986785605,50739.226858342714,2.0,2.0,0.2,-0.0175673337762,-0.0169336873239,9050.650466176668,1787.7272791500006,4540304.300773863
6.771127081313062,364108.17332408344,2.0,2.0,0.2,-0.125485952545,-0.122696593817,42796.03163448667,17315.082640120007,7001796.487992897
3.8577400553396277,528583.8033837945,2.0,2.0,0.2,-0.20215752664,-0.198483294726,56367.168367706676,29139.477426213332,9430651.062302126
3.099029857651971,529748.8899112333,2.0,2.0,0.2,-0.207585057736,-0.203986752647,54828.47501880334,25245.289942330008,8960908.425371075
5.441436441989849,395427.2460793394,2.0,2.0,0.2,-0.143024137472,-0.140106692148,44733.088162916676,20042.392222343336,8940698.203663625
4.503493938221449,126739.0988837586,2.0,2.0,0.2,-0.0466028217295,-0.0455161763682,15936.3601995,3681.002935756667,4896572.29655202
6.461076950732412,517798.09881532326,2.0,2.0,0.2,-0.18099974021,-0.177204639739,57336.62797470001,22905.220200420004,20112692.575196445
2.1607444142023713,531656.0611879249,2.0,2.0,0.2,-0.214419395669,-0.210958948897,51851.90426757334,29464.708143561,8028383.1141429385
9.782355865162415,117992.15097177522,2.0,2.0,0.2,-0.0356516835556,-0.0343451124103,19319.699559610002,483.4153392126668,8310020.158515271
9.882791328076625,442455.6514624063,2.0,2.0,0.2,-0.13512144384,-0.131628955121,53853.55262123668,20274.61331509334,12484803.151161697
7.434374569167834,171911.72935627378,2.0,2.0,0.2,-0.0573264232134,-0.0557813496634,23459.793878250002,5604.440086310001,10404075.833776737
6.056819113925023,481584.18741175777,2.0,2.0,0.2,-0.170719068894,-0.167191004029,53235.98969310335,25408.053642363335,10448744.858061912
4.130984738433786,598342.7399421616,2.0,2.0,0.2,-0.227013848493,-0.22285368987,62686.78358445335,33720.552011423344,10610780.996076064
8.417257667509062,18015.603197635686,2.0,2.0,0.2,-0.0051394456394,-0.00457003655384,8262.866847350002,5850.251794126667,6149218.471574511
7.320214966707974,538419.5194745591,2.0,2.0,0.2,-0.182368471088,-0.178380470116,61496.31555681668,27780.605344453335,7326590.678523697
2.882243984431576,373578.3201591948,2.0,2.0,0.2,-0.146938692552,-0.144373720906,38857.48363542334,19937.618292936335,6765743.754509892
9.242881068197661,584029.5714988927,2.0,2.0,0.2,-0.18352579355,-0.17911814674,68198.27301849001,29587.800150506668,13818896.224963034
8.491566564846936,279005.71051585657,2.0,2.0,0.2,-0.0898379996378,-0.0875204426618,34790.643478640006,10630.878559696668,9475344.634646002
9.573299262981354,508432.75834282424,2.0,2.0,0.2,-0.157455582982,-0.153535145647,59268.32280197333,24732.20416023667,13042449.909692112
7.66861582130106,37436.441158966336,2.0,2.0,0.2,-0.0117687132661,-0.0111071159879,9703.077050236669,4114.556730776668,4032212.0209745155
6.714029165454214,201167.43004697745,2.0,2.0,0.2,-0.0690426675906,-0.0673414088227,25898.467265640007,7229.588092090002,10830592.455914214
5.05506580847026,40209.92265072598,2.0,2.0,0.2,-0.0138730779385,-0.0133252374242,7934.217022726669,2101.4347967433337,4195055.356604883
9.428192108509112,585205.8800874423,2.0,2.0,0.2,-0.182500142553,-0.178074090489,68244.75282722001,29548.858911206673,14017923.984009719
8.86154306075347,490184.34436310205,2.0,2.0,0.2,-0.156244509406,-0.152487349908,56767.749344470016,24068.819819713342,12443848.198986
1.88435869590261,511528.4527475823,2.0,2.0,0.2,-0.207925290983,-0.204655896562,48678.20807269335,22287.75563830134,7760912.23422977
1.724119283226642,562779.1388603365,2.0,2.0,0.2,-0.230028422409,-0.226477163923,52623.56007900334,30684.648025376675,8163325.67606801
4.699938618463422,51062.09167187121,2.0,2.0,0.2,-0.0180753821651,-0.0174744834158,8741.6546213,517.0848603266667,4094588.984431876
8.38970331164558,231358.55550800002,2.0,2.0,0.2,-0.0746513100786,-0.0726593840925,30468.32568448,7676.252355010001,8815335.108875662
9.891847099177028,42620.93342640127,2.0,2.0,0.2,-0.0124121417552,-0.0116054620984,11965.384926463334,5347.322665730002,7429210.265407808
2.7785435743799898,126475.86093001717,2.0,2.0,0.2,-0.0491081351395,-0.0481326185993,14418.183151046667,4756.090301644001,3680380.0813369807
6.550111080493148,137619.46622260343,2.0,2.0,0.2,-0.0472335760848,-0.0459635622234,19192.131236403337,2919.7359809366676,3385886.700008897
4.737572281363683,281464.3266285472,2.0,2.0,0.2,-0.10395359378,-0.101834495851,32325.49863159667,13279.79551549667,7012880.787527613
9.744272381424127,161137.30047218554,2.0,2.0,0.2,-0.0490104203538,-0.0474162349906,23706.62452352667,2116.35888602,8783428.334074017
8.658010846653525,60586.86409065666,2.0,2.0,0.2,-0.0188068999282,-0.0179413709073,12575.640052203336,3331.1950515200006,6835625.244919296
8.625793990044672,100494.65345646463,2.0,2.0,0.2,-0.0317036413971,-0.030573536453,17001.00076252667,992.576853954667,7359277.290753046
5.483891858257247,88365.33813125455,2.0,2.0,0.2,-0.0311576937578,-0.0302701268702,12928.95136113667,532.4855457033335,5110815.932974672
5.0259657698701545,583846.078747379,2.0,2.0,0.2,-0.214899867401,-0.210763132791,63612.856614333345,32457.918360593336,11000517.188633256
3.823960111411003,455575.50415108417,2.0,2.0,0.2,-0.174216770812,-0.171021527403,48905.75743705,24845.82037070667,8601741.338500159
1.9791917215328805,580656.8791617372,2.0,2.0,0.2,-0.235610791771,-0.231885306242,55686.716809690006,32095.212276546343,8336718.143501992
8.850140198167953,263844.2919047451,2.0,2.0,0.2,-0.0837083781401,-0.0814715973318,34213.211217576674,9432.897586493336,9506651.889674144
8.40965857760566,167021.08899759396,2.0,2.0,0.2,-0.0536304107207,-0.0520669327891,23736.88631870334,3459.9893366200013,7983287.54345881
9.99760022293211,478975.91832551203,2.0,2.0,0.2,-0.145653478231,-0.141907737504,57807.90285373334,22419.302842900008,13013705.409377472
9.971413115128195,195752.35082468807,2.0,2.0,0.2,-0.0591244464852,-0.057286445068,27436.02953869334,4204.209191823334,9379556.294615932
6.221169497622333,179630.02422320898,2.0,2.0,0.2,-0.0626560729517,-0.0611250533342,23249.99159472334,5864.670559813335,3669250.6410161667
8.03639302903434,139503.59532469872,2.0,2.0,0.2,-0.0453199392121,-0.0439589651331,20624.824180123338,2096.4592645333337,7421807.562152896
9.530508704000638,77807.38693454121,2.0,2.0,0.2,-0.0235275596345,-0.0225029967347,15351.709628940001,2954.849063740001,7626361.87205907
8.722002820757996,153877.83661005957,2.0,2.0,0.2,-0.0487476028391,-0.0472547682034,22180.52649925667,2538.0575301200006,8021361.754233933
3.60245886481718,213191.8490843326,2.0,2.0,0.2,-0.0814488819224,-0.0798550205311,24044.97150240334,9644.035767363335,5341093.579173553
5.329625150135795,404396.5248874382,2.0,2.0,0.2,-0.146864826842,-0.143894675296,45529.75395569667,20679.024448676668,8966882.137713438
2.5978550287877074,37538.90533167095,2.0,2.0,0.2,-0.0138626724117,-0.0134649688814,5526.731417749001,587.1437203876668,2491082.7131505855
9.60943373169914,126304.16379920577,2.0,2.0,0.2,-0.0384829920489,-0.0371297370607,19994.081002733335,43.04384819999998,8292011.033300869
6.652484392832481,485414.1841750058,2.0,2.0,0.2,-0.168416789039,-0.164825286527,54226.96915277668,21295.719634310004,19342667.796604425
3.443463846779433,88153.15415026246,2.0,2.0,0.2,-0.033211431783,-0.0324385530145,11362.482946693337,1982.9546327356672,3696778.761521237
7.209455817449782,205587.08791351292,2.0,2.0,0.2,-0.0693010377144,-0.067542596552,26739.31628886667,7347.109884973334,4223213.050997041
6.7540900438921145,518795.35311488406,2.0,2.0,0.2,-0.17941713241,-0.175595129858,58961.39540210002,22933.762587146673,6999025.280808382
4.544383103279144,92955.1866860656,2.0,2.0,0.2,-0.0338697099507,-0.0330031269997,12848.736432263335,1518.6818631900005,4516515.077495878
2.4652395336968467,49642.10137091394,2.0,2.0,0.2,-0.0187631811498,-0.0182972613213,6556.925057529668,315.61082158500005,2545455.377441757
7.208372162538796,290722.7970480065,2.0,2.0,0.2,-0.0983805707429,-0.0960547743241,35609.38610556001,11500.828331983335,4996062.97056395
5.922615457682243,181451.70676712182,2.0,2.0,0.2,-0.0639761553523,-0.0624479002233,23192.70340704334,6208.831425633335,6539928.5597285135
8.064706329752934,338045.01869031246,2.0,2.0,0.2,-0.11087434384,-0.108185365271,41310.55061210667,14738.441027863337,9978583.827716408
5.921389759451944,482282.9342900851,2.0,2.0,0.2,-0.17179291449,-0.168265977524,53240.39583464002,21294.513558186674,10387623.022360213
8.74354275270759,82289.0928916459,2.0,2.0,0.2,-0.0257114940369,-0.0246964386232,14864.055911553334,2261.8480114166673,7162255.333193953
6.191208129583127,348419.450732571,2.0,2.0,0.2,-0.122581817527,-0.119931323088,40705.56534943001,16723.59583537,5229609.982946425
6.267972758050783,303305.25623391836,2.0,2.0,0.2,-0.106281112078,-0.103926550683,36065.82325821334,12426.16867051667,4819345.313087732
8.951555622595933,86447.27160791974,2.0,2.0,0.2,-0.0268269245574,-0.0257734869634,15811.054381620002,2044.8457688066671,7376951.363591125
4.9296043628053745,374399.09131738945,2.0,2.0,0.2,-0.137764448046,-0.135018607213,42110.42916195668,19013.531590656672,8300318.954585242
2.6391294418304465,164184.250716463,2.0,2.0,0.2,-0.064363238478,-0.0631582407859,17883.304319306666,7117.982052242668,4031264.2345742937
1.7446527486633814,292700.5911264075,2.0,2.0,0.2,-0.118815038677,-0.116916044679,27834.655332393344,14945.876592002669,4746191.340039903
7.918666673225761,49363.394566237126,2.0,2.0,0.2,-0.0156181229064,-0.0148645975843,11148.818589846669,3514.012801736668,3962652.2551648025
6.77263118650445,275750.4343281738,2.0,2.0,0.2,-0.0947824968625,-0.0925817037628,33664.5216175,11624.895126020003,4721619.949845437
7.4846780288434,183878.0808256922,2.0,2.0,0.2,-0.0612580365053,-0.0596292013708,24249.547405310004,5215.403349460002,4108729.738541223
3.310195372825741,493428.7267112126,2.0,2.0,0.2,-0.191954741777,-0.188565342555,51751.832689783354,27193.001001280005,8634234.010181786
2.659157542487543,34187.236198420964,2.0,2.0,0.2,-0.0125045094578,-0.0121249956359,5261.085083048335,734.4287064886668,2506918.0515115107
1.6236296581769964,251164.36495099796,2.0,2.0,0.2,-0.10211930901,-0.100488193547,23759.671932240002,12443.181588954336,4208408.449274185
4.479994249856074,275058.8544788628,2.0,2.0,0.2,-0.102444272648,-0.100382202468,31419.62528501001,13110.725738006671,6753631.272110134
6.514300338264381,435003.64577947126,2.0,2.0,0.2,-0.151555227383,-0.148308701526,49956.45543420001,22046.73005591334,6105656.658471495
4.834074383347724,344572.5450541266,2.0,2.0,0.2,-0.127101702686,-0.124559381633,38963.38900109334,17097.331973643337,7861515.560009273
5.218536837201697,400327.40231650864,2.0,2.0,0.2,-0.145936036835,-0.143000487973,45113.170594806674,20329.06447685667,8797219.89976831
9.18534890319686,466229.5713910537,2.0,2.0,0.2,-0.146619171804,-0.143006093361,54506.19866441001,22095.578570170008,12301709.99390052
4.460171469698053,517321.7841949133,2.0,2.0,0.2,-0.193923371377,-0.190272183347,56098.643961210015,23256.651300726673,9836916.472771771
5.868910657858391,188325.2980334823,2.0,2.0,0.2,-0.0665622019332,-0.0649914085471,23858.35467024667,6670.783840643336,6612159.451672922
8.161050608299716,322813.6232183418,2.0,2.0,0.2,-0.105440143879,-0.102847517515,39841.605958916676,13696.701123353336,9796524.523865035
4.870613649730796,504064.84706351993,2.0,2.0,0.2,-0.186311469756,-0.182714337505,55245.611153920014,27242.88929820667,9907786.463741483
6.787736951936925,593670.6785790338,2.0,2.0,0.2,-0.205264857305,-0.200941915534,66785.03508319335,26605.233955976673,9724797.158434456
8.830091524347335,533711.5866262579,2.0,2.0,0.2,-0.170432388437,-0.166387646705,61195.71662813001,26618.618333036673,12913695.440610321
9.570925301089957,222880.35757462608,2.0,2.0,0.2,-0.0685519144629,-0.0665527798016,30544.34888741001,6331.611567276668,9448539.968429238
2.7501245878968223,117099.91033119024,2.0,2.0,0.2,-0.0454218212458,-0.0445097311829,13439.828603433336,4164.219455063001,3565399.4498395678
9.375994813872701,293635.52244395326,2.0,2.0,0.2,-0.0912865699733,-0.0888224151168,37838.15470967334,10970.000659350002,10270897.156616576
5.682988491176075,444984.8711016253,2.0,2.0,0.2,-0.159750941321,-0.156487852621,49165.44861706001,23243.79393340334,9762138.303904686
3.695077300541146,295541.44245197857,2.0,2.0,0.2,-0.113027118387,-0.110890607627,32493.742794866674,14775.042753143336,6424285.274912484
5.402653928025221,289908.5179882011,2.0,2.0,0.2,-0.104694739013,-0.102479391831,33875.936508233346,11981.757574746669,7592988.132104684
9.830276889926555,502938.25264908036,2.0,2.0,0.2,-0.154071183194,-0.150175422942,58927.02708267001,24026.189458473335,13190183.528551593
5.687253798939391,216842.2674403118,2.0,2.0,0.2,-0.0772788980622,-0.0755298758852,26649.886070000008,8318.503049780002,6834442.019072666
4.29438868744382,515876.8048869874,2.0,2.0,0.2,-0.194448458018,-0.19081499355,55822.893882726676,23258.16032549334,9643876.233884668
6.883907261692169,244082.88057103413,2.0,2.0,0.2,-0.0834462496133,-0.0814497362508,30510.04040902667,9319.336184320002,6012538.407621983
3.541237759614641,196939.86340700364,2.0,2.0,0.2,-0.0753032957387,-0.0738184993193,22387.10179618667,8677.073328476668,5102518.011087628
2.1448382889236433,272393.9467198194,2.0,2.0,0.2,-0.10919057606,-0.107357179142,27163.69803034667,13758.893626996336,4904039.797165644
2.5954776362405183,457468.17520492105,2.0,2.0,0.2,-0.181856105615,-0.178791398298,46318.321647050005,24515.32163465367,7636560.010631975
2.588389631141066,75601.21671839656,2.0,2.0,0.2,-0.0290645634454,-0.0284265066469,9194.471350583335,1739.5189574910007,2929068.919820992
2.791172894854502,117851.52952321043,2.0,2.0,0.2,-0.0456646776686,-0.0447433758865,13581.437471210003,4224.113404746667,3586615.806595951
2.6800309675199863,570866.8953978552,2.0,2.0,0.2,-0.226769399914,-0.222966591704,57728.43042054667,31972.52688955334,9003629.541787911
6.947435330827324,105294.97642881442,2.0,2.0,0.2,-0.0354261795735,-0.0343496195353,15804.441144383336,634.9787015200001,3234804.805838201
3.045980717392731,340636.39075863274,2.0,2.0,0.2,-0.133178497909,-0.130804371724,35986.70594297001,14769.328686972003,6495773.148475263
4.438171908252837,347588.6799971627,2.0,2.0,0.2,-0.129947088716,-0.127410524552,38755.10588264667,17612.136647360006,7585583.8348362055
9.122701484201102,293774.6772301469,2.0,2.0,0.2,-0.0922794184684,-0.089827591239,36872.162229783346,11166.466403290004,10079294.195245089
5.528673942234415,386847.14914609113,2.0,2.0,0.2,-0.139467777607,-0.136601657108,43975.23939638667,19560.97003016334,8873200.345387645
7.174240777428731,137896.03547857105,2.0,2.0,0.2,-0.0462650431282,-0.044960118277,19299.109678103338,4017.839926210001,3593600.1238888414
2.9647189052138536,331597.36066604895,2.0,2.0,0.2,-0.129940962983,-0.127635216169,34925.42246794667,17180.733592660672,6318642.980082692
3.1344566598737016,223303.9531481383,2.0,2.0,0.2,-0.0866376513713,-0.0850124970871,24468.658229506673,10526.019316951004,5124000.5201042015
1.8473832382650703,397000.3557775134,2.0,2.0,0.2,-0.161182757966,-0.158629439159,37792.21508257667,20992.619410372004,6093407.741433545
2.9359480361133987,84734.12602388968,2.0,2.0,0.2,-0.0323779906225,-0.0316586529165,10488.021662150335,2121.265006952334,3315527.144414833
3.868017881771648,342526.4501036857,2.0,2.0,0.2,-0.130461922018,-0.128002664991,37525.12343352334,17694.228956033337,6896978.578279019
3.004589116352348,111162.21322999422,2.0,2.0,0.2,-0.0427328990924,-0.0418390125424,13163.851397860002,3708.223626521001,3683852.484583939
2.253971536934973,167185.83786902184,2.0,2.0,0.2,-0.0663192570016,-0.0651300657234,17515.542561556667,7464.357652844335,3767364.873594121
2.525404904355107,131225.88019414994,2.0,2.0,0.2,-0.0513829639441,-0.0503965770356,14518.073655026668,5157.599750744668,3573195.5472746366
5.416619528278169,109702.66792129027,2.0,2.0,0.2,-0.0389930629802,-0.0379679004343,15347.696872890005,2012.6197419200005,5310215.908855633
3.2538366064492363,495426.5709364002,2.0,2.0,0.2,-0.193084952663,-0.189689262444,51836.19320722667,27453.225494006667,8585238.418302234
4.5962938189086415,171424.5405965342,2.0,2.0,0.2,-0.0631954867768,-0.0618096214517,20943.016430753338,6463.073155853334,5484163.9733057795
5.779046802266284,556274.2691186696,2.0,2.0,0.2,-0.199372489203,-0.195366514662,61756.90783242,30211.810695070002,11249534.882853972
7.368356043349605,581955.9152071145,2.0,2.0,0.2,-0.196868413135,-0.192588728764,66108.42494287001,30748.565252970002,7753616.763304997
1.834153188649341,342756.2819622584,2.0,2.0,0.2,-0.139016913476,-0.136795163015,32818.26351058334,17791.832228916002,5501079.930989741
8.294988390726862,85800.67359943585,2.0,2.0,0.2,-0.0273086506152,-0.0262938228355,15197.961163616672,1693.1806287500003,6912311.730199462
6.837153310672716,224728.94602774875,2.0,2.0,0.2,-0.0768876284745,-0.0750228202639,28447.235124170005,8296.902174706669,5383214.853843981
2.194951771565411,478639.3580089284,2.0,2.0,0.2,-0.19266045207,-0.189527379184,46989.05543873668,26232.981529299006,7415282.130518066
8.925418304907605,220434.43721824227,2.0,2.0,0.2,-0.0695946352491,-0.0676468009376,29660.825873453334,6614.353437026668,8992359.412255604
9.327415404520412,52210.33098167325,2.0,2.0,0.2,-0.0156961663037,-0.0148534775779,12203.820252600002,4525.212822523334,7191075.262458168
2.0191626587663416,334070.94655691274,2.0,2.0,0.2,-0.134725197191,-0.132520436704,32781.842885490005,17522.75472977467,5539821.639679392
3.853460009251232,507072.5108976209,2.0,2.0,0.2,-0.193889984493,-0.190362281317,54101.44267626668,27911.878705580006,9263858.961780278
8.352710878241021,477555.8322861014,2.0,2.0,0.2,-0.155303040366,-0.151663856595,56101.15920816002,23582.922642370006,11894751.604590232
7.860207368261096,105073.88407821194,2.0,2.0,0.2,-0.0341720960018,-0.0330507895559,16865.651786853337,2187.338296583334,6912299.358163739
3.068428664529207,403658.76864748,2.0,2.0,0.2,-0.157965412529,-0.155182795136,42282.429800120015,21403.16345302667,7313039.518125254
3.2794692483620373,132302.55806138826,2.0,2.0,0.2,-0.0506398981724,-0.049591881022,15595.589931620001,4809.890992676001,4105363.590596558
4.649012873726747,130924.52073130335,2.0,2.0,0.2,-0.0479441536086,-0.0468204990127,16874.413142920002,4417.026568353334,5031999.451058677
5.618445374123681,524443.0639831111,2.0,2.0,0.2,-0.188949452689,-0.185163171417,58259.48150066002,28130.752690006673,10638727.543653881
6.755165558007516,149801.3716441381,2.0,2.0,0.2,-0.0511125251428,-0.0497495197406,20612.237907290004,4738.856137556667,4450771.907449792
4.635765936343065,157948.4079108067,2.0,2.0,0.2,-0.0580730896001,-0.0567736547,19587.62321051667,5563.768460286668,5394658.925999021
5.431545087131758,392.0344567797329,2.0,2.0,0.2,0.0,0.0,361.14075536,430.43633914333344,0.0
7.853502974136931,522401.4204753106,2.0,2.0,0.2,-0.173338787309,-0.16942722128,60350.22607115334,22877.376497983336,7370921.063797332
1.811807224570082,475556.88792548084,2.0,2.0,0.2,-0.193596014878,-0.190567331875,44874.55082233667,25373.582342522335,6941499.943703491
3.6457140269241766,376397.3610544068,2.0,2.0,0.2,-0.144526829297,-0.141865594937,40586.649292320006,19768.856870993335,7431376.761612759
7.563471480018696,450159.45836330537,2.0,2.0,0.2,-0.150869202629,-0.147457845198,51506.569023583346,19351.40961526334,6601809.84807585
9.109258120341195,91229.14045469508,2.0,2.0,0.2,-0.028172961997,-0.0270797241819,16427.49715022334,1706.652732436667,7530886.520541871
5.849258257983162,274994.15675254527,2.0,2.0,0.2,-0.0977121436272,-0.0955675738054,32803.92622288667,12204.044871293336,7699927.758807013
6.022964624755183,210731.63240926852,2.0,2.0,0.2,-0.0741875739107,-0.0724605134527,26305.166852476672,7983.068632716669,7031363.637644844
2.410962096388096,56265.91575420989,2.0,2.0,0.2,-0.0214509701948,-0.020946784682,7122.685905601003,673.4790989016667,2583823.6299168053
5.303005117999365,291678.29112895444,2.0,2.0,0.2,-0.105703860272,-0.103481861658,33980.32135728334,12100.223139870002,7529589.276370231
6.027246764867697,552443.7902055812,2.0,2.0,0.2,-0.1962467706,-0.192250179653,61623.92924533001,29525.33266031001,7094241.611377573
3.560999280895202,24035.47143041669,2.0,2.0,0.2,-0.00826322854263,-0.00789904180676,5050.685053953001,2090.579759685,2993562.04712827
3.788567463069738,174876.54809627632,2.0,2.0,0.2,-0.0662168303075,-0.0648590099066,20443.039069540002,7179.458714443335,4999483.139873639
4.7069153863892925,124524.56172342208,2.0,2.0,0.2,-0.0454650136519,-0.0443803251928,16265.339443430004,3398.3178079600007,5004743.812663601
1.6706051811106741,142887.9921994178,2.0,2.0,0.2,-0.0574652209387,-0.0564856239838,14114.180647219002,6173.134924836001,3011986.0260332553
4.237672907457015,545060.7311276252,2.0,2.0,0.2,-0.205927362118,-0.202105462839,58597.07103947001,30302.859591916673,9992477.865905393
3.2973080594706294,280841.43254057405,2.0,2.0,0.2,-0.108715562369,-0.106705180942,30438.58013632667,14034.069638602336,5915481.5461997185
4.283727493512274,279779.64776389126,2.0,2.0,0.2,-0.10490390024,-0.10282426224,31675.170989853334,13533.047686573334,6665183.623359411
2.5179781204636353,456345.3854731694,2.0,2.0,0.2,-0.181831302496,-0.178783809937,45985.07266649335,24658.91906009834,7500239.835846588
9.069481886289108,92695.32240295548,2.0,2.0,0.2,-0.0286827842658,-0.0275816966413,16554.45766913667,1732.2601790200004,7533996.577877036
6.545535855209414,292359.21246003045,2.0,2.0,0.2,-0.101386910429,-0.0990871410613,34522.30782877668,11814.246552976669,4806461.271649702
7.272369712728161,257991.12847263584,2.0,2.0,0.2,-0.086988643218,-0.0848778970872,32286.610687846678,9915.149421930002,5883683.792556959
8.207955528162376,358146.4143279937,2.0,2.0,0.2,-0.116871649739,-0.114039067621,43544.967679586676,15921.22117094667,10253419.06352585
5.736758690896987,599734.6219502632,2.0,2.0,0.2,-0.215398664003,-0.211102171813,66178.64253291335,27084.130897753337,11782886.434478194
2.238822448743101,461669.3364492282,2.0,2.0,0.2,-0.185529054735,-0.182493609835,45596.03143214667,25237.468047916336,7250974.783269749
6.065405605457656,238719.42181045632,2.0,2.0,0.2,-0.0840447519842,-0.0821301766343,29211.02329311667,9734.696168950002,7394761.884243181
6.488149503177473,496531.83136442816,2.0,2.0,0.2,-0.173334443564,-0.169681165397,55193.203117670004,21889.17063569667,6739355.0784637695
7.836235530566805,102425.01798748811,2.0,2.0,0.2,-0.0333217813479,-0.0322192296143,16198.390890730001,269.34080421000004,4827456.533891843
5.169106142952275,18278.211785376076,2.0,2.0,0.2,-0.00577919590822,-0.00537029552164,5770.579561616668,3569.3262168800006,3996055.8664431726
2.584432573762292,122669.02347856383,2.0,2.0,0.2,-0.0478743404279,-0.046938149236,13776.416750353334,4589.407505822334,3521356.813745802
3.912095199289158,204246.9336685558,2.0,2.0,0.2,-0.0772114908075,-0.0756531501516,23576.506721173337,8909.84021161,5459925.251295647
4.586199519388398,306348.45447573595,2.0,2.0,0.2,-0.113821465806,-0.111548234221,34689.26055238667,14917.721629836671,7171180.5204494195
6.99029655131861,369077.4843247199,2.0,2.0,0.2,-0.126189320696,-0.12335322273,43556.47109813001,17394.928889990002,5669544.3517897725
6.351615589685751,546363.4303286531,2.0,2.0,0.2,-0.191825220803,-0.187845734521,61375.565676103346,24421.262071823337,7152112.789603969
4.526822170131693,305912.4057302746,2.0,2.0,0.2,-0.113883158249,-0.111616381367,34627.01240959,14930.352883513338,7127604.784441784
9.885379614740327,300765.3867754376,2.0,2.0,0.2,-0.0915650071482,-0.0890261712983,38970.36853081,11078.13316962667,10641292.771953486
6.6490859645335405,30145.80589378928,2.0,2.0,0.2,-0.00965902866887,-0.00909720981392,7949.893184866669,1112.1494501,3107560.584042419
3.516427729755953,20946.931593734287,2.0,2.0,0.2,-0.00707586245452,-0.00673419617894,4701.971158576001,727.4932135076668,2932454.4869329543
2.3651510172734316,330695.9771498232,2.0,2.0,0.2,-0.131976275366,-0.129748471666,33389.70286606,17322.79149401167,5783957.884346297
2.799302683066822,262907.1679490067,2.0,2.0,0.2,-0.103285469717,-0.101436686379,27811.70543210667,12942.222142434002,5364770.107511319
3.590640691268319,503508.23698817915,2.0,2.0,0.2,-0.194162072188,-0.190680257915,53214.000944606676,27926.83012166334,8985002.895509876
2.865791672706223,96407.75082710711,2.0,2.0,0.2,-0.037069249012,-0.0362803838236,11567.46575416667,3185.403822482001,3391396.8866485995
3.085819704436099,14982.997270229758,2.0,2.0,0.2,0.0,0.0,204.72445164600003,274.0546469623334,0.0
3.9233089338977005,269423.2607580755,2.0,2.0,0.2,-0.102173057352,-0.100188061442,30154.311146843338,12964.31082933667,6271102.655111162
2.973675560005416,142487.1340513545,2.0,2.0,0.2,-0.055141667391,-0.0540502051329,16233.471254526672,5607.129560104001,4043558.8539240384
9.122506109324615,29768.62400330247,2.0,2.0,0.2,-0.00873053134979,-0.00804804315692,10017.421314863335,5802.212499890001,6739695.008402341
2.181986838123959,434758.9721085774,2.0,2.0,0.2,-0.17492385066,-0.172068583336,42704.77822508001,23586.88922335567,6880143.791850299
5.958346811347164,66955.79997434848,2.0,2.0,0.2,-0.0230129519185,-0.0222421324514,11397.77084205667,1190.020806596667,5122142.218210659
4.988373029412123,364991.700004663,2.0,2.0,0.2,-0.13400134183,-0.131314524352,41120.522075126675,18532.700133020004,8273216.6186278835
9.850218243723154,168629.85010013348,2.0,2.0,0.2,-0.0510960479246,-0.0494463698832,24583.525926673337,2491.0693606100003,9003713.551754728
2.452330668428445,104097.63021301321,2.0,2.0,0.2,-0.0406098721452,-0.0398011061102,11786.151672143671,3554.557475971333,3168895.4919149484
4.881772591888804,227850.91375159047,2.0,2.0,0.2,-0.0835364726647,-0.0817617644708,26991.734527176668,9811.840202320001,6428783.692943801
9.740498682840636,480867.4657337722,2.0,2.0,0.2,-0.147821743954,-0.144078137478,57833.36300910669,22882.133622753336,12910779.991827622
8.856810570098833,235256.14614274362,2.0,2.0,0.2,-0.0745311445726,-0.0724859682444,31220.002129180004,7618.787213383333,9140195.499539547
8.445112603068878,450461.78952663345,2.0,2.0,0.2,-0.145896447161,-0.142430746882,52391.72800388335,21769.25401367334,11599368.248846687
3.6921740298819885,75291.77807949041,2.0,2.0,0.2,-0.0279945670405,-0.0272907723077,10302.537100126667,1038.8726599853337,3705987.8809876284
2.9525444928155595,463662.8517990475,2.0,2.0,0.2,-0.182327456588,-0.179174705475,47917.305589520016,20612.092548146673,7988839.664793524
7.183467369357663,142159.99494398918,2.0,2.0,0.2,-0.0477050902048,-0.046371224903,20183.312185970008,2880.424384363334,3628059.40623658
9.39969590758448,406435.8779333237,2.0,2.0,0.2,-0.126565296441,-0.12334276881,48607.673742290004,18283.305399480003,11653904.737937871
6.232484590618403,339468.93290459784,2.0,2.0,0.2,-0.119232326273,-0.116637474775,38969.88457748001,16074.526305263338,5148284.5317290835
6.358707860494149,557486.8303270125,2.0,2.0,0.2,-0.195710013951,-0.191655833371,62541.55130851,29802.121967476676,7260047.893405298
3.8798222961124154,232393.5107851884,2.0,2.0,0.2,-0.0880992679372,-0.0863597269806,26376.58244409667,10689.330957646669,5784490.582672874
8.040689932131464,39699.11330066427,2.0,2.0,0.2,-0.0123587672026,-0.0116636635655,10198.25547323667,4492.416140686667,6175985.465881191
3.0898718627389488,11493.291330751743,2.0,2.0,0.2,0.0,0.0,204.9843668716667,274.2831474613334,0.0
4.251273509436071,496115.1365836519,2.0,2.0,0.2,-0.187207106139,-0.183709511811,53672.48851394334,27018.60378049334,9311736.331129985
5.116209728239543,314841.3825968593,2.0,2.0,0.2,-0.114922421888,-0.112560251396,36111.243817663344,13258.652235413336,7645002.758045543
5.814688218817867,465146.43110096955,2.0,2.0,0.2,-0.166271471514,-0.162867200025,51338.64443921335,24273.364509026676,10058955.269539136
3.560482725528182,140655.36000690883,2.0,2.0,0.2,-0.0534347016045,-0.0523138224552,16757.38447912667,5176.872448159002,4418530.329240232
2.47611301028323,207050.24730794024,2.0,2.0,0.2,-0.081877345969,-0.0804169662575,21769.460022430005,9784.285502084667,4419515.640936946
6.690270360753877,18062.323326791364,2.0,2.0,0.2,-0.00544913831388,-0.00496553324189,6933.548640936668,1914.47214662,2420192.842180261
3.953359702542174,576895.3947444673,2.0,2.0,0.2,-0.220096225135,-0.216092758497,61489.50704872001,32109.77698175001,10188229.19448043
6.4405248820922045,400720.74402048805,2.0,2.0,0.2,-0.139900336426,-0.136884688885,46352.39360518667,19984.625408523334,5786273.829488236
2.8120830798307197,559923.0526555837,2.0,2.0,0.2,-0.221488760152,-0.217734439746,57078.93573136668,30903.079980430008,9031900.510373952
5.589690865765949,159297.8444574434,2.0,2.0,0.2,-0.0567083424313,-0.0553450260635,20614.38472248334,5025.592498206668,6031511.459649028
6.02701017668848,366878.1667353965,2.0,2.0,0.2,-0.12989847834,-0.127133513016,42496.54707096001,15613.269164840001,9036155.382067017
1.9405000629906288,407099.9809755827,2.0,2.0,0.2,-0.164870405474,-0.162229711247,39281.96586977335,21791.073209467006,6264866.889657724
4.361136364648325,190529.82015455308,2.0,2.0,0.2,-0.0709064143078,-0.0694086951519,22642.738799443337,7809.531782100002,5618880.729497668
2.642524753981281,508865.54100937804,2.0,2.0,0.2,-0.202182599853,-0.198782285581,51538.19211819334,28211.560287216344,8220582.5181866465
2.0386872490185257,568296.8777401487,2.0,2.0,0.2,-0.230157714505,-0.226491290766,54919.476501136676,30968.76508809134,8384068.448307424
9.914661975314534,530913.0706176026,2.0,2.0,0.2,-0.162129745885,-0.158039823043,63132.654730030015,25789.750748200007,13603732.22683803
4.240007682285145,443440.1855636235,2.0,2.0,0.2,-0.167241266181,-0.164088010229,48314.26401927334,19678.135306600005,8725360.745336674
8.383932789764398,166478.80783497242,2.0,2.0,0.2,-0.0535074293098,-0.0519489442822,23676.09539243334,3489.312279743334,7978856.916641265
3.6644455654919925,168969.62526337904,2.0,2.0,0.2,-0.0641969594074,-0.0628852495295,19716.561061856668,6504.5031443766675,4836899.138453554
7.2927731389033985,578016.1922676228,2.0,2.0,0.2,-0.196080905842,-0.191832840443,64304.77473699336,25718.362846190004,7741269.658310912
7.961936809062336,6170.697561415217,2.0,2.0,0.2,-0.00129789328554,-0.000830607162656,6493.752412403334,2729.2154083400005,5732749.961766796
6.5629292951666764,429629.98394528666,2.0,2.0,0.2,-0.149406223797,-0.146194182974,49349.631299333334,21662.77458013667,6079835.800753575
5.508397602676347,423747.6975331573,2.0,2.0,0.2,-0.15299733377,-0.14988814208,47791.188127423346,21783.465574993337,9359288.796882745
5.000647770251783,373613.7245698785,2.0,2.0,0.2,-0.137136991859,-0.134392434275,42047.487840090005,18926.87617238,8349093.965070273
4.46538026561546,594065.3076521194,2.0,2.0,0.2,-0.222895047202,-0.218734621282,63985.34030814335,33075.81376565001,10750298.642742831
9.400997726106521,187127.66145823515,2.0,2.0,0.2,-0.0578401912003,-0.0560897524501,26615.633176733336,4095.542419756668,8937797.342702974
8.560264966195698,203983.11827594892,2.0,2.0,0.2,-0.0652837196373,-0.0634653937289,27740.568475326672,5700.443303826668,8561578.1745087
9.702728740665357,47363.64176793333,2.0,2.0,0.2,-0.0139684649596,-0.0131395385432,12008.237539056669,4931.734647950001,7362667.29049314
2.5565263996271304,265678.8819262425,2.0,2.0,0.2,-0.105160076546,-0.10331753004,27661.0394635,13371.72905687667,5179097.23813056
7.712373539230976,156629.11574090886,2.0,2.0,0.2,-0.051612224042,-0.0501541587639,22106.13998679667,3415.53191512,3848216.769707337
9.475893882978822,206032.02130658654,2.0,2.0,0.2,-0.0635599295693,-0.0616796725761,28680.134156600005,5210.1511184733345,9195247.996967528
3.0404810624081113,500743.0741533766,2.0,2.0,0.2,-0.196493291424,-0.193088063405,51794.15528768668,22401.081964230005,8477120.734638825
2.0652182726176087,561290.7081164975,2.0,2.0,0.2,-0.227116955505,-0.223487504507,54333.74643340334,30915.950167806335,8268883.947634341
7.799525518965502,111439.84320311138,2.0,2.0,0.2,-0.0363722603093,-0.0352111329997,17497.89760186667,322.0686906133334,3553997.6676151324
6.383021462029252,223505.3589320795,2.0,2.0,0.2,-0.0777379621917,-0.0759062884606,27329.401464450002,8467.760035930001,11231857.903291354
8.655544602445312,557178.3372692365,2.0,2.0,0.2,-0.179238879028,-0.175048000521,64619.90754912001,28501.971151446676,13179171.197675472
2.688065201323461,37085.07641353358,2.0,2.0,0.2,-0.0136480489309,-0.0132481875808,5567.437216527668,674.6945199350001,2550207.997541117
8.259772150809066,55416.31686682711,2.0,2.0,0.2,-0.0174019054453,-0.0165914275612,12018.510905973337,3371.0526827633344,6499322.614471768
3.2138322204058287,97674.59352373763,2.0,2.0,0.2,-0.0371758311892,-0.036355689185,12077.82302743667,2696.4927886456676,3648119.806241753
2.891075514358488,357127.7004761249,2.0,2.0,0.2,-0.140370230514,-0.137906930358,37283.85344401001,18935.579654153335,6581531.673799236
2.89625928241344,90283.36260359848,2.0,2.0,0.2,-0.0346113965995,-0.0338598050516,10991.131890700002,2456.5070044800004,3314698.1210044874
8.423885121966748,580845.8288704401,2.0,2.0,0.2,-0.188631286486,-0.184292844714,65736.27421214334,29824.13137983334,13336497.709019283
7.154176375917701,268028.7163551122,2.0,2.0,0.2,-0.0908089720832,-0.0886379735569,33169.23469263668,10884.127696313335,13170420.661098678
5.946056110537514,300910.7762100998,2.0,2.0,0.2,-0.106655537837,-0.104333447534,34833.13292083334,13756.280156190003,8066893.6465231115
4.550059115049772,147995.1694832439,2.0,2.0,0.2,-0.0545042022097,-0.0532750210114,18491.480205453336,5013.267336213335,5171848.400240288
8.95620459691142,282576.1514608401,2.0,2.0,0.2,-0.0893284257324,-0.0869615759076,35540.19869207001,10535.276333066668,9860245.071244275
4.8357834130924005,397148.17958220694,2.0,2.0,0.2,-0.146674812807,-0.143788113983,44299.39369574001,20493.762793923335,8504682.210758349
8.441095235508406,450706.28217242565,2.0,2.0,0.2,-0.145996626762,-0.142531779063,53310.27329514001,21756.647982273338,11623411.769191664
5.232646722846857,452320.8496259478,2.0,2.0,0.2,-0.164979468526,-0.161697000502,50427.48199883667,19893.64711095,9497995.019549519
4.704027650111715,346734.667616453,2.0,2.0,0.2,-0.128473809797,-0.125925809954,38955.29152248001,14926.521672720002,7809940.515916604
5.432778178191654,542615.8649963143,2.0,2.0,0.2,-0.196823891711,-0.192932587412,59962.367138373345,29363.866123020005,10777331.073582372
4.061711930395208,490444.70838366565,2.0,2.0,0.2,-0.186206804895,-0.182764355527,52788.75928675334,27068.31470610667,9162694.902236868
7.854679731498134,454228.86881917523,2.0,2.0,0.2,-0.150554375364,-0.147098298736,53173.05424943334,22133.063194716673,10179451.248636326
5.773123315786073,33363.313008276375,2.0,2.0,0.2,-0.0110949875154,-0.0105560023907,7793.006870960001,681.3205845656668,4578949.939265287
3.473807908747947,4126.777331789588,2.0,2.0,0.2,0.0,0.0,230.62494346800005,299.94072474333336,0.0
9.146383872833832,127468.36631728377,2.0,2.0,0.2,-0.0395821020775,-0.0382445752156,20228.60126768667,340.29298005000015,8011128.121362426
4.763075381672297,398114.15634807135,2.0,2.0,0.2,-0.147399186862,-0.144508986506,44260.18988087001,20654.896293526668,8517123.798007356
6.120199319468903,246718.4933295275,2.0,2.0,0.2,-0.086721432152,-0.08475012903,30088.993342346672,10169.079247016669,4253418.813331646
9.20501294319865,241443.75557958704,2.0,2.0,0.2,-0.0754450311529,-0.0733413286087,31538.58221710668,7757.885493573335,9489804.706277415
6.806022965268933,530752.1329377682,2.0,2.0,0.2,-0.183230413806,-0.179327338872,60124.98874849,23510.83863889334,7106690.37346893
2.4936333460210944,537337.7088791032,2.0,2.0,0.2,-0.214561077664,-0.211005359292,53794.05304716667,29897.829187331678,8444520.58259031
9.488573050714539,545505.1584321514,2.0,2.0,0.2,-0.169610860243,-0.165445046582,63085.603117756684,26999.309272180002,13471809.685434055
6.835518451107052,188326.84590901638,2.0,2.0,0.2,-0.0642914215879,-0.0626692116605,24670.17520921334,5980.060497406667,3933660.532720903
4.346697724585232,414633.4876435571,2.0,2.0,0.2,-0.155732403042,-0.15276443419,45514.86869573334,21859.803446973336,8370440.337518093
2.6838126176387918,162979.9087646218,2.0,2.0,0.2,-0.0637983839619,-0.0625983322715,17842.315499680004,7002.3147527010005,4088774.4665925363
8.249214108797517,114365.89984466987,2.0,2.0,0.2,-0.0367126233288,-0.0355088579416,18129.97597410667,363.94025060666667,7223885.9417175595
6.770618425392365,110779.47440842153,2.0,2.0,0.2,-0.0375552127936,-0.0364515246535,16579.41729370667,1031.2084000466668,8152765.412756303
6.0344192817987325,205264.5725181564,2.0,2.0,0.2,-0.0722098844504,-0.0705191401964,25192.426335523338,7600.157074546668,3842594.485504759
9.098086955933141,257974.57186789304,2.0,2.0,0.2,-0.0810152171554,-0.0788057127572,33874.60824467,8884.31458632,9585590.037728304
8.203076295408511,498569.502633041,2.0,2.0,0.2,-0.163145274331,-0.159370646261,58225.024659020004,24953.530838500006,12035325.497634884
2.789236477728385,71934.65608362725,2.0,2.0,0.2,-0.0274386277024,-0.0268108339956,9060.730539322,1447.5306285603335,3038740.8800914413
4.14963757626216,440955.50843693654,2.0,2.0,0.2,-0.166784987652,-0.163658185994,47943.57197030668,23635.325608340005,8525532.133790826
3.612157688422959,318872.9485135832,2.0,2.0,0.2,-0.122371356821,-0.120089816917,34745.49764129667,16448.302117800005,6676068.542413586
7.823543486867754,172767.2056055955,2.0,2.0,0.2,-0.056772531851,-0.0552011283525,23895.03151741667,4266.169883473333,5911960.523321842
1.7850256952541248,295691.75071969477,2.0,2.0,0.2,-0.119900735799,-0.117974671486,28334.18955200334,15144.69851051767,5057232.772587447
6.344062321406191,179965.2418662136,2.0,2.0,0.2,-0.0625006102423,-0.0609599610229,23402.220214453337,5808.678199196667,3710824.0109353038
7.980898828795869,357649.1731429836,2.0,2.0,0.2,-0.117741045644,-0.114927266045,42362.21196483667,15945.851234583337,10098003.421312658
8.952507912474871,260306.35371314653,2.0,2.0,0.2,-0.0822361469,-0.0800181274948,34363.749751596675,9096.52618030667,9562290.580063883
4.407694864085213,98643.31744732724,2.0,2.0,0.2,-0.0361641008363,-0.0352667276601,13334.453156980004,2015.1619895033336,4464068.894274081
8.48068708971211,69949.84473341804,2.0,2.0,0.2,-0.0219717256474,-0.0210527483608,13405.98995271,2872.074135190001,6815824.578567829
2.4403697641192617,328017.4092432781,2.0,2.0,0.2,-0.130606382821,-0.128381142453,33340.04803822334,17213.006201782006,5829839.073228647
8.694844479743406,541447.819971662,2.0,2.0,0.2,-0.173867181434,-0.169778496227,61896.986272096685,27165.526642720008,13001915.160164692
2.5836536298218507,206374.61193461134,2.0,2.0,0.2,-0.0813443281333,-0.0798760704405,21922.191229410004,9742.531230190001,4497948.146477224
4.876941969763122,439800.0643335739,2.0,2.0,0.2,-0.162337510136,-0.159163403387,48703.58453565667,23183.68202599001,9108803.814239966
8.277010609126206,395196.81296386017,2.0,2.0,0.2,-0.128714808108,-0.125631778444,47368.341991860005,18292.40987841667,10825080.089372698
2.774298132464577,558932.9485856886,2.0,2.0,0.2,-0.221339048919,-0.217601421799,56732.706588383335,31357.316031210008,8947616.855509914
3.4486368594774524,492588.61037948454,2.0,2.0,0.2,-0.190788493249,-0.18738870023,51929.54048623001,27182.487920436673,8701021.20909753
7.639146831341064,339963.1553432778,2.0,2.0,0.2,-0.113349615231,-0.110671297217,41071.86084938001,15157.173990030002,5559364.781399651
7.620310560641632,394218.2989404644,2.0,2.0,0.2,-0.131695908811,-0.128655669824,46664.65915794667,16567.865966796668,6100914.060679989
6.9497548795250275,539031.8799504209,2.0,2.0,0.2,-0.18512893555,-0.181159266345,61210.03017794335,28300.960495293344,10121083.949368335
7.39856177797035,239711.27075216087,2.0,2.0,0.2,-0.0803807196871,-0.078386182331,29879.15179868668,8840.52328662,5719182.537696422
6.113157768454568,196076.8235146664,2.0,2.0,0.2,-0.0687413700768,-0.06710628557,24862.07036426334,6971.780186630001,3785786.2251848457
3.640292000709098,6486.650181117803,2.0,2.0,0.2,0.0,0.0,241.39855853766673,307.6861333806667,0.0
4.438415944783316,495930.6445148785,2.0,2.0,0.2,-0.185974846429,-0.182462949132,53919.79990969002,26942.118426636673,9442064.539920714
3.043580592812118,480588.42024201894,2.0,2.0,0.2,-0.188498917026,-0.185223375672,49777.96911311001,26238.74952594667,8215832.384976435
9.221829771335841,62672.71086009083,2.0,2.0,0.2,-0.0190548481926,-0.0181474721646,13218.189267093338,3609.645750203334,7233477.037371098
6.458830255512024,346114.42867962015,2.0,2.0,0.2,-0.120598261135,-0.117944332238,40707.98318353001,16387.80826087667,5279860.432595422
4.907237042490939,278389.01890013245,2.0,2.0,0.2,-0.102216015953,-0.100107586355,32148.233097303342,13033.092008990003,7047167.17508693
5.427049330975128,71225.45730546687,2.0,2.0,0.2,-0.0249843477321,-0.0242132850432,11415.048836373337,417.68577211146675,4821569.556042888
9.55190838670043,588340.9362364342,2.0,2.0,0.2,-0.182551381722,-0.17809538247,67473.27882579001,29982.588762416668,14170155.35681452
2.8034869264866815,128817.53247801327,2.0,2.0,0.2,-0.0500026223216,-0.0490104899373,14665.216325786669,4889.760687299001,3728897.4478868116
6.482953572142777,40340.508054336686,2.0,2.0,0.2,-0.0132802630346,-0.0126593170979,9061.496295130002,3274.4263435900007,2540968.8991110534
5.800053770517961,356908.42770114576,2.0,2.0,0.2,-0.127361020545,-0.124675847451,41171.21628396,17448.05222376667,8656989.824798202
6.697361001194507,443320.0062798196,2.0,2.0,0.2,-0.153446948764,-0.150134032894,50958.78807432668,22448.311649840005,6268239.938195916
1.6539365624771443,19466.06762831218,2.0,2.0,0.2,-0.00679033972522,-0.00656261949627,2847.2436259980004,942.1913259323336,797705.7689536451
8.913053226025287,395230.5832362133,2.0,2.0,0.2,-0.125513983956,-0.122393603222,48059.295020200014,17846.798479826673,11254310.971944021
9.423005401110705,319375.1255708727,2.0,2.0,0.2,-0.0991702451422,-0.0965303058259,40526.51103388334,12623.203076793334,10586022.616971435
6.303632060508276,61959.00532502905,2.0,2.0,0.2,-0.0209787087551,-0.0202237279641,11157.842353403335,561.2117723800002,2660063.2805390786
7.421532002953584,103514.32616781724,2.0,2.0,0.2,-0.0342117564185,-0.0331229475905,16364.312192916668,2233.7129849200005,3371961.095893889
9.341244740007014,340784.5783896483,2.0,2.0,0.2,-0.106231899331,-0.103452375817,42706.94790965668,14043.800766740003,10786540.442376785
7.511528391663888,177814.56810797303,2.0,2.0,0.2,-0.0591505371995,-0.0575625539436,24159.844340356674,5874.21738197,4056561.5758958817
2.7965818647712215,562989.4371907896,2.0,2.0,0.2,-0.22280950876,-0.219037485883,57338.922307426685,31631.43227827667,9018921.270080913
6.398451061417912,491244.13769043045,2.0,2.0,0.2,-0.172042933119,-0.168428929792,55625.80331616001,21631.152588970006,19304400.375048835
6.657077894254275,590140.3239081978,2.0,2.0,0.2,-0.205014525403,-0.200724629469,66210.81506203335,26469.919116696674,9625716.867998626
5.105110706070281,155802.5033702484,2.0,2.0,0.2,-0.0563721565748,-0.0550603792785,19797.707759063338,5097.669407516668,5657159.092542825
7.759776002810144,581834.1796787862,2.0,2.0,0.2,-0.19390838751,-0.189604552025,66370.38885507,30272.22338352667,7765711.402825405
9.442119625536627,258740.3218749347,2.0,2.0,0.2,-0.0801246556149,-0.0778914021269,34203.58039658333,8687.730193680001,9842453.32689789
9.3673323597076,208511.27718825277,2.0,2.0,0.2,-0.0646228129888,-0.0627301136483,28884.958111703338,5495.797051210001,9129332.471254103
5.332134656935123,30209.716181611944,2.0,2.0,0.2,-0.0101031599724,-0.00960710705059,7127.087897403334,3043.485953683334,4257466.76522117
2.4625233896464196,31659.15471576157,2.0,2.0,0.2,-0.0115572036625,-0.0112051954166,4823.691114247667,757.9363023070001,2336888.085187309
9.871150191179844,415206.7535679928,2.0,2.0,0.2,-0.126804196347,-0.123496258379,49939.44079477668,18407.468531160004,12105557.691512318
8.63063373479044,274757.39666041674,2.0,2.0,0.2,-0.0879734400066,-0.0856770634484,34455.29468400001,10267.559370570003,9481429.965224082
2.5596327902277682,135912.9756216634,2.0,2.0,0.2,-0.0532054983471,-0.0521867875245,15015.452378793336,5427.5882067523335,3646075.2896814975
9.327156002247666,368382.1837951396,2.0,2.0,0.2,-0.114971412505,-0.112009073807,44635.32868719334,15818.673642230002,11152369.005492542
8.89411907752809,151714.87095006672,2.0,2.0,0.2,-0.047725725303,-0.0462389913704,22062.14786503,2112.196338666667,8138780.470081847
5.910123485571613,346579.05260665354,2.0,2.0,0.2,-0.123161308371,-0.120538568498,39437.97416686334,14628.318145246669,8642891.797708126
6.525841203831899,215525.2481896142,2.0,2.0,0.2,-0.0745441554632,-0.0727567497165,27207.302016463338,8037.035606123335,11077998.519706355
4.891522982896108,494131.33596709144,2.0,2.0,0.2,-0.182482148755,-0.178948285807,54260.00913496334,22057.229736756668,9774050.120018799
1.9654739299872663,492417.6964600676,2.0,2.0,0.2,-0.199616206835,-0.196443147958,47242.29070563001,26758.59978952134,7639363.420055032
4.349176553990158,286410.2388734408,2.0,2.0,0.2,-0.107184486006,-0.1050591177,32423.17316150668,13867.422818343337,6799774.001690388
8.324254313083097,210491.46560100935,2.0,2.0,0.2,-0.0680183130186,-0.0661684920651,28209.55393690334,6328.208585863335,8518594.114486892
1.5393721955391242,217535.87793545672,2.0,2.0,0.2,-0.0884762639202,-0.0870681192183,20342.46843580667,10337.046096137336,2363094.3718796032
4.334742959374726,483428.7154009307,2.0,2.0,0.2,-0.181877057442,-0.178455925098,52525.41245263334,26166.54071533334,9262894.228331266
4.884433895523018,196907.6896785672,2.0,2.0,0.2,-0.0720451416745,-0.07047514041,23773.974361630007,7881.143145833335,6053547.453412182
6.067862624972345,125435.62422410761,2.0,2.0,0.2,-0.0437180838138,-0.0425542237758,17173.732127480005,2454.968074066667,3139141.6739227064
9.318772739508464,50813.0051251841,2.0,2.0,0.2,-0.0152637253611,-0.0144306276298,12374.792549686668,4429.163301786667,7153517.679960794
4.443940952110671,280015.87253064505,2.0,2.0,0.2,-0.104435832058,-0.102343263051,31896.304850393342,13360.352423270002,6776937.884619874
4.449102216117936,289279.25935190514,2.0,2.0,0.2,-0.107910470583,-0.105758264544,32836.00057169334,13939.67511166,6866679.572482696
7.768760608932861,504545.2262417443,2.0,2.0,0.2,-0.167920677248,-0.16413229468,58474.20152370001,21988.96003695334,7144987.5847414555
5.343852497563361,132743.2178676384,2.0,2.0,0.2,-0.0474982343003,-0.0463243192334,17634.32493244667,3518.8798371066673,5525404.341040976
3.409140994989847,228594.76420103994,2.0,2.0,0.2,-0.0879540339565,-0.0862746272894,25381.44799684001,10709.046292513669,5399301.281020072
5.345735887127894,485043.4433362146,2.0,2.0,0.2,-0.176320673155,-0.172813694027,53946.70992489001,25974.10502904667,10014909.44322507
2.6972846732282987,494174.1664493841,2.0,2.0,0.2,-0.195973302265,-0.192657440871,50324.32579137335,27346.90826325667,8084133.328945754
2.999289385302898,230766.64558726092,2.0,2.0,0.2,-0.0899511539527,-0.0882894436466,25002.470060893338,11064.466438420335,5105528.797691342
5.736126068285578,275474.4139720085,2.0,2.0,0.2,-0.0982783429638,-0.0961370697872,32721.187376560003,12314.439439323336,7621423.831990376
5.060866320788657,181971.53450956976,2.0,2.0,0.2,-0.0661061417765,-0.06462316433,22465.79889503334,6815.319765180003,5939341.946515119
9.276190159078851,559532.9270515873,2.0,2.0,0.2,-0.175529391499,-0.171283829938,64291.71188254668,28345.62925096668,13541713.504826924
4.580348142491381,71186.25944494818,2.0,2.0,0.2,-0.0256785594426,-0.024952238756,10698.792023023334,177.27517035666668,4248325.723439753
6.435000977363369,560249.653800882,2.0,2.0,0.2,-0.196148512874,-0.19206952203,62951.22340476335,25062.637432536674,21413786.0856481
6.8742464473160085,410319.87110120594,2.0,2.0,0.2,-0.141016577889,-0.137911576704,47764.80364643334,17517.20067111667,7657245.899159909
1.6113028810008359,318943.29161203874,2.0,2.0,0.2,-0.130097588903,-0.128059947247,29871.604115080005,16334.25279310667,4953813.978925875
7.14006766214204,19595.436470697525,2.0,2.0,0.2,-0.00589665202637,-0.00538034208286,7246.428904223335,5092.036934590002,2574413.0590679278
3.0133057183928873,285357.715093205,2.0,2.0,0.2,-0.111471449308,-0.109456300606,30431.61549892,14434.448288044003,5790512.168050961
9.669097698490368,244648.86300163937,2.0,2.0,0.2,-0.0750105700603,-0.0728591720009,32279.47099120668,7658.437138863334,9779987.293760449
2.76363318590146,96731.28718507354,2.0,2.0,0.2,-0.037311216911,-0.0365267015223,11483.379061026668,2932.588612297334,3314503.5046960595
5.024305051679702,393845.7621003942,2.0,2.0,0.2,-0.144514979548,-0.141634539946,44189.77938271334,20226.168795823338,8606510.401080681
2.225472178668473,582690.5444209715,2.0,2.0,0.2,-0.234718056157,-0.230919858638,57180.67779027668,32404.85664726934,8728182.102214226
9.973431140690552,337313.2866387151,2.0,2.0,0.2,-0.102408201365,-0.0996191740999,42012.26168627001,13395.683832083334,11197637.039807297
5.768657587815562,428851.9658663675,2.0,2.0,0.2,-0.153444601414,-0.150284829839,48574.71356059668,18698.690011793336,9609494.003582157
6.5607726472203725,41070.27153961007,2.0,2.0,0.2,-0.0135001463088,-0.0128705853187,9213.67413793667,561.2686659566667,2565938.859181141
2.0701500578016336,250600.19749019685,2.0,2.0,0.2,-0.100567416908,-0.0988796712129,24966.689055390005,12506.940103471003,4583912.99804545
7.874663998393011,69815.09109869752,2.0,2.0,0.2,-0.022436647849,-0.0215492077935,12925.854090386669,2184.7915869700005,4256017.821108879
3.284197541312479,367677.5013219062,2.0,2.0,0.2,-0.142785321832,-0.140212773894,39130.58658342001,16105.7205348,7015604.706790979
9.133461460246068,563089.2949284927,2.0,2.0,0.2,-0.177697263504,-0.173435090305,65842.40534663667,28308.670172703336,13550274.949615467
3.243686944097061,397066.6394829831,2.0,2.0,0.2,-0.154504440924,-0.151749725085,41859.336797693344,21127.555795463337,7397907.784234882
3.1208456256411656,46081.82898865292,2.0,2.0,0.2,-0.0170168561336,-0.0165346441885,6859.647954463002,412.54092756333347,2957718.1325625544
1.8106721767088065,212799.7229910497,2.0,2.0,0.2,-0.0858539581806,-0.0844343718935,20746.80647794667,10110.994658820668,3923436.3090939834
5.5125690334349935,330398.02766451094,2.0,2.0,0.2,-0.11901346906,-0.116522574656,38216.24362156334,15970.948641160003,8169011.17812702
6.30114963273224,241924.65367995133,2.0,2.0,0.2,-0.0844690114836,-0.0825205173165,29136.493359403335,9744.364073033334,4262982.985279325
2.0585234351409953,500186.4062851034,2.0,2.0,0.2,-0.202237520359,-0.198992434535,48545.351355083345,27473.670337470005,7522871.934510624
8.09198474190759,488802.6028259935,2.0,2.0,0.2,-0.160620718572,-0.156921180299,55870.45659648001,24461.225941110006,11896193.401512353
5.352955095358235,367098.61206193286,2.0,2.0,0.2,-0.133101184654,-0.130375838309,41810.85421966,18326.966482950003,8492209.390850084
5.95731728928443,224074.76707962315,2.0,2.0,0.2,-0.0791314524201,-0.0773194311082,27616.088611730007,8613.839111246669,7117054.676013983
5.246483348974939,153201.8242579465,2.0,2.0,0.2,-0.0551503614337,-0.0538469013653,19664.017552283338,5311.956254456668,5726808.966259032
4.906486017440271,63524.59092787759,2.0,2.0,0.2,-0.0225698419539,-0.0218765034119,9964.760119593337,1066.378566846667,4389545.48952909
6.256942816119852,212938.6100919324,2.0,2.0,0.2,-0.0743533175573,-0.0725985927675,26179.72307401334,7966.154158143334,3984796.8924263055
2.819542090411056,247903.5103246317,2.0,2.0,0.2,-0.097256470562,-0.0955025216573,26318.695414100006,12169.536956932336,5189067.817985399
3.0463891092098043,405493.75506244414,2.0,2.0,0.2,-0.158796295188,-0.156003803109,42388.59202124001,17856.640295786336,7285230.4361035125
8.825177778614897,394895.8945785441,2.0,2.0,0.2,-0.125848036744,-0.122734859952,47976.82315805001,17855.251103460003,11160317.455546537
9.541981428135879,42064.88378475417,2.0,2.0,0.2,-0.0124124220475,-0.0116268562851,11613.760732500004,5449.964932263335,7196479.044772563
4.6731291883779,237155.58925869467,2.0,2.0,0.2,-0.0876045052974,-0.0857812249733,27744.989888186672,10597.086637873335,6409540.14444384
3.801329721720207,109067.32033041715,2.0,2.0,0.2,-0.0408812324945,-0.0399508109626,13814.682939066668,3046.8459545166675,4202829.803706537
6.973996117531634,94087.62319008341,2.0,2.0,0.2,-0.0315370845045,-0.0305342422992,14689.577578490002,145.63956291333338,3857722.6888438133
4.9742404543338195,496381.28984234756,2.0,2.0,0.2,-0.182800736184,-0.179244980501,54676.744799686676,26876.69480263667,9897826.219646133
1.7157840231129313,25149.130029754517,2.0,2.0,0.2,-0.00911003257108,-0.00884387824515,3430.8444988740007,743.6095205030002,1791585.9992122431
2.8272970776126183,251509.7255412728,2.0,2.0,0.2,-0.0986657805474,-0.0968880298775,26747.555559123342,12413.087264892669,5247381.654010035
7.585763945202879,100922.19345991091,2.0,2.0,0.2,-0.033131661401,-0.0320519344315,16215.223756503337,2056.0632544600007,3398010.7185762515
7.1008535062362865,527598.1294070844,2.0,2.0,0.2,-0.180148749173,-0.176247020057,58934.54271895001,27650.070901880008,7193953.666786646
1.7303159362796097,334224.30796502106,2.0,2.0,0.2,-0.135929223775,-0.133779094197,31652.224775643335,17366.036418407002,5459224.565456412
3.3867633764300704,138828.38182610882,2.0,2.0,0.2,-0.053014429264,-0.0519166570604,16383.103002906673,5106.554440699667,4275421.372963032
3.464135770998607,301456.37229982583,2.0,2.0,0.2,-0.116169413083,-0.114012743961,32730.05338899001,12928.51870855667,6330809.667246042
7.211088320589192,438891.8158218695,2.0,2.0,0.2,-0.149032939595,-0.145717763465,51091.166453630016,21827.02895393667,8133905.11457436
1.6675395709120953,574870.8053516602,2.0,2.0,0.2,-0.235392762207,-0.231786067124,53284.30351458001,31425.981416219005,7953543.659079699
2.384922946868878,132267.60254725136,2.0,2.0,0.2,-0.0520177846722,-0.0510355411865,14418.83392402667,5313.177046352667,3450199.6196625293
8.29928672567211,531709.0632776071,2.0,2.0,0.2,-0.17341180754,-0.169412143845,60429.345043346686,27097.59730051667,12541355.568205
3.0176296274618357,560582.4685004941,2.0,2.0,0.2,-0.220332899966,-0.21654266359,57734.14208364335,25258.324863176673,9173421.288034663
7.048341916740935,549852.3267192397,2.0,2.0,0.2,-0.18817888098,-0.184133951425,62355.29193872001,24454.042618296673,9435284.305463685
3.524553638897175,381248.6141171459,2.0,2.0,0.2,-0.146978303102,-0.144294199882,40931.52175349668,20221.40817492667,7369328.634825999
2.345251838454434,377892.39266082464,2.0,2.0,0.2,-0.151108116534,-0.148581318043,37975.890929520014,20220.375512555336,6364976.800677891
3.5669636234953597,241926.37991029368,2.0,2.0,0.2,-0.0926886176515,-0.0909105045299,26856.19910154334,11504.699182066668,5634854.008444336
7.639268920773103,451438.72938227275,2.0,2.0,0.2,-0.150863559042,-0.147439081277,52684.44577064001,19401.757322396672,6628789.338933066
8.77341997890343,318776.4110105592,2.0,2.0,0.2,-0.101622371474,-0.0990228252441,39061.59609990668,12998.709123150002,10134904.563196484
8.556868848819429,406462.8427369767,2.0,2.0,0.2,-0.130960199123,-0.127785628501,47918.53702263668,18811.920283870004,11125194.582479773
4.876060001756866,257074.74230927727,2.0,2.0,0.2,-0.0944031458207,-0.0924355381301,29974.25240719334,11672.739282690003,6761358.469798838
7.178723660850492,438897.8784258834,2.0,2.0,0.2,-0.149216358905,-0.145903941227,49969.682411650014,21581.529965400005,6345466.805720206
3.2423665110344784,494682.91056272946,2.0,2.0,0.2,-0.192865430384,-0.189473670925,51764.59912494668,22117.527972310007,8583417.069982141
3.991755707218613,87861.75396168967,2.0,2.0,0.2,-0.0325342382841,-0.0317310795676,11853.36242990667,1587.52802031,4090980.817032223
9.118854457429517,499757.8293445368,2.0,2.0,0.2,-0.157668610355,-0.153832587713,57976.22932924668,24428.859346980007,12705192.540523771
1.6105163498412562,324177.9190741843,2.0,2.0,0.2,-0.132256314275,-0.130186339796,30339.66237982667,16606.696175615336,5012433.23067933
2.2268225122629786,506799.5454541346,2.0,2.0,0.2,-0.20390383759,-0.200585901669,49874.33087111334,27441.41558281534,7855169.198254237
3.267033168741232,258781.02380460876,2.0,2.0,0.2,-0.100173923036,-0.0983105409254,28137.358065520002,12670.948378074334,5651109.704042563
1.7255237329274675,227424.291229821,2.0,2.0,0.2,-0.0920720366076,-0.0905723997093,21883.471715933338,10980.295195193668,2542455.907402971
3.0422011982632773,549036.4395103335,2.0,2.0,0.2,-0.215589918449,-0.211873789065,56649.59745749002,30663.526049886674,9067485.497407552
6.455853268242383,150701.56052904078,2.0,2.0,0.2,-0.0519831486946,-0.0506303704229,20441.411058110007,3818.552501736667,3480103.326619267
5.0821086800362325,506527.39517168584,2.0,2.0,0.2,-0.185877493089,-0.182249617958,55713.62662632001,22656.238604076672,10089909.695879336
9.087709544154286,290412.3435056425,2.0,2.0,0.2,-0.0913419430601,-0.0889158202729,36462.307709123335,10946.381563583336,9995972.405464282
8.448270274776748,308457.26553075586,2.0,2.0,0.2,-0.0995832096707,-0.0970715477607,38573.489090510004,12560.301001786669,9809505.908845935
4.405447489431946,185080.9688936904,2.0,2.0,0.2,-0.0687475981517,-0.0672832189605,22134.89077854667,7432.026677793335,5560784.903933084
3.705099184165986,343825.3203714094,2.0,2.0,0.2,-0.131655577359,-0.129204015342,37368.25068051667,17686.139036196673,7079538.324694893
4.727385469421769,195126.7177657268,2.0,2.0,0.2,-0.0717637007613,-0.0702129943346,23494.667159150005,7858.1176856400025,5927400.650364255
6.517507011375866,23561.648544991385,2.0,2.0,0.2,-0.00740024192665,-0.00688844555198,7354.003978023335,1392.3641915433336,5354529.3049415825
3.778540946994448,163199.16320661362,2.0,2.0,0.2,-0.0617427399467,-0.0604611535665,19261.995861843337,6470.204611033335,4848554.206809417
6.805265716717639,3827.4260439544073,2.0,2.0,0.2,-0.000507953224452,-0.000112941639922,5534.850478933335,5851.639700116667,2916245.043359346
4.9799990436255435,587012.872234114,2.0,2.0,0.2,-0.216416315974,-0.212259288797,64018.59079855668,26622.717026576673,11006596.801227216
6.192401037241832,579448.3258918485,2.0,2.0,0.2,-0.204696031424,-0.200504771969,64666.60022644001,31655.174916073345,7400756.325549964
5.207075497650192,237093.17848338303,2.0,2.0,0.2,-0.0860083978077,-0.084152432934,28284.91813958334,9448.009683053335,6770145.888637199
4.0029589561063,437022.5126037876,2.0,2.0,0.2,-0.16609040609,-0.163001995884,47204.610020816675,23556.710629680005,8455498.730486903
9.561853109178331,207483.659046255,2.0,2.0,0.2,-0.0637894431998,-0.061893321677,28955.692087260002,5257.6129066366675,9250311.22932937
7.990649250357967,402655.89425158565,2.0,2.0,0.2,-0.132636380238,-0.129520494838,46978.98352305334,18924.273905293336,10776183.717500836
2.6909619940148466,483258.02582758747,2.0,2.0,0.2,-0.191644000098,-0.188399268848,49147.61536005667,26251.498792721002,7943250.221692929
8.881977795132258,568053.7468153444,2.0,2.0,0.2,-0.181104202527,-0.176826096686,64808.75243797668,28978.023682286672,13392615.618878933
5.643165185120866,240127.3655098032,2.0,2.0,0.2,-0.0858144040839,-0.083914210544,28394.05774044334,9479.57576841,7121369.83017612
9.103693928599778,469978.78977362864,2.0,2.0,0.2,-0.148298403293,-0.144663610881,56052.96148227001,22622.090132706668,12285999.57511937
8.29876967555218,159557.07037927126,2.0,2.0,0.2,-0.0514208348921,-0.0499124922678,22899.089783470004,3183.30629773,7852237.399863118
5.1143147879884845,594199.382276189,2.0,2.0,0.2,-0.218076426164,-0.213864525333,64815.35785665335,26967.065210313336,11235403.080171632
1.690989120720998,15461.759258610686,2.0,2.0,0.2,0.0,0.0,111.35860921266668,177.68791384200006,0.0
3.7837575547720417,362117.28390067257,2.0,2.0,0.2,-0.138376105903,-0.135796009875,39356.961994736674,18889.57882444667,7321888.486999096
6.103890824617369,395703.5889907963,2.0,2.0,0.2,-0.139810167835,-0.136851285759,45431.54359339334,19790.893824090006,5637351.604076398
6.884564868522252,412827.33424447733,2.0,2.0,0.2,-0.141826366181,-0.138706029257,48028.81293891335,17679.120325930005,7628495.476422504
3.6920453261822193,72232.54727345341,2.0,2.0,0.2,-0.0268148907648,-0.0261309352299,9994.779984630002,856.4902879093335,3674732.81870798
2.684526629619005,563117.8700838783,2.0,2.0,0.2,-0.223639061648,-0.219884505897,56964.35581916335,31616.494941758006,8950400.169211056
8.596907012794041,108709.96743004968,2.0,2.0,0.2,-0.0343929526157,-0.0332091504111,17821.07032594334,443.16578473300007,7370094.77227585
9.867418535980192,373652.04194390465,2.0,2.0,0.2,-0.114041120838,-0.111013198916,46567.59648965,15815.38649313667,11592273.524194034
5.9683665495728295,133605.647473851,2.0,2.0,0.2,-0.0467894673655,-0.0455763660374,18301.213673870003,4168.383525503334,5968808.898155231
2.9592739297105797,184329.85021276254,2.0,2.0,0.2,-0.071701019238,-0.0703442246871,20268.994291586674,8119.047650903002,4564408.569794747
3.8146122754146363,327875.1250368746,2.0,2.0,0.2,-0.125044875886,-0.122685662272,35984.704149526675,14155.634030466668,6931196.014360081
1.6563207506534672,250316.05113874588,2.0,2.0,0.2,-0.101671498621,-0.100043308749,23780.809106350003,12376.681740005,4244122.506252769
9.271539855764242,96135.36058590378,2.0,2.0,0.2,-0.029532274394,-0.0283982551966,16683.55598291667,1653.1059792333335,7664693.718508161
2.5008842045661996,102561.84145250898,2.0,2.0,0.2,-0.0399374038596,-0.0391348205396,11719.056832789334,3426.8492055860006,3205218.6483724792
6.400390041871155,250886.8728976798,2.0,2.0,0.2,-0.0873260111227,-0.0853107851916,30138.68483429667,9808.398117876668,12080564.888515254
3.829469375841251,454369.78696530045,2.0,2.0,0.2,-0.173718886646,-0.17053100809,48819.37392027335,24578.77617960334,8519955.414352523
6.210513021384244,538778.7881086732,2.0,2.0,0.2,-0.190102799453,-0.186182078072,60450.11286551001,28835.64063471001,7025041.992287646
7.037073300990846,50476.5973556297,2.0,2.0,0.2,-0.0165049383602,-0.0157888559429,10315.827106406668,2768.936971803334,2793970.184537389
8.552805331511214,235862.34453564064,2.0,2.0,0.2,-0.0756336784968,-0.0736015848985,30411.910587273338,7767.5203471800005,8955288.26388185
3.254580809965127,60147.338233725975,2.0,2.0,0.2,-0.0224503431916,-0.0218697695898,8371.216976673335,1130.6938462270002,3243348.159768747
1.593464543597084,9955.48837955873,2.0,2.0,0.2,0.0,0.0,104.95795428233335,171.47877554466672,0.0
2.663527855584862,397031.209586374,2.0,2.0,0.2,-0.15730601896,-0.154618259899,40589.96201363667,21340.763336007003,6869310.4873809675
9.150158455708894,361469.6651799527,2.0,2.0,0.2,-0.113613079938,-0.110706962672,43790.67323596334,15432.550705510002,10977877.637427764
8.92806565928138,97811.46828893172,2.0,2.0,0.2,-0.0304739870262,-0.0293459784957,16961.014786743337,1242.8691738933335,7481418.373539701
6.578011368447621,140287.69985583847,2.0,2.0,0.2,-0.048119248505,-0.046829456567,19488.366582943334,3095.5550023966675,3426146.7831988744
6.604393313686054,14224.65218671103,2.0,2.0,0.2,-0.00412663774183,-0.00367283798295,6468.025911016667,5045.742176206667,2362253.8720822693
7.152811733643172,500968.32341664226,2.0,2.0,0.2,-0.17065728063,-0.166931319707,57414.762266970014,25888.745802586676,6959924.214359747
2.9906558682993216,584814.3576291308,2.0,2.0,0.2,-0.23013001542,-0.226188322916,60077.64060371668,26390.520691010006,9461336.623860825
9.272501540362157,81275.72207681448,2.0,2.0,0.2,-0.02486163038,-0.0238264936205,15543.309564476667,2553.6405869600003,7499522.101996883
5.0595494615826215,138885.12825917886,2.0,2.0,0.2,-0.0502226158363,-0.0490240143872,18056.148379330003,4094.532399180001,5429668.906319204
4.756677490120728,521045.7143681604,2.0,2.0,0.2,-0.193387116544,-0.18968374545,56912.08452399334,28376.067006980007,9999472.191955658
5.9108004949041195,555878.278773711,2.0,2.0,0.2,-0.198299121201,-0.194283608284,60706.29498497335,30204.303503760006,11262117.77592575
1.8992107175879678,251776.4296840862,2.0,2.0,0.2,-0.101553590137,-0.0998840399448,24619.87682564334,10408.612699469002,4663671.642176955
2.913408634426675,30373.483361444476,2.0,2.0,0.2,-0.0109108805925,-0.0105408935156,5131.182646506668,1247.6854948593336,2628457.20443482
7.773285739624149,23635.10021569164,2.0,2.0,0.2,-0.00712326069432,-0.00654859639454,8134.220193853335,1801.666408523334,2804342.2535016625
2.203788677363575,344369.9196414063,2.0,2.0,0.2,-0.138160060005,-0.135865129806,34282.943466100005,18027.948765119003,5873499.036570897
6.626792930464299,235737.06533590742,2.0,2.0,0.2,-0.0813238088431,-0.0793974542856,28805.60230947667,8999.92931271,4308300.139207093
3.585467432291228,17191.456546592708,2.0,2.0,0.2,-0.00561045954536,-0.00528962052872,4386.590000889667,2564.894115886667,2915485.1800778895
4.809012719356801,349951.43538753403,2.0,2.0,0.2,-0.129214789753,-0.126637921546,39462.02879915001,15053.639361556669,7892912.471898462
3.953896762550949,6781.521953413483,2.0,2.0,0.2,0.0,0.0,262.59462243466675,328.6367133273334,0.0
4.523218089952067,472423.17488956376,2.0,2.0,0.2,-0.176586539564,-0.173223256308,51615.65204512001,25412.75696440667,9245352.487390742
7.611890194066087,183859.69362202295,2.0,2.0,0.2,-0.0609582176253,-0.0593235535544,24843.45019630334,5214.418394516667,4126952.012573772
4.025534582796988,24154.80180553926,2.0,2.0,0.2,-0.00820318271865,-0.00781398446678,5450.033135052335,2356.064490223334,3299256.0172192315
6.314439442523626,353011.332589892,2.0,2.0,0.2,-0.123665555646,-0.120975154987,41301.33617665001,16943.07435177334,5301749.457635921
5.546428418692347,238610.6486598328,2.0,2.0,0.2,-0.0855540448892,-0.0836695481996,28754.252943323343,10066.419311033334,6993689.098651473
7.1412049055825095,584280.2480142897,2.0,2.0,0.2,-0.199351419046,-0.195066231007,66152.34268573334,26128.334517913336,9819444.627077658
9.463052784260443,326519.19750222133,2.0,2.0,0.2,-0.10123766276,-0.0985481498939,41347.74298385002,13038.081138943337,10749348.35321964
7.726862826287127,165143.50862220497,2.0,2.0,0.2,-0.0544313462965,-0.0529155553289,23021.812988983336,3832.078347030001,3996825.333923049
3.3269932180214328,425663.31878038484,2.0,2.0,0.2,-0.165296521259,-0.162347647332,44935.68878183002,23160.091332990003,7741743.132356679
1.7650566480209198,162895.2015256268,2.0,2.0,0.2,-0.0655109994017,-0.0644027686019,16024.644132416672,7277.649092864335,3337404.324360379
3.7292443765485133,542545.9748445391,2.0,2.0,0.2,-0.208413703257,-0.204660660637,57478.422533033336,30186.052787590004,9542744.706309361
6.558162410952166,224833.18230442586,2.0,2.0,0.2,-0.0777118335042,-0.0758616620289,28218.77448907,8489.811225840001,4197780.797012625
1.937119414616128,329921.1376657231,2.0,2.0,0.2,-0.133352400951,-0.13118798855,32113.46615976667,17148.532486538003,5398981.639421039
5.7191131012105085,30343.862294537317,2.0,2.0,0.2,-0.0100282661662,-0.00951196008373,7440.766225193335,3344.2302542066677,4506748.469591714
6.573164215793558,255672.74277133847,2.0,2.0,0.2,-0.0884512418973,-0.0863946327893,31417.28842208334,10486.268935926668,4465938.959994312
4.341073071944167,499418.123796597,2.0,2.0,0.2,-0.187906727203,-0.184379282901,54123.30167300668,27340.082585450004,9493009.74207974
8.052753731839486,483389.28321800515,2.0,2.0,0.2,-0.159071323648,-0.155407918594,55351.37934899335,24171.898357006667,11769047.585420828
2.4060851516370603,134591.13531211574,2.0,2.0,0.2,-0.0529188846426,-0.0519217622712,14619.599479793336,5421.070841849001,3508147.6324374652
2.1386711447543743,135647.4426063376,2.0,2.0,0.2,-0.0537636270573,-0.0527839031422,14298.111470606667,5590.254845144334,3302275.0773545234
7.689604427730629,490383.18732794205,2.0,2.0,0.2,-0.163665314605,-0.159976689502,56935.26400257668,21248.441653213336,10460309.076706015
5.711676187752687,558239.0521015953,2.0,2.0,0.2,-0.200566081229,-0.196547809903,60714.99889069002,30300.20534671335,11179888.328096941
7.351420369635757,57216.55276380213,2.0,2.0,0.2,-0.0186044123246,-0.0178274703041,11503.708132830003,2833.7679873500006,2955230.859089608
5.196032378131843,270035.18365573516,2.0,2.0,0.2,-0.0981413808161,-0.0960688286245,31637.850028116678,12281.503850363335,7163509.5320607275
3.594417282532408,202472.56737853738,2.0,2.0,0.2,-0.0773168711484,-0.0757927044866,23004.126101913334,9006.335746406667,5199712.364963358
8.462369700230697,522413.0732744636,2.0,2.0,0.2,-0.169265595116,-0.16531714112,61011.425266820006,26391.968600570006,12568686.677347096
8.295034971236323,50114.948808011264,2.0,2.0,0.2,-0.01564649449,-0.0148693834344,11222.153145983335,3731.1098414700004,6486722.361077015
7.404920002262627,126675.56553482244,2.0,2.0,0.2,-0.0420725567983,-0.0408298218577,18774.194274463334,1601.7100773233335,3565292.3562209792
3.813233666454683,451481.0025518966,2.0,2.0,0.2,-0.172698929682,-0.169530598109,48482.320761990006,24680.16376784667,8487636.185253723
6.51696066838724,30776.30938872935,2.0,2.0,0.2,-0.00992172926364,-0.00936255102176,8105.291648890001,1032.8709833000003,2470077.982627104
4.568278123990227,295521.2284285736,2.0,2.0,0.2,-0.109824991359,-0.107623225061,33587.98602188001,14263.442280586669,7042496.977884457
2.2784476232763904,265264.220807832,2.0,2.0,0.2,-0.105876936727,-0.10406868752,26955.274141600006,13326.853555723335,4962448.614345251
9.297165391429065,200640.7073932492,2.0,2.0,0.2,-0.0623348795575,-0.0604988833938,28010.41404481334,5060.283437126668,9035834.455571882
2.662958362811172,236743.38919135428,2.0,2.0,0.2,-0.0932700072067,-0.0916017621091,24972.743134473338,9830.765403201336,4919559.402365739
9.577017507476821,317964.35215813975,2.0,2.0,0.2,-0.0981033391662,-0.0954660589356,39637.60453492668,12385.035060600001,10702444.415928798
5.291049070142623,96820.41503302987,2.0,2.0,0.2,-0.0344520086815,-0.0335179611206,13925.181634270002,1299.3862389166668,5052217.842003077
3.073629895128267,343197.52697015565,2.0,2.0,0.2,-0.134073480796,-0.131681822213,36278.17723229667,17972.988764178335,6542389.412648828
6.106158052716045,483259.3975799918,2.0,2.0,0.2,-0.17100682887,-0.167464225262,53547.53139499667,25087.723421586667,6460223.26002793
8.92003960494947,456096.5578740954,2.0,2.0,0.2,-0.144959174397,-0.14142891175,54332.36962692667,21728.861298820004,12035720.720067224
7.72391153448127,92339.94281626421,2.0,2.0,0.2,-0.030091572582,-0.0290617094832,15434.017642840001,1602.5061613233336,3372183.513392399
8.355769756822323,89549.68184488434,2.0,2.0,0.2,-0.0284680136674,-0.0274248111399,15674.72997447334,1279.4878587000003,6984962.452640794
7.099658617041097,160904.620646948,2.0,2.0,0.2,-0.054273454493,-0.0528189757295,22043.64132713,4102.872391400001,4746230.19365227
7.384350798401746,216644.83580462233,2.0,2.0,0.2,-0.0725998058707,-0.0707592795977,28090.177764130003,7418.293448196669,4357934.291977412
8.718163038305214,245073.34884508955,2.0,2.0,0.2,-0.0781049485269,-0.0760012604116,31522.844857250006,8334.326757793335,9176042.070845902
3.6221780753030806,407818.3301000072,2.0,2.0,0.2,-0.156822870742,-0.153958727908,43756.44940406334,22183.75536523334,7797057.333746839
5.660112190966694,34008.259299501246,2.0,2.0,0.2,-0.0113682955322,-0.0108304720062,7774.095446366668,613.889662397,4539571.452328352
3.380280255466619,20803.62253563983,2.0,2.0,0.2,-0.00704489213418,-0.00671163118035,4570.388802417335,2138.592048120334,2844604.2668246254
9.8951780679715,235146.33776634542,2.0,2.0,0.2,-0.0713939478241,-0.0692950486034,32102.87781350667,6896.339265093335,9850769.562965298
9.524504387336213,418298.21528278827,2.0,2.0,0.2,-0.129621166211,-0.126311786927,49932.52642647334,18962.334858210004,11883627.894440997
1.8351278966323001,116061.20577388954,2.0,2.0,0.2,-0.046230744088,-0.0454015584039,11897.567360309002,4516.2583644176675,2974209.8293870925
7.497388966383352,384902.68875375105,2.0,2.0,0.2,-0.129162459926,-0.126189374677,45712.22872742001,16141.644377443337,5974023.769726505
9.36461069803316,155896.88276417967,2.0,2.0,0.2,-0.0481380564028,-0.0465991938481,23371.532049786667,2048.9573378400005,8517871.54507862
3.0348904335823352,531651.6652881098,2.0,2.0,0.2,-0.208761869063,-0.205157639593,54774.23921433001,29660.943785443345,8856797.065210095
6.32753445969735,537413.9665599699,2.0,2.0,0.2,-0.1888210721,-0.184905255642,60316.76451762335,23921.293521973337,20602929.272003535
9.281650529498355,178372.3225687959,2.0,2.0,0.2,-0.0553681453049,-0.0536832648108,25100.55999325334,3563.909216436668,8702635.76605624
1.78854081797929,137996.2523779443,2.0,2.0,0.2,-0.0552707018633,-0.0543089582597,13868.171472647002,5869.700597447001,3177497.522322636
7.42807227159814,246782.38323973876,2.0,2.0,0.2,-0.0826863653893,-0.0806421490069,31245.608651566672,9271.343829383337,5870091.4210413825
4.027466562666682,144318.95110808924,2.0,2.0,0.2,-0.0540409167261,-0.0528668090293,17599.47808319667,5123.999412800001,4783533.675638851
9.357367660700508,403430.3059750222,2.0,2.0,0.2,-0.125839384051,-0.122637824301,49290.05869943668,17984.97339717667,11656720.62854298
9.753995083905625,495638.8107289713,2.0,2.0,0.2,-0.15230596338,-0.148462215917,59388.40755573668,23728.231209453337,13083846.363506408
9.526265157464188,403855.2785467302,2.0,2.0,0.2,-0.125103054431,-0.121890007593,48474.080766096675,17899.15741715334,11712874.683621962
5.530820841588442,494610.2683496097,2.0,2.0,0.2,-0.178666980737,-0.175086374929,55128.18362064668,26282.056288083335,10199917.12660196
8.827362533409165,238195.29732448448,2.0,2.0,0.2,-0.0755592547192,-0.0734966233754,30892.90523801667,7744.593450883335,9187920.00348211
8.678669887548098,93790.18242531651,2.0,2.0,0.2,-0.0294799120389,-0.0283918929625,15986.024156200003,1459.809748776667,7255471.934588947
4.212354022567673,442770.5684385553,2.0,2.0,0.2,-0.167138184062,-0.163996504952,48149.843400400016,23668.797659136675,8627938.47575734
8.545781530280758,216284.70308493232,2.0,2.0,0.2,-0.0693082043764,-0.0674077541351,28411.61232345,6548.938618206667,8719493.634776933
1.8145648950816873,402762.4951374795,2.0,2.0,0.2,-0.163703126965,-0.161115625732,38356.341751913336,21172.584982490673,6120613.923419963
6.568293967097451,162386.3651890594,2.0,2.0,0.2,-0.0558563300795,-0.0544203334208,21750.882583963335,4484.257668146667,3618669.3042931617
3.455075116945476,48737.7808840036,2.0,2.0,0.2,-0.0178826711132,-0.0173642353881,7433.060596626336,464.0736553650001,3227350.5778362798
2.52481852910687,595549.077292658,2.0,2.0,0.2,-0.237773754824,-0.233844057736,59361.185338110015,33492.89955355533,9165793.604702614
2.1541022138482777,93720.90475835957,2.0,2.0,0.2,-0.0367643971787,-0.0360433785557,10394.076385284669,3076.3058757216677,2834481.8512752485
7.418454594964188,593052.5963780886,2.0,2.0,0.2,-0.200269883069,-0.195910437736,65949.35346088668,26467.107505576674,7907500.809380643
4.388937192028562,586367.9595398684,2.0,2.0,0.2,-0.220543862895,-0.216438918321,61878.07640698668,32653.74802357334,10611566.336864894
7.660517557994472,476290.8623448238,2.0,2.0,0.2,-0.159101861938,-0.15551129226,54280.57855895334,23662.67962244334,6843848.557112084
2.05552889679101,395653.7772491985,2.0,2.0,0.2,-0.159657229124,-0.157062916145,38673.86418462667,21213.01332362834,6316845.518595361
4.179967871560188,346684.23015065084,2.0,2.0,0.2,-0.13071874275,-0.128210058411,38324.084266230006,17769.744132760003,7420894.49674894
6.085675985190367,519660.9272267008,2.0,2.0,0.2,-0.184134484723,-0.180350757657,58325.19913081334,27806.456318236673,10979590.543887272
8.22114690113119,173663.71297169276,2.0,2.0,0.2,-0.056205564636,-0.0546075482307,24258.187349403335,4017.776878750001,7980648.310979802
4.209396274922595,280608.7274909262,2.0,2.0,0.2,-0.105474863216,-0.103397331103,31606.089852510006,13512.654480630003,6593812.096983663
6.820076699714577,371633.98161990114,2.0,2.0,0.2,-0.127870390383,-0.125027063238,43691.421319226676,17755.976537250004,7119486.837561292
9.030810860007591,246714.28552169466,2.0,2.0,0.2,-0.0776540312471,-0.0755239980483,31946.84279351668,8179.237399786668,9435397.091052992
6.734837099549589,256491.8724541608,2.0,2.0,0.2,-0.0882178628492,-0.0861467612342,31659.15179429334,10422.334674353335,4533339.794285649
3.480155535405887,198170.80050125063,2.0,2.0,0.2,-0.0759253916739,-0.0744371233506,22382.980075066665,8824.639522852003,2956277.356279829
1.7074066432305732,338539.09001072164,2.0,2.0,0.2,-0.137793034854,-0.135618855434,31944.400838956677,17541.10476102834,5269157.50166369
8.895840428157904,510344.7168090696,2.0,2.0,0.2,-0.162492883879,-0.158602894071,59961.06775773335,25050.663453043337,12681100.577401467
1.6807899922282907,120917.02680378771,2.0,2.0,0.2,-0.0484239159027,-0.0475804001283,12015.948616260002,4864.775230517001,2762518.9672398753
8.934964217815695,560659.8232520649,2.0,2.0,0.2,-0.178350396442,-0.174117672813,64145.26532767335,28583.797851666674,13416378.836801993
5.995965639231302,413452.5922489378,2.0,2.0,0.2,-0.146702595452,-0.143629225081,47184.52638963001,20962.748208313336,9566171.148764292
9.482075437359619,493963.9276080181,2.0,2.0,0.2,-0.153518332292,-0.149703580183,57691.700544586674,23816.01847703334,12844819.96148734
8.289657504076157,333714.415578007,2.0,2.0,0.2,-0.108484779934,-0.105811675801,41058.343415546675,14291.022032773335,10006349.319613932
9.982439939533368,467710.0208544381,2.0,2.0,0.2,-0.142292599162,-0.138624515664,55431.00185454668,21667.030731063336,12820214.257369187
4.481050431339536,9720.238403680325,2.0,2.0,0.2,0.0,0.0,297.75302608100003,366.9743840600001,0.0
8.021100455914578,491028.2548677211,2.0,2.0,0.2,-0.161803826507,-0.158089375388,57296.166800583356,24386.96590745001,11894595.654349742
4.916412765678558,24083.31545121991,2.0,2.0,0.2,-0.0079681342453,-0.00753352145246,6165.649363933334,3092.1270411266673,3906030.062750241
5.5789427725832255,533948.0258177175,2.0,2.0,0.2,-0.192668846611,-0.188819904277,59241.46864246001,23917.395461860007,10804093.254454056
6.8337964373561455,595177.648343186,2.0,2.0,0.2,-0.205437770019,-0.201104097317,66874.15231942003,26654.76021333334,9686689.12468749
8.926255470583879,176440.4773060667,2.0,2.0,0.2,-0.055551922408,-0.0538985096858,25163.715891903335,3711.5422162766677,8441372.293494359
9.86470948819401,126191.13377147619,2.0,2.0,0.2,-0.0380452290077,-0.0366793838429,20632.241975730005,25.50124559333335,8455468.94420895
8.030324017848404,459218.01831482444,2.0,2.0,0.2,-0.151192422477,-0.147694095705,52823.630895310016,22666.136813186666,11455561.027111266
5.051017648422337,151815.80455215194,2.0,2.0,0.2,-0.055005917551,-0.0537228554635,19368.65768152667,4915.173768843334,5605396.261126123
5.081534519355097,519337.4299033221,2.0,2.0,0.2,-0.190619728542,-0.186906174838,57136.60761055668,28132.11599842667,10196202.681461297
7.769449563505578,61705.555294486025,2.0,2.0,0.2,-0.0198199541483,-0.018991853321,12288.58280922667,2846.363635743334,3873275.008240045
3.5296057390305697,75573.11782761496,2.0,2.0,0.2,-0.0282452082832,-0.0275483156333,10191.900341200002,1217.0644723503335,3615619.9599002637
2.4390299616168547,587490.9330603693,2.0,2.0,0.2,-0.235154965047,-0.231288143702,58459.37016570667,32425.281085917344,9017317.30463046
4.514288339946601,404303.3389620028,2.0,2.0,0.2,-0.150969125345,-0.148056240224,44609.04461864001,17743.488531013336,8386046.807390146
3.941531429059695,508132.3346573717,2.0,2.0,0.2,-0.193743237541,-0.190196037401,54319.19907134001,22858.22972858667,9297896.857719248
4.018619023875916,194597.6264109108,2.0,2.0,0.2,-0.0732607794282,-0.0717588830553,22660.16260391334,8261.45184070667,5397216.825258694
3.4856658839242343,405890.24971236265,2.0,2.0,0.2,-0.156763131009,-0.153926979732,43147.49125377334,21824.27495714667,7651216.799145228
1.8577921119090761,356545.0963851583,2.0,2.0,0.2,-0.144558629092,-0.142250426477,34089.55211086001,18497.800401318003,5632292.619433999
1.6519284452340175,361890.0720737682,2.0,2.0,0.2,-0.14763496371,-0.145332598611,33801.10381796001,18918.65104945467,5507798.288748962
9.895640312756267,409519.47572263295,2.0,2.0,0.2,-0.124926649794,-0.121655006419,49377.71562647334,18018.586694633337,12099516.529401615
5.13607163675483,345215.50387745915,2.0,2.0,0.2,-0.126036720638,-0.123471779638,39255.75690601334,17142.48747603667,8095225.524362259
4.766776500857294,257437.42158159957,2.0,2.0,0.2,-0.0948914308488,-0.0929279749331,29919.86646385667,11797.527095516669,6734906.545519572
7.277001902891094,165553.6166283281,2.0,2.0,0.2,-0.0554989124616,-0.0540048601418,22677.949632910004,4284.772478610001,4860066.834514467
3.3551580468530453,461148.79854792124,2.0,2.0,0.2,-0.179044392444,-0.1758614297,48551.48223602668,25230.084143000004,8242547.027222651
9.574670063576916,135763.45800191173,2.0,2.0,0.2,-0.041476109252,-0.040060777612,21408.816722720003,601.8393865433335,8348105.9028670015
8.183932622532193,415412.5836926485,2.0,2.0,0.2,-0.135846844986,-0.132634971446,48479.454685426674,19464.970433740007,11011511.627460487
2.2599935196542056,139999.693589596,2.0,2.0,0.2,-0.0553300408602,-0.0543122651615,14918.090354453334,5804.591158556668,3460213.418545022
5.049436594171891,375198.10197267233,2.0,2.0,0.2,-0.13749504435,-0.134735144781,42291.34219233668,19033.881724820003,8409715.58536633
8.9725056142784,448246.9602774173,2.0,2.0,0.2,-0.142141925218,-0.138660769175,53652.16501908334,21194.680057060006,12011574.459879892
9.530222189476987,131228.33334392353,2.0,2.0,0.2,-0.0401406471304,-0.038758079729,20457.986884416674,544.6773681333334,8263505.944940334
5.472912845623893,35965.98051678497,2.0,2.0,0.2,-0.0121471925743,-0.0116061472352,7825.504347816666,2756.6276362900007,4435003.901470173
6.713996808291015,78584.24579650445,2.0,2.0,0.2,-0.0264513706909,-0.0255651182035,12929.80700048667,1219.9515236833338,3669084.7723328643
2.9197885417826397,363598.18036261527,2.0,2.0,0.2,-0.142810935719,-0.140301877534,38001.84372506667,19238.356273950005,6694909.935022509
9.9249333221643,509667.84373544133,2.0,2.0,0.2,-0.155530309364,-0.151582388306,59712.78490429001,24560.228014756674,13355719.349404534
3.469209461759269,26998.09274125462,2.0,2.0,0.2,-0.00943356141999,-0.00905536360831,5261.030483128001,1806.0703748096669,1460303.4537589473
9.513220080148567,440490.75542498776,2.0,2.0,0.2,-0.136609258404,-0.133150411421,53295.622574210014,20361.075486886668,12143799.417666992
7.021996516435132,204791.18757003127,2.0,2.0,0.2,-0.0695134502951,-0.0677706520945,26512.935364683337,6886.802567800001,5211420.050993336
6.665762756470302,287117.02195171354,2.0,2.0,0.2,-0.0991160521479,-0.0968452827739,34710.213079550005,11515.567427193337,4793272.15745777
5.857852343640323,557315.7299073393,2.0,2.0,0.2,-0.199195856489,-0.195173765031,62030.38226727667,24997.84564773667,11323731.71158075
3.460693399600949,199182.90284150728,2.0,2.0,0.2,-0.0763684939094,-0.0748744098903,22479.126064880005,8861.026611938667,5059599.420152989
3.0004882720468204,279202.1603636916,2.0,2.0,0.2,-0.109084488389,-0.107110719354,29832.024584543342,11866.189838562337,5704602.156623091
3.3741327770964906,8209.448856408662,2.0,2.0,0.2,0.0,0.0,223.86360705300004,293.2755184730001,0.0
3.0847252282261635,48959.232002903016,2.0,2.0,0.2,-0.0181654402505,-0.0176666660276,7111.930635172001,195.01034438300005,2971361.862845142
8.126468025317404,155154.9546808704,2.0,2.0,0.2,-0.050316290435,-0.0488464971652,22335.24093646667,2942.5558004433337,7655572.222371979
4.476064702917206,16711.344492644643,2.0,2.0,0.2,-0.00530325342568,-0.00493962727685,5053.873586314668,1076.5369574400004,3514059.445515502
1.9916627507888691,378825.1956289506,2.0,2.0,0.2,-0.153085001132,-0.150611355143,36807.89841338001,20174.204330049008,6005105.981098819
9.737372356196897,255839.01408097352,2.0,2.0,0.2,-0.0782548575737,-0.0760258511918,34086.334838430004,8325.294183576669,10038901.12338757
9.012180022189119,328887.1216368132,2.0,2.0,0.2,-0.103874698772,-0.101194313141,40304.277545706675,13511.22851035667,10491130.425360134
9.38589440715931,104788.31153779772,2.0,2.0,0.2,-0.0321042474654,-0.0309059229156,18059.274467103336,1286.9667447900003,7844000.248469723
9.9567164924947,177559.21766196968,2.0,2.0,0.2,-0.0535985646645,-0.0518834206399,26138.372362890004,3070.483848210001,9164021.091319818
2.978109618365642,398294.68491163506,2.0,2.0,0.2,-0.156286271583,-0.153547858427,41526.24358271668,21499.98525132667,7127420.308769144
4.868057160672599,579181.6341782399,2.0,2.0,0.2,-0.214327454357,-0.210233037509,61860.474769766675,26236.413885996673,10828435.679567555
7.945027043484776,30250.064161325517,2.0,2.0,0.2,-0.0092721181977,-0.00864474209305,9163.125393586668,5006.616971980001,6001705.105449607
7.416175253457234,534230.5925131596,2.0,2.0,0.2,-0.18028331985,-0.176317634475,61232.134680470015,23574.47655928334,7360198.266293625
2.808115203888768,346128.72078672505,2.0,2.0,0.2,-0.136353314499,-0.133970309866,36035.20233387,18259.38124898667,6361296.16281565
8.434581562420252,338351.7400533742,2.0,2.0,0.2,-0.109379854652,-0.106667834503,40875.82194203667,14479.879406536667,10213571.382839946
3.407744860611616,300167.1211246562,2.0,2.0,0.2,-0.115873996478,-0.113729350899,32567.315596046672,15177.527325690004,6283462.244251693
3.4024497259922963,41636.45154251003,2.0,2.0,0.2,-0.0151472164253,-0.014677746804,6670.813613047668,913.5657529403335,3098686.133790375
6.064282594594015,53926.1110416964,2.0,2.0,0.2,-0.0182980929823,-0.017608295509,10141.150449980003,2003.0389173933336,5071335.496182934
6.539989446154477,360547.20339545165,2.0,2.0,0.2,-0.125300823469,-0.122548301112,42318.74518968001,15167.920219846668,5441848.450710888
6.430732766621395,204575.14286133499,2.0,2.0,0.2,-0.0709555577334,-0.0692468580519,26024.98119996334,7531.908765746669,3960214.5213861237
2.277638117880916,550360.8399466084,2.0,2.0,0.2,-0.221249051132,-0.217645289883,54283.27794788335,30667.10185968401,8375621.492060241
8.958417332358234,243954.32241568336,2.0,2.0,0.2,-0.0770014972399,-0.0748938779031,32240.690850403334,8086.583816926669,9319254.575957939
3.7576003620040015,85968.87522158465,2.0,2.0,0.2,-0.0320470954472,-0.0312696353613,11465.622177070001,1618.502834896667,3880506.1371933604
2.6008768309038355,428831.3001012216,2.0,2.0,0.2,-0.170349130644,-0.167465752395,43546.313436856675,22823.320314483004,7269961.221545747
9.054358678886306,176012.0528646059,2.0,2.0,0.2,-0.0551314793953,-0.0534739674549,25186.86031268667,3717.232705100001,8516415.520214852
9.623037734952904,315282.1844135359,2.0,2.0,0.2,-0.0970797431057,-0.0944572103464,40290.66141072,12208.576153470001,10701824.89939429
8.82808474675633,418699.671303102,2.0,2.0,0.2,-0.133477996419,-0.130205346968,50334.78170100334,19443.738618720003,11475770.758894442
8.380886635161463,540158.4667212423,2.0,2.0,0.2,-0.175624531093,-0.171560828134,62741.16813855668,27327.603640673336,12727299.299277602
7.069556835431685,475314.7168810057,2.0,2.0,0.2,-0.162358217506,-0.158810187009,54593.732497836674,23924.668671640004,6665184.162607269
6.182287650177684,405816.64072363445,2.0,2.0,0.2,-0.143012299081,-0.139980673404,46635.25886770001,20405.49403587,5763949.77782952
2.239387459246986,407779.90943708614,2.0,2.0,0.2,-0.163687280003,-0.160991589091,40440.60550732334,21971.38785073934,6603366.607447532
4.971852311100939,567554.7864192519,2.0,2.0,0.2,-0.20924782019,-0.20521951265,61926.81448010334,31227.925719856677,10789894.677845405
4.667852394604669,177494.45849792162,2.0,2.0,0.2,-0.0653141843723,-0.0638843105663,21630.39296460667,6782.261300226667,5625427.872456802
3.7079071619627726,667.2565177124445,2.0,2.0,0.2,0.0,0.0,246.16746766200004,315.52714413100006,0.0
7.649070966352972,163172.7356389192,2.0,2.0,0.2,-0.0539310653858,-0.0524326280041,22736.882369026673,5124.239851233335,3966443.1630872595
5.714943748169552,130734.8277760464,2.0,2.0,0.2,-0.0461718492607,-0.0449914914227,17398.02837669667,3092.6249294366667,5798743.0881035095
2.1888928352150074,397100.7510683989,2.0,2.0,0.2,-0.159603303121,-0.156982772749,39177.169376556674,21326.354661237336,6438060.818385864
3.3715572165733962,380226.9598593174,2.0,2.0,0.2,-0.147294995584,-0.144636280626,40476.72465600334,20082.61278425667,7302984.24060852
7.307699491106566,356076.8296228343,2.0,2.0,0.2,-0.120267193706,-0.117501564039,42486.61507086334,14757.080940640002,15927327.620584724
2.1471123056675516,9746.065925672221,2.0,2.0,0.2,0.0,0.0,142.2060613776667,208.10173596400003,0.0
8.735258769414534,437266.8326703885,2.0,2.0,0.2,-0.139964508831,-0.136571025099,52261.550447913345,20717.89081140667,11652407.951317009
5.7087454796187815,194118.24749129493,2.0,2.0,0.2,-0.0690267181545,-0.0674274468806,24305.223381913336,7132.472258543335,6569319.08448938
5.584985907276508,399033.5934039787,2.0,2.0,0.2,-0.143618627978,-0.140666218136,45287.831141960014,20193.340286933337,9068243.208408767
6.5354661696058995,333947.057101292,2.0,2.0,0.2,-0.115998233045,-0.113422101031,39527.23236743334,15566.826929410003,5165662.426659361
8.509788210363768,205638.5552567443,2.0,2.0,0.2,-0.0659502922755,-0.0641236716612,27824.456682086675,5882.318081663335,8535915.274562877
4.456378267168641,80745.76026246465,2.0,2.0,0.2,-0.0293763733924,-0.0285940877902,11565.060139640002,2029.4422940033337,4306875.522810355
7.26313729675204,56651.33859628857,2.0,2.0,0.2,-0.0184718329529,-0.0177032458468,11363.940821850001,2564.405235863334,2913126.0118425256
6.308721693964224,498910.99986733415,2.0,2.0,0.2,-0.175310684894,-0.171648495965,56393.42517280334,25966.895870443343,6677087.6257302
3.769740296440081,551038.5252489347,2.0,2.0,0.2,-0.211420458503,-0.207606804151,58490.91305588334,31005.096071966665,9664923.223423444
8.968354884018844,389872.82805857976,2.0,2.0,0.2,-0.123523810676,-0.120435789089,47528.36961861668,17352.768295640002,11234758.882204358
8.27812118365889,62060.468916290025,2.0,2.0,0.2,-0.0195623277425,-0.0187065013714,12730.058274650002,2954.553377443334,6600413.775320116
7.096840594596617,241216.33013294442,2.0,2.0,0.2,-0.0818072010928,-0.0798179686438,30401.042641333344,9169.119098356668,4503104.109847377
8.729944697301056,437363.5200630943,2.0,2.0,0.2,-0.140026472016,-0.136634323582,51236.82714916334,20728.33608796667,11656181.887414353
8.872000708158321,467892.53040604084,2.0,2.0,0.2,-0.149023462279,-0.145418268544,55614.019935103344,22460.79826567667,12152794.867389094
7.521085302077796,70931.17337465315,2.0,2.0,0.2,-0.0231092361047,-0.0222324190182,13028.801250856668,613.6493344766668,3119334.358041076
8.614613291091212,18.431307229449523,2.0,2.0,0.2,0.000698377324929,0.00115690147525,6523.132632256668,7463.287773246669,6074080.230870909
7.428507424188911,427282.227528363,2.0,2.0,0.2,-0.143879346353,-0.140629868066,49965.13797704668,20864.112277556673,8008171.261725309
7.281196559962553,213957.70559172338,2.0,2.0,0.2,-0.0719650313639,-0.0701477068994,27137.692909260004,7734.551798393335,11606880.280190233
6.758196714829067,152688.79897095615,2.0,2.0,0.2,-0.0521085495317,-0.0507266235133,20460.699713713333,4879.405345983334,3595219.6494110334
7.898091436239951,7738.481873715264,2.0,2.0,0.2,-0.00181930364625,-0.00134440426245,6608.495465303335,2630.8492698033338,5739862.818866211
2.8481433949911263,324179.6440568998,2.0,2.0,0.2,-0.127464229419,-0.125218386493,33903.69754423001,16901.159042376672,6109975.547472572
8.987401453190891,510690.4412555891,2.0,2.0,0.2,-0.162007170471,-0.158107012344,60170.998664140025,25058.262747836674,12774255.824793912
8.910669985834472,574578.9877635527,2.0,2.0,0.2,-0.182989803242,-0.178663998182,65471.64329722334,29518.034794176667,13555917.02535924
1.7486019057937527,339446.97036797355,2.0,2.0,0.2,-0.137998937284,-0.13581166004,32245.301760096674,17708.230827243668,5307485.443213151
8.519442379800482,308676.7966439365,2.0,2.0,0.2,-0.0993737872959,-0.096857881134,38606.65511463668,12505.266354600002,9867099.059840977
2.595393873524284,51033.83129354466,2.0,2.0,0.2,-0.0192503973133,-0.0187679579845,6831.406364464335,298.97668498900003,2669044.749471172
4.348510261202707,329323.68092555983,2.0,2.0,0.2,-0.12342400298,-0.121015812413,36794.360993373346,16615.177693763337,7293801.3437944455
7.8198201784786665,227987.44737923678,2.0,2.0,0.2,-0.0751932486594,-0.0732537713206,29630.136980020005,7820.733711410002,6791058.47609182
2.8664591164106197,364281.1685301462,2.0,2.0,0.2,-0.14331641256,-0.140810847213,37912.656600696675,19291.929828037006,6652669.804518849
8.45271970501203,233235.80872592801,2.0,2.0,0.2,-0.0750783308141,-0.0730695078618,30656.58450186334,7742.7096032066665,8868552.468059067
8.573140512640807,144179.47407022005,2.0,2.0,0.2,-0.0458974572812,-0.0444781227526,21045.554149160005,1847.011595236667,7826323.592265243
5.813475736967108,56979.1651370259,2.0,2.0,0.2,-0.0195492693186,-0.0188520648442,10272.629030336668,1600.512986686667,4915626.559245581
1.5542799095930855,188951.06675333745,2.0,2.0,0.2,-0.0766494939609,-0.0754100609023,17874.573688896668,8845.798033761,3398965.6619016174
3.9398241319867586,57986.900572651364,2.0,2.0,0.2,-0.0211594974083,-0.0205544112155,8803.712607973333,207.22660740300003,3667493.8845624416
6.743878806193809,106138.17049439036,2.0,2.0,0.2,-0.0359812711867,-0.0349099098881,16086.645159493333,2588.3950354033336,3915174.1694914885
9.8400825132331,592401.6951477276,2.0,2.0,0.2,-0.181611316516,-0.177110486841,69566.93294386668,29945.217356250007,14386014.732762242
6.870414979641681,266462.1341439712,2.0,2.0,0.2,-0.0912282445266,-0.0890836276314,32798.82618602001,10437.777537883334,5842503.756593121
3.7083304390453584,319123.0599030099,2.0,2.0,0.2,-0.122093514207,-0.119799887974,34920.980248276675,16284.802198753336,6745824.826544059
6.889048476346696,524171.11724232923,2.0,2.0,0.2,-0.18038755593,-0.176523038605,59610.39311507335,23115.067536280007,7098071.537346201
6.089875727584771,597341.3402944127,2.0,2.0,0.2,-0.211842003096,-0.207541029277,66323.55731009667,32853.18028251334,7549051.738213301
8.12868585878472,349628.6696068089,2.0,2.0,0.2,-0.114422220867,-0.11165221386,41677.57402659335,15334.402714990001,10212455.992550708
2.4093354300291465,487484.292626503,2.0,2.0,0.2,-0.19499831733,-0.191770168421,48658.42687376001,26407.085098220337,7806167.832074282
7.968737171267238,196164.61460200517,2.0,2.0,0.2,-0.0642138762536,-0.0624772991021,26466.27155168334,5651.318170953335,8098099.365458725
6.100765918746937,183446.37446837465,2.0,2.0,0.2,-0.0642838538073,-0.0627340999081,23062.89088930667,6157.272532266667,6672387.919569867
9.685432032801454,241622.2325967361,2.0,2.0,0.2,-0.0740230775121,-0.0718918849961,31943.664533213338,7453.0122992333345,9797163.538271256
4.405913411328832,403504.3576041895,2.0,2.0,0.2,-0.151217815048,-0.14831733233,44396.69339815001,21103.039510656676,8303566.202884289
6.877286091638559,409315.01355305925,2.0,2.0,0.2,-0.140652795759,-0.137554545674,46709.87516914667,20104.268633440002,6003099.06650087
9.422238896835148,189143.66078967048,2.0,2.0,0.2,-0.058421063352,-0.0566557522794,26907.306975796673,4160.940418953333,8962348.19467388
2.3713326879207735,79925.95448197721,2.0,2.0,0.2,-0.0309861800729,-0.0303359067419,9331.96180586,2131.087742652,2821943.209113142
9.466442141509834,379437.75387930515,2.0,2.0,0.2,-0.117770810542,-0.11472395663,45965.463617433335,16423.478670926666,11329515.477375336
7.347028639556913,76995.51731325871,2.0,2.0,0.2,-0.0253123458522,-0.0244043614308,13553.13669312667,1559.142063576667,3116324.398143343
2.076615002393961,347095.504937598,2.0,2.0,0.2,-0.139788280151,-0.13749613496,34136.996293513344,18303.089049925336,5719988.23027228
4.058190319047938,416053.2768337854,2.0,2.0,0.2,-0.157764035953,-0.154809813888,45144.99725788334,22046.546621500005,8212410.862287504
7.519462753484893,420366.897836671,2.0,2.0,0.2,-0.141045071594,-0.137836739065,48382.18844017668,20195.191825013335,6274872.162814441
2.0724801124845595,452083.266395758,2.0,2.0,0.2,-0.182543277893,-0.179599139247,44015.70835789334,24352.639995367674,7006788.935439896
6.448448911498323,523715.6529393987,2.0,2.0,0.2,-0.18316826878,-0.179334534749,59100.86917682335,23252.714526643336,6947844.547938288
4.440005984100132,299975.39517887303,2.0,2.0,0.2,-0.111975867196,-0.10975338283,33850.06885989668,12682.846537916668,7023288.702469863
6.777781901023555,438149.5137177427,2.0,2.0,0.2,-0.151198062929,-0.147915026463,50518.660174300014,18927.997215733336,7905239.097587998
1.8888072874063593,371503.641219502,2.0,2.0,0.2,-0.150550537654,-0.148145828327,35633.62000175667,19460.18135608667,6106430.700878277
8.908062852295199,111983.96387860953,2.0,2.0,0.2,-0.0350192368219,-0.0337973633795,18400.189803620004,246.1241140733334,7621721.034311809
9.774656238007873,15413.786921644902,2.0,2.0,0.2,-0.00410258569531,-0.00348429895171,8786.128575226669,7345.49068899,7005628.789763086
9.735461769928378,170724.83140616026,2.0,2.0,0.2,-0.0519861753378,-0.0503282550876,25227.711420010004,2758.3556810600003,8905831.04728002
7.87204056981486,265820.22380257165,2.0,2.0,0.2,-0.0876396650414,-0.0854435178502,33607.43982084335,10164.20724520667,7259091.122748367
2.605733041110372,370263.56665719376,2.0,2.0,0.2,-0.146858266955,-0.144348685003,37847.82462158001,19651.52803727167,6496839.333241848
7.945237165396692,509975.59830192325,2.0,2.0,0.2,-0.168586931101,-0.16475259021,59105.99427450334,22238.68317855334,7160981.721084868
1.7089887898998128,117747.43002369939,2.0,2.0,0.2,-0.0470851817054,-0.0462576072,11808.83771372267,4670.855114985002,2869359.547311176
1.6880501879964767,75329.87393908626,2.0,2.0,0.2,-0.0297032096676,-0.0291337942605,7958.573443385002,2208.8771998500006,2262562.595328531
4.250686862771101,578087.9684845965,2.0,2.0,0.2,-0.218407842181,-0.214371367948,62063.00546791667,32139.984141033343,10404100.879115313
5.653467118439659,64826.73562584427,2.0,2.0,0.2,-0.022486185532,-0.0217449749901,10700.157910703336,1081.564000836667,4891382.744040356
8.048463051366241,287094.6420643135,2.0,2.0,0.2,-0.0940853921706,-0.0917388365229,35278.99220571667,11430.025036223336,9287110.951696469
7.308010701155294,351338.2372759811,2.0,2.0,0.2,-0.118652423027,-0.115917612539,41981.565104323345,14514.86968287,15765115.079195883
5.2901730042023605,324824.65254446294,2.0,2.0,0.2,-0.117895219099,-0.115453454872,37390.03277632334,15751.600235033337,7903724.347431527
3.8258266633941598,51619.29421976592,2.0,2.0,0.2,-0.0187901387926,-0.0182324505335,8062.383554826668,598.3744086800001,2406494.688054406
9.975558251340544,34216.14840217162,2.0,2.0,0.2,-0.0098076044702,-0.00905283600218,11142.410216943334,5954.143173843335,7364489.883049281
5.12254106900577,63290.0564766214,2.0,2.0,0.2,-0.0223239606994,-0.0216207756566,10345.727512523335,704.0162540656669,4507933.349819751
5.336789706802241,351352.6103235675,2.0,2.0,0.2,-0.127412253495,-0.124792104411,40147.33051785001,17351.182388023335,8303654.28295629
2.890802480129188,326606.93258059263,2.0,2.0,0.2,-0.128259821338,-0.125993036692,34220.58870212334,17052.893487889003,6209092.228304954
8.2558811643744,140244.47522204655,2.0,2.0,0.2,-0.0451805348438,-0.0438035740273,20847.32967703667,2007.2232469400003,7540211.152463315
7.396298919142653,382664.48510735494,2.0,2.0,0.2,-0.128898089427,-0.125948687776,45355.19192213001,17981.58789147,5897366.732575867
3.3765417087044636,492040.5012333896,2.0,2.0,0.2,-0.191008886311,-0.187621426374,51650.009593513336,27133.397232310002,8654616.121388411
2.200238887734663,24947.37590795626,2.0,2.0,0.2,-0.00892463475703,-0.008629962585,3925.005217393334,975.1684883583334,2070023.5876858819
7.284244067635061,298877.96612882544,2.0,2.0,0.2,-0.10087805523,-0.0984930014345,36574.454879346675,12626.166859963336,7072104.439932807
7.063345321389649,413586.2472616142,2.0,2.0,0.2,-0.141156679455,-0.138018965675,47276.521666800014,20051.84228944667,6070966.553072871
3.822705979484779,151387.15624181225,2.0,2.0,0.2,-0.057115046578,-0.0559070965087,18134.10182569667,5682.447547980001,3907835.6853193776
9.582340279128488,184662.54317588947,2.0,2.0,0.2,-0.0566467536085,-0.0549032435729,26004.211333040003,3739.8478592933334,9008848.712700468
2.783992080137652,368182.7417936303,2.0,2.0,0.2,-0.145231933358,-0.14271284878,38114.487679853344,19251.973687230337,6684958.342691802
5.174845808862116,538761.1760662422,2.0,2.0,0.2,-0.197170683322,-0.193320325873,59280.17004644001,29225.681776490004,10545532.358482182
9.52073532142459,485954.6521817396,2.0,2.0,0.2,-0.150770309457,-0.147004495187,56931.83244021335,23376.20814354334,12807697.748748425
5.06768219387204,349878.1314597501,2.0,2.0,0.2,-0.128053785813,-0.12546190774,39639.40053456001,17377.419954776673,8095998.747763673
6.927470555144727,438133.03065434954,2.0,2.0,0.2,-0.150357379914,-0.147063233262,49635.495372513346,21963.449415693336,7821080.256341951
4.879552382683752,218893.4821246792,2.0,2.0,0.2,-0.0802182973154,-0.0785017997221,26049.401503526675,9285.66641595667,6277049.708173104
3.8308292199636953,384579.3168592546,2.0,2.0,0.2,-0.146816450159,-0.14408498597,41729.083184263334,20357.719587810003,7514533.439133426
9.86381000765854,279708.95467653417,2.0,2.0,0.2,-0.085175635227,-0.0827793031281,35994.42643496667,9753.557816516668,10400923.813091073
4.979339053677865,113961.68187453655,2.0,2.0,0.2,-0.0411482172903,-0.0401182341375,15414.30523552667,2569.0351678900006,5037447.895543452
9.099843231272644,421042.9643263543,2.0,2.0,0.2,-0.132771509053,-0.129466589842,50898.859651526676,19278.725124633336,11702192.343980711
3.4546141500742324,333878.7824092932,2.0,2.0,0.2,-0.128842085111,-0.126474274703,35958.74437433,14488.68468477334,6713516.785565425
3.311389984213208,215172.94917215483,2.0,2.0,0.2,-0.0829777632603,-0.0813920811356,23926.46988273667,9921.436104809336,5143933.754551249
1.7646397045183466,546803.5140471784,2.0,2.0,0.2,-0.22317498112,-0.219720938394,51163.55392973667,23774.958102988006,7831724.915034349
7.039168015695023,12560.47069603996,2.0,2.0,0.2,-0.00350456480378,-0.00303994435559,6634.410073750001,5414.589296983334,2931593.445595997
4.63247392165197,189463.8907496976,2.0,2.0,0.2,-0.0698722197357,-0.0683652930869,22825.86136634667,7562.565232440003,5750632.718065643
8.847045123636914,34128.83866658794,2.0,2.0,0.2,-0.0102134607511,-0.0095153862772,10260.378740333335,5138.094133446668,6628438.987866104
5.522284206878236,459916.3897329763,2.0,2.0,0.2,-0.166088440886,-0.162736541598,51548.63556754001,24098.79645527001,9779212.671322618
9.729644137275134,421264.4724682756,2.0,2.0,0.2,-0.129433216485,-0.126092241127,50441.90031006001,18954.952833616673,12136376.874723595
3.07696688347653,198811.33124179023,2.0,2.0,0.2,-0.0771441457733,-0.0756815100263,21940.42654407334,9036.187470660334,4780033.7046419075
8.883296927622691,405397.74132424383,2.0,2.0,0.2,-0.128923822428,-0.125735809759,49135.19779759668,18438.281993620007,11301055.967356367
8.101073248729804,237562.33571756992,2.0,2.0,0.2,-0.077543621751,-0.0755234416064,30876.839627170004,8274.525945853335,8672028.781078942
8.052835679474441,453752.2748534606,2.0,2.0,0.2,-0.149247445975,-0.145782222767,53413.00223702334,22028.68136430334,11424664.313301342
8.680657438993546,272510.1976420236,2.0,2.0,0.2,-0.0870735684997,-0.0847900966357,34939.43787355668,10077.022054260002,9521839.235086506
7.96870392301549,247367.83669899934,2.0,2.0,0.2,-0.0811926805146,-0.0791148934715,31124.53044912334,9182.549241630002,8768056.608732797
6.8228727338670305,560837.9492929806,2.0,2.0,0.2,-0.193577559007,-0.189471437801,63339.95526547002,29953.917161730005,21750948.875695843
2.6155814603002945,150527.45993442013,2.0,2.0,0.2,-0.0589546277953,-0.0578385209357,16523.42868846334,6298.9365472340005,3853396.9363355474
1.7764725256756413,72268.40399793925,2.0,2.0,0.2,-0.0283774892404,-0.0278203690969,7787.210826132002,2013.166359410667,2304214.9558915757
9.327206706433337,350725.8679556749,2.0,2.0,0.2,-0.109417390604,-0.106574172362,42840.04085896334,14642.014368553338,10917786.483554754
6.7415276734262735,581593.0873705073,2.0,2.0,0.2,-0.201402662577,-0.197160238514,65401.221616380004,26037.256584926672,9491271.774708237
8.270566973297498,226703.52823631198,2.0,2.0,0.2,-0.0734757676351,-0.0715191209327,29887.30470672667,7460.472262863334,8691705.803996727
5.592939987856676,37222.05817726891,2.0,2.0,0.2,-0.0125545775748,-0.0119989383195,8051.528426340002,2753.099139776667,4518767.438979832
2.497119606180353,203583.16038574046,2.0,2.0,0.2,-0.0804363394164,-0.0789960076804,21428.59393602334,9451.864392883335,4426161.636741327
2.564079233721679,303558.9925917351,2.0,2.0,0.2,-0.120309872237,-0.118225988075,31270.065498293337,12976.917350686337,5663818.565858108
7.327304941446257,97153.80397932822,2.0,2.0,0.2,-0.0321726847854,-0.0311310112415,15604.80178024,255.21931549533338,3283808.8833999974
5.1576001066454324,394861.33083389525,2.0,2.0,0.2,-0.144230049505,-0.14133401048,44427.20619137334,20188.662648500005,8670415.72161891
3.2044601769528622,598649.6334061204,2.0,2.0,0.2,-0.234038990944,-0.229982575428,61981.411341146675,33848.75558586001,9818826.817895824
5.678553647302214,271043.6855888663,2.0,2.0,0.2,-0.0968745509547,-0.0947669191324,32211.26605875668,12069.674062723336,7531712.304277765
2.04577596513864,212837.13403812758,2.0,2.0,0.2,-0.0852865972578,-0.0838339498773,21414.662120986668,10261.880663240001,4127206.7977305264
6.446756916272389,240422.50010068,2.0,2.0,0.2,-0.0835005296204,-0.0815532269233,29730.19208612001,9281.044424533335,4294776.545214865
3.7864439376983303,69087.70703712068,2.0,2.0,0.2,-0.0255276191141,-0.0248587149288,9771.793858636667,588.2072075703336,3695246.576334337
8.2792523554161,529964.1608557343,2.0,2.0,0.2,-0.172974295847,-0.168987307312,60302.97742696002,27009.78956948334,12495198.331088834
4.138076650850377,248895.39331281118,2.0,2.0,0.2,-0.0936428110012,-0.0917761393469,28369.68897842667,11653.860218153335,6176371.911315746
5.36937126719531,232364.6468549048,2.0,2.0,0.2,-0.0838017732323,-0.0819695165076,27906.254856030006,9772.317741490002,6786243.974968718
1.5987745892188554,395814.1637582846,2.0,2.0,0.2,-0.161870363731,-0.159368156049,36811.76462740001,20833.648675664004,5783033.838114087
2.1157985462537505,265220.0525586741,2.0,2.0,0.2,-0.106369380793,-0.104582147151,26519.419323816674,13390.70557371567,4808882.499131848
4.836195229456822,388940.08128470764,2.0,2.0,0.2,-0.143615512062,-0.140782014772,43390.642895703335,19811.259773233338,8390002.401031755
5.579480095095549,36867.7740784725,2.0,2.0,0.2,-0.0124318468287,-0.0118792904678,8009.237896073334,2699.270990523334,4496740.109469717
6.6001746590140815,488234.00623333646,2.0,2.0,0.2,-0.169727034264,-0.166121741276,55529.49349009334,21445.900647766674,6676395.954401513
3.9791319190290775,564302.3717276416,2.0,2.0,0.2,-0.215073972372,-0.211152869156,60102.159715276684,31568.491590966674,10023532.861882417
7.407346032075612,389259.2316956316,2.0,2.0,0.2,-0.131083773277,-0.128088610578,46064.11947047667,18287.786693176673,7515695.392027432
8.811040376108238,572739.5573152865,2.0,2.0,0.2,-0.183130196642,-0.178820664692,65252.83448190668,29323.34859657001,13470576.203084504
8.128733405593472,90859.38862197798,2.0,2.0,0.2,-0.0291479181558,-0.0281074321345,15580.395355030005,1041.4221682133336,6898101.729370385
1.8367600154610357,286449.7136882122,2.0,2.0,0.2,-0.115941231412,-0.114066159748,27591.47823563334,14489.83856364067,4833351.256011387
5.584309051691546,361084.0403672684,2.0,2.0,0.2,-0.129849544486,-0.127149747016,41404.42439676668,17804.343571020003,8547721.141484492
2.3919065165544864,349041.988452712,2.0,2.0,0.2,-0.139265398795,-0.1369127329,35298.403843010004,18191.216927365673,6047133.121760506
3.5573826348314834,240877.06745342593,2.0,2.0,0.2,-0.0923072399154,-0.0905369202666,26798.14981084001,11447.93542258667,5676211.84494606
9.886632042770746,202850.64561975683,2.0,2.0,0.2,-0.0615125761703,-0.059630891747,28750.092527493336,4707.149087000001,9405641.707367726
2.7112121146628625,76094.41353025129,2.0,2.0,0.2,-0.0291573462417,-0.0285082378862,9389.346723905002,1707.884523479667,3046680.888118719
5.740549304336526,235045.47033736692,2.0,2.0,0.2,-0.0836926784028,-0.0818194962032,28554.00359776334,9734.393176653337,7113382.836265159
6.754323741704012,97596.48906329108,2.0,2.0,0.2,-0.0330050582038,-0.0319901684039,15191.354184620002,2051.3865592866673,3099097.488607484
7.470952249624884,440619.40589533106,2.0,2.0,0.2,-0.148167940893,-0.144824133248,51518.15788628667,18913.890591393338,6474081.595655133
6.25701380963877,125298.56129675398,2.0,2.0,0.2,-0.0433790392501,-0.042206003683,17683.02318858667,2399.93038957,3199307.6841807663
1.5830522030630612,35139.18317072031,2.0,2.0,0.2,-0.0132486988665,-0.012930782825,4191.927663149001,63.593603768000015,1740113.7060725314
4.274921120073931,331419.68269034056,2.0,2.0,0.2,-0.124518843229,-0.12210134876,36930.763129013336,14231.138736273339,7318263.7339172475
5.900548968770047,357137.83963164093,2.0,2.0,0.2,-0.126990843554,-0.12429857357,41303.71977417335,17269.41168504667,8786603.670025796
2.246865242731084,523147.8367683033,2.0,2.0,0.2,-0.210408219057,-0.20698252291,51578.46890856334,28961.843019102005,8032893.226304089
4.480328915278037,346188.96745060914,2.0,2.0,0.2,-0.129237947863,-0.126707713551,38665.35669500001,17502.730076750006,7609292.1392167695
1.7822264247266157,207288.51223406743,2.0,2.0,0.2,-0.083666754775,-0.0822825957559,20214.21885955001,9814.130539957001,3851838.613501065
2.167917225817676,481807.12891579233,2.0,2.0,0.2,-0.194105544481,-0.190959973111,47054.564547616676,25953.020995274343,7459415.610275499
4.8738478477135665,324167.33591245266,2.0,2.0,0.2,-0.119345012164,-0.11693496512,36884.28250658334,13795.039483413335,7587579.672330962
2.628083909366013,47568.170778715044,2.0,2.0,0.2,-0.0178506783082,-0.0173877618068,6536.670099497335,4.842072538666641,2631055.675613304
6.324097210223244,339510.336187948,2.0,2.0,0.2,-0.118853733285,-0.116253569639,39844.433595186674,15870.827514940005,5186933.754392667
7.360452237666759,544811.1272529975,2.0,2.0,0.2,-0.184266922297,-0.180236899236,62215.984300496675,24075.789216373338,7436079.075179991
8.304986942427204,237787.57529893232,2.0,2.0,0.2,-0.0770026348633,-0.0749705228415,31087.861321053337,8113.171065756668,8808793.271284569
3.2012770760808857,177795.48113988005,2.0,2.0,0.2,-0.0686033898964,-0.0672671578618,20011.67410298334,7702.012228579001,4607884.463955708
2.923601949202093,86081.67421081204,2.0,2.0,0.2,-0.0329220858487,-0.0321953025894,10598.340119373,2225.6179711483337,3308424.3138758484
2.3888266428424023,90867.31316121439,2.0,2.0,0.2,-0.0353681006593,-0.0346467977991,10427.27174525567,2795.3932085960005,2964939.590831441
6.909657121120912,259662.89060509132,2.0,2.0,0.2,-0.0887488989742,-0.0866466420246,32158.486767673337,10081.180682490001,5837438.276608833
7.50504367513866,357407.8944969177,2.0,2.0,0.2,-0.119827290934,-0.117038578057,42876.458693483335,16246.487310346669,5691351.743408177
1.7684822310179573,48369.24310176105,2.0,2.0,0.2,-0.0186020717468,-0.0181902371936,5618.603390713335,597.754451765,2028360.651799469
9.457804093071363,563741.1534150995,2.0,2.0,0.2,-0.175543848221,-0.171258685055,64850.72921184335,28163.48092005334,13727746.812545361
1.9417559110375155,453080.17046711757,2.0,2.0,0.2,-0.183662828372,-0.180735395718,43574.434964703345,24509.853336230008,7147123.148511244
6.1010188500590985,351974.3509701976,2.0,2.0,0.2,-0.124249823955,-0.12158170267,40149.82015248001,16937.77312137334,8861416.75557474
7.52701441533279,497063.2025633945,2.0,2.0,0.2,-0.166945782877,-0.163222563619,57402.440346403346,25100.701545273343,8901074.74571277
8.903237551841727,48112.05408726798,2.0,2.0,0.2,-0.0146508332623,-0.0138563345009,11770.449894470003,4460.534317353335,6864281.630869973
7.5697389231256365,286103.3266398746,2.0,2.0,0.2,-0.0954925660986,-0.0931771259408,35460.24153538001,11744.288971930002,5060614.050501573
8.31468870609323,378055.876116998,2.0,2.0,0.2,-0.122906484633,-0.119934587645,45709.232864260004,17165.418288900004,10587178.930640792
4.3853266366138515,497191.7436709735,2.0,2.0,0.2,-0.186782209095,-0.183267286961,53918.438702000014,22292.999453093336,9485837.73321636
8.426013466845355,470081.7360295606,2.0,2.0,0.2,-0.152413963996,-0.148818162521,54366.47571827667,22941.952467570005,11884093.027747048
2.1809761942697388,166241.54982803977,2.0,2.0,0.2,-0.0660783139398,-0.0649038978549,17286.667584963336,7333.558808527335,3712136.393452673
9.105941576514486,564528.1017355226,2.0,2.0,0.2,-0.178352039056,-0.174079131363,64734.56246652335,28629.847817400005,13493405.348330356
6.154535197306758,74607.50485852221,2.0,2.0,0.2,-0.0255687854681,-0.0247372649071,12349.698617080003,674.1404618036668,2721694.1136306333
8.447031044681196,525080.1711726913,2.0,2.0,0.2,-0.170243415776,-0.166279404417,61192.14275547668,26407.787413403345,12631801.130560892
5.344705418405551,582564.1497627711,2.0,2.0,0.2,-0.212079040922,-0.207924432603,63991.36668069334,32221.156777703338,11260527.45560644
6.970410409170462,106292.11393357534,2.0,2.0,0.2,-0.0357403586686,-0.0346565141469,16251.61671875667,641.3117564366668,4051272.29799075
5.974422617956963,433239.6385222712,2.0,2.0,0.2,-0.15390220664,-0.150699192794,48297.078374476674,22139.56152373667,9775985.93156946
7.718510934920321,24171.31126679908,2.0,2.0,0.2,-0.00731558830039,-0.00674005112796,8357.529673066667,5163.6535747100015,2794674.2761501176
2.1938548472600115,243253.69508349296,2.0,2.0,0.2,-0.0972249599669,-0.0955668937805,24620.536893063338,12042.153481086338,4636929.112785033
2.0129927139197923,309769.9795186044,2.0,2.0,0.2,-0.124842769499,-0.122792737756,30367.525327910003,13148.585482549002,5227205.06283722
3.6003774890862448,348387.1355457805,2.0,2.0,0.2,-0.133867288567,-0.131393031905,37644.08782175334,18137.180861640005,7065637.189937569
2.856129780962101,561562.3489491357,2.0,2.0,0.2,-0.221840146345,-0.218068581923,57323.31558799668,31013.523380463335,9123867.279108863
8.910160316033714,403350.4123765168,2.0,2.0,0.2,-0.128128109587,-0.12495287527,48885.035721160006,18246.89154596334,11352482.482283236
3.3633188925433766,288766.7707315422,2.0,2.0,0.2,-0.111585769536,-0.109520107356,31289.655324920008,12519.788271053338,6115890.983137361
9.794854674462616,485805.0217595336,2.0,2.0,0.2,-0.149010726379,-0.145232632983,58276.06151502335,22976.158713066674,12972219.123699432
4.363614230054408,570319.6925726454,2.0,2.0,0.2,-0.214642850864,-0.210644731796,61476.75994109001,31607.256160546673,10376796.749794725
3.048002283353944,13239.689209374506,2.0,2.0,0.2,0.0,0.0,202.23790177500004,271.56010673733334,0.0
8.212437310711072,589512.7633536232,2.0,2.0,0.2,-0.193068289318,-0.188682071101,67751.13060732336,30957.149025616673,13204648.217258763
7.099016091757447,51679.2834382082,2.0,2.0,0.2,-0.0168798648605,-0.0161524134786,10730.815604290003,2742.393925760001,2824481.4824404274
5.734663589851682,488632.0675612568,2.0,2.0,0.2,-0.175232323912,-0.171675452977,53671.56118951334,25763.166487576673,10295030.837295659
6.2205901829698655,168200.8515308475,2.0,2.0,0.2,-0.058611973725,-0.057156391939,22031.47739569334,5785.4758936766675,3580006.28100573
7.613215115314243,79307.79465232305,2.0,2.0,0.2,-0.0258422636744,-0.0249048550168,14003.195676880003,1601.7981058700004,3224650.4384114724
3.441865301316039,263913.3838283009,2.0,2.0,0.2,-0.101623522181,-0.0997114279706,28973.41644145001,12916.93057122667,3544351.8169757403
9.968838286482306,386373.9476685681,2.0,2.0,0.2,-0.117450815912,-0.11433174821,47017.80408273001,16497.21518764,11850795.749835849
9.785741878247656,228571.10701408502,2.0,2.0,0.2,-0.0696941127859,-0.0676456648977,31294.26209036334,6550.436120073336,9660027.451824542
7.027768333948964,32739.244969619373,2.0,2.0,0.2,-0.0104262346545,-0.00982801813878,8503.169389660003,4170.071690243334,3129181.4729812695
3.196110832897734,359676.68379522994,2.0,2.0,0.2,-0.140036979033,-0.137526265663,38135.48634774001,18975.409297380003,6855943.035039707
7.281940060665976,541441.9656664048,2.0,2.0,0.2,-0.183656963334,-0.179653571886,60565.47228649667,27990.484263606675,7345719.686727564
2.113686476322995,229929.21956835102,2.0,2.0,0.2,-0.0920521468204,-0.0904843453867,23189.775456540006,11286.37783959767,4391252.96174735
1.7605462687493516,129799.66657849622,2.0,2.0,0.2,-0.0519555449574,-0.0510475491444,13077.613578132337,5378.805778074001,3061183.706392228
3.6903045523453164,265546.40755968925,2.0,2.0,0.2,-0.101448318694,-0.0995070490686,29430.860530793336,12932.752165873337,6023366.4751733905
5.432295132284189,29017.62662926852,2.0,2.0,0.2,-0.00963824782315,-0.00914502865481,7078.348330786667,2989.5641379800004,4321653.326562348
8.880316295971234,492292.5506881649,2.0,2.0,0.2,-0.156799939533,-0.153029785813,58168.49073537667,24161.73725764334,12496024.468461104
7.680937093013618,495804.48657011206,2.0,2.0,0.2,-0.165542979474,-0.161820495279,56284.620021010014,25131.002471780008,10477200.56480582
7.813005430199839,352800.27805777703,2.0,2.0,0.2,-0.116885143942,-0.114111161526,42660.07865442335,15871.057801540002,8796526.208708383
5.116693342808641,211861.73336303368,2.0,2.0,0.2,-0.0769832835159,-0.0753007627271,25575.230717133338,8241.729858440001,6398030.660273385
4.440447436649185,479870.01866747,2.0,2.0,0.2,-0.179892801907,-0.176485233428,52285.92794351,26120.58045242334,9261980.654652363
4.653829485369123,332812.2148730203,2.0,2.0,0.2,-0.123471338651,-0.121019860404,37524.690849263345,16548.859133570004,7581938.762131119
9.89502129175649,495559.38513000973,2.0,2.0,0.2,-0.151385798323,-0.147534843403,59425.548866050005,23731.597173880004,13224096.256079277
1.840928127006101,378875.27554981236,2.0,2.0,0.2,-0.153783561324,-0.151342035432,36106.79690293667,19755.040056211335,5899934.099256805
8.869767717040812,470643.28392767836,2.0,2.0,0.2,-0.149919444106,-0.146296053498,55804.017520520014,22569.252235593336,12147743.569956815
6.418740972865344,359137.79593065596,2.0,2.0,0.2,-0.12536488684,-0.122628485694,41152.893942303344,15151.232882030003,5387761.869449464
5.228231063111519,248484.64092939973,2.0,2.0,0.2,-0.090126372334,-0.0881938996483,28855.111397623336,10803.72152163667,6924317.381988955
7.6646901135286605,574767.5159556825,2.0,2.0,0.2,-0.192236564352,-0.187987593216,64357.51556158001,25419.15697748667,11701601.772057988
5.6366860021099745,324668.2949273068,2.0,2.0,0.2,-0.116424051407,-0.113963460042,37691.527850750004,13632.80047010667,8190382.423253347
8.924097523694115,363053.711124323,2.0,2.0,0.2,-0.115165532435,-0.112261517141,44682.88814217333,15788.393449353332,10791459.635611352
9.155965844095697,132292.58364884954,2.0,2.0,0.2,-0.041089255616,-0.0397190028811,20753.271386013337,862.9047520633335,8036467.852482763
5.084627878424371,375390.4736563659,2.0,2.0,0.2,-0.137399753917,-0.134639822796,42315.33576303334,18982.52437773667,8415110.399216395
3.8530362764979382,342964.5896897663,2.0,2.0,0.2,-0.130692187441,-0.128232026549,37528.866789536674,17636.684829723334,6859396.803327961
6.534977793043579,110903.03876821497,2.0,2.0,0.2,-0.0379166651353,-0.0368252131228,16382.321256650002,2891.1716823500005,3153928.143839229
9.255088437741874,35752.25841188623,2.0,2.0,0.2,-0.0105674175529,-0.00983869386322,10755.416586263336,5636.282988320002,6924416.134114406
3.290628606548166,362615.59182886267,2.0,2.0,0.2,-0.140769362141,-0.138231964612,38543.71927861668,19021.742055113336,6974640.806119565
6.795215960289603,458215.36161019234,2.0,2.0,0.2,-0.158077211746,-0.154657797578,52668.86503390668,19913.322789533337,8131964.762056905
6.868261870786425,314040.82255320495,2.0,2.0,0.2,-0.107700747644,-0.105239971761,37722.21990661668,12774.100881010001,5105568.057046654
7.731460690529889,136063.57519178741,2.0,2.0,0.2,-0.0446979949918,-0.0433757214449,20011.498687803334,3764.909763340001,3740887.2709192256
2.6183253235817086,399913.18601582095,2.0,2.0,0.2,-0.158678442658,-0.155974707705,40769.91885294334,21601.99705347367,6878445.24043949
7.584512199797753,48063.435965761346,2.0,2.0,0.2,-0.0153730247918,-0.0146454199276,10735.327631270002,537.9651138356668,2949231.897183159
9.226776425657949,265100.2228811728,2.0,2.0,0.2,-0.0828406144135,-0.080576384222,34725.29598219001,9242.876024923335,9802497.929389281
3.0273064253970565,98020.05503905211,2.0,2.0,0.2,-0.0375241223556,-0.0367136333679,11897.213141950002,3238.3199284450006,3518003.740141301
3.51911826185296,110675.43063593001,2.0,2.0,0.2,-0.0418704240124,-0.0409470732408,13706.378760030004,3349.359659859334,2181170.043994261
9.756858299353937,121376.36949492218,2.0,2.0,0.2,-0.0367313744886,-0.0354036318717,20082.665764503337,251.0721968933334,8328637.633747674
3.038304098030663,232024.23422638673,2.0,2.0,0.2,-0.0903385418657,-0.0886651890986,25167.39600134334,11025.813744907335,5163556.302842755
8.762273293641423,30690.123372238577,2.0,2.0,0.2,-0.00914312192904,-0.00847239641016,9609.10420909667,5594.58201386,6537558.6984111145
5.684361779808295,238676.0645574589,2.0,2.0,0.2,-0.0851693026014,-0.0832754586152,28902.50397958334,9981.708610210002,7113972.366487053
3.601464132427005,307024.4682688205,2.0,2.0,0.2,-0.117819503723,-0.115613684048,33503.63677023334,15584.70676109,3914823.8815903566
8.901374160816346,289976.5709797951,2.0,2.0,0.2,-0.0918923279341,-0.0894784760487,37028.60281893668,11058.912995763336,9891745.9999665
5.285094667522657,229670.46024182433,2.0,2.0,0.2,-0.08306084031,-0.0812488658905,27577.594358726677,9699.752044693336,6721960.393830143
5.8759475084023665,503487.9648424515,2.0,2.0,0.2,-0.1796995212,-0.176036236821,56404.64164791667,26940.43843622334,10642444.055659825
4.553483639898008,87196.01545230247,2.0,2.0,0.2,-0.0317012031305,-0.0308713222927,12305.881236950001,1200.9678123000003,4429210.44273552
6.540082237196883,303418.0462688244,2.0,2.0,0.2,-0.105279442689,-0.102907758099,36353.73338796334,12350.464474080001,4894588.102648791
2.8899529169726934,37224.85017393258,2.0,2.0,0.2,-0.0136275362245,-0.0132149974091,5774.883678887334,807.0165651206668,2691755.972210453
4.824193061539966,42693.407326745844,2.0,2.0,0.2,-0.0148969128088,-0.0143450892554,7989.324032566667,1865.8627056000005,4085862.7982196575
9.740004739849944,344319.5098062578,2.0,2.0,0.2,-0.105582794436,-0.102757806954,43349.93686069,13989.9186604,11199807.712056527
3.694134177959584,339611.05493269255,2.0,2.0,0.2,-0.13007237196,-0.127647602152,36947.86301678334,17569.010409413335,6977478.278849024
7.0822616486009835,526820.1077066741,2.0,2.0,0.2,-0.180008529802,-0.176113768165,60124.23731191334,27188.95946252334,9091907.631056184
4.264115545909906,334724.2053960439,2.0,2.0,0.2,-0.125818580535,-0.123379919908,37261.94689794667,16890.346769443335,7342697.70316228
8.074521568336106,575874.6122429101,2.0,2.0,0.2,-0.189587840101,-0.185305279691,66150.66258823003,29740.29710064667,13029973.8472378
2.6124261161059734,29216.90903995786,2.0,2.0,0.2,-0.0105370829262,-0.010191676664,4728.7810800530015,1005.7077217570004,2420890.6231207964
9.74347888316763,58804.61086844464,2.0,2.0,0.2,-0.0174702705021,-0.0165626249286,13519.40839385667,4230.811681736667,7520533.990304179
5.357211101760933,26439.516942228835,2.0,2.0,0.2,-0.00872164879449,-0.0082492515611,6756.6607225100015,3196.3255374666674,4245504.570851165
3.5064289384449436,111166.110200124,2.0,2.0,0.2,-0.0420773037951,-0.0411513032563,13745.897671393335,3380.8731172513344,4007676.0439608325
2.1247223523051075,324762.06656500685,2.0,2.0,0.2,-0.13052129493,-0.128359509908,32168.29370376667,16694.254715252002,5526527.014296365
2.9429421932440962,387343.30885645683,2.0,2.0,0.2,-0.152114866425,-0.149454392393,40322.163302306675,20439.472093616005,7014074.841720451
5.9180785627261505,27351.094769201278,2.0,2.0,0.2,-0.00889516568664,-0.00838862895387,7113.201969980001,3632.4231091300007,4628763.388939924
4.364526999665934,567582.5339073596,2.0,2.0,0.2,-0.213597366289,-0.209618641922,61216.66373357335,31433.741835000008,10347642.139572533
8.54550861000218,505299.22599022865,2.0,2.0,0.2,-0.163142680281,-0.159306345534,58006.40257442668,24952.035860343338,12400484.52483794
5.16254395112535,177967.48929425588,2.0,2.0,0.2,-0.0644066649539,-0.0629437549816,22153.852568363338,6503.571408003333,5971477.9113585325
3.6140713169948544,46312.518135880775,2.0,2.0,0.2,-0.016860077357,-0.0163485322541,7344.133597753001,694.8682353683334,3303311.8037405843
6.7457323861342555,101932.24393143436,2.0,2.0,0.2,-0.0345196203353,-0.0334761221896,15309.251714683336,2384.779784273334,3141181.059274897
7.507606343526289,76166.6482529836,2.0,2.0,0.2,-0.0248845707271,-0.0239735090022,13297.865323983337,1502.5942964633334,3153756.6342023476
2.919856217158074,73970.26757936811,2.0,2.0,0.2,-0.0281386897257,-0.0274890690697,9422.516845076334,1429.1044912883335,3159029.017606754
2.9247633384507,311137.0131994404,2.0,2.0,0.2,-0.121991510385,-0.119821752913,32780.30891339,16066.257944170668,6032076.240022015
1.8117071289351152,147508.46549604018,2.0,2.0,0.2,-0.0591255332283,-0.0581054251102,14775.518578050003,5669.033274682334,3309572.1048868643
7.759417128057945,214883.82991748667,2.0,2.0,0.2,-0.0709870157824,-0.0691376061954,28212.448739420008,7633.417075863336,11916515.246551989
7.142338484785343,593703.2000305934,2.0,2.0,0.2,-0.2025821183,-0.198236385763,66983.82576242335,31384.365612780006,7805514.784007182
5.534362443873418,410588.54935520684,2.0,2.0,0.2,-0.148073855818,-0.14505113697,46447.18494156001,17845.69346462334,9222452.115836982
8.675448816238177,569388.4002282008,2.0,2.0,0.2,-0.183049655449,-0.178775016304,65924.24169543003,28977.243329350003,13286831.549091958
8.348196300075452,85533.93301986936,2.0,2.0,0.2,-0.0271668607136,-0.0261502044169,15256.47979384667,1748.794172036667,6947917.575828974
6.475512097372393,229283.68489954155,2.0,2.0,0.2,-0.0795046837429,-0.0776299538412,28591.182775733338,8734.022527403335,4199707.399634424
8.880305884362699,332839.08196941257,2.0,2.0,0.2,-0.105690710065,-0.102991783844,41406.59508987001,13836.407704953337,10393017.015669227
3.24965028531253,46054.83713324281,2.0,2.0,0.2,-0.016942380376,-0.0164531414719,6968.442300354002,531.9314663853335,3040554.88799672
2.451316764880687,2512.4661767747193,2.0,2.0,0.2,0.0,0.0,162.45886721000002,231.77297071233338,0.0
3.792871697894412,402260.6002781505,2.0,2.0,0.2,-0.153817997042,-0.150975851828,43374.58165308668,21442.628392676674,7887607.358949225
1.9852382767591763,385091.71008086123,2.0,2.0,0.2,-0.155672553403,-0.153159276874,37464.75758628667,20558.801021242336,6097608.686482284
6.014940988008772,246473.28599976705,2.0,2.0,0.2,-0.0869610802981,-0.0849977506236,29967.200410086665,10199.95883654667,4222163.4799602805
9.461148384507172,293786.44561921956,2.0,2.0,0.2,-0.0910131816486,-0.0885437380889,37888.901965823345,10930.078400033337,10299933.789237265
1.834420095682332,249265.80035525377,2.0,2.0,0.2,-0.100723560341,-0.099078695218,24117.45988315667,10263.884833764669,4590168.844046946
2.537934269085228,14403.026906933314,2.0,2.0,0.2,0.0,0.0,167.9081714006667,237.52117489633338,0.0
5.3436917404092,201222.96373047747,2.0,2.0,0.2,-0.0725007826748,-0.0708741560583,24701.10141957334,7653.484753373335,6380533.310915561
9.437937648987191,106249.35323837391,2.0,2.0,0.2,-0.0324922418416,-0.0312819038038,17831.92794346667,985.2834615700003,7899895.80915082
4.187326892302379,59054.51346082125,2.0,2.0,0.2,-0.0214021142445,-0.0207763018859,9122.339130940001,353.26454304683335,3854149.8624282475
5.811495873851336,574032.2603336099,2.0,2.0,0.2,-0.205551515532,-0.20142228575,63640.65310347001,31464.221908863343,11496564.400061172
1.8533693019283328,359615.83502529934,2.0,2.0,0.2,-0.145839134963,-0.143508280039,34460.498970143344,18952.778479399338,5901414.450693672
2.760917208177755,437193.7705419616,2.0,2.0,0.2,-0.172852815287,-0.169893472083,44865.04271206668,23855.40803543567,7475553.627599332
9.8863560451502,189218.2459596705,2.0,2.0,0.2,-0.0573325161264,-0.0555422881715,27289.63159789334,3836.0153371966676,9234605.89819468
9.703508919706387,235888.27769640912,2.0,2.0,0.2,-0.0721963881962,-0.0701028973684,32041.061992063336,7071.155780206668,9740981.993861943
1.5419898379424817,142154.39633803407,2.0,2.0,0.2,-0.0573712085647,-0.0564146371786,13641.582257921002,6083.7027292483335,2874907.4736993173
9.590400176097532,58179.40257925485,2.0,2.0,0.2,-0.0173846497136,-0.0164887177641,13344.485490910003,4334.737104733334,7397848.7327769315
6.932519471431753,107418.98246495027,2.0,2.0,0.2,-0.0361774161481,-0.0350876281682,16359.861412550003,706.1912192100003,4049451.310705642
8.877305503420189,478508.4271778915,2.0,2.0,0.2,-0.15239624154,-0.148720011214,55553.172937793344,23078.125473120006,12331656.7942957
5.365288772887802,406527.4831102655,2.0,2.0,0.2,-0.147462323015,-0.144477674688,45876.48495168001,20925.256994063337,9049745.888860375
5.882566242923627,328157.3255912861,2.0,2.0,0.2,-0.116672256105,-0.114174925425,37492.24384304,15507.325869753338,8343519.110711025
5.655195932183822,285053.92372006085,2.0,2.0,0.2,-0.102022773014,-0.0998225892559,33638.44633645001,11683.410699226668,7700660.523720857
7.168346189141887,553460.5701936746,2.0,2.0,0.2,-0.188571077487,-0.184495125824,62930.52438390334,29251.91150936001,9524858.070474915
2.6870356654286596,43640.96866720104,2.0,2.0,0.2,-0.0162576983473,-0.01581638551,6192.426636146669,275.3741765283667,2614726.535171936
1.7547755139177625,168360.48794274958,2.0,2.0,0.2,-0.0677698407479,-0.0666274790347,16577.26015173667,7565.645071330003,2055718.1331930475
4.1174045035251225,209962.71214242844,2.0,2.0,0.2,-0.0788741590844,-0.077265261757,24384.324479513336,9167.772833640003,5679410.016747972
7.489786483261497,469455.4873276727,2.0,2.0,0.2,-0.15782753858,-0.154289476556,54558.79925613335,23312.197320303338,8564644.82844487
3.2157543430450612,595508.7720971828,2.0,2.0,0.2,-0.232717267955,-0.228677904061,61689.98506328335,33607.501485880006,9797273.585756471
7.224175683261797,144402.30885429183,2.0,2.0,0.2,-0.0483975856506,-0.0470458955185,20449.08140078334,2862.8390461000004,3673910.454977596
9.744252391911798,524584.4004822484,2.0,2.0,0.2,-0.16133459235,-0.157295831578,62357.701581326684,25728.992181440004,13418293.441357438
2.2981560842100563,498373.65625907475,2.0,2.0,0.2,-0.200059384306,-0.19678107198,49312.07507293001,22017.840257975335,7710468.563876603
7.217118004913574,134794.43858505998,2.0,2.0,0.2,-0.045133956213,-0.043847125906,19043.46955005667,3843.573762670001,4468587.819461641
5.2718768640888545,239599.54811953355,2.0,2.0,0.2,-0.0867358662242,-0.0848591854823,28547.548521653338,10332.03612221667,6824034.162906753
8.879209162208795,245803.72157551147,2.0,2.0,0.2,-0.0778377845517,-0.075721660428,31707.94017551334,8265.743845236668,9314972.957733747
3.00577321030278,586932.401115935,2.0,2.0,0.2,-0.230862309252,-0.226901881483,60356.98796237668,26542.015043966672,9500009.270040544
7.387320593922398,108535.140827339,2.0,2.0,0.2,-0.0359557142003,-0.0348353609797,16851.1916888,529.2924122600001,3398147.786499233
8.623979962008937,479494.7826628692,2.0,2.0,0.2,-0.154272396958,-0.150606294253,55397.936585266674,23477.27066831334,12143163.396824071
9.529220865529197,200515.62850386594,2.0,2.0,0.2,-0.0617053971561,-0.0598581170162,27604.21015441667,4880.443280096667,9144105.817066193
7.307608240461989,438522.2074656962,2.0,2.0,0.2,-0.148366744388,-0.145051282314,51090.22067380335,18831.240370050004,18419410.68617907
5.725985494071632,252006.60257739772,2.0,2.0,0.2,-0.0898512552337,-0.0878660385562,30285.353020663344,10818.602550300002,7308698.691120406
6.751701541710318,347015.857869924,2.0,2.0,0.2,-0.119629867222,-0.116954923779,40245.750160433345,14442.909628323336,6765803.740874313
8.885692368069105,499567.0639956787,2.0,2.0,0.2,-0.159102309469,-0.155283832907,57831.75180599334,24371.22191973667,12601428.326880803
6.3501828464300525,482499.33899033046,2.0,2.0,0.2,-0.169250412163,-0.1656968517,53638.90193248334,21263.082983670003,6546794.825169749
1.7582900074231134,519853.91012382007,2.0,2.0,0.2,-0.212122620295,-0.208838416233,48543.55347616334,22561.928626649005,7358780.469147971
9.41306391180931,35770.395206795416,2.0,2.0,0.2,-0.010509710727,-0.0097723685543,10892.787544653334,5639.699012783334,7040919.047616788
7.36097738376827,415230.3318238469,2.0,2.0,0.2,-0.140145625241,-0.13698374707,47706.641882100004,17656.115503666668,17654207.40271407
7.250363779106595,83992.42603305772,2.0,2.0,0.2,-0.0277835601638,-0.0268334620962,13884.40098105667,1046.8783717333336,3150925.527923392
3.3332387953805958,249491.14081104659,2.0,2.0,0.2,-0.0963338430728,-0.0945259183305,27355.306581906672,12036.16623723167,5600327.566134755
7.1005264969775865,329153.04903281305,2.0,2.0,0.2,-0.111963338428,-0.109386997647,38741.87055343668,14713.71910757667,6720150.343247708
4.847847448060347,241643.69084809846,2.0,2.0,0.2,-0.0887606172461,-0.0868963941623,28385.779343383343,9761.078599013335,6574392.823142254
7.035480304852682,311767.0054818045,2.0,2.0,0.2,-0.106254860779,-0.103799866147,36888.03240027001,13759.205785266668,5133057.13717718
2.4060407576179212,597915.7852791715,2.0,2.0,0.2,-0.239596710159,-0.235670203858,59307.184777130016,33601.53131070801,9086260.420746561
7.091685089125806,81130.38822771283,2.0,2.0,0.2,-0.026965121478,-0.0260422059182,13460.930470453335,1116.812132686667,3072018.5762271252
9.995016669050665,405273.62720185536,2.0,2.0,0.2,-0.123105190963,-0.119856231226,50077.36446389001,17809.12532375667,12051283.08723952
1.9098023303147262,237600.57983136913,2.0,2.0,0.2,-0.095731791583,-0.0941474313284,23312.037811153335,11566.381178444337,2706897.3397824033
9.805980565881198,79805.87934439727,2.0,2.0,0.2,-0.0238792207704,-0.0228273640417,15790.27211196667,3209.529426120001,7846797.822481155
4.9587176661444,95242.05802458571,2.0,2.0,0.2,-0.0342552156556,-0.0333499555039,13481.993000576671,1395.4501840966668,4813067.488679514
8.901404327866704,569563.8637473701,2.0,2.0,0.2,-0.181448111784,-0.177156616896,64912.57209824335,29050.16538406667,13460479.894026622
8.150276614495326,527760.8980270572,2.0,2.0,0.2,-0.173123142457,-0.169159503507,61072.29273872001,26601.836239813336,12408843.548739964
6.319638218386676,544225.176249013,2.0,2.0,0.2,-0.191282212229,-0.1873186317,59951.98515891334,24330.451069063336,7127835.948771117
7.776818278636275,594919.6654964319,2.0,2.0,0.2,-0.198177686893,-0.193783734,67865.28076064667,31084.38994049667,10125934.489905482
8.967382271061457,124989.23400511077,2.0,2.0,0.2,-0.0390767763809,-0.0377650630521,19834.565844790002,275.1499763366667,7823753.995099166
4.93519273403378,213263.60241843705,2.0,2.0,0.2,-0.0779820712875,-0.0762990340505,25560.73310067,8869.33104776667,6283827.474853712
4.279781873287529,401531.41795492003,2.0,2.0,0.2,-0.151105428926,-0.14822571652,44105.55001922334,21078.439933783335,8155016.495713919
7.17454377729047,290281.52391638834,2.0,2.0,0.2,-0.0983534270244,-0.0960330708386,35482.75499712334,12203.808391693337,6298508.589164833
8.366690506500698,251033.72002700012,2.0,2.0,0.2,-0.0811438021433,-0.0790216724687,32503.13177136001,8914.008557526668,9023170.980835315
7.9794236456012335,214686.74960135584,2.0,2.0,0.2,-0.0703253545783,-0.0684672622248,27757.25544004334,6867.826547570002,8335666.327494011
8.281416015298394,356268.3791660713,2.0,2.0,0.2,-0.115918540671,-0.113093858352,43439.777250506675,15670.501718976668,10345720.04709234
5.20245817590993,345356.0571840492,2.0,2.0,0.2,-0.125798976047,-0.123227606822,39354.03437798,17047.765087983335,8087622.793891837
8.451590837487684,96874.70043854405,2.0,2.0,0.2,-0.0307433560833,-0.0296454947031,16473.444526180003,1092.7260452533337,7153813.008378013
2.521776970650172,283043.90251106344,2.0,2.0,0.2,-0.112232858152,-0.110285953362,29199.801092480004,14440.494236976338,5360336.250359028
6.128157332667221,332083.06572590995,2.0,2.0,0.2,-0.117048634304,-0.11451125763,38127.87616856001,15693.91984733,5047095.804168155
1.5489486142340334,342172.1632388343,2.0,2.0,0.2,-0.139921770631,-0.137762786774,31484.98390570334,17622.305401266665,5143970.025259008
4.2589795541522975,126064.31574741108,2.0,2.0,0.2,-0.0467221018817,-0.0456539080872,15992.719339140001,3848.408927153334,4709365.996831882
4.614923046406882,445362.8353513721,2.0,2.0,0.2,-0.165878374335,-0.162684226195,49033.478292966676,23824.89624593667,8969000.448894981
4.867467878678671,15119.45689264178,2.0,2.0,0.2,-0.0046580056261,-0.00428497693102,5209.310546373335,1270.4437051633338,3751965.1547088865
7.411471256863829,212899.1133258976,2.0,2.0,0.2,-0.0712567194663,-0.069439905696,27663.547038920005,7158.624254430001,4326735.734442109
4.802743860797939,468127.5891213801,2.0,2.0,0.2,-0.173321056844,-0.169967916485,50548.93380468001,24981.283089470006,9386820.622785497
5.313895792291511,338335.7526332414,2.0,2.0,0.2,-0.122747220064,-0.120215242095,38753.349630073346,16503.172603600004,8129400.181552416
3.5191251124317833,156697.45950651614,2.0,2.0,0.2,-0.0597303173358,-0.0585085930354,18297.484430316672,6180.760392526668,4592828.8460830925
4.6726402288493905,416971.87160582864,2.0,2.0,0.2,-0.154914946377,-0.151906003358,46126.15419444668,21826.201071860003,8669788.788809167
3.4317918317367875,340434.56649364403,2.0,2.0,0.2,-0.131489013518,-0.12908166987,36629.69182838334,15077.536759190005,6807082.954124472
2.1221653520317707,477746.1656738323,2.0,2.0,0.2,-0.192725531208,-0.189605296284,46723.14936503,26160.260134433003,7344046.482191969
6.629313043741712,441015.111713894,2.0,2.0,0.2,-0.153026535902,-0.149733311875,49684.750791233346,19115.519784100004,6248208.529807143
7.179808787717638,366064.7532217408,2.0,2.0,0.2,-0.124266417935,-0.121438800508,43442.77847739668,16988.816164536667,5666184.35603889
6.765667941081723,292906.6051864884,2.0,2.0,0.2,-0.100767128394,-0.0984519686088,35465.26775472334,11760.38378102667,6613949.18252858
5.439699372304865,79909.27540051405,2.0,2.0,0.2,-0.028130636587,-0.0273009920589,12315.99491930667,122.19167265000009,4935004.738222998
4.728179131523453,156799.81073123027,2.0,2.0,0.2,-0.0574661599881,-0.0561676291477,19580.357096083335,5446.519855410001,5441790.09765512
8.838336021360515,251459.68375025116,2.0,2.0,0.2,-0.079776384547,-0.0776249751223,32888.74132616334,8646.230021856669,9328188.087209094
5.912195173657853,359579.5722038332,2.0,2.0,0.2,-0.127814240472,-0.125104603162,40771.64442851001,17483.693249996668,8794018.302627755
5.573045959852713,308224.71312918287,2.0,2.0,0.2,-0.110720051032,-0.108369938404,35917.77727225667,14471.566425330004,7902776.212587099
1.7179575593547034,172910.71557571768,2.0,2.0,0.2,-0.0697080019443,-0.0685432023267,16861.00995428,7863.797120471002,3363678.9773911834
4.400606534822328,3878.6146738263305,2.0,2.0,0.2,0.0,0.0,292.3046503550001,358.49072270000005,0.0
4.731662759679785,297743.5331404884,2.0,2.0,0.2,-0.110052482178,-0.107824815825,34032.25433150668,12527.548267253334,7213425.011642597
4.889993637623654,171375.59313734586,2.0,2.0,0.2,-0.0625606469308,-0.0611570681936,21219.008352173336,6244.016396040001,5711770.449818638
6.4314651384323245,440764.98042632104,2.0,2.0,0.2,-0.154051074983,-0.150769754132,50463.052205323336,19164.972850360005,6160872.723554562
6.035621647178467,14367.759162290095,2.0,2.0,0.2,-0.00424415835288,-0.00381770530069,6029.336280990002,4374.474929490001,2181584.388693471
6.667193288744279,350896.6867834745,2.0,2.0,0.2,-0.121355205345,-0.118659496634,41337.33633248001,14657.293764106673,6762677.67447215
8.00150772310809,564884.5425036392,2.0,2.0,0.2,-0.186472358554,-0.182265490084,63671.17302481001,29428.947508453333,12852766.774289958
8.410378779086795,104645.5602668997,2.0,2.0,0.2,-0.0333210684241,-0.032173898001,17294.822177263337,353.3301868656668,7208431.820019792
7.604046147925202,282989.69445035723,2.0,2.0,0.2,-0.0943209279095,-0.0920245419862,35170.26907891334,11063.041000663334,5046487.929354889
9.621951415616945,54853.195090282905,2.0,2.0,0.2,-0.0163323583994,-0.0154572606382,12737.408625246668,4376.6112529266675,7378944.020917211
1.6549769527490739,375409.14735681156,2.0,2.0,0.2,-0.153193491759,-0.150809251587,34995.06723410334,19717.115069594674,5641576.712236133
3.1641128783101418,330319.00835773535,2.0,2.0,0.2,-0.128626396281,-0.126310217833,35086.406787520005,17248.128915183668,6496442.541172341
1.564284437314208,244419.3145276994,2.0,2.0,0.2,-0.0995048472392,-0.0979278960316,22866.257030933335,10013.204741594667,4032790.8203666816
7.0035350703141255,312826.21288424474,2.0,2.0,0.2,-0.10674622074,-0.104286102568,36992.05843182667,13820.703055553337,6476181.47522591
9.133259666074888,537944.7950814061,2.0,2.0,0.2,-0.169708621242,-0.165616250911,61996.62944006334,27018.715341413335,13165274.66329736
3.569599520898544,117776.58138664022,2.0,2.0,0.2,-0.0445547934852,-0.0435828865523,14427.001576686669,3724.554966218,4144018.48482377
9.379793630768607,13538.70702320834,2.0,2.0,0.2,-0.00357249137907,-0.00298586829296,8530.309220073335,6841.004559463335,6725210.338891495
2.012272817461267,516998.9308194606,2.0,2.0,0.2,-0.20938113293,-0.206041238901,49887.55800146335,28478.16951861201,7652778.653728364
9.442706227846871,346270.2494327439,2.0,2.0,0.2,-0.107503416318,-0.104683360784,42490.78347000334,14341.16308927667,10950507.57032451
4.488792841536893,534395.0732771055,2.0,2.0,0.2,-0.200181019194,-0.196409293492,57859.55638930335,29491.035853826677,10091077.897778984
2.36207704181834,358167.1340479035,2.0,2.0,0.2,-0.143072629071,-0.140667225163,36133.26391298334,19041.721881393,6119621.664598117
5.629909953083768,486096.6539758215,2.0,2.0,0.2,-0.174957870021,-0.171426009995,54356.431472416676,25668.94019928,10205478.458362289
3.6826008256243177,257804.01801308876,2.0,2.0,0.2,-0.0984816391722,-0.096590545338,28687.606957680007,12553.463109600003,5987586.307127292
3.921419666676344,449915.9587729613,2.0,2.0,0.2,-0.171482733722,-0.16831718471,48434.72510830668,24183.359220203336,8535982.597459063
4.111964701873436,547824.8801339136,2.0,2.0,0.2,-0.207833480957,-0.204008196317,58792.78529091002,24784.093414880004,9890406.368671393
8.32572013157764,343273.77823332377,2.0,2.0,0.2,-0.111461241769,-0.1087227241,42035.54305688001,14908.50614629,10174509.600174336
6.0828708517396635,108471.09033742773,2.0,2.0,0.2,-0.0376665118286,-0.0366143846555,15797.257343680001,1413.1196913233337,5740418.619354649
4.146115442826031,161278.5690181189,2.0,2.0,0.2,-0.0602809806997,-0.0589880072276,19486.381087390004,6119.424131103334,5102733.2167361
6.687837158142806,119186.74613844347,2.0,2.0,0.2,-0.0405903928319,-0.0394352831591,17400.91687099667,3241.2887873333334,4034620.599805792
7.587280730897145,148114.21655743974,2.0,2.0,0.2,-0.0489931553392,-0.0475993251171,21121.435870703335,2940.038404820001,4780643.930427138
3.817304006235037,183849.26961062182,2.0,2.0,0.2,-0.0696057219451,-0.0681864026529,21381.786579743337,7722.022429256667,4401695.521674375
5.015167362965488,333080.2720519131,2.0,2.0,0.2,-0.122070188991,-0.119591944865,37867.24582168667,16486.550819316668,7859703.511859899
2.536031793364054,352794.97767829965,2.0,2.0,0.2,-0.140165379318,-0.13777595886,35951.809811946674,18645.665747072002,6253993.8925802605
3.0397694710447825,255899.84834511668,2.0,2.0,0.2,-0.0997539570818,-0.0979271378247,27501.63779492334,12552.699633658003,5452295.531056376
7.289501758702354,369252.46789250127,2.0,2.0,0.2,-0.124842103552,-0.121989514832,42946.81780706667,17085.598510103337,7224827.2724381145
3.042225955412829,48944.95536681955,2.0,2.0,0.2,-0.0181823366273,-0.0176861745914,7060.218036495001,897.7251776193335,2937811.4716836326
5.963888761170011,52672.94223489598,2.0,2.0,0.2,-0.0179138758782,-0.0172371631723,9947.698980713334,1993.5987098566673,4954770.869050866
7.526893224640678,103097.67621459506,2.0,2.0,0.2,-0.0339367616976,-0.032845946973,16030.789647883335,2171.854333663334,3403849.9196445257
2.4084538463053224,310846.4988242069,2.0,2.0,0.2,-0.123814747362,-0.121703420047,31630.73827550001,16136.317349437335,5621631.737061259
6.32215386684568,128396.80721898813,2.0,2.0,0.2,-0.0443702968343,-0.0431744816034,18012.41186853667,3815.5186948766677,3245347.6010210193
3.680783661461592,169970.64209554638,2.0,2.0,0.2,-0.0645497803179,-0.0632308423467,19850.04785303667,6956.721470280001,4861316.472647849
9.684878439519428,240187.70170379645,2.0,2.0,0.2,-0.0735808440124,-0.0714595586779,31767.002429680007,7289.694573623335,9770851.73653417
5.61013799711936,487119.6744062279,2.0,2.0,0.2,-0.175453976172,-0.171916145483,53352.14763931001,25975.615915680002,10249694.794677915
8.350936673088844,8317.281547716071,2.0,2.0,0.2,-0.00199020787606,-0.00148929111778,7198.497749860001,6728.564634033334,5975140.39942858
6.176925608328225,389627.29214197345,2.0,2.0,0.2,-0.137285639744,-0.134362403775,44927.59541762001,19365.81878166334,5600010.591546351
1.8690065292659628,401325.9186244112,2.0,2.0,0.2,-0.16285192479,-0.160260545233,38446.79429248334,21151.88034231267,6207725.165528648
6.8817866925491895,479193.46821398195,2.0,2.0,0.2,-0.16484292464,-0.161278426877,54911.687678620016,20887.949466280003,6663606.708139217
9.586928408756584,559651.7634361879,2.0,2.0,0.2,-0.173337227969,-0.169071910826,64675.60049855001,27806.432159106673,13732376.149799326
6.613700471243815,12082.709369573897,2.0,2.0,0.2,-0.00337986470814,-0.00293962460734,6254.876049790001,1982.5627535833337,2347052.900036933
8.463105305127716,92270.22330792971,2.0,2.0,0.2,-0.0292334276608,-0.0281661702857,15672.838673736669,1183.3399345266669,7085538.801228361
9.015754938461466,531702.7764335958,2.0,2.0,0.2,-0.168524495897,-0.16448235934,61074.244354290015,26547.11841979667,13063675.412036989
3.438678061565926,275111.13731220923,2.0,2.0,0.2,-0.105997216546,-0.104010782656,30128.271146140003,11638.192749243337,5988128.021303974
3.3023811392199267,338754.3833600781,2.0,2.0,0.2,-0.131370495346,-0.128986261963,36215.68103444667,17649.608195893336,6667813.750639852
6.69333840523343,397816.32223388844,2.0,2.0,0.2,-0.13759809493,-0.134588461802,45343.81085555668,16951.599915230003,7239525.821309531
4.9937419933569895,407439.96269738243,2.0,2.0,0.2,-0.149704031468,-0.146735138231,45579.38060460335,21077.679921933337,8732458.676088387
8.638821074367122,559044.2419899049,2.0,2.0,0.2,-0.179965508609,-0.175760969447,64883.75207253336,28332.58677384,13106586.605839776
9.150196548883095,598169.6504470018,2.0,2.0,0.2,-0.188709548676,-0.184213103587,68098.74332434668,30843.753768856666,13958955.295977611
4.504081724073104,432094.4765585642,2.0,2.0,0.2,-0.161495448888,-0.158402476335,47389.310391066676,19110.575049083334,8751944.750381364
3.5133997512830977,172332.72552309048,2.0,2.0,0.2,-0.0658127159872,-0.0644887727673,19862.043679960003,7182.878779025669,4781588.323425605
8.134466879572827,527851.4413766061,2.0,2.0,0.2,-0.17326362004,-0.169298519986,61156.29285901001,26811.78155312667,12395544.427777149
3.8358513021591567,29532.548724456963,2.0,2.0,0.2,-0.0103099335136,-0.00989554627854,5843.326560654335,1987.8212580070003,2089746.569728767
8.492221707366266,138648.51172469772,2.0,2.0,0.2,-0.0442484701577,-0.0428697467012,20849.31600764667,1635.65485285,7687225.758138094
5.101775156014484,538431.430478229,2.0,2.0,0.2,-0.197545629575,-0.193704121849,59163.66731973001,29611.339240473342,10523725.882268636
7.174174143977499,153714.90866361297,2.0,2.0,0.2,-0.0516688428931,-0.0502578148047,21385.431663993335,3578.284294026667,4958003.555210266
2.3120501675946796,132390.63577304909,2.0,2.0,0.2,-0.0521792690858,-0.0512028836893,14295.891870073336,5341.228576620335,3401013.5596883297
6.802804259750871,82875.17588414834,2.0,2.0,0.2,-0.0278523230448,-0.0269326469029,13717.062967120002,1412.9056995900003,2989106.0792285562
5.340025269266448,515467.0545881499,2.0,2.0,0.2,-0.18750583614,-0.18379649942,57048.62497645334,27837.45651985667,10366868.155734144
6.48617193699153,300034.955514652,2.0,2.0,0.2,-0.104298179024,-0.101953975061,35270.74687206001,12199.99532866667,4879255.620577006
2.928120765831339,404935.92183249287,2.0,2.0,0.2,-0.159166468501,-0.156392028103,42098.57326680667,21504.472985652672,7211361.605613325
7.763426832025548,143439.8304450178,2.0,2.0,0.2,-0.0471072374279,-0.0457343624722,20810.970767493334,2408.54723477,4774676.275627945
8.833775159117444,454824.2526067299,2.0,2.0,0.2,-0.145051154127,-0.141536655876,53098.83150962001,21696.179779993337,11906411.224386036
3.342288300771593,456003.3269772591,2.0,2.0,0.2,-0.177099059478,-0.173950857946,48051.17772296334,24670.981661663336,8222546.969198211
2.3135737219213746,187558.81494498008,2.0,2.0,0.2,-0.0744166934015,-0.0730939893021,19558.632775230006,8637.429743249668,4073850.161582774
1.7009279813938594,246409.5798061697,2.0,2.0,0.2,-0.099936110308,-0.0983249817707,23468.757547833335,12199.840582787336,4174940.9073572373
6.956757753767761,125814.16645812051,2.0,2.0,0.2,-0.0424781043341,-0.0412648106388,18289.228050320005,1900.115455273334,4262979.178173107
6.660299306754636,585936.6139937426,2.0,2.0,0.2,-0.203518226549,-0.199255738196,65803.54588753667,26271.67278389334,7626940.9718217775
6.146928008069596,387361.546235047,2.0,2.0,0.2,-0.136627979542,-0.133720336362,43803.62004338667,19220.668689380003,9378748.767111007
3.471550316985791,560726.3284293093,2.0,2.0,0.2,-0.217243862766,-0.213397494997,58887.135069503354,31352.394978386674,9565316.5229325
4.822700965196875,182031.3261774799,2.0,2.0,0.2,-0.0666628849167,-0.0651937353167,22244.160445210004,6967.521247720001,5808063.958864182
6.5530488490824705,469134.54779813386,2.0,2.0,0.2,-0.163315069833,-0.159838325921,53556.54950541001,20524.096977360005,6464774.004023194
5.72251830030294,459515.18633084523,2.0,2.0,0.2,-0.164780336786,-0.161420299138,51646.001452973345,20237.11634299,9957076.09365525
9.896176921826543,414993.3911199249,2.0,2.0,0.2,-0.126606250491,-0.1232978384,49902.93789436668,18494.119753710005,12116647.598058293
2.6597378967322314,579383.3851600803,2.0,2.0,0.2,-0.23032584747,-0.226475800366,58506.557729360014,32453.27987456767,9152471.345494471
7.4087287094045475,236133.20166378934,2.0,2.0,0.2,-0.079137243282,-0.0771652070251,30139.202991773345,8641.295644043335,4537342.818210557
4.9367095288864835,78430.39415385437,2.0,2.0,0.2,-0.028061949314,-0.0272683870511,11754.852466060003,383.7157371866668,4595271.308335552
5.139696726867726,403025.31554643647,2.0,2.0,0.2,-0.147327697827,-0.144377871474,45259.237705290005,20846.31604793334,8818947.172460575
7.599581008094498,437585.8802863237,2.0,2.0,0.2,-0.14642111042,-0.143092954267,51226.49666435001,21226.048383600006,6458768.129255806
7.385707286257142,345036.3440752888,2.0,2.0,0.2,-0.116167379435,-0.11347019073,40582.99248837668,14188.41393497667,15591906.308371838
9.925675946468601,124090.73588003776,2.0,2.0,0.2,-0.03730620665,-0.035951820059,20465.841002626672,262.41153131000004,8433511.260949852
2.5913514603600643,302673.5650016132,2.0,2.0,0.2,-0.119856374261,-0.1177750737,31321.47161504667,15594.134446468002,5654342.523318482
2.384932019765414,187313.84194147764,2.0,2.0,0.2,-0.0741609384585,-0.0728320411653,19695.541809160004,8643.510348725335,4116004.608396022
7.6568799455943,256479.91690001343,2.0,2.0,0.2,-0.0852281042677,-0.0831065063016,32465.48785783001,9764.484953066667,4797438.226606482
6.416288794554477,387131.14550679835,2.0,2.0,0.2,-0.135236128431,-0.132313191632,44842.93991991668,16517.51500567,5650077.981453078
3.83036566575835,447128.84561450075,2.0,2.0,0.2,-0.170923008356,-0.167782205423,48075.677903480006,24026.38330109334,8472727.642925952
2.175064636406386,139334.81454080588,2.0,2.0,0.2,-0.0551983707706,-0.0541912489205,14712.308630926667,5805.484839212335,3374138.1949968426
2.22809512156966,243195.216388172,2.0,2.0,0.2,-0.0971052221397,-0.095442223227,24718.3637167,12057.940713785334,4643997.109508503
9.100622434645006,161496.9425949775,2.0,2.0,0.2,-0.0504308029425,-0.0488682332717,23233.967402750004,2601.883281463334,8383525.659876925
3.1308722601093146,119178.96831712147,2.0,2.0,0.2,-0.0457144643802,-0.0447620309289,14092.106705686669,4087.6905907233345,3845422.4958812455
4.248658277981926,470032.331997503,2.0,2.0,0.2,-0.17730074167,-0.173976138635,50918.32336449,25357.825277573338,9049241.06305421
3.426579418929398,545551.6166621954,2.0,2.0,0.2,-0.211620232218,-0.207879292239,57158.07430627668,30544.624066866672,9337493.020572016
4.517468599571467,222139.31141074604,2.0,2.0,0.2,-0.0824179107699,-0.0807031332954,26027.962801516667,9703.095129646668,6072458.631316072
2.090102663341794,450767.3546242601,2.0,2.0,0.2,-0.181920003152,-0.178976731789,43959.880669620004,24539.915740276003,6966793.624589449
5.912008222720298,538197.1736186467,2.0,2.0,0.2,-0.19193721664,-0.188038386282,60080.89679801668,29163.711743583335,11123852.506534185
2.074706790533827,507674.52631813893,2.0,2.0,0.2,-0.205186606897,-0.201894876296,49298.909059283345,27921.414477819675,7601818.465344872
8.303030316490073,109688.03312353554,2.0,2.0,0.2,-0.0351072739387,-0.0339314861622,17331.803835940005,27.820842670000086,7216781.8804836795
3.4865526962386806,573775.1289080168,2.0,2.0,0.2,-0.222236292521,-0.218307823122,60014.10893277669,32334.015755476674,9727196.0884574
6.09010127413834,226005.8642576775,2.0,2.0,0.2,-0.079444621498,-0.077611975816,27930.436126096673,8896.554292176666,4052211.1559795523
8.980672244272395,203544.3967043018,2.0,2.0,0.2,-0.0640605471017,-0.0622225748105,28022.606643113337,5513.829521526669,8815141.612214081
7.03245763690115,37458.796366668204,2.0,2.0,0.2,-0.0120431001214,-0.0114134992475,9205.253546180002,3873.2693060866673,3309884.789532289
6.03014118568635,291704.1924629298,2.0,2.0,0.2,-0.103048353888,-0.100782607442,34678.78045927667,11921.736244460002,8051719.591321211
4.256836901480693,65408.16938455722,2.0,2.0,0.2,-0.0237599611191,-0.023088579525,9837.230142906668,45.96164597000001,3961806.9585604686
4.330516260994683,149123.8925564556,2.0,2.0,0.2,-0.0553278122482,-0.0541037587595,18405.120948406668,5229.207814640001,5038170.2954780925
7.190639119184616,190165.57306036883,2.0,2.0,0.2,-0.0640819181793,-0.0624281764315,25165.80217506667,5829.563750956669,4075062.5032906407
9.950184570379925,485295.79409501044,2.0,2.0,0.2,-0.147887072988,-0.144101088666,57211.39423647334,23054.245319506674,13088901.926147817
7.125633113719719,525293.190237538,2.0,2.0,0.2,-0.179188477801,-0.175299631934,59952.20428400001,27445.60072716333,9084448.418310724
6.241159047645212,181479.7904768818,2.0,2.0,0.2,-0.0632671872712,-0.0617219596718,23454.225181710004,6451.678905183336,3709238.924328608
7.7105293370335914,515218.8727467443,2.0,2.0,0.2,-0.171879819122,-0.168024715901,59409.47621638336,22464.19659758334,10787687.332915947
5.454247704411604,514338.5624218746,2.0,2.0,0.2,-0.186345851327,-0.182639985477,57096.13497680335,27846.400695426677,10483962.829154864
2.011209912106674,458790.5702309241,2.0,2.0,0.2,-0.185622130643,-0.182644683707,44365.04318051334,24762.342099049336,7007805.425210349
6.279522934962233,88017.06840910892,2.0,2.0,0.2,-0.0301884022986,-0.0292615525933,13831.65107729667,12.623316376666677,2874277.7192243836
9.639814918295732,414193.7081404374,2.0,2.0,0.2,-0.127725850862,-0.124437635082,50547.04036323001,18618.642670133337,12001628.700272933
2.990075010040107,567014.4387483413,2.0,2.0,0.2,-0.22307419791,-0.219248212012,58178.262462840015,31463.24059102334,9287307.428379314
7.365041571975659,409524.28726029425,2.0,2.0,0.2,-0.138183424027,-0.135056965176,48105.95906170001,19837.183824263335,6147868.934516446
3.20793635360198,198970.10946470036,2.0,2.0,0.2,-0.0768936681997,-0.0754205874307,22134.226775966672,8972.614029629669,4878442.709182593
6.054535318021191,300347.59045849874,2.0,2.0,0.2,-0.106042525976,-0.103718768031,35579.453473333335,13690.780874056669,8117987.413214356
2.3217498219971167,387435.02601063217,2.0,2.0,0.2,-0.155067264057,-0.152484964871,38791.14160001667,20454.944076724336,6506688.759314744
5.328152958194574,306342.24523710215,2.0,2.0,0.2,-0.110976156114,-0.108655572037,35434.48232376001,14495.409342416671,7678958.583735311
7.927388295609592,71971.76503858189,2.0,2.0,0.2,-0.0231077288265,-0.0222031101233,13192.215221703336,2320.055781166667,6531072.245034493
4.454357956031348,187238.42679121238,2.0,2.0,0.2,-0.0694500986205,-0.0679686118739,22410.70615670667,7528.955367496669,5619479.690805459
7.1517496581413535,481437.6183321795,2.0,2.0,0.2,-0.163963909453,-0.160367415735,55439.499420860004,24288.291161446672,6745441.597253213
8.261324666712698,516850.82765731047,2.0,2.0,0.2,-0.168786322396,-0.164886821896,60138.547206819996,26183.698744263336,12333192.127675582
9.381011465575348,82380.01962934213,2.0,2.0,0.2,-0.0250996368388,-0.0240519941076,15713.716895380005,2739.546735170001,7597918.158665308
3.494457695771355,571432.0514392348,2.0,2.0,0.2,-0.221262072419,-0.21734697297,59963.18811641334,25961.694636360004,9701920.352679903
4.89418528437912,197293.5707091656,2.0,2.0,0.2,-0.0721647919191,-0.0705906770335,23889.283424793335,7870.337617306667,6054558.507240003
2.795536113308548,397388.243238432,2.0,2.0,0.2,-0.15680928981,-0.154098959979,41055.368958080006,21053.01783811734,7009788.36418183
9.936109768346189,451095.0875740087,2.0,2.0,0.2,-0.137470980552,-0.133917007421,53704.81229559001,20640.683732950005,12580960.12811459
9.37950822735651,487167.74078273005,2.0,2.0,0.2,-0.152036508862,-0.148270910398,58089.75299666334,23340.634595863343,12776794.728342362
6.089635607384756,567449.8213355581,2.0,2.0,0.2,-0.201165380741,-0.197064335875,63228.390081550024,30912.183544900006,7261851.609575842
8.65728300219958,187751.72881729357,2.0,2.0,0.2,-0.0597991319091,-0.0580838764113,26110.41944834667,4714.984101320001,8436311.90824237
5.9281428068123585,515103.8727309327,2.0,2.0,0.2,-0.18353448601,-0.179788982692,57756.75794047335,27426.99422056334,10775542.762933135
6.800478348023457,79012.14206172423,2.0,2.0,0.2,-0.0265181682001,-0.0256237543168,13314.212265576667,1239.897285246667,3633027.4116912195
2.2575576729861413,423024.54381215567,2.0,2.0,0.2,-0.169771492052,-0.166978752502,41952.418263673346,22458.28756936501,6855901.39714036
7.919798574222868,445186.6377083915,2.0,2.0,0.2,-0.147164375729,-0.143764209974,52378.145627183345,19037.52522174667,11294798.80928775
2.585564610899496,406633.94472079223,2.0,2.0,0.2,-0.161527058133,-0.158785727281,41327.00640916668,21945.07576466134,6922589.703280329
8.52157485714649,151388.84168109178,2.0,2.0,0.2,-0.048327097515,-0.046862276209,22221.513084313337,2418.574580853334,7866298.118615952
8.14723874519828,523825.888209122,2.0,2.0,0.2,-0.171827954681,-0.167891363952,60768.665322230016,26378.706390040006,12334712.766691983
7.524329930815299,101315.07802223701,2.0,2.0,0.2,-0.0333402008476,-0.0322607271753,16211.273644130002,2094.853988286667,3380701.719679238
1.807363234460478,32180.874912498504,2.0,2.0,0.2,-0.011964644106,-0.0116500949775,4174.073977346668,367.96443674000005,1865796.5886475968
4.0765910255352935,430478.9943671473,2.0,2.0,0.2,-0.163180939319,-0.160128390615,45885.83458541001,22984.320152666667,8383130.030525532
3.736456844242164,285285.42913964024,2.0,2.0,0.2,-0.108918611245,-0.106845945908,31528.259313510014,14006.038632403339,6320873.632515765
4.561159463507913,509458.81197520567,2.0,2.0,0.2,-0.19030587766,-0.186696873722,55439.45778930335,27726.762722590003,9773576.312054796
2.244963347492628,230038.28463495537,2.0,2.0,0.2,-0.0917337885621,-0.0901523141324,23477.957075560003,11204.298988510336,4499123.66075926
9.464141495764034,100967.1531046277,2.0,2.0,0.2,-0.0308105547676,-0.0296338349641,17337.096962433337,1566.8374296033337,7850112.308245504
6.207319046055198,501865.31548192183,2.0,2.0,0.2,-0.17699914478,-0.17332918315,56551.40803851001,26190.757394820004,6669493.792825819
4.0969566405932,329345.778984043,2.0,2.0,0.2,-0.124456955854,-0.122067596907,36506.70838517668,16620.545272490002,7132273.455201354
4.874342895131409,113517.47543421293,2.0,2.0,0.2,-0.0411289577478,-0.0401077138855,15273.444722290003,2636.746874426667,4979981.139597702
5.301221594291103,432230.39915186743,2.0,2.0,0.2,-0.157216300462,-0.15406367945,48446.362173306676,22485.18440187334,9305252.280839508
6.605051833565247,306668.1830937003,2.0,2.0,0.2,-0.10616961672,-0.103771937284,36719.20607787,12504.632792303337,4965413.015102674
5.883275135420231,362587.7893441919,2.0,2.0,0.2,-0.129027728148,-0.126301527149,41008.922981350006,17778.11840008667,8844595.103548452
9.314831772322547,276539.00292394916,2.0,2.0,0.2,-0.0861387092023,-0.0837947437185,35192.38753426334,9889.470747030002,9955965.586693758
5.724189604699557,497225.39029080386,2.0,2.0,0.2,-0.178403579837,-0.174792939713,55558.84021604001,26318.17058355667,10370229.203530038
9.933343125998158,497737.6294098299,2.0,2.0,0.2,-0.151810584819,-0.147941865094,59690.21190299667,23861.514696896673,13187219.031676473
8.737112140833315,425633.29309463175,2.0,2.0,0.2,-0.136203343098,-0.132887679308,50080.52295232334,19795.854190290003,11514633.286530716
3.2723393720373544,63240.82643787736,2.0,2.0,0.2,-0.0236479741234,-0.0230460362135,8703.779568718335,585.070117604,3270798.0484736436
9.410059324473288,503312.3171424413,2.0,2.0,0.2,-0.156914045637,-0.153038535204,58585.77854944669,24613.301847740004,12891235.99715838
2.4891143820265467,402607.78831974586,2.0,2.0,0.2,-0.16038335675,-0.157683127811,40694.070298230006,21509.415107210007,6836508.6778286565
8.448322522175129,418214.4996025797,2.0,2.0,0.2,-0.135357819389,-0.13211038534,49038.19943562667,19660.808534243337,11268471.41895731
4.735297994550931,217789.70424232297,2.0,2.0,0.2,-0.0801973655466,-0.0784982194937,25787.66241311667,9313.721141713335,6227184.668009101
8.962781723783092,527567.733694204,2.0,2.0,0.2,-0.167562832714,-0.163551182757,61922.57106697001,26415.833006786674,12938041.609735401
8.878481865913328,435222.9601409145,2.0,2.0,0.2,-0.13850776574,-0.135121079139,52054.667083226675,20482.01289634667,11714848.356172992
8.35036590099978,67554.27991751667,2.0,2.0,0.2,-0.0213004687619,-0.0204043428666,13049.243547010003,2922.310313216667,6706476.8040632205
8.215258708610023,244666.8206436976,2.0,2.0,0.2,-0.0795342456727,-0.0774617216195,31669.449952186667,8608.025278593335,8825443.61240315
4.089772682333347,531828.217176085,2.0,2.0,0.2,-0.201865812148,-0.198149080916,57061.92242433335,29324.72276994334,9693421.522077601
2.1878139059356436,28318.021018427396,2.0,2.0,0.2,-0.010289804535,-0.00997523825204,4224.282303015335,773.4564551246668,2108607.565172213
4.925331519503873,576849.9717852297,2.0,2.0,0.2,-0.213041882752,-0.208956020602,62860.53665089001,31792.765352370003,10885574.892226415
2.974958377385324,407497.5409917377,2.0,2.0,0.2,-0.159948370758,-0.157150711025,42395.60724960334,21994.455756710337,7262276.419136093
7.407084255670925,378825.58658602595,2.0,2.0,0.2,-0.127542218803,-0.124617676761,44979.326241133334,15863.58808519667,16622247.46274919
4.441847675571177,162335.55389279485,2.0,2.0,0.2,-0.0600991083572,-0.0587814283737,19858.886793060006,5992.470336716667,5272751.54826248
9.792686707309276,149275.07324350625,2.0,2.0,0.2,-0.045261626511,-0.0437447650996,23039.616962563337,1506.8467223333337,8679316.003882874
6.948262657435322,565234.9316931573,2.0,2.0,0.2,-0.194204740098,-0.190061314102,63935.80478726669,25658.12000013667,9503190.647149654
8.491084790892067,178963.47254047365,2.0,2.0,0.2,-0.0573376672704,-0.0556896776493,25043.875934416672,4215.572194146668,8222244.880531894
2.6264597183057115,465303.1780313996,2.0,2.0,0.2,-0.184829527344,-0.181707853003,47260.11507223334,25606.350650138673,7675162.176210709
8.82712309931729,235873.0789242475,2.0,2.0,0.2,-0.0748157721953,-0.0727685655276,31287.174939683344,7589.296358503335,9172164.331803227
9.34343611936385,83552.44247082238,2.0,2.0,0.2,-0.0255049569005,-0.0244511855379,15445.246710766673,2636.768048936667,7600370.028594465
5.640026309960955,6429.17861721537,2.0,2.0,0.2,0.0,0.0,374.96148836000003,441.0357750133335,0.0
6.653149970883308,326554.4022091505,2.0,2.0,0.2,-0.112919708815,-0.110388584374,38049.78074735668,15009.874817963339,5133067.969977224
8.000883307675462,585467.2911293596,2.0,2.0,0.2,-0.193320804254,-0.188976810009,65830.19195988668,30613.075081590006,13041228.53918291
2.986128331713507,221481.71628552268,2.0,2.0,0.2,-0.0863179372703,-0.084718010923,24049.88293931667,10370.284975468336,5019663.947918603
5.77181164993926,214315.4003958269,2.0,2.0,0.2,-0.0761384103473,-0.0744019252875,26429.847997720004,8378.293976670002,6869677.305509144
4.8886357360646615,206454.97070966524,2.0,2.0,0.2,-0.0755765437075,-0.073942947356,24802.708029120007,8478.354535096669,6167809.725270603
2.7441789333791173,312326.30238291505,2.0,2.0,0.2,-0.123142465876,-0.120984990161,32489.43110819667,15880.46896098667,5964885.783853572
4.624042589478018,264398.93005457614,2.0,2.0,0.2,-0.0979566453379,-0.0959567866206,30477.983047103335,12279.781566470003,6678068.274121606
2.0794646297766954,527948.7760362087,2.0,2.0,0.2,-0.213422914234,-0.209998720204,51333.12482837667,29170.659389366003,7875903.18187522
1.7194012090706394,303312.4750340942,2.0,2.0,0.2,-0.123261673512,-0.12130300452,28770.82320279001,15497.39005415934,5075759.241402565
2.6489134578159934,304654.7029131413,2.0,2.0,0.2,-0.120438609096,-0.118340188905,31572.349974113342,15690.920158435003,5753814.6917324085
9.686478448507978,83022.95683233396,2.0,2.0,0.2,-0.0249891408311,-0.0239219947677,15647.160436433338,2900.4058018666674,7772596.076716378
6.171001055107644,589643.7245462316,2.0,2.0,0.2,-0.208490362581,-0.204236114764,64335.39198685335,32293.66929200334,7494672.148870162
9.70948836980237,149983.7345212978,2.0,2.0,0.2,-0.0456362921642,-0.0441195406102,22468.592329236668,1408.5226772166668,8665580.166557873
5.176231965806122,44018.4404757616,2.0,2.0,0.2,-0.0152161095365,-0.0146368892651,8403.405267403334,25.95826253666664,4334169.189589326
4.150437131224706,397887.7493851253,2.0,2.0,0.2,-0.150359046601,-0.147514372863,43566.60141306334,20927.07412513334,7995923.330350861
5.802205834142075,357219.8220941236,2.0,2.0,0.2,-0.127463730163,-0.124776234995,40404.192021610004,17413.68229467667,8661700.040928856
5.235849353379736,249087.39239564745,2.0,2.0,0.2,-0.090324207414,-0.0883874787442,29515.567126343336,10895.141715483334,6931255.405523952
2.3981498162248234,253315.34032840683,2.0,2.0,0.2,-0.100688243252,-0.098939398089,26089.610726180006,12490.252362456004,4956364.304490168
6.947023674866753,471038.3526278587,2.0,2.0,0.2,-0.161624382719,-0.15810903318,54168.83555787335,23966.056677500004,8354495.249322888
3.3363245513315967,117427.58405978944,2.0,2.0,0.2,-0.0447437845065,-0.0437883541607,14161.276505503338,4084.9001505550004,3976744.6313572
6.766497616631551,492151.99136693386,2.0,2.0,0.2,-0.170057398726,-0.166414879913,56077.50626876668,25541.00723608334,8617225.567216905
7.026709285384304,389248.2683370109,2.0,2.0,0.2,-0.132964553468,-0.129992179599,45651.948263723345,18761.11824194334,16729574.21556302
2.7922112515935087,251381.86426771464,2.0,2.0,0.2,-0.0987204766694,-0.0969465790446,26688.718025380003,12419.425479115003,5210167.917735203
2.0214718304406794,274817.1699503212,2.0,2.0,0.2,-0.110578164267,-0.108742993461,27174.121514166673,13757.578589568002,4852565.989740063
8.136473481581739,153988.3243116575,2.0,2.0,0.2,-0.0499128323301,-0.048450524627,22179.364152853337,2950.142553963334,7661407.177367753
5.408303602039222,451268.5996181849,2.0,2.0,0.2,-0.163589922221,-0.160304693732,50514.97514976,23633.373136033337,9583020.092100263
1.9943922617965442,307724.84538316063,2.0,2.0,0.2,-0.124075892788,-0.122040557936,30177.5486066,15967.739779971671,5370943.430293826
9.95636369594302,192512.72564990615,2.0,2.0,0.2,-0.0581708401947,-0.0563551620525,27677.834324736672,3997.3941011166676,9377735.700044012
1.9911347684691165,357630.06945657014,2.0,2.0,0.2,-0.144440178353,-0.142098459762,34814.16353065334,18906.85661013767,5755641.092960692
7.407799445297702,597440.6712307938,2.0,2.0,0.2,-0.201845328947,-0.197456106457,67760.88685323669,31481.499114493334,23279766.775207855
9.861270864739016,261157.3677939323,2.0,2.0,0.2,-0.079484283958,-0.0772130007168,34838.472955153346,8580.364479546668,10160194.938101185
3.533030885835368,552414.8404671717,2.0,2.0,0.2,-0.213581144088,-0.209779887766,58188.560019253346,24971.579691086674,9539654.98757595
2.7091196338411674,207010.10395473966,2.0,2.0,0.2,-0.0812887965936,-0.079806701452,22168.55601729667,9706.389306001003,4597101.771712176
2.5317719850906455,32839.62415499153,2.0,2.0,0.2,-0.0120082426192,-0.0116444658324,4999.273200112668,827.5233709520003,2391736.5582668274
4.077838754324562,122545.26382105732,2.0,2.0,0.2,-0.0456546150023,-0.0446198085151,15465.954993056666,3737.208610243335,4559246.576828409
2.3588893935904967,251217.08599661052,2.0,2.0,0.2,-0.0999618091666,-0.0982330980916,25791.80512552334,12522.759558746335,4854102.619984023
7.383371404400121,131780.9571567414,2.0,2.0,0.2,-0.0438360444449,-0.0425609328048,19255.09460021667,2007.589873206667,3600856.678891927
2.029480284105533,136.2229309533225,2.0,2.0,0.2,0.0,0.0,134.38311192833336,200.26540806333335,0.0
5.830088089273213,549000.9226485164,2.0,2.0,0.2,-0.196390918356,-0.192425517152,61129.21692844667,29566.15141347334,11175535.961125268
9.971923257750303,506327.64673855744,2.0,2.0,0.2,-0.154196376742,-0.150268798384,60643.38657643,24385.951528080008,13383959.938858874
8.41874729080116,445375.33889216825,2.0,2.0,0.2,-0.144386746453,-0.140957058812,52904.61173789334,21372.179491750005,11516860.8799114
6.729365224963592,100688.75738761718,2.0,2.0,0.2,-0.0341080084629,-0.0330742656974,15511.96735282667,415.93220972666677,3125386.750959011
4.103155776686199,72218.14572599164,2.0,2.0,0.2,-0.0264661031437,-0.0257589576218,10390.089226880003,576.5980446833335,3936219.202098105
6.803114608478927,40562.84968342989,2.0,2.0,0.2,-0.0132122128149,-0.0125735056618,9342.233003696669,644.8086698723334,2642330.655668218
5.9798524432490385,434417.51326375274,2.0,2.0,0.2,-0.154294055643,-0.151082417333,49404.00900702335,22207.26445166334,9750461.060644995
5.121708763068158,557284.7764127312,2.0,2.0,0.2,-0.204378811028,-0.200409097049,61118.12364662336,30456.63029069001,10709112.868787145
2.6110382022916956,258321.49254782218,2.0,2.0,0.2,-0.102043673882,-0.100242440008,27017.46881915667,12697.122003930335,5190450.695271966
9.036135829543968,71484.4031976289,2.0,2.0,0.2,-0.0219896494796,-0.0210324572337,14309.962915703336,3166.1562697200006,7223459.69812873
5.323169514981242,307435.6924392639,2.0,2.0,0.2,-0.111395804756,-0.109067941848,35622.70156563001,14622.548501253337,7701581.26639073
3.154291350476503,209299.14447517807,2.0,2.0,0.2,-0.0810803759022,-0.0795460790695,23093.620685116675,9683.578373691336,4992394.334440454
4.625954482456962,224894.95460999862,2.0,2.0,0.2,-0.0831533714903,-0.0814133181399,26443.72129873667,9796.65175007667,6186394.361072437
5.02010289649588,372798.3744934244,2.0,2.0,0.2,-0.136746273631,-0.13400386319,42036.75105997334,18866.035728810006,8360664.564991085
8.53407211231843,431230.8679573214,2.0,2.0,0.2,-0.139129983339,-0.13578922653,51380.04454758335,20261.464759163337,11480055.373619152
7.7357222347719174,66362.15932389651,2.0,2.0,0.2,-0.0214000212311,-0.0205425356363,12745.82096805,277.80930478,7445036.467598289
8.039091595951389,21354.138483885832,2.0,2.0,0.2,-0.00630579104462,-0.00573331008528,8115.9838219600015,5649.910079340002,5951189.25788063
1.5937657476435012,596598.181611429,2.0,2.0,0.2,-0.24487972743,-0.24117298421,54636.01222210668,32276.96769186467,8088508.1642287215
5.037308984527973,139637.00934933109,2.0,2.0,0.2,-0.0505385151855,-0.0493361408677,18100.555094613333,4186.786425576667,5413987.240791075
5.5914252889002505,32298.314945075446,2.0,2.0,0.2,-0.01077570795,-0.0102526689599,7553.086797760002,2999.9509022,4472325.292054167
1.663134352995982,113925.19745755199,2.0,2.0,0.2,-0.0455774719912,-0.0447768551923,11403.672058210335,4459.245210133668,2691817.2265330288
3.7084122743327907,23374.707809078533,2.0,2.0,0.2,-0.00797537726312,-0.00760762718133,5117.393937453001,2202.796896999667,3088249.7889187103
7.962463496538147,235086.536770303,2.0,2.0,0.2,-0.0771375688776,-0.0751430844218,30506.477851263335,8174.966621350002,8584705.031564876
2.665432498696492,481441.0706707946,2.0,2.0,0.2,-0.19106756086,-0.187834390674,48955.093780356685,26621.69205939601,7902992.364337436
6.050136117347029,204746.66985463238,2.0,2.0,0.2,-0.0719853721701,-0.070296700159,25708.763846423342,7563.81897009,3843035.0613070717
3.329215912146519,266510.04412701994,2.0,2.0,0.2,-0.102999517705,-0.101081754548,29041.89595368667,11231.83947274767,5806360.578673121
1.6030265844730929,405352.06414046325,2.0,2.0,0.2,-0.165787023911,-0.163224425966,37746.69715126668,21410.405166279666,5941908.184007044
3.5502123895961026,305336.4420419281,2.0,2.0,0.2,-0.117360660032,-0.115172266352,33277.025600793335,15513.833013860001,6456351.033037301
9.794926916735458,516867.4116127945,2.0,2.0,0.2,-0.15860714535,-0.154618775033,60330.949554256666,25202.40511687334,13413890.560935963
8.31306545100541,519621.4050274539,2.0,2.0,0.2,-0.169349017283,-0.16542852936,59309.29935799667,26210.59201158334,12506919.963217672
9.656401476728783,5946.417294692185,2.0,2.0,0.2,-0.00119402733644,-0.000644708401694,7945.095300973334,7871.035041753335,6826431.125195203
5.64675937337408,466827.7838899195,2.0,2.0,0.2,-0.167868098024,-0.164464373621,51358.613468286676,20604.977336096672,10025077.716781296
2.43275768875878,276440.16014500434,2.0,2.0,0.2,-0.109885821548,-0.107988153876,28354.661455973343,13873.986591185334,5205357.595132397
6.15765565627639,593304.3247821978,2.0,2.0,0.2,-0.209892908257,-0.205613987916,66055.63779043335,32430.197897703343,12003965.893466568
5.362207343759668,289939.2455252611,2.0,2.0,0.2,-0.104851988766,-0.102638913549,33814.19288644334,13413.22453870667,7551306.170827721
8.677035203286735,592137.5672329785,2.0,2.0,0.2,-0.190404472166,-0.18597592195,67119.42720725335,30431.72554673334,13608818.558875024
2.333701936666079,452741.6167234419,2.0,2.0,0.2,-0.181398623927,-0.178404401036,45051.33814649668,24333.85107317034,7254601.029672221
5.650049664685114,149162.93076798378,2.0,2.0,0.2,-0.0529298950481,-0.0516311445042,19607.454603180006,4297.700448733335,5990457.83181367
2.775413649898866,323036.9875721746,2.0,2.0,0.2,-0.127287836361,-0.125058687304,33621.050839673335,16544.909607379002,6119474.942651281
4.25974537856551,595281.3836871496,2.0,2.0,0.2,-0.22488727116,-0.220738131482,63813.14652151001,33198.96228958668,10634319.502848638
7.767535157796297,514518.3646511542,2.0,2.0,0.2,-0.171268817728,-0.167414520434,59398.19481465333,26193.577118510002,9209976.984955138
5.546154099634515,58420.13627473266,2.0,2.0,0.2,-0.0202474982053,-0.0195543841995,10199.750658500003,1309.3024999733336,4740535.44787716
4.695050423739039,423823.19808599766,2.0,2.0,0.2,-0.157362352216,-0.154306007179,46884.490423826675,22283.582921453333,8705785.11377743
4.8530483678453,207347.75152248784,2.0,2.0,0.2,-0.0759994348589,-0.0743612541581,24867.797644313338,8560.831681870002,6155030.487128845
5.405297531450886,4189.357128208871,2.0,2.0,0.2,0.0,0.0,359.39091831333343,425.40844636666674,0.0
8.172640622614983,242088.58141619977,2.0,2.0,0.2,-0.078817283394,-0.0767643243587,30722.644119716675,8478.59854611,8799075.548292855
9.082719855991993,140852.65303498277,2.0,2.0,0.2,-0.0439236126241,-0.0425003005719,21102.341722450004,1462.610633586667,8102591.0667542685
9.62034483528339,491321.5623122829,2.0,2.0,0.2,-0.15181936451,-0.148010619984,58840.83785942334,23424.65143644667,12940610.92387724
8.188678783170008,202398.3653074593,2.0,2.0,0.2,-0.0657193581216,-0.0639309770652,27312.51739571667,5974.336080580001,8274759.479759423
4.180958613858108,496514.2163722903,2.0,2.0,0.2,-0.187793407426,-0.184299594801,53578.31918363334,27098.562175940006,9331783.244578212
7.349145001735608,358.7633008771851,2.0,2.0,0.2,0.000659668385193,0.00105818507003,5444.840505760001,2832.936153440001,3094462.906324194
5.219626554470832,184691.4900156715,2.0,2.0,0.2,-0.0667476343149,-0.0652375381144,22911.71265113667,6871.230509190002,6101387.394337354
3.664700287391435,144699.12858465716,2.0,2.0,0.2,-0.0548197500976,-0.0536658058358,17298.609108183337,5373.511560226668,4537432.114253254
8.647408425120343,140140.41664116658,2.0,2.0,0.2,-0.044461484591,-0.0430654085347,21160.687863786672,1608.2077673100005,7804510.179090042
1.8266239661797625,40911.97185927762,2.0,2.0,0.2,-0.0155265172884,-0.0151573132028,4999.952288236334,829.0907622133335,2062219.0264785793
9.164976933151099,112274.56224630104,2.0,2.0,0.2,-0.0347530819483,-0.0335171636496,18590.278496000003,421.3392913573334,7802057.051745439
5.42255844931024,333329.7419313719,2.0,2.0,0.2,-0.120456909363,-0.117953189939,38284.949032706674,16217.20935568667,8155154.878549514
6.916212552870384,174816.6437026467,2.0,2.0,0.2,-0.0594417195944,-0.0579040280815,23345.982488543337,5041.831693700001,4805760.033659326
7.104508338749153,250436.86939748877,2.0,2.0,0.2,-0.0849446524213,-0.0828931805409,31359.254162226673,9770.245089870003,5787546.754208532
9.10850079600556,226120.1282083131,2.0,2.0,0.2,-0.0708853726945,-0.0688882396209,30456.11678295334,6788.860829003334,9176217.258348685
6.911692298421262,525542.9549999367,2.0,2.0,0.2,-0.18071316189,-0.176837946435,58567.50668415668,27624.04634438001,20767039.575679794
6.718435470460525,543179.3994063092,2.0,2.0,0.2,-0.188160136708,-0.184182039514,60172.06127385001,24046.164218756672,7219279.651802976
2.066542344765865,295774.18299351603,2.0,2.0,0.2,-0.118948876254,-0.116976356756,29333.558482966673,15225.565516185003,5142292.0818435615
5.9064681865342346,198093.57018936265,2.0,2.0,0.2,-0.069970114777,-0.0683330004821,24891.089640696675,7261.961384210001,6756648.250157164
2.776436506944854,64080.42240141818,2.0,2.0,0.2,-0.0243308701742,-0.0237537861686,8292.59019907867,929.8674706620001,2945065.4728073957
7.768187034132628,572041.727629257,2.0,2.0,0.2,-0.190564596439,-0.186323267057,64176.784368413355,25363.11711929334,7820723.480013279
5.853886326907733,36136.166940178475,2.0,2.0,0.2,-0.0120587576403,-0.0114974117486,8140.1310420866685,3104.0420979566675,4687944.540412442
7.281936123271003,178590.16654096826,2.0,2.0,0.2,-0.0599256414111,-0.0583437236115,23550.51971797667,5966.950337073334,5468196.4772953475
1.8542196551202663,178839.7207020025,2.0,2.0,0.2,-0.0718592564462,-0.0706423969085,17743.543548673337,8238.703434855002,3728047.335063948
2.2207321363893273,192240.77168412894,2.0,2.0,0.2,-0.0765146740976,-0.075173721054,19818.185056966668,8953.159514922003,4058794.7443144494
7.588748798532799,98572.10596344556,2.0,2.0,0.2,-0.0323380902617,-0.0312740709855,15614.91395276667,1935.46671189,3378707.2748874757
2.1127168559887237,469896.8585542183,2.0,2.0,0.2,-0.189582272328,-0.186518941044,45822.864146686676,25219.322457396003,7264473.932385559
2.105682186004698,73498.71717959353,2.0,2.0,0.2,-0.0286188047257,-0.0280275276349,8431.211663422335,1921.9447388996668,2571574.046475449
1.6029220394965433,380943.9954918977,2.0,2.0,0.2,-0.155702730596,-0.153304097549,35027.889849033345,19889.92099119134,5590402.94413555
9.63026188554558,74307.61602349048,2.0,2.0,0.2,-0.0223490384818,-0.0213430464952,14690.920096440006,3423.2459333066677,7633246.756509301
7.768821055401559,42321.38255577393,2.0,2.0,0.2,-0.0133555096114,-0.0126565834646,10295.012027033335,881.4840584100001,2959255.050506002
4.5026369722675454,545657.7022115259,2.0,2.0,0.2,-0.204337067789,-0.200493411665,58992.55022616001,30040.091732523335,10132178.309365792
4.020552440945069,114077.2597912234,2.0,2.0,0.2,-0.0425091396421,-0.0415335477077,14537.49447139667,3248.999972450001,4426840.415940541
4.472477452839721,492750.0927358226,2.0,2.0,0.2,-0.184566042307,-0.181072671165,53657.896251040016,26761.451327883336,9487412.946545364
8.084555015040046,326778.5226642815,2.0,2.0,0.2,-0.107065338797,-0.104451312161,40103.13263064334,13896.57429675667,9821334.529459992
7.121650194098522,46713.911765261764,2.0,2.0,0.2,-0.0151688505827,-0.0144730262669,10233.345268810002,3345.2196898466677,3484702.060058692
3.0741623268734775,573268.9148628404,2.0,2.0,0.2,-0.224957832923,-0.221081442572,59097.485856806685,31908.778247570004,9480804.991705427
2.979929350339717,148176.70019513552,2.0,2.0,0.2,-0.057377439152,-0.0562484615923,16804.59772674667,5961.377323373668,4111399.7461615843
2.3363630225638774,515787.2072115639,2.0,2.0,0.2,-0.206870262747,-0.203483472392,51031.01238243668,28574.591097625675,7945841.747698154
7.112573117461374,101286.0034707385,2.0,2.0,0.2,-0.0338406235752,-0.0327822177327,15879.790933156672,169.22671885666674,4076061.3859265237
7.997167628884755,512365.7292851117,2.0,2.0,0.2,-0.169041508573,-0.165190893371,58290.87910592667,26027.176637826673,12168424.701674258
3.752894640762534,7937.287743176391,2.0,2.0,0.2,0.0,0.0,249.23072560233342,315.38549161633335,0.0
1.6780321687627588,307068.2739416884,2.0,2.0,0.2,-0.124954578947,-0.122980989655,28930.397560193338,15480.655722797337,3199040.0427454743
2.198459173549632,461665.5476529341,2.0,2.0,0.2,-0.185758228836,-0.182725965551,45508.42913603002,25267.48443780167,7231022.660945609
9.726810296182759,560877.31049567,2.0,2.0,0.2,-0.172701114297,-0.168419297741,64778.605900960014,27799.95974356001,13854101.718141226
4.011280608558073,545521.2817238922,2.0,2.0,0.2,-0.207645250793,-0.203844634601,58346.294716626675,30197.17336814334,9776805.457347762
8.038396756624135,491774.92172858695,2.0,2.0,0.2,-0.161945057818,-0.158226754609,56169.88908064668,24597.08881747667,11913535.470286492
6.809640335261242,532914.8097967824,2.0,2.0,0.2,-0.183960148745,-0.180040970896,60315.57963899334,28272.297300220005,7117559.014451492
4.746486937049616,119531.8115022459,2.0,2.0,0.2,-0.0435450562532,-0.0424912623267,15787.723230253338,3095.345502530001,4957646.303237352
3.2483417286622185,170510.57742703726,2.0,2.0,0.2,-0.0656484245515,-0.0643563324179,19360.600715903336,7199.275816723001,4554943.950870463
2.531784554354955,173381.1149526351,2.0,2.0,0.2,-0.0682547862528,-0.0670007140794,18600.228843283337,7744.037743934336,4062392.982268828
6.7276102283303665,226232.35860101928,2.0,2.0,0.2,-0.0777197640277,-0.075851333923,28493.86729770667,8497.45203013667,5317335.604810298
8.0843871354212,235992.40223111323,2.0,2.0,0.2,-0.0770754263759,-0.0750682905426,30677.798773110004,8165.369608986668,8681523.600314088
6.973186155099611,326733.1947928053,2.0,2.0,0.2,-0.111660595588,-0.109109553923,39151.36775503001,13381.54696964667,5255859.995578536
6.007568132617846,95927.85801986483,2.0,2.0,0.2,-0.0332953519374,-0.0323305086145,14403.51567065667,751.2294452200002,2857759.23573496
1.8565853991689083,414747.9982715936,2.0,2.0,0.2,-0.168411130262,-0.165742579053,39536.63783482001,22106.519512929342,6281172.337559923
9.732154609552262,100539.9235827039,2.0,2.0,0.2,-0.030343499063,-0.029157055982,17477.585006430003,1807.8547504500004,8081818.565788921
8.289070629063884,186185.08926272852,2.0,2.0,0.2,-0.0601549424563,-0.058469052869,25114.571707866675,4789.1349764666675,8173897.538568403
3.9889873119582004,302007.07836369245,2.0,2.0,0.2,-0.114431688318,-0.112227701005,33537.88480978334,15062.840325840005,6748566.840457782
9.82974779955023,477864.33691408637,2.0,2.0,0.2,-0.146340933055,-0.142613628,57514.431379633344,22560.626222496674,12919653.880964944
6.615993511908738,443681.53994323633,2.0,2.0,0.2,-0.154035262827,-0.150723752152,50934.62430074001,22549.87272535334,18044862.01871884
6.450592594761595,387320.6138463134,2.0,2.0,0.2,-0.135129210584,-0.132204228813,44966.1044285,16492.529407883336,16180209.834522199
7.858622025151023,93463.95634810209,2.0,2.0,0.2,-0.0303136075932,-0.0292694954714,15675.506685016668,870.0954208393335,4593751.275902181
8.40004319876617,328227.20736934664,2.0,2.0,0.2,-0.106225253695,-0.103583438386,39787.34658011,13850.184162103336,10009383.267596362
7.080068162317772,52467.90107993127,2.0,2.0,0.2,-0.0171617101106,-0.0164297897808,10541.399584196668,2682.558001466667,6617500.593967743
2.5888138441127,226417.90607799045,2.0,2.0,0.2,-0.0893492187491,-0.0877531352959,23836.740825786674,10802.606153091003,4759543.9643742
4.375273800953236,248109.9181739755,2.0,2.0,0.2,-0.0926176020155,-0.0907426443926,28513.840461993343,11389.702672620004,6288018.212715125
9.388710942771421,23886.863667452297,2.0,2.0,0.2,-0.00680535128361,-0.00614885588967,9627.652574190002,6182.599436730002,6844543.519078944
3.4092327006727414,164392.8596819831,2.0,2.0,0.2,-0.0629336325262,-0.0616698472275,18939.003301256667,6742.8341763256685,4605610.791816522
4.663419702618864,573389.6803598936,2.0,2.0,0.2,-0.213645036998,-0.209601200324,60996.62408873,31979.070620106668,10661493.826352498
5.172653505025666,572179.5646978137,2.0,2.0,0.2,-0.209514942503,-0.205442283457,62715.24296704001,31373.39444423001,10991037.894811545
5.234942412402844,211396.23255152357,2.0,2.0,0.2,-0.0765032650921,-0.0748161426337,25636.525742130005,8523.09481955,6472377.776134052
6.709986451203467,25860.065368994434,2.0,2.0,0.2,-0.00815192579814,-0.00761545033746,7563.256493506667,4368.2116161133345,3103414.089176738
9.516144620830014,107456.96359690893,2.0,2.0,0.2,-0.0327649664289,-0.0315425183803,18025.683003493337,1190.1235026600002,7963495.020004308
3.545888050576292,235330.67606012407,2.0,2.0,0.2,-0.0901916153443,-0.0884569672371,26207.168441210004,9726.354746040002,5570163.527709842
2.5327616985578034,568667.8187815378,2.0,2.0,0.2,-0.226910678937,-0.22314266266,57027.90000773334,31932.264270130672,8846296.596388746
3.1784991638094673,84719.43812231095,2.0,2.0,0.2,-0.0321350652058,-0.0314010121645,10738.38653617,1905.5876321783335,3478061.6723235394
9.038861651778792,458109.50620092737,2.0,2.0,0.2,-0.144903753715,-0.141355701182,53625.03257227668,21720.677389373337,12111466.248762717
6.989391907569251,65209.52362481524,2.0,2.0,0.2,-0.0215952026748,-0.0207832877649,12041.366023950002,1983.2096326366673,2902612.537150759
3.930207708532861,588754.5464347661,2.0,2.0,0.2,-0.224827670892,-0.220751799715,62492.44554219001,33378.2767001,10308979.646410018
8.435548981233246,228969.899465481,2.0,2.0,0.2,-0.0737389296384,-0.0717592883927,30254.78568793334,7459.589705980001,8845307.926723925
8.821644969089206,465140.7233394336,2.0,2.0,0.2,-0.148440845267,-0.144855808414,54226.23387906001,22373.56006155667,12074932.43206081
8.695371878867363,205554.6496866791,2.0,2.0,0.2,-0.0654431214496,-0.063606120291,27443.457735396674,5784.092809420002,8666169.209993102
9.310875535936212,376601.3262952852,2.0,2.0,0.2,-0.117636283045,-0.11461975855,46443.224786053346,16389.88149658667,11232152.1437344
3.6440486714735734,115209.65084402204,2.0,2.0,0.2,-0.0434583596529,-0.042497034502,14278.729481863336,3566.1829101100006,4161095.7792829187
7.9178563943433655,87612.61157817753,2.0,2.0,0.2,-0.0283050518188,-0.0272963711859,15120.359714450004,1284.3186558033337,4532253.401582671
5.41458572683019,562838.4837408788,2.0,2.0,0.2,-0.204345086162,-0.200317036214,61997.28615834334,25348.76709347667,11068134.583750129
8.656987699565523,550588.3667426601,2.0,2.0,0.2,-0.177094175129,-0.172947004201,64030.705070293334,27739.793889500008,13093079.964663418
7.692170755873712,532481.3641277294,2.0,2.0,0.2,-0.177804640235,-0.17383523846,60042.15750447669,23419.50256690667,7433078.160231006
8.09980329524766,375260.07009995606,2.0,2.0,0.2,-0.123021343832,-0.120081615785,45144.595179846685,16984.830398050002,10432793.61241249
7.077375620289108,484960.92672976694,2.0,2.0,0.2,-0.165626793298,-0.162013964747,55698.47901822335,21210.3683993,8577327.089045439
3.0081445404925082,41422.16214682495,2.0,2.0,0.2,-0.0152361980428,-0.014790128412,6303.683772500335,557.39799873,2824359.095796057
6.132728810623976,200873.4251344075,2.0,2.0,0.2,-0.0703977583992,-0.0687303478361,24805.343948393336,7271.988039026669,3834656.517851799
9.86969278595832,188221.87485429374,2.0,2.0,0.2,-0.0570660315301,-0.0552837066616,27133.473352263336,3735.9618272266675,9239218.447883395
9.467798565225511,381387.1931715679,2.0,2.0,0.2,-0.118373271466,-0.115314772745,47059.345995870004,16497.820282166667,11435623.175278127
1.8669767542745992,213574.6640823843,2.0,2.0,0.2,-0.0860296734696,-0.0845963335439,21020.168849520003,10246.61646602267,3994063.528383755
2.900925933700216,89104.06898620848,2.0,2.0,0.2,-0.0341392423748,-0.0333949130687,10865.005650343335,2368.4500675383338,3327225.7808035957
2.619694574363776,357880.2452481262,2.0,2.0,0.2,-0.141844787351,-0.139410570033,36722.97545816334,18935.909170943007,6374262.936549448
7.670829234875011,488630.3524014489,2.0,2.0,0.2,-0.163194178319,-0.15951841933,56686.47827033,21364.217255303334,10439668.552544141
8.451175303784034,229274.09667598392,2.0,2.0,0.2,-0.0737949164127,-0.0718110165678,30327.34005114334,7476.553250736669,8805598.350362847
3.3148466136407113,79361.22905908902,2.0,2.0,0.2,-0.0299099469192,-0.0292017842106,10362.735513590002,1469.269959951667,3509033.5321434024
5.799747890090546,118012.91838769383,2.0,2.0,0.2,-0.0414663891653,-0.0403661835809,16520.344801596668,2220.2793687533335,5699836.580795041
8.6459757380952,142489.98310163038,2.0,2.0,0.2,-0.0452225547911,-0.0438100387401,21385.135125493336,1787.3343838833337,7868896.622691147
7.72881313051313,179938.55579672175,2.0,2.0,0.2,-0.0593768241891,-0.057762775241,24556.768840916673,4869.565369516668,4056552.463923428
6.10901624668071,385677.04230378545,2.0,2.0,0.2,-0.136217107493,-0.133324414429,44319.504137640004,19056.128007170002,9297763.177923387
6.517955368899569,360567.2907226314,2.0,2.0,0.2,-0.125409463143,-0.122658016038,42237.76041319667,15177.581817543336,5443749.498556366
5.821064648788379,417647.9169402235,2.0,2.0,0.2,-0.149126610192,-0.146037374615,47536.952596923344,21328.67121358334,9434445.712087547
4.029161836209974,217501.1907189079,2.0,2.0,0.2,-0.0819832120162,-0.080330483779,25038.473751453337,9706.906044966669,5686428.858062927
6.302686939301637,494398.59112798696,2.0,2.0,0.2,-0.173748599424,-0.170122954217,54786.96935511668,21807.011947153336,19287921.919376288
7.355525067425771,122452.59669345616,2.0,2.0,0.2,-0.0407186334938,-0.0395070970403,18282.583223593338,3186.518650853334,8885353.86329148
8.923244784816866,281424.44851089234,2.0,2.0,0.2,-0.089079072032,-0.086721101115,36138.64584906,10494.182695356669,9773014.290858215
6.908476508823608,480563.23292485817,2.0,2.0,0.2,-0.165151455347,-0.161578287835,55060.77643864668,24704.63065501001,8530244.145476628
7.969533064866843,108095.18863957156,2.0,2.0,0.2,-0.0350315021947,-0.0338839736021,17264.567774550003,21.251615846666684,6969178.137367043
2.8606088971138703,65917.86824446976,2.0,2.0,0.2,-0.0249988345765,-0.0244050891481,8541.314278421669,971.8309311050002,3014799.9411406037
5.423238532568214,530210.3806127938,2.0,2.0,0.2,-0.192353500721,-0.188543808545,58681.00337624667,23785.102549820007,10669289.537616745
1.579318768530293,205757.79765551753,2.0,2.0,0.2,-0.0835266259104,-0.0821818844971,19465.685330430006,9687.79101859467,2287470.617226223
3.596770348433796,410322.0749454192,2.0,2.0,0.2,-0.157926767454,-0.155049972644,43903.21737586667,18176.87313645,7762921.926228538
7.674924578460541,15209.162558363087,2.0,2.0,0.2,-0.0043279309159,-0.00381415091504,7410.534238430002,5768.193797180001,3694019.224528894
9.93038458646959,414028.13304566976,2.0,2.0,0.2,-0.126126127735,-0.122822965283,49841.79820402668,18296.502107506672,12207332.554683637
2.3430138464913353,189660.78692818232,2.0,2.0,0.2,-0.0751983524288,-0.0738591959303,19847.865376280006,8708.914978066668,4123860.4239014764
4.91270168482095,33444.512152465046,2.0,2.0,0.2,-0.0114327764429,-0.0109368332408,7123.966755963334,2340.644226066667,4016507.564361895
8.300603233942855,365887.65692887024,2.0,2.0,0.2,-0.118984601021,-0.116094333115,44495.016034083346,16277.525618820006,10419501.52970879
3.2343028943456402,144482.28964390396,2.0,2.0,0.2,-0.0554811120351,-0.0543575175228,16752.036063596668,5599.381417775002,4234662.648118802
6.218222069069433,232084.34523112798,2.0,2.0,0.2,-0.0812343009321,-0.0793554110378,28681.407358500004,9197.72254021667,4147121.370014072
7.731106016252236,48348.48737190816,2.0,2.0,0.2,-0.0153867164749,-0.0146496957469,10895.478883920003,3431.026365260001,2926601.671031577
6.735876327211522,88297.9506569672,2.0,2.0,0.2,-0.0298009092612,-0.028848110202,14238.450712803335,391.0960900953334,3620542.1409269474
3.098210244231037,178786.34129750627,2.0,2.0,0.2,-0.0692116003884,-0.0678774393302,19976.473723210005,7780.380776136334,4554170.540106771
4.520768833828785,53855.70033609428,2.0,2.0,0.2,-0.0192267581793,-0.0186171688095,8887.699137783335,913.8128620633335,4012371.669646573
8.162230168125877,546495.7588117891,2.0,2.0,0.2,-0.179232127867,-0.17514051625,61890.17457093667,28037.67356894001,12638959.938710103
6.210925370122141,3628.2259103870506,2.0,2.0,0.2,-0.000428673676259,-6.45724391822e-05,5069.118966173334,5121.830746150001,2155256.96847886
1.5444517151147583,290316.1313185868,2.0,2.0,0.2,-0.118513963528,-0.116668528474,26788.666705303334,14722.876040399671,4496239.608076195
7.9684214602387975,73948.47487953087,2.0,2.0,0.2,-0.0237266995231,-0.022807002944,13405.73603385667,1997.3444695866672,6528801.533497216
1.800146516992032,184607.45368676912,2.0,2.0,0.2,-0.0743337077415,-0.073087261558,18137.765803043338,8584.56413819867,3741837.3011042983
7.838737153215473,555635.7358909593,2.0,2.0,0.2,-0.18455276377,-0.180419011227,62570.38076140001,24555.357095163334,12657677.421801953
3.221084761404518,97016.73196439211,2.0,2.0,0.2,-0.0369097258775,-0.036093574302,12016.09235287667,2689.6020385396673,3656946.8908777046
9.643624581014732,579499.3918309995,2.0,2.0,0.2,-0.179101907149,-0.17469934565,66761.24333971001,29387.210071456673,14082727.662419278
4.627496386067718,123476.62619365302,2.0,2.0,0.2,-0.0451923829721,-0.0441202055036,15746.034026500003,3400.192535363334,4950718.662234548
4.2789187388736725,444939.66508009774,2.0,2.0,0.2,-0.16759261514,-0.164430137396,48453.25033819001,23789.713049610004,8709842.67016335
2.76554842782578,328006.358938387,2.0,2.0,0.2,-0.129313176189,-0.127050481229,34138.23650365334,17174.728636732336,6127605.988413939
4.097635831666826,530687.2365580555,2.0,2.0,0.2,-0.2013767912,-0.197668243707,56974.821476466685,29264.06233106334,9690341.182638744
8.951531475539705,332395.9533018786,2.0,2.0,0.2,-0.105248275041,-0.102546927947,40625.32505658667,13766.173681950002,10449028.896014884
9.968841869831602,320735.5314937852,2.0,2.0,0.2,-0.0973543990269,-0.0946762323377,40265.232983733345,12314.269301420003,10985250.17843889
4.63063100930821,117274.80022103993,2.0,2.0,0.2,-0.0428684519504,-0.0418363509417,15445.608155130007,3031.289734216667,4843456.0776002
5.313190363113612,99737.61723099524,2.0,2.0,0.2,-0.0354917409142,-0.0345379147579,14239.534548780002,2701.3183670700005,5112763.145430845
7.637602974723265,549893.4906693086,2.0,2.0,0.2,-0.184050060822,-0.179965539764,63041.04746757335,28645.73509927001,10536297.408478796
9.032664133953134,196702.91931002043,2.0,2.0,0.2,-0.0617528404233,-0.0599579970599,27326.589734816673,4957.852570330001,8796984.945049183
6.540876840587665,223249.35297773755,2.0,2.0,0.2,-0.0772056233007,-0.0753669716207,27455.061922490004,8431.352454673333,4149881.645360715
4.827968434511549,455894.19505703304,2.0,2.0,0.2,-0.16861277746,-0.165336620555,50342.59096064002,24206.359789720005,9296068.104248969
5.007285647213302,203294.0894536844,2.0,2.0,0.2,-0.0741059354731,-0.0724848753584,24580.43975131334,8198.969746193334,6201755.796436766
7.4127542452228585,571237.4679834016,2.0,2.0,0.2,-0.19289066419,-0.188680230493,63810.98480766001,29785.051880416668,7662932.572786339
1.5273552406363688,442756.6613992802,2.0,2.0,0.2,-0.181620316183,-0.178861560041,40406.06078834667,23309.472001227008,6224731.92208661
6.766509368408646,358457.54554405203,2.0,2.0,0.2,-0.123542846429,-0.120791823465,42249.739110713344,16944.920175730003,6939224.731318177
4.521690588751538,528537.0963268515,2.0,2.0,0.2,-0.197748475982,-0.19401697705,57286.09483749001,23801.684262626673,9956955.25028622
8.250677315855217,29763.545009689653,2.0,2.0,0.2,-0.00901213867118,-0.00837283638937,9494.343447343335,4990.523658316668,6191171.171231042
2.290420438496623,154237.61531352525,2.0,2.0,0.2,-0.061023681882,-0.0599133314991,16307.023541963337,6662.5862384286675,3638178.2995669986
6.49971926906132,279021.80053254595,2.0,2.0,0.2,-0.0968778753971,-0.0946703513245,33783.36584356333,12007.32799605667,12975016.072651923
5.588269564032052,136187.1236829126,2.0,2.0,0.2,-0.0483472491164,-0.0471373209351,18241.51841088667,3602.9931323700007,5743972.519203108
6.959766970194433,446343.11238129117,2.0,2.0,0.2,-0.153015549919,-0.149665945933,51471.57748505001,22380.24977448667,8016436.744915926
2.051255553105231,551524.818632235,2.0,2.0,0.2,-0.22323086279,-0.21966212172,53484.138088403335,30606.274126096007,8152749.474004431
6.429862193139116,254262.07195855404,2.0,2.0,0.2,-0.0884208986156,-0.0863816701166,31153.64698339668,10485.88647305,4414535.792986701
6.272618997655951,205279.56006713698,2.0,2.0,0.2,-0.0716044320276,-0.0698993129935,25971.44914664667,7467.633381836667,3918977.8017877573
6.265610802537453,576930.4392825398,2.0,2.0,0.2,-0.203266226356,-0.199090068442,64411.58050737001,31329.285900446674,7415211.593528143
6.629645166069865,266911.4596965245,2.0,2.0,0.2,-0.092194855857,-0.0900605971417,32629.48059006334,10534.709639980001,4596304.127918619
7.249977466424079,293429.0402695699,2.0,2.0,0.2,-0.0991482442042,-0.0968041193132,35949.639166730005,12359.167724743334,5014439.755960489
8.342406497286543,210989.92340514323,2.0,2.0,0.2,-0.0681335064492,-0.0662789319735,27681.929473736673,6378.978318690001,8491620.961494181
3.793476121089822,545729.083807283,2.0,2.0,0.2,-0.209207629291,-0.20542760238,57881.44554278001,24619.885013930005,9655716.566951083
8.512919986530527,341373.28996911045,2.0,2.0,0.2,-0.110024791795,-0.107288464666,41209.184416216674,14575.601307883337,10332735.746027976
5.735173299239356,457304.7523089868,2.0,2.0,0.2,-0.163908862105,-0.160560038245,51505.054883250006,23962.933168690008,9941211.78208337
2.1549953726418147,487084.0310105318,2.0,2.0,0.2,-0.196332600603,-0.193152615017,47665.874988520016,26690.801370592337,7473023.319673411
1.997682898573823,205109.42515035492,2.0,2.0,0.2,-0.0822573067346,-0.0808582201444,20572.554071000002,9714.786890200668,2453302.393227409
4.341025708916517,260216.59879222803,2.0,2.0,0.2,-0.0973049617054,-0.0953505810367,29717.397623183337,12194.799517363337,6428514.479560184
8.171624305447473,509083.0646437588,2.0,2.0,0.2,-0.166813781112,-0.162971421454,59180.12235158001,25633.636546850004,12228271.364390204
7.515287945297784,217953.21100548614,2.0,2.0,0.2,-0.072683717643,-0.0708264770642,28331.10475848334,7440.950430870002,4411676.638213735
8.203227199715455,476361.0800711108,2.0,2.0,0.2,-0.155824520956,-0.152200037279,55899.305382700004,23618.854532896672,11810510.10580206
5.89678697975368,564595.3935446623,2.0,2.0,0.2,-0.20153293216,-0.197462023969,62848.072233526684,30754.535241336675,11416665.90750603
5.24169148262167,373926.2238408042,2.0,2.0,0.2,-0.136123283645,-0.133359585352,42382.45756197668,18846.01962076667,8500926.23669237
2.7533464770034133,444976.3724711333,2.0,2.0,0.2,-0.175992732722,-0.172984218648,45519.77608346668,24331.257832270003,7542877.94522928
4.289638405679148,483058.3872246809,2.0,2.0,0.2,-0.18201195416,-0.178594280039,52437.72452399668,26420.11712018334,9269510.028444247
5.18916461247794,507023.7893379855,2.0,2.0,0.2,-0.185375718938,-0.181733847951,55960.73702906334,27501.143662266677,10128248.638514737
2.2531036522767467,237032.0027140776,2.0,2.0,0.2,-0.0945433209498,-0.0929153873645,24214.702836686673,11667.891361373337,4610092.252301704
3.3752015980452956,30758.075505598903,2.0,2.0,0.2,-0.0109223562461,-0.0105247427544,5562.036624214667,1571.0650132360004,2936435.251436833
6.5849149995417795,241125.7627420437,2.0,2.0,0.2,-0.0833308194195,-0.0813713673571,29899.480510240002,9553.795930186669,4325645.431416812
7.753136471033113,404253.73787045386,2.0,2.0,0.2,-0.134392341948,-0.13127747107,47916.75275058,17039.289286763338,17629743.36222398
9.985953846840072,270210.23146847566,2.0,2.0,0.2,-0.0818372986491,-0.0794971744685,35126.86540800668,9058.087469506669,10318000.373194719
9.43146331642024,449377.89051623916,2.0,2.0,0.2,-0.139859485447,-0.136347170261,54087.64781578334,21051.701347220005,12242381.2377644
6.961804196049128,214189.4576811983,2.0,2.0,0.2,-0.07290551949,-0.071104099761,26858.457459176672,7545.916174683334,4203214.176860086
5.080608452999612,380846.48466241773,2.0,2.0,0.2,-0.139433936985,-0.13663686766,42871.11919238668,16470.858039130002,8481993.650629865
6.907507600019978,111851.88291238475,2.0,2.0,0.2,-0.0377381985039,-0.0366206652238,16441.965833446673,1129.5138935233338,3284840.666090153
8.178038753681971,449621.6619869741,2.0,2.0,0.2,-0.147156786046,-0.143715398428,52987.61828937335,21641.845703580006,11449816.333975546
2.5058576228487923,327417.5812878155,2.0,2.0,0.2,-0.130102363206,-0.127874935247,33477.099083176676,16872.697412690337,5946530.301803953
4.9841915624184505,122438.63312796035,2.0,2.0,0.2,-0.044273585926,-0.0431883725765,16252.086321813333,3908.7902038966677,5169266.833129107
8.638319427902747,175146.70409868436,2.0,2.0,0.2,-0.0557753228638,-0.0541452438281,24783.99308486667,3876.7101131633335,8230120.552788579
4.762580091430874,449165.2251490994,2.0,2.0,0.2,-0.166477017759,-0.163247795472,49521.72666119334,19881.752584573336,9157974.918058159
6.360914305431086,289560.74139691243,2.0,2.0,0.2,-0.101082017544,-0.0988127447387,34036.39635821667,11723.581413780003,4718493.234111993
6.496039567328685,129618.86423584333,2.0,2.0,0.2,-0.0445232716322,-0.0433089198952,18290.42921313667,3824.928275086668,3307728.3961267276
3.0680481516359346,580362.7142221786,2.0,2.0,0.2,-0.227813492599,-0.223888101906,59859.720666833346,32165.368237360006,9505105.904068608
4.579001254044451,429075.01189013274,2.0,2.0,0.2,-0.159956853484,-0.156876365286,47238.77449931333,22624.048009863338,8776377.110144792
4.3433459543064235,574280.8995238777,2.0,2.0,0.2,-0.216295155145,-0.212273986236,61750.44405293002,31985.855654640007,10369454.060980028
1.7226720225225507,256263.02721620593,2.0,2.0,0.2,-0.103921245814,-0.102248316874,24493.434000683337,12620.884933000336,2784900.2338740537
1.7056299930765195,285060.2044150323,2.0,2.0,0.2,-0.115807743259,-0.11395978256,27066.80843599334,14460.859678523004,4623212.08740279
8.569424871244074,538773.1297110115,2.0,2.0,0.2,-0.173866245336,-0.169802380878,61480.07151292668,27069.259124186672,12844508.296359874
3.8211018847689053,315029.6041472308,2.0,2.0,0.2,-0.120072465598,-0.117795350553,34649.665312136676,15922.557065670002,6422079.368685791
5.903669513029931,424367.3471434003,2.0,2.0,0.2,-0.151101206918,-0.147961431849,48263.12994905334,21763.927524030005,9640916.351395827
4.0391673755045705,151303.72649731798,2.0,2.0,0.2,-0.05668473347,-0.0554645658937,18335.01990437667,5545.269952560001,4878897.117255197
9.495773583480394,268035.88122158434,2.0,2.0,0.2,-0.0828466826841,-0.0805494889226,35183.35650029667,9226.692249533337,9967848.183496956
3.704022450359077,74069.91948621307,2.0,2.0,0.2,-0.0275137100423,-0.0268173622447,10206.954902320003,946.1916540560001,3712440.4104476
5.152082908280948,123588.021526177,2.0,2.0,0.2,-0.0444464371484,-0.0433438308246,16529.358087193334,3041.653139683334,5325747.305520663
8.918207129119116,566.0491605786522,2.0,2.0,0.2,0.000506016012304,0.000983148610307,6809.415977660002,7651.640951596667,6266668.462397357
8.656435317730374,23559.03098919614,2.0,2.0,0.2,-0.00688294139893,-0.00626501293682,9010.991067850002,5667.1755408633335,6374522.486661676
3.0818620516933573,586370.2939061576,2.0,2.0,0.2,-0.23006860992,-0.226104928478,60368.76395133001,33090.64959922333,9567433.93048198
8.322468133263538,145412.21708205738,2.0,2.0,0.2,-0.0467511216015,-0.0453358054778,21454.54369191334,2280.654724463334,7694627.301125325
5.394588537272087,397986.42570240115,2.0,2.0,0.2,-0.144190402858,-0.141258890911,44988.841087473345,20334.25882122334,8909936.085133845
5.605235412725519,503459.81927976693,2.0,2.0,0.2,-0.181415162587,-0.17777133922,56046.33448548668,26934.400269523336,10403932.443106359
2.634579765535522,330396.27554193855,2.0,2.0,0.2,-0.130786142537,-0.128525219792,34077.34303576001,16981.59837102167,6093293.827144047
2.1851128669355595,91886.70005037372,2.0,2.0,0.2,-0.0359878071785,-0.0352773436924,10241.261923492335,2961.4145647940004,2833400.256648382
7.687484109277004,436869.8624016998,2.0,2.0,0.2,-0.145686692743,-0.142357847355,51274.109567616666,18656.778135893335,6528550.926478619
5.719919795020048,360150.84605974983,2.0,2.0,0.2,-0.128895069408,-0.126195204168,41403.81424169001,15366.859068190002,8678294.886414222
5.213230972229026,438750.35360842507,2.0,2.0,0.2,-0.160095313959,-0.156905510528,48986.31589987335,23152.105318536673,9341044.18085624
7.700819943545373,461847.9737142523,2.0,2.0,0.2,-0.1540068212,-0.150511011412,52805.79697975668,22898.229918176672,10069478.955158617
8.006859641424434,585246.2206108471,2.0,2.0,0.2,-0.193204212355,-0.188859586794,67043.32113924334,30816.65133528667,13028453.419727601
2.850719425189505,344137.96801602596,2.0,2.0,0.2,-0.135382622145,-0.133009955864,35885.72536849334,17837.71140406867,6416800.290739084
6.686913770559951,204984.6676143611,2.0,2.0,0.2,-0.0704393042562,-0.0687138943155,25721.309665583336,7464.723723963335,5056572.076958895
2.650509699360327,389078.7341401423,2.0,2.0,0.2,-0.154187972739,-0.151551033797,39846.02297570668,20513.252870633005,6827302.438029282
7.886688231246889,41064.42554557568,2.0,2.0,0.2,-0.0128809001849,-0.0121846589894,10244.413193073335,4266.004014606668,6120564.205517968
7.084118828270686,538438.3909929518,2.0,2.0,0.2,-0.183996640679,-0.180022591541,61370.785100720015,27896.535837590007,10040667.912722584
9.631224279209393,71628.60680291808,2.0,2.0,0.2,-0.0215189118749,-0.0205312230726,14759.28327598667,3614.7184137533336,7638140.861288421
2.08614313902958,196705.70273149095,2.0,2.0,0.2,-0.0786311926962,-0.0772762607982,19971.761902430004,9161.918823461669,3970856.6956661204
1.9849651297856616,489447.22837567254,2.0,2.0,0.2,-0.198288195545,-0.195126665153,47245.810349316685,26439.529269452003,4918095.140806572
3.8985901348922014,358387.4269984271,2.0,2.0,0.2,-0.13642456403,-0.133859802082,39101.302856693335,18691.60866704,7152579.983197112
3.724498311755201,236181.31216646524,2.0,2.0,0.2,-0.0900047848503,-0.0882515706142,26565.915886036673,11082.844695700003,5708660.871921227
3.5993197921119986,284061.39562501287,2.0,2.0,0.2,-0.108923625445,-0.106869775577,31166.18286813,14103.855664136669,6221831.759779622
9.203163934428812,512728.4359213082,2.0,2.0,0.2,-0.161230292554,-0.157305239673,59375.02121690669,25048.518843906673,12888262.062663335
3.621142698720802,204002.63163593528,2.0,2.0,0.2,-0.077844375966,-0.0763073182868,23173.49756403334,9131.019755653337,5248225.619209413
3.8115726720933636,521789.8108873028,2.0,2.0,0.2,-0.199839923527,-0.196215677127,55535.52815560334,28627.90829076001,9812374.083943665
7.954885230552692,52880.65858601489,2.0,2.0,0.2,-0.0167613333543,-0.0159832078341,11522.44874644,434.80307460933346,3015777.1059257425
5.322788660829589,466079.0623251784,2.0,2.0,0.2,-0.169506436921,-0.166126458118,51890.56533497667,24592.04321633001,9737160.961625393
8.10203973411904,508528.5798328418,2.0,2.0,0.2,-0.167088283783,-0.16325415063,57957.880596666684,25753.322908543338,12126989.665378945
2.0556123392972747,109090.59170240325,2.0,2.0,0.2,-0.0431099066846,-0.0423005657906,11709.407453059335,4056.2315175613344,2938272.20766257
5.644355146223766,258207.91942332027,2.0,2.0,0.2,-0.0923485787472,-0.0903285837199,30859.440862183343,11237.124557343335,7296095.182668754
1.7857156015579023,99299.86479819338,2.0,2.0,0.2,-0.0394323828726,-0.038708169791,10306.292045135002,3579.6699573680003,2619880.3445749623
2.0325522293705136,423962.4773965307,2.0,2.0,0.2,-0.171302213353,-0.168539628923,41161.52083758001,22905.885430692008,6576655.86985357
9.204718353427493,321208.66083699407,2.0,2.0,0.2,-0.10063823212,-0.0980001073514,40387.68962111334,12858.719377216667,10486495.555767572
2.683585654499559,381194.0080249926,2.0,2.0,0.2,-0.150885593741,-0.148294748338,39179.59828149001,20093.080795623002,6738897.760874958
6.025575799339346,117892.1801737267,2.0,2.0,0.2,-0.0410962396453,-0.0399850838792,16682.117801113334,1989.4382502300002,3054970.184122598
4.994312622106006,127047.51723145171,2.0,2.0,0.2,-0.0459611858414,-0.044844943036,16732.03412466667,4129.650620640001,5243309.204486876
4.452418273200163,24898.39530594382,2.0,2.0,0.2,-0.00838344288676,-0.00796741905638,5864.958970470001,2628.370285016667,3594287.2589771138
9.148583438341817,193240.52111743783,2.0,2.0,0.2,-0.0603707319639,-0.0585927327925,27113.96181864667,4674.7836041066685,8806055.088650972
1.6854988725916606,335846.79680020496,2.0,2.0,0.2,-0.136773318149,-0.134619523305,31688.240372923337,17141.625310440337,3450320.1839193264
7.142212332492507,514760.9483983973,2.0,2.0,0.2,-0.175460299781,-0.171642487341,57724.94097845001,26383.182483276672,7044894.500728163
9.688852690815178,400156.46847520844,2.0,2.0,0.2,-0.123108963806,-0.119911512438,48239.33333177334,17553.724485673338,11823897.390304448
6.261429559425657,261237.79403985085,2.0,2.0,0.2,-0.0914217318551,-0.0893473904372,31677.662757040005,11014.545369456668,4433677.574027991
9.46299092728128,571872.0686364827,2.0,2.0,0.2,-0.178054583864,-0.173716238286,65705.43986123668,28981.731562603338,13816166.64244291
1.944191973931202,431547.12034549913,2.0,2.0,0.2,-0.174847230117,-0.172052176649,41628.960627686676,22964.694084313338,4388332.3316029245
5.059743212130372,558099.12171753,2.0,2.0,0.2,-0.205112835114,-0.201141509191,61133.710881300016,25210.235088213336,10756467.966703337
3.7113412231774348,316552.7839632994,2.0,2.0,0.2,-0.121086664674,-0.118810854703,34671.853701520005,15998.450812950003,6707420.715979174
7.711978202336203,155342.56487588375,2.0,2.0,0.2,-0.0511823568311,-0.0497332232379,21975.15641421334,3326.338845593333,3827658.8649180746
9.841025269226597,31696.01181883319,2.0,2.0,0.2,-0.00908608483957,-0.00835534824747,10747.938370563335,6344.821116013333,7246211.015924421
3.6805055307761063,435650.9108903103,2.0,2.0,0.2,-0.167307103739,-0.164257496221,46613.97468963667,23538.048372373338,8177183.038964616
7.060484112529633,72781.79880332047,2.0,2.0,0.2,-0.0241353036363,-0.02326932785,12879.951472870001,812.4296455000002,3721190.3405788313
3.183829878457791,181665.0769631803,2.0,2.0,0.2,-0.0701579128276,-0.0687982581602,20375.77320795667,7894.723009647001,4646964.433848187
6.305307163858684,319482.54473033844,2.0,2.0,0.2,-0.11185340235,-0.109390528915,37795.234477750004,13200.064514653335,4982570.7618167605
5.443426136850858,338649.9526678486,2.0,2.0,0.2,-0.122309274969,-0.119768820466,38947.74014450667,16442.564948060004,8241747.132846265
9.762045301868065,360349.9181922816,2.0,2.0,0.2,-0.110435569924,-0.10750222447,45127.95055386001,15034.384801976672,11325464.724373464
6.672481817919966,99753.19820982039,2.0,2.0,0.2,-0.0338532718823,-0.0328277801947,15355.671113670003,2298.457588173334,7758469.98490729
4.470804162737959,227842.44289298926,2.0,2.0,0.2,-0.0846958407933,-0.0829460634817,26562.941465640004,10071.103135590003,6113695.2871584315
2.4698141715474335,370316.53627018,2.0,2.0,0.2,-0.147489962813,-0.144997292053,37528.78797187334,19717.895376418335,6380808.552296812
2.7855980442469437,581891.3187802709,2.0,2.0,0.2,-0.23042995029,-0.226541713245,59162.84245047,32128.460774741674,9341555.994629243
3.4151939045854984,436578.6826198132,2.0,2.0,0.2,-0.169100263765,-0.1660701285,46238.086844646685,23685.907137790007,7974500.9606798235
3.633216621392533,553562.2542563747,2.0,2.0,0.2,-0.213335117939,-0.209519508762,58393.98456902668,30765.381065683338,9603280.936113276
8.730236491649672,457327.23498850624,2.0,2.0,0.2,-0.1464648943,-0.142938453749,53251.95937320668,22019.450528763336,11954180.155493814
6.270393700401462,355030.18133544025,2.0,2.0,0.2,-0.124576722159,-0.121878390942,40594.907096580006,17055.78046006667,5303383.268814397
5.948822746682115,115214.02148180673,2.0,2.0,0.2,-0.0402516778518,-0.0391613948239,15995.681436113337,1991.333371263334,5703069.639267046
2.4755354108883485,400011.39113550785,2.0,2.0,0.2,-0.159404669688,-0.156721466607,40401.26826078667,21414.631801660336,6778185.337144694
8.811187393470197,374027.73957594426,2.0,2.0,0.2,-0.119213560549,-0.11624054802,44809.15513731668,16579.18852051667,10866544.382593289
7.643921577272112,361481.50227435987,2.0,2.0,0.2,-0.120565405564,-0.117743357308,43348.44400996334,16399.439053510003,5759327.2214299515
2.0751810761500136,293871.5207929445,2.0,2.0,0.2,-0.118145030209,-0.11618520743,29126.439795546674,14869.82046015367,5131089.505557301
7.516598326453034,317193.96239356534,2.0,2.0,0.2,-0.106185228252,-0.103665444647,38616.539037926676,13707.22599850667,5311196.857457242
6.120074847412492,200665.51627086246,2.0,2.0,0.2,-0.0703546376766,-0.0686892719571,24799.510514560006,7245.739901280002,3830044.744753333
2.1946654388476152,311587.6155853819,2.0,2.0,0.2,-0.124904672566,-0.122819464569,31137.922656826675,15921.563994655005,5468195.9991719825
5.39555545299358,118533.54340708695,2.0,2.0,0.2,-0.0422375764672,-0.0411548147412,16235.153109306671,2582.429193436667,5398963.014974151
5.6199184406053995,483104.6384162261,2.0,2.0,0.2,-0.173935512542,-0.170423392298,53002.02202317,21393.72854721334,10157558.62490738
2.909083591387844,111466.17281922468,2.0,2.0,0.2,-0.0429771343447,-0.0420887037648,13078.158486276669,3737.077231953334,3621643.8400454493
9.5384342495024,50979.77393367985,2.0,2.0,0.2,-0.0151837748456,-0.0143384490793,12536.98602225667,4864.730209630002,7278610.45782811
8.724790657585626,261747.61581429443,2.0,2.0,0.2,-0.083452324438,-0.081237298314,33929.027961356674,9380.602436243336,9389393.517074088
7.186689867297421,394984.4637036371,2.0,2.0,0.2,-0.134134688776,-0.131113783718,46457.749571883345,18797.506366523336,8254816.034222914
5.429512268505161,262630.0949601248,2.0,2.0,0.2,-0.094654207891,-0.0926181057134,31081.267998420008,11684.607523173334,7262038.207808982
5.000007103468322,166052.47917078517,2.0,2.0,0.2,-0.0603604955025,-0.0589862536334,20787.690284786673,5848.067199436668,5708525.380641393
7.033274470783111,334902.71033426444,2.0,2.0,0.2,-0.114224743149,-0.111614653414,39259.56402574001,15125.951340790003,5325486.649053311
6.136170889958697,208201.40124731997,2.0,2.0,0.2,-0.0729901155491,-0.0712746432484,25574.04431908001,7732.336242236669,7055722.465196125
2.029321399996028,559720.6140759798,2.0,2.0,0.2,-0.226719660317,-0.223110698027,53955.57703066334,31040.05805287801,8181898.024588922
5.856272514547819,553587.0837621433,2.0,2.0,0.2,-0.197860339383,-0.193866060736,61542.80685130335,30191.56799829667,11225654.300345883
8.354430746479135,301423.09198325727,2.0,2.0,0.2,-0.0976517983429,-0.0951920404803,37749.782984626676,12160.786981583335,9681439.645691067
5.403538959574144,196730.39641095512,2.0,2.0,0.2,-0.0707138608491,-0.069114244349,24291.444872506672,7417.193089323334,6394037.852766168
1.9416309092112816,442279.44837398344,2.0,2.0,0.2,-0.179246096386,-0.176387710962,42610.32448861667,23744.826215538673,7015502.38635081
8.18336469476428,22027.766089839984,2.0,2.0,0.2,-0.00649586590974,-0.00591161674199,8484.185588923336,5712.65402884,6054417.614528053
3.2115921481557823,284861.40362619073,2.0,2.0,0.2,-0.110588045262,-0.10855992976,30722.040104710006,14319.871830764669,5938069.739765745
3.6982770965483294,201794.0365622001,2.0,2.0,0.2,-0.0767990876359,-0.0752725395717,23035.91574059667,8895.185679073335,5238228.755125506
2.900004004174515,552321.5310615328,2.0,2.0,0.2,-0.217856414482,-0.214138134281,56560.721552993346,30962.59955910334,9016894.271775294
4.306828051407729,7201.816363609526,2.0,2.0,0.2,0.0,0.0,285.8846905616667,352.11106440000003,0.0
7.932387798353398,331688.92543100944,2.0,2.0,0.2,-0.109328942857,-0.106690329319,40484.81139969668,14399.174301630004,9751552.398702288
5.914779805783468,444398.1486399756,2.0,2.0,0.2,-0.158233045995,-0.154958045515,49397.96452504668,22902.924148620004,9898634.156265633
3.241490830281057,291010.7925144248,2.0,2.0,0.2,-0.11289423516,-0.110821791625,31358.241595780008,14674.896605979002,6048731.986273767
8.961555664292348,51241.818097633,2.0,2.0,0.2,-0.0156136440989,-0.0147958288322,12153.323096750004,4140.874116196667,6909126.86197403
8.976445767087998,583476.8340167414,2.0,2.0,0.2,-0.185344887431,-0.180957457578,67719.75201920334,29907.051101736666,13637407.26106212
8.899916612891058,310806.25882565876,2.0,2.0,0.2,-0.0985594273021,-0.0960089205826,38368.354815330014,12346.226404590001,10129695.69498046
3.529767796743084,368511.7465914068,2.0,2.0,0.2,-0.142000161605,-0.139398509762,39651.76728793001,19394.76886840667,4521859.685022002
5.335534425538398,141965.86962450438,2.0,2.0,0.2,-0.050878589476,-0.0496440563184,18603.95615503667,4105.127927806668,5656937.290114011
9.872412077197438,290098.8510640823,2.0,2.0,0.2,-0.0883373566067,-0.085870635513,37830.23397375667,10398.145107513335,10534978.64376418
8.062106048634918,257489.6951749931,2.0,2.0,0.2,-0.0842477629051,-0.0820959071697,32927.203164586674,9567.720525570001,8885364.91833908
1.7309230804172584,44937.505201190244,2.0,2.0,0.2,-0.0172141389579,-0.016826864483,5239.442984903668,424.3491293993334,2031653.838496773
2.0542390257141827,63696.212128480336,2.0,2.0,0.2,-0.0246816006666,-0.0241544774563,7416.779800773336,1357.5056336600003,2409081.9482015856
5.443416702904829,502483.5117712647,2.0,2.0,0.2,-0.182088944392,-0.178462532139,55854.388893893345,26968.401894770006,10317995.287758708
9.22837174982326,143891.97132395415,2.0,2.0,0.2,-0.0446242779361,-0.0431728731768,22048.196756140005,1544.1733819733336,8272853.254484627
6.078965282598071,116974.96289917832,2.0,2.0,0.2,-0.0406947951739,-0.0395860277735,16643.344963693336,3311.3462318800007,5820417.791496615
5.731406318291467,302946.87075008353,2.0,2.0,0.2,-0.108202738935,-0.105879541277,34847.63967613334,14065.59007120334,7993834.611773257
2.39652644963136,461248.2788175078,2.0,2.0,0.2,-0.184488687461,-0.181424386177,46172.38612749667,24910.52013140634,7453011.408987951
7.0826308901565,37167.911147392755,2.0,2.0,0.2,-0.0119221437911,-0.0112921060015,9210.962334003336,3639.6364320933335,2694340.8741112556
8.487876865101917,346084.7517829535,2.0,2.0,0.2,-0.111667953642,-0.108901708033,42538.62242354667,14917.144447536672,10364726.10619751
4.73357006381428,71526.26570434401,2.0,2.0,0.2,-0.0256777734426,-0.0249400878659,10873.27491431667,98.58461624333331,4373172.328784646
8.092700732865284,21876.630495371075,2.0,2.0,0.2,-0.00646648002888,-0.0058878547493,8410.680512600002,5657.218366316668,5995124.0443294505
9.698051558156898,31646.371297330432,2.0,2.0,0.2,-0.00912131178791,-0.00839794898278,10392.639257900004,6097.318389230001,7155014.472977628
3.232014902585357,500498.4649250648,2.0,2.0,0.2,-0.195213698449,-0.191786403805,52220.85931989668,27772.192795610008,8623148.44991238
5.948301865155301,70783.49017683695,2.0,2.0,0.2,-0.0243875298984,-0.0235916327242,11791.40072967667,923.417941296667,5153292.344706687
3.940672643718892,27090.81864737517,2.0,2.0,0.2,-0.00934506127528,-0.00894134254484,5669.434226628001,2084.0468065100004,3290437.626384007
8.239262561787633,262739.9322857474,2.0,2.0,0.2,-0.0853912021549,-0.0831969221616,33555.72987749334,9759.054646810002,9100551.975389855
6.409543609989838,506396.08316521486,2.0,2.0,0.2,-0.177319539074,-0.173604327303,57216.37092285335,26738.770993630005,6787298.023095418
6.893950549177582,157445.02589358116,2.0,2.0,0.2,-0.0534922933904,-0.0520718435348,21517.228927710003,3946.408989713334,4592144.297825679
8.2822703567351,253027.57051554983,2.0,2.0,0.2,-0.0820650731106,-0.0799317293007,32650.533512876675,9093.429416603336,8991580.639952032
4.865749017630867,23953.519538250734,2.0,2.0,0.2,-0.00793191882905,-0.00750090106253,6104.275828320001,2978.1882966966673,3875364.056544171
9.278265581459866,269447.1084809255,2.0,2.0,0.2,-0.084033684508,-0.0817373185792,35204.27937414,9501.431732193336,9838787.342431385
6.0307453715921895,346567.8483822802,2.0,2.0,0.2,-0.122628475036,-0.119998454418,40344.81280662001,14595.68597147667,8747233.593297426
2.8426159941004583,342544.23225128686,2.0,2.0,0.2,-0.134780068134,-0.132417436476,35738.21833540667,17998.072059568673,6372287.067090157
7.4151425044348205,199456.0153046191,2.0,2.0,0.2,-0.066693951374,-0.0649663600152,26304.977926220003,6314.768486396668,4206414.841593802
8.242721478725162,189319.9083978813,2.0,2.0,0.2,-0.0612920987138,-0.0595874908452,25916.177665926672,5014.3021103733345,8152261.453957137
4.192474255073977,63974.17136195873,2.0,2.0,0.2,-0.0232646405508,-0.0226062069421,9636.163673113335,1.2378448766666408,3894244.7115720473
8.7860236844894,220078.99238776104,2.0,2.0,0.2,-0.0698683793315,-0.0679293397905,29656.70368301,6639.52761833,8904538.412816424
9.202217665509014,59696.80132377879,2.0,2.0,0.2,-0.0181317090514,-0.0172449624655,12912.699627190004,3780.2812270166673,7162984.908656049
3.853688142711376,459957.56682723097,2.0,2.0,0.2,-0.175732373162,-0.172512768338,49266.806452510005,24941.271477206672,8661051.52109617
9.859932518079388,579764.5786489116,2.0,2.0,0.2,-0.177562090248,-0.173146800663,66930.23122921001,29236.38052959333,14195427.53600014
2.6960479884144464,582044.6740000241,2.0,2.0,0.2,-0.231134856897,-0.227257766357,58865.110613960016,32769.29232881001,9142711.174724994
3.217133181421165,519042.6596252363,2.0,2.0,0.2,-0.202603946238,-0.199059471793,54082.05661848334,28896.629623913337,8846378.479375465
3.065911133523222,360475.28960377147,2.0,2.0,0.2,-0.140926965271,-0.138425106318,37928.49457087667,18769.680084777337,6765770.341338316
9.098912535066898,420519.41834632796,2.0,2.0,0.2,-0.132607574361,-0.129307388923,49808.43803311002,19392.957571780007,11649556.961952347
7.061486694762176,171123.48160824843,2.0,2.0,0.2,-0.0578572436039,-0.056337161963,23068.857589613337,4744.328480716667,3854191.2958846064
2.7928864073893194,378462.25210357236,2.0,2.0,0.2,-0.149283949499,-0.146696730983,39102.77610779334,19901.18210347967,6785180.598625203
5.242749056130966,273389.72966392647,2.0,2.0,0.2,-0.0992167612867,-0.097117868259,32037.146358876675,12448.522037310002,7225802.0599324955
6.730033213093317,289210.4038661595,2.0,2.0,0.2,-0.0996112652646,-0.0973232020585,35083.711858726674,12513.60044401667,4814103.298366897
2.209444722409758,454665.9362250948,2.0,2.0,0.2,-0.182852135462,-0.179869484693,44753.00932325001,24769.915996722004,7146284.269073606
9.000539131462379,169151.013358351,2.0,2.0,0.2,-0.0530682558207,-0.0514590575244,24425.45254368334,3317.1169327966677,8405261.4509129
8.33063005125305,190823.76701671194,2.0,2.0,0.2,-0.0615732034915,-0.0598543159993,26145.99452420334,5140.599579620001,8259047.739096356
5.794257575401425,554785.074677182,2.0,2.0,0.2,-0.198730312979,-0.194731433526,61657.99232673002,30124.915288563338,11241088.42358762
9.72057622970295,33734.576910583346,2.0,2.0,0.2,-0.00975715777466,-0.00901861884613,10874.94571954667,5794.6705808433335,7190556.22910099
5.050968323838347,291380.57904800423,2.0,2.0,0.2,-0.1065145943,-0.104309793377,33684.79738006001,13714.525591303334,7339356.715597182
9.864937711810231,547680.480244717,2.0,2.0,0.2,-0.16763488113,-0.163435392854,64791.385538273345,26844.575803983334,13770293.400432829
7.17731998983083,366217.8046908942,2.0,2.0,0.2,-0.124329859177,-0.121502639765,42546.55267273334,17185.869835733338,5690308.908403261
6.894705822658502,327844.2445272792,2.0,2.0,0.2,-0.112369577665,-0.109814863654,39194.32807357334,14872.873098656668,6581559.323867333
2.9106166100141726,149846.50753761313,2.0,2.0,0.2,-0.0581603079389,-0.0570258555915,16888.62743171667,6106.661261375001,4050999.455578236
8.996385945589473,205965.29343866897,2.0,2.0,0.2,-0.0647909070702,-0.0629352388959,28234.423382060006,5661.773838000001,8912726.279793277
5.133662347325229,511229.0494828158,2.0,2.0,0.2,-0.187287192714,-0.183621213934,56382.19438814,27561.84289649667,10124788.393045908
2.8789839491510745,335530.87906107487,2.0,2.0,0.2,-0.131847493372,-0.129526216311,35095.242040793346,17268.241030131,6344562.00668294
1.6071639197939518,308845.31625406793,2.0,2.0,0.2,-0.12594690438,-0.123974933949,28802.682755646674,15738.525839082671,4831771.753767736
6.257923310926252,59747.82812401735,2.0,2.0,0.2,-0.0202315341504,-0.0194936236489,10654.776534116669,465.5262518033335,2629381.3886141363
5.982896788042749,9616.893873073874,2.0,2.0,0.2,-0.00255782075979,-0.00216529125235,5513.483223806667,4850.231561700001,4452551.2355190255
7.614505790137848,578211.1132122295,2.0,2.0,0.2,-0.193772425358,-0.189498035595,66019.13239766334,30159.653635856677,10995772.61357641
9.067193450651319,226191.700372105,2.0,2.0,0.2,-0.0710280028868,-0.0690330358779,30438.62773524334,6813.997698286668,9190923.124728443
2.174955969465751,361927.8372597026,2.0,2.0,0.2,-0.145399177678,-0.142999069511,35777.42332323334,19205.482935889337,5985682.89063073
7.71772016789308,47829.043912370995,2.0,2.0,0.2,-0.0152204374237,-0.0144872876172,10794.150000653335,591.8725383384668,2987805.7979964605
3.093001524829449,409868.5714338279,2.0,2.0,0.2,-0.160290438762,-0.157469774386,42817.51021451668,21796.13643969667,7428049.88045475
8.794504951835894,559540.0252235766,2.0,2.0,0.2,-0.178996834379,-0.174779491497,65029.04410011335,28456.785995296672,13297695.946250675
8.462039867824076,345399.1517984518,2.0,2.0,0.2,-0.111556722094,-0.108795104068,41598.734432370016,14941.48082690667,10304207.249053909
6.096746917377128,75669.19342524634,2.0,2.0,0.2,-0.0259971737419,-0.0251617341109,12135.351556950001,757.6662814490002,2710745.7179053063
7.537063788298148,349032.916484086,2.0,2.0,0.2,-0.116852710232,-0.114118468285,42018.154159036676,15757.406105646667,7111113.39173693
4.171975962061861,459808.3278627914,2.0,2.0,0.2,-0.173850498197,-0.170597508413,49904.697749943334,24791.72649510334,8817386.878189538
5.504927140928924,243849.9219444112,2.0,2.0,0.2,-0.0875822652483,-0.0856655117557,29256.45422354,10408.804568483336,7055240.737735755
8.483913630539009,527902.6487648807,2.0,2.0,0.2,-0.170914335473,-0.166930133334,61447.18518472001,26720.76137700334,12657220.432010073
5.403754175972319,389209.7720144187,2.0,2.0,0.2,-0.14094120469,-0.138066881915,44104.57316496668,16837.67448461334,8809815.11814884
4.541285255266255,539549.3509735215,2.0,2.0,0.2,-0.201769108568,-0.197966142197,58446.06416074335,29605.13748437667,10137337.433206744
5.700805801627549,374103.1867484023,2.0,2.0,0.2,-0.134024926,-0.131233162524,42878.79415916001,18607.29567191667,8794275.801050691
8.540118645716356,78772.78320289454,2.0,2.0,0.2,-0.0247770505187,-0.02379622726,14313.268818963334,2321.2520173966673,6970119.057427949
4.349268402652418,185815.02666311347,2.0,2.0,0.2,-0.0691540331557,-0.067688139787,22147.687902623336,7523.584702913334,5503375.343771092
2.9769735416538223,121076.96895147415,2.0,2.0,0.2,-0.0466825353636,-0.0457272971062,14103.20839568667,4342.168989215001,3762410.832440655
7.552119172811636,545295.8986301174,2.0,2.0,0.2,-0.183096057819,-0.17904597258,61344.18895334667,28145.21361107001,9486138.491061637
8.520814808018695,456240.0403724896,2.0,2.0,0.2,-0.147338405311,-0.14383063871,54129.49461808001,21959.991504173337,11787185.442717167
2.3554185674500334,405839.02134600363,2.0,2.0,0.2,-0.162342699301,-0.159638720219,40631.95235277001,21543.613453132002,6738824.28309898
3.53892995842553,180579.791778973,2.0,2.0,0.2,-0.06895941219,-0.0675810190568,20734.208598413337,7642.3836041,4928620.498494101
2.706761912968448,110426.86323012812,2.0,2.0,0.2,-0.0428262416949,-0.0419590023261,12733.002051140002,3805.040705189001,3454915.365841403
4.457501998448416,453870.6527933471,2.0,2.0,0.2,-0.169973053116,-0.166737107215,49566.50246282001,20165.786909326675,8958811.433403542
5.327983320696008,284494.7675274478,2.0,2.0,0.2,-0.102984672066,-0.100808431189,33247.076879680004,13102.808098833337,7421956.405264767
7.865023864188105,135473.73129037747,2.0,2.0,0.2,-0.0442758682374,-0.0429515105153,20017.107574353337,1823.7734496900005,5233341.4585657995
7.03475447149423,369973.18689916504,2.0,2.0,0.2,-0.126288629744,-0.123444066779,43711.83703990334,17335.493128020007,5655298.133330465
6.777892823566665,24200.311283071187,2.0,2.0,0.2,-0.00755914767286,-0.00703044333831,7614.255771013336,1443.0527791533339,2500313.328360653
4.495187046182062,195702.15247695212,2.0,2.0,0.2,-0.0725369089393,-0.0709971128083,23291.04883985667,8039.776682030001,5732705.051423052
8.65230420122046,281134.1967546808,2.0,2.0,0.2,-0.0899577476026,-0.0876170890536,35127.754198023336,10648.943446343335,9608073.34751607
5.505940922884399,88775.0004656435,2.0,2.0,0.2,-0.0312825964686,-0.0303913290034,13261.656786500003,2116.3324044000005,5083253.7081549615
9.822391973128813,590792.6865545037,2.0,2.0,0.2,-0.181251899549,-0.176760970159,67982.35151546336,29860.30465853667,14357777.857750362
6.890208175513763,125458.41875376855,2.0,2.0,0.2,-0.0424577514936,-0.0412504836675,18204.542109013335,3511.724514610001,4229907.880723783
2.5732503032982734,78211.87802595932,2.0,2.0,0.2,-0.0301206449833,-0.0294667606941,9441.576598030004,1909.984402230334,2960375.293381754
7.247509277641189,122120.92433213783,2.0,2.0,0.2,-0.0407668966393,-0.0395637290941,17755.370688613337,1575.3368685766673,4362026.298229912
4.263384131169442,461436.67989583453,2.0,2.0,0.2,-0.173949750552,-0.17067944362,50105.556200313345,24819.156195356674,8939673.069899607
7.333781171831828,255303.39556310567,2.0,2.0,0.2,-0.0858756810614,-0.0837797846502,32064.066358540007,9757.233530190002,5772885.652528687
2.091949759380449,339249.5638515228,2.0,2.0,0.2,-0.136536919679,-0.134289715491,33476.11261733334,17842.566732935004,5653368.42649062
2.986492215995655,12605.494191816446,2.0,2.0,0.2,0.0,0.0,198.1372306176667,264.1731609293334,0.0
8.773766700699184,20658.785143988734,2.0,2.0,0.2,-0.00592464583811,-0.00532039937167,8808.138971363336,5947.848383766668,6427637.672110359
3.4310262346998766,267495.3298962097,2.0,2.0,0.2,-0.103052587148,-0.101118815592,29313.154578073332,13085.293724886667,5899257.826553171
8.614849564564992,489993.14592097414,2.0,2.0,0.2,-0.157733605502,-0.153995745177,57669.053705740014,24112.36073838,12275308.414580802
3.8738467518624886,531143.3272245391,2.0,2.0,0.2,-0.203037243483,-0.199343518226,56544.98293427002,29410.91010304667,10019874.85565252
6.964496235499015,52023.94055738413,2.0,2.0,0.2,-0.0170795321004,-0.0163569015849,10651.571018450004,153.9257914466667,2788681.21584803
7.400279874833563,323017.86126061366,2.0,2.0,0.2,-0.10863164863,-0.106078670682,39144.63580874001,14195.97388537667,5331317.220661774
5.85756540173295,547937.8117675623,2.0,2.0,0.2,-0.195820088995,-0.191860874407,61020.51046488335,29489.303628483332,11168217.884662326
4.095140751922216,232783.65263873182,2.0,2.0,0.2,-0.0876312180757,-0.0858742772582,26627.779964896672,10594.351516883335,5914786.186093581
3.307477199154317,497739.49885702116,2.0,2.0,0.2,-0.193662868621,-0.19024354523,52192.72004817668,27976.704329353335,8672093.069455957
1.7821095137806229,80217.39263966172,2.0,2.0,0.2,-0.0316262516291,-0.0310205229152,8526.857952960001,2464.613227541334,2474348.2313025543
4.0835444105461525,561236.6938006792,2.0,2.0,0.2,-0.213160813986,-0.20925070938,60087.054390603334,31482.06901889334,10118844.225881806
7.051883719515906,450853.9905187816,2.0,2.0,0.2,-0.154040151989,-0.150657248425,52048.91832907334,22545.76166485,6449255.278913417
9.475590956812102,564800.635672141,2.0,2.0,0.2,-0.175745685187,-0.171452196723,65056.21628374668,28237.040103623338,13697399.585508563
8.905238099235941,405970.3401315039,2.0,2.0,0.2,-0.128991359955,-0.125798675611,48997.88435983001,18582.202841160004,11331451.740400294
8.011550600550072,218042.3591996562,2.0,2.0,0.2,-0.0713503414172,-0.0694653213498,28774.317721170006,7037.631708043334,8384062.533118067
8.201802417653038,562908.7035148335,2.0,2.0,0.2,-0.184371706801,-0.180166000377,64805.09354590668,28881.790575036674,12926438.341579678
7.1523716795459595,165340.0657855071,2.0,2.0,0.2,-0.0556849905469,-0.0541975562795,22558.05973687334,4361.922341116668,3819316.4185768943
3.7124382893110255,199303.51323703953,2.0,2.0,0.2,-0.0758040554148,-0.0742912378591,22826.21871303667,8730.421879610001,5228196.322281278
9.211157760999555,420485.0508010442,2.0,2.0,0.2,-0.131991554059,-0.128685512869,50854.43498273001,19142.387661570003,11784958.724539224
7.201224651199589,459189.77971523174,2.0,2.0,0.2,-0.156042238648,-0.152590791043,53248.99596535335,23113.625108073335,9016752.370636936
6.263745363333739,557642.0903094923,2.0,2.0,0.2,-0.196435879358,-0.1923858817,62361.09269587669,29888.345022816677,7220238.533257847
2.443410488314589,122881.4454337257,2.0,2.0,0.2,-0.0481601623149,-0.0472331920681,13597.359943930003,4698.679246275334,3387638.9623124553
5.299972122354616,478798.8211315344,2.0,2.0,0.2,-0.17430796664,-0.170846083344,53205.75873063334,25406.52277217667,9895965.862346888
5.413045305216373,443127.63203817804,2.0,2.0,0.2,-0.160587330311,-0.157355028019,49581.97906278335,23067.13932892334,9534896.880108202
8.848790680942695,38276.73375215872,2.0,2.0,0.2,-0.0115381318915,-0.0108126643697,10695.339671353335,4870.726155280001,6673736.382344951
6.146509871596202,232333.88472612418,2.0,2.0,0.2,-0.0815335038174,-0.0796559941048,28641.17438740667,9252.987636656668,4127795.0328310216
4.733404666248482,169659.27423605917,2.0,2.0,0.2,-0.0622498926166,-0.0608667822712,20883.816081640005,6257.193323990002,5568782.2921389565
9.802802792340604,182694.25461241824,2.0,2.0,0.2,-0.0555238649603,-0.0537822984926,26487.255746393337,3618.310315483334,9123295.201561715
2.4411250432736833,589768.1277328205,2.0,2.0,0.2,-0.236060258034,-0.232176742511,58634.25751320002,33067.69632455968,9069218.583749993
5.091661640651529,385666.44808795676,2.0,2.0,0.2,-0.141161316374,-0.138331569064,43406.67542174001,19747.13757380334,8564714.73427296
1.857209738956945,430605.69467609975,2.0,2.0,0.2,-0.174907068616,-0.172141364568,41050.52096910001,22831.167451898335,6486553.397450214
7.789185026518908,585970.5823890055,2.0,2.0,0.2,-0.195076014503,-0.190743034347,66967.58776871,30884.077441470003,10032645.63166365
9.30365069369278,226321.0694745832,2.0,2.0,0.2,-0.070388408565,-0.06838021342,30656.16011118,6681.671389083335,9351113.865192667
3.88031730117916,481104.1010716836,2.0,2.0,0.2,-0.183724134602,-0.180359776437,51554.793632783345,26409.847782170003,9035456.432108412
8.795904252792528,260718.57798269723,2.0,2.0,0.2,-0.0828854314495,-0.0806738183169,33167.15605946667,9212.006937746668,9445916.063974401
3.983854958926131,521720.20308898785,2.0,2.0,0.2,-0.198692355883,-0.19504835693,55879.09207365335,28994.82108709334,9882377.957167614
9.241546373973279,108394.52478678191,2.0,2.0,0.2,-0.0334262912654,-0.0322116571861,18316.698265156672,735.7109952992001,7799457.01414574
7.908676180572663,568611.7062385677,2.0,2.0,0.2,-0.188387366791,-0.18416026197,64034.43834531001,25176.504486390008,12837812.323034713
8.341707603152228,131263.0250465278,2.0,2.0,0.2,-0.0420969314926,-0.0407755837688,19997.27980383334,1203.848231326667,7506066.95449601
1.6530557226038631,195732.30418855892,2.0,2.0,0.2,-0.0792246996821,-0.0779290311827,18791.51453119667,7837.97289727,3599402.0100205955
9.68388803512922,453715.3404640683,2.0,2.0,0.2,-0.139744332999,-0.136186035055,54864.07900575668,21177.05420582334,12480085.238128984
7.676703432597748,236253.08493924403,2.0,2.0,0.2,-0.0783771844692,-0.0763909637825,30385.587738656668,8429.205207560002,6708008.201473905
4.090384310782133,364926.826059868,2.0,2.0,0.2,-0.138066492992,-0.135447723223,40007.449752520006,18889.725732106668,7555831.757351161
8.5498546513002,266744.1006416571,2.0,2.0,0.2,-0.0856541814242,-0.0834164806133,33565.98397306667,9786.187095953335,9343341.173359105
3.892930186526905,445421.9622538691,2.0,2.0,0.2,-0.169917957118,-0.166783143212,47992.33241757334,24286.855605120003,8479086.789564237
8.918407636312088,136998.7514211665,2.0,2.0,0.2,-0.042983682776,-0.041594364542,21044.473903600006,1154.2064857133332,7946074.386923808
2.4569333185014646,35074.7923421262,2.0,2.0,0.2,-0.0129280422812,-0.0125544969444,5148.545126240334,635.4955645453334,2364950.955475814
7.481330808416764,179957.63848383975,2.0,2.0,0.2,-0.05994187389,-0.0583393857063,24327.292679326667,4968.404276436668,4072991.3361669225
6.095937051481738,284585.19892105815,2.0,2.0,0.2,-0.10027366966,-0.098051167445,34003.24923101334,12586.342344333336,4606411.7408681875
2.320542996661247,100812.03131560714,2.0,2.0,0.2,-0.0394434887295,-0.0386654567272,11286.469603096002,3421.067573132001,3053919.053959773
3.556097540200131,212878.37379383322,2.0,2.0,0.2,-0.0814474691029,-0.0798571434446,24036.859480010007,9674.366475990002,5290059.718474142
1.6054343083571756,239989.8109761411,2.0,2.0,0.2,-0.0975629251471,-0.096008016412,22580.598880730005,11634.109957810668,2590254.346089744
5.4845277064483,34435.10621296413,2.0,2.0,0.2,-0.0115875418684,-0.011056036258,7673.812709676668,2881.0493689033337,4423372.194337152
4.0607547164600035,349984.3489105227,2.0,2.0,0.2,-0.132490144968,-0.129968788905,38527.456440550006,17955.308197886672,7341798.466092191
6.58603861653095,530606.0567827725,2.0,2.0,0.2,-0.184669058549,-0.18078174607,59777.70654767667,28185.396080430004,7021650.664077836
4.026521365523246,91045.74777183145,2.0,2.0,0.2,-0.0337126598325,-0.0328866313986,12213.231945220003,1808.1935268000004,4107648.1228114576
4.0493124478093705,358684.8080409084,2.0,2.0,0.2,-0.135869049131,-0.133290974031,39391.655229003336,18485.289851080004,7486217.883371952
7.817142189218629,398843.5229465077,2.0,2.0,0.2,-0.132253194649,-0.129170589118,47412.69585207001,18768.07113644334,9375695.555808714
1.9092141058160044,251600.808251573,2.0,2.0,0.2,-0.101451396617,-0.099780644533,24606.276438070006,12546.57306787167,4434479.061667572
9.174607459131892,420658.552418562,2.0,2.0,0.2,-0.132242857984,-0.128936652726,50924.55178466667,19212.016467430007,11720240.192591753
8.744242932325042,246438.92609460722,2.0,2.0,0.2,-0.078462649294,-0.07634883994,31686.29364052667,8366.098706146668,9198819.931498067
7.176339807424456,302782.37278646097,2.0,2.0,0.2,-0.102624098828,-0.100219408942,36859.482463406675,13069.294690186669,6913276.410535013
6.542383345912767,4411.826732656188,2.0,2.0,0.2,-0.000708030556776,-0.00032228232166,5406.041822806667,5681.174627976668,2265463.5015577693
9.084571234187045,415032.0684808133,2.0,2.0,0.2,-0.13094132828,-0.127678047366,50187.57091870001,19014.37026370667,11609816.05688707
3.0753065259940726,396805.60736683465,2.0,2.0,0.2,-0.155223598848,-0.152483864706,41587.42906467334,21316.959147031004,7234894.462745995
2.171237878622043,23040.526395806737,2.0,2.0,0.2,-0.00815992795108,-0.00787907672354,3696.383374418334,1168.389382579,2021817.3418712383
3.535836444231074,220950.06443707985,2.0,2.0,0.2,-0.0846349998812,-0.0829934702662,24770.41057803667,10201.187833933336,5367424.883694626
8.253915368951617,587419.1044750004,2.0,2.0,0.2,-0.192065309391,-0.187693417932,67438.21037319668,30634.898608400006,13244465.482033601
1.7946972671751082,252441.93754117007,2.0,2.0,0.2,-0.102139098666,-0.100474620412,24376.822218360005,12525.657884713335,4568363.266833162
6.453858098209662,301167.24307910504,2.0,2.0,0.2,-0.104819930215,-0.102467833381,35969.04489921667,12281.043944966668,4856722.39429524
9.961218887626135,545958.0948958312,2.0,2.0,0.2,-0.166425645222,-0.162231445495,63403.91992119335,26894.736149730004,13815308.6725387
8.773416797619085,430357.12551945384,2.0,2.0,0.2,-0.137526145763,-0.134177476628,50528.81279010002,20057.145149280004,11621020.27053264
5.932288356870511,349242.07867453416,2.0,2.0,0.2,-0.124018966628,-0.121376884192,40511.02346078,14751.93353041,8705917.866284003
2.0409477289364597,478682.8088046435,2.0,2.0,0.2,-0.193573002441,-0.190466270895,46423.90165785001,26185.14862885067,7229070.866947308
8.566674872278533,518619.759873584,2.0,2.0,0.2,-0.167334190918,-0.163408087127,60471.461164200016,25787.071318376675,12628455.012844115
6.59131731950629,274132.8430423601,2.0,2.0,0.2,-0.0948457537186,-0.0926648411686,32691.44172586667,10910.913354693335,4650571.491143038
2.476930475006318,285065.01895910123,2.0,2.0,0.2,-0.113198985529,-0.111244904935,29281.519280806675,14527.975659727335,5373234.246141111
2.2977869209985275,231630.56139110148,2.0,2.0,0.2,-0.0922363118776,-0.0906381243515,23768.03197829667,11350.59196035667,4548299.803039636
9.231827965211036,580023.6840110763,2.0,2.0,0.2,-0.182338851772,-0.177958537593,66320.20193210001,29715.791723073333,13785040.559386544
7.188202234973667,418299.75257421023,2.0,2.0,0.2,-0.142111405273,-0.138934382824,48892.99645105668,20541.495666976673,7660085.574159047
8.548937794192423,49933.839724843376,2.0,2.0,0.2,-0.0154389691331,-0.0146503544224,11401.724688796668,3926.6321248233344,6609150.393406806
8.971320652399271,517775.77398781106,2.0,2.0,0.2,-0.164373077862,-0.160426088304,59696.136912846676,25770.695930303336,12897080.459542563
6.360064992410739,288335.96450176084,2.0,2.0,0.2,-0.100653474444,-0.0983920040378,34662.84333952667,12637.543397810003,4726733.383020211
5.898293989917851,41252.34385349248,2.0,2.0,0.2,-0.0138700116752,-0.0132727428213,8705.367263380002,2733.887984616667,4784907.905014941
5.158632987728417,329830.3530979866,2.0,2.0,0.2,-0.120274223645,-0.117808126741,37731.59052846001,13988.508875733338,7900866.224091471
4.194045996224514,250298.56738542125,2.0,2.0,0.2,-0.0940071230857,-0.0921279019872,28514.160348330002,11640.085983446668,6214811.601088417
5.19406566729905,526649.642917575,2.0,2.0,0.2,-0.192575116714,-0.188803747809,58085.12424977001,28620.717553043334,10438047.486362776
8.077977073706329,122396.76216563242,2.0,2.0,0.2,-0.0396034661515,-0.0383556049194,18439.097187040003,927.6663988833335,7206408.472385515
6.616349163628619,495878.76569530973,2.0,2.0,0.2,-0.172303475166,-0.168643544297,56374.35453959334,26018.09185796334,6713185.320688512
9.086447964616191,334613.21471127163,2.0,2.0,0.2,-0.105379290982,-0.102656623376,41835.63435873667,13776.997293050003,10570242.114019636
5.268730122223095,32766.181928081427,2.0,2.0,0.2,-0.0110578383811,-0.0105481802922,7337.764775120001,2731.0985607500006,4255170.0354218
6.660261419109409,583107.1807952907,2.0,2.0,0.2,-0.202527361715,-0.198284979678,65471.75000776334,26125.93771950334,7582426.612165425
6.8661142012819045,307569.14646191994,2.0,2.0,0.2,-0.10546906261,-0.103051651432,36983.38522179667,12455.655969853337,5043795.150251386
6.5294258796037665,174526.1125389495,2.0,2.0,0.2,-0.0601809952723,-0.0586669658902,22488.863624083333,5300.962259000001,3723832.6539901313
7.472387071226889,281644.10519355483,2.0,2.0,0.2,-0.0943369332551,-0.0920559062303,34935.43430687334,11481.404475403337,4977069.472530668
3.5181844811858536,514714.6701104934,2.0,2.0,0.2,-0.198986342747,-0.195436013698,54324.03943413334,28375.49177962334,9052067.662623309
5.85509210913922,182941.8746310381,2.0,2.0,0.2,-0.0646632595524,-0.0631294129483,23300.95759041667,6325.018279120001,6533555.243937982
2.3859108238709554,115605.8378920202,2.0,2.0,0.2,-0.045316829514,-0.0444392592072,12818.686289210003,4306.128559521335,3248780.7422763165
4.768346284980907,77442.74815852888,2.0,2.0,0.2,-0.0278496722766,-0.0270721048303,11486.265482620003,370.97510363666674,4478452.837828404
5.645170083280748,178715.63903412674,2.0,2.0,0.2,-0.0636129248257,-0.0621189674118,22651.980967073338,6210.979022616667,6314917.131898642
7.043906206136516,468028.8522240261,2.0,2.0,0.2,-0.160007406697,-0.156509665109,52765.70191871668,23477.738227216672,8307882.638066234
9.579513946982729,282975.819117157,2.0,2.0,0.2,-0.0872096154408,-0.0848072836472,36828.95348724334,10150.061589856668,10220108.624572458
6.605534065661025,136488.962216124,2.0,2.0,0.2,-0.0467461631942,-0.0454802381946,19105.69454128,4112.463607070001,3391764.4614250455
7.820548287500758,99710.99976584951,2.0,2.0,0.2,-0.0324372905118,-0.0313534203572,16293.570026436668,439.0005499003334,4759706.106094174
5.803261505709224,199637.68590622745,2.0,2.0,0.2,-0.0707797941299,-0.0691380719721,24957.656681930006,7426.800466966667,6709324.37463837
6.889884266698816,563954.6237314253,2.0,2.0,0.2,-0.194178700374,-0.190047739114,63765.97555878002,30028.839966936666,7478861.226131174
2.102923837137074,205816.0275540146,2.0,2.0,0.2,-0.082289294059,-0.0808747329065,20900.461111156674,9820.920670986003,4094127.514411488
3.6623284371556992,592874.4455727813,2.0,2.0,0.2,-0.228394631865,-0.22432021579,62547.59808758335,33381.36289181,6599271.012762894
4.5757512922436785,291138.2734592137,2.0,2.0,0.2,-0.108151943125,-0.105979776948,33166.13307777334,13986.774564073336,7002964.640085198
5.516193517555365,107498.35097409053,2.0,2.0,0.2,-0.0380615518609,-0.0370455540236,15190.176928563335,3029.7905453400003,5323648.571241725
1.8880143367702618,534684.0550761056,2.0,2.0,0.2,-0.21739233248,-0.21398313651,50823.52319989668,29188.345456855004,8111186.763317635
2.6902048292032004,276213.2238808961,2.0,2.0,0.2,-0.108939558084,-0.107016436572,28903.31739701667,13951.218439533668,5459588.746332527
3.8529216162260993,425802.8061027147,2.0,2.0,0.2,-0.162580241188,-0.159582677201,45893.12030377334,22725.726265496673,8124244.906889204
9.75802787265893,590226.949925491,2.0,2.0,0.2,-0.181565174081,-0.177082891636,67866.57596022334,30015.801292593344,14249386.621728776
4.316449560375931,30105.2101919844,2.0,2.0,0.2,-0.0103822890934,-0.00993885870193,6286.265369936667,2198.8099462500004,3578149.3692618366
5.597348993952702,58016.73587254028,2.0,2.0,0.2,-0.0200675199028,-0.0193737832038,10195.805412876669,578.2360679733334,4777809.690370399
3.16683055827634,432274.0448776537,2.0,2.0,0.2,-0.168739134084,-0.165764032023,45260.23614449001,23319.520813176674,7725604.989260522
6.69163060414403,169095.0019772832,2.0,2.0,0.2,-0.0579403229286,-0.0564532758729,22532.90620071667,5685.7613983966685,3710332.2412500014
3.8858073318857818,110580.83817005943,2.0,2.0,0.2,-0.0413512269304,-0.0404062735295,14073.95456652,3081.313393936667,4285898.779526557
3.2594369167266275,23617.127891837696,2.0,2.0,0.2,-0.0081667352007,-0.00782151088607,4748.328967560334,1961.8969366350004,2796355.481448343
5.890867341790822,13108.027191721083,2.0,2.0,0.2,-0.00381111523985,-0.00340020417892,5802.556229146668,4518.685005803334,4428946.170983081
1.546799292863577,464691.36187187454,2.0,2.0,0.2,-0.1905928651,-0.187689431759,42529.48606425001,24719.75694579234,6493780.026085115
1.5651442775184152,80660.05642173,2.0,2.0,0.2,-0.0319982308844,-0.0314070048297,8247.542395408002,2589.7535599680004,2220167.127265933
3.362084877365791,280632.36958269053,2.0,2.0,0.2,-0.108411232356,-0.106398050013,30526.231924123338,13963.872629266669,6002637.699680481
1.8121315812569798,363538.0891076898,2.0,2.0,0.2,-0.147623387377,-0.145280086386,34612.51997777667,18868.315604179672,5660148.537365905
2.418218910110877,257011.08034130774,2.0,2.0,0.2,-0.102115902218,-0.10034526519,26452.51945480001,12866.490160876669,4953380.021947007
4.380315519379389,16263.991401739864,2.0,2.0,0.2,-0.00514808528823,-0.00479227804016,4945.559750339001,3107.5393358000006,3450929.7625441207
8.32197827642841,470100.9015527453,2.0,2.0,0.2,-0.153043330727,-0.149455461772,55205.781006643345,23027.77446845667,11750736.01494982
6.362413468639057,6307.934724992093,2.0,2.0,0.2,-0.00137296132227,-0.000983388987499,5318.245901196668,5227.864108430001,2225189.7059817645
5.85767567062954,457133.9366264904,2.0,2.0,0.2,-0.163137827295,-0.15978325787,51623.156811503344,23744.294098043338,9989601.892238839
3.994654997269034,535982.6962728737,2.0,2.0,0.2,-0.204097360606,-0.200362594445,57204.035004213336,29611.89947598001,9630617.47604137
9.419906615178938,259703.95263430336,2.0,2.0,0.2,-0.0805007784582,-0.0782618988433,34244.69195021334,8763.410951433336,9842669.046234857
4.874627850516129,321325.48385867896,2.0,2.0,0.2,-0.118287035796,-0.115896211382,36565.70307072001,15728.21221686667,7590087.405848176
2.240288517764058,286190.03557059227,2.0,2.0,0.2,-0.11446036791,-0.112527713007,28852.60304320334,14612.940675113003,5160161.79710014
6.745065387001311,233525.1711740633,2.0,2.0,0.2,-0.0802045656541,-0.0782862201606,28653.688415376673,8858.390987013334,11833809.021734253
2.467626344551112,532454.7212222161,2.0,2.0,0.2,-0.212762358121,-0.209239970086,53220.32519368335,29480.66828914001,8365961.049055368
4.434396713814383,536360.1064019942,2.0,2.0,0.2,-0.201289526007,-0.197512375737,58091.34057043001,29480.76866344667,9986967.856620416
5.813001479101375,201489.8187849207,2.0,2.0,0.2,-0.0714212348398,-0.0697668392701,25170.348609706674,7527.456129813335,6697044.048585516
8.930891459823995,369041.8524088188,2.0,2.0,0.2,-0.117050219711,-0.114105377568,45313.47047387334,16150.085553520003,10950711.134827796
5.695145932891009,556144.5372875185,2.0,2.0,0.2,-0.199922558846,-0.195921227572,61728.55111800001,24959.658391370005,11189032.792648358
7.469199511269146,577235.099364811,2.0,2.0,0.2,-0.194513649744,-0.19025362517,65771.10246854668,30173.398721600006,9864616.164729409
9.938943131492097,305375.4242532285,2.0,2.0,0.2,-0.0927722592213,-0.0901981614191,39442.51600214001,11351.776645860002,10741663.292364897
2.6176575191328437,271694.8831705961,2.0,2.0,0.2,-0.107373132082,-0.105487180705,28318.02690901334,13682.027664111336,5317267.171904088
3.835217966915916,167216.58955711548,2.0,2.0,0.2,-0.0631738130212,-0.06186191025,19706.281399060004,6653.125050816668,4152780.17493876
4.853896642579994,575323.123914246,2.0,2.0,0.2,-0.212989258373,-0.2089210317,62667.47647547335,32047.29087994667,10845513.878519047
5.085539517580067,85688.58268372042,2.0,2.0,0.2,-0.0305939009848,-0.0297452270366,12578.89328795667,722.2110873133333,4770545.659936742
4.993679139757139,347897.745628635,2.0,2.0,0.2,-0.127647048794,-0.125071797478,39388.40389294668,17327.12848499334,7971295.933668026
9.214693521730716,169530.16051118332,2.0,2.0,0.2,-0.0527314048722,-0.051108495394,24659.86130727667,3089.983815873334,8543812.714018585
7.56927747796828,167404.97420867797,2.0,2.0,0.2,-0.0555182395229,-0.0539958145084,23087.406408883337,4192.919765750001,3964895.4148749933
6.6671943197709815,242981.15242571308,2.0,2.0,0.2,-0.0837275221703,-0.0817500197266,30180.96247142334,9342.800114286669,5490660.848966334
4.129668101833648,599275.7614893927,2.0,2.0,0.2,-0.227379946883,-0.223215689228,63995.14302611002,33558.88519522667,10532849.488653202
8.502218265881005,32979.78410389324,2.0,2.0,0.2,-0.00997242598447,-0.00929956646898,9873.723411250001,4972.628059663334,6375273.512252223
9.618014347622406,347125.09092211886,2.0,2.0,0.2,-0.106993450985,-0.104156044569,43577.296325073345,14223.539868030004,11102185.517673949
8.480185401676925,49543.2948211663,2.0,2.0,0.2,-0.0153524919941,-0.0145699146054,11310.172749943335,4167.756481723333,6565579.552700815
1.5133033941275196,92712.49799431139,2.0,2.0,0.2,-0.0370154304209,-0.0363583396907,9173.046823563001,3248.659282498334,2321359.3767004223
6.90941164655896,263737.7650637392,2.0,2.0,0.2,-0.0901563898478,-0.0880275030732,31895.56322950334,10287.740230563335,4635760.151446198
1.934650742257856,306276.0788078648,2.0,2.0,0.2,-0.123702645091,-0.121689507845,29723.604673306676,15609.698480913003,3297036.5176041755
3.689661372836636,155275.4450187144,2.0,2.0,0.2,-0.0588577443456,-0.057634335481,18332.882177040003,6009.913247503334,4692954.773089709
2.0059599529560592,189874.2785246497,2.0,2.0,0.2,-0.0760382515501,-0.0747339620159,19169.19805746667,8775.874347959669,3848070.262500718
6.632261350069796,52180.212153559834,2.0,2.0,0.2,-0.0173345572294,-0.0166276484972,10401.814665636668,2615.814419760001,2676588.6385938386
7.336014264687158,181931.87030655032,2.0,2.0,0.2,-0.0609400729012,-0.0593342755877,23910.418301090005,5241.771353723335,5078437.302154087
2.473144923560193,579935.0636283264,2.0,2.0,0.2,-0.231857727436,-0.228033106634,57864.49450620668,32350.856717123006,8958342.586278595
4.762630505882326,566824.429003489,2.0,2.0,0.2,-0.210475030617,-0.206468172689,61577.68246018668,30957.90975417667,10646705.929552358
5.378010326122107,200926.974082191,2.0,2.0,0.2,-0.072306241233,-0.0706796444279,24704.75157741667,7807.635535443335,6414095.392316509
4.6369506849677915,342512.3617672569,2.0,2.0,0.2,-0.127182668585,-0.124668222872,38486.78092312001,17228.712057430002,7709343.866903205
2.528712504124141,545757.2346665666,2.0,2.0,0.2,-0.217715889747,-0.214099241013,54636.66738597335,30456.433271197675,8566542.905678775
5.061056216593541,3710.293584538005,2.0,2.0,0.2,0.0,0.0,336.5524424000001,405.50659308000013,0.0
7.885013406371554,486410.14220255514,2.0,2.0,0.2,-0.161114367289,-0.157443751276,56552.484816023345,24427.13485615667,10703898.811463565
2.103565148532671,569021.7316733514,2.0,2.0,0.2,-0.230004858794,-0.226320255405,55207.278166590004,31638.093952152674,8378996.725152534
2.1815301196961796,54795.440600134236,2.0,2.0,0.2,-0.0209941698545,-0.0205147634312,6703.539933932335,726.2758888436668,2396484.998189595
4.515555980605866,96868.61161975261,2.0,2.0,0.2,-0.0353702141049,-0.0344792772332,13255.85747675667,1836.9090361433337,4512027.790244723
9.504668548760863,576447.7816628133,2.0,2.0,0.2,-0.179182864354,-0.174808834497,66181.80132118,29315.288480793344,13904107.786216006
7.18286749714477,322524.08618420776,2.0,2.0,0.2,-0.109351513627,-0.106815056475,38874.583151000006,14212.019102040003,7343994.137163342
7.268694631716801,8517.98068303422,2.0,2.0,0.2,-0.00210796378315,-0.00165895659924,6391.153398133334,5895.094832273335,2526777.5998852244
4.5763199221218525,154579.1992581175,2.0,2.0,0.2,-0.0569249707805,-0.0556508110618,19211.37652734334,5586.3742088866675,5271938.023188555
6.546116725272577,269966.20456131577,2.0,2.0,0.2,-0.093541201435,-0.0913924272488,32877.157366996675,11404.979842876668,4581581.153065883
1.5861150642358188,415745.34661486064,2.0,2.0,0.2,-0.170153421363,-0.167538658705,38310.48730341001,21948.073109292338,6018171.760183712
6.906816394481108,439896.22688207973,2.0,2.0,0.2,-0.151082175154,-0.147779469597,49765.85134835667,18940.84357611,7965303.453902336
9.262939054398013,597252.9077552736,2.0,2.0,0.2,-0.187552928093,-0.18305561247,68148.13237992,30753.432415680003,14086618.673310176
6.7068744809309635,172506.71963025542,2.0,2.0,0.2,-0.0590949972247,-0.0575843394919,22930.48943911667,5858.981195393335,4717952.138288207
8.926438044463932,322932.06112108513,2.0,2.0,0.2,-0.102330606797,-0.0996948453137,40467.013755996675,13135.65324444667,10321367.0120716
7.653770971461797,319994.128715763,2.0,2.0,0.2,-0.106573795073,-0.104028685484,38249.92785848334,12883.695506813337,15027358.490058718
2.524746539431367,243387.15566834252,2.0,2.0,0.2,-0.0963212536182,-0.0946253031169,25358.67522114667,11832.670940195669,4923025.662186897
9.170853111929656,101497.13630545212,2.0,2.0,0.2,-0.0313440307246,-0.0301788628175,17160.107445360005,1383.638331906667,7683228.182067032
2.0647726770240866,586473.9379103056,2.0,2.0,0.2,-0.23738601587,-0.233601735601,56708.946843326674,32379.952675369004,8591844.833186878
6.038723516655992,511990.31199995166,2.0,2.0,0.2,-0.181697845283,-0.177968144973,56313.09747387,27253.484107643337,10787406.476169137
2.70816555224439,298999.8169765423,2.0,2.0,0.2,-0.117966975606,-0.115897492799,31172.379346076672,15346.401791380338,5728296.390986695
1.5995061912126847,361947.2536104179,2.0,2.0,0.2,-0.147878640398,-0.145589393791,33449.04225959001,18835.75171238367,5381057.240152375
5.087291211084931,136356.63213579738,2.0,2.0,0.2,-0.0492445922041,-0.0480622724392,17768.06154763667,3917.967160290001,5383275.906289224
4.007846015060328,326272.24223504815,2.0,2.0,0.2,-0.123647234329,-0.121283849719,36080.84370070001,16586.008820566673,7061512.202300914
5.631004197279625,416982.0798728855,2.0,2.0,0.2,-0.149889651777,-0.146817174388,47241.70291713667,21457.06761019334,9359942.74598935
6.406199037243682,309100.2170319533,2.0,2.0,0.2,-0.107798836033,-0.105395971609,36727.702235740006,14024.598641910003,4917059.325887567
1.8717821146260525,594171.1023509648,2.0,2.0,0.2,-0.241907687015,-0.238129891258,56275.76177481,32850.07681439367,8782795.105013551
2.545528008551838,366804.9937486357,2.0,2.0,0.2,-0.145744645948,-0.143262408543,37375.69680446,19353.732823305672,6477911.227546813
6.248460369828615,222584.22755530142,2.0,2.0,0.2,-0.0777877831593,-0.0759683895203,27751.23533385334,8569.255169260003,4070893.791861436
4.416922501967595,463291.2165695029,2.0,2.0,0.2,-0.173768032762,-0.170471876202,50525.81103629001,20608.93381344667,9106008.84693114
7.697974644170308,102277.50694898523,2.0,2.0,0.2,-0.0334459598331,-0.0323514913538,16457.32087880667,196.08945137,3450839.5500625386
7.044479013031487,230709.48822375992,2.0,2.0,0.2,-0.0783578863584,-0.0764423572681,29211.31803531667,8535.800743650001,4388380.095718372
8.687637085414208,208175.37022655152,2.0,2.0,0.2,-0.066308513735,-0.0644548051015,27636.37849781,5921.921380090001,8713110.360959163
7.386189026688415,259084.25706466637,2.0,2.0,0.2,-0.0869899403836,-0.0848665474554,32481.29497134667,10108.490528423334,4739653.029183196
5.154414157816259,469067.8955572358,2.0,2.0,0.2,-0.171600177506,-0.168212273792,52031.76128013668,24890.187298370005,9607048.603949169
7.220216290352675,290503.8192980445,2.0,2.0,0.2,-0.0982606403744,-0.0959360858247,35596.08100287335,11532.591840943336,13894787.442959564
3.8407399811710574,476408.6701595776,2.0,2.0,0.2,-0.182149578282,-0.178816058379,51051.92847005668,26124.570387336673,8823696.660173064
4.103664739614808,345893.34188391955,2.0,2.0,0.2,-0.130743489276,-0.128245205773,38199.08704106334,14948.31949970667,7370909.167231888
8.206373859326742,205241.6607945332,2.0,2.0,0.2,-0.0666084321861,-0.064799428579,27520.96439938001,6106.136067553335,8360345.286427406
5.294565889413448,485987.2462100835,2.0,2.0,0.2,-0.176978909042,-0.173468376069,54011.62417674668,21620.15798062667,9930161.750441786
8.286232894405996,142973.80233185494,2.0,2.0,0.2,-0.0460193696966,-0.0446223983712,20732.91088227667,2003.7712345866669,7640534.987698723
8.490590176180365,134629.7878798773,2.0,2.0,0.2,-0.0429471671753,-0.0415950906781,20017.21287823334,1480.4959349233338,7619967.417154388
8.789279870120911,302701.75443290145,2.0,2.0,0.2,-0.0963925863264,-0.093900381626,38258.85908775334,11934.453549143336,9941397.470153557
9.291399504650261,156509.54757725334,2.0,2.0,0.2,-0.0484749508097,-0.0469358386287,23398.617688893337,2311.6647163066673,8457933.439496547
5.163374374363018,5452.220970729793,2.0,2.0,0.2,0.0,0.0,343.1366303333334,409.19348671000006,0.0
4.21036795572968,388978.5163792809,2.0,2.0,0.2,-0.146677089881,-0.143888948982,42630.72318781001,20292.492308063338,7953081.644166922
6.448689346049968,306656.2928834388,2.0,2.0,0.2,-0.106769125215,-0.104380652801,35874.15344326001,13731.752410150004,4904822.844064792
4.654965599219834,267310.6886958967,2.0,2.0,0.2,-0.0989410182123,-0.096921090181,30790.134436423337,12530.91505499,6795118.023863041
6.60913041780198,580181.1087709892,2.0,2.0,0.2,-0.201883563457,-0.197665200505,65056.160775860015,25975.35527961334,7539175.016263688
7.497479832472509,342719.5103777482,2.0,2.0,0.2,-0.114893570543,-0.112203485909,40461.87423757334,15324.791014000004,5542937.759500651
7.3514426571831635,518058.9466736307,2.0,2.0,0.2,-0.175209088851,-0.171356441948,58283.887325533346,26430.506827400008,9093140.41412977
4.683699539671031,83670.14172309611,2.0,2.0,0.2,-0.030249832367,-0.0294356452783,12069.26180740667,1998.3357822433338,4497895.709357796
2.918311714439399,341523.8778776566,2.0,2.0,0.2,-0.134062556544,-0.131698433154,35722.316050223344,17613.271171206667,6468959.994122964
5.159499376928764,520787.77603854175,2.0,2.0,0.2,-0.190645203302,-0.186913364538,57471.94725736001,28400.913431553334,10262550.742950216
2.7120502246962244,349863.4543679388,2.0,2.0,0.2,-0.138247074329,-0.135852423941,36153.306136076666,18448.77342946734,6362595.342140816
9.065824799062371,430808.5068762009,2.0,2.0,0.2,-0.136063728234,-0.132695607616,50846.77323297001,20068.66879283667,11783084.76557158
4.4399584162717876,223226.14068732443,2.0,2.0,0.2,-0.0830411040501,-0.0813235776091,26082.548325936674,9804.225231340002,6044749.395381929
2.8129078513982524,55469.71022223996,2.0,2.0,0.2,-0.0208910063995,-0.020366334052,7491.359407515,382.0725990236667,2848161.7977300244
1.7163059591988825,274740.17707624286,2.0,2.0,0.2,-0.111530878336,-0.109745842871,26147.67548142334,13896.834605645005,4503368.346026068
6.989490283435116,236687.6345033145,2.0,2.0,0.2,-0.0805763883107,-0.078623693439,29809.960880236675,8943.123294793335,4435804.8594231205
6.913669698365317,520236.1094273684,2.0,2.0,0.2,-0.178860450898,-0.175019652299,59247.682256913344,27278.590265943338,7063169.308078494
4.395135415940979,146397.18141148335,2.0,2.0,0.2,-0.0541810180879,-0.0529705749393,18201.035157320002,5025.367659066668,5042508.575561743
2.1095510552050336,580040.5365210648,2.0,2.0,0.2,-0.234453649389,-0.23069686387,56438.79388769335,31754.97469806534,8650155.10689853
4.981845606609472,574882.8718826977,2.0,2.0,0.2,-0.2118975093,-0.207822920484,62717.31266806001,31645.705736050008,10848577.225187501
4.145348708038846,148578.9858428632,2.0,2.0,0.2,-0.0554539823879,-0.0542442436081,18167.552141973338,5330.466815973335,4908722.973269546
7.255525437747579,208831.1732863923,2.0,2.0,0.2,-0.070287267655,-0.0685049572478,27133.589620826675,7015.717368310001,5300106.185088715
6.649123620347868,537333.444524331,2.0,2.0,0.2,-0.186598127117,-0.182660003143,60706.81782039002,28666.346283313338,7109848.618332128
4.59904668967909,579973.3325376644,2.0,2.0,0.2,-0.216582736901,-0.212504270941,62794.97162820334,32113.25095115667,10677207.712133618
3.352086711167416,266063.4617016264,2.0,2.0,0.2,-0.102750975321,-0.100832555604,29010.488259110003,13030.83589430467,5832467.9938568035
9.89830571232253,192598.22738453868,2.0,2.0,0.2,-0.0583402419087,-0.0565266306865,27658.286850250006,4042.7749077033345,9320678.337943224
5.359013780166976,315656.40795092523,2.0,2.0,0.2,-0.114262032595,-0.111879087741,36494.02240799001,15103.999897153337,7889520.242036187
7.350331004132015,412661.52381944086,2.0,2.0,0.2,-0.139322781983,-0.136176650524,48383.97873746334,17538.558039783336,6173361.792640944
2.6947002244160667,164084.7092249879,2.0,2.0,0.2,-0.0642164946585,-0.0630084574064,17958.722017423333,7041.417751234002,4072130.450801633
5.627512447104881,441883.9047714437,2.0,2.0,0.2,-0.15893625736,-0.155699071864,49818.155835573336,23005.66324829667,9705922.357238408
1.7340621188904566,30994.41426878462,2.0,2.0,0.2,-0.0115004680456,-0.0111975850001,3982.073494396334,396.6357296753334,1870862.198014089
5.796368502238825,29576.695658649864,2.0,2.0,0.2,-0.00972830442204,-0.00921321359679,7427.234419956669,3475.674448946668,4573772.82648698
9.69414796050047,231772.62308732714,2.0,2.0,0.2,-0.0709492632991,-0.0688843708304,31534.24573074334,6790.348274063334,9650043.882941205
4.765757060379302,212083.91523643234,2.0,2.0,0.2,-0.0779894064999,-0.0763250361685,25285.44729312667,8920.622480490001,6156347.800058303
1.8314661068867486,189379.92922029138,2.0,2.0,0.2,-0.0762200653624,-0.0749428432967,18639.575851953334,8727.344050455335,3683468.4565458596
1.76312422281442,294611.857601346,2.0,2.0,0.2,-0.11953638784,-0.117626094831,28058.182027703337,14918.899898872669,5075062.083768365
4.797887459548391,192440.14938694274,2.0,2.0,0.2,-0.0705914841411,-0.0690550224697,23303.445034080007,7381.837524066668,5940508.328372999
2.8602119599371494,115354.75108085516,2.0,2.0,0.2,-0.0445811200919,-0.0436723757096,13380.110980380005,4013.217604094334,3637994.274470634
1.6984928187895802,185681.72945316054,2.0,2.0,0.2,-0.0749916466833,-0.0737519663635,18005.89726555667,8599.576154217333,3498218.589911047
7.927815718576503,584942.5636861409,2.0,2.0,0.2,-0.193693237629,-0.189356675851,65614.73655273001,30857.989015500003,13113303.532207005
5.397445575496071,246668.05019690917,2.0,2.0,0.2,-0.0889364880769,-0.0870064956287,29455.438648900014,10704.848221783335,7029034.783616762
3.9585805617675636,266827.6661150015,2.0,2.0,0.2,-0.101062756773,-0.0990904914513,29980.506280960006,12860.058706900003,6231262.752442904
9.150707055640087,345926.993970684,2.0,2.0,0.2,-0.108686308246,-0.105884437917,43078.58955617334,14449.190483703336,10725473.80568481
2.4871811617044677,590004.4610485359,2.0,2.0,0.2,-0.235815232758,-0.231919668915,58876.10441522335,32552.755670097333,9142733.069996031
9.625310046120214,144960.7658614578,2.0,2.0,0.2,-0.0442397677389,-0.0427608227762,21965.38067920334,1156.0625381200002,8505627.248053927
4.168717097707499,408769.2663194603,2.0,2.0,0.2,-0.154413888236,-0.151497413118,44673.36720329335,21746.519959726673,8202783.991141573
9.05143121462379,429590.8161250345,2.0,2.0,0.2,-0.135750559891,-0.132393384554,50684.39639302667,19844.399065580004,11734954.551434288
6.625014450075423,364394.65007583954,2.0,2.0,0.2,-0.126261891333,-0.123478239317,42731.55059431334,17406.827177260002,6963644.287411943
8.527012557802642,53147.003781986445,2.0,2.0,0.2,-0.0164919566414,-0.0156831194012,11703.489701870001,3708.5310327000007,6659635.174408809
9.864111887288946,406123.3654965459,2.0,2.0,0.2,-0.124045328651,-0.120799024522,48986.09322942334,17830.372245033337,11980560.1180949
3.9514462214593387,38456.82662170529,2.0,2.0,0.2,-0.013686249318,-0.0132077855433,6843.690367502334,1420.1361610300003,3431363.953830143
9.66965162596454,357685.58972993813,2.0,2.0,0.2,-0.110034831296,-0.107123877509,43873.11356551334,14853.245327803337,11248668.846393222
4.810596106670573,443748.7063330456,2.0,2.0,0.2,-0.16418068447,-0.160984064362,49043.963745280016,23606.99234700667,9092059.612782843
4.776851190263839,126581.93437197024,2.0,2.0,0.2,-0.0461237491285,-0.0450218399073,16540.262227673335,4174.763384226668,5075270.205801603
4.393290386163298,504973.20452566445,2.0,2.0,0.2,-0.189675837122,-0.186107355298,54787.78311785001,22737.158917503333,9586324.249213979
6.101964662454474,18212.28331980256,2.0,2.0,0.2,-0.00560062725867,-0.00514539847698,6326.020912960002,4386.501842800001,4615554.408048739
2.8102328670171404,506287.71819498367,2.0,2.0,0.2,-0.200117816212,-0.196708829523,51804.240629996675,27653.836192684335,8362310.665188547
6.206547625543095,276197.43038565904,2.0,2.0,0.2,-0.0969033388519,-0.0947320268976,33236.10039999334,12038.814318303337,4573443.3931128625
6.104490905485034,130552.76395898669,2.0,2.0,0.2,-0.0454789470643,-0.0442793357038,18086.832706536672,2877.16117578,3192659.2842201674
7.976165407141395,80266.88699638081,2.0,2.0,0.2,-0.0258110013778,-0.0248487422523,14377.604162870002,904.8352389566668,3256767.211462893
8.586024676469478,571984.3005494236,2.0,2.0,0.2,-0.184544294743,-0.180258210631,66190.61802443335,29373.615332573343,13248100.103883397
5.2437514776556045,43599.35254869403,2.0,2.0,0.2,-0.0150297552209,-0.0144500809459,8229.088491823335,2167.84938223,4378345.296348163
4.069832619487697,119456.0519615554,2.0,2.0,0.2,-0.0444900338032,-0.0434759678778,15151.776446153335,3558.143362783334,4493080.263707478
3.704346627195303,208693.40845982757,2.0,2.0,0.2,-0.0794493799468,-0.077877180192,23747.263489830006,9301.884730980002,5371570.043654977
3.1543026119914117,372140.9093766723,2.0,2.0,0.2,-0.14512957605,-0.142543316047,39284.241469423345,19773.142873913337,6981905.109582992
1.9900044486917114,326880.651165659,2.0,2.0,0.2,-0.131902925205,-0.129752533984,31935.280954806673,17062.908938812,5634987.066775365
4.410807820095064,75386.09544738839,2.0,2.0,0.2,-0.0274007057014,-0.0266562194413,10980.585445573337,555.6596109700001,4185441.3310351577
3.7971053831116577,173836.79024292878,2.0,2.0,0.2,-0.0657977644144,-0.0644460919826,20347.246357123335,7113.673918206668,5011984.696560942
9.714547779864462,143251.06265161445,2.0,2.0,0.2,-0.0435482590339,-0.0420755947514,21849.213094010003,984.1579643433338,8595435.771724677
6.2405250231253735,128125.71269420483,2.0,2.0,0.2,-0.0444039954547,-0.0432128857716,17954.620211176672,2538.5325581700004,3214692.9854698847
4.451854831759315,246686.60188799223,2.0,2.0,0.2,-0.0918483536403,-0.0899769475288,28427.80213720667,11265.14221097667,6334806.599388882
6.433974608446416,422418.87155499414,2.0,2.0,0.2,-0.147574628162,-0.144414897758,48616.674602296676,21290.99209745667,17224593.092617318
2.6831719614384117,130471.75933034156,2.0,2.0,0.2,-0.0508432002801,-0.0498505192487,14645.610191896669,5040.929174291668,3677456.7479258873
5.274371868218725,220007.32782178884,2.0,2.0,0.2,-0.079551444635,-0.0778050616971,26037.627756560007,9092.807768260001,6604796.031878934
6.822991732079043,234550.45610469737,2.0,2.0,0.2,-0.0803304380452,-0.07840050796,29434.247792846672,8889.040903803336,5457790.14922956
5.655631570235837,585873.9176612461,2.0,2.0,0.2,-0.210988386873,-0.206790502322,63476.485165850005,32053.78578784334,11546024.695105385
4.915119805561757,572799.8141274413,2.0,2.0,0.2,-0.211608613872,-0.207552120684,62445.89883869001,31515.63739083667,10796236.190408187
9.947711305647434,480082.5496512455,2.0,2.0,0.2,-0.146299678478,-0.142550211991,56728.944184736676,22629.894042720003,12951709.052325435
8.982675478265879,144995.3524915111,2.0,2.0,0.2,-0.0454191595269,-0.0439737827775,21890.730907360004,1775.3714686633339,8117918.289037006
6.798950644355241,40822.38845500181,2.0,2.0,0.2,-0.0133042635145,-0.0126638719511,9369.678119563336,638.5037696616668,3216443.392202106
6.339707570049404,190142.48263237486,2.0,2.0,0.2,-0.0660962624217,-0.0644886498238,23957.21961684334,6847.069910066668,3807216.081074765
6.775614078508965,160076.7296602985,2.0,2.0,0.2,-0.0546365515881,-0.0532053661726,21235.492965030004,4217.478881330001,3655018.995341963
3.2111529164906827,303555.48008783633,2.0,2.0,0.2,-0.11792926661,-0.115779971504,32552.265168783342,15457.211334348001,6163643.768128903
4.858670817746708,466636.74604067585,2.0,2.0,0.2,-0.172439867719,-0.16909059475,51481.95083518,24971.370150820007,9444826.638833998
1.8354060295726442,514993.7633273148,2.0,2.0,0.2,-0.209655274422,-0.206374368516,48718.87426985001,27660.787747558006,7556727.748087528
5.542141318638027,506918.4512463051,2.0,2.0,0.2,-0.183075047905,-0.179409493874,56410.57408812001,27060.43228179334,10367780.99107362
6.115708963640137,215805.33673384067,2.0,2.0,0.2,-0.0757465261456,-0.0739802987665,26859.950843640006,8230.990555670001,3971035.667594021
3.4358727568772816,412340.60607640975,2.0,2.0,0.2,-0.159524445085,-0.156651749087,43859.55980984,22304.018094860003,7664674.742725715
9.694245200906867,187700.518514532,2.0,2.0,0.2,-0.0573216376676,-0.055551670156,27005.978931533336,4027.970483016667,9083188.109712256
9.230364192966558,36543.32594110963,2.0,2.0,0.2,-0.0108265281358,-0.010093489484,10830.62723576667,5456.978518323334,6890988.850617637
7.6382175013752,420939.15936176537,2.0,2.0,0.2,-0.14060163736,-0.13738083372,49524.05648839334,20170.92080466667,6315241.417384316
6.033786344505582,5896.531541872707,2.0,2.0,0.2,-0.00123177770324,-0.000861494282299,5156.770832440001,2107.8498263400006,4429769.927130495
8.894737857005321,245509.55247509314,2.0,2.0,0.2,-0.077696066055,-0.0755803416883,32376.86055367667,8204.280995406669,9336027.972172393
2.610544922499435,197627.56158124545,2.0,2.0,0.2,-0.0777812609729,-0.0763665308601,21102.386747950004,9183.05164812767,4405869.110554177
8.219333251336522,416026.5231113114,2.0,2.0,0.2,-0.135861677576,-0.132641493464,49501.483001063345,19497.061348783336,11057027.121956835
2.5609769187182105,459747.28365622734,2.0,2.0,0.2,-0.18296260963,-0.179885085602,46570.100765563344,24802.19434971134,7593325.731270007
8.250790631669947,182456.7815827703,2.0,2.0,0.2,-0.0590238330581,-0.0573648685114,25231.057826910004,4667.121972496668,8066862.159129615
3.844024330136534,486976.2086669121,2.0,2.0,0.2,-0.186206121275,-0.182802124139,52134.32221329002,26621.058413066672,8944998.075849473
8.955269938654606,176350.05630296026,2.0,2.0,0.2,-0.0554585251582,-0.0538031245643,24626.44426911001,3725.357006746668,8494097.679175679
9.524357797515881,267795.8159919367,2.0,2.0,0.2,-0.0826773840542,-0.0803788436975,34486.71044954668,9195.97886346,10055937.156643517
2.764765739943483,436211.1162084804,2.0,2.0,0.2,-0.172441966113,-0.169487116633,44791.319009966675,23819.860201930005,7445145.245499123
5.432742643055844,415752.13753487315,2.0,2.0,0.2,-0.150485535946,-0.147434910477,46806.26035303334,21421.065211393336,9173050.116203103
9.838392714382824,592421.08338732,2.0,2.0,0.2,-0.181630401278,-0.177130505954,69633.30481393667,29742.186520353338,14381547.198179621
5.6089632057717465,135096.61452955913,2.0,2.0,0.2,-0.0479179561981,-0.0467146448462,18141.99051057667,4338.015311463335,5759587.512208771
8.840153941373634,397390.7481237494,2.0,2.0,0.2,-0.126573214528,-0.123443827152,48237.140103036676,18040.41456396667,11272054.443056189
6.504217938116219,365809.14496546646,2.0,2.0,0.2,-0.127313807581,-0.124526846855,42725.319110363336,17672.355165866673,5487454.779686295
4.690304217316616,549059.0726940179,2.0,2.0,0.2,-0.204321010561,-0.200439472766,59753.90237568668,30409.51144883667,10364100.763480816
3.9291602219698967,93817.28498692503,2.0,2.0,0.2,-0.0348778365553,-0.0340393688878,12415.327489970003,1996.4419235866671,4073549.0435287696
3.227396274231742,451078.89815215976,2.0,2.0,0.2,-0.175811598376,-0.172707290215,47334.186070643336,24487.478241730005,8006420.236024617
7.975284626710426,340961.16976126103,2.0,2.0,0.2,-0.112226850367,-0.109523074522,40707.97565196001,14943.186904643337,9920623.48977266
4.785594307995737,164799.52187274324,2.0,2.0,0.2,-0.0603327968222,-0.0589788090073,20478.47133363334,5900.414304333335,5552182.994430708
5.845841428706385,284660.94848830445,2.0,2.0,0.2,-0.10119674756,-0.0989888192742,33097.343592833335,12820.117416570001,7846805.664671991
5.684766580010046,200265.95824187866,2.0,2.0,0.2,-0.0713032595717,-0.0696643668878,24919.23116030334,7535.788629963336,6647899.927084495
6.406871748481615,347588.0416730765,2.0,2.0,0.2,-0.121348058345,-0.118690839126,40758.45138700667,14564.26997039334,5278567.118835839
8.857405737808694,533400.3664887996,2.0,2.0,0.2,-0.170151333264,-0.166103856062,61206.973353890025,26584.71397323334,13007670.835995508
9.83628442045915,341582.9906473212,2.0,2.0,0.2,-0.104313960257,-0.101503097221,42398.58058803001,13760.346996076669,11122737.24101012
4.964465772877444,379033.45099595044,2.0,2.0,0.2,-0.13931626379,-0.136537340501,42610.94079161001,19303.17724128667,8382225.944317321
8.533910837903576,311248.70826882566,2.0,2.0,0.2,-0.10015336665,-0.0976164059706,38921.868633096674,12694.158618853338,9893254.990528263
7.9984862545651,30699.303867285544,2.0,2.0,0.2,-0.00940259169737,-0.00876997167254,9016.974961863334,5026.101732360001,6065873.4000848
6.374996087372373,139715.13412565654,2.0,2.0,0.2,-0.0482700164438,-0.0469946642843,19256.07438183667,3229.656348180001,3363676.4555777013
9.626400720701431,295201.0376592497,2.0,2.0,0.2,-0.0908346797839,-0.0883472063227,38164.174310953334,10898.895597153334,10449651.625703279
3.2040333819914237,186141.17024682288,2.0,2.0,0.2,-0.0718696496536,-0.0704804866619,20837.16568245667,8211.664636971334,4741446.649235836
2.428745787631782,109058.15865671654,2.0,2.0,0.2,-0.0426319812828,-0.0417927582575,12239.09190550967,3881.4308330373337,3208563.2957322886
8.758676719121087,302479.705151063,2.0,2.0,0.2,-0.0964397489799,-0.0939507142916,37387.289146476665,11942.838669250004,9915915.574892635
5.232773441386861,193685.8760687102,2.0,2.0,0.2,-0.0700148019253,-0.0684445390102,23807.356477443336,7414.1942818433345,6212001.931066801
8.699235260760014,154864.58590404884,2.0,2.0,0.2,-0.0491104618761,-0.0476126994903,22734.371765900007,2457.522709663334,8048418.9339784365
9.091266744161027,278391.2504642285,2.0,2.0,0.2,-0.0875145761203,-0.0851683254885,35220.539320543336,10181.769616763335,9879417.164439525
2.0308895457621072,79970.55484930388,2.0,2.0,0.2,-0.0313079497555,-0.0306821309587,8916.722439625,2352.938063856,2581769.3223082786
9.009450485381516,556647.4398452444,2.0,2.0,0.2,-0.176533474314,-0.172322412062,63705.95767724668,28283.023466663344,13419749.71115672
5.310711970640089,520621.2587515434,2.0,2.0,0.2,-0.189588434434,-0.185848919673,57507.04748631002,28088.165607210005,10445043.180454984
5.838676156535974,424572.3514443212,2.0,2.0,0.2,-0.151524268808,-0.148389230583,47287.82298101334,18437.62687433334,9629739.426713658
6.826036344292287,63728.29655307373,2.0,2.0,0.2,-0.0212091596419,-0.0204154582782,11740.389720473335,483.99873239333346,3531687.2373270243
9.374252157205738,465526.3526818158,2.0,2.0,0.2,-0.145266614349,-0.14164628002,55811.232663910014,21946.690439276674,12422187.611056218
1.6624868026529942,484774.39686541137,2.0,2.0,0.2,-0.198249432056,-0.195193259343,45045.07421448,26134.54092980067,6947718.049701521
5.553169480701445,460658.7706286026,2.0,2.0,0.2,-0.166182082868,-0.162824899357,50606.72124822668,24249.747002123335,9853301.807798002
7.345637360659766,68379.5322715447,2.0,2.0,0.2,-0.0223934550829,-0.0215421527311,12658.404673206669,508.55547756000004,3769348.0947761084
7.643009140434942,386344.77424065885,2.0,2.0,0.2,-0.128933415755,-0.125945777578,44975.440034846666,16173.356048790003,6027455.0456927
7.386525668065418,500594.87744963914,2.0,2.0,0.2,-0.169039281398,-0.165302978214,57642.02362651002,21902.924345206673,20277742.97366838
2.6426985999690356,346412.0407318006,2.0,2.0,0.2,-0.137159252345,-0.134792564762,35720.799908976674,18287.993134971006,6231900.281057112
4.04486250115929,387844.4251368534,2.0,2.0,0.2,-0.147040469163,-0.144271255279,42284.77852636334,20316.823336420002,7820374.464996167
4.549081966044614,275018.0876557837,2.0,2.0,0.2,-0.102191132243,-0.100126476744,31468.228590886672,12976.705236356669,6765776.711875524
8.337716265275793,317224.3919304316,2.0,2.0,0.2,-0.102884375478,-0.100319621532,39366.12334579,13199.924031243338,9861256.29630206
3.8694589155237007,20626.11501103513,2.0,2.0,0.2,-0.00688681777437,-0.00652865534483,4971.866680378668,2436.4905508650004,1994153.8565632396
3.2909921928712267,383377.81318397075,2.0,2.0,0.2,-0.148905984718,-0.146233464371,40677.771891546676,20404.12742311667,7218986.35591156
9.638308161823817,48868.327734695515,2.0,2.0,0.2,-0.0144703999172,-0.0136345901966,12113.648344320003,5082.193176933334,7353551.900808764
1.5753379234644855,261008.75660413402,2.0,2.0,0.2,-0.10632232527,-0.104643945839,24370.892813370006,12945.639344626668,4227519.034441446
9.981477273296814,175593.0586004447,2.0,2.0,0.2,-0.0529427841507,-0.0512395725557,25892.731611790005,3033.7608656066673,9162111.037620919
7.252981040287863,327256.7701270279,2.0,2.0,0.2,-0.110677504672,-0.108105470937,39466.35660998334,14615.60001354667,5349302.698755346
8.541989045317495,80049.80131392425,2.0,2.0,0.2,-0.025188899594,-0.024199427561,14452.842413736673,2249.298321313334,7010567.757578245
4.004264868942641,414986.0411839909,2.0,2.0,0.2,-0.157637759221,-0.154694994519,44989.511803403344,22037.433376306668,8178699.241274779
1.6216798601700098,477006.92215708224,2.0,2.0,0.2,-0.195262567795,-0.192272654246,43997.503905966674,25187.345314826336,4614491.993508113
7.771890907773005,98012.66984589389,2.0,2.0,0.2,-0.0319310183434,-0.0308605437568,16080.50747537667,522.3247765626667,3425681.347021872
8.590229074505745,62587.85241112929,2.0,2.0,0.2,-0.0195016920318,-0.0186263624471,13027.700657716669,3407.317056813334,6837011.34794185
7.794047121604913,87309.28967241549,2.0,2.0,0.2,-0.0283352378863,-0.0273354447498,14994.269272686668,1304.3941290533337,3346335.2270435877
2.714227442057128,526276.5371391011,2.0,2.0,0.2,-0.208699998679,-0.205180267643,53367.20853908001,29309.92109264701,8478698.740672639
7.9041373391842376,316913.5570538137,2.0,2.0,0.2,-0.104532489166,-0.101993444714,38933.735683363346,13492.085925846668,9666569.607412774
8.035843647914948,280356.5976045016,2.0,2.0,0.2,-0.0919014074311,-0.0895995983598,35311.128204486675,11032.503097156668,9221263.70895084
7.097594383195466,64027.091461412565,2.0,2.0,0.2,-0.0211060579282,-0.0202963787745,12005.408057870001,2212.615785006667,2927647.765182451
8.011985428762483,389733.60405417706,2.0,2.0,0.2,-0.128241589484,-0.125207653831,46644.598082643344,18044.330092413336,10603658.020490292
8.690332237260723,520799.75513705396,2.0,2.0,0.2,-0.167222761619,-0.163272843994,59719.783689726675,26035.42227015334,12661552.906693766
6.715634971018397,496911.52159407176,2.0,2.0,0.2,-0.172035059013,-0.168364509179,55457.96479290002,25876.400163250004,8660660.134705251
2.253140068742272,375632.8253884808,2.0,2.0,0.2,-0.150606863825,-0.148111265988,37422.51927352,19685.93740552967,6299823.195250165
5.644836382171293,45167.22999100418,2.0,2.0,0.2,-0.01539912495,-0.0147885120106,8898.568805566667,60.78013103000001,4674190.974173102
2.160019344708643,67438.21630560778,2.0,2.0,0.2,-0.0261223064733,-0.025564442509,7912.533504141335,1506.269769066667,2531911.3975907634
4.964115763775662,29585.392265894807,2.0,2.0,0.2,-0.00998873224359,-0.00951569443623,6751.859337153334,2802.565855030001,4016486.325317541
4.960405157567835,154487.52989548157,2.0,2.0,0.2,-0.0561624431115,-0.0548667084665,19534.347753410006,5136.003759493335,5561206.801584769
2.0610836751920534,81396.88029622665,2.0,2.0,0.2,-0.0318595362524,-0.031222615403,9079.446894756002,2395.120501099,2615217.407350395
4.464974538740574,156028.82415146034,2.0,2.0,0.2,-0.0576811940092,-0.0564043407084,19214.43830656667,5570.094386590002,5217230.698521358
2.443483839726176,231034.83343137702,2.0,2.0,0.2,-0.0915970823159,-0.0899864616653,24039.294618836673,11282.588843123667,4692042.503184988
8.36999928507839,565789.6704426814,2.0,2.0,0.2,-0.184099432193,-0.179867870789,64133.158299843344,29289.051239890003,13012861.035004664
9.555348220698,366225.63586901524,2.0,2.0,0.2,-0.113225069525,-0.110263278723,45570.64026433334,15553.682033353338,11272443.357235458
2.114690039692478,500984.2714097774,2.0,2.0,0.2,-0.202227399453,-0.198962250553,48925.81150708001,27627.23958891301,7571541.38581395
9.618479261979463,426210.9004273993,2.0,2.0,0.2,-0.131574952827,-0.128204890971,51922.172599793346,19281.35059545334,12128343.183732457
5.941901094362334,67501.87831597905,2.0,2.0,0.2,-0.0232207522703,-0.022447388091,11437.943159480003,1120.0039291000005,5144471.495832116
4.046308262607928,441552.24382436933,2.0,2.0,0.2,-0.16758217618,-0.164461723523,47740.256739200006,23675.387507050007,8483040.324962927
2.1533276398473897,165059.32893547465,2.0,2.0,0.2,-0.0656544745655,-0.0644895853897,17112.873502960003,7266.097794317003,3683990.791542848
5.755306278598551,383464.70819682383,2.0,2.0,0.2,-0.137143858735,-0.134285128055,43892.392984050006,19105.90196396667,8968461.474148609
8.253382128171364,204577.18418579313,2.0,2.0,0.2,-0.0662696813395,-0.0644625667945,27551.741014886673,6065.350485273335,8356826.89253648
7.510235056766934,598603.3579587955,2.0,2.0,0.2,-0.201453327812,-0.197049087412,67895.83321387669,31602.85512290001,10119797.287087437
1.926921097443777,158130.88769806668,2.0,2.0,0.2,-0.0632614786194,-0.0621641862152,15972.67323945334,6982.561330588002,3546451.355329255
2.11966560062718,167478.2824645618,2.0,2.0,0.2,-0.0667001398164,-0.065522213202,17316.034254060003,7441.53712057467,3683079.3720997926
4.924422902377415,558403.353337439,2.0,2.0,0.2,-0.206181339824,-0.202220828957,60941.04866566334,30618.787865390008,10569548.649198933
4.009969199407518,14786.642781793602,2.0,2.0,0.2,-0.00463358335426,-0.00430625386667,4484.503215514001,2921.161842263334,3173419.132333714
3.4752667459764064,418013.39272391814,2.0,2.0,0.2,-0.161537514417,-0.158620161844,44526.45387887334,22548.719125350006,7790893.06022993
3.8885382407240656,435195.83444152685,2.0,2.0,0.2,-0.166006953764,-0.162942042397,46892.80793979334,23532.27946590667,8301319.024543076
8.32960331802352,501827.1464462396,2.0,2.0,0.2,-0.163402299718,-0.159599868439,57566.017333646676,25177.266009070005,12201512.55558926
9.398438455870759,584663.5863830852,2.0,2.0,0.2,-0.182552326795,-0.178131552153,66931.28443515002,29863.608370523343,14016479.86920311
4.943372903484315,585361.1514939915,2.0,2.0,0.2,-0.21607738384,-0.211933797411,63796.646002263355,32350.69722283667,10939635.19525627
9.201943518126225,39166.054539878336,2.0,2.0,0.2,-0.0116643477162,-0.0109150254455,10813.656111930002,5259.900020756669,6945234.28529079
4.2327134606069965,493103.5936517415,2.0,2.0,0.2,-0.186177792203,-0.182700565842,53360.31451995001,26582.35426969,9321759.441100175
5.549714383922229,387785.9601944288,2.0,2.0,0.2,-0.139706156909,-0.136833003064,44070.17567774001,19524.684677796668,8862273.077905308
3.4212464814359977,388405.2806238547,2.0,2.0,0.2,-0.150255172921,-0.147536581625,41429.47856426001,17115.253408460005,7377186.843697647
6.944046358494674,77009.95596881688,2.0,2.0,0.2,-0.0256921337552,-0.0248037906853,12927.940458883335,882.93822691,7259728.5529541755
9.821339478985875,390112.299867392,2.0,2.0,0.2,-0.119335233315,-0.116198543853,48318.225547236674,16919.770480970004,11812195.622957904
6.629691316368718,589489.5483607487,2.0,2.0,0.2,-0.204997764257,-0.200712379048,64850.706628900014,31875.950076370005,9782589.351937037
4.541419714965166,547091.1417236682,2.0,2.0,0.2,-0.204610219239,-0.200755182334,59285.129510460014,30142.148852166672,10183279.08113566
7.006448290919491,263478.3964829103,2.0,2.0,0.2,-0.0897456187358,-0.0876126658091,32601.274960200008,10680.480756406669,12921922.897600796
2.5448257669557943,23968.783971656605,2.0,2.0,0.2,-0.00845809726055,-0.0081498931912,4154.132372362001,1379.652045666667,2296759.9980608574
9.053602182255888,217376.0940001229,2.0,2.0,0.2,-0.0682660617111,-0.06633137866,29558.533613630003,6243.876940560001,9074849.815583797
5.776213581628609,495834.18696033314,2.0,2.0,0.2,-0.17757047697,-0.173965507531,54483.50917033001,26204.751292760004,10406717.292540573
5.3194728073369575,420899.4608790996,2.0,2.0,0.2,-0.152964317373,-0.149884397177,47218.38957565001,18408.995029433336,9126833.991268476
6.479850701854913,275606.1933563738,2.0,2.0,0.2,-0.0957459673555,-0.0935636128008,33399.21975679667,10996.071562136669,4630531.335817151
6.810662833709921,33060.921095298654,2.0,2.0,0.2,-0.0106145252579,-0.0100254810241,8366.950849393334,1017.1267043466669,2579132.9118230836
2.1100943529253606,256136.83669398158,2.0,2.0,0.2,-0.102700263333,-0.100972418995,25613.12180462001,12654.748866580669,4731755.295337275
7.302246380398921,281414.9638307301,2.0,2.0,0.2,-0.0948642195018,-0.0925961917219,34725.03800378667,11057.685818743334,6227276.857648892
3.5564192826820014,557133.3197364815,2.0,2.0,0.2,-0.215252915582,-0.211421070479,58695.42604995335,31197.867866773344,9603455.37797602
7.5685973763060135,384651.6621492957,2.0,2.0,0.2,-0.128728075089,-0.125754178451,45718.51377089334,18106.540446840005,5990418.981054386
8.491545752265672,186991.74999278932,2.0,2.0,0.2,-0.0599432295463,-0.0582414943522,25376.054037060003,4681.321814393334,8337384.457803567
8.333647314196423,315190.95867043285,2.0,2.0,0.2,-0.102235099478,-0.0996845436335,39146.342066133344,13024.976111653335,9802244.992811775
6.1962582229670575,39633.18469329604,2.0,2.0,0.2,-0.0131596173785,-0.0125578922036,8764.966404260002,3060.325000576667,2441329.7876938544
5.921444084641385,583540.9413898421,2.0,2.0,0.2,-0.208166636758,-0.203965282484,64880.07309783667,31750.841270306675,11613156.3061066
2.7144456713849996,216035.9411584356,2.0,2.0,0.2,-0.084871864328,-0.0833318542307,23063.46245933667,10277.608704143002,4712984.934958848
8.090442278426654,286720.4129478815,2.0,2.0,0.2,-0.0938067456281,-0.0914600386791,35261.41861669001,11386.423483296669,9331700.409584219
3.806979733797072,213170.38454215357,2.0,2.0,0.2,-0.0809096876241,-0.0793004261716,24339.31301304667,9560.407077163336,5506676.890551942
5.721911093952546,409507.0380697201,2.0,2.0,0.2,-0.146711986145,-0.143683459678,46403.39454025001,20765.719733366674,9284856.31461104
3.916329789883892,397339.29499775585,2.0,2.0,0.2,-0.151307166254,-0.14848685992,43119.88050644667,21075.01411740667,7892754.252731978
2.637541085497392,429193.3863174814,2.0,2.0,0.2,-0.170302979131,-0.167413615277,43634.64679542667,18875.852400412,7270284.188757889
6.851240423579761,160885.9377671525,2.0,2.0,0.2,-0.0547665490313,-0.0533245452026,21824.086846130005,5252.394193770001,5000838.50741997
1.9618222959946825,189401.0886984396,2.0,2.0,0.2,-0.0759431418408,-0.074647996489,18958.534520300003,8819.806711344336,3778826.54761399
7.8634844900727,75150.73865772477,2.0,2.0,0.2,-0.0242200078648,-0.0232975300965,13767.986130506672,2057.7801746500004,4322326.312929553
4.199487759719492,393305.98310766753,2.0,2.0,0.2,-0.148374761178,-0.145558616368,43095.19727014667,20618.88813534667,8030495.377763876
1.5011448905381253,23878.27640139153,2.0,2.0,0.2,-0.00863112104325,-0.00838636384534,3084.5245593350005,672.1011635543334,1552915.2144957455
5.8445976835164535,358609.40131407545,2.0,2.0,0.2,-0.127773570661,-0.125074965389,41401.36030900667,17540.994663026668,8768203.852758799
1.8982412224846266,521817.5309109803,2.0,2.0,0.2,-0.212057373168,-0.208715658627,49849.895347283345,28451.23215119967,7566967.7128565665
3.8474412414776453,534499.2889737801,2.0,2.0,0.2,-0.204506856417,-0.20079360982,56921.01181655334,29824.380349933333,9844129.958865121
7.509300143373587,269422.656221977,2.0,2.0,0.2,-0.0900777853331,-0.0878776456488,33704.65774728668,10424.45468982,4884468.093832631
2.03286178378586,275582.21292784426,2.0,2.0,0.2,-0.110851193807,-0.109011011033,27275.737428700002,13999.939342161671,4860991.225632883
8.63437718502602,46181.50980481042,2.0,2.0,0.2,-0.0141796728694,-0.0134119421485,11333.303443986668,4494.623640326668,6626872.381237184
1.5324693425979565,402459.0152658214,2.0,2.0,0.2,-0.164923724713,-0.162400603521,36891.58724467001,20873.11956331334,3925757.348498614
3.598002888216169,492755.6522237073,2.0,2.0,0.2,-0.189939559634,-0.186524722408,52205.310971246676,27153.173327160006,8832423.907503553
7.7976844772926075,146793.03276282782,2.0,2.0,0.2,-0.0481638422189,-0.0467667001096,21182.10022025667,2721.5378147233337,6219567.814266954
4.188296272699107,252780.5289800188,2.0,2.0,0.2,-0.0949686351617,-0.093074525236,28784.253095296674,11780.774820723336,6250714.290893569
2.366085298561115,503303.6020591622,2.0,2.0,0.2,-0.20163962475,-0.198323036057,49965.493995183344,27332.887752317674,7860047.060252274
4.5619883098036365,526272.2805973728,2.0,2.0,0.2,-0.196631563508,-0.192911844602,57052.11425143001,28957.435708993336,9935884.369322475
3.798342934268467,145907.98815853556,2.0,2.0,0.2,-0.0550523622281,-0.053882254601,17532.264009080005,5359.789350310001,4660844.528266252
8.663051168364717,330342.38072481856,2.0,2.0,0.2,-0.105810622131,-0.1031403647,40986.413480546675,13796.08716065667,10209901.406488217
4.163457299473716,115495.89038149624,2.0,2.0,0.2,-0.0428508857886,-0.041857043661,14841.392936160002,3247.3752547500007,4529813.691045335
8.20592601009606,61127.258483733924,2.0,2.0,0.2,-0.0193099420028,-0.0184637575243,12588.158226226667,2974.5054254400006,6554242.436112727
9.080913230891245,546672.3008351745,2.0,2.0,0.2,-0.1728448998,-0.168698345063,64010.06652623002,27540.368787893338,13347715.085634947
5.187448066400501,492304.5025392655,2.0,2.0,0.2,-0.179963487586,-0.176418715365,54448.644485106684,21945.804916460005,9971010.989010423
9.234516722762333,456020.94108190434,2.0,2.0,0.2,-0.143096246464,-0.139549383325,54697.10213949668,21400.973975783334,12272573.608771943
4.70720345868714,29259.79128788425,2.0,2.0,0.2,-0.00994640146363,-0.00948849115634,6529.579601303335,2534.4260109200004,3820361.13192247
9.694666540165919,506237.2756261545,2.0,2.0,0.2,-0.15597246962,-0.152060399114,59087.78804013334,24339.06497905667,13169594.301076261
2.25896095846737,262826.4455432302,2.0,2.0,0.2,-0.104953593177,-0.103165003315,26644.970722610004,13020.088206611,4948222.20280995
7.339663765277563,205437.07397751577,2.0,2.0,0.2,-0.0689137904113,-0.067150424955,26873.92538152667,6699.034741106668,4259655.603185602
5.697419343883894,327885.81661522586,2.0,2.0,0.2,-0.117339204064,-0.114854196757,38022.26365522667,13752.573164670002,8248275.079691072
4.795014846373,54811.945634133495,2.0,2.0,0.2,-0.0194139753406,-0.0187834969709,9212.816436260002,1001.1056112633336,4201386.446466503
6.878050969363108,453987.9296114393,2.0,2.0,0.2,-0.156127497299,-0.152732362262,52251.77755999668,22891.850508686675,6424117.513653633
7.482785278891815,349461.0461329775,2.0,2.0,0.2,-0.1172383878,-0.114503326231,41147.82064470334,14391.521820903336,5640004.316485563
1.5370877920276271,111954.05812390051,2.0,2.0,0.2,-0.0449244318306,-0.044148539876,10961.845675273338,4352.667072437334,2544787.2986029806
2.9191012543511894,112939.31986142736,2.0,2.0,0.2,-0.0435474340581,-0.0426480520738,13281.451920590001,3837.0557228536677,3623352.0295444853
7.560891430391709,110549.19094360454,2.0,2.0,0.2,-0.0364008766102,-0.0352581266866,17209.922518410003,2553.6194232733337,3478784.179927255
7.164276015414755,34201.43253116039,2.0,2.0,0.2,-0.0108759214292,-0.0102615490973,8747.848614303335,3899.0853608700004,2697038.265063947
9.711403793593757,352679.0696230109,2.0,2.0,0.2,-0.108295185693,-0.105417250593,44258.40324931001,14547.977586566669,11229659.382239671
7.968821217131655,504208.90655310487,2.0,2.0,0.2,-0.166514788347,-0.162717093015,57429.680165103346,25232.930395383333,12036697.73363169
9.581568015716373,10498.92839243316,2.0,2.0,0.2,-0.00260659197438,-0.00203031189678,8368.133209683334,7519.427046660002,6822394.111242432
7.471594263045859,29402.78698276413,2.0,2.0,0.2,-0.0091414816507,-0.00854339018737,8715.672731203334,1443.2450271033338,2762035.2593158316
4.033443773435266,343662.16601216746,2.0,2.0,0.2,-0.130191260057,-0.127713723207,37850.66511732335,17559.13920984334,7291761.450328074
2.39560183913228,491697.4112316314,2.0,2.0,0.2,-0.196778910643,-0.193522763942,49046.40300751001,27193.306070298673,7748759.564512085
8.145502838431952,196043.33434118016,2.0,2.0,0.2,-0.06373069978,-0.061987178286,26594.254295283336,5605.561139356668,8192718.627782264
6.975268382545285,209768.6392846333,2.0,2.0,0.2,-0.0713463305336,-0.0695735158447,26464.26483527667,7617.07383747667,5261132.253232393
1.909581105343018,357807.89849806554,2.0,2.0,0.2,-0.14485541978,-0.142529789352,34492.207296533335,15281.343927112006,5691892.650713579
4.5604289601583154,164527.7334744882,2.0,2.0,0.2,-0.060686077141,-0.0593483595764,20192.562244900004,6072.1409240266685,5422341.979927916
9.632798431616433,15965.019646610479,2.0,2.0,0.2,-0.00429337700583,-0.00367819317571,8963.810420313335,6988.668094923334,6922884.781430421
5.7534097385367104,441137.11086095765,2.0,2.0,0.2,-0.157965379595,-0.154723658865,49787.00279339667,22758.265538950003,9718728.948619716
5.178197656167489,375389.9477648719,2.0,2.0,0.2,-0.136958336826,-0.134188547348,42479.47302135667,19088.016533590006,8510080.179476399
5.390446643853998,348453.5994333955,2.0,2.0,0.2,-0.126114361565,-0.123511371731,39922.15476115668,17090.890409513337,8296431.142943882
3.275503154043892,445010.4773950939,2.0,2.0,0.2,-0.173162971619,-0.17009068021,46755.68411101668,24263.124569046675,7971033.4920831295
4.634010952350759,405138.5025372225,2.0,2.0,0.2,-0.150679080745,-0.147751401864,44931.89795217,21275.36548482334,8505848.247413786
4.6434126758910015,123529.19290699268,2.0,2.0,0.2,-0.0451883551584,-0.0441138299031,16106.27726628667,4062.933668623334,4964130.202185812
1.9450176715935155,211488.6281660107,2.0,2.0,0.2,-0.0849865199638,-0.0835565809407,21014.766538923337,10060.198070610335,2487514.9202613784
8.024324842402304,75666.085007175,2.0,2.0,0.2,-0.0242445482418,-0.0233104026158,13638.787681703338,2159.282098123334,6590970.631676671
5.040287671182972,77914.20805072862,2.0,2.0,0.2,-0.0277745279614,-0.02697890422,11774.381215613335,195.46021801000003,4651350.830280225
8.488529037939598,405717.4478139235,2.0,2.0,0.2,-0.131073583786,-0.127907371042,48746.43792650001,18818.67885169667,11063873.354462521
8.72795800951911,515160.06418949895,2.0,2.0,0.2,-0.16514488958,-0.161229637162,59224.95336728334,25665.269895000005,12611775.419944026
3.3019494649385934,577639.5503166834,2.0,2.0,0.2,-0.225060349138,-0.221128461237,60088.38811799001,27738.82871517334,9695808.97072599
7.087504598446093,377008.2705296666,2.0,2.0,0.2,-0.128453619696,-0.125559613345,44516.87192383001,15852.141790523337,7248941.102601509
5.514395335385345,110460.79401657417,2.0,2.0,0.2,-0.0391376145434,-0.0381025172793,15523.802027640004,1993.1505872700006,5381129.354957743
8.981332272332622,63390.20726935842,2.0,2.0,0.2,-0.019463996718,-0.0185637839683,13397.616624650002,3385.584918153334,7070740.904511921
3.33379577299986,487710.5829220547,2.0,2.0,0.2,-0.18957328533,-0.186220437986,51147.91403958667,26870.78656919334,8566122.621675218
7.261412202635376,347253.8858159996,2.0,2.0,0.2,-0.117466090587,-0.114760582876,41524.07453592001,15883.424294423336,5551247.292572876
6.665893039148142,370971.0126082319,2.0,2.0,0.2,-0.128365514161,-0.125535686136,43492.504209290004,15646.381327256671,7043642.286246098
4.010062559360579,468877.2532528255,2.0,2.0,0.2,-0.178261114009,-0.174961905964,50528.79208798334,25410.243275840006,8868380.86731345
2.6611076810349674,421966.33663947094,2.0,2.0,0.2,-0.167290500783,-0.164443017113,43108.08749521001,22883.097145593336,7188905.143201156
7.038937964056851,500674.951713658,2.0,2.0,0.2,-0.17128862002,-0.16757197285,57302.932361393345,25578.397796423338,6880187.513389401
7.778078394124811,33728.34327592709,2.0,2.0,0.2,-0.0104864789366,-0.00984430791161,9402.562611233336,4659.825185996668,5969298.583183672
4.182832421988476,448512.3820479029,2.0,2.0,0.2,-0.169484465,-0.166308295372,48672.52372400334,24047.249547896674,8731582.48871101
6.981077134189667,510511.6543932572,2.0,2.0,0.2,-0.175055292208,-0.171275290429,58286.27078256335,22448.80214782334,7005144.736386858
4.858612714697777,171681.0254749886,2.0,2.0,0.2,-0.0627392884215,-0.0613363963479,21216.655856330002,6272.682967003336,5697772.880811346
7.562258507902251,384268.36439595174,2.0,2.0,0.2,-0.12863052828,-0.125660188051,45689.77263877334,16100.10621517,5982365.613923988
3.1933298365994514,188497.23830218325,2.0,2.0,0.2,-0.0728181005624,-0.0714134737573,21080.452269700007,8354.905976214002,4738490.790025929
9.066827522407483,574782.6398894724,2.0,2.0,0.2,-0.181906008743,-0.177571104109,65749.95357494669,29078.38077406667,13605331.779877612
3.9429815699574275,20054.143461302254,2.0,2.0,0.2,-0.0066545589105,-0.00629635669709,4962.615563229,2640.9224244000006,3206641.2620433657
4.6261808959273,347875.706299773,2.0,2.0,0.2,-0.129238906053,-0.12668943653,39040.28548039334,17521.548613030005,7761031.608205789
1.9937815926829732,99902.12822970905,2.0,2.0,0.2,-0.0394464660921,-0.0386998766797,10720.571397654001,3549.428967680334,2743210.6354551716
2.4478538047308493,427332.1231062952,2.0,2.0,0.2,-0.170537837258,-0.167690219082,42873.54883122001,23162.855716250007,7073565.943197124
5.884826173054789,105534.17005119724,2.0,2.0,0.2,-0.0368764857001,-0.0358541193602,15002.010004460004,1421.87622218,5567216.334697048
3.774537752187758,141229.95713901453,2.0,2.0,0.2,-0.0532925679611,-0.0521548487439,17033.255461243338,5075.643336780002,4575284.908481976
8.601581918808652,296622.48662745487,2.0,2.0,0.2,-0.0951507547065,-0.0927097734627,37455.95923255667,11671.324318403334,9762657.631020108
1.6248938035671077,548900.9699981268,2.0,2.0,0.2,-0.224955289879,-0.221515304561,50802.15025090668,29358.584222893343,5263147.322041511
4.722299413711458,127028.6232887825,2.0,2.0,0.2,-0.0463754084145,-0.0452738266915,16533.466725103335,3580.7792824200005,5060836.762719703
4.367437147537288,86544.01267086211,2.0,2.0,0.2,-0.0316476560794,-0.0308322810066,12046.357364896669,1289.8444620533337,4310652.221412676
1.6642848627996087,455386.09911241836,2.0,2.0,0.2,-0.186115163641,-0.183240200996,42312.12213001667,24271.405433285672,6599600.257450661
2.557131391504337,300371.71940035856,2.0,2.0,0.2,-0.119060478768,-0.116998609363,30995.78038152334,15372.91431464267,5666050.5058107665
5.015962736808399,547071.0674290628,2.0,2.0,0.2,-0.201334982837,-0.197440981726,59911.12832653333,29887.67954509334,10527427.127892364
5.689348967803296,87968.73429590536,2.0,2.0,0.2,-0.0307974046887,-0.0299013085797,13351.758055840002,437.9528133866668,5224412.166002296
4.936462851666388,387556.7358138236,2.0,2.0,0.2,-0.142619315588,-0.139784730527,42606.706598380006,19855.065386656668,8455476.452131886
6.012970266502798,139727.48769108902,2.0,2.0,0.2,-0.0488966767139,-0.0476410607398,18948.058792123335,4460.18089896,6124984.142787238
6.558619236698293,94056.25719098358,2.0,2.0,0.2,-0.0320015316231,-0.0310198777896,14686.550933670003,2058.5673051566673,3020201.1251032767
1.5843524795866029,410057.64909436234,2.0,2.0,0.2,-0.16781510657,-0.165241892314,37702.24310074001,21231.15154322634,4008914.697076129
5.444808855354783,356210.7719452399,2.0,2.0,0.2,-0.128704769265,-0.126048506142,40750.86078584334,17550.15742744667,8414425.146166965
9.6897435475445,452896.4750173987,2.0,2.0,0.2,-0.139456541214,-0.135904953222,54760.50974393334,21097.45964604334,12500050.349815983
5.911774381101164,185677.5458677094,2.0,2.0,0.2,-0.0655128217356,-0.0639575040553,23618.625499750004,6472.538262880001,6594136.67524081
7.259109273401102,268782.99382931396,2.0,2.0,0.2,-0.0907105941301,-0.0885288754715,33379.22721727001,10450.112669596669,6066741.594700208
4.150842792293507,243283.00579825108,2.0,2.0,0.2,-0.0914665958593,-0.0896361485775,27775.214068880003,10008.025777713336,6103297.804930277
8.078926714298483,590453.6783799086,2.0,2.0,0.2,-0.194389395203,-0.190009479558,67674.79346008,30635.54901007,13230931.095593551
8.069832595946977,175349.37404363274,2.0,2.0,0.2,-0.0570918794793,-0.0554893763225,24363.728038116675,4283.846855516668,7893273.333039567
5.9310164050601815,176890.34300806012,2.0,2.0,0.2,-0.0623255974418,-0.0608274858627,22709.05625603667,5903.959638476667,6502953.115333312
9.796117497873315,212728.92529716442,2.0,2.0,0.2,-0.0647859505987,-0.0628436724428,29626.98307187001,5542.047090523334,9487292.596435089
2.5671768254825538,338756.4487741929,2.0,2.0,0.2,-0.134403923631,-0.132096777931,34759.637466980006,17502.158831247336,6140221.905148792
1.6440551515614383,151393.64655824713,2.0,2.0,0.2,-0.061005678299,-0.0599790990274,14747.304223312001,6618.4878108230005,1863862.8321838845
8.046344799935316,549173.9642275644,2.0,2.0,0.2,-0.18093616173,-0.176833893365,63363.740428590005,28096.331153883337,12596901.967611114
8.360822067601502,159411.3389197581,2.0,2.0,0.2,-0.0512497856115,-0.0497397043628,22900.440439646674,3006.0450236700003,7853427.144835258
2.521761447524898,537489.4389361168,2.0,2.0,0.2,-0.21443838279,-0.210873345471,53930.39187362001,29471.471640875006,8458670.815895658
3.7574540801481517,62085.03818795079,2.0,2.0,0.2,-0.02285606523,-0.0222341600236,9043.265372540003,111.77121076233334,3588993.312274306
1.6491950886163458,393937.6214397914,2.0,2.0,0.2,-0.160855635885,-0.15835584404,36707.54575689001,20749.15812538967,5855697.729929442
3.9931231916348,544191.3110629462,2.0,2.0,0.2,-0.207259153505,-0.203469180192,58197.88850655335,30382.34675754001,10245279.648350244
8.071705928308708,101249.66303893772,2.0,2.0,0.2,-0.0326375854754,-0.031530817197,16589.604184916672,534.0275777276668,6959312.823125462
5.902664485556921,580996.176059553,2.0,2.0,0.2,-0.207389127841,-0.203207965305,64493.50804800001,31522.153225150007,11635690.337149689
4.458812541930449,271730.016249307,2.0,2.0,0.2,-0.101262501656,-0.0992257240326,31037.731586716673,12827.842735276668,6689582.879789894
4.659784006703807,567429.0650646146,2.0,2.0,0.2,-0.211433344664,-0.207433789221,60332.71194365668,31313.23440680667,10558808.52561873
1.5115058185814794,406092.0261780282,2.0,2.0,0.2,-0.166523563051,-0.163988825577,36972.60539451001,21269.91309744534,5785327.443424726
4.048304484304506,180952.12192413092,2.0,2.0,0.2,-0.0679811945813,-0.0665659639259,21356.082137020003,7406.988042353336,5257384.992586365
6.994899303922409,112981.51495026385,2.0,2.0,0.2,-0.0380076249376,-0.0368774966195,17010.75694141667,1047.6746729833337,4135043.0047297142
9.780652772439035,182241.02773505964,2.0,2.0,0.2,-0.0554356509667,-0.0536988340519,26422.921520230007,3455.181906766667,9125111.60490324
8.700017029363146,55810.445557604995,2.0,2.0,0.2,-0.0172401211066,-0.0164047117513,12397.793535460003,3994.3929765600005,6818719.54194266
1.7005571994869975,86320.77980599787,2.0,2.0,0.2,-0.0342022384214,-0.0335649527362,8980.119706452668,2833.329194019667,2486388.143472986
9.137765139736135,62796.264207888686,2.0,2.0,0.2,-0.0191577716651,-0.0182533548345,13465.00587497667,3535.6083375600006,7186635.937775491
8.15718651303832,253766.12624493465,2.0,2.0,0.2,-0.0827101241129,-0.0805787461687,32612.491324980005,9253.957507123336,8909453.22858412
8.133197050353333,477347.02575455187,2.0,2.0,0.2,-0.156577775631,-0.152951837627,55866.90842254001,23699.674718060007,11778258.037438303
5.392963951530358,84830.13252980412,2.0,2.0,0.2,-0.0299664391277,-0.0291069738253,12784.22270827667,421.84040643000003,4983018.228465171
4.883044990113274,78192.25990340153,2.0,2.0,0.2,-0.0280221335263,-0.0272339420357,11647.700334816669,1780.2580795466665,4560404.134207385
4.074783695082138,386057.36971039843,2.0,2.0,0.2,-0.146211570956,-0.143450892882,42203.07894619667,20205.132774750004,7808688.176762639
2.058406301112109,118309.78918083977,2.0,2.0,0.2,-0.0468482520178,-0.0459820519053,12550.107533172668,4602.303802794334,3041201.51898945
3.4400005896964423,58566.02286539496,2.0,2.0,0.2,-0.0217111614285,-0.0211296915331,8411.945581827667,112.99794025533335,3330268.3066128506
3.596130897313209,100109.14692334658,2.0,2.0,0.2,-0.0376800090721,-0.0368205888656,12700.044570270004,2602.8265486630007,3943058.254088714
5.614655092536713,554238.8375260656,2.0,2.0,0.2,-0.199798161459,-0.195812477246,61431.15237656667,30279.33500048,11016706.970083559
7.853277456071899,492882.7516657145,2.0,2.0,0.2,-0.163476728038,-0.159761104384,57233.67023171334,24866.88696878667,10797742.399468223
5.527383541382546,212438.73741305646,2.0,2.0,0.2,-0.0761114564809,-0.0744002090293,26026.25940981334,8423.41621635,6688286.592915175
1.9916778203008652,393492.4603964357,2.0,2.0,0.2,-0.159069296616,-0.156506121405,38189.30237543001,20777.497700276672,4076764.7321167444
9.641213308399733,322365.4042008229,2.0,2.0,0.2,-0.0992061672564,-0.0965352176118,40959.13637800334,12656.561546143335,10848041.023900287
9.513156712299955,406274.55808953836,2.0,2.0,0.2,-0.125921509964,-0.122694192585,49704.32096545334,18191.682523076674,11775911.424702588
8.174111116761472,409602.6914776556,2.0,2.0,0.2,-0.133983386081,-0.130808756374,47809.675817903335,19294.141406893337,10951324.037606547
9.926287163295875,377240.4090359958,2.0,2.0,0.2,-0.114859733237,-0.111804169367,46063.60486849001,15987.393494203336,11653763.76121237
6.128099828802235,159660.82112238515,2.0,2.0,0.2,-0.0557742415014,-0.0543803797392,21107.00981015,4620.9768860233335,6445354.558274508
9.683530977152252,23403.85245769088,2.0,2.0,0.2,-0.00658185856573,-0.00591442055385,9788.958150120003,6438.225700873335,7043725.495074789
2.1426428452423814,273340.0691940653,2.0,2.0,0.2,-0.10958279753,-0.107740758512,27333.33273677334,13857.848886533002,4922851.458891953
4.608286360221657,534584.3308144223,2.0,2.0,0.2,-0.19944943666,-0.195667727284,58149.10476330668,24096.10587740334,10075556.69947581
3.4157407780575095,341698.35511114553,2.0,2.0,0.2,-0.132049908987,-0.129635106816,36717.44379647668,17769.362994813335,6809783.716903132
3.164581215141295,499434.62502114475,2.0,2.0,0.2,-0.195210447546,-0.191799795434,51928.55695776001,27462.31876711667,8555168.794566479
2.696825065587747,594974.6057767369,2.0,2.0,0.2,-0.236305153864,-0.232345437611,60028.57025472001,32976.73241197666,9330966.295257507
6.790515953310972,98169.72248296576,2.0,2.0,0.2,-0.0331608653872,-0.0321399082321,15265.664670833336,161.2319779066667,3117044.323497318
8.141235773852092,415066.58348518936,2.0,2.0,0.2,-0.13596064799,-0.132750870128,48422.91602745001,19508.922708203336,10934203.535720734
6.415536395073065,404576.1442200148,2.0,2.0,0.2,-0.141386484134,-0.138348748243,46614.664724450005,17355.57586483,16645309.329591332
2.7491830314997823,587973.2684149671,2.0,2.0,0.2,-0.233115309903,-0.229200126598,59502.79431128001,32376.23416260001,9425672.774499653
8.394552044434501,591360.4403716802,2.0,2.0,0.2,-0.192292680615,-0.18788414324,68123.81085007668,30571.414086100005,13350998.347971702
6.905615010891692,412007.1670344777,2.0,2.0,0.2,-0.141435668934,-0.138318641647,46998.91226408668,20257.09768982667,6036703.994596755
4.799408502079462,146168.87518931655,2.0,2.0,0.2,-0.0533738212558,-0.0521416305412,18563.07081996667,4738.0617706833345,5327395.560745618
7.230107512056535,479133.5028783594,2.0,2.0,0.2,-0.162693642025,-0.159108764804,54125.71238410001,20882.599093086672,19591479.754478347
3.7091923235640794,64217.48052662286,2.0,2.0,0.2,-0.0237119739785,-0.0230786757649,9230.589102353335,1443.7080703670001,3579980.9246327505
4.43413377220079,468419.5825029772,2.0,2.0,0.2,-0.175602417651,-0.172273232935,51125.645514693344,25203.729916383338,9148119.996341791
9.298629666621917,546117.6744868178,2.0,2.0,0.2,-0.171137120587,-0.166980363829,62937.50418996001,27097.79110526334,13425004.51795583
3.9692882982070734,229700.03686106115,2.0,2.0,0.2,-0.0868128511513,-0.0850836658775,26171.770048630005,10469.019218643336,5814558.298794688
5.4949002793424615,378381.17698984826,2.0,2.0,0.2,-0.136550675582,-0.133742728965,43022.93582597334,19012.57275357667,8701182.014953798
9.066199667866124,258085.6392580958,2.0,2.0,0.2,-0.0811568433078,-0.0789487693759,33822.96338099667,8880.86037539,9566505.269571748
7.515631477273984,262659.03299287707,2.0,2.0,0.2,-0.0877721419335,-0.0856172506256,32956.285561823344,10080.767259833336,4834171.536050939
2.0287274223999736,186222.53346487205,2.0,2.0,0.2,-0.0744985852816,-0.0732153745321,18820.378594120008,8655.093597024668,3797166.3412155854
2.752075876371248,457277.7722701948,2.0,2.0,0.2,-0.18090788288,-0.177821599084,46732.70970483001,25112.02689374567,7694365.692309085
1.566653521561293,561705.9384999031,2.0,2.0,0.2,-0.23061683162,-0.227124708742,51478.032660786674,30009.753186159676,5296450.410406294
6.862835216947889,564450.5155406767,2.0,2.0,0.2,-0.194546383632,-0.190413502922,62533.270173876685,29982.25647695334,7478364.081640715
5.305224115988556,104868.77092496029,2.0,2.0,0.2,-0.0373755016724,-0.036388502077,14736.553072933339,1731.902258686667,5181575.349024012
2.641336232669342,524846.1897939396,2.0,2.0,0.2,-0.208589080861,-0.205088102794,53033.424733196676,28692.970076291007,8462787.006606376
9.642440028982548,442458.8648562733,2.0,2.0,0.2,-0.136493245686,-0.13301324316,53534.89582384335,20298.833762623337,12277409.400399175
6.002107653537769,151702.44041417356,2.0,2.0,0.2,-0.0531853116279,-0.0518507705761,20172.28248698667,4262.870257113334,3353781.1287261634
3.556092999959558,40370.76775290873,2.0,2.0,0.2,-0.0145883796025,-0.0141185996546,6682.368757438668,1041.4956790060003,3194200.0910050706
5.755130354815014,160798.3601306268,2.0,2.0,0.2,-0.0569221610485,-0.0555405394121,20900.835830193337,5003.02309053,6162724.549827256
7.276772828248417,547324.9420689153,2.0,2.0,0.2,-0.185704520661,-0.181662012114,62424.992268416674,28665.009961260002,7397976.823405954
2.148033352775298,379907.2049374634,2.0,2.0,0.2,-0.15281840916,-0.150310039081,37448.82951912001,19964.555862443336,6215298.467950778
3.834982427907082,432632.7965387231,2.0,2.0,0.2,-0.165310861349,-0.162265307869,46612.14926880667,23113.880968533336,8243732.645797868
8.359206672513945,154291.41066545752,2.0,2.0,0.2,-0.0495821252485,-0.0481062164591,22402.102043120005,2814.676050886667,7833114.611719423
5.40715139842262,431632.8933448922,2.0,2.0,0.2,-0.156421989449,-0.153266927624,48503.55693068335,22475.61468856334,9346788.124820614
6.1459057072745065,16872.903766754254,2.0,2.0,0.2,-0.00511868226168,-0.00467007433144,6384.397600113334,4504.543240993334,4654577.418940679
5.1789360187804885,225192.80746380828,2.0,2.0,0.2,-0.0817174121315,-0.0799436560818,26446.203712870003,9467.219566696667,6557114.59566317
1.8731495124655435,376052.00912539876,2.0,2.0,0.2,-0.152483638624,-0.150050945495,36021.25119431667,19896.87477795867,6128855.446484594
2.9088731284713254,87657.93932479214,2.0,2.0,0.2,-0.0335603042732,-0.0328241990055,10737.240346133336,2307.195781025334,3331259.6764265895
5.287103929306072,493802.1446681608,2.0,2.0,0.2,-0.179893698029,-0.176336011005,54678.24942697668,26321.03307246667,10108498.898094127
3.2780764559673865,141018.77928715118,2.0,2.0,0.2,-0.0540509136287,-0.0529472919337,16449.721178820004,5347.153285817334,4221058.561716436
1.9248217436072692,391368.66769106773,2.0,2.0,0.2,-0.158509169335,-0.155974667628,37679.55191120001,20548.592966532673,4022113.0738415727
8.671022144440503,243118.2855451978,2.0,2.0,0.2,-0.0776233054068,-0.0755364048546,31289.53186230334,8203.709250086667,9163578.463705674
9.840136497894985,357626.15728658834,2.0,2.0,0.2,-0.109236026531,-0.106317439186,44917.46641444001,14741.190206183339,11402476.079559186
8.241714428972285,64470.33157734488,2.0,2.0,0.2,-0.0203786138592,-0.0195082035401,12954.199668186671,3025.6642456366667,6588361.346127502
8.75717183448967,10147.679952964394,2.0,2.0,0.2,-0.00255777916088,-0.00202440279107,7698.1458912333355,6914.405680333334,6285162.074037791
3.5568056076948857,545738.6564281808,2.0,2.0,0.2,-0.210812446615,-0.207054392407,57553.814016266675,30459.684589926674,6164465.332949612
9.665329291862198,161778.00526030967,2.0,2.0,0.2,-0.0493679492195,-0.0477736303738,24223.63308779334,2212.3372928600006,8751048.688713605
3.173868487854141,491806.20166827546,2.0,2.0,0.2,-0.192147272451,-0.188788438071,51133.356080953345,27311.442046693337,8536288.77692055
9.587153388075574,599610.1802833201,2.0,2.0,0.2,-0.185801026866,-0.181266049813,70098.58411073002,30586.117112856668,14303745.679080842
9.955963998710583,126858.7547993467,2.0,2.0,0.2,-0.0381047811408,-0.0367304785906,20376.344498303337,281.0233121866667,8526185.313941667
7.549643848841415,159102.44471001337,2.0,2.0,0.2,-0.0527635622112,-0.0512970763866,21767.005341963337,3682.5420752833343,3894957.8522660965
9.839721720230486,397715.8725807994,2.0,2.0,0.2,-0.121582568575,-0.118395434886,48029.79418951334,17361.955937923336,11898178.634556506
6.341088126320381,579269.1807603728,2.0,2.0,0.2,-0.203539742209,-0.199340670172,64785.60664628335,26012.488978483336,7450980.309832239
3.706105156996768,549488.6089144463,2.0,2.0,0.2,-0.211258362767,-0.207465235389,58126.154587330006,30830.414850996673,9673965.272067904
5.214465028157777,301725.3120393509,2.0,2.0,0.2,-0.109719205071,-0.107435509688,34941.17956892667,14258.97500054667,7565005.599514466
6.545267950719681,477066.1695160348,2.0,2.0,0.2,-0.16614544679,-0.162615220735,53246.09167240334,24734.144083890005,6522139.498827248
2.1211932772296276,81447.51185994064,2.0,2.0,0.2,-0.0318259181214,-0.031183691707,9184.139866497335,2364.8116977960008,2663634.649276491
6.789917749246592,586462.9105224074,2.0,2.0,0.2,-0.202739043452,-0.198462819182,66007.75135577668,31604.563904306673,9720326.053001946
9.840011612479504,578611.9404215919,2.0,2.0,0.2,-0.177354066725,-0.172948037801,66722.91771571002,28972.23713915667,14143858.788576584
3.115915023161685,98237.37472750258,2.0,2.0,0.2,-0.0375081514302,-0.0366913462599,11992.647874690003,2813.4663919386676,3597457.0396919837
8.237058488451257,179653.87488186397,2.0,2.0,0.2,-0.0581348526357,-0.0564956736185,24945.695139423337,4509.844807220002,8023423.073840075
9.217139747126765,60092.99850406016,2.0,2.0,0.2,-0.0182460618705,-0.0173562015488,12943.718866063335,3765.5491348233336,7203075.773191606
9.521463538971878,163030.55933890783,2.0,2.0,0.2,-0.0500522735305,-0.048456832001,23731.57600022334,2407.9605411466673,8699165.757371346
9.661152637446301,489573.473649124,2.0,2.0,0.2,-0.151012579282,-0.147218521471,57353.54986127001,23507.080051350003,12901962.208860654
5.932406929132512,226989.36429915568,2.0,2.0,0.2,-0.0802439179609,-0.0784132813457,27918.68015649001,8765.051612763335,7143107.458325967
9.80711721792778,53038.180288055024,2.0,2.0,0.2,-0.0156539818582,-0.0147817379327,12684.71833281667,4932.225800936667,7525206.559878633
7.93713676064273,205335.31486734273,2.0,2.0,0.2,-0.067335988238,-0.0655405708965,27381.790335186673,6292.821712446668,8165657.381010161
2.874207208014176,588830.0005447681,2.0,2.0,0.2,-0.232569076687,-0.228620211904,60155.489833923355,33248.22688118334,9433597.4397922
5.5536509049777445,377810.15715552174,2.0,2.0,0.2,-0.136066265416,-0.13325950217,43081.83913483668,18955.585818423337,8779176.30013834
7.605814990662034,249696.56784369465,2.0,2.0,0.2,-0.0831120870721,-0.0810381152646,31709.176889406674,9413.077869196668,4737475.414929727
3.6023926844622083,99923.108098362,2.0,2.0,0.2,-0.0376003655578,-0.0367421708876,12702.901595860001,2629.935858547334,2076698.7349906492
6.945229060165542,591706.0783702169,2.0,2.0,0.2,-0.203391509145,-0.199068038395,66741.66242962335,31681.59189310001,9923200.672953773
7.166104071896264,492509.40555787727,2.0,2.0,0.2,-0.167670274683,-0.163998586829,56588.22462534334,24988.061730030004,9575453.771257553
2.88294782237281,168886.38147055163,2.0,2.0,0.2,-0.0657517925844,-0.0644988173647,18655.07578566667,7213.486740635336,4288786.406513835
6.303225155848429,42041.217432713674,2.0,2.0,0.2,-0.0139607357405,-0.0133378526094,9106.555162970002,416.7271977290001,2493044.476606904
8.058828743318166,33975.33442653482,2.0,2.0,0.2,-0.0104630231832,-0.00980517397014,9646.042744586668,4588.401499390001,6095356.603024551
5.740613148555506,72226.8897033203,2.0,2.0,0.2,-0.0250810342117,-0.0242863279273,11769.86564715667,646.4918630803335,5066592.604888814
1.6028764925969132,348461.150168653,2.0,2.0,0.2,-0.142298704724,-0.140095088568,32141.853694300007,17802.70992864967,3490429.358456269
1.5768269871739835,557258.0527232954,2.0,2.0,0.2,-0.228724114414,-0.225249758629,51015.52082256001,29789.848406630346,5277190.616992263
4.534749423745104,298046.0568035907,2.0,2.0,0.2,-0.110895543807,-0.108680486238,33828.46262794,12591.736429966668,7078055.827514177
9.372649581670146,505767.2894737183,2.0,2.0,0.2,-0.157927522798,-0.154037435695,58777.614528446684,24640.432450463337,12926345.037615392
3.4437526266306744,267531.9719158847,2.0,2.0,0.2,-0.103027926081,-0.101091321118,29373.302590843337,13132.987905606671,5895839.961635962
6.892091355409341,425150.12746069516,2.0,2.0,0.2,-0.146058091037,-0.142854278162,49301.74623422668,21081.235325120007,6156324.835249866
3.387644900893225,439123.6423719005,2.0,2.0,0.2,-0.170244504096,-0.167200052353,46439.69002189335,23853.136289910006,7953088.549386677
4.2341949121061635,104378.2235420032,2.0,2.0,0.2,-0.0385415950332,-0.0376160011155,13764.047366543338,2499.9411669700003,4416777.428989055
8.708357761612614,216729.63538548705,2.0,2.0,0.2,-0.0690076631904,-0.0670948770587,29251.653541250005,6536.683656326667,8853222.019886987
7.6953222592945485,382381.29392281437,2.0,2.0,0.2,-0.127343584394,-0.124380187642,45580.201142180005,15951.109432583335,6002739.998905882
2.3108938571622906,42417.96491061971,2.0,2.0,0.2,-0.015934980269,-0.0155241307176,5696.948530581333,79.58878464366667,2345886.6586226514
5.143967178384686,216924.11265777395,2.0,2.0,0.2,-0.0787746272246,-0.0770564657095,26137.398254693337,8479.542309173337,6497184.658666767
1.747942990984748,320879.67976871546,2.0,2.0,0.2,-0.13037349468,-0.128298968471,30522.529117830007,16604.48560423067,5315526.263194313
5.587566246125577,597734.6958267832,2.0,2.0,0.2,-0.215805274673,-0.211533294444,65886.16453590001,33089.97333812,11636200.591833914
7.130689099459079,284720.1375734644,2.0,2.0,0.2,-0.0966066306876,-0.0943250137745,34957.120112806675,11280.498144646668,4915286.222617148
2.5072723005842885,489634.05426859413,2.0,2.0,0.2,-0.19528358585,-0.192024624778,49294.33407919668,27011.24124609734,7879922.2714989185
3.9555219807279083,259240.37103997063,2.0,2.0,0.2,-0.0981669093365,-0.0962467925254,29184.097809943338,12284.870612586668,6180303.45705131
4.881611316768334,477834.4335718253,2.0,2.0,0.2,-0.176473528552,-0.173048266487,52651.764591196676,25763.622024500004,9588983.682259904
9.316013709576422,357248.88097206503,2.0,2.0,0.2,-0.11152006135,-0.108633884975,44412.88764646334,15113.217064980005,11028915.291757476
9.942667631095194,531957.264901439,2.0,2.0,0.2,-0.162259604082,-0.158160649322,61969.05143540001,25963.634766833344,13681002.874663929
1.8817460414627347,246565.53141006595,2.0,2.0,0.2,-0.0994790694214,-0.0978388550471,24173.429052273335,12132.252677054335,2736457.0806334703
7.968567349710832,362582.6518928873,2.0,2.0,0.2,-0.119436326013,-0.116586804556,43794.420834653334,14900.967941933339,10247223.478414286
4.659654564419918,378011.2083712964,2.0,2.0,0.2,-0.140382355511,-0.137632340518,42153.491829736675,19549.624220516675,8201721.078176522
4.83589458295058,250429.76508028398,2.0,2.0,0.2,-0.0920623724701,-0.0901422338409,29266.56131923667,11280.896305583336,6686069.885166285
7.911252273449693,86587.22621248891,2.0,2.0,0.2,-0.02797176617,-0.026970205525,14652.40682313667,1260.651957756667,6709033.603930733
9.306624673235973,56135.64414740133,2.0,2.0,0.2,-0.0169405165491,-0.0160724140949,12884.633509540005,4259.086346723334,7207833.675931396
9.582893053271661,10002.93035977986,2.0,2.0,0.2,-0.00245289619061,-0.00187976199699,8310.862617080002,7215.034171063336,6827205.414257097
6.405541981325727,524120.5585471288,2.0,2.0,0.2,-0.183602785689,-0.179770265847,59026.61504650002,23291.216766593338,6946683.610738763
4.535529854054274,141884.9473432167,2.0,2.0,0.2,-0.0522367192075,-0.0510488440524,17869.424797990006,4622.927145720001,5122753.442126601
8.194167229799625,126904.04956906082,2.0,2.0,0.2,-0.0409072013092,-0.0396223106918,19005.81864336334,1205.2503366100002,7354501.000003954
3.6335117577295524,441621.2402556393,2.0,2.0,0.2,-0.169876882271,-0.1667933385,47103.11433523667,23813.022860736673,8213733.656690063
6.294629245084901,192009.66785243506,2.0,2.0,0.2,-0.066862401304,-0.0652450901265,24592.245291290004,6585.8562240266665,3804797.223257895
4.547916922961422,303626.81544710195,2.0,2.0,0.2,-0.112944808643,-0.110692906861,34378.11325465001,14774.972592850003,7149002.343563063
7.081364126516947,97506.63917847378,2.0,2.0,0.2,-0.0325851847455,-0.0315537515006,15455.631970236669,155.65132648333338,3201199.7145683193
3.543390759594809,575847.4328771816,2.0,2.0,0.2,-0.222644040561,-0.218689572741,60549.68175667668,32479.87141678667,9813771.370845567
3.128540038746019,510948.8400103424,2.0,2.0,0.2,-0.199973701436,-0.196493314708,53083.026117373345,28428.770803233336,8676492.515881546
9.305032236741216,518273.77377900196,2.0,2.0,0.2,-0.162310158631,-0.158342448918,60010.30272483668,25330.814781900004,13045345.723699454
2.365331305071064,244064.24914320314,2.0,2.0,0.2,-0.0970585609916,-0.0953748142989,25096.24233644667,12081.480598721004,4761327.542492261
5.800642215746919,457416.7282243037,2.0,2.0,0.2,-0.163566758925,-0.160212214732,50579.68292580001,23861.221628220006,10001230.502000831
3.377248655185576,86325.69323386809,2.0,2.0,0.2,-0.0325665277106,-0.0318093095173,11127.596264680002,2593.841479379334,3624085.2996211327
1.8309046882681734,5171.401555068167,2.0,2.0,0.2,0.0,0.0,120.59596021533333,187.06031255133337,0.0
1.8061599554771244,11983.759546816875,2.0,2.0,0.2,0.0,0.0,119.4433720346667,185.70381705633338,0.0
2.989385062899532,351961.0424427363,2.0,2.0,0.2,-0.1378957126,-0.135455280045,36891.996022503336,18493.740603747337,6591800.080952719
8.867548013301002,273236.9431487645,2.0,2.0,0.2,-0.0866558125501,-0.0843578417064,34492.738955176676,10000.578781633336,9622437.132236756
3.9010693238047267,310809.20934511186,2.0,2.0,0.2,-0.118139499159,-0.115885642116,34298.05022555334,15585.054410663337,6732873.105620781
9.578902949890013,4477.884250331643,2.0,2.0,0.2,-0.000740319490318,-0.000204370732744,7729.314418543334,7900.046274653335,6751315.595567491
6.443789490408145,253611.97179445543,2.0,2.0,0.2,-0.0881467773111,-0.0861118802575,31068.691818010004,9934.02337977,4428406.574582285
5.211220613034512,430840.8967205165,2.0,2.0,0.2,-0.15719584855,-0.154058678175,48240.33750961668,22634.771803843338,9225878.116549792
6.430755094690364,265616.2211804615,2.0,2.0,0.2,-0.0924102734489,-0.0902955802847,32307.518140973345,11224.289954486669,4527584.540933464
5.891936274423276,439331.52378733334,2.0,2.0,0.2,-0.156540448571,-0.153305150747,49813.124718493345,22574.118951703338,9736971.299880063
7.949598156937264,139811.37863810087,2.0,2.0,0.2,-0.0455703259212,-0.0442131372379,20524.336432170006,3866.4941250633346,3848419.278939741
3.901216560769244,487885.2026890353,2.0,2.0,0.2,-0.186208833599,-0.182794534322,52300.22347340335,26656.51951036334,8957245.530998187
4.50092832860257,353058.7442720714,2.0,2.0,0.2,-0.131732718193,-0.129158454203,39400.58260809667,15260.853409116668,7746952.625833164
9.09980157153263,126457.85965794374,2.0,2.0,0.2,-0.039336057736,-0.0380075660426,19665.053528653338,531.4178161533334,7969233.412746922
9.544880361778446,142032.28551229977,2.0,2.0,0.2,-0.043475933123,-0.0420197589155,21597.366869696667,1215.7149767400003,8403954.783358635
9.086744933635034,376818.2787417222,2.0,2.0,0.2,-0.11878337049,-0.115779014,45285.25036993001,16541.186644060002,11093709.907448921
5.065307948637166,497963.75592746603,2.0,2.0,0.2,-0.182815876644,-0.179242127754,53859.34779934667,26760.70278276667,9987853.916740028
8.133106775558495,249376.6692174931,2.0,2.0,0.2,-0.0813412545367,-0.0792416308634,31464.57128685001,8987.083361023333,8869281.784346325
5.54885373305934,154980.25747655533,2.0,2.0,0.2,-0.0552230102528,-0.0538913591347,20117.117382766668,5340.892194123334,5961389.883813851
5.729088743241869,520206.96414636023,2.0,2.0,0.2,-0.186685448253,-0.182917463507,58024.04616196002,27838.60109250667,10721187.992933102
3.2397809269869136,401560.97505050094,2.0,2.0,0.2,-0.15628921919,-0.153501554421,42446.06737026001,21586.003569193337,7421177.847130433
6.52460757769739,268851.2923698459,2.0,2.0,0.2,-0.0932267246451,-0.0910853643914,32769.90206102334,10666.277787406669,4578976.655599958
3.082155130903457,292740.1171675811,2.0,2.0,0.2,-0.114132222262,-0.112064290565,31263.19472188001,14864.58532400767,5937975.767881501
4.318299942071147,122553.88076183783,2.0,2.0,0.2,-0.0453046010068,-0.0442555694686,15689.471033186672,3555.440609053334,4726763.163597788
8.76775671376945,376081.5780389064,2.0,2.0,0.2,-0.120082944825,-0.11709905808,44951.11522299334,16725.500251610003,10857581.923630409
3.2601443782922694,215245.50632573318,2.0,2.0,0.2,-0.0831413360527,-0.081558641964,23824.159254673334,9914.787041478334,5153259.482641565
2.104845423974179,597387.1060046096,2.0,2.0,0.2,-0.24156791777,-0.237698532493,58224.80438864001,32811.15617480234,8791329.942987097
2.0865645372089388,288110.1091571327,2.0,2.0,0.2,-0.115765819638,-0.113838224825,28599.078590706675,14766.752668485002,5049435.071316522
9.496668424276418,291531.3637137679,2.0,2.0,0.2,-0.0901753503935,-0.087719108635,36907.95641986667,10740.96231498667,10321141.614385054
5.808823722675594,339511.07244640315,2.0,2.0,0.2,-0.121060045487,-0.11849038955,39404.62704098001,16278.751709763337,8432630.278121063
4.9800026104446555,550053.601871248,2.0,2.0,0.2,-0.202688709797,-0.198777428453,60121.91854725001,30345.55963798334,10572667.959407028
8.392467938567307,480490.85991585016,2.0,2.0,0.2,-0.156018802624,-0.152356686968,56448.05822563335,23494.884417030004,11942193.580194259
8.604520387239386,270678.04187870485,2.0,2.0,0.2,-0.0867428655688,-0.0844754667903,33975.520682020004,10024.630351423335,9408934.860738762
4.323623781482639,431219.5595836776,2.0,2.0,0.2,-0.162144686692,-0.159069009366,47160.79927965334,19100.74055133667,8620466.035519993
7.39575348852726,351741.299268457,2.0,2.0,0.2,-0.118399882749,-0.115657553686,42102.09117035334,14516.271481843336,6933692.5861201845
8.054543934741035,295420.22922074934,2.0,2.0,0.2,-0.0968157377071,-0.0944110467129,36887.37828414,12019.757669403334,9380660.503516233
7.064530838360613,115389.46367061032,2.0,2.0,0.2,-0.0387352617103,-0.0375857097221,17298.54196206667,1195.0058579666668,3360247.1916794423
2.7885581358008444,278361.7580729346,2.0,2.0,0.2,-0.109463491566,-0.107517107508,29325.10076413667,14071.896396047336,5544660.810651965
8.945006209894984,147491.1522135448,2.0,2.0,0.2,-0.0462825566626,-0.0448207853173,22137.62569411667,1918.2358226666668,8127616.874987002
6.082303698256074,548905.2899109928,2.0,2.0,0.2,-0.19459498154,-0.190615819665,61378.00221521001,29338.12714044667,7098042.489114386
3.9010156241450313,201244.08809780815,2.0,2.0,0.2,-0.0760892938401,-0.0745514588641,23248.52464149334,8753.925299073335,4797976.216943239
5.1144395762203985,571358.4087200233,2.0,2.0,0.2,-0.209630310087,-0.205569508946,62545.341399133344,25813.73766021001,10958899.791237514
1.8193542683907127,319833.17405682674,2.0,2.0,0.2,-0.129674172844,-0.127599283902,30641.843345870002,16466.74268368367,5153173.676802188
2.586867810390549,378926.6272056962,2.0,2.0,0.2,-0.150414778284,-0.14785115105,38656.450837690005,20270.313457325672,6577655.948915447
8.007147379384818,325764.26669359667,2.0,2.0,0.2,-0.107050971171,-0.104445735487,39199.72214586001,13973.97297566,9751259.347262263
1.5000988954206123,77628.37018002053,2.0,2.0,0.2,-0.0308036153672,-0.0302372009539,7847.899023426002,2448.4318096210004,1195493.0825624007
5.040809542099483,225492.73140476458,2.0,2.0,0.2,-0.0822154419677,-0.0804459129923,26907.79714788334,9580.241898533333,6468329.426552804
5.9413365392275015,59487.66736657436,2.0,2.0,0.2,-0.0203599732103,-0.0196393669603,10619.929750110003,1527.0820804000005,5040687.5309166815
1.9643925700082645,373772.42651002906,2.0,2.0,0.2,-0.151143336863,-0.148711504994,36042.13163355001,19713.174443721004,5903994.47257658
9.771164385264829,268124.51712026336,2.0,2.0,0.2,-0.0819326524756,-0.0796195401526,34719.87808328667,9078.963219373336,10159559.199547064
3.4220653156222114,466790.9829425621,2.0,2.0,0.2,-0.180863432758,-0.177637785342,49293.66815858334,25332.089207260007,8402303.465264011
4.085689116908387,132282.2885996219,2.0,2.0,0.2,-0.049353005221,-0.0482533754274,16492.09242909667,4638.235640573334,4664072.846718131
4.083511354167732,98739.63505760094,2.0,2.0,0.2,-0.0365804346575,-0.0357010052524,13056.97721842667,3010.7843611700005,4290333.865191669
3.458541627997474,243799.33857826068,2.0,2.0,0.2,-0.0937394946505,-0.0919555347693,26990.152995670007,11650.497573863335,5605841.748990939
1.512527487733647,555951.2299310287,2.0,2.0,0.2,-0.228599174979,-0.225163021911,50321.18346712668,30039.89252154167,7448376.623668053
7.699430749747969,426253.08900744707,2.0,2.0,0.2,-0.142054876514,-0.138798633096,50127.22516111668,18129.047015406668,6423288.948238316
9.718186748293926,251354.1748757512,2.0,2.0,0.2,-0.0769313667815,-0.0747331410064,33655.023516863344,7937.85221986667,9932589.321470147
3.406494607922883,310363.30185258633,2.0,2.0,0.2,-0.119860083759,-0.117650520423,33559.645180606676,15840.500550780002,6417057.246868727
7.13590113032909,50527.806706259005,2.0,2.0,0.2,-0.0164639168248,-0.015742153123,10390.541001330002,2853.209435153334,2822531.4878845834
7.806118779149078,590745.5378256679,2.0,2.0,0.2,-0.196546773671,-0.192180834653,67447.08511540333,26288.468144730006,13118558.205423132
8.71161572226946,399844.3828169514,2.0,2.0,0.2,-0.128017614429,-0.124878734594,47388.04551794667,18134.398841433336,11139750.116996923
5.092348174615678,171242.4410780535,2.0,2.0,0.2,-0.0620837894961,-0.0606701300876,21383.13862404667,6256.883715806668,5826603.488924555
4.074912697943649,351485.0365291466,2.0,2.0,0.2,-0.13300224046,-0.130467412827,38739.32374063334,18037.689505750004,7410311.137366373
4.265008639195765,65689.41964139638,2.0,2.0,0.2,-0.0238602069167,-0.023186505901,9870.992671133336,57.60849684666664,3991749.0934583745
7.557281331337359,579502.0012845502,2.0,2.0,0.2,-0.194630007583,-0.190352545732,64675.33441886001,30264.05882322334,7800570.041304985
8.442625465297906,104870.99273001957,2.0,2.0,0.2,-0.0333521835154,-0.0322023226273,17298.829702733336,572.6960540413335,7247656.696904789
3.0437187259311225,388818.1908331285,2.0,2.0,0.2,-0.152220014662,-0.149536855083,40674.94983136001,17063.084998363338,7081884.378247257
4.652998569341005,147272.67752335826,2.0,2.0,0.2,-0.0540478861031,-0.0528176665493,18550.275579196674,4871.968354106669,5232450.757829217
9.166491672367776,430536.82958912145,2.0,2.0,0.2,-0.135413989011,-0.132043994908,51845.31340704667,19826.87689503667,11868548.972691948
8.356894917405285,466092.82034416863,2.0,2.0,0.2,-0.151521946916,-0.147960159322,53852.633070690004,22744.191989886673,11736985.851289267
9.871296423481045,404051.83734685957,2.0,2.0,0.2,-0.123372331991,-0.120139728433,48747.53344604335,17674.175161500007,11998828.274552913
7.911110207297686,368699.6761531155,2.0,2.0,0.2,-0.121739452181,-0.118852944417,44380.58526815334,15231.499354013335,10303777.210413024
4.842159208737339,535481.456371207,2.0,2.0,0.2,-0.198206511633,-0.194403549844,58516.095323193345,29250.468182006676,10258012.495684931
6.520421588954421,47176.026593854825,2.0,2.0,0.2,-0.0156527972264,-0.0149844207259,9816.576927053336,2869.0264474466676,2599403.1148863765
7.118621161102222,198548.85946811712,2.0,2.0,0.2,-0.0671230635337,-0.0654185063629,25975.565301863342,6419.048855903336,5184536.57682328
2.1668744386955536,148972.48777850758,2.0,2.0,0.2,-0.0591125569771,-0.0580472439237,15569.108362470004,6389.879876975,3481732.885493022
6.128224152382853,592808.3772392529,2.0,2.0,0.2,-0.20993620924,-0.205663135527,65918.80392921001,31937.98754258001,7515832.648792211
7.529227042017181,233633.8678001241,2.0,2.0,0.2,-0.0779336192235,-0.0759715577398,29995.98642246334,8403.320672283337,4552227.763666979
2.922231084009013,439567.61954423925,2.0,2.0,0.2,-0.172933734841,-0.169939054533,45382.85629173334,24020.106127690004,7563140.489572777
8.135369598117236,410835.09832860273,2.0,2.0,0.2,-0.134595288267,-0.13141416046,48967.20837808001,19229.02720988,10921934.638056757
6.462068634369949,127248.74248642664,2.0,2.0,0.2,-0.0437469216466,-0.0425497537243,18020.29328575334,3714.8120559833346,8412094.106246646
9.593885178429554,143398.6081269308,2.0,2.0,0.2,-0.0438125667812,-0.0423450375893,22242.886234533336,1082.6294171466668,8497763.533690764
1.8605895347585795,168770.73813182046,2.0,2.0,0.2,-0.0677308345001,-0.0665741766983,16848.583035810003,7621.497362989668,3458383.499029075
3.7552721692214694,246676.36695562754,2.0,2.0,0.2,-0.0939612324284,-0.0921373147801,27651.15700120667,11743.312247270003,5866296.070369608
6.613207974048505,140595.0393903161,2.0,2.0,0.2,-0.0481644407566,-0.0468714475653,19539.79214758334,4327.964762103334,3440713.1123135625
4.020759253750411,11790.889648108683,2.0,2.0,0.2,0.0,0.0,266.9129510423334,333.07928758400004,0.0
7.572605394605559,527635.8340843173,2.0,2.0,0.2,-0.176983364482,-0.173054468452,60645.57421885667,23186.19823715,7330137.372391469
7.951544901436414,579365.8988285305,2.0,2.0,0.2,-0.191656968865,-0.187358961623,66496.96619436667,29986.463304893343,12992477.320826514
2.371385694565033,204942.23221894077,2.0,2.0,0.2,-0.0812861474053,-0.0798489469737,21307.736241803337,9702.749907490335,4296764.596460903
5.8677629457575256,203104.12765528372,2.0,2.0,0.2,-0.0718634057911,-0.0701949662488,25382.984898676674,7607.153901133336,6793746.320098304
5.825569722523975,4255.0876646225925,2.0,2.0,0.2,0.0,0.0,387.3839581333334,456.7046481666667,0.0
4.638886546832099,408150.41299822443,2.0,2.0,0.2,-0.151784235907,-0.148837031396,45165.483216013345,17894.575720480003,8543568.064397037
9.429861331842213,495263.93744917726,2.0,2.0,0.2,-0.154258869497,-0.150438398449,58888.893509480025,24034.88973617334,12809549.62213746
8.53380371892238,87964.9802160019,2.0,2.0,0.2,-0.0277596416379,-0.0267174915139,15597.298575336668,1725.8485031633336,7084278.2098360825
7.426279746231913,95799.80962029044,2.0,2.0,0.2,-0.031597539674,-0.0305595268317,15561.008853880003,261.2236931326667,8148480.451484392
7.571776403747479,474049.9499828626,2.0,2.0,0.2,-0.158886840059,-0.155317248248,54947.96550267668,20539.36767069667,6829422.020334538
5.424587222411512,369774.4490124868,2.0,2.0,0.2,-0.13374648467,-0.131000335372,42121.954524126675,18423.105848210005,8575659.04871489
9.328453429320895,26916.334576630208,2.0,2.0,0.2,-0.00776949665155,-0.00709593839364,9874.10443683,6134.102883880001,6855316.188518032
7.4040611316529255,373528.194277369,2.0,2.0,0.2,-0.125757778594,-0.122869514126,44382.32503297668,17402.053090803336,5799513.726005409
7.696339024074439,185350.63370625963,2.0,2.0,0.2,-0.0612623459342,-0.0596146004951,25076.15701046334,6202.529780423334,4182318.544053913
8.824372682192434,221235.09328250756,2.0,2.0,0.2,-0.0701316909992,-0.0681830898696,29133.70990979334,6668.082077650001,8963820.971907951
3.8296085094086236,461838.8509781281,2.0,2.0,0.2,-0.176598285323,-0.173361433656,49582.19462458668,21080.91865230667,8701694.920564229
8.360102682866977,486561.11560356634,2.0,2.0,0.2,-0.158208186801,-0.154508687682,56026.13692366334,24024.83237940667,12056009.932732278
3.1595451251301823,240213.9761038984,2.0,2.0,0.2,-0.0932107588677,-0.0914759995699,26172.856672590005,11624.23288470067,5344380.938892827
4.435406594081547,568291.7616038128,2.0,2.0,0.2,-0.213362985039,-0.209371386007,61280.91114639668,25764.854961903333,10374485.55342568
4.352688861293663,243877.63077124333,2.0,2.0,0.2,-0.0910867178361,-0.0892404385697,28026.93862700334,11131.006672460002,6258356.7943517165
9.817466481307696,463101.62113806594,2.0,2.0,0.2,-0.14186259476,-0.138234464425,54836.92579498334,21678.423844023335,12689607.122421414
8.780566401857378,290326.35873855546,2.0,2.0,0.2,-0.0924496500263,-0.0900402289782,36948.942335440006,11166.697256633335,9862975.424971012
7.459943823517207,538519.3959132504,2.0,2.0,0.2,-0.181438364044,-0.177441790669,61662.758129703354,27698.223012526676,21537717.18181658
7.679982473730816,544656.7461901072,2.0,2.0,0.2,-0.181985799181,-0.177937725581,62490.860982680024,28346.052725723344,7511494.741989629
6.277618752421854,52450.08472265032,2.0,2.0,0.2,-0.0176440169828,-0.0169529204843,10150.717530150003,2242.520448743334,2574142.048202888
9.550270670422412,561895.9987861355,2.0,2.0,0.2,-0.174300985747,-0.170024571095,66007.88692287,28265.606829676675,13813094.300480548
5.718199399500073,495320.9049122494,2.0,2.0,0.2,-0.177751543027,-0.174152678015,55306.50127397,26356.949291006673,10418295.501403213
4.734400533894103,474786.4285876001,2.0,2.0,0.2,-0.176219579894,-0.172825453007,52132.61061399668,25439.719235713335,9441625.93794305
2.8858003639185235,120546.80381131347,2.0,2.0,0.2,-0.0466027846053,-0.0456568975259,13969.004187116669,4333.6555233063345,3689726.204456119
8.182748044218993,483071.5252527989,2.0,2.0,0.2,-0.158160441918,-0.154493667669,56495.84103326668,23774.818628790003,11876499.309881708
7.742773422642527,510079.6408110221,2.0,2.0,0.2,-0.169941815748,-0.16612090668,57767.41664089668,25715.40302819667,7190139.987691744
4.767017827455147,173490.20067249058,2.0,2.0,0.2,-0.0636071347026,-0.0621966825031,21317.80708393667,6481.185342340002,5672115.315278798
1.7141440186534496,571356.0470173942,2.0,2.0,0.2,-0.233616711356,-0.230026644371,53038.38656327001,31128.15127668734,8299675.321263169
8.63147728560309,29916.087839498552,2.0,2.0,0.2,-0.00893809852692,-0.00827907552475,9429.520633880002,5440.658197806668,6450639.827208195
1.5970528593596258,89945.5519482838,2.0,2.0,0.2,-0.0357913348822,-0.0351423635321,9114.901592838001,3093.2606293596673,2360764.6421807837
7.481448126846933,322548.68283090857,2.0,2.0,0.2,-0.108138844621,-0.105584325526,39200.48222574667,14053.293043363336,5357082.816961392
9.747185432671484,345475.4826733858,2.0,2.0,0.2,-0.105906988237,-0.103075295826,43473.583337793345,14090.437405970004,11122558.136389418
5.22012128925973,387090.04998054204,2.0,2.0,0.2,-0.141063022811,-0.138214249875,43664.73397562001,19634.205822206673,8687094.27073595
3.4972739424655988,10181.477589279875,2.0,2.0,0.2,0.0,0.0,231.8322516843334,301.4849294976667,0.0
7.491403585368745,576220.0647732782,2.0,2.0,0.2,-0.194004579538,-0.189751299959,65681.83609495668,25636.618062816673,7780005.835597239
8.445589207132475,26752.855640486396,2.0,2.0,0.2,-0.00797123915684,-0.00734269658065,9193.502687013335,5326.279911796667,6266130.598693088
6.144657686661702,85837.17163404143,2.0,2.0,0.2,-0.0295585604811,-0.0286527064737,13505.181750383337,92.68797331333337,5547126.630741425
9.719799839677243,8408.710515634188,2.0,2.0,0.2,-0.00195166289488,-0.00138262145243,8017.151854156667,7410.854418730002,6899155.280422396
1.9391841340926694,340115.0599764568,2.0,2.0,0.2,-0.137506835426,-0.135280111337,32997.42844158668,17798.983861093668,5513034.902609199
5.790762585588489,559360.1303525834,2.0,2.0,0.2,-0.200405572783,-0.196375851434,62049.779694793346,30493.01152147334,11246184.922903094
7.606858552241675,399568.2996482785,2.0,2.0,0.2,-0.13356806916,-0.130493035057,47278.322886750015,18967.262198596673,8553714.03217592
8.832444004768021,493594.4810882564,2.0,2.0,0.2,-0.157518690041,-0.153743763988,58213.54880640001,24062.948657400004,12423350.241186358
3.0236727012162152,7968.722075148049,2.0,2.0,0.2,0.0,0.0,200.56451866900002,269.91151341433334,0.0
8.300029594991292,325209.17908783566,2.0,2.0,0.2,-0.105653058845,-0.103035752635,40219.41536520334,13761.818659146671,9965793.763705418
6.198010143607635,275737.7865033131,2.0,2.0,0.2,-0.0967708003964,-0.0946021034279,33183.74237982,12030.760115206669,4542068.922808447
4.870706296914687,299380.7665324758,2.0,2.0,0.2,-0.110143850368,-0.107898896024,33602.06292107667,14409.255333836669,7294472.528416499
2.6195777429222953,43327.911201112765,2.0,2.0,0.2,-0.0161634074175,-0.0157279071832,6107.570631725334,165.95998460700005,2588897.1618536324
8.855013950725755,410661.21664158447,2.0,2.0,0.2,-0.130758417993,-0.127537048315,49602.11660021,18869.502585970004,11374550.511630144
2.8368222695275804,301932.2489151807,2.0,2.0,0.2,-0.118667345905,-0.116563656311,31752.88815137668,15542.557809587335,5852591.948769463
4.133196803277343,459089.3099167584,2.0,2.0,0.2,-0.173799111629,-0.170554286018,49740.87460266335,24738.60753361667,8773856.945823217
3.9653870216807134,291174.38043702923,2.0,2.0,0.2,-0.110369772823,-0.108239888446,32426.13326628334,14345.319930410004,6588342.837208856
8.907019290622262,89628.98173585924,2.0,2.0,0.2,-0.0278886404459,-0.0268169402742,16063.755793990005,1661.2177105333337,7414343.611468789
