input_depth,input_top_load,input_width,input_height,input_thickness,input_h_fill,input_e_ratio,u_y_crown,u_y_invert,M_roof,M_wall,sigma_vm
4.370861069626263,43905.05926080126,1.9297793233906844,1.5581991820933312,0.16303885821496863,2.962195392858348,0.3976258845581179,-0.00943686772368,-0.00866312775237,13801.468596215682,55.967980120796454,4837688.65044
9.556428757689245,53687.02978945043,2.7039604685293943,1.780158792346694,0.15922156626787115,3.0960987761539434,0.26651496190818896,-0.0104428831523,-0.00614613554459,27119.662600901152,1537.585920131427,14863253.2027
7.587945476302646,391184.2283537764,2.995856849855404,2.746868707634914,0.4086936334977912,5.682951742772225,0.40503125075465574,-0.0681112194131,-0.066407700394,154342.86435828006,66965.61809542503,11283936.9279
6.387926357773329,292164.42794354894,1.5450390079940892,2.6501525345075034,0.26130339668500435,2.306958054981025,0.08307872456120385,-0.0566598159502,-0.0564731627989,12652.630402594994,33426.098456507134,7217778.39037
2.4041677639819286,474249.15019152616,2.8460487986863976,2.0259640371857204,0.4287050650886822,4.4382432876192395,0.1362172855563478,-0.109006036678,-0.108238989821,153680.22593289285,23071.43966473753,22031574.8788
2.403950683025824,549762.5024061189,2.433945800397987,2.065215941661319,0.3011064883449972,4.726943808262443,0.2981904123408623,-0.131844184043,-0.129611334438,162219.2388308789,50364.97015442632,14182181.0717
1.5227525095137953,233020.12660292853,2.9600739287472315,2.300331650330369,0.30854933529048734,4.022166893718958,0.47618974613871273,-0.0560775353692,-0.0542158374906,95224.45311658712,34354.976691766926,9142006.89641
8.795585311974417,357846.01595078775,2.1975142762896414,1.5003615070277019,0.32950891087835077,4.776927515292549,0.08364103102480114,-0.0612835326509,-0.0605354103154,77554.70219351821,49153.46883472805,7752482.83397
6.41003510568888,300417.9766771859,2.7710818958570607,1.861866504057042,0.39956100973128633,2.691018584047868,0.06938789727058894,-0.0575720710372,-0.0566279464116,112055.92916337644,70742.84107573493,8136670.06285
7.372653200164409,588966.3933854598,1.593591102897416,1.8123477129123216,0.24572600304039746,5.4105289310861595,0.12044780371753507,-0.11121018275,-0.110343693036,67670.23023275145,23078.373432988166,8547361.81119
1.185260448662222,498650.6444139571,2.0029185751174436,1.8757244201246452,0.1925555723367344,2.5601027578795423,0.3385189079870704,-0.124898405577,-0.12180991682,42893.40203806791,21958.94054141456,16303575.5077
9.72918866945795,547042.6249664121,1.600524806626815,2.708858763800162,0.3446200673170115,3.6032497772629988,0.22954681250161124,-0.0909617461492,-0.0907708024793,5506.401768566465,66456.25583500451,8544836.03116
8.491983767203795,152604.0525465625,2.963014700218606,1.9195107848196646,0.26444216813495874,2.301030405232823,0.4214985707379588,-0.0276741359189,-0.0246323014361,85967.17086283918,42326.49415426548,13052516.4658
2.9110519961044856,463515.8538975566,2.725460860907755,1.7872819830752222,0.3048719597838131,4.180844315269601,0.08236991816661463,-0.10670530209,-0.103951248672,91407.52087894907,71122.54644575134,16107388.7313
2.636424704863906,159283.93499858934,2.7788211318689555,2.2563951911895472,0.3764313479180569,4.678983229702556,0.1383863390666155,-0.0360562072303,-0.0354545599231,33629.40938822909,21362.50254343978,4561022.2708
2.650640588680904,125245.52005703394,2.906947847150841,2.798467554559098,0.3229440093994447,5.764886540381163,0.18501188245920308,-0.0290564226268,-0.0279627289544,64042.647235679295,2852.478799487098,7262060.62865
3.7381801866358395,566559.6957933306,1.627655229179678,1.8620245557562498,0.36709758598529496,4.957344783584004,0.3320285390099534,-0.128033619177,-0.127827788735,18827.007311491263,22079.474684474917,5492929.56914
5.72280788469014,11582.650030719988,2.07839638877,1.617804364189198,0.34047000073976974,4.164411665816605,0.35832771063569624,-0.00214724034765,-0.00203669618514,16282.288124585908,2516.4115973981093,1733704.55974
4.887505167779041,579233.2221980578,1.6065523335660032,2.034607103774497,0.40892873017763465,5.7304680686813345,0.10589148228369823,-0.122822247138,-0.122621679282,25076.172262101416,41392.65200094047,6753196.33575
3.6210622617823773,89557.13819328372,1.816189652325043,2.6214777368474667,0.39707781619906696,3.913747352163506,0.4747121190462828,-0.0192854929091,-0.0192406118817,2373.006236787824,1369.808851223723,1756010.5393
6.506676052501415,491662.84907596087,1.8440486655565085,2.326035817042192,0.33696646213301673,4.2448226123954775,0.20346986083559415,-0.0944851478946,-0.0939875646576,66751.44182800877,7417.88832242668,6466894.29925
2.2554447458683766,165553.53184086186,2.203660816571368,2.725190054361521,0.3876160573008974,4.3843941106803825,0.3709259433501274,-0.0379227927596,-0.0377478321124,13017.380199916426,3858.631017665613,3491772.51687
3.629301836816963,210421.39645843641,1.9028432511804638,2.939388221413851,0.45574586079541446,3.6399189035462673,0.2858934735264645,-0.0448692078716,-0.04477184325,11363.498540993693,8270.407717282282,3839225.25841
4.297256589643226,130054.62679319097,1.6514671602266415,2.6889937151274257,0.301294950725859,5.353930762263296,0.15024115109619798,-0.0268263258809,-0.0267200029618,3755.8690582223167,173.8261804040277,2830331.51452
5.104629857953324,351308.4254886478,1.7512366336411616,2.40570461826563,0.29446707546207773,2.7407037553802365,0.43080274540193497,-0.0730550115789,-0.0726278089154,39115.61214876903,9307.521405749676,6233249.09952
8.066583652537123,208857.32850472446,1.7209133453281364,2.2400123820785707,0.417485967298333,4.219368761486432,0.41820711268636845,-0.0379915322632,-0.0379177541439,8338.344506554855,24497.659417015642,2815876.00878
2.7970640394252375,394435.82369679795,2.959615196868447,1.5601036295224,0.3538938429646979,4.888933024748776,0.22823233426251055,-0.096442647069,-0.0943620923196,151840.01569318463,128080.69731759804,14306134.4896
5.628109945722504,9388.390765239585,2.6389387603777106,2.976482968221062,0.174852373077906,5.615904687506308,0.3148734135622349,-0.000851654333611,0.00010460702881,17498.541341359494,14899.266376754642,10292384.3631
6.331731119758382,38624.93010902377,2.9516421979043432,2.075221683862564,0.46223920549187847,5.535673585737113,0.1660215631711729,-0.00687127257244,-0.00661858351509,45271.607899461844,17859.57938552871,2736237.26621
1.4180537144799796,59796.69163874919,2.1596107297618627,1.7283423208753002,0.16077408578317404,4.034961157720568,0.3604332329358357,-0.0153593419191,-0.0141742065816,14907.456283397873,3239.815486279716,4784100.89706
6.467903667112945,251396.21118613865,1.9175527224939848,2.5000632830946854,0.4119387246734101,4.572645804653367,0.18906206567919415,-0.0473907776816,-0.0472375183115,21663.374699380944,11075.444116053228,3392847.4522
2.5347171131856236,488877.70359598566,2.69743979581378,1.926432433643189,0.41557794994650954,3.576950944517204,0.42983543047200573,-0.113374038253,-0.112379365685,86657.81606193612,82611.95216772027,9170212.98605
1.5854643368675156,532906.7462270296,1.9893808770617203,2.3786674063965716,0.4835888798486756,3.872711051520801,0.14782329692477345,-0.129711660202,-0.129563190858,13703.12656243672,19478.525859967256,11795223.234
9.539969835279999,146886.44403654046,1.9490750605580225,2.380151861766887,0.16894704294081225,5.625063170292198,0.056661540268308865,-0.0232689748104,-0.021768184518,31391.93953364932,19360.77728226372,13631128.4408
9.690688297671034,344621.8345434084,1.8487589883117468,2.168594731354304,0.35889990127457183,5.7228159727698955,0.1708286188855633,-0.0561996418743,-0.0559249000733,44902.7345802198,9261.596935057702,5274161.50222
8.275576133048151,461018.9956155603,1.6945184673363531,2.754177923317564,0.29974419971946853,5.581656232268079,0.135973618906769,-0.0798186252965,-0.0793957346075,39462.462683699465,26001.977249047875,8288248.08933
3.741523922560336,173297.65795176523,1.884694591525149,1.8974505923331646,0.2657215342008397,2.553483447254553,0.2787288978762159,-0.0381847849363,-0.0377657513286,26374.08551063195,7020.724874463082,4262146.63627
1.8790490260574548,245404.64204176393,2.0329796227108314,2.1729488874266014,0.18161149610467556,5.400336085322545,0.14166648124545933,-0.0746045289595,-0.072117632555,52353.03077476791,3277.728537125022,12472459.1133
7.158097238609412,314384.52161142835,2.5109913122185956,2.3065381928864572,0.3469289418849582,5.793454924085921,0.3934354418237726,-0.0577119772742,-0.0566107781363,105924.08517418097,36858.44227008217,8578371.455
4.961372443656412,80924.90784482862,1.5938472633291774,2.4954370811509494,0.31766425398611475,3.4449987782944187,0.15861678710180177,-0.0161542954692,-0.0161374385641,2443.4573654633828,17952.499357199038,2580631.36727
2.0983441136030097,15589.37623546819,1.8157604094980144,2.675957775758384,0.18659406035285847,4.074585157686677,0.36813568096069504,-0.00281143462679,-0.00283569818957,694.3706306183007,5371.341467922103,3587984.72595
5.456592191001432,91683.48559096995,2.7135354604375146,2.092210924317384,0.36437132748397916,5.116381023251984,0.3103119153561758,-0.017912290602,-0.0174197020264,43296.82189417774,15603.548581963538,4256613.38794
1.3094966900369656,376112.17275212,1.7203828853756562,2.469070416144894,0.4082835920885285,4.248312550262595,0.4938124354123479,-0.0932081376702,-0.0930997852647,5801.9153712978705,22503.458249854826,7469559.1701
9.18388361870904,44170.956920209006,2.0139677197837824,1.7259164296027787,0.4185474053687769,5.973934086824998,0.49995543965415423,-0.00756777757244,-0.00748145985984,23205.45739022429,1528.2397152979004,1941457.29661
3.3290198344001523,113817.81891007698,2.79698838278721,2.8989721508137176,0.4668806158918496,3.8228534606273135,0.44128673749279845,-0.0239602506123,-0.0236768040168,27210.247413268557,16048.908871469632,3022434.16852
6.962700559185838,202712.33141718223,1.732387966715164,2.0745882096315054,0.293314759661072,4.855770844829511,0.391992516184438,-0.0387235833207,-0.038474940551,27735.808090749983,8239.883006045739,4499267.91577
3.8053996848046987,46722.038583819805,1.6241052534272848,2.5942821329646577,0.48357546901774795,5.170364560786177,0.2239053863002582,-0.0101463980044,-0.0101421778736,7351.249776635393,5742.135020498007,1117470.49121
5.680612190600297,115019.56269698066,2.2268069926200162,1.5305116228232665,0.4529002917789401,3.9764016630337577,0.3889745272090866,-0.0234806026818,-0.0233701660963,32281.965679386496,19312.73335224621,2114188.07903
5.920392514089517,546761.8733901066,1.9536292669178046,1.8077807143572104,0.25377554985837864,5.427935222845504,0.4805039916857708,-0.111784569745,-0.110239155206,90950.45672598237,41897.97804617405,11907543.61
2.6636900997297435,11579.479336190856,2.3451125467257814,2.230623816485367,0.20574906307231045,4.184618364828786,0.060519908927949874,-0.00197371030613,-0.00158498742616,4505.195296766455,2311.8806506046917,3515803.78304
9.726261649881026,392059.15450461727,2.705707335725213,2.81737870159852,0.30238628864480466,3.6466031872065257,0.2920616150889825,-0.0623060955366,-0.059412205024,167917.06113565646,5989.111069739692,17270855.7832
7.976195410250031,230645.35854911094,1.7057227322291149,2.290882724926016,0.2906645477845883,2.431294695407788,0.14809923697479557,-0.0418928979352,-0.0416724829882,23760.778459375117,21471.79065404665,5756961.33102
9.455490474077703,403589.2436594227,2.3710486268314277,2.8948057234408187,0.3515017568659215,3.5736543054016967,0.3010443421409827,-0.0652173745816,-0.0641877235354,97977.56929302972,19781.437025537078,11252689.3818
9.053446153848839,353215.03221804276,2.2582631405847957,2.2256953448741945,0.35418518131471177,4.935745818933137,0.259901190391501,-0.059099639049,-0.0583471685641,96186.76192815609,18032.181843379116,7798806.43282
6.381099809299767,134099.25261278657,1.7161181790197992,2.235673645103925,0.41249544453299136,5.685145646720429,0.309095861698528,-0.0259227899074,-0.0258758214561,2024.5750280486927,15959.782390219929,1926261.73557
9.296868115208051,508325.6925440331,2.4359977282934735,1.679620182750798,0.32846148187196356,3.006717615441241,0.2979329996384259,-0.0873764138477,-0.0856731246399,162721.95124186113,82035.32961252509,13639821.146
1.7964325184672756,295164.229565614,1.9104606267911575,2.7039843662283296,0.18668792432926792,3.4209420693220105,0.4820481676258529,-0.0698771148207,-0.0681067701237,22799.175910600996,4488.311357673074,11242891.1343
2.763845761772307,493521.611348083,2.231751477816019,1.8704481187005937,0.45040196744358707,2.615843976417705,0.29848374902063124,-0.114331877441,-0.114089792875,36784.312159092246,15394.43594686673,15263108.4494
1.4070456001948426,243607.5217129315,1.6234084864155929,2.8494187340584727,0.25841760411481546,4.762891576915875,0.43080443965619025,-0.0598110117136,-0.059612050928,9810.948869507125,22697.44142376052,5955014.97881
3.927972976869379,590811.3323491435,2.1893760858204345,2.8662363304955942,0.48995411110730713,5.840753720039701,0.19391912906038095,-0.126332799611,-0.126037632585,35701.57769568711,27707.604385656017,6729880.1488
4.498095607205338,462293.61510077777,1.9596952020642304,2.9149651678112245,0.19125103803791954,4.5638088793927025,0.247145309955972,-0.0965254959107,-0.0926029898305,56891.11350423805,21712.132703135114,17693345.3789
3.442141285965063,579570.1230675441,2.7335718167780314,2.280345733654635,0.48538791028137607,4.468306120024906,0.26168606422016444,-0.126717175268,-0.125884474434,109453.3581867785,107594.74230734435,8287090.01448
8.458637582367365,308595.8873459153,1.5854680904960525,2.5156406771754662,0.18185413240888093,4.213959722001736,0.1754276195009209,-0.054182855974,-0.0533633841901,23369.02344894894,21576.67524553632,13733195.3521
4.210779940242304,284214.67937442026,2.127910912377495,2.667773820092495,0.2308626482814708,2.353822962742146,0.22090561766507988,-0.0601553515883,-0.0585072925115,48448.00808904383,453.2179638330301,10584189.5319
3.5284105871864266,453272.28559515474,2.187647136197157,1.6965219279756985,0.16630297973028954,4.918015305717534,0.31933088576004887,-0.10606222594,-0.0995644923684,53833.449865370036,28358.95507638833,24649068.7907
5.884264748424236,528174.757808058,2.587509114448678,2.4014357924962457,0.3967896013236482,4.408198174197404,0.31108449348703954,-0.102690730942,-0.101453432933,143387.1333008165,75845.22822597667,10203359.0017
2.2683180247728636,578487.4775193349,2.3614313626353165,1.5514468519549676,0.4476045578001271,4.645907075425148,0.3363959050580662,-0.145049132496,-0.144583455622,104776.1225961896,72202.82157129749,8041034.5287
8.219772826786357,194731.14361949984,2.5008185057912717,2.2463491250830887,0.30192487863559314,5.595244372109686,0.2083180619390635,-0.0331392833886,-0.0319441691118,79599.99387961016,18005.95020675756,8028414.03398
1.6709557931179373,479222.74430558336,2.665573928477634,1.7322640224303412,0.4749827262648504,5.135843148244072,0.19212417281887567,-0.140558611418,-0.140029220733,125803.10299411185,86186.05432586039,7322197.03861
9.881982429404655,126387.35858132201,2.793304460487283,1.774384388943127,0.3566046751144598,5.123661008618104,0.3252280472393734,-0.0202447071734,-0.0192734835841,92041.95486911073,50452.597298183195,7385943.67229
7.9502029236699165,327344.60804726713,1.9708132450837057,2.0475713500389023,0.3705024974062831,5.7087350755173905,0.10978778679238624,-0.0574820740002,-0.0571615155684,47257.555163938225,12850.354920082225,4676452.11774
2.7884411338075514,107908.88904551949,2.307034058045854,2.1486557500747545,0.4458967205952694,5.959739805851998,0.163864194589463,-0.0290087690025,-0.0288904348019,26887.69673055861,2187.5563230917305,2038522.63465
1.0496990541124216,208438.4170502033,2.7601621176588,2.4347586367982808,0.2538800717681436,4.3251309278442385,0.06895748162884785,-0.0683665962939,-0.0658084617626,75855.7223249912,15259.868894676494,11800688.3262
8.339152856093508,558815.0203238756,2.9841766964475847,1.6116426276577736,0.273993002464669,2.435526464124663,0.08267488366823605,-0.101056332251,-0.0946211091931,198235.13430064727,157364.65143632898,26873645.5759
7.361716094628554,87654.41986385165,2.8342789665656447,2.255537641856167,0.4670831717181255,3.8365196311017455,0.159522475667274,-0.0152981007073,-0.014979408448,57346.594458274754,16960.91827895073,3597269.46248
7.561064512368886,379440.5370811179,2.057200893936565,1.7739376953796517,0.46533722361356733,5.1504045858465775,0.05878817613361356,-0.0684935692744,-0.0683206369065,42978.43649358342,21584.200206754853,4284359.77848
7.941433120173512,355772.563756442,1.7927497758279756,2.360962762547613,0.49176897167030476,2.1109012990473968,0.1604347664393577,-0.0651872987656,-0.0650968379696,4137.969020669191,33495.7967180966,3218051.24259
1.6664018656068134,72443.01162539188,2.234088806109883,2.456106918391775,0.4656434107545848,2.2275497534245963,0.34473934537791173,-0.0168554174769,-0.0167909547244,8060.186301518882,5950.81872486879,1151013.95054
4.226191556898454,195587.4262612873,2.6124621777540633,2.335063884829281,0.1945802126116763,2.2686311295312853,0.07749818531101987,-0.0420851892115,-0.0383952883464,54608.497073322185,9201.782961803228,12994401.121
2.0428215357261674,337788.9027091594,2.2388536061299464,2.6074432657174613,0.4383035001479455,4.924143033313243,0.24653150500758847,-0.0814168137895,-0.0811515446473,49148.94999266035,13505.534554732794,6173865.56085
8.767930832880342,112307.16539309415,2.2247712949705027,2.003413866361352,0.2934434673383579,4.004666514252689,0.4608989541137972,-0.0195002164626,-0.0189044586211,48722.32063343135,11.41156297373133,6116799.84918
6.609683141448022,480374.19384768925,2.7573456316227007,2.6476598874496964,0.4967804745810782,3.4755917740823743,0.40607817301643045,-0.0898848306075,-0.0891444907552,137369.30232069886,53136.619294468255,7813289.67442
3.9780822236738427,583293.9057208499,2.0421056686007795,2.1491506225622903,0.31529833751508035,2.422468181046944,0.18744687603268578,-0.12723447342,-0.126168926091,107788.06435108074,44306.81541042374,9170152.26476
1.5720251525742128,128855.63997748324,2.7896920122174684,2.226276747483895,0.3438426288757772,4.9289610008235565,0.46616246563624114,-0.0316502240702,-0.0309809384369,50369.49358954016,20187.699525045937,4480649.36368
3.79884089544096,112147.17887434555,2.110207201427585,2.472153190891607,0.3354212203398795,3.2840792422035987,0.1983409235364762,-0.0235406768274,-0.0233414251726,20049.128492796957,4826.123879905611,3065670.21748
3.9266498982407234,272961.0430784668,1.9923496585175091,1.5275375759988359,0.2626079604503972,3.0612962802586687,0.08263197335190312,-0.059962159329,-0.0592439096845,46151.93345706708,29432.555919948787,6321243.24409
7.566455605042576,448659.1662840193,2.1809848667995486,2.4809913321303725,0.17625773111252135,4.609276806214204,0.4973251805456511,-0.0844185716025,-0.0789677257238,68955.33417042212,2285.1513849175094,24022740.9231
6.738017242196918,168960.36614115085,2.6436704380123026,2.427877723608173,0.46347793064067144,4.236043570387367,0.4415101372351273,-0.0313859059134,-0.0310518268472,69801.89133875229,12472.97186349101,4224438.91851
8.98491468318694,11927.94521836824,1.6890030417959914,1.9647706751299199,0.4309365343842003,3.4496425672532065,0.25966975248549157,-0.00197991176583,-0.00196282033896,711.930472435934,15483.262450910855,1514223.85412
5.249934326457543,324732.3768197364,1.7946288238080261,1.628691427349234,0.19883437319588423,4.565949883222352,0.34986943588658176,-0.0684177392726,-0.0670506431236,45214.90564156336,18857.44404776693,9199424.4016
2.0763482134447155,573960.3406603846,2.927167238494638,1.6364031748695618,0.42186889497252544,3.0848860815364727,0.35205263503550155,-0.136470560293,-0.13512294752,109549.92361722213,117519.47428157563,13222365.0407
7.419203085006955,234766.11324416735,1.763237441072036,2.884835620477843,0.3690463331177135,5.179321046417307,0.13751700382870716,-0.0415189439365,-0.0414164601044,3041.0109797222485,36219.97253952778,4429457.07987
7.847065437552077,252080.73250986025,2.351590976896582,2.533918981838756,0.2932003257711678,2.9172758012306157,0.14002188491913453,-0.0445547353896,-0.0433629894041,59434.0460471008,3924.9979899557243,9673684.45107
6.051494778125466,581341.0302684228,2.368971699992907,1.6906539206561106,0.23890740218344694,2.6353507815280626,0.2613113165083216,-0.118415064009,-0.114239147713,154773.22914851617,89357.63141306983,19831059.6856
7.938704619591049,416764.566976037,2.2344366930753674,2.0350847539633596,0.4509050742257813,5.1297576379955,0.46020791306196407,-0.0756834443679,-0.0753368071119,87091.47217657724,27501.80634874296,5368652.02832
5.444160367279517,431503.1537052751,2.467117872865228,2.3887244908523946,0.39506589075291854,4.831568122791733,0.05449719868635686,-0.0839606920703,-0.0831587453452,87697.57620491362,52916.749362476075,11131772.4204
5.704595464437946,337621.20322264056,1.8447400886964276,2.7533575576359732,0.3417089683141979,2.7305559028071937,0.4021275361772117,-0.0674146186057,-0.0671201647524,35274.73561137405,22591.232810906164,5993846.42154
4.847869165226946,584765.526517945,2.328993401665122,1.5654913930695127,0.36334898686446243,2.464983010759752,0.07588705267159437,-0.124182211585,-0.123229526679,131828.6235212579,93812.06204791128,10085082.794
1.2287721406968566,413319.89065533364,2.058259882870346,1.8549496972050132,0.18187316372876333,5.353596353946768,0.265199951697403,-0.122682336425,-0.118742952175,77605.57411986288,27870.766974763832,17397412.4683
1.97102284293974,537019.6509631017,2.4925008894437837,2.8346234854430703,0.31587191631891715,5.106393928786752,0.3370427748830644,-0.127762333492,-0.125737271023,128717.51138361766,6050.224221163175,14816538.6959
1.2828626711806081,419627.3194399327,1.7118353150597243,1.5137483252757247,0.21779510247499567,3.309029494798657,0.35904167018710914,-0.108117188889,-0.107082514334,53374.24804032459,19917.048543062927,9078910.47022
6.727693701374023,441069.49490423757,2.356316125259214,1.802098654190831,0.22293428765308887,4.632789632853466,0.07631566862716013,-0.0840091375519,-0.0801698282127,87922.16324974223,66264.05350887131,16474446.6664
3.82920382968694,174246.5532853479,1.7779055330749856,2.938536263959449,0.38145638680040334,2.496640746191243,0.2383716278227857,-0.0369128786289,-0.0368359315947,1647.9986607593803,24210.180779814415,3042127.65943
5.577136220482325,182087.2188082914,1.9179645946725545,2.4201027697832567,0.4689396531420008,4.028190636190713,0.3127267672260461,-0.036318885359,-0.0362453063847,10990.650541717596,13279.743827121221,2104647.31332
9.168098265334837,469790.78974561754,1.828064700485375,1.8925070499562597,0.2913148136674213,2.0749211682416795,0.07972049178770313,-0.0825706140745,-0.0818558924943,77546.98956492647,6671.438702586798,9269877.62625
3.2436300623398746,178023.77350193975,1.7742566698032256,1.6004866415937715,0.2227122455542666,3.566407523686222,0.11079255046788941,-0.0401980383931,-0.0395216495867,19506.67330808998,14937.522801061583,4485652.68866
4.693446307320667,337662.042480919,2.7385664273410004,1.5422870106708333,0.37706142803282894,2.2993712858856203,0.3486420452768173,-0.0721601057823,-0.0711379639927,106311.21672515036,97310.87150101556,8915557.37023
7.799960246887438,149611.38654402117,1.9285613514913356,1.867117619455391,0.45491546622261114,3.90058872062753,0.28473718846579327,-0.0274564294863,-0.0273752136158,23380.111639391765,1616.829817111355,2159647.13514
3.059183489424602,490190.02848544164,2.890685672796674,2.8222287293833657,0.4119115803928718,3.6867265874115773,0.12282289757073075,-0.105907752915,-0.103923305467,136871.2980825051,110849.29433373314,10456607.3889
1.6928191884591368,66300.810736614,2.9548897880177862,2.1238704814462643,0.45406503068780546,3.777540106552224,0.29085770161163005,-0.0156364438637,-0.0154385991768,16685.998784123472,14098.680758800918,2011090.37951
3.6077630762239123,497667.9838569987,2.356890704905646,2.5805000537489895,0.33779413485377974,2.1813252081919763,0.4607115680499871,-0.109110066276,-0.107758810809,99727.28705836623,35521.323705868104,10111756.6525
2.4509915852860398,361637.8803045611,1.7145016839985896,2.8774275530699365,0.4131566855292168,3.4464653651273296,0.05701441314891377,-0.0818197230517,-0.0815910368893,22378.323363621308,34248.395157463056,3639179.18408
9.367278871083158,112145.72089624638,2.061822365069372,2.112060692404225,0.19902259577562775,5.025935396399666,0.33918519806863456,-0.0188295332904,-0.0176109667064,22868.368773019465,13747.822803301357,10432525.8102
8.273083416079754,325221.2313036709,2.696598395022321,1.7869160565560955,0.271896115377117,3.4756574934144804,0.08314269557240386,-0.0574228671034,-0.0543376504542,131391.96918710793,75213.26237744745,14542709.5776
6.700633808593811,169499.30210840428,2.0510860930456056,2.275676896285379,0.28634220756853285,4.860687810438323,0.05290224933411539,-0.0307254213101,-0.0302197136013,38818.47149845074,922.2831788721722,5077688.84378
8.84314531168946,194080.40083829797,1.6305258274541832,2.8621255305897817,0.32895351118611205,3.477914894534933,0.11779451989728522,-0.0327100714649,-0.0327228850053,16534.64149513323,59801.65953170964,6156059.00049
8.23304869209203,210916.8249581282,2.3351773663922817,2.706561621206551,0.47517672608988826,3.6929577659607458,0.2403079843342637,-0.036075739665,-0.0358747033054,41695.95599948811,22585.57258379976,4106525.40761
2.6791305299743224,37991.548183392566,2.767681277244052,1.5987447650447306,0.456003796077761,4.255568451317064,0.41105479954187885,-0.00895023338627,-0.00883156046506,10231.632972242558,13726.52616609783,1456565.29513
9.0330309864098,591577.0106408504,2.6938895807152536,2.538859200116373,0.19708392230121458,5.80272774722833,0.1768034734720514,-0.099512355748,-0.0884854677251,100805.76511721192,36186.82093426208,31767642.581
5.854080177240856,18920.776878734458,1.7626847101955299,2.3578462836884304,0.2104763781588621,2.4354417865866207,0.33155294557494136,-0.0031333504394,-0.00310322664747,4213.701661685655,21274.62233636453,4964918.09827
8.266961396476564,397498.123910567,2.5091469216187,2.861194764519638,0.27517419235611895,2.1316550746446947,0.23502048707988799,-0.0695888982428,-0.0668292942507,121537.91429518444,7213.3648013210695,17171610.1
9.06482169931144,222736.58865445835,1.8307563951534707,1.683722125275446,0.25176035306173583,4.431828735240181,0.15544930638470358,-0.03838307217,-0.0377605997604,46062.90797516409,5501.817420894756,6511130.40103
3.8620312747467747,387606.17456801934,1.8273113018282583,2.301054169806985,0.3651698336046918,5.796388355713706,0.2814112014272864,-0.0859643037871,-0.0857419622931,15392.840261396172,10817.15512125113,7135503.39552
1.9904673207490908,213748.95185255026,2.811107659957778,2.8191940402678384,0.4659716167175907,5.95889253021886,0.40885902066768043,-0.0515881402307,-0.0511786782047,63077.95007711265,9906.179643861966,4493762.61506
3.051416462877475,404250.3877553152,1.8745034291103453,2.1150356801126144,0.48680203958540536,3.9366569895680072,0.4246215665252649,-0.0924122657583,-0.0922902525575,24545.627144055015,29882.112519708895,3794275.32709
4.843970097636307,437541.30568101647,1.8948710197770167,2.2229923765993007,0.37876103338732925,3.8723264843403937,0.4309337893447565,-0.0920253014431,-0.0917078692648,45154.7779718865,7844.136283639814,5591396.16881
8.362132893302437,414331.5842397869,1.5009800861419493,1.6056910165004374,0.4433557204903803,4.579855082980785,0.20235101564974073,-0.0759173176143,-0.07585448445,8433.564883471003,9492.177532690606,3263057.38512
8.74657524930709,68377.18881489137,2.8060035511882764,1.9172154606733662,0.333820770080779,4.222539028819879,0.40705522912208886,-0.0116730667133,-0.0107658851961,70267.31129458874,26067.145575344108,6102380.67075
1.0625691747807164,394135.94079281075,2.688892219813702,1.986759973753421,0.22291443140101388,4.5363522304564725,0.14548030479900853,-0.123891016904,-0.117779884327,135562.09607737474,63231.733265993775,21714210.5402
5.596725723198092,167992.5296724584,2.4409934026360167,2.91768367311733,0.33364094423271706,5.495997702151577,0.3822912955592975,-0.0321441158904,-0.0316524131137,30395.23678465026,12880.598834057027,6251980.95773
4.7566990283390105,17280.82234160011,2.6253986459082634,1.9240010408117385,0.3442789105031778,4.985224677950438,0.4767729918226775,-0.00327916633561,-0.00300023808198,12780.73406855128,6959.287788497034,2410934.99361
2.9989702942365724,248898.40313337237,1.7280728511367376,2.1913031029044783,0.40986014747474475,3.9875095667471823,0.05618472561093074,-0.0560070167124,-0.0558950312214,14037.128618973577,17426.44740057263,2602547.31679
2.0787883060031453,260125.86168228064,2.187485391881363,2.5069566353464197,0.22695904639757217,3.8474578360006784,0.2481637690304591,-0.060720865323,-0.0591514320612,28922.545938662905,7691.636433791976,9935302.67211
4.038536542632651,280304.4800114679,2.0268290810231715,1.743275058611816,0.2789086337303561,4.558406994052464,0.34149694478630205,-0.0616047549202,-0.0607900242654,35913.74205576569,28964.464825703242,6064011.5888
9.486187335212673,422894.49923442974,1.6406647893855246,2.2296635807128116,0.2774096142250982,3.82282513768119,0.36579909671939886,-0.0723409464674,-0.0719191185399,42566.108607669725,22753.593386220557,8522901.45984
3.908826388186797,185306.28548547547,2.229195727822386,2.6078085592138613,0.48580385850940766,3.8311174050625594,0.12923949122114098,-0.038905374314,-0.0388163249066,3496.549486710057,9540.544385631722,6894203.73636
5.669115595690295,189168.30786235354,2.881109475513953,2.800282819540599,0.30538073611435157,2.0652236071460193,0.48748247385736676,-0.037115784268,-0.0352551312311,83137.06863805669,3990.3387201650453,10276791.3351
7.3271706300566,36331.35374475636,1.5600886785760417,2.43938891199364,0.41428288855435125,2.6962565496292337,0.32686941558693783,-0.00667281581722,-0.00668253866839,17002.342211019433,33596.202732671816,2334131.50837
4.272666421413646,412092.7295953776,1.9371913702406909,2.5035802729754217,0.4127839834810536,3.954054559983012,0.1239532705527205,-0.086325115696,-0.086074815341,31716.030236503106,10312.996029628497,8111281.59385
9.746038744488645,340695.6548397504,1.8113114043085552,1.6894252088768535,0.24294046468113448,5.2906138362014765,0.05923513027063188,-0.0562816361153,-0.0553785731254,59809.56936364656,13235.007494325671,8901200.0721
9.662025654479,209655.06761627283,1.8572199804985445,2.9186647458695205,0.3501543912801062,3.1149080269084966,0.40246888945539916,-0.0341590706404,-0.034086279923,1223.968132159331,65164.53324971922,6807096.66945
3.2660406624282774,423113.3873504128,2.8626518278190627,1.6988611162267235,0.46300601266152686,4.0905737325245966,0.0858671327504566,-0.0943662994238,-0.0936226670482,85149.13666804344,97467.32389342027,8282641.47682
5.475236553031469,322414.6495361263,2.202103581351435,2.6620094057726975,0.3163192018099323,3.3798483390369287,0.11347291448160644,-0.0631209967912,-0.0622367478937,67997.37195953623,11208.234442151754,7276529.21593
3.707904788350927,281546.9675223238,2.1994491194097283,1.8972244826674782,0.48079112756989106,2.419215958158356,0.3086735120850608,-0.0623527723578,-0.0622005586945,37941.412601762386,16966.471670453364,3854156.34918
3.5635644493972087,306794.72619667585,2.6408634636829236,2.9003897155518774,0.22506038026345654,5.833193932285202,0.3215774765523289,-0.0674213570889,-0.0632694827574,55144.29405216858,11123.78663221935,17972833.7863
1.3319825261907952,381808.87516023393,1.7317383060073888,2.579939309054219,0.17595568702091074,5.4186954810012065,0.3590992033665793,-0.101363071665,-0.0995201976191,43798.438057725325,7730.470135364579,14303826.1321
6.486079005819072,396001.56274475966,2.230898031150076,2.6307205694675533,0.4620088556006623,2.3139696978676256,0.22708130569862933,-0.075780072326,-0.0754628060715,70974.94497708937,7314.577804771226,5088792.97427
5.524111209059753,173374.6914844303,2.1449778211815893,1.828588759589825,0.44668841928677583,4.8791490498731385,0.3982544010350703,-0.0353288770553,-0.0352043688804,30237.620485261574,9375.34165286767,3547076.90743
1.463308761249904,84446.01803469194,2.3953660358199844,2.1645599649527414,0.4974064565768457,3.3903196174300008,0.4884613698271499,-0.0204394783074,-0.020377260617,8976.286541005473,8119.120263763892,1196934.42202
3.507818178129503,93980.50871431125,2.999336554875658,2.4267197918839294,0.3877877208393491,5.97939922824717,0.17199272438594737,-0.0202842818625,-0.0197182559902,60804.2985229599,13869.73446704507,4077253.22176
9.174392973699883,383634.531541801,2.6541733411230704,2.6549604273099012,0.47784077433350225,3.209594079315911,0.36636287744207563,-0.0631248383234,-0.0625065420207,110407.98296904347,14917.113699440326,7370128.1081
3.1560570160027517,523723.9714602756,2.0967985545261407,1.6559390638685842,0.43943215877943875,2.9549537814503997,0.4678108935778206,-0.120616561727,-0.120362734504,54021.655718578295,28619.299538772426,11885779.8783
2.304053848821008,245697.76700733107,2.7413295784110705,2.9435479746817927,0.4455492165920304,4.271562193221621,0.3588290431776692,-0.0550784783973,-0.0546102966488,39695.352285452485,22803.90498670904,4920695.82921
5.405074842498067,101712.09619767743,1.7560625449687204,2.8353310058318337,0.3491995496589939,5.340504653372816,0.3564992743899168,-0.0199064508481,-0.019893114341,9769.79008344218,29170.52298342429,3119854.74801
9.870854086995406,453961.49897631275,1.5456955294634402,1.9055228857433766,0.28382760927084877,2.770075487279192,0.15069765608834296,-0.0774165272111,-0.0770793567022,40128.36616708648,16124.507967420452,7122923.27899
3.178497443603504,499493.6846516691,1.8066725586964096,2.734140364548498,0.47709532539014865,4.837611078877325,0.29080859014386184,-0.111776064541,-0.111637386947,8154.869946127303,15890.837515529636,5180155.97569
7.049219926652907,528349.46587258,2.0106173341713895,2.277485884559735,0.30124101146556304,2.2456263325644867,0.30313527962206105,-0.101151495676,-0.100060605139,106878.35443614695,10406.09688379594,10665530.951
7.854576537958458,364098.8573482399,2.2658711361893396,2.192709722343028,0.33858677853738417,5.675738972441989,0.3650583031051788,-0.0653226225875,-0.0644262834956,97449.64605889468,28044.72065560144,8080219.09945
3.1387378959315972,516437.1356328508,2.4226937108118,1.9716511587171082,0.3061400074938157,2.324299664589195,0.49856965245328216,-0.117891220075,-0.116076859774,122172.7372064254,68029.80917101781,13221203.3238
7.553947137506736,9248.975069044607,2.8659085758216327,2.3714528799473884,0.34768640988606897,5.65692550537665,0.06513972014469294,-0.00106590283688,-0.000602560485209,33970.23817932107,7145.340797261684,4357640.51881
4.3100481944732785,64341.48106171411,2.2647810143256866,2.5948336765553965,0.3146767776473145,3.9632289978108113,0.07935469757036909,-0.0124847231819,-0.0122752479794,12631.594048817315,8784.55924587367,3451880.16019
6.690752475342215,55545.640231259255,2.251913466938594,2.1163993574441373,0.16678864550281655,3.7923644511836794,0.08507753124391344,-0.0103319373611,-0.00873654166846,18084.283495682692,7106.624625665771,9394010.97655
6.7017673968480524,427562.8105528398,1.5753645147344733,2.4438287895124384,0.4587168651026945,5.893228318001507,0.38434061052003055,-0.0827797590978,-0.0826993865369,25705.222504842142,31890.013994436285,11212533.7588
5.821972156672826,41749.07012614742,1.5523673289843356,2.5489693817329555,0.3055378366205194,5.961536710792876,0.11135920779984088,-0.00763088033712,-0.00765205793045,4939.066509471425,9120.244016347659,2683324.70297
1.8126079304896747,297818.62347978423,2.326739942874558,2.566682725522929,0.35613027697757205,4.600712503844048,0.33010334352065535,-0.0710615378156,-0.070531827576,62221.84249837517,2766.001534756486,7463353.60229
8.51772246030314,283624.13918177347,2.157267919872517,1.5779491471967704,0.19871573096529546,2.508477167428194,0.1961009950520563,-0.0520143444718,-0.0491546946571,45944.6074414085,27543.409920449572,14759568.2382
3.8870205847456223,186422.11413494457,2.758770592470448,2.7896217085276005,0.1511857467939237,4.02468034262081,0.2557939802948199,-0.0428087132468,-0.0344274561234,34810.77908493405,6097.116117701214,23080857.5547
2.678666593598688,522243.1019652599,1.7410193770677678,2.187379972147572,0.23585153277527504,4.11665240382265,0.14704842191783626,-0.121377887693,-0.120241530798,35874.57884902074,14367.940189818632,11534606.181
1.3669762739928752,102259.9211279976,1.5374574931755745,1.8936241225443218,0.3966051112466725,4.057785712541239,0.43974795258704397,-0.0261787922544,-0.0261559478657,1610.3748283009957,4220.9747352694585,1295853.27144
6.318036488694176,211477.6706395439,2.1735581518951888,1.8626467612195223,0.1847180855395075,4.2779673540800385,0.31376764587336187,-0.0421174243407,-0.0395418431645,50690.77692790239,11637.733384934218,11172018.7541
7.098079256580542,464502.90001375746,1.8562178351283862,2.224521169265926,0.46811060413526373,2.0748988551775627,0.4750534686120137,-0.0896386687789,-0.0894811433447,29142.427462466785,18114.130901434528,4444517.85092
1.1492904603507053,18253.388635970547,1.5744215600082563,2.830247309203439,0.2252578992746646,4.84490912588201,0.3085683123669483,-0.00400361619695,-0.0040978851018,6139.051288853471,13662.877437811394,2512513.96187
5.608837524693529,403770.2401478212,2.5868974302714434,2.0675213725239705,0.22160776500212154,4.849577207811953,0.105758613768626,-0.0806336346744,-0.0757445950776,104739.43627723154,50890.37658004859,17297394.6676
3.0384619767814414,489838.6358169424,1.6673894999358712,2.624588620175315,0.21352778656752341,2.4618791007115517,0.12689169522731397,-0.109783704185,-0.108463152606,47073.39169152561,11355.453953012018,16000818.2378
6.806555113685048,559360.7033029003,2.4124792500116574,1.645228096480828,0.15489359953997767,4.280957769783203,0.49508328936553125,-0.114093890467,-0.102999582035,100570.44138748694,46112.82471396219,31024334.5783
2.569297861044923,525777.984294891,1.9215746252503338,2.2140850532265928,0.42013191396738214,4.273444729743098,0.3765043387988905,-0.1228373968,-0.122602903312,29923.532154966382,25952.512752292518,5660490.42999
7.218439642922194,191630.4701002111,1.760244075532533,2.9875292105891034,0.4562620859358405,4.7298016807616,0.07217543751309036,-0.0339064306294,-0.0338681106206,18892.03725340954,39801.506485955244,3070617.34764
4.480618116704837,351818.4847937715,2.069627284378976,2.6556567041885053,0.36495694591566963,2.3415907685403243,0.36670145226559914,-0.0739832131033,-0.0735373763277,62227.34281511227,2831.3363583217792,5628527.37191
9.43056989863061,46376.09589027951,2.7021686643344305,1.8157927326609196,0.21586999358795178,4.5060132290643855,0.23547787106432527,-0.00812561515892,-0.0058646463409,49300.78228289277,7647.5551305289055,9739355.96911
2.2376884973139393,154722.00212880515,2.088140365356859,2.252162210546866,0.2498472989293079,3.1230078029853647,0.18824377407043574,-0.0355838795113,-0.0348255065653,20569.141787906297,12305.388868895485,4515552.70109
4.069597159452327,56533.42724850443,2.626154473816584,1.8504371454728499,0.3165743440777371,4.028011961984688,0.11932735717874043,-0.0116833622497,-0.01124680184,21568.05211426226,14723.038551183368,3367976.74722
2.021261691165302,189112.3740923783,1.688229445198726,2.114341390893764,0.4840210830681553,5.093294210816307,0.4279567795504545,-0.0475068244465,-0.0474709693729,161.55039385637264,11504.883424895705,2120102.79363
9.322242564507064,525112.3280752373,2.6591571294976184,2.670126035602447,0.23657298013620998,4.822583745452054,0.07872862054509532,-0.0845457848012,-0.078045607144,176455.0579113796,33403.34886662699,24451555.8836
8.896054180428829,208300.10380457557,1.855399987359973,2.6568372229356054,0.4060760663719608,2.4756120707119735,0.18042595807083817,-0.0355908100149,-0.0355095239241,3731.970803892473,47406.0244555256,4528684.36336
3.3214746494364005,337138.86180085584,2.516089694833309,1.8421505668535776,0.3038068781525221,4.3647391484642935,0.18787230222156698,-0.0756685463343,-0.0740626829031,59501.1608292549,47871.068475583364,9818600.89429
6.939856414307611,260028.5088689645,2.3486723322614944,2.8833349772322903,0.25424657192600764,5.876466123762954,0.12240737778357516,-0.0457816934612,-0.0440300850306,67382.2579179356,4160.003206676326,10838488.6483
8.354999801810942,275349.9145792412,2.893717075817531,2.38885227414724,0.3095705779577398,2.627077749340009,0.27868319747909165,-0.0480696199546,-0.0453979445584,124258.97775114665,36016.76131937683,13505428.8463
5.996807304395161,581743.2311019349,2.080983776962971,2.0698864364430216,0.1749223511394314,5.41162835090166,0.055266182064901685,-0.116380047447,-0.110581304285,63399.40528255544,40830.98517531396,23635412.4707
5.766855205204059,177692.68095831477,1.5992477832516607,2.252903371171291,0.4295405798256269,4.810192322215108,0.1854389819346841,-0.0352078307045,-0.0351652303808,3140.1431766154583,14802.5823484659,2411294.35137
3.1766706181040654,376394.6817139028,1.5287332283268793,2.4076068801566155,0.23515567479403848,5.096013251639039,0.4701332498148788,-0.0860917974119,-0.0856750080445,15822.119717196862,1637.279926092364,8659988.4876
1.837924910253093,252037.60174766823,2.7402878414591294,2.339835797768678,0.40389424311753963,3.127833308570582,0.18973830620390258,-0.0586412674145,-0.0579694780327,45608.03176066621,36842.37234190044,5188515.01769
9.074941821579941,36687.70862861173,2.287103456492148,2.2296075533042674,0.17392193000686815,3.15155571751937,0.21220672419803827,-0.00621386456001,-0.00465326360461,27027.657712523433,19247.396825606982,11901435.2572
9.103762514469974,293598.49897454155,2.662866077752424,2.2573992061341004,0.48428449465799006,5.624077823105953,0.2629242717053322,-0.0476246060499,-0.0471641324725,108097.9633040803,37117.72017983312,5538344.4398
6.697913115459412,488005.997427065,1.851638400017272,1.7646178656418292,0.21755524489199451,3.4393281283702346,0.30276201868316366,-0.0963777433668,-0.0944940081101,83194.37218243198,26377.46144275181,12502543.9823
4.051268119438307,59251.781209013025,2.0176256182698507,2.719099356457019,0.4589597266724781,2.252061562771242,0.4139188901693348,-0.0123627657155,-0.0123374604998,490.5686794740582,22555.157411784312,1676020.03655
4.142886171513948,41755.108437785384,1.5451558083169785,2.312640479911523,0.4333156233654021,4.402386814317801,0.13564455042020795,-0.00872738948387,-0.00871853344451,2542.2736227048417,3185.3963428930165,938905.84893
7.533601109832154,92178.91223596,2.942238486861168,1.6966197925570548,0.4887509734284956,2.4992706761673706,0.44228586973665074,-0.0170309885439,-0.016707265186,74785.33239560497,51341.899832155206,3930336.01739
9.073992339573193,458640.06683358364,2.50180186005122,2.649235652374167,0.3172617313310123,5.186384965631633,0.3908972107147502,-0.0760996320059,-0.0739991158927,158041.02768793257,22222.258561737366,14755704.8199
8.983777818386056,434397.2304868428,2.8998076316389594,2.8986659675660262,0.40458905284608304,4.56698577000423,0.37519265059769985,-0.0703958011473,-0.0686427803454,206129.49771688785,36745.60597572759,12416833.9037
8.018879912718614,339010.6613436663,1.8982446111436084,2.920960348855443,0.2797487299632244,5.498906020884833,0.08906205817158586,-0.0576216876193,-0.0569751577365,41373.46327934689,20790.802584330097,8803222.94386
6.77828481538859,280935.84245557943,2.4171954168384913,2.053526598616759,0.21452888330689285,5.139348999130541,0.05973831048856311,-0.052163291143,-0.0489118547334,75828.30210792217,33657.5003304197,12581489.1695
1.7572596849554394,532995.4888215732,2.517749952438957,1.703275310341131,0.30507657652670706,2.4484545933527846,0.3173057154086378,-0.129375462156,-0.127155129933,83578.63425911096,81515.53713844696,13513812.4183
2.454658426851524,460018.6943000895,1.9763245503863827,2.277599439949598,0.20801215538595919,3.524282705737689,0.4384102831354225,-0.107886521218,-0.105186910449,47058.61526002363,24797.330923574682,13046599.6036
9.086987696743714,487165.3507810831,2.772163852523445,1.6689138440238311,0.49371561797523433,5.0982409996583495,0.31299865886328615,-0.0817220126849,-0.0810872902049,133083.53392800022,115180.8830719781,8860920.88851
6.457861536936309,487957.38081039255,2.920742194350372,2.900981127768926,0.1836862718992507,3.669365893065303,0.14595568945048887,-0.0947657389746,-0.0817351021673,104471.12437123066,13068.43986077338,32619448.8064
1.0827734645496667,385630.2928473348,2.8272826765440064,1.775369441032719,0.35622410320841713,5.889461939119913,0.09073395407714596,-0.177225370209,-0.175686572208,133560.36441288315,90324.03260981712,11392621.7673
1.913243885794289,274808.7745895675,2.6086004639090588,1.879148789926746,0.36926234933891955,4.942961799573797,0.36481840376798075,-0.069384355651,-0.0686135694163,87306.06305659997,49365.18901803228,6574364.84682
6.971515921972502,518806.65155139024,1.9161970195874312,2.1099547903274556,0.338327840005919,2.061999666761284,0.3747966247930143,-0.100686836937,-0.100097963774,85692.08099143914,8221.890455568891,7796850.29938
1.0455542546159682,555604.4505619504,1.9224240631584477,2.074746702838689,0.38176505999914173,5.519942766243346,0.1276392653091989,-0.208227502673,-0.207912398743,50984.1956941765,1358.5814978164917,6486263.74519
2.4472724627574878,14283.625955005808,2.945040480669057,2.6919943385968335,0.19066327125416183,2.4032191394742304,0.06268564197344133,-0.00221101734385,-0.00111305449945,6389.087250573368,7708.429501496713,5392830.28653
5.938604104299275,30932.92395975078,1.515426743903538,2.1844752308264432,0.3442564834718519,2.5620948967203434,0.23372758095043866,-0.00596765610477,-0.00597199121091,5936.528709146121,18355.685963326785,2042253.43133
7.227056779234239,575245.9781450623,2.574074959863217,1.7561523900050053,0.25052439989457653,4.937969602444204,0.31222341595986,-0.10891084056,-0.104001365778,145347.46286693946,92489.36118713256,22402804.9991
6.867651335523405,166296.36830651687,2.559369243832893,1.9008148432291112,0.47906162215536985,5.459874237721921,0.367701084305236,-0.0311438845453,-0.0309097364911,53177.11330734564,30203.15816701447,3405070.74881
3.018423785145038,524021.66378965124,2.4340343114246963,2.263670077781283,0.41672507870390396,4.1453985115982235,0.41447525411880626,-0.118270509301,-0.1174966483,77202.62555735504,66973.91859989121,7485995.59779
7.409612992127823,233277.07137684157,2.9851632691302985,1.7211808761392025,0.4903800687559099,3.1561989317831167,0.32474184228802955,-0.0428790111305,-0.042348531491,108522.53974340047,93412.72122190142,6079340.50664
3.135241787471201,71460.03456561336,1.9678191536455878,2.417483513469021,0.16314462440906632,3.405262181012702,0.09989627386931826,-0.015328133727,-0.0142221852699,10361.151324808836,779.220125613475,6198177.83749
3.9285972834334095,48265.92012560056,2.009957795689872,2.348620959826719,0.24979661131324804,3.371557318384224,0.35716175246408666,-0.00979742005101,-0.00959781234429,10948.819895229602,10780.042549811054,3450139.35355
7.718422646062217,93904.73944827389,1.6184091044198334,2.5720534745733863,0.21839790532342213,3.306712415238049,0.4928794893026969,-0.0168035254529,-0.0167864659741,3860.646677589344,33358.23506173719,7295451.43074
6.846696091424932,149935.91692041882,2.164197204815606,2.9065569230690516,0.15390410555914066,2.971638687286599,0.4575130630688317,-0.0284928841207,-0.0258014138638,24795.7628284908,15387.209183119512,18146160.0578
8.6430106944476,293111.01235849573,1.891572789352272,2.8683818416517335,0.2348140055862125,4.435468378516932,0.4422510091712807,-0.050463741675,-0.0496439611434,37154.91085454868,31836.47522273358,12972133.8555
6.91851603070309,420898.7403394701,2.015080053266466,2.9191134271032473,0.3875715942321501,5.601621274260269,0.18597656901125337,-0.0762133511846,-0.0758118574356,52145.429015734786,5428.66861916365,6539354.33023
6.114777430019244,591839.1458911799,2.7518576853834418,1.8670733955355514,0.230881122747099,3.2283296523333647,0.3878546794043003,-0.120256621352,-0.112376722674,155443.98289140058,111917.25745122723,27870199.5401
1.8430729104528323,264904.0459735026,2.9032267702912433,1.697347959959032,0.32815120591891633,2.7467771898456483,0.4329965506843155,-0.0636301980739,-0.0620839584785,55865.25686203211,53888.143923225725,8787491.93033
4.309442227534902,310910.9654058659,1.7785996080077784,1.9534150507446728,0.46073634023774945,5.354310665485699,0.3552467920840684,-0.0678561036502,-0.0677698505987,14675.163087860385,16976.77782196212,2955193.00155
3.386821309135529,313089.4208299534,2.058763397330199,2.842627759149472,0.3928152721221763,4.967133323558813,0.16275279045559124,-0.0677179940279,-0.0674280749714,22870.178023314602,13849.848633957185,4498771.90329
3.195906790411752,323660.6132927616,2.892945843173091,2.9580802119352323,0.28812017446711113,5.723348126239642,0.47922528734373127,-0.0713758657505,-0.0682399522522,72045.37974729565,27261.806467950253,14029979.5683
9.75709499277201,310644.39426267735,1.5927126910338338,2.788987426605714,0.2803641286192379,2.6620789424196385,0.2528687351564042,-0.0513137288093,-0.0512246357925,1455.9974940711716,61986.88395458928,9516765.28438
4.537879522000844,5264.853037150696,1.6385407921670678,1.6650265816913155,0.30950753490296967,2.577005256466366,0.10841250139964573,-0.000880765022922,-0.000851173792267,4656.467349202374,5329.069016255235,1089857.52334
9.02841899659402,1034.8932659044242,1.7441864838093442,2.9211419970896895,0.21196450437096723,4.165717577219986,0.09940005277582639,0.000778591496845,0.000424942505143,8739.816815996777,45082.32317397409,9668041.32527
6.680247633975366,58599.79087567375,2.3928192511903124,2.135037041026179,0.3719002685955958,4.457734619340381,0.3413835442845706,-0.0107733794192,-0.0105306688914,30315.514020294388,502.7265668145638,3154250.68126
8.153301731874835,60933.9620575073,1.7257084065089963,1.5139654361435304,0.2774534866866119,3.920693767438358,0.24696934088753264,-0.0110354151578,-0.0108628469786,19637.346294671177,327.45664341457154,2856281.87798
5.523733837946729,422938.14537287765,2.9521145721761,2.1635906111222907,0.4483278722417152,4.395866545295502,0.09251774383053363,-0.0818033782963,-0.0807855341131,134648.75222117268,96454.81303945498,8927964.10078
6.192134961637232,122949.61950959986,2.1700717908877802,1.5691037545132014,0.4147934310202357,2.7215190755002854,0.38316405747024257,-0.0246853036011,-0.0245303355215,37072.76048040403,18831.79285878311,2700883.80417
5.432659244369775,536828.4628533677,2.25227694052525,2.3158168817416764,0.363679607432256,3.9184550166563334,0.40969632526637884,-0.108864172345,-0.107914206765,121152.99580141446,38437.91884366699,8748149.80029
2.7571868901824006,557163.7977462116,1.8699879237081096,2.007831041155577,0.2774707779273306,4.632370243758672,0.3764370338539031,-0.13090278155,-0.129952417773,46648.36275548972,27100.490288908084,9892713.79678
7.502069037353548,585536.0027375392,2.2064403786521005,2.210152400391073,0.22347614108571953,3.730825796994815,0.1410173949578058,-0.108181460128,-0.104040221094,137759.14506118902,38293.721310287874,19483214.9759
3.526951261967702,563448.7829322121,2.492870448955517,2.4197555411146756,0.421653152436968,4.717789343266391,0.36039895519823123,-0.123432704167,-0.122506859056,90684.25119916697,75921.35506268956,8417221.11071
1.2188436978830846,163132.9931511148,2.626765705431064,2.80320164372673,0.3202431846468803,3.8047651222153585,0.0548252613024733,-0.0383338919251,-0.0377434381819,13626.649672218407,2414.8316637338085,6173155.49112
6.80925066316451,305866.1068221075,2.6308021240648696,2.492852364707893,0.2286625133620751,3.334398323369109,0.18730046285528418,-0.0577061839215,-0.0535381420378,106090.11805892823,16919.8946260509,16474780.2592
2.5939961146634403,105272.98211816461,2.3668366690411324,2.151073302717271,0.21831111526400215,3.2144201883483694,0.22946968913339466,-0.0239299839558,-0.0225808917891,19878.238133865536,10101.409623402471,5763444.39816
9.464127259176228,483725.7931034599,2.856539662490786,2.7291417805055476,0.20789031657547566,3.643608235954352,0.42586112699847567,-0.0821515128543,-0.0718867853974,167865.1610729927,3666.703972540297,35012094.9564
9.585357193023286,533059.0230864576,2.726111770959164,2.8583732063596985,0.4220064186719582,2.0923584907288033,0.22567746788123194,-0.0857673590838,-0.0843516416947,211916.8455210036,20889.33951892702,12679495.8664
9.233779511984036,510773.3035785089,2.6355721720479384,1.6796399496482959,0.2301455148551091,4.674100553784455,0.05507125078522923,-0.0859881804337,-0.0799518418844,133560.50344474555,84806.58620663313,23910478.0952
4.331428302298999,260020.16921810093,1.583408282520691,2.297899466329187,0.3343247922338191,5.380422563921048,0.20855588532260422,-0.0555897630219,-0.0554404060672,10750.573927978918,9605.968810755743,2923919.22562
1.1391095487598069,455204.3308120686,1.510316943329474,1.9267679396136663,0.30804122634056974,3.4185083777724743,0.27451584426167924,-0.117282150706,-0.117082138343,21417.742816105612,10116.368877376537,6544495.14893
9.354867063289529,58547.50174576166,1.8186709157932095,1.570591796815421,0.35286381472989936,2.1841325445668742,0.47705215400274803,-0.0102365740243,-0.0101239202929,23246.04851939855,808.0000776883735,2401774.98727
4.8536573348558285,24146.862371550415,2.4952853908701784,2.502820042670978,0.45700421512991796,5.947102389542231,0.4734654367052952,-0.00467004754801,-0.0045903717852,6723.752862102166,10.742142729473073,1692345.80372
9.699893371393026,451941.84858525655,2.116796233323819,2.7941561661888383,0.45371158652860566,3.054793021804268,0.1313933171996352,-0.0728698664213,-0.0725871605039,53302.09560766519,40100.4638190337,6604195.26491
9.672579793803276,255213.1645972102,2.1036093889489678,1.7443539817160911,0.30787662513870084,2.506484486763092,0.1333159437827532,-0.0430460600584,-0.0423438972829,62811.26640197288,21019.249574523,7507670.79045
8.677085099206241,597329.5588437415,2.8268803323444205,2.7186204864358507,0.15537818775715315,3.4790100318921118,0.12352165540904772,-0.10733007734,-0.0886314783094,120676.11283491006,4456.10954921195,46403894.5872
3.6500400286262713,58352.52951331944,2.843344272197758,2.7800936003054124,0.2992553320000061,4.954228162534227,0.40501486958634647,-0.0118299042986,-0.011085465734,18521.66858589323,3312.7530979284093,4913257.00572
4.465879557417328,513376.60892114026,2.8637628960803787,2.871510663999725,0.36216773809844915,3.175666387562263,0.05270991816578287,-0.103852510326,-0.10138187936,166611.42444050693,91622.19526300619,12803502.0263
8.660230043651712,287989.83931739506,1.970817114772541,1.8979276336290787,0.3452176656843216,4.298812815677952,0.1072297391863448,-0.0496900860059,-0.0493242740353,55010.106325977096,8712.917426437356,5157711.18845
3.852298046406499,496290.1173023262,2.5365837191088927,2.855929597784834,0.3779676370300719,3.662239977748569,0.2920818342398446,-0.10486801802,-0.103653908128,133142.49284158504,38108.929723227855,20198671.4995
2.5254347201748324,490276.36930208694,1.9074497719115544,1.9809941321046485,0.2039265063655792,2.471055969106474,0.1614029300990445,-0.114771348096,-0.113398179716,8341.348265710685,14425.528138910546,23736100.9814
6.0112113621251515,549595.2008172465,1.7859147496116747,2.3285070201832543,0.3762872845732564,3.321148049968441,0.09156040620766795,-0.108608666628,-0.108271537845,48615.88421139909,3548.403284116878,5727809.71513
9.425392967447028,178710.00677166166,1.7769486860210537,1.5757612062484232,0.21392806656032026,4.899482022856267,0.21194510555022544,-0.0305736134673,-0.0297837688607,38765.261097798655,4312.235610110122,7133871.6114
7.264268170074757,569879.6120772018,2.013161431295391,1.5658216325531154,0.41268339324386216,4.448015589325783,0.17339342227711016,-0.107558870082,-0.107232059043,69785.95811540434,43878.94182374524,6304768.29324
6.1305505308042845,91000.17621457217,2.1449364296697326,2.5805598190983043,0.26868066464193796,2.479113519534244,0.27999693793142805,-0.0172240105918,-0.0168335063435,26890.594894991296,21769.528288002064,5966919.52463
1.8745884439369167,49181.26655609431,2.746423756582603,2.166719966966687,0.3984634016835087,2.6532896388572342,0.4906551172235881,-0.0111964369057,-0.0109905878477,13115.820136276177,9972.370873923288,1832243.31127
6.535065040292528,258969.31042340948,1.679836640209068,1.8844385630538263,0.1667529596171375,4.562933437229782,0.1059370865667133,-0.050141145052,-0.0486412054814,34413.70444446911,2462.3344760463024,10004357.5279
9.91048465093837,496993.78118510556,2.6023887710923415,1.7856202440373652,0.29275100895681966,5.253661657283475,0.21772701717534243,-0.080023453301,-0.076934494141,178165.41818537287,88354.2793349196,17037622.1514
2.260756137128716,284052.67838006734,2.297182371283958,2.504930236288827,0.3967620827921664,3.397897983832677,0.4693932580426136,-0.0655506282072,-0.0651401686668,35720.30404165678,27702.04553606568,4283995.13984
5.664966871273631,497572.0065183085,1.9319180140139887,1.5006023160380098,0.22940468071602294,4.381243007373801,0.44459286957222016,-0.103907909721,-0.102108139342,86481.50505607393,48325.71654014272,12284207.0064
8.8963576473516,437812.0834765831,2.239229376799237,2.708836753795281,0.4283504656790279,2.682574355008421,0.22742196565292627,-0.0740970236959,-0.0736449369048,87316.02976971772,21846.54793362094,7320411.87114
7.66691755978784,125657.03168336014,1.949913104665534,1.6188744091948932,0.3707729065867261,3.2455053476212954,0.36452896903388143,-0.0235625217318,-0.0234038739865,32319.031802799087,8386.62143326695,2777089.47045
7.273141668957412,569328.9749396783,2.394122932857459,1.7872344223621792,0.35564662025242944,2.0810808226922104,0.08953565611160551,-0.108019252962,-0.106707236586,120551.89603620558,78627.3594694686,11751073.9697
7.322356755883983,36468.70117764205,2.1507658842828663,2.0793545929486346,0.27374209897151797,5.07310379119809,0.3706434749946268,-0.00638553547062,-0.00606789759418,19689.337306208712,8758.341740992804,4122783.95313
4.2354203609777965,538967.8245262769,1.746608293618318,2.2272881095741557,0.31885801463339114,3.604039279091867,0.48778597826813364,-0.117261419989,-0.116788058956,52868.816320653226,6766.386484608891,11447584.6518
3.64232659838044,182666.0693942244,1.6748746118335451,2.032492673720913,0.35907225534224857,5.2645022946158155,0.2918696687753862,-0.0410569108261,-0.0409785791804,4761.499531878714,3370.3945717612824,3022919.33531
8.284250399306622,300088.8498986396,2.320043523108195,1.9810682474764407,0.31536173987021165,4.833491984090905,0.2743206021654864,-0.052726681401,-0.0516711495866,80716.49838707809,33175.88953965699,8210210.44718
8.291020552112627,253411.1236204407,2.8536195499291552,2.945874018109783,0.39440966337919603,5.314977062913908,0.13429337886585965,-0.0405767588536,-0.0394684670772,107870.72578446027,15651.700159252416,8615352.17219
8.803650867220934,103100.73415014971,2.0159365298365284,2.4623695218650914,0.30179392658743587,3.142634678331531,0.33520468950828136,-0.0174301762259,-0.0172077979818,24271.856886813777,26580.530726633307,5712293.61022
9.219164973008242,214888.11984101587,2.5995001608339345,1.5351494330510822,0.22079561360971062,2.740434921711381,0.3156967763505117,-0.0382753193377,-0.034672981542,72259.94117430213,49763.416425383875,14891307.4752
5.60208158974844,115760.66177567716,2.4879920324096503,2.1452638626664697,0.2248768239803665,5.887622730606682,0.34336987676408776,-0.0232390002324,-0.0213615149205,28797.62301837753,12162.527341718078,9633683.76178
5.513646652184796,122331.88527631431,2.8973323714642216,2.8125130496159554,0.15203131909502937,4.869311148163478,0.06173747900812482,-0.0249050152991,-0.0188874931902,28136.338455548375,7101.709700202071,16482388.892
8.184656610700976,112234.10161582821,2.7314715259487112,1.9521842796160018,0.25533520044553537,5.336169071706681,0.2969255697570831,-0.0198101034077,-0.0178450657652,68082.82002749744,21707.261969900323,9143174.85919
6.849675376999887,293410.42820795655,2.3499078883581945,1.6418345171615822,0.41212117416748184,2.052533494839735,0.31772067957381783,-0.0572163295819,-0.0568033275008,84635.82413969249,48395.401887239044,5451349.07443
7.31770189531933,478758.8205067893,2.485545747351161,2.637577157384877,0.4279569480931633,3.4178464811835463,0.143388560935761,-0.0858594105034,-0.0850618102465,125728.95975045457,31913.62557274531,8093129.20681
8.16213402492491,341382.0202567446,2.8475796998760523,2.4090207479041217,0.2208636397335125,4.971266762309327,0.14374978586984122,-0.0595413751756,-0.0530747796266,122914.98189624307,34302.669196642826,20228455.1731
9.010048076358096,535923.9531305052,2.0992781768804023,2.355468761739756,0.4856653989049927,2.3119313319599333,0.17429817582992743,-0.0922710381402,-0.0920019973329,70201.65127621434,12389.453095205048,5518513.51459
4.041956411663822,381926.6931460345,1.9901920587866662,1.5803648394111118,0.3258409777180443,4.269359718275743,0.3702747162772569,-0.0845130811488,-0.0839635985344,43786.87192096171,40263.23056942681,5865820.28873
4.380246573759496,413604.0693795627,1.5162166254527945,1.710748514693276,0.4709425621564759,3.716291069820013,0.32281972858956726,-0.0906185231479,-0.0905708888776,6381.688464730024,12833.081075554663,8052019.83123
1.845837458567821,400564.3378362019,2.7398266112871963,2.4338240943196707,0.3973678486515709,2.070466028564429,0.43059319075301206,-0.0937750517274,-0.0926114643425,81070.79826690089,65286.32444018315,7958838.22125
6.204521268965566,269675.5159102447,2.7014710506050474,1.8117357621882537,0.4028516980578446,2.9439023084778055,0.18304635732939417,-0.052504708202,-0.0517568352393,107287.4350088763,67630.04872510921,7357357.35739
1.3234804641706788,413603.2933200497,1.6566817771502271,2.2561051196226365,0.1797652674571249,3.139167956266857,0.46043062694974324,-0.10177133276,-0.100338918382,21997.895840074783,5508.53660467964,12791451.0388
5.190382163192141,41824.647881376695,2.3652860716990505,2.31732252904409,0.22699689441392573,2.44743978538529,0.38466777289251125,-0.00809276259075,-0.00738525753905,19745.783323595526,11116.356754900968,5888337.34823
5.883801712368189,515910.8831493979,2.195972547250331,1.925260785406409,0.15308519165306542,4.526147638970642,0.22775525150616366,-0.105955726335,-0.0979817950062,57025.56253153368,29667.80863527124,24014354.4762
3.5788712691545594,466687.2860663504,1.678063643263667,2.9226377333122393,0.4006446741668581,2.969591505007556,0.09286792953145517,-0.10072156755,-0.100523510909,1483.6107209518084,4865.593775471805,13128695.9634
6.317499345121097,147137.97493900728,2.9708523405910854,2.763696160253363,0.2705534009499785,3.1104779984775535,0.16564264811936713,-0.027404573015,-0.0249741226949,71329.65372147658,1076.484183508914,11735153.7232
1.2745022494514449,460819.47255244944,1.822043831195033,2.5835602614491977,0.4253283806267214,5.592954392800589,0.4805456977466826,-0.119050116043,-0.118888113057,14443.681155802513,19817.355729497765,4900642.91017
1.3361336987429298,7585.560840011096,1.6008512701358417,1.6169907996141135,0.2686276769779592,3.868492370772558,0.18966351914783575,-0.00190968782467,-0.00189033177105,1736.291045324916,1896.2855489143806,580843.221953
8.403405045936925,130347.94348852825,2.3922710692528644,1.659195028963529,0.4367668133046013,3.5685125878770894,0.198455432067079,-0.0228883529604,-0.0226541530741,48592.77038672045,27755.86422492487,3527728.82479
4.241715772701366,39082.34320253756,2.608300015699549,2.2391720187974338,0.19574438881190953,4.895484153258868,0.13531501899397266,-0.0080640415913,-0.00643358711067,15193.139780209896,2661.1045334396226,6651570.68676
2.143544613866963,468136.1499707368,1.5486651690707804,1.7410700237864785,0.21068060486512785,5.638455187531648,0.4130827705124444,-0.122780602782,-0.12183215221,52182.117924283426,10192.167180243252,9033107.368
5.700189340493239,453524.4907070323,2.488076458090533,2.9673981952942112,0.26930678885437775,2.1001453449497753,0.17403990360902483,-0.0893532001479,-0.0861884432833,144470.73905362576,9334.285132841918,17445517.2219
7.9299419778874976,488181.61428109836,2.2984378139271815,1.7377803510411143,0.29297058610879567,3.792955386221586,0.19861621176598504,-0.0888325487192,-0.0870181583327,116406.8297753246,71068.84994073249,12860869.5583
2.9423892474715885,2689.015995317301,1.6548975133125725,2.231201753195961,0.2720459837950424,4.4431254243117895,0.236456648794232,-0.000216447472389,-0.000232853624868,2055.898371369673,5015.708916178226,1565610.56476
6.606014282371002,300739.6360070448,1.758785815419543,2.046181585262258,0.4172764613831269,3.2742523925039584,0.2451777258985744,-0.0585816300469,-0.0584635006137,23408.99734287735,8516.125417074041,2969429.47414
1.768127184943912,422901.7185104019,2.351961445974121,2.459079632181147,0.18393298741935013,5.089630888492967,0.23510335568675977,-0.112663802176,-0.105705330734,82181.2654189462,12472.451197254422,26211879.3553
1.4651354905174694,93240.67724340927,1.9445364202699325,1.6935546133341375,0.2729259568734708,5.885908281081095,0.27668466291862787,-0.027499482233,-0.0272700503952,15191.693434504801,5002.038622363544,2415927.645
5.782191684113332,389874.4365075748,2.907473592976974,2.1454746420635864,0.4430339998304107,5.773709465001133,0.41653079582738145,-0.077001121702,-0.0762632362704,134535.36240646013,35869.642263628186,18208010.8278
5.865716094490959,50466.05958581143,2.728110344226076,1.9120575492107155,0.1733789770417602,3.0639301575197675,0.4186782683339099,-0.0106366042509,-0.00794819695334,21411.83988235357,485.1640819014743,10039668.2701
6.736869113483859,108795.51366258791,2.975350809770495,2.831627287007532,0.4798202276849751,2.905353113749944,0.4092409101935061,-0.0195728788359,-0.0191924653135,65027.8031393776,2686.1267021729095,4438144.85456
7.534822003503954,285478.0889967606,1.889506258425621,1.5608785682020425,0.4952108947952045,5.829962124084885,0.09550617760241939,-0.0521699493581,-0.0521012285656,20361.57435645304,6943.8295393788185,3370641.52492
9.782668715162812,392139.0916086612,2.9545854491969656,2.8705912410096888,0.18099886083877803,3.8345139497258636,0.40985546147366636,-0.0663808497483,-0.0542713511969,120288.19276399924,17869.38834421048,36838986.7174
5.646703134710758,87521.47617233766,2.146850804687337,2.7494912078295006,0.25194538278950795,2.833190892338767,0.10411329806895955,-0.0164161129974,-0.0160002351536,23326.638354364597,22198.36326061131,6401151.64548
3.9066082564712135,111133.99849856274,2.021278192970632,1.9463560746612232,0.28034023311237466,4.827987854521673,0.1061256965235161,-0.0237278112174,-0.0233580337721,14763.635599289462,9391.194676622075,3135314.87758
8.156675752918332,122667.8202393978,1.5755242904540299,2.683935982015657,0.4217369790284541,3.1376812956151663,0.47653824723573235,-0.0220437479441,-0.0220444443884,24596.719932296608,49151.082726986184,3351876.88029
3.437490261358668,143220.48281938708,1.579147886789404,1.5468203405081213,0.35857438424085686,3.0689879002842093,0.4187290301174936,-0.0326942840754,-0.0326427439086,5807.9296519881,7.850853603023697,2956282.62446
4.950742786350725,135932.30911577475,2.538016883919982,2.9502983254400905,0.37552799517239854,5.5169961723111385,0.2985847100906039,-0.026412546402,-0.0259271750728,30274.61707374554,12457.90900408452,4276539.14154
1.7061074320803935,237089.46509858203,2.186893491651042,2.289892413884684,0.41512843798647703,2.6499166135076138,0.44373659201503796,-0.0563745162378,-0.056144026762,24945.514066847114,22493.993740679056,2930447.92838
1.2281566907391177,392273.7905020337,1.8397824390541586,1.954921539098168,0.191292649802959,2.2575717858649456,0.49521408914833825,-0.0974858329768,-0.0955493913137,30395.47658144397,16286.338922428577,10528519.1806
9.663835732101326,262819.0698806818,2.420955459487849,2.0438748188920157,0.4416233099185918,3.076745760686749,0.3247889299842999,-0.0433912006833,-0.0429898834953,89026.82909990178,26280.534852884335,5463189.88757
8.523821084609853,465584.3452499329,1.8792871773751667,1.599608030190746,0.3969669314630504,4.427781651352815,0.3258042966416831,-0.084036654847,-0.0837782191241,62456.54242794384,21379.94553796047,5054330.68042
7.263767854843282,431561.1035691689,2.3664476315166336,2.984024271063059,0.3520696038187296,2.492351413613082,0.3894921631219676,-0.0788866199698,-0.0777978544422,108284.54175268929,14994.949766157624,10973959.6104
4.680576499728429,75916.14842944541,2.0388131204740354,1.5589379177260387,0.4614073671740698,3.886378689107175,0.15446252856439974,-0.0159619832608,-0.0159144776301,13923.756476688492,5719.405462866721,1193913.81077
2.559648880637612,29304.973992446357,2.7353283399177286,2.4823606847217885,0.3951072238593325,4.509348441701279,0.1252061876834597,-0.00616706321756,-0.00601209238225,8804.95891132634,1868.4411327408588,1916775.82928
2.4079333840397745,526764.9383997637,2.731044241150169,2.1641038915596873,0.22059498692085888,5.394947970372696,0.39181133750678265,-0.131005593197,-0.122306393912,186520.7423497909,73323.5801771968,27265070.1831
3.252186083481358,47898.63993772405,2.2160255971836023,2.9233743272830726,0.30041088337648336,2.9194783648090175,0.20520715774734605,-0.00948652797975,-0.00938536267872,5344.518631604977,18692.275690907565,3417772.66322
5.943039982355084,89003.50843182785,2.0262286640025233,1.8689996104601927,0.3229150034275067,5.269385293531158,0.11078166033767031,-0.0170057235156,-0.0168165685013,20898.18642146976,1579.3822910639872,3991364.93093
7.431363304300561,13279.965334870836,2.043839694838642,2.298130235907017,0.16932616936264197,2.9396250445249543,0.1916949766629874,-0.00193884036497,-0.00133975985679,14104.959468524306,14687.131078223143,9062204.32669
6.941776390459581,377001.81917919224,2.7085717885023266,2.223534312874129,0.48412312967601945,4.707066164958562,0.2113865905435589,-0.0686420278183,-0.0680891472408,123627.53543347491,62626.47790306554,6192517.32676
3.5194050725134858,349422.33789500914,1.992269224196418,2.554299666075152,0.19500204127890747,3.7226942859298204,0.4843524467775608,-0.0776713417962,-0.0749408598074,40735.16914075681,15323.558071333742,15190931.6901
9.593787525968747,592142.1998611534,1.8135890605602691,1.6020153479286308,0.39411144352935434,2.4587249695146807,0.36408186998956543,-0.103231414887,-0.102938515451,73878.37840000131,21305.48724893578,6030490.42137
7.641072250261916,532159.4377903033,1.6270325128129604,1.7906836950350322,0.327180862631808,4.857053851287395,0.28888534282988027,-0.100191681372,-0.0998715871877,45013.41519199102,6483.3945265156035,5607761.46435
5.989186472602606,246505.90648854582,2.2000396813266123,1.8218472301392747,0.1589712874595479,2.871050474196071,0.48599291240717224,-0.0514408540128,-0.0472785307473,37521.08890652284,8580.218096473336,16469256.0989
6.5054867161091705,222951.504547521,2.2231981483797627,2.6072261322625345,0.4736616165525266,2.706493704098366,0.4564128832133813,-0.0427399987738,-0.0425709432042,35103.308385820405,17434.842132432033,3546874.86826
4.776400561850109,178111.22056799105,2.761363065604361,1.7837080444901101,0.44814288308662664,3.4332917143575328,0.28040038547637186,-0.0369327827077,-0.0365594764614,62656.270039340925,43589.27136911482,4151100.55867
3.229578905510417,91444.15202272881,1.831858044669096,2.360237645836465,0.3334902747663424,4.613160979037934,0.45755583591964133,-0.0203303699275,-0.0202486860907,4559.407533375882,525.7923946859055,2143128.66789
4.2037541078613545,82850.19396120543,2.0714869105025997,1.8228657307514307,0.23012981764880583,2.935985915162511,0.23193709612819546,-0.0176127238968,-0.0170446012688,23872.703229368144,3649.365941801579,4338292.92623
7.820614994179322,79370.22480576325,2.7126086083405365,2.792437425125968,0.19256801173803298,2.734646155127543,0.1536892994104811,-0.0140817053074,-0.011347352586,42467.182765367346,25258.115835843684,15768014.8596
1.1295413976678028,68468.85431206712,2.73543541612346,2.9132781817344577,0.2771873678012443,2.0398145028534573,0.15470517956993832,-0.0152726790276,-0.0145378332135,14730.853148622618,5569.488505812907,3690068.29796
2.0446537645622462,144307.22544332215,2.0769166139681525,2.2777394624133604,0.23939989836613168,3.8865723884068943,0.348041985998957,-0.0338443847687,-0.0332289726902,9488.021869123371,3877.871460613507,5083310.65267
1.4140237781957747,184001.17818786984,2.1886860349300212,2.0284633263137675,0.32734192035220455,3.714582277260731,0.2754816443182747,-0.0456296720568,-0.0452801254773,32625.62317098607,6709.98119538118,3812364.96087
1.3665592208707311,576947.3826233495,1.9549288362739243,1.8510866625262488,0.4882432536432001,2.935470974549505,0.34652788115245103,-0.142813248937,-0.142679824381,20597.32794654511,32364.79360843608,6193702.87061
8.699145256099065,347083.9506011314,2.898832317628968,1.5746715022845656,0.35123372263037445,2.214608656038763,0.35873418391797646,-0.0615755208434,-0.059584309779,149503.43839671896,116014.16643451485,14192468.4346
7.332920734420213,592557.4647079685,1.6779656486123704,1.902750114296243,0.4614758695615342,3.7170234983833477,0.06004529280397293,-0.112912967225,-0.112788653325,20433.48406979937,8238.451932437229,5245764.42866
5.267564461785927,223480.16869540393,2.900624134502205,2.4813536699179766,0.377807593123522,5.152820444286525,0.07431781655655606,-0.0429130193106,-0.0418693323493,106137.91980696727,38195.246074566916,12937771.4813
1.8805074458590134,274575.9795536646,2.5257996777530147,2.300425396963816,0.31633628430552013,4.8611285253087075,0.28970497696606246,-0.0683070356332,-0.0671118541908,72447.73893167746,23823.75291979893,8718256.25158
5.4245428760514915,194747.19549916752,2.2973582290300967,2.9160619174213913,0.44911264695667996,5.443179559440681,0.13596596499203462,-0.0368663078835,-0.0366315895348,25712.959247509487,17844.08269829517,3064939.06153
5.261245937025091,109732.59053793161,1.5489885911767438,2.0944158937375508,0.3149788385605491,2.0383307508526225,0.33464019596199784,-0.0227378267844,-0.0226853306429,5367.031171040757,13231.693332148208,2435509.196
2.5588168291901368,85898.8246665475,2.2133942877330126,2.540795013492592,0.45401985967862635,5.865677267218394,0.29848358262679164,-0.02083760581,-0.02077081641,13412.506278273118,10830.917767988845,1692425.62559
4.904664843141758,567047.5186846991,2.1116221575040983,2.233984121212682,0.25205186935151785,3.3656490105097934,0.31359216126690104,-0.11879006978,-0.116357812985,122615.63145543035,42979.55476028879,13750074.9265
4.586542609576361,592086.4090792534,1.7418282179626838,2.2688643238863175,0.19508457581704583,5.961591184367859,0.1861049209239548,-0.127539882752,-0.12498712577,29604.858067597914,16308.95467493178,17881431.6956
6.542650882469948,26945.69790523893,2.4846144052509853,1.9016614719061762,0.4493600625270284,3.0104778424070986,0.3379295778250535,-0.00503185639293,-0.00490000709167,24909.060452382862,8355.228362193431,2064694.25738
6.715842857808794,90207.52483905992,2.9567263610524286,2.1824261652629993,0.3555953073274334,3.886145550312979,0.42327168641826035,-0.0167237542751,-0.0158291020783,64779.2208683905,21498.380298764318,5879141.46188
1.4077360879484007,254114.45538061357,2.3432832165967876,2.2061774955190607,0.46118233938713604,3.4157107063012146,0.49913206411650674,-0.0616569595596,-0.0614738398504,23640.25593072771,21870.19196639313,2944445.5627
4.371513531638241,111800.0858066444,2.5721299146659184,2.559963782623401,0.47823952244733414,3.4230428599772105,0.4272999737774964,-0.0229825493537,-0.0228150938121,35168.83837667281,660.1501890376716,2580244.96912
6.632739241428127,218328.23617612998,1.602675678849025,2.9109599987791706,0.1687699366300072,5.369128394992863,0.30087444185597634,-0.0409133096864,-0.040155459868,15498.76941211539,14732.363396220628,12522999.9475
5.528226327220789,77457.80991578002,2.126500493725492,1.9939819162237564,0.3253392556506039,4.985675758949355,0.13704331625598046,-0.0149698363251,-0.0147565236369,19645.20457888709,983.3755462300481,2789358.22458
8.7084085706949,273907.0540330741,1.6745377277467437,1.5633007028719477,0.28123759217608524,5.968605740920193,0.3566506442539194,-0.0491694827449,-0.0488220575114,35237.70897960266,7811.07132626569,5030033.79585
6.928242684570505,163016.76970155558,2.4191937533047656,2.2444426882509596,0.369050438974541,4.4540587308700506,0.4719442035010902,-0.0304769751725,-0.030002593168,54864.53231151653,9048.61483134266,4956394.00289
2.466409843732867,211143.0334551965,2.907723237321232,2.316691998223753,0.42775691902081325,3.8530264175780107,0.14533994287953608,-0.0475336105085,-0.0469094059407,46705.474990941235,36892.51162087509,4937596.58314
1.6351187266038685,56587.59087764855,2.4926665987074577,1.752660826697873,0.24820657559102913,2.3602954517875645,0.1651980292369597,-0.0133626250183,-0.0127304400231,8004.874684054527,8781.97925405096,2931740.43903
6.78177350385684,256876.830426085,1.6152045724716322,2.6406969094141,0.3448794345306101,5.986245678055427,0.11705384453524302,-0.0473646411856,-0.0472468419021,3397.7896374463326,17746.704364044268,5190514.09505
1.2386017948745964,589954.5665769419,2.031999307477624,2.9773936626622373,0.3980550029667148,4.206122611729132,0.38152473963188077,-0.14264954786,-0.142303863274,20458.25792877745,18731.35821077161,17323278.8138
6.2719802314611695,197299.82812871417,2.3259950691612774,2.9186620755126915,0.1970508789925069,4.801909878760567,0.23295267654064666,-0.0369468720769,-0.0344736435306,48722.74668706091,11904.260834599372,13560627.6413
9.462072172824618,525857.564905461,2.104811634199878,1.7956590582354783,0.43492341708294335,3.6269695487652456,0.07821303749887284,-0.0883888735015,-0.0880383062462,90600.65204970323,30280.168329141405,6076718.18213
6.179267600882911,505919.4849742111,2.7504660157127585,2.813044859851141,0.3621383599485406,4.1908628327169435,0.44372749617062607,-0.0964095681545,-0.0942137735819,198207.70711954279,59124.92263059831,12914446.9314
4.493529335858697,571235.0509783264,2.7220065070649837,2.556740454617527,0.4823381029897781,5.770310927571549,0.300952357116155,-0.118089812365,-0.117209847557,108580.17615876043,96489.28943729591,8165623.21093
6.789593965981179,474065.7073602567,2.417746530154832,2.1807698457103672,0.26883512169574264,2.665677751726411,0.1989924314001601,-0.0909537371514,-0.088005507032,124063.12468258828,50487.856596537014,15354413.0644
5.12427601442365,395758.09623528895,2.060186917699058,2.3109164914870934,0.18785107981801952,3.1694903373210184,0.20479233922749362,-0.0820380456404,-0.0786098142817,75219.56990676557,12693.391980563863,15147891.0239
5.910551103843415,513950.66653647454,1.8830045606448662,2.774400262473687,0.32727542036292384,2.6082389111121294,0.18061304908590803,-0.101160301906,-0.10054763889,61555.06381243187,12827.705143649042,8373509.92909
9.473183278988726,45386.80839440978,1.658811477319694,2.22020240945756,0.1800337700983036,5.168863615219099,0.2549660775766888,-0.00711716031238,-0.00696118069892,6886.854253514768,25428.284833480855,8209827.44436
4.474923740206968,277698.39431928465,2.032346525229831,2.0598110536576906,0.48933428316340233,2.2481810416873182,0.20166875981966526,-0.0592776947868,-0.0591637398496,31622.14797961775,3299.691385871185,2931485.16717
9.650715074415228,593553.7431690353,2.1197587758115795,2.239871239538979,0.16353973539001704,2.3265265994053532,0.29657583683177424,-0.103076602332,-0.0953910043537,84705.31820082074,4628.846427569716,34540153.7603
9.148155777604574,461760.09077683935,2.5137343876561102,2.3686947060525734,0.4137263653875578,3.193976451149475,0.3980827635220824,-0.0777220493526,-0.076802833401,136105.77414411065,37448.70426204729,9324927.07967
2.762120213103668,577245.2268223339,2.48723973644636,1.7836164806675232,0.3337858393497854,4.0567527236840455,0.3535075775499681,-0.13433235384,-0.132636575203,88938.36904730256,76180.7905923002,14130544.5836
1.624251707876489,467780.61368008744,1.6051622094618854,2.851361595400486,0.279017228374401,3.625099202238346,0.1825056017393527,-0.111137139098,-0.110873081732,5295.902992586683,4536.259328919503,8726485.22625
1.9070020123968399,524929.1804652865,2.092888973146737,2.511280423244421,0.17304475757802912,2.179265242683229,0.2879334551929007,-0.126284610824,-0.119767492324,62968.74787645741,26760.10562281995,23346696.4273
1.1639964308639477,423917.7793819146,1.7726683008260429,2.449903376006233,0.3677584234607627,5.829966231483806,0.42805677196051284,-0.113796664267,-0.113588246035,19912.235951861683,13772.234816604223,4810131.79775
1.8499866468033557,456301.2026503439,1.7352190579752085,1.6492443392709573,0.3548271152868343,5.811478081432335,0.08069280563422647,-0.204446844273,-0.204215530642,44406.999251778245,8916.607677809738,4501287.39157
7.147060960747211,313906.8059037004,2.7409532246058688,2.4062609072588876,0.2483091455736599,3.1174252929630395,0.08523377014410714,-0.0579149160742,-0.053816115442,124100.66151397159,32259.70369873728,16779817.5267
1.6406978361420608,554542.6204884797,1.5628728250743862,1.6814409933577386,0.4685775954936092,4.926102461074326,0.30027653062238907,-0.153468994913,-0.153399395352,4151.0074303353,13421.066571919657,5262840.7118
3.8707806726438516,495023.346374017,2.128774313853182,1.6180465127930985,0.2564385025699929,4.314301645532895,0.33760180777541143,-0.11068769327,-0.108636384471,65631.93019867019,56542.236043611076,12682994.5713
8.60387779872509,506330.97939937934,1.7523054836497773,2.29096634346359,0.30740389370723714,2.9499067800224963,0.14513585709915686,-0.089663333121,-0.0891682027353,58591.54918829872,19132.217602743218,8819065.80735
1.209447421622433,403805.46057783137,2.818995323517711,2.1041783010697426,0.34031685957152946,3.0486862069664618,0.3853490570111831,-0.0985967894726,-0.0968584788884,71166.26637166305,54464.509756663705,11047155.9104
8.330216343300421,182747.9682523494,2.3355607699125525,2.383215405234335,0.1850811573617001,3.964612697241802,0.3408185196683273,-0.0326599198228,-0.0295856469974,45134.8625897392,12294.895353755832,15724067.1196
3.5366929729605996,21377.877234083597,1.8470709545652721,1.6338332520858578,0.47625660172477124,3.6769477659894405,0.4654801707063289,-0.00482234842879,-0.00480574557765,2712.091681264054,2581.4109622862265,534488.213498
2.0634834485949063,561393.0776457267,2.2536409307495644,2.1464745942708876,0.28108765335786434,3.164917312925057,0.12602939083634151,-0.132815180486,-0.130610206649,52717.70231573274,55050.88555803638,13118671.391
7.270634488277356,351672.2092832981,2.597229539554674,1.762180072567737,0.17827272485602025,5.230046385220596,0.3881184194111048,-0.0685758449179,-0.0613380270539,65683.72203288876,31594.205196505838,21403663.5714
6.660485621018956,178885.78268888415,2.9371770133791504,2.980650128886175,0.28555191078636544,3.9258516705495397,0.08763939076247015,-0.0317121705107,-0.0293996102021,89803.53226303979,928.8668134022663,11475630.0101
8.897248121743477,89481.06470852268,1.8306690063681283,2.3417253186527613,0.36007089148240323,4.619392249556512,0.3043815842830539,-0.0150973282865,-0.0150370026551,8076.948054026468,29593.07319638332,3310338.53534
7.615639394234972,497713.8993004528,2.829272658194018,2.531155291411301,0.3297784351374653,2.757094000671502,0.2983528127746156,-0.0898457114522,-0.0866032831592,221077.4828715675,73207.24838259238,16985315.6107
8.231328373463636,501912.1166685473,2.9014561712512354,1.9881274210239117,0.3930896909130459,4.134030650065947,0.22477327009103326,-0.0869986181171,-0.0850841472135,220533.7531203595,137790.56179440286,13659884.1838
3.538311153141758,488704.7808783189,2.874630816798099,1.6421083721690162,0.16941937972376872,3.271904197786486,0.43005701645085526,-0.115277861441,-0.103146796114,109414.56606911523,63953.435708047946,32235277.0883
2.5969558940175053,387049.61518007173,2.4531215352928646,2.963806294175305,0.24958921359521963,4.105654441579513,0.051966790153705505,-0.0865183584355,-0.0830967383282,66705.55439232332,32222.285819324312,14269072.7676
7.755532764767725,219609.23255512555,2.4447309816520617,1.9293885530747747,0.43673070189403573,5.123303333643713,0.28408073085433433,-0.039240989252,-0.0388998474622,71321.85825864594,31912.40641213453,4405587.94215
8.261512653405376,182442.1708681542,2.104815949775734,2.135712277760361,0.1779627907269763,5.075652840365047,0.14771909742583433,-0.0320042407376,-0.0297322969107,44076.39850416098,4642.793365934621,12478543.0732
9.91454627800606,5132.862070902112,2.628596823455682,2.4747958825538623,0.44942008414358514,3.4168827121371037,0.3845743786023948,-0.000495679659086,-0.000332210591819,35265.86944653493,21390.159461869873,3336625.09855
4.713559092202838,500164.5352129442,2.296941027526398,1.537045946529167,0.18216363222698717,4.7771084683185565,0.06938034183774373,-0.10945393735,-0.101932249309,79508.31887010021,58368.19583726293,28268767.6804
4.348162772135049,52459.61849618548,2.5161571068424418,2.71538869577593,0.4420589752120937,5.7651598015771075,0.42419960968170994,-0.0105795457545,-0.0104648899642,9304.742927721363,662.2453806485313,2192694.80249
7.987716646677971,378452.99882446055,2.142686855773193,2.3048672850429304,0.2762759403775543,4.502677319699625,0.42714150201812817,-0.0683741721981,-0.0669775785617,94979.99917978684,9077.297311492983,11025576.2955
4.06723186227716,302444.968104053,2.597244696064709,1.917325780603233,0.3642731721400255,2.5936404935305486,0.4247897055815763,-0.0656949720431,-0.0647825280397,88752.16250350217,50376.7615470855,7312535.90624
9.376815930432082,316013.6153558107,2.7367072764068237,1.5924119779387038,0.20351049047679937,4.718834517116381,0.11865583702970144,-0.0539150398344,-0.0475941459088,104867.49454047879,63696.01782699337,21380580.3819
8.725714766587107,556027.707184664,1.7196543849042243,1.7437476232116622,0.17315905260381328,2.4196175453972453,0.3336829333524702,-0.102033902586,-0.0990276291244,79354.15702424297,6863.180456991776,19021244.7347
4.860946246375165,18969.006762745266,2.749394573361342,2.842550788280155,0.22557837140704728,5.488441635172109,0.05646531163252533,-0.00293844270372,-0.0019670165594,6335.314196118434,4865.576783935934,6424977.11947
7.757839610123476,464035.3347772634,2.3104447976854607,2.529036335903837,0.19474883626804343,4.066641983207761,0.4315831660801399,-0.0858142679228,-0.0802348354024,111799.46670205687,1577.630810164428,24712838.3201
7.7908858667621415,31231.439020384278,2.7669988636353366,1.8748525824553348,0.2593420641878711,3.540562945246318,0.3753388370788792,-0.0057089773409,-0.00441951381068,40627.18780288081,8766.92175207851,7050837.42566
1.9281148195233935,22892.16356122632,2.146952559511522,1.5984011474175444,0.330034136278857,2.2280263785987695,0.2890191789046637,-0.00524722273951,-0.0051583648392,4335.214241390467,4149.7209396470735,1053832.87824
9.1229761601161,257890.61888482916,2.0685607280745524,2.5359229685799543,0.35606581224775335,3.5231349383684387,0.3787661448934777,-0.0435047427731,-0.0431561210906,38974.60902206376,27764.416502937547,6449689.55323
5.547271352030714,37845.104605780034,2.8725910987758336,2.3586115889516477,0.42645383758291,5.612826671663157,0.0924458434932975,-0.00668994176154,-0.00640738878114,20298.790038617713,10952.041975038474,2682095.96728
8.438117194969674,473486.37077574723,1.876753901322602,2.1067792866873525,0.3796839626369255,2.0839319851452127,0.2878951244795853,-0.0856439964496,-0.0853094203654,56021.48284484409,5568.940679764703,6081690.19602
3.880446409275506,317737.85618900234,2.7663184879292144,2.0454171737850957,0.3630654137953435,3.8985926311272197,0.18107442131740048,-0.0680041475087,-0.0666589654466,75642.09571443805,64053.6012409788,7975211.37419
9.059709056465804,17423.269595864665,2.2260308587641062,1.8252214138936624,0.2941237096200211,5.724632364442489,0.48767875845033787,-0.00279361245065,-0.00244623831219,29833.34883364957,2357.065141840802,4014338.88382
4.502815108607468,24300.411889151706,2.2711431638268893,2.5044168848062762,0.3158329522360485,3.5793639990600843,0.4357030777807558,-0.00443539209412,-0.00430945061075,11889.166255368857,15703.78205220522,2889204.8319
1.0975388633226852,367601.11784368765,1.962702422234226,2.9560020416908057,0.29508229028656335,3.7127027498486016,0.3799740631252896,-0.088633975321,-0.0882104156376,15221.304232418117,913.9764124395589,8464890.91471
9.148437787773373,483667.0905950429,2.3595633009285235,1.7635728687552388,0.44475811052148406,4.31424022079648,0.47018643586237935,-0.0834582228269,-0.0829533121899,111334.7181792978,63852.576276657666,7221029.34254
1.821580091075202,262679.71876486414,1.987816794414317,2.395674930023255,0.23050015839193994,3.851749334308734,0.20607948705446322,-0.0624386615716,-0.0615217391929,21100.24219737668,3995.954265643301,8693973.54917
3.873822738313734,332748.40292137465,1.5589041213624784,2.1362775836189645,0.1520023260396876,2.6744067649502097,0.45539595454468157,-0.0741524546486,-0.0724034912114,25637.557351636377,1804.5409820089656,11980112.5972
9.550557703457244,479897.67242994095,1.9079979080165341,2.1700330826169973,0.3779619640291837,2.0742221562794416,0.19635720444801963,-0.0817165686074,-0.0813446392344,60466.01974650801,9134.228251461547,6933289.48593
9.555464322438006,366303.7044250915,1.509568565109886,1.8812209201917216,0.22086176427359097,4.4392466319148065,0.3797585238610188,-0.0634141723689,-0.0628494330932,38479.775786080754,12679.575108575418,8786662.48961
6.160940993109575,134856.1425952917,2.967532180585285,2.737702313492129,0.4615402977084332,5.683226348031249,0.3813876102994021,-0.0247313919247,-0.0242853152423,70677.36603019208,11625.4705285323,4500109.13627
6.686534909528193,367831.2155216872,2.948620814729621,2.2278834062208617,0.45066621539732965,2.4254565321086625,0.058257444404342065,-0.0685906207595,-0.0675581458962,169752.98917270522,90094.4997189311,8840767.81363
5.036009697804878,376967.6754391281,2.0927329462084576,2.3151087782973963,0.17685458017487204,2.8438108770110135,0.21247686422518786,-0.0789143395555,-0.0749858760951,53494.42186646195,8668.239201797705,16535526.792
3.638896945282581,440464.188528676,2.592556281509469,1.9571413691959887,0.18723594189492707,3.480917943299894,0.058744702583824054,-0.099883869339,-0.092066719804,100764.03161671606,62578.294940172906,21001180.8788
3.957980908329244,372524.5125340808,2.0187091476156374,1.7727126985004247,0.3233100572863332,5.234968916084479,0.49869140792461186,-0.0832102298297,-0.0826529642771,29565.95114148709,30110.87318029489,6563900.58751
7.052666104693346,581545.2782748227,2.506639735628964,1.6288655823042308,0.3632279319692741,3.0770412658839104,0.1049885428231571,-0.110175121588,-0.108786789762,151857.53260362707,119216.16513816816,12656159.9812
7.77137076493912,118372.98523024109,2.708145064568969,2.5711787113873736,0.24621791811878424,5.528217617115073,0.2942649030416492,-0.0205399249207,-0.0185744672781,61412.51860802201,6959.324730113055,10616239.0442
8.124211393532637,570654.4077402458,2.920134367038361,1.7943514225317834,0.4008792008447797,2.2198314986002656,0.40575030744318674,-0.103243282959,-0.101225050606,253222.19011156473,173934.2795045098,15963316.8978
8.106563285150985,323003.69421000977,2.100318413774508,2.5351130312831964,0.358220607321605,5.7638264850357395,0.1405686210174016,-0.0550688032715,-0.054588030878,50583.809870295525,563.3098439678481,5974234.73958
1.8208549274382133,403173.6842969472,2.6749469744340715,2.085564669070431,0.26368843841199413,4.2429883114950595,0.2682737006429627,-0.0999449232103,-0.0962468009136,142631.75976976208,53875.3121300228,16783429.6344
5.449782742323233,59676.95847131391,1.8988926759481781,2.1236622014844775,0.15888002081481045,4.635110713950818,0.3233429424145179,-0.011734433424,-0.0109409966218,9846.019004987984,8846.949989489885,7268262.49822
1.5180288401497986,228345.56482686423,2.9854984556904727,2.2037662441391577,0.4125525984544811,3.4707580901454125,0.12209213947799542,-0.0542355372757,-0.0535150090882,45633.53873507192,35827.81734727866,5477267.31003
5.94575994091362,461627.48787790356,1.5386543981465266,2.051562762191315,0.22516378303877893,5.127977142044241,0.4003499569601923,-0.0938358366709,-0.0931298497775,30261.987769849744,1125.9227230281297,10642698.4854
4.973774512360393,424146.6090593942,2.4052932097516813,1.6509299658338852,0.44206581021191993,2.6662650003376243,0.18470140573521437,-0.0888900658988,-0.0884716355339,97154.73603241285,57724.724164422856,6165528.17183
8.989337644824698,24083.63289924611,2.489258972476991,1.9644477150042687,0.2971015910189893,2.195647301113948,0.14496038435247816,-0.0039515223917,-0.00334058282506,31364.988197753173,509.69071547706244,5476450.23708
4.158235112968708,327956.55809834675,2.5320683356111933,2.495601541040908,0.3519771049211179,3.5820677724302286,0.3012299358968376,-0.0689131204937,-0.0678838295582,94165.96282801598,35214.68837173311,7616159.33011
2.053603147848453,52966.91578104567,1.6805813681836335,2.4986766022033065,0.4555320556431507,5.414782855924158,0.23464113243932205,-0.0138839651936,-0.0138767728165,5768.123819671621,14449.586097144638,971599.466923
2.2869251384755227,597513.8575068974,2.9077946752096957,1.9293364608599917,0.4522680503219837,5.019707346550779,0.464128675086388,-0.143548933025,-0.14233629015,210624.08612787537,136846.08221089808,12048179.2603
7.85359568545725,538377.9531199768,1.7717749185751241,2.1901539398365317,0.28003185133525066,4.068623881955832,0.44602821418916927,-0.0998402692658,-0.0990325246688,77676.52439848379,2001.006847691605,9761023.39771
6.56396256984635,12648.396257122175,2.4341301048597614,1.7901708420179063,0.22311111245019508,4.288550988661414,0.26750779852499745,-0.00224267017108,-0.00141544777589,21278.14237419576,153.57875136127265,5008564.43667
1.9101040851051123,515189.7473415785,1.8340141186846275,1.8155581222947537,0.4213011272050081,2.5195713051950217,0.21166869862651894,-0.124096804241,-0.123879169192,37940.21377813827,42551.857618455695,4582437.6425
1.756961255034977,551657.7603350446,1.9608246255319064,1.5345706326099111,0.3015780712607459,5.362726034470329,0.19648309173406936,-0.169979279107,-0.169150802629,78782.68440449906,44959.079632144596,9228549.43059
7.30872218313208,212128.93353807306,2.3196878125921865,2.8451198248616167,0.2172146977456514,5.147838731856788,0.17040363038667833,-0.0373704219197,-0.0352550776217,58953.96223095465,12178.70523030885,12859936.7396
1.6548670572777417,431700.9930286595,2.125790127846865,1.8160599976123593,0.4665488698110025,4.625881575547771,0.29504653417061477,-0.114021395896,-0.113822616222,50272.08494249937,18986.354929533587,4100619.56184
8.396740533613206,265262.24772466737,1.7403384014647594,1.841300815404695,0.21933646798438056,3.8647641453157537,0.4122403721305446,-0.0483553522249,-0.0475019349536,45809.358315884485,2095.1187559226605,8579749.60028
7.3561800444084655,393139.4907458064,1.7564046036312724,1.9194021489676978,0.15903250886693088,5.85783707311805,0.189840473691601,-0.0741610765579,-0.0712325396522,53237.39849404097,10065.557076507082,14750314.2177
1.7321390257770979,204190.44257891487,2.127217182244199,1.6911121075431435,0.157097990818597,5.516127887505885,0.1355423403596367,-0.0704748642842,-0.0665184813575,49291.58493488657,14237.181270489062,13619236.9562
1.7635394267667273,193535.541979961,2.6359244674132514,2.4588943247720443,0.3678103747589925,4.577721974058474,0.26396771278247905,-0.0468255075818,-0.046212788621,55257.48493913527,12562.986660841998,5471508.55132
9.87975620651058,254660.33331454743,2.8469469702716825,1.6127144297663798,0.3815862712511356,3.4872039908691517,0.08106548755894995,-0.0406855378826,-0.0395078130876,135204.3133617044,99987.07469138864,9806960.92859
4.368437161805083,87340.6551915007,1.6261914933890742,1.7013036394895253,0.25886459676994433,4.4720891147260495,0.36557555275836806,-0.0187655602997,-0.0186132167992,7692.546864464747,3535.4413401231436,2206023.4119
4.335779323602019,498683.37866122957,2.089655861339102,2.467135089885139,0.26200384623647216,4.301763706122662,0.2832612198358701,-0.105627777793,-0.104559865023,6459.34908244198,14074.70130224026,20953864.9857
8.315196105317522,209218.737216982,1.650368345584315,2.0094909307221642,0.26882287027097995,3.5769679513396655,0.2733686635877844,-0.0377113259626,-0.0374528137202,26142.473246359074,12605.918108257523,5315031.49148
9.525237196454729,240089.7323435071,1.5248887209488968,2.5619217400517833,0.3880554913656075,3.2266958867523043,0.18520042079751015,-0.0403833175867,-0.040357960125,23029.906629903835,49488.092169404496,4318128.06341
9.874009574405838,536432.7676212868,2.492578023965935,2.336137117005213,0.17034682685939,3.6280431689492896,0.4571030468892815,-0.0919803351216,-0.0811816477359,95195.86522947896,1878.7464897832504,38003271.3191
7.780403667330475,297974.2884379028,2.4036741629498817,1.8840317595922695,0.475190723441964,4.295645624133591,0.09071883133229872,-0.0526019461367,-0.0523199379295,68739.15053022759,35382.365059471136,4297901.26607
4.386336269778242,326552.3456105178,1.7445286707223293,2.476241925733992,0.22788236546210625,3.7125393788443777,0.4414208039991641,-0.0696035896828,-0.0687708840493,31514.779603047038,3458.5390882405277,8511420.32375
1.7515064502880189,573898.874866259,1.850719249639596,1.674410520439321,0.4998856218347323,3.0542979528055354,0.2195173410871652,-0.140773593244,-0.140679700531,21533.159517379994,29076.851384956113,5972293.26307
7.994322243346931,532035.8298869935,1.5355616304667776,2.304615574620046,0.21003294282551543,5.043853271043234,0.44628058218876004,-0.0982822465468,-0.0972684448292,54166.20026827808,17088.75966675101,12969439.6384
6.025638247622245,101680.0253330637,2.7524208085416055,2.155722157567552,0.42004126005933207,4.125869983829652,0.37794265624957263,-0.0194648672322,-0.0190777762675,52734.3124863717,20670.776482862955,3790374.21696
4.817998083222786,283929.01795086305,2.962035894072827,1.9018103742261612,0.22819439072536873,2.2707006529024,0.09687682699791725,-0.0607177132921,-0.055407102403,83714.29747325709,60342.812834908575,16363840.8007
9.157189465852625,582777.7364571273,1.7031893051920362,2.4060074966092504,0.17829638057513889,3.473266022504502,0.42419132892920913,-0.102041057664,-0.099398182753,78058.16401591877,22083.986821118353,23128842.0704
2.000777340755362,223419.7789371616,1.8472128206479472,2.8070003885104238,0.4562266635227271,5.539653828847975,0.3569795751647773,-0.0550159091215,-0.0549557695095,3471.4539226796355,25377.507083888253,4331885.98327
5.433625938617732,222943.86510972003,2.8026142859204013,2.998357049644615,0.45056294071681213,5.020946124799808,0.0645358608119068,-0.0411493174568,-0.040610984845,76878.076165453,22318.73644685301,5593884.75522
1.1021828029067717,117018.13907349261,2.889695696934277,2.4116441531151365,0.2912496373573604,3.2929871357760283,0.11016620694935148,-0.0279197562539,-0.0268969056819,23286.83140128653,10362.673003692851,5200019.72045
5.217945777947136,68593.86847147513,2.1294410742102157,2.107058811493755,0.39583864988914935,5.752732608178036,0.3360326251260628,-0.0137942139858,-0.0136779922002,11178.701910034802,6133.564419356805,1913204.58304
1.5067294811365362,444182.8744535891,1.5759337084036111,1.8378106503243024,0.344973076439371,2.3064116334328406,0.3481702262961282,-0.109157026972,-0.108965411975,15905.969874173736,22182.154183114108,4191420.78135
2.0693612464126474,462018.2812209099,1.559087750539229,1.8856441340926677,0.4485346397858121,5.844938815568756,0.38599314477691776,-0.12316229444,-0.123085655005,4301.936736740305,13760.288625898029,4120049.8199
2.057736220993944,581407.7781018,2.3609247991035156,2.2191824672246483,0.26026958926152904,2.9828203699387026,0.37411043034874186,-0.138023681978,-0.134558009271,86863.31461699144,60396.71710696187,15891203.1668
6.842892719044572,464050.9265432178,2.0893426633397683,2.050916551921064,0.3332853399996448,2.036376721209677,0.3467839796014797,-0.0902921233303,-0.0894771145953,88994.24198998582,21761.608345343764,8505929.33748
7.71440391338881,146011.49642015924,1.5429786413664819,2.8707217839374164,0.31988032992159265,3.735232146073307,0.39480750578589013,-0.0263118022051,-0.0263539039117,21215.961543426605,53141.0860377671,5595969.62511
6.250318885874437,24069.94697310927,2.3748785884688353,2.0524432014835643,0.2738670391899005,3.4358817187480346,0.30878856765156776,-0.0043017883024,-0.00386266349922,26133.714872971006,4528.009517690113,4162043.23262
9.659552936270877,591262.4306217962,1.5169538048835336,2.0601668867181533,0.46200927259473024,4.156356020827175,0.1673561234860047,-0.101070576804,-0.100978804319,12219.192607742696,37904.87017359638,4769611.97295
4.373835215713337,204270.41732616344,2.681057937223909,2.0753017686509656,0.20805727363188742,5.187091442279382,0.4605694761788232,-0.0448597672592,-0.0407808484394,41233.67347349958,23371.54749761442,14585698.3456
3.571408776536747,187182.92545945247,1.9596492340550573,2.754930315551487,0.20232802383224363,5.369723208601789,0.05819631391939007,-0.0399765610175,-0.0390209765001,14727.283471792527,4863.230055903888,9397167.16926
8.817392153705143,543573.1258496295,1.5603870045138482,2.476182481270353,0.35191833736296296,3.6049199984467672,0.2149527739421706,-0.0954130546924,-0.095227747349,6708.327555642045,41623.76934781232,6767049.19189
3.0123625466750736,351059.93912699167,2.38252833147473,2.421253275478339,0.3801229804947297,3.719382974825401,0.3779916318937235,-0.0784246658141,-0.0776752063727,58312.140532700396,46005.347418187936,5825174.13396
9.669002854965502,128922.70430948074,2.096526621649582,2.0012145335757934,0.2181167390135978,2.5927109213178947,0.24222021851735343,-0.0216964670087,-0.0205016159151,36659.0621798582,9136.47093447686,9674659.12639
1.109390272208347,533457.7456297437,2.960700620035724,2.726856265248659,0.2867511047891184,2.190190435524654,0.06117548336600644,-0.128545808943,-0.122603466119,125784.182860957,86243.07616599867,19540945.762
9.728909440368751,596016.513032846,2.316297993755553,1.5575457920335518,0.4812973450425603,4.564859960940099,0.07969140640229594,-0.097415752537,-0.0970584049734,111810.28674183304,69588.67145844904,6964594.51779
1.388439207555185,52007.13669049843,1.9128587715555123,2.8061957585071697,0.2363160979417359,2.257750502210769,0.3418868161122299,-0.0115394012842,-0.0113903518031,3082.501746056423,1675.9796633695944,2842100.13596
9.02028802328264,517350.97698149236,2.5641582969509624,2.2691248496908942,0.3839262457410879,4.935320477685824,0.48418906973238485,-0.0876335206129,-0.0862409059875,144952.56851666563,59199.54817705223,11691154.6033
5.749309981776698,234309.41861063638,1.907238003814067,2.0973753522951193,0.4090522877941568,4.15636058008899,0.2983386361255245,-0.0468794165786,-0.0467363146334,25235.745778259985,453.85134181940583,2811675.66784
9.936683165073703,314443.4679040226,2.8563649371113478,2.2457509210765285,0.30684504481280583,2.7943319129043336,0.2780410181106961,-0.0508690957576,-0.0478899463908,165607.027014497,52842.709327393175,15144663.2024
1.6641690826185898,548889.5854589884,2.0620829557610647,2.5011232958007463,0.47813409536585405,4.1580917740505985,0.1932463458753203,-0.13267609659,-0.13247371753,20946.880528377736,24165.091945047574,16358643.6431
5.984688559611887,584027.5174650704,2.324802844164308,1.519148139776846,0.4078298573265766,2.7319908664083954,0.16551080323972842,-0.117869033656,-0.117237754406,127274.37521948743,89000.46546179835,8967344.16481
9.72372282057189,157298.34624527962,1.5758596557363433,2.807327784687372,0.31027360295131423,3.754948830041648,0.05944324179032812,-0.025210434012,-0.0252779148097,21760.109253859744,53959.82176524611,6903434.58731
5.707880597531339,127710.46257594827,2.1391818569283463,2.1701092879670894,0.3492673206216329,5.198241264968916,0.17282969043821203,-0.0246662737924,-0.0244300135232,28359.8721957167,1833.2604080031333,3266979.28762
6.664587743217362,48309.935154907114,2.7485453094914924,2.0144497795501173,0.3924147051987852,3.8476771736425497,0.2520996983893636,-0.00880382869178,-0.00843073892411,48207.50107004845,15595.50967622029,3485601.38732
7.261738200861554,337078.7115972828,2.708473208045013,1.7073683484510855,0.35726656315022637,2.594797273190193,0.1390774023720276,-0.0630557390199,-0.0616883202089,121537.22065937205,81716.75576007638,10508542.626
5.090869582909959,8162.637270400963,1.8364778382802893,2.159198061537663,0.45754415433912654,4.8953147272917805,0.08930659481664316,-0.00145566301765,-0.00144613807584,775.0514083813159,12207.162014649191,948542.560487
6.648022720756571,247138.97856596194,1.839118606515844,2.2444841569265686,0.2749110317981404,2.7470736650800354,0.37297754026457114,-0.0479751039782,-0.0475069673841,41453.18911684043,11130.27886854379,6418017.45994
6.258828807307902,44030.40999120513,2.725957968319855,2.1054700417402166,0.2549600090195317,4.954199497480438,0.4525791210806302,-0.00831252636315,-0.00720160366841,38533.70454625674,1937.991951854282,6129471.50602
9.110422094418901,243135.4697576004,2.895597630253988,2.5179901407403458,0.2248436113233425,3.917409156863333,0.47154743135918853,-0.0419442797675,-0.0365743985198,111538.39982078479,3165.0624358228683,20602793.1752
1.409017423073121,23959.313559365557,1.6430413819095053,2.131344793138839,0.1632240388226083,3.8149670363772064,0.3280994278236452,-0.00538312917797,-0.00529913924704,2339.713324524967,5972.678970982263,2642683.96143
3.528668706330073,501130.3563652613,2.175087959139338,2.94212636676986,0.16505488753301936,5.4057401514298995,0.07374856216967682,-0.112011565822,-0.104389479218,60394.41342019081,3510.747223834458,33768766.2041
9.553703356689029,125843.39636313953,2.0061814184463436,2.3989162767353878,0.45451931758824893,4.834414097362675,0.383388183482798,-0.0206677555957,-0.0205910183316,14707.435783375828,28711.556067281694,2890721.14517
9.012374055018247,196985.22621474718,2.8060326831861593,2.7112169034778635,0.3874376012420675,2.131643187819757,0.09954288736784887,-0.0322138752815,-0.0312664746212,109511.19314823551,493.105095953005,8322227.27466
5.100910775071417,522028.7979638351,1.6252873720200283,1.6640338546642184,0.3811863454027701,3.1846972584064095,0.35138665295952076,-0.111206318773,-0.111032046683,37108.32513232665,7493.9517268324535,5042797.42257
6.581193380213831,447759.636799323,1.816688913837056,2.0959369394188583,0.3651249866272101,5.483682643399595,0.40071462608654407,-0.0874084842422,-0.0871019640871,42563.8791876134,5723.349950406056,8777308.23631
3.496430646830194,131423.0169852351,2.6287025063797413,2.005271552170729,0.4472267006429367,2.0733046741807946,0.37663911987191273,-0.0289163522038,-0.0286697170202,48216.03489392103,23221.531019031012,2906001.11276
2.6930904375138516,43139.65119449763,1.5769407734718235,2.3542235822048876,0.3180934239829696,4.181013785047881,0.4783477125925088,-0.00972980970735,-0.0097237513688,1797.2268726849097,3954.0796781963363,1470695.71297
5.173285644459839,429404.2661132037,2.238803071071434,2.7916702800921387,0.4546437899954051,4.911302676695776,0.3821658280103254,-0.0862461646796,-0.0859483677678,30528.437067948853,3947.3837550957323,13283291.113
4.180170052234475,234421.5304128656,2.16316055201958,1.61750732664301,0.2758057591637837,4.487424341938303,0.36194440009181383,-0.0513049163924,-0.0503915685133,35450.651537381025,29444.811311752524,7873341.86164
6.252905006657849,459647.99947093276,2.001601768483123,1.6088621970670662,0.4743476265186817,5.042128808417745,0.16778442748239608,-0.090328669645,-0.0901848695261,39365.070302503525,19473.446739771884,5752614.83504
1.6996117326848634,267176.86342512624,2.0918584729783856,2.775476562236398,0.394529943028434,4.902767395658984,0.46614590889615576,-0.064221510788,-0.0640003280566,26013.126016766906,14093.168531748124,4196998.26533
9.769553268995498,207601.44778336585,2.2949108803953493,1.8192751290575362,0.24001199760854952,4.768122780612453,0.1307947418573751,-0.0337176862722,-0.0319167467483,74612.2420061961,20199.4938447584,10585944.5188
9.875896700316426,270723.2449274379,1.7420510375825746,2.5031298816747203,0.3474297225910188,5.2861594437026085,0.4572034751629069,-0.0444917320018,-0.0443450221695,16423.467655720877,41335.49832950127,5662721.17887
7.2834554261777065,449135.39140240604,2.357993817425389,2.314317198541208,0.33656069652088944,4.582762673798154,0.1906981445056597,-0.0814427915094,-0.0801429813315,111737.43099037913,45975.49753756152,9687116.64478
5.824867297097083,541332.1719242245,2.7081484939499796,2.7493403923308444,0.19826458760561688,3.6096739770279282,0.10857361724495093,-0.107234169473,-0.097197075041,141535.4988466844,27714.82086399477,27553262.7214
3.78574854657695,29860.31795314532,2.6402413946852388,1.6876333647546053,0.3569350170127149,3.8876364396583503,0.42200736227202684,-0.00631499250395,-0.00605957502847,13598.711814214017,11313.738029134487,2185573.88273
8.324155177362538,314466.92473617307,1.7308498570406605,1.694674448583917,0.2601749683009353,4.866899130725802,0.05112295412037312,-0.0558764602203,-0.0553269870845,47317.89415684672,9177.082705294773,6247359.47335
7.162580552984913,19701.25745032656,1.7238742046122109,2.3352275404174616,0.16832206838336083,5.505224118667176,0.4244397429563738,-0.00304201043227,-0.00291925983005,4765.707893018768,14494.013554394996,7130233.97719
2.463552454104022,281045.72701461526,1.90226155161737,2.9195679800375562,0.4820296551972977,3.0888752033591027,0.16804032892068915,-0.0631446788739,-0.0629974215778,26231.84782415793,24786.992600604633,3067715.56209
9.198344660444583,531169.6974581402,2.0416120895115557,2.1224966375561314,0.3745216291725007,3.368307183884283,0.4481245727400296,-0.0917958046555,-0.0912228039594,98384.00714757906,11491.640477638992,8030929.50989
8.402835186308522,216954.1598521858,2.112683372112724,1.9904131503820424,0.4569216261547965,5.722957585449651,0.3611656320087106,-0.0381952080463,-0.0380385244593,42577.442227569954,5292.41600034808,3129083.75841
9.548199219627316,559470.2526483859,2.519545825250018,2.410033984796829,0.3866196017546386,4.314047169637782,0.34978249978276554,-0.0911833583665,-0.0898119153969,185308.2421578042,51118.00209141712,11927047.6192
7.531475575495239,378365.0829903656,1.585020648248753,2.8956729008175466,0.2749442922490395,2.715847268540004,0.21439380342417952,-0.0694207046705,-0.0692231711532,10874.24759842366,43832.66698346484,9580893.43942
6.520736763422109,560493.2062758039,1.5520090563390996,2.7553917492669355,0.329440825315084,4.6547805556495305,0.07673133825084695,-0.107164509285,-0.106834837639,30591.638099905966,11430.862748370295,6290099.75888
4.76418732661557,454299.9752475118,2.0878658444158633,2.99322541609983,0.38651136612151193,5.963048622157519,0.4235328941925098,-0.0933352066384,-0.0927821991165,47295.93414918788,33113.45603692289,6326772.26188
9.39455635018612,62061.099989257375,2.5457455382069707,1.5338528748035656,0.4860883138205031,5.2938142578816,0.12690670782943758,-0.010012305206,-0.00985152703343,48236.002833534796,36299.895656374654,2777472.73573
8.794575005503674,138690.82053760625,1.7901530144347237,1.6692872170691433,0.23878431069259376,4.982964546205611,0.21751638885263852,-0.0242038439561,-0.0237207361996,31926.887823758127,374.948040880743,5374868.53
1.4069680309557047,236502.2727501037,2.4622567218843776,2.414201645049933,0.4562419705184412,2.832186617065077,0.3201596084790868,-0.0563588496847,-0.0561161375513,26367.95518642705,22680.804490390936,3360126.03808
1.2373027704752682,102064.12920724561,1.8897422069104493,2.7308646590007744,0.4734272318529943,5.504559138736029,0.26701418235227975,-0.0281540542838,-0.0281309038945,4502.713524215577,16964.43231453947,1301357.0946
4.388170301902447,296946.9628659963,2.8291291632202746,1.9278665134601498,0.3846454301306348,4.103155374142186,0.13939728582709313,-0.0620157310474,-0.0610174935504,109873.24829783403,70682.91002213016,11239647.6332
8.294979977036496,282820.89342089434,2.843534916399925,1.8588166320513282,0.4759433195904682,5.557160088287823,0.11327736059702777,-0.047216450906,-0.0466710989084,114537.90859515562,79306.34936346489,6193535.27192
9.8854851638345,573755.5188164287,1.9459308064219898,2.6804636990718014,0.28925750561707897,3.3193113176995173,0.10546082251263078,-0.0930493451316,-0.0920075321623,90978.02645269832,29816.729598114354,14075541.6414
2.3537520199317536,260236.72973758663,1.8449906309448607,1.5845727807798473,0.483555661614155,2.248204210541731,0.43835354667464044,-0.0623847655951,-0.0623530681788,7313.372329330056,13088.764941893363,9340578.78768
6.347176438169216,471376.0825727987,2.116955958099347,2.0540739713738776,0.39597400700809116,3.9039038746389845,0.06420179707760014,-0.0906012393944,-0.0901328207476,84776.78391703029,37087.11327669783,5981101.08481
4.428017709679194,565146.326910888,1.8607973777702231,2.2587138338884944,0.16470201859658415,3.0793504192715107,0.4896564168199524,-0.123514391485,-0.119017694797,62679.86986771586,8606.825481231686,20926640.5907
9.72922958033143,526193.2985843912,2.5085757649375555,2.340523011525485,0.4674054911366684,4.860917159105193,0.13933791067343634,-0.0825586952329,-0.0819132814273,146672.92248444227,46976.9874533942,7857143.16212
8.579070308221379,125200.57470695509,2.7390970268224284,2.5929227351891653,0.31956548316161737,5.82842621142413,0.09964503359558516,-0.0196435756325,-0.0185559447438,62063.083226652845,297.49594277928327,8068841.82461
8.54495834240024,297617.93655212654,2.5096381963668257,2.0322685851459874,0.3111144446722415,4.763896604606256,0.30963724464955783,-0.0514996130804,-0.0499630831475,97637.66400111308,43846.90724275314,10621931.3986
5.218238438154732,208643.86937755544,2.736525670874024,2.4190265170119107,0.348263312092872,5.5477357188368135,0.08599368107331348,-0.0403237497342,-0.0390288942398,62460.47176320211,44852.825003259255,7167642.4497
4.733375521038987,239915.2170823293,2.095488243311211,2.3780631341864344,0.20228459136992977,3.8120960544048255,0.3211039684236177,-0.0500189730156,-0.0481459876509,47425.31411608072,3546.5065942764795,10672170.9023
3.4606636473763563,216484.09574745074,1.7344754560632913,2.3214241509806204,0.3142081169985895,5.086562948781207,0.4327819901661259,-0.0484852492337,-0.0483125483263,10769.554611270358,3058.3800487406547,3759660.42072
1.507379469858344,495815.5261050025,2.6069264210963885,2.460724939713318,0.4408945258512109,5.372173746686814,0.07155410966034118,-0.189302847893,-0.188588836966,120718.77704557002,17219.95856645479,8822677.25188
8.782501386295479,271283.43307346845,2.040711757712331,1.8891737566021145,0.15541886069813035,4.84350251033417,0.40994087203784485,-0.0491279476951,-0.0452186972295,53310.07097506345,222.8300949285327,18741555.2217
8.316109082170698,314216.59934681293,2.506906237843699,1.6269731303769435,0.24552100611352995,4.0311091442782585,0.2275148484419534,-0.0564691406269,-0.0534908047498,109279.22024508908,62619.04229957596,14290679.1984
9.997459059575176,589468.4142282448,1.9059659129726485,1.6789075080596152,0.15085910525534546,4.503464438461473,0.1217707852240445,-0.100067358736,-0.0939342156855,85509.83325144394,12397.796366043656,27324423.532
9.969731533665149,35987.563314909865,1.621844452210009,1.8368735739808515,0.29549895820244687,4.802027982715521,0.12924341612035659,-0.00568294007874,-0.00562427430999,8414.508874758494,17896.982928808215,2947362.64168
5.998885350423647,292774.58387444925,2.988872693231645,2.2502969032841778,0.40491042867280713,3.0123376128857076,0.4634440446624018,-0.0571205606119,-0.0558321514929,133518.16397380785,74552.3193193167,8773931.08676
7.9208867366245945,464437.02416766965,1.734302261895899,2.76066412581903,0.42957014019011996,5.238317043659939,0.09977258837329901,-0.0816290086222,-0.081465623314,8863.904715533932,32077.536288143947,4838367.69293
9.502891568941852,90697.17491293592,2.982631490945222,2.551940013132576,0.4808164163944523,5.801298155869093,0.4400522542020457,-0.014049057198,-0.0136387698871,73393.56624439103,7629.628786617504,4666036.42923
8.646826516096702,366918.95676886436,2.9659198988496707,2.6835609063030708,0.36297661453977526,3.860957260719744,0.2949100794426266,-0.0610623317973,-0.0587404568994,171795.89049186753,46543.04020924756,13907293.9423
3.226132915688779,143678.86772068005,2.6907271558620596,2.026463435889137,0.2391194033285134,4.8042687324395095,0.0675752804673976,-0.0323481474304,-0.0302384653392,34721.7903995659,16571.017882270684,9032043.78927
5.054897217790842,520442.46793474053,2.4891344431229965,2.1069806124728254,0.47345178219784456,4.9481036231614155,0.25901426557280227,-0.106361092614,-0.105906211961,98253.88505531287,43695.67823966768,24820123.9389
2.162434736363455,196259.79924004758,2.366710575376627,2.090522828985919,0.42136051385813156,4.648990190085922,0.4178522815143353,-0.0470271135486,-0.0467860679202,42287.50570309728,12792.979066715341,3710191.79177
9.586459245328502,197437.69014054572,2.799152318066752,1.7878097766067522,0.35104996905110053,4.1884604333145425,0.3767912544375952,-0.032609138751,-0.0313197847706,87452.54175490259,58624.56593283357,9191677.97655
6.455571710057921,358916.3271107361,1.934159282429232,1.591824987215358,0.3934740755016276,5.526591818299242,0.26995208795812303,-0.0705257797104,-0.0703118710903,44914.66051609206,20289.54067888408,4921494.9576
3.0577852495311646,110137.74487194524,2.201521818727316,2.38637413924084,0.4735107242526002,3.7957068370755778,0.4370224458632977,-0.0245184262648,-0.024430435493,10520.940736282379,10008.375923537778,1549624.99237
7.045306159652711,170933.18334183661,2.429084954049753,2.983825025130879,0.39933790996552254,2.2444118259464143,0.10416414280110337,-0.0306451001183,-0.0303167189122,49780.38524617366,31248.78186993832,5590238.53836
6.5631541641210625,249979.1100716469,2.1167857138042367,1.7502445574253942,0.27893107765465686,5.378225502848641,0.45947347402656596,-0.0490924660263,-0.0482336743526,62684.602913653536,25908.16379923429,6841753.68105
4.223464462295564,212182.71788406622,2.141229681135402,1.5700272298489106,0.3995598708011838,4.695925089266202,0.430898543817507,-0.0465172285258,-0.0463016664131,26810.92910088325,27688.945993830595,3487969.48642
2.022018329796661,314926.33080334944,1.9954270012531266,2.6692975227358993,0.16409735695738575,5.397034505998587,0.3687245715457562,-0.0783196124179,-0.0748162134466,40976.79975563409,10110.47283540907,18572490.2201
7.044158760335196,359784.08644137974,2.346347725026804,1.8788790100270862,0.2852454466407034,2.554189769778777,0.4180494839579372,-0.0694402923366,-0.0677168946011,98565.3471653195,40015.84988884272,11310708.4263
5.68276930813414,340000.47225009877,2.775861792022674,2.7444657080293924,0.2922130611459527,2.1230117620388653,0.2947169780791997,-0.0672482518073,-0.0642895068732,120608.34100042474,26269.03776208141,14634508.9485
7.950865525620754,392500.98719515937,1.8022925670094692,2.555905000551773,0.20839338204729213,5.737498161530006,0.3538230930939501,-0.0707291115421,-0.0692007595062,48653.14085862513,13981.92928626666,13623278.5884
5.68147151000794,184649.70996469216,2.901649558130162,2.918510305576207,0.15807991819311956,2.590913223402297,0.3022691318185005,-0.0381237047492,-0.0309096774347,35687.07995747372,13894.212499401778,22676889.4525
8.669633502866862,75855.73629301683,2.5336314806223443,2.113390853635008,0.19668343282321,5.238609328281807,0.20994283872857722,-0.0131126915287,-0.0108161108064,41898.492810103344,5891.391042115302,11432252.6363
5.9671615489703695,456484.52485864627,2.734909819020045,2.492954759175951,0.37911752352896927,5.292839768722543,0.3059873588125299,-0.08739381225,-0.085849483765,135822.13017577204,66696.32985709111,10572515.2998
6.0484417438184765,510468.2295784092,2.3342860389450175,2.197282171219906,0.4308010857272906,4.8348208021960115,0.16585939963936658,-0.0982707707401,-0.0977236901525,99182.95633229637,47218.20143023806,7345440.87334
8.889882423925105,154203.73933345935,2.6692750521360953,2.445883045962815,0.49587122245444093,2.525048844371484,0.24812562687835338,-0.0257395326066,-0.0254470467009,67513.76740714264,4376.8022283290375,4233249.78278
4.631345795911574,244255.17369481185,1.5243005960092009,2.1743983590116063,0.271227226087973,4.66959449824323,0.17634893326710943,-0.0511313498459,-0.0508686498458,12695.557053762619,10024.094059778998,3674418.82845
2.2061370560557667,299141.53017813317,2.7275706371693027,1.7829483696361121,0.3597827277913856,5.556346333307463,0.10529950525762505,-0.0992205656862,-0.0980892349721,112773.4578407146,69365.85226645437,8612092.36707
1.2590440868200508,319996.10565176187,1.5602082886280497,2.2618461240050713,0.47800073838529267,3.702126579203533,0.1948378353754578,-0.081355404601,-0.0813115593688,16390.828106074157,26207.969848127465,3877699.0559
7.796235301062571,395694.10265259113,2.834870064544294,2.292876302156164,0.2084646234683534,3.6540674175143955,0.43339424818314676,-0.0740512211438,-0.0658614923496,134038.3574883511,26034.480923142448,25762889.1996
6.582785962181182,24961.94001319281,2.987944120857965,2.715905772390242,0.40117595521995997,3.7714332383176763,0.22148634678903756,-0.00394375829687,-0.00358129084224,42096.569094770195,13768.79347392734,4114652.27868
7.336717912893012,432886.2496404102,1.9411011932651667,2.6032810586903716,0.4142425566022071,2.3290875627048258,0.38660164203599107,-0.0809805421745,-0.0807197586122,45522.36306467174,26466.425865304802,5833379.51984
2.9166774535801965,37182.60418764616,1.8154778344286906,2.495687435912166,0.18114143755426843,5.568102276119894,0.12883903440717256,-0.00805635829466,-0.00798932686521,3645.061348675818,16591.999462903495,4994500.76933
2.2273432802809277,280973.14060372073,2.648045045787061,1.6700806433288589,0.45143728481407275,5.4767314559220415,0.24098862162543871,-0.0762598665948,-0.0758661845309,83495.55241503686,53098.05155190834,5215195.83347
1.1309019910109375,496602.6813415165,1.87953951138038,2.5809244359955725,0.43458676648879535,5.991637287161145,0.10168523120082945,-0.202674217687,-0.202523780276,4705.613775582835,33252.6850686834,7508452.7543
4.155288029259372,270729.1879670378,2.798343574758305,2.2504577345317722,0.16169105230210204,4.340732565993654,0.11237947851537036,-0.0629056405544,-0.0510696734642,61371.2130181528,25182.313138211463,32675491.4165
6.309259181691698,89453.84926094866,1.654263888236215,2.841149304159239,0.18187954520801802,5.004766545805543,0.3278463709505311,-0.0164342782135,-0.016301212792,5091.942122970097,23188.80334837726,8542736.85185
4.530196405897591,591020.3070035758,1.6889327945690373,2.879806401195814,0.1671944128621483,2.8106876252292188,0.323366817852055,-0.125362149752,-0.122046741991,54381.63904020507,8126.686325760255,21115348.7273
4.937274298213562,533571.277244558,2.968727332650923,1.5827348859026782,0.2671602361297768,4.670115272896679,0.146017358309688,-0.112382035095,-0.10645015979,198153.03318146247,173186.05486602092,23725619.8489
9.137428250443735,462788.1799350084,2.510758347405007,2.7309623405317183,0.3282511467379742,4.598931395029563,0.2634904374299594,-0.0754951071808,-0.0735709622221,160245.02608992302,17731.699368776204,13702900.8354
4.134299203209704,246906.96173952625,2.770330836643429,1.5565460856340059,0.33632170478412005,5.60483494336645,0.4384877751400766,-0.0545074184415,-0.0532844847028,54711.57018398956,43814.169064795955,8816647.00229
5.625905402438297,110307.43613357867,1.986494066027277,2.0507544385425343,0.24368336591930492,5.3231708913562965,0.1283906789044173,-0.0213969009219,-0.0208994626584,25046.8822947539,944.9558934014121,4712682.5831
8.052877114670288,564846.7088511008,2.5147256242809064,2.313449963431619,0.4690589102960959,5.753865850471053,0.05864473988308168,-0.0955357104706,-0.0948822808642,137777.50582867843,74928.70322936006,7306496.53391
4.568885040891431,319410.6759102834,2.391362740962896,1.7221511979406912,0.2788919764551696,5.47533389080643,0.3433978132986075,-0.068742850978,-0.0670611644216,54794.459128709634,44057.14159938818,10118101.8917
6.598780302050861,511413.2762324911,2.4047251801844203,2.6194707188536155,0.16594255458787338,5.474775579595407,0.07407419363990825,-0.0970174835021,-0.0877126394264,67215.67060152008,20155.676738187587,25117936.3347
8.761273378720706,205257.00345565545,2.5237986893065822,1.5125320562582079,0.2550794890394852,2.254893306754873,0.4909731073576007,-0.0373323365249,-0.0351526153294,91402.58711471378,52964.59175759688,12120735.9078
9.54568561291878,201172.99024768235,2.363038759693648,1.7528985726510553,0.3358882978904544,5.3838478107838235,0.32432912770949646,-0.0333207798528,-0.032591688848,79331.48868426528,30151.326156859926,6903141.14137
2.323661328361341,591324.2884044235,2.143593553953999,2.3711952447802136,0.29287763790588117,4.4299135780124725,0.26167835877978757,-0.139060249703,-0.137619093637,62192.21698056494,29766.538198492548,13189876.3952
9.339288626453449,313099.8290969099,1.9138840415708203,2.5715813430559384,0.2458448816847407,3.521777807063845,0.24349664301093804,-0.0523113611816,-0.0514292677638,54946.01174652053,31253.348190023167,12003195.4476
5.429046637715844,84417.25431644778,2.652871996369803,2.874964654040874,0.1959631374175111,2.2260584975522493,0.30788179633261914,-0.016565219234,-0.0144082703525,35439.171239094685,18603.734242043458,12359986.3593
3.324199494690625,131804.80679682444,1.8394086450047793,2.5582449779019356,0.4367075750336804,4.710695099072186,0.09078099652409671,-0.0286522889044,-0.0286013681906,1071.8643668751026,1665.746525023251,1667498.34787
5.132221806144352,289166.56763563247,2.5385314592316215,2.5076689053822987,0.49865083474346716,3.31280700215047,0.4685085764687731,-0.058596126524,-0.0582854434327,77430.01968128594,17322.419364835692,4240125.40729
9.820293177569294,25482.546293046806,1.84999923397399,2.0915117195259967,0.2653397467333587,3.871105059944139,0.331538930848345,-0.00388226832874,-0.00375506557639,13384.898050184836,24589.546954173737,4772191.58485
5.4335628459358265,277520.3912269803,2.437995254931681,1.5019266382902021,0.2835673654618114,4.726913748220538,0.13279032392490897,-0.0562930690436,-0.0550225404146,72448.65325182966,56630.92137307078,10935042.0838
3.958764492587574,251364.50524807657,2.6206174006935434,1.680238888103433,0.36631313363693496,5.647098188096571,0.3031614741940983,-0.0550758270203,-0.0544815058492,79751.48698663835,39323.487791573185,6546303.63412
6.700607688850532,467601.75919169217,1.8280708333598088,2.3018318171340586,0.40145451615743943,5.301747662419993,0.10996542762485523,-0.0878682138258,-0.0876118025743,42252.0136043905,9681.74324826584,5545494.29229
3.1613105690037377,212965.17869354505,1.5899149512919624,2.5126948287666293,0.28721033718125694,3.8023885164143993,0.05789872290124046,-0.0466226015338,-0.0463105600032,20252.429835789215,15240.611128122453,2689716.64398
1.6827699529779752,589529.2569237596,1.696460614491261,2.1261724258446937,0.46672533094363533,3.5511326297855157,0.3337326433462991,-0.143981163544,-0.143879679633,9017.556366965506,21507.32872994718,6738046.1108
2.159917497195843,108461.95158054188,2.4089954509065383,2.5960185172925856,0.3460013962301214,2.95911895537619,0.3418175038415575,-0.0244296398302,-0.0240740209895,18640.264724597728,10541.347503918543,2981425.68831
2.152412550619952,354592.01098088094,2.7741696093386032,2.282793442998268,0.30763652674207587,3.489707004703873,0.31266346226153696,-0.082629655042,-0.0802916495249,52572.86025219859,48426.71042173082,11245181.3005
2.3671242416106493,53819.57820495278,1.5674952318531366,1.6112642933914683,0.3763354636059668,2.4441855491675932,0.1325674419620104,-0.0125863983515,-0.0125630148284,3320.6433219306214,2763.8166732495533,640076.94083
2.2494445538446914,440318.3903963892,2.6012268885624694,1.7880243764519232,0.48348134688721056,5.884422033459018,0.32154343632264515,-0.116111057393,-0.115680304319,110528.584777845,63855.71528148899,6211594.50199
6.767872703228932,596852.2128371829,2.0119779689250783,2.7599973348659144,0.42809330304759685,4.2956697758383156,0.07542992341603391,-0.110488858166,-0.110064409835,74923.92056335637,8009.87592369002,7419076.45467
2.6369207595923037,491483.1826509793,2.217792554879284,2.5873691199366595,0.1640045956872935,2.5112233711808516,0.32415726000736506,-0.113517305531,-0.108167907425,27767.151669856554,6705.014302775008,24600782.1617
4.111005549914768,333422.1244321808,2.8932893247683484,2.8421429805187426,0.26630846875898584,3.411224037063623,0.29930765859842845,-0.069931307216,-0.0659876158595,103479.50087676075,33844.32345069587,15750007.6136
9.071095689154106,290844.81443981524,1.9979572571037683,1.676335873681405,0.31469063973292793,4.188156574482624,0.3448646738775948,-0.05076380908,-0.050209723993,58738.96849538994,21922.011684261466,6383465.3612
5.265654762365851,501017.97676010814,2.198005400909229,2.9853338019226108,0.26008115027318685,4.1315425465634785,0.4529640225885772,-0.100838084763,-0.0984900293168,94842.98727074842,5596.831061457644,14985333.5332
7.008019646689244,561584.4508264345,1.5205236221410217,1.8141100709249005,0.39506564629065977,2.1420134748745294,0.4326611473577915,-0.111094280035,-0.11095789159,22886.306011147786,13216.544495621363,4462705.63336
2.5508788408146685,593523.9154788558,1.6223980800072575,1.517669814429963,0.4391942024519033,5.8033641369164455,0.4912943862031424,-0.150817413778,-0.150713287615,26614.78518609566,1360.8529501106634,5960107.6346
2.730601169278037,237923.53653869047,1.8878873867021762,2.996134408580331,0.40597078331484504,3.1015027258997785,0.4893084648214588,-0.0532149970509,-0.0530559040974,14608.375627743453,9776.918557128154,3007533.85352
1.3678175463983098,594550.4848767074,1.5417783612316116,1.9216108281676698,0.49626665038989637,2.0647386757275648,0.3975438620181887,-0.14710269615,-0.147025301829,14632.354497712824,29339.877729979067,5250779.62072
2.520415567649481,93555.7513042989,2.4470629890723767,2.50202917876884,0.24539167676256018,2.30577603580113,0.4803888299799776,-0.0207706966144,-0.0200354007889,17925.0647063463,2474.084709924857,5426700.74799
3.5073130512876274,152129.86555914552,2.1395975352024337,1.765023471264458,0.4562463232585475,4.320779612991908,0.4402777486501004,-0.034246701251,-0.034144607538,17378.54647214114,17530.19352554393,1844774.95857
2.5930943584907213,53409.67484033772,2.322217804092033,2.3703427982987124,0.4183179328110701,2.5511420827003874,0.3774121024527378,-0.0117770627262,-0.0117015242599,13249.492491738732,5663.459556716302,3279632.08385
1.7983228038135004,163043.109890689,1.7619707788444943,2.856052479681839,0.27676256514535114,2.166899171414013,0.08392291458968984,-0.0372999629504,-0.0369593110916,16961.940262058277,7461.788168050319,2918644.39982
2.085722839905407,460762.53097080666,1.943898044154924,1.980271751142658,0.406943590279939,3.5185058656508454,0.0720724497214495,-0.11023249869,-0.110018694131,25323.643399907116,21068.268503920703,5159106.15334
5.147008912294532,511754.61490706983,2.4957367122790877,2.5053809640665388,0.18642658474638643,4.491044769360754,0.4269198053775966,-0.106983198535,-0.0991562907691,109649.73672204324,23632.37137535545,26065378.6805
2.8570034656521326,467335.587061543,2.9479540854455997,1.7818553831976247,0.4262667188191933,2.4473592193664495,0.27034513604226423,-0.106556432713,-0.105431652614,156505.3648733248,122756.97838912717,10134976.3562
4.278428749432679,378639.46690061776,1.5756251604033138,2.4371930980780876,0.3363157109054859,3.253311328605262,0.4165730079687144,-0.081538791924,-0.0813422400446,20451.86069818192,11804.318889310334,4265964.31841
5.530755437693712,308379.9075135873,2.8355764812828994,2.004675527726265,0.2523015604482386,3.671042686498169,0.19081322179484872,-0.0623121440314,-0.058331361457,116184.74553492632,64257.426045016764,14585496.9829
7.213553457664288,425222.5735281879,2.3653218019668127,1.8168123878819276,0.37952205562446306,2.6378403911470687,0.22894243624535576,-0.080415217531,-0.0796265532738,106711.67787872221,61262.00179891925,8276214.05212
1.3538092585698904,234500.1295603331,2.3458793501334356,1.9697730760554526,0.37456699955004313,4.0242955938668405,0.36508402445536936,-0.0591817992529,-0.0587984435521,51891.30448647042,19476.358630470582,4331237.02521
8.194693590181384,504785.0108998211,2.2504178028116404,1.768261602761699,0.22332017795185988,2.3408563476070836,0.46189703161944196,-0.094225722094,-0.0902962210789,134227.97545315986,42120.73131210716,20042503.9471
6.6511035054181695,406314.05638607126,1.6040911288562751,2.8528741617568243,0.16063909518403413,2.1860739853802746,0.08949266351549867,-0.0783367357822,-0.0766029377668,30966.45570941514,24012.963012744967,19456933.7296
1.7358312875398472,418682.8190966451,1.634815277604241,2.0957803294756934,0.30176790541558585,4.079341468620539,0.4376651650855728,-0.102861681919,-0.102570605925,33153.47534277079,7086.9942394574655,6546972.73436
8.862207616960994,321561.59587744274,2.401368008488629,1.867918957461551,0.34932915427054745,2.9915878910035025,0.40685572619571436,-0.0562740203861,-0.0553177614139,110676.42943454142,41574.86632620517,8636080.37299
9.287851604786319,531137.3905267036,2.0114378571533376,2.1726117615238993,0.4568118474297094,2.38149523159211,0.1919926718284346,-0.0910467953732,-0.0907772971946,60895.24558243167,4784.548492313126,5709652.39454
1.5497016386937736,151208.8402074315,2.8759020998665212,1.9808042502097434,0.474875878476658,3.695650349950529,0.2098474763592018,-0.0367941639771,-0.0365307934956,49384.982841914105,28146.76018650825,3364939.00764
3.4918988333248335,228688.59201663043,2.1098858060392085,2.616628880719989,0.3350818263548682,5.660562958069579,0.07090766474985934,-0.0498708936776,-0.0495810119218,17547.845540742277,89.20066308421315,6120831.51073
8.255811518137552,466585.54180661344,1.7149221880539616,2.9568298678282416,0.4138312193189907,4.89676978661662,0.057083275002523096,-0.0807079918369,-0.0805525238767,1872.8347225684977,48968.44000205997,5395464.95981
7.734337213452926,295649.3376776026,2.572078250253054,2.1570504850464705,0.3037561453147989,5.262463661388111,0.2646527568609781,-0.0525421190315,-0.0507695127011,96484.02196428942,38228.11922623657,10314678.5085
2.6606891742073957,533528.4080545144,1.9400301321615148,2.7915500999583607,0.4111287548005126,5.487655955034546,0.09299284047378975,-0.12614522508,-0.125865300723,32750.912938128764,50301.401959535004,7658429.26243
2.8841439100303927,207839.5918577114,2.28820546103384,2.3487946103394295,0.2216805337287084,5.890510965585676,0.13730081648684586,-0.0543058761674,-0.0522441737592,62834.43851296309,3286.591627255197,10937743.021
4.334248925122438,221598.10129178685,2.546749178257755,1.7358534976413502,0.279872657181236,5.0529862940566925,0.4310452397869986,-0.0481119168495,-0.0465355722564,45756.79586586233,37019.14519776879,8377611.86019
5.360706866719192,533241.4736319752,2.8503961668031055,2.5359341131220123,0.3719797995847651,4.433631687757918,0.3069627760627036,-0.10530851067,-0.103054528813,199556.79503598574,102040.4008061393,13524950.1166
6.564292943772664,278622.1921092246,2.688286792202514,2.27015174568873,0.15635528796247758,3.461703521208989,0.33513459676975105,-0.0563441564496,-0.0479350257342,45764.762500272096,1807.6670850436587,24486737.7131
4.320222756127952,309674.75052149204,2.514541601809086,2.475909784878155,0.40286145861863387,2.7265729462308643,0.134365698874364,-0.0643308766849,-0.0636962810429,87961.08526666863,32645.774790684547,5835943.54406
5.162812445198331,199658.22920140764,2.5194497735927155,2.8345311188574973,0.44243742544385833,4.746639495933177,0.4228978120044888,-0.0393870987571,-0.0390827130561,48649.538567984826,3422.317445874449,5880536.64962
7.727238443203809,166001.96530744917,2.91888696604813,2.160651855984069,0.289699581382883,5.979799944487768,0.4405908975978864,-0.0298102455639,-0.027617635118,94663.50741361165,30231.91123811135,10530853.7944
1.330148826015381,393569.2265030352,1.9437361462448042,2.8517664348260334,0.3067798460120075,3.869434738475676,0.2854974171708695,-0.0944958083276,-0.0941084322561,16326.475107520382,1188.0016721296122,13155435.7666
3.2719324990961867,71904.39692472233,1.5016681412942812,2.6260035214224824,0.44794877427578583,4.89471747237123,0.46065099734539694,-0.0162180802718,-0.0162131555338,8211.916423140525,5822.381485928673,1375049.45333
7.420146272960972,527563.5847097456,1.907931839097298,2.2329073888169773,0.42147912236411167,3.9803697999726246,0.43017288122956177,-0.0990640713369,-0.0987823423152,60211.22842979154,3942.4556161888177,5329332.63205
9.056861539184794,467521.88205906475,1.826837069440116,2.4048332034869455,0.2508523211616812,3.7277336934539065,0.3790958795034971,-0.0809211261047,-0.0798440910189,74271.03103413929,20191.208322700102,13218954.6667
5.6050969790409955,114448.95822348166,2.4927518776709974,1.9883716987785172,0.26339163729653864,3.6412224542396605,0.3803341620621329,-0.0229575723947,-0.0218402369207,50520.767244701536,11506.731602310943,6790756.07069
5.789021367387841,416411.9674947392,2.4505673996482935,2.9753959496081612,0.3876073813367088,4.01849873172679,0.09742706327788848,-0.0783672718732,-0.0774275049761,100370.83606029651,30430.15918341612,7756286.59996
1.9645481020579845,361579.7527713809,2.3901920740570857,2.501026744575594,0.34711933235685644,3.4675826474615,0.1718762169630496,-0.084042380272,-0.0831726895076,35147.86122778297,28726.785232845534,7272838.89332
5.026711301411092,110721.03044198647,1.5243651648141805,1.5657702787449448,0.20678034988377392,4.995093287287231,0.08008124891795423,-0.0228344755509,-0.0227229753936,122.37626230684636,3698.3415013976824,6833268.83076
5.793555398095209,163922.1036301395,2.593167081675971,1.989932858622013,0.2584754682302082,5.497088106366066,0.0539065441518389,-0.0314717673396,-0.0297853472498,52075.14441478756,31162.16523144394,7846695.10054
3.1822345327125667,245391.90224030064,1.9852956187282373,2.434971650638586,0.46499414690752894,5.531541226580737,0.12123928912275957,-0.0557162668499,-0.0556257048367,6801.394485111355,7101.5815590635175,5102088.21921
3.4231890785444286,419545.6411472843,2.497583983509947,1.5844999166988596,0.39086105285279216,2.9107948537033037,0.446219232191123,-0.0949943826782,-0.0943228577632,100035.69927326088,65073.23478678252,8277113.27833
4.395557467941604,383234.0452902036,2.33486764275323,1.5358262869787143,0.4950910111899318,5.583636554925963,0.15794332656622317,-0.0830841549252,-0.082888409648,42086.56298382094,46808.80679485219,4532733.79176
1.1806407799995373,319340.90860601875,2.0140963881418608,2.175036359291704,0.4184543854932693,3.36620492742042,0.4865692831662748,-0.0779005170913,-0.0778700383239,12374.90770531688,30410.69303397984,8838334.29801
3.8987124902486046,461046.32586842054,1.7018644006561616,1.999035269539005,0.4796910512502566,3.2372306619411906,0.31878094980254273,-0.101899146198,-0.101816899528,1008.497168830309,9741.65741353527,10817437.556
2.9030320629689017,454762.64376369957,1.6416283464907213,2.157447912049749,0.22566600085466637,4.907024229592944,0.15676631943561067,-0.106422614181,-0.105621001081,16217.76055677777,6334.862492275407,10608033.0529
3.9474761696012317,370715.49243735353,2.7472774996683356,1.8940399648200077,0.420019706185924,3.2187853603451577,0.27370886156789576,-0.0800606751952,-0.0792882249056,109865.87210348637,77639.46112072111,7685553.9188
2.077859186373261,472194.05003089516,2.877596313122337,1.7470766204144714,0.1570761320517291,2.2118656224388404,0.14859267021505193,-0.123305923555,-0.104345353867,74467.06567100527,50445.90127144425,49272514.2454
9.014745526659055,200558.02486752553,2.474682070146449,2.5337150354705065,0.38476600759903684,3.494471089241232,0.49278810118206823,-0.0336475405237,-0.0330917097749,69690.68243727747,7993.783441696841,6793235.14106
6.342332081986438,528749.7169935633,1.655151172290725,2.271856674401701,0.31424879734208444,4.885862401433396,0.4312692427572337,-0.104678097136,-0.104256091749,51204.23455513862,3514.091063871579,6504671.71905
7.111920872300407,368946.0514811644,2.103040825332361,1.8002313168740502,0.271366025172024,3.307833681080706,0.0618074549520481,-0.0695716478675,-0.0682975998309,87085.61584038404,31109.93791083083,9312424.80475
8.102541147466045,493418.1082874583,2.593408800157736,1.9793841393899974,0.4518415233025812,4.518236223980586,0.476499214160362,-0.0883262553067,-0.0875827877735,142722.84396967982,81507.72375653255,8767456.28575
5.485979790361515,327767.4628741704,2.669731326015102,2.3877118614949886,0.44899369243013576,4.640477777052522,0.3744792982862993,-0.0647345474009,-0.0641586559648,87837.11109445723,38596.92839480923,7554762.53521
1.7822825927868133,131062.94699320821,1.677327933436633,1.6083440224087169,0.15780559671452524,4.934944046905425,0.08707156340957525,-0.0476026102006,-0.0466104057062,15190.876397641332,2272.2940505008455,5919486.71319
5.83395887636693,325446.07720698515,1.5000460782680736,1.7211795138992694,0.36332679285730085,5.588521865243745,0.3517869858469005,-0.0669323264092,-0.0668496915311,3613.520411143294,4085.310004402876,7204798.49901
6.281570062187912,222666.99826595286,2.5682055688209076,1.6098684061610853,0.27874127851233477,3.7302579970737257,0.34111701408455847,-0.0441710097783,-0.0425125743152,73084.51415518143,47706.95330944344,9511016.63864
7.70895526765897,418499.4216222567,2.034894263979308,2.7184759990711784,0.2954813505251572,2.6657283066498283,0.14845493561341255,-0.0754191636342,-0.0745005394523,79956.40464275866,21385.353713055796,11200689.5164
4.884935916067114,285476.2750408415,1.8817219974273904,2.628613849818014,0.4412142587265716,3.2757028617275576,0.391301015003409,-0.0590103466806,-0.0588830270488,14839.348407969866,18336.187360535532,3830006.42018
2.148222725160074,501667.6829566126,1.5193462046842883,2.6299693978188854,0.2584439200346874,3.7286690206959436,0.08917911649083521,-0.117816505554,-0.11737040901,13699.15463109371,4361.418132508284,7869921.62284
3.55398315218852,406843.50739315,2.3104491101422493,2.574488015214042,0.480067083723167,4.855565877312452,0.27025033155406153,-0.0883334232219,-0.0880123859022,46273.10665654127,41557.414650203325,4391847.34917
4.267740667587716,410726.65981879435,2.7767261031389725,2.5040781355048036,0.21287183923024927,2.052488502246534,0.054465443223389566,-0.0885839635854,-0.0815778670593,120190.04839216587,36090.56458685977,21927370.6761
6.8132551719844106,130293.20009463899,2.936447469408882,2.2154878730672625,0.3819528481788622,3.2631415337595158,0.4859318700026359,-0.0243264123836,-0.0234586728694,88821.6298139436,32554.445464542165,6237132.54801
6.137004742020207,590549.8598947743,2.348617425919934,2.4634172452606724,0.38523677345481766,5.119370324077267,0.3882036342996092,-0.114537739176,-0.113515641135,138694.2330191707,44897.947883787296,9727541.01535
4.204870533080616,505005.1255628932,2.271691991609841,1.557542332181962,0.23826830649977138,4.683430813322781,0.12148343427184521,-0.110840694959,-0.107382451468,79152.07164689728,71075.14586531036,17371868.2795
9.878637239136816,473402.9307364168,1.6275845782338616,2.4321966339851766,0.2636627131385207,4.926959894342421,0.20375331797807733,-0.0778550422698,-0.0773742127608,33808.11968196085,35395.33277415357,10396515.77
6.451973374211985,198129.13509601646,2.3233092023139,2.6668165583053156,0.44217947240297917,5.247243077756779,0.12225307001367933,-0.0358566596374,-0.0356291893017,39241.98278306499,1916.527752099031,3583600.12157
3.1350411256239505,321378.99170833913,2.069968618448092,2.2505375405765853,0.4166318392342333,5.13294287551185,0.3949778588581916,-0.0732135542311,-0.0729961285012,26051.13100229671,19196.964640986702,3835820.04412
1.9160422535836337,82261.91284459719,2.4107029213253655,2.0362699926408556,0.2651835581101658,4.728732664611112,0.07650334644247184,-0.0247841976744,-0.0241451499007,25892.790470728185,6060.032148519141,4192071.28949
2.375732252658988,323085.58599762357,2.08308952181482,1.9161401022014686,0.3368847914272268,3.7586461294823623,0.4281829950036714,-0.0762472190597,-0.0757890308954,32943.89244256754,24383.27479030614,5038779.77621
3.213619555460573,87533.54788997237,1.8604486851755502,2.4642030752431237,0.1715881036885834,5.934393315512615,0.4739883524760784,-0.0196307594106,-0.0190855749242,11332.347038373251,12337.688444867243,6310476.19779
2.446132359336001,331822.70639376075,1.6424479128425649,2.5392017979448633,0.2230610588395202,4.276292782360295,0.35448257426283497,-0.0770926225626,-0.0765095950061,9777.597848283198,1042.0026474187027,8721243.4185
2.679103216461752,389233.12809294334,1.9723776668833435,2.806451399793814,0.32003719560113963,2.8110768374753565,0.1458344525006454,-0.0870173981245,-0.0862273000336,52219.0215491231,33231.202745770956,5429882.52205
3.565856518244624,234117.58034994142,1.6449672514316285,2.013501123691486,0.18009080734772404,3.1712514204191375,0.21204054311609788,-0.051863550125,-0.050981905604,20906.333398497114,4183.257035024644,6964023.8488
2.560362357652793,299126.9269987759,1.7653454262359758,2.6546584610783786,0.44516632421217806,4.774249823881879,0.26475794366401906,-0.0692055988774,-0.0691380384211,330.06984560799594,1800.9292822013697,3375198.92074
9.070888821637826,525392.0326047515,2.981004237869319,2.342033736284007,0.4013021735376767,5.698958260797854,0.3220811474910142,-0.085472583961,-0.0832394086748,222477.06439561662,126706.49147787201,14258301.0715
1.7221037109547799,65137.88682168562,2.166155335359928,2.8242547360171186,0.4802717847269732,2.71488051682359,0.35089839041525933,-0.0149070843588,-0.0148659405588,3135.8015555166057,1734.4818491401065,1158224.26217
5.720602506132292,475039.73579979176,2.297807649757525,2.291718162443431,0.3927134170874095,2.3293859829831454,0.29939662189349725,-0.0954532328328,-0.0947291971595,116815.73589598744,34157.99056567655,7670157.26454
4.693571442906954,102452.73059771785,2.810427793105823,2.2764447425969507,0.4791404802917649,5.526124192168025,0.2080912643698351,-0.020564579153,-0.0202987855304,29546.434198525752,25541.916988648212,2732880.03769
9.841407552177458,22024.789682777035,2.9933533507360317,2.3668156221613637,0.3440793944918378,5.661111915651338,0.4509127762542064,-0.00323419603311,-0.00239463429288,56151.00116697554,2776.200640444702,6349383.95622
2.008350119512471,111344.76164702867,2.3740716740170225,2.6239730327136517,0.36007651387168926,3.105517381263598,0.08662642610808122,-0.025000508497,-0.0247000903654,17234.565166728058,11459.912274072987,2687736.016
4.580700391411675,459025.9139822938,2.7187107315662575,2.9470357182426916,0.4919398691191913,3.5091428974849594,0.2598152244095728,-0.0925788328695,-0.0919200507757,124348.85597009311,40766.20729439619,7288221.00937
9.72523389947832,243075.64400211602,1.9904115365050128,1.6103450313236485,0.3747452014024911,4.640751989991434,0.3990041773103663,-0.041152114596,-0.0408836151666,53456.09359516797,19454.084790109933,4417715.38533
8.789564133045822,523512.31010770914,1.9586159361709368,1.5801519035865257,0.16077529910126132,3.319720083369899,0.07739269938113041,-0.0949584351488,-0.0897287897449,83068.35282616485,20128.882979131642,22768103.5937
8.353648638543518,314824.5247093595,2.1040555814918402,2.906325506111008,0.4033309718206831,5.508634833080212,0.3674008475650855,-0.0538422373783,-0.0535530689932,39248.896154245675,29690.334231997127,6047406.14029
3.3211254434044584,13350.211155798575,2.5087608940104738,2.294813438277309,0.4669140422480954,2.430314810855451,0.4188702302389962,-0.0025784209652,-0.00252059779347,13045.108972755908,4102.112652752692,1187625.69377
2.5379882865105925,430028.16576115607,2.523287533882648,2.422354521850404,0.42845308742801425,2.151928883840781,0.3473740843371735,-0.0981701884194,-0.0975511128876,86443.50235208691,40877.096979220056,9277022.11262
7.017788979319879,66139.74523273962,1.9728591519741763,2.2236354023920932,0.3543416454188979,2.833944826971158,0.0558216015239102,-0.0119846602624,-0.0118840382202,15666.652585963779,16898.759011393155,2856108.9365
9.364383902148273,473627.78007715463,1.6998148862049431,1.6404861789112117,0.3849562295827307,3.144351112819876,0.13106166220949284,-0.0826020387519,-0.082408625704,39727.857429266034,5017.078018945013,4524030.05863
6.010866037125368,100861.52988310801,2.448594384698263,2.652134067628,0.4965671262380851,2.4517063651555002,0.20395088550137785,-0.0191795894608,-0.0190584912003,27418.09699578348,15242.447283361444,2589734.65375
6.144514205229099,207267.83148330808,1.6924887932831467,2.62083696763288,0.1817317309782684,2.262761717362587,0.15516051603712067,-0.0404264793741,-0.0396538665961,19737.591471154123,21163.28920179288,11214327.2747
3.5198118429425573,456762.85777521617,2.367738762343995,1.967554982239218,0.3835356900216338,5.022430854007193,0.48319346310234235,-0.102644882552,-0.101910720161,64047.19619476243,51729.29612550858,8026962.89362
7.925436398727432,572538.814485853,2.5401331920844634,1.9593588678426006,0.24918919309970783,2.6571062636090295,0.3432172613512071,-0.106224728776,-0.10112316688,187448.17957931466,68725.42584144889,23430405.315
2.6833937370177106,222860.37038803942,2.5509172445916777,2.7567620713582777,0.3740316388051595,5.655688796265216,0.18363693080820664,-0.0518419055259,-0.0512357161583,61041.32212774896,2650.963429630195,6284137.71887
3.913113127638193,497640.1321193615,2.630208165989395,1.6085358866119899,0.36266825155937854,3.471998645792384,0.46836387439945054,-0.11018375051,-0.108920168512,130976.36826204997,91523.37986362034,11918483.8777
4.828927947547751,114475.35928550323,2.8092891323484968,2.821657722534849,0.2037098912378567,4.682423238885382,0.3832673897642841,-0.0231015932293,-0.0203328779894,36620.74611675373,7174.915745513291,11851184.5393
5.568493408160095,484307.86212149466,2.2499384879471824,1.8849925348438716,0.2223613260090837,2.901608459075201,0.1780732453221689,-0.0996245007483,-0.0959999660762,116448.7535087382,52333.47634433559,16667215.9952
3.181687591735722,394496.4355537506,2.595373784294357,2.3894771216332407,0.3675703523151247,2.9612910739674674,0.2204967062308799,-0.0870563733089,-0.0859791476955,88874.34924754557,46676.946407375865,9626520.91915
2.033531422652832,115646.10432742107,2.428759103048755,2.9039912685026668,0.19488048155632093,4.298836811470301,0.13974298623678055,-0.0261704086355,-0.0246916622286,15006.156411435988,4419.445114276018,9437076.6923
6.495580381974693,181502.37621084694,1.7799599096965237,2.5171837523049696,0.24281330629561299,4.2425717005839445,0.48698329921961986,-0.0349341869252,-0.0345523295724,20736.588110534907,21332.079228481074,6951482.28923
3.597674979162302,79062.5331582216,1.5385344673041121,2.121644718700555,0.4423359417083008,5.074916912048325,0.28278342315053295,-0.0178126750772,-0.0177999307757,2574.8917032912436,1766.6280936770645,1043999.01187
6.231143992803511,229780.206638588,1.9268120785154006,2.5343013133581227,0.2644820271005735,5.031253222777064,0.45322550937409306,-0.0445732470949,-0.0439883948069,39865.75365396214,12006.511631099873,7355666.28013
2.389264437467821,122189.18467396645,2.164550559506429,2.015969454474555,0.32082105469438205,4.682751058654644,0.20592489695758148,-0.0294760439064,-0.0291736391238,27559.52843586498,5105.46974671115,3306332.96186
5.330260916693358,386398.7721782841,2.4256589166429845,1.9158876245237793,0.4793991173010441,3.796522263573964,0.4373787213938641,-0.0793388974445,-0.0790108769634,88500.94033537334,44770.71808611363,4952538.17414
5.793304892964272,596703.0625323352,2.774938995754808,2.9950249169020196,0.2295021810929312,5.562561545122469,0.07424908179222378,-0.11512142512,-0.105323643436,173069.64636581138,74406.50962441202,26103798.7934
1.4664118314018422,7205.497850558484,1.7943685750592484,2.626185346769682,0.28636910607530364,4.490313960885195,0.4919406428859296,-0.00130756692883,-0.00133487824168,2774.3265422237387,11719.2970046992,1464464.70888
4.029438503745285,324551.8879723792,1.6883246848477156,2.4670799660727267,0.36226022144024095,5.960793961849429,0.4604154651649862,-0.0714263334884,-0.0712921736639,8707.349124244278,3787.3703840919425,4483761.68853
2.209732092450768,344199.9585294058,2.9452199212114913,2.032934464828978,0.4143686253263903,5.277479271737434,0.2134413251494947,-0.0896327820139,-0.0885035779364,143381.4218118328,86171.42835864422,9202231.05193
1.5703747342549097,548525.2738084871,1.6620668390646107,1.5737412437325722,0.4655786853494468,2.177239244953305,0.3986249743915598,-0.13575699414,-0.135668138455,23380.593629216866,32281.483817763627,4608558.22943
9.909642091509507,303603.2008601625,2.2177366051607836,1.5465853140527335,0.4704155456507303,3.282375628321271,0.3885160669132217,-0.0509832373554,-0.0507651836133,72003.99384340858,41629.15634494232,4460374.45208
3.9011846047725065,326220.8517869505,2.3783455931899526,2.3312718831731982,0.421824026030418,4.287502865883807,0.45556465869631924,-0.070399268987,-0.0699131979691,53740.659393851725,43483.33792112336,4763486.69876
8.288870012691714,282991.6807970332,2.3120616313611575,2.6430490815585763,0.22991579280765864,4.885878151485949,0.18826474150796502,-0.0483937070881,-0.0459973275998,80552.47242597259,5582.4442758033865,14151674.229
3.2917658928738747,161342.58273688884,1.6290482355494147,2.306068785665783,0.15868326551489803,4.201345991047766,0.25948400239136726,-0.0358979669195,-0.034852554388,11924.806183902425,2928.035881165964,7166545.78982
7.133524500015364,33617.479949348206,1.585540371005429,2.761177607908672,0.2843208756244683,5.144521689848727,0.43924982567272386,-0.00572903593733,-0.00583984130528,13540.757062111346,33725.43088879849,4910780.91248
7.842050739007179,245194.60932590166,1.6582251411915534,1.5501397996398325,0.19954209784573815,3.1306226110293784,0.4003607543608472,-0.0465992050119,-0.0457060768854,39614.16176542205,4203.30010913091,8011635.39044
6.360748665470599,31554.88274440712,2.3783815258089187,2.05012811463891,0.39863567660340427,2.7356482049313002,0.22706002343312565,-0.00583331842068,-0.00567707090385,27669.440356099567,971.9074110949529,2374653.33757
5.244185696951425,330295.48167955066,2.3165173314514815,1.855605586761267,0.38139570538900086,2.2156667351590804,0.4305763548104549,-0.0689394707978,-0.0683827717014,88812.79613438882,37347.12592332034,6095298.20114
4.706568227325417,184376.18594537588,1.8506111880551164,2.170909452235683,0.16539007456750918,4.293254978286088,0.07112931765458068,-0.0378661213079,-0.0364216809866,16879.216057772162,3067.1747560010494,8616275.28453
4.139814398886958,320161.4409152567,2.4566612127683873,1.6085645897911838,0.44280782269583285,4.7543980827019805,0.4019208363333456,-0.0699936451508,-0.0696298727715,49738.69027097194,54222.25494154139,5374844.09906
9.365762298230432,80578.17863711201,2.730101253083474,2.931197462356609,0.23706014320191376,3.3045988684774463,0.1430446367451653,-0.0125824409387,-0.010794472662,54973.527820459334,37854.062317477474,13539220.841
8.475574670089562,559577.9794436158,1.5623684397698907,1.8348831016040414,0.30127947642186476,4.454336739423507,0.17875440852070423,-0.101191012021,-0.100828824176,40775.004334322766,1391.8516899586455,6548347.11664
9.685242195998613,536712.746129961,2.247194915322064,2.8834616632253773,0.3837768074095098,2.208628923413317,0.27194667961801716,-0.0874181305467,-0.0866264381663,117274.98521948243,30221.95708669901,11226871.6187
2.1186750113699024,113997.9055213707,2.5339656181540353,2.138839732555023,0.30029657539828863,2.3971733851872146,0.25238052548148826,-0.0262323833512,-0.0255221434593,24266.349393321183,16360.37389970036,4014752.59348
7.577807276832798,206066.56997640594,1.8784678906045307,2.978286199882827,0.3044507309799802,4.807019089033993,0.2842565480914464,-0.0363574988893,-0.0361619715112,17492.718640902185,35627.774270544796,6951708.54641
9.44506411138934,368095.66311118775,1.9616563579397237,2.331087575190316,0.17296979836750911,3.472278820869195,0.2951490180524107,-0.0630009704428,-0.0597305125238,51921.51404163419,12332.328439840274,20601215.8514
2.6310975954909415,57411.72438354376,2.4204568544840757,2.8962492962637114,0.2905052422410013,4.685336124412022,0.1991874609641736,-0.0120680374527,-0.0118100224019,7302.67477472021,4767.605103749641,4055899.29948
1.5984664063009975,212740.6926696905,2.8469029401656054,1.5080234830413342,0.4176967626269942,5.326884481119672,0.12885238085766348,-0.0735892204732,-0.073081367939,76235.68129962958,67000.71686409126,5354659.38501
7.670085843610531,150667.37209140367,2.714886630454349,2.62235820927135,0.47031171801530913,5.4104897499044675,0.3958165531792877,-0.0261088320739,-0.0257723525947,61746.95261746607,2609.8945931840553,4248917.35679
6.170258018619207,549310.037230018,2.3746953286493753,2.854575979653773,0.2947239979721801,2.688670581857804,0.22998926708921397,-0.105931942213,-0.103458414583,136020.03012604662,17612.285937038792,15270892.5545
8.576458990824449,511506.3817735231,2.5953325766358737,1.7095808504684311,0.2982550394076776,3.945142289405386,0.2776283881065766,-0.0901522676808,-0.087264158154,154552.7214210333,113117.73067860118,17766075.961
2.2579513896366055,347899.6447601183,2.0472337053116982,1.6441887775982273,0.3959194872132782,4.935706894529946,0.34011352325800315,-0.0884135752566,-0.088157546139,54704.372007655154,24306.14001084214,4285926.96028
8.15740580673901,312207.8021229445,2.4614482921481367,2.1368589107789333,0.4799702003868468,5.095922385067642,0.4593370650379952,-0.0552959933395,-0.0549516181434,89493.79567629372,30102.49314758183,4878001.33855
2.8146458804297008,558435.4767272383,2.1992723866913355,2.9005183591994026,0.24347132908377606,5.138703922915511,0.36839877401309895,-0.126899819956,-0.124135297037,63405.93645553972,15191.628177691191,19378998.4768
2.4729034857913406,559456.6697872892,1.7849042046863413,2.313579840285658,0.30405047228827786,2.912669337522338,0.07045665151567304,-0.129676560435,-0.12869600175,68824.32752231763,55384.00139897556,7996970.06776
2.4783921813789362,581598.0752109962,2.552607410815886,2.291184695582598,0.42859063524330543,2.7701392708950934,0.42735216352910793,-0.133840089794,-0.132863036477,84644.7906494329,89239.99635414932,8297998.17661
8.33117248208244,75227.3304649126,2.334696956023233,1.7116891774489829,0.3633927492809135,4.360049873094784,0.4952097568073836,-0.0134185833497,-0.0131029324082,45723.29656580036,15004.442270082785,3641674.62805
6.986774986265801,96334.68645790213,2.037932372930387,1.5011842666398283,0.18870522038738413,4.964343190952879,0.26261826141712197,-0.0185727220117,-0.0173539935455,30655.822574494352,8402.725091141507,6836872.90237
5.707588822922074,406042.019207932,2.867008785117946,2.7152101361181917,0.369706457446793,3.276558062136773,0.4863156514045703,-0.0795264124542,-0.0775530016228,179435.07708232125,50636.632780521155,12100681.8021
4.229474357111522,324860.68596590695,1.5314011767401,1.6313618444793574,0.2153611996090644,2.418820627449686,0.29629793405441723,-0.071813566166,-0.0712076367398,36516.95240689768,9458.258341045903,6029443.95717
8.894804867317974,11079.542935941578,1.973659726874244,2.450774728102986,0.32857557692744144,4.86698553164031,0.2568271981423774,-0.00141263828469,-0.00139666626951,3006.9930378249232,30947.581592574395,3874641.88082
4.532005966803719,37185.02159371162,1.5853220966664698,2.8719246817727875,0.33518614368115346,3.198791325520018,0.1991321441273548,-0.00719021315112,-0.00723858247584,14572.433421554359,26654.02562599794,2977836.4551
8.349394955244193,532848.2293552831,2.649790974332441,1.8129778697376464,0.4566711767787447,2.6654508972468873,0.3458996941250025,-0.0950749372824,-0.094262665021,175776.19645863606,110198.47347851835,9496231.23947
4.952214177131966,521322.47732363176,2.553161181170689,2.497909254355366,0.31187299590435336,2.5908941135885266,0.15341918923627007,-0.106699781605,-0.104145310718,170321.27246101756,58774.86719151202,13673226.5486
4.392499864824169,214362.5531976271,1.9970283281044756,1.6180478650612642,0.24780484778256295,3.259638190106865,0.09722039833148194,-0.0458105872415,-0.0450444880564,42035.64155108443,22612.94573990552,5706987.72417
5.164118071026458,534630.3701583208,2.5134943533106098,2.4056327157564192,0.23083822187561104,4.3707122636549816,0.062256696162896336,-0.108148196692,-0.102818577541,115997.5964493665,70566.3462205503,19622457.3208
3.7124008674772786,356205.04463874106,2.0939058392939245,1.7458975814298041,0.45598815683951766,3.4336089547752664,0.1815710507218687,-0.0786930318519,-0.0785315416451,34433.00598677097,20398.9204237708,5942336.11275
7.72848442158626,483543.3882113411,2.6343806871336515,2.603930340772767,0.20985379904637994,2.0826474063737264,0.2280968744751672,-0.089822238494,-0.0821899645372,149252.57804654902,10819.189517456307,27632640.8437
5.5244835108323125,256458.64269612858,2.1812754941050594,1.9518469421908624,0.2990539963091003,2.3876337387112443,0.2984345133265615,-0.0525126000865,-0.0517033550481,68655.45053309614,19489.94770658197,7011328.5423
3.0899142563213555,68038.99640694524,2.1184195917474984,2.1950865132069692,0.21551059022443142,3.1620129887944763,0.18173742133415288,-0.0146791859551,-0.0140373629018,6190.799527192449,2911.97576589456,3960961.28363
9.096171159471115,260236.23758760974,2.9020948732324516,2.3991458130414323,0.4206564140400314,4.6388179285883675,0.49282680757343506,-0.0429400610611,-0.0419057492053,143546.4427626958,42499.641415143116,8580942.93315
4.455020992358903,274379.87879813876,1.8763186498360502,1.7569101159993594,0.31603042399111664,2.3940602938741353,0.1812853257085254,-0.0591213537119,-0.0587671068816,37855.85622475457,16456.287493610318,4491128.60871
5.891975750025898,330566.5163043618,1.680671009994848,2.6124567279264315,0.2729002916948842,4.242627414002728,0.24843892480088392,-0.0648809801932,-0.0644620134149,28733.718922052834,13483.069071426457,6511596.51468
9.158248998680923,63349.6277426568,2.376814669889187,1.9539605109552218,0.2763848742192634,2.479543483296017,0.09647427448935515,-0.0106156901309,-0.00983294575634,41416.236798520265,482.1441621212198,6443421.65335
6.618141963225929,594841.1178297668,2.9539827184262686,2.49355778986913,0.4482749723530428,2.846461309397526,0.16728193100168404,-0.110726731349,-0.109072832473,234749.77537305036,123083.69947711988,12338527.9664
2.0520823663752767,146482.09248414382,2.06675882059078,1.7374245760490605,0.34382088400305333,2.688754110223051,0.071749462905046,-0.0345594111778,-0.0343277679869,13358.03577634671,17055.901380639578,2451976.64116
9.458489112521276,119131.44212225574,1.5930551454431723,2.5321764888095255,0.40125374789594226,2.268914542283242,0.3017788850467976,-0.0201287046521,-0.0201272856399,18595.137895740354,49687.50155370731,3692511.77499
6.6493724776427605,316081.7513135619,2.0089579009643512,1.6922821092156926,0.4639634806877395,4.685319269546361,0.38797910740959424,-0.0618800969116,-0.061742426597,36650.777207182706,14423.0408939669,3184489.27884
4.014150531913775,322324.9076369332,2.2588974814793374,2.138034744404975,0.4656095866142247,3.853614189544138,0.13806941645123058,-0.0689209990154,-0.068741029067,24071.679830409415,9350.663573019183,11625326.0615
2.2534486539704854,263892.4426999466,1.7428845099483206,1.8708091106083153,0.2649781690182521,5.324213763589353,0.21555992201723184,-0.0720062582838,-0.0715842689803,36014.267268038784,2697.39449011066,5150769.35531
8.146226703432664,463135.2877951527,2.487153327084738,2.622562874142274,0.48335794210123484,2.395563359929268,0.05747730202722226,-0.0806802845511,-0.0801687378957,109076.94614180636,12878.647796045441,6927383.14031
6.580654803356621,309992.6404371616,2.996624083515301,1.893052506760312,0.1587065587051119,2.578931733352289,0.42778492507499544,-0.0650602903327,-0.0533645080422,52849.85393643688,17320.97344286214,27694314.3482
5.801149827786894,365817.27308699046,2.1776092139721657,2.8225759595930944,0.28189244635565797,3.2258309254018025,0.4009835862192513,-0.0719874036764,-0.0706744527239,74368.24669820048,5588.154359300686,10677698.8384
9.045033247458619,434247.83124467137,2.0320928350953187,2.8377303171099193,0.4635296001280945,5.063463947755233,0.07846431389343157,-0.0705212209935,-0.0703027220638,33637.21993040307,34503.48011745021,5153131.46043
8.097374901020777,15015.060938319968,2.1010562502517,1.7946619728341788,0.24612290793594402,3.223035292622795,0.2141904241941851,-0.00246664734352,-0.00205387843124,23776.798167821707,6173.022557312728,4445236.82312
2.365073917594761,342386.50952702685,1.6727192675928018,2.4207689175115865,0.24557850761246142,3.6336748299947703,0.47987897623227294,-0.0799264315887,-0.079320212253,21947.956574681597,9919.099815831634,6712099.44856
3.805498610159934,530516.6827370216,2.8249104021393356,1.6315764625799465,0.255917799778661,3.2064142651886582,0.2264121752355397,-0.118571664154,-0.113326217066,167231.82605243428,127013.7558409052,21759875.775
3.236402258330192,10433.245755260345,2.122238483282028,2.0873056494024436,0.3643096846964228,2.32089716720412,0.2867939045258072,-0.00192479942195,-0.00187452066866,7531.980968496119,5232.6211252878875,1277125.08946
7.695516633154092,243109.26228057666,2.0809116171372617,2.5699825942519086,0.3034164714650238,5.757734491584749,0.20985928745465982,-0.0425529978229,-0.0419613249684,44590.726919362736,6850.213226032752,7030859.82347
1.3017919126220145,555736.470123498,2.4895354093957116,2.4891348702748743,0.4043571927236699,4.194155968284756,0.31825912465771783,-0.137474937328,-0.136626574855,94677.81569573087,15313.582169853426,11066924.2497
6.129007163841849,211892.6413695227,2.1630501313966852,2.437051004109912,0.46321872489763305,5.151332752741987,0.49017059403657,-0.0413014860344,-0.0411515303417,32652.399479237643,7482.489532650142,3023437.66023
7.862128171666215,275237.2945201445,2.472350203211769,1.9238112954936653,0.3859697812300012,4.633428368741184,0.4988761265665387,-0.0500948205245,-0.0494291750439,86990.13463381499,43949.49927463204,6652608.88357
8.890890730855745,588924.8358265876,1.5921694351961813,2.0670374241516027,0.2215633520691514,4.0570171162479,0.39862174010503604,-0.105102821967,-0.103981304418,68625.67938350326,8456.850881923283,13547079.1201
4.078735738443167,119594.31537034428,2.720585015583341,1.6544192170504293,0.4764386658261758,2.3587130266375205,0.2319399941091977,-0.0258517961369,-0.025647267865,43567.31239293932,32953.831951425855,2842179.64392
8.391315742048116,39153.11347500356,2.910755929319104,2.5785342306504013,0.24257250567161748,4.570934181081217,0.27249449037304474,-0.00645154405017,-0.00470429173158,48313.06526954161,15797.820576566884,10099257.8151
1.995685632596865,515653.55451678263,2.473148079239079,2.25583319518691,0.20246300336485534,2.6214814237473285,0.21052909765053746,-0.124370886309,-0.116589361063,57588.710275016776,53094.06737679708,24300051.4593
8.618070625610663,521079.2047274211,2.9318488932882163,2.563148448518482,0.18148854760133631,3.6575326774251065,0.4935085834569558,-0.09513557255,-0.080421308619,118988.29094309104,9993.729241566945,40035417.9197
2.147397960987842,283246.7008080079,1.727148471554945,1.8734152871953091,0.3471843092331579,4.516452573921722,0.3684921376214317,-0.0698028161121,-0.0696421712128,27031.01974029797,1410.532379179105,5001553.20227
4.575585615043305,308524.30468637176,2.2161242842205304,1.9866573429525993,0.18981686186822813,5.128916001888493,0.25201915044508005,-0.0665792214969,-0.062486206933,46893.08848971056,28356.111506963298,15983964.5117
8.175658292015981,501483.8217707016,2.4027101009181706,2.001323005890172,0.19857155943942076,4.740180702834478,0.055451871549321054,-0.0892337346924,-0.0828736031973,121459.95736601001,50634.28378804328,21893103.8439
2.349256846138964,443135.6988694771,2.3726049711317803,1.5386136146208242,0.25501066820842383,4.686134116218515,0.28421753647574677,-0.112884868033,-0.110117367259,105249.77860750844,81047.80980439781,16075855.3469
3.0632625570937733,159089.4013302064,2.102192668633565,2.011571809245935,0.24857855338956233,2.59616883670083,0.492767690765728,-0.0360601678954,-0.0353555912226,34405.04031027307,7956.505983506527,5210872.36393
7.500273115537596,10136.013042911074,2.007126614049392,2.70495686027705,0.3614838286162498,3.3845141602863515,0.28537740903787334,-0.00132285870702,-0.00134678992496,4480.194601212017,36070.333334843286,3468287.50016
7.480328828914669,287820.0975201274,1.6902360338256281,2.845947743624608,0.43586084781543855,2.1716490906407766,0.13209200847010116,-0.0529590830403,-0.0529017139553,18726.19220985329,57472.506663560554,4193692.59382
6.770328695967676,515347.3956573848,2.0876136758434174,2.2773274734538913,0.41647237967101236,4.877907572705858,0.05994218619714869,-0.0958070415212,-0.0953839490816,78776.63521548265,33122.92369035578,6824482.92512
7.2455360002039,537500.8060140973,1.7439912226582277,2.1832525428288303,0.24186955915076686,5.8103439252696765,0.2096166911558941,-0.100503606386,-0.0992469062032,77132.1525114851,14795.06166422614,10147381.6846
5.884519990128366,573735.7182456923,2.6015485147383277,1.5462369280490553,0.23585867429509297,3.056441560716303,0.4632026250634731,-0.11903469855,-0.113344372078,170210.18746892826,120272.28870596364,23847560.0394
3.266191530162575,527737.9425676687,1.813246403241885,2.818806506378074,0.48802703553743865,2.3507868366492373,0.4984493486791464,-0.117645082776,-0.117484834291,3680.2218291964527,26744.760635146067,6370933.36718
4.111263941535275,348026.133178859,1.5878479579268008,1.519515320138809,0.15288268455718604,3.9022803070146144,0.4754155886654012,-0.0783094704024,-0.0766222210215,20440.165876714982,10791.596467929765,11093817.7771
2.634379451212831,266763.3595416605,2.3285492067258513,2.9171251203153177,0.4579021865710755,5.426792892510275,0.37823899696441554,-0.0605328230718,-0.0603204085299,21910.49150197917,11734.479561327636,4379736.40409
9.176055052002654,464909.90792045946,2.3928445990791025,2.233824373032136,0.21990498169284173,4.207896781087118,0.3011642277982949,-0.0795442823362,-0.0747583302834,107995.72400801732,24645.742861677416,21313349.9921
6.250526152895084,443892.98061935784,2.8078695919207584,2.01290174036209,0.4815495130814187,2.187108600760453,0.3158087658720134,-0.0868208921328,-0.0860823338581,165974.77290140753,97116.98180194368,7986897.95148
4.607662750872759,322886.0580488726,2.365472418626523,2.88632765226399,0.2698075496896319,5.897088962111784,0.2925464040913824,-0.0662106544621,-0.0641492231864,55530.66485117924,25917.918831132614,10999397.8983
5.1580522327971945,52396.42353508147,2.0182212805851685,1.536586489665145,0.30412312086263826,5.314599639850403,0.3681721872153447,-0.0108109289742,-0.0106152097512,10983.72718274965,7801.22006754521,2189983.60388
9.525550056506338,555648.8080721513,2.704517822289481,2.3721373423036307,0.3974922148805333,2.5263763082060406,0.2384929520129086,-0.0911521861676,-0.0894635932494,224268.44412824174,68886.14285368296,13381373.0679
2.380162628044722,273361.5225009973,2.3104183397811315,2.3233987867490065,0.35568416801564107,5.687191026014036,0.35114180223009445,-0.0672525173351,-0.0666886470539,67052.3163532637,11896.958758736871,6156956.56368
6.276068488151175,218000.2691497586,1.6189204269467876,1.8289806018170731,0.261278765397388,3.8027531544207545,0.10472545173074047,-0.0426702675971,-0.0423785634751,26882.856578365547,57.93115527509897,4132726.75152
5.5529981099601935,377740.437101263,2.34877584046987,2.143331147025316,0.3438408205537382,3.487591962299765,0.16956288795266772,-0.0752384854713,-0.0742699472236,90514.79194572923,45476.838031041865,7821351.95452
6.503088118911831,404302.77670018614,2.8620278181324936,2.4783960089156554,0.40574740952701016,3.844213322108753,0.42620136746388326,-0.0762602757632,-0.0748150746879,161366.55094703872,73016.123500554,10267525.6018
1.1629916543875645,126412.75021818085,2.094468938247331,2.5906967953228914,0.16481723106587223,5.338287827483789,0.456687018834526,-0.0322379392775,-0.0307011199923,15441.562942202427,4184.19909231612,8569867.97942
8.849115180497364,502163.3068859737,1.9444887028497,1.5010752880598697,0.15391975683949644,4.637918713147143,0.2925537069021349,-0.0914183650736,-0.085938218786,78384.28217919331,21117.100544523695,22728905.9447
9.38906454235251,173962.2561974267,1.7152041855270301,2.9052801451365227,0.31032342867551194,2.23699380959891,0.06423602774581959,-0.0285987347238,-0.0286213051394,9278.884995612216,56315.88140399766,7349887.74643
6.086198652302881,112010.35554859003,1.727168282903036,1.7467880585892186,0.19614281623122995,5.830417484464684,0.46713810685629564,-0.0225024543891,-0.0220363236192,14261.402530331135,2506.2091064383626,5409287.89285
7.26985741489203,243839.91171269846,2.1491572265127283,1.8503706513335387,0.38252050201265003,2.591136533913271,0.3659289161122789,-0.0463433148616,-0.0460060805343,61836.49174343871,18662.681045198613,4608159.75707
9.302494430595662,438336.04853847914,2.393519736242294,1.8952101685407723,0.22491835967960194,4.982271806941404,0.23631256568991238,-0.0743331377617,-0.0700830428317,128592.10258224355,49934.23126930857,18681632.6719
7.3651477088205874,579274.9070638821,1.6209231077544026,1.556730204828053,0.3014978873784848,4.544546121712524,0.3192705244397734,-0.111711531541,-0.111281889858,61075.264506575906,20110.868966590544,6751932.32774
2.3728513862283522,485568.75862285995,2.9093528835377485,1.6845781853854873,0.21918482790599414,2.7501121917862434,0.24339867549861477,-0.118118611369,-0.108764543375,64252.84946711845,85100.72677808463,31793752.0238
6.186595241501319,564209.026602115,2.6327004261677938,2.979524884416243,0.34196925501219355,2.6829283044521985,0.2594026520294229,-0.107511614693,-0.105038107179,205101.04448352885,34943.004134900046,14988288.8962
6.460435417445703,84363.48244591607,2.3799358774254937,1.9728251060659292,0.1906187107845991,5.481310374818769,0.44906443954673075,-0.0165459212623,-0.0147641354366,24626.299710237876,66.77041048578478,8545281.35756
4.817176041721474,42706.079318206066,2.7426580064084862,1.672951635508574,0.1580873984756181,3.6787796939983886,0.1224879111127002,-0.00952385985272,-0.00681066337405,20710.000546744584,3086.7720251961923,8247059.35121
7.627998120622506,334622.8571440027,1.62028013521817,1.660486891761935,0.16789607333734402,4.618306056696554,0.09665111096700654,-0.0625570427736,-0.0609594227734,31459.164236771783,6712.572052533094,10763971.3745
9.409303132921133,174178.4898264206,2.2152583165996864,2.579189951504958,0.4839904545303585,4.016284015426693,0.05122793503085709,-0.0275319119307,-0.0274065079816,28669.676010398893,25078.05115296192,3409175.36601
9.330116616160987,496832.98378156376,2.4451396902924953,2.7818529960489613,0.19980017651382753,4.909414068303838,0.191300169025457,-0.0817920015024,-0.0750472847953,129430.29154049336,4026.169516399905,28795151.4625
5.057554342637189,403192.72284139565,2.7429793591774336,1.885428449262705,0.39796738859789227,3.916969500157322,0.11633619491799232,-0.0816115576767,-0.0805903633723,124257.73204830161,72951.48101111034,9080803.51023
2.019142412566797,582436.8983914766,2.6752043400739014,1.5313642685028523,0.17377417147798918,3.1495196610222735,0.14899347281215003,-0.14844067847,-0.134397549666,95013.57673270455,62400.073325569225,47646089.7702
9.863570790661012,152875.41343878253,1.9156038745700994,1.8346350276680337,0.18785612328231374,3.4535334839859857,0.05505754219941962,-0.0252847425384,-0.023945927505,39560.09395175744,7265.134479048195,10475481.4806
8.550082778013408,291470.4686131394,2.9113202543388064,1.584773536195136,0.32810668799326714,5.436310777801371,0.15223793660946644,-0.0494562042608,-0.0474118993658,137018.0778053792,97349.22828879335,12267886.4894
2.1219641308294017,300744.286455212,1.6865187621463056,1.6550924049450622,0.31270482555402024,3.872138771690908,0.1997202118695683,-0.0733278782081,-0.0731482028244,25401.638765877546,1156.1761169450456,7489201.76207
9.28757694355635,143506.0769144257,2.8127004279317283,2.1472621797714635,0.4830531083039543,2.853797328978437,0.0642053733844466,-0.0231709340434,-0.0227744676939,90363.71015505273,33935.98477380275,4641182.21663
8.829067258559155,354056.0396928047,2.9564103744069277,1.8448775562924489,0.48069240855725803,5.738421552309013,0.32355685593371647,-0.0591307198649,-0.0583707030214,157613.4922882066,112025.94052162417,8063363.21221
5.669542514134649,265971.5916475437,1.7657302848339382,2.273918817788135,0.4228630248898627,5.186401825993508,0.3059601569976911,-0.0533358628635,-0.0532428562103,6989.543134895692,11240.972925781343,5663916.12334
6.321478921704363,268032.93359392416,2.583099096305678,1.8802406298857854,0.3607356405445724,2.2226645842247965,0.09366610032946629,-0.0522566700126,-0.0513236859163,92350.86390327725,49258.27071864949,7531901.61905
4.591024334831173,217641.98878349017,1.5604282781669978,2.9108059516544214,0.30923611108755383,5.995771847922072,0.31775439988328047,-0.0453552172741,-0.045266803075,940.6819495029522,3413.629343503557,4290235.51683
1.492854749398282,10157.611455321035,2.1081342377087324,2.8589159518893967,0.27466248701494733,4.779706785760409,0.49939426337399495,-0.00176084556732,-0.0017775414514,1030.0995014284233,14201.678287126733,2078880.22945
4.016775174813109,313257.1421488734,2.274424948796511,2.350209157515699,0.4814806414414444,2.6410663961623477,0.4750110287651933,-0.0676954059829,-0.0674742070808,55100.45578160507,9778.210765962895,3623130.21441
8.225681037382103,201148.70142019866,2.370967838864451,2.0316359879810792,0.36101808399863994,2.9486707251943858,0.05120194701544849,-0.0350738140885,-0.0345066801377,74172.89461657756,19301.857785056523,5812448.28203
1.0416882070414257,791.921390597805,2.9039058723728393,2.0717203230521033,0.35267538469009807,4.769781924966187,0.40792024009866185,0.000187910022538,0.000300835682491,7342.035528256517,1632.657166388761,1006478.78828
4.001492545220298,184766.22459715922,2.508376030941292,2.1177784247167457,0.2311653926191202,5.1190442211164875,0.20912237430641867,-0.0400756025673,-0.0377410361752,38045.22897750208,19703.76520971518,9890402.28938
4.58351824231849,167176.99985385418,2.2219169268288557,2.591368983202416,0.16634423625978956,2.9561437725992246,0.07864311665058235,-0.0345358894442,-0.031915417541,25097.853187869474,3755.5579204894616,12523596.5479
5.836560426441306,236068.89193418148,2.714512554398834,2.177458493278257,0.4808160029158405,3.0278754155970833,0.18319244617229363,-0.045925579976,-0.0455323642032,88825.79974830044,40607.17390932197,4526075.61135
9.278700547714845,79111.19378603817,2.9257992314316135,2.785094919758846,0.2598073405956289,3.2284827794882434,0.19478143234083306,-0.0126233610766,-0.0106097552375,68044.2976530498,22178.929965977626,12617343.4671
4.1171139492936515,304610.29478105064,1.5330992230234362,2.916142178895547,0.30490615816356054,4.3920734593465465,0.2854599076890756,-0.0643095845529,-0.0640531499694,18727.173030450893,8857.893533287246,3960541.94832
4.122578817066049,415464.211510878,2.973781908384058,2.0039192300684006,0.19012398025499738,2.6872647132051077,0.3474876952709846,-0.0935560915655,-0.0833357897402,106058.43374075595,56027.548889283054,25754349.0231
7.637511232987736,378111.3414327435,1.6291982085955206,2.3410417220635202,0.44292351546825215,2.41697279553911,0.3870750254937836,-0.0710110576691,-0.0709227328594,1607.4793384155416,36451.84611675046,3500303.1278
5.069961468008264,482252.96854151436,2.721580168903142,1.6425848052488465,0.1596711414995757,4.715456356342054,0.16065636915347,-0.105998832169,-0.0929253846646,117299.84473013756,66312.76236496521,29222754.9702
3.021443406459838,271204.9727922487,1.9205021288271187,1.8007035716495385,0.4418967667346837,5.11639175917268,0.19479675661182366,-0.0656371670805,-0.0655161046405,31576.36463833546,6322.764370295615,2872626.63845
5.07195564519424,311455.03820383694,1.6982694866308077,2.12019865006524,0.19909975447578837,4.003717617666021,0.18877176808688084,-0.0643068692218,-0.0631581428692,34093.97388141511,6743.929034962767,8500676.38349
2.2677131834181985,486241.16451539,2.159783459570752,1.8093040738526682,0.4602974394209032,3.4553308410735415,0.2132315906543944,-0.11524689313,-0.115007526001,40562.10673931385,41258.75595733393,5955233.72175
2.58748287855601,256620.7024915431,2.46593486917142,2.8148407361830765,0.405420423067655,3.7281708541059055,0.49984533903035244,-0.0575428706395,-0.0570473073235,39114.79189506396,27441.90107250266,4587152.2196
5.4853099546553175,420959.60993975814,2.0714277675352126,1.7374293840886472,0.20763459187755678,3.5536313354878075,0.40007448627234166,-0.0880656425623,-0.085258518373,85358.53178793706,36582.651587481414,14077277.2281
4.770329045540931,260761.42123079512,1.5818481124240484,2.183491232329638,0.34803629750081383,5.839939632950701,0.48874570937091366,-0.0558037224859,-0.0556856482089,9249.678753909846,6588.100710004976,2969619.6263
9.2336131096129,250641.7167069376,2.399191709488075,2.4085488606898133,0.2594297100243268,5.072359620876561,0.36189997679617575,-0.0416950516175,-0.0397809591089,74282.9086887254,256.80707262906014,12307794.5733
4.261545092049698,456123.37471749616,2.853604914166012,2.537795862241267,0.2123815846190542,2.832348859400441,0.23282181574127792,-0.0984182487188,-0.0900596442413,134076.1682389082,43618.42747976097,24479423.9657
6.225295152502391,104902.1492797267,2.0748230489208774,2.07460405458976,0.4507137697938879,3.5367566082159203,0.22538488263213874,-0.0202874080205,-0.0202015565532,17096.79434721914,3086.010345319517,1938243.8336
6.690378591275773,203151.58316494414,1.8244991664462407,2.803648603087093,0.2912329682775303,4.176049165452439,0.26986151523877033,-0.0377725724425,-0.0375419968517,20544.317602405703,29990.292973958825,6221789.60992
1.1178501092950026,134503.36604814106,2.163866018899223,2.352478726616888,0.2894903000278839,4.451943448254754,0.2375914025139968,-0.0355653607874,-0.0352077776021,20209.389744454587,2612.848787923182,4044178.07907
6.971836348150395,215465.96578055827,1.5725440665731714,2.1592616706713277,0.209460336182317,3.8727355841150684,0.4227468107417356,-0.0414487341389,-0.0410120766987,14967.224326504664,12670.583103772326,7376955.89892
2.6023237018277627,138224.8934196144,2.730731376720412,1.600860951078055,0.28407298663002256,5.240506540047837,0.25925090586201177,-0.035256259998,-0.0339557761729,62795.64056182193,43062.332208601845,6867353.60857
9.649632857225097,347643.37865199277,2.73951121642528,2.1970342026677474,0.4550658962150975,5.070424077832927,0.18302646209488072,-0.0544163043535,-0.053679913542,142495.94433615732,57068.903422222145,7489061.53925
2.3379645497780164,478902.4815707071,2.3820006951444426,2.7311037612235953,0.2770950486713726,4.020631674512667,0.3986871209134933,-0.110227387374,-0.107839040627,68199.1090026373,31301.56718671345,13633147.9047
4.731617113543214,471967.83673074114,2.029654333407584,2.421811527331973,0.4830612468749258,5.417717547126921,0.4344891842216276,-0.099071311959,-0.0988340961757,38104.111638730064,44153.70377318186,4383349.66239
1.7681470127077947,218700.57872927547,2.699675046668675,2.7482436805936774,0.48120811472293556,5.004358121769544,0.23919303026320315,-0.0533658676804,-0.0530728731743,55949.16059581106,669.4490656368151,4422242.24332
9.971868266613527,593256.2435365571,2.3320305371825505,2.2410175058989585,0.2007145307575711,5.114327394882573,0.3505138573574894,-0.0981829187365,-0.091396222365,147736.29461659546,23100.23396935515,27820700.4218
5.519755092981184,356312.61882348044,2.7388984628250244,1.6776925576417228,0.2120589387329257,5.8256031177336665,0.07646204024973714,-0.07414539948,-0.0667272123589,84226.12763824499,68579.03015655269,25343475.4245
6.358465155880394,239640.18106697686,2.447188188874531,1.5204597687538217,0.45193592461616117,3.0658677648368107,0.28825918338716,-0.0473034380722,-0.0470277718973,69944.19429563003,50598.82216575652,4346880.36708
1.6036882964958474,501323.5675448553,2.6766082098191957,1.9548293200778868,0.2874663216236517,3.0705926494673967,0.07024151198547862,-0.1219965757,-0.118865807536,85920.45183397709,58855.31849788522,16550076.4156
7.7496442335926,437924.4075855845,2.39784448982664,2.5469857072466886,0.15153089379905327,5.55580902276256,0.06313587822251064,-0.0789277842305,-0.0694728380492,53762.72095419895,8993.844483367162,26090153.8797
2.889150337860272,449565.20209446264,2.1212116023234993,2.6853898559125406,0.24585513689687982,5.088905493542718,0.32581618273523255,-0.102288326901,-0.100417603375,48920.13537660451,12271.906281269572,14650574.9784
9.082488604966423,117683.60984032296,2.9369187898892064,1.943629251930494,0.35917014761844596,5.70618216574251,0.1865009220777442,-0.0189171120321,-0.0178502139807,92302.33287675801,46263.286183507065,7048810.61607
2.8462567643380643,280994.5844211331,2.311670737318267,2.243480881324871,0.4297430880859888,2.2525206412978123,0.3841417231049594,-0.0637726971916,-0.0634901730135,51153.782955899755,15321.646367986266,7394865.88815
2.716189485972999,517096.87849476165,2.4076342778108075,2.1316783566511224,0.19668601598264085,4.511028309046386,0.4532371522846665,-0.122615375158,-0.116002407298,69339.99404764832,34096.45298119654,24441853.7786
1.328947010632854,302422.80457725434,1.830731459122124,2.115784176527142,0.18868947754585735,2.5785133524937898,0.11272602817865782,-0.0738960519611,-0.0723399090269,22917.303521013444,8831.984275182942,8919616.746
5.248602505989993,410071.6460526302,2.4384761841409146,1.8470230698002257,0.47273242875031607,4.0155887931703305,0.37603527736051573,-0.0843384994886,-0.0839850893184,80678.93968752802,52082.419141104794,5910449.029
6.083570199363548,352760.23982055875,2.3574114742244157,1.7045566575441875,0.4129019287379039,2.622987727413777,0.2815339992297545,-0.0706124233767,-0.0701478353874,92194.95889316667,47926.34869895983,6350622.53606
1.5913777548551713,505414.07263102924,1.7772575969205375,1.7950328373468196,0.35642286027232745,2.512314035939517,0.10045366257321449,-0.123731455079,-0.123429359685,30979.507254541106,31957.927446766374,5110053.95214
7.9797485502550956,170736.5038569616,1.5893806460297155,1.582998580745019,0.41921537649857477,2.0486733815281326,0.3432166729163261,-0.0323063286188,-0.0322549269001,13092.456243110355,4158.375847485705,1767979.75169
5.079599512732249,345285.1667318189,2.4065389795721566,1.7971961127353655,0.30009902645732345,4.520955249531617,0.32426006139791275,-0.0716673790575,-0.0703398078443,89008.49497042062,54954.9163677535,9353848.62295
5.7195124239482205,73940.80080588239,2.645538404025481,1.5138013464380693,0.41545951155819427,3.4360904667603442,0.28203884033035215,-0.0148181123735,-0.0145571682042,45348.97322237082,34549.629490376756,3053102.14941
4.966864722444053,414126.4660196807,2.2851020563830122,2.4408876009539675,0.2801310469460875,2.4207531395158868,0.4669120420518461,-0.0863623386344,-0.0845245066092,95766.02918785189,23099.308077147612,11503196.9135
4.606867547877934,439180.70301162725,1.8401589379794685,1.9745631110815243,0.23543310037241083,3.2913511109252394,0.2844858632468074,-0.0939259367144,-0.092590373737,69978.30179941776,23955.80096172997,9556447.5603
6.036762981773961,25702.392713399047,2.4997829650395524,2.959717067140363,0.40515469745253896,2.67577636580634,0.49573180195259564,-0.00431238981736,-0.00423529009692,12811.24030268508,36317.490582488506,3412506.5919
2.3971622133764123,405474.578176791,1.6201585899144033,1.7905755761644468,0.2968853022550439,5.766779326006638,0.27915296623165,-0.110131858719,-0.109821900545,39221.83251498365,2853.154328086124,4997478.32306
2.63735317445744,248814.09249947182,2.1627505572029317,2.018742855464391,0.4934819865141682,3.2800195430453924,0.10213341723561542,-0.0568790376325,-0.0567403821824,28771.400035691244,31697.206126085326,2805519.8473
8.756070589121656,74458.1256658094,1.7450501375976302,2.0367617379622995,0.2723198138078353,3.3358140931575595,0.2617120629837637,-0.0128322481556,-0.01269134736,15127.175125433323,16767.83449697764,4332802.93309
9.515039159202695,251944.52861908058,1.776688576589825,1.5126772440936909,0.472604597185873,5.359432013598342,0.13204794314978208,-0.0424642356931,-0.042397561827,22499.06750661199,5245.216446293807,2131214.13087
4.359783846517777,116539.75781734902,1.8034409237373055,2.7588119295591884,0.4765368919984778,4.591023045144016,0.31871006834784227,-0.0242060594565,-0.0241687682527,1443.988151281078,174.85383300806282,1546403.44714
3.436702058291984,249335.71927398993,2.080060585565967,1.5479916902164872,0.23464853147266113,4.840686429612005,0.3619094788371205,-0.0574270164551,-0.0562206818467,31823.91522809684,21500.744904955245,7912519.87927
6.795995889151142,230603.4167751166,1.5767253084305963,2.9102697520938623,0.4293774135558046,4.544007215955842,0.26079587541819216,-0.0432180601529,-0.0431825770423,24522.460585677374,46668.54155216279,3377705.5854
4.678607539882868,443034.9821616345,2.0966901613936475,2.838111526640431,0.3015760768005978,5.7847851357942615,0.0939663354574167,-0.0898640692716,-0.0883964700587,65644.19159574868,50452.060226380585,8760028.30117
1.2284772009431038,464529.33489981527,2.2675611706720513,2.3032828741289455,0.47113365453062184,2.8280033262321806,0.2608886293625988,-0.112913953681,-0.112662035649,32207.261920106128,30960.79031383852,4804337.21465
2.4053733762957132,364217.192630728,2.2249414274494876,2.315393362366938,0.30754349542233356,5.956156967023183,0.08665439663048019,-0.122901359939,-0.121895370675,84645.98617578515,6687.060358123109,9334705.22039
7.443750059626578,13612.105309468525,2.074176150604561,2.4806668844342346,0.41050630106807817,5.323824710226052,0.3569566799779403,-0.00210701640356,-0.00208241494664,3112.8001946048066,27491.132395149074,2359998.64334
6.930315477191362,558613.3674425964,2.7587199121061285,2.0805750179023303,0.31343859320732925,4.355890355505369,0.40566570118928935,-0.105750716359,-0.102254452389,218831.73331750778,101407.42263082865,18688824.827
1.2438639325313514,411739.9680578686,1.7179900386307563,2.4708334250967834,0.22973026449949965,4.649486497584996,0.48307114725216754,-0.103996362082,-0.103145343129,42679.68518120978,6876.544041142396,9735762.25088
2.997749457396545,20517.2699527133,2.258545115672061,1.5671525830327302,0.2197725451306402,4.595303506002456,0.11696094820780539,-0.00455905820141,-0.00415445411738,15874.554423720065,3227.7814349552696,2563519.82283
3.0796731692926427,491299.73952847073,1.5930621254348314,1.5810714410245899,0.29890091798972096,2.2335848962366156,0.2895891509899869,-0.114084637795,-0.113755600128,42456.08586478647,15912.86308293721,6231303.43485
7.047034692388555,120159.69283079768,1.6067335183168647,2.1858456294293163,0.4144231299549752,2.8720659941277544,0.30539181539093835,-0.0229670565953,-0.0229370350853,2368.7444242235424,20477.94327137551,1984243.88629
1.1773948397892773,347532.7137426641,2.3607987745156445,2.3244334516590524,0.3617750198132684,5.845883538098997,0.4651144402014409,-0.0912035188113,-0.0905605146259,64039.167842691335,20558.296980439172,6583900.03123
1.9369772378611647,279980.62197011226,2.3490276373317314,2.8317264605037282,0.39102025146519015,4.137457715437517,0.3322744882684314,-0.0647731793612,-0.0644068535071,20567.381265369546,11594.265779538926,5222149.57318
8.199244768358703,251903.269413046,2.8170502692666854,1.6569909508618443,0.24881422275617984,3.513414413047648,0.11547934054039449,-0.0453079563965,-0.0415805744626,112260.49846689489,70734.35666998787,15715455.8067
2.6069019584890025,533828.2320746385,2.33681051349011,2.733971890790834,0.3185023710851619,5.0481538535563,0.24635809578343515,-0.122230474846,-0.120799573876,47595.15899221264,26195.75257813986,12753381.772
6.874714970666872,262416.7749375688,2.9396865306072755,1.8150710059381043,0.16553834273926443,4.098075770623238,0.3446431378278127,-0.0533582340315,-0.0441412543114,67386.02972867823,20719.206469480763,22640462.7212
3.1436450294205387,45206.47054389044,1.5730422725998947,2.091125472765048,0.4361363455853422,2.0526510857275904,0.3651279944311838,-0.0101929652869,-0.01018261894,2475.588918071798,8729.590045567447,775900.92676
1.8949725348341064,567983.2363289716,1.6470115271711117,1.9749036522411194,0.49646225678395606,4.944950386860471,0.4383832993657581,-0.144449353539,-0.14436530353,145.67590752886306,19288.496145379686,5995182.27951
3.1885497189950867,552321.1387437765,1.566098792355572,2.1002329092980982,0.2924076719186348,4.928870240211445,0.13122820392997872,-0.127890360174,-0.127588111599,19057.80124790061,7742.21975846454,8388232.96784
7.500402386700932,410659.61374895927,1.77791527550031,1.7257432471088783,0.15383727859604016,2.6605948484398976,0.47819396603997427,-0.0802418370843,-0.0767650365399,44293.10497785833,5869.692099361792,18138592.8693
8.701268212956572,280735.51687921496,2.311905166412517,2.2553551116053323,0.20942742384283158,5.826640353696853,0.07661273540701652,-0.0467828033465,-0.0436893041184,61449.27706285251,12511.886903323893,13904965.5818
8.471978781102925,55715.68376611276,2.468358272141142,2.702463884747051,0.37838440721264655,2.8956325261644573,0.4926929605560059,-0.00917879187259,-0.00895446946188,28757.92124556936,33174.043321097124,4718397.74982
4.5746517665660935,474448.87114648573,1.5683777369230032,2.1623010155683455,0.3642277613713507,3.830997469528797,0.43599519178988383,-0.102048911734,-0.10187870593,15612.481484873313,8411.121287302487,11639992.7572
7.012766229135815,45286.74865441737,2.918956334768399,2.2359203638472986,0.4257526518549404,2.4589438450436587,0.34712275224297706,-0.00812163709853,-0.00773236699072,57362.792038567684,12832.891344816651,3822613.39693
2.844858658742389,41160.59093708739,2.7632480649755715,2.7731513779219714,0.23885940383637383,4.413129277802353,0.3807479751189897,-0.00845911094525,-0.00758642612201,6978.7129337976685,1294.8253134044305,5146476.35824
3.6383295723491194,322430.30546362087,1.9449187232356397,2.5590871719570463,0.41727117044149686,3.50180448022885,0.08271140266345839,-0.069187524701,-0.0689789138402,30280.716053387267,10036.146449091628,4866193.03268
9.067022366690077,96076.94411078414,1.615781295339702,2.2356816127796773,0.3907944075332844,3.412693848838822,0.06866593830250357,-0.0162636482606,-0.0162441723616,5184.98016032417,28422.897281593254,2601805.57166
1.1170173115966242,4638.16040420939,1.754830609828586,1.8865434722837695,0.2629850741998451,5.307907508883789,0.0957946084481145,-0.00111581760776,-0.00109785079048,1119.3292991408769,2836.9451876094354,757929.560899
1.7695767776902127,253868.05859747174,1.6904166206324591,2.82739012026745,0.3409208518199367,2.038246851401913,0.089311916598862,-0.0589708677147,-0.0587276315197,23541.752329523235,14713.70799193692,2519223.28553
2.870976296314246,82330.33896603956,1.6849256689484202,2.365530602535838,0.20154583297441434,5.1917870835696895,0.2963215550612458,-0.0186266465289,-0.0184523244309,2114.1939590008355,3868.728603100109,4715991.86097
1.2387898348643773,96309.24916841474,2.277842532998601,1.8317214151660401,0.3083975762024539,4.285794262992315,0.14694979420030513,-0.0282835642651,-0.0279799594196,21223.50928049521,8754.600142466394,2866570.35714
2.632918915808176,46146.3832412008,1.8687711637401003,1.9036796289570155,0.45841906884447425,5.944394053920796,0.4370925367430269,-0.0116013194828,-0.0115787934161,5705.743672263671,2993.9834001595004,706747.654399
6.247374048727229,123056.25223416596,2.0372095747937164,2.7046996334043687,0.29741698293888674,4.357772882416996,0.2505868803806325,-0.0228845106358,-0.0226257141471,22855.44625461669,22191.4585158949,5123304.49098
4.792820955332481,429290.50786463363,2.984258000076484,1.5662183431311831,0.44384834726639766,2.2215165365918317,0.36297971440622373,-0.0907921540411,-0.0897929443535,148658.00810336316,147542.4176386548,10437488.1516
9.034045399692774,485356.38433067483,2.5264713733880173,2.98813828054323,0.356588677840893,2.2025813057749053,0.3437928918365719,-0.0809833080973,-0.0794110617506,163082.17779946327,10658.528822706134,13969575.1456
8.356992055645968,271520.18641758035,2.923471000570502,1.6955275195721877,0.21715684958582487,5.532611945487328,0.19393386751836955,-0.048570501809,-0.0426537541081,84470.96945744549,66294.68590979533,18433911.043
4.076356165280884,303932.2895288506,1.7138348325496735,2.694102788095406,0.35338718564426375,5.3648565820442125,0.15942540808657807,-0.064503493129,-0.0642962494995,13320.358038824239,12454.388318411511,3590337.95152
3.3348109008816325,19593.02075652156,2.073209212248854,2.0921629751575246,0.3270941652049722,3.383560302328093,0.20410532838348583,-0.00386150851902,-0.00378268893919,4091.290635891073,322.5111436931563,1492805.44763
4.417231673505402,41589.756822790114,2.332097704923531,2.2383242749312,0.2895244673187344,4.472129936724549,0.40849626823242685,-0.00824477760847,-0.00792146005007,10696.554640454744,1647.7171071543705,3179277.27782
6.31265448263327,154540.63538971014,1.615137092833107,2.820975866196867,0.1918706538306246,3.9583654282224012,0.3138245817888283,-0.0292901577922,-0.0290187385141,12713.99774226088,24412.862237575308,9245490.13899
3.4125727674058863,326339.0524278885,1.5062811654419368,2.11936678438382,0.29584803234653045,5.868656220544208,0.16409239813362891,-0.0799504390161,-0.0797692412149,17760.89932504843,18219.20103882619,5089315.12027
6.617340170642207,443730.6892409958,2.505651500695376,2.3062406305098517,0.17546683168386948,5.799843603507567,0.41803089937719357,-0.0874909437566,-0.0794751287138,94320.38448211791,21041.13198187299,25028731.9497
4.684704869721164,363001.83680281986,2.462729275202153,1.573949493613755,0.18456916798956294,5.935356034163098,0.07464172374963804,-0.0808246261872,-0.0741032318595,62893.187468554934,38893.85267424801,25558120.1766
5.968424627667822,235276.71299207295,2.1161832149994177,1.5035212108011797,0.2955707865264506,5.465795122537057,0.3646325187456329,-0.047578320249,-0.0469851298321,51877.36433939143,29420.727689359323,6118348.83851
4.92513876221785,70994.44380188291,2.234466114048049,1.8671998095025888,0.2568835186889623,5.638206363100405,0.2475953625871899,-0.014531236679,-0.0139325453194,16237.240189462893,8547.238363937195,4002113.27726
3.650191835877259,468463.9409323136,2.1231645008881346,2.520874639378151,0.4739405140517782,2.8691151150685457,0.3790806737296497,-0.102407599664,-0.102164878185,43983.36328746465,3005.1334244064838,11991955.2321
9.53607976265941,218271.63095943426,1.5360075672673332,1.681897340038705,0.28149703188309466,5.324027155959098,0.46735757610954204,-0.0379147873829,-0.0377214169418,25050.104199848993,5945.229133554224,4178456.77451
7.872452147437848,441632.40868967376,2.0030574093261935,1.6706429382068242,0.415250342725235,4.835428452817099,0.38751534407610677,-0.0818343022577,-0.081556378203,69401.84907807218,28777.402311826107,4934094.41413
2.261018581898073,307787.3051486051,1.7656233830959347,2.116440912053855,0.3355866342281849,5.851146035312281,0.24888440989012206,-0.0839784797423,-0.0837556128087,26853.66317487072,5710.007784748391,4053286.00665
8.816211783081215,443197.2321370951,1.647636283652053,2.47175555791234,0.3964299840248174,4.285047313770478,0.11793905668124634,-0.0764882086441,-0.0763532623712,7056.137127190304,35267.1088325759,4919706.75408
5.386880784245623,544373.7368715431,2.9350806508340246,2.568107988371896,0.2410405940553897,2.3406686668422254,0.41285793911244517,-0.112251624051,-0.103670658011,201810.64235517534,61540.889594274304,26890984.8038
9.050970042046822,552617.7096322812,2.3990395875632484,1.7676760111475622,0.4796667404934152,4.389595564748612,0.2573174871146172,-0.0940840379071,-0.0936428093033,127894.45346091116,65116.689083494646,7135845.24497
8.198697303525837,321064.068000362,2.592984426354904,1.6193822210580637,0.3355309739200484,4.746323712085151,0.0838905455557084,-0.0555861307559,-0.0542874493322,101106.22285689745,83302.76406182199,10140545.9056
4.8269215402231005,306905.01885938324,1.9730456148991762,2.910595550918316,0.4409634249498373,2.8812841148497133,0.3735749289995897,-0.0629580770076,-0.0627921417176,19180.068360471556,25209.587940396017,3855463.46924
1.2022237748810567,159407.07930170235,2.0897206942410227,1.8909995738431526,0.2777659927166397,3.5764535340509136,0.18133338466246535,-0.0416554770598,-0.0412182380096,25824.163625087942,6014.729164446944,4288796.43294
3.4180962344645147,561479.8989175748,1.8553859908450852,2.780019746413086,0.18507397216768356,4.39401365620672,0.07199970327733336,-0.124167597395,-0.11917224373,68318.40718243989,42620.662117613356,22159947.5107
5.874707931947802,274751.5003197725,1.6454485064481372,2.7952371756942274,0.3857990767022971,3.496422949266022,0.45623795673833495,-0.0545778963873,-0.0544938749558,3802.3191277383935,33872.94457349547,4085141.74937
6.701303978435325,76554.74357242629,1.7685474561623757,2.658783887643817,0.15271587691809857,3.4997908689546557,0.26739549144225955,-0.013948501656,-0.0133625420071,9742.715361702649,13828.783786263017,11264032.876
3.3209891688988207,259622.94877592995,2.696271067944729,1.753250409978855,0.3163525417979279,2.5323465566911896,0.1764324739278597,-0.0581584482617,-0.0568716371135,73145.50917976478,58210.91032496313,8706875.85219
2.254204666655417,76231.95014280238,2.516318707775664,2.7327021888813006,0.2174806659332607,5.762986892310664,0.3723739510482102,-0.0178304465424,-0.0167314064984,26864.92109587719,9002.285524934281,6501276.01212
8.514372131193692,301519.01055424503,2.320393313978215,2.6538758388623798,0.36958142655237675,5.001977537980386,0.4486560699571537,-0.0516562912634,-0.0510237991141,74947.98970168307,7627.384971596606,7509398.82845
9.85961962633197,336765.3089137273,2.212634809300152,2.395084485159326,0.4927969555982482,2.004973755464408,0.05013818376518997,-0.0549734283975,-0.0547542658662,60187.61351136645,13670.692713917759,4746434.84255
5.731211640724172,202653.45689615118,2.883651425484187,2.0058030527534294,0.31254101721222605,5.062453136088661,0.35953348326896917,-0.0400635336476,-0.0383785180857,79374.48034933649,51346.65630516782,8940856.04372
2.5451135726347314,42990.3685388908,1.6091024216680025,1.8937629063998163,0.43612438978398327,4.9591799706314355,0.3951552623082896,-0.0105837377548,-0.0105717765086,762.4505633396096,4972.230985953322,619159.929928
3.4507659386743206,566102.1213799434,1.920901219856874,1.6828338181205384,0.32772446543289235,2.038923840622092,0.14446734227577185,-0.128469901849,-0.127855987627,70729.55891373185,44053.564115925714,7500482.54459
1.1655160889272005,464011.86809005775,2.024906780356071,2.264635600351307,0.3235440108864084,3.4784171904550583,0.2703307241345785,-0.11373392343,-0.113399078398,43451.699150652195,18879.732755665013,15411122.773
9.228689259044492,503328.6483030726,2.673638718319182,2.3778913132647697,0.4756482226125722,4.426990761302123,0.09017865451307111,-0.0803227787002,-0.07955321178,151501.9907987153,60316.41260829416,8395420.6636
2.05975974601127,220121.03657173764,2.988771930242957,2.0390084857736808,0.4614880540613385,3.8110026074321435,0.3860374471319064,-0.0515265295885,-0.0510338484392,46766.3664470023,44373.21063429356,4674084.56851
6.188648279628282,456498.6180116703,1.8610057721357296,2.213038601521303,0.425030162815791,5.111944474882029,0.4313552083535086,-0.0904796782978,-0.0902679194767,35740.6483762143,965.4699506695451,5495414.74427
3.466496986184854,291223.73710151657,2.811461001205621,2.0452716860539,0.25368951366087444,3.701833330537736,0.09868399579609727,-0.06477187102,-0.0605638444379,75949.41716692866,54998.88898701537,16116699.9184
5.9876020226421405,120650.09304362757,2.745934140647687,2.461509085981052,0.3407529455033792,2.615451877815348,0.4174071140447756,-0.0232286875144,-0.0223912619215,67369.7695922955,6946.815634211086,6256717.82235
6.862783495166778,74654.02614432797,1.8369860964626499,2.851888811694845,0.22836403165698974,5.905662497095314,0.3972065767180401,-0.0132014132377,-0.0131250638067,4862.375044183149,30822.42075565898,7076289.40867
8.467676233364815,207030.52159323412,2.098998870298834,1.7458803930704172,0.3053708443162889,2.9681599711041864,0.20611099416690376,-0.0369233029624,-0.0363315746826,43156.8891870187,17216.876496890112,6269143.69555
2.8577914458454288,82531.26688508381,2.1145093039387786,2.072113214854685,0.3194745730159267,4.870769242165329,0.36063028847011247,-0.0188784972134,-0.0186872826749,7441.5380468589165,4307.756267838101,2397307.72215
1.0989624579263242,598961.3857224411,2.9673310027898374,1.711302905926292,0.44107401405926583,2.572625246656288,0.05002165575244029,-0.148642171724,-0.147431554457,82600.95352598719,110777.00333584705,11727614.3775
2.2319706706192655,29513.394139213233,1.7713378520683474,2.437415655611748,0.46360992786374755,3.3160504551357306,0.46930894450969934,-0.00680952054042,-0.00680165976727,2096.2564875692215,2229.409859579792,705177.099567
9.100167776632945,264686.1596214459,2.6987369566571733,2.593305764232894,0.2951170218387672,3.768110433721695,0.2976724558887678,-0.0437188063732,-0.0414749900112,103900.34745542728,8383.487178481731,13279806.5277
8.865010698062637,271256.1134342305,2.0012890712596647,2.8978690988961837,0.15619655577563302,2.7689280181082556,0.32915248882789977,-0.0471071530072,-0.0438830711231,36475.829269097616,20679.245349933997,24531202.814
6.376717919532775,180379.15714900533,2.5963055186642405,1.9183078893914474,0.4516208439262741,3.799838305474438,0.3490967360925944,-0.0347649163344,-0.0344344032651,63564.1239772059,35751.21802149616,4126655.20983
6.40465174390288,342810.9394241672,2.130016506443494,2.9253168087981454,0.21099753747547623,2.628651291967,0.30261605774826505,-0.065931950382,-0.063478035269,75090.85080659407,19241.259238969415,17333462.2284
6.9853300709163,89986.21449092681,2.3675396446748103,1.5948940077310123,0.3676586873616377,4.236026155943561,0.43554374939275836,-0.01716901606,-0.0168605825998,45060.7034476271,21415.754248047386,3529684.43728
2.5783415076110465,470347.4283523402,2.7489176599891967,2.4045207950468823,0.1587398151519459,4.654853010080776,0.3243658244681948,-0.116112352725,-0.101136202591,70174.5785995798,19835.715907203296,39887124.21
9.229707513324637,199468.63094858298,2.7062483474758263,1.585699079014995,0.2898272663411975,2.249737136112043,0.45849199605821267,-0.0350126943107,-0.0330107068632,106980.13119962135,56620.46097296046,11788561.1215
4.768934724028658,354805.55387918506,2.79963477530955,2.8406612816429173,0.4950861057403724,5.484528484328672,0.312049230005304,-0.0707942435657,-0.070110970609,86232.95271021932,70678.53471877234,5809302.08847
4.448246754245477,429383.5416401756,1.5894259880169885,2.294713585605081,0.18524276038633108,2.740563540168142,0.12700508989125497,-0.0917276033267,-0.0902053935497,50590.080703777516,4492.918216288854,10982349.6922
5.670259347545538,533425.2706140967,2.5380758295596175,2.504022526144194,0.29829260319987483,2.901449701281295,0.4611031501276863,-0.107165346612,-0.104214742797,179053.63897731088,54397.685355452755,16221796.7592
1.4226937009754954,501472.4618713201,1.7099810650826444,2.747360888865679,0.2575024825664832,4.645399360332252,0.3567323742618995,-0.124865691071,-0.124220380356,33590.07713428347,27872.15109087188,10997063.9584
2.4965503188047147,364985.41686213575,2.1237278520276166,1.7254659337259532,0.4667808431858925,3.8750042417376562,0.36465754749600027,-0.0863155722781,-0.0861565192256,24632.45289431009,30765.840880539454,3809052.76516
7.642302547837334,233035.90823033216,2.322882622582033,1.5578873429072009,0.4542690377675743,3.9975823966842627,0.49346678775722075,-0.0436885293598,-0.0434569835227,64620.00893075017,37294.64731018589,3913597.81176
1.7451880113261382,301922.80204497837,2.1041092271202464,2.818321718869278,0.2331945661071801,2.5126199382525307,0.08383844939431062,-0.0702059590114,-0.0681414075669,44580.74213810583,25271.55470580235,9020259.50581
6.428368985197494,461240.87602728157,2.2794175137045114,1.9723998411883987,0.1784157254676509,5.2229432875056325,0.24286667319282712,-0.0910677005964,-0.0850859739947,68557.76764062229,37788.41088170653,20261812.1741
3.2081419871318886,526527.3255356838,2.994789463197929,1.6934683618907478,0.3694984379213911,4.46821698441684,0.15759292684397685,-0.119042577004,-0.116716008242,118964.2578003186,113597.99810958163,16756967.8597
4.503660526377789,62269.15690600312,1.702825970569282,2.20269185563063,0.2677290491592984,2.541528173237824,0.3336919091211457,-0.0128585005111,-0.0127766743429,7582.78632510204,13405.641965882527,2824135.53282
3.598243630936299,230913.7574958321,2.5131840680046382,2.397459113544028,0.385229536712122,3.495997468102384,0.4130652576866323,-0.0500735203402,-0.049588034182,62246.78466463535,13462.765809502402,11429197.2669
4.201054448184542,465669.95904810034,2.094001449578423,1.5464559051337652,0.16124191462373505,5.24163973094012,0.4848398190015857,-0.106358309263,-0.100329040841,48688.06846422615,29312.386476982778,24055708.7239
7.471413146658209,258991.0575563766,1.6995146983609932,1.9123434873856315,0.19668973231212128,4.273420183946483,0.25456824812962403,-0.048637692245,-0.0476298428134,40044.33060413717,2696.6622136560195,9177537.92626
3.6740954406085753,199336.6584397703,1.7381051450614642,1.549199811415344,0.39023028147042516,2.434595116531722,0.4037982037891719,-0.0450893803017,-0.0450054526594,19725.853233849335,6140.354536190425,2136160.26934
6.097641762672074,246793.61809396176,2.9239096593684253,2.1305030837932484,0.2243297293558742,3.491108183157147,0.4626732164181708,-0.0498677560123,-0.0447885557522,78236.79961854417,28645.766496549913,16733171.6433
5.284453619791897,361706.8480718105,2.819402245067643,2.8426500435993667,0.45015568651684057,2.9707775938229384,0.3574964446411481,-0.0712643715336,-0.0703891849382,141696.19478680825,38109.892170079394,7489685.96565
6.973040488263833,599883.0864802809,2.8605629406225326,2.9739786172403537,0.1705068106985474,4.069862214614906,0.15922964860239705,-0.114069889128,-0.097406537454,133105.90362895673,8359.306810478198,42576747.5878
9.431467653922821,295795.45746271906,2.9872991637410795,2.455571330255441,0.22541869397495112,5.373444515487958,0.3235343679985061,-0.0493066378993,-0.0425542444848,103132.86217122606,17695.713673775754,22796280.6121
7.593148874892252,125096.68497255632,1.812473085012777,1.7424565406768877,0.499496086969774,3.7450685392176792,0.48647842151773396,-0.0237411470728,-0.0237000381838,12823.39627939612,3411.015242690765,1376554.86784
2.934463407316811,97707.94516745684,2.033159006046093,2.8587740849989585,0.3015766359053774,3.7333681214732923,0.49439922298770445,-0.0212088714928,-0.0210059948138,8653.431481168858,383.82315882861,3457405.53806
1.2806482155515622,25409.848485848575,2.5038285448873,2.2743717348000905,0.3960379822406252,5.621403609308148,0.33906192067255014,-0.00655575710505,-0.00647757624437,10538.387676731027,746.2490722886068,1122973.98601
3.360376398698426,335290.3409509929,2.225703809790971,1.7306239681543771,0.21393206709995477,4.30474165002909,0.4491444910423952,-0.0771529041311,-0.0743912229262,45370.39212864373,30072.351833839464,12443878.0968
6.355701376302293,326743.25489330053,2.1275843000675003,2.882590004177492,0.3634540572449382,4.264764349589628,0.14015721373187126,-0.0605385508177,-0.0600512103275,61196.36351272974,4640.539818051812,6020125.26318
1.462832321358253,123140.3560681855,2.03671687400339,2.6362035760846547,0.40413712392929646,3.0476395675015575,0.16073537222849754,-0.0289007608992,-0.0288218758999,4810.852045390043,1968.010221648198,1885066.99882
5.467296224811127,417197.6438715402,2.3906709479151784,2.5975579090847276,0.2600668225532787,4.430890991348505,0.47879942579818685,-0.0840785694879,-0.0813848216742,95506.2870980202,21124.161766155627,14002744.8563
6.371585640252003,444664.2249778085,2.3633901429601227,2.563771055691607,0.4401139891915572,4.303641869669585,0.11085591897266356,-0.0827638080866,-0.0822280911202,89636.08221305326,33932.659339367085,6950929.6837
4.008195017352648,155458.92322926674,1.74218675109636,1.8005097316446634,0.3611961524652991,3.587405881367456,0.13599789714206553,-0.0336091293865,-0.0335238888454,11618.311563034646,1092.5923237292684,3543073.23899
7.938209833712397,206459.85841784193,2.207609756277659,1.816510037561289,0.2861930533652606,5.962782263596722,0.2392468696040233,-0.0368002627337,-0.0359466284926,62086.32525324472,23663.46111620417,6623521.80583
1.9593842782039461,594283.003408354,2.330207664314775,2.5324394976408824,0.3451748376701055,5.527563859792346,0.3153129294890077,-0.150768354916,-0.149428904677,137281.85864385855,21340.54850531658,12998728.5661
1.6762400356222789,224558.68071044053,2.3554304080970856,1.8295841251655953,0.3518662966025735,4.998345160307262,0.32171774853572227,-0.0592692441834,-0.0587906807435,50740.57606511703,27035.553092151004,4743294.54504
7.55369880583243,456481.0030536611,1.8151607893685278,2.1580075452045735,0.2079373524428531,4.149382353652002,0.18138920389950397,-0.0845893489436,-0.0827196270403,74008.65438959359,3495.4157684225734,13634787.368
5.459421845855786,271635.25597796397,2.6134070883784304,2.6730027383909123,0.29095632945343813,3.848239207578521,0.4642762540776567,-0.0539923316679,-0.052079147086,99599.51756752741,16441.502941928662,10581980.1651
7.195621567849624,476006.89671658556,1.5377986422316043,2.6759287771467615,0.2702007058068226,2.7395895808927975,0.46179495842353824,-0.0904880127888,-0.0901574918114,20587.30339656436,42545.58438679759,10121899.4812
4.913446047433716,461413.94326958875,2.032247783314744,2.1798926587887895,0.2903159529026941,3.222949896058495,0.2264306238735676,-0.0959959322938,-0.0948723205476,79539.95394631117,27157.68812744475,8655331.95552
3.2176182991519613,400653.6151191214,2.67031897280345,2.688284907412868,0.41638870596984023,5.09584319929284,0.2454312962436337,-0.0875574571034,-0.086703574627,67987.30867779121,40983.35367839049,7974377.88177
8.371920859067798,512867.0077773476,2.3458393815831036,2.757932694297085,0.3188884426133354,3.8149958157502057,0.3661237025707603,-0.0889166595171,-0.0871908063769,147719.78196303415,4727.304444256711,13760205.6348
8.194742910720812,563531.0969266111,1.8917436487662904,2.4821636269263903,0.4791106536337425,5.5290780662780055,0.34834815337950537,-0.100195400452,-0.0999968147433,29744.08290255265,22744.33822300131,5975922.28445
7.252268237689841,347989.99227125035,2.5424296790145715,1.8426387784626304,0.25278674467545265,2.591644545382115,0.22203365673243308,-0.0662705317871,-0.0630884688515,122802.48235148442,58036.87928258427,15431445.1836
3.449306235069664,142481.34433364743,2.35108641623411,1.9110176705783213,0.2954962523997251,4.033388384054546,0.23640991318445154,-0.0313897774712,-0.0306753495459,27505.50874435002,20833.05282875209,4612276.892
6.312076001821784,239177.37698644502,2.6943654141845808,1.9722617331131032,0.42543488366766447,4.587862736085235,0.20661752453969257,-0.0452596668984,-0.0447034897995,80379.21978536175,46975.460311634226,5497145.2369
4.248765072460241,454983.4281079759,2.6025377792847353,1.675206161600928,0.3411086076622626,4.067393825231704,0.15592325312898855,-0.097737717087,-0.0963476829652,120786.3137389897,81859.53392884605,11030532.8942
1.8242386599397074,390530.0910743217,2.4151618830543518,1.9097394305549176,0.3414598512485567,5.556907566339948,0.25616226331586284,-0.108707879056,-0.107700843363,103755.59910641087,49111.54637366091,8538271.1646
9.255822179160186,106679.00313914924,2.232266512966221,1.814278836468798,0.16866905705181423,5.958253127316559,0.3588953593561432,-0.0187238341841,-0.0161921039402,28230.417175131643,1156.3653825636159,11868316.9989
2.2313676782706526,30743.724687854825,1.6997731885012852,2.1829931247129033,0.28950988195145955,2.463338633365479,0.3838850173914318,-0.00675112525054,-0.00671671787179,1240.2453552357258,1679.7965512268413,1345876.8491
9.552136184387223,409776.9561252389,1.8919995268280756,2.862656321808397,0.24475680634760635,2.519819616307684,0.4004931417151832,-0.0682560249063,-0.0672247461491,64108.24912307152,48327.256379728824,15814073.4811
5.014051956621602,150647.41441760722,2.128649209375628,1.6567204751309372,0.4997672929908904,2.5212964542404843,0.21862940605390468,-0.031663272289,-0.0315886105431,27310.229887733298,12093.064523359608,1846562.541
2.666196359547577,299802.1462374321,2.398948930509583,2.580401885921093,0.2579242747213086,4.72470838428211,0.39408619742823814,-0.0685154422936,-0.0666535197579,44056.6531602573,15880.728324723153,11511659.6609
5.877108526405223,448048.06350755657,2.2705617828229574,2.5309245066196917,0.45957378717785224,3.4907043819833516,0.052932342061343875,-0.0864322500578,-0.0860404718319,75590.84132734341,24347.229515397117,5407724.23705
8.856512522887675,337600.0683937999,1.9322767889392942,1.6436312979950365,0.3866818072641671,4.933258645063624,0.264672471972597,-0.059126817149,-0.0588747227611,55755.21736785885,19877.994139562175,4486528.04391
7.590023977686051,49981.54986707783,1.5096965366845658,2.8838586073587003,0.26932074321723165,3.621885891547915,0.40725698005971084,-0.00858902414592,-0.0087611432193,22688.654247858194,48254.312712182254,6341697.36512
8.259050330753048,111348.14207013324,2.244358832851221,2.3527083032352296,0.3402370324309433,4.510426885328254,0.333520124288609,-0.019152278522,-0.0188168475028,40481.23063895149,11599.74199900897,4826481.11409
6.929050300396456,131596.91041855147,1.9284389828433646,2.0455882817035262,0.44418755798221776,5.079432022715574,0.2633284058695285,-0.024706109421,-0.0246313166334,17240.93548161476,6179.157281474363,1953075.64056
7.230489080660672,154718.55218690692,2.6019124510658025,2.6348078752429602,0.4591789043108191,4.192863642619683,0.34008890297285715,-0.0275774337945,-0.0272756273651,61095.209831038315,3294.169247392896,4274183.3307
8.642760864087872,339242.03517030255,1.5359193979057253,1.886048187602451,0.2061378562521508,4.158014361800024,0.45812570141689873,-0.0615659698451,-0.0608510539971,39308.22404991169,7603.36782321199,9426030.39161
3.2470120797326736,302379.4678952361,2.3772417169586864,2.5402647555694804,0.2688505994228594,2.352937301142538,0.3048718102745933,-0.0668358710372,-0.0651646868482,76713.2423114092,19456.74936622269,9924640.89828
5.404824672788264,121896.02301852536,2.912211356259098,1.559566811358371,0.2673281130747501,3.6431269716377392,0.4099037861570478,-0.0253444590778,-0.0234631695818,55658.28818470204,47752.85764342294,8812151.87144
2.99088497637642,40532.90607341225,1.7616139006672493,2.759112056413908,0.16471567862658062,4.18310861289975,0.4913342263513389,-0.00831146916452,-0.00812922740193,1816.6521645809078,4097.192088708663,5564848.24353
9.889012071969823,102859.32268483084,2.207474236125893,2.1722562705319777,0.3593832159481638,3.84792330266564,0.36750569093400504,-0.0165751397148,-0.0162894174776,41984.6249329236,9977.898750143533,4584102.82499
9.49653405717952,590628.787571162,1.6371329877257073,2.4550393715369125,0.4491870185472657,5.603128000753702,0.3079965937500786,-0.0995886813525,-0.0994489649586,3097.514629942991,42177.59491626318,5899862.31317
1.354841302316553,281128.1698748834,2.438522868392029,1.8318567297100254,0.2835510357389312,5.626122528477957,0.06686867620640312,-0.137440306731,-0.136032668755,81345.44216035033,38448.85810655538,8990344.6682
7.350176552641196,520407.30282126745,2.3257975208943384,2.5156105689876718,0.4090125807444619,5.287669522355047,0.2185150542145644,-0.0932344198225,-0.092489208297,122473.36056989752,34562.94618874259,7797385.50819
9.327234856740992,509251.480001306,2.1110482863192486,2.658360413839915,0.36969514476025894,3.50119230149248,0.30444923008180325,-0.0847765478326,-0.0841279366475,95456.71666000008,18958.09866492058,9429948.92553
2.6251781061460018,306911.73447772424,2.282065532210612,2.209819780326598,0.28147705742255025,4.869196606750137,0.4087429572677146,-0.0710324045854,-0.0700208193499,64885.99837099335,5932.43201857803,14130579.569
6.111507074973665,424012.62507632613,2.8448619877035153,2.426590386092691,0.19937092982230398,3.581153844278439,0.24714715534140935,-0.0847504633794,-0.0755727094521,123830.31873253161,33913.82339650406,24964320.097
9.239394678292376,115651.20624762737,1.7944414534666007,2.1844888857335976,0.3982633484715885,2.930374395903036,0.482026224094148,-0.019898435228,-0.019833612662,8581.530861554858,23372.158062087463,2846912.52811
1.3055138072721895,413038.022956145,1.5338467675580207,2.841137053886768,0.4490978091294341,3.3716105742035265,0.1723071886806537,-0.0998052827044,-0.0997547761045,20000.89914441423,4263.040479775375,4710296.32254
7.276782405221559,163430.74755797372,2.7924973270486513,2.2468037707714785,0.3900490723405221,2.283858533142142,0.3850552378446424,-0.0300717448348,-0.0292919705465,94334.96324763379,28760.664554610674,6413382.4508
3.676141066352957,499237.2580524905,2.3656756235818595,2.762713063543228,0.15625746941218632,3.327110036018589,0.2385641376878574,-0.110641778521,-0.101660273435,52584.846767070085,9689.372533849344,26799853.2702
9.319565758388773,50234.47986534595,2.8359876831927635,2.702028087405373,0.22568151303684691,3.8429688690446864,0.26869482255465765,-0.00808504444223,-0.00600111004523,49845.42670871887,28673.394225297525,13217563.0548
9.73952420648831,463883.2037311665,2.395417835119759,2.115757232022535,0.17431799470923615,5.82192357912332,0.41112591523944814,-0.0791497649707,-0.0711643729215,108353.56341223155,15965.791420508469,29495156.3502
9.498398402020905,59962.14394117172,2.7152416349395536,1.8451267377862126,0.34963513485167935,3.2536423448784997,0.18329686774326748,-0.00977596071583,-0.00907071648822,67210.62411580599,26297.806675926793,5560863.14199
5.267927949917174,528713.5421365853,2.144510045032722,2.1091231988396566,0.4147671875941443,5.6098141568220825,0.0935654254678144,-0.106604801432,-0.10601559799,82153.6714647094,67606.52846010009,6402037.41697
8.758383858903821,182522.71088100222,2.6247898969324033,2.7393260636628303,0.18870271547403078,2.915433103293988,0.2841150130760422,-0.0318513496699,-0.0275046793252,67809.99907478495,18916.602177456898,20209494.8879
8.600944586815633,392636.01889834483,2.869562200334784,1.8414488037290886,0.4434182372076848,2.7638755910369976,0.287957575311687,-0.0682693845391,-0.0672600939391,139975.5486492434,115984.8571292149,9819080.89742
3.871904259189301,292501.3671721679,2.3581844455833094,2.286654518786624,0.3444281424384191,4.075981825728659,0.4087254975014182,-0.0631619717732,-0.0623210104519,51796.45615559564,32151.432668479425,5862991.59356
8.460239267356096,219781.8871574034,1.7711777258435693,2.709145121941121,0.39148915424960373,4.690045477189624,0.4857436428044458,-0.0385326674303,-0.0384583220444,1030.4584958447606,46123.966756468864,4381011.84778
1.3330687124394336,387265.0999100979,1.9031964225452973,2.0302162126925682,0.4899906470130262,2.1773290032091257,0.07488530884775678,-0.0947252796559,-0.0946108698621,22219.323215472617,32099.440507136587,3552938.66188
6.366428906338477,568513.7883307427,1.7979668653461087,2.463314455504046,0.17928834588669407,2.884263460188867,0.316260263184399,-0.112724798177,-0.1095035504,83502.33680104926,6672.280037997724,20568026.2521
3.0700795355893273,24761.848424773114,1.8702855413935993,1.8684473610732217,0.4654284080422262,3.8227346660052657,0.35657533864165997,-0.00564138510632,-0.00562351114895,2067.826594590227,1535.739229069752,586703.124638
2.0851019719955093,551311.7135298626,1.9596231740265546,1.6639191680522398,0.19413594359559325,3.324017343932726,0.49361060783683475,-0.134667539436,-0.131386643834,29906.86027149462,31682.049056736098,17297111.3071
1.6925788146628824,365448.9930126081,2.3327006801297827,2.6915763376392845,0.28753558232283877,4.8504843173932874,0.4741655964246102,-0.0880759146867,-0.0866293016478,86664.34840517961,4470.462721414291,10509672.0044
7.266598982903258,484388.5804614314,2.381987444195749,1.6484529351130601,0.44800354371589,4.044642384165267,0.3706028441203899,-0.0915339488331,-0.0910737531426,102585.47908112756,72216.35118112953,6968832.0271
4.058874673912595,230324.97206056654,2.1397496208627915,1.907072092619377,0.46718898285825383,2.641436422415601,0.28480523506000965,-0.0501024339835,-0.0499703410751,36111.93693818181,12298.049340143778,2506060.10376
7.522900943758853,283105.7849025682,2.423131169731253,2.7826641329961603,0.3272300857408008,5.577861517260362,0.12268576503466758,-0.0483377453189,-0.0472698840298,75642.86225433678,9751.798907343693,8182241.83776
1.5882070671904813,521310.4510806984,1.6223623884170488,2.0197039306180007,0.35793662339639876,3.171622701933438,0.22287944984198782,-0.127702919216,-0.127539376197,13716.510465721416,12205.798322267758,5285666.20464
3.837613040475493,248908.78188589384,1.63168235558724,2.959568024271242,0.397851567109495,4.924524435857694,0.3133050462757194,-0.0533314732349,-0.0532303277035,3762.8356669417803,6834.975082369686,2754997.18862
5.855421631378035,320795.740049451,1.7577441905364877,2.9696015021607893,0.4414655339584499,5.1196631164216395,0.3763401784680892,-0.0627382575673,-0.062639047964,11190.49778796319,32497.477229591084,5440956.40576
8.116508483550671,12116.953850599743,2.2771162470605173,1.902414030680335,0.19252890933818315,5.852630801024409,0.33592980086560054,-0.00202041897459,-0.00102952070884,13286.190569468787,8815.831714906526,6892987.2975
3.8687725263886295,95158.80350282538,1.8209920180474704,1.5614673333748357,0.43352425788022964,3.9940298660964055,0.37135526082248355,-0.0211774128997,-0.0211335957285,6960.827782188292,8215.757287639275,1127126.56161
6.633022387933082,385011.9047848799,1.924926605238866,2.5575949263080684,0.31844665267906586,4.463342061857729,0.24311862704835396,-0.0726812246939,-0.0721175911876,52071.88903870314,3289.514083041822,7156361.4925
8.973799734125684,430186.1406383263,2.100469254259491,2.1764797539725156,0.3077181987878591,3.339505173918135,0.37743228075695406,-0.0746614117386,-0.0736292751652,71859.76577100348,10923.767556259503,10416612.5877
6.542768693640741,349560.56207069964,2.7177991860155695,1.6511292659393644,0.29836491319894937,4.712717173648266,0.11468356520887366,-0.0663208127845,-0.0640768450006,123302.76194840147,92692.63087661557,13170796.192
3.096635272782704,85986.0217653664,1.5207932038692902,2.5612842284670645,0.3282240548361149,3.853533943465279,0.1231638402934011,-0.0186813640756,-0.0186397171546,1204.1025580839062,101.66483823057223,1542793.8536
1.2196070340088423,267243.2571467009,2.4740682303549337,1.5467623636678818,0.48076769368811123,3.750609458897689,0.12327446562325828,-0.0797867774859,-0.0795865519566,55747.540488329134,42309.50342988753,3656958.98795
8.830889865108368,213056.85981791388,2.5033147965610283,2.8052950357383635,0.34187132047725305,5.421870116464422,0.4508892306660992,-0.0352248390473,-0.0343856263044,81471.17922092558,17213.84759851458,8548200.32634
1.1914246976534844,297396.806421053,2.697983670534955,1.7079787936699555,0.4836121383920987,2.2006753739947547,0.08421532848888552,-0.0730386070852,-0.0727298210682,41983.158077924985,48068.6470647373,4524054.44537
8.872315054157795,522197.42073245655,2.8991294085904697,1.6909678181200876,0.21310154571547418,5.527849711327474,0.4106787677300641,-0.093476983107,-0.0834098799311,107792.48821354093,88619.20134179459,33373786.8719
5.760434206244907,465516.86319519114,1.5302067734239349,1.7635084469528768,0.4034475925914216,5.408279351314228,0.15510690412103173,-0.0948667121038,-0.0947825082102,3739.890284642077,5361.051149876045,12034915.6165
9.451609286616065,50393.70083349537,1.7306755582698243,2.9403995377380996,0.4342838385130615,4.025465014247157,0.2607934732228628,-0.00801431356872,-0.00805682883513,36732.42598887272,65371.94152924174,4025316.14041
8.189049121962988,534185.5186647386,2.8292569410839894,2.5397540403807692,0.38769509096720167,3.960811416822513,0.4621804679595551,-0.0931079092127,-0.0909913442878,234814.9560959153,82827.89233754137,14578731.3999
9.981406994800038,283060.2906898942,2.1877778432805233,2.7020573031954553,0.3624227980792891,3.4472294721419607,0.313671753359378,-0.045011912353,-0.04455812972,55642.43917629775,34652.98354303843,7710022.61254
4.156406339065391,446317.2869315991,2.346885958400195,2.0964524785991294,0.3476844733801638,5.9766951667269375,0.14455295880456137,-0.0969050683538,-0.0959383748444,62293.86545787307,39719.265168872036,9415570.04237
7.904694600380142,84023.53875861128,2.4945408055847214,2.0044690912574334,0.45132566890254355,2.444677331015365,0.1778405271434632,-0.0149715191214,-0.0147596970346,44331.30851501655,12402.406543109597,3097745.82834
4.617378222483179,402431.71542422887,2.5185999067434564,1.851726010174755,0.43757630900757505,4.360860942514428,0.46420098075310356,-0.0854398428088,-0.0849353332569,98315.90966283239,58151.67929633012,10234041.1194
5.318880582735179,141795.61056567475,2.897610604974762,2.2209720424686132,0.19280105241320983,4.726726360449668,0.24221476629949024,-0.0293585629042,-0.025019214416,55016.579300186684,11425.594333746738,12578447.1822
6.64754916896533,263028.5382845589,2.9954241261175047,2.3277431003012525,0.4470056799608073,5.737320032867778,0.31414346735305526,-0.0481425402593,-0.047321985781,110104.35425781288,62371.63746923275,6818510.65155
8.863094027677048,10117.722049262646,2.5802361913964105,2.447662265479133,0.29492401680415486,5.120813987427046,0.2569694884814249,-0.00119933665225,-0.000718311259225,27709.97252422893,23101.83315667382,5935921.0156
9.856751222793656,90966.38275828562,1.9308318138077263,1.8856777559980418,0.23879389049853378,4.575388811246187,0.2202971396218023,-0.0147919618542,-0.0142631614885,31918.66428254501,10025.488701763728,6720141.78158
7.914460724780664,55248.29587417186,2.8196286034415152,2.922981121354486,0.454418998804874,2.4672492672484907,0.15047560711958086,-0.00898961044235,-0.00874690171191,44282.18270053604,30157.490200307057,4154672.93191
4.759901039506004,143846.50376295508,1.5738313718111425,1.7546377473107038,0.30120867987180955,3.4949340673258695,0.35878617521807094,-0.0306635966484,-0.0305530692314,12481.12728799293,1593.407866223717,2363899.54836
4.792213020493632,60010.854014593366,1.8466212793117442,2.9484797621496184,0.4329276415618858,2.555366570191941,0.3732089118224542,-0.0120125682151,-0.0120160799662,13582.608992032081,35715.21693805482,2355536.02329
7.638240714300023,415146.01597173716,2.8460785761955725,1.5222841837612557,0.24219126418454556,5.524850929862055,0.17369829122332978,-0.0761938498448,-0.0708047300055,140207.83350125834,118257.21133079582,20884618.6728
3.148994311914721,17423.94132553162,1.8842872716590324,2.221688537725268,0.15137526249777622,4.998484622254572,0.40505487937467366,-0.00340010103437,-0.00310296122414,2310.656314720892,3693.977620951125,4884237.12483
1.994267018182552,370644.30037499877,1.8309765894326226,2.000051757174844,0.3234107175160305,5.0301471471889165,0.4345408401357558,-0.0930089143002,-0.0926499341872,46819.669051473764,5211.452912078073,5292759.42482
4.191599418766989,84424.69849534455,1.7071879397103709,2.1736851208953762,0.18507988982500947,4.609026071094176,0.46430379330783367,-0.0179253519045,-0.0174850610878,7287.367188158319,499.70956080821475,4752171.09523
3.5851509248867357,567096.8743067381,2.788667636470375,2.3559968684711836,0.41403158443371835,4.028174147746839,0.12254558626326648,-0.121926988679,-0.120162415255,120342.92892060686,126302.77996675915,12493382.6473
3.6667730841039106,559856.4438659125,2.25008738878663,2.1533837370190634,0.2466262976242936,2.599884237853989,0.18676565762596986,-0.123880844118,-0.120829156745,121759.67150677893,48278.76762321126,15129149.9706
3.1024697594491895,135301.86151257757,2.512339804581232,2.1222702754523923,0.3052759763112175,3.318779546820207,0.43715900637666305,-0.0301199809116,-0.0293436508961,28713.125314391717,18917.205634706672,4596778.53572
1.378838706727257,368652.7789338177,1.8585995761125444,2.59908512311996,0.180461747782044,2.5476631699075623,0.1393430912725523,-0.0886248098558,-0.0860671599879,15941.912156877006,15129.853225625913,11633556.1625
1.1608654126007243,16803.19168347506,2.6370606315168246,2.528814412629697,0.2503307369565384,4.899652571409373,0.05156080665957292,-0.00445703537368,-0.00416935453496,9042.611348148097,6350.972977813834,2608197.73325
9.889501507624283,559073.1258307045,2.6400083174431477,2.749906923053772,0.4235215851405002,2.64091510408802,0.44187228961323555,-0.089408236657,-0.0881321968884,204555.5602267098,24109.00124886932,12628881.4867
4.849958203622761,313792.3849150258,1.9688970373624501,1.8749384718592434,0.2030557691658118,4.808454200686742,0.19690224878811624,-0.0659870195654,-0.064041563437,62621.74478456568,20936.925938742563,9889070.39099
4.4589398244371345,25933.890850667394,2.1160239495154243,2.4142927646310954,0.3765058463944351,4.769021558383619,0.23652388631252752,-0.00493364539206,-0.00487563778619,3293.9472023443445,2747.7721226419067,1717777.32321
7.116825544237629,205499.99580488243,1.8145354161453013,2.3777921780892806,0.47109904848157536,3.8372179159651556,0.2508503115742871,-0.0383939297014,-0.0383303035813,5037.779258753895,23772.457746341195,2333690.91532
2.9642849907855773,46109.677116740524,2.964841534984356,2.054606716309033,0.3879428659152021,2.540914616472209,0.4317235703002528,-0.00993581927878,-0.00960239668105,30166.79709040592,13996.412581077953,2721168.10592
9.549650655552028,235766.66362401593,2.4684038655876175,2.2290863128540215,0.4338575912522794,3.259203304536147,0.20205146506705718,-0.0383326230797,-0.0379042666118,78240.4897428208,14964.051931408716,5567237.35159
8.07710512973997,401955.8052967939,2.9018158210732734,1.970673214958593,0.18814007025637053,3.2803724363022058,0.4515259486354168,-0.0764539407982,-0.0658165078484,119550.42919765797,45003.88869630347,29140663.2144
1.8046990208103355,281933.94482486375,1.9550783154436997,1.7127665964254777,0.23775613910071905,4.801540532573174,0.3276226121216216,-0.0741639431602,-0.0731422348602,43710.83360132573,19630.342177979062,7442899.40549
4.758226982064356,230233.3048316727,2.6728363694953345,1.8207018159940993,0.4630885982842068,2.4549720776548973,0.2872790258151579,-0.0482847739713,-0.0479204154086,79795.95584312583,50824.8399618557,4409452.86403
8.912064768059482,71494.22732427888,2.648787965827113,1.6582704696018016,0.4002869647663312,5.316274584864363,0.1965265282073581,-0.0118343944344,-0.0114436951444,59961.038454409245,32496.26778674261,4135466.75988
9.502588200622693,146963.4274161938,2.537483477799812,2.524604362785186,0.3738438392320589,5.044029160743656,0.1596702633265336,-0.0227047280685,-0.0221578147049,59587.68019014842,6550.389726625974,6137996.05498
5.2066136012488275,60085.972643010675,2.9484584629002004,2.491091089663727,0.382318357642595,2.7452276726970957,0.3308262992498069,-0.0115082444211,-0.0109970710958,51348.71855154226,4272.514816366401,4202865.5737
6.520702502896369,484499.23899399646,2.0903330041594734,2.9259095573698093,0.29497019400662516,4.876657527115558,0.25110237202545926,-0.0904844362063,-0.0891676544461,69541.02163295141,6143.595136317438,10618506.1543
2.503305514828677,81143.89679083353,1.6960759853846359,2.594517620470862,0.16559482106617862,4.674052725871287,0.4597322044694028,-0.0182978407079,-0.0179894362898,3773.803155160507,4077.9988584616117,6834274.81486
9.92051763523279,357224.0199293361,2.5075632888660913,1.5780687581341972,0.4245545397247551,4.992483200443705,0.2712374222513224,-0.0578575118863,-0.0572750824713,116897.52684317568,73026.59940195353,7424877.8305
3.0850453124509905,205644.24815330753,2.5939647007158095,2.8263677608934312,0.3875496326753738,2.755714221794778,0.28030771251553604,-0.0444734414182,-0.0439594256757,47488.826832782506,8351.237759366026,5260092.96662
9.48458596721613,135587.03079311008,2.362590860188222,2.7940127444185885,0.31548156243945363,2.6303612886258745,0.23752547651120037,-0.0216630032375,-0.0211272585764,49122.15736259681,35099.9320967739,8434907.93035
6.846819840931316,383681.06369526224,1.8102268397000945,2.164980481159048,0.46491586537889007,2.945935943691017,0.40516834864607826,-0.0744985286641,-0.0743783825908,19964.55129595754,15492.952245742346,3418041.60954
6.469631153909732,274201.3856261644,2.256683912504033,2.3787945757918822,0.2676558827447846,3.4634868125959026,0.24117763914917167,-0.0523808768352,-0.0509724172821,68492.60266273885,7984.919179711328,9449422.709
5.614196599148578,240087.28037073548,1.9682846048536942,2.964117498708778,0.25301261048093254,5.174659924143205,0.1712038998873897,-0.0458296074206,-0.0451043230474,28205.428298300994,8920.8248493981,7608255.85802
3.076028305459828,355711.20293533296,2.141199792250034,2.2984565457722494,0.4554787137778049,4.9516957499154,0.43791389343207937,-0.0809230623867,-0.0807197980484,29290.901627710682,23834.76827388007,3746890.75229
2.5887522880495744,294760.5770940004,2.467827863766996,2.8579827425641344,0.42894567916564486,5.7018063691141325,0.31857269961435813,-0.0679963512314,-0.0675812483384,61099.88027466823,7365.5432084518,5524599.08946
2.9843758816315784,182090.52513093647,2.617822114036252,1.6245581367152797,0.33024293372692065,2.234518236394462,0.3161795988960508,-0.0416548481108,-0.0409226721409,51079.91702853074,42276.81636588882,5557088.91421
2.6779443592982908,335436.772659151,1.8483370363520146,1.7865778030630244,0.19575715881024747,2.0462251240567424,0.3248699932237669,-0.0787613660575,-0.0772289200419,43625.79536836954,16810.201026439827,9912850.51858
8.01626026210078,401699.1459304167,2.10798804097043,2.1611324151619766,0.22527501501276836,4.796555318803197,0.37347788669255005,-0.0730677593535,-0.0706048182463,94047.04615184928,12325.281756883882,14433149.9779
4.151127332500571,16015.89515211257,1.9037423564874438,2.377135212505957,0.37967979664308227,3.1171499831766627,0.1908805951906551,-0.00298479942738,-0.00297249386085,363.85192518572904,13959.62818054361,1498657.80938
1.5205840890705673,279523.0373446052,1.7979474207928037,2.7243417777942005,0.2847644332441441,3.33631558213527,0.06522996687485129,-0.0660503657323,-0.0657890169764,7750.479355047632,2731.256691447197,5842119.22489
9.721923671267302,34609.97075012626,2.6750808299937576,2.9823931727147803,0.4427656170830899,4.187208103658049,0.41476692239465435,-0.0049190983721,-0.00476827306331,26566.860399619927,44866.64951183901,4494975.69324
8.954072964670832,111843.24844086664,2.8638790416554887,2.0832772447111747,0.4824842532662714,2.409652492507194,0.10800727424673684,-0.0186055690978,-0.0182247154803,77162.2933969631,35756.417460073375,4375231.81776
9.349770548756917,336305.24044678384,2.055348278526865,1.5711234542101273,0.4319729238462213,4.570777666192199,0.37481888174474487,-0.0579713024889,-0.0577480146705,50429.33838217999,27026.947375640815,4418505.73379
9.954170403817917,519713.34915934847,2.62691838656065,2.7017572549429874,0.282140898048445,3.300589784924601,0.08704188422929794,-0.0817906575435,-0.0778293311366,193208.8402653546,21414.707207284457,20967326.6456
2.5650572429753855,529683.4075130909,2.8454929340466166,2.406571078624212,0.42604025023099845,4.5308604972039666,0.21888852891282146,-0.120558931351,-0.119315770213,98550.30148691578,71595.45426635494,12915322.4115
4.566178170123929,41966.406083178765,2.7691863157953476,1.7978142883023025,0.2730045857147392,5.336027652293543,0.07836173142419221,-0.00855613965571,-0.00762233917859,20009.163790684386,13746.529526166538,4440251.16206
7.824146281336822,251463.05177202396,1.7742200828088388,2.24224268493213,0.20848503071797186,2.6844453333497187,0.28499615583247606,-0.0463604759833,-0.0454481764911,40469.507261077,16797.078041819943,10483486.3953
7.26418556248413,349803.88980273076,2.9344378222700422,2.6134653683005866,0.1616876217030501,5.723492371658081,0.3439110977517088,-0.0673122094081,-0.0552853484835,79124.68505643259,2233.5326532643608,29226902.0847
2.3850631570586955,88241.94273020605,2.0650146606441937,2.6556176806029654,0.285000849466357,4.122752564249775,0.12714491353018476,-0.0195000216818,-0.0193099616407,6327.54290152964,2750.6154087563336,3396032.99527
8.34249812491556,459259.330046863,2.0088609917607547,2.249427617998143,0.46624575629404863,5.691711060695873,0.21723242829728096,-0.0799592170745,-0.0797406882076,51781.31526298071,900.6205119240121,4767984.12216
3.019965146529946,446541.1550623433,1.5936469909166706,1.9578217951932886,0.23364530571448677,2.8309203288071125,0.4686077709693741,-0.103209987238,-0.102577179185,29306.388322621355,8757.8324113507,8269198.38257
3.0143585334036076,542004.6082240768,2.2292604811573247,2.9606138730577403,0.22227960772542438,4.41825065841695,0.24907510269835553,-0.120796165064,-0.116267838882,75904.63455075392,34234.661852969504,19051447.1521
5.832769806040722,5091.60725006581,1.6635204234613932,2.4950439164347396,0.48943727483436406,3.615548469294419,0.41114460603945047,-0.00089208794796,-0.000896452389735,14239.938228783032,25339.633485004782,1419238.61597
6.336459413575328,130010.5463934016,1.872809731391139,2.112356279019448,0.15875143949770723,5.096888764624053,0.4672331352770941,-0.0256727297868,-0.0242757666408,17865.106970139215,6027.739991276642,9908224.31742
6.220775870540301,496312.02854719304,1.9754139326509221,1.9206948363069787,0.425023752637814,4.423635772853185,0.4884556212397789,-0.0993382177256,-0.0990601592343,67791.17945833005,18928.344877599444,4895618.4469
1.8233815365797938,402348.03049616126,2.7132394852375263,2.5966544745053435,0.2624794845093046,3.978061827833274,0.4542449088611162,-0.095354240719,-0.0917879038282,46634.39149527667,32470.883312540376,15882024.4522
8.897147763673424,536633.9122190945,2.813232975593845,1.8632751683906514,0.16312078490438076,5.651941625724035,0.19283239812153613,-0.0958772573802,-0.0807913813575,83985.32353602028,52619.033136332604,35910047.3315
3.3904003832983545,34307.792718159915,1.9536994761922046,1.7575649834605322,0.4712308890733542,3.508468256686721,0.48315779877253684,-0.00770611141746,-0.00768066289665,4124.882800639214,3615.6381988201683,719327.802938
2.1656342915452376,358178.3794298657,2.788047181866861,2.2947508334431053,0.19887481557335426,2.879920819592726,0.4155778587857211,-0.0864918235143,-0.0787048739367,65005.4319861556,35377.9347773079,20388698.414
8.998732718820794,341427.94493620447,2.7858464060546866,1.9349810889662127,0.34312274930399334,4.432404747408366,0.42672901263776947,-0.0581930555635,-0.0562619350513,139828.49231417206,85952.91126667087,12661271.4191
9.60086348406778,21404.64981631942,2.6469764255773103,2.443357717385423,0.2459189726003417,4.496113748691255,0.056827842877325646,-0.00302669709733,-0.00193287691267,40203.10618826186,23808.13376736329,8980873.75259
8.759148555389055,308113.2461474901,1.7200426710227723,1.6769080123113502,0.17281748076464185,3.7563784862875016,0.47940748849323217,-0.0562425748067,-0.0544035702803,49306.01301246764,1990.7624732724591,12625835.7188
8.285644672523903,365712.1867859545,2.5354842703510934,2.4824116568509824,0.16747286998218266,3.9464401747575293,0.4001406007319333,-0.0670922161713,-0.0588351078247,88230.10781003191,5193.919351117673,28448695.1224
6.8971778257511955,114775.90452126434,2.9175360968708532,1.9249447919965532,0.19044484459271857,5.838213657199599,0.395585373428555,-0.0228090503269,-0.018560274391,49916.01365106315,13690.627833347897,12503402.0911
5.957716335482254,163997.74987479777,2.5238107181507354,1.500364401651769,0.174978454861283,4.930742765587205,0.08668612891786381,-0.0332798469314,-0.0296168254636,34785.732719439715,27186.34161612153,11450566.8464
1.7828808392026914,384208.4077786422,1.9974252736617508,1.6904040865112646,0.41619534043197304,2.442407005930308,0.15465584348299907,-0.0930176348881,-0.0927961030739,26582.118694168978,37714.15199039484,3606296.55126
4.676078917636288,280980.568559975,2.250868976146247,2.900423066752641,0.3199481707992002,2.848520283482444,0.4830177493120546,-0.0578209586504,-0.0570462749907,59561.051412030785,6307.186154597053,7635162.49017
4.354196653110826,514808.1945409961,2.4685875650265805,2.801031958673037,0.27001223197214286,5.902306537742236,0.27530468366246436,-0.108064242676,-0.104468127413,91560.16521655834,41596.9770828134,16826547.2622
3.337784053842936,205429.059605513,2.2658556130927554,1.8504135480543553,0.29642911854620246,4.905862215174125,0.22903610820676523,-0.0464227687155,-0.0457174782483,29994.13480758791,19259.916539409398,5642056.30976
7.510781023197264,159995.7950329207,1.6799294125964548,2.6675578568182368,0.4751313574504181,5.660180504578612,0.42797336771611116,-0.0293699395978,-0.0293418766596,17345.25398550674,38988.275551601655,2376239.46344
5.4628816157089375,590919.5642069057,1.968096066978031,2.412857389760961,0.4687631344583515,3.215445855954888,0.08930318635127496,-0.118836044532,-0.118574430988,49420.37390317591,8763.73918854014,6468752.21965
1.7294159431688314,546681.46207805,2.7035940458304486,2.956357067174804,0.40048676804290184,4.967467440346369,0.2376239073219767,-0.131620099184,-0.130266334734,154591.990834579,7699.3359803030535,13120618.2469
2.981648817548302,17395.646999387915,2.7921270691432762,2.0604084893010888,0.4596388320975907,4.856010834094046,0.21906534848993764,-0.00384945779807,-0.00374499908654,9587.517518022732,6850.090502624753,1249241.86294
7.149328872936364,462437.1691839395,1.7059500490733552,2.522190918775757,0.2618768096556687,3.1787599417575003,0.20743312416367676,-0.0869718212782,-0.0863005948122,44661.09735811134,17384.69032925031,9837758.81649
1.6851777354127018,66200.86429512178,2.928580128598087,1.5953035836358778,0.28338826410289897,4.203265301802821,0.18846150964388292,-0.0177471338544,-0.0168228615398,37984.57911193347,23759.408342788072,4395402.7467
8.660862226438919,16491.11689762257,1.993233926772914,2.094371020224609,0.3647992636489798,4.509660445081181,0.14453373055553512,-0.00253180763474,-0.00245997867549,11548.774711476377,15376.392600620313,2457900.43457
5.4563187431257685,164217.30957980934,2.49347060809608,2.9457264917822705,0.3682690815540425,3.92452724330986,0.127809861345735,-0.0308750603608,-0.0303985469988,44111.42472229718,6625.093376958744,5196094.59019
5.325279195939832,161607.52743666258,2.6277377189350215,2.3084713116751807,0.3185949433043193,5.308714826632051,0.33818275261385333,-0.0319874461949,-0.0311803886809,27766.81574360699,14659.995806954204,6737361.49205
6.331670061935658,491591.2574081788,2.717919351956825,1.9318192550022668,0.2902302469532836,5.331476167191958,0.4637276785439053,-0.096620331232,-0.0931394776256,170852.2021082273,103239.24763994652,17600486.1064
8.422128693326343,426400.3475657011,2.918624553338895,1.6804064446929103,0.4951631090630433,5.4024021932062265,0.27898324036244665,-0.0731739374818,-0.0724922665862,162227.7619687309,131433.5136238742,8437103.26247
4.1302828711197375,588965.6563992086,1.9693793220432338,2.5552925102722956,0.43739326914120347,5.213694276392651,0.18408854855598994,-0.125509163194,-0.125125533298,42668.329616611496,55855.08832555483,7486367.41587
7.102145373031572,426907.74018709105,2.787759681827332,2.4672840651445904,0.3022430692608158,3.9523339087885785,0.12162208897500186,-0.0772438446491,-0.0738883980241,150117.7975800848,62339.170514523365,15643471.0449
6.09158767596212,250953.33195362875,1.6975303551543106,2.060908070405662,0.4045523670338489,3.525753192596029,0.4235645142736674,-0.0504312146643,-0.0503352759468,16945.83648853414,9415.589590286787,2702217.059
3.403254431524792,419356.5965671301,2.557561359530389,2.9264120277987513,0.2443465926383608,5.325505134857482,0.4871714254129462,-0.092528207791,-0.088467922942,47307.812817091624,23115.49809057242,17370313.9147
8.907669877196422,599675.4403118412,2.6129665942709788,1.5333042194817754,0.18505926418306545,3.9608058342250674,0.20711993066053336,-0.107887461255,-0.0971750522898,147536.40653545523,76801.50527754838,33032528.1717
8.176834194462353,426085.12953751686,2.516584861801981,1.9555857774477388,0.27335085894345923,2.9854855945119274,0.180927691498458,-0.0765388810419,-0.0735488630253,147117.24865937742,55255.86075358823,15698458.0483
6.926066511925829,457008.81358819094,1.8784721042027295,2.8816042294493722,0.29104048004318794,4.029374129288865,0.3206718288387236,-0.085295283473,-0.0845473926406,56080.481317832564,23643.741480227636,10061721.018
8.655235561848176,563019.0091141557,2.809564720522805,1.9814031574791606,0.15578799359623477,2.5673992876769685,0.39889804142904156,-0.106543081872,-0.089094313663,85545.23463740051,21120.783586221536,43994985.4709
8.805647808638222,68190.75678701,1.7532876950555925,1.8783792507827557,0.4351772005725636,4.766517962395195,0.25493126159734897,-0.0118489141483,-0.0118091001532,7550.20777113737,9987.927286794893,1573245.13629
7.3752667904353135,422870.5760686361,1.5804521872812463,2.301330614896871,0.27571769083621356,3.3436851264956253,0.33353291743742713,-0.0799505771759,-0.0795853184768,29761.220346968923,22107.642297629467,7479704.18447
8.533119955273047,510483.57478046935,2.5761974859178682,2.735702624880807,0.35314635802305144,3.0426351937898173,0.3724470806104813,-0.0876597223453,-0.0857877102609,185571.17186429747,24876.197997092382,13889226.5222
7.277243155023553,572627.1601325358,2.2132135728491003,1.6547201413175416,0.17588711554483458,5.82603498493898,0.48226652953528065,-0.11220945926,-0.105409476678,109594.7108712993,53862.216092318056,25147593.3753
7.121266945842704,126581.57382701962,2.7736470299380143,2.914531064468604,0.2112488900627044,5.10752398303323,0.12426679873403754,-0.022115235936,-0.0191584671246,44033.50531098755,14248.040664176437,13658513.3425
6.5675024039366585,302357.40463454655,2.0750957115873883,2.692609321771746,0.461392803864646,5.1482780108957265,0.49882212222141625,-0.0576016226176,-0.0574246318479,28740.61981652483,17562.765395675382,3848688.96067
7.774449756018771,408332.9085866891,1.7524178827615693,1.771875383327328,0.3630406347589803,4.494887877116733,0.22647049485855297,-0.0756072855465,-0.0753674682642,40843.395211205636,7655.8092753887395,4403439.96103
2.427445947637663,148480.63770080247,2.754663288704805,2.568011941797244,0.48259941755966995,5.3566912420411885,0.3754400642269492,-0.0344177003191,-0.034169766156,46674.346920392854,7891.087871573899,3097869.25596
8.927836832790355,360283.71795016446,2.3233644474601074,2.077438083956336,0.4995625120369609,5.036649924653525,0.30758647008784873,-0.0610597350276,-0.0608017767224,78956.0296064331,20971.289962545066,4577261.24886
8.846591749707088,154547.26949879964,1.7837936885855323,2.103442017114478,0.280151040366583,4.395094816534466,0.26900087765397807,-0.0266430094371,-0.026388968518,21463.927320776664,17199.76743169064,5147042.1651
1.2632255473110323,200074.21231898837,2.5805759978796687,2.6749351386582996,0.25458107242914607,5.844497607406869,0.3641339159292139,-0.0525257363738,-0.0507629056626,48994.07197173851,5726.5119992020545,9460215.87503
8.432350755082865,264911.217906519,2.266670457734251,2.9441772119710983,0.4504246193056838,2.766379798737692,0.2280892326006178,-0.0451200831116,-0.0448865156076,43889.282598307145,42672.90701387777,5412211.9635
2.1598288072610066,317514.0592479402,2.4064694733604797,1.6899838092707908,0.4995139994631089,5.773518875979004,0.10674949160156288,-0.113081467753,-0.112883551476,63989.982426071656,34804.960483944466,3718298.91563
4.016069688332277,269619.52297509037,2.1913475073098727,2.130945355318229,0.37037443198136005,3.60575264799546,0.2700020224045579,-0.057938395787,-0.0575892319428,37216.75909667427,13908.746170911681,7035620.78379
7.69157430662447,295917.3118727575,2.7430634757270096,2.2214124121264556,0.4282992528790328,4.113595933605946,0.2848621418070434,-0.0524485295001,-0.051664641256,124731.43754714716,54177.88609300434,7135021.30886
2.4468390644347737,179153.2537729756,2.7443440735245748,2.0644677254324963,0.4236110505853461,2.490957278177236,0.14085596902997266,-0.0407606496104,-0.0403134301949,40364.639259249634,35343.03446274775,3775476.98519
8.36170321707156,95379.05641357835,2.5640832327365795,2.0447836855743375,0.27436889787684143,4.160429755687163,0.4710287103478957,-0.0168290738069,-0.0156190828345,51384.92194801654,7509.686370028262,7608169.80398
8.489207601619677,28409.98639610366,1.6581020660946935,1.5784030013423949,0.35099463308998047,4.444827007432774,0.15236404099083106,-0.00494949316379,-0.00489838609566,8184.894626625673,3834.3323284033727,1560427.98498
5.567209603847526,117587.23349500062,2.7582807928561035,2.528307930843935,0.44156992944247475,5.990806167234096,0.23415241733784398,-0.0222517368574,-0.0218637898857,32464.362546287535,23472.61120140203,3507562.66883
1.0574728454515023,349166.1849034698,2.5065194707993648,2.154321625680068,0.3908398566913694,5.900769644286106,0.11971835908012549,-0.135573172335,-0.134960693291,80602.49576775312,24722.304318875773,6570087.95686
3.583343198574215,471669.2686818794,2.5455362490064495,1.7921907039658902,0.1574073348937134,5.8655891674971485,0.2911084907841249,-0.117730987104,-0.103065385883,140391.78841165587,40228.40121814318,36814271.9702
6.55234226538168,101548.55846573671,2.0444742606058073,2.7240502534531026,0.2678469841141367,3.3935522404082294,0.18843692364504033,-0.0184995809265,-0.0182131169959,21144.165615892096,23003.9483188475,6234157.38798
9.830675602246812,65133.214663589075,2.81891933423551,2.703841122227442,0.20056649380811187,5.965065994980174,0.2701726339892378,-0.0103721854639,-0.00744430572619,48012.629396992685,26677.44632169702,15934420.8683
6.686321743150016,449574.21632955014,2.5880574003522865,2.2295874421333406,0.23154027422731366,3.8219126063804434,0.1510776124061909,-0.0857020744687,-0.0804712115012,111809.87848119042,54175.16431654242,19651483.0815
3.338232229577438,183094.9983223738,1.6688856997937918,1.9476759917216409,0.46692131712196394,5.4073450350476016,0.0741988075769221,-0.0443305445451,-0.0442933908084,2325.925265642159,12891.247524027773,3642223.02165
6.706051327896502,570899.6635364115,2.1116670516092437,2.4571390886946785,0.16291265111876885,2.865279876075888,0.40065199298701487,-0.112917158299,-0.105719520274,76480.0548394654,2403.807067182794,29372507.8133
5.8598684174427,428590.7823662238,2.8295705429402123,1.9322282036661047,0.22693024918667332,4.02333271862641,0.33848882778184625,-0.0872308846218,-0.0805543943517,112219.23323890829,79944.06716259533,22056926.4597
8.018608556360292,196053.62834581852,1.5707950525460685,1.854011895485568,0.258349273283381,5.864048384510422,0.2033327100699558,-0.035464143603,-0.0352231644457,22223.588631583538,6488.831176151377,4301266.84564
1.9628257494426258,173725.64867622295,2.9421249294630742,2.5957719810394897,0.3659094251882382,5.78812558769371,0.07137240110704501,-0.0606535014199,-0.0596906803078,79386.16156635263,15329.039661532743,6709898.99318
7.849251122518252,314219.03176278545,2.518743852479344,1.560487859581426,0.3369355915300529,4.734939511285707,0.43950877821370443,-0.057854355376,-0.0567143935064,112147.90270913352,75911.26772909537,9351492.82999
5.871399208084992,47486.80096692566,2.447063966465065,1.642152706551891,0.22639431899868512,5.191257290212239,0.1264077522210557,-0.00921520301488,-0.0082281261037,23110.29042302333,10444.64359562965,5343550.33317
9.666928034730951,70605.90758717939,1.9058388847319871,1.5101822610353848,0.20748437352810406,2.7057067864096056,0.4688339982266426,-0.0122793521144,-0.0114810094189,32355.601770699952,2272.3641550177813,6429316.55069
4.076849494348175,105514.7287897155,1.8731876831087657,1.7294147797131392,0.23287931210864157,4.88663419793663,0.2653679203681813,-0.0229471413193,-0.0224916511915,13442.343109540772,6976.695753543845,3651285.96249
6.693597038205533,464834.1559827361,2.9130873292328934,1.6034850130656892,0.32588536934557943,4.472203233341489,0.2031740194588177,-0.0883995155851,-0.085582408129,179896.63403890774,152554.71280599514,16342674.6884
9.388252949590157,308314.41556147346,1.9474086813511842,2.993703551669878,0.24491222499892118,2.3662069430049844,0.3837917646009337,-0.0512111686742,-0.0504131486505,49734.46116897682,53561.253862377176,14798184.345
1.9225875519161133,6340.273664665763,2.663257945078499,1.9332149549311344,0.48166087556270276,2.452636026358705,0.44457773273383355,-0.00131735111764,-0.00126925126293,5189.978018730472,4449.713964577896,729124.361502
9.43505638512806,404109.9164832654,2.089682697310619,1.723902019003871,0.31235282750009663,2.4337744710050475,0.21682110364056983,-0.069646664719,-0.0687393345906,84000.49683809494,36275.863317887226,9088333.42257
7.19097150070732,254214.10719629825,1.708881106177056,1.861494386993877,0.17057860579062295,4.897427739319342,0.23330468847658425,-0.0483678724096,-0.0468711585034,28624.59405121629,592.1106462651888,10734170.6829
1.610533531946547,306511.41897827876,1.5160729465430385,2.904188357310202,0.4052432420428217,2.5668608329902898,0.2449211987062388,-0.0722457845909,-0.0721321657948,8145.376868893723,15012.905356805539,2778152.07681
3.708672102521346,128469.74604776133,2.316386005522876,2.2802403345365936,0.26509585087314635,3.870929084457882,0.46504537766540105,-0.0277647648818,-0.0269195398426,23322.43461651422,10724.195753186394,5316116.4753
7.373548797807534,331069.33703646215,2.963668227823399,2.047227144461785,0.3787211262203866,3.427927223511031,0.3616537961814497,-0.0606756946277,-0.0589603872097,149527.87282304006,95525.58181484723,10940323.3844
1.6061554132189453,587491.9438508932,2.0537042907138066,2.810087186863829,0.2478580296831312,4.202016563080871,0.161440752670545,-0.141105342582,-0.139443387904,43213.38961974966,2745.695574763158,18461894.3032
6.23953414158646,44066.81460345687,2.0357885009895673,2.092485405823549,0.34976030960666193,4.825905948877612,0.13324986387589074,-0.00804259791993,-0.00793780642901,15153.924184307236,8449.132409260585,2218326.15423
4.112947512576611,170350.4397986584,2.016137426774163,2.0025128549365436,0.42025337668261264,4.738890148885329,0.15366544854116723,-0.0363183881486,-0.0361763007541,20091.498608247526,18925.574743468624,2208279.88
6.588239659907294,145798.55571649788,2.2808157559572875,1.8109237838246033,0.4748030596210938,4.0620796636575065,0.16860375013348283,-0.0276593181211,-0.0275261784562,38798.51506238377,16290.495973347077,2425575.96421
1.4116783043126158,149129.58645070775,2.1609973251364405,2.0666952358641173,0.24139450055157696,3.857339494441542,0.15358257110030069,-0.0385138415489,-0.0376907471122,34860.27155809402,5105.203624029711,5886069.20056
8.843831255371386,227223.81453922638,2.819871940090522,1.975026534025389,0.2671999328496434,3.591262380489035,0.34632790123657825,-0.0395791020539,-0.0364495032228,99840.61566860905,41972.195865677466,14337130.2146
9.761400722596573,490865.8708465005,2.2582811875852355,2.5159559389472115,0.31249324710007886,5.447639793217517,0.10217007979587786,-0.0768426329449,-0.0753560912654,127369.43205277801,14618.093616647362,11800678.2001
9.719900697571223,547715.2139786324,2.261636757282853,1.9343740570060906,0.47451119320759605,3.32340721949058,0.2243113203685823,-0.0907984137122,-0.0904145671928,111757.27732906723,39740.75089141571,6477992.18874
7.746866485686322,121329.05247538399,1.707557392080835,2.365799619633842,0.46548539988372994,3.0374632846699794,0.3312741078366649,-0.0222967689095,-0.0222692349855,7221.08746998549,30332.518241299626,2040298.13239
2.170776161175688,325769.96276886767,2.974109311365579,1.598838247547959,0.18145739803522332,4.973261974621085,0.18088698827431887,-0.0966737103411,-0.0829724685674,106795.21219694882,75690.79490422779,28381216.1658
7.824368763361203,382139.38329928817,1.8749593363032444,1.7869337350447716,0.19617543901383377,3.439053846786906,0.07937347311574612,-0.070745808641,-0.068628453922,56663.07385575536,14296.727017908202,13262452.2215
1.2212822481292136,313096.484618307,1.610046101189404,2.111107907417023,0.32342821206572336,5.387994399029074,0.08682076528068573,-0.131188387436,-0.131046681533,15472.596344808604,12682.559285001931,3676182.9395
1.1991119637609753,260445.83651815174,2.4947193734628135,2.9054238808630433,0.18731674548189822,3.311554874548579,0.10668504933710884,-0.0626759933382,-0.0589368824083,31320.89811156179,888.1071148398988,16463949.0849
3.912491972345871,115185.3035155427,2.393049555235309,2.065877978573543,0.2709533056720441,4.807779298298353,0.42612936119066985,-0.0249378252886,-0.0240965350687,22995.78754618658,12971.377696053858,4820112.84718
5.397788713641992,292931.6155195431,2.1227184809891186,2.496111181799751,0.20193488237611718,2.1804360251413444,0.3460385775222364,-0.0601464375215,-0.0577225941135,64933.21283233163,4655.4928763493635,13704074.5216
7.933666760270139,240728.89662679733,2.133288350821017,1.8826308336320972,0.37261412429616003,3.54225152044128,0.07903508499394016,-0.042934890854,-0.0425851831303,58953.517401746234,15324.759439739653,4609458.34116
7.149658389458547,477338.0175013618,2.677595881569647,1.6905503639598476,0.48232340110870653,3.372920699870206,0.22598099561813895,-0.0892932849108,-0.0887235611847,130379.91199781158,94823.96682380862,7728288.52507
5.013124357390735,458162.6154977971,1.7935689601494735,1.5878049001200751,0.4988568196030335,5.2667149571036935,0.17536332778117952,-0.0966006578915,-0.0965078406598,34847.54098183997,39274.09268805171,4202799.97084
3.462639996534993,80399.20872340242,2.730379978417335,1.958120247814127,0.28133439637392016,5.86822161291324,0.3101180502329601,-0.01848653443,-0.0174725072524,40701.50397788164,18759.135114345263,5131041.97346
9.9741205014194,53111.431537840544,2.473120670842527,1.736491540195362,0.3596544229901143,3.8435251067718457,0.28526267735254107,-0.00853134319334,-0.00810129614642,48433.09369437592,20036.023249911254,4516522.67246
4.835631720123756,544892.3659365018,2.1284546606692865,1.7610156720241863,0.44969367873342847,5.299345108615032,0.26650581051637173,-0.115051645047,-0.114711799341,63541.614086747424,66485.07742158457,6517979.50774
5.062483218967079,321305.03337869863,2.187042924875803,2.641138962580425,0.1911117254787344,4.79877880382946,0.19153056666767593,-0.0649133713712,-0.061894441731,47811.70059267741,9129.055820906358,14252130.4383
2.4726143907250226,514680.5623695544,1.8849708107791436,1.5237571064173112,0.3913475438681877,5.869543950654773,0.11200989741979583,-0.181429755639,-0.181169160238,54653.359024351674,26000.396664602147,5178247.67447
8.153285938749365,34890.67233984069,2.6281714990454623,2.3367151886031516,0.29309528160377385,5.244434057371299,0.38406937229268706,-0.0057004514278,-0.00501676671819,40937.0764155263,11193.988707382801,6071142.29206
7.243140032033398,315909.36991297815,2.2693121134579015,2.069192070890197,0.2221511560980574,2.309912263854922,0.4459355459791945,-0.0607953848492,-0.0580260953076,73184.41828629002,13425.895130364246,14788779.126
2.9869265150988435,323655.9087457418,1.9812818141247655,2.259824999862821,0.29096376656160466,4.853126889528944,0.4748679091547678,-0.0741993112438,-0.073573067742,21763.358638102985,14564.223176774278,7847228.44225
1.7414294105425843,516421.21952528995,2.3940751736414256,2.3442453558219043,0.17658610043772088,4.141998861689494,0.07637853677611121,-0.131490919127,-0.122705946034,109926.9313135607,8852.570708814073,30831452.6221
7.124493718672418,58565.9989378245,2.9936016780769847,1.9700515416859172,0.39339250200625697,2.0657442317293087,0.38295892021499733,-0.010820879156,-0.0101972210558,62291.87152149028,28853.636058371852,4759209.31813
6.890600928530217,144267.3382055456,2.1528934194848306,1.9426632902764278,0.23845993406195856,3.0052518349017747,0.37692655673313313,-0.0277616601013,-0.0267326700768,47232.189233060315,3938.334974292462,7355760.59704
3.459335742983884,243922.98833220787,2.881037101167929,2.600102774002359,0.2589919757657073,5.687020980107572,0.47619932636551515,-0.0541453816852,-0.0508744827224,55708.23375271672,23285.402663321303,13788831.8261
9.557772060253694,519504.8852519653,2.017525259886849,2.8069154821817355,0.19237845438451195,5.704245491147011,0.16381156752399445,-0.0842186340597,-0.0804559341581,96652.13337032594,17748.579506185488,23914524.6477
2.3595210260281023,563329.9890423402,1.582099060387479,1.7888724486877918,0.45263068986146204,5.195401840802537,0.38398056723282037,-0.143093137579,-0.143000860286,9196.40189758291,13663.544244443327,5854138.27156
4.891013209383417,595634.7717561767,1.8063631595526433,1.6464281408027235,0.3227054977489585,5.927118413111957,0.07458182994491806,-0.128587537838,-0.128067951252,43949.423194902374,35048.17334305365,7636757.90847
9.49254328150839,575516.091875113,2.128042714991526,2.846693709588039,0.35025140722524006,5.226180898496819,0.3340605743427286,-0.0935583562885,-0.0926455074271,113862.8463087617,21778.600627781507,11395064.4856
4.7775458523351,3565.0535066126477,1.8294523928918536,2.0248431954710977,0.3493014390831991,2.0408167491409808,0.20788152082348088,-0.000430151741661,-0.000406494202587,3870.5324826238207,11420.53411702184,1415167.44388
6.74673352897677,28625.004872323225,1.5003405573273834,2.3269760859942212,0.29367259008946955,3.151337361206047,0.3960092477963638,-0.00518216836789,-0.0052215147062,7585.674277696314,27992.664673823285,3294842.67302
4.578349581665148,88564.0914945532,2.872502306621291,2.039314716780005,0.2173854704033488,2.1224967289510515,0.43848692889592705,-0.0190668190174,-0.0166535398873,44459.69334753043,10342.495746561699,8769237.51411
3.4679368211380304,209317.2580621639,2.7658191168463935,1.688703504519077,0.41079646197444,2.3764318749502378,0.2141694689978823,-0.0464535901697,-0.0459415207112,72212.15704510873,50561.80271937515,5089113.46105
9.855798831638454,497950.8185921752,2.613438347230421,2.383997467421592,0.194469692875186,2.8753632678031043,0.28651374171468524,-0.0840622852341,-0.0748869333251,144321.92621791552,9040.233989481923,32487726.7337
4.684006056835387,535593.7172012883,1.751721893469043,2.2877112776544446,0.18635582659758365,4.01423418530209,0.10283182806361996,-0.112586343689,-0.110006477694,63120.37222095357,24769.147655718192,17219942.2722
9.04689283311221,112100.64377674981,1.680545364314979,1.8044903387867959,0.39855076315877613,5.390128013848071,0.2376081343505645,-0.0193323966384,-0.0192756793593,10473.05197887259,9662.531579743021,1974013.88725
3.0695914530197754,371798.4909718252,1.6014071242085748,2.177803566978417,0.22309295715819433,5.447867024628432,0.21236017696662618,-0.0886708304124,-0.0879682109626,42098.87441983583,10182.74369154806,9468818.05616
2.9179423362257495,550417.191039166,2.586043783159382,2.6954212560234687,0.2573704629734913,4.464807434229186,0.13240555690303296,-0.12351888649,-0.118465431374,69155.50853121544,48718.691068287386,20740438.0295
1.2802067459606024,278239.04155879247,2.893211941031828,2.385639154661837,0.31632961345060906,5.71270375626494,0.45251538114504913,-0.0715714880861,-0.0696145414703,90891.51871629461,39836.47915402516,10489677.583
6.865001428382966,62126.14317167038,2.1458037313695555,1.6453759906004923,0.30727296085534117,4.000249306360832,0.11663952711807211,-0.01151239326,-0.0112091260931,30392.94766639819,8957.927621672483,3323299.71596
4.316737093513851,274688.19005077495,1.6787110079940724,2.322032245843703,0.39800269377274966,5.556144176532806,0.3360827108885842,-0.0592506486793,-0.0591483372887,8575.377694818924,8124.167275374923,2730272.19688
8.779224248556734,225476.94137283435,2.2685892310981597,2.5541074489343805,0.3682011277051763,3.8162610253280485,0.45056418956594946,-0.0384225963795,-0.037972247419,63568.759467961354,17180.20519703689,6557276.87213
5.258889160224014,346594.7976396042,2.0232478611879454,2.689055108671127,0.37553865679865295,3.108900029687529,0.4603858609384515,-0.0704535699818,-0.0700931314039,53863.23013977037,9748.777396277545,5436781.4522
9.713740851232496,263195.2106442622,2.0622373865249966,2.4436763679514,0.39991901572941,5.665651672401711,0.4069578649282558,-0.0428750755357,-0.0426248872614,34997.946912025465,21782.708470131158,5134745.70863
2.6697296413280904,10407.556112230764,2.431995936233561,1.7289872468111755,0.2524144545982129,3.5517403027154772,0.12926351024337948,-0.00203794528927,-0.00171168395975,6814.886658628556,3385.6300717667123,1971580.47553
8.817608511600497,596398.6400482027,2.5780771698933034,2.565259899885241,0.2628166591301658,4.0136164353778465,0.4178441341462414,-0.102668850197,-0.0976041929877,173829.3863356083,39876.35575843373,23409830.2783
7.989371675125676,326124.1426383426,1.6659053983097412,2.5160127691222747,0.30329921176344393,3.315442530122709,0.17445416558703108,-0.0586553075239,-0.0584349739651,19049.67446771116,34664.43334513457,6673007.23755
7.938296601796468,284178.4532907657,1.5533853462097147,1.5366403244109499,0.2576117605617341,4.651350401162919,0.46507911234462906,-0.0536951599731,-0.0533570971006,29584.334733560016,4445.240201445792,5019828.84991
8.60304905305199,572770.4229024324,2.9914954540285725,2.117621501385365,0.49472825413980215,5.980124900024142,0.3690890066407323,-0.0963745174759,-0.0952615220712,213401.63814213072,147755.42236982236,10919097.6914
7.84921591848699,93516.22055224626,1.8490925233733277,1.9994253704435598,0.43491817424750034,2.1020541954590786,0.4033704024539989,-0.0173488909366,-0.0172912745909,11637.46570124632,12998.554216044095,1957132.0389
6.635982894682739,113542.56152714894,1.5807457873626887,2.504118096380465,0.20762914088961035,5.599392024028406,0.08826460407587175,-0.0205577949186,-0.0203957235785,7508.4104283809,17762.439619628705,5829563.99773
2.1812038991414884,484808.8494376701,1.78481299364388,1.824203718466381,0.15195795455865432,2.0157042279570616,0.312244301049595,-0.117174406575,-0.113619926611,34828.229339833626,17753.615917267227,16964617.725
1.2927356154212672,156498.64801500525,1.5584367695226964,2.3863078844613876,0.16497414388654374,3.4569115245848443,0.4195139571044058,-0.0379979018187,-0.0375453607556,5934.091951459525,1425.3610850923615,8509849.36545
9.287630630341182,479536.2637749162,2.0877163419257574,2.8698089427212583,0.23542220786502382,2.674427225158057,0.4377156587476247,-0.0810067361302,-0.0787081257429,106232.75147910534,35360.54497354327,20101648.9299
6.549852830686643,162920.08974510152,2.7036026766769865,2.6967035583129118,0.19000195004289977,5.029367122690205,0.06288426713013869,-0.0298818435995,-0.0258817182131,52239.77990551282,2222.5592751626045,14360327.1335
8.168835618785586,19912.57813500089,2.0118666746365808,2.8821866043247955,0.3366683402124002,2.202443363028694,0.47262165464980366,-0.00293602425304,-0.0030005093229,7346.890141723219,46882.180746673715,5044033.63214
5.33370116361295,310208.83433202957,2.16627511031755,2.967758950399035,0.4502983279545755,4.213939814337312,0.06950242998611589,-0.0596199251539,-0.0593742361194,27743.60401652577,28.30978224114611,5884467.97769
2.0557737006615504,118011.86047611682,2.5133801603511583,1.5160051905092442,0.4078625773196296,3.1797045353812505,0.32653340585368246,-0.0282962694333,-0.0280969694398,15082.846516248317,17878.92863737055,2488305.85643
2.126672129822954,454707.77575948264,2.2633411051048204,2.4341119145662162,0.22546317207876665,2.5346809954588085,0.3620243874268904,-0.107227733694,-0.103447155299,66135.43102398301,38435.33979845598,14502113.4708
7.170087585060743,384719.77993928886,2.7921685290319864,2.1192590966383595,0.28975473960902504,5.087272848410564,0.09830538102555941,-0.0691876049545,-0.0659087542039,145235.3541963392,86076.16839484592,14337998.9273
4.872753054095164,554161.6007867507,2.799053512568635,2.7897817355026824,0.32776297333594717,2.869667337021027,0.07160533952413671,-0.11147992888,-0.10812402376,182627.8133306856,78453.52506007718,15549201.1841
2.8047225403030307,469793.0143594415,1.5148660432367305,1.8777220530136975,0.4335720473261674,2.8947008482197556,0.40321046950282813,-0.109668029448,-0.109578147405,18923.69838564359,22715.99065932015,6711828.39462
5.424350920672932,108465.5729044361,2.667069459724799,2.9715442336726143,0.4436925610871576,3.100307140551692,0.22310178115884527,-0.0204819500675,-0.0202282234762,37651.547362851,15873.980155489364,3775951.72367
1.577880433676207,480094.9419988778,2.1911004003625107,2.420561954315621,0.46840140916772155,4.34706705531211,0.09820063189180565,-0.129374376492,-0.12909857808,54942.095477765455,11860.58226031065,6029234.91692
6.237742617229589,385042.22688841395,2.9832608119554944,2.6903061033432465,0.3282358376760063,4.638663726762993,0.3932005173744389,-0.0728346344279,-0.069737555526,157165.02154519447,58440.62845343677,14272627.8635
3.4209406399158793,401370.985056375,2.224848113813153,1.6283993292341525,0.392996161252552,2.07041009480538,0.43212338156462926,-0.0913392140725,-0.0909146391101,79934.1038207601,47630.03311021204,5657429.39787
8.178031905734693,499357.73158208927,2.980343918082446,1.7751868271382976,0.189130129931878,2.9674785444551612,0.3143237858414633,-0.0948606666128,-0.0815062241352,114285.2775970945,78927.46622843132,33731303.404
3.793257630312164,344294.44151336415,2.631854041808605,2.637605509551305,0.3478511359838937,3.7238833700211313,0.12255656379559053,-0.0724938988019,-0.071210763551,92139.59187452921,49460.060250196424,8312041.75488
5.09698134173621,279602.10861180775,1.8729073269199594,1.5329797830589853,0.23704213331489726,3.3279078086449325,0.05685011217117086,-0.0582752269217,-0.0573996496605,39767.39971653629,26530.879980061156,6644738.28145
1.1045848591729057,381984.6212152368,2.3075924689304363,2.725316978840674,0.30110090975931386,5.536682634043544,0.3653611165858747,-0.100705892583,-0.0995477354498,73258.47979541271,1640.5969811811417,9953272.75003
1.65202199015103,178774.45737501545,2.988203459217874,1.5209235280378672,0.37191767790735175,5.150834923545675,0.29756285367139257,-0.048788223029,-0.0479833662436,66862.61690508161,67418.19867753696,6144792.40745
4.532442007660164,109558.27865225957,2.7862959116278856,2.4856782585919097,0.23994507824882338,4.50356086215531,0.34285871377403576,-0.0223137510577,-0.0205738915741,26134.686642477245,5480.2836391685205,8858107.54019
5.319449512454112,369952.70284274785,1.6460503406868316,2.047640880347709,0.16826477022886638,3.352169663988159,0.41593310158981806,-0.0776329298045,-0.0757767879499,47103.87205784089,350.67408422872245,12292587.4049
6.400184933073733,140309.02145128662,2.559557995214994,2.4172422790787986,0.15358184974306513,4.802689379384639,0.24540249964683747,-0.0275978148155,-0.0231004758193,25494.889349466102,6684.287579948919,16507496.3791
3.624963208383729,47949.06560796404,2.0183693788062196,2.5440471104836706,0.15775583744058252,5.374552051383178,0.10603196097512918,-0.00979233786741,-0.00916859088504,5053.2498474921695,6079.368213864399,7281147.38171
7.254836975138883,332.5107511523484,1.510473392820522,2.0137128287794566,0.1529224081298194,4.379321509435947,0.4729924784258719,0.000529820287199,0.000539109911797,3135.0885233907943,15565.940387034958,6159275.00173
8.741101574702842,364991.6408400403,2.1052214535404996,1.6619436721662533,0.1886242697952564,5.137845867573517,0.2953679572610858,-0.06530098152,-0.0617754545929,78419.0400808936,21814.082309949477,16175517.8472
8.018658900040148,217289.2700881421,1.852131632587457,1.6044688016223985,0.23382105009954546,4.996419845598991,0.32688235358984313,-0.0400327265695,-0.0392274493239,38040.134118426635,12195.102344004214,7119850.83678
1.3565694281352143,451386.58240407356,2.7283039057807073,2.3834040338438216,0.22742752996380472,4.2869492446412885,0.470035143298288,-0.112933659863,-0.106792549512,138739.04390206162,35107.09461169081,21353774.8307
5.32456252532046,225105.83898786147,2.0059959132686482,2.2809830306011674,0.49537880796296385,3.248732867286044,0.4692126453396183,-0.0462248920134,-0.046132799311,21278.682357301772,9082.56891420738,2254150.07646
1.9443716057635738,291602.068942936,2.7412855409307255,2.613301513681699,0.2571021368231301,4.983128632005087,0.30744257302767813,-0.0708816250127,-0.0675597342274,109199.67139888757,21168.098060119602,14033707.3551
3.178405142762747,244250.98368923095,1.500896908252193,2.264603265005906,0.19459727417578968,2.827185465430426,0.18392514112464176,-0.0545312511568,-0.0540447863533,13214.26913835713,455.0602708551724,7011152.22763
9.879963339404318,390344.8746656077,1.9617287250391788,2.1336686850463185,0.3409468904587153,5.1179533858861355,0.4987011353057326,-0.0648904493018,-0.0643852353914,64588.98547484878,1988.7923386773173,7299119.1788
2.282459886113619,213683.49720898093,1.861747821461643,2.0971307673543462,0.4502851093891279,5.218186768570132,0.35636769047909117,-0.0531844844743,-0.0531133284735,14458.314334629424,6956.350450120558,4190392.96642
5.489993381062204,578260.5899653854,1.8503510416029165,1.539670353896501,0.3873211318756863,5.288579518281493,0.23379650460142543,-0.120134334478,-0.119938831919,20198.406607631954,10817.8554625134,19213758.8822
6.563401608863072,561688.1919591181,1.602279929648194,2.003335802544986,0.2536287311974076,3.8916638839138304,0.3019265612841154,-0.110951163282,-0.110193399556,64556.7524938529,5746.258515173792,8764139.3236
7.322184734896935,508816.7415943688,1.7806864056157525,2.9640302362867414,0.3465656559270092,2.7699230710816867,0.23712532262061337,-0.0938363210956,-0.0935075268435,32753.131763312882,43874.65765892085,8818918.32801
6.036838151382227,552180.1623436488,2.33332435482843,2.810333364340633,0.4001995909701431,2.398894400264275,0.44973731853349136,-0.108104932957,-0.107233092664,136556.65141175964,8627.936236592739,9733913.20153
1.087937626772653,269483.8130756346,1.9370416092566167,1.9940671005513266,0.40483657232870984,4.973445001951697,0.26712471868958576,-0.077194456696,-0.0770600929212,24608.6411955876,745.6205836703551,2768816.99266
3.938151774195927,321858.2380736953,2.126092173493722,2.381693107599558,0.3832884593541911,5.545045538119252,0.4205877691915612,-0.0701205735259,-0.0697674038289,32427.48701787747,19500.929247727745,4871966.886
5.6594047904624025,445255.5555349467,2.065300320520783,2.770945118303241,0.45478364867146626,4.603353435347627,0.42807933402035175,-0.088183022916,-0.0879137473694,46901.17317425544,10719.214173957838,6526257.91595
1.7907984923035003,417687.5549631247,2.8138573874998416,2.161911505125103,0.45453691042043654,2.5766402415534784,0.42094955198086176,-0.0986491193177,-0.097863765191,79414.50490511017,77828.73019786556,7113492.53624
4.155642380882627,534407.1573632825,2.857948498515773,1.5269367956252264,0.3526277957924511,5.739585794070296,0.3749848756140535,-0.117172899705,-0.11521067872,154102.33465244525,122895.69990120768,22028415.242
1.298827979122299,429798.61635401717,2.23943545748379,1.61176569272796,0.3004497291889243,5.956408058157278,0.43469497256341183,-0.118677046396,-0.117572385231,89662.61855310552,54094.65971239504,9596033.18964
1.7072064743951867,598730.8249370763,1.9952339254734066,2.2655890820230598,0.3745496034477849,3.7335144397396878,0.22425331083033617,-0.144789779361,-0.144375255881,36158.03154919459,25208.59048601186,7313053.16973
4.5723094858143645,209103.47989895463,1.6602010560035454,2.9541590635138175,0.436374200479662,4.379301157095085,0.10159844276388216,-0.0424040934737,-0.0423651460548,32855.70833189182,20778.60817954967,9102250.43663
2.194441786387543,499798.6453436508,2.9301043190731426,2.5398143133283018,0.15197823669441465,5.108914080006631,0.4291043919676315,-0.128923488935,-0.108222574497,134230.81556953109,11670.466975839423,41547743.6503
6.107867634354023,418580.8936995985,1.590340417350446,1.6063742871578544,0.4971989531551979,4.945559160200179,0.2741757870593054,-0.084809455269,-0.0847603276084,2269.200344783512,9417.886514598753,5059394.4083
7.2051847222353915,414831.86712901114,1.9464754163524207,1.7840413136877942,0.21401282031521973,5.871148767733796,0.10731921463753297,-0.0773170158447,-0.0752835233389,71961.11284334828,29076.908511280944,11234949.7128
8.205280291981746,195501.35690699934,1.9470993017550062,2.656984714825275,0.31458714498099166,2.4595323643151557,0.10189063498190357,-0.0341211595268,-0.0338770454923,27422.63809723855,36623.44649652085,6549396.76076
2.8013521982032907,471361.07545381354,1.9806019292103223,2.7621596399343673,0.4552104071950033,4.322899464571223,0.12165907730445172,-0.10569446966,-0.105464091361,18537.302846218077,26036.642616745175,5270327.80241
2.507343240331628,540225.6134085595,1.7464302649086139,2.4265418792828863,0.22876413966546977,4.7677256786923685,0.3879379668501976,-0.127202639149,-0.125962333876,36912.121451427454,10797.568972783223,12778582.5999
1.9411105630096022,131129.07691233777,2.6747421463855456,2.466634754444725,0.3168783283651341,5.56039369675068,0.3698855030598265,-0.0321970592369,-0.0314127514612,49462.07400438433,9977.687556544979,5196228.14595
6.72787224589273,375298.10227002244,1.6837467929489838,1.542506175575077,0.1964037630634127,5.496438510872602,0.14171840608319747,-0.0730634798165,-0.0717314707732,48421.13663874994,23303.962247182233,9257298.31897
7.35828153838211,235280.89746166512,2.4523599887297443,2.7427953893722625,0.2882767138858674,5.91199917424516,0.43111553814940784,-0.0422108882919,-0.0408381553968,67307.57255931267,3191.8944908347535,9824693.16954
1.2842753034307783,593728.8715769262,1.6857690400587262,2.6824128122562447,0.2119974091775509,4.048313815750716,0.17658265798771022,-0.146856276903,-0.146079808516,41447.97295990609,36627.238175526225,18002865.5054
9.42591021619321,287299.68949900893,1.6058034563894348,1.8885527161550208,0.2772697120699049,5.323043467252907,0.4068435124917264,-0.0496163043291,-0.0493184379605,28880.293485484402,10580.894441710143,5644952.56967
1.4677415528632518,136992.1042781656,2.8641442555288146,2.5630150799482605,0.2807124758774527,3.7091268325093107,0.26996265848072387,-0.0322101374991,-0.0308991250241,27019.497264971626,10905.75337396232,7485369.58968
5.871667017709634,229114.5751330995,1.7851931494780584,1.8222819096374971,0.4976097763594164,3.689255511424129,0.3791969071423547,-0.0466548943925,-0.0466012435668,12602.621319799013,4412.287296597595,2187813.97685
7.381544675058247,392303.03388997575,2.7318752318395565,1.5604952415772695,0.4981845602563203,3.013393457891436,0.22162444838310463,-0.0729621802167,-0.0725071818711,127866.36164797076,94194.77649780836,6977104.51095
8.83872211371477,45653.622809745764,2.3169463066607037,1.801704813885566,0.19017519753121434,5.272949148076919,0.20621326869264917,-0.00794166450895,-0.00636061845659,31464.2798122063,2577.7462173738686,8864029.00612
7.4267823891918505,362161.1521327426,1.6167847794131545,1.7679433151314492,0.40408907276492156,5.9432604232540625,0.4286118195316995,-0.0692457055726,-0.0691383839106,21141.184158338143,2888.1023196823903,3639461.91918
8.215552747628127,558734.8555073388,2.933172287157101,2.006621995102271,0.1681109178841854,3.0253669133890315,0.06588601453133135,-0.10492666161,-0.0880811893705,97887.95893499254,35926.90765740539,38486659.812
4.0550517328852544,510217.67259471025,1.8704417504878388,2.1276742457631874,0.16056720536801602,2.2245263520842893,0.4886316262658783,-0.114059910329,-0.10967403568,72258.22004284499,8592.460993894867,19805286.408
8.33342602371861,40604.121994790024,2.7894680180289098,2.262808337246562,0.18686686298573751,5.26216974967603,0.341680801219418,-0.00743527632637,-0.00469637041445,36238.840373783896,12174.236294122193,12008049.4554
1.7210336174620764,596033.9272434409,1.7532150086768463,2.2151308132624923,0.4879199799527769,4.480920210139025,0.24461752468974896,-0.153462473011,-0.153342397665,1795.3340168547,30422.81265653729,7559072.63927
9.05334990454475,419236.15422232746,2.7809143232127793,1.9060119089479342,0.47930224176314407,5.838795202204018,0.33262453901769135,-0.0695877377463,-0.0688965114265,141271.33781710346,99718.96927171852,8120294.03125
5.928331385383626,97368.4945884142,1.519843219357941,1.5437560028611117,0.21787473709823815,3.008956876307809,0.10523342590654228,-0.0195246041943,-0.0193106908792,11694.77258342938,2120.802098034895,3182955.86987
8.355679929662443,7449.6535016540965,2.267670684854221,2.407652433355726,0.20658531744379902,2.2841106320051243,0.2813236048820964,-0.000829146114368,-0.00022522477369,20375.18270015957,21215.420654343285,8767578.10168
5.070864560664702,102769.5817752908,2.6541638691323355,2.0936172447710315,0.23418728028058144,3.9697690434660062,0.49329298550290895,-0.0212167256839,-0.0195120358643,45931.529386497125,8198.657140569523,7771627.88422
6.792199256768725,502905.55241144315,2.902193276239175,1.9480082360813245,0.3304414479262997,2.34186409186059,0.15587124703101807,-0.0961540756356,-0.0928897209975,217852.88897912114,137157.39280451092,17208086.2873
5.737623948425019,12983.594967098245,2.863803204309731,2.8004115642457688,0.34939662121239345,3.04716000441083,0.3750251445663572,-0.00175800207829,-0.00143466648001,20906.2408882602,22582.021689872854,4395280.05125
7.584305695797987,139888.38217085192,2.7294373043214675,2.6201149616972397,0.22755770065380657,2.503911443276673,0.24573711912426532,-0.0254317990585,-0.0226747932089,53453.89296168413,12529.793031050836,14002526.9114
1.7346698382753063,454383.35720092524,2.832287024491956,2.7866483225586633,0.41481797583148083,2.896528718640315,0.3436061668195791,-0.105159033789,-0.103819907099,91431.24658244207,74461.79259586606,8828771.76917
1.5431687559150742,351666.32153888105,1.7988295287556149,2.2424741920686913,0.25834360929092776,2.4245786112855674,0.14219925291129895,-0.0844481668687,-0.083631907652,20545.73920356149,23432.91834294332,5791447.1378
3.223929106091318,469641.4262161151,1.9262764435675932,1.6963968781901662,0.47274596393529356,5.8156239977091415,0.2617092421779211,-0.11789967387,-0.117754572366,45804.18686074294,11120.6464977972,4552990.43947
2.435902121018695,447690.30229607277,1.9334527873815879,2.544332154181909,0.3798529472598557,3.114250853798942,0.4910417212366738,-0.103415409974,-0.103009314181,41397.854481869814,33660.17921906073,4699701.38357
8.846052099329814,30360.832273082837,2.0655808965025484,1.8091106699057629,0.30272291800626405,3.775590343970262,0.13787921795720431,-0.00498877894352,-0.00474434868935,22669.9640474489,4548.85079660177,3516943.73245
2.9729258862223986,535506.8514564909,2.089981005577783,2.161844503637575,0.4264692005959958,5.59444723053689,0.3364002625319407,-0.127211827631,-0.126843156336,71416.88242760689,10003.992185084478,7124886.77145
9.782787302372181,136219.1005693612,2.3168329869820132,1.5975011834233328,0.4362701191163326,4.709286351845897,0.3090189869450579,-0.0224365319778,-0.0222150063366,56581.03015011447,27434.152135935674,3563572.64385
4.032062125939961,332035.46413785825,1.7398196450496621,2.7379626036344735,0.25166856196313026,4.472149922247097,0.3042732138306815,-0.07068882776,-0.0698276433922,34160.64119147997,16457.548084629656,6041233.52532
2.6390612411982937,386572.89391666726,2.536869995678984,1.688910961571251,0.2689000903426295,4.822252761443348,0.3268054803432277,-0.09403170539,-0.0912871975361,109438.68767957581,64917.98302526575,14857388.8657
8.107286564282312,101176.92653105724,1.7513498089567596,2.8546462605739644,0.47758430380501116,5.315289028421527,0.27600708815970265,-0.0175431870002,-0.0175381607761,24301.679770126604,49185.15074380668,2796844.28077
6.928369979507885,585738.7540205846,1.9654627231568214,2.7963459033923357,0.20765936342714517,5.510677071407043,0.057618837615946106,-0.108148417659,-0.104542661757,83314.61425789585,28363.533909371632,17355443.2456
5.483761448078251,292893.5736523854,2.255017695909231,2.1968741466588693,0.16475264593702696,4.570558682660106,0.455043565158403,-0.0609775682134,-0.0564242149867,43418.640267799514,4501.60073871123,17772061.4679
5.998271958438681,34585.61735843606,2.694660842285216,2.616552306455986,0.3089193629133422,5.560029098776231,0.4221404723678139,-0.00597863701562,-0.00551135247255,21185.82124379694,14652.172497895483,4893527.90919
7.472816004450374,562357.2268667042,2.609203849858091,2.42916761072723,0.4304234650852701,4.141590109701907,0.1283754564145046,-0.0995444807163,-0.0984682751539,179924.40651116407,77922.86327314423,9602968.17989
3.0560926719816885,351760.70591596083,2.4683015346157835,2.7046134635066172,0.42008383720876097,3.1091634250736937,0.23597292982049106,-0.0770113194408,-0.0763776900247,63921.546597836605,46723.24005773483,5216368.33422
9.967005244510677,419515.9187888258,1.7336598908702552,2.147707651178868,0.4718357201194914,5.5203068355353775,0.3967470413121056,-0.0696751415814,-0.0695684570374,13282.995209755494,26852.77648237393,3591756.10874
9.773138459321048,315105.47396053444,2.3205680184233666,2.678712726366525,0.33662023252916407,4.165891309652348,0.49102804192427796,-0.0509229253067,-0.0500364555442,94055.00950731251,16791.504855262443,10130070.4277
6.852931177122432,500842.7728661805,1.6311697526998281,2.193685225597722,0.18502263504828664,5.624550350268937,0.47801167089880386,-0.0979251987767,-0.0960266571974,62743.53061446393,318.6277502382887,15048012.1399
2.7958820583623063,19880.077315926537,2.066044765194976,2.911448681764191,0.35604114101760564,2.160671255802325,0.45471163985427837,-0.00373363429096,-0.00374277952455,3204.9588605353642,19209.656315784392,2151803.77419
7.122054181881622,161027.01916628866,2.1202747954349386,2.2295581512377214,0.42243846502362403,3.590063006164942,0.12126825378461284,-0.0294286656148,-0.0292687516742,34017.153154391526,5121.767211261495,3009597.38565
1.6497856808125826,281789.01384161535,1.5597171591686307,2.1939289079005944,0.18266484209443923,5.791220073449873,0.46151379770405215,-0.0736085171732,-0.0727469858975,22015.977979815947,2797.3637470722383,7893817.29094
1.2758725198522547,45962.16978822603,1.9109821492049577,2.677607792345269,0.21043009038415642,2.998600371033211,0.4453002108279857,-0.0103036664194,-0.0101581801163,2003.123761233336,2806.7255093347285,3151049.77704
3.3191459966009234,423544.0015959949,2.933474200899734,2.7323665376412567,0.1543017314044848,5.7661449841539705,0.21962746002487532,-0.104268373184,-0.0851266127348,77171.98615923352,11445.07878762243,47769896.686
5.163606610653847,236198.04843338445,2.9304489117445343,2.3317336714817563,0.3577784028063836,5.815609844517,0.22753516754131792,-0.0467785220753,-0.0451662717936,71102.40252593222,56306.395562571626,8075554.3188
8.814452548675424,163600.7941608864,2.0284905813788088,1.769696720242613,0.4603570371810666,5.5285692569034435,0.25695901487982237,-0.0282221277175,-0.0281166336919,32316.97021726306,6676.2475336137495,2352907.52119
7.544521627896772,2027.3080850473634,1.564650163422486,2.201637346436369,0.3847321606007348,4.254672180373195,0.3452790339348876,-0.000168781077428,-0.000178334392436,7609.728835704245,25060.55006937492,1900280.52922
7.684358690799829,431898.18704997224,1.7686424089922723,2.9521087543645175,0.4937140306568437,4.587757796322554,0.16737602719235709,-0.0768645585182,-0.076756391878,18899.58788524841,52503.577246745415,4729101.30091
4.829440010032679,500285.58532371704,2.08832669015031,2.6294792895587777,0.17206177837491654,5.478467993799477,0.06032679324797511,-0.105086813869,-0.096627628423,82223.04478851463,44373.25049458843,30824079.2222
4.113414932922666,237024.32140889906,2.9216695469538445,2.7167439058186984,0.46605037980302366,5.103588329556738,0.11355328606875902,-0.0480044756294,-0.047319372094,65145.54045597612,56224.55770673495,4975426.59763
4.339348866861425,338530.78622001933,1.7117985953057775,1.5492382482288602,0.43492390058533825,4.520375397821646,0.24805215840954814,-0.0738847868272,-0.0737918126825,23858.41913098891,25275.889042018156,3069711.75505
9.88884607362452,136611.97555775905,2.6452737655023184,2.2017891939512397,0.2599845321748267,5.92903763148281,0.1769011562417908,-0.021239266157,-0.0192956143003,76471.36324102781,7076.908520917129,11004049.2273
1.3609827227123423,373318.58776807983,1.6630238090620382,2.469931700486333,0.49073429314303807,4.7427065453347765,0.39403245246625934,-0.0956090122866,-0.095545755495,14457.694442370745,29306.195276343893,4089363.09242
8.803283465102037,7282.474989120314,2.971886366086915,2.7450490254421123,0.25077821185999527,5.9019279697910445,0.09801053174717211,-0.000710906001879,0.000553194978866,39275.70172009341,30068.328140243004,9579456.37539
6.208078677151541,293186.33825925505,2.0724247486637024,1.5739104803741573,0.4612566533398764,2.229553898428363,0.46285935149966173,-0.0595742897431,-0.0594230775824,49699.41188117363,21970.775305830564,3453940.08413
4.947538772706315,386523.28910441534,2.662851808348584,2.77865832846281,0.4582620019759662,2.55584148296885,0.45289723097476,-0.07843782438,-0.0777571002934,126968.75418372055,25980.913968004184,7007246.43927
7.527318943736229,550915.0639378404,2.0138866242166977,2.3226014051128674,0.41518016581104034,3.8058353840019623,0.45894056761997964,-0.10252230943,-0.102128057956,80144.28221792122,551.9436736244392,6368102.73988
5.380020472822325,228801.49027337055,2.4415033157382133,1.79597095586409,0.3472146658344981,3.5395178435372605,0.382824499371497,-0.0468727546184,-0.0461824137079,76173.57964469888,36292.14658108755,6022090.28155
8.860809142734945,459114.12178861786,1.788024127110055,1.97588282467455,0.1920009623659108,5.130939365428111,0.09814998716761969,-0.0797303688588,-0.0775415805445,70844.89157189052,5682.010044212943,14959175.2553
9.106316776101327,358612.21796610043,1.7190315289454439,1.9228943276273411,0.3361901070737744,2.642456105876815,0.24716190711630504,-0.0630225910633,-0.0627607568915,42524.880804778426,8812.788163601199,5358460.76567
4.795488341861098,556207.2677550483,2.907096209352197,2.296288551432714,0.2748786894792271,5.904380716445955,0.10913241731245868,-0.115464477412,-0.10845537216,109606.63843692363,106299.86349839467,25054718.2344
3.4914501751154643,239026.60539565838,2.8764709168566505,1.5775285198666977,0.4272759616043731,3.260263501043656,0.4944646367424872,-0.0535430801735,-0.0530110552266,74269.32518198532,57597.8524509959,7814724.57362
6.33115295734026,191457.20392379278,2.8312034103193238,1.7378042377498852,0.4153452222738957,3.7156948309606377,0.199867290529403,-0.0366608681866,-0.036036408186,91372.19234548177,64356.43754724849,5832912.86123
9.211270110550219,532285.1992164863,2.4381501752498904,2.7190395650636736,0.4687143775804118,3.0989801297600916,0.3133987438505279,-0.0880509623557,-0.0874534499143,133725.4527177988,191.3380988718732,8400301.78785
2.895959701050999,29546.64084497347,2.7124023168244173,1.6989059861202165,0.15519055685109776,4.317454469306189,0.4007268744098998,-0.0073652047519,-0.00531087868293,8755.976308693676,2907.387901728825,6093690.20092
6.606699252071345,81831.23576020608,1.6035554053670624,1.8500944041871905,0.43318612588806615,2.234514801690336,0.46427723790154046,-0.0162925395439,-0.0162658375792,3260.0692639681515,11387.868839213714,1245365.7199
6.684041980832685,49442.66075042667,2.0021835628360187,2.180055908406236,0.47846171859363407,2.598710022281795,0.389996476628612,-0.00944882561482,-0.00940956904256,9441.671101310154,13757.24378223133,1492821.14091
7.5980172017375285,505865.9739458416,1.9705546871357345,2.2756813321699956,0.42625515718785256,4.983190813674897,0.3535267004448069,-0.0929727638643,-0.0926706463783,56784.12503267702,1547.018087698934,5407492.86754
2.1841091661453382,6364.454022191635,2.45346798292892,2.645415719421238,0.19556806095462834,2.7460023336192156,0.2596918019171681,-0.000422230859464,-5.81529772786e-05,1462.5455688527325,3536.4442068198314,3914372.09723
7.442424682138797,516994.2932982289,2.0339366602059608,2.1709986399992816,0.17844768669431071,2.9420578062266514,0.3224300601877358,-0.0986798670407,-0.0939530211798,97742.3801836048,5396.188205899099,22617524.3008
9.181292685990769,270760.6772227601,1.7227601724655213,2.6847969315533082,0.15729583393269528,5.171928942899351,0.09237371398377342,-0.0447569382861,-0.043150270008,34021.29213594467,17722.250600248146,18746056.8473
2.6171479798321777,2415.167312382449,2.3947006131203157,2.4275194605681865,0.37006082903982485,2.3732047134290144,0.4477651438825681,8.70247510437e-05,0.000135328971019,4188.547158372811,8331.453030581319,1419133.63339
3.1378899243148988,240987.1063272251,2.721575881003622,1.6696496091357336,0.37038542815096054,3.7498952910833636,0.29469978897794846,-0.0544824786019,-0.0536549328171,39763.67763770065,52241.07289904917,6624223.25339
9.742555846374756,112080.50462702135,2.0731852416899597,1.7344971575892578,0.4954197999763743,2.092253547988908,0.06806077269572422,-0.0188280406949,-0.0187446666657,28386.87154558086,6871.406683036785,2106991.36563
2.628792574385408,374640.2924832978,1.6984030726477226,2.1555505881746564,0.2893151109364335,3.3872295972716153,0.4639559565469539,-0.0871107440364,-0.0866443751049,28654.239868817735,20958.96932526675,4857793.68268
8.689465840326212,407615.2739529879,1.7950322959692346,2.0953340896335595,0.26616719971412384,4.7959256104430175,0.2701858882265909,-0.0716112563963,-0.0708466418954,52663.47044730167,2024.0059986284562,9186382.5863
5.430500708032313,292516.5422429999,1.856224957754076,2.6153164044559416,0.36854872451453735,2.3604131188689133,0.4408651137024508,-0.0595157280627,-0.059307170908,29376.09521644321,22763.208002855154,4668831.17344
3.2250796696285935,24311.71526380198,1.9498463894918043,2.3711057096960277,0.4389630353776579,5.55333850711504,0.4355995793924106,-0.00550063892101,-0.00548628345923,760.2853264047621,3127.5372242534872,986734.865605
8.836749111452603,393677.28262032114,2.4641926057594636,2.0821996215033742,0.47787088233305064,5.637996171762865,0.4170882143557017,-0.067185119893,-0.0667648738972,97749.0562721516,39635.478234417664,5826194.76777
5.007747295023989,505223.2701633127,2.4014182268065785,1.7561404251755786,0.43109345816266353,2.4199615005005404,0.07763135868291024,-0.105441362808,-0.104889261791,116191.70547787212,65959.61018198369,7270579.90612
5.633356185367211,432194.5663958409,2.5441197923505587,1.8402556534882426,0.29933589321553167,5.962929745503107,0.16117999044089398,-0.0862900300285,-0.0837588020205,92360.31841188663,79754.49194600793,14746741.0051
4.233100324597891,497974.75137319113,2.0437529767972697,2.3632515277035884,0.37221998235922243,3.1901182135819557,0.4439965426094438,-0.1070574303,-0.106519633755,79694.32050005575,17190.44432975421,6450987.66068
6.3365576629143465,120305.71413053248,2.7359964778199677,2.1351582073496886,0.4497047643506409,2.336406684526424,0.4545459752234422,-0.0232166483314,-0.0228656560239,67579.61695817133,23900.847491428638,3804421.691
2.4717148532652047,533332.7637938895,1.8061314917336404,2.2723912632910084,0.3217133909091088,2.020268457989049,0.25613098806596274,-0.124075389877,-0.123574474588,42933.62960059103,12197.883349939466,11008554.6249
4.519733829865846,193316.07038877768,2.203561121277231,1.7560161529533505,0.22584032529688744,3.6340915830554503,0.24801866044439103,-0.0412577663134,-0.0398846572774,45867.619779327484,20906.00253605583,7819912.23442
9.724710901017588,8042.8885511946155,2.7014080823121454,2.4943593785168487,0.20940320391175554,4.519239942824471,0.1288132852487674,-0.00114347164306,0.000431010684834,35104.67857589291,27213.28284009373,11268648.6258
3.3232008943101476,506034.9877974424,1.770237971598929,2.7788081112839507,0.15005521060231986,3.328716999613253,0.4857848549110181,-0.114053523466,-0.109392614435,39747.247410512595,10935.081820070025,21120888.7738
6.910629980871629,565092.761378836,1.6647946706111745,1.8869092601803508,0.4013832982434494,5.346869461898491,0.14591231391156945,-0.108218445983,-0.108031788214,29836.535926808792,7736.507673396871,6093803.40937
3.926710578022254,393334.91845040926,2.8255259515319846,2.23727133874774,0.18888402309609667,4.8664251022602,0.1359215529578445,-0.089413125451,-0.0777243747942,91056.5941656237,48162.86645231094,30514748.9669
7.961258131179406,138861.9782780548,2.014394494138794,2.963290993531353,0.23534368489357915,3.4006461278721307,0.34732803656712846,-0.0240063252345,-0.0235718451313,25683.931822549286,33444.48498306062,10501208.7779
2.177862946465148,151046.67856951823,2.525805187363548,1.9998626108260915,0.25425671603297767,4.9372386664344186,0.15927993635020146,-0.0399550445506,-0.0384734099214,57430.26674376073,17131.215193272885,7477926.46216
9.728389405706903,279955.7240613717,1.5380229063959077,2.392569517385642,0.3461329510478689,5.761950947876999,0.4724472249564754,-0.0469943311955,-0.0469151546113,522.3729952524972,36006.2400822945,4712186.73186
5.084105872452753,538698.6477608517,2.5350703326141746,1.6352935503003665,0.2892850470535192,2.3723839941720684,0.05490814789300767,-0.113223700696,-0.110483654672,160400.90091923295,114268.56528869108,16093135.1132
3.1244541701181756,89758.59368853502,1.9741519673204557,2.409022503719165,0.3861358972081066,3.2244158406304675,0.052588968045485594,-0.0192754379668,-0.019178555106,10154.582515385444,5302.210480162421,1598260.22002
1.6614707259701138,495584.20175009215,1.5836112803811626,1.6344476599569269,0.16947353076504595,3.853303756466773,0.2771945606460198,-0.128884524616,-0.126792312571,58122.472446832275,9395.337169417091,14962914.2623
2.5278211457878665,174781.6852230902,2.4147191423221757,2.9388531529857334,0.1933787179925538,3.9919605110190743,0.2696281069610624,-0.0393970806759,-0.0366793896541,26598.978683373916,5102.888928982563,10778453.9962
5.677965537004159,485151.70165745873,1.86120572410976,2.573493978108467,0.3247240262366433,4.1687825795442945,0.12351380985540972,-0.0953201136105,-0.0947052273292,57974.34794954231,12917.44194809461,6988383.57651
4.033028587881576,552162.7185609232,2.08021086307782,2.6822396822035595,0.26793767574639044,3.202507626154594,0.272533803336628,-0.117958405304,-0.116095187295,101945.2015266927,23706.039857656724,11911346.6329
8.459950292943486,256496.32319659213,1.6208712184297704,2.5561565411574554,0.2535346769629759,4.669038583929396,0.23524749732649392,-0.0446948467285,-0.0444644238763,17836.480076141987,34885.53635977905,7887098.62064
4.877987712956253,219030.3924633185,1.720744876642418,2.3845935541146988,0.17345982766313295,4.580338014119318,0.45064828640406596,-0.0457037312089,-0.0446656479431,20653.55067192888,6986.471306097589,9506480.4791
3.238428453288669,481332.79138278106,1.9469658532437657,2.174869171628258,0.4635017111618005,4.3112860250864555,0.054164264097633565,-0.10845545334,-0.108249896266,34435.652280397335,42779.401897623065,5317462.18966
6.554304879436271,317689.7294276364,1.6346392508402356,2.787560069641594,0.39213650514376774,2.4550468868435065,0.4893214122648285,-0.061747289475,-0.0616625797534,8460.348451144557,43102.46366214523,4658210.28978
7.360994951969012,410669.42907791823,2.8662393970294726,2.9352535013145946,0.1925663548868773,3.907871564383778,0.3309767439331291,-0.0766107028013,-0.0666045821084,92896.99784181673,2677.317969802614,30990940.8687
2.5033771711085486,373697.5421767077,1.5090705647759677,2.248554259356122,0.17276608520799921,3.4249075499575024,0.11832955054037404,-0.0867484507618,-0.085157228732,25039.06287995244,16068.766100074798,10391843.2932
2.508572946594859,91733.30738687779,2.2257903282964673,2.897302573732893,0.49120538670093505,3.9641538793524904,0.07104200621502481,-0.0200669691368,-0.0200082340828,4185.308894717471,2604.582430456114,1507336.34788
1.3300428424018866,506874.216173737,1.6848711871988271,2.3749993649827763,0.3884103926538267,5.687465742060104,0.29214754635165435,-0.143882495764,-0.143713657872,12714.741083734463,18943.463950364312,5555458.93554
7.627618135590764,117465.06684788171,1.9615186342169229,2.30757628034465,0.2961096248828095,3.922125372633633,0.15570057468731907,-0.0208017502529,-0.0205470079669,25854.841771395277,18026.286860975186,4769614.60095
6.974240748596245,559369.2864424685,2.8890893397273985,2.181724099433035,0.3956058642645247,2.0559231673580474,0.18552449165056667,-0.105108157492,-0.103005482881,216301.0491126353,115392.95989043098,14273632.0218
5.2716778817483245,150342.77485328872,1.7425418299109803,1.81393164229518,0.4147161252680557,3.7553469523365237,0.16030947417553112,-0.03078253654,-0.0307211359016,13063.625569296542,1396.1401006196686,1585754.85257
8.597534040722774,440328.58396424516,2.9487484795774987,1.5055794912270888,0.4229867708360727,5.2825927201975285,0.3425775411076299,-0.0760957676362,-0.0748615502335,184742.81375695879,164857.7331610674,12182546.7629
8.251031376550479,170793.23609615522,1.8086915654841325,1.862259340284092,0.31725705697857015,5.120243692872673,0.2990880329522601,-0.0305965430117,-0.030374057863,26771.372524694652,2997.741097218574,3774880.25982
6.26818927957077,190671.24515211832,2.6123491627002444,2.2645847574053475,0.30045896534369676,4.0535602941127244,0.08508849058481519,-0.035574988011,-0.034237641266,78264.71963025397,22597.982261585264,8059239.13471
8.814441524619328,186001.1116693832,2.3200158973459675,2.069939928389629,0.1538598294941151,2.999076051437261,0.28693693992882896,-0.0338661877268,-0.0292310939503,47834.30491980198,5594.810700392057,19171799.182
2.8525708903309144,448735.35241565,2.8267180913951386,2.1727278420039506,0.4742949902996433,3.8603546516581804,0.40603539450348497,-0.101251384655,-0.100486657314,73884.63025109678,86596.01623606788,7372860.80292
2.007276574579551,334089.0707816359,2.3309898832546967,2.9709723293460746,0.36115775743613004,4.254808877672767,0.08653756586914595,-0.0764308376906,-0.0759520988774,26215.44686815402,2775.2914759664905,7704009.40288
3.4277465036529065,529771.4735084983,2.301838828734463,2.0254085560039914,0.22110387801648884,5.999485753096535,0.450382539303689,-0.124282020611,-0.119557156642,147020.67591077273,49769.33184337505,20196151.0414
1.5137817048038338,184423.6315224269,1.7931870005525998,2.178274409040162,0.4718611967975028,4.57671236067751,0.31023799225147813,-0.0479016465963,-0.0478573074682,4009.4631061002005,10541.564227093922,1905898.39071
5.780525752009288,415195.5132340466,1.749344043077488,1.7002733270292294,0.47022616561960373,4.777059720250454,0.47778101117164246,-0.0857295826821,-0.0856400211655,20828.599082720408,186.57860478513206,4712560.89693
9.429451230654653,451769.1597978664,2.8747337266732713,1.5719365986554814,0.49621445752813353,3.965816574272208,0.11666354797506905,-0.0735777400316,-0.0729129389368,154722.3881070263,131176.4547619107,9061019.9962
1.3540918660165868,90889.2678179749,1.991757298275051,2.663114271888742,0.4559197970986426,3.4179582031301194,0.49710424970899186,-0.0217565610953,-0.0217255164764,676.6623929332994,14.174360463706057,1328170.34417
2.098989226090241,240353.6143918867,2.058123382444344,2.356024762607968,0.49922453573702263,5.251811934588824,0.3399227896863546,-0.0598077340979,-0.059718472896,16714.574834640494,9219.3680992039,2871598.41241
5.069791254550918,289690.49661024666,2.6397354876425827,2.6410572090658424,0.2356401658431454,3.9797292973569447,0.3053723897664783,-0.0587373315219,-0.0552058045481,78342.1042084543,18688.648561568185,15474329.1718
9.404875157751144,213412.43393662458,2.008235223634211,1.7247941983298274,0.44478735481973186,5.978760519858101,0.28187583085043844,-0.0359119391625,-0.0357760849237,39449.82379777194,10486.823400704854,2904991.15978
3.8454049447907543,193267.55758148286,2.9280936699585043,2.3577431567740366,0.4380599080785176,3.8284822970721764,0.060644467894240744,-0.0400538913141,-0.0394634564572,73392.52701440295,41626.4211700165,4777352.86425
5.565113278195532,411851.93639858515,2.6068916534982005,1.8804637115120633,0.2308291257272568,2.2720011345903095,0.4728376361973101,-0.0861893340324,-0.0813725798214,130731.45535608272,50216.54306882628,18629272.8642
1.3741557314535289,129519.83859569313,2.39614386386013,1.8420927253500299,0.18445314215034675,4.730312548360331,0.33979751278438924,-0.0348165882766,-0.0325070200875,27504.58477986707,13907.76584915041,8216572.76917
2.3350888086587998,425634.44715067727,2.821342740817129,1.5172890210794778,0.49279717978715987,2.1865658037032443,0.09123191802468106,-0.100397896279,-0.0999713445725,115227.79749354116,77225.52615136215,16702132.5878
9.879671106629623,561026.5178344384,1.574408862524224,1.695511085353608,0.2536085930322136,3.002006387538813,0.059428476632536205,-0.0970395064071,-0.096376442882,51868.61856783,1511.1396686328223,9489173.89064
9.68606826792441,339118.51270665065,1.8855940382838132,1.9639021672495431,0.45481212666373205,3.4149530111196134,0.0728526376565381,-0.056506395195,-0.0563712511177,31091.552831408568,7621.029363267757,3566171.66614
1.0444598284096864,366860.54204368446,2.197554501331365,1.6753181408864086,0.15144450413611135,4.957934342485311,0.3242280935445083,-0.106944847339,-0.0998806733167,50189.18982996999,22954.557202580545,21956042.7737
9.566306068809151,41359.62127445345,1.8404678092072815,2.9787876606164065,0.15735868252686078,3.9769437056304513,0.32630693670256333,-0.00595267712134,-0.00574454749171,11041.321987135021,22904.001609794414,15580711.2883
6.752079440339504,518686.1421706969,2.615857780953228,1.962948972785926,0.31305495804372896,2.1145837252410264,0.2748502813016485,-0.100658411361,-0.0979669055428,162287.86978331453,97060.72648896638,15675671.9941
8.811264650680199,171268.6723199193,2.8788120465805878,1.6954859200534922,0.23355013937727223,4.467399405103689,0.1880446192938282,-0.0300297049358,-0.0262510124692,74742.50558630272,48355.74255703379,13794976.1745
5.092658700704732,369030.69931713893,2.135655179896385,1.7986234692419365,0.3914444492025875,3.6457449497066494,0.28928422922658864,-0.0767651790627,-0.0763967563569,67871.94869956055,31232.055377545217,5094586.94847
5.640364257213252,587467.3018468814,2.0131989001678425,2.3815548425122146,0.347947513948784,5.687338039868429,0.28233581939431607,-0.117228596931,-0.116357674213,74981.04866918593,49745.03403067802,7331322.36834
5.399619222312282,357301.5603436847,2.9423260982063493,1.5960652857971827,0.177120029107672,3.9982492445609417,0.05873700194445453,-0.0759983683534,-0.0662595010492,87034.74397331405,50830.34299523497,22827107.9061
7.001778317914939,434825.69247862656,2.167278649241311,2.7936511952117353,0.20691990371050095,4.835900583757356,0.17711115364737412,-0.0798505602809,-0.0762138600931,59214.35204344309,3762.2721473976617,17432384.281
2.256861292806816,267191.77093425114,2.233572600673925,2.942249518855721,0.285817244520445,2.8754739693181874,0.07393340366021728,-0.0598974768024,-0.0585285120828,49419.82699773108,29335.284718422914,6570444.23121
1.2697623088541015,36219.50610903442,2.027474808512858,1.8701211310010712,0.21496142238440158,5.043894258126613,0.45506963815144497,-0.00910224601882,-0.00883719898613,8991.296315447184,76.60681023071493,2145372.60415
3.7713694743207182,478559.6096938731,2.8643227095182073,2.175142902886289,0.42727782153537497,4.883821241934689,0.3763504232533109,-0.103692147927,-0.102416582218,105625.6160025897,94290.55887919951,9941995.29621
7.342126864629821,20999.3047583914,2.3534332249227763,1.5332016765442456,0.295624582443648,5.616326834165233,0.49825182658681055,-0.00385094337804,-0.0034492445385,31127.331043878952,12583.703586812751,3419397.14332
2.816681069106535,420394.6973327125,2.6432618807724673,2.461065337090832,0.18270115339487475,2.135286566876797,0.18597706848737955,-0.0975979844208,-0.0897710409564,76172.38670600577,18368.55859584149,22138496.9111
7.060891899924256,13752.943889782166,2.7177100775263296,2.1208890870788832,0.3195200157952437,3.7900027904698046,0.44531863149060963,-0.00223042877039,-0.00171097238307,37878.418840174454,385.9343465338306,4416063.92037
9.729208414965434,517383.1419460023,2.0127735628758874,1.9050876991523336,0.18179336337149496,4.716621610958521,0.3213744205696168,-0.0882653150881,-0.0838182993078,99431.89216507429,16057.909424796506,21826351.7018
1.8451064421047656,94581.62149978835,2.15054149698057,1.8102556659249127,0.19512805689693602,2.38065560032086,0.2539064331066222,-0.0225750498079,-0.0215086197022,13747.069911474035,7880.729756629703,4400495.15876
7.053419064026136,308562.89726553066,2.772707661609397,2.4810346164881407,0.23386344120987185,3.6424162685956496,0.1501579000798858,-0.0571949362073,-0.0523763167566,114273.97180601953,22203.885561923173,19144170.3024
4.993751973741141,358290.4226898884,2.0448830275137153,2.1243255465484716,0.45083469683662136,5.768586412264781,0.3822764743787643,-0.0747917823348,-0.0745748961379,35721.69003390859,34964.99620962138,3521606.69912
8.813280289397548,274527.24442404724,2.690902700177777,1.769488933544868,0.4736143863165402,3.743737963564513,0.456863337006935,-0.0475765749184,-0.0471082955607,102252.09223349481,65093.042751676265,6009462.57419
2.594348105026473,204458.09360933234,2.911488483861656,2.533663622230236,0.4391902052662242,5.941619133922526,0.15588877913391685,-0.0526604180968,-0.052059726637,87887.96826544881,24417.649427110304,5552399.29963
7.23363357003548,280688.57770858303,2.4348155596020105,2.3476084245550406,0.2669270260962465,2.2273562443192785,0.12892565073812567,-0.0522459847222,-0.050237419749,97544.87856145413,13185.282784116947,11871994.7696
8.543037606832993,186849.45232869522,2.6124409311778334,2.7880080823942444,0.24535625438809106,4.871319104563565,0.36329986175219015,-0.0315701382242,-0.0292193030623,79370.5435701775,16784.129459768,13847401.6148
9.501527975266209,262873.4082485179,2.707645968061702,1.6762138483147393,0.3422044917765837,4.3240649449930775,0.48963792322648364,-0.0443460472494,-0.0429200920926,128231.89575876424,71013.17102488586,10663562.4955
7.1492322546068126,215347.79459881838,2.7675594733449635,2.678499902916684,0.40264860618658926,4.002158708528501,0.3874797954968351,-0.0386916397864,-0.0378977777027,89529.84468459524,12852.077053369792,7012762.53003
5.474572876075846,339722.8941042872,2.092580006785194,2.5102751802258885,0.4976804758560611,5.883389605940037,0.17806133257144202,-0.0668587732673,-0.0666517673522,44384.37301470561,39863.538141978715,3403645.94361
6.560625161810925,142754.49734699007,1.5768951887639973,1.6725164052421468,0.19604974915762416,2.5186016019645145,0.23897994086650354,-0.0283032500304,-0.0278427207073,21420.48488672422,4122.356425156628,5468643.35202
8.820144860308464,593193.9329484075,2.102814406855109,2.542231094807581,0.16725219965833155,5.583995806723653,0.2229429359562673,-0.102741105674,-0.0957356148487,80166.5488521657,890.5611691173866,29338720.233
6.1354877197494675,300521.97202929936,2.5106343446761348,2.1623209333197457,0.39302456114834483,4.764961644546441,0.43344275812117045,-0.0585171941021,-0.0578391319195,95137.1547556615,35489.37029060741,6359194.04982
1.2734835372715319,116497.24644870579,2.175525578671189,2.9174771783337645,0.4412790242263669,3.035984293198531,0.39711685049250073,-0.02738448172,-0.0273132901229,2919.5154816660142,1495.4333815251618,1961927.0233
9.3785382595628,286240.0497403635,2.6234447262905976,1.712417025926849,0.4462220729532481,5.606676582529174,0.3150389456426841,-0.0472277604538,-0.0467107620231,108963.20790725322,70098.88709691087,6635596.79953
7.20574075928405,519849.07771489455,2.035473644202996,2.4642500862236068,0.3874622421770062,3.717179671444053,0.17373159967860646,-0.0958802071797,-0.0953822940589,73999.39531043115,4490.008297229939,6812731.75479
7.088620471995219,13084.075874637358,2.4521162116560444,2.0729700681944188,0.48390553144171544,5.256909312292283,0.4720948374749253,-0.00225235297609,-0.0021683374018,23859.015531057576,35.5860263162427,1657423.36695
2.9410763715794546,407732.4714643733,1.779629707280962,2.9352220058863168,0.32885166724060544,3.5553460681896,0.34399185114611597,-0.0906986880369,-0.0901858113109,38665.56304358187,25645.229421777865,4707677.72157
6.929969232093915,328780.6780763568,2.6240541549674354,1.9949623429354146,0.4698351794176744,5.403723309732964,0.4867144908988021,-0.0619470322559,-0.0614826660329,105526.42072759556,55498.34149950643,5980970.43203
4.544779650887426,101734.79662208131,2.318543953219539,2.9432788642377004,0.488734247947033,4.546516473780194,0.31105266486891386,-0.0202705670847,-0.020184974129,9538.376500022468,2185.1884278908674,2210611.14109
6.861096793373429,490485.8635829524,1.806096582819901,2.8522287766511236,0.4465051099510877,2.5641865343349086,0.41953674126362633,-0.0934969699793,-0.0933262289924,8184.840058918354,52014.00421208119,5561703.58199
1.9593372727719165,221330.7734244034,1.937866760246711,1.9055748529659846,0.2584154971405172,4.59865265387811,0.41589742072753705,-0.0549491061437,-0.0543432380355,40415.821532164235,8876.992378004308,5360285.0186
6.920607741427324,176281.21728930445,2.6229130628727484,2.7053126652396413,0.21867547790960334,2.7653790508074905,0.20179794957511643,-0.0328568178326,-0.0299205805719,68129.02297977154,9297.142447151293,14354672.0982
9.994723531936,496875.1151141406,2.223901853492281,2.993406302705259,0.3418420227436364,3.6476905115766507,0.48380932533075266,-0.0791862462607,-0.0781887918086,111447.03121925029,42865.709001887975,13094232.537
1.4339083497450043,383115.02771499875,1.8240471605896083,1.8789945032569235,0.3085551626330659,2.681182337008135,0.059873660418903796,-0.0941823572117,-0.0938167249628,22337.18332690213,15065.305053345035,5509830.61736
9.794567657991855,538955.4502048946,2.9509067855554463,2.1551657539849796,0.4572154197674565,2.0880644626684743,0.3959199089453364,-0.0878828907554,-0.0864250268927,256790.02304638803,124230.29285220715,12712536.3174
4.662171646505835,377930.22220271965,2.5726875297253318,2.2802711048501396,0.1850110848735038,2.84754615779983,0.48450068859381973,-0.0820585771768,-0.0751988774916,92607.16683088487,20432.50819945404,20711601.6568
8.836781053035333,444490.59475926915,2.935702248809694,1.9423967037057965,0.2402090214590315,4.145488094896503,0.2025086914776753,-0.0771912287345,-0.0698326524042,177129.89932999076,94848.08353959421,26562121.1605
8.04146935652446,501867.5377557677,2.140657568040515,1.5228972594690446,0.41312963058154795,3.926243871109384,0.34164976450593737,-0.0924201236858,-0.0920224606459,95267.00280483394,51334.41093063761,6616128.53378
6.10314634888001,32843.78154596215,2.2126505110375807,1.83019386629629,0.18324532574205923,4.005988382144254,0.30300046242989476,-0.0063423708608,-0.00533011304827,20224.064166316195,4068.139175683183,6229463.57286
7.646042883261939,465629.3753216282,2.8469328242775287,1.9229053265126377,0.2622675449075951,2.9907475137864052,0.39267828935443566,-0.087225739933,-0.0816994077336,189422.467698597,102892.0186057067,21542499.4387
8.906640051712131,368223.8891097461,2.287574010368077,2.1653995519772806,0.2855043879188941,4.740644802456744,0.43978006474027354,-0.0636234636098,-0.0619743491859,94329.53802265583,23460.423444204065,11665286.3516
4.637262894859297,41704.67790911594,2.560918367858501,1.756653717620103,0.3679078287969415,4.817053147281383,0.3213700561847966,-0.00852424426696,-0.00826451378181,16235.17701756934,12883.309105559923,2373755.29711
3.943298454069148,305146.75312122906,1.878259316243295,2.809881535037509,0.2053464260017776,3.431871302238662,0.41715706387165563,-0.0653521057421,-0.0640810840703,21471.738600405402,6051.878877992422,11189474.0588
7.0083404700722625,49474.84679037233,2.1700897030539608,2.5573666990970043,0.45121157162239833,5.524680353896697,0.19052850915016484,-0.00858941069596,-0.00853811306782,6675.019370218474,20314.558279621575,2136936.58496
8.270613477471327,441568.32103393343,1.6851747987155328,1.627800716339493,0.306639782413196,4.576092866542192,0.1528641764171676,-0.0801150850102,-0.0797379921293,52900.51645529387,14003.293003466117,5930642.50868
7.860566212989542,327901.0283387298,1.8089700538154425,2.4751386767098973,0.4709575991581948,4.852157101034527,0.2438004602897781,-0.0588186328526,-0.0587190840143,5877.80998450936,25123.064002301286,3312564.52006
8.18032283972771,572144.1224473784,1.5014151229014465,2.480484714608431,0.31375446977187604,3.1093596717557577,0.3549814698113525,-0.10452224783,-0.104281937588,14212.627110629941,39752.32394986849,8066623.75257
4.920249833316397,109881.2229430619,1.5588975774729903,2.9343317604654415,0.24626409062925667,2.002446540622348,0.13426112702242565,-0.0219310507252,-0.0219624345489,4232.81798103839,31752.152144000447,5739492.85736
8.360507945575193,363620.07151222706,2.965925734765394,1.5045313070342419,0.1996400900406862,5.461502448408439,0.35615848646835113,-0.0675666649264,-0.0586693277819,116702.31104351183,88552.76610602782,26388052.0838
2.081881498335476,126949.28074229481,1.8635305427051434,1.8718986747087107,0.1513107831489497,5.289697538319234,0.2273421418574303,-0.0348935901506,-0.0332440592665,17588.369946712675,954.6628814889085,8052048.98196
5.900401881647646,368438.990836439,2.494966064256003,2.891687219062973,0.33625511974469247,2.492767552171321,0.4080088732516844,-0.0717690187691,-0.0703926796011,107056.22775029449,5046.790353536695,10617967.739
1.0518279444830942,433589.8214165139,2.7586495481994175,2.8982008730974247,0.18750484392442318,3.496420539825226,0.0665761176964865,-0.107989318935,-0.0993699968523,63773.25445904198,1482.9590384437822,31759485.7416
3.9212724691024325,433382.5975977231,2.3259906888548465,2.580879629055956,0.28710471727091236,4.64535723355433,0.35059218702322753,-0.0930786373888,-0.090881654825,58571.195234588435,49185.35065155458,10489018.6054
4.298153813842581,489044.39440956595,1.7297167501259343,2.64864498157131,0.3562451164329803,4.608443428874913,0.34242005149248544,-0.103840146325,-0.10342792251,43381.77013179768,31242.850493327103,4642105.67526
4.565554224483298,512130.13677499,2.5921746560042496,1.6372244368944706,0.24649006391594508,5.4414013392342255,0.47342096425639146,-0.11221185161,-0.107428763527,61100.13490051159,74225.39827350948,21835400.6619
7.25920486020876,46363.03576030623,2.4003771151493747,2.27081375216735,0.21132850232814032,2.561072646541714,0.3710153991038317,-0.00844497749934,-0.00728810768089,19708.733815304895,14792.393964164658,8424513.38857
4.4970229114331115,205960.29424344245,2.5968758840210624,1.8473744869334991,0.4211525679132695,3.719758991140475,0.4083358533904765,-0.0436052704921,-0.0432154469998,57715.81856896979,38867.37396263321,4505150.66345
5.038242603602776,412273.5122158834,2.6546199342856305,1.771827065420426,0.4813769102985672,2.388897671705699,0.4570659571339258,-0.0864204188779,-0.0859335906357,122257.79194614555,73926.37665922527,6503614.99051
3.1378971778689473,299151.7724347273,2.9631155515271175,2.715454948684999,0.18515414625168808,3.5583809937545126,0.3537733632313945,-0.0696861290242,-0.0596984608701,61582.5830411131,22987.1822396193,23802082.808
4.35926612466406,114405.56805287489,2.360344920040065,1.702557205020821,0.20445661353475275,2.0604297823508175,0.18056913573198857,-0.024924943194,-0.0232932166971,36991.82680464917,13605.339294120204,7470293.28688
3.045426645368363,331625.7421000188,2.0124616690359027,2.202977455494578,0.4860044300384515,5.593092260440508,0.44139820981258493,-0.0772244380525,-0.0771068560685,29819.88047923805,9340.501114108294,6494656.44886
1.6587633139159927,244461.39165968628,2.4726968353503556,2.9078673593790496,0.16322447763428619,4.108175987314724,0.3864101537641888,-0.0590191114675,-0.0541966724736,27878.844618380812,859.7636643289585,17763644.3856
6.431037340432401,234022.96659258305,1.6026610638639391,1.7787480833480138,0.4921713177926652,5.399209043209415,0.24099692180040205,-0.0461457715853,-0.0461101064488,1039.2213473168915,8006.976662162141,3056307.6301
7.013915186995146,485852.2304613983,2.8460959774823795,2.966990135607352,0.15162556907974606,2.239618804013455,0.36973812769248293,-0.0964105054146,-0.079973043029,97814.57363767357,11755.97991916393,44656473.7363
6.575413114086531,244559.00029930874,1.6790715170072952,2.9914319786415886,0.4557840294779659,2.9098324418916826,0.4404599947315139,-0.0469105394542,-0.0468692633911,27963.89335638082,56368.40207953023,3697322.87934
5.171446394205152,15872.703288254497,1.9917642568287275,2.3334257320236045,0.2575638133457123,3.0375199808847224,0.48904345912607217,-0.00266403957396,-0.00256964775038,6496.502310224646,17919.149217625596,3513895.26433
4.418072021613068,34838.003334654764,2.7236180709391813,1.7552141102657368,0.47850610036205377,3.546765978555152,0.4785581767815749,-0.00729770615155,-0.00717392105414,29885.3100046973,16933.854393318263,1745093.66375
8.770002846146427,513746.42501497216,2.395968567496068,1.9741573319113435,0.2609308510224549,5.211465489590184,0.19639752204386368,-0.0880137551315,-0.0847529051253,126624.0689639935,56521.14006806691,17578935.1661
5.671736066225963,576360.4860075128,2.0904532804161633,2.136739249014803,0.3790072125369196,3.5462314949259706,0.23976217117318183,-0.115876867863,-0.115243638373,92186.98439261982,39250.0661026681,7331185.21844
5.312636898667579,413045.60187342454,2.210153489062532,1.9639863365373345,0.1780113994180778,2.818614118585308,0.09929147223981707,-0.0863237771096,-0.0812918014995,83809.58008852643,22250.348034815954,17882921.1442
1.2307785922579213,218620.9764600481,2.7818210898032705,1.9209533698147736,0.23481543400880864,2.2599610413550737,0.1613949291581207,-0.0541092636608,-0.0510424248098,42955.341677284785,29123.449574243878,10639650.2592
4.071230448635407,563160.1894768365,2.010006579089838,2.9583445638245363,0.4207877712677377,2.31796699341075,0.44708954381912763,-0.120330466904,-0.119924737119,58354.042449715525,12918.720386975672,6555000.38701
4.421760569072713,397681.85182544147,2.804474527218257,1.7300472411236185,0.33504004878758686,5.040188823843909,0.21238246682571155,-0.0845726069347,-0.0824114214962,92834.9667523596,88826.99509326117,13482471.9138
4.589405028072104,506600.12951960263,1.6322016464650373,2.599991863075293,0.47478917162546563,3.779211964146532,0.3292486963676965,-0.106923506247,-0.106814781858,24913.047657019586,28629.336258820476,14332945.8959
6.221551323045991,459511.3824222056,2.665197655812946,1.5006154341587623,0.30006299291947397,4.9047244880000616,0.349684528238165,-0.0912623600806,-0.0888064512455,127930.90235938579,120250.47512164681,15660976.4015
5.802422920541906,227483.58946355546,2.7713214495821044,2.3942740041035653,0.45443432803487305,4.72914848705479,0.4018231738144904,-0.0439957510631,-0.0434908417253,80158.96376325712,34004.85100355067,5041449.46268
6.471145835141002,287221.3205104713,1.7727264792560082,2.8739145059310784,0.3071344031173831,2.541449847041031,0.13226001361053394,-0.0545722488335,-0.0543363762165,18173.201171352342,32655.708515984297,6891899.99776
7.883949353879155,111679.29262085969,2.1455197985583006,1.9319011411398286,0.49273689754569483,2.571551736769069,0.18716591057649595,-0.0203118554457,-0.0202239223244,29573.66167180146,1612.911514786461,2039037.95334
8.316871648444842,175208.46026444042,1.7482496619954835,1.7782889628865788,0.48594203348960685,5.021368061736536,0.2517513536561813,-0.0314995508491,-0.0314523805862,11642.675737838152,5576.390801907511,1616496.15093
7.46310768603845,466875.39677191305,2.5599061934913268,2.4775196923176406,0.2651978469446281,4.885073173941668,0.21417847755722308,-0.0838597924067,-0.0800592981488,135530.79594680853,51157.05369487138,16721471.1999
9.599713263594412,536387.0351298649,2.303021652092485,2.56890211094759,0.46007328464588104,3.5121230674972415,0.4923073547868604,-0.0885021740886,-0.0880012288217,115575.9978578547,4594.133945665744,7822363.97562
1.1640932440872547,434676.2539508471,2.4529850200624814,2.532045778427972,0.4466639809754772,2.3096890533313603,0.4257233614461706,-0.104745414568,-0.104261460987,49626.500544079354,48341.1460279207,5449669.80433
2.7620018711519148,279104.217993983,1.7947304504343167,1.978975320032061,0.22373813906464698,2.048392086793809,0.26585903957921875,-0.0645002270801,-0.0636758226904,30681.267147007766,10792.343829978947,7044001.63752
1.068065874803279,51905.561363848516,1.8176187930786294,1.8783036032389964,0.36850164027414434,3.1526277978469794,0.44567088173891056,-0.012994960089,-0.0129628690729,5078.849838676112,1991.2502723439127,818385.545544
6.827272427391427,34168.76921906893,1.5622459882648596,2.9338781999430665,0.1754388104564352,2.0368890943489077,0.20644382641248354,-0.00552098771379,-0.00579518249089,3770.54295982097,28703.737809652488,9545103.95154
9.082274940549881,224595.3387677123,1.9831013027935946,2.884949262404894,0.4428487522042115,2.9202904844148136,0.40362274575061907,-0.0377815166754,-0.0376908860005,2863.8764615200994,58187.65408690234,4628239.52376
3.1913406691866935,278293.03126059787,2.3396169920005123,2.1859749148392305,0.2110910592262238,3.678002960845354,0.15065401914790416,-0.062718202368,-0.059176111681,49741.489584648145,30992.160675084513,12687868.1511
9.34331090316676,365472.37332797813,2.7869023709959935,2.76929079923156,0.17478514548501756,2.4856630612478168,0.3975449203518647,-0.0640652023251,-0.0537189820127,80589.35976772686,14404.119536658194,36034911.3959
1.5424065126060476,3893.712832198326,2.500391171188021,2.178485216451444,0.2900766834385839,2.417111031326185,0.25540403143807777,-0.000285791316931,-0.000149766715513,3251.833534429994,121.11939696107198,1401065.25278
9.409924241249628,593833.7342797838,2.1530944850996274,2.1365835271087654,0.3519227485098752,5.585749742874946,0.09837469444650906,-0.0967780131915,-0.0958188831265,128042.36554764192,43093.67640907188,9638782.66006
4.16460418515671,218363.33004242575,2.9296801715912064,1.735144421398942,0.4492209354959198,4.341880116091557,0.17296810455001205,-0.0461888729824,-0.0456253728908,57486.97612534679,60619.18388422032,5528960.21049
1.9127874560429485,508856.79828067287,2.5788678008637476,2.139609084737959,0.49098488393260775,5.737822747051126,0.2310235808106041,-0.141660131395,-0.141181006751,106781.59425497742,48532.128243444364,6844014.87962
5.372845832676931,320980.0233992426,2.895247804293825,2.30612540789971,0.3038223793994522,3.383304655142717,0.3871818102489967,-0.0647687862347,-0.0619361842041,118726.55630670932,63044.42716821367,12761924.7378
3.3109891094845714,78263.67272000789,2.2913819599082483,1.5337564911430297,0.17115642304484457,4.708579749316653,0.08284222162892789,-0.0183977271231,-0.0165525822465,15504.148463297228,7696.431298251038,7395624.51442
3.5638561176573056,478539.3315207131,1.8883564121897094,2.16616950776311,0.41219045265905474,2.8187666984871615,0.3467961477916878,-0.106528946895,-0.106300792312,25733.362805657274,7260.051128971651,10983996.2269
3.765609684336579,425896.24495192565,1.579240029547083,2.6720343275928005,0.3478106396783781,4.473361269119765,0.3722061384197796,-0.0929693358969,-0.0927013340768,23785.023474485268,20936.699802360676,3934431.67805
8.22723308049397,316461.6509575368,2.5891272772257756,2.520069084561405,0.3067619706955621,2.5183429200399376,0.3442646164665881,-0.0558044761374,-0.0538603289501,128654.08629805058,15107.264170660681,13080661.5871
5.85245149007729,308731.854800268,1.6819544970083011,2.4527354832959025,0.25824410757726635,2.008322556705143,0.3923013371754,-0.0623141797213,-0.0618833706926,28735.95785877416,20100.43528747546,7476284.35368
3.8017692924040327,52487.763450556835,1.9541626924079507,2.864333142655804,0.3258394847452375,5.726127205638316,0.13017587721027724,-0.0106487178478,-0.0106468397406,2769.282329667382,10009.729587828795,2968540.28628
6.493004049798265,393509.36914432445,2.298706361825846,1.527048014737845,0.26853786155996084,4.219577504700837,0.31419650977836683,-0.0776985738106,-0.0758729898274,87390.22838034343,57404.29086132094,11804414.6148
7.445356068008742,546747.0934525798,2.3466248816696216,2.3355713792883512,0.41495415371157607,5.707762651128158,0.4735152262417459,-0.10042732297,-0.0996752186573,134235.65684421896,42676.11902041775,8271680.99072
3.453616006601804,55946.951532815016,2.400874795480704,2.681023272614561,0.3403627937724244,3.335326094808288,0.324852921412042,-0.0114197596523,-0.0112517604219,12360.341183576318,11788.662832150452,2979932.90556
4.7219419137281635,158106.87038934295,1.749382995524551,2.312003074051901,0.4568967209539392,3.311144276647027,0.32510135612882884,-0.0331257435669,-0.0330787912006,2655.4368820782665,14568.970826922794,1881945.66381
2.096974840032528,541384.7840652593,2.069606107232473,1.9858433288705688,0.3402403701273047,3.602620007092127,0.381397838950971,-0.129339052903,-0.128656970899,38066.239172115325,37028.74172746381,7838112.89404
2.630344145812123,170606.34589187597,2.42579134067545,1.7043758476379667,0.2333918446689755,4.824163935832673,0.19994190445663657,-0.0427255907638,-0.0408840375266,59701.08253780369,29967.24727001846,8584769.47182
7.130060685684845,392366.2033079558,2.954728296950677,2.831344607724287,0.4478821587812506,4.263234536744697,0.3652141555946933,-0.0699433362715,-0.06873281748,181645.09125651128,54894.38901607102,9330925.16481
2.6329451292606425,320890.8989658865,2.591446706549533,2.2061435885814045,0.3450266657255153,5.701419628396472,0.4623052249909468,-0.076273424925,-0.0750813733913,95091.69301454701,43576.1004065179,8482758.2617
5.726470453003541,357796.5630023172,2.8839056356409367,2.817172795478552,0.22239436335024643,2.1017636045297574,0.05490296286140435,-0.0713637303247,-0.0646599041108,126525.77380298275,12351.354478441497,21855563.6161
7.381416355501894,249473.34094635188,2.6433180874712656,2.3787781836497524,0.36822773348467774,4.832783751890146,0.4415508684989894,-0.0451870900296,-0.0442140429543,105200.5944496414,26514.29484919223,7604188.98063
1.9618923078526946,179994.88233222667,2.3875754533386004,2.511288174922501,0.27520086772984964,3.3213107574662173,0.1483782490664866,-0.041418637925,-0.0404198810881,27189.760346022504,13070.627059726881,5673083.43695
6.105809976660132,29120.070437801383,1.7880350537045169,2.706391731567675,0.44554196430222304,2.7209346072738447,0.25516547316516885,-0.00541172135133,-0.00542148687829,13851.181861678922,35365.34696665851,2133320.28811
3.309065053312274,446568.5635764985,2.50002847783877,2.4887333169002015,0.30865490852628996,4.041582490080396,0.4335565104286871,-0.0989088282144,-0.096668584446,85043.8776250275,58792.59974115453,11165891.0752
9.666341877138219,447656.07731653604,2.4350693489398605,2.0970822610184063,0.40425447533759584,4.0202551367199835,0.42076045735548306,-0.0739486367212,-0.0731205505827,142924.43378798538,49051.14523200686,8821147.39449
5.351910820479323,402435.4440472339,2.4037037556859,2.2704500758929766,0.183437672672683,2.5480441147537136,0.45136736515672515,-0.0847608057289,-0.0786751214118,94211.38836202763,14931.478759275591,21432145.8236
8.253932947976423,386180.27287177235,2.234678801982361,2.70456828701382,0.28860852120582114,2.8075842245315594,0.47318755668463675,-0.0684349981768,-0.0669980698996,103421.96322765754,15192.493618778097,12870748.3002
5.952038879406356,146230.27930051574,2.2929849059839134,2.060475444559476,0.49413450276533954,3.6326586596062196,0.2512206305472914,-0.0286324379707,-0.0285123537307,32104.570471349947,7133.066902537038,2248009.84413
1.3907127956933725,13406.960259774725,2.0016637906771564,2.0821821851527456,0.43296110131700194,3.6352456495692613,0.3453637148604531,-0.00330242358457,-0.00328932802736,2716.255401853296,3801.185681760238,491643.868112
6.698362380346201,485229.2381312638,2.2789690389634547,1.6435351740870017,0.205979280828425,3.270232558478739,0.22571529823674802,-0.0959955937944,-0.0914384547889,89777.78348668409,59832.60806387526,19478793.9644
9.562630079859913,294683.1214174961,1.7963338585177173,2.8718766528326216,0.24721741731703928,2.5941806060399237,0.20782252287147462,-0.0484982524676,-0.0480765177412,30591.711158074137,44651.234818326455,12699820.9876
6.414506381316981,184102.878421571,2.707761596040565,1.6365544724181627,0.26543553309972634,2.017494716403918,0.24421793476895126,-0.0367858007935,-0.0346549670373,72038.84527389046,51614.84138249373,10845208.267
8.372699734841111,61159.144068342044,1.7786654320480617,2.472313766172834,0.377627946173406,5.880940249712083,0.3843842606522042,-0.0104748705407,-0.0104612414934,3113.799628312982,29555.223318362143,2905699.61612
8.957858170135669,37632.95454083304,1.6274494348341997,2.1197917182041968,0.4149481658213794,5.773996918815708,0.2756483362136988,-0.00636453709325,-0.00635258326103,4193.1932686694345,20854.422886539956,1808787.08812
3.0527179475403923,209320.03307710637,2.154369039535736,2.1084290853831638,0.41233431308276836,3.9346015167045407,0.4163268535017539,-0.0473481824309,-0.0471386044403,24456.250625869387,21178.929356306144,2799167.09559
2.90840355917404,482842.2388601643,2.4874611592590927,2.5193277548590256,0.328455919707241,5.9802070131000225,0.38534831473827014,-0.112881681803,-0.111091194574,132104.94406069224,33923.94299498243,12729832.2934
6.498828899658926,551234.2496002984,2.156575237400312,1.600640598944818,0.43378718824335294,4.694617323128973,0.0592153075059797,-0.106422240182,-0.106092676919,68870.6950602821,51998.79570902988,6616092.57885
4.699256228260342,538050.8187678389,1.915131197926963,2.390558674427152,0.30297732896511625,2.275430150430166,0.33360717069777274,-0.113929691061,-0.113029466949,91319.62687160207,12179.40032469078,8891836.24948
8.558751725800484,552000.500849793,2.337256775835661,2.658047678958532,0.19335819785344666,2.4708727963305095,0.24645700548886595,-0.0982803007012,-0.0913895514053,111445.51613517758,8084.0676188307,31243715.4295
9.1002081105821,544635.2058776056,2.0205035031182996,2.7423191368298916,0.34755464457883467,5.664443375478551,0.25548304511801373,-0.0902229105728,-0.0895086789195,90874.3093458555,15800.757499706022,9489381.09941
4.180792413724463,316334.8509602375,2.8993015351899496,1.755795584090663,0.48330548461038736,4.520208808598514,0.4182678742414526,-0.0678873447353,-0.067335599539,72599.64283425223,78792.41631799222,6065637.87373
3.1318350307703384,131649.3831341423,2.883967709405358,2.8461285751172607,0.427547777987379,5.3727345066294045,0.29642359373810456,-0.0282743805313,-0.0278687055979,28848.22279710925,12229.65949096402,4128524.76384
8.024729637194756,478827.9497020922,2.253557729958143,2.4842191377711633,0.35254522669228483,5.593078598535377,0.4485298205565262,-0.085164558541,-0.0841661971466,120265.63660179282,19678.261429081616,9529167.66605
3.4732543199332246,128227.78491154741,1.9918259910273877,2.822782201231024,0.3763819811221839,3.7917680451295444,0.3707625165762607,-0.0274000679882,-0.0272660993914,11096.198090316995,4533.814594755875,2614509.80541
8.403528866623105,160324.36605394146,2.605698620934959,2.2279210756652974,0.47569670946245046,2.194103806306772,0.29877800394382376,-0.0279707485572,-0.0276631748214,74707.11350579119,14987.756823759593,4159086.35366
4.813644282838865,139952.59309352908,1.5550694152246,2.313050017645803,0.29991997805223614,2.753121395589288,0.38954208926799666,-0.0292870454597,-0.0292146568638,5034.353704758364,17378.01788795925,3035603.91611
7.0079490936232345,308989.4422174835,2.2121535090654767,2.878557415543007,0.26598794862992303,2.2662877892097404,0.06725707291643329,-0.0569064329709,-0.0555412696162,78377.03509019746,20160.234214780998,12048836.3995
1.8598178245120136,193096.50490144794,2.0044850914055004,2.8498643150320078,0.4920345477501571,2.7549593827940293,0.062187644672693485,-0.0442995563477,-0.0441934547407,16384.85241904324,18675.316684414352,2098750.75123
6.614733922089157,92493.62977520487,2.880803827653832,2.172241310053503,0.45220509672861664,3.642131705823507,0.08750719711438343,-0.0167191471088,-0.0163497262075,58362.01637577706,23583.043833350497,3804532.1002
5.065909108635062,271904.0471363294,1.5180045409090237,1.9116189474535226,0.2630652546165108,2.4727872420599417,0.2469043963162142,-0.0573465835209,-0.0570889769107,25994.591429686392,3783.6199817350807,4270630.48813
6.279476168579267,524344.3432711002,2.3292223135775236,2.0897556518463962,0.31232320907632294,2.666932991221373,0.1559525655321244,-0.10278594222,-0.101041064992,148317.72989801248,61473.94783025177,12067364.4173
2.5121278697037708,342331.71296998335,2.610995371599939,2.0816464927946248,0.29527734515272963,3.783287128286717,0.49291758248710305,-0.0796638546885,-0.077671408332,61887.61685438853,43210.33327129869,10600705.4164
7.631863704497639,527001.3635325523,2.227526981286062,1.9303003124741909,0.20218348753500187,3.360683801553958,0.2940305625551151,-0.0995113043973,-0.0945336417634,121874.0028700084,38565.190514847876,22281919.7361
8.765173697889058,117523.31104748244,1.6281045452440825,1.9028694064994498,0.4852367633346406,3.870632496752164,0.3480870857365213,-0.0209725935272,-0.0209443118952,582.4303714469495,15609.52578834578,1384737.01593
2.9506582008169806,100184.32420353241,2.958692085041853,2.791594404719579,0.29150935092691554,3.716688111036248,0.17546906131101353,-0.0212760374637,-0.0198102586887,22566.674875131663,15288.306245468137,5562044.13502
1.8614309996814555,345346.27541905217,2.2770156470641467,1.6047928810269925,0.4563651789232678,4.577912103919534,0.19480860886442397,-0.0951951805232,-0.0949660534161,56895.519310362346,37264.273825826625,4172519.39256
1.2127472744170276,277997.34092776384,2.421279366478517,2.516416773149391,0.21627467968823277,5.748758195503418,0.20095786136352017,-0.0840635300223,-0.0809535402699,73051.14520656534,7283.507674821177,13891664.8286
6.777743503989394,396103.58498817415,1.854914674061261,1.7592300771846785,0.3417547837230269,2.43145735377697,0.36443106731763525,-0.0781351005292,-0.0777608136403,53148.62736267583,14080.542028263573,5534839.15059
6.463846324799027,476776.074616069,2.2252471276602055,2.0167588400910947,0.15838648479349443,2.3970405972367796,0.2631677934601888,-0.0968198450749,-0.0892619276339,87880.50600737699,10788.698353180844,25671693.1158
5.92027671442663,450784.37739130587,2.143724237937483,1.5923145512022554,0.41747716934480794,5.411224444363608,0.2829576436385335,-0.0906509565514,-0.0903510543787,63705.12685676688,34765.82604460128,8644638.93114
3.087523865043779,565356.7041951367,1.6123437630029755,1.9049604552831931,0.35331986438619745,4.0255868186098365,0.3164013419717054,-0.130407286815,-0.13014753426,29424.609820845464,29715.532124837668,5292692.68586
4.518153963149632,238953.84549420694,1.6592405303212008,2.6526316066758633,0.3689563542144134,5.065620094273768,0.3959652453071977,-0.0502201816019,-0.0500874060099,11737.798207350983,7418.619170044239,2827780.16733
6.350287016675558,123832.04534890846,2.756208779428162,2.827522986820888,0.1681023088941287,2.8616876144291257,0.09066638683061518,-0.0239872309512,-0.019556453811,40593.9327676676,11685.46564131209,17525157.9224
5.470901729732525,330547.58396873146,1.8597299283098854,1.8322907278535505,0.22386341557301537,5.3154502926702065,0.3995932604984697,-0.0685138494143,-0.0676087922869,21402.982898099333,10358.263416048374,12775551.6709
9.890069681933985,66445.87211471135,1.7924374072479459,2.1953217588883827,0.17601580532375305,5.695386496770784,0.3034557809938309,-0.0105535677309,-0.0100166482296,13593.791056259519,17394.87335471621,9608108.61199
2.227957773010598,173310.67399897886,2.257367176875209,2.20548607190581,0.2511200105313341,4.541932062185953,0.35109295018486575,-0.0407080730815,-0.0398991350034,45230.16501374957,1192.29377184582,6256126.81554
7.256300986428344,124732.83315788668,2.6531206970437693,2.810362958639601,0.36960365268875284,2.423516085895209,0.19739829417834293,-0.0220451938226,-0.0214857288066,61994.172851044124,17868.411407559477,6259036.99878
4.638868912938629,237938.23007824854,1.5929197778684818,2.6441985793137084,0.3481650945110813,5.581179256625355,0.23422407656740213,-0.04948560082,-0.0493497406515,6313.83036108732,7895.439108540541,2786163.33057
4.853796534330533,66729.94500132922,2.3652118794573838,2.269615827552075,0.3642524375646866,5.169950909480285,0.1540246188442641,-0.0130474318034,-0.0127990469179,16615.967904461868,8383.354984052936,2546986.93778
7.458379890923586,19105.04672885871,1.67881566426086,2.5061208007076603,0.342237944982263,5.003511106057959,0.49068499883783234,-0.00316678498429,-0.00320117685419,10538.77686624465,34289.32034372735,3061147.95726
7.231925361919327,394076.4027780191,1.5546915762384277,2.77103258086405,0.24556007848655076,2.1469127556236622,0.2736513376296425,-0.0741962852146,-0.0738695087471,17706.020097593228,43719.79177096984,10869531.6602
9.921303943319694,366149.3869738829,1.579115928243326,1.5143084310383175,0.23557762407054883,5.195850101027885,0.49823461210846903,-0.0630909778253,-0.0624636259205,40302.87549901686,8070.240693652468,7720872.78797
2.155548605087127,425015.3616231967,2.751246162312662,2.104335046575073,0.19797088923780343,2.551804041873428,0.2704036901275699,-0.103590343713,-0.0943079748983,79167.80442164464,50651.175910653255,25173393.4094
1.936986844457497,396231.86416280636,1.6769587254420923,2.860864750915618,0.4471748062162222,2.8895447047875535,0.1488880689728303,-0.0919719483297,-0.0918057206056,21711.55612158932,30664.413446630566,4119710.98809
7.51904935415867,68576.80868543011,1.5677270466184379,2.610469546265927,0.3657677754894355,4.30853933947703,0.27835357853158554,-0.0123058428792,-0.0123284355588,18009.956648403695,34986.822776731824,3315727.0927
6.205482253057681,174647.32882538778,2.1568498307143686,2.314262061501112,0.21527885437642091,3.059923091667532,0.06781800730958501,-0.0335056442115,-0.0320621451193,46510.74356933881,2452.4151348285463,9119034.86537
3.4674459990382527,77715.96594021142,2.7659902079130374,2.2944667905527,0.21202328293743383,4.645392825247679,0.4571464106398781,-0.0172135566764,-0.015213309307,19982.1311178042,6386.555117683019,7051137.25043
1.7147743209008794,505783.4412291379,1.893612564733953,2.0216551464066566,0.45556246053414784,4.432281790796326,0.4183476130374985,-0.126758623256,-0.126597537676,31410.989146260847,4599.777991441724,6779085.7693
1.770924246367875,448142.193213314,2.1325689262888745,2.2807808004622716,0.4099558023171618,2.4325983920530505,0.3766192343124281,-0.10668832354,-0.106263774712,48664.49138103894,45087.780157765395,4842054.85261
9.047717871977065,120916.20175094546,1.559883798845627,2.4830747991951796,0.38078967796687996,4.624058318366025,0.324422021949107,-0.0206447612953,-0.0206411029694,16108.424728016449,37735.68032157952,3439883.77683
2.726805922468686,204785.54429393605,2.1736177712023137,2.1275445576431897,0.29240243763875495,5.69581963929972,0.3109254051516634,-0.0501952276224,-0.0495275247333,43742.3964595458,9234.329275847564,5708743.8024
3.9103440590396867,579968.9953585286,2.3664196209557007,2.5712297195882607,0.24169144749748112,2.6444396207433325,0.4985276963357583,-0.126859107251,-0.122640690586,148025.76726246809,31173.123154215635,18855445.6286
3.039907620042892,356495.6147277909,2.356360580628217,2.7918483408905788,0.49280776708948826,4.38824808377155,0.17509884530897207,-0.0779995688354,-0.0777035962755,40221.70749745438,40443.607930041806,3816200.81669
4.194966752487436,480693.35838069435,1.9986400382615477,1.7320272722772918,0.42903385125798,3.3674614877467763,0.40085796441451005,-0.105474407847,-0.10524804582,50779.019419603945,23263.22426676488,8327756.2895
1.6248145847148403,158754.6208612375,1.9732997709947033,2.1773205342261366,0.25562272809769676,3.838446687094416,0.31163214659614585,-0.0382138370893,-0.0378093446521,22411.600072140845,2171.5673063224,4268608.18284
5.671538118174434,126031.75210758313,1.6599354284048968,2.1120301369276215,0.4466476786974731,3.1480007163158796,0.48914624469149837,-0.025817044821,-0.0257828524162,1356.030438451785,15351.887228556008,1504215.29844
1.6085130723299341,470350.15730792907,2.050197480969403,2.531197206074592,0.41562618201513846,3.416522545390781,0.4225114324842136,-0.112475629933,-0.112199222752,27248.910210370406,21507.43171733347,5449008.79675
8.203208570401255,411523.4731388641,1.649242003309447,1.8748011978868941,0.2539781924572994,2.115647293066229,0.4993363008453167,-0.0767216927385,-0.0760893705735,55692.380974516396,2493.9863412887644,8724597.00867
3.103408737193897,408586.75752705825,2.6498939170680775,2.4603763724284144,0.2992934989845739,5.926206951668883,0.3147462475081009,-0.0945713563939,-0.0918875236469,155794.0167437058,37765.342285798826,14128761.033
5.860107231440596,331580.74909751635,2.9494114466222787,2.8162338625972323,0.21508370588685932,4.499199688290993,0.14204478089522077,-0.0642463474656,-0.0571628986643,107724.73108127834,25021.227700594056,20033097.1706
8.920711788053124,338147.0056659293,2.9551116850000603,2.1271973996904343,0.18886835553233827,4.002822361975541,0.27665916606263025,-0.0604919506892,-0.0505835969584,81140.97374726475,29178.54976231627,26477624.0731
6.8578963214247475,441418.50318375224,2.797606649063091,2.86652354996883,0.40296671149389385,3.534861398001307,0.37000001032275853,-0.0807711522271,-0.0792577155346,163309.28988292752,39929.70984401313,11412584.531
5.796620078962018,162001.48867271718,2.4011882240094287,2.9897456084002174,0.2436291500738533,4.15749823529611,0.3984621737817146,-0.0309401776598,-0.0295986353948,50151.33210253852,14546.313977166887,10229005.4611
3.9190037780383804,211661.07951417344,2.55129854586582,1.6591380749219282,0.43702077801118877,3.520423994863216,0.05022949505717461,-0.0455781156428,-0.0453036669926,46462.919353616315,33736.09496269706,5534267.25954
3.9970172175237813,522982.062312033,1.927808704020621,1.849579781977288,0.4984630490300491,3.439631709974693,0.27726218982603235,-0.11493518276,-0.114817722461,19538.89315935868,121.22588737023962,9988247.21747
7.025382596783711,185319.12060729467,2.446155630258931,2.9255696272231395,0.17681693487537703,3.8557861668880524,0.15585556098679096,-0.0339051091914,-0.0302737228917,50017.35216270913,17020.5709722722,17589427.2467
9.947254250990508,327785.74282757944,2.1834743241598162,2.93749152972208,0.31556229377929507,3.1039321346847633,0.4437103249646548,-0.0523773032856,-0.0516231017699,61927.529420530824,49011.64600780769,11633472.3738
6.9565527086444074,421583.6784040104,2.2230260096653987,1.6465609130801377,0.43072189575878106,2.7201995998671418,0.11880744982260286,-0.080846433434,-0.080492260267,87424.94927047494,48654.94532892122,5709611.06458
6.020050756330225,599954.896099906,2.636664840562737,1.5224977505657051,0.4261328137894317,4.226423592721174,0.34990531230867505,-0.119825104939,-0.118923885381,149149.75540041702,134235.14558371273,10916525.0866
7.575854592153215,261174.79889719916,1.9228775333958774,1.7416500348846333,0.4159990054158389,5.371061744601205,0.1697279856462162,-0.0477575956584,-0.0476074946333,31436.41127159832,10955.188483608283,3013683.59857
5.186850510553463,256855.72597496628,1.97705941754178,2.9940191750733725,0.2721482273556688,2.611312710903569,0.2104439644464225,-0.0511707608989,-0.0505493385308,36562.47339183791,18695.395191001324,8058367.65286
1.541281083407067,505553.0276602005,2.886962686692955,1.7699994249160302,0.30884863948976826,2.1309373624168746,0.47325166734058016,-0.123473384265,-0.120114137453,101099.61898523266,98663.40660340207,16590774.2543
6.0606713429011885,483301.86675591796,1.5843364422764583,2.2538214100830345,0.3582389250695146,2.9872469806161446,0.15820165643363576,-0.0964902184843,-0.0962893356699,22772.25608724522,14508.822505595437,4663382.66821
9.618627560548422,438645.5290407291,2.2284514476200106,2.7726265896457667,0.49087920425064,5.918882573815243,0.0927512428203188,-0.0677401291081,-0.0674563888934,61882.292970744114,13894.445752236432,5283345.11108
2.577726481218937,277937.7824454173,2.8692012006117924,1.5306024160323095,0.2646415448284725,5.315032294973357,0.08117820564990164,-0.0930384000889,-0.0894022635772,128858.61331441723,100836.42558437072,16290645.3619
7.210044017385991,194363.47209642947,2.4155445117272354,2.406733473387689,0.4731003607009002,4.383464214114387,0.27707679954475795,-0.0351428913222,-0.0349130761936,54785.14159195416,3305.090009383994,3582900.43856
2.8084031979315083,365238.2895509092,2.3196106113181982,1.9155381733044365,0.24427492136317291,5.716995660972543,0.3387701670279296,-0.0905794707464,-0.0879854960452,106642.25682526633,43510.252104994004,13747939.5025
5.822449160257731,525733.9758789846,1.8746162688440329,2.7935023746595973,0.49617606291579663,3.7811164673489785,0.19728213960689922,-0.102916911667,-0.102739780337,10751.366353716707,20206.27143342313,6288708.69266
1.8700880468204766,530266.4749251519,2.0149132335966726,1.9251917238961187,0.3845922903896571,5.933122410300696,0.36061688380688633,-0.14324085404,-0.142836048549,75183.75483830077,22231.757420368584,6134352.92969
5.053338426323666,65099.00704226306,2.7780726237070397,2.5301335804228633,0.3122290181254928,3.185208180477136,0.07746517335795702,-0.0122913668735,-0.0115825421016,31219.513464940184,1672.3319292732633,5273957.58012
7.805469960057215,257010.1702878904,2.3388271976526873,2.5113294486710953,0.36468664982226173,2.9612229980637563,0.43580059021529455,-0.0462489486141,-0.0456461087813,79150.39580979895,4461.256136116297,6996873.56271
4.128143718150839,278833.17371924967,2.2721132906351698,1.83224032328946,0.24538590916407238,4.552192804588044,0.417455244382657,-0.0611867142514,-0.05929482833,30095.273545427215,32704.325892568933,9597740.72957
6.984205520384962,586569.220514252,1.6493695703100433,1.5521987998025253,0.2459608501290133,3.5126158718014415,0.4934733221264385,-0.11644633787,-0.115501261629,77184.87465106123,25506.407172115272,10081673.3109
8.159049647107562,406798.8091455507,1.5240422346826847,2.113874360678096,0.18974409034522283,4.505462167905032,0.4714272414058304,-0.0751213754033,-0.0741139982824,43803.73718146678,14178.794740684594,12125733.8302
9.344600375315075,244347.85035724234,2.945527783030574,1.9337897279488045,0.18991760419688955,3.219982073210743,0.21028872376351765,-0.0434805560567,-0.0355048851834,76227.1939599591,22772.026222892255,22317852.5729
3.111778736699082,15634.7315913558,2.065479250930262,2.7134666244205627,0.27168510951411895,4.471673027351964,0.2296739228070097,-0.00271712034956,-0.00269176755146,193.04884606245824,6854.947942132305,2680888.77827
4.593843242283773,339231.0960595175,2.4048195931492566,2.700546282683018,0.41699941726373,3.1029850423401455,0.38568418136521676,-0.0700093499607,-0.0694827000547,84933.26677756204,13060.271150460549,5707184.64296
2.371744119973757,57645.58538301368,1.6195726097809275,2.185535928288938,0.3627899086593569,2.2038882752755597,0.11033724737974243,-0.0130928545397,-0.0130765340742,2588.40122660355,7136.832433487397,1157646.47138
9.932351519425376,500669.9744086578,2.5246714285845697,2.4097683379848283,0.18590459611585727,5.648543607692734,0.1913066196101757,-0.0811595890788,-0.0723695939932,104548.3107560589,14638.575518171981,28684715.6936
9.343008711318658,451511.19634221727,2.8988500630589416,2.4063892739803876,0.4482827837415688,5.532820807493849,0.10334342163904173,-0.0696787452039,-0.0684634490319,177882.4898504727,93509.3221202366,10154592.2807
5.859614172525037,276305.49594490725,2.3634978794961294,2.7407372226414353,0.36047866944652324,5.883192597090687,0.2546989020827741,-0.052505951463,-0.0517580230995,50900.19785580999,29096.269753243832,6204055.27738
8.578299649387791,257526.46772501984,1.689172983563116,2.137503621184796,0.48629945187467283,4.866108704885619,0.29840192594839293,-0.04561246035,-0.0455566082917,98.91365808928991,23295.095215028097,2235433.44785
5.6886217954483795,538403.3793412612,2.372582291210215,1.9131700196857637,0.38456491359392264,4.730884710941211,0.14502221148323857,-0.10653510969,-0.105712938584,98832.39904714939,75140.97079690642,9107509.9148
6.612271192024838,173075.01025087704,2.6495208196569786,1.8975523772108212,0.21131120229646333,4.236012280299323,0.06198425911134725,-0.032959561763,-0.0297215277114,62845.145601082775,26134.928317390542,11540118.2011
1.8021198890441497,149411.97726406247,2.1096248048610278,2.3042884189233064,0.3158241768077378,2.5037696654100907,0.37371012428773537,-0.0350646898935,-0.0347163742836,13486.473265212573,12137.350751708482,3004786.60168
7.797433784471272,563518.4596954572,2.8197566219122017,2.1737223040983187,0.37697415914152144,2.75694124379708,0.05900232399177583,-0.100466578016,-0.0982172429905,233137.6814655914,110220.46336367063,14775629.9689
2.1494213527171135,485547.50205208955,2.4730244300360464,2.160181156477404,0.15989264536749218,3.157878754690145,0.48803117401776025,-0.119449364402,-0.108883151109,57919.5485978305,26454.80679561093,29234353.3394
8.434608672272756,492375.3558403168,2.8488733774338035,1.6367060086345608,0.15521859245418276,5.5606254502935775,0.14972326553407794,-0.0909262333325,-0.0758271206116,93839.36402636666,60019.9699857613,33893665.8916
8.038252789033473,117116.28856555531,2.435257966871006,2.5779056110352934,0.19529105020949877,2.6918780984123005,0.348755041452331,-0.0210118390509,-0.0187223770436,45817.84220315566,16345.086514408067,14330576.624
7.378702279686788,85977.59485856065,1.6969319580072364,1.8206050319728662,0.23808255226591474,5.6914926979515625,0.2456382768079951,-0.0158024114297,-0.015559836324,17632.808691959402,7023.386122068765,3853245.7703
1.325443424722859,15617.72989028094,1.9645375666577838,1.795430445313082,0.30034219323223643,4.091142932205669,0.07685323715169824,-0.00478155530901,-0.00472983453605,5248.07506598037,1206.968225446363,874836.470515
3.7281552035079573,142224.90535120803,1.8026924223786853,2.1191374804160903,0.3206041658159259,4.862278541892289,0.26248262298551034,-0.0311482254733,-0.0309933687813,10292.533495191617,5089.440595394181,2589191.97276
3.368013129197586,464514.29502859485,2.8632397465752932,1.8416675124267021,0.19830966312826387,2.440977946722266,0.28254228543355986,-0.107766640438,-0.0986813933718,119857.37623317969,72953.46210703395,25257713.7377
4.241227667243672,144023.05125848987,2.640600100931224,2.375787400962023,0.38568705269054077,3.0761341951036436,0.4346074436417908,-0.0300948221718,-0.0296183444328,56180.59897306254,13485.455067018745,4327657.36308
1.7887847208745469,437461.97015692573,2.514597553365009,2.057195009001707,0.3586483215937872,5.834074432725705,0.3795570813415541,-0.114809467989,-0.11367854258,106898.15074878291,51166.87084368008,9111010.49833
9.432620407279565,151144.9592204529,1.9514494794474326,2.1733675838891853,0.253062434594406,3.0645997877189255,0.08568611363902387,-0.0250225911839,-0.0244783337644,31602.120786500585,15465.356552701298,7824953.01909
5.9842201664113865,237175.498770403,1.7760671580753202,2.3057539824060433,0.1547809592023522,3.1860868815645844,0.1441232075445193,-0.0470642541126,-0.0451105992525,24995.085247863084,6104.9564605233945,13098744.4143
3.749718795922212,589897.3739468451,2.6346766319833677,1.8053032837227072,0.17717677037365176,2.790389539364318,0.19034945789672647,-0.134808181257,-0.124113891834,114467.91252616736,71240.19824779926,29673450.2344
4.5728336536685505,146887.03877048136,2.2112369188186194,1.7336274342982947,0.28709317142879376,2.516294661227318,0.10238345890916876,-0.0310202738016,-0.0304300629388,43183.24164699492,18799.112976398894,4826918.90335
5.024822864543521,225822.3763789606,1.8386843282259437,2.820632854310407,0.20389102290798936,2.933030565815992,0.25560458191152075,-0.0457051721712,-0.0447497511233,34002.77037591513,15793.906893097961,9926963.0531
6.405349000245556,180652.3082791282,2.4249329672479125,2.1505855542471313,0.28188686215178976,4.569307567803193,0.492939135888141,-0.0350102860637,-0.0338452347539,67001.35469517745,15046.694563819188,7592218.67178
5.6411148492684795,65774.99179800137,1.560500778207678,2.118140414448809,0.3698639115786243,3.821470934014254,0.28157575605699275,-0.0131518139228,-0.013132812137,1179.0808433467635,15735.458456918006,1557540.26428
9.274527758929755,293936.48527849495,1.9892553811923803,1.553418225409262,0.34153309975774926,4.215023345351595,0.3838469757454262,-0.0511367927225,-0.0507258092895,56505.65769754457,24233.199684796364,5878785.43827
5.472671346152472,227214.39799980135,2.202835491886702,2.24696445388109,0.23091155909808797,2.489459315064097,0.3573220089647058,-0.0464257719846,-0.044807496487,61879.48712084827,4785.176548304118,9701767.23925
9.929422133409814,416932.25148436805,1.7219375011641087,2.3312545824165003,0.27033787194056336,5.2084657886516,0.4324601457914621,-0.0691111440319,-0.0685364602362,43658.90639273002,21712.552749226623,9695631.50464
8.662824619705862,490556.72817092773,2.976981716386259,2.338261306432,0.3649109194570277,5.136378802319392,0.14707557070952426,-0.0803372784266,-0.077549904191,230623.7290092058,120370.60028199351,15688749.9733
2.8765946292160223,326549.8286973831,1.8136460468844213,2.5605467539843265,0.451299259815207,2.0863596445707016,0.3892218177618627,-0.0741215686933,-0.074015164637,4208.776165465009,12728.18508952408,7916382.26989
9.375356931795245,19317.853252402118,1.6955296950648984,1.7662227524865177,0.41362470355860703,3.53406037804122,0.4466098581375873,-0.00328560904404,-0.00325470547616,5391.3538795027025,10705.891255707265,1408897.50443
2.0472975809692846,371353.41374083294,1.8053023108303445,1.8783347013459282,0.34369000939169525,2.2750824078845913,0.12717942034110924,-0.0883613080233,-0.0880241345536,35198.995349995916,27145.961279402163,3968132.31665
8.357047376420724,33234.438012563514,2.6535916997395863,2.7160956978456188,0.27680254941077015,5.168423117659833,0.20606099890460167,-0.00494500687291,-0.00425202800478,30299.227077493415,28790.893809313002,7532323.92372
4.4256096412892205,369813.79415941495,2.1382584889077645,2.920755925265091,0.27776794713963193,4.949078732502818,0.48654579394920267,-0.07725953626,-0.0757832312064,52674.44299914817,24000.758914982638,8990303.11219
8.901768884005627,411017.9695615131,2.348123909628807,1.703899121050981,0.4577960585925386,5.607952377172625,0.4013545306909066,-0.0711869217808,-0.0708137305659,100037.53185493713,55988.29433260296,6021030.13991
8.812510210967053,118660.57657051105,1.5315137354795412,2.2464743317578275,0.16373525161419122,2.9456158358124584,0.1771658746418896,-0.0205054952644,-0.0201860546834,12700.577027726204,23849.58884716354,10745881.7325
8.253328601058591,491607.6892330626,1.5516469628599718,1.8212643791093803,0.49579392554709134,3.8251835325111956,0.3037737963400191,-0.0907453214559,-0.0906797449823,2658.7840170007803,21795.560070908385,3887602.2678
8.110273926763552,546651.0789444292,2.1687383247405245,1.5901097525324737,0.3825313937980468,2.737951508657591,0.23194675528226544,-0.100464819331,-0.0998430942309,103062.5525761812,58119.68842421175,8450977.75556
3.742112251882367,487852.17846829176,2.7249828648024352,1.9882550071892031,0.38839819467533665,3.484939737896478,0.27048432934720845,-0.106444784728,-0.105206287154,147496.3151977147,91047.77492970221,16966343.3766
1.7282735474612696,183065.5141272493,2.827858318061348,1.7155314377763191,0.16329924305665974,4.088973006267536,0.20982478612581884,-0.0512905387586,-0.0430954310387,68104.58839149949,26478.492673682227,16569890.8478
4.626821608886453,351985.80746738065,1.6300598513934603,2.5648996101513695,0.3619352462119453,2.213323159354356,0.1756989583386533,-0.0740582513589,-0.0738962701421,16741.00778273513,18983.92689923834,4045874.34721
2.561720634878578,548889.0895147367,2.3075446531515342,2.3005881205071668,0.31967232103165644,4.859481642709541,0.35364336862613843,-0.128164576364,-0.126678358216,54030.59942789463,44410.372013552704,16367228.9323
7.254559800122156,192398.83573370994,2.8698445294189057,1.7157517064854664,0.18702261741292345,4.173173441484301,0.40034381678875286,-0.0381077239004,-0.0322721884463,51718.47882492675,31655.74339025521,16515405.6858
4.11489753884007,492016.69335925503,2.0819591315968298,1.5138623826082716,0.24727270376927568,5.315836068842693,0.4432807052363052,-0.110575410671,-0.108680505085,57554.966595029335,44371.25600701493,14567357.3121
9.780491807739233,5685.078757017914,2.7443487471425527,2.712235573536319,0.46161005967477786,3.087122004764789,0.11989848529318463,-0.000474103712231,-0.000313375362124,34721.65646188427,32301.310915108043,3584140.98947
6.768748696107988,2188.021670805762,1.7005434815991542,1.7642916092463712,0.3424959455530835,5.613284421077018,0.42028498564035827,-0.000219486131297,-0.000189571035293,5466.361919750168,7442.889387168772,1349689.10559
8.40232507270925,455826.99620338046,2.903091734501698,2.409324963331149,0.29469580131086803,5.994777012121773,0.1646603710146786,-0.0760780120361,-0.0716737019363,192752.2381134748,92202.46671991881,18588925.5762
2.192722054676636,456868.5492762727,2.6271349762969542,2.0053828696151186,0.17543875454428381,5.677193753510698,0.2423013754595228,-0.129352022274,-0.116282647135,146283.6885381362,61119.65453351194,32553998.698
8.758130340453603,473386.31271137623,2.9120015891803526,2.378228907472553,0.399942534590807,5.111569903332617,0.45564965863216095,-0.0796900886179,-0.0777738636368,224194.21728865802,87040.64652386623,13305280.075
9.30481471462055,558016.1027328974,2.5149258503287597,1.973480440473486,0.39599778818861137,5.249475211495123,0.2545266204421709,-0.0920788968508,-0.0909283677618,173654.91419299683,80639.71422368765,11281747.2386
5.3835572693704234,70743.78709217053,2.0451058979991403,1.6304093410383813,0.36491526244039724,4.294976970178346,0.13867859031994229,-0.0141497558322,-0.0140275683457,20789.320696586812,7345.339069604084,2007980.47008
6.456276439758797,139190.990990213,2.9072717587870835,1.8344250128366304,0.3285919261772272,2.760615451650442,0.12194089485670301,-0.0266585015563,-0.0253671176614,86463.76097512369,50324.599560108734,7532413.71456
7.883288208126959,542234.9522242845,1.9133501644637678,1.7820878497186134,0.3018245407725804,4.708162740590869,0.26284269499346025,-0.0997951116599,-0.0989374981464,95343.80617317419,35070.32260816098,8983113.1191
2.573547645343713,106341.71866341206,1.9982587830925989,2.142029028659466,0.3576448825457973,4.851012008239726,0.39320259078944936,-0.0248712820299,-0.0247518635064,16155.547062188118,3526.781881097611,2091111.16143
5.523094688170982,409337.5605459504,2.5512126270026103,2.487425675139236,0.23168840810494234,5.941540561071623,0.49874231478843556,-0.083624631767,-0.0784783488411,52117.436394209624,41052.696980366694,19037445.6789
4.587967249950818,318277.80002448923,2.6479744492880792,1.8957091124195364,0.4794406724621767,4.165205265025287,0.40433388279390586,-0.0670580738411,-0.0666921770395,84724.42777961362,49092.965310518135,8951250.80217
2.317365929460242,49916.20611090435,2.894105225773731,1.518104902950927,0.3560780852130803,3.0854760601002256,0.4446553815242841,-0.011672303402,-0.0113192840391,16435.9320786403,17258.862783016473,2599183.49441
4.307809800623783,171158.19716491972,1.8072036135843144,2.2784060463971354,0.2589173555240318,4.734690086958027,0.3865245624206996,-0.0363790954219,-0.0359450762771,12339.654178655153,7361.7324548178985,4332916.89345
1.6135507844694421,312223.3298645807,2.696997052828836,2.408639234038458,0.30738794780980505,5.917503278665818,0.4529457953402477,-0.0793344865707,-0.0774747787575,89222.25552433477,38269.09834092389,10500466.7359
1.232307162545383,511410.07001030043,2.607819080095445,2.9443057410027142,0.4319896761069123,2.708855633076376,0.08433209449126097,-0.120377966506,-0.119491973376,69084.11043939591,58405.759869952046,7533348.86294
2.2164966023934047,424523.0937688042,1.5956918343803967,2.38420620463987,0.2065656212556041,3.3039916741424107,0.4684692195417405,-0.100112293783,-0.0989965985817,26528.217097877237,13350.488364977426,8702294.03111
9.668036004302564,373129.89687295986,2.0808347118153105,2.206758839067213,0.25249246786109114,4.167523815090725,0.22838276917654526,-0.0616249044826,-0.0600423941786,74452.43943209258,1228.686651983727,13141656.4072
5.945765823055153,297619.7339648489,1.9241481855901479,2.360102438846556,0.38782780795779437,2.6808585395280193,0.46472640047620006,-0.0596093826046,-0.0593863389196,39829.1956141254,9932.98898483993,4217194.75518
9.69239945037898,179210.3902884806,1.9567356365310455,2.8918509447930405,0.26042122226877834,2.0888825580797534,0.08407977685676402,-0.0287666859506,-0.0284632199973,25035.210086359075,45708.48621311708,11235795.2027
4.892480904971188,71546.94679155671,2.9744203193320513,2.7425672184024696,0.42737558865151304,3.3479324897650025,0.3718593307045111,-0.0137329666537,-0.0133564723476,48873.34020615424,575.7615528711957,3806050.02459
3.806345197767336,245445.62073965732,2.464166120219892,1.984468100045712,0.19565872051207628,5.461483206004232,0.381059936901592,-0.0557864532577,-0.0518630065338,23369.87786661787,19179.1811789896,15183296.1168
5.555276765562197,17111.096346775546,2.576514236690249,1.8558815454857058,0.4169401596591129,2.1738735972948593,0.4986099001839977,-0.0032827476325,-0.00311581188405,29630.52523403349,9069.28049342856,2094198.60405
4.955605197696191,126633.53356011036,2.9649264559725137,1.8939504185491105,0.1739231001976982,3.71571623606767,0.3959848718104162,-0.0278056783049,-0.0229287831809,31220.375664531242,12841.491717843472,12568010.833
1.9509821583556952,259490.0255235959,2.0658026736864583,2.2566315595728197,0.15440741443362316,5.04880309170433,0.222158167617023,-0.0692244830336,-0.064946702996,39207.26326966196,139.99060877701618,16997299.0432
6.767436832211856,251163.11140314903,2.7027602526792087,2.616074176842867,0.4643782315912567,5.8127303876435406,0.3007618482283454,-0.0454003362909,-0.0449338175023,84099.90389698406,22797.39369455985,5105195.42814
2.9443436425863965,26577.25859819544,2.151796444956743,2.254828810774443,0.3534687259263045,5.941901596017729,0.2149479221749656,-0.00632371603317,-0.006255079945,9578.323271807707,7611.455941420085,1525306.20643
6.576291594080466,353436.09211517475,2.80430050772247,1.601694593742169,0.273139413980384,3.6878775224349667,0.13820839038718616,-0.0683643661753,-0.0649912055223,135975.59299417122,90248.85015096232,15687391.7541
6.85180983158338,329810.55351194175,1.7709863119669547,2.5853710506599716,0.23140812293734764,5.801537177516471,0.16182604737602307,-0.0609681837928,-0.0600523114069,43937.843090465736,2295.865325004529,8569335.73447
2.368223678157833,46862.5824125477,2.921529265596419,2.708955193006431,0.3659100241412856,2.141675893123455,0.14990474042344443,-0.0096917220228,-0.00935141510601,24083.46765962627,451.2113974258646,2983960.67497
1.5521466439960134,565897.8314762636,1.8281575626163196,1.9342467976795794,0.3281507642378584,4.983667751994226,0.2969668985734458,-0.154315812812,-0.153832170732,65189.36244377006,9979.709003821625,7210022.21846
8.026854274615959,59629.66737051607,1.9893307604713972,2.4961886089250256,0.49705922143549475,4.570984138534452,0.457772285539352,-0.0105233093984,-0.0104951805601,952.1401409196259,29603.11689953618,1889544.73645
5.138203813923882,512900.4907424016,2.634288351160171,2.13988785158159,0.49412559532881095,2.9980874303446092,0.46072698173977894,-0.105546314779,-0.104974264834,145618.8856800749,72630.0941432081,7149980.25265
1.523474159549282,185.8391490035638,2.09063271234811,2.833679033591164,0.37225859814956336,4.029274002718596,0.07464369988662148,0.000407994806406,0.000388806551871,3477.380697034658,6523.691716907677,1162460.83087
9.953796854527905,529368.6570272299,2.41231706514967,2.76783833724111,0.3050046771370617,2.5182149510419825,0.08595473042835208,-0.0843613880761,-0.0821003118674,165547.55471855545,5121.3955784192,17325566.3017
1.5200250489672997,11831.839322587533,2.1668602516041426,2.2881479974644634,0.3218993391971317,5.486388603806244,0.16030357572755458,-0.00299634891587,-0.00295197027737,3767.407804133429,6095.259668045509,1149103.30196
7.255317059726979,454687.2191352696,2.6135549056346727,2.537258318720392,0.38886767318290166,3.431592342182592,0.1647767536112637,-0.0819407800214,-0.0806510685887,162645.13950042834,52255.88552760356,10064812.7559
9.853110327370722,217014.48678015175,1.8424968785529163,2.825024551533156,0.18555109048238347,4.504177881862866,0.092700128857663,-0.034084374971,-0.0331209761345,32312.10739286529,37174.27873017025,16282947.599
3.1526209379433308,442930.0800817919,1.5876869808553156,2.2435755151174135,0.26492322583375133,2.635105145149049,0.2248085035280482,-0.10002872487,-0.0995463003427,27751.90479147818,8240.218947422487,10152155.3059
2.2802443181847654,241047.1232549871,1.9498940962095994,1.969876110733233,0.17634528435126134,2.8246593785248284,0.3144764267110792,-0.0572539913024,-0.0550072516977,25497.188192100144,14226.365619778095,9399452.40328
2.09246445480186,42544.75339910504,2.2114629973026454,2.6304992068643718,0.17567626583092183,5.967825483212608,0.31017299026975864,-0.0100334415177,-0.0093918907006,11178.797993674825,10621.549123863522,5787124.17878
3.72947632810836,460504.01723721845,1.752030078289018,1.8300993821770377,0.2185437346629818,5.012345577765317,0.2945433565663667,-0.104057353593,-0.102711571524,38009.61715711627,18587.789341008745,10893868.2168
1.9094122990958202,42751.611192818986,2.032195934484583,2.0827967220090633,0.3198386391076294,5.847887479096283,0.20240236619937374,-0.0121732966538,-0.0120844705195,10092.073780884843,3326.9156797981054,1488103.52101
7.229452075247187,553272.2615767308,2.0999745274403527,2.7985908556601906,0.42467101240697624,3.1834046608481765,0.3679050583924613,-0.102325976004,-0.101879689146,81353.32399995394,21154.61193623069,7456930.45167
1.5606261831705641,30584.421474996827,1.5860877655324104,2.5866335104039724,0.3199235619080554,2.6582515064792815,0.4219177734414821,-0.00691844215531,-0.00692125598935,2474.133463292295,3531.4448176490255,1230150.62643
5.584799153348108,287595.16666290927,2.374960872276307,2.1057165078712488,0.2674168136963044,4.012273853915324,0.20582341991483383,-0.0573098821026,-0.0555805046143,73303.34411529817,34680.52997846674,9895003.32335
9.970271684676792,433820.6585104774,2.826515141956931,1.8221167536125362,0.17882354661786534,3.9786731289093735,0.0884909116847579,-0.0731572362529,-0.061696100282,119111.66280767317,50792.32629930821,30431940.7255
8.325732425554168,235947.87887522264,1.7276143694295787,2.033952586248355,0.34260343311409536,2.6997860550319515,0.18334861299133542,-0.0425358358107,-0.0423702391919,26595.07771156455,14809.75265908846,4011703.81624
6.536974944079098,130340.08475546082,2.396712020102271,1.9261562238411494,0.24494400526911186,4.93287827832564,0.11181589455870625,-0.0243270272322,-0.0230350727112,48317.66519776882,15992.893806710019,7095611.97577
3.756282587079505,455454.5768376162,2.4971088073662693,1.764133931915781,0.3652269622710016,3.4471101377549362,0.2603114272522314,-0.100350957821,-0.0993778337576,87347.90797478404,66259.10627316813,12648724.0215
6.6150625266247465,470576.82287323585,2.1290020206289326,2.6149993703484853,0.49201570869634637,2.745460923722069,0.12017081809223523,-0.0891015720895,-0.0888538195885,57395.26770832346,10941.40480816851,4796482.50677
5.743373175204865,553616.9903726203,2.551646381046405,1.8781048302752572,0.18896001251714256,3.3279335781731536,0.2582801409460898,-0.114902628867,-0.105984124775,95947.06955630572,64778.78672388415,27200673.0487
4.834750455013343,225699.0662586466,2.116097315236518,2.1812512052516455,0.22424388955267896,4.25463479854006,0.1494513015460915,-0.0462484188896,-0.0448564517692,36557.393186036745,12955.426516829028,7947716.43802
2.1763933906617954,303751.0406983961,2.2569559319661523,2.0787891702541637,0.3155830883347811,4.905883728721773,0.38242899745808134,-0.0742457042721,-0.0734228195519,73223.48338870853,22748.80529457581,6936289.01506
8.9794379371642,217877.06570764323,1.5110295668316405,2.9731160679534465,0.48901483537107526,3.927563544229938,0.06240570837613054,-0.0367814336922,-0.0367712254374,65556.1816742396,71715.99899541443,4083059.87781
5.048061839391902,154249.09311082092,2.537580171202033,2.086638366222331,0.4201334216944984,4.1023799593134935,0.2996358367243665,-0.0312018500619,-0.0308873217052,46038.900566395845,21299.053942741633,3832594.86676
2.7516026063868857,450619.7769225651,2.4920140184170867,1.6199737241951322,0.46438021760699055,2.5557837437709936,0.1262697237140255,-0.104305456065,-0.103950991966,90128.8360273736,50583.00569979081,13840675.0048
4.309834157895606,203791.10701017326,1.5576013159895168,1.634738628858126,0.2668001969665275,5.658763698832928,0.050446339011332185,-0.0448704042161,-0.0447009967935,9921.818810226605,4134.977685910128,4013089.64499
4.727167772760343,256889.66519541125,2.0523751610926997,2.3861305820295975,0.497213465822508,5.714896791968178,0.4411400396291632,-0.0539470994232,-0.0538291533308,16696.073829762205,20406.402723474886,2527275.69217
8.447841060101869,242204.1945744167,2.968547761187501,2.399045327607398,0.18599148562245507,4.733706361672015,0.3521875045163304,-0.0439870849504,-0.0360577423042,64094.03555321597,4180.904238283974,22147716.0505
7.6025294250526185,427596.7353880475,2.131104843852925,2.1281384857239827,0.16854051711613527,2.070525635736099,0.09452426992273553,-0.0814405547864,-0.0760873971673,63699.620937657564,2792.9104467273933,22726025.1228
7.923744042772058,550677.3756664079,2.2529181076977625,2.1477655384680445,0.44946091946890987,4.148296863613304,0.348832565457735,-0.099429817695,-0.0989592720576,112813.95557774896,33499.579091304295,6723090.17615
1.099281379857825,400053.6367844264,2.864895237239578,1.5808988742613068,0.4745427045724452,4.516875888354454,0.32524129973191934,-0.109111561035,-0.108570014792,113201.92950073296,98551.07954400526,7141059.83022
4.745385983617854,282949.55765653955,2.5758928137986343,2.274819765583893,0.1817048751411356,5.97861689183244,0.2630105091694415,-0.0614562499243,-0.0547239211942,52761.33551229064,19809.134468192948,21143285.5909
5.332097364717913,467523.0688433301,2.3731051966863355,2.2571092130705273,0.18969959936104452,5.984267820779188,0.23866614429152633,-0.0975072309936,-0.0895944914061,42817.9731213459,45283.2525032365,26722081.4811
1.1727304914075103,384582.7944732825,2.6967070220116085,1.7243239778354167,0.16161095521452082,5.4304449413022295,0.44918139331208073,-0.108890840516,-0.0970770567242,71399.92629808254,54596.12021249451,28116344.0724
3.3383188787053077,36366.21427068809,2.79654939968396,1.6557590791663914,0.18657764692495343,2.255323968104454,0.16031660895385308,-0.00828458710529,-0.00658628455882,15767.26964923209,5750.82001462262,5694181.41036
7.842608408099215,57398.15185130499,2.1853321076059,1.6853587358992357,0.2232969358800983,5.81310556311492,0.2292395256560225,-0.0102553495452,-0.00940403452045,31171.914932767857,4373.951750419329,5866563.69673
2.2339873515609914,22750.16644418,2.212662547397753,1.6515423697368878,0.4895268166185003,4.450644988607996,0.19810193580267227,-0.00598760338565,-0.00596040562706,9728.65146219028,4089.8543997073975,645396.198173
5.817791183073325,274089.79572379193,2.0790764034777536,2.41456229330514,0.3837510777838882,5.203547081916717,0.3970404630664851,-0.0541053378549,-0.0538309190146,33164.983345229055,2848.378989313549,10210900.0206
2.9368168481551375,495512.0606033789,2.950059210027691,1.7947239786043778,0.42249355893148977,3.6287713987434143,0.46240938780464275,-0.112910933808,-0.111550717176,108642.1297713422,114583.89547382151,11282938.3129
1.1090869717950396,187849.90161081124,2.5457493814355256,1.8771452282811951,0.4216487912920327,3.278677884938359,0.4324017644331037,-0.0466665174786,-0.0464114994057,44566.5398206519,18664.216408509226,4123827.63875
3.1708131183958734,230496.10985548902,1.6248345993121085,1.7603582162271596,0.3372758124227251,3.852976581935232,0.40896676863489584,-0.0529628189254,-0.0528281224668,14636.859378328589,12980.498522366513,2289954.40774
9.782863794190485,545686.2650207344,2.7944394349695276,2.9367529566727546,0.429121142199556,2.5874980518753077,0.49405547550653733,-0.0868704164338,-0.085335952334,206513.0118550323,23703.14713885201,13376267.2197
8.213834006946907,502142.06718999293,2.2208399112544024,2.7819261947277534,0.35853263633648935,3.4282645550132242,0.36371504768467333,-0.088044239404,-0.0871401058273,115528.40831940998,10224.542792801838,10770157.2433
9.636189798889301,399028.867429536,1.6031308596337313,1.8457422560272814,0.26009113416117513,5.4304699990731145,0.3879742060460902,-0.0684398317148,-0.0679424408583,39935.98406384387,4923.633322014471,7439466.53789
5.390686395337262,160082.26925535078,2.3245758827449663,1.991349440883189,0.3463885380689402,2.151801945043526,0.4922611428672585,-0.0329238872808,-0.0324600626406,56216.4631264525,13682.79169848783,4535835.50965
1.9876257880975317,70224.8896130661,2.125746418463553,1.8148392634574957,0.3367280051470797,2.603512187298418,0.05314585342962834,-0.0163181666628,-0.0161571363226,10593.44318927196,8850.262552960603,1629195.7458
5.931635400763237,9635.29360806823,2.8166241072939373,2.2378139391912355,0.4382085688157622,2.500464638597942,0.33532176939636427,-0.00152380584369,-0.0013267980921,33970.543357046845,1668.7630944652356,2441366.66364
5.089396011039648,64206.40356265252,1.8059919054140812,1.5294157987113803,0.49360452608358063,3.612302170800912,0.3825371893789803,-0.0136329044101,-0.0136093504121,8707.558424347642,1850.149895524921,805722.515876
8.599213744656543,175557.86617436566,2.7396969142382743,2.5070520133451937,0.29386489789732567,5.9879476035634465,0.4630221741907377,-0.0297212109544,-0.0279548073759,92698.39717586296,7073.528420911516,10405291.2756
1.8827432270582012,331074.0381476974,2.336533036778179,2.2847372247264626,0.4171867374544759,2.6934317208455307,0.44772993688295426,-0.0781544665084,-0.0777350479204,43661.346756303734,39170.99210142365,4506626.68661
5.394170233196004,38400.049651432135,1.5819154548202037,2.847958392451655,0.18491705141334674,2.5819305983970406,0.4288823065552074,-0.00690293224885,-0.00705301176161,1815.7072831652295,24467.141822095324,7223299.88387
2.3504379822458583,81736.6669910694,2.957767951988227,1.7465890264926212,0.421890979306901,5.660222919104617,0.4756060723737667,-0.0200166372719,-0.0197004086221,40144.20214889042,32061.334235405946,2872610.486
3.9220833420105397,108648.42138476463,2.2689228661547998,2.7061638690916974,0.2799959191976312,5.528202067863862,0.2918206345611684,-0.0226681463262,-0.022182559404,14826.188170391435,47.98873490310052,4997835.26269
7.636213696490197,379189.2557899837,1.9363152813473739,2.6879415217000737,0.16378655701139033,2.1289614799862178,0.053114043013172046,-0.070365610146,-0.0668883188738,62373.10921467046,15833.937340071216,22691336.6413
5.284163164318898,369473.8793880747,2.204110262983887,1.6907717838253304,0.277136162496762,5.00682384071726,0.05497447941365429,-0.0752941320387,-0.0741308462294,64312.38647625173,44205.77590772336,12090188.2776
4.382994566311924,330459.4358232918,2.7867866752762334,2.0978388362161913,0.36372496282257566,4.621862805905718,0.2950875750280361,-0.0693147628067,-0.0678033317151,81535.23536480499,68744.20362352539,9270376.30887
4.550286507130318,150300.85481756376,1.9573546865775953,1.7552289617167753,0.19173755868851328,5.070963239410836,0.2458725074887736,-0.0322402921801,-0.0308762238178,12414.695789631667,11472.975328147253,6756423.24595
5.13502091565388,222671.8147312392,1.7890145947300504,1.8820807506863233,0.47341207235058913,3.9780098191836886,0.25306027401445186,-0.0462107999349,-0.0461518939213,11290.19245661985,3169.171670477895,2822384.0567
8.065148894533511,58013.82980264582,1.693606870396322,1.8948692622458165,0.1771853446454935,5.965516873793183,0.23018213174451668,-0.0101336300877,-0.00970625612929,10985.82111644181,8966.93883290332,6006775.77514
9.02876220046211,135876.36225483293,1.9467890975853168,2.334354591038659,0.47550235194160817,2.1753880748438528,0.46297661409105606,-0.0235522282647,-0.0234880497402,11262.490111745288,28003.084518414078,2539656.96262
9.598012178535354,538623.1358835483,2.670072130560065,2.1171163976406984,0.39749813127749023,2.937486345615223,0.21162665802640546,-0.0883131444542,-0.0868105282601,185183.53444626543,94398.17585251985,13577998.7085
8.082130476297657,587815.047861497,2.2074395477928928,2.921599206009458,0.2653992613949713,3.5861839478944604,0.43530212379338745,-0.104409086575,-0.101807896674,121655.43494571926,11514.915697717892,18975873.835
3.8386620617321148,388595.75138417684,1.84122240554031,1.6895552129205078,0.2867626216981826,3.7991117662628127,0.45628915720623836,-0.0872863406803,-0.0870127330559,1119.079374957831,1078.8323677158382,16153457.0844
7.193212354778879,550093.9752140521,1.7492774994146238,2.9605382022752984,0.40928327765646044,5.685469610798075,0.27477579649952966,-0.100806722262,-0.100556023066,20106.110177719096,31427.710227468404,6219357.98408
4.938428116498527,385645.14024085505,1.9990942147655686,1.845957960321396,0.3605148853084226,4.240017456309035,0.25112211681428975,-0.0805414755977,-0.0801714628877,40954.67732263397,25528.876327673875,6984545.42469
3.2920355984144605,19917.891663281927,2.909886559328563,2.65931090457278,0.38507502250923076,2.1804439820815755,0.39245927189695107,-0.00356851739727,-0.00334563116941,22113.695944821873,6651.775331607097,2572794.62457
8.567844214833304,598057.5509918454,2.0145400688850366,2.008454889259232,0.286207615779718,3.6314518537026474,0.3685871784379471,-0.106998009833,-0.105553910379,124878.45999823148,29669.115395543766,12655270.7309
1.345837140660925,59371.381011920945,2.982186113931953,1.7146220931259708,0.3207347186326596,3.6659616494762797,0.19784080246829266,-0.015313510741,-0.0147209415786,34223.90004453483,23728.46382126106,3358544.04928
9.115857929218812,409585.0808670364,2.2278456836480345,2.7868337778693597,0.4964536194132626,5.861963753751139,0.09614665666609096,-0.0649288937831,-0.0646698542477,56238.871037679404,10606.736455526256,4901250.9273
5.153297181622607,151701.72184487403,1.7687458774352263,1.9632913488546948,0.22487300467490118,4.396788364084433,0.16918358008211615,-0.0308004550002,-0.0303367033392,17286.97266982061,190.7149485309742,4916119.92836
6.7348132912745236,235188.66774417608,2.836710137690264,2.4882831063402633,0.296249665282746,4.542604284635756,0.10896282761553454,-0.0424755454847,-0.0401904853917,106516.8648191871,30818.358965433534,11090292.7469
6.934185299852045,387560.51088056294,2.1905330597022403,2.3496655276299396,0.25213811565088856,4.853012125005083,0.1826295240995111,-0.0718320878311,-0.0698068214397,79279.10103972978,24454.498563758465,11517322.8408
9.056059666358827,261892.40958462423,2.564507015256787,2.2076344640863113,0.4177890286539474,5.080157262728493,0.16781970451135958,-0.0424389616665,-0.0418418656669,89251.01496459947,32893.994397369184,6192601.08003
6.730027139504866,150327.63535867695,2.9755673748137275,2.243729208972809,0.4174044189830022,4.540204280809957,0.3369701407490211,-0.0275671142159,-0.0268439795949,93501.54619720211,40292.34930243935,5680524.50518
6.525402262840556,200667.71212699483,1.5752630254799609,2.5983568711384315,0.2523559113490885,2.948777404535742,0.4795232128046508,-0.0388831303002,-0.0387488693946,9658.495956609777,26425.509674637007,6617694.34147
1.5998683650462096,204928.8701539058,1.6450418396813506,1.6316593711851608,0.17848661082154402,5.496183657364657,0.3585846795487176,-0.0567616715303,-0.0558789652672,26595.77139892495,7188.341046786262,6011368.11985
5.6656721975068365,575594.3427049282,2.5806851121941343,2.502270992936858,0.1540014368352714,4.928479201642521,0.46699223362905634,-0.120083793662,-0.106637275014,67686.447673228,9329.67124254482,36521197.4519
2.3515210073533748,479167.8095540706,1.922737504943208,2.843718152097868,0.2996076866348699,4.967481940387824,0.4028595163737995,-0.111443798432,-0.11079761891,32136.74054589105,8486.128531199793,9387412.25982
7.6369039184933705,275129.26288764004,1.7764520954251486,1.5866822955297963,0.2936181580175198,5.986226956938997,0.37754492993202793,-0.0518138357365,-0.051435583964,44348.238747762814,12892.738278934943,4868206.47626
5.60999728731407,119892.55220481846,1.5590428197295942,1.7109800088505,0.495936457523952,5.210106139453264,0.23632787309600367,-0.0246085018161,-0.0245915961646,4211.616090952393,8154.433318754371,2163594.32015
7.12205001287518,486609.6661575936,1.5327700679793028,2.574947905053047,0.31443072649418785,5.316605612620613,0.1961575262885159,-0.0909093231949,-0.0906350327168,24693.40221415951,19693.250063284166,5912397.13687
1.3750561054214585,94309.4829650241,2.6617284046796863,2.1559224723669264,0.23974642935139723,5.805622062840634,0.43082481761281366,-0.0245282792485,-0.0232623619645,28619.709467753768,9390.06617038484,5474559.65759
1.7631281444122289,126277.33028520204,1.701650141054325,2.105322931220533,0.46193030436101357,2.6045359993955755,0.4574269548180524,-0.0304075401471,-0.0303754564177,2992.082442623135,5880.8034566757005,1088074.87011
7.4469104925641405,219608.03510409067,2.201580923956726,1.7054499518163537,0.3218737823787524,3.9909095059122714,0.25334712214291943,-0.0407820095394,-0.0401783767933,65417.720285668,28602.763871904124,5866637.70806
1.6487590239880603,528208.917511194,2.4088452227692247,2.260155061076682,0.3597114723237022,4.32226809436315,0.05407839418398999,-0.160736257609,-0.15953284253,116611.6767984893,28326.76925121,12835635.5349
1.6413105498873275,79072.00118046616,2.1425277008532695,1.6898179667945659,0.18348404864987444,3.3171029168898305,0.4066389765079117,-0.0193803087746,-0.0184562673821,6029.241863384071,4796.986564795571,4126896.82423
1.108976277113987,73340.51571271564,1.5406599785043498,2.2149306844658105,0.28402074256542087,5.357613375578023,0.17828097821253125,-0.0231610330255,-0.0231312438588,1258.7276767279288,8050.977855529247,1517207.1455
9.60851258469532,296384.9929831596,2.6752522538818635,2.645422948442485,0.4804782860658253,5.049678486582893,0.05444953925761434,-0.0445928634045,-0.0440950327828,96942.25172523684,16441.966726845003,5933951.49283
7.637575235131062,165846.32465620482,1.5157698368124803,1.8873965368307453,0.3563268844613989,4.883532298032496,0.41224485153925494,-0.0312365781796,-0.031177056185,7679.268566031672,11951.911960273168,2282234.52168
4.179262676518578,341236.7649888959,2.642834841566226,2.2211792522695912,0.27057564929986155,5.988597759032667,0.28283638496760416,-0.0739695495312,-0.0710720924712,70354.98203523231,37475.44502537949,13896120.8588
3.668820231588897,270982.0108099341,2.839956740682184,2.9880239540952536,0.3689835132210576,3.037525493633562,0.3583448358523111,-0.0568931066338,-0.0556877540579,100716.58726898562,21249.782085949268,8174015.44077
4.147329067712646,260975.46381073009,2.1492598815857584,2.5299756350310556,0.4686438813523406,4.941829006701685,0.46161041951501486,-0.0556776437144,-0.0554923532668,27811.56407351914,23956.24170358238,2862871.21708
7.971881780630636,67183.78229219597,2.303313709646697,2.762035156957798,0.2458967101654065,4.205617899623602,0.2935282235621474,-0.0111356158743,-0.0105639982423,28999.972942219105,32215.988542065617,8596228.59141
6.95233549963373,84629.8141499041,2.215475088926481,2.1222714098408186,0.326790851464736,3.2519567299755043,0.2764373326605346,-0.0156724948724,-0.0153590572355,30349.13607255204,4431.075875599902,3999377.55784
2.6667601108072114,492647.14646811003,2.083812927935158,2.651791384688783,0.4855417288691144,2.6423474828925033,0.1807979546067186,-0.112036308569,-0.11194296216,58450.92899505855,32604.08020408121,18728031.4104
2.5669840180067593,531529.6425430466,2.83113680305554,1.5607637594119828,0.2103386501544584,5.583535348270189,0.1873372254979787,-0.154007980223,-0.141911601135,211800.42233510502,156573.81904246422,35468614.2768
1.8855608474205758,140810.11973115013,2.8409002660049856,1.6843667738133674,0.40188237395884907,4.381821930831381,0.40844392971334065,-0.0347639090085,-0.0343256353208,56747.20944784204,42023.19025168249,3971698.03767
6.942724477312043,68076.30091486144,2.0037245469623017,1.8046058893800931,0.3650683528710438,5.299735350563179,0.25206316051367167,-0.0126701747223,-0.0125456338997,19387.004570301422,768.0595009303094,2250891.76502
7.8793539599956235,32050.003160706365,2.422604631022047,2.1029278869228296,0.3878862958992222,4.181379936006179,0.12358679387365418,-0.00529658133668,-0.00508987732177,33360.58282278521,2855.3511512024193,2951627.85004
3.385417854925036,364978.5682451381,2.890361343218796,2.768617317488645,0.27292687073364935,2.879908322616078,0.09253794380022301,-0.0789331237251,-0.0749422639885,135790.86438016497,43449.30541461778,14595600.573
1.1885046492782152,429211.92750012333,2.9430877484120272,2.019399076181896,0.2598577807193177,3.350195252401301,0.2628140525878007,-0.108013720677,-0.102758668688,168153.87156974996,84051.81534152268,19889347.8275
1.739545007287846,223685.99352192332,2.2634385606330714,2.4819317902731943,0.3894733847059296,3.526155369894186,0.2592297606279787,-0.0526154323459,-0.0523556522825,15400.331927552537,11496.282676780576,3920977.79138
9.710740313605275,407805.52049438376,2.17923720792649,2.563971442205225,0.22544014978659085,5.891739250014809,0.34405622519242823,-0.0664962098184,-0.0636996397605,81334.48049689677,6882.537719753691,18305608.0303
3.659002997296782,427775.28933571564,1.9180414738927887,2.379273531132512,0.2968791607006518,2.02253311352553,0.2619803649853133,-0.0942736631889,-0.0935082576418,70997.16660839012,10799.513331173732,7225404.42987
7.923008330543203,561205.3688381432,2.938307809785615,2.0358629522552043,0.2158611261185213,5.942664092098028,0.11456406686039664,-0.100225625216,-0.0895154675142,171332.17632138627,108229.3780203348,28206118.6138
6.621972119688374,38924.18270106435,1.714221456709301,2.3655800125703164,0.1529066943931654,5.921846540439322,0.2785112981593311,-0.00677322036045,-0.00647238340076,7351.258754022408,10925.148211132107,8215832.16059
4.437456756876063,115375.03393864787,2.3697443640715874,2.013398389184619,0.48952007601332426,5.984603162120546,0.4580552317487113,-0.024815498276,-0.024708275818,14302.933187530738,14500.067077906811,1977908.69139
2.851185359759996,41115.59255819288,1.9238254012779583,1.6258106078280181,0.30109604252974664,3.9063527156785387,0.1217486352290956,-0.00929834240377,-0.00919319313612,5779.4644302566385,3223.081632125488,1492122.98192
2.092477763434658,520796.3600016663,1.918512435521695,2.9892059672790214,0.48927236504693883,5.855235878483999,0.36038958843998703,-0.128331600406,-0.128166837818,342.7736840756617,46331.85614261948,5372390.10203
6.5351167123498,475552.2960201411,2.1074528810642827,1.6907736804487663,0.19911323191873911,3.5823967273993094,0.31723666923448696,-0.0950217852897,-0.0912726451761,97838.47116709541,42723.224265447956,17144856.3688
7.971704025740092,344785.2423731034,2.9981894037234817,1.608522575754086,0.3555783728101201,2.105177762673547,0.3868635770203112,-0.0633450489959,-0.0612091231528,154493.16290516983,138565.7561843703,14153086.8677
6.795138281870176,50198.0460307099,1.582449460259733,2.8177961238107336,0.22034091147693385,2.897388745487058,0.11777012304241674,-0.00866246871925,-0.00883326411427,6104.006018284829,35528.55094275001,6953425.46069
5.772719199242425,163987.41519223177,2.367812727305297,1.9527519913393427,0.4265259444371461,5.781184979749538,0.4737224016076976,-0.032769257322,-0.0325211888267,29499.71966097945,22274.228937103577,3958118.5046
1.3775610108847265,178631.90883511017,1.6238582370529158,2.4754454611102616,0.4242960460663413,2.0550587733416,0.32943489249522134,-0.0430075947061,-0.042949770756,5823.271720620738,7831.970753784244,1554021.31043
9.716398998349455,336445.9176092503,1.7317812449857786,1.9935085944933493,0.18941250216375913,4.1839765416919,0.4311820119610116,-0.0575577501966,-0.0560136349278,44878.74741956045,7877.625289750093,13421010.0192
8.18842772489117,154826.33642202927,2.159344412659348,2.0871814061917067,0.4692225585067362,2.302406355578716,0.16097304365610604,-0.027663031957,-0.0275337658835,36829.31855935322,2804.961047828068,2721423.23761
3.6353983303086825,43775.9183477729,2.265690197019662,1.8931694580251948,0.2181203765211286,3.145586313710314,0.3827358002290827,-0.00930351630417,-0.00871474999501,16944.86190127181,383.8616527167232,4017665.55917
9.819732964229656,438457.3811119796,1.888188612546786,2.014566008689515,0.3645420695562761,2.3523714028475466,0.4014638169502635,-0.0742916666177,-0.0739128910661,60461.933320341275,1718.507013340526,6634052.55228
6.416934306726899,179448.12699324678,1.9746856963116244,2.116050600879815,0.49497176703069634,5.438114484452226,0.22884587257418404,-0.0343317710953,-0.0342645013345,11781.573582084815,5883.1259050983745,2894691.33939
6.241803923865218,271424.5062139804,1.6304505303838996,2.5806241036385145,0.45883878716822735,4.364282838590823,0.22277905379753993,-0.0525731172916,-0.0525119990915,10547.163363114867,28597.07221088368,3080644.31329
7.732658614865789,76599.98098938321,1.954829675766376,2.267304291352188,0.4847973749964092,5.6084258628732515,0.34600831926158715,-0.0137462919296,-0.0137057395352,5844.834405681727,15838.992503775144,1669918.07247
8.305928092811238,481528.98203674774,2.949837659070816,2.9153478257354655,0.2699095699263418,4.753412798160913,0.09203345679209718,-0.0800697164075,-0.0737456527705,205608.11570793626,44082.394735619804,22312169.2122
6.9083074659835235,339319.1261544346,2.9170610725087225,1.5628205907581632,0.18695147477681218,5.884116524980399,0.381030867597879,-0.0680114141071,-0.0593574423282,94881.95907621179,67283.31176127003,23574319.1594
2.1528617172958002,540951.3757259178,2.0023174352054776,2.2546024839480423,0.21592140565130752,4.039510619041627,0.06929904192773492,-0.129971440935,-0.127521462486,49646.53893205865,12410.708567256232,19396151.4492
4.044407553950485,297282.9378392,2.356280904418142,2.3763371832475775,0.3251732132768148,4.554842327051498,0.1357656355043717,-0.0624761559699,-0.0613005778094,59968.315327708995,45090.65970776253,6728855.4082
9.352752762934447,564855.4030907279,2.8643930866664165,2.880295479111411,0.4276303873956627,4.305235279556227,0.34886469075861526,-0.0900028405474,-0.0882474198801,220995.78279092314,51431.02981234001,13792525.7771
3.0215405065946674,535120.9226287956,1.509275733961345,1.5737377854321415,0.20255377546435632,3.937041717786451,0.09424565019138373,-0.125648445913,-0.124542963621,30886.471292737362,20342.41185880147,9976132.89524
4.34950321453762,345875.91387554037,2.716025355506388,2.360249377402824,0.38090603629126496,5.383837461692051,0.4873289411645555,-0.0729912360706,-0.071773742778,76048.509060972,57800.766497025594,8062397.49436
4.888691946497763,560336.062889918,2.922554329183378,2.7804448927919356,0.2632521614138291,4.57810054268144,0.4407782942578553,-0.115280299203,-0.108325553633,168899.25284828365,61092.6916457818,24462903.0831
4.95464490725007,193853.24837673138,1.6369886015003356,1.862891592178855,0.2694207253372537,5.205249059421892,0.3318360495830314,-0.0407779796734,-0.0404903477671,14768.126119075541,10004.89739603214,3481151.71916
6.5164562424507295,219385.29762252682,1.7421715290493816,2.814438522785906,0.38167120555527423,5.145455746409652,0.4185758550512074,-0.0417610502144,-0.0416766263553,527.9778000239563,34834.78783712345,3919912.0984
9.487682539702368,27286.77078362216,2.9411194541570334,1.5285651139114378,0.31344979683662705,2.7641806426211812,0.4494110218653055,-0.00484542089092,-0.00369421379979,66804.66061800656,45213.84675126608,6964628.08088
3.1662344064925447,353520.54405831185,2.3063102154605195,2.5986819437005946,0.4342116525590979,4.600654130070575,0.1667640423073183,-0.0775971433919,-0.0772176764565,41354.261049418856,31006.49493046956,4674710.10271
2.0935123867082623,433154.38195736,1.5212949517075856,2.8996698317529797,0.20457147838198947,2.7985920767253365,0.43223521457719377,-0.10083137812,-0.0996968642841,27895.056733806374,12943.818670669816,8281585.67796
2.777234408739436,464111.5141452619,1.8864479981452937,2.4857964924600933,0.4264818944184634,4.3332819129750835,0.13765720263692083,-0.105648276073,-0.105454319469,19081.230269164025,16825.08557100715,5709384.78787
8.982324101883425,89889.77162766199,2.1749155114032894,2.158543865970672,0.17248233682009728,4.709738737785202,0.23600401886696692,-0.0153535940487,-0.0135201596215,32247.049682681725,10881.231587312308,12451056.5688
6.812297313896854,266495.4433875002,2.5393633665371516,1.567321524709077,0.21791885808596173,5.988940286350347,0.3012168340618697,-0.0518682979901,-0.0485074790322,79492.65941049121,52527.1912059524,13711968.2292
3.573161103152441,106117.92725634939,2.5997405672051994,2.8801707199839433,0.3796524000761079,2.1221679125989534,0.3712509333833146,-0.022160341404,-0.0218242139644,32799.13223091074,7777.384827242205,3953400.85176
8.343522450717554,397276.4093125493,2.993132269388184,2.205444334037362,0.44922397977887485,2.3649695764548837,0.06356359297513763,-0.0683289719563,-0.0670889796526,199629.79690071743,103892.0894416854,10475300.4654
8.752329967270924,94767.82345306088,1.9312667990756385,1.5434951165039221,0.23843786970877215,2.308106785484926,0.18072923575018507,-0.0169511495642,-0.0163515780873,35488.131969204354,5696.298793753963,5968118.22813
8.618629048212503,542498.210373645,2.307330152802713,2.5347316069931427,0.2645170620401195,3.5934451450669602,0.3238335941946756,-0.0942917370244,-0.091334419201,151201.66744035945,14921.11236212259,18950804.2533
9.27033880275599,138380.787396848,2.2999853217894075,2.222755880364387,0.33799226190035897,5.286353445943255,0.21081590561710345,-0.0223460060889,-0.0218670728982,48013.776304389445,2942.648638983847,5541621.52316
3.270169181560254,174841.3597729469,2.108467889170856,1.686517976163616,0.2240504822712558,5.376225331148543,0.398761275033272,-0.0410024590244,-0.0398775101279,37779.1613398065,15239.371524535594,6467020.79958
7.795377358716505,510543.79329059983,1.7537428407636302,1.8214077139653893,0.43390469155562694,4.947918382884607,0.3432434725178223,-0.0951624956357,-0.0950024662818,34619.96484636185,1392.735272384714,5667772.87985
5.14485547546726,275080.5660874343,2.9661848447757637,1.5967360206837693,0.42077282575201624,5.587512967319791,0.1554806541756811,-0.0557200558258,-0.0548257097895,72505.05617904854,82437.00910734096,9370030.38505
8.577986976010553,14397.567480043816,2.779975779999879,2.36144030956286,0.20085209918802355,3.29143977667781,0.1156680408165499,-0.00251601259517,-0.000523748362016,34333.08010362833,19090.048323590443,11294714.6093
7.5564160944545185,296751.75072158745,2.2474995424413557,2.433044218878014,0.31234040613582126,2.3526185770091965,0.3330711471141727,-0.0545490792385,-0.0536137981879,85594.98231707436,1274.7314342243023,8950685.83393
7.9880270184975215,50726.00122807382,2.404868134026045,2.2586134475331665,0.42118971832911745,2.2326121119594005,0.25271029746714097,-0.00882785243033,-0.00865417000972,34480.79385467474,7956.740739278935,3034264.94397
6.905456539129643,591206.8312123864,1.8408915803394934,2.725653199503922,0.2680653358861952,5.408530878477546,0.12603066849559336,-0.109220609877,-0.107874626774,91315.05362254458,15439.533521111012,10221296.88
2.596858925227362,352866.94227336143,2.3156806055876205,2.7915132319620204,0.37158738795120605,4.921745177414765,0.1968683923932698,-0.0798477189637,-0.0793364099799,35014.01701916595,12319.257163947326,7099756.05444
5.905242270072445,153919.57056658706,2.542455199682214,2.4234365950246897,0.16757459251015044,4.7944612240444835,0.18637103674336397,-0.0303822976987,-0.0264547671328,40003.02376946729,1470.3519276319591,14165175.9879
9.862027655720574,338230.60772857064,2.272750542579883,1.5191347195611458,0.3630410661852613,3.3587053541826752,0.0986593875527188,-0.055772367903,-0.0551300750785,97446.3022814947,52605.03958273802,7358653.87755
9.43649259847407,46120.26202905291,2.985427755877412,2.5428444836216038,0.20342854300021246,3.519620754472905,0.2961090586693526,-0.00804939537663,-0.00477374397455,31030.420770889486,22283.897091487903,15216774.8134
1.388563622173105,479934.78256129025,2.417012484371589,2.1269988253805274,0.44070416379005795,5.832454115597277,0.39364188526064936,-0.128799442403,-0.128324930295,92242.26909775984,35707.05679361758,6966320.21489
2.483333341564934,555196.8323184983,2.0564605688882533,2.3483362248395805,0.27440731225316745,2.25521897639174,0.30896009998384416,-0.12872247105,-0.127379995559,53793.44687747818,29428.321655889133,13627101.7541
2.1855589610910573,524666.6329236957,2.658228041423757,2.4736209030283267,0.2485438519548685,5.094926947751171,0.4218311142218085,-0.126269010515,-0.120850344639,178414.02205711495,38284.69122681898,20879122.4594
7.53381918986766,205054.56137913768,1.755693767372463,2.025354921490615,0.44431114184901976,3.2385332948335726,0.1074058462469441,-0.0379006995788,-0.0378321514716,12765.155940372037,13127.85467778714,2229443.39441
8.360067968712507,195460.8717860211,2.0767737205594,2.875647757757691,0.16755040807513355,2.1562184736502243,0.24602533602000076,-0.0344941597365,-0.0321594940013,41973.585538203864,28494.54037526234,19336955.6704
2.9216022967960473,21052.56672978,2.020438425566379,1.7009623001246719,0.28881307976702064,4.970280442969824,0.32423679664614463,-0.00483444620503,-0.00471991741852,11316.922084478247,255.09067556228115,1438786.6079
5.552674236566461,390840.21522055,2.147710642661666,2.507267710921556,0.27950123920126096,3.3236475427134984,0.3542007024238583,-0.078507588363,-0.0771258093036,92099.3042534023,12364.213606401703,10010082.4144
8.5663272521008,320942.87051387696,2.6726697388930893,1.5065393699348706,0.2496801309873428,4.888590074971186,0.3631038378905421,-0.0575244824214,-0.0539512143185,101596.52293143097,86123.8461855075,16479830.4029
7.595213902896255,275607.8227964048,2.2262595482451113,2.886976658107771,0.46911401620051696,4.8306175324724805,0.37803444219404647,-0.0488826866809,-0.0486760263052,35430.94418177531,28593.054450649695,4383261.01182
5.880134849426635,544578.5720008241,2.691021675398944,1.6687561998571372,0.4128249377308527,4.13914750173246,0.34314341548820754,-0.108755683444,-0.10768016267,167832.79325844583,127107.50389456016,11047531.407
6.313129214128956,100727.34064970778,2.3647333547097986,1.642326345221362,0.17237310746717857,5.109492516842195,0.09240264002339044,-0.0197619734903,-0.0173907339013,31351.41596642738,8013.285852031803,9325826.25217
5.57524492224652,5799.760014109401,2.013104151986333,1.9995114495783664,0.4001406073022339,4.324153296684974,0.3628875549210334,-0.000916078706116,-0.000876677936652,8558.404742800516,7183.113670399496,1267513.44666
3.677936061869385,43989.871272459255,2.714968115525209,2.060349429058621,0.33455469659507786,3.1465474113930427,0.3761521955484744,-0.00915432646768,-0.00876773593049,29685.035717816016,7437.397306279213,3024660.13549
6.085197935731145,134022.86269642133,1.8574345058296373,1.821450108484318,0.46530376304055265,4.936461204257676,0.49706597045013223,-0.0270093834613,-0.0269563271161,12614.514188624118,1780.8076321783903,1766910.59812
7.199967718450816,19971.32955807417,1.8365744696996933,2.3776824913906873,0.25953096607192544,4.356559263510894,0.36201309651550667,-0.00317141883632,-0.00314981384716,4153.679371341382,22283.725361623703,4308214.17387
8.859906242747268,301706.2263858813,2.2567543860822536,2.1643711470629454,0.350956699863354,2.050909126759682,0.359073678088197,-0.0527032508148,-0.0520025441791,90768.84145177751,11392.843828820434,7602052.10962
6.726622185813232,188454.27314014683,1.8912738689431334,1.5512633835616312,0.3252643461593451,5.606576711081237,0.2816659805818874,-0.0365114430404,-0.0362635070474,30523.65041481525,13355.18504446627,3544945.92652
7.850093833388422,108289.8048408796,1.5136305524268245,1.979478093382951,0.321346317179662,4.182574473297254,0.44056530886330125,-0.0200754176209,-0.0200296754489,4419.227964241939,18395.961446954912,2589804.08835
2.4406447145911567,450050.44496919727,2.472446290948202,2.7156493703597557,0.30963688983102444,5.474509061918127,0.4985756428825212,-0.104629569751,-0.102802869795,114576.00198162935,16911.885005291308,11866173.2654
5.154017269778109,122670.79573951803,2.266640732208597,2.534552302292803,0.22197031643629844,5.530947355928978,0.40057019158884444,-0.0246508961558,-0.0233432496589,22705.88713333184,4278.01990757991,7874809.21748
1.0839845784438396,412563.06059627596,2.168276721739742,2.5873062803698206,0.41449847287233743,3.779866626940354,0.32562517003601377,-0.100971176283,-0.100720717359,36889.40410046053,20326.912296422495,10368361.2831
3.220109780694607,209558.94350858335,2.950452771927473,2.5471753861252853,0.307967611458751,4.030639985804924,0.08552967211920569,-0.0451667968515,-0.0428373423696,63069.21641353967,44529.39629588526,8766229.84657
7.5381554360170435,307096.65639753273,2.3567987759443705,1.96645953207455,0.48548069625091195,3.6630175507024076,0.3770326092783324,-0.0567093277319,-0.0564501374559,68204.32133208083,28342.832361341236,4350312.4099
9.926289562144271,560320.2239107919,2.795147366684077,1.6494958831151638,0.2412829495174717,3.797747101232182,0.3688527058618777,-0.0944682249493,-0.0870252249862,204071.74248400715,131738.43483051317,30650842.9688
1.8926028962849433,22410.9808894877,1.7091753543077401,1.908700776049644,0.3889603438694644,5.580588635886912,0.3990056665142443,-0.00590147304438,-0.00588822919606,2141.088690928156,3976.511864646241,581878.671836
4.613448842751595,300158.70448647713,2.3538096946941414,2.7476779502777386,0.479250977873688,5.152576055871644,0.1060499247797702,-0.0600423644349,-0.059679201981,47679.693936020565,48776.179626054094,4105865.94467
8.200638718292435,512653.77619657095,2.8019694400963546,2.9707061966746067,0.38221041305563236,2.506102705262312,0.3441796250567646,-0.0883752855007,-0.0862790879311,220011.57291163947,27977.02244243884,14734761.4596
2.8363207116600897,352784.54902220913,2.3746586359198467,2.240770522112342,0.45494551766608804,4.441231126160384,0.1830757572282536,-0.0799650964362,-0.0796590197409,31531.756258173216,30812.488231233747,4623189.39304
5.995764543720576,166122.31017909397,2.5770212671905024,1.5145505323845634,0.43961833591495214,5.983626561545369,0.39212205953127516,-0.0332130286183,-0.0329835042716,30617.474487286952,36992.838887553866,3796571.29931
7.597641664267073,238608.6810870206,2.058065351718311,1.7100672182013437,0.2760412004211513,4.382202804929943,0.1581682793141598,-0.0436894812792,-0.0429041771993,59537.45546298687,22513.325086104607,6726666.51275
6.543869052341611,408159.37723714474,1.6386742755555999,1.9831208629743986,0.36004337897882377,5.143486502372422,0.3577904045691848,-0.080317989401,-0.0801257356474,31618.5580919757,1250.0108598615636,4353925.84559
2.692222611538745,534487.1365882818,2.186850442690607,2.3678780228894247,0.20469146893397444,5.076245893524684,0.18274682614279086,-0.124052130013,-0.121245942061,122316.25249968904,12367.30648276386,24872729.4951
4.198461118171655,24639.824247966957,2.091719086258286,1.612640468707971,0.3374340589434598,3.4012701034893142,0.05404743176784402,-0.00499960910011,-0.00489584928504,11865.702974238246,3729.2929848771323,1502363.49206
8.054126060368574,42923.293134225845,2.800590273568421,2.9150359480648227,0.230647690135018,3.4873972108158355,0.33501106038789297,-0.00699866911185,-0.00549217651933,41034.67802830993,32770.545350225635,11725492.5716
5.98803862718815,195030.91416575253,1.8659929535287083,2.047625509926601,0.41030788523335593,4.896305687161613,0.10097108742151506,-0.0376794956749,-0.0375734805375,16882.53136378829,199.44353028739374,2578162.11251
1.0470665218862147,139667.81066248738,2.950101341302662,2.868876326887235,0.3348204476622436,3.9999341264193404,0.34668116275469635,-0.0329608363536,-0.0321514058857,50801.75212697227,1947.4839293393006,5569994.5479
7.848916840252844,158958.5317334436,2.9372071797067445,2.6707827041355325,0.2939295769210811,4.282282836521552,0.46652425176062184,-0.0278827685626,-0.0257608469228,96274.73189874446,2775.4708325048055,11668828.8372
1.3178021944621516,132761.99917552856,1.871447464607158,2.6331559087733716,0.24407898365844213,4.851623161459351,0.4861606703949906,-0.0326383195208,-0.0323481171414,12061.015154458873,10534.479479549316,4389648.5045
7.711604044581089,117495.02931309464,2.022077933215981,2.410079369673348,0.49954446864445035,5.110300108156201,0.15616538929742568,-0.0205596272853,-0.0205044122598,9394.91504095438,19775.612482044835,1978387.87938
2.8223250414871366,78374.38012157507,2.8433336113108276,2.4401757255777667,0.17509868230972642,3.0860663109322855,0.4141639524427947,-0.0180797616281,-0.0149394278102,16879.709979914664,3519.3619734179233,9224987.49331
9.622661321074421,560372.4790771428,2.949933331344161,2.4570048528243724,0.165246238200347,2.5871750377478517,0.20909897459259813,-0.098546603693,-0.080110128643,135138.46640242005,4085.8206956481877,47710812.5812
4.31146676171876,86513.67834369183,2.165158654254066,2.4430820805383733,0.2260400901728526,3.167178586894901,0.45520568273659207,-0.0178841215108,-0.0172330436869,24047.279275916368,7782.934772857391,5835938.01704
3.942384547042712,122642.2648593217,1.9814955684613467,2.330592347097542,0.4898753605197369,4.030153300368302,0.4043703058832182,-0.0264127193137,-0.026358716522,8601.192906135668,6932.754697688549,1553685.30077
2.339992452992002,147759.43438847145,2.289141019877313,2.9796210277243333,0.49273335891199455,3.3685652691881565,0.08326477249059364,-0.0326112079672,-0.0324792838473,17174.872806452917,16155.017900222381,1765332.52455
3.750437939411934,559808.9238782523,2.5316538095486023,2.598435851138544,0.3792247071702476,4.273451035390375,0.23321164724477478,-0.119556900623,-0.117867691137,119729.38447374705,94681.77590798981,10111209.1613
8.889856856453804,453428.48016065086,1.9102117730624697,2.6654195825887816,0.45803733352224163,2.2138628965025138,0.20179302170435337,-0.0783254222634,-0.0781478912668,19105.956213756068,48451.63529381203,5408360.19663
9.967009038645227,473819.65818930883,2.6047097619286093,2.8086942226255114,0.22488660579427838,4.039001646455069,0.40333145932547465,-0.0766902022412,-0.0704134692345,124733.97483119305,7930.9346328983775,27726005.4182
4.314785774561635,62854.95572309883,1.5774860356719616,1.8234596440887738,0.4902147329618183,3.4719396277508316,0.2346285697939216,-0.0135936321224,-0.0135810735185,1515.1601941891447,6487.472142543848,864370.063044
5.037495678590883,501785.925009403,1.5739417391466246,1.6257062386425911,0.1999746975488476,4.13866701957153,0.3580647789438877,-0.107454810056,-0.106189960733,55256.1559108452,21204.28744430924,10193694.728
7.498638443824634,244915.8490904508,2.079431557718318,2.224341654897898,0.1853938158635804,3.690133419539907,0.3210958650156982,-0.0457987263446,-0.0433187137777,55774.26459624127,5610.901830167843,14039160.9236
8.97576202418567,157693.81572743325,2.030209788091081,2.2711210434289097,0.1892740387365455,3.13690340255017,0.4890374235939352,-0.0275637694706,-0.0260067549186,42605.5057183788,14736.410057240142,13214742.1998
6.337399007681057,345450.05011218635,1.9734498230507285,2.7437726699248763,0.3505947731453976,5.616431621830543,0.4720032305607267,-0.0664542878506,-0.066071244206,38083.223743093105,14909.169633798329,6096378.08345
4.523731283600464,493309.74349004036,2.2365296440033653,2.1656753689235035,0.42334104025131825,2.7390599536854277,0.2424647816324234,-0.104334188264,-0.103853743686,94827.85704960451,34580.170231915006,6034528.96798
4.713596567637614,467191.29064494563,1.981100373467357,2.356279538316469,0.2783335122561216,4.725462302322239,0.3756101952385172,-0.0980293327339,-0.0967559206432,56860.18148033362,30614.235111978633,10864093.7124
7.260563318471262,533998.4895486792,1.788386877702138,2.2906064077701878,0.4922635957251442,5.698578850329657,0.4232570422915498,-0.100823800869,-0.100687140743,13659.661170332072,17734.4195053223,5816608.27995
1.0289643724385082,556879.3116092663,1.9642043236329014,1.5573041756360866,0.30204704834141527,4.154679838741732,0.4544985892379653,-0.147842140611,-0.14708052144,63680.05127072637,39539.17312093702,9257300.56265
6.576304037138566,142873.24285664974,2.9623564092153525,2.422822344895371,0.20265699277062568,5.505633954317928,0.08066041869941766,-0.0267457040425,-0.0222985221571,49311.81807068441,9399.448522284592,13698668.5194
4.199437093972216,254314.736501563,2.1166701254922726,2.742064928661378,0.3130883618651478,2.4994059137331375,0.18593545967307357,-0.05314432393,-0.0525591727841,44856.64772674747,2152.12087161329,5979825.48561
8.147775981493758,8777.123523042008,2.1670691652875034,1.7362508221137056,0.3876630078978539,3.9751550810256324,0.19410351843583484,-0.00140161367475,-0.00128485928649,20655.620186869277,2022.6695392116462,2050243.45621
1.8369157584081894,527592.995559036,2.36481748492671,2.3914976008898936,0.44127902317653256,3.8281011219237575,0.24550067804894538,-0.125090410143,-0.12464191062,39687.893336018264,37959.9422874939,6591101.3088
6.2938204025355144,92743.29088486053,2.97501115262134,2.3904158166696217,0.31056890148480754,2.0324752281479794,0.12616913782193856,-0.0175092127604,-0.0161539359369,63286.710759361515,9984.68995967463,7596781.15155
5.328756008975113,516884.8874056166,1.8624019146536446,1.746277446084538,0.3577623891172086,3.773029365437338,0.27329264597750363,-0.107412195407,-0.107028662357,66186.52704244952,28790.910402990965,6700030.36451
6.780929733147047,197632.39319195782,2.5219231657986505,1.685195360596104,0.24357064925559868,3.4761190255303913,0.34844644728430524,-0.038591683128,-0.0364183982806,76737.043311765,32237.23578691873,10344531.2587
1.5836823503467152,220880.15398868293,2.5739770403125863,2.970077914464727,0.37607078424192986,4.679194911098461,0.273813764097523,-0.051892287257,-0.051425518027,46037.81572950224,12505.935538239244,5423166.97461
6.219854086853181,23479.352690315623,2.410986625189599,2.0905787544795564,0.4950901803826203,5.753319114306074,0.3496068928389271,-0.0043384050667,-0.00427142508751,19553.714243755257,343.683093095294,1416198.64142
6.053361291635714,196127.27385919174,1.632867509454966,1.841132593085294,0.16716875040572785,2.343164353048146,0.07989873431805514,-0.0394982215691,-0.038479802768,20245.584162359584,4140.157536901686,8814522.11977
6.045940849745539,533018.2096807584,2.515308413741365,1.7569868166815623,0.4602857347468087,3.3099055468584924,0.44419429926833465,-0.106777521274,-0.106200178461,138915.21320127064,87757.69271547974,7744512.17915
6.431388999368093,15328.440672962484,1.5961420665542632,2.501402570374853,0.34679887596863296,3.7762589495770076,0.4725811364454808,-0.00263694211954,-0.00267269461051,12857.691229293943,31374.7419167028,2750282.60054
7.08821143503726,243796.4838280352,2.3942139743248454,2.4141679459909184,0.23823453084680496,3.820741512137533,0.32805834085339186,-0.0454776234741,-0.0432364146122,64045.31300951177,4091.6518317921273,12191416.9101
8.244900997126928,18839.777887644683,2.609371765832614,2.4653281844811263,0.48421139850324024,5.099238883369015,0.4466259493866036,-0.00294322488155,-0.00282577139643,29728.767241773185,14134.620675131015,2444659.81491
3.428386481153929,222554.05506543897,1.8164548359299255,1.6320090412671784,0.31917400607061464,3.7735826633337632,0.10915070749169559,-0.0497589912448,-0.0494813957166,23992.788137934753,21784.986246902936,3482628.54791
8.425444691620559,103584.3844681747,2.762433011314161,2.8403018752476554,0.26609158808568495,2.1086452058146135,0.4088520140343396,-0.0176513478327,-0.0160206828766,57707.05547378606,28774.327930951666,12251835.5911
5.484301140371082,151331.0359610232,1.5455307082995065,2.0838995952135724,0.2135241698947944,4.840416378371325,0.1036166870626673,-0.0299905705916,-0.0297131231911,12643.241357099781,3600.851748671699,4450585.69077
1.6935245122089806,526559.0238968513,2.765719295487459,1.9700541096455368,0.23555827358983172,5.539318780582686,0.2336046041738915,-0.152523242944,-0.144658776473,196839.89475377105,86794.87868236638,26841464.2232
1.5269583631958128,261629.5323731346,2.1904935759641475,2.1935421708716087,0.44149716455700483,4.055618850198691,0.19571834055122378,-0.0660956607514,-0.0659131230126,33741.41756766299,1428.2407368771949,3678791.15526
4.008144868264547,164278.79484114732,1.8263819098974667,2.085099098621442,0.365043503261008,4.324434086794021,0.31351632134920443,-0.0355033036362,-0.0353590374608,15723.825238765516,11251.61528060676,2139560.17411
8.064072794003208,353603.02677032864,1.700667217490952,2.7953655047087187,0.4696359668209106,2.6517457558761843,0.1856815408577901,-0.0634037580263,-0.0633318724755,24366.86153400061,59838.11940922692,4117533.92661
7.369128412668242,85264.17589954942,2.929960751373559,2.893891462796838,0.23118895825522504,2.882583778715828,0.3367911333502097,-0.0152450844342,-0.012792211422,49073.23428702773,19432.76025732765,13131508.5564
8.09753468205166,155634.96445251352,1.608998381371735,1.9551798246744094,0.19239850084711552,2.940680956498447,0.21532428011838106,-0.028391295465,-0.0278897559966,22225.937214606707,14433.922860124127,7664162.26072
5.655421507974484,327748.7805617331,1.7986401299038886,2.7959037111899323,0.1521306358414565,3.722967899525181,0.437355671463709,-0.0662339204166,-0.0634361315629,31745.67150722349,9905.346985197295,18809271.4746
4.961790981599415,142513.8251088413,2.021733521149569,2.672284694299601,0.3277517131655978,5.712580883582568,0.3352477280988252,-0.0286552005995,-0.0283882591901,11552.160852068178,5013.115854274968,3625779.72379
2.3270727403565554,407476.64244052395,2.430352273441681,2.8962115085171427,0.4994074256336958,4.087139066859544,0.14688423379465076,-0.0919164364301,-0.0916159875832,36393.95075905579,28744.464840931327,4813072.74983
3.953734782483804,294894.7813557135,2.3172016279141476,1.8686254682788317,0.3932378440865236,2.7683905808054106,0.2012582399126392,-0.0640653758129,-0.0636598166122,63814.51806207656,31614.235564890914,4766384.36107
4.9061742955648775,463193.44215281453,1.688465238618471,2.365438725181469,0.2579381071878011,3.0643509434757985,0.4313393994319951,-0.0975557726387,-0.0967992714167,48752.383583224815,2011.3632632130748,8291634.92213
1.797403867116555,568946.7214334812,1.934591975607322,1.911816877110667,0.45690050405916005,3.536060118908737,0.2239158874943563,-0.138650273905,-0.138480232978,26839.19382265935,30623.89182358477,6958798.7706
2.985507574400901,69482.93360844464,1.8581276566290361,2.7361417357265614,0.42360279309578586,4.493035902771197,0.2911095795045403,-0.0152947224249,-0.0152736815277,2183.25261798989,3918.8134836211007,1525971.28393
6.384027646573649,200799.0059907269,1.820314281735512,1.5079862858565964,0.15539530812678873,3.7601326120160214,0.3420238711785497,-0.0407827299534,-0.038781495086,34143.08586571031,5901.365400531208,10197957.9872
7.620968028152708,191729.43772704393,2.1167165047199807,2.3472287443295943,0.43590116818935787,3.5697793767076997,0.20651434231366256,-0.0344707353771,-0.0343087615208,35494.524843666375,11757.639802373227,3340988.96164
9.985127602536547,90709.75160235255,2.5560471788874852,2.0088051469078767,0.2551843650334736,4.258914401595979,0.18229038384113072,-0.0144781477721,-0.012936200061,62587.2753682314,5747.103106743586,9023460.99067
9.39801998209202,486181.8824000825,1.8261793983258539,1.9840255606167303,0.20238571260426036,2.967339979817862,0.2638647061736129,-0.0844844838397,-0.0822715069102,82856.08063725165,680.7073734758995,17117553.6663
6.783086795816724,455927.222423274,2.0500183195544723,2.4673594857973757,0.22921579390797608,2.3156130903383287,0.1466964374417551,-0.0875113190245,-0.0852095993066,76711.49885388203,410.0880332108167,15698730.5386
4.791232479646649,290655.2825006394,2.086376140261743,2.7772266739709908,0.31400293153129866,2.0976572592888885,0.17789476411357857,-0.0596173025721,-0.0589997559889,49818.42930303986,8812.374467452812,6838817.92468
6.725596282374094,322662.46667676576,2.9646847941531154,2.4137930870899895,0.2987037744738038,3.0050366538685083,0.07793531781441625,-0.0600151851043,-0.0565824938438,154826.3194368529,61512.54673246842,14512392.6817
8.070864562722088,35726.48280149775,2.931999535318603,2.7797594679700834,0.2511105547809793,2.366368136577875,0.18678662418695247,-0.00587003235996,-0.00433862144873,47863.88702410175,23745.085732719886,10785274.2215
2.065025718310486,333304.41139622737,2.700206374128114,1.896895667821545,0.21027641277246145,3.345362554083067,0.19431684201360622,-0.0811675374877,-0.0755763870609,59628.083040417434,36842.59531381668,18944043.6207
4.689144007266594,474804.9144117819,1.8624883812287778,2.2792527821474717,0.4167807763747592,5.091734161439023,0.48282492483109385,-0.100803138835,-0.100531647139,39932.62408281627,35590.84749148856,4756388.37255
8.558220570720554,344296.5441503143,1.6020559711375046,2.1758048086006143,0.49653842430722095,4.865177321947353,0.3153779714596461,-0.0614294459659,-0.061371621062,10438.159655518282,30178.176248795546,3018704.93891
4.4544965673973955,159183.82207225135,1.9753562065809371,1.5174673492546442,0.4222270531468916,4.443710491152116,0.4043220914371125,-0.0346135284463,-0.0345264685667,19621.063259861057,12229.942159995395,1954842.76972
6.146850441044679,400528.96340060234,1.9001918241507463,2.3352182147111105,0.2535779386850394,5.4100009755179155,0.07041976375114511,-0.0767193845488,-0.0756366130873,42038.82116839185,22951.444750592113,12454547.0764
6.289924247759784,216893.0579791486,2.2588887002195905,2.492286486219262,0.23568313649424666,3.128270498177107,0.09794151212376737,-0.0412574826294,-0.0396312134414,62008.53580776616,1199.145925369134,10141747.1049
2.6602862782027543,326923.9705714411,2.6665918651016893,2.387871606628605,0.22618305662307836,5.540215012119862,0.41654163238816655,-0.07814677389,-0.0733577386513,100402.26637946175,26244.215478435002,16560174.5657
4.260118974870595,292539.21796735487,2.787484408318287,2.604419848175132,0.1978432760711627,3.5969566786767166,0.33059729723793607,-0.0629031988364,-0.0568700666578,79136.11853114636,15628.326546779741,17943726.1001
4.01060159867739,228705.00057910805,2.767296128115763,2.357009292679616,0.3429656923923054,3.603573273066506,0.1359419137430913,-0.0478027035687,-0.0466446675785,74567.925073899,35949.916359457704,7251267.0538
1.235770376788583,431326.7882364811,2.039513341834602,1.6001253822761354,0.36189013018367044,3.621406454502086,0.23215793263778223,-0.115699635632,-0.115314371164,63040.00287076957,26593.468819658232,5863817.08495
1.217725875022197,530325.6671915291,2.5308515151910242,1.6746682861270672,0.396925931232098,2.392377464963926,0.29240262499173025,-0.13128469033,-0.130481715845,68191.46081642415,70203.18806130321,10185357.2295
8.485273393081961,3127.511086154966,1.96925129628633,2.3947118663159284,0.3880746798267838,5.901961993324223,0.4296244231118488,-0.000202283263339,-0.000190326570636,729.8097713367803,26425.000131755183,2547724.76259
3.457637289755312,560169.9115382204,1.5913583148527741,1.9124687879604603,0.25231665894918387,2.5540271113006368,0.07718539626252238,-0.126527932789,-0.125761374259,47557.42859289921,28489.656126464935,7365322.34843
5.662708896149339,306909.081649935,2.5523478984044132,1.6194676935521488,0.26560885188889627,3.363542897876738,0.3185250302153131,-0.0629183643245,-0.0606138565748,102921.96764994941,56816.58560133073,12467713.8344
3.6885301622989575,420439.1282179591,1.5147413288546818,2.1444041151728204,0.3885300874048182,3.2772012813070286,0.37266616471400776,-0.0937318791559,-0.0936267907482,3.1073679796685165,9226.757716206519,8993557.05345
9.466113206038065,513374.73970552627,2.1137738811877327,2.3314838971254828,0.2723066742742699,2.2987177312668385,0.49005133605970674,-0.0877230770453,-0.0858829032107,126151.07085029232,2518.676858001005,15005936.1932
3.3336708297919637,280262.21538856195,1.9940689039531136,1.9931189825244098,0.22441811636675957,2.6090405204475067,0.413222035231483,-0.0633816396129,-0.0621099756793,39991.514547894614,15254.03723716482,8371418.30523
4.866911314650416,500984.44401893415,2.540066307778279,2.5806505533386668,0.28101765379385885,2.1794333447415433,0.17430229110437304,-0.103597933163,-0.100311325047,162321.74869215526,41922.91060675324,15754856.4052
8.854572254361416,106571.89167312134,2.6493682091405684,2.465655912151867,0.24522945515229216,3.169617974242054,0.3693106372452193,-0.0181345955283,-0.0162481786868,55396.90454399086,11218.521476490629,11403989.4792
8.577402101126278,95500.52068788868,1.9561419539569258,1.999227541637508,0.18090945242650222,5.466627696115626,0.3934750482171397,-0.0168315319477,-0.0157230028431,21199.78449050947,11038.610704656747,9034208.32268
2.674912760616496,394482.82131369214,2.7174405216672803,2.632308793362841,0.4405486157968287,3.357768822949538,0.3783809749632778,-0.0882264426419,-0.0873525456615,82545.40630526014,68390.89779011736,6415633.75336
8.223789788161394,522085.8033310423,1.9408751407574005,2.4730425637995532,0.4485889862049627,2.494767328269517,0.4190648305783415,-0.094221066377,-0.0939757138605,49223.92127354556,24660.16720557582,5728595.09532
5.123681980641034,535455.7065216237,2.1694895399798417,2.4561680680768534,0.2269126050584078,4.582775473535672,0.4566784892961369,-0.110986659907,-0.107690609259,87203.36834606405,21425.241661058008,17374333.3778
5.346719848768197,386244.27502634795,2.590527790521201,2.330141551180602,0.1726702698338206,5.9864036482196425,0.09429344104520312,-0.0818039803706,-0.0698973812253,82573.19164592559,42772.678603970075,31574006.6443
2.201319751743494,315293.5381255905,2.539380343837183,1.5170845021328292,0.4085896030729128,2.9292951581277102,0.09714373595650348,-0.0747611389544,-0.0742666239248,48557.492216839884,55590.41235621741,6150666.34994
1.7254136238141218,198835.85261790972,2.9810527084683,2.544760775215334,0.22403501905219478,3.118284021482278,0.40837999494679067,-0.0474976650352,-0.0434184378595,41344.46279610667,18820.640249987966,11498783.6954
7.551453762763886,588000.2493595988,1.8377415363238978,2.0640626866637346,0.2877024213029011,5.887388217123155,0.1635676144346619,-0.107843646961,-0.106873610828,88987.74901720631,32537.365670060433,8871891.07335
5.468150371197698,191817.4119997503,2.4934768703093733,2.9139145652379836,0.17244733828308412,2.7151051502019485,0.07634363987753508,-0.0381825131284,-0.0341150042705,47735.90695139026,8948.622654846013,16775310.523
4.931656323536616,446511.6643389559,2.414522862413666,2.726977156615808,0.2291943546654523,4.0448562698366555,0.2305531314412726,-0.0908881427657,-0.0869088016198,89818.20875787445,27743.50244953338,16698502.0554
7.5655740578715704,319189.07994300046,2.872647681735045,2.381541704296968,0.4275157974153725,2.9586085320643796,0.41894461032173513,-0.0575380703003,-0.0564869350025,138969.66097241975,58460.87584745928,8532554.41978
7.889616090919988,365107.405515208,1.7345432124673126,1.878272972728904,0.4315387564203206,5.729407591604975,0.10695426071629117,-0.0657349008419,-0.0656198742059,23356.96755777623,66.00214380249056,3855593.58902
2.430173509024182,236088.33035317573,2.6276972453803995,1.8055760899164999,0.22247968871069862,5.926084058305176,0.35232888731201034,-0.0616180456803,-0.0580268410083,69359.94080870243,45908.94904270612,13320655.151
6.492026345298772,578893.8752833487,2.352402924403153,2.010577256516324,0.26756984578734133,5.258791384480062,0.051627137797205465,-0.110251491008,-0.107280996512,135992.30289024464,94492.63310693794,14788583.6826
2.2181867404991698,343009.3956595626,1.9119988046818581,2.2148519153700277,0.19698344668281023,3.2591352632512423,0.09938185124560248,-0.0805172775292,-0.0782660999689,34724.382399371185,20096.357528001856,10850970.8883
7.762375774261411,562672.578275274,2.211652371220761,1.9440982650584206,0.17596042059972283,3.61394990112202,0.2078826555958191,-0.10567069442,-0.0987879993288,86463.12543857997,30808.047216077448,25280336.7197
6.912596406404256,4554.849704348474,2.0006648956046966,2.272394243088724,0.4972601000569433,2.9692227346656854,0.08762102646098632,-0.00068606164238,-0.000668542424203,2263.695771584068,16548.325096881093,1331898.29855
9.609531589751121,343602.34991467255,2.3689701041826914,1.748055638269779,0.3794578829356937,5.563031868035965,0.43065575034670084,-0.0573772281049,-0.0566777248253,96192.55268692739,56062.42297010155,7526096.1337
1.6206221472077906,430312.13383516285,2.8335009162219986,2.96656921923825,0.33973377821941153,5.658233110752633,0.438831726415461,-0.104866647003,-0.1025871998,152995.86248661586,25934.395653968353,13748744.7571
1.5134924903612887,447048.1026973308,2.353957476618303,1.661886832447491,0.4179244751418548,3.6754826489841887,0.3900068163947859,-0.111956129666,-0.111516106058,79454.42850419016,46993.562705036726,8378435.37123
3.539683672238801,542986.1290690087,2.447583627489876,2.897916209481558,0.44402700589070343,4.6261322796120075,0.15911583412802788,-0.115538793643,-0.114666109131,94706.28247633825,85352.54505773196,6461135.44224
3.355351153623154,2640.9654022717664,2.2781217706720645,2.8703670171040425,0.4323501688156546,2.6622127190987754,0.2854611838579909,4.32297970548e-05,4.23648859478e-05,2321.0822046487197,22608.868280590847,1636221.48459
3.2228091916479986,198.0955556858621,1.5767482596682139,2.2880407227292467,0.1557888072514568,3.739743601453636,0.13288483648551713,0.000761382411041,0.000680385276752,1118.658816262039,4411.21600345821,4015504.04261
9.15629122468933,283358.0764771292,1.8492878353141413,2.5873654077541266,0.21538276436667447,4.5259964266939905,0.17657530253289988,-0.0471811310479,-0.0461962215029,44444.429183947905,28442.718674396845,13206271.909
3.245915798645555,17576.223003222392,2.2380025941481243,2.1540724469588817,0.37921685574124087,3.5416124740720782,0.282202381478206,-0.00350072477415,-0.00342933764328,4858.34603151708,844.6713841464261,1298911.893
3.447547535157679,584719.5321974248,1.9653529256170572,2.4450518663136576,0.281515771731387,3.4303981027458397,0.380756213807359,-0.129867609658,-0.128560316153,76956.66476517587,32123.45573570274,14788226.1977
7.8345843617616735,133239.10472483517,1.7726453966417912,2.0108639061316778,0.4938689278713875,2.0039959690677707,0.09259447117713762,-0.0246668311867,-0.0246270833095,5135.2577146284475,15068.038550775347,1626120.83079
5.04765858205486,283598.8376189068,2.2561992628776575,1.951738529678168,0.3828916774233889,5.217173855108456,0.18351351393263876,-0.0577951276785,-0.0573204528261,47027.905771226535,40378.77341568428,4638261.89171
7.990395012596631,36682.57800733417,1.9842146901717754,2.3673446792542707,0.48479211805522227,5.557350448085793,0.466979606857365,-0.00642956581203,-0.00640347881436,1944.499962960839,23302.511724457927,1681582.08682
1.588295418079467,313229.0497027551,1.887161464760122,2.2471945112759704,0.22050626857602784,5.877854118183329,0.2431054930018497,-0.091135073778,-0.0899320585392,50162.42605336284,1794.9949563255625,9284426.47427
5.388140743060458,227973.6750884451,2.195978126160571,2.3693045537249717,0.45238495984025806,4.8770855402768625,0.4724913532591915,-0.0460381781949,-0.0458667183449,29418.588419390213,999.9111897919652,4519398.38255
1.3025224016495436,26796.017326334255,1.6999263871232597,1.9299908719305345,0.26247330703532884,4.195169249479538,0.49613024369846104,-0.00653913462877,-0.00649743022447,2127.0748508541305,3577.980733635228,1120229.77827
1.5638788310981906,201074.56001773485,2.891618599613111,2.050436747725493,0.4963476828832324,3.0771380792348375,0.2869969217501372,-0.0479318151774,-0.0476413440567,35596.205297903034,34916.67802836682,3881874.56166
9.157937080099698,234861.61213371338,2.8015531468788586,1.625846940943364,0.20519103522560156,5.997197903853994,0.17961980440318276,-0.0404249182172,-0.0350021794261,69996.30029732785,52102.49091679781,17400888.3832
2.2532083400583565,593952.894764964,2.561430878610803,1.5784145584083085,0.3307189365934143,4.359011418128422,0.4058495638576606,-0.145221671661,-0.14324030881,152612.45338587256,109506.972847245,15234093.8333
5.791786140476954,124731.52315162528,1.6593207413826843,1.8801856945095243,0.4274955868429926,4.724616289321785,0.12168983098625674,-0.0246921740431,-0.0246539506919,4121.186738404472,5257.895560729831,1769439.77548
4.699860423406359,326867.7692220598,2.6638158817045396,1.6113702889958186,0.30142486821141257,4.729624647821271,0.16342108685243173,-0.0686907389428,-0.0666833485265,54006.58995838937,65313.01127020007,11847318.5581
4.126089936329584,592389.3295191772,2.7119359921635287,1.655662062952111,0.31382942106567635,5.381007183028726,0.403195959274677,-0.13077713967,-0.127736726166,110984.079554506,101841.13122365548,18715351.9161
9.098500111185452,475211.52476408106,2.6516469265715066,2.7193926080909057,0.49522452842700937,2.038690155387677,0.2451406661294135,-0.0790174865736,-0.0783605080228,144084.80011576184,16302.020806429253,8194312.62929
1.1964105709794055,596020.5005292534,1.6709488306788618,1.558310545525034,0.29885785260540365,2.8809877617254873,0.14069207164445005,-0.153790654485,-0.153397168669,45951.59317423511,6326.684384033514,11701175.3024
6.9741071755803015,580978.9887961015,2.465861935601647,2.4884141909021142,0.36142523520967224,4.662136000680055,0.343006585228546,-0.107676362196,-0.106084925582,176726.1440344844,55373.2752343112,11829541.0586
9.670549907921954,293723.72525649256,2.751487193624098,1.9088366232231007,0.16908888123630272,5.5805829472982715,0.3797428376217573,-0.0514397474989,-0.0425477814218,81139.13587612326,15831.12960944701,24561104.165
6.041513651156578,417825.50992233946,2.3660301018295016,2.8073185210621894,0.44477352807359094,4.741355127685425,0.10628205775275609,-0.0778332608795,-0.0773370965133,74716.07913913444,27763.497128881998,6153954.73246
9.431402158297827,66265.87616469066,2.4696110628421337,2.227488426866249,0.3768588171428402,3.6539651659747205,0.17464111698872037,-0.0105044784779,-0.0101624036475,42991.494797623556,5901.854625900836,4405086.26578
1.470320913574214,264689.2950280811,2.1875452191394595,1.9583646889917385,0.2914070360019847,3.4462219834810464,0.14957453991750497,-0.0641097340452,-0.0636502299386,50324.853434777375,1631.604423286453,7613227.54087
4.769139871667452,485411.12536001846,2.293060979826079,2.2764584035341517,0.1556593389840819,4.951792033133282,0.22093458294310347,-0.10588196554,-0.0946379117596,71495.61968861078,30815.032798250115,39766891.9421
3.3414201186584602,303201.19258628605,1.5515652875275878,2.072937028567903,0.35708408720772633,4.964950788548774,0.393550203009229,-0.0694104536538,-0.0693160665562,7527.208722116192,5874.236582647783,3037137.33447
7.577388684826568,421619.4196903391,2.458444532959927,2.3464515970047453,0.15443023996945676,4.428231970022761,0.3711686460234459,-0.0804983575742,-0.0708931603637,80889.69026885847,2014.9398319848917,29953005.5209
9.83167381447522,447450.7979905662,1.6221708193367388,1.6717993024895224,0.15042126486815627,3.165868096389348,0.3481357596726668,-0.078091840269,-0.0752000625585,57576.330019724555,307.9302185384716,20122970.5409
3.30877056199823,152081.48474573632,2.152521891510335,2.9954857542188265,0.3656344967522741,5.700619273562174,0.052828495640866044,-0.0325178316632,-0.0324132051197,4496.182787707762,8914.741965564386,4486205.40537
6.88757141326667,525419.6237655393,1.9389826465011117,2.1383338165450763,0.21615597356709398,4.207519768474556,0.11396449102117526,-0.0997723265891,-0.0972425153835,95616.85296740713,26172.318430165116,14122516.1818
2.7828786948376614,275893.4585455074,2.31814192531757,2.022345959561053,0.21716064240133334,5.161969424993322,0.15048389709593007,-0.068800088943,-0.0658148740196,69471.8767341519,19197.061078982475,13327456.0302
6.087972291144489,126111.06217292625,1.7001245032848107,2.565314772474397,0.37864504804146026,2.8572330486473265,0.17238013071748232,-0.0244076488353,-0.0243729754147,2665.6026647326885,26251.101144572705,2835263.75038
5.175392380195026,519249.52907306625,2.5374651029599775,2.0458491097429987,0.168794015778781,3.3761631544589115,0.11589194374200501,-0.109896038603,-0.0997639512578,76898.848434182,44263.23495970003,27905473.5447
9.748047966683833,250691.2836637522,2.6925173053927054,2.7499114575431367,0.25969194651609473,5.49831806554937,0.23464199816325038,-0.0390456700141,-0.0360978550638,89418.0674845056,6120.759260923737,15785081.8775
6.476745454268199,450187.4630278318,1.7450316746147347,2.1814060865406377,0.20230116574970666,2.2004281197598736,0.08383126325631166,-0.0890187643559,-0.0873459802308,65560.63296127932,2267.7229185311744,13784502.0842
4.145557348781369,328819.84333295573,1.6564696310278233,2.579337619898152,0.35306172942878683,4.049261245026648,0.38750998567450134,-0.0706382658632,-0.0705627468016,31991.058307908872,21693.200367844427,16730146.17
2.0268620639914,229123.05134070024,1.7182732241810388,1.6611798246628298,0.3816178041545885,3.926821919376036,0.40447435428324724,-0.0561129281195,-0.0560321362486,18718.157500879344,700.9618314496242,4901662.3959
2.361221458614411,485925.8490231416,2.8156913428477526,2.769178778332668,0.40239754875966527,5.0049207556323285,0.30842001032040417,-0.11103741703,-0.109655204487,87474.23559434741,53903.424363668055,10795558.1038
3.0278523695611157,350681.9589867678,2.292283892634534,2.6035769801671647,0.2393309259214979,3.1275750823973296,0.09036719466888553,-0.077855166955,-0.0748904601302,64488.043931539614,35435.13800144025,12242854.0249
3.258699952062682,234337.261456219,2.2008914940112536,1.8175751676929486,0.1812374130728044,2.876267287438398,0.4505374262960411,-0.0538799789401,-0.0513515772051,40164.15868511553,16493.000824536004,10974488.0846
8.65554452057024,65758.72220107622,1.6600677286535315,1.7179290146186799,0.17753927992966423,5.704531355092935,0.4845361229186515,-0.0116866226582,-0.0111879240076,17504.968968902616,7577.033207242017,6032074.75116
6.051005094542724,537267.1882600248,2.4743340101354425,1.9744385230884367,0.2991530419577533,4.286838607833859,0.14106360214480523,-0.104756758789,-0.102333455698,152505.2092127602,83450.59939752246,13789715.5643
5.710518202369298,21281.75120499993,2.801999387842635,2.9641058790478567,0.48104554317195025,2.418758273134618,0.36708791874832386,-0.0035266627545,-0.00341992395033,22167.18950881818,27617.717725676583,2685104.8463
2.0329198468229572,517912.40902083373,2.7422788039851795,1.8852473618505878,0.2262051619864586,2.7721446488572843,0.42887238378911857,-0.125968545551,-0.118734292664,93130.73898009736,71179.50365488399,24442869.0378
8.741257240144915,215976.91492989328,2.439082063471202,2.18419081341995,0.23985956046954227,5.995304238056994,0.292929585144216,-0.0368322044547,-0.0345776537859,78040.31623092383,12378.593962814193,12658585.5372
7.5053287288763535,383603.2581008435,1.6129180749775105,1.5450303385760045,0.1853110807370506,2.7824359850087697,0.19549539478703698,-0.0739391119794,-0.0725777888822,50940.24818157271,7956.0325604896025,10865698.3875
1.6090152571000143,553319.8343014112,1.6685955407640194,2.0958412943493485,0.36194959586287556,4.4419020454147145,0.26535142178615867,-0.144536392709,-0.144317084311,30487.071650070207,13897.848759662118,8125805.73205
7.370515875067918,91023.96930233904,1.573963480664737,2.356980023149654,0.3879555058815112,3.6805123159824724,0.2805209378530034,-0.0168489226758,-0.0168381540625,8697.815885501499,26560.667375428777,2439479.57838
5.8918439560838145,340170.28538328613,1.886218824738704,2.9296869187619476,0.375025922856266,5.542396379399341,0.23028666988461255,-0.065253545476,-0.0650299809005,7739.4171737172,16673.275107131463,11404969.3296
1.7355281117210044,458659.7174221152,1.7034922007405666,2.275104067410097,0.45139558506567345,5.020674369181311,0.4684291221351678,-0.115370441638,-0.115261573198,7495.428277441715,17917.308563896262,4872992.90896
5.124705773757908,454550.29963143443,1.890072060378651,2.7286609892665314,0.3202490422591251,4.387805585047263,0.38474739992412593,-0.0926136755324,-0.0920677755193,45765.48747387694,4347.438072162578,11821217.4726
5.362266584170423,315379.1487597024,2.0775870835784422,2.320691463853351,0.19705996426847255,2.04295592719193,0.1585857390147338,-0.0650369044924,-0.0624597980135,65971.1034833526,2247.245043334897,13598124.6348
2.4919708614694818,374843.67594387487,2.9144741761067037,1.5611775201532772,0.2512917957465444,5.5191808299738385,0.3135007342939408,-0.0981411940568,-0.0927190318833,158052.17450518036,122220.15082080167,20753043.737
9.51128332300254,454516.19647970673,2.415564089672538,1.9725124127846612,0.3818504906974731,3.778669883354865,0.35991011791902533,-0.0759772681123,-0.0750152485879,143199.33053263594,52769.784886808884,9693092.76449
8.649778343325957,504616.58265444706,2.7524606785244434,2.363324261746655,0.3645926908095459,5.726310612074306,0.11307038976595862,-0.0821568812088,-0.080060998006,193985.27871052487,98849.33716616035,12837669.8275
7.021201035961975,457087.85812551825,2.5655272510684983,2.9258909488966864,0.3358510954100369,3.982156051416805,0.21129158407106696,-0.0822833785194,-0.0803373816692,137001.02969499325,27794.563024625928,12467762.7478
5.160660049005465,212402.9659087456,1.6687546957899477,2.78869553962685,0.3890375465410405,4.7768979567309025,0.45749672672176217,-0.0432612211021,-0.0432071287951,12595.937211708473,30278.814144599746,5882609.84616
4.705889874260577,598035.8406346398,2.6038806095609233,1.8425334212682714,0.3730867976306548,2.2771705978665686,0.3052278950833407,-0.127089010489,-0.125539980197,187356.57479252297,115209.12881055674,12523974.3784
6.858761204358587,260701.61623158262,1.9126483223386868,1.8301647450287453,0.4584637113127331,4.980606614107144,0.14764898572714258,-0.0491655574617,-0.0490634541797,26478.754267739,5283.771067936563,3003126.31265
5.908886824662149,14678.821655360052,2.4586617704920597,1.8017594506708512,0.3551057321174038,3.3519841252476916,0.10525315915361785,-0.00260160556001,-0.00237859051628,24069.389819031498,5953.1043395298975,2381586.69794
1.5604579529369706,217570.17095127722,2.011442960464483,2.8837483444537546,0.4225104755451947,3.4054360573271234,0.283202102063695,-0.0510485014159,-0.0509429296827,5442.57985379275,2941.376862068469,2985821.67608
5.612523838932985,76669.77274430596,2.996508394896989,2.778999229652581,0.23704750458826374,2.47462337883756,0.2964585753631149,-0.0148014651349,-0.0126191591043,40277.139829394415,13045.281142567523,10724586.2488
8.257632555095554,72865.569437025,1.8953272192451667,2.662325148379423,0.38736390460617376,2.587428594560809,0.20048650310957555,-0.0125094954512,-0.0124947060399,3240.3916141169702,38548.51906602388,3615048.5169
5.133158898372622,168921.0240641366,1.9186957061614045,2.0891026713363416,0.4657679414339365,2.7430362248248406,0.3336872127886033,-0.0350667274026,-0.0349942003038,17271.086691785305,5092.830028030267,1871854.28108
1.4676091979884158,32025.296506356503,2.8960083833435974,2.2565710564481503,0.28500631476494165,3.3128246742856895,0.08090810879872493,-0.00707934849119,-0.00659069147474,10102.583924473223,3660.595667992018,2872805.00649
8.076503794456297,413107.31304573786,1.536966606954484,2.1964976171927293,0.4226864655685263,5.567879651102421,0.11531286196976329,-0.0741936759586,-0.0741019346378,574.8807510644901,18580.064798906486,4127513.8803
2.8122740392237695,44393.33052114305,2.5450334818097953,1.880097161339059,0.40367625541840235,3.473040952920322,0.2958232194550667,-0.00988939390796,-0.00973528502958,12416.622284150028,10536.223466706168,1699387.14355
3.327587513992349,121973.7332615737,2.5879895861038174,2.2575420692231507,0.17083416890513786,4.897450826252873,0.07781706223000429,-0.028083200368,-0.0242815200172,25598.510890777412,4645.287300926991,12800523.5047
2.482357180890663,55739.828696471624,2.754567866115599,1.5457448217791316,0.3535279083684253,2.3309900155594856,0.44640894424599525,-0.0128595125279,-0.0125550697545,26853.0979464682,21431.674065876367,2585829.80755
3.971935583843478,37900.63854181864,2.961658965957713,1.6977155602461886,0.19556627222028083,4.364395197087971,0.11396586670543256,-0.00887779351755,-0.00631057812083,19707.40727476552,11314.239612800795,7571521.80532
7.810763551197716,160650.999323725,2.9634028787349784,2.8298843942534195,0.48856171028070683,3.927564925081758,0.3532639433380414,-0.0273121292778,-0.0268420051823,85170.18029483744,4257.835152469987,5227807.70907
5.674472735535436,343139.38059622195,1.597915136349696,2.6275196505471348,0.4339926259452297,5.911831787818018,0.22604154877149135,-0.0681223580229,-0.0680007329577,18991.82878094207,16706.808448393964,3044788.50057
2.843931467356413,578811.3338681051,2.7327589841293536,2.1343026135886305,0.18840333043649204,5.384831079515852,0.2299044863940118,-0.14694564608,-0.131000058484,179204.672105051,65965.29233267033,38724124.3879
8.900470703368367,525333.9926097638,2.469464900486072,2.275725543425816,0.19261319917668743,3.819319089754599,0.3942002878750147,-0.0930975143327,-0.0850650374893,107447.4597024778,14806.936627949673,29850342.2655
8.916236694563763,525560.3552671949,2.4710132015596367,2.0549983289399663,0.35806584921941664,5.100571056181355,0.2747579603778113,-0.0888260491141,-0.0873720144432,128695.72583807411,75523.69359242819,11382504.8954
8.835205825414063,105640.22162259456,1.6925248899220422,2.611169800741009,0.2707112109606141,2.77215496517511,0.37654495863973986,-0.0179596744387,-0.0179594338742,119.3688150130214,37900.2014655256,6711709.72184
3.1491659024338534,158944.31609869207,2.47528074966848,2.6762807688481196,0.16221705067558825,4.249345309567112,0.27733605293874614,-0.0361897718842,-0.0318359586503,25634.61752463928,5432.143217545062,13721443.6042
5.061154097628893,45835.99007718342,2.9737238709018716,2.6449277853047386,0.3395745277415686,2.2984762222748327,0.31680740363236853,-0.00859344874738,-0.00794989834792,44074.45638303369,5303.6041567265665,5002772.87667
9.864906905267876,467081.00394911104,2.8677278543091704,2.5839175872516744,0.28574578489004643,3.3923561290067323,0.39232158254134886,-0.0755085359093,-0.0705315320289,181825.94544834117,39065.079411814535,22865502.6782
7.948112286789914,41889.78089133717,2.158695991207276,1.8067565080391939,0.1853767723301099,2.9034487264886812,0.3232889343145739,-0.00771660555704,-0.00652966351709,20145.53945211969,5924.250569255339,7892255.46952
1.2445067910300383,334017.40249251196,1.5599219599291416,2.0069549688607182,0.43067213728959386,4.875639261300844,0.32702679922495487,-0.0918322911478,-0.0917732376667,539.8344152379481,13267.851862100264,3320894.71348
1.5868413213444286,148725.34339437046,2.043440235000307,2.2047681524755123,0.47027686784758205,3.9603627648574458,0.4051488161424175,-0.036170990028,-0.0361202849686,11638.216343140395,8803.870958250789,4207572.56162
5.175382391310995,146067.38041724684,2.7395854674008326,1.9961894871414834,0.41480787690494547,5.004281915392042,0.47708906711871796,-0.0296654629614,-0.0292380009302,59307.03961602905,28788.18989900089,4239494.51688
9.182981852754041,594435.0331485631,2.5522486521977488,2.6324103002374937,0.43784780850569704,4.061181750525782,0.21952226927090157,-0.0968006282049,-0.095788755881,180601.6508973036,40063.875496614346,10389727.3518
5.848316181574428,454067.88418712246,2.1890154833909348,1.994030286374932,0.22577169854314105,2.345937768606554,0.30970272075167804,-0.0928849659818,-0.0898287461174,109665.17629769933,28254.13411813475,15328362.7589
5.480312572308612,502163.61497463007,1.5826523027382466,1.7073481301780058,0.24225053282151032,4.941470598930107,0.08882292098009553,-0.103531056273,-0.102851763852,41694.88440954725,28138.442360510206,11442095.1168
1.9492632996096753,343189.6112064076,2.140342091734954,2.098560678072456,0.2229846391047157,5.3329170559512225,0.21146174625599012,-0.0950404524198,-0.0927552261495,80983.03601724503,17938.150250405753,12723462.5102
6.911020942518647,522608.5724362495,2.203537409576825,2.9698716491735704,0.4177722009779473,5.61412490365117,0.23542215165022368,-0.0945696775687,-0.0939908535002,79111.68011186503,10637.07245571886,6823996.72235
8.39892844540203,387294.32349981176,2.892833299341204,1.8388221194003638,0.481770977627074,4.287967781226833,0.42585679257082293,-0.0676363202583,-0.0668876499414,149520.20205452424,113200.88082041084,8328127.43881
4.423780067568061,567704.2228778072,2.461629155373239,2.4182379884148437,0.40089302235686586,5.014341435997981,0.2810265809565546,-0.118611745447,-0.117399802182,88103.4725855199,91801.37605928507,8979324.54755
7.980506658327947,168803.15162738206,1.9674793749819735,2.1494595747595593,0.45851336770784457,5.008177347530508,0.378979867984306,-0.0304177766717,-0.0303262228879,21903.908976105187,11139.062502984736,2418877.00245
9.680289885107305,357191.727469737,2.287977396676082,1.60653685147399,0.3735446832091104,2.6229990391957774,0.058553330011552114,-0.0598656759547,-0.0592238274629,103303.11865859949,57326.423640998975,7717736.34365
2.833898132149202,414078.8087621353,1.59908296173324,2.231814908997089,0.2856809651955796,2.656882749838283,0.25902170133274205,-0.0949053185688,-0.0945834437104,13258.08606938724,3927.9432418954534,8366688.40796
5.709966680752672,235762.383016684,2.9588523534746054,2.5532464929724688,0.2990165652256068,2.2835420232365045,0.4555929493236129,-0.0467993768356,-0.0441890856576,120361.73769324331,25732.49434416561,12537485.0907
3.58424162276118,527824.789442432,2.040089852896089,2.269829963741728,0.17636250125859168,3.279654540561206,0.15094125918760332,-0.11728857583,-0.112909076511,60805.24203131779,22801.32893858908,20001970.8526
8.135689771304554,587881.8978624926,2.2168010323697036,2.808159095619872,0.16101001833610912,3.894034350964258,0.06418498338820082,-0.105038092921,-0.0962662305695,77701.6590408114,6099.1715500185455,33299858.5184
6.198340292930418,296261.6948235969,2.032925961355384,1.933405524986374,0.39341646146617704,5.991591411016868,0.2450339301710644,-0.0579761694443,-0.057778235068,23120.134690424617,7470.410938558846,9669073.67661
6.711241757952734,234384.39288260345,2.5237675951743004,1.6293737569559474,0.3034501122039132,3.723973368272678,0.3669943192914179,-0.0455072174535,-0.0442299357566,90324.32030127215,53916.45617473957,8819400.7252
8.181227436543047,283162.7571338752,2.4933482374943896,2.9048484174870093,0.3432752738191203,4.904970354029484,0.2545085780786613,-0.0475901308687,-0.0465647185818,84843.64012285632,7530.901359419834,9193120.05932
4.563734253962094,511642.04743915895,2.5729834657937034,2.0672945242923286,0.34518143666784573,4.7735881050901385,0.2569902410800696,-0.107192815508,-0.105246947528,84458.1324525636,88976.02379569142,11909813.4229
9.23581061566339,387281.05531090056,1.9022148444178812,2.3646083271804503,0.2470815346666555,2.8179278010023183,0.3514122685572438,-0.0665566810853,-0.0654151543113,72222.75451831562,15707.917238326672,12592634.8649
5.797259805215259,26863.423510857043,1.973502721746099,2.688004689195294,0.31656237879032173,2.2340286057977456,0.16447496372737205,-0.00467841871527,-0.00467919970523,685.4999723924774,27589.185644731526,3621725.38391
2.421593405518132,325301.9462674289,1.687876846644312,1.986470495813371,0.3147660775836958,4.18402700613435,0.38835040623888983,-0.0772396494624,-0.077016795039,16998.95854686722,10710.903980407838,4154278.29778
7.263092063519222,10380.07364458189,2.483264957769169,2.574246807266417,0.28594952742974994,4.801222369257904,0.11890108890758005,-0.00115097303297,-0.000840705545036,18534.87015323603,21681.46707789865,5198848.11093
8.13935215394429,467121.22260204324,1.559695691003479,1.703128274726742,0.4372363841903747,5.993007160745024,0.2280877723786945,-0.0857048865238,-0.0856178476756,13094.043413383532,6544.991145300058,4440689.45021
3.85085509360774,196987.36412547823,2.396523503285189,1.936940620808258,0.3079074012906585,3.434444209124683,0.34520364881191307,-0.0429086234632,-0.0421768086121,42986.67312547117,24840.763059216417,5889631.82152
8.714613312988778,283204.48927039764,2.8045438272774508,1.71706595420478,0.3612755835770957,5.585458248324387,0.42276605325358896,-0.0489158940456,-0.0475369301521,118411.95235845754,81214.1657339722,9743464.78172
9.155289292891897,479206.8635445792,2.8362482224344503,2.716845837602037,0.46343204213328915,3.527729823476746,0.4061889820242749,-0.0783718637172,-0.0772603159114,202466.96226689228,48568.393047620855,10270687.5081
3.4921403864002802,27869.290371456933,2.1735566405549425,1.833973852840178,0.4531817680006228,4.757646833722051,0.374758519688464,-0.00625923495348,-0.00621635777022,5503.884539136342,4086.53671551235,988461.788623
9.851693254436999,95124.92135496627,2.1889555323196106,2.576105333107815,0.46164777132270773,4.3930117220682074,0.211593372591376,-0.0148024861333,-0.0147160352115,15859.277734286283,34635.69324780914,3232949.54077
2.266403752438826,238776.2258670689,1.615453774512026,2.9149475958684787,0.24450174876275488,2.2119151732103877,0.10503694233217573,-0.0541175936417,-0.0538165791738,2268.5592726568107,4765.127691261882,4879881.79079
2.81814101562241,137955.09812733636,2.5061475381645537,2.2916583136033157,0.162243870907822,2.313553707881034,0.14757539796184577,-0.0317285304362,-0.0284949276174,24026.79527512661,1215.0078488483502,10857489.5393
2.658023553142235,202740.85546503786,2.731889130559268,2.3100437883910314,0.24137337996336522,2.083056358897844,0.43917521655941827,-0.0464690048193,-0.0439888270748,64624.16279496517,21623.868501882,10248955.8297
9.045907390070834,598904.842735479,1.8669825819070696,2.1915503521467183,0.247547570967248,3.483336338375958,0.4357991165596968,-0.105130290709,-0.103482239483,105965.16040233216,547.2150965481771,14897085.4211
6.8886329709246565,495248.66254428646,2.131951322450047,1.988835215090464,0.46827611435373884,4.983204195064043,0.4782023836425571,-0.0953116712821,-0.0950351491591,69261.8661084643,24138.71194133684,5156591.28577
2.3689385490004558,530341.0889760652,2.7582590051479055,2.2134825463873757,0.3772349564932897,2.691021575962891,0.08419489335299372,-0.121902674126,-0.119908667875,123446.33914377801,107147.85858131101,12172752.4583
4.962910765315141,562232.7801394652,2.8156807014934317,2.4042112984001394,0.17859638586078005,4.423411873535583,0.29156408837485526,-0.119974840257,-0.106460712673,129725.96133395181,45783.67012388745,31975362.295
6.5376822256282185,204561.52818851738,1.864769970396339,2.978987358255989,0.1973825086038854,3.1553111201243116,0.3419073702069051,-0.0385606480367,-0.0376822985301,24098.372181889416,27697.019349187944,12947538.8065
1.7511767649044496,178246.17467788362,2.3258559518120463,2.9066468389773363,0.20448664393969138,5.1879704959162884,0.36979581968008546,-0.0429281592388,-0.0411187660704,40822.85663099448,11860.368247557411,10902311.5157
8.94174731566605,140437.49554324494,1.7887397259537405,2.793229437439683,0.3706476118591231,5.193584596011964,0.3397384557546936,-0.0234527465704,-0.0234304431484,6812.76442949461,45439.62579906248,4497920.92899
8.232431818973817,498070.14678487356,1.6528181462093348,2.8336958035572875,0.407394908927451,5.101658059865694,0.3965051254560269,-0.0885645402771,-0.0884122291247,5109.983868265451,56492.4558601337,5836974.43495
5.5468609621897444,407731.11737111094,2.8666807520879365,2.201773774938064,0.4508753686978886,4.099334055205507,0.21176220933020373,-0.0797637071045,-0.0788615371259,133447.79790272514,89242.4108293878,7991989.56492
9.704139537332534,141703.18948972638,2.730761256348164,2.4861664907661973,0.47922279278218505,3.1382668403194067,0.13074474746096698,-0.0220864824664,-0.0217333535885,79512.46977541511,3348.546206422859,4687162.83041
4.759848813475897,226196.29752627292,2.640052352704761,2.8426000844043213,0.22059659508525462,5.237776175514538,0.14206251746769735,-0.0459881520639,-0.0415031030407,35411.2132593252,24670.17208625771,14052366.6259
9.85699287132848,304027.05835967895,1.5731494782197106,2.0894261474870297,0.2584203696534172,2.744402247756966,0.05539041026157396,-0.0512233614862,-0.0509294497931,26856.775094346944,21968.3658582849,7443669.34747
7.011279989232643,316884.03436425223,2.7655931890653864,2.9426437175182034,0.2341130082606907,3.159038408114624,0.20764484244780007,-0.0583836185832,-0.0535492420173,119611.4377841287,861.5345834262313,19534768.2288
6.712041459285473,533236.6371310288,2.1570661138580753,2.1236790931037746,0.2755665486131482,2.7357908246424865,0.09128482289598977,-0.102689932376,-0.100756836155,108601.61933823042,41262.93206120344,12767566.7812
2.493594057662065,228339.67976832978,2.0135926849437897,2.4016239980898235,0.47013278759831223,4.69684064155059,0.1946699117555859,-0.0531129985944,-0.0530306710554,6679.1016631958955,7751.818845964445,2801517.41846
8.937349824741796,545114.4183003074,2.3197145415380644,2.564707069908558,0.3512893984287765,4.744944112463273,0.3326945347248115,-0.0916361640837,-0.0903467234078,150524.76495744614,20284.6296354374,11672378.6091
4.847407191285536,264820.5361918738,1.6370298640853338,2.9258880196139074,0.40836716406357465,4.610039971147012,0.452515125014069,-0.05465755758,-0.0545977793683,24568.965178055547,33806.79597104126,5867679.60531
2.460100652042314,447823.6048754123,2.634969824028598,1.8669244110783991,0.3215417326443737,3.6624058674586712,0.4278224529457324,-0.105002217201,-0.103063726577,58883.06403542171,65490.20637198755,11627964.9541
1.1134676797818313,558152.5919910336,2.3736526153324435,2.6191964673579635,0.16010026966764357,2.400684028805733,0.1637033953809096,-0.140003349123,-0.128904023237,66576.47762538336,22636.0668252071,32121370.6524
6.037801152745443,544545.4223779598,1.7798851453097513,2.281223379216123,0.17246842009923502,5.644678338060085,0.11033741398912114,-0.107628689663,-0.104237700152,62627.94596333619,24982.997584227345,18101912.3198
5.746596599104087,34171.720377408696,1.7823482996535684,1.9028357109309617,0.33827306094376,4.030923856048952,0.1368825232085291,-0.00652066959538,-0.00646751558388,7430.176214898955,8191.313920952365,1639432.89544
7.474182601322427,123422.5769859419,1.7763729773590113,2.6649102596945857,0.401576162187009,3.627888779644366,0.4869439933566231,-0.0226305575318,-0.0226026174689,6020.534264438014,40672.284505505784,3240011.92816
9.01232247716022,286143.25531936507,1.585503581327901,2.32833342026077,0.22536568463505602,4.355299572993173,0.2972635158584709,-0.0494982604337,-0.049092362484,21372.271325215497,28287.71437211326,9262593.26635
1.7146592617872658,258932.5739718644,2.381697674057527,2.491460730974514,0.40266835089730635,2.7711617432764233,0.13212600035025868,-0.0604320263445,-0.0600011518321,36024.81207217869,31505.732177229365,3807502.01376
7.583468413063261,384534.99890232424,2.760522266382762,1.9843516028668515,0.43373302071922937,2.5301951164194976,0.42833576960906683,-0.0708681863912,-0.0699422013318,159150.0033108496,79196.4122620738,8824467.63278
2.68670749687824,566825.4304952474,1.526247320981083,2.2219109277414075,0.29416411742673887,3.6221008858317743,0.2278360599406497,-0.131317628132,-0.130846164348,33474.76343229233,29947.404686686637,5717551.16831
8.723593478414475,67442.8267667693,1.5735069674569102,2.4260313764821007,0.41124673149543667,2.908882776399642,0.4546499683886273,-0.0118124624384,-0.0118155844075,15817.120902119046,39397.555100017744,2841204.59637
8.371571624754905,271115.1990805443,2.359155415030419,2.107366221404766,0.29141048261496094,2.977161178148658,0.16730470707551892,-0.0476620632703,-0.0462967811477,79708.89805688306,20848.755518011247,10033792.5669
5.867143794869899,115446.62273228359,2.7292435280790786,1.797558809771552,0.38742272030925695,5.570045951114118,0.2269497914619063,-0.0223486898931,-0.0218817374267,56822.087957721036,35211.06887930574,4241328.23517
7.392185187609804,536464.5590387685,1.9901083358529503,2.942460738472956,0.41739896726184,4.1230367087432995,0.27722649325553805,-0.0971501734472,-0.0967865687728,49373.431455913924,31458.402996096163,6892502.07078
3.8291510186537354,578748.1114809917,2.024421598211583,2.267201310063926,0.4971743164078387,3.9338762572934045,0.4516769003400642,-0.127021753833,-0.12679046269,52172.8857088188,52223.728481119266,5483873.19836
5.240511090395332,287221.00913421006,2.394519746245164,2.6008805554315506,0.27088883172225864,4.757918374914389,0.4409408442222751,-0.0578634904403,-0.0562212834104,73759.9550159954,12414.502597101715,10247070.9534
8.394732079394245,62406.17863688445,1.9113193336862204,2.1165707903340873,0.29386427320111397,5.8061924547069586,0.30845978163674503,-0.0106394734512,-0.0104726154034,18299.424950178873,16267.696913793918,3781538.44683
5.133386774558925,471176.8000336039,1.5399125491165262,2.0326976460385744,0.20796702079355994,2.4487942578822564,0.1497989794014008,-0.0991036637923,-0.0981003393802,51586.506823727046,3361.561156984318,9356809.88735
4.220184387928976,418284.8102954394,2.602842777152394,2.1107464477006874,0.2214255704406324,5.334138268437028,0.2315106372820438,-0.0914784370904,-0.0854469876354,80449.41305688123,47928.88214027328,20904171.568
5.447912025252699,212802.49596618628,2.43847486941218,2.1137949656784745,0.39268825090943216,4.336076719471384,0.48903487941447743,-0.0429968067456,-0.042551026152,66164.30582002642,23966.9431479172,4656215.02392
8.454243271934965,532444.484381378,2.3711339985834887,2.3162701739129306,0.4709659565540666,2.584661415247349,0.32349795074483095,-0.0936884098451,-0.0931833570355,127236.30730265622,26603.136128624854,7194258.81251
4.016872426337855,585499.1338696243,2.6125261934877346,2.3152048049720446,0.2881117330814342,3.1885972747559665,0.4014939898058885,-0.126817549739,-0.123275712324,168288.5839935078,81007.95762729175,17457281.3436
2.5638543382216943,334712.30947811727,2.5128462563430563,2.2457307238243076,0.21294555639243942,3.929445665858958,0.2524391129126389,-0.0782471722704,-0.073822894977,55780.41082903999,26249.30482289314,16367106.544
7.408126182977027,339436.7468065754,1.8088229822674817,1.7021786773761571,0.2497848247840479,4.764708578309692,0.2894032739600629,-0.0642059220311,-0.0633773506958,59116.02210717046,17511.55088533679,7683772.19482
8.433803914372735,178508.1030682667,2.0287215704150268,2.2441132177507965,0.3092680966828485,2.970428067813809,0.24302935050464486,-0.03130692738,-0.0309096431855,43107.12427327573,14209.000008543897,5843140.46628
1.9057373067118,350703.6215899885,1.6891652125179375,1.7536558506309772,0.2517276152778789,4.1395152618703595,0.3663144491278856,-0.0874716510721,-0.0869331638885,36019.21031188233,7854.17623598588,6253590.00546
3.1588670148035023,263785.3923149079,1.6947855201268216,1.6892036794436478,0.23175267909265318,4.738686509663447,0.4331619562490948,-0.0614850936566,-0.0609149383467,19418.177422906683,11154.167975509217,5754878.88346
2.277747907848945,181314.61615683112,2.5142936195348087,2.8989685760117516,0.4075945710649779,3.794963003390025,0.27831359445105364,-0.0405321987401,-0.0401743881131,20297.319322376108,15317.035742414528,3709367.06455
4.131472704239499,40311.117914340786,2.7879001604737472,2.4074250197215563,0.1527457224342181,5.452103844480703,0.2663903563863016,-0.00930075456761,-0.00616147390458,12854.17420999427,1490.0467498463092,10287787.8933
5.053158810148714,151624.71582547494,2.944098875791709,2.4892350871868762,0.3387306845677691,5.477836411361618,0.20312891019427864,-0.0296838618072,-0.0282639151797,52820.51610583491,33957.058529800015,7161506.10442
7.739437032669758,118712.78980659865,2.4425206763241665,2.1026905055000458,0.4278183824604138,3.882764870561783,0.12969351243233773,-0.0207693441427,-0.0205111153983,46770.82592088598,10346.985435176066,3510729.75119
6.860328263935067,325225.1907323694,1.7761519850414356,2.863471337872296,0.24317990021111385,5.891702841635599,0.472661475293799,-0.0611555287993,-0.0604715822642,39534.80118802598,19621.60352847775,9975106.32104
6.588357107305881,361002.0130581563,1.6584755181733961,2.456895734369498,0.36115202871420604,2.3023403696217892,0.19223587340577725,-0.0701687387478,-0.0700105266907,17183.442637179203,26165.24687436593,4755250.86852
4.171374519486889,365143.0345836099,2.7192764573051367,2.653754804285381,0.38411503696651617,2.0134495132917465,0.41031115860842843,-0.0771225562382,-0.0758943425152,136213.69116597643,37279.555940553095,8772127.48727
8.57302797776284,232908.60062740746,2.368134714539999,2.052843703541571,0.3792586437417815,3.522673055215676,0.3719061595793634,-0.0406942223371,-0.0401516415325,72442.32494174095,18926.90567485947,5919305.3634
5.241584506583481,252737.8402112976,2.4274275315205798,2.9400178212286883,0.3060473719695512,4.404388245490037,0.40591292012515806,-0.0498278316778,-0.048736318665,70527.86220598906,1003.8237524807906,8483128.15503
9.81194444213639,500543.057784384,2.6721931331320636,2.7306919352374726,0.2713022957565227,4.516800629798643,0.4715456600174461,-0.0809286326616,-0.0763103174794,195292.19653417254,15900.810227410419,22449729.8108
6.707279244661631,285739.68811029743,2.5549158415986772,2.7809226945218155,0.44257342555973467,3.9057829451753143,0.33051684209940374,-0.052559712849,-0.0520555381435,81976.79454031448,5888.949214780277,5772069.55776
2.1363826740805245,592663.9992822735,2.751687379284145,1.7582914011386315,0.41545608494995245,2.4995332529625847,0.45407765452192006,-0.140478901483,-0.139232379047,109809.02270298208,114636.44294178451,11010130.4683
7.085598058678906,263770.33800531895,1.5843208581898178,1.9064448118068293,0.26243931069486937,2.681990087151577,0.12546379531053214,-0.0506389123968,-0.0503448531001,24414.963518146356,8406.097740633408,5182224.71411
3.925936138885291,389748.5667707034,2.621280955119757,1.9284398995253655,0.1860567180547721,5.408591935408037,0.33202065918055446,-0.0893925455022,-0.0812897127806,65565.26187823758,34322.90237877564,25403877.0971
7.1769447701748765,30217.79939603748,2.776279135983143,1.9063638348703067,0.1751326409059142,5.471644526957045,0.3975240258115757,-0.00615467571813,-0.0035400829968,20746.9434793211,2233.9309763171673,9520048.19497
1.6267703334616517,392003.9546512865,1.9292025636874715,2.783112243156432,0.1829965922646276,4.695594151442881,0.17223850883487835,-0.0992757648545,-0.0965771837804,47531.13435007684,23308.462115871855,20434932.9447
2.5739329345836346,510855.8366490037,2.4606709109898794,1.5478271928128882,0.354004276417215,4.656871889115529,0.38333921058138426,-0.123710753281,-0.122537557011,139876.74700492105,96949.36050902416,11137510.5071
8.701635330152076,565474.7031199777,1.971243095755458,1.6141499834711615,0.16808176154014637,4.39072851211123,0.40031457310230656,-0.103720377568,-0.0984239724792,97348.5975411462,24140.597587020402,23365802.8357
3.044616013211634,598392.3669838622,2.936956599723681,1.9108723059448556,0.2679244062374134,2.811703542807953,0.42403458020740015,-0.137801846796,-0.131492790159,200280.55069503354,120182.45136862573,23652314.9947
8.53337012718646,169307.18738953987,1.5501353586532556,1.7998094619741654,0.41361989566998025,3.7130028010396128,0.1907973106681698,-0.0304480536313,-0.0304034534448,5995.307309027103,11778.082418809536,1845941.12018
3.5134847960896938,345222.0388954301,2.3696892657494324,1.8477894208242724,0.2530218582803823,4.783578605853515,0.3567229655757391,-0.0780696999627,-0.0758350192238,54357.77169910289,35906.94588401025,12354690.8143
6.785937190528369,270430.79131928843,1.7497553205742726,2.69691478387995,0.4171578270130454,4.149009088013354,0.18691397753439293,-0.0504926739275,-0.0503976823209,3474.4030090469164,28186.83713260424,3475794.35444
7.247355161588479,338290.4883451026,2.568330307765738,2.3446898908380702,0.41091346337246937,2.0743213362203967,0.3825681743743049,-0.0629858298454,-0.0622088009962,124328.64374141257,33265.62030911518,7554780.06362
5.613892778305477,94471.77431390798,1.763835425127993,1.508655991939452,0.2360394964216257,5.814227226880393,0.25833814931557053,-0.0192634828301,-0.0189067080053,10474.17200970302,7623.508628860251,3319701.97165
3.7477960902705814,513689.7435575649,1.8530748928475362,2.143984148556293,0.40508776303246086,5.379264210288573,0.31889496853724897,-0.114800119598,-0.114574028206,27980.760182612503,22732.58548601942,6054592.35649
2.913799387339865,545741.3660067526,2.241556216568637,2.1118273902755385,0.4117218233952352,3.0421800564389514,0.23712799164375603,-0.123855956987,-0.123233479932,77277.8194764307,68077.35728435735,6271454.99074
1.298704191061836,269796.99786775355,2.872252424995317,1.6709179041668154,0.2891088739834594,4.4658357406651845,0.12289231711842094,-0.0865333358377,-0.0840907307004,108440.43712786595,77857.75179186734,12071799.3231
3.7355176111665145,168257.91694414613,1.8175715582219563,2.5142126829021856,0.22364716930953138,5.69295753491275,0.13011328832241364,-0.036431088782,-0.0360484030468,9374.58343428429,5240.276229777216,7167019.47178
6.878465114781547,84500.0565918074,1.7163600316771552,2.5531457825692367,0.33244478241215414,2.3840440484546055,0.08490600826796052,-0.0155761070647,-0.015565912757,2894.444116422343,29729.513993958488,3674043.6485
9.444743366036343,410258.89486668265,2.638465247781046,2.5813398285781464,0.47248915580006867,4.0121179231868025,0.3281327058747478,-0.066129515387,-0.0654717540231,141420.82341341578,23556.88353791089,7663796.16398
8.840840340367468,187339.10377244113,2.250929298500896,2.592706418337888,0.37386585635122166,3.824972103385178,0.4318872790788767,-0.0316588980209,-0.0313140293973,50911.962047815534,24071.01027860249,5760218.33757
7.8945829888177235,545723.1419480332,2.8676776685726573,1.500079240398445,0.2105228741695414,3.6408200211341293,0.05937657181793643,-0.10163351214,-0.09188085691,165049.7739176689,129786.0622182681,30217790.7215
8.096026089279688,402607.48490692204,1.7199218357397634,2.930881205770083,0.38896492365673196,5.3423544355717,0.07980777593975907,-0.0694255222196,-0.0692607278534,7471.010001345778,39506.11750801899,5280970.02577
6.984864131283957,387411.1951045444,2.468891839534559,2.7213131505819943,0.29952105954864205,3.5225845867898293,0.2558601465363097,-0.0712429611614,-0.0692483090289,112950.01480609934,16230.479802304793,12544337.7999
3.342581718094027,335641.2695389445,1.8493187192277225,2.8559725448839277,0.35703507907438053,2.2546533329640304,0.3819743312756852,-0.0737810097046,-0.073508005954,31046.775435630294,13564.907567172957,4627899.32879
9.16475527635247,27465.803657235367,1.735140642977459,1.523464942961151,0.4069224122580878,2.26335096865721,0.12096844012037809,-0.00479620457489,-0.0047496115324,14256.651651536047,537.4175131665187,1458090.20726
7.036590807152506,559153.4614113522,2.525144122735906,2.900788193678609,0.3302315730300557,2.170978426098436,0.17224309379713726,-0.103219459545,-0.100922750029,188215.5170701153,21799.858289430584,15485557.8745
6.04396567882396,376762.495979676,2.3905269298631,2.714682793032157,0.434894391100658,3.636581687496149,0.15440279057681322,-0.0714348989384,-0.0709245996297,80767.01322286711,17154.90521177005,5903955.40319
1.9989052229213295,596437.1900298662,2.632241187543497,2.755828714438048,0.40275445276081967,4.87362511079344,0.22957304840201936,-0.14062614692,-0.139437867962,163730.14682618278,10237.18345753361,11807538.0378
5.023499894257829,322413.84286373225,1.9641938646692736,1.6399310770829527,0.3652756690064787,2.814889847722062,0.15124940465790704,-0.0676726846926,-0.0673842680637,51828.86514691141,25341.89451975845,4246408.85965
5.143224440817336,426066.5351437279,2.171957484573285,2.6081670433778967,0.20277748554132302,4.585874081726198,0.2086694053451389,-0.0863658947795,-0.0827534251097,80525.10026008844,19066.827057868108,15481650.4726
8.78107248570403,33725.7347197333,2.1082075144956276,2.9398750344631366,0.44258218881904887,4.748353888414817,0.37784416939787485,-0.00526011819909,-0.00526958720724,10021.654012754114,55047.69355051461,3484290.01524
5.919833981690096,379041.70609404653,2.976134195949771,2.517821012127241,0.47756695486193557,3.0208084960623918,0.32495416180438513,-0.0729428563725,-0.0720231305454,168937.58378363858,74256.53265786126,7968060.96208
4.423604940733687,458789.76695421437,1.9383734351090818,2.35584210693691,0.19793779333325318,4.402230624242517,0.08653176742626181,-0.096921501487,-0.0937602185496,102664.75965303183,30001.01222742164,17060924.7526
9.791202956595933,467108.57691153436,1.9422258575201503,2.9184445166234956,0.32088439530170065,4.7394733601073895,0.336985549810573,-0.0752298686906,-0.0746603966028,52821.192315628105,43966.61006483293,11524894.0798
1.9964853399368412,462066.99133817124,2.031822313242911,2.164405682601654,0.24061105968967655,3.866454491208503,0.2646847272016461,-0.110789775554,-0.10911578672,43416.370700253006,19544.433033111687,15492584.0501
4.802935854807501,135769.5763762006,2.3468911219354824,2.398940349465718,0.41408315759894754,3.3468663891203803,0.4705545086182124,-0.0278676240974,-0.0276482126584,38611.13855051228,74.69804541190915,3123168.06529
1.3782220765426476,585239.0865631355,1.8784841163956179,2.214507440241549,0.40257037260164497,4.476606206297309,0.18018694269682395,-0.162912992789,-0.162643868466,42833.057898611376,15465.174021477034,6492533.2594
7.659137086902373,597109.2723749633,2.872934910568911,2.899269332040449,0.19930979219963954,5.911388349312228,0.37677488886462196,-0.109102497793,-0.0959969379512,142713.74748978467,23779.93871443006,35648019.3186
9.262688969792356,45357.52509696076,1.8985283472993952,1.614127090148261,0.456959544941573,3.7073656374759123,0.37888737037005643,-0.00787571627942,-0.00782349516036,16520.59611555471,2335.07317556968,1470335.0792
3.5203359659544047,561867.8536870544,2.843723597340292,2.2516795512380225,0.2133405723923008,3.566940385140484,0.1496753514541343,-0.127845090476,-0.115762584094,130518.08142266089,78130.50148237095,31763274.7077
8.725075091192089,173669.5165826216,1.655212595469877,2.5304286620781573,0.42904065897683763,3.8570676097044534,0.45645063123692126,-0.0304462759872,-0.0304147566488,13535.538560101792,43924.49368434428,3098707.30494
3.62996407415708,413570.44905057887,2.4848440535994785,2.6878598076333553,0.30994312586980166,2.304873573780193,0.2710324401933214,-0.0894511345872,-0.0876296648608,102497.55933755945,30795.21278815439,10858917.5045
9.196931454795237,202866.5524416793,2.8604782776573656,2.3745279711662044,0.2648953027453529,4.2126531186855605,0.35549751510018607,-0.0339382202682,-0.0307926355661,94223.0489108227,15281.516596527328,14188164.244
7.785657132371055,580652.5940238729,1.7531241575973442,2.863376616182181,0.20538374193597472,3.3147895488690544,0.11563500149757705,-0.105056495387,-0.103159129433,61196.24305622573,28872.26782654415,20344513.4705
8.244160991572947,60902.31498212129,2.9524904401488827,2.9129871703258075,0.20866498965132027,2.48568848932505,0.16601176264638617,-0.0105456278818,-0.0076996665695,39559.39188328376,24424.620359946883,15181137.1361
1.1620590004040905,298648.0901738256,2.179325040623268,1.5964788347903753,0.3816616941453151,3.8650269644694935,0.3137482030717503,-0.0795053469712,-0.079209752083,44652.92695143811,25207.779270227882,4369595.02382
9.665293213666233,256828.6751652448,2.9185726626615365,2.1035558093120614,0.34265063578149213,2.0135359462959097,0.1935622707680073,-0.0423025911188,-0.0402551362703,155235.19632116568,65680.42759170424,12567867.916
7.540038928632909,195614.07136679094,2.5152300654450706,1.5351885325817316,0.19272989757793144,3.6071409806510357,0.27486181335693805,-0.0376770746729,-0.0338821150307,65053.82592501623,32337.481404563194,14215907.8363
3.7427598584751998,387320.39452808915,1.9523803048103274,1.9941249860616643,0.18944425115341382,2.422941071705802,0.2183023397179802,-0.0864044524528,-0.0837757228436,62359.78645414434,20720.490439496734,12517048.932
8.464551983729622,78633.44605300049,1.7824537873756596,2.3053023269559034,0.175308701170477,2.097170813599121,0.3382492084898216,-0.0137318979875,-0.0132100563671,13034.121912540888,23639.384724586052,10069162.3345
3.5336907857343696,429997.4508802181,1.955602569337649,2.8661923957649234,0.41031857158074037,5.297900184978008,0.269215413251364,-0.0937665878084,-0.0935129542492,20710.429136725663,12837.208377486711,5254059.46831
8.85478455609515,588355.2742828724,1.6395261138940125,2.769831483698104,0.3991587298302512,5.664995213130539,0.05207447118792568,-0.100905523881,-0.100705592171,6508.979423483911,32409.696091868962,5968315.81876
2.013223513707433,482735.22868117807,1.7158019495149945,1.6912495900079785,0.1704508467991013,2.8306985934364266,0.3423563770754228,-0.117707148539,-0.114990152575,18922.72342338628,23128.66282788377,14149107.8794
7.333173797147162,516010.05174572725,1.6569906605197218,1.6395455621113435,0.3460945264589405,4.157193055337045,0.2399547006725818,-0.0987949481521,-0.0985303589742,42626.02600417383,12421.07580931383,4961193.94944
5.866286289804193,215782.0459074015,2.134415315612337,2.3839010081350005,0.17963665433494147,3.1118326285239397,0.20376425322060027,-0.0429381808222,-0.0404243321715,38985.10694809803,4579.662575188781,12440246.062
1.8688102317589674,194931.96388873123,2.6933675643863797,2.298176958688174,0.4663110197131296,3.9743097546887287,0.0923660385274506,-0.0457332080989,-0.0454664767738,27679.883401912724,21716.957020918602,3327103.97419
3.177044454329551,310229.01281407994,1.7120753313245103,1.8995664621450357,0.46749109671304634,3.746525283576641,0.14916636075492118,-0.0702204858665,-0.0701362236761,20324.701233934313,24770.37983612575,2865051.84501
1.111636326495833,27435.968857363612,1.6954806497585038,2.849179626830753,0.3943815464345955,3.0762042203219426,0.15069753121138404,-0.00634545288634,-0.00635538613265,5352.710706690127,5676.70934907379,1103115.59457
5.218911689180553,567214.8806739196,2.465143424275996,2.89104961419233,0.4741661225038075,4.80157431854119,0.47091627473212805,-0.113395905357,-0.112812653875,94780.75079659268,17249.917554672735,16336632.0601
3.711387346840003,86271.10380971532,1.7957744729520995,2.103917157510244,0.43400856064479165,2.505963837281017,0.2446308386359461,-0.0188462298252,-0.0188099029889,4885.098532480189,7309.020931143409,1205880.10128
6.38521735867983,541807.8235008555,1.6464150571634875,2.8354538356702803,0.43998850157446723,2.2122911286854685,0.06892963124682652,-0.105782976935,-0.105642052293,13276.695028977972,53371.36582229275,5168017.33207
3.675140269377555,50149.33320021342,1.7502728673083665,2.075923341394459,0.3493977476994766,5.070701732149116,0.1124675070094944,-0.0108452472555,-0.0108116933453,1415.0973101430243,1654.1745430798808,1386796.0532
3.699272003562862,493574.95660713606,2.8855970938151643,2.60522524774455,0.25712071937566155,4.663720124882719,0.08556470407981043,-0.107156617122,-0.0993034245766,133622.73253295795,89294.76213244059,24131914.8624
7.6887387885844305,91177.51552692907,2.732206879164286,2.2139133263215864,0.22622969029074755,3.994104496585592,0.3149912255932451,-0.0166092004705,-0.0143154384002,55346.07968048863,217.01944148274546,10750350.6003
1.4332855238051811,22878.96845488362,2.031096843532641,1.6838747347607745,0.2645200077136252,3.871159081890166,0.13397967120507204,-0.00609050252,-0.00596975888913,8082.749528819143,819.5136484456721,1360489.50326
9.126054956727884,431693.67015564523,2.483731150991089,2.8919013018555324,0.36997340053117167,3.989645517965705,0.27435093812679917,-0.0702711983058,-0.0691052275889,135775.39965795126,4243.788984726919,11558832.0352
8.670374869520632,168159.180104657,2.305913510502057,2.181144890066305,0.21042978754133962,3.7480963043946915,0.21652792829148904,-0.0292161063348,-0.0270928167915,58290.54804370636,4553.665771509704,12589542.3577
7.0102421490376585,428697.6916706097,2.515686395223846,2.601730560483605,0.24052408282306253,3.5715691833247165,0.4117443697148897,-0.0808810122706,-0.0766290907257,138485.88766779157,18265.788318677965,19032524.4566
6.338994130966459,333051.1502836919,2.524006728694139,2.050760721646938,0.3138213019784125,3.9987624115444813,0.19422033676941303,-0.0638284978762,-0.0622631931674,97376.45625516394,54324.97378618218,9737672.09439
9.03072248325687,65284.43413803935,2.4431010225899894,1.528321317864352,0.23156753448361544,4.114060684639042,0.25621946707856375,-0.0114855790062,-0.0100320733071,41382.154717135694,19545.58038816637,7976030.43092
2.66797161575843,559278.0439806982,1.8991520528059629,1.650795538037754,0.35602528440062153,4.767609256334484,0.3745784968690216,-0.135712298837,-0.135276099814,57185.570675214956,29417.52219393505,7758532.49223
1.7107224597174575,271388.5048580865,1.5585096311442272,2.2443292192348867,0.47311160995971546,4.84482864293609,0.2450080431187877,-0.0724205075095,-0.0723797484199,10027.014919024192,19537.51360544065,2979430.71488
3.155591529185843,440668.36667921284,2.183350172985163,2.5349465356895435,0.4118312779960942,3.5105163205605785,0.4069469912059351,-0.0980161067479,-0.0974981797264,59814.4868221508,47282.05540001634,5115419.81198
8.151204508301714,300612.34320937505,2.836460827036056,2.0021029898689187,0.38324931495211956,3.654162090973955,0.3477579603064992,-0.0530235317819,-0.051709917312,130614.54243725871,78876.57168804166,9500991.53136
1.31203240053835,362616.8849767228,2.354245887777864,2.5432326887664756,0.3539525165943226,3.494788678944892,0.23473810127602218,-0.0871235421841,-0.0865125192355,34431.19092389028,17267.08186467251,11165510.6281
6.245261515751407,181664.15541401546,2.7485865625528616,2.547953384147934,0.32078176823997273,4.1461430945028415,0.27679186655886323,-0.0340164728823,-0.0327026987429,84390.5356462876,16661.631009991204,8241357.8646
9.95893764572179,120216.18240207018,2.987436514441842,2.555903860991746,0.2152973508721309,3.813414151656781,0.48524155512898703,-0.0201444646267,-0.0157569405616,61236.51517409078,15829.87387788231,18326202.8627
8.701264844537855,325542.1220448407,1.7454243062074144,2.2387827810307623,0.463148659399403,5.558385852544774,0.34772517342877657,-0.0570728307067,-0.0569816938518,9723.185165473174,24222.0599880309,2982505.90519
5.693011201392305,264131.3837826012,2.5376664587129736,2.872329225182256,0.2369876007044927,4.78544506766589,0.45724785168754617,-0.0518221851901,-0.0490132083631,81514.79647010048,103.51542532272003,13726714.2533
1.572768183579781,234067.92806035987,2.511440360550037,2.2337947769709237,0.18195810715235625,5.594625535017782,0.130441326561979,-0.0781676214064,-0.0726769913939,74521.91590323861,18565.833283870834,16597009.9205
8.482361629471388,403540.3170567738,2.9699331710374177,2.1753977902449573,0.4125053127300433,4.836547966237703,0.2674562703103184,-0.0680054716117,-0.0664358044436,195674.02528922996,99642.41994496301,11086957.9538
6.390806573594895,414303.97920668154,2.9784011009292004,1.7990712285159405,0.21146543701590823,5.883968594095256,0.4588977514302728,-0.0839000354183,-0.0752048251084,131330.1519342547,83695.62917987147,24461715.4559
2.0343969735361016,27552.033654757823,2.530017917586194,1.9614826310345048,0.28016359983941164,4.542947113021077,0.19517542764863793,-0.00659150227006,-0.00625066883008,18052.380770473796,3194.381669774863,2362163.31843
1.844715563410206,203246.69654620328,1.8654221879732913,1.563501738777455,0.1598997249018429,5.854200552652219,0.48544888916588935,-0.0540211208201,-0.0520488299121,33099.56105034767,12544.953089648996,8732112.13603
9.186641374929332,247058.73013582642,2.6978337571958986,2.4503029404242556,0.19797377988915682,2.6326795616377043,0.09368487071314585,-0.0425032937153,-0.0369057854465,90580.69710437064,5562.366217114305,21303975.4594
7.022802366442706,58135.29669850086,1.6605437013165572,1.8728036158906394,0.2106212707659692,2.2099107233176154,0.4562020266237666,-0.011042312802,-0.0108131243825,13556.369916207956,12688.399108175761,4658670.99852
8.4635811938508,141540.520018973,2.671048956257443,1.9562328817281975,0.16904354471256228,4.316500740815437,0.25034545492963645,-0.026143161636,-0.0211572719362,49288.89522386612,3561.82421379804,16082546.0269
8.910810102540406,30985.078333653983,2.865294186217045,2.6562217824964818,0.37982993481799576,5.933972823199099,0.08318487431352231,-0.0042479470487,-0.00380802685256,42831.58911795156,15580.8558904853,5086363.14767
6.1459511684349,597745.2591702123,2.0742500921526528,1.9908317747421809,0.442952728531091,3.670420989209587,0.4457847166637393,-0.119606226969,-0.119251241472,71014.46683076488,26072.277220334727,5940194.26773
5.657017165795372,441934.3217819067,2.4459529424746207,1.8632938380197133,0.2806603922280793,2.8481734487718384,0.16337309558410107,-0.0895962800863,-0.087215234529,117409.1935458164,62653.5169514057,13307522.2791
4.873846692888912,52470.0939016522,2.1452140981452397,1.7535866237005586,0.45610176685137027,4.086165796774056,0.06001255647285134,-0.0105855893965,-0.0105292742126,14726.954182203828,4272.725722913122,1213418.70333
3.8525192901200738,12149.627874055268,2.1566475824821927,2.662287603272934,0.22467130109604427,4.595194498315554,0.11111319750613653,-0.00167951154443,-0.00153693261061,2312.9706161654017,6114.195708243579,4049300.64918
4.911363647728406,431572.68009136815,1.96555633366218,1.6945593869850404,0.2638866482464338,3.260714782063556,0.34660163385489273,-0.091957684549,-0.0908101597449,80098.53385998981,38246.66771074028,9457557.53679
7.964916901571407,263515.29940960015,2.6431944306754867,2.1806306403755302,0.20275794756090892,4.859077433997038,0.49001517011218765,-0.0488306191677,-0.04376433477,88607.40137834522,15660.908928151197,18773845.4803
6.417310879136184,472078.0254387456,2.904264846249758,2.2603951741157915,0.3671957183966495,5.9004580281829035,0.10015796281258257,-0.0868897165191,-0.0847377808735,160066.93176957764,116330.28157337179,15629405.241
9.032709609593615,554085.6226910303,2.911126288851692,2.5310848690285717,0.29695435680460736,5.5878524868424675,0.2578766216561429,-0.0907319803081,-0.0854192884242,246069.20431807998,93315.47789196798,21608021.7467
4.99042012941269,359580.2334098235,1.7621719273124008,2.449925223499493,0.3646491713946645,3.166341494048781,0.13128644792638963,-0.0736466958722,-0.0734105910766,29138.494751195438,3548.278841128638,4292950.42765
6.463806208468786,112265.05375035183,2.812115474484849,2.716081009417762,0.41658621688796427,3.3068947325783933,0.38526644034571644,-0.0205839490488,-0.0201160933516,57823.38565515401,2301.2164649011006,4843738.58137
6.681767977827898,469316.4216278715,2.606147162140683,1.5671271508893572,0.34099605561153196,3.4861648977983544,0.10312650489281638,-0.0898734605151,-0.0882651197181,151424.4126443578,101715.01382667835,12943685.8494
6.32527446075693,573487.0459046246,1.8792561010354338,1.944661087169096,0.36967062421562574,3.5782111135745813,0.15792878681640032,-0.112799652399,-0.112376209925,76626.76726472173,24713.412760836538,6152385.90209
7.323703957769647,348138.77223597356,1.600926919382272,1.9202011781630697,0.47733761003801645,2.4012779967731177,0.13838268544208213,-0.066713758947,-0.0666533024816,2697.1168903979205,18256.42558995656,2908470.82947
3.1369012153732565,409198.4683684401,1.901995900326567,1.7190253583881623,0.2546725083630951,5.047851355557157,0.29863390116514005,-0.0961762596988,-0.0952167312204,60563.16996260462,18041.33443176628,12099845.948
5.611273997912116,202484.81702200382,2.8683123551722884,1.9337673807846647,0.2757073785218836,3.461357054442802,0.44293284140028455,-0.0411953516652,-0.0387493722609,80308.14208091004,50100.77762611939,10532563.8174
1.938023225275129,228916.61679618675,2.4497680123436583,1.9646479712143552,0.4011961765982679,5.519279906821809,0.2799905905203884,-0.0612566347101,-0.0608788075889,60501.035955757216,23864.052597298727,4281902.4243
4.460601948803313,440792.69871183834,2.5815819913468077,2.2828266928912173,0.3639569309693853,5.707762492480435,0.07620955374716207,-0.0915011550503,-0.0900848347436,64725.637678547086,63292.563173314265,9929060.86837
5.38900361759138,556662.6590440915,1.8857285266636437,2.495556718389384,0.21248651658890017,2.0977252372307524,0.3035250187685741,-0.114963818343,-0.112469483146,79632.61398184802,371.1209450172947,17110780.9576
6.870018335909252,377393.03233461134,2.5790822333622305,2.071650770417721,0.2816515585036715,5.954012279712825,0.4088844496931042,-0.0715734189087,-0.0689981158302,107628.88457251874,52526.35159940349,13286038.0021
9.55477947327583,473908.7450912085,1.5421822594168857,2.5792053469700718,0.3137433045936502,4.840090926000738,0.10947028878694523,-0.0789219723302,-0.078746597078,7985.604693332515,42932.99767493739,7857460.67007
6.405859598935203,102981.0104492238,2.062982018659521,2.00424800786937,0.2967864432889362,4.081568903971849,0.08272004645506628,-0.0192167373744,-0.0188838096061,26640.59532209205,293.4113400226978,3978872.70222
7.692345245589038,127175.45415478412,2.440130022813497,1.9354255159721405,0.21239618291271428,3.558110433490213,0.13451349990090608,-0.0232564213966,-0.0211138341883,52682.84058713387,8010.826915197515,11084827.4819
5.556394535456825,319220.81210003403,1.7191448483119802,2.3117820837855367,0.4735505321244917,4.074072530438851,0.38573884526973234,-0.0649844457713,-0.0649043081054,4322.540138266827,17481.90605031409,3324045.31258
6.706936282386982,105932.51534570432,2.734505361670402,1.5355745404586858,0.41681156659289154,3.2984988959137778,0.3162561887894007,-0.0203490932129,-0.0199631191601,63692.25006768678,48656.687645408616,4414707.9969
1.638389945203961,380997.04213255417,1.852546948217878,1.6196836854510006,0.31847454123774827,4.490751254786193,0.293267594282787,-0.102108670585,-0.101727716142,44979.3995404815,16908.122265399634,5312419.7484
3.289524227576623,174991.91123681937,2.4784216692276693,2.1269543153797903,0.3880213599073928,2.371921105779165,0.16226595258429577,-0.0384763847771,-0.0381034453605,42730.89913267334,21039.462689281696,3814878.27324
4.256677838846248,474919.57120013516,2.107795713862995,2.9143690670876348,0.4640489352474326,4.484490411647241,0.19950646786108678,-0.0981746270496,-0.0977775823157,67727.31769789818,50978.28340744946,4935727.46367
5.252440195058622,484866.2079686061,2.394065393216471,2.5822676697651357,0.19766094982654991,3.1013794005537765,0.48464825582450405,-0.100954066664,-0.0948027364189,115749.56901974637,13085.02622413591,23540612.8428
1.4108387095214536,278272.47345321183,1.6611758289433622,1.6321898542508366,0.23763056774744218,2.0705393162093855,0.15828135202822358,-0.0686393224387,-0.0681026188937,20136.988450884583,16778.617069151453,4517080.93065
2.2602168779798593,108486.38102258118,1.525369199882411,2.7694770191713105,0.3399454365398258,4.21082306465151,0.4557404404647898,-0.0250941526048,-0.0250858082067,4927.789386348151,5927.310959927421,2273488.39002
3.491328770121752,388064.9766491595,2.8643466410704517,2.5984511559122714,0.42965362997332546,4.3137910234107855,0.31123917700598147,-0.0832547168275,-0.0820589992835,95911.97806112323,79733.23129690751,7691894.47731
9.743794218109455,595672.2109581518,1.9044450131507742,2.4164197885539798,0.16268921340453457,3.706276018846144,0.1054834098670615,-0.100032661078,-0.0949304617949,68318.94702038057,12556.922241645634,30611893.4584
3.9821230639274567,373554.538765514,2.7295155041706884,2.730439440913766,0.4944063525687261,2.2891449302012674,0.2602905701697806,-0.0785960669144,-0.0780640502786,111140.07718600484,35568.54841662987,5723264.55583
5.338369523008743,21464.814428404712,2.9990254507083005,2.1061647716144356,0.309217311008839,5.5733718112167665,0.47684692281239416,-0.00398880284929,-0.00322786117122,19393.926247236148,9216.120976233202,4254982.61272
2.764879414645536,10376.385460249548,1.8171468869983667,1.8322515762807792,0.2757308992176031,4.445723228911556,0.23835451916181138,-0.00218594721537,-0.00213756091412,1747.2968732679753,1090.2428836824813,1166323.016
6.497020639681915,192217.1822953837,1.8977561117750334,2.268035083663139,0.25245355324392016,2.4628531982758783,0.438523954155213,-0.0375459910697,-0.0369864401028,31512.09177038856,10442.21492086048,6934439.74067
3.5261489396437686,117470.28411624292,2.4942896814519986,2.3232626333902107,0.21102484767780505,4.043722306376591,0.16539291259326847,-0.025564803548,-0.023403087707,17650.575995730906,11967.67304666425,8190633.77094
2.8629332059458408,487830.7242859849,2.948172951900932,2.307489558014868,0.42705086812550974,3.989017263793886,0.30691496831016785,-0.109126837491,-0.107656981019,109846.86853440915,99586.11625311781,10197515.6498
5.649153656013811,506883.40022160026,2.873721522286116,2.3476106872201576,0.4843949576611337,2.241607475171708,0.42973342619088817,-0.10099090703,-0.100045020531,179822.29621825818,93695.0121832502,9009570.40486
1.0495521924437874,155171.2627862857,2.254313280098377,2.923057377358771,0.29477566419588935,4.42743881441179,0.46430979852636295,-0.0374849420656,-0.037095935393,22514.407963173024,12897.454044001854,4968952.43053
1.0689762938430278,195386.86616993562,2.692665423790087,2.853368434644347,0.4833472431637097,5.233305595686257,0.26862051521808533,-0.0515878229224,-0.0513564991391,35921.79346880988,4405.010366504454,3398747.66678
2.9716192819167198,141748.1806290688,1.7036187796498516,2.813575554838409,0.43832916540226197,4.996032216993912,0.33785964596544305,-0.0319308304365,-0.0319082423933,6209.546721268074,5191.681040291597,2161197.98102
1.3304922625073903,545029.5284227584,2.9661572763060184,2.7021252163629406,0.3183678946167114,2.8118776566567334,0.051341058852048926,-0.129561698883,-0.125378771158,118687.21464867704,74947.96096762917,17761621.466
1.9722317871762223,301589.6007733693,2.9465298510539797,2.915142160897928,0.38590916269414643,5.449170118216846,0.16395048838102533,-0.0758916803504,-0.0745447672721,122433.56318930529,17901.40946487143,10129730.1022
4.049745844048765,393682.22644921194,1.7455934368187564,1.6477419625191048,0.302244462709662,3.3701686626374037,0.1754204466861256,-0.0864235937222,-0.0860522099025,41038.52785050915,22602.07400524322,5828420.90714
8.223271116218315,249289.25201976197,1.94913468720466,1.8976848921686091,0.34555319287439334,5.786033513167766,0.09207185524449386,-0.0431420874237,-0.0428356586481,45795.74939061056,10942.557057514168,4304763.38477
6.148437790323707,378608.51610271866,1.6502324962601504,2.2425839184818774,0.17031621795647633,2.286991856902855,0.1758627560106395,-0.0759796381946,-0.0742165760523,47333.732922271476,9420.33718852685,14588365.9079
5.614009533607748,231513.22603304166,1.9075763983472696,2.769801739685108,0.3936922163551866,3.9448347540793707,0.19450491487616262,-0.0450745564002,-0.0449216271698,19303.25282508672,16772.16736198257,3561608.83574
3.6413994088730948,203807.06263753527,2.7239336841228097,2.2577485672840987,0.16848862556944783,4.388497508710197,0.485944717805687,-0.0471242913325,-0.0408009630202,17183.267839705284,13568.465372748511,17113937.1462
9.385783474895348,380688.04390408815,2.067473410747889,2.622052109012383,0.4359797314218773,2.990600393898419,0.35087107125237693,-0.0636039394625,-0.063348239482,43774.647797165024,34847.28263438573,5899680.00852
4.573135371134725,354637.24682939355,1.6325954507201375,1.7084398578733744,0.43873142531119513,5.0855207548809105,0.24170228573735492,-0.0765873026194,-0.0764983853848,17443.246943212795,24064.93452526606,3171981.00929
1.7838349011619434,176116.7725007698,2.0133382871683567,1.8786207194648403,0.2329770506446751,4.507582719242868,0.4946245073129792,-0.0436474359046,-0.0428960019923,35378.86536011873,6994.6780437250345,5188458.63221
6.5535986450602115,89609.07019168405,2.97207500136192,2.597664142556509,0.26328197336253006,2.072437749151822,0.11895454410557504,-0.0167166200408,-0.0147231204105,64146.2291509994,4577.249647479092,10354056.6088
2.0245455412894127,221146.01630288258,2.4445253928888047,1.747101013331586,0.3184586324954026,4.433474362784944,0.26422303726871804,-0.0557428102122,-0.0549391744146,67512.61642804643,35243.44369311975,6533646.81094
4.107008285215229,249118.58348514553,2.1242414196092367,2.0270339019823904,0.3588320174263685,3.9659129376737856,0.3411779931720722,-0.0536844424621,-0.0533338668481,48292.63879758163,18422.4368347686,4716863.86611
5.56670744846028,377210.6000547629,1.749807770245905,1.8972993867203571,0.25057378160969884,2.7841168068140307,0.07501128551783466,-0.0771314108412,-0.076350675605,56906.02068371992,12045.034761191158,7316559.88044
8.868002722166583,548717.2581821183,2.9792651959255423,2.024792541333718,0.35737024162117376,5.982992908238119,0.37264948613740345,-0.0922914066825,-0.0891514154334,225154.22822052767,158285.52590492184,18252443.0307
5.441919223061068,21710.878519755082,2.731273513894693,2.5624860736169555,0.2542254756302546,5.58864877931046,0.09494030881489546,-0.00349889814461,-0.00267291269914,14030.926998069304,1849.7294204098296,5510611.34445
7.3203288942849785,146196.60752510696,1.9222159536763792,2.0517707717142013,0.16942175237487123,3.170030780116254,0.11312703886985463,-0.0272666782914,-0.0257571952612,23756.64561215088,8684.40581247669,10549039.8895
9.935351550991633,116229.56536773621,1.6051030435817841,2.33289498391191,0.15088464244116812,4.164283683194466,0.12186028060793784,-0.0186386648584,-0.0180858637554,15717.75511231112,24829.644900098356,13098516.6511
2.1834020790818345,301376.6452162702,1.5849383360663372,1.6498978155816144,0.18540287027145,3.266008559641163,0.468000421994983,-0.0728843913048,-0.0719259607606,19357.806180974043,10006.896493951523,7186328.41287
3.4725837296756756,257820.4842258959,1.6805672242583007,2.7075265398519415,0.4272877450574063,5.101983006544312,0.3574559953121755,-0.0570831284156,-0.0570146585826,705.5336330457191,1294.6233375983513,2780152.19715
4.551184680378817,437422.5742921131,2.3711528754216324,2.0548329384721873,0.4865009593341679,5.72132573278582,0.34494237549639684,-0.0928704015243,-0.0925482054295,55278.30849930656,52515.335278147184,4962451.38575
4.796453606849482,145449.5475269183,2.8931451318082386,2.4728012385500135,0.29943816974842674,3.4353144276575343,0.2999720734092465,-0.029334404574,-0.0277923877755,62977.365157238906,16386.335383742473,7989888.22115
4.699189677389912,356699.01944985514,2.2451151420089768,2.5880844024927487,0.32943938370747994,5.22233699657451,0.18176269941279627,-0.0725388078619,-0.0713780125338,66335.61970805928,47107.874696428444,6631427.69031
9.168499023008994,530314.3581599756,2.764418223684296,1.8144913831675507,0.20139685917569913,3.9936301708528195,0.32940036706970816,-0.093789161494,-0.0835281507712,100204.68781968638,78643.75355968928,30874762.9711
7.426293800201708,546406.6439509828,2.1688299297897116,2.827012477430025,0.34286097343805494,3.5863142452463093,0.23456737394988791,-0.0987297644733,-0.0976902417959,117012.323952422,2785.06094290608,10673355.7419
6.471146926816334,575270.7628350187,2.562875318651738,2.4243363774104294,0.20062921570244188,5.753687408395079,0.1154372675416767,-0.109795539555,-0.10116039582,84436.21662402083,64406.54805097671,25621065.0758
3.784354460765039,463956.69124799315,2.597809105929751,2.143087712627222,0.3639250159195905,4.041618754876126,0.3603187806474799,-0.100924559749,-0.0994015822601,93091.75797241369,79196.82396978348,10041121.0818
8.414113457991652,543592.743755349,1.760945558855008,1.7735027753673294,0.47664053365329884,3.8696420010298596,0.10831197556846522,-0.0978567648857,-0.0977374951573,26310.66697479396,2528.873059182953,4398684.53842
9.5955446033649,140718.52319116454,2.0418240884637178,2.9134514068518103,0.21849448875606386,4.689737607849372,0.13580086145952797,-0.0217333133519,-0.021108554998,29363.380236208115,42152.39479090715,12888592.2648
8.390784542952039,118548.56661028622,2.455953234807036,2.6326023061974375,0.4175973013199856,3.0449368040731377,0.41796469033142264,-0.0202319316806,-0.0199654852932,47531.03635805234,21749.279451487684,4686739.75212
1.0140859467232561,3892.8502683158727,1.6060449122765492,1.8120368440998733,0.1582258479864134,3.299171483153263,0.3470526932563193,-0.000471365388713,-0.000436938847229,615.0749570245002,2254.834257069873,1359289.58685
6.727612331650663,424106.614457459,2.042310281644435,2.0065661620863366,0.28142403446256736,5.728183344954491,0.33394601939613905,-0.0815478138148,-0.0804153040353,83767.58235727956,31462.365129149708,9045668.03948
1.4602184329789065,562480.3126882466,2.3021991994217887,2.71451138713211,0.18876197774067816,4.71411938174777,0.23819125295422583,-0.145540486478,-0.138232597478,123977.64965482302,3508.48567626751,31439914.6241
3.318464983003497,112161.20702500585,2.994336739566958,2.5435164948230087,0.2733664045584948,5.306548591084022,0.22832623320771706,-0.0243987765421,-0.0226132388241,33350.09528709846,11545.458236752367,7673383.45196
1.5357223031299452,382166.1452561273,2.2118003439336613,2.6486764390735864,0.21073792187360924,3.0844470477417185,0.3606181741334305,-0.091478901887,-0.0885397760763,41690.99675032142,14825.287745105665,13472477.1547
6.43415907654449,447875.8555330665,2.7240851356714852,2.1618016533193987,0.2806567465430106,4.175160759719488,0.3830024923740706,-0.0868686946266,-0.0830806250349,165567.50759469243,79467.1156040213,16630283.7691
7.179309221433461,556568.5410888339,2.1481009275999265,2.5747143939632506,0.2961329821376356,5.885585067957993,0.27959594106393976,-0.101962979348,-0.100316518703,120190.14883383874,27786.185181118213,11720150.9561
2.030388742593146,388116.134410333,2.6945860839295634,2.0797405842958705,0.25520689297332144,3.2748155961128704,0.4861711599568368,-0.0927765984477,-0.089050136153,69259.7499655538,46996.59793863646,14944247.3429
4.454549947404815,582176.2396492513,2.3931222024301624,1.8168943754072946,0.3798176823155952,2.6419059052681675,0.48006480151349235,-0.125977624783,-0.12497945153,131630.27400708265,85382.7504369217,10067785.8763
5.106128580599878,206803.88460752866,2.8298931622535974,2.44901555226204,0.4715982179406184,4.043544032898656,0.23559327050574141,-0.040735044827,-0.0403043985445,70104.69791858776,31549.955587906985,4502323.28017
4.321477195848249,209957.12026284458,2.1164138285251646,2.964020888398191,0.2902083809368453,3.551284354899505,0.41928001442741913,-0.0433420017203,-0.0427932081021,36794.43362415877,13422.77167890196,6640975.18985
2.0892250043667375,325807.50600860734,2.4064566297322183,1.9659014570929945,0.2173201047662575,2.638308931146854,0.2944705287192869,-0.0781115113424,-0.0745338621209,52217.339771301245,35924.27739908726,13335033.7305
4.770530111687279,230101.12866954427,2.445028020928241,2.1914543883188093,0.24475296536859414,5.554205530813472,0.28029014940072855,-0.0480249139448,-0.0457099344672,45629.864986485016,28179.569172558095,9686420.54777
7.760602430275763,855.4369725195743,2.12607441270071,2.5110020566047804,0.44890028822372907,5.962895642215111,0.07473382762039334,0.000197797113787,0.000214134748808,1800.3907151404228,28839.65690141401,2027454.87101
1.639068980799299,439063.2150521924,1.7164680655312223,2.3122594231837317,0.3500739031445518,4.274328722759991,0.30828861971073956,-0.108839583921,-0.108638960464,24624.867722823634,21516.21278821673,9333361.51866
1.7216201267371312,451030.22488709004,1.6403391103685032,2.765141693563574,0.30925386130743504,5.0987070734938165,0.45526006875342406,-0.110822619213,-0.110540307918,20618.855750551575,30243.96565484721,7035633.80296
4.192941626523858,448184.7628120623,1.5250073258994497,2.642614059704274,0.20237285252812434,5.436153478185198,0.40106023213779146,-0.0970631755095,-0.0960388645987,23536.582636070834,7936.683244601743,10480484.2994
9.475531404570326,207012.39996627995,2.810301396367822,1.5874458057935357,0.30740455791332366,4.803928024087307,0.4038427151146679,-0.0348952965422,-0.0329738792873,115721.41249538727,67648.06479966732,11498007.0233
7.017153820506227,313373.68398670317,1.8547123683580418,2.9976318508856608,0.24747220117508534,2.176624196446925,0.12196806735935266,-0.0580822121253,-0.0574380113189,33663.187124562035,39865.459171822666,11774751.8521
7.108029610053083,215984.11090600168,1.817260123922652,2.628603680579201,0.4801070947486722,2.630536926867271,0.21130225121010365,-0.0403781039993,-0.0403210684849,5176.575514297839,38072.64318195715,2780939.83856
4.257279917540785,9621.840018387462,2.6040531006390983,2.79585497444117,0.4594245382955059,2.283956764605546,0.15494221249260612,-0.00139594520403,-0.00134024393964,9514.484913274433,18248.518515295058,1872609.51316
6.342947120876846,337469.36476285127,1.9800241696310876,2.4767965681430195,0.1793658896398693,2.0395184265682262,0.19216187710503618,-0.0667102759284,-0.0638967336426,48112.03055679478,10555.272295076242,16305283.2271
1.0911806562496904,74256.39965040663,2.259067038617755,2.7844276920701434,0.33082872124143503,3.223985635028946,0.3107927045721764,-0.0172754612243,-0.0171529772848,2937.8258700794154,1607.301638155466,2607251.85172
6.72486441768588,48024.794454864365,1.7437665979461845,1.668574462393064,0.22877042093013522,3.569423841926239,0.21415271601661157,-0.00908008340007,-0.0088331211884,15979.07774305056,4009.2382609211677,3540075.29548
9.21958252818613,453299.4412180723,2.9396185821929537,2.0216067533389737,0.2937719813335017,2.964118929343703,0.3023140178589197,-0.0771726334454,-0.0724410904054,214715.61785701092,110827.41093288595,20671632.4722
6.513161215103373,5703.721450863375,2.7773721000258558,2.814631415406739,0.45689679938800976,2.2584185923452837,0.24732556172355968,-0.000506001159581,-0.000389299341288,20710.764970131604,27142.470565530693,2866072.02
8.863287341197106,575405.0661652357,2.795684434447505,1.8024828169003384,0.33463008196099064,4.11945236334671,0.17897700130237743,-0.0976978114697,-0.0946896559682,227809.0904399132,152986.83625477031,18073670.2995
7.515757499194844,309153.2184675461,2.110160622858008,1.617363147870034,0.2669753526797659,3.0932772798285666,0.09293154539232137,-0.0577215585347,-0.0565545001627,65273.26354550564,36225.02253981311,9239232.5667
2.085025747633212,589809.858423689,2.6435418205607593,2.6821784099178285,0.22276092393674896,5.184148619454249,0.4513273058051522,-0.142674703016,-0.134794522273,184884.3738631522,25949.67450777946,27508414.9931
9.122079765572575,34798.54348362506,1.7158142330846702,2.7532292334649444,0.4301137007922712,2.032210486501125,0.055118014702091905,-0.00564493348355,-0.00567657671724,28381.773402032046,55550.904735372074,3517872.11242
1.597994599201974,350117.72931954794,1.5129285038876703,1.743978327284851,0.3685813053775215,5.370108205150441,0.050743619663887025,-0.192674880152,-0.19258941539,10773.956959346604,7799.354043802518,2819668.69449
5.805707252929874,209596.2215855467,1.5299593988670421,2.781518974174073,0.3138229111491809,5.819014715783828,0.42205898289359567,-0.041420829301,-0.0413453365237,1016.3156166081843,141.34187025513086,4438625.82544
2.279234114141119,506089.4956885715,2.3799026061068407,2.530151693395754,0.22611952385204231,4.864540252614278,0.4985649231466055,-0.118702560002,-0.115492978265,104583.31048812869,5917.8797603253815,19150129.6048
1.1053594965781366,216733.64114057177,2.183092357871911,2.2801240248248758,0.26698623095499596,4.934576261050266,0.3771962724711453,-0.0568991567546,-0.0561057185961,41761.121326325345,5144.850955372753,6477120.92226
4.798308341148751,156292.54743440947,2.2770230233627795,2.7453752891720775,0.48594519935848146,5.734249246410933,0.056873227128298134,-0.0305783231633,-0.0304200149184,22579.416541985775,20219.131517574122,2085058.11702
3.6553663688874063,514531.87625994795,1.511194710625829,2.1288738739784487,0.33203147816204204,2.8362851412013965,0.152010602000831,-0.114185959771,-0.113950317925,24947.61339880814,5992.70416177548,9332172.01899
5.374004444178427,224791.85499195658,2.1340299294861387,1.7909909343350958,0.2902447484351385,5.978262272834307,0.4873202151178826,-0.0467528053681,-0.0460042633608,33588.96019251358,24683.95272943768,5897501.5873
6.194798980610957,10099.991916336881,2.577102241801291,1.9272790149159205,0.33249771482191337,5.0939248135141675,0.41387191347822566,-0.00163737202077,-0.00132391557056,24473.999042941738,3534.6211060463115,2963150.45514
1.393651650780526,234173.46050360028,2.1640405529511537,2.257746027439972,0.42264597706486295,4.906282833311175,0.30505992971212,-0.0617214887802,-0.0615442483864,28950.25937720265,549.1933752345057,3117058.35053
2.1070296561137107,392713.3614065651,2.5983288094683337,2.2969961890097634,0.26903812777600405,3.444362315981171,0.15658731924816155,-0.0920108938792,-0.0889758323568,70834.56725699537,41572.52270068504,13659982.4698
6.027781568053828,152615.7232838291,1.8495284465952522,2.7083712396618504,0.21254714232641309,4.183109941622442,0.05646659266703705,-0.028364425486,-0.0277769342048,23383.38196561916,15226.266427161781,7539961.36428
4.088506178553924,259192.55545509438,2.7197130067225883,2.6870290854785015,0.35472764141866675,4.615671153093388,0.059387662686834056,-0.0528016995386,-0.0513109313031,74091.64710540028,53733.86134181976,7280855.57634
7.562561387945032,34029.08296933531,2.3826468606801785,2.3720498358068625,0.3828214362183735,4.481371445268864,0.325391388588602,-0.00571616933878,-0.00554804149038,23154.22390125624,13816.568059948671,3153996.74577
6.8706248373274565,352855.6749083743,1.8161446491448594,2.6711782250482146,0.3994513010354923,4.8199385539103226,0.05982434435859041,-0.0646061277217,-0.0644098672258,25232.497541791705,12140.900788641056,4291375.7403
8.610439266909161,453776.95431623625,1.8550807137807495,1.7876601874405065,0.4586956567681454,2.3295269563136425,0.4971335638664177,-0.0826573426274,-0.0825007129506,41815.9085879034,3214.156024482101,4011283.51962
7.2324354400230275,247987.53684066617,2.4420456968543056,1.5750967906399416,0.27991094224118956,3.422593731326787,0.13252272507218216,-0.0465492834379,-0.0450457365554,87219.34333719603,54053.28101065813,9523648.33302
4.869379696511333,252139.57968087605,2.744909389818665,2.81045073395205,0.17637421368011214,3.7360000663819086,0.3698183128411748,-0.0527893997683,-0.0465183292405,60558.531102240835,2063.2060288313755,19628317.9378
7.056699601549892,52969.499150949865,2.123441673043733,1.6133317406441543,0.4854220042708297,3.042517191499866,0.11977687463558605,-0.0100020405543,-0.00994163698084,22647.062578747868,9507.139745841523,1439724.96233
3.4784305682987666,121164.51870718953,1.8874506436913883,1.8700326446159958,0.3022541746031163,2.690509081076895,0.29304203949397156,-0.0268692455801,-0.0266707740334,20457.157296445857,2910.796440162901,2703674.65
3.756821489003914,92805.1818767476,2.8005174103659005,2.5429784244365767,0.36814012838559595,2.5557099196514512,0.0862750798097979,-0.0190344520803,-0.0185413149867,43456.14478665098,7444.988644235879,4057110.81658
8.10086643928714,289012.66119692277,2.5039024376262526,2.114171906440964,0.38320686309490226,3.4655335690263405,0.3950502910399594,-0.0515557030821,-0.050783373809,107892.42543042138,36431.387286668534,7200192.82956
5.01777564761424,317553.32457045006,2.172128230924615,2.814470954873263,0.3412797980454212,3.9737668022502635,0.31321449262617335,-0.0637630707489,-0.0631460179383,55083.14068624849,1857.476429822762,6661240.45039
8.185423064665173,569364.078770556,2.2318502929189528,1.9469696919934043,0.22184013540769454,2.251905760586643,0.08877501203063676,-0.104615028534,-0.100346200029,113416.3050365318,44281.661430394095,20404664.685
8.401801363014506,43938.902566340344,1.8063847019045947,1.517807020004039,0.4143000675406495,5.785832378362198,0.43186378514000245,-0.00796081451064,-0.00790926056177,13902.54100925219,2493.8696053473263,1387924.6659
8.718061038951554,359920.7838930283,2.4402039450972657,1.9509834608411163,0.4313131910064285,5.060973291443034,0.2961583766495159,-0.0615605609966,-0.0610360317388,108562.5698810518,49287.07495715179,6300412.63361
9.249717122570866,315899.1163969448,2.038113765814333,2.3671125737772476,0.3435414551061039,4.923407092741867,0.46471653950599306,-0.0534223709483,-0.0529533970073,62909.63257354832,11119.05361610173,6929010.20218
4.878866984619666,309739.8587614975,2.993467765011524,2.06390756310494,0.3209964062046945,2.691442099954908,0.4624805181551507,-0.0646945537252,-0.0621293919555,126818.8826226589,74096.48390137713,12253119.2303
3.8698013648902494,523895.57242969587,2.220275272892832,2.3023091336381327,0.18987836409479486,4.415203072048756,0.4642285052689621,-0.117028214746,-0.110709495022,70785.63365313917,36721.93766584046,22739760.6972
6.2397887193470245,123323.08241729188,2.2288284092844197,2.814897178252528,0.17938308152492433,4.118899787234669,0.0850033400902106,-0.0226611802709,-0.0208834429561,31594.9349161649,15321.805199080824,11926066.3253
4.340551810938648,24463.964604822875,2.3487776811160077,2.868727581345553,0.268847695947235,5.929875383146776,0.10443099278953555,-0.00416053630491,-0.00399867550522,3463.397486264386,8792.095133531939,4280698.74244
6.4096675012020965,403362.9045805155,2.87513400467812,1.898961096981168,0.2587961544310876,4.990687080320631,0.4944676143722891,-0.0797787852633,-0.0748302482966,107508.698641351,78485.0808352372,18859248.9635
7.350272763794422,207094.47848158807,2.7012271497896254,2.193210709904851,0.4837797578371449,4.303047534864925,0.2694203696294177,-0.0371602265475,-0.0367951072189,84975.48396626078,34009.18687273721,4402881.53062
7.195645166429232,10553.949727514755,2.176695104696762,2.3237160228621767,0.4242679598552004,5.403250665880488,0.15719632377311643,-0.00155630948533,-0.00150786677395,9079.942468973082,18169.856787392535,1889794.80109
4.370975983181092,150824.4043742483,2.578048898959194,2.9236686853323706,0.3809735033406709,2.620377083442838,0.3963490198243961,-0.0306825863681,-0.0302321850468,45990.9947040069,7922.423972114363,4960074.21798
2.501741815288775,185596.0645300871,2.3793532481711424,2.997925978746577,0.33117683115616176,2.060866118763909,0.16892834954561692,-0.0409094258274,-0.0403983608813,31198.02965831135,2398.120912301871,5152703.05501
4.874764046159868,370103.0260705452,2.2385505730518735,1.85311087326229,0.20857863575432795,4.760933333658093,0.37724705960838906,-0.0786830857609,-0.0761276913696,44821.15005759244,29361.538751992586,15236460.7575
2.283347296737179,103551.47642956326,1.7884736591765258,2.590469807018723,0.4924598352644993,2.39324584094895,0.4267786000323925,-0.0238623107765,-0.0238349269303,1236.8146462716215,1739.1777069520012,1142705.11488
9.010873316654274,247832.6087720388,2.1959043951823363,2.067046593349793,0.2812642443840735,2.461734559934037,0.4029185197828763,-0.0432135427837,-0.0421294361878,67153.41407933069,6249.529627411607,9221721.07957
4.112897146640717,289485.2666506995,1.868727880533862,1.51216229532932,0.18742396085653568,4.978722905698122,0.17332151368907095,-0.0644266124208,-0.0625582784527,16086.792454867582,18387.189237542916,10525732.9287
2.390137725009914,275542.43481845455,2.872263224777482,1.5138787836538534,0.3228296135005111,3.0821393765359564,0.2307283583356567,-0.0649580334778,-0.0633135230034,60168.08975256874,62476.40701852507,10441788.6978
1.229029839151758,584364.460000069,2.0031102202445203,2.1908490113433836,0.4558993040645791,4.514524862275572,0.23596295145497437,-0.160037723484,-0.159814923748,37023.21869281391,8275.91010359892,6041002.18976
6.8124014765783585,27302.542674177665,2.9283960218000584,2.232502369506502,0.4605518506220653,5.669627704370994,0.2710728131470123,-0.00463094892276,-0.00438972632434,43390.006322319925,10084.652214494838,2780840.38501
6.732120857092689,570580.9118714395,2.299582935142067,1.533854544860164,0.15383807061975655,3.2658981265514333,0.12531778319306122,-0.115019210083,-0.105250766278,68990.57970085832,51889.66336602637,28687830.5223
4.065437499231625,349162.32839642,2.4473165680142404,2.5303911251614535,0.4602035106629899,2.868576631359675,0.2536115226864541,-0.0737713856414,-0.073380545144,76913.14309829066,23711.783177548863,5268443.07397
1.6454069996288592,477436.62898190296,2.3144106667339917,1.9410050828924297,0.24501947612495045,2.426251534964207,0.2798523457319659,-0.116190500338,-0.113153023908,67329.93083720075,50056.80078480305,13980113.468
4.686660054057088,258235.57080964526,1.6940709254500512,2.339839652303924,0.16364032738894807,2.5218494456789045,0.2892690484614736,-0.0547368105032,-0.0532084847115,25239.19951834864,7050.642003860282,11323856.8117
3.800957455570542,272302.7287541883,2.0637318285119113,1.951378609748128,0.44672659462700604,2.248890781515371,0.4189551934930062,-0.0603673039824,-0.0602109020391,35343.48669827332,10005.81821492348,3146705.10037
7.094085757615084,527595.8994094941,1.648719168416436,1.7507014723039607,0.45235336459587283,2.3505695153189605,0.28280052431577285,-0.103267536601,-0.103157901354,23765.353306701978,7666.131470101299,5112850.59912
6.452013245074213,537560.6977751413,2.4344310662750726,2.110760607898313,0.3586808779448225,3.7280183552366157,0.15385276513115384,-0.102643434745,-0.101299608417,154908.3026627693,78174.60237483312,10240108.5158
4.28134355377786,143213.32885877858,2.1703112928006583,1.8484100471857512,0.3510518150537254,3.283460180095879,0.3484079322098842,-0.0306909244448,-0.0304259320457,26233.87399825585,12611.767395536868,3143392.52246
2.961032988294911,119545.1271507709,2.6669774573564053,2.302201465378752,0.43459209541749677,4.826243257291992,0.4087913648389813,-0.026744742903,-0.0264871833763,18529.52983125635,16040.556050828514,3852268.1669
9.892323695400327,297741.10432197066,1.8307057214990548,1.79824279542972,0.4252083434485979,5.480966632988007,0.19371724989721778,-0.0489567470743,-0.0488226083188,34684.246835393584,332.1355283148152,3272026.3743
5.086014590765034,540166.216276615,1.7468490876440024,2.2626089649669403,0.46153691570494637,5.139092812569537,0.3403876680579223,-0.112266110517,-0.112100343198,34192.75326731509,35165.40172021508,6703378.12611
7.194468122022133,193413.0560437058,2.1094983464456516,1.7360677723033013,0.3434616066588462,4.122549026662609,0.11612209817570569,-0.0357304252029,-0.0353693504528,50983.397340777214,19394.209586583616,4240655.20999
2.264976708205247,391208.76920347876,2.8898780748275716,2.5064620642286775,0.488676482456483,2.4097684649306137,0.2038668370601288,-0.0888614872208,-0.0881252254653,89162.68033893919,78565.1629650024,6170550.75275
5.37030729693458,424891.01264436066,2.5656327225186177,2.630906526662136,0.49865139082666843,4.839069135766215,0.45915076829733537,-0.0845566351889,-0.0841298816091,91547.63849592686,25662.557717491527,9730542.21193
1.2478304788251893,467204.7989364935,2.128385437189378,1.6655913513749008,0.1907906134995214,3.451314898907494,0.46008867342315685,-0.119946979326,-0.115945577286,90902.21286797553,30186.763580860104,17849862.8134
5.549096061194049,338354.67475257796,2.275908254631466,2.201703618056009,0.44734031584394274,2.3426015756616407,0.3088960604343786,-0.0685626570651,-0.0682412055734,67162.21291428716,18732.367453781386,4714355.99876
9.67615666405932,241473.10696738175,1.6263195167656475,1.6063075509823104,0.32493779021200614,5.369865628850503,0.36605815738929803,-0.0414227171926,-0.0412496179395,30121.606308473285,172.919787943493,3645344.73389
4.457860416872202,580209.5932793837,2.9768638445641695,2.3972736683130034,0.28564821840494126,3.3528660687300222,0.43430693684267363,-0.12299104316,-0.116998024044,223618.63890362388,99894.52861031108,22016454.9715
1.3509641131742043,366798.4519817116,2.4996109570423783,1.8966064468944681,0.36457530845895025,2.8729953300462854,0.481348933390682,-0.089805221926,-0.0890400756031,49002.01058003131,42340.7559286752,9676539.91961
1.2786021182740916,437139.1269799625,1.9281061026951338,2.291436685258062,0.16958794504170244,5.485808258475373,0.27044889813039624,-0.125636153944,-0.121714931387,52848.83923940543,3432.4727646826973,20137376.828
4.4918808395218255,206989.707417527,2.3787125913228664,2.276191514076437,0.32726139156847794,5.60853547378802,0.30270908148171544,-0.043271739902,-0.0425266508084,36769.9113552168,23296.7368642496,5621972.58713
2.4402244281687464,401969.50860184804,1.664223549103491,2.886531519290701,0.4548116995093333,3.3558833487662394,0.23703870499152363,-0.0915404112166,-0.0913859657004,19674.932656707348,28058.084526405877,4026076.08588
1.2101688669536732,154678.59729847556,2.9487550032113754,2.323624833853084,0.22471153064863908,3.4192056771254937,0.08239187167539294,-0.0381322755494,-0.035078584714,21210.35015047008,10792.339300704612,9770886.63698
7.805922525551591,147058.1505171817,1.7621774818250489,2.3744977195774735,0.29923646316929875,4.318514110332576,0.2402615626019683,-0.026259952109,-0.0261167751152,13346.693551313261,25144.665569771318,4676755.04172
5.126707079937016,428833.3210856558,2.4720454770828213,2.1024796886465706,0.4788183107002064,4.933765975242633,0.40578230272238475,-0.0880243093764,-0.0876573500042,85749.93333556253,35976.75538876697,16580673.244
3.603202947753891,312836.8417577611,1.8681816938083957,2.923619404774225,0.299997343231994,2.252596807627454,0.4121984740961879,-0.067856757203,-0.0674009252468,34293.634817186,14514.886084443491,6406985.53017
9.100748647148327,409965.96625343384,2.5763420739728033,2.6657788641594147,0.2754286713163394,4.373374628753886,0.4515697015669849,-0.068807664325,-0.065591357141,129845.00265780576,11569.251044492225,17694977.8603
2.0452506418047305,161663.094448855,2.6652320508604217,1.9281079354542623,0.30418782684318235,5.811280247134326,0.07316001732918609,-0.0649047547085,-0.0638216443958,55164.155924450926,31523.01135956583,6690415.66163
9.603269460597874,359234.00463403825,2.5101295933671492,2.7663143786643483,0.33180846828114474,3.0483755887198147,0.28721956531128523,-0.0578896307451,-0.0564102586761,130851.53975353127,8423.618038510207,12609900.1711
3.8257004563961754,266360.1898218675,2.421749190382789,2.148594540277635,0.3711969704460141,5.635308856387735,0.09834101957168431,-0.0578706312436,-0.0573247003684,38720.43596020537,24114.761505698898,5785891.40987
8.995633050778132,358176.1721073168,2.8387036409280175,2.743000715300391,0.4302424803208559,5.800673363052375,0.1403339824245845,-0.0557116187439,-0.0546193036131,155730.0247704302,46069.515064665145,8852515.07521
6.426485888315154,174527.83934653163,1.617940066484637,2.734332102440253,0.30823577201750996,3.076614563884359,0.4550974260712729,-0.033687869318,-0.0336434458135,1646.6026857058393,38724.122881392635,4982091.68526
8.440366237673388,429270.5781894743,1.9963721486702928,1.7833052801442815,0.4361183272815491,5.016807463541403,0.27355606629336315,-0.0763208849807,-0.0760898899484,55485.555818315035,18640.717098337638,4480270.06925
9.856118468894179,483557.61969567934,1.872431219446269,2.5517116970753655,0.3368022314732282,2.95510003327824,0.39134521440347614,-0.0800010035234,-0.079534117875,61161.743418534425,32553.684363977794,9163574.17794
3.5956489403687115,155949.8843146342,2.9820209430981324,1.9359644539597967,0.2684681786287922,4.950444646928531,0.07897284766790638,-0.0345077470936,-0.0320353815135,46577.84736071987,30260.23606043046,10311252.8068
9.650219368668337,180372.33591338524,2.08408466950031,1.9462390049890024,0.380282789841795,5.189679885155304,0.23757192676618338,-0.029481770024,-0.0292270745228,41600.82569703411,3244.0578763402877,4185039.78317
4.505337054121783,396692.5618314558,2.598919048860598,1.9445221153208712,0.401202789160222,2.9888228148425977,0.35340812629895196,-0.0841250935608,-0.0832901614666,120402.48324674986,71967.69613266943,8016704.29167
4.4696071426323005,417351.1045821265,2.5270877458215066,2.5883523713399224,0.3453171414703206,4.86347817433294,0.11003291657519598,-0.0850907131499,-0.083235622744,100481.6695560427,75471.81162321175,9748480.54369
4.063483938290551,422459.81063847005,1.8181218562160666,1.844739062688804,0.1698152405971532,5.24841815545636,0.1966180455975574,-0.0943503827255,-0.0912296643325,19711.15504140688,15603.24946814176,16621361.1484
5.872668466128267,409619.1028655021,1.858496520317327,1.5013587528691352,0.20945900630628872,3.434315488427647,0.07904651226074746,-0.0833865536914,-0.0816685351549,54750.78585746177,36385.11705976202,10591989.0985
2.387305388606384,235684.63017152328,1.9219268453295513,2.5728552802239495,0.24985420231157984,2.6708111039589078,0.3431029733912797,-0.053921874764,-0.0530867837834,26897.150853981362,12748.575434252196,6306686.38233
5.983403368222101,236912.204642207,2.116690917389069,1.756777115752688,0.24891896208302258,2.3678582692700543,0.48690106657615334,-0.0484413689954,-0.0472532456129,63784.571227472385,21077.210063485592,8481149.41655
5.875343311690036,152890.57418662886,1.8514875984757901,1.656723592961752,0.3856972800864047,4.301526814439768,0.42217047101427335,-0.0311156601214,-0.0310071060362,18239.369493295853,5204.240937464049,2229721.58005
7.85711631344383,94100.21993781779,1.5294772241202717,1.85627418089109,0.1564220315857714,5.912392477262853,0.4885804025634045,-0.0174095732369,-0.0168990054662,14342.06557826975,10937.03962574712,7345490.54791
8.50284965743827,415546.4276381434,2.819089585210793,2.069850783484056,0.41448862196733194,5.2918012800888645,0.43052215779427844,-0.0715783190805,-0.0703129564492,158646.60471600344,97196.34564352156,10500204.9014
4.963972152811817,55913.2715833877,2.9484147470713262,2.213859491209801,0.24286986618242662,3.743358555738211,0.4348381127886404,-0.0113056248895,-0.00967232323421,40464.33050814705,4542.131608649124,7040625.96146
3.7209992441634436,562675.372072069,2.012355580547352,1.5668550610689462,0.2585076461756358,4.146483611419834,0.3097297379171042,-0.126888983112,-0.125093157339,45801.69535987074,58231.693170854174,13118157.8758
3.33401407585385,496011.7822028708,2.0077603191382094,2.955859998941041,0.3347684397803735,3.1181115416472758,0.28321354013594446,-0.108117392221,-0.107513138891,31120.12249611956,5830.202945954904,16957840.4259
2.7516145303438475,514503.44397435366,1.5106377191615565,2.574094580129337,0.22557396032863514,2.6522634694402543,0.23281441989252244,-0.117312670644,-0.116821753516,8584.25582262669,1730.489374613603,25098962.9221
1.5188282397912238,544001.2887691142,2.520376032495561,1.9847910979865042,0.45956495975143463,3.928324632929093,0.41814270277064597,-0.1341589158,-0.133612299024,119416.9429899428,57453.7041167233,7939736.80365
4.08203180951242,245162.98243394407,2.738159843622943,1.978045885928096,0.17987907276429785,3.8540062646687407,0.13193042552511108,-0.0547019462349,-0.0484981439002,51532.861218885,25088.628964209256,15324594.749
3.4322292291770493,508020.4340102406,1.7199124505400047,2.172813824052689,0.30553382680537267,4.087719811215041,0.07530121212088695,-0.11327850522,-0.112550025219,53334.81778269928,49200.52889276822,6555744.14599
9.697756472797666,94836.7801749896,1.739499524050726,2.4393672341445494,0.44729779430921146,5.8112183422557635,0.4765522202081038,-0.0156570905985,-0.015636277035,9062.418472313446,38283.48818896473,2581329.80965
6.019379436250396,12985.076764941407,2.6851248749571566,1.7195595998834516,0.3655453630474325,4.415581200579089,0.051700183341564676,-0.00223449901856,-0.00194220745688,28947.998093152535,15324.850429822924,2687814.93945
4.125493351274568,470934.8367983101,2.424436122531217,1.7833947206474285,0.2523153305449217,4.4230873464894955,0.4895731948441333,-0.104154722141,-0.100741200639,79941.87175109329,61975.82273787949,17851675.196
6.224208408943264,44877.988798163584,1.5672908364415754,2.7891518742503263,0.2972660727217612,2.512099051444307,0.3779840164431946,-0.0082826398165,-0.00837372069999,16861.769774729193,34294.195894830526,4587961.86594
2.2527703121112594,593114.800395553,2.4338204856934222,1.8843823858336088,0.39734303311988006,5.985955464707281,0.19782451386402244,-0.173223003318,-0.172301335452,149460.8136487486,73758.33782993798,10308801.6109
4.996393742819826,404877.8577609336,1.963376584265649,2.0702924969627663,0.49064126017736476,5.091379776938674,0.3640189293888396,-0.0844758327022,-0.084328902301,30191.857763540258,34090.692108745156,4052025.98781
6.636108892789575,452069.8261452633,2.0530877332062687,2.8069077764251755,0.4625985514328017,5.508813376376019,0.4180438207333073,-0.0853242822775,-0.0850730992359,40447.07745170375,15943.50623644078,6353882.09165
5.400080486132063,147482.31376671957,2.6545971274453204,2.494721744099734,0.2698514829338319,3.6572016473239763,0.16041292519389616,-0.0287027972569,-0.0271765064505,61502.695729200816,8766.5530788605,8502691.93126
4.616009205888918,404319.2363518129,2.716402789008916,2.0125678190125322,0.49936925775075014,4.0085123831425,0.39690305747581184,-0.0847130543743,-0.0842792757588,102469.78375520586,58217.977075654206,10624735.3102
9.944635500097284,25931.962352974326,2.100534940259746,2.525549318586931,0.15122663223587038,4.088335236649106,0.4119663312537081,-0.00396769644025,-0.00273923257683,14715.403472997112,25776.61403131713,15264978.702
8.922832859340343,502695.4319541605,2.920729404009532,1.5295248230721206,0.15967041453294528,2.7763781571584207,0.16220958355640544,-0.0941118025929,-0.0778039095651,109280.24761207169,69197.24782816635,38531412.5225
6.610653623434961,101774.45581894346,2.1096940769281085,2.603463990017048,0.43834418030991784,4.757956625307829,0.06886685947009259,-0.0181298157461,-0.0180482288043,13258.815618326744,19117.97963935803,2420316.3851
6.124396250640545,418414.8401002623,2.657754052845165,2.2305240607743593,0.2198119403915682,5.6119068944698265,0.14185502805114397,-0.0813096178811,-0.0753609799427,124950.94413622492,63685.24948718588,18092498.2721
6.585944318421257,134688.300739637,2.2258158968463886,2.719773220926692,0.17126924393868428,2.654823272553676,0.1402908840002275,-0.0254341178556,-0.0232598158782,26220.119637637054,14012.639606356128,14097843.7373
2.8118089704018994,41071.90165562564,2.846298489783126,2.9319564780097025,0.23300182563277577,2.345273093944658,0.07935820437896744,-0.00799072708832,-0.00703418564135,18291.339998363095,10889.727022470472,6149157.51721
4.5562396893788675,288896.20712963655,2.861641865475268,2.8886828242418527,0.2991350538933011,4.952875622161368,0.3767033230948381,-0.0589624472322,-0.0559655013185,79572.92730062157,42035.936354480415,11520341.759
1.3551357960180939,101571.72616367367,1.6311252118066257,2.863897565183011,0.40569819465169166,3.0928073266919283,0.22098871600628367,-0.0240260571866,-0.0240124762731,5639.247467545978,4024.916830503292,1518645.6818
5.27991433738144,437666.39299592987,2.9047399969653385,2.2682549339008307,0.36851743429292194,4.495450166469317,0.44797377535423627,-0.0882140591758,-0.086213899975,153090.76193106556,97554.33853740281,12190865.7678
5.887221255618969,142539.5060300909,2.7383022622806235,2.040213171208407,0.23316742614614713,4.783033351968722,0.1634769975493337,-0.0278436099583,-0.0253936882465,59044.629742001714,18094.04146630901,9795385.62538
3.0497476249288864,205483.53374149732,2.6869660714690005,2.1975529870960093,0.32614465683520455,3.287643054327287,0.2539544742949673,-0.0456007058684,-0.0443904615613,49479.95959458358,35985.723277385456,6259572.17871
9.676259624489624,340463.55075868376,1.8013670095282837,2.534844004970041,0.4741749368894991,5.260578389703138,0.3375578430170433,-0.0561430863647,-0.0560479978793,1070.1965915012613,44018.47488694504,3755552.2227
9.185091498435177,170980.96654638695,2.7076788131319973,2.8259966653067803,0.4352527219443152,4.199955928456868,0.4448592273523001,-0.0274914426102,-0.0270082501866,81720.77965127108,17245.08039937054,6160325.39942
7.499289119103153,226792.86972597698,2.775199102027555,1.8104794545001792,0.26311642469112767,5.4759976318072106,0.28607949572871866,-0.041643600726,-0.038886190208,98511.8743839321,56726.343558872606,12600248.9598
5.800479658888263,489373.062624232,1.9337255016812265,2.8772897376925544,0.4937925964744937,5.05317421023579,0.21808608251557227,-0.0948318326883,-0.0946555236274,4050.9925334539817,16088.738465410113,8377856.14365
8.829722436829165,107525.90973661542,2.9283901175434854,2.7227703479548335,0.39801714015229583,5.474302528149815,0.440156785312404,-0.0172544445695,-0.0165518147537,81638.31738234157,4909.248646718831,6537227.78691
2.1758710944111663,49320.953689160204,1.5747902195987464,2.968284022767352,0.17185727448337362,2.0806455284715764,0.18961089110942475,-0.0102780303089,-0.0102826246393,2551.46691732308,10284.510946935092,4934471.31063
8.114588148473965,197014.67107981155,1.7248638798707094,2.8203776599225305,0.16230624965102353,2.974025042954379,0.0857406648346594,-0.0344684197026,-0.033509110678,18569.67302515393,20457.77947647232,15942442.3616
2.1233873257016347,254626.0602083269,2.3063717070772713,1.91990599453786,0.20894278215351048,2.3600317617837545,0.250268948379608,-0.0609053574496,-0.0581323139632,39814.12154466241,25741.674529533066,13786842.1326
8.147895962944649,325595.5692819406,2.3636887066834644,1.6589338670160716,0.4047495538175514,3.7683320687573967,0.4032919879240964,-0.0591076527422,-0.0586044183658,75201.50328011335,55231.741648956035,6522559.8598
3.481908114262213,223454.2177050042,2.467725124951355,1.6683616079873829,0.21430862404484974,5.5598404864612725,0.0638513742890854,-0.061996162841,-0.0583515690803,89436.62050269084,47730.31961763351,14255113.6185
8.8938152291637,473947.02013368305,1.5254536939731997,1.936834977867414,0.32902036922309175,3.8701610490674767,0.31364701024531644,-0.084580975953,-0.0843743070016,30192.758984680073,16603.519716087885,5300199.8034
9.49637884442858,23591.692601083956,2.9405501619331953,2.421275585976809,0.1826410420632911,5.398852178321576,0.31750882183725626,-0.00442286044127,-0.00117160473182,29975.62412522848,20312.69466869719,14314039.9457
2.3391637246460406,259060.52291913476,1.566882139101216,2.7064804891457586,0.4723101552405683,3.3087129520772716,0.4678437935423217,-0.0601348600162,-0.0600757182637,1188.533379816746,9276.291686335067,2399960.11401
5.164080445588541,229353.54879384278,1.7145929290851036,2.848875460472347,0.2703862147542486,3.3582802912210097,0.17890916771525983,-0.0457045489945,-0.0454235631922,20689.438937073963,20704.184699437887,6183794.70938
9.828886403464166,388547.0944841154,1.5210217762890854,2.435630076553849,0.46784621979622076,5.58224692130751,0.1754764759448133,-0.0640913683772,-0.0640322847588,29952.03833606344,49312.113918570314,3300167.89103
5.35066692375832,579765.7511384375,2.350287649941142,1.5084469691220805,0.48070647466869043,3.703268586046806,0.24821764310285516,-0.119815264823,-0.119492639005,97103.66565225266,69355.60848596078,7631559.90484
8.771927702630906,306225.2439773173,2.8984003258814584,1.7794751647778002,0.15214502655978826,5.159061951178666,0.21061170566218185,-0.056533882905,-0.0448620035967,48106.20872102626,18424.216293650283,27129256.6495
6.298583699181878,592126.1081650323,2.498920749120696,1.649589305780052,0.3124473155195562,2.9465741915276054,0.381355638210197,-0.118415941616,-0.116089422801,159343.32272035358,120319.48566575053,16343281.7537
4.377969171276417,181349.63694791848,2.733986202720641,2.044986713353515,0.1586296194974125,5.795203318710541,0.3387884347091973,-0.041971381997,-0.034984160623,33190.98739371833,11035.443835467006,20214930.1346
3.5720519997328317,18520.87952547661,1.5199218051878702,2.2520264904506186,0.468042468206017,4.298312986122284,0.39151446705781984,-0.00412694071699,-0.00412446778016,4248.614675439229,3952.2266700328382,747380.545536
2.8290078197747857,99397.90048584764,2.313022947719589,1.5650957678678412,0.3314426406571015,5.0372942743136075,0.4190188060394101,-0.0237891007629,-0.023484720317,33342.48747032509,16848.591031546424,3020681.43719
7.856183722399275,237074.9308647404,2.189344466258283,2.022716963693483,0.17623040444447388,2.358062799179542,0.4653415097303665,-0.0449826387178,-0.0416022106756,44624.72626368794,419.9049665916566,15958644.2709
4.478864561407251,189800.34551313132,2.24845191633119,1.7687695119379838,0.1885968548967984,3.970656903322115,0.24392152930309147,-0.0408713276158,-0.0386643656879,30996.246656453728,12402.653629551407,9847233.08834
5.60147915980676,58232.47859002661,1.608319778002782,2.470605249388311,0.28422815857245864,5.6041539909360925,0.49311382526219727,-0.0113413118788,-0.0113408967869,2304.0784701606294,7756.756643900728,3084162.17068
5.430929320010637,259596.0646144301,2.526653041603961,2.19640855398651,0.47908196750551124,5.508154516173218,0.14704736603164373,-0.050684377929,-0.0503530510932,43991.5773607746,45811.944943176546,3734984.79074
6.195511263098181,202869.46299573765,2.254830622287952,2.2429764704008632,0.3925182030488283,2.18725582893691,0.3714643228762979,-0.0398717114998,-0.0395448481747,43286.155466042204,3753.409504114468,4443523.19303
8.79019431062097,73571.53227446307,2.647723274791896,2.141537682050192,0.45366660316619634,3.214793876515787,0.29030419278823516,-0.012320376886,-0.0120491420756,56734.73660563387,11264.38634793718,3531395.6547
9.826654092250864,177670.27836714537,2.227935951092573,2.9340295657298503,0.27825982621899287,3.7732800259163204,0.41760526760819755,-0.0280543463771,-0.0273970432314,41822.497731028,47931.490684755474,11025839.8568
4.668257877164352,531861.6332132343,1.7240724543396482,1.822102687682345,0.1651247948424994,2.689059257423153,0.2645467342728917,-0.115666868402,-0.112419276656,52687.335021460625,14366.227337242874,16236373.5231
8.447670298956726,181229.31929360412,2.472385431116733,2.2749963897658114,0.49101117302154496,4.9199932439598815,0.40277238591309406,-0.0311753541051,-0.0309493975353,61361.12054229549,7906.431909811301,3647798.70503
7.8807501518924585,428373.253945231,1.7585795431577493,2.604026052548004,0.15601054673182935,2.7380479823948463,0.4685759215914551,-0.0796426508521,-0.0765335796092,58924.23456817572,16452.391803139748,23756902.0689
6.1617605631001595,367228.24779465335,2.8085918450322223,2.335266619701844,0.4816780785783811,3.3865587774795447,0.3795324197630393,-0.0706630339994,-0.0699967755639,141359.59728022566,63110.690480235215,6782509.5513
9.604424292507398,256308.69744502308,2.4196743586038623,2.8935313285752016,0.27903709834720064,4.653122547431273,0.39924242879824595,-0.040955339668,-0.039442818463,87830.11044019555,30340.823653821528,13211406.7079
2.804270639755625,143415.3820822015,1.7358058253354314,2.0669525334619263,0.15353164175765852,3.9283573780979197,0.08022894406963527,-0.0326626986924,-0.031388421329,12106.471196043736,2605.302652420825,7708384.57746
1.9833778927865926,221408.81960756727,2.9435070862218105,2.195513708659767,0.39120503110357785,4.954284154539575,0.1422309480045263,-0.0592262664678,-0.0582808741325,98379.15777904366,42265.301799669476,7056715.63231
8.6856577025988,355264.3280826257,2.2775481950029812,1.6327834728220927,0.4931891064109739,5.844831604891439,0.48843668322661715,-0.0629317140316,-0.0627153379726,74642.71584252002,41924.53588921672,4400973.89992
4.952348349703735,210451.92884961297,1.6093476778074824,2.413498666577893,0.4879690029931574,2.46618675086079,0.36193415170432747,-0.0441600082873,-0.0441212277523,11545.888116059921,24766.970607704123,1933735.51581
8.622719687863544,128937.8601445391,2.440249356622601,1.932317952672159,0.20632795392084644,4.838270865592244,0.3026520577899521,-0.0227943407846,-0.0203887663319,54266.98391525275,6332.45103730863,11643814.6773
9.037811846758734,69877.64933497926,1.8797983605192154,1.7404635592733533,0.21343673212315423,2.921376622528458,0.21513936802840256,-0.0121057652468,-0.011511550198,21578.838554342048,6864.479390782551,6207644.97131
1.562118342571643,527860.1627457392,2.7055401778159536,2.3167969393567622,0.34793862011688104,3.657906909630277,0.06997505054311307,-0.12715677787,-0.125330147083,81003.47594497689,50892.87025115021,13343557.4674
8.951182866874547,264187.7854511434,2.726733110349286,2.298465395069866,0.37305668924991353,2.1314509031805593,0.21611115858386076,-0.0447448459112,-0.04355182877,116496.71322017653,36581.255499804356,9273440.46892
5.0348714983248,375124.99304575805,2.9684210337819925,1.6138074618360714,0.40879626978305295,2.5436295291707958,0.27451079298030917,-0.0780148246528,-0.0768194892495,137590.14152017815,116673.68180478552,10387262.5474
5.59389240103809,294246.21668208315,2.2528042965367554,2.547323180241709,0.21336762616525162,3.2791091561955987,0.14515677922409903,-0.0583568537259,-0.0556819633341,72800.98995166886,5907.56991581479,12834379.8378
6.639332599838892,523539.911014778,2.1824353195916055,2.435658285976279,0.48565248036755204,3.36794322115194,0.12791155607322463,-0.0987923951262,-0.0984817775014,77403.6543041705,11077.142733072833,5776515.29142
9.33744346057078,328160.9114689265,2.630213408169721,1.7835259241197459,0.3735587397012332,5.5983408658483835,0.2787874481108826,-0.054044200345,-0.0529634344146,131770.02110717326,70249.96695792135,9138162.92814
1.1720448498678762,288468.850769468,1.6987059845128898,2.2041522932310658,0.4464664216046942,4.96725163706606,0.31365690603239477,-0.0792041349806,-0.0791425654394,1191.9282531051983,14877.419984700262,3055147.59674
5.291591214860354,554760.5942530276,2.3203732706896862,2.58048437471784,0.3390230003494601,5.888731872748164,0.1579630634845362,-0.11001736922,-0.108143677197,107577.98558427898,87043.79975772653,10391993.3912
7.189498381875046,431813.75762721273,2.3193714001962764,2.2941536108119145,0.2949968966564589,4.396286041340963,0.3143252635052959,-0.0800916950355,-0.0783211161106,123906.1315958865,31574.791600110464,11947362.7724
7.5043626192840565,66929.94440811439,1.6342096842155809,2.0932336142753556,0.49201401730824856,2.966854928365272,0.4551529837434327,-0.0126669372907,-0.0126503551104,5329.999232762547,17502.666413994004,1266175.84022
7.232791883833972,106622.67671808843,2.1269761282603703,1.9835076871214155,0.3537424797869426,3.3106201196865714,0.2629279661096092,-0.0197622554908,-0.0195241926692,35558.187057844516,158.86396661713616,3425913.58743
2.2099161646730967,472273.71776366513,2.779927197850803,2.4155907999660804,0.4534057539797126,3.2793436931678683,0.43582557631423163,-0.108847823741,-0.107946018165,89109.31849724741,80493.26165887521,7564820.55941
3.694560295345131,501510.7927079726,2.7842304329919907,2.9086630474653608,0.48365233872820146,3.3059773106530064,0.4672721500399933,-0.106613027575,-0.105818221469,127819.11030454565,49152.68068970621,10008738.0359
4.228439728753122,327114.4974541779,1.6488564973795214,2.5076172607162253,0.3863741194530307,4.691856692447263,0.09157731302168856,-0.068778556658,-0.0685584690818,33229.00131559901,27896.498814424707,3191708.8554
8.239934869115544,332673.13671998354,1.6360813241217462,1.6121188554544732,0.3421285374815362,4.123231712361665,0.09311521084555865,-0.0603570681578,-0.0601812703506,32973.225724409866,3990.668368641365,3698785.1684
3.508838851730977,379159.7777108667,1.894043215502903,2.191027460223201,0.15122879781872772,3.5416967123465772,0.26421988229942067,-0.0858272969095,-0.0811199071066,21448.56185983465,11573.275090835354,19293226.6257
2.8963446748048285,263469.4645695837,2.8121490938309903,2.8362361972659413,0.1640068742586521,2.5963590749148664,0.31464609994296616,-0.0607544809268,-0.0532416104549,39171.277062401576,406.19498575704216,20523621.2017
9.617032171342865,408119.4740903424,1.6933538776102484,1.6416936387016303,0.2202979256178907,2.0885566517685836,0.24164755900926316,-0.0713568152769,-0.0702272387565,52825.79157038397,8549.035705454442,10849177.8936
1.07976956602122,65088.75453984941,2.579995203941169,2.9833135682063148,0.21510295114959832,2.8753387103507704,0.1969028466878764,-0.0145395330738,-0.0136799311254,8812.8939727374,1591.7385815220148,5197773.47118
9.980387701137804,576767.5454204319,1.651748429419655,2.9236040904681317,0.23916557831994587,2.429885615874725,0.33844735225677014,-0.0946998002967,-0.0939532988636,48237.706289163034,63947.74745498429,18027076.0186
7.091391689716561,450092.894276953,2.434706780621738,1.6174117210948138,0.2567271231941813,5.1417801234089575,0.05093668055746412,-0.0836341558247,-0.0807913078015,119678.43765278545,89551.31410226267,15248274.44
8.456223695042054,378704.52240540413,2.0341009486787174,2.9001199806743325,0.27602292274275486,2.4499918312555415,0.4856329763886841,-0.0664006784821,-0.0654349433743,72543.00233615992,34314.31156154804,13055555.7835
3.6515745671157385,189793.2342056884,2.6833709444488005,2.0446988853891934,0.2971881915241068,4.896912949227344,0.15443558968460996,-0.0413197977141,-0.0398960213447,43281.00464548216,28418.436396482986,7451051.84297
1.1288374990035397,96573.2924740375,1.8505356732380454,2.7670637506137936,0.18460321845960512,3.5426347591043306,0.4626944458623532,-0.0227924136451,-0.0224404511479,1900.9644857402684,2854.1741017030586,6251999.56575
7.64082566705377,245605.77829736678,2.45880274408494,2.1275750065699075,0.1648266761834737,2.293513558975104,0.0990566350405277,-0.046895608834,-0.0412036256757,61532.8034072731,336.7401387528726,20718939.1557
8.507301373006083,396946.0443444351,1.8535238018638274,2.161282669053774,0.38588055717555814,5.250920197726343,0.15713923192005766,-0.068888747038,-0.0686373632628,34411.19706139224,3461.0567098861343,4642688.86527
7.664285187581672,380225.84605386655,2.5704904246682307,2.451364636466314,0.3380671886950772,4.318522280946453,0.15569316548937517,-0.0666594168721,-0.0650524651109,120649.15044137009,39286.336422331166,10534275.552
2.285652585707547,229584.6930393429,2.8105170518411233,2.661716128913975,0.30545047077704185,2.943046051454292,0.4982688068902908,-0.0522879625843,-0.0504389265153,51529.75611917659,31990.749384295836,7817970.5695
7.7808513003127215,367971.83629987785,1.6902026986901402,1.550683726422373,0.37205397940892326,5.578724697330672,0.052070245576647994,-0.0674772651572,-0.067320835141,29386.22319601175,11553.903007221617,3637699.33147
7.920305038968769,488248.97734052857,2.7998935328932553,2.3897339932907014,0.43968779252123913,2.181033255482206,0.3378371941865731,-0.0872079273796,-0.0859824004772,203404.56208826028,78804.80797922597,10697433.7345
6.926864641030494,15770.863402564239,2.3903628816214466,1.7800994911460566,0.2996925181906716,2.8072784327910516,0.4413589614773838,-0.00281081361623,-0.0024207215831,25865.10891660349,3786.3852768649263,3674154.00627
7.895043395160275,270372.6287581654,1.690665736300536,2.018924276794804,0.3743918127681928,5.008187711223444,0.3525231443111315,-0.0497201913212,-0.0495899251099,19615.67990960411,11274.207988815753,3305606.83106
8.613292957099588,455133.13708007464,2.141312783039568,2.0219529992328247,0.48375027834230555,4.837511721239556,0.2132302181976249,-0.0786722805018,-0.0784343373574,69097.25850812114,17014.023997792137,4563976.62674
6.522437028137126,327686.6822780263,1.7412904402276468,2.2035905103317304,0.4438685735515462,3.157086774897912,0.4812392132163207,-0.0646657767803,-0.0645629728988,13550.510566002069,18387.007554239874,3026716.17124
1.7974424257271115,390885.652757442,2.5505218332998543,2.00120461781426,0.2991002836758433,2.2480995014111325,0.45208433956506844,-0.0937941947946,-0.0917903361648,68506.38185709527,55978.648084224755,11316147.8209
5.388650287004898,310005.83556320524,2.6383022016269244,1.6610416776760015,0.37565089323516,5.432312288899775,0.245279714112283,-0.062705399719,-0.061795727534,66265.86755567955,63987.172470227495,7638620.90901
1.6988440120444457,595124.7268093866,1.6586947804091985,1.7184431077881772,0.2119748226705789,3.2547905522796103,0.30799782167502354,-0.14723413387,-0.145873609586,37820.14338822927,20902.305795621593,11672293.7228
4.667887279291877,32772.921893422936,2.2592097790419663,1.5501569783416465,0.34618276471328147,2.782853659713061,0.48538363451235833,-0.00688170462863,-0.00671196974843,19430.291863062146,10037.09810685348,2042335.58365
4.663958402130649,294626.89306342637,2.7219375840388755,2.2053736279931315,0.49346490189845493,4.064247289443909,0.49215216286691155,-0.061258606486,-0.0608654813686,89794.00910633248,43526.357518542194,6228026.06748
1.5940885972621741,54849.92946871061,2.904244562326495,2.931671542279483,0.33141029032088276,5.640908797129789,0.2524204740730785,-0.0132270858412,-0.0127978106628,25575.616953069384,7142.417183319415,3660871.52135
4.139384805725314,95871.33726814225,2.270276800112655,1.6735128354721749,0.4746734047165515,2.1741863113735014,0.4313075126643899,-0.0210090485456,-0.0209219180777,24191.158916535755,13545.654137209194,1676919.97865
1.9989828891218335,229823.0102509571,2.9254188354171107,2.9193967395046228,0.29256722217614123,5.0632163521235505,0.18589110212927135,-0.0540877045679,-0.0517740903763,99896.72509098594,6711.676140815652,11612279.1597
8.274116890083,93324.05490029238,2.303533455684045,2.60004227209814,0.49959568951462086,4.289892911754835,0.2173157928187991,-0.0156979478524,-0.0156099895408,21551.029371527788,22630.113703151364,2600356.45203
9.529192233680236,578212.2995739906,2.091285741899862,2.456248204401245,0.3527270123296452,3.7017964662072678,0.12416984734560182,-0.0949721295716,-0.0941520554281,99326.49909202644,2137.0580623737856,10245312.355
1.6508482773214475,568073.8660350954,2.7723046928293433,2.4679166329853444,0.16479414798257708,4.9763217764202405,0.14413306674952864,-0.170558822985,-0.146229061876,196126.09728423067,41701.382083726414,52778536.6324
9.596036865625313,201665.78773236228,2.2394740656871335,2.740091472594423,0.3553641788419858,5.863297697766529,0.3455929860167115,-0.0319725128486,-0.0315734439015,51076.288927087306,30721.21990636756,6730433.60444
5.703189394030707,383848.6272226077,2.2078537658467843,1.660379796569732,0.2461004434878588,2.916824844650764,0.2798517281031864,-0.0789865453867,-0.0769391012973,96007.49577077599,42018.44154004965,12311215.8224
3.696091101584865,320251.99235627166,2.2354687341147423,2.257131485348313,0.16136846271256314,2.5745894602884785,0.1540093372815213,-0.0714216113364,-0.0665642842999,53754.32791585871,10604.23418663374,16237259.4547
1.6917586774854716,489352.18830946117,2.770177502804618,2.5456367073911377,0.43729865664313217,5.651526980890788,0.23130932736274368,-0.132261264451,-0.131271910908,132446.68100847423,43612.005045746824,9737781.28293
5.50561841263376,376467.3658901653,2.747912312532078,2.3802306676103457,0.24650537294326458,4.675812309829215,0.21793255693865676,-0.0749464255966,-0.0703909980159,122710.44110128794,45930.83936425717,16210835.4583
8.150639900416738,151.4726943372624,2.1052799886603166,2.749168606534942,0.4287919939162744,3.751944086247864,0.49431209204090043,0.00038301045356,0.000370838992292,6386.233170744955,43763.76221074504,2953391.4442
7.363778295400284,457904.6313658433,1.9999497898057874,1.6084075635170272,0.25087615403455343,4.293038281057132,0.4341046267451207,-0.0879911772385,-0.0864164622837,95906.06843470095,43983.77200310613,12156933.489
1.4520341031757638,448108.87277767085,2.237892036058694,2.536051559248749,0.21801422385582098,4.982455620704976,0.22458485002272094,-0.120808164646,-0.117278683945,99091.0459751016,4231.668484902881,19609208.2563
1.6561165183111317,305833.62333988864,2.3591587646056635,2.3010415955770767,0.49087745093654955,5.092127594822869,0.4612624605032149,-0.0761504427531,-0.0759481028447,49568.118875771914,8403.28673441683,3610429.64742
4.625859543693734,541751.3839398323,1.8575058159419955,2.0687412959699154,0.2765758647142568,5.679576723275858,0.204185926232677,-0.115614150714,-0.114516393695,52420.73073027181,36495.41599500602,9149609.13487
3.6576144464314897,545067.723414241,2.690932627073386,2.010412473351046,0.3604816740051061,3.7073711555824906,0.3505556807306867,-0.119789703578,-0.117844878908,113653.95305307607,83463.31083689131,12121688.5893
3.0914589075044305,314347.0060226383,2.2297241485986343,2.431248949161289,0.36349352248506506,3.17364364007758,0.48499249850695064,-0.0702939238228,-0.069728282785,43436.123519522436,30337.48357539802,5124456.6459
3.5290404901784225,364792.9387179226,2.0010683226299393,2.8364930619663973,0.3461657187607256,4.558657067159368,0.2256254887948485,-0.0785224253561,-0.0779300607792,41762.82304978043,32080.797164596373,4735637.9261
8.23134468967196,597913.2431548034,1.660231489445986,2.244263889151673,0.47014351023242507,3.6629115971181214,0.3559482342972202,-0.109008468628,-0.108879522022,5066.839955602473,35427.85282923248,5080697.99976
9.363052482686685,179292.1408868505,1.8582677406054104,2.7370847461153804,0.38605437497840395,4.378393815795912,0.18316571497818496,-0.0291358090343,-0.0290716145417,1384.106132261545,50571.229866278554,4676210.85857
4.645924250748098,194770.34538688642,2.9239217576339755,2.103234572765951,0.29130655143672557,3.6799431938238008,0.1698405420190886,-0.0401397727898,-0.0380895670933,85676.33816222065,46067.938436921104,9585358.79503
9.154999019192473,109664.34159809782,1.9576495302292898,1.6535916941897648,0.45183313458349583,2.611983146712698,0.30837049989419835,-0.0192035218108,-0.01911911261,24587.917169534296,5458.316125460314,2073053.55969
3.8934613112309377,537520.1634947208,1.7532889340505529,1.5922586046879579,0.21337201469058753,3.8777070066358337,0.4906690691149482,-0.121458054264,-0.120086840906,49136.97628747326,29528.64884748182,12156847.5602
5.287932877094125,446693.03396955976,2.1910091874824897,1.5770015569855165,0.3404828651636461,4.763671287764131,0.25391023192407647,-0.0924401986191,-0.0917829110621,73074.23684734003,44163.14299417842,10509550.6545
3.0342609803439977,63385.709322145136,1.960631615040373,2.0702252129365046,0.4826926301803147,5.197135230670599,0.47193663664246127,-0.0147376138883,-0.0147098291039,6211.262425238674,5001.547799710669,875437.613705
6.7642843795825955,589060.4107187794,1.5527388754067912,2.005856626253763,0.3688891704581444,3.9733051071861873,0.4614635841101427,-0.116331850442,-0.116129532401,26987.561475796727,11481.208622319782,5383645.89912
9.81083003657328,438577.0248966696,1.9847178259191258,2.576905535433854,0.4359389576662066,2.6609515608416037,0.16419317555524765,-0.0717847957562,-0.0715462179037,38548.00669454337,39847.90299053775,6114188.16386
6.431437864390408,510313.26576298475,2.316162935909203,2.614232252377299,0.3787462539408175,3.6587508385977263,0.23081873318794732,-0.0966360637624,-0.0956924448781,129328.7081994267,30119.282848807557,8813685.69134
4.22032675702194,28890.473503920555,2.3275685580299506,1.5762809532506097,0.44377980223826163,5.145175715366793,0.3394861153223824,-0.00631826713357,-0.00624684721474,9197.697452597566,8995.725782062522,1285276.30639
6.830357013914755,302976.5513653006,2.034838381765333,1.8316848943335224,0.48057075794583526,3.6514370824682914,0.28312064798512626,-0.0583508720558,-0.0582190578782,40953.072518520974,10467.44981873351,2933897.29422
2.106286106188488,419158.97203622357,2.170954134378901,1.9113927752383495,0.24552260463645786,4.78612317441689,0.09318133843842845,-0.125778521703,-0.12351711973,104406.32620749793,33531.14394695908,14375722.7523
8.997931722388588,325767.9507431048,2.9482768773521495,2.321417976214214,0.2093813784398516,4.028854726712359,0.49716411355722123,-0.0577504386723,-0.0496442362639,125593.90819389756,22437.89581134575,25864040.915
5.527755557018527,399988.47941956646,2.0660227158454676,1.7167728358604255,0.31939676261638894,2.964892500437587,0.388694300545076,-0.08289960352,-0.0821780319254,84386.39924185,39025.45741669549,7289375.51848
5.0441476783567785,490724.4381542835,1.8873402198899745,1.7009118291000005,0.39565184938847553,5.184602032092297,0.24696231720112027,-0.103021370018,-0.102727208472,38736.7280091807,45644.27996278126,4682364.04494
6.272783096081673,224602.23777611772,1.8652005661001403,2.915683333811937,0.22951693861377565,2.336853816282748,0.3281758473498311,-0.0431868679719,-0.0425771413085,27004.600861642364,31289.58618783363,10463679.8068
6.623054765104622,509201.20537122583,2.1866469190562015,2.7063043609466715,0.15143550765055847,4.099561131020602,0.08940776776980355,-0.0978223284148,-0.0894593644645,58913.776347876475,1911.778637807396,27524936.1174
1.6459822560386173,97749.66285917444,2.639280223075416,1.7709823531367554,0.27002729054284685,2.8355641369736198,0.2728857441603245,-0.0234845650615,-0.0226312170304,13254.447238231893,14376.437357693161,4339770.44318
7.143554991010622,162531.63301582486,1.80898227628271,2.1098517118582363,0.489100767413726,2.2682625141655026,0.4688745871178695,-0.0312839612982,-0.0312339660933,7714.018341205665,16790.80617566633,1835072.72438
3.177385122839766,26007.371956395466,2.563944190711152,2.033432998886348,0.3932386112120463,4.011735748332995,0.4534704311247402,-0.0055465492641,-0.00540268839278,7442.563852022681,6211.669498943774,1624635.41581
7.4255736925593085,218656.08680115067,1.5317247350241243,2.6865061110981108,0.29046390537942834,3.9982486237396944,0.20182138046741555,-0.0399149112779,-0.0398660908445,2768.0194107847306,33283.06363383824,5781212.65104
8.40281314945777,227945.7268944722,2.128399466975919,2.2653193747171834,0.21740163407139412,4.827603606702883,0.2891155387196025,-0.0399525447171,-0.0382301680974,48209.35482275881,5362.206292363265,11624189.8647
8.235626567972684,483162.35832435056,2.66379759780418,1.6917746054902005,0.2746313858141614,4.97900277220762,0.36382258583944105,-0.0869822517277,-0.0831795020512,146121.60350364374,95661.85267305556,18563196.8016
5.972508706671002,391878.4021737936,2.008099433661647,2.6084880947343656,0.20944380165543677,4.911165954771587,0.20300417010855742,-0.0760654749274,-0.0736784254734,56137.351534299676,9436.034078635412,12809928.021
5.68152903079676,262033.53489339998,2.345605652168099,2.0953319673373785,0.187207037459533,3.63823493166702,0.07919564814227233,-0.0525949580944,-0.0488287119867,51122.947174822526,18216.5138519992,13516052.7598
2.2858836520547055,391268.3871742489,1.8074688492388662,1.8943863714482205,0.46735983040039386,4.52675914890625,0.27744874552301213,-0.0964208027666,-0.0963183734083,23210.361946558147,3783.6431342368637,5409236.89942
7.978115353628221,31670.010309414698,2.6129930866892583,2.0632479330310804,0.4991776184314157,4.307780970575841,0.3207360811205014,-0.00542455217705,-0.00528986106099,38838.253184473615,8101.977549459622,2242531.55862
3.4426844240204293,108162.92161102565,1.5784186549031394,2.2466348454103446,0.2074400538585266,3.6862470244676784,0.05262872005467961,-0.0231170806542,-0.0227450968889,6907.456945064561,3640.4468859949006,3487412.74294
5.470258805361519,376168.713145053,2.7788139673132504,2.014673274625514,0.1690828956073979,4.388850776743973,0.09300891809233879,-0.0784423116046,-0.0685572784697,83668.47639909129,30906.6842351021,22540397.8726
3.5584668363476504,384820.09153518133,1.7972945796325022,1.8628586588876368,0.26540588750117433,5.788991506825051,0.14328078961736854,-0.0950628478238,-0.0942867095433,62242.45388019693,9065.040390775719,8869640.51276
2.2044552669972384,464480.7952244563,2.811597047562496,2.0977530432059703,0.31158071326649533,2.7715749747255094,0.20662352914592036,-0.108665331492,-0.105388241255,79970.58991271179,88089.6223094982,15601613.0029
6.666019272025629,241799.8554321613,2.028793861950776,1.5287593661248473,0.22168743647654904,5.623088383142106,0.2934730502737612,-0.0473161514281,-0.0459854320077,52242.59570230799,21546.369069169952,8410533.81938
1.4889883134061344,433532.45796969376,2.58402536171173,2.6587467691444706,0.25549871912949546,2.2138220559327935,0.1822293134418494,-0.103380776941,-0.0991410317637,83308.4906578169,51466.81386420847,13857315.0709
7.7378071071358,410388.19953611365,1.9788379466792827,1.7564173403513788,0.22030475749208017,3.2335568516066426,0.1742827164829267,-0.0766075747267,-0.0745735520727,69084.06100114003,25989.654073381145,13243787.4237
3.85828115735005,578036.0270219095,2.858867506851971,1.5658569204459558,0.42099119895135795,3.152580994446113,0.4412072047158868,-0.12768076787,-0.126474904545,160032.54972100357,138806.6587045146,12350617.7133
1.001212237040368,129078.1358548075,1.6899556882775615,2.4805480393576187,0.3994022801365412,4.505460431523623,0.11527278836064182,-0.0401931657011,-0.0401684609552,4608.431858961935,16980.05666975842,1696932.24704
5.6001622531350685,331007.7382515837,1.767779683908898,2.6609041932355084,0.3722330305163436,2.5248998071091613,0.27295705992756214,-0.0664790571953,-0.0662958029199,19164.541120008686,22896.611566078576,4600407.59542
1.4216671767484281,361058.6652662816,2.2395451877382033,2.7207436973892647,0.28552624997772164,5.529390447359015,0.4787711226212612,-0.0904227949348,-0.089231547764,71243.2262364395,946.8322272190503,9615622.15617
3.4855260203880953,599188.7309605324,1.622907658557219,2.2402637739909,0.46816432945998254,5.3142056338601655,0.33125596210222064,-0.13647092889,-0.136370734966,5292.3767204953,15805.770525873997,7007140.08524
7.362788387101445,120710.48529999102,1.793970277052643,1.808052277034978,0.489336389537257,4.608263278741111,0.3727424659524973,-0.0228682090104,-0.0228282840179,9414.281775706602,5434.45793466319,1345908.39919
1.5642065945967927,313930.8119803753,2.9156495733180217,2.60584151587474,0.2107737594188942,3.833655327168791,0.2440566461257732,-0.0766470422914,-0.0702475347782,58291.57158457132,18804.54622559682,19321112.3308
8.554046431204021,207711.1846281833,2.964734491721831,2.5495696157315058,0.2280544244941573,5.731824168568314,0.05896947520387381,-0.0340958879427,-0.0293035873916,93152.63580271673,14864.765182166606,16087248.0721
1.034379303927248,315535.78114739986,2.064388993995633,1.8694061011547598,0.33397085980012936,5.322986218882224,0.34075866576524244,-0.0891158019646,-0.0887079683012,47489.942007439495,17415.777377995044,5006022.84539
3.2214148228171204,139277.16126186357,2.8849290315209037,2.8551116337941895,0.18193769924878583,3.9972605923249795,0.33436592664265585,-0.0315627989316,-0.0265231431897,31016.958449842215,6859.704103403027,13051739.7991
7.668136505368643,28567.427056492867,2.3172370135101477,1.6565571871242435,0.30275693958808947,4.807493417817245,0.0996924364084999,-0.00489687322565,-0.00451529820423,32234.06695632903,7992.891437114852,3712544.27322
3.846431347563761,343539.27233861334,1.9046136988106506,2.9740323593869884,0.3536269426721985,4.267719808718738,0.25797187113108416,-0.0725838920065,-0.0721123470484,32316.168158500248,25793.293342373592,4510378.11352
1.9170314925941216,201512.58951649928,2.553598081620898,2.790371716466197,0.3327257498980666,4.351768953553059,0.4618980250995427,-0.0465875943657,-0.0458843171865,21478.8947504384,11789.256363155482,7097039.73652
4.242105269203851,109164.8410490602,2.4883527098622857,2.531847968218613,0.2658180040773091,3.323904277749885,0.14228817438738883,-0.0221393562658,-0.0212432487556,30941.966719277454,157.45296923060786,5928906.07533
3.4335395774607296,194361.33964682024,2.9836879786631,2.908124832419749,0.33985603212702237,3.848338418499587,0.2574944395853497,-0.0408634054898,-0.0391617249962,60566.37740438418,34910.89977753221,7859433.78678
8.584407119444993,29568.12086864695,1.897570931113925,2.5834667524855615,0.48558033399059675,2.312485723158977,0.2574964333402342,-0.00498934924612,-0.00498471374961,10640.266312659545,36251.35670942192,2276252.07171
3.8201312582662883,570265.340454062,2.508089253992603,1.785685495545069,0.2221060915019816,3.42939476665837,0.41484266066643727,-0.128314567833,-0.12279333002,138753.823659742,65712.12105573456,21952761.5182
8.100392245984064,348688.7489839563,1.5780356325441702,2.163234207169218,0.37919097543790126,4.783314061448608,0.42105914164825003,-0.0639477796111,-0.0638339256293,10569.760858034128,20758.775433407594,3779879.48727
9.026849303296613,488861.2088082149,1.6704690580450792,1.607254536497453,0.16518884295461814,5.812864122024745,0.39167123884852634,-0.0879111999842,-0.0851741686885,51941.382131569284,10174.44061928521,16665515.3874
4.904356776188766,253870.91852863823,1.5058775624266398,2.084486133432173,0.17324574156850223,5.852256451052082,0.2144543716347232,-0.0535792142853,-0.0526530720359,15218.50088076391,5449.305408951904,7954678.12224
9.189488294689529,541988.8005397115,2.9991910215895095,2.612404529605813,0.3431398784782548,4.222891476499567,0.08241661625833405,-0.0861363801079,-0.0822212911822,231287.33264231888,103447.80808882439,18694888.7422
4.395862485668736,289990.932931352,2.7034105457212165,2.079665026396226,0.1867287131147823,4.426489007238328,0.20726733975080636,-0.0641088188516,-0.0565679794084,60922.342310594504,32320.505106230135,20946936.8809
9.676705748410974,344367.19332040165,2.6800845221003113,1.9954412632022012,0.15782137594940007,2.74288474200387,0.35590604057210284,-0.06161950068,-0.0509771520793,62265.48183909502,6796.824498460798,30798178.6335
1.8036057207301563,295076.3880375941,2.2645891129322697,2.393033583765468,0.21002954917680777,4.781232432374123,0.3662359585200844,-0.0730771669776,-0.0703511762763,71526.50235723339,6081.993895872819,13374016.54
7.183173398529185,439966.97752059094,1.9501006243581598,2.8083067934983426,0.34769720984985103,2.282635170697545,0.4842500942645236,-0.0825560044566,-0.0820942128927,59350.26998485489,35548.13790519812,8432451.52581
5.444326364112358,339993.6465612374,1.7268964266940139,1.5713747888191687,0.39616933408162636,3.138742743197778,0.25413855414966885,-0.070890620459,-0.0707620216632,31543.561207474268,8901.514764913265,3252215.66648
4.488839249100824,162959.35414823864,1.9270121082696954,2.0782056520496033,0.22086749744948297,4.673453389141769,0.33459601232313063,-0.0344939095885,-0.0336066005579,20702.551610427454,9279.879851396354,5446894.7976
6.694406908737408,87323.71879358777,2.063956832893709,1.737361112722894,0.38389080302286105,3.241240526173957,0.29263589182513927,-0.0168365328425,-0.0166949352346,25211.5546747865,5901.723379364001,2382254.16986
7.334713824708981,363674.63332978665,2.634465145470441,2.5430313760978045,0.21386671588473027,2.1993874964578173,0.11777835205095682,-0.068213370561,-0.062511913905,118515.98153089224,9120.2401494725,21671750.2026
1.0392694268527818,293507.97692822176,2.309492683354729,1.6585868406467024,0.36471009932094,5.327481637403855,0.2575411124594612,-0.0887977206939,-0.088363587111,51074.59942685565,34939.500148886706,5247794.84446
2.5025777987247886,57585.41801766777,1.616225439833224,2.497211637870367,0.29418588796352957,3.241320028538252,0.2951758196100474,-0.012763576625,-0.0127274936014,750.7264415390019,2106.1724841591376,1812723.31506
7.417414455708868,237370.47947596104,1.5270435134383684,1.929271306196861,0.3788298282667658,2.2524208994347137,0.47783732271901636,-0.0457488742879,-0.0456785844118,8705.374536232688,17332.69048725961,2630024.69196
6.997468722203858,308865.85320027213,1.6534982693010947,1.798375220605837,0.49826846336773656,2.2991526580114607,0.21494257448403026,-0.0603480415954,-0.0602952225205,5878.154856310051,10538.792948835013,2509601.95306
9.694427546158096,496135.940295354,2.115748070546069,2.904528836737478,0.4782359378313966,3.0070351951550145,0.49104459639859,-0.0812190464177,-0.0809506750553,47792.26633340443,57534.280771692545,6645664.67236
7.849340112257047,45660.633500017415,2.8997893755735276,1.5277868651189337,0.15149861524263628,2.712063788886105,0.294035033310838,-0.0101910373734,-0.0054512737214,20282.66960970415,6775.191023035536,12423839.4327
9.556954369582042,209097.20894760176,2.4561037218138324,2.1566659078343533,0.45990356752680694,5.097200471120603,0.15911115948637589,-0.0330785072679,-0.0327712710663,71669.70465966598,16076.486813836576,4339347.62676
7.322864513813263,493593.6736262312,2.7027388498132727,1.5324404886926906,0.17327177831116827,3.2867361866681377,0.1362489741571135,-0.0968461871148,-0.0858172040599,111863.20913633927,73792.55157293142,29437914.1682
3.6824698777549885,389054.3590629473,2.1995618917568227,2.2253895721564936,0.4835663051559457,5.21878314015933,0.1137627127671043,-0.0852031761433,-0.085010036834,30705.54944438278,26301.510794355363,4509803.96419
1.9482843002577082,173974.99308227206,2.042499124792564,2.2515710666916275,0.24863898768488962,2.695383991292611,0.25381979175805386,-0.0407123369283,-0.0399380281999,21719.19932442944,13132.805330924566,4439003.421
8.03641477010442,507201.0732135854,1.6626005590749342,1.9824937070921205,0.2837121906439448,3.971516718176335,0.059866893405015456,-0.0928359426087,-0.0923066646981,50075.86407101445,1307.0515978576748,7405011.63158
6.797342993283243,295976.1483376154,2.8138995332793075,1.6982426662875354,0.18207337181150474,4.752148534212515,0.2502703774916894,-0.0588072290513,-0.0513069165919,81379.2924688452,47888.260169871406,19967429.9304
1.433674111539666,299011.1347862763,2.6747400435418545,2.064581306601713,0.18929546541511835,4.60796341546342,0.4947821114701758,-0.0772933658199,-0.0710117747319,65476.200281322854,24010.261662778586,18132234.9788
4.240454193108805,585952.4035202306,1.7521771463965876,2.508394409898849,0.40435919783026186,4.404517639721075,0.35154805807502,-0.125496228965,-0.125173593821,47810.66528858195,40555.40356187836,5293479.04672
9.611198339358575,568269.901941827,2.2683908458143907,2.6735937129666887,0.48051628251190204,5.69928640772468,0.3919037545401821,-0.0918992166145,-0.0914719708904,100677.73768022151,7230.183355314631,7033864.91724
5.503610311391811,215119.61002190635,2.2310622118818673,2.2961259035822135,0.3637619732340083,2.9141005908269775,0.10355242582321815,-0.0425488871817,-0.0421399132813,55566.67927175772,8439.485990539017,4537213.7547
4.894562224177342,84347.47719784938,2.437637329029793,2.3847515916596334,0.4005475054343839,3.9748768178484215,0.2628953876705409,-0.0167047437569,-0.0165011082387,30406.21473541055,854.5374914696134,2833737.71353
5.119296446433646,195400.03936685645,2.9192803409868917,1.800924556686979,0.41668941060900366,5.5359702002896345,0.17880039546157128,-0.0392648975968,-0.0385358088575,45004.686036719526,57232.27294141089,6196350.8048
2.8799445160464736,18289.956186832824,2.3696571626437195,1.9309954998414742,0.24198499609352958,2.311575062380628,0.45234388759506317,-0.00364929814608,-0.00330214219538,10524.178403998292,1088.3164728870324,2709559.88037
4.318364537783157,12460.732026234722,2.310325900167928,1.7428434150785377,0.16583037082207522,2.223553073012301,0.13158161240626065,-0.00245156992856,-0.00146678863608,9821.065304648224,2944.505074309212,5150031.0832
4.328319303884589,237313.2817508515,1.5754843994019958,1.8739430250069171,0.150655460371709,2.9332091502331656,0.2564299972115339,-0.0516755552285,-0.0503063769192,18989.878332400036,728.7702695560748,8836152.1532
1.4711951816872517,564611.8936183405,1.5943612140270358,1.8373301703382976,0.2727272490339065,4.532084878152074,0.31462147325553697,-0.151598225685,-0.15108475146,51196.098930041306,4394.970045004274,7927403.64652
7.908108656661264,522814.40473932464,1.7810201869901834,2.2791731795868566,0.23451247986972562,3.0395185057992276,0.2813184912103397,-0.0963388393001,-0.0949858309576,63906.46153938164,8880.752044530782,13673928.2842
4.7485398871349105,306865.7003505738,1.5487061575376224,2.3440331336860942,0.17181120376721498,2.760959535235196,0.4236095875866833,-0.0652358049361,-0.0641444613236,32834.05954215779,7108.781032260141,11119380.2654
8.39961898134781,339135.8287024984,2.6150293433550185,2.9174211312322567,0.21283490237278335,3.8352092614331683,0.15415392709383818,-0.058089134065,-0.0528367441623,88098.56747631622,11337.371496356835,22178081.0292
8.653132010079059,3560.0980476338864,2.5849954559909447,1.7933559706522846,0.1935746143937817,4.454392275077646,0.21982599969066108,-0.000876032689557,0.000844669696034,22218.55869099268,2429.942176863514,8092827.57594
2.9079464922879223,129300.6935002593,1.7040843516474644,2.4625135652422436,0.4702074332160796,2.9942308280669616,0.4064379334582786,-0.0292036347306,-0.0291697309491,2662.7904065224734,3100.8189901574115,1758925.40763
6.916181339531157,14864.476160630247,2.7541183511929215,2.7258889034812843,0.19909352471070912,3.2027647468949683,0.2876321352815622,-0.00230483708111,-0.000844477447403,25953.894773859724,24320.86485783178,10909904.1816
5.250536237466836,452723.7196172325,1.732179052269168,2.3403621956745786,0.33817696239568773,4.454237219246055,0.2309528235415808,-0.0923617073138,-0.0920504506219,31981.669543432654,1579.665583882523,11468310.5695
8.921410641293367,87387.47761589865,1.9517633804960381,1.8825054787516136,0.35758708428925756,5.782953687957811,0.06324913163517418,-0.0142419071563,-0.0140987781041,24862.397674110074,3380.9909361490813,2782400.88517
2.941666112588087,521428.26148609014,1.8734653487420476,1.8938253450300002,0.3402213101980218,4.698966909752353,0.3890234408070242,-0.121809870701,-0.121362461621,29372.85280715008,30011.780589056634,6362327.09515
7.100318802790398,385994.5882054729,2.0584606478595715,1.5588795796064998,0.1846697519755958,5.13161657433824,0.4874819350850421,-0.0760701610542,-0.0726363663441,75216.80484783676,33601.11296210751,16195821.5485
6.469769100274503,137651.205909428,1.8819956488349427,1.9581663398227225,0.2615794266126929,3.467240379021875,0.3291291542698295,-0.0267941511613,-0.0263931361205,25928.188338994936,3353.692668710298,4766083.77682
3.6577132981464953,94632.19024994984,2.2334263896576783,2.61690551850507,0.16794461636210364,3.0890174375378643,0.43544354930995754,-0.0201683124158,-0.0187143155539,13682.016116721754,6674.597742419905,9118056.22281
2.2294081328605535,376574.8205538319,2.1111118220320284,1.5712766358106656,0.2884844699337106,3.81707097281049,0.2825940844377168,-0.0904157298921,-0.0896377688646,75854.21186030335,22630.74966927925,13213504.2087
6.8647578442954895,540502.1881693942,2.9798542361689897,1.8289429237572459,0.21600962594505718,5.228531314846695,0.15425643444051407,-0.103808175767,-0.0934324049448,165094.38094739342,120585.32700393,28266934.015
7.647377123190976,431016.13134862896,1.5838895251923386,2.5593487477976726,0.3465713866495329,3.8251985671622233,0.056498946905815466,-0.0789256973877,-0.0787609742618,8855.98224834307,30445.662782723783,5562079.46149
3.84064609387015,209127.99096202655,1.7132720645810275,2.6739773442343147,0.39248293784718513,5.386901635159444,0.34402922041549516,-0.0454280794791,-0.0453539284063,1673.3336454215132,77.5297805011105,2854928.63752
6.803493436200824,352430.1571611883,1.5792388408629037,2.1829776150928923,0.3362419510716472,5.955087922780509,0.2718989817117101,-0.0676622580466,-0.0675066333996,11510.677496186234,9884.485130122439,10277074.8196
4.556178168503529,186457.01722345283,2.4387617924735636,2.5471115077179736,0.3019828438139885,2.2881066629213453,0.4019441661894207,-0.0387479501981,-0.0378251838145,63165.863885865976,3783.0471813606914,6862372.08796
7.41886194954356,599489.7400671953,1.5817639161205794,2.0819282529823377,0.2855666972998423,2.1816406243348148,0.3626070878458871,-0.115164239047,-0.114666574337,48056.1261929071,10395.970093095246,8543593.25564
2.792937474046478,449303.5130771107,2.754659606064185,1.7398698675361912,0.44459211883395133,2.5983588116534473,0.4945785656929541,-0.103637435535,-0.102961552085,104612.31359778733,88874.13948330744,8052962.57748
9.01193502372557,368628.9838540522,2.2679079460228917,2.0972242402843597,0.2267788227728445,3.537478702937385,0.2796406625354179,-0.0639469060242,-0.0609278079092,82986.21508691531,14472.583535912812,16038306.5837
3.5866863681902177,253955.48565949753,2.2905114368723005,2.3699517303047144,0.40697641883510405,2.5241688365817296,0.2422286553528542,-0.0551867248264,-0.0548577840305,52906.23373553556,13956.929620128896,4102090.59336
4.310073889805376,370891.3741557344,2.342391761568291,2.9220799227793357,0.4151188136590416,5.482657910475024,0.17903286024768272,-0.075883397789,-0.0752595621818,57568.58478011505,47289.31920597022,5207538.10528
1.522827568723148,204969.63748040088,1.756220559459316,1.603126428133016,0.29672000254475706,2.092585004108255,0.2645875813060735,-0.0502795129794,-0.0500427363442,11908.049797429012,14645.324289446877,2802783.8383
2.0036099108914875,17318.90367481845,1.7965354546717314,2.2610911407674408,0.2540552097289738,3.26317086534329,0.44279216515531494,-0.00359260798518,-0.00355968499637,506.0798690987367,2705.0908807339115,1612459.5999
5.642757124410953,237053.1134139797,1.978225984309507,1.9933796673160866,0.3146895201160913,2.7387785179768214,0.06909787660628358,-0.0474973789981,-0.0470766406062,47239.31028330909,8938.26732780432,4913958.37675
3.4083340905517434,558288.4917479202,2.390244623732777,2.2624675414150417,0.18262487406244446,5.726157320630129,0.4900550212787849,-0.128452507768,-0.12194462362,111509.9002915389,12536.805500896384,30249896.0253
8.51932203167975,375780.6568643195,1.8151766639103217,1.5359631710647976,0.1660755112801815,4.677924019560112,0.4969882374385091,-0.0698306505513,-0.0669032322145,46044.26804449424,16236.740163697234,15830381.2336
1.1322404978945846,50373.42184254096,1.6744975906998918,1.9695380320523719,0.18906111980816212,5.648121025805498,0.3190196203645558,-0.0139941547083,-0.0138089291578,5946.9648239969165,2404.7749720321167,2382291.47288
4.411846438047426,530996.1680370156,2.9551753296276484,2.7298022212905075,0.21550076101177915,5.889314841241573,0.19919489166293064,-0.114843015283,-0.101843311477,128998.16897496859,54235.92624422021,36083451.027
4.0361099209218345,161324.9096049089,1.5329727222144345,2.3309126007819563,0.32646188711831503,3.988392974709477,0.1503720357449107,-0.0344117102353,-0.0344042036077,21846.148788921753,14980.77784096249,10363048.8545
1.1739486782584092,146261.69584963645,2.7040461080040323,2.1758737392241763,0.44719782265639274,2.937276432192105,0.17442067805819544,-0.0352863705066,-0.0350596178788,21027.644187462054,16509.28104166133,2704158.36716
2.119315591004592,178254.5812681925,2.682052724362533,1.9282876075730093,0.23247481619989044,2.774915144786357,0.07254744192723733,-0.0422795759814,-0.0395746038709,41732.881565414435,28739.00132255199,9632381.1203
4.722784074267717,346321.3416755745,1.945821170767644,1.947063784187034,0.4773067037613723,2.891675446743362,0.2637999313175115,-0.0734250421045,-0.0733036098024,32528.12014470255,5351.102196344912,3468238.65178
5.43578126002702,326812.856060386,1.70343992401097,2.0746521503858766,0.48421776812725115,4.834373230488012,0.07579592188898263,-0.0657767685498,-0.0657171654379,5342.701978889609,7808.88287677336,9123150.89377
4.638607725293822,294848.25277372904,1.7184429700581352,2.7533560649468405,0.4856166116958218,2.161782912492003,0.37331339664916635,-0.062072513923,-0.0620020765166,11367.696980431256,30884.291550160026,2977426.04933
5.778439105708845,430522.1181075762,2.546147425855789,2.9508198102124026,0.44314695713671326,2.2054442921308595,0.21736825498978435,-0.0835208721478,-0.0828052054677,126315.47036110128,10724.945644919882,7557266.6971
6.356185074151134,189922.6388009754,2.4642098866292605,2.1579830720255617,0.27733876427920223,4.432571769532601,0.13971412928622345,-0.0357106900346,-0.0343808156444,60378.171505131446,22052.958009298072,7806583.78224
1.0893143901505207,469238.7129434587,2.6741185113770802,2.0900292581216426,0.17543936885091807,4.568228586949626,0.2951841010262173,-0.132316941756,-0.119597275467,100858.76768492245,37977.14741904703,31817475.9576
5.176856435081535,105193.00702715947,2.906221758598657,2.7698261637297943,0.3490865561182732,4.661051697289841,0.48819168825935616,-0.0203210929754,-0.0195434598553,55749.08575587143,568.1969127558617,5891684.6639
9.671493167988295,469572.47344620555,2.537891044899888,2.1403579809544553,0.34553850537803177,3.487522018354365,0.3628089720582882,-0.0774354577976,-0.0756994022821,173158.69810743505,62336.3924542522,12826349.6133
5.671290521165939,398286.0631501697,1.7337773048271652,2.328027258443477,0.44749151848835844,5.223779554856613,0.2712860825468721,-0.0799067712549,-0.0797980321263,380.4210400682054,12838.195908487498,8944061.93055
7.097880407130579,409924.98572855187,1.865163925148116,1.8464124968981166,0.49859686783113677,4.134498350906471,0.3996114346645278,-0.0789502251086,-0.0788451317824,26259.39218133902,981.4375178282586,3687568.32926
3.8067747212519487,288932.038276356,2.763290596309672,2.6152538036686126,0.32785505729605163,2.4218625200376778,0.3818644123545449,-0.0617895731034,-0.0601120359694,97021.48377243686,35444.88114011628,9459148.90112
7.965922403374863,400200.91960851883,1.813959113751313,2.2979824774061726,0.27082141086392447,5.18839722826938,0.45128095747600716,-0.0730423656627,-0.0722918298979,63212.46606420604,7601.721958820123,9333186.79999
7.956293336885036,47878.22793567445,1.608783475431722,2.713551825360512,0.21506559904469344,5.812271145081834,0.14210102641727637,-0.00762478107139,-0.00775747633885,4048.624948936574,33698.282649059605,7079218.34454
5.69166442888725,510930.67022962036,2.5549200810633756,2.6710990950430045,0.15167993868607976,2.2401452520094347,0.43649490931642937,-0.107341180864,-0.094591955196,68845.53716632408,3844.2929163990607,37427597.8174
9.784124409512922,33328.340092587605,2.1037895332352132,1.822507152405043,0.3281897923711077,3.5654053548023197,0.18546173916876452,-0.00530559702329,-0.00507539929581,30647.58158062393,3813.624135380476,3532208.7795
2.1299519328638805,89244.90592289848,2.8800600788188553,2.5734533258366437,0.3444315333459085,3.9500641793389906,0.47344951752129366,-0.0200747698402,-0.0194953703274,16037.678768095679,10364.283382189846,4065195.88736
1.152528984006229,346073.8250983418,2.4753826066404923,2.700081611927057,0.4387284679360891,2.5858830403132678,0.1764793170260308,-0.0824229544088,-0.0820043438673,28987.97793023354,32148.112076678375,4785499.1575
7.931423905813864,443646.8732740149,1.6356284666874912,2.0191608611735927,0.3266019387624802,5.470835791131508,0.4670818444232043,-0.0824142555032,-0.082126991624,42315.09022572854,6704.606096888871,5502182.65984
8.264399836283943,45750.938607752076,2.921784850880491,1.7589136693534118,0.4707639220331198,3.136598579560176,0.483705821508836,-0.00806728679936,-0.00775850654098,64021.16788722822,38541.11644853447,3521441.57906
2.0818650620851864,552458.8884733919,1.887835895460369,1.5039482333693823,0.36982921680000236,5.13203415975264,0.11547111085565642,-0.184359025944,-0.184020084614,70216.15552166947,31191.596660690713,6221113.07844
3.390245496627455,584164.5892804192,2.0058187356094286,2.176355479639722,0.4441176833773791,4.683977928113264,0.48852494746825237,-0.131916077097,-0.131626597621,44293.00026119437,41109.68662933709,5765939.76266
1.1579712702996603,363570.1038046266,2.103390620525313,2.0286490973082625,0.20190560718271147,4.392183289868093,0.08857533579317703,-0.124980697293,-0.122129169155,74269.641308309,12911.359073808131,15469416.4141
3.639777497025082,288746.07322610193,1.57683644460647,2.3323647507381136,0.4493676456058101,2.7685713947862176,0.1483555039756349,-0.0633407010587,-0.0632772690691,4292.836805328715,11056.510079011698,4097255.36527
7.958276865268044,444836.98336784984,2.244773133345907,1.7820616388831787,0.38630034905534694,2.882814082203623,0.24987595139276203,-0.0814521233825,-0.0808324488023,98391.3525505883,45791.13655086752,7573171.11776
5.6616447494132105,197014.41139632327,1.6849777366129384,2.7894983214997127,0.20958156135341569,2.1893936189862773,0.4971188145702695,-0.0393739394801,-0.0389704908457,20124.607427465602,27029.28413509896,9403738.32045
4.132860338514593,295958.66046306386,2.1014554900325275,1.8866328234421645,0.2164172453511038,2.9628497191290655,0.2698533730244207,-0.0646469336497,-0.062761378605,48851.81469982143,19813.17201619285,9778587.42
4.345653654156973,549690.6160886408,2.0260646819881263,1.839644407631475,0.47427521666547745,3.3817744378420564,0.2976842494303186,-0.118858574862,-0.118660341068,52208.20625133629,20564.696438998566,6906509.08586
1.0121826314392135,573393.2551449202,2.659260125139755,2.221071084726534,0.1612753761576305,5.332581215449702,0.3624912272856418,-0.164766208457,-0.146765551726,145222.1130311199,33484.32395179378,40937919.5927
3.698204748087123,556241.469630711,2.7047557674490967,2.2482765356164114,0.3118872301534971,3.465570666859221,0.4857321012228281,-0.122313753974,-0.119453007859,151279.2487635341,83520.65426218514,20758287.6888
6.8181286747413745,157468.8401783041,1.730119323583632,1.8226278431776393,0.2597163514769355,5.018487131062425,0.40250813005590996,-0.03049680303,-0.0301816469482,27204.235650784383,1844.0352023422702,4400033.20171
9.767749994347215,139481.42413005803,2.0498267810688393,1.9077910900888737,0.3827771039994498,3.7577691251819503,0.15086930199066437,-0.0227648003507,-0.0225639050807,39648.04491884526,945.2346971142248,3633803.07285
8.623547442855095,178598.70355758857,2.0600297415477478,1.7545578587328674,0.4438702856491472,5.139473247975554,0.18634591879895962,-0.0308568448212,-0.0307236285754,33439.65201413798,9654.727221887186,2709175.67524
1.2123546818097621,264786.66743307613,1.7271156659041276,2.5776902674847504,0.27613234254479935,5.905086401748159,0.09393270782383598,-0.107603990446,-0.107375472345,15354.731318115724,20263.033319671515,5508201.16365
9.087045442073554,188500.44767517815,2.6976802575767858,2.655133546881123,0.299415730562993,2.9593662322303205,0.34000356387413294,-0.0312337758462,-0.029561418034,97330.83255279007,7323.518129823352,11936014.914
8.048785719687633,224527.67744343478,2.560842492503135,2.193492746188924,0.49367122457549495,5.449366447855505,0.13133313794264972,-0.0379310100651,-0.0376495451941,71263.78334448047,26684.562515751724,3944663.39191
8.023385112138824,372382.1712724557,1.785572679445552,2.5711305340275263,0.42437077838772097,4.487296345223099,0.16583219981571456,-0.0658516257144,-0.0657114105905,12268.826846853122,28297.251052793825,4178437.29114
5.121961831032143,457515.40625638556,2.0500828628906986,2.6039030879061684,0.4640214458261269,5.269177046354619,0.4496511448311697,-0.0935316907927,-0.0932558270588,45863.17173767121,38450.171788790256,4305608.99951
4.582047636590525,441334.9189607502,1.6587075372847713,1.7074132915167128,0.30356677722807035,4.606343609071221,0.19704005389940688,-0.0946892677696,-0.0942847914149,36489.53013792399,30033.423291166353,6403478.11055
3.7262415594987335,488654.1402474912,2.442309895639566,2.949267037251805,0.23192667139444031,3.6957980290966006,0.30499102325937516,-0.104627468064,-0.101143989143,33350.268735878235,22870.13232605759,18595775.1409
1.591253730589292,19310.6419292413,1.6820578868229294,2.7315479206446467,0.29415221288525806,2.9122997577671614,0.22890470395512968,-0.00400653271079,-0.00402671375505,2501.838035897608,5002.848416831977,1545205.82965
3.0541182714432917,28640.273807253645,2.9789012529373764,1.8067251917937353,0.4006321712410297,2.28014090132466,0.0833140793326611,-0.0060845676015,-0.00583098745984,28918.091637429057,18061.41546662358,2238735.40094
3.2194327148022217,473629.7764131776,2.6710231120317935,1.7792475536191055,0.18830064169259275,4.1420734578428675,0.2132887234535173,-0.112001301795,-0.101729936949,85547.25388264006,57351.60758265026,31821977.5314
5.356693627391814,319847.29339477915,2.0853578243759925,1.6884917183693742,0.24466418696577807,5.961304378107462,0.23363069136616887,-0.0662736563304,-0.0646783828273,45201.62400949191,35520.683514052005,9860996.39931
7.726999659370246,346884.4042572722,2.3678458984190316,1.7075678438128776,0.16632256516155663,4.952167220056825,0.4530654958601832,-0.0668377814704,-0.0604536749887,76784.52442486638,21225.681308098265,20850940.5114
5.26428845558152,31552.11612862625,2.867012724324613,2.6222426985430443,0.30132170841834605,3.3093821655960665,0.1960027941408528,-0.00552440628571,-0.00487396961938,28477.127866648956,11268.651570740498,5167928.46991
1.5206000450244455,153188.28070276254,2.3311489205937392,2.204481385427435,0.4396060075928646,5.3088192003469405,0.22065850389293057,-0.0430670160778,-0.0429194819747,26861.495028532983,3882.2895271186517,2352866.45393
9.620108208893836,383012.58293128666,1.7617477295969328,2.6744012591098008,0.15863229090430378,5.075936000705626,0.4023035459025505,-0.0642919224553,-0.0616622940261,52419.51739867102,20022.413630999046,24176505.291
9.48451887184701,515509.1340664057,2.068055033371739,2.6193823415253084,0.3863632343825081,3.126543173413827,0.3915304930452191,-0.086016801944,-0.0854981132316,74925.6074965039,27200.309688535486,8786535.03442
8.066705888335676,550190.0383088415,2.7647172975446184,2.4069190702578327,0.4763735560798088,2.0572299591769387,0.40922837449182087,-0.0979461805011,-0.0969637912104,211835.14787822892,77289.89441407476,10053104.0071
9.921951114077984,300251.697501049,2.466319523984427,2.5295499098680194,0.2329247515289138,2.4726505541357984,0.4791968330342018,-0.0496438001294,-0.0463050980815,87988.77297482907,8512.909526487732,18680643.1047
5.900340995202367,327284.53964291856,2.4760865765007005,1.5275335865687127,0.3927721942546768,5.50922476124823,0.40800087427765286,-0.0659678681958,-0.0654189618016,74215.74054345577,63538.85244487499,6980340.40475
9.664915152278855,499829.7786413945,2.8002322285327335,1.9676664702075328,0.4912856653850701,5.346252141219487,0.23342369144805092,-0.079277566917,-0.0785121268901,170218.8111354315,111892.07484924456,9097775.16201
1.680445365550757,322574.7604484128,2.840959586193757,2.4567332688891153,0.48679732105336204,3.1808360035134498,0.41967883260414135,-0.0756494517905,-0.0751607258111,54858.8802636167,48214.57380858043,5300383.67855
4.291126734352342,310115.1153223904,2.879688857669154,1.5140174302293663,0.23222521756020015,3.1407817051376816,0.27890358444047225,-0.0685071772437,-0.0639785010845,86416.56275278938,83927.71043792494,16359320.7538
3.0284314120608924,543050.4226565722,1.6422737898797342,1.54946541552389,0.18511586862422402,5.171459948409884,0.17497131463335439,-0.140526696179,-0.138347466919,78089.44792291967,16980.71369852496,14970057.8036
2.7624977572084304,473959.63263352803,2.3161890029446512,2.7778319737055748,0.20189888826357058,5.750949879581688,0.18631268065895557,-0.113916146497,-0.108128234324,131326.9545554047,6049.580251399948,25867907.4046
2.267226540034085,545443.5158167768,2.610764281827478,2.5260372925381076,0.3957124839687497,5.1165490271904,0.15072907485352927,-0.134914758714,-0.133600921612,166988.92391172776,37042.07294749753,12841332.2455
6.60172277409397,130948.23286869228,2.6353902676905205,1.898054599680516,0.4040156064086464,4.4223147081230465,0.11524683101888904,-0.0241351570158,-0.0237187811586,61981.08468530054,28676.433139772475,4220347.1149
8.031896701725746,314625.29199321405,2.410074302955006,2.5319442601780633,0.38598279656986967,2.970685401327218,0.13302068533414266,-0.0548804308035,-0.0542023137353,98415.04611820883,6425.446713854534,7326449.24634
6.204685594783246,505483.27715601475,1.7501810027755114,2.688685003708895,0.2676274357097833,4.102991656381043,0.07843012247921873,-0.0972496365321,-0.0963361169763,69088.60706348925,4009.299118622395,8678488.37147
2.322664386293887,66688.69648026537,2.6961308309124963,1.960191424665152,0.20942192891534273,2.9340474343730585,0.44980288921957384,-0.015554502463,-0.0140011003999,10196.520854563589,8154.74879600382,5396007.30437
8.300113929401238,476797.2925763771,2.580167000272419,1.5540560662487812,0.35326638218328854,5.2320456803870945,0.46895351434210547,-0.0858566480533,-0.0843819365128,139050.80271852796,117571.65932064329,12541061.7254
6.723592364473556,109784.03004892168,1.6292036573235544,2.899168687031602,0.3192881560152533,3.547844318070949,0.314046676622253,-0.0203508402813,-0.0203874809716,13007.666842959543,44518.69055408157,4768605.83349
4.493491355142959,484871.2529911927,2.1957147370115644,2.0177697574434457,0.4050919514928062,5.334788867976105,0.42822030047390824,-0.103961504382,-0.103434416706,49136.48750645932,54991.24998103185,6241423.30286
7.067172659824567,367200.56253412087,1.7609660992827054,1.6597226449270597,0.3044760275399675,3.526436871930901,0.13260699619391622,-0.0703585835588,-0.0699577648253,45707.65628580399,13905.225910882158,5693950.77041
3.3391448131854955,115941.59489092029,2.006215568569458,2.2377853070897213,0.2685238931402639,5.296597620799565,0.4557532213521433,-0.0259537395953,-0.0256174951828,8278.639832579576,2426.233073768018,5812586.80568
4.106729876447894,284012.5075996807,1.5271216383085282,2.6527016934962004,0.252717502075655,3.333271260660968,0.27786270183372874,-0.0605011078826,-0.0602111901779,17333.806086985598,11130.736857444519,5383327.41264
9.257372588187913,409143.09987646295,2.1004948026161374,1.8324709719263388,0.22401461201741127,3.7605308184706794,0.08022424667249979,-0.0697921454999,-0.0673232240139,78149.62994267822,26593.17244605205,14450371.4332
3.6145405510427837,380311.74053012545,2.324815381734316,1.904235075200045,0.24301123166533148,4.46195367737063,0.1135907350223721,-0.0844915136823,-0.0816168813224,63682.38158334332,48870.96699074452,13770872.7013
5.229894413421429,256348.31773902263,2.4293738892406305,1.8640724801978747,0.18319065359543546,2.2811504561196747,0.1890394073540677,-0.0544683093949,-0.0501751977265,65661.40485067367,21861.77841011815,15179805.9356
9.011270236564132,539619.9173525561,2.4952355176930654,2.9875095792475173,0.27139995382511134,5.792828247261857,0.06960091115963815,-0.0854961508681,-0.0816670164284,146252.05374534798,30329.208532790177,18110458.6337
7.369492152407747,311558.04869270656,2.75443696965369,1.7961056005958138,0.16279943432703536,4.294423144495212,0.18918202010784962,-0.0606533897639,-0.0514980168202,71813.38425759043,22966.412985722738,23693681.5127
1.5598290354823248,303520.379117213,1.823194360913595,2.363280325449186,0.21524484650821438,4.031280058763209,0.0769686949035013,-0.076934215748,-0.0760511710067,38082.091508245845,17534.067931876994,10240732.9535
2.325727398510733,37350.353964872564,1.680722733657702,2.8878969624854465,0.41136965561680017,5.357575884479648,0.15621242233677135,-0.0088468245654,-0.00886102143271,11270.24331841273,23340.90541627255,1637050.19469
1.0705743169472512,553272.2338785823,2.7773057578468885,1.7203448533166688,0.2639141460368179,5.46305091958731,0.16955139013539872,-0.189348661329,-0.183900797642,165850.95718267202,110477.37432365587,23807993.7138
6.678296112062471,106269.9412070238,1.7349192223389749,2.95628129680155,0.38388295594207034,4.089041618116064,0.49746603936505723,-0.0198805911076,-0.0198902162714,17095.388519729244,47103.442011715844,3792766.51416
5.029060828693765,317006.81606193254,2.9621401220042927,2.9212158515934368,0.40090946145904705,5.709049303174549,0.155996003193649,-0.0611097882719,-0.0594084641018,102675.5677465176,75445.45696689394,8078296.36253
2.2084736581204796,482140.5608401861,2.7638073440979554,2.826857980587394,0.3534148699562397,2.2589510643059225,0.15763390202236116,-0.109558341973,-0.107227945075,111763.42385726851,74452.3388056027,10854116.7024
9.621407089510933,129271.96617338598,2.2513149088343987,1.8218347819950034,0.48554420947788945,2.45290316900487,0.35905503576127323,-0.0218255748538,-0.0216869419539,41910.26359213846,13444.512237839963,2828378.62139
5.766937515510579,316423.9739825047,2.9721321373830376,2.4510825840164747,0.15750395331808964,4.38715292005776,0.4367108653324034,-0.0665748826439,-0.0551328565175,49706.354846222355,5166.437333857613,26603876.8955
3.1770396470160027,144410.9455340045,1.6460650936620063,2.6413372094418603,0.40852842770584974,3.4162634471743347,0.22417493567093894,-0.0316845973748,-0.0316251137543,6426.297736401159,3902.1875117707746,1579314.37544
5.505432140392368,455816.99867994705,1.9545986417626524,2.9790418922946444,0.48557532537914283,3.8569006647567954,0.4440281089733116,-0.0909431538526,-0.0907570487708,18192.346330378557,29475.710797896103,5185044.29846
7.11658299461597,338604.7007238904,2.4573366225609172,1.7706357331220557,0.45179510527352873,3.312316871588666,0.2030639093364907,-0.0634859861703,-0.0630843128569,87324.76148521883,50054.74862465659,5536923.27129
1.6861529617620803,513585.5162370861,2.0250103027097683,2.649038849278945,0.20876244213175466,3.6189012457797425,0.1386571458267587,-0.122625118014,-0.120077449119,41169.96279881971,4511.140174681076,19454734.2259
3.472334335431028,536734.8017264297,2.892558827971188,2.0082017548906697,0.2643871071881062,5.290585388585198,0.1983374709474756,-0.122125513968,-0.115683423904,81240.30576590021,83052.66316862452,26762079.1582
8.262689417955944,389240.08946723887,1.5984391322667264,1.7634396983520035,0.2103581439567629,4.373904799417218,0.3242103682675966,-0.071651476373,-0.0707186158095,49946.66016534027,1723.8193173772515,9513487.47588
5.136983833623951,435234.7476953667,2.3241177480914468,2.1320654118207827,0.3604579273351464,5.989378197133993,0.2152144216904332,-0.0887672419081,-0.0877791083508,71259.24796528649,60950.766055654436,7579980.71682
5.919194278290654,329532.0599321182,2.3862994010926717,2.6907538682229246,0.3992657936928223,5.147516791283852,0.35280221179517995,-0.0633370996042,-0.062786177065,56276.747631595914,10322.72168063489,8521365.48062
4.895344019885224,230657.23984042974,2.479092185665836,2.197274705556078,0.26097581927707036,3.0946650164073066,0.1566211457401171,-0.0473537868087,-0.0455616741183,50241.67570515719,22077.12314117367,9061154.94216
1.395099483787046,388870.75381250074,1.8834993349977216,2.3062846503045726,0.3388273008945034,3.057380470906785,0.36544680229511695,-0.0944064341555,-0.0940976591414,20971.72014980348,13130.314697615084,5472425.70484
2.4917480183814034,544973.1740923973,2.0468496412797967,2.992739115300182,0.39182219952491826,3.3435930804680285,0.20634726346180998,-0.122558051546,-0.121851099381,69717.53948538464,59864.82752625587,5503349.41021
5.009874748677018,250008.22825886277,2.7655207944974665,2.0986639493361388,0.2974689358138669,5.373037922590971,0.25514076722087053,-0.0510492055837,-0.0487703793853,49711.41409815936,50446.5285326115,11403303.1944
2.8826691886713505,188646.01582427722,1.7924141534552398,2.42310113206386,0.44890543565941077,2.1091506026022624,0.30098531319930316,-0.0427255850765,-0.0426685458935,798.7776399318163,11758.439045756119,4546708.55654
1.4498112579371085,233062.16313154445,2.740301770760043,2.0478663024230577,0.42004247735073597,2.920725115485031,0.3588012514336971,-0.0560217863071,-0.0555475130603,38093.180569913246,34014.68375849256,5021454.54054
8.592846976466413,261238.57812695976,2.3439831343541133,2.0891784694930573,0.17263294034769971,5.619673681377067,0.15742116133193018,-0.0456049539765,-0.0409410904849,48249.67806032902,7405.618826584625,17207982.5173
9.830732762477043,44136.617386629725,2.6432812667911234,2.543461130168112,0.36739385468179014,4.559585744333008,0.4261754918348647,-0.00662025492985,-0.00621406068095,48698.42565123792,22673.4536292034,5407551.10131
8.138285865970655,299065.1042609966,2.570411049395207,2.9068304641423253,0.23236394283591236,2.9073883820042257,0.3748292373898579,-0.0528355607908,-0.0491955451765,87118.33563726136,18376.32889615768,19175705.9309
8.684064295342004,296588.5488300358,1.8112672430773185,2.313538425738482,0.3451313926335463,2.8765798729303214,0.15534406356079977,-0.0518194987541,-0.0515900726362,33434.168270117014,24921.85426995823,5439060.84719
3.1777941728534085,353066.2965843139,2.353219104650809,2.6525998934231696,0.48491095492153813,5.450472407037722,0.48873855317130965,-0.0789196989972,-0.0786657664224,29332.609202388154,26500.191237338495,4335558.37329
9.645642779618798,217692.0182827989,2.8015847292076383,1.6338098382254458,0.4576717015932875,5.575030033108186,0.34915864596370627,-0.0353684908002,-0.0348431320739,108824.36341235676,82134.64455074207,6404134.37191
2.7723313400808554,367864.5575733538,2.148174355202894,1.8167370561478904,0.2915807410902961,3.024524363848461,0.25359209891001755,-0.0849680429359,-0.0838462093523,39071.84635617724,42835.07526740732,8028080.12982
9.562868293256491,526929.7861645218,2.9498861553349753,2.2531974613792984,0.25202985042052367,3.682041432306129,0.12088729649908236,-0.0866310893269,-0.0786581479862,219747.87742302055,86498.7001408991,27960738.6922
9.95337364569356,573282.5942970986,2.178322650152577,1.5300175854431621,0.23204201054289064,5.338382954513269,0.28994945103865916,-0.0959307349397,-0.0925770859767,139308.25478582768,75483.24024237313,19694087.0911
7.405505251714438,350167.3296846298,1.714178455001827,1.8792824681438383,0.336380204414782,5.084029754439541,0.12414914907220319,-0.0648068565542,-0.0645566525509,38446.60425461948,5565.902334078669,4200201.00186
9.830293586126396,25554.572382187856,2.08415202011651,2.276101934737449,0.1899869586403197,5.255664426264338,0.24327125541402972,-0.00376001101452,-0.00306839438459,16420.452285092306,19814.427034332988,9761941.94372
6.125858016103933,581541.5983602654,2.9275536095858055,1.522441797384451,0.34224625284488697,4.073592763151876,0.2339206352327835,-0.114593812052,-0.111753422133,214726.0868181421,191968.41118980665,19092498.5178
3.335876048584813,423517.2365377537,1.9795812740097813,1.8968194293390626,0.1504667738217772,5.6461961932206925,0.37397283995635705,-0.102153605189,-0.0959832336232,58771.36993955951,10872.548715200415,22560758.0807
4.932962970990587,201578.18913219127,2.802147239800594,2.2710462292138045,0.2633473707610457,3.303806175817741,0.13657243155091242,-0.0409817748774,-0.0385314511716,68888.9444985065,31774.634934261503,10642180.3737
6.342048418409074,88294.62057823403,2.8218760225228348,2.3597238719718687,0.22697700984070343,2.626688537390072,0.4198421096918806,-0.0172256956575,-0.0149079216426,51928.7156231968,2937.8988852142397,10592975.2828
1.6577340582431348,86051.16734176497,2.0252797864979417,2.8886275395829584,0.4899265764862737,4.83492933025946,0.19675954715727462,-0.0211865715162,-0.0211649578627,4602.063552834783,19436.4724073647,1525992.19107
6.601089381555215,100646.64368376163,1.624886487075948,2.468018434875912,0.4045348118494926,4.1574176640275855,0.2497948821359488,-0.0190813706486,-0.0190647396944,8644.333570446206,28597.278104831163,2231058.11362
9.83060053086065,27343.512968292183,2.5868368637382275,2.1221037037949904,0.27237868316178315,5.4183430752379245,0.3975534389992291,-0.00425750438141,-0.00334185090348,46105.41044221352,7168.783948515459,6899970.57655
2.7109688480535485,541292.5131917469,1.967268448520979,2.8955267656996018,0.18249578028571717,2.32463699649886,0.33142657987108165,-0.123345337922,-0.119389296709,74506.33810099876,4948.223678974437,18814263.9842
8.13335604659545,324460.9396964018,2.6743854213863587,2.6773244750816914,0.33088020814171837,5.374769613752267,0.1886114083108718,-0.0543811012678,-0.0526009709058,114836.4604532643,27261.038401700935,10948082.2092
9.171089144016575,419975.64762830234,2.1639822723906494,1.8000133816691215,0.2247067584641148,3.173178612835289,0.22379131604564645,-0.0732418935072,-0.070379876311,86344.11906825587,27544.22611616157,16078800.7087
9.493314335381987,496865.10556098446,2.2279001135139325,1.6962635420232297,0.3377503410644252,4.6194226686727315,0.18760406629532456,-0.082925782947,-0.0819006868051,124769.86358965718,56568.45859718868,10212563.1492
9.641220439649025,474924.6037999201,2.6668641101228054,2.5137174536140994,0.44237682396261235,2.160515156313023,0.31764657527472073,-0.0774489832045,-0.0764554475903,182239.79803417248,40803.80015180051,10263095.491
5.693136748493248,529563.3742373049,2.073544996592442,2.3398247483654755,0.3655273932354849,4.438325185214403,0.1996810399430779,-0.104656197131,-0.103999876954,80956.15991607813,34220.43311950224,6966674.48997
9.795771171923533,580352.7735149711,2.1646910179843717,2.6845104206891337,0.37182594684075077,4.869086756749343,0.3765639626524134,-0.0937183597303,-0.0928938181429,105022.04451533766,12878.101816935467,10548326.4754
7.81579186420995,263442.3688451637,2.0642857031544333,2.60820757511803,0.33936060117198397,3.475000858022481,0.31090422136267676,-0.047094623014,-0.0466885942629,49323.38194711477,22616.134217353898,6791370.62576
2.455042926132657,570201.2800010343,2.05101077291592,2.4378173007862727,0.4745429714209932,2.861642821048561,0.11556797528637905,-0.130839989364,-0.130489278091,71573.6507227925,61967.87402995148,6006368.48084
5.29210095821173,433973.9690056898,2.288919865352189,2.979573257443338,0.4761659395472111,4.15052270641418,0.1896208784059471,-0.0846813392521,-0.0843264008354,57202.8865433252,7308.793394032237,6291659.08059
7.464980578348036,42400.91418484708,2.713199166751726,2.300384595165613,0.32945312037574326,5.3327632177425865,0.1496513488595701,-0.00696936176658,-0.00639919665038,43694.235721574274,1301.2379183420223,4817188.4329
3.22606284237175,409069.87272740726,2.042652467883849,1.6696586347525797,0.25701582050022653,3.2941894331866033,0.2256409456481684,-0.0932853666513,-0.091837997724,51609.97905535437,41848.77941370411,9154378.99307
6.765536651939986,412029.9957629092,2.286382080806605,2.7424103472239825,0.31085545205780535,3.0098771900851182,0.2821928387942134,-0.07727845103,-0.075920124844,95693.54426244173,2673.816786918604,11035186.3428
6.999404311419573,543516.3382755163,2.5060909881639013,1.8777800435185634,0.21529526926846548,3.1157412345507507,0.2780432857778494,-0.105768668746,-0.0993222736391,122550.33858200886,71213.57604284567,23374695.3159
2.464297694277093,223759.27948205522,1.9041591694554825,2.6659532222158777,0.37272051036133125,5.796528611666657,0.38953565445348004,-0.0537048769807,-0.0535556778835,18791.044028754244,17417.590281309193,3664445.86458
6.085767812074806,350946.9001630907,1.9162842073535888,2.935660644000077,0.3250323175237816,3.4371076630582387,0.1351273386207692,-0.0668700703075,-0.0664234286763,47149.15985742072,17084.128270350728,6828456.96355
7.944642198807469,7312.530607045509,2.900119690535182,2.5451932709465117,0.18615516723464795,2.0144169595531487,0.47591277318385106,-0.001430330957,0.000917536227255,30398.83837573665,19194.26985100797,12485945.4094
5.490060980823477,199245.14530880158,2.585301859996633,2.3940452414247018,0.21917672339186536,5.126724831838478,0.2042802980969759,-0.0394513130534,-0.0365951892309,60619.18502892418,14897.98214838677,11376097.838
1.1089280509849668,37346.23569526856,2.3657800143349634,2.1905792635125607,0.31787118466983433,4.797099181341561,0.18511198111226235,-0.0103369493893,-0.0101885122306,10443.704302868295,710.6040928063188,1735103.66452
1.0813462217136296,313123.7836589382,2.471580081630918,2.046614798993105,0.4606561467516004,2.5142730584118755,0.3583303601810989,-0.0768814188951,-0.0766139126134,32813.06171320471,32249.727385939885,4389613.17524
4.21326409573011,490468.59030417196,1.5439491646551275,2.029507126457754,0.34823675222088407,5.93961699653965,0.4124824829073781,-0.109323302716,-0.109156208748,15113.340477099346,11903.13239669956,6212202.36609
9.335746615886038,123865.61527744138,2.427154448342545,2.454559058564386,0.38853725007296475,4.432249141220445,0.22031229416614406,-0.019729335602,-0.019376895126,54138.47170338366,11286.214019084275,5002980.74496
3.058091016432479,316464.6273346671,2.264263309836303,2.626909675406619,0.2686599924103684,4.003117963762406,0.3860811387022897,-0.0704843027579,-0.0688034504612,49055.834455495504,27640.684219058083,8230019.36877
6.709273199845184,122405.18190646023,2.3186245196691537,2.5177756042266215,0.34999398756548195,3.528877070491564,0.4476811802612246,-0.0228287921172,-0.0224772797974,42812.07143260915,13333.905305465865,4770305.69564
2.998682836239885,72413.08070774426,2.0391357402462256,1.797615151790344,0.3065829379233236,5.594691022254551,0.3950616493431308,-0.0172868953787,-0.0170952963903,20253.847030480294,3121.8263101665348,2250201.43013
3.8950299069359375,306598.0751606055,1.6222108465694127,2.240980770215237,0.3806954694181062,2.975853925674253,0.06538841850687485,-0.066293638757,-0.0661721757059,11054.701509444478,47.23393419749299,5081083.33743
8.632378806413357,47489.17256983658,1.7900088504180782,2.6874601082745944,0.1677014481276536,3.1430756008796075,0.4223160101147847,-0.00761715600397,-0.00741297423472,7803.581908925676,22035.206703008585,12006917.2465
7.559752980429522,352412.7786827936,2.9261170698190075,2.2135561172835843,0.3226550756836357,2.4896432267462676,0.3985164313044653,-0.0648448921287,-0.0619393037878,153670.43718813462,77502.11193775212,14588754.7793
1.8585934958188957,18802.476406035763,2.113049343406401,2.304934919603241,0.25359741880038844,5.036476382337041,0.3511806071689337,-0.00413906655653,-0.00403036017476,6088.329195483174,5900.674891599949,1990463.29095
4.858318188877902,64028.98312102532,2.200024733746296,2.6567040722562334,0.26416477144726824,4.382197121623413,0.39201008858955655,-0.0123922437466,-0.0120888555134,13580.856404791419,16645.586067125827,4836958.92701
1.26252787280738,329998.4912924147,1.5790646847801586,2.491897959397637,0.48632110104532145,4.436264677017993,0.4907414281243725,-0.0828956747234,-0.0828477607968,21172.49658968207,26308.741954682995,5592990.32751
5.328011319427081,354844.44773934834,1.5563493443159708,2.114017381323589,0.21394318444898397,2.8738817240778545,0.24400079951825737,-0.0735424295765,-0.0728279714091,39598.12524372044,3353.425294083723,7720338.61956
6.9619061053096125,17392.158056254848,2.5757721705701364,2.8431190667913286,0.2589358384025089,4.604673556508335,0.08025045572956901,-0.00221863052906,-0.0017666728472,18357.865268418627,30770.35761244485,7135439.12854
2.066523612383364,344026.0728009351,2.307141996181667,1.7438506029952179,0.3284624015058051,5.061833788987456,0.25740048633247253,-0.0913619355192,-0.0905126944141,85571.00045875862,44278.27967947771,7658706.91728
3.5999644501824912,503101.5151941822,2.2630589763244,2.9932746728854873,0.4520594318523683,3.431554122902757,0.07089514492597157,-0.106978585287,-0.10658741594,29877.08963115094,18758.157262599583,20825217.7952
4.580529629519413,433389.70637637237,1.864686795634003,1.6782788677143559,0.29583452912222963,5.2053885758468486,0.1824126836398075,-0.0930435459732,-0.0923319982086,44417.214578859595,40682.21968266946,6637881.58577
9.275779221904447,78711.06235247917,2.617126097444883,1.5224249566563584,0.41035284831085983,3.3951623541280838,0.31409590630854156,-0.0133573545445,-0.0129878467183,63626.33931253077,45077.12454232826,4499866.36659
9.939295138806676,355484.78853816894,1.7523548686627377,2.835028351723147,0.44973093437518086,5.032553846037151,0.18933030181677035,-0.0567236429907,-0.056642838904,17369.52558332003,66145.39728324278,4903356.04065
1.4042016909605426,403351.50004452805,1.78490211549153,1.867430262548934,0.2585057245376471,2.134920429830876,0.3584278606592924,-0.099187252545,-0.0984088904816,32220.727681020642,25358.510847032598,6350716.01264
7.849071311458529,22338.721051375065,2.191068257022413,2.5945494411700816,0.28746256423854843,4.204658405894611,0.4198938474585745,-0.00338576096446,-0.00325048562927,11884.949747199158,27978.39682439571,5203812.66633
4.3455165976210886,513208.6012101736,1.9294197931679113,2.716523062398104,0.2747946782909247,5.8781062425595465,0.23919763067579158,-0.10868979613,-0.107487370779,46873.380712699065,19597.428218991376,10822428.4319
4.5321236760653205,543760.4383738982,1.8711944718497195,2.788479586548175,0.4414995330162723,5.924978402729563,0.4550620780818516,-0.1150139471,-0.114763748,25867.283306194677,27283.948603829005,5365662.08041
7.788384760123204,510271.36401735514,2.4678564668299976,2.98739135349625,0.1655214016837604,3.1270103133669624,0.0859275191076801,-0.0929929988675,-0.0828061638207,106505.08783164115,10222.858668639949,36800741.1798
9.265837889308678,494778.8807934679,2.476457617827817,1.9410595650599987,0.257947381090038,3.765596364321422,0.4280509238902024,-0.0853829572237,-0.0815488634195,134121.21209390662,66751.13954723757,19142269.8536
9.558357350522936,446979.119076536,2.736775604699894,2.5653650128908887,0.38779299515829546,2.251911631946532,0.42285791544768453,-0.0732929415397,-0.0716556180243,196857.5717475393,38531.29181933025,12694721.1112
6.194103274344887,380059.21876917605,2.1265628504594636,1.6730997874212423,0.3479052248478699,5.493365230418399,0.19489725334704422,-0.0744544607414,-0.0739372477878,65764.50890767509,36451.97718190503,6431230.52585
4.214090433704525,407176.20299295115,1.6096276365392255,2.110213937035274,0.302701275752793,4.274288612560857,0.18442183420607677,-0.0875459528525,-0.0871489185292,34313.784116753835,25709.63370756237,4022646.37144
8.087941772729014,483837.17600098986,1.9104995773821865,2.7719575399688856,0.3389818795274845,3.540402715762068,0.1872927415190807,-0.0853224394453,-0.0848252823837,60423.06250970055,32114.052119551998,8726448.64418
3.2590124493607022,397499.0750167828,2.9700081947952253,2.0514870690886626,0.21915460503991138,2.4510822339566123,0.41512717055498494,-0.0914535319104,-0.0842748326141,94441.99844585841,64482.51626104769,21241209.7148
6.07666625950166,196636.1740092426,2.394387862849053,2.386643070803421,0.30075081756280364,5.787069141987557,0.4242440694245878,-0.0380154641599,-0.0371628529665,44584.22750295943,7093.298686883142,7338057.65883
4.227206153723858,225576.66129681235,2.5646056272015305,2.255660165586951,0.3255960444617222,4.120876191283974,0.19837510647245044,-0.0471539211534,-0.0462036132336,55473.30288206187,32821.19383896676,6681634.39056
6.909679663370885,538234.4810233753,1.5110367444381219,2.4689272966680678,0.4654161926841106,3.1317117163316155,0.3166656563500078,-0.104084835689,-0.103991159168,27800.965544826686,42028.69780513262,4716173.41838
3.163590216041562,10273.251478297141,2.2773085982737813,2.9593415840815425,0.2412923069813917,3.400860520526038,0.11251995324820453,-0.00108058995927,-0.00100717248266,1002.9736308076718,4523.770336050738,4080010.20902
2.7243365116134317,419292.34874656925,1.5562929862977046,1.5836032897521033,0.4537399757577264,3.0827887236885907,0.26095043222645997,-0.0986114586354,-0.0985419888752,21201.495191512768,25393.23564065933,3706810.00254
9.264151780078933,572866.5314551293,2.353845318137172,2.3609422762524446,0.37548449028909364,4.407239235427923,0.49945678288499223,-0.0966087017314,-0.0954529489356,143609.68961232973,32325.083700290565,11318214.3037
1.916233146545832,423736.9019747842,2.881156274454113,2.7945431688754274,0.15711929087366033,5.719854303122039,0.12147761646781109,-0.13558640617,-0.110956251264,118721.82833702595,8792.06920502543,49045914.726
5.5536211696143845,596347.1929390692,2.9526286957506116,2.2220740676226414,0.40362096791478774,5.426775213306257,0.4764031879820265,-0.118899050836,-0.116819364177,228104.41254276573,145857.18169345448,14215324.2588
2.9876750466670803,412526.9433169985,2.310829013083386,1.6177907789123593,0.16244315714216928,3.84152350170391,0.4209146248842535,-0.0990345148838,-0.0917720022668,24635.919871852035,32582.994512109082,23949701.4473
1.350369669931007,20617.817530116645,2.187307207878324,2.3408090286251566,0.4990833943848345,5.305997449204032,0.4874965929258215,-0.00530075870958,-0.00528482043101,2875.5775508881547,4796.622924559486,561766.308406
1.3241693646228376,496205.92898815416,2.917525641372741,1.9981108362357307,0.4554228406919192,3.6924219251053194,0.13081044227473987,-0.129649399915,-0.128608662438,171624.85422704613,107595.33349584964,10814611.312
2.576995948952446,170777.94716359145,2.5104147479950427,1.7324126780069038,0.25407031163901594,3.009228563034552,0.1460833206995139,-0.0396760088582,-0.0381033121553,34896.40870755702,28271.886864219898,7461662.25245
8.800933190554002,267634.3353986646,1.5973489193076142,2.7735517699252092,0.24009393056884687,5.9336604610657115,0.05759023178068641,-0.0443732371946,-0.044135562212,11973.034408916765,34707.91632392951,8809261.52698
3.54230869579324,187255.14954424923,2.1985883665012462,2.2823992694866826,0.2835043787369631,3.2155502718832873,0.37611581581202247,-0.0409214004122,-0.0402991598079,30624.8191439754,6184.218347417745,5521562.59396
9.554132535177661,161132.46372580767,1.860367527696456,2.8999146185685998,0.27465843786005506,3.2948969239476336,0.3398426120462835,-0.0260563823077,-0.0259529321702,11132.380367265156,47720.337618540565,9086352.7859
6.234600636902742,258843.42220187123,2.2047064821730222,2.7090247569046033,0.28031823643488335,5.958771471146089,0.13012944724612946,-0.0478381169204,-0.0468850212993,46508.42994593422,8642.379894422042,7526252.91805
4.929527707918895,227250.86906440425,2.183198358009543,2.539457690660501,0.26139679114181813,2.5357099726626195,0.40601523449393234,-0.0468626753897,-0.0457993997698,39170.09723358319,2904.988377052004,8234771.60084
6.220799512025091,380003.14910555363,2.373217204222113,1.507538255047968,0.36739669239691597,5.04213595203878,0.18463797775927643,-0.0742218826646,-0.0735712775969,87649.96091210416,68271.00147196084,7352939.59335
5.65028546703641,487890.72059250635,2.035155735523877,2.141735184957375,0.2074922823022184,5.743251033930906,0.11074800619878583,-0.0980722617459,-0.0940856040438,70919.31147524918,46811.00585379877,19139846.5452
7.828986283815927,178253.19191234445,1.746405674183892,1.7962294224780484,0.44609345235610454,4.047179977101674,0.24015319925870665,-0.0328774079622,-0.032815682229,15518.886172869708,5626.163225038216,1938050.1367
3.5424645937556702,128232.69169321045,2.2555791518849344,2.8661968665733015,0.4343408694109603,2.01008704681128,0.09093643179208524,-0.0270688396851,-0.0269432429837,19297.662474448003,12879.489954645282,2697052.25201
4.177453524402722,400137.1625222054,2.745304326518643,1.7618759770145405,0.31676912274934466,3.500235776452425,0.16845964532296098,-0.0859507899538,-0.0838907220441,127857.96913154163,98058.0911720955,12736836.8962
9.046848722799256,402192.039498469,2.4960183421014035,1.9290900774889281,0.4484554878474917,2.4462759695393084,0.21710001129230577,-0.0689662272789,-0.0683975685962,113617.04723885114,59035.06196648348,7364881.5416
9.518108618353649,540678.7435717031,2.0075517988878238,2.2752551516017485,0.23650077451060264,3.664750643734783,0.43333887853136743,-0.092066015977,-0.0897412733368,115576.59553438764,609.6111003295933,17389494.2635
9.033024047378271,9567.41187198651,2.903284534138286,1.8950454284971188,0.15614790949638843,5.160107046569139,0.40664693358194964,-0.00280533998271,0.000979333060266,19481.921328392687,5842.8866241569995,12780476.2996
4.775031945615822,511824.397269906,2.8683113568737735,1.8147970159186817,0.36672277376043805,3.754846195535202,0.2492394285877782,-0.106578248757,-0.104631643467,176714.78551644113,119025.59375860386,13921835.9445
8.023289527061936,312601.30376901414,1.8140225990761483,2.398648987654129,0.31026829243765036,3.72770048538369,0.3760587759885744,-0.05653365345,-0.0561836196064,40762.44873826892,18794.59330205996,6868514.6912
5.287021599709889,372781.25350325933,1.5591263776805444,1.6333942841325357,0.3485075912035547,4.2271579076753865,0.30589233628055224,-0.0783514158354,-0.0782083764754,21314.529215829865,5426.074784627137,4670637.56868
5.477858669314919,54822.86433684886,2.6119630625261436,1.587251638081387,0.46476879315644104,4.32676233899072,0.20337883478513064,-0.0109231012825,-0.0107827005905,30521.01310916433,22363.424491454105,2234067.1006
2.8421209815155555,259568.9597232274,2.74141539202373,2.058367942779107,0.4894739507480802,5.425185235195885,0.3766434545728782,-0.0608165554151,-0.0604509923542,87302.01260678079,40558.87501945604,4663698.29913
6.320172729326648,136381.44434311427,2.951796848927033,2.5809966817617935,0.372058598914461,3.233421756915806,0.3575746195098701,-0.0254178405247,-0.0244671136224,77453.26109951637,15252.997897264713,6617387.93892
2.6752230797801313,152535.01804950545,2.834754591132466,2.332210137410922,0.41741945644835343,5.286685057472064,0.3285924989871209,-0.0350274122981,-0.0345624511163,65889.70613720223,18435.227925323717,4300664.47722
3.984082291604744,302457.06880561647,2.4008021523096224,2.134314702700168,0.17933295172050748,4.263734994768189,0.32807998446946274,-0.0676184902518,-0.0618650335559,48950.78945382346,24904.860801310646,16963256.2337
8.695271814579417,487473.5702418674,2.2950785088185714,2.3486273463368734,0.20625045471202696,3.202118198868588,0.35734189654713955,-0.0865169342863,-0.0814769167103,98445.82392106294,8346.714843585256,24238348.3601
2.863682282897697,446268.55808691366,1.5417615768938795,2.0481772269799103,0.40662168173354174,3.1805041760243085,0.2230454806891422,-0.102645564343,-0.102501139574,28583.416466196304,28415.085086202427,3928667.40845
1.6404245665608954,354599.9754515723,1.8699846702671667,2.9042195031481692,0.30097790973580063,3.444550068422898,0.44108411678046605,-0.0835554005243,-0.0831216411156,18835.520928719885,6270.121707639838,6490890.75789
1.6210683335153466,323650.9156520802,2.1894221275993897,1.5823573363661616,0.306087844641542,4.490772970479902,0.12303853047340738,-0.10101422738,-0.100238704201,59785.90152649991,37840.78973085754,7361196.40431
9.46706068452797,256383.62594069398,2.4427558501253515,2.510087218544753,0.2580126885724028,2.9232469254397966,0.44774845845761935,-0.0428451971853,-0.0407055281575,97231.8573391246,9327.095714502906,14020371.5425
5.562283941656512,583625.9841368318,2.335877749977616,2.836923997241626,0.3625747342172103,5.68133424668907,0.20402682936439748,-0.113137676863,-0.111565698181,114329.28833993497,79609.0678971323,9276787.68869
4.684708646353165,336115.53254054,2.613953984522536,2.70582706310288,0.2148077658956709,4.2996503367116015,0.10626422702388014,-0.0687967997822,-0.0638891852427,74399.3759637685,24390.435102845415,15477916.0781
8.297907229071265,152379.83898733326,1.9196503963305613,1.77606155223217,0.3694206977598634,5.680063107984028,0.32001233120560846,-0.027196122908,-0.0270301959118,32253.86599702867,3353.7528407502255,2974814.38062
8.522433351194644,138054.47522402374,2.34742891147871,1.9438895234704325,0.2108295999973339,2.185617434316619,0.21919400108168235,-0.0249383011302,-0.0228240561809,56204.89665415257,3035.65869082624,11220930.0466
3.9897192980404412,366811.81846508506,1.632213365086188,2.575571908060657,0.17233911214839975,3.3704454818458935,0.41697487719658366,-0.0797245381373,-0.0781632497226,27452.579713243682,4558.639128030542,12706096.2684
7.242562517264157,313696.51638655725,2.1204982853748104,1.6264058387711482,0.26562519104467136,2.0912306427504923,0.2438534608379453,-0.0605759131652,-0.0593297838943,68422.25000294844,35911.35031800483,9744772.28279
7.940105342666979,4618.681772827671,2.6252412494319017,2.717792549748876,0.23089911970344668,3.0890072603918792,0.3508531365029494,-0.000212115525703,0.000550994977637,21717.746196834705,32613.74927129837,9123013.59502
6.891856181793591,498039.2233174676,2.540101280143566,2.578360416907185,0.4611470734947163,5.448025889074353,0.18871609527717148,-0.0897896620188,-0.0891249244953,125141.56097913411,53286.72897470993,7712467.87683
2.3643556732008943,422473.41253946075,2.9859641057582684,2.594409973853014,0.1692337088540193,2.1464388633688034,0.14425356876140305,-0.102976637672,-0.0886963878266,111957.30292467847,18469.34919665349,31979758.7793
8.882947751653514,397097.5738068621,1.916836688981634,1.6503620554013871,0.21181479240094298,3.7445883996629794,0.2246220639269707,-0.0705727572263,-0.0685981648424,78557.09995875959,22957.26396154988,12987267.338
5.851850974624078,41268.394618595376,2.247283948760969,2.5766408172243462,0.3420518619540673,2.470268281892911,0.3230635255710951,-0.00759090376104,-0.00745923167472,16426.407883042804,19904.64534781288,3480070.27154
3.542251837330033,217233.51010349486,1.9942956206609952,2.5197271878299548,0.31837351679661574,3.667362637041471,0.3456260326451083,-0.0471384623317,-0.0467231872344,21261.322467046375,14103.473717664327,4017960.845
4.827053668939245,561229.3564396717,2.160904671088762,2.746383736232776,0.16604820643114554,5.355406337057509,0.31019299938410827,-0.119148877466,-0.109772061009,76021.06003781199,28215.930163609893,30746191.6722
1.3381398135901663,517553.54480481823,2.7854251948040822,1.5623939343847042,0.15253834980530057,4.4922841336100765,0.494625073380849,-0.143311479074,-0.124765033965,88322.44427166558,57175.52972776506,39043426.633
2.150801211001758,171325.76272172006,2.52631361278273,1.5346660027016883,0.49582377968640245,4.947025381325693,0.3609905839228244,-0.0436538888817,-0.0435147273186,43204.62163305305,32990.69459895837,2536832.02242
7.8899207546427474,94235.33045948323,2.8236617870213725,2.059510649817841,0.38059214512559336,3.396416461798324,0.469183832418613,-0.0167718342395,-0.0160981416682,75806.26040661817,24505.55550702954,5366152.93135
1.0001047127982954,269452.7743011463,1.8052666624978297,1.7231824257737294,0.2778921458155449,5.7775907800405655,0.10306993770282853,-0.120554095163,-0.120193991945,31203.051911530536,7907.273091185011,4735825.30303
4.749092456340629,213498.22720059654,2.810041676762157,2.3375767163553327,0.31465128668213443,4.837048375118,0.07761781841606549,-0.0426922669645,-0.0408278381675,49528.689154236294,43786.222109033355,7998235.44195
5.702591629770296,409335.82602359465,1.5896434112675766,2.8760233522601233,0.24329254215900042,3.6871952771381236,0.18994761590537917,-0.0807533771369,-0.0801832297571,29382.3873157012,16540.83088628026,8964886.59013
1.4917097800087507,579860.8860505918,2.8328989206557287,2.0872195955010238,0.2707058242926234,3.7058592009082196,0.11146502226939078,-0.146642433939,-0.140835799507,188378.59443657435,95327.51815812325,24321610.4162
9.757703466750996,217800.86998953688,1.9936106691910918,2.767425565908906,0.37716556354387487,5.674736711773191,0.2866408377027205,-0.0345130183584,-0.0343466170314,21802.316459734826,39421.84646005466,5616482.33722
3.0351279812470473,37334.5035913452,1.9718814501210997,1.5003613117767998,0.4589841296035797,4.305618773741568,0.28354156408547543,-0.00880568158673,-0.00877939670476,4609.489342642162,4956.367541241933,677340.018765
3.7377884767265277,538568.4050054312,2.268132865047996,1.7527719651887763,0.2144455080784147,4.825516839612167,0.30877122489977754,-0.122127321127,-0.117504252426,75315.07015366208,48904.245132754346,20809851.7601
3.735482610295246,22769.838143922483,2.911035281584848,1.5456353094811284,0.44412652688486154,3.668140898052683,0.3853525463739827,-0.00489316876186,-0.00473529806277,26577.91425117748,23680.706872034036,1836488.59923
3.073749959056149,571659.5382919998,1.571672047022108,1.992220770772603,0.19254482033139417,2.8947710590588565,0.48709836509554394,-0.132280231198,-0.130894799116,31394.284936875873,11741.623806857342,12287950.1463
1.0132643987768026,398747.6568054239,2.028346462606118,2.862284393544754,0.2252472782559369,4.894237167977675,0.4452164111476159,-0.100876696158,-0.0992927931605,52007.15437322334,10865.931118072707,14072843.9447
7.564103146791967,565013.5250651694,2.7848579830250033,1.6454281853984816,0.16301135081737608,4.431295088565552,0.10326525780901172,-0.108595058605,-0.0938067096825,84305.31922740384,74716.99910811034,36337495.637
9.701609498193568,119795.81198938696,2.0940817161532,2.4096146651157007,0.1992841517325498,4.005371521699118,0.2023311599467958,-0.0193130480937,-0.0181107035168,28592.583190476336,25272.766263710713,12048623.7469
3.0186413495654056,24419.877152284575,1.7987353463956004,2.1772439086791664,0.4710561009124177,4.496083759977855,0.16512036127161886,-0.00554945914003,-0.00554009904926,1267.931544808651,1988.3569394036183,674825.618498
6.967424726230802,292925.9869658951,2.137191271997118,2.9077023185487185,0.3108035613164325,2.8331423442569346,0.12956781100090675,-0.0535489517958,-0.0528746932115,61373.058231501585,21212.471319931596,8635019.07812
7.677066942628436,270374.04874207516,2.0783287522375042,1.6837787138056408,0.17718305162242373,5.175754826127825,0.295126194495103,-0.0508769582992,-0.047911288161,43869.95536048914,13632.208297558906,12906632.1251
8.635828411814723,198895.3639529297,2.873124302200055,1.8180417757533434,0.48590439331363644,5.792651220081224,0.29896898091472873,-0.0334750562342,-0.0330331585181,91729.0208852366,67747.04989559102,5304477.2638
4.803662773122483,574593.8846332185,2.642901563614646,1.54431295291724,0.45764730771552753,5.5644125766708115,0.1522601725496276,-0.120627019042,-0.119928982955,95163.05684458032,111657.49788563653,9934915.10815
3.726378150763863,493550.2392968593,2.2576733336160095,2.150902874447061,0.41413888230384943,3.2857429812280685,0.37035376263800845,-0.108446033552,-0.107988711083,70373.50379573484,31334.78013093073,12262102.7604
3.92765620620728,396949.212825356,2.9825558500823566,1.9167493493469814,0.4767154771816452,3.6240230931283035,0.37981143462627737,-0.085577904134,-0.0848362937252,138261.010403725,102154.40665048268,7727710.23125
7.413591997886615,97714.97498269663,2.197916296913885,2.804858900835481,0.22704529729251743,5.233609199190244,0.059440997675269995,-0.016170549046,-0.0154405065583,22559.004710635712,23005.35635035805,8933776.92425
8.351015198550725,440594.0449311148,1.5873567462304128,2.4074112197966326,0.44272925255353024,4.380468523298415,0.22809096667504247,-0.0786594319112,-0.078566786963,9180.403991788548,40166.22266850251,3759462.32013
2.6345257098094237,436207.47281983437,1.8934114827224773,2.4211361069635524,0.39149691872400716,4.191657774706597,0.45056328854072947,-0.100773759318,-0.100514229457,26811.158307370384,19416.97892805735,4722975.59157
4.338469073419887,255040.90416960447,2.154105720328969,2.2978660453219537,0.4544157373486909,5.706567870133781,0.2841433737097272,-0.0542121488387,-0.0540395686612,23565.905046749962,18484.405152829433,3201095.26642
9.11746177074235,554871.5458284082,1.73535393621918,1.6377755058438015,0.4289190480099204,4.144099843908203,0.20643251064754742,-0.0974317093101,-0.097269986839,44022.3471409991,6365.4819775941405,4418192.8161
8.260241677252653,100186.72933740627,2.9213476894860646,2.167528025588033,0.27127327211188873,4.0597547183492395,0.16415426821780857,-0.017281902963,-0.0151969750428,76134.86766122618,14413.661740340742,9693602.53322
9.863725624862283,160402.53744699858,2.6502733467266597,2.999257784562775,0.4210394879560394,2.1680743650654386,0.15950953396322703,-0.0247359261785,-0.0243003989897,70380.63701639425,42455.47106978501,6993656.31781
7.788234337138727,37934.60355038018,1.902430800641659,2.7528439362690222,0.2418597060447116,2.2776678343605505,0.09489561523286286,-0.00606941212509,-0.00609584709987,3639.4374309514715,40379.087736809954,7398579.19768
4.5387568092513,477270.5749065525,2.3862068002768737,2.8401885812506737,0.2650072570598192,2.0296812315226007,0.41775188859189144,-0.100356875905,-0.0974518924424,113315.98225550946,14552.149818588516,16442312.8624
6.31574050595174,373055.63165723835,2.582173735664358,2.7348395388697493,0.18776700102804164,5.652976903134535,0.08899583242737705,-0.0705364017389,-0.0635024063433,69506.73673884475,19711.74168184235,18919111.0132
6.949128288225882,188964.18340874973,2.911918393360197,1.654562540146474,0.47727681559316404,3.6335466400708025,0.1815326446378171,-0.0351095115379,-0.034678284656,85080.95949938342,73701.27341593987,5178506.4282
1.7061023468541157,98288.19815658922,2.8224530237631162,1.8411723810971994,0.25185117719009853,3.87424550453365,0.07055408235485895,-0.0268135593466,-0.0251564349624,50295.029243819336,26200.980509303296,6666734.16001
5.900472631934786,24088.662017244224,2.2727883392073203,1.5046824770346143,0.3322178628100081,5.381547790369848,0.4016239563756652,-0.00470313659944,-0.00450418280037,20257.338563895093,10723.125529553678,2271468.85757
7.383887456253486,100047.34117556196,2.6619789296895267,1.9552651873171671,0.28696649276316744,4.436985241503112,0.06767765700205572,-0.0176326636683,-0.0164603010745,52509.168237687125,21201.834221884073,6773715.30471
2.505891736009543,271970.7878025949,2.3432171307413774,1.6629111035197388,0.4859748422042255,4.438006385562325,0.1887354967406938,-0.066232565431,-0.0660573141893,55118.908043787495,29770.025503377165,4931396.72278
8.025685456830015,148306.1814063637,2.32905583506831,2.2091900179523742,0.26726720982846885,3.18613771741925,0.3079838165389988,-0.026466010462,-0.0253996664556,49869.46621830476,1499.9074262301913,8507503.9857
6.253955024627005,155389.30645918002,1.6721129375072878,2.5156912328608527,0.42249103749794115,5.335633495698077,0.23430261213204973,-0.0297903366261,-0.0297501887639,5664.277046839838,23571.3236670269,2188438.69166
9.569996071278352,525345.8200006286,1.689206487024228,2.8117579425571155,0.449395654120913,2.663319904157975,0.1770219802620952,-0.087875445681,-0.0877559721351,24173.588728943858,79119.08768639076,6074125.80775
1.3818006838620254,309082.60407666035,2.294300422533686,2.6238257476363476,0.30246227411833804,2.2125983686917916,0.17383508259239375,-0.0732654654323,-0.0720919432069,45648.215112501195,32406.473187803058,6272343.11265
3.3879352379992027,437551.1838770488,1.90329231746851,2.9078783936677577,0.2823601350585259,2.766413430074129,0.4090056377028122,-0.0959274982808,-0.0951208490337,51926.17542100057,2881.9753439687006,12258650.2718
6.413984913698417,21426.569416885854,1.531555353690703,1.5808474355906832,0.4117110373264198,3.0709488750982588,0.4882901427892603,-0.00430203556126,-0.0042854618679,3745.3397542438674,4944.486126449889,807574.203461
3.669039209853376,219098.01340681722,2.584258805850318,1.5182697531248122,0.4695135931071819,3.129244231416827,0.206618481701957,-0.048515970474,-0.0483013597616,51638.309776056,39839.04652873698,4648269.54695
7.42981747664118,287501.6084372651,1.5487298950352475,2.492007170754319,0.41422610657528336,4.68205439447507,0.06761548112405744,-0.0524066553815,-0.0523442428776,9393.09559525794,27427.09805913846,2934580.91419
7.831047542697379,111850.11312611082,2.392915261656082,1.9340286153333692,0.22949422795715296,2.871298349314574,0.0664546000590988,-0.0202170311073,-0.0186577629858,41241.756414629686,6139.275164460145,8943397.65212
1.9226436765982702,72114.9248673232,2.3087906911909717,1.8802515241586597,0.4609077116031969,4.706633217979938,0.39164603684482313,-0.0180375741643,-0.0179672877415,18238.42516569176,6039.346118733614,1279392.16449
5.624690177860909,522182.2670999055,2.9532220358667067,1.9963306315406915,0.28565358360289156,2.364528692935199,0.29856641972410713,-0.106653953914,-0.101332182848,189492.03799919446,111529.1401256378,21137533.2308
5.580015000319503,563658.9762598779,2.2263197090214626,1.9046940868385462,0.35168029412227697,2.588809844391636,0.4026166958377987,-0.116053789405,-0.115049185057,132782.1656154267,61627.331073791225,9767155.13875
4.3235269319398695,47284.01882724444,1.595402154566696,2.2671546094523807,0.4410024667524488,4.03528579396398,0.36387365462985866,-0.0100162480243,-0.0100095202431,7427.150552622931,15191.47183329297,1072446.20689
9.396323763127048,209411.22752546586,2.3275319517096924,2.1602226708361987,0.21593816859017226,5.68758321030657,0.4583778571694284,-0.0355392950145,-0.0330706053814,71272.77413676213,931.094275306992,13373428.8243
8.44755687885899,574971.3768866842,2.761644255924152,2.2686428270649843,0.4245785474871435,5.438270355244455,0.4486209309709806,-0.0990838450556,-0.097636990178,198130.27446200323,95839.7607106456,11985958.5475
7.274884437186731,49897.039879478936,2.99527392642216,2.5090704172506544,0.3586569792687371,5.875013769771213,0.40474732802952984,-0.00845322167796,-0.00776020878712,55504.212339738384,305.35744476144333,5353345.13468
7.428939721614978,386184.8237272357,2.145514760533609,2.0806957634567222,0.46266957463966285,4.601916261112684,0.2638351220189647,-0.0709413006519,-0.0706960515249,64467.22215119665,14753.631705300386,4277145.07333
5.1554452943180715,583332.8225802033,1.9804481137451138,1.8769615307132352,0.21018964064524004,4.7032594656643685,0.1886568834217336,-0.121614761383,-0.118619953601,91575.98837093468,40659.75946709696,16060815.158
9.288950689869182,586934.2011488248,2.859979945427998,1.7493008052131183,0.29723878296432493,4.500091995725969,0.27816205435008795,-0.0987947610725,-0.0940413354855,206065.69988764334,163531.3227526257,23174065.9038
7.251358845279569,282733.99854224594,1.786863193614182,2.0242111792989386,0.4414950825033931,4.491275691432789,0.27593222329392064,-0.0531950569449,-0.0530944121446,19109.26236226786,8102.968516413063,2721306.29333
7.560829554902348,97649.46466942836,2.42314337254939,2.612709712869258,0.15673109620986606,2.5884813802703386,0.32462399700020195,-0.0182835358422,-0.0151457622497,33192.49557849444,14364.898205721276,16596542.2657
8.755218134086107,121250.5889864633,2.1085716362714217,2.6350573651672042,0.189270478367975,4.174955824655715,0.13374390550230686,-0.0200327401986,-0.0187606587231,32460.912610136682,26661.375235422063,13060177.7971
3.4666443040797192,533760.8370746368,1.5616235474333329,2.5003580800263157,0.4966978244648571,3.544271733806903,0.34502894620024493,-0.118764106871,-0.118656844741,15407.359403463803,27447.25721311972,5858634.53159
8.263638134800328,547009.8025978416,2.0209327114585465,1.8510422629603118,0.24813796250662268,3.7701488631091737,0.2554704158926171,-0.0992564743896,-0.097211860592,116010.90769028733,31800.6846226543,14271848.763
2.7571654266084282,364727.7863241329,1.897842783754012,2.3821293687820466,0.4914401178033837,4.09440229223695,0.3290921743733866,-0.0835583890317,-0.0834499288872,15282.786166575292,19560.092948703925,3623929.02714
4.1080775702039904,459705.8396819468,2.5291367309152304,2.356034492365272,0.21388604285303586,2.5135846872090064,0.15782217031379556,-0.0998021553232,-0.094160636992,117575.31682347173,42518.82026957896,19233297.5316
4.020494088428585,443958.7508822449,2.923185746537877,2.2263992971645883,0.27638305505256744,3.4379509354084794,0.24547770224480975,-0.0956916022335,-0.0910769747879,142311.61302055337,81001.75718730617,17457736.4874
9.806729215502266,397092.9587934642,1.9020707810679567,2.324968479575796,0.41350430557624973,2.2537982435064143,0.14459054650363412,-0.0660500578755,-0.0658287527926,37076.11737621024,27343.742567960002,5294107.11755
8.708835013731342,496366.17292316345,2.7171989087275223,2.237685948935502,0.38022244253336246,5.918672521689596,0.44388732054056074,-0.0845156825579,-0.0827882518364,196815.9282445962,89103.15590243264,12384131.5332
7.310528754312338,411243.97382419265,1.5830397254076143,2.3481845491111626,0.35339283997516946,2.4741121152805046,0.2695824702686919,-0.0781084893438,-0.0779514696441,12849.509049764885,31616.78806322998,5045339.45306
7.5435108545385114,320401.3834484996,2.3071815150597197,2.573258931931693,0.3354647115317526,3.034098954179818,0.15124163700821547,-0.0574478576277,-0.0565617721521,91665.97720010798,1274.4847448487776,8483880.60739
6.05865514962314,142173.81755289406,1.6058250955648419,1.6644422916051596,0.4452041552826591,5.565171706813588,0.06854391308369584,-0.0279144551419,-0.0278857666374,844.5887227654629,4125.048170035288,2065844.26669
9.523816003976671,446332.8864711714,2.901049486695959,2.6244386282235355,0.23223199699168745,3.9308401849565673,0.35408239909409384,-0.0743470010238,-0.066284903345,179485.1726421156,22862.050238100812,27985693.5357
5.466328775941254,284062.7207029647,2.6495269208360854,1.7038292251913913,0.30486482444773144,2.542548806082521,0.14659012129539006,-0.058079638408,-0.0563905956339,106622.26520997028,69996.52677346702,9965798.87311
4.424659388829051,176875.0104045056,2.4869248668068886,1.599941997615562,0.20440830225476003,3.5369221521573957,0.4953119865434502,-0.0389947465518,-0.0365084153364,49528.297808242234,27118.698535237116,10375079.4778
2.467318032384319,481167.7654450652,2.7358445724369966,2.9641195293322014,0.3585795585057465,2.4634719767655433,0.29016516803682724,-0.107715562139,-0.106047347119,67017.7840199838,47247.32014341927,11126502.5463
8.075850870349523,418028.160211817,2.4712796933552448,2.935487653305662,0.23769054849496205,2.800863988338007,0.18003964831161445,-0.0734753419703,-0.0695138746462,107219.38897730362,11952.895384698682,20971954.7874
7.609995388680323,562403.73787482,2.9534165957614364,1.5906548174108461,0.26684472252018504,2.20811938779938,0.3459548452066836,-0.107134018714,-0.100487918393,228972.6054031706,169391.5691478077,28552746.4518
4.459195346717214,99264.98401132664,2.5709369217971574,2.164880162212443,0.31493775081823483,3.7529099781963997,0.1738489655471385,-0.0202019508211,-0.0195958780098,40495.997809637636,12093.705627071393,4445499.70073
1.2267407256330642,389513.5707818959,2.8869879143733703,1.7793674074496622,0.15936970499609474,5.226544486901039,0.4191234322593859,-0.111846524793,-0.0960542038249,80836.34224656095,44369.396142612015,32803385.9192
8.550975949462096,146543.68085290559,2.275697838015957,2.2280173457016272,0.18217827757229316,4.343876714799582,0.18870622291847383,-0.025542381509,-0.0230223288696,35478.936205541526,9815.425177517482,13103195.7286
1.1027618510866626,542149.791180985,1.675596619472794,2.7452658644993813,0.3900752272478768,4.425381221938447,0.49471147957815914,-0.13531992047,-0.135160470579,4971.188148252907,40102.24332498078,11647119.9203
7.333298016661459,59699.64855396941,2.2922665821345256,2.9259176621143355,0.30013949325112754,2.8023361203329613,0.32231515345038214,-0.0101383046835,-0.00993565096737,16660.846806691512,41269.23236490055,6629121.13646
9.732313987534514,393697.0838669263,1.69030924209464,2.451378980177306,0.4526765776999634,3.375575373009466,0.4299850170241985,-0.0662101520377,-0.0661132548457,5627.938248233029,44563.70521380919,4106339.07767
4.938951953333831,474651.43291681795,2.3887402187646076,2.0308585008177253,0.39313520127546975,5.380968415363328,0.08276696131029,-0.0967847075824,-0.0958465639089,90218.86254867997,85117.8930326779,8410454.46329
3.114760644963575,212950.7042188243,2.2237395907914945,2.4049883484668975,0.15283532957656285,2.351424737306058,0.2067347378237847,-0.0482591445357,-0.0447692070752,31354.897767169106,81.82745405492943,13449619.2326
7.343839090390436,572482.8476302855,2.433863096749173,1.9680019591626756,0.36584931576849716,5.431722614674134,0.38186918877476733,-0.106225954101,-0.104923181423,162467.93819866667,86695.12507153179,11450378.7722
8.354153278140267,510438.41075162234,1.5150704715822474,2.8647354612480904,0.18280370312090075,3.9347601050591425,0.3447765578032622,-0.0909534396137,-0.089875446609,40867.27530448569,37386.18948715252,19888291.9065
5.917872844700626,176770.97981094202,1.7922607374830462,2.8056006946587555,0.42332661292667295,5.348589725300469,0.137409404645191,-0.0334779943971,-0.0334208321178,7016.65250170675,23935.85202377269,3573664.81363
9.703317477305315,4524.655629599206,2.2369956478681963,2.3373476254194916,0.49702769089747567,3.2720256775776013,0.21029131872936946,-0.000543699035991,-0.000495936344428,13947.897699161875,23093.165579250915,2015418.62974
1.46501849492165,177994.3056708365,2.9257553423837024,1.987198373070541,0.335919577984529,3.355371806332083,0.16854953336939343,-0.0429130298144,-0.0418659583939,28257.577107788835,29381.814870079936,5929349.67692
5.543160384740753,168786.28228244552,2.0754135605327377,1.9400845133744675,0.3889728250679456,5.006419473292571,0.3260165763928293,-0.0340181925793,-0.0338485579483,24955.956835318575,5468.831569258581,4139514.30006
7.466085525902951,533978.7645005455,2.1365580390804517,1.550126992057589,0.23305995631316304,5.139984693568881,0.20505570325644873,-0.100192498152,-0.0974475468382,112973.64002680428,68802.09174266101,15564461.4268
8.76376424034261,580272.7069528485,2.5720441335099333,2.7237312765379427,0.30315921031382775,2.918578711960587,0.18907440890015742,-0.0983019701652,-0.0950015211042,177363.12324531822,31716.845545165776,19108664.9284
2.6133005071701105,42263.99158215621,2.405689135929177,2.175574819558512,0.4496333662827343,5.891485299287622,0.14332009119635378,-0.01173658137,-0.0116620196619,16526.808902909062,59.91010116446342,1297503.88965
8.200031335873133,282776.89711999,1.9483892251475,1.9876993926003967,0.2085980317111879,2.337960416979316,0.23406220441159176,-0.0518313589539,-0.0501755731895,60753.34316913646,541.2364966527454,12082776.5214
5.974363681466907,328999.19911787746,2.1162245933511414,2.206665532496631,0.24293746196481672,2.2740118524085235,0.1379761655884491,-0.0656170751626,-0.0639439115196,79961.33756971468,12367.114792559702,11233924.2555
4.568983137909669,55746.99679782198,1.8265496982858487,2.728106985681978,0.30590178635011056,4.382016861144411,0.48315631431993455,-0.0110843043166,-0.0110890992855,5550.818025338663,24937.41321101207,3180636.54863
2.185435257211842,226498.62548251354,2.9490321886953126,1.6869213115612818,0.39928711214540485,4.890963071086485,0.11952581517288653,-0.0654294465432,-0.0645871578252,100696.22875242995,76912.01819091065,6993508.56593
8.787661830180213,190249.45043577038,1.6959515723360397,2.786483982362741,0.2815593841784858,5.843544516899895,0.46098712173144935,-0.0324390166612,-0.032350001311,5126.669039586674,45742.687788397365,7191634.25776
2.415458873617438,321633.81259625236,2.0577551768496294,2.846263252662531,0.4747062979240513,3.6197831231954463,0.24281289417046187,-0.0727986320233,-0.0726147712582,23508.949055344474,26962.16198320914,3139756.84218
3.7880907328818934,396714.5398391628,1.5387584583300167,2.920061872550832,0.18305996794405172,2.1011656359585325,0.22003969620277491,-0.0859459421131,-0.0847753720573,31015.118481089263,10098.574239949003,12092655.3382
3.610409787661932,422091.06629794,1.8326692379003195,2.096231988633942,0.2797814691406966,4.411585357785627,0.15409391040718198,-0.0932079737272,-0.0923250150336,31841.456201848105,36056.569408942996,6555321.86675
8.842726307717689,82053.01416803252,2.6707067075702327,1.8257106060565078,0.39813394319994766,3.1587840823950875,0.3360903504653836,-0.0140354132147,-0.0135744890161,60336.62032994931,30637.773001512203,4666272.31281
7.054326947880082,487768.62116677285,1.8017628484333192,2.060461227700048,0.22909536798152236,3.731788484781609,0.35848760675487634,-0.0940144405221,-0.092541361596,79592.94282501917,7159.827290937246,12016213.7185
8.170132574722352,407125.2178744554,1.6200951037934483,1.999368144347105,0.37974459698038554,3.953877928999741,0.26040693301358786,-0.0743573939078,-0.0742104668073,24368.111141295612,13026.273101674955,4006291.55491
3.254211089132491,533444.9500480318,2.2116797697667847,1.76423086875429,0.20747593537957107,2.2580504429521353,0.07506810306204087,-0.122464619337,-0.118477284196,97806.48368047779,48595.53987260463,17792831.2312
6.6238668964629905,269601.63566126046,1.5149538521017778,2.410900005152232,0.16959309970159023,3.943927138256411,0.46332956780984746,-0.0526268208904,-0.051814437742,19856.002151869874,13301.611091924131,12184220.954
6.145713848293738,536333.8576333149,1.6271492316394998,2.2149362407629436,0.1923555008620271,3.705278667217259,0.49114810979437146,-0.108469255469,-0.1066980984,66762.01741535665,3189.3993831822845,14995825.4929
8.495473391094439,519464.47341364523,2.7114388043444624,2.798551488486005,0.4754946740969471,4.850177061146373,0.24396953684532574,-0.0858882881967,-0.0850007692467,177516.679597309,41394.09115870995,9030318.21847
9.154783544331345,263045.59941556177,2.6572100172894095,1.5481643707230874,0.34311280902884295,4.5826636448493785,0.3261473633341972,-0.0447509951906,-0.0435161329846,104508.60113888983,81855.12617195472,9729334.13744
1.1094109432964814,228685.98917578717,2.872708230607344,2.4658018913326893,0.42872102141787716,2.740862872602244,0.25263438180968606,-0.054562915683,-0.0540239804909,38724.92473944789,29589.347012484297,4936078.2345
7.066179271529134,559687.208982154,2.7817731538661246,2.644423317767342,0.2664290753167679,2.824555672841588,0.19484584289875428,-0.10419110805,-0.0981930538731,181553.3328932512,57643.809069539486,23970564.3743
1.4665221920775613,429098.8407230626,2.524763344859727,2.6392298537824606,0.3574305267599063,3.004024715097493,0.08479345678601344,-0.101236258636,-0.100092945295,58679.60242336273,36637.64794825605,8504834.39364
5.939727985696203,556947.2078628454,1.5784992859509943,2.8291109506432877,0.32323324679674703,2.7158017611887093,0.2552304786787845,-0.110644013395,-0.110348029852,19624.795795123006,39220.758080664156,7766875.00984
3.588694561393104,478184.8673374878,2.6742729269799863,2.593550614244241,0.4810082857908029,4.628852798673869,0.41827305036175316,-0.103305479081,-0.102595175377,88814.96073311432,79242.44027292142,6625409.00786
3.760989395699271,365578.4635748486,2.768266216260841,2.8917150924715447,0.41165112261893855,5.977720716801082,0.05766415748960161,-0.0769207791999,-0.0760238682774,63038.69121046431,26251.451315222672,8997704.33067
4.176626531071209,69511.6662022587,2.6986232186579318,1.998984899731337,0.40568992102380264,4.608433362063746,0.31194845743110006,-0.0144952461241,-0.0142017128267,21787.09634502804,17868.30285162276,2988896.37896
6.591632041446491,174888.40354745908,2.2627185529620393,2.2548141251273144,0.16622364430199782,4.426726184765165,0.44634744892701,-0.0344115557151,-0.0312409329474,41679.564342060155,5415.265430046567,14110495.5058
4.006449691018923,581305.4442590349,1.8493527579742226,1.521119494924336,0.34238438415129185,3.63971173340429,0.1478972435064611,-0.128648467571,-0.128279113831,48389.85216494928,32986.28743130566,12281098.8708
7.594291455312524,191653.2592285227,2.76799496353309,1.5104363809549368,0.31344700886563515,3.250321035439043,0.13246513911007798,-0.0352229166902,-0.0337497267589,98671.82054978392,64590.309491461456,9291609.60107
4.640746470164827,55952.92187122247,2.5907442146102078,1.8601899306772798,0.474744793312168,5.644295027625917,0.3975244815658744,-0.0117680601394,-0.0116418537428,16258.14061466651,14744.103250085296,1813222.63805
1.6151788027896274,424532.0135515919,2.9711417615832776,1.651210795708628,0.24006969586633628,5.8760074965686115,0.164788894003682,-0.144420891733,-0.136722424656,150339.4122310117,136087.4610958712,25591278.6172
8.053838582356965,440402.55272621056,1.7335388966338994,1.8903170519036303,0.244441708651883,3.987104702350911,0.1363929204022918,-0.0802411627903,-0.0793276908287,64707.83513651468,7784.279528002389,9565653.17701
3.571824921334354,171274.63217229047,1.8384968745780825,1.765564941792596,0.2939711871085251,3.16080198202623,0.22009516275615576,-0.0379941648453,-0.0377621257108,20365.7327641175,6109.323122617614,4687937.01591
4.894901916393364,178603.18760778225,1.817697224822254,1.5427800372579723,0.23517939969223162,5.080488830679071,0.22662590552159811,-0.0377177820807,-0.0370936379716,23526.964305380072,12108.649923723424,5010025.8317
7.168994948997113,281335.79130527034,2.6888096514320052,2.863956219609074,0.19521437123306232,2.529827163467514,0.4433454783574547,-0.0534394738169,-0.0475377019392,73387.70863644649,15151.507286431175,23575328.7366
3.992105414338408,13073.369857353324,1.7803609446751771,1.5123346970833373,0.4500951963277803,5.062352950574726,0.3282995623701546,-0.00303190372725,-0.00301602284133,1608.93919189652,2078.1115364713846,569851.18188
1.5092709053204407,473593.80621669814,1.5999897447349591,2.604123216505628,0.3453967835413705,5.275793497245354,0.23268265535281524,-0.130586980976,-0.130414366642,6518.761180434384,34952.22114542706,5912367.05247
4.365289423115322,190253.27236447536,2.997841209878443,1.7282218303792747,0.4514769516347984,2.4996157785086695,0.2904745839285951,-0.0403928651355,-0.0398669663842,79589.99945670961,68494.26334021077,5160642.54422
9.50003724424873,512257.86120118655,1.5372258171677238,2.8683444329994,0.4408971678912935,5.907445875186255,0.4792843549963734,-0.0861299410585,-0.0860334692462,46901.20440998492,76505.66008600245,5664594.22112
6.775609575687024,481578.2529600202,2.7528660902382986,2.8391939093848286,0.24871482417638488,5.942049161553914,0.10094660447445292,-0.086755923639,-0.0808636292834,127646.70099130139,65589.16223041994,18844284.7107
7.043312338004863,396841.21987126983,2.048050262325979,2.480851719553886,0.34170810551349584,5.746877917309405,0.14347198477611114,-0.0719911838481,-0.0713792097427,68595.2171586206,15415.817606640909,6345914.63264
6.690539382738758,194924.9202595732,2.762423189636723,2.508351224700908,0.17912619595902465,3.9841392376250573,0.4831379179639499,-0.0384273457599,-0.0328502534734,61947.05576139798,4983.6949887405,18030539.5503
2.7909292506349312,309789.936996702,2.3319307368167177,1.5080087129545328,0.4703381594107654,2.984296569107314,0.4807961818372419,-0.0723269815658,-0.0721253957127,39141.16778105613,44942.851109204705,3643289.89913
4.765004776920521,266897.5545587754,2.85244684422954,2.977307349170403,0.29149195027280356,4.328037123527652,0.1297244395691477,-0.0525507618014,-0.0500150751659,106382.02899051284,28197.432115696793,11103355.9072
7.758458185269864,203329.13174920453,2.88928947962194,2.8167489053637214,0.28778666436115746,3.679735353885743,0.1152989677063842,-0.0348307983904,-0.032371386217,91572.1486103937,3246.167538161351,12529857.149
1.9123560779784323,508881.7735819069,1.513647271921164,2.842659338595138,0.2559643797162836,2.8237945788687884,0.23948831045237895,-0.119007219063,-0.11823318834,34314.46772333853,26427.458414984925,6560406.17779
3.5006749848074104,290104.2447465992,1.6131182639891823,2.4888668055763077,0.31123231064874635,3.6947056384713903,0.0723732316195861,-0.0629388025542,-0.0625981298877,30613.06563181167,20909.370787237454,3347695.36158
3.4868719761926825,499633.8586782879,1.8755380943562832,2.017180392981805,0.23811578529090682,4.655559342710362,0.344706589528313,-0.112973234253,-0.111395229668,47982.82662988897,26963.033031117757,11243451.4725
4.888170348350554,63131.084485094565,2.5039731245452526,2.8404729736357215,0.2811982954788816,2.2836532431439642,0.08487320974778398,-0.0119349062658,-0.0114248011665,28208.28613168962,19590.305174110592,5787995.69791
9.823318668479665,84614.87316020144,2.832408294767259,1.9372753922267885,0.42998146700470863,3.333672005784066,0.07611333219242633,-0.0132274582453,-0.0127335793028,81291.74802322466,37319.7319731319,4879343.20959
1.6075229201543975,586392.183067786,2.189912926940944,2.3440673150133042,0.4419894262548101,2.0711795600513008,0.26833412129398215,-0.140214165144,-0.139719020587,69349.68101646514,65419.959872690146,6201066.99183
5.668308949425355,352661.07756365376,2.410459674411398,1.6495964585158236,0.25646386716998065,4.997982021846703,0.48100398624954566,-0.0726995248492,-0.070520655562,94303.93742005223,56371.363120298956,12969618.056
2.614282138109894,305861.8040994294,1.7827497791933418,2.882933445199125,0.3141550506934757,4.562765070466803,0.24205817122842183,-0.0692470083775,-0.069020616149,9432.994903534594,1462.8315309039856,6065714.04864
9.736088908687698,313893.637886467,2.7074502508225278,1.71115568665682,0.45583692169801826,2.2506885388078635,0.21041652139724798,-0.0520051687968,-0.0513828828431,121348.91202786901,81585.70981938709,7396086.0941
2.019731542547178,129161.2644197159,2.9509921670302046,1.837345208595611,0.16843566614039399,5.858950238407871,0.49908052197602865,-0.034556687815,-0.0289949439476,43103.204034441114,15225.61668997968,12395178.722
4.632409021254321,431222.3697011838,1.9028983993718962,2.3372012371923225,0.4612007366985249,2.0904862285084027,0.28938603235063254,-0.0915579010063,-0.0913861484391,31238.272793730546,7521.199277473515,4415903.1857
7.6409648635114555,50868.37423785262,2.2422389274008196,2.6461395003194723,0.22671452097831607,4.359842585904355,0.21885863310061188,-0.00839449189588,-0.00784099224733,23560.71321591927,27190.388544969945,8115828.06454
7.340989852247008,343994.2278618139,1.6291741657595606,2.4290269589044486,0.3874887354750315,5.105469847196224,0.2236373660037208,-0.0636010405704,-0.0634791213046,9928.288467759887,23707.160804976684,3779511.18331
4.8045577320453905,342461.27795154083,2.3387049846944525,1.8482008692002343,0.3538930937346101,5.151585252178892,0.13773177321507973,-0.0708063915022,-0.0699581673501,61835.232436402184,56706.17582227686,7631714.05135
4.118717511574464,548513.0544801066,2.2541751627700206,1.5014145637912355,0.3435292618662382,2.137140542372815,0.28050037585139254,-0.121529669575,-0.120594288433,103136.34034824651,81744.15899358205,9811905.63579
4.578511406975835,315709.6860629162,1.7166547262326164,2.635725870461159,0.45077607866348746,5.625660530561757,0.2474847626756026,-0.0660955767,-0.0659830720645,11003.389279213436,16934.647845837062,3155534.07337
3.3784863684277537,82237.61758450772,2.1630993196771127,2.977810988866641,0.18555025027563143,5.673806687708488,0.17185788335633603,-0.0171938911384,-0.0165432504827,7325.059677163829,8979.72996642303,8989064.92492
2.847996448361198,343651.95554889756,2.0011569781298446,2.7148696804591355,0.2714598088639726,4.24556149261749,0.1222430389707919,-0.0764665425259,-0.0754384924253,35163.397063308315,19180.09972389662,7371006.43969
5.34735727803001,54796.586619199414,2.282746312957784,2.190309927234923,0.33838846122066796,3.9283327955485845,0.19005749090039914,-0.0105052666942,-0.0102876712649,20953.363487570372,3274.5307253820897,2920358.30553
3.416803804608466,122276.301179953,2.378481503143199,2.8556508920986596,0.43395109888111394,2.1794698522503992,0.2789074974594782,-0.025999375274,-0.0258429127967,21792.443077426808,11563.517556585566,2843818.95278
3.587154984075251,18665.15051244968,1.5127433679108142,2.1147715096775253,0.22575507919408502,4.2478165700394745,0.07624997252816076,-0.0035743130669,-0.00356635635171,662.9504706514944,3615.4663437622603,2007110.72873
6.910804571271013,307976.149475699,2.641508974424333,2.2874011263652014,0.43102544448099667,3.637516327080923,0.1191848128627802,-0.056180420952,-0.0555201635295,110931.16477046057,41178.48970956735,6344635.8751
9.71683598529903,50719.56917614342,2.569521437792611,2.215694651093525,0.28987346887287746,5.091225629634625,0.4764457701360929,-0.00806747100818,-0.00722214327921,43622.718911110096,7838.416835354357,7052582.68501
6.432734805034376,281636.62711879745,2.049429579309783,2.1714358089982877,0.21611984975179338,3.6155342675443514,0.29428490796410256,-0.0549734814553,-0.0532061695209,62583.63531503419,5369.331112195995,11273761.9062
1.6928152035846966,559767.0211944864,1.5794039033532274,2.662786153940859,0.4156452541552189,4.734323333298839,0.07855218664701705,-0.162382900554,-0.162264023889,27371.636565700854,61454.22562456433,7510854.43546
1.680252524686603,431856.8478115992,2.6323988096775754,2.290153360904238,0.18181461551609174,2.405632584950123,0.36188949144630783,-0.106900788043,-0.0976116868026,67568.80994359378,34745.11453316485,24424775.0213
9.562808987610094,46447.00453517583,2.9327627407171986,1.975075683037824,0.330168580926405,2.5318090830638678,0.07781129153556564,-0.00755412137719,-0.00645772087672,74565.01411702546,24478.348603647046,6959288.32914
3.6756171127660027,134525.8873253059,1.8602273940330214,1.8872372514877176,0.17235652435166093,2.5588407625966334,0.3824934021708678,-0.029952353405,-0.02888087164,16932.384182887607,817.9038897512355,6580421.22958
1.828602874742279,404197.45193606056,1.9852869206055568,1.5566209754511502,0.2747462493052256,2.182101999198974,0.3874832247740121,-0.0986131725264,-0.0976710567792,42520.426880910556,37925.771494242,7904551.33935
6.391401284353434,536821.1166145102,1.7757193342227224,2.374792742824569,0.3603768796522374,4.165315437079215,0.34298553908716367,-0.104970486765,-0.104603339143,48874.75756485787,4387.393703002073,6074912.70008
6.612839004612395,19751.152058372256,2.3654041850172596,1.8449421231015513,0.3446404395205246,5.175870904174544,0.3794920450787074,-0.0035201146129,-0.00329776082727,23001.291262011757,3303.191272027159,2627694.91571
6.836543381068194,487470.6790323564,1.7322620919711824,1.7222008830245747,0.29162939626663326,4.441644814774664,0.08958460145587599,-0.0938132217954,-0.0932547988623,62509.07226009417,25702.44050549588,6537973.61381
3.4066182507178717,337088.3282029852,2.034290915192069,2.4807449457415167,0.3001667978902405,4.299819542211425,0.37705124855987043,-0.074420406185,-0.0735881504818,41089.12625598889,26902.777998143876,6155536.36699
1.1359961579302753,327654.79517783556,2.5455195209013946,2.521813886732323,0.2293693436727683,4.722495713610946,0.11150974387574733,-0.101486738821,-0.097695404317,94317.89156215895,10644.879490202036,18133487.1113
9.685138325090247,574687.9096520147,2.3401739745140224,2.628232338386499,0.309558905948436,3.358581292288059,0.20277765827232974,-0.0931225037065,-0.0910584089537,168136.02143770715,8799.699673007186,16725054.7154
3.2580374112199224,448586.76755806385,2.079693846491903,2.2553653445078874,0.48363919950229195,3.4478162865929156,0.47423536407528477,-0.100761169284,-0.100540136194,45835.74187339248,42894.39607196389,3983520.93414
7.084236592472927,510071.3208336671,2.130374402711313,2.8410819078058296,0.4476585212243266,3.2570803928836902,0.27629396494661307,-0.0941219629463,-0.0937519843804,71999.3149815142,21024.730569575586,6350571.9929
7.3596688289083865,212397.34172680002,2.3431663239348444,2.9045141300973416,0.20083150417672033,4.848435731414302,0.4853418944373562,-0.0388156058815,-0.036166611177,59063.59497502479,20837.1356415587,16695428.7358
6.490066753715372,332618.4244970459,1.508797091830742,2.711056409688734,0.16042327556232233,2.646561342683097,0.09001510649903191,-0.0643045391305,-0.0632584827021,21476.939346779724,16279.470400762782,15196255.6479
3.816166547922834,369243.40645666246,1.6177648026804148,2.453390223012281,0.4767335094508207,2.0521011212516975,0.26490046980343107,-0.0811384865931,-0.0810597578554,6272.386026322566,19480.3117774862,3862250.7377
3.439866283876592,192950.36421747904,2.8218871016445175,1.9555814303867831,0.33436241245826165,4.384785786889969,0.0780810441245918,-0.0420788697152,-0.0408376522895,49180.36059733436,42153.52273277667,7156883.42278
6.379014544324328,342148.8749684397,1.6168184836369361,2.9744173824303317,0.33824323810225765,5.769525458936822,0.33359461807967816,-0.0653020014726,-0.0651505506399,1386.6116151396425,32800.185346935315,5770335.63193
8.794860702505224,141993.2276878283,2.5602053943157577,1.9112042507879075,0.4232512984972828,4.437631667985219,0.08541815061583238,-0.0233473537888,-0.0229687015854,62324.94730908647,30227.283363234335,4377926.49206
9.52060356031056,86025.40264094374,2.880057246163579,1.8039853829856467,0.26014114085496426,5.13168661176358,0.1289155111431698,-0.0140828601665,-0.011876135575,61788.36272746024,30963.689181354934,10209080.4951
1.9531522396338188,224382.15556639957,1.9060254064525965,2.1632311706798744,0.3186676490926007,4.691162837864121,0.16647363953117622,-0.0587022719827,-0.0584304583072,31093.922323096445,4834.93154924916,4313966.58011
2.3934575133794787,443573.7772478622,2.0557371555892714,1.5852608560685826,0.4890320196013581,3.989746614092065,0.38693473324901745,-0.105180078319,-0.105135009174,30469.148517827838,33747.3025349797,12986364.6785
9.502626329047716,549712.2888443326,2.3533821087670743,2.9677416970076864,0.3852520404263425,4.873569607135384,0.12378295346813364,-0.0859574983868,-0.0849525177744,105384.12069268762,5408.742897451078,11023923.4892
7.628817055013133,274628.4308989395,2.8225634544578773,2.3826503346246373,0.20381076119852506,5.296416495420887,0.4309844239818805,-0.0511484792832,-0.0449087659283,94805.1204243622,14880.35827625328,20642924.9336
8.946944423467958,385694.21296525904,2.91285838089063,2.3354281374962627,0.19662936179452364,2.898926576686792,0.10935677247386039,-0.0679561922328,-0.058026585934,127715.41412235676,21452.122326090845,29367203.2137
2.8236937072180885,61822.27858506029,2.6093448721669024,2.48369441984958,0.22149266541655188,3.344521921932582,0.06586000208157036,-0.0132318480099,-0.0118622773409,10527.811370755642,5598.305580667838,4983657.67018
6.288272839984617,542678.2551313973,1.629929641282041,2.24553547166581,0.4183490860472511,2.8949029300131355,0.22777043853635054,-0.107765094129,-0.107608990877,14572.745306908155,20553.939304638505,5071251.84859
7.310256349757263,341162.5281419606,2.5037312333022763,1.5480952756418125,0.2533819513442156,3.808691822361764,0.4907487388870828,-0.0657681044383,-0.0629647140653,94106.26664115128,72875.80928686405,14311341.7635
7.121006969022754,468202.9485750942,2.115455582808993,2.418466933260595,0.15748609633627791,5.540258203666671,0.09965400250494975,-0.0872142000334,-0.0807093077415,55597.66070780664,13910.847950484886,22616225.9444
4.673365217800283,476664.7205528363,2.2060514992365925,2.574260815434646,0.4804610272269816,3.3808284033413294,0.09577329981783307,-0.0975018569843,-0.0972000160839,60484.69709640381,18537.5681209041,7847048.86864
1.1385540252217763,153888.31582086356,1.5737225855177654,2.12512359093608,0.20939969573821873,3.4978675565222135,0.3880249298580308,-0.0382893305951,-0.0380300629835,7595.573224165019,6201.115623362864,4050161.88179
6.246334511238368,317504.6719091097,1.7865932090195373,2.6359433581067893,0.153345365151824,5.441468938687727,0.19047276229710441,-0.0611990360671,-0.0585548348606,27133.149936612153,4546.646099128759,15316329.3966
3.2779138526164786,576287.8509365865,2.6857704113004717,1.8405019490076309,0.23299606083416302,4.061497322978701,0.3727767277515726,-0.132937733092,-0.12563885551,108332.11391619277,84691.65923636557,26396647.22
5.052288215286013,53780.72689249666,2.1809382495717897,1.831914886599276,0.23226007549134678,4.141795998589737,0.14000476524951352,-0.0106560915128,-0.0100954522132,21822.58414168278,1585.3348482625106,4254507.50819
9.618229135754357,409829.93881773803,1.9524933624467233,1.742125481531361,0.297701837796003,5.443204813328851,0.25703239738917333,-0.0687891230085,-0.06800356402,82755.91710954906,26453.411702405767,8261475.19643
4.591317858781912,577358.4468211032,2.0760286109474375,2.057992139683743,0.47213644102501284,3.962106948101893,0.16938044498701305,-0.12147030018,-0.121238149837,40445.57747675684,18388.572989422835,12946351.7165
8.55821445997984,180346.2648324133,2.7815992699885204,2.7705180530836255,0.4577147212226842,4.726230138517581,0.2531876966955891,-0.0292856726424,-0.028806597514,78741.9958010863,168.30358460799377,5660649.17625
2.6968654517432604,516868.7528426089,2.6234985261074355,2.7418680932235966,0.3099130942438497,2.342578663496243,0.3960936916633867,-0.116595858657,-0.114054326613,138830.56949394423,51733.26736377852,14098460.9955
7.052144482225259,560194.527244963,1.9084730957716243,2.074236311945256,0.29381496674713226,2.714526852507541,0.39290447321494776,-0.108236377447,-0.10724376919,98632.85015737994,16316.718479417541,10195893.8637
9.793062589950491,448251.72563689505,1.67625276031856,2.3836781039703547,0.3442531802661979,3.6175048028649823,0.2820975294531756,-0.0748263866849,-0.0745948450772,27983.552075609026,34154.010657598395,6770761.98504
1.917037907856431,138796.98738417495,1.8779973324661077,2.581224474712373,0.235208904190118,3.9793562712794994,0.46776732967447293,-0.0324154656154,-0.0320639935939,9431.857956704376,794.7228830005306,5154049.66934
1.074879480044728,200400.43129595634,2.8811346765821004,1.8618101619420344,0.16826474718822698,5.862934804944918,0.1687028461017233,-0.0729489064516,-0.063654367538,74649.10825169746,40622.12095477741,19001121.6721
4.902245133693529,21485.57665063844,2.372383256774633,1.7522116288421206,0.4787284476599223,5.88260653219116,0.15814010800365488,-0.00444947528676,-0.00438726340857,8933.18577464087,7831.713178249524,1117423.71048
1.8336293474623049,498871.94054721313,2.3002203131171743,2.9581439898184665,0.21534464470701045,5.404788349915046,0.32621288052894515,-0.123407605801,-0.118936857636,92087.54451367709,10906.943118441412,24567799.529
7.7354591470860825,509766.71190664795,2.3945903995386923,2.426335969814428,0.21944025523600072,3.262395341142298,0.32958366539755507,-0.0939794694997,-0.0887976430748,117408.61349539786,20154.20108038736,23096463.0291
9.23093797463703,379626.1859797156,2.0490423986197728,2.9721235827504957,0.31536111509888165,5.856113163329759,0.0709430178042383,-0.0598385260455,-0.0591519354858,65293.095264285046,25811.04213294821,9285181.94723
4.90618875437883,211516.7107583108,2.7106605304792692,2.0066339806983438,0.3220646706941157,4.75736345870485,0.3234999705741039,-0.0435210578638,-0.0423588405921,73048.45542730208,39429.25655777312,9950129.11827
3.3284047793989684,46086.616583952324,2.2849293739503747,2.5545475499611974,0.15645197339525968,3.5717605112696016,0.21849627080705647,-0.00969824747995,-0.00821816377095,9166.501355287275,1509.0047907773007,7208820.36807
4.909629871059488,451834.56594894564,1.6751218541531934,1.8339054548118565,0.20178415857088974,4.806699667939066,0.3863491363942516,-0.0965203911379,-0.0956179178693,12073.522210060992,7949.504235798366,19715678.6382
7.511030360650009,435915.7161659537,1.6935976872435945,1.8918002569108694,0.2823541864962596,2.0660909191461063,0.4136475490453728,-0.0836140699405,-0.083085770096,50780.24854318498,498.0082828694195,7404320.26651
1.0814874542233388,547561.5130433406,2.3052887197539276,2.267853181904436,0.3893057427286887,2.5846187290968543,0.29846921879616645,-0.134042600201,-0.133404189288,50080.323734908256,40125.74290905166,7915232.38776
6.305085905362275,438319.21260321734,2.904855327106259,1.9794271882621068,0.22994645989117754,5.3187428462254704,0.05076726417601929,-0.0845201495788,-0.0774489845332,140725.49847061653,85235.74110543447,21037471.6085
6.519625163986412,497216.9653464011,1.9625281825142982,1.7514323457608767,0.2980550561846169,4.582294547492685,0.33636461457498895,-0.0979272344657,-0.0970257454168,90687.04290428852,35739.9672628053,9066774.03673
6.73919422206342,447572.77074239973,2.8043117532888275,1.894321052983989,0.34507077265076336,3.456778805167536,0.38699657584967045,-0.0858632677204,-0.0836305260448,184732.021775012,102179.66581821161,13866204.9498
3.178198719827895,378412.31298738986,2.646143379868319,1.553622591698797,0.4610073731181522,4.002666560890875,0.1620424698041814,-0.085695234176,-0.0852425312603,61558.68164990083,69900.365435596,6343585.63406
7.426474510403141,256179.83651460553,1.8717186643603603,2.55663543221623,0.26412467581449317,5.620568598583068,0.259090700513355,-0.0462517852555,-0.045675973827,41036.86844879282,12113.948242514445,7717252.36818
1.8225233769859877,541270.3851853667,1.5545111224743637,2.2381749856287927,0.19674539305221922,4.526312437916346,0.48457698053530474,-0.133634084563,-0.132333658465,54447.76028735903,6977.12770711289,13453150.1894
2.7934330282012074,390581.1431444819,1.652770897713574,1.6413645996067885,0.3212452790641629,3.592597135737321,0.18415199902734658,-0.0912097863921,-0.0909481205003,24732.041239711554,24072.500430160653,4032119.18256
8.897230419890338,239013.19317954543,2.5927409007711604,1.7575409896927368,0.4113525605894217,2.48130662959014,0.15041896296878335,-0.0411635257023,-0.0405534499776,92708.46169474746,58973.0385259641,6641256.97158
7.648508356539097,50081.57710917434,1.7995046070609702,1.653801807168966,0.1884509149684567,3.174987206502244,0.14488465571510456,-0.00915228463499,-0.00859354512154,19229.679488359045,4069.53420401278,5583013.23579
1.1237099861021074,174422.91354262928,2.0569063807580905,2.4188892124138146,0.2986392220939361,5.913360931186333,0.3014603754592983,-0.0493480460925,-0.0490149440528,22031.703429009944,2966.945001248403,4009296.94559
3.235386343328202,326236.04089809884,2.2525487490096374,1.6413155454187407,0.1562247994418692,3.74945225140711,0.4774041955886029,-0.0774549904534,-0.0714656456493,37985.66378039935,23713.359091795937,19609279.1542
2.929658346938481,165381.22200971673,2.588202252675244,2.631423499552824,0.1617457135765379,3.8873578553794434,0.3239105581401596,-0.0384381112244,-0.0333373595581,27282.187480638462,6749.4742603227605,14518526.2553
3.437256952332753,132741.20875074127,1.6698468348886881,1.5307663789805868,0.31903367712583297,3.9943921295880616,0.18649540410694698,-0.0299287942468,-0.029813047794,10715.533455776602,9880.703307990923,1780798.37915
3.2280379325189776,316436.1084527083,2.1095496079161924,1.874063681993838,0.2543690543528253,5.536416091792844,0.33735640013035434,-0.0747981171138,-0.0733980577386,77318.45992136978,26568.406639114808,9546531.93782
1.5627366616856118,101892.20753744074,2.227609363714043,2.836000013837861,0.44578755465189424,4.415713137541239,0.33117903391900433,-0.023756371301,-0.0237369568367,3974.559575115583,23425.146331275493,3011441.10449
5.130464649371383,480246.03799506207,2.3112405959573095,2.577796977183369,0.360754007144259,4.774708145807688,0.31861631107834437,-0.0968140479978,-0.0958589558699,90429.39570467778,31377.37880510636,13665900.0709
7.594601273075487,290620.8908055948,2.7275409620928253,1.6094524993885315,0.3088765366100466,3.557654170196416,0.1217417930997359,-0.0530672625841,-0.0511354275382,122168.22626163671,86366.76484320663,12052116.3324
6.4605855224569275,344317.6643775901,1.7575172925648253,2.7316891567277697,0.2927773798690037,2.1163504743558974,0.33555505970524735,-0.0668413345852,-0.0664821075682,28544.667382711716,33648.71379615863,7887303.88263
7.055845017382718,88429.96055840913,2.7117471777399333,2.239552682310307,0.32403591806634713,5.723891656971377,0.24357400363152487,-0.0156527127445,-0.01486730256,48083.629290777724,10675.896427878919,5584492.94273
1.7303426068261523,194745.80137762043,2.5393176415449785,2.770174540753244,0.16415359092443146,5.796510723665626,0.058366426380365016,-0.0787922436961,-0.0723724656861,61938.66363628424,8625.94825820425,21477996.628
9.563416391591085,246053.80995669175,2.333806221298439,2.40110966167559,0.462477674747231,5.796612213392205,0.2928940192163728,-0.039387632002,-0.0391208965125,63310.79734162715,2701.1734453691784,4416751.0152
8.546426504587224,484927.69830990175,2.5492918056038576,2.522749548049288,0.4994061045068854,5.7747483465868665,0.4951700353482879,-0.0830030692729,-0.0824748750069,134273.52515304106,31661.348529000916,6898837.93426
8.245812866460964,462095.7138516915,2.118026608427485,2.990252340593562,0.21352049370054454,5.260967764278244,0.20738281587979263,-0.0793458441739,-0.0761803083423,98240.44686017792,13800.799031690347,19469517.6276
8.406854245375907,133786.48487260882,1.7075963789521869,1.8485033188860274,0.1921340376711169,4.738384200465307,0.4845016482433962,-0.0242556253521,-0.0235833872666,26086.545448396162,9426.38312045405,7436519.60241
9.394394573194852,369707.44896420464,2.498647860398051,2.4359183621420826,0.20025211220700834,5.378039673069143,0.09329258374816754,-0.0600345399567,-0.0544014828253,103497.51957768311,10600.652475354296,21188198.2266
5.898285695023279,146073.81466319854,2.2870084600284333,2.1904820850860975,0.38135947038202844,4.402184956004145,0.3796025521402878,-0.0285708643805,-0.0282840769876,38454.44457507818,5379.279678832993,3620679.58457
2.8025381608086333,592948.2934141472,2.4590622008141634,1.559177929384037,0.38150429345777115,2.5374784555680945,0.1014484975982759,-0.137615953221,-0.136708166915,103463.08476123588,86678.19728338691,12355344.1548
6.551052470672871,571274.3268785224,2.006998171542735,1.5217059622542974,0.44677345679744385,3.564872660165684,0.1731072080998734,-0.112374561459,-0.112142244816,70198.03877022702,38032.94970198516,5471497.81289
7.685933443011451,337958.8323123723,2.860299866009754,1.678842866726788,0.41313923594918867,5.88517964789175,0.306878375894956,-0.0605399739849,-0.0595585002524,137926.43835434868,97060.05848334682,9080634.57189
7.6412565401862285,419341.5431364858,2.3810548028633653,2.473637610807822,0.3073913856792689,3.4045512543826253,0.316750862289537,-0.0759878002104,-0.0742760896825,114142.49735294496,19161.27609395057,12530341.8537
5.693041217501921,480858.22932518704,1.6281037264363107,2.3507446318700884,0.3644993765478616,5.471311654925477,0.39884509275537705,-0.097679962378,-0.0974966545324,1652.0405216622974,13035.6401654729,10275479.657
1.6161284740022026,432599.0520269423,2.174705986056643,2.330144341745591,0.39089963462880273,2.3728458830994783,0.32689013325234767,-0.103290978292,-0.102766443351,39279.61062090433,44761.63039970255,5107916.44571
4.34001644587115,419897.21464945254,2.6345340821154517,1.5477851437923902,0.3294577645998288,3.3367353695018784,0.31712661697125233,-0.0909054088089,-0.0893568724166,124068.65405961809,99250.66815963958,11437130.8366
9.286899476170216,575132.4047697168,2.6912018425984083,2.2039544945400107,0.3164778445580728,3.4038132989095184,0.4605588891451122,-0.0973729537479,-0.0939478408263,204803.36170354832,78893.33759564107,19866079.7187
6.260040187816834,357873.66378437,2.241895579145638,2.8869342267637927,0.3757841059749286,2.2064101724359206,0.25347233849412076,-0.0686163789358,-0.0680400802152,79691.57363530782,13968.094925411153,7414505.56772
5.84498748930142,381781.6030914334,2.8421213562469516,2.09638780396597,0.34511609214147876,2.47637732074702,0.15136960041277478,-0.0754547986933,-0.0733606399605,164663.70573350796,79264.33588458276,12248703.0933
3.419681629439742,509561.2502629087,1.9015026557914463,2.4373837046826843,0.3753798068675686,2.772660844487084,0.12280486326063361,-0.112271534214,-0.111910692282,40405.81904098938,16057.37538012,14344961.8557
4.31604027924921,401934.52071504405,2.1158980458574,2.669728013434715,0.3644991708871773,5.351262363240451,0.2299975685642749,-0.0839353114231,-0.0832714616628,39179.56022028825,40963.462251026904,5511615.8261
9.058114802378523,439759.5732105135,2.8478953658534554,2.6758879187128315,0.4017187961797791,2.2536079597592256,0.3707387398371631,-0.0732924886741,-0.0715968580215,208487.44426217195,46782.29143724201,13146509.017
6.998167427741522,140501.21171798545,2.8443850747073682,2.278920123592907,0.3749812280740066,3.194803605377549,0.06914456821845541,-0.0252048645612,-0.0243667813904,85922.41750029483,24766.31106154135,6172124.17787
8.086483240770995,222760.15446904255,2.5285691532370214,2.7869279181035047,0.3319098702530435,2.04070001035707,0.10807402392923277,-0.038628357907,-0.0376321635579,88211.58689429586,13722.124322566686,9357675.98009
5.089108807608897,88380.8074271358,2.7884708206833304,2.0870671400456207,0.38862888394953526,4.7825109816120985,0.09775105704663775,-0.0171606072128,-0.0167254398103,43773.300292276435,20601.33981927681,3667135.85765
6.672224975105421,303459.2654008833,1.6331599004343489,2.8330398221771977,0.3073186878148998,4.481212360173519,0.31336256887315644,-0.057388251904,-0.0572123569792,12109.268871086759,35256.63511131711,6156297.81785
3.2354524786888677,273436.4404081478,2.7974924643116648,1.860340749593318,0.23458492909041034,4.579929048212567,0.15928909273906983,-0.0628901005202,-0.0586246715487,59127.67389213005,39185.7399109181,16129114.0992
7.349147472551376,598297.6885676741,1.9809298598253402,1.9203246104858565,0.1504963770468704,3.497531138858475,0.12481674273562843,-0.115196729719,-0.108120667012,63218.560453532584,17110.14646106422,26461449.08
4.8484120033300355,366725.1916893255,1.7674972686423245,1.5796809362985016,0.3459874515010451,2.833071285070276,0.31674682388436004,-0.0787176442147,-0.0784697289057,39702.32197354949,18185.274190290867,4093802.38059
4.98290963333271,471866.893916654,1.8590547545130696,2.6933727548134243,0.35672932931302437,4.881280853144133,0.39258946195357064,-0.0972181027601,-0.0969961686603,21784.243536783597,16036.856221611539,23628635.8923
6.843900921191935,200408.80245459254,2.1269527620208306,2.1255828543490582,0.4902171376715,5.2444714909627805,0.19946971240369898,-0.0372074152927,-0.0370971302036,29148.850242629065,1672.4050259116068,2543542.15747
9.42652559322034,498927.1988056779,1.876788006906701,1.8436749208670986,0.2765174169329964,2.554405992392807,0.3101920725544683,-0.0867117563242,-0.0856905242083,92963.38900136347,16371.332256985339,10525915.1374
1.5760571194775883,369050.97989261005,1.9808513790247486,1.8476854164248695,0.28794663498990913,3.9473177117496854,0.09415598593975709,-0.105343474016,-0.104597482804,54638.744067766056,15271.020130671808,8109740.64932
8.422689136123068,418195.39895906305,1.7024677291074632,2.8520999118438497,0.22062985346976657,2.99486272791545,0.4708359637059065,-0.0741861535095,-0.0733326455403,45570.525744181214,34183.57214222376,15549443.6439
3.631447993709738,176658.46676967264,1.9442651483384978,2.7508749006915556,0.17468700333306267,2.672427444824535,0.2016032833916478,-0.0378388842866,-0.0364099798166,26452.482781392133,5295.739174875432,9664496.87966
4.9952750905574,329183.03501734626,2.358425721813002,2.330296328035775,0.4204815725016092,4.937301253979996,0.49887756192807553,-0.0679122486703,-0.067527579548,69966.43744394432,12194.822385230278,17818280.7176
1.1972199589750807,380422.1840481652,2.1627805621365956,2.4241662006235813,0.23738837251876374,4.1523877418913475,0.4903644901324019,-0.0946517967623,-0.0927535116984,72606.8173133057,8097.682365612026,12406689.0941
3.7094147005088174,353456.8054899486,2.0200781418538667,2.211488355825437,0.36311670136051327,2.864741329514671,0.40047055220111516,-0.0778190829591,-0.0774396564307,47099.130346964084,13553.596454898236,6054644.97377
5.523681183671174,549116.22685474,2.619678193285671,2.087499814318213,0.3907205624409185,3.2400000448461803,0.05903019293313502,-0.109194752179,-0.107866709803,169788.29272759342,103432.88035312126,10637290.7594
1.505584696126951,538963.5986955321,2.840264957089977,2.873215321827497,0.3149328405520767,5.866614685310969,0.2945637141729635,-0.141656166478,-0.138010994419,191951.1332517628,41350.599875205786,19332998.9517
5.419861564448486,582590.4347261223,2.6351838343535956,1.6884190552804532,0.456723239559517,5.394718258834226,0.08907638919800517,-0.117364374589,-0.116775200182,105022.8460620793,78484.83480509158,8983421.69667
9.343995659725845,400456.8036041936,1.9980010531765187,2.1276701845743418,0.30532819434290503,5.519786971492513,0.45281211168268226,-0.0681675370196,-0.0673630568934,73127.35485061299,6460.64824969249,8793188.71719
1.948538962970247,583148.4780754108,2.6166632517563304,2.016842861981813,0.2497180180646178,3.840048388322832,0.4053363136913313,-0.141312347213,-0.136201706478,95578.2212975535,63191.30862275336,21051117.6302
7.879966552679539,499486.8000191453,1.727970273711077,2.2472260803767226,0.46360543303656776,4.495229055683501,0.4875531694680573,-0.0924710249519,-0.092338216631,16261.96055110231,26135.212462708252,4405840.82876
4.687039480383934,162499.28420397558,1.6954769821369364,2.1864478118177626,0.45154749948748474,3.5070709608176465,0.3237723289174079,-0.034264880176,-0.034220763184,2575.8791407684353,10671.893865414038,1827511.54159
6.896563430719042,256461.40173077825,2.018440555554238,2.278334297476622,0.20741398147674456,2.310847902755562,0.2849777620179521,-0.0493804543213,-0.0476855449675,56497.52419698168,5820.655511520582,12330771.4089
3.342129381867064,143035.46531340588,2.7115535535660857,1.709878465840491,0.15908635642387234,3.60427724262713,0.28353823517497445,-0.0345995176388,-0.0290229381029,13254.50503775169,15599.924458885727,16749747.9405
2.4354303628722245,2518.296498339123,1.8695223708634527,2.2697122522699154,0.18149494472236724,4.375923012828579,0.2239017685044552,0.000120028286192,0.000137326467509,33.90129235065239,4374.322943468765,3013333.807
2.444163528441038,112829.25188814517,1.5948801133480193,1.8636282208308164,0.25029158949383595,3.1485770830725257,0.26091053025311345,-0.0262061544857,-0.0260253508624,7934.123116006325,4886.98800602042,2163333.3965
1.634427510788302,2436.3517721254,1.6975643028095326,1.7764970234822868,0.4902909306095987,5.3918022989096634,0.33593566241090766,-0.000950407163788,-0.000946370011421,659.4775747244411,1404.5221661703538,228641.319549
2.670820344111187,431903.076810294,2.78811745279437,1.5972513281792868,0.34548065360628877,2.6044006366983945,0.4698264234003247,-0.100842241271,-0.099297151462,111652.39942734547,106033.54771529023,12064823.7105
6.977974464900714,255320.57863271973,2.4506749271209314,2.6439788381342115,0.2806416062102441,3.4685163577476796,0.31814795221521397,-0.0471632818836,-0.0455532758258,74610.47316303001,135.34448442533383,10707159.0727
8.935215506591572,187544.83624671496,1.879801745054965,2.1411628812848402,0.46105063311446115,2.4996156212968117,0.43570217404281525,-0.0329577561091,-0.0328755449303,17929.007327621996,19338.51146667531,2659986.93832
8.327131170320456,457032.53465711273,2.332943737992272,2.4399655249676373,0.3085977160174749,3.6193285359409013,0.4382509600861253,-0.0808235176499,-0.0791310667052,136358.10485987164,19159.319738859496,12728204.5762
7.166208788870357,499492.06477178703,2.2913694336380255,2.591390014957115,0.26033351994035736,2.158645219897082,0.28347470413171666,-0.0939848876794,-0.0912147895011,115826.26946741006,7984.967877976264,17070073.436
1.9938867706999241,585179.723189928,2.483153967660992,2.5189749979703304,0.47942683506098005,3.0901975802465818,0.20636133867392975,-0.135930437358,-0.135328057239,80647.18219489204,81707.73695234543,6355635.10697
3.6026870166635483,385208.1508051447,1.8497813316324245,2.205751078634523,0.44733118316743725,3.6029410204547347,0.33780824299943646,-0.0851475645891,-0.0849938560974,29069.411763709726,27503.89101838043,7124127.70886
3.7882618779022206,276917.37512403104,2.7966044807915966,2.0818477934275945,0.44528393139680433,3.9126614531067663,0.25064480386167926,-0.059366619009,-0.0587340806406,65730.89417488602,60258.19142948138,5329296.48572
3.249612517578591,183158.58096446155,1.9640528431200193,2.0639398644609956,0.3292996600675746,4.174785433900567,0.08664839029486981,-0.0404657928702,-0.0401756618867,19965.60876558822,16142.766427288792,2904619.22759
5.635050937387508,133390.92552853576,2.5411974809643554,2.4600731953950845,0.42630343958540917,3.0999645191596756,0.22001409519459514,-0.0258191645098,-0.0255208506646,51753.41438302032,3897.2593066767445,3652284.65421
5.819984333917053,127755.57028956072,1.5241869695583223,2.24219153241281,0.21277367574259315,4.092165338459489,0.49733246212219623,-0.0255854926595,-0.0254077467833,10833.286959535832,16228.333601543489,5244721.53493
4.211973776539992,245513.62483187925,2.058985694841221,2.773698371982766,0.35062803514468527,4.036018486248239,0.07183034151182925,-0.0503089940546,-0.0500260864474,13261.041085803721,1151.9264686175106,12465478.2167
4.184102428627924,595071.8131727579,2.0275647269382127,2.812052976490068,0.494346072996641,3.2647122035048337,0.363500110355417,-0.126170150027,-0.125911672454,38552.90834978275,8354.081092003888,7907016.89957
8.457000381154732,512.2184624419601,2.3152266428745216,1.7558405670097776,0.25183545068128654,5.320801322625913,0.42853491728206117,9.02473740707e-05,0.000639188482167,27514.327763301993,1579.5327900290802,4721518.68807
8.10363563487717,118323.53833860047,1.6091043926657949,1.7043504773185885,0.42802331523668624,4.182564506374261,0.3419266565639204,-0.0218556516948,-0.0218167246881,8368.625394421511,7578.0544649990625,1506288.81809
3.770162485126711,113035.78944214429,2.6851970605891626,2.445601389053999,0.32166744252282353,3.32907887498618,0.3063867040234805,-0.0237059830878,-0.0229947397482,45969.73694371791,9278.046551493964,5005948.61825
9.224095994859333,430271.6913193754,1.8266712026513527,1.9518386220934192,0.16393198912773055,5.789354048323106,0.3683994876404409,-0.0754521781886,-0.0720138144805,50215.81314102907,1493.5792826344048,19045845.7027
9.575335153022554,211490.8365588371,2.5155567223230153,1.5278560781476482,0.4170567892354836,5.380449652284645,0.24320423178484507,-0.0346340334742,-0.0341957964517,75272.93761862152,60041.24870476839,5502169.60636
3.9406828782703673,274356.4827550924,2.7048181848661397,2.832964004044433,0.20899920053723947,5.930351246207204,0.09111278178899454,-0.0592395603133,-0.0539385492719,57419.72234891026,8475.525171867857,20387925.191
4.1898245391374935,89174.47828194298,2.3428154343622696,1.8403511508657124,0.37101574849646257,4.768935498581683,0.4830672894365218,-0.0191899512572,-0.0189496728355,18134.03806857514,14524.604540720216,2576348.9299
5.550707380797629,242998.22332616863,2.6113248100829782,2.8939209775287136,0.17998246791644051,3.5128916220241875,0.24453534649288827,-0.0486189027316,-0.0433517515723,63413.25933377573,6927.817365312073,18683913.4433
9.470087312803061,61919.887143501626,2.492790468322508,2.57615167631738,0.4814035891235877,3.1234426667160493,0.3494251567256079,-0.00982572371773,-0.00968868660515,30975.819598967562,24850.451339954758,3244460.90305
8.886874898280805,319825.9727331499,2.0332946957280114,2.6439802348672266,0.2521033605131263,4.653271374697924,0.28908969660018285,-0.0540202279456,-0.0528678462572,67259.8704161682,23042.06378997148,12004577.1902
1.9231116632523082,58763.019229713565,2.713287808550348,1.8021922436897406,0.22926264208708821,5.923266329981215,0.07460288238989955,-0.0242607028815,-0.0229161153269,32361.2487299256,15906.758619042246,5261868.68654
4.534576689442746,474305.02870389377,1.942052054828292,1.8512916384252194,0.195197741423217,4.506860320415395,0.47873597044664234,-0.103484414304,-0.100744404805,64932.513260998116,29418.866836828845,14932676.2737
5.9803407077479465,339961.0305242937,2.356819376627276,2.2819016307360984,0.4811007676686667,5.526459763959353,0.4066417517514455,-0.0665894490352,-0.0663263092871,53023.95586452662,13498.220668446987,10894063.0507
5.52819225296386,434380.72426411015,2.6180966087123094,1.7581497789747933,0.3991663098544568,3.3164137241910745,0.11709405251122772,-0.0871691882552,-0.0862551108844,132356.45182529427,92376.51836031768,8992551.23869
2.7447676114320343,251109.83199161032,2.0684338647187612,1.9581475390245484,0.409581311051331,3.6278151298970225,0.49174199432972004,-0.0581531638493,-0.0579542887595,25222.75272844659,23333.70711223545,2946007.05674
8.729350940513392,228894.77594533638,1.9541514114261376,1.9821937169217068,0.3247915964830856,5.625100958357413,0.38160561747726857,-0.0399937923444,-0.0396222384695,42323.822037062695,1439.105827048557,5125690.6947
7.092467046971536,58925.33342931816,2.189019015259234,1.739444899879146,0.3161547248446692,5.027466807831275,0.262544742692739,-0.0108306889215,-0.0105339472438,23106.86093089518,6804.011664794695,3397562.30083
8.541175373666231,314313.3642256936,2.7269452415237305,1.8077742500927412,0.1885074350470168,5.9256412814716235,0.32511652545180797,-0.0569816541565,-0.0498077237635,94896.07827560948,44104.43546252782,21676956.3783
8.72887851414525,308701.29891425517,2.894882644718497,2.682827763012385,0.3459443834543971,5.099056838928968,0.0980315069065689,-0.0490943908023,-0.0470086790826,136347.20715115615,38526.58180325814,11637783.6224
7.735202682991658,280861.2266697632,2.3176251192898354,1.7507937818209025,0.23642077328807665,3.794062828872927,0.30218517950702495,-0.0522184696891,-0.0499232204308,87247.54419394779,36114.89998853773,12580205.6607
4.9528954112474555,444311.01880946953,2.492199307985478,1.5426860877658837,0.49200086648014196,4.124272079289453,0.08314748240767673,-0.0918404653181,-0.0915696648345,64392.659555288374,55546.18107434618,8143736.61813
6.494920795138821,499502.6400194127,2.8549104333583712,2.4440324139434075,0.4288033290053015,5.602061969852547,0.2951848657036859,-0.0926865265164,-0.0913818329933,172957.95445690543,93529.2254232045,10402356.9272
2.4432886550776884,450473.8049691049,1.6478202771194135,2.963974679088675,0.29454722106751063,4.206586944392192,0.2987130599432534,-0.103063521124,-0.102699572505,13531.616965830646,3869.824160061307,7507185.70239
7.062808757274169,86319.4456841063,1.8481178667992475,1.996820721934682,0.20296944054203656,3.0215894966577808,0.44349745332233476,-0.0163755873589,-0.0158187440393,22377.610023937832,8932.343235797614,6628399.18801
2.6132793016535265,373235.7055692648,2.563350009377374,1.6779835547943784,0.4248660918985744,3.7424792510797977,0.3762758751225323,-0.0870924974878,-0.0865631989839,56356.816302734056,57262.94843698406,6731484.4418
7.245546314591412,48193.86341372003,2.7356166928684496,2.355580988051296,0.1927188184784606,4.065263955396471,0.16229857649680401,-0.00880791642069,-0.00649115411334,33756.204935757516,9310.391829506081,11331522.7177
3.066383446785718,416773.3724642859,2.785543542495867,2.8595313166434693,0.21626681372397466,2.3868793342045183,0.4497917639845356,-0.0938206052059,-0.0872504620727,93883.67030552657,20154.01786024829,22207747.2528
2.0579617013519798,229103.45793667602,2.122660765282399,2.6760926697427183,0.22403218121047958,4.975050697011561,0.3079591991816026,-0.0547260688595,-0.053373449695,38097.54204624006,7547.205732534422,10066402.7808
2.487560411286617,79499.37375977196,1.6340098534378003,2.433773802619074,0.344911723395583,2.437415733419892,0.32287076535831516,-0.0180034858377,-0.0179861031376,7595.560214940753,12051.059102998008,1594597.5232
1.0179292169716323,517230.5141856767,2.15667221594943,1.9725847449113991,0.4254698288966282,3.6196708534752227,0.12604161614998025,-0.146436223234,-0.146097113212,58551.99342885687,11722.87361911432,6607062.51482
7.468656560681772,368405.00342336245,1.8461018853105806,2.31282025991433,0.26001020755364224,5.218489766161618,0.4359981181861013,-0.0686213847604,-0.0677682033927,62702.25424278987,4609.734181820501,8979605.97121
7.591609441525412,212834.9807685165,1.9367946824949362,1.636867261956383,0.1796344349963513,3.8702814464531876,0.46893430175744477,-0.0408828244916,-0.0389517658737,37950.74762106847,8856.883049776583,10754947.1391
5.634400149219335,18436.30779029972,2.6584013352562588,2.5184181364210048,0.3125884622335467,5.368062078874032,0.3987457922727087,-0.00294596115672,-0.0026060774904,23520.353906939636,12003.239214721469,3910014.58288
2.4522652094984534,322386.1554021663,1.6132906290388302,2.5876440283464763,0.4118385844059774,3.36752528822446,0.47333860369025277,-0.074649179391,-0.0745362500663,10292.017590758156,13909.191468940153,2925137.54497
1.7519890375962077,553935.5270917396,2.7413718262210534,2.9475474343648784,0.2275823450805859,5.830545175993741,0.18603495685505567,-0.154306756641,-0.145157704774,167621.0873407255,17021.986522754163,33416224.9026
1.172160697935583,357827.89962141943,2.1415036287362534,1.8905960381176075,0.22697359181378096,2.837873727220942,0.43750362576324703,-0.0891961930678,-0.0874289870198,35396.65926203169,21697.536785783155,15540934.4274
2.4917335926869866,582990.362771696,2.3940958966508927,1.527684628564534,0.48152945957134874,2.1530565799572052,0.27000191428868414,-0.137822585592,-0.137530644923,66605.88947415378,52487.80683783627,13784462.8421
9.01769981484832,81870.67096227512,1.6344783468535184,2.318412696640726,0.4839538044917122,5.489706171961674,0.12376274132461322,-0.0137054020361,-0.0136916057062,13438.613960398254,30207.551781457307,1824655.9456
3.173831575315136,340983.06275690213,2.0060386175359195,2.5601857565952217,0.4966630062215517,5.008810863801633,0.3509602695650305,-0.0765800290862,-0.0764692675212,13124.415581603957,13587.735075762399,3474466.46783
4.188441944954941,478875.0288038577,1.6345513785222687,2.685611213824482,0.43268086055117305,2.927935348269491,0.3578541218176455,-0.102785887992,-0.102640011629,3066.872607281069,20931.023865891457,5306722.54921
1.9481093603319986,315324.43867542973,2.9423155843216646,1.790608399537216,0.21586445920878095,5.938966428546696,0.17911603119051056,-0.100314607443,-0.0922728537221,137864.77304339342,88311.53363470285,23353447.8643
3.0012517427335323,54639.81359248355,2.7108924739893756,1.8926293035555355,0.22419353227974148,4.009120517074111,0.06237199923240653,-0.0122234608502,-0.010837679304,17939.5612124118,9349.374902756032,5433946.48539
5.673021137021846,349731.6009283306,2.1894491315346905,2.2688863879009444,0.2690788345328372,5.804261760576654,0.13993126658850352,-0.0685927783977,-0.0667757875872,62760.88916017312,41104.555865571434,9395360.17421
6.469774147860873,367042.743505483,1.8354038224855067,1.9959012149550028,0.2613463859667218,4.020115085547998,0.22989989645324904,-0.0715711281037,-0.0707476010666,62153.02923181338,12676.09093467253,7586013.00558
3.2081708274958993,437225.54908521153,2.9001826578747782,2.7907672298811677,0.4847847121773031,3.887498347085164,0.12540330997694085,-0.0934636057355,-0.0924343113897,116306.5471575201,102882.99149960243,7116484.12204
1.5195894330260549,456726.9090992843,2.0168948935904574,2.2106402306080803,0.4261758940085928,3.79655414857786,0.1373134767078219,-0.11232257823,-0.112143746138,33645.995825071805,23154.106398778484,12602123.5004
4.519295822146588,462463.6129263643,1.7414766475310621,2.6993679661530043,0.4034030772565439,3.339501104531801,0.22612579897202129,-0.0966569356111,-0.0964390220225,24566.426913734238,8198.958806784982,5798856.40267
3.107830338337007,398066.6361833796,2.3447465826809326,2.3709296407235305,0.2150871284203461,4.134805988706207,0.48280397643885214,-0.0908109362568,-0.086723151852,58003.96627225592,30510.04929162347,16190455.4527
2.9759853090682173,129486.7118511949,2.9156611805172243,2.659635212425668,0.4683339457768153,3.8102186477942714,0.3939095819334418,-0.0280087412115,-0.0276474067933,34168.16793155096,25633.504363648102,3200593.49583
9.638765224421098,242541.4535036876,1.5057454357504838,1.9990094797954858,0.43975463282716076,2.1469875064942165,0.19388678055195385,-0.0418540380872,-0.0418091851664,5181.429738612457,25111.69125033575,2388584.55976
6.546704373331517,465677.9835686392,1.8571872648809982,2.747124932895467,0.20727464446477328,3.04174093369401,0.4782218310133467,-0.0905916410412,-0.0885722370154,75895.86774139499,19389.705742142778,17366388.494
6.011905988548863,572056.1900404879,2.9076714606156115,1.9118584733265322,0.4549096161863403,2.8524912004222336,0.3405410565164297,-0.112898500274,-0.111669803808,198366.31265414783,152249.4317078923,12141759.2426
4.741975931709897,47368.1789019732,1.756628950285743,2.3191482120049365,0.24528663772966494,5.469742409284266,0.25495234008806306,-0.00936939039642,-0.00926297507131,2992.282500142359,3555.2445831054097,3069930.79997
4.8604990008712985,321322.0066783169,1.6698651774597297,1.8210106697608113,0.17830441104123712,4.395479908907365,0.26073508952981617,-0.068180320437,-0.0668571238329,32264.434282435668,10623.050405162028,8958526.93367
5.868145034542727,187513.36279458387,2.3552808236997067,2.21328978243929,0.3798878072799735,5.05473240179891,0.23483501052592637,-0.036163979797,-0.0357859436016,43334.07816365161,14637.062774680902,4261885.69389
7.267868263324965,135236.33659009787,2.792765734942245,1.9772628142630548,0.3788316307845157,5.827304150997122,0.15484642364567286,-0.0237715227686,-0.0230889574257,72292.67809870068,38717.90900263252,5410106.52169
7.319314865636465,303486.410111829,2.215664726540889,1.9000551459558213,0.18322620334796633,4.5761570901056405,0.2239844864961676,-0.0573645829206,-0.0535992989851,69267.12932869593,14698.507936010683,15283879.6687
2.5452451693490463,363653.60433392203,2.991846385026787,2.9504775270420565,0.26159813312780383,5.9304399656189775,0.28755337281952664,-0.0864304342132,-0.0806899573894,166627.93880966128,25659.23523624145,20743863.2581
5.501014768689643,5863.338851688749,2.518757549306989,1.7401111582300959,0.4974850617894385,3.2470562066085185,0.2876123078285995,-0.00109349573209,-0.00102185215893,22807.60063091863,11479.41764654131,1269441.46381
4.7076228553069175,468123.9433207146,1.6111123608156717,2.680988756186093,0.3874493334530579,2.7450687292515754,0.3927816059956331,-0.098624199617,-0.0984487916434,11761.391109799473,24029.508137344415,4886943.47989
8.834742696424458,491929.2787556686,2.9892481975229632,2.9762474392248226,0.4055263083111652,3.613239551971646,0.21145903572080865,-0.0795990248084,-0.0773981135681,218681.37116805452,55240.93059824776,14649904.3473
6.682770290965387,579306.4947407598,2.1118413551702857,1.5298522256101168,0.22452104996150696,3.883197659743232,0.3725591131867786,-0.115308337913,-0.112149152606,122101.24145526269,69307.8740524809,17523982.0309
5.792536597743836,108386.23993481697,1.9311038007682237,2.548541121063143,0.17757372485137002,5.58144617141034,0.3101413274459081,-0.0208735572327,-0.0199990535889,18673.41110877603,12172.487706363128,8545458.38141
2.0385517796102564,356731.5374165688,2.3368187753668286,1.8793677083344307,0.24691559140932817,4.239761756146706,0.4828304320370755,-0.0869093427115,-0.0846427701678,95626.85158545095,41584.99232463248,12078267.1284
6.450741003910703,255975.2240858367,1.9564613877312964,1.5607317364924567,0.23711443481761718,3.168723997672068,0.22337821671529223,-0.0508242749234,-0.0497848636362,45875.49080793562,23336.427551236306,7668388.04536
2.054835151122101,200896.7109332104,1.6296862606802285,2.1043343684349463,0.23209043526181858,4.970537131470083,0.4555474089173556,-0.0495358545172,-0.0491904532492,21989.82716254519,4939.989936768221,4608387.12315
4.034859180091768,339380.0708625028,1.502142514618765,2.9028267152563125,0.21746401266046383,4.023327748556284,0.41928914628423025,-0.0726541744863,-0.072605833537,19942.209030918235,21064.613659393664,24278088.3363
2.2855776833289867,469429.85593413014,2.1743750293803936,1.5176476415504965,0.35116449172939146,2.6485277811006807,0.3369489280652556,-0.112094201452,-0.111423381749,55976.48987617138,58032.28653044015,9944136.2004
7.22866282321932,13831.670067126068,2.7552951333398883,2.3818285378946724,0.2648362165446376,4.307279150365009,0.34453151003395277,-0.0020953184933,-0.00125371507533,29701.177835557886,11488.380110236154,6328585.97187
2.8562690245253735,581640.0675397121,2.358472778445115,2.2520947178929864,0.43712075526663563,5.645578147229136,0.0880924705728848,-0.161015618246,-0.160369890692,129509.68395839918,25240.774909079537,9483283.64423
4.526734358692234,485928.95142342645,2.9988109484151613,2.810076246556571,0.21438159624658437,5.370490469903281,0.47760107251704453,-0.104884923667,-0.0928844917697,106395.39877582861,49811.85877987647,29547628.2777
9.061072998569008,450692.22218734707,1.9302699684708,1.6260025717809385,0.31261947480399055,4.347239890541324,0.09812122857308476,-0.0776888536069,-0.0770381938948,81008.56933548093,33062.90893061016,7983181.40477
2.8388474505907326,456232.4293083021,1.920682597140083,2.5222890448299755,0.154780242749128,3.5083326955399525,0.3034549889345782,-0.105570139675,-0.0997260125063,47474.49449625766,18859.345938531296,21999181.6072
5.570245575629012,233436.42577119154,1.7396241903509164,2.520164547649916,0.31858881285931717,2.3479150042568446,0.19853186020211955,-0.0468662058095,-0.0466778972935,20785.314530256637,18502.583414305383,4585507.99727
4.7734449504941985,450972.3305068882,1.7460953823980028,2.503620025293425,0.16954337730676602,3.878595693326495,0.2434333902304333,-0.0944340104379,-0.091662673931,56475.768511690694,3712.4386395792208,15486552.2596
1.1631163694115676,232062.12516177457,1.9277798940150717,2.9135017424025555,0.49220322915542525,5.008317750118317,0.32458235487656767,-0.0598237100549,-0.0597667706807,9707.228078968523,29675.70812768783,2661392.76357
8.134823022155315,539224.0977448758,2.6892600679102907,2.7346312935103207,0.42670724502764446,3.4410948789320424,0.4589831200470447,-0.0940439255596,-0.0927626182396,199890.93156531162,43761.4901992217,11248836.7873
1.6214131568313976,106333.4299838818,2.8586351859546717,1.562959089365259,0.32153901682275937,2.9417873022066576,0.25590520560753566,-0.0258239414344,-0.0251368775301,23970.45408198737,23507.65660564697,4143010.37323
5.268295188792583,175408.45452909087,2.962630754561522,2.20662427605677,0.18030557536277259,5.725518877083814,0.4944782998878985,-0.0383110230185,-0.0314474868441,38772.370816400486,15873.022980454793,17450156.224
6.0461046544505495,330802.52561944566,1.848434481144679,2.096929584302,0.357355904276645,5.28622280183197,0.31676542940817487,-0.065511241594,-0.0652552442693,36340.08672187274,5276.1471817179745,7468720.70081
6.655838109531284,191526.6215323635,2.8219463184211375,1.965220831636203,0.41556731274565706,4.553102477680579,0.12224927418897852,-0.0350859325535,-0.0344465647002,79242.27038455881,53258.41743794479,5957558.75509
7.197684663770881,254542.34717716405,1.9923826339160056,2.177005087731146,0.21675103855166084,2.5471333756820775,0.13550418267406353,-0.0479616561528,-0.0465347328445,35236.68002743986,3962.1808873559057,11025394.2499
3.2794514517044355,295453.6136391568,1.6692608167753267,2.0762912773889663,0.3488729192756218,2.579635361624692,0.37224996601516297,-0.0668104219773,-0.0666562888552,16561.765828733947,1588.1368541543413,6253963.62888
1.0898089899260444,513812.0092881052,2.8050373882802484,2.148500849817998,0.43497381443400374,2.412878365823116,0.0726790074095218,-0.125075323135,-0.124103830593,80622.12981890245,73287.84899831099,9079466.425
7.510992961194208,313915.3521652157,2.454158451965428,2.9688927984129636,0.4188867221762107,4.465186667570973,0.2661537093000021,-0.0547889621284,-0.0542425092591,87118.99189515058,9420.972102196543,6821848.56997
5.820909394128208,217475.90916873628,1.7470963441215925,1.6329494621243712,0.43104720625350346,2.462251185893344,0.11669859941158248,-0.0443665837388,-0.0442933891828,19898.424553713197,2512.807884927135,2138599.91936
8.52505932886524,148641.69842106948,2.1447468862695036,2.8833463047580947,0.45776319870440196,5.370508795450532,0.24494838583003026,-0.0245845028597,-0.0244943779346,11993.9773545423,37175.17236715413,3656522.90534
8.392495266106248,245205.5872753183,1.9308865423156014,2.2203550702065398,0.47818873575581455,5.9718600072772885,0.38746283993227376,-0.0433102783421,-0.0432112298754,21444.89571660037,14160.843352204743,2702893.35254
8.58993551009095,309441.66264862195,2.6051918530652953,2.435613368249312,0.29193240432123757,3.465392738834661,0.2564658177086454,-0.0530245128136,-0.0507663362558,126402.84870640298,21420.122628460394,13033172.3782
5.365851939815862,447668.9143219418,2.1801243459364024,2.7452744499265407,0.34906918588300706,3.81467938786839,0.12355299904141714,-0.0879173893319,-0.0870550962632,80985.62407032294,25919.619739347865,7309571.1436
4.002655562531791,72629.2657034032,2.9839199176595774,2.040694543723883,0.4267308341159638,4.846668707942715,0.1633664166604891,-0.0150853742006,-0.0147029217943,27256.31682478945,24484.94605019952,3003655.41591
8.124023823322329,132965.51294349052,1.5821174733893928,2.1456328621319503,0.3939989348810241,5.748612025303063,0.2153928148934821,-0.0236962998598,-0.0236591672972,1270.3509471899256,21324.415880858374,2133633.46385
5.061647017263295,227792.40952120392,2.03252289920437,2.114277720418071,0.4984320798925326,5.57637509422554,0.08130253256888662,-0.0459430432974,-0.0458267220087,27761.221343248948,28169.11802201868,2436125.03274
2.6509797676309104,216239.04307170876,2.2228502506649663,2.06209653380364,0.15478717788662544,2.2303673149993943,0.31295193623650486,-0.0507836496525,-0.0474242261655,31022.242801583114,4698.23555790438,12824166.8136
8.69476617605327,235048.85256312703,2.2547003321224794,2.8882939824703424,0.27429662536052674,2.67628721022706,0.3233902060751226,-0.0398829217001,-0.0388648624877,55349.21945612117,30780.594392246854,11841360.073
8.943038890951126,476112.75878419477,1.9739037335784553,2.743394836789518,0.24835977419457084,5.01838879423117,0.07796836720965536,-0.0788571120582,-0.0772896077227,71634.5124834707,14446.211480335189,13964923.082
5.196787805261531,194492.64177730388,2.593860373646352,1.663499984794464,0.2418105475579371,4.755572432129789,0.23104009452837293,-0.0402375243922,-0.0381347231696,52055.743219984084,41624.77478683919,9619817.22334
1.6812975457880872,301138.9082415988,2.812120610233462,1.662185028715644,0.22788542387461003,2.532874376160493,0.23630030729812623,-0.0745229121613,-0.0699699944276,58064.64648845848,49064.868671824086,16133845.8475
4.490434809252381,374344.2197147379,2.9080789529667945,2.1418042722794866,0.39819334428533015,4.008258328006271,0.20021880584867052,-0.0773785743029,-0.0760960824757,142058.11670774952,90951.92284057545,9382158.26894
8.231838935163431,139307.13011016307,2.707640065199289,1.6479860650992135,0.17966581564636264,5.123258524341182,0.30098288314900035,-0.0261895329133,-0.0216526151927,53364.76691147871,21448.65566116883,14009924.3108
9.115966256916058,431217.23228852334,2.775870295959899,2.4286396429066794,0.4095630918801684,2.8751227290507746,0.2056808705270503,-0.0712758080468,-0.069899624282,169747.73428038487,61671.12187484484,11402883.1486
2.8312546824783626,328266.7918429686,2.325817950929993,1.715537410892601,0.3926990447056957,5.4851505429386656,0.23738417576501275,-0.0835237311511,-0.0830565095646,79701.11173344929,44032.4378018426,5811094.12952
1.6027625082274437,268068.6978188268,2.738832339640222,2.2835598959502015,0.23778144637531373,2.211887099281472,0.4088855963487225,-0.0646911676228,-0.0610971689091,49509.62135834631,32734.18919935721,11730819.3504
8.896154078195547,485870.4160429883,1.9552558637219284,1.5108299205055766,0.23849182410780642,5.128780340272296,0.12294920994359065,-0.0847133788162,-0.0830062609322,76129.04324803063,47408.69036268591,12386963.7255
4.504644450809877,146097.1555111092,2.0977181431638217,1.97489452261897,0.37010120487057574,4.463275599159481,0.3286016128865394,-0.0308124733126,-0.0306229898201,23931.46010941369,5773.771653932734,6367837.59959
5.87584867840807,529905.5823685939,1.9753695207278166,2.5157860855089833,0.4167598869192872,3.2607973866173965,0.2775174807608805,-0.104982362134,-0.104626744919,60302.35839114748,880.940577445283,6009279.4141
9.71259230845683,336629.24122002226,2.201081003171888,2.2260584103417727,0.45676996458057795,4.883730193367645,0.1872822368657071,-0.0540360093927,-0.0537661597437,59839.007180193636,3159.8737665162953,4836999.81172
1.5990825512280056,365504.9276277949,1.9283694243579546,2.967404228998482,0.44824884734906645,5.129463180604638,0.3773905954206848,-0.0898551092448,-0.0897184957123,4327.708731139128,33447.112184961814,4290173.26705
6.83486206706886,525035.3785013657,2.9424171633816703,2.811155694099316,0.4877090479573486,5.7355958852158775,0.2980347617935166,-0.0938770430189,-0.0927920272674,189681.43493973874,86570.52693419479,9540380.69483
1.6669488031738036,490549.6127096016,1.9692669420085023,2.0386061685647268,0.35348471336777887,3.4710986886170545,0.26481268713231293,-0.119326518778,-0.118922923177,33525.61650485153,24531.548411166048,6404926.92393
4.379220356198504,360937.2412931402,1.6470668071664099,1.568229812208412,0.4680294464691258,4.74406694391982,0.35045119164704003,-0.0793342592218,-0.0792681050955,19700.38257339636,23974.31819909549,3093353.05342
8.234330906741022,451912.6223089045,2.29022574907562,2.7684394501725285,0.4329796456411438,4.410465107738764,0.4110306385916124,-0.0785816028405,-0.0780733915704,97287.14317842032,10037.016008642959,7234434.42369
4.90125009480071,259991.6941397381,1.5856486176677644,2.866851465472007,0.4631336685099048,4.1008242778283535,0.4877009555151093,-0.0539388791429,-0.0538926778492,28189.977037320354,37708.36606718274,6849974.07576
9.974641185126554,328426.65209984774,1.6658147494628708,2.730941090128555,0.15406931044987832,5.561665896620152,0.33320766576936806,-0.0535900016564,-0.0517572604878,28921.704898611933,28875.91630568092,21873228.415
6.031533564519419,37242.08202510668,1.8290840837943694,1.6919249113796473,0.4880660471530338,2.0126692565536013,0.4434979934301723,-0.00761157979552,-0.00758610000406,9173.927982154668,1665.9642434970058,915798.483935
3.8904593737235813,53914.7508000281,2.1965253748232128,2.9968727016184316,0.31573555699626743,3.1284464244143906,0.050491193460330624,-0.0102761077805,-0.0101861915495,3901.403565761666,19393.364186994433,3596307.25127
2.981001933142778,497655.2425117992,2.149876398463542,1.8878763323291607,0.42936404635119496,4.15310895817932,0.28860606172665104,-0.114284193551,-0.113946519639,47802.941199786,43925.40211882553,5525644.19923
4.154684808575457,35802.993409498,2.699537793004187,2.5863073692125553,0.19452144176822328,2.7131730465462094,0.14659139694658915,-0.00691917674174,-0.00555594807174,15993.748923195932,8852.180249071822,7840229.76506
4.352799463835957,101639.47537956438,2.60921198082617,2.8620523145035826,0.2885793835348909,5.631466134931033,0.09238660568741172,-0.0198921164227,-0.018958814696,24973.08910702309,7735.170222064651,5395415.98214
1.6184230995156488,477499.5953702649,2.139477440986052,1.8535306714960642,0.24501123205734682,4.590380470452061,0.28938695767897643,-0.126756498586,-0.124538039929,103887.65611392983,33774.29040670233,14480359.7048
4.326167794840958,687.5703769537722,2.000556311363445,2.862387832015599,0.25208056967532794,3.9115319785279596,0.3860719277670923,0.000825369453954,0.000739198503975,2803.401377308745,21189.992984716995,4101443.54237
5.178146677653024,169442.5973075186,1.9747031760922478,1.9642223687923004,0.1931394669828086,5.258807036266618,0.23552263511347088,-0.0348934218273,-0.0333729257866,15426.487589354067,10421.617202783304,7656361.16973
7.504639770149242,350423.19469597307,2.6609926309410135,2.9646198335760845,0.43201734139005243,3.803544765860415,0.3515483522049957,-0.0616553911055,-0.0608627496653,113248.35820026255,5050.168614264104,8041048.34845
6.910565362494472,357269.95888157794,1.5781086093319046,1.9218900305707118,0.15323481010337736,4.234612047720038,0.27037366422842746,-0.0697412109036,-0.0678042386824,30006.353234689985,2371.6088439522564,13384911.756
7.378890897062388,466291.74493768415,1.5192324742659087,2.9301537371367528,0.2593769099448209,2.011003982215684,0.2466886396817417,-0.0870688812256,-0.0868097750647,12991.255350415488,56070.17572578924,11761056.339
1.0752731368917139,303555.75269530225,2.693316587889972,1.5803169763390124,0.21104369012574525,3.462802120780294,0.18061548819613732,-0.0854150187812,-0.080099896014,101493.88077620603,53676.293121917115,19797534.7872
2.9590065962248246,305641.1217185822,2.215719563983574,2.5639080175047195,0.35616362921291916,2.555161889403879,0.22216708152545206,-0.0679461301498,-0.0674634187806,46193.5383535106,10347.295424369475,9172901.32595
6.955158595598708,435186.34532442025,1.6963217078303638,2.2981667007555053,0.23898834091509033,4.758754722649164,0.20740803385749257,-0.0823036333076,-0.0813862631371,58818.53048784863,351.8673713470477,9291231.07764
5.3559043136177245,299174.6779597701,1.853348901891752,2.216815615684096,0.24064945908483487,3.916107835902935,0.3407842328066967,-0.0611771875282,-0.060271409396,51082.82281443261,4286.06758095093,7631166.11924
1.0478212810151135,365094.6519381701,2.898755929646074,1.83524147138376,0.32091835039836153,3.207030229000923,0.1022083300756128,-0.0985640375986,-0.0961065384148,141484.03636122975,80908.56815483859,14334931.069
8.240451781886401,538664.4409530306,2.789254463437347,2.558393684664738,0.37844116376932396,3.8713293574869696,0.09168636590951271,-0.0909324540218,-0.0887785028828,196165.7358940125,78025.23415075087,13705742.7011
7.955286159613037,240870.60456742317,2.564677575335959,1.7862142371694607,0.19245664659780726,2.8385195518053847,0.3470058473938072,-0.045718898265,-0.040846649618,80028.60104291652,21008.93415477042,17006687.0835
5.935772466942064,231075.04255153332,2.2233378455059896,2.329262693977152,0.21142900836292364,5.700346529944563,0.29583413144549636,-0.0452709741891,-0.0433829914321,41817.507452261314,6551.761486521557,11268629.0958
1.598169931986449,2129.395118862787,2.2804854392870784,1.8798680445603762,0.23651116060808114,2.215890530203652,0.24359004353419594,6.68546858886e-05,0.000231212955653,2842.316639819244,192.7013835514695,1421596.76055
7.8986354457932615,368055.75691273913,2.962866802925938,2.933432069672034,0.4908118749412862,5.461668141184481,0.1185992979835566,-0.059966445204,-0.0591139403423,141692.05113510447,53100.07974726895,7480664.58642
6.253422289582275,17863.144444279187,2.948655665826431,1.5429467907534793,0.2890033749800221,4.045435154933404,0.2349622003411902,-0.00348813640614,-0.00256035541956,41418.91134011728,26616.4769109483,4902556.94117
8.037639794421633,302489.0938369898,1.8229035686787514,1.7995924201668547,0.35964653172085925,4.475785984555269,0.4053792934940052,-0.0557334228059,-0.0554972962201,44760.13573755213,5021.040647263039,4194970.67002
7.765722931562564,482540.273419336,2.7166568494579773,1.8634659095811716,0.23453998445059226,3.210422483634815,0.4503295561051657,-0.0909695399078,-0.0845812899546,169658.0473718204,86330.06106225724,23461006.5128
8.227018647620534,329952.6423117979,1.7958639992505252,2.1211017386517246,0.3216608338051208,5.866790467177285,0.3661594564838991,-0.0592465669552,-0.0588991946549,45285.89437181069,4619.411780054202,5477608.56328
5.6620725976416235,161781.6991300056,1.820306216825927,1.8490953628050804,0.17594171103508532,3.1274038340779593,0.07696047914639638,-0.0325718831768,-0.0313892742368,29003.847468328746,1016.3501859631034,7645898.39272
2.262920663741635,471701.05286962277,2.514139551246865,2.237023635403178,0.1621597510728144,4.355511988561217,0.35168439947050334,-0.116455523199,-0.105641032817,30301.151247940146,21735.0147726352,31360856.2532
7.040417260417198,161830.20244952332,2.107501647881323,2.8086982848878086,0.314056734387511,5.973666820428516,0.15844351529583256,-0.0283289278407,-0.0279865299697,25845.78483946716,15554.625383309512,5392955.62155
6.584264065467735,439819.0685675392,2.8973166106597805,2.568095132113756,0.2895307506314442,5.524377585533783,0.1918630593618823,-0.0809831441805,-0.0766750966094,147171.7422332324,82085.927063956,16645866.9553
7.6802786847917845,366155.07311413874,1.6335146023440132,2.3699429708026667,0.1979081118921397,4.145319301144424,0.13814294358199303,-0.0668645967436,-0.0658427340415,42185.66005933026,15695.742407142514,12293707.6646
2.5289290544566176,101997.77804880073,2.2672884612142394,1.6335047669740195,0.3906605001222568,5.961498091868848,0.3990901057790921,-0.0259997458434,-0.0258449435509,21620.346928792093,14965.484487930624,2114566.23053
2.754776799102603,543080.3249065115,2.877782295664682,2.5409881625839135,0.49751622181474253,4.805479446930459,0.34187095518677557,-0.122038648036,-0.12124260883,97512.3549221767,77991.92797174142,8814310.33861
9.013685654973957,120386.20977431742,2.8561704907192578,1.7496214264664098,0.28847638741884934,2.8348016645672374,0.3253257745696314,-0.0210015803241,-0.0190906241816,90801.99210236,45699.65314367915,9672572.75975
7.749800186068637,593752.2444844019,1.734793820123612,2.6795510789425467,0.3685955225710881,3.6223848417432256,0.3505876743511742,-0.108733538022,-0.108420538203,32241.59540850615,40634.85383916949,7514139.96726
9.174056398302906,4386.293192964464,2.049956550144685,1.8750851377652298,0.48704157982757,3.337973336046204,0.15654751763175653,-0.00066983842812,-0.000625929294134,15931.286750586301,4823.561466121291,1387787.82703
7.8284378904752865,158090.02628574183,2.4286821000700445,2.1255730924813516,0.44103724035640635,3.3760548330847566,0.2500899864464127,-0.0281778920562,-0.0279056128458,59558.68374829555,12218.674626102571,3751766.97591
6.374397753912717,119916.1783645193,1.7390923271571033,2.025705303476892,0.31224327815594,5.041825757439465,0.33496417469704515,-0.0232751281093,-0.0231450144792,16665.289178836545,8640.70881894124,2974056.52582
6.887194633250863,8396.046102277576,2.952033258068608,2.7882208720122854,0.40812131956097175,4.337051709091174,0.3364673124282352,-0.000873166844524,-0.000613961147647,33239.57984846893,22295.61634946537,3737314.8689
9.00215131546009,439420.7400883893,2.8721239930914906,1.6898166880701122,0.1948472640876834,2.152370846358114,0.4063333382398087,-0.0809733107288,-0.0702987657251,118848.38162257687,77307.50374920462,30761617.0742
6.209260790607464,416055.48125975777,1.7504252685517039,2.348467323577183,0.3292363494123297,5.509793934603904,0.17919678500964975,-0.0804889725153,-0.0801472918676,29070.020137973424,5762.276644613753,12042095.6084
6.691521918955487,475410.57861295826,1.6817331918914782,1.7130924141645933,0.2476710970129778,3.1871845619206582,0.3966512547635701,-0.0946543982128,-0.0938141030717,54807.49621660032,15425.285488004687,8763889.10933
2.408290444032405,154019.12787873915,1.6281127242123978,2.55719375419828,0.20640729076365638,5.988299507652575,0.24808301627762108,-0.0396468587472,-0.0393840618545,12209.51246303757,14283.850370798713,6354561.93591
5.265290981044925,266601.100249782,2.8641654960549467,2.8576171916917215,0.2991983171890872,5.8167629213391425,0.35157771142652067,-0.0525189768187,-0.0496340690921,58088.37800767948,41265.659197547706,11893944.9309
7.44757400762289,395468.1129729285,1.7904357146931913,2.15191148080088,0.19585509405176504,5.762122866727861,0.2550737210293791,-0.0735667683349,-0.0716889390984,38193.910637608096,5595.791046494415,12887333.1129
3.4384842848472887,263861.10233288613,2.124427392816532,2.2321383903974636,0.39464478786106993,5.244510416255895,0.47687457640592446,-0.0591977245838,-0.0589438605244,26206.394397127497,17361.19454820137,4255879.73642
2.820287624720814,418395.4621907495,2.1732770484780044,2.891134254724143,0.3096840154186674,2.8824533267341703,0.13068601913374,-0.0925361449751,-0.0911945789224,67705.26364900751,41015.23964581394,7597411.08413
3.82444127401974,380384.04506426526,2.3985165663203514,2.281487082974036,0.3359006213976323,4.1305309761151285,0.3537522898620607,-0.0823576799236,-0.0810896608114,69989.2130382822,52151.27638976293,8145137.80101
3.173505651935501,68788.68181330588,1.6076030156211374,2.2313976570743415,0.20123157853385495,2.8972105072998984,0.3094407503456715,-0.0148999119097,-0.0147584224034,4657.0459084503955,8027.88067449485,3491047.40916
2.934213733327563,468625.87264618085,1.840137926100774,2.367493654056456,0.19892008138272305,3.038701822355797,0.12772896842648507,-0.106457290763,-0.103494115937,56145.612847553035,23740.79379755024,15674664.0019
4.823657585812782,432405.815455511,2.897235580378389,2.533844604544428,0.3541954023410434,4.4438070777451095,0.07970285111525058,-0.0862379365148,-0.0839504838407,149345.5018449137,97375.20660071289,17000716.078
9.170546624951808,393500.6325704432,2.8626151609028545,1.660325062630547,0.4947534117403062,2.1633341814122535,0.40961497503724864,-0.0675793123186,-0.0669206424727,154370.60535452171,128998.86585666069,8781924.0527
5.563536820648465,93056.1637626014,2.6719359711085384,2.731665791612274,0.18368770413320396,5.8778342672828305,0.12085310014081933,-0.0184796892262,-0.0148284453,28373.72498391624,3322.6619769659014,12702856.7346
2.691283427337907,160797.8692772182,1.5291018684273232,2.153257541179889,0.2500059999980234,5.674692690311858,0.1339280072535992,-0.044802506287,-0.0446701587983,10280.105812142569,13794.611781186059,3964430.53724
1.6927450244278668,235906.21895256024,1.990510152744153,1.6085227648462284,0.4543106907882606,3.5230702886308793,0.4902954007950677,-0.0583372024047,-0.058249366051,20727.72847925771,9405.751207733609,2635481.09054
7.265405306241327,167957.77299386606,2.441938103014362,2.6792740037973197,0.17529520428933293,4.061689792027652,0.3727673831644838,-0.0313228149953,-0.0278000990096,48098.36593606393,11884.379997623955,17782522.0256
4.445188879927491,136686.17440567887,1.9127853176602136,2.065424957529408,0.456560002478433,3.864477677071036,0.16271907872055014,-0.0286503884071,-0.0285962394254,7024.541194744864,3898.060010879068,3082836.1312
8.396478519268234,483214.6020970654,2.864380042580666,1.6505512426425808,0.3335000941811629,5.528799114469879,0.31592703206822054,-0.0845346350361,-0.0818078707989,174771.43138779956,132646.75481850366,17237763.4871
6.935596917766931,382939.3478161214,2.4508341927486628,2.4506685593148756,0.29289337087424905,4.754407505264444,0.29035032728113097,-0.0708773048051,-0.0688453755814,104740.19280539821,29768.040984146868,11797616.336
8.166173054872317,339283.2789301502,1.6078600759746684,2.8201970301504624,0.25838819752300957,3.112444989697426,0.4300129703812314,-0.060792777208,-0.0605550503821,13419.036086570728,49474.56501559502,10693711.9
3.4475143547660387,135571.62651195232,2.8635083832535546,2.8316302641209794,0.25399100534474467,3.7873650178611875,0.37819433652468093,-0.0289858815054,-0.0266962668697,36920.73532314149,13000.137225706325,8908323.45212
7.231230302149523,550845.9373611847,2.936649987264334,2.93649521221346,0.2570309038573175,3.715863902747055,0.4242745064719336,-0.101544108664,-0.0937334023657,224601.4518291777,38941.54285701531,27575655.0024
3.376557862243469,114709.82345838976,1.6165686275875881,2.801558189650032,0.4596810783360685,5.8373406731356745,0.1451779645898131,-0.0257559653938,-0.0257500898089,11819.99149609371,8276.846240901104,2059718.45664
9.451616315052624,476970.5596948063,2.2985403522919725,1.503211379018213,0.4033283305611749,2.7012436420585586,0.3380986419651523,-0.0822655495483,-0.0816654453122,109110.02713884535,81016.53164122278,8607351.25772
6.7273685338003695,580003.6000231758,1.9550464233212557,2.0703617496200852,0.3844030527409027,2.358305349177716,0.06810838628827115,-0.112815235625,-0.112362503728,74993.93243199975,17614.761814363108,6744444.76369
3.920606201578079,436255.63753454166,2.0892586147221035,2.7278138698582546,0.4295622021332003,5.522475328646761,0.08102327552564906,-0.0928768891963,-0.0925675058211,30715.157908177123,22978.732695536844,5203457.49007
3.425606760630454,595715.2651107778,1.7694768269330128,2.0493795089977116,0.23999013205145073,5.586743958023483,0.37108716471706876,-0.137571837299,-0.136250995523,75146.59513658386,6270.549791585327,12266432.3957
2.718339265644792,390630.67018676805,2.367108153018619,2.402322759569559,0.36631498422861447,5.486956351648659,0.06098904618976911,-0.109856219947,-0.108983139916,92723.88423564906,11931.888493316228,9989287.18227
7.25176863004355,130476.206162337,2.936969029873336,2.409475421061798,0.3110231836352828,4.043907662502225,0.31089425400522913,-0.0234202026975,-0.0218231626305,85553.1005183499,15546.818282422648,8606270.51234
2.968440516981346,122291.69622990678,2.2546089004074137,2.0475379560582345,0.4238545723200676,4.638977713077842,0.4281822943000385,-0.0279365722339,-0.0278042377537,15213.715262485906,11269.328475249284,2015895.32208
6.357729393347402,194738.5705532858,1.6243718720917217,2.8567108909219314,0.2582396386656499,4.2534521902439355,0.22097381378811287,-0.0367105440415,-0.0365755736613,8403.604669831891,30602.890696364153,6481652.30104
3.381715242328216,4278.012132603637,2.4300020002161125,2.2548425180791765,0.3751125159044635,2.2777913042176037,0.07017819657796076,-0.000393065868186,-0.000311505688789,9737.429912529637,6770.700486550915,1557882.63398
6.9577205031448175,409019.0820497007,2.0103344916768853,2.1971763089062515,0.45877434413605966,4.38333958760289,0.3712313523329271,-0.0777182952708,-0.0775120230687,44795.93701393682,1404.882840389748,4098522.90535
8.334457556864852,161200.67077669656,2.7838877843869465,2.9962706184928436,0.290752666668225,2.0544565890244035,0.4683589036088679,-0.0276055814562,-0.0258905310955,75703.31826166982,24218.971015134026,12471489.1433
8.002227188301879,489109.9393756517,2.152017222474705,2.240250546108925,0.1733177305786115,3.2999496382283446,0.3727271264262205,-0.0910263618006,-0.0851451767626,73146.19287311287,2465.085710622116,26470160.4494
7.847661978377036,215503.59033558014,1.7892594134133684,1.7675973778928715,0.3306177878196275,5.729170303492668,0.31030125935124886,-0.0395863773114,-0.0393672867282,29559.329787741168,3605.708776451936,3663893.47402
2.6895016512302687,287973.8960779876,1.7866584340367173,2.269604134295157,0.27109037073245906,3.2161810785432303,0.15351297344557702,-0.0654612766642,-0.0647904672734,32317.901871773516,23025.421437449146,4714590.78569
1.7954645228606685,579413.3499362216,2.6531462710817406,2.721025103279895,0.3852788831915112,5.7593065705769915,0.05691903082002365,-0.234716247815,-0.23321377665,130939.46399147181,9635.258861982815,14366767.3448
7.290539456386471,145303.27382836625,1.8983813974610397,2.665290490347422,0.48286152366201207,3.000535828596977,0.36260244881557396,-0.0268492338909,-0.0268061901677,4130.1509058308775,37442.582492412614,2555966.339
4.315124924149162,432752.45845784375,2.6508500912388344,2.6828726476627063,0.3199629112988964,3.25824896184613,0.15396177912993184,-0.0894352718775,-0.0872051168439,121459.06194664986,58535.60693805615,11670436.8893
4.891116037630126,453070.6735832503,1.8088309661498991,2.5620356759968677,0.3131665805544368,4.513629985754214,0.4361732047320609,-0.0942268629421,-0.0937286416713,38966.382551358496,1770.924421291259,8694272.04566
1.2803418351405196,132598.8945141811,1.9825295530519642,1.8813267436000323,0.37910468006701104,5.046507891157179,0.2598638534746751,-0.0378127520131,-0.0377113766908,15562.838611540232,2445.9435276916006,1832570.34
3.3361880434754427,300598.1019673174,2.198230458659549,2.7931261287603473,0.18622412625774867,4.005551072019536,0.2887860120676053,-0.066616166159,-0.0624901164369,44571.56532399238,16519.60866077318,14192927.0831
1.303087634870176,210121.155187781,2.914793774540176,2.8401651980643976,0.2387271661237551,5.528462748776622,0.389271444919865,-0.05353372125,-0.0499408261476,77698.87693287044,10652.689069852599,13095046.7277
8.912671953411229,463143.7460400535,2.897597137130737,1.7912290449278236,0.4716427639251395,2.160961686442477,0.4007437735115044,-0.0802162711425,-0.0792540499726,182310.01148315935,127748.38100279942,10556582.6101
3.190570148966774,373489.9914174224,1.8103078131334316,1.695683454827091,0.3844799146773182,5.688779354537482,0.33919287488625566,-0.0912021995123,-0.0910105823829,42462.92658165283,9134.524762703024,3882601.65558
6.016034526157073,285589.8329163282,2.037328561864609,2.963407452883668,0.1547054153941957,2.785231199581632,0.47229431693573437,-0.0568898457978,-0.053216926154,49511.81822365174,13377.890612377618,22402596.0155
1.3508138859501737,467617.9590286309,1.7240990826806586,2.802485945475552,0.22161891539565692,5.536954980338624,0.4920342963441887,-0.118518145099,-0.117443366701,38988.36907233508,17030.786993441154,12672449.7603
7.001626521750922,141093.34200505022,2.2649776189702457,2.83985422081492,0.3889930431101146,3.603452717945522,0.4760984499685776,-0.0257583384718,-0.0255467054829,28599.956825119603,30903.18266353553,4685679.66049
3.907246111786845,452173.12835061544,2.190873826042,2.8295645769365927,0.41753972089690095,5.33102822348415,0.4208806334047746,-0.0968905676138,-0.096415945139,47710.72024276801,34621.10312740851,5997210.87179
9.081272682618993,519224.5872556946,2.851140243676099,2.3125302360505926,0.44395085043591465,4.68666219921478,0.36753134910991314,-0.0856488629574,-0.084318552507,178627.77608367012,101033.91092790866,11291079.6619
8.993063700406323,527172.9580845435,2.895008066686609,2.4696026049986997,0.25226188118371573,2.7037665299130484,0.3484966360467504,-0.0911279632361,-0.0834942127668,220423.4852099115,56647.51848655395,28720589.0738
3.92761556525573,470204.1558117623,2.0753510865109384,2.318044278200462,0.47586000869714684,5.672190279525793,0.09668757961424027,-0.102682817829,-0.10250430457,25527.92711366245,21245.221853373627,5732569.0021
9.108648061214211,244808.50019896126,2.237606914528484,1.5768095237854935,0.3435314127522623,2.9820695619538387,0.17216795606860064,-0.0423067196034,-0.0417144412787,78475.95820845244,35632.26226637458,6429247.87202
9.96541906148901,589084.8136306962,2.8443543737191996,2.6182546280291588,0.3937886578357625,2.9765604747799963,0.05255970058821967,-0.0915910114175,-0.0893139150155,258886.52566448317,78461.54805047053,15682752.6447
8.428740977115533,227756.18629346392,2.710061711617592,2.2579980500038204,0.35885860197296776,5.256715586549522,0.11183444160529635,-0.0374538845047,-0.0363476727878,93152.5631386246,39027.9910869364,8004779.20282
8.60384212979706,383175.2394614554,1.505484467016974,2.471563612185345,0.19295901913611715,2.423493022290084,0.24765326472613475,-0.0684284640254,-0.0677698269782,30765.985050594827,26615.4917610797,14977461.5219
3.2410786249818093,96644.5068416812,1.9800893462753737,2.253959707463303,0.48709013078470786,2.8881436254818413,0.11594144785508301,-0.0212033706256,-0.021166333543,3336.9840569976145,5967.783917653466,1851699.34061
6.190321589719807,588269.3391818356,2.132661362904189,2.2377169834836836,0.19300645296295343,4.014710293684249,0.45574853660454107,-0.118402168241,-0.113112835426,116739.43994911762,24380.842773489785,22390448.3586
1.6053032257063107,422391.55311879795,1.8445744255248475,1.7576836642166502,0.23920868474391427,5.321908114746497,0.4125646334008769,-0.112641894388,-0.111507518174,57390.49172034156,19065.941111323205,9064921.9999
1.8542614313950274,452026.52714782103,1.799357423843908,1.9180705727117235,0.4347697580780431,2.58993589894907,0.0822253604402832,-0.108753536353,-0.108583311474,29997.71429139751,37615.83203030956,4622277.90411
9.990033508299616,39466.02204668677,1.5566767598935196,1.7382790379159336,0.3665089365253855,4.190672938049385,0.1620111719602697,-0.00647793841314,-0.00644654171511,4476.913246548127,13998.45388756057,1744897.32295
3.9397532448331987,458050.6885324031,2.465054587604641,1.7934994434380136,0.4433522078817249,4.8449623672117585,0.41858234807517897,-0.100764471928,-0.100244272,55709.21422877667,68469.58098307114,6764339.53109
7.733655208439617,464834.0575323608,1.8937654357247484,2.9594660706304574,0.3305076659309157,5.442380898863805,0.4113707569519431,-0.0832940834985,-0.0827739955774,55659.278092792396,28109.18766817462,8871407.20425
8.259985477241347,403063.6358173379,1.5785207676469697,1.7296701686582976,0.2819476323783222,5.742262240808879,0.47545274755300493,-0.0745512858942,-0.0741829512729,38089.26963330297,2955.0937221982845,5808615.41479
8.722209439065063,175145.76827420617,1.8464689657920954,1.9039056364578115,0.47264592484172474,5.13855965787573,0.4988964927278121,-0.0311762396205,-0.031108258135,18818.95179245045,7801.165918613248,2062859.16053
9.978654676619408,293814.02529652894,2.70287092925419,2.3858844866078774,0.1626883111301782,4.611313592888008,0.48932152845850485,-0.050585365167,-0.041399715429,60221.73759119617,7045.940104862974,29294356.7727
3.1734683673118105,66260.62278522989,2.77723377246982,2.4152678643549628,0.449645577123566,3.7344803412510634,0.23456209357464863,-0.0140483530011,-0.0138302732756,16427.19241073007,13959.753417175767,2235202.90604
1.3631574417372974,282952.23987549153,2.224599367789954,1.7309611946157437,0.23078622481572356,2.4484406167536785,0.1626477997109145,-0.0698984400355,-0.0681937602501,35035.95861627169,23010.07720666689,9306436.23785
4.700723661951274,146294.3115602429,2.1241060056130294,2.6905761386778186,0.44705771471388867,4.8389487701020855,0.3912845856921781,-0.0298184367403,-0.0296998537104,14693.17838487412,8404.754536748347,2324642.47405
2.1707260284605225,209458.19189644922,2.966780540252673,2.6778043018692372,0.19871881469590996,5.970949217901948,0.18467280173481387,-0.0585347415136,-0.0509188218042,94619.22061143041,14829.406756138053,20723206.8913
1.2018330024584962,97560.24504221916,1.8008469893821049,1.8559765563058366,0.35307663729168914,4.9470423789283995,0.4128801620590984,-0.0260581620983,-0.0259938873373,8745.909863343964,234.70043395399884,1308473.96187
4.243841444273375,138032.62064813823,1.8230389242819127,1.9329994540131907,0.4608377716540152,2.066844374950905,0.290279628679066,-0.0300321122311,-0.0299825780847,11920.724233647401,4181.514640651993,1428536.26622
8.053644259677128,45941.18509206975,1.9378007655545997,2.9069817981892454,0.3157388764146116,3.985039912167355,0.40726727385572925,-0.00750104583042,-0.00755512251168,5562.745610552286,43343.38216618072,5583869.59175
6.095626221025638,551940.8198621528,1.7591359774216309,2.738507168969217,0.41129833583118747,4.458586529931615,0.1741459458726547,-0.106747997262,-0.106487282714,31264.73083361071,10715.141159488112,6899404.11832
3.8150019028931865,318246.412785242,2.06904839730628,2.5466955495937857,0.43163506624944536,4.758696804411372,0.2786122919992194,-0.0684179172103,-0.0681553654319,33417.74259782469,30410.880327043677,3392422.1138
6.889078049434477,238045.1827576438,2.866251340484631,1.6233498322659008,0.4077729730508727,4.878903342402834,0.3038107071209819,-0.044621715326,-0.0438354636074,106836.29878897993,84345.67549919109,7185295.38672
3.0881636227792963,321017.52766127035,2.4230217609428615,2.1273961213538635,0.4738654079061094,4.232433764866096,0.47439863047405945,-0.0725422089851,-0.072250607703,43508.22683584656,40234.80886963358,4041572.27421
1.1294330146487652,376975.9370889316,2.1179198229183953,2.3389528081152404,0.30639198068197504,2.893441330936961,0.1699689095736878,-0.0919204769312,-0.091281328106,28243.8142922501,12680.17777330731,7923589.34696
7.8791804779278465,553127.2760216094,2.901616191856822,1.7811169319756655,0.2105939037078045,5.768802645906186,0.4715097076782026,-0.104313474035,-0.0935749657906,173355.03882455904,85388.6369064433,32310352.4171
6.613687763776082,107215.771371788,1.5726963487137335,2.1723398731623367,0.16673387229586792,4.786665870654648,0.4121865119595721,-0.0205800622396,-0.0201564514094,13270.83901913192,13843.986225231396,7641046.83637
7.86072362050864,177331.49918113055,1.815414266852792,2.401538816233035,0.23626095437312677,2.947360147477638,0.3789023243390129,-0.0322045589589,-0.0317498744115,29191.352028875906,25264.020275887102,8187498.831
1.3504421501889905,585473.6018064688,2.348832907652638,1.9910650201730988,0.20011912635808474,3.2892873290810916,0.4040916211333063,-0.146655802811,-0.14066053318,66773.67338317707,37259.933719020526,23353440.0279
8.53407665047587,222715.79198911463,2.423328934789769,2.6714172284257307,0.34528205950206814,5.6877106825214785,0.3224412706460256,-0.0371796053818,-0.036441963541,76423.32438236818,5329.2288529381885,7501527.73379
6.57573580032673,13536.99045439658,1.5593362598439198,2.760674372458208,0.21473086802410618,5.549940746829343,0.15983600470811865,-0.00170316389517,-0.00191676541628,9622.07467655415,30105.65642495472,6011483.64367
6.070558156413761,88586.09558229528,2.1045581368606983,1.9854142041511063,0.1636267975512799,3.6205857534323584,0.13527273597793374,-0.0173673347708,-0.0157445206241,18492.444426773378,3405.4083523824297,8918020.41698
6.621526433030784,15803.22104913121,2.473730947246309,2.7579857317386858,0.16259644010403373,2.153228887965804,0.4398536461326757,-0.00256056605249,-0.00112712156106,18119.879631334876,21373.462433794262,12249112.118
8.779899221815278,593953.8854524371,2.547105819605102,1.6553648491545225,0.4410493244277015,2.1939894755757527,0.3763127311681249,-0.105302769343,-0.10447671844,180201.2944692819,108401.74466265751,10783217.0317
6.282428559030164,167322.50939473382,2.457209853774404,2.7565936479339843,0.35700747600505867,3.135673163673556,0.14594192724242708,-0.0310033619002,-0.0304705807789,58869.13063163519,8070.78232648929,5735339.86404
6.228553418993614,554125.6541617356,1.9808448365413869,1.729125647501425,0.2753298556626823,4.516488877355998,0.3267920146434807,-0.110795419372,-0.109472492643,89224.40057087484,50930.32549583885,10727747.8227
9.916112413591893,597531.7654558294,1.6402801853968643,1.6243907287645891,0.46297981495908636,4.336778541338248,0.2513959166364007,-0.101734032863,-0.101626061547,25938.911755942827,6384.192984485289,4802395.04127
7.810571503617112,359904.7326858685,2.140668669629001,2.462663106661517,0.17456881399269975,4.53531114777577,0.12139482648339227,-0.0646078272328,-0.06034850013,70905.57680542517,1447.913040544805,19132562.3737
4.980644249060218,19917.789039337054,1.6931316560520833,2.2079060486329416,0.49311272545473905,4.869131887728427,0.28933569921072394,-0.00405428319085,-0.00404975643826,6872.907094178419,14402.047334716008,892823.125453
7.366573000296349,48954.97823215618,2.9214354877810007,2.861835900619249,0.3657021265890613,2.0761290143709537,0.17668359160988778,-0.00815052975446,-0.00759638681359,46071.15239143142,24775.593056230515,5900026.96848
4.503074245226096,288953.43306472665,2.212756299033942,2.044783794136274,0.21421248888909694,2.4203423806897715,0.0933098558709072,-0.061658543461,-0.0592851350592,68195.23265025829,22344.37003883041,10956332.6221
3.059879162351491,243703.2077468916,1.9758887615353014,1.930728395156443,0.387674184641939,3.4379338073088506,0.2601312343454349,-0.055194105722,-0.0549739966971,26390.372660554636,24579.289444279944,3088536.74114
6.371666891989835,363706.3834690606,2.6494561066783504,2.2511023592162975,0.41718344092424686,2.619439990086327,0.31554884844210285,-0.0701200904902,-0.0692634416248,134857.14408385055,49754.23964123375,7752113.73704
9.353638883025564,263308.68582681834,2.246922888873396,2.1839192786529917,0.3002699741797711,2.3012801701782166,0.07110788467151774,-0.0442100782946,-0.0432061325522,84567.24723316498,4152.670887209332,9288535.03028
9.362255680139164,560446.1095628906,1.965051036018675,2.0166420693257825,0.45157141218594155,4.563857583989328,0.2309417372349486,-0.094752923164,-0.0944978881017,58543.06033127979,5182.126518046573,5248645.78492
4.077147502949413,320843.82924810663,2.7179516135862025,2.540611948047493,0.2027563425537646,5.261345909964396,0.1659478639265084,-0.0700870402189,-0.062756722034,68795.12968262604,31946.099812582295,21300956.6316
5.749097195995255,416235.6368774653,2.800728226501683,2.6393427508708625,0.2475931542521629,5.0105066297371295,0.06379276581825459,-0.0799035446983,-0.0745033300309,136304.40514618866,65703.07458208472,17023626.9598
2.904723087128751,537891.1635854979,2.5095122494330155,2.779475953545205,0.1827223265543964,5.268159114436717,0.10654814732517762,-0.12592683223,-0.116111474856,83840.73006011752,10840.575315908849,37777148.7244
9.960679985489952,88123.12549992443,1.570446633611501,2.9592849070655145,0.22380724421257325,4.663426176231509,0.1125653714682699,-0.0132524239996,-0.0135344812391,14248.672427567644,43677.01787897665,10688836.3007
9.830061170811422,137840.79247111714,2.349484320249798,1.8999842881987568,0.23355508416890075,4.941381287256808,0.13229341165308703,-0.0221352047086,-0.020468016361,61085.35333577049,8450.998636709472,9746735.1894
6.845580367367026,64391.19628440904,2.6449423679959225,2.5741402237349424,0.47117161682259856,3.0871150968332053,0.41151990714706455,-0.0116265722037,-0.0114483363231,39266.633197209434,9590.542829118933,2967007.94172
8.23972653709726,83783.03953794736,1.7047545181253732,2.0913873532436176,0.17733839106290467,5.972032145136657,0.24777133991516265,-0.0145630955973,-0.0140756125248,16282.251833192537,11696.803853172974,7531980.36485
7.4359014515533,307550.3801605399,1.843006127076905,2.515622957926662,0.2995952920656983,2.7326626179755484,0.1161886965216741,-0.0564542837074,-0.0560569314165,41424.23066155705,24180.633102912878,7319680.89214
6.338423971355214,192707.5553804784,2.823742657602205,2.2139725355238307,0.3363395405294195,2.85797549755753,0.09513363511755016,-0.0364522786976,-0.0350989094724,100917.2865066725,39460.01704674588,8108883.76449
1.4801319729000793,253903.70371605293,1.5301825827796112,2.9906596541518975,0.4645425688307563,3.1556873272633874,0.18407320642806757,-0.0601376145288,-0.0600924576493,11644.498403430027,999.7274384879197,2896364.67889
5.092879082973949,589493.8990764371,2.629090706738964,2.593353203686125,0.49919367653142466,5.9013297204263155,0.4091069834170035,-0.118989366436,-0.118234287725,111206.88178468432,101636.6191400749,7547128.56421
7.073076719506695,94022.60867756886,2.2106599387716344,2.9287369506514866,0.41368584022194255,5.953154357415624,0.21400693157283956,-0.0162080348495,-0.0161204392353,9071.462082580927,32672.707590510672,3402381.61157
7.097784524953162,324487.24247884535,2.1701582382594102,2.7524543242217785,0.48977684669916033,5.17957499882599,0.12195381213227215,-0.0576407975843,-0.0574448276357,34283.72707116836,7821.18143187136,4081481.02781
4.358103565801452,59322.693032190575,1.5106447987423308,2.854351516745057,0.4254853963875558,4.516230394238535,0.231852281695772,-0.0121620387909,-0.0121648753312,9377.830177971302,8897.2323365153,1858008.91577
9.475227879922276,191097.78795832716,2.7290973464497394,2.7216287958220127,0.48712092433999576,4.080250300738454,0.2998902007791759,-0.0300709643759,-0.0296871423977,86631.57462687924,6192.068182653403,5310162.44045
2.5062132901310292,316515.5542047592,2.0397373509548498,2.188738695563867,0.3975447540805593,5.882483382747383,0.06331288263710623,-0.119608961376,-0.119369417884,44898.63264563892,4358.892812948642,4395753.01233
5.503235015940046,567979.0475792027,2.3111484469508143,1.8776826800203266,0.17791719890787486,4.7824912114329905,0.3324388106480779,-0.118760535465,-0.111506832642,85800.91000009871,49599.087472957246,25244651.7734
7.217955788957405,234736.9327700898,2.5159510295034893,2.0554802631757836,0.29067206544743673,5.77892051330412,0.2277953388566552,-0.0426455667421,-0.041161862084,84711.98265380897,30946.100768154578,9060633.15311
7.2742222530262834,38944.0177288019,2.5539443646568736,1.5303543489599256,0.3763090493308646,3.2662031979104955,0.05437664380903748,-0.00706360230752,-0.0067555718528,37759.82852072671,27003.668012330963,3243281.50876
6.83775061091934,232896.86877619015,2.9339700882391084,2.285989751197001,0.2727514783089878,3.3350991690782625,0.3532502295258714,-0.0441502348034,-0.0408744911617,98584.45464133158,34290.809645934336,13886299.4624
3.4775939210667417,87444.70552438663,2.2970099298549136,2.257586700405613,0.24568437133982252,5.418898376473742,0.3705744360031917,-0.0192299153316,-0.0185572425138,15249.391798079532,2869.6578562256122,5522531.35423
2.4058591181795976,137993.76797486717,2.099579326461641,2.2878756972457324,0.35208974349658184,2.5994196823411775,0.33297790485140727,-0.0315147186201,-0.0312834212765,17779.93127771135,11341.063060808898,2497345.1315
6.723462941440398,370854.37389899424,2.930555439737562,2.961046837458096,0.4767256568458522,5.783711445184303,0.20386859791929002,-0.0652113257078,-0.0643615849217,135122.29281354853,47142.89289201823,7409358.31233
6.393719045254939,40454.31972220901,2.4631653525382817,2.867181005182259,0.16224365573065375,4.02989741865363,0.28832218432968254,-0.00719492740736,-0.0054805809548,20044.119436575584,19152.732274567592,12446213.3158
2.6142040926031687,278834.25375002244,1.9472255344148335,1.742569167495162,0.4192309212395031,5.705655514334791,0.2242209677600459,-0.0756576840708,-0.0755145794531,35875.26254653277,9450.554200551282,2953195.76529
7.34625231013507,365676.95160645864,1.6896963681053567,2.053323782333834,0.4029545473156194,3.3471711549032523,0.3652797785718625,-0.0696062309022,-0.069472081488,24194.130059721054,13823.887912363512,3621264.58491
5.096547925602907,253115.03542049814,2.763831752197772,2.135934269194893,0.4873836988859005,4.863835616557588,0.3126110838051599,-0.0509816867077,-0.050607847533,70611.63135170644,43500.092538917386,5011248.86167
7.009845324428376,11475.810374238215,2.043272404191227,2.0407993767774717,0.4757489278163902,3.9315004878907587,0.0868096012223524,-0.00196456666892,-0.0019309205965,8549.63319348101,9189.430886786542,1210263.887
8.536303717931357,591311.6141417193,2.4907045820466465,2.6977439454058696,0.41678139671546743,4.507214520981892,0.33939210119854885,-0.100386662949,-0.0993051233063,155568.3324227406,30286.545565258235,10598759.3366
2.5275558571923087,220269.46040432117,2.2062246290488474,2.2860565048013806,0.33214306763890955,4.017489972556609,0.35925728645201066,-0.0506123697271,-0.0501555575114,26357.954985369015,14745.45232232649,4639428.79342
1.17230381197153,467146.31215996016,1.7983946696925575,2.3581497254574373,0.22149364363173193,5.868462469485445,0.21681598127661472,-0.145919682937,-0.144586147813,46712.02101240245,3259.4190649716165,11960083.2431
8.011923277562081,195387.89531247193,2.4025299129306976,2.7795203384818885,0.34083250141395105,4.7684215912556684,0.44410360143186695,-0.0338540051498,-0.0332156448228,65189.28857036075,19257.335557846858,7340980.91375
6.487276826373543,285010.0541960513,1.5910246034260234,2.708892230123038,0.4178731978718788,3.0052758745052617,0.4293564596802332,-0.0555255268865,-0.0554652881202,15479.39250217795,40417.15235445832,3677450.75687
7.296756126599095,233078.1855665979,2.1200136898067883,1.6983172842304495,0.46348422442326254,5.638707687620338,0.12882493575488205,-0.0425376034767,-0.0424037134692,38012.8686476897,16679.363409254413,2795876.02341
8.543394774897783,205523.5377057646,2.3199224094955064,2.5708718761254516,0.4263992032236922,3.1761189526204174,0.45691983881864084,-0.0354734346146,-0.0351874383117,56152.12102905775,15909.733123894324,5015582.12531
8.225298413420504,13110.826324667247,2.1540704611778687,2.1531541933530534,0.2183434273168689,3.486420397203425,0.2483925671727849,-0.00192109671867,-0.00142848291917,16189.425936072039,14924.38890841618,6425745.20317
9.648281322359422,216012.5627127021,2.6230082628764864,1.9419733545937508,0.3598902099798208,2.4084947920808535,0.375687343685432,-0.0360187434411,-0.0350093027577,109061.1118598976,45007.834305209886,8213166.48101
5.823415709669064,533693.9942397181,2.7418874318179687,1.5750282313532795,0.2662607108359749,5.599866079184763,0.4163436531352562,-0.109104493419,-0.104734868059,160723.48112313126,117020.63428393699,20910804.6371
5.396460693939148,414236.0031562102,2.656864611049767,2.2308743405181763,0.15322198358672504,3.144448092911452,0.27730058948136044,-0.0882917616878,-0.0770699915494,61453.15521150707,14305.93664970305,28502747.4678
4.616984799016571,87253.7154572639,1.5582194217177032,2.033155021086797,0.2200773275260331,3.0356704717255294,0.2295958727168671,-0.0181318054215,-0.0179769459649,7820.643708523785,9002.984332285616,3416303.96591
2.3832193855978407,354693.00277364353,1.7911931556689584,1.8772695595146012,0.18962722747670724,5.681050391979816,0.4619531158767943,-0.0894818852569,-0.0876186476041,58095.123379337834,12206.257142732216,11553973.8634
6.153465095938202,535338.5159693229,2.3049112638956615,2.5420075943954363,0.444951693238814,5.222107449620133,0.15388409882094045,-0.101080756129,-0.100555664651,93073.95101061388,42735.02825140165,8101430.59479
3.493112718933809,420020.42457891325,2.9022330606657016,2.6542280809733807,0.2404771882517342,2.5643156860774976,0.16563653497361502,-0.092150019493,-0.0860750776026,134159.36603868924,49767.230075738735,19415152.1612
9.291767609916779,89210.63541401803,2.752435162578175,1.8671842785441373,0.2496442891106444,5.077298015614723,0.2127291413060467,-0.0149342359862,-0.0128529403635,56003.4753668365,17487.005140888843,9996264.90087
6.248717238493878,520699.498040698,2.7638017625277023,1.574171155019021,0.48597780012960945,5.652132392215163,0.4367596000867545,-0.102476937265,-0.101894599997,113312.30321048765,107827.65392756266,8957144.53098
6.335561624572992,180926.40797331923,1.9548122906395125,2.7731290508478526,0.28268035306709827,2.3140448728429757,0.47245471889588414,-0.0348292644501,-0.0344983172578,23801.831635281025,26285.356170261522,7030788.62417
4.194321947893091,272445.68658740504,2.144171845618054,1.5149396118064549,0.15335497405053808,5.300859979618292,0.14903047163968786,-0.062248130257,-0.0572567305575,35148.11000589186,18316.993559100116,20157051.9792
1.4679041677993674,315685.6558134878,2.206058920973906,2.905668740882208,0.24934615192114779,4.1896802074922235,0.4387415664340604,-0.0751455509429,-0.0738510313135,29692.640021984564,5915.259679688188,11054839.4561
1.2856938883568976,510303.9626269172,1.7360573750248656,2.441429810974059,0.19175485321063435,4.676789797515203,0.1661913317608562,-0.145942358063,-0.144080721449,47172.0477400149,18572.659592745,17347936.7998
4.810016297378778,558964.4970885967,1.5466021953666844,1.9827699528019804,0.18598299660754888,3.9714173556197476,0.4867885610374496,-0.120546945753,-0.118910204511,46483.40192430687,7250.796331840461,12762881.3264
1.7610884028751408,557791.7266743337,2.9203543491907755,1.8697168643651043,0.17712055154751233,4.791212339621115,0.31883355139171204,-0.153827158592,-0.134129240181,186712.45605652613,80159.18052876997,42060450.6378
6.461622599861252,4772.508767124384,1.86106887849526,1.513508496396713,0.357640814561382,2.136391446667013,0.05318891035132208,-0.000814785372011,-0.000751723300732,11912.427065670212,1102.408860303585,1372039.66641
8.928757050756918,553133.0913512743,1.859923355585447,1.8532071255163158,0.2162717032704505,5.050826892893134,0.06535845683203005,-0.096172424558,-0.0940047582573,73907.079959256,26381.647989565172,14340766.3471
8.9462333486685,32632.1796009434,1.6250685806531393,1.7065924522757117,0.2764349779143537,2.1333747914358336,0.11636803886211881,-0.00559549566031,-0.0055051050065,11627.779696962623,12219.286105687985,2853202.23236
6.931408691190091,159464.1940904612,2.892761627915668,2.418249331084718,0.4517062006455058,3.821199390989374,0.1344079210184405,-0.0283811050448,-0.0278548118612,88251.26133765762,28751.876968226326,5114084.52028
2.901086483256379,308992.71283669973,2.3696056724096577,1.749818382890702,0.29851834892869644,2.6038599725211795,0.3954286052719685,-0.0713000883916,-0.0702758405638,56004.41987791366,41337.278989575956,8241115.5296
8.766971482229849,287955.4134026364,2.500555285688031,2.292944756304929,0.4704919725180732,5.294297109405228,0.15024464438762747,-0.0471406844167,-0.0467649928215,87407.47914794642,22977.255218073547,5088899.49526
8.974840917818874,362825.8763324352,2.867365330894579,2.3851746335167063,0.3242783186884622,3.2546436367026743,0.48611372902243694,-0.0617031373277,-0.0588718039913,161502.1166539818,51065.462840404194,15083411.7524
2.769882264576628,287667.7372422035,2.018430253351184,1.9470625475203718,0.2895928151939145,3.81637417841733,0.33625042574132225,-0.0664414192612,-0.0657781313241,31650.921879410307,21714.97187546684,5663248.23626
7.636834771936095,560625.4077842524,2.432260966707126,1.552597423528078,0.4126361244817456,3.7150029651932464,0.361632879164083,-0.1045495418,-0.103797445056,145009.3166452094,92764.70994923903,9579277.5534
