input_depth,input_top_load,input_width,input_height,input_thickness,input_h_fill,input_e_ratio,u_y_crown,u_y_invert,M_roof,M_wall,sigma_vm
8.353049325152817,246971.4981852122,2.0075146668159976,1.634311182920366,0.1896116216814456,4.192457896674497,0.15592602370718436,-0.0445342275325,-0.04238124233,55382.19639462343,15230.86380051579,12239926.5732
4.741746814096489,106268.86907301203,1.7003073294319582,2.6031085699678838,0.44679491580413666,3.7167135455752813,0.41109137561229003,-0.0220224606716,-0.0220001715408,8038.246089836736,23736.526156052994,1721630.46316
3.3654049905400067,4640.720570928747,2.07345533363316,2.0212465448453742,0.16636729402772604,5.7588461473442445,0.41968829376318734,-0.000622101542732,-0.00025516283665,7179.9208896253995,5312.912130276001,3761352.37849
5.701775278757122,93787.09446979837,2.6478563448277894,2.4954126249916673,0.3423860942816392,3.3245614711964095,0.4680961909633131,-0.0180863676819,-0.0175102903499,50897.904499620425,993.3151342094707,5111373.22817
9.592444662366697,440235.58190025785,2.6268615436291696,2.5681425676880227,0.17075223120539185,3.960251749389204,0.4322498781932753,-0.0758433301528,-0.065322625822,83372.69404823506,8871.651745681453,34310522.8561
6.014611251126242,578199.6226193886,1.9288858695055313,2.1941969096177036,0.22074581939096896,5.510827345058881,0.20616738715584038,-0.114412807303,-0.111950507205,89324.1948074198,30074.450850130157,14514476.5013
1.7827467490356672,471994.945645613,1.9583814452828168,1.5484281804861126,0.2062487406620828,4.153020145012713,0.3895748169139229,-0.120856883189,-0.118371517162,69399.09804121363,39395.303510297395,14629315.9109
8.260915789169282,166369.71598157228,2.7633749266529612,2.119604869163944,0.46532925981977824,3.329608004351104,0.22699540618666703,-0.0286821173971,-0.0282553065014,81230.92043054955,32743.27669794974,4857505.90769
7.244901089966988,119178.80663729295,2.171674327176803,2.4123224354924004,0.22425924651851192,4.901372529197062,0.38962326861754926,-0.0217478261911,-0.0207641359734,29814.570822717502,13926.614635166241,8739600.50464
9.859800266755823,501252.9127707434,1.6124697492933748,2.5710794824040786,0.3720605039488925,2.8439940197082345,0.4711171371150209,-0.0839584295233,-0.0837945726156,5237.036709587827,52006.6254137299,6921592.56881
9.19245387578136,182246.88166652454,1.6263686551543506,2.1460308176295957,0.29529620006524415,5.465727469893441,0.0630744738441479,-0.0301926896688,-0.0300618157338,14425.905257997641,21696.315773374303,4380852.38802
1.0826791042894963,88656.4751972275,2.8074089159170894,2.542672294792422,0.427963296581667,4.869170962525256,0.2554994678479686,-0.0232224664142,-0.0229963745087,29845.131813956046,4372.582001178593,2541928.42909
1.7514698557679786,338895.9403572353,1.5020695551235785,2.689926675201234,0.46784365035431874,4.84898018002958,0.14837778941191043,-0.0894626581871,-0.0894110556063,34275.02672970069,41634.96764037699,5663551.57373
4.820713622770111,229753.21555913938,2.35286731463552,2.6326465910936716,0.34234386694084773,3.3165530728667476,0.05680733388289946,-0.0457026348483,-0.0450569444273,53867.92343041458,12436.45133974953,5506634.21533
9.75046572273247,515763.49680806947,1.8552570814104068,2.2802239502916244,0.2619201169839538,4.703332487067824,0.1203645691700998,-0.08456639908,-0.083462991469,71561.65014661675,6887.8218359300445,12623176.0344
5.05496118045979,342118.9860951872,1.5214020963131025,1.8427931389611314,0.4053512879126875,4.081781441850849,0.11400697566105096,-0.0712893162622,-0.0712134903832,6732.282476183035,1997.1072196013085,4098791.9471
1.081174128421282,569629.4454155704,1.9027053187860083,2.4363241784425225,0.18748166296216145,3.213727738806424,0.44358549019116755,-0.141206706081,-0.138328284564,37770.53702653712,10441.724560214587,21589021.4119
3.351789803910493,466659.9538889956,1.6687701404453263,1.8981495438440619,0.31894712808107084,3.8300894071058442,0.4838794565414916,-0.106461377039,-0.106078717026,34748.42143945892,29225.72332381677,5171125.26625
8.80131420120026,158060.1163652319,2.6475300971736417,2.02175397569461,0.4934483392520148,2.426108520945349,0.20139020596397278,-0.027017088351,-0.0267273214119,78760.60457976238,31383.879551407314,4015298.51813
4.105715058176045,140935.37973272102,2.157147232255518,2.768367135315535,0.3690196621945676,5.672721334461349,0.3656698666565799,-0.0295605648698,-0.0293677023293,12666.771038288187,1812.2902615125724,3550164.02035
8.364019340903784,124184.51165953954,1.709545505207502,1.9777865268176371,0.33764636552221217,3.4932408026606128,0.15698180070687542,-0.0220079199278,-0.0219111060403,15025.54996589679,15224.529701613028,2984411.88808
2.332170251888052,88592.29058597227,2.4301648512349634,2.5647937612214093,0.27226166511521244,5.628564049806899,0.26497236456026185,-0.0213003102021,-0.0207044906901,25380.25752921279,4774.263878671665,4813875.9884
6.751318822991711,56003.58497162252,2.9580719375191933,2.499703802180779,0.3905390761893115,4.333951415777811,0.289269048654865,-0.00976827993515,-0.00924437873956,49807.19872398322,2838.703109669179,4611663.32562
8.033840298335818,217798.02653145467,2.7434283938905852,2.331998849397668,0.491933336080405,5.683661956349254,0.4279802857088584,-0.0377798758412,-0.0373853507857,84155.62672088099,30251.129545421794,4676638.54029
1.3357345548473385,24815.807008024305,1.9304748706335015,2.519480335820242,0.2738361469578489,5.389999184385486,0.36167992612126015,-0.00593099494072,-0.00590473474729,1552.2884989270349,8462.554179625322,1692528.34385
6.075319542323326,361665.1365350385,2.9005692920427206,2.7792479473582605,0.45948550823193024,2.1316378368557367,0.3580567827422459,-0.0692553427595,-0.0683086907055,161004.82626550915,38832.5951275037,8356951.08011
7.7686820956065405,509154.9214818055,2.030153743879704,2.831430579785116,0.17216360515209822,5.1876229679208485,0.3592253508074138,-0.0927668828761,-0.0877314803725,66928.25369160566,9774.66149275006,26926527.4417
9.755639767899396,76118.73255384191,1.8292931737579452,1.5628805005373991,0.3824172444894016,3.6484300380521457,0.12709010791549225,-0.0126892976782,-0.0125941143615,23446.955564178817,2610.562975355908,2166938.8677
6.266700475947803,275097.7424822507,2.330519313579621,1.83663245286507,0.33817504603695125,4.115083200601156,0.1408632868515728,-0.0529614811077,-0.0522316635395,68552.7530980601,41428.948288305,6435009.25651
4.755759365812574,66384.87622609119,2.9134081064684905,2.43557342564435,0.23251154058447582,3.1791741579624277,0.18552682370679374,-0.0132707258948,-0.0114549263801,39561.90193292426,1026.019753402218,7912381.43377
7.923886005106499,153474.9323336647,2.2828205595481963,2.582735294113301,0.1699964996360356,5.9724146621220235,0.3357767604655978,-0.0274006594937,-0.024580057169,40011.72998718838,14889.438645016506,15980502.0776
8.171362390174979,167145.73473881805,2.8084766124255736,2.473431862737551,0.3108222573945575,3.6799997070718717,0.2752859731029878,-0.028755711255,-0.027134418688,98488.55536074332,11717.825258027087,9972986.2187
2.6182940754914177,280375.2102675946,2.12326565571641,2.691354193107339,0.4572662010145909,2.3634008035134833,0.08446498033145958,-0.0628504493457,-0.0626778292698,26406.351841676355,1591.766441276681,5264657.02324
1.5354629458303164,357069.3033001171,1.5110070868619072,2.827475405829677,0.33661992888307707,2.5996334588336616,0.07402531034285549,-0.0844080249682,-0.0841682442384,16664.520714021484,23008.866619160704,3607513.52555
7.669680169023691,63939.09210974338,2.2045832672909498,1.7636928346252274,0.2074526453768169,3.875672798843789,0.39999028433383665,-0.0119073416723,-0.0107762140392,33282.40912145719,661.6454619704506,6991425.6426
8.279909203993029,445729.2193205269,1.8351714840960325,1.5445097903961889,0.2710187179885071,2.8516946370696044,0.07242405213873736,-0.0818084173074,-0.0809727806664,64112.62266189852,29357.906479083158,9064327.72828
8.435774724699579,549431.9921110905,1.7225351295205389,2.3216293470617932,0.38131282878940254,3.7701155832558944,0.3660074620535166,-0.0985534978994,-0.0982980950646,39685.53416612435,26188.472262949323,6219456.54405
1.9976195157267482,25162.085953664493,1.6469294563792374,1.5019688148200658,0.20327237918971183,4.668975546615375,0.4730428628187748,-0.00614469655925,-0.0060210268537,5815.012248735685,490.3649284812636,1485451.02244
4.7960542210509916,568916.3960294593,1.528658807596487,2.3746160994296956,0.49573283639545074,4.174907836015005,0.4829744566662103,-0.121160325613,-0.121074168071,36200.49590962196,30889.0165341417,11260438.9972
4.135244098619053,540492.0260763058,1.7446208085793276,2.530630892359493,0.1544079329066773,2.5640260571766333,0.35760438732667904,-0.118304686252,-0.114217289426,67674.93540213486,1438.987500180486,20509740.3134
7.903889032203047,130139.58155339735,1.5916812314376114,2.352305939668936,0.18304901823557662,3.5199486630013,0.08592480381386286,-0.0229978845411,-0.0227088102623,10080.599916051593,23259.110219516253,8879756.30367
5.889874825404413,505832.17868324957,1.6679324963226592,1.6328739265860517,0.3861435240913528,5.932692021745054,0.39896659497426756,-0.104112802115,-0.103926002139,26826.52065099156,31939.647729713663,6503691.29772
8.872209548179026,220305.74047226465,2.377347478879947,2.827330710550061,0.2298993536576488,2.7169692458401786,0.12537793595670893,-0.0368881325777,-0.0347989713981,71600.7209849279,28693.992134640223,15559315.275
4.331356582298431,380497.86071486794,1.7613025028285678,1.7530410453759226,0.40395321979688403,2.342601123601006,0.36838746474125916,-0.083459348097,-0.0833078282296,35310.87687479836,7999.064388133916,3498026.77431
6.429292282321608,519398.8605079726,2.0307635962153823,2.9109235913338285,0.18217982992874182,2.9791812311076966,0.3991130660151094,-0.101402851284,-0.0969252454537,96449.75063263993,16218.606351489077,24069090.7219
9.38990267665965,118994.5916106537,1.6192651503924336,1.764049450933185,0.31962176302403933,5.870301128749202,0.286698270937871,-0.0202814272691,-0.0201807705386,16117.658968392587,8748.664596268127,2814119.95774
8.863621624731744,395721.16877070116,2.5083520033137185,2.4980137242821954,0.24997746229528278,2.8340008029212878,0.3903609542457131,-0.0685774111418,-0.0649242592519,139067.97999622978,9007.68503806096,18779776.0166
2.6072979360884183,49760.79836989724,1.9844649531746144,2.4712163897279034,0.30379186175292894,2.6939959223493894,0.150791416571373,-0.0106236756539,-0.0105154800487,5061.910831537801,566.9018106798877,2038701.75435
2.442716271115658,406453.8256016598,2.9582624405785913,1.8530081257105675,0.358805133055198,5.582880105998873,0.4702378449410723,-0.0989093655114,-0.0968592999491,170255.55417669856,119041.57784387132,12470460.6505
9.690509342034666,504056.9495627855,2.8179203795922234,2.013481014994418,0.3863967561345839,2.6138684083766375,0.4251202184263473,-0.0834613672898,-0.0815083166195,228377.50481830724,120987.26277388025,14279229.239
6.453646660795509,370398.6432150735,2.479204374142764,1.7759811106810341,0.3494556616916842,5.391459214832624,0.2594591684595244,-0.0711356026141,-0.0701200421116,79044.58711297742,60879.623298935,8757298.44939
7.806801021377495,118436.20400959653,2.022329936006887,2.0228346527738017,0.23785724689407067,5.652492620146544,0.3848516393396248,-0.0214289960699,-0.0207420376056,35551.91784613886,4890.252029786879,6561397.82156
2.3503252056872106,29913.634925985443,1.9828993817689389,2.2594165342724284,0.19414262192094148,4.352865849604299,0.4040857863673057,-0.00647899572531,-0.0062348884558,3287.1214615359495,2633.905609153195,4324440.83249
8.954619584822062,387737.6975446281,2.664255733365407,2.0438984941422498,0.46528983731389284,3.9171016196672626,0.27588955884452354,-0.0651891158466,-0.0645475577737,126004.03315340883,69155.18380413155,7382170.73824
4.1472259084901575,191318.6655083308,1.8580423235830898,2.0825981085687886,0.304210622789275,2.5646088594060816,0.09373642499860901,-0.0408145508739,-0.0405293511653,25724.77456031936,3867.6612111730187,3691408.09458
5.0894014520385396,447831.2105191016,2.0447857926823914,2.94453150736189,0.26830007080792384,5.511968767269405,0.2721983851812171,-0.0898890614057,-0.0879711788839,69337.71011256517,35685.21332611767,10581059.7544
2.125482284710572,264815.862321058,2.410131679775487,2.4330783206428825,0.3953692855856714,4.774184513910865,0.0539064389879522,-0.0708375958368,-0.0703662315898,67023.001894341,3447.9487433787654,6072483.45044
6.200442648793066,107739.97806078581,1.5533046789650664,2.5449231639863577,0.44351150098154224,2.290622619333493,0.2449374367341971,-0.0211917181875,-0.0211820896315,17498.74030821137,33876.02195873451,2254836.95678
3.4767679885647236,410986.67875685554,2.871080063438816,1.7494343490753061,0.45903117521267645,2.6550683715094596,0.4986449836324477,-0.091774336169,-0.091072717893,128648.38138085812,94911.3456376746,9635193.86347
7.464401197809963,475500.59959195217,2.360808176306049,2.124329327694952,0.48661134042688636,4.217139541055939,0.4093592600243964,-0.0877600520596,-0.0873842717507,104618.42644199345,36168.23492492557,5779350.01747
7.302988873596496,335674.968664222,1.5905442672386212,1.8000471684029014,0.441872112239433,5.163171792725253,0.054782224225139065,-0.0628411131151,-0.0627729911245,7394.27153099587,5305.512360544163,3461594.28895
5.959989162851521,297457.3666831923,1.789802590113826,2.4213315989685364,0.24378405358785132,2.8089846647124608,0.45205982850093496,-0.0595510936514,-0.0588509402441,44853.34835059382,13769.16777300184,8448265.74845
6.68698569242631,414019.1355828145,1.9050665647150362,2.7257465312961626,0.17618847970276727,4.457389825535303,0.07336368265221005,-0.0775818471983,-0.0743857097931,53652.084998177605,1247.063914201293,16624064.426
7.02143832724382,77897.93825642527,1.642878064851663,2.2023511560496782,0.40784673514883185,3.4004514299127724,0.311780384302247,-0.0147401675963,-0.0147184313113,2233.924190895272,22167.989731032354,1840548.50879
9.32309424796641,487373.95439877233,2.7535402192512097,1.6075232066166179,0.4176790593980887,4.752203401893692,0.1518062959934362,-0.0798029766962,-0.0786974040532,175165.464714381,138390.88997114808,11318820.8583
5.280750351306857,385406.36675780785,1.5120960272838433,2.8940873615489746,0.26665013101261326,3.8100709541217324,0.2900811252555916,-0.0778881703119,-0.077578171755,16659.195109751654,24701.927453454522,7184925.95296
8.86158018412877,187139.33527916952,2.1688443981950978,2.9679732811609476,0.39197162489004284,3.139150257644413,0.4500648876621776,-0.0313411797392,-0.0311598719278,22987.22455550854,52824.01369358642,6057296.88675
2.6569930000987485,15594.822202126757,2.6105163801993267,2.8599113358748376,0.3596481589187468,3.4082738968582533,0.35544332972151316,-0.0026587733649,-0.0025463425148,2859.617593015897,3695.9361771807803,2099523.12164
7.2219395766827486,367641.38111549173,2.597221820457649,2.47642535069117,0.15555439590432532,3.3820503604280057,0.10568968665787967,-0.0703842495796,-0.0606181908775,55264.1968420586,33.16759250640457,27769094.7084
2.219769160619657,267739.1253203871,2.6897328959946187,2.1998372099643637,0.3038071744046948,2.0488543901569027,0.40607825476258846,-0.0623917818177,-0.0609479421175,71571.48626713049,34607.9532389947,12990896.6359
8.352091374573888,262911.80667396163,2.8494347780319305,2.2718194726626066,0.29276133735664245,4.151071568475624,0.1234387239663615,-0.0446849654872,-0.0419252016825,113302.5256414445,46235.12471749343,12879909.7521
3.5669673649167404,357924.14082333125,1.715252568089549,2.569942457110363,0.3039261359238584,3.794850991125012,0.09891408401353044,-0.0773564866506,-0.0767804886781,43496.09145358706,29322.472067750452,5035183.65129
9.591874049933214,537647.8643103914,2.3386381066745194,1.6071196056292525,0.43286744938052346,4.401293851191044,0.17355035079522876,-0.0890026996284,-0.088465697175,112487.3187699899,79239.6162475782,7866589.31253
1.9805714733502238,249828.07728713733,2.5625039761241513,2.142505481298974,0.2879585124243268,5.275119000852651,0.38660939695412044,-0.0624891521368,-0.0609190247279,82971.52405748922,32719.74666702368,8744787.33347
7.304434691558039,54130.60074641392,2.8700541364911203,2.1188928230596686,0.3780560124078337,5.695221502681587,0.44378838078091937,-0.00957566699445,-0.00903887483468,50093.620222511876,16644.09936221634,4366573.04756
6.371864849713624,300438.7941311599,2.976509508341997,1.8329271482391383,0.3129456967754978,2.1046496074692764,0.1445277096867424,-0.0589206712392,-0.0561992585125,146613.20230888014,95481.16460214189,13415330.0494
8.203126374080082,319822.7106293716,2.286462585789561,2.158273182431318,0.15155259596694692,4.732719584016039,0.06076806353549782,-0.0572466283758,-0.0508686587985,43250.06973946853,2728.8175331768,21881186.5903
9.513822557448462,491931.8341133459,2.760870799701949,2.737080540318846,0.16700831446754713,2.48604677231369,0.40588327123911955,-0.0861594910128,-0.0722788300394,124477.48718361095,16688.990959308972,42566642.089
5.636477686109086,98471.35985103046,2.1732383781036306,1.5571674854224098,0.19606240946817433,5.662059683652455,0.07646177116986785,-0.0197678772972,-0.0182802210344,11874.565074152195,12539.601027716126,6948003.69751
4.41656944740973,18568.24100294807,1.7437508953307999,1.5213886387932747,0.4060887513843463,3.469891947055638,0.43625060743097516,-0.00399070099697,-0.00396666768857,6840.889101325284,73.11632013333674,747298.076212
8.394397699753743,409592.4326410591,2.707588621867907,2.2300544985282325,0.2674563675211541,4.274657921544712,0.28324040929686567,-0.0716020004046,-0.0674956374268,136261.21622246012,49610.72401796086,17690771.0124
7.14373894152711,42335.94218732912,2.1748660005146414,2.808205316741353,0.4064154839270254,2.0092584215073206,0.10305710154207742,-0.00731020167035,-0.00727762601171,3461.5881266914766,36529.54249678564,3540187.99047
1.3029468624968539,463847.0787719762,1.6410638651201441,2.580675195465071,0.22361594527609904,5.184647884985278,0.17948390532858716,-0.13653107609,-0.135796255016,35426.93190422416,25738.96735719401,12381284.6879
2.043035113186372,168205.2471853877,2.586330949194898,2.1298039077147077,0.25352895880758175,4.2726875396943225,0.06525538755534693,-0.0418700448966,-0.0400653245184,66777.1645218921,19341.03915115497,8729426.43847
9.767183781305338,524491.8997223462,2.0808052251871176,1.9196983333469304,0.24139089592960283,2.9212426847565602,0.08103327031074836,-0.0882199763383,-0.0857819061881,121338.16010846682,28799.175369931578,16748330.57
3.450249919718713,408766.1481198123,2.2452240502692735,2.0432412483051965,0.3591129385766283,5.335941183138413,0.32018444210463437,-0.0922543324688,-0.0915890306266,49987.96330229182,36331.986714696635,6984999.8338
9.684740676503408,281182.1158000639,1.868517886614029,2.76893717986872,0.4265979958853662,2.6551497848740464,0.2195463118729653,-0.046127914956,-0.0460297161407,1361.2167776221968,59373.463864518744,5132628.52897
7.410149513882131,65794.08766561814,2.6038716630033925,2.398785314672386,0.3959292702217798,3.771879901227283,0.10595912455737451,-0.0112228452351,-0.0109071973885,45143.459689386335,3756.603036367155,3924738.46135
2.9593032318793124,191254.4460846373,2.3722018349693537,2.853976063276752,0.22431678192347004,5.34271383052884,0.3467260067481753,-0.0426883347565,-0.0410244930156,27193.022696771117,1246.7605912625647,10707972.1534
8.337459772945234,35573.66677258058,2.497496951197788,1.7658839715375088,0.2178736849857607,5.107375080323013,0.25555645217049056,-0.00633807360952,-0.00493567161959,29578.742072724748,4240.2587789891195,7574303.42967
3.4291074925708642,410745.6961819142,2.2838713690319614,2.356980370318639,0.26398228840666366,2.827702916811908,0.16676598949715732,-0.0904298999296,-0.0884466518464,76755.40194855661,37675.55167165367,11270350.8872
5.528561907006697,537350.168121591,2.3731712405082708,2.241129540121604,0.4633349782404581,3.0060262398098163,0.3389094108637977,-0.108485973657,-0.107980543316,119878.45537452206,44437.00665161553,6750887.19771
5.173655929384689,412017.5156204464,1.5261690202955318,1.8293968125097597,0.19115486898633996,5.180314112179413,0.18464323896397544,-0.0862436342227,-0.0849715144124,31315.82867104712,19793.85316215994,9323989.48017
6.202362361286729,206787.7961542296,2.224732363290595,2.144989965243708,0.33567432152512233,4.322157571228622,0.4490119104294548,-0.0404519643441,-0.0399358905765,58240.755792367476,10944.407008789938,5224636.72365
3.3852381711580137,271731.29077594425,2.380382838694924,1.8275239514028656,0.27321939713913745,4.836743813249084,0.48228215697213883,-0.0618637539607,-0.0604298397577,43502.267403575665,30145.322379527035,9564967.83415
8.034649536353271,342749.26330841286,1.6678245563554057,1.7629449586813781,0.3356482503588595,4.902883301400152,0.2284609063451029,-0.062723360331,-0.0625053248177,36192.79859846105,2177.105878368747,4123849.46651
5.4525930448826125,457539.41263928375,2.981282811898439,2.641769389734791,0.4315148234213796,4.6841864895591865,0.4873031765587081,-0.089930147889,-0.0884663173049,184168.04009630773,84245.77194409356,10806008.6639
3.908417295421218,162639.56415508964,1.8745210174428213,2.009691184997179,0.17772616505183106,4.740024785077132,0.25959295117197806,-0.0356878155817,-0.0342848914568,18367.25989391515,7281.3137260617195,7325377.44509
7.852715936606521,518741.67793633736,2.99353398284714,2.341022410853924,0.39210908814006096,5.681494528259938,0.09979493063038708,-0.0874010451329,-0.0851189296534,199515.332112985,139629.09438918563,13548023.7618
6.95961842230934,305485.9865023428,2.973813989644076,1.5359858728087354,0.19339268659703418,3.0903786845484524,0.17821407786963628,-0.0611506445515,-0.052965142238,98493.38824678028,71789.84454251277,22035779.8727
7.027164764921935,587557.5797176629,2.6858521585500803,2.8463150380837927,0.19137038033264234,4.1465144908344715,0.11639087678528347,-0.10948539994,-0.0980093326856,118712.85682213928,23847.60849814363,32097506.3762
3.8786365773384506,93796.50993138916,1.977666081356654,1.8800039165039144,0.4708624246607921,5.271673058113744,0.3451227656126208,-0.0208715503453,-0.0208274578704,7135.915365946611,6172.347263361557,1647114.65157
3.033560755435789,341186.80612476903,2.025751689705883,1.9371721024222068,0.22163489392634003,5.8104147368712695,0.48911044770999684,-0.0816564297026,-0.0797813842619,59470.1195444075,20316.95059347093,10865348.4003
4.51550045587739,185511.91231483885,2.9416399713660066,1.7297729729663112,0.2532958084154311,5.131845914108313,0.05795599422841016,-0.039541880317,-0.036139366228,56731.42267494453,47347.051323016436,13472958.6849
6.585937939788442,372100.76353756996,2.3196307398489457,2.2717186498659987,0.41961391155489647,4.2504388052383035,0.2845256983812927,-0.0704866096935,-0.0700066423234,80279.66886650283,27416.453718253233,5824075.78993
5.392622850894526,44916.78572394986,2.266669271013657,1.8875366910518188,0.23846835217965479,4.518750025695072,0.49185344936547476,-0.00893492746463,-0.00834810670193,19663.669113625703,120.00603470932737,4429950.1298
5.039044786616195,130477.25695456722,2.3139767761017014,2.5519811757209525,0.4522754162465764,3.7630381039695395,0.35656194418147846,-0.026143268571,-0.0259988863031,29243.117797615865,7364.77227260796,2609474.31793
6.109288859272225,67550.25229401876,2.956444654745941,2.9524152478818166,0.41916601742152604,4.189420973349808,0.4156040822251448,-0.0120114005069,-0.0116222314801,49775.79693034897,13437.7970859982,4472342.107
5.231160127408662,1012.0499085591206,1.934041889219508,1.8624799534335812,0.18345548133763023,2.7606049881198014,0.17010168110797597,0.000278149200617,0.000593246990863,7523.791503004904,8714.959478372059,4193308.77938
6.396277226773345,318016.2044452563,2.8179402150467525,2.4987297746122614,0.20388430924937276,5.141937739447155,0.1654833921640333,-0.0608436087531,-0.0541803542295,94975.57050095843,27685.637238027175,19164228.4279
4.000344309712289,527235.9727163225,2.0592843555880114,1.8871277010808432,0.46674497292837236,4.962300576909318,0.31887487505862544,-0.116072221534,-0.115835078369,45671.453959000995,47982.27528820524,5585996.75777
3.1207139987464694,411017.4274835786,1.5365484579040833,2.196084665544735,0.17424508464275615,4.976122910627978,0.09020740005387974,-0.095363604317,-0.094298638535,18756.15356238177,1605.7493825911934,15560285.5121
3.6403697154332844,108315.15023282208,1.557686968731111,1.663211148023226,0.37286057450372295,5.345104889771115,0.3915443701968606,-0.024790704044,-0.0247631698432,5395.801601314505,5748.313006170086,1729691.67322
7.946932478466688,437043.68897126225,2.0516204182268307,2.671485784341484,0.34508009771467524,3.8468529782399012,0.14564227794496676,-0.0767640494683,-0.076141192634,78417.74615488121,10924.824919719495,8182959.20953
4.815753100200149,297527.0107183063,1.743612072205142,2.526968336336856,0.2745945064398546,3.133496022352638,0.1550179216217482,-0.0611533116467,-0.060693498027,32688.2259049251,3835.5697257220113,5670281.43967
2.2003039135349356,83381.10536479011,2.6005144229226547,1.62897310241912,0.3696019270711285,4.822950250822872,0.2986098491014408,-0.0210723728446,-0.0207826713337,34943.87193807652,20133.44327813824,2709145.66802
3.9774757586302574,225659.47441210953,2.6331456611594937,2.1257168178375077,0.42562700939400644,5.734585711852157,0.05401014968337599,-0.0482042333313,-0.0477757139158,39933.95120436063,26978.251444420315,4911504.25335
6.18012059769469,215490.0244201327,2.8228665730342346,1.7202399526788676,0.25926420614435725,3.956405250275464,0.19652523081330153,-0.0424208501758,-0.0396511778015,89710.27338214124,59739.73326981015,11777618.4015
3.2499262364708703,182832.60622432368,2.2763662125587674,2.616619530517326,0.18709703319092533,2.2603998522322213,0.21089848040269843,-0.0403053868309,-0.0380728647701,29169.771097699137,1896.6979033916662,10518152.3798
9.102587319415115,355302.9290642739,2.419554665312862,2.5836255784922817,0.41642840967080885,2.7281311663316195,0.31813421358261523,-0.0594916729023,-0.0588866775947,106895.6352318937,1343.5929503836053,7632082.22019
6.7224390465695265,578838.8375667172,1.7220767045857968,2.3396056500714595,0.3630480086220735,5.83399049336308,0.051224797642792294,-0.110593173195,-0.110257843258,26100.52158523271,21540.586886784382,16166178.9407
7.142066801351494,498842.1250544443,2.5813461537526754,1.549218704884864,0.20974976771614667,2.437611719983922,0.18661520849857455,-0.0979424099383,-0.0911824739266,140506.97811295177,90338.45440834854,24703219.2833
5.365932824298187,133217.50166764564,2.5428323333360736,2.844925509372429,0.37721307136613536,3.5889511727728505,0.3226957014387023,-0.0256553983666,-0.0252456546774,47533.74538227945,10250.882239540899,4779701.49294
3.671855555583244,475099.6801440818,2.6070846590801438,1.7944318379945847,0.23964139799685127,3.3892974516206014,0.2987268384887909,-0.106622350719,-0.102263845791,120799.02701751074,68417.24591074885,18250810.279
1.882333617564311,232619.34969629635,2.8143424079190993,2.026713836741732,0.2582556654842305,3.9559653755377377,0.3671035301088351,-0.0558370049326,-0.0535190841813,90598.72973245232,35369.76260000737,10207836.8327
2.103661465620301,123554.85137153434,2.7061029803491037,2.2831784521244796,0.2897993401865061,3.5460307673018243,0.35656900749093895,-0.0285024919579,-0.0275064654793,25968.190780961228,14216.997670688477,5346097.67116
3.4354858185392056,539440.49382963,2.911157282536104,2.6328793675857716,0.44398234939646053,5.546556415388682,0.33816438169237356,-0.117396321874,-0.116089584444,112187.27915020153,78064.81679226519,11445694.3812
5.41202231062457,528658.3491490152,2.920988398778082,2.3805220133042106,0.20468762688485745,5.882884271495628,0.07987409373146391,-0.110960465097,-0.0947241082447,144136.43498569637,91408.51258503286,40037965.1909
1.3255285058249127,25351.032205403957,2.4130777622593653,2.3465566576739674,0.3859156180905115,5.77007436434902,0.24307959962958153,-0.00690017171509,-0.00683189475284,8883.995258998284,3261.465294214809,1155780.93036
2.011130035705325,340515.24722540437,2.970263363868374,1.9757169552454044,0.4136897317102042,5.436915803020899,0.3314924186003756,-0.0869803650241,-0.0858759402129,137430.02319706403,88478.91305451823,8660161.81122
7.097862419148272,221589.7340118221,2.799946884082657,2.043508518142162,0.1771722725503898,3.2914509677895776,0.3907293169167485,-0.0439569872629,-0.0373265097869,51379.60189197001,13495.779074743348,19044337.294
4.337875046870733,110531.944445108,2.174715356718747,1.6530954093536518,0.4002068207340297,5.062297174030977,0.1603518978136269,-0.0235714476888,-0.0234223743459,16924.574076287623,16485.65385019995,2111055.81432
3.111376263760818,222650.8752866533,1.6686072482668253,2.2527373283385144,0.4713001321875233,2.115500208807941,0.1020035686288584,-0.0500705238875,-0.0500220998897,1978.3238789633658,9768.739220332496,3246799.99659
6.9482139564984156,478911.57115542545,1.6847141984794896,2.719233734628184,0.1536059982314087,2.276177615164686,0.3117477040340556,-0.0924472214146,-0.0894261508583,42233.73957247701,22145.37026530449,23874326.0318
1.9578777640970715,92815.03828143276,1.7170497872987236,2.35324297911336,0.3066849149531081,4.488768039244521,0.11272597080900065,-0.0228563667989,-0.022806025413,4283.193012001676,12219.38748885453,2254232.1076
8.845507706501635,511316.4734078488,1.842420195863029,2.7542594425920406,0.34214585547695675,4.479510251257766,0.26756195103235003,-0.0871737985209,-0.0867497829885,44881.3058381817,39158.181607312414,8751726.56418
3.2633437853319864,38912.414653700835,2.414648919140678,2.1906222609837753,0.4621012853937543,5.136165039380896,0.0792360065430469,-0.00852465046999,-0.00845878233833,5295.211153443666,3834.3438978210093,1234415.63249
2.3231828906449947,503449.8139299199,2.768912840243712,2.3589276268866572,0.23890408998900667,3.3471717750778445,0.0681456414943098,-0.118307067587,-0.110724879638,71847.07743932084,73457.31508459202,24507934.7575
6.932953496877345,594824.0246728922,2.7613986481488157,2.0382200086193505,0.4876464262407708,5.192210217495916,0.06994098538190031,-0.107549861074,-0.106790572854,130974.00621989853,115000.00669990166,8758552.67256
1.0804900379478086,47867.73576747698,1.5318548558299412,2.3675508851350067,0.16476986951711287,3.958952213052153,0.4037863720931245,-0.011459648757,-0.0113933872661,1647.5090813304978,7247.059811086684,3339665.94187
4.626779475919753,309532.4064655844,2.7852701201460976,1.514966602691214,0.4033679768366737,2.5290312082391426,0.42995225000775733,-0.0663232935448,-0.0655277729258,102464.5354633619,94997.73966703545,8106608.2522
7.774317085431315,546894.5044146818,2.657562609926051,2.574987045192633,0.3436520300236428,2.197013649683048,0.4721764577368838,-0.0992407019751,-0.0967796502024,187450.59246505043,47041.313531536,15682369.3414
3.593542590798599,52897.25315435376,2.8795933919886982,2.9722662500149086,0.21011715601807124,4.999576492754683,0.25965813547449734,-0.0108038813671,-0.00898441485772,16085.098352116705,1665.4316574515535,7738709.11239
3.162366092917818,597186.4618386541,2.959026918986472,2.0203639787171204,0.22040519448403267,4.831877298150442,0.4989157398356659,-0.140205390708,-0.12880930799,118263.0111821257,76458.84638683991,33080160.1219
9.847196834368832,218007.4511960967,2.2605757819249637,2.0272532339855376,0.3424009061195785,3.645284132250605,0.100552368231242,-0.034970305992,-0.0343704886307,72459.87010483518,11320.229487801538,6451261.78123
6.891005045565466,481912.5695492998,2.426665416613025,2.127440780467558,0.3720630691224157,5.768562811997192,0.4008282173868078,-0.090836377557,-0.0897858403961,129821.22884063724,62575.50421883693,9254657.36257
9.657233209447208,482562.72848065244,2.180831205312025,2.780423635738169,0.17848428830696203,5.900701808825404,0.4634436725224966,-0.0804652263158,-0.0747934702487,102676.4063005715,15350.39803378565,27695762.7404
6.872164600231103,427418.8064033632,2.8457698937281517,2.850574955563255,0.4673936203855126,2.6877478295831034,0.33097861705272635,-0.0783152545346,-0.0773458542493,176699.9507051521,37442.51207810624,8799882.98467
9.048520757545482,533261.7850662615,2.087419643346375,2.2502384614385385,0.25695577694453525,3.5213661846446005,0.26965647530465714,-0.0918798142382,-0.0897840438172,101818.4479369623,12254.435378894916,15360770.2444
6.982433720067266,578455.6223279713,2.333543877024507,1.795693862838804,0.4916398923516505,4.8298962741668445,0.42370663776709144,-0.110571010061,-0.110215019124,108644.0855374144,53804.07859897205,6257227.8631
8.623052543884647,505782.4542954824,2.9958099350063225,1.726166828155768,0.487421572540903,3.089763769744347,0.08252337157377418,-0.0863082937793,-0.0853353593134,192285.40125967062,167007.2292371861,10985881.8261
3.02988182983155,501405.28814926534,2.1791100153942984,1.7727812198798514,0.4108097301890632,5.730126058093902,0.06270325399775586,-0.172566355642,-0.172108384141,97729.18352195904,35976.14151228178,7350111.74713
3.086034194862917,76122.51497728445,2.4479669666614567,1.617453407524636,0.2453337209108176,2.3041836877206285,0.34270817167806894,-0.0172582143254,-0.0164900506244,27468.247380396482,14570.830145195361,4355954.16659
4.565942966246116,201256.74315777543,2.540354844937374,2.5953333537273915,0.4470055541004312,4.535497295297882,0.4082328890909433,-0.0413849257779,-0.0411370663954,47835.24792149471,5382.752791818718,15387072.4485
5.72041821126144,135897.37311836993,2.5661936676430326,1.5253807716486947,0.2730802842067636,5.207467225270449,0.3924812794353063,-0.0276449584377,-0.0264970249059,45897.14194460926,37135.83570105266,6900730.66087
7.853075456931442,547825.665320482,1.9509579834683588,2.0250657149407396,0.1882829132542187,4.209728391109652,0.4282416496024594,-0.102759011701,-0.0989083209313,61426.52248838378,14983.671357161997,20535594.781
4.535988847194348,10174.182190215752,2.850821672616564,2.983449737484208,0.4130482188072704,2.680582220059018,0.4455409014996158,-0.00126383165629,-0.0011349293201,17479.069640492864,22101.126690420297,2895273.73163
1.9495056292757678,589425.2316681875,2.8876762113446803,2.6764277614713516,0.19812671455431,5.611602347324421,0.138833286122782,-0.17468398335,-0.156011579626,240412.7723549954,50876.058642583834,47594823.0423
8.367374633797228,550084.8203384064,2.5450810433489446,1.578843437804259,0.3176531701651845,5.631380559375074,0.08934117389740301,-0.0948017526343,-0.0926983517968,161054.4827687902,124395.77045328922,14699018.3816
9.265405074187544,397007.55204141815,2.2759648035919233,2.500961569225921,0.2467062252713143,3.9312874202331987,0.22825003381060005,-0.0661218893636,-0.0635777505396,111867.19673975144,1480.0930234404507,16303550.4213
9.6372829137834,588840.8121134676,2.3796463670540424,2.3437000557001975,0.4908615065373416,2.6004543884381572,0.39815713863248153,-0.0977008868369,-0.0972051283664,123249.67594259647,22681.40291709163,7630387.34752
5.992728902042959,391796.14656100766,2.221908196875515,2.620495425295067,0.24206965131108754,5.294524493542241,0.25785251436956297,-0.0756999245343,-0.0733982910189,84513.61821983673,18663.92080000664,12529860.0478
3.272754399342151,5159.71488941449,2.967976096396421,2.620933101543532,0.4571037326307301,4.614314085917267,0.48512401503964375,-0.000672928449808,-0.000559519749185,7513.504342908018,862.2312139746859,1622004.09922
8.24599788361558,405682.1772056539,2.981933755480852,1.76129421196949,0.4370797997782724,2.2544359424611558,0.08265341791811406,-0.0716024038546,-0.070375551683,171244.51846584055,130729.61248158517,11444156.4743
6.493692935682644,482881.26030683215,2.713435117750796,2.52387397516165,0.33693223363091523,5.503353711706335,0.11532090881657822,-0.088246114829,-0.0859239861411,158316.2587772985,90615.65869261535,12269247.1933
5.282612608888439,241393.0372161755,1.8004199453793803,2.234936285134556,0.3671392547189805,3.534066908767963,0.08213325976870153,-0.0484809427082,-0.0483132624392,22186.535867858664,1582.9823293775926,3012652.074
6.1310064478929975,69031.44000499704,1.968634066656624,2.7786284812755895,0.17428593111256324,4.823673355269639,0.4959092170102209,-0.0127848835454,-0.012169290136,11601.369405595271,15224.410361982213,9517895.57099
7.3351206815198005,449808.37730206165,1.6194158853034264,2.352645495425376,0.23030184383061464,2.874803720613173,0.3837821764034589,-0.0854670153237,-0.0846888364289,49577.13684653091,20435.692229599183,11393131.7069
1.908385652964772,222532.12375797494,2.528685084938162,2.4476027654859136,0.30479450001211505,4.778603951999543,0.09343717459823137,-0.0594319563945,-0.0582789274003,71829.02019308232,9205.29387673675,8520097.10702
7.890068131653802,372820.05264179996,1.9079715415600909,1.9468569874712736,0.28298230665747875,5.903102997520339,0.42377074691076366,-0.0686514890982,-0.0678707665685,70321.13367563128,15209.082693274526,7698038.67866
9.65629837943493,334232.34399191913,2.0242498792233006,1.9083008455420531,0.15104363996337442,3.327042788600529,0.2902591402128194,-0.0582499185942,-0.0534244825661,61793.992758999484,2690.619575411263,21837059.9457
5.320157513590174,369652.9620970797,2.2577403347373943,2.0789968023527026,0.21309262949912441,2.0626376554845485,0.35037816720496157,-0.0775171824333,-0.0742194084789,93162.55109156971,23625.901386885904,15081023.4959
7.2904741789849865,32704.58614324203,2.6822707475040053,2.939945427510675,0.24250407724135808,4.113780443660859,0.3303448948654549,-0.00513829693456,-0.00426504351832,31016.442640279838,32674.432152606154,9529985.72333
3.919305085226476,392698.03060898784,2.0456314245928193,2.157419648035203,0.21362408453171128,3.5452202339629206,0.31586707450252555,-0.0859788325526,-0.0838140929854,60283.36764081207,23524.803251096175,12286431.7594
6.949735183464344,269107.3072822329,2.9470982569530073,1.8593484948688939,0.3230022048459036,2.9927020076687976,0.49967939709216397,-0.0515681915677,-0.0492990543564,138625.46256344204,75710.57225216298,11976065.7133
2.5638068833891037,201269.69878419084,2.367093313603804,2.7896097256012693,0.31921302264302875,4.265719533333938,0.4368548924995083,-0.0451946039023,-0.0445436433276,27199.61372143227,10333.533596919246,5865600.51563
8.532936195919348,199826.4324058394,2.714340256155804,2.856924243581954,0.3616753816426502,5.070127072644967,0.14800463984348045,-0.0319352829367,-0.0309688268521,81795.14430172923,3258.3146510809543,7958794.22092
4.2811888426955305,211034.70008472377,2.416504446504396,1.6696586143183394,0.19483465745812814,4.247282096115779,0.24831744869582972,-0.0459768319908,-0.0436114899352,19190.632929028845,24359.80889732024,11740420.1561
4.216172671042656,506338.17101966107,2.0241116769461973,2.5817581146238058,0.3411222095215335,3.8202202545432864,0.21602953532171876,-0.106809533375,-0.106173229754,52630.179193769385,18128.41838564956,14726357.0134
7.99108085835137,288631.27006570227,2.308213384190468,2.090495747134317,0.49479528702427045,2.393935429309013,0.44250585660705555,-0.0526398398414,-0.0524161216349,68612.27077753512,13425.22390207785,4012136.45193
6.106428874631212,427428.2524312688,2.699970178036536,2.31252444098938,0.28888480417601053,2.8145401208124157,0.49018925645667194,-0.084752951353,-0.081424022167,141655.4381349161,60392.823221863764,15681542.8913
8.535560748184778,556011.9976392739,2.39161920525882,2.0111597592425223,0.4133132910380162,5.377590204083837,0.3299824146567444,-0.0965546982341,-0.0957535766534,115294.77687141183,60978.84240077657,9069911.92653
5.664494363942409,381706.58612836845,1.8107464812370866,2.474251106254077,0.2871130453280233,3.147393683383717,0.38275479642114657,-0.0770009451253,-0.076417633011,54371.197864272726,7133.685220716009,7348099.74981
4.401803224163441,297659.6195523273,1.7558689674786865,2.4099370293068523,0.23711102027039543,5.989535578540012,0.4216348044392222,-0.0641138582717,-0.0634487351685,13419.251389316467,3583.344623600355,7962714.79305
4.442134685401015,336552.51441603235,1.5861628867954205,1.7330783720420309,0.42122537837894636,4.393115200626441,0.2952107187464062,-0.0733246356458,-0.0732763052031,15724.87043155593,9340.415973669726,5498917.42922
5.206031496634267,259140.71195485923,2.232883075648928,1.8047944747455373,0.36580798189899855,2.1670700064087094,0.24368394657494158,-0.0539369596218,-0.0534905367973,67587.07959190234,26800.37344976731,4902797.95151
5.163891866757386,341796.25960796507,1.8445351611153156,2.7929274198251184,0.41323804195139313,5.511973170985421,0.2842438351480208,-0.0687293585336,-0.06849404613,31379.54022252485,22484.2893528964,3272687.14178
7.050592772178476,46407.61172858718,2.9727891425591766,1.672156376881138,0.1920456034334813,5.449976758768345,0.4093062039320632,-0.00963285762945,-0.00651449083794,28353.217480826832,10502.519303354304,9508936.45441
9.992598363738733,25147.206275867527,2.6574463260986505,1.8424268214655983,0.1682879151848321,5.133136914475588,0.4089662751727379,-0.00501629194772,-0.00185681307603,33055.83688611883,5825.836259709086,12800544.0617
9.876249921542193,192133.7610098473,1.5676183448898882,2.475265860060527,0.32026336098662433,3.3852136830676325,0.15558470980080025,-0.0314986950075,-0.0314726339157,5849.936944948164,47959.55856751228,5350292.41538
7.914154183678606,500100.7308398284,2.2816047161971302,1.9733437034599772,0.4988750214802272,3.481669045331976,0.06556350588949923,-0.0894847684873,-0.0891917583903,90367.08059933102,32737.102144195214,5292361.70061
5.00331107387855,175743.68228675888,2.850368862608196,2.5320128884023205,0.19733709175211223,3.1882761988190342,0.3392297525012877,-0.0366281425101,-0.0321615776824,59798.954578314006,2510.42617970292,14954647.4564
5.690722020210691,432922.4482690039,1.6977300909518978,2.700046467907715,0.42295893149671626,3.727565277165885,0.11416890600595378,-0.0853474177722,-0.0851873940338,12376.467844567744,17808.61064641513,4868465.55462
2.336701209498873,280691.2076090648,2.8530092883730487,2.6564517098745632,0.23033490670114898,5.013879120400613,0.31990844770381577,-0.064687840687,-0.0612853602839,107437.66484845754,2384.1107435931285,16625402.7128
4.79693100644608,255269.2491357523,1.636001673098015,2.0096524116744834,0.41252712887639476,3.9252726801087143,0.4442849795969752,-0.0544086777047,-0.0543374226736,7037.237735596926,9006.985574060142,6552262.51257
6.4750311391408655,437080.4452011734,2.694906059487321,1.9564617839875322,0.39906324787368974,2.8848684814550243,0.3139103025558858,-0.0846091887102,-0.083435343539,144124.67752344717,84039.71087974575,9934327.08233
9.064370639412967,589909.4478183266,2.597954474446217,2.483834604809327,0.21260063359294612,4.312634419259233,0.4783172384737937,-0.102525694926,-0.0939783807386,178265.46271003294,25807.230916438144,31488449.7406
6.562875395122927,231281.66513132892,2.1933663328574653,1.9514164315785998,0.4128959714669368,4.945044109980853,0.32371193658064124,-0.0443668287948,-0.0441112756603,46038.029648208816,17253.142946916454,3808983.54245
9.328318685987094,191427.67137658686,2.74699937819259,1.970006228855902,0.2933678237895565,3.417172816794741,0.2197295241227371,-0.0319799545442,-0.029957295801,108068.49402167834,35655.37617978111,10926287.6195
6.319238282494481,554308.0259622016,1.9180667446934583,2.0082663743352582,0.28524520376755047,2.2964049255417733,0.29342782638109516,-0.110813687839,-0.10971721877,100676.908466233,23446.38967674441,10274290.138
1.726201045353632,268744.7359487371,2.0347860311485477,2.714229661005878,0.15395933126168584,2.8498203897599623,0.13197163409622298,-0.063980359058,-0.0599168882892,28454.60072946337,9710.573863595973,14825881.6032
4.7744386260006415,261116.82840325957,1.5600990911561476,2.2591425291399965,0.29506944103907984,5.2732870637451885,0.1702059331628216,-0.0542939677468,-0.0540161168988,20777.86043073323,14671.337478766787,3082691.55392
4.530155075322862,549097.5199187517,2.8371811348638247,2.203555248911478,0.3087123555047183,5.406737022531028,0.26446176229240376,-0.115451678339,-0.11110192177,134605.7711030052,107025.43132625415,19288077.8608
7.544528438473419,480333.78384737496,1.9986470108225487,2.589636709782041,0.3556947494560002,3.7071403176378093,0.3206309967636914,-0.0878023933558,-0.0872449889361,67577.95872572051,11965.475904799032,7901279.19618
1.6133132845968936,195534.43786825068,1.7640050833342307,2.7839893763587895,0.43778450146645487,2.9911399878626326,0.18179563451747155,-0.0459020237258,-0.0458356423997,984.3843648618355,6543.113323679306,1909508.93286
1.5939078919160006,328820.31125917827,2.573090752198593,1.8851367071236225,0.15674671851186942,5.184701567436826,0.17032330120757463,-0.105027412771,-0.0927791346953,74555.61555605219,32544.985529885365,28392882.0828
5.981697140246748,184946.36652202145,1.9903909348661717,1.5162279754541226,0.4328299624093108,2.06622771675624,0.3310926062986319,-0.0379067751834,-0.0377930195007,30628.294528575436,15874.213313360902,2482937.85401
6.69126901300546,165736.3095485619,1.5267573751753853,2.37735553863482,0.38476759263201765,4.805184832744786,0.1614789236991202,-0.0313345086987,-0.0312976620271,5902.26840265538,23891.545869152662,2367019.40763
9.151500395680543,279802.3012173059,2.9632692134530667,2.0349571563044364,0.35997430729019564,4.446428654951334,0.43773280612992865,-0.0468364881781,-0.044951519312,157196.7997886796,84092.76323931647,11705954.0617
8.92573015702636,59455.6033901855,2.5454819289530857,2.124438043923425,0.25315170898363026,3.57574165674538,0.3684345628522005,-0.010101571441,-0.00887951363576,50184.0568243333,4695.388447834572,8095625.33946
8.666349596262254,299076.4943398551,1.7100364830737802,1.8611997296154779,0.47744347603233495,3.8641046430941053,0.15484995440247,-0.0529606473068,-0.0528931162181,12756.59374935436,10636.500837230144,2453957.6751
9.387628165893238,433548.75083216105,2.831785036911356,2.0458920108510386,0.39594734568249745,2.426513290454617,0.3874135252157358,-0.0727323945498,-0.0710962650275,204577.6252042375,104709.35053983807,12958914.2099
1.8200022639436497,417434.79665795335,2.265896943389724,1.816600992265029,0.18778180654425192,4.398722015467689,0.19274213950516733,-0.113342881933,-0.107677544644,83947.17770939892,41360.27059950667,21864813.5809
3.6990140116094006,160673.05295108235,2.504467295480024,2.9842511636671096,0.4789049710950066,5.0376734000124355,0.3952778319169699,-0.0338016222767,-0.0335999769037,22226.67539825632,14155.003176758188,2912054.50356
5.889282184872241,528957.6072581274,2.350242661714983,1.7246702975694845,0.3226116780683929,4.0615930870947885,0.23879690907695478,-0.105824076088,-0.104368618317,132837.25632524493,85897.8649913207,11378198.1448
7.420269445195754,145507.49758739877,2.065697894599417,1.7994357168498079,0.48277904254361126,4.049298345994462,0.26689988974202206,-0.0270545314104,-0.026968388364,25508.831235744496,5886.668949176795,2005186.83959
6.364415832665017,522148.3437769345,2.914980995968139,2.3290282425553386,0.29753804161146247,3.5584318582794525,0.2103835837806431,-0.0999602314763,-0.0951812164161,219201.9758059877,109997.03387980575,19311118.1527
9.24658648324825,173114.03939829324,2.8394222067095796,1.7947240737174233,0.23307765058286,2.1371340200110365,0.49348076388378936,-0.0309853343102,-0.027044206646,75336.33923680095,33734.53172547869,14930966.9019
3.1820204197696342,496518.16191870003,2.658440649306014,1.7327354348459052,0.39209562745916626,3.434289436826349,0.4095152151596912,-0.112595526967,-0.111422923629,74956.98268149061,93483.79912224175,9955292.00337
1.576747021602209,174007.41314561825,2.162249696369426,2.0434185890309724,0.25300403720058806,5.862662128839533,0.1958768239693141,-0.0535063300246,-0.0526935620308,40834.31812753175,9330.660994147498,5637282.07379
3.94025828429582,216313.4143377269,2.2242733216079076,1.542864538558776,0.22097995389927938,2.0550836345208285,0.24637803766641597,-0.0483793224947,-0.046753233526,43406.320448347986,30110.772588167543,8297687.5236
8.556482970908814,59020.57133120384,1.6148589441174361,1.948059363085297,0.321297765881852,5.0910858065089375,0.46379729427021327,-0.0104194542463,-0.0103735770573,6354.978837486608,18017.458859344708,2477250.96553
3.6967422452220102,282372.58796376345,2.237150511767097,2.3447364721576696,0.35085910816121657,2.0435683023129694,0.15466563121583743,-0.0613427582385,-0.0607874166761,64917.685621498465,17535.805600554242,5322892.91823
2.301255389196954,314082.56885493913,2.878699001994738,2.403731048085098,0.41677626210686114,4.775600125559526,0.35928232322452336,-0.0720758360455,-0.0713206540862,104801.14260480058,25112.908767440178,12635717.4896
5.49031828173854,470282.0040395821,2.448604448294035,1.9246863686066389,0.17772538568061516,4.895113733121479,0.4088878518844243,-0.0987848241475,-0.091454485867,70336.76951695647,33084.640526982424,23224465.3213
8.38479330624948,319026.5007113656,2.7904960217273316,2.7579526128532033,0.19187539565062692,3.1916625187474685,0.31183038591575385,-0.0571898258077,-0.0494192857931,104285.80963569951,10704.269616760039,26784500.3436
2.401085421260867,255805.9516906416,1.8056817211391971,2.532407205092909,0.4633993585478352,2.9748858197573784,0.49399492144237694,-0.0592015968938,-0.0591076631107,11688.166997239789,14725.601413272381,2278046.58252
1.7751863946316266,165543.01892404503,2.7076347156676643,1.9261739710890404,0.18368663320143444,2.9480632379819705,0.4732999144203509,-0.0409495897335,-0.0371782935102,25802.808566272626,14219.568951498688,10603333.6858
4.414646055929618,39748.77359131361,1.8879967702275655,2.142709118385702,0.27642837706652146,5.799832703059717,0.266755874426255,-0.0081550777871,-0.00805114429195,3695.770236921369,2745.856641319268,2485883.07702
7.047501686143172,475850.1263340372,2.4909354653241644,2.004940052010503,0.4408253879346752,2.149588025866191,0.3611894848480079,-0.0907445235293,-0.0900779037554,141157.83532827577,65445.47980624921,7904579.41747
8.830344344147905,279289.3182729856,2.33320779801458,2.0259978132604846,0.1737065975456011,2.242450461288474,0.35214320248066144,-0.0508425785845,-0.0458231092661,56001.70407425295,2812.6670082922824,21058738.194
1.652305563111685,290930.60398448753,1.5918132851653493,2.916871637004392,0.3236797342464163,5.452988339745419,0.2150711584065494,-0.0779762988121,-0.0778909551884,5645.218406800222,37544.81066318086,5235998.62844
5.6898643038631445,129299.95990312727,2.427963735214199,2.57385577248008,0.23917739242431274,3.170677469866126,0.07026706504675587,-0.0246963580875,-0.0233542340137,46571.401566922665,4912.061987962291,8407454.76595
4.988868953510901,319097.22102250846,1.6187015146743344,2.2435898213404277,0.2464511934505713,3.6746122894025035,0.12921656267953718,-0.0656388811472,-0.0651148321977,36434.11004934312,3353.5838028077656,5612759.45108
4.028842899821662,525272.0518052211,2.332103452690351,1.6219885765875968,0.4851182692276619,4.881787878743095,0.1772885059120725,-0.115097241627,-0.114793045275,51149.055192289314,68146.67354741425,5759456.95335
5.380859076387833,369527.30036515545,2.9719625241136445,2.796587591917793,0.314318121135158,2.106754364795339,0.2909571482390216,-0.0736455613565,-0.0703068573052,173238.9923144363,39499.45081842198,15966386.6669
6.202778381960446,68154.0337280909,2.9320476518987757,1.7346820219592076,0.3310233630719194,3.7520412955987514,0.14728985801043148,-0.0129948680694,-0.0121196948108,58623.56433712082,35875.78660414461,5387765.58255
1.6450259616129332,504057.38160843495,1.9014746550318393,1.697099341530873,0.34567259092668756,3.712579173509599,0.24213128048103838,-0.128204771266,-0.12779361581,65121.36352480153,17353.554247559867,7561423.15475
4.0687546099264535,467367.6130737173,2.794634272608033,2.892299362338401,0.3966928302403623,5.152825355445546,0.20795587611149152,-0.0963785074,-0.0945519214506,116353.05032495315,90009.71746292817,9470375.33521
8.9007059562051,211314.11043457896,2.698118785628936,2.486529163589189,0.16899523089894147,3.503814683539474,0.35255546170983953,-0.0378420319176,-0.0312368421474,49335.863889589535,13121.745004752034,23661013.488
2.0437702196577066,33563.08944483153,2.26901148606149,2.360018659465011,0.38532087847428137,3.035214360864542,0.10845544283637068,-0.00734233080099,-0.00726435320168,3860.1346372764997,2133.412934954947,1236973.72614
4.638295444674462,217753.99080735038,2.858431027572257,2.0411491716969596,0.3099403810592464,3.270395022484286,0.43196124248094814,-0.0457263563314,-0.043971874555,81561.66280715227,51253.525423536106,9368841.93506
5.067366423920555,493873.7970841828,2.1328096170345425,1.6924999651506911,0.3825670335371095,2.008189507952776,0.2507621638747356,-0.104616610355,-0.104099489497,96206.19259182525,44717.92259079873,6841071.39665
6.483903439603908,534943.7735853014,2.277746152993533,1.847981878228548,0.2745498926225576,4.563679915629414,0.29651310920318974,-0.104449808347,-0.102163978442,114451.88563607288,61279.5911559171,13641589.6408
5.43299674975437,204846.0866719696,2.5021852763300574,2.737392401714461,0.48992571274517294,4.476271297523254,0.32912880982752213,-0.0398510984001,-0.0396254942705,46972.178851567005,498.65106611070524,3462989.90528
3.081733999793754,168386.07620386683,2.4640040072048515,2.533758103925579,0.39383638688067146,5.307422407189158,0.330784696524318,-0.0374537841603,-0.0371318744571,18921.08787904275,11928.199580252965,3632973.2176
6.849660401468044,594592.5006797636,2.532451593465684,1.701523821373392,0.20596912952745028,5.950246418340846,0.3258952413911825,-0.116334915189,-0.108906674902,141932.26298577728,93340.19574226624,25949386.2911
2.5965908341019714,263859.83760459145,2.345311733909329,1.595065307345197,0.17257250523892578,4.264470520887657,0.4273030351211011,-0.0639319824486,-0.0601472984613,49869.02733054262,22661.193268616476,16226062.0835
6.857159198526547,86244.53935245388,1.7751686157541222,1.9988287553451634,0.17909671726764917,3.9906582282655787,0.3544680496212105,-0.0163803298242,-0.0157500867105,14657.631736950394,8208.656976612567,6966769.3333
8.393452954099573,115862.29892440455,2.449183893980795,2.9720616422467803,0.36641458081476097,4.436017792734701,0.09706235328419571,-0.0183819263751,-0.0180614412192,39649.59911209322,32288.430504393535,5883137.63445
2.9610052218136897,71471.77971715904,2.431538609842291,2.8274544602842315,0.15259296868107353,2.2516480466155495,0.46102226385877326,-0.0154577982006,-0.0135853999283,15079.743059749619,9170.674891067567,10535931.619
8.234619552157568,336478.11476895516,2.226345212990101,2.2803078284043763,0.3810920410765449,3.3747085197892615,0.49720910030304766,-0.0602124318745,-0.0596781228484,76366.19495769696,6695.609043178188,6737542.41792
3.3787156952332866,527632.5285953959,2.3192294638849247,2.621793247154766,0.49638686386639574,2.441979584229296,0.461477897636622,-0.116420350358,-0.116068381345,80323.60318712801,14430.822149939462,7587972.51166
6.074989680060093,451339.8923783618,1.8681633737837586,1.802947273387572,0.48960452780104435,5.622391137610033,0.2641878727060048,-0.0901151540148,-0.0900176089388,11651.05265367955,1589.8021206320138,9251063.8554
4.74390991546519,163881.59589584553,2.044109802954618,2.9197306469259283,0.32883535896446575,4.8552121555331365,0.25555318688023515,-0.0326153890992,-0.0323071442221,19125.592106119035,5051.258456777423,4105611.45292
8.619585007579865,163446.7673190617,1.607212748968916,2.5088596305491837,0.41248854446990135,2.2230607526478208,0.08644719890476527,-0.0287108999037,-0.0286899863073,15519.69081516692,40255.802667379394,3446447.96726
6.436390387993941,404081.2096935645,1.8172256029620746,2.7263698608446516,0.32646609288819717,5.918903979884423,0.2898275813959814,-0.076843817392,-0.0764399490256,36620.479258314495,8255.178077604478,6607254.22698
6.401381267775258,314755.78891565907,1.5568107734731724,2.3733107652070373,0.33841155557466807,5.34619116636612,0.35128086632735755,-0.0614970388361,-0.0613570909577,9807.593457232733,17722.808383701195,3960762.92697
3.524441411401307,155001.43156034546,2.9230539824097166,1.579116031576675,0.4336730234105969,4.4157159795250935,0.331453423609287,-0.0344667537048,-0.0340304330358,31867.826500908526,42727.094964879616,4487643.44682
9.710295896032452,63214.83121474243,2.746559155179685,2.4057565718815628,0.1592399379108959,5.440773349938338,0.06570113892569444,-0.0106721265118,-0.00645600746127,35287.949666970555,13341.90850514504,16992634.55
1.0790242410628461,111411.71214786687,2.6990714051765137,2.4903876963911604,0.26804299423662636,4.291189259651318,0.08132335246301395,-0.0330076737064,-0.0319204800125,38673.62562706344,1897.4671390403146,6600141.94293
7.705604621883825,342203.1804406331,2.6070210204445514,2.2118475298254965,0.175727238355834,5.490193245975954,0.3581210078285204,-0.0641551010341,-0.0566072076904,85823.52803907265,16251.675628198718,22795581.2675
2.5776497949087878,18095.992451018807,2.6993684454000917,2.5036152216267475,0.44586322163624337,3.7395989382615134,0.42788314031715524,-0.00368223602195,-0.00359376635947,6649.310371836335,1997.5015270171816,1324328.19629
6.25922412473059,94526.00316309274,2.2808429916612782,2.3288444953638,0.20680511072815025,3.3658892761287422,0.25042729945889175,-0.0180562957529,-0.0167724772259,21292.067760291746,9872.238673576856,8932975.42332
5.7381761587304885,326229.94193366,2.890638877284511,2.253636691706219,0.3938521751640835,4.679249827983043,0.2534096808916871,-0.0630545680046,-0.0618111564466,117421.83884218172,75188.30796417875,8656758.49018
5.522521207685804,585289.8687164991,1.9077971703386574,2.087647351451953,0.17630820871521707,3.016681753129144,0.27131247541481085,-0.121596336927,-0.117247458172,77255.120132492,14984.646501781297,19950293.1553
3.185032589570493,230543.04936279266,2.513015790101228,2.5556609464065736,0.3451818421240222,5.156505060453796,0.13931791170179042,-0.0505066232372,-0.0497984201468,36281.21442030633,14697.032666426787,6286955.09837
7.362454377009694,31215.177970900342,2.8879748828312986,1.7045990607290817,0.22046232175095137,5.260059686370461,0.24770722095985165,-0.00608452365235,-0.00405038415272,40299.158932464336,13865.553931924054,7985898.94507
4.168919634525324,406375.56270860083,1.8511585303907119,2.739632963077552,0.308305565190496,4.469199796460158,0.21035769087656642,-0.0853469671608,-0.0845601146893,49748.328634291254,33258.28827285925,6730770.63048
2.2715711601484783,261692.85189910355,1.5076034477757456,2.393768068056716,0.28089258408911133,5.27336160118457,0.3761277644628885,-0.0642132015826,-0.0640644738967,11100.92534087139,15736.272896835348,4495068.50126
6.604882288508963,35591.90953406741,1.9254263193169558,1.7304564710182446,0.2385782468794683,5.0005916271298165,0.25492086372708816,-0.00658250282457,-0.00628229442355,17803.37865509993,3360.01478628631,3502051.60372
2.4842193269609956,362230.67349284963,2.2988496444599864,2.743295309087539,0.36408285768830434,3.5101793955951637,0.1307883614294552,-0.0812377324408,-0.0803966337827,55787.59463725472,45785.33833170793,5399334.5179
5.189519655456378,596950.0571490981,2.148917411042823,2.7518689477390783,0.2715448481586999,3.9122936105234274,0.2282856195711122,-0.120131235572,-0.117813749146,129511.39109833872,30423.53034904572,13405529.0818
3.2214030460799368,149263.18985576747,2.103658873098477,2.0987943729307386,0.2692855143054835,5.5439298243793145,0.4075318092792399,-0.0342078636526,-0.0336407387049,38459.44557099128,2805.5850424114965,4802600.47471
1.0416942105151379,398530.92367230647,2.67185447652873,2.337794393950174,0.16237910492849225,3.9442396768980235,0.4402666579276848,-0.104294498657,-0.0938043304229,73682.84487504326,12082.770321505132,25582254.5185
5.760936216500401,537161.9363750956,2.9584918934316216,1.9395420704717163,0.3636218384328529,5.81849242999874,0.36474847110919356,-0.106552838929,-0.103786917476,139152.63190119682,125519.89412089204,15671181.2719
3.0380797450260184,314543.7757381091,1.6791323420262432,2.4495316264056255,0.4701935293596621,2.8759962203641782,0.14872227028615614,-0.0706176055746,-0.0705694636545,37005.61732484727,17656.238303607668,13165639.1278
3.576493239497326,439959.1655529606,2.2530155640884386,2.5446041684081413,0.21809077384311096,5.935044311478384,0.3882726802217636,-0.0989081677439,-0.0953664616336,59531.4055797563,18231.841887229682,17778899.689
5.288998369065139,99408.68934720175,1.952433882876157,2.4157948096137085,0.2305418888134988,2.7678972620632196,0.20009983666892472,-0.0196626274866,-0.0192256325852,17730.14535361062,14217.22897947177,5818657.57982
9.414433203848034,598175.4474805736,2.2373502253203377,1.862278663421443,0.2652392575672856,5.8312515456586045,0.3292144141928375,-0.101230000068,-0.0984845674851,156804.61624115886,59441.02257107611,16792127.754
1.0543163359844683,144407.37051300015,2.933222726201447,2.303057863283863,0.24976337711066357,3.523957162433346,0.295283892421076,-0.0357171568982,-0.0336195552336,58242.35506176015,17777.21961509908,7836612.03421
2.8736559830089337,456752.74350135087,2.943940642857587,2.1835217541443632,0.3521982160403508,2.709014002646616,0.07166396320101744,-0.102596002936,-0.100147363833,185763.8928108396,105872.23016475876,12514834.4199
1.6797441432867215,166361.49786096712,2.601507036277441,2.4718860343534668,0.2234440645682415,3.51811124979902,0.46605508840727994,-0.0395386630866,-0.0374857999985,26124.763169531336,9251.988881829153,9082624.41217
9.412254547253038,408999.6531440411,2.0451764155692564,1.9126740003383873,0.49677098210854354,4.69374627643448,0.2238927228668856,-0.0686144172957,-0.0684519534105,51649.338788952206,7644.28705001324,3906261.70698
1.0141295679129105,91553.97885002203,2.132176808638213,1.6339564534231679,0.19328137067529122,4.0187442525593084,0.21821754500865725,-0.0259089093986,-0.0249717143014,20769.63838787496,8576.822804630448,4770832.23816
9.451369058264305,171468.9871194318,1.5045643550654746,2.9883501532397174,0.39889004063481237,3.4827368602303443,0.2228015529780134,-0.0284117650368,-0.0284457025868,53796.48811931362,68605.68023382129,5742718.40483
9.005279013848519,233185.48235312704,1.5585557215209398,1.9043406768135074,0.45430405272176644,3.8610969227674485,0.29631122693724804,-0.0412191313508,-0.0411733452307,567.1030143368055,19236.472945428934,2011965.74404
9.67729505077436,324259.5006202192,2.5319318981801806,1.676953955177674,0.3489019285224134,3.6492876067525075,0.36438530046875445,-0.0541904375627,-0.0530105131665,127569.1312299751,75112.75822873296,10328406.2228
5.825469870576734,549915.4721496208,2.1163068394368034,1.8504597951225614,0.17163556854134754,4.559188326667745,0.2660312068911046,-0.11289190047,-0.106910058302,70851.06863354858,40435.37247263043,22546380.2726
8.71818925093271,454958.9440840388,2.8386292365574066,2.2063635572419473,0.48148796445509223,5.557880985443514,0.05025605483058271,-0.0729149544533,-0.0721028744682,165816.01230267284,98335.37710456735,8258924.74903
9.528255394560645,350139.47392150934,1.9486522046415637,1.7719711721516411,0.23651255869977705,5.211115547699151,0.1669732883536339,-0.0586366372398,-0.0572447194992,74383.40167807917,15146.095366487692,10529549.8239
2.472914913672148,378280.7922570367,1.5703220428391944,1.5545994935833591,0.3371897889027927,3.4503483070231713,0.1812485055577398,-0.0901382670724,-0.089991975749,16225.345869769837,15467.57281668119,3726148.69488
9.776461351037293,324364.25615600444,2.0592172517402636,2.5178118610559608,0.4745620195790887,4.671357991401413,0.17648535533667548,-0.051788662517,-0.0516248402761,30082.307310072836,28676.534869373052,4212960.89136
1.4803351581701114,329981.57849400205,2.1855435947517856,2.5059333758461753,0.39410240394040114,2.366508680943296,0.45534487580020566,-0.0787659099625,-0.0783780920367,27574.689470384008,29647.04691491487,4368317.83175
4.0589976223002235,294430.20753497176,2.3966163547366195,2.9266541905977905,0.25889581829403396,3.3947551264940086,0.4710218491874993,-0.0621144726308,-0.060306109734,58425.42934656018,1537.962200390496,11322958.7308
4.354496992397371,207371.19723329166,1.7981402902809382,1.7563789199217696,0.46067971777013417,3.2547081118042835,0.4655197373373533,-0.0453194483139,-0.045259657833,14870.692893352583,131.7852195340775,2772571.5697
3.9256783438409943,354027.71034038765,2.37408425694047,1.956896699982348,0.17006052569406566,2.2841513011649273,0.18195882842768263,-0.079540554307,-0.0738044646103,68477.7386897632,24663.35398637889,17850634.4886
2.854303636794811,193140.19364986653,2.178153301526031,1.5160110616105213,0.20064034016450666,5.659887838767158,0.32980310554925707,-0.0494012410249,-0.0473822819742,43482.15626297745,27081.125453849625,9620461.86674
9.337149611072718,184940.30113823383,1.9480520788704792,2.5089569695110363,0.3917489716538539,3.7367902510856266,0.1706872219529777,-0.0304071690834,-0.0302815199659,19552.660962511363,35094.87240036498,4302868.51802
3.424620051956504,425986.4645695312,2.60123181862638,2.717535457072536,0.3553171122159921,2.7926690995915546,0.08337184043765022,-0.091558883335,-0.0901947551882,95129.70204263613,48641.36186941367,17247004.5882
6.919647617505076,280801.54878202773,1.616827539362569,2.813177741065415,0.3576487876775166,2.5170880610110693,0.20780503708273684,-0.0529966474867,-0.0529270590654,7662.731196731929,43083.322508431294,5145721.97269
3.6503029241966494,562683.4778198476,2.16501165919136,2.9980510283346113,0.22304706649546552,5.685636150552936,0.45087543552966186,-0.123493869347,-0.11988080016,67137.06969289124,14477.623218194252,21145053.2922
4.801397153720684,471333.1485446886,2.8267002409757502,2.3158077080563855,0.21287263557800176,2.7596195038620013,0.06975138088621093,-0.099506559513,-0.0911539701807,137771.07516384756,59975.82159915918,24363589.2023
7.725213729326099,417114.2771242606,2.8552287827828815,1.7647738674242868,0.26749909156822627,3.550035800819927,0.16333683978611374,-0.0764443509648,-0.0717664543725,168677.53984251965,110103.31295322727,20150707.6456
9.477643125831749,398159.05591790105,1.880113051377404,2.9555957941280324,0.19526764951098016,4.793584513390629,0.3914717363037551,-0.0659172421705,-0.0639707803512,53294.07003414998,29293.00487470195,21271674.1706
8.55533223802325,59117.3927656899,2.63604659036895,1.974765789777987,0.4902361223674816,5.781829874789879,0.19865773627770872,-0.0097283466915,-0.00955100351111,47636.679035701796,16899.029850979354,2601615.00832
3.316833679729532,497993.35979112156,2.40249665293317,2.2590901676593735,0.31597266996646,3.440921261135026,0.30302543099401924,-0.110657648138,-0.10872189249,90182.95980924665,66607.76686068102,10539299.506
7.83481016452193,379295.53489934746,2.087818210125369,2.815525799060212,0.3416522891990871,5.8316842730958065,0.39879067474632746,-0.0671427498751,-0.0665268612538,62339.92041185244,16144.985216838739,8065847.09387
2.4042559322882466,213244.1355546116,2.9802985984845876,1.544785660244768,0.3194819480785539,5.017033313976841,0.06297663330624143,-0.0745500788436,-0.0727353112439,108144.94861987502,88555.83840679789,10512960.7838
6.712181490987811,312639.8950240524,1.9338965934773582,2.6627243903276505,0.3053482477925936,5.363340111246051,0.4660108925315257,-0.0592837356697,-0.0587730638275,49447.08554055347,12555.561558507548,7383865.19391
7.273081339148609,179867.44581972854,1.857158559240956,2.0486617499493165,0.2692535287111465,2.070161296528467,0.27574570347478244,-0.0341163103405,-0.033695952146,30663.265178790138,9130.66920492742,5728613.23279
8.612721960647342,213894.34654633602,2.095441891643758,1.9815394362166083,0.4900026806906296,5.764613976876996,0.49149523886192564,-0.037750849377,-0.0376313226428,34372.16779143144,2282.083073740324,2717045.01876
7.9339751055868435,442801.3834853537,2.807984297747362,2.374630611642658,0.3868296765747134,3.390204457606057,0.10166139634581119,-0.0768337848253,-0.0751261174274,190302.96855748584,73243.14242841915,11724536.193
4.984936266518522,557157.8714930383,1.8835325427218206,2.688828392973498,0.3050290166951292,3.8004262423903152,0.4196848768280284,-0.115036105403,-0.114163665257,81664.39164592327,4563.792779449282,8980111.80967
5.642495248781204,210265.8390410996,2.597984254822943,2.2589802895422237,0.24053213886292366,5.385092291298498,0.1416259297781829,-0.0410824998368,-0.0386158281192,68593.89282942242,27491.90096546382,10360698.7335
7.904446623975133,403054.75243985164,2.289191711227569,2.4244146815541834,0.16108819057496723,4.950090400138583,0.2720338948874717,-0.073955531102,-0.0669772325992,58959.43190831146,527.7443608138275,26380157.333
2.2430000175334963,507505.7637265404,2.4738085844815685,1.6993811099193648,0.39579814864693985,5.693092248806621,0.3834527210254805,-0.130719362959,-0.129903856371,114460.18299935939,82201.01861465366,9052925.375
1.292998570557156,560954.8583342336,2.911748297905138,1.8656196164571934,0.456643633099481,4.275926867167522,0.107779373860791,-0.174560159788,-0.173472038974,173459.33920720822,119038.23299330402,12235384.666
6.518421598725871,462607.81460405653,2.039006824587831,1.9162398028013523,0.4672720457488021,2.604219779671333,0.21744262182796953,-0.0908164514238,-0.0906031378576,61037.70465397261,15964.48639048392,4308619.28949
9.708976735415549,498087.8853852111,2.9949880504824504,2.6522285980317686,0.22732729506838162,5.938510252282066,0.19928938813532132,-0.0794531688971,-0.069453932508,160084.92424419144,43735.77307998075,30625932.3123
8.816493645504469,277527.0544914392,1.670280170846372,2.2328753189643615,0.4778970634661954,2.9105204788983454,0.4402107439118866,-0.0493170563645,-0.0492571213907,3552.6065897845474,32739.08065861842,2656965.03273
7.366031548778057,368169.0034988079,2.429860086031747,2.384196981251375,0.34670751309555836,4.158952509263038,0.46971807031466317,-0.0678241084921,-0.0666828631601,119601.99427210279,24625.633690405466,9210139.34188
7.4986518995906515,36017.199248306795,2.075391343879981,1.8856697976632377,0.19760813948705172,5.549093027523686,0.350038652711185,-0.00644301814729,-0.00571175889847,17896.86721251399,7508.425126036945,6200905.30511
7.651300200663345,545120.0423726852,2.694063708780134,2.5135325527829364,0.19998757073939397,3.3313888762151875,0.3659520673530807,-0.102038725785,-0.0920458123941,123244.41736009553,23632.612757697305,32653071.7385
9.564530392041952,464794.8566588148,2.491074172046046,1.8561016096132166,0.3166213144185621,3.247215045557408,0.27693574386868247,-0.0779542033783,-0.0759274698528,160756.12791494644,79421.53067121196,14599133.1534
5.442887851946264,553536.1770392677,2.5486638303830946,1.7780017032396827,0.21725309050367536,2.816517910862062,0.3041448599919239,-0.116240278414,-0.109773479775,149914.26637311187,85813.9859559236,23320056.156
2.3886180001915296,523632.5172099758,2.696896367367692,1.7625987406601915,0.21214977446724445,2.1005177998593147,0.11989036541578627,-0.126050296785,-0.118655768521,154550.99255369088,90521.96853591567,23576882.9279
3.1699415707273095,248599.2421506935,2.1278913693312465,1.694989178990034,0.4103852620453369,5.362397117561795,0.3990477317265028,-0.0586888544416,-0.0584756749775,47869.240409835686,19176.086232436104,3446675.57575
1.223866114259835,442360.85685749014,2.5238163904048543,2.309948026567358,0.45490146876592796,5.321485234158871,0.08170491766568551,-0.17476921995,-0.174299559536,91300.64249280079,17118.32541885033,6485735.37117
1.5734606366740405,554628.3617830633,2.876703203564851,2.9217205614439745,0.2626531190180846,3.9163032914983256,0.18692041277276222,-0.131427394251,-0.125598509295,65689.66998946066,32179.443033016098,24673083.8716
8.598586804977943,549542.9060648937,2.7694118641736436,2.460751279980402,0.2546896343304682,4.031694890464938,0.27643101919548413,-0.0950466864219,-0.0885204028325,208770.25141337616,51636.13045186139,25922274.7394
3.6128621372850063,200758.5227660324,1.5671055533668334,1.8089804073450229,0.2813101543730382,4.166881194058659,0.14870393239261492,-0.0444936445211,-0.0442693085645,15163.689244389774,12606.64494131955,2540392.71239
6.889213280335467,509176.6832457271,1.6915526215787853,1.8332421440034283,0.23931279228520488,3.132623324867788,0.18205378091679675,-0.0992514402305,-0.0982348960311,71139.65358979434,13380.18813503503,9908368.14811
6.420070016759934,210076.1163654445,1.5827454262857594,2.026790661971025,0.25284668351612327,4.561770048681624,0.06533832278937754,-0.0401663673636,-0.0398880265606,22600.908364534684,3733.4017610861756,4207185.31812
2.496799555261009,44939.24331097907,2.9290036635111245,2.8319913641237404,0.3666154220954996,5.4660511249725285,0.3854370327172665,-0.00965093316765,-0.00934033826106,24710.549343102724,6187.126018457596,2945275.41139
9.268281006690911,102391.78162812602,2.7726547938563693,2.7085273653212822,0.4320703148864353,2.8610589117529943,0.43849567839204107,-0.0164237486724,-0.016000934914,69779.34913917763,17013.245373554648,5592791.0153
1.2896228696259697,442249.52433086146,1.7690006860462875,2.119864187189702,0.23470613692757106,2.4005807719337677,0.32980587419836654,-0.108525053271,-0.10745641595,20088.577060296444,18740.076358984556,8588540.02148
4.180783683132065,525562.0568504622,1.9527265713554365,2.9278212694293058,0.1785464096275237,2.7157076688618536,0.4875605167805994,-0.11333816938,-0.109220262991,63709.58329648137,6913.855305009714,21362351.7242
2.210174231042348,345713.62243226665,1.8400936442099816,2.885648950730734,0.45714695033172215,2.291619398636064,0.26254664654729587,-0.0793000336598,-0.0791483876866,22359.372695844155,20747.42668898356,4379816.51451
4.433943579852043,530748.4546739133,1.5278766159887684,2.396065664243418,0.40094262895132127,3.035981086164402,0.4508619729929966,-0.114502082714,-0.114352377694,7750.171005434436,17660.596545219578,5702156.8663
7.244015448817528,335297.967341313,2.9395000274145904,2.075881246619962,0.30525195821580187,5.012135781255827,0.2247933449697378,-0.0608925458932,-0.0578094925453,152051.96281996174,76264.11447611694,14599373.1254
7.838818089504537,406042.54600284994,2.0290741019274665,2.8402887599049764,0.4767382229315822,2.771257604158548,0.36478263596963817,-0.0730658740625,-0.0728809013876,27453.543833883912,45478.83812030157,5022212.24907
3.2869180176713266,374394.30250996153,2.0457582107628047,2.1689353024433595,0.19542026522117253,5.562948273032019,0.333046178348273,-0.0861685592836,-0.0838169447822,80984.0725650522,845.4779835688873,15980977.4897
1.4880387055629682,163163.85399835827,2.27240947657964,2.739170188318868,0.4789483806571294,2.3966935057286913,0.4552971070372268,-0.0383815712562,-0.0382593887846,15230.334130436624,13864.079526647658,1956464.87402
1.1137701173197039,474246.29640960076,1.5998956067447971,2.675332499979498,0.22248847590355697,3.4233208838660567,0.36860608416560786,-0.116159804984,-0.115593234771,13982.338933065274,850.9630516334993,12013668.3636
6.307292541136835,116059.64872378763,2.479866742851575,2.017255910196017,0.2245107397677203,2.3555347674007883,0.21080218792736138,-0.0228640095347,-0.0210844887615,50458.51028540555,6728.370148478742,9090984.15617
1.7474384814216235,17837.950342953147,2.9893749958535283,2.3115234053303713,0.4476291153023251,3.76808544442833,0.3283808035435184,-0.00393997482145,-0.00382267433365,8294.103820010298,4994.717051181834,1262876.00032
9.474074798542539,153743.58498642457,2.4749166264533393,1.5248462457809007,0.24766792028818294,5.331334424526158,0.46494593928437083,-0.0265340301854,-0.0246746512576,61132.11573711344,39479.88035305563,10042665.9061
5.979123087081534,27572.24263655822,1.7718298227126836,2.847123414591269,0.3253099778745657,3.047268851336304,0.36972656520930036,-0.00483065004527,-0.00489914214367,11299.590943187332,39410.89390320637,3857552.36028
8.278093548631194,465256.282822941,2.3045955554931625,2.8758254083164427,0.19446327646338724,4.643447481861085,0.164146082646492,-0.0804959552617,-0.0750075798745,107647.62998485245,7283.899221877163,25333883.369
8.492280524524244,281485.0128209583,2.777677774047744,2.5504255388863113,0.15463352759585564,4.287225265233452,0.3054053966103311,-0.0515174363104,-0.0416788568534,48669.933384210715,10341.104873367125,28674205.6736
3.490892824614096,344217.2848563183,2.6346413773734367,2.241003746310099,0.20036250054803856,4.27133497576692,0.4389985165552901,-0.0784559736117,-0.0719873582908,59939.53732638871,34132.147988941535,19568045.7222
8.782099449416114,311825.877018139,1.5001604481606854,2.5265604499381134,0.19208906628185607,5.017763254483347,0.414804729126659,-0.0546310164838,-0.0541204198282,18866.90771622348,32136.077876467883,12905099.7964
3.4100268211364417,281003.8645772337,2.103740414801543,2.7757340114992726,0.4204271680754955,4.318120356416303,0.29431429514148616,-0.0608730530318,-0.0605884716761,31727.379894644848,26148.071656016546,3342089.12925
7.334575891697688,508207.1622532845,2.945530471221181,2.4662118268743463,0.3281585585370116,2.8119295074032706,0.3132643268060981,-0.0931686621605,-0.0893012521843,208381.3104337389,84932.05090865704,18397812.5028
1.7185310121391306,435499.70139945036,2.040004429588196,2.5997176141125724,0.4028504629164972,2.1651780275809966,0.3433327410505602,-0.102901386555,-0.102492030926,46666.415700096346,37982.82302858862,4505180.32828
5.191656566805225,282450.6520196549,2.3209467769655343,2.5460328920428736,0.23840292729660714,3.894804536611553,0.4898996786642338,-0.0577499863979,-0.0556259048707,76484.45196437616,6754.96441721679,11586580.4285
8.790465995740814,373235.5251373659,2.8903114481433914,2.3876696796832597,0.3472978518816196,5.05863920547702,0.2691456327395255,-0.0617443741573,-0.0593779859633,158528.46275442877,71317.20505441235,13719660.2581
8.26326655102913,18270.888416639842,1.7968894516664795,2.5385596309393335,0.22358549757910873,4.970404656963589,0.22985109878202653,-0.00249271674775,-0.0025437263227,1883.0321713469727,33019.60734863708,6476997.45336
8.678176288055859,241908.29076152112,2.504055627850156,2.744042332135783,0.4090222370277441,5.68335996424776,0.17683410134794014,-0.0389326932475,-0.0384029284022,71058.01841237559,2279.442671403489,6492482.92933
4.001018972327676,321672.114245548,1.9061897608865126,1.7615589199012958,0.17041943522665096,5.113223551161665,0.4124841056582704,-0.0725943892913,-0.0698018271394,16219.339163476712,14537.976987026776,13983645.1519
2.6805630988181495,538167.3833384472,2.8973465280819655,2.0397365508458236,0.4407610315952678,2.98253304592921,0.4518068013020739,-0.122983822973,-0.121710182669,118311.25881733857,114777.03942351602,10191557.7479
2.182606334615661,214901.16749041746,2.618306855502821,2.958021192922673,0.3309470993653929,4.169293788153759,0.05557207948683295,-0.0478557806182,-0.0470117398226,32039.09057160231,7526.377188063977,6809700.76865
2.3556702128327,247615.74266634163,1.5975013791266268,1.7374129867209476,0.4812013640473185,2.811160010871653,0.400100467109231,-0.0589909751243,-0.0589507812124,10516.153126414112,14051.037501305416,2106787.82435
7.812349732829674,325480.9531418354,2.907197054881285,1.8835460195637292,0.41681274228254994,2.122746691964822,0.31479788818242066,-0.0592626311706,-0.0581151030778,161713.99599589102,101273.55092556297,9429724.38011
1.8934242834306039,41365.87915122669,1.9734643454329293,1.806038645422833,0.44560145619003044,2.764212285595063,0.2939856123686354,-0.00988993577592,-0.00986195580508,3846.8886884200674,3732.4627760341264,671416.683218
6.658968360527779,235239.8210612178,2.3401616010034374,1.7297805975456446,0.4969442115998455,4.078378059623496,0.13833602202467532,-0.0445366762541,-0.0443725668424,52699.664828186564,28948.122907865894,3127538.53599
6.882836040641827,130263.77052955808,1.5802676184196807,2.7583973874270895,0.26833360093438324,5.222309199996564,0.1876843448165783,-0.0236692260029,-0.0236524990418,2093.438587401602,32398.551693524718,5377690.51829
9.144446456281809,150615.1797521699,1.749012248244696,2.9538129561361575,0.29434992285791667,5.987754870581023,0.18353360485393616,-0.0241118703891,-0.0241089971932,3304.334182423438,45496.994625879306,6979046.3943
8.281465557494489,95441.43361830142,2.1225430422902236,2.963417390645603,0.31085169475056695,4.78508069400525,0.3498260386764433,-0.0157882916651,-0.0156537705584,15208.771366213803,46671.38371867777,6480002.4542
6.8933887673984415,36369.797604723986,2.2043111649706315,1.9036636379888972,0.4105353444602151,4.563565376759179,0.12199029931557233,-0.00650899735678,-0.00640339910163,19988.139849425897,709.5164395422539,2057253.8468
3.8841111686172507,376314.58216149284,1.8335735621354465,1.8068927098974528,0.38299473075129,5.726109799139071,0.23282627305847664,-0.0842283051065,-0.0841226815951,34055.782145415935,19041.57493356114,14367512.5318
3.3443580431347657,320353.221525536,2.1208437552323924,2.870318353305429,0.28382624962984654,2.945644505310243,0.3314446117106908,-0.0696512785934,-0.0686934557249,58472.86628143701,3244.9480591705155,7755668.82231
9.764627712922998,460663.00136047276,2.7419131804443078,2.6792479933128424,0.3946144869298951,5.801883189029965,0.4468743285344975,-0.0726407620253,-0.0710581666635,194407.15307878723,39296.60199074581,12099887.4836
6.082902209426561,301618.83006049483,1.857034427023812,2.6094650598059426,0.377081627869816,3.1578191930826622,0.0858311855260569,-0.058155054118,-0.0579469304483,25872.675137996484,16661.63826936262,4359872.14566
9.585289648214145,348930.65599272755,1.9689039382357012,1.5722489501857613,0.4351760879742945,5.157330049843058,0.13698360705151535,-0.0580641332034,-0.057886554203,51621.318284479705,20313.432181854925,3906292.38027
3.20407728630268,398062.5668074997,2.1245165416538825,2.071164058909172,0.29720796430673024,2.3161050766938414,0.37548880358649633,-0.090106313332,-0.0891162023059,79891.38991156007,22960.811114801345,8207798.30556
4.037896941858089,35714.300648686636,2.6366707925349875,2.2251115548329548,0.41877150046601763,5.651796929703009,0.0929767409004021,-0.00728188313832,-0.00712624176054,9014.482852137116,5450.290370265248,1923296.89677
4.162018228607128,409597.0857370333,2.7027522325245394,2.834895972206427,0.25854061391277194,5.784192943781532,0.2818496925823381,-0.0866444839974,-0.0820967502755,60166.84141947288,35917.78817170485,18093251.3856
2.869232325540463,538537.8149681514,2.3653248419407333,2.7425945364958784,0.2878508178990884,5.813509338865379,0.18333729301028023,-0.126795222319,-0.124379841972,131450.02449898617,1044.8438954802837,17263223.6396
3.555791884228592,44910.25976318075,2.7146597819397345,1.9541084269907256,0.44324180868909735,3.736063011404189,0.3262639620707653,-0.00956780137145,-0.00940286906887,15933.69402390388,13375.129225113962,1802478.76105
3.0369051082877236,278679.15730765037,2.982077183922325,1.8761616451665817,0.3833671859334266,4.019776476777801,0.1591107089699541,-0.0624075913671,-0.0611621449762,69098.03140996632,65401.96506222823,8402656.36322
5.039524045048501,210647.26724472526,1.845581003877565,1.8394489571587291,0.3032074411334822,4.450462718963747,0.4456391233849709,-0.0442785755089,-0.0439931372169,30278.734553918723,5333.942524407549,4978949.02109
1.6373271322796983,156973.16642986928,2.80114977054752,2.03645830836542,0.3592291373952999,5.5625997873996145,0.2118408109218392,-0.0449607960241,-0.0442560288116,61728.1480150425,31882.901271953135,5359661.72677
5.281117820069595,426278.0073876844,1.9783196920703787,2.6485203793633794,0.39277726891810366,5.39950574381991,0.07810775651460025,-0.0840433710832,-0.0835479099599,51194.40440657127,48571.71900269428,4329055.43953
9.730345404344312,237661.90378919902,1.6659045685343625,1.5233452362190227,0.4979152561276571,3.3462610631982144,0.12526507449226948,-0.0406526615434,-0.0406084361064,11954.870865034865,2112.8848774276194,1721667.48248
1.981317123625792,169096.33890216227,1.9205821184643752,1.5768414480106199,0.22323683213074846,5.501619696277741,0.38796518754727877,-0.0447504168552,-0.0440249416873,33044.36332785116,13481.134971962441,5075634.49767
9.733962914446845,129430.24000340283,2.704145046267741,1.695484454051475,0.43074210396363855,3.3053101671916774,0.47372838376353615,-0.0214745903079,-0.021009028966,86522.44086773465,48200.01036590555,5174126.32937
5.59781588503381,448554.6333579848,1.7366798005667303,2.831499969715987,0.37347721488104263,5.767017854607376,0.4765402415704042,-0.0899721962692,-0.089684323997,27918.908998081777,19811.041599526394,5001864.06761
5.397382130267804,336503.9038678146,1.9264626888810497,2.1630822476567744,0.18908515106859305,2.499920830087218,0.2290858203735553,-0.0695953508672,-0.0673245573585,61480.364556844965,3636.181751585939,13090024.5217
7.351326843512711,343548.3562585303,2.128708045220427,2.125414211496226,0.47181437505780643,2.5223385275996866,0.15691697070651278,-0.0640294153814,-0.0638240899322,56611.25831637295,5234.4284029133005,3908357.91908
8.895762097154966,527944.5559678841,2.1183230877267576,1.9108633763045382,0.26899103768031096,4.266262742828525,0.14017549942137947,-0.090956810368,-0.0890785060297,103150.99933377873,43185.43397205069,13909250.4567
6.39136970390379,526857.3577626222,2.6629564972427135,1.931107257707114,0.4310383089947145,5.578485322891574,0.39182345531551194,-0.101684237676,-0.100776726024,137639.5899284364,98471.92019292619,10347802.4861
2.8886663168456965,246444.38785198698,2.2428918084863882,1.8575083047093799,0.3238021423389557,4.366293000423083,0.19283916140022533,-0.0566193141758,-0.0560542450972,23143.115225130157,21930.72729744487,6619075.4862
6.00735413218123,451474.7400451992,2.0436396120049967,2.5353468169124267,0.4045301550085204,3.953628413560552,0.3988206613982408,-0.0888250033182,-0.088438350393,69064.3979225947,156.2054603767701,5905337.11757
2.8025281529560675,383819.66842084745,2.375279504741537,1.7510710847018363,0.4659804072733056,3.672498764179765,0.4615090992547258,-0.0889637317894,-0.0886664414278,48652.65826141819,52052.04386188226,4590517.19935
6.005436614773271,236069.04509968715,2.41219096943851,2.0827303918200406,0.3969767823248974,3.4017148905043157,0.4723954434697582,-0.0467864321387,-0.0463205873003,76689.10901146184,23567.541036710976,4999640.53665
9.67844307908752,11231.953393121219,2.5926523823102445,2.4420157326701135,0.40024070247552945,5.166864327768811,0.4404419595493985,-0.00143565570073,-0.00121524922251,31363.67817133149,21034.41203928742,3816360.22945
6.092995918636507,106431.54428064857,2.5902138633063343,1.5572093360399846,0.48931942130291084,2.0891999573509974,0.4763054557991001,-0.0214672252063,-0.0212968329662,50542.8290319659,37817.09224541985,2794066.89777
1.107421598705609,529761.5008734572,1.5793326033352457,1.5457671765794698,0.33029632075530113,5.409808598840634,0.2990994196070947,-0.159802365066,-0.159588783881,30522.414053073775,9118.734834920084,5232606.71083
4.948696685055186,383249.42375992355,2.4768006695973277,2.69667984280463,0.4986615023163047,5.79616109693077,0.3939820323356086,-0.0775991868474,-0.0771911526719,52374.53323922734,54829.957889187965,4592176.60379
3.724348423831854,8383.682453055697,1.5629858033482193,1.9364748144136281,0.34925882325471325,4.170669481374061,0.15451227888219057,-0.00163481878605,-0.00162771754594,1047.8912622611906,2671.559978281401,874400.587932
8.953733381472848,337767.5809605917,1.5690555709800553,1.8940487557936492,0.436522891972038,3.015216249187845,0.05333786928193996,-0.0599216395138,-0.0598525945483,6157.7362375580815,17426.10546271531,2663861.43358
9.50765088076969,597697.6843965903,1.8750486582915364,2.1871220603191213,0.20583368162414872,3.293289805789538,0.09890031587287687,-0.101835120808,-0.0991025016138,62803.629073944576,3129.9644780643266,19674598.2024
7.259100334008478,547903.8231078429,1.854323459734034,1.740515443165425,0.2928354470565698,4.127397629780971,0.42607779067022405,-0.105560558645,-0.10472087341,78942.43858947666,31128.796188825654,9001401.74755
6.43831245167253,320609.12609183317,2.3911180254597033,1.5147153777239812,0.2671154122428665,4.5785237546972795,0.05652486251548601,-0.0615698457706,-0.0598278594756,85953.80085194393,55450.007454178376,10521466.7299
1.7139913035423353,67083.00824344403,1.5111559153433853,1.8713950826144614,0.35926872121933184,3.628666230650525,0.18926262526484927,-0.0164079856247,-0.0163974443723,153.7314285649802,6748.052808716308,2181071.0041
9.178631839763547,314097.45234738936,1.8049570935168338,1.67325207319799,0.4438264870411146,4.298433365465206,0.3718008060805923,-0.0550516771327,-0.0549388704695,33701.55063053688,3442.748469823289,3080358.99155
5.220036973246403,406591.62189241574,1.5814723110029285,2.103317705742301,0.3168091163369486,3.344399711390002,0.10586357514775405,-0.083782659355,-0.0835193134759,33331.42072133404,2421.485638092336,4857256.62952
4.609592749681861,522312.8278944726,2.7768294058951426,1.9169077478088274,0.26293737792569105,4.097903262819996,0.3905141874712338,-0.111717517101,-0.106801687625,137266.67509239283,91860.15471362551,20049161.4652
2.40504536765605,285486.6814590688,2.180773285913056,2.8227959376570233,0.2485546004855957,5.3848062018347385,0.22278224864563928,-0.0668571705237,-0.0655836481922,51511.32993280294,16864.369114822828,11206254.5749
1.9261118641141182,287358.8044381484,1.7801978258626874,2.1244400844171785,0.16681241931699314,2.2586201883577246,0.37132263235445606,-0.0690621754467,-0.0668624846211,25598.388119911015,11709.264830815504,10182746.4809
8.620687289388286,441095.59576248104,2.634907294387612,1.8922303000534986,0.40635957032265757,3.78268451247417,0.45726066632151596,-0.07729607857,-0.0762371850032,164584.5554477302,81660.9183898652,10206254.5037
8.4207237810766,98416.58327419567,2.9788900918489762,2.7210290108033517,0.17402370772531744,4.4726836707963145,0.32984519971106546,-0.0178772451751,-0.012741092326,35375.607922631076,20040.50288495425,19691432.1726
5.84013680993121,410494.37617130886,2.687523006215222,2.9802996355337266,0.2692083603292085,4.547660395544469,0.3826298539076626,-0.0793253194038,-0.0755194461736,123563.18395823413,24904.632332221296,17343957.6268
7.136974129082949,178287.61189815708,2.0455253140382084,2.5549864234797557,0.1685297608087563,2.067953601609279,0.11799235761442121,-0.0335300470134,-0.0314421165744,38365.46166532711,18797.054920816554,15055156.1552
8.262996640307463,357834.99632144836,2.5840440600937185,2.4939063356068227,0.41443329707081233,4.956098670629496,0.2895259830213181,-0.0610042447629,-0.0601889385177,112091.85616667771,33104.38219307661,7777760.52752
8.31908348882726,387883.47703692084,1.5416905048197984,1.9546769358028178,0.4375297076021861,3.94613052305241,0.3277085392157107,-0.0709987858018,-0.0709229913759,4043.500319564689,18965.105731063242,3189965.56125
1.2384027246876665,202643.45832330073,2.140146728239001,2.342520033979028,0.15094801085875606,2.3124801072995695,0.21336514160246545,-0.0499946191184,-0.0465582947324,20729.737891047695,6770.168179198616,11768431.6994
1.9365649189593703,51383.42482153297,2.8616593842711207,2.8047299676347484,0.4430344943583815,2.1923722427335153,0.4294803472581732,-0.0110901831824,-0.0109116516596,10147.744559182505,5974.654194743856,2002130.19519
8.761613496496594,107559.79509629714,2.3172967753745306,2.6520612995860944,0.4360107718616235,5.058279410606458,0.13816865173428086,-0.0171780495128,-0.0170276463633,29632.662070965092,26384.936752623787,3660471.78478
1.1955177544886681,490701.57385338465,2.329725302589602,2.705144607062206,0.3198132213585744,5.3305409599238,0.40457868757246646,-0.126141318079,-0.124857210068,82717.56542125485,7481.762307860558,11472193.8453
5.253620752615312,436669.0738424947,1.6791800271349169,1.7264207010366195,0.3224027808665658,2.7555917536636345,0.2946653101331153,-0.091996138062,-0.0916821158704,42668.10997768888,12807.035519321124,4923229.2829
2.6519693483220506,125628.72187473945,1.9142126241339397,1.5461039143793296,0.4100042277877699,3.277132615275856,0.330023236382816,-0.0294838784867,-0.0294106222048,8967.775336281813,12183.662326931533,1505946.53201
6.9992152243801975,16741.496457590467,1.7959686720824248,2.757658920259882,0.3074075622326966,3.9498224060599454,0.14132541847110539,-0.00245034333779,-0.00253349374635,9192.875830611752,41311.13793687637,4429969.41947
6.017863661473109,595839.1054693419,2.558797447440737,2.0226021045972895,0.4546537228937104,2.7039055462014145,0.3782711561825755,-0.118547552183,-0.117763511333,170889.52113168524,88645.59127178148,9356641.21429
4.323210840469504,316497.8456733926,2.845444820035669,1.6723871187903385,0.26398030969649655,5.229748074292614,0.39830878941112985,-0.0694353550652,-0.0657701787941,72796.64162367873,60318.11960629054,15323829.3964
5.024584046261224,333607.6614651114,2.782944004143581,1.7103800288855122,0.2795553537567165,4.938796868082507,0.239392398777393,-0.0693396542185,-0.0665849984012,87672.52934300197,90356.72484065437,13324234.3812
4.470199084750872,474601.01317059103,2.2848165328771977,1.6151003336370535,0.42917104619808577,4.509443904206888,0.31103485520073754,-0.101996196779,-0.101580323088,64127.0382718881,64129.399262201245,7574714.9771
7.255582491636601,131053.99501197592,2.656378698619546,2.9132823534237335,0.4970759720043516,5.859935827536145,0.17682913421376245,-0.022101035172,-0.0218949199201,42667.64680138959,13362.81007819465,3534225.2429
6.094984860257751,354067.3571071426,2.3401911795229053,1.6577008131159867,0.23789781944389382,5.097862789317145,0.0576063464471322,-0.0691162558932,-0.066686740019,83325.52363047576,50229.255053522735,12003721.2636
9.699280632299365,598959.1570481135,2.323457015568657,2.750179541092969,0.373512124693416,2.234817593385867,0.11418245577713974,-0.0973500567397,-0.0962095591237,154994.49395807247,8584.179255468742,12584984.1303
7.511005373021339,452046.03966599825,2.319454419092387,1.5440854352516293,0.18146296588597077,2.7859196551533634,0.24084194399298525,-0.0877653335456,-0.081594033407,83283.89745630686,43243.04882970628,21509179.6163
3.0778410612172293,168257.23883381777,2.942601182324553,2.3596861980628994,0.4355228776839316,5.600050560327924,0.26114098063363633,-0.0377960111612,-0.0372611456067,73491.06031448177,26922.371660456658,4724301.30164
9.407856510774568,49582.354589810326,2.8124583175706843,2.1609801637457213,0.49686626057831207,2.743439729128201,0.23902797058697267,-0.00795698942496,-0.00770912795093,62625.45479777057,16406.60427521437,3329070.8135
6.892972876826897,304466.48644148925,2.233576564511133,2.7645165779979415,0.4431852837517868,2.160451590808948,0.3106500476028447,-0.0570410510428,-0.0567600510051,56262.119106112135,22608.13620545081,5243999.87312
1.9882127909221945,125212.68854125643,2.2339073932580806,2.147287616672036,0.4953648942011172,4.729299209043627,0.19381723373930604,-0.0322028019505,-0.0321277330816,20573.787915427933,355.65916311076194,1667209.34116
8.940178963565526,520169.80661879753,1.8368490513859004,2.126777854744171,0.20877654241779953,4.968508932252419,0.09728019177474512,-0.0894728103134,-0.0873206664611,83382.30742996211,6369.152256323664,15646926.6802
1.002839255786242,413152.6060410467,2.4677657560917634,1.5600054249638924,0.25309768468520377,5.334701569567338,0.1633923216696173,-0.145103343954,-0.142264300231,113733.47755719133,63492.09211741445,15716024.9392
8.492734417728823,405906.7589557891,2.06265291829458,2.4076253703349764,0.3266730275920711,2.692617567509982,0.18841357381270485,-0.0712144934363,-0.0704949148433,73505.60373550486,7942.206311059898,8914008.69939
4.272918856738798,583967.7250254233,2.2215593449554145,2.2343592298125867,0.4524310320929066,3.6956432692250156,0.18565250418407064,-0.123788275012,-0.1234039815,70197.25132749313,35351.59154111391,15886745.9688
7.537559942173632,329623.57697529206,2.280936130286645,1.9356338108408908,0.23675844059801154,5.795685703221952,0.06065778805052556,-0.0587489495741,-0.0563958129564,85517.00777576644,42838.84041633461,12398132.3147
2.956911393142159,197424.15242851022,2.385228730351328,2.841009127812295,0.2756156508151737,5.770204862051614,0.14967233818761871,-0.0440744813004,-0.0431083244576,26778.868610186724,1936.9229994771686,8764410.19296
4.3345451582321886,128678.72812517828,2.666946765486001,2.39960295860085,0.4860251176376419,2.6641301213230375,0.308518808780913,-0.026665019655,-0.0264514418542,43289.018687199066,10593.258558645353,2799116.19096
9.349275030710258,413211.9814681461,2.233674427283373,1.9570971762262592,0.29228118429407823,4.191679786986134,0.3027954206943427,-0.0699312847312,-0.0684159372774,116688.54005244702,31487.345584397586,11563062.6469
5.891641793954124,223689.28714056645,2.143082782976421,2.593547656796081,0.2667030126555935,2.947472834681534,0.27942987389603124,-0.0437115554946,-0.0427986122471,55817.713881268544,8753.367067564379,8219778.04198
8.069271704472627,485544.6267163601,2.8883474384141765,1.9834534191223663,0.25278029289324977,2.9928596543024506,0.16831130258613605,-0.0881117156803,-0.0814730752976,161740.5722543189,101855.91228040436,23829863.3514
2.775117226447297,4689.406345221348,2.3300693130709873,1.6584618970887954,0.4191287118820205,4.91866071270412,0.266845760409693,-0.00118990394026,-0.00114043667395,9623.402116738584,4088.690790181768,790038.074042
8.246530197158812,183579.73390921036,2.666304044295666,2.376239158634405,0.2542856051332106,5.465831673876487,0.43032584622336584,-0.032185881321,-0.02979023326,70720.49786420215,8378.902154164565,12036483.1806
8.342840365669375,441630.05215810816,1.900783074269212,1.5257180822918985,0.4406041578462101,5.426838438885391,0.056658354871098764,-0.0783222983533,-0.0781654305547,44416.41509340657,21905.734945929926,4338863.16903
8.013705888767117,62678.50776554063,1.5702088400343275,2.3002081391225935,0.18652618634266221,3.673538917486212,0.35865338546737435,-0.0109204665089,-0.0108585666179,5709.98057759009,24973.82721448083,7361188.49741
1.3102347244225383,552312.2049261051,1.997614737330514,2.032247255416267,0.4306166381423602,4.540328586156313,0.058106348536946704,-0.22416064713,-0.223906513134,48414.51474338282,4924.093667060777,5752061.91242
6.47636378330712,531344.3673771849,1.8000164754680912,1.8031959981723007,0.2534971903022822,3.5196821766701882,0.40913631493026725,-0.106225744993,-0.105067354326,85741.3995630245,25198.61835944469,10529672.9049
4.425624600112621,203626.0673797902,2.194510629353773,2.7241080062931973,0.32493630838116605,5.965106110194156,0.2988799850536587,-0.0421873697327,-0.0417080360521,24238.68370095774,7320.968613843587,5394902.24764
9.31028114223789,270830.9656690053,2.4587516011016626,2.3906156457241607,0.4903754771113662,2.2608978964100586,0.18723361588108084,-0.0449738544671,-0.044667843261,73093.44539366818,3708.9494003351833,4894231.85023
8.380330849134554,214999.3231958859,1.8945699890433112,1.6455139237784242,0.24837448961843606,4.562010853798278,0.49010739760843114,-0.0393138925498,-0.0385639765603,41480.27964944534,11406.391342478759,7135803.64708
6.208939809501298,221853.42773445902,1.8814867276516773,2.2646035669529,0.17916909682836543,2.0294545597449716,0.48649973562848364,-0.0445615708965,-0.0429474812018,41246.29838105385,11328.946468734388,12099755.936
2.3225588406555318,252666.1199637346,2.3665964701491453,2.2321404213784257,0.4262319830607504,5.8770397140358295,0.4946874178071191,-0.0614817562564,-0.0611764092105,57829.14110287147,15225.206829532655,4017960.76082
2.6927079017720827,562399.4302900849,2.0838343009219717,2.509570117031724,0.3362081356698224,2.981904103061165,0.14143549080804224,-0.127361729311,-0.126163899982,86183.81551812297,64411.5056629268,8092364.28916
3.816275414563404,489015.9925425881,2.7058708766259487,2.9386350283692946,0.218702033554073,4.661094036961275,0.214942247037546,-0.106106623886,-0.0967223379048,112270.55346413451,55588.57667913644,25925668.7283
1.918353774327057,257456.73637306533,1.509333342037677,2.926018609367083,0.26044165286819587,4.927935808524532,0.2640525150867287,-0.0611793026422,-0.0611665441657,3891.02254115104,37005.24660139845,10316902.9291
1.9957288562363906,368574.1681028371,2.8529259894282473,1.683810792863024,0.4805113237335702,3.715946203208813,0.0768291310452036,-0.0886223552416,-0.0881289422775,120819.96736185264,74904.89841259293,9774548.12782
9.825782958672217,223856.29759229536,2.3791224995255216,2.125622170972237,0.16915105827903956,5.051048744661572,0.47356325065774685,-0.0383857326803,-0.0335398597196,62545.061870713595,3778.814330152179,19660774.0979
3.7707246313699194,479329.87647003337,1.6805160326120703,2.292033311191621,0.44642404621542153,3.4692500127995434,0.4123593364466653,-0.105958217003,-0.105845023922,6131.068876224934,12103.06679519173,11492924.4148
2.825579581885926,578409.2397771744,1.5735774010331374,2.6013603281946835,0.23806905280026885,4.279621119979376,0.4505193732123592,-0.132840739643,-0.131959847432,30589.873799856647,11907.204334101718,10712803.6438
9.530075360421536,315045.57347036916,2.7057800751021914,2.544898891636727,0.35231042398728707,5.798329109250381,0.18330835505006288,-0.048805024758,-0.0472707318656,138392.62469512637,32944.18008356884,10478198.0383
4.476955708504998,192527.77142588267,1.5036949200498553,2.1133069847360755,0.18811720657131137,4.875524239406571,0.47231974039350455,-0.0414442044813,-0.0408863296369,12753.943978099416,3217.036863885905,5695009.20919
9.67636384328415,348891.0514549507,2.2124237162938707,2.3835884829613905,0.3135290897102298,3.5465799382749843,0.4888428591297382,-0.0578886730551,-0.0568677437546,96122.33442027062,2946.4061481940994,10679445.1509
8.882078133664791,324787.25040014484,1.791277950349376,2.1238618951372583,0.4477207271943531,5.0169034916409725,0.3413658184906669,-0.0566154856659,-0.0565037041865,17974.732750957664,17174.75904446254,3158115.48077
8.52089717632147,254840.75514780846,2.1212468067836783,2.558876410854555,0.23154087738088824,5.063758676393141,0.11724868113680852,-0.0427184898581,-0.0412228107699,53088.09809864358,11643.793908584996,11577388.1016
5.067257298584231,434324.8508580423,1.7920310440959273,1.7833223864371426,0.3756651642645009,3.184810343815069,0.09589599515555408,-0.0906458786173,-0.090408127775,40044.806180909756,16301.336095490527,4495212.70598
3.4244469752970534,468242.31007023563,2.2034054985588334,2.9628753332735767,0.4370716927215139,5.734637307226087,0.26896085365380823,-0.102466890594,-0.102143940724,31015.596611962497,14833.418765216302,7100291.07625
2.5613095450306016,559018.3669251548,1.9169716869502325,2.6789990819377474,0.2828677084722605,4.296155310058256,0.21124776978955884,-0.128104688255,-0.127099974052,29622.8274625691,14940.289315677963,11252180.7425
3.081942629402649,238390.36584851326,1.733566418574395,2.3546238497876164,0.2537512219787893,4.8673211012137845,0.13145435419472612,-0.0537237207818,-0.053400259151,12275.07303475305,698.8399855627172,6241627.79924
5.035355845717981,492775.0726279868,2.250110018071479,2.2769159289666163,0.42670632053175894,4.288287008446015,0.4776413186168198,-0.102007328521,-0.101542466075,84554.41747328157,26183.375361272043,8818416.01549
8.319363063088154,146465.4537740583,2.4429674449486516,1.7293294048259076,0.21295824362315163,5.615963506486862,0.187029319296095,-0.0258993805083,-0.0235627379319,57018.38209364944,20760.128038606137,10400720.8468
7.655260205053136,54466.59365252025,2.869025057309111,1.7650456736256448,0.44831616450212874,3.5031546594576763,0.3586032148687963,-0.0098008010202,-0.00947037587116,61191.535315448236,34554.18772823219,3553033.86935
5.673249744257681,513535.39889643306,1.5738229865781257,2.543415905487942,0.1635008527802343,2.823061777527737,0.10005986585725252,-0.104122605187,-0.10187104342,54071.30858972384,8984.726304989023,17129869.2824
5.407803732210934,337624.30344020115,1.6309424081253971,2.408970561827223,0.4837748981528137,3.5218399615482863,0.29271943051564264,-0.0689741548277,-0.0689051898952,8072.56991280672,23697.886300572693,3528181.79905
2.0045612226164495,441587.875294824,2.874510936063888,2.1612104573843784,0.331843551386404,2.123258081273799,0.42925840879865224,-0.104067385998,-0.101466687898,97619.28840195958,79307.57204324419,12348041.3308
7.872131977009116,151915.97901708403,2.2987682899539683,2.367483985937147,0.48003414463772387,2.104066791458787,0.3682620869064335,-0.0274311523445,-0.0272782816516,36519.4220576071,9452.449078258944,3152444.78724
6.9845005528894895,79024.64786387066,1.8717798559963263,2.1687321461185873,0.2419302070189631,4.187726100619324,0.19731970454914205,-0.0143993777869,-0.0141083562856,15617.666126209044,14707.463993260077,4938670.00796
7.111541697476876,132478.8815211444,2.222441150773614,2.410764783489303,0.19437422097752327,5.997185487582422,0.2083462061575196,-0.0239554690366,-0.0222762478492,35549.03266615863,7664.818699404419,10405651.9549
6.776587329013758,315002.8633586262,2.8156588849942494,2.6238231611566767,0.40432679170315533,3.9905665435372724,0.47731297758908486,-0.058374765349,-0.0572427902745,140126.08825855082,39655.638670136206,8624318.85032
2.9165182497473445,271423.121389311,2.8660256688995696,1.7502202840609096,0.22504571442054144,3.921453553304439,0.1258845866473933,-0.0637959878351,-0.0586657903251,62463.68010093482,45156.40325020566,18167488.0558
2.618978405753349,376627.9988449641,2.7264181809715806,2.736493957496013,0.33674937671831773,5.007884146180222,0.06332716764144286,-0.0850635590453,-0.0834426383143,66400.59207001071,25014.02186165455,17657769.95
4.061507997252215,72296.79314878245,2.8080925321522887,2.4062359248379437,0.1961499419617844,5.244733956935727,0.4523235812331536,-0.0157515339521,-0.013244809985,19531.106463452616,3459.7614419511247,8525518.72513
4.577444429398202,20089.103421916545,2.321524383325817,1.921461339728095,0.24787050771114683,4.1198108725028275,0.13812207074283517,-0.00371196757896,-0.00330987059789,17861.073451811553,1535.0487884844827,3275084.32384
4.83014107780371,227056.85402529658,1.9085255743738059,2.0884557432863615,0.49825848284429175,2.595397180512514,0.07748062091984692,-0.0472762680853,-0.0472054081343,15828.331329455565,4114.824547276048,2440086.32724
3.3382988749412545,473869.5330827095,2.3480060683016073,1.5435427638296262,0.3069088243998229,3.8332601595466573,0.22526906837933885,-0.107666001302,-0.106118170122,73182.59746851547,73629.16143666884,11931550.6672
6.5744452032388185,463807.10480142187,1.9802622929688216,1.891354580810321,0.2035188336533568,2.122491153815077,0.31203336483719973,-0.0927950790822,-0.089946344697,71702.94778165066,21112.530118544073,16225566.0135
3.3018342760368573,336075.0479941009,2.08088498554303,2.142857171318945,0.15253079957816326,4.098281146825944,0.20635866742700065,-0.0774174330072,-0.0715264778337,40797.281848062725,18703.509801032287,19651594.6471
7.362899923724652,303306.1867965157,2.0605937508474073,2.3830692087953165,0.1568000616454519,3.5094345145860606,0.23452269569215933,-0.0571970774998,-0.053129336045,43870.23509676505,6996.762628464861,20151915.4142
2.167934744996616,386577.6852647882,1.7679129967043499,1.9405681170546139,0.2030754108621059,5.952862177914035,0.06847885080379797,-0.16989837276,-0.168354826739,37936.94331306957,5216.292888440635,11926390.119
9.969663361728498,1577.116772308762,2.2321126557164455,2.155841368564268,0.35533953829645526,5.601610445190687,0.430152951092298,5.01323480286e-05,0.000197239025532,22640.517729778512,18422.362111052873,3230460.61636
2.969826161579054,278810.8507773566,2.543706578261674,2.681816488861495,0.2784034082140062,4.234510034091169,0.3146435952102246,-0.061820671586,-0.0597887979998,51756.03808226479,28079.9556266662,9166825.93087
2.0850755989718315,324915.4877341149,1.887755026592833,2.3049771093101614,0.263677010978413,4.4815291415614364,0.060242495044981914,-0.0814814739622,-0.0808396447126,39181.561326090625,14674.489633853409,8382246.8615
8.6438364706996,399799.1959891003,2.7297468388618547,1.8344450966012888,0.48353698472927076,5.069437819650249,0.36135249640579326,-0.0686412195899,-0.0680555041958,143203.41326989295,92005.8298808378,7352412.87191
5.351830736154915,514651.1038170889,2.2084493188073115,2.3563015901609714,0.31174277534014666,2.0506188132776817,0.11274482531820781,-0.10507691285,-0.103653937201,126917.91553349007,34951.99135403787,10980935.614
1.9862583767060351,275371.348983529,1.5847534887542238,2.824044249447992,0.4075259726311965,2.5732026747455508,0.43429655839051173,-0.0642942472319,-0.0641909554556,9311.319303449347,10344.848753379978,2485770.40183
8.758245038711868,131727.5343639281,1.616728116372468,2.046029527445546,0.3283382690953547,3.3898617994708182,0.24821949028285167,-0.023151722567,-0.0230790890243,8042.334726875471,22152.861755882153,3234334.74857
9.71550607226026,11194.091525433425,2.6630818708486275,1.9929769339299002,0.2247840662819208,4.5009733405608845,0.16450569638588805,-0.00192895554392,-0.000370895760247,32853.04166453565,4930.6711281964035,8478897.6616
2.832993060459289,150038.26970048095,2.5077071909630804,1.9421021126528686,0.41979466474192795,4.141335749122583,0.14014403065638115,-0.0339613638558,-0.0337076899813,24454.56308880419,20319.749227131742,3100715.239
3.5538125107702587,431060.1674493531,1.9877989682019979,2.9391677129639913,0.40487753239605406,5.1439395245559485,0.32105554122805097,-0.093555481408,-0.0932363652114,27217.2011315384,19270.16464843768,5213299.8152
9.402487605746868,13776.075052713566,1.8859550781290644,2.727370148911715,0.41860446632656023,2.6325977491576817,0.12078218108653375,-0.00194152245733,-0.00197296243091,17229.83807635448,48182.7952359145,3443862.17299
9.510643987513008,470900.1861302806,1.8093267948585465,1.509239589454265,0.4208770110243636,3.539413806415368,0.11279978464667528,-0.0810413514317,-0.0808668400353,50764.3264706737,17599.276639642383,4289426.82368
9.306525404587429,547309.3210264408,2.109754872529432,2.537294802064776,0.23757427507821982,4.719890122696754,0.13136037251469299,-0.0902581831793,-0.0875046312486,121400.18040269206,1796.2767988964645,18033294.728
9.270454806812738,78559.60224444632,2.9460298198916037,1.8797416984868325,0.20075374736814539,5.699056411089616,0.22309993785034754,-0.0139526727246,-0.0100036176767,54753.70047298332,12095.270818630095,13422647.5035
5.960768302651403,192948.5688902551,2.22602218587119,1.5018307783037217,0.414654780396736,3.076196537123751,0.06440191260315437,-0.0383186962528,-0.0381103083274,42536.395247767774,30580.850183399813,3347100.05131
9.712755387136813,353300.826860047,2.8540848631248794,2.975163081543674,0.23709752914574445,2.7666666233482777,0.31141973150812646,-0.0575924013034,-0.0515974317561,123298.7066689997,13937.307498911445,25764659.7882
5.048203773967099,165766.195948044,2.9377952047418634,1.90506474953365,0.19234152827944317,5.974910533336098,0.1471745421418605,-0.0365103782746,-0.0301552848715,29969.50990480665,27092.06028741797,18694132.3187
4.1598223948421,337742.4093092543,1.6595482310182113,2.21294917025391,0.23969781074332666,5.476436344664238,0.15629254996032918,-0.0731631988557,-0.0725527139486,21267.53264593357,7419.651757124479,7199707.49994
7.1825090103183,370678.5931678985,1.6601421199521895,2.5156649933756086,0.2571298258484618,3.5312633208271715,0.3494300328330643,-0.0698800136114,-0.0694015323532,37611.52361344161,25567.077277066073,8874295.17616
1.03618135501175,492243.1095283603,2.7166307132099456,2.9358497957395384,0.48050111520905336,5.209520968849303,0.3915319806039867,-0.124608924319,-0.124006790121,90330.01028919233,4685.3284811964995,7966263.7
4.2082678189109695,317138.5867382951,1.5263950421124006,1.9663426928263803,0.3477796950976474,4.217978844015031,0.39351074345957265,-0.0693417745044,-0.0692114953791,15393.667793293525,13368.040825083212,6488815.18478
5.835734407737279,320666.4036490701,1.898153334431122,2.4337011032358213,0.44663049175515046,4.648597422081243,0.4993463517248845,-0.0641807971703,-0.0640392720783,21219.573489746657,13754.977292207617,3983446.38393
2.255981042328563,429729.54126931855,2.9288046170199697,1.9863328173253247,0.27519014043549384,2.9478465385449306,0.315825181949646,-0.101618811366,-0.0968068719737,95044.62003738708,80755.3629676714,18030163.1723
7.308939159137038,77162.37574791882,2.317317988876877,1.6126731245555628,0.17487355380924435,4.837424088195625,0.1908758921390814,-0.0147151756737,-0.0126447987535,30993.373451804455,6666.886644618317,8766885.48632
8.591468052630805,169443.27151710307,1.6364637131968685,1.7139217994462197,0.3517016255145756,3.9348256214321484,0.41529827774812617,-0.0306842828179,-0.0305827833627,19943.996969078416,6452.313627327734,2743099.95275
8.077829095573383,551631.4302658736,2.0489379626735578,1.7880191521663358,0.4812804447364689,4.543142366492908,0.3984318355125393,-0.101006527121,-0.100783829449,63625.64036004575,21922.680868536278,5403432.26225
6.715631699505147,258964.278693712,2.860654616410703,2.3230024638981783,0.4369130311050571,3.070545545290919,0.11037011375884362,-0.0476228897697,-0.0468420289231,110732.9221290388,52465.320590070354,6624484.37176
3.314182924277652,324752.67652160214,1.7867493359397335,1.8032160131194914,0.3630922571169514,3.11639453848068,0.44206927871015683,-0.07403054193,-0.07385479758,21137.2249937618,6896.6519150114445,4978431.48157
4.9097259851748545,189790.43913863268,1.8979445266747312,2.947174402704394,0.2600172598200955,5.162579521272441,0.3561287415601945,-0.0380773163837,-0.0375541081658,19206.235126419437,2286.5080465420697,6383881.74141
2.6317435353156036,269361.32845834293,1.9801455774383496,2.7691757904553205,0.34692989879405567,4.462968648001661,0.44351149977020754,-0.061180686906,-0.0609040387445,17380.90784037399,6159.648001734469,4843817.1112
9.468894003157507,545914.7363158135,2.3929474076220982,1.770689466623169,0.461315797656085,4.296127466062975,0.1951388766181419,-0.090482622233,-0.089979805833,105045.7050841642,72564.94047691603,7442777.07683
5.499833718099159,588393.7439048074,2.829662419241988,1.6242272687473875,0.21544677539280388,3.176744226437351,0.31564693137488053,-0.124160267882,-0.114798040901,172521.89746810813,126362.85723962264,29271985.9042
1.6507445152469629,449064.7097453235,2.180918004216708,1.6912472426280234,0.4322435613740597,2.613702203780793,0.3329411994956437,-0.109536134261,-0.109250019615,41594.11529245766,43965.9461411442,4622231.42833
2.094129608371209,280593.6436019297,2.702237049878469,1.8112359260454163,0.2841191113546237,5.264427804240425,0.4826133206378034,-0.0698346165799,-0.067721649866,101821.28061477207,60597.92196580662,10544230.5991
4.654914299361268,566240.6536223226,2.796100870512751,1.9283416564611002,0.27676955039122386,3.9757923823395047,0.21162372734928003,-0.119440435379,-0.114725084096,154741.97874848568,113709.46943784271,20025042.6507
3.9206764903113545,399113.3354726766,1.508575200610089,2.2075161710152402,0.42384481961931253,5.856723763147056,0.11808664663604251,-0.0899471011114,-0.0898879172599,3636.2856265909427,3000.461773278815,4920781.59171
9.612345949434859,234820.60885302737,2.442358685631504,2.0445401238462533,0.2688535356872171,2.1351924030383578,0.21451445325694263,-0.039544324668,-0.0376420798093,98662.26610260578,19668.296031650443,12087093.3795
3.1992344660515917,501633.03552240384,2.6206212573712233,2.54180618870594,0.3089222687438635,2.520127700635985,0.1271806506269671,-0.110540645713,-0.108005234876,142636.5029898938,69433.42444176097,13307714.0768
8.4389145176766,301163.23227012396,2.317909524992936,1.5010657346047085,0.4668833402776781,5.703848340917563,0.37968411657020956,-0.0536608511216,-0.0534241959446,63931.93050539672,48954.82611436639,4477534.79903
4.345070604776948,555070.1911166005,2.9781622244215398,2.4426334016625484,0.22533395403059983,2.997187036474684,0.42702707514184374,-0.120438012088,-0.110413213691,180399.36677929907,70922.93624293774,27817373.2213
3.784145114424729,242008.1515356357,2.69906231858164,1.6293740654355542,0.24708487556500816,2.671917280506874,0.4439643557589454,-0.0543792053703,-0.0517852238198,65881.95623142722,55061.19117040441,11181204.3451
6.837329027027564,597319.0086283433,2.800536715165667,2.0054957287891937,0.29078325030780505,3.5456725042133006,0.27327552538933136,-0.113950032714,-0.109147904667,225276.38309400543,132722.62281986955,21353186.9982
7.972723941419437,217492.19820293778,2.523166695288786,2.1546982387573284,0.4607961707053927,2.77573698765893,0.26766093773780064,-0.0387652637311,-0.0384168087882,80634.41256866483,21479.692948120595,4564835.91405
5.210968440431806,412840.0714200354,2.7314236743813307,2.6104965500708515,0.24616716603679256,5.4716519522117935,0.09889117660075238,-0.0827083797485,-0.0761079687233,113540.98940551422,68924.0975724589,22153580.29
7.80667884925512,370650.0065475728,1.8383582718382359,1.5520432863898908,0.18870545863447535,5.424884578303624,0.41565399209032633,-0.0702994896909,-0.0681321967696,65614.30785558095,17311.469659354112,12748005.6533
5.670394245858415,498759.23099159886,2.7620247648182668,1.6684813454661722,0.16008385293732805,5.39149508792152,0.14368151940768237,-0.106803380101,-0.0922882226765,113188.17659729593,73842.52307416382,32186788.5894
5.071477366718848,49651.319155176956,1.670572106978317,2.743581791880814,0.46746251324784727,3.048405526911458,0.49701875373478077,-0.0100736976255,-0.0100760750107,18473.204484737125,31052.64144745168,1827471.81241
5.852472984432247,313801.0015033536,2.4754691722204543,2.321793595334306,0.23276808615184874,3.506329059811869,0.3613718191748836,-0.0627531248211,-0.0595216959515,79445.95796458526,23172.639793276667,14491344.3794
8.910902478514402,165864.03002286569,1.6116685960459236,2.2887176702793894,0.45928329827384085,2.3123642850188877,0.19285131323673954,-0.0291238315962,-0.029092985612,11817.284419267744,31735.104131084194,2323959.1082
9.117558588242652,217751.09022490156,1.6973500826624248,1.940710244938346,0.36595318561519274,3.7207865705557377,0.4672911057552717,-0.0382366600311,-0.0381140730209,19749.429903634034,14265.294717390296,3389440.98327
6.002971105992298,274329.4078455298,2.7882095833543987,2.945851686067413,0.15587637776252647,4.09750021385263,0.26125006286343305,-0.0549239806906,-0.0459802655392,42751.14743629938,8455.713006709546,25194592.2345
8.553156823075607,365070.9753011031,1.5413245381259857,2.0128679961612406,0.2926231367032949,3.2814576614733464,0.2903242459971015,-0.0659485781258,-0.06571059469,24112.90380259149,18647.74888721008,5741315.33304
2.445913749177347,557544.6316607624,2.4866483229851806,2.9980673432749168,0.1648956079904354,2.029194927489048,0.23502940561444363,-0.130206895117,-0.119707414241,77560.07999645015,4640.81618708119,31508748.05
8.844832438099314,318568.3849379879,1.7980359799987249,1.9285327733822581,0.34715674158416443,3.1244089443721537,0.0990138150742543,-0.055764953035,-0.0555098701194,37697.92171128137,4623.702946013568,4811240.67599
3.01677430046123,231613.6776648532,2.2652502820500384,2.136241722876768,0.36849434404475656,3.3021537714559654,0.3596730065895789,-0.0520896616196,-0.051649526686,36331.14450563577,25068.47967915652,3887801.60937
5.413176084714612,64184.007373664834,1.9107322982649917,1.8614738405018794,0.31335772244234195,3.273577587085927,0.2740565018917017,-0.0128987127287,-0.0127555477459,15375.456618887349,2808.919275661292,2355667.82197
4.480781257490516,225997.2438498036,2.4174106671002473,2.4595031170736172,0.38045132301220647,3.2450693543574864,0.4588153641817007,-0.0471762234067,-0.0466786436966,64990.50893697081,12926.193893474383,4967535.88501
5.271199523242472,145946.18437118706,2.5237332464701785,2.9493221378603676,0.4972313026150429,3.0322037451626125,0.3473407420993371,-0.0284993867921,-0.028331178397,37194.911950412024,17552.91499379902,3227820.63732
7.473075080527353,366728.8077949104,2.121090661663005,2.364212752060885,0.488835005438758,4.865280388469634,0.3672078460068307,-0.0671428767587,-0.0669489812737,49172.41209291366,4165.047364640686,3925000.48663
1.1574989112290504,411289.7047992112,2.3986246921403414,2.5171963343264565,0.4080906537767416,5.149262842300772,0.14616642669840058,-0.126710308859,-0.126203142117,65346.07425744512,749.1534880442497,7048665.12386
8.736773521543201,296740.21533511643,1.5106330667446088,2.7462041120458656,0.33190191248764744,3.0612248849541843,0.12297905320322441,-0.0515125614718,-0.0514855904584,18957.789865577415,60014.7329998024,6317351.2867
1.8098897162771588,373343.2224503103,2.762527675359536,2.4764751671925174,0.26001160274065727,5.1666454153979515,0.21705928445808753,-0.0979714528524,-0.0935733119438,139372.93068793957,34237.3221262334,19215415.9593
7.179002268492764,446214.02042057365,1.7893554574090056,2.321557894646448,0.3869285094278955,3.5290753730095346,0.25026685704961915,-0.0840118396931,-0.0837734669176,34856.35872401631,14567.255363060738,5006069.96247
2.6771600174434598,157696.7197162639,2.250980600416523,2.7293119226112563,0.4562491980669934,4.292663598599422,0.2646979909023407,-0.035183432558,-0.0350600120823,12525.783877760985,7170.037703794773,2486706.50734
1.8391178495691993,424225.19630956603,1.994606369749651,1.7102640412048398,0.36177747969094953,3.450897958413482,0.0864245115185208,-0.103773743933,-0.103438634891,23668.496068517514,26556.77742215374,10504857.6631
9.719190292038935,488809.10920685786,2.5683013652655107,2.024227864190117,0.3052840669361836,5.3514756476144605,0.4480588683177945,-0.0807036540842,-0.0779950312716,180963.21366409553,78851.06133093168,16744305.6198
6.587126524976855,137336.03942188993,2.9899577925766803,2.5301521888472154,0.41187408761194766,5.317412934863924,0.20984595194984834,-0.0244357435803,-0.0237336728433,72657.87883172509,24908.58128205289,5465521.0827
4.565047385305737,167402.4515055747,2.3835279421909377,2.4856708855284015,0.3861267947982626,2.9896440926160945,0.31400490820387655,-0.0344372843685,-0.0340898743458,42780.85465365838,3619.021042282408,4063876.7827
1.712312887410321,493157.8125423585,1.9223680979224902,2.807434080985886,0.17142336428679647,3.541247751768428,0.16396537777214104,-0.117430112856,-0.113760891175,18349.86023833612,2135.5715881432834,22626755.6811
7.236681320312105,42981.98078251794,2.3764566081111242,2.67454081182571,0.3266297557983452,4.396160425644426,0.15911235116664965,-0.0070155984178,-0.00679168593368,20212.910200236773,23630.46421424371,4628519.86591
9.526366590330817,264743.36741440906,2.0363822211355345,2.3592088829060627,0.41373069325965917,3.100960745035609,0.46875157957252245,-0.0444644862388,-0.044248569446,44044.13481683581,22120.18675490464,4835438.46031
5.96003240413388,155778.03571215871,2.5437523909893964,2.0536330367107998,0.28567248115481914,3.1372419562276432,0.4946643999621244,-0.0310289664508,-0.0298046400794,69030.5166572199,20145.162845227544,7393397.14703
5.778480655593983,403154.1886867288,2.466856368920569,2.900081551297384,0.2037261022448846,3.3288396518470083,0.23973705102460452,-0.0796218554698,-0.074195725939,104711.07294494835,2211.395677379406,21780937.3628
7.4103770712349855,333375.49903692066,1.734411275150058,2.7738847073958643,0.21399972374524145,5.405162273607591,0.051882819725665885,-0.0593308586495,-0.0582993360528,43686.36378577575,10935.083574070146,10213985.8973
3.5573680017080385,310189.9816263459,1.5629899865016184,1.6253457745063329,0.3677370999506461,4.365849198090622,0.16727405972114623,-0.0701608323464,-0.070057190204,14407.683377232019,16370.07354065191,2943762.31718
8.988128565730856,501310.15378816996,2.571595947331514,2.47064766993417,0.3099199057752431,2.6465403662597664,0.46522843112108075,-0.0859913521021,-0.0832394850103,167198.44745082626,34103.26616849312,16750757.8346
5.718183772216031,468698.3303139103,1.9545059669967455,2.538400085839057,0.43843119686034704,5.739184063644263,0.32317598727050884,-0.0928609189869,-0.0925824860833,36819.93791611507,36337.22956332357,9427443.89536
7.927797081605253,195021.82754707139,2.2570185252122403,2.784475182106906,0.30894253757738555,4.407748958930938,0.46169121161923793,-0.0342077959879,-0.0335854387253,46616.301535129605,21763.02329206764,8024696.74764
3.42798540032645,292873.3785551683,1.823807739456049,2.059179348405811,0.1914024432188525,5.3345636545981705,0.46971243231216153,-0.0671382315528,-0.0656222682928,26448.830373439167,8315.900399043947,9963024.22033
4.660962807728657,555052.7179701374,2.3056199029045574,2.8580158966977867,0.4895302739747097,4.586333300032739,0.0581641743367658,-0.11219659968,-0.111752960322,107194.43530303649,39924.705125456625,30331217.4401
6.946102682521176,17816.692664134527,2.511327713903233,2.067921983257457,0.327298580547967,2.2369170862042416,0.47404500071857725,-0.00307615840795,-0.00271646943637,33220.40047993283,2358.1328398254996,3766353.86273
9.955667155980159,82341.50860573373,1.6186377358264477,1.865946384198121,0.2814033501953266,3.2060749663222197,0.2801701331361864,-0.0136660037025,-0.0135595150375,13451.060700740592,18477.721282119215,3750313.66342
7.1786460637252825,102468.74821904828,2.6702523618071305,1.5446468197683343,0.43464591593899005,5.014287270707603,0.2254631341864603,-0.0188176987278,-0.0185260407791,50541.04859826508,42755.51774926491,3627224.61145
2.1538110449348684,115095.89725320415,1.594474027289526,2.418431382348305,0.3232573892000959,4.453712303844018,0.16414642708086352,-0.0271612256625,-0.0271325008721,822.0332823014346,3479.1331120723685,2234896.55247
6.194008116884275,528957.9315300527,2.5970248425382287,2.0293836963127103,0.1875331538259038,4.059511452605681,0.41206509907279315,-0.1077585514,-0.0983628518679,130202.9727737526,51258.605876788155,27409220.5923
8.030088294130636,583910.2051730326,1.6146285564299925,2.521868366037049,0.4356129586667076,3.182190834642766,0.3347544413520626,-0.106838701334,-0.106697734291,5463.83408024682,50942.091644736116,5127025.98531
6.385969251872039,86619.42994025991,2.995449650254797,2.7491206758665268,0.2672609449161647,3.638631397536809,0.3032293280905116,-0.0158878277048,-0.0140443073734,50617.07599109745,9232.013958329135,9875764.14881
3.8067289423468154,404045.75636902597,2.916393038217505,1.9866821285411498,0.3116677075316703,5.306535903291216,0.39529987861869004,-0.0891752980512,-0.0860750364795,69177.15547992688,73350.20169800702,14815780.7609
9.043651353005886,20249.9021529611,1.709205199500409,2.2402757732824146,0.3258288978942738,5.515421491470073,0.22526969662741925,-0.00310078956048,-0.00310114580765,1382.2328191511308,29696.731159199317,3174995.5873
4.300944215696105,500981.9630715628,2.123265947880074,2.8806555778367486,0.4481880858852262,3.601888672623281,0.2791881617880585,-0.10439110997,-0.104049957882,46345.19897149768,3674.323363441588,12982940.8692
1.1471908534262658,242154.6413416434,1.6495833026804143,2.5626102534259836,0.4991045672787393,4.633561067661517,0.08157114282805118,-0.0819028523906,-0.081871717877,21672.89078637673,31087.817065093273,2530597.63348
1.9605386697678222,303341.7880838772,2.6604775931053553,2.852745971697163,0.16095741082901005,5.826731893770624,0.38451285798760587,-0.0782319689377,-0.0684571818891,79954.20769111205,4174.4327330927335,26189995.4507
9.10449890677457,15572.971995553342,2.825473455887259,2.8819712631378387,0.37079006556983884,5.013920090220986,0.09906791938938228,-0.00176626378278,-0.00143727282822,32418.70002725636,38635.00489213967,5493755.95956
7.012380434799943,56180.713320601,1.6818780904982877,1.5661308202711064,0.178980962354529,3.4372857839985924,0.27506828542134365,-0.0107399713543,-0.0102563356959,16361.840101088894,4177.714775504238,4976714.05976
3.975041127820302,577948.8401175846,2.5466178291209762,2.2943037656020717,0.26657168664333575,3.922597126618974,0.20998121339474973,-0.124684656441,-0.120922188815,118214.9688482184,73508.84860668374,18399610.7922
2.62621038199326,437220.25751624734,2.6381744773360105,2.229406265411847,0.39221982408619366,5.671687682774291,0.19228219531909246,-0.111832696455,-0.110698305633,130008.36157690811,57488.007369366496,10076324.9258
8.41701013680155,83256.12855720821,2.012566372744471,1.728990374901833,0.4001091351080379,4.484927162253294,0.40888191966484194,-0.0148694551899,-0.0147502277833,27858.69673019472,3526.3643218902125,2341598.8522
4.563843457058329,60438.52351941701,1.8799744248427592,2.9383331630645713,0.4682865594778427,3.091960621780232,0.17799829339898082,-0.0120575921588,-0.0120524778132,12876.8897434986,31082.708621309725,1890737.60422
1.6298711296816428,185660.39315177794,2.3263785717084895,1.9163619332696258,0.33525529081029015,2.000223801892261,0.3921129134008186,-0.0446143583262,-0.0441332486974,22340.6082702462,23326.35859699323,4295971.9055
3.1373637037783726,367857.0359884891,2.52273743122567,2.0444392609067252,0.4568014305746826,5.4652319536897025,0.10165362785509738,-0.0901523822712,-0.089696931993,102549.74373251338,38305.073054111555,6918091.88592
5.529086622244774,335131.9334670281,2.0138141576974466,2.2770579643205435,0.2841705400945689,2.502284428804594,0.19351995806491,-0.0678094911349,-0.066945338382,69003.36068736082,7309.057141916219,7903839.69811
5.958324298769855,245147.89051819808,2.2377259040709263,2.37046128441513,0.21584340216540793,5.344789744343595,0.11767740448231168,-0.0469204087629,-0.0448566812235,52154.29376883499,14248.109911617617,11594446.9329
4.1330835867473255,39887.92487568262,1.664797605109147,2.4690517659651934,0.3899846545071669,2.427906250190587,0.44693994185061114,-0.00833866567024,-0.0083369958448,5784.626230754987,19932.172836779562,1645795.55039
2.0591853669967017,184153.8623931203,1.7155983048351235,2.0374223131806843,0.45659372103198326,4.634761794278801,0.3189841188153802,-0.0459769786256,-0.0459337600638,5075.117235034157,9461.676572451302,3338704.13442
2.820441297966565,484812.82453984325,2.3317064982713087,1.507058334556495,0.3411191659980926,2.6312602375648866,0.1721982525474956,-0.112798792015,-0.111909310726,105806.31673889398,71702.56166913858,13354912.6613
9.233350497730903,596554.3192779692,2.6243592114624814,1.9311123134987893,0.32198856693821853,5.371319534307425,0.4247168570648232,-0.100966939531,-0.0980976791682,216646.75720236156,118480.92295713659,17504236.8706
2.027841692509438,170627.5544114088,1.6309291119853406,1.906768091188216,0.3344214637796935,4.844444933363472,0.19875522233274667,-0.0461124079394,-0.0460244309908,12922.931105607264,5407.653059124855,2162971.51911
1.9126222180357915,561291.8287148015,2.006437199500409,2.4051875319304346,0.29650194991977485,3.8710206971171806,0.32808645976231343,-0.133751852646,-0.132798223649,46218.118189879955,21505.610132793074,10442079.2554
9.7605504106694,531515.0583386277,1.7691638428179401,1.8715586511575892,0.25334327233615517,5.538762809401768,0.47773600637866814,-0.0906853155764,-0.0895697783449,86051.67917210581,9425.15830828384,11367277.9499
2.7836069285642764,82868.24946673846,2.17668306367271,2.2441908242613655,0.3010146390441783,5.747656774413454,0.29692212955629577,-0.0197916484344,-0.0195188391944,20135.28679178988,3475.8757654554497,3122318.02285
2.69043995821605,384102.6844163607,1.5960743980373597,2.618242219412514,0.41313305715873994,2.4404786195674677,0.31783082148680764,-0.0877840194458,-0.0876864010615,16305.274787712617,15155.50570984445,8030937.71088
3.3936661738797134,184996.7315994107,1.9728590734542113,1.6127329805454733,0.1714375523622259,5.719418202521605,0.11138646287623237,-0.0509302226301,-0.048590100306,45262.43254022131,14716.166465974391,11073834.9743
3.54192071292374,464227.76792953245,2.175579623634124,2.2065530401849047,0.18051394676127816,3.5170544350579793,0.11952104833522328,-0.103784591848,-0.0986426133633,101006.2104043516,33465.375279001266,31148602.3733
3.9209673782654106,337706.9503363172,2.922771361234439,1.9604357699971033,0.4713775833119168,5.593567927575562,0.4480487905022916,-0.0735701593744,-0.0729102781569,72887.70309772309,70469.5414121685,6632554.95585
7.873186532763699,6239.926216775982,2.3732117953705614,1.6749100710577642,0.2873582978055166,2.2598286994231875,0.39576873398225,-0.00100823035073,-0.000548764482284,27674.30504899067,6119.135677111911,3903014.16138
9.40419974197245,567919.6606079641,1.9891844826128833,2.646708138281224,0.16629060691843758,5.143784858505999,0.2296498089925494,-0.0954680289668,-0.0899320440443,70939.94474642041,16256.572065160357,30442105.8171
1.0868730074978263,312316.7360712577,2.0358157167006024,2.0304321042418394,0.20073437845395908,4.879920731026943,0.14342434180762764,-0.102061346005,-0.0999242816468,56838.2937276017,10635.837253675549,11968993.6651
7.930576781516091,397696.34157486714,2.9875090996666738,1.9787445601924363,0.30429812836816217,2.7383161983542252,0.13243838145776948,-0.0715724310459,-0.0676429750776,192847.26099603015,111622.66973512979,18390316.0758
1.7884187553163642,379006.9294401933,2.8401903060806672,2.8637712769457155,0.44939355187943564,3.9508716431276727,0.4355372057101738,-0.0875340334293,-0.0867904034421,62468.542402304534,41872.35118719892,7598956.61194
8.790776024856688,581082.2619265233,2.470050515571894,2.712909104272046,0.34573313028872826,5.383998550535229,0.4337315970597478,-0.0980411518061,-0.096138133324,139082.1264220793,32067.80424518078,14713925.9255
8.679845449363512,121388.48457892079,2.166579591757287,2.987927769211848,0.16489643503567128,3.34434854225154,0.22701364326987317,-0.0204053531463,-0.01847576097,32356.312583490537,21972.87930738388,18245372.3524
9.137828703350593,402971.07838166534,2.6810955630044733,2.1805688164993358,0.29721735068697125,5.569301494891516,0.19469869267519552,-0.0658878713894,-0.0629816040696,136277.88574664143,58875.72476748884,15353187.3823
4.454339704442975,582362.5730694359,2.868073721535839,2.9404714888255556,0.1915515492831219,4.272795403042728,0.35814569421219533,-0.124260906361,-0.111780052804,160907.48215791292,21843.82350489123,35449132.0627
1.0943781686005578,84069.15564334115,1.7761462517260918,2.3692814589669853,0.17770503052204784,4.697165506324726,0.4317550313801293,-0.021148206391,-0.0207535493903,9358.005859267363,6177.029060289747,4264866.1355
3.9328852717842544,74979.62602798964,1.9805415041626986,2.5809926629144755,0.4773945457550044,5.118719059412488,0.3544707476087863,-0.0160048310266,-0.0159710796901,1107.9897263015437,392.73797280961094,1361211.1703
1.3701608146709785,1236.6224343109966,2.9540249374921275,1.8837509487622122,0.3720944217540597,3.197685581209624,0.12561178076136859,-8.79378370856e-05,3.357671063e-05,5231.655174189192,3809.253377965953,956913.198581
1.6084207783447786,575281.4231830477,2.2054033947472824,2.265998481948717,0.22596402629041684,3.8311563337223062,0.4350339900599935,-0.140546099886,-0.137079226638,64417.2201166051,30852.381443488714,17953732.0219
2.636467168448571,544713.694444246,2.3883017109216764,1.808944932953295,0.3063796373361759,2.5127730419076597,0.44437056617879683,-0.127564397647,-0.126058241024,64855.22557598553,63721.138434132656,13475739.2758
9.674671541199162,96959.17495948334,2.52035227190841,2.6316603047709233,0.26953327140056377,4.598122847851992,0.39542509024045897,-0.015273421315,-0.0142029089877,46532.536426123486,22772.25726674485,9826707.26932
8.537417158633419,465589.7492685156,2.9208330581909436,2.4933965070489474,0.24637159085170893,4.801453230531911,0.06778715263268967,-0.07820666869,-0.0709555656761,183082.69715846024,65979.14860206406,23283764.3422
7.237254058409538,23590.277496081315,1.809434957268305,2.8929221217159373,0.31885335278332494,5.331773172896895,0.26873301621570356,-0.00365159142955,-0.00374366068116,13931.483388126804,44194.36169746547,4492450.94655
8.707391929746693,253834.80416068604,2.489024602580451,2.7097269576915206,0.40753720811917893,3.602234153480824,0.35764833302966614,-0.0426323931567,-0.0420854961848,86548.06418452157,9614.82088913612,6976970.53381
5.520682494233192,200241.4800169214,2.7950970143641403,2.7188046616873898,0.3476754717596898,5.451965417544015,0.1744173869801004,-0.0378527571116,-0.0367118710185,69402.24099509064,27969.917028031316,6939332.414
2.7857036563903184,284880.55354865745,1.7380759781884638,1.5302389289203708,0.30679979828293324,4.384617991302389,0.14514299414473938,-0.0681501525777,-0.0678882875447,37865.53983465891,10951.766681345514,4075250.43778
8.488447048359197,16652.954512570428,1.9136315437829658,1.9634100521016542,0.45852269571186366,3.1211168751001455,0.34101478730359586,-0.00287053453008,-0.00283582764731,8328.756344183814,10324.295780172193,1406184.09275
2.743822138848183,182404.4826935998,2.67027058240203,2.072726727970315,0.2970891444988472,3.7700208188655147,0.1941191417844776,-0.0413164292696,-0.0399896911498,39935.067682574845,29298.01157729536,6898676.53755
4.569039526873024,464719.4756938645,2.1019575068198035,1.561589827410136,0.18158130721929389,5.582577159538085,0.3219140274606857,-0.103118390822,-0.0984295131131,54257.29989807313,33736.28749622909,21293321.9389
4.461360221368065,588120.0804975199,1.7500130554901658,2.1060294175220964,0.27510115202555174,3.9659112580545925,0.419795729614904,-0.12695946702,-0.12610959508,68850.13562509582,21293.440973301735,12665582.2262
9.997835205853773,499379.10378130845,2.9692939447128133,1.5927111247495238,0.24213746331083402,4.428620528043967,0.06010087793902815,-0.0808921810895,-0.0730496375806,159365.8512280776,118474.37714568131,28809382.5448
7.33115372116684,313158.11082614685,1.541060576164616,1.9179465641916917,0.29201723568844506,4.119575924544275,0.18924589020547483,-0.05918009363,-0.0589631380749,26448.05282777533,7877.688125672921,4432414.40129
2.8416055693085975,372375.14568285976,1.7217652199073918,2.855264389908263,0.364029471726729,5.221336171305079,0.2743251998028629,-0.0848794364051,-0.0847548836179,1494.9611798034914,2644.7711445345885,6324756.37344
9.382006020995426,117888.96144898082,2.6980214690632733,1.5548461351887988,0.3791397187121319,4.505678252116252,0.260246598677628,-0.0195466021385,-0.018917488899,70521.17883648176,55551.55803242744,5970085.18021
6.982860315655316,322555.5032227423,1.5669126648163123,2.695732774258688,0.25085681763210826,4.927244855273022,0.3816500632452471,-0.0608095098398,-0.0604954707627,17971.065252688073,29172.76363417155,8055775.29453
1.408968669945419,293244.4474194147,1.5287423471494985,2.461465353286534,0.4859785040104133,4.868858257820497,0.23225651998547486,-0.0802075596793,-0.0801684782727,23686.714057003308,28082.512306761095,3113001.00517
1.9302323461188082,203150.07319846802,2.575910426061579,1.61850498118821,0.16604655873164625,3.0085516189302317,0.19752883610244737,-0.0513027932757,-0.0460785083894,31924.660378396427,18725.519136865787,16036634.6513
1.9793195713476093,1001.1193588088663,2.488804217487905,2.8903432006469414,0.38854065657375436,2.9230801553735293,0.29926310209429063,0.000506102300422,0.000526546924431,443.29318825041395,5493.608366504176,1452010.14477
7.971819972564611,77263.7739836265,2.4228385819143905,2.444999319971549,0.16442365574206347,4.161161049434535,0.47238236276194134,-0.0141559690232,-0.0115650881408,23556.77881991368,17916.684753959973,14707657.8925
9.000621111376411,470920.2416150355,2.0029086590730483,2.7971795352016775,0.15021475554203545,4.393986473384133,0.25001451936760105,-0.0812003083802,-0.0752917359497,74514.19093150577,15527.718859534374,30859451.9574
9.185609787830387,351145.6858977355,2.468557723075091,2.6567222065036082,0.23979700141201965,2.2212379208798385,0.3202456902247377,-0.0597226328857,-0.0562854733311,99031.05256839469,8845.424930939573,19286451.5948
6.111530727965,451635.9169753765,2.073797653305422,1.9363401856055202,0.27680154647611005,5.8552586553601405,0.3503272124328009,-0.0899222718738,-0.0887876982803,54014.87448487795,34718.236284438746,13474986.7494
3.9379119445770105,392846.6532358659,2.4883529568047313,2.8522275089721933,0.19026990971183078,4.912126123744927,0.1503336265691524,-0.0852354774399,-0.0770228891541,76658.01285323255,34215.703505134836,23643557.6202
8.906100878697327,288041.08120177296,2.8269070451970952,2.920433335159258,0.34008848151116167,5.566760559427651,0.3924187853682192,-0.0467204053598,-0.0448386459592,142092.81372657578,7261.642544361657,12098611.2511
9.458416426168831,342487.9053306999,2.347578182571678,2.394524872349252,0.3604644863075048,4.898331176545907,0.26199929655014303,-0.0555145956664,-0.0546893120387,105832.57152724708,10320.456312681747,8359905.75503
6.686550467506257,536626.8915359563,1.9132668578523735,2.766103755626532,0.2715500651970651,4.655354025956239,0.37479234331612327,-0.101961583044,-0.100692318316,80015.28220454048,5803.412763553181,11789642.5122
6.898099258224307,398304.13556250685,2.23186668083548,1.595069789918276,0.2747968433501261,4.986848835112679,0.14317090823107548,-0.0753533400392,-0.0738320383573,83353.56965952605,52720.75737913648,10401655.4826
6.1955389385830575,204008.9145244764,2.980898023380109,2.680337752313468,0.36552904083450627,2.4707524455442558,0.32462921562195374,-0.0386242702314,-0.0372380393949,116892.83823267189,24486.920175326664,8816309.76688
4.068373687292545,86238.73596188352,2.1518049533995187,2.2396496830730395,0.4596015390485797,2.4845352233869793,0.15935795975800487,-0.0182176341106,-0.0181463556993,14819.681300131226,4215.640562882835,1618633.44628
6.696175803913803,159917.89571865747,2.2015918842508064,2.461296941421021,0.2977361250231938,4.363616982468704,0.48643494963200185,-0.030165186068,-0.0295964049628,47654.796793144895,9873.839832866384,6210691.90212
5.203555258101915,524455.8480404408,1.625685873943219,2.9724287756515566,0.29843033834700744,2.741069714634218,0.33554946696159377,-0.10703087486,-0.10660723569,34846.60666027744,32378.176782772134,8685983.63136
6.653193690671407,312698.31950539665,2.681526471739345,2.746473030918861,0.47393428572138463,4.8670632326082,0.2987807206787887,-0.0569854025814,-0.0564617871003,92739.37419727586,23500.358528102846,5629799.19963
8.82319235359694,146497.67972499432,1.9525339650456162,2.7695803265581747,0.4329905957004698,2.5785034334416483,0.42920362078552116,-0.0250474689332,-0.0249941128465,836.8016162151949,45440.048312168095,3870237.83618
2.1525303562865465,431063.68929896003,2.2594318736666112,2.7324878971411115,0.16420648548426486,4.705188267341033,0.13012392377440235,-0.104100772917,-0.0973637436934,49992.3431508914,1678.494414461312,34621424.9311
4.371402325661486,439932.17932220927,2.346507183054671,2.5266140950707774,0.37246555030339046,2.024155258775944,0.18208389940284153,-0.0927427816666,-0.0918613738868,113937.58765956557,31549.155765539017,7797206.07808
2.1922424056718506,225847.18270556236,1.7593389617438808,2.942061807205187,0.448495703174154,5.648105229368884,0.1939708253960704,-0.0573739985775,-0.0573220146252,12904.522605125456,37742.14200951419,3060792.20624
4.28503397635379,166971.61434822375,1.9158480960417081,1.6419679511346448,0.42178733834914406,4.175800213628209,0.4448549359531461,-0.0365245690604,-0.036443035244,16143.889790613024,6884.4628283291995,2212636.7573
3.249561049183929,475209.7488460769,1.8007758661991267,1.987449801815789,0.2526906927157129,5.701714327596983,0.3380455622268385,-0.113174293824,-0.112094445586,77033.72253759149,8658.68461701438,10842425.0584
9.368815196121712,350288.5578396431,2.2133676460387157,2.0424797780393025,0.45403481320421735,4.107630655435193,0.3157949546052576,-0.0588007414885,-0.0585087243169,76626.88212952483,15654.954678691267,4884792.52492
8.097548634756603,28330.779861506184,2.2756203735669196,2.4532012712144082,0.15441776190714093,2.677863635121775,0.18471693615019164,-0.00489092959282,-0.00327427024776,15115.024567733237,20272.168719102174,12974742.3013
3.0358635056633005,50823.54642064722,2.214771127620545,1.7526204404052115,0.39498944164134875,5.048956258406415,0.2643045358734838,-0.0119276015602,-0.0118346241776,18605.083394135047,5268.431492376193,1407345.72323
2.0638403382530095,351840.5905072939,2.485366749000062,2.1155910233627457,0.31312818620412675,4.345723166934274,0.4125478454694525,-0.0837797751111,-0.0825161383688,101224.71066388207,31753.379564523482,9851912.04757
8.056034703707631,439948.61795839044,1.6440902417112007,2.4624249954410438,0.16019908784857678,2.911560436187087,0.18482256039113798,-0.0804973752094,-0.0782907123175,51232.40151291952,21173.105119733784,20251974.3934
6.234144917578571,475532.076982724,2.346549298711208,2.4040914664083264,0.444230644231841,2.576163276173393,0.3288708350677227,-0.0927708634358,-0.0922433220751,113351.11922694537,25480.60921846598,6551902.57972
5.563074307973247,431026.4424857949,1.9399035793452293,2.542314263957465,0.3453563206304645,5.671516325964625,0.08727319485105033,-0.0842916940514,-0.0835972728056,63358.62341328276,46104.10272652245,5612147.01396
6.370218418348259,212214.51325369024,2.3089988201120346,2.8795925257387127,0.3316467602728159,5.291544270148817,0.3867070778598605,-0.0395313449494,-0.0389429570064,54407.708398040035,10840.268889997506,6669607.40541
1.535743680387777,22754.266214319374,2.008105559701356,1.9289332387436209,0.420873995888316,2.4290271399844925,0.3582481668879016,-0.00539395484971,-0.00536920602387,2413.222690157772,1690.8418628939028,612008.734542
1.3068414582124075,99450.26834197834,1.961663048242932,2.5109935486047017,0.20395681521237125,3.010283723844845,0.40255022858264405,-0.0234688084041,-0.0229893203855,6947.3758466876125,440.1043955057531,5148537.02749
7.760854262318034,564290.7224667115,2.277393537909597,1.5921825398722045,0.3409680933699917,5.786554431118943,0.09607786001770516,-0.101233150927,-0.100166360026,105833.50520911529,87638.86712102419,10504310.3776
4.880457847849163,477387.6227509235,1.8800245513238476,1.6975297343864695,0.22789297932203523,5.592511824744969,0.25697394146524905,-0.102159401003,-0.100320725877,52363.339076885226,37386.44153124099,12005576.6628
4.760162376245118,299562.0312324801,1.9749834171399414,2.7112884292702217,0.48194423834789557,5.658932138626335,0.3924800026512545,-0.0620172765489,-0.0618721198929,20757.463900938816,21088.93588584426,3136404.48062
3.1321269805770524,142012.48017563336,2.9037066278254664,2.98552169652106,0.25606836890359075,5.564735887646294,0.42952356397155417,-0.0309851507,-0.0289041220648,32999.92828680586,5162.162403758531,9437430.06509
9.593574728003455,367622.3984257636,1.6202372182770506,2.675062422639148,0.33123082881970833,5.546522083902197,0.16332549585428818,-0.0601049091786,-0.0599675935804,5550.882936028961,43307.476256282964,6847504.21686
2.9486332343051407,677.3770445224425,2.344660357521263,1.664196442496948,0.24732862355056734,2.1305187061843776,0.43861556747813274,0.000281765996719,0.000531101277457,10518.774926667345,672.9100123978704,2049283.47126
3.015747291094767,315777.9297693001,1.9315595669341858,2.596883629597077,0.35096937929354016,2.000553040657358,0.12595811139896446,-0.0703138900886,-0.0699873173346,38193.18014603572,2171.1036359608634,4344389.36154
9.314521427346689,455045.94586400496,1.7692381083215563,2.3490247559547397,0.2331738544756558,4.442201098637915,0.34200620551974437,-0.0776978631304,-0.0765591763448,54149.25725213232,16081.077845430824,13043861.4355
1.681734680904123,284272.4510961513,2.1290786581549543,2.159103341950234,0.43173210261085704,5.427570538897567,0.10338482620398319,-0.0986649211111,-0.0984814407267,38526.79457987651,217.10436971151083,3522489.27341
1.9693330015307413,208929.04366685316,2.8280874683745685,2.2887371061895485,0.1764462961853377,2.0745299634704533,0.3731349562573787,-0.0513798389389,-0.0451430919096,36318.33581754673,15629.67055838259,15140710.3426
9.824001012593923,311414.7037954995,2.1000927095592843,2.7121109840978987,0.4501699842236392,2.231021756024192,0.3067925118732098,-0.0507495681087,-0.0505508510523,32737.635646053848,45932.16234974409,5515140.6897
8.585922897207002,90610.20824047708,2.9374882191485474,1.5488581131525723,0.18820186137976458,3.173149162357397,0.49918818365949563,-0.0178469193677,-0.013173030274,44684.16459190187,21313.955016882926,13377278.9014
5.813788503170031,472126.8021738906,1.7871968313461108,2.572286636231068,0.48459825245564514,5.9156944199550034,0.2725916260352804,-0.0932989664283,-0.0931404848184,31880.76681023977,31851.315789733766,5336835.52098
5.345113472341492,420317.80093060527,1.771110964671038,2.206675585475695,0.36952414793352545,5.778395532212819,0.27798817776904633,-0.0860134489657,-0.0856914757659,39170.0276676151,32345.35302231948,4385376.06634
4.863033937444946,424308.59289338376,2.1061422718879808,2.875670225972801,0.27503178962901276,4.4830873151652195,0.44247810252346725,-0.0869215549056,-0.0855382641817,79437.55111236418,3920.226555895897,10569830.5747
9.930184107415828,254909.82722199554,2.6409729311363193,1.5664593049504374,0.48700020199854954,2.1664428505246107,0.055779997028350126,-0.0417993878212,-0.0414300756568,103490.68618146608,74408.78525342909,5791703.76999
9.779294865942463,425228.2041390441,2.9786763105775216,1.7674863887215984,0.3392762633033376,3.2989699141444557,0.19181871647311777,-0.0692768995449,-0.0662722942395,188039.37837798617,144306.33891172375,17686959.3168
7.0095644914717,375577.2925794994,1.8447099012402286,1.993497562235536,0.3629077975683548,2.681358805888312,0.18778610911757865,-0.0720441717246,-0.071758720573,50554.07760725935,2312.165229978853,4865793.93611
3.2788396402237243,176561.72618632496,1.8121074463393345,2.992644956857145,0.32139525602198993,2.411277868058033,0.40779321053109896,-0.0383500654975,-0.0382259350113,6128.770737672651,22901.45584981175,4827398.67473
5.721120212601203,164549.58101287967,2.0454964179952952,2.9214148814213807,0.26928824973035614,2.7698257558600057,0.20577398575500155,-0.0316468536369,-0.031198494265,31168.453306601965,21836.591580045468,7320956.04329
3.1535118695046456,64026.697454007066,2.022125345637646,2.8114634145421533,0.24971841045354473,5.546859221835643,0.4674503344174189,-0.0137439992943,-0.0136009038979,3697.802368023276,6631.3978974751735,4771647.03261
4.512298341755917,325184.04949697066,2.9053150162846486,2.4367796922753024,0.23194672745954872,4.38577141243766,0.16236627870741457,-0.0682421965222,-0.0628573460671,134300.31691384834,46257.99899451068,19134311.7022
1.3324472767299693,568510.2564201803,2.4365463052760097,2.166808678921089,0.3517184938961513,3.652597883304754,0.12912554891744998,-0.143618778119,-0.14233093978,136075.77258669215,35865.7045799881,12326455.3876
2.3288615923385176,511770.9000695186,2.8281055334456955,2.94541952315931,0.19562597615639427,5.871460327090613,0.0672006506963121,-0.160284425177,-0.143804835429,216269.30019036573,8536.505908580102,45433780.2208
5.340107676231161,458813.02781466447,1.737389896850435,1.9534631990675595,0.3331432459019622,3.2216552896037682,0.4414712226110149,-0.0959339896447,-0.0955776082479,53835.052463867854,7667.5157644742385,5376186.95702
8.791039733475404,397092.2006244505,2.1574691964538637,1.5447285948251117,0.47441275054886356,2.619827907976826,0.4822454859879741,-0.0714050147814,-0.0711864334245,75172.16536909206,39325.38932399501,4725388.68438
5.648137320219265,58005.6726176255,1.6161633329433003,2.121654861703015,0.4531756268317815,3.2885927181104253,0.47281634465447525,-0.0118298672591,-0.0118153159548,3593.711744368038,15871.474865702643,1177877.0006
3.595230319776596,350616.75513969053,2.9601452818507354,2.504688062600449,0.1710896211873448,4.398563256837775,0.14832936170182784,-0.0828974493293,-0.0676720181167,80989.45422641427,34273.99933309681,34248043.0809
1.023594287507212,37710.83313884562,1.656066181745188,2.84543806659274,0.461924752372603,2.06519797265456,0.4094104053547519,-0.00899179402634,-0.00898847635921,4339.88507852063,3049.849519010837,803442.873792
9.579380220712231,512942.28666850436,1.5671697403640499,2.103165551811182,0.3086123068514691,4.681943353518608,0.46923582918501205,-0.0882319170717,-0.0879207576688,40504.064739611356,19213.239530485003,7126428.25312
4.814499562579541,264625.1845873224,1.882851357019027,2.6032084536315887,0.49898094501555756,3.839296311336603,0.49728436240110535,-0.0551551482486,-0.0550753641668,1005.0442860276049,22290.49686957337,5221143.69807
5.947848618116385,15924.528578186691,2.2907574280456187,2.90989442738994,0.19939124609530673,3.663123930462499,0.24773340066794142,-0.00209863958622,-0.00172476065966,12328.671004654005,25716.164943664073,8608802.30015
8.686529168650132,473565.08493053465,2.4747977571406103,2.806225844421539,0.42493561241379496,5.619180795611184,0.4912956017073461,-0.0799005671987,-0.0790917264788,138267.73847854827,8565.21589535184,8920712.03851
6.939995355553112,495241.7109774942,2.814719240707582,2.787169774132143,0.3958805207100107,5.622588466961554,0.2541018601072396,-0.0883281956623,-0.0865706004528,185120.7689678507,70780.14571738943,11284350.1704
5.884629364762871,482976.93036051997,2.3739059383885888,2.3962182770173923,0.22533603360717303,2.207736905691748,0.28496260173698146,-0.0975261698351,-0.0930861426825,109280.55915612547,21066.681780685165,19306459.7795
3.973877226703333,192939.46333474704,1.649186530452922,2.477326870844056,0.41232965594778315,2.070102777314018,0.3912016153302372,-0.0419832713358,-0.0419257418134,711.1163775334629,19648.244447530793,2217826.9751
1.8650115936911105,291925.8387308988,2.0037061755429777,1.8741191491195086,0.3758751161643922,2.497466798935714,0.34400751638160154,-0.0700658819475,-0.0697973740641,28541.162024152203,27525.9742880307,3381018.85621
8.62280894903924,136226.30525423365,1.5152572431240383,2.0302257400463857,0.4218473323042189,3.4238497222566187,0.06867628241785016,-0.0240573041392,-0.0240309489495,5148.981589466248,23355.539600973963,1887114.26835
3.480600917866645,382901.67035193095,1.7834224615473393,2.99401232332982,0.4132908590221226,5.305504384255487,0.056416025945500665,-0.0834653802403,-0.0833257699662,80.06028212886321,1664.8853270547472,4502001.63039
1.1131104465457171,124703.48696069785,2.6755961408565625,2.767745318991663,0.15514813760914373,5.339515196145612,0.1806622970557123,-0.0369794945699,-0.0317761341476,26735.178606113175,4281.42135572553,16030393.3364
5.247288862722962,566274.1819495987,2.732660620967791,1.882496439829294,0.24820362267893714,2.1056511355921415,0.2614772521444099,-0.119272455142,-0.11312225942,189666.09208224705,91709.87939404526,23234769.9683
1.2850128193977859,282172.95072252856,2.6895560109170153,1.873234350280377,0.22876500514424913,2.419429300137811,0.06914317758088737,-0.0700696397707,-0.0663895883774,51977.05472710236,33770.447012415614,14231935.6184
2.722125865074968,83271.92176169607,2.863138769680397,1.5605974585422029,0.4345922215890756,2.607240332983228,0.27953087720475733,-0.019121153645,-0.018899592594,38506.364423015635,25270.80355635808,3458944.18128
3.453024043210857,574460.3002109029,2.8448288720546797,2.445007137007188,0.46306351380964306,5.553612348264384,0.1064129107279132,-0.125922233391,-0.124898640116,105153.21834302465,76333.45675949399,10692232.4422
2.964376408608835,223074.4138493241,2.7192427622195026,2.4732211481365525,0.18876547929941684,3.626973721874255,0.148817603116498,-0.0516072146437,-0.0453430091405,50827.88078218905,23288.925559318683,16188467.2647
7.613625551482669,473476.9192080379,2.6590482565280786,1.662679182009151,0.48004054497135307,3.460155840262743,0.32076041162258906,-0.0872067394557,-0.0866384040464,145073.3160473584,96031.13382848934,8016088.5721
9.884875755039234,378289.883657433,2.1188141456973053,2.0259712610082232,0.2450930752345369,2.8779086404046232,0.2332890039409818,-0.0630921224115,-0.0611455355241,99311.30113150876,12096.19274033213,13699208.2298
4.529034161833456,570986.7926971595,2.271946642065292,1.9040114712787686,0.4238724417496761,3.134246441998379,0.32460367191652945,-0.121943736185,-0.121409840619,109836.66170478288,58213.4990440903,7075862.46201
3.9500294904651945,40849.938210978,1.6324734478062242,2.480525785289652,0.2580696357491027,4.795716893475615,0.3222279390292276,-0.00832244564077,-0.00831283021217,972.4771097096076,5507.915088495628,2674895.43891
9.053552956441559,474586.5578398692,1.731153171231408,1.6084599909220372,0.49104168505157764,2.059545452578688,0.3906729311757713,-0.0853766896487,-0.0852845232235,28238.63303686696,1769.9169709500713,4056497.91313
2.14818453561824,114431.16511860031,2.9410975401210715,2.7357351792135365,0.27631743807773185,2.99280312523085,0.24370844342766723,-0.025585053289,-0.0239125644109,21453.718603738005,16014.937397161788,5881025.96209
2.3341755533499615,495708.23219099146,2.422235602855695,1.8857513423735088,0.3564730312403066,2.8747575728832047,0.25598161802355934,-0.116200068313,-0.115007036279,79764.67835344568,74530.30220290729,9586014.56423
1.2026912705720325,575796.9271432532,2.743723032978302,2.900866081016116,0.20083411194126408,5.669218462111352,0.24860023906029954,-0.163212161309,-0.150641687849,179016.2437503856,17426.477190426154,38366771.5078
4.09188584562025,25484.3274554194,2.8302032247385833,2.204646225597755,0.3717244906198466,2.5214634309998623,0.2806110142322109,-0.00492094926207,-0.00461940465838,29730.842284922725,4462.334782264412,2720864.00707
5.168776338326673,456050.70319121034,1.8478836700764865,1.7763242198715716,0.4852569833186523,4.645119270490376,0.1423957590032648,-0.0942946010779,-0.0942039808128,9749.943542899347,588.4523899881468,8603917.16145
4.604197432235873,361452.0899498519,2.5906701603794877,2.7878056644169567,0.4391660211020768,4.114409677948183,0.2048816900808187,-0.0727860122997,-0.072185030544,78925.26871249231,27525.446769561404,9373535.05147
2.439480796169613,573395.5364579548,1.7371340837522866,1.9930412567376055,0.4670150988770645,4.1339713221889935,0.31632930366965506,-0.136383007041,-0.136272504739,16302.607184623337,22889.406210336307,6124202.57015
9.052800508316382,348489.8962699588,2.702439794053271,2.594765860663273,0.1660248889997979,4.462694454890105,0.13159138351964955,-0.0598387275559,-0.0502027789338,65437.31913521136,4530.327792466342,30566105.3341
7.802119744819545,113294.54392937142,1.8916203950578907,2.9622249720587446,0.23236570630345266,3.3606706593076585,0.22352276422835915,-0.0194356117187,-0.0192761341645,10229.786581702434,41725.812194114194,9637566.10875
8.976991624329951,54405.49936757999,2.2356684810341365,2.405391032749942,0.47570291356570193,5.758495706429305,0.06462065224086024,-0.00838214392682,-0.00830920417856,17637.353654885417,20022.168343540092,2268225.46043
1.5616358533619594,562953.9924191983,1.8552750737394708,1.77493782013262,0.2319650764174947,2.315902225346962,0.15659112705411043,-0.138315195083,-0.136499390234,51287.5207550328,41004.89574609231,11199816.6502
9.164230456532483,326548.6301734503,2.5102204228180556,2.2874645717205597,0.3289462211491043,5.965574855031564,0.27094646154657936,-0.0534012472896,-0.05198116901,120682.98960551886,35753.61355220932,10090421.667
3.99717637378063,122707.37994884112,2.808484641949878,2.3746567408958077,0.45595312263728416,2.8738399433663524,0.2860495532053767,-0.0256093020937,-0.0253002519128,47870.54926145784,16820.82260083243,3352307.29886
1.7918621818014473,554861.3248890209,1.7451414679190524,1.8699654361279965,0.38498488379612933,5.589916747156737,0.11559089156042109,-0.200460297612,-0.200242087127,42607.462468088015,2263.462471541496,4868735.39276
9.865431343722745,367047.8033069484,1.6191518423236677,2.8065913579428345,0.20416763734314008,4.832598527017434,0.06887006249948371,-0.0589829398051,-0.058414786849,27804.980836630697,44761.40282641442,15974692.4339
2.6206711881695464,222014.70504637618,1.8630933342841143,1.8567737559872834,0.16194096683709483,2.500878648781917,0.48895517736619026,-0.0520156885495,-0.0507537295516,7444.393061760032,3178.4265092689043,9779935.2183
5.2234384453829135,316989.8092515322,2.9485387055660626,2.645958542965471,0.37768287652318155,4.152564581281009,0.3392382891854196,-0.0624159347406,-0.0608403441281,137364.9554157176,56965.85875999844,9404291.64222
3.6029942839743785,586820.4360635763,2.7210907497665957,2.3732767845121368,0.49271864586504965,2.418401791028462,0.11117219131873199,-0.126915083647,-0.126206684699,145816.0148666856,82075.28069203407,8382590.7853
4.181915360432707,551398.4714484812,2.049924723675031,2.9141913434039264,0.2998656577258303,3.0574784103192014,0.14425740811213034,-0.115378034848,-0.114040649625,99026.56917897065,26092.87828861221,10048105.2875
9.681763113432428,549300.6103824251,2.4519134838522043,2.753798770503213,0.42638235405402525,2.256487633343178,0.24217496106899183,-0.0890423797551,-0.0881683365959,139084.15876081373,633.6617852916629,10516682.355
6.227867936595384,355630.187197053,2.2017690159901164,2.609091419504919,0.1705854671611042,4.984061863523117,0.40233348468454316,-0.0701660270114,-0.0653815895156,50882.17394984522,1585.009763787851,20910702.1898
2.3587289451460025,549038.8432435881,1.8704915315936654,1.6117281003539263,0.2543914099544442,2.222802457866641,0.19365399655618432,-0.131154860469,-0.130329343649,26099.2232683979,27011.054861661494,25024016.5022
6.91333013558117,255192.25269661497,2.6228994146367848,2.719641694600572,0.3790273380901091,2.967277560726327,0.38077129489150263,-0.0470099587384,-0.0461437268312,90560.15111950164,6297.587098312801,7768646.01806
2.3833082817426243,502204.939008954,1.6800503817614039,2.6831595888933224,0.23824925017950366,3.8002331413746933,0.4250797043225837,-0.11651839609,-0.115505600804,32659.108363993855,13651.148305373863,9666063.81823
5.793738219921859,189007.44059382443,2.881034683660035,2.444075116660598,0.23637256949132845,5.556275465316466,0.25321756335002416,-0.0369610154679,-0.0335536623503,85111.94165767763,15995.80376517483,12906302.0244
3.9724078900368065,599447.9970586054,2.6141560528977674,2.387787668230084,0.16989143304445922,2.4235514828147107,0.0844896061809003,-0.133711507847,-0.12134511804,87330.89321704635,35669.483265314324,31922047.2852
3.126318377778616,386740.7901596865,1.9951029895533954,2.9182650417456184,0.4777397913328367,5.376634762817921,0.10331078319033907,-0.0859614397159,-0.0858573921805,970.1714891413673,234.26021808998803,4891714.3812
5.177106665622122,54806.200620204916,2.164905546373486,2.5999036683480865,0.3461807134093307,2.007587525081158,0.2778359766839761,-0.0106415468879,-0.0105288787457,12624.987999241801,18974.54923686945,3273363.31648
4.897028908762202,381218.6724412408,2.6629845281287583,1.6409442725921133,0.3230854305905848,5.838684953763075,0.26103870755291453,-0.0802273657543,-0.0784083932637,77472.82199754273,69345.77637789136,12672317.6728
4.078614830837608,110225.19115586096,2.8043279952435842,2.0332814006694164,0.4005521627754036,5.376964668362172,0.42734028194306956,-0.0235678392919,-0.0231229945398,29844.57539265978,23707.61771403714,3779479.61609
8.124431989379431,459056.01436713035,2.0854778724416114,1.5058026696119218,0.42816431100216357,3.363570968080503,0.12027751960931525,-0.0834758871056,-0.0831929508211,76310.07618395913,44171.41534222552,5487177.60546
7.815871253293521,204356.62110627865,1.6758332964421103,2.263563788480705,0.4441589315132518,5.06295830007922,0.1631364545409465,-0.0367105581588,-0.0366570628926,0.920263807502351,20042.10295929214,2262213.99967
8.227240303618082,547609.44217576,2.6158261515754306,2.595221180126239,0.30766723841699006,5.179465288391308,0.4150496465528906,-0.0954275577718,-0.0922271430548,201462.05868475695,47284.79011691376,17957172.836
4.934786099446947,296113.1935606955,2.690286748651391,1.693874123867066,0.3593598749060197,4.270373423958232,0.2236572786362464,-0.0611933296147,-0.0602270828326,83275.50927899587,62612.79406517103,8168299.27271
7.7146364130679865,41080.52848783257,2.5898531646999725,2.7084807162273234,0.40460417132804394,4.519529584982256,0.057132862502346206,-0.00635867456014,-0.00615958523986,23725.134305425046,21024.31835767801,3799416.41859
4.622472524866294,170815.93910781512,2.4748883584929415,2.9836445053833858,0.23630423706338377,3.8055523235189614,0.20879595517087884,-0.0340308110565,-0.0323577695622,48519.297898131634,4726.087850026754,9737061.95771
4.836351106518023,355171.72274113545,1.591130208111777,1.7910529374055995,0.43514948024849254,4.449679879596186,0.2754861307437489,-0.0756183140138,-0.0755553407569,1319.3284985878897,6442.125567816946,6383546.23395
2.4562511740255117,525476.9099517546,2.1942572538587344,2.539220540229577,0.2597717609150242,2.979272572867954,0.08461895504167091,-0.120580567617,-0.117414519331,67931.3255151051,62563.12019300261,15127224.6442
9.650274706425169,216230.63864698747,2.549335686060436,1.760962518732013,0.3622666753459133,5.917215474754729,0.32914448893012893,-0.0352456611709,-0.0344314565427,96637.72399592421,46280.79568951474,7353266.25974
6.209580644394699,233973.72139432371,2.8034479920583886,2.342839571852596,0.37133092880118634,2.158208961105321,0.43758071397107223,-0.0454510288993,-0.044313017851,113748.03233978552,34031.20992497642,7936018.31752
4.800958881825059,232232.15873848432,1.8113488723884588,1.8885236271802124,0.259901964316455,2.659780293603268,0.2450063044052136,-0.0491272363495,-0.0486124136358,39816.44815442978,6431.345139072616,5370034.77979
7.896131685203475,83899.3586429297,2.829180596855921,2.0065306665710363,0.3341654660967681,2.430764826269058,0.2543766821913871,-0.0149927227052,-0.0140175376226,74323.74970219018,25039.90995135393,6435133.52228
4.369046407946502,42561.206794196085,2.399771347190665,2.619928919651959,0.36490587119317786,5.831005809304546,0.2561430709768363,-0.00836819636654,-0.00822128186016,7747.276039287409,2059.4190189180954,2566615.82258
3.47495343593669,409070.235713877,2.1055694431881706,2.3284222557494316,0.45123884319010543,4.32799466092872,0.473218436663285,-0.0908811121395,-0.0906049662753,42040.584776100695,39445.539523756546,3931106.46673
8.836980973600184,264333.72053071024,1.9476854969836503,2.087415633181391,0.18563694179117698,2.2128111650814475,0.39713692792496313,-0.0473828616068,-0.0452378416524,46325.684973768424,9730.479083791704,14702949.1193
6.691192960143368,422806.84025635733,1.9989777250044154,2.880203532450125,0.2184012570936384,2.1025614934815846,0.17835514942059982,-0.0806487969801,-0.0785600006658,64283.72785395442,22533.8934511109,17260238.5907
1.258495124668944,221528.1629427961,1.5630414994677855,2.301547203334321,0.36155060577056064,2.889690903852824,0.29974227191877456,-0.0541497050965,-0.0540946289931,848.0452255841609,1511.6717670994387,2334777.89687
5.318564216662894,97859.16894665327,2.597521817197658,2.5712393959198367,0.39680759700796253,5.430014087314271,0.10339081191246222,-0.0182952422795,-0.0179299071851,27279.53320246328,13392.607123124393,3366815.76228
8.87689870645854,299256.84857168765,2.386111174242021,2.4508432147485144,0.31972522724012653,2.0214120648935774,0.28836788858493373,-0.0514482135928,-0.050275315991,104005.17880696048,907.5468123422256,10294982.7771
8.135397449203133,266062.3636547033,1.7744629587350236,2.204394841611273,0.20190029330425144,5.108018248391559,0.38247734170848285,-0.0481524869848,-0.0470450924491,43416.59622212297,11688.659555883538,10738249.6118
4.57949588367578,468880.16102141317,2.183564455563533,1.7634314734808456,0.2904244168411752,4.876999469949361,0.3869310330297629,-0.100864600048,-0.0993408139161,67736.71793395499,56773.484120218585,13463221.1138
8.863055635669541,417137.95304039563,2.819816565805228,2.0912024873564525,0.23819610577036857,5.204325556241143,0.09174815677385756,-0.0698561161618,-0.0636365291401,154995.5248422779,75117.80308745897,20978881.7715
1.266303011297927,184613.00993483135,2.8555109951003628,1.946794880508954,0.31373075450823673,5.313012533291211,0.1862322351268343,-0.0564363718858,-0.055123674937,73147.78855194764,42523.057133857896,7280002.73818
6.584619645298652,244435.592689957,2.8604655974640023,2.581974105737192,0.4370101166735314,4.263042619431953,0.052946669462475525,-0.043503541454,-0.0427660525488,97293.58560728782,37186.446367890756,6147028.80286
2.1014435562178546,331593.31808000896,1.940277219661072,1.9536973495691194,0.3396006284949341,5.102346048819116,0.3687048684518751,-0.0838765859708,-0.0835207234209,50521.559740744706,9045.285657642247,4890401.80525
5.783527280071202,497459.88371344504,1.9643021294905623,2.8752352387265008,0.24966132079490733,2.4434740735991327,0.28032750270604245,-0.0987802113634,-0.097145775,76138.21997045973,13707.594099551954,13999807.4849
7.3455275572510885,151086.43199591996,2.56868466968489,1.6637086444059035,0.37309454251115654,5.206651092534074,0.29897735479288545,-0.0277373334674,-0.0272005634507,68420.67252701662,38412.10615223516,5140240.94607
9.676183743472052,194712.72282469738,2.226548961952701,1.5425107927423523,0.15436572963194287,4.1972505648387415,0.09418577119341337,-0.0335976391787,-0.0292977978015,47968.22672631764,11681.332735679933,15843611.3096
3.886536879922541,433678.7119803125,2.0730283167271164,2.2226905656812037,0.16638172147621552,4.871052812219384,0.10717805062741709,-0.0963872091692,-0.0900910591493,56317.07004622311,28351.857200442417,23449014.9393
1.0790473976031403,573814.3205876992,2.8550045378338513,2.2654258774970817,0.1802048984822164,5.1051766822537825,0.4197111850427719,-0.157847906792,-0.140974993972,166772.1474413605,60796.260466026426,39302985.2893
9.10348382892203,363624.44218399236,1.8294299812609705,2.9629245173274827,0.43981655794702645,5.996922332710724,0.42741318951785096,-0.0609220060481,-0.0608011912759,3614.829373133411,60101.991393148,5299669.64164
9.531137873283004,34362.222474043214,2.0913709042987065,1.757061298836889,0.36056864379237646,3.0161669386142256,0.07247485124547741,-0.00557357623783,-0.00540401494958,26143.267268610765,328.78386217579487,2853161.17644
6.2751090727306345,573439.0439717524,2.836996466595057,1.6592159817835488,0.192150278951494,2.9252494992191096,0.2048054388377043,-0.117814374358,-0.105824714203,152754.85983082192,99659.70937639383,33384582.9973
1.1590127673377655,176135.87215113893,1.929950631822795,2.924360849260027,0.2337983835381001,4.53106455068813,0.3885999800262459,-0.0430025416737,-0.0425575799347,17536.15133829246,17156.587515081053,6828342.83356
6.636764972819367,498442.676119983,2.0284412702515136,2.9921578455262274,0.4218372704428538,4.297220483958146,0.11619513713681986,-0.0916849546907,-0.0912999481714,61016.367413201784,8666.925759143383,5875156.94555
1.3297991272424152,112306.71528532557,2.164435858550113,2.9231077416531575,0.4356823412275608,2.68383416676432,0.3703658944938179,-0.0262271613443,-0.0261443130762,4377.703594622305,4256.996745014446,1828436.71505
1.1984066763456431,283093.88040542154,2.6837122396207107,1.629590423106855,0.33950958981589074,5.628103253098262,0.23681660759976075,-0.0873885957709,-0.0863376103443,76796.53602441629,65192.45276182314,8067222.23167
9.91490664942357,176043.953676763,2.4533796815011866,2.2614773219830644,0.4250442853564377,3.3069922025849765,0.3654487873038162,-0.0282887611307,-0.0279120581313,65667.03572428062,3900.2993073762827,5147028.85978
7.8252286273761795,458148.8803392535,2.9159184584596285,2.3545374840461237,0.3218192481104317,5.748964909553892,0.16025355523398188,-0.0786762138934,-0.0752337993889,169174.1037906463,92746.88056667337,15770982.9182
4.353623327574272,105702.22439752953,2.2187500947356704,2.4409099200891298,0.49842271875591093,2.145889783030598,0.12480439090869466,-0.0220139002193,-0.0219407258738,18024.039520130133,8549.952732135214,1740164.4883
6.463365947154254,104667.93774687979,2.6817051407464394,2.797655852832368,0.188671206354456,5.7342922402731045,0.06187857909575883,-0.0187970545862,-0.0158895994484,39752.16612376454,9672.383841324128,12022079.8399
3.9868752086281383,494547.0451275667,2.9150165533280648,1.6015794605493356,0.20602451249090808,3.258911085663272,0.17074618993447696,-0.111786851756,-0.102465506403,137905.8157244638,110080.36817188862,26104930.7552
2.1188594997973205,192837.1749741375,2.325396518507329,1.7436537099602016,0.18610196067435142,2.3611650079274824,0.20397648295862086,-0.0467010037481,-0.0437325918681,19252.763876367262,19522.611146153075,13455191.329
3.672333932895887,90113.49346357962,2.3521105252421637,2.9382982921391125,0.1586365147778371,3.4358380859139213,0.05192385996007806,-0.0186145609604,-0.0164469271269,25448.796859577928,7646.6588052158295,10242063.418
1.1285487221422992,347749.4971990322,1.8534024612916646,2.295876861499523,0.45239852012767745,4.772814939051278,0.27965636027861573,-0.095118936855,-0.095022368847,8094.4175712121905,17144.7358860098,4075647.84551
4.808779374832444,141375.1300489963,2.5351691467358615,2.181733212085579,0.4930543482083233,4.928044938538466,0.22571929341464836,-0.0285930691508,-0.028407502315,29410.310422048275,25196.22513157655,2383978.50338
4.021533997014059,302705.25954342587,2.0014749120509334,2.4529001842698044,0.28633571296552196,2.640127454525306,0.12287809005067055,-0.0644312705721,-0.0636974079847,54301.55748110054,8768.22473282634,6214856.37969
5.279123162844137,128512.5399872409,1.5581309459347472,2.1485669697477965,0.4149332221864457,2.059825357716825,0.44774377629383333,-0.0268652751385,-0.026835292244,2002.4160631124798,17920.450126575215,1659899.12226
7.8168676267421215,595602.0161857748,1.5652688444753144,1.7807746505048763,0.3876040492402322,2.1276085307539945,0.1299429848453877,-0.113143214591,-0.112976505652,22615.272053241144,7858.854156315528,4685430.83593
1.6437631707162144,94819.26730141608,1.6652028477172767,2.020466418497694,0.4659027778259429,2.2812470966911995,0.27063611427218154,-0.022891495243,-0.022867691697,3553.119080003556,4846.32679937574,808751.174548
6.912180247187074,182158.60315997835,2.677141155319477,2.365535237610292,0.2649304968572588,2.9801265346183707,0.2574039691058866,-0.0340883469266,-0.0319860356798,84007.98978414162,11957.803237960003,11098057.2972
8.794619915507262,319349.63264257216,2.812452541988728,2.0405922443877937,0.35237641773883693,5.083023830109969,0.09617971612879808,-0.0521302788467,-0.0504272689421,145266.14235696747,79741.17611448042,10474905.5567
4.6949100967113075,238442.1278007911,1.5283507714535987,2.3119114335081,0.38719948960515815,5.232438197735989,0.32965189852482113,-0.0503986926256,-0.0503122760615,7031.011317801593,8879.30219337682,2163800.33071
7.206172978321559,118516.50702012626,1.6191909479924735,2.4786889801114502,0.22868193920718827,2.5810594491042647,0.2863313577312412,-0.0219223409404,-0.0218316858826,7449.164136040888,23998.330377965456,6637205.21049
3.3965461557435717,516033.80009894446,2.182873040774755,1.8208551916849902,0.2621615090361591,5.76276980852791,0.4342234451785459,-0.12121771493,-0.118985485789,107227.08725202242,56173.51988198332,14278934.8583
6.998419740548234,338175.13779208675,2.6801181679379793,1.6286491237149332,0.20855640396934966,3.52810482989615,0.37277804103154655,-0.0667169691486,-0.061037446361,106349.25329297561,63523.741818173614,19373847.7748
7.647205207572611,373206.1680075826,1.9977881543547742,2.7052376723847322,0.34824237823593185,5.689737222301604,0.08267600529520161,-0.0647191483656,-0.0642225952691,52120.60382104712,1277.020616952798,6035211.14647
7.138381193552643,533304.9928829519,2.8278922854954374,2.8794115228290544,0.31625624299034016,3.906770391442871,0.0649800983715819,-0.0945314934064,-0.0906034388039,190762.36165110595,66012.16731452908,17648145.5242
8.586286295999884,183597.62147750452,2.3947701799800036,2.1615965453658186,0.3974651621048095,4.533667200058001,0.44451004059967086,-0.0317602216385,-0.0313473541935,61237.155763968294,11143.537416777202,5171295.69862
6.700797566314667,578002.0477729263,2.218025827902911,1.5792988412377535,0.18415397066865635,5.428675849111876,0.3084886324784986,-0.114785665387,-0.108765599832,108796.6559162811,65998.60250153182,23126325.0087
8.672021818262559,38491.558214542885,2.2482642240876696,2.4379368543157374,0.4651002558082791,3.4108780529704332,0.12954894479200685,-0.00623458736743,-0.00616596021373,16801.934657378017,24443.0239132312,2424032.3151
9.865925760291693,260793.82433839302,1.5485801538549506,2.1698818273906326,0.19233797502387434,4.374718010296592,0.0845073088466449,-0.0430020647515,-0.0424648829139,20913.656648609372,20118.953115423483,10876374.5994
8.495701804620156,178611.47444150868,2.6626543841462604,1.7629277124619869,0.47653321518925384,4.272375879756737,0.21659927513323612,-0.0306452027239,-0.0303213377469,80224.80323881636,45913.18310172433,4391223.7555
8.22322486953496,14452.115827131707,2.974287273195702,2.878342616094387,0.4270294807523687,2.5994267475595594,0.2423751983014456,-0.00188169094803,-0.00159322878066,38429.05762330816,27793.836811587553,4569375.73571
2.201247504151645,513847.45665416005,2.3603957392964743,1.5423705118939548,0.26130031778448315,4.07140736670776,0.4756282686898552,-0.125649872108,-0.122987418908,134293.76686645029,85137.413117526,15579430.7956
2.9951188973651304,299116.6829208358,2.6956217011805457,2.7017905424926707,0.25102286166969134,4.811622833385238,0.1337448413431598,-0.0664910605412,-0.0631115040497,60121.78514099932,20004.71936669856,15103730.2221
4.708211670722213,311300.70667725714,1.9571754694655559,1.9750447153335624,0.378147324682753,2.933781637167808,0.20677852823588466,-0.0656038433285,-0.0653414052126,41476.027126599896,12609.50490639438,3933338.65696
4.538588631491826,330859.2333686623,2.134765874945287,2.1255890120505043,0.15564614338601318,3.531869638851388,0.36869983509625265,-0.0719387104551,-0.0672028435115,53425.23031123725,8856.288105356953,16998247.1799
2.79864648015195,388163.42471296224,2.758545707549846,2.3955625023121123,0.3726684201924807,4.468372942460336,0.29119301726896096,-0.0873739457235,-0.0860138190375,75976.02349449524,51310.323375941196,9591360.6444
3.118383039525958,151000.2830359566,2.4789178747429115,2.1599557679865256,0.29395005564108995,5.930389664563823,0.20258798863142796,-0.0368491577198,-0.0359158984317,49427.28445221902,12589.281155959283,6335083.58386
4.178640695162553,444596.28165370494,2.626462044191645,2.572097657506661,0.23750571753589034,4.712768089530613,0.49732001236235596,-0.0961248537476,-0.0904700371579,86246.26881994332,47928.55100845146,18167445.7545
2.348919155144121,53103.9926378223,1.9860724997565629,2.641249860179006,0.19713765047205992,3.376799488183787,0.11418472769815621,-0.0112927623546,-0.0108765934502,5693.542610053896,1019.212139651734,4007357.43814
6.448384003795971,409163.44597596355,2.3466051038639497,2.00425862026618,0.43194627158009413,3.786151472044388,0.13032768831478614,-0.0780030915044,-0.0775408658105,95766.7227099787,46201.38314527601,5888920.67901
6.484256926614369,473859.37924777606,2.362211752202179,2.1674196903950773,0.24817695298837103,3.7201292244329793,0.20709974356692784,-0.0915753497188,-0.08825308548,110271.46240985661,41985.556758638755,15669651.8023
2.00292047661246,99793.61522858843,2.81330408834175,2.844867138125668,0.3406910432669198,4.257374434667503,0.43187280203858314,-0.0223788532796,-0.0218307983895,20084.85444862011,6133.214126384776,4227255.31287
3.9601935821406062,250705.96807109076,2.688457637958565,2.8553683825922995,0.2567882261196202,2.410993833083836,0.2752496134373725,-0.0529842287516,-0.0503632277646,85501.4615640391,9930.384019720605,11840393.1453
4.859740054784501,327953.55933201715,1.9801325440729205,2.8436992804660797,0.19800989793158744,4.839460327917808,0.2701426096142305,-0.0668275752198,-0.0646446316647,52038.47231997144,1735.979472214586,12433189.2843
5.312886154408077,360650.6152576851,1.6568429195710443,2.2171547659347324,0.3735070174709877,2.6685372929709206,0.11862236626279177,-0.0740364199308,-0.0738751694872,21205.960297413858,7389.778867918377,3494741.47904
3.525146223732915,44060.770469537514,1.689270114779574,2.7839381744159173,0.33141583462657487,4.972569488857467,0.4074404163205744,-0.00929307096185,-0.00930950865423,5223.2724738628085,8406.338228788156,2255154.11791
8.781499533802082,25831.837740667463,2.4828244485572597,1.8198291526599515,0.26313989899268464,4.0114599346352495,0.05428114730835698,-0.00421905295967,-0.0033797172214,33417.463334097105,4439.705177401698,5749010.80453
4.630507945151068,201599.3537319725,2.7256520314805583,1.9687915052707385,0.4480015900101739,4.294098197034355,0.38666419863585644,-0.0420107343472,-0.0416287005824,68501.86589164055,39848.45094616683,6058719.04724
1.9111232299860184,119111.81825443628,2.073519100553161,1.701724147839662,0.15934304127753843,5.738420635958966,0.3844820584898481,-0.0320798215306,-0.0301392699443,19573.02175468678,6034.869512215479,7389126.23525
5.662228740011506,473459.1108379778,2.477649787240971,2.5058396828123195,0.4215412429101364,4.2676413346520015,0.49940393044977704,-0.0940430104821,-0.0932593562967,130215.50680049315,41678.69394323935,7771504.39376
2.812629952187985,87990.86778346152,2.9057930899508913,2.7126062985249013,0.16710009424140665,2.4785050563594626,0.27711755167869406,-0.0198375114095,-0.0164438581791,21859.960035700784,3875.338434365145,10808106.8234
4.580445676123496,145210.21360579992,2.247572740410198,2.2752759934420683,0.22183335361755993,4.495937445047914,0.05725827487446188,-0.0293643539705,-0.0282874221912,22539.125050935905,5203.4326939837365,7239864.12893
9.788995968174149,55444.82771883352,1.9978898843363557,2.4754196731240086,0.420153664641156,5.325052014362439,0.21372817010071016,-0.00857688210944,-0.00853544463197,4547.913543650905,36185.83975034006,2954391.2787
2.5894952286123636,588258.7640481559,1.6965941088641454,2.0162585836567763,0.38890066063219214,3.9488525115682793,0.14756900573536505,-0.138241679477,-0.138048437647,21134.519422483332,19817.07819287031,6390745.7441
6.565908121591131,274644.96551840665,1.715016078062224,2.2910189494404363,0.2751040442080123,3.681418341914148,0.18301206777210288,-0.0526552207184,-0.0522862468676,33809.18318090139,9493.518134929109,5753071.95786
7.988419798172259,275803.3880745266,1.5824917657853057,2.42236460989948,0.3999967353400483,2.0729386114831545,0.4484296681101359,-0.0509279852057,-0.0508631944928,6140.876066161335,41167.34647478302,3704346.06507
7.965982486585485,567852.9895923657,2.431601493781153,2.4476057092891508,0.22198265454878405,5.833758152784062,0.2656495649694707,-0.101134449091,-0.0952605979342,120367.76938002453,43542.883278936475,22656332.7998
6.0095701113741935,164679.61213654355,1.5284802774017128,1.71226601511065,0.27021751843195596,5.989462771463676,0.48536530034072844,-0.0337365578411,-0.0337041463397,6837.550498489476,13797.25569282595,9442597.79262
5.336589059349566,284123.9285722901,2.3922337817808197,2.731848666180433,0.31091408663804054,5.42472199803369,0.30932747716420145,-0.0559150904966,-0.0546248196184,55686.957300760434,28919.913561540216,7896948.20727
3.294267530671754,531974.483376122,2.269603188414191,2.3287003432552646,0.45343988037259253,5.050377530645724,0.13909863701307995,-0.11882048058,-0.118454587059,48521.57382705868,36150.83020332398,7402839.84152
6.13943393972855,562970.2279057326,2.3275555812041215,2.0885743599830042,0.2940472889940168,3.1240164659355054,0.16583332971277978,-0.110783859206,-0.108565376705,153444.92518054767,49709.892001507345,13412418.7304
3.8794817212427284,446077.03743791033,1.5228758363798556,1.822177087095072,0.3362222088130252,2.9559437814417944,0.3236910606049756,-0.0994551907339,-0.0992718050039,26711.097133525185,4346.9697267376105,5896394.68771
3.726653003755937,519912.8201300313,1.619695591785952,2.43206741144313,0.31418945897261336,3.2418808779483577,0.1465702857053994,-0.113476301256,-0.113090742702,30541.232205371038,11714.256738206866,12237351.0553
5.192074231225343,455646.86863062787,2.6345850081398625,2.60527719920762,0.18238087914380585,5.69278198768361,0.26794284982115546,-0.096298921927,-0.0843491352189,91890.89429038537,39169.48347127954,30792052.57
9.219668196723598,349079.6796167757,2.002609064513744,2.6831852717053164,0.20035815710999816,4.780755250181924,0.15117755237799915,-0.0575834606975,-0.055377329013,66541.92943009609,22629.148578069216,18079010.1627
2.646589458226373,259196.0052759868,1.8009558518787225,2.823271363682105,0.21415238133806108,4.968840420304282,0.10659920219392614,-0.0588072931499,-0.0582995934348,11356.598996856928,8807.683770390455,11070189.4847
1.5718862943768164,404623.0282010219,2.8494103819407277,1.549512456110362,0.3921709134042898,5.169691279511441,0.40428829622031875,-0.106583526741,-0.105475275546,132814.086985264,114395.91022892417,10120653.6082
9.014887082641602,564813.3709272599,2.3257306440751893,2.258913827444525,0.36293398099141694,5.609808129550817,0.11372408088050345,-0.0925860794929,-0.0914147772798,129211.25352716005,56145.06373519441,9980465.39859
7.64173740117026,465453.17154011305,1.903601309804134,2.201521842497881,0.16813278902767256,2.726681630019571,0.2369333565457612,-0.0878422697927,-0.0839549058966,57791.967013839494,3191.0097673458163,22355051.6237
8.755520762735962,558556.1802290054,2.0189231915230375,2.196544532970438,0.3412751673992373,4.441743654575342,0.1496404824239309,-0.0959428919858,-0.0951787278384,101141.08132902882,17329.30102456737,8911990.90517
3.2306556630234073,310625.85794142535,2.4973427164376103,2.108636048039506,0.348194301756787,4.999030427860136,0.16209004002789645,-0.0696195006425,-0.0687321076673,50429.99107695633,33007.02233156455,7478401.39809
2.653558350411229,416956.82196607586,1.5177632609693879,1.7448590839346638,0.30851172815041006,4.539724764819541,0.19995221902268756,-0.100835086784,-0.10066058787,26778.606975352188,8654.214239448896,11754446.2956
9.020889258904326,519060.3855952839,2.5412450823576176,1.8086473032625594,0.2605868602055461,5.27248316650146,0.3538528503084033,-0.0896815504532,-0.0856055409253,171947.94354905118,91382.29343198657,19485712.716
3.382504599678347,399956.00451331877,2.107647287397799,1.6264638948421817,0.4567938776731404,5.365246546862499,0.2362784529712984,-0.0950748677918,-0.0948631426491,63247.90565288881,31808.457777725063,4952246.23617
2.5877530633039774,475633.8307361909,2.397457002848871,2.542097536714238,0.3632532243106238,3.2429490071612936,0.2269302571958141,-0.107573208134,-0.106296548931,84932.9485644852,67916.05121581715,7603930.02844
4.109999603834398,100963.07652068621,2.493816778435785,1.6279139431401326,0.24975589878036708,3.273076283487208,0.4233955588494867,-0.0220559538811,-0.0210246842414,32205.912926302542,21120.069413388945,5794017.49603
8.715324235637212,175028.92134013315,2.6056518137094846,2.8911706563366666,0.34877041248077734,5.928906776138298,0.41657764385720913,-0.0285849699794,-0.0277889413953,76635.12579107944,16997.035780543232,8027335.6534
4.5152484467512135,191850.25838877622,2.6159595490295655,2.5332116687363673,0.32611876533054107,4.9809654063558515,0.38403306125437825,-0.0394401398733,-0.038314446303,35439.86529658961,27109.661167992323,6460173.10506
5.881636777083489,445035.1134254711,2.674137215912662,2.4994620253036395,0.3812956527919543,5.273005958463994,0.4964588746007985,-0.0869770276695,-0.0856288607133,128867.05924165533,52111.75752631784,12555419.7204
7.828393824558973,377876.89072251023,2.3370930116355124,2.051822545521673,0.22250554181010046,2.7821458648743174,0.4789991067303092,-0.0708173250476,-0.0672248628175,109664.38804656795,20709.259290288854,17633957.311
7.807327818439785,389945.6826980611,2.8482818538705246,2.045212636825626,0.3482222715405965,3.756823658197943,0.07561927666755788,-0.0684600676804,-0.0663132578652,173908.42392978052,99743.49799437699,12550577.843
9.5203324893962,16556.280638364628,2.831431974520796,2.3891601997305436,0.2926009481930547,3.764974787476325,0.05368304215141716,-0.0023286391501,-0.00136791843559,51204.1282737912,13171.12477684453,7525814.98426
4.346954928627624,421217.11701441166,1.5260665312087165,2.060614866391574,0.46562289322882855,2.601903508316744,0.13826361928441389,-0.091104574212,-0.091033802076,4992.090207349292,12579.83576778597,4372728.6619
4.894374686784115,325164.7028471036,1.677258810409776,2.0717134355319633,0.3207652338177268,4.455928238377117,0.16279665844839714,-0.0674794789879,-0.0672605310471,18330.532010464034,4144.492007437991,8898260.32408
9.644343331960538,593458.6776584862,2.0976099388569893,2.4513443149398833,0.38053982010947746,4.427106895341792,0.06325873339229691,-0.0960602334845,-0.0954008696079,93112.56616987154,2362.0416117377713,9032636.9332
9.131819636360367,53529.943008670314,2.366980017107618,1.9914213395910538,0.3531065408701823,2.338327512670145,0.23240871758165715,-0.0089519024544,-0.0086081911246,39289.01061628064,543.2416757215017,4148378.01989
6.93385005201053,24430.518748535833,2.0153646478516745,1.682705325898331,0.18633960546999864,4.399081121471081,0.127371500735811,-0.00439534565115,-0.00370380006624,18110.64554793423,4016.5895415032933,5308935.8222
7.8887821715463655,474020.60600099526,2.424555211633706,2.89963915481847,0.20197128005333692,3.1954161318812453,0.2020039947754355,-0.0850510940561,-0.0789545877541,124178.90556484809,10178.22689577647,26699893.7756
5.025495382697909,189476.02767188614,1.73806080431226,2.061663766087462,0.2296307857514965,2.950296925125988,0.4183380530280365,-0.0396848545669,-0.0391714281649,29601.653361295877,3204.8135138884136,5798463.29132
1.7796750758192168,253131.26848195604,1.8460243745570333,2.7548223587359,0.32198951439996826,3.3897664765002564,0.14782612518275984,-0.0588994047148,-0.0586636250898,10604.854496138867,3796.0091154988186,4159682.26357
5.5304140935527775,389811.6410181691,2.360892356047874,2.490529700970008,0.45262632865743224,2.477326282418164,0.1727061824169733,-0.0776006299775,-0.0771769878835,80953.107785401,17640.16340303138,5399829.03547
6.699864179834612,567542.6574332793,1.7560091859352893,2.045256403739802,0.42664200704366084,4.0978162189594,0.31275158721149016,-0.110623300372,-0.110424683678,35323.599603508344,2284.5265719433596,5440091.48117
7.685442893116776,81652.28383091278,2.6817490996807627,2.8265240012481025,0.184539622507916,4.2662775429392825,0.35212648847815187,-0.0145733894653,-0.0117573590861,39623.182581372355,23593.18193557365,15175416.7855
4.041996239698929,23339.765658940072,2.878695979358521,2.9594789823251477,0.4593591117049275,5.611296563129152,0.06264539551661827,-0.00411276987554,-0.00398671689064,8403.96548029956,1927.833035144318,2167000.55885
2.9165685856762127,492813.9547035834,2.301779931739015,2.263519562013266,0.2821137143118403,3.792207426238541,0.20155271356934285,-0.111578760589,-0.109228351277,80787.9169081287,59474.94774802404,11458671.1422
3.919779896955017,130841.10235884345,2.0660709687290684,2.192467740596511,0.17077954982766058,4.835212108689228,0.05627374119059203,-0.028065991976,-0.0260456827385,19391.834552822027,7250.905564684443,8697147.23105
4.579265588867695,196203.93025675876,1.9362982835825975,1.7024514518238971,0.49990158933713225,4.283691946511507,0.08966232759283721,-0.041294299448,-0.0412454897295,9786.03114205039,1568.505514143266,3435923.84973
3.908811101381727,165198.42604632353,1.70537133303891,2.2938802099383633,0.44794406042764046,2.3274713296625613,0.4221777836359506,-0.0362009916819,-0.0361543864481,2555.2821709873206,12544.161890033305,1737022.74466
1.1494843313186878,164782.98001818053,2.7101542982358193,2.1229791288672004,0.3612042934629719,5.332583640740774,0.33350900964618135,-0.0445435480724,-0.0439600293715,53039.929775115284,24654.33491845365,4603858.87844
6.915944867829246,74887.1877207067,2.7496126692607867,2.1814291683474183,0.21361607497088855,3.0587897362421077,0.18246793766260871,-0.0142116132365,-0.0118768332851,46012.80774202617,1100.2883384170207,10391130.3618
2.601205195657074,308033.92197611515,2.3721551323904206,2.4763433833557746,0.3383333791562697,4.293236699865907,0.3659422034200638,-0.0702027840978,-0.0694051464593,31067.571833703634,23256.08257650192,6718161.44398
8.010522136237995,328540.1248782227,1.696320861940683,1.8658419952358294,0.36091257291216994,3.2705677301909364,0.4689379552126748,-0.0612511146978,-0.0610694414278,30205.7742920004,5858.776762684712,4035522.90687
3.9326696321697936,467347.19639533025,2.2266109091,2.9792553115892275,0.3867547905072426,4.801616648511553,0.49967852536810525,-0.099475173215,-0.098712751504,64430.08699949207,43903.54295253576,6742863.68397
2.193619280988051,22699.739498050087,1.8165400968325178,1.9104201406630623,0.4301627303073542,4.379531627211193,0.37332707394416437,-0.0055797778715,-0.00556476855061,3303.1930470626635,3541.153182383409,557843.685924
5.784815298999984,191660.00085817848,1.865341414998428,1.591875915733381,0.33617980497722944,2.2685509166380724,0.47472206433939823,-0.0396946648497,-0.0394752299792,30990.9487906501,10192.331535611274,3392124.31946
3.8319549753313886,147338.0502055951,1.6451857260762728,2.9160790352535892,0.3009480207775457,2.0577971542304794,0.25803606374732513,-0.0312595721982,-0.0311974636903,1333.9988126589378,26039.651616398663,4158567.89965
6.323234589230179,4569.706525677986,1.9763741943240025,2.2218678820401307,0.428401642571418,5.099633503965618,0.31513126062619545,-0.000618544694571,-0.000597747183683,3099.9283513110618,16054.746460929236,1419593.89232
2.386920111578478,426413.7551238522,1.5006016032500022,1.8557201842114346,0.47915801992413076,5.837163882753271,0.48679171496597795,-0.108253119916,-0.108199991391,5368.247183187875,17169.45442951276,4437815.50724
5.547552643874249,247630.5450922836,2.160624777841395,2.9655497238450903,0.2365270683716435,3.581437312059633,0.29847246383554377,-0.0484222706648,-0.0470155461214,46709.136354008115,14160.406027554613,10890119.9369
9.6181043545464,49973.088097634696,2.3708679227052065,1.8332908461450386,0.4030530459852858,2.7974134788980276,0.4062588392605945,-0.00828214660972,-0.00804504058129,40234.195292981785,10642.425885485283,3393396.13443
8.045127937823914,277730.02882398624,2.820097224570998,1.6552734114570247,0.2495973761157097,4.153175931974831,0.4130688182053732,-0.0512956781928,-0.0473254731892,120713.80457283743,63771.28200382247,16862995.2523
6.4700531822213545,428920.73001760076,2.5042468030685514,1.5442454044416118,0.3601890876159861,3.5039514002321472,0.22664612829106573,-0.0837642185135,-0.0827069064814,113363.94265372364,94892.17156859115,9907498.76158
9.369685240934256,96694.84237287096,2.4807969980471665,2.2440102552656427,0.34594439082481804,5.005918966753633,0.15139724195692306,-0.0151650664048,-0.0146395053564,49149.43427474556,1447.7196006213678,5494640.39232
2.3254000775147685,82469.04807619113,1.8241884909212551,1.7086489268387677,0.41628932016375675,5.058380091684922,0.11722626524444962,-0.0246745880957,-0.0246348937593,9927.031942954634,76.30429577621737,1045638.07243
5.094543515161115,505369.1313801607,1.7720615184824777,2.8634883315176904,0.2002061630149795,3.7340910864936014,0.4309451536848267,-0.104035180125,-0.101935977447,55266.50366195263,9237.176720067182,15849866.6924
4.983397212329258,86850.08825005169,1.5720601213981824,2.9470041208813793,0.3347162272953253,4.987193022390985,0.11147763783080994,-0.0168031872264,-0.0168071457005,5134.155153158818,8276.78288918344,2860256.57171
9.198593703923118,197151.05973832717,2.1488529371940768,2.1859732212585237,0.370613529928168,3.2707406590984722,0.22372618833942293,-0.0331209236439,-0.032791492811,53468.942778337914,6036.5645085800825,5065796.75399
4.382284147122733,110380.2733994741,2.3806553851304986,2.832000581039201,0.23732009208907176,2.019460899121315,0.47325376110737205,-0.0226626643265,-0.0216760426757,28711.538092166695,16006.081642331723,8288897.49874
2.0037317318045056,515163.39558017993,1.8506800191795612,2.9366769734455613,0.36492806816220585,3.203776222515207,0.23410352102337229,-0.119089008408,-0.118602964471,37845.276116953086,37354.034116455194,5173255.37485
9.125245578149569,489792.2249786758,2.32443561574933,2.5822574183595974,0.2563603725967454,3.67451591256991,0.4934883121037682,-0.0836270563924,-0.0805748994615,143312.35364568073,2141.0839622525846,18878303.1683
9.299000505857917,76129.86353661641,1.791255289040587,2.944023747505189,0.4655351544861327,4.145656054102542,0.39266389142680674,-0.0124719075532,-0.0124889835995,30355.238196209477,63975.73135448792,3627081.25682
7.433754717210339,254445.34837867948,2.3327445243042466,2.135656230295595,0.40007156172292613,4.246459114186196,0.4390492568677378,-0.0469349239294,-0.0465005354345,75964.25929547874,18860.2920608757,5295765.11633
3.3029315544179245,550727.5961277339,2.2677461687620157,2.684223525122323,0.1978886903049438,3.2875227243038245,0.37170567476358396,-0.122154651259,-0.118578237268,6196.72367336339,15312.308792626593,23613398.3881
9.43180689399116,449352.17744201975,2.260565838910901,2.295801157480808,0.40224276628764877,5.574676153012684,0.41664029097650124,-0.0745297174911,-0.0739146600008,97997.26363711507,18553.599134172317,7549114.97295
1.684172237787262,470437.5545438645,1.5766254454590072,1.7361992329941194,0.3325703381423605,2.351925986998181,0.08900773350950539,-0.115030107994,-0.114774637769,27488.484594171226,30115.550635527597,4621568.89925
1.001848102705038,114203.21738109675,2.4784601650786424,2.68190379791434,0.23223283694664645,4.475458426692995,0.2650111782471817,-0.0289234517653,-0.0278711759056,23231.01447105654,5407.052537372564,6653195.52159
9.761244190569386,153450.27615313785,1.6154401209118427,1.5475328098868637,0.35978440306008974,3.565992159817933,0.30098042133845565,-0.0263440083103,-0.0262537640365,20221.22353851226,2411.17413483189,2461936.09178
9.930144131265621,230448.4279914069,2.484523800556345,2.2763499546610877,0.4342056879786811,5.52815640310515,0.3544269109410981,-0.0363809371759,-0.0359475206424,77961.42260087708,12789.783748874475,5489024.80262
6.032396497882254,416754.4768382429,2.5480779817737385,2.8076597912350874,0.45915588306942834,2.6045465662804665,0.4842326120870819,-0.0808706645388,-0.0802564603795,121960.52552657963,12801.338934003814,7000253.63705
9.079660145064532,48099.84079904248,2.8185687869655047,2.6007622851298526,0.17321830318106,2.526268276064289,0.28997401689254365,-0.00873172150971,-0.00517077567404,37806.17374608367,24687.284153488774,17810350.9447
1.6239918280928212,142532.6656642774,2.3376330370659666,2.346686415615592,0.3563219459494574,3.1119630285548685,0.23631071491111505,-0.0335123355936,-0.0332233966682,16930.519809682868,9761.08305187262,3169805.30702
8.183072677167985,528685.6827540051,1.6992940758645447,1.952233617175507,0.2444272076847852,3.644134087485188,0.19382137236462554,-0.0965755952846,-0.0955820350315,72873.97185828086,4078.821023537796,10636481.8944
4.917145735640581,431328.25823357137,1.9444984807222843,2.3568184890263764,0.1885894652022468,3.9083903380900833,0.21843842824155446,-0.089692088482,-0.0866640939001,57610.10521569134,12066.57861525078,14076409.0419
8.07149503548998,335086.78015331784,1.5590326797267124,1.5179374516548698,0.2497061520555473,3.153362708373149,0.19116877018900158,-0.0625927234521,-0.0621663890435,33506.4991414141,6130.635025378167,5982899.77911
2.5567402828048453,283606.37099928135,1.9710601459268542,2.0389526014634796,0.48479205298607253,5.540869145552508,0.4803366946445602,-0.068890145747,-0.0687943024246,22623.67843559997,2133.1537997048495,3908891.45807
2.5408858148599793,535547.6437937062,2.0668831969521535,2.0701949638320123,0.16984991271670785,5.4253749284152475,0.39495530034809345,-0.133918627856,-0.127354679203,108228.46491934579,22856.006268953497,26325159.961
5.676188632669435,213544.74531800207,2.590176848546676,2.299532484779764,0.49841409677252824,3.6162399401871292,0.09719406556071739,-0.0411203711728,-0.0408623817863,58011.79971941439,21795.683904642723,3507774.5702
9.1866192282246,452466.56214556505,1.6415675094676172,2.831702194674853,0.17191874615902064,3.207369444857767,0.2644125670523741,-0.0773160452363,-0.0756607381113,36252.281579903465,27607.408459648184,22300470.3702
5.631939433291463,421922.4416082475,2.148683103820722,2.753396333239293,0.16172817129518455,2.6580294104601614,0.1377113483541521,-0.0854156246455,-0.0796014219643,75411.38422445652,5739.251649236514,23528000.827
7.781826616690188,191660.04535747026,1.9032393006887305,2.3463635267312792,0.42070045270005973,2.5339512900566987,0.24137024725082895,-0.0349531414814,-0.0348482868771,16482.396410424768,23797.120718627586,3280489.48416
8.012758701035274,83805.81804606515,2.759259998647371,2.548259718612833,0.4541912608629729,4.138145160844784,0.2540817817448696,-0.014015749987,-0.0137120596912,57287.7139281031,3586.4641733089843,3886576.8491
4.385019532240436,70840.20925240606,1.6782660192140417,2.7892700359941096,0.4116140609310204,4.443596858570145,0.2317567954429529,-0.0144043262316,-0.0143952020185,4586.245761124428,6419.9533726147865,1802538.09999
8.317594511307709,43606.12236729919,2.358282408368675,1.8517730468206357,0.16923267395551853,5.166408677974376,0.2689239163429503,-0.0079959171104,-0.00597790958722,27509.73345204159,5266.762509201982,9659246.45066
3.4471895346311916,189063.0446102688,2.085452358381363,2.824663871520378,0.3537923091929718,2.4733906490630764,0.4399156167070053,-0.0409172795191,-0.0406648950838,25261.06527150628,12303.351887338633,4060206.26447
1.71272232613298,534067.3491505057,2.5660070767805663,2.1771596330020926,0.23868559483523344,2.3110538828304192,0.4276173855145505,-0.129493804838,-0.124106209154,89320.63714782713,61768.100649568216,18825313.2611
4.620992402321145,370557.71494099754,1.865320061092512,2.705429952616403,0.25930721978735805,5.747786115640888,0.183597044278829,-0.0765974668985,-0.0755105326752,38250.217365902645,22879.038595138645,7768422.64649
5.315247296081569,181469.15649725814,2.6256969308957827,1.9568327373116388,0.47875112453315494,3.387115690205148,0.17932296953599625,-0.0363292427676,-0.0360676837076,56575.85732886975,33123.0541102256,3613768.53171
8.082384463695568,570756.5618334325,1.7256607390348402,2.6051533090087693,0.4106701315628659,3.63566797290438,0.1345409572830764,-0.102124263544,-0.101918132268,19583.807405565778,36194.36300406693,5816232.85201
8.455315940728866,5557.067423169148,1.5342653411156566,2.2046033532796345,0.20906829738713267,5.399342221849656,0.1510119747968255,-0.00040566076083,-0.000494910354719,2015.6866577676917,26177.218853621613,5548851.10858
3.821250240798166,453206.5534123285,2.061259054609966,1.6297514387012377,0.1598175767860065,2.1820513105884456,0.25501551404436296,-0.103483288872,-0.0982994785433,69036.02056298226,32175.919676964113,19630351.4978
4.229026982693538,95540.25996056102,2.2978474818707975,1.641699004264995,0.33733436350774404,4.948564855901299,0.48961135559101654,-0.0207981245687,-0.0204924262035,18767.40845204231,15886.823727064193,3028344.8358
7.899370549019338,36323.91292230264,1.947769273539253,2.825227327513672,0.4431060691735067,5.74528271073612,0.4784939531935103,-0.00613890466344,-0.00614768924185,12853.676659436462,44869.748944760424,2826627.71405
8.113744697983918,268904.2337674444,2.194087547133671,1.7363735260134612,0.2390087809555521,4.054987939453154,0.30119061119638496,-0.0490231961822,-0.0472573433404,76476.20369476067,28091.810678981667,11070949.4634
1.3290497169418545,62889.608234732645,2.0557276705794783,2.207001702007749,0.40600814142033703,4.0599168950101685,0.10413478331639658,-0.0174404255706,-0.0173911825432,8208.596445535319,4553.835964322304,1265433.211
5.857036807656958,333778.8663315779,2.709957813795879,1.816966263885782,0.39125010128993415,3.846690823796237,0.20159792881927657,-0.0655951713916,-0.0646590542147,119027.37726853076,80613.71492770755,7995632.57782
2.418859089806981,281876.23355504044,2.677284108436617,1.7743180791988777,0.24847161129178916,3.2709922532315283,0.2834341852590255,-0.06671856682,-0.063674530574,42068.90351273066,44239.99320231908,12583142.421
7.6940836780592745,319968.5903977743,2.0115556669342753,2.933265992459405,0.3777848413558461,4.073168535914679,0.4668684609365656,-0.0574639307679,-0.0571875174224,37422.747799629215,41644.478283881625,6550143.126
5.267677949038961,23572.61375047446,2.21529777830774,2.2079210029649547,0.2513036965637254,3.9026009072447994,0.14537330621378175,-0.00412759571462,-0.00382128718314,16020.500092354438,10613.003023946616,4015110.03744
9.15039395253083,352252.54892843525,1.8909613760927175,2.6940580437987194,0.15483113855319552,2.2028053326485586,0.4483552972727435,-0.0615312308609,-0.058042687569,42250.80031208561,19913.954592001748,25361540.8452
4.167635296713607,402076.3527651322,2.816285240908024,1.7931839676331416,0.21124934865406422,3.4522624201022944,0.33616861323864433,-0.0893477372315,-0.0826333462253,111758.07452914747,73073.68194020557,21573334.6076
4.338393547173119,498402.4196261227,2.994103098982295,2.245549474739198,0.48052814879419714,4.045543218737162,0.42662746004374436,-0.10444538228,-0.103454327446,159816.59340196534,110818.49374794122,9198671.35557
5.987092323202331,429283.86700088595,1.7229208798810365,2.4230400288977543,0.49060433213006094,3.227943710196099,0.3604759402358482,-0.0858730106188,-0.085773173774,733.6666557474117,27919.2720265252,4086569.00249
6.815006010357113,319481.10112824145,2.846646473836678,2.2112564775072263,0.3771900705921748,5.0710365619479205,0.3988578966793038,-0.0594491957179,-0.0580422604132,142923.4039294489,71201.30662040874,9536427.98076
4.798791743378342,417257.01911131,1.581126693215915,2.3248766394383003,0.2010028524959634,5.839376555812791,0.23198001927742673,-0.0881589613617,-0.0868996605041,28092.42251404276,14568.316556134128,9763611.12255
3.54473143694554,147659.61680527203,2.491817021493182,1.867142427889914,0.1545807527057683,3.9931519775733713,0.4713351714380879,-0.0346494655968,-0.0302249423112,22016.34873682613,10098.014172293491,12453841.2873
3.4385131132689617,311196.020789048,1.9140125804211305,1.8896214250041805,0.2162245108330808,2.725074854397334,0.1783577673389951,-0.0697779099609,-0.0684713609026,38130.37867165,20654.198905201898,8264165.07204
7.7890313804008295,586446.0312499604,2.694696401146813,2.3675805082277765,0.30265008610018784,5.930240298580325,0.4773179342549375,-0.105673975174,-0.101805862119,186580.64826218298,76398.29424136714,19755084.95
2.526150206367725,560940.0660443597,2.733046537785081,2.982125849256313,0.3429978860306856,2.6334591205436295,0.18749564495725002,-0.125335745226,-0.122332571093,133668.46081182663,83993.75453263146,12807772.7544
8.600881397830445,204531.01652112688,2.168180285092955,1.8896135059835244,0.24770192783633382,2.4867001491780005,0.28244614007788593,-0.0365563251047,-0.0352583211896,66369.91901596778,10239.263528650325,9232800.62256
6.137275066812369,240261.06829400558,2.3092414642810137,2.5185927109326247,0.2917523304586071,3.624809497079128,0.3856894239586262,-0.0465139146243,-0.0454619083641,71986.07842651424,2381.0774404821195,8128455.34593
3.725365277973266,588270.3565951018,1.634355891587198,2.7669574256824276,0.3580600278943591,4.092783418840878,0.15542656558929702,-0.127042847588,-0.126524331813,65115.61852203847,49578.95936095213,6182594.14004
8.382996857168536,578660.3667953716,2.708242080919341,2.897962154443908,0.17665815972196353,5.507863533300213,0.45526489348777716,-0.103872059753,-0.090560407706,140702.20330551182,2313.203937474034,39267250.5697
7.405253686465315,9813.996086540123,2.597724734995687,1.6869669279928163,0.27730183904886474,2.6318751929045243,0.07633906305356486,-0.00171674860275,-0.000998527125718,36399.348683662545,9620.814430200973,4684504.39175
2.7223476395917197,46427.64198166436,2.146948506878397,2.1523854857481757,0.3027903758086857,5.345365713377202,0.2894038932335763,-0.0108199725801,-0.0106523341993,15234.254647166186,3892.4249719519194,2304083.741
7.571589001126017,165217.6939185215,1.6008026705733645,1.7009213071713312,0.23486610696466573,3.9534721622198705,0.3120395304101454,-0.031152003736,-0.0308288691141,24934.29131565041,4211.674596510009,4739043.68784
3.6351769730388837,504869.0420242718,2.0075272683867422,2.493467523187589,0.481540880465384,3.461545256434706,0.39291383873558416,-0.110995445584,-0.110850616258,18269.249805944502,18603.689675103164,20270891.6238
4.769446699558652,499561.4338058378,2.9644542236527003,1.633293649872475,0.36827381686564786,2.891521075315604,0.21064047906756878,-0.104934425192,-0.102846388261,168957.87522705432,143126.30026509255,14552984.5529
2.2571296769440723,60929.81642051933,2.4818221684743174,2.749380853821913,0.44141927470451836,2.3984583919098528,0.3167528377569197,-0.0132999070851,-0.0131927399826,9824.540757413091,3596.9038480438035,1730374.63586
2.306982840774026,549230.2377629065,2.5805608445738843,2.8918826351353104,0.23984555135984922,2.511975459304916,0.44172632592101896,-0.12714793324,-0.121075787388,100327.66081801313,47382.70212979864,20337484.7726
9.412295837215115,341171.80866312067,1.6488624361667061,1.6475193362897735,0.4023747672162601,2.008080012753581,0.09529730046812412,-0.0599562175009,-0.0598404879311,29109.601528572104,3127.2703404271438,3197456.26166
6.4771093205360115,45732.81058302181,1.7229732550242496,1.8995443080629895,0.4022041066965517,3.1723004813816864,0.4083384416848086,-0.00893654769171,-0.00890414123813,6396.317941400998,10315.148852014037,1361881.3012
9.300061209463301,384762.15317260474,2.5850095623418885,2.301558749209438,0.48374086333533894,2.1694239738697565,0.10684748623495857,-0.0638839315436,-0.063362823713,118409.89565739965,35350.314227645096,6690460.37514
5.488060982613768,527562.9446251226,2.8122086051497623,2.6467157460696864,0.3057928730126547,3.599790879410539,0.46227874302156363,-0.105512474513,-0.101529129969,207368.53594911008,74923.9911220791,17759352.2929
8.715076397354958,561466.8830976973,2.3564491779771477,1.6107689939070111,0.32900815574680875,5.546105005983415,0.07084121457699422,-0.0955413687047,-0.0940992261017,122679.97546336301,100280.93732493528,12120754.3153
8.235720025631881,58492.59288764961,2.5470007952519245,1.6555947228342967,0.19979538257211124,5.242639056671246,0.08704218219719226,-0.0104590884605,-0.00836294021553,39054.76155186145,10874.004132924667,9066802.80407
7.202795876143187,540314.995387494,1.8046932777170688,1.6231202993321423,0.34906905518884046,3.16483538021854,0.4575095949733755,-0.105311087155,-0.104918008065,73166.0232688795,25099.48754806491,6400875.04387
8.97797723144576,238814.69505748968,2.642007274277339,2.1557918489228474,0.387788911875775,4.099000910357076,0.2442604654830639,-0.0396794128482,-0.0388489166748,96736.15861692932,37218.29033698496,7444299.51896
8.495657444757777,595112.752649927,2.988637669807497,1.827595590176606,0.3208707801311643,3.8422982341320027,0.2744870750698692,-0.10408043139,-0.0995299057696,262541.9962981821,161508.72011123292,23450947.2637
6.853891571043134,290328.2757132582,2.8887596719308264,2.428919193006055,0.29416113643580283,3.7577156106613296,0.3406256233387777,-0.0542194660528,-0.0512154326464,116663.96521061962,45419.474359852116,13983658.0895
2.062494703327101,308833.50274170144,1.9974914197821125,2.1466996706567816,0.4253442266603207,4.171229267770668,0.14513444985721932,-0.073869735403,-0.073717866827,17426.462539910066,16205.603725294952,9043907.806
9.384826377059198,29054.568372715916,2.6389179620519476,2.1796646264987967,0.42164346987388535,2.162440724016348,0.26535685488705923,-0.00460905741171,-0.00432982524565,43868.00587272972,477.2403380589292,3619148.34604
5.253146007695815,7696.74030396319,2.5676692192683657,1.5036707512371288,0.22713527936191658,4.8572022738431,0.4479577455196676,-0.00150356707508,-0.000732467393929,17323.49679391629,8431.503329514353,3929794.0506
8.117880203542976,3001.9050712145836,2.941923373139762,2.852855150715365,0.3460022726406984,4.43480863886433,0.11999433047533621,0.000191822266126,0.000613389395223,36011.358717529845,33119.222799300325,5779655.03484
5.685046582310743,499281.73698294885,1.9541541164373308,2.337576603612626,0.41524079846225026,4.216980682994885,0.1583093245858099,-0.0987872490109,-0.0984703743037,58086.08685307344,15868.652102670225,5920741.88843
3.64347274391889,280765.04673788324,2.206460730954907,2.6490925747013674,0.49470680749564233,4.4889223779968415,0.15925022119172672,-0.0598373783732,-0.0596277856711,36113.04653531616,35742.29166660422,2954703.13908
4.443432391130431,193119.02147386945,2.3871979735313005,1.7212211655219283,0.30359536311305513,4.967416917389119,0.18750677126191012,-0.0409241481133,-0.0400266826836,37301.75422483993,32988.29748808543,6178402.37251
6.941696871402194,323653.635039611,2.428272101279601,2.57513519408427,0.2182484738318715,5.446777981063757,0.3374718488964571,-0.0604362510552,-0.0568151340267,72498.4832396864,9870.67452183429,15850015.5341
2.2304081174369945,377027.52032916393,1.879648333665775,1.787633127902668,0.28405268458713817,2.9936095623643637,0.43370776878052963,-0.0899465361436,-0.0892796343858,34846.71760858299,28304.34949259249,5945091.9596
7.571600747333717,240998.35737020025,1.9302599178703317,2.069155220558736,0.36018882647088246,5.635794374256496,0.3506948942071853,-0.0443224575583,-0.044072638928,41171.19432770606,355.8259343345441,3930641.69778
4.539346453859915,429215.62522028043,2.23384870739247,2.5949729049684445,0.4363868106941957,2.7995151902302404,0.35040539047628844,-0.0897245645128,-0.0893133317774,80569.65486923655,12336.410316617186,5509154.4876
7.503753608092675,364569.0678842839,2.8271810274693627,2.7969353031402537,0.3337718580352349,3.210135572301927,0.3821647859391363,-0.065247949213,-0.0628449796848,171395.90323397782,29232.325255774576,13739722.6257
4.713811618074313,377817.2049541442,1.843154818921342,2.6522873152989024,0.2461100066805982,3.6176576083648566,0.4282791757193273,-0.0789166204992,-0.0779092204734,56771.87603372936,3100.3914194709737,9271471.49703
6.590742800405884,539035.2055322648,2.744524068452245,2.036498703198286,0.3413024858455239,3.671282226566636,0.2892610408766605,-0.103102406391,-0.100572198442,203190.649356707,118106.18537505872,15194443.9525
9.661092243881013,573692.7765591085,2.082307779114119,1.5609275442867845,0.2598374264702833,3.9476386843898505,0.27349787969411765,-0.0979148638969,-0.0958713890261,129813.5418274604,64637.290229639395,15136371.2152
9.639095160630458,143695.77460929297,2.6754517975263905,2.8319747320792974,0.17646980147899222,3.2199357283455754,0.17580657193466565,-0.0238715270413,-0.019287045004,43141.326378524514,28348.960420019746,21773837.338
1.0828631257749841,583909.244116001,2.7907083076272747,2.797328368827994,0.3153759662466632,3.6341710508551035,0.0650969292183453,-0.141717365589,-0.13884409374,85309.47996589907,30310.628613932993,20480808.8292
3.40345311331247,361423.31114450766,1.8641348649625105,2.6710474797884447,0.16212135671825548,3.053482819410722,0.46047195820396114,-0.0804230420243,-0.0778296189851,32905.82501591818,3043.577234424531,15817912.9349
2.437330354009931,479144.7983709856,2.26689777162672,2.768522706115509,0.22977360764113441,5.263238445848964,0.42623424316810243,-0.110712266054,-0.108472988327,93282.94926379934,11557.863579042349,17856317.8148
7.261896304363182,381018.91142314,1.8349448913228956,2.9121461301681526,0.49223781932167954,3.1482342991680476,0.20905347698490823,-0.0700055307839,-0.0699027156394,11281.51201026474,53409.517208189915,3989545.53822
5.487824793437941,574287.2289912591,2.329553975596421,1.5627814536463562,0.4952958269182137,3.482603062189405,0.4641440739790327,-0.119304566788,-0.119005822501,100985.9199465943,65896.88190475416,6011318.56395
2.605158040975982,591210.2768820889,2.0260076354555796,2.274008587102702,0.1538683023249098,3.490745266520027,0.35124902969471555,-0.140417083132,-0.132080308816,60415.28451995362,26670.1108223429,28362069.0774
1.8355342638994405,44260.77113519149,2.5584887867164348,2.1584885340190034,0.4905354951045412,3.5676040489480147,0.48147698806316336,-0.0104500584679,-0.0103864770041,6416.60769092021,6383.911916897764,1036688.04296
4.691043782593555,2301.2294676916013,2.809358183016622,1.5639314349997333,0.27929499112882794,2.224185552950111,0.3993814903627527,-0.000326489030806,0.00027590420944,26523.18204278617,11922.671700080515,3446931.48619
6.203350145293359,244124.38387877142,2.5987968726522284,1.9006318928858468,0.46763127009807526,2.4631487739931335,0.48928141065823116,-0.0483577310715,-0.0479907789509,78764.41276136368,46043.48368168208,4709284.69914
1.5684361333915815,549064.8679792394,2.3895273713963965,2.2782200775595634,0.2802031356979615,3.2289645325137264,0.12613530131180123,-0.132368248151,-0.130040738528,70108.94805950481,35589.27651916368,14700618.8958
6.016860345218633,335373.0508997563,2.9365067105449376,1.5903600547549073,0.45002635210436925,4.633084538821355,0.1310575400795737,-0.0646706686879,-0.0639757496911,117722.41196419926,106117.5094918819,7871773.00345
5.576211187629136,509682.66145062743,2.7727780173767806,1.7206813197636968,0.3617027100400807,2.364094704855645,0.3194092673132819,-0.104303780698,-0.102396918976,170615.6843035784,136071.9468521962,14058454.7377
7.665326156553374,176144.14518324437,2.9189008813184465,2.8176138653673237,0.4785975111361427,3.9634160936869733,0.36050948534247834,-0.0302968758156,-0.0297996130796,94572.83157989547,5684.933530645055,5428423.02523
7.213367744477972,583797.3971578296,1.6311657572706375,2.106481419644921,0.32151140782822096,5.4443727564425926,0.40882624808229234,-0.111719445247,-0.111317339944,55275.075244691885,394.3189300793453,6582904.42498
7.451984085454813,79125.7629704576,1.8435648950345414,1.80759955614888,0.4559698700696395,4.306987927732236,0.1916196677214303,-0.0146046709287,-0.0145597633181,12875.53687991921,4182.264187612934,1372459.34192
2.405662700167296,91237.70679678362,2.0995950395054948,2.389403814781356,0.3906737779979431,2.8962953598339243,0.4882573756870033,-0.0207444683253,-0.0206339545724,10074.112575790872,5693.058486310187,1742318.71775
8.084918643144295,26795.45202626776,1.7219002591070711,2.57558147219176,0.4978974818883487,2.7079423419455027,0.47359814484210594,-0.00474405411255,-0.00474651066652,20138.331749375993,35068.221838413134,2100823.49839
7.0286847411851925,19209.88430452122,1.7436509884230045,2.2456176984135334,0.29023619776265197,2.299831854682872,0.36724449013871446,-0.00325817509378,-0.00324968074674,1764.5810670561689,25464.460961885532,3328780.83055
2.515177608818674,312637.9484085798,2.1272636164683814,2.383728349619595,0.4584496104530471,2.280289232686164,0.11223832752562168,-0.0713738431228,-0.0711955064264,32318.716582728317,6948.431958247041,7537065.98163
1.5969531740874987,524948.2055253481,2.2625277844028866,2.606095248234575,0.16259994859464127,2.458316210894112,0.052456701195460254,-0.129291331803,-0.118615214432,76331.32431828817,34321.65446943904,34045900.0804
5.136430392078589,443987.4066433071,1.7478887489506678,1.8762053141597637,0.2754426870872323,5.554096371866214,0.14010520500958257,-0.0921670016428,-0.0913194342359,47784.12568247498,39443.02975322455,6791230.54046
9.616155869845365,473359.8736390551,1.6147318755104254,2.2652660401495317,0.1841483324685338,4.986846835914867,0.4977789398662503,-0.0810671415543,-0.0794769282728,57873.889411994285,20319.10772020322,16865944.4456
9.963315337013727,156142.33812804363,2.7614950849633924,2.999375991806803,0.32806271506715456,3.232457134964709,0.07649511122329139,-0.0233000067645,-0.0221449783581,76422.32969668694,35381.53358977127,10823618.2474
2.318570732972379,134563.7010719875,2.9586148752993826,1.519338358144493,0.4708285714222902,3.6322588301436833,0.10036534937226418,-0.03167319399,-0.0314050231746,29849.39952920943,35116.75894928842,3285340.46479
9.482479316546204,12159.74237757833,2.000555239342308,2.2614465026450046,0.46439635571456994,3.9986348494860353,0.0613708370528869,-0.00178138100812,-0.00175210662669,5539.997251206992,24554.70788933105,1941051.86703
4.638972594883976,317482.12796978856,1.8653292691102221,2.3284465841626854,0.4354320715441835,2.1829634048765483,0.07551280001487902,-0.0667043849777,-0.0665610405124,27026.701850361835,5955.021350378469,3255277.41839
9.048831609926294,550694.7367615224,2.9667081548519687,2.235893001633436,0.28555120289069585,4.611273057704066,0.45321481003419983,-0.0938935796809,-0.0876729646559,248071.95745200486,111855.47182333493,25215718.1881
8.550647269759153,326930.4999269475,2.5486241728407855,2.1246588799778108,0.4997475192697537,5.161432518712698,0.2980067090269627,-0.0556840705416,-0.0553281409484,98815.71084826086,39692.12214747708,5009030.6031
3.0975495968789577,224756.56844676,2.513175878838852,2.3510736332349533,0.3301028826581408,5.0358705662209955,0.3080182296072912,-0.0502735373073,-0.0494387922057,38498.60470046318,20260.585267327344,6824468.77465
4.761316818147213,34527.571156343394,2.645954767352633,2.8373946708224675,0.18863474869010288,5.788083656404275,0.11657462690285787,-0.00649559883913,-0.00488869413993,12716.683832604014,3840.8602314465898,8225561.43509
6.2972480677135545,314177.6179913937,2.4847563030519026,1.9503200195909924,0.4412839639617413,5.905133371464483,0.30816300556585036,-0.0605188279095,-0.0601198537512,68904.88917238469,42319.360456134826,7372376.06194
3.6257569394435323,508094.58729606506,1.5685871698169818,2.523747942863829,0.32104417001727203,3.754735638079406,0.4773698492907752,-0.11251932812,-0.112163774455,30574.525659303443,21558.04564323169,5077529.05471
1.2963635822545831,530772.466282833,2.746726181312259,2.871767454833271,0.4395051948169221,4.443482146582005,0.38223844255822303,-0.127739787266,-0.126800442029,136458.08250898062,14613.301373234686,10189566.3841
5.605022951081762,81025.12384563651,2.7118383667460857,2.9039941655709485,0.44064095220524757,3.9750705552163743,0.21706474545600618,-0.0148561200032,-0.0146261833339,36863.16815067792,14567.411608351293,3524313.64247
1.6518914265254518,184889.33578954046,2.123881915904324,2.8623421865212406,0.42550340192936764,4.009158906285716,0.11609887821068285,-0.043190776912,-0.0431127684377,2916.024376644274,2174.007732715041,3304651.32436
6.294109945167833,454968.1392653041,2.5470074622776906,2.1656313691583073,0.44215243593578923,3.6762107916915387,0.40102665352963107,-0.0883276811555,-0.0876330488539,136155.58395372983,56302.881642454224,7603834.33882
