input_depth,input_top_load,input_width,input_height,input_thickness,input_h_fill,input_e_ratio,u_y_crown,u_y_invert,M_roof,M_wall,sigma_vm
3.0331357983492895,371618.7278947321,1.702375067636536,2.0788162130393903,0.38662213557013503,3.4941740392501046,0.18399556538803113,-0.0842335069272,-0.0840254971214,31504.221680790954,29716.84423195454,3466298.58206
7.60139459796939,328663.054946302,1.9135021344593879,2.241342217571155,0.20696684616394076,3.6395448915523367,0.12021370929855044,-0.0601288455983,-0.0584262803569,48637.32832024858,3560.5417524198547,12290360.8848
7.079205354912201,418763.5562901961,2.5864008114421018,2.17845121861912,0.40395579138721827,4.08626770499785,0.23045424461695418,-0.0769414488349,-0.0759844775023,141487.32089530324,66018.45191561313,8772662.24474
3.285564211711491,358647.1832069241,2.9568824764280417,2.855469294740116,0.39379764330933864,3.6412326193323006,0.32657592989371953,-0.0769001712976,-0.0751494004752,100718.70512274088,71259.44941158051,8798982.37141
3.8270978328831617,86805.396530283,2.1396899437585586,1.5935121928597156,0.18307865515586685,5.383969234983127,0.09778266734089196,-0.0196758851466,-0.0183295985571,9190.692190508735,6980.909540304939,6493835.22661
7.702562753387311,24007.65453697343,2.872639575037426,2.1913008845624056,0.41020737392862894,2.557581579833589,0.45198573650194807,-0.00406332135422,-0.00368584812929,42544.4501556348,8035.940494714695,3746250.27372
4.4442345911159205,542456.1574888941,2.3083852161701786,2.2733761441016513,0.4516666402638746,4.524343365337343,0.23833458453053213,-0.113599384221,-0.113062588085,83095.10308003389,73109.02785894285,6115786.65329
7.183365317965166,549280.9648257826,2.5632174348179166,2.1945845225747673,0.32134830958697946,4.673834484617283,0.11641526179463935,-0.0995382607986,-0.0971011936671,179789.15777488213,83274.39108154392,14293309.6926
4.086974787065406,333039.95851401484,2.0524388902817488,1.862626254867164,0.15924663825537633,5.340548061912203,0.4851408719797825,-0.0755010067245,-0.0711333938715,34901.571878640505,14070.856917736957,17234714.2096
8.35411149992585,498307.1248122113,1.985965492532935,2.2947640346119917,0.27555031345201264,5.768041687188029,0.3676868517222867,-0.0883242509609,-0.0870003284079,84467.89989901606,12088.232366298376,11299349.3174
9.963371874158693,410669.2555863868,2.90875505898424,2.729464187549932,0.2138094108225556,4.541900746653454,0.26116198663417756,-0.066199270592,-0.0572732713919,122156.89802538631,4649.799296709847,29424964.9139
8.923121864401818,169182.06157000078,1.927426864564774,2.0188898979877488,0.20993897354049013,3.4103608447164158,0.1768364003253492,-0.0292527741342,-0.0282258586804,40671.53880552461,10122.044444020295,9326974.37783
9.367982305723977,546155.1817391344,2.9351788697224492,2.682404773091383,0.4560060351560761,4.8938554236266985,0.26419279219837427,-0.0859964000635,-0.0845024286407,245009.31444614544,79445.5701592395,12392251.2368
7.623532421998844,543882.972614124,2.889094160648413,2.0391651314652877,0.4572042354167818,2.382098235300185,0.37096711797066406,-0.0995096764873,-0.0982722872679,205547.32671130096,133447.66207004435,11485032.7598
3.116521686520569,586323.1716584219,2.0943395132751426,2.9934423199009546,0.18875097636594013,5.2981788544624155,0.4053200921735432,-0.132633572426,-0.127585540496,61602.83574197019,7796.01550500499,26703444.6137
3.3349400330712053,157975.5216632282,2.2865245556085227,1.7777674718836614,0.18028798685582487,2.7383753034717313,0.217613436116461,-0.0359264618375,-0.0337408832194,26891.838006487564,13164.06423811941,8643314.97713
1.3961575183353538,133403.7537882633,2.2271276374887417,1.688702398705202,0.19666500281651242,2.7277112305570643,0.1996197451829561,-0.033002049552,-0.0316604186944,16783.563832750802,9191.509221941446,6449087.07393
7.5423635836221,34534.23893016306,2.294248764204095,2.433711168423207,0.4369640068076581,5.882821062895752,0.3609263377112446,-0.00585602572362,-0.00577475666695,17355.722121116793,18628.068650664183,2318039.81869
4.0967559132251115,275765.5337939041,2.1855680139239717,2.7324750945908542,0.194697200258381,4.06973760401134,0.2504864926073477,-0.0578768510567,-0.056025571479,9106.73282644612,1004.1314091878658,13537360.4659
1.1350802419226627,229752.80946249553,2.6090958923759424,2.1325245988029335,0.3229697515176434,2.693811365920462,0.20548309918200408,-0.0558365745888,-0.0549371087726,34411.060339926255,23183.76695343181,6531583.46282
8.116906362035827,415237.23374697496,2.493112834755875,2.009880773865758,0.17100721766770197,5.9365434023592165,0.1662394823308812,-0.0750325862232,-0.0669230828947,67749.81585559389,24586.092719302076,24531925.2922
9.610532197502424,450370.77250070183,2.2368942923051076,1.8392907118208544,0.3893045235464863,3.7240399704447364,0.2984307984106883,-0.075457079175,-0.0748309078093,113330.78569480516,45547.67130773905,7891468.13776
8.940222277847202,504204.76556185435,1.5141898070548543,2.412710316460194,0.44275803474932385,4.764509498088058,0.4153279499847475,-0.0886646492372,-0.0885710200751,20691.88461735118,49026.51042191821,4599114.50597
9.819795325888743,570621.5844504085,2.453166574261264,1.8665391845042534,0.3806822810550846,5.803677204643964,0.38801888581789695,-0.0933567011491,-0.0921473632529,156607.38771760583,81916.24175447445,11652521.2954
4.754239834016323,334650.6705136377,2.32226531131301,1.8962758208376285,0.1617832078914924,2.937862982922937,0.24717416237851175,-0.0727455041638,-0.0669956878043,47352.68230199887,15416.422104079715,18765835.9681
4.047603107474406,111744.38180937557,1.6272808796983844,2.4496242015160834,0.404806694769405,4.616280367949511,0.2355587369412937,-0.0237667230406,-0.0237232027029,3186.8375483932973,1893.1980791969092,1397989.97874
3.862962725607582,263043.99484752375,1.945087728004056,2.1608915367729606,0.4690891966869223,5.835363669202439,0.14898631772272666,-0.0583500994813,-0.0582627670728,11601.293437256529,11023.278595667858,3487672.83297
7.501630135789938,175020.1520114111,2.936266236548186,2.4671758922018165,0.38121889075485604,2.9728881515237644,0.1581024202250791,-0.0308067606868,-0.0297259596169,108626.30273384893,25434.78424673538,7583666.20107
8.231018063029538,2250.484683078631,2.3707188144779305,2.3178299107449516,0.27023873220587125,5.13827999823471,0.08185035441408894,0.00013923804057,0.000485600273189,19431.326572973197,18122.43955377013,5308442.40674
9.86267651352638,533051.1299956741,2.245632956921664,2.5758659576661747,0.44763448674267126,5.39082746470185,0.4571133620020276,-0.0859861500893,-0.0854980880528,106483.42824043836,4656.774450564589,7736268.87162
8.727333714446313,330245.05016258423,2.671206846748965,2.898241744798028,0.47651597858228834,3.167986731330267,0.36367436855804347,-0.0549882398563,-0.054430630745,105819.78677130434,5114.153063287719,7032885.61704
2.9789998866089684,431225.6117966533,1.6332942778589794,2.90980740218181,0.285779948700902,3.866792992654512,0.10489810124357968,-0.0952975444335,-0.0945430405832,43083.40399262428,35754.24311123722,6266542.80743
8.164167819741074,542920.3192544904,2.5221759634871797,2.2526257253906525,0.42139588205266854,3.2945812182475263,0.4711210980650236,-0.0969004610262,-0.0959206634326,174138.38038034938,55554.075458319305,9900785.98868
7.469118823765697,442664.0526548503,2.5040097509185744,1.9757203771547776,0.29879726861671774,4.409234968596569,0.2539134921349507,-0.0811835444968,-0.0789102227689,148674.5903670625,73147.7838627263,13229901.0822
3.615253979369962,39028.99626645721,2.3513389237441995,2.9422298144370123,0.1870746479881837,5.102590786695085,0.3029627203597513,-0.00760347048632,-0.00686517108992,6800.907110394299,5771.574451593031,7056551.13258
9.927273958097205,291923.41884840524,1.7368548921938338,1.5435060746748317,0.44038087848668195,3.2058000359609835,0.21927888212483232,-0.049579454804,-0.0494860011994,29206.417100356124,4132.733828380419,2748925.81779
8.790310080979129,273707.6021307014,2.735695295504892,2.866257840024816,0.22422048557990165,5.635077214911112,0.424130511881105,-0.0463957312712,-0.0417443942574,83760.98204107262,8983.362745351813,20664778.2329
5.995570763025226,151561.57923373408,1.9501565760043507,1.6101195422247692,0.16559465080278904,4.950089598873893,0.1634247685953712,-0.0303322104916,-0.02862830393,28914.521788531198,6415.453696945144,8446695.1571
2.6918135898690743,53986.3438024506,2.1331872312210276,2.6790281820490223,0.1703811010127332,3.4732692995377032,0.20970925235376175,-0.0114663601273,-0.0105546490907,3625.846998949953,1060.0949056071654,5695284.57729
3.088610700142746,567276.7922517421,2.003347196617229,2.8577825489037774,0.3744968859180938,3.131864794989239,0.1914239350594787,-0.124916382125,-0.124202431364,71082.62632534184,52489.00796978022,5882637.59657
9.094726146435406,383069.2985032493,1.667565615188212,2.173472426252477,0.2826055668014264,4.874926499709235,0.36152652009661984,-0.0664793990362,-0.0660721462819,36717.50021511183,15412.056869039463,7409094.63318
7.770650233524818,42672.2817078115,1.5911810411616534,1.9601677589911894,0.4120593775560256,5.266933903741407,0.16892307295325443,-0.00765621225838,-0.00763923992048,593.4052723067315,15636.057644954342,1395305.69509
9.554786761091894,282221.7188327849,2.7207991896710833,2.2824203244228536,0.4938903229050491,3.5253224727777672,0.49356250054823547,-0.0461921832058,-0.045704718135,120521.23236131058,35186.34882829533,5965120.04458
7.721472607070694,559310.1386093433,1.7903711386215353,2.531059550695181,0.3793587589553612,2.5643796305880184,0.18462677005790168,-0.102857295045,-0.102550439296,39017.05215389575,31939.297836270158,6911461.91464
7.367481332383312,460318.400595789,2.5467799331897023,2.0612065691823416,0.482492082890558,3.192678226763273,0.28747088392187314,-0.0849291303888,-0.0844148494383,131928.11134559286,61447.169084148765,6858529.59182
1.357524123443684,14614.2979639201,1.8848912551260935,1.7947159401773725,0.2312651070006011,4.6621613332483625,0.37893134818133656,-0.00347665683147,-0.00338500037632,3838.2795750940654,1404.4384809024314,1230481.78157
5.900196139208044,405404.0002578607,2.2976672990372986,2.7490658921945474,0.2742761257736569,2.1738647059590233,0.05361824341105196,-0.079332630605,-0.077342416501,112665.78112583891,7558.390679328498,13113803.1216
8.821787776892716,233170.09299494268,2.3840237590122704,2.3362192666483024,0.15696745088023115,5.001921978926761,0.4818048698128919,-0.0419640890177,-0.0364247272988,41685.4671034732,10978.044185165125,21738051.1267
3.4734086040898737,295923.0390257629,1.5021578080821283,2.6330698758862,0.46483318658202055,2.493875266889088,0.44406460558936584,-0.0658742689073,-0.0658208962509,23344.13006195222,27422.15038383687,5633369.07896
7.754073934246802,530054.1424865617,2.254496174965424,2.1285483492594923,0.24108691479167826,5.557541541211454,0.33860957453422397,-0.0970039533367,-0.0936264049789,111909.834208236,47203.8202833836,16828203.6687
4.626172475045524,170186.22814177105,1.9332378204450817,2.1493743157018086,0.3358226551648411,3.0002845648694203,0.14390813189277274,-0.0353302504028,-0.035107870548,29395.974945081583,1149.7512825454794,3159723.03061
9.293342350458156,356079.72610097565,2.2897523379828417,2.698971117833329,0.25129918882587937,3.261114893738507,0.23352603119139126,-0.0590254051459,-0.0568303077835,84722.34263359087,18317.26647650764,15989503.0155
3.7773982252586853,41293.08591558999,1.6620377333854404,1.6542410895915953,0.4304973131366655,2.231030812212835,0.4308347272302663,-0.00924120860792,-0.00922227445345,4099.927784164168,2486.4469752008376,697092.156792
3.6995935700629525,590690.5248448257,2.311659270156092,2.2616344737081544,0.2883918241851201,5.112271499371756,0.2562958954141676,-0.13023702377,-0.127864788698,86810.5775602587,50527.8294518234,15133775.5944
2.7612351832372903,239475.1801488666,1.8834671130975384,2.726579996288023,0.36360596801911726,2.8893791577381114,0.08953728658167814,-0.0530125813937,-0.0527419450357,27513.375429082822,17021.97458488572,2737820.76747
6.128430362399883,574464.8273705094,1.678220270930402,2.9208549410758167,0.3974809520190389,3.012935889545208,0.34376122883022187,-0.112808309066,-0.112586797809,5562.960922623209,48169.013305003224,6480516.22614
5.419868974781597,71914.72326047054,2.5411774492617996,1.5188587491199557,0.3705321003578038,5.573464964114601,0.204163129847591,-0.0144167088318,-0.0140985837761,22386.33357031202,21880.49878870296,3084884.99064
4.191038154770659,173789.48795478902,2.750381266281461,2.5554682601600196,0.42132718067802477,2.120590595093318,0.45952268263431895,-0.0363988566223,-0.0358944998035,72664.80554814704,15228.799567546892,4676139.85062
5.70307303193356,28703.66767019188,1.6649055885288861,1.8459426693719838,0.46555912089238194,5.867882559497792,0.09100762919793011,-0.00564598611538,-0.00563067670682,1020.4067588984313,108.14741782373379,692541.421091
8.143155880518414,380442.45675563853,2.3387285500937542,2.570568394257115,0.29092302514668894,2.083080074521591,0.47485810365375336,-0.0683417594657,-0.0666115865471,118032.37893959905,1092.22514252319,13149506.9753
6.937691988960859,448687.8510328666,1.6914816910609103,2.516683770787949,0.26668862274353294,5.16233746260998,0.16865018436545515,-0.0837915991784,-0.0831156609132,44833.05733887047,2695.0283601220076,7859967.78378
6.586673432442177,513607.65640538814,2.3638823011049483,1.5567354290557602,0.22252716907612402,3.685710667336381,0.26284656551645963,-0.101896072567,-0.0975525856032,111368.90602892246,82347.70257099131,20197529.7819
5.8434248827845865,453302.62385326735,2.5882467577088053,1.669001566170187,0.35622847747428166,4.465335362352949,0.16709884048646456,-0.0895515512391,-0.0882849413802,115603.17581360448,99229.54966992076,10829893.0496
4.14366430136302,346221.04679467477,2.667736674255688,2.30685895701763,0.35807958896309666,5.16524444806981,0.29878541978884604,-0.0733363108307,-0.0719340612073,74635.61926942671,58081.12586910607,8567300.41635
3.0394654110493553,134147.34434727466,1.566186916541521,2.7430744873759787,0.47514758139999014,4.295856029239189,0.0774732080976781,-0.0295949583636,-0.0295667547605,4553.125247177093,2250.2466299740063,1355027.70606
2.4794129826816143,271647.2505337738,1.6746007860666208,2.5269386587741236,0.18125191992497194,3.4909465491703315,0.1418249434825824,-0.0620737529386,-0.060598594723,22530.290160637214,11410.99831632322,8081925.08814
5.080489367584281,146578.19571223506,2.3578115293733024,2.234284973374945,0.4616898336144739,4.227490783190749,0.4036318157866979,-0.0297876574474,-0.0296273208058,36266.52649092147,5612.112759078106,2655543.80884
7.464656269808723,534806.9601673532,2.390313154867524,2.561492733591491,0.17520945625938517,5.811940365150562,0.18613434968922976,-0.0979722224372,-0.0893508583756,82595.60287731535,16272.412020900172,26411637.4589
3.6447052354182468,149714.79549548504,1.8522748758863923,2.00027489505047,0.4728209785538451,2.9224702740846906,0.48902759877574115,-0.0334145174971,-0.0333703380377,5627.075162986549,6258.719949211652,3326859.94591
4.570447834975418,362295.37519379216,2.061138917096484,2.7517181284411745,0.3405608806317325,4.820674582093263,0.4489739303432366,-0.0753301118214,-0.0746767842836,46340.04692314084,25091.868150466846,6081014.778
6.962537450052995,260004.76404865182,1.9016220250554212,2.829242726336992,0.3347932887602514,3.7999022770974342,0.2929659448969138,-0.0480443523851,-0.0477940508755,28393.554957333927,33199.17684027084,6052232.60602
5.918685970244306,420555.71627756895,1.6093574257657046,2.0140848076034303,0.3629253281870053,2.3107988070755026,0.4650385273544102,-0.0862956179443,-0.0861195148387,29007.24424094187,9079.785056224084,4084773.33184
8.985887995430229,213961.41688169996,2.8692121091159226,1.9859205850668706,0.2979060422011436,2.9805828891776898,0.4351359978537867,-0.0370526803181,-0.0345963441303,107470.75260087747,53709.54032189695,12222662.2546
9.114553511461121,357046.40313246363,1.578661339837277,1.7600882246869505,0.1840556896513126,4.76689999772882,0.39592324788504185,-0.063461735945,-0.0622375149019,46748.102961762335,2728.3422091596535,11108900.6782
1.842703672106719,119558.43150897567,1.9823688688686136,1.7085168056175555,0.3798136784389822,4.778479676884047,0.3834794107050617,-0.0307095735362,-0.0306090299759,17221.64997600329,6050.630058502306,1709823.2526
6.173242962076901,66380.1777298355,2.4009757998002015,2.8737079343817014,0.46438279494023116,5.487901011431331,0.11159450056464795,-0.0116112399149,-0.0115349673125,10869.71680915628,24513.54250660785,2696196.17243
9.414364718663283,563737.1521352887,2.0324672282686307,2.721096666855586,0.4546703638697325,2.283196577936577,0.3822726880733732,-0.0947851371263,-0.0944794731258,56871.98308632945,46757.08357009222,7033656.29524
2.5198111180261793,62699.248244962095,2.841707589547091,1.5818416936532544,0.33338985223140516,3.8550615103002555,0.41787541385951005,-0.0146481892987,-0.0141732754838,18717.06701967155,17856.042106434474,3086679.27836
9.52637225568283,82376.10017812323,2.697517065451777,1.8160377696708805,0.21732143432506357,2.456444506285532,0.16462693726069388,-0.0144787466536,-0.0117267881606,38450.35344985442,13133.289892701468,11887185.822
2.0565390335881135,154753.90168655993,2.0445834237739575,2.4841449880411766,0.4065138841267867,4.670784882309537,0.060547939064169734,-0.0390386455795,-0.0389349025564,15747.537679627383,15859.584680462189,2907972.46802
1.17652066960541,12143.836411952265,1.8033235386863908,2.796269271205941,0.3417298159820674,4.359309200074621,0.36600912259730045,-0.00266460016339,-0.00268489105631,5436.614494738301,13438.133171196807,1287012.60851
9.494025980988742,131864.74356338606,1.845609002674741,1.6935530227408233,0.15528859980906,5.0983950565730005,0.24138472897481394,-0.0227038422574,-0.0209717243996,30386.71871165135,3503.2509584259587,10927831.4586
1.8851909453141187,17471.30577308848,2.3357273012771325,1.8182812870513656,0.19110156155473093,5.190263598945837,0.26040180611270125,-0.00424979210659,-0.00365631978294,9136.560445380099,819.7830963667333,2939528.80763
6.4624813399046825,489062.2867062963,2.1749398967685787,2.5365340873934565,0.2247123662494812,3.1591304413183208,0.4294861005543942,-0.095640438469,-0.0923439599098,115097.50920121565,7204.715274588506,17852560.3627
9.739537638507853,595808.8498226277,2.9127645008955025,1.9438994350641832,0.4901633940986434,2.8815036243736247,0.32465634617358013,-0.0971518816133,-0.0960603410738,248335.58289869677,157431.8198196773,11913159.6996
2.1378999097684037,281165.0513713077,2.127929417907131,2.1162342350438985,0.38320632753560224,5.231690514614952,0.3098274014118967,-0.0712363122362,-0.0709322163167,50376.34601493107,8885.855466068992,4285336.59205
1.009203183601083,207846.5338021637,2.6195255229599588,2.9567791129430043,0.39331526488655427,2.625259562133024,0.08332560285094326,-0.0486538507449,-0.0481850828416,26062.40283203842,16538.587499245317,4402134.19329
4.946464515785575,267244.73121414677,1.731910741811818,2.936241668418814,0.40274217781140087,4.57801549676037,0.09181220330107273,-0.0531008536962,-0.0529923661952,5844.877027383734,14268.72899319872,7047509.41446
5.021992161233134,482637.83611743175,1.7986637950010278,2.8051728870369796,0.20591228770557013,2.049531084853681,0.1711292808518303,-0.0997531684265,-0.0978195091434,71460.51044238752,11957.919070038794,15512862.0063
1.04813094882794,222172.94923578604,1.9285618351746727,1.9798246047389563,0.3760265019962038,3.7669105380496855,0.3032750709966008,-0.0579437426995,-0.0578033299531,22080.59220802545,814.8149922937131,3362425.62663
2.5304405309884475,240433.63231700164,1.7475473366057266,2.327373022718252,0.41754014256620153,4.587294420129579,0.4419165003637811,-0.0563453558056,-0.0562711051784,6408.762350056969,7838.608474225918,2675785.87793
9.7140253417226,179903.38851628077,2.4287900936295825,2.1530921114056185,0.46597391419222,2.161480331609933,0.13862769102399897,-0.029432071414,-0.0291630670227,61021.35216620116,9015.18168304198,4221519.07763
8.390786937985268,424255.4136318409,2.7422457539652587,1.736955973842283,0.15827807303906963,4.235864651826597,0.4103489742741665,-0.0806575466289,-0.0682758608049,92124.57790509007,38183.29972965574,31257576.9216
3.5409814038250587,510715.5654982375,2.915634342703062,2.786884571254754,0.2724830094315814,2.9499021020052694,0.32325703077192075,-0.111066700328,-0.105490482237,180775.6125586295,66234.07439902665,19878500.0724
7.635404878427863,20033.985307832,2.7036549763944686,2.4246332976214804,0.3825098833925541,2.8968708821744276,0.06561003631202643,-0.00308025655328,-0.00277747093732,38391.88555336193,12066.495162755755,3863099.9609
8.253639883471383,391360.8335373567,1.9419849066151884,1.8698671498601325,0.1842319533033659,3.917147302269705,0.18355764356019838,-0.0711354998225,-0.0681989156749,58980.47482003368,11578.979412693736,15887848.0033
2.6517601148292833,261151.62314921804,2.407051494048285,2.988300901389855,0.32194778115672107,3.7010553946386873,0.3146996091698575,-0.0577096999144,-0.0566598016493,33313.47802910911,26172.28454124599,6191948.97588
6.247886801258623,95277.32380989048,2.8129319276384805,2.397459030939422,0.3992002128540194,4.745959345661712,0.4697590559329,-0.0178208233717,-0.0173344263963,59951.17262632886,9930.709410376641,4510534.0586
7.305566669014304,38023.038170909946,2.0725801230620986,2.476510860698112,0.45784996739326933,3.358221302725149,0.12932011239091262,-0.00662983824877,-0.00659580015597,5182.387380559648,23356.042383200936,2019840.51296
5.31157509345361,365117.65695051505,2.486004346812932,2.6589647044318836,0.2805234709619281,5.4242353006025805,0.21114159624980866,-0.0720674673533,-0.069367098922,81203.08161945514,46212.43826497064,11200797.3762
2.9211580875133043,159495.63385978565,2.953067526196506,2.8242525871642177,0.32670671435608223,2.5874811143931593,0.22641600224099917,-0.0343550623609,-0.0330915887907,69904.10424605616,16943.005467732764,6789050.25478
3.6662346906501333,528381.5278692511,1.9737575771501061,1.7607945588434493,0.36582214835067506,2.5839681108242516,0.05114494519609394,-0.118029307256,-0.117601808864,66919.18263237593,35749.72948400099,7360588.69637
6.39487010154112,84799.6359020075,2.3453686159595977,2.4394487339815223,0.2731907392858423,4.171833679439075,0.28850004221619696,-0.0156546325003,-0.0150369187914,29986.593302064604,9243.794004714659,6108845.19078
3.7345581762768587,40427.88057366625,2.2215561630994767,2.446549511367047,0.3490762408159558,2.3338925980075595,0.3134843479180047,-0.00822370710483,-0.00811451055466,12820.1409738001,11388.710039194148,2285110.2368
8.048401505132063,387667.06423811946,1.7121178125087946,2.471732297588205,0.31901755599483006,3.4004800369536694,0.1214261000085821,-0.0694275248755,-0.0691480565062,27186.033722903758,29755.62033273184,6718573.86282
3.06367441812769,363289.6617053858,1.9932925254334208,2.4304619052061383,0.4166953347538238,2.1262124029617833,0.366774230734697,-0.0818321977387,-0.0815977165957,36211.05839747107,2052.766267243968,5336473.95383
8.27733174869859,9190.660446150878,1.525544215272034,2.5022227784465247,0.2120720502885146,3.430426768657714,0.32165380169873425,-0.000966797377129,-0.00117195907736,8342.393834677856,34453.2577703746,6758838.14156
4.534639822465696,71042.86921083811,1.561867572413153,2.774294052841626,0.34695350200237574,3.370022323733145,0.055741968442539265,-0.014097991115,-0.0141078799919,10781.028039437033,22192.204329766784,2472859.11109
5.126928455420362,550571.9677040603,1.816929578971684,2.5817250453091836,0.17868234434162883,4.509701403591618,0.1351954478997867,-0.112369315619,-0.108972959499,68399.60912967131,19588.961199796482,18014335.1651
5.178899284913568,392398.8185135064,2.1961986522957178,2.291735477276996,0.21032257147653516,4.597800337184964,0.2138447391662277,-0.0801042914853,-0.0769969324384,75234.23908385036,27777.443768064662,14159784.7066
1.062258825679083,455954.7609930186,2.9239022343289944,2.0905793729623103,0.3173914014865432,3.6042992803258382,0.35499899141126046,-0.114918248655,-0.111842060819,145973.42974493717,78624.36095286725,16995397.1504
4.213334601574136,561330.3231801048,1.7736939849193512,2.097442405532947,0.25345057774386354,2.820977095856914,0.29644121340750357,-0.122233065241,-0.121043950985,82475.4161690528,20681.16658052008,9564626.33076
8.499500319428291,338866.8808081327,2.210106061097754,2.7933034827906846,0.33753752857737435,2.3648273179232646,0.33802622723612,-0.0587598018718,-0.0580462063484,80048.85252860606,29316.69239751303,9482204.14164
4.769282071561804,227072.50205036261,2.462429108105029,2.049170761278039,0.4107129875556851,2.1640772333596354,0.1778083077210718,-0.0473283434231,-0.046912857292,71012.02796662916,29894.747574132027,4497611.62969
1.1492415819498925,464741.62811810727,1.8327326919664064,2.2004869348178073,0.46993746876309705,4.21502047807841,0.11857951199826153,-0.14005943072,-0.139951509669,6986.176247787352,22196.60476461299,4765695.64567
6.045627610880668,161149.6330587783,2.0039902020980898,2.2072033906774573,0.2993887090453934,4.438593561403229,0.34049459009811545,-0.0314550415142,-0.0310824435381,35495.99272888075,2983.4377412492086,4565214.38175
6.08608419503012,283141.846835169,1.8087047050363418,2.2153723693764817,0.3509667345091814,5.088847194284698,0.15224725415459203,-0.0547777697741,-0.0545536216677,29042.75950169907,2231.177604731914,4661290.03733
2.960007075566515,449573.3843737405,2.2022566507258343,2.645801769396957,0.1900126249159508,5.224359493924972,0.22680611924611016,-0.103465992766,-0.0989092768067,55553.51247086646,8622.169771009127,22555354.5757
7.819861626163525,55903.50004648326,2.823145818428948,1.9314297887642222,0.3859278246134902,3.3971205726935882,0.47998014206035766,-0.00997137869115,-0.00944463543152,62168.60388070004,25608.27613086838,4497977.17058
3.9976353511974523,76649.62645930711,2.7627596481056105,1.8456072889905661,0.2696062273334794,2.8612704941673406,0.08702332241297715,-0.0162428718571,-0.0151815537722,35304.7772351416,19874.014954032384,5294760.25144
3.8731750609806883,320669.1617899308,1.7380581041037992,1.6597844410133833,0.2122726420125136,2.4122132176970372,0.48445956215889996,-0.0722101468733,-0.0711792194812,47469.40792992972,16072.79230180519,7696054.46061
2.0749928363631085,125224.16632719696,2.7835281670873404,2.4814148523920077,0.33276335909967747,2.4701504128162606,0.06195498899040883,-0.0281557602046,-0.0272651818258,34222.07943014177,22563.11062884302,4841732.39349
3.4022723906398533,423736.306942087,1.5872967914109564,1.8338331060480337,0.2806612162778508,2.255752197731615,0.11094737539172819,-0.0958143940765,-0.0954226803285,34251.46397751418,15241.804850853421,5252690.11328
1.9929332263306758,135738.48032223532,1.574671400667041,2.9786916787384206,0.23678237562097956,2.1169649667671444,0.31940873176412415,-0.0307973281656,-0.0306256559801,5732.319647706929,1054.3367805269097,3993056.03689
8.06168707230222,336408.84098214464,1.96980849007713,2.3241870317537137,0.4724929773521981,3.3247505151442582,0.2218572116721773,-0.060252603578,-0.0601084452439,28104.90628468939,17897.376391464164,3579797.00295
5.365818811836006,340545.9370583425,1.8761247811711075,2.904725301015345,0.42592138699069304,4.565162492501424,0.39326236239192236,-0.0681142797865,-0.0679626761866,4726.372527882666,25589.690345916246,8647120.99154
2.4208818784567447,441319.8714644105,2.6946560491075235,2.616145383131496,0.3616544538953136,2.1070352119590963,0.23782005628336617,-0.100268875021,-0.0987402120548,120794.6307949889,58047.85942441697,10092000.2074
6.110939621163435,462184.57987307664,2.5296348198272405,1.5046975278108952,0.35995812516251735,5.983931007433425,0.34241607021877457,-0.0922418671292,-0.0912109571436,128669.7652917799,75909.88351444385,17884971.8959
7.0001722945957034,413452.0209462631,2.4127642453226574,1.569018433871303,0.4149496798147143,3.58912872606831,0.2935424964027748,-0.0790389102673,-0.0784897456446,97866.17460062898,75098.40129330211,7458653.57769
6.024454290856439,373635.28751422494,1.8388367137042612,2.878809532953013,0.15464000161990757,2.0244260528413482,0.38028783148214296,-0.0747949427554,-0.0715324275105,53845.50678720934,14315.489604909118,23537344.9835
6.324121472103595,400646.07474612235,1.7707792313024004,2.3903772607995304,0.40893445021230423,4.1393260928702915,0.4233768088877957,-0.0787511892505,-0.0785741809782,20941.21651175177,14499.170092705228,4129496.99193
8.67129711197165,100642.88974811467,1.6201132628080457,2.712139102057649,0.43931599276141997,5.186745370458911,0.10061873012459999,-0.0168129016272,-0.016816529285,27178.24185397039,47475.80332516021,3003070.23768
1.8152108188392617,375756.9429934236,2.1266154309738194,2.463407117601547,0.3958806964222883,2.998819975096315,0.4085919797817311,-0.0887666650454,-0.0883927027677,34557.2391528198,29682.368740505175,4665194.03527
4.970767946870939,508.64265393458606,2.552636432228014,2.2191645271675764,0.27820805631919543,5.413068739225599,0.122553706748917,0.000475735321052,0.000818861265781,5198.584426968532,1464.27220831463,3114950.53792
1.7983412467074191,143228.61704579077,1.540625452568655,1.5253097892751177,0.225612207745651,3.421235301589062,0.47829009892678165,-0.0351340705302,-0.034972618551,14530.504088313284,372.6334341269406,4017581.38387
2.56733853514867,123392.27901199389,1.7612422924827262,1.7740205020329205,0.48846663757215925,5.717447781392983,0.4162488891246659,-0.0312417802972,-0.0312140309591,6685.56913038443,2932.547776292731,1202907.28529
7.092679482157125,293533.3073695446,2.4398743703609327,2.009555996539434,0.43190864229951687,4.943853628606275,0.431996704281184,-0.0549750883701,-0.0545420037135,88388.33672697881,37481.2984200505,5354982.50348
3.3493570787675644,367969.9020591716,2.6722797723823906,2.4641596455963644,0.32601517956744397,4.351547049349903,0.2816437787862081,-0.0805237846155,-0.0784804031361,80228.48902644009,58847.78345892237,10367682.0575
7.673731603998817,500429.93481041555,2.012431258941965,2.3031726611522707,0.30640755566161326,4.953265507179517,0.4646548009282572,-0.0922846664494,-0.0912837570605,86959.67969060648,11879.926024654878,9842345.81742
9.932613081661243,565750.8971474941,2.9427802025679055,2.211494998726692,0.38404617043044625,5.317013779667391,0.4122644697526693,-0.0896283190987,-0.0870084360783,269160.96267142624,138859.01368910944,16961745.7436
7.92334372616306,227815.1124694995,2.0639774711646353,1.5398595304719913,0.2935801911899245,3.6936297274748617,0.2945253931913729,-0.0420896584096,-0.0414493074369,51921.17815590876,27594.753874976555,6473705.73064
6.892289996102692,238142.75756675276,1.5999251669274566,2.6125314691059858,0.4459542566489548,2.221291845578507,0.18859631636990692,-0.0455068028746,-0.0454658321418,18037.03565798934,43000.49335321076,2974329.81792
9.584880315540348,463963.3741257581,2.674877423679151,2.8959231886580996,0.37418929578032417,2.905659710267576,0.08958886252306782,-0.0732526117466,-0.0715827363394,180483.708146697,10495.508366298296,13456713.9924
6.746392719476903,177475.1416949065,2.5353601639136363,1.880132509597486,0.31868156349131416,2.323342429699772,0.09364803892387016,-0.0338579662688,-0.0328740384478,68367.47712982308,34093.145853347196,6937207.6583
2.831454411865483,578326.9854722674,1.764930709519632,2.915886042781881,0.45864529126147224,4.621274923331924,0.27500217246359815,-0.130790203467,-0.130623358848,3746.1809161342294,13485.833977874317,6115198.84928
1.4484608800772911,592828.6760913681,2.7509916336505937,1.9585625431338007,0.32472892560244615,3.907258991014455,0.331545099926935,-0.148798980396,-0.145853243137,176292.04658800832,99532.77770942768,18023036.0227
6.663877634982752,50077.797979980845,1.7143582336228995,1.5473479464340048,0.21436150795872388,2.3844601314254965,0.46324426207171676,-0.00982895704957,-0.00952057264065,13562.289505036,2686.1727401895996,3716455.84972
5.9229788225519515,74094.34642337903,1.8426877105509367,2.6523720125706953,0.31528221170606807,4.499784639946437,0.4045502858510032,-0.0140700111112,-0.0140281028546,3361.5395575055168,23833.888697230577,3572464.80814
1.9145792784019378,197549.40664342322,1.6488796176865326,1.662956564259689,0.4137096943837961,4.964664561539993,0.147558476906052,-0.0604605817715,-0.0604109962484,11044.064090724292,2243.8186486309583,1691019.13131
9.667058811727658,178159.72200834882,2.2937934092943952,2.5071230599986363,0.33954952150019,2.188690892225957,0.115715885036703,-0.0288435271512,-0.0283212186907,53560.52184870971,22917.708027622768,7213793.79797
1.7288318558052862,18551.128322928438,2.9000620545617775,2.7894590816246545,0.3773956927211499,5.9705323155858485,0.47542374596762876,-0.00392074929394,-0.00376512638179,12480.31405039607,6043.399484534144,1912859.09592
2.2880562584562107,50865.405347289896,2.4594596237370436,1.705984054446954,0.24074700923906694,3.045144239778538,0.3901814064665952,-0.0117916049627,-0.011143341854,7625.700690539609,8063.093325229991,3299047.95477
8.551805232546421,285370.45400769793,2.2128696421687746,2.6883738890857773,0.31567385027132233,5.85044709594832,0.45315032519893234,-0.0488281387917,-0.0480353251376,74574.66083813284,13430.558789214732,9174658.55389
8.134758998399978,562643.4160641944,1.5339168624010706,2.6926451483124763,0.4772075428298046,5.813116938637394,0.07848636366379612,-0.099955074039,-0.0998459662293,33438.465473248805,41101.13190870065,6083089.27475
3.9101189055525167,336227.16640623217,2.602134143083007,1.942157378116534,0.1926031466660098,4.800667327225616,0.4397484367026629,-0.076402413355,-0.0698928836046,57707.70027652162,34168.03396618739,19551073.1685
8.958915839314276,360575.15877527394,2.342121865593567,1.6333222669458525,0.25703394122795215,5.0510360118259365,0.15462456245074507,-0.0615362434617,-0.0592933198812,107731.29416383772,59818.49118434821,13394302.1946
5.823318967468047,475691.05221946083,2.44815343259884,1.8944297311482938,0.4262456181875798,3.460716415052092,0.2513680048997171,-0.0948083471065,-0.0941753452671,122873.628223024,69889.26258108827,7287407.32445
7.444557514028215,117074.41510574243,1.8202052771905608,2.357778255039692,0.2841779627997263,3.1810098780068907,0.17262089396841107,-0.0211785347264,-0.0210131981853,16709.05650132626,24171.55849688401,4829486.29469
6.872718371919511,176169.38800362832,1.9083532014990061,1.755444649626241,0.4081177671968589,2.6830512872279333,0.17978139152832184,-0.0340058230153,-0.0338847923507,26094.665141132642,4152.687944427845,2579818.45049
2.0951627940158715,195748.7800824398,1.727980493809814,2.350511275705898,0.4712259152619023,4.681392643457073,0.27840255642993417,-0.0475386982827,-0.0475015304874,3481.3776148598486,18089.112301116096,4664142.84991
3.4172073896901467,202850.00222891808,2.273219517993102,1.6447514739845885,0.2901044731720056,2.042022318034674,0.1512491724033909,-0.0456370175617,-0.0449041145779,43730.97014043148,30150.63588281781,5779682.06375
8.026310409102614,166580.4135318274,1.630785424632503,2.2577633576420695,0.1640996600172854,2.279078388923248,0.35805198046261844,-0.0305394844445,-0.0297565637679,22686.238226548227,20398.273143813407,11768032.6659
9.778740818287345,526797.915353583,2.568931388212998,1.5613004338893601,0.2919977256753923,3.085860385132871,0.4561298577269599,-0.0895431306923,-0.0864462328012,160170.58848556873,125218.34996445292,19557225.7738
9.360921067454946,433514.417321236,2.3690221991485085,2.3622876247097153,0.2929424517388717,3.996198189157247,0.06331105262198468,-0.0705185694189,-0.0685360091647,112635.67346705818,21647.510983583816,13760383.0973
2.226051820372369,161815.04092482894,2.440622172103542,2.4976574583556026,0.16288072344813978,4.329709128965732,0.4995897106194894,-0.0386213867,-0.0352273849049,19903.858573143847,2535.3264702496754,12083637.1109
6.65373111588218,219968.17959835782,1.5290119239512863,2.759904161494522,0.377671188499464,2.249567005978339,0.32523069904262875,-0.0424286852076,-0.0424036108744,20947.31845635503,42979.18176750796,4084837.31452
5.257691212946072,297305.974425977,2.6411128712160465,2.021705206633985,0.32284635885482765,3.8382673309598223,0.24881621374501994,-0.0601200305341,-0.0586417737635,90716.23706751218,58736.24522032255,9036908.07368
3.980967958338669,405704.25552350486,2.831162732244881,2.589653274922104,0.3367654238548139,5.741641016149756,0.46831117894995256,-0.0868788698448,-0.0845225479624,92143.69941646111,54030.86387797775,12787939.1887
5.540689100312207,478078.9039030466,2.261017700045642,2.6383355007973646,0.43533032471200583,4.250241198526943,0.1596926177831547,-0.09322955181,-0.0927427100375,84228.48650918249,28171.37126889901,6906803.85271
5.63458390239877,250584.22475978942,2.4693947794720494,2.9340271110267535,0.1890307508582499,4.73793612218348,0.2848336793341217,-0.0491312812354,-0.0451503991497,37535.09230753879,4519.370785005288,16880385.149
4.360589823828931,115374.17081562022,1.652074085500004,2.932368323382204,0.27487975233812556,2.2937057981187583,0.44246738979894534,-0.0238503722691,-0.0238296667349,1004.6161676003899,29820.425326452485,4761176.90984
1.6083348721051438,574140.1034761168,2.284215264734932,2.9590448253918638,0.38209683563204605,2.709309651470053,0.3471008372748253,-0.134404688559,-0.13342067145,71723.96906888801,57897.13899072777,7949900.64557
1.5930036881156795,287394.3773573939,2.9859087960617643,2.107762943772534,0.3289703071530117,4.3012724847257235,0.23537725347322325,-0.0727942685788,-0.0706832479723,110663.8011986002,68189.89478852687,11146769.6539
1.6509052114764016,479783.72814610053,2.638392340112352,2.3910227886324353,0.15675306619639234,4.391296215529478,0.14280858653306094,-0.132020145753,-0.114110327962,151080.88821422085,16915.09093859347,40840691.6826
2.241276855158861,187074.94825712763,1.864036774229446,1.5941797703245464,0.16649576184271098,5.460480758521284,0.16334165311357646,-0.0567085906567,-0.0548599452873,28704.276845506698,8968.382686020383,9127073.36631
7.863834446129989,495412.0705944332,2.488588260188102,2.203330390723254,0.22637102476499224,3.4625430016183794,0.3701451648029102,-0.0914169681381,-0.0860297684325,150694.99861944868,41094.71841569902,22706864.8906
9.459584760321112,272506.8143337312,2.1136111443274332,2.030864046279927,0.36786259374582037,3.1560222332029424,0.3559916024032363,-0.0461187793306,-0.0457058224781,68755.0563645433,5463.929360771756,5711717.06751
6.548327848061991,429488.1911296424,2.912031482070723,2.5959889625512096,0.394744584567519,4.2765131021028875,0.09233428717987835,-0.0778258779718,-0.0760565116769,181470.50932072647,80846.70553026041,11077985.63
6.207163741368499,3258.2852590374973,2.6791753989168603,1.6972703881288098,0.43404338298164624,2.270044931510652,0.1741845036912683,-0.000502140735087,-0.000332871461293,32777.230507553635,16186.63070412226,2083338.11413
7.734234297766437,279155.9411313193,2.7114066807134387,2.640902747571811,0.3539295917128939,2.6425433196344277,0.25218858562124874,-0.0494302208406,-0.0480635924009,125683.01356435659,16715.657740338782,9821008.53003
9.207644353855535,207408.73373554196,2.2417938677337874,1.9689891105741584,0.46351006852296894,4.931310023431147,0.3205337776666977,-0.0348528908815,-0.0346571695077,54598.356200691174,11878.89855783576,3460316.22062
9.037700780859456,290454.40051451646,1.783333291672854,2.0526431225871873,0.40752778459006733,2.8112918593037017,0.31055627806194075,-0.0508726893631,-0.0507373109487,27784.37725769848,16180.27978225283,3694465.8908
5.510509973395447,505595.86953470594,2.2177631436469376,2.2749978173321557,0.24899499480245596,2.697295460332215,0.2597424248189884,-0.103149296299,-0.100382675358,126710.91760846293,35809.99932378569,14725305.6679
9.305636474221778,502551.1812320009,2.1569853497219738,2.3416031560698576,0.36644039057617606,4.008501376246765,0.06712394706830344,-0.0827975401971,-0.0820676633987,106404.67313781491,11505.219734249134,8853726.63989
6.06578472832199,45172.025884135146,1.5574028672097964,2.9692255951416953,0.1718026377024485,5.893863931828748,0.12036640030591281,-0.00757695322761,-0.00775509968506,3858.623934693212,20577.232515106592,8175594.65989
2.5564641333852336,370546.71847097535,2.9957034736086996,1.800188450548131,0.2944144529760807,4.548177194715465,0.0712515973671173,-0.0946923268197,-0.0904272505055,189435.18484205252,127858.92853006202,19733747.8926
3.4988049476926437,538376.4770254665,1.6444548806254737,2.831263477926635,0.19646383595981526,4.983744920579628,0.49214067984931553,-0.119777321156,-0.118003347663,34694.15298317596,8596.007122277972,15396189.7726
1.845768790670296,453729.0594192285,1.8108548821259738,2.6919644754166994,0.30513381741878853,3.5846517975254066,0.10124126705615263,-0.106755464642,-0.10632528257,18447.68659579068,5479.843920422706,7351972.28077
6.836569173213378,139669.52576652673,2.8445597613968063,2.7751454018066686,0.4932777646745473,3.948651128533564,0.17546226807263848,-0.024592710449,-0.0242662724233,68703.11819314402,2537.370012358882,4095120.16131
6.1347047865337645,425618.1499364617,1.5477926029849678,1.522324825114935,0.15989341615529648,2.35450425659912,0.23994948688405682,-0.0879327129894,-0.0860394575525,48429.15045568927,10280.76435426627,13184032.9038
8.585569649377764,185623.6534802526,2.0209381257194527,1.8308591162689192,0.26723130767008213,3.2004646881486893,0.06607483629450771,-0.0324147615838,-0.0317179316572,42734.50927326281,5219.704421333112,6572099.93969
4.3267538366095595,107044.57804671385,2.768225824035225,2.8028269325475637,0.344509954952332,5.015712656195357,0.42783813721249137,-0.0215618127129,-0.0208317776042,22416.083564392316,12333.788563614175,4989136.12124
1.9040420381920418,568718.8738980953,2.4324027743800687,2.6071634151889604,0.2640318725463331,5.416179995055332,0.12362038087721931,-0.165181669645,-0.161432636734,163682.20495593405,15424.861823050574,22301269.0067
2.5931360803315977,144225.0692892864,2.6852159728198277,2.1110945514133763,0.28622571462258506,2.062586451788973,0.378350923797618,-0.0328937865343,-0.0318008161185,43563.65338319455,20739.97381418499,6011095.29509
9.522521026267524,204003.1198812627,2.1774567835074548,2.3998189812762054,0.4795307027223552,5.630573300643008,0.23230952717664421,-0.0327290213498,-0.0325838248722,35967.4362748387,13917.01492671774,3322069.83282
3.8452703847444583,76023.53305512415,1.5377014161938785,2.767932372733324,0.4002281169239009,4.403250257169628,0.06791740983703293,-0.0157553644337,-0.0157347781836,1603.4995302092605,2416.9197940309773,1361819.4815
4.015850739108076,469662.5337687464,1.5542750691983775,2.2885475024827837,0.3689920840342011,5.708913430494481,0.3311736965755751,-0.104198797679,-0.10406728203,7480.605795777331,6772.479576739461,5013869.23833
2.1996466210267505,421603.7766626357,1.7490324007855198,2.027750362626233,0.3531996659966435,4.641533579792795,0.49726266816757475,-0.102266637286,-0.102018925239,40296.744576441946,1959.5217165710603,5951978.25837
3.387004980632243,394234.8194631858,1.87281150068545,1.8813313260242945,0.32367809276287896,4.885034260049248,0.4434129497230016,-0.0901079080257,-0.0896969697652,32113.29417932304,22166.86777338872,6451510.64972
6.527045756465301,10701.051238920592,2.3258314484829876,2.8477659169813405,0.19981793857188865,2.7142812632391484,0.4873754921900114,-0.00118579385282,-0.000749688315633,14403.694848922269,28263.95871059272,9292089.71713
4.028292139074911,153838.7776530288,1.5214728017927823,2.944824306994615,0.37514025835060283,3.6533703679729292,0.43677658804833946,-0.0327015339298,-0.0326868983118,21163.054168166094,30087.200104900283,4090003.97867
5.070597889453502,467445.0001418377,2.4705720423864674,1.528586247634966,0.1745538503534643,5.989525704873053,0.46623274900818606,-0.103500185492,-0.0947717436437,64312.60373686943,46558.86041711032,27983321.0488
4.561836455042313,198272.57618027172,1.9569397732615097,2.5805602599501887,0.36120122810427846,4.1120156421230725,0.24232569234461154,-0.0407045148844,-0.0405172799652,20250.44173387879,6704.80532474117,4120127.86006
2.780443214093545,497547.0753941834,2.688563521032731,2.086823217704314,0.3386600450400898,3.267535141419769,0.2705700306750144,-0.113395691659,-0.111100925363,105954.86218042341,91266.49542463246,12443989.916
5.763927399934182,315745.9914621801,2.263671040836101,2.3212654669347774,0.17390960754310214,4.077813906459072,0.17319497808058115,-0.0632258420701,-0.0586934380521,47816.164011858455,10238.536857447063,16231162.0995
1.4125901117541233,301970.7884900396,2.9300856780404145,1.5670860529695356,0.3565982430716505,2.397245702312441,0.4709784510776351,-0.0740656740085,-0.0728115734543,57904.17498188999,62565.136556024,8908212.8321
6.95434706886872,499955.17507861095,1.815187928165432,1.966120610118515,0.31980098685861325,4.834765309478738,0.2277096405127247,-0.0953205365475,-0.0947806922515,70311.12449507904,17698.513238253123,6637105.89966
7.526232410622232,118968.354213746,1.5683804722841304,1.7014155887751596,0.20487372830752743,2.5973180811334755,0.08160310659665351,-0.0223013270793,-0.0219638605118,18637.42710537621,7998.09839965292,5215857.31872
8.66206664848649,193096.1438054314,1.8462987755278566,1.809041718579386,0.39734133731581833,4.384355753547057,0.3943649758296341,-0.0343979049196,-0.0342684714037,27265.043229819155,1544.2651073475097,2902701.21189
3.6274590941922886,506986.13871608645,2.328433198268035,2.1453015235441124,0.3009363031780727,5.6784230691506705,0.28373465340955784,-0.113738520958,-0.111965691382,72979.14994641588,44447.407896778226,12467510.4581
4.231698314700388,434960.33886683034,2.2056407616530382,2.9388162338664467,0.18184131383874513,5.624368193010289,0.15659871107894596,-0.0924763992236,-0.0863128252244,61106.61293700149,21358.15169019704,23526580.702
1.6844739713839665,264467.82019648125,2.623593556284929,2.91239151670088,0.44465124958568547,2.841057690769767,0.3498779918469297,-0.0609239736775,-0.0604541180383,42522.42761865223,34545.420004774634,4352881.4219
6.515425546205775,446268.9049219785,2.7221566525122256,2.405206686046991,0.3891282375108306,4.911671923691644,0.38404486544467686,-0.0840615190809,-0.0826378846698,164999.26372702813,73733.73525062819,10282338.0509
5.664432662868211,468408.81609186146,2.141622840045221,1.88694681735131,0.39070058400821683,2.7517314738577623,0.37289605937389925,-0.0958890381292,-0.095390727336,93040.45615225838,34650.17799105854,6445274.21106
4.4963956483781615,343375.1393778972,1.7217773346321477,2.522066181105181,0.37262393991924425,3.847903322524731,0.3348071261028141,-0.0723736762294,-0.0722054086576,15531.036071756696,9864.259483517471,8168578.48635
6.8555952784698455,352216.95307041396,2.166187644011363,2.0558713572822094,0.33404851179759343,2.5407772843740135,0.14489828610800076,-0.0672436931328,-0.0665062107246,87342.78760360305,23439.371266761987,7194190.31334
3.9433590371801808,104099.39315805011,2.379161812890784,2.5740950368295055,0.4165488846380342,5.599939995851155,0.12872819037319064,-0.021634608982,-0.0214744398254,13090.042416685958,3870.644365006566,2702602.09183
9.27598621139571,518874.8528022882,2.5998569968803245,1.720254723748845,0.3519497126853577,3.3344869846947884,0.37430167605039755,-0.0887470115507,-0.0869411860779,164061.36400209388,115304.19850813506,14553137.4048
8.89808106750797,555614.7099674641,2.249608833384843,2.2248604621161743,0.3104584732337615,2.9191399366054416,0.16184680428943335,-0.0956858052217,-0.0940116446102,149808.12573990307,33572.83762680669,13859157.9846
8.600697469762624,303072.76574528444,2.3982913379147397,1.5340751100034968,0.16968168009791174,4.311356011660802,0.1556391134342663,-0.0550036397341,-0.0492374012763,54255.62174021013,26377.421769572156,20120990.2941
7.519447906818444,164843.771061407,2.948308659031381,1.9386485539587839,0.4677622607237426,4.434770212937206,0.45081525598278965,-0.0298254367105,-0.0293155857677,98470.8097953294,59518.662413153834,5317259.07328
2.3639511357214475,408530.58826708555,2.239511854100358,2.106441682587761,0.3588591539630941,3.7507753406431217,0.13583144658130503,-0.0950922109842,-0.0944604319797,45874.03675743656,32385.465306556143,6768197.63447
9.071544701037574,270302.68909321487,2.185538475507845,1.9813515516065978,0.1662326557931496,5.685300771926372,0.3626709677265485,-0.0476272822779,-0.0433728071642,45913.76195056355,2810.529882215825,18336622.9502
8.087586740513423,571445.0303692732,2.162656641848989,2.823963380689612,0.2527228936749879,3.630561641558037,0.09644453062042316,-0.0998378760765,-0.0971614957088,132306.4577788159,2618.328139858985,17885882.3044
7.112939523042142,560996.5100678526,2.192356084891307,2.9851070295719477,0.1858625917933766,4.6519031011846685,0.36830064734335066,-0.104900722725,-0.0987666271546,115922.34846333558,6957.543661123581,27464027.8508
5.5653743287484305,80168.81746635553,2.615822015538321,2.5513514345316324,0.27226043157428337,4.808347147344703,0.05875569303760972,-0.0146089140262,-0.0137213475028,32128.764571123364,2464.135483512888,6112142.2964
6.697592499170528,104820.03589292485,2.5066054126546513,1.9269541301801232,0.49307556061942803,3.5461959509851138,0.29734896752394,-0.0198430187487,-0.0196862648872,45780.41716965971,18695.32829038688,2570260.73725
7.963788254701527,461216.8192633113,2.391267371258175,1.9120641898535076,0.23954118775083688,3.3109727117107948,0.4986344135713052,-0.0858748673438,-0.0820786555468,137732.8870149101,53670.72538811477,18179132.7783
7.686337610144527,83390.1726862867,1.6157707527580174,2.663533904651489,0.4789813597953101,3.6151750856972154,0.4837174197750524,-0.0152941017065,-0.0152916754436,26994.13030384251,38295.67296276587,2456623.49342
2.260454688321123,361388.0013751004,2.818031600324517,2.8474881238442142,0.23581353803768773,2.8162074397450345,0.4005327973670393,-0.0838048347248,-0.0779610467844,77541.54240368173,37966.61808050567,16993812.0907
9.80304962661665,357513.56462488184,2.745772462354915,2.329427030053366,0.3853868532998291,5.073438086775303,0.41137981439819643,-0.0569751753804,-0.0555921124575,164535.69931873117,54773.55687797481,10625246.8988
7.125449849765625,370173.72948198835,2.3787546136947606,2.86104583126824,0.32519924029054936,5.47220231949116,0.4252139991248819,-0.0673236641663,-0.0660619469966,93781.93076949079,3858.548222144646,10206234.3632
3.5531526522127286,481064.7100669022,2.53341385349562,1.6715382888648957,0.2680930481396164,4.099129792836871,0.21062861609295924,-0.108214132033,-0.104793744861,61977.647492134456,80894.03585550432,17575867.6157
8.698682310445726,36483.65719003143,2.05702268846699,2.7994273381176256,0.20790505592551584,3.34634157724031,0.32723599282264515,-0.00550768116985,-0.00528588627452,13969.48105054091,37748.36635444148,10238065.0645
2.6279662234735275,216606.42331509345,2.256647596247369,2.8528458718994694,0.36238988330259003,3.4457242933170704,0.33399293558621035,-0.0481412383076,-0.0476751903729,31584.847376555626,19914.199354975473,3948902.90283
6.640735254706051,31072.626303745717,2.634685764899176,1.6656513653016496,0.2609727367097233,2.443791933758801,0.42066149334456093,-0.00606508265339,-0.00509903755932,39990.05180067854,14870.306630226738,5617481.54171
1.870600485148345,525746.2278891676,2.654660801313489,1.7393015219984536,0.28512294892444895,5.841676769434348,0.1304925824335454,-0.183326082361,-0.179690043386,183257.0783568427,113307.75974725005,19735819.0698
2.8554960347706144,304780.40684115037,2.160758431258987,2.1430186952916124,0.4539865736701676,4.282243706105058,0.3597477176176743,-0.0697956283618,-0.0696098672284,22134.432456010825,23525.189522501427,3372092.10612
5.957475283079512,256732.65961666658,2.571450321357384,2.6450818462966637,0.39015275629653046,2.913247319470961,0.38164406597862427,-0.0496740207536,-0.0489606876372,82594.66810627929,11954.369050637591,6609489.13019
5.000050200228898,428493.960889477,2.0503496096710014,2.139675986751573,0.15146080609643708,4.691075024136378,0.1915376812854348,-0.0898906855416,-0.0848274573085,43656.57726363228,17514.74504687984,19092597.6307
1.2277454464628708,105605.08999513913,1.9106254306054686,1.624123211551006,0.19861020711755745,3.067241051817208,0.2390678432280549,-0.0267529838355,-0.0261253034533,19455.41186173432,5353.874601854754,4215089.74102
2.166502980337886,599782.7450253518,2.551280429389193,2.621040537823684,0.48483276751159976,3.7766485148179116,0.46141752740027364,-0.138678190408,-0.13807955488,77896.85926393677,65643.00252945503,7360142.15287
9.430481687007132,324187.1298433579,2.082105716036213,1.71252735724007,0.44624011143503217,5.527502017429909,0.1930535882762145,-0.0539474985522,-0.0537430555365,51538.74454027118,22458.417341067146,3965163.65093
5.326301992177497,59637.75006114461,2.875546916692997,2.8839886521709337,0.4509200239905954,4.108018953535215,0.3466772193668554,-0.0109747635269,-0.0107384515269,33978.81384420202,12258.573756924265,3255189.4513
9.349300540312164,235093.19347626454,2.098792668564388,1.768322221182656,0.26261478002018895,2.55454216866053,0.12489218058616225,-0.0403390875629,-0.0392694390745,57948.026160560665,16112.173565723358,9048623.25013
6.285886402804469,108083.87665515122,2.7625261559654417,1.8056291853147957,0.2158507285050505,2.775935877330064,0.2167720945314845,-0.0217420623681,-0.0190170201182,54444.25305365126,16335.442872469112,10078318.7584
6.260477118115404,117205.48789489905,2.5394665824638136,2.6346526099303675,0.4529535688249675,3.5654070809965663,0.21816887941358093,-0.0216912543325,-0.0214700670006,43877.14387510293,7172.857170666278,3377966.50065
9.825130467976756,98601.08940138074,1.953130054560724,2.286558341840263,0.18636128823307802,2.4658411361309285,0.22352113552640523,-0.0161762338092,-0.01522894803,21979.083316019067,25952.92718008506,11758169.4925
3.8017764507185396,519316.6703246775,1.5506885126579366,2.716125212971821,0.4564193392406175,5.405171355995121,0.35716539319067253,-0.114444968129,-0.114339801391,6106.204453287763,8726.684956790878,5727205.47201
5.453467415142756,508014.8489018865,2.2255038727461063,2.81617316981767,0.2131296126868102,5.374010040134699,0.47296128234401225,-0.102233381684,-0.0991616244142,31977.930921914493,5251.108543268981,20541272.958
9.239937906242536,136687.3413997572,1.8621703592102747,2.5390857655604657,0.44452842981591467,5.3813915990874825,0.3694325445638931,-0.0227894935793,-0.022741961883,1292.6831423422072,38482.08336500004,2907602.18035
5.814146959247899,537217.8512677497,2.418387579082195,2.125251569320817,0.2430112026506117,2.346839274835699,0.07491720079774333,-0.108565016729,-0.104318924471,153735.40047434726,62262.894281732675,18353298.0401
6.415638925882569,251051.30871658475,2.776660248528105,2.739006590108078,0.17280466653322743,3.8109236414323036,0.26708784961134385,-0.0492346500086,-0.0421127777699,66489.25873878408,4341.663476743998,23033346.6832
3.102231463133569,221475.70169853565,1.8363220476832662,2.037102126523539,0.19193640494888356,3.101700348068287,0.24827042603455685,-0.050009670282,-0.0494715606995,1137.2422865000651,1364.8270185047008,8506420.50705
9.477239005595713,595295.0747785781,2.1380832253663806,2.6624811033348097,0.3407794841218896,2.318283242684785,0.3523023206141251,-0.0996378823075,-0.0985777721588,128404.5095754533,15438.270945935146,12684929.574
6.758257361230225,486404.6002519544,2.589988797529572,2.500914372908852,0.43887052778244207,2.5301320435452714,0.15406872111747139,-0.090976719019,-0.0901061835257,144755.93875834343,49984.72176461106,8458687.36335
7.650981602270315,540058.1771987262,1.776057780352961,1.6755180156868306,0.48331132629343754,3.744854003529404,0.11042279940387903,-0.100986970117,-0.100876720291,25933.18919043252,1926.0053480936529,4695696.13115
5.396782945684637,534250.6847275478,1.5317480891159931,2.4147935920029218,0.43847449344397105,5.904079339583342,0.49422964521276913,-0.110826376636,-0.110686717737,17798.434810611296,23384.8303997,4769716.09292
7.2056214255757585,184238.93928468495,2.5243834911598357,2.552188709284245,0.23191479955160976,3.940917973721577,0.34138470006272764,-0.0338822744645,-0.0315482628678,70328.46100802855,4350.790555604003,12394916.2844
5.235878865960274,515578.8474044584,2.0852254214623813,1.5088196022916964,0.30373970082567775,2.619026870664361,0.12387011953417289,-0.108202400454,-0.107182537928,101842.78579224763,64476.06864584258,9764022.37928
8.967047406724348,9549.15673082886,2.1893331317585725,2.386194628448907,0.19780129302827645,2.965924847674583,0.44946366721557085,-0.00118817302743,-0.00058783755989,19542.067792276448,21093.612649434708,9312329.20201
5.1622221184727,210811.40528477333,1.5080668189418498,2.9861424377050336,0.29748998640078006,3.67645840994338,0.35925487071973666,-0.0425206929042,-0.0424719062793,6437.957289532728,29840.4034848951,5124918.49148
5.24307941776757,385301.5104535877,2.929099840840679,2.2487714836632944,0.36814563891156993,5.690735356849574,0.2809066765930564,-0.0769162786962,-0.0747568044344,85256.47657542242,90873.01804444294,12160641.1921
8.86124410282036,470246.3059088694,2.4218047378218825,2.083581706865372,0.49947015516350224,2.5326250244051076,0.19778999328912583,-0.0810565591116,-0.0806670815922,117699.2526576105,40264.32405445152,6113936.38468
5.977192355736426,122354.24041343587,2.7961480651984614,1.989070899457426,0.26572802111363314,4.0198753762616235,0.19705482650615236,-0.0237969427538,-0.0220232195778,54173.55310058426,22441.999247525677,8485412.61382
7.431348783795334,483565.6134508401,1.6252089289062932,1.5462373869989747,0.21660338448877103,2.369457022687767,0.30068999918537054,-0.0940892161413,-0.0929797674874,64914.07817033043,16298.1727169562,10390826.5553
3.137809048901568,48611.86178672096,2.426398846681812,2.2272577801281264,0.22196073978149478,5.909241899071823,0.49588149695422284,-0.0109177987137,-0.0101480922606,22894.19399770033,2396.800556149531,4554787.48768
9.736159097995637,402703.5269659357,1.8006916682234482,2.709590703294761,0.2216267327085083,4.033799050200162,0.43670150480635117,-0.0666958662511,-0.0655682338554,57400.86062027014,39177.56966906216,16051720.0365
1.2962312785114258,438304.26587240014,2.826426764171066,2.683913413975998,0.15060299100185254,2.196180948574597,0.33565843907137316,-0.113107162298,-0.0965946220187,62232.44739318219,19609.451124799813,35400721.6773
8.745994127331004,584171.4200337089,2.880525871555254,2.2360012985199282,0.3161711841500855,4.635264085608466,0.27114588089603436,-0.0988460954844,-0.094466679608,252874.33836595292,124161.03250936326,21207402.4037
7.588605245470111,269345.810967615,1.8787515473489982,1.587075189104642,0.43448126862420666,4.172536228436643,0.36377803386329227,-0.0508671890952,-0.0507476616594,35005.926062595645,10614.599189814247,2818386.09456
2.1897484063971815,233415.31206451406,2.756902898920015,1.7879242055504556,0.48376836982398097,2.744841436487158,0.18159814349402081,-0.0545515427307,-0.0542246752071,45065.32703377239,50513.824756354064,4547934.7177
2.8883254581600006,317739.0730549422,2.6575020857462035,1.5832285780576658,0.48744144411804646,2.263123217350743,0.39806076898831694,-0.0733084596208,-0.0730179250863,66699.48333455533,51298.86938913996,6295362.59067
7.052959317515071,289047.20261359145,2.8631809687853447,2.1013002188151386,0.24428893797636578,4.422901213367111,0.41095806128153495,-0.0550596024647,-0.0505087512619,99753.04527120339,50303.595510630636,16937595.4377
2.3274755341136784,228549.50923965854,2.5820537950317366,2.953108390081013,0.2633575938434668,4.337155279254274,0.0736600721992784,-0.0510551952019,-0.0493199295519,23403.853810240023,5091.603892011753,10165293.7228
1.6384275270738464,43499.5735567309,2.310994345672566,2.881564683799881,0.4715146911605219,3.3030554652308624,0.42128215861059487,-0.00985459801205,-0.00982152374018,1240.8008502271182,1633.6813114672905,1196928.71576
1.0894514125927262,465568.65396928065,2.3525902274148853,1.7167855936192655,0.2689181205457235,2.791683647060978,0.1363400247027936,-0.117176245265,-0.11517109725,56052.421693778706,42783.3453903761,14614989.0218
9.982262406132682,194915.45715268617,2.451831525668241,1.820044086564927,0.3944810065822709,2.6487953660395216,0.478012019648442,-0.0322356391269,-0.0317078346368,87298.49892613395,36933.76665322534,5922241.74223
9.007973053080747,171301.72506548648,1.6071811933862556,2.276770421881306,0.16735581882553738,2.781542216967878,0.1463402229929958,-0.0295705357041,-0.0289284330443,15657.407326276012,23990.292369768464,12333533.008
4.608295201890641,353647.0527846055,2.8479511579795,2.808925865870795,0.2582108752786599,2.9314294676448607,0.37575886950928156,-0.0734049266585,-0.0690025262678,131839.8256254988,29456.28657705325,16909998.6972
7.412648241692106,68989.9958565817,2.794852030567864,1.5630804483617338,0.35768519005291843,2.150344119733068,0.1401850253449582,-0.0128585699014,-0.0122065823743,55680.73364477057,44108.581837288286,5003669.67335
6.164173997741246,101566.83877880822,2.1218246475616147,1.555516968953375,0.2467530466553006,2.298012456044781,0.40203627535499953,-0.0205558703164,-0.0198470392462,37934.92029065871,11252.555506054572,5483746.96895
8.37121493601914,109138.9377149911,2.1058023024600536,2.921475938473793,0.4126692638924969,3.520971865150735,0.1319333234285069,-0.0180969406082,-0.0180382756759,5142.22609091952,49729.343137760465,4259250.99682
1.303299667192512,434586.42622344877,2.0665149870033055,1.9561831708847894,0.41178051042490926,2.960921356740951,0.3527751382703103,-0.107114368155,-0.10686640574,29426.186379550538,27488.03777920915,4301106.17825
9.213376760147954,343060.0906181529,1.919942998448513,2.592004335616676,0.2952245122048677,3.0204062217581296,0.49113592768982656,-0.0584912366952,-0.0579292852899,55296.34336320325,30077.957531475535,9690448.01311
5.650293031091313,397870.6285937285,2.0742708031267645,2.545165208398866,0.23313283553314718,3.81876121789313,0.28256070203503636,-0.0792951587203,-0.0772355987937,86534.83819772706,9247.509723969697,12303707.0415
2.313156975901644,572389.1993247973,2.9990921019663226,1.637358039892651,0.22772855813211812,5.578168804230115,0.0563988704018728,-0.254977887406,-0.24111854184,239314.36134673233,204361.3864110648,42248069.1552
7.8392955650782685,350700.2221500094,2.8280850541465177,2.186639624064852,0.4415095700437536,5.029274290260318,0.17639432229213114,-0.0603596869253,-0.059473415682,145654.5670046401,71845.10918216141,7887178.82556
4.4097355186518294,114686.53981450229,2.493613461613025,2.1232441229860637,0.39190452911069273,4.196575071347491,0.24310894960623342,-0.0236875888298,-0.0234056633656,35398.284515650164,12070.175676935485,4059237.75103
3.2106759029561824,437093.39977684995,2.235176695425655,2.158169924025009,0.33612171144275993,2.0191567894680738,0.1125306441192139,-0.0979509714203,-0.097053601313,91277.96385178028,42063.620834195855,7646820.16858
9.43763890464502,142039.03498234402,2.0471500141599384,1.903630577039501,0.29691930814046535,2.076960363476567,0.38491417872200623,-0.0243646668379,-0.0238861751609,47926.00792935834,1563.0142460239204,5892903.24113
7.25017437239897,277497.5712492464,2.171018202912255,1.9342551246262147,0.37314496010338083,4.323383518500712,0.2895692822851258,-0.0517004095926,-0.0512847033693,59524.851873295316,22296.56799229058,5068523.22887
2.8700328776542054,241502.55242537532,1.5164686797409037,1.5908058338085558,0.23000280579104737,5.282966551360053,0.38911202473011225,-0.0594999644749,-0.0591500127544,27039.782623210634,2873.4860653699902,4422579.40363
8.201807878919023,224637.3117796648,1.740601283927425,2.713936822925752,0.3667057711613038,3.212007474238633,0.08597266846134945,-0.0392137864234,-0.0391436350273,375.95853096009586,46839.974793774134,4789827.71355
3.236292093080837,102142.39482486478,2.9687536733082682,2.1351293534485434,0.35106517890726574,4.8640803999505104,0.45977871623876815,-0.0225750657736,-0.0218091709321,30776.509126565583,21541.528759802633,5051171.91683
1.6317894159134068,385844.94976407255,1.9900249935821877,1.8418942782808998,0.3206360452955431,3.5996464661110927,0.24493722283072683,-0.0954589123091,-0.0949392095519,61176.19721053274,17411.49781590381,6414665.5912
8.223150350151705,307880.55575881485,1.9237397672437675,1.9002889822811813,0.16813804462886958,3.0746913198981964,0.13416589277876645,-0.0563853989826,-0.0535249392724,42304.80802175348,594.5242244629418,16385136.3868
4.479217943960041,254733.27451096298,2.891798683524446,2.7029363351276423,0.38820004782969264,3.147932491973572,0.1586351872084035,-0.0513880105159,-0.050301956498,93125.28668824799,38854.41054745163,7464300.18629
3.014946866453568,321643.6305913142,2.9888936410988887,2.3126573900111485,0.1776556766448095,5.553041224484286,0.4583333945169971,-0.0783019402248,-0.0675744563025,83632.36714052146,21620.526193901824,25281211.6943
2.4438340600867487,211670.01699688993,2.387595877254062,2.1195680228481493,0.22849199477120458,5.121213367184757,0.3331153125732977,-0.0515060401732,-0.0494112738132,56285.64688252657,16708.995399381693,9963509.83952
2.509172309265327,25081.145808867917,1.72272324933645,2.239219611771521,0.45073401275572744,3.7852914587808395,0.495311250020032,-0.00582081016489,-0.00581311283925,1588.8248347384176,2108.3501683443396,668442.71607
4.932407064801486,313640.263478353,2.4734238240561655,2.6512295773015184,0.3054678452247467,3.0495663132229156,0.23455777564171115,-0.0634679349537,-0.0619581653124,70865.86749439365,22200.65921243427,9760102.95614
7.282753463359229,422616.87154390523,2.024278393107477,1.500223287210577,0.2448931234307435,4.154030407530659,0.47697846038107555,-0.0820142949427,-0.0803845297906,91656.03669577664,47660.124376736225,12139708.4265
1.4838468316311393,294212.5030826563,2.610920991108263,2.9488993962578123,0.21971472127664893,5.668166264065787,0.2687216277935395,-0.0776888896185,-0.0735113893563,70178.26181247631,1586.7946718230648,17540788.7732
3.284169025579857,253408.27235476163,2.54347637330517,1.779577568794151,0.3070705550693905,5.366479426959552,0.2651101783329547,-0.0590562144415,-0.0577649372259,93203.79797106843,43163.54904669335,8455319.19418
3.4881917323997267,395978.5923793354,2.6429110149163164,2.3001805178538284,0.42477764124937323,2.4014178788515306,0.4790124985198593,-0.087178014734,-0.0864184950368,118387.69246851112,49177.903598231955,7128334.39212
5.6153036523087625,515900.6389079703,2.6250973443211008,2.2144845154940334,0.38474433872799174,2.510748626950708,0.10605836161059662,-0.102750520692,-0.101338049249,175123.32321015024,87627.3619078753,10780628.455
3.7514158915318903,416571.95795239625,2.9673671574418172,1.74745518215874,0.39982332947716415,2.9889734085714488,0.21282605800714421,-0.0909878751218,-0.0896824125296,146112.0702404048,120875.53068037842,10849071.6649
1.5289422298447066,127695.19289578548,2.2734802230076365,2.705484212216483,0.2835026749649862,5.351982802312195,0.18895123955565268,-0.034407582608,-0.0339608736558,22124.9164498935,10853.35869177278,4986826.62477
5.304306618159783,530876.7906372764,2.0293426409999302,2.165784389448941,0.4812697970758816,5.663020997956156,0.3297509237249367,-0.108767579782,-0.108508932815,48127.35833383089,55236.39083240055,4866089.6037
5.444241950902025,223239.98140327688,2.5159702267169735,1.7296264108431243,0.15088046330430524,2.1848546037337258,0.19906239244652096,-0.0483307197502,-0.0422715800212,46654.50108570906,14114.810391077166,16640143.4465
2.9338877580648095,252797.10879825026,1.5802873504283004,2.409311642156853,0.15282573462923724,2.0044838570826498,0.41706533559457437,-0.0577175360698,-0.0563826216396,18644.03162628792,5058.477047749777,10589345.6266
4.410737866638206,547658.0398581299,1.9347649117811319,2.377575804666544,0.28735975363924987,3.0268225162872087,0.07569687639229539,-0.115737620962,-0.114565602886,91632.74785277602,36886.10272336475,8654998.21103
8.438144199113085,557450.5843968431,2.3653686800531144,2.485333524958679,0.27760624828606983,2.8007262748462716,0.13753858125660562,-0.0974307133314,-0.0945182261317,166354.38302011954,26282.77937335988,17578856.5209
7.933939820244278,113576.92374549391,2.9206320785235187,1.8860138854715132,0.25059716608423843,2.633134182362397,0.2314365122529476,-0.0210217599356,-0.0183070358149,78196.74237877356,30423.67086839805,10932678.7156
9.6473567445188,493917.2727702876,2.649744328966689,1.5502010189846196,0.22907252061876593,5.502016337421842,0.29981094152837356,-0.0834633763278,-0.0773903730767,157867.1493139208,108667.31302939472,23969883.9664
3.9187770616063857,181508.10092920277,2.960007662943966,1.9731841451485865,0.2375749174976555,4.842187577906498,0.30916324253256583,-0.0403411755101,-0.0365577908702,49224.9134454324,32622.826899421576,12693317.1295
9.170729552831569,225339.85297512612,2.278575003307037,1.9472132843893695,0.45232899525317993,2.0987138661477585,0.31149677587997915,-0.0388444392348,-0.0385922269484,66529.10645440099,16700.343109356723,4128099.26216
9.252770300157238,278327.2997197526,2.088643176151317,2.0172991419717365,0.42796588670431635,4.6967741294269505,0.41978258132382895,-0.0474407299013,-0.0472076807937,49982.169635271515,4787.165532826814,4209068.4733
6.606263281480914,337751.6361585595,1.683141810523856,2.368324525907499,0.42366931002096586,2.6105054070150553,0.45014239345234824,-0.0662479693093,-0.0661451852725,6995.738998820144,25184.110590781875,3433357.90659
1.2681749613483766,190745.1218479907,2.9028419577455837,2.8444166455735234,0.2294207833457455,3.9609666572170457,0.2768751375643601,-0.045774601031,-0.0427324006712,33377.68401919168,7972.281569364962,11206831.6395
6.192357136587331,598714.1498576073,2.118006317125758,2.953944239130146,0.19525164004054674,4.7251415495948645,0.46297035989743945,-0.117334157573,-0.112173220997,115922.55964822065,2971.098179574607,25321239.0586
4.736292743467464,490711.4076206374,2.647223131921538,2.0265366036257504,0.16353087111098755,2.516546343591666,0.2904501433900837,-0.108216495424,-0.0968104219133,97892.97690201616,25365.09852561032,28750603.8343
6.292422021560307,414244.1109247733,2.8770025731041278,1.9638512944244284,0.22087923005039772,5.7576113966543705,0.48796636531192084,-0.0832897237553,-0.0761694321303,107306.75473446386,72818.11530297321,22705090.7138
5.852247283901504,347664.8830325653,2.85752381394011,2.4448846688053925,0.4141306478975446,5.863581956230147,0.05910272288900282,-0.0647018163337,-0.0634363305967,99050.39046264923,80744.59001427256,7351802.35051
1.4648172459151376,52317.212156826856,1.6545823526308767,2.7395666332044204,0.4184149191447859,5.213238775347674,0.2625072816435108,-0.0138366499894,-0.0138354474647,7923.9757621746585,16487.72872957848,1184669.19232
4.2481247617470625,426828.6640309125,1.8302577756411154,2.45918139138805,0.4361819691954715,3.278236142067363,0.2535913434161555,-0.0908677598804,-0.0906927819089,24122.823021625834,3860.2212277512504,8001186.55579
5.950491951204725,491712.4011127696,1.6562884204615314,2.7341008452207682,0.37004707830320605,5.202163161218381,0.08847519775917209,-0.0952521629603,-0.0949982806146,13250.521840524665,566.5848361249674,12909036.4794
7.148429758238436,182413.37301291426,2.483902503271058,2.863995850285941,0.20458455064161774,4.73145755330137,0.3874795057741685,-0.0333766734473,-0.0305716841602,36584.46869997562,17256.70936059422,15104765.8027
7.565642561763216,584964.927135081,2.0245352790681177,1.9975807848913345,0.4495376536843816,5.643200066154357,0.20314930039523416,-0.106834863138,-0.106543008421,70742.82805079095,25048.976350370896,6750279.25273
5.03746708957231,299836.556902169,1.5045255000629503,2.19941032148909,0.17656675959332382,2.035766685204719,0.348795787018291,-0.0633729301203,-0.0625025070047,24837.25858894899,7680.7993924318935,9672736.39786
2.902014728509535,21242.458657366562,2.035783928254829,2.3328752239396238,0.2321884626385617,5.127108656242315,0.0864043327683528,-0.0042402265415,-0.00413758172491,2130.8711678607,4701.429840242289,2876973.93222
4.311441726440714,150042.41453365426,1.6223760358934947,1.641062129125667,0.2422105543955667,4.627476181468969,0.26764058871326984,-0.0325286308618,-0.0322170028374,13618.507070477242,8917.38416323683,3388660.93481
2.8176943089847533,46289.29013297607,2.810844268373873,2.3701241699433284,0.4911538980446921,4.584836528593533,0.2763319190002835,-0.0101854354964,-0.0100683755526,12610.860658817868,8044.732602264248,1759386.28013
2.0465655708426573,138082.66608865303,2.012696960017472,2.5116970306649122,0.24981421602313253,4.220301237934635,0.3994850688610516,-0.0321559150366,-0.0317413111858,11819.901238205748,699.3363908543218,5025226.4614
6.365731877348173,57776.348757318236,2.662849110346925,2.778053620877473,0.23480699812376568,2.090929243399369,0.2736419445799183,-0.0105391980329,-0.00929558509081,37745.35713874299,23144.928373846353,9525077.20722
8.336508098329984,92004.05350297735,2.3164995999139713,2.6265813813593066,0.24265978410429717,4.995817147813207,0.4284133059320476,-0.0155643164721,-0.0147103475811,38484.39821192333,26006.906441568008,9108099.45218
3.5991753176286414,457783.90459293406,2.729796605289603,2.4905908305164273,0.2342786373626453,5.954666652518151,0.3163005201817107,-0.103175622258,-0.0967784922434,90058.14172401547,39818.45218878767,23859949.498
6.041325742121837,235916.40792708687,2.7416373771078755,1.915561041905777,0.3292534382516511,4.48586864763181,0.06252764891526102,-0.0447806255266,-0.0434570484325,93035.93906596414,60605.55630075206,8182730.70692
7.992860378893225,325996.00006016856,2.130587001185523,1.8256892917397236,0.37202514894702066,4.144896212067045,0.21187210482776458,-0.0586707580211,-0.0582330948624,74428.41908723937,27234.181930078234,5571730.71538
2.283021347942954,311855.1895984301,2.0689082634938996,1.8546673344465243,0.48049264295660177,3.9343022354948314,0.14121450956785497,-0.0741633654543,-0.074054670057,19605.366943525947,21553.806240876333,4278583.23817
7.829281428976759,374584.66156652255,1.7531548095016734,1.601097044518701,0.46854828987038966,3.4253600024098203,0.3978476871128933,-0.0707525404444,-0.0706632514252,24269.526118746693,2672.7700525580835,3423667.94184
8.830326883622442,182931.42243739963,2.5809752111131328,1.9095200755761121,0.4371448644266067,5.045949792308738,0.2844454238670395,-0.0307796767704,-0.030373717975,74145.96388893297,37728.77705115638,4751530.49083
8.524884595236735,529657.4994038573,2.7145690403748697,2.230448752197441,0.2555298892508725,4.416688948392931,0.20045596096020063,-0.0916176776562,-0.0858907526574,193001.98036226476,78144.23842021113,22369300.0198
5.4781907070191105,91015.29201930742,1.5088868993210125,2.6715953488040682,0.30294698657055685,3.9887166285631968,0.0699029913508706,-0.017449016643,-0.0174575848147,8395.063143386345,22851.905310221347,3209898.90148
7.907423613916778,81725.64824167482,1.960539634729529,2.1817170033090214,0.18000864613516523,5.033284880537742,0.41396512160272053,-0.0146519614369,-0.0137172417148,18469.1287358607,15368.703075949184,8984355.84852
6.492250644491808,383553.71986541647,1.8596097170142394,1.8035703872810054,0.4958498538110925,3.8801494086715325,0.4263427515046184,-0.0761831697364,-0.0760857532169,25080.21249956608,737.9137380294366,3557036.66683
4.293565047207695,486089.79561484547,2.782539353649329,1.6774821230690558,0.4665404374690545,3.379613047377039,0.13963353856180022,-0.103430541309,-0.10279332773,115024.97807842995,104283.14742794448,8236630.65964
1.258123335189273,444598.8395590091,1.6983804287393693,2.9964252530890247,0.23393820886107033,5.926903868528404,0.10718644153511553,-0.161023730214,-0.16053251701,20722.20799064564,36360.957156522134,13412438.5012
9.911929877212502,575735.6151040401,1.8919467763800302,1.613863851517267,0.4468674925172941,4.4770306544941425,0.053076408940060806,-0.0962148872688,-0.0960136082175,52323.606310508265,20531.392637109235,4956721.44916
1.5175292243148921,512911.11012988334,2.3333968198691135,2.902230884328631,0.3712928917102899,2.8510219132891788,0.12735231550133647,-0.120033280253,-0.119014874727,48153.561117668905,52599.49602372426,7514301.40586
2.425966876792163,6681.914168610427,2.4769487145567877,2.39370153284852,0.19044950425997034,2.140256798162271,0.18724933525394694,-0.000579640397101,-0.000123941424092,6474.678432019992,7717.39966259303,3992708.81918
5.57621899739565,63326.291676796856,2.7315526517071156,2.622091065737641,0.45914703062746565,3.4766856165116593,0.30676356547202605,-0.0118868176087,-0.0116864482766,38015.81162800314,6129.778059608884,2864015.7015
2.1582705310913353,583377.4105076159,2.424251559424434,2.2457294648212223,0.4777663131580103,4.990067393981338,0.19499664195003702,-0.148730576521,-0.148229167054,107977.6933975859,30308.470137992987,7769645.81857
7.224043107321072,291330.41632158565,1.8507390773324355,1.7263096412161159,0.4983828717414086,5.564500409624786,0.13267726268771984,-0.0541898730707,-0.054121286806,15006.176718390818,1457.6713886828086,3169399.82198
4.980694192077094,148028.7120157615,2.409474387437192,2.8357766668059785,0.28154231282060327,5.6540180132185185,0.2920803234930861,-0.0291679483412,-0.0281410998014,30818.697820782327,10321.832429783413,6216589.49203
4.458942452745525,566840.1454462578,2.1810405310903045,2.4191085515587893,0.22381571078639603,2.4505839092856316,0.4537019685881464,-0.122100607158,-0.11829587468,102448.4202606727,26905.62743720596,18783165.0135
6.353867071188718,206015.09889974372,2.054271914261621,1.6839480970894787,0.27886787957616677,3.7174543771964363,0.4448125744040784,-0.0410627442235,-0.0403982698597,44395.768961051675,17293.110121112397,5850004.57609
1.776347614405987,317438.09382303734,2.464995103704343,2.924041178658941,0.21993209924687818,4.969306743066193,0.08434499261259615,-0.0836260228839,-0.0798380900697,89326.4423362299,16075.767520794712,20408930.9783
9.659274809809515,496529.1704708134,2.772162502993857,2.2809282191499016,0.33078244539667423,3.100904042876942,0.15346150807050507,-0.0803728792191,-0.0773955084492,191229.44538845404,73554.09374737601,17028059.6007
9.149381190951583,438045.4159550574,2.23207882713403,2.3797953181475395,0.4607613594635914,2.4915051281261937,0.2954269530755054,-0.0744868785561,-0.0741302342799,87559.93605148548,1519.400186962669,6047770.28407
3.44599910671901,418144.24906465976,2.0002454976766595,2.347698208577289,0.3460468264927752,5.205542083881436,0.10873852331574092,-0.0930089297099,-0.0925883929682,31115.80129396696,13708.889721293586,6648628.31924
6.79932573253258,579997.7834909054,2.5554929243991467,1.743761724577722,0.40526284335322915,3.3881487047147836,0.4899907783558909,-0.112534574229,-0.111454894273,175014.80599133382,113595.03963153916,10988602.27
7.263351874042593,311657.46791894716,2.4051311951558123,1.5157940129747023,0.2064920856422598,4.319425180669126,0.34330244909417884,-0.0602959518884,-0.0565150236918,87304.16672337789,51054.73800868434,16338687.3697
6.328821187761659,158419.93831084613,2.895578119682643,2.077103537475051,0.34506350314429207,4.533162199695138,0.23711205412477743,-0.0297981149808,-0.0286391161645,75691.83560955872,38082.66453719797,7040250.36862
9.024130563569708,244455.54296950344,2.682318617260907,2.488596990055299,0.19410569669327546,5.949396506731338,0.34583089668922473,-0.0418956301474,-0.0363641955345,52113.205152434144,1643.1662982368382,20475426.9263
1.2031112825338464,576870.1783553036,1.8893117280606089,2.407505006119903,0.42952338105954846,3.2218781768373264,0.33933362871235595,-0.141481973827,-0.141302505798,14730.407575059797,17680.186814790057,5981996.94332
7.326826720950466,246640.86133631505,2.57570763255646,2.770812331770387,0.48619005670228255,5.513772438770718,0.09400871364090069,-0.0418746571918,-0.0415441212115,61892.595003793016,9482.6360944192,4261488.58413
8.755096730767642,582039.0683384879,2.096561524203593,2.082187326961987,0.4785530454974476,3.8828160144981023,0.22842265379220744,-0.101112539189,-0.100827031291,73452.87916634188,12560.843568115752,5875554.67587
1.166790487490387,508997.99044270685,1.7587376965339492,2.7635799136618484,0.2576144720536858,5.587604594109356,0.4465535985818408,-0.132353569461,-0.131574045373,45887.63915472157,17987.19268233494,10529475.7338
8.283608989918985,139157.92766231368,2.1699390824973603,2.559683093410307,0.26033783298800534,5.998698972816625,0.19373685754038106,-0.0232115341133,-0.0225138382319,40006.06000932959,17748.51947254693,7676318.94446
3.895663425134889,194276.31361252983,1.9880703512122437,1.7336467074875124,0.3925580547075689,2.8740786469822557,0.1695735801149684,-0.0424962595651,-0.0423509370706,28470.51515969845,12108.31670775912,2651862.45243
2.122366677283844,301064.51971962606,2.8347417278341,1.7233874785108791,0.4153073564946953,3.620940401035808,0.06419399082686097,-0.071254957575,-0.0705428831431,55894.56344425309,55212.7108033096,6753271.3008
4.817038460915036,327971.97330933943,2.8210978150694275,2.162500431683357,0.4623910215549636,4.083453687860649,0.2916321573570079,-0.0669526632006,-0.0663501096911,95837.1150381353,55834.47886143595,8130773.40651
3.0030230522871437,331425.02448763547,2.5979114344768677,2.532260184477342,0.20311928228647713,3.23068748954447,0.1612831631851127,-0.0756783213654,-0.0691417008473,67813.56503078536,32743.469905240243,25050150.0273
9.327660088507933,110391.36652900542,2.7777863405614007,1.7696591393825698,0.24916193578031265,5.439697373009578,0.0726782321790874,-0.017956551908,-0.015632292266,72590.32083644862,27017.901959626248,10556274.2135
9.390877530883422,172826.46745990048,2.9035515328956105,2.194080630520338,0.35539211878410953,2.8316365757326594,0.18033775474746733,-0.0282128054621,-0.0268312535883,103596.3629675482,34719.613418319015,9028848.89481
3.724174700097781,152852.59660566828,2.359423092055711,2.8741887933597168,0.3320556619744637,4.362751117234595,0.37447774095957914,-0.0320505361295,-0.0315042556358,26006.73410264165,11368.172384802425,4417350.71759
4.382515661814018,314214.17120570445,2.8065681424095477,2.3396615526338955,0.3313842444259164,4.785777520281263,0.19517404844197106,-0.0650540932832,-0.0628604579482,86386.87611777226,65706.06890869103,11232422.9208
3.166856258795292,79234.05590102171,2.993949385577816,1.686651668866996,0.3468092965271112,3.730037093599488,0.10633172877022315,-0.0175133310124,-0.0168102078325,21307.71205521665,27387.792124686206,4404389.15218
8.890995047968637,309703.42007958435,2.79167596204146,2.5472349359472153,0.47358989382568106,4.858053108907287,0.1263441096608769,-0.0492778766698,-0.0486290198922,129130.15221920295,35367.47225756529,6541596.13583
2.3437518744970474,187692.11132233005,2.7363746863664815,2.4945403171915523,0.28268850635885945,4.710835480983801,0.150232560248792,-0.0431786772816,-0.0416009031969,37846.820083753926,15253.261839569861,8241365.82899
8.483744742917779,471467.99943744,1.8258191203493017,1.650077858300547,0.2704274030750182,5.25765050941795,0.2801965264374721,-0.0848746721636,-0.0839868037515,66090.82999058499,28107.653422692543,9340351.34088
2.8099070048490704,476816.3151874499,2.7541993690674786,1.8752210475228306,0.41941625552464923,3.5348599645348724,0.3328989324913735,-0.108957689721,-0.107894576867,93153.0292959768,94063.86723339571,9512545.83805
4.074069574997525,492548.2334167341,1.9590699884640366,2.6686727747828525,0.2182654693854017,3.6643880927312953,0.43276416151926184,-0.106164633523,-0.103867405016,77496.76944190591,9109.803411529128,13811667.6415
5.715508725601323,121706.27152625799,1.8247011939624544,1.791718219255844,0.3787657379753111,3.8311147382366046,0.32868028787919923,-0.0246621094273,-0.0245694441065,19136.86930312391,127.15519895004263,1981255.52432
9.882335592502356,283671.80528197734,1.9050459485870945,2.5096768377446486,0.4188096819828161,5.858040516033636,0.27439827667861777,-0.045498264206,-0.0453508448569,23064.822866129198,33598.43790385862,4481004.94697
1.081121327625617,242763.88945347225,1.7438432178034708,2.3113383467531037,0.49769252028024624,5.1472259152978985,0.4403257981814957,-0.0642898457685,-0.064247133594,4609.766400863223,15721.325634451578,2592416.08535
6.41103809095695,4068.867809113323,2.9848959860394255,2.2660076509113196,0.48791272995785084,5.697893434403328,0.17215299261507866,-0.000395748766565,-0.000226610112327,32296.719073920434,5713.272552722284,2146365.43651
5.200757189220283,403782.865205182,1.5183806463654959,2.593136730227306,0.48171121377965365,4.1849909413361335,0.13107439475966387,-0.0820206485665,-0.0819447894966,24877.07994920498,20615.134243704077,5548819.06661
4.841117265608028,156361.24873288342,2.198875923719299,2.43670321956845,0.4485328241201202,2.206832816879743,0.445552349890995,-0.0324245486427,-0.0322847145148,27494.285021516553,7810.4346058365745,2662991.70614
9.565116168242083,432112.6401292634,2.5601960773157373,2.7556382351302044,0.4922359387172218,5.436539659701789,0.10213972032428881,-0.0659537552614,-0.0654372061799,106326.9220146745,14689.244866943654,6864092.99504
3.3653890208759134,379650.60639273043,2.444086637976989,2.8384961619990854,0.42690959588036426,4.847541370660849,0.05997200567440494,-0.0812356769864,-0.0806339744683,53770.69525950615,41294.77402837078,5646587.52346
7.960103219802368,168229.94197383217,1.8680947838490627,2.6977009395504403,0.35461672641700037,4.755114211695434,0.2697199370672769,-0.0294122623601,-0.0293075069488,10082.747359990533,31764.690658509087,4558642.81866
5.7435782298292395,389700.87740540365,2.8660258179097644,2.0455221773382206,0.21103797787961268,4.191861374683562,0.05712132016750504,-0.0781632536619,-0.0707483954702,116065.7246797703,68187.44179321373,20342764.0167
7.0185439181126865,454937.664008279,2.5652111256749563,1.5724728533651242,0.19849135814942592,5.068120645817533,0.3280898119870469,-0.0890251464618,-0.0822537659291,97748.795013318,60747.39397679439,23702478.2405
5.21793291472666,255614.25937275475,1.639198387456212,2.457279806782036,0.3645886479306333,5.961511355970414,0.47397540181648357,-0.0528836608921,-0.0527538966814,10646.231624803797,7508.404240743715,3014468.67251
6.23565362649754,202447.9050453283,2.4807053581158045,2.38346776235338,0.3524601762783909,5.2789121488481,0.15997722032612602,-0.037547643463,-0.0368852073653,63620.55226749552,19492.279480157646,5607870.62356
3.3188282362667967,447431.8944662867,1.8952747040404438,2.602591396117655,0.28879373032142197,3.5119993163261713,0.4543492704236431,-0.0994019775105,-0.0984565678257,49120.01054758692,28318.601710787105,7258876.64362
4.263497411694807,412296.28212580224,2.6319155540818224,1.6306709303846751,0.40960975835894586,3.0572786865097994,0.2576445720649727,-0.0888666491047,-0.0881319063293,114253.59026922389,87711.94736745967,7938374.89604
2.6670030149513826,64958.615976506786,1.705371612453336,1.6798934525547646,0.2387864945764676,4.370046404291009,0.09975539383469244,-0.0150242426071,-0.0149112529424,10902.942344665073,3923.5661961310457,2180426.25088
4.16686617431527,200039.53226080126,1.9780861670191316,2.153693826290561,0.17696136612301874,2.4825844198471945,0.08397621955462836,-0.0429637332971,-0.041179934113,26712.734755248024,2240.773515137693,9374373.27843
5.763635627216822,237678.72057917007,1.8568139453741477,2.6300441638536416,0.43263068475544275,5.310713266187611,0.0686171018643945,-0.0453935909557,-0.0452974025831,187.22759168447325,10606.479360695002,7383304.40417
6.7246684055774315,451450.57398352126,1.6799252188776403,2.609991164460126,0.27697912434927974,2.1478510779910653,0.25543280563955606,-0.087223331755,-0.0867360134038,37615.94000401926,30287.916476285434,9351793.9581
8.435179940867243,163656.03429864178,2.0419437113401306,2.112370187120534,0.47422186858379667,3.2567512829952108,0.43924957634281514,-0.029181089422,-0.0290813801237,24587.65536140096,9703.205831064484,2548263.63954
6.8142493127497055,128863.78847399115,1.611387687000127,2.781319128738521,0.17585929775756676,2.238737188976674,0.46845342083415137,-0.0241701638217,-0.0239405543137,11052.512050474817,20513.024519152474,10986717.1862
2.7213618082056743,473016.01098910253,2.652043441586063,1.7970817757900237,0.44367412745424095,5.265230751868334,0.10941844970530737,-0.131253266116,-0.130496556343,147576.0739381121,85446.8005615128,9152138.73016
4.896544037356175,409874.346113317,1.5842212251176566,2.819036115011864,0.3044678531971676,5.4926073815902745,0.14976045280328082,-0.083478552923,-0.0829630594983,38552.74305925639,27963.158605420816,4536589.06699
1.3366449084704457,341908.1863224152,2.851516647074494,1.8237042281753852,0.25925670646862475,4.474221032439282,0.18697251511840296,-0.0983405227349,-0.0940982609926,134669.25841685515,83869.27761734469,17010722.4651
3.9680571664917723,30114.208282077398,2.1552689336038062,1.949750091564153,0.48521561508153344,3.6595973487398923,0.3120486834484113,-0.00639214994546,-0.00635728240746,8892.654199737668,992.3240964183587,898383.080471
3.2235471233719335,231750.75880221475,2.8010051142348087,1.603453356701162,0.4200413567642475,4.125658510599547,0.35117979783732006,-0.0523891070896,-0.0518404862177,38863.57142422033,51316.284947294356,5565555.95832
5.354151379053086,22341.992674105146,2.145159315648713,1.5354315728981673,0.20067447309577993,2.4174976088391573,0.11453090899738284,-0.00446521402308,-0.0037917059629,18513.2990553442,2351.7934401332022,4372662.30428
7.339544701703208,13729.931634887418,1.9375352589147106,2.066421868672179,0.34829478423894755,5.719832820971144,0.433848341931535,-0.00225876659361,-0.00220132804878,9690.418633884141,14737.2136250611,2109801.14883
1.498715217959438,98206.76575253057,2.0795271475640327,2.0591951229956895,0.4960234837684928,4.791166938610597,0.3895302469183293,-0.0253866923735,-0.0253466253901,9349.936799866793,1255.8302882865394,1062814.60733
9.122445328674715,125462.03549243689,2.1190646629014442,2.453570021309058,0.17192620808578377,4.507496484509371,0.1037525566817035,-0.0206096031868,-0.0187726884248,26245.601558098944,15744.155353648881,14762484.4396
4.7028871597779744,545362.6870345861,1.5716564444564327,1.7530937628757612,0.4313163262349412,5.453121371046921,0.3922171923983373,-0.118682381961,-0.11856820776,21641.071874943376,28713.31787767456,4770668.46798
7.881000296271719,517404.22291799186,2.70001848067331,2.3149112121026896,0.29045674696132256,4.375258646408431,0.2213091556826582,-0.0915921082607,-0.0876598624995,167460.8631690647,81658.16703710114,18017041.834
9.620952457697696,580648.6867673788,2.037452630698636,1.5787187260096338,0.25475382495252497,3.2404405806909287,0.20246279265306116,-0.0996364232775,-0.0976183707592,126298.96579705495,48382.3257704853,15834865.7845
2.604142205106126,209557.56217082232,1.8977873473589963,2.7454795419881495,0.2961870063268647,3.8945506653722086,0.4344480986468106,-0.0473594233764,-0.0470108020845,16156.437698284224,6613.941041703296,4590098.45799
8.63578779756812,188918.0192884783,1.7297879871812194,1.7658202126138416,0.18786996179238433,5.080860505446644,0.30594616373950156,-0.0337435356024,-0.0327381189218,28738.044244965015,2379.1347355066873,8629553.7748
4.715276494199495,587300.5367464043,1.5420363691542875,1.7422858516697641,0.26434739371835153,5.322970734704132,0.2496328174910576,-0.127033383282,-0.126359718399,40070.30112019462,35059.59465737435,6779517.2075
3.6891149009590465,554749.0087192337,1.7937308074570755,2.971454128611769,0.160394638561245,5.249214567181832,0.07984274892476495,-0.121847086203,-0.116781795278,47605.8453935747,13339.08941314681,24832248.8102
4.118993407868929,245194.4719753977,2.8362168373792778,2.962069260487185,0.32740114181524615,4.717746867190122,0.348908008438824,-0.0504449339799,-0.0485071587366,67100.822538314,37449.093864365415,8603192.58114
5.10500480632437,521335.39364260534,2.7257575178765427,1.9925551602321558,0.15348871930134048,4.267392960827188,0.42561551464518643,-0.113872385477,-0.0999900451987,89675.22931987287,24378.39040989817,33459711.5412
1.5673105079419942,165663.58354635333,1.6849478281340136,1.6930497873400765,0.4598781439574201,3.969586677209237,0.30416454439667867,-0.0430078556034,-0.0429756460729,5616.463386823391,3253.6731774074738,2107074.24731
9.061107542670152,553385.2775704882,1.6721201406873305,2.299172443079474,0.34821786498917967,5.1525015472332765,0.46064940335191573,-0.0965331904176,-0.0962260171321,43228.326000628454,21943.941601354756,6991989.90663
1.4361529216699525,77398.69320450067,2.855090937443348,1.813117767558988,0.4251293621343153,4.206751604976543,0.21462547944976296,-0.0205475570603,-0.0203114534579,30885.671508606716,23074.4131768814,2368444.74544
5.489815283489429,319739.778700679,2.5014615495417214,2.0631209906308325,0.23742521876812325,3.5026619515752695,0.2866470052352759,-0.0652351209097,-0.0620739687722,99037.4229750585,33528.91276952514,13334628.8867
6.907081447058193,376931.57643077057,1.7867872801772688,2.515239294629329,0.40209467610058613,4.879113048216277,0.3767590573021244,-0.0714119412834,-0.0712309156269,22870.746884460896,20824.535858649837,4273972.61528
3.7711891245088665,262383.6609230817,2.9444871397351715,2.7860052863633857,0.1614789952327067,4.259911140152215,0.10358681246963221,-0.0621128954761,-0.0480552869339,66141.67279122396,19477.487639462157,29334866.6072
7.160410604301523,89857.16892698854,2.1521468528048997,2.889247621438937,0.15605378536044465,3.3639026074451115,0.2441138850199805,-0.0161771248881,-0.0144519524862,24193.21186143446,15657.970699774181,15357897.03
2.019276085730964,52782.375114399816,2.9396612400990523,2.0044973136316058,0.2763285563588766,5.237023665649918,0.37240261603545766,-0.0129693232606,-0.0120419774648,33317.25663982312,15095.325351115222,4172688.88902
9.760592587876777,201281.27178843235,2.3731475106191366,2.3538402310136304,0.3080371573541475,2.7674420300683717,0.24628701260264818,-0.0327025234468,-0.0317347386294,67300.68801737683,6409.875940606999,8957103.43654
8.18618608715245,366733.45202377206,2.6071614790858586,1.7497993333845208,0.2651691629982049,2.8537704242684865,0.05214032698443388,-0.0659193050394,-0.0627258256235,134279.09481321977,76325.64854864209,15581743.7331
4.5159043344555,18914.512495739396,1.7186257464927683,1.8745581296867364,0.21852632159344781,3.9296451323663817,0.4012290942534438,-0.00359685381992,-0.00349133823037,6050.64449772151,7959.445948508379,2540316.09036
6.833459983672754,67781.79674489182,2.0072663013136225,2.5860722809124,0.2543747095114011,2.5006297709416554,0.09884410610466879,-0.01210549338,-0.0118903140156,16209.714351691104,28211.030922918075,6224047.69932
6.439720653219584,522652.57798479334,2.268668457017396,1.6488141562812044,0.20813101921313307,3.320001262659245,0.4130466319203679,-0.105650909778,-0.10097130846,122030.19636884227,62832.45796790818,20703096.2696
4.850804958369578,478189.1669022717,2.3474353602410747,2.9674550253616347,0.3766437802597262,5.289815804868878,0.3014425500067443,-0.0960934978662,-0.0949063738982,71695.23553123865,61396.85478854717,8198106.93638
4.6573530296065915,249354.81068584905,2.5192649997510825,2.420610208039025,0.4487823685993232,5.732241790846728,0.11785349102069659,-0.0503979303879,-0.0499897433969,45476.0269026385,40108.62974860099,4087263.35291
8.509459208814475,61948.41032318651,2.329148536769981,1.8908348278178182,0.39830855162944656,2.576120780291303,0.28641211082754897,-0.0108157290946,-0.0105954928949,41638.76450907535,6454.767118723571,3177108.15027
2.6805628518090323,86435.69135420443,2.8466564452464365,2.070042241019892,0.1823519431046215,3.2815911326821734,0.4377583820464733,-0.0205042428126,-0.0174043127915,19340.45826281078,8410.288668390744,8620604.29213
1.7418699582283266,345622.18064890883,2.6923338761601157,2.1000255735355395,0.4555270391046402,3.2455684797454047,0.1136019314624433,-0.0819355489956,-0.0814590680497,50435.825057760696,44458.816682730736,5344486.04493
3.5211461038323617,26717.270321052423,2.1476690531729568,1.782029662050875,0.15766465921370149,3.5622703723273066,0.2453552577794616,-0.00571672236722,-0.00473055799389,6668.4708892124,705.0876073568875,4565495.17164
1.238569470632892,31995.123514251645,1.5992260704941068,2.168505971596674,0.4948470223390202,3.574547291515465,0.26535948684635147,-0.008236454213,-0.00823187422887,3644.25557856072,6881.860005729813,454155.398697
6.7709776726044115,354759.053120094,1.5603150647065904,2.6771721800457238,0.2092215582316795,5.009787823973325,0.050547014991733655,-0.0662608461503,-0.0654910991738,28601.21317556879,8832.390015711017,9139112.41095
6.468012710852703,523521.8587251967,2.2800987779639708,2.0427148198296994,0.19994564563284972,4.025450629468617,0.20134590779783262,-0.102709943041,-0.0972733072126,117395.24766189186,44754.348071812885,20633866.9481
1.110713299967087,96723.55457014471,1.8715522252258525,1.9281443898857167,0.3431871429113665,4.5230169065056085,0.38067901832614237,-0.0255822009593,-0.0255009439566,8254.337945892874,563.3927065597917,1509991.9345
8.005189701404547,325022.77984635945,1.9481234786095198,1.9913020542040036,0.4406446789154981,5.758200620567774,0.07700442915224476,-0.0568761169513,-0.0567149977917,36727.848655464586,7525.894955984931,3628098.80416
9.846213901173902,191490.30473581635,1.5463575843352546,2.263010540229412,0.21558475832802065,4.044761352309504,0.44743643084170726,-0.0319715010518,-0.0317368559029,16139.547058084376,31566.93101875087,8719983.11821
8.713420020950664,551459.6582073453,1.7804105852820684,2.908995008257979,0.30239452387819127,3.7088727538407933,0.4826418123529484,-0.0959273835242,-0.0953780234076,44255.38649533857,54033.76965134573,12334101.951
5.37881181167076,73579.13469227176,2.4359183955254835,2.473273783339507,0.40147180102350155,5.941965003095429,0.3539020548984382,-0.0142514352177,-0.014040938994,16328.520797484629,6869.622075944958,2738106.56479
5.057155979164987,524149.8660600933,1.6433670602333597,2.9979156135334253,0.30775957459602743,5.77694599843303,0.14531124961132313,-0.105667202486,-0.10488864244,56535.25644863815,42964.85692548111,6305860.74082
4.916212975821618,484827.2260681601,2.716486619834846,1.7859235484497553,0.3091774015755423,4.557034792015413,0.4726675352496481,-0.102233706836,-0.0996743931593,154910.71984827032,91744.87188517925,15941857.3082
3.1552185434702036,248128.03886269752,2.3004427739363047,1.850021599051361,0.47586479414002736,3.135646332174467,0.3945745072894181,-0.0564413440169,-0.056304312668,38529.57416091751,2035.6851208289752,16762577.1288
1.0348624594470577,7299.302805447257,1.7106211644594165,1.904992197460123,0.4967443172822512,2.6610759812984144,0.3077566421355149,-0.00200369849576,-0.00200022755289,476.2165340853185,386.6299876003174,234725.133828
5.146487209284685,217745.83162037143,2.4972800219063394,2.3650219200774716,0.18519015687717483,3.8746212532755777,0.20890810288758888,-0.0447095915617,-0.0407922857691,42186.42114503307,7781.58509242574,14131615.4135
1.7682554971869127,27852.875007273706,2.9557275285895557,1.5760596532649351,0.24738796459368848,5.876806017425578,0.4807718978900489,-0.00713369377559,-0.00631482106866,17842.993105103906,14718.228296360807,3351304.54442
8.407212552912604,440279.0291699801,2.627964708304029,2.928248415642757,0.48960278339159224,2.604188825683508,0.3171082219538369,-0.0750418550465,-0.0744345312982,135879.0767249935,2159.525630778068,7698997.94187
2.757059973195703,401076.1684248585,2.1111839806383443,2.5428644147524797,0.24557851450880544,3.1146872478958816,0.19640484821265253,-0.0906860395413,-0.0883252412363,63554.949311270924,37214.252318545165,11602789.8247
4.686073046045074,588608.4833412032,1.7549963435176081,1.6387612227840604,0.3436011232390946,2.7212838191140576,0.2588879867290374,-0.127236130913,-0.126854722124,57294.903856240555,28903.4793685156,6031635.68394
6.694640849235254,60164.77350310011,2.979058053707226,2.4415225498972086,0.4061424433189157,2.4270859775092246,0.20596218984174292,-0.0108015939511,-0.0102836079572,61850.45016580546,7204.117517123592,4546443.79634
6.990690529918431,348479.4640170312,2.1011075449817755,1.5142649778700814,0.2396350005210088,3.8275506752915636,0.2570561756033364,-0.0675048304621,-0.0658163599595,81858.65727411168,44369.035281194236,10856046.6805
2.383851348001902,367624.666922669,2.9806212223581587,2.5662915061747746,0.20226471667147813,4.454990026625597,0.40605878122043443,-0.0880154438956,-0.0789544862523,68331.56422585796,26506.81912003231,24530240.6448
4.347750423169775,388989.9092123611,1.9671426528118743,2.6565305847973733,0.16889054924127264,2.7623197124436207,0.38611137179402627,-0.0835879187539,-0.0799971779775,62473.338125927105,3634.0448784067644,17594985.2147
1.3276138059281197,129994.33283763136,2.6186892121707634,2.5667278061335193,0.20182815716240124,2.3383464896277775,0.27296903875339484,-0.0310375376236,-0.0286528269417,21570.512098220144,8820.374111059196,7594718.71234
2.394451109131954,393450.9350956154,2.5276564077096584,2.1367327212958305,0.2874435729126098,2.2153146363332707,0.31839687516276255,-0.0916675710041,-0.089697015308,109553.2384567145,49240.83108972644,15057591.3463
4.149099736890468,93590.89053205115,2.3049512436751187,1.9171688316636755,0.17919576984796617,5.462278313368348,0.054530259079266,-0.0203553131216,-0.0183859646664,18510.75993965466,5051.301341378033,8775485.59325
4.507798132903101,332054.80871643464,1.5959966510667754,2.8916215924417763,0.3649226504311597,5.534869530245576,0.22254574256085102,-0.0691011455674,-0.0689135911363,13002.847737841823,14876.494956929579,3237049.21759
1.9354946001157638,308847.1121948779,1.5904436626828693,1.9213234165658473,0.34966025957092206,5.5179350461384225,0.3773890129871214,-0.0815892992293,-0.0814658652511,16194.948974279943,4648.222789410741,2842113.67174
5.589547796104948,552393.1805978685,2.219270667325542,2.8116175266043175,0.3421545989831215,3.7645159371980865,0.2717138048456943,-0.108687463574,-0.107484070404,126277.10238084813,25721.73824271258,9780248.68794
8.296332939062982,597415.6254948876,2.3935980856066323,2.0732568453772666,0.43317845159553503,4.160491835577255,0.32094379152470354,-0.105475460541,-0.104739128762,136427.57882251477,57655.4456070892,8827418.57714
1.9507409844901564,398465.07264217327,1.6045376611563293,1.7049868268888702,0.25995203291177715,4.9273952807198445,0.22506291416854768,-0.110742624822,-0.110290714752,35532.031773555245,5442.862166046412,6344928.93307
7.785972881763166,381038.7080738146,2.788747931608743,2.0031947707859787,0.2563052818286471,5.7946128687275245,0.07078454594373487,-0.0665174274137,-0.0620919637815,136958.6435508798,85812.20642536759,16907019.3542
5.869686206829968,488568.3366070893,1.7690436138214587,2.2211560235510213,0.31419012962922377,2.6754321740393454,0.20673562690245134,-0.0983549713983,-0.0978484503418,62526.52353904731,1931.897502451051,6692117.12582
3.4269184475931493,298652.73206128937,2.508002870309217,2.9811710568969194,0.3966152671458242,5.605016116562829,0.3963771857400319,-0.0645232989891,-0.0639450585948,42109.64010787678,17622.797997453385,6823741.61118
9.985339783808636,541000.2079323434,2.9222524916310726,1.924503690690411,0.299854738906963,3.03532989553985,0.22026965396316311,-0.0881294333409,-0.0831247533915,249411.69868788577,141736.42903690963,23693670.9826
9.685824166299843,218442.319770169,2.809426411327846,1.628863574752909,0.4285001199766263,4.047702136607825,0.09561797685882853,-0.0348272288351,-0.034151533559,114649.35512338045,84409.83035695853,7025153.91999
3.2563254427799917,323056.5042181901,1.9979829087417693,1.8637124588642893,0.4296122557904234,5.827302511643326,0.4297597853670162,-0.0765210055787,-0.0763423160363,45386.50113569339,10524.955398972212,3608623.11201
4.783560338555562,264998.22776100616,1.687690048918431,2.2539692366737687,0.3178752407721268,5.5410461884567805,0.18243150447638462,-0.0550977102523,-0.0548199977499,20922.58550926142,16864.53386464358,3183520.76975
8.462714505529913,285972.56858917704,1.6373731497611377,2.815319590234622,0.19359172371360567,5.478693969187486,0.3547864744100437,-0.0497613161869,-0.0490776023903,28449.167325021393,31641.18052928317,13970844.9477
2.7291678218046966,593719.9203465424,2.5130364032433405,2.3451367976273447,0.3107359496054132,4.607462270264662,0.49138331298935245,-0.136707558624,-0.134238015666,68820.30441828896,58743.819035354936,16650393.3696
4.651433225096018,396186.45981305663,2.6646117526573376,1.6067028485458694,0.4232181073250445,5.748574935691694,0.36542173396805416,-0.0846174827463,-0.0839145086683,71502.70452649912,73022.780073451,8072037.20298
5.79721553471978,511914.07262070326,2.10755796125671,1.6181351967095994,0.3280871828954288,5.6115650703518085,0.3137752844585193,-0.10410006327,-0.103295883137,94032.98030920538,59607.42410127737,9146991.8803
4.881930713106917,130620.30277031705,1.8996598879520046,1.851817949890245,0.3119684072066664,4.246754557364321,0.1786418877507392,-0.0268856612209,-0.0266868812717,18540.781543725272,4174.161724367915,2886953.77854
7.348928217383183,407050.467355512,2.704400624374657,1.6219145730534041,0.29266101562288754,5.917194754041507,0.40320852261887863,-0.0763826241113,-0.0736468465263,147608.14885824584,106296.03852277897,15081653.1109
5.52425458838955,15424.346009119005,2.594535525366026,1.5995621681022743,0.3120443169593828,2.055432167321919,0.18995974756756223,-0.00298572707376,-0.00256136023351,27683.245973676592,12805.8577044149,3309069.1143
1.7201383275711981,258678.82107428488,2.971702274249589,2.840093304717028,0.15263391086250053,2.6655826920170402,0.3172029336148852,-0.0655761637626,-0.0538833366502,41452.82738874172,10802.322350129658,24337776.7417
5.691506340141901,215255.4517471414,2.016313794194736,1.717904728629562,0.3016172744970185,3.091245603337386,0.3241470603207007,-0.0439580843566,-0.0434781572431,49468.54338656269,17935.91884902762,5152702.53614
7.034502518855371,69410.53354182895,1.918186887720741,2.374586082554981,0.20366983362986282,3.9583311645532246,0.39151377015128297,-0.0126229457731,-0.0121853098076,17905.176494487227,20099.219472879002,7303436.15896
8.844322647318426,47875.3630365616,1.9649613006639135,1.6557300469202187,0.4989183252064354,5.178112040337301,0.07388318002581266,-0.00804693747549,-0.00800477518862,15115.148003981192,2980.0001677912646,1315766.4845
9.180430840249546,558346.2574539437,2.861157670941582,1.8590659207551794,0.2524296005825272,2.4309940099218963,0.42190111487002974,-0.0982429056579,-0.0908096189988,225209.65919543567,103126.15463906813,29253897.0445
5.273935750922725,305927.0934748656,1.6605899925983711,2.975752829597749,0.38721246602183357,4.055655381868636,0.08059085394360481,-0.0601992166604,-0.0600667894751,3614.975303683908,16834.98653969426,4211895.36039
4.806139137492458,377723.17673717276,2.267041994115469,2.599167931425742,0.49085513810627124,4.000613357662087,0.11680848979566644,-0.076098730146,-0.0758733383286,29494.879924677076,8996.031367861979,9513197.83537
2.4701436690436935,212690.33383139907,2.3202512382905134,2.6184799171459465,0.46283008863138464,5.335865557313227,0.4864558446665085,-0.0492160695686,-0.0490536644216,35992.47998429385,8949.613866774793,5496717.45173
8.574557347135357,35904.4727033794,2.769010450008242,2.672844874236281,0.4029368668762433,5.784533967798308,0.16545263300154472,-0.00525926173024,-0.00495171838013,37209.00631615299,17732.65282432255,4312569.72666
1.6945534892542522,274806.689396188,1.7876948712960132,1.8347621513650476,0.31369520632980274,3.789783984004254,0.23010000630523486,-0.0689933301518,-0.0687248929979,29296.336375272356,3847.98652726903,4287117.86341
7.383243787044079,304274.3416429574,2.885603202604114,1.952271345958649,0.33021765077126175,4.899360127919637,0.21568670331892964,-0.0548441882354,-0.0527396392964,122257.84646661294,75399.75517002911,11969014.8948
8.067356207494646,473723.8631403923,2.798591872310373,2.092734244911662,0.33925340513777286,5.3451368508268615,0.4087081805430081,-0.0838754559063,-0.0812898422163,196814.9151616212,105817.12694935552,15048870.9979
4.276376076646967,56617.81433000503,2.5748022491707054,2.758535196457113,0.2619523296463493,3.7374284862646783,0.12676502789927752,-0.0107593388051,-0.0101297553804,20299.983042332726,9905.860801092178,5503718.91628
2.032415262098981,503401.1685967972,1.7006343910339574,1.5083039531861184,0.24578542147052243,5.054975970265741,0.40683915244863905,-0.131369435765,-0.130502960615,66558.29834253497,27127.81502357571,8783291.26125
1.5489460162514748,536101.6518452794,2.251838709223782,2.869198018448917,0.22720208211869478,4.816236680179086,0.3049445971620242,-0.1325417777,-0.128947143611,114393.34184777692,7839.879205627381,22083465.0752
4.5925362827414515,458568.7561260418,2.974016588183501,2.4263440874388786,0.4695822926317903,3.5503184486371455,0.4668923825943198,-0.0946442876938,-0.0936045964543,175856.21993309908,92697.36376710121,9126899.47891
6.556660464202797,33031.25077301397,2.8877551504741534,2.8862280801781717,0.27100806428407215,4.4494167747438,0.2791695337008432,-0.00533222358671,-0.00441251714558,36367.33356418436,21564.832411669857,7932603.74125
8.771813502988923,88876.55346415087,1.9747077976650054,2.72223816392304,0.3595606731583676,4.918600517456481,0.4184685746722084,-0.0147777961385,-0.0147270879022,4509.972030306705,44289.40474525679,4434798.8256
8.615741662401092,145997.44175818813,2.4551491260526372,2.2680308294015563,0.31337137908568313,3.3366286608920164,0.4976552506557162,-0.0253223293666,-0.024471138407,68565.96776991243,556.1259672345119,7301924.21477
1.3821720161071265,590619.3493316858,2.09056765284031,2.3600461632485157,0.2478358006178022,3.445147743778267,0.09705263229156308,-0.14490825442,-0.143040099858,31117.137488862383,13785.840340792258,17311858.3319
1.976999398661426,266744.1923726324,2.9622037794452885,2.524988301635383,0.1646837930657935,4.118259972196348,0.20766891537306398,-0.0675473206952,-0.0570339954485,48406.90944462641,10418.178398623115,27781425.0743
6.611444646537894,94847.6351224067,2.2077635464322127,2.174906804084781,0.42218758392788036,2.008014109316031,0.14830557808584705,-0.0180640745076,-0.0179240182565,30573.919065121696,4680.320205232639,2675530.19328
7.190555155933343,141059.09189839358,2.4153958339250448,2.0345565187588237,0.27954289986828357,3.1749320331056268,0.33719487808957505,-0.026372884913,-0.0253217620975,61918.6907581504,11818.360001455816,7205721.22665
8.32194517678499,443790.5508569375,1.693629095807079,1.6166715791233495,0.4866064452497174,3.901920865226247,0.34456476429012584,-0.0817550688112,-0.081676283099,18300.81195190969,3768.9085361610637,3536552.59325
3.1909138193189355,5053.628758650044,1.8054811977222252,2.1841544613398014,0.4419475210815159,3.9830417261362414,0.22486839515894752,-0.00100476209466,-0.000998194620802,1548.8997563573448,2909.7297304686467,701793.528456
3.5685004362661723,349519.2527057658,2.7086763476468736,1.5320776026471046,0.30950161944389104,3.1197903422292255,0.45517847341770545,-0.0788510023587,-0.0771377730492,106969.33646145905,84169.33880755576,11512515.4089
