input_depth,input_top_load,input_width,input_height,input_thickness,input_h_fill,input_e_ratio,u_y_crown,u_y_invert,M_roof,M_wall,sigma_vm
2.8379845237359405,37142.825312912464,1.955451420508325,2.7843308611772954,0.4621261677704751,3.3131722398102283,0.31058139353990555,-0.00796722512698,-0.00795337506731,1724.3148517380469,4140.253693761918,1386271.37626
9.90938871819526,479195.29750943184,2.474870796315372,2.068590637296438,0.3003751997835934,4.010406114161015,0.14104457884095611,-0.0768815046633,-0.0744905734097,162651.18558478364,51877.39753488684,15659946.1945
7.10524242464453,438636.427000165,1.770759789738804,2.5834428844973445,0.3790254471823573,5.992292504757643,0.40586087447591124,-0.0822908224692,-0.0820446930572,26414.719331156764,16934.65349969542,6143498.39744
4.533615070395172,282520.8803638816,2.659780415240675,1.5165489320643246,0.21317562609910964,2.6738752275705338,0.24253042237833145,-0.0620332066698,-0.0579491101437,83449.79814060949,59560.09432538313,14738630.6875
3.350161119364202,178223.95004332066,1.6232643071562052,2.0610553328879178,0.15430731810629367,3.50889340788126,0.47338869334198536,-0.0403167933859,-0.0391088833786,13456.501950166632,3578.116097374101,9389946.36527
5.920039807446301,336683.670245111,2.993117032572627,2.8475588439032435,0.3394827233627439,4.815477449446917,0.2032235494814813,-0.0627969347754,-0.0603103177356,129487.33014410034,57539.48771849272,12048073.5767
8.706852526403964,583492.7933290601,2.1944771013222635,1.8521564863622189,0.23877522880211471,5.173526361584663,0.356850908882916,-0.103465921119,-0.100101996475,115510.94325270178,58820.0639897786,18369050.8206
1.636716346256435,139094.99868750572,2.4220292209647596,2.285949872341007,0.42531510693952435,2.4957551173865795,0.06652665841393174,-0.0325187697018,-0.0322994478836,21480.882846335575,19795.518519912195,2207572.22834
1.4681738084182143,524191.74145907164,1.8518157242797315,1.7359662526287138,0.35688902689144014,2.997185669839382,0.46707647484727205,-0.12985716963,-0.129543948534,32340.233214337215,29511.000549321925,5452189.68945
7.907495063729584,65731.87373578548,2.7645529112778604,2.3583722384646535,0.19222394013777375,5.678748641163111,0.18131117420271042,-0.0116315850002,-0.00883444272018,30809.383020390294,10027.729184372804,12459410.5943
6.229481735266745,251600.66932439804,2.0596680622547865,1.9430372547358274,0.4406733008101582,4.318075209856033,0.36471193879842756,-0.049588996527,-0.0494245470194,36556.2631129991,9393.373439359228,3041951.7197
4.289868655614555,395998.6114874482,2.5568502489477396,2.9159496682696044,0.277372770383954,3.015267815440893,0.08691081493161619,-0.0814565027743,-0.0787041626489,98181.49737463974,34144.730172391726,12647264.7708
5.352741151116788,366700.9234428406,2.0901623689569533,2.511935408692807,0.3034339606761932,2.1764731146395206,0.29195118714123963,-0.0746672339124,-0.0737812136426,79623.83975472771,2588.0092274255053,8695215.22158
7.289163609035313,224648.59876781702,2.340149311814457,1.6321905981749296,0.49115899037569755,5.498666785657406,0.13142273235134783,-0.04081183406,-0.0406550543786,48379.09267074303,30506.932925353158,3003248.12108
8.949912027455866,95028.97839993238,1.5422919346019626,2.7153900833800435,0.22101687686517835,4.511836554855108,0.42952719987370075,-0.015816739979,-0.0159414909418,5435.631206204371,42763.131263679235,8324509.10904
2.5131634129211307,551144.37751472,2.8882595216855407,2.1875249915756285,0.40464297002181404,3.8183946311473846,0.24708182429894804,-0.126117775899,-0.124419140884,114163.85005994134,96451.55692100915,12271499.4647
2.246766220778227,273797.88011312485,1.5935444603674114,2.416033012792468,0.2491250379011035,5.322861164808273,0.1493762723170221,-0.0738352189063,-0.0735579925447,18827.208084810292,21164.96088125814,6901574.26673
9.239381095394492,430060.84207445383,2.8369729849509895,1.72515758452937,0.41413371562957757,2.000533130019903,0.3303577518556267,-0.07363684492,-0.0723251760124,193991.3095610323,121199.55417965948,12021974.8141
7.559989647939801,450404.56485003233,2.135566234588623,2.9974141591228545,0.16542884176596998,3.986540339887142,0.23064705836586658,-0.0821653249087,-0.0764218726617,82995.71617544231,13103.551058388877,28662227.3013
5.067632265388966,8204.677328467369,2.294732864946127,1.9084248812869191,0.3290677060373127,4.679811451584101,0.3896018611267209,-0.00132072240624,-0.00116944710268,14308.588533805167,1984.1279030705712,2043114.2034
4.020174894481897,128908.17504376173,2.011333737988025,1.6444634171202779,0.3905098953284323,5.5031413696706295,0.21244101314805447,-0.0286263750099,-0.028512143908,13432.618495895074,11346.849520572277,2036976.07271
6.511259971186519,573451.380059123,2.605195612180978,2.452810483518988,0.20243993951007722,2.8214135468006134,0.4923067405819893,-0.11416008064,-0.105076367072,161557.4992307597,29692.694750232742,30609909.6689
8.172828609123826,309356.76097869873,1.8093529427424073,2.2236015158705413,0.4728389013558626,3.1832151748239994,0.053771250415593386,-0.0552599052421,-0.0551696795056,13187.211209320352,21803.827535757624,2907896.03428
1.1819666922092438,150751.63040310144,2.807051067240536,2.632461441680789,0.2888731392100453,4.485882245004177,0.34149139863438904,-0.0372243631379,-0.0359205996516,53918.17685116118,9007.85071793425,7127905.00973
1.9272830747067928,385961.5970402956,2.2399045871570706,2.151188093237579,0.23151792753487824,4.991402070969343,0.16590896653942766,-0.106532619321,-0.103760619603,96852.26893189359,22687.402735717977,14877275.7951
8.428371345624328,241418.5306057334,2.3766363942995667,2.748631299007684,0.3936088148504495,3.6847143918275833,0.4543436007574201,-0.0414506597459,-0.0409895762974,61247.85981753233,20933.4349531088,6585783.03381
5.625044198706746,38264.31054621935,1.674539000261575,1.5760750933550298,0.3145304868929088,2.327734548598528,0.10578573560342193,-0.0076958070437,-0.00762993832253,10689.89122262586,2536.2005200612807,1561262.36594
3.624282084405422,496869.30254101753,2.941852663177997,2.5708146058022976,0.48072565132752054,5.005426324903965,0.3739515072200447,-0.106587910079,-0.105552512574,110721.49288125568,92237.77407487883,8648064.039
4.831871557980776,542573.4775140882,1.7282733879983425,2.8817928694188595,0.45209066318348046,4.186132326722145,0.11516221361234785,-0.110503851431,-0.110322221225,8464.472511196656,6039.601094398365,16101548.8877
6.830056739971042,86310.37697196007,2.7022549510002136,1.9799234136007726,0.2665766737423837,3.488825421780348,0.28010408324189484,-0.0162776980606,-0.014877704628,47891.70866520817,15382.747390666527,7262936.68195
9.615492412820458,195714.92113173008,1.9070949289016426,2.2971126143820584,0.3677109137177467,2.5060530677437782,0.2668562480714172,-0.0327025905091,-0.0325311120535,28722.42237152894,23950.784020105628,4622777.51073
3.117599055171013,337914.94723409414,2.5231939922086895,1.7940958617255092,0.18082702737301587,5.824360270053148,0.4378947243094444,-0.0835374529658,-0.0762832607056,81667.89051480587,47096.82297145653,19738136.2678
3.0501132933422923,149837.37654983997,1.7560076513327658,1.9512640633620322,0.2832159014884382,5.08778266236186,0.22464466099627317,-0.0348179075205,-0.0346219113185,17869.929204290343,4234.249219571066,3135746.78557
9.55993051175028,591230.6657060981,2.6274516941048205,2.9487154679372907,0.468219865905121,2.2694870978593826,0.39571747118607165,-0.0956495551275,-0.0947139467645,171299.38359340787,1310.2614843158096,10928380.186
6.756659758277237,325928.1428530812,1.9233040837571025,1.7745914217084646,0.19746892540715633,3.720001418143511,0.1573805581778288,-0.0632497119505,-0.0612481503464,60758.91366766155,17404.565568505222,11796667.3669
4.747065699659288,170471.7792570591,2.460303126834333,2.3724584165029228,0.3838374461513012,4.917357720434666,0.32224689847789706,-0.0346535772698,-0.0341954718457,35273.78391407918,23257.126772882602,3971807.57126
3.700290615670383,291174.8455837369,2.173888476099819,2.6833565714769065,0.33334640557877715,5.7659027725458145,0.06359474789351226,-0.0626851098832,-0.0622321309745,24996.936406220528,3250.88005936025,7153107.8771
5.707239077426493,448975.3894507885,2.3955827630124986,2.178565626963973,0.17142374641261993,2.588253241032362,0.3317811205517501,-0.0935690950489,-0.0859588931991,71999.88404471024,18038.55005253281,25780556.1717
8.492695738561451,470528.1648784876,1.5969992335885763,2.497116674669087,0.4204605717677623,3.414930082857609,0.20814791047014297,-0.0836505075276,-0.0835407354514,7575.461401362337,48627.78638481373,4686754.30485
1.986004768870771,26789.546571671963,2.9727128762751818,1.594297716859728,0.25443897605873644,4.221636552363634,0.4964932824485004,-0.00649418540161,-0.00572433249391,22648.06029874322,12055.351438585147,3079129.88825
1.1151592610403895,561488.0338311195,2.027362050488591,2.615862542297691,0.17520367414690552,4.72295269370079,0.09594152979552746,-0.18339952616,-0.178361773168,86511.00838308169,23338.59783846303,30947216.7174
8.116588913835585,103687.35138326883,2.5421208199113607,1.5251677371561527,0.36310006123967464,3.9202667735517025,0.3836822790559381,-0.0187335921224,-0.0182341224361,62510.27130592237,36328.82773468027,4725769.07506
6.437185195274651,214299.7993156314,1.8372711217962205,2.798809046857059,0.2616342035587877,2.090721271932125,0.17029122416861356,-0.0408758228629,-0.0405281524481,26430.114565338616,27256.312735983196,8022098.30207
3.936047366820276,358038.5562032461,2.732428641524166,2.1068696756847203,0.44543173755519094,5.272406909614801,0.45006768936291336,-0.0776206374593,-0.076947052769,69695.19700830823,60565.854709499814,6748761.30119
5.142945836298168,403740.8737465739,1.5158224096521735,1.8428052146919072,0.4849904935341328,4.419825877994299,0.2728242042008788,-0.0849635824622,-0.0849158043008,13431.836666335328,16307.331478904185,7655236.75592
7.64288002345711,262347.7231711149,2.867647829465568,2.254262591712177,0.3204971814062446,3.2265054285526276,0.4318133409135044,-0.0477066660869,-0.0455117584485,118403.05283246846,43928.177772301315,11730167.4282
9.304400985129178,57984.450459480286,2.0697355032898486,2.023508671671152,0.39992715422995384,2.77080312743783,0.10723334979265928,-0.00958952852486,-0.00947427096647,19170.511255255708,10965.300736627518,2681475.75641
2.3047929545864463,513440.6754747033,2.313861528877169,2.8323481916449964,0.23679831498302517,5.593119464814663,0.28813930000178517,-0.124516964367,-0.12071653141,134148.29942285633,1295.692643111173,21571522.9693
2.5953692719340324,161469.5442840457,2.1210216768085957,1.5608673049136996,0.43128246902488165,3.081846557557583,0.41550927902571855,-0.0379519698049,-0.0378375917702,18446.893914708027,20067.67953356676,2424076.46659
9.025910081341863,317073.32096993923,2.262608639895916,2.533265091944486,0.2430420737247914,4.275239143520594,0.23298837076872586,-0.0530883923566,-0.0509749900597,74470.86040578249,8188.728096454776,14252367.4202
7.347874825820327,562746.6335892677,1.5612384933046997,2.1194979487918317,0.3447637783829123,5.729874283075333,0.30600333465263246,-0.106480214186,-0.106223626255,30340.58030514415,6104.085501139917,5822424.27481
5.417076524347067,121205.93134313822,2.822243600618094,2.7392828799784184,0.16062766020186245,2.9076689146459103,0.14550921046175064,-0.0248193888923,-0.020005907626,35579.28490201492,11209.191027150804,16077829.2952
4.234313443303108,16909.42347049713,1.7889261217787862,2.3353945054113865,0.2085654411930591,3.7757757641375065,0.3506871514953673,-0.00288152525096,-0.00283323828433,3054.2623930733075,13914.931450054757,3683602.4982
6.161989787593484,460793.4543862939,2.7807633290067315,1.8085711835883558,0.3734040966723114,4.578564308583736,0.07279676203615965,-0.0878840365542,-0.0863727902169,134502.02824620853,118780.37829207623,11387724.2903
7.822683019563556,421369.2454621196,1.9848642577417195,2.8904088218696415,0.2937169417273253,5.408993866294622,0.48112175590358675,-0.0754699231186,-0.0746165429552,72315.83306223083,22449.81842080317,11056141.8097
1.394783515483141,263423.28898608685,2.584583964664489,2.012345935218036,0.4571857003029436,2.227388709783554,0.19537705294787883,-0.0634699507023,-0.0631313307085,39916.21766199709,42303.52695087468,3827752.98532
1.7195999994874,348299.08926039934,1.642391708213836,2.959524130448699,0.41063987738452845,2.732794065028429,0.37096485449001193,-0.0817741400328,-0.0816290464312,10857.05401402772,16499.074701068097,3162315.459
8.782172249630094,204415.2058660984,2.9272850384004414,1.8936032834462821,0.22529624397866427,5.9106075540184975,0.08055133842863144,-0.0344375762505,-0.0297745857279,77346.01784548022,37287.46270293173,15042589.3967
5.978072693571448,75931.39596283436,2.225152493454516,2.4070707955397666,0.496474931249395,4.084755640476942,0.4593227073084563,-0.0147275978538,-0.0146627629287,16647.654467029573,12843.418298854704,1789858.32802
3.415174286812544,533877.2049173713,2.3443077178671956,1.69312693644315,0.3097614843863994,3.278190389275551,0.18917816113680602,-0.120302920802,-0.118796047184,132756.61907050325,68549.67017330807,17413814.1776
4.477364361286163,504581.38324320316,1.8808299000374973,2.2376905577257276,0.27275573764927685,2.4138601198792458,0.41995422071777283,-0.108645902874,-0.107562258161,72139.92911847866,13267.683134429391,9313206.68242
7.038445437327027,48977.45903581381,2.5027898806147277,2.6710837581194937,0.43501673066057267,5.232289034873247,0.256548235937953,-0.00831409045253,-0.00817948756919,24869.686973463653,18002.522942392516,2950882.20132
9.82527163438499,233711.59303933382,1.7076848074793816,1.6772263529710472,0.18555349367670715,4.7806446105241776,0.29649480814114215,-0.03973207587,-0.0385402295365,41301.54799411218,1734.8826566393907,10186879.1043
2.7638987340033054,375252.44280695915,2.6758085377514362,2.4610401447862387,0.35191868036054075,3.583460133522749,0.12699232404120267,-0.0836378563785,-0.0819273977969,84275.53410504926,68488.97766296346,8711915.05343
2.6927608428522944,596767.2916129231,1.6118388511240482,1.625353539828211,0.2213065816089511,2.1290448494255543,0.05205103200860322,-0.14159586393,-0.140547831119,39799.11611257015,31974.51590115869,13812399.7675
9.755789034999907,143435.5951845646,2.9578035548329353,2.5275786565616727,0.40920250713825224,5.451368488371372,0.3433078547008336,-0.0220141561125,-0.0211642770745,105757.55856923816,16564.80233656173,7060228.09619
6.968941447325051,174323.88849556446,2.1597523796372116,2.1957512106746435,0.313974944408983,4.559142749756575,0.2176968976855278,-0.0321131663847,-0.0316157849451,48682.31168905403,2925.682985889007,5203582.22418
4.406239411793649,322968.6548933387,2.409742161165923,2.698391917627305,0.4977719386108219,3.8658149987459183,0.48692693798802794,-0.0674008576029,-0.0671548222079,48869.409819596876,601.8175309230144,8783074.43057
3.4863242311403155,443672.15372622013,1.9432488502934575,2.3530286285094917,0.43888823473826044,2.9507416263222694,0.2289341347292066,-0.0978242893706,-0.0976245277594,28326.10611660828,2923.490407736179,9702647.56146
6.047552258707583,297370.7025870681,2.4404281536117196,1.7559410836547613,0.27439404381439086,5.6324192471802235,0.39143848824314775,-0.0593741846107,-0.0577029968233,82726.71168972092,42467.48669883266,10302962.298
8.851664756424725,22731.51744157076,1.7353480537422001,2.919718419201672,0.3475870568305254,4.364397183060646,0.15463945330120624,-0.00329661215035,-0.00340635505043,26745.68733104129,58404.56694931179,4950285.85195
1.790728553198278,473721.0385501385,2.6480880794115365,1.9246028610505164,0.1844574274495244,3.0617192797362804,0.324998118635267,-0.118260861393,-0.10879593605,72344.85697376677,40182.475452468156,27883826.8529
1.3230874566361308,109878.63074988127,2.0780576881952584,2.8480231552384794,0.24737219978123903,3.5561917051672935,0.2615036740899086,-0.0255261983298,-0.0252421597617,3678.0505360737625,3698.4032073422345,5085558.26274
7.753758051432669,556180.2204698324,2.305606969166547,2.040054637938738,0.43237670399248596,4.862905714660883,0.4431238093879074,-0.101824983115,-0.101237758243,128729.50464333694,51153.79937974063,7575046.18188
6.093043428845704,361226.85223817825,1.506796077825129,2.2838993472978473,0.15675465865060687,5.12610599398613,0.11700547081418336,-0.071008834753,-0.0694367000245,24338.746391539997,541.4681568662222,11516593.9545
4.162630326114595,210237.19254881144,2.876651686616242,1.8746862639673054,0.3431236409582198,2.448448922485113,0.2783566345460713,-0.0451072569725,-0.0438748461174,93060.06223034051,51821.4218033567,7739555.77094
5.488766933791339,255941.3641691208,1.840307220350951,2.079383247066289,0.369189462531358,3.3595016337931156,0.10045419097878039,-0.0513949992902,-0.051205118217,32470.349470242272,2648.705452366087,3242463.58243
7.416813389398158,409272.92201668024,2.7293250071816146,2.7706372244283557,0.20726759349927304,4.056850157678127,0.3791870287619531,-0.0759288083125,-0.068419109256,128774.15741503837,4854.219120697685,26091044.5005
9.09486158657819,510476.609878242,2.025041587650776,1.5071570165455341,0.46117418855428693,5.9458410404622555,0.1677732514217496,-0.0872459384323,-0.087046633753,63616.47116711226,32648.62362983043,4854170.67952
2.667038290761411,61831.9820612669,2.544463846832514,2.5957931368611753,0.2951534716412425,2.627553254365921,0.45260259020142257,-0.0132161184981,-0.0128672305868,21279.0134092173,6496.932459821049,4663288.11353
2.374274380505085,313074.7988820076,1.976707632187754,1.9805508060380816,0.35906850611791014,4.138704091310501,0.35519959139637647,-0.074081201845,-0.0738042959539,25259.476166266482,18458.65100685914,4108839.88261
9.375539915636182,164575.4450932145,2.592809578869492,2.860674880910665,0.17372541772201655,3.441527094691992,0.06830125022679567,-0.0271519802928,-0.0226244162753,55275.84247824834,20229.82691230834,22830835.8342
7.714006146416068,115815.71828573942,1.79784335475415,1.7921111374162138,0.4496033100411295,2.553359232842922,0.4786040446721017,-0.0218837382949,-0.0218292789934,15252.35596887456,5351.016402319952,1681329.0854
5.212448786944151,569002.0021051168,2.7718220790848136,2.3196223564445972,0.2628903195261955,5.871780667454004,0.1979121750686318,-0.116079515701,-0.108973683863,141870.5543425222,103030.15323586903,22956231.9568
3.866570919752121,464705.0706669688,1.5580482347868383,2.7594496496021748,0.3243264589458704,4.944957997649908,0.4041885276325047,-0.101249980172,-0.100945607875,19151.16850284091,16919.002944426546,5086724.11892
6.366031998768449,13862.962648272514,2.825364781077951,2.137422928120941,0.48658824730664485,3.6383850276470184,0.24429857772774993,-0.00236321716089,-0.00220777760978,35989.05394617146,8654.75730228532,2100163.97124
8.045457242056727,268872.9375600815,2.123462637886405,2.56153427856043,0.23242447013035417,2.374056551605463,0.3157757171895355,-0.0483780166091,-0.0468285846315,52181.276662245014,19413.389755605025,13064901.597
1.0456700064241886,415026.9756093621,2.2601916063576937,1.5882679922506213,0.39879053039476275,5.05187775939703,0.1357267662882805,-0.14960771971,-0.149218232241,71358.15552341628,37610.997829758,5975048.99919
2.0549285635352135,201373.32268059254,1.692862020805478,2.446090718731284,0.47259454978629944,5.5504396967589855,0.4242435268126428,-0.0504115126533,-0.0503694894194,4583.2285916669325,18942.90872900094,2102492.16135
8.564392836764455,352215.283177793,2.6905629839748144,1.6599435838870704,0.2843536981381476,2.8688417822122574,0.25226904512383047,-0.0628071568365,-0.0599209356528,146423.9278534861,91200.3736339576,15191475.9253
5.7789233680814505,527539.5127013326,1.8948912746272981,2.6407076963223517,0.38000900764018297,3.1357947774231434,0.29375391113571825,-0.104950760057,-0.104544794273,55234.67891738844,9523.714146575947,6391177.09849
3.76923593506217,81385.62217354774,2.48875026544556,2.2065375493839383,0.19587234444916246,4.438576079905033,0.12974371183663608,-0.0175688224779,-0.0155531094091,20569.608852338806,7679.511680128634,7596370.6681
4.678130254149437,52087.937481701374,2.205179496668279,1.7198855029419065,0.16725400388240813,5.369190528988838,0.35942097096703945,-0.0112894146301,-0.00983744415339,5679.73251433597,3604.2895988682317,6211597.0229
6.684966096654534,500587.4387919903,2.3643489656969905,2.4359821029938757,0.33209178578108545,2.0469772033393383,0.09207786470651627,-0.0955875103556,-0.0940602261101,130145.67764597027,30813.62471758321,11624911.8143
9.488258374854922,381512.388959527,1.663114628288895,1.912350985687226,0.25847236113622785,3.9400889053940773,0.4688719023950398,-0.0661706296663,-0.0655967153408,51863.95886012767,7555.044382754074,8502005.05364
2.981165040284395,228325.95761865377,2.906540269497782,2.9788681771606207,0.4219403243623674,4.633489448577166,0.179611984314397,-0.0488160100638,-0.0480462980846,51195.429792322895,30370.013536810908,5649715.41949
3.186552739702165,484351.97956860065,2.1862232009880245,2.2694439603947103,0.39213923751376567,4.403777580708265,0.4829516213387251,-0.10930178213,-0.108738251793,55509.70005730197,43572.52109082216,6440739.88552
9.68716783542186,30507.58447498083,2.430352109950036,1.83643002435565,0.22747502434067426,3.210327163338661,0.19367110556922856,-0.0051282441455,-0.00386556236316,41345.269646738525,990.4709652450214,7750513.37439
6.90174497012049,286725.4676297307,1.6322673708200455,2.8156262962147593,0.4819904463831335,2.7869734950363636,0.3453207582700998,-0.0545661877615,-0.0545171485141,32177.99364030299,53892.26258275145,3249606.77573
4.900803717784584,435882.9326927662,2.9840899519622326,2.0314586316235363,0.318690711306408,5.609175659716129,0.07806691760197282,-0.0890341346555,-0.0850745068096,125166.15933375584,112722.819917953,17656448.174
3.5553421964868903,331586.4281728864,1.7676553619094193,1.5446807001717389,0.26818310660310085,4.707873299717903,0.3078267636243254,-0.0757762311096,-0.0752704069153,26577.279784810115,18899.558040039657,6059164.16822
5.553363193757832,184772.2850739956,2.6628157650120556,2.6109808115288615,0.45590859265066686,3.9050727300345898,0.14378223372623325,-0.0351739106883,-0.0348134227779,51959.71334917485,14001.01126297412,4024733.20608
8.356668815948069,134803.51008474827,1.957795106805861,2.08871154114604,0.17969908262602985,2.1059227362275124,0.41013644766062496,-0.0245502290935,-0.0231538252166,34608.368213404305,14141.036155226066,11237303.4506
1.858355994336307,586305.7231530547,2.472551037557423,2.802301527466625,0.36332572079263625,5.287478882819414,0.23823749865405264,-0.147079681212,-0.145671484953,129412.22346981872,6064.986595667985,13579243.1249
1.2514613782986999,72284.78640317917,1.5273833172395825,2.157103064004332,0.4152601642068475,5.782081037759781,0.3017373025882989,-0.0211052796225,-0.0210928698948,2759.6416660089376,7794.8751169194975,872794.826979
8.243963566608727,519099.07702356577,2.9030997985973954,2.6842827619984746,0.2535084008704871,2.6043015383183956,0.12165402108803391,-0.0913835495119,-0.0839537385172,175311.3958069939,37039.25175207899,27660695.8582
6.582407736219466,398816.1189481616,2.1043210183270276,1.6171037536114454,0.32745977700687945,3.3988738879561424,0.4182201813906431,-0.0790173667194,-0.078301996452,89153.59863683612,45718.92456433076,7513917.47081
4.089648055844009,247313.75835835934,2.326012421865016,2.4947898793034256,0.1616090823430568,4.2054661847651005,0.2584057641681284,-0.0544380955556,-0.0488147501573,38629.76634102799,11826.670776755927,16987771.0997
4.9981347462162375,218017.93556660414,2.039792340248823,2.9345599520020187,0.2011739716399461,5.102976705878973,0.4645450307056308,-0.0442468738965,-0.0425887210791,26158.008952675085,2587.455525697289,11374176.2954
7.488866810686886,371862.18313872814,2.576794221997261,1.9625185411423445,0.3863488318864256,2.28456649184227,0.18383256341330706,-0.0687732153619,-0.067778818553,121111.0494723479,59445.36413813109,8835961.40209
9.168236733414233,548395.4608440399,1.8724528136663139,2.3850849391892552,0.290341543732211,3.704929444938898,0.36921064578928053,-0.0942937753026,-0.0933892196153,73677.72866267394,12735.153020857282,11792618.5342
2.177281509153545,99238.14330250025,2.7438939730636775,1.7649232470430434,0.4768809655215591,4.902156256139278,0.08240157021209599,-0.031254121865,-0.0310782864901,37060.66696935257,24894.55289989203,2361713.52678
2.4414890967309475,425709.84195917845,1.8241067295894027,2.64969271235168,0.1907992544118315,2.3978117927908897,0.20990930749103426,-0.0975781661351,-0.0964117952464,2766.7063502052983,3482.703415767011,22008696.838
8.880957370623946,276697.7872699499,2.7922275764867663,2.238590996246785,0.35288935159333046,5.216110799461603,0.49482790851034225,-0.0468173066371,-0.0452396348377,122134.22445206689,51068.3138024582,10276703.8499
7.220230342820287,3194.408118724823,1.997294916305691,2.484003546182066,0.278682462265715,4.796815007925034,0.05827017868869007,8.15152813348e-05,9.24253581104e-05,3191.6038063286105,24886.636670523858,4165921.73101
5.281053893268108,456893.3928385377,2.619257735554129,1.674787980504334,0.4448767479043454,3.599516298621893,0.33698241543024776,-0.0940115956628,-0.0933893592705,126380.18883401623,90974.06257541123,7846220.8265
4.361546475440264,577596.4558124542,2.1556082759052515,1.8795650722458959,0.4928099810611456,2.717714700847864,0.1591621262487024,-0.124157909486,-0.123917153493,64880.445916927194,29167.02164313952,6278899.97938
6.298424942418933,126241.65806919336,2.27476061694324,2.970615538302809,0.3072954518254846,5.895413480699062,0.3205888193100691,-0.0229644983953,-0.0225840012646,27664.078287412853,20529.49268477604,6031144.19473
7.976425329223275,155995.28532475233,1.5727990320883691,1.7057734834961593,0.4035595883149653,4.099957074970007,0.21934026116505267,-0.0287876446085,-0.0287386895937,8243.224518771873,6776.8759393001965,1753323.57504
1.539873018860817,302662.0130985975,2.857695200946182,2.39733680896461,0.21667524040676653,3.293262392282486,0.40092606251128016,-0.0738526569246,-0.0685303639548,53520.15035404797,24538.86420365227,15856934.0055
1.5655824951827526,238747.43599444628,1.915319839026779,1.8237783042714,0.3014594218228012,3.7919539995491505,0.11240737582556903,-0.0644233080243,-0.0640575424843,37828.26478306007,7318.965876536126,4820617.49234
8.63735686801374,390102.09515690804,2.515036707278341,2.328947797883302,0.46646897834725676,4.594612635672092,0.2828415704891086,-0.0659832251271,-0.0654700799144,117957.34154688072,33773.83111056389,6328438.90721
5.850565539672971,490169.9770241976,1.7193328868597746,1.995735616888851,0.21152547574602065,5.392937701195478,0.2711319888941944,-0.0991292650443,-0.0977319517743,51046.03362413319,13738.26893680289,13650133.994
3.279014326632023,43503.387831151485,2.711172977462411,2.8982014171779156,0.3751651301514357,2.211218312382698,0.43360200845636426,-0.00863009108748,-0.00841767851837,21396.415736880637,12592.107487834057,3070398.71767
4.604734722524881,89205.70649206638,1.677660929504782,2.5529411248862743,0.33817486274056135,3.097040630877018,0.17547168666496876,-0.0181406951512,-0.0181096312844,533.059508153308,17817.580552179243,2452958.58661
7.174743263050914,538217.899762094,2.938663198146969,1.5558682694099844,0.15010536848567427,4.2903185077011585,0.44479098920710386,-0.110260452992,-0.0921190319856,95783.31884618232,45878.85875961481,39592253.3877
9.978876614943147,344399.19758588076,2.237486849538982,2.7211905573494732,0.4267416239250451,5.7148022800683975,0.09425575262866914,-0.0520583058948,-0.0516983148168,66100.63374096043,19177.53658498199,6020477.49113
2.909125566482544,190700.07428526878,2.3790766960009933,2.122970405034721,0.2427764015737921,2.8924674801528454,0.3854919742792845,-0.0431556432124,-0.0420923273748,11859.941094547852,12399.631305374527,8079343.38223
2.964478548616171,318874.1007819772,1.832956715952605,2.559808838646859,0.44243596084415915,4.931986592710018,0.2741094194352627,-0.0724638536838,-0.0723709819432,5952.962587361771,5478.527144216007,3910329.45076
9.957581585273147,177260.57767868042,2.736537109594792,1.5872638877481222,0.27623095232993367,3.7346703745424747,0.4306279273238033,-0.0297199666175,-0.0274503381862,103728.27005483086,62579.32466761766,11767924.2153
7.119133057072759,142856.3755005598,2.0353156998753548,2.759921838529408,0.35531912827864287,2.2528726756572723,0.1083535295445472,-0.0259820032881,-0.0258366987731,18907.25555776766,36039.92663640592,4796646.76504
4.626287512481213,598531.8241640925,2.534327421337366,2.1400805809535086,0.19321839166805146,5.071193005889654,0.2868987125344575,-0.130559255649,-0.119276224129,107064.54715189313,66335.11679530265,33469652.3195
3.3025239892303944,477829.6139091253,2.064711552578956,1.782311896327883,0.21912670796737074,4.238227162510157,0.09855841235257685,-0.109089984408,-0.106203106626,59261.218089797396,41729.92466964333,14622108.6731
5.792998595163226,19808.845035731792,2.318725295830518,2.3090796070173383,0.4060004164464771,3.43154164403677,0.38119267066940665,-0.00353941447555,-0.0034495795581,16792.93991242774,10717.325207343902,2060998.68857
8.61362431384623,297963.3713141084,1.5230665365234017,1.991992151364684,0.3048763556405902,2.5735871456563473,0.1727430695667863,-0.0536815911281,-0.0535257211795,19176.877554668205,18048.923885662156,4743112.49595
1.6233728677034378,441921.0657477379,2.860609752126038,2.8699071588926017,0.49038016200065615,5.751272946596146,0.4475229087751359,-0.10798271964,-0.10729054756,114617.83622823462,25297.8509888593,7728183.20731
1.5259775333106518,207300.77382177114,1.9299989165738225,1.9199296315200627,0.3782895520329475,5.257769424468279,0.0605918359477073,-0.0950147293436,-0.0948779267123,24953.52251020733,190.8391959252957,2634924.9507
8.026575496420264,365321.6902166605,2.453448132611811,2.985726202838123,0.21466053705662488,2.076062835752964,0.33465718748047946,-0.0656037280182,-0.0612489040771,109576.4951572176,24382.70333381467,22978655.527
6.311994003131986,554415.3951108456,1.751533039379865,1.7135484851896763,0.46335556553676727,3.936885993927717,0.20519974157214166,-0.110399295606,-0.110274662962,27135.122295722584,4507.183682411125,5341267.92501
4.311722196638584,110457.55315572023,2.632132333237678,2.427458906080574,0.2983567318879068,4.739535644650459,0.4995339573826641,-0.0229406306297,-0.0220032963014,28346.437741348647,13248.78692806787,5537930.90515
5.233117822557688,64754.95174527168,1.6044035889208317,2.644652837421745,0.23964129788801072,5.5765374675393105,0.22385232094675306,-0.012433219039,-0.0124060251297,150.88982787692433,6887.917273521301,4123908.71076
7.231911329552531,506368.3273270726,2.9651025608181953,2.211226914077997,0.4236172431148588,2.754181046038866,0.3964104387443513,-0.0935757521896,-0.091848983352,212565.44167625209,126653.81737397415,12705277.0388
8.928601348772645,411023.72612804174,2.170123409014195,2.4405147386714816,0.15320809949189423,3.241166725754738,0.15664296285249293,-0.0723379340877,-0.0657020601081,54986.16723319088,13492.584756553386,29047111.6818
2.430099666118622,255348.42498600483,2.399508103262633,1.656575955916196,0.34128823317587376,4.434462409466505,0.3231044723652303,-0.061643818031,-0.0609869102548,73131.26880869262,41195.91398545313,6105775.74867
2.1537719136103988,569599.5233952999,2.2184805711731315,2.9280527271330357,0.31565177971497177,2.9223273806273937,0.4222928031347692,-0.131105748596,-0.129385004064,79609.77595044074,53156.4581945756,9809867.02567
9.225803744979203,114069.48734074831,2.3511855779215693,1.9307509898208082,0.47894079191610217,5.744511738419533,0.25432963208295406,-0.0187434965209,-0.0185895878894,40451.202390654136,12438.089318666767,2735913.90136
7.51259929779917,168688.3008107543,1.6468892307020724,2.345981725025922,0.23050294555723666,4.258656162768602,0.29877864751033484,-0.0309183086553,-0.0306518662388,17899.821511910603,23030.947245765274,6688396.81961
4.940344306640327,310156.4113050699,2.922627265099436,1.7481735600158572,0.39515651930123563,3.0652273669838905,0.12460911218076945,-0.0636736489461,-0.0625833712913,124669.06896952935,97141.17255025521,8681762.18337
4.034295140765607,414452.62636989355,1.7002575863152742,2.1989414049312472,0.3663753328844905,2.2440107613801956,0.37197177126072345,-0.0909414665563,-0.0907212899408,34558.63046990429,2319.507891522227,4106314.74933
6.603702832944691,270642.34502613544,2.683395942673087,2.7037904639728367,0.18273805528879164,5.425575893372297,0.07963692769408226,-0.0503240821082,-0.0440741380688,70236.6901928241,9945.14661515271,18114138.1357
8.299573705531657,9772.706776857376,1.884572101291269,1.6204867302440107,0.45289135193452235,4.563927806913853,0.46027487935498357,-0.00174409382702,-0.00170673176938,11819.813908386088,304.6133012050713,1161901.92948
1.2299085212871432,467646.0625603795,2.4988416298292577,2.523456070572138,0.26515514301136134,3.761114437133074,0.18809914407320322,-0.112393476001,-0.110700928167,86475.925712822,24541.30671292251,29383643.9264
1.906292132101953,83132.12804496288,1.5655299886129797,1.5046766297891736,0.1639644612558186,3.2635214626789093,0.3500628325622529,-0.0202125039005,-0.0198259463436,5491.7514434229815,1870.766637982999,3371911.83761
8.34498789627105,526942.2708079219,2.818112266715616,2.5954982140101492,0.3298257953487337,4.070126738399267,0.07332814577966928,-0.0883410396237,-0.0849790576543,224753.51613882498,74435.98671210717,16726041.9651
5.505719148553908,355133.3824172616,2.1130451168864965,2.0805646064691246,0.2511640310287475,5.927197180688381,0.48066247245296834,-0.0730968325589,-0.0713316020744,51430.778888845525,31466.77249007041,10346838.0641
3.5667315600439906,197260.16521453857,2.2703791726380587,2.772539919242263,0.41292651724070306,2.7494085170328617,0.19596361056901518,-0.0419612975547,-0.0417363770162,29634.25283107632,3790.2989104919056,4220544.18469
4.914699270389974,226556.851901114,1.9899110742844641,2.2748557683080435,0.47451490480452774,3.5668485425412655,0.4126743865199387,-0.0471473614352,-0.047046853775,19613.382835239456,6199.941273166237,2612917.57004
6.851594869978726,382087.0265364647,2.5797431082464755,1.863433617632836,0.2879862058907747,4.764054030179977,0.23570285555906595,-0.0720871494142,-0.0696926080882,110184.09412913186,76402.87402760042,12793797.3073
9.673598707653582,497646.1675018072,1.78170486073941,2.8587546148337424,0.3886825199238956,5.246918890625238,0.3033334793057293,-0.0811888682715,-0.0809705177882,16883.987716101325,60051.3515525448,7320515.50464
3.2363769514486194,56177.918426692486,2.787824316881597,2.0500425891950727,0.20351829910650848,2.428526185452938,0.14827886745333674,-0.0123540735984,-0.0106794087208,16191.225379687714,4141.50419417049,6394085.98737
3.037872739136219,431792.9517477751,2.055742722004652,1.704586357343942,0.26053498233668504,2.65921488404274,0.2892401330638677,-0.0995531241517,-0.0983720748327,62594.8068850191,32936.95157983128,11165974.7402
9.467805223539472,289666.73891991377,2.5606153160333633,2.395428347401321,0.447237249976024,5.977656926959753,0.13426105389371515,-0.0448259189844,-0.0443159747266,97577.80234219595,23896.34201367455,5894505.01678
6.628515621647239,29932.946898043156,1.859426039736718,1.8820396922528744,0.17606974584050475,4.026987157762051,0.4267609719187021,-0.0055273697486,-0.00502449964048,14117.507394624103,7553.712732083539,5672116.10074
4.698325645178556,486121.08528614044,2.757148555945605,2.970904694404453,0.36140219480730595,3.329793367534876,0.24975511035881937,-0.0978732074181,-0.0957795358068,173040.86758344824,59795.98805483174,12054230.8943
3.791868716478348,590418.8806191087,1.5376112954691052,2.473277763929218,0.4011565493885427,2.4791349433362484,0.4665485268458724,-0.130770930612,-0.130597283161,8400.06484118437,18956.894764049244,7377488.4218
5.720035368576646,131885.4108452797,2.8927341336384416,1.664805706590414,0.23477984969504176,5.156942456960678,0.18193893055431548,-0.0267037043947,-0.0239960464944,54452.77043568539,33481.070692909074,9672781.48825
8.541982946917415,185369.52696740627,2.097017363179475,2.6587419686838984,0.48425460099242623,4.8301158882677555,0.36412881859578194,-0.03168573497,-0.0315878188934,15217.644032762446,29893.98374975397,3259075.872
2.1135931350290775,329839.92230147123,2.333454478997737,2.249849319923669,0.3219820897560567,3.5235527977347374,0.08737353412434459,-0.0768562451304,-0.0759444077743,29849.63767529352,26277.652951257085,7129892.89618
1.0310011729598045,244372.76646494865,1.777797867078334,2.728231783490628,0.19891131776385007,3.0299348644912243,0.47429966665804385,-0.0592202621854,-0.0584844811217,10960.582797387104,151.0099254115287,8425951.45462
8.094183893874288,402906.37481957674,2.652536288369447,2.13073225133121,0.383058620383963,4.332705989480019,0.20221319696865975,-0.0700127349133,-0.0687660044241,134342.70977452994,73386.19357350317,9804952.27317
6.381027257069945,517329.6695575118,1.950587653554976,2.544601139612496,0.2813257351983338,5.662157077342272,0.35792649020440875,-0.0998724970195,-0.0986979031823,69105.4032557259,14110.598468193355,10015942.9489
3.8175183795392513,72859.13564264774,2.4798947470262647,1.5497144632972777,0.4695773097220808,2.9805731549859047,0.06557104894891382,-0.0158090349486,-0.0157121960363,25277.575690750207,18169.071492050072,1705037.52507
5.165902301669121,102156.53087943792,2.202270499896258,2.0006081932224333,0.4188906705472618,3.8350080996751785,0.31279656835831704,-0.020750627745,-0.0206177669755,27769.387356417883,4454.593483803353,2181975.20303
7.726495215669274,544282.6051265001,2.414075571577996,2.9023297699168324,0.2554334301967174,4.528425257652998,0.13870256571099163,-0.0950844533389,-0.0911465733825,159182.50707359516,18528.60759466674,18739185.0827
9.422378493472934,373608.41408371925,1.619155839085579,1.8205938767641783,0.33510906822048125,5.48403886705637,0.40824065562337636,-0.0647733553738,-0.0645601268893,36053.64885554759,6365.610722238475,4593910.88262
2.36149375513196,217420.41427642107,2.9974314384162426,2.323555018287152,0.17028192575089632,2.161805111914873,0.24024315397255125,-0.0528521367996,-0.0453295978168,42957.42891680453,11170.24646193109,17680591.2921
2.644405442290008,457486.33202165365,1.6674780123867095,2.0950428815558553,0.4946475584525615,4.665180642157793,0.11446581701748074,-0.108806333672,-0.108737339101,2965.8742037589072,13507.193989507592,9389093.97933
9.15374951902777,1443.6040073633194,2.949073924217373,2.810819047037512,0.31083984137512743,3.9718733206391335,0.28089299257844685,0.000320963850795,0.000993377094388,41834.281599727845,36614.40116747231,7605662.4174
7.439223346300423,280806.0698211193,2.244745443575084,1.5370963769964874,0.41231587822549043,2.017145674675703,0.26599524347111586,-0.0535318214812,-0.0532055077676,73653.06363446722,43855.74095219548,5102000.48945
5.430102429352701,422786.87227517366,2.371589577756822,2.6041171085089445,0.22440931326709687,5.33945269882679,0.4386288905981928,-0.0853806561609,-0.0821681654807,59862.50001240419,16979.268289559765,18012301.8352
4.105922560207546,302083.09069275856,1.8993243961594999,2.821208043023944,0.18759248941205442,4.46929357200861,0.1630294621922076,-0.0636673626257,-0.0608934604126,41160.755709332494,15488.668490190656,12882837.7614
6.113496513105929,157760.11068373919,2.5311705521307886,2.0348320263437927,0.35071147936396296,3.166601676493883,0.457343076961115,-0.0310044847051,-0.0303530661499,68708.94256396768,23562.698875869537,5542875.93448
7.81020859349519,122146.82009071112,1.7324047219008207,2.265504586044699,0.2712913545314222,2.8360815197229385,0.10274162492714822,-0.0218859392727,-0.0217356221049,14863.181080012162,20897.596462639947,5008548.37687
1.3028921326622367,580532.8745394945,2.6979634556919336,1.831746426410973,0.4357748225796968,5.517769318073988,0.3768962386995554,-0.157767853986,-0.156877628473,139317.19193812943,100383.3541579311,10056029.9233
1.8372749714180827,45254.47580963373,2.139514485374093,2.38460698351264,0.34556446974165733,5.020061872899532,0.21493405727669596,-0.0113635157147,-0.0112864631119,9221.350733312842,6704.035828672401,1654338.52975
8.839175620116293,489577.3082971573,2.290990663692355,1.7622598274610937,0.15920612686313687,2.342394921928644,0.48969329544343054,-0.0910592512073,-0.0823062812913,73486.29103149033,24678.068292507338,29151276.5228
6.000713747926056,393024.767562747,1.5859570554457605,2.9362796251662076,0.42994688558392224,3.668093293905258,0.05631946842186153,-0.0762859249139,-0.0761817403191,13665.800963633154,35191.35461762225,4180846.96759
3.499104923568666,234638.86063545942,2.844400206115097,1.9635168788954616,0.24495310424827038,4.974820997565985,0.3390429889783263,-0.0531675778075,-0.0496547576881,39550.80518938207,34621.44524595895,13037142.2017
4.420908178202808,188935.5417340994,1.8140107160434127,1.6056680856272578,0.29270196235738694,5.840944204479456,0.15056511661969124,-0.0413300316711,-0.0410688344984,16420.262834019664,10417.59409035527,3659633.36341
6.920214728452265,344978.41726988554,2.8025535447523,2.4855632786639035,0.4587334021460264,2.522673211991787,0.32907596565783026,-0.0639961378254,-0.0632090518717,131407.11021187523,48243.47459156917,7614299.32325
9.740793843753636,535281.2105789781,2.004455877933651,2.1669079824350774,0.20968673140741884,3.474166002124548,0.23189107486978172,-0.0900246344154,-0.0868816086265,86972.26339197403,3330.8362045406025,19808934.8071
2.7418134501203895,93300.26060342789,2.6118675344623625,2.6948311887681484,0.3716192398685962,4.1714939177036285,0.3884851120878011,-0.0203430128357,-0.0200059803166,18352.270459243657,7877.670089631413,3149930.18901
2.810736171901226,284285.7012525201,2.1005788170732558,2.21800832496956,0.1575993680395186,5.623836003243923,0.4620495927054435,-0.0687976190658,-0.0644805000886,43764.254458157724,1969.6992621082873,16835196.5422
9.812492014840245,438057.49118328094,2.3299606726504862,2.629053714685142,0.3417462090961635,2.8016090728342533,0.18644791962578894,-0.0705125628176,-0.0693564698806,126964.70018044277,7136.264783198035,11616057.3377
6.9919000919908285,482131.70282542706,1.5348105384036899,1.6483913473784924,0.24608071781694887,3.193746119737625,0.3666605167090893,-0.095151610886,-0.0945708018034,52534.775713821095,7706.806179322503,7630416.14002
4.489852424710989,33047.98286408186,2.8955123936757445,2.457459749188274,0.43433175254613154,4.387156452983618,0.0848523737397045,-0.00611204298989,-0.00590367983256,28613.101997826758,650.482414977799,2463667.50786
3.430168405175209,137344.19904649258,1.8679552911780775,2.99111715098843,0.46020331066101783,5.304099056869745,0.3005469227209687,-0.0298647370451,-0.0298332016941,5239.178018395999,5606.327707070977,2246456.79415
5.929021159186959,584085.7459232211,2.748551746364683,1.899918805807829,0.296745191514492,2.1225066408514977,0.12293686005286873,-0.11754674348,-0.113499744067,187023.99337720117,130013.47043011208,20383003.4469
8.76750455610454,333760.7139721513,2.0464642625302076,2.42365166824311,0.37035477077588436,3.890434291213751,0.4169751121196896,-0.0578000055625,-0.0574154300068,61506.845611028635,13811.639468341038,6427646.73977
1.7683256454765797,182332.2370648384,2.5699163619428873,1.732032731641084,0.20552683817222714,4.693213909864426,0.2595240487717092,-0.0493064155042,-0.0460733431523,52025.35407563121,33012.89780159176,11592016.3544
1.3723724856972694,396577.8177604079,1.6394886318594217,2.308559726458043,0.3121061404235661,4.190799135714769,0.308520819991827,-0.100787412084,-0.100556653027,22261.76492839011,15876.129768573315,5967153.41204
7.8813485968858,249836.1323028803,2.977028964087367,1.8033567946404219,0.4988089478574693,3.384243108332157,0.14299528910778464,-0.0439817040721,-0.043450124009,124059.9157443776,90571.26154104859,6202238.00098
6.184623708948493,69826.42337679863,2.18117638444528,2.8719993950799108,0.22294123470783234,2.6208931021392345,0.41099548754282295,-0.012815184044,-0.0123187314704,21375.949666684744,24247.322219460606,8743692.6176
4.175424437969923,521255.0388649106,2.4351929663680494,1.9694093191064894,0.40827414523810146,5.798693552613258,0.23750567259266975,-0.113271104759,-0.112536404599,74013.55714766993,59603.39441344425,8541587.0921
5.36062490940094,550551.7221987247,1.96577166672796,1.5765187167562544,0.349584704823792,4.8855427876114845,0.48582964376546445,-0.115897623507,-0.115402130528,76347.25479920469,35625.37584640998,10297805.1188
7.368071222677827,96780.07084876299,2.4647805048152804,2.5734665812924504,0.1832087952643633,3.6883407421410084,0.19067273577675226,-0.0175114851463,-0.0151759905928,37441.755727692514,13461.621453823745,13140958.3597
9.082618920132518,220540.02787917852,1.7633638666011393,2.1494340877979994,0.4373824204318225,2.299194410443306,0.34836376253515483,-0.038591656083,-0.0385116003207,10683.728692234165,24335.747018067137,2883942.8404
2.574915114790201,369623.6092597246,2.666947098914534,2.74762151716277,0.2751107879914343,5.1176447086036205,0.07512366804294289,-0.0846513481358,-0.0818360007548,66160.73212400828,19371.17878346288,15083391.5797
2.2897987691685557,5286.573618650436,1.7120887599885464,1.8628479363396764,0.3814072985202074,3.6141471080482006,0.17455962034873665,-0.0011882993827,-0.00117892572902,29.010690155531496,1093.5762194453514,579706.139288
9.353452452458441,454517.7089050412,2.718211054801941,2.29592070216313,0.19504950065165758,4.811482027173042,0.4458028102293611,-0.0787901866551,-0.0693680971826,136193.70793041328,23814.85382245948,29350004.1799
7.657547784037888,428314.3227919936,1.9203437897376716,2.0519717442803085,0.4706603654660284,5.199498254805803,0.09317870279774071,-0.0770902231825,-0.076935603767,32399.300129149895,4361.5813465070305,4981951.52152
5.0942202573642135,274395.1175361872,2.510172940324992,2.8362890761345625,0.28566704047843816,2.381220258772373,0.38644867674447597,-0.0554788199688,-0.0537592183355,92488.61981521909,1914.4612063424172,10672164.1337
3.88920986186713,153692.90616363287,2.2295332001522183,2.5846414547413588,0.25685844188556073,3.3098510652780533,0.11019024970009923,-0.0319495209436,-0.0311771151517,32312.011317730023,959.5089370540659,6451388.79011
6.44996474776417,305266.7934447527,2.386870094574988,1.5184917259030044,0.422890677023679,4.116570573300123,0.2851859104353935,-0.0596549644471,-0.0592887524328,69549.91395110244,56600.29987776785,5259896.14798
8.16313432622701,575220.4991877079,1.6819753353483975,2.781867685262114,0.1689725650474429,5.880745507776737,0.26874988093040886,-0.102598212926,-0.0996263733304,69927.03708749966,15967.041763425475,22583684.9497
1.1026712646707892,128333.54193717241,2.934554730076343,2.068335813470185,0.33090594708919524,2.7030867524445057,0.4358912281692028,-0.031094414125,-0.030287790202,26384.755805961657,20886.026841471667,4823699.49508
2.0424563167616725,492756.43341243267,2.0010599833913147,2.7105518393218517,0.44854543656110757,2.1965827643871307,0.1618721409700811,-0.114275664841,-0.113953598061,52709.17810004184,44542.11765306874,4574415.91188
8.472499274648726,41182.693652808666,2.6153323953039944,2.1834080829285085,0.26473726313561197,5.378277327865362,0.3177520199213177,-0.00683847256162,-0.00583890064296,43794.943848283554,4656.905460164545,7182055.26335
5.650530305691063,240821.00484520197,1.8167023742571473,2.5151541684754193,0.35997600900009274,4.611233733594418,0.22210496696643534,-0.0473314282932,-0.0471552839709,18875.59530167184,8983.475716675699,3510458.52246
3.7207448398694396,387707.81457424164,2.7998378919437528,1.6375948218628764,0.1720688990317285,3.808535072952509,0.39825381580740216,-0.0916114645293,-0.0805468972708,63994.57979769825,46444.38459446197,27997129.7562
4.769476662389934,342005.21651655436,1.57727364404127,1.9359845845028758,0.2336952964775264,2.8758835457265377,0.21043535782955586,-0.0726965489577,-0.0721219172156,31644.165779375413,5349.095483523475,6034864.41319
6.697994113899767,192773.93370866776,2.8530145618133247,2.9081534896977246,0.39681341284886,5.698182135820389,0.4942025326192379,-0.0349112315555,-0.0340917022834,80394.49312940589,5345.543837998447,7070167.0411
9.537296657450497,86884.730681777,2.1489134430885315,1.7442947938106954,0.3236319141462445,4.304977927356958,0.05885091843083501,-0.0139668378647,-0.0136162657591,41578.821447851544,6529.515284104261,4159446.2605
3.109002365730703,540804.0834590793,2.281615611165762,2.3644917123019695,0.4881145868450403,3.1116790398955345,0.33652159390039743,-0.120940427723,-0.120576850317,68529.49212049962,58860.28832527608,9468086.42626
3.165244173258543,172241.173312068,1.5026647439226508,2.887184295337647,0.3259539653081447,3.851186126470566,0.10107612945139408,-0.0372410076236,-0.0371127518339,9828.139275480366,6961.035786643532,1932091.21843
9.604101976379752,325353.7891432643,2.880943181924522,2.0069359447807074,0.16232582391239703,4.544473793357611,0.3786575426813215,-0.0579514470597,-0.0463881294449,62839.99107958955,11633.389256149409,30122684.5653
6.78211952932179,594171.6531291604,2.085828220937401,2.3402269827201962,0.4172578095924109,5.4679829105734825,0.16823063720948994,-0.110771642133,-0.110295096428,75523.09012385405,33924.786265304516,8099513.61491
4.843553550541401,145747.10726737976,2.297630409244448,1.8126823254860938,0.2522597712930292,2.1456345058977604,0.452018413040787,-0.0310153800234,-0.0299633675262,41027.97468008199,16521.29765491557,6762954.70503
3.6378522850573063,25043.329037725925,2.0202007312327623,2.111175084952265,0.29197619943879544,3.045128669589758,0.2643370444420725,-0.00498075115592,-0.00488143276524,8520.953174849745,7125.748112768067,2097120.18637
5.575218914076686,471125.690639019,2.5495106633752584,2.733169083483517,0.47595260101370507,4.347785621881485,0.4404103639535606,-0.0925951019034,-0.0920085589329,120202.78908027825,31743.38440561747,6664564.39659
8.414474720135331,446057.0063441992,1.8473682082258165,1.5679256524890661,0.199305165046826,5.647085342556238,0.11967428680509329,-0.0797851158131,-0.0776227920159,72745.61690818636,32131.81174879435,13472224.9629
1.9774342477321625,295287.71471232176,2.7221037461422384,2.5410669478587806,0.38738584374077617,2.9653714522719383,0.2755884997081012,-0.0679936533225,-0.0670256390177,58304.22356565605,47960.81045498952,6105680.70756
1.158235277980566,358613.18930983543,2.1666302396915853,1.6863042642362416,0.4831557572353631,2.4630864076316357,0.22659322549588978,-0.089350337645,-0.0892227081395,18979.623552075554,28048.26684917533,3366298.14713
8.23061797581613,212530.68018704653,2.4030702388845384,2.472304235212505,0.3169499533716589,5.140764430165291,0.393659043405205,-0.0368142485295,-0.0358928004779,66018.74639120672,76.22776671220628,7933822.65981
6.534768493846059,107777.31891721487,1.6071810778230429,2.226993430405855,0.3911683570127934,4.846286494284868,0.1523536626249552,-0.0203979005997,-0.0203663093096,984.8257900093032,18145.791132835235,1812823.59626
3.9626089558005333,558546.7580705881,2.9623010773211718,2.661107250954956,0.229066746821627,3.5396087542176247,0.3273836573120207,-0.121508074918,-0.111794254932,146939.1459270293,54512.28725451875,27630708.2877
5.012023199349642,512843.438051641,1.742935458663851,2.40953973820433,0.1784076032694429,2.6441352516412735,0.05104264672845602,-0.107478883467,-0.104711518576,70998.22761576537,7018.249767212507,15241512.5924
7.581541432067752,59730.9697419405,2.640660858247429,1.6933875270187855,0.3652807667385787,5.962463121861219,0.3442233584355563,-0.0107174350463,-0.0102809823111,50148.862347869814,26677.97177273792,4050975.86018
9.294732937589288,258234.57911610603,1.9393005995079875,2.9583313269540668,0.26902781338430937,4.042188860476017,0.21674363263882696,-0.0419738298137,-0.0415333041898,34455.181283513026,50888.37354346211,11065059.4234
2.2254721969366074,406658.97745639086,2.4441703548654914,1.8916662563569844,0.4545311633963137,3.3448651023209095,0.4880074235610664,-0.096092562842,-0.0957073007651,52934.06387064952,51906.807219868955,5433232.76321
2.499593279324472,118283.24552625418,1.8880362804047763,2.506904471665621,0.21083092833869158,5.857122201472521,0.3624227765016258,-0.0284866595882,-0.0279942836088,12017.750274381922,11719.08849126684,5811245.69276
8.999737379141152,566855.2044779062,2.4954450982622802,1.6048061340115964,0.3766914722975343,2.538721777498722,0.08920327969826758,-0.098355514297,-0.0971136653923,154761.99903154312,117724.61344408967,12563935.8703
7.303060167469084,315322.2285211086,1.6975426599383354,2.671903782058507,0.3027302507776767,3.458110075443983,0.4718185893725604,-0.0589615351755,-0.0587278620111,22001.682326165213,32251.05234241721,7281291.08636
5.302589911036193,162062.1996000409,2.6860883720219135,2.1692990167066455,0.4644918581936508,4.155323281884193,0.17657241579145194,-0.0318256753706,-0.0315282116848,47301.23906602778,26451.119002103198,3489264.55223
4.24222360458225,266359.9915802479,1.6555043128319085,1.7763511938974261,0.4276491241995245,5.035255707800388,0.42503390214405956,-0.0587854858843,-0.0587124347823,9945.12286423093,15080.963851691122,3002276.81612
6.240872238762677,417274.69582110643,2.9139446248300374,2.3734739650972188,0.24111988549120722,2.357474524527788,0.2515784177929163,-0.0827178520822,-0.0760024480016,163426.11069340026,45300.58286678617,21984868.3044
7.955432207323611,462557.99140781164,2.2091048369184136,1.9508262067101896,0.3371169918682426,3.653021529316902,0.2944891662336886,-0.0840966410903,-0.0831166447317,116834.92951696063,43238.847586475196,9237982.03086
1.4564917488023639,16330.217197537422,2.3605838986113667,2.94606925919652,0.15195230948738753,4.959619324654341,0.1288881026674062,-0.00265672217071,-0.00243252758565,2308.6728294338477,14384.913414463028,6568994.17001
1.692325479350984,529768.9178958535,1.8019518228247762,2.0195749746635556,0.2804010208230465,4.453245006501675,0.4029022596310824,-0.133597037824,-0.132848213668,67987.35467918929,8821.12217809124,8790071.7661
8.685300809331238,78854.35223579407,2.767507673241198,2.827693159226328,0.4436909118201583,3.1504236795008183,0.24548552688211206,-0.0126218757242,-0.0123152583238,48274.706920175115,25609.899036526404,4703829.58436
5.86468789819628,203822.25327193737,1.9689142336137593,1.8483926388435066,0.1891853377688676,2.8522521555423737,0.31465400187298653,-0.0416151079382,-0.0399710838115,43403.826428869455,5364.11360102416,9471340.47155
3.371455076150596,350049.8889014125,2.6007632282562554,2.2576645519584417,0.3538397016469389,5.533825244754553,0.13696840652264655,-0.0780522472247,-0.0768892830613,62675.9127714092,39130.289698836474,10216083.4081
4.557346551679075,379347.28525578976,2.128326404839754,2.7911960687488317,0.4016254013869911,4.650101039558649,0.35258079776540396,-0.0781960252055,-0.0777443199692,49252.2347840362,33136.97923172969,4839257.12019
7.047453125007451,230775.1877233386,2.255167655646801,2.1000002059154212,0.2179885853547603,3.9566794857382774,0.07079325248487295,-0.0426726218902,-0.0405273610981,64596.80843986915,12864.945712979526,10797885.953
9.885880128480494,49556.39485269785,1.5510101574473083,2.6221652277745306,0.4942082745488733,2.032347347587347,0.4761498054023832,-0.00822544582402,-0.00823189938624,33319.56218463441,51416.49756864368,2827493.26749
2.895550395362079,502816.56235456467,2.8326089079491794,1.5336794899776578,0.30647260542027654,5.354524463415146,0.20045886673033236,-0.130412540982,-0.126832007324,204562.0786042699,165329.01241993217,20366797.5563
2.8775011906400323,441246.69302254915,1.548012584913522,2.005592139903456,0.3867176983505487,3.1453459970653057,0.4300231218803674,-0.102240249065,-0.102091470907,19473.776665880112,23531.534601471794,3733368.75724
9.869872520677745,299853.40163111687,2.8354692799039185,2.8854438783600926,0.20001472402364015,4.467538043856621,0.2746041470207274,-0.0485715361924,-0.0412860113614,107441.01234492938,14769.582167176812,27913125.2715
7.065725757740438,20487.788692116737,2.1313225077465177,1.8138594310730696,0.4766516470350325,5.54345004633069,0.2864048969000578,-0.00374303081919,-0.00369356771209,16524.96098475606,991.0223353564656,1238349.12329
4.573131267912686,475944.1500529647,2.2523086750879884,2.3418250191025436,0.29131856961175795,2.8500135615468025,0.10895742303691805,-0.0994520334706,-0.0977135733193,115651.94130431178,47179.3122477926,10496901.3179
3.389677249826491,598991.4078265429,1.971730265300721,2.734681289177388,0.25159145509824155,3.9663046449422836,0.3819070829078555,-0.132463015826,-0.130005314271,77569.12463354724,44234.53372228355,13269260.7719
5.880523073486984,141190.86172431707,2.5977184544317424,2.112380800768733,0.41796753155067556,4.647862087935209,0.0977339222561568,-0.0266093031488,-0.0262643185277,52496.630730764766,23231.84238939878,3695746.74767
8.667336395941675,176805.58282881975,1.7991343103349209,2.5393322529271245,0.163024696521461,5.349446423351765,0.4483465942088515,-0.0308194095419,-0.0295227418794,21798.821219707326,22717.98177426126,14636405.81
1.6762330802157521,320544.1989004612,2.7705538272857666,1.566518905106932,0.32529649585485454,2.046640742570162,0.1720294619910419,-0.0778070633121,-0.0761995860851,64628.94455331026,67929.31407264438,11381923.2281
1.4374466398730874,253680.47039955854,2.2119221091270447,2.4682023539207876,0.4538307815790176,2.540510416030884,0.33350306563079357,-0.0605191906708,-0.0603322659093,23052.170345178773,23002.115084950437,2796148.20184
7.938222701661289,411481.1550825834,2.357537504285574,1.6817828826606274,0.26968410741537807,5.847092863172293,0.06185560650192201,-0.0723774164109,-0.0702696621561,109469.82946425496,74484.617934016,12176928.8476
6.260208903811872,508031.69310092926,1.652688420843333,2.6653856663033366,0.36594757633283737,4.142395727336407,0.4982710987795144,-0.100163207496,-0.0999255832004,20495.211522471178,31190.052043343472,5900109.57348
4.25914101768285,64292.93844848871,2.9169895383529365,2.2316698883660138,0.17769670849665997,3.464629892259836,0.2063529514707625,-0.0138517905951,-0.0109543045772,22010.2147013261,805.417041662547,8897220.00487
5.3220134461298585,112340.86900949478,1.6945463502779603,1.6980468188412488,0.22836653841659427,2.344547089189291,0.3974544408265501,-0.0234711769282,-0.023142622372,17880.158324456217,1401.8019112263485,3910909.71158
7.319890710525215,553734.021820128,2.6889471458271146,2.413869651965797,0.3918244906701147,5.041775405406952,0.222917967569083,-0.0988200952252,-0.0971907013011,192721.19898271593,93897.15250582322,11590262.9586
8.980639732442796,363433.80343168974,1.891033981461078,1.8872192613780499,0.3176169337704777,4.961407843977213,0.3240380210801959,-0.0632361851376,-0.0627347290556,64921.74494846605,9069.32259082857,6805583.94502
2.482436311431229,207977.5806516409,2.4925848548300564,2.9541893913410604,0.48244469948112967,3.6429923102259636,0.15559976543299853,-0.045829771968,-0.0455699443653,31099.207042574813,27537.27507707485,2798332.58189
2.2072494868189096,467075.6131410599,1.9364389758557081,1.600684585981071,0.15260977828875183,5.155249409377575,0.25482457424514,-0.129160735923,-0.122893898529,87179.83342459984,25097.43765657744,22980768.7802
9.278897225856781,11471.838690340519,2.4471695367246866,2.502448544371873,0.3364181186072528,2.457940760999918,0.4216882122680545,-0.00146664205901,-0.00122253334775,24617.311832612162,31348.26852684852,5067754.75499
7.599506381899118,271208.2056328654,1.7457985519431531,2.173642875161022,0.24041016288101671,3.5374223589897156,0.12521279109641908,-0.0496951738963,-0.0490949317911,39794.82628790092,11201.366978530301,7688373.66845
5.028116134926677,412748.9101141691,2.6376602849923074,2.6765605621039867,0.42831743974238634,4.855735119432211,0.298284617299214,-0.0823741859554,-0.0816023815549,114563.97348815856,39072.597288347846,18109584.9194
3.980658696964383,310795.7376167178,1.6102245999500155,2.3781593553721905,0.4651494873687625,5.9602768458426,0.07881265217438341,-0.0689687438667,-0.068927466775,7216.474419106126,457.16012848802455,4067592.24971
6.5507766380906105,166911.70893609524,2.959486654959619,1.780609221663326,0.3020312041044235,2.6535837575793266,0.37268639807589354,-0.0326359767634,-0.0306570198137,84702.83364167088,59978.59967453472,10021199.4307
8.21234480664134,113425.5900979042,2.1635881983675063,2.9415503893978894,0.3759819126687944,3.359349962323904,0.18738532192073765,-0.0189947576749,-0.0188861864566,12840.903117196547,48246.833009972404,5037885.29086
1.142450025305152,571371.5488091111,2.4058832810260355,1.9467103807255626,0.21149907307699323,4.037043333053589,0.461098350211978,-0.148062344573,-0.142128899601,136585.6578221326,58706.034606379224,24620802.5813
1.9580101761966944,54403.749480843544,1.8504101322032511,2.82628390006721,0.3071836625225842,4.534514296799898,0.0745921309106052,-0.0122011832825,-0.012220158825,3231.2444793060163,8040.134153438373,2643062.14373
8.397643640637398,498287.6306399703,2.719290586654097,2.017854224424809,0.4935412934981286,3.8527847602963448,0.3489089252892882,-0.0868406885201,-0.0861664857379,170786.34026767316,92123.09760480326,8394112.14075
5.594317097216845,383865.76641350985,2.017157427035272,2.2588613354600966,0.21733245104551313,2.152328621596098,0.1971166058909148,-0.0784428570842,-0.0762995245332,63919.45012566026,8162.743897947029,12913478.806
3.655009789392352,225919.95522379875,2.5523253036662936,1.8499252321198583,0.4023256091400981,5.4550012201070786,0.4793993992730975,-0.0505330919104,-0.0500708835601,40501.044773991365,35271.43579817068,6004162.03822
4.86259919591248,198966.0294726491,2.082964976783842,2.101584297604859,0.354550595767796,4.354480095207691,0.2347687167581171,-0.0408839503095,-0.0406205240824,26863.600494409377,6876.563987391476,5380944.2094
6.799329571425915,354569.9514448643,2.3006308316253126,2.7923756861127913,0.18851852752268314,3.0321466214954853,0.4137186031788588,-0.0681017824779,-0.0635756054746,82852.17140422978,10510.099568514352,21028594.5313
9.584764774888754,525240.995362401,1.5055265966802835,1.5319186854176223,0.44303461713716386,2.955411598086357,0.14723545545712113,-0.0922308395587,-0.0921520977823,15068.44038370505,9553.320315888288,3707427.03402
3.14832622371614,83700.1433596015,2.87794422917068,2.6208303552120924,0.28110140198841693,5.648684334009886,0.30426681344397366,-0.0182420903228,-0.0171395272341,23420.935073906734,5752.11864978111,5844284.92784
3.0896300273016095,329197.59191572666,2.1458687195554376,2.6278591244481504,0.20481594796292482,5.388206947594881,0.13321764022111893,-0.0746018300715,-0.0721964220759,36314.728110581666,2684.657320595095,16527909.3478
9.520414381287992,187145.1174840331,2.2844316931441426,2.216485071927309,0.37102158493362364,2.1948919370770454,0.2901734688784927,-0.0312167008973,-0.0307783752741,65733.85304177988,2089.7026922101018,5762536.16699
6.71714302431792,132523.15688878298,1.5803198483772576,2.4588769180700183,0.29740149271674454,3.801931869238615,0.24882096988148988,-0.0250187219107,-0.0249765368843,942.228573255084,24074.61457390482,4057503.14342
4.786581830121577,588638.7012898922,2.8501970996148884,1.6501157213933766,0.45950293601490555,4.624246582388878,0.4278051902540028,-0.124197526334,-0.123334829949,172134.7379375118,119931.11283586442,21107504.7396
3.739806813187897,486685.9557107091,1.8195627853274345,1.9016717900522053,0.4336206915322691,5.691579766571522,0.1830919241998345,-0.110335394413,-0.110228388211,30250.030237744006,25735.178263252452,16332963.4403
5.667722410522401,28226.233273744583,2.7968403585255146,2.9924484891816974,0.2467476949561387,2.888895560055971,0.4652854553423822,-0.00468401579591,-0.00383569045755,28224.66471810188,27725.73282295196,8129669.44674
8.453179541043937,289097.30203449726,1.9982010419480503,1.7304465360939503,0.3424023368861526,3.1216078251600266,0.08863751757889987,-0.0513630175853,-0.0509603029171,61283.10400936685,18462.90197493094,5348292.23349
2.0255214357748628,433495.09444087744,2.618328537326306,2.422462800052017,0.1568991537671536,4.3032879345119,0.3629749129991978,-0.108274770771,-0.0964733235764,56528.58947675145,15409.835921534794,32982303.9898
1.084432159550488,215720.41511535645,1.6848341482691467,1.7990150400437415,0.27445315229706463,4.797027997672558,0.20149937313981353,-0.0660364327107,-0.0658116655608,17212.299869241106,1077.2236522561977,3364110.77838
8.147316618822515,374180.2850738168,2.931558459531516,2.303912197239697,0.43808146058581765,3.6193838752806187,0.4751231391914189,-0.065544891294,-0.0643493862785,183470.32970589385,82347.27881350985,9894662.65517
6.467912296764553,545987.1707484126,2.2266729958355427,1.973538687452674,0.1839183509815484,2.3833146691322327,0.06474677175283432,-0.109393772887,-0.10307998174,115583.92325777675,35408.05384855475,23543739.2697
3.905319661833346,101589.23082053661,2.3898678347468376,2.876458856742829,0.3489165561739355,5.19001954421401,0.35864111869595944,-0.0209351860293,-0.0206285530107,15638.036841588904,3340.865178374825,3819359.86154
5.112218198366463,74637.16696947813,1.9172974457032979,2.5779775413684547,0.4076166829559952,4.11866557970643,0.13930624295026064,-0.0145201828157,-0.014481973809,1733.6190385213683,17285.567527613926,1975855.4516
7.673607192002237,516689.49387967587,2.512990262825042,1.5806309189647436,0.22364011448808013,3.3003717586398125,0.3123025398235768,-0.0980777774548,-0.0925558425219,126271.39591002329,91611.84025632993,22675517.7562
9.335128623060882,401132.92783498764,1.7151337238028646,2.742933933623135,0.4995186743792146,2.6886321268975735,0.24073809445835653,-0.0679516732293,-0.0678742652627,31166.483564049184,68555.8040893374,4119363.33508
2.2740657860413194,245017.53095537424,2.7153952131047845,2.1451667197979987,0.3114378287922591,5.885982871055603,0.4076360664330423,-0.0609022656742,-0.0593576398562,93407.48638212263,42818.56457507484,8616968.7016
2.5558526050299406,580076.8671557307,1.7605493939481676,2.2916501071304083,0.331606162013486,3.382485270500183,0.2818265429697931,-0.134364661802,-0.133785792404,36667.61335660611,43257.118195762974,5883368.83511
9.065426278859377,123813.90742957592,2.6699905707500875,1.8581750127486885,0.16831643790937958,4.20091974362731,0.11342261792160571,-0.0221372213961,-0.0173081399679,47441.40237648709,4908.828961768912,15556355.5812
7.387391492724419,158220.68452835083,1.9685846585780382,2.840393061283976,0.422223700536415,5.811529271304607,0.4396728943567723,-0.0285223931487,-0.028445578853,4549.977411472732,33147.82265156163,3480255.66249
5.377560326829553,300420.57428508997,2.4617384131997824,2.0565023766830564,0.257569503551349,2.614343050867319,0.26506088841706515,-0.0617102576105,-0.0594054585324,79649.56645982953,37613.546928178104,11370077.6167
4.194797312840819,423467.3961997032,2.184175527188927,1.5229365276172757,0.2863674157764763,3.701177056878805,0.456080220034346,-0.0935507087278,-0.0923874490727,72515.06412053581,56674.62593247428,9657333.48901
6.201506521552801,278924.1934195161,2.432331303600222,2.5887740501202643,0.4700040649157017,4.878992140293121,0.16418267041444778,-0.0518600244344,-0.0515535169109,60914.47217208958,13949.834573025568,4078661.4393
7.862199150025845,767.6644250750542,1.6364880194887519,2.0636686119250953,0.19438268714584409,5.115886274725199,0.3757421185262501,0.00039807481044,0.000414171515695,3774.5938778839277,19585.712778873865,5083690.67921
1.3552667815238237,459372.7972358465,2.979892018251121,2.7775341477245092,0.3821181893814355,2.309315614402294,0.1040053938049823,-0.107632894829,-0.105339841603,112062.81321649783,91428.60552629559,10384696.1014
1.750327168032527,91411.65185719728,2.049464645795524,2.182238887064159,0.4887828991282731,2.806656789034605,0.49051698255352677,-0.0218400042029,-0.0217991206936,6008.932756043415,6315.767737386479,983540.138929
8.751444611698389,535954.7160565853,2.56705307867378,2.708957426715642,0.322922188276425,5.609450861811638,0.21422044802457096,-0.0880897010964,-0.0855432833564,165580.5123072366,49702.906439856546,14965141.7899
5.947345525026321,346862.44167387486,1.8649562993086874,1.638940820004791,0.396114533720538,4.377622652798891,0.3397574028931558,-0.0703357665118,-0.0701510237547,41434.15857543065,16400.92017325241,3899401.7326
3.4459019247442484,188257.4474439025,2.7514135600067675,2.5169039256870747,0.2343527594115585,3.1960157826542854,0.05549497664906085,-0.0407264332526,-0.0378304732859,57610.02015010622,21698.01599482383,9714563.58988
4.508092066273093,236303.5250455141,1.5319973286241293,2.9098860807716846,0.17273704833351075,2.112973675131798,0.3285821516998112,-0.0494630956214,-0.0488362113901,15180.081775698936,18519.589870250744,11454317.6817
7.007718335837126,392566.623352468,2.89855426736176,1.9373820810578763,0.35926645393483336,5.306367885321379,0.15116900843568148,-0.0712266345438,-0.0693194189788,138441.5148593074,112831.0935706228,11902919.4773
9.79454392939806,487908.07742625475,2.103393407072872,2.3629716862924397,0.2640382236335426,4.6982607915997505,0.3878803083207458,-0.0804305657254,-0.0785721864832,97600.27863419724,1791.5721557786712,14741400.6402
2.794625835493207,45708.04908871651,2.326917318161577,1.7430855436250567,0.44920307290740313,3.8760499842464924,0.23238580077886584,-0.0104904402819,-0.0104232999765,8695.373997131142,7904.754586276692,1209863.70444
2.7234879778698087,180523.59391003847,2.0075020319782197,2.3912696479819715,0.3213246085681021,2.3283766619861126,0.185624460503459,-0.0405716370425,-0.0403066542834,18774.156634953855,936.1348391522632,4020091.68209
9.725061430595815,334367.9867684841,2.6090500219725072,1.700121883302927,0.4849534566514194,5.02571927011013,0.46276340312324465,-0.0552169135408,-0.0547901570548,116357.21376456607,70050.69892953329,6474336.82955
6.938214312307537,585898.9600092173,1.8109659422188997,2.9752171291038394,0.2354895520955324,4.977456200867891,0.08413775865919888,-0.107694888162,-0.105868925536,90688.25281722884,4311.9429922666795,12969292.5011
4.436967016197741,136741.4927110076,2.8053695764392614,1.8866822202689946,0.4004882188513875,3.659170515835285,0.3674847804941237,-0.0286943329304,-0.028209517211,60513.44830164509,33450.66114853065,4339259.15632
3.5170519025996327,34788.32133114338,1.5830980748869479,1.6694997330196202,0.360744540207088,2.5253090113401413,0.12343090199865402,-0.00763386488022,-0.00761222459299,3129.7004896149406,3339.381873581489,792507.075052
6.016825190745294,481602.46219486,2.8473963090218604,2.477573032490909,0.17676876187324522,5.832020830363035,0.29994323207065465,-0.0975100553809,-0.0852784546068,137386.54643111618,24955.853011782554,30306622.4491
8.820937084965408,436321.74152880907,2.142374857328832,2.245344791561365,0.44794678157195444,4.157475061714649,0.2601286513730884,-0.0747540295511,-0.0744367751152,76643.86724662536,5015.774968697374,5367237.1008
1.8214556211605668,284819.52622532845,2.287993091158569,2.6546576558612287,0.25986681478098034,3.4798239953815937,0.41648015822283924,-0.0667872458979,-0.0653832213776,34861.75635091501,13858.670637801604,8938543.70329
1.2835707562044263,369092.2139212489,1.729544478468597,2.129354427102953,0.16957088755443692,3.9823607802391052,0.14206196670420468,-0.102057653228,-0.0999764063522,35127.13924401484,5336.551025358808,16091847.0112
7.793274282477796,222277.9255360365,2.7009611567482352,2.726525296457112,0.33577606296166773,4.664032515138388,0.30956422025337815,-0.0383704164666,-0.0370737411745,100851.23482290104,6501.901358949194,9246952.75159
6.132560129277408,97306.87737464905,1.902183169964701,1.5509483870118856,0.25608957558870316,5.333268217742443,0.23646146766841414,-0.0191595304882,-0.0188142543319,23678.97790218922,7401.642296088304,3616024.68377
4.123114095069468,548809.2401996255,2.5281742424704134,2.546142268460244,0.4181904790922999,2.0305923856794834,0.4119296146091074,-0.117371708736,-0.116382822453,156971.96491507362,52937.9625976535,9035009.63673
5.449250769801438,521855.31109571457,2.2477903570979834,2.9038995089940727,0.4688664423301816,3.160418029874563,0.1919358206912875,-0.102725220735,-0.102300233309,87145.6828186629,4756.84416424155,6021277.52693
7.4563301568850875,68011.06575876474,2.3687736857682467,2.0017562862485647,0.2819925669580698,4.482739448547363,0.4846766367089003,-0.0124122417319,-0.0117711304469,35523.33482380638,1441.0510419860111,5283220.18782
9.134377750568092,249231.2891408801,1.6644316180609167,2.321785588748753,0.38371493918821215,5.528255943208933,0.07627758705057204,-0.0414501615402,-0.0413639721939,6506.556475955895,28220.447602380937,3516395.7422
2.6275215232744813,398388.60891759396,2.951891196426004,1.8192217745818198,0.19821096593514084,2.83493422716856,0.34709976566955447,-0.0968881562329,-0.0866194662388,53733.18803120041,56920.105246035346,37309428.0629
2.343547312542796,126700.06155967712,1.621968881227076,2.8094666060060263,0.4364429894834757,4.33830975741148,0.446516406070441,-0.029370032467,-0.0293525791185,6734.85520410797,4426.417933242278,1765805.16732
9.406267587095499,575712.1184840798,2.9943893970921636,2.0932652237825096,0.270581822283566,3.0160903967916965,0.1737359466496855,-0.0967973921721,-0.0892165495435,210774.08163705087,109124.58203025704,28705992.3222
7.744733214378357,306895.68500965834,2.1994560775347054,2.605279872659594,0.35001246267929675,2.9714598655700684,0.38727315510623156,-0.0554002343454,-0.0548102777195,64444.42371224431,14153.15494765551,7709913.25456
5.181721115484834,153196.70252501965,2.4171190937049687,1.5386629002168775,0.18825014336034654,5.6648626290261745,0.09246430229395627,-0.032457243538,-0.0292161862267,32825.41191134422,24262.485357538153,11827156.5787
3.835843315348029,276243.9591810107,1.9475870802998543,2.0363813834264874,0.22507764315232634,4.5193128027021885,0.2845820052083582,-0.060740383474,-0.0593331760692,33880.348111708714,21281.783575532372,7584241.10653
6.396759133785963,427598.75915944576,2.482757840305567,2.822422305587679,0.41160617517307396,3.8377128168940544,0.11068407706916333,-0.0788297362526,-0.0780004354634,109867.41591055381,27449.56985080591,7618593.03969
8.07618484646082,452664.29632902145,1.7807970489375293,1.830043155234307,0.3101409850642085,2.1674080453813076,0.43539648884907367,-0.0845816789583,-0.0840753836809,59669.740031997724,8030.309927133341,7217746.50211
1.0149428714066744,5997.570790350437,2.6496746647171676,2.264112090691924,0.49530503898859024,5.470195233821869,0.2693546981085092,-0.00165630086203,-0.00162746772027,6707.227683479014,376.01736162132187,552395.921352
2.0944453310221434,540090.6566530466,2.094018410425633,1.7581722987815738,0.3723195910453796,5.976333070546389,0.31879520560614766,-0.147969220414,-0.147433159836,90377.86441062728,35961.414725502465,7234867.77411
8.524876672774553,88735.99525541067,2.33631633175537,2.380117126274854,0.20903041195124386,2.669754095375538,0.16093860398977994,-0.0152993263753,-0.0138269626512,40681.861630071166,19255.368044041923,10970955.4568
5.739406600594521,193491.93144589663,1.5406117178499699,1.9678039192222059,0.45806656973436477,3.3431716673076153,0.39918815745040775,-0.0397764026567,-0.0397408367863,1607.7621538563453,14162.680049319004,1740670.2498
3.8087520990520716,340158.51840376854,2.8898708894848824,2.9409933127462864,0.29341282909736033,4.020995065569878,0.2210609766189009,-0.0715185389738,-0.067655582017,97677.50611307738,54138.34643277918,12945602.676
4.717646485194564,388206.4523175359,1.8622406800277531,2.4901911355555058,0.24565329505130648,5.170321352779865,0.4930493109859526,-0.0818630802983,-0.0805883676129,42218.40303253261,20348.078648892046,9190772.37974
6.64544939622283,239194.25681233406,2.754105251748115,1.6099837361834943,0.4292907395400106,2.4731422550976276,0.21169822816737,-0.0462034433102,-0.0456207245601,101023.17167806177,77133.20426534391,6402962.00261
9.448742143809795,40688.64472210407,2.0529295625165105,2.690347053576261,0.15853913147002457,3.5222283452749252,0.33525781161151824,-0.00630877176625,-0.00536363802508,18947.374099060467,20907.94070054142,15060597.0178
3.0206817407160997,494387.76578754187,2.563657240010798,2.1627575112506747,0.34627550728619094,4.840655695647001,0.060005052015185356,-0.11261249459,-0.111095130689,60163.67928307654,49881.396756924114,12489784.1735
3.217279807664454,293437.871709466,1.7847010027617216,1.5829790406860411,0.489679977716878,4.071359444409609,0.37739375871606173,-0.0678121741507,-0.0677566875943,15184.572046707348,18681.19986674163,2714968.64055
9.656440163962543,446769.56590265036,2.7849653754383326,2.555104491300881,0.30553250820375977,3.252951331436634,0.10223026471212507,-0.0712927688227,-0.0677825058636,196613.92844010165,45799.200377306646,18516417.8073
6.871017902158201,472970.9492996335,1.986913540866226,2.1441760193556547,0.4066674157511443,2.736060332506895,0.45086518973112105,-0.0916738146589,-0.0913347134416,63187.06623164235,5514.84847857988,5599645.21422
4.931531389243901,24326.180666685104,2.5826035193167627,2.764415319543332,0.21841567433439193,5.933281227946281,0.16949350922368467,-0.0041585329825,-0.00333420568373,10240.703326123004,5010.925556695414,6285527.1021
3.586069800890982,147373.00593405962,2.1102276546880603,2.313555921893567,0.19251803397201,4.7507059648633,0.44134470392018554,-0.0326101312895,-0.0311051449663,19338.87839474334,4569.134076716563,7664969.42135
5.522636058740318,593674.4548380375,2.2734253769740462,1.786458833143115,0.3559754412155598,3.572932470589876,0.2632930557709187,-0.121269326252,-0.120237906616,134891.96452299974,69425.44522989854,10220994.1874
8.325941211543977,323723.3240157366,1.5683460705913603,2.8652771981433034,0.2768977808300406,2.42975877225399,0.2766316837165505,-0.0574502926049,-0.0573482921571,865.6370358067035,58936.29560982774,9335339.56561
1.8890831293538213,172733.8006719947,2.815067543182522,1.987667249981314,0.44172509019263084,5.236348878592253,0.11874075150117279,-0.0533221476342,-0.0529289023491,66267.0058125433,33038.24910972223,4110487.63826
1.21194461081177,406168.7797307968,1.8817562595941126,2.9845655425451696,0.34061989937908943,5.7390001937747,0.3931643024086952,-0.105612147842,-0.105312764037,19213.618834145203,26146.444189265094,6682936.62155
8.283479730598629,259867.19224601984,2.501886593643576,1.9183723591268063,0.15391779863275587,2.9362016953527927,0.22719804435037078,-0.0490494376552,-0.0419021458302,45426.936388968876,6057.79370238225,21918995.3869
6.621924503706396,60225.7339283824,1.7030749088153243,2.4288191674277186,0.4243160929065197,3.074309468269348,0.32677975040860474,-0.0114468480327,-0.011437190915,7605.419041915967,28371.899979272177,2037077.4938
4.050131891854107,511215.3958529234,2.6803495986387134,1.7153296773321927,0.23898381083272396,4.255859728902578,0.1528474916703999,-0.113061891574,-0.106642600764,108504.00174383815,91642.59025579765,25998310.2193
4.958618515171111,559261.4723369479,1.649886970873922,2.212922275532037,0.2976885688956827,5.4346583522856236,0.3450478351209313,-0.117711350251,-0.117059824288,47533.773586467134,35244.89277093451,6279308.80741
7.528383511118591,105929.91672456264,2.9197670607827604,2.646041708998382,0.4640651016961783,2.241213969886303,0.05032824790105224,-0.0182845904693,-0.0178720329099,74936.25555436764,2320.850578965699,4745123.92797
9.20775296445936,211820.550262928,2.2154843006283045,1.6550244055688381,0.2153595602605492,3.7556025348603725,0.4887210177257657,-0.0374853991093,-0.0353203980326,69275.45487862488,21634.56209059846,11742998.1355
2.1377648087218404,360465.1803150773,2.3540443908423185,2.4392911358736455,0.3776319046039134,4.57780247926712,0.21591996061615648,-0.0831930368696,-0.0829352471888,51681.2978538383,40203.6180855777,34189971.376
2.4107619617134333,14591.452293097973,2.172986463177949,1.9295248864218593,0.2658660143148154,2.065667450428009,0.09035720038227738,-0.00282058474941,-0.00266918349035,8792.031706973125,1682.514040336259,1747698.02056
8.911684975028038,463090.80831706524,2.3965074908919632,2.9265151326544583,0.4522245240863413,5.2589475475251675,0.3611587779596448,-0.0762631175982,-0.075712051819,85951.84789600493,12223.26930426849,7794831.63026
7.250957477837801,419018.02718639374,1.6015419261530042,1.7495534881018102,0.1820817430038005,4.745689086616039,0.17783550238236784,-0.0800489263795,-0.078531305865,51701.481527084055,7964.773000341719,10992466.6295
5.2503262888640165,265831.7456021905,2.9681017035618424,2.347697462886572,0.36707569123245776,3.9233482517302036,0.47066558063961567,-0.0533179574969,-0.0518042745511,115020.11580460837,60149.89244949696,9024398.05848
4.3308188039809465,163878.99667024612,1.7484909477643669,2.7055577002465725,0.39586755358614023,2.7603348456323147,0.2505342145450413,-0.0342806136952,-0.0342168300158,1435.6314335092231,22033.33439510265,2572936.64608
6.329152010381222,314721.1069241166,2.634945325087756,2.200304166879505,0.22983594690449535,5.562999367713928,0.42596802753396334,-0.0617262737862,-0.0577754255921,75163.56909061129,28307.025590537272,15560741.8603
8.007153000682592,565042.9917499423,1.9330423884093761,2.5218784217722714,0.4782846400048584,4.424066666513681,0.12795478194020687,-0.099809824374,-0.0995954751646,37730.806127799304,18638.75487379453,6056483.74632
1.509145950898528,118888.95593583584,2.4506336599588394,1.6193350134417415,0.3163519646506756,3.242345206439495,0.2955325648188591,-0.0291872593035,-0.0287917204355,35636.30759701014,17901.877071757433,3142781.61035
1.6050991956144571,502208.42231065035,1.5200231820344925,2.591193689033389,0.2041759471874684,3.7485973946750164,0.24609013115987183,-0.121385180728,-0.120741613246,14711.96224177124,2772.9609491705196,13942187.0499
8.597840636968613,51366.45957827568,2.863424342125654,1.5000377255491912,0.3879834973718971,4.92629836499691,0.4024073040578514,-0.00895367899456,-0.00842692443216,64049.7206404564,45171.88648181252,4777928.68577
5.811048839241266,231378.74342501163,2.0677534262649715,2.7767008119262755,0.2872766703832894,5.0685880072414875,0.13746245014481245,-0.0436850151575,-0.0430683582002,32318.454192105604,2582.1579883604536,6522340.57786
3.3185305576771498,377532.6317176223,2.3159120860509574,2.0850384207442403,0.47518306844867764,2.2618873193860054,0.3140503095462918,-0.0844809019751,-0.0842183869848,64888.92139939209,25044.62547680984,5747262.6332
4.644250886514783,350580.5689841509,2.0381775135174394,1.867936042137444,0.4135840049479157,3.4289367645978928,0.07007863908074796,-0.0734502539588,-0.0732234412651,44694.363262074556,20684.15659880599,5500147.44237
7.135226495563984,202081.0654386878,2.531328429467976,2.2789308303035796,0.25046518188901246,4.2472416870296,0.3534050598740578,-0.0375869697887,-0.0354617119032,79125.50308544152,10636.455201158806,11253418.8165
9.939360450953245,78319.10569220781,1.8300934326834977,2.0453407424502075,0.3291160968597978,5.765199847519398,0.19963540928438306,-0.0124251979148,-0.0123118804944,17201.038401194735,18797.25634089577,3385354.22427
2.948642333969474,531505.5347979069,2.7395374928601086,2.8544558119028807,0.16463279570452868,2.5678990371525288,0.47686361414380374,-0.123281592978,-0.110563100413,92575.85132015956,6683.61355919393,34349483.0154
2.9248936865478754,139659.8869934678,2.2344435062259436,1.8378107179887593,0.36403675442561506,4.607662618160248,0.1404399745631963,-0.0320298987072,-0.0317959044597,18371.599275757737,13374.438459180426,2811917.0942
9.99716691672802,581786.0975861549,2.3818912971764803,2.271159033291042,0.17903208332136272,3.7853117547929287,0.31107634911313653,-0.0975859472127,-0.0885422529204,105877.98889153918,10446.191621173795,33528801.194
7.158717919141054,336114.21547830105,1.6807027920149267,2.030233282595873,0.4552524400874972,2.2095513865351677,0.24203637875616552,-0.0647893466842,-0.0647064776835,9286.540791600517,17832.06616277535,2797941.3617
4.5867021810263395,179926.07485502958,2.9358499771915376,2.814088025595993,0.26888329088687896,5.402845326811075,0.406464566802606,-0.0368744736003,-0.034014620374,35198.12874896944,22728.511362096626,10309037.5885
3.262938590720296,281878.5320967436,1.7221946893259883,2.609402486588806,0.3194015819579363,4.288652416318655,0.2039381628856063,-0.0620250838226,-0.0617199772169,14677.868009437434,15929.662882588707,3504711.51213
5.832583390176296,440411.9996353984,2.70817397441715,1.543529737740755,0.4813236178830266,3.106947422027588,0.4725644312333316,-0.0893808561912,-0.0888645239973,131934.85285572466,108905.32056324386,7418842.59576
8.653209712356329,479833.06143432856,1.9124565669335425,2.8040680987760425,0.2268187114037573,2.905516628175974,0.06735011585988104,-0.0829625024121,-0.0812996002534,77306.4557306539,33104.713885247606,17429545.1107
1.5837880726903677,35362.66386508942,2.5180371017195284,2.090075068641454,0.39283959520980716,5.708160869777203,0.35613710014149547,-0.00918115275774,-0.00907057370596,15370.186443851651,3243.8995744081567,1343806.93578
1.5567738357931376,552922.3909601569,1.575662097427994,2.6884443196468055,0.4775384525768459,5.206608187407255,0.1801572535187006,-0.156476577765,-0.156387950044,42483.85936186048,51557.989905332804,6016049.20452
7.995779663324356,94388.78484070301,2.854694599751383,2.161576112732291,0.2896426939405501,2.3999281972646713,0.468340473389253,-0.0170342926502,-0.0154385026304,75246.65418583911,12492.385921854402,8586696.98814
6.2811977006495,222875.16966462135,2.152746601961553,2.4904860304668546,0.38563913274556394,3.604715932160616,0.08564772834070028,-0.0418444826537,-0.0415485106264,41329.78455163423,1964.7024803110523,4177975.00799
4.342518029734492,367345.7058146596,2.2777597485110164,1.6124640950001776,0.20184230543673037,4.782400019466877,0.36586494753137233,-0.0814336401034,-0.0773852278296,53090.59513759482,40631.89349931453,16866180.487
5.2639135885983706,394298.630207777,1.994252813514322,1.9578159400261939,0.16226672977209092,5.900613710284233,0.1324669355992228,-0.0829021772938,-0.0773162723389,50446.291741958055,29119.879913513734,21299706.4722
7.20111496001482,252172.558195889,2.622070716228336,2.930261825211346,0.3267607538029551,2.70329911634326,0.29101706175133585,-0.0454399064723,-0.0441092153955,88600.41805880895,9522.821601164074,10355792.3896
8.897805582731962,67436.42147630453,1.8271502126008272,1.769424906000495,0.25279886471107604,3.28375918418169,0.24801514502614735,-0.0116697492917,-0.0113715536124,23930.45507998719,6661.455770314417,4602745.86543
2.460896035656333,523624.4235187769,2.7894131150096655,2.3891606661491096,0.4159283271990716,4.102074075490236,0.42848380128853025,-0.119977654772,-0.118702400164,96207.24210250477,75236.16649961124,10419423.5026
2.193356708623469,151432.17220902443,1.8696369607932866,2.24268711078912,0.21597488205879925,2.5977296121418476,0.33085249285213647,-0.035144043231,-0.0344068991336,16452.427045041204,7422.577533815689,4372445.23836
9.186218346469104,307474.90245848894,2.746938925702125,2.6541854389943182,0.4042159005999565,5.794940538704395,0.14877145346254111,-0.0477028912024,-0.0466720981796,131206.3292916066,31968.53428489744,8321649.23645
7.4730145027861,572775.4225954413,2.042609673924744,1.6705037984065711,0.30796227967366574,4.2155476324260235,0.39020576803013685,-0.108700127899,-0.107616826945,116844.5213639608,48121.96752102192,11020933.9767
4.979929705150425,130794.62237656116,2.573747889138758,2.479298433288932,0.49209910975769156,3.397153303027153,0.23015322932042181,-0.0260265064966,-0.025846324128,41862.98685325317,4496.454416144538,2721921.61102
4.07388047222048,7748.652063310146,2.107318769674748,2.9659848120063543,0.4441765629686415,2.2946485355496407,0.4914822638966143,-0.00113120131695,-0.00114684860678,8852.772902342755,27850.195289881685,1943575.83664
6.564117970876396,452071.6343075037,2.3231522287242115,1.875240835826844,0.2793386141769588,5.101255524903536,0.2131554119754583,-0.0866506095459,-0.0846613946456,114898.69141206385,56433.35557765394,12044945.6271
8.259988374076784,430521.4338004589,1.5243870355188847,2.4018123694695532,0.3535563502460718,4.895583733916283,0.34077780446968975,-0.0776653074755,-0.0775254433698,7377.675569720847,31229.453352368615,5039883.79577
1.2694933833554387,272135.3815868497,2.9059586003422737,1.7099210964515805,0.1900882201269269,3.7177895419299603,0.054594922438263895,-0.0968290440969,-0.0867455951162,120468.09078969031,72544.73775671505,24493814.762
1.8754957625642419,339579.5937627554,1.9607912376523018,2.3303088136017323,0.2421082379296422,3.212635986506939,0.45560738472267986,-0.0808203368955,-0.0796693919229,31487.572296375587,15187.434711690976,8497298.13915
8.375783662311733,195256.75904005766,2.4696920849382877,1.8255588202737272,0.4274511594325304,4.394206527620554,0.16475483127869667,-0.0336030644912,-0.033240227093,66201.19670195434,36259.63737583015,4531408.55752
5.536515518091619,84641.16398245096,1.764657839667052,2.8970415224321187,0.15080439103767276,5.594812393188477,0.37510473052971066,-0.0161745975727,-0.0155058271222,6019.5258252895665,1023.0731428085377,10387670.1615
3.535935794003308,543027.0686745644,2.6656761872582138,1.9941776795312762,0.33751721465960144,2.79199742898345,0.1045228635892272,-0.119719733914,-0.11771580032,134302.47204040104,90090.40860378409,13878460.4412
4.883903437294066,494980.71167618036,1.62944991979748,1.554316054098308,0.37449679570272565,3.890710297971964,0.2791697432752699,-0.106058979359,-0.105898076168,31041.104555547947,11100.255706169524,5734912.51745
6.882391172461212,38937.83390522003,2.987136167474091,2.5517182876355946,0.2122351742349565,4.712896399199963,0.11620620228350163,-0.00689909595939,-0.00464476768358,37061.53003266947,13505.71728916691,10370855.8158
9.70439454074949,243302.53712832928,2.1890392717905343,2.1246650903485715,0.4671678274869918,5.289786871522665,0.4368515403009951,-0.0400890858376,-0.0398931953576,48098.63458387464,1542.5238023878117,3753301.50271
3.2055806489661336,385283.4848687053,2.427307375241071,2.7225801832973957,0.30080193411558864,2.096352517604828,0.2677897833753377,-0.0848499749997,-0.0831925033693,101840.83306404005,26353.773284511015,10180958.8335
2.998287944123149,27249.14811551571,1.6601156643591821,2.5287421750836074,0.18512575798667966,2.8666251823306084,0.3946742855012417,-0.00527075443259,-0.00527723432124,482.22673928653643,9581.980052143757,3989821.69018
9.50739062204957,468862.6689836383,2.909402111079544,1.626919386908412,0.34687735443003476,5.560040596872568,0.2255781979765743,-0.0761821597974,-0.0736464436935,199304.61679258323,162429.55632877225,16289759.9545
6.668100416660309,448520.3767195344,2.2081799302250147,2.6970402421429753,0.27369518815539773,4.452908158302307,0.32131255683489146,-0.0844358246454,-0.0825421486051,98219.30878573062,10375.711995861746,12467796.957
4.658740246668458,292844.9258208275,2.361485732719302,2.1939728879369795,0.43954571592621505,3.1306799612939358,0.1584245485253632,-0.0605322723841,-0.0602030803579,51868.64275177636,23976.978790027697,4197266.17789
3.7522833850234747,169797.38865047693,1.8977059260942042,1.754237147513777,0.4984401061665267,2.061309639364481,0.33293434218503537,-0.0380016287533,-0.0379533927838,14693.951523047881,1524.478480343542,1726267.96153
5.759620230644941,327818.1552886963,2.485706972423941,2.351636898703873,0.31326541281305254,5.364075355231762,0.06233187755569816,-0.0624875839311,-0.0610169517408,98700.9683012635,53002.03186073535,8398663.61307
8.581568278372288,591909.6272438765,1.6900488501414657,1.926151541993022,0.40850349110551176,4.631272491067648,0.4977570647373796,-0.10733672722,-0.107133956475,42625.51254104538,8052.109646260967,5177829.0378
2.074008272960782,147951.93057507277,2.693604896776378,2.9209334361366928,0.22196423620916902,3.9496901631355286,0.20699377688579262,-0.0336040288554,-0.0313496588422,26726.233061685973,3150.62812662861,9559906.22667
1.0617975424975157,515323.9734470844,2.1262756688520312,2.0443423544056714,0.2958536630962044,3.448007870465517,0.38296868321485816,-0.130118773499,-0.128969073669,88314.12572720954,21452.769440952834,11317839.3533
8.063388127833605,57303.05928736925,2.2571495538577437,2.8527360884472728,0.46051804316230116,4.1258136704564095,0.0967652034945786,-0.00927261762359,-0.00922535304075,6546.733853297793,40946.0821742091,2959688.29593
6.350230887532234,260459.8542675376,1.5552338236011565,1.8705994002521038,0.20660059875808656,5.861729335039854,0.44924321100115777,-0.0521608999072,-0.0515974716277,21528.532323151067,1274.343790050507,6923997.87714
3.848314145579934,404417.6984578371,2.8284083143807948,2.279408724512905,0.3699005007278174,2.555171772837639,0.171005624672398,-0.0866344588512,-0.0850249925801,128153.98574338511,82469.48298224276,10007496.7277
5.196698134765029,356370.61949819326,1.794842792674899,2.7661523236893117,0.343823992786929,3.6283338144421577,0.43241724614053967,-0.0726070409687,-0.0723211225244,29170.562087202503,17441.652555965557,5454473.16672
7.695698913186789,214757.2461515665,2.7746851835399866,2.0752334408462048,0.1560983398463577,4.946770418435335,0.27233037683181466,-0.0412313543031,-0.0334668740802,39291.82100707584,4307.40056957358,21660969.3122
9.391582660377026,105350.69927573204,1.9797068028710783,2.600420239381492,0.43170987223275004,5.058358415961266,0.28863403932191434,-0.0170565983806,-0.0170038075597,3890.671471217191,35521.36174888022,3199490.76811
2.3922900576144457,561026.0026529431,2.5899479440413415,1.5114733432419598,0.24808306717313824,2.361166249960661,0.10662853261455893,-0.134198171786,-0.130411543139,68055.09241130964,113599.75469227736,20577724.2697
2.6839903043583035,264062.63317912817,2.022181355394423,2.8649879805743694,0.3981328764464706,4.872317086905241,0.23392169317230582,-0.0595343868741,-0.0593843852352,10022.531256454775,1169.5380674934352,4414505.70887
9.114164187572896,419592.67146885395,2.5474615590646863,1.9851925685070455,0.23312348681502043,3.554044470191002,0.4144658787641674,-0.073341295411,-0.0685101776962,140917.33263597483,49257.020487795526,20944468.4293
7.399638484232128,460149.53926205635,1.8431659829802811,2.315464333165437,0.48729777955450115,2.44327949360013,0.14655341538600625,-0.0862012105249,-0.0860688005981,20685.58731156381,24594.25246731759,4095121.23338
5.469687760807574,18681.431002914906,2.7263286863453686,1.7876459090039134,0.3236582920420915,5.140612848103046,0.30506920758634803,-0.00347510095401,-0.00304582183044,31824.286840883975,10686.083381329938,3155762.28793
4.145507958717644,120635.46404242516,1.5098409801721573,2.1329176453873515,0.26223283899016675,4.051680848002434,0.07153367712162435,-0.0253255361857,-0.0252705910533,3256.8872555102257,7007.4831075974325,5859385.89847
6.073911718092859,564445.7476213574,2.8738357834517956,2.755366012919694,0.45030216635204845,3.3740083687007427,0.3518401585519314,-0.107551957637,-0.106123435107,205138.26545077143,85651.30348001632,11437024.1686
7.770623194985092,317639.19945806265,2.0750113050453365,1.5929612531326711,0.17443512077443302,2.6369645074009895,0.1942231339402497,-0.0605947002279,-0.0570438340156,49839.859292672714,16416.518208633726,15581766.38
1.3424769276753068,159765.8459097147,2.308424252551049,2.565830212086439,0.35840017623268067,5.943693924695253,0.4823857527691871,-0.0406181107423,-0.0403282884234,31214.969609027892,895.142523840269,3470481.84413
1.806478668935597,376958.28918367624,1.7383942189626396,1.6611782731488347,0.42122945762239394,5.438410580158234,0.08137479755096139,-0.157195006621,-0.157091417599,22232.639059595098,1411.4424415001297,3185974.08338
8.869971453212202,233148.14418554306,2.645270578097552,2.447631182614714,0.2591391935478896,2.1357170902192593,0.37025104407221077,-0.0404051706782,-0.037678497673,106395.981669811,3066.6292729467227,14446718.7843
6.031510050408542,47276.20147168636,1.9402040652930737,2.205160479526967,0.33274810523726045,3.867450885474682,0.18989277621731165,-0.00883568466167,-0.00874961512544,11904.555502031995,14009.465235251599,2542824.46112
3.468309090472758,505149.4164392352,2.4432441741228104,2.6390005331486464,0.1665536527056247,4.549144092947245,0.4584984435234219,-0.115653180257,-0.104992726498,67736.1788627645,24279.634868648936,30332385.5061
4.390112412162125,532103.0538529158,2.156893387902528,2.4342119973152876,0.19516130690462885,5.634055491536856,0.2560541939921677,-0.114814973808,-0.109281662343,41032.15724289572,31152.978472617917,22771803.4527
6.951011097989976,76572.87698239088,2.4127382528968155,1.7185141551308334,0.38067600303329524,2.940742611885071,0.42055791136808696,-0.0145981286134,-0.014308999278,45158.57857970401,19317.51849313798,3355869.76539
9.771589609794319,206193.92786175013,1.6146992342546582,2.9804372512735426,0.28500984418205916,3.048761013895273,0.12638772143982352,-0.0331803911213,-0.0332543918438,16399.479208816014,59127.44909083189,8991802.66797
2.7110170805826783,347662.1747016907,2.95480599347502,1.9134998442605138,0.4718943589832634,4.37106978148222,0.2969897620379925,-0.0796468616901,-0.0789945619284,71264.17221494172,69942.84139822303,6631612.21638
2.779939902946353,475346.9193354249,1.710685201920569,2.9528202074579895,0.2551393507048487,5.916669607162476,0.34248416759073735,-0.110319407006,-0.10983210218,31398.714164845936,43519.72195740276,14369307.4811
9.84328781440854,22234.301269054413,2.6729452656582,1.9557940196245909,0.41980427056550973,2.7194697819650173,0.052764641260728246,-0.00339812501698,-0.00308648950237,53571.39165862664,13206.107228301587,3647512.46011
7.022696360945702,295740.2553409338,1.8778308969922364,2.3681885870173573,0.17075693225488064,3.2675812169909477,0.4862125240731984,-0.0570991062601,-0.054777534978,49562.25606771121,12802.275729176037,15767473.0179
4.4590566251426935,444164.79896754026,2.5056516830809414,1.7699178331531584,0.3340572957880795,4.086025480180979,0.2185213894583285,-0.0944106785545,-0.0930786862199,117543.40866547049,72202.95732983499,12485439.3204
3.399372672662139,321118.82977187634,2.2223392724990845,2.1738977604545653,0.3845376604236662,5.221679981797934,0.39193230220116676,-0.0721324655846,-0.0717316206072,37038.65489851336,25352.41476914991,5038453.11715
5.959817495197058,175036.46593540907,2.3473495803773403,2.6790237994864583,0.19681279761716722,2.415129840373993,0.22833024291321635,-0.0343594628541,-0.0319605508838,41011.47974258946,13337.560413603906,13711518.5433
8.798300288617611,145280.83596378565,1.645206309389323,1.5987418424338102,0.46755288876593115,3.5895220674574375,0.3256029224023223,-0.0261505538522,-0.0261119712994,10853.757212589699,4219.469367514674,1454547.72988
1.7375293094664812,596050.1253604889,2.924241695087403,2.501250024419278,0.28392696250230076,4.767320446670055,0.15414472739212215,-0.156299848335,-0.149626835489,220694.95676427262,86312.03528263613,28195164.4019
1.4119573812931776,62546.71420902014,1.9820497962646186,1.5265144114382565,0.23746646363288162,4.2724817506968975,0.44219025899656117,-0.0160625134509,-0.0157792653823,14195.643191836194,5869.244415801783,2380083.78595
7.841763231903315,508629.2255669832,2.5876274476759136,2.617611545138061,0.3992175985127687,3.0908915251493454,0.2625468731857836,-0.0899374102618,-0.0886660600417,155702.92941529313,42144.167916034196,10854101.835
6.145038813352585,408562.7742111683,1.7917391024529934,2.105701144784689,0.3197981412522495,2.9215652234852314,0.2773126307874918,-0.0814800935494,-0.081058139225,54722.9676654393,2304.7540988687983,5958169.306
4.215009802952409,257793.33729296923,2.7777212262153625,2.797213868703693,0.48564812922850253,5.724338836967945,0.11793982586823404,-0.0522988170062,-0.0518387082051,51010.6015464359,36986.49690351998,4557451.48354
5.400210341438651,209746.97694182396,1.5642376248724759,2.2527418001554906,0.4461000491864979,4.592460975050926,0.3804498856887221,-0.0431057489582,-0.0430642378766,7821.7448050421035,18182.34685102312,2595790.39739
7.328486394137144,362859.4474866986,2.819381926674396,1.8415966294705868,0.26092447703704236,3.7702399604022503,0.09930098275654017,-0.0670611115364,-0.0628158628435,119125.61559218791,88491.14189564109,16782779.2674
9.043033488094807,556675.0025376678,2.1180210756137967,2.834080028347671,0.3624011814594269,2.2246309593319893,0.45375671037472787,-0.0949883882039,-0.0942273205754,103548.58435894955,35686.90396256335,11247529.6753
2.614499943330884,108250.6064325571,2.265471705235541,2.024906844366342,0.1758611364290118,5.418039191514254,0.1665094825439155,-0.0286647558228,-0.0264683524438,26876.582153733103,4185.317704048578,8868085.49408
2.320595105178654,416843.7547981739,2.072594305034727,2.5346829257905483,0.4564746386371553,3.9067662842571735,0.06901507405564189,-0.0962000498974,-0.0959998827597,16847.65257433428,19076.17743193366,4870416.58043
9.322656719945371,268271.79808169603,2.310865247156471,1.5625909133814275,0.2943839182145893,4.729066975414753,0.35437611886300147,-0.0459342137806,-0.0447500180013,90990.79400960608,49285.626413933314,9433095.37919
7.62675144802779,12050.767801702023,1.5129622165113688,2.738088965881616,0.37406022381037474,5.273608814924955,0.19873645226471126,-0.00184495322441,-0.00190097917639,28799.546342167567,38641.49588128547,3405577.05273
5.125015989877284,465310.7989579439,2.8706455808132887,2.1179739413782954,0.2078652262687683,2.0803040117025375,0.47788941618055103,-0.0999429522716,-0.0907609700584,142999.2318841729,57381.53667988486,27176176.5317
3.9200056614354253,567263.2550820708,1.8342247889377177,1.8069842336699367,0.15991676934063434,3.22770769149065,0.24369490048848091,-0.127063476473,-0.122772329849,65657.30502885567,21960.42724603522,19817709.6174
6.419168478809297,116348.55307638645,2.735245975200087,2.3342063133604825,0.3454305918887257,4.409408260136843,0.4046825561672449,-0.0217812736823,-0.0210058045006,65821.29212738093,13221.464705760583,5708619.58859
8.132338526658714,166318.75857710838,2.0304070031270385,2.0140981539152563,0.2436983742751181,5.579618617892265,0.13523182580247523,-0.0288443319092,-0.0280155346012,44208.37519625129,1741.9490058824458,7156551.86837
1.1334675336256623,312546.5350225568,2.5393049670383334,2.8917408250272274,0.43058209372684353,2.776917766779661,0.3163803063798696,-0.0740083500897,-0.0735692158218,34012.31588892016,25048.329159533096,5046383.82706
2.0028714882209897,228856.6555827856,1.5939544988796115,1.897733417339623,0.3512612174265086,2.2784779593348503,0.25331245879642666,-0.0546051543767,-0.0544860502006,15058.457657590283,12511.989794723617,1928064.83751
8.512084706686437,379771.2190076709,2.9755289470776916,2.963982927147299,0.18625237280502915,5.085199538618326,0.4233101909980178,-0.0674869483628,-0.0562674671781,90854.84183802613,7454.79772919229,31896790.022
5.690115134231746,500052.1743670106,2.1769346916116774,1.688785936217755,0.4357264565303921,4.911632239818573,0.13067785231396556,-0.100002439738,-0.0997033730525,60121.932285302755,38426.52964077853,6785529.23019
3.6811594078317285,53824.5365023613,2.3927653119899333,2.4024225901812315,0.272087425366044,3.73396759852767,0.29270969280041753,-0.010984755518,-0.0105174557835,12687.028673680834,2258.240913479364,3879839.27206
4.729891297407448,80777.46424824,1.9261645060032606,2.6663954984396696,0.30910384804010393,2.582527879625559,0.09092487106099725,-0.0159690568875,-0.015871900765,9609.584747189654,20968.323203852615,3471068.52577
6.737579009495676,529349.559545517,2.4573056045919657,2.2334239440970123,0.4971739707514643,5.779868833720684,0.36068404247052965,-0.0995898674981,-0.0991636474885,95324.35119216038,46850.213842720834,8499299.17961
9.576882022432983,352818.8567608595,1.7531486987136304,2.4655504398979247,0.2260057990439236,4.230627294629812,0.1783480008598417,-0.0584163255657,-0.0575841643631,37538.76214347427,24492.995665904455,12453199.1429
3.0694174701347947,199558.6870238185,2.6304478249512613,1.6813393207266927,0.4099717280827463,3.4123470783233643,0.47002580799162386,-0.0454162753336,-0.0449865358201,39378.83308804212,39758.43415038129,4349696.38645
3.1344478372484446,588046.0437387228,1.9101368417032063,2.072935261297971,0.4259727367665619,3.6757544800639153,0.1924071204382926,-0.133002915025,-0.132658965843,49045.14305445093,59704.21877040457,5566797.81815
9.634897708892822,134274.25157278776,2.520380821544677,2.7889869762584567,0.23807618278078735,4.994076315313578,0.4841055286116898,-0.021525750564,-0.0197729305242,61884.498518795044,30623.759810200845,13596949.4891
6.812915865331888,183036.55330091715,1.7252300949767232,1.5124281384050846,0.3387731643859297,5.011059820652008,0.07691392228007317,-0.0347277322064,-0.0345897370583,24119.90360720518,8600.18359206937,2613720.04828
4.812757818028331,332120.27102708817,2.7050696024671197,2.5789862810634077,0.1549754634965211,2.3137382827699184,0.3465838314499706,-0.0722359775436,-0.062672149769,49870.12857603038,1157.0017867211259,26655048.7571
3.607056485489011,434074.3074193597,1.6716757672838867,2.843039297964424,0.21383309555239977,3.4944595135748386,0.1447163725271821,-0.0935632142702,-0.0927407821675,405.8980784497555,5933.82797828108,23059894.2628
5.606015183031559,287332.75830745697,2.9448530967347324,2.056940261274576,0.37832657457329333,4.172135464847088,0.30678254696540536,-0.0566716863137,-0.0553162232315,128236.6613431778,80804.35433646505,8753676.52891
8.445270519703627,32320.78067958355,2.2427664287388325,2.2906345976516604,0.2996654778253287,5.8153997622430325,0.23928091065026819,-0.0050656847884,-0.00479569924758,24712.066971574928,16445.134097484195,4541069.30318
1.9466379787772894,483749.25535172224,2.373637430369854,1.856415279675275,0.4627944839652628,2.5087279081344604,0.4092031135223806,-0.115659685791,-0.115267285994,61591.33498694137,66525.70539028909,5543487.86227
1.1978201065212488,99838.43341469765,1.806491307914257,2.3595696869306266,0.405353864794597,2.0140037424862385,0.12115907892584801,-0.0239480433557,-0.0238937812822,5214.3173652124115,5572.675955236185,1054259.57155
8.19103254377842,546580.1211073995,2.8100502379238605,1.7374980803579092,0.22035006727091966,5.316654689610004,0.3023418934550136,-0.0995627722039,-0.0908770412112,139638.01426916252,112492.64745501558,27429425.9429
6.495183665305376,371257.32209533453,2.014196842443198,2.9145410852506757,0.49050269634462895,4.67870045825839,0.2578020852524787,-0.0694791782167,-0.0693169916125,19535.296376285045,26064.560783414287,4570991.15538
4.002194387838244,219828.70884239674,2.6021950501017272,1.9413157501257956,0.30413434249348936,3.996988758444786,0.418714211601764,-0.0475908751719,-0.0466395718634,22217.359418318258,34159.56781644928,7590969.77125
5.051608564332128,246782.3451384902,2.1386097678914666,1.6304290392436087,0.27808382813818755,2.82030338793993,0.18465683893300594,-0.0517017225827,-0.0508575079549,60524.31493325071,27996.111591628433,6555387.37738
7.541956536471844,400553.99872362614,2.291918453760445,2.510601212270558,0.44000632041133936,5.5135889537632465,0.4638304038904607,-0.0726585921683,-0.072229105726,78849.43048529066,9374.184145358293,5809030.1529
9.255147572606802,519625.90143084526,1.5905024078674614,2.18910831771791,0.1915678064804524,4.4993520230054855,0.08311539236456156,-0.0895518813744,-0.0881582639167,56051.1290860145,12958.651992966146,14954243.5924
2.2650570925325155,70542.32228547335,2.8397860159166157,2.7165703657083213,0.3575892352964729,3.1770095340907574,0.3683871749322861,-0.0153164717234,-0.0148580203853,19200.8793092558,9457.120574522942,3076435.24079
2.530389548279345,304510.83686202765,1.5451092179864645,1.726335366256535,0.2882048236671835,5.681476067751646,0.49598203036002814,-0.0761511458847,-0.0759339053114,23916.411631482624,1901.8044485417688,3692896.64905
8.968941579572856,155279.70381081104,2.885213138535619,2.41763029480353,0.47354862396605313,2.9880485981702805,0.2086455369368196,-0.0253999627331,-0.0249083734164,88467.50591129788,22625.423350651563,5296785.11376
7.272263898514211,124388.26337456703,2.087346465792507,1.907081741373986,0.20313881277106702,3.001462507992983,0.33824527403339744,-0.0236362835767,-0.0223506847061,24102.690600388683,1590.3590326509147,8830540.87976
5.333385710604489,578307.4708655477,2.3431942141614854,2.9956729765981436,0.389852426527068,4.32364172488451,0.05711696879006922,-0.112132162662,-0.111071692286,120539.94120052217,60893.61254087013,10870987.9448
4.27301933709532,455259.93034243584,2.0566717414185405,2.4510750230401754,0.3283995612990111,5.484862312674522,0.3195448172278702,-0.0971379172848,-0.0963142628135,51251.2072149049,34988.231698859185,7368497.54946
6.210075902752578,3686.0452964901924,2.5597090115770698,1.643057334702462,0.16613840139470995,2.1820387952029705,0.16009647962637247,-0.000987974373791,0.000775412913121,18880.06487374091,1264.1310700951183,7295851.99174
7.924636474810541,278326.6609534621,1.854813436511904,2.6339728930033743,0.41483276230283084,3.821121223270893,0.3999925137963146,-0.0501198656311,-0.0499947728177,12292.446305693831,37879.433307286025,4277847.06161
1.4872880848124623,425213.6204391718,2.7616926790215075,2.2248079078271985,0.24846740872599182,4.502700317651033,0.22038345858454705,-0.112818827804,-0.107354041621,156758.66512920958,63310.207969404786,21149639.4499
1.652740583755076,191198.72990995646,2.191479539964348,2.7529104687273502,0.18012681961990892,4.004374861717224,0.28344637593254446,-0.0453133339253,-0.0434139698281,18462.207510773947,1079.8421432430569,12022486.5111
8.724886174313724,342772.4674344063,2.4248896040953696,2.1558638750575483,0.3683670480269938,3.3265877924859524,0.11191264824010433,-0.0582398408155,-0.0573641607037,100128.74473016035,30809.791624890146,8189909.74727
5.904272793792188,537723.832949996,1.6262603988870978,2.5667134900577366,0.26724365479312834,2.684392563998699,0.4340958240907639,-0.108398533479,-0.107776845981,52986.69408063396,22172.356316737696,9790772.0597
3.3318697111681104,90837.02098578215,2.9902580408379436,1.5715530468150973,0.4513796060811728,5.990992430597544,0.27052809540182354,-0.0223259399502,-0.0220208529588,53857.83761700624,46800.283627699944,3356121.65809
4.517761119641364,42789.943143725395,1.7735758102498949,1.9754757536575198,0.48002527016215024,4.82599538192153,0.444076576968655,-0.00915474968581,-0.00913591839136,1684.4626731669575,966.6261441225209,752766.964214
7.087037953548133,492021.2237164378,2.6567356302402914,2.8776516993530095,0.3151867815759033,3.507592737674713,0.1762961767613888,-0.0888370551191,-0.0859536467142,182905.58230329616,34749.21594506353,15251011.2918
9.925465560518205,390820.11077553034,1.9526339191943407,1.7987544774077833,0.394275625096634,2.4897232688963413,0.3846682888455689,-0.0660757217317,-0.0657711946772,60729.39661460008,12448.771664306034,5561523.43655
2.8559655668213964,236900.7557630539,2.4779169615358114,2.3014432825148106,0.23080703341402112,5.186942510306835,0.09496936020441354,-0.0545403074332,-0.0522769946547,65051.12306395271,3552.869992350709,12024057.9219
2.8457034938037395,212956.38643205166,1.7715899446047843,1.7733460189774632,0.17701753741130233,4.32551534473896,0.10853230715729296,-0.0497512150802,-0.0485525687231,18240.186311599104,5413.411053320936,8519451.2707
9.918149491772056,359624.83417242765,2.6573133529163897,2.3708027922548354,0.36116500692442055,3.0070962123572826,0.2868299356661737,-0.0575738324269,-0.0560650079474,155245.43009986635,37968.168179712644,11411875.1083
7.097248511388898,558130.2160397172,1.9560848800465465,1.9540952551178634,0.2594319535419345,2.990205205976963,0.27324538100510837,-0.107354458867,-0.105753290321,108270.0994171884,29569.82258788931,12397615.6188
4.525128670036793,106774.83826875687,2.472945182584226,2.9488426130264997,0.44768369495868676,5.6874371357262135,0.43138218629173936,-0.0215054689432,-0.0213344579826,15529.858800923927,5318.084314805087,2795625.09392
3.3245107270777225,58728.445507586,2.1967724575661123,2.498086391016841,0.48449172563850873,4.504854302853346,0.17248367816209792,-0.0126191723044,-0.0125718181507,4771.799219346791,2683.0804702940854,1222495.1736
5.89405363611877,512426.8501996994,2.4210273600183427,1.59622911689803,0.321034318394959,3.8270849138498306,0.4478922942187637,-0.104317376819,-0.102719154867,123080.91001697003,84798.99174946203,12898440.8348
8.73222797550261,407670.64802348614,1.6253615375608206,2.680987122002989,0.40071012461557987,2.1839112229645252,0.09901230079121888,-0.0715845035284,-0.0714880875568,12161.203882106658,53766.61984486887,5547180.02842
1.6629768908023834,258660.3133007884,2.9926551897078753,2.1779768289998174,0.23588281525298951,5.490497209131718,0.3806289960630238,-0.067913214168,-0.0627670945938,88652.51985961264,41605.3789352711,16115732.0322
1.4777555726468563,324937.2459948063,2.0619531590491533,2.799737971276045,0.2824341039173305,5.985343482345343,0.20504890251904728,-0.0944004004968,-0.0936869196622,39108.77424403357,17714.936788231815,8606764.2087
7.91659084521234,171238.69378119707,2.5558350440114737,2.10885322233662,0.4691362046636641,2.6825341880321503,0.4995750169735402,-0.030964191681,-0.030664670115,66315.87464125635,21639.738553592066,4064697.37503
6.219625564292073,146172.81462997198,1.8539270139299333,2.6135438536293805,0.19796886611729858,3.3206419683992863,0.061375773558393125,-0.0274142447696,-0.0267159978749,24354.923694513152,17636.51235963544,8978891.3631
4.281047783792019,595183.2968741655,2.764102043118328,1.52453953307122,0.3833011481910944,4.00220301002264,0.33398325061425566,-0.128951225356,-0.12749378248,167560.98585944079,149952.8492151556,13843394.18
5.325382996350527,472137.3623237014,1.543112545274198,2.0223039714619517,0.3355501517653465,5.180994063615799,0.1569328610319644,-0.0973774996203,-0.0972352868374,12827.755337546629,851.7126619906234,19105945.5541
7.262688471004367,25469.062104821205,2.8857798306271434,2.830640331376344,0.1691736189648509,2.4875540398061275,0.322704788018018,-0.00475245948296,-0.0019280128967,26851.06590841919,17850.342069785715,14670903.5413
8.976995775476098,294285.1893603802,2.090807741973549,1.8455855562351644,0.4186482046730816,3.5019425973296165,0.2233174666762352,-0.0508515100953,-0.0505946941298,61418.44770633365,15539.526406031686,4498569.70069
2.539913460612297,445640.4196098447,2.3382325270213187,2.254429053515196,0.2563758603297174,4.824138198047876,0.39705528705380855,-0.103775910317,-0.10173055249,116052.87567305942,11272.868503119544,22329789.8646
2.2548315143212676,79307.52541869879,2.1332715936005116,2.11967407213524,0.4112082390114665,2.3198232986032963,0.2995630243327469,-0.0182154231036,-0.0181284072531,9838.883904430731,6799.402541712287,1388067.69448
9.247795042581856,530808.0274611712,2.295735441148281,2.7420650152489543,0.22484972923994062,5.01309248059988,0.12393472939729691,-0.0864923173768,-0.0821756930004,108736.78422956,2812.6986079004764,22489766.2612
7.552199297584593,349587.569385767,1.5914465147070587,1.5591640882194042,0.495590656157583,4.999834027141333,0.422142403293401,-0.0670821219701,-0.0670354215756,5923.003102881699,7061.186923122891,2983468.33181
5.058943944983184,202773.99737387896,2.837434112560004,2.5320671810768545,0.31059670792892574,3.6775040924549103,0.25437024575658146,-0.0403403442612,-0.0386625707387,90176.4717102908,27639.734088639187,9102917.67257
3.9948676070198417,229726.88600420952,1.8085220726206899,2.88977882405743,0.270850917045027,2.5144829973578453,0.4597396126948297,-0.0489147141913,-0.0485511647756,26664.282628711808,19655.682095366155,6238963.57061
6.484932337887585,378884.92215424776,2.8095174143090844,2.0100175850093365,0.4368825237266719,5.817151997238398,0.18874441147781912,-0.0705269618583,-0.0697156179897,125096.07069613114,84503.02268157114,7934084.81977
8.198410839773715,503855.69985955954,2.010700993705541,2.3373712627217174,0.1878356847912073,4.17821928858757,0.3722612570505589,-0.0916015863796,-0.0876339309766,97029.50318033052,1136.2496872330278,21525761.7226
1.2080199522897601,50009.59374010563,2.6071219411678612,1.8094954644329846,0.34976836014539003,3.4964933656156063,0.07923766244202853,-0.014081506895,-0.0138527089192,21398.499686946045,10689.651312999013,2054767.07905
1.937073296867311,566392.8860798478,1.6737191048450768,2.406491647940129,0.4289984466508031,3.9949408546090126,0.47979887323454024,-0.135949317292,-0.135815020369,9583.553295044852,15662.259324193272,5803301.60189
8.437257093377411,117234.98851060867,2.9443330694921315,1.6907592695206404,0.24519089646637438,4.672630686312914,0.19671742361970246,-0.0208816969735,-0.0179477583281,77065.51979970477,42861.34731935209,11162360.352
5.615528383292258,162515.37166535854,2.2392584988847375,2.961460185237229,0.34666676772758365,5.314920321106911,0.3502420493867248,-0.0310567102217,-0.0307802236646,21325.100517050512,20548.97593385677,5235776.64447
3.6151214269921184,316361.33920401335,2.378552463836968,1.894579800311476,0.15876036966219545,2.008230786770582,0.07325892299413682,-0.0724047511946,-0.0665410879994,41801.17264661461,15138.176139560726,17592380.8994
4.804718642495573,418313.8322085142,1.9048091168515384,1.6773517155088484,0.20944887595251202,3.1752725429832935,0.30378695535473527,-0.089897550776,-0.0879419628691,71958.77284270742,31884.112874227725,11434848.1044
6.803376932628453,266813.19158524275,2.524208481889218,2.4638616861775517,0.37256769901141523,4.493581689894199,0.14771561194211247,-0.0483218882612,-0.0475287100774,91431.48325758199,23762.152996804904,6632968.24578
9.642919735051692,15281.916595995426,1.726162813603878,2.2360281329602003,0.2931477397680282,5.511539857834578,0.4124145827256143,-0.00217531781445,-0.0021783414007,666.5541698516549,31547.383976625675,3935289.07481
3.1440039528533816,462095.62718868256,2.7027065344154835,2.6698337006382644,0.4576310409232974,2.814234808087349,0.23607266009785238,-0.101019853214,-0.100285758078,121012.48703463915,44869.05786504256,15362641.9595
3.0598956868052483,250582.274235785,1.923756024800241,2.5815104730427265,0.35643850737251337,2.082032896578312,0.42647359501570464,-0.0560904497282,-0.0558553413334,29563.94098915115,6669.2404381806455,4078624.4224
9.568825663998723,396738.02107572556,2.458192910067737,1.515580305363983,0.19280965928919613,5.279387254267931,0.2501522734295577,-0.0681321106388,-0.0621240036237,104606.27647135586,60509.56153090162,21765140.314
6.747152274474502,520499.7505992651,1.757022498641163,2.7849193741567433,0.4415045195724815,4.731124177575111,0.2897758992854506,-0.0983481543176,-0.0981608283352,12685.983486970106,28104.358182873693,5630919.69722
4.737896140664816,69657.07372874022,2.625166239682585,2.0709604723379016,0.27650585281662643,3.912826757878065,0.1336152936331928,-0.0138852891933,-0.0130802222597,36029.43685263975,8065.7201978657795,4923970.26053
3.6731287986040115,96610.6753796339,1.5989149454981089,1.8538124961778522,0.3052850678097456,2.7789728231728077,0.3642804623115808,-0.0213811415449,-0.0213071760812,7661.251364584176,3970.030898086412,1798946.34105
5.680567601695657,549796.3903471828,2.97206643037498,2.2871949900873005,0.48926084614358845,5.585681237280369,0.08733166987076402,-0.10493545607,-0.10386960826,193126.26828329728,146875.65080745955,9197299.46111
8.520132465288043,369783.8405147195,2.176368524786085,2.060929277446121,0.21885187071748077,4.411135476082563,0.46576721780002117,-0.0664493247366,-0.0636156274268,95102.47112869454,13013.814077105259,15475551.3405
2.0124018378555775,221286.1955165863,2.394762509968132,2.8447266407310963,0.40693183750845485,3.2334877997636795,0.18261023885570465,-0.0501999404086,-0.0498170716739,30370.40615524247,23956.732766146135,3657102.44898
1.1232333555817604,437302.20403522253,1.8391978084109724,1.9447440253570676,0.4642923480365425,3.7282044030725956,0.35818840288557113,-0.112762437583,-0.112659073802,17869.318656848936,8896.855666858328,5769226.45955
8.12499456293881,284116.3504868746,2.7317962548695505,2.917155379895121,0.29808717262931167,4.909888111054897,0.06519914222881198,-0.0464475649383,-0.0441168302693,119354.19340069393,13345.920158503744,12999487.48
6.429385473951697,33794.12367939949,2.029828755185008,1.735799405258149,0.37717551416717465,5.079123821109533,0.4738466901704669,-0.00650548599082,-0.00641522683948,15669.79860688631,685.2372484909839,1706780.18504
3.9273667745292187,482291.9072583318,2.541290307417512,2.355592181906104,0.21507461066357791,2.276436001062393,0.20277595962397754,-0.105957316289,-0.100073820574,124247.13672531581,43482.38267122834,20191990.5077
5.117646276950836,584245.9760606289,2.0701962732709944,2.7134068217128515,0.15347759681753814,3.4062692150473595,0.40806268267333506,-0.12274982058,-0.11500350415,64962.638424384524,2152.7305244385084,29414084.6422
7.616543019190431,138090.36780148745,2.3117632255889475,2.186595681589097,0.3403514721896499,4.228587482124567,0.2403111261781305,-0.0245893899895,-0.0241296714935,52845.650166717736,2729.7961320373493,4995034.82621
9.329974917694926,182162.8427132964,1.516824628226459,2.512564624194056,0.2392272457946092,5.774103969335556,0.3136632353533059,-0.0304574805955,-0.0303968043368,4044.1125071359274,38508.917134087475,7527254.81639
2.3308550156652927,333005.3810030222,2.865352830849588,1.634508197195828,0.4247312190476805,2.580785419791937,0.137945678178221,-0.0777567345084,-0.0769598750883,71103.464866968,79223.75071823628,7831741.34981
2.6049416987225413,41901.3686478138,1.5593220661394298,2.9997421237640083,0.22956551699899136,4.0919658206403255,0.26554267937317494,-0.00874537901994,-0.00882922775802,4644.701079267663,7956.202500500738,3523526.51309
9.035013624466956,492889.1720250249,2.8228893312625587,1.9090551640838385,0.39542668419890104,3.269758552312851,0.43919123415835204,-0.0843460941554,-0.0826333703597,213995.98832397754,129910.60733912759,13938960.1273
7.338027489371598,386998.3037933707,2.118542343378067,2.415107642300427,0.3167650880757719,2.7251280285418034,0.11472814208827914,-0.0712627932137,-0.0703974807349,74658.80164929669,3250.8201424802505,8925008.56234
5.408247387968004,240697.43044674397,2.26342960819602,1.7231818386353552,0.4785274073947221,5.9185186848044395,0.2805206667631865,-0.0491854902491,-0.049012419555,33900.0329146677,36266.21013053775,3666840.8147
4.2069470239803195,192650.31572431326,1.9844130319543183,2.2208203920163214,0.45262112510390573,4.7729765474796295,0.10360785271041095,-0.0404055765688,-0.0402773167641,22068.894280756096,21094.885104250014,2080800.91725
6.1355234840884805,341295.65991461277,2.586694896686822,2.6322842286899686,0.26609259308315814,3.5913732908666134,0.3761397970840335,-0.0661910747301,-0.0632649347225,100880.76651976362,21040.385992888263,14030921.4693
7.849774529226124,540936.8477761745,1.7879105592146516,1.6456616129726171,0.366788738919422,2.421068511903286,0.1628510500304401,-0.101787901577,-0.101470826438,50305.991164633284,18725.519981729853,5843416.42699
1.4215242257341743,87603.43361645937,2.7830480681732297,2.4545133146457374,0.18162468499504028,5.2238589860498905,0.457411495083943,-0.0221966274051,-0.019492595848,29228.67410246664,1089.619010689762,8598124.1339
1.7273273346945643,453808.1970065832,2.2246910082176328,1.573253266979009,0.25004538274370136,5.722176745533943,0.056855647033080464,-0.245358584137,-0.243040589993,113852.16709272454,52240.07079565941,14315023.9765
8.790924155153334,5163.000337779522,2.3464053058996797,2.570689628832042,0.4133345618378371,2.9156096391379833,0.3383968096226454,-0.000471301981973,-0.000400021347013,14813.662662997682,33651.08973475813,3180819.37034
5.970070985145867,275113.7936487794,1.6413902048952878,2.152437139302492,0.16489654988981783,3.08902720361948,0.21464709276333455,-0.0552587992802,-0.0538447523863,34901.544935109545,7011.183268800149,11299614.753
3.406697324477136,428447.06028699875,2.929580752272159,2.7502948134206235,0.32955029052682216,4.266838748008013,0.4900900394190103,-0.0932293276165,-0.0899715920881,83383.11981569759,73007.45656294764,13520364.2137
4.451723407022655,305399.55887943506,1.705758836120367,2.2994813709519804,0.3882744551170617,5.416172724217176,0.23110932661220435,-0.0648868275439,-0.0647313101659,16943.994310659396,17520.04814178481,3017019.55325
7.0124514708295465,154411.60798072815,2.676441639661789,1.7946739979088306,0.2046370106283575,2.2189901024103165,0.38915686630643903,-0.0307022479255,-0.0271191785312,64239.524763282156,21886.40268494847,13356063.9274
9.850638215430081,128209.92283523083,1.8783624800853431,2.8808167381212115,0.47479047286324205,3.7680762000381947,0.15071632112376393,-0.0202361166307,-0.0202238533081,22832.259350218603,57232.54633045048,3659509.76231
2.790167643688619,574510.9437033534,2.5036196778528392,1.977987073827535,0.28705409704707563,4.586507059633732,0.3290345473214984,-0.133861127248,-0.130916849199,93860.42010304629,65171.14998114728,16517196.6908
2.718470461666584,402196.8271583319,2.1618657927028835,2.8180655278265476,0.41750663500279184,5.134550228714943,0.36703270841389896,-0.0914045180091,-0.0911016273037,28604.38842229717,18213.49127772423,6035743.92451
9.781714336946607,244249.15742129087,2.4092877390794456,2.031931960489601,0.25130099803209305,2.4412244372069836,0.08458991455845535,-0.0405054837188,-0.0383009706387,94953.21985577309,16885.21886091188,12764797.593
6.943506201729178,73577.84751802683,1.6141217797994614,2.2685447414405644,0.32551923608407374,3.5482643619179726,0.46148716867901385,-0.0139026630194,-0.0138823490262,543.3296673977272,22272.388824927242,2806253.8219
4.380039166659117,517462.4428153038,2.9567919485270977,1.8343824399635196,0.16341779278591276,4.87058987095952,0.18690040325745944,-0.122471506917,-0.100196392899,105201.10261115264,67306.2400775171,51170139.9245
3.4783909022808075,544415.3347983956,1.7359969806857407,2.085995907895267,0.20026400024071334,5.937915485352278,0.41690655988641084,-0.127402766346,-0.125225666084,83671.25210229015,5216.596673744962,15722963.7926
6.039006346836686,102875.19693374634,2.646169171202928,2.8021046896465123,0.3871369968168437,2.635235622525215,0.25970232682302596,-0.019153323259,-0.0187569584151,43891.100755093015,14630.453437382233,4887550.75221
8.85987245850265,217296.83093726635,1.9440658623352647,1.5460423766635358,0.29088420905172824,3.367947895079851,0.3013032838702202,-0.0386272935752,-0.0381090121358,53859.00779788991,16265.219565784435,5976155.17988
1.798999521881342,372898.8943621516,2.437950630672276,2.612566027790308,0.47638739217072723,4.049623645842075,0.12207055180333555,-0.0876432064743,-0.0873822223294,29128.643137362476,20247.39051844289,5203191.13306
1.3503852114081383,290385.44967770576,1.507431705482304,1.6144388811662793,0.39159774500876665,4.55118390545249,0.41059866310097276,-0.0776736632721,-0.0776169310922,9220.101497969312,3177.1354985763187,2648656.26141
7.780293019488454,431925.72612315416,2.8747224742546678,2.4945536353625357,0.2279694367200136,3.8735287487506866,0.23779255663976073,-0.0783010957564,-0.0706702988857,136513.97820313973,32730.250212301926,24283233.214
6.066020583733916,485411.53874248266,2.0788857196457684,2.1584239485673606,0.4829015905968844,2.1374595500528812,0.3091668652370572,-0.0972126545255,-0.096983531665,64077.82771311566,6411.3603360392635,5209266.1592
4.13582095131278,29809.336736798286,2.3031434607692063,2.685920124873519,0.31790338540449736,5.444175444543362,0.14245897638611496,-0.0055480514606,-0.00541547779372,3015.569959712568,4757.402104926801,2948303.14751
5.479400500655174,131761.82862371206,2.0271424166858196,2.3874733205884695,0.2701251436956227,4.372813910245895,0.3484051004052162,-0.0260522003604,-0.0256290342142,23894.67218615883,7311.680959455457,5029100.64806
7.407503852620721,589709.359779954,2.5439998358488083,1.765435892622918,0.4541017121635377,3.0545242093503475,0.07497238307259978,-0.108863018006,-0.108158600905,160283.65168188215,103149.34696291112,9074402.03686
9.104502929374576,329972.65085577965,1.842599022667855,2.9337014355696738,0.17745410799980163,2.942784570157528,0.48515775543637574,-0.0564597361093,-0.0545865469088,50208.31263999368,36094.836688681266,21195829.6064
2.676073420792818,186088.19413930178,2.728325269650668,1.960418720729649,0.36553495358675714,5.640131209045649,0.19145434992387894,-0.0483872449742,-0.0476203815792,68875.95746745214,40474.54666003008,5998780.09415
2.3997799335047603,488821.985386312,1.7971951430663466,2.4819140913896263,0.3023001319728792,3.12882873788476,0.09382432894781231,-0.112511937897,-0.111629471077,40669.46725825355,46780.944294908135,6841341.0582
9.401670926250517,45085.08928120136,2.7737417025491595,1.6739305313676596,0.46558985607698555,4.447252057492733,0.3859127764124423,-0.00745436381077,-0.00718361722268,55570.309631593496,40557.97375643056,3478896.62156
7.688226220197976,235385.03721356392,1.9758899048902094,2.650209297426045,0.2110844476148486,5.557861592620611,0.1741623768117279,-0.0413262463141,-0.0400229571953,37818.780324339976,13969.17787050314,11414301.9452
5.186592719517648,393185.0077584386,2.595286386553198,2.2409868934191763,0.3757386445999145,2.8606865108013153,0.4460901066660881,-0.0805827996834,-0.0794362283507,121494.37802750447,58167.79810212885,8830433.55538
3.858428160659969,345138.61164450645,2.1213485095649958,1.7074097790755332,0.3360190141946077,3.9475128278136253,0.2680784385185689,-0.0760113010808,-0.0754150493396,46011.24196674998,40615.46237491755,5622407.42001
6.357695014216006,189681.6747263074,2.2606453131884336,2.3986473279073834,0.15238236505538225,4.625332150608301,0.4366724031046033,-0.037735501202,-0.0338328868266,28481.898684542986,5727.924942443192,16771410.2194
8.053325627930462,93130.90201467276,1.5557660213671625,1.8793213125318289,0.42860188866034143,5.362226277589798,0.11023203348740936,-0.0166232766219,-0.0165979825214,476.8042286403361,11638.948591175411,1333115.92234
1.0542819341644645,534525.9133726358,2.826377102639526,2.9679467263631523,0.24086638642475008,2.055651392787695,0.28503418625332416,-0.129649623747,-0.122005459811,103335.23760467116,55014.85858527925,20876147.5082
2.081884386949241,2189.781703054905,1.8927911608479917,1.9973312099464238,0.18893715841695666,2.5608126297593117,0.22154212384484712,0.000162328540018,0.00027307355707,1286.4308030857892,1862.5415900244327,1996863.32136
8.591270306147635,457646.57109975815,2.489214991685003,2.899564172141254,0.35479786926880474,5.863595802336931,0.39870671182870865,-0.0766993554421,-0.0752543389182,129763.14815637933,9907.67512707287,11683824.108
5.751692635007203,422031.5482467413,1.6905695032328367,1.823585394769907,0.2808364795520901,4.131767585873604,0.16224391357973217,-0.085332625685,-0.0848167728724,43754.04222220116,18547.063869351623,5835820.11938
3.7426328724250197,280636.684410274,2.691562006250024,2.3262396692298353,0.44259825386106966,3.4501716308295727,0.3174899731297046,-0.0601948266343,-0.0596840193502,85637.48179104346,38698.714568087154,7214459.89721
4.668416525237262,157590.75097739697,1.6624782853759825,2.7191418944858015,0.49325016885995865,2.367121834307909,0.0596077254973352,-0.0325327099189,-0.0325034633957,15475.599786151251,27964.302642483017,1782245.79597
6.676002279855311,301327.79460400343,2.908468766603619,2.1220608092844486,0.30672076325863595,5.0605205073952675,0.33565484643913807,-0.0567741362368,-0.0541024747659,117877.90778741038,72277.08852776975,12594590.8796
9.497697194106877,580693.0700317025,2.2043521804735065,2.5534069491550326,0.40271803783252835,4.95241342112422,0.21036725151352587,-0.0939722154398,-0.0932881711072,104691.2988345298,5594.923229575058,9417922.48871
2.9904032638296485,122892.95196533203,2.3668131893500686,1.558303572703153,0.2175531885586679,3.630198135972023,0.49438037145882846,-0.0286550595352,-0.0272641285935,21053.324688470424,15857.083852791215,6479267.94346
3.2134996615350246,364859.3360558152,1.6347319521009922,2.1959477635100484,0.2464997538831085,3.3911896124482155,0.16819010400213302,-0.0816917096341,-0.0808937797227,35880.87203539104,23554.650540474177,6472793.75085
9.714053636416793,206252.48104333878,2.9832629933953285,2.7011079364456236,0.43320272821001704,4.213393647223711,0.45216889334842564,-0.0322287427158,-0.0313082317879,131502.03288904918,16317.799084033779,8280179.98383
6.8745236415416,110910.76098382473,2.18815205572173,1.6237673121504486,0.15733484947122633,5.7893056422472,0.10175064634531736,-0.021231776319,-0.018823251385,20526.642850547076,7113.983610866694,9952307.49915
4.874192826449871,555454.5415565372,2.429716124664992,2.526218069717288,0.3426679268945009,2.595857184380293,0.37787329996936025,-0.115065549618,-0.113392695532,163001.62900628988,51873.86925346439,12169076.9366
3.5456206388771534,507407.42795169353,1.9587937714532018,2.91924617998302,0.37148381662555036,3.7121558375656605,0.12007363252341748,-0.108637910086,-0.107928821348,74614.7590302432,48086.282458148315,5690134.77843
5.544408781453967,65208.11598747969,2.470258162356913,1.922162618022412,0.2051077401731163,4.893710114061832,0.27529909438453615,-0.0130301328932,-0.011604200407,18825.66763834722,3376.117768122113,7082253.07659
8.366115966811776,254300.1601472497,1.7681197305209935,2.355076598469168,0.45928153092972934,5.095294456928968,0.2636919111479074,-0.0447405074042,-0.044665310922,5134.295477538646,27213.88185925902,2739851.30428
1.8675853163003922,410561.3976716995,2.6607152936048806,1.7568400176241994,0.29700973159633576,2.292491927742958,0.4409457647241652,-0.0990466167109,-0.0966668339212,74799.62578958878,68362.06226418028,13357574.7452
1.2769746594130993,177713.786624372,2.105333697516471,2.283386316150427,0.2232004133518785,2.7941666580736637,0.1524230195209384,-0.0427703717478,-0.0418489521937,16969.130644840432,4995.230046610469,6170186.89487
8.270085206255317,319913.2461100817,2.323730566073209,1.872298167552799,0.40734708751551807,5.600760839879513,0.32720457459799945,-0.0564132202538,-0.0559519281833,87394.3407768135,39127.518612944325,5863589.3654
6.5566195119172335,598069.4688856602,1.5278373816981912,2.8501218860037625,0.3116817644331604,4.396063711494207,0.22583949291147293,-0.114652344791,-0.114311932588,25425.54382019363,31678.06461240604,7819628.96413
4.063800789415836,141808.08383971453,2.900986027903855,2.040914165787399,0.4999326322693377,3.2182861268520355,0.3945227230899036,-0.030105992778,-0.02983658176,60747.68054875389,35672.63045461487,3185855.8687
4.9900007881224155,18760.579079389572,1.8749292637221515,1.50739427190274,0.4383095413912087,2.098210893571377,0.21637396221049132,-0.00395228457985,-0.00392160106366,10320.099286510636,2810.6328049667463,850578.177817
7.4805215280503035,477367.2865703702,2.7430758881382644,2.598456919658929,0.27485158913768826,5.295435819774866,0.48826736146584154,-0.0871113203143,-0.0825450776529,184725.2107691915,51268.85831455595,19267562.1608
9.176095748320222,442960.1674899459,2.0417116060853004,2.0777461691759527,0.34846100020222365,4.7150682508945465,0.05160598270595074,-0.0738411597305,-0.073245548846,84621.70893781724,15805.483834787216,7393499.64547
2.185901165008545,298416.5344387293,2.576145652681589,2.769315954297781,0.18363323449157176,3.89665612205863,0.34376996285282074,-0.070519090973,-0.0646831184798,44335.52984727582,10144.955838842718,19230361.8466
2.468778586946428,526525.691896677,1.996295536402613,1.790799528826028,0.4704018341843038,5.40109309181571,0.4710644108708948,-0.130149384254,-0.129960677357,50023.779494707174,15117.668233467055,4723655.06837
8.907501173205674,82129.6127513051,2.6215498954989016,2.3179870722815394,0.2865934938658029,2.203796297311783,0.17743653468787673,-0.0138020557172,-0.0127005116367,62275.68349091648,7074.952100071453,8124500.52359
7.193215259350836,197685.90833991766,1.8236430762335658,1.9832192324101925,0.38183240531943735,3.783277902752161,0.36249168748036026,-0.0375209263249,-0.0373874555793,26505.49041550264,5381.556236344014,3020419.03418
5.254235181026161,356145.0619250536,2.7943287631496787,2.8609189256094396,0.19392512845806775,4.6015787944197655,0.08902463619597256,-0.0713677114591,-0.0633470056668,99910.70120718081,23017.56189312543,21018250.798
4.3521707048639655,383098.6624583602,1.5703351660631597,2.562392012681812,0.16804617489688098,5.7061282098293304,0.2950529213063419,-0.0824986924702,-0.0808751585044,22393.999702842706,3497.4307669433565,13346556.0909
6.289123167283833,226982.5492054224,2.8585228747688234,1.5903570614755154,0.33116445816122,2.899431612342596,0.12843429469503465,-0.0443452552196,-0.042849788894,94193.38957500429,73825.74881711423,9461410.06475
7.986075506545603,55175.428837537766,2.1536787059158087,2.7570547638460994,0.25798279386945067,3.105197809636593,0.42466465081088245,-0.00918940897047,-0.00894986574464,18190.492538706003,37627.563363749076,7398847.90831
1.5488998843356967,497229.6165302396,2.2753958869725466,2.1369052533991635,0.4224656334612519,4.2828947044909,0.2518379433080554,-0.127057358862,-0.126595664993,77351.23536588423,20390.22193592384,6833447.83402
1.5913015520200133,114495.2293485403,1.7168557215481997,2.641616280656308,0.3595562434289604,4.788170352578163,0.31532807284966113,-0.0284256064749,-0.0283925633883,1269.0027884558629,18254.289050086372,2203069.6091
8.66327437479049,570611.204020679,2.7119903471320868,2.2085873018950224,0.17319861245341597,3.6064529232680798,0.13618460302241148,-0.10248094138,-0.088992762328,133736.15595113175,30674.30818214057,38384626.4996
5.825121426023543,309739.83351141214,1.913401288446039,2.4436551304534078,0.44880930907092986,2.4059967771172523,0.40286128050647674,-0.0622514594811,-0.0621119125592,25825.14680018691,18787.2868278345,3381671.55745
3.2528224466368556,167685.78439950943,2.5156859918497503,1.659478145185858,0.2638161509763449,5.208657283335924,0.24563644640147686,-0.0393843208598,-0.0380026947308,66026.06470861819,30260.902195027815,7482465.73702
4.5968097588047385,269639.8565545678,2.2364748856052756,1.9109886162914336,0.32250222223810854,4.108143847435713,0.47550509120337664,-0.0574764581329,-0.0568444403058,50315.874778280384,26320.313012631537,6652457.4473
7.1661884831264615,414036.07428073883,2.3813592670485377,2.97727229911834,0.4885342904832214,3.2858070880174637,0.20099385511130097,-0.0744549515349,-0.0740850195428,73589.77894186699,13661.101591462553,5874940.71299
9.987076521851122,468657.6973646879,1.677206149790436,1.7225947212427855,0.23461634670384227,2.709072072058916,0.35298056257888677,-0.0801443794316,-0.0791347859191,71598.35938515495,5824.430712247107,11187318.5715
2.917405973188579,10198.40519875288,2.9407762535847723,2.4361740010790527,0.3965495618525892,5.902348078787327,0.0705034347716719,-0.00221552710307,-0.00202905498981,21475.737168181724,1160.7401273969947,1858444.66406
2.9389746552333236,518059.96634066105,2.03430337831378,1.8825115961953998,0.197059902921319,3.9294182918965816,0.40518640116788446,-0.121173485002,-0.117364191884,57565.319137123726,34462.94243501759,17091220.1748
9.931450021453202,71831.61433786154,2.536609634757042,2.9733453621156514,0.3849564569070935,4.747736722230911,0.24331468185409905,-0.0104210400634,-0.0101852018574,34536.629839994865,44532.51919968545,6059234.03174
7.144911357201636,248362.01537400484,1.832503009121865,1.7025430588983,0.28349043363705273,5.264720235019922,0.31062191668897865,-0.047313390234,-0.0468652011411,44935.16866911468,12601.97862325856,5112677.37111
4.652144166640937,399278.43734622,2.7386512379162014,2.3945248313248158,0.46728813452646134,2.0674020871520042,0.1408940616529435,-0.0824698932398,-0.0817799631739,135857.7032940182,54741.83129585996,7071422.14874
3.3106630435213447,372324.5473578572,1.5205897288396955,2.6585436947643757,0.41934153949841857,3.248115748167038,0.35749607905745506,-0.0831371161171,-0.083109802554,78191.05511499614,29977.621836333496,21154240.7821
5.801338245160878,219066.23616814613,2.8614274794235826,2.2471351115964353,0.25484806047752495,4.4258034490048885,0.06599126770161093,-0.0421522397144,-0.0390398994805,73706.7660843109,40805.029226166065,11520265.277
8.60575966630131,98784.94329750538,2.06279192911461,2.474867277313024,0.334278198890388,5.5690677389502525,0.47298933085985484,-0.0167801213618,-0.0165984148069,23286.436093735087,23922.9116672884,4613559.77526
1.614758308045566,547356.3244566321,2.3193735075183213,1.6661630971357226,0.17114919275045393,2.7623841501772404,0.20351291121914983,-0.138197428441,-0.129912242307,33513.47904485706,38467.27448436895,30954956.5159
1.499023369513452,31555.840373039246,1.7490688157267869,2.544363459572196,0.26136501133441925,2.2598549276590347,0.36546566132456065,-0.0068986207707,-0.00686562719182,467.7389889354792,2492.4499476638125,1817594.78489
7.999697473831475,484814.29908424616,2.6329596494324505,1.5470510157756507,0.4463688088580966,5.062502723187208,0.08604709836654365,-0.0846991684608,-0.0840530849349,133846.27670188417,109324.80924099659,8561188.07044
6.339223110117018,434843.82312744856,1.9280704194679856,2.7298734434880316,0.17561803655698893,4.924548484385014,0.4670071615371853,-0.085261671994,-0.0818477188449,69232.99068800487,8961.590723906796,19351470.6065
4.338325846008956,286272.294446826,2.4540844755247235,2.1320488499477506,0.3619863904081285,3.742839951068163,0.18149027368053794,-0.0599441111572,-0.0592570504524,71814.98071201627,37789.140903595275,6090206.64791
5.242827846668661,184319.0861865878,2.1691243867389858,1.8211050974205136,0.3989900196902454,2.5661470107734203,0.42896384713239966,-0.0383893977837,-0.0381628415224,45562.749678650616,16046.827800793102,3327827.63827
7.240877811796963,330547.2906678915,2.4018006208352745,2.3259448357857764,0.2370675274170935,5.759444549679756,0.24753517629578708,-0.0604567009791,-0.0575385517019,94917.16351228039,26859.912456675247,13497581.6719
8.919166267849505,586768.0862545967,1.6039388626813889,1.9985126587562263,0.48610418457537885,4.245207626372576,0.2923208944499493,-0.104047035456,-0.103950774165,817.8270392675167,25274.63934810819,4854958.75892
2.4208588106557727,135851.81180387735,2.9672026745975018,2.9014669563621283,0.3200827557593584,3.422853149473667,0.13116280450485646,-0.0295373855953,-0.028144400913,40072.8867134619,22998.882450554636,5590117.55839
2.1280606351792812,389090.4514119029,1.649366753641516,1.5362432249821723,0.3450336583890021,5.935139812529087,0.23057815744541588,-0.117037150969,-0.116859720579,34338.35310284669,9279.86658299376,3632900.91777
9.199878996238112,238321.72863185406,2.921810253057629,2.602023367770016,0.15968985809013247,2.7417090721428394,0.3897805415093899,-0.0432606826043,-0.0333314432361,69248.44411957668,12948.45800222425,29556919.3835
7.538036169484258,44505.8673620224,2.22039947938174,2.0974373426288366,0.430868710950017,3.2551229745149612,0.1501304072327912,-0.0078613064242,-0.00775936335244,23940.623807713095,5814.402324077701,2182292.4278
4.966543965041637,490586.5201726556,2.3505366509780288,2.8113370570354164,0.24415509719401596,4.077305477112532,0.3294936161953956,-0.0999873460949,-0.0964873603064,122087.33209244628,26430.155167758956,16174694.4184
4.042232174426317,538634.4864964485,1.8855837075971067,2.2668193909339607,0.2946546806022525,5.238518375903368,0.05414051851257682,-0.117712395532,-0.11672677436,36190.7898057918,36531.098158789195,8630925.80471
6.6122460793703794,90208.23184400797,2.4965587011538446,1.8333784248679876,0.45691584050655365,2.435706950724125,0.3412319167051464,-0.0174078381664,-0.0172174337726,46280.717955984124,20468.340239026027,2742624.74162
8.291362265124917,190274.3412181735,1.7007120084017515,2.818537806160748,0.20745243793353438,3.574789386242628,0.21187722119502722,-0.0328993914845,-0.0325953599055,17260.71000389358,37613.87728007908,11460445.5321
1.221640184521675,343387.5259011984,2.681282529607415,2.0345897027291358,0.3738177915103733,4.756356373429298,0.49276053849607704,-0.0873147394577,-0.086366783527,99107.0239231139,54295.50303973746,7805106.14376
1.8789927177131176,277700.2679184079,2.1140448544174433,2.9376466660760343,0.4968833480961621,4.250226233154535,0.1058266711421311,-0.064565801435,-0.0644931048143,658.0273445836867,687.8874482052207,3756666.46955
8.318453481420875,426126.38399004936,2.2680873703211546,1.9651081748306751,0.3086431196890771,3.072435639798641,0.3738005709368736,-0.0767662484079,-0.0753739859496,121012.79334659525,41854.80037702573,10932917.0643
5.5327436197549105,455881.7479759455,1.5659939995966852,2.381897429935634,0.410364656150341,2.9302404187619686,0.16523490562103688,-0.0927944228503,-0.0926693411993,6383.736517654077,18766.43758495086,4802858.66271
3.593540348112583,2768.7018737196922,2.8160114376805723,1.7620683540590107,0.22622870486229657,5.736843794584274,0.4551274411380291,-0.000574025500348,0.000234974892725,15277.008020267103,4759.912093273447,3381763.63683
4.924069408327341,125815.923884511,1.7841683691367507,2.1660026838071644,0.18667183686047792,4.571839056909084,0.2664564463775605,-0.0257469893871,-0.0250849501187,17791.73040097673,4969.724179044429,6228336.1252
6.860901741310954,576584.785245359,2.786996285431087,2.6927782399579883,0.3515103254467249,3.7534482814371586,0.4381845319643617,-0.107267250238,-0.104388001353,209979.2666936655,78052.22534769704,16103567.9828
9.663953626528382,303078.6009505391,1.9918402866460383,1.6081019528210163,0.27182333869859576,2.235578805208206,0.11580694457516075,-0.0519367993485,-0.0510038448986,75379.52678103454,22190.063161243597,8737617.34126
3.2273444533348083,156997.80955910683,2.5791074805893004,2.486030527856201,0.4352919303812086,5.43278619274497,0.2795691384468228,-0.0346420285126,-0.0343729483212,25090.310874806193,14658.067665768964,3283798.89564
3.0105827627703547,556047.4829748273,1.8587907697074115,2.7626364212483168,0.37878797049634155,5.670817945152521,0.1579429989680648,-0.127885495491,-0.127600730433,18423.734752403067,6994.205435241206,12006828.3211
9.441263013519347,109159.95463728905,2.759078125935048,2.1402785587124527,0.21412305063568055,2.9736222252249718,0.32179445843212306,-0.0189372963722,-0.0156205677812,67125.4039165032,445.6330166880855,13762517.4091
6.655531224794686,210360.76582968235,2.0549150481820107,2.5584525489248335,0.4625722457189113,3.0217336677014828,0.22427243241108957,-0.039697723144,-0.0395788851774,23059.59772018126,21254.064229176747,3045671.49019
4.725142798386514,361936.36413663626,2.5630791820585728,1.5856733741238713,0.29927188218571243,4.340173810720444,0.39597992030903695,-0.0772449857646,-0.0755634100874,87420.76484500396,77229.93656554732,11163280.2564
3.80124721955508,409982.47750103474,2.0949161765165627,1.9895504834130406,0.2378277423325926,5.475835882127285,0.2073915593791753,-0.09170400297,-0.0897821141595,50480.03859804559,23767.82737858984,12804321.6297
5.7293333718553185,256064.98327106237,2.333918132353574,2.8694363557733595,0.42555260513909154,2.1692747212946415,0.4973596275784075,-0.0504558741007,-0.0501255169246,58698.07275035898,16330.921632524225,5173360.06731
8.532330070622265,61113.28024417162,1.5353191355243325,1.7832151162438095,0.1554106572177261,3.8436669409275055,0.06366325654089451,-0.0105386852615,-0.0101412003949,11884.271348384436,9593.720241169922,7436597.39232
2.1045700749382377,510343.84444355965,2.8937335135415196,2.3111232798546553,0.33903658348135646,4.521476354449987,0.33160282573662697,-0.119802013993,-0.117310305164,198644.40730984896,65599.8387676136,17945213.0578
1.0052816299721599,143559.1695830226,1.9484745981171727,1.7111589638516307,0.4402325640898198,4.018817462027073,0.1696451420430094,-0.0427724353288,-0.0427176142504,13334.670838590668,2426.7409871617347,1463432.83392
8.06826797965914,597476.8023937941,2.4803495267406106,2.4269473110325634,0.2784814292099327,3.33723159506917,0.45060399202629925,-0.107769953891,-0.104037888416,191507.74548125616,48170.54302449426,19838572.9027
6.40647189039737,322835.91628074646,1.7755152960307896,1.920793445315212,0.35713184480555354,2.6679052859544754,0.09633837100118399,-0.0635020137652,-0.0632818767736,38427.91303167829,1906.9701487635032,3966792.0648
3.8437087005004287,173605.21350055933,2.6535482523031533,2.9878206364810467,0.19128185682930052,5.970674555748701,0.3833954385947436,-0.0377883682113,-0.0340145674535,17681.07364751839,566.8077747556591,15173741.1051
5.1738299978896976,296651.9996523857,1.6185065545141697,2.4431770853698254,0.21990819782949983,4.838804263621569,0.10790519453585148,-0.0596901592936,-0.0590653105436,17871.192746604538,2839.002350412957,8420818.99664
7.735046223737299,443539.38940912485,2.9993499889969826,1.6568146361969411,0.40508376997895534,3.516572453081608,0.28735766909085214,-0.0804053487777,-0.0787725968642,201903.95208753317,163059.0446046431,13446959.5121
9.414175887592137,474430.59515208006,2.2014531302265823,2.6433358644135296,0.30437610722146924,2.4709634594619274,0.27278287638910115,-0.0791706591557,-0.0777852861455,102479.16791452603,15161.164834842959,14089878.5821
2.3532171538099647,22855.135425925255,2.416552736889571,2.2095855502411723,0.49091615225188434,5.1643824726343155,0.4319646627642214,-0.00547568006006,-0.00543568114472,10886.314311437554,1456.3325925148608,843610.828097
2.6174590066075325,352055.0787448883,2.2468459149822593,2.3443507268093526,0.16586897415108978,3.660914435982704,0.3064006150700152,-0.0829739705039,-0.0770113345014,44391.90415552136,18240.54882004314,19386457.6747
9.126862125471234,200627.1818652749,2.371125209145248,1.7468576543033123,0.3279596945736557,4.983219604939222,0.1452219240833074,-0.03323502013,-0.0324645477118,66544.63510660327,35241.019712579706,6668703.98994
7.466444155201316,81554.97293919325,1.6697708875872195,2.9282953469082713,0.24888153220526874,5.027761436998844,0.41486363611184063,-0.0142282252315,-0.0143236705826,6125.839811191069,42225.93320428304,7144926.91411
5.456714879721403,528294.799849391,2.9480752595700324,1.933420852292329,0.41507652974687514,2.3344521708786488,0.23352422751486301,-0.106940962621,-0.105284343958,218117.66518912543,148913.37134229258,12687394.8549
4.115641385316849,501342.77176111937,1.7330407071858644,1.622580096591264,0.4739468926098197,3.4818635396659374,0.4810800157021731,-0.111710357099,-0.111624859991,13803.271889210546,2486.3064797828515,10897119.8513
6.122454697266221,52257.33183324337,2.696034600958228,2.5243095187470317,0.28843307006172836,4.1635531932115555,0.1955287938937545,-0.0093061794085,-0.0085587222994,32815.01458720779,9148.285311222318,5799543.195
7.800764141604304,227579.7888636589,1.900151354726404,2.1984222941100597,0.3895671444479376,5.833763558417559,0.35135858384892343,-0.041224699611,-0.0410577421069,30465.550801147354,7798.920192016918,3503111.03707
1.2936590053141117,381352.15882211924,2.528705970849842,2.7013970031403005,0.2026834249962121,2.531073607504368,0.0720155502203852,-0.0925402105382,-0.0865603271179,60204.92502666768,28919.85635900479,18374135.4064
1.8117621764540672,164744.79474127293,1.5866056247614324,2.082618656102568,0.3147686526644975,2.024813737720251,0.45895091793499887,-0.0394167979088,-0.0393043790248,9264.661786701106,6364.928895998114,1932826.67879
8.813052387908101,313830.0871476531,2.8424809402786195,2.7734442176297307,0.47977749728597696,5.331539541482925,0.18944016434252264,-0.0497768545068,-0.0490903592287,133644.13058435053,29547.367957741837,6899839.12084
6.026501452550292,568841.7987897992,2.140332570299506,1.5042097549885511,0.23107245522551237,4.657972250133753,0.3715277344919741,-0.11619731975,-0.113298860666,117869.76251441283,75833.661979685,16428248.6866
3.5249537490308285,115069.5763528347,2.2885142136365175,2.593064050655812,0.3947114863898605,3.98030336946249,0.08009845246560872,-0.0240096302538,-0.0237670607172,16791.852785436793,13697.490981410527,2803077.3644
4.429039403796196,13116.795010864735,2.006569648627192,2.85716302273795,0.36865900582633915,2.828871339559555,0.2965629043988884,-0.00210786603027,-0.00213270301277,6213.104913725299,30449.603782290025,2528343.16558
6.928563782945275,464544.83941197395,2.611413470003754,2.048675922676921,0.18058888311497867,5.526201155036688,0.12681444832123817,-0.0885162650073,-0.0795732756525,103359.72868531787,53263.165343435074,23967949.5599
9.732937527820468,415782.3074609041,1.8162925718352199,2.2750462414696813,0.45098801315762105,4.476959608495235,0.41919745723716917,-0.0696319108603,-0.0694863640957,25330.293192983492,25568.95756396366,4311318.73787
2.7331899888813496,269042.33302921057,2.801540865562856,1.8661442720331252,0.26702208411879835,3.158690545707941,0.2574150001630187,-0.0622918150392,-0.0592765595559,63295.26067687955,50797.596405781136,13008803.3313
2.802673610858619,103856.73679411411,1.5328842094168067,2.338569922372699,0.4808610537089407,2.612476374953985,0.21716112140566113,-0.0236434927041,-0.0236325944281,18764.071304984816,14356.211167129592,3600080.3754
9.804074295796454,562243.3578595519,2.8961451379582286,1.8114383476786315,0.31910945726558565,5.805888622999191,0.48757266136817634,-0.0925192476877,-0.0884912279488,219306.98754016767,163074.46956650369,21241521.9072
6.999687743373215,357878.3171251416,2.0981124700047076,2.8873157375492156,0.393060665205121,4.198756191879511,0.052338452497497204,-0.0641032888334,-0.0637168973188,50497.705244180455,9491.539030212087,5622029.50921
4.49854455050081,213553.6216199398,2.3307915427722037,2.00976285059005,0.22721013743430374,3.376531146466732,0.3429107083939016,-0.0455594504739,-0.043700313582,56763.69087346976,19324.744620476715,9400431.88976
3.455475206486881,261601.591296494,2.046003134921193,1.569855627603829,0.17928035687655208,2.3071532547473907,0.15542074558325114,-0.0597535691544,-0.0574536152984,44973.372717633676,23272.00317995821,10279864.6199
5.955350385047495,403580.6782543659,2.57201430760324,2.5420381003059447,0.3644550502300262,5.109930958598852,0.32432676674798133,-0.0775693773902,-0.0763343738281,120141.14515563457,45684.251624931574,9304450.70585
8.741922845132649,514195.97156345844,1.8669527149759233,2.1105905729345977,0.26844793027266856,4.877128086984158,0.22878252789378167,-0.0897149372816,-0.0886086707219,88013.57970425299,9282.386707491829,11190518.496
1.7422708263620734,58153.810165822506,2.7508463873527944,2.7307953368872404,0.4549871851690114,3.695533785969019,0.3914803625550121,-0.0131288205173,-0.0130018789398,10205.640324167201,4253.914628307177,1872290.78877
1.3625849960371852,591070.4255104065,2.18072480103001,2.228975552134216,0.3265330080874264,3.201671674847603,0.11745849088765681,-0.144443253345,-0.14351815416,50115.95025498423,26895.85001277734,12380940.1103
7.8724590772762895,149091.19997173548,2.437303540762514,2.6620376114733517,0.16186862802132965,4.379474084824324,0.27779388865455984,-0.0269909317305,-0.023132944824,42367.89759136216,17123.75511432895,18035327.658
6.19413682539016,170641.16578549147,1.638474142178893,1.6856803460977972,0.4163842156529426,5.615389741957188,0.26124175135046246,-0.0340396809404,-0.0339930583131,7290.4236091282955,3860.5640823856506,3287089.81855
4.184588900767267,326683.4657639265,2.979314776137471,2.469981249421835,0.2530843136832118,2.8088355846703053,0.4434956792276353,-0.0702744258256,-0.0653953039872,126865.4341642576,38794.85665567802,17286695.0237
5.387777338735759,449730.6866571307,1.761447797063738,2.9566220305860043,0.29008205998688935,3.8819900564849377,0.16690662130713463,-0.0889849572149,-0.0883452887501,52959.69032624178,5708.326322744215,7498451.34908
7.394752622582018,291344.204172492,2.667593187186867,1.8904629810713232,0.4778077129274606,4.700438395142555,0.45335948779247703,-0.0537379897058,-0.0533040847354,94920.83879774238,61613.61558651127,5427064.82992
9.055192117579281,26043.41357946396,1.9632912604138255,2.4097104971297085,0.2015980373136699,5.312026400119066,0.10063214716501534,-0.00367170770359,-0.00339351383075,11371.85076396696,27849.2817362447,8307247.29357
2.5485086580738425,470367.9705038667,2.4656004002317786,1.6961635826155543,0.3852248423732817,2.1148224845528603,0.37911901297047734,-0.110266162832,-0.109520359329,102630.19575110961,63209.5374083416,9869907.74693
2.2820770666003227,204538.81602734327,1.9208056326024234,2.6746902032755315,0.27960854209959507,4.618168450891972,0.47834167601540684,-0.0474135284679,-0.0470761254156,10215.812450618465,1188.9248480607596,6786265.40449
9.344695450738072,349008.6358040571,2.5080757099203765,2.1694708429276943,0.44461793173104525,3.7998923249542713,0.19828448412008587,-0.0571837829232,-0.0566340660741,115905.83371234505,34407.692630518526,6589477.89875
7.665544396266341,533744.4305419922,1.7130906209349632,2.50570513587445,0.1896745973266661,2.189127340912819,0.3556521655526012,-0.100118034077,-0.0980296389939,71941.54344705868,22694.892781273313,20066319.9339
5.1027028523385525,75212.68520504236,2.715915698558092,1.603104353416711,0.3533140848390758,5.386464219540358,0.06773894354701043,-0.0149766350532,-0.0144651122402,27004.581300118836,25572.24951057481,3960995.64469
3.9148607403039932,48258.791863918304,1.6839009490795434,1.9485021536238492,0.40381846642121666,4.297524530440569,0.31595409247092904,-0.0104710864162,-0.0104450702518,2187.4507389678874,963.7620743221127,901430.252163
6.475949326530099,504448.65468889475,2.9339212705381215,2.94543497543782,0.215749139059335,3.1198639050126076,0.13565833810716868,-0.0966452374942,-0.086373160503,166861.01975976344,23735.851625744934,29623090.0172
8.137758357450366,375961.9636461139,2.232000262476504,1.7772740386426449,0.4923852263018489,2.882820051163435,0.4033223166130483,-0.0687294284502,-0.068507200176,75141.11571451488,29731.543005467916,4415768.93987
1.0764122791588306,233835.17526090145,2.3860399397090077,2.375452147331089,0.3084201708436012,5.689537599682808,0.24505506292916834,-0.0683677970664,-0.0675852363608,39509.44399645268,9092.316404864645,6357952.90228
2.0328718200325966,316940.54771214724,1.8186191590502858,1.8460292690433562,0.21265547275543212,5.192074332386255,0.2940408857073635,-0.08421684084,-0.0829675910338,52855.918673120235,11683.085609177264,8927173.1192
8.463407265022397,160750.8324086666,2.799192518927157,2.257081118412316,0.3747457368299365,2.3893775567412376,0.1293470047414303,-0.027509257213,-0.0265783849489,98812.12487604686,26851.00950060376,7249570.46328
5.6603891756385565,121329.540386796,2.003539674449712,2.0205500554293394,0.30053868191316724,3.621111359447241,0.4237073046155274,-0.0243986832953,-0.0240944626153,30730.457729237878,997.5681548436395,3780384.88583
3.7295619063079357,563456.1812505126,2.614511784631759,2.829630638938397,0.466733134444803,4.802807837724686,0.252915207715705,-0.119278156535,-0.118343889891,87184.79148807748,95904.74471297294,7385282.47919
4.79683530330658,461502.9741078615,2.149364311248064,2.624991055112332,0.42716103745624423,5.887711547315121,0.4687207146547735,-0.0959754464814,-0.0955445385195,50472.69623900234,41142.64964190317,5440768.71876
6.724467659369111,17033.00680965185,2.27950432151556,1.5338005553930998,0.2416463413275778,2.694410774856806,0.17965344623662532,-0.00319871528932,-0.00259229497981,22092.318514664657,7016.692575676457,4395023.92598
9.510212389752269,262704.62293177843,1.578288848977536,2.7899445863440633,0.33791064340621235,3.3024291694164276,0.3602026823442429,-0.0439479387849,-0.0439250791261,17225.240018783094,63953.29337325245,6588354.74427
3.0822538770735264,421236.5157902241,2.850729465018958,2.098339217249304,0.1510261286050081,4.124725844711065,0.09140610042959452,-0.106443503891,-0.0861402309061,85888.50952681433,36628.73962868716,49878974.935
3.1556680416688323,66734.39014703035,2.083543481770903,1.6474212957546115,0.3130158041138202,4.853998336941004,0.3461847598198801,-0.0152267143586,-0.0150850409617,17214.785681995007,2288.016605786439,2392841.30543
9.595001098699868,524608.3192527294,2.2986459718085825,2.4555287738330662,0.49802047521807247,3.5316518172621727,0.07731264857575298,-0.0847088147492,-0.0843525924803,94857.429788802,2206.8639098197345,6149832.39268
6.791970604099333,394986.93086206913,1.5005538119003177,2.2203824459575117,0.2223982616793364,2.4558914564549923,0.4827728604897857,-0.077703007462,-0.0771654180414,34953.75613818096,19855.52029629715,9298937.71656
4.852380055002868,251174.92731660604,2.881394407711923,2.6296379305422306,0.4087674108799547,5.149181038141251,0.19373992602340878,-0.0495032256913,-0.0484258154695,63361.690702328204,55929.75814748041,6479443.41573
3.665220363996923,224222.90034592152,1.8465472399257123,2.4248953498899937,0.3473385834600776,4.034995697438717,0.4096825156360865,-0.048951775284,-0.0487136169305,21356.282494496525,13021.103342155073,3708252.77162
5.60168466437608,365689.28863853216,2.724583079572767,1.7336901663802564,0.18541654753498732,3.353279922157526,0.23880115649662914,-0.0769439316234,-0.0691997273171,77053.67447784277,44260.92475886763,21426191.2109
8.387381584383547,551560.9296038747,2.019555000588298,2.988289244938642,0.43932331078685816,2.6518491208553314,0.3080861650872976,-0.0962688045092,-0.0959552410006,46636.58610142064,52002.63949774774,7545294.52647
1.9506941242143512,96031.46687150002,2.5514270905405283,1.8997884644195437,0.27330242698080837,5.954504158347845,0.14341288516297937,-0.0309374707473,-0.0301065893078,33184.35540281052,14229.53960938327,4871225.59352
1.1505042379722,478183.61800163984,1.6063512805849314,2.873203670606017,0.15565763865597546,5.46075651794672,0.41743626054376365,-0.125098258819,-0.122766485323,30602.905473942985,12959.843171254566,21299257.4926
8.221868735738099,36717.08218753338,2.964768497273326,1.9711175146512687,0.34355339729227125,2.1540806479752064,0.2590797446202487,-0.0064111666955,-0.0055357595857,58055.93389753538,20708.48108778909,5934296.13878
6.542773940600455,283523.39565753937,2.1659971377812326,2.3057839670218527,0.24832600015215575,3.8588683754205704,0.30188810476101935,-0.0544187761328,-0.0529016649233,60752.332726330846,7663.337586254364,10066524.2449
3.971083286218345,439053.00591140985,2.404996210243553,1.8031856613233685,0.4321228274609893,4.5365483574569225,0.12161295143887402,-0.0949275337263,-0.0943816677722,70461.39067594642,74711.26267648843,6780373.84743
5.037665813229978,337100.2212166786,1.93700488563627,2.1485033528879285,0.4607444537337869,5.654769618064165,0.36974551011808215,-0.0702247532045,-0.0700653876677,29295.985080377348,29431.051132914086,3230775.60421
7.607534845359623,179226.43963247538,2.4451718581840396,2.745639691594988,0.2962504297029227,2.957443989813328,0.08175675878301264,-0.0312547568955,-0.0302611220512,66961.16898157784,16636.818529438377,8880471.01281
9.269364730454981,138669.3013831973,1.740837870631367,1.5788406017236412,0.36944327712990344,3.037904065102339,0.4642550889402628,-0.0244682796713,-0.0243577503456,25696.53216836326,1193.0089875031365,2551992.66357
2.1992038739845157,582481.1574071646,2.6411223434843123,2.57409149967134,0.2063138146419078,4.356229975819588,0.18423223099671304,-0.139383706452,-0.130230581066,94620.20421329344,29761.248544658753,32481245.3117
2.489814590662718,242466.82226657867,1.6983629129827023,2.052606324199587,0.45070093567483127,2.844065383076668,0.058420561766251926,-0.0560355746784,-0.0559513682855,19948.008168774224,20061.099617623153,2191987.51204
8.990839561447501,386423.95231872797,2.6836083233356476,2.838612754829228,0.262459917133674,5.541280549019575,0.3369417581707239,-0.0637073141093,-0.0596951519031,124962.42875809653,9733.216695209967,19185474.5389
7.312563912943006,495830.15721291304,1.8886827263049781,1.8608707543462515,0.3581153948325664,4.461887635290623,0.20912496754899623,-0.0930536897424,-0.0926363756513,70360.20645501549,22930.632470294877,5818132.29828
5.311762101948261,37811.10160052776,2.4935293863527477,2.294996756594628,0.1739785647485405,3.143489081412554,0.4955023013520986,-0.00751574564444,-0.00594772439908,20657.02903297977,10499.9809309103,8878012.55068
4.269383762031794,85857.21384733915,2.211390291340649,2.781694758217782,0.23285489403642712,2.0409920029342175,0.2190507653169334,-0.0173627811231,-0.0167743778892,23597.7761953658,14025.64405247898,6679078.73471
6.267544267699122,541534.3757718801,2.3595690513029695,2.0655503924936056,0.39769284282810985,5.347587838768959,0.40132529088296,-0.105745813109,-0.104949096461,126323.11831811821,55500.626929067395,8650883.89902
7.9279971066862345,338377.2745728493,1.6576145295985043,2.586342860944569,0.3240732499863952,4.6419160552322865,0.15969743649475276,-0.0602015789133,-0.060009927393,15224.11566162831,27634.70093944303,5780576.2936
1.4300940930843353,196763.1870880723,2.913492683786899,1.5196913578547537,0.48754138010554016,3.9641330018639565,0.31994356866925955,-0.0509299468182,-0.050645747531,64200.88049668598,59182.63496808589,4045251.53225
1.684255089610815,429021.69562876225,1.9712092322297394,2.5150334774516523,0.38096746015362437,3.46678414568305,0.2709528089500964,-0.102144671593,-0.10186562633,22550.419348743108,14009.884173919052,5600513.80537
8.676892494782805,273344.67228502035,2.59976100968197,1.6347686983644962,0.1956245386507362,4.148359149694443,0.43367124130018053,-0.0501899681654,-0.0447914399663,70647.47225848603,42288.5370783909,18984304.2367
5.872483881190419,9252.970106899738,1.8040501261129975,2.712213928811252,0.4715022653806954,5.848965022712946,0.11327095828019083,-0.00149690867864,-0.00150775907264,16042.561047250778,27145.349785572034,1679858.25228
3.380138300359249,450866.9190108776,2.767046903260052,2.184658565092832,0.28478944175876675,2.5461455807089806,0.2820877138525248,-0.100448003744,-0.0970646107416,140094.7286234024,68870.87719444184,16077422.9439
4.582644451409578,573913.7085154653,1.551840669941157,1.7448772271163762,0.25872023017145696,3.6448661386966705,0.09451560000889003,-0.123672063809,-0.123053464254,51640.08726636621,29041.319684658785,8705310.23598
7.073790682479739,129956.43988251686,2.8301422032527626,2.366856182925403,0.4209818516392261,4.967041339725256,0.3851221865043044,-0.0233607863421,-0.0228306515991,67738.08425558427,18654.46560367352,4860324.56807
9.86030782200396,150298.46616089344,2.1289587914943695,1.934046808630228,0.1668182400520891,5.043931804597378,0.17501820055767897,-0.0249210809256,-0.0222959001056,31919.561011412658,4739.935710275836,14089137.479
2.8694877475500107,308317.6603540778,2.253240969032049,2.907178783323616,0.3331841334234923,2.350508365780115,0.44535420783795415,-0.068500606287,-0.0678402636036,53303.517602643,437.40254257674724,6900180.98311
2.8852883223444223,546749.4707554579,2.1317761251702905,2.4601656161248684,0.2739600587636232,4.14962113648653,0.24205069672316315,-0.123868847545,-0.121873825984,68733.9765240932,42235.87826351815,11824077.6188
9.878564059734344,100593.72168034315,2.2501946361735463,1.6517280503176153,0.4386242719367146,3.456182826310396,0.4063403084408492,-0.0167515560762,-0.0165754946026,47380.66711462163,18692.340725015285,3115777.80231
7.057663682848215,219668.5055270791,1.5490248170681298,2.625167787540704,0.184706995729357,2.532829150557518,0.13974106633104383,-0.0411362011575,-0.0407379684482,14048.036133225505,27754.61218419368,11244669.8186
4.564714102074504,370511.1801624298,2.83318715589121,2.216218071989715,0.34800673080608246,5.855019222944975,0.3118849898688495,-0.0774471377458,-0.0754675355236,87964.94863024422,63667.35435631456,11055229.3986
3.3640960920602083,399807.83108621836,1.8010538443922997,1.7296116231009364,0.4094248718582093,4.953724551945925,0.06692540650255979,-0.0925088955307,-0.0923724072444,14935.441493254111,18914.96889251828,5635848.27964
5.8544687405228615,246622.11388349533,2.7699057050049305,2.420396596658975,0.2216993858106434,3.650920696556568,0.356451862398535,-0.0492725933458,-0.0449439311974,87720.17861213793,17731.62235059625,15329896.9477
8.692642610520124,71297.65413701534,1.97420698357746,1.904089496936649,0.49731075000017877,2.3517707102000713,0.20455632321536543,-0.0125953131551,-0.0125449060934,15205.339471895395,6055.97355427928,1599425.59495
1.7025617863982916,519795.29689997435,2.596900816541165,2.9929890297353268,0.31368411183357237,5.033330127596855,0.4720559967216104,-0.123349869864,-0.121043595721,125518.88321774214,8762.449680851276,15077247.9741
1.4469592366367579,134114.04713988304,1.654617007356137,1.9726530583575368,0.2070247009396553,5.535737220197916,0.08555215620435774,-0.0553270001922,-0.0549860673554,15574.353944200479,3625.5098977410175,4127986.81755
7.9473865777254105,587299.9029234052,2.916353106033057,2.8744320147670805,0.36877646427601574,2.8579695746302605,0.36607025219127537,-0.102721434058,-0.0996141021066,241635.29691548087,70232.66511245284,17694784.8057
6.250421900302172,332289.62179273367,2.21438642218709,1.801473583560437,0.295594132412225,3.152541931718588,0.18088659476488828,-0.065446053876,-0.0643572216029,88299.17862860866,40596.863155427716,8365184.11433
4.250252051278949,183791.84044897556,2.356710098683834,2.304400546476245,0.4614448270760476,4.459122359752655,0.4675011917483062,-0.0389207864831,-0.0387158647913,29095.3136873957,22865.1902844907,2791383.06979
5.294587196782231,288088.09127658606,1.891498797107488,2.7442734371870756,0.43283388717100024,5.356640569865704,0.24835945181548597,-0.057238614702,-0.0570713761565,23495.62917771088,17082.384678244915,3652000.98857
7.29348473995924,434243.7017709017,2.490484651643783,2.146739776711911,0.24765902692452071,2.0382268466055393,0.4282492203172296,-0.083058065532,-0.0791884968786,144642.6467898699,41952.52869138972,18154976.6571
9.007791575044394,483003.0865967274,1.695545461960137,2.5752454572357237,0.34289727080613375,3.958589792251587,0.13187662665732205,-0.08242329873,-0.0821721514434,26575.433696016462,37141.530192962055,7300444.25957
2.509117191657424,32160.55054217577,2.686654538847506,1.5804161997511983,0.15635784901678562,4.65582012757659,0.2914974235929549,-0.00854622174558,-0.00624397072463,14297.12687155757,5351.378076879735,5866025.38677
2.2152466187253594,342896.0418328643,1.7438797331415117,2.8401736873202026,0.4868730717338622,2.1436555348336697,0.3909346633590758,-0.0794365051605,-0.0793618468458,30782.088206379776,24346.133298618555,4607841.80687
9.287380407564342,191908.24069082737,2.638309122528881,2.0537634920328856,0.32478297455236316,5.461966276168823,0.22931438689120115,-0.0311262745942,-0.0298803653587,83706.72536107273,30092.467987657637,8500741.75243
7.5917841931805015,90704.28237318993,1.9339615423232317,2.2932135136798024,0.39839171804487705,4.542670492082834,0.33075647479854525,-0.0163492194409,-0.0162751218759,13283.967158379231,17369.005243853182,2579532.73232
5.019358580000699,537005.1579549909,2.4479864593595266,1.8595127337612212,0.23219743240624666,3.8453600332140923,0.14897719733417036,-0.112079792431,-0.107563710594,128986.40005158614,84122.58227042035,19117996.5129
3.9552821749821305,491302.52078175545,2.163133865687996,2.064163761679083,0.17331041675060987,2.96356600522995,0.34018791462294756,-0.109592478012,-0.104051322248,63487.45781630501,20556.724372812485,19897444.762
6.524517166428268,42657.178826630116,2.4079966046847403,2.7799973459914327,0.3588249459862709,5.6412613950669765,0.055074871890246874,-0.0068441544537,-0.00669523502738,14280.871517065483,21484.07438369931,3649253.52744
8.237996271811426,237610.31236499548,1.609213083051145,1.520911468192935,0.26315895533189176,4.3458049818873405,0.4918269897811115,-0.0442660285361,-0.0439402365092,28775.394282411686,4081.096417903929,4754739.52676
1.1684351237490773,390943.72875988483,2.961769494228065,2.5878980713896453,0.45004330324009056,3.0391137041151524,0.21292041861452166,-0.0929507983292,-0.092116405829,52505.115405295335,48822.425814787675,7855421.75485
1.967869565822184,155146.9663158059,2.0166933266445994,1.6394767169840634,0.3324839224107563,3.5456101149320602,0.37440537638030946,-0.0375849320021,-0.037380249572,15182.479251333983,12436.600088110516,2955235.92731
8.406461293809116,303792.1607494354,2.5544262221083045,2.5193148432299495,0.1674743658863008,4.848280739039183,0.10533194355666638,-0.053081139749,-0.0459283609894,72635.16955028268,1687.4834324194671,23931049.348
5.584732114337385,578431.0441464186,1.8494103052653372,2.1801630221307278,0.4216488242149353,5.146605797111988,0.45562125677242876,-0.118503561453,-0.118285490825,22162.314995804558,4562.97898098578,14874791.0193
3.645917226560414,125097.77527302504,2.721582478377968,2.7081207199953496,0.25800916980952027,2.4648744352161884,0.16463101212866604,-0.0262516557768,-0.0247674779043,48141.13997300012,1298.9770786004424,7656541.18858
4.835514375008643,4395.600780844688,1.5035972949117422,2.3627114756964147,0.2840890677645802,3.350704323500395,0.4374701197259128,-0.000451412604281,-0.000500640244473,8119.663683631866,21139.17957850163,2566905.58173
6.772580596618354,455383.5494443774,2.8785799462348223,1.7403988502919674,0.4721585620194674,4.043979033827782,0.26728093647398055,-0.085807300234,-0.0850110238344,149949.63555016424,125092.24265238516,8790365.84636
9.612124002538621,424494.9186220765,2.080501378979534,2.911500203423202,0.19629135085269808,5.968462813645601,0.2787454530131072,-0.0687292973921,-0.0654087607974,85136.23246772827,25024.42552232761,22286948.046
3.17480028886348,278193.89551877975,2.3014589524827898,1.9386804406531155,0.3802565732039511,2.6461311653256416,0.11652055215090514,-0.0622422381287,-0.0618468637396,53877.10542967593,29240.248593242784,6073702.19682
3.0994805824011564,509631.7062154412,1.5811476116068661,1.815925975330174,0.45568756307475267,2.375388190150261,0.32097077132202684,-0.117665675134,-0.117588209934,3783.279783286192,10883.939972203541,8203829.99962
9.529240299016237,62963.25623989105,2.847733144182712,2.342659513000399,0.2677916375454515,5.197700928896666,0.15865660822018982,-0.00981149252002,-0.00814782969285,63974.29547878428,4765.584360892034,9423416.81547
6.7075673788785934,256781.692430377,2.146504078991711,2.0050526442937553,0.3637882445473224,4.805475182831287,0.3952655063942075,-0.0492719787857,-0.0488700466473,60789.957078920714,16562.618736645105,4957020.11351
4.777481505647302,408137.06796616316,2.2825020337477326,2.883025025948882,0.1799912503454834,3.6121583469212055,0.2250969241838902,-0.0843871396755,-0.0790022553093,61101.778811549164,4911.951877474631,19148750.965
3.7127142306417227,362433.71330201626,2.00049329129979,2.537718778476119,0.2279103445354849,2.6970772854983807,0.4978534415364265,-0.0796688060226,-0.0779985180506,57122.81368786472,4796.38381631922,11038127.181
5.640982773154974,208735.30637472868,2.617329068016261,1.5652312519960105,0.3924045354593545,5.878759369254112,0.20678766756318512,-0.0416214251167,-0.0410576295701,47379.78343323494,48954.354339878686,5591105.31395
8.480547033250332,108667.19428449869,1.821664061397314,2.7349478700198233,0.31844247817061844,4.110737312585115,0.33220762950368227,-0.0184671012621,-0.0184407565475,611.907318408597,45759.17535850974,5369063.17418
2.0519866663962603,557677.5267720222,2.7963766157627106,2.1150724785402417,0.4815721075516194,3.308054931461811,0.06316853063181042,-0.130560633493,-0.129785117619,92798.04007831086,88607.04982570211,8542263.32243
1.0924370866268873,21222.657524049282,2.22895547747612,2.663813028484583,0.3858929838519543,3.8103476725518703,0.449670441634953,-0.00481048585661,-0.0047953403581,1362.849260398337,8729.531393031788,1000280.41562
8.155790362507105,474921.2119728327,2.3888559602200985,2.230330043938011,0.20088847964070736,4.617050528526306,0.17068834113888443,-0.0846782686158,-0.0787690317781,100362.168739645,29544.243606236094,21877045.5905
6.46018174290657,445167.2784984112,1.6869471142999828,2.4684182186610997,0.47710867081768804,5.380250815302134,0.38235143483616413,-0.0867008647938,-0.0865960835732,5072.489251737593,25736.140309896917,6895759.23024
3.896570974960923,296156.7984893918,2.931103769224137,1.6845139218494296,0.2907396885100752,2.2026048824191093,0.09727272605523468,-0.065113414693,-0.0624741856663,114044.47917898772,88989.48191438925,12578174.0728
5.086850544437766,175453.05266976357,1.7159510040655732,1.8892450584098697,0.2537526285741478,3.113649904727936,0.28862052601762117,-0.0365646261313,-0.0362225050944,27261.751459092437,52.98424518291955,4192621.49893
7.647339355200529,322121.3551238179,2.7129181372001767,2.9550761659629643,0.41567449760623276,4.311002667993307,0.10675198631361127,-0.0543661648491,-0.0534508723495,111555.41751385236,17808.009386813887,8152308.11606
9.360770650207996,595624.3922933936,1.91794664086774,1.6975581287406385,0.16116975671611725,5.699993543326855,0.4331187829375267,-0.105640861759,-0.0999732495415,72088.18731786215,18232.56086960311,26169753.133
2.3000586796551943,144269.16427910328,2.511071801651269,2.41141152754426,0.3271904736291617,2.881701532751322,0.27151910751126707,-0.0326795942394,-0.0320071596906,28983.217607017712,19425.353647821477,4003706.94473
2.5653568701818585,380819.4749057293,1.966291693970561,2.1711808224208653,0.30770911765284836,4.385047499090433,0.1459357479121536,-0.0887323411146,-0.0882080624969,30230.00797870362,14214.64863014212,7499387.02937
9.074599056504667,229318.9750984311,2.4627371672540903,2.6760643674060702,0.4930522060487419,3.18785946816206,0.30557714253664015,-0.0378588590128,-0.0376037839458,50631.61135829887,16208.409229703992,4603488.74031
7.377612317912281,52785.42693704367,1.7584488331340253,1.6015609838068485,0.21640526945702732,2.799691613763571,0.23434850471094254,-0.00988428730398,-0.00953270578631,18963.885572951975,3007.1306173203834,4201235.76888
5.368661955930293,499599.0011841059,2.670455028768629,2.5044732629321516,0.4031182599719614,5.618124067783356,0.41414900762028994,-0.0995613106931,-0.0981284979103,113055.4081564456,86648.3258658166,9627064.198
4.167361658997834,528896.3606581092,1.6356609715148807,2.944288933183998,0.35260319202207024,4.691293828189373,0.19492511665448548,-0.11136017106,-0.110870501431,53631.40345741601,40636.85196939976,5403955.17748
6.175108379684389,79738.32674324512,2.982356688939035,1.9469301737844944,0.19034140366129576,3.8847249783575535,0.4815740442369133,-0.0166144875156,-0.0129190543355,41988.568506848525,6529.319209624242,10974897.9957
7.88935989420861,200021.0501253605,2.183539452496916,2.376820589415729,0.4452742251101881,2.1203964948654175,0.07152060973457992,-0.0358071979999,-0.035624127838,42080.81524268221,9931.68140352816,3781181.17684
1.381939330138266,353867.1584799886,2.4342602477408946,1.7790469606406987,0.2789081648457795,5.298213597387075,0.3519631730392575,-0.0967529171677,-0.0949958351138,95662.81774650938,54090.068359570774,10741182.8255
1.7581236707046628,267232.6873987913,1.8641383037902415,2.2615490737371147,0.15036866371519864,5.804595477879047,0.19048357801511884,-0.0808261009416,-0.077641913605,32104.17105192435,1703.307928333794,15476423.9564
8.760128422640264,416390.5827328563,2.753889920655638,1.8501842971891165,0.3386095153633505,2.6229867823421955,0.45801758212037386,-0.0733109550649,-0.0710768251296,181640.66207187177,104881.84446137979,14311470.3915
5.939274649135768,466359.0559735894,2.0488161658868194,2.8249858813360333,0.24235606002621352,3.389939770102501,0.08103259294293821,-0.0901955168812,-0.0880953768717,95274.93630718607,6949.4590750492725,13016212.1177
3.4374930569902062,12513.086199760437,2.56897225510329,2.0162396826781332,0.42649272321723397,4.192731868475676,0.3704835161566734,-0.00252065418961,-0.00242470309941,7941.234880171866,4978.647253094133,1286551.42451
4.4825192065909505,116810.91729551554,2.101111640688032,1.529507348779589,0.4660755065735429,5.123338747769594,0.12566145467571915,-0.0249040017268,-0.0248306785523,14650.13192039216,17063.323484687382,1691068.09755
6.981655201874673,568311.5556836128,2.3279299079440534,2.6202947990968823,0.3012377246748656,2.3011297658085823,0.2978259759023786,-0.107254103642,-0.105065152947,162149.4518526461,21454.372744769797,15782019.5078
9.819842415861785,312093.3350175619,1.5298836473375559,2.1024198587983847,0.37545529515482484,3.694241475313902,0.25615101670846346,-0.0527028590177,-0.0526185653026,3307.976822328031,31415.62359287897,3808913.035
2.820963912643492,165279.6221897006,2.8990082424134016,2.794452595990151,0.2119873319286853,4.887637659907341,0.42035136283375324,-0.0376171322815,-0.033877196696,22463.91516108868,6888.914504408476,12669630.6661
2.749266831204295,56263.912841677666,1.813432378694415,2.141870920546353,0.3397049211896956,5.341438837349415,0.48652947568334637,-0.0131646803148,-0.0131140616934,7114.385741221241,7640.922702613346,1483727.79197
9.750918570905924,514870.76561897993,2.804538616910577,2.763807857874781,0.15470095677301288,2.023155141621828,0.21809465838596226,-0.089976018882,-0.0730644397686,83168.66894299196,15162.158374421851,48875211.5401
6.912709832191467,405465.9912362695,2.00942845037207,1.5839272770099342,0.4248537514358759,3.9736694544553757,0.341976366750896,-0.0787652017147,-0.07853704915,61167.39324017795,29081.7292240622,4476650.81199
4.4108349326997995,260922.20842838287,2.608417188283056,2.557103058323264,0.23848523069173097,4.671013902872801,0.05338244284503162,-0.0539327706241,-0.0498797013495,69106.67290541629,39108.72989288702,15544739.7392
3.5091867353767157,215219.57460790873,2.1433775229379535,2.868035366758704,0.2999400464817882,5.519566643983126,0.32547998838126657,-0.0465531621304,-0.0460589462093,20628.40622566753,727.9996091459343,6849271.57639
6.0082100443542,357418.8843369484,2.28569836076349,1.9878215524367988,0.4618627056479454,2.841913588345051,0.15415787524543703,-0.070552000205,-0.0702605150788,75647.0613953896,30117.048884926666,4561492.85878
8.829076625406742,560572.8384107351,1.5835592919029295,2.3123347708024085,0.21342402612790465,3.168590437620878,0.39274414484389125,-0.0998404280088,-0.098744176586,37537.36621299701,20069.70488044722,15518775.0214
1.8297958243638277,104311.59865111113,2.8452982739545405,1.78473309148103,0.3794456218369305,4.475300416350365,0.22762839430943133,-0.0268460348524,-0.02639935145,48158.38142389089,27666.060193238805,3577210.67319
1.3108004163950682,469910.96064448357,1.9031975702382624,2.431618172675371,0.49161634044721725,4.968796256929636,0.2770802928134799,-0.126763290569,-0.126646495655,6521.198030475967,27307.94062993088,5186100.2228
7.819878417998552,27711.503393948078,2.5258885198272765,1.715431788470596,0.30371995335444807,3.666122429072857,0.11828216458670796,-0.00481042620934,-0.00424108241317,41162.766601996394,13451.456339946266,4582413.97488
6.105605378746986,291805.780492723,1.7299959724768996,2.983293675351888,0.4044167667627334,2.33657693490386,0.44267120086587963,-0.0572218328555,-0.0571363578705,7938.625582436135,51494.0749712612,4686345.51815
4.096235552802682,448067.1677738428,2.698850671760738,1.9166859788820148,0.22061923276633022,5.018250465393066,0.26195615185424687,-0.0996055519535,-0.092479939385,89260.13760189811,64774.63069670465,25237655.6876
5.439815169200301,327364.9921640754,1.666911934968084,1.6526785595342517,0.1919822158291936,4.16567712277174,0.4539633930195123,-0.0689273709105,-0.0677011898814,35897.090232091214,12147.604225445517,9087275.51191
7.447088714689016,168758.28690826893,2.951071390416473,2.438735954929143,0.3564755279570818,3.4723534025251865,0.16641279393807054,-0.0296685048292,-0.0283598042282,93868.58373227889,29771.219113879866,8159110.58662
9.144088260829449,148414.2579138279,2.2497063372284174,2.2139213173650205,0.27781459940597414,2.5166510939598083,0.3796137522906065,-0.0253169313285,-0.0244643715846,58304.7934633985,7661.873285117387,8099749.80322
2.6364885587245226,592957.8932002187,2.3681276869028807,2.648001004010439,0.44094343865290286,5.8389707170426846,0.10002732998691499,-0.161968990461,-0.161336835703,91057.55667918712,11134.535034837261,9762545.11969
2.3689836310222745,232136.46467775106,2.1984541271813214,1.7515088547952473,0.2020257730036974,3.3355026803910732,0.19921780652366577,-0.0551938104601,-0.0529724347714,30315.19280083191,19126.39253656171,9847612.48531
9.432466759346426,376532.54605829716,2.4194145393557847,2.348689000122249,0.3902661683037877,4.028907239437103,0.4772982757538557,-0.0625752650152,-0.0617751286655,123285.96135632857,20198.90313308273,8467508.12167
7.719022522680461,506151.931732893,1.621506948955357,1.9289593286812305,0.2891426094807684,5.983542386442423,0.06878314847126604,-0.0929735494763,-0.0924871424292,52918.36450996349,17503.123088995853,6176043.42755
5.15579688642174,47692.78038293123,2.996486716903746,2.9241682081483305,0.4732787276618182,2.66132503002882,0.3547180384863168,-0.00878400831166,-0.00855665661482,39754.48941193801,13341.347938452833,3146103.61934
3.827632394619286,76989.42795395851,1.7783298972062767,2.520199546124786,0.41441904073581093,3.5294394493103027,0.1343952531926334,-0.0161330664199,-0.0161098199788,4130.179045772592,13318.510285700142,1666214.53926
6.388491383753717,533105.5434420705,2.650504908990115,1.6180670745670795,0.24958038525655865,4.83222484216094,0.3171070995274931,-0.105564473405,-0.100707874917,161169.28794518768,119212.85121972086,21960266.3209
8.084121393971145,347236.47739738226,1.9456613771617413,2.7056608898565173,0.32866939436644316,5.162654392421246,0.24390114392153922,-0.0605016258969,-0.0600542716286,51416.02677880902,21746.88061945854,7219593.50447
1.0234855646267533,205182.29193985462,2.4833913892507553,2.203113548923284,0.1652006357908249,2.481052402406931,0.40458631347864865,-0.0517180760048,-0.0476708762832,23880.111427262353,8028.79980556475,12472559.0623
2.1214692490175366,420595.1878800988,1.5381321161985397,2.7749711307697,0.2663112089037895,2.9786377996206284,0.13017046386376024,-0.0971421419291,-0.0964712727904,33129.605221442616,28000.116347252522,5908190.26331
8.551684974692762,264479.21097278595,2.8906914107501507,2.0838097538799047,0.4516548423096537,5.656463038176298,0.29332707528956237,-0.0442859778333,-0.043543786767,116335.9652493501,63925.53214987915,7128183.8592
5.712107772938907,17669.75037753582,2.092101715039462,2.5913376258686185,0.1812451993115246,4.330611117184162,0.25362982279621066,-0.00264283287708,-0.00227911285799,10136.404317782471,18757.42352853846,7116984.7758
3.782218203879893,459723.79725426435,2.3369616153649986,1.5027948268689215,0.36795864617452023,3.0240341313183308,0.422883040830493,-0.103016475631,-0.102338999665,95387.46417843587,67376.99845855973,9286571.54016
4.708001923747361,564020.0491994619,2.0519144469872117,2.047346825245768,0.3940004508011043,2.159711431711912,0.17915940429084004,-0.119808372368,-0.119319402198,82925.76856851672,32998.50696668873,6628197.00815
6.636417484842241,119623.82923811674,2.5659422473981977,2.8554079877212644,0.2317394577898085,5.478136941790581,0.46932440530508757,-0.0219840933803,-0.0203310168013,39665.93740186591,14453.763904757228,11088927.4385
9.458111795596778,160182.39799886942,1.8617899012751877,1.8673296477645636,0.48043365050107234,4.526492524892092,0.09080149782821537,-0.0265429173484,-0.0264804883886,17553.769925029428,5988.23885376057,2002061.8099
3.0299880588427186,318641.6879296303,2.7562164519913495,2.276636097114533,0.3140684638172388,3.8293114379048347,0.3606976362410933,-0.0713831390984,-0.0692194655755,72579.55052484751,54365.97114665675,10212715.9995
3.2442959640175104,94256.01158291101,1.989024383481592,2.9750638715922832,0.17186023485846816,3.0673281997442245,0.07670804429799319,-0.0195151750665,-0.0186312406723,15358.005888695183,8602.554770189177,7498286.51523
9.683257803320885,552203.6790847778,2.5821523829363286,1.883922906126827,0.3336112028453499,4.264550935477018,0.3466797153931111,-0.0912925328507,-0.0890238443323,174491.27794017844,105255.68484766647,15643070.3162
6.8437273390591145,367469.3148583174,1.7869856525212526,2.392995730508119,0.25419191117398443,5.746437318623066,0.19324588240124285,-0.0687551099222,-0.0679464101119,42837.49229322955,3520.366262286885,7684581.54268
4.904988659545779,223584.71732586622,2.783949902281165,1.7013426152989268,0.42004173225723207,2.9280311949551105,0.4833765528164804,-0.0469097958934,-0.0463269130741,90289.23560265136,65540.52626908667,5785623.50435
3.576416404917836,252882.07791745663,1.5689917118288577,2.2459518341347575,0.4679990032222122,3.7630416862666607,0.23951576990075413,-0.0558413853429,-0.0557824805495,12116.517457647577,13163.766872473794,2343457.55246
5.513612411916256,394422.21354693174,2.8131512054242194,2.656963095534593,0.282823597965762,4.569629952311516,0.40885825352743266,-0.0781999241469,-0.0744809112998,146114.00471405027,49547.22469570829,16263727.7183
8.335320200771093,522905.7574644685,2.1110485335811973,1.6675000204704702,0.3843001367989927,5.427678871899843,0.1442363426089287,-0.091990608639,-0.0914807293984,95257.45896051587,47005.91473200809,6965314.86772
1.8983816858381033,67303.69180440903,2.2709461329504848,2.4766258411109447,0.19776025866158306,2.2499033883213997,0.30737235634587706,-0.015191216463,-0.0142635448169,6991.632540215903,1804.3744594239586,4710604.72588
1.2373897973448038,581909.7077473998,1.7037081001326442,1.5515047134831548,0.32074024085886776,2.7435290180146694,0.2579258239362389,-0.146800130793,-0.14646258687,28821.94758200905,26903.73474900499,14303295.1789
8.30967053771019,140369.4335371256,2.6784235378727317,2.5484870695509017,0.4854053276125342,5.9250810742378235,0.4187002590857446,-0.023641597042,-0.0233615790122,58084.786042935484,1475.2745837176892,3893516.20255
6.596204373985529,179793.3004796505,1.8825861462391913,2.127395551186055,0.23635782110504805,4.064407650381327,0.1203498648479581,-0.0339051137269,-0.0332512586757,36344.057366545705,3056.250725867168,6442128.97493
4.024215457960963,335395.50472050905,2.4994190842844546,2.725525913760066,0.39965835153125223,3.2616111561656,0.30304111349396406,-0.0704110919876,-0.0697559974216,72306.85850360703,22122.912457589468,8019504.46169
4.950415389612317,439693.3324635029,2.2175819780677557,2.3216831367462873,0.36264404631219804,2.4228087663650513,0.0828009620308876,-0.0905400716503,-0.0897837781533,99018.49030035293,29282.076678649537,7125528.66653
7.520106323063374,281745.80354243517,2.353582816198468,1.8164231884293258,0.17491901661269366,5.245006915181875,0.36881138472817837,-0.0538331223509,-0.0490614784314,50825.82886216352,20975.568209776273,16502654.1887
9.21568114683032,36072.18470424414,1.6521827741526067,2.9055848442949355,0.44565927595831456,4.758176676928997,0.18516555172391236,-0.00572932226471,-0.00576756691776,39727.39608965595,60549.631248530866,3695127.71435
2.146316369995475,479956.6436558962,2.918765468057245,2.003029298968613,0.26203318280167875,3.564730290323496,0.4632116903550923,-0.114817780893,-0.109279555827,97058.33651054253,70627.28261895468,21170386.0065
2.4379822174087167,195096.51884436607,1.6008955696597695,2.6065482306294143,0.3731174364220351,5.077016953378916,0.3374364991672337,-0.0455289730194,-0.0455072031993,6438.991975738321,28422.97593557587,3378742.94718
8.938296939246356,338833.4171846509,2.970017326064408,1.5403414350003004,0.20810875869356094,2.2546781226992607,0.05781574291177094,-0.0616623310778,-0.0533703957324,126325.72609180161,86826.34778277003,25017360.4597
7.224011628888547,543196.4552029967,2.1721662995405495,2.806658369489014,0.45758267682977016,3.7406853400170803,0.4961062082555145,-0.100563969045,-0.100163450994,64996.876119985165,18899.815799906275,6689342.75774
5.223439414985478,85396.48689329624,2.398987450171262,2.093160989228636,0.29394381255842744,4.933967232704163,0.20863113850355147,-0.0167820389721,-0.0162657362454,27618.998026874528,5844.536465029606,4330406.14835
4.321374871768057,39693.13111156225,1.9309322610497475,1.829050573054701,0.24345490508712828,5.757289581000805,0.400500814197585,-0.008451295652,-0.0082244303465,6618.624261931298,643.6655689497119,2643349.76932
6.319919469766319,495150.0702649355,2.4510855115950108,2.2621578695252538,0.43152486090548337,2.575566116720438,0.21976516414433717,-0.0959713580277,-0.0952594454848,122874.54972022887,45880.877700822624,7872834.30636
8.016871339641511,384537.35187649727,1.7462055827490985,2.038727967068553,0.16035685478709638,3.4373677372932434,0.31922997450456025,-0.0716126945414,-0.0689272895252,55206.79624569613,6714.87934116512,17913042.3333
1.518103581853211,243142.34275370836,2.635960082989186,2.8229882824234664,0.34432261693291366,4.240030463784933,0.1605211085174233,-0.0571039254232,-0.0563224490799,32589.764130042095,11219.881763897953,7105744.73305
1.6308863470330834,307644.2878693342,2.065655033569783,1.9668520842678845,0.43462375956587496,4.737745471298695,0.43493502526544037,-0.0781162443996,-0.0779462974766,34413.16591835015,8326.444949299173,3171706.06563
8.623688976280391,152187.4962374568,2.3163729454390705,2.9389868108555675,0.2725328722503036,3.931046772748232,0.2697986736893654,-0.0250845717633,-0.0243129967654,48251.253964883326,38142.29030326957,10161089.3712
5.785536631010473,130634.38329845667,1.5177280940115452,1.7604680769145489,0.35220934604294596,2.074066922068596,0.2832409371621907,-0.0269113456573,-0.0268593828759,8355.809810790368,7177.5180724857055,1802881.3725
3.292407845146954,572029.2448997498,2.864426650106907,2.3807223751209676,0.18601418160833416,5.251769732683897,0.11200808626599609,-0.136358009269,-0.11961195295,119722.31248282286,41948.70214121737,48116689.1553
4.636395090259612,451325.5024328828,1.829460956621915,2.6915745749138296,0.2255603736732155,4.432468164712191,0.38418784653767946,-0.0943828900696,-0.0931774109735,24818.557933043583,63.6371508178264,17747436.0691
7.126603621058166,7588.456571102142,2.7414642688818276,2.164488237351179,0.4110743631143122,3.2351653650403023,0.09555958868004383,-0.00104068760443,-0.000798692037174,36887.18597984338,1412.8600069964048,2852311.18162
9.94749119039625,272890.6776756048,2.0373469116166234,2.487433615140617,0.30934197730384766,2.7523930184543133,0.4443110238295048,-0.0446572754726,-0.0441070918371,58510.39949027812,25373.225396885227,8638822.27781
2.9569908352568746,430690.7935068011,2.53379522357136,1.6098401402123272,0.49622586364857846,5.570696100592613,0.17595173586159946,-0.114140145663,-0.113793560989,104510.54264067979,75973.64411960365,6049929.70411
2.8994578877463937,259157.68034756184,1.6800692430697381,2.696428483352065,0.29630953883752226,3.597521785646677,0.28556615170091393,-0.0578491694873,-0.0575057861453,20160.17128063425,13101.703175749491,3613242.70332
9.970966185443103,406045.2064499259,2.9377756803296506,2.191672075074166,0.45993768023326986,4.7908139154314995,0.10968644241802394,-0.0615239510091,-0.0604526183264,189686.56232381903,91125.70391968985,9852603.92873
7.184428124688566,511934.0719655156,2.2336132619529963,2.5307421782054007,0.20577473621815442,5.214323040097952,0.4302289629820734,-0.0965151719844,-0.0917449541698,117756.98408491396,12660.335640759864,22252643.7193
4.612628002651036,60358.47142338753,2.384358448907733,1.6278661983087659,0.37077277451753615,2.391970157623291,0.2745082530193031,-0.0127282568853,-0.0125145099781,30878.551917557896,16191.769180898744,2441458.04978
3.2711468124762177,106062.68215924501,1.91035924712196,1.9263015585020185,0.3419675711542368,3.2914720103144646,0.4488266341853887,-0.0237561359069,-0.0236254343452,11085.819560523989,7118.028915395412,2189908.05482
5.840854945592582,559980.1741540432,2.5184990339912474,2.923695901874453,0.1579911695793271,4.094118062406778,0.17143968949094415,-0.111937071109,-0.0994851212203,99833.6240537828,6580.084028886421,33181879.0206
8.645275897346437,360341.5612131357,1.7198992436751723,1.7525128307752311,0.4338695638813078,5.893417775630951,0.38167218007147313,-0.0646263589516,-0.0645159360716,27586.765291518415,1133.8897262404853,3289491.41262
1.5752416076138616,211110.9947785735,2.709175924770534,2.3504143115133047,0.24578888518735764,2.7117148004472256,0.09807876548729838,-0.0502229461728,-0.0475868155693,42673.24319749515,25691.868084192276,9310743.85842
1.529750437475741,447488.2408976555,2.1506354017183185,1.8706972254440188,0.1829649026505649,2.217234678566456,0.4990802759770304,-0.111131334112,-0.106645225941,47203.65151101546,29623.08227816846,16283056.3382
7.968969802372158,293570.6103220582,2.2782105272635818,2.2822120268829167,0.34917070651426907,5.394916940480471,0.20565372137352828,-0.0510862371932,-0.0503944629828,71250.25363346396,15924.108299061663,6627389.52751
6.308496042154729,23616.66988581419,1.5733770900405943,2.042657399084419,0.27555044610053303,4.6004389971494675,0.33337934371083977,-0.0042950408713,-0.00428391649759,809.8650463174813,16643.066770372618,2447829.19469
4.369053517468274,472847.3749011755,2.855709715280682,2.851462785154581,0.43765205629169934,3.7937570326030254,0.06186960260383785,-0.0952797300311,-0.0940927595266,151608.03655879167,72279.92588913687,15534278.6991
5.2735554510727525,593550.836853683,1.8265049289911985,2.5998607613146305,0.4992644608020782,2.8982912190258503,0.323529264703393,-0.121681937105,-0.12151242507,15092.907793990353,26159.125911058858,6122478.75015
7.210150676779449,146663.44933211803,2.791329810395837,1.5091317831538618,0.31239129733294246,5.716607935726643,0.15621846220456065,-0.0267597898095,-0.0255573048851,65455.30205511323,50991.92490635106,7908161.30558
8.888438663445413,172866.56498908997,1.9934322922490537,2.7681130548007786,0.4080461074598133,4.296333681792021,0.3977688812185079,-0.0290916049774,-0.0289944462144,9902.647101221219,45714.360444769605,4503842.98476
2.451585945673287,324442.02695041895,2.6245503178797662,2.076231057755649,0.22254275744780896,3.0990210622549057,0.22249379465356472,-0.0764529971447,-0.0716902057848,39792.91919149106,44478.00777997958,15507178.7556
2.1675773356109858,50611.172430217266,2.044707708992064,2.3164572953246534,0.4231765015050769,5.603458032011986,0.1250886500813067,-0.014905190855,-0.0148686500303,6555.899622824498,8394.16981166163,1177484.27467
9.160362765192986,502039.07154500484,2.5732866721227765,1.7895998395979404,0.25731595754623415,2.785061728209257,0.2982990257907659,-0.0875931897252,-0.0831724107188,175432.79814065,75872.43841682974,20708780.6411
7.498519469052553,378278.7725329399,1.8719316911883652,2.862636770121753,0.33050813740119334,3.2044500187039375,0.25563333234749736,-0.068721605803,-0.0683652912105,39240.419970761,33910.47669784096,7990388.16263
5.006060196086764,231538.94785791636,2.7459362600930035,1.984631307888776,0.16874652998521922,4.401659119874239,0.42098939456045625,-0.0502269543013,-0.0438847968794,55192.70493244647,18222.886076266426,17282238.0692
4.081748338416219,202241.29557609558,1.5250198692083359,1.5916947503574193,0.1946361699141562,5.28159911558032,0.1877002082299441,-0.0450974934238,-0.0446111735739,12466.78446817361,4540.926575511606,5345193.14562
6.5727293118834496,351326.73773914576,2.9040321819484234,2.5641499115154147,0.38116540862247345,2.103806897997856,0.4606737380847335,-0.066752976966,-0.0650451891767,173494.9707814318,48783.404264430224,11089320.9492
8.251846101135015,531336.1404463649,2.108149729203433,2.135722730308771,0.2859373439103365,3.8993539102375507,0.07830434171482921,-0.0937200486692,-0.0921646181002,118783.40724085119,33123.23679841881,11828994.4992
1.261156952008605,77563.77272307873,2.320685792248696,2.7554734884761274,0.4711020262911916,4.705962724983692,0.37330465563572945,-0.0191106524226,-0.0190568077082,7967.363844232684,11018.519080818247,1495196.93112
1.8482655826956034,463836.95024996996,1.765303838532418,2.2039332487620413,0.39720721710473295,4.207393225282431,0.19732202789746228,-0.114794083375,-0.114608382016,20070.678429101772,17058.242986185654,4881435.71387
8.349181085824966,14751.655608415604,2.6637602071277797,2.6372694270685315,0.23391732610762117,3.4045762419700623,0.47930391766130925,-0.00212583003564,-0.00112652446783,32595.8559300381,23049.03548316845,9331846.5537
5.563470754772425,265076.457336545,1.9616110436618328,1.6639310773462057,0.4878247569315135,2.6064047254621983,0.07375296661630273,-0.0542286176316,-0.0541418632951,28812.472546325716,9547.134386250285,2644488.97065
3.5628127437084913,418848.6775383353,2.4672117680311203,2.4477794053964317,0.3231703930534422,5.787973456084728,0.3496383570600301,-0.0927711452495,-0.0912693816831,68109.496854776,36364.60592905568,10548046.7765
4.893341736868024,314551.7114549875,2.1911497567780316,2.9813908520154655,0.2644736354239285,4.904256820678711,0.14700099853798748,-0.0622658038795,-0.0605347106705,53929.146290501056,25601.286542274833,8370035.60297
6.891628809273243,163123.66481870413,2.4268558812327683,1.915504490956664,0.44811045145615935,3.7108244858682156,0.30461121746338904,-0.0307379964562,-0.0304926817897,57575.99187983968,23016.33402605416,3517521.85189
9.6946812979877,119049.18719083071,1.631735642440617,2.431912978179753,0.17248890548944473,2.2864923402667046,0.23524920265190302,-0.0196189115298,-0.0192790228447,11148.606842060834,23152.525380077965,12593662.9146
3.1966173853725195,565789.1593873501,2.9861217672005296,1.7179120578803122,0.36022457461804147,5.108680251985788,0.41312839146703484,-0.12996645188,-0.127243709795,216468.89919049584,154683.97497054058,17208428.3811
2.9710660623386502,221815.60713797808,2.2071651723235846,2.027469682507217,0.47572990381158886,5.869687255471945,0.24932881430722775,-0.0552955815645,-0.0551578354094,38790.75580637142,7090.544074388995,3534216.79245
9.480779244564474,368043.9569056034,2.3637710977345705,2.813939065206796,0.29158306275494394,2.5474570393562317,0.42718740543350575,-0.0607672600113,-0.0590721698395,97663.64329686218,23550.423462485214,14607978.0625
6.69504792522639,549262.4122649431,1.6596638127230108,1.8390328749082983,0.38784669726155696,3.439594093710184,0.13290067855268717,-0.107486340331,-0.107289230179,34246.150184443286,3049.028170895826,4908606.81458
4.685626567341387,98345.98805755377,2.9115122384391725,2.272883679717779,0.19959566253237426,4.133007697761059,0.29060016307048503,-0.0207249894725,-0.0176021611411,41977.04477444254,4825.735157561143,10756613.0267
3.7617310555651784,69050.20214617252,1.6875688908621669,2.8063692413270473,0.16276014144532383,5.04994261264801,0.0878257118165493,-0.0139429660571,-0.0136771059058,2401.817374075708,3963.43583173351,6751185.18672
5.768850139342248,522308.51110070944,2.694425060413778,2.0906863971613348,0.32621826059184966,2.3683623038232327,0.36367677166126666,-0.105368444522,-0.102703573104,196885.05036739082,88175.83409559527,15130503.8059
8.571846234612167,397340.30831605196,1.8957903035916388,2.6084567313082516,0.25201053810305896,3.6362899467349052,0.18321484145708383,-0.0687695052306,-0.067759175311,65169.324195222354,25292.842111142778,12784913.6889
2.0650533074513078,248768.92492175102,2.4863533289171755,1.541528600268066,0.4168384707067162,4.939057473093271,0.46527226390317084,-0.0623371470872,-0.0619980756411,57609.17679442436,46880.67525419071,4578150.10502
1.036008764989674,334821.15995138884,1.5527670294977725,2.492826534435153,0.3648239186499268,4.4444629997015,0.06426581982523204,-0.122913223668,-0.122851889402,10814.12556084955,31274.936315946165,4033521.44099
8.037540375255048,181562.7034753561,2.8292389162816107,1.6130247074179351,0.17812111121602356,3.1379034630954266,0.3592318031471223,-0.0353353200406,-0.0291751626915,63843.288880981425,30524.79213064577,17471340.0995
6.375744755379856,136279.1731953621,2.1243488928303123,2.68744637304917,0.4547578660305589,2.8745534494519234,0.20173175469972193,-0.0256887222025,-0.0255956529857,16637.86022202686,25956.946681637215,2924321.13651
3.8744363049045205,584850.7041111588,2.2577820299193263,2.159615811891854,0.2694249555002898,5.5523574240505695,0.4747808172367513,-0.130089684285,-0.127529698096,81533.07186589741,46154.78075808171,16402711.8405
5.204557669349015,480554.1604757309,1.9787044948898256,1.7666220339015126,0.3171925108414143,4.63919897004962,0.2415742110926658,-0.0996449890892,-0.0989937358816,67509.87866076514,37444.27713038365,10001134.6172
7.704319155775011,34325.95822960138,2.592243032064289,2.389062511269003,0.483568420400843,3.9420087784528732,0.406909675616771,-0.00585178637868,-0.0057200672799,33297.27092914619,7279.627278093063,2445943.43451
9.38344821613282,285858.6637303233,1.794381933286786,1.9590903776697814,0.22862575356848536,2.0528624542057514,0.13909959718585013,-0.049528407242,-0.0486177191138,44653.506596739324,6634.296832231069,10118133.4449
2.3839442217722535,436774.94041621685,2.776783576235175,2.931945724412799,0.3908973860088736,5.371300883591175,0.31239923848770557,-0.0992518710713,-0.0980646508998,130302.19857474887,7782.390761176398,9651214.82287
2.6569757740944624,88319.45210695267,1.8456452270038426,1.6721837692894042,0.2415345513727516,3.8599984124302864,0.439904829999432,-0.0206258752315,-0.020344766186,8978.34373320283,4642.46158072542,2862057.83165
9.087345961481333,539088.1771221757,2.7255078074522316,2.480565366335213,0.4278923492413014,4.5573299415409565,0.26471900567412376,-0.0879969726472,-0.0866859274585,206650.32450257184,67291.46392902073,11242283.2853
7.426927387714386,340584.22576636076,2.0240976931527257,2.2425785791128874,0.15168334119953214,5.445346161723137,0.2813451451249421,-0.0641004043008,-0.0595104642581,55573.31913478855,932.1676354425609,19296632.0707
5.496231043711305,194503.57519090176,2.546815917827189,2.6513814884237945,0.33667666618712244,2.1270715706050396,0.11401374158449472,-0.0381389955761,-0.0372836451296,74852.37206510165,3646.3395003450346,6884397.41368
4.155157616361976,240205.92849701643,2.076026778202504,2.399859573226422,0.37640698296017944,3.055694807320833,0.3755358918569982,-0.0512151893889,-0.0509421022131,35743.19136059342,1821.1742690862723,3839944.21399
6.0829379968345165,388632.18538463116,2.306139602791518,1.7089270781725645,0.21037474782206117,4.362426050007343,0.10410168007947504,-0.0770417081915,-0.0734476563936,89374.28773194482,54365.794663356726,14640911.1481
7.761247910559177,493385.2404356003,1.5102921165525913,2.9665465028956532,0.46489100302569564,5.626600991934538,0.45691675576381385,-0.0901268923419,-0.0900334422607,53478.33008814732,66899.01932204145,4858927.24248
1.3331757057458162,40272.05798774958,2.8717249408364296,1.8775917165912688,0.3029576209839433,2.948930487036705,0.16345586720854044,-0.00950406392909,-0.009064295282,11600.75134033856,6928.718340714981,2414204.62679
1.7810351084917784,576137.824729085,1.941205658018589,2.895036445464939,0.21825354821048676,2.4502464570105076,0.3394399953074753,-0.135804101967,-0.132642563923,64716.53126688797,32786.958634076356,14917353.2799
8.843780059367418,127711.70642226934,2.4409483708441257,1.9932244084775448,0.4020617216359824,5.131937853991985,0.05592211005277932,-0.0205362234816,-0.0201954347825,57712.57887423189,15482.586145448447,4122195.77448
6.057228520512581,152780.16049414873,1.73885579360649,2.3309097765013576,0.30605393410660325,4.864894267171621,0.4910243810620159,-0.0301493186442,-0.0300049683076,15306.934405994494,16337.461210370899,3734764.45662
3.4942260775715113,305893.20436120033,2.643172900658101,1.8278588955290616,0.49396104407496744,3.562198758125305,0.2136031024158001,-0.0673439714036,-0.0670128912531,56900.61032017644,57676.29491974487,4360123.59758
4.398311799392104,426596.23492509127,1.6171667436137795,2.126397252548486,0.4432984427083283,2.6295396611094475,0.38800364467315374,-0.0925727594949,-0.0924723196411,10008.605337958263,12763.66315310219,4218689.99552
6.9592909179627895,275827.37132906914,2.9539761068299413,2.7238062797114253,0.28018032633699474,5.951850239187479,0.23237219695001843,-0.0493730948304,-0.0459107932886,120259.18654140772,30778.0567586906,13722222.6158
9.76366513222456,7009.241357445717,2.1588194486685097,1.5541681610047817,0.35413086670450866,4.058646023273468,0.32777076503261926,-0.00107751583257,-0.000887991529901,26813.024293172737,9069.768217396837,2634166.66973
2.7024628538638353,453090.0305137038,2.4121050615794957,2.548965053167194,0.18964819400571287,3.365335162729025,0.15187045470811428,-0.10517470678,-0.0969781368011,80058.31501977217,41375.36634635191,27230514.8331
2.7719465093687177,374606.0270816088,1.8755480577237904,1.514036181382835,0.4062209440395236,2.9133631624281406,0.08354650088585913,-0.0872456186036,-0.0870655378647,33757.65332646579,35512.29071065451,3478985.1102
9.834802000783384,216732.09574073553,2.506663199979812,2.580279276240617,0.21951867640018463,5.731809429824352,0.36796604422852397,-0.0348963330595,-0.0318094789921,81120.1376614871,11144.02101666494,16331640.0659
7.030414844863117,101172.65302687883,1.7085718782618642,2.0726696862839162,0.48991713887080546,4.2811396680772305,0.1859662627801299,-0.0190253360439,-0.0189987897463,235.74002996230527,15009.229677124858,1247959.92117
4.46781684551388,544984.6543371677,2.67339959833771,2.7862942032516003,0.30458468990400434,3.083941638469696,0.4625313870143145,-0.113927053032,-0.110539594308,162873.02545508972,57339.98041274905,16417046.649
3.4247475685551763,515687.00540810823,1.644389386754483,2.288564097136259,0.27579479897394776,2.2332909032702446,0.260855320468545,-0.11551506816,-0.11488799678,55193.370694836514,8031.802300729218,6854133.51949
5.986077553592622,74220.61488032341,2.9267191286198795,1.8555846526287496,0.44217149866744876,5.411087278276682,0.41564348838292065,-0.0143317309413,-0.0139950850317,54856.88636066435,30074.043252225834,3457629.76566
8.772650483064353,246029.16575968266,2.221690434962511,2.8435812746174634,0.19346578903496264,4.584260702133179,0.12333453525789083,-0.040783809979,-0.0381152274166,60740.59925698079,23586.12402885854,18611362.1621
1.7115436578169465,401558.62625688314,2.349268399178982,2.059356543235481,0.35573830027133224,3.777708765119314,0.3001493782736361,-0.0960008712413,-0.0954959115561,80310.23118998315,5801.1689904712775,25856186.8254
1.4021017299965024,186728.53857278824,1.7909109815955162,2.912509946152568,0.42407359052449467,3.276270516216755,0.23707873281091452,-0.0441777583767,-0.0441313194473,3498.86709230158,1710.9799426463896,2330932.64279
7.832942946814001,328195.0766220689,2.7801848240196705,1.9404344069771469,0.23992628790438175,4.079046119004488,0.4114221356343478,-0.0608475058042,-0.0560165116697,130781.52524706688,60316.63262400716,17975041.6902
6.154620091430843,589064.4444152713,1.9814140792004764,2.3600594722665846,0.34106102986261244,5.908497199416161,0.14163469919003546,-0.113649517311,-0.112878827285,70876.05340573807,39201.93393193748,11264278.6494
4.224105031229556,133534.83639657497,2.589556749444455,1.7399551989510655,0.1528094553388655,2.726908814162016,0.3098814937286079,-0.0302713979708,-0.0261410081827,22095.088489419813,8922.176383678021,11610810.301
5.4272935362532735,29237.869195640087,2.1157291838899255,2.1906770886853337,0.21441714512184262,3.5813514478504658,0.0755760603118688,-0.00521704862548,-0.0047950746525,12252.1209656896,11115.745040305274,4852344.78319
7.3552359556779265,487111.6530150175,2.2664715321734548,2.717914166394621,0.37787438547238705,4.774757690727711,0.347911071870476,-0.0881995259713,-0.0873678579945,114856.0420622488,10106.724509076701,8627312.19965
9.015675920061767,432492.6048517227,1.562136706430465,1.6302157449536026,0.29879689067602155,5.230371307581663,0.19194929040968417,-0.0762235420985,-0.0759299991035,35691.555228031306,4148.196679559337,5328796.85265
2.5880253249779344,288680.75106292963,2.8198460270650685,2.507867692038417,0.4636240331456065,2.4081484526395798,0.48455316624604167,-0.065168815613,-0.0646794378919,74359.21473973687,26274.87284293375,11611799.2073
2.3128042351454496,536407.9250022769,1.513779854401946,1.9043442928232253,0.18232489144429564,4.9193288534879684,0.38684632680378855,-0.134220997574,-0.132693343243,57590.382860524456,1473.912543733235,13136129.6592
9.313967812806368,92450.79718530178,2.8681688625365496,2.995452177710831,0.3661326085217297,3.726025890558958,0.09278112985193729,-0.0137918334294,-0.01308805717,69049.36314229663,29568.294508003644,8011063.27071
7.634817227721214,187795.09216547012,2.073242427315563,1.7276687901467085,0.2654256133362651,2.271298237144947,0.4471341104246676,-0.035579436409,-0.0347686617476,54825.496733622625,11913.699653422133,7127469.62776
5.133430490270257,345814.1500130296,2.3089457130990922,2.4191979872994125,0.45333217829465866,5.093600917607546,0.1732280217576772,-0.0691399727978,-0.0688457225608,69425.55581964571,12291.20535050089,22841853.7731
3.945588445290923,391518.3573961258,2.032689127139747,2.636437516193837,0.47922778464853766,4.223449360579252,0.4354095461778343,-0.0841667730776,-0.0839543687342,37830.0826057614,33044.12767986366,4134594.58478
6.445222225040197,235841.19770675898,2.5382927348837256,2.2253016214817762,0.316108794696629,3.4207466691732407,0.26923164674080907,-0.0450115476221,-0.0437774278278,92134.3622823399,24281.852121197913,8114187.85496
8.107030652463436,46747.15083092451,1.8363388278521597,2.450194758363068,0.39475987786427136,2.5902265198528767,0.28388006608001887,-0.00813365536136,-0.00812009169528,2399.0583102684127,34539.64077991558,2765545.453
1.1071393806487322,488361.24055087566,2.734792357776314,1.6410365724004805,0.23027640981599687,5.77192509919405,0.11149580236524344,-0.206094355095,-0.199003351911,142762.00709955694,118272.26339848351,25871638.2312
1.9933551531285048,123351.55326873064,2.179227298591286,2.5691258325241506,0.28772241128608583,5.266397710889578,0.3995303989388049,-0.0296368760933,-0.0292472222151,23096.25192477144,6903.875512562291,4314581.30778
8.502923462539911,579028.5743772984,2.3917662003077567,1.5720875076949596,0.47408075416460627,2.0887348651885986,0.22082851459272207,-0.104392950884,-0.103942389014,135855.48821661234,89277.08776775775,7802243.50316
5.699905842542648,300873.78211319447,1.596054702065885,2.7520694760605693,0.20393813867121935,3.9144332446157932,0.3182043870445341,-0.0597733738947,-0.0590991746484,29407.619888293553,15280.050485038117,10118034.5331
3.6900457087904215,159259.83097404242,2.9750641314312816,2.1537923072464764,0.3889319200068712,4.72115682810545,0.1614194218069315,-0.0338921217811,-0.0330534363534,37481.635336763306,39425.39778141158,5214341.14599
4.757319172844291,279963.294044137,1.7539761043153703,1.796069220174104,0.330218431353569,5.587287604808807,0.33516103248111906,-0.059977600625,-0.0597334781709,21868.38008519803,18095.714999513522,3506972.628
6.763984393328428,423920.5604419112,2.627983511891216,2.3011816469952464,0.16418699156492947,2.7690055929124355,0.06021161731332541,-0.0836972365086,-0.0733462403995,68876.18384470981,10389.915038658402,28295768.4716
9.549728520214558,458324.5323970914,1.9268009383231401,1.9767698161303997,0.4126355190761387,3.220498375594616,0.49377556769177317,-0.07863724294,-0.0783579909096,64897.339357143035,1811.0810202756365,5483435.38771
3.042737143114209,305.33596873283386,2.4553770180791616,2.8792701079510152,0.25070301061496136,4.417837325483561,0.21086197742260993,0.000928662883437,0.0010158291763,961.9873845555657,7369.434621379383,3571809.1872
3.1249408731237054,412227.332778275,1.7233011508360505,2.3690187837928534,0.23521466790698467,4.685650464147329,0.4515640879049897,-0.0939566499753,-0.0930614805876,28926.56796456255,9629.04174016617,9339366.96827
9.625728736631572,253840.70947766304,2.7057056771591306,1.7719886633567512,0.4014196764212101,3.9883307218551636,0.16868483158759773,-0.041028916261,-0.0402032752179,119981.67227039089,71871.22345344232,7916605.413
6.82269777264446,63537.61442005634,1.9076721710152924,2.950402791146189,0.32173335724510255,2.0065330304205418,0.3773794843349606,-0.011426626504,-0.0114613082672,5326.826920585953,47502.05344769717,5094363.35896
4.821652417071164,507862.307690084,2.5212078695185483,1.955253099091351,0.48383409385569387,5.324856869876385,0.10235453983768822,-0.104273699676,-0.103727599133,92195.89274410771,97488.4868124596,7595731.5996
3.634492659009993,553564.6621137857,2.242301970720291,1.5974499033764005,0.44701538723893464,4.491883337497711,0.276013506622985,-0.124351924217,-0.123989197155,61213.53146023926,64956.86960878119,6297202.68722
5.632411765865982,111585.57292073965,2.375737991183996,2.4996408470906317,0.2601416787598282,3.1852096877992153,0.11924914242699743,-0.0213708782843,-0.0204900287596,34093.240269304224,5366.609667660595,6741404.33893
8.418109289370477,208137.7761438489,1.6706770132295787,2.176590863149613,0.36186388279311354,2.827255181968212,0.44176945015788077,-0.0376005105784,-0.0375033604739,13126.177949210893,22246.949776913785,3635075.1908
1.9199670227244496,364179.93530631065,2.9471460613422096,2.6792889442294836,0.17636007643304763,5.504929129034281,0.262978303572163,-0.0986604628244,-0.0838418719338,131612.40776428534,15445.354144157964,32947574.5763
1.1900209048762918,299098.0787202716,2.0137428673915565,2.1043570144101977,0.2556754869874567,5.00362066924572,0.32605045274831357,-0.0813558841223,-0.0804559020706,50336.69766585718,7820.053484587381,7386357.66779
8.182352538220584,441077.3064941168,2.6043087313883007,2.7956455280072987,0.41930450196377933,2.321910809725523,0.15368679007515312,-0.0762530730254,-0.0752688347127,154206.38774749156,13361.027017699113,9892851.66467
6.503257273696363,476690.3266310692,1.8054787181317806,1.529246875550598,0.16984043181873856,3.6827339604496956,0.39325986448675393,-0.0967822672438,-0.0936108160082,53112.74261113221,19982.270734186513,17145134.1127
4.010599483735859,20648.028887808323,2.8123320043087006,2.617825973778963,0.334839265467599,4.985386896878481,0.22699270281009376,-0.00362953887342,-0.00328351676343,12111.667045622817,671.8116818347454,3055004.45946
5.077181943692267,141351.056098938,1.5885832314379513,2.8349625058472157,0.3826009378302842,5.822381030768156,0.4893113635480404,-0.028931641854,-0.0289002404403,4456.426104095742,5344.793330085448,2643151.54184
7.568018111400306,599737.5408187509,2.8404344958253205,2.02693692734465,0.1986249926034361,2.5000367015600204,0.21543960883282126,-0.115198313162,-0.102603284652,174515.79548187583,72519.66926555091,34456942.9367
9.229848599992692,320374.84031170607,2.136133407242596,2.2502851118333638,0.4698031778912991,3.487022388726473,0.34470351156778634,-0.054270504564,-0.0540614107406,49165.694246108615,7141.259756450959,4458206.08885
2.238720607943833,176050.28562247753,2.292736449278891,1.8411065144464374,0.28172304420731964,4.18030596524477,0.05056278528645635,-0.0439942350802,-0.0432067051402,44267.342146375966,17106.291146248645,5732588.7031
2.5205416921526194,499006.3413977623,2.087810208555311,2.7375941961072385,0.35042582177557047,2.67599106580019,0.1779314768500626,-0.112953281299,-0.11204314375,59955.76843321379,49787.95001371262,6405401.59211
8.960111856460571,54536.52385622263,2.341092938091606,2.1155104525387287,0.18713680957444012,5.9981722719967365,0.4704598200041801,-0.00945413813133,-0.00777220753671,26895.422124352364,12360.756431694133,10260017.6978
7.281836811453104,225210.40868014097,1.5461086872965097,2.5367033584043384,0.43617279916070395,4.0123166888952255,0.08962831511162223,-0.0414378700805,-0.0414014571364,18348.471865932108,35881.41535996549,2644431.34422
5.342489806935191,383742.156252265,2.882920889183879,1.5634716083295643,0.271519225416705,3.3188910596072674,0.36199765726923944,-0.0801651615795,-0.0762989494595,144895.51370584164,97996.36340607092,17248510.4404
4.300111399963498,354446.36922329664,1.856743095908314,2.014319383073598,0.3112543403636664,2.497666884213686,0.12761001917533576,-0.0761573418095,-0.0756901336091,53866.85578465253,14477.681482881475,5075033.3878
6.2368170991539955,198256.50863349438,2.761057319585234,2.8944779438897967,0.4948916179593652,5.179243989288807,0.29576754812151196,-0.0362355383642,-0.0358973050468,60960.14116985799,4130.672125013128,4289907.77082
7.89726946875453,83832.87191390991,2.059135696850717,1.80541767552495,0.2241401780862361,4.817595910280943,0.25112412115558985,-0.015050830591,-0.0142833550893,32554.766512291695,515.3915877131436,6272081.26689
1.4608212616294622,525959.6625342965,2.5588812483474612,2.3328718333505094,0.4118763870093971,3.5147705525159836,0.42548812166787686,-0.126599406197,-0.125789097725,67571.39758709258,53076.890973718895,8384348.05314
1.6447383556514978,10762.29102909565,1.6281788600608706,1.6890464373864233,0.4583421012852341,3.0093727745115757,0.13744858815334737,-0.00278179650876,-0.00277666115982,34.702859899799606,36.331810014196456,264579.800252
8.716408625245094,466952.0040974021,2.9896088456735015,2.4051089035347104,0.292480767192319,4.315974645316601,0.3141741655766964,-0.0794323787801,-0.0741762584122,184926.81464243543,86317.290814673,21072614.289
5.912000615149736,413467.6219895482,2.193956615868956,1.8961145784705877,0.3719115731772035,5.673045095056295,0.24678944172337652,-0.0819993516954,-0.0815258750484,56444.19758816803,29042.96156219915,11520692.9868
3.3406221698969603,271340.9788906574,2.424072323832661,2.9626891943626106,0.21014908696524798,2.9952598214149475,0.4015982073266059,-0.0591802084217,-0.056351808455,52320.344051287306,909.996666031025,13713840.9705
4.543128253892064,167044.43860799074,1.9530886095017195,2.4650163087062538,0.15947125661186873,3.812692277133465,0.20005971631035208,-0.034657283119,-0.0328729676327,24386.85056694459,4485.571655341519,10267753.5595
7.113307349383831,311514.40367102623,2.4758039955049753,1.6789265479892492,0.3459999555256218,4.509909514337778,0.4765493078622967,-0.059396337624,-0.058420526818,92362.5372693559,56685.323039145755,8611110.76207
9.899824019521475,571247.9654699564,1.774587684776634,2.668468122370541,0.2445345998276025,5.4927743673324585,0.06946002277545632,-0.0919376027166,-0.0907835967645,72194.24057878519,23772.184048726907,15213705.3196
2.829971080645919,112716.07037633657,2.654453148599714,2.2342638024128973,0.42969882064498954,2.174369927495718,0.35391389671713114,-0.0251070262713,-0.0248594813405,34997.663289977376,14047.276988979858,2760440.94938
