input_depth,input_top_load,input_width,input_height,input_thickness,input_h_fill,input_e_ratio,u_y_crown,u_y_invert,M_roof,M_wall,sigma_vm
8.169756015948181,433946.0182501253,2.362491586400112,1.6516126992215665,0.40520398871557417,4.563396289288273,0.13585751009609237,-0.0764493180413,-0.0758626210153,109723.56366070067,69292.2908272861,7531088.4011
3.28909178382881,340792.39703273174,1.7876846547348555,2.3991696405534513,0.2350069289476137,4.160031842005572,0.44119090004555217,-0.0764701073914,-0.0754333113935,30449.233496387547,16497.560805111323,7195401.53072
5.680148651462015,10814.848086080914,2.9473241817014557,1.7467588806665482,0.34021180584535216,2.322036696608999,0.3579063806143792,-0.00199980558563,-0.00145820281752,39616.03782584883,20064.609386917025,3684076.03523
6.12006553257384,438692.07384925766,2.0814794567803667,2.7537680793324304,0.3300822301645766,4.65897312692338,0.3372778938135327,-0.0845049597054,-0.0836975120793,72745.74793239497,4478.934140713588,8056686.58312
6.972681316625332,125693.51607690181,2.112277299068853,1.9331152872852286,0.16724668191517925,5.4096593050239115,0.2302286062961481,-0.0238559643172,-0.0218405602308,23661.382258108355,508.68889001465953,10155721.2798
8.918981595119801,52908.56300490948,1.6553441969456244,2.993293929300876,0.34313021798007665,5.404771417711542,0.41900113349906126,-0.00852842777672,-0.00863700785693,28264.09694886055,62116.7570587878,5576774.05598
6.57644875900963,230629.19865358275,1.580700450836952,2.6057206092984355,0.24662432163537265,2.0386409601419304,0.2313342418845677,-0.0445327799302,-0.044351519364,13022.226380798924,32989.598209163945,7650709.9259
8.64658382623259,221994.8002639391,2.1799466114777784,1.7741949752284354,0.4280444207625761,5.3856149773853765,0.20380502036618425,-0.0381336028581,-0.037910237476,47861.95637727496,21010.931822831655,3661430.24761
5.288978344063006,385491.76195805107,2.7880312845371256,2.7941471650372276,0.23435614563350207,2.7134791927503046,0.24999389241488879,-0.0781000475466,-0.0724095414245,135903.99373222477,23036.617307991586,19869697.4356
1.1034109251545179,538519.8718051693,1.7984930663016574,2.633049350487877,0.4063581909182603,2.454477053378115,0.09830476557938125,-0.130859392708,-0.130620669467,16278.51470960585,25121.09815779742,5378261.00247
4.668150054682387,294840.6684298217,2.8310870529075967,2.2600566540966414,0.19488440603297405,2.9528804069166408,0.26178947859438817,-0.0633928383637,-0.05677806045,82879.29683183703,25967.572528098488,18531820.7976
8.594515061985337,573768.4353808947,2.0712577833393517,2.514861366277562,0.25357438378290176,4.849999755324181,0.234567249528769,-0.0990252971643,-0.0967537636153,103312.48968331049,8147.69456806092,16067806.0578
5.57179636249199,368241.09176961426,1.74061594501418,2.66826893404775,0.24571848078860198,2.4378948935229245,0.07494258649381116,-0.0736746547702,-0.0729333408518,48071.66185464606,12239.91516885422,9421995.72638
5.501854538716728,506070.8517865869,1.8592734974151846,2.534403719676399,0.17825245537461998,5.308780577147697,0.19825657815291386,-0.101566554896,-0.0988158038058,26045.82928332261,13393.826571729604,22145661.9056
3.5727433748281117,308747.0145062416,2.704622152668801,2.1724289693708787,0.31293705904716973,4.367518278960888,0.0761017920550936,-0.0668273121961,-0.0647053183094,74131.99347163066,60135.738199898864,10322219.7443
2.2868884572324784,47805.00995689975,1.7944671183898901,1.863795453486916,0.3558153379846997,5.422939733053616,0.48070156688449917,-0.0118469515377,-0.0118051233976,5410.000593937874,2201.15858502059,1025510.48091
8.280361273986147,446299.5434134235,2.61314266125784,2.2618227221973686,0.4518456441693014,2.282600376295181,0.3148786493701484,-0.0788607384897,-0.0780961917859,156792.08539835174,55365.478726466914,8526390.34746
7.3165871006723755,594676.7984241269,2.5918013702892626,2.6989831644918763,0.32467246227164215,3.3951537350652012,0.4206943895195296,-0.109090326329,-0.106249745178,189242.40033978724,49010.71809893273,16729299.1541
4.556983956368604,400675.4139246687,2.0225549603255417,1.74184235024242,0.2008126832796691,2.6239343837895275,0.49982472877235773,-0.0879018296105,-0.085236797908,77145.68225084177,29615.690887005465,14001277.7212
4.076854172804854,172028.89573955926,2.9893915231340356,2.579004130799241,0.2072465297949414,2.7976683970177483,0.38485024053987027,-0.0372152149193,-0.0328293385167,59749.099591352024,5040.372878795455,14306253.7119
7.478683887592653,326118.4029158416,2.3561496258233228,2.130158501718572,0.18334092450424994,5.590078426125192,0.27017360644396066,-0.0607526413056,-0.055873714126,75933.91540127205,14105.458392305132,18318336.6182
4.329733262814481,244032.90036013254,2.954875400644127,2.526349327988229,0.49633534818596714,4.633209637924423,0.06940691104867798,-0.0489537587769,-0.0483606993319,72401.5391633002,63645.61975729061,4766538.27215
2.219574976234948,448931.92164869496,1.968486754338615,2.430255265555812,0.3278792079542718,2.0284074172456896,0.20526165767017385,-0.104496900613,-0.103906118188,58120.14501319966,18707.707141762283,6700637.61919
3.144285307598958,348753.0889369244,2.6399465843656644,2.719400377006088,0.33791348675338273,4.630231042533669,0.4033821911912784,-0.0767044016335,-0.0751483398822,52487.59016267111,39463.66405401313,8969725.96654
8.389950124867859,424626.0844281392,1.624956727985932,1.9286152571763737,0.3010708770686084,2.662829299096022,0.303006643399441,-0.0777102171384,-0.0773730291498,43599.6306906765,9350.3695385176,6310109.12961
5.301570528206115,409646.4951838629,2.553234243380231,2.117110908852019,0.3021464921293267,4.491584643465256,0.4090189108760452,-0.083636309826,-0.0815961990672,121942.78540348455,60561.68152113711,12099172.6282
2.050098006729695,187429.90841689438,1.9127736059784395,2.0085696427489763,0.1502143079822255,3.557549927149835,0.3245296743531427,-0.0452652503615,-0.0431361708159,16172.806921202231,3478.4850668469076,10181936.3369
4.0913486585142795,484003.6972077485,2.134409261755989,1.8887482981203265,0.2201994511500137,3.54109730747658,0.07552548189218339,-0.105397915203,-0.102554295708,88600.99607030192,53626.38513962843,15384651.9649
9.1497922305857,323585.0906730611,1.8461103863973096,1.6551907038157403,0.32102739667896785,2.86992099731106,0.152171301992397,-0.0565866610346,-0.0561932986047,57762.095617639476,12136.464192278807,5727837.06639
1.927381302504876,571182.9999298116,2.792189859975842,2.074018671732219,0.3791004761593226,5.677059942514697,0.39199720578303465,-0.145877010527,-0.143995019126,175581.6593261185,100024.34227269924,13861140.4406
5.038573574190087,398490.95196649735,2.1863619978825604,1.708793700594478,0.41170234250010374,4.591776115054768,0.17812747502189025,-0.0825058431995,-0.0822143451551,49435.68313855981,27898.009417487334,11095581.3206
4.626024947056444,543615.1091623653,2.8630347513697503,1.7559714744171768,0.2515098902637089,3.975156408589976,0.40192634286967965,-0.117330158285,-0.111215933693,146038.03023254804,102157.346107247,23746074.5142
9.183994731551701,22273.573609541203,2.102131151560398,2.727689886942274,0.2902501102619188,5.366658520111116,0.3484021588706574,-0.00303835673451,-0.00301145062584,7061.824084999134,44654.1847350587,6057031.25143
2.5672929301568086,476732.4574318072,2.8820086783517738,1.5068484735666816,0.2618829051477125,4.298980960358556,0.14925522080080075,-0.118284413009,-0.11260265423,171643.42815711812,126781.69735993647,24682539.0867
6.529645725718744,331925.1411335889,1.8275716876999855,2.7179096660221718,0.28910837432759967,4.616196634853228,0.18067727202306405,-0.0622289367936,-0.061716021459,44249.48274427053,12307.084798129714,6833502.44616
6.388195629350382,234666.90211067157,2.6498583875920163,1.6259026261445506,0.3767449214568597,2.9140837640685104,0.11829283815322468,-0.0454817755617,-0.0447282398314,94514.47748416495,65765.63927759671,6794065.49603
5.011867971354209,342454.4446246335,1.583734773649154,2.5175751359183747,0.47506838466770807,2.3887731602175943,0.4754131685777716,-0.0719624718802,-0.0718958928896,15689.04454889674,32962.021357186364,3598528.45423
9.474811269303485,16575.67369572787,2.7700938196434652,1.9380053665923904,0.4347741397308531,4.194426363565949,0.0661743277200496,-0.00245855537427,-0.00216000566224,53393.06568412517,18679.51194290781,3438400.46727
9.082880804720242,555500.9825052284,1.819176070599573,1.9807626123359214,0.41264145775183425,4.529739087293947,0.3889598673891494,-0.0970849615115,-0.096833419425,57212.21354677505,1524.893781699933,5372999.09122
9.36367434591724,217366.93239993227,2.61930382269375,1.9507823424461024,0.27035482166759,3.6589777379951234,0.48762036973064465,-0.0371854291892,-0.0348774608677,88270.5231019304,30248.589431305503,12205724.908
7.349591300871575,171310.29937348186,2.0737405990871993,2.4155961994698107,0.2174646802852948,3.0966292779546456,0.27684736615794675,-0.0315594967952,-0.0304096326749,43523.308948122336,15818.840703043394,10103103.9393
3.920305297832843,160523.93032612855,1.506443881810523,1.5940451147349226,0.15703572206109648,2.903993745026798,0.4085045385640963,-0.0359145788212,-0.0351829779198,13319.732542752137,1135.2367947189073,5958276.34596
8.619174344291652,362012.15255437896,1.9734105779796631,1.5142207933631338,0.44100216499120315,5.718546559300258,0.4722344492287567,-0.0653104766547,-0.0651371317489,41422.79723652159,25507.71774778274,3865996.0913
6.051236301229047,23778.616759342352,2.2676081878940884,2.7701943473854738,0.41504510199792033,2.953832478204923,0.12056620312680735,-0.00400247645313,-0.00396637950145,5665.960462294558,31312.219507912247,2691490.35908
7.864198515291096,26753.58919360885,2.0609827330799186,1.9743143011359976,0.34583026752055324,5.416056270215181,0.10708937884411197,-0.0043822782157,-0.00425969294576,16113.895552491753,7299.544122664363,2467355.11975
5.865734935165285,3774.4726338115056,2.692291394559915,2.702810485642944,0.29185610901706804,4.31220062952389,0.4330316505745782,6.19785643948e-05,0.000393527416186,16926.866391105486,23456.797649263404,4807166.92141
8.010857379639226,146464.41058717048,2.5274268099961086,2.639801015374517,0.3981789357255944,3.5217525806854306,0.41312471913762977,-0.0254073855048,-0.0249933338769,61837.25776420099,13432.608223597445,5520804.32589
4.168289351737057,338255.75207960483,2.7270593666297813,2.6737056156483923,0.20882723525754793,4.278330388023761,0.48799040423575957,-0.0735308852434,-0.0670064542979,66944.55803608209,26796.62493184269,19041488.2318
7.043461174646298,510834.85299866326,2.5621311532080466,2.650574130731588,0.3724173191396306,2.5351015776609036,0.17660070275197198,-0.094194169948,-0.0926624519664,158887.15135806953,37911.719343002835,11710920.7531
3.088759084998604,453823.8252033954,2.1495642258832253,2.16168426044956,0.34698163199470516,2.18388418043951,0.32996775599602596,-0.102800323665,-0.102094372192,73466.55286573738,32707.878805150074,7150115.51777
4.901668194170943,351085.1852580784,2.278913435845961,1.8121557244728195,0.1938211844332433,2.4076551800686987,0.2955953484677164,-0.0756104382285,-0.0716542264723,81712.58747417328,32099.37851163051,15856735.1482
3.384835033529264,175888.00578701097,1.8725753388436843,1.6335747013552955,0.28590661517684396,3.504544458501404,0.10553663410468817,-0.0392314048599,-0.0388731657956,21119.69364242774,17019.472951680767,3301383.23912
6.566206999764253,320050.07647373225,2.4598963621682524,2.4587805761546733,0.3772581048576979,5.343362359452532,0.09611317467939375,-0.0580520562089,-0.0572887884004,77472.51542047349,33822.45570083612,6529513.59802
4.5866892254400415,201552.0070595107,2.8487124944435687,2.2325287903733737,0.21516473083156074,3.236309169171769,0.21833397023680606,-0.0427145066296,-0.0386591129056,69314.54335947825,23419.98176571837,12925546.308
9.708485769905987,126621.0282153033,2.532951371640445,2.3040388143151165,0.3125809136452764,2.1365948569751674,0.06911383237775018,-0.0204334505668,-0.019485029533,73925.3323306897,3299.1783182712643,8065245.67347
8.429174737037581,415991.2826426506,1.9215065900813273,1.955035468134839,0.16946569654335342,2.065491210033464,0.20088078054945174,-0.0767054156889,-0.0730363879212,55881.01491834965,1111.951958559262,19693695.2896
6.882965816402832,545276.4901584224,2.187086801166178,1.8284074693362344,0.4809909284575523,5.101848007013073,0.20247883046480664,-0.10298054154,-0.102711460232,75811.66364595426,38942.51248776338,6470327.00627
7.414838486703369,177373.5982102534,2.9579046490116543,2.8314573940513608,0.2823877003360541,3.4203151012461195,0.38700596553519623,-0.0317123061743,-0.0291680697589,84538.99128883246,2928.130518867745,12696410.2377
2.0361910823129934,258471.5640525132,2.7903449098601354,2.858813525844803,0.1820293172865875,2.846552285193445,0.24666815276346093,-0.0618990338129,-0.0543149915651,50149.763058712364,17268.614188629497,18762072.2829
3.068195282309125,77484.00112615661,1.5610552398080138,2.61436265964168,0.4177806882068794,2.5289672770618714,0.38382198177975035,-0.0172084795106,-0.0172004599316,10708.377556387584,17084.012615700703,1538606.56361
1.9039589985125263,207683.65835956906,2.0516477003230147,1.5469182443141634,0.15447577227624618,2.4027546061028087,0.20259688083054078,-0.0513896065321,-0.0482669956112,23439.1225671173,14928.657146168478,11440180.9483
5.567925340752725,596493.1636676367,2.9761540860406246,2.1921325665913938,0.35916442209419785,3.2182211840389465,0.24717054444014147,-0.118688578753,-0.115476846486,199610.92382018003,137787.91743388862,17222079.2759
3.285098738493023,566300.8511774255,2.929951654053715,2.7497252439338946,0.20145076416029273,4.1992575532608605,0.4887982062913449,-0.130000630246,-0.115965387386,106450.05944619747,49523.498984858576,35210435.6599
7.848359473769106,477949.54017893894,1.7681335900733695,2.3295007903105818,0.34836578934335294,3.7227959626561553,0.37112591391759436,-0.0878695709415,-0.0875309539783,42762.710350007874,18049.830587483993,6505141.43525
7.567137922612977,36467.79261634078,1.8993940178954398,1.6688585082447085,0.47947643582203503,3.8909092415900774,0.39569167059238425,-0.00685176812735,-0.00681584646614,13356.994321543743,439.5867498947037,1132433.08298
8.804191807295002,551001.9776486425,1.6570310050342338,1.8604599013311989,0.4988101813423661,4.189191308601942,0.40703354567942107,-0.0989414833899,-0.0988503966459,8650.011659436965,17517.705153352286,4676334.60066
5.951060939107852,261640.33639762452,2.000892081943299,2.5698859883714915,0.3478616926527337,5.079846182934041,0.07706389660428725,-0.0493202790588,-0.0489805781021,36080.13139744823,4508.419773143659,4559471.39754
7.976991062591961,392686.6808807427,2.413238686679554,2.1717644516272046,0.23755498241569137,5.96382168959081,0.18694721944744613,-0.069155942869,-0.0657031942524,113791.91182429488,43434.43008830907,15494185.9819
7.121880418493074,350325.991761715,2.846088996120561,1.8011454858413252,0.3281826183450761,5.111525021798508,0.2699363638018326,-0.0647975608127,-0.0626345760852,146675.35404364837,102493.88937776368,12220650.0893
6.475754702357499,526253.1639471962,2.6904298029018,1.5438587917548874,0.29651529592948767,2.216293036286266,0.44904007401463314,-0.105472658765,-0.102246415421,160299.370576381,139567.93720994794,19455829.8716
9.530307777313515,251128.313109359,2.3728400783206576,2.882016512700551,0.2560239156725784,2.744619851474743,0.29331698431854575,-0.0408324935995,-0.039104866306,68791.90336649345,35198.007803423774,15081173.845
4.638025642010688,162666.79779313103,2.5514081525803167,1.9874135946097589,0.21418382322338775,4.724078561714487,0.47654408600508746,-0.0349645595014,-0.0322915287252,33467.022939794806,18213.47683914726,9638600.6168
6.36487302379494,420245.8283674925,2.6889429662205764,1.8565608721861764,0.29272167431858154,2.9118254889272306,0.46874872769900033,-0.0834549367313,-0.0804942268035,135436.4690395353,77766.12303799098,15277998.3225
3.1852048651773996,52126.92128570074,1.554175631285071,2.8871146122341083,0.4578611113437169,2.2989065916953986,0.4077183396179112,-0.0114101450238,-0.0114133858482,20154.364395513672,23168.21169671653,1670348.1036
6.602644440650166,25645.943087998377,2.114225890337761,1.5707622174429476,0.38846543392079463,3.7070879442999507,0.25358488903765325,-0.00486774474372,-0.00476643283135,21469.201580687582,6880.079449920962,1749109.45949
9.250512945363909,57009.112447346124,2.636397161322344,1.7251213274566053,0.15280817463822088,3.646976639762353,0.2979730435602832,-0.0111310311614,-0.00691653309098,32681.753071831325,1462.8040498493147,13740859.5609
6.14072072235602,452173.22430125636,1.6274616096516756,2.307686550893199,0.17607749600659064,3.839686219458719,0.27423061049522063,-0.09012539809,-0.0882544607512,54375.708525011,4242.108917217384,13999135.5515
8.41909940191468,138872.94583635195,2.094025321983081,2.5477610755596327,0.49564555125854637,4.135331128529776,0.4230388554916558,-0.0241363650082,-0.024062220516,12287.672425664192,29567.634738876743,2685138.71423
3.2005371590854517,417712.5918461406,1.711811000908297,2.953093568674445,0.4396931723099622,3.9958708383704247,0.1892404474969986,-0.0914697276905,-0.091253361282,31836.415683133528,34623.45421820077,4114377.06068
1.708240277086289,395626.53441950714,2.673952040247024,2.7460941549155744,0.40031070604160857,3.061901271683981,0.06646934567094351,-0.091444987062,-0.0904026016249,68162.00192942338,55431.286334198514,7237927.2659
4.5230547130312,53410.17910496724,1.5569354526866723,1.5643259835086312,0.48278524769636477,3.411853336480915,0.10477566850499143,-0.0114380905382,-0.0114264652607,1158.4732437184402,2312.036575929384,632862.456669
7.32510567256046,558846.9759083174,1.8976116167819634,2.9960416725496586,0.405464479510247,2.0180795237326707,0.22067947256505177,-0.103366610402,-0.103056806383,26256.039565375886,50616.111251466005,7808575.62555
1.2648045501154515,169717.10921776836,1.6068583889619088,2.2641375461542737,0.18161683483230573,2.6902587455998104,0.36453411391301427,-0.0411560116535,-0.0406415117303,7955.818943543017,1061.6062527981412,5448718.38196
6.147038942478582,362534.5179254946,1.8434486401886188,2.785184490553849,0.18362031208061538,5.090935153247879,0.32040291525905934,-0.0704125246267,-0.0682587601402,52390.00690797857,6664.449669567043,14865650.8649
4.607904477822298,28008.124575602375,1.7827437738723693,1.580405371519111,0.18911909469025823,5.855595327951846,0.34800722483700325,-0.00592535064134,-0.00560069244083,5379.839762235893,367.93938200748966,3174152.44325
5.943417729024759,267465.87615940184,2.847318144807697,2.6643490966674777,0.1579825187591597,4.321739504755723,0.05928783620445199,-0.0532352156073,-0.0441786920997,57525.00413464003,3455.40443642556,21992283.123
6.46804876655487,188317.64828381312,2.09629861468938,1.5483436791432275,0.474825660573333,2.628881695122793,0.4355287616682877,-0.0376692779276,-0.0375644676444,33209.535456888356,18835.942629177698,2362393.56371
5.918474340701167,414519.6611597272,1.94985161565537,1.9167590164519275,0.2402963219987168,5.482834974736122,0.4403301517089607,-0.0841315646818,-0.0827013219328,72534.02340684526,25170.1003178541,10325016.262
8.482463532537913,554799.4121643022,2.6277415852540207,2.562917907066417,0.24536740286622172,3.1784403082651544,0.4616244083383583,-0.0983421081629,-0.0922774265844,195046.3647398483,26441.700856668725,26454542.356
6.9969296899346345,273295.44636221003,1.5486247721001773,2.050004172147866,0.26653919408642585,3.0259992840412364,0.05512168003802587,-0.0522043478259,-0.0519632743015,24074.84185114868,13222.350754888932,5115181.93732
5.023555532184892,585079.497242135,2.2107240708326104,2.8568470239783625,0.23590289107159962,5.381752962489186,0.4242056116679537,-0.120291078183,-0.115930510443,93964.35475374374,43766.72966180907,18474976.565
5.4947858736297235,178026.2685239807,2.530415833648658,1.7055618884604578,0.29835444323439575,3.1985422590040957,0.29582849191264327,-0.0363159450573,-0.0352402863239,69780.12117250012,39986.611930361294,7284580.05704
5.47462920580647,507523.673353569,1.7702990870008826,2.5284050734184342,0.21706304308818047,3.525088161461186,0.45902153553013486,-0.104001176785,-0.102325202466,75438.47872069571,3804.3769910735286,13212590.8418
4.602821304454048,473532.63201210904,1.6273519393870965,2.190843272900099,0.43446670593495795,5.764890531343083,0.32190238488362055,-0.101887509942,-0.101766781742,13419.480240439638,18867.667967841175,5411382.43056
6.220655037728697,243243.97187673266,1.5446595765493265,2.969187326657905,0.41072304244972824,3.9857952732659045,0.23769750422542912,-0.0467757492041,-0.0467376609439,27012.787380490732,46124.68757274954,3712496.38335
7.405890753707206,275507.2649611144,1.9517618691879783,1.6820773962495008,0.30015399475095894,5.694920449988801,0.255118156032121,-0.0513593938038,-0.0508364096205,48201.517670207184,22473.603590903425,5612383.17137
3.9369939592807315,97255.96294296277,1.8672793447825193,2.755329032057925,0.2290425512781339,5.345293605137375,0.18119226546817613,-0.0200605048473,-0.019787786407,5909.816520532394,4238.3191091761755,5082982.11252
2.2624605350709817,232722.20273445098,2.9916192751522956,2.3248415810851095,0.18615489047906275,4.794704586404419,0.20657549594595132,-0.0596412430043,-0.0506935332963,104001.7504247462,22312.56096597938,19936435.8116
8.333663511409533,257058.24213266085,2.4766853136134754,2.8104058843443025,0.2093147519660164,3.715429764271918,0.3131368891632199,-0.0448641043226,-0.0412843731879,68102.18682792681,19155.325283257083,18781896.7955
4.974077388725172,504219.52389993204,1.8968909406216443,1.7911569750615766,0.222436533135557,5.105672395727549,0.41594873679425143,-0.10764096697,-0.105473390715,56028.82221486419,38213.34388983957,12263749.6873
2.3522222932466175,517128.501046789,2.5443669336423924,2.5641621904393723,0.2726408396265367,4.037126304334917,0.2016584824539266,-0.119339249485,-0.115883011212,58455.93510537968,40268.900481437544,17332937.4028
1.207037308880821,577095.9939734383,2.3574395727902555,1.737156542091364,0.3853685909335998,3.990755557163638,0.3638810463255124,-0.150434207273,-0.149666279555,114194.71222439426,64555.56159592647,9382861.22911
4.18748530166572,358092.26858418155,2.0060918399261043,1.7401651670071394,0.3534951241405726,2.545491161824703,0.2488681734014016,-0.0781905871309,-0.0778026939615,51620.390565693764,28144.227300891045,5296718.79578
2.959523807953776,144379.7231348215,2.8274398806052012,2.1427044483758637,0.48634749366288943,5.666046239631864,0.34972982333438046,-0.0336462198792,-0.0333699450127,60557.305472889966,28467.516651363698,3201521.77814
8.475094240621946,458266.5746126376,1.708518658052128,1.8362163629170376,0.3076507814770791,3.6324160342524943,0.31001294341102886,-0.0831168687501,-0.0826898157372,49805.31551924715,3349.991012512455,6681486.06329
3.1552818444381945,261074.3726790041,2.4517822867862575,2.2202079406190047,0.23202997261330544,4.1667850626631795,0.37346179145146235,-0.0590917013978,-0.0563676782072,45777.03889759782,26066.041279700858,11111772.6642
2.7903043879849125,472470.52879593405,2.8662491063725555,2.665684746574939,0.43081618745229544,4.864847739099481,0.3727025849711364,-0.105583983676,-0.104409291494,92911.72920421738,62704.68068055531,10511497.3163
6.8449049400021424,423311.65683174046,1.5957637242521105,2.628178036690291,0.3818455206825031,3.0036059535576847,0.24143078286265846,-0.0809353919121,-0.0808048290881,827.5060670516528,41180.58278480928,5012608.32414
7.499150671336571,196108.86698373227,2.402493808034227,2.5979658787819817,0.22339577670922456,2.0446020872528288,0.3753527316392644,-0.0362681839756,-0.0340402844495,67618.71690433036,12886.239002837077,13828125.3644
5.289223307214868,283250.4132653738,2.0991198807274194,2.8270078138031907,0.4555548758578133,3.1710115715522402,0.15420934773367634,-0.0559653511052,-0.0557804603338,32106.447074599808,14237.846883767541,3839689.77372
8.787557575893587,274706.49076809094,2.243993035858024,1.818963487256553,0.21641387065924572,3.326083522791905,0.05313470226346307,-0.0479292785376,-0.0453731521294,78482.35512027076,22063.18990574386,13632319.8537
3.797105999040544,574364.4789214223,2.5617093413969965,2.3825962310230238,0.21033067169327269,4.182491095521819,0.13356434558353486,-0.127368594358,-0.117261537251,123468.2439370908,75256.26272887994,30837026.6162
8.29709734806466,103605.68444950438,2.721474917448938,2.559689483906189,0.27889862444391106,2.146168565550177,0.2215596590024319,-0.0178669501344,-0.016425833576,68701.09600950824,11129.109717100264,9830307.02146
9.826076085651442,2766.6549421368672,2.892806682941678,1.5771846574877044,0.443886704803244,4.340032291836937,0.12807348777069144,-0.000441681245786,-0.000124368095775,52445.81938359903,44074.16341473555,3528968.5973
2.804250111623936,329973.2211594322,2.3658022699095875,2.0764992480789433,0.4498637688762429,4.53176495869433,0.29927962786323137,-0.0757970161975,-0.0755054364177,31112.456914486047,32959.64792965109,4196499.92152
6.743115234731292,439028.57047121617,2.2555807217680757,2.8347645054135513,0.1687576122394804,3.162319578501129,0.43950236305932655,-0.0853330648416,-0.0788599297186,88339.84313401933,10335.352748478572,28130686.6858
3.169831798302561,258018.23215532087,2.7282394516654276,1.766326657559627,0.1809458947797869,3.6961364548625544,0.23748144646016306,-0.0614655797564,-0.0543228737514,31484.99007205259,33724.18139633477,20107378.8682
2.5757275773630877,166971.62825313048,2.8192884299516656,2.8344110562918914,0.29830654872694295,3.577196457680202,0.47593578864484687,-0.0370473139043,-0.0355186191275,39121.330946262424,19664.560111098614,6839718.04303
2.3734151674406734,467522.3398114061,1.650197974883428,2.4243860827113735,0.22134156486925483,3.239035367978495,0.08916862330457961,-0.108404406363,-0.106873247767,42913.27976018139,32191.22491604308,10407041.4945
5.802777792566492,92131.47222498296,2.4920493316589507,2.7316463777541515,0.46898726681709124,5.737597124001667,0.4298827166129151,-0.017490456225,-0.017372015265,20607.368264922243,18130.130213375043,5565461.16408
6.055770821172603,557444.1020431459,2.9613273786619256,1.7271813640217375,0.3634545353976948,4.829497361518528,0.06734944936205496,-0.10719478036,-0.104834824147,192866.17173669057,152883.85380822196,15380877.3672
9.764823247942745,589615.6815560865,2.6370151584275447,2.0887871400112195,0.2051136800387534,5.947780395312362,0.4418482306535076,-0.0996985369694,-0.0901187028972,172548.7903351046,58148.5295489784,32617866.638
9.511882388529454,69992.78053295186,1.9304732136255507,2.4095483925386114,0.4604396047266157,4.2328895387822305,0.22554281713018387,-0.0113480642434,-0.0113133426963,1982.1324062085052,32930.15464306321,2412862.78625
7.032886840435728,529097.8867377646,2.3774675064105923,2.1518838549953947,0.22569901119967878,3.740457940458507,0.17909808522402387,-0.100138604618,-0.0953365031026,122021.54673071967,51683.004307386866,19635717.9871
9.749763988345196,192625.8838112092,2.6286894439380575,1.8766524100939994,0.4422840661204568,2.9333970450784412,0.10810860794011479,-0.0311159793379,-0.0306522538076,94682.5780224427,42517.728863994205,5372097.9817
7.263575551501865,276727.82918358,1.6204325945290807,1.9942901568875715,0.2865015585555802,4.87848857449743,0.10916201687662445,-0.0513583059466,-0.051092016225,29257.271402950777,2763.4053657731642,4387424.62148
8.19011465634356,281500.83251372835,1.8236892822751458,2.9780810307218957,0.20304110332584718,2.2502216533582775,0.37616419423129765,-0.0499152781131,-0.0489680655435,38943.86743422997,40241.86858617527,16598255.309
2.028175903866633,431579.9777655579,1.6230956141444828,2.806117625848602,0.45697529178549234,2.3833895671438268,0.3381613809427451,-0.100731065075,-0.100589950167,21363.297160861137,23901.938766411204,3808898.25932
9.83326178208299,471886.13237279956,2.1548218138724176,2.208499623389762,0.4030812599535024,3.280935369697251,0.12167987679656997,-0.0768459068639,-0.0763434343273,87477.47392123214,8918.015788141098,7314108.68898
5.43175964946483,460705.373725567,1.9135928674302294,2.7072628367251226,0.17888609720089305,4.31299549542866,0.4858514325039197,-0.0942972676325,-0.0909182296848,58726.392885987065,4996.190737481288,18686790.2889
7.730130682009831,358632.06862625043,2.414224757592522,2.66196709021676,0.4147267124019445,4.447076241272723,0.05206793013904501,-0.0613538577264,-0.0607478690302,87489.37952798429,17756.801770347072,6533551.80458
1.83686278015533,448127.1785108699,2.280524377346625,2.9003221510580364,0.21428488831476394,4.572573295272971,0.1477128402604005,-0.106572061299,-0.103271396537,31458.346538946527,2562.044946994644,20737420.9382
2.976352875650143,513845.7903873542,1.875427386374213,1.7964804603848887,0.1666337241035924,4.8235930425747835,0.4033084645560958,-0.120824874299,-0.11819337913,83055.46484372304,3954.7274248258764,22494899.5472
6.156195928116753,393314.6418874906,2.2740555108029072,1.6670973904276827,0.2700352285911224,3.6357033236693157,0.32410656915505714,-0.0788307825564,-0.0770453480845,105126.88836285782,50308.27117724172,11371988.8715
3.50529772259358,98527.05797089747,2.0325475349452744,1.8822606903902803,0.2286366065873419,3.6542422893561524,0.4556577759302419,-0.0218353833522,-0.0212173327078,14181.915268509134,6845.720651208857,4136833.39058
6.734114786058685,8908.561729544841,2.7746899693214377,2.290918448175315,0.24995125180543729,3.493339707331865,0.17986814001084095,-0.00127370239048,-0.000326959820162,26160.067750249353,9148.803654798581,6289582.70624
6.792929386911089,524267.72290574544,1.9598117807319086,1.8729289668654194,0.42122345806688,5.142043430308371,0.3739789181991038,-0.101596457996,-0.101310707159,59414.3992677148,20698.4918957476,5756031.99925
7.152000939363846,465781.8705549736,2.2365010659781133,1.8022661364090222,0.39038770221092367,5.819977290495637,0.0710653347726795,-0.0850976377214,-0.0845623642591,76449.86380363273,56805.097949212264,7259724.46286
4.440710209122552,553076.9598016834,2.4468824184626383,2.5717020431445063,0.40276233810851836,3.2451711408730217,0.08065440753031855,-0.114112124904,-0.113143384595,129518.38195892394,58674.75096793501,8816629.92639
8.05673767712975,548271.013979006,1.7476997327064967,1.7499443293392565,0.197047276277328,2.667589521960669,0.21667010234692385,-0.102696192348,-0.10047686698,67711.78328927762,12480.401789751559,15598151.158
5.694820960646641,396186.6566723737,2.761070531850386,1.7804529016869597,0.32706915047218577,2.767694736049016,0.22804311612429423,-0.0799936427804,-0.0778723099372,134978.99717604663,90775.1776527938,12691375.0666
1.5219765651666928,43032.57328343716,1.8941298677561855,2.1810665557532545,0.29627824426185456,5.633048002797061,0.23402978797967816,-0.0120419951977,-0.011975757111,6066.649488027684,4795.361133391666,1495583.84754
7.2881513353777425,433116.70864242036,2.113128590264087,1.7345255742914412,0.42752764796804055,3.4903145082223337,0.3000292979856138,-0.0820748771632,-0.081762691422,78008.8251552749,34160.351042940056,5318616.9083
2.2479604023948876,350482.372891752,1.7419813870681475,2.353462986625741,0.4891065335867011,4.26814168529854,0.43864903439042857,-0.0831115166699,-0.0830453832365,4065.267087010144,10663.573829019939,3688118.70708
3.132075286797566,395435.7025826791,2.5817893567968078,2.9222298234324824,0.3350834950033363,3.2688903781628396,0.1948762794530584,-0.0856567758044,-0.0837290654368,89459.09789870323,55592.24910883231,8737290.91075
7.90673970814702,394241.95264535944,2.0573980610040707,1.595500072952347,0.4981854317780865,5.622920348709721,0.39925201339209143,-0.0728621773163,-0.072725002912,39495.64686431675,22925.267115657527,3894296.53213
5.728328892140153,363469.6362386099,2.139385795128156,2.1666586203324316,0.1733949008925553,5.861715609718811,0.3474749578109416,-0.0747331531344,-0.0697103339192,48112.90109185738,21268.761018993795,17950276.8345
1.963693795684598,21195.5172470088,1.5987580604472995,2.296258156169711,0.3840334490737357,3.628515604978525,0.07775011219406705,-0.00488464022829,-0.00488519779251,2860.9446525796407,3567.603090731991,821036.330518
4.753017796522789,58548.71415266061,2.399541827612441,2.1518300476668726,0.35270343573119944,3.476868671213982,0.23925443463858526,-0.0116750840535,-0.0114313481298,23974.909556273546,1353.2406919176892,2759346.78837
6.5447904247658135,406429.57439638325,1.7030937885459025,2.4498050293672042,0.4406031127598281,4.300930899116377,0.2595072909398246,-0.0783016285807,-0.0781780554333,10097.970775859003,22376.574741074583,3909969.14911
9.972804201776704,503715.6780392492,2.9043943356443522,1.5004232504370287,0.2988529874698642,3.146938457350206,0.39442392544270244,-0.0841130230114,-0.0797864803821,221159.22535833213,153210.54510298805,23049483.4834
9.86088316164297,479891.7731500626,2.6572342819374244,2.932252400441092,0.3938606006099691,4.68918165440418,0.4363410853685532,-0.0751130247171,-0.0736753792917,141994.49147455106,7978.806642159417,12615967.7914
2.8431758792780895,110802.24136848681,2.5884109211535007,1.971149863290007,0.20404228340897476,3.2861177705036804,0.3554553285125901,-0.0256251321201,-0.0233843845168,15338.08054897632,12628.304291322522,7615392.60688
3.5314924514410486,452866.97012687323,2.1418277982100444,2.537084601549668,0.3775753398971112,4.0625424725752,0.05298472215201322,-0.0979187940889,-0.097083403706,79847.57685635159,68093.47608646417,5931297.33463
9.922576440123251,99467.29647416277,2.5033175727144314,2.4544263437042657,0.21315721491180795,5.989206067073491,0.24264111720149023,-0.0155780975543,-0.0135385937841,51204.969154377264,18921.156874478296,12595880.5236
5.596094275757475,268367.9827588752,2.2923275097048945,2.8954978885063887,0.3892402890476468,5.933699480522884,0.22967096583676555,-0.0513427064083,-0.0507868737279,49033.797600438906,29349.751017046266,4794530.54382
2.250316982677647,515775.84713645093,2.1505026856535014,2.3505925101460274,0.47712597670492307,4.467211261967046,0.18445119581437813,-0.121689013662,-0.121461715264,26088.019921431176,29264.4006292572,10768266.6247
6.868217442337416,227619.11026366247,2.661928170257465,1.6611284631074317,0.372904566483923,4.127920147116061,0.2793001675256998,-0.0430304524961,-0.0422361562022,94718.00808356534,58248.73455868158,6943262.47462
9.328264277558356,338961.56748921954,1.993385813225652,1.5903486495776475,0.1613793379090116,3.9487430478713543,0.13993304224250486,-0.0593280855129,-0.0553842306622,46507.402420234546,11516.8204483002,18183705.37
2.0174279518313463,198818.22624969928,2.1695361510200866,1.5555624927080278,0.37575636126991974,2.9093468505051203,0.09118636342668164,-0.0475911553764,-0.0473642304657,22001.55359161209,21580.032839885862,3061260.28084
9.017385090070146,12803.420872045808,2.516490188862882,2.6118459524076316,0.3781216837887178,4.921334507944469,0.09452998729034509,-0.00152086963887,-0.00134816251768,25598.617542349584,31333.486780761665,4126314.48356
6.397774077207185,552535.7355869573,1.7275668887778999,2.1897557487378965,0.32412869558039537,4.840270948924205,0.24972691709550987,-0.107897991399,-0.107418564283,53310.0969607331,9968.594346790616,6369705.28688
5.813115691231506,7431.963429032999,2.7530814636686616,1.792998211137926,0.2788231682067797,3.8222128956554853,0.4894340191570641,-0.00127067867548,-0.000597375758544,25767.123584064077,7021.641132597739,4004070.50844
7.529370538495072,511787.3078740337,1.5622281950902994,1.6451272174287803,0.20296476625569027,5.968679364365524,0.4790899316607503,-0.0987461177614,-0.0974913199176,48734.11363695723,14906.472757694244,10923851.2287
6.766393045559634,421841.28622843453,2.8785988940662883,2.363377671877144,0.4774927853117805,2.2689277755940793,0.07889037712340796,-0.0784707620351,-0.0775906083018,159381.1248616283,73616.7711715859,8322892.49568
5.732007520784134,190438.63103439307,1.8301513207242794,2.1379906836542832,0.356555651253164,5.114178905125865,0.3076123282078785,-0.037993787295,-0.0378556799534,17307.550346558684,5585.213719448336,4747265.34806
9.378722370172612,59994.515323412656,2.0471469405656633,2.929875903460185,0.35060506936419134,2.084272078969971,0.30959706971664164,-0.0094348271403,-0.00945127145475,2462.27180006263,61778.959649905104,5742048.08098
9.003534953095965,580424.0249952363,1.6818349331968945,1.637712437786659,0.19449911656839028,3.1936156410889147,0.32364942682035697,-0.104672063129,-0.102565243652,81476.62013798782,16806.888814494076,16543531.615
1.6018575604384346,511091.1512220266,2.0949668798681227,1.9373096932630105,0.2678962928539166,2.673216181530422,0.328486245258301,-0.124468252772,-0.122891166424,39239.546284108525,38727.13854985315,11238326.4293
9.203812293884678,233722.23934620165,1.9084069372931651,2.963015614594573,0.19966826257957013,4.366888091823823,0.131500870138838,-0.0378398547078,-0.0368409778658,36510.98132718791,38051.694997885555,15585458.556
8.371837508994842,556967.208094538,2.8539879264655887,1.9538377690827602,0.36322237694161696,4.891207631707369,0.14073586806632138,-0.0947058578035,-0.0922427920719,225120.71902682525,149399.05529105957,15975181.713
8.776297701277146,588792.9441106133,2.937575873886876,2.1353441737632606,0.38436830572808545,3.0468125773796952,0.0870574059549171,-0.0992350164767,-0.0966383689265,266948.50147198257,150828.84530756832,16617266.9196
4.81446966649389,320599.2601574151,1.6481732016891197,1.606801405912318,0.34872926284161193,2.3563398286133244,0.4981346570335161,-0.0695969230083,-0.0694339340798,31837.361640588384,6855.148585112514,3298995.89406
5.768176396324982,154101.98637048432,2.4074248452558904,2.8971810419308905,0.23880151638877364,5.712649914224441,0.26079846346251545,-0.0289456079186,-0.0278015259327,22817.912245864252,10614.466982540778,9515630.80259
1.7011550769881079,64008.460784137875,2.3183655526793547,1.8461328213448813,0.4906690677951814,4.388613007651969,0.14811485192970658,-0.0179104613965,-0.0178579131765,15870.960991092312,5930.44019178313,1073097.89437
4.9368398241704785,12894.084498083632,2.1453533619659444,2.8077112456388713,0.4914897974972632,5.217489925075319,0.12843229007401405,-0.00218337777228,-0.00217658709028,4476.599150656971,9251.53198514406,1471052.59659
5.263059752748793,509304.43614600995,1.5637540575124185,2.737395796528111,0.42443408285586937,5.054885839250531,0.11104588094110354,-0.102774258899,-0.102638202892,31044.42990109057,8176.872978575219,12496387.2761
3.304840443128578,24316.05444418194,2.1623441137951844,2.340420338848568,0.16691668785051278,2.4989767034062154,0.1732681143407379,-0.00461442623052,-0.00402861907868,8695.942540235395,8391.308165552507,5441016.17282
1.8516686068474209,323131.9729408319,1.6160627331576525,2.569253325775099,0.42371615755250125,4.73057124348056,0.05013446593932291,-0.0978906711001,-0.097819465102,13843.325617251583,33801.52523202377,3778980.78537
4.958023023252009,520436.7180319443,1.9259571590411335,2.985572759551144,0.2448540213062083,4.338035140954306,0.4310025495355283,-0.106530516874,-0.104844572597,80237.78840592773,1985.2331755843113,13161084.9515
8.31956609730954,394691.4067221609,1.7137460592420406,1.9336895830533423,0.44008108646117794,4.6650875966024525,0.3185602679247647,-0.0714764529147,-0.0713621701194,23048.514436999158,10421.258085546457,3494451.40216
1.387909930755739,533879.7307248195,1.8351735833126113,1.5723193913207911,0.46134817734060796,3.6734832594300926,0.34176246745680383,-0.138402950534,-0.138282234714,35380.841811280116,7668.8673326676035,6492582.42666
1.2547818780427742,502885.060306427,2.354598150316873,1.5074370792634606,0.39129861598771376,2.0257533962292027,0.19124073190923407,-0.125053707069,-0.124456740845,44942.13263032464,64960.49039549474,7561190.5564
3.5582311063490577,405694.9920413788,2.799872295883259,1.9881429568112474,0.3805973471678913,4.471998688659708,0.11784293483972058,-0.0885057943803,-0.0870240973672,90434.79791115872,85186.75586498984,9934295.44445
7.881614863974368,339742.89449173096,2.1159410056226267,1.5593003410882837,0.41010623954007186,2.0688656262026,0.2259329698335063,-0.0635325014799,-0.0632316113738,64130.88743023342,37403.57150830542,5367959.94946
3.0952421878934513,81708.45682217878,2.576305363304791,1.5753488587733329,0.27826326253117845,3.1204541959620804,0.4226360194286644,-0.0185384528512,-0.0178137199307,19746.164824301053,16578.783144250414,4098705.86314
2.0769886083439486,119388.46234677691,2.1984340658724837,2.286949369549542,0.3086540354945218,4.789446355561374,0.2553427914711242,-0.0289556268017,-0.0286311031264,23923.83051793306,1929.1128292279611,3704191.72673
8.32222123672269,516589.386235302,1.9568235566021464,1.6349195458240322,0.33669231046108694,2.240751182869065,0.233670736685614,-0.0949994596033,-0.0943778740538,81789.69042288208,38244.9953308913,8061517.81381
4.780359433275889,209701.1059614125,2.979990035733219,2.0262948688783515,0.41014051105083427,5.825969743060728,0.12744107212086742,-0.0424913033144,-0.0416036602462,47651.565874728716,53610.121593697055,6535279.57635
7.837441054010521,297910.1169663999,2.578320782183089,2.3134523603629615,0.33937608487396986,5.953168741037355,0.42948800338793686,-0.0529216695422,-0.0516201435727,99762.97022176255,36655.43671238799,9454513.60726
8.183476360114572,28745.94975521092,2.276166414359241,1.9359131340511009,0.43205376462921063,3.039126226723034,0.2325620932896632,-0.00495905760897,-0.0048423673457,25313.859350671974,62.41561681646874,2173292.61032
2.6366777887175745,322293.7520956212,2.952285481406655,2.2779097098840646,0.3554033808147261,3.390210534520531,0.4664125935474978,-0.0732131787844,-0.0713498523196,77973.86423746527,65792.36594397061,9424604.02843
3.577358474080779,45737.68097449306,2.4414890057952237,1.6745529177157499,0.44131336669303034,2.247547117961481,0.4476855653910178,-0.0101095887015,-0.0100083114559,20981.120605087523,12788.858758896415,1553097.2923
1.2749213312783398,269797.7080477464,1.977604170854176,2.484781146622404,0.4135036771484736,3.150774135654679,0.44225151282990416,-0.0653680833739,-0.0652385866673,9063.171017619688,9048.187315055988,3090801.37889
4.014958565894593,153065.63241346733,2.5673115353524736,2.9397215736948836,0.19558241569568385,3.0120381217676933,0.13120122726767314,-0.031747294367,-0.0290597995021,31033.467109467063,6202.975698858823,12170603.076
4.928421629463664,228062.80732812104,2.942988419533055,2.4758493950116165,0.2549367853534463,2.4238957012243207,0.25170232195551623,-0.047055191299,-0.0434949769518,99562.81533348425,22829.318806053732,13726864.6099
2.3235442968789544,209030.40202493343,2.050164522455865,2.2657692463817525,0.3948062127960079,3.425807816885767,0.20907975972454995,-0.048225045201,-0.0480329817233,19212.460622366663,16713.75256590373,2603586.03008
3.7415167378683716,44491.93883451199,2.6982370884552234,1.914159418542946,0.38800465110724786,4.504859024021009,0.23169486680370882,-0.00940241175145,-0.00914515940961,16412.416145875788,13351.430502381094,2213791.87918
8.34359676212096,149940.42164560084,1.7822425970866538,2.3421423456396813,0.4919146522446024,5.875257556783669,0.13826711177335788,-0.02575346061,-0.0257138255416,3628.3618329358756,24203.37741030315,1869652.73748
1.7487958900291014,150881.5181732083,2.190281523465906,2.0995769454766853,0.24849631211242193,2.5614009642586586,0.43481424323431245,-0.0358960640545,-0.0350798586922,19356.894394480594,12412.592445296594,4743033.22336
5.5376739584028245,174461.2053562889,1.7859091903458335,2.3191371471274693,0.1753564316365886,5.662313372671118,0.20324656214030906,-0.0347857776055,-0.0334280344835,18893.01113972542,4581.468835232753,7949348.49299
9.655330319512574,272111.65177791595,2.011692062110643,2.5833222400319773,0.429288866320624,4.578431977595372,0.4539460718896369,-0.0447106100029,-0.0445405527155,30513.19659539639,32570.00211282514,4784269.52612
5.525290071453541,416535.9351652078,1.7387420742914057,2.196250961961855,0.23665762875154822,2.822621025034834,0.38326542255849144,-0.0858010065862,-0.0848047237887,62287.58759055124,875.4739850431979,9378177.46145
5.631849000584166,289414.4098878303,2.171696762588953,2.5164315918243183,0.3618810434016122,5.020324808874056,0.415406697267279,-0.0573533995039,-0.0569071662876,48955.92452985874,3245.7800905032977,6370822.80585
1.4809239700621275,565226.4806038182,2.2637288172278547,2.821767279924421,0.2670160670372679,4.8348359970809724,0.41809598063670106,-0.138381097276,-0.136097275141,99958.97757963084,3739.5095645517554,16453096.9653
6.517397187710786,254377.59921038162,1.6539600690798693,1.717223399073383,0.39512289817568613,3.2210441152340326,0.19858778441778963,-0.0502447983542,-0.0501534049841,17718.97912496992,1593.4556513449497,2419045.16407
3.495165354936756,148604.70262672275,1.593576098793635,1.532017366415199,0.23159380325125178,4.066862162861299,0.16412334815931284,-0.0333979950927,-0.0330842054022,11734.846766279008,9223.474696756413,2935921.89529
5.547776251677339,158614.98798705652,2.585360240764798,2.603525656844916,0.20990893379478068,3.22868613298839,0.21989040844971297,-0.0314105290167,-0.0287076711458,54217.37230242765,3822.3377939454936,11980045.9581
3.017152525798305,588944.1031377921,2.7156617842226165,2.1051396164626888,0.37200531144953985,2.0122236315574074,0.3476186214269571,-0.133360540988,-0.131569697328,160984.71184435536,109346.42177406221,12896485.1972
5.0430200170831325,502217.6376202289,2.396231594180084,2.606545741278434,0.20379154705269256,3.7764307665698826,0.24567750617796785,-0.103410386538,-0.0975174596365,95537.01098447364,22957.721372623568,21251530.1141
5.626341924131736,84336.86214001625,2.442076766213251,1.8782084199285403,0.334721691458595,4.003977304461674,0.4151575535465085,-0.0167981042038,-0.0163770029834,41115.13560830909,12385.123115124732,3800302.77687
1.1891692907368767,444200.71074770624,2.571408487904022,2.2356531701363895,0.16994045809330394,2.4636484492969015,0.32205290835060824,-0.112587114266,-0.103155068568,57629.48857810451,24411.322198606675,26643939.3679
6.004454317555135,62630.98523985033,2.1259527003767866,2.2378664139460454,0.252924840206472,2.0426459166511286,0.4567959868563854,-0.0121336536224,-0.0117125372381,24927.358764512854,13268.055772363363,5172611.0505
8.561472971384447,410518.3388854209,1.8171473564943033,2.3796218567760485,0.44496044097836407,3.9601726172801612,0.06123591503030677,-0.0712572445515,-0.0711146451302,20779.20472994855,23257.67128562382,4084890.19908
8.23124340738817,142862.38285000203,2.92290662804767,1.8224816258146863,0.3604184393778083,2.3494760646192665,0.16688741771677212,-0.0253001799051,-0.024159312919,102705.27144767072,59450.212394651324,7770796.16041
7.245439826582997,514574.2664861829,1.9860036770296698,2.1360363344478093,0.280386603041319,5.123795559844151,0.1980284073198304,-0.0954104566587,-0.0941293371766,84487.5719396357,32399.79278625049,9885256.26438
2.098377484061908,249179.00839505953,2.1084229878329674,2.8909560495684503,0.25155040247345106,3.4655570699136686,0.1697463516318229,-0.0566317364979,-0.0554954740649,28276.323771558324,13278.06629673506,6995107.25044
1.8282106238512217,447250.0641959872,2.844545214268089,2.487386846057312,0.2623456815335233,4.684191659797191,0.222274440664388,-0.111224604685,-0.105812887147,178738.6807012552,43953.78749530485,21815639.6501
8.701791928186324,104768.54642138614,1.6197176805127866,2.5059263132291916,0.1593245744814649,4.3587256419634635,0.33994526772510825,-0.0178433862357,-0.0174686147016,13111.338378287828,18806.790739311626,11834603.8644
3.0363824363284646,236301.10013139347,1.8875815311926076,2.846691899162002,0.38734429003576587,4.746606866289216,0.0635297945702045,-0.0518014677736,-0.0516720762947,5717.8942211986105,1339.8794939052605,3365556.4934
6.810168374374725,241139.41674601685,2.363514832970327,2.6583543804631566,0.23849888305259503,4.707247884132215,0.20498015160253613,-0.0441879834335,-0.0421372799003,58957.65636802482,202.51351909665345,11585658.3194
8.454561313437075,183220.1943283777,2.4654268154630743,1.8060658000213623,0.17660519387066748,5.5756242532140785,0.292602046883205,-0.033279647174,-0.0291528981309,42858.201069705254,13948.497238693015,14763876.3006
3.72031764464425,159124.21639329844,1.7295065743459992,1.8253010276241066,0.36664046582165455,3.256181473558308,0.06777638567776084,-0.0347135980058,-0.0346342464981,8932.931998700476,1131.8568302217175,3887204.63185
8.938141995282558,197629.17858149577,2.6851267483644667,2.4596004727927605,0.2795339372574878,5.739232851345724,0.10131256911488612,-0.0313799584243,-0.0293525628518,93467.74413938267,11995.20780701782,10944472.5279
1.6767613359522398,259551.17322683652,1.6909579149918468,2.547091075909395,0.48291092176097317,4.111191357195787,0.14598782983179717,-0.0628769141748,-0.0628366407677,6110.672627938947,1380.1340876392603,4294565.25809
8.902034095610627,37012.1788089184,2.2380166093437848,2.406173736484436,0.16229649736140564,4.346249949665807,0.13934662445844437,-0.00601999966589,-0.00451469625425,23151.77448518683,16010.222926460185,12537452.3585
3.589155644003773,253228.15668690915,2.6610473915431125,1.5697379273219438,0.39932658375640917,3.2612638347920644,0.24034628979898798,-0.0561774948288,-0.0556489411904,69573.78275569521,48132.419102715045,6095224.64506
9.296785728111809,499517.744736011,2.658809994565568,1.5979347295117792,0.15985441199752765,5.606180037448807,0.17636952797030936,-0.0878182837675,-0.0752907212611,80467.6865974531,43309.49948785319,33245684.8052
2.8842631952203264,179838.05036930693,2.639528634334764,1.8856186473133427,0.18387177938652793,4.042730922702091,0.4202141608846223,-0.0427835761124,-0.0386328703232,31352.797967709746,16351.667647961911,12662754.2877
2.721482273193088,218738.5430195951,2.3590410780582975,2.5018474250696197,0.294028048351304,4.459929852971949,0.28933627377461185,-0.0493252649683,-0.04843620562,22193.059801615902,12538.925987458455,6671760.53553
4.216537803109723,301601.2282350216,2.850589065743955,1.6949262602738413,0.4513100579183279,3.552077092782363,0.28506545341150086,-0.0645232038706,-0.0639704335351,98199.00216421623,70629.67521663652,7021504.83555
4.313792606437991,436459.55473287986,2.3922238780924987,2.1559299266990344,0.3908676806821739,4.775934771903126,0.1593297685583301,-0.0916661755763,-0.090774114092,80898.93454444296,72738.52482638521,7888625.85456
9.196288364563024,494255.49291028763,1.5705917172951498,2.7932589246497397,0.16480763944470922,5.999902179519104,0.1772836971016425,-0.0831800970101,-0.0813299202378,48171.68151222525,19418.50955991158,21824581.1778
5.055638114623587,461506.2559648091,2.4445934467862798,2.361142128427501,0.179532718683996,2.1154012222489764,0.06413968120691205,-0.0976006824633,-0.090111517336,102322.50070678956,15917.655421116157,23861746.7853
8.20200280805856,71818.23608262178,2.70717767172832,2.7415977095414914,0.4896518099448568,5.4297449746616255,0.407393965558997,-0.0118269999127,-0.0116409451264,42416.927622209645,18448.88974701638,3333751.99409
7.8257680384147115,491670.7804580793,2.1201359605287333,1.7199751470682239,0.19835939495590307,2.571531032861412,0.3852262742943469,-0.0936472931721,-0.0895091400896,107468.90355552225,37769.56457476182,20506453.1838
4.829945668402728,149344.78382445645,2.370135939365589,1.9095791175963708,0.19427442651294105,3.067412830937629,0.20556894469305337,-0.0315395482321,-0.0292783090328,41909.088412912315,11271.57439191592,9232446.96629
3.671631417564235,274045.12848865596,1.9618083672099378,2.0217588556463775,0.34516367895125055,3.0869545117878534,0.32251428739253324,-0.0605020320997,-0.060208843072,32899.15954390105,10682.822307593304,5495882.34798
3.7922656156278536,474077.5953133642,2.9972505630342523,2.643175849901895,0.3413710146812169,4.120586370380615,0.32749570874497097,-0.100953105119,-0.0972975809571,131894.90954383515,97068.3797382835,16037947.5846
4.842411587674789,571931.676649259,1.8334075037146755,2.9602745820752876,0.3858546470324352,5.894955897041893,0.11273629128797064,-0.116256714046,-0.115687266182,48363.531268444,60512.13569426609,6091036.26285
9.73493555680886,297568.4878516922,1.6968139510545779,2.6537803164457037,0.34590612265132537,4.229191724400526,0.31419146173346074,-0.0489425733169,-0.0488297079356,5459.35473843919,53186.06693757141,6366506.78901
6.624041518287884,156597.3710720462,2.9460450646276963,2.554704824972375,0.40969295750450196,4.964441775151349,0.12534553212802707,-0.0276114134702,-0.0268737303884,85119.90449381132,27241.160984572776,5852553.63321
9.698951187935188,12290.63206961934,2.2176353649011737,2.0555488806065387,0.45065864906328257,3.469536526033922,0.4106419390822339,-0.00187912038272,-0.00179430648217,23549.795472299138,8330.634596331383,2137405.68263
5.12592064049301,43762.53916656021,1.7246819084496547,1.8965448469038353,0.4059046488007202,4.257023331544839,0.3189970559008682,-0.0089630704339,-0.00893687339158,4363.069460641313,7358.232868922056,1068401.22943
9.333885431379436,538399.146813457,1.5151055970393104,2.9456022823151433,0.2534736832968254,5.316832645859702,0.17457112252056314,-0.0897345175266,-0.0894108189517,16866.0627610564,58695.4939314639,13256409.2531
2.190804710106388,281096.4631518317,2.6947797258704913,1.895375707773281,0.3942657769987864,4.705784050467978,0.22217741501431687,-0.070563277522,-0.0698049076256,98139.860731893,50994.55347433543,6955306.37262
7.697442111586373,333581.67970407195,2.2501497425374817,2.1413187913464906,0.17730215054958548,2.900109449000015,0.10636565625764753,-0.0621612825941,-0.0575327110338,75310.3935050599,5617.8998179632445,19088415.4441
4.1299124436125725,296006.09090111544,1.9053320613986764,1.5824801143600657,0.21605095854412282,4.056275125303287,0.1417365336447824,-0.0647064393168,-0.063916186678,14286.873040790357,15103.159201696813,13802665.0492
9.788677648842087,375537.4837917833,2.7016226227358286,2.2539286277820043,0.39213929765949884,3.57949256052898,0.0823213509851898,-0.0590778858898,-0.0578324127817,158404.30241013333,52784.522093904285,10121165.5654
2.317830861752011,364601.7826267009,2.647603107511982,2.0525564040213924,0.48069870633608414,4.482183283042913,0.35875952311454146,-0.0854173058827,-0.0850485819027,96539.12662197626,29103.168632454574,13190873.9239
3.7086627207527942,446659.74447279796,2.2316834351081276,2.0045065163064457,0.15585113150799743,4.4296973949374205,0.3365253830973934,-0.102865859434,-0.0942510515322,55713.94157002514,28208.60293473465,26759826.2788
1.627808541784082,228597.99780589115,2.8621689723799317,2.509179961667431,0.22088127203328395,3.482415600869902,0.29478781750201943,-0.0549817583943,-0.0509378317855,44164.713601418065,16340.958241352744,12878413.1307
2.3398523501085804,41056.73174645442,1.7447695667128131,2.244163422811286,0.16412847591744859,3.7650094845531763,0.1629313085975797,-0.00892810081134,-0.00867570210228,2621.9548164459925,2842.222351919936,4167611.57756
3.7797512430495335,131475.40304095307,1.9990356584848976,1.7995230721406985,0.39718131337542456,3.3485047723591053,0.07318459497639322,-0.02845815931,-0.0283587128308,15478.246364393395,5350.324479713004,2716845.29009
4.704523210459376,294657.23650138377,1.617369183747256,2.7839688533124365,0.2862556330746735,5.550265315802484,0.4237983092705432,-0.0614716301877,-0.0611663533534,15450.23331914156,6502.074983146821,5247570.17396
2.3313164767807173,73945.39414507555,2.1172817773511396,1.8301587837224056,0.4265426768734022,2.6102153595065296,0.27732660303891987,-0.0171868171442,-0.0171139422948,10048.418863761663,9001.42572883903,1194593.83693
1.2844231555804062,52656.37144984532,1.9798512650929057,2.6079121732506905,0.33365356609510455,2.418876976275954,0.19073032936979056,-0.0120590118592,-0.0119923751756,2772.7951168602817,269.55317880562217,1483199.28852
1.8917512578188032,287999.48023830436,2.706674852942178,1.771994310856722,0.3446085198878193,5.8719527405246374,0.4920688867681359,-0.073421119157,-0.0722934975556,96589.63267632735,64982.59395691805,7988933.3222
4.2237038870625945,370746.9352966751,2.143232464354596,2.4410520916345533,0.41442757660511853,3.964292330593973,0.36588983950034343,-0.0787146880787,-0.0783895627699,51396.50834672307,12123.256125437181,9892813.34005
3.417677721922924,13578.765233829025,1.987245687206154,1.7837190505055784,0.3654852327489586,3.74395137362126,0.1583906543052685,-0.00277838941868,-0.00272951489828,3831.3700624510943,1694.2369590285105,954190.143398
8.116896731091957,172913.49620060343,1.662938384682127,1.581113918403118,0.20348503159480713,5.421220032730947,0.3535617793728936,-0.0319178502133,-0.0312655294755,24054.111174348156,1944.5766501251344,6296732.23848
3.0558228218197256,101595.24253371079,1.8157598179158823,2.370723563607134,0.3030426664458734,5.757794282008545,0.28822924665197697,-0.0236701607365,-0.0235585484137,11268.733919433946,13495.634109301742,2965492.00044
6.325861142493021,18610.716304083544,1.580201303074202,2.519748150894911,0.47028621675151316,2.9206864626073754,0.21465438324480673,-0.00350377950695,-0.00351019624428,18908.220067628106,29619.385483895287,1714252.12381
1.3717605361312368,351941.6875177015,2.9242942573911943,2.0789320177190445,0.3239703254761725,4.015811827531719,0.05619646482993204,-0.11110158213,-0.108518905194,130316.43936218228,68665.90713446164,14444779.6728
8.064496907801539,577863.7367975924,1.5264431969777752,2.6447890849655527,0.40203758950927915,2.52273031970082,0.06850359375441853,-0.105963247668,-0.105839641849,20660.786756778227,63418.595001433314,5937659.26077
4.566905633891025,81345.22473946225,2.676076338037446,1.5368538652607227,0.3960086571760705,3.7923292035605214,0.05790064994714047,-0.0167957946535,-0.016515286001,34232.924652228896,30579.560656281687,2986247.88346
8.023909161359631,409142.38856650953,2.734983352222696,1.6655615756407023,0.21060445060053626,4.883812535983916,0.1304367518434764,-0.0742132856753,-0.067369666204,124320.80062511102,82583.00944910294,22031191.6196
6.610906327710154,163805.75104641778,1.965900124447968,2.2911137734826097,0.4674232140233925,5.958011996334163,0.33453058002073244,-0.0311294960451,-0.0310555300142,10567.79235432362,10357.240108644108,3620568.93453
7.17597928336492,336660.1811976007,2.4877760633073653,2.4610084830509242,0.38025073232196654,5.761097217877063,0.07752161796119285,-0.0587474903963,-0.0579195309249,84447.25928623948,38266.25453986756,6850747.25425
8.84772187408244,122357.88616625883,1.9728185898248374,2.479462261797708,0.35501986664522467,2.3079954699118237,0.11113730122309445,-0.0207276322378,-0.0206010943489,16197.141909971573,29534.145609681014,4499693.49211
1.9676154064315168,406801.2164987148,2.96706712762764,2.3165314376138455,0.23021358756245575,2.583208169188507,0.40423246494355325,-0.0979959562949,-0.0903369101111,88110.06116829539,56066.17776547929,21242495.844
9.736880466347863,293619.0870174638,2.082802376735419,1.7239101681517104,0.45750379824972776,4.04558659842811,0.41922238019711316,-0.0495480175586,-0.049361210562,51521.27159632513,19128.476738000234,3841418.53112
7.108984622263309,115452.06384405606,2.1686887313787926,2.796394373955491,0.2914615205288389,4.372111244134035,0.17035296416858214,-0.0201752911223,-0.0198204477665,24738.753665290646,26536.284100511304,6272090.89691
4.43352507821489,127375.44205293845,2.1929136113037817,2.7874016269701953,0.221770929596316,3.7190732766236763,0.10264967375215811,-0.0253304235738,-0.0244221939229,26061.650246096888,8198.99578996268,7293508.8051
2.2819773785978166,124081.63289129696,2.7028997604978073,2.002772471906218,0.33581837259273667,3.772614860143568,0.32623532095882896,-0.0287638196078,-0.0281426737817,26457.241984009364,19100.76718344958,4397425.10523
9.937636967398735,346426.78799217456,2.968913862500444,2.588573576661126,0.31189496146376117,3.5144302550607502,0.3070965764283074,-0.0547766439726,-0.0512475043028,186151.02708401124,35089.60179563552,17985481.1303
2.5205658652874225,535842.0579945609,2.552204452807233,2.1237592208572256,0.4376328617489943,5.9382601944259905,0.0808380524697849,-0.186313381982,-0.185528821536,134832.21701166107,56729.01694019295,9254525.28737
1.146780203686634,292366.02616600244,2.2711851008716115,1.9246784726224204,0.3647547067993674,3.022385062064524,0.207158843966045,-0.0723736748053,-0.0719779441941,27986.962655488605,21596.31815209131,7390638.26971
6.301646117301444,586107.2830318116,2.351315493415499,2.2473038185819068,0.2590870691592098,5.703448349167592,0.15055489777517012,-0.112175492327,-0.108827861104,118746.81936313292,76738.31309806702,20242056.8997
9.18085427910766,576154.85517872,2.0656617547858778,2.6757955483230846,0.4174375802725553,4.799346545190193,0.07970464610638403,-0.0942543098221,-0.0938080938266,79231.10102946968,13670.882490765413,7287585.28298
8.83730382698063,331285.0751510849,2.631596617758168,1.7004310442706998,0.29374248907203193,4.100967570318357,0.10943636354813899,-0.0563566085306,-0.0540897222045,130446.18117726229,70486.81343030269,13370451.4379
1.5724940751024925,469597.4841236111,2.3503546007949163,2.3101873972765468,0.328952291778614,3.769359331305395,0.25872743510362617,-0.113319363539,-0.112221366768,40113.97402775094,32289.007526170564,9822407.53276
8.727296056648592,432692.78792413464,1.8745400412271418,1.8475625725397986,0.46279226123936823,5.583568384065973,0.13746894921745148,-0.0748204666694,-0.0746771615679,37742.03279935143,5100.803860663089,3970932.98675
2.393278260155758,474703.1832985454,1.884077641910621,1.9672713188944475,0.2809250930453312,5.426511253703704,0.1958710095630472,-0.129196410268,-0.12833344143,76443.26520635295,10728.626654116071,9254601.97916
6.417371491581729,547093.8205468544,2.5808923349182824,1.931115233833051,0.2830505127981673,3.7567637049347304,0.38567282480009574,-0.107543930217,-0.104036463317,155609.23548241283,87208.31246640232,17673799.6857
7.627064722883539,527087.7171046875,2.9568337815215857,2.1790166830068634,0.2738805883874718,4.997798211022966,0.19510113870937212,-0.0944428256306,-0.0882002523223,181578.81602538135,122514.56809116952,22112973.4968
3.637203580813532,559144.2339662128,2.4238547753643496,2.617863433172206,0.4544572857770154,3.1561555358004565,0.4051127410514112,-0.12127741782,-0.120697488343,101326.98098790774,34190.742855720746,9611173.39954
5.980443213751017,31224.613274618834,2.8364849883052643,2.250842171314483,0.15114897207200925,4.853423742898167,0.10018083696970459,-0.00645982844125,-0.00333202271472,20133.341372002575,8459.046544099436,10939106.2067
4.850391009483071,6984.19904570142,2.3006801116855846,2.580884607075035,0.43514648466031014,2.1079168814798446,0.1599673042652857,-0.000968349636714,-0.000935223387365,6287.867723323448,18474.53780959628,1800791.94712
8.218987878355993,415129.1710008355,1.7612893425550478,2.3923984587093625,0.31315630345522333,2.5990192183964584,0.07014254677139883,-0.0745599517825,-0.0741824858032,39505.59885048125,22508.421701442643,7792225.82655
3.8310190654006866,221133.3589691833,2.335011550640087,1.8651556972399623,0.3927578848032014,3.0497280182344446,0.36024559320377836,-0.0484664027718,-0.048141876535,50593.1567076384,22179.02560674523,3931426.27105
1.6348067208221297,215948.8972519722,1.976391567953514,1.9820964518741224,0.26163963411433017,2.238273679423768,0.132467277301856,-0.0517851318191,-0.051077554604,25322.717574130802,19105.104789019413,4415599.05949
8.725563523104777,499845.2544865507,2.4505605132350756,1.5523686623975799,0.3334514989890469,4.728656472845379,0.38292295923781117,-0.0881314301196,-0.0865986895427,135392.81167368413,103970.05639745254,13383356.0033
6.497290339093712,88039.52169788683,2.981282334772713,1.6427586983794848,0.4112849212458467,4.8876009929594515,0.19713805042617571,-0.0164692437588,-0.0159638410524,65477.242618797136,50647.136574067146,4435193.5244
2.820217641866225,487091.181517895,1.6381101088418888,2.0488653657387217,0.4007709332628735,5.552034406209364,0.26648794364507034,-0.121952427038,-0.121809418099,20906.43023913328,17200.159429388594,9827165.36137
1.4855074363988674,514326.28630520514,2.772565259461247,2.034286179598912,0.2433915761980586,4.702723217678964,0.4505547069995451,-0.131926357394,-0.125476248451,143708.3996026102,90834.76839873487,24091286.4516
3.176658603199077,199420.33302550061,2.8236836821633613,1.7514001130567995,0.456690414812456,3.785409100665551,0.1527579441671159,-0.0443955158567,-0.0439838065095,45265.57861374106,49871.015438299924,4857031.69591
5.490140610893077,142299.34918841856,2.60530009419237,2.231547247603891,0.4316029253157674,4.555383140648578,0.3633300136093368,-0.0280160866044,-0.0276993430235,53628.70831412174,17226.80286966474,3609935.5611
2.7454922590101782,462693.7839922832,1.631516873336587,1.7478609318039116,0.40148109914035046,4.648726864440972,0.37043107884052623,-0.110422659761,-0.110309770548,24111.478361624642,8764.641474862214,8754674.85701
9.234083610934661,579200.0110307949,2.0145328968157674,2.898036931670153,0.3070026261909571,4.241931610186006,0.2674763419076191,-0.0959507039184,-0.0949043734422,99157.29238213855,30394.989163825157,13513152.4225
1.545481350749101,173791.17068243521,2.101818346305784,2.3276561004472374,0.42507695100878695,4.846800366445779,0.22377892055806586,-0.0463044955883,-0.0461888934615,21320.53703071803,6117.4740858458235,2458384.35574
3.2148288893105015,443809.7577173302,2.4218471828612778,2.252465137372667,0.15535128076569643,4.382409472349343,0.2655253579333718,-0.104672064553,-0.0936461108134,61672.499638308356,23718.74037412551,31291865.6484
3.2320405057829684,132946.56373905993,2.4350647682135893,2.0291615558822014,0.47640567986626214,4.81062797978603,0.43214252591499547,-0.0299799198519,-0.0298456264917,19323.056239651552,16836.898890962086,2185371.3311
8.46782922120541,233851.339159172,2.191602553036588,2.969330528021799,0.17848091115695847,5.028929379361796,0.23629544591910256,-0.039739664482,-0.0368771474185,40301.43294864451,19097.682390116763,18975098.0091
1.8665074596289353,343178.02127406176,2.2133184571882243,2.840134214109338,0.39461988548572074,3.600002599330823,0.42883409718786414,-0.0798521144,-0.0794742095395,29469.25529086095,18016.56853338312,5333904.07597
6.951537397355946,441315.8897465145,2.8053196825420885,2.8036138423014316,0.31708681432637265,2.1931727006978194,0.3879241220782685,-0.0823089181863,-0.0791359795697,167157.15990787276,35388.19530017217,16607623.634
9.631943336055524,471248.49719012826,2.508350835196384,2.464667087660103,0.2395713367193515,4.754602931564788,0.24472972944482163,-0.076734827076,-0.0720413128963,153659.4604548191,18877.667357842114,21375181.5536
8.152920985298763,319162.50051366386,2.2099911140664537,1.6035877872903448,0.2650308425550956,3.208656278953676,0.2642015306324456,-0.0584419213219,-0.0569244177265,91806.55511895778,44744.362172514586,11004503.3996
6.680650191627638,403801.4234058082,1.7139033461682556,2.8812458629404967,0.19648044181806465,3.547197198598993,0.3923452376874288,-0.0772719665255,-0.0759019818279,50393.95321559428,25653.775260178474,15850792.2591
6.3830671166558535,295783.7342518057,2.348761559603238,2.697047016346629,0.2696667873782486,5.308062176219938,0.17299598047416603,-0.0546972069362,-0.0530212600395,78692.51351579773,12839.077550676891,9950178.96229
8.503765603861453,215496.14815057896,2.3829523617299158,2.816828666426236,0.2474662664959214,5.4775003896934775,0.37714338972753836,-0.0364632308891,-0.0347347569567,71282.90529909074,20598.314659750355,13179191.3478
8.374977970572527,337668.55078996636,2.1535797795468916,2.756048618658201,0.24909082680198028,3.369376343291136,0.4058994117925974,-0.0591670670869,-0.0575434599832,82667.1592809884,24186.439526751372,14334567.6101
4.069298166054575,168116.93259601865,1.6993567644412968,2.197554597337168,0.20875158933647162,2.7601699462800697,0.2569886737680033,-0.036119526117,-0.0355878154858,18006.52684589237,4208.228247035587,5492531.29522
3.728514581727651,134344.91814076007,1.9690607972481575,2.660453470942845,0.2445855370452879,2.0879197835983376,0.4730998699587851,-0.0288087133135,-0.0283590435527,20169.576622907534,13704.334040184143,5781409.70974
5.27709844044956,556345.1692344208,2.322332207645009,2.046828996499499,0.4711050662805869,3.065646375948162,0.3979656788292824,-0.114750586826,-0.114327960899,100112.6161335598,47220.40170107733,6196401.86186
4.04980502805539,528102.2114661355,2.0103169102544056,2.7295910934190664,0.26951715551072486,4.413619158409917,0.3386126335380746,-0.112803338599,-0.110844561599,53115.932842133996,42680.60406625736,11154349.9492
1.9432800878050056,168557.39386410973,2.7695588470658663,2.844115543041824,0.23389517057751513,3.1355914398091835,0.287027980646448,-0.038750404449,-0.0360564170516,34438.641255452276,14507.165507196116,8715274.51522
9.161111259615234,380757.89470332407,1.9492066042937108,2.9190461813283672,0.36283150011152415,4.271266957781718,0.31517336916943084,-0.0632236258451,-0.0629198052315,37883.93172875976,45836.639934083825,7797972.9548
2.0709036159093257,373100.0432419994,1.8364453262320095,1.6270098729878801,0.38959616735469377,3.571476229805591,0.44512203203596556,-0.0906253908136,-0.0904598625424,23293.176032772444,22992.48204048729,4495129.19707
5.063233007230236,317461.10529002163,2.061755098254598,2.8484874885733356,0.36786900785620663,5.360410776128622,0.13263543628024532,-0.062471970384,-0.0619111104598,52374.69539335103,34481.28441141345,4363717.22233
4.045834458876701,239380.40744543864,2.693385159174834,2.165822121939374,0.2820689692054919,4.957400888434852,0.113199678982919,-0.0508322010193,-0.0485508906329,57921.8550397974,42629.39040776643,9803050.32602
1.5054401002470583,85404.73009383792,2.9957985870700945,1.7704061208217092,0.4289394356496603,2.687476385684291,0.2638528693140357,-0.0204634836539,-0.0201825237453,20621.81119647504,21545.34044508096,2750695.7595
3.1911354208600344,218443.91978625624,2.0381524058942055,2.062163224474604,0.23113340895319306,5.518537653508867,0.058609441823088596,-0.0577695656981,-0.0565528482877,43852.71727826859,3901.1791355591454,8987893.12928
8.090901893570797,180207.8256161944,1.9152457963466167,2.389302257857001,0.3326101229333803,4.543230437465417,0.4715366257478576,-0.0322250964593,-0.0320081419887,29088.661097021006,19704.099450348327,4823150.00029
9.680340074527876,197253.18051111285,2.709231740608215,1.5868358986482556,0.3172840459473423,2.784401858162228,0.16560397716356204,-0.0329081521654,-0.0313805120444,93985.35844887287,61449.92748460831,10413614.5984
4.138988747504227,134851.2115186398,2.6647432136573923,1.948041815328801,0.4431968851640148,2.382208509935201,0.06019299029476729,-0.0284619990795,-0.0281826753074,40815.98176922357,28294.738672883166,3211107.1805
4.39631595948344,8113.7819529916505,2.281635441902405,1.5048209942238182,0.22974918437112646,3.3923112077360873,0.05261834714940506,-0.00144657217339,-0.00102068261893,15818.519200537252,4251.271927787134,2836542.1975
2.5065770159803806,163404.35869672304,2.0311275081433156,2.5269052005567647,0.2283286621444339,5.465528461558222,0.43622445447462377,-0.0383345745384,-0.0375816170905,32450.664604906193,8808.583805139067,6662165.39271
1.357922649239353,301167.8652863261,1.9841151852479717,2.1774304372342685,0.40634307802188185,4.759966881830241,0.15155222196318302,-0.0896798044292,-0.0895100945925,26516.381796862726,6299.878408772561,3590467.27051
4.538702265896045,164658.5277838709,2.4846708494023306,1.9010325232707173,0.4671506632555984,3.353630592149033,0.16432168382865886,-0.034299638291,-0.0341072866284,44255.044389767136,23759.280795366416,2829284.05082
2.9779761184426885,500523.12295655545,1.994392511625043,2.1163571264381598,0.3198873463608336,3.4320052926991194,0.4811594351510964,-0.114637997451,-0.113774253663,57969.376366675664,44581.53986594121,7540230.69229
4.793369808398497,110655.86219087584,1.8544424226163985,2.684145282025403,0.28724834550763473,2.9352130821114084,0.1826043195237383,-0.0221400009015,-0.0219951490391,10311.403368732726,17126.712595353503,4142557.62215
2.1976328236071936,559687.8351809795,1.8472278183710258,2.4139633936400653,0.4885266690690705,4.360618339833762,0.20961363719617898,-0.132959403329,-0.132839819445,8905.727401001981,17235.245089869404,7113753.06681
1.9184270529768743,35951.93608042595,2.4576735608886224,1.8697584803809513,0.31971264710331226,3.5824260680700037,0.17224632425405018,-0.00833378585296,-0.00813004701502,8449.5433605141,4998.136646711105,1731626.84102
8.627171083007621,599560.1714370815,1.8715861205566653,2.391113381427308,0.2520642671603354,4.001864165406655,0.10191627013253735,-0.104444901382,-0.102926000891,81276.90809410073,2961.757083422166,14011155.7842
2.9020475271533037,247370.4580173379,2.5049210733914498,2.1858968307486277,0.37414974184164923,3.559334312978261,0.27805097524605216,-0.0554946963062,-0.0548140607721,47157.42581104645,39498.920663948935,5049110.17416
3.46748290429359,340370.4092145051,1.8656343811391007,2.3676136298901724,0.4237866462946769,3.597446948769129,0.20830511013974196,-0.0746552947665,-0.0744563138542,32607.942665660736,27930.17660370782,3275878.48753
6.801061307889241,421879.1199374378,1.7533711698713845,1.5175125488580468,0.22815265378435778,5.134754804420854,0.455539184212392,-0.0838164769409,-0.0826878001018,65102.38794452202,26879.52527510861,9490505.47299
6.252901455712821,266202.2557747364,1.5356621501215515,2.9503824101580918,0.20045584783412107,2.373712425152078,0.28422648391594624,-0.0515984593297,-0.0512793354926,15523.414732455532,33010.938444480926,11538799.6143
8.69103926288816,374603.5315854892,2.411587095378383,1.5579872971656956,0.25855863469775336,5.198975688541065,0.26895045930717537,-0.0658066597203,-0.0633045545715,116192.9322031341,73238.10767572936,14017904.8255
4.7318519476701635,450025.6937332269,1.8322290453041359,2.0248211027801473,0.17060824786246692,3.8529163792808387,0.15086832968250136,-0.095372812712,-0.0922354597278,44085.39573594546,16719.495700914307,15065195.9138
6.97795405650115,102471.4379516559,2.0714995225335766,1.5439935582783875,0.19949196325234844,2.8772385664620415,0.21624971127253773,-0.0199353846938,-0.0187309612415,21535.499853339064,8722.678567464218,7388563.27899
4.503010608149137,531183.1840910332,2.110187436547061,2.8557648837664957,0.3538748187165217,4.971773986371268,0.2630136744387187,-0.109530457244,-0.108443563473,84559.48669231148,58675.95140005517,7494345.19246
9.9892944423294,486796.12097242987,1.564757810482652,2.692305120873581,0.2126003598168039,5.6727442087628335,0.12673639545880488,-0.0785587805056,-0.0778502310191,37442.85012271533,40569.60845934034,15309480.5207
5.097347141145943,335628.30342501187,2.764606578526731,2.35866626367067,0.20123200899864252,2.6067938213036532,0.12472634252207528,-0.0701485664879,-0.0635062058389,82379.43968992417,21560.031994223642,20447318.3336
9.275589598249383,517611.133915965,1.5050783880397418,2.5734056243381174,0.34654149989403293,3.8627628465908055,0.18970093344980316,-0.0885859360908,-0.0884496873526,5062.863065804618,58180.24345736387,7061555.93371
7.377914502777995,82969.27445606142,1.557621210740084,2.767371558174809,0.3754491351894458,3.2702523219828668,0.44460010658391724,-0.0152128571873,-0.0152437833594,23090.18686949281,47880.02416177342,3802923.8691
6.113424050021019,166333.548314276,2.127958291231203,1.6140214837958877,0.359702763241641,2.631836008113183,0.19297006880531198,-0.0332056983879,-0.0329254300182,45445.41250504897,20741.890618518948,3561803.10202
5.758055329766974,186909.62685145493,1.7442416260271838,2.6215660202807696,0.17033187989303594,5.175195761783087,0.19619576823122342,-0.0362476464873,-0.0351985019899,21727.609002007855,6989.163686022584,10226371.4628
2.088461183061593,329008.3728540578,2.0781553379033717,2.3094551338911,0.17495802573788233,4.979222336758367,0.3280960497469669,-0.0821516236045,-0.0785075594058,51090.62775911895,1405.953231562318,16439272.7491
9.81685200922322,411249.7010064594,1.8059168014595792,1.6577491020372426,0.4453127608932699,3.7035293446475928,0.4677722591965452,-0.0704556272464,-0.0703148147487,43060.80757108905,5806.771916378463,3779634.3974
9.916461602892284,308908.5450696054,1.917990951288926,2.8007648026588665,0.2481006795889093,4.881089909447173,0.05451013434702365,-0.0480799784854,-0.0473431539037,46129.72043214013,40399.22541787048,12819929.0208
5.889373118827017,277686.21349940595,2.6787435951453142,2.333020180199208,0.49623956665777147,4.247835293460856,0.24214749933892288,-0.0532791341774,-0.0529061722405,86025.90105039474,36675.543949605126,4517434.04932
6.85555239549431,161138.9026015293,2.5408410061265814,2.4240161990832494,0.20750774664436294,3.3620331523217635,0.3061092117422185,-0.0305939077955,-0.0277697691368,58698.56324172827,4541.121528065122,12989679.7496
3.5018591329529096,321557.5252726962,2.0409039677486414,2.0700999482524187,0.4524243448809949,2.1704756229201516,0.30316704322739957,-0.0717501365249,-0.0715856851442,38819.59328155084,7975.803245971966,3813917.09235
8.14404997344619,141545.7930089019,2.0926496274738184,2.069814771247709,0.4038104423393515,5.443838186959454,0.12099055030702358,-0.024234357863,-0.0240679285108,29613.016137396684,165.9673200947876,3039262.43256
6.830464083664492,302253.55606299895,2.9176092517227534,2.055148366566985,0.19308136834271983,4.285447140337782,0.3174517308246543,-0.0595465322595,-0.0515955648909,93901.94693700357,35345.221226109505,21119331.7188
1.1946877046743323,286793.9311860709,2.683813611462046,1.6402913538439419,0.4790387277483287,3.123428029645205,0.10167875467948045,-0.0764284951989,-0.0761004766699,77282.63871701008,61295.66441277727,4985598.48206
4.2960820518662715,506979.10803326406,2.7457270708731873,2.724498746291696,0.33229268101352777,2.233601808676082,0.16147872304080657,-0.105925020139,-0.103209914766,184698.8552757229,69785.59773142025,14043155.8191
9.225577957324543,313267.13231935084,2.919249545428419,2.0309920183787176,0.46356366354789036,5.138906023077049,0.17962410180893507,-0.0500657829906,-0.0492636404021,149560.5947669889,88541.6312515267,8048167.30433
7.74986616361463,93293.34470979843,2.458698991721092,2.4529923926774,0.24396075122825644,4.858448988095774,0.20015860651608847,-0.0160273642306,-0.0148391600773,37304.877750892774,12113.410532049498,8838713.64798
4.581515657917906,270149.66113585705,2.834598608305688,1.88045635038396,0.3340067193491405,2.7327861731080847,0.29075055024943525,-0.0570198303298,-0.0554509452502,100423.68229523586,71766.4496984789,9328381.88292
1.7697256060304771,403341.1904132392,1.937403665204412,2.104735022261069,0.15994625999222484,3.819508427755215,0.3393552964168427,-0.0994320513696,-0.095552115529,33812.98276684669,10322.756881824682,18012572.1927
5.754618665803942,400971.86856536946,2.872580952034305,2.781669322077579,0.34637034304017117,5.304043785234349,0.255867112490785,-0.0762703809548,-0.0739901195961,139071.86685436542,55913.5718689081,12116929.0907
2.562768583680808,512749.9379873985,2.80497456434158,2.932640560910766,0.2274592155484334,5.901241099680442,0.22460784746253448,-0.125727196906,-0.116203491161,208217.94165084188,21807.091365768258,31853552.0618
5.886475122883793,450826.0631271847,1.9833825362746795,2.3570085743694884,0.15500116375646877,5.657874764781581,0.08801231960414191,-0.0897879081165,-0.0840812076136,53031.428431208995,21272.874106186846,19974253.9036
8.882207738142245,440574.3946643187,2.9537390279890086,2.704159808289743,0.2653897307142745,4.802555686209789,0.14946890040779348,-0.0722176035087,-0.0660861300637,162863.9740779658,41688.27733085145,23152251.6248
5.90736215634127,30940.056185321067,2.461251910208242,1.9955576115313982,0.31352124773812784,5.567217188880424,0.12569820167535034,-0.00553213670103,-0.00518646718756,23583.21072823652,2176.694779134928,3303525.65298
2.6189987607827216,539900.6054420455,2.3072974141742595,2.0977734688362064,0.4380044816527132,2.7188050439823344,0.34674125436094594,-0.124498416266,-0.123974930424,74818.81300212476,66917.30213988987,7969203.72168
5.5140482861988165,319706.32663423935,1.5834206696848294,1.915587310517397,0.29492988036030543,5.742355166823353,0.37146893751175447,-0.0661189531111,-0.0658232807634,23220.232859902204,16319.954077840523,3975935.06483
7.19511376948214,115329.80823910143,2.609433551375992,1.8986277859296494,0.26567336467868347,3.615754521730095,0.41671446113224997,-0.0217601093186,-0.0202871632074,63699.909262172565,17535.843077466376,8299914.92799
1.6866500411600467,455136.9298767275,2.074471437357958,2.2546275715811905,0.22628436280479358,4.589374503301498,0.051516557884385306,-0.156954817798,-0.154520797597,73963.56887969328,507.1187757258765,18078785.2228
5.6672905463869885,77212.46579027614,2.852493579976975,1.7603429724330706,0.15150112222145343,3.5331649542385817,0.1880765976060274,-0.0168395319334,-0.0124568047859,25508.755095841974,3206.19745501398,11829872.2118
5.850850444536444,422908.23315254325,1.7848528729330806,2.1135704731671514,0.19182940089324266,2.653572143054049,0.3451453203298797,-0.086471928146,-0.0844251294145,51938.220461944264,2670.191713942832,14050072.3621
6.510290546801278,445669.4454674692,2.4187009304536327,2.1281599723059252,0.39172933858443587,5.223634476134091,0.1674856558821961,-0.0835592335714,-0.0827754475703,109597.90462878946,60002.06810570628,7412275.53581
1.6733683305945712,316245.60065508017,1.695484939670377,1.5781042597285302,0.4666454743766506,2.9433542903730183,0.39956537041439444,-0.0781303312528,-0.078081703892,10425.629771372449,14349.149504216439,3045869.18946
6.52577054496657,63708.454175491395,2.3746896076181185,2.1470577063819527,0.49757197085346827,4.9923324589920375,0.4161910771215333,-0.0120188574238,-0.0119292160416,24011.209173381372,33.73295924502763,1828213.15009
8.038024035127496,333387.34074586834,1.9310560065148161,2.2026562542870556,0.26072036728952963,5.804222417217812,0.4666534473410934,-0.0605471440943,-0.0595905410064,65450.51484409815,605.1641131547373,9030786.34768
4.062381836995343,490036.03761398396,2.5359616313432767,2.867895699964861,0.3383616423303432,4.985895310598316,0.15620160220481133,-0.10167508941,-0.0993591591346,83819.77591920404,81652.74414097964,10566378.5205
4.5087006349843515,334373.021616504,1.9233130227157986,2.734519156936292,0.18769897496849244,2.100269781943453,0.41436471518144746,-0.0710427730777,-0.0688630040926,56699.96627510985,9201.832562853082,15286876.4373
2.4816459846905317,456352.76353198464,2.7333717726720366,2.1586547771582003,0.39707007604362254,3.1734148444438746,0.3091188488123933,-0.104735032078,-0.103425970015,93836.56927856151,85965.87806455482,9154885.95042
1.220115799599196,220619.66721353203,1.92028298578861,2.542665528731204,0.17234902870907767,5.669059893760888,0.16905896062747822,-0.0694070732782,-0.0677143969175,24715.155088881318,7031.394098826826,11429579.3122
2.269661167670783,288560.0788666413,1.8453474718665417,2.3223155591812636,0.28541900059583425,5.183937211587095,0.3330203157250718,-0.0706591589612,-0.070229351427,38732.04564349671,7690.006382495657,5968888.32416
7.53390608825597,455636.4004864064,2.765951902834621,1.9802323169979448,0.27585085877962534,2.9599626718842798,0.10377828099261478,-0.0838830985187,-0.0795935980382,151867.08563861903,83142.44928612521,18374758.7508
1.4439119589847809,8305.696354628846,1.7589807317704143,1.719355517768942,0.49088279341927243,5.648850738395174,0.3134652158261377,-0.0026848442774,-0.00267931968662,1097.8976500571987,1156.8335040682534,238060.458566
9.4592004814276,304903.9658440923,2.0286086813688042,2.0122438856823885,0.1698065686880472,3.3209401969409242,0.24555532894043253,-0.0527373988434,-0.0492901981354,47163.38841080988,3192.5661221735386,18228518.44
3.5301434447134246,151516.8540107687,2.687888039422982,1.5917046058840505,0.35104922978697917,4.524592093194041,0.4988927337954768,-0.0340713981815,-0.0334367483291,33766.43599920146,32458.86703059576,4819423.39739
6.987919995189873,97452.02090882364,1.7312131259221484,2.0599935558070603,0.2541297673371968,2.2219703406638205,0.29743588277213673,-0.0185280479597,-0.0183300326282,17199.210057887216,15942.58212844812,4640681.62641
7.690006983371165,392216.7712023555,1.543051255925185,1.5276378303381344,0.37043588504559505,2.7351062307711995,0.3859648509075961,-0.07540807801,-0.0752857931326,28039.201356174755,1076.3807542255306,3294036.22148
2.913508448965513,504947.8759072478,2.1971920132737526,2.372744146886189,0.472452497768282,3.0346648653745323,0.07042787669806713,-0.113254060765,-0.112878122584,61244.04803682105,64306.828170678615,5741879.98557
1.182637885765755,231548.41757834575,1.8295571169652525,2.1955183027433787,0.2970433277896672,5.55621963406092,0.4771773617975983,-0.0609625403368,-0.0606834477926,26138.324672761868,671.1441565526592,3977599.41143
4.840369393581544,237716.3178374951,2.0403425765442,2.3735375517800383,0.48333590637751256,3.3746677292976264,0.36826602673006936,-0.0493375139374,-0.0492272222915,21519.991024120696,6017.826207901705,2851418.8191
7.515199729837858,224423.7491389535,1.7721819526670037,2.8928081406605948,0.45287098685510074,4.577570062118042,0.09494702619504827,-0.0395774295085,-0.0395240588902,12942.43784238132,44010.907721009135,3254561.05257
3.453730484715083,160950.78381663028,2.0193343099440337,2.5968040848763843,0.30465510942997787,4.637714133065732,0.1838653236563791,-0.0345606786442,-0.0341991313316,16989.064821218628,8389.656177581068,3766804.73596
9.471199922191,551839.1435127892,2.938666392086135,1.944245563025219,0.21116998826972724,2.541442481369723,0.31151725957753496,-0.0968871584648,-0.0849742240444,191073.4250387456,86138.30804368081,34545283.6811
4.03516806914952,458951.68551146594,2.6526173454601945,2.9344133863172255,0.19916589154519865,5.51050856029511,0.31220626567352544,-0.0999892786062,-0.0907729748751,82998.89779978243,28750.438244613895,29096129.657
5.422364464068991,6393.252946327534,2.8029289635262478,2.473146916459781,0.3732429035868303,2.793790777593273,0.14854865333820916,-0.000660968522667,-0.000410008092435,26739.117769499284,9035.75603712801,3062053.09119
7.844951271890841,105500.67389405315,2.516799024075438,2.490918118723573,0.19082379481808132,2.4303651123125647,0.2794433975199154,-0.0192755202634,-0.0166767812835,44673.57455712351,18014.28564071401,14720214.9627
9.802586342487908,332497.5606204737,2.9794637894593636,1.797922780514018,0.19863858445709415,3.7482290653631174,0.2062308185739526,-0.0571793723727,-0.0478348047618,100958.34323650987,45977.385028766264,25780912.1965
9.852406140155516,482952.76007173915,1.5544976844486664,2.0946848726128575,0.3700287197644125,2.1653716193252963,0.36104874981813134,-0.0825033398268,-0.0823450542798,16275.154543460454,27345.34224803488,5224325.69705
7.021956610320513,380988.8620694123,1.811337185896234,1.5853341847086806,0.3262213917348199,2.3963647139305615,0.20141246790333228,-0.0743720402336,-0.0740017049417,58102.05227623972,18136.12209799948,5475390.11032
2.1358606716284787,206229.37001324978,1.9457631670955289,2.249225852494297,0.3696248166969137,5.278096780972154,0.14353714822338653,-0.0576544255196,-0.0574903501347,25074.097431145652,8226.726392656074,3338165.56734
7.386335527520599,484837.0820708429,2.2412586512289123,1.9650428921708794,0.30390353992041985,2.190441723382316,0.2241179644845187,-0.0916387919616,-0.0901142591903,131715.98584536664,47428.987918339,12277371.4505
9.425048634569858,255312.74654193304,2.5685835465434748,1.8037259303513669,0.42176705718189356,5.288603128864691,0.23002026911582607,-0.0415624553237,-0.0410128232698,89664.6270475783,56262.34084913156,6186422.97516
9.145233056246557,251430.48073528692,2.320062048331965,2.1078510716090895,0.4531976465305262,2.7894329900978914,0.15858886264142077,-0.0423846179499,-0.0420972382143,71241.3112954598,12300.558701518397,4539951.42753
6.090626817193586,378542.3310071194,1.6333834071287185,1.814875363547374,0.4341775416136301,4.713503615082232,0.32091822088726846,-0.0763111744179,-0.0762218241151,15528.320083556677,3850.859190922101,4591218.31862
9.316961150354363,572518.7234602803,1.5384684871479137,2.6854844081813116,0.46971290002224975,2.680631868954303,0.265855171124558,-0.0984035320486,-0.0983071396949,49923.31180258595,78308.19379427873,5094182.82464
9.870041671069393,193045.24599113196,2.2874215452681916,1.5089403896184677,0.3137764341170091,5.753557656928703,0.3967118437679678,-0.0320828471434,-0.031318569325,62532.591961623046,35628.02570707109,6962984.43969
2.65350128741381,120325.05248611876,2.7810963391336876,2.1547421683568744,0.26136716257670034,2.2252602265385004,0.4367439190768354,-0.0273136447365,-0.0259184419124,37106.412150484895,16845.407414517915,6482187.26613
1.7735504540684994,38645.49635160745,1.6036666601638925,2.9579994751773295,0.41805940768827576,5.38792953566415,0.07179019992314473,-0.0122810137071,-0.0122942659673,14603.781788732593,22680.03893560602,1546741.42601
6.753554871164604,542374.2069176304,1.551128789439986,2.82900839327862,0.21155314204520093,2.3027896714842297,0.2813786852386525,-0.104594960967,-0.103702716339,45529.884952471846,36488.798951208,15719657.0807
4.204083399129751,210568.4377165119,2.840770803521892,2.0634967758755933,0.26921480032888534,2.6779205437914135,0.13418818216260592,-0.044893642835,-0.0424966010834,84598.93761915698,43915.424435202694,9989491.17999
2.431475022982065,20935.69393494377,2.894753783096785,2.5656442119186185,0.23251710587196617,5.785264879141043,0.2685711899933837,-0.00442768581383,-0.00356035173984,16153.85294245187,6113.8666823506355,4642912.18005
7.474797951372839,565970.995557669,2.602645291162626,2.687622444530772,0.17907585350129696,4.030838046620692,0.3445399847127949,-0.106365446004,-0.0950743193848,136285.54485750015,8018.5013980911235,34400363.1272
1.239493512944471,544059.701499304,2.0234050361864115,1.5668308078685314,0.16237391644749602,5.84609238313447,0.1401184000551619,-0.21335179703,-0.2062949668,77973.97099855663,53123.97102749225,26685700.2891
8.591019599412167,56610.303336027246,2.9506955832180326,1.8218523576085173,0.208053068183465,2.2934973451079737,0.060825966270152736,-0.0108078749428,-0.00743136880239,43509.02633279474,12491.381361033193,11617891.9798
4.112249447289107,280266.33799263084,2.616644117053978,2.5398644381459183,0.46019101477489266,5.118913809406446,0.05599853061065457,-0.0575511538272,-0.0570362008417,56806.7546320607,54377.872393050646,4269706.68589
7.9537704496911354,263372.2230435793,1.8791280482973158,2.706625697961751,0.25778781741421736,4.405784957330947,0.4274737951060228,-0.0470381683512,-0.0464659469646,40308.65795963257,30906.034345344535,9507953.17283
6.032541324729132,481063.29496805725,2.2034975625785473,1.824480052989083,0.2587153368525266,4.611326553899586,0.30505695847244363,-0.0961929631069,-0.0940485555971,98903.43157291722,59106.08052812895,12686104.2041
5.220791392409334,269105.0295490333,2.8677861685996655,2.163041311235609,0.4620394411065064,4.862015715832859,0.3020070755953278,-0.0536329777311,-0.0530651562791,99862.4967624009,51922.21530160297,6901360.8982
2.769209931870924,205447.82106644055,2.8257212578494215,2.2245424643348293,0.3870316723595849,5.040689799196093,0.1785190735856927,-0.0464390068267,-0.0457737545553,86110.21178337855,21925.55670255443,7744040.41141
4.2490669271386885,86330.1086320126,2.6324847514631697,2.928723955877153,0.4720935396138214,4.669489663854604,0.4788645201877595,-0.0173786994876,-0.0172098985612,13038.175747231906,7175.090999393046,2565675.85311
4.771501350211494,496680.373063344,2.4732811232022485,2.4965417774440795,0.3419762179921691,5.925491992853075,0.1945467701496571,-0.101647615449,-0.0998745273531,71803.40920637648,68532.57847095492,10738583.7159
6.1658073036242795,72401.18037433586,1.813157030497544,1.9405465523526957,0.4900579887102551,5.614077388770868,0.08767546303274129,-0.0138277756713,-0.0138031696823,1993.1430793704683,7039.612674917359,1972003.1696
2.302599157868083,377437.3917058547,1.9020886408547248,1.702663474039569,0.2394421072386984,5.881170973888169,0.1351706915421912,-0.124755277492,-0.123533830389,70507.26182347513,23978.86952519493,9387682.26358
6.673813972708337,101207.54978855231,2.0344071591887136,2.1699866476558185,0.23272969169532343,3.038732667003381,0.36777300687164605,-0.0192819208497,-0.0186617991427,23687.61188800963,8802.37298670551,6615924.40623
1.7585356272698847,76470.64227158816,2.3329204982070713,2.086969981838914,0.41242847613076583,2.4801395089956317,0.2908643741096637,-0.0179311821321,-0.0178092529435,11769.563467258777,10009.519866547309,1500756.20665
8.5546813706931,38965.735027661394,2.8905663486901245,2.790084926663553,0.36392806342528883,2.757766928909754,0.4425025116213948,-0.00609458095239,-0.00554981329977,47060.29352694068,24434.466850090655,6211258.57869
7.590923055407904,51306.23440411273,1.6596078848094629,1.7019994269887104,0.33025708735500975,5.063795786134684,0.09318524467866426,-0.0091770816712,-0.00911537699847,8752.126819480613,6482.8147126263,1788737.59645
3.322395735946274,68673.91497711992,2.364480394033669,2.1570011898406256,0.45093582188568493,2.001960902808119,0.2740416961138659,-0.0150073396302,-0.0149097232916,19071.851937971212,1982.615598493155,1685820.26894
6.933841101181452,212323.25042650205,2.1952678417692875,2.713389554332589,0.46385807959436287,3.093519479652567,0.36348011494454896,-0.0394535529278,-0.0392946435932,29232.42432873583,25027.18975303361,3661352.89503
5.208525313920132,155998.04411704605,2.712544416110087,1.6008069878803155,0.427615328080572,2.072718671448521,0.2541910553086922,-0.0323450528123,-0.0319559216747,70072.15401213198,51425.34790109898,4306660.87439
4.905863157061222,19740.317837557854,1.694190166807882,1.7453721766911294,0.2597408711800632,4.059603978267274,0.27363644674975224,-0.0038093379549,-0.00373487274743,5749.293103830042,6085.066796015785,1842721.64123
1.0526685134476235,104040.71638698831,2.380173771940168,2.2683257122603013,0.4335028305917543,3.1170634094830305,0.42519890903381335,-0.0253789108999,-0.025275594874,9511.2094230841,7425.833020254843,2447249.68232
2.689552227598262,23279.270041732078,1.5758478635129487,2.2972461300072213,0.4654963612229842,5.163668680854222,0.47954801989775697,-0.00562591596504,-0.00562367886118,5957.159553253986,10286.000641462602,722406.837157
2.125200207148203,144025.24390365227,2.9138049892573066,1.502879452412844,0.4317811706865061,3.8867932403777967,0.30159417276343525,-0.0348458521847,-0.0344814464697,59797.2915806415,52558.87418413334,3848893.40395
7.2836230421792045,238048.13650904255,1.80905808581035,2.4987656950999764,0.3062458666189801,3.8777501655990525,0.3040160667868283,-0.0439821096512,-0.0437209340892,28583.244619645542,24003.456927557596,5691797.39947
9.130127337447838,540809.0218920149,2.0075571878333482,2.8633085560027522,0.4230214414270843,4.104676371158293,0.24420443531206382,-0.0899448348094,-0.0896058391957,47092.785655151274,45770.20279767504,7615958.90381
1.1571231930522314,376559.67985366244,2.5937913584615107,2.0164367366679463,0.3194641019880007,2.1189658478935667,0.1862153506911638,-0.0921339931418,-0.0905471136018,60441.75021705809,51577.71660900277,8973245.36711
6.84064197985739,512398.72211255727,1.8142945565396813,2.4258547328863393,0.48749971530136726,5.733308193579253,0.07834205569805368,-0.0953594117298,-0.0952118615655,10103.670827144164,877.000481826445,6987082.00978
1.0828563692317943,591840.6247937143,2.0351492005915435,2.7568533161086552,0.2189170278682313,3.8849787105662035,0.09252745636281079,-0.147273189678,-0.145640329276,55111.59982973939,54223.780368737265,19829767.5344
4.946407460349865,184184.41209486846,1.5732006438859973,2.4176440049449313,0.3556339601294395,2.61663970842783,0.44616419119485057,-0.0385422574072,-0.0384808246026,1462.278000718062,22362.233617799724,2839981.84348
2.7230749714564397,464096.4464557828,1.906083270657414,2.091588852641499,0.4137210713571039,2.5894196379142445,0.40628054398397906,-0.107707176254,-0.107565990415,7161.428113018347,7427.583893389082,18662742.4335
2.7519705175322087,441120.8040339465,2.9365452874211337,2.139030543739386,0.28465030839934613,4.273815489711013,0.4457800535726943,-0.10190648062,-0.0975114067501,96202.87716260988,68554.75774448202,17358683.9361
2.898022403470955,246021.91199370546,2.0649239816022806,1.9086265875369888,0.18852812615844544,2.883945054264301,0.438262306174274,-0.056668484065,-0.0555354566304,2373.2891684110605,5307.4435914252335,10845798.9434
6.7602439741467295,204446.29337392416,2.046226095198761,2.819383596141683,0.22263799272607226,5.83895728320785,0.34087306920804067,-0.0377112233212,-0.0366380510456,39868.15252783063,16745.237631533808,10150224.0069
6.03725002577366,578554.7928799486,2.205614068381225,2.384944106933064,0.3286910335504113,2.505186927363051,0.49527374352879633,-0.11558456974,-0.114242746419,140960.569255818,26588.213865403257,11396896.4869
2.412657222353272,117509.60689377015,2.992934937726643,1.8199880666370838,0.19521131388960555,5.254033530962412,0.46307559490986655,-0.0298701306467,-0.0257117818435,40531.648363051,25934.34909021645,10557817.7271
8.785843823022411,189301.23482212593,2.669135695283882,2.108054398457143,0.20617077908638304,3.2649908291465914,0.3542008148105781,-0.0338387582236,-0.0296304298407,65467.55808168396,9325.941787418178,16528571.6444
7.087847523769258,92672.09703804522,1.5770595699073142,1.7127190109451695,0.3749433011293348,2.5175746611618925,0.4824570570750726,-0.0181082989506,-0.0180640473402,7434.147908313313,8244.916117111281,1640967.3474
8.397412164376359,152449.98412244153,1.6848508676742948,2.8180059165473677,0.23724610610512864,4.216427415521746,0.2758570518486256,-0.0260700744712,-0.0260069256913,6298.287064442337,43179.833959250136,8785007.74947
2.6700431475037902,344518.4545202239,2.1303450560828976,2.8732826457625533,0.20253909551104324,4.115061673024071,0.08171550545240698,-0.0773612758473,-0.0741992857853,42180.6292050266,16689.42472073642,13823392.1515
3.9141250052973953,456897.04446758254,2.6087013459135955,1.6721385243948266,0.25673856290616237,5.842983333149117,0.29151039451514654,-0.104886499987,-0.10072895106,170827.4692331487,83735.98360592795,19001302.026
9.299546686802632,240473.9501938464,2.282320498064766,2.513053105084847,0.4387920163842014,5.603130986958362,0.10527572453741457,-0.0377917630762,-0.0375192150231,49713.06266587851,8160.008450818431,4458190.35452
3.149758297263107,196759.00709560938,2.3141912382009497,2.2823229898721493,0.4549060398421716,4.721423279960043,0.16328437797619544,-0.0437024929182,-0.0435344791072,21006.14019196294,15009.713267641704,2895127.39625
9.954450477032296,426906.0016567199,2.994225039887712,2.6380954718990925,0.43310845137786214,5.9101321975177195,0.22521410984299672,-0.0638488632871,-0.0622846446865,193758.24799129265,77972.40163088484,11324115.5757
8.004439377365031,334800.6289924302,2.4537026978071035,2.9805204560340544,0.22465191091837175,5.0025751357530375,0.1774948226513513,-0.0573092569396,-0.0536742774942,84956.54821506665,6298.4551742969015,17953930.1291
5.466923491626172,106202.49624201031,2.346264809993341,1.9698924678911776,0.37871687730767095,4.070841667673871,0.14466162225315604,-0.0208255454073,-0.0205687453785,36982.7518471068,10904.697705264285,3024845.61239
5.960029484148178,580020.0798519306,2.893101882119179,2.901288064774448,0.30497931062822936,4.414535830937314,0.3615276386712848,-0.111325793129,-0.106388906406,199165.88225121898,80431.31222078363,20110438.8191
7.961934530854702,397718.6049707784,2.869156325765723,1.8310707010076555,0.4856872534895893,3.9267459778308074,0.06820705161536353,-0.0690002544255,-0.0683212172852,137504.60030304294,108712.67114674013,7871831.13104
3.621280563382462,345712.30015649745,1.6053458715691256,2.148567051364656,0.3962282953840536,2.2890022595372415,0.33768614434902805,-0.0771932546954,-0.0770807193151,15146.388146135361,7131.131966918739,3745486.61289
5.99670651965873,238501.3949016142,1.9427186287787377,2.3777607700183796,0.17172510858186985,3.3051366276828977,0.4768429024480862,-0.0479716046855,-0.0458329549708,32905.97490634529,9580.666161505605,13401207.3053
5.336484316469169,420974.0166801074,1.821640974267671,2.2744775780900826,0.27356533121301774,2.4102442006372784,0.3880952770270647,-0.0871885113417,-0.0864075932654,66472.1542033348,1093.226372258732,8186849.36722
8.928451728444145,145735.42884669718,1.9384998173316905,2.714456144112942,0.45484413792992007,2.280646620418095,0.40062325223105233,-0.0249211926604,-0.0248722468788,2046.2667926888234,49564.753171303746,3481486.00209
2.1247024254579996,501184.08663259016,1.7768565962733707,2.1830766677173905,0.3981406973944791,4.804877880170489,0.1296014210593245,-0.135025138465,-0.134815347175,28102.67673735242,16625.960239506643,5599255.07517
3.4061671871263393,9827.292544411344,2.396937775793491,2.437906439814159,0.44950219273786773,4.49774040341126,0.11764634026202175,-0.00179619880786,-0.00175192956584,3041.509540378189,1012.1833600393984,1130538.39552
3.8277968857083473,143353.0408189282,2.4259967811600958,2.1294471376272446,0.2957445711618658,4.76754522809267,0.25279862177370294,-0.030804854605,-0.0299851804156,29040.785844415255,18617.9409755025,4865141.15983
2.4655573003856652,65706.25794529276,2.409585189686304,2.285048601917526,0.43283569162295865,3.384846373240704,0.08360365646043194,-0.0145774370678,-0.0144575608037,11824.04315393372,9268.991881569316,1488494.59168
8.86528700688985,34205.23849836101,2.297031328069643,2.870842020517618,0.4141116746595157,4.8248996831969935,0.06222881795009059,-0.00490911328852,-0.00486647856918,5049.533557042608,47045.67740591971,3796691.87316
8.817655656478436,347478.61279588524,2.295568099450755,2.2710578991030244,0.1683782546991924,4.168854662955177,0.05991891514482656,-0.0600695802179,-0.0543659180732,56800.92544379393,297.78682641386314,22630222.2527
9.287982248593368,198360.56105560623,1.779462114057552,2.9983155309406486,0.370767872171691,2.724752889105485,0.17530987319999441,-0.0327160795072,-0.032707883498,15381.592107622944,70289.6548836867,6082818.71811
6.192354780690645,243022.28778673508,1.5471624493824383,2.938134784586046,0.4192632809973257,3.4491605495054376,0.4982810264525128,-0.0476642090477,-0.047629690196,30188.09807572493,46041.98399998146,3853368.84643
4.409907887992592,223260.61046303035,1.701358278801531,1.7612345978714021,0.27166253558323705,2.3613225734272634,0.45366489565695034,-0.0487694493586,-0.0484433886034,32221.868050191435,4374.289571713981,4080970.18507
1.4385134819423144,298880.3634629287,2.859710613503628,1.730911866581118,0.4389460223185053,2.060010163963129,0.4113585396108194,-0.0725576218715,-0.0719577642105,45672.161385014304,62304.88645113859,5877747.57183
3.8758002815629413,368963.00665035855,2.507497360560926,1.949451535386688,0.21809594107660768,5.810179147812983,0.35293756133281884,-0.083702236733,-0.07907434845,39539.51206385428,36945.99767447365,17640764.0678
8.122774872917379,404.3790889286816,1.8199864583328136,1.522650715764517,0.3651571017147365,4.584772011096751,0.4516233045476038,3.12568778711e-05,9.01431430413e-05,11814.721330983899,153.37328796579027,1397915.14185
2.8699755106207667,458094.658440496,2.133949200868685,2.257057398061498,0.25273309973364727,4.59948519595899,0.07112380108357774,-0.105371322897,-0.103577231386,51696.805454341324,18679.0936654882,13876338.0636
3.9931111669289763,541407.166854703,1.5282443950997204,2.318066814016742,0.31795694439200906,4.32964444476378,0.30041228348534826,-0.118228762703,-0.117821116315,31412.99878029285,30832.289712544294,5639239.98016
7.942114915892852,599054.9669306604,1.8499104601030092,2.853141542275085,0.2069779637180086,4.052022920470533,0.4800594873036968,-0.108857226926,-0.106326708802,94019.46618450474,27503.057378666563,22201833.8057
1.3057682587055348,79509.74553819592,2.6226326115694993,2.0370044146412836,0.3025470899511682,2.3700957432120804,0.3329900373715247,-0.0189101095932,-0.0184058981265,15538.666718265866,11389.90845391764,3029959.71521
8.98452572696744,312781.7963095497,2.696323824752792,2.0667843405052766,0.40890973520324103,3.8317496424373303,0.49731834904378835,-0.0533374817914,-0.0524116521923,123896.31491763575,61271.12535996712,8564123.79731
6.558799122564096,489575.96520901966,2.875121930754996,2.9877392638986633,0.15078223382982187,4.407324813924882,0.12263679987958798,-0.0954419291617,-0.0788193789144,62915.308736977975,1130.9200852372865,38409336.0645
7.8918308431803235,73569.05644917885,2.245545512719262,1.7384636773403548,0.44883049181577517,5.9163562613488665,0.44333249642717865,-0.013344866735,-0.0132262836605,32460.181293813253,11579.36349354116,2137993.26162
6.872045556643706,107994.55602169897,1.8074373830272494,1.7579231716638906,0.192325489975353,3.907604781469855,0.19334742690323825,-0.0205840880721,-0.0198519713026,24562.328509507886,1988.4954346149987,6340928.67423
8.437755642489993,49185.646744534344,2.2188723626566036,2.2069655820118745,0.2082192584471777,3.074590164973443,0.21121313254899415,-0.00838034962418,-0.00744550357603,29301.017724291556,17736.99836580919,8485170.33375
5.661871030299535,404748.1733449677,1.6653494973746081,2.335048520329319,0.16558395433825956,5.082991565280815,0.1686178939828932,-0.0811211870054,-0.0790702770536,36132.86547272409,5140.311710398871,12804282.873
4.451762547583503,342002.6351434248,1.6596760019034806,2.6167173476507566,0.4607325376294027,5.474963086345374,0.45952639950933627,-0.0730516680123,-0.0729567037852,6663.50204690454,13509.746030174412,3141222.01972
1.106466927917729,582582.479175646,1.8854501379610458,2.4109064062373626,0.21371264063020798,2.8155279378013804,0.39081203129220154,-0.14345946295,-0.141467145857,37377.962280672764,13053.173751811917,16290425.8149
4.304765979526017,468859.28918074287,1.7329525240370967,2.120603997938036,0.2571447797242182,3.3029581640550525,0.2988695070558259,-0.101229999504,-0.100371334168,62202.41911077686,16629.19455957297,7964490.99333
5.0076745355163,65493.36110842063,2.0863302595845408,1.787206231892311,0.21229303964458435,3.9964207546533124,0.3717589282239299,-0.0134774292159,-0.0128099659293,17547.647787814414,1349.6867648577386,4718560.93761
2.365267374618008,178798.69319364647,2.9060887614960604,2.780245891170831,0.27559584237510265,5.600817738116589,0.20418557771491475,-0.0431942946254,-0.0408207794864,85893.31464392426,9768.019010903015,10723620.5662
1.7216847014606573,181551.2844473864,2.9659233483691025,2.346749831490145,0.42145547326631005,2.8557864718937322,0.4137409635317353,-0.0422988702456,-0.0416939360291,41518.502157913455,35619.54028915871,4337644.30753
1.2925027634573842,530444.2366165115,2.7489507426031086,2.8713371560014735,0.3083702457709542,3.098136424631839,0.32559132872072305,-0.125884047191,-0.122825530087,87493.30892392428,45291.820956071024,16455963.2811
3.0599237646016215,475265.4575467807,1.73470624429728,1.7220003801188768,0.4302263334510702,3.971961348524733,0.23531076619061392,-0.109822932858,-0.109691626989,19469.742605358337,27727.645072703774,4701557.60939
6.264599722709182,383445.31290798256,1.9816591209807977,2.9739893236084782,0.4652262627671844,3.874850972566926,0.37977127352666906,-0.0734945817662,-0.0733150031286,18721.07253492474,35366.798364098446,4540116.5852
8.643470432305369,48479.58317950718,2.7304535500888383,1.8629961187205968,0.24016586101074913,3.9425685230482737,0.05407905605663141,-0.00834166459887,-0.00658973237158,51755.23141131806,9069.649148097678,8297983.68715
6.4861881480687105,44702.52942935301,1.5903237084233852,1.6292564154473799,0.21665089440095622,2.4418984845765435,0.1662696557936839,-0.00862762251787,-0.00845451775056,11409.601325596952,6834.8065671811355,3227460.98454
7.236279773587311,360250.7900680565,1.639751256042173,1.7951393838794925,0.312309983997503,2.716457938504857,0.2384133034904874,-0.0694194364366,-0.0691514285838,39125.30816927189,420.2288857856436,4849277.92424
9.08903251424787,147395.47945696354,2.3061932524643423,2.8598739346471547,0.1846147564719731,4.048602303529011,0.47442822659863915,-0.024811899013,-0.0224960845983,46466.38856066944,30461.326610279197,17527922.8521
9.899669709239106,382505.62565611437,2.931533946985296,2.634072326526935,0.31418780904949195,4.49258473150189,0.46413607823900505,-0.0607947732984,-0.0572330975563,198621.39391910392,41262.99761365176,18498487.1819
9.44275739940895,564228.4008237422,1.686341890790264,1.7774920169489343,0.3811440071664071,4.916657561272279,0.21516617662827348,-0.0969352435718,-0.0967066126084,42094.04432456652,1490.8146561981068,5162312.44501
8.106051524705709,244773.89707784844,2.219549271670265,2.963705803930725,0.2868524130739749,4.434906084378902,0.47822247237068516,-0.0425569842547,-0.0417101336312,62330.797636919124,33440.69046657421,10471944.1593
5.61912701440448,399387.6242572467,2.0484521145534265,2.089261172784662,0.1726699873209589,3.7529945177280277,0.09995926869401559,-0.0809999021858,-0.0769067578855,68772.38356880641,19942.465732384513,15642884.7162
8.535122439048475,443134.9443692798,2.001933465915517,2.30564218894901,0.27173259420542467,4.739907157037482,0.24823775743201998,-0.0771857280504,-0.0759320197527,90893.38078739074,4305.821078224618,11015469.1949
3.6953040148609757,290416.1767066399,1.9711222324505209,2.9481913805504023,0.30729782642181847,3.366241850778536,0.19665891330184626,-0.0614542116056,-0.0609506386639,27443.407126054368,1284.1156999837112,6278057.99866
6.908514299012675,532041.2708281269,2.9643233502533124,2.82729754239251,0.3502079290107989,5.012145881981555,0.44770627419666353,-0.0972745184958,-0.0938476151648,209819.0891815486,85258.61236149173,16888050.7583
6.668727826655313,356116.7794550536,1.7226995725019523,1.911635720358768,0.3877739016458397,4.777807438376118,0.2365548370176112,-0.0689639217773,-0.0688044189843,31482.297941291967,1799.6570415648766,3657134.60328
3.657480334177106,593885.3261810301,1.6468562489549723,2.866169748652001,0.3795532331936149,4.419689458060381,0.4488262064956266,-0.130063882631,-0.129721521327,27654.93748921946,32074.312292502364,5465332.39267
9.644854931651102,425023.93347924197,1.6222320498144958,2.722491073896837,0.32681347304858965,2.6399714489242068,0.11374880563149878,-0.070916634043,-0.0707663655298,4316.49835263402,64361.34559565741,8416789.69201
4.750810843224075,195455.86051503624,2.166389044480387,2.2987831730914055,0.22211241581664332,5.699062373878178,0.08304115511322986,-0.0399254240959,-0.0381805621816,32159.55576529549,17382.197079734295,7820108.67792
2.7401532385059433,73174.17945001545,2.4641780348744176,2.4721410748492105,0.4581599525014708,5.321653219322437,0.2263717888665725,-0.0166288643097,-0.0165343218219,19347.604580708135,5967.278954411358,2071342.014
3.9029259715282802,252870.8180743201,2.7743223011078184,2.1442446392093135,0.4812677724957731,2.450288110307845,0.37595816241259966,-0.0544454561942,-0.0540398652951,86069.47249595424,45896.244603311054,4527690.14174
3.9607262425574743,546100.3989986783,1.673747604544152,1.997165554685501,0.276897208363864,4.250886934614181,0.4305405918898979,-0.121017547121,-0.120245367456,47138.966705807194,34007.2221539024,9024107.00601
2.8783495009833047,437986.1056886698,2.92053494965886,1.655562181562113,0.47703349442726695,5.795036433382281,0.306476807381807,-0.109173253942,-0.108428525304,158136.36225877603,118622.7636311662,8996474.13004
8.01755628791826,379536.30938475986,2.3264634497653356,2.790746251034772,0.15416676894778775,5.219922204616571,0.34302054444879604,-0.0689972569903,-0.0614509218439,73374.91434471316,9395.435005508609,29920070.046
3.3713976589574997,371222.42258318077,2.0998354554850285,2.2304421475784766,0.25961161634670127,3.6843050504222594,0.1597898849337659,-0.0821016887791,-0.0803113847122,58744.34793213229,40113.36478159998,10650420.9222
6.690004733089581,488854.9415700521,2.9703104242468523,2.7749931124994527,0.3497258623022633,4.550425077986839,0.07370694097485234,-0.0873799764049,-0.084202854202,164459.416288082,102948.5371822788,14580064.4098
4.524833242298122,587033.0594938636,1.9531800593354056,2.014484653939613,0.46801549895646233,5.127505646343121,0.10866885820168398,-0.124574387887,-0.124301304495,60838.360547482356,67424.38964882813,6050095.84467
4.0045627255821055,353499.76850963157,2.7934726077423093,1.9837856028384402,0.3642181881490181,4.353757431447569,0.15641317892808515,-0.0753447148646,-0.0737481170906,89015.89076707442,80643.7582480869,10924300.8483
3.7688168610368007,430186.36693767086,2.340447735834884,2.2272035854910057,0.3694119559732042,3.4165006412245376,0.3342224498196111,-0.0936480670936,-0.0928698645146,94622.4032553119,38620.79555489161,10057595.8218
9.59450310354659,11709.652790897195,2.6560813951192914,2.601877645825567,0.3429442299380827,2.597351697042826,0.06386288251887492,-0.00139205301617,-0.00102018056292,33192.33731313925,32137.33137425462,5710275.47736
2.6090697209521854,107722.77813462779,1.7186158804751277,2.2256477439271514,0.16055010240681367,4.011441616703362,0.12420798881736271,-0.0244020659565,-0.0237062257335,3250.2308853382533,1316.330385762416,6303040.69598
1.0182327269722524,313765.06430123304,1.826349777018197,2.8416873638993434,0.2639579617478429,4.242387976237565,0.19243922852427425,-0.0804738974561,-0.0801200031635,16119.14661950792,32587.27547319383,9238094.56706
3.6487737409077736,1608.9397841345387,2.434073073232806,2.550253109701594,0.3644867932979945,3.334681865051852,0.3750406343326522,0.000337667012356,0.000396585236597,6997.772499895665,14654.934726926962,1910983.35407
4.972346657375821,185855.0652586942,1.5029631516798876,2.095479117028372,0.23786042476654273,5.183085615876607,0.2078299637489076,-0.0384324785125,-0.0381295336426,13668.969999593226,6157.158143954493,3613852.8104
5.170646707238394,214297.9248095024,1.599995678615907,1.7567166499533686,0.35834464732357396,5.50343281830175,0.4907193543555509,-0.045436996458,-0.0453333592901,12162.409625490647,11129.531653137126,2185998.14944
2.7586506158912485,314849.6946746571,2.295194221545972,1.685980209851986,0.33605108873629463,5.0458517963422285,0.2729989809725395,-0.0771432686665,-0.0764084768078,73755.45169331355,43487.117597817196,7052667.72206
2.142751967281627,535305.1011924687,2.2612421983649647,2.503500125275461,0.45406620119908037,4.4410713272817794,0.30056936155713476,-0.125785984881,-0.125427097442,43654.351462216066,34438.85401191296,6931213.48965
1.3375678915871894,435563.9737826197,2.8866268394953556,2.097194208217793,0.23573497661379095,4.33570160009983,0.45708590907958385,-0.111378870113,-0.104545458067,157013.2016165242,78623.82921525072,24576593.7019
4.65774627929026,118007.95705642833,2.5498351527244605,2.5325668095981153,0.2762549257583642,5.413525935215107,0.24370495771538953,-0.0237446151609,-0.0225843111924,21119.638162482795,13184.291125988617,5808728.41335
8.951984142117809,583689.6732985083,2.360055619031048,2.6101002110021083,0.39236127213874333,3.735401917473194,0.49446014046179665,-0.0993517037241,-0.0983160583179,140641.65992440848,14507.754465543803,11225920.4804
1.3664847295888787,366850.1938231647,2.537274477596575,2.7714906785060753,0.39673951040718414,2.2145693976229373,0.47533670914037884,-0.0867945140214,-0.0860104497701,55415.37483462863,43267.18289083723,6426502.35951
2.2943584224889566,357217.0120812151,2.7849264299507053,2.112276052118977,0.22363100108825013,2.335525423529953,0.47062872638416886,-0.0852621301467,-0.0796288220865,68138.81065120788,42919.83786873647,16992637.7332
2.545173934835552,527858.3964136561,2.084462286894584,2.825502353224252,0.162795276595536,5.8053145124580965,0.1757797534881705,-0.134801975206,-0.127143206724,82321.63765611088,16958.831761251906,35938844.3449
8.68659212956609,256477.96068925914,2.5561357789191064,2.6518070445435606,0.25648736603529504,4.377106788184573,0.3700700108709763,-0.0436140078943,-0.0411001283798,99072.45340214933,5225.704227558887,14410241.1134
7.597230549290057,245245.56845972952,1.9169462735573262,1.6537549855017954,0.315961309341661,3.8469075527784096,0.0800993598092011,-0.0450180805016,-0.0446444373659,41757.544276495864,16250.801559667983,4923106.90678
6.264837535441104,159678.52324500046,2.1048357549659316,1.6175085621621808,0.1650891977993781,2.6978793144067668,0.42838966054017713,-0.0328788080577,-0.0304047503316,28836.065884712953,6031.207628838586,11304391.2204
7.93377038398436,553698.5470162496,1.6989911303791907,2.1745170603119788,0.2681755437326267,2.9390972426942574,0.13623439129459114,-0.101956305722,-0.101201890955,66434.00661627694,7487.183843067635,10031940.1985
8.072584903755782,259644.6725929922,2.4363112179944917,1.8934409922761404,0.38676448033990696,5.504952001662207,0.16037370103706647,-0.0449143634609,-0.0443467460029,84555.02491321148,37923.28423527989,5859876.63894
3.8843304047007043,311828.475166905,2.5872266923943537,2.3492319280758696,0.21976382651374343,3.0172539371969265,0.07923292824490392,-0.0673212927331,-0.0633753062636,83070.0301555957,33624.17243044853,13664321.0038
9.09671047254935,95044.31760785745,2.859073904923877,2.000514937004893,0.3090929051214026,4.909421872153183,0.09373472161263899,-0.0152366764844,-0.0138617641103,69357.21466077604,28365.049087899057,8011917.36336
3.8510267248780514,289511.9992940419,2.2560689651477395,2.4300117588612147,0.23619803566448383,3.1395562409592532,0.18348308854623746,-0.062155277565,-0.0602885511803,60423.83705914874,17516.618892646828,9873362.30709
4.572389700931805,71202.67180554896,2.4775770504753574,2.982434687461202,0.21555540663596595,4.9684357907473515,0.24076610432838708,-0.0137783628035,-0.0125131058867,16776.985870863424,2023.915710721579,7540952.09406
8.53008731808183,70377.72068336992,2.9737004490129455,2.4775335002556114,0.45833324947206355,3.292565620451022,0.3973405388970324,-0.0116270545583,-0.011206513241,66496.56875275519,7109.357328450217,4637301.76449
4.383418723462224,191418.26235115822,1.9039148024500046,1.918341743338733,0.32319734144189743,4.78644566533482,0.23295822717951442,-0.0407040427981,-0.0403999702376,23014.83689549412,17566.244322472867,3519567.48881
6.172386348636283,479751.80745033966,2.0529602685751667,2.851355396467055,0.27811920017188274,2.1316752522427147,0.1552215848121466,-0.0932467021367,-0.0918784345208,96151.24790992589,12261.060013693239,12445754.0458
7.219614043955535,583012.1169371757,2.2661179786648535,1.647557675160674,0.44283641351221015,3.423018757731256,0.49077192330398783,-0.112052532224,-0.111589290963,120235.14186936179,69097.927102536,7449818.16037
2.419770589932793,34612.97989600785,1.791929790520841,1.92295449802223,0.21948533577640933,5.655565958874941,0.09684785145957206,-0.0106875087916,-0.010541050673,7608.304722104333,4120.8148176842105,2274483.70661
3.967841766588274,386301.87043914414,1.934731536811549,2.5305881517441824,0.17383607917132887,3.4408732099003627,0.1133389432589552,-0.0829774776746,-0.0798488154172,52718.82066265366,12424.388417411612,14242668.7491
9.394796242528182,462052.0387913987,1.9322032549682964,1.8846719181493172,0.3523866832420369,3.00799068013723,0.3310126969525031,-0.0797382664025,-0.0792573819274,80849.7413795091,12460.702247623107,7001264.65496
7.464074620174319,49425.85281669271,2.215066974168096,1.5042444583416468,0.436385174259183,3.6709721894123684,0.2152898244829065,-0.00915823434366,-0.00905232478474,29637.298700362906,16700.043931487056,1966794.2565
5.307256870045927,112352.0662440564,2.206849911230682,1.6230423421960838,0.4444597654871384,5.7480674428120455,0.07516106059930196,-0.0225344920282,-0.0224139897719,19373.81679245622,20294.815331658818,2215577.0112
5.738087174782409,344891.38794446737,1.5211898690309464,2.082809222737854,0.40796297998348063,4.937314077110564,0.36653027986893666,-0.070414340653,-0.0703368806437,41.56747844519369,12148.030690540772,6507061.79335
7.8646464268613,217831.90350178108,2.4967264041756274,2.906672657788582,0.30322625593687935,2.8192133652574043,0.11429373655850643,-0.0375601059826,-0.0363922882013,79770.86348843032,21041.62586148325,10708192.7851
7.66146817204904,391675.2208070019,1.936508796754335,2.109730166312417,0.1678014988828128,4.1992088222082735,0.42201656819237926,-0.0740473425107,-0.0704268733646,68031.0414699815,320.3806507010193,19635727.5649
2.7766184173401474,326594.943935641,1.8774462182153786,2.039855292776716,0.3164510131421226,5.324436376004214,0.15469345037494114,-0.0834365899716,-0.0830389357289,40281.62470186248,204.34739109381078,6139286.11687
1.8125871505661633,557944.898697859,2.135853846342357,2.6233805227142684,0.3388517159317674,3.6921774337604965,0.38022753615920285,-0.13191801151,-0.13109693554,48188.18477476405,26251.6945720658,9780995.5988
3.612623569887666,352268.4328278451,1.9580337810500283,2.506584727257506,0.1965328818811883,2.1212430943233276,0.48505070023444014,-0.0782994957012,-0.0760753577783,60757.60707167838,57.75401818998574,13135846.2365
1.4130987694082051,185333.01380075736,2.5259826953029627,2.6957924476053416,0.38305865973998854,5.251060970963359,0.34656729543883524,-0.0466741046601,-0.0462737657629,40142.18904201667,10.473266188381546,4530881.6117
7.393138787563249,386111.125457597,2.719471427863159,2.243472882279577,0.4457724424599866,5.262302083056982,0.14362191335725516,-0.0677161649461,-0.066945113489,134003.30179347857,71173.50898968532,7348624.84851
5.364397298649006,561172.8325020021,1.7761782390558092,2.584898108306552,0.43711092367402227,2.556537081564393,0.2564283507527277,-0.114662037123,-0.11444953486,25883.00271869413,22075.921462572293,5569376.59483
3.5998283987599855,593306.9850475464,2.122406338216849,1.9559814530535922,0.16603666145208032,5.974276319672265,0.2682132192517949,-0.14407065939,-0.134844493354,106387.01041665462,37630.258788290615,31482023.736
1.3212095984914762,519370.6287032802,2.2542356979704388,2.490035950911839,0.2659209068492551,5.850350239735869,0.419633166591088,-0.136969030463,-0.134726700251,110871.65009454521,18280.121629766865,15102524.5447
9.264360461910316,153868.20107704634,2.523308597607183,1.754057619441006,0.329266019218038,3.053312282164935,0.4599980090609768,-0.0264229922998,-0.0255167288774,83310.2393282994,32939.60490507146,7208408.34723
4.340498587427778,521317.76560326235,2.3874039952100485,2.20341651364609,0.357705000899405,2.6923811142163707,0.46733489474579964,-0.111885944768,-0.110688053561,120130.83305757471,58161.09345531828,9908665.52804
3.413769448743055,360604.80165373365,2.641430063573681,2.321699412692051,0.4257085275418738,4.123745410754291,0.14283353911012509,-0.0780868049931,-0.0772622968502,76846.53382606215,70532.73886730436,6154334.24698
1.9979493067699834,348102.99669000536,1.5128163317203664,2.9254547786104474,0.4188636850142624,4.024699398282934,0.15321340072394163,-0.0815119394843,-0.0814624381185,16445.00006537667,5753.984284265046,3878381.79198
4.4582370181878614,570200.2354711011,2.6238529236172132,2.966094053727319,0.2881166336858269,5.434348733334909,0.34125443284881135,-0.118071007948,-0.113464064779,126877.97029312483,75379.84797813716,17244094.6692
5.089263009230106,434686.34755306784,2.31667136267538,2.861680026761451,0.35880190833646985,3.274426936146014,0.304808960678947,-0.0872974563615,-0.0863333819338,95131.82542502484,15920.314819670819,8385911.59059
8.63261084278755,549247.3628091465,2.124994021440547,2.5898902043047167,0.45640665932577573,2.861260223609916,0.13040082864875813,-0.0946679841886,-0.0943112789216,78002.42666442912,18349.591700154462,6667240.11307
8.737762946500176,278625.5952960959,2.4686398999577692,1.6584561067605448,0.2743293843034169,2.143815494483113,0.11060339341651315,-0.0495295364265,-0.0475344793119,105546.8448776728,47833.20232068186,11974769.2305
3.747619585347934,200300.43731347908,2.381356385787032,2.3650416664854577,0.3276687085624308,4.185101203506033,0.4635945360470903,-0.0433005572021,-0.0425621473766,37085.908581211006,23238.39303289041,5420127.63787
7.423136051176144,567169.3709861564,2.591096418897983,2.7391047289731936,0.34410610061440694,4.87294444332011,0.18564460844331032,-0.0998214111454,-0.0975368949858,194744.24371855575,66867.17812598422,13673536.303
4.007548400033011,257290.90957618243,2.654064578946387,2.6723080439880595,0.3035009643035862,4.21333205301169,0.47769874325078576,-0.0544722590671,-0.0526619502492,58465.2310893448,28649.35511799238,9040487.05016
9.519820416094198,453064.06645343767,1.5321998441496767,2.845758373867321,0.2891338166338182,5.211008760508177,0.4170229195208653,-0.0758143720121,-0.0756381476467,4298.898217434079,63352.28349189183,10122549.8445
2.918184332905044,161834.35592824087,1.6347986307993674,1.6085485983575574,0.3610211273571411,2.834351285909378,0.46010175156830163,-0.0377725735479,-0.0377217781211,2221.1917331771015,1267.4202297503743,2871638.06057
4.229596678046486,365774.6370430657,2.6436752131320453,1.8830072178902602,0.28982590063741176,3.9107614449184607,0.14544465699458986,-0.0781437299716,-0.0758699398351,119096.28843189844,74748.88734348257,12669778.4192
6.280852876200914,309611.27006263327,2.832755314725234,2.6481543487418695,0.43681033963584015,3.936369378106742,0.07375229396029037,-0.0565553698762,-0.0556949634205,126550.3275449772,49083.557918998704,7107229.26265
3.5170470294058567,180863.15385681854,1.8407922128868104,2.0407967178144024,0.27210783176399667,3.158654793005555,0.1678631616561253,-0.0396783566572,-0.0393699840433,15708.994312809424,3257.4458811439963,5153442.10325
7.7806610678347825,271528.5108763874,2.384173761303983,1.6163995963897468,0.41997263839504917,4.0889323380549865,0.37846652557020666,-0.0499844209857,-0.0495966781435,81327.47006197555,50368.78798674201,5272221.60485
3.944940499757819,384194.7830536865,2.599469758061277,2.4019727397937527,0.23451217651365894,2.710014087399093,0.23865296810354325,-0.0833446790045,-0.0791346015155,111537.93449208485,40379.38026029354,15720256.391
7.757833006052779,428624.8312637042,1.9235599889656059,2.9031646104300473,0.35944392501926814,2.3641626437957415,0.2889595828720741,-0.0775122275878,-0.0771596809913,44642.126339946444,41499.663429250955,7991717.18898
4.494590737681431,418380.69366933464,1.7605817241513713,2.8900026574149296,0.3422267980416392,5.154613952607782,0.1915994787884132,-0.0863508578031,-0.0858378524253,34740.1587067626,33952.32650516983,4202651.32266
7.25172747300653,432034.3441335813,2.849220292676012,1.8386803574947326,0.4442669168481189,5.246089786168128,0.1163565126800748,-0.0771110339344,-0.0762079639118,149657.5827049346,115609.49161836827,8739990.33595
4.0263255859674505,592719.7118988831,2.404048950198244,1.5936460748657666,0.26662446225312636,4.0343542431148425,0.057057547491614846,-0.130803671419,-0.127441621628,72735.89988682959,89645.06578241178,18490141.8166
2.356678439481416,90941.67976683329,2.0433970765521026,1.6047433074822637,0.4478391125915494,4.39586225557364,0.461262589137054,-0.0221081468345,-0.0220571594244,15730.880080285415,5322.725912297617,1574504.50769
8.714490938389844,357908.5712778613,1.9904135655356625,2.2610550803201575,0.38339789618719045,5.869912860780202,0.4657724166998928,-0.0624656375494,-0.0621335795849,52261.08645935071,3810.977150721401,5439452.64731
8.510219294840772,402122.94054434163,2.94107706227556,2.2090114784546158,0.37148683178632214,3.1999796910805505,0.316274478965869,-0.069320592892,-0.0671401435614,179678.79119097034,97705.42755190056,13417691.6431
6.423447744363308,570012.9900750332,2.982602375145414,2.7476599974673785,0.2991134026647183,2.2605849377577396,0.4124947682772491,-0.109797660402,-0.103991352683,257037.82990754952,76547.26179720767,23048122.1483
7.3583437965838385,571796.1310771168,2.6220586465652733,2.6832091687835566,0.24246156114608386,2.0938546138425917,0.2845035046118219,-0.106900034101,-0.100598694595,194662.38965303244,26911.612376936824,26615653.651
4.762439336199922,265781.6383835461,1.8421458376410733,2.280374969824299,0.485158251911209,5.31598009302023,0.1321377334749751,-0.0547791989248,-0.0546727199079,23977.600133830016,24955.086534679926,2525697.4141
4.722908800939913,485557.1537239348,1.5418665757691976,2.4423140268388757,0.42619231937235247,2.007702875644292,0.35386261089563564,-0.103556461134,-0.10344069209,2599.2433229651174,29207.165190160264,4451550.24545
7.5784148618417815,430046.1437791066,2.625192072982701,2.386260555047034,0.23357830226899434,4.079196222180336,0.4119376207153797,-0.0795870276392,-0.0742435267704,142438.32486917294,34320.53446465984,20773250.1709
7.673142318931225,279535.1311137184,2.578083696991803,2.1325091539774683,0.18298694292980155,5.626559856061535,0.28375851281341574,-0.0518946778261,-0.0460676905313,76567.18269635363,14213.898333558272,18034401.6106
6.310086566205118,314326.61272000114,1.891760582386643,2.081318187420309,0.4880378632908282,2.182699216425466,0.1609685219040745,-0.06220709286,-0.0621064904374,21557.690304825148,7445.526383206386,2819335.20291
8.30598822658197,114583.2252458875,2.152864408047396,2.6998270010080128,0.4159193753075896,4.260109316568105,0.13916914639678335,-0.0190688137863,-0.0189600607459,16078.82803960347,33774.84403115295,3673756.27507
4.803924771685704,373390.25424728513,2.5203505225003626,2.8880103919850413,0.4695057906119152,2.1273871448537696,0.37336316100400646,-0.0762441445643,-0.0757628616385,98939.56892223963,7312.8581052332265,5773535.33706
3.363086660559354,33005.5542697944,2.182949257045769,2.3844150171418583,0.446809149058924,5.200208608693748,0.3929864846317963,-0.00722401711678,-0.0071870257944,2676.2580373890064,1030.088233853552,1173073.84206
8.893997413990721,202705.67861532007,1.5193982691672145,2.558231988351599,0.32529456681158564,3.230635205629019,0.48172257811894753,-0.0354010310486,-0.0353814402929,11194.178431242273,42517.16035086805,5173830.50081
8.365062003902832,573238.9025693866,2.3310599796455804,2.849353981841695,0.2953984597531726,3.2114739144721476,0.29347722532095166,-0.0995016009724,-0.0971706649967,160853.12401813528,627.3450550133629,17473011.4313
7.227666508420912,250420.32512572416,2.7683656693218155,2.4932349433263625,0.2638077529375308,3.00416128210001,0.4066191335208281,-0.0465873291834,-0.0435002249696,94939.94122899156,13979.648347581984,14757655.9016
8.286984576686125,109441.44630278906,2.8208754246134324,2.7163989425604864,0.2800415401740597,2.8049507373361076,0.4881494012768594,-0.0188506531973,-0.0171960533081,64658.66779713516,17469.369839553598,10802787.8456
9.341475745795409,194905.1534658796,2.337160333061692,2.021225496315319,0.22599953079277346,4.607547919990431,0.26945352354781615,-0.032820951297,-0.0306767762347,55660.37923549843,7830.797008112957,12197255.2113
2.171117654010639,349555.13309125166,2.900616848424565,2.28133512212123,0.4244768602753899,5.9724845672459015,0.2284741562715854,-0.0939296473416,-0.0929262565593,136602.3547918809,57952.045465994895,8525124.28197
6.221848589576965,68490.03222376748,2.353619585908104,1.7296203477637229,0.4658374116249151,4.715008304170154,0.2786492819483509,-0.0132525549977,-0.0131451724321,26923.02607628318,13950.886216663044,1845174.5778
9.414453190098815,548744.1377375493,2.494238307396547,2.8136676977317014,0.20593977753391796,2.3109702244797723,0.48056266038916584,-0.0937408602158,-0.0861950391483,158029.77928727408,15161.789104921352,32695262.5689
3.3024051011585915,223234.19278330874,1.6719346474567522,1.942077333803307,0.4675505584915888,2.9622360833679218,0.23955526770516622,-0.0503985168999,-0.0503629577777,7972.468250154721,9840.732175403638,6044907.33383
9.030565509805157,305831.94642203284,1.6295094944917121,1.6943391763244815,0.3329003985694451,5.815640289291472,0.30399814091368477,-0.0537371470648,-0.0535492304479,32930.28121470498,23.55295507440542,3912613.25524
5.247769362891259,194017.40968754713,2.985736934765905,2.7488325585384406,0.46162315388963104,5.921283266515756,0.24797319061056078,-0.0371873516204,-0.0365030431906,61741.762343020586,45738.852092446185,5143053.02046
9.599468085384453,82288.7481681571,1.596977343220862,2.765916063888084,0.37081753092968117,2.436688004787795,0.16916543519969948,-0.0134228672669,-0.0134759379417,25240.166270431073,54553.73985557343,4908073.78262
8.813104793992387,304217.8076909164,2.524460302672357,2.631972046621131,0.403382005251801,5.950070751110395,0.4689887305906109,-0.0508513687144,-0.0501390809112,105388.43792269075,7673.872268724295,7420164.4343
6.781973179871672,354985.8739162432,2.736734145763302,2.5739561989974944,0.37971354457967,5.640504381532874,0.21764717006056838,-0.0639715229309,-0.0626782962043,117015.50816489123,49797.86543044879,8919373.9392
7.5471514385575755,369204.50393761764,1.5667968970913262,1.636316062165206,0.3956380589971742,4.992165264313914,0.31840744098583557,-0.0702410173455,-0.0701416641039,18190.156719410454,1638.9784328578373,3158909.98206
7.047068795857189,562189.3393227383,2.6188542696324384,2.7517755717691244,0.4502877119973484,4.900585310052929,0.40139880338467626,-0.102370270418,-0.101395420361,176090.26062043876,46894.76162134792,9577392.67295
2.8556587914901996,59159.89469549566,2.855427306298118,1.6154272432147974,0.30972551873083354,5.685104149565202,0.22020999663285185,-0.0152983434633,-0.0146037768969,35387.885901649526,28299.5827430226,4057167.8999
3.628258228784667,467952.91156232054,2.2227315034309654,2.6423369165086212,0.34251762168174316,2.176095722305947,0.4432900842676907,-0.102375957427,-0.101410810099,101421.30821795197,17648.61616052991,8389774.46472
5.157261365640352,306106.14826244436,2.269783756254295,1.9583754635069648,0.35179598332720596,2.647287165897906,0.4822818357382239,-0.0639041560801,-0.0632623215361,81931.56302626891,31873.11794521911,6265518.75104
5.143803995225029,555223.6327682451,2.9843994998281915,2.587907016903658,0.36604067038199983,5.538157609128106,0.32001959681797204,-0.110662466978,-0.107193960706,162086.00732258215,123956.89502683603,17431743.6922
6.448772468429997,337461.0842322118,2.1481268555590964,1.7095736442603062,0.4091021765626326,4.265147861822199,0.2900103869528508,-0.0659561853328,-0.0656502888786,66234.80499213371,29886.28829715625,4591819.01113
2.5007252099349087,501775.5422033661,2.017317486803729,2.377146272052694,0.15920654524393182,3.8023607184182495,0.07649767457369695,-0.118723027412,-0.112011247254,27240.498984760558,18263.040558932164,26150358.9508
4.885020296630527,564583.2995301739,1.5595719189072763,2.1930947232237514,0.46480034492092825,2.92744574897519,0.2767047249176542,-0.119610116174,-0.119503501271,2251.7576897452786,19257.26440712865,5932047.70322
1.9916204414982996,508512.74927511625,2.5103053356958402,1.5746924214336735,0.2729093628168527,4.673960089769504,0.1511797121850652,-0.146409727245,-0.143196453939,160917.49376529563,90924.27935608414,18524765.3638
1.731582376324796,587387.7898023395,2.7436253483440924,2.300504050200316,0.37355816175318873,2.154516618187595,0.4525185538703612,-0.139398056821,-0.137384428407,91216.1184900124,97734.47644823305,12104464.7802
1.260086849849199,534855.3140058933,2.3446762533083976,2.7207920018873994,0.3764444683723078,3.1317234164447036,0.42796247023043194,-0.128248031117,-0.127462254354,51261.765885848436,32367.67581770146,8914155.97815
9.505640490090896,222273.77191339416,1.766514813332027,2.991871280766224,0.4110452014964977,5.094974185488843,0.2855623815003448,-0.0360418190843,-0.0360129367528,21916.761859621565,61251.909541691544,5118006.98025
7.948813032638848,587719.3805570301,2.482395080641305,1.7049753387767397,0.2916702260310384,4.142104019942883,0.42313860469199793,-0.108320674452,-0.105407153908,155441.2936424521,111042.39543389545,17735980.7841
4.260680043787506,211287.80384625462,2.4490177291436925,1.5508685688636077,0.322526148427814,2.428973335239931,0.18036173410948464,-0.0458034430141,-0.0450560278184,65809.72611564165,40700.531581002106,6125719.94233
8.160316403240113,479258.01808943594,2.1888179451645655,2.0594035976874747,0.4288017351581779,3.7276394968464133,0.43370115949778587,-0.0866019476075,-0.0861676315917,88069.99787412485,23849.323901301457,6423551.32069
4.736392455634231,388598.12356118835,2.8833094531455377,1.6240056720046216,0.4592401004844766,3.5181761515697643,0.2806226499895398,-0.0813430154354,-0.0806660348926,127165.96663530066,108273.58190561186,8099765.65726
1.1337755926922013,66264.11990966025,2.906535679305004,2.0455639575682927,0.43241387107951423,2.447168518115383,0.1873457073879637,-0.0158203299343,-0.0156205569667,14784.278538365697,13288.053056583516,1845647.00515
4.996939689323758,140897.3631596884,1.5097568269782846,1.7725067863446171,0.30416603302012635,4.4438943676389195,0.24315869520020444,-0.0294805896663,-0.0294059196416,7467.768226797631,3324.2056604644945,3459547.59774
1.85945328170176,353114.68973948265,1.943913926599107,2.0098893700473717,0.1582347348731534,3.3360025817218046,0.14724551303675593,-0.0862547605948,-0.0826421016436,31511.239040679266,8585.061153317696,17439744.5633
5.118188616661524,361343.70059610094,1.5746729924929328,1.976766282089379,0.4466627321030432,3.954264991710529,0.45795536701605427,-0.0763905509123,-0.0763182252553,3602.937239553528,10388.191744353719,4059134.23926
9.211047429851028,272501.8164619088,2.311139730861158,2.5678277393263196,0.3175021938436283,2.4830547254507724,0.05700690470914933,-0.0450462714848,-0.0441265863263,85298.94569221536,14839.328353761732,9455445.28437
9.606827168231034,413536.1386877411,2.534934844627507,1.5102677057855791,0.368596026956754,4.94734797449621,0.2181084126545471,-0.0680102015698,-0.0669416848263,122416.12006219174,102343.93040331181,10511324.5848
2.158190874483095,37522.869671252534,1.6132393855993827,2.4343163026782753,0.18523238403894646,3.4060561210984823,0.10780169932318276,-0.00799724062888,-0.00793471232738,486.2039002264988,3288.0805261525024,3102508.93184
2.2278725846139733,487505.53865243937,1.6877656098922404,2.924965717289071,0.3156362406718958,3.084520243037873,0.46197246321317975,-0.112607141675,-0.11209897477,32571.79860345449,23908.49698174655,5630768.46593
1.3500346206327467,464001.9606150505,1.8826626563454916,1.7631650714153824,0.3624799398188292,2.7642682437444726,0.43157737994934064,-0.115084034392,-0.114804887835,28834.989183961257,25978.593802447216,5179788.12102
3.8708492614269807,491281.0911499334,2.9595413148937753,1.714978807754039,0.15867904138568675,3.545284687299091,0.2609417195294312,-0.116009836478,-0.099525488678,108802.69548892583,49721.37420981889,34018940.1982
1.6535549034119004,169216.81753128849,2.184402550621567,2.4069313899447513,0.4535699178323187,4.605274399072911,0.3435666652170903,-0.0417979331467,-0.0416857727149,17468.815344804032,5005.979744797719,2287834.13501
8.866870042795922,54783.19207382796,2.668248726952589,1.9022222729711027,0.48614477883585716,4.139296950429143,0.19203161532860957,-0.00904695655406,-0.00884575567338,47872.47779493651,23159.016323589225,2845256.3758
7.7149541052854245,262105.22976532535,1.8564106071677002,2.2384241431904677,0.3725497311649728,5.294261319361182,0.20923343897598495,-0.0471218849399,-0.0469265525569,32190.908730280466,8734.576164828184,3840386.03245
8.95441988609338,405188.76674458914,2.548656637096578,1.9751076765759503,0.283638079736994,5.769371791517681,0.4107913723580189,-0.0695995006732,-0.0668627081611,148420.8966934349,56920.38797964865,14827321.3494
2.5530536405247926,133118.06385436293,1.5345022414016398,2.744833819360029,0.3233351105190796,4.818779344665245,0.3780108825270086,-0.0306267669796,-0.0306159523102,3761.4041489644746,6630.427486629168,3316447.6301
7.066273252560294,108954.02136105858,2.4836249697018373,2.092897808576299,0.28088544919375646,3.10677059974215,0.48309857143523516,-0.0205101546362,-0.019518669091,56391.06132177784,6889.580007071073,6758509.81322
3.8415550824187137,366589.9942553066,1.5076685928425435,2.4658837072517534,0.187060661707188,3.283071790257175,0.38945592843608207,-0.0803211396598,-0.0794517719191,27209.51762744128,5173.143914193322,9668603.84575
2.705033232240904,439547.02761616587,2.716587273021118,1.7327285884110035,0.299666698651751,3.564211149263932,0.3294905043476386,-0.102331833714,-0.0996078270391,86138.03280772037,77825.6075114855,15283321.5769
1.3252381610024875,536276.4245199899,1.675857600413565,2.976338663750358,0.4800998395853524,4.681722851352513,0.390055383433251,-0.132466680021,-0.132369855645,41712.799679325806,55265.03209562536,11501984.8073
4.8631771507760675,155340.445172587,2.2084954498589235,2.762549617600151,0.26091019245734526,3.899800768708456,0.21356719750258668,-0.0307702323847,-0.0300252367212,30440.288764546476,7959.751581512017,6938533.05411
9.072321354082266,150258.8771017837,2.583545163201262,2.726656558237747,0.16117869890003375,5.0764426526466195,0.25748235054111385,-0.0256971654598,-0.0208098203446,34947.1714030736,20844.78112959627,21806588.2438
7.1802509249856685,4200.1969205060805,2.0902876879083023,1.6117116487953191,0.3824940588637318,5.009442721054671,0.32716352339534366,-0.000652296040073,-0.000564090441,16181.199999757207,3527.3563594982847,1609022.1708
7.430792070356309,98070.31865345889,2.6342653488774523,2.7012527223834635,0.4460293101649452,2.32601431200466,0.1292729255742971,-0.0171556207872,-0.0168941127681,49437.39119155193,16433.27377832264,4127492.47007
1.7404766986851035,187731.3059513828,2.927059858487429,2.511488807166747,0.494433773369079,5.44796273856359,0.49580480500012897,-0.0453778544195,-0.0450412875566,66314.72880944728,23592.663428191267,3683779.07249
8.567412365863323,61813.7078790363,1.6118210320263031,1.8534818987961263,0.15571883292318456,2.1575202471560724,0.39389404442444786,-0.0110403597266,-0.0105030268864,10676.809808955642,14346.975433635378,8308095.63218
5.709718281227918,203424.70095376298,2.3285309907680847,2.5224129411233864,0.16628126279058472,3.4427482292030684,0.46541677432956724,-0.0414727201797,-0.0377182994805,35355.55168389281,6325.131098918053,16061583.277
3.0757751890534606,50270.5787561851,2.2847040380042047,2.5520347798488756,0.2193421862496238,2.1518594352739675,0.3251608435464564,-0.0104323787467,-0.00990522316231,12410.162936007944,9638.976997353791,4971802.35091
1.7858465713827238,124349.5445647955,2.0160521199977763,2.4996177698380397,0.4418247130930789,2.6206378312248493,0.4529961837414083,-0.0292008153854,-0.0291246126462,8810.19797007048,7588.872158938041,1538654.02115
5.032494942101753,50717.56555894134,2.9109211501371144,1.5349975905958904,0.2094791092656112,3.978961692024418,0.4735267003039158,-0.0110754697144,-0.00898194209583,33904.997538560194,19126.496304796554,7423083.31299
9.10740401834232,232252.15968430563,1.926678204364595,2.788791051482252,0.3259810600777101,2.5753040936537253,0.27098111201451935,-0.0390133656937,-0.038799096442,24557.24723561593,44551.16239473078,7440929.20286
9.891836656138562,478152.8750631162,2.5426619825557175,2.428149755225518,0.4120911925680014,2.810927310188296,0.48957703912575523,-0.077684350829,-0.0766520432698,168567.24502033353,34465.958951544904,10658996.227
1.1262110125657407,67889.55851383368,2.747752465119092,2.3943934850946684,0.35132720051134814,3.760883800041202,0.4647097145169294,-0.0161718849988,-0.0158645518478,25338.624915155684,4280.328422127778,2586482.93116
3.930454555481087,389211.27426804736,1.5001514752286949,2.1139534476019177,0.470118741005211,5.395989440529332,0.19742990093878954,-0.0867550474702,-0.0867062018005,3860.5919812930024,6286.4893175608995,4630675.57292
1.3783675157064819,427863.6819880554,2.21437127089986,2.8644336221142086,0.2254466638042139,5.562905277694199,0.3295502291797973,-0.111781518737,-0.109014946537,86228.17799201542,7923.861544726835,17336427.4921
2.2119341230363214,128256.90693894454,2.8146538725161987,2.9669668006403835,0.23037409290080546,2.5905699187076303,0.2968821228074075,-0.0288177739158,-0.0263546064807,29355.90965210814,9019.957744150592,7914584.21682
8.404131319073905,17452.585594913522,2.9025944046680134,2.1259862635720963,0.4072174439681743,2.4700702674842625,0.16241694775950333,-0.00277466652617,-0.00235548544082,50634.57177435568,11652.798021939998,4216957.75456
9.04938059457166,575224.0396162082,2.2478313112911823,2.228621468411327,0.44337700961689064,4.427316919363138,0.22732850198722626,-0.0967665429267,-0.0962516478289,116899.97362287056,28111.989145433112,7185303.81246
5.5835704603831795,436604.7816874656,1.5329798011184115,1.538446001816928,0.3115537984367875,3.968668557543071,0.17114013747290294,-0.0903375737782,-0.0901124856606,34780.69297016077,13005.086032399808,4732450.93602
9.666291870664763,74491.97934992191,1.94711497440614,1.8172085803955527,0.27543712690764033,5.721493889233697,0.2940772803399442,-0.0122027241971,-0.0118696081862,30113.269041453783,5617.123496645189,4523898.35478
4.3589242217704145,242053.38434042322,2.0908504209522443,2.9116766395610476,0.24626076828889898,3.807874290530041,0.08454939411242582,-0.0489493250896,-0.0478942169416,39629.489872388855,2359.9891283470783,7952525.19722
3.442384795127097,96232.68593328977,2.925866638666116,2.51845202745001,0.4193501980276736,5.239261879991187,0.3676322576965335,-0.0205555061108,-0.020156456521,21015.992463163093,15198.502225175193,3605675.60984
3.819564759843335,213211.12399252012,2.2348623924741,2.554204936247692,0.45174526608375687,5.033744860976547,0.15012230168066543,-0.0451406510445,-0.0449420454758,23998.014226125946,21013.35194466179,2784702.46304
8.611206090032422,31959.47695400865,1.6696068801693875,1.512718749862602,0.492889979921466,5.904439870972567,0.14661771531248202,-0.00564570573566,-0.00562656925369,6407.093731496944,487.75843308822795,822846.349875
6.335186736881269,494942.3372747216,1.514151872339958,2.388251130730949,0.21348246693334422,5.588996323833058,0.3824913370441421,-0.097803293594,-0.0969353256696,40295.32717958489,5605.761055131391,10321108.5772
5.323154558318285,315241.8867601776,1.6744642416278908,2.20012642771605,0.37783904887206865,4.535413995917062,0.05072053658480804,-0.0634639750796,-0.0633300294961,9313.024238157288,2053.5362852102157,5938781.16832
8.851855083390987,345692.9640189514,2.373089454337772,1.6808375112431353,0.49964192291276943,5.071570972760165,0.3249160839956321,-0.0596448777971,-0.0594003016953,75052.24440029304,47660.99630433126,4677414.23657
2.1658842386218957,39918.77555974946,1.6423348854131332,2.240828956876779,0.23541837268382138,5.006308002505023,0.126025499589298,-0.0102979404403,-0.0102717878198,1761.4307384615788,11078.76908956484,2412046.54503
8.131383942719458,292948.8997533787,2.7497453114596375,2.903666962669109,0.16171869351169701,3.4845847272567454,0.3670328129098745,-0.0539364402639,-0.0447466809759,74848.38684250995,14567.890878009299,30023631.5098
7.561871447294425,327605.15910148725,1.670092708682331,1.8707146031860897,0.3671462157981706,2.1981990641141698,0.11655272746522335,-0.0620318568525,-0.0618774086727,29690.907411632288,6371.583253080181,3681603.06706
6.326698468333601,119754.95842986947,2.444875287047651,2.2587575369031025,0.20188363076768037,4.423435179340668,0.30869597292629697,-0.0231216584669,-0.0210295306349,42428.67911203734,2010.5428810262774,10478564.7436
3.4809040008898666,130701.14734923982,2.4560518634152517,2.8837058160583435,0.38618226990557986,5.682111292333095,0.3723231760455222,-0.0279745529877,-0.0277156463858,12599.674874561162,2374.124432858413,3841863.23527
5.601496558183424,470744.91094135167,2.7397132371814363,2.9727755892804537,0.4840481475270144,5.53054517592175,0.37881999942749034,-0.0905399889267,-0.089819180382,122124.06906013285,38485.55929053981,7526542.147
5.687912899421865,248891.29684405925,1.8930157441046966,1.5200948933649263,0.33757089711737065,4.955108254694543,0.18471803743194548,-0.050376696686,-0.0501467334708,30986.70326406359,17355.930512557254,4556690.5812
2.8149147835719557,227246.8345180363,2.5139933116939193,2.4691667238024273,0.20553026469832789,4.462953917147338,0.25060961616012656,-0.0520473228863,-0.0486500562437,37520.846110724546,11464.755009950466,13009708.5221
4.241287336217379,387209.93303782557,2.4296278241614826,2.487053677756203,0.2908116812008253,3.2045567140190916,0.26670995356293475,-0.0816973027548,-0.0798140291668,104897.29797484899,37417.73107413852,10999508.503
9.061302334195277,411844.87188135507,2.1298302714103547,2.906007836173991,0.44507983602144785,3.8130171756653013,0.2544814968107278,-0.0681979450338,-0.0679156935362,49336.488973023515,43872.09342727211,6405720.28187
2.0102463636485206,55190.95964096675,1.6418742177969652,2.690885582290657,0.43565736103989505,3.6388133557633355,0.4623227062513952,-0.0128878182129,-0.0128824345661,4853.436702870261,4217.302213876465,1077392.25899
3.11083487849696,384620.2448739367,2.4400669495884886,1.9982466872625682,0.19267366312775286,2.079938676515507,0.21061711134735228,-0.0888234013395,-0.0837598375088,82523.54078974226,28480.739233067532,17201255.4676
5.112798049055051,219530.4558317119,1.7897856385757527,2.923527858211025,0.3815717417342555,3.50092572228434,0.4930076270595862,-0.044589795718,-0.0444916487778,3723.2959725033593,33276.76587521996,3928194.32404
8.758962962291172,310099.26308508794,2.3432626789195585,1.9195549738887983,0.4480647663390698,5.0861835940572995,0.49146884124059015,-0.0540949215999,-0.0537454372807,85291.44799261195,32981.65627390753,5191015.12119
1.0072063169084955,584624.5638645174,2.421290760899607,2.421114438332335,0.29770765291812507,4.516218913548067,0.09913302879405486,-0.189144812927,-0.186914092585,135047.94037692298,14409.579586800377,17518173.1904
1.8724732194386586,91503.79795725908,2.6983757118792893,2.1755712278310018,0.38081469631611176,4.394216425624445,0.4311540386600703,-0.0216797783433,-0.0213708639793,32240.421001998693,9904.241375340176,2687552.5889
4.691296881744837,426409.410187726,1.8246062188529035,2.1334832171996503,0.21127605956051715,3.1408015730234373,0.4210825366628016,-0.0912598417356,-0.0895321480174,68548.41327748123,11884.666803806364,11246491.2243
4.713442953454066,15360.48361162851,2.2592413018464255,2.9125124003412886,0.24209270180912962,3.648943572365293,0.0886721466440784,-0.00201214332204,-0.00190881240361,5334.526381230375,24880.888615698554,5250208.25015
3.541043985708876,285167.8361710699,1.5701649080844837,2.5022476775403266,0.279660129135217,5.835474760670544,0.42142682631596085,-0.06426388327,-0.0640919665965,7773.131022936588,1460.833393418182,5533272.87028
2.4686739466277032,464888.78942036885,2.430421565011007,2.4481116594711176,0.2294629142539426,3.5387915777041448,0.46827885962405824,-0.108370666589,-0.103912974396,46387.3517474701,40108.69279718928,16820230.8635
6.785594298948526,371861.04111468274,2.60037633262312,2.5561782645502404,0.4304523444374687,4.205738112344038,0.3689445710928911,-0.0689303671574,-0.0681837072537,112495.85960891224,31294.91693729513,7363767.42806
9.61482460508241,287553.49393254134,1.5940503205736218,1.7765251183461714,0.27089327430669136,5.771604499000873,0.12730288192178696,-0.0481738255867,-0.0478653933338,27167.96991323488,5028.79037333174,5320353.39912
6.069345858945447,508768.96722291526,2.913319862553727,2.869272259227156,0.1573866474015431,5.069388423849768,0.49389965585275164,-0.104199946468,-0.0877097425917,73583.55008326861,329.7590152237882,40950269.2264
1.0434369911121726,193768.7226924509,2.6798564087011583,1.778622059433453,0.2744481244885786,3.2242655585481588,0.1060949324850663,-0.0529795340237,-0.0513607648263,57793.31169010043,33304.659001785236,8623251.88909
6.1288717668202635,39825.777056723,2.717374147568966,2.118595307760715,0.28403547813732966,2.161902927933961,0.45173329184513034,-0.00759353404404,-0.00674595802255,41998.253287891006,2299.2931727962614,5522873.40268
5.194037383918234,375944.0302767538,2.4535942434457554,2.223298805777805,0.37436420245013746,3.183199696880944,0.08422389428021423,-0.0754806845052,-0.0746116456124,95293.94625337927,50923.857182734595,7212756.67755
2.4585121126428224,363920.9595602734,1.5889730037843122,2.69442770951782,0.28754535977657114,2.7489740000821814,0.2192455609306151,-0.0830465494257,-0.0825722263326,32456.057134600833,20023.98335021004,4138118.87071
2.518784305635645,47345.422509214855,2.481230436263222,2.369972911907106,0.3568878897012163,2.7725516305920146,0.2588918188361595,-0.0101864689597,-0.00997949737386,11042.7357013859,5022.852087580373,2064540.84423
5.344245715316419,302580.5200464796,2.651104724955191,2.7604089109674224,0.1566761145709362,4.400136689355916,0.2726189873210065,-0.0624158150075,-0.0541773814743,57786.268295912654,540.5703877814557,23281376.5402
7.1649669729704195,519077.0563032735,1.5249396418765795,2.884705334237726,0.15379450487168972,5.194783227188648,0.21214027851215406,-0.0968411958602,-0.0945076123034,49714.722416640805,11584.794514829111,21449099.3843
3.475381700076898,481821.3423716795,2.5663900873585566,2.8206007480785646,0.32274517036871464,2.740345206125209,0.4975709178867399,-0.104958961612,-0.102907452894,119110.96164303135,38270.600193017286,12482272.316
7.774593656227836,482703.97016038996,2.489658625852419,2.809002847423215,0.1636265649030205,2.486686852414995,0.44841180930451635,-0.0910420933411,-0.0807305549712,79365.2328389038,12140.789842390543,37022342.7461
6.825890174264063,498761.3646567496,2.572688911111952,2.2704891746292835,0.4493340032777954,4.282108035503063,0.3488494308178407,-0.0933705851062,-0.0926120259262,135397.68511623231,60913.72106859353,8160514.01931
7.447455668191947,377103.8310351294,1.9750912694479847,2.3557709936282483,0.30196029225255583,4.9812897424604134,0.49271020557811207,-0.0701593587787,-0.0694260430207,72264.35951403495,994.2827277856626,8508275.62839
3.3783499808832866,495458.0682082862,2.0789833473438297,2.0351335031008153,0.4366729851133374,3.6410501554355514,0.39015702395334884,-0.111222179789,-0.11088773239,55282.83553846692,51937.48519189863,4980312.38073
7.685528815949835,57619.82248461001,2.6302393242481195,2.920502938916094,0.21574628637416984,4.295411976882658,0.13337856228978406,-0.00939899386461,-0.00794812568329,35771.468516279085,23218.815950919805,11568393.0801
3.972200157870244,472948.7503295706,2.916240530871229,2.404603705327502,0.25241695231411543,4.928595824294571,0.3660508749406963,-0.103380521173,-0.0961213187905,114265.4124596421,73595.8378976696,23437777.6484
7.71437048875779,506367.7650358824,1.88085363226758,1.8440888225843506,0.35809280959788703,5.9263618101189435,0.38430935951421136,-0.0942636721085,-0.0938401061186,64852.67189127125,23445.88433392691,6182484.13614
2.387574762394172,427689.9594100597,2.5456448666102887,2.4225279516427105,0.28182816776554753,2.633405949982888,0.1071988263339386,-0.0983491435597,-0.0951843890546,69961.78906603894,61507.55189737882,13308339.9197
8.746371445199681,468259.4461245404,2.5602373186640275,2.732744827185757,0.2629965873404475,4.930788059913807,0.08120605114592833,-0.0766475188673,-0.0727016127858,157692.93494724747,30917.499162797223,17966506.8504
9.664316363849148,488653.6163238208,2.5745883239454193,1.6791392189392798,0.2186466858109974,4.107620867303162,0.19411886067596634,-0.0825432751414,-0.0762499822345,150609.21117507282,82442.08670030149,24008109.5348
3.124576160214252,465853.49392473476,2.8982943304991147,1.9721618121242526,0.3381944424220311,5.28249111036892,0.4607655425448175,-0.106260397104,-0.103817474329,170345.0698764577,87035.867575897,14956147.8922
7.885300818023394,429415.80086515524,2.305575470134007,1.6447720219912314,0.27117524680480115,4.307976689728649,0.361709807209331,-0.0794011026504,-0.0773199969936,121164.65775075661,66105.4669596062,13897963.9135
2.109254118492262,285600.95262458315,2.4678994932299445,2.693202107231727,0.29243559789352724,2.074969135715146,0.061597971207646866,-0.0654875984902,-0.064317869473,66135.47110768985,10735.975015551254,23518266.341
4.3710753870951065,129945.43552745543,2.2660406308718275,1.842039019964188,0.19304267979997308,3.984237697218364,0.12315290122707964,-0.0275782883736,-0.0259306025665,23695.161392103484,10750.696640808053,7436536.65626
7.667722699434431,253826.41950017848,1.6020630017860296,2.666890640597704,0.42079326995912314,4.09281816670663,0.39522943712513087,-0.0466182292559,-0.0465699493483,17322.871090521407,41403.68470316877,3564565.10963
1.016257201612573,480692.7981341483,2.9870076767138443,2.7766270707451595,0.4475358662301556,3.127003114640359,0.09873895903860336,-0.114454982735,-0.113442952132,58230.21842572891,46134.88531992568,10478049.1738
8.49298848358756,235258.7536286978,1.680174063745451,1.8521465141699003,0.26847604380740464,4.735549592391293,0.17165342424743124,-0.0416206113675,-0.0412816942238,33346.35288180305,3866.11043044614,5249950.28344
7.342301906669957,208510.20367240882,1.6802924148172327,1.5982146904353045,0.38507929351104375,5.929833971598924,0.31099959900869856,-0.0396609729309,-0.0395697633672,18107.001498699577,2598.7061695037714,2277181.72211
5.177121077446289,88807.44122047971,2.7597363529099797,1.665417497964416,0.31061985083826615,3.6132754750920015,0.28170718301772646,-0.0181357658041,-0.0172931257526,53177.52114016757,32955.60766246845,5183311.313
4.617572062234579,477054.8907575992,2.812537737975559,1.6913449925705273,0.2544112776180771,3.8826373879823306,0.34590363903631594,-0.102719883773,-0.0977535589884,151473.12348494085,116015.07937963936,19968742.3895
9.996564468341212,136945.14046650153,2.6110537556576947,2.6386623711805246,0.479652143006161,4.643823356528347,0.0972829803482139,-0.0202515357653,-0.0199885363462,60779.98568603391,14528.350549630619,4327389.61943
9.960590727660223,75823.21528975977,2.839042177323593,2.6303350336645406,0.20468776718335763,4.129455000008155,0.4695103251363139,-0.0125670417283,-0.00933984000173,55488.93087823293,26071.686224647478,16035792.5823
8.680776973179363,445234.2083576973,2.5461892644612676,1.5408192787912722,0.46249577482599935,5.099800573026859,0.336185640019561,-0.077541735748,-0.0770441396513,124165.05541763826,94966.82386635938,7500210.05349
4.6822951717007975,378046.44822193385,2.7449504089354764,1.9935446382187214,0.33919835930127884,5.542410980527161,0.4040945749605659,-0.0795728163593,-0.0776597420984,85459.49886518803,71924.61519610723,11137773.6864
8.263542270615634,147753.95216987072,2.248840080017836,1.661972386990749,0.44223447661531623,4.475014406254264,0.3421060261625437,-0.0264270803428,-0.0262482077839,47389.93065176519,22381.244488623062,3120208.83195
3.900063311983439,569373.3273947705,2.8808809503194013,2.396594076537459,0.36569348866137563,3.164178441794646,0.2880552820123629,-0.121716881168,-0.119258315138,204253.39903048825,102025.92729925051,14908941.5777
9.454186713439514,130414.9544443039,2.037497494355657,2.585580142918003,0.3531054295065748,4.219037331278175,0.2101749981644384,-0.0209292420626,-0.0207755814125,21967.910488852594,32447.131109018777,5041003.10824
2.6812627221590253,151992.57207028047,2.1590518992202004,2.9496640504336926,0.49505301981567207,2.988642725998679,0.4371757099913034,-0.0337658530165,-0.0336747409947,12198.385764371238,8292.001744338722,1908443.06275
4.426714905161765,46371.78076382081,2.9494086597201994,2.7358566906378163,0.2929405386448348,2.840016748235144,0.37755530161574236,-0.00884243116185,-0.00800419191693,36315.57258304993,9429.121240400144,5682671.47166
3.6845120081282636,311303.58356281806,2.3250614061405805,1.5301570771856565,0.24312821525792055,2.053867994329683,0.2854168487930271,-0.0704414487519,-0.0685023890146,78538.1051526387,51222.12188936223,10555880.776
9.684984522642212,595342.5652307273,2.9715063350446833,2.9553268729131976,0.18114328838942992,4.923174953912728,0.05374181624734102,-0.0964295277593,-0.0794357925614,158212.2198290142,5891.195021208536,42750307.3723
9.260171167850638,475901.1347926865,2.2465658012531846,2.724676542172783,0.29491759458382816,2.010302460955705,0.4950273676060955,-0.0806943763618,-0.0790020702054,128794.25400518077,18070.375654777014,15208071.2971
1.9763409594178278,260582.18078170417,2.713045949267607,1.8066844579551482,0.41568614544899996,2.6409969747739064,0.3970067508221422,-0.0617929198055,-0.0612332990422,37717.014157242134,50169.75835881973,5106515.50721
6.196951907630022,30358.14142094366,2.673203892035157,2.0075726465223105,0.28388888772211374,2.8390267756282235,0.22927698903600424,-0.00563245307925,-0.00489452654879,32446.420386124813,4129.902758706885,4863035.67562
8.17572205577928,591541.7176391275,1.7493764979267246,2.3458137147387053,0.24942816113059516,5.882987568498089,0.25216904314760125,-0.105753600746,-0.104503228312,84306.62377460291,3883.2970959356003,11724692.3592
6.718458170604506,485981.27027357195,1.8556093470019859,2.21870581944551,0.3855940026258603,3.250850830630762,0.4264323681511061,-0.0946286597441,-0.0943174826025,43302.65878207153,4245.2787175920475,5639257.12209
7.137245589285942,546049.110126976,1.9909910789788259,1.8971503764442612,0.4781286705017457,3.7027233880728665,0.31135871137805127,-0.104187310843,-0.103982894683,60722.2445164896,13095.595647150729,4954919.7789
1.0946104087966775,397027.8516350064,2.0031957447975395,2.977828840023303,0.4991182617389941,2.105099693282506,0.10339973565396049,-0.0947403153428,-0.0945516162362,26002.06663293163,36939.56064483789,3875295.21127
5.136117086267243,454403.9263115622,1.8633783341373584,2.5935925917935667,0.19736593891048926,2.39167491563159,0.36548225032639486,-0.0944799811597,-0.0921082801444,73876.69367893969,6308.147559171459,16162623.9154
5.6551044234096635,399746.2730800474,2.1188504663397687,1.9633054867071456,0.30120544779703073,2.47595714610622,0.35836180736080825,-0.0818960237753,-0.0808719833735,95257.6088167954,32035.32334123834,8994681.40641
7.310176365588062,84764.80375501567,2.15954606586932,1.5651853720202358,0.47300373439239873,3.510279989079357,0.41013512022122095,-0.0161384388782,-0.016053124465,29661.574333407523,15003.796372919349,1885556.43151
9.553118558530477,59617.96149130095,2.7836613644478687,1.8916732955862852,0.4470503974161416,2.3289208026883577,0.3026393681295553,-0.00980005240345,-0.00943615835352,70571.35882827418,32457.71585629244,4036499.23531
5.358896960865997,263029.31580585695,2.394893523209507,2.481272546601199,0.48469518644934195,2.700756369970829,0.11496214817364338,-0.0521944742386,-0.051946213058,55661.39951712591,9378.818278295861,3682141.59478
4.154713709986629,137355.95424237187,2.321347409271413,1.9917909406933512,0.2877949296230192,5.347870019898332,0.08494029819237811,-0.0289881050368,-0.0282967059381,24739.70888811302,13668.51446474865,5052078.10365
4.870742346559443,581641.3341617533,2.391537699967435,1.7440138834871544,0.1842420333235092,5.725914281917442,0.27186736719172966,-0.127327391775,-0.117933676935,88988.27229346074,58947.84655815672,31959111.498
1.8209032586127794,184685.78099824276,1.5183068989430497,2.998904034039427,0.17673573458329084,3.0722048665118686,0.227741330189432,-0.0424335084081,-0.0418708702624,4612.461936749313,2253.550440328552,6023405.87724
6.639188041279162,498433.29380935815,2.486409676767291,2.7821202145957002,0.3416337922297722,3.376172172996786,0.3213526185396121,-0.0934700350917,-0.0917257787261,141949.6906802389,29393.032557871553,12150199.6793
1.660694920019206,86833.39127761926,2.722214709188278,1.6876409596072137,0.4879189675590949,3.6228758711649585,0.39847292421803987,-0.0212845615274,-0.0211688770186,30140.094102056184,18113.07348413458,1849448.31118
6.406934267638766,135862.01197240571,1.6082562670387048,2.9900457594908163,0.45574263013872174,2.54807107952512,0.4713424467325655,-0.0262661028258,-0.0262642819648,34602.18612627321,48160.033684367365,3213176.66479
3.0010051228976145,328563.6929310456,2.6467022573952175,2.0285121651345297,0.45278077732980204,4.1559558444396,0.3455518647441023,-0.0741532959315,-0.0736601439523,56661.38061237586,52542.06814937213,5413283.20234
1.4272221690105447,524822.6944402321,2.929258092971638,2.301704548275905,0.41847074121734873,3.3793024809738457,0.11957525174825771,-0.125641101529,-0.124304457456,91580.98257201487,70190.2567628874,11006751.9167
9.754873966168217,33415.93784547374,1.9285655636550079,2.7991212348379175,0.294341974197141,5.911566169339663,0.4549146358941971,-0.00480882278448,-0.00487858193954,3463.9150196122987,51472.53701626878,6309711.51659
7.441042186750333,121169.29853298317,2.512472845114931,2.837093132588714,0.3354392478319609,3.9225264681190293,0.08560713829524103,-0.0204722549138,-0.0199209342576,50319.18524934505,20756.995188371784,6461946.12275
6.082947636526418,533527.8735329057,2.156767280783619,2.344325034249779,0.24976388372439606,5.521217404493926,0.157895594657192,-0.103230064974,-0.100698757918,89378.93317949875,50049.89844510338,13890660.6401
9.808159940889896,164620.54189870975,1.6903755397390112,2.523509785312928,0.48901255214894834,5.570507284259678,0.22320934279665233,-0.0266971368876,-0.0266696778394,18307.12565951175,43649.23398236381,2611481.07024
6.205523282436487,204562.08417774067,2.4017417795543556,1.752876808325104,0.1674750726362539,2.5031410279430286,0.11926917453214331,-0.0418839918948,-0.0375925886942,38242.98156494225,14618.813141304314,14450757.8755
3.756302064375121,27490.409989530093,2.3033389786695206,2.4507690935959494,0.28875548679831825,3.620343412089686,0.24177420332305682,-0.0051733364346,-0.00498801321765,12884.83746428391,9008.661003285242,2926061.9052
2.8325814409145433,165367.6505819856,2.976994627952098,2.266291437579074,0.20011154232548164,2.8722598232977825,0.38169704327797643,-0.0387733364377,-0.0338772928769,37761.249567612635,17448.610722614943,12405724.4851
5.6462789895569685,100767.9179657122,1.8524768563539724,2.365854875903384,0.19341092180646083,3.344114932408784,0.3316152430921982,-0.0198374563534,-0.0192604751435,19326.344636433118,14037.250893003487,7461441.11749
4.181239700109965,239901.59693098243,2.432485728794657,2.1492635130501894,0.3494210774333812,5.437525084264469,0.3510485546838348,-0.0513782110415,-0.0506757958168,41543.843691260416,28209.194779495945,5610348.19856
8.242329363017475,89102.93767755454,2.3894616642775803,2.853729165070051,0.3931849183793211,5.533240565140963,0.31784754877592925,-0.0146031409142,-0.0144146439223,25429.744368975476,30105.253494773115,4516198.55243
4.691901242545631,496224.5303789748,2.8293232609343124,1.9063127435956597,0.24285322800104073,3.7343568193958268,0.36223871590445195,-0.106294541199,-0.10013284529,158814.90599228753,100985.39895164485,22594513.1566
7.990952065565285,321965.94948392484,1.7163072022007004,1.9855862854524011,0.18891061023317435,3.312876611038865,0.3317597477060528,-0.0597541164925,-0.0583532712531,49394.24202141102,5099.201464539822,12086894.8388
8.667923438492924,118537.30334680087,2.7542877144041435,2.614748001212802,0.18225675534582492,5.377203644020755,0.4379713815693283,-0.0209358962803,-0.0167913523891,26046.894793230644,17908.994712623604,17754022.7166
9.62619802578351,113940.5644234166,2.5400229764984674,2.27687762321372,0.19583931153352202,5.355147244511864,0.4470220282329746,-0.0192373464043,-0.0162992296827,53120.05180564226,11520.571900472054,14525760.332
5.373086457852206,387332.7824710954,2.2391674756897224,1.815044423481043,0.23204210346915927,4.077918051114082,0.26227749654817006,-0.0798686734411,-0.0773454341766,70410.75784008262,47145.9210596752,13228569.5122
6.625099103789202,510088.4514919631,2.1679174976059494,2.9423134877001322,0.41296925956054353,2.467365612150007,0.26001698826645336,-0.0963502397872,-0.0958304907782,87242.43620186158,21063.61488059059,7739901.49652
2.4060194757828945,17827.832866259596,2.0639603233992014,1.943052330514877,0.29332258882836937,5.707868716547198,0.39607357003095267,-0.00418803121217,-0.00409433828093,7215.59887702882,2673.645678042823,1398665.83826
3.67650071339044,369781.6813532586,2.5702485220701226,1.6201718962860623,0.3215194014621062,4.870268716552454,0.1887261458864407,-0.0825252740395,-0.0810628681682,65928.10138261104,56354.70391622793,11138554.7851
2.53033979672702,497936.41374851443,2.17524097694278,2.7742911067302014,0.24414424642703159,4.096529335188905,0.11715410530458897,-0.113194795407,-0.11049101383,39332.605164893655,25319.63582694581,15380694.0337
9.31039367601796,594754.457550642,1.710544673780645,2.5992107520276426,0.16312793125719863,2.565298398828176,0.35943906922786306,-0.103244033005,-0.0998431841286,58080.2525017341,21819.398412043745,28080950.7345
9.716031882438848,597747.2614568833,2.369564150835863,2.982007685426844,0.34447237160964217,5.146578387729292,0.2711678705878073,-0.0939719052148,-0.0923504018744,146060.15596846034,4398.8782119398775,14407169.9588
7.814374076059916,341582.71086198476,2.999062280907628,2.1599426969257287,0.24724129964400596,5.978658183798899,0.4701404197091492,-0.0626165986183,-0.0566871459742,147712.1820023347,54696.789721201436,20379040.4541
9.358185061190772,291246.47473964584,2.945356346825044,2.4373780157206353,0.43583000797686444,3.7802380490434886,0.335352464811185,-0.0469395051117,-0.045866963182,159800.43491174755,53694.10124799624,8808942.09159
6.07177860125066,41991.09820548284,2.900371771302953,2.6788720144824048,0.18643108260811084,4.648143520452232,0.24920496564716327,-0.00785416768158,-0.00541438467707,28811.20833374905,15581.89371916189,11170240.8073
5.835873356146625,381762.57942265325,1.7177339155244749,1.5605796489628865,0.18826112466870906,4.7504081454235685,0.434181899039698,-0.0792486032206,-0.0776124064799,54400.04613401974,19978.910916761637,10820334.2396
2.1051313387181114,241471.4446723681,2.9219168660627775,2.1823850939909772,0.440253746746337,4.816285052518998,0.4009394146136609,-0.0575518916791,-0.0569241502176,95425.98567371514,44087.08585960089,5623706.91045
1.2365299569965735,202764.8302826577,2.700291564101581,2.184948965205392,0.3897986634964713,2.6040457785510016,0.12231057334204833,-0.0486300556416,-0.0481074979457,32655.832955293783,25812.521485629284,4509622.20254
6.947391893558903,10190.721075085488,2.0582312987969535,1.7337264461552409,0.49677970124895054,4.235584028469514,0.42694786994516537,-0.0019194804292,-0.0018842776324,12377.392759349472,1535.3882101990373,1001811.04543
9.385988653192253,109774.49332609274,2.558561987116738,1.6314192646818602,0.3615056572111371,5.789507637419424,0.33582722418106653,-0.0182043277523,-0.0176313417833,61589.51241183819,39505.09973535144,5386705.38402
7.102404562975605,327327.89602261496,2.645444076178179,2.5952695054555877,0.33197870521120754,5.061667008377581,0.46989547088555805,-0.0600298785595,-0.0583606108437,128717.07651789575,26416.8245033511,10666287.347
6.010338910759874,174969.64920329538,1.8385079642384006,2.1222602258761136,0.263328878851109,5.017426128700279,0.4936464876219929,-0.0348601019379,-0.034462272901,30218.53176325756,4918.8128644621975,5017773.84118
5.931894375783198,25180.47290186072,2.7631094194156294,1.859744333963611,0.43396126546815594,3.328358980279453,0.09528241503245685,-0.00465982371165,-0.00444393154675,38146.83550108596,17911.815299934133,2396592.18472
7.913343903038513,270822.4461849335,1.5866471163351679,1.9685408534793116,0.4925448938235444,3.6877542146768603,0.28762634621905553,-0.0502824792904,-0.0502380316119,3456.7790252512445,16055.773037987534,2224519.01039
7.648530281496701,80087.65474521185,1.8678790135360224,1.6771008452373715,0.4599012764711017,5.642556555182322,0.09143738517809022,-0.0143287877114,-0.0142829701362,14169.633602105861,812.1763137108031,1361900.42873
3.343324722876245,356801.6504782665,1.9403989257299616,2.6793693050243874,0.18570437620353838,4.698265696780545,0.21245952061771917,-0.0790683483006,-0.0762231570203,22912.37862112248,11842.520399763647,14111796.1747
7.555917406299056,549786.1812097139,2.1758889643973296,2.216035058276188,0.4153794109766328,3.462015805053393,0.23485331390415753,-0.100826842847,-0.100289402981,96942.37323915026,23820.789505929806,7328566.74672
3.333632430389458,133892.36518313029,2.085095486245142,1.6099632404521458,0.32166757307262467,3.434890738247351,0.26195994406356227,-0.0300753900239,-0.0297919019698,19083.432847600492,16239.406184017704,2854371.84313
5.790026211917159,230240.19018003147,2.531905467768016,2.0127826383266307,0.17319913089072922,5.562111276347307,0.11202770764245434,-0.0466972288757,-0.0414014631011,54946.02954913033,22502.602132362725,15213751.2666
4.286921633894464,554062.3267580812,1.5026257232602591,1.5618600593755774,0.32650023741626355,3.9514591764580995,0.36268066720763603,-0.122789771725,-0.122602957719,21133.69691931994,5064.756899758609,13121825.4794
2.7987307124567673,300446.9400955769,1.9103851641279728,2.944205241672318,0.25823160536459644,2.416019936841702,0.43243427490324415,-0.0671644278636,-0.0664375638426,38321.36518882948,7774.731512779822,7581472.37447
5.715235641394254,202102.74687644615,2.339253174016634,1.7646548425820154,0.49770111240522297,3.0574033277939483,0.15397682663792023,-0.0404442002382,-0.0402979464344,47482.0348436636,22356.317172784387,2809822.25775
5.974517632899044,40690.140344695596,2.7523313743520665,2.540085905812461,0.4167476616332707,5.156298058226753,0.409827787667911,-0.00729096553897,-0.00705521465988,33814.22244653703,6971.00467428733,3057626.41443
8.25580495698474,231226.98195118384,1.703754989547869,2.6811805330542073,0.2686421070559769,5.329328778832142,0.1638109518393044,-0.0397473807195,-0.0395205169237,18286.247006045014,28759.551774135078,7140113.62825
7.505279922181969,493422.99602612376,2.262427547509521,2.337317109744312,0.4285594336298394,3.9389211410740197,0.18162752447498304,-0.0891026453483,-0.088577726,94259.81207368454,26494.997950991517,6774618.73445
9.910934573585227,560417.3359472872,2.798222211301895,1.6410967100243792,0.34045261574552765,2.9702157313729787,0.3400760912163177,-0.0927752422521,-0.0899292010517,232363.23235598757,170774.62976380915,19098033.6714
6.291017926199037,20094.37475574915,2.757565094038246,2.4476105007203155,0.49851236503700536,4.2073744797632,0.2520995040257105,-0.00340301754419,-0.00328167093555,26884.544348380045,5260.137988193675,2074672.98051
5.070327009820842,359236.0539874966,2.228441089659114,1.6505596692229483,0.3342986101690761,2.2916947210175547,0.3168931725969261,-0.0759497145892,-0.0751986024105,89423.54408522381,43397.07589433886,7591457.03489
1.6474408941169907,2014.5372851660265,1.5241362757282844,2.002078119220719,0.26731553577297024,2.3429383459469313,0.13669638245558874,-9.26212327623e-05,-9.51541442483e-05,853.0457677493017,2271.4264764165478,847118.840265
7.452098193176404,293243.8160684012,2.7417556910071306,2.7784407680670618,0.39864480751696024,2.6696387119709035,0.12447516543740375,-0.0517658160413,-0.0507502404358,126325.25299987715,14647.444643432733,8805134.69658
2.7078784800575226,183452.45684347837,1.6844123930172892,2.5824562436150718,0.2773208053518499,4.023090311992673,0.2126652497531668,-0.041250108181,-0.0410348739431,9022.75836937951,2808.5352325030003,3581904.10817
1.0681400309021274,281920.8412105703,2.0763031250356483,2.144776120150049,0.4869352152911638,5.7798187891966855,0.14132453186995403,-0.102622749272,-0.102527103712,17833.80793458624,5206.889877277182,3162717.32251
6.455258133216777,278257.4535374158,1.5401326010426593,2.915318876563079,0.31092150556981074,4.623808744680868,0.31271246752278326,-0.0530826796007,-0.0529884453011,2280.5120972333557,33517.77413075887,5665723.61003
1.564388502988955,575545.7355044527,2.8769296906844337,1.8496131761257544,0.25477773069039655,5.783493571491332,0.11153159959120616,-0.219501648117,-0.211573448301,237985.98551437852,147965.7660257265,29071685.7544
5.418910890949944,78049.07415583065,2.779575941410423,2.4929360263735645,0.29090614971567336,4.9415794267457605,0.27598136453250466,-0.0148070453575,-0.0138496679673,32309.527445792104,1116.5562632094013,6199701.72966
2.590941984063225,382966.57909706346,2.563505327914327,2.39607184719631,0.17791361770778644,4.178969023610799,0.08279386040460514,-0.0912209404961,-0.0826562275817,67103.90831310193,19292.781476497308,27845159.3492
1.3112317022559887,282852.79854539526,2.2994542745489905,2.5441265621872637,0.48709005482781675,4.6607363709775464,0.11576285008592846,-0.0822306392378,-0.0820699212547,27882.980046694214,14362.47081656356,3672158.17035
3.023748530127713,561543.6252961322,1.7990719755061484,2.3756702457099204,0.4261096925980996,2.9471630328622105,0.0975255685071297,-0.126742974018,-0.126526158108,10954.955816482563,12957.571458034598,7838066.2117
8.0786875923543,306965.6426571794,1.6451110125671289,1.5888505631170091,0.40834067751022307,3.866229259253434,0.260453923335742,-0.0569101745331,-0.0568163994215,24145.153225689308,702.6283763191058,2693521.64567
9.12635852682699,69326.1999696354,2.181365188763645,2.5503609561001994,0.17763084675648286,5.9429411820500695,0.3551613142912357,-0.0113008514588,-0.0100095341839,20560.350847583486,24252.27440071467,12461359.1924
3.6092936415226875,577483.279491125,1.6784319343150165,1.925912609218189,0.3057892782304178,2.056137870751668,0.058992935510544964,-0.130087678166,-0.129571162816,62215.96912344135,24609.192479138368,6224142.24793
4.164051920823803,401715.01265630376,1.7936706148507906,1.5410723768601222,0.40684337401087,2.137045629599597,0.4575614772424871,-0.0895978994859,-0.0894443668334,31231.986753743735,15580.032925223226,3565181.69926
3.703169151652265,515117.9226976364,1.5108908159795444,1.6077610625495262,0.3167131062508745,2.8022899735227553,0.28956730624339744,-0.116468692872,-0.116236111952,34359.24518441034,12528.359557127098,6199015.98679
8.888341869154475,568789.7422163864,1.9968926103517841,2.971992234522734,0.37129134088891846,2.245627613580283,0.09398606080893729,-0.0968446727002,-0.0963392466375,50807.04247424551,56113.4401839516,10300563.9274
7.205010696273821,523103.8685003073,1.7909915905208091,2.3550872469352404,0.4686444887134804,5.612175946715506,0.42580711240933855,-0.0987905712634,-0.0986318169545,15220.464385542566,16530.38797629881,5273492.11038
1.3967576521642022,225969.9421654302,2.2264047258210926,1.7159511360638884,0.4742440627986627,5.2474953725660765,0.06234440746435059,-0.108856396182,-0.108737320507,34894.740516382175,15950.211793139848,2448581.53092
1.4056872945605554,390509.1405092562,2.595100734177646,2.246080917040414,0.3208112551798098,3.6647418015555178,0.2474287987857426,-0.0938556787406,-0.0927218946424,93917.07204136385,15731.041428309278,9836091.05051
9.947069331375868,536846.363966555,2.3852733052423862,2.8376559188712873,0.49336859525318943,4.347934491658341,0.07229035971772492,-0.0823435335191,-0.0818954580752,104452.43711430691,14333.747757532945,7230542.8293
3.393376816223274,518418.2872397134,1.706304428046446,2.7638101189061435,0.36696967884222337,5.645574433264816,0.06519224630624704,-0.117672367902,-0.117537878806,678.1419817501372,6231.507892906967,7494740.73007
1.6077946574631656,122792.02820245679,2.0560751057809528,2.0193487333714923,0.3316643967325852,2.775551532541861,0.2158510311206122,-0.0293128373203,-0.0291214001216,11902.479074048611,7940.856773318934,2316715.01934
1.072782040547463,224247.98038182536,2.791482218807342,2.6005310165143896,0.3995325413497616,3.398655800158059,0.09079884084879984,-0.0535759437781,-0.0530434892874,31175.963170250438,16699.950653269563,5235296.15236
1.7921530791430262,129366.52001735612,2.654645622716407,2.0442121438289598,0.18756678044169767,3.9141726836630117,0.24434965665017183,-0.0317242576224,-0.0290661696736,35189.91550826049,7491.090121848026,9488601.84233
5.89701591672113,290697.8107550608,1.6510669816997898,1.6019024038979126,0.4643932533679186,2.4918497874729675,0.23081922083452783,-0.0597690211369,-0.0597131556788,11855.206716347167,2233.8194940954613,2556450.83762
6.702780709431634,304037.98478627857,2.1463188916635914,2.187032765082387,0.4620650439142687,2.206268441342359,0.4129088626928581,-0.0590145701292,-0.0588059020863,54968.74006615783,2383.707746696449,3975124.02478
8.577084875115716,470414.57464971545,1.6089071009643652,1.7268683730147403,0.3887555038315915,4.521175857232063,0.34938867329930384,-0.0854077205127,-0.085257426255,32310.934434057068,3662.245888362266,3944233.0382
2.9265509416494977,307762.8972435862,1.7967530801960707,2.212250171473001,0.1895731126936177,5.269863448869816,0.44973351207225853,-0.0718655999832,-0.0704333093771,49797.97966785034,3942.6408755262114,10389187.4721
4.192618157169641,126314.30584915167,2.4376811964376555,2.419389424094709,0.4631286365836611,5.463542723415297,0.0996034538941449,-0.0260000471023,-0.0258325975165,19550.832391391315,13945.046913183183,2358961.71049
2.0403464060744936,246137.2307134862,2.4905382378993397,2.0509283629027975,0.21773208219773044,2.9243019395791716,0.09216497197765272,-0.0585977866457,-0.0553873745113,43916.84915931931,28633.81343762786,11366251.9783
5.211390295917943,388326.71430149965,2.1614963828730005,2.624427565126527,0.4170150930275416,4.569268908793228,0.4966266982613257,-0.0788905623716,-0.0785344340078,56083.93226604897,17.25538983301431,8551413.07249
5.1910179500797815,307191.28123697045,2.8073639005381787,1.990297049416879,0.2390887780258122,5.297369525896396,0.222797046709864,-0.0636732662506,-0.0585846472703,77895.58703673865,53552.009461995796,16952952.3745
1.58094894192307,155074.84777977935,1.5852973682226026,2.7116412753834673,0.25591228927743964,4.903057251547413,0.27227731487010187,-0.039133812122,-0.0390485328439,2197.8689004229905,16627.92828480872,4385790.49074
3.3138200586254585,157432.3486533778,1.7219221230943798,2.0568613522062806,0.15335987199034792,4.627947519245353,0.06580166701753597,-0.0352444992619,-0.0339795140039,12466.998697956224,553.1491201370277,9026167.72721
3.5570049764457234,425812.3979579054,2.1065566767697295,2.7955009331785226,0.4269704380251723,4.150053003249894,0.1556895504399468,-0.091089902431,-0.0906045714048,64289.12496364678,53974.79180184626,4428470.86801
2.9429349272855725,521658.7474399662,2.239894554538413,2.411507009353731,0.22420592912051482,3.712100825437971,0.1853155319987254,-0.118467094876,-0.113815859379,82290.1889585496,52831.32710856741,18126323.5282
4.275990443457245,192015.27180605032,2.8374640085732725,2.400714206328374,0.40096366839938513,2.458476150137781,0.14441891066852566,-0.0397072842703,-0.0389946076215,83510.64639075805,30543.851411590105,5419243.99579
2.6618237475414936,252415.47481315213,2.0877274134740875,2.4838943331969716,0.4825184374199841,5.356409036943335,0.25684067466555116,-0.0593158810628,-0.0592119778795,21436.71495804582,18416.093245945627,5464534.62045
2.1844249284277977,87729.66175811065,2.7863266399636495,1.6330026799812765,0.40408626491067035,5.334920079821373,0.2269922168549277,-0.0238308116047,-0.0235365875692,36813.95284583873,30266.673319076854,2965632.43826
8.969970653353142,317998.2593503339,1.8019373675270833,2.1646564499882084,0.3254097393778349,3.8709895488811803,0.23566470814622265,-0.0549254557405,-0.0546163655518,37193.42771001023,15244.154673953735,5905690.11989
9.008263591996485,537655.2936568266,2.0674462771303674,1.5288410266151835,0.2277504314939618,4.594006076755717,0.49021647504444016,-0.0963383554559,-0.0935611563663,94952.02490273239,57838.57751359455,16971397.7399
8.444830982946861,214912.3761776775,2.676532309506074,2.711312225990746,0.1720752895385286,5.687810856572396,0.13872865770611836,-0.0368829363404,-0.0308925606645,60380.652734440926,7389.984443650529,20688644.713
2.0583432950219644,15209.861038149553,2.0436875743215173,2.381619791708709,0.31876887500978235,2.9809462247984047,0.4350554343413181,-0.0030468885892,-0.00300593921286,1258.9009336770935,2256.2075848572167,1326472.23936
6.709899793116756,54169.415857547145,2.777310698976446,1.7675036603493632,0.4587813121102552,2.5790036202369735,0.11504190981027164,-0.0101550032567,-0.00990954675779,41508.34779630349,30958.843359385137,2890537.07598
1.9372940977488597,407336.07467411255,2.232929256956935,1.6199701193511002,0.16889646158464885,4.451695123910252,0.1425789539577293,-0.118466285313,-0.111118422386,77642.56762209594,37663.1874444971,24310419.0271
3.3547612092088435,283845.32363067765,1.7395891348991979,2.0423500530705363,0.24122988050042868,3.677286952612972,0.21434345392851306,-0.0633820525356,-0.0625693178476,29541.454146771368,19909.23260403866,5787371.16152
7.986999701240225,522649.0617969158,2.388851934763826,2.4566194391898204,0.31509891015222,5.2062478931953144,0.2212931541297068,-0.0911753947299,-0.0892044564817,135332.7755443407,48010.034631928625,12719204.3123
8.546623835135545,318586.42593853245,2.0300183319997744,1.556472712320089,0.3977292107624407,5.026824674060909,0.1344613386417403,-0.0556409986514,-0.0553867176834,57921.777233211185,26567.8750252365,4492883.83389
8.355362243116069,264475.18113330886,1.7570716377134539,1.9302386538461798,0.24185604573709663,3.317251186518676,0.38650862539355096,-0.0481192863456,-0.0474668625569,37461.89037664231,5591.065244839826,7646632.7023
2.6078530540276397,529387.0970522542,1.726698552008433,2.3516060771834995,0.1756820314979352,5.035169281076239,0.12135020035046261,-0.127580983752,-0.125399278958,70650.13266505786,17383.88490552799,20366165.6266
3.766153786747882,402675.97647277283,2.872128834021666,1.905603970723504,0.3066939144443406,2.5241972082850372,0.17362957687945296,-0.0883166361503,-0.0854976800943,144793.99878347508,101162.18199605866,13872789.8342
7.129677754702218,497167.80371426366,1.9657514412216712,1.8081619947189256,0.38999899630054174,5.995143634930592,0.1898800710522474,-0.093201628318,-0.0928616052284,55004.94471206199,30799.72425463593,7247039.5392
4.335099909077882,539641.5545569587,1.578559206920097,1.7890992227877,0.3184231415554445,5.168522624678438,0.4921063792138117,-0.119415509043,-0.119094592327,31302.06658840978,26481.594901438362,5304248.35584
7.791697490969621,64788.331596163414,2.8427678879650733,2.5454728200157635,0.20655196878312665,4.1737120191913615,0.31053668045412075,-0.0116025529011,-0.00897481449627,44774.738254734424,16126.35089186627,12837425.384
3.2510475360258893,408279.9606523233,2.5570200141928003,2.909640871049226,0.32434398737390435,3.457445760813945,0.40910563551423024,-0.0889135963846,-0.086905949225,84424.20389327746,49070.16529388874,9837537.32804
6.925723837122801,116669.15583538004,2.6712606729958814,2.877847578395141,0.2249362988091239,5.545361635678301,0.18282802305535634,-0.020441386642,-0.0183695110534,41372.4600930399,14206.804609816589,11392099.8648
8.994796412570528,325446.375697098,2.9898466471793865,2.285410482390598,0.472816673140081,4.746083482882869,0.07425039455552739,-0.0513587558854,-0.0504792454033,159825.21686023948,82318.09903882713,7820357.01797
6.903021484057485,505114.50150714075,2.314554519412119,2.1023557432479896,0.4487212687525851,2.7292006061892513,0.28608263455173,-0.0963330601909,-0.0958485340595,114455.37478138448,40109.20963890853,6635408.95423
1.8056532623575852,335944.34396360314,2.9096792214203697,2.3430469556016797,0.490238643322609,2.829558121645115,0.41423438762292647,-0.0785054469934,-0.0779287476889,66411.73910089555,65110.57018775385,5381067.76541
5.8315045343907865,523359.00727819226,2.229709849730229,1.952522823492417,0.3546406599479016,5.150408186381727,0.47251580604107335,-0.105731180539,-0.104872012712,107642.12154994009,52480.871962940495,9753561.42281
3.243993105099926,264068.02962704445,2.9736005337452154,1.8100440417371244,0.20215621573357828,2.256879840044471,0.35905169472623516,-0.0616311237346,-0.0556525244494,78066.36341868248,47026.67700998514,16292504.2738
7.637577356591798,423949.4984919791,2.5217572344044425,2.7086609895385347,0.2268907637769807,2.7513976455759774,0.07271433975312737,-0.0766855698539,-0.0718076988284,103138.87990417903,6827.068091850088,21817325.2774
5.389589867247895,550352.862833205,1.8376193557758282,2.4324243124723646,0.2997155383710062,5.400694977077567,0.4464538292846624,-0.112647920912,-0.111782819091,52992.14846505313,33151.94583368857,11839076.5246
8.974709162688416,16186.7121717131,2.5012358279993046,2.4959639893943573,0.30959543253892224,2.8521302678834823,0.2632219963939705,-0.00224877401044,-0.00187476652989,27103.3081529613,23957.534527805154,5684568.59178
6.64579779047857,167169.8596075492,2.2522677900984682,2.6192234541502852,0.19107264507044897,3.3004519991283243,0.14214261945064827,-0.0313206785766,-0.0291715488202,35619.60643779106,13513.413814721489,13077216.7923
1.5427130236000148,5682.301188006251,1.8695448562729275,2.289309565656633,0.1805007389125123,4.455404394583914,0.30835487891578195,-0.00066598431429,-0.000645923306578,1041.1886833503063,7637.383439514917,2394466.89804
7.271181705744207,249996.6300529521,1.5463392562136475,2.4826513706866984,0.23310133579579356,2.8807011117801533,0.16529226884815457,-0.0466383584431,-0.0464072157642,13663.304720111875,25298.44766781742,8111912.99252
3.262779799461325,216661.1681505605,1.9419571840146723,2.815425597892024,0.2850475768531733,2.111139996167237,0.3570584648017969,-0.0474135203513,-0.0469895215326,31401.898535346376,10900.475641721992,5529810.86006
1.4962579379386665,418027.58452670486,2.1736565812768087,2.988936813712065,0.3747130669235916,2.336604065597802,0.4526469497540031,-0.0983210750248,-0.0977011011243,46157.87639715916,33888.69629212678,5661015.83537
9.577024557100742,775.4424010151669,2.224382852882843,1.521034980604071,0.17486752845608347,2.0198907932116694,0.33357674953053695,-0.000444042805116,0.00103434386542,25910.223500138465,844.86555288498,7897778.27548
8.768247512662473,90009.93798330787,1.6674660190439015,2.5378866436269543,0.27779027615102425,2.8921197931851013,0.09624207180294489,-0.01509462403,-0.0151121708792,2128.5630372650007,41978.99029768709,5755908.1413
2.9902063602478473,457065.9104445271,2.3991029257032603,2.4349354123146365,0.3543613650285206,3.2966441388893326,0.3069761650157556,-0.102165249061,-0.10088052498,82633.92675415151,61310.2545565048,8250084.6691
1.5538349876713036,45381.08709752598,1.6368783423963877,2.5335399192758015,0.22702787807262897,2.2098320366623043,0.3871468348991211,-0.0101756068781,-0.0101148667862,495.50406544289257,1955.5261834854384,2283783.04927
4.467292350617706,132416.35133313795,1.9637605759789434,2.293501527974671,0.3434579071677367,2.9788985418242624,0.33494800992500245,-0.0277354718287,-0.0275640331283,20144.18484674227,5532.376506172469,2957476.77694
4.128759023625333,365084.13294009585,2.1382175919774276,1.8412294946915662,0.27500787739240584,3.8427936322160807,0.16195339392957558,-0.0788023516211,-0.0776163561997,74842.15969968839,43927.01894484353,8047619.99287
5.797603506748738,544715.6425022043,2.009679905954608,1.5147519285384239,0.1745454206905362,4.510840365626388,0.3691350458353475,-0.113703964803,-0.109102990863,86596.74065886355,47155.75709420928,19820077.0086
9.054550043213572,19090.800093231956,2.9088432557960555,2.078461130553653,0.47064889734261495,5.229166198870756,0.4862642054300813,-0.00300368848594,-0.00273021326513,56242.70571212634,18500.538705803086,3149817.11489
5.384905362732623,226331.46431455816,2.2862233851858575,1.6628195439656537,0.4044684492243048,5.4535549017057505,0.35720383797328636,-0.0464389520212,-0.0461353584103,35617.232140166314,33944.785073272265,3821371.22093
5.2316828976201855,116221.22429452199,2.4061490834843022,2.947026202554849,0.1897962917578413,2.9878165296345798,0.4546583480501246,-0.0230961017244,-0.0211787942622,34941.48762336152,15097.412212893096,12291789.0997
4.984505929120412,355150.28979417204,1.7328321588275204,1.8673806573662528,0.38474019764307843,2.265299336461248,0.39481370570081675,-0.0756915868264,-0.0755260726894,34519.00068260006,1975.3854174237624,3378492.78839
5.395152812350853,248083.9474425837,1.7753650880129537,1.9589926113207796,0.17401154234546667,2.0475775251418895,0.48404391202916425,-0.0522409614296,-0.0506715887758,29850.30682738441,1344.1670236117582,10632612.9271
1.9121158677830863,42714.07542537008,2.227540209697405,2.8016523808946348,0.33071967604341546,4.770600619751635,0.23705810053650922,-0.00947059151921,-0.00942794047143,5377.217875673797,17153.30029684529,2083417.1205
3.0089749750406956,28359.64545407576,2.3469081079668674,2.362243315598124,0.15765024346030995,2.318921884406058,0.32319605411367636,-0.00571387618699,-0.00474023321883,10125.65720095065,7204.052090036803,6163344.44354
9.794129219965052,585602.6161040866,1.6664120970724199,2.4634301897623243,0.49117696457737625,5.699689606514365,0.4507997347118038,-0.0978730371836,-0.0977527798876,13945.262991409303,48171.79536675234,5157699.09124
6.459584733105017,25947.227571812964,2.818289547378701,2.33095628036991,0.4753955474567646,3.833667113335454,0.46521308344769163,-0.00459558957757,-0.00441625939717,38247.237385311855,2000.795148148328,2428496.51519
2.4475570194486944,29770.90701408177,1.9960400996402594,2.649284383578223,0.1526419532137449,4.911040227455338,0.1353716377379247,-0.00594519858162,-0.00576127056765,1664.686977554964,6533.702263672752,7980302.98917
2.627632395790212,398048.5813707925,2.376518754349871,2.0067573643545202,0.4253603802810565,4.562045727786614,0.39870295578804743,-0.0927960946968,-0.0923587130297,49413.43981091228,43287.58862424174,8220334.02174
6.37796086639572,412594.9959561537,2.663843735840961,2.676416213663136,0.41635146325989103,3.9209475371417692,0.4402098200256423,-0.0781337746478,-0.0771142088178,147956.68268887827,40482.258483224825,8661805.85783
1.6163938197025676,372467.00738114404,2.877869267711212,2.2218551032833567,0.2642408029911367,5.452072893568625,0.40282518774790893,-0.0962684204711,-0.0918112223497,143301.6998469781,56598.476883610005,16974836.1939
9.487818677415612,60670.42502413261,1.8032258142458324,2.8321198508778775,0.48210260277714334,5.514804081781236,0.13706458540839067,-0.00949985907605,-0.00950851037999,27449.421637994627,55029.53864730711,3017344.05015
6.1035252440580186,146486.0594153224,2.1794432177477763,2.90909935407625,0.32956982105839594,5.210204471302935,0.3563639769329592,-0.0273733528627,-0.0270834982934,26994.461918815796,22948.010011611204,5229017.70296
8.211576145007125,492518.4617252563,2.0127518248271756,2.2112280813700336,0.28972519989917267,2.31611003267115,0.35022837032788035,-0.0895898598076,-0.0884248008365,102547.14180060929,6960.8100771781055,11278590.5762
1.515446157920742,182670.1024768664,2.8881414576034716,2.4559204415930944,0.21216290652958195,5.632217023337252,0.36467187273896495,-0.0481918310178,-0.0438289222058,43696.25977446713,18303.422719168084,12921828.4928
7.760230353005472,96077.68900933104,2.935282666987191,2.878692543507611,0.18683767299476225,3.602222565763289,0.28278331801140494,-0.0174631574362,-0.013312474064,39786.15464008367,23382.77510053181,17425103.5984
7.3687618796080905,219788.06950568137,2.8008778415250712,2.8241479105938607,0.36768360468583283,4.383698423716502,0.48373360649931235,-0.0390603261811,-0.03793260355,94199.04635429081,5414.963732722686,8516098.31835
5.612903807258779,140075.03508125246,2.7820128704612834,2.9411533551664237,0.2603528643684482,2.227848268015015,0.47453770900443754,-0.0273343222102,-0.0254321934786,57224.56816563321,14941.22805112975,11070481.5385
8.415507506737772,298461.5034184909,1.863049685460876,2.3129305882745923,0.19762187025604783,3.826888128599504,0.4853154022628944,-0.0537165688754,-0.0521357389053,33504.99007050432,16001.564109898953,14432036.8721
1.117434597377902,492892.8525955313,2.7388852722591746,2.5102224796710066,0.4716736145167931,5.526127265324563,0.2822329778996027,-0.136009090881,-0.135344991885,108560.50867515791,34677.142402849306,7971430.29849
5.155193229057187,112576.2240966118,2.055059012439223,2.6588520324949245,0.2812988462986114,3.4552422607424838,0.2970013658232114,-0.0221821880199,-0.0218740553161,19368.582431056355,16971.436008020606,4968823.78098
7.211995587034744,330588.25460536673,2.105580522241494,2.61077974661186,0.49237382543727837,2.3988273510568043,0.19043521964704185,-0.0612274266989,-0.0610615470117,35852.82968536712,24431.13730021653,3902460.07535
6.922195440730003,414111.1458330934,2.963035454324829,2.216371204353864,0.3681813314756155,5.4929698614251246,0.17063474162160008,-0.0746303276804,-0.0725239969505,155245.53268734118,108439.63654828216,12544822.4731
9.12040645968419,563611.3610001826,2.7339171273726426,2.0838869097388226,0.3915540066828992,3.7851554890929116,0.4995119152697915,-0.0957719350119,-0.0939788829707,229743.94635252852,113280.71587925237,14009872.74
9.436713779856094,310803.0833991769,1.6150545599252504,2.324501816898441,0.4296561216964496,4.144572798581141,0.34313870496822263,-0.052994330354,-0.0529230406497,4468.621847664878,35791.62979226145,3501009.46855
5.987072129223406,123133.66100422364,1.7518557677681115,1.7857722727518976,0.47667409054017384,5.580710365283311,0.29252959338131057,-0.0246958311954,-0.0246636038454,3242.8042662453117,5461.217202714409,2810222.34707
1.1629980232922033,210212.67702976332,1.5514604417934876,1.8761976585835252,0.3007067421569003,2.1738401471072284,0.0900189676725015,-0.0518586841334,-0.0517335687514,7995.68949613754,6991.886680272739,2430513.87421
6.438236792187641,437647.37903173117,2.311978082409474,2.656671136487636,0.33713836350874893,5.831761224176265,0.3157284137699796,-0.082375083542,-0.081265917966,100313.57450069029,22662.614631985096,11223879.6476
9.408905884771983,597241.6495160508,2.3413049645992547,1.785473330129888,0.15189251796832343,3.247669492722916,0.48719205440459123,-0.108069525006,-0.0961414499881,111081.02040040192,19966.716237025856,37526435.1138
6.658897095473258,265339.9903533688,2.47187899399198,2.4143247062675224,0.407539572946893,4.47764315705299,0.28303338557908114,-0.0493071610292,-0.0487744073538,74401.65931918986,18706.20727517179,5623012.56369
1.4565898149995347,390182.2780355983,1.8822335808838289,1.6483492457732567,0.15358576269052296,2.569762292429095,0.3806103646850076,-0.0980469570302,-0.0943931179544,30110.52272095904,15267.481508578529,16302354.2714
7.607939959669883,255499.32021885534,1.8898898935720931,2.470840278873413,0.2968842480209553,4.6196099704546185,0.15686647245062652,-0.0455467551956,-0.045135267465,34641.93428035011,14822.385951605625,6393694.91043
3.8566577344375137,144856.17033378198,2.3302702849370664,2.0170952180221544,0.4935561340936464,5.865120966052899,0.17432502067636357,-0.0319920743731,-0.0318823462573,17790.260538091097,16076.47594437955,4716024.74429
9.843770962107682,296910.71513624047,1.5300349551708388,1.9111704445952487,0.3521336981285665,3.0285080022549478,0.38188284085349394,-0.0507655128704,-0.050655909896,15704.834666401177,20971.27989385887,3814185.26469
8.233591540128657,374173.19149671687,1.5162447409176776,1.5326168802141236,0.4234112531932833,3.1019212273186176,0.1995776020374413,-0.0696473223973,-0.069578406638,15112.697930438213,5271.722039842915,2718076.27783
7.613358509428251,235683.00553618628,1.9611446545652385,2.168044107000492,0.48170013932199296,2.2730957908964387,0.12010994011634442,-0.0435407379692,-0.0434419059873,24444.68860654837,11422.256827308027,2700358.14299
3.430787604120066,207132.5830114467,1.7560396079569327,2.4677067319998827,0.22389216538961898,4.224339453534789,0.1671757384415126,-0.0450720855722,-0.0442891604323,20574.8516795331,11208.723135967019,4778788.36742
1.951679776612433,419894.7463982639,1.9547817391097861,2.8936177557566607,0.3313180812147486,2.201430525656316,0.10419193350392755,-0.0969098228547,-0.0961402539267,56153.06391874012,36175.54109460723,5462324.09143
8.658082047585857,200630.61172115465,2.005078875974376,1.6283984714555395,0.35090333568425053,4.952663713915043,0.3286872083896889,-0.0354780626124,-0.0351847493771,48939.830382301356,17142.408584699966,4180001.69431
2.585413321465442,567338.9516587273,2.025610856712704,2.6467514282532973,0.4938841979256384,4.656246510313448,0.3911041859443592,-0.130794023773,-0.130606296068,23219.9213226455,24466.77194067737,5985068.63175
6.7273091601256345,229656.0179405825,2.8889324087783947,2.76894783693524,0.31451837013634276,5.469126427778345,0.14494704743802583,-0.040576506277,-0.0385726451075,102086.88187452497,28330.63018185687,10048333.9319
4.914766561486212,121787.1209505083,1.8095435768225987,2.3340859145983446,0.16460996262507102,2.6513486338606973,0.4246553969064694,-0.0252727855509,-0.0243142900247,15252.914874277203,11061.73762859113,8854033.43369
6.244444099310859,362717.2926119654,2.614524812113456,2.3386556556805713,0.4743978474515449,4.316803823734894,0.37437117570354694,-0.069466039482,-0.0689599888801,101295.54518715198,43851.36533058191,5781067.2262
7.058544379353541,102969.14891098747,1.851288114285393,1.5688392104161646,0.3365123631171674,4.485570576631928,0.3425354803946921,-0.0197352327398,-0.0195875894381,21245.811965372177,5597.073732268295,2483051.52915
7.626912945594762,206540.14230560657,2.811428832876736,2.8762861443679775,0.25072845892981727,2.351907660379332,0.40012881696051444,-0.0373211332601,-0.0341601365521,97997.47821526404,14529.06751985798,15817567.6831
6.548619813623972,598331.2406412965,2.1325590432369768,2.4450052608853636,0.4311734577941002,2.7784085230901097,0.3195320595163622,-0.115592619574,-0.115109013211,103001.23603364617,9961.650352274379,7142679.38988
6.359652235430321,111686.28448216355,2.2213297829672984,1.8375583201142516,0.15049638947808996,5.984772576463811,0.232268522503907,-0.0222011221433,-0.0195806157084,23970.956271644736,1657.451341161385,10428708.4402
4.349664243753914,367570.8029695592,2.5966583684516724,1.9265754165361044,0.3935236212704819,5.261277774616325,0.11886821182646982,-0.0773984334015,-0.0765051179178,69124.46883799227,67760.97810658181,7661041.94154
6.229737382913652,562631.9854979953,2.5977361785837223,1.545752579860807,0.4381931736210898,5.054053637382708,0.05534600938437944,-0.108485529159,-0.107837973239,108248.82649546047,105778.59146320885,8818171.3827
3.271873906762396,591064.1159400822,2.6068968296921424,1.960397857279955,0.3100720708609517,2.6594085574083532,0.2800682146785317,-0.133203150334,-0.130623098493,138646.8836862497,102369.5125798062,15573512.2688
1.0316845799259282,175656.60240903037,2.3341269868779624,1.8579722925845374,0.3601773000511044,2.994337941946805,0.06477544592854141,-0.0453118529374,-0.0450111204443,37936.774213438424,12333.444169527676,3580532.2578
5.531221382074162,211744.68401219993,2.416920212341146,1.6975578493401338,0.47593701673585376,3.7970440913755747,0.30120458193280497,-0.0429273057259,-0.0427321819159,54428.49458203968,29926.029368901523,3269178.1868
4.652891049611555,56249.613075503454,1.860515240494387,1.5241803467405701,0.4000294506487386,2.788365720086885,0.28092635166738333,-0.0120280241681,-0.0119764409478,11730.822500455652,3764.811076036421,1189531.25713
5.3248381069270225,190328.79722182298,2.942766569846957,1.6866493821541466,0.25096082659922037,4.761970148369615,0.3163633404963388,-0.0394555219892,-0.0364289242785,83423.18731023271,48594.554578849,11719604.4026
9.49894944079532,596236.4893855951,2.5294074813581333,1.7073848866709094,0.4954048870066492,4.781902487474561,0.4024197887203247,-0.0998670398314,-0.0993472626183,156599.07542053508,100611.74574856856,8999139.64654
9.541488093865391,520028.34676915966,2.289720011907289,2.2720992639968767,0.4024288016876487,5.129312938024061,0.275222975857074,-0.0848507901032,-0.0841226262922,128341.60197545304,27616.909338188005,8841173.808
4.106515175426132,354243.08949587,2.58548061811881,2.3155594288601646,0.4778148189065822,2.8980823425638222,0.17481542717839596,-0.0747516334228,-0.074336337172,87609.58913508861,41672.37578856293,5022430.78938
9.041941219235413,442264.38336043386,2.495015054964435,2.670330461029976,0.33104253188894517,5.338126077853683,0.2646828493099361,-0.0722292136804,-0.0704695211673,132794.8575648015,20858.364908820477,12643889.0131
7.016406127275687,329685.37844163575,1.7202275444713395,1.9032855599903846,0.3786332059930252,2.345776334547442,0.20765200205944195,-0.0638770293842,-0.0637163323517,27944.80399862933,5037.6615132679335,3585954.93135
9.238458455202741,530267.3030082077,2.5048627167003166,1.8690004792509982,0.26461375030870216,4.9762261116550395,0.19936986387229122,-0.0889910453616,-0.0852047383238,143456.523082598,86611.74054558248,18646381.3541
4.413464889862091,525158.1939473725,2.8577997055785436,2.9544671298399114,0.4804857679700073,3.591865070097323,0.3527118122914965,-0.107027818611,-0.106037076354,168629.06268691027,59334.92428074583,8867822.12515
6.350231241728813,35487.376596021364,2.5111503957205485,1.6711883071459932,0.3113264613988711,3.5284484771988263,0.3264547337979588,-0.00678007370278,-0.0063125846356,31225.106987310744,14980.402773152862,3689405.42447
5.2602632139189405,157947.22544440135,2.2882883488516947,1.8875532106145663,0.1915279415609675,5.373602148846482,0.2579662047621051,-0.0328691259238,-0.0303059370332,29936.876151978442,14935.23776819181,9917442.81971
5.927088061015357,532828.6139325651,1.7668600413046687,2.5243000744174156,0.3573786418146622,5.39179232993631,0.26761593945538265,-0.105007535581,-0.104660455531,29817.284981135253,81.56441608828808,12173301.0103
9.562141841705458,63242.44661321734,2.1641416318688957,2.4026245482106035,0.3454011509754956,5.236369231497552,0.3932790709149562,-0.0100153682787,-0.00983493896118,22019.97874761181,27121.686125239456,4402702.22029
1.8822045044211613,107001.4925445148,1.6625067996932574,2.8744470628343795,0.32055255198984084,3.8572910383556156,0.21320152066357895,-0.0246135502765,-0.0246005156963,3588.028645166869,6585.155058098709,2681226.13008
3.2150191139338147,5045.362256907861,2.762676970674176,2.0854027866071663,0.4836718587106348,2.973387207379431,0.2004040899654118,-0.000787709109435,-0.00071365121848,15102.071016505788,4139.201084486259,1110706.53615
1.4670783920085932,247079.9264338415,2.809641101107154,2.4401970623322797,0.27308125507024383,3.5876429114889166,0.48443640172184566,-0.0592623479475,-0.0570269276546,34057.82491142618,24278.618089500025,10906526.196
7.007774586806997,178170.00448424538,2.795326763293664,2.804039687311933,0.3821127228980207,5.188445908564544,0.28669551879747845,-0.0313186185568,-0.0305014064352,75059.38272918788,6790.5475010190285,6840414.89692
7.804776765348079,347413.950438018,1.5376921591696073,2.0748825251505147,0.2573735745661445,5.891127912642592,0.29202519838712354,-0.064077089998,-0.0637065185383,32947.19361290262,6989.262155691238,6156752.21786
2.940289028077744,113396.19257764822,2.603891912164512,2.5758395089821207,0.4843465644102115,2.513680556833113,0.4585686626234221,-0.0248986151812,-0.02475002456,29046.389989351588,1138.048461347881,2713844.24606
5.853228497093097,22230.337275879432,2.3091736320861713,2.0714727012068095,0.42008907037251597,4.937974226703022,0.38877320133828797,-0.00411725038901,-0.00402717462285,16581.57474023961,3292.5949832950114,1703303.29007
2.8495356880613647,274880.2397605634,1.7461784476035953,1.7920856616127543,0.4853066478244692,5.619906571707287,0.4449081442631777,-0.0672874097258,-0.0672314270106,12532.363801475723,3695.488951154382,2810895.23171
1.59476255527438,303389.8918768971,2.323997918974778,1.5186063441204976,0.3762346051745361,5.290218611331097,0.08828347875858453,-0.123155358919,-0.122721416787,67860.70103566407,44714.9288694652,5452100.47444
6.024563409457663,104927.38806275162,2.276622912361632,1.8337547512336552,0.28472805775619003,2.4952921259154,0.417436315616207,-0.0209748186132,-0.0203525737173,37313.78363138401,10781.758338523397,5132603.88582
7.49132903471841,419008.1413320955,1.753426231109716,2.6354231548271216,0.4594556007628634,2.553590771733828,0.30558624207834695,-0.0779175242841,-0.0778014069272,437.88155390091043,46230.27286640651,4357621.87665
5.456465798744846,3188.5860013936276,1.7643202430322247,1.8112650498812057,0.3080602435875884,2.537001937393648,0.18187435787590606,-0.000355984152162,-0.000311744610712,6352.371654163583,7300.395617499323,1563130.96046
8.09868277072341,61516.71013895242,2.470637491404984,2.2146179586044057,0.16387393169045275,3.4976453492374455,0.3137885900698595,-0.0114086241159,-0.00872608112311,30445.109119300516,10246.148897752717,13037998.8583
8.518997196771114,94337.01827337474,2.7309767903116144,1.8456467128272775,0.4394367578809739,3.7959401683667124,0.496273896307339,-0.0164606941643,-0.0160871643879,70867.14550926568,36515.792757138704,4146034.06702
4.640820029634174,316779.09963306785,2.258069246747781,2.038559629408415,0.17136341070254632,3.184710877726375,0.20460630032350502,-0.0680397471787,-0.0635728275577,59737.94173615543,13275.54415552399,16420522.9009
7.077992425200183,299757.21059532533,2.725605735199629,2.0234781147759198,0.30165101424436824,4.161976049216313,0.29627098641477334,-0.0558625326632,-0.0536292916752,127671.5512829577,62790.10058770136,12204376.4195
7.922640581997484,547375.353689167,2.6671426119096613,2.812060671983133,0.33985466627393474,5.488929773100146,0.08986214953136284,-0.0916489197358,-0.0890319269336,198550.4598916486,79454.8707522807,14321667.1379
6.590225321449491,213294.83963137816,2.410114247523653,1.677325401849227,0.3220365914263721,4.895283625002305,0.40492566071164515,-0.0414169990322,-0.0406072777905,73026.7483956173,36515.89733169083,6566961.49968
6.183813102476099,449856.50928494555,2.4986349941803834,1.7120074306153064,0.4661980423715798,2.2740054150387503,0.3549127740867991,-0.0899574470885,-0.0894896151239,99027.37932418931,76253.01690099205,6691298.9235
4.941792471835887,124826.6323968714,2.711423945218444,2.3269488210596823,0.47877933771322023,3.30907869657715,0.1536588630910019,-0.024798874819,-0.0245582610938,50893.48089597058,16105.846456837231,2961940.76328
4.485491964058102,276283.4604648694,2.123950527480001,2.626000449109436,0.383506782320281,5.775254819677144,0.4440094034532653,-0.0580216871255,-0.057682390338,28997.10576984494,17612.83228404203,4507914.69103
2.2331148823550864,83310.01385752448,2.8965364773017335,1.8739437262558902,0.4086685561581821,4.514985756395997,0.25086128726434176,-0.0201159676327,-0.0197738700836,35621.25859068536,26805.533489920534,3037024.5546
9.981897250013088,176403.28974649764,1.7633489604671688,1.5355677388405602,0.34087434916261916,5.049238548296961,0.08690452792377493,-0.0287986634725,-0.02862892521,27144.158576524205,5677.747253001333,3324716.38733
4.290652431122195,581880.8085814391,2.7780297628154207,1.8559347198773641,0.17991985916108774,2.509744913824568,0.08629277119521817,-0.130139874387,-0.117671008545,131240.95763686733,76599.57949577375,31656115.5043
2.4913749020181224,380134.99615774694,1.9882330189340198,1.8903104181551946,0.4049788572964631,3.8496667735899663,0.4736332063225402,-0.0896793485014,-0.0894532474067,29849.778982300413,26398.458161648483,4161741.70167
9.772033868322296,463421.1108719943,2.833644792303378,2.6709597848483737,0.18248797699999134,3.078428984952975,0.1650295968225917,-0.0779587936262,-0.0657745284223,135516.7520444755,5735.567786474454,37134603.8399
3.107367861024543,435322.7011558795,2.499846953866906,2.9364541535073414,0.2826912563544648,5.982643090987626,0.3794715151240253,-0.0975440435754,-0.0950729431797,68721.97234881062,23415.805850970366,14734945.3195
3.445005913598622,391362.8148795218,2.8221653475969353,2.984705081548686,0.20464502329539874,5.729668974176893,0.21129934907831466,-0.0877893249319,-0.0792603621635,77509.38430071472,13498.815390035057,28649048.1043
1.2195105603341911,540855.7110635698,2.8702171118457183,2.1017157824213637,0.24703339443963604,2.0316895660179255,0.10977077567614515,-0.134203618669,-0.126673941154,115213.75472798703,85589.49024733891,24466853.066
3.0401070759794635,66801.00760884036,1.6325072118253667,2.6893536836793337,0.21473952804821167,3.113154490100799,0.12896532423255253,-0.0139716865982,-0.0138546540137,3091.06973075664,2950.0322970203065,3577671.37202
7.154818256252932,78646.61385506848,1.9093532825594755,2.2421018667572863,0.22066385744862382,3.902753278360522,0.3520903518991498,-0.0143925534652,-0.0139817804926,20470.527510396965,17587.64067429742,6336439.8099
5.446859053947323,170025.4565862015,1.5918334077446923,2.3057408630227547,0.15646242724955542,5.5957529535544595,0.4185053480240253,-0.0347385726781,-0.0337346702332,12259.355182954328,2074.904971683997,8978190.57437
6.963209022246345,448488.4700953731,2.8645792491431235,2.914147915780878,0.36903365984684233,5.821378387501097,0.4502307528621774,-0.0810892058722,-0.0789155592505,185518.6583425305,49168.71491908866,12948699.872
2.9662001369178856,266622.00564335956,2.1995740986120276,2.2749950188347534,0.34913865630658936,5.8546242530199635,0.3389335067940674,-0.0633151722649,-0.0628217027682,53095.30124764348,6955.223576938398,5581638.28154
1.459177279418649,236828.10132722725,2.824254352840697,2.443461406464268,0.4224221640948008,3.568043986063386,0.38132887350601397,-0.0561559435031,-0.0556092567784,39922.40748187779,29429.858348209018,4859423.00324
7.735019889164886,136170.32277847079,1.7803776442797736,1.6836339178200748,0.18039038502893118,4.32756628139056,0.4277349520385876,-0.0256739332251,-0.0246688203504,29567.04843925957,1609.2513152327945,7514891.84699
7.293785020036089,343927.5813103293,2.68212943064561,2.7397315651214456,0.39889266855828615,2.8272214826077557,0.3918704809754822,-0.0623790401212,-0.0613243413618,107625.2809267895,19437.98718214387,9197966.48702
4.390993218458821,94304.49535840146,2.177241965845013,1.9621954321260615,0.23085783297576515,3.606871372316796,0.2747337945111399,-0.0197789058028,-0.0190542419136,22451.223154265914,3542.43862291402,5004511.45169
3.81148068034599,139642.0180450007,2.0260701240405408,2.9953013762118257,0.19029299464704166,3.9305551936560814,0.05794956389221445,-0.0286239717054,-0.0271172171621,21062.54808425932,3494.0287030763507,7248967.01735
5.448359243690234,408600.96827013383,1.6932619131566697,1.9205719685493268,0.4015816828284118,3.40731048651004,0.14684135956825087,-0.0837554503678,-0.0836067621307,28786.45202385479,2921.4688813293888,4085667.37994
8.914777856971702,138413.257460067,2.0694216079994914,2.2011549205539307,0.2627475806009341,5.49867503900593,0.2983536046008905,-0.0233058225135,-0.0226883310476,41083.09458390563,11650.381904672899,7168966.38358
6.290370583844017,417002.9954520984,2.2016860677453396,2.9614968966012984,0.17107827645931548,5.275434198418488,0.2649708471607012,-0.080028072775,-0.0745728678323,54351.48843084505,2148.0413969241886,23247988.6985
4.878784807363418,324113.49402427353,2.9330594544555098,1.673351618340877,0.25530569712686013,5.487583966137278,0.06672654248153445,-0.0683648086952,-0.0632602747461,89150.64022860747,77662.36001961485,20851507.7739
1.175453899628777,75085.59120555424,2.7969697146022736,2.4743406351579367,0.49724527173851607,5.886945174045524,0.08551975899763813,-0.0307064479832,-0.0305899747083,22740.067868189813,2773.4352275357305,1676705.35363
4.814322263749918,483718.6768243664,2.8083347627299,2.9564108272434555,0.19054694083857648,5.268142577457101,0.246187553634879,-0.10306123615,-0.0887446641442,111637.36618995655,42870.97073233695,35272847.655
2.435436105020237,466565.28833200305,2.6820642127166368,2.2939579109806667,0.3150578520146984,5.798257139904139,0.21877832301240724,-0.121813959153,-0.119087842251,151528.36652757446,59010.60482264386,15661211.7745
4.268941099053289,451326.55995242303,1.7073363273551525,2.6553190830983056,0.23707656853584982,5.459132437711645,0.486814422831208,-0.0972056451297,-0.0961595938889,33494.41912704878,13604.735212596543,9958698.04232
5.404011893423452,442658.65138691745,2.417585191573825,1.8351469834701222,0.4682919272341728,2.848146795858283,0.10091744643977957,-0.089885378578,-0.0895005239574,97681.33176798881,52346.95421176061,5556630.26612
9.725611118779012,531607.0161503861,1.5678242528799544,2.0676320452311208,0.29759556603935355,3.3593566279311258,0.42571761157475047,-0.0911745015855,-0.0908122119463,36998.7416308123,22066.455342044475,7878404.98408
7.801374115681494,268195.78141102055,1.901110437293886,2.6271640615783554,0.47136155880900654,3.1889566488235292,0.15752956875084945,-0.0480050228018,-0.0479119674291,7396.756027813815,36762.20301497099,3388678.2766
9.16846975989978,525737.9133085306,2.614752194549362,2.5917496034038248,0.31894626885754074,3.6628770297703914,0.2944271268851162,-0.087132095519,-0.0843407181787,171876.8866354909,35583.5071727166,17615201.0476
1.0603266911850313,181960.01894187502,2.425725804673281,1.5529288207278273,0.15213665153754116,2.9666360475246067,0.17194222630596484,-0.0503152542537,-0.0449997061251,48200.13862170051,23558.482642196086,13678536.1142
5.820138977066925,86111.40247512158,2.367563650838469,1.7403540030400906,0.4222854424134703,2.86630173699875,0.12352099368992508,-0.0170057009656,-0.0168305406454,36889.99033359142,15805.071200843993,2440988.22053
5.874435982791272,490606.4912776394,2.293166327572716,2.0640791764665885,0.4738629109023309,3.6828046396720584,0.18765157140239808,-0.0967587334749,-0.096408762486,89978.7442601376,36799.497990929296,5443917.84473
5.244952794540064,80384.91813340265,2.4793019841622357,1.7687510430610331,0.25048012986446017,3.4728917827659016,0.3559326225469003,-0.0164900750128,-0.0154886759218,39464.358589828924,14210.713332175736,5805556.44822
6.890500072778019,137786.12500325043,2.475534088165481,2.7595694826742365,0.3622129218581154,5.177608145677615,0.240040499148437,-0.0243483426603,-0.023902811798,43127.19181536904,11121.206210450298,5165237.64079
3.9876336517137307,284562.2197091803,1.5228257434647585,1.7822531066944631,0.22303242235779053,4.836508410082105,0.4561234088794848,-0.0636172567045,-0.0631309320511,17231.799387724004,10134.910369779729,5206964.79974
8.827216097252487,286460.6270715527,2.0209352342494302,1.5838141135036354,0.36085268577973084,5.371067929156158,0.344039367163921,-0.0503900281115,-0.0500432463509,53686.82099025681,24709.520415747116,5047064.03348
5.085443993987974,14417.188018984876,1.8005326508983281,2.5776484361606107,0.4998389111964019,2.999890884260036,0.3695451228055671,-0.0027925500956,-0.00279299979278,10959.071414963493,22121.082318629356,1340260.04608
6.585430383431516,580692.279563113,2.302287123881582,2.9277867711876815,0.240672766820843,4.083062677130194,0.06304785190890266,-0.107995426515,-0.103776603824,150148.60359905407,31990.408745965982,18118321.6108
9.369993736423673,170578.49719819488,1.8883713330054253,1.6889740448455195,0.45593233635367136,4.676978345893945,0.35063036094148586,-0.0293188972107,-0.0292340698358,24202.123383047056,2947.6865641086674,2303891.54607
4.098310461963474,460250.6097076522,2.885639532665653,2.5617248663760916,0.34791144561910614,3.8969083189115787,0.35148545394301195,-0.0970069124903,-0.0946717259729,149076.59688689074,68731.50602875873,21611656.9168
8.048410428818151,590329.2425334753,2.756308017336403,2.2053776930778364,0.16080873431263631,3.808687373866815,0.46346052089150663,-0.112735193709,-0.0963689834357,123864.33222785515,16413.681684631865,40820817.4459
3.2390659624088043,324738.3744022579,2.4282367725720313,2.91674707617643,0.2478725039219763,2.3769864947780137,0.21722415695891295,-0.0708175470221,-0.0684049904513,79974.85089189628,11658.40556888198,11996764.8841
5.5537839256893555,567779.3878278529,1.7724947350787144,1.9458846728080248,0.34740993217252314,5.233596953772173,0.36065830812676947,-0.116917292519,-0.116551271599,40354.28122137527,15909.76594156639,10252607.7118
4.4763466583167535,128765.58533103338,2.8155610069044097,2.743616183685397,0.4945821162045352,2.7031755610928716,0.09301886229103537,-0.0256412913026,-0.0253863521346,51627.220244706696,5365.794673440879,3196899.00175
8.270765449445342,411925.1634902604,2.5186812288493368,1.9789989366562537,0.3059774181315078,2.8880289808317756,0.2781577930878946,-0.0737193741346,-0.0716016621318,147785.29857715146,57348.25019745483,13243844.577
2.645914100328092,430822.10235981544,2.2721896576039464,2.234062851688432,0.19796158121335722,5.164370288106755,0.4335202666625845,-0.102728386231,-0.0982929302213,83652.84066112615,16923.85785272247,19407775.5842
1.712510324968208,189016.23752090635,2.4626126753663105,1.5250267563896478,0.47345421334520477,4.542004126170502,0.0512104058882499,-0.0794931781417,-0.0793315512338,40636.284271229866,34379.6381030545,2881903.61796
4.543502395423208,543163.7844008493,1.736109679196445,2.1254702130203613,0.4646514774999355,3.4529519383831957,0.44109680341944296,-0.11693337249,-0.116795785308,20076.521387138542,7600.660396384011,6782636.31901
9.551159650573117,90637.911678736,2.72399489933342,1.8514699773725978,0.42067004157856125,2.0918384546724478,0.33231387936911255,-0.0150943755245,-0.0146298806314,69419.22970043552,33399.21891821417,4874343.70629
1.5282030979050834,32377.842631474123,1.6110400715064441,1.6980307182345702,0.24530136917257722,4.551207421693524,0.3306139218842798,-0.00838324754515,-0.00832535850948,4638.8158776103755,2018.8429875292352,1136130.32743
9.878860685502312,172660.32925925453,1.644225768996125,2.033123161840552,0.35626500778716563,4.501520827707095,0.10285424090494091,-0.0282381370457,-0.0281577849734,11354.417166898942,22871.18456427006,3289566.52246
9.586711059817496,459734.97175221896,2.2007136368234343,2.8419694264507487,0.3055109819886581,3.340362879562706,0.4389289847572944,-0.0754474995288,-0.0741583604452,111011.70991438131,29602.483676517117,13735187.3935
5.774743521318268,225505.07526499333,1.6524944894126645,1.8271220354754278,0.27672330317735094,4.011976838067055,0.253166107070553,-0.0456209801166,-0.0453456262178,28242.565769938203,2026.2723117550806,3900812.62848
7.334221416347701,99968.05038343239,1.8584686660519611,2.7644563176645605,0.2415756541030949,4.289849956170416,0.3767080816355761,-0.0177612036791,-0.0176073202602,9918.449011450535,28113.503934522043,7340184.37783
7.093872862378439,279380.8924177234,2.1411717708546396,1.6929865474735355,0.18494680772669256,4.693300515676781,0.1864027944334286,-0.053398947597,-0.0503439690834,50241.864042681824,24233.90268070225,13041068.048
