input_depth,input_top_load,input_width,input_height,input_thickness,input_h_fill,input_e_ratio,u_y_crown,u_y_invert,M_roof,M_wall,sigma_vm
7.607500261627138,569778.2389819622,2.860877368133515,2.349493502173573,0.3414515519980341,5.804750096052885,0.32223345977254214,-0.101190587635,-0.0979302437443,228959.95854906528,121057.92355731055,16806338.4378
4.378227812238038,193174.416013062,1.7231975393369794,1.907574510667473,0.24089301954954861,2.241191454231739,0.12590980040840805,-0.0414378969686,-0.0409932609472,29936.78285913082,2593.4691226517193,4752726.78817
1.9183203978464007,96405.53500503302,2.3296276540495455,2.805914071854204,0.49853783701546484,3.4676328040659428,0.4880185031797737,-0.0221716749067,-0.0221053638046,6661.815003242728,4214.846709644229,1591149.15987
7.819605142809451,319511.90270483494,1.8969949800521135,1.5678775808773935,0.21646398678421974,4.515814512968063,0.1780929705593735,-0.0590543975187,-0.0576126954513,49159.32040482162,24045.17154582642,10166616.7903
9.38348191138357,410224.42001849413,2.5602266625501215,2.0734259295277297,0.18682682504877446,5.274445191025734,0.40943301320075987,-0.0712309218667,-0.0635101446264,114838.77883726994,25614.623905882443,26108372.3182
2.883536663837731,33895.26531100273,2.218598121777177,2.558544177096337,0.4406796717550605,2.7108255214989185,0.27068656450137496,-0.00714255934874,-0.00711210188879,2338.730383847223,11129.25383338013,1382498.11767
3.798766310326755,274800.3367334604,2.7254646378569305,1.7799670253880322,0.29224037574604156,3.9997687861323357,0.35857818024232985,-0.0606245973694,-0.0585041620155,62245.61589482953,42463.26971450323,10223623.2171
6.220449195243418,497595.4106077552,1.6842806758359075,2.9689219971187413,0.37760886880569156,4.048011537641287,0.10357211101800204,-0.0950169487128,-0.0947659899042,21035.31934824834,21899.134809172294,5627956.90385
5.608419389463961,159591.07764065266,2.369149452075362,1.8277538605034351,0.4279036386404186,4.80077576264739,0.4303458905313164,-0.0322282894183,-0.0320104258151,39022.39452392634,20846.718184073634,4120909.42995
4.126797120086849,537658.8648185134,2.0274293669499457,2.8277453742921352,0.15713193137198686,3.2471466585993767,0.23576571731828155,-0.115733347913,-0.109576661017,67517.46461332748,4208.412148915516,23675092.9803
2.229389471001923,370746.7155531049,2.915105544961989,2.214601163752377,0.4037951786536723,2.4582129307091236,0.3799069072585553,-0.0856301988875,-0.0843379782956,87172.55753619672,76144.30169769963,8147294.66676
9.75802410300821,148520.13364434242,1.8740131328813732,2.5107589038088918,0.3138121735304594,5.5272189527750015,0.06823627245612443,-0.0229690154237,-0.0228211613356,16973.553656985652,35089.691775264044,5474014.79307
8.543420837260783,56342.17914193869,2.67714159283787,2.6647449200972915,0.27802200047299264,4.2684585750103,0.3013330580666661,-0.00904930181643,-0.00810940010455,40580.44193614315,20968.5113312411,8414302.29591
1.473010535351932,434721.2780267,1.5391871030442417,1.6156689366325736,0.35209135985933243,3.7148905135691166,0.1608173673041165,-0.119737579948,-0.119603915911,23188.346154229366,3000.997615437103,5542057.78594
5.20074048358947,455153.4868776798,2.5147996824234724,2.3017005790024996,0.2146309637464583,2.9884548857808113,0.466675644274801,-0.0954195233215,-0.0897943722659,127202.3869869029,28848.163080091686,20430938.9819
7.067888489924371,232652.21882611513,2.0824416750110686,2.048745045438409,0.4579106144141406,5.05739988014102,0.21344385296106339,-0.043086348901,-0.0429416910699,28914.77144726306,5110.978361773367,2913976.16115
6.802456968463957,311732.14931041,2.4382733618840575,2.8757830085232854,0.2886870570946485,3.5947459265589714,0.11691918247379363,-0.0565906444128,-0.0548690115511,99793.06574702432,2612.278553028719,11190304.1713
5.46181173902005,85402.7085006237,2.147273217793554,1.8733803229406476,0.3838084429502487,4.421812530606985,0.3169693437870592,-0.0171335069402,-0.016988800964,25463.086790646226,4640.322395593278,2258169.79586
1.171581824310124,223182.7799230814,2.6599408127367496,2.465842556208372,0.1822504522744566,5.132623091340065,0.17282719160430132,-0.0674304651104,-0.0613741999009,69927.26024549284,11310.182789557739,18058044.507
8.840489416383207,595978.1398996711,1.5681284596212208,2.1658532358705997,0.44790764059871435,2.821429569274187,0.4790295482147485,-0.106945751697,-0.106825130723,495.192575586043,34934.95659020064,4944309.43119
9.45628620032221,508859.2104613781,2.9799134843051434,1.6635893527418375,0.4830349785275757,3.0626118518412113,0.24811898004263638,-0.0842997413399,-0.083295108042,217308.03112009482,162536.43355201642,11709693.2287
2.526698443107307,282255.101390183,1.7974646394141018,2.7106604296714067,0.23461844134144483,4.889617413282394,0.3897307270206511,-0.065151916584,-0.064565107611,16819.623027200596,433.25379071683295,9869469.90828
3.8616061257198453,7361.220382153988,2.398068635724485,2.003585605882108,0.32697108006104825,5.662926089018583,0.08387148780748249,-0.0013304209217,-0.00118049232627,6487.36589142224,1095.7774356836271,1683270.58889
5.869181587360799,380467.87418425083,2.010204983409494,2.2530242716893554,0.25801974697969854,2.351793594658375,0.336008932814002,-0.0767638278995,-0.0754701076666,80830.04997019756,8116.941868039339,10096049.5112
6.551815717481077,117298.11485856771,2.7902943757362664,1.9561564377509058,0.19680862692184745,2.6044157221913338,0.226776520954445,-0.0235570541133,-0.0199207429867,52109.76668337451,8640.92653232278,12227418.2323
3.4629709916189313,345676.9276410341,1.6077539697289467,2.394564194139093,0.4730813551694154,5.41016186401248,0.42508029933087527,-0.078369899666,-0.0783124701846,1675.4527716783216,5705.90838914182,3697692.14599
3.1102413116022944,544234.1364920139,2.5891697793267667,1.5220507294870913,0.2605444645974785,4.136843651533127,0.06297234422527254,-0.126708158006,-0.122586048682,96961.61049311266,80725.45129428884,22518012.7204
9.15234833303839,171733.15454274416,2.2013976825401187,2.7580881253816187,0.36692264024168253,3.8152244426310062,0.37091604792512956,-0.0282296532508,-0.0279608092,38007.10466303613,33812.86521439091,6084108.39766
8.046618713997304,257973.77116978168,2.2530773445032537,2.6073865522630513,0.39726548949256535,2.0741718597710133,0.13824830763041973,-0.0455973673829,-0.0452258057197,48181.79758039441,18774.71745764986,6019520.37079
1.686946694739163,486041.2722453475,1.961802545003593,2.1184309129603207,0.3176956071984023,5.879979029297829,0.28163219345733526,-0.137399292865,-0.136739892307,73027.78776872829,10750.46664101964,7659556.57111
4.709354075603187,422254.122979939,2.8436547559686005,2.9232068094424903,0.42102981610223644,4.66916274651885,0.19374132538214328,-0.0840859519258,-0.0830360335149,137877.06554217203,40968.63713406854,25952142.7301
7.272013732232153,50027.82717347145,1.7521170526742935,1.7318350332789123,0.16135415784083307,3.347482495009899,0.4441082475706935,-0.00947130271194,-0.00878229899759,15798.144714653792,8340.654044614632,6754278.62509
7.376980934292078,489486.5093752742,2.311521839350462,2.2338082320056856,0.2490993001963943,3.7888098768889904,0.16438830322586,-0.0901824321251,-0.0870221127676,134679.1020373277,40942.363645218335,15927573.0983
4.885603664442897,266398.3102887869,1.8993969862349331,2.486052846070379,0.3332499547861516,4.227872051298618,0.4734333755914122,-0.0552377705932,-0.0549498131805,27221.167761837074,6721.09318550201,5510656.78389
1.7227085456252098,25488.804280757904,2.90425172355026,1.799703283701092,0.23013884010724722,5.438928786665201,0.11132300649769605,-0.00805876616666,-0.00700315288595,22590.960734451754,9724.144154700136,3734462.93525
8.292073519900441,402110.7980981469,1.6991890794597566,2.8495760173536837,0.48486764626577494,2.5152435302734375,0.30853045876137913,-0.0717063926815,-0.0716264344206,32734.575487780152,68373.32881893819,4381169.38957
8.906756181269884,329932.689294219,2.758582583628595,2.3209334914572537,0.4543499765917659,3.2564908117055893,0.09169236505404116,-0.0543137773541,-0.0535669366962,128671.05946363344,51169.57077787455,7751784.19501
3.0746167730540037,107119.16070431471,1.6441564313136041,2.0240247775800526,0.1731518367771059,4.695614028722048,0.3422779945656657,-0.0244084255437,-0.0239461147984,3402.41047468794,847.1787891027311,5486672.69068
3.2865840569138527,203883.6071267724,2.5494475699961185,2.6367545085959136,0.3858102671802044,5.969172678887844,0.25438803844153884,-0.0448487022341,-0.0444248022426,63642.53270998125,6013.881937402012,4869753.95203
6.446985827758908,580194.3048834801,2.234186225105077,1.6374281379394233,0.2840343147981912,2.045426394790411,0.39755160761997105,-0.116828272593,-0.114794328335,146379.63767110606,80976.7080028086,14637205.3481
5.975282760336995,243361.81227117777,2.9438772364519536,2.7782983677461743,0.17080595022998749,2.793285872787237,0.05627756561152637,-0.0488666554083,-0.0405974943257,65847.8547395529,4947.371968058266,24013016.2932
4.036792419850826,465570.2233314514,1.8295426396653056,1.590005767531693,0.41423561749979854,5.221411429345608,0.36357581918127835,-0.104430341535,-0.104264057049,29198.45857774784,29339.24594049522,4841338.4593
2.561397133395076,445142.4490660429,2.3656463068909943,2.3683572448790073,0.322017953498289,4.447847057133913,0.2194362955633551,-0.102459783236,-0.101218589422,59401.01438545895,31263.039345292502,11146896.911
9.70287511125207,67056.49327486753,2.0502934008836746,1.8824793510138988,0.3955954172648489,3.504344567656517,0.41838551736436785,-0.0111597875407,-0.011027486158,29188.685820672257,3384.5875798305065,2717007.42683
8.59376315958798,140112.9126548767,2.501045134384185,1.7522741574794054,0.36029058862477537,2.2629828453063965,0.19979068739339712,-0.0246807484848,-0.0240778604223,64981.00978786498,30917.01970100845,5537362.71074
1.1370204463601112,362632.63765722513,2.089194931089878,2.9911160711199045,0.2698167739901691,5.691047374159098,0.4521488782018423,-0.0923982287002,-0.0914312194611,50310.34780026032,12217.271397222845,10367663.9579
5.2864880990237,529549.2215082049,2.7132349996827543,2.0922697400674224,0.47157908342778676,4.979981102049351,0.14628894161432981,-0.105271057813,-0.104564238277,143916.8486709018,91875.46193507686,13028983.8173
6.696493107825518,151188.57733905315,1.5078977001830935,2.533480583690107,0.20095647615380585,3.0365396551787853,0.2876815521158278,-0.0287131528695,-0.0285877919109,7815.164139208223,26375.46677721528,7837438.37253
7.033370027318597,390852.00391709805,2.6374401287175715,1.5412585996091366,0.37013384061865506,5.623690567910671,0.49623766499571503,-0.0747719157634,-0.0736669762972,116476.36038172065,102272.11096920597,10075943.1611
4.954039976000786,18038.189224898815,1.5719949547201395,2.733381439000368,0.3023569968529045,2.4221275113523006,0.1839088697452098,-0.00315058967111,-0.00322791479348,11059.890216334534,31202.145428323052,3450848.28132
1.3670724239200354,292927.6356473565,2.4831129270605743,1.9281052323058248,0.4397012771572918,3.1488188356161118,0.3280493623111397,-0.0715852589511,-0.0712790859839,34389.83682869092,32582.347987138302,4370787.34146
8.368140112608671,519238.6195063591,2.1188705982640386,2.4163956390693784,0.19045213228091595,4.834508825093508,0.1341289588715881,-0.0909453162998,-0.0861889738657,101489.38599023974,8817.573535805232,22083665.754
9.933167481794953,587979.0661856532,2.429721388500184,2.942440344952047,0.2264172926545143,5.093448583036661,0.3514164826832712,-0.0939280467354,-0.0881597475392,167960.73058344543,11602.6720402054,28395402.8655
2.335464894771576,214890.580996871,1.9744749264791608,1.7071139579638839,0.4912407897878438,2.89194655418396,0.09664386957883836,-0.0505422615424,-0.0504688976543,18709.151497431645,22654.52659369329,2067131.19143
4.3733602818101645,77106.07498884201,2.973529300186783,2.5793953333050013,0.2443493580445647,3.68113599345088,0.40250477511435745,-0.0156819222851,-0.0139008287886,35238.63437284676,1448.6175575773225,7947353.12103
5.643075164407492,303728.35490852594,1.8115882594138384,2.140190737321973,0.34064615243114527,4.3667649403214455,0.263524863589555,-0.0610049137236,-0.0607340227339,37598.55351012419,3551.227700668514,4103639.37911
6.1847989074885845,41730.5052280426,2.6135473111644387,2.43822622904554,0.4648758261930197,4.614526189863682,0.38638195930980146,-0.00760053197422,-0.00746205921416,29644.569192186635,6279.413218267849,2327166.40196
3.553131243214011,414249.9441280961,2.158392399083823,2.1879822299815714,0.20500813731923698,3.433276515454054,0.07579622776247562,-0.0918138494494,-0.0882216118811,84252.55508007975,33516.14703468323,15529222.0293
2.778663858771324,478041.5279790759,2.7882557194679976,2.894647558685392,0.353248538589105,2.1440927982330322,0.4379058424849063,-0.106427653519,-0.104345042199,155525.7796262728,50154.01837920385,12770462.2305
9.207069227471948,249681.16991221905,1.626223134342581,1.848284540232271,0.2742125685326755,5.841215554624796,0.242240772722289,-0.0429140385232,-0.0426234048859,27446.18034401225,5807.980830074033,5045590.74019
7.995880480855703,182406.16265684366,2.8284357246011496,1.9758919361047447,0.3040273878723383,4.082390237599611,0.4612854619510472,-0.0328779276364,-0.0310062292221,104611.92112101626,41272.49815110419,10375661.0468
2.0233305152505636,554614.2876148224,1.7632652171887457,2.2752189743332565,0.4109397273976355,3.9010795205831528,0.20474404264241458,-0.132747093946,-0.132588367321,13896.180133550262,14042.414988839868,5882517.45396
4.623725533485413,356061.5133494139,2.293564938940108,1.682433791924268,0.1531548449769616,2.6743977330625057,0.29263324439525606,-0.0790209765054,-0.0726285342987,44244.27213458222,18602.112675519853,19745863.346
7.6432878617197275,127975.84366053343,1.9290479491464794,2.68559603439644,0.4292351266834885,5.371581517159939,0.1554271883331239,-0.0221945551946,-0.022137729788,3218.4922067938096,29053.828655193076,2857592.03975
7.748869314789772,270702.2085785866,2.5397227043285966,1.5941576203331351,0.2092746155336499,4.287570055574179,0.07839907524175943,-0.0496525130709,-0.0456666910053,84085.63010882097,49660.54612447501,15147406.1449
4.518112162128091,492323.1163993478,2.244968182872981,2.6565874284133315,0.4633090196643025,3.727120630443096,0.33447807165794075,-0.102320301577,-0.101960931312,63233.56228732425,11754.81369815101,9166081.94245
2.0583418421447277,396744.4209381938,2.745974248275161,2.051041731610894,0.2726871814578771,2.9381848759949207,0.2536188290920109,-0.0941255010914,-0.0904843230663,79188.17138496375,62732.23984467862,14696448.5163
7.960836699232459,19245.686754584312,1.6579162725247443,2.3173539508134127,0.3575536851305514,5.014011457562447,0.39128903136588633,-0.00320454780948,-0.00321583377714,6922.0833865196655,29547.105492660838,2567910.19032
9.242387264966965,111057.40461498499,2.893101839348674,2.819606479257345,0.40940904146991663,4.757204085588455,0.17394678965210914,-0.0168361396741,-0.0162226356995,71247.03190012663,13152.56402017102,6352165.33839
2.7433777395635843,332989.6107316017,1.70854656631127,1.8062353916466236,0.3083271521143615,3.1968157030642033,0.4849691747687757,-0.0778521136339,-0.0775260248706,26164.950619449035,21561.42410758377,3964624.69338
3.65847035869956,575048.2466071844,2.2973974803462625,2.5264165671542287,0.4334963060449809,2.4703818634152412,0.11582701923325658,-0.124511441532,-0.123928087885,100949.3227458961,40043.25859508881,10552608.5094
6.079492246732116,197274.83075112104,1.911640256177634,2.2168821142986417,0.1515826561488211,5.546147417277098,0.3110571587458253,-0.0391583290529,-0.0369261230993,29429.40108887172,4199.561351504218,12611744.7916
5.748411765322089,460423.4855622053,2.7035113186575472,2.572377938311547,0.29777813535183667,5.294518064707518,0.19528624550439416,-0.0887992293144,-0.0856670775367,155909.807844558,71920.16706783407,15745563.2698
4.26805130764842,236752.6425048709,1.5186813790351152,2.0768098044209182,0.3720290521625429,2.7221552208065987,0.44962174906395375,-0.0516864132208,-0.0516135687798,5984.098753663828,9595.297118473049,2460917.18888
2.370781222358346,70994.05769258738,2.4884356590919197,2.959677316714078,0.19230066463351247,3.9485985971987247,0.13673088434152306,-0.0153117627995,-0.0139509847263,12219.252839505352,1802.0749947759043,6791614.17359
9.89787931740284,448198.9771127701,2.102953095920384,1.7602753196842968,0.435078325914219,4.005584269762039,0.27614618209190667,-0.0742997885195,-0.0739846987565,84040.9447615725,28448.551273332854,5796633.78469
8.40315375290811,357266.72541350126,2.354498143773526,1.9109655381180346,0.49308402328751977,5.762261942028999,0.05704634580761195,-0.0599898117458,-0.0597375942953,61015.12373216659,37152.16934361041,4488571.82483
1.3320311568677425,133870.5461472273,2.059652072377503,2.363308666739613,0.22178895911201835,2.189838070422411,0.36983796628192067,-0.0319274585088,-0.0311545995198,14466.533359019391,6709.002778443829,4452096.0133
5.059623474255204,155492.9405450821,2.92975120106712,1.5482016107998788,0.3360619920771569,3.478779546916485,0.2327300145290792,-0.0320935810562,-0.0309985972563,68101.85075849622,64390.73573118737,7124128.46122
6.927758365869522,532386.5795508027,1.8417847696691751,2.796665099915117,0.24623918728902935,4.53582626208663,0.4261858694255352,-0.100627932751,-0.0992354551365,83119.19573928595,16483.333128041893,13828326.3164
6.661485938355327,12638.08999210596,2.9594027786515653,2.1220036153681576,0.415416619554162,2.1244419887661934,0.35394349195994435,-0.00210955019558,-0.00176399245319,46595.62113204925,10705.060185935487,3209010.99803
5.321535769850016,384570.5822110176,1.8238279474899173,2.621020041871816,0.16683984813280403,5.923367332667112,0.10114864758215844,-0.0778360883592,-0.0734926444575,25596.416978445963,23036.457586983237,19442187.7748
1.0314434189349413,523504.2180866003,2.418573644477874,1.7123435991816223,0.391673488356173,4.650050908327103,0.41404026667587457,-0.14016176508,-0.13945438407,106443.53989876264,66833.87587482562,8531497.93906
8.699381224811077,295730.516128242,1.9838359728455544,2.913773301523179,0.32324555129744115,3.3352527357637882,0.27308258642442523,-0.0501917771332,-0.0498366301758,33803.54885031151,48366.81943545269,8637786.41327
9.597532106563449,209709.65176820755,2.470502440351993,2.4082134193740785,0.26590014393441375,2.5922469086945057,0.4899758255109191,-0.0349770667313,-0.0331486447107,89824.70536441839,5431.7995534441725,12910746.9505
2.6666996367275715,581330.8456912637,2.132626846432686,1.9597248486243188,0.3615235687233508,5.391233280301094,0.18313999483361842,-0.151861082546,-0.151095666632,114155.38717633381,34642.02937328844,9332271.87353
4.001469688490033,307627.1502301097,2.627717392053455,2.7486617700196803,0.20214277706108985,4.180414970964193,0.3202487009577453,-0.0668138643948,-0.0606655224615,61860.29080468716,23725.014602729843,18502624.2571
6.01056445389986,80128.12994420528,1.5827804831787944,1.5025406987406313,0.4676183636300265,3.8655557557940483,0.12083533294498922,-0.0160848825375,-0.0160657487275,4484.531781419633,1855.1494439642338,788832.470343
6.411665610969067,418149.13284033537,2.279442463070154,2.702336998656392,0.3324242249131203,3.113782398402691,0.4690856941509992,-0.0805032289904,-0.0794010480119,113010.71127039481,4075.7303380452868,9986749.70932
3.3218680638819933,44753.239676356316,1.9412922193296254,1.6422554198652506,0.2526941083837301,4.932044323533773,0.21803723941557113,-0.0101053662265,-0.00989203717265,7109.676978787066,3028.8734106758493,2208490.20776
2.96927547827363,244500.63407421112,2.8172839796170592,2.268500260077417,0.4884238695725799,5.64285309612751,0.2988955130334944,-0.0566336750119,-0.0562197378828,91345.08129441655,34599.518102180366,4703338.66687
9.012060729786754,471393.9869776368,1.7726217261515558,2.0060482313856483,0.22927160733379423,2.340464014559984,0.15619649239815772,-0.0833530207482,-0.082041786664,63109.94714571487,2790.7196825228425,13046170.8797
8.186494179069996,558879.1351765394,2.775649814866483,1.8520506815984845,0.17671335893683135,3.583599541336298,0.37484603859484195,-0.105719234286,-0.0922849259388,104578.59100057319,60287.54300464702,35762877.1606
1.8283240962773561,185208.57822149992,1.6399834281764925,2.86744384188205,0.45348812611773603,4.40180042386055,0.06623807577416302,-0.0440704604812,-0.0440556824537,12954.095233557004,7115.178431838875,2644554.47713
4.850594449788332,122574.9934092164,2.603820037096739,2.1683344580233097,0.2832138837780803,5.175111126154661,0.4353792623616755,-0.0252185122632,-0.0240478635785,32005.886687655016,18090.94499032973,6283438.47401
7.412026895210147,349779.6267271042,2.1691739265806973,2.4813113920390606,0.3894104576669633,2.8727830722928047,0.23773642387241128,-0.0641057237749,-0.0636619986405,73112.54635691507,3426.9883868685465,6224015.35166
7.236715006642044,189238.60397189856,2.7380762142129242,2.987358832731843,0.4769793245010078,2.306478228420019,0.408444090699777,-0.0338667679261,-0.0334874385327,77256.59233385469,17628.724108035673,5326584.62382
4.7446251744404435,566718.8856750727,1.6705260425806046,1.7380927819758654,0.19559962726198135,5.741454623639584,0.2646437013987452,-0.123355553356,-0.121306020433,44174.941657774034,24166.218746790953,14135349.1888
1.5815925588831306,324655.8152139187,2.56995959719643,2.5535227647051215,0.36575508350506425,4.967888463288546,0.34550460358150303,-0.0806481089158,-0.0797597571106,89702.2911770692,18580.79196534646,8019690.76914
8.15194468665868,103016.45714789629,2.207822266034782,2.1018849229440093,0.2644811205100268,3.0175348967313766,0.09555247495882213,-0.0179719059967,-0.017273590452,42393.78783283535,5210.351883001368,6774370.5254
9.046747568063438,29593.798890709877,2.343744435813278,1.575805795378983,0.3165334327612072,2.7742201685905457,0.32651775935664773,-0.00509093770649,-0.00466128648579,42100.64042199308,15733.374479139042,4069478.65904
3.2158697033300996,407385.3811249137,1.8847450269386172,2.774548281915486,0.40120744425803423,5.209135536104441,0.12865621354430914,-0.0905004932063,-0.0903323850493,9043.590074565729,2090.637481763521,5500492.81392
3.4279746850952506,502959.6420004964,2.872023430187255,1.892090242356062,0.1652575094718486,4.498071290552616,0.4977967027574778,-0.120976432179,-0.105083400249,74575.87017432785,43383.36517089418,38237200.0124
6.586840187199414,281045.60002684593,1.7138353362679482,2.3884151615202427,0.4198261152952909,3.5477787666022778,0.18940905658528212,-0.0538953416721,-0.05380032548,9309.13540163033,22035.88940791113,2978651.79325
5.834187258966267,543022.3451927304,2.5274158408865333,2.0317974616773427,0.3802282809279859,3.2990552596747875,0.29155528764240446,-0.108132035708,-0.10686310924,165542.93166125764,89130.18568514592,10671452.9979
3.8966323724016547,165835.8760178089,2.06869108742103,2.342085749376565,0.2895729088690132,4.746891118586063,0.14950171043165028,-0.0350825574682,-0.0345306355045,16760.384715321725,14636.789303360863,4063198.70758
2.421099924482405,144217.9162055254,2.686869990080595,1.6221366855315864,0.4487467949278653,5.9579496420919895,0.46239091553725303,-0.0361237270806,-0.0358807481888,40191.22315976831,37361.418360023985,3131910.1177
9.561917173676193,367907.2117432952,1.5284072463400662,2.634839768987149,0.17862617704086003,2.025490939617157,0.21069701067171992,-0.0624035337135,-0.0616168932368,24940.87237446129,39060.809210194704,17564959.9012
8.735133503563702,439865.5839264393,2.9292263723909855,2.5071979514323175,0.23546297797001897,3.7686912268400192,0.4434198963455856,-0.0771620241603,-0.0692454413222,180171.9762897197,37357.149892602254,26466156.1846
1.2769058188423514,62953.7807777524,1.861767761874944,2.2415995127521455,0.4794160021468997,4.216588128358126,0.24378578253090383,-0.0165999987005,-0.0165828077563,611.9322184105791,7648.497130961645,763000.996917
5.426510431803763,228716.8001756072,2.3802915131673217,2.8476455421186984,0.25444496725685894,5.490144751966,0.3808954006060958,-0.0449923663136,-0.0431942865467,41786.82180535411,13507.387602248526,9541790.60944
6.837725820951164,452094.81306374073,2.018062626477331,1.784416122827679,0.32786223068833353,2.5576250217854977,0.07427870640531183,-0.0875531648143,-0.0868671108254,88226.65585861339,30978.187534368157,7554007.26172
7.173246514983475,90586.06959879398,2.409211127087474,2.2961824047379196,0.1586386994458735,4.094482757151127,0.25943473163060843,-0.0171604521792,-0.0142817010759,22458.135173269347,8419.594813541586,13845327.4011
5.0954186683520675,318377.9379352927,2.0008406513370574,1.98386489180848,0.4236224308144301,3.920084398239851,0.3995081898290664,-0.0663372610336,-0.0661416405566,43746.459598071575,11139.606507687398,3709274.77263
1.508313954807818,592077.1988108754,2.9940338591113687,2.68348102318123,0.3095751623623073,2.6309027075767517,0.08661823705770075,-0.140022829184,-0.134465572877,145575.3297533525,105610.45180340804,19543263.1722
8.5081541640684,220162.87073493004,1.785216837655753,1.6673311670310795,0.40534856072627,5.321173910051584,0.34029397084377705,-0.0395557423169,-0.0394444508,25235.98012892297,3061.919162384613,2684384.13476
9.793016252107918,287657.63249248266,2.669670187868178,2.195939450059086,0.3478489663917571,4.564301837235689,0.10889878114685417,-0.0447659778329,-0.0433551303237,97443.0223340739,39714.754285095354,9896121.82422
2.1943611120805144,515138.2002979517,1.5573504636995494,2.459193950984627,0.2795700836926699,3.3898424357175827,0.30389545783400534,-0.12096965236,-0.120475474152,25722.483800918435,19325.104511310663,6026508.75715
4.232393459416926,376200.1298367977,2.4508885201066732,1.8331747627817094,0.45941200018860395,2.1631588600575924,0.16678509209305048,-0.0811584154321,-0.0807873393145,81006.3646063998,51889.23368588276,5191672.58344
5.50278630387038,4560.485668480396,2.1335207470692694,2.892551144119352,0.21034445706754923,5.853491090238094,0.478040933329612,9.34905579249e-05,0.000110617440484,138.40713252213015,11392.35757905794,6558838.94955
6.326043556444347,341409.64820981026,2.8547989684157073,1.6930985217913985,0.23902588905766606,5.104671262204647,0.14429083629511297,-0.0665664143219,-0.0617631210009,96337.71154912049,89447.1717976483,17169162.9749
3.6931314477697015,114498.1311634183,1.7427539052441716,2.938505723141134,0.34609846281819046,2.9118823669850826,0.2826212374959141,-0.0241154671262,-0.0240782270965,3201.761546694495,23778.46511679112,2903274.86765
2.9185265665873885,177136.1505612731,2.2671960429288447,2.1499833036214113,0.22107229446992277,3.6385716646909714,0.20176129755564037,-0.0400548955114,-0.0382952593866,29880.417179333963,17135.128381979142,7162747.39314
9.348450970835984,550513.8773471117,1.9495536033064127,2.599271574988961,0.49662918015383184,4.31548773124814,0.4571817043703049,-0.0928747592647,-0.092681839014,29361.0219835296,43540.43748251728,5309284.63487
7.854910339228809,482139.6516636014,2.59890033910051,2.729442525655031,0.44528259714134033,5.572474244982004,0.22403020085766912,-0.0823126403156,-0.0814589190604,133748.05433742885,46183.78044357636,8053550.9992
1.8830557027831674,254953.4685909748,2.190621407702565,1.527258899062872,0.18491286933422088,2.379746377468109,0.4207956904545426,-0.0628885589492,-0.0600997756278,30632.716453323068,22549.678298643998,11152778.8078
4.483588418923318,55210.50877869129,2.8029083940200508,2.4362532841041684,0.3757363560143858,3.1689376048743725,0.05165616348385811,-0.0106164489504,-0.0102486715239,35828.77198696517,3202.4958039225207,3364878.91187
7.502180692739785,428899.51821416616,1.5939998226240277,1.9379049511626363,0.29688198771327734,4.845792628824711,0.36113815596327187,-0.0811936656232,-0.0808564911682,41580.88310122427,2650.1872657639815,5698378.68568
7.533523394726217,23280.99701553583,2.35893253935501,2.7468468728475273,0.40196528453379865,2.531053878366947,0.1982090486679226,-0.00366615051837,-0.0035950397419,13002.819915225298,36963.15492358903,3496115.58537
4.4522403525188565,395213.1852507591,2.0434871027246118,1.5102151441387832,0.3116286350879818,5.454246919602156,0.45364769115112724,-0.0869921452793,-0.08631721984,43459.37296069996,37624.026467612115,7153767.64135
1.8518449990078807,496491.1814779043,2.9487313949503005,2.407132782507688,0.42709662131965154,4.243194043636322,0.14778732541017237,-0.116935601503,-0.1156037352,94064.81131243473,72226.75173606962,15697143.4772
7.886115678586066,268717.7835032344,1.8344893287867308,1.966664329636842,0.15665452969260513,3.804616216570139,0.28610120085068047,-0.0501258994966,-0.047598850942,44136.73833946567,3745.2205096437924,15648773.9459
9.308319239877164,201447.47346639633,2.70787704968825,1.722201502416283,0.21381309903226792,2.0613587982952595,0.055193744041025644,-0.0356051334028,-0.0312216791229,90009.66892619997,37584.283045808035,16066249.4469
2.9586636619642377,573068.399168551,1.5026308503001928,2.9097746000625193,0.4574440601281822,5.984612867236137,0.3646866765804589,-0.132898093974,-0.132818504225,64430.743957339284,70206.83072094913,19392807.0496
3.733131247572601,337020.3433558345,2.507530293893069,2.132596482988447,0.2761815927457064,4.711058106273413,0.22054672380909324,-0.0736772638815,-0.0713123766417,65101.27103448945,46060.38297783665,11284218.385
6.286049121059477,109521.59129083157,2.0955889904871583,2.616287080105394,0.3499183350242674,3.272419236600399,0.41730298325419424,-0.0207983908032,-0.0206318623471,19125.554630739927,24201.904569531747,4088625.35131
5.541824766434729,447395.4839631915,2.897536614909768,2.1789254983887076,0.49867192935198545,3.5196626409888268,0.09011201378889383,-0.0872381835992,-0.0865283245982,152771.56998543467,90485.23633341827,7466109.73937
4.1933603612706065,73999.2868155241,1.6923819766379893,2.476579553447664,0.21761429258622228,4.463657345622778,0.34377637836150826,-0.0152104574051,-0.0150280450398,4653.876669620554,3096.9097158846384,4562520.47993
2.155465309508145,236384.0103149414,2.316377338953316,1.8619104120880365,0.34397572949528693,5.237217828631401,0.25588685139082373,-0.0621450932425,-0.0616086682615,62919.357947876466,24830.75514811957,5170197.93135
9.831917419098318,463277.66720205545,1.9043444800190628,2.8634440172463655,0.24238229547627269,2.8086079247295856,0.39596996889449654,-0.0760354550318,-0.074765505347,74920.63238270413,39521.2972559034,17374776.5291
8.477904730476439,532013.3697241545,2.5440888153389096,2.267418500036001,0.29475370584987104,3.051979783922434,0.16330576911568642,-0.0927464900343,-0.089634694893,188652.538137857,53927.430365085536,17173849.3543
1.53855802398175,158342.54454821348,2.228918034117669,2.012989539653063,0.379108992125839,4.995913445949554,0.47454380383715034,-0.0401125288089,-0.0399002219338,32257.902308371053,9384.624522326862,2753228.937
5.125525374896824,133071.63063436747,2.7650685478001833,2.700523224659264,0.18695040377788244,5.706975858658552,0.11243386389687657,-0.0274527520789,-0.0224068305185,37678.988552721006,10680.799052328568,13947985.2886
7.1431344440206885,360276.53217315674,1.6505518318153918,1.649928038008511,0.44184049116447566,2.278426982462406,0.3074466371908784,-0.0705094953524,-0.0704254634419,17921.759302962124,3029.9098960515366,2945060.11014
6.876827583648264,299903.12308073044,2.783002811484039,2.5253360588103533,0.26101786084473133,4.8191907070577145,0.4589081593323499,-0.0563611174675,-0.0527252231373,102930.80971835672,28390.87467698741,15893164.364
5.3874033046886325,521524.33488518,1.620877684559673,2.2238218132406473,0.3677283224184066,3.1330085024237633,0.2072033144067973,-0.1072615137,-0.107033266038,28620.20191981818,5048.336742503408,5324600.82423
1.2379359873011708,388601.2790724635,2.6198816299438477,2.8177918111905456,0.198993500508368,2.406321156769991,0.2950938036199659,-0.0946615479279,-0.0879851719719,57961.723555663244,25618.23860817298,19612039.6946
8.774097970686853,11102.240905165672,2.164819259662181,1.8139099767431617,0.47491525472141805,5.608368560671806,0.15304945656098426,-0.00177801245379,-0.00171663080583,20572.51723890128,1317.210269888534,1495957.12621
9.53160443995148,84163.40444236994,2.2867267951369286,2.061634381301701,0.4232041760813444,4.351324737071991,0.38439261056482793,-0.0138084517313,-0.0136226668935,36914.836022305615,1520.8651700946427,3193020.27539
2.4514180226251483,306095.87877988815,1.9223009166307747,2.3126208605244756,0.16319857100024818,3.6652035750448704,0.07775768069550396,-0.0714491254423,-0.0681583305388,14565.508667403084,10687.596490165944,14858755.7651
3.9268131079152226,585498.8750070333,2.833460013382137,1.6040153838694096,0.39772803834639486,2.8760181441903114,0.4398685828782618,-0.129054416319,-0.127572869222,186812.52942599778,154488.4636662474,13405617.7352
5.804011887870729,207725.1909300685,1.7681983946822584,2.6525884978473186,0.31851213676854967,5.078004520386457,0.24025099482387308,-0.0402819791278,-0.040107861653,13782.193826654837,16196.69453098312,4359533.81741
6.618256918154657,471020.81291377544,2.4778551016934216,1.5580611233599484,0.18075984120368957,5.825405281037092,0.3490387509111315,-0.0946505606107,-0.0872985494424,101131.65194493554,64820.81912390704,24434094.8638
3.3965633185580373,247350.27384012938,2.1135207675397396,2.7926651467569172,0.4453794576693326,2.1287747398018837,0.09910442880354822,-0.0534571845099,-0.0532867237353,26902.847072161847,7225.688415476699,3343252.86294
3.1845956994220614,43954.35992628336,2.6437793648801744,1.9215564387850463,0.28754075672477486,3.417954448610544,0.4049640468787402,-0.0094975895074,-0.00894525904526,8936.752161881328,9138.15536950829,3129902.34304
9.078026936389506,421158.9753627777,1.5784261962398887,2.3585765990428627,0.3836756857577711,4.598719775676727,0.26114756097085773,-0.0727631506356,-0.0726425620913,5006.603119797358,38205.93960690521,4715907.3495
8.11173892673105,348976.1693403125,2.966686775442213,2.9578636712394655,0.32581426608376207,5.355649158358574,0.4942478870972991,-0.0597891426954,-0.0567869243176,153869.76809132512,23153.646462067107,15355401.6661
1.6217929543927312,125580.25829494,1.8048363095149398,1.7679481557570398,0.2578975033946335,2.658957589417696,0.1858716101385653,-0.0303051434521,-0.0300502631107,9721.372075340385,5998.660538078504,2675039.8735
4.784688274376094,184839.9817943573,2.434750058222562,2.5712964073754847,0.48153352006338535,3.8856353983283043,0.33001081524416803,-0.0374668439379,-0.0372852175293,36635.073743425026,542.1917822956947,5449634.13039
7.196646542288363,561733.3525791764,1.9794130213558674,2.083751252386719,0.23210110580548643,4.066461768001318,0.13213961012661457,-0.105437576992,-0.1030566008,108092.00725402404,25982.481356306846,14274599.7903
7.44323330745101,98848.60552847385,2.9101202711462975,1.8343033720739186,0.31983557222411035,4.500370867550373,0.3024477920960635,-0.0179611428982,-0.0167315288356,65453.14191925187,34751.97113138758,6944628.60971
4.819384818896651,326640.16988128424,1.869120400864631,2.8855637018568814,0.39376434511505065,3.4517048113048077,0.15973052908666432,-0.066066460181,-0.0658518241451,22431.326773917837,12505.285285831582,4244349.42777
1.7969771027565002,562683.7911084294,2.375937203876674,2.1977979275397956,0.17033006036654114,2.2252595722675323,0.4655892352107912,-0.138960715319,-0.1292565744,69248.52745656997,34939.564276378725,28108674.5904
8.217837953940034,190769.7670161724,2.0341245769523084,2.4514759141020477,0.4134271092247218,5.7893104292452335,0.21455729953013364,-0.0327018726925,-0.0325472305692,28158.961058030472,16898.647516820613,3563239.14085
8.972065221518278,277015.08309692144,2.508424180559814,2.672844564076513,0.47111370847560463,4.032689947634935,0.4318417119793594,-0.0460697178227,-0.0456899897496,85548.88488108064,6555.997772278515,5598194.67777
3.0092742051929235,504495.382681489,2.0759750618599355,1.6721077091060579,0.2001374529674649,3.9839628487825394,0.23418792672455313,-0.118022807965,-0.114248322899,57079.72305899504,38094.40817123827,18847379.7544
3.3620040863752365,403212.9518687725,2.6824470162391663,2.2862765402533114,0.3581190560478717,2.695015724748373,0.3783295458182693,-0.0890589623724,-0.0876606173407,123726.41855275049,57918.72700131582,10067353.629
6.371532807126641,31573.575921356678,1.5445836377330124,1.987911565694958,0.26797485314309594,5.259127609431744,0.06973080644384028,-0.00563759750873,-0.005615018606,1941.1899134728073,12213.352742638182,2341667.76218
6.049464548006654,368275.6282389164,2.3246387145482004,2.4263485316187143,0.23128765365108847,5.511291019618511,0.4105464597698301,-0.0725174832437,-0.0696289798287,90237.38086171371,20055.135705235247,14254676.4023
3.9625728130340576,141363.80720883608,1.8920980459079146,1.941949786618352,0.4850032517220825,2.442769344896078,0.2696001554373652,-0.0309595639077,-0.0309116716183,11763.921159748841,2320.63050322557,1443328.7869
2.627665465697646,166639.15570825338,2.8676687856204808,2.7188049545511603,0.25058739678934216,3.2317069321870804,0.35749134202487765,-0.0374076689706,-0.0346791021755,41564.508038238055,19533.40036833505,9191602.04316
9.636569496244192,540017.1864777803,1.7298969514667988,1.5320372795686126,0.335775290755555,4.784843821078539,0.1046868450473994,-0.0918835800631,-0.0915251655514,63614.83660781578,21614.71317597338,6361711.07025
8.669270226731896,452893.51511746645,2.7190849338658154,2.151843619532883,0.3873088786844164,5.041594002395868,0.32372799376025796,-0.0767964744173,-0.0753081987772,180821.68043743097,78550.55658571806,11276687.3228
1.0615511983633041,225707.06382393837,1.6778103969991207,2.591552426107228,0.28654913585633035,2.9731333553791046,0.12433243896812202,-0.0546488967988,-0.0545532527195,365.3425280391453,4407.368420224881,4519837.80924
5.351780911907554,63326.774910092354,2.5655362880788743,1.6942252926528454,0.455509638832882,3.6995728723704815,0.48644071258604527,-0.0129366203157,-0.0127799789896,32993.614848370686,22000.805216936937,2197684.25126
6.631237577646971,437016.0525664687,2.2239983221516013,2.931519392877817,0.17327659353613853,4.252648718655109,0.1795887920074165,-0.082587309085,-0.0767453158863,85221.29585831914,3559.4920408946114,23334808.3596
6.966723905876279,216132.38956779242,2.5827357270754874,1.8939485913142562,0.35405304143205285,2.8373575769364834,0.14021361037157476,-0.0405173384178,-0.0396503702903,91522.65280993644,40116.908414963684,6839707.18269
5.0206547155976295,593612.9752546549,2.1950561609119177,2.380696906708181,0.2746871232520789,5.1480667516589165,0.2796398548875004,-0.122094776151,-0.119388302488,97250.3346396985,64504.98390418733,13917114.3251
1.292925102636218,314205.5444419384,2.7956125955097377,1.5769341755658388,0.46670823348686097,4.437252182513475,0.19174769935198127,-0.0914492700848,-0.0910137299605,82618.80323564497,77005.27585451829,5879993.50363
8.442256588488817,92565.88239222765,1.6129796588793397,2.767560699954629,0.2071945240255445,3.610677793622017,0.4460739794652909,-0.0157239772808,-0.0158003191183,407.0693169596811,39031.521304680355,9559138.59013
9.867702873423696,392.66981184482574,2.8387487973086536,2.543617118149996,0.15499810096807778,2.36759951710701,0.22923277439549566,-0.000801838673946,0.00265324695806,27243.43514783498,25949.863369419658,17430301.6042
2.400960884988308,378184.52026695013,1.7471199939027429,2.1059317253530025,0.4314106646925211,5.678247664123774,0.4227068716660142,-0.0945387775408,-0.0944230049199,20063.49589184677,10636.719538185227,3562328.95068
4.2983683329075575,511103.1414940953,2.2598315798677504,2.9767225133255124,0.3048424056265503,4.904935009777546,0.06059762910008431,-0.10488338797,-0.102258826029,113479.90763617297,82053.37867912742,14040612.2458
5.71809795871377,289188.8312995434,1.9686478804796934,1.742869553156197,0.41140376720577476,3.078421663492918,0.37337273051962255,-0.0592781361527,-0.059092642748,44857.2459925966,14901.181185914073,3377868.68505
6.110770542174578,551312.5436380506,2.6535052405670285,2.83700818894431,0.4371746060438454,3.830668043345213,0.2500847119372338,-0.104054786793,-0.10293268706,160733.1454471085,57990.4360412492,9466282.31785
3.627195281907916,174126.3784468174,1.561784881632775,1.7891946318559349,0.1889600302558392,4.152771599590778,0.38773710099048914,-0.039109406123,-0.0384977747132,13291.179743660308,6584.049150125596,4629009.10234
2.711965300142765,114871.08953297138,2.4435931015759706,2.4972933386452496,0.37000224059447645,5.42609379068017,0.08187914923764766,-0.0280912270255,-0.027786897898,36169.54656722527,3405.829278474706,3799155.14076
9.273802923038602,338560.0810870528,2.152500963304192,2.2456445773132145,0.3012095184531063,2.619855433702469,0.33797423555515704,-0.0577382658505,-0.0567344181336,90645.66276465358,830.0245226500064,9714841.23786
7.920769307762384,429267.8989470005,2.3931606207042933,1.623263327870518,0.244228606717661,3.3628040105104446,0.11937586506828667,-0.0787510088039,-0.0755591450518,124103.14219575963,72674.23161853092,16146629.3741
2.0984060149639845,52356.36401921511,2.0052064047195017,2.62785322079435,0.33948782533407207,4.684968609362841,0.31459462866187093,-0.0119700660525,-0.0119262874903,1349.6868447366494,3681.184263354496,1920087.21908
4.5583136305212975,255756.7125186324,2.986669776029885,2.033657548483461,0.22390113645233212,5.89578890055418,0.17045376393944026,-0.0558518433271,-0.0496518777771,68964.31728473763,39057.38065495583,20324651.5156
7.708664627745748,479134.45718586445,1.804311494808644,2.3343664607964456,0.4897381728515029,2.0894895158708096,0.48148580165579913,-0.0897669720115,-0.0896384406156,15524.012557246,32360.744365862873,4179766.90305
7.673399932682514,322375.3424361348,2.693226453848183,1.9929359145462513,0.1925215432886034,3.001603089272976,0.4413996493909508,-0.0619451619315,-0.0549859900836,101146.58635145088,29302.21887821497,21795600.1842
4.593618826940656,96046.16984724998,1.5348557042889297,2.257814761251211,0.4363127438351512,4.952448632568121,0.24572320370934903,-0.0201860014933,-0.0201617128298,747.2487221072773,528.161158066807,1070127.23098
1.9930864460766315,196170.60162127018,2.522175231948495,1.6536738323047757,0.3003890991676599,5.726011142134666,0.38283410924486816,-0.0515839199841,-0.0506236147945,64031.54602249337,39794.77877809751,6685158.80862
8.026129914447665,568965.6933769584,2.063358484301716,2.714716044254601,0.3736024402081966,2.290550161153078,0.07225803029723465,-0.10168126487,-0.101052571322,83079.38423256333,18528.545030548063,9336721.06769
9.168168060481548,500596.1738526821,2.3853029776364565,2.466957218013704,0.33866210719570516,3.531969014555216,0.28915395159274343,-0.0837475531817,-0.0822394062977,131289.5155435973,21209.792270242913,12564381.5427
2.8175596613436937,273992.36876517534,2.022983527276665,2.158879025839269,0.24782342403195798,4.48275351524353,0.1519300823099911,-0.0627958574602,-0.0618551543568,28115.993088589512,9895.04526348079,8023007.90107
3.5921643413603306,36754.12740558386,2.9223666535690427,2.8776325453072786,0.49329438703134654,5.193814139813185,0.464820574875921,-0.0074029928095,-0.00727235746515,11555.279543921788,2582.818054343562,2002407.33688
6.145760444924235,409860.47722399235,1.854998606722802,1.8656719420105219,0.2230338919442147,2.7584141865372658,0.2082952454686165,-0.0824481060614,-0.0809326192532,61883.520988033015,18067.61463288884,10688100.3649
5.683069599792361,146544.75208371878,2.576311143580824,2.9250546083785594,0.2707705049309879,2.010051168501377,0.3244970832485706,-0.028391138214,-0.027105894645,51918.13537999793,15386.107668899931,9577045.92138
4.333360482007265,374923.8330870867,2.2142663430422544,1.7241276861168444,0.35528603065758946,5.942017894238234,0.1305949221830815,-0.0818781107784,-0.0812962764811,46300.26926186476,37027.67387008083,8377434.32745
2.2953277993947268,536118.371039629,2.73284052265808,2.608502951916307,0.20838081580586731,4.7309629917144775,0.499734123935923,-0.127909273982,-0.118954963296,85375.68079277054,34599.14908836724,27149117.7586
9.973299212753773,163617.12086945772,1.6651978204026818,2.1114556691609323,0.46274750195443626,3.2836117185652256,0.1873888096306473,-0.0271276744995,-0.0270871835254,1382.604492065103,27578.130644743873,2156355.38866
8.336934773251414,231107.14741051197,2.877030513714999,1.5121341752819717,0.43259165761992335,2.5423073060810566,0.4060423254966736,-0.0415053673703,-0.0407993131124,107525.57510699004,101147.70243143318,7664114.04013
1.398283127695322,459174.95246976614,1.7187513196840882,2.7621454778127372,0.15103198713622987,5.4743350595235825,0.26707336073741317,-0.125948444848,-0.12264182435,51500.29609510025,13777.074000860259,24181948.513
4.985388042405248,432750.4741027951,2.336889097932726,1.9455077801831067,0.4074818500317633,4.200782086700201,0.34793297545984386,-0.0899035140991,-0.0893839521535,89031.45438322045,46640.454477096006,9691300.65218
7.002027325332165,60523.87431263924,1.8779807891696692,2.3993529458530247,0.30607001255266364,3.7533697709441185,0.0931511389091611,-0.0106773745015,-0.0106006795324,6309.508992603399,20921.638680078617,3574553.69252
6.736561572179198,598978.8673818111,2.272080091293901,1.7700517228804529,0.48684647609479725,5.33661375567317,0.22297041271813217,-0.114069323,-0.113759659937,79392.75062335175,46268.77274298245,7647990.52632
5.246424999088049,222374.77619200945,1.9545296570286155,2.972977740224451,0.22665930837392806,2.6468345299363136,0.42193744773976505,-0.0446392143706,-0.0437893070179,38392.159326427434,20128.706691653322,10248835.1328
1.0968200508505106,88261.53483241796,2.8481124197132885,2.062776377890259,0.331191142136231,3.936012450605631,0.05279749161563814,-0.0299792709784,-0.0293727345194,39540.3989438715,15534.671886675751,3959262.31097
8.63396891951561,311368.1707531214,1.7359753511846066,2.5633348957635462,0.25247723516076803,4.109926223754883,0.36007965528406205,-0.0543666332228,-0.0538865138772,36233.72262687564,27664.49727662859,10171267.5283
9.671595742926002,383331.27815276384,2.809365787077695,2.807763480115682,0.2819702860899269,5.868808850646019,0.14274009577929975,-0.0585615582616,-0.0546189563125,163337.85898938964,26975.032291185355,17570407.4068
2.592671137303114,7001.819461584091,1.6003666408360004,1.5601689820177853,0.38920409935526545,2.178968597203493,0.28414408219978216,-0.00154970944925,-0.00153973776794,1840.529064499345,1443.2798969131127,425924.290861
4.06820378638804,285251.2512356043,2.593513002153486,2.350607934873551,0.1751251167617738,3.4056484326720238,0.20328371310606602,-0.0623953588384,-0.0565877607109,46850.956742345064,15602.775279936404,16989773.1613
5.943866029381752,508046.6290935874,2.185324645601213,1.9006001609377563,0.45088667585514486,4.579623248428106,0.4556322513148189,-0.102203216903,-0.101865493293,76407.38313739194,34011.98651861541,6063742.43383
6.477161198854446,170188.11888992786,2.9989165663719177,2.3028168501332402,0.39223367092199624,4.3314194940030575,0.10784028046764434,-0.030852452647,-0.0298905465646,95596.32102204883,45138.500716447736,6500704.56479
3.2564033214002848,548255.6378468871,1.7901920867152512,2.041769583709538,0.3241353455930948,3.6540114507079124,0.3050367859657854,-0.124080124243,-0.123455571101,54219.80868081551,44731.43101879803,6405777.09523
3.0442986749112606,343706.1594799161,2.4025259194895625,2.666592489928007,0.4176882794592529,2.9273258931934834,0.1679268493782729,-0.0755734052562,-0.0751484417635,51673.0786310062,16968.546571446164,9407449.96226
8.937068914994597,121479.84579205513,1.9940629019401968,1.6079614497721195,0.1687578598037362,5.120599374175072,0.47698114519007506,-0.0219621406823,-0.0201049971838,26445.370103372665,1605.6822137876704,10645100.3256
8.25310905277729,48052.48137563467,2.457345108501613,2.2039527241140604,0.20440392205491661,4.861602306365967,0.2578852785751224,-0.00827897822505,-0.00678421622817,27983.22153151615,9772.159615910643,9409062.71388
1.7616783771663904,426431.27627670765,2.1398862241767347,2.5155477840453386,0.46954689021222296,3.1842553056776524,0.40103060537949203,-0.100984517069,-0.100759026221,29614.368569531885,29412.137947931697,4165254.36218
4.924710791558027,484500.81422924995,2.6642836555838585,1.8178374459967017,0.266449477802962,2.395067848265171,0.08814108176156879,-0.102139124804,-0.0981895293884,137760.1907369944,102034.44653147236,18295019.0842
7.337879171594977,261999.85016137362,1.5520550427027047,2.831802955828607,0.36242421171627937,5.58828030154109,0.33874323032796383,-0.0481581009348,-0.0480999785965,13109.020965098971,43522.257200367065,4462919.59445
7.302262092940509,399114.82594907284,2.4937726040370762,2.5892671840265393,0.44998239218257363,5.029333405196667,0.059478567494079475,-0.0693763194171,-0.0688051096058,94487.27684909884,35964.17733788219,6157344.37308
4.679108933545649,26301.279477775097,2.1081980355083942,2.136178803630173,0.1788458972238004,2.953991409391165,0.36743364040739834,-0.00503352059045,-0.00441447125706,10562.213640513713,9370.625705184577,5563586.23974
1.6568389153108,263535.0862517953,2.6970929405651987,2.9530421532690525,0.3818031612318009,3.7429307848215103,0.23032440119422976,-0.0605987496638,-0.0598977570156,37827.59088866604,16456.208048764387,6629979.06233
8.076729712076485,489845.8018898964,1.512355006299913,1.7023713402450085,0.2921823595650494,4.302888233214617,0.4286185202654451,-0.0918537745176,-0.0915383710733,43333.1817193542,2.069558607709271,6120628.83921
9.113310943357646,577335.6584832072,2.936490265186876,1.926303567364812,0.25603036116808653,5.561591420322657,0.1972206483595073,-0.0968001412316,-0.0891314627876,223136.8651084832,139171.43991590952,26952777.9955
3.14927548263222,204247.47727811337,1.848614408634603,2.424056136980653,0.3304611677769571,2.486310452222824,0.4476053770631552,-0.0456865272482,-0.0454968694697,19412.92745082653,6399.203579021225,4939571.51167
3.501867867074907,104118.61091852188,2.34957291232422,1.5401876186951995,0.2367094226181507,3.2127479426562786,0.13471322488039733,-0.023181800679,-0.0222578495954,34861.99546183768,19199.633522912914,5174530.4833
6.512915623374283,330740.58685451746,2.0546362660825253,2.740311979316175,0.4796248749364167,4.7726443484425545,0.2780810141004622,-0.0621238802973,-0.0619574583321,25175.796795350718,17516.84457941281,4266974.88031
5.909314391203225,68596.77135944366,2.7513096733018756,1.6813638336025178,0.36348591721616685,4.0213907435536385,0.1763794404920191,-0.0132560681152,-0.012772111369,43852.45000946591,27979.864892812493,4133726.76085
3.821470103226602,441116.47848039865,1.6631591557525098,2.6925248256884515,0.2625659349374473,3.9639204852283,0.4825635614339262,-0.096125789827,-0.095393895428,34873.70909443635,16531.51809144169,7152642.20278
2.4866997161880136,467545.39143294096,2.53330584615469,1.9740892485715449,0.4764166496228427,2.7374734580516815,0.11342269335873426,-0.107770768793,-0.107267315297,68155.50237946717,80382.3085855755,6137548.89744
9.496281708590686,239184.7651451826,2.2386438664980233,2.282881221268326,0.19470700556412338,5.3103282786905766,0.3134893804322928,-0.0400007393022,-0.0370558133151,68478.79140664526,7714.143566724786,16249041.9886
8.809145641513169,153159.16780382395,2.304134488105774,2.905251116026193,0.16470534820109606,4.551754791289568,0.08033390725031496,-0.0251716176928,-0.0221391407404,30999.86214952861,18398.20493367981,19704075.1544
1.2029288178309798,525367.596745491,1.91846837522462,1.8435408999212086,0.41892297999002037,3.494223490357399,0.332460412196815,-0.134313299922,-0.134092720935,46482.31555034686,6903.451680413113,6270797.77645
5.49302136991173,364177.49337852,2.8881786642596126,2.448096330743283,0.31427511386573315,2.205278392881155,0.25160245709121226,-0.0730076297251,-0.0700765512932,139751.33153402366,62884.513069721994,13760263.5173
6.7712505562230945,136091.5197059512,1.703532279934734,2.1839713188819587,0.3992814112920314,5.7781942412257195,0.3932234342209995,-0.0260824980975,-0.0260285190907,5446.148866998093,16059.928629776217,2100374.40749
7.108093176968396,516380.0088688731,2.824103968217969,2.647356098983437,0.21845883834175764,3.3194462172687054,0.3763727599289268,-0.098078248396,-0.0889068467585,174019.27272624246,30454.745407730752,28891942.5683
5.160539015196264,293291.54156148434,1.7793497205711901,1.6326853916980326,0.4950529647059738,4.634728975594044,0.06468431861139834,-0.0605188760621,-0.060474526728,725.1314789939789,4505.819396236234,6200587.51305
1.4329463625326753,15037.675201892853,2.274482105858624,2.3308052024804056,0.23880750401876866,5.908049140125513,0.4338259343523532,-0.00322876172214,-0.00306118064042,6248.3805521632885,5449.528449175962,2101790.3555
8.583488228730857,391659.93724018335,1.9364238562993705,2.0200126147828996,0.344866870995611,2.108631819486618,0.23926185774616898,-0.070201724992,-0.069749305801,70162.97846111767,3056.538885202808,6771709.11016
9.726608444936574,300732.41852223873,2.6091011138632894,1.7986324313096702,0.3755288183689117,3.8496271520853043,0.4702244599349797,-0.0499547746319,-0.048928227016,130601.65262222884,62893.76936018249,8901712.71385
2.2608019104227424,77918.58594864607,2.1745455670170486,2.856506775598973,0.2956395484972745,4.164970953017473,0.21698129940778016,-0.0171042738762,-0.0169291565614,3624.682872658508,3879.2058540628736,3596813.64545
4.158072196878493,212027.39272266626,2.769241550937295,2.232006796170026,0.4426796546205878,5.375793032348156,0.2978400021791458,-0.0446870834838,-0.0441868304083,37912.19083567181,38432.74472597296,4605444.96584
5.577141094021499,588338.3944630623,1.6334846005775034,2.4937134836800396,0.18332614027895033,2.5763146840035915,0.15733397072181105,-0.120213945681,-0.117973299878,71776.7144603109,6119.149133907876,16362684.5192
6.2507630018517375,251651.72461420298,2.42538996739313,2.090467181056738,0.3104664489161223,2.32514214143157,0.4915012593846768,-0.0498623578049,-0.048718278509,90770.38254429819,24269.9036071239,8280514.83224
3.768449285067618,473859.86745357513,1.990559765137732,2.541143048554659,0.40590723017230623,5.627046637237072,0.18158666682429614,-0.103634278047,-0.103362210041,26545.989389139195,15092.786226433294,5917702.83367
2.853357001207769,415794.7640866041,2.954446087125689,1.7512044282630086,0.1605578904505819,4.916234094649553,0.31869494379498065,-0.108062134879,-0.0900322910538,139157.5820357024,69392.41205919524,37221579.9724
9.413658355362713,37709.07651633024,1.818963786587119,2.9980450021103024,0.42589293224737046,3.098464146256447,0.12236205427907408,-0.00580898939454,-0.00586603009346,34304.905743973875,69619.52189680382,4299458.9187
7.780502307228744,129516.0859823227,2.632994266692549,2.378227128647268,0.4613420385867357,2.8573391139507294,0.3550809702835977,-0.0229546605834,-0.0226532370543,64880.803653576375,5506.965947401905,4134777.01661
1.9574264520779252,352035.50700098276,1.588148457929492,1.8784683113917708,0.21260411110706628,5.159182582050562,0.10009313672780991,-0.119345966866,-0.118617108259,38935.7172829916,1871.7038688454277,8351171.40681
4.417196570895612,556589.4199535251,2.4640983785502613,2.788901785388589,0.3487507665529847,4.385868139564991,0.41298432666808366,-0.116131200116,-0.114852659592,95848.18501400824,17808.718716553063,43125178.9552
7.568534721620381,178229.07976806164,2.1261316845193505,1.5852618981152773,0.2801182395312935,3.568159233778715,0.27422135220840577,-0.0333248135418,-0.0326109946635,55241.93089467602,20012.963205163396,6275255.27334
7.553457831963897,108296.83877527714,2.4622894381172955,2.1336678760126233,0.4802661179564893,5.6375860795378685,0.45262524229474366,-0.0195407183945,-0.0193737518673,41939.6704733193,8119.574144724925,2696422.81695
4.429525520652533,335795.45225948095,2.1235904060304165,2.585827183909714,0.23734925030730664,2.314490582793951,0.1993966947775334,-0.0707678965755,-0.0689638843962,75308.89784783247,5135.335881285063,10933350.5104
1.9675579015165567,571985.5578616261,2.636268017347902,1.7006822861731052,0.3297352259047329,3.1036685556173325,0.2872858965303749,-0.137493272644,-0.135385497956,73253.13273455268,84537.10551595276,14260235.8941
7.763227850198746,200364.4846379757,1.5921545466408134,2.9489633850753307,0.2553029987495392,4.910898614674807,0.1467669686768204,-0.0349577617939,-0.0349116821033,92.1872285014917,42526.310479918044,7804504.33441
9.434777608141303,267566.84985011816,2.956253608223051,2.419988812878728,0.2914570833090693,5.169903222471476,0.3658047914505005,-0.0435422522858,-0.0401720078325,124239.97153607872,38771.12839637077,15001250.2763
2.8294924907386303,495340.1003032923,1.8215036457404494,1.9246030692011118,0.3810764683410525,2.8467466831207275,0.054130963142961265,-0.114290958735,-0.113975939836,47440.17170868368,42924.231256941624,5878465.91532
3.7423878107219934,393911.1851155758,2.4221176584251225,2.7368834232911468,0.17948781107552347,3.5734265856444836,0.416240577865392,-0.0862873189874,-0.0809604305417,53064.061712857576,6927.146954769553,21067928.1574
6.269685223698616,21978.858299553394,1.9865551181137562,1.5376652469858527,0.4506228841841221,4.380717672407627,0.22166360486298803,-0.00428252597113,-0.00424090163324,12591.211489604737,5057.774848545171,1053050.44955
5.590083330869675,359120.3458607197,2.766701686196029,2.6905624992214143,0.4000074359588325,4.631888307631016,0.3445275938604027,-0.069533335433,-0.0683965779811,116400.14152462718,42641.95680043512,8664273.22779
4.143488699570298,131915.5739620328,1.631677062716335,1.67737523233518,0.3150023934897035,3.3221710734069347,0.08952519088052213,-0.0283776497578,-0.0282898416838,10311.891252141899,291.2358174057524,4324837.41101
2.2440213821828365,157044.4380864501,2.613105744123459,2.28027735510841,0.4182818197645247,2.0954854488372803,0.3953860964160413,-0.0360849305025,-0.035793331085,35310.09165753842,14742.956518941462,3673891.6579
9.737353717908263,530715.4197245836,2.1778178703971207,1.9709252924658358,0.16406543771736323,5.921068135648966,0.2566359747666866,-0.0898667313017,-0.0824659602076,98776.04759311078,18632.379746216026,27245991.9582
8.560108795762062,462048.79749566317,2.2770233675837517,1.8403883879072964,0.1940651758108288,4.162193227559328,0.4739166321232915,-0.0844877273975,-0.0791048444161,113971.92513623879,36014.21856645609,21888987.7032
1.454671123996377,235155.29707074165,1.9382327911444008,2.90263580577448,0.4757760735228658,3.8525370210409164,0.16398747013881804,-0.055897756898,-0.0558546042257,5786.837342672847,2934.4862224189733,3232240.40236
5.180066209286451,72921.49253189564,2.820097873918712,2.179994161706418,0.2632912952918559,2.563349511474371,0.3081279627047479,-0.0146788353358,-0.0133098446122,47915.81570312441,6849.828909119045,7097822.54165
7.082516243681312,446317.81931966543,1.7760759531520307,2.446122560184449,0.36421252600848675,5.388871155679226,0.11180792599916459,-0.0820720077602,-0.0817644781931,37830.360192582266,1294.5178466085883,5421779.75307
6.786323137581348,206684.15632098913,2.8849063608795404,1.6293483437038958,0.18405216755345463,3.95894680544734,0.20778850787319242,-0.0414807280733,-0.0352591163899,67269.54144652438,39036.245762792816,16877452.3186
5.48068811185658,584457.6928764582,1.6995276496745646,2.6449253247119486,0.44340693163685496,4.026476539671421,0.4581586269196123,-0.119119813528,-0.11893434713,9734.652510624079,27810.382352457367,6497158.08155
1.1927930600941181,304903.7776887417,2.3059420259669423,2.0158537826500833,0.2949983856640756,5.300038997083902,0.1522986903320998,-0.100557848057,-0.0995381092386,70213.35813769411,23708.764031782513,7922976.8429
8.826415790244937,82971.16477042437,1.9210082399658859,2.329013106878847,0.3748889104928821,2.747893810272217,0.29567937259562316,-0.0141783139799,-0.014102253083,12534.861832569442,28539.7052327234,3286992.93992
9.475166730582714,9840.90305864811,2.536579613573849,2.8547261240892112,0.34422504385001956,3.4891906827688217,0.07707767616957427,-0.000908661757699,-0.000740723502411,22262.515380261975,48273.4898528893,5900858.73877
2.5105685014277697,387339.80264514685,2.24264996079728,1.794462155085057,0.23816692531108855,4.556659389287233,0.38501813942566515,-0.0930321093181,-0.090769897778,98269.6045411098,38485.246816775696,13274719.4137
3.847535852342844,520404.90824729204,2.7495007384568453,2.4912941535003483,0.4957783224526793,5.7677199468016624,0.2408786158077419,-0.11162308068,-0.110970555785,86902.53219722817,66576.32671176291,8551244.95489
5.890396444126964,298783.54892134666,1.6606178940273821,2.2286583040840924,0.21918544974178075,2.2156358025968075,0.4391856279224157,-0.0607459303863,-0.0600445368271,38860.18567950524,9615.567160618439,8507266.67678
6.499977661296725,560467.8260162473,2.3455668236128986,2.5372573994100094,0.2807594851590693,2.9668913148343563,0.09791842554695904,-0.106836909275,-0.104074585343,157886.64791385745,37219.34078778237,15297411.4957
3.516455639153719,183574.61169362068,2.051362515427172,2.0885850079357624,0.3493905916344374,5.016549311578274,0.35005950327031315,-0.0409208323248,-0.0406798238543,18574.12501498219,10597.849321515112,3340598.36131
3.166060285642743,124465.80715477467,2.93903154367581,2.994800982065499,0.21187816662713885,4.305494476109743,0.26216954714618623,-0.0272418279591,-0.0236581150288,31825.861114051517,7961.701520913243,11153773.2295
9.102569945156574,347861.84784024954,1.8504233490675688,1.7484975205734372,0.4606146787758917,3.740451917052269,0.40377766811288895,-0.061234428201,-0.0611130585051,37067.839860034284,2329.427621179939,3153560.88789
8.10010483674705,420112.6165688038,2.7010975875891745,1.8757728477939963,0.42516765859909356,2.499025344848633,0.18693270795047284,-0.0751233802092,-0.0741739263189,161617.10351250457,86500.5154767342,9315185.93662
1.6351098455488682,42908.13077241182,1.5156273152679205,2.3749716645106673,0.1598311949521303,5.548744384199381,0.493131401669234,-0.0102891769366,-0.0102215281151,1674.064560376258,5840.137658783199,3673758.36115
4.659577431157231,246161.99489682913,2.491232744883746,1.5833911690860987,0.40654914141632614,4.775191463530064,0.1310210325755179,-0.051380455143,-0.0509446386444,46342.58131462857,47640.20040789256,4866424.40489
7.327834717929363,469832.69043266773,2.106390514411032,2.7850046921521425,0.31110694352537394,3.21008787676692,0.33107486348599197,-0.0863086875305,-0.0852561894803,98959.876299707,11928.176072554741,11093614.9776
7.362359617836773,32729.230262339115,2.6602789806202054,2.261058110743761,0.22367580514401197,3.6438558623194695,0.16031182832084595,-0.00573056382369,-0.00433861966873,36496.68521728858,8591.15491651153,8363657.98599
4.906267209909856,404368.46762895584,1.548782694619149,1.9956434927880764,0.49393487968482075,4.341447826474905,0.30170124196447434,-0.0856597145067,-0.0856088392744,20161.44217654304,17986.31689446425,7997878.89986
1.7410372281447053,505792.94823110104,2.4598849285393953,2.7186023639515042,0.24709814712405204,5.114767923951149,0.21381037388928237,-0.130324181341,-0.126160786919,143100.2786929402,9989.727471139127,21836739.4264
8.275391998700798,278312.50112503767,2.1416937173344195,1.6555553348734975,0.3379354149568826,2.933041412383318,0.4661717682611197,-0.0509990270561,-0.0504317378319,66573.06840164246,32266.412973964285,6626302.9275
8.927420129068196,191999.24021959305,2.406532058492303,2.160749084316194,0.3728764989878982,3.1741588450968266,0.23351089442148804,-0.0324851247297,-0.0319402201694,75917.51490195758,10535.195713346913,5935477.28729
3.05999559070915,563913.1167903543,1.9973367140628397,2.470854981802404,0.2996617360971868,4.8718118369579315,0.4324633566662669,-0.1282501838,-0.127227919389,37920.96671752612,24848.472023046448,11173289.5145
3.269903206266463,327718.57660263777,2.9963753493502736,1.8683680761605501,0.43695398750714953,5.58263386413455,0.07035540156066418,-0.0882201909784,-0.0871707028368,136941.19967832806,109417.36726482962,9723966.75749
6.465315449051559,99926.87366902828,1.7883831965737045,2.8808873388916254,0.19316137032583355,2.4008463099598885,0.3776504213921726,-0.0185861081751,-0.0183392913398,12553.245157561627,22113.78775938104,10176474.3345
5.926053169183433,438240.2015849948,2.5902392067946494,1.7282872782088816,0.3067953722551465,2.6490481570363045,0.2684111698996276,-0.0884310438781,-0.0862238607343,129244.05843106098,95208.86589664791,14090977.6648
4.093160190619528,64551.05356872082,2.181318512186408,2.926845944020897,0.40820845947600903,5.334268938750029,0.41157110636122524,-0.0131752447958,-0.0131131939682,2645.9507068421385,4275.473464410652,2302682.7986
2.615430577658117,226789.29269313812,2.8111746828071773,2.1147919571958482,0.15039015673100947,4.123456448316574,0.10571186714805664,-0.0579106393349,-0.0472948289611,44588.01100385201,13401.119194075318,27788817.1522
9.651585851795971,453975.90044885874,1.602907874621451,2.6109344861470163,0.4319510821718723,3.9223702289164066,0.35630112267099323,-0.0762101983907,-0.0761142437078,19504.236217018377,62079.111023797304,5055907.27701
8.650134014897048,541168.6521023512,2.8513847733847797,2.7645655679516494,0.46210634238086634,2.1813672371208668,0.12539742095395923,-0.0908760079806,-0.0896036821792,228382.07664930655,56824.996306343535,11572906.3133
1.0877936715260148,167790.77779501677,1.739980042912066,1.5154819074086845,0.20774090467020867,5.86652697622776,0.32260853610932827,-0.0505007196687,-0.0499459260087,23223.715863592155,9884.148668634823,4288446.33848
5.235201119445264,142666.34825617075,2.2702726149000227,2.4011328374035656,0.35601205597631636,4.593212600797415,0.17846638392657044,-0.0279305015794,-0.0276312955502,24475.508467060514,1223.1588005904935,5621534.80756
6.750529100187123,369578.29892635345,1.9519898425787687,1.9496788163669407,0.27149778390303253,3.3921874091029167,0.4875077866949141,-0.0724704213203,-0.0715068250208,64088.33375435072,15605.6839804692,9010952.00306
6.977542604319751,290454.88983392715,2.3343478641472757,2.9755823663435876,0.45161203294992447,5.947614800184965,0.27861357885412874,-0.0518561913317,-0.0515570622708,48575.61945784203,10587.065484446352,5263559.63323
5.003827349282801,512369.0525069833,1.876171893440187,1.773214919026941,0.1758517288137227,2.004581518471241,0.1414042789954692,-0.110173015445,-0.106614376228,61513.5856124114,19652.07372603803,16929019.6777
1.4189200019463897,379299.5123192668,2.881036647129804,2.5652964622713625,0.3885622715577483,3.293520960956812,0.4472625559661537,-0.0898780341994,-0.0886314339211,67859.10888241675,48154.425455489974,9222178.99565
8.31464755255729,1507.5232833623886,1.7220251150429249,2.0667657391168177,0.2813297080341727,4.721169680356979,0.19072437374852597,0.000118722628107,0.000136210787744,3278.106162287035,18673.93245227903,3188382.51592
9.982952306978405,93611.63768917322,2.7353803371079266,1.5641468991525471,0.25183607297949495,5.479750767350197,0.4238280258141458,-0.0157830878618,-0.0136627595451,72742.24096275332,33245.632246376634,10063266.4879
2.2796351918950677,315251.16115808487,1.6670052967965603,2.809736490715295,0.33055123360827565,2.5367785282433033,0.22816614955663683,-0.072073769814,-0.0717709314428,26998.164349889677,17027.158059453992,3238416.00142
4.319864905439317,594800.6417602301,2.5723064518533647,1.9037519129924476,0.22738533630035818,3.763216070830822,0.3723073394969106,-0.130041475023,-0.124044775442,115991.98644716806,88250.46727212156,23037953.5837
5.694919657893479,217319.90855187178,2.2109939893707633,2.353224005084485,0.4875737524591386,4.19080376252532,0.06171840773895383,-0.0417109964401,-0.0415712323638,32051.732077151042,3901.4061013907794,2717068.74314
6.1635776134207845,480176.09529197216,2.920559160411358,2.0434579672291875,0.36306612230837343,4.9391686879098415,0.3884852939750999,-0.0931119687705,-0.0908145970436,171752.4028187494,128006.42706629161,14374272.9081
3.567212245427072,256798.50708693266,1.8524587866850197,2.3068962888792157,0.26708997306413945,3.015014223754406,0.24950171620585027,-0.0562247414371,-0.0557297431893,29974.26689508435,3384.6717098729036,6936874.45458
2.794804529286921,53549.07754808664,2.388575325720012,1.6104730479419231,0.4688216159120202,2.288567144423723,0.3373933319468051,-0.0123142138234,-0.012248899103,15757.804006038126,10864.097209391022,1213710.14582
9.188182259909809,430460.7421159744,2.026988202240318,2.6700318194925785,0.20367722720839082,5.728106155991554,0.08262439179234207,-0.0702441442322,-0.0674211270306,82527.32761693538,6829.051166511526,18169960.9206
8.009960544295609,339820.88696211576,2.5239841220900416,2.518975669518113,0.16803191597573458,4.469410628080368,0.3139713008888066,-0.0623059092096,-0.0547738667343,61540.09025327939,3123.100610833333,25345682.4069
2.00210855063051,116132.02504813671,2.06589970132336,2.206475766375661,0.416960918996483,3.545195136219263,0.12005452681332827,-0.0271632046736,-0.0270870300487,7404.199485036647,4435.707917988941,1652852.36253
4.604838431812823,175245.26417255402,2.68995264172554,2.8358709504827857,0.3247765918727964,2.7562499716877937,0.48216322958469393,-0.0356550466698,-0.0346134141326,62869.26474201467,1109.6818683090967,7347113.62267
7.659428129903972,552431.5858259797,1.5308495652861893,1.819537273608148,0.39287349535152316,5.195850025862455,0.16983081167563796,-0.103405232637,-0.103267114966,21646.049049115813,5010.876586739837,5333184.29176
7.694699094630778,408563.0591958761,2.982619196176529,2.88753890292719,0.268616766994819,4.143112041056156,0.24680441138334575,-0.0719184811819,-0.0661772259297,182620.04062870456,34085.8158725398,21047805.8103
4.569539303891361,35456.56185597181,1.8009934318251908,1.838279098737985,0.3587595480494201,3.840215604752302,0.44026391240768137,-0.00740035681665,-0.00735678409583,6523.220894066816,5012.173952038158,1275676.97677
2.1074346574023366,272836.853004992,2.395746278576553,2.454089793842286,0.19941217671148478,2.6135281920433044,0.07112438543699683,-0.0642850282622,-0.0598575867103,29537.13839987847,26365.57626772717,14908126.988
7.904606810770929,499440.5195116997,2.0070595457218587,2.2009518700651824,0.4703870155848563,5.432289842516184,0.38391236648894844,-0.0906464925837,-0.0904189723629,57265.46368144321,1405.3315346474683,5115849.68785
9.293811053968966,567887.425236404,2.4476450784131885,1.6752730957232416,0.4127011673524975,4.675368178635836,0.1507539965212345,-0.0943474736558,-0.0935304201362,150911.74875981093,97751.63327916461,9681546.34253
2.68920389842242,195092.19489991665,2.155820423271507,2.6754469997249544,0.16960269794799387,3.372532770037651,0.29016564479097723,-0.0444788202399,-0.0414495996792,25632.787013902405,7563.988334428083,10536491.1703
3.602236312814057,94816.84416532516,2.6509181186556816,1.9918987364508212,0.3944055881351232,2.083347287029028,0.2093057048507035,-0.0205224154405,-0.0202037255395,37612.33592270927,19122.397676879675,3185825.62568
6.128581172786653,321145.8692327142,1.5599302765913308,2.288240297231823,0.3204753999132663,5.902047894895077,0.4636448645964265,-0.06421203512,-0.0640662863881,3737.5174521980175,13785.564973500239,6470748.64328
5.7299463069066405,59441.48898124695,2.256512103136629,1.9444735888391733,0.17400195389054715,5.149799607694149,0.1299016608390957,-0.01156479687,-0.0101637223967,15987.991251300366,1441.274520976597,7461428.28503
4.284870711155236,431668.2452335954,1.9645958980545402,2.429775657132268,0.4562362476252019,2.8355087898671627,0.32513501062057915,-0.0921624414813,-0.0919591395671,35243.980665184245,1178.0947652204343,4818442.46769
2.3852657629176974,457950.6738111377,2.8406033967621624,1.533736347220838,0.28590730610303583,3.6246885508298874,0.18802464487962428,-0.109336995686,-0.105759178036,89080.65461769213,84190.24264741915,24364843.584
9.877353654243052,229882.9983919859,1.7497070990502834,2.72287370916456,0.3866683025844395,4.4231141693890095,0.4990438130218536,-0.0375911099935,-0.0375291293739,5033.60786447581,57388.41900171593,5062216.79653
8.419971412979066,162314.45018202066,2.7989306529052556,2.595632624812424,0.33513413053005936,5.680165532976389,0.26764175686985253,-0.0267071967396,-0.0254760579321,79597.27968624428,7754.393900573944,8457988.94206
1.3135636867955327,534815.8299922943,1.6170302219688892,2.153531243093312,0.24994748630560934,2.365813672542572,0.405308732111007,-0.131370522327,-0.130616862866,30318.336798401153,21109.921871540526,7901434.12174
5.039096335880458,373772.2110003233,2.580882569309324,2.9349579624831676,0.4857292763888835,3.0924915485084057,0.09241877933964134,-0.073403086736,-0.0729255988324,87820.90505790962,22297.066165225184,5363781.39571
6.942241699434817,145393.28645914793,2.1924704974517226,1.6967376507818699,0.23201493327505884,4.890978194773197,0.34850099608302115,-0.0278909574044,-0.0267053412586,37354.17048085716,15771.41393046915,7221709.22292
6.645207419060171,506931.77562206984,2.562949182931334,2.3845925694331527,0.4121291249524802,2.448847021907568,0.4213012168649584,-0.0971256617796,-0.0960650244433,166507.8310691565,50775.24786867981,9721037.6399
5.3405595468357205,284136.2591832876,2.2221437226980925,1.8958207508549094,0.3055690170265734,5.505325339734554,0.22366203120909633,-0.057601217533,-0.0566417168907,48408.83686933388,37680.50466829236,6669318.65682
1.0525268642231822,5735.9084486961365,2.7231369162909687,2.770817594602704,0.43076883754692974,4.794272530823946,0.3607716492842883,-0.00100374725473,-0.000967076640556,4109.400231016841,6624.665580578273,951783.672758
8.685437032021582,382065.21961838007,1.6811298737302423,1.5796282086521387,0.15435752226039767,3.222409412264824,0.052160026924684647,-0.0697327789504,-0.0671655108089,37009.28195896363,4264.089952320994,16317256.448
9.61655709054321,310180.651769042,2.870254449080676,2.1086372025310993,0.2065533611923456,2.9790298342704773,0.28487604614347223,-0.0535349943769,-0.0459726151795,119652.358691933,29542.576568148546,24408123.0706
2.6504225926473737,87073.86832684278,1.7317501092329621,2.546862568706274,0.46606832561083134,5.035569194704294,0.14217338273301722,-0.020222339291,-0.0202090958105,4329.557885482948,3572.782490276302,1296599.43089
3.9875275073572993,221329.15947586298,2.320588151458651,1.7447531567886472,0.2754131505265832,4.262014485895634,0.45506258783861997,-0.0487348155325,-0.0476023104465,59587.33526640983,29778.746163665917,14942370.0444
6.031649642623961,597933.1120848656,1.8887799885123968,2.9806067319586873,0.35478031844832003,3.690090339630842,0.2040177691727877,-0.115452389565,-0.114858973492,72613.55828602683,10033.344650171448,8061379.70379
6.359680184163153,260807.0069923997,2.6805938752368093,1.792541693430394,0.4903800840955227,3.4379288367927074,0.306170839862898,-0.0505544826487,-0.0502071996354,91368.21230530464,53741.42564733774,4784809.64888
3.3754974333569407,483308.1007003784,1.5419979798607528,2.839428949635476,0.22454163106158376,4.514262773096561,0.1067607022356242,-0.106141454604,-0.104927100623,34765.121798220665,27925.149438999866,9539881.58541
3.0249650524929166,425389.4817084074,2.5117422435432673,2.2498162840493023,0.33876255168579517,5.78782320395112,0.47590119144879284,-0.0985474152859,-0.0970922717958,135874.71128904956,46916.792801295785,10314708.7385
8.962410165928304,47010.84326952696,2.0800256417132914,2.499072559643537,0.24350191121920942,2.226874053478241,0.16906213709153234,-0.00752079803255,-0.00722369496033,16653.449743435824,34639.301391272056,7756495.54851
8.240127437748015,120360.80360412598,2.3777918089181185,2.629643885884434,0.3004835739731788,3.9701239317655563,0.4000205550342798,-0.0205882378533,-0.0199530884219,49192.31523749847,22893.62404909007,7378322.2663
1.7763428268954158,342587.2737541795,2.0367116988636553,1.627423590514809,0.36927488078363235,4.046396840363741,0.25905966786667706,-0.0880872551883,-0.087781419808,48048.4898857259,21310.388610433674,6061605.46286
4.800947506912053,546994.7023317218,2.9068008111789823,2.3367986655794084,0.189601275883615,5.257459186017513,0.3399205700494349,-0.120247839549,-0.103994680093,116002.06044900946,62087.237895247374,40980727.9861
7.467719822190702,168927.31301486492,1.8650684240274131,2.0369931659661233,0.43781443112529816,2.6965710781514645,0.08712893929332495,-0.0312823092651,-0.0311998817077,18868.871710687712,10613.342072564392,2322340.76071
7.222220944240689,331823.5756829381,2.4328954140655696,1.5060426774434745,0.3505595786962658,2.1378415897488594,0.3667935153003782,-0.0639830969914,-0.0630839360335,108659.81758500786,74155.85613054152,8673674.77563
4.765158750116825,105201.4522254467,1.9768258715048432,2.745068411808461,0.27682141978293656,5.8162110559642315,0.06017316826619208,-0.0204142005572,-0.0201002870244,10941.59508714958,2309.1843772247025,3802101.80594
1.6000664662569761,205472.3683744669,2.970006207469851,1.9633180280216038,0.4567181189078837,4.605396538972855,0.42931435485370456,-0.05099098393,-0.0505193026659,70799.78436923637,51545.76918565596,4597600.71129
8.135116297751665,578560.4109987617,1.8088882472366095,2.404711261857301,0.21308573596179486,3.4111618734896183,0.22968390057794752,-0.104781345056,-0.102702598458,89456.92617440525,10848.950402236978,17160992.5486
9.067283960059285,491147.94060587883,2.6456325673498213,2.9073416353203356,0.15592925278469918,2.668205637484789,0.44834031322970985,-0.0877401526029,-0.0740425100947,107673.02963776037,17572.694405097223,43751983.417
3.2013787254691124,264837.0863869786,1.5810119044035673,1.7188666448928416,0.42636992908082905,5.34651406109333,0.19665005113929512,-0.0654259421249,-0.065369661684,9724.223994617807,7065.654656881631,3856115.57816
3.4111488442867994,27452.360652387142,2.4745370890013874,2.614497174974531,0.3122705482877791,4.073201473802328,0.27750832475721837,-0.00522401175229,-0.00499621541253,7801.658990474844,1246.482601157662,2743260.20627
6.605316374450922,400265.75960218906,2.1094702491536736,2.128435460384935,0.40260577718727286,3.879027836024761,0.1354511114768684,-0.0759338062461,-0.0755491688557,73971.57879580358,22276.87505961483,5153969.28745
5.78508760407567,137389.46970552206,2.8308743108063936,2.4733233293518424,0.44256651648320255,3.1316251680254936,0.4836946330498904,-0.0266194702663,-0.0261732828932,73892.31581287265,15049.4336719165,4480199.71613
3.9528728555887938,365475.5998402834,1.7663452089764178,2.176230794750154,0.18767768274992702,4.820442970842123,0.17530375649221241,-0.0799014594119,-0.0777091618418,35411.570196100845,20319.37426653191,11357486.7611
2.4752802029252052,526523.6534178257,2.290777330286801,2.85954768396914,0.37846783255226907,5.593765094876289,0.3124124626163393,-0.12318672302,-0.1224024604,103557.77905692831,14406.411160556303,12931494.5284
9.510482655838132,154315.354116261,1.9256189349107444,1.860038923099637,0.2941137947142124,2.4208125062286854,0.11455414048396051,-0.0261359684516,-0.0257554859645,40896.97132882331,3932.1813933847147,5425809.39487
8.791374120861292,240262.4297887087,2.622468796558678,2.0111066065728664,0.2417404650710523,3.6638831831514835,0.3314542460255325,-0.0421336853292,-0.0389219640069,101975.865958664,30334.646669440164,14291935.4847
1.2278065662831068,468623.1857165694,2.166673909407109,2.2635336108505726,0.3433351540472358,4.352762013673782,0.08150532431900501,-0.151359685551,-0.150684088857,74055.05400831204,1260.2536191092202,9105996.69092
5.375076852738857,442345.1917245984,2.7789508793503046,1.6472218902781606,0.2183396522887051,5.063582252711058,0.39439694341272113,-0.0933501160148,-0.0867753965434,125038.62172904465,93768.57822187839,22172387.4367
6.8919067699462175,69825.64106583595,1.6175582692958415,2.6972784446552396,0.4993985387962311,2.890568621456623,0.25059334049001336,-0.0131578772762,-0.0131564054987,27534.030722504463,39237.07768383492,2155126.47549
7.11756431683898,589530.6341350079,2.7617505295202136,2.2221234161406755,0.3192381646949798,4.4572263322770596,0.0657616991084069,-0.106744231241,-0.103223210908,216717.2232573287,114203.17411971804,16971603.9185
5.145059173926711,213219.49381381273,1.6465012966655195,2.5212666336447,0.39845531471073625,3.52622102946043,0.37524004545994105,-0.0438068610399,-0.0437382820718,1541.9933103750593,22151.021198554485,2724145.10101
1.5602887868881226,78959.76807922125,2.54594200104475,1.8113855039700866,0.1625574088189751,2.7997757382690907,0.2381320937070996,-0.0197331240436,-0.0174139234791,13138.828580129652,5398.885635071759,7216232.24076
8.454531634226441,301773.4531313181,2.231503736693412,2.8143653562292457,0.42256426755338905,5.246165826916695,0.43490122272633014,-0.0515935295276,-0.0512675444257,58389.40296837707,25903.1145104759,5804993.13425
9.842656087130308,392779.5113995671,2.319696754217148,2.309182961471379,0.47427342692390084,4.989423304796219,0.21580825289711358,-0.0622661634474,-0.0619233440701,88187.01414026669,10801.940417495905,5504877.00221
2.1386779751628637,16157.101839780807,1.908396412152797,2.059121352620423,0.1983529224526137,3.05835697427392,0.47123230919241904,-0.00324449991703,-0.00307759333709,2296.852793337907,1368.2723546193477,2236111.74579
4.178770527243614,294553.017988801,2.89568196516484,2.6485076285898685,0.3684536795131862,2.2694097831845284,0.15834144446998835,-0.0611922227782,-0.0597251525941,111156.15968615217,46406.13380824545,9049177.97369
5.554761001840234,517641.3467153907,1.6897948100231588,1.6023284308612347,0.26174447289668024,5.715860914438963,0.2966681894846261,-0.107766569113,-0.106925470228,45399.15343981458,37305.86378200524,7996568.9045
6.304969096556306,179343.40126812458,2.5034783561713994,2.790050507057458,0.232742352085188,5.468619417399168,0.18089038296602666,-0.032945720213,-0.0309427110163,54726.02932185424,1982.0975998184524,10895798.121
3.7070671916007996,557703.8710936904,2.0922695584595203,1.5549079407937825,0.48217334449291227,2.516812451183796,0.4921430139336735,-0.126161524182,-0.125968776297,57373.21215439079,31263.74850018158,6782904.37141
2.9347971733659506,353300.8771017194,2.710464199539274,2.356602157931775,0.2571715595666319,3.8057501055300236,0.12300085839815439,-0.0796150072776,-0.0753509793524,54212.093435568844,55868.62061295626,14755696.0065
9.329436715692282,130781.61254525185,1.5044854944571853,1.9175799521617591,0.3250869056209922,4.24217227101326,0.3180007520597428,-0.0225920902299,-0.0225372189496,6055.416937766838,20513.325459134536,2898537.21491
7.868843803182244,38897.198997437954,2.9527819133363664,1.7639602250419557,0.38295041145756836,5.998800352215767,0.10066537680104376,-0.00646848006865,-0.00592572301141,51015.25460770104,30832.31850807805,4216667.62876
1.8619786947965622,416983.04302990437,1.837807341478765,2.9559006742201746,0.28681406187824904,2.0470544286072254,0.3543443376198411,-0.0971185656241,-0.09631531342,40366.61758505647,21145.23078968283,6549698.23335
4.464571079239249,474906.09660744667,2.356346831191331,2.080586625728756,0.4460213682614267,3.2734939977526665,0.2734850950539112,-0.100443352389,-0.0999922009512,84002.77102066463,46298.38137306011,6145447.15301
7.518448483198881,252698.0834081769,2.041633900254965,2.5686932117678225,0.18140033646486697,4.709855135530233,0.41355533292517066,-0.0466398125459,-0.0442535866709,52653.43540160128,15215.447085541839,15682705.5642
7.479342428967357,498641.77387207747,2.806226429063827,1.7348358873277903,0.420468029147014,2.91723495349288,0.12648425833322108,-0.0914113916346,-0.0901867703448,189814.94521850426,124503.9999045783,11633501.438
4.503673914819956,275846.5614169836,1.5980503633618355,2.984664799645543,0.165898001473397,5.099446050822735,0.32149380459450183,-0.0574879803315,-0.0559656667646,20570.75220039566,3669.985737828838,10552232.1521
1.900944234803319,35083.53978395462,2.5970471589826047,2.0979892602190375,0.40048216800205405,4.326129574328661,0.17735293987207118,-0.00850501803892,-0.00837452969626,14524.941589557822,3847.912315095414,1537935.78314
7.82987504452467,411412.5469699502,2.1880357218906283,2.5516506051644683,0.3158067398704588,3.6280456334352493,0.4885941949207336,-0.0745824804547,-0.0735086142042,87532.22404291002,2072.426853784432,10377808.52
9.359753740951419,320777.42479741573,2.2638765438459814,2.7726646782830358,0.26375517863780257,2.384917765855789,0.269988957978785,-0.0532847391759,-0.0516548949896,78782.238476724,29123.390185173117,15274593.3495
2.9044833667576313,97670.90957611799,1.9455015985295177,1.5719215767458081,0.36502772108651693,5.567189905792475,0.4100752857513726,-0.024001802706,-0.0239001531155,19634.09321385244,7187.305240891219,1671173.88282
3.6768907476216555,194288.8716235757,2.8566535455174744,2.385709684342146,0.19624087028205395,4.856371529400349,0.10421733399853111,-0.0437905423107,-0.0377262378465,49958.71703294205,20971.58851635568,17114694.6894
6.335148759186268,570892.5560116768,1.7453409880399704,1.8888447917997837,0.4776191521901637,3.1582265608012676,0.3578784815967083,-0.114481765845,-0.11435494322,22841.44473900466,6574.317073506575,5153671.46681
5.5233485624194145,233913.56114298105,2.454940519295633,2.3379140426404774,0.32858759104274216,3.9070482961833477,0.23459730264730755,-0.0460163867483,-0.0451118508063,66801.59718004147,23145.053774738666,6676738.98641
4.210186185315251,456414.95883464813,2.1368402293883264,2.0300182406790555,0.25517157604917884,4.107649929821491,0.43134991261176764,-0.0993647557945,-0.0975365566974,98375.17125665255,38402.91941405405,13478072.0395
2.1699562706053257,435840.7001942396,2.6670830883085728,2.63149270741269,0.4787741723936051,5.318458769470453,0.06924067004583777,-0.126630438962,-0.12603582323,106464.14062624802,12672.789894465344,8104471.43042
9.811381010338664,57461.75777167082,1.555495881009847,1.6197159248404205,0.23482240187004208,2.633729964494705,0.37873725877143444,-0.00973842209762,-0.00956978501349,15102.252045738756,11140.578297656442,3966578.06445
8.494733102619648,149561.16378307343,2.9899833016097546,2.2391673079691827,0.17798501681536436,3.3767433911561966,0.16188918724656104,-0.0276200812109,-0.0211243945182,45907.42227878805,939.6651797251538,19151714.7488
1.520084099844098,371787.9021540284,1.7818987970240414,2.5038623339496553,0.4481068844441324,4.577283997088671,0.3002067088149488,-0.0941053515989,-0.0940048612209,1162.4478677521472,27760.847578390065,4541256.17222
5.104991782456636,538850.9703800082,2.4117968073114753,1.7826254577375948,0.29029893353581426,5.850594751536846,0.21231455327942966,-0.112171411145,-0.10959351513,93618.29439073386,81778.29924177255,15701922.0131
7.1576284896582365,160783.31284224987,2.002693814691156,2.8434852794744074,0.3809555605519563,2.1659269891679287,0.4677495563402772,-0.0297311067324,-0.0296221498124,13559.105005130914,43256.95926166766,4658237.46417
6.860559776425362,381696.73942029476,2.382146095857024,1.9812510120682418,0.21106981481425463,4.736491568386555,0.31596363862045107,-0.073628673818,-0.0694230515505,100333.66784594867,30906.994371216173,16734360.4727
5.406420627608895,8589.938096702099,2.020649726036936,2.2930284622125328,0.4601386115886271,3.309327434748411,0.1180892265867442,-0.00145857370543,-0.00143982485549,3014.178419210934,13860.676802910677,1217932.3244
1.2590129785239697,283332.9001441598,2.9259068900719285,1.6653559659607708,0.2789282565470785,2.0203917324543,0.48019750020466745,-0.0703129344814,-0.0676663840762,55411.063244927114,52744.69494618877,11070306.2076
8.760164489969611,509936.8706345558,1.8577157626859844,2.6795052965171635,0.347208387684077,5.962933037430048,0.17182443686760962,-0.0858814140394,-0.0854128272998,51535.65985772103,14910.913600276115,7515332.60319
9.550618678331375,597134.3306824565,2.685016826726496,2.455206780228764,0.4047073978930712,4.206247705966234,0.39085871912539005,-0.0969264241944,-0.0952828598819,228957.96613072432,75388.67998551611,13703130.6214
2.43514739908278,224338.8321250677,1.5258215661160648,2.1939756930805743,0.3089352544862777,3.77914460003376,0.2470454636029899,-0.0523385595325,-0.0522305926279,5916.701644938523,2743.1801582922526,2794226.00842
3.9128773473203182,86700.81049203873,2.5307338815182447,2.8893857575021684,0.4243484580889344,2.5527108274400234,0.3349366501905024,-0.0177050389785,-0.0175312922661,26048.330411735136,12537.154953853698,2947889.0938
5.825086330994964,313030.1037803292,2.072741644922644,1.8305723271332681,0.15936597646214068,5.495191089808941,0.08499910440295935,-0.0629044531849,-0.0591324126739,30458.534814459166,22857.84392092402,14687220.4681
6.566282203420997,51178.75635623932,2.874609115999192,2.9368066554889083,0.2975238989572972,5.743912689387798,0.42582165100611746,-0.00868029259301,-0.00787686076387,33981.240237842954,22473.062461423662,7014719.01432
3.4501862339675426,423405.2086248994,1.7156885163858533,1.689029767177999,0.3763768506236374,2.3038890920579433,0.22620042017661035,-0.0960854478093,-0.0959078290695,34836.46813505628,11546.44161906748,5271650.37531
3.240278819575906,487343.2768508792,2.33969389507547,2.59674777276814,0.18418759568594395,3.030332401394844,0.3703420392703265,-0.110148152202,-0.103822536084,82969.23235477782,15175.318842435938,20740829.8823
9.02838708460331,259275.90541541576,1.8814269918948412,2.1465561781078577,0.4445559016428887,4.954978842288256,0.06371074547059834,-0.0431900739881,-0.0430777727389,23090.37275919202,13057.425929031751,2997174.71052
8.165361439809203,172957.91152864695,2.567372514400631,1.5238203294575214,0.4959032356739044,5.211778614670038,0.280988291464746,-0.0306012989811,-0.0303931701321,58429.594683592375,49960.07845309641,3655660.82598
1.5698181055486202,545459.0231180191,2.205967688933015,2.7269301675260067,0.2203449346590787,2.7716939747333527,0.1389475972391665,-0.129906468311,-0.125592148728,71846.86096516812,39489.01407594126,16879341.5934
4.735047752037644,346759.7644776106,2.7421282189898193,1.93382475245744,0.34673970844596624,3.5606353990733624,0.4448063033632934,-0.0728636170833,-0.0713589076527,126982.70820553764,79169.86440734586,10282170.7394
7.252328723669052,118381.10815733671,1.6738455416634679,2.43456566054374,0.23966571413911877,4.485342867672443,0.19309779889881612,-0.0213856926,-0.0212408839911,8893.205035507954,24456.542793328757,5772820.50781
7.428749990649521,578933.5034787655,2.6064071813598275,2.6591119011864066,0.1522238998208195,4.926338400691748,0.47241782168857754,-0.111619085933,-0.0964753758097,108103.51535827124,1203.843978050256,43522622.4436
4.8399119740352035,202622.66714125872,2.1710285539738834,1.597584075294435,0.434136133082211,3.1196003183722496,0.1655691080261022,-0.042551254032,-0.0423951699423,34583.356149558436,20233.48493598795,2825650.51291
1.8154445895925164,106000.27050822973,2.771597860381007,2.3190523479133844,0.3076012108940631,2.3304186947643757,0.30970831313170494,-0.0244244882622,-0.0235540094305,25773.364561398117,17144.776019608293,4313358.70969
8.201020310632885,328813.6515766382,1.636663990560919,2.0551111567765474,0.4086816783994436,5.653029605746269,0.110309544717893,-0.0582828867337,-0.0581816635702,14169.45928083972,11928.77886012207,3382500.59975
8.992590901441872,401069.15552169085,2.8146982546895742,1.8103162609040737,0.3568284082226455,4.396035373210907,0.34341673729941247,-0.0681250360978,-0.0661867850084,179881.439499427,102826.285767193,12762440.1815
2.9947896813973784,24447.014182806015,1.7707685180939734,2.82129343226552,0.2719604892190546,3.5892362631857395,0.0906090099364519,-0.00459745186786,-0.00461561584117,2082.030184533119,6596.758955181478,2542712.60844
3.3451846996322274,265205.6012302637,2.2834929758682847,2.2203200133517385,0.4639509328640997,2.8625527396798134,0.3964686280116439,-0.0589225119623,-0.0587293803506,40836.61054665876,10152.165545847527,6731855.66647
6.389998282305896,488293.6617359519,1.9446102152578533,2.528929595835507,0.2099151081871241,5.1852246932685375,0.25552554735913874,-0.0940940407255,-0.0914944627939,83202.38094769901,12194.033816737747,14659114.9784
6.000375638715923,150142.82651245594,2.629570616874844,2.078784245532006,0.24696521260775625,5.936999958008528,0.36430641016922893,-0.0294408291314,-0.0277097038173,41199.982755718724,15880.290722583888,9273031.82188
4.018806875683367,528503.6003217101,1.5853662136942148,2.5763544249348342,0.3367892710492015,2.110925294458866,0.05571131356991828,-0.114903779711,-0.114590507285,35355.651866917666,4998.320269125125,5726342.50295
2.681839323602617,361444.9666813016,2.4671844500117004,1.762889959383756,0.22114779953844843,3.3376145400106907,0.41782221575267614,-0.0854305291378,-0.0815141199694,58463.84904445803,44092.77927502006,14922191.3927
9.585145724005997,138925.3981411457,2.1285763503983617,2.962830499280244,0.4924441121518611,4.647816359996796,0.22016479442827402,-0.021778396093,-0.0217258078695,2101.011085670303,52531.603254953756,3599222.30516
8.725500131957233,65790.4302701354,2.4167190226726234,2.3664732933975756,0.43443649550899865,5.404680892825127,0.4515148148871958,-0.0109329570193,-0.010761090525,36071.58880545966,12012.195296700753,3187759.92104
1.0124583998695016,443876.5425235033,1.981248845346272,1.9135687337256968,0.1916600891854614,2.5786672718822956,0.20047922637313603,-0.111702512206,-0.109166132007,34317.71150864356,15011.69555522247,15919287.2111
5.30035378690809,464455.2357494831,2.962722233030945,2.800653030630201,0.3727544118650257,3.8678584322333336,0.2883697155863047,-0.0909004181197,-0.0885013012777,174354.9984332995,84178.64659755655,12969538.6035
6.685407814569771,242246.95432931185,1.8278799075633287,1.5501646078191698,0.29850474479608236,4.177999224513769,0.14565611211583018,-0.0468274759933,-0.046477588223,41371.116190372915,16994.27224809104,4586589.64159
6.91103099565953,302576.88481360674,2.933801697101444,2.624366343487054,0.4683443915564567,2.731962062418461,0.18447343870066107,-0.0549755109044,-0.0541673940178,144579.91373829186,42600.47227591075,7332402.95238
5.070301675237715,75954.45737242699,1.8451027600094676,2.1244251360185444,0.20287005342543124,5.2845992259681225,0.495508703449741,-0.0154961365971,-0.015025808799,8670.697596832733,423.82515441545087,6834660.28987
1.3449063887819648,213588.04441988468,2.3519124132581055,2.9179457682184875,0.36088240654207765,4.011032998561859,0.13339876350946725,-0.0503525941373,-0.0500693824776,14092.033050319042,3447.729646190272,5086093.67305
8.388623346574605,586676.3910278678,2.057798847556114,1.7141220602206886,0.2652602354064584,3.943018678575754,0.328614306775853,-0.10648904377,-0.104598045193,111343.22378791754,46386.82599836044,14690911.8122
9.917353454045951,518014.4749581814,2.484383699018508,1.961514753755182,0.32260372349992394,2.1998261101543903,0.09595697345212102,-0.0854201972713,-0.0833026222271,182362.6570168877,67516.26374483715,15014448.7753
2.345271327532828,291703.3525183797,2.099633641541004,2.4123744419775903,0.3910329103004187,5.752402231097221,0.35204884950071574,-0.0722422873811,-0.0719633285213,40058.45206861603,3692.0797843642067,4405023.18678
4.244738980196416,16955.955885350704,2.7060984461568296,1.504973663482815,0.16756520522758364,4.541337933391333,0.2641593225300312,-0.00420519733965,-0.00219506245265,5535.348683284807,5367.281133726021,6526397.28531
5.77008340228349,389769.6230560541,1.5205360008403659,2.7519966275431216,0.4161432316061109,3.473384641110897,0.40181492855772377,-0.0783268876535,-0.0782386565004,18825.97163051438,41984.33542889082,3879268.26393
6.0896853702142835,126746.36598676443,2.300716917961836,1.646151753142476,0.3900517039466649,3.7250120863318443,0.07461711945943535,-0.0245025985702,-0.0242612154245,41780.66768822153,23179.65461663183,3132736.70625
3.6411374798044562,354832.1921378374,1.91569221066311,2.7042084876447916,0.28385370820760725,4.289562668651342,0.3873958703596145,-0.077108113157,-0.0762302929755,40785.62822677511,23047.149671750583,6310913.24415
2.728242360986769,553535.8853638172,2.8912472119554877,2.0093044554814696,0.4527621822897344,5.000621244311333,0.24325591758824888,-0.130129669232,-0.128960583887,187636.57428360826,119604.6816325905,11305664.9966
9.254777955822647,181327.89004594088,1.7059594220481813,2.2711949637159705,0.1759859984740615,2.951447833329439,0.43672635867260395,-0.0312930825331,-0.0304174369794,28178.347471014586,18299.634460136545,12527999.0728
7.934713517315686,248525.52004158497,2.742656252346933,2.8701499896124005,0.2285463330335915,3.1947701014578342,0.2058257683180273,-0.0438145812811,-0.0396940144895,99512.73289814997,9411.573012992363,18954041.4637
2.07732258643955,476886.0077485442,1.6538657597266138,1.855295461602509,0.487697174726054,4.759381711483002,0.46014840230345727,-0.119175470583,-0.119102055473,6053.694788862021,14406.309062608316,6850152.93066
4.539289870299399,412952.3741081357,2.541575912386179,2.483194325119257,0.25333601897582414,5.532938402146101,0.1542880365625024,-0.0860036676307,-0.0817090562439,87988.34061739179,56727.427761168794,15458114.029
7.72494316380471,40433.091670274734,2.247553907800466,2.1722193472087383,0.33306472017429767,2.483703948557377,0.2937179205007851,-0.00706192555556,-0.00682592910743,28423.40869893985,10741.488769395295,3790949.99945
7.619363957084715,198393.86846870184,2.2961062230169773,2.4902116782031953,0.28467555781826376,3.42708982154727,0.3338585710618645,-0.0357346118323,-0.0347720377233,54417.65436041478,9119.945826805239,8551478.7879
4.6449058232828975,576167.1368032694,1.9308569063432515,2.2356003276072443,0.3864500948693603,4.620840139687061,0.07907310514710844,-0.120424650418,-0.119948624928,76814.87613986143,48257.55384501251,5995475.61596
2.0423132376745343,334250.5507171154,2.8244296526536345,2.8529130653478205,0.1724258949048817,5.831650767475367,0.3919642950873822,-0.0856643846566,-0.0744426615157,76424.70883411304,1762.6047309803346,29630291.2222
7.969759075902402,112318.20601969957,1.7599914721213281,1.8021340579725802,0.4536226141732186,2.1537735164165497,0.2529989529866725,-0.0208848638142,-0.0208372374554,11132.922545204312,6429.563462434678,1607763.90959
9.219457336701453,20438.534393906593,2.7857158770784736,2.026444107759744,0.48414237000979476,3.8948336988687515,0.48571100253611804,-0.00327676302559,-0.00306103806439,52975.83438380849,16954.751204343946,2893615.6293
2.763526233844459,397937.129996717,1.6244156188331544,2.3242819835431874,0.22941214721649883,4.088522989302874,0.1733693544752896,-0.0912778752825,-0.0905028435764,23950.022314826918,9969.023872987433,7654876.99106
3.535796587355435,493364.9064972997,2.61755196377635,1.6392087894491851,0.3338918686378747,5.361831717193127,0.3104776314459741,-0.112940192532,-0.111114473128,170324.37921880416,105128.40703411632,13250037.7134
6.194990052841604,271743.85115504265,2.161664724815637,2.640924784820527,0.24973979219794273,2.6840155087411404,0.1165717974305153,-0.0521892668096,-0.0508116784701,67637.92748836783,6978.086014815818,10363439.3606
5.664739995263517,533574.0940645337,2.9753367989324033,1.5932497875764966,0.20168250082060693,2.436256166547537,0.450745925726369,-0.114125117771,-0.102528352345,155484.4116217707,112773.12830125635,32894383.0814
4.350041349418461,156680.61152100563,1.814128096215427,2.7810052754357457,0.4723063630517572,5.609693102538586,0.19421740281395616,-0.0326103291652,-0.0325594716334,74.86706913721969,3178.7587898000766,1803983.26446
2.309948998503387,134916.16733372211,2.4264490571804345,1.8863650001585484,0.26917561376467347,4.8363748379051685,0.2750761055853218,-0.0333931947748,-0.0324455566439,40139.8066065974,19079.31695893199,5594875.46199
9.952635281719267,358312.4762400985,1.9704702571034431,2.370239417999983,0.35965067814104257,3.147064819931984,0.13785543651320042,-0.0581341107662,-0.0577666306154,49945.71168761424,20044.342990550645,6910710.35618
8.353616311214864,449313.835054636,2.4813039642758667,2.992986800149083,0.39495358751155435,2.9058901965618134,0.368811172246933,-0.0771112010483,-0.0761416785427,133675.61208285522,11564.699213370897,10830531.7939
1.379954461939633,72109.04527455568,2.1163292974233627,1.7561712507158518,0.32137737739831207,5.079388175159693,0.05823833709582687,-0.0336009711219,-0.03344822996,16822.170722519586,4070.1874464853277,1845300.50744
4.9647245137020946,238018.5490474105,2.6407138570211828,2.5361760472878814,0.41496097785420716,4.368571825325489,0.42737995283678176,-0.0479758927874,-0.0474181849544,78116.97504467495,22564.805767001046,5684480.45026
7.016648658551276,461689.54856693745,1.576001021079719,2.095525204204023,0.17153255902230738,3.679200779646635,0.23170027006417515,-0.0892473809053,-0.0874762792795,51715.97293906921,4022.447189603277,15245396.0179
6.72042132075876,81430.8051019907,2.717239669058472,2.7350704930722713,0.3413721797056496,5.230722241103649,0.1022191331256181,-0.0137663530529,-0.0131886812918,45280.05669745325,8945.408309273174,5436658.02996
5.265312117524445,308929.686807096,1.511170031502843,1.5453373678028584,0.24507663506083188,2.7838478051126003,0.3528176188003272,-0.0656466064893,-0.0652848719486,33405.11174326809,7116.424039554934,4860016.87504
1.1180420322343707,582482.4633076787,2.4985052975825965,2.4189065666869283,0.4905996269546449,3.5102890878915787,0.27195966369472446,-0.142366280705,-0.141955936542,50822.2522023753,48561.08735836976,17642060.5175
8.61988887283951,210861.12186312675,2.087387432344258,1.9315452324226499,0.2257773847784847,4.441786605864763,0.41510866009630265,-0.0375198039343,-0.0360847740578,47805.88575747752,4842.529483576061,10124670.3493
9.690482727251947,296812.89698928595,2.3616402405314147,1.710542513988912,0.1898103051353246,5.700539384037256,0.18194632045924664,-0.0496342006982,-0.0451691074189,61813.650045578135,29638.995229778946,17279953.583
2.5765304835513234,524586.4514261484,2.0470196725800633,2.9449627166613936,0.4390606984496116,2.253603905439377,0.4910042489878833,-0.119198907033,-0.118911800291,19523.017312886634,14618.937308119435,10911312.7895
4.054122800938785,385794.86533999443,2.9464185372926295,2.1442580614238977,0.30308235459960997,3.04254711791873,0.12186338091269136,-0.0823064566503,-0.0791197262356,144774.74194251938,90509.20490939572,13984238.8949
5.965087340213358,13862.23454028368,1.8313516024500132,2.5810958314687014,0.3708604520186782,4.974105663597584,0.3190562603995204,-0.00226812287038,-0.00228465276383,6155.3653202093965,28456.10572778991,2371842.15087
6.425316722132266,350857.899338007,2.552721315063536,2.1905860961414874,0.4298763723112643,4.226244278252125,0.21736158006824552,-0.0662361559273,-0.0656225163521,95993.41534130147,50010.65241422979,6269623.99813
3.3098987145349383,123653.39566022158,2.238192297052592,2.441390185151249,0.15379467005841432,3.7903064601123333,0.4697068778332323,-0.0279305277517,-0.0251952127703,16136.889829087142,2331.027856194309,9771482.00534
3.100128394551575,186437.89943307638,2.7567736264318228,1.8502468666993082,0.41021378291770816,2.5013727843761444,0.15681472565047444,-0.0416326687121,-0.0411677391459,57639.80913340003,43192.15731341456,4539688.04542
8.887284106574953,560108.6128503084,1.6416151472367346,2.89863615995273,0.30330002806149425,5.452687535434961,0.2982219458092004,-0.0956373716424,-0.0952610182531,29541.22662063844,51674.15525177154,10341177.6985
8.306601629592478,472691.4005354047,2.900979397818446,2.2791961315087974,0.27348729488439855,4.694049198180437,0.06681720744818449,-0.0803605635422,-0.074866850448,196718.40995017346,81069.78144486266,20144981.7922
1.7098308159038424,245798.20409417152,1.6951844268478453,1.9778657066635787,0.3525218430906534,3.258172407746315,0.374102567974478,-0.0597102664176,-0.0595999137908,7492.859713089969,7729.611591150213,2838754.68391
4.874923435039818,45908.75990688801,2.3133293548598886,2.688748546410352,0.20565004856325686,2.031736847013235,0.2369933287613094,-0.00873249586101,-0.00801958864791,19404.22013221646,18293.3252038319,7493171.48708
7.393706611357629,419304.78271096945,1.9019368286244571,1.6850491021759808,0.46551632080227134,5.982990555465221,0.4359571602195501,-0.0798400283606,-0.0797032530117,40725.795344591854,11969.844977939405,4428328.55023
7.287634322419763,279857.47307538986,2.8469271319918334,1.9056129441596568,0.37825078200548884,5.416971784085035,0.2657043382059783,-0.0506278407579,-0.0494337469376,124437.23479655616,80658.9668887254,8452828.33582
4.699783191084862,501771.3675275445,1.7561217667534947,2.345504140947014,0.29288086839951577,2.5977179184556007,0.40732897822745145,-0.106674421174,-0.106025402905,66263.43953212292,1877.3776432291022,7624278.54974
1.6751783099025488,406339.1564413905,2.251269890461117,1.5652729547582567,0.4399543948471546,3.8244091905653477,0.09443945460952818,-0.116807261244,-0.116513064549,66213.79005087611,45883.22039355023,5336736.70793
8.0600417368114,28547.435626387596,1.959262752905488,2.8027508757077157,0.18610013280995188,4.1277899742126465,0.34656228995881977,-0.00422135471456,-0.00406479229182,7458.158024696786,31350.729090755947,10291606.6225
9.133981311693788,101902.1401181817,2.585896006319672,2.5553924250416458,0.21573804556392132,5.886607751250267,0.12747328979894518,-0.0161281224922,-0.0139716321762,50713.702939200804,16668.57291614037,12788540.0831
3.1346435546875,323541.359603405,2.1973915714770555,2.070809859316796,0.4978104739449918,2.067414928227663,0.32753634415566923,-0.0732233146062,-0.0730694949598,42105.53512140292,10846.366862387813,3926185.43962
3.485176270827651,565453.5111039877,2.7921032938174903,2.9649440799839795,0.241534263221547,3.3566043004393578,0.1904264075681567,-0.122970284585,-0.115443986613,169154.92281741256,63536.888777117856,22306792.8298
6.531251665204763,187973.08187931776,1.610295225866139,1.777994014788419,0.3420913790352642,4.659924056380987,0.4966141545213759,-0.0374217189783,-0.037317361174,18500.150387073318,3837.135635292055,2510835.43078
5.8600783459842205,450975.2344340086,2.4020747523754835,2.8252337761223316,0.4586359741166234,4.407303836196661,0.14881529039703312,-0.0853379663304,-0.084826047406,94124.93590437695,27418.660647208893,6401676.93969
3.8778485860675573,227597.3780080676,2.0134787731803954,1.8243145309388638,0.21535757319070398,3.609370432794094,0.2921863200608641,-0.0501080023418,-0.0489934281699,25865.293108362708,15020.832766373474,7505087.81322
2.540743872523308,61692.30882078409,2.9773722449317575,2.5090705202892423,0.351449529454112,2.820186782628298,0.21132595096714796,-0.0131581811004,-0.012579473732,22166.040036435243,12350.027277924362,3306516.84843
9.444985995069146,438604.24160957336,1.7956557269208133,2.2105217250064015,0.27738142502494156,5.133993253111839,0.4617074459325522,-0.074838644014,-0.074119656149,55901.348124262935,10109.388847842863,9596249.20726
8.865522917360067,366714.976541698,2.6559361154213548,1.611600941978395,0.3131710139568895,4.8750457763671875,0.24437475288286808,-0.0627950652083,-0.0607534551457,141751.5743735847,98550.38157718214,13059858.1412
1.1536912973970175,143025.81064403057,1.5648560891859233,2.663045092485845,0.40315526751801367,3.077051345258951,0.4426656750962138,-0.0347847516764,-0.0347635452599,4239.580866701014,2063.0127352470336,1663430.1957
5.441723644733429,164794.68941688538,2.440813159570098,2.0453171599656343,0.15785795669071376,2.3503696098923683,0.07352571897208691,-0.0345620561305,-0.0304089752349,39582.0406787428,1997.9330462668247,14355086.7473
6.825292969122529,541981.3150539994,2.149080688599497,2.299177536740899,0.4286309176124632,5.66423712298274,0.38148399544879796,-0.102668772281,-0.102224501459,88691.58579051611,22022.234349854374,7514810.69268
7.0522721745073795,3482.825495302677,2.516608594916761,1.8694940032437444,0.25874510407447815,3.238219700753689,0.3988788002636284,-0.000429111303789,0.000217964276939,29310.958188583125,564.5117287828211,4766963.96204
5.210315642878413,375122.3310828209,2.0849829143844545,2.8739015059545636,0.32769769211299715,4.809590604156256,0.2601194551680237,-0.0743698871396,-0.0737324455127,41204.746756711356,2755.976318974643,11027269.9749
1.4847831949591637,513909.4825834036,2.673867803066969,2.16260988637805,0.23397661354392765,5.520647391676903,0.3409790698904544,-0.139546322443,-0.132921498991,141783.839625827,74980.9033862958,23860900.7013
8.530002089217305,286428.76725643873,1.535180986393243,2.463134977966547,0.48239440047182136,2.4646534211933613,0.08598761367611588,-0.0511164420225,-0.0510765379309,30836.395945494514,47748.25790903691,2902738.86636
9.776386816054583,218864.91626501083,2.913298074156046,2.7079642955213785,0.44726647841744127,3.706022683531046,0.30464799599722026,-0.0338807220679,-0.0331060038965,126603.97293695954,12194.548235937189,7755920.82804
2.2049829196184874,590779.0968194604,1.8714733351953328,1.6603345591574907,0.1816105437465012,4.277454614639282,0.10831144023686648,-0.161052715013,-0.156694620718,111480.7249876462,36260.022705921416,22311300.8777
4.104587532579899,317221.8857333064,2.3724218225106597,2.2511542132124305,0.3845344708766788,5.051013331860304,0.47745064198970794,-0.0683132815396,-0.0676984596037,50811.90882204699,39637.50071651652,5698439.87948
5.628979133442044,89429.87881600857,2.0314340642653406,1.999687842093408,0.2894143334589898,2.994958318769932,0.16753972237929704,-0.0176576475503,-0.0173592168392,22854.05996854334,2082.7126425853376,3584566.55557
6.229548128321767,427597.3839685321,2.7280044299550354,2.3912279061041772,0.16199606843292713,2.2421921864151955,0.28373472052626314,-0.0880576804273,-0.0763210058851,94037.14980918645,5266.74151746126,32344912.7807
3.782519541680813,53908.5041731596,1.6860881298780441,1.9537249035201967,0.42167031136341393,5.80363355204463,0.14323188257403674,-0.012263243513,-0.0122466949119,1625.9834792690556,8449.981385510899,1580087.20035
2.8694869261235,253802.3829460144,2.5562219484709203,2.7539285332895815,0.31697033289819954,4.53006911277771,0.4561223751399666,-0.0564529269453,-0.0552634382935,44461.71171276533,20830.466209952436,7894030.42247
9.394777808338404,480988.72248083353,2.215325745753944,1.5202593938447535,0.3965387946460396,3.453250829130411,0.2028760144021362,-0.0821577656526,-0.0816213885645,109892.16900965723,66987.62527256513,7946888.52508
7.794575916603208,549430.8840483427,2.3270863979123533,2.11665102140978,0.3661966964136809,2.7120112664997578,0.41977880215272306,-0.101226494787,-0.100114718404,133809.41060095243,45922.844929377046,10816645.6126
1.9362151995301247,176053.31372469664,1.8951860619708896,2.603215516079217,0.2598171041347086,5.273391589522362,0.22521148175001143,-0.0448976578834,-0.0445510752016,15901.385782581825,15696.410841111894,5580732.84857
4.398320181295276,113273.24453741312,2.8648834791965783,1.72941494314,0.47372260144911704,4.062325265258551,0.36232238728553057,-0.0239031139838,-0.023651542339,53075.702743673435,38563.60975547711,3034363.03798
7.584668535739183,340184.89122390747,1.7264713123440742,2.9198590773157775,0.19744845135137437,3.9855680093169212,0.050637183059006934,-0.0607239807809,-0.0596527035464,39652.2962634386,26794.493427405465,14315787.7117
