input_depth,input_top_load,input_width,input_height,input_thickness,input_h_fill,input_e_ratio,u_y_crown,u_y_invert,M_roof,M_wall,sigma_vm
9.714082132030564,247789.31108502694,2.948251287136636,2.533227955827819,0.30120996837017505,2.644878447097735,0.3981398074693985,-0.0403694420059,-0.0373873429123,148026.0114244209,21440.484959030564,15375801.2132
5.642343552675926,14219.732891524895,2.811904790404716,2.6680901598327145,0.4852859166924506,5.06562132489879,0.3780209267140457,-0.00224226904372,-0.00213295433947,23229.46862959223,12946.558144356904,2079085.2521
9.514991993831858,335604.8826483291,1.801523423469725,2.006063057718874,0.32269858285083486,2.634034112306031,0.22600670960393632,-0.0573789888135,-0.0570272583272,50279.46105685754,9507.429791968074,6193332.12306
1.768899374815616,209803.37684172945,2.8627268584197667,2.7329910933548165,0.32658845366344713,5.263710446595626,0.3540159836647184,-0.0507887848466,-0.049397841188,73042.0465006883,16669.94028469906,8150915.03771
3.3375939363012934,533100.312997827,2.9257770209426885,2.242592816021239,0.44510864566096964,3.0092361702199137,0.4054653334698192,-0.117416685534,-0.116189302068,182270.48177073992,112036.80010270809,10357450.0218
4.310549587727895,504740.79648573615,2.50403800316788,2.297958909852274,0.44365632280138545,5.040701001825549,0.4973825632061172,-0.107488307595,-0.106753361502,86664.17914781334,76885.1191825279,7069162.19651
5.642428791256278,565494.5880181439,2.3166422510661757,2.043452966443116,0.30300243173408953,5.642260413092435,0.3601612117229014,-0.114851841998,-0.113814841581,48997.47470933131,6228.394249072656,58805471.5783
1.9327354899928446,190852.2852205752,2.7531596232158777,1.6962383553922251,0.4319272335486971,3.3731591879366527,0.3884988878361494,-0.045653915035,-0.0452955290131,26804.868209367396,35189.83222297185,3890618.16234
9.55344655259779,223658.61692302086,1.7368782180168663,2.8480880675214957,0.451867594597106,3.215760014102801,0.07540465799159587,-0.0365387398548,-0.0365108141707,28382.94907250871,67089.82614931428,4335443.45146
1.6102560638530057,167573.5860578125,2.4191013506943726,2.4845023543007203,0.4615061558958773,4.436215419678309,0.49153087152725305,-0.0402073626961,-0.0400549913165,28443.46315787513,1148.2187621552214,3130950.66957
2.1220855838902093,450133.9196297878,1.884283608283411,2.9341008735929694,0.48847288679877887,4.910936816003693,0.12931999629170166,-0.106312720116,-0.106213754984,6614.53697324781,2632.5955037160984,7479662.30432
1.5402763835405464,581684.0713222935,2.981134282869151,1.9891906323971495,0.4338982036171265,2.4160859276087985,0.0553659671431391,-0.139334784967,-0.137777121287,123589.36942655155,131443.58255560856,11744742.5576
7.056478409156318,262421.5509194032,2.2301206389193524,2.834330455191041,0.47678747553251755,4.242911875533601,0.2538606973262425,-0.047460317246,-0.0472692599648,38784.4299350389,20236.51878145544,3920393.50633
2.524071759661373,478680.92503303726,2.4686381991708455,2.857575364626393,0.21396256737042774,3.731366115089724,0.38201441081636967,-0.110144348842,-0.104086123268,76385.9028899908,34150.78921282678,19706688.7898
6.863715587123668,14219.571321190982,1.9583014421069715,2.1540096443998604,0.3970005551981226,3.511777776546583,0.4975957960978736,-0.00247447691911,-0.00243728714144,7345.644488245252,16535.14497497542,1812346.55406
5.3232525399537485,505833.62524267065,1.6913220050444815,1.9093249868622384,0.4747905236343972,3.914553587415859,0.3758088869166449,-0.10569105423,-0.105589429493,14676.768206962099,7253.502922619972,5464021.00844
7.325566123550092,1733.4020881009772,1.6157494479114791,2.8052478477573346,0.38926122848079214,3.770666427687118,0.12420631353747952,4.36756768753e-05,-1.5265454592e-05,28203.72939487288,45937.69605958075,3256501.48022
6.12899444591338,224793.73540171384,2.1317266576683593,2.4015937862814836,0.3866129068641584,3.0071474712107737,0.28809137003953306,-0.0437259881094,-0.0434446448036,47108.02832185809,4832.7080358747935,4265589.81956
3.9883058320177023,170636.98752282053,2.935402533006483,1.8365138951742646,0.1571573442943702,2.6468388362249917,0.4559592490780953,-0.0396319258182,-0.0332456237162,38862.00956681745,13655.68966395303,15808231.7012
8.20376278868222,155917.90786053726,2.7938011807805476,2.489563819685257,0.3788248201290677,4.138558524578735,0.13652141662695386,-0.0259133333597,-0.0250814996905,78334.10111816422,13199.46088112393,6711144.07559
9.498101688180538,500003.39327378955,1.8469582177448414,2.7215576075014876,0.3182219192700968,2.003632184237453,0.34487692235762474,-0.0842577631586,-0.0837437833974,58407.31363358142,49214.178438281095,10788547.9877
7.3129774997693655,200241.00125138473,2.267846407500728,1.8388180685057094,0.39195114438784073,5.913991970606192,0.11243180625647042,-0.0358180812588,-0.0355108261851,44682.47238386758,24978.44238791168,3932538.13623
8.114035234690967,87034.93153083757,1.6297340786432595,2.809228822487462,0.1820194595078976,2.6782106460655535,0.15074813836013534,-0.0147420650866,-0.0147711842992,4564.434340957892,33699.63462296069,10808565.4853
8.301144974490603,304492.6534065445,1.6927797365844945,1.9522252082248932,0.32754046075095256,4.0858008335529625,0.3660414502859207,-0.0553358003272,-0.0551074717324,35003.73262941896,7311.315157740491,4770907.17395
4.3257895268168065,62501.82183199744,1.6485091082611065,2.815949915127641,0.15059521388139344,2.3857663134597917,0.17987098029697746,-0.012299675514,-0.0120340672873,6975.971132445641,13604.265469906359,8352787.56325
9.500827619801397,445349.94233952934,1.7123847368695682,2.509837335651307,0.2805035866503786,2.9320980795839273,0.270733798142741,-0.0752787828126,-0.0748043141136,45187.23863681594,39945.1295823687,10274607.6194
5.920843805778822,545512.234351193,2.0763523915479882,2.4067076580652733,0.26756054216782765,2.5231549540662117,0.07273120713036285,-0.108417905169,-0.106520923787,104005.66996197357,21346.254011221758,13291604.7318
1.9908653400587217,555474.7491312256,1.5407008051865891,2.753564133496681,0.17688026541613028,2.481429063474933,0.2302873925652995,-0.130584815145,-0.127917563633,45715.73211696109,22230.647888846477,16706035.3214
5.726832493585334,53391.403279940096,2.516804288806031,2.434314488064243,0.3574897894193667,5.463572994629466,0.4323566958014626,-0.00998618477588,-0.00971549459369,29231.868053444956,7378.605551639516,3404287.86893
8.521598930978442,359722.49991361913,2.0432724201593326,2.649561061463115,0.42198652144565585,3.933255200759093,0.3886663974544459,-0.0624832693021,-0.062228093588,40697.99321044154,30309.60624800151,5569225.25942
1.1265335543117336,3742.5683404048727,2.277095037907012,2.1239049009086095,0.267093883638614,3.027187170186518,0.4770803767678547,-0.000431001203817,-0.000353187334275,1515.348913727649,365.9878316566671,1129540.63632
1.2969679801088847,111067.49612600009,2.3544498104688385,1.8755903430432332,0.3737934400733922,4.665356229273616,0.2922289402604933,-0.0299011914557,-0.029700168562,27871.45468235156,9957.980064843412,2370001.33257
2.6618979717795574,478711.14904540376,1.572451097732369,2.39836050689363,0.4905577426181077,2.9294290101333553,0.21014133710970873,-0.109936096586,-0.109826144601,23366.07857058645,31239.134778449978,4108130.14147
9.465890660238005,597261.0329035847,2.589650267340473,2.5971144714335597,0.4768351137167084,2.7612640137568087,0.10207984968506836,-0.0966768784186,-0.0958697695499,164150.86364195167,33994.38235501691,9456384.60779
5.808765470467376,252494.58227399894,2.7912087239667396,1.9369407407982204,0.19248895565898058,2.1632376331025434,0.19638879970840278,-0.0527103429075,-0.046671850509,80238.03747116296,24349.553029977284,17665486.189
4.783252830152184,373062.33981614886,1.6125412264038956,2.797763282616075,0.4076687064611064,4.508207275053684,0.3193802842896954,-0.0772311765873,-0.0771288926237,19541.199233747426,22148.241997644556,8446190.67496
9.013951040221148,230017.21505594708,1.9752435999896814,1.583972600782823,0.47863602130627725,5.256831216653772,0.21504184338953908,-0.0396199353013,-0.0395240597947,30014.990464328133,12157.816903780784,2471413.49226
5.944507339116623,76120.49114322396,1.8184916662484691,1.8881418424511665,0.40912543816663516,2.744797315551982,0.4728367779774912,-0.0153778455314,-0.015324430617,10770.38529447506,5579.312722730824,1579254.38579
4.4203345199499955,304157.2618226262,1.85685436939261,1.7174820131742579,0.1918966245708263,2.0823639941781695,0.10823259141088806,-0.066348853742,-0.06462018897,43284.566136860136,17629.947536646712,9967106.29053
2.9041338885796937,260007.74533694916,2.2093597647767105,2.8470489169298787,0.4996336787782959,5.596486578698685,0.2863127547232545,-0.0587201568708,-0.0585999329739,12613.62637378503,8723.792535796796,3977776.6435
7.5160499662251805,165650.05836356131,2.9883073476348097,1.7480124957561525,0.24960846384104796,5.446380226091064,0.35088238969795865,-0.0309644814712,-0.0276294419353,73251.91322492625,53092.86705420099,12228602.0168
6.655253075942493,368859.3377623314,2.5177093434120383,2.7378650429036697,0.3209190134455646,4.362785056094587,0.14569504615706524,-0.0672319213391,-0.0655466408747,123926.82531876864,30570.048880977716,10263063.095
3.1177958752744233,437714.0893663158,2.3992611658162306,2.8885496287291517,0.48177268212082736,2.500431374469695,0.07166910733250456,-0.0952793746406,-0.0949239084667,55153.22543951199,16610.496874070366,12269777.7579
2.458122408748064,310371.5888922948,2.067069703587045,2.2491593529701586,0.3582470579674111,5.912583654414024,0.3060542729041642,-0.0790225550886,-0.0786477277626,47753.090499803366,2677.6525273354223,5065514.67528
8.258254932258927,582696.948563775,2.691261976380994,1.8841499984848866,0.24410952640334715,4.911991601244409,0.10040944596446127,-0.102198539834,-0.0958302325036,190180.74919806866,115883.13612597044,23607123.7852
8.458705938252315,263391.0420749372,1.8637467232871827,2.4206234387135144,0.4853976747162493,3.5656034508159924,0.12540849783812336,-0.0458142471359,-0.0457342139097,5066.088446159828,30705.862389356073,2861713.42786
8.997443573373896,599543.4987747502,1.7032978339419382,2.870821272877989,0.24905189724157642,3.8854424827582412,0.09485552966772007,-0.101946162136,-0.101096822713,57104.811591297905,39642.195014612735,15907651.208
2.4744782346466376,346249.7056549521,1.789923474888512,1.9135765290615812,0.3336846599202789,4.652609422751038,0.09247510402717696,-0.0903290704519,-0.0900265547689,36756.108831250946,1569.4907188963762,5451733.64475
4.683222319775627,206070.86962029192,2.0017670241940593,1.7301302316444684,0.16802959038835874,3.6255974883349755,0.29111593074361336,-0.0443718926339,-0.0422045241471,26763.14767803652,8426.96140539176,10012928.4362
4.321197025649272,407925.43602823577,1.5355825460687154,1.550131513263925,0.287818907065297,2.3505912664113953,0.4730383804487472,-0.090687171735,-0.0904010145303,38635.47643575668,9348.598404472172,4574502.9455
3.9607412549182244,126946.71652279934,2.7198097471899505,2.0984120359466365,0.330763953149257,3.625720459470939,0.30377062859018034,-0.0269285472763,-0.0261881977451,53677.31781814596,20060.014165736273,5091194.92036
9.233017731643907,150173.6097738678,2.6081097234715203,1.8093893249771345,0.4365020103006627,4.148545298996967,0.10544919162761228,-0.0244245537077,-0.0240379612117,77126.36970808831,40961.66177062968,4562433.92906
4.369334105582978,128166.14863193547,1.66195085342301,2.4842696034661635,0.24292878992097702,4.675081320874791,0.27060696694268294,-0.0265947268406,-0.0263338533986,6371.991914836429,963.2370319624197,4212543.29358
1.7252159760865515,390107.90475136257,1.7323724847339692,2.758350447504178,0.49053605668009315,2.8240709439899443,0.2550471427953709,-0.0919848341253,-0.0918719997345,11527.384275744624,25046.326898194468,3804238.87804
1.5448655390867976,251257.08106207522,2.155236636722391,2.5687627056340947,0.26084999761243816,2.7395953013906325,0.20984614038718263,-0.0592781472586,-0.0582075305692,29183.0845125089,16619.293216887414,6443920.9403
8.897714248116824,78635.22079312248,2.880235519740036,2.808119496302125,0.23818841470246635,3.469372932278734,0.21089428123175152,-0.0128647921753,-0.0106096666589,61037.52767435075,27877.194284317386,13294391.4527
2.541160698031658,405842.6384698014,2.755396487424963,1.931881584524107,0.15263256215678747,3.5359648920157043,0.26720427387130985,-0.102202657467,-0.0874476379766,61869.21939234554,31794.747706207203,36377077.1189
8.368928472892865,151594.9973460432,2.1216937214590255,2.4920864762972186,0.21022781806896762,4.700623113986685,0.1824347675542775,-0.0258042170611,-0.0245500203545,41066.37449693724,14917.756455983423,10940477.8294
5.959992102408539,268201.9086019945,2.543973887145555,2.2776134109742943,0.3069923509327247,3.7126075939084067,0.13798020925579912,-0.0516103390595,-0.0501438977248,94961.98904191767,35451.53127042283,9098656.22341
9.050385923659768,175056.4829847692,2.4258142954133675,1.8867789414251506,0.4960172111526362,3.6769158138948677,0.45479935798549154,-0.0300698838559,-0.0298692389045,63589.823229318536,24905.386593803913,3408595.74453
2.790937952398721,585777.32069939,1.5669777780691565,2.224291338448233,0.38106798493224986,3.1101030022855354,0.4520477317058374,-0.135595870882,-0.135360956735,33344.63826543986,31719.15228477732,5441115.77303
9.905896297440455,371029.6586900244,2.0209713115994266,1.669266510583339,0.16998771557207257,4.290976430424839,0.4823951893056325,-0.0642560337778,-0.0601277183504,56641.49373494225,15836.845713372271,19164870.7245
3.292369933578774,397265.6136722067,2.819211370623787,2.2688455102745246,0.4297733547163799,2.876008860280504,0.4266818868392574,-0.0877530190714,-0.0868705509314,126750.47958233366,58898.55698148725,12001596.6362
9.106446763979326,300082.29703943984,2.560860300750293,2.71777109325969,0.2574365020011223,5.139400760616997,0.19023831419942722,-0.0485159608121,-0.0456854689495,109171.19572804323,0.24782050582826912,17035318.6886
8.726800263951095,433672.797398763,2.7583217089230403,2.025629653742704,0.3604118096124683,3.493837461412513,0.207014970263375,-0.0739978750334,-0.072090234557,163596.95155139104,95769.57266353146,13273960.449
5.290149238619432,126955.3422076306,1.5020250893290745,2.8796008620626727,0.31859685860960446,2.9533903185586827,0.1370513712349214,-0.0250968362236,-0.0251106551674,14627.58294437175,30649.60202782558,3921353.54954
5.178459520041392,519504.1607190959,2.581983157116122,2.237481300604405,0.48924019093047855,5.893601247969345,0.49198851146518857,-0.106341770404,-0.105738900932,92391.28200402397,87127.8699975853,7195155.43252
4.821408162764208,420939.22089860524,2.982987669211233,2.520469339832912,0.36566996964660736,5.4861454478882665,0.4280799834187247,-0.0858619153957,-0.0832802871086,117924.20164708584,90049.90012732478,12068871.9933
3.840679392264431,316424.33805744397,1.665055692766622,1.9352706164584168,0.22813896200195996,5.57074401279152,0.31760582045343555,-0.0713351119627,-0.0706996455935,21371.73558028118,8051.285578955543,7573732.87544
4.589492615854002,188877.1417233556,1.9394700968320242,2.9231436552175145,0.21507629930090238,4.722177915164647,0.07487217056441077,-0.0375808278154,-0.0363109664514,27376.34144662466,8230.905824088493,6522539.87172
8.783431567122335,173289.9422744593,2.2797978839002635,1.9033084561009417,0.30294507013141725,5.466743450493493,0.41914655740109247,-0.0300366787764,-0.0292595577743,63786.71544840688,16703.036238965982,6605848.80118
4.172901459690353,83232.60713406833,2.8767159409199756,1.8227238902132927,0.3072339071381681,4.246260235577015,0.44953623938393783,-0.0177495688165,-0.0167810998531,28561.348225009428,21948.611454030946,5221894.65517
1.0171441301810955,459520.83857321355,2.671166640412201,2.0222701267286234,0.26649537047918653,2.70416160006192,0.1640243306758175,-0.114430576153,-0.111048571436,72140.01731670905,45946.47463070221,18054252.6185
5.20337810804509,270740.8184926728,1.531460109316909,2.9492511881240495,0.2854336018196133,5.236015292306492,0.16358975087443256,-0.0536836071174,-0.0534418994035,14671.06543863791,6873.185759211826,4388392.91981
2.954422309396392,305228.34209379886,2.3151392726221705,1.9381931796483733,0.4967621823801165,3.4736990309640743,0.27887400587165206,-0.0693250902888,-0.0691244803185,40386.53390929706,43396.25962927806,3559418.32998
9.184408791737503,569401.7950093022,2.4866620747551673,2.9586258444044122,0.40811896928691427,3.091354083352616,0.339033454066684,-0.0935967724521,-0.0924911360459,150304.70477202247,6679.596597416635,12194973.854
8.2934677715394,286755.2205802754,1.6514733564666846,1.8114528417065356,0.37217651147313024,4.953821733415829,0.3271985103984922,-0.0521551561479,-0.0520272525676,21972.14789049482,5600.050578937674,3179881.35308
3.4925694267284033,449774.91581632674,2.238294205687219,2.3790913923900794,0.34552289920605006,3.2576709266551163,0.11147683875017143,-0.0981305014705,-0.0973563361201,63622.291648955084,33096.5952655317,13819642.4786
1.4865266356389952,236850.4662589879,2.225013002189727,2.3506530250458106,0.31749568110644133,4.111432976879646,0.2542533383271421,-0.0582887161772,-0.0577562008935,41724.99220293524,925.4929728522305,5801694.15932
7.777252513491483,44807.15688238286,2.9145151326447847,2.4898322526646437,0.26812248898893104,4.916838370152837,0.10336066426474771,-0.0072970645349,-0.00590806246038,49379.481926423214,9218.01736275514,8448298.84445
5.7594278327624915,353247.8549098126,2.05785672302239,1.5906277558236237,0.30736065568589643,2.9980054280914183,0.17996798157836225,-0.0719137935467,-0.0712132921537,74033.71130920315,34530.82591582514,6926782.4822
3.8328906529205344,374565.7130110354,2.476751917867985,2.695554898502117,0.49343452135162813,2.576593595208256,0.2775089160576779,-0.0797681812169,-0.0794178962534,70705.95018074919,16477.924787917025,4991618.60671
5.835206939728282,333317.1500120946,1.77557254850162,2.1416449777826596,0.30657224257941684,2.2817613659809886,0.40207548913093355,-0.0678433447583,-0.0674626951013,38729.087639272875,4690.689447914815,5653423.86078
4.021188519675977,90522.69954444846,2.128865143578185,1.8793990867453163,0.4773914778469752,3.1587844802058243,0.387605609409635,-0.0196797788391,-0.0196203057773,16166.38011004978,2942.8866974284697,1352396.70727
5.405295481547422,586816.5215792462,1.9376887349323846,2.165499866537406,0.47384709370225775,5.766642678537206,0.4132573813595345,-0.120746423705,-0.120500630066,45179.58161573469,52455.79150401166,5410616.78931
2.4747010116760926,91503.16913471211,2.563682259342257,2.032910067728137,0.19791588171998448,2.7002683862278745,0.3486189542008022,-0.0213072978479,-0.0193565791638,18220.620012045172,8705.163874575923,7545183.70726
5.773745752666866,176406.9215809902,1.5312508299676908,2.099971686766396,0.15412548133600584,4.488031183228092,0.17525147509446287,-0.0351157531456,-0.0342712757894,18711.45907518511,4357.255691111768,8188874.01943
8.534193952882775,57226.78658436617,2.3777759518227906,2.6294164405736855,0.1639662901402551,3.153000069459456,0.47940774508491635,-0.0100246089584,-0.00790473910585,28516.632195779384,24567.109447228228,15676237.5828
1.63825351904749,363037.4393621437,2.620406958023355,2.6437673008989986,0.3319014735039087,3.55042325314584,0.3837170236569232,-0.0854281905389,-0.0840479616495,42883.17569081022,30418.117752399314,9585335.02386
8.546512864619215,120347.83681171431,2.828299925005744,2.3313279886364078,0.16957108172424604,2.4788768526083085,0.39998942401257337,-0.0226632867584,-0.0172145991744,37618.151275331715,9343.188965081916,19663447.1514
4.273376722051535,525308.6594575392,2.480161712522807,2.0062030616488364,0.4709669292112898,5.916409040231781,0.05032527167917379,-0.113842390512,-0.113386450686,65444.02358378763,56527.88553424078,8105920.4136
9.767627374280666,487273.01031770254,1.9881871662040262,2.622034527331575,0.3087787386280392,5.556123767030146,0.45617738788308904,-0.0798123072815,-0.0789509457195,87584.04217687644,23116.760224809525,11685595.9881
3.7497041712303303,561943.6048303387,2.441870945429758,2.9088131899434457,0.17613241005946764,5.005951034910099,0.4837477299411381,-0.125485475006,-0.115011709881,44979.32371629672,24969.14425763808,31292347.4091
2.4128135256220413,93477.02803954176,1.7335394259328663,1.5899127693026487,0.41939587341323914,4.658796415458744,0.19508730163264243,-0.0244042396235,-0.0243694310329,9277.29378913978,832.5843196826773,1072440.98223
6.515600414196671,375941.8848947747,2.886177741030663,2.214362041274516,0.47027344999611465,3.443452908181904,0.22562874156057167,-0.0705569604111,-0.0697467953279,153938.25374279046,83429.42860333054,7640695.16432
3.96254596309547,545864.2746184375,2.435711269899687,1.7153955045081568,0.47650583493419696,4.131729601964,0.1026168480720631,-0.118456110229,-0.11800253029,84874.35693583249,90838.2514656261,6839973.47151
6.54954820741553,381215.3517732528,1.7341947341877597,2.556415135348801,0.38331486277833016,3.210764800022616,0.4803562203136594,-0.074282555762,-0.0741051745591,21682.094588054206,26912.541504647626,4837859.19197
3.236753942367129,466674.6203167066,2.2716234343732418,2.199223271669659,0.378287099738538,3.517977434991,0.3946137811122982,-0.104489426388,-0.103699527185,70827.98921749555,58785.776004388834,6777417.29598
2.838544392707169,311898.9895925975,2.424652895358355,1.6244706467757628,0.3806431296396764,2.070474824834601,0.16496905631641898,-0.0719502768033,-0.0714597518727,67821.17852789637,46869.12899117196,7302074.46565
8.674742493214955,415206.1922401111,2.9976454718276453,1.6310154825179635,0.328400195473816,5.365285260848608,0.12299452435924356,-0.0696633444451,-0.0667069120757,163483.132195496,152741.89222024416,16338597.1848
3.3843962168328625,62287.04748672693,2.7182738962673083,2.5122277270247015,0.29895036688709414,5.4024156364980955,0.37342049480736667,-0.0132567614663,-0.0126489900441,17002.400483310135,3643.0313917207004,4250928.25356
2.3254977062699105,171631.31658174458,2.7603509627123,1.9321849103636404,0.3361053939893947,3.2119164419744517,0.05526524228055624,-0.0394406326244,-0.0384899197886,30043.33440849993,34807.90619286138,5717439.88188
1.5532027313709014,390677.1504193647,2.3146679240240147,2.4959669555549056,0.2190692741840039,2.2968879978735566,0.34606230078070366,-0.0939906516848,-0.0903649560144,55312.41446994352,30564.348440087095,12715535.7004
8.81626727009936,176246.64862307394,2.101419109620786,2.233314079721609,0.41173104071635747,2.9329923692492383,0.3437667796221895,-0.0304949002249,-0.0303055398365,35108.76091100262,12742.601114062609,3841303.67222
2.9454890999894343,412465.2939469188,2.5837351813205602,2.682593921065514,0.34526782466624695,2.1136394670667213,0.4582378572608648,-0.0920621498928,-0.0906041156611,104635.85458696068,33688.60510113087,9719447.30931
6.76881000213538,366316.2147734619,2.627535612000908,2.672831943986691,0.1815053296051341,4.42948485516418,0.4905596779968964,-0.071370232253,-0.0636471814413,96457.7081419698,242.922317395467,25173672.9984
2.039451668727644,291759.01903524366,1.6424353196431296,2.4460953124899674,0.18220505266670398,2.400400133117898,0.15794887615352515,-0.0683493415985,-0.0667478472255,28206.140582221287,12969.973966151656,9737990.948
7.938210293974795,303455.62088461744,1.6613032673673593,2.3376107410933775,0.29976004035567383,4.963606383638927,0.1551707700841648,-0.0541617475281,-0.0539103502729,18489.444444193185,18757.696786277418,5452648.10512
3.370916641808212,66439.797834251,2.720205611931857,1.6583946706233488,0.2490175796357505,5.9095556451114675,0.33496242002779064,-0.0159590097328,-0.0147171122561,41177.97073221356,18840.97569741852,5354898.03396
5.812690842020043,72127.53205428999,2.5327153053924234,2.2530293623234665,0.20867264153346596,3.4978663199307793,0.08410226632452966,-0.0138134780501,-0.012211992054,33969.5996550582,3983.7399619462954,8165766.88957
6.173571049034672,239208.90670806065,2.9995176033144304,1.790083076997019,0.30782885457928155,4.87548449789382,0.4122964128056974,-0.0470048433213,-0.044682111827,98020.22140957623,69006.67795279775,11819193.2894
8.052425670666858,94643.13006022871,2.3768275835006265,2.373622308379102,0.24588813729933118,4.8166096413516275,0.18940493324727192,-0.0160881091919,-0.0150454824625,43835.43975396262,11908.983900363373,8132872.8226
8.858695658644391,185974.28600094764,1.9474463789590217,2.8943385253435654,0.28353585068722237,2.291472554832993,0.07988395532687628,-0.031091568603,-0.0308580097736,21984.1560857616,44095.96219747796,8961351.82041
1.5930328352179166,559079.1192714198,1.6387737212599722,2.070678562241108,0.3696966955114027,4.193498193940039,0.41705055268011687,-0.140205399616,-0.140012747167,23051.59108180802,14051.170627482565,9872994.96158
9.271204297350918,551239.975467787,2.165442937414382,2.0310365767473844,0.40539264357486926,3.7082629080658394,0.2836852841729611,-0.0936724685774,-0.0931025445804,102930.49454595357,31456.180237338234,7828431.91818
8.623525145061993,552652.8096766837,2.67565425788891,2.354702185515107,0.34909687122658195,4.7444073228337835,0.2351935033700603,-0.0931429745681,-0.0907835550655,184914.3949792355,76826.93560204939,15070949.5016
8.979379729431596,171740.00836234208,1.694041339387764,1.6276201548184583,0.3083613216490284,2.4794497666992212,0.3014594002128746,-0.0306425347875,-0.0304448749083,25924.20855289875,1094.5120833410663,3811446.83922
2.051029510734391,141388.87370117608,2.4707695872296114,2.585741410565592,0.3100145339970848,5.691361226990274,0.05361475558500351,-0.0528770511162,-0.0522674234281,36691.899081342795,5417.224456041927,5637449.47996
5.505946096559677,352935.21631455567,1.6476425420411633,1.8321461931746934,0.4063202430881121,5.9532324126887115,0.2899357326753233,-0.0729959561847,-0.0728667423539,23210.4686515846,23571.12076867782,3204118.56091
4.066506042990012,350404.2120198907,1.868245254732148,2.896982066977972,0.45537148980608144,5.310557417830557,0.4826330213716603,-0.0750497734797,-0.0748993630841,13667.353788876913,15960.764490213884,3478926.22528
6.019793014267015,261685.79371100492,2.666723409491213,2.4080004439561096,0.42913148443947924,3.6344661638550644,0.3564710674734819,-0.0504483502218,-0.0498392081181,99452.30914189083,32480.682626904276,5913127.57225
6.080129935478365,41257.36678826326,2.0261850892286697,2.2539863631301653,0.3243584381447056,5.795135000697859,0.19400706654890215,-0.00748722555645,-0.00739503035228,9230.030410056635,12059.953119914842,2652974.1674
4.511953802224729,230813.32695326884,1.731069698028597,2.879667287738272,0.2659961223962172,5.676178095288213,0.49988212203733373,-0.0483320322575,-0.0479998547738,8074.395023001777,718.0220615909489,6206277.38294
3.577781589173159,202830.13988573838,1.946925077560881,1.8964880514191889,0.29462401369995816,2.5280671239641577,0.321494805531977,-0.0451323740894,-0.0447419300373,35926.3030916833,10826.69911109542,4114870.43016
1.1906808372804862,262315.38728101156,2.4955411004864207,2.9547286152283667,0.45743840056415297,5.82143849937015,0.324042424705946,-0.069165069614,-0.0689065268108,34931.80960413922,13082.32045092192,4327847.11892
2.7844876764746,37550.16875939405,2.224789184487213,2.1500958574091915,0.48223062379021664,5.122010619691345,0.36428015280150455,-0.00876301631268,-0.00872792681378,9119.496176277848,3907.1660598575995,902336.663478
8.18824649701581,145344.01553372992,1.8869483949965236,2.83158751389696,0.23943866379623557,3.8245109367448307,0.09673403147171014,-0.0244607186626,-0.024182930392,19259.401697241447,37972.902315109204,9294195.40418
8.208778564245181,353103.60142226587,2.926761781866252,1.6746409573104133,0.28417769956420924,4.989544683769317,0.28976055421534935,-0.0628733142668,-0.0591106173884,141118.51258356124,98450.21065655017,17056553.6534
6.996842501481884,250357.50022357822,2.9610407586494025,1.5361435160257058,0.4834205855564121,4.52246212392296,0.18940274877471341,-0.0462066446841,-0.0457225102142,106713.75584891072,97055.01465379464,6162174.11359
3.0621418188905745,38613.05339078529,2.4931701383864997,1.6891523903058516,0.4452122891098306,3.5537611334911072,0.12118615207389885,-0.00857602779694,-0.0084801277008,11291.849697886166,11414.006908076322,1311730.17384
6.159872216471246,562229.2299361655,2.3646450840026376,1.6254150054467333,0.34835474522207244,4.808510244163962,0.446778593770925,-0.112649811488,-0.111459683344,121647.67264860148,94488.34485821043,11198369.696
3.1928513225976567,550583.3468708463,2.7453976727006673,1.9852346435410586,0.2142295687070112,2.2505009122012845,0.4859911260274789,-0.127667922899,-0.119626441917,146409.85493472163,77923.18549641871,26174386.0073
8.345820070213747,412740.56397002714,1.7933866290451748,2.0107183231879784,0.4265163860497818,3.1382727605974994,0.3935305194954477,-0.0751086783249,-0.0749461901087,32240.470598784104,10435.155519364118,4010108.12419
1.8178765603935676,60033.17729917801,2.303574917206072,2.0119466546823794,0.15715652300972568,5.521869313805059,0.14296011838974948,-0.0184686440189,-0.0165425563611,15276.795139398966,978.8682250607948,6849466.1315
3.4092380744802107,410343.6702291324,2.981269871715147,2.934483105400859,0.42878653025582225,5.083483200179256,0.11521572331686279,-0.0865548557688,-0.0851529124965,96604.61651594692,63214.92171312872,9181927.09544
1.8953996850873087,342425.9185664855,2.7664104775007106,1.9812649392572568,0.2994703472598741,3.574749462097588,0.14059283772499834,-0.0818451192498,-0.0796123177052,63977.95165053869,45753.49251790015,14394069.9567
8.775511224773895,552394.5481564624,1.6424118448869474,2.919982641853615,0.4484216228885961,2.0268352982617,0.08010634401176117,-0.0967077978434,-0.0965939678809,39079.09219843374,85864.74374448728,6295462.84479
9.341434290774066,11862.035068249543,1.9888099129640093,1.9766611097002178,0.43532227905296483,3.4013714409386826,0.21897619196285456,-0.00186124853874,-0.00181001657958,12333.952943946331,10877.018679495777,1777850.31941
3.315815274627591,330044.91857552965,1.809377942466705,2.5892176205588138,0.4930373012425171,4.714910846517526,0.27085846950151987,-0.0733309541336,-0.0732424339045,7097.592638285064,13195.684011815256,3529450.28728
5.616040259933785,573156.5746957286,1.7003626186680976,1.9916126847521718,0.23154254195361557,2.115119139920815,0.14285433027470018,-0.118607069391,-0.117296873857,79634.74820205408,13901.289978269764,11561477.7578
8.014180805598695,353578.103409769,1.970393767050488,2.8719275626380023,0.19709261535312517,2.1146671032499946,0.161236927248251,-0.0634465124228,-0.0613352817955,63773.90032834586,31368.095817579495,19568769.3034
7.532812050518225,296307.6070324847,2.680619720183583,1.8588413902439689,0.3367991756950833,3.8317615832823466,0.3546841799751974,-0.0545333130962,-0.0530387052965,108191.1483924527,60935.40422388931,10406051.9896
6.730123989671231,92665.86005881359,2.353725433294822,2.7889236323890096,0.4682941642361125,2.719411150370467,0.18399571099966677,-0.016830890299,-0.0167271293343,19351.039567162446,25466.034321422845,2956651.04531
8.516038924259266,454051.291277737,2.3813350459054075,1.9682389015162365,0.22802077530678516,3.0039163942550298,0.2184803567015191,-0.0813161703062,-0.0771306737492,113508.2641414316,43849.869326696185,19744414.7947
2.3014693033234046,574795.8434437747,1.6635290743254376,1.810407103695087,0.23497044369972084,3.7317346172070662,0.20789847000682865,-0.138053439544,-0.137088606206,22924.596780999418,18566.452299507557,10848363.2945
3.83770625656538,548834.0843839843,1.6343526345795318,2.7627038488343203,0.4105176719857624,5.092800945725442,0.31047195033100494,-0.119515190278,-0.119301954061,16330.785980348408,25727.411991393736,5526500.81474
9.125094189385408,77837.00407537297,2.526490918552409,1.6054542991941683,0.15465691417565589,5.5710230083386385,0.19843932840692552,-0.0143547687258,-0.0104515773978,33765.290604311085,3672.167304712357,12787310.031
8.837803343499543,194064.34595658467,2.606053211334515,1.619751459572915,0.3195894077697932,5.419100880682988,0.1404394767906138,-0.0324433205682,-0.0312889864693,76678.69449335143,57456.36177117331,8124279.10167
4.812820261979035,367759.03102039674,1.8278306368363033,2.5557255359468956,0.275717144951078,4.662158058397354,0.3821568555915394,-0.0763886254655,-0.0759328329661,10151.92859417537,4940.157279090599,15497411.3429
2.817018136986233,207186.91296160524,2.2385403277270393,2.367463106803,0.2862544248318801,4.839720270848131,0.3648506030419322,-0.0471975025976,-0.0464716101842,26295.912806133903,10530.514865047984,7674814.19415
1.7279816090213562,454482.8370535674,2.2045851386096205,1.8083594637504286,0.4748322136583044,2.9884749066538236,0.17580884323120904,-0.110104114447,-0.109898331025,29227.96532777455,37832.733613750956,4932031.37371
5.303535878289988,203790.3739438784,1.7865124390828089,1.7458031545007526,0.2254852097319283,2.3763485745622246,0.2962363387210538,-0.0426663118681,-0.0419873983233,29768.744525107668,5879.299542227372,5922102.77617
3.158555852215945,143588.16514003288,2.7707981104141233,1.6389802371971403,0.2684108790040487,4.23804428761187,0.4428890831136363,-0.0330088070313,-0.031436397158,33754.27814251298,28487.47749813826,7492665.24115
6.428037034557612,370204.8962810875,2.702592422064596,1.5841826659331109,0.372186847025739,2.115341476503305,0.1960936179459885,-0.0729856440459,-0.0717881953891,140351.006593591,92329.17195283367,10149815.4336
7.360601991426365,23863.079644682173,2.0504617729305292,2.7995291714227566,0.28239335960341794,3.5363747310941673,0.21523045751161152,-0.00357799110993,-0.00358842049089,3097.3950428004205,34229.09408787009,5660185.42552
3.361217553883671,528998.1054208885,2.3070422199585248,1.7075611479982198,0.30580750248818045,4.414251545797937,0.24763541613585943,-0.120140365342,-0.118552659458,75221.57789481027,60312.44649380763,12014662.641
9.593560310300441,117552.52241552023,2.231259342278717,2.8562777566042756,0.38871709335967763,2.128950927030297,0.42300931578416034,-0.0189063408843,-0.0187584743777,23746.182915714424,46642.63389780584,5573343.05
3.525833908111434,98594.55439849573,2.7426443144882224,1.7072444411139471,0.3672616668325783,4.739165669876623,0.06372808638802674,-0.021572579636,-0.0211169136237,25923.010409211627,22472.505931834065,3768086.67353
8.221505752025173,82912.46972481259,2.8780675972638696,1.6903127914130494,0.4442547024078428,2.276474364457757,0.15803574471309928,-0.0146708642073,-0.0142534038048,67844.37136173352,47369.233728704945,4482882.06759
2.6580059803619163,41612.50076342262,1.7721902754510608,2.4553736747287367,0.200132456521568,4.404456820299817,0.09629942257282778,-0.00877503699338,-0.00870800303672,799.0310306967314,5335.618608548516,3880579.1485
1.5265777359731234,170813.51273658226,2.306597884440288,2.2293206336664295,0.1520297350458714,3.221878387108618,0.41008157993485267,-0.0422124595793,-0.0388738239206,17891.686603727507,3684.9314936715778,11441403.4576
5.575490288979308,139879.061759327,1.6547341764982357,2.237880332207097,0.27597754857369206,2.736603712980481,0.0943756689478524,-0.02783085471,-0.0276843135235,11788.39497045694,14413.085118327965,3726565.69641
3.8137438769889522,566621.2331045801,2.6432037663641483,2.760188840189125,0.17160610345843846,2.1580523020657076,0.2487619865868677,-0.126359728438,-0.114364072693,86222.91473300078,13097.657587264805,32348093.7487
2.427456717562827,42017.63212717489,2.5254836807466967,2.1455622645465806,0.48864603493650305,5.680637276643469,0.08103743384634265,-0.0137269157956,-0.0136577273141,18020.609819766752,2714.488883490733,1198153.47791
1.499103273894202,419602.73485929973,2.1012039329369316,1.6572354272381546,0.2803206378086519,2.7763173116180737,0.4692089295578177,-0.103648094173,-0.102630472611,41539.17722539265,33546.81681893513,8161862.16089
9.795288431467732,312036.0557656504,1.987146567263014,2.0575126034637856,0.4079166293876373,5.371607845683966,0.0671895894748257,-0.0497547857428,-0.0495259925663,42722.794806175116,106.76939728278677,4387430.38252
1.7825350269842186,98105.75185548849,2.97463274871948,2.7858745032447643,0.2876090376525207,3.0015132011147574,0.05484188236633539,-0.0218133597272,-0.0204727228989,27595.877660042508,13826.786330330173,5065542.7057
9.863126211772643,523797.02453519474,2.3462464828919094,2.815423922281041,0.15100519877373336,2.607828706396342,0.07445846720092641,-0.0881425368079,-0.0773919818836,99562.2644021822,25265.65702823646,43000994.9404
2.299976031603472,87875.52827009175,2.6795497291227743,1.6525579779789932,0.2127373251181054,4.867473308739253,0.25383966042986505,-0.0228512414651,-0.0208343183789,25710.645498495545,22973.55818845723,7259532.96195
4.090499872527207,311499.53982182976,2.368288485803748,2.8995003822755834,0.15964113354315884,2.9684701291495297,0.47554125672943387,-0.067790855739,-0.0620038350736,55770.40927608776,5083.228940563314,22096279.2224
3.6264093044824186,211178.31430509686,2.6200337585336806,2.4161890033709135,0.23094688392360435,2.0237678101199803,0.15836437706070225,-0.0461493512764,-0.0435140194961,65576.6940329348,15146.232185410141,11117188.05
6.444446594791664,425546.5300644092,2.582443603236555,2.932698092739033,0.3001307159733685,5.344375964611598,0.18542882631049667,-0.0777696913365,-0.0752294221244,96924.93788873561,41529.76201865163,12767346.7584
7.709263255547405,97889.29377888376,1.9283693890483828,2.3685441418434183,0.3800788140351755,2.4201952583502573,0.11232654409662869,-0.017548940911,-0.0174681517348,13018.944322745745,22865.47874787459,3162635.81438
3.9373078824931964,357818.00871231593,2.589275156855161,2.5258236268786254,0.21676351069467,2.7058223139439574,0.11412228810244676,-0.0771553483355,-0.0724765427081,75197.85686287942,29607.465083902538,16647846.1748
1.827398853089666,26605.30551385365,2.2816227659023705,2.3586910675977775,0.21065848253871758,4.979377749212384,0.13062167614375508,-0.00642171009727,-0.00605283589593,9991.46411839692,5866.239548529374,3450838.95532
2.8029320578781607,187421.78982793074,2.4556951902779574,1.8902682049258102,0.21010847078220654,2.2131360479267705,0.1795670103924238,-0.0433195307799,-0.0411174276452,48243.472687593276,20874.502745347327,9354294.65912
5.860594337541852,22042.238928745373,2.224951670534751,1.8174372131794507,0.15585244909718818,5.62484720154667,0.07582651242062066,-0.00417189146817,-0.00293560965151,13509.627375417165,4224.946590844329,6812042.67579
3.1797623748766277,354870.87865962373,2.4534203699320987,2.8383559172823913,0.3029983560075758,4.914206926588305,0.4460452722652818,-0.0782311467562,-0.0766328432357,56447.38398884072,24557.601975816495,10212248.8214
5.129549701039899,51188.65886940798,2.7417163387341525,2.822363614459534,0.19612643116443898,2.477340319383879,0.12886367807965785,-0.00976022799646,-0.00795874959775,27672.664789762257,17208.3859600769,10454383.287
4.226605337764979,81272.64012074933,2.5891516442560176,1.5007230824542852,0.4372338758983475,2.155692752273472,0.3630302054015098,-0.0176852093874,-0.0175033366004,33740.769552011414,29514.212548604773,2475037.78925
8.167895328750614,52010.23465933643,1.8387504900685794,2.1961423706846444,0.3609608035757733,5.108790061819889,0.10908248503700768,-0.00873457410308,-0.0086836936673,7685.033141470343,18431.728457130866,2481878.09407
4.183303015216886,523452.36669319525,2.4078877510163355,2.182422986252613,0.2667521211084962,3.603977053390864,0.0707608571589874,-0.111599025713,-0.108723269511,120417.8319979539,77465.0721054694,15363368.3659
4.7032028410000155,373955.70139584114,2.2431010169155363,2.4925617969382596,0.3231967051067791,3.5557471502264524,0.39218140461337164,-0.0776934839143,-0.0767100680328,88234.31141195986,21822.955472884,8200898.73208
4.960513952577799,402588.61787220876,2.6506476548263755,2.746936102557735,0.23237218128230697,2.2161209294449966,0.1259548627331038,-0.0828808488281,-0.0777997879861,128993.54948769958,22139.083211992984,18832965.4501
3.5772550765067725,220466.14756942555,2.937014377301982,2.2557327043534894,0.46280462350899876,5.030370483566198,0.4848211025688609,-0.0479718495163,-0.0474336310156,53067.30262706848,44027.6819495055,4834640.46548
2.2599323087156225,188341.12271113263,1.8539242422806232,1.8669128355342988,0.2770732927244106,5.064900850113133,0.3986964719116666,-0.0468508291045,-0.0465004431435,27933.899355751757,4751.360300176747,4079864.98851
8.116822961825967,279581.5797791594,1.8194386435130125,2.5616384251606847,0.25055349192140863,2.0314673346121754,0.47837868753057167,-0.0506632476048,-0.0500843542368,41468.820867122326,26886.06512036716,10094994.5187
3.1832621822933156,104838.78863123928,1.8745323686061108,2.213796515043895,0.3412420445964269,2.4920108947426147,0.2600344797250811,-0.0231791831971,-0.0230802859089,11421.6162666078,5414.21179710412,2517654.00552
5.8654406277932685,118412.2282566207,2.988802350860933,2.1755832718351567,0.49556083835294773,2.4580015825783565,0.4686115249333983,-0.0231392069412,-0.0227844256041,77237.91983053043,32961.797822178596,3771545.72791
4.059794278336113,404051.1136136933,2.1701487835446738,1.929666560594348,0.272659953069847,3.6744015956071108,0.3212897058768079,-0.0881078883141,-0.0866955826892,83393.42602503177,43019.14261934328,9435770.12638
4.120407506243918,439057.60260519607,1.5174911006094314,2.3613450874213933,0.2965415897100366,2.7842505426958817,0.2936992346670964,-0.0952940600964,-0.0949915504279,30934.126754095636,5393.540059538464,5041129.27508
7.63910308725211,154091.62266255706,1.6954488117056674,2.7144640748782165,0.46105751999241895,2.6195139548319304,0.24406560383446257,-0.0281268944025,-0.028106235185,19431.04814508421,47481.24643238733,2990943.46607
4.917845498270796,402659.2435060594,1.8794789007931718,1.597381992133819,0.16714827835842994,4.325449022307382,0.40989051011871075,-0.087123190563,-0.0841464180956,51547.34022521006,18058.928833582613,15243443.1214
7.377592393198476,174478.66657922976,2.3616973149604013,2.687747478227637,0.32018567797600356,2.6008488282191276,0.18812138076244495,-0.0312830099753,-0.0306288712552,52050.95600872478,18106.88717922314,7308837.59447
1.5097322955572294,150759.6983880652,1.8628216999819307,1.9429464192237018,0.41180422100531366,4.951708546589754,0.3937596196411056,-0.0395040767269,-0.0394372212671,12050.072270275376,1399.9969493965084,1633613.75864
2.7290202066647,124878.26750453867,1.8507501519778369,2.7278712439895316,0.45446655960811055,5.481118024674732,0.2875680251095853,-0.0284217869392,-0.0284246515999,10011.270460662501,32782.56184169096,5917894.13346
1.063629251685012,482294.27979411685,2.663716672351815,1.7228592597792303,0.22091075422159304,4.080009949210777,0.44678598814479925,-0.127641641927,-0.121276701723,140494.4259255866,87655.12421527943,23106637.7344
7.060033394879874,550065.5427588074,2.22332521268285,2.5917654708725673,0.22329473061305388,2.3802648181594934,0.45130939467206993,-0.105268750403,-0.10120679514,135434.79097087993,2563.506311843759,21587725.1418
8.039640714116697,1147.598649984971,2.4739545726483407,2.7455199104162316,0.4234257076956631,4.968301709605221,0.2295974436573674,0.000322152704139,0.000382742657116,10899.502216498577,32231.60196468772,3115115.85682
7.5603582034491685,458182.0931272556,2.687948885680739,1.9417611468097666,0.15220063855258584,4.436800984592763,0.45735113291509455,-0.0902386844376,-0.0771027943553,64005.28048639336,24348.251372743,32131217.2474
2.076544909042538,467657.7774646727,2.716291218957773,1.8864498767194298,0.2144394081607634,2.568991608868917,0.40039959505322337,-0.113967174022,-0.106535278404,83450.89614589479,61293.77800328156,23055308.9447
8.067767670139713,502114.9195445811,2.7481258206261074,2.695812835532146,0.4986727260594698,3.475673936987776,0.3043155267253282,-0.0867126057487,-0.0859439809393,161484.3499918991,41955.927481980885,8488561.90956
1.5719691023491025,82403.9194122239,2.1363859715901916,2.967040948181527,0.3518261976933379,4.053144037597837,0.3819223055437886,-0.0189484537322,-0.0188802876736,2218.312029269255,4051.591869673048,2656807.42343
3.215298865684659,77603.36819259069,2.896256998498923,1.9743963459607634,0.446364773464173,2.784895524127443,0.10387164969205845,-0.0168198941203,-0.0165720551593,36546.654171269765,23426.35780357037,2543092.30308
6.427573585227639,347729.4063894979,1.5913220107721346,2.4148474243077818,0.281301834108786,3.4073452383302314,0.31707385197507987,-0.0680176350801,-0.0677298990699,22692.811150654583,21362.651878389504,6354596.53113
6.661411086966835,75236.95086571938,1.8942277308091904,2.310383757693938,0.21730902965133847,3.564684553505665,0.06415681825842932,-0.0135884392977,-0.0132203511665,14108.178455437243,17081.733824297426,6227934.21431
3.0044849635290642,160752.5803451898,1.626927428610437,2.012211122715825,0.30544807342465974,3.826088243525988,0.4003103874813133,-0.0367295232753,-0.0365925601828,9738.335023094016,6598.268128023444,2249632.97672
3.671330164248666,377218.94742343586,2.516763699365635,1.8311259730784355,0.39998191111620396,3.264538707116821,0.3817812187197449,-0.0834599255336,-0.0828315759386,92750.28495023004,59261.28032530785,9788831.08096
1.2983641451637145,441079.7665205033,2.2823266953072396,1.8737930770955222,0.46982566132810544,3.2814839213598113,0.363055867298587,-0.10903452444,-0.108812679532,61645.63729047193,12740.080368138237,13719642.343
3.6342261427240836,525412.0695123118,2.9641246643798356,2.9038061131396526,0.30279831928967615,5.825908624274662,0.2502039379449673,-0.113310906431,-0.108448281486,125630.04111460212,54306.86742630031,21111417.0225
7.137581203351194,134425.1850529406,2.0156416091514897,2.4742320583115553,0.28724242100130676,4.751767323129741,0.34910073431085636,-0.0245382296495,-0.024198300307,29178.537506571796,15630.847355920116,5478134.05464
6.723365836903996,97511.18512406634,2.810793510059487,2.50004232519268,0.416874803393795,4.324297058761858,0.46497336082290935,-0.0177757097183,-0.017332586903,55605.32335201683,5830.989243869397,4518889.30072
6.483469369372339,314377.1996674686,2.0205008316945436,2.1939935960656523,0.4246220998021012,2.125935272070357,0.11146113293499008,-0.0611558098952,-0.0609392362226,42490.143206101166,824.8445575644752,4006551.01857
9.115535901845266,253135.77966631565,1.9531615859622014,1.6399409913164344,0.48003570650908034,5.119719965011019,0.16844350381673978,-0.0431497335287,-0.0430520842938,30016.956053182537,10186.553404180966,2608737.13402
7.610705312932518,569670.3745485031,2.9332982611489267,2.611562394259335,0.19489442114693287,2.5214295906795687,0.14810457830955348,-0.107191713517,-0.0932219806558,171822.36523560496,24281.692049167905,38353247.3791
8.917228196703693,9353.529013583662,2.489808624374296,1.600858086703514,0.38923350318181626,2.782667695218494,0.411864810648728,-0.00156154825166,-0.00130864120918,36434.00754825121,20382.897115610864,3006119.69194
4.026579570446109,242355.39158683122,2.387440148405503,2.240281828479712,0.427837322498979,2.5438972052816404,0.13573157396430038,-0.0515458887309,-0.0512266574779,58128.79376557536,21232.022575396262,3857521.09775
9.337667967356575,425488.06391146965,1.532492610062564,1.7855384156381389,0.4397572693293692,3.1591148958449846,0.154487458214012,-0.0745973647833,-0.0745204929802,5846.624014635069,18316.72666965915,3165665.13401
9.287976263376896,17386.85308526342,1.8619994580675803,2.4125576486368754,0.3243240970527284,4.874436132892503,0.46588087837308295,-0.00253527236902,-0.00253531683479,313.2302084701434,36569.47361844298,3929867.42799
4.729041013323266,578457.4471480855,2.312681064086448,1.880558161448309,0.30712287597429566,3.1031077675408336,0.3232942198047878,-0.122941951756,-0.121147224147,122951.93578132364,59330.41231878359,12916017.1405
6.06609261334675,559031.1443932621,1.6786279521609304,1.7424861027030571,0.26848912655043916,3.5141087879196364,0.44824889406288454,-0.114423722238,-0.113673741601,63551.288432592344,20283.051264693553,8725125.42577
9.721575507423262,409806.33106773795,1.8308122823073112,1.8156617399327528,0.31034196031438777,4.440705674145711,0.4754658668101986,-0.0699592336518,-0.0694276423888,69221.08526240494,8169.074114802946,7267660.87739
5.037539669687538,242725.96944701794,1.7410478826688596,1.6733804396239402,0.15649289255301202,5.813945659121984,0.46195729648633294,-0.0525822196595,-0.0505258270303,21171.376005020116,9335.418097630563,10568529.2539
5.105460458995788,142552.31152029985,2.9968967843106005,2.1643484885713566,0.3613319717498076,3.8062212717713004,0.3709938415193927,-0.0285926745665,-0.0275749284529,71695.89248293835,39687.05841058701,6313250.71788
8.517056425471047,435017.8638404357,2.5956213028520505,2.1419616779178776,0.46946915284564383,4.130018661170401,0.07478011052815335,-0.0730970405857,-0.072499879139,121903.72576260277,62891.169227470986,7055330.187
7.074696823763218,391760.72947260964,2.049352172323447,2.539758180035137,0.41071047988216147,3.466749092110238,0.3568776070130426,-0.0733212163909,-0.0730030736271,59217.248085730906,12367.710951643754,5444109.26082
8.835656537138725,484077.8076257329,2.6816022546414873,2.809547181605184,0.3971616269664707,2.2068794084432204,0.1001367677311674,-0.0808072828209,-0.0793454878844,166319.7203253965,23654.54214139339,12214678.7729
8.612717466097301,261215.466139718,2.5571746387605234,1.764496535712284,0.19883048890641103,4.963187049449453,0.2788486299437459,-0.0467982764392,-0.0420701896206,83494.45748420776,34137.921367803785,16803519.3504
2.572711256658137,365269.39135023707,2.895644069031431,1.697227522235789,0.39672618479516775,2.5319725006232936,0.3335425911756589,-0.0850862620976,-0.0841810743467,106152.28421377703,62795.163924667,17224248.1447
3.893961192000785,294917.3474235202,2.6386832787605754,1.7678567075223173,0.2675159196544705,4.228155556476471,0.3296207138293798,-0.0651207046191,-0.0624736811993,63373.49851924408,52267.227303558866,13464467.7297
4.317966699237612,105925.98500181107,2.260315413730845,2.9527960196801963,0.23990015517354887,3.103638972886335,0.27725158704657255,-0.021206477597,-0.0205233460235,26464.190988045564,16645.970954972956,7180943.44789
2.540835016191965,38858.14400266529,2.00060868068352,2.4711927829149367,0.4103425142839535,3.9411729887812643,0.19207995256375332,-0.00858388705356,-0.00855566678482,833.868665534194,1929.7665577934433,1172776.15768
5.692252857330627,81175.92559236092,1.816530767210343,2.9177547435453963,0.48676629835221996,4.244699941012141,0.2689537354133449,-0.0156401280955,-0.0156320199728,18221.374373868173,36215.41007604882,2069032.85406
5.196175970592599,320909.6523145338,2.598491457129934,2.4147339976948974,0.4602470752860741,3.266954907791415,0.3977899891253183,-0.0647830044715,-0.0642908929213,98638.48922682654,31185.08754198978,5392119.58879
1.2135217989754534,349729.57165029366,2.417408066333258,2.7997093446591323,0.21019792365273393,3.675376784156561,0.06565067815195476,-0.0847660282584,-0.081750241254,36977.61979673917,1413.5885739561875,19486026.7638
3.619550797152315,109154.91576727128,1.906969719079619,2.2896688429404595,0.37419355663149045,5.880294589128827,0.26123559037891564,-0.0243669562552,-0.0242883482439,5661.5574417828675,884.7173420376685,3351011.41549
6.990488590241186,488496.42996648676,2.8877629523256187,1.593330914675659,0.2764284356196376,5.4163802927064015,0.1365429147059885,-0.0912238742096,-0.0867476763011,143918.64029079143,124127.60048092576,20721615.43
9.618334158563803,351390.3299660793,2.3278096817970217,1.7904976500165648,0.19928089500550117,4.675112608972804,0.29276215777554887,-0.0598828753893,-0.0554751578337,96069.98557440923,31072.392195733642,18396747.1079
2.183832110540587,394037.375246571,2.068938464129271,1.7913888374037519,0.26097553538746465,3.358558971071835,0.3742498607131829,-0.0942657689209,-0.0930130457927,42756.39694234981,29370.27046350029,9291715.16467
8.612099622652115,159892.60836903402,1.5781982938407064,2.564047959788393,0.4132726347075454,3.056813180066756,0.07536108925945381,-0.0277699927009,-0.0277576874329,19465.632560711903,47182.60547135998,3475764.69119
4.579160531937105,415196.7271184896,2.0931842537198286,2.347406263211286,0.19571818007362787,3.4828493401758305,0.31644967820514575,-0.0882686417027,-0.0848806490382,78640.62419842977,13694.693225528237,15131871.9808
5.980918587170989,523493.37401634926,2.981470127617319,2.8468799361969155,0.24807403488261395,4.865669908388787,0.12889704350232453,-0.0996672029892,-0.0915040401973,182862.86572582624,77582.71897225431,23449315.7287
9.564960868978943,76922.43632372888,2.025159027414873,2.8381988235687983,0.3789728879384592,2.862277135190329,0.07369692004135447,-0.0119770770664,-0.0119632291886,1372.1328381942847,57296.69577659244,4895041.53517
1.174242065973047,423362.4229966238,2.402519630714383,1.9811694341033794,0.3560841119432219,3.2105325993492766,0.2126533451463426,-0.104437945467,-0.103762904792,78243.07460550599,17728.61501389815,7969834.1415
4.681305173164885,52003.62615905969,1.698546601213606,2.2841467990704727,0.16643456980786492,4.977308970766007,0.4226454764721583,-0.0104372563541,-0.0100907332201,4343.7900030021465,3308.971035203453,5526031.33582
9.76895579841977,323737.2105951654,2.5003089463736736,1.506792140732995,0.44866057034986473,3.4015945081184813,0.11688206179688702,-0.0530821390528,-0.0526500801505,105005.4774876866,77816.04515822085,6516234.57791
1.6851800171890097,579607.6451818339,1.5234943692812357,2.6277527272658983,0.4294868994437465,4.085764687605849,0.16569875962573283,-0.141184691888,-0.141102336507,15687.94997243456,886.4936251756841,8296204.93691
2.362652005443759,19211.061561616494,1.9574415930975284,2.301425913002671,0.16355783530450355,5.234865269109228,0.40640178302104046,-0.00398719257048,-0.00371561664609,5459.102330394576,6364.679712753216,4023724.6796
7.956577818424497,104710.83039465216,2.6107833680579233,1.882734355661743,0.37477175091940873,4.950908301542194,0.39243303952244885,-0.0185741885889,-0.0180599843551,64290.674871886324,27031.704739341887,4684790.39282
6.867592024244965,571593.4166172688,2.918831075434518,2.1832612938788865,0.3060285532703293,5.629271897029391,0.10826707923538728,-0.104153557274,-0.0996635596971,209617.6858066885,123485.43675156975,19067546.6172
4.678040281713347,597838.9312254093,1.8175828242792347,1.9581040623024482,0.45519048925607364,2.0819413673965568,0.2695331566402409,-0.128608821063,-0.12842522166,44436.5027090352,3704.589934211117,5664957.42898
7.768022126751019,188527.08501643877,2.1258461232186607,2.4407812883391236,0.40782055703927855,4.709811870545547,0.4919649043672619,-0.0340085143991,-0.0338067568542,38274.66242581069,15808.477736343486,3939738.43638
8.116658615145159,316766.9605856437,1.674827248614837,1.8728593864620096,0.34444491786443143,5.121564810870959,0.3660680388838891,-0.0580706713947,-0.057877554904,29093.710814382444,3269.298408331903,3991462.30675
8.378327541518555,515114.5406800628,2.114135359478656,2.0447958463011675,0.4031872331589499,2.506694766422457,0.13110816317189464,-0.0920118636294,-0.0915226445823,100459.16412109193,22868.82409131181,6988140.47531
7.596821559781482,372755.3589887461,1.7515940879490013,1.620896590908941,0.42008350618083723,2.70694609372923,0.16550646771427532,-0.0706435227835,-0.0705146959494,35048.28231015088,6042.631440881453,3299217.48542
6.366355572454135,516820.01302011195,1.8536949821377053,2.2685338517644764,0.1572866095646992,4.432699448280854,0.2934541822206397,-0.102617028237,-0.0979894205299,71642.39030672096,3606.256969782439,22064513.7315
6.533354749024574,550392.7445409566,2.9442857628259342,1.629932696491961,0.3343448797473202,3.7336348232986736,0.44120916276838423,-0.10773983251,-0.104493971471,222752.179363795,182232.38110710998,18974256.742
7.105659017611152,107671.44073842603,2.7344619193107245,2.779974059106274,0.4831493460388161,5.298894269218975,0.15437893573230166,-0.0182697134798,-0.0180320868913,48185.20092603364,6915.206445597418,3472274.56613
6.7455728294081565,437452.6559969887,2.3739936135273614,1.5072095660750986,0.34657121593991747,5.968806382362448,0.12603154991766025,-0.082684777549,-0.0818332250278,79794.98380624528,73614.10534154903,11201336.9889
2.870281842786148,561274.5020987338,1.8376818201996825,1.911392221040066,0.33493871668854336,2.71373109058631,0.1254893109609776,-0.129590930965,-0.129256435179,17477.45426417617,15188.817658910033,22374880.8846
7.768511539897109,258777.31868655572,1.5206680753430035,1.540601664179059,0.4754539553979996,3.1103389953454457,0.32862312497112256,-0.0493798801785,-0.0493430385862,5349.615879242661,6263.580612536513,1926891.07343
2.2431507550785175,536510.4989164224,1.9606360231254776,1.9627707353894537,0.2565626933854719,3.281666862799584,0.4579265569334995,-0.127787784816,-0.126257911183,53387.79703731296,35950.56915431486,10890814.1214
8.572271809864226,74306.81823923762,2.765774921502332,2.315399419046722,0.1758189506005232,3.53138905496176,0.40161981193398927,-0.0137530358524,-0.00998689078795,31301.003462017325,13704.369179116527,15160195.7506
5.706951946593703,196975.41781233577,2.82671362700618,2.478625643667179,0.4553001118347174,2.104598170238662,0.40073404928202333,-0.0386835822,-0.038160117788,93962.67351500654,23770.55817710659,5255130.12402
2.161627269497523,430103.64122528414,1.5522718205947101,2.2872111992287696,0.317811601186313,2.5367474597031374,0.4947677561771556,-0.10176783375,-0.101477261522,25115.1347586343,19861.81557230139,4299935.19821
8.029033972144546,508174.5417430971,2.341427621979829,1.7016551378201021,0.38011097377256964,4.7174546170723195,0.18928297281039957,-0.0907103785314,-0.0898900505806,127819.33005578181,78049.57651192715,8827241.81649
6.967340175212382,586795.5974355894,1.9878020128361436,1.6328618134918398,0.24956331201471887,4.346908332378723,0.43451274470001994,-0.114974918649,-0.113046666825,95785.56769265572,55352.400414892334,14247227.149
4.232825838874629,367526.42423608125,1.5635901418766724,2.0490238385569004,0.4462924460927521,2.465828369542651,0.37015426174480337,-0.0805269142323,-0.0804527961898,2819.115129576172,12847.015433366425,3746556.70464
4.851968636436178,238454.90752600748,2.8660425998110473,1.5580222133247132,0.42484050553874786,5.253082017138912,0.33644853131902636,-0.0497952407884,-0.0491482374208,57679.9337289636,64879.31221107202,6934903.36378
8.79044758807912,13983.38185714405,2.129579865530559,2.54037650521828,0.49363657638689395,5.778638993392669,0.26799352963715994,-0.00209655397855,-0.00207481781471,1634.8376709799247,31613.54304556646,2019622.5301
6.278609788519625,523292.7373496445,1.554821655135494,2.9899971693270206,0.47036415421010835,5.029564481595358,0.331187440087883,-0.101412602593,-0.101294702478,39490.22172332706,48092.879114665884,6178702.59406
1.316637522091321,382429.8757410628,1.8742390618790876,2.5191246538723258,0.4637925594861252,4.783339937789302,0.4777857988242509,-0.0962308909618,-0.096116501293,7256.784319517829,19154.32114540692,4563179.33715
3.533812070905643,216650.8805588237,1.9022476323895927,2.91929183172648,0.492380246642272,3.9284942662430358,0.06166876053982497,-0.0457521956622,-0.0456330208136,25542.23697373644,20377.93021294987,2314641.78034
6.902908911589786,511794.4884446317,2.8542515946969456,2.0756186891853705,0.22579116961283519,2.32156733183885,0.13239347478927316,-0.0996807485043,-0.0911412500125,143793.66916928728,64720.15415405028,26620560.8866
7.1485010678198115,208354.87547956858,1.6665424637308082,2.6950538663375045,0.2778221454478821,2.047361585522675,0.49455031119276893,-0.039251220381,-0.0391273857168,8091.442996213783,40849.57811797161,6921023.24321
7.39267101299761,151777.32383765074,2.6164151071941157,2.176647985370215,0.28836523738930897,2.812346759603711,0.22144097654117662,-0.0277929197295,-0.026390309368,75961.03951789964,13305.697983416998,8364567.02209
5.2327255671608714,216919.68751032956,1.9402592784591557,1.9676713296237003,0.38019400262306313,5.912455028936073,0.30048459012428486,-0.0447256863122,-0.0445221142389,22691.813518564813,19285.76074315036,2869478.3132
2.2151891241761748,127076.579382084,2.332725401472112,2.379708908425435,0.4836684528447279,2.1379659849765473,0.4345721207338672,-0.0293181178796,-0.0292289438301,19714.783634363874,2053.987841588016,5535661.68578
2.887955973512376,279745.10737010435,2.675834889123898,1.6203740997384426,0.20921441668978755,2.460478631073922,0.15701090381054533,-0.0657696942461,-0.061629807761,80582.34351612501,52056.248368791894,13901476.2409
7.448289674845205,403214.0134824688,2.6570430149243554,2.2170614666145725,0.3597203794190945,4.935521028593082,0.31343192637419337,-0.0727508181496,-0.0712133676643,151249.67612741134,62056.44106837066,10518963.473
5.714643407213261,275235.1456897834,2.9372884016896537,2.7288180305848972,0.2300000441393681,2.4623343201844325,0.4927675393468182,-0.0555488765543,-0.0502161840642,86783.43655372683,7850.189028181415,19105804.4703
2.092595103327716,446213.44265167817,1.7043959931521047,2.353518329897635,0.19927948800942294,5.909141073215647,0.4443106125919579,-0.113306264631,-0.111723764285,58969.99801547054,3679.725826810903,12700977.9831
6.431981702899851,381117.50967425416,2.138862419195516,2.405666956940947,0.19348564419906294,2.5312658597658624,0.15852579786076199,-0.0746655635459,-0.0710915295522,67431.32449881894,1371.2839701166888,18048940.4357
3.351681465205069,267771.8057177899,2.14296728688793,1.8589894978178652,0.4861360363029942,5.979441087639493,0.2686264611836785,-0.0652229634781,-0.0650916521646,37300.4542241817,12251.552398539397,3736173.52214
5.818885573753877,459358.1405190217,1.8682622399960747,1.7182162924475262,0.45047681522506977,4.308210625706695,0.23842486992568218,-0.0929756837492,-0.0928285947089,34040.77911244351,13208.54054403805,5566627.06418
6.385803466899208,422452.6294684756,2.070578419154635,2.0313076982088134,0.2752530497671709,2.082171823142551,0.0789181313714787,-0.0833943231344,-0.0820733131984,81086.30626788003,25724.692948457323,10150681.4525
5.127252819062184,550232.9125382586,2.335263175114657,2.4945290470286654,0.17532459994701083,2.8858240310052152,0.27092567808446444,-0.115523843274,-0.10746389022,85090.37012349829,12443.629862517548,26236367.9425
5.7045915699475405,391168.33088079694,2.05600853310297,2.9629229156835963,0.24970387583825135,2.7462033553723253,0.4798806808839613,-0.0778016650473,-0.0762821010457,66458.42845495188,18977.00251643894,13257238.2729
9.321163478404001,427733.64069694804,1.7102947788550666,2.0735861087217096,0.3256354069255768,5.705054189919306,0.30866099484785353,-0.0730935425108,-0.0727595823127,47239.834671041004,7866.44520884072,6143953.46356
7.4303788492665195,110041.36407899603,2.3356380954193465,1.6707703012661934,0.30782144871519423,4.699915897842461,0.38216476189252296,-0.0204510246013,-0.0198602640496,51138.24035933818,18758.694166233796,5234211.24771
5.930165410825529,471311.38725064433,2.777981683435054,1.7739757216941339,0.2608680681221038,3.772789661043534,0.0598617708600534,-0.0934021339358,-0.0887406368489,158081.66007589144,96221.12852958929,19486230.6041
3.212197956837357,529408.9464358642,2.558515432183481,2.8922410193590036,0.40505171423566344,3.3001031704776436,0.12171486090069397,-0.114186099971,-0.112839059749,115047.18539740599,75219.60322560927,8065363.88461
6.388924924563857,457575.45930393424,2.2949978046645043,2.243227637424612,0.32150531020999973,2.6640992588205186,0.17497861931401942,-0.0887327480341,-0.0873764801553,95239.51616296217,34852.92803101954,10223736.9287
4.833770120522036,66777.8928049843,2.334660164300214,2.0749479824629913,0.24059453570645495,5.915485146765899,0.2648015385642452,-0.0136453293872,-0.0128513896655,16368.856113883436,5067.978899715045,4940157.55802
4.49326472206194,215259.55057742045,2.1798598826285325,2.2344056285073157,0.28921535095336204,3.564926924391313,0.05093790997260611,-0.0441819568222,-0.0434578014879,47607.654360499124,17634.789422223665,5450957.37062
5.724112465990501,55143.96689263803,1.7265228668042392,1.73279610130201,0.23703514410116283,4.257594169143811,0.13065630230193143,-0.0107099936057,-0.0105114954407,13668.559927861352,3742.551501456546,3160445.16848
7.328271804227638,154461.26496433225,2.046998720297096,1.921975578717978,0.4458441585564352,3.129281521269959,0.2994871307906424,-0.0289874527414,-0.0288717824493,31803.9916148026,1442.8060659835198,2497551.25244
6.771013888483212,594435.7175171179,2.2186739966432136,2.814960391986448,0.4278896005671451,4.930847039855534,0.06342360293336984,-0.108063350847,-0.107415293485,110412.1143099807,41162.257606060186,7677609.06813
1.057286496831845,41857.612315588136,1.9348889878557094,2.793574728994939,0.48424080727355856,5.801865455238878,0.16502776428684254,-0.013451230148,-0.0134453780083,5554.123548485532,12695.625873052637,861984.293044
2.3575185526538416,280898.71782858414,1.803678526985145,2.0240409425831936,0.4499789783403122,4.66229233956005,0.458056353061049,-0.0675234369789,-0.0674388729674,17572.028103118242,6773.355016334134,3745310.45381
8.104852774401316,303861.0621478851,2.5343651190181413,1.7914990360091758,0.34446391227828244,5.416756980065767,0.4155603288580856,-0.0544575553609,-0.0533352047839,113825.01829265033,56440.59178912838,8939766.08397
2.5927258719715587,275116.4309421675,2.325501456322446,2.471472831369849,0.2726840651911838,5.578625582911549,0.4920972724658287,-0.0645167204347,-0.0631308303653,66571.29465760128,9477.583142934656,8956642.16967
1.1634394485007582,478428.0305676244,2.801710480516096,2.9257380848490335,0.3839872228122144,3.5816653533688654,0.23556099512128548,-0.113422456193,-0.112141236092,65956.2645254284,32290.748562125984,12713066.5178
1.284173306907364,326172.0501038765,1.5471356820472453,1.9411352312485084,0.27655691176017183,5.747903929859463,0.16032890609097317,-0.114531316262,-0.114294371714,20496.916849470217,3035.0403649657396,4236066.27077
5.068371835596722,71347.65631827098,2.7825938740584606,2.870577185649556,0.2993769120724866,5.674868391678018,0.05833497379477341,-0.0129583506204,-0.011967416879,27012.18343823675,7732.959888617187,5325278.6389
8.53693930933747,291010.71135034796,2.204025231194533,1.9729154541415888,0.4980379568254336,2.424955565401941,0.10882590098891641,-0.0512862485141,-0.0511103444997,57711.3631019627,11474.025514822803,3637665.81513
7.428719939682014,203146.30675795223,1.894550103791147,1.501926567215825,0.42350655355562994,3.084573751686325,0.48705723098106624,-0.039150478878,-0.0390378695176,33945.571519426136,13408.70565304863,2618156.06325
3.2688043639393003,319076.9754797945,2.0552450708650754,2.1389790087023193,0.25938395824331745,3.4834650607516204,0.31197925290462797,-0.0714923823738,-0.0701973813543,44244.38343454757,28691.990393102926,7271432.95341
3.8456610891807133,51107.64851474292,2.798181118769789,2.492910876999481,0.188432950950778,2.936835468256975,0.17503978762935168,-0.0105772440026,-0.00864718184773,23850.46259019895,6567.917011889767,8049270.20075
2.739018440537417,238084.06881653998,2.174935036569508,2.7930250888004515,0.4467555874749354,3.520656570572207,0.26981323052400064,-0.0528743347986,-0.0526461530968,28988.981131579265,24092.723647187086,2654748.88588
3.7900904466770244,244798.9829906383,1.9098221982966115,1.9717308210786062,0.34563524130164147,3.636235662976472,0.4900142890543782,-0.0543118630161,-0.0541414407608,10072.726206992733,863.545866711022,9044350.97278
1.6788470843609546,196037.98150110836,1.7573502816139455,2.8860396741062058,0.23092239055171968,5.600534605728351,0.32985815103545824,-0.0496255710213,-0.0492890515732,12949.345207352235,16791.90119227899,6958204.89774
8.267929990753208,590660.9841443055,2.794483060644578,2.5055921777714927,0.3720904798983457,3.537283255689832,0.272702314083929,-0.101970635158,-0.0994827741015,244256.57201961044,92734.71648590174,15693106.818
2.9264155269705685,226980.91492293245,1.7630422043248557,2.6769804288668717,0.2760296686368524,3.0882346606278515,0.1518481537867311,-0.0500654454452,-0.0495938500179,24527.060469676337,12503.055892529343,3772074.89187
7.382887570604252,562882.6277487417,1.9374415877791333,2.3614089079587277,0.3001515426657425,3.9762789352939847,0.39590786428703395,-0.10532513399,-0.104317247669,99894.8800428899,4976.833480961294,10952950.9108
4.404383472786655,525711.9829811433,1.6349754103467586,1.6461651758113074,0.41397082811104513,5.372339656022185,0.3242475985510186,-0.116067017311,-0.115940932927,22491.476043082494,25258.218313588295,4913494.28455
9.514703052253221,375223.07976198976,2.5954458620965926,2.633506603140394,0.40046525384323794,5.745397232490516,0.39752801717301056,-0.0599873166277,-0.0589930954153,108368.30757172829,20584.617256614474,9210864.08859
9.495483029036897,491996.24887073337,2.560897320757602,2.8675441729203306,0.3385449428410635,2.1853983288532017,0.4834622447086201,-0.0809572814718,-0.078930545011,157865.6666896248,1812.976447195957,16371513.6285
4.881980150919152,444683.3408387486,1.5921469393596346,2.283743694272397,0.2131788906118013,4.454750671667153,0.4378082883829136,-0.0939849797778,-0.0930368398731,32337.55954474721,992.5633512932645,10779067.4941
9.769041861956884,520014.0972523288,1.5804458669054882,1.612226972140531,0.328049514208078,4.262790113172061,0.22920000921322548,-0.0892720929236,-0.0890057474667,41374.2062018256,3254.3969707268266,5555092.93022
1.6845804446588173,189658.19270265973,1.8900539196574169,2.8145827535012065,0.20314540504388617,2.174201352468748,0.18693863033374303,-0.0440614804201,-0.0428691628637,20519.377209631868,7628.458874552568,6019081.68628
5.979214952016822,461368.16139849136,1.5949090167472129,2.433988521774049,0.23864280062675447,2.3254766981115402,0.4356329153541069,-0.093235108005,-0.0925521072477,47013.69873433817,19018.715450463005,10297572.4561
5.41353387524849,263694.9489595705,2.988092803411195,1.9051749217871516,0.17441559619931504,3.6387197233391317,0.3635189902580479,-0.0567397421375,-0.0482963203554,51970.32984878279,30543.311615412178,20342149.3726
8.422490843865097,399769.6136379012,1.630198513218198,2.190427238086789,0.2549279104160248,4.573374257034718,0.335849210443854,-0.0717562503538,-0.0712234115969,44939.14102706363,13339.604141620477,8453599.29939
1.8089140212767703,524155.57136089646,2.789965652870623,2.5484969908287054,0.2019945327138446,5.780611424958886,0.4358694233611445,-0.135231167617,-0.123730937696,167174.56353754734,42961.410895956484,33199137.1136
6.917472549035985,241488.74597995292,1.6462751889407798,2.8516906857752757,0.4814978546922316,4.0014991576910965,0.16379104050054138,-0.0448311010855,-0.0447899669404,28319.29783340411,45774.730957431166,2806899.07127
2.6761409069239366,11204.412403762664,1.912600091559538,2.184514752302685,0.23298781777317684,3.97356894918736,0.24170354863313215,-0.00201360423338,-0.00194020646399,1394.4262822970693,3052.7245881157683,2108506.05474
1.824767102604695,196150.67379567956,2.9406335009670794,2.5806671748891308,0.23617509657442753,4.176228534770599,0.24588713462523432,-0.0466208974767,-0.0432618374274,41480.54845611363,14801.169623953201,12705712.516
4.35252757694543,211169.63269252854,2.141656760734501,2.02923481426534,0.33019975283778286,4.2826823968953756,0.48329227351316345,-0.0452824996598,-0.0448747719536,45894.61144679365,11873.664933396985,6821017.71167
9.709084391803092,586752.960329047,1.7922897882213216,1.836265743310987,0.3665874665672266,3.5926871576962536,0.08134874084895372,-0.0994885438826,-0.0991352804636,59989.64055223694,6532.019411100579,6583849.72985
5.293585257162735,469326.1717134464,1.8334299865629444,2.5923411426198535,0.4987808810884202,3.6366006126052133,0.3389586050286625,-0.0956216399085,-0.0954864253343,9266.204487962079,19563.366528511557,6179166.40299
9.604673515328129,148773.20531694635,1.8429816830592616,2.351857007803999,0.262659148031115,4.942822326427944,0.3523731799561055,-0.0244251326015,-0.024123681307,25780.80486017557,28852.056530862497,7002635.64823
6.476581007332606,95651.48550270137,1.8829591041382652,2.5770996875586194,0.24160300996743184,2.581620681674077,0.3347883371711523,-0.0179766098271,-0.0177448331875,13142.666676893017,22079.307735903294,6436495.75859
3.734644141022751,73350.74187730017,1.9059676546841513,2.0550918982083317,0.4177261488563079,4.814170565684616,0.390366225817435,-0.016161898557,-0.0161127034601,3850.573347408216,3169.865226938798,1280175.81831
7.410601931984848,567926.5555698745,1.8161036677921416,2.2305746130430073,0.4324787856375393,3.2908582143176823,0.44018830888794147,-0.107464391571,-0.10723934699,39972.15125415548,15176.49694902653,5176865.52171
1.3886068337489166,574870.3595374932,1.8050832503093335,2.6297241189961116,0.3349323082814909,2.5642849334045112,0.21518287775904915,-0.137951230372,-0.137395637102,36448.95060923354,34803.07046861446,6023704.70543
2.214490518841801,596529.2518608219,2.315741736741089,2.2150717663294133,0.44945523316597336,2.44153059340479,0.15683217199888522,-0.139056492676,-0.138467938542,87769.03541131549,80269.96956049466,6503777.6924
4.909356768942619,233830.47238215548,1.9803449737998275,1.84166835659784,0.3855616615070515,3.9784547016905427,0.2927624401017241,-0.0488969773813,-0.0487064499139,31162.165843880604,12041.241797998562,3140846.19296
5.296974925939855,101270.28249698112,1.8008157992895697,1.5075914993729338,0.33690000421927724,2.92878929548442,0.4229728510737391,-0.0212874243929,-0.0211706818547,20692.76897452509,5763.377656066041,2109158.05891
8.107971921530655,576297.6503385575,1.5828889057075062,2.3272169119569823,0.2427021083671222,3.077990619522797,0.439585067506817,-0.106233584169,-0.1054640213,47217.72002071189,24551.29202599487,12043649.8287
2.495931219403764,129994.13442837386,2.241359521538878,2.0547150706294044,0.41582555510252395,2.397438794096577,0.24600654817604195,-0.0298985869417,-0.0297893715527,14052.718555585676,1671.8434874494342,4445173.78915
8.791401967673934,409601.3528299334,1.7893815068851584,2.6687062514355495,0.28612097742345155,4.494462242578246,0.15761738561240402,-0.0695649133517,-0.0690607201898,38123.48793858321,33082.563496713345,9456992.53515
2.0772980706537454,350902.076128154,1.9590232028050956,1.898982095993886,0.31333806514782336,2.0986373148558264,0.42060198507174285,-0.0837007704364,-0.0831721409535,35691.9708412017,28186.56310475538,8271310.68801
8.594198912647048,189829.33384299092,2.1549301568020853,2.906204212623638,0.37083229121266004,4.85215806961874,0.10048045128475853,-0.0307066536451,-0.0304706263067,27728.35307485578,37031.67215266771,5637722.06667
5.846079737313403,506201.8450103789,2.420750387413139,2.2802159378271956,0.4030897256371966,3.40214734790661,0.41628075737902476,-0.100657591833,-0.0997916832344,138254.3547853642,47419.88715792522,8409191.35291
1.1711449267972172,242345.36054684504,1.561607847150337,2.062534919757535,0.22844111468649397,2.7383927998430795,0.396026524290988,-0.0598333905859,-0.0595284176018,9460.277297710041,3329.5822851755497,4992504.91658
4.569953256837016,455568.7923392145,2.9719405417445555,2.0736365296247605,0.27800483408965015,2.586911716470948,0.25477984651976704,-0.096879611209,-0.0918570881413,151310.35988881165,107675.59561385035,18988337.3682
6.141589829703032,343879.52807762683,2.2199197971978486,2.7503835905454674,0.2728807041060269,4.240357695168946,0.2323757212988013,-0.0654582090448,-0.0639467679832,75591.30130965656,6339.4705569849575,10238838.4192
3.6192145214743046,527239.5129178939,2.115909532113909,2.761939805961323,0.19797954638313683,3.1757649446326286,0.43024880303398105,-0.116106926763,-0.111950402612,91572.47048379558,10438.889033107725,19014642.9544
6.127278723390358,215083.9896522805,1.5274367661997112,2.1344295256275583,0.3330057409427073,5.930438729366558,0.36327276845930084,-0.0428880260631,-0.0428267286872,6329.712803624847,15486.68100463208,6918535.01139
2.787978768849566,195295.58760519966,1.8690211590235186,2.667434299574648,0.20577529453078613,4.189207237062144,0.4008960470204434,-0.0439959873977,-0.0430884255565,10636.673195260253,2498.056654109164,7282763.44699
5.907519090590039,115474.5098143978,1.616574468496426,1.9907408317397275,0.4116826780729437,2.372960020800483,0.4316945531466903,-0.0235284213825,-0.0234917196568,2971.1555112116293,11983.917747547313,1590016.82952
4.17551794639019,423206.10525644314,2.9668883728100774,2.73947306761895,0.4053961294704117,4.3624450075218615,0.42307915029336435,-0.0878550540217,-0.0860318168943,116404.9063735991,84691.25696543955,10160734.0865
5.025326869598132,564005.813581305,2.0901081130990606,1.7799934951032275,0.45503932126648905,4.747624395498161,0.38307559423082144,-0.118903181285,-0.118686312776,31765.15009606194,14646.761478206106,15625150.7357
9.263272487426864,200476.97306893577,1.6939025859083994,2.463971961082157,0.17895029836147572,5.522939881864287,0.4799973938467023,-0.0340791509625,-0.0332751653392,21021.907196232038,26724.325180518976,12951954.7642
8.779766561124507,599003.6809142233,1.9226193352127159,2.6890113655016137,0.2501099513099382,2.817917506309313,0.35231867992661514,-0.104547100742,-0.102842818906,104642.30561455981,22572.488916665843,17449877.0068
7.604803225602084,463679.0334713153,2.4889727012323464,2.5205926094274513,0.2648896591656308,5.38962290231422,0.4934398612730489,-0.0846850865954,-0.0812551621608,124542.76131149962,32423.7209075127,16982857.1009
2.313982220533366,567387.0230706278,1.634249124767074,2.1484097844507106,0.2331509695304506,5.616837002788734,0.1743754228263732,-0.161976244321,-0.1609636811,49511.36927532778,6447.4180200472865,12206653.7049
2.076353227091611,123661.03347924468,2.5040243266263285,2.553538393594846,0.4352316971594097,4.993993305174044,0.3892255583052658,-0.0290584806465,-0.0288817489808,32251.49979985983,2870.4759333054703,2850126.73889
7.005961729896074,544458.2000428855,2.182547791189497,2.926954489222979,0.33643597820171245,2.7748652561203775,0.47643565122044074,-0.101919256206,-0.100807188808,105146.42020365495,15969.315813723375,12018052.5597
1.7581947632382477,458804.1871306535,2.2035105078303125,1.7964648890717105,0.3764014169876664,2.5955421251476145,0.396670642011756,-0.111049124931,-0.11049770187,41261.90275203015,49990.01972779739,6345705.14675
6.606992109722584,227933.03525697938,2.4289676706201946,1.7797057335460642,0.17945726629530848,5.353628105410349,0.4407311461699272,-0.0456558736227,-0.0415115167309,59495.01998868939,21598.250441625267,14420021.8289
3.198399864497852,343298.2531652244,1.897489672145126,2.604138529597754,0.2643538093002066,5.110806806969358,0.37415152537611707,-0.0770490327326,-0.0763352136936,26762.97432402738,5860.863475986418,8828111.32739
6.0875482251339825,505277.6713082281,2.752046309942629,2.426148155633075,0.2903445994148501,2.419081180452455,0.1956058954072259,-0.0990761401768,-0.0949686219739,142471.08838713207,74872.80827273811,17908151.2313
6.76114578545269,190351.17712624502,1.9556053468008199,2.692022498841866,0.47260355153083944,4.109796962406797,0.3550428084672684,-0.0357247925091,-0.0356491142014,6629.61987733673,30651.080738183042,2762937.38127
8.326016487388305,405968.155789958,2.360323968698105,1.6135554837207253,0.2631769311381119,5.358415467613604,0.09122559054740956,-0.0707299684761,-0.0684658949681,112345.15160843644,73337.34382403089,13620571.0486
6.129768610364533,563499.6995377534,2.872673224137381,2.445046983177016,0.29137326987822854,2.229467687390705,0.08854223618058189,-0.110098875601,-0.104860270054,197027.15695387582,95921.09386310262,21726265.0659
1.8736066479513351,399003.7128638345,2.661473614998931,1.9009869216517432,0.4566181189159626,3.133871414538269,0.48307075456966514,-0.0952438472013,-0.0947303491354,60775.95373999959,60500.80761096132,6258075.48594
7.833104792082374,472052.5741419559,2.715841607211617,2.06890262545855,0.22041907809595207,4.266032521840621,0.46363001770284057,-0.0880887568169,-0.080820257443,156261.72658043244,61163.38999484651,24465668.1288
1.3876979302723558,412433.34089930484,2.9061908982766536,2.259315987293433,0.17487073437488238,4.106514591937474,0.1863694518102721,-0.113492108128,-0.0978681149884,148133.84988594483,32601.543528626727,32936560.9898
5.205806744138132,417294.32228651125,2.6437257181491765,1.887482551658282,0.30754473953183026,4.205536649528204,0.4345340261159271,-0.0863230094968,-0.0841088115827,137873.59586457495,74411.53446317434,13095534.0321
8.569484965359152,599938.9503715307,2.0546170507975665,2.766291300276106,0.37859009329233856,3.5176849726709563,0.44341165750962225,-0.104564433594,-0.103935329433,83631.81743080729,24510.573947608616,9782393.32794
7.058823272916613,91816.46262647431,2.2634267351930077,1.5516490157042009,0.4085152711728981,4.68541988080737,0.39138202271736583,-0.0174680138689,-0.0172936852194,32994.001681401314,20640.30743067829,2832674.83722
6.088661174137982,229165.76150208642,2.876888716620259,1.9260198590593396,0.3210551145070609,2.0443607294868893,0.3730078523717853,-0.0456516547618,-0.0438025812958,101766.04644456966,64166.50956851244,10032059.169
3.09318441188402,180270.00006572856,2.7948447597237736,2.700383714669872,0.369424862141581,3.5752914092648465,0.08947300073718667,-0.0384254658132,-0.0374416900215,40609.72308863598,35543.76210793948,5691223.10371
1.651880380437023,349056.017527415,1.7680953835094155,2.727573242539575,0.34886550122855114,3.5385628064582493,0.24473081084364762,-0.0826930224699,-0.0825214229417,7170.2642161750655,1984.0062444623998,4843768.34867
7.379505274418907,74689.24611487977,1.5300903041305078,1.5652873055926717,0.33204568790340555,3.945443218633641,0.05146547885889235,-0.0138405265028,-0.0137898413291,9298.965330041201,4034.92940517072,1621861.15654
8.170034040953768,487370.8839647024,2.989982081204392,2.19093661039755,0.4542365468682974,4.927996645019181,0.39126424763969947,-0.0843516140246,-0.0829995156808,200895.12491508064,104803.10120694787,11027541.4049
3.9245882899230127,338019.62844313006,2.3741825472561184,1.829903831639014,0.2894029781218367,4.05789121139254,0.4819946381063826,-0.0746290550396,-0.0730890923938,41721.9392798063,45424.68317394471,9362264.30186
6.194786888564623,307378.00051071506,1.858035070531976,1.9548154385918173,0.436861544104319,3.2447181420816382,0.4790921424231583,-0.0617642372833,-0.0616333675281,28085.31830863183,885.2681397361544,3031670.53302
3.8745794501737696,20591.06476506485,2.536531675067439,2.5567110634521804,0.3550910802288458,2.4319704646438485,0.3081896660803775,-0.00371886271268,-0.00356502503422,16140.617952441082,12162.020690801088,2507294.70456
4.439067333435819,334751.7397315808,2.5561579277317907,2.634503647569983,0.49378121596310265,3.7659787982051074,0.2627756252369078,-0.0687352586445,-0.0683904030042,71469.51515144503,21430.108970317353,7108502.01207
1.563954388139939,533052.7386215354,2.606928145600232,2.506258932188316,0.35994252337305377,5.803066732028842,0.35688190105241846,-0.139106189069,-0.137494668565,134704.89300628894,41920.667553804815,12629437.9528
2.2490046710865057,390585.4934016963,1.7825926434124124,2.1624447513101,0.40386897841834557,5.92056839374227,0.1484443209921772,-0.120473042236,-0.12032168537,19750.66881425759,13806.612436448406,3895985.31514
1.6295555642197745,306874.333426907,2.8935551221539715,2.780183962037153,0.37932968039891224,5.446377825340444,0.24979770269048174,-0.0785804749348,-0.0773130595333,101474.4724089357,21946.898046793387,9296180.12887
4.782395906078058,45409.67047648372,1.9077784042188555,2.319926232347367,0.20554834101422387,4.3315356767888975,0.19036389083565985,-0.0086654691411,-0.00840377183902,8947.29125741944,11669.565549114952,4818242.02645
7.021125380172196,186549.99053713647,2.650551312926228,2.0239976809037787,0.3578921879440729,3.835725843135856,0.19508091536807776,-0.034274985506,-0.0334283997935,86911.69491928995,37952.87491919979,6793572.4079
7.983883076872363,77899.21838794793,2.2386146048787587,2.684666686813563,0.4241118671397479,3.6654148760282244,0.3008354542183889,-0.013317217197,-0.0132201843755,17800.572104533858,33074.189133238244,3354613.02405
9.08080605697679,397470.2754118867,2.6753611912716986,2.6745059183503606,0.351719375133543,2.4882527969690296,0.20764166232541298,-0.065962170569,-0.0641663017102,144806.31262141152,18951.180903206496,12953432.1118
9.395572324228421,57330.56542079606,1.6564554381639898,1.9341853801710784,0.18686484821469432,5.238302140654579,0.23713049284439136,-0.00941312384121,-0.00910037375938,13956.464938010358,14484.557730065935,6787628.01147
2.8853016178683872,242180.49086306995,1.8043641940867676,2.9685071522652273,0.43073924098108096,4.400515761349537,0.20977040800402819,-0.053659626403,-0.0535624760284,3417.201484161149,6083.08533513439,2595545.03222
7.718304604100098,219167.02869569173,2.520176194966976,2.5747512103880523,0.4184699789244126,4.7831318071858,0.36155908121277736,-0.038472007805,-0.0380024646855,69494.35374775766,3542.5383329518518,5418363.07187
5.723232529868803,159747.46636204034,2.690508331857318,2.0629541039715487,0.17006188677697254,5.592680872918937,0.4497378624965625,-0.0332002843581,-0.0288663614316,49432.35468619865,5535.2740638225505,14553812.5371
4.261069619890861,290044.3438835269,1.675335439353007,2.793830357054012,0.332263489585988,2.2370614492382765,0.45565079622035487,-0.0618474962982,-0.0616758323087,14902.293293312345,25998.197197132013,4777344.35309
1.769627877953143,157965.93586343172,1.842154272388698,2.1557888076483227,0.1975509707837629,5.097946611791958,0.4383542985581845,-0.0397230856167,-0.0389322887121,24940.817376715397,1271.074142612248,6291592.93545
2.0623851553039043,215778.27009002995,2.161127019300589,2.5713197625610906,0.3936550222386425,3.031958717483568,0.3873199595081074,-0.0499178666359,-0.049654139209,23693.05066892096,18456.357385609987,3172777.38405
9.842483387132127,577394.5821840602,1.8993280020728187,2.139208140508975,0.24845422896635078,5.726137522504762,0.3323757120631243,-0.0958809044744,-0.0941775610916,105469.82257177444,9195.023594550423,14334176.508
5.829876273130559,272976.9020840381,2.9158225316083466,1.8382385801645011,0.46653707391697385,2.5383061038450534,0.1826337798357996,-0.0539598547163,-0.0533459823551,108119.61154434619,83729.89354315476,6402461.46378
4.31024556576289,288172.76700911135,2.3055384079782737,2.8902926598548992,0.18349411148665978,5.158431697811422,0.4293839634643212,-0.0615857399868,-0.0570880909905,41994.90248210199,11423.160407924377,16094129.7549
9.727161472449007,454174.61243762093,1.5800460908017027,1.927505503145656,0.1699458398305074,2.3293873489020624,0.3510462523602259,-0.0789178735575,-0.0770601905955,55785.46744780268,8860.79899880457,16823929.092
3.505112703552903,93371.94716899868,2.208364318118031,2.0090948549494785,0.1732465476301705,4.014410476204745,0.18769769494940303,-0.0207474314817,-0.0188956697102,16333.155502948544,6360.23237454798,7100809.41296
4.523762282843853,175558.22217482197,2.082536718674859,1.9350445154163216,0.4214591715433186,2.8864957577316224,0.2699059838593862,-0.0372409645761,-0.0370979341933,32116.9663352425,7408.376699348558,2432644.88973
1.056567378524663,70795.83105942777,2.8995876351362533,1.6203116855656738,0.2762470308685945,3.6830979761113762,0.40892928182469784,-0.018176710506,-0.017329837589,26833.803025406043,20514.288960169335,4038916.04323
3.1682547921547553,305041.02790579153,2.135191419987602,2.8386834980770423,0.40488308691230135,4.53251763538008,0.16883718415202748,-0.0663432765063,-0.066007566081,29981.583691445223,24736.710484712734,4064085.48984
4.427499321469537,532787.8474848088,2.7704025855492747,2.408940070861627,0.3240959424967247,5.049724939975219,0.4853447590047894,-0.112579636441,-0.109202206494,124975.518833191,91706.248017255,14871741.8469
3.0265043011815838,89228.0328471742,2.130030921409848,1.8858799096392476,0.30337317076825077,3.9828431228077883,0.4590635299794098,-0.0202051021508,-0.0199305707165,13281.021269771518,8245.19798915837,2733127.84897
2.4108265617499613,177756.54243335276,2.208975630297224,2.479793169427678,0.41743049084843864,3.564989036484961,0.2830094111480186,-0.0404549172101,-0.0402614079029,19359.324462716504,15493.342489442532,2625741.48565
3.5201239339225467,473672.7681663462,1.887254516814818,1.7601913222178673,0.2653550189282811,3.4599759925954707,0.2863863260011883,-0.10701395107,-0.106470716915,6314.96426818698,11682.8658464342,21403791.7825
4.873403790653747,509091.0446020631,1.777048347243462,2.4888509153780713,0.3314843091026666,2.385026535411367,0.35196742898779654,-0.106844453505,-0.106382819397,51571.83483915418,5639.049661740543,6748808.81544
2.921778538172095,279669.4707966378,1.5486228370085677,2.7313078615617536,0.27053249535000135,4.675724670376337,0.39465777698019583,-0.0633374916263,-0.063152512972,5770.336799427329,2225.9754930230415,5639319.74173
9.343479695753059,547267.6014316309,2.670998067781735,2.760041147314192,0.31299751170844964,3.6049873301320474,0.3067762605643824,-0.0894212211923,-0.0860864002367,214768.16157587597,32610.327348866605,19066001.7895
6.810158671414435,273255.0641127638,1.5201295701029458,2.850657218080044,0.48722491067803164,2.283083209246997,0.38635266407257995,-0.0526124584893,-0.0525761673332,47840.68785759466,52534.24290380027,3421583.58117
1.8413581848835023,68587.60838112317,1.7659078493576503,1.8840039581813586,0.22366842950130436,2.0978008351462343,0.4890380662528712,-0.016129463973,-0.0158912739429,6577.294110440108,2538.686925938288,2514473.85913
2.090059546450247,2128.37891846136,2.6505833582940204,1.8582709486775961,0.4245676799313851,2.3418398653551127,0.33549888273601614,-0.000202256834476,-0.000133898120726,5143.699600553727,3910.452548996627,873116.590939
7.9336004632697055,550183.0679127949,2.0434331644071806,1.7843265889541715,0.25689138245455345,2.413579642234901,0.4704370750621903,-0.10350051308,-0.101536814477,123471.57612165826,36556.46951767257,14657800.8498
1.492353611690283,180539.79717514385,1.8412846691258529,2.5362232042975132,0.4891427716702985,3.746094140146211,0.1583022304035876,-0.0435846319172,-0.0435537240993,2971.5991486880976,511.669091490872,2210934.34887
3.8071135057215075,205444.62784384022,2.9945606765346726,1.5186056378410138,0.19592335206131786,4.883991770946537,0.14678307386574563,-0.04863475498,-0.0418968235512,52659.134695936424,37631.17880552953,21321558.2699
7.8433517552840675,425575.29835868947,2.676633085161839,2.4276789772857406,0.3064145656277385,4.124366075379113,0.11577552825197522,-0.0741203140303,-0.0713362332489,140526.91246306786,60026.7459817165,14370953.8875
9.261435840132288,377060.57055545005,2.9879533124422344,1.9766706495381725,0.35072526273346183,5.901780648017214,0.09646243360629445,-0.0593992063318,-0.0569650248553,159416.1282399615,106316.83040462485,14094617.6578
3.171381141541126,470833.05931887357,2.394186106366856,1.5639724177158774,0.3004633080699429,2.617910943448852,0.350909793288307,-0.108195142322,-0.10667729256,105588.5825096647,77507.78361262497,11943985.2645
6.062338527027121,548465.7004848835,1.5718386714224715,1.9562170162662966,0.480486185259161,2.153061908546367,0.20736881388853928,-0.111797020351,-0.111710987505,293.740418137115,21137.489954931265,4519090.93989
9.51801378052368,493516.6234530241,2.6138481113980343,1.609913231684478,0.27784818232657416,2.8083194150979933,0.4289279289800375,-0.0851348392626,-0.0814646817111,182691.16260251796,102705.70615845703,19939676.2528
6.552925454659001,371862.5747476476,2.5857961022605127,1.6260567868854177,0.2609672614495774,5.282094507328308,0.2852017327660033,-0.0723231340951,-0.0694160746906,98203.11523234002,82402.42884350817,15136750.2896
8.069709803867955,112009.1590577213,2.9481982473702466,1.820182921090852,0.3282874098293491,4.497335735182011,0.35836250688928384,-0.0198645348263,-0.0185341313918,76162.91977948943,48371.37305642559,7791503.20004
3.0786204240150274,265257.13199783285,2.3267393256770474,2.664426567883584,0.4667762021418932,3.859550252798408,0.3822644652404562,-0.0585034618618,-0.0582338974904,36796.0083787469,31074.13009607725,3184974.07569
5.48006842272336,320719.315827861,2.2496355510325827,1.880699392647315,0.29578888345415266,2.5103293676256175,0.4580195256426769,-0.0664107766357,-0.0652756925019,89057.15684788402,31147.336243634927,8402958.97256
9.247804278643752,235549.72263608428,2.1692542596038944,1.6575779975716065,0.3218084946058302,4.481850397379132,0.27968387385733273,-0.0401623830735,-0.03952969775,62783.699974890544,26523.020221288698,6505108.23396
2.060714525169284,24901.146689618447,2.600433108311231,1.7704685131175342,0.46728887809192476,3.785649773973864,0.3002796441321714,-0.00599700595637,-0.005932263853,7458.912766515871,7303.459571128283,928562.585335
7.080784423989183,414759.215154157,2.8788926645732147,1.779215028871147,0.3819678984487649,2.608202632170021,0.2102215659843164,-0.0780613880219,-0.0764035509139,159595.0306886405,113355.2967313254,12238554.1061
5.603157233111429,48243.451733051865,2.0276451664394948,2.0692784360563876,0.48816875330473497,4.132510224136386,0.39377626423152,-0.00963932010898,-0.00960260854317,8938.071338592848,5965.978479197092,1169002.0018
8.979947382467621,596251.3572964544,2.5754233516523275,1.897163255904643,0.1503749625922236,4.181996184209471,0.062241615361561316,-0.106572397972,-0.0916384815588,75865.11254761655,24992.201386654226,37254232.9267
8.13519770212661,257839.76289952546,2.573684345452273,2.5362852156191185,0.29807756456259943,3.295232944672294,0.40916572250856614,-0.0454292066556,-0.0436914761173,76568.39476160421,6491.5578446152,11326983.7805
6.77499017850559,297687.86947271175,2.7047142301046314,2.621884992046975,0.3967662550793,2.1028054873738258,0.17401675068189004,-0.0553713948645,-0.054393716869,125648.21006126022,24557.224407475427,8107615.81555
6.066243407286119,113746.1211161728,2.9960348272435358,1.730974330688864,0.3381516523789626,4.563063375892545,0.48510150747607333,-0.0224138184983,-0.0213083223218,66352.37266827551,50687.01707607466,6705543.88349
8.369222542517573,444816.173213409,2.0063995889287654,2.3907941922420477,0.2817872444261783,5.618815756324603,0.24738201426156953,-0.0774015383265,-0.0762522019083,88442.26184421523,6258.872923315098,10195688.6967
3.3728737171371357,124105.64460817039,2.275620402814148,1.9092522444521272,0.37432889812145315,3.0399457188803756,0.3922208106359542,-0.0275731919599,-0.0273530688972,31361.690060103312,12036.0519732366,2710670.46252
4.468432771352633,303550.87388657546,1.9836858697710888,2.169821132463391,0.46793254775509574,2.548544796787314,0.32779290106561937,-0.064827431129,-0.0646943798683,32159.779826103404,38.906784075899296,3382308.29454
8.691955933974405,271428.8118697972,2.0441916428785647,1.5177538766900551,0.2767940744892672,2.2389803416181158,0.24458549884773162,-0.0490684890672,-0.0481875591048,71730.97881241592,31642.959507019114,8049052.81629
5.217468161404123,476345.10413943283,1.6534262546745315,2.405553825342973,0.2039519100330023,5.706254806569868,0.17134028621168707,-0.0976902145629,-0.0955751490845,51003.634485924646,30055.88395798787,13372839.2324
2.2823666202681445,341478.12732659205,1.7116390577697156,1.6476393243749474,0.3539872832276487,5.571727909393922,0.40861592248288925,-0.0883667117982,-0.0881918417368,33383.67531372661,7706.612951029597,3362501.9717
3.0433683097831756,399487.64742383745,2.8347251598322414,2.1047070185702554,0.4083624758421406,5.959757534812491,0.12210517993544545,-0.107663294058,-0.106407488455,164560.13704104497,74720.41548359793,10787674.9695
3.689033519493375,15951.570769755574,2.9226024552241414,2.2466998372986575,0.21358629485792788,3.9212242585713555,0.48775529895490977,-0.00306884832268,-0.00182798943825,10846.959363284388,679.3081157976466,5937015.94458
5.785028991171246,246947.47926993802,1.6295444445594267,2.1245864622613713,0.2450364532212017,3.886945730844878,0.12162198440615138,-0.0489598525762,-0.048551663944,29566.15324676843,2610.9527008574887,5136468.87435
9.832686627033935,43500.24403896291,1.5249066712787605,2.3856739237918747,0.1585943494937784,2.790305600262471,0.1830059450006819,-0.00662083706878,-0.00667410992993,4278.170372954851,20930.098179747252,11213048.8666
3.819441979069302,37133.031269863895,2.0356386442640773,2.0265642944570903,0.4785453474090835,3.16222088801016,0.20717054856985395,-0.00791978706011,-0.00789144467609,6907.386319687532,4138.690673428037,890544.117261
4.857572179117471,347104.5108958486,2.6548354527232094,2.426377198520278,0.15370484472531895,5.180119847805505,0.38738268533708825,-0.0771458863853,-0.0651055482401,54517.71141361044,18674.3177606085,30973680.5002
8.252946101658123,564538.7418518144,2.820002336990095,2.9854665286007136,0.48349635305294714,4.401020948122869,0.3262928242873724,-0.0947329427939,-0.0936467644489,192642.13717946757,46183.19563808615,10168178.2352
9.375682438251598,488041.2594458176,2.5603728368301373,2.734296358814451,0.16767428075741034,2.90965718261952,0.45466849537072435,-0.0852140505406,-0.0741944562509,115861.80059938435,13600.506254279551,39117351.3487
2.5108619026362096,211340.22693798738,1.9067955634623008,1.9419104840847876,0.34529386484402547,3.0403824451339108,0.17755290617808794,-0.0488509459161,-0.048599531842,22755.682664392345,19925.723740952024,2814088.82459
5.518799703049227,576437.2728782695,1.5703830991738148,2.1774365134937455,0.41150215404472,5.521278915648443,0.11576883880048114,-0.11723085629,-0.117041634592,38412.92915885553,37635.23964272833,10583355.0255
1.861554535355464,341250.45938275877,2.5203901878664876,1.5552738501250616,0.34862562991588686,2.4808926230902744,0.450304974461573,-0.0825808196531,-0.0816942578449,52932.42303687078,54670.98983271525,7682352.49901
4.125599366069904,397817.8358214017,1.8345740974690319,1.6550594112797903,0.4216924622581165,3.836971442919153,0.06840826825650845,-0.0866847869623,-0.0865719310866,13078.013943199569,6706.376483228077,8613940.80465
8.158976817462438,376947.1847252202,2.1466522807892394,2.521058654052365,0.15835842114843127,4.0712019052143535,0.3931928857554131,-0.0689582530218,-0.0633977028054,71608.53418649462,13021.318534553895,25953077.6364
9.503844543525185,311442.5807450461,2.403906751840179,1.7478948708048883,0.32886963230655464,4.554897743424915,0.3640094833626355,-0.0522979493037,-0.0511750965036,110833.5526539616,54413.18878163817,9251088.06547
7.5060645205169285,576341.5637104894,2.3794211741912212,1.6937545721700926,0.35948176023818046,4.156062518086647,0.16936132060664982,-0.106036606761,-0.104860850837,133814.20593577475,95052.31323701677,11378819.1568
7.161714438410296,225222.80811637494,2.3904332419144474,1.9278412053307774,0.312952050797317,3.1137213941660367,0.15650181896783283,-0.0419387829049,-0.0409675228683,72681.26764197853,30775.726368594685,7564224.63498
1.021340228603602,207128.90837194776,2.631911765188161,2.4984246091865896,0.32185250242647784,2.643201169849934,0.46150242089831073,-0.0498791385601,-0.0490042124024,22870.04760552722,18691.83038310274,6000276.64147
6.257343260356182,210512.99235039667,2.667756847411683,2.761572297182237,0.4019005059079068,4.996172275358857,0.15610743712569364,-0.0381527105343,-0.0375302179885,67251.44391402947,13711.314793286138,5772003.51965
7.068512175491091,252704.48079409346,2.542718807556175,1.710345166018864,0.4402409382622,2.734659618500183,0.4810319594947513,-0.0484175748423,-0.0479973555152,90515.18916073842,54998.59842353143,5293222.86581
5.483856637649877,515831.5697483805,2.203509062976422,1.637318946068959,0.15691664822573353,2.104652323981546,0.33723291203655537,-0.111108080432,-0.103385755219,65345.6759779492,36206.55949867787,26608661.7003
2.2585584671887595,522099.60412965086,2.31043670976582,2.9979416269842103,0.24946669812705524,2.557066862351104,0.37321674540044075,-0.119921597219,-0.116213563861,84757.88642409556,40558.42586994319,14883644.5367
4.965341679074003,287860.4435099585,2.238246665230413,2.386138514377234,0.47010349178125466,2.547993216146255,0.2910478684266358,-0.0592819107242,-0.0590631949435,47434.5723694447,5131.4361406463695,3620610.63307
5.52468859143818,306349.1494463996,2.589159873869894,1.739579362374614,0.4319473396599415,2.5242843888193534,0.07962628262314903,-0.0618527406576,-0.0613429523211,86876.78992042747,64076.72635107962,5863731.4671
5.458662440067114,373044.9925848456,1.9287651308888356,1.5173409046474824,0.4655929780607626,3.4451548645289125,0.23662368929635375,-0.0773283113018,-0.0772143911562,32719.285317419355,17015.241871618073,3792200.04055
2.7731949553048034,14073.87008190133,2.1308105592797553,2.1156568459425635,0.23100138098556308,4.230777523970253,0.3154781236016529,-0.00271860533065,-0.00252331864211,3583.0019293383903,1722.5316678883064,2422307.41766
1.7172981749364897,257416.06525137502,2.583379117248625,1.5752835315725595,0.2839816890880421,3.1045799001715126,0.43992251322988013,-0.0630029500137,-0.0615783398979,41755.140641627,37458.81971795501,8586794.1953
3.2955166325172316,335920.3089412984,1.7120998161250203,2.0119469226333875,0.30379267519209896,4.7880512658414025,0.35577657881524843,-0.0766776953678,-0.0763864189004,20415.96522407348,11161.383227244654,5102294.86609
7.925580326690897,424207.2862785687,2.261713192795663,2.8096690596302465,0.3273950436054672,5.770915703890781,0.1373008833363268,-0.0720386622044,-0.0708654167823,108325.81174449144,16427.251907478952,9377304.98843
8.40328058489273,179225.74870757767,1.5609076067941017,1.7111179868052744,0.49551307757268226,3.6468162784164297,0.3588291740512893,-0.0329417766491,-0.0329117254042,1097.0884645062683,11349.758226241758,1473293.03369
2.562663427868003,226375.80381697314,1.6187698604986185,2.081605567302084,0.35227443774106104,3.1927330463574393,0.336757836041868,-0.052570743192,-0.0524433124384,13768.927839961483,12427.531368473114,2059374.69982
2.14198792685319,386057.81133099535,2.9910060675896712,2.4871591012972183,0.2515995114846351,3.2781718532857025,0.25901624314010846,-0.0907134858896,-0.0844511996504,91194.9433782065,56289.37605500123,19327132.5622
1.389947211594676,150066.8601625724,1.990679968776373,2.0111661470094013,0.3584051000500613,3.5071494353501804,0.35268367999007766,-0.0368246569596,-0.0366930012584,18034.65369306634,744.3978889008981,3310941.12075
2.327224080763106,211310.37593506818,1.7524152526084702,1.811322935621858,0.4894849409659311,2.5846381987864637,0.21437649486776367,-0.0498356153485,-0.0497866667815,14113.500633788166,15650.842783354972,1967715.20977
8.87419369309211,55443.987783778684,2.890667861905372,2.198727007520615,0.40313374801593316,4.341563564106858,0.20300310252562803,-0.00885723678965,-0.0083259906606,68120.32996165256,14254.093431227877,4729743.32752
3.3231137892581586,370964.283349956,2.736555845055216,1.7979778647774287,0.4431870428266066,5.556983558047474,0.3575324278106921,-0.0857104238981,-0.0850309721982,129455.33610492681,77112.65051540553,7452405.608
7.105471655972011,599043.6011611104,2.974662961486129,2.6886974198569087,0.2237343590230425,5.593249372873318,0.47585833579015596,-0.113165266303,-0.101668896538,202080.7971731565,55473.21698870158,32307185.8454
5.162295415497959,162060.0095020166,2.9180318449166167,2.6778066961131826,0.30493736322268106,3.9499318569579343,0.24573831274390334,-0.0316158367519,-0.0299604641439,78333.4635808073,14094.539981660251,8451049.85188
4.863659478763413,359033.66538894543,1.6052415918966336,2.5353262022911505,0.285584563383558,4.0878985121385085,0.29323760819365785,-0.0744004851597,-0.0740818135481,23021.48128884291,8543.289148069065,6135530.62656
7.160890787374553,590018.5409684055,2.0844282357458335,1.9166907564965525,0.24290611549454189,5.447652867049884,0.339092801356995,-0.112345595245,-0.109716863903,103562.16764144361,54098.099012176506,15190058.0516
4.952194723913234,287580.583714282,2.1806963500066665,2.432861864639805,0.1848496168754123,5.190532404969725,0.4951990976805064,-0.060685137645,-0.0570262816801,39712.16901115217,13449.333008747793,18320112.6483
3.6050516754936615,593423.5940594767,2.324728619381656,2.852261097446579,0.4857264419756867,2.8186187652505796,0.16463437975633707,-0.127182580651,-0.126742362845,69339.93558451139,23415.755485120913,9307209.59818
4.358384031055488,176683.036790484,2.8524189788706176,2.9250693473185994,0.4376596758461362,2.0898527040148642,0.22033800252684826,-0.0357871319143,-0.0352599988774,68353.65771247093,6784.480007049743,4978635.62185
1.7423290753284086,254238.1466572369,2.586967904409202,1.5346989306448056,0.2618767685228096,2.817791073337342,0.3521929120929054,-0.0622567201214,-0.0604236338596,29497.755313395475,36176.87619961345,9700769.89574
5.286396537802422,489874.67632167815,1.6362328735547478,2.5378880419105614,0.23508506655449385,3.2860609908347684,0.4350290749215728,-0.101165134826,-0.100250456032,56393.86308436233,10789.239373418868,10399357.7832
4.166759287753908,360904.9035804212,2.8095474931461917,2.578912676761309,0.4841465878792718,4.6727302209102,0.38549216490612287,-0.0752351708696,-0.07453755084,85479.77552158163,72440.16030154043,6675735.26807
3.870477393088695,117501.19051957663,2.6857381907469526,1.7487074039742092,0.411943863405002,2.489740396555696,0.4118430923131438,-0.0256303795139,-0.0253038928465,44593.220923934896,32284.218862115373,3366672.63153
1.6700279762059147,378913.7281274226,1.7306679761576447,1.5253864995826276,0.2526593609520814,3.6873578178874387,0.08582054279709633,-0.110209440304,-0.109539752748,51852.374258027114,17056.460935617713,7885414.21119
6.941010409938218,496311.993956711,2.4144711045956813,2.540754746756285,0.4993850289168118,3.2685762922671664,0.16447052258415995,-0.0915208413317,-0.0911026629409,109403.48166654781,22251.80298970181,5887717.75055
9.095570683772932,99783.18714084532,2.220525560049529,1.999808509988545,0.3237010489512199,2.907184264535727,0.31337906869489013,-0.0169698846473,-0.016549769442,46676.92472991307,1369.606019502489,5179175.63103
8.845420484604613,340701.30263822945,2.7024074863218073,1.929038152302748,0.47971188651568974,2.144324084044502,0.3082832629740477,-0.0589966008536,-0.0584376542256,135108.0908761024,73635.3728337199,6887679.48068
6.416160223237866,302860.79554193676,2.7232876455546204,2.116419707893741,0.3528908977000661,3.1898265187011647,0.40310609656488555,-0.0585423486501,-0.0571361421109,129324.42011222515,59904.30435655696,9320646.66208
6.365626158580399,233000.82779379244,2.1651617518114565,1.8708098832391684,0.1979488458322844,4.164157006914283,0.2537909222707034,-0.0459271769193,-0.0435914014425,35040.30169229756,15595.081035113362,11717780.138
6.596356557038735,393243.99100423825,2.198322985761058,1.6896117772620671,0.1884974680962222,2.969884324165162,0.22550835452917628,-0.0785146246264,-0.0742862943501,67584.91788875552,36342.11908375742,17292838.289
3.7980529291066114,337344.3504901378,2.809255483935323,2.145387166968629,0.46791869015302345,2.6143624207345564,0.3238900302497872,-0.07285275083,-0.0722647951347,102394.90196242032,64681.819054480824,6089305.06405
1.4855562339223987,206773.43783413392,2.516244666999865,2.276896972816874,0.2760464827528216,3.223716252548803,0.2286293498736932,-0.0494443910441,-0.0482446987515,23128.979502505823,15156.769995701272,7280355.04171
5.253198084832843,576848.7715780723,2.002856006182347,2.392569096085643,0.28572902444145043,2.111638403534072,0.4577327433554239,-0.11993731527,-0.118545184957,114125.30250901409,13230.311838245652,11635016.9335
4.766926201629056,551170.967010874,2.2057558371097477,2.9674988054076534,0.25717989588698015,3.8126049259048496,0.10220895111440359,-0.111316170093,-0.108497756785,117750.85723886156,32305.388883372045,13900630.6201
3.4600637436696813,67423.95871838354,2.807872239211087,1.595017342872171,0.45683540909301723,2.4804011748677484,0.4309224258746368,-0.0149933904954,-0.0148116288912,32644.572120913388,28809.95701337705,2308092.93671
9.394121322060487,312082.5550906572,2.9766103881735546,1.84908543677146,0.20236641860922427,3.417435225681028,0.28723209096357344,-0.0551278796038,-0.0465064526589,117739.77930915158,52045.994132557295,24515471.1133
7.762558809104796,361484.7899940683,2.8832019902674415,2.2291497926035184,0.4848257559634791,5.9215748256928595,0.0673301212268324,-0.0605284532355,-0.0598577730016,120067.56724581555,80582.15381207343,6775821.13997
1.788647301692682,403123.45923092077,2.804448093995215,1.805243740409084,0.22878187126628352,5.080096912700943,0.4066858727077985,-0.105335730912,-0.0989316169241,144866.56544695442,89283.3082295675,21103515.7122
8.590070275733899,246902.2276673419,2.9610032976013376,1.797471614400893,0.16090521706029956,2.2991001596169163,0.07626423566264151,-0.0472136089178,-0.0370193304236,67648.38433258783,15699.616252967351,25637941.728
8.308835093221935,10058.27909824033,2.289817632245198,2.3395301974709684,0.2265041687462081,4.181277203642656,0.25624029636353735,-0.00126395228516,-0.000745521499281,17865.0692168548,23244.480414561534,7063176.37927
1.466645210730021,374379.31281966536,2.9676667225408306,1.878511514263597,0.3008388644043041,3.50163075388845,0.47365562011714724,-0.0918683558657,-0.088962467695,144850.06727949067,78519.39115100332,13594166.0145
3.4615014862355604,575220.423562708,2.7269943155581657,2.249317586063078,0.3345005598969953,2.6488494740314694,0.43727925935033524,-0.127497333517,-0.124917610489,185523.8048688589,97087.48568025888,15289570.0605
7.449483959825242,408340.6301649422,2.8024238857253705,2.572208642834892,0.33277605818884237,2.3262810185118186,0.26767892343007627,-0.0743035275946,-0.0717255911312,187829.9502763611,44466.006994302945,14353021.476
3.8747907351119046,225497.75889026714,2.72378238538901,1.6040387287658573,0.45712040026423295,3.759500149456137,0.4610538104001771,-0.0497178781241,-0.0494026580035,68442.97580348405,39556.938635025756,9289140.85629
2.536672452662764,121125.68277514477,2.0435315229145132,2.262805853349247,0.29924976762416355,3.691887035055554,0.07408814763647958,-0.0271763610401,-0.0268788310967,13451.212535761675,7286.6061451137575,2995143.39845
8.265110669449882,215330.3732104964,2.6562352962212854,1.6890642056282972,0.2790821762838749,5.462876038744561,0.12110456938810062,-0.0371110877539,-0.035165898993,77809.35339478363,50561.8917735518,10159719.8618
2.0173577658722985,575504.6618581837,2.1618356106642223,1.5243699852624135,0.1682384678219125,3.5908729967599973,0.35470434780507837,-0.143141730438,-0.136880131522,115649.92730688212,32885.26666537865,29158892.4798
5.1907000445922975,310216.5422109216,2.4643323412328506,2.3073541594994094,0.4965311244010078,2.3405802727953886,0.09104965998744713,-0.0626849579066,-0.0623965412553,76431.51082306168,24290.183808195277,4204550.93873
2.9842877817533227,408589.75879217207,2.581742669682391,2.433976230535469,0.22588332027187802,2.3598176850259684,0.05031092682324119,-0.0922750395386,-0.0877376576403,83180.59216443659,41805.138290254516,16175805.6052
