input_depth,input_top_load,input_width,input_height,input_thickness,input_h_fill,input_e_ratio,u_y_crown,u_y_invert,M_roof,M_wall,sigma_vm
9.219190319149963,486673.24693523283,2.9972543161992213,1.7747180611847035,0.18245544365763866,5.960111604945718,0.12261324724160663,-0.0839536201402,-0.0702375389458,99371.4531995702,62966.738638783434,31941394.088
5.061003397678429,138663.67610717786,2.794964101250951,2.465270297245813,0.25525009984774694,5.081396051892459,0.43590369553521896,-0.0281001236988,-0.0259153180108,38114.72376756816,15721.812248505832,9067494.1382
3.814480760847472,412554.08520454075,2.24518700154581,2.442068003339787,0.47540172375368395,2.9226271071183434,0.24284768911910515,-0.0888764107231,-0.0886066296882,50199.82131184429,15165.789291277311,7192799.79651
1.475061221849769,525571.3672985286,2.490386240430886,2.6239402705026897,0.2579774456790261,3.5382245187680526,0.06324360694844514,-0.126501463117,-0.123293206523,45904.75009119699,18806.453285297113,19822084.5515
8.336309068322578,106670.42626427725,1.7117559755578207,1.5601189584463109,0.4034562534948162,3.081979068217519,0.22791388205984414,-0.0194758975242,-0.0194139614207,17344.688975230627,87.2776549685987,1816707.4341
4.5306488078986344,396495.9127258268,2.9779682749816,2.7031358640185497,0.39118041876186954,2.737417165596288,0.27695305786540947,-0.0810715080336,-0.0792763213617,157143.12571946046,72745.91236748597,10700108.1298
4.078011832621327,566605.6459265315,2.574923679782369,1.6470184428464743,0.290155196026755,5.61855627389912,0.3029466073759011,-0.126210805257,-0.123093795721,72374.5502533684,85439.71562617944,19291989.9878
2.815746251224284,205519.03443136864,2.3378046729368975,2.2488799721569768,0.1771337047176043,2.3715129585874464,0.06587526407120624,-0.0470161090192,-0.0439404813229,43946.96557186134,9866.572725241002,10645628.3556
7.749381996242274,117029.49530428495,2.5211195072017145,2.504012337275455,0.2887599301803733,5.66264173566085,0.28526705803186425,-0.020126444582,-0.0191807817706,54802.90612660395,6490.23945299612,7337142.94621
7.213163707066576,557847.6976554411,2.092094271175507,2.334672952210812,0.15415798217880697,2.4937733538745306,0.10883068096898707,-0.107753214951,-0.100149739563,67110.38764418523,1314.2555191068543,29644592.2413
9.444440870771603,327855.49508846534,1.6717487839303655,2.1508535663590336,0.27855195449051323,5.542082437094937,0.24256414006305782,-0.0551972027959,-0.0548299907541,32535.016267360992,17252.219547663008,6818000.71589
8.474402336789488,573762.5226639953,2.120825362746678,1.6017505214727192,0.4060918777461503,2.129477240629907,0.44851059852770847,-0.105109563307,-0.104617646882,113155.14755724563,52206.21721924952,7671960.4419
5.209975689437333,53352.07705765179,2.8263716914699035,1.9164984898182342,0.37282427089493214,5.481469281497599,0.17907824691352575,-0.0103751375304,-0.00991659599785,24783.264579348765,19492.408919484664,3296435.1191
2.548487587400044,523110.4905611933,1.7703718803647237,2.708063135892512,0.2038032783104661,4.6729584513257905,0.42304304301345425,-0.121519083168,-0.11975368459,35134.60007708626,5172.289167394787,16541342.4195
8.650377709571954,107117.90253068796,2.8008352617040835,2.989906392394248,0.3996245146638229,5.968224108318402,0.14765535673215194,-0.0162491880963,-0.0157482045458,61224.23764775493,21981.4291056233,6051119.94471
1.5159929213048362,409611.2407792309,2.5493508382792545,2.2894305246491538,0.22276630785959364,3.3111621537787754,0.18351894806483476,-0.0998295889875,-0.0953861291755,62465.26684791799,25834.8453403368,17889187.8093
3.368930982731734,103797.35630057231,2.5027346118100136,2.397788351728968,0.16275891084032545,5.406451055759854,0.146640405436377,-0.0238302180211,-0.0207027928944,9062.350580689394,232.54612055849302,12550272.0054
6.70761861996023,331928.81059033226,2.5884375740352707,1.7819170161317381,0.38496549492730125,2.917214658913069,0.32517160261809336,-0.064038355592,-0.0631612589714,107705.49199110753,64629.539878552365,8088565.28606
7.705331685536279,4248.699114221499,2.144830041931749,2.853059200807796,0.43024449169039936,5.637175396927608,0.05265885065686123,-0.000219290907336,-0.000235079773996,7312.900370277485,43987.30155529402,2874464.99447
7.650608393082473,567552.0067445721,1.9062981698096668,1.7565369101004067,0.21195167390153632,4.067577897132274,0.3104617900491796,-0.107262482514,-0.104646831654,102646.21113267925,34216.99189495743,15883839.3979
7.748206949577437,238307.11677618837,2.932578310586276,1.5806867416077763,0.2594058014820929,3.405473580119019,0.15482521255064977,-0.0440590088739,-0.0404502569744,114760.86010015426,81181.22401945716,15462805.8116
3.9551526338922853,529751.7675633233,2.5481048054569158,2.3340693411346205,0.4547907153564178,5.679865579537918,0.34071085669454254,-0.114585580412,-0.113926520137,79299.71833605407,61797.81224760734,8466534.36637
8.135926658402047,599924.1442610809,2.8064581196281835,1.966452237234487,0.43752663903295386,2.9027889505433833,0.07437915627994013,-0.105434595978,-0.104090950178,228147.31632127962,139852.40183314148,12561861.3785
2.988869275239151,402608.53317272733,2.9531542813748457,2.0720127398541037,0.28722827285480945,3.553006451522958,0.3075205464928928,-0.0916063454902,-0.0872212248375,73850.56747481636,80886.74218055392,17142930.7007
7.8713101013094855,195642.76346101094,2.8889826309567264,2.7643711963888946,0.4200015535440472,2.256250250031381,0.2384117158480662,-0.0338997492863,-0.0330946481534,98413.13624539581,6590.192017896785,7225757.80896
3.4224093946618876,402365.9279693163,1.7793285203345581,1.996211188570216,0.18855674074122467,2.7404514951759524,0.3779052822849352,-0.0912222371785,-0.0893740096216,51496.436851157865,10022.52519821967,11908554.8065
2.3083360424772885,20914.72789319111,2.497592683287135,2.207929020447102,0.22385664565200944,4.251794999352863,0.2145464571426428,-0.00436339568446,-0.00388690508619,6404.897454339847,449.1684935572692,3633234.55786
5.186024271775823,553955.215945194,1.8930275784903448,2.9476593753663876,0.2659941820237857,2.973787148725531,0.47185647185329543,-0.113224608292,-0.111912559789,76666.0819493401,14206.69559669072,12790987.8514
9.528980665309403,30093.026062213692,2.6983414594020125,2.8374925007701446,0.24265255344392497,5.708638940749411,0.4050088572859159,-0.00432401390207,-0.00324752318383,39105.087893246564,37348.68001674886,10961342.413
4.721269058269961,182883.36745619774,2.533702319981784,2.254894780351579,0.3175686961934103,2.1345183360523836,0.12403566465996638,-0.0377455383533,-0.0368121397602,59193.15873980371,20479.51838013525,6651754.87638
1.5565425660398704,190374.17108773263,2.770292514494484,2.010978330022464,0.41522716897236955,3.9274854535455113,0.2605678031939877,-0.0470341077885,-0.0465597614548,66606.25971768315,31755.05835111938,4704500.86048
9.324988214293352,83934.25313543365,2.2170947972961335,2.4474853856549963,0.2295294346018006,5.409227230505772,0.3077279779185865,-0.0134746752503,-0.0126342373969,30478.772049143783,20777.030238820906,9187875.57921
7.318691899652087,290723.44972120575,1.692011126911245,1.848263627999945,0.3663426584279202,4.705438841931166,0.23230514622749276,-0.0547512793946,-0.0546013681466,20912.217035913935,1296.3472830337334,3219255.0577
9.679395218944599,229764.14360217418,2.1109143925792613,2.008136688121673,0.20495926342034623,5.102806855769666,0.1331394521166364,-0.0375351689653,-0.0354921043814,60229.974503643265,1030.2909181439645,12440983.548
4.054815688225307,169613.24776568657,2.7116958536016176,2.703853624180339,0.360105720849381,4.181478071027968,0.08890309543198707,-0.0343173130666,-0.0334272763752,38231.550294757195,25164.199542580925,4901545.80479
1.0747755713874008,171954.6579714722,2.1144258708845936,2.026931766428146,0.34201244116432705,5.050032635530595,0.25249911447877765,-0.0494533058712,-0.0492135250832,28833.88578883429,5425.031451883499,3064421.91477
4.648612007108746,487648.97813399456,2.4720289558979145,2.454548032598102,0.3012523031873151,4.5201147230768095,0.4497177300348357,-0.102017947804,-0.0999415421997,134966.68309856977,39441.919459575736,22830987.9254
9.746457569506331,100948.02401886182,2.3915743170631734,2.8693455626685607,0.46938713720398606,2.987592062440657,0.26275708380137763,-0.0157257148286,-0.0156066598697,22241.714058065812,47302.39677386349,4133257.8952
2.632709385463663,112261.47952155216,2.9608839537150256,1.966936307272264,0.28997227342027854,2.3979497408633748,0.2281814613041943,-0.0254901979797,-0.0241798945379,54154.228360604146,26051.105061636375,5792027.06968
4.139391988325181,439721.0985129825,1.5856192246889336,2.764573129703801,0.17387837756369748,3.96231125776478,0.44511293123346535,-0.0946324369152,-0.0931977108888,19577.91096123908,5633.795146393367,14507090.0517
2.587744569135407,393419.1876644592,2.8269256440521646,2.4226886594837764,0.44796736222614164,4.344273114112498,0.1516510884430552,-0.0887317824031,-0.0879543660575,71110.12299356547,52063.12809509516,7471161.62413
7.1932081659611775,75122.24051025997,1.5297050187609194,2.42369016363421,0.26124561852636735,3.3444525648564887,0.3895915135704553,-0.0138218530086,-0.0138483625581,3933.630804758853,31389.45136824886,4721941.74243
9.556123683540164,141388.26487152785,2.215594162674414,2.029815152994427,0.27457832163333906,2.119767648178884,0.4761581357345465,-0.0240103124442,-0.0231499685856,51615.99767441187,1792.0419912106734,7700297.68071
7.962735678226874,17074.399222016124,2.293015668493453,2.0663163622220724,0.30305610117097354,3.9256470173566167,0.33676878771638363,-0.00272393211401,-0.00242426666083,23024.02572135915,8503.524258477792,4038165.92527
8.598690278457,89626.39214171833,2.7405117424380894,2.8142926065828617,0.23136960856529815,2.982701101814434,0.34476265479740037,-0.0151291781776,-0.0130631380799,56402.358917099715,28664.538011280438,13735991.9068
8.34122378568181,160312.78374972465,2.9654829290456832,2.195842204397631,0.31238973943138076,5.880103940628547,0.1337787592489661,-0.0264586889426,-0.024577719134,99291.3004564088,40457.2895989856,9399687.91823
9.179408723643757,212694.8007298075,2.9276635337060837,2.357114381886583,0.4321140654890463,3.7431960754887657,0.1602002880553644,-0.0340618914421,-0.0332081474994,126987.10134675058,42569.82162400823,7366128.29991
2.033384225023678,161242.8917192864,2.8253799079699418,1.9040112990300464,0.3734956980129346,5.524229726075704,0.20427237707657758,-0.0448679963356,-0.0441922323955,69303.85881144104,40426.275920920736,5165229.82833
5.441119133875842,467853.41261483496,2.6236984498987654,2.7483640879226394,0.3000132084957481,2.4776000429633838,0.43498319721904705,-0.0940828900309,-0.0911378389408,168429.9947701883,36428.452296512,15275896.0106
3.76790191286846,110037.81283925356,2.5898314071555917,2.3873626572406597,0.3767342963723907,4.85594016310314,0.35249646872638407,-0.0233400828782,-0.0229395551163,24680.216779111866,15344.597868642299,3371928.47527
5.336191462955732,186511.45651938775,2.5158145456487215,1.8975114755030362,0.36498495971850825,2.8549153814739334,0.3757575558907474,-0.0381467620402,-0.0375563390213,62808.39277442035,30382.221949341827,5236179.05513
6.04333686643729,182401.5609396812,1.5897461325190654,2.0417200962048754,0.2503349352972557,2.0567020464154675,0.3187892962611976,-0.0367724204552,-0.0365387425912,16659.413186889014,12940.006238019201,4730209.87194
8.483463802548187,356072.2119794746,2.0785927916748212,2.130088437088821,0.161047183298559,2.3315950366709988,0.34613184324932006,-0.0655570248583,-0.0607979573202,51930.16883714148,5803.715108220377,22297789.7439
4.61683588228229,491484.4097028793,1.8522581997653158,2.3343139793840773,0.29853040740891457,3.620888948234124,0.39737205274910203,-0.104145382107,-0.103412571359,59108.49446427919,13739.71129485301,9426661.55571
9.902134131978903,569912.1775297534,2.62178926959272,2.9559566809181166,0.2290973477010954,3.3188552135123954,0.17234145393722272,-0.0911112911813,-0.0839829501981,159326.31562457766,9032.862896981924,31056943.5563
6.028434076994108,564180.2382414733,2.5190383466182533,2.220348502887911,0.1642141828666055,5.992772306964711,0.2808955676468372,-0.114255120291,-0.104166268967,112775.64166646569,21450.53802464328,46560082.5013
6.265149403975244,119576.60332553685,2.1372201205186636,2.5004884697859207,0.4530904248982751,3.942776289076473,0.13155631539771268,-0.0223041774284,-0.0222087617321,19364.76939265306,14329.345311991752,2402692.37853
6.400477332939095,476354.86412553233,2.258300109921114,1.980247005181127,0.4661400386970219,2.7753986992993718,0.488817955839536,-0.0942567267699,-0.0939069127975,95806.67470868076,34770.17730916603,5501369.12495
6.026318740144997,560417.220515241,1.6068746001405616,2.821181801829546,0.23846533801890163,5.367890684833887,0.3025619985447202,-0.109891195979,-0.108944970679,49298.895816385084,7064.193192054584,11114559.0165
6.564859673572866,537824.3922965848,2.1637543668869883,2.47040416880217,0.1533313521355245,5.380601805830735,0.17847621335215214,-0.104180987122,-0.0959479367329,59695.64916743439,10690.341887186043,25587794.3813
5.944705876678044,91109.98585306027,2.989415513378382,1.7849740085788348,0.35231444762656106,4.335964027226614,0.20362700899571362,-0.0175294203142,-0.0166795966122,57261.168568628695,42855.71004318921,5443967.51366
3.8701799278770883,19933.09346214378,1.557162814943038,2.6863119204057524,0.35818822347005413,2.2667325556632214,0.307274155158308,-0.00391999375997,-0.00394988226077,13850.999804759425,21550.1459274483,2169426.2087
9.318997216495458,97223.91301896048,2.809262458593703,1.9987859867885036,0.45537055335429777,4.998206180414573,0.2495857845380246,-0.015565724582,-0.0151743594373,76446.06654099484,30865.652379075847,4358883.81305
4.022380786997777,21781.92164415753,2.095329366647892,2.692970129756329,0.2680102129621647,2.6809330262412674,0.28542746494995647,-0.00380138661809,-0.00373871739701,4395.237034562644,20312.098645160862,3681580.71268
4.467592189779834,479292.6679446682,2.1857891851657714,2.270734645652154,0.4798153105795864,3.2071384839506925,0.34904144470281595,-0.101549960337,-0.101274721194,67778.86496116772,18827.53302791295,5663644.2889
1.9042136536047982,472055.4579669432,1.558964892532678,2.847953633640808,0.1837090171978048,2.4178870258707574,0.3920735366506974,-0.111081687782,-0.109220397717,19119.263025592856,14168.350432734667,11131022.7227
9.228749312128238,279523.15154869866,2.770208849264506,2.678346902901305,0.42829300503652834,4.163855994367717,0.4806387871037811,-0.0455371457512,-0.0446953974748,117226.65789904546,13480.001221085235,8266624.17114
7.487304495771653,238143.48867934023,2.890158257919293,1.9278416097624986,0.19706415176663325,5.461188518820164,0.2876219010314966,-0.045146204078,-0.0388496875431,81106.6120388282,34910.31451963334,17761168.9105
3.3334828251119895,404120.1416769902,1.9606790896151511,2.3294531022448766,0.354386770542078,5.955655146293026,0.11336705962164,-0.100197894445,-0.099756011252,52847.93848500173,8151.690131545977,7456455.76509
4.412388020185743,527572.687347971,1.760811299483068,1.867031646508245,0.18265849502612452,2.9864086599621364,0.07049330992886808,-0.114643896358,-0.111930088752,53575.31390616318,31517.37531673722,14794755.3783
4.535711016784878,181290.6094117755,1.6494973301141176,2.7248838943493885,0.1873408356571968,5.039667941918317,0.19522191417826185,-0.037206458769,-0.0363273954613,9699.37879097257,3408.197428856305,6456061.91157
4.047147403941056,529444.7663467686,2.380868944828854,2.6733701087259916,0.3343131230349347,3.6258047908539366,0.24108911296266827,-0.111794547687,-0.110330335691,98522.66854604782,43680.12254064402,17004370.0359
8.829086308703193,275053.47712254844,1.6651959707924957,2.2601960075277363,0.4016450717455582,2.1216932630725895,0.2740939418801771,-0.0487054243689,-0.0486164162836,6429.133682276973,32985.51663978878,3689690.0115
9.858025311317649,114931.17539666413,2.7073582077704583,2.128815772249371,0.4865598365691961,5.223920506006465,0.4124857751662119,-0.0181848309241,-0.017888362758,73014.02970596773,22816.11678378098,3949899.92722
5.18752633330193,578599.7953638657,2.4012571362983923,1.989711534149964,0.3794768566532842,2.1811198858095655,0.1411141112447933,-0.119710977779,-0.118628210618,154901.61253123757,71361.56059225796,9977882.19565
3.004132814202113,294868.3033475579,2.343711709328983,2.0014534702413447,0.2011251147234311,2.9374435981503195,0.25324851333112675,-0.0677451247971,-0.0646808335912,79746.59838807712,19067.666511492913,15901768.412
2.037836371991271,56799.55857831194,1.723810435302605,2.9328175560813965,0.303710984818958,5.967065921228524,0.0670182377227115,-0.0194016847499,-0.0194474640581,9097.597389459586,25632.84529301884,2991638.19927
1.1539660406413865,206472.48516617197,2.472515415589728,1.5883167157054972,0.39798024180384656,2.898554588277503,0.289490215055803,-0.0517415776726,-0.0514551025713,47783.268840939156,28593.303484079923,4285253.68864
5.2760394680593965,94783.03791186262,2.577927276102764,2.727448077460961,0.32164033855025215,5.90764395656136,0.41554491586425163,-0.0183203554671,-0.0176930074175,24000.466020706484,6342.7408733670445,4909513.11612
5.337480501121076,21354.51267115007,2.294601878863403,1.6000783903265514,0.2158788859825082,4.9639423347161085,0.4430877454468071,-0.00424104380396,-0.00358361698569,12393.000482674659,3598.6976938588814,4011677.8204
9.897267953408427,238180.4775986326,1.7585456997620588,1.925667100770204,0.15405622056836743,2.9912421523024806,0.12248877922728017,-0.0403511651771,-0.0382728853562,39375.92233430704,12770.329692476882,16016203.7435
5.244639884001454,63456.095475811635,1.70032611904358,1.8961996425357122,0.3969887763283376,4.207551394495532,0.4090977619221672,-0.0130927718966,-0.0130591239145,5824.560623126009,6479.529224040608,1254564.76344
7.185088705266008,420735.1943759644,1.6439816709026478,1.6353485451750867,0.40072817026955665,4.163194761268446,0.24232778222594986,-0.0810109781553,-0.0808843047345,29909.156010286195,3425.000354649727,3659837.60732
8.769277033967342,38504.21282704357,2.6377190108168156,2.1471504707948337,0.46919615977717666,5.116385205075598,0.4823984501127602,-0.00636345308525,-0.00617343903146,40875.50245045576,5550.623142323385,2793952.34326
1.123504158969983,94055.35611104325,1.8958046121563101,2.3412332217101453,0.23127056274638919,5.962307283110108,0.25694330499241846,-0.0275014972899,-0.0272200647281,10314.59943737741,4363.351392287058,3493853.36708
7.948042580712447,490663.1065098579,2.681480890886414,1.8264362586631178,0.15433417924855067,3.1202727269872343,0.18085235263639582,-0.0943699438704,-0.0807813809008,70460.721530736,34379.238357249946,34247456.8394
7.724847128526543,1748.9489394286961,2.9928437839257223,2.267038708325454,0.31205166704974163,5.441960371533758,0.4093693042533137,2.30601342413e-05,0.000790395023643,37748.41550155798,3557.3204719413916,5349258.37805
7.857625859103266,291890.60825230303,1.6361885260517794,2.49939586971143,0.1790163423584565,3.96017659590765,0.34807751008485227,-0.0533343453161,-0.0523127741507,34882.10600800498,17596.15661347678,13528426.1008
7.1190595821315235,178831.74547273925,1.554706209985976,2.695008804129851,0.4366415039110304,3.803542873797803,0.3487852165071295,-0.0335909990299,-0.0335704311187,24370.429490115916,38676.73327053182,2994653.03927
7.95054100203522,560691.9121323791,1.6221416672107027,2.9226775524042528,0.3611682971071469,3.7958377207267127,0.3884068807139243,-0.101372358098,-0.101167108167,2392.0114597950087,56519.386406599515,7975186.74429
3.306546585805072,189368.52403970156,1.701510412794467,2.347707524871999,0.22010879306226053,2.7765968766719,0.09337444548315355,-0.0414022429605,-0.0409308553281,17889.49907531712,219.24851506058096,4942922.94636
8.889635835605823,278568.66969220067,1.7233799627990682,2.8790516130487633,0.4226516574302891,5.247350288196895,0.25257989167327766,-0.0468982627428,-0.0468360408802,15480.610746716427,51521.74364847299,4544946.86242
7.47054522969323,255898.91682612227,1.588755686697922,2.8131458954915467,0.42200178109567255,2.57779945374648,0.17009124119661784,-0.0471462089806,-0.0471116794326,27968.21830897691,56017.13784744018,3981369.89923
7.313984198252457,179779.43058498178,1.8939205275040556,1.565751841345063,0.2238221958313924,2.0977731933863244,0.11250575853436734,-0.0345481603821,-0.0336757273012,42716.57806467084,10673.85161922183,7165247.70738
3.8843100073874703,477977.8386399946,1.607881035423866,2.6460379566160763,0.46226150744774686,3.308316173083338,0.23448058693135554,-0.10335955833,-0.103247523994,18218.051405169703,17861.75567158519,8208001.36539
6.910003575262281,13834.683505377798,2.2365800736069597,1.8484500375765158,0.33496514285670775,5.286527618507014,0.1526324203720996,-0.00225919366218,-0.00207985993329,19055.427118376978,937.247783462136,2460786.67065
8.200532688951927,434657.07710839156,2.776274134421193,1.8189792820768633,0.39065693730589945,3.808769422105502,0.2661002610029785,-0.0766515084571,-0.0752360940669,157357.6588180567,115387.48315801921,11400925.6123
6.873295380169402,570965.4180822895,1.8042202929470286,2.8780500570217713,0.3343259161691945,2.503782212792792,0.4803425569768307,-0.108988531961,-0.108507253445,54634.4269428067,42620.505476411934,9701726.29742
2.7500636374083567,191098.4050623111,2.425220195480895,1.720978864062893,0.4727129160450261,5.712369705985102,0.3040165300297243,-0.0483330668747,-0.0481580119892,47643.745939580025,28076.011158268597,2871087.72814
3.814907335524749,400617.0173676418,1.7075857804831682,2.1688827418009797,0.35516964577969384,4.448853734473083,0.17658723106092872,-0.0875155821845,-0.087204392117,26914.897230992865,32684.933287057298,3935509.60398
7.715361024154083,20566.262151353065,1.8366211587145944,2.6685516543881787,0.3699664595798156,4.221377877685633,0.12464446057334352,-0.00319552464231,-0.00322707403095,9634.960371630701,40644.05482642464,3247109.6427
5.454995057829842,192671.14600473607,1.5439761841555026,2.1009278283610944,0.2073533906726858,2.5560798926252954,0.47502532772113804,-0.0398809018498,-0.039497896336,20823.28581665373,11789.622896847446,6205379.41968
8.476014560532684,47353.74060684691,1.7310609532875991,1.7899261501452224,0.3994071679560236,4.434103943447258,0.12719382624627895,-0.00822170885954,-0.00817923440106,9929.441556671343,8805.225182777724,1564721.92537
8.131591194447234,142938.67361582734,2.5540459654699736,1.999648269389319,0.3345105687030555,2.05560201133424,0.21700417001764966,-0.0255852330454,-0.0247499213374,66260.42257702436,19736.647044858168,6621324.84979
2.231786738129023,43041.51763066753,1.5251512050590224,2.0955432544885086,0.3295828934544613,4.8726121283413395,0.13007345818029556,-0.0114739800569,-0.0114635794672,753.4870716955653,8143.191129288898,1108007.8757
9.454637712295883,135872.94944891913,2.194164523519056,2.392708741832723,0.4532935765742431,4.915915501801477,0.41023410692778894,-0.0222745333409,-0.0221377606467,25042.03672405677,19912.359346913676,3279205.882
4.963476422911959,80934.45307488604,2.010479535270693,2.245198558217401,0.2589648674297558,3.1211638260244183,0.20515122654802365,-0.0161803012933,-0.0158566299936,17225.15575984077,8536.664122572505,4130372.07224
1.2214581983188597,562527.8939464523,1.9447965391727213,2.9647870425907663,0.3032297655840615,5.4410522748691434,0.22006946954373086,-0.156818035922,-0.156147213705,46831.573128845106,41838.16930370332,12773375.33
5.079591820403918,360884.4998729285,1.99756200049804,2.4474057613586697,0.2712940504905167,2.3245038234343,0.3504764606237266,-0.0747602300303,-0.073738488198,62254.499521029386,1949.440074875926,8916873.07953
6.515589302509378,235646.73496566687,1.7730926253567594,1.5269432823095652,0.32691282378216785,3.8731439009285777,0.18546046490716173,-0.0462893392069,-0.0460710073604,30675.31854391844,13068.119482334032,3509145.85744
3.6143911885148086,471377.6074738504,2.421353253958118,2.427029663598689,0.3029623136210311,5.252196443187185,0.22368716026304564,-0.103206905914,-0.101266673668,74473.00220182374,38995.75161734074,12569633.7306
7.8425219888390245,282968.0218327559,2.984477367882951,1.5029478605561923,0.3947038117715072,2.693354720174791,0.40593986248136776,-0.052038276214,-0.0507960847301,131091.0770639837,128469.08855849586,10800631.3968
9.595426368225274,190220.8236175759,2.251994548145906,2.6599891937049476,0.2840794221155687,3.925778827177394,0.3999636991080704,-0.0308099919055,-0.0299903759309,49869.36135742449,25784.85251368175,9799111.73198
7.411430883860893,487058.95803761296,1.6466420318659127,1.8566829934152773,0.2760517306477664,4.08122394642372,0.33270752559729594,-0.0928820546049,-0.0923278473353,59193.11663322017,5296.097646097831,7431418.97488
3.02126077598974,58965.949112037364,1.7234965328279581,1.5565024231742277,0.46947484421073216,5.256729049129627,0.33559079777495615,-0.0145874637311,-0.0145697459851,5688.525570732657,221.07084557102084,825959.582416
2.263590948673622,69030.89057231681,2.684620218526428,2.29476518075215,0.40300933439789544,4.509862711234934,0.4432414001156941,-0.0158497786669,-0.0156318773769,15009.66560245344,9190.672510942093,2187840.28789
3.7470716093974015,84659.08719796331,2.0436869045249946,1.9282254321462158,0.23871636760824116,3.189564984708342,0.12845859679109595,-0.018060488233,-0.0176193118746,16834.10855086394,2509.0325200549296,3909257.42859
9.396154271619721,342400.8640602974,1.6261028341013264,1.6559123021615292,0.23196462167163417,4.448322828904995,0.493568308842649,-0.0602576210663,-0.0595617758503,49434.84937557759,3117.108073991801,8133898.27066
9.374451505158326,144857.76322925,1.5913607270302972,1.770102272278121,0.2878259596029628,3.743954236451546,0.4258495926675735,-0.0252051677986,-0.0250556316942,16268.405692572609,11769.25800026205,3710380.49322
5.634103570097606,570593.0224334284,1.7602052684659761,1.9951658998235673,0.1718080530618941,3.9890326429801144,0.16983830126355404,-0.116973443388,-0.113524466049,58598.768743515255,17629.243202791546,17568180.0484
4.856281900185341,83494.5656454142,2.25116521705179,1.8686045342784527,0.19145742785753575,4.641878985998965,0.49054605321165723,-0.017525066841,-0.0163634452487,14780.238273622816,1137.706422658126,6999153.54847
4.778833406628674,143503.0334697176,2.578125573648154,2.8188216100822787,0.4084092976936846,4.736393013419917,0.23509727279026954,-0.0281716805676,-0.0278582039871,29752.033037163917,1465.3677051985987,4013921.26385
8.599937643482674,281662.70669719926,2.0399234121854177,2.3970537633050175,0.3037187826811728,2.4758922661048217,0.28046162988397627,-0.0493557916142,-0.0487385294215,62410.067511179506,16856.219406238368,8077649.62699
3.653592539523053,223380.25992611088,2.8195959670257222,1.9127964530851862,0.4531418269633537,3.1541020442852163,0.055118987581100704,-0.0481185556125,-0.0476980221337,73905.63826691952,50035.93408758088,6430223.2513
3.1760798873691356,211943.23117325394,2.1584017618816675,2.2288406243800005,0.3953523430283513,4.16612284746931,0.35717773020095367,-0.047365186827,-0.0471120165326,25198.959131015257,20235.594131762566,3170282.17697
3.5829810213011726,194681.5472362739,2.7322983653235324,1.647151570465941,0.2883162668201864,2.733008953430479,0.06365680885704908,-0.0429959116933,-0.0415607371543,68725.796037709,51239.13733284611,8055513.62317
1.3390726415915495,383979.24632250227,2.643368068402402,2.928888076081754,0.15627801311553727,3.3615708015580523,0.3973483873990208,-0.095466581478,-0.0854665603504,44647.81799578609,5116.048923089892,29524064.5309
4.233212682849169,294275.8684048618,1.9531524945693373,1.8753329034414834,0.2183538730659315,4.793928656918649,0.3054461918417801,-0.0641356365919,-0.0625045477046,36462.50504629037,23876.624889013416,8395256.94866
5.070096922436379,59234.318246593706,1.537272122094413,2.271909849073497,0.2442212102227945,2.6220417447704505,0.4199988942502525,-0.0119474142643,-0.0119293350303,1516.8722648566063,18678.503923332577,3442331.82434
7.097182431627581,552027.076598774,2.110156317494111,2.9035016846671513,0.49169326706120486,5.114275266771116,0.09262407028399763,-0.0986097779272,-0.0983015425027,57668.01873720644,3114.577155463187,7047941.66425
6.508684721557853,474535.6788621944,1.6141626685759976,2.4258109385846844,0.25523371652109655,2.8258856803355705,0.17077089614976826,-0.092524410747,-0.0919279763486,47540.069824202634,17494.384910756115,9150406.21433
5.781807353139528,427677.1025390885,2.6262788767141334,2.760658118082266,0.2384958169675594,5.395645214387633,0.1394404245818618,-0.0822344940127,-0.0773086278589,124319.85077897053,47423.48196603712,16761830.5016
4.457146494474818,262604.0831904645,2.531594869237693,2.08686747664835,0.17480279312828514,3.2252352289124557,0.05194883245575745,-0.0564246229112,-0.0512973574546,44602.77495982219,15966.349317329072,15382206.9056
6.569852087038959,91860.59963706555,1.9166640161925133,2.2681346968945784,0.17541051231595323,2.7967402275453264,0.2682043771392172,-0.0174973965009,-0.0166180565122,21604.387926469815,11395.440709214547,8978884.07212
3.89427981679109,263801.5674570124,1.5554097834833116,2.700706925143659,0.37774508151453623,2.994046758795768,0.23050965260216177,-0.0566220240736,-0.0565335883238,1837.253802106213,17686.211164047094,3292836.35854
7.630053685031493,553969.6062854517,2.900989779444372,2.8211494072762138,0.4110771305555301,2.238880621330116,0.3693353983431503,-0.0988682730657,-0.0968208992453,253119.9594798299,60653.051621379185,14128925.1437
2.629426671009587,59952.054071084414,1.752236080164266,1.9241416087520065,0.30429799126486745,4.183605635610044,0.0831212964708671,-0.0137024011818,-0.0136421526128,3285.562945783426,150.19027013962764,1809916.14493
7.7005149911013255,483807.35983884166,2.0846007170333722,1.5040621170817867,0.36978640196549856,5.876569437163778,0.10469212994566876,-0.0877791609071,-0.0873135582198,77607.27325562852,54661.12984451574,6665847.44231
7.390267475222234,437679.7667783625,1.6402619667474208,2.526413567781736,0.48689470969262927,4.295526152995514,0.34998192004294726,-0.0818369572858,-0.0817489578309,16340.875189554697,40943.20483313007,4028864.14627
1.330673363585764,120654.36210685683,1.6323914942646849,2.099810681372405,0.284047623320723,4.527337461880808,0.06349937842091141,-0.0449758852511,-0.0448937013715,7440.775674594385,7717.221366803169,2355929.63167
6.251619222612669,60218.81416522998,2.564499761219401,1.6948960231224288,0.41903690652016845,4.435854043330552,0.13019573991462777,-0.0113420390892,-0.0111252305595,39374.74388760629,20420.175943795988,2668770.90425
8.267840964817623,345807.10203450173,2.250637499317257,2.6314651099652235,0.29682633545816184,3.5577711253392756,0.07053764028791444,-0.0591709353948,-0.0579407604942,80551.60289187449,4391.852749894094,10572853.9852
2.0552847354379407,79185.46398155288,2.407738834901657,1.6315424943200607,0.2980038350935093,5.748805047777232,0.1090788285823823,-0.0279921795179,-0.027572340816,30272.83121026021,16247.99612797267,3142001.01734
1.8022397508388661,74794.6740222027,2.1527341551930883,2.999321264619198,0.2388252741514097,5.247539113088875,0.49297477178417853,-0.0170924520097,-0.0168039986776,12171.596804493527,15810.423868936035,5028879.84813
4.329282854851842,54217.10218170364,1.6451941742097291,1.5964962230356705,0.4888156112188178,2.318596032497513,0.3813619578872903,-0.0119691081955,-0.0119541585988,3741.834104213091,2187.8913548178302,614954.526396
4.914368373301292,398061.60966758634,1.8394092440796967,2.954388018775092,0.3783047656306852,3.3890361627207626,0.22085445062399545,-0.0806733853879,-0.0803928402118,33242.25815066611,15543.762241086217,5275354.34027
5.887795472418643,299057.2700871679,2.5502161738282334,1.9257864875000872,0.309929599935255,2.7875028052094324,0.4683239511556094,-0.0603547371992,-0.0588032988793,111163.7722282447,53264.12836349174,10196869.4694
8.013494267529616,99204.99542300838,1.8491046558566369,1.8114002322072105,0.33194119226428465,2.07702913341721,0.3043746802234834,-0.0182640019764,-0.0181079346156,24990.27468805612,5424.197874966062,3037995.07597
7.037944621622981,20777.564032891416,2.3845917751601364,2.1984020241128697,0.2313676376490421,4.093974484290288,0.1622303761822907,-0.00339556912958,-0.00271377661054,24428.85445922779,10280.774252196154,5987418.06986
6.572843330404155,343840.8781609926,1.9740025075170846,2.224363911773013,0.3724208855373114,3.32061175977205,0.4233398728857702,-0.0669282939302,-0.0665952061752,50013.244916898206,12.486918086682612,5068778.47661
3.1760733389665226,449914.55533509166,1.6358574853064702,1.675513627903715,0.19585325158774064,2.5556620255325844,0.39519698717006335,-0.104203695077,-0.102883804971,48143.42968025879,18854.44355536711,10100135.6912
1.5492523164555225,24832.007706016433,2.3053253077804667,1.643181849913747,0.49232167788967374,3.156420140251063,0.1504895853621981,-0.0062513092808,-0.00622435135839,4265.394140480401,4833.251896509707,779314.840755
8.417652618874293,464533.2438809498,2.615283289282206,1.9482146091168375,0.4929627469466221,4.181451122793136,0.11094331546314493,-0.0792551946336,-0.0787406471024,136348.0365950452,77280.55333692628,6938564.64015
7.970721610829592,312272.5967383469,1.9639326351206943,1.837352458825418,0.336290900305832,3.9611470870868373,0.08933883816442714,-0.056012119259,-0.0555978669853,51200.42204231377,15718.507168832703,5384777.33921
7.089956566913154,571578.6821501867,2.885876281530382,2.789439694541765,0.18628555943411937,2.069181192513879,0.3261281451052515,-0.111293727934,-0.096837399698,160094.89736136716,3307.1108253730476,38946371.685
7.285906622448436,575789.1273209195,2.070078512780848,2.8887006662788663,0.45717359169879357,2.6743594202110517,0.12873209102881683,-0.105358162701,-0.105017074927,61954.16325536183,28581.063218961306,6859592.72911
2.0798222877140438,172720.88291259308,1.7610433786469009,1.940103647104758,0.4515990321678144,5.052579047023323,0.268268062454443,-0.0453731994965,-0.045326852241,8895.134089983838,5909.534078865709,1869177.52546
4.692394210780707,351237.5060948005,2.3576282248458176,1.5961487236919336,0.28845373874198665,4.6923097453740015,0.0899882225807778,-0.0737849408288,-0.0722579172328,95490.01738255814,64369.660920557384,9377856.12987
3.9499578869908714,71877.37474887691,2.895720959809718,2.214954302264634,0.3970545612014246,2.386672705623602,0.46489037843951125,-0.0150515932939,-0.0146405483303,46807.58489937833,16310.138700481539,3409872.68581
7.050209738258413,291977.13038684684,2.8128489848410543,1.8777486058585262,0.4958882631688003,3.291102766161677,0.18211156980195148,-0.0539889080765,-0.0535213368554,115909.35261706197,74482.39757609574,5763566.15635
3.9912516771880915,486250.6272021148,2.498709704428668,2.9547444855010427,0.20080317068821024,5.491397539439582,0.16727636545647526,-0.104808321036,-0.0965941242228,84405.78730526935,31656.73322699327,27212358.9393
5.280386661812743,308217.3129140418,2.63178690692016,2.434597969442115,0.37766617792705404,5.8509440688588015,0.14741936882723983,-0.0602574705537,-0.0590777797409,76976.8659946524,61640.86673802152,7204383.36075
1.9443317244726381,92658.08712355634,1.8744220426527682,1.8068355529730569,0.2678821629889309,4.394844103860025,0.22671615106560927,-0.0236168725871,-0.0234008995331,17402.853851063457,1276.5460904897907,2675040.22882
9.60851824718465,5603.123625502304,1.6452016959694398,2.754599121196335,0.15808984525820538,4.283228053710683,0.37912862761381394,-3.86721746413e-06,-0.000275750584563,1215.9511230317714,29652.437130013637,12585210.5358
2.9208865406120212,345355.2470980214,2.238664013998834,2.5418355568166,0.42971768090506823,4.790925779470506,0.18015161118495904,-0.0774863125822,-0.0772092315217,29396.953441029855,17399.03952819654,4645830.09613
6.53932562985816,49674.69539661098,2.3002784101862788,2.5875458522500514,0.3489593444829385,5.170935196731811,0.21353705306338105,-0.00861866317642,-0.0084551318745,16841.483293860096,17500.62692923199,3510199.19365
1.2793935612317753,196329.9361813239,2.014474495431057,2.55362973060678,0.17907278806919155,4.692557245711225,0.31807187001335663,-0.0503474162965,-0.0486751311614,32095.931081005125,7144.61764782697,10239284.249
3.7618177646184687,141627.2212267061,2.5278075050977806,2.956087351234422,0.15801129382098505,5.2140705405751415,0.198819425072777,-0.0312076094383,-0.026610652662,24884.68144075252,805.1223596073668,15646217.8834
2.195178429787802,452013.83179505204,1.9840200550260034,1.8062782124043504,0.42636745204355275,3.7715789744638983,0.08332021357790373,-0.10867506936,-0.108484917457,26227.82275484137,25947.15889338149,6425863.78362
1.2456795885761098,376707.629226093,2.981373765295513,1.837812811938773,0.3893438432285363,2.4236020752867997,0.10772480942057128,-0.09174731147,-0.0904215072001,73818.48799915642,72083.52471663208,9724487.65532
9.707639623999144,476729.5104324628,2.0266702409253625,1.9842918763066941,0.3598747628638345,4.387301917560377,0.29996841589013384,-0.0794805542406,-0.0789123737834,92548.0432448081,16163.635780122357,7702594.10485
3.2874421186339817,289372.38537923986,1.5953552967582059,2.8684793002179143,0.19235361964173736,5.87109280343544,0.2835676922949998,-0.0650926757596,-0.0646265118351,9923.241538135435,8204.879949179718,13932433.6573
8.152076062918011,477432.2510214595,2.4970852564929973,2.4439321410326142,0.2632424335807292,2.494037062271997,0.14293235810944216,-0.0850587896323,-0.0814251325588,135437.69904928913,30387.979997861356,18991075.2165
3.2003996679131697,186884.25977234825,2.598145869643634,1.7110478279504044,0.3711252078690922,4.139982189594839,0.40301238885321483,-0.0423181695894,-0.0417719491728,36401.45994288863,33944.62304973972,4788407.42792
8.74221079105676,130227.77613043509,2.1808580032659406,2.1253588932240497,0.19728371090265323,5.44431950836046,0.2226808117986056,-0.0222548968079,-0.0205705061086,41894.27012013662,7433.108749263733,10576133.6115
2.406354140492034,433072.433719564,2.9990841610120524,2.0852041677798043,0.42751683487378367,4.737263655383973,0.1333279179600364,-0.105293373802,-0.103891912489,170322.1537567017,110333.15452142451,11480458.0729
3.0013900267448843,487614.90291344863,2.7682657553515484,2.6901485229788102,0.21666128429604925,2.2857554069442543,0.07040440085379573,-0.110113711874,-0.102551821255,132626.7278911694,43715.69349012044,22150496.8105
8.403302169603624,556955.874690552,2.5630248697651536,1.9135519843470745,0.3289754728086902,4.84121297689712,0.14862652576727492,-0.0959345788694,-0.0937194240134,160381.42744577263,108111.5478754563,14578289.2771
6.756865290409013,391182.7959491513,2.394603766753791,2.7571937293554587,0.29772298974821687,5.684928387925284,0.09403246359937689,-0.0699928234379,-0.068192423795,87841.91435616974,32674.073301616576,10628004.012
2.6036816647047805,565176.9065714494,2.6380136337028994,2.365235425483431,0.49350328712563585,3.2385343913372853,0.13219457863702316,-0.127673529752,-0.126942407181,108964.55430282866,106792.95310194492,7381210.41481
2.2766716271123784,221942.86597299433,2.6888207294148385,2.1929953909827815,0.2264236367186247,5.1549355958545675,0.09765003555843346,-0.063383729753,-0.0593966881069,79536.03220497738,24479.054113717633,14412306.5821
7.0042046435701115,101138.43705370973,2.3468000132840565,2.0507973918398363,0.19188358333986583,5.43577535344489,0.3208397541095518,-0.0190858707986,-0.01717404133,30343.71451323992,896.6592966339172,9659275.7146
7.630570743261231,239160.97484486926,1.7355330091943975,1.7510100025428206,0.3988746624099129,5.105762061958922,0.1217392848200618,-0.0437464774111,-0.0436419612714,23380.829161821937,1107.587079720303,2550225.26986
5.004126648690532,324840.76774000836,1.9361907707346575,2.9196451787755597,0.39177616138809546,4.173862971836034,0.398583913635255,-0.0658490840246,-0.0656270537037,19745.98986666944,20873.96565526522,6217774.06471
5.19579181810823,413190.4606978583,2.1319132379311085,1.8218840735235038,0.4832387730251374,5.111718032330346,0.3925260177449296,-0.0860477058197,-0.085874058473,45409.513169274964,17512.457120564388,11380192.416
8.191629239424802,307335.34772072115,2.153082176995841,1.941914806934812,0.34383936289347733,4.812114655729553,0.14236887601792086,-0.0537009151117,-0.0531218811026,65183.43794548614,25102.80098575854,6238964.91387
8.055441396564731,512886.72370462446,2.5060143966038626,2.7722452887626297,0.15462014100242566,2.428401757971619,0.11293832772994708,-0.0949862103558,-0.0828625817542,76566.12991771015,10461.441874707629,40095237.4717
8.954150508695228,578097.757850447,2.106770910738571,1.9673090488410954,0.35622226939450174,5.499684117051533,0.30908356610223753,-0.0995112792798,-0.0986975642684,103844.6571828526,38213.45789507595,9190861.18153
2.677280050196488,416416.4703245838,1.9944846336988573,2.253951743710932,0.2619734455998077,5.066531470057228,0.2853546796717728,-0.0982647577026,-0.0970405555505,67923.34728844858,6358.972931161428,10603823.8909
7.127712062232395,205229.13513649098,1.6629993568275971,2.8488201490241467,0.28884046326091617,2.183532905218364,0.48285852130451345,-0.0384349661896,-0.038367685956,2084.5712098671115,46959.92268684619,6925286.8823
4.663453289651924,230009.2534115194,2.744936887175309,2.5250528134066608,0.3072167667813818,4.886005895673739,0.0642717780911946,-0.0458969242769,-0.0438110123658,67850.26458426479,45013.83768226722,8684493.72832
4.869326884076454,154138.47925650876,2.752134784129411,2.814726203047086,0.30564555711974883,2.322239240823378,0.34462085605267273,-0.0308924786457,-0.0296385397648,70432.11384845978,1245.157170491677,8251200.21098
8.489207683606642,425969.10713313706,2.5116221781257133,2.95767736166934,0.22693407092483414,2.374911119498318,0.19548310542797503,-0.0740613783508,-0.0692655807518,114862.80848394304,14196.687410834027,24096381.6123
5.072770363537805,542677.5776048459,1.895771457587631,2.074224225870508,0.2260258069128307,4.867499193954699,0.36153880890315554,-0.113765297429,-0.11218292486,36858.57461282319,18733.354287961618,20509876.4339
4.890273998060322,423094.283504632,2.7800270617345983,2.443600017910202,0.2033814218871703,3.4797849555766693,0.46954133319530694,-0.0899189286384,-0.0819650007918,99460.21935478045,31996.482544586095,23499649.8524
5.865231704094276,165672.702598345,2.6365457315228165,1.6214480264854356,0.205716668576642,3.4285552696129122,0.23242602001912166,-0.0340362138637,-0.0308658350645,58516.58914393852,31976.037968420434,11356920.7549
3.1291826424825326,529555.8065521375,2.594105857818639,1.7420205961122932,0.28704081169325046,2.9248848756957413,0.3825468456875147,-0.121426961551,-0.118722426933,110050.968340334,99293.55013959458,16042039.3683
3.6052038483648765,175417.7328373683,2.1781911736282393,1.5113492000991506,0.4486732897121066,5.948723015345516,0.13008492048846088,-0.0469614035701,-0.0468351200714,33196.14570625288,22374.541901128683,2540772.79395
2.037844581558658,462255.96629733895,1.6228436006988085,2.2119165216374372,0.41334710803354546,4.793301407848742,0.11856660009805281,-0.128337481519,-0.12822187472,4431.910027500091,25226.426504765022,5909855.99814
1.1156853462620155,273588.93876604986,2.1559192330082793,1.6560300547299245,0.35915687726942525,3.2552446138991713,0.16222214359756948,-0.073239806628,-0.0728983224072,43580.920627086474,23574.790547185596,4577817.36263
2.708490664634361,288785.351379057,1.704844149536262,2.5999826104253128,0.19376711332167867,4.1685788208891426,0.2876608286935404,-0.0657851648361,-0.0646868755892,19611.83851442269,3486.9361037498043,9466616.66421
8.219571424919785,336185.4160585404,2.513378978862626,2.0577253877867108,0.41938125034721563,2.580442812780849,0.05947179025815811,-0.0590984116298,-0.0584572736955,114592.20767502033,42475.15395747804,6922154.70193
5.432917206075579,359821.28320330754,2.6028407930942152,1.8194036382306364,0.2933270040796866,5.6416492153610545,0.47212177416911183,-0.0741569655,-0.0718326198064,75515.19968130314,62062.23338015374,12171252.4085
3.059383057354472,554568.9961340576,2.667019992130989,2.407989547023857,0.16786819404543665,5.1452846424819985,0.48733763433702654,-0.132234077047,-0.118434737056,77196.64547266059,25775.57688543797,37839261.6558
8.840087190876691,34913.44977528752,2.7151705795198637,2.271799112627524,0.34341659261906543,5.041497709180996,0.38560248270783437,-0.00554603664457,-0.00499197770277,50328.27300458506,3101.6395048868453,5102969.0117
6.391640816572949,93013.70253352053,2.154642183812609,1.8738346378841246,0.23349159041266482,5.9659181894653965,0.2127219040345854,-0.017668633039,-0.0169029109442,31392.073455353788,4820.4513139791725,5463276.89706
2.1686873539361775,512837.892068721,2.6019538920095244,1.8913409310049865,0.21342345441445998,4.814803274878617,0.09118660353352234,-0.15536145168,-0.146392332122,190475.56969464515,89900.81906227296,30498905.4823
2.5712710212841,425954.9276088447,1.6621256431546478,2.180528833760455,0.23150256573977757,5.035470908665566,0.2572513393644551,-0.10353061785,-0.102680827661,41720.851122455264,6360.181321618554,10154389.3636
4.993325903440528,534279.9341007165,2.034479234105039,2.491057937219617,0.26665644718945375,4.388868569085172,0.17419490483617928,-0.108864092297,-0.107248322381,85402.62554022598,37553.68580826214,24249633.2705
6.899988211603611,444479.1968514795,1.6167109392684187,1.6390554051235826,0.30286836566239544,2.460248297970884,0.258510923213033,-0.0878006479576,-0.0874659188264,48462.820524661016,8435.683804793402,5567386.67573
5.671537334941121,216105.18664677406,1.8441435772180044,2.95325960666759,0.4265959814247533,4.575786766122865,0.33574507996741926,-0.0421889461515,-0.0421064738133,899.0577794749934,28405.892268846776,3305474.26399
1.23746222092347,219302.74967254608,2.7561984180778936,2.4338476068111774,0.38413901350140467,2.22795320968449,0.4809184933337095,-0.0523162199011,-0.0516166886143,31142.81147720327,32676.828807798858,4963140.51777
4.365862680030113,303793.2929818676,2.780719924094167,2.359685963276021,0.48630445904101394,3.4412555673275578,0.1370978482872839,-0.0624393278916,-0.0619823818935,83405.85730311036,46800.917699633836,5160919.08394
4.313570068990734,182721.62024661413,2.9131439557407903,2.866276564455058,0.3003157369887439,3.70143148978522,0.40915538654581246,-0.0373330773454,-0.0355523464647,80204.22607488655,11437.541372525075,9121423.94061
4.570890161933713,61675.21328233436,2.978240390720636,1.5300890582432223,0.4226727071604939,3.1643048938946,0.14147480059673245,-0.0128263256453,-0.0125021912822,41625.67444142738,40434.44788831806,3084499.85843
4.399034129845072,206916.62467966322,2.4081849650778047,1.9604839152053992,0.1878676894382825,2.7142882393939947,0.34368230426198043,-0.0451699957419,-0.0419812586207,53187.93772459641,15120.341694131466,12880431.1784
2.692870365804434,443952.57982393634,2.4134654469118137,2.1194726269796917,0.33945222742759107,2.5130445407615594,0.10167674121986185,-0.101591774867,-0.100540299173,89067.46862765857,52886.88087573418,12123122.5416
7.788083258619089,178278.03073369438,2.544758192394678,1.5312200077986282,0.35057681055837053,3.208601909160391,0.1177997091174298,-0.0323404880251,-0.0316219890747,79282.80090213878,54004.55935378919,6366009.92244
6.911419119491104,189837.14058886122,2.0643210103637637,2.7825275711366735,0.2853377831585019,3.841340081479687,0.386593852215486,-0.0350482120649,-0.0345672871636,38315.195899475955,22438.767813105766,7447521.99687
9.666075835473862,278030.4622601999,2.338192674979265,2.398526492475815,0.16102848109001544,2.175538109535371,0.1158851289486813,-0.0477910541006,-0.042009788423,68049.34376045423,12493.954760613007,26188037.9714
5.371460891033774,502942.7499083325,2.6516924463192146,1.96499647542591,0.4312556951732379,2.55896696820769,0.23966677461532704,-0.102431179723,-0.101522220669,142713.13289409797,85782.38934435918,9095226.3218
4.877097457173749,91035.77889218561,2.956324737009499,2.8190617244032294,0.44266576805385127,2.841697791146201,0.07655021921191894,-0.0173390250353,-0.0169650704178,47917.23491272498,843.3782737136171,3830300.7721
9.550463475246069,525082.057843889,1.6763306312557316,2.695410183383673,0.3439342899353933,3.201367742746002,0.18950500810676285,-0.0878661065494,-0.0876285510497,12893.619319697294,51706.50036179991,8580258.01681
1.6860682346026268,315040.3122491174,2.8289259043663932,2.4654322598118816,0.3945807894904574,5.501237635925364,0.4637033351636956,-0.0775871863153,-0.0765763852367,110114.11427069768,42133.4257089661,7845281.82507
2.1498217724948976,387432.25982529786,1.9052375597258278,2.042514157229045,0.1947162436974191,3.467036712997635,0.2977763055685617,-0.092569288991,-0.0903600161702,35660.293215173595,15220.779361557337,12452688.2658
8.600500596111555,448207.15238410304,2.0832895458810814,1.5656632344065886,0.47571835734822265,2.636044174697513,0.3229591563566987,-0.081019136383,-0.0808175157201,70836.16012993804,34791.66315166081,4619187.16002
1.2138927716007082,428447.0341323595,2.9082352630370707,2.0778193675640804,0.23234009222310079,5.570141533312208,0.2783066559931665,-0.124738628286,-0.116970692844,164368.49952204895,85767.4897767233,24140479.4871
3.3718012918089855,77360.12734082888,2.5955934912555945,2.401588549425748,0.300199529679649,3.536881857918959,0.17718327606839784,-0.0162285176842,-0.0155675304581,21031.54671623387,9895.429989781214,3983181.77361
9.950112755049025,164001.9232955199,2.9469857731669795,1.8431084893132448,0.2795851211062699,2.474285099669269,0.2352513942106091,-0.0273033579964,-0.0244314515805,113033.59052678193,55189.47605989228,12913911.722
2.1380990701279448,503820.0293059299,2.9833218344724783,2.8599559044235905,0.476923355626102,3.785359868721834,0.1934518832074913,-0.113610000037,-0.11252437005,100532.18549295269,77493.04450625052,8650142.50345
6.479718916078343,281344.79793536576,1.7709948837703178,1.7469839852170284,0.20618494265379952,2.7898362185801626,0.20423519999874107,-0.0558938172475,-0.0547600839358,47287.01481613927,7621.288814920804,8629453.33845
6.032276630197316,10703.142203436933,2.594060938525888,2.550564563467103,0.2093109949096173,3.9996088685023166,0.30743728622107996,-0.00143457668671,-0.000570555720247,16734.826246988112,15397.24248076012,7540793.30603
7.296051477770534,383164.77323948126,2.0794176706856113,2.445315288332501,0.2072537474617362,4.579028987498708,0.4605040776875393,-0.0720856421018,-0.069335329597,65517.43633682622,1983.674373868136,16171206.7189
1.6863783501697818,372874.01539741753,1.5601783625444927,2.24065108714506,0.4435631616540894,5.082011567917149,0.27542378228018427,-0.100280006186,-0.100213531177,6121.97485479023,23566.989746949956,3946664.82828
6.113864136198974,42680.184410117276,2.8631028448207125,2.7145513756230346,0.315498162015814,4.171491170374248,0.41238699435395265,-0.00747610551532,-0.00680810251839,35497.87751902672,13093.498973763295,5695864.25383
3.7082717351145997,141607.3335609896,2.1635247732424627,1.795959042655309,0.35280850882630077,3.64298202157689,0.1765144553080667,-0.0308731382395,-0.0306284719495,35863.28867391285,12908.986161786917,4479000.59794
1.6962238827597096,528524.3769389143,1.6410831605121696,2.328855179034398,0.2682568551879034,3.687959402190268,0.20920341561142963,-0.128125889395,-0.127690706558,19545.73271597982,4316.925033404649,10413244.3389
7.5389493501591875,370766.9274376291,1.5432538677727665,1.8003136661333476,0.4096523726285759,5.662354464551803,0.11940992879401283,-0.0689405705232,-0.0688548291133,11981.585639741197,4171.801928855462,3715940.6532
8.675961584935877,346945.1747777966,2.874660292367079,2.665914098999784,0.21113414393391922,4.871271654592876,0.32012491587282144,-0.0601088169366,-0.0525466654329,124734.71736204355,8249.191953672036,24755636.254
9.963044472584086,499622.873939168,2.104332576936078,1.7408446385171479,0.4348539358413279,2.001305044013855,0.3365529450320913,-0.0843041148486,-0.083946869884,96231.51679014933,35793.39201800401,6326580.81357
8.809574765810645,54024.05388958034,2.408087013318941,2.014436631203478,0.39023486240006944,2.5252828376342555,0.38500399291493526,-0.00921735397935,-0.00895363136172,43900.57334009183,2550.3307645111304,3520058.66815
3.341715800239334,198735.31738364857,1.661522023676281,2.475053476617432,0.2633756828122755,5.763285372125688,0.05157489255035919,-0.0451249716427,-0.0449713269658,4977.611794417178,5393.563623861065,5948141.57609
4.731004909289551,645.681195868808,2.9002802029667416,1.6793306197126727,0.301174189691822,4.650328809150953,0.15949502715389194,0.00012094883625,0.000624158544727,28691.80857522771,11927.76271815299,3108666.63387
1.8330443328673938,181146.20337141398,2.918268988381988,2.352005340929587,0.4716261248949498,5.164733147136942,0.29460094170701046,-0.0453273035111,-0.0449364435556,69177.32330511267,26627.268819635792,4075422.79378
8.805947181285891,300180.49592323013,2.0544916595413785,2.4387891326982003,0.202565962374652,5.0300428288991235,0.39914577675453966,-0.0521082868983,-0.0498793696483,67381.2740021907,13488.457127531388,15388208.2897
4.222112843657672,6790.173982449166,1.7173981554209434,2.1450531364042895,0.42860630474526673,2.784757018664253,0.2314065955955062,-0.00126304529798,-0.00125771709984,1906.4238464360506,12283.429489821334,951896.208526
7.239609025163797,186413.1829983885,2.4402152051126076,2.7828635541295776,0.421263258860728,5.42621078589712,0.302286528897645,-0.0328672637823,-0.0325396537465,48000.304657237946,10686.711711991955,4756663.97864
5.003507264369068,176298.22709050876,1.5767910413363473,2.216499917741717,0.27362715980847646,4.200253391947097,0.11454280899612101,-0.0357823693935,-0.0356294694307,8689.022710254783,6381.899920556115,5534580.79895
9.945681603665605,279875.5677358159,1.8665124661343175,1.599366492483352,0.1871105892651993,2.3366347341975615,0.4792278460232614,-0.0485202974402,-0.0464922153649,58970.60521119964,9591.516374969093,13672942.6768
2.137932485328391,394491.8657702095,1.6806387451748661,1.5404344334806193,0.18412678161782867,2.7057102803347948,0.47275236390710823,-0.0959503511428,-0.0942737803642,29860.088549621785,20909.252522567207,9756098.99816
8.324786150799042,371389.0860394711,2.1348978358423674,2.479714858231425,0.44563590291661725,2.4328846803199755,0.21968774119705237,-0.0655521451642,-0.0652760061241,61430.968868809985,13990.0188586987,5333469.36696
8.79246344739425,292929.49721747887,2.1944890177732406,2.4620792617989484,0.2184111200380865,3.136709736144252,0.08975548028728164,-0.0500608753437,-0.0477762171422,61005.64105973091,12095.527253901753,15913901.7744
5.006824363551555,344546.94729588414,2.352868032006759,2.359509082577086,0.460192750500074,4.250500253566634,0.362580481878157,-0.0703129592991,-0.0699951451858,63870.02884082549,19948.276313563387,5175232.80981
2.4104299267863993,196847.15213659973,2.2339029125617973,2.5055011753121903,0.40101728600541076,4.15347558178947,0.09906866073579744,-0.0446774191758,-0.044476624699,16777.510616993448,7606.003339088355,3380521.83173
5.054232022771595,244204.79834796806,1.5931004309071766,2.9635936679274955,0.47180492578671407,2.538467473089428,0.35819141559317913,-0.0501587513812,-0.0501166729119,31360.36011877257,40591.1610186136,2844947.78975
5.792303154289323,475140.2033871255,2.336754806632349,2.1862746986303305,0.39057075700667443,2.5464294420388476,0.24247177523462377,-0.0949881481227,-0.0942103113821,122021.54030074233,40966.993189427885,7890172.90297
5.42389178077408,55824.671627563905,2.931927718453832,2.3457580468689954,0.2914754235561958,4.484035775564639,0.1374420947213098,-0.0103953715143,-0.00935837897991,44494.15641383909,5817.423862976928,5858075.04728
8.088685259518327,551289.9447526932,2.6542757603972773,2.468790825479669,0.28003485574648534,4.8758851004345525,0.3514389892302395,-0.0972305544884,-0.0928381545202,200359.75467955598,64635.920685686106,20441953.9523
3.6490057311512407,278418.1074879041,1.826602434039634,2.7785857490729358,0.3040428106862356,3.872687537098711,0.4772760479465306,-0.06037846582,-0.0599676260929,24579.65397818816,11611.507430702739,4862494.58037
4.018997067246914,194887.7905848148,2.1431671630817917,2.597020337288387,0.214140234396839,2.66957781801755,0.3501123981230705,-0.0415745453787,-0.0401522488962,42565.661748511106,4130.325510386447,9303980.43913
9.357678977209474,574514.2454674972,2.9582725337836733,2.378573653160567,0.41528555992214566,2.5983342143637116,0.23532707562524463,-0.0941653483782,-0.091996749182,277693.3878743742,121113.85025241191,15125299.6541
6.897390039205051,10175.393617403583,2.461535328497823,2.6035788239080526,0.16801995826884208,2.964814804138475,0.32688234980710107,-0.001463637614,-0.000185096390082,18058.765587504757,15701.635013302744,10960340.4359
6.50005120761357,325412.03417854,1.977326644167724,1.5323539624887914,0.41898983675566903,4.320179575420162,0.3992384762130553,-0.0646567516222,-0.0644744260299,48721.89039588568,22290.680227990233,3855524.74372
1.3621529668048382,475284.8521068477,2.6269287676047903,2.223601646067595,0.33691218485864005,5.058863668058724,0.31589734344118425,-0.12588383857,-0.124090346871,125466.03981200808,58473.00486857758,12589030.2777
6.479537592176464,232906.80192660188,1.8783242444633899,2.7256040171333176,0.48607341088591816,2.7622688545780765,0.05088731003778452,-0.0440619063879,-0.0439909822543,857.3812693511264,33716.384142856354,2800929.18365
2.6731926007671856,543717.5304983484,1.6669570040367292,2.5442713376532584,0.45931121747592873,3.0290220262090326,0.3122782167427426,-0.124488181752,-0.124306118689,35190.93129250759,36853.01910022414,4796835.1665
2.7596563611181395,379773.1728547334,2.678407988194073,1.7994876589680784,0.40215722435761114,2.0279806608510578,0.0781793002021479,-0.087034052548,-0.0862791298835,78612.01882551635,63621.78471990144,7619896.84773
5.765380236274289,574572.211200413,1.5666387653907998,1.9100988374579286,0.16671893944339058,5.644723249428173,0.40910316560727517,-0.119148871722,-0.117119161976,36709.26890037333,8470.453700978878,15745817.6463
3.6135730046434418,291923.41930997174,2.197859315221823,1.805097956729515,0.22930489417435063,2.306904839312545,0.4422084758094691,-0.065896777173,-0.0640582990253,53338.63587178576,29812.50496517376,10055546.3217
8.075288843239257,226186.71466498775,1.7267202840074094,2.5537099465161113,0.3336534819002309,2.667444109277946,0.38716348225892255,-0.040812222738,-0.040693891466,11324.676395124896,34157.647069940984,5316463.22044
1.6936917673125784,337951.6879153969,2.8319401974444602,2.5247106419541705,0.3487740498641078,5.274653773821624,0.48443748049222124,-0.0822804496091,-0.0806477829496,123252.26111248734,44051.15083148502,10019214.901
3.2159870835413105,409920.11299898673,1.9963239935101722,2.2808565236325977,0.21847390796796295,4.8536672602994475,0.4776468794406054,-0.0934966895058,-0.0914585894415,41875.18600773227,16341.413745006363,12993230.3133
5.700074310448148,540613.5438573887,1.524773727131739,2.513895368859006,0.3527080351637404,3.693051509472075,0.41848407729512477,-0.109934446908,-0.109723161785,16770.02053568752,25687.446184161625,5968676.51129
1.9810065117296893,95812.59713472566,2.988680506073954,2.7551522642567208,0.475672696883623,3.9737560182977707,0.26986143301368637,-0.0214824143095,-0.0212443636393,20538.771876003917,11875.990592516051,2662372.65855
7.543033043833228,568212.2492601187,1.8230944705546304,2.3564328516271265,0.2447693249919886,5.192222246477604,0.1280694687085944,-0.103479521232,-0.101940461412,91411.75831078914,16220.24055019061,11956694.9931
6.6578093305161525,58839.72174379823,1.5857517705934705,2.2261071009735396,0.381114567210992,2.298869232400421,0.4454293256305019,-0.0113860279812,-0.0113760886853,4752.44530703363,24189.563503190166,2070802.25513
4.343816670622873,493442.8939327003,1.6739634656794649,2.553894973734957,0.4950491239691278,5.751219876255223,0.3253328942180491,-0.106235927409,-0.106133068391,3317.7283316070134,16336.26528162468,4943236.26295
9.762188717470044,406204.5415665256,1.9177899867606645,2.6161355577515764,0.49487932866680506,3.716100592803773,0.20541509519346213,-0.0662071133343,-0.0660797938286,10379.179987444315,49096.17194239985,4405734.47897
9.775942654370366,395045.12270199554,1.8808278929032114,1.7612331423481589,0.4820742411110782,2.1636117225829503,0.20932160372789116,-0.0674207012258,-0.0672944188186,41777.291506063295,1952.7930433704141,3409837.82815
7.160365282321806,333466.3944685152,1.6590782957470451,1.6572420369223908,0.28255378973687517,2.4021786237941476,0.09815389976338376,-0.0645358397018,-0.0641683505325,36065.892613109194,6337.573598027809,5293604.25664
8.80097315521236,330210.76751203084,2.1841263895640144,2.3281191719162644,0.19527944257039506,4.356459666902851,0.3301134085364886,-0.0576814464196,-0.0542730078001,79028.99644594271,4669.844513965804,17913081.7481
5.14549176408918,329029.25457208825,2.172259754967505,1.9219724239202078,0.1836528019464489,4.0839847989321045,0.32569723945394585,-0.0692321771959,-0.0657064299465,63815.21284884203,18261.669960381558,14384265.1595
2.977984729804179,445390.5550445306,2.2906611130035603,2.9129867844532438,0.19151573377461983,4.716668490976131,0.3774858650346512,-0.100971878248,-0.0955404211995,57823.66827607018,13042.770810228954,22591707.691
6.1406070170621545,282819.9926165391,2.5045357864565463,2.2209537416916176,0.3737845695035092,3.2809719910631157,0.23990304154529418,-0.0546751585695,-0.0538926833296,96907.02961896744,31675.8595744588,6680040.19175
9.968469875796309,491404.16058445297,1.6224360921304624,2.9966276236550646,0.44546618378056735,2.837183983363656,0.2255600693751677,-0.0801965360962,-0.0801131301375,53076.80239994358,89577.58926975679,6496608.68112
7.561125598839805,170099.2438718848,1.616159983758026,2.7829989402909776,0.4180627035164066,3.2366282416075256,0.14107142463781777,-0.0307715590216,-0.0307592661375,24655.98663537206,50335.500209275146,3526963.46059
6.533838762399626,526065.6355351032,2.3952649439368177,1.8650609361813144,0.48710101486632695,3.9525882517169335,0.2182640645081051,-0.10105385569,-0.100672911875,97666.71756723443,58823.18119212334,6122972.4862
6.723162325053968,463930.1858819536,1.5815124812484822,2.2966667846716193,0.2430443879740926,4.890451943555196,0.13313221032319933,-0.0885453353004,-0.0878338699448,40844.6321167022,1460.237127156928,8005628.15489
7.804755659287356,525576.5321125945,1.6253548876153792,1.6943435312806914,0.4177994975681544,5.117159791416569,0.09069441069821324,-0.0972550358007,-0.0971282808228,21777.16971912229,2064.5364448790197,4796007.30049
8.07355639564338,118141.8818120483,1.7165498184457506,1.5249208467127335,0.3181071398766464,5.2189758155978465,0.2976123682664014,-0.0216371220243,-0.0214943103095,19662.00442897779,2835.9294298158798,2624521.51769
1.7620220967191664,236088.51857763127,2.0455548051478063,2.6996492052353718,0.21453787734205887,4.229412194845829,0.3054182171220681,-0.0558605790331,-0.0547508998856,19479.630765817223,680.9347942639721,12283783.0245
4.789432529282681,311399.4479401771,2.9070816554909586,1.758231714288057,0.2971161949531312,4.341151564378963,0.23006254191043268,-0.0650884629653,-0.062526166914,123837.54588823394,75486.2076115182,13146744.1062
5.217963121465363,297863.81249863375,2.5001975246948893,2.0585128759254494,0.22490206030557827,2.807868674797749,0.09998303111494719,-0.0613774224159,-0.0580070450279,88523.74254290917,29206.592071078714,13690659.4649
3.923707275170759,486456.44143449573,2.477102829550409,2.9743904445343956,0.4952706487175622,2.9843598646021494,0.056420439641479116,-0.101241249348,-0.100791338278,70609.34870599331,28829.403354695252,9793193.5306
3.7432246659890627,584124.4538502727,1.7491522701973274,2.684125297107233,0.3829424798505894,3.3531267105683096,0.24389041170095843,-0.126721167222,-0.126413587722,20742.260539720042,1342.4843496679875,12841093.3224
9.386170402017056,212743.78848837822,1.559278804156308,2.5694952987715283,0.47813454977891967,5.09339899971237,0.22798485515809036,-0.0356735997578,-0.0356469012366,30023.64132586399,48805.55963907895,2974567.56247
3.3741531900879607,497469.40691268817,2.749624745105357,1.5985967414913225,0.35226377948849624,4.558723492020963,0.2805674156963117,-0.11266371174,-0.110867461759,95002.2374204372,91939.17177441512,15094110.6437
2.616920708993219,215073.8553883833,1.9812215287196662,2.1855380688887047,0.21704066737616232,3.4754338112687573,0.22314346369639998,-0.0493218567697,-0.0480445441773,25785.794781605433,14624.66013413618,6373265.91069
5.776881790316424,369277.973598892,1.554992378243738,2.657731594636129,0.15949312631759124,3.731119653931172,0.41960233007473025,-0.0744836600503,-0.0729057795381,37382.11592803752,15109.947266960697,15467134.2979
6.50546623934063,231204.98127095064,2.3277333524666304,2.0815337240113605,0.22521062841550496,4.014566252035016,0.3338274434760552,-0.044966556238,-0.0427570909676,69058.54299160095,15513.227341354164,10967704.8073
6.183330576785586,360776.6358298928,2.2734078478568067,2.5478187909439725,0.4661614876470618,5.057691067868394,0.07106459626526943,-0.0670662926499,-0.0667734955093,49765.05962817191,20288.83940512003,5763839.0509
3.5326387536178996,563856.4070395412,2.364282934414799,2.738581233845279,0.3997080353667693,4.908686955961061,0.2768394991825427,-0.122122280068,-0.121173515525,80885.21961249314,59528.60316159797,8227624.07004
2.5543539496294696,482660.28242931276,2.3152441949798237,1.9160702975796617,0.1691072317941218,2.2474807783428807,0.23047516091159675,-0.115379111263,-0.108435696444,69249.99997381309,28910.316910329184,20982674.074
2.7815325560706086,14557.087216371767,2.8164182473908497,2.0063922854322347,0.3411169981354256,5.702257881440113,0.4388585130272078,-0.00320668244753,-0.00293744543395,21414.529462517414,6147.3907727144915,2069298.67052
5.118406530007654,36079.21933695861,1.8064575438693287,2.318072327186231,0.3553801054579614,2.7220357883964192,0.4182481750719884,-0.00713233234381,-0.00710947074968,1681.954860925786,19030.66619603436,1985005.68199
2.060601606278537,250227.81164606335,2.130398177123516,2.415018064869658,0.49682374705858123,2.0534208441464474,0.4840097353490992,-0.0588005127157,-0.0587087882362,18176.459225208444,13242.20337039874,20346350.7203
3.4036862979334974,95506.01911105445,1.6804758639014006,2.996861291189843,0.315075066322294,5.861936053256795,0.45649619679568054,-0.0208688123717,-0.0208885167542,5822.485335323722,10811.123020545256,3746528.8819
1.7683473436165404,190945.4064986041,2.554936889902537,2.9058102482600723,0.2432758600609842,3.4491705869058418,0.2949812134261192,-0.0439970350196,-0.0421736946233,19237.07224889204,8460.026544358241,8770849.8689
5.01110905796063,443620.3816328901,2.4929528502463674,2.2571601522916422,0.4837822075394661,2.0696097290755637,0.4286104502388706,-0.0921301510469,-0.0916796574421,103284.1556890208,38408.730143368135,5987526.51601
7.180706237632447,238906.11971335913,2.0223219222813418,2.6488390296079167,0.24200078320381763,4.296095549104464,0.0878533126553235,-0.0427255314641,-0.0417356193548,49857.34748021842,12327.514929773753,9248608.11515
4.6973699366260995,580389.7816639047,1.6323444726280667,2.1471468694168614,0.3723185061810318,5.321960487995238,0.0923224242926648,-0.123040541792,-0.122682865071,50696.76240731452,52837.155418067035,5544944.6303
3.240762189019469,3614.2257532306044,1.7125168123543428,2.541455012589066,0.4731685275129579,3.949144732818686,0.34562269815934,-0.000681601384499,-0.000685042758671,5884.131510894417,6471.177329277855,921085.75757
9.983567944928756,201954.31920094765,2.1417255338013024,2.715014809452536,0.2095900910404744,3.9496443744076917,0.3071330747782204,-0.0322083516638,-0.0306252205924,52612.28076576326,34424.85067685039,15613295.6481
1.33196393591807,305071.3521342342,2.0434801951230535,2.2402087728376125,0.34970715607256386,3.969112562718006,0.29490214893912486,-0.0764353002323,-0.0761148003364,40939.702865043815,2696.3110903492575,4917250.31494
4.4834808399455985,428320.7807404265,1.591186092526267,2.363826628941626,0.41245099377885486,3.8377255618340254,0.09919644345235344,-0.090156683042,-0.0900312900965,330.3931289454376,1656.4883902637118,6417488.78688
6.481625553206388,531300.9193060575,1.8332561998785095,2.0808734098662076,0.23131091113844116,5.842607649169965,0.4468543655137621,-0.105075826162,-0.103503230897,73694.17295585772,16217.035528562412,13624094.8396
6.446537716847499,491283.78459463886,1.6042133103668859,2.2398693403755443,0.3798606742426173,2.9412283540499127,0.3799901953969287,-0.0974472162344,-0.0972715968737,22775.073637143676,21425.808977466575,4570254.0916
4.541737215996342,428191.9425159287,2.0169472197501017,1.5589984601447358,0.33857274540648663,3.940567442331264,0.37910921787476287,-0.0927772039515,-0.0922992427675,64523.95101788184,33467.39027602958,6646868.78919
9.604216632623087,562287.5698553409,1.7257173973537596,2.4623852936854242,0.24234870161739752,5.458810268002816,0.43062143121043384,-0.094678364663,-0.0935572303231,75259.39375225334,24245.63579859133,14183632.7866
5.897348526063083,523392.4221576628,2.6039250753086254,2.8249048432547244,0.35538181904714083,2.200707248756341,0.19261940261904764,-0.101761800243,-0.0998211783291,158672.12456519602,41646.395286582505,12945066.4463
6.303845036976992,483292.1683185722,2.9273861663961442,1.602046797843131,0.18172399183250054,3.044374683528979,0.056373626627735936,-0.0992798862219,-0.0870512436872,98186.30448289262,88163.3326449974,30932777.4727
9.640251597041217,591153.1167524987,2.0206643917474585,2.419272662356398,0.1842081232561386,5.734686361343684,0.18101880194532738,-0.0975880957325,-0.0926855379668,109395.29972118001,61.412179750203904,24273712.0263
1.6778471086688718,599610.7464074532,1.5887206514071603,2.3803383885020954,0.24910331501297092,2.6717062637887175,0.2648622730593377,-0.144034401036,-0.143079185324,38219.47560259389,29041.987154987044,8041605.05301
6.311837558642798,99802.43455498062,1.9052575389870055,1.6070987796327123,0.3246019085834708,4.311055543124196,0.15454836481582412,-0.0193317869342,-0.0191571356479,24500.56623408054,6742.726948086741,2550818.25513
4.487537126712313,315690.07726407226,2.544029216822208,1.6539387343210001,0.3859126677000786,2.1665778745073907,0.4680777579585391,-0.0682949414299,-0.067603327028,99545.41979278131,66401.0859578695,7032442.40329
5.0934117500482285,94336.87425419549,2.2022057675170643,2.2768297125123977,0.44664988637977887,5.143566410909642,0.223998953322884,-0.0187425555226,-0.0186370629113,14070.472285904223,8759.914657999614,1833622.20871
2.7464704186789843,261138.47867116772,2.4269907880793253,1.968228783181137,0.21946165907281795,5.703881273199668,0.1000132358529858,-0.079018941883,-0.0755821561271,92000.42376409902,33787.68487844217,14215191.5675
8.698474213406321,483921.6861318335,2.366070371492876,2.9208653843179,0.357661485866742,4.2636168642249,0.28428500128186995,-0.0808724180757,-0.079704144765,101381.19259890208,7035.304676702603,11594048.5588
3.7897212597619623,266112.0254084064,2.410241967944224,2.9747134203167778,0.1696021712972706,5.6708371440058585,0.4855091610209308,-0.0588652875239,-0.053745403517,18141.417743194663,2025.2030804529315,19591393.8316
1.8784213829063727,525310.9697396026,1.9856976622941944,2.4879819781601835,0.17373844803438407,4.655681680786804,0.3559140174781135,-0.129596290676,-0.124779993173,91094.33194174377,2662.510790646497,25314713.3636
5.971426210142177,38531.725227743686,2.329362144832753,1.8599944772274881,0.24167023829279885,5.497982866007915,0.10910379733265771,-0.00710831676602,-0.00647385630152,25925.174531604396,2190.7524119702493,4508441.41256
3.2039236911922506,357521.4046156755,2.257332231281524,2.1471474150967635,0.4030135781362002,4.549683772262406,0.47623987374681204,-0.0807660620889,-0.080347117031,34383.297318548925,33878.91268574186,5156020.27717
9.906699664527135,401500.3551372048,1.598797812222506,2.264605701221171,0.46789254320911344,2.5816770980093184,0.3434794428714911,-0.0677302047802,-0.067653346198,10996.30896512715,44051.00143960975,3508789.54002
7.415106291073401,410892.36800141557,2.4593346359635744,2.9509031601120945,0.2706262120582388,2.2878935619992924,0.3695562580102964,-0.075131939546,-0.072416810601,111118.09477789432,11079.896229604354,17189436.3373
7.4270189771624375,298654.20686432393,2.8805671864122635,2.9973015113935277,0.4490065361315656,4.100724014798042,0.07640115412143841,-0.0504452815995,-0.0495828709573,118647.77230351383,22776.00982626132,7338010.09298
1.4962021348048533,212036.8422147117,1.6060997989255403,2.7778173687177747,0.15599527018082798,3.3880788044992967,0.259578535054465,-0.0502722366354,-0.0494348126818,3877.7086046176905,3466.877147228215,10224278.1467
6.284054328211552,126411.96307916888,2.9453889407892757,2.8061179953584094,0.4799049577330926,3.18706659258847,0.06507023324629249,-0.022678050365,-0.0222924665705,64550.260599468194,4969.172560158375,4282009.21545
3.919247497085636,202901.07452341294,2.4045809685488937,1.5072648048179487,0.3759200542147959,3.1049722554891304,0.3819360565575413,-0.0448450300821,-0.0444725321622,53807.82109210427,39386.88224463608,4417585.05717
2.6250840313347457,163859.52448870128,2.2722312147296897,1.5490251339652774,0.1857925927707409,4.656864869980557,0.1039405005760789,-0.0447082161362,-0.0418427925628,41414.959973812074,22446.925771881008,10674228.6583
5.262162127887817,128150.92893077164,2.2014905557272444,2.6328182029806513,0.300623294767395,4.776508901573367,0.32179553603959377,-0.0250693595409,-0.0246856911889,26952.332560828436,10527.932693239009,5214999.82153
6.433432529917456,195893.31338699124,1.6665698907670439,2.065960473610974,0.4521341253294535,4.319832218966177,0.34594514204906684,-0.0385200709764,-0.0384695854917,3213.63612285284,13981.989997824889,1973393.27382
2.466220555467694,22930.79356282066,1.6634547188214324,2.399048510987361,0.29897084671802027,3.068065295333748,0.4184444145035865,-0.00483796512947,-0.00483355127495,1158.6541698232477,3974.678218505754,1502633.6825
6.087916935044639,323558.69141952175,1.9603937313582298,2.974524507310983,0.3031203191870683,5.856358416676798,0.19184623251629762,-0.0608208005913,-0.0602274967262,42608.180710958884,3009.337877290903,6679816.68576
5.186770098490812,593895.7227566922,1.5632466871303998,1.90863782694843,0.2543311359667243,4.9978075983271,0.3142452503240925,-0.125098723531,-0.124498156222,27980.707390458265,14195.982269155951,11783512.2127
5.34052697808775,372410.89739590156,1.8833715622966132,2.067115361326379,0.1580407251607286,2.6567722218836156,0.44981989195656624,-0.0787713435838,-0.075240400131,42292.7598583897,1641.2962866446248,17985075.9676
5.857508523759526,359564.423251523,2.870353746624281,2.6862326422177087,0.37585698980000126,3.7540088591427216,0.10492680364700362,-0.0676981498542,-0.0660282935018,135498.96685480492,62963.623749304585,9830189.99408
3.852099005075624,549775.9588327652,2.671871686338992,2.6314360069754876,0.21415981418625724,2.687726731837016,0.48589813271558013,-0.121268290627,-0.113360969593,149538.00903185448,36599.57574661302,25522212.4325
6.057077164982624,442363.4115663027,1.5495898658809466,2.2605384714146304,0.33742540333149984,4.742829288251155,0.4994011276131065,-0.0891860139292,-0.0889776443988,24595.00725986988,14203.677528690372,4690359.8731
8.548169158068646,312714.1809236689,2.7092878844936576,1.664796245317683,0.448009987774048,4.256017929574541,0.31371304859721666,-0.0543644147464,-0.0537626811572,123000.80991417082,87661.2714112794,7299735.32186
8.307954149543146,379950.247992922,2.1889320803795362,1.8240501185369122,0.26596446095835025,2.6738823499907447,0.2729374124189764,-0.0690376198708,-0.0673239686062,88422.7632650938,36743.283976569226,11763871.7007
1.4695073887441796,199316.9178625457,2.871830674539546,1.7798691314363906,0.4711590722169885,4.720182412637691,0.3006302150782792,-0.0528509239385,-0.0525117159455,61225.18436489204,49561.82700044527,3995296.81297
8.84139051073341,290365.39123348583,2.753936149358445,2.250661949297154,0.19955431673615454,3.864560411430173,0.16402994806748725,-0.0506254448127,-0.0440994713213,62403.558898807874,15681.07246665764,22297084.6025
1.0967607909743784,530523.0089056513,1.8757812080527931,2.575096507998957,0.190525257714518,3.220682510134824,0.14635139428512312,-0.130486445658,-0.128457934704,15115.704174746037,1718.5304199547215,22089964.5466
2.4889759501578768,267982.3391384023,2.506461231546138,2.8079572314211347,0.1972964235931653,2.593847877771998,0.11230642016265373,-0.061580699578,-0.0566335695662,52498.79165633401,18630.66228723049,14928569.8641
2.0212441742311453,337554.35534419573,2.9294473301207926,1.793747471205291,0.3450566277859749,2.803798477587869,0.41914486234060855,-0.0801435035824,-0.0783664032483,73637.09804348658,72359.75492310988,10258022.3598
3.6379283444713963,316937.31955785863,1.6972022845033523,2.628458124327845,0.4765419084412573,4.4874469674304525,0.19373768806627534,-0.0688096575666,-0.0687034050172,16421.16251549077,22788.039901460277,3231763.28749
7.120604208619125,512173.33364083373,2.5208136323894417,2.1001208014962445,0.42758419868384956,2.3995312994874456,0.2076489574775237,-0.0961640984936,-0.0953227620214,157996.84218869486,63357.744451216065,8946900.38585
1.2803557248644677,583497.8412570349,2.475841352413635,1.59648439565895,0.27222423630397996,4.381539933951374,0.2420139241216006,-0.164840115494,-0.161620276514,140209.67450963822,88083.70286381645,20269911.0035
6.493853121144648,333151.1732903866,2.6898031441125427,2.4515836499646593,0.4540207754007054,4.25079359505341,0.13515487663771464,-0.0611764011157,-0.0605452008886,103137.95715156903,44605.54858177153,6098255.6051
7.770076906522767,487820.37478641747,1.7163069724436875,2.055999603172908,0.26605386376515777,5.228651889362761,0.4578974464231907,-0.0911000413679,-0.0903300704436,57203.985167062674,2826.178130989903,9285719.44572
3.903219046660637,436638.7104896462,1.7482938632529412,2.1029224263336372,0.40113568414467826,3.565037155866667,0.14029784042770346,-0.0950473545539,-0.0948834454822,16031.615713276595,6381.235376102958,9360805.35845
2.183324529270466,510402.74586609093,2.8655833186823725,1.8728027477322464,0.4896728114155282,3.826049874462919,0.41439428770386466,-0.120258694692,-0.119583525712,72416.31029023793,91750.28996019963,7715875.49315
3.263229513892095,227678.0999207014,2.3174454157824265,2.468747956574,0.4829580688540446,2.5465037174054888,0.32189863066089,-0.0501294441806,-0.0499623605969,35497.04349484688,4205.125817891524,3135539.36945
3.1248347874490943,352300.87418528495,2.161869405827391,2.776781265896524,0.2586473309981241,5.63197077907019,0.29894509743862957,-0.0791289522058,-0.077785822101,37324.57701233399,7410.632455502807,16561800.9375
1.6565706499741513,518647.009520189,1.7998478938759161,2.0816713922983254,0.482680657239691,5.50769185909871,0.22275866243704223,-0.151795515613,-0.151684322396,13325.7859918451,14675.58497230736,4646929.77894
8.448206975451285,288128.9801441715,1.7897258955500794,2.2612500131612294,0.27389196686282813,4.745612962200008,0.2280241747295294,-0.0504684195995,-0.0499967020919,35527.97328575911,12439.38975708674,7153657.4492
1.727639669981503,373078.7434812761,2.6524434762801157,1.789822084246103,0.23888717779713425,3.105975490251082,0.37693452362097407,-0.091489313975,-0.087642154683,40336.12933334328,45002.651478533524,15284320.2464
9.911377466742485,556850.9786588043,1.6562650079035024,2.361431968247428,0.1609372454884055,5.997513822001393,0.327406555863152,-0.0930826559901,-0.090074924539,66996.41630331431,18130.221107239006,23417258.0891
7.7030637201794,529118.1343757333,2.2831877861009513,2.8336359888388905,0.1506047614825591,4.494702009118613,0.2199414233197718,-0.0972916307256,-0.0873586644158,65317.974237722956,9132.205692237612,35304684.8239
9.89773858088004,588098.8639918886,1.9936257081755908,2.5380814342177365,0.32346611941423975,5.391592428305584,0.11322090499760736,-0.0933770553256,-0.0924841526542,100557.92630002175,5999.218027037263,11149268.1071
5.32339578960719,450716.1940034811,2.6353511020188183,1.991055071339562,0.37952421178792534,2.1538223284979483,0.4031170336288304,-0.0929269455223,-0.0916424192414,158498.3475393809,76738.62305811343,10201210.2919
7.222576101800991,293204.420226729,2.3488475073258126,2.8018874881683695,0.38303118994326635,5.195143713826984,0.14629442539639406,-0.0512712082168,-0.0506939731285,75426.46756708573,4347.932628473407,6286670.6026
2.440685672134287,472185.2001076276,2.970535119975059,2.893229880373701,0.2918889057507966,5.352637672350136,0.2394889017398898,-0.108030743287,-0.103775062663,177429.33542313494,24002.07185286113,19765535.0277
8.498911253456843,145423.84348579307,1.9787490319752916,2.0696096817535645,0.3329320883892939,2.6354308295741413,0.0696333762748596,-0.025381826893,-0.025132336288,30251.69254224464,8668.838867749544,4381395.07368
1.8640125538537422,320135.0165722747,2.074795968652051,2.6933063711485485,0.4133331167877027,4.796834425306052,0.22791514672318253,-0.0776414891679,-0.0774413655073,29874.86925594963,21728.363620563552,6180738.52289
1.1911990246369384,429239.4626284223,2.158053644677455,2.1577598332135404,0.4721432421519923,3.9643382353219745,0.09597346381946716,-0.125889646617,-0.125689166458,42484.874200024344,4216.7411591684395,6648054.28499
2.7639045435559884,263387.37741753133,2.544504393528667,2.522602640734534,0.3649722369585811,5.672108047176765,0.08135072392591901,-0.0693281309114,-0.0684968175078,87409.24569749662,10077.250677466056,7724121.80951
2.775386657749165,418527.26150809514,1.5949833212654956,2.4803253254873248,0.3152728607485202,4.999112600469788,0.08705879894574647,-0.0978958082961,-0.0977469004958,3173.4504632783933,2396.841411162683,6264971.69613
2.303971842293603,49655.580644481386,1.8664033778233953,1.502436353070723,0.3575891629774368,2.660809402695324,0.4891030893717282,-0.0117714934068,-0.011716160803,5754.656798499255,5177.796640650082,1304627.29014
7.690964305488461,584290.7156727704,2.3904963727492268,2.3801321636986046,0.43908557308064755,4.006822585572249,0.4415507687054372,-0.106144043329,-0.105420135485,148978.71498495256,40100.96993298141,8520767.12176
7.657887854541831,392434.8448269396,1.7758914181349947,2.5002037990652948,0.35337406930243365,2.461002397626022,0.3236314220671045,-0.0726306695203,-0.0723777221481,25024.36432301729,31466.29968240522,6155882.83091
3.765468777314057,58573.45446581195,2.2327302494694177,2.9053995304358944,0.3833310119946701,4.717305436456773,0.20048435578266033,-0.011753416121,-0.0116544859389,5716.762618838802,1868.7272904144468,2298706.91008
4.439700855812273,506249.8807976267,2.4234318598086126,1.6780150434851324,0.403288352078781,5.499078744357108,0.11956304697558731,-0.108469266985,-0.107766240799,71896.24031654351,67775.83244257011,8527627.9383
2.1486326749886486,468069.17318695213,2.627720657783981,2.671219983685396,0.36286225700783703,5.90263877762686,0.18862019419881937,-0.125383063415,-0.12385536763,147281.9367196041,25057.03174598228,12601590.283
2.1649886260997766,354820.41650264215,1.9926860642205704,1.5920957244449574,0.4299319274511394,2.7352517157267378,0.2513252328463326,-0.0848947630045,-0.08472028435,30999.231623239873,35330.659655517986,3357482.47789
3.9836662587789493,228388.8073849731,1.8275191444861032,2.445995078105132,0.39270932675201725,5.964972258811638,0.4538097374142893,-0.0501628980794,-0.0500575024703,8675.526226038912,3339.8205604727154,3504676.37564
3.073408095775507,503276.0091958529,2.1709366763960967,1.5373988082970786,0.39371993633427826,4.061233881639987,0.15449946289613625,-0.116102564769,-0.115665083195,40140.670287163906,50849.45721050357,6849280.87388
7.790682956983084,475976.5965296417,1.5196636393357792,2.7564092113403156,0.27118654851788637,5.754234413394405,0.17400463744610095,-0.085434898213,-0.08506146616,27455.432624847817,23123.127779793165,8330263.72652
9.811504387606032,383655.96677583986,2.4887129574735765,1.7181866250466933,0.43584646864480836,4.413739059303885,0.08986701529821114,-0.0612061811281,-0.0606554610289,116756.77697261349,70450.29209391975,7204891.93849
3.3682059446167387,586.6044613209053,2.069103681180919,2.84185651748719,0.21670711513267665,3.4025389710605105,0.18518056436721525,0.0010021917371,0.000947511131456,1444.8503455467498,8301.973590488911,4243282.51258
4.639801375646141,90821.46386915835,1.9265617799141588,2.726192507465501,0.4734874130670368,3.030279340973126,0.1379222751160509,-0.0183433236852,-0.0183130827551,2908.5356499168997,22851.0519659663,1704346.5288
2.6927333062807883,80012.5538772434,2.381181787481889,1.8665545531528647,0.31178023607053484,4.139567340753111,0.2599653096331329,-0.0182963023504,-0.017946539716,14769.962671445566,9353.991881922098,3246927.62494
8.883084211494909,171483.10243446444,2.5598419437525726,1.6811384388371438,0.202288018937842,4.790819116636422,0.11693972801547274,-0.0297641239406,-0.0262641223359,66023.86111715614,21666.633231195265,13659030.8501
9.71096881977928,411139.0378892636,1.7360936336081965,1.5949927976166602,0.2399595432180928,5.616003616845101,0.19443739858520148,-0.0694628604483,-0.0685276036597,64890.92274555556,14609.3226866805,9868955.8863
1.723581072179924,82420.28420855594,2.469287530887898,2.746407723896165,0.44438822885225016,5.729060360011435,0.31447677079711067,-0.0207563420715,-0.020651098976,15638.39547962976,9007.088561533925,1980869.04802
6.035137069807198,447309.1336424262,2.4091543811600666,2.4023193942422254,0.34057880933412754,4.334874729311698,0.24726041818232697,-0.0863375588773,-0.0850014011594,126296.91657105787,49383.421828948565,9605911.61833
6.861244476198378,238250.3068144242,2.558820564190637,1.7390807222605678,0.16973972600331658,5.7373304725561525,0.3849534402781888,-0.04750596042,-0.041944502415,59127.20003376965,18317.78311200901,17554314.613
7.582567085504325,259722.4671339579,1.557022918388365,1.8572501804022403,0.23332773136970805,2.0768563380169645,0.47566895608800824,-0.0497575732662,-0.049349427962,25590.70009526404,9726.065403347102,6474161.76946
6.550128789832998,333743.13804005174,2.715515216034935,2.771448868861703,0.36585456934517324,3.3157226323066578,0.47741429367365296,-0.0627427212031,-0.0613376207627,122614.35338247746,21491.111370562303,9992372.25479
2.8873930532915164,282955.7602142866,2.5645004710033072,2.653503915595063,0.25444066758778083,4.025849249240389,0.36480099830745755,-0.0634332308957,-0.0606979944655,53809.296373448866,28149.931008977655,10594600.6369
5.928336207024266,260619.794918102,1.7898269285004818,2.9600588886240464,0.4445250769610585,3.6400416045117328,0.05888825581971829,-0.0496802974231,-0.0495923512207,2995.5463379445373,31504.432357303118,3141821.08605
8.185307642109361,581156.3407590854,2.3821671705956025,2.0160698906375436,0.4733984350579069,3.8886868980357234,0.40296359142043486,-0.104143291504,-0.103636598009,135628.59420949887,56318.64935628157,7365741.11906
4.899582031013871,330032.59583117225,2.546414085639988,2.6619190891347486,0.3321945677243644,3.870726004282284,0.39680720756853255,-0.0669858791387,-0.0656401722242,91132.7935581495,28021.413002002315,8953648.73654
1.370160325304792,554211.1764926831,2.0801266833516348,2.1018641577128117,0.19164131025305292,5.44015551591286,0.41568457186439695,-0.148838717282,-0.144179801574,78671.99022725607,28634.47663991594,20857339.255
9.208866018454986,156729.81099133435,2.1604169051902455,1.8888996808959337,0.30683733922245227,4.75794781935178,0.4204257412261819,-0.0267356878873,-0.0261699182031,55667.46051338143,7133.140404778457,5827006.8018
1.1935006388302365,271495.75882048666,2.50444369139508,1.8712647986943116,0.2181378171558781,5.49554633778796,0.41689147723325304,-0.0740775531631,-0.0708893030059,59156.24460158701,38226.82093945336,12238836.9375
7.429342309282848,367562.8291199753,2.2797084056392394,1.6567608220332188,0.4174998960668347,5.072851635514412,0.3703904329683476,-0.0687033926215,-0.0683052682679,79335.0490146368,44911.76224898187,5680616.08246
1.0815474305740427,387888.66988889134,1.5146848325953335,1.5860965394677526,0.22796937859505884,3.480419037620322,0.11689366036862132,-0.116776703066,-0.116308493094,26897.380051130953,1819.7634787767904,6573815.45691
3.077014506368663,379452.34458460903,1.8325351334394229,1.686501531065712,0.418905310626702,4.717177466179997,0.3341834622066624,-0.0886484866508,-0.0885108475845,22593.90248255178,23256.982117491047,9510454.19203
2.847437964695989,389918.9987052616,2.006364093762692,1.5157544374613183,0.16230864549862672,2.8498987872607273,0.05940149807001822,-0.0927582449053,-0.0880249260327,24741.079905935563,19514.42187882827,19130564.1986
6.862892224792875,20460.594891380966,1.8441354537054768,1.913554556769559,0.39965877386392,3.922143317641059,0.2665352175367135,-0.00373971456797,-0.00370247100843,8396.383487891782,9692.928076231334,1408439.97905
9.18998606044172,579209.8868894628,1.9456494754112978,2.3255739653001704,0.25862760047979316,3.6775607328173234,0.1767692291177133,-0.0986283521111,-0.0970198792259,107499.47292695525,1658.1258333971473,14612731.8969
2.0548884655974144,9888.916041199058,2.2125058590965714,2.100804500115457,0.34725308949986144,2.036010157932715,0.1993898779396679,-0.00181961498228,-0.00177662054402,2680.2195436629454,4457.819930424618,1123375.01965
1.3761301347447685,141850.5599344441,1.956224666437468,2.1582811215962887,0.4090620293264373,4.65811862468969,0.1763509759841423,-0.040269569299,-0.0401935423704,13195.914081191908,5803.940820047764,1817224.72311
9.634083239090979,526406.1815430477,2.1857936121378545,2.0420914056111634,0.28616534623824513,2.015171861127483,0.3827870692021588,-0.0898118125816,-0.0879334168431,121021.12187326241,29354.380793962508,14351908.2338
5.719886991939882,361792.34563226334,2.0144284701549076,2.9135148195572653,0.40638980595515084,3.288108785296861,0.26529163901225716,-0.0707438429102,-0.0704606441899,43100.30649645218,20986.210691419397,5135725.39551
2.5783224649251704,214293.90884811617,1.5129368964326422,2.843696880927745,0.18654050572022016,4.564866604615192,0.07333894275634151,-0.0483894385127,-0.0482001660877,1459.7880995555126,9698.730440087273,9254277.04755
4.511939855649766,202127.62711544547,2.162076490867004,2.335909101654223,0.1922852442362889,3.363611796034367,0.2636276525370399,-0.0425496514715,-0.04049488482,32274.93220906511,2090.1428042790303,10745131.5631
5.573379288448935,117084.75717825914,2.9620652425482383,2.2720968041866256,0.454523982247496,2.12100379417053,0.15423520488441075,-0.0228512230668,-0.0224026516559,75440.79455589836,29537.528244918107,4328677.77187
5.267694104564662,323200.0654745685,2.1420915458215344,2.502999169445334,0.2976077530045066,4.169616497837145,0.20618676090803062,-0.0644113007271,-0.0634846607051,68362.5376942412,16285.345769092302,7470598.40748
2.9543560463247367,86248.10672374965,2.8051214970214122,1.8460107954765699,0.3487980587937663,4.632191538730353,0.1137383478201239,-0.019462276242,-0.0189331015136,23887.797844875797,18510.540691774782,3589443.77783
3.6439490478448753,360379.27502257604,2.2272528486293828,2.348344077922361,0.22011312755543228,3.7038556149136297,0.1298518512198577,-0.0787884607175,-0.0754374388487,40865.171067828625,34518.54600081491,13892314.8494
9.18837871936492,71704.87038577077,2.8443407247905803,2.8411338507577026,0.32705961389874394,5.739417860794928,0.19914602878190596,-0.0106534070035,-0.00979780441133,60611.357656791275,25307.258445354306,7889976.83408
9.426142233300034,497041.1858831121,2.2729177067358206,2.7907552240269036,0.4042475565775949,3.110828835262863,0.1555568314789184,-0.0808408826588,-0.080187028048,95847.00909333683,21103.888485241045,9156689.1228
3.527859509365492,89181.6242654657,1.605838623235743,2.8821592149029964,0.19572773309231623,4.203684585739824,0.4988075156626491,-0.0188562205976,-0.0187127479706,2608.4072775691075,4568.202619760474,5708070.63941
6.184434089898746,486313.1040066621,2.808027108423789,1.6009946833132043,0.31527211775851915,3.934493524811916,0.13151311015118028,-0.0949922767313,-0.0922167314006,150802.6027119177,141798.32877279972,16992040.9091
7.243086351955491,484224.8255866254,2.287500382816401,1.5322650491595904,0.4533085831618284,3.4384147838439563,0.145667991513645,-0.09119367675,-0.0908475461495,86063.25675713527,63977.01804378906,6071700.20959
9.781804409055377,546203.1902657752,2.6701389486033102,1.9122662600935376,0.41021815585450605,5.1532118715501944,0.14513718769130957,-0.0861459939904,-0.0848920644478,189982.24683463076,102501.89965427142,11901534.1296
5.5907889857884845,394805.5084213973,2.7957093989988966,1.99783126553783,0.19201176188345667,4.2004937281268155,0.14799954445935673,-0.0811588138094,-0.0727942619595,102688.90483847754,55674.525657321086,21845725.4557
3.212726989337812,202862.50848459167,1.615751209782122,1.8382717470370853,0.15739089933953507,5.502647145311572,0.18983245787470576,-0.0503666890616,-0.0490261507635,29775.48209374365,1754.350914491921,9569051.77649
3.734899914648749,350480.33801092475,2.515012958286561,1.752421328401018,0.24039445898605538,4.00455610612434,0.22728194511658228,-0.07822858958,-0.0746639581703,68209.94905537322,54304.87813776662,16100859.7375
5.910749549228493,202570.4627239271,2.3102999269238715,2.745061393630143,0.34702525055279454,3.3250769878604447,0.1483293295136807,-0.0384212911459,-0.0379082075437,55563.36772600984,6932.291437735078,5804664.31989
1.565016873757247,43777.56540773705,2.886223229303347,1.8917979091070196,0.4554595743651978,2.2419028828277328,0.3186358321860551,-0.0102738026436,-0.0101336881284,12979.467461358707,13008.193759367465,1483590.85041
8.12970025367851,85396.19074806917,2.059525145446991,1.7405848201615233,0.19590004693776622,2.2574500034501215,0.11534601698274385,-0.0156516883084,-0.0144658594858,33283.81037898079,1589.7342080598607,8162302.94628
3.4820377356442576,599506.3050882203,2.27301212291126,2.0532927025933,0.4300622182437205,4.605404038458902,0.22756886315717118,-0.133416257304,-0.132857874507,71090.63719764656,64969.74431346636,7149107.71821
8.679486106432407,65668.93345225583,2.6664670617318382,2.128826926328033,0.1663745950100564,2.0653029398652323,0.21856080499918867,-0.0124639294697,-0.00873754750428,37250.778694976536,8736.007984520218,15082285.1295
4.862026895101947,549273.6912569584,2.5020774298965502,1.6935962158203437,0.1704458083074243,3.8597189681725896,0.41428841453647053,-0.120556490439,-0.110896388298,80298.48961216431,45591.482697464875,29381723.2005
1.675708285522956,392271.11431419966,2.9872801226052674,2.7012444797280075,0.22353495592989006,4.693056696452486,0.370540539696602,-0.0967850748024,-0.088711757732,150824.63187431046,30595.870482739283,23993377.1584
4.727657756705629,223447.46025049887,2.6045066513586326,1.572246023417527,0.3500045373163666,3.1234603985887097,0.385397650537886,-0.0474858683077,-0.0467057613901,78760.83773939362,50643.19555845263,6546700.99144
7.705518378099824,962.8619646780745,2.6963723061479934,1.6746139414427017,0.3015676513396228,2.11044505549665,0.20777609945433584,-0.000101702277352,0.000550002381924,35551.39932267948,13179.948161120186,4623941.26559
8.699326477407823,475453.8601307417,1.5504379130072066,2.764921344330422,0.2869985157909176,2.243135704220534,0.07274390741083844,-0.0838275975027,-0.0836232088298,9289.594078863242,51646.27889430808,10298495.9937
5.128112987743681,370988.67840282706,1.8700812051684066,2.4245644256529824,0.3367416485716852,2.3968791356222585,0.21187289429175432,-0.0763597334362,-0.0759637270819,44871.21287837468,3393.244542016431,5651616.09382
7.231894033627157,299441.1221611251,2.266632877332057,1.5268997344285948,0.45443998254260376,5.171746365033536,0.15982542755976448,-0.0553974750492,-0.0551802511223,59420.44143841342,40091.09607797159,3998629.72469
4.936204929734712,446588.5912824927,2.8487371964555463,2.955759125992201,0.45604066468002113,5.306941099763575,0.49816881999676427,-0.0891826378857,-0.0880203844834,112246.5257579314,80374.71631919757,8100343.09525
3.6393960681420108,599603.5204245766,1.643659807296824,2.527442798798941,0.19450762883909656,3.84995041965617,0.17697225733572775,-0.131993524625,-0.129015969651,64680.224380602245,34525.91857657035,19137229.73
9.459944539695089,43790.99407308995,2.587705653902896,1.5621950308503738,0.31392041077149646,2.2883172145660624,0.23866711337544205,-0.0074894585501,-0.00673522030473,49495.18345180526,26771.257348121002,5657664.08403
8.186762376757837,313635.2255185219,2.6040243257910607,1.9596340756070527,0.22033107411920083,2.35450913673934,0.4290940868740422,-0.0582448482522,-0.0535496972007,91024.17558485299,36203.09744540742,18352798.2235
2.072352960341418,87060.13321150377,2.706480554618035,1.890880646811546,0.3362116980187666,2.5463459168105977,0.2940808516804689,-0.020179415516,-0.0196751663914,21802.61484352666,18266.05616156515,3111291.84724
5.257475030799934,59583.47102562402,1.7526565977957647,2.480135530013836,0.35591525384295697,2.053923496329061,0.1827824028741818,-0.0118294766979,-0.0118126849983,1087.1080241557513,24282.030444343804,2372644.72931
7.405276654172882,13581.435927075814,2.202351614474754,2.4283740803904372,0.35007045645824864,2.3306668537035824,0.24913591828692327,-0.00204113425369,-0.00195163213719,13527.81274100598,25808.819721356067,3315820.93916
5.035225269388641,254329.78982782818,2.63589102152256,1.7198077071812385,0.27159510009681054,3.8217673403245205,0.08585499501608845,-0.0521808044153,-0.0501947264992,70225.84027947205,59045.67527967924,10007691.6891
7.200677713879113,424756.33844259486,2.1955479252372383,2.519322441295169,0.4151215666062167,4.204275660802077,0.19573013512318949,-0.077283264006,-0.0768258745359,84054.14725819604,8694.042666905318,6109129.41697
8.959727996846519,60591.351480332036,1.8715469986761994,2.463397736404986,0.46927294602026026,2.6265243845814483,0.2989231809949784,-0.0102982732814,-0.0102781444415,4965.653297694257,32701.904285647597,2322479.51028
9.000098383319626,250972.5114483772,1.678757685528468,2.014838542104605,0.4096630836427064,4.498350474048761,0.15155150405369774,-0.043219571111,-0.0431340677967,10043.144378592979,17660.404452361316,2847250.48635
6.459740898576521,176707.03637218024,2.2749047536026983,2.347189107715151,0.38968173770430237,4.823260300203735,0.3687193669660148,-0.0334708834162,-0.033167191738,42986.84665324986,1583.7168116026423,4030756.91104
3.26369526743638,64365.96324585635,2.5999607498601427,1.825489250166195,0.21531558472696866,2.9616857567695463,0.4205812809753199,-0.0143614270965,-0.0131538806163,24202.076981685885,8376.900880051779,5572777.61048
7.9844261181880345,381795.1927750725,2.1881175501618872,2.6859984703273865,0.29319807534600795,5.151896943157376,0.4046655988298131,-0.0675353538711,-0.0662784428937,95145.64147742723,4501.127129539294,11068303.1126
1.0417942547836625,286934.1712288942,2.5433356074125153,2.8356926121688986,0.16162691284480446,5.845168085441747,0.41517337635851964,-0.0774896077259,-0.0701287399693,63722.32810296898,2692.2281285770746,22972205.2102
8.478196693022944,502015.4253385517,1.7361317681688457,1.6409391594821692,0.4669057538431097,2.0022340769893203,0.061810970461001896,-0.0924796480541,-0.0923665375745,33410.922582708154,123.13304830994952,3847070.3165
4.584581857639957,13717.784522157572,1.508490411458576,2.0511602948609915,0.32966492026250777,5.033164935620008,0.11578635007079978,-0.00262426416631,-0.00262218710241,2166.682630507264,4250.862322496373,1223221.55192
5.987472128791277,133241.01127427485,1.8081533867284705,2.722954788645997,0.2369826365628733,3.0488202236869077,0.4326058158682707,-0.025796145549,-0.0255439067364,16619.442226551084,27386.505096513938,7057614.35108
3.4376268956631555,512087.2954209491,2.231729066713988,2.8408553384934434,0.3835135650233531,3.6774111214705365,0.08732906842960497,-0.109870613379,-0.108824557145,76923.89476951858,72305.23056726196,7436974.61019
9.086399142382431,99336.95455979284,1.645451379286954,1.5000727090752983,0.24139325682129298,4.4187271611484835,0.27068359193150354,-0.0174004314574,-0.0171213976314,22927.249986290193,1144.9558681381277,4298388.51662
4.738307665372046,91339.59493421855,2.4905470725047287,2.5477784505195022,0.4886839411163181,2.645903030820132,0.32990972890336473,-0.0184776202971,-0.0183540751967,27611.807061695774,6056.942484463206,2239341.19056
8.715204228033459,277992.1401044963,1.6976541733306147,2.986659318859016,0.3045009427927147,3.306983653516382,0.2861110011388039,-0.0475725460783,-0.0474892515688,286.86372829562436,62902.660364140786,8464706.94272
8.591730408571674,546151.9319218403,2.0317459928281068,2.011799162357822,0.4498106098119573,4.915211613463063,0.25930446016512926,-0.0956106113421,-0.0953214022474,75086.41392812507,15930.138387756038,5558472.31903
5.799450835661002,24379.115755859006,2.2887456432973448,2.7346067235309004,0.32030358814823456,4.27013107029885,0.33944605228350244,-0.00401889978038,-0.00391960432986,10850.67366826462,23139.991451614373,3747804.8865
3.147306614584443,186132.8672456693,2.620296068143955,2.8846589306488992,0.31659919620642213,2.81167273591238,0.3044185050440525,-0.0400027612561,-0.0390694795198,45989.20201258365,5013.671397450725,6941659.2575
6.129582297749943,39933.27600494032,2.7060094603835543,2.5764123599803392,0.44276675070859983,3.5260257995774005,0.40724736821295665,-0.00719296955122,-0.00700705372825,33699.88051799618,10563.057075080327,2843260.75045
3.642303666052113,163727.47225867808,2.2353935093666895,1.7892842323583507,0.2511886967461195,5.735090869876047,0.32503893831345,-0.0376088593364,-0.0366032283257,51842.31221899897,14119.452842443186,6150874.57589
8.643372521193996,573252.8789839675,2.9271552055389134,2.61252996433569,0.2686550554115291,3.5661568224120064,0.4532671413084383,-0.0996695051078,-0.0923448169794,248736.9270730388,54533.96480864072,28574140.3291
6.9724220866154445,455778.36055501713,1.9392932312981248,2.352233591443408,0.39178044443155047,5.515088485801316,0.3351839633113684,-0.0857715093855,-0.0854293397295,58734.17920279793,3359.1693166727514,5446888.58457
8.011724858090806,125425.44136798877,2.387600377855367,2.3381016798070773,0.33890929932303604,3.7271487104463072,0.33002981532319603,-0.0219458569477,-0.0214401212008,47213.8818562009,5573.609393631016,5625654.34944
5.77571990958414,591925.1780846023,2.0398108624257265,2.8142534601348093,0.43954679294080756,3.4921514940443665,0.10283208594368351,-0.115207145584,-0.114797675297,74407.77281505296,6108.921789808944,7022830.71366
6.05828907756455,168920.18467390302,1.8307253528047036,2.6408971182071728,0.33594970274431835,2.123111154413607,0.22674227762887306,-0.0329486213365,-0.0328258890564,13621.78287652955,26442.81782406497,4375235.34206
1.372912100828684,319829.3750806669,2.0171178560605036,2.7370770119910173,0.4453210207126471,2.2656381157177847,0.48710642914725505,-0.0763840518398,-0.0761979307947,21716.027008241294,22409.466508403293,2943766.80902
6.349159762190693,586845.0973299481,2.7424485806493166,2.709211798546385,0.4822623302491801,3.5836947385599873,0.10849034201958824,-0.108819837454,-0.107863976859,192124.6167925523,79841.9550919748,9059832.31228
6.999633496388299,490187.5051187066,1.9714387384435441,2.0814073917865765,0.37680145894757705,4.256164584315838,0.2173470480049705,-0.0925211438481,-0.0920877410928,74636.32142199592,19674.816758600202,5982430.60079
4.023889377195167,57444.5593090583,2.493697399771494,2.025914726683591,0.1831474957444895,4.365940386850255,0.22813913717934292,-0.0124770214861,-0.0105748016237,15942.329871647387,4969.352307138594,7414050.05305
1.4347706211592346,136198.80884681962,2.4355229777266807,2.2788239707432614,0.4721113692654947,5.477105929119052,0.22264747450050976,-0.038813312468,-0.0386886112936,25042.20061772801,3269.0157426347027,2080017.48115
3.6504656698124482,251406.6456749475,2.104084089189126,2.3965328747928294,0.2382865669577776,3.813008036617046,0.4368572360476421,-0.0550992444341,-0.053665688539,35164.867305138556,16622.641921510123,7995610.23811
4.685321917883247,154346.6378779839,1.9465595087287153,2.6644909558844443,0.19518593073319662,5.007332850114516,0.07241105150724755,-0.0308668239226,-0.0293861223441,14852.577313188633,7072.985487772364,7030950.42669
6.991265835944915,46132.44620351173,2.03404784556181,1.8006369691185085,0.38222752451751696,3.9590433428964196,0.07275842798103423,-0.00836375933201,-0.00826223703217,20514.271578420045,271.6766114168278,1972414.77358
2.4418698517787183,396300.5385388046,1.7633433819015165,2.4574981037376196,0.3814489006398416,3.9031483723197615,0.1554248240471698,-0.0915045170399,-0.0913143381182,15186.26092748704,12787.601695788902,4454710.33773
2.1817350392157775,251837.66687658418,2.3499442970651256,2.424761582902037,0.4729162588854967,5.807115741364978,0.4878256251409487,-0.0612025596554,-0.060999002949,47167.47330120796,3804.292595349177,3278788.80213
5.414064596563134,31517.842115058393,1.9716022854153858,1.5416128419292825,0.21565360916461543,3.8516022767372986,0.13365706238909744,-0.00617301156294,-0.00576301662613,16739.091169255542,1766.4864932855114,3372774.24807
4.209767360211803,460992.6375869606,2.601617592861265,1.695162054278509,0.22802488344390826,2.7553555460237322,0.09321377742327394,-0.101085214748,-0.0962038397274,122835.54955681157,88643.27507147338,18634122.0282
3.7744244157505635,51347.82692448208,2.6454595597757784,1.7763916894496279,0.15518198139947947,2.202647935919498,0.07459003774861037,-0.011653727694,-0.00924362579283,18217.118159434973,1349.0055694910536,7509694.53389
9.962082726560261,199232.88207931299,2.990261392766625,1.878602924849153,0.27217082088635786,3.196139444736715,0.41083050090943396,-0.0332580916005,-0.0296720911234,111532.46556564518,52281.014892900275,14861715.4781
7.626330903852809,537070.6827854682,2.7521161960529863,1.856499540718421,0.40927721320968513,4.295000189078969,0.3452916234011987,-0.0977283334575,-0.0963631331729,180894.07153726486,129415.01028558465,12194866.6497
4.221737074323018,254447.6652116862,2.2029838393994665,2.2234459655020107,0.42405537381857916,5.830262541615807,0.06691774662441777,-0.0539826367507,-0.0537715216003,23867.443377606585,14748.188189678664,3659734.67417
4.376262761418438,418531.4666514036,2.1757327197989778,2.7572567565569748,0.4704737842836303,3.0855504376762766,0.2909832181594229,-0.0873110095502,-0.0870309377844,49023.46365381218,1077.0991732770185,4940117.13698
9.213853752075865,593838.2224884353,2.097723461754234,2.1677282537852944,0.4024086150761206,3.398511732500593,0.19011758860654,-0.100801192674,-0.100254257828,85429.22143918433,16402.750946137003,8128525.65582
2.3821392782839608,110157.86049154532,2.9417374615820533,1.508496390310974,0.30951905949404657,5.919496576176577,0.2902365950803838,-0.0296574235659,-0.0286100215398,58081.9063896629,41252.216450888205,5768384.50504
3.8111886205620857,376031.05132076744,1.9173271488321222,1.6740382670112597,0.19664113119809812,3.5026635997417177,0.1663564540306396,-0.08374522867,-0.0816852371911,56475.00597798629,31713.593600272627,10937230.8253
8.3067397541142,120635.74670760249,2.9301055081834955,2.4113044217512134,0.2834772438814282,3.677743690462019,0.4466599607285904,-0.0210352440503,-0.0189671515243,84631.07870976227,7376.929456280279,10496398.5226
5.356394524244474,407777.6017083287,2.5393863442210085,2.701032410819382,0.15458950080006192,4.750818149909765,0.283119673061247,-0.0843745910951,-0.0746854158817,75015.9771640909,3930.8342501084408,26584690.6691
7.128361089406548,456783.42406009097,1.7020315023332846,2.47898416562183,0.27415326340206403,5.820614970551215,0.41093734662260606,-0.0862276834017,-0.0855987290442,54314.31240362421,9701.808332088263,8376633.2863
2.421700380378164,57995.19072583097,2.493561731082577,2.6984720006277865,0.3598722298206174,5.3939936077607165,0.12250852943922141,-0.0136446825449,-0.0134571204868,19476.235253303763,11097.849531207416,2830917.72478
4.852982135046421,539726.3905749317,1.6346346972573362,2.743221346583427,0.4939020441769043,5.7553555044250375,0.4134981759488244,-0.112991766942,-0.112853052648,13313.203099444816,28666.589319772767,5055545.13344
3.9064744101334625,394755.8660109486,2.524176322583414,1.7826453838401382,0.40461136991121804,3.1363705710095267,0.4612342164727906,-0.0868397791591,-0.0861849200758,103254.3849655909,58767.5034819168,7233975.95148
9.748372934854713,173517.92526017927,2.00586925900552,2.828472898114905,0.16422786372312417,4.398899114285098,0.19104473407461808,-0.0277411349508,-0.0258599404154,26750.605833219437,22480.643773403117,19652760.5207
4.4972025235912625,593419.1153857225,2.5006169008460337,2.396559980493894,0.18549880393129595,5.746923648337511,0.171987075566412,-0.129461228665,-0.117726372604,102426.45831391342,46935.521429532215,37447071.6507
1.3198026992035445,171147.9527817205,2.2234050898668443,2.879722639154111,0.3332181115997844,5.222934633884992,0.28300069036812175,-0.0438427955317,-0.0435491920392,25168.65196099749,13023.770353937834,4599473.5001
3.0231401543673475,318690.5014976881,2.313974214558217,2.28077675743292,0.3675015223186436,5.030561901553469,0.4654574884337537,-0.0724896974505,-0.071928236193,32283.03318447237,27012.267064910873,5723432.37884
8.992694429545125,444802.0651017604,2.3858925712184718,2.6987527467184984,0.27686722813193737,5.627588253080839,0.35939804047581236,-0.0741644576779,-0.0716661126397,116169.1206153304,7218.253891507676,15478135.9787
9.370363130238145,584928.5064762951,2.8703726485313057,2.2214524041965014,0.4384390812369846,5.6131803987702025,0.2040459225248657,-0.092793182175,-0.0912801211855,237048.94574362467,129495.64739724273,12329275.8486
7.24066545823526,325105.18850479636,1.582253128725882,1.6646454801581712,0.4104473743456931,3.572476405445082,0.18708297441342803,-0.0624233549614,-0.0623422787612,14503.594761865521,3989.961098887509,2745927.89804
2.3136383211381073,155329.2575981813,2.73602614226798,2.5525255912334526,0.3445762570871119,3.4743097558778566,0.33990612406624165,-0.0349936239188,-0.0341879396544,34079.704275313685,22013.50780165914,4717317.13413
5.3321322572761005,210811.76479311162,2.087348490489651,1.6089097580091252,0.4047078939957771,4.9449644738151965,0.053650234060409585,-0.042478918553,-0.0423342655977,21521.559353557233,13042.703892574647,6136864.86987
4.251061193347564,87049.87262546901,2.1991133084804773,1.9996381199543931,0.24125217644613567,4.884217379810339,0.10011068003360152,-0.0180542780979,-0.0172808637357,17410.67813049773,9729.6026567493,4231023.16526
9.409510058187033,585649.570560132,2.6748516320488074,2.7459530882409577,0.3340906830931625,3.631456056029849,0.08410529145746143,-0.0934693181065,-0.0905493441142,197112.57158042607,48230.48571960204,17575049.1409
7.145634882917678,205934.72608274818,2.5048859887884527,2.3473844824868966,0.43092675125321434,3.5034192510678857,0.42731861173538327,-0.038032041288,-0.0376355908753,75611.92035019545,12086.41059119269,4764610.8615
7.531128607824858,261447.00485416496,1.6113341313687317,1.8517009429077105,0.34733187140133914,3.4246394735891874,0.37919453736440056,-0.0496772906675,-0.0495461213048,22682.213285545633,8653.044871027547,3316505.95638
9.407771917663384,219765.33387631387,1.8729377858405332,1.5234824449889628,0.41974884908454324,4.174289222405186,0.49851576433147965,-0.0384020513314,-0.0382754819193,37537.66776207783,12919.115905232009,2927836.19649
6.506952004438343,513862.9567191717,2.594512960116158,2.7992057012158162,0.3627752520647687,3.4019865051708043,0.12445330052414037,-0.0951995053117,-0.0934166300653,158331.01960258666,46914.94270381111,11697718.3074
3.730787341511374,289839.15196752397,2.522767047494237,1.8565881455097561,0.39531652423236857,5.468699553018767,0.2573502577368135,-0.0643564862948,-0.0637838604632,48532.43288700631,41268.560520258405,5871811.61943
6.709118450422118,410437.1991893262,2.1282741623886747,1.9487087344905691,0.1545731286929648,3.53462189003422,0.2665066895325578,-0.0816496364099,-0.0756147996606,70990.85749093944,12525.220066384623,21520460.1488
2.735413503951714,283696.58084615547,2.308233307518078,2.3988159631047266,0.48221105148490084,5.839320918572278,0.3026313802845361,-0.0685875910439,-0.0683813801776,50704.90084234029,1759.3799441539861,3832842.16081
1.8986418915251853,147976.50286038185,2.2431297023923995,1.8124952955605733,0.20245681144559116,3.319552563075677,0.0607212483278893,-0.0356482082812,-0.0341526246709,19864.429387738444,9364.392583284849,7547760.39054
6.917307040799093,104288.97576123764,2.9029804227361717,1.777961607201744,0.3716018518783941,5.505302049038706,0.4945448145406056,-0.0195887634682,-0.0188486606454,73127.70437045842,40453.56047161787,5465638.25667
3.835884997122936,271514.3752282262,1.5984892186577124,1.9668587654966516,0.44934347512274053,4.351584303926618,0.14569465945400767,-0.059560085768,-0.0594872248943,16540.408221034566,19160.34851686322,2583127.61911
6.79822056886757,451469.8627967237,2.05590785106077,1.5861762458650663,0.4838364051926717,5.628321644578505,0.3389217568202093,-0.0876571688803,-0.0875028925956,38012.50925228081,21796.00276747141,5903311.04866
3.0681440287857358,208751.02951886362,1.6821529243197533,2.815059182996966,0.4889346888190771,5.653677573938672,0.4209487456758722,-0.0476427650214,-0.047608305769,8083.25631175621,2087.1285116963577,2488373.19384
2.2953885972978245,212633.7047364964,2.167112032600829,2.442297315013075,0.48454797280039696,2.7630188243166054,0.3024433917126001,-0.048885336786,-0.04874596834,22763.610420484387,22142.07058378017,2155893.77224
4.00370293674952,543813.5709509589,2.84267495578141,1.6330436128010875,0.3314583179769288,2.466645621691254,0.2052851118096663,-0.119222304549,-0.116591058219,165503.15582747696,150468.32830039746,16275259.6538
4.148406197916083,342873.1232236841,2.769322909392428,1.9339156980718388,0.49136338321877837,3.644551888576107,0.4089539814906603,-0.0734734841478,-0.0730380867367,88650.30669533351,65620.2363459899,5568809.86766
3.043229983741043,319769.4376328939,2.453330955022351,2.972518712982725,0.28088078073878164,4.587483010436622,0.20181539256573122,-0.0696737800757,-0.0677195249949,54018.841533031955,23805.061551502356,9988714.84234
5.216551174440903,223117.38903564756,2.3110846937885516,2.854486794819108,0.21438921662719257,2.5549262486984414,0.4202088407261478,-0.0451982607648,-0.043025661641,47913.6547843191,13225.927723588413,12886393.3539
4.919337774953881,313135.5882812912,1.9211710866424312,2.381660459311641,0.2542767662426916,4.635284428546996,0.14552716328015997,-0.0636784329714,-0.0627433540268,49645.85556838883,15481.233387507003,6833865.81014
2.353418483827838,447600.31840487046,1.7087178551986955,2.9256132678915385,0.1580468337078579,2.42061700936638,0.4228467432117823,-0.103743200397,-0.100482915093,14501.921368098941,9283.65827338453,16179195.5615
7.4969953244248275,262357.7464099093,2.4573622496715775,1.7813432193619678,0.20183836149856726,4.58225065731712,0.4054368864245157,-0.0500355647114,-0.0461078482731,78969.81997933722,30802.97275699482,15161763.3311
7.26573853033226,320733.92201588326,1.7774302473521644,2.0720549057067323,0.39057338747207715,5.153258650729837,0.4063975229904671,-0.0607086926751,-0.0605408844834,31658.54540512884,5179.823528730106,3562935.22081
9.132595973279686,457039.1857641786,1.9908130390900252,2.1271938606365737,0.1586686481572966,2.989704540111884,0.3925281699498922,-0.0814400552874,-0.0761824874773,59122.869902155355,5932.442033232785,26167443.6042
2.1229800236990526,224429.25423454793,2.9100704498827206,2.121269550050278,0.2679961930555242,5.325340945959862,0.2035534116241139,-0.059998115453,-0.0568309530119,89238.98795166529,42827.70155391131,12338576.8604
1.650440560751433,83530.75438639201,1.5413536102621086,2.1579401947053762,0.3951797547202209,5.27426821243373,0.07367064606084212,-0.0329768449526,-0.0329620733464,2423.0928535979606,9359.961356050027,1014933.96249
5.643391319190924,251547.79281097514,2.5190311708537436,2.9909042483299295,0.31903221542503624,2.3059298043993124,0.34340065448372287,-0.0490426345786,-0.0478822601104,76454.45184029276,9533.167874070943,9744089.27876
7.8428271410188,573801.9556368903,2.1893628083146224,2.7870372225753406,0.3714173332208931,5.809210898252724,0.19955132137655873,-0.099551918394,-0.0986391038966,120235.98485390533,20191.020284764567,8860467.46779
9.296781477166137,88978.21332904014,1.6247355928883889,2.434410767269296,0.4851386454085428,5.170875603896707,0.2038761727563761,-0.0148530442166,-0.0148423147071,19825.01828789679,34577.74655942855,2188675.17133
9.615848066492765,223698.28752392094,2.2296207074325585,1.931508156571212,0.3382992762854375,5.802469359679501,0.3195515914255162,-0.0367409540532,-0.036145945753,72029.18592414133,18284.667793955407,6329086.19975
8.032808780388688,8570.011885650252,2.995180662286842,2.1591763883684316,0.3455574717196602,2.7915221558322973,0.2679118024893804,-0.00126870174836,-0.000567212363061,46514.49459359643,5913.655783542799,5028990.0907
2.893340958593635,564148.734653128,1.5500403408812482,2.779567447990268,0.46760909298244824,2.3034612246050132,0.08909615130105282,-0.127425639854,-0.127304862164,40506.87482108708,17703.245919373174,13474600.4697
3.735038934679569,502527.97912231344,2.2408959312710204,2.040793747751378,0.4647139194134998,5.305513414302224,0.22076350401268952,-0.111302267213,-0.111001684986,48343.405692848995,42392.92762250233,8079179.73444
7.7592970990332635,356152.54116812366,1.9320937634591702,2.6719977316630343,0.36484945283305514,5.939779360940022,0.4064295623603856,-0.0639930281796,-0.0636670943911,45244.842548742396,20563.45480937122,6038215.71133
7.3274900883446215,282452.7392701411,1.9596298658962021,2.6563944590665334,0.36307953913963137,4.000597707235777,0.10108843805125688,-0.0506053447244,-0.0503346732987,37300.82628815704,20210.36890657405,5169864.97897
7.060906721410403,87845.0624679573,1.756897495916435,1.654339191540752,0.4377021655675517,2.6745075800211286,0.40294868917964416,-0.0171196004006,-0.0170745021331,11675.997295375708,1291.9546865413815,1419054.77
4.710138862188469,457971.8603019178,2.575399751662252,2.203628818186753,0.20882910348223094,3.5232990334712655,0.17508440282012505,-0.0968178766953,-0.0905595615392,114988.08042681025,53326.07182241408,19880523.179
4.912782562079265,59900.46875879158,2.355770515913873,2.9171078664344243,0.3806898734520556,4.348515296376171,0.4893131388227687,-0.0114870676662,-0.0113788114478,11387.428965766725,25240.525368183706,3246851.00704
8.867897709388277,561658.207847984,2.0654755956840036,2.708393972921506,0.3080206677454095,3.0692965106070424,0.15973265918670176,-0.0956140367571,-0.0944639090457,109243.66478514677,19481.120220834542,12774773.9484
2.1630834195931583,256455.22689880006,2.392448322137633,2.2261716101240734,0.2852896479916362,4.836876242206676,0.30971448430324233,-0.0621939435742,-0.0609534866037,65082.99916880717,15677.803441728633,8169677.94245
2.049308278399321,535266.7829808986,1.7539451348860866,1.7962571793203694,0.1737664045498372,3.8342933253378946,0.13850266061349575,-0.131927696787,-0.128948807502,40362.75461596916,17029.23849427701,17613969.5948
4.774654404867778,57534.051821582645,2.8256280173573836,2.6545838530016987,0.4513201740797129,3.1255174730655324,0.3600472784848042,-0.0111391185747,-0.0109183340414,37204.165933282304,3972.5788974619754,2843320.07022
8.911185755464363,259088.7989766332,2.8368605482377953,2.2589783541695287,0.22864657448359726,5.786604487518169,0.09708953798370248,-0.0426675737309,-0.0377852530435,90220.14563636448,27376.99248657734,17286798.7867
4.822211438216934,597071.4824257202,2.421935703852384,1.9340375623364365,0.33110067204824434,2.908303063028234,0.2986877150847284,-0.125853685926,-0.124090890471,163738.30605684893,92548.51599717385,12796631.1131
8.36807119297757,405832.7488571417,1.9582365640318278,1.6119321745124067,0.21162980617728347,4.304474590993733,0.1352437272040633,-0.0730081034415,-0.0708800128949,79851.39610261883,31584.605065833737,12870023.9548
3.653935767873811,444676.1916778925,2.258915019446115,2.6357959470599788,0.48063031926716515,3.9819701303543735,0.48707384001384274,-0.0966398334255,-0.0962883884934,48985.67988353581,47021.153458002336,4403169.75772
4.624043454866532,68682.10116987392,2.3006472483527016,2.6343988463192107,0.25199478131741465,3.472090059442237,0.06539328685551876,-0.0131294544037,-0.0126235136469,17712.52789898365,11695.38718948028,5437328.72322
9.09544592782301,376499.1584015454,2.2887422944492686,2.6977368039221465,0.187328327820005,5.010064974682944,0.16681624435476017,-0.0626905819471,-0.0578718276943,69357.51254427055,11881.326506648234,22139765.7549
3.9245874685422457,370624.902620634,1.8533858765137494,1.941915554645365,0.23460006258677452,4.657539353093924,0.12889011661974295,-0.0810636370692,-0.0796609338911,26821.01244789061,31700.698771136977,8452709.52469
6.514790009127557,276911.80087434885,1.729597613107059,2.84887308550455,0.37980428819792134,3.8941377528971195,0.12867824173669107,-0.0518762955381,-0.0517610752063,4069.4460464288036,33400.80035224769,4223502.44881
2.4225926501912696,274163.5127218424,2.228066999550422,2.476740495818569,0.4489535316548098,5.059658394210587,0.425006837406381,-0.0638385517938,-0.0636683254584,40171.09371742542,10485.734260158084,7222447.75889
2.7756912701639163,464929.61795020784,2.260614144189292,1.8708908735647314,0.3366201014956414,3.3956927801634347,0.3316110831975895,-0.107388532795,-0.106350030128,50368.16694875367,59398.87204857301,8464096.94674
6.367360403026511,597067.2202599598,2.9722935530199255,1.8012390273255463,0.4440319325062658,5.407633520884419,0.4216579631904986,-0.115236872397,-0.113844299563,195737.88675436983,172212.98609487465,12999570.3413
1.851412019526922,425745.19183727144,2.50260904186284,1.9723489038228375,0.1630446428495494,4.648326676165,0.19027601681425116,-0.119356009366,-0.106872745646,95167.04580770632,44015.66975433252,32391860.1533
3.44407035344833,259457.28698055004,2.726082333325157,2.9544987820110435,0.22308124887219904,3.256130129279374,0.34867741650108186,-0.0562060287048,-0.0525649628446,79987.21210591104,5065.1799648996275,15046690.7323
2.363068963986245,330835.0451419025,2.7405770299625147,2.2747534710632697,0.396299201542236,5.44851646600797,0.4862776919151298,-0.07852314876,-0.0775778887007,117803.46928954653,45574.54394119977,7545657.53187
5.094058636590664,573049.3157810342,2.3688613901695392,2.1350089835189374,0.2548122863987871,3.550470172155827,0.3028198742828177,-0.119046811055,-0.115476268195,124698.89372757082,69523.27134968333,16846350.2229
5.054087072072173,414296.0196849462,2.7947839223177775,2.2465367471053925,0.4567912977917872,4.579015773132221,0.24782227737945012,-0.0831829731971,-0.0824321012267,113669.90357565152,73961.06611453944,9047441.93088
1.9789483629319062,248615.804789355,2.839775893133101,1.632019749635137,0.2004483374092153,5.088637001707504,0.49444023994586545,-0.0644116915906,-0.058668514256,83960.0421559162,55820.69762199306,15969709.3919
6.409018196650162,363123.7522357934,2.4109923643147466,2.6345848614913243,0.282797755866179,3.413904417501883,0.2492652661469178,-0.0690010231324,-0.0669931557513,112248.5206956634,16559.95701278448,11926837.3572
5.593535377745083,243294.19206902458,1.7828438600952763,1.6475184548880923,0.3742010541221874,2.4076796554608753,0.20317407975939844,-0.0502850182005,-0.050140639974,27352.14835748411,6944.731830668778,2818498.37133
1.0490739985640916,585068.0040168588,1.7144333890922308,2.9576663195170796,0.4748405952237613,2.2239118011663472,0.32611664740270857,-0.141465782266,-0.141294646459,8272.316415228217,32863.57440190935,6576502.51587
2.5050593288199763,155377.98002861044,2.6501393081009543,2.566337373786636,0.3428921321603742,3.408005820489345,0.23267030915326092,-0.0345579010629,-0.0337809604111,26829.10463463844,23179.751525075375,4530205.01792
8.731475550577127,193968.9920216984,1.5405435658763946,1.5403174130430648,0.3446492730858567,2.117581866066161,0.16129589221084126,-0.0353114043803,-0.0352176674199,19441.06109415111,3471.6148689109546,2651514.63837
1.25604583519599,160615.54616018687,2.6692875183254636,1.9418804981784032,0.47774320630682454,2.8152650606416554,0.35579278204645964,-0.0391515493032,-0.0389694668184,22583.188773252437,22965.564659674055,2472688.30939
6.125748263709768,124253.33653564447,1.7936136480808502,1.644443321043278,0.400849995152736,4.1480841778789035,0.1236844543114814,-0.0243933616856,-0.0243225705674,14799.56015679531,2607.1346994023693,1655227.62928
9.31036242877982,220274.85846364486,2.279780784944238,1.886147165693173,0.2358206105706749,3.1127073368130005,0.11684747184426884,-0.0374161925329,-0.0354930796486,77121.07798652911,15741.505139392264,12383187.1931
1.85154243418093,47231.79826011667,2.2564691953149634,2.437498377118364,0.15780470108187594,5.62113827375868,0.42073934920679945,-0.0113728693468,-0.0102598432839,12395.733618503635,6371.216681932757,6453362.66151
9.270433699149963,482013.28043271817,2.819565960703681,2.599177066395831,0.3062120034835902,5.628792960019151,0.4193904819282435,-0.0790042475847,-0.0750879333738,211736.38414305277,49835.89723687084,18743253.0989
9.716212678515818,248758.5853617569,2.5971218911456524,2.5574166335932866,0.245498771634669,5.2994811416772105,0.17533620380193726,-0.039085681276,-0.0361094077617,81102.21926485414,324.34770920194086,15320215.2591
4.652080233872698,135767.85900527547,1.8414972466306045,2.7470411335940885,0.3639439859809937,4.452999153811024,0.388347734234858,-0.0278180393432,-0.027770947569,7765.023022431099,23883.543296494357,5087635.40038
9.645279728075536,119381.53066184731,2.1727728567625793,1.649257550661746,0.4461530574412049,3.209302604707628,0.05145215621615309,-0.0196567360505,-0.0195102628712,42100.801541393164,17091.549722663567,2845283.32518
8.241570447269737,353264.34962835873,2.2325672495299465,1.7497907044389478,0.2995888031861257,2.0189901908080077,0.28842378687266956,-0.0647538780483,-0.0635374656665,104016.5991500204,43232.8235850556,9977840.38411
1.0153228790096263,561860.702915971,2.1615618568804615,2.485848891645939,0.29412155708518317,2.2726621597985797,0.438804934025984,-0.137505004455,-0.136081782694,38997.55725601921,36737.06660706131,10678468.4044
4.06161943478886,281268.7961419984,2.945904617331695,1.8757394556106362,0.19297982314527468,4.776631147863594,0.24438326752829553,-0.0646021222122,-0.0557392543281,41715.345939033046,43337.900125482374,23942431.712
4.625968599082269,389549.79924685817,2.2625350754608067,1.9563930991793954,0.23891619515850746,3.5205949763812057,0.3911368640876113,-0.0833893089784,-0.0809356039514,93584.32902488815,41659.67131797008,12451136.1255
6.318824063839682,527148.9339009955,1.875082827650449,1.8257674234087107,0.20019651320160425,5.717965931422377,0.27927979345412185,-0.104988745575,-0.102457200753,73820.92103325804,33619.2625292193,14768102.1845
2.075473189397803,40448.126639118986,2.320679984800657,2.8548717326301234,0.2380486746250171,4.622481112631867,0.08515841374263647,-0.00839973007192,-0.00822055285888,3170.267633603097,7204.612273488095,5264826.38445
7.818406152612519,569578.8159896117,1.687208585303086,2.866853625910461,0.20758332118763922,2.274260871876901,0.22300752895521014,-0.104245910666,-0.102783876498,64449.1528629249,38904.80098263395,19461517.3893
3.017221049210896,323715.5787874385,2.9664152518383125,2.0752353176353133,0.49079165368887245,2.3213548443959757,0.3525251095157136,-0.0724199478956,-0.071868943303,107953.10178906219,66100.38642779554,6965064.5259
5.678093979298301,149821.74054688416,2.6865072799538776,1.8041485546235914,0.4098342260364781,5.651234139174061,0.2634244283951438,-0.0297085513886,-0.0293458754186,55064.8339322867,20572.9588992323,9618947.79203
2.537578005119342,9832.87676223794,2.762629786361833,2.110237083881528,0.16669720862787665,2.5179242833386235,0.23339336911455882,-0.00156607997793,-0.00056730507778,2476.076175580734,2561.382395121605,4544436.1979
2.615617465011094,369492.6409592994,2.3299359174516727,2.8959892153928544,0.46193009499090065,3.8549647027526355,0.24406087992127495,-0.0823331216097,-0.0819533713361,45074.01980997102,41898.53640935539,4229505.85545
7.502057661806725,168909.4565029656,2.2527337039565882,1.8560675981529142,0.34706880254498396,5.959042363473527,0.13289620948663416,-0.0299544787882,-0.0295374360893,50553.16989079444,20674.18073390541,4436584.27853
8.967476454138104,496291.2131718861,2.1230975821979445,2.579826282684709,0.18389416440535739,2.822128520014023,0.14213459372119114,-0.0860611590803,-0.0811505908696,83153.02524470011,12177.918883530954,25377811.5244
3.1639316826320414,192408.69461057257,1.9580049397685606,2.834293647958508,0.3756238450788233,2.564967686858951,0.26490728604537184,-0.0419522157908,-0.041800326812,12621.099747891172,12676.311184070253,3803623.31697
3.6602768637868905,37496.62903712556,2.9925970630172314,2.307422590601499,0.2100174696605752,2.0931839288082927,0.19304158141651523,-0.00782937601436,-0.00610929465023,25557.31725092405,2548.563699926173,6884658.24985
6.358841877216426,477364.18898163375,1.5186051623399666,1.8566381951081472,0.3236256582672587,4.77729283686466,0.4557326389179285,-0.0961460375663,-0.0959165990808,29254.96431173779,772.5960854957508,4749176.76812
8.140185786526462,230649.9228200199,2.9965096756444023,2.5440112453359296,0.17047674506092214,5.607193847106018,0.10435003386242256,-0.0411314290985,-0.0323832691613,49750.90574467836,1617.2729961286361,22768821.0637
6.877634123458694,320821.3480416218,2.060223935247065,2.9079815722553177,0.22517028191983768,2.9483635726586606,0.30516722309996386,-0.0600424676592,-0.0583954729085,52825.552573988505,24040.58376652277,14412830.0933
8.639022841287385,450281.64652732096,2.702476531342992,1.906839375637289,0.44615773678146387,4.119131845175497,0.22141641257118677,-0.0768109934031,-0.0759692904645,163019.52179843612,96835.74548072822,9141807.20664
3.1287630403308384,306579.71827895637,2.3418026705648183,1.6078788118568528,0.18856157089656012,3.682476276351663,0.47807137677558603,-0.0721744716753,-0.0679869190735,27497.213646485554,31259.03523302686,15687737.2685
2.9036809910714094,172616.14168224335,2.7706845282909365,1.9685690352977854,0.2901987565483418,2.1250115273782635,0.30556372335571697,-0.0391566895414,-0.0377797453583,53040.82411284674,33592.720907071955,7150853.4443
2.3567926725521273,72207.44491402258,1.502794108134761,2.257594612760655,0.31842458570471044,4.517136109992465,0.11042014997608329,-0.0169503725824,-0.016941358324,2052.9960748794006,3744.4658594756856,1678188.38424
5.169644918265379,566738.7121444521,2.7139891404497174,2.3163745503487085,0.1862843890146336,5.691497279659904,0.43410183428862303,-0.121913297286,-0.1082799761,100586.88700587886,51895.393822939186,36530333.6208
5.021452749505945,297496.0159515466,2.9921092837280523,1.8706391583766389,0.4858658889087145,3.4952068062392687,0.24425677650262412,-0.0604934345641,-0.0599135939386,106835.57034688705,87124.17202268337,6344337.01239
7.352678518726866,299530.77863576496,2.4316859855148625,2.1840927956030685,0.20148971474565067,4.176918369907765,0.3936182060373075,-0.0567025520655,-0.0524654663639,85821.57998053312,14132.310275848198,17533462.8192
4.0944290356747555,15355.54397950558,1.6984929969671483,2.140573590179694,0.27958888740110444,5.28521342659035,0.12805041199969674,-0.0029263402184,-0.00291200873361,551.9096902536903,4657.500580408311,1772854.48912
5.004164505228922,349848.87995721644,2.5662983976015026,1.9296582711963763,0.3415420884932717,2.8698118171186486,0.131132365029279,-0.0720121606535,-0.0707605939389,99859.90106215667,67262.41503575594,9187968.08309
1.524916020420158,296434.20550177543,2.341494655414839,2.612569124809034,0.24330140387841465,2.538401674435728,0.27210615501385416,-0.0703349918677,-0.0681459922871,41938.67626351535,24517.405199728873,9219107.66443
2.368201170271754,88301.89652414992,2.5381157867059336,2.6287960350040325,0.3693325837342083,3.946725252971235,0.2590760506933559,-0.0195589094997,-0.0192877298919,11142.017686728637,5701.711167349233,2844245.58888
8.67232031489484,262367.19171296054,2.9276008652967205,2.363798366079065,0.4947334615799721,2.2236676897037464,0.1930863474523899,-0.0443587724944,-0.0437335517387,138210.6034827923,46317.29385434249,6683312.1823
9.8016648080939,329089.19914615614,1.7635632286185536,2.447602322177638,0.2663094686980414,2.5866261807616993,0.11312654719829891,-0.0544389857173,-0.0539750239621,40139.8882254518,37005.3458727169,9803098.20638
7.54602170483222,259668.0923567079,2.116742189670638,2.545334541712945,0.4677574197560792,2.5577218271129425,0.455244532704016,-0.047805536645,-0.0476430219326,36204.977661339115,23328.200831595885,3915546.51293
8.636846630588355,99876.17281139463,1.7731472018586332,1.8922832849614983,0.42093279968674613,5.8300701109174025,0.15591886386549314,-0.0171615451028,-0.0171067643851,12092.252229287695,9167.534932815308,1773218.02303
9.655383558869929,251039.50397147227,2.5770891541588874,2.9102072752862878,0.2561397111124607,5.206169365748577,0.1781033004844812,-0.0387932559865,-0.0363102071046,80650.43457528982,19620.839581464417,15534878.6134
4.249621131004032,290186.78570944956,2.5446246958463954,2.329640906266044,0.3157861685465989,5.248423441334695,0.08381532605257824,-0.0602890249056,-0.0587059623532,62069.67238528962,46733.426611719005,8144412.92309
8.843693874829722,196891.97885695627,2.9028619354898524,2.913465060399254,0.4764345687084507,5.605780517175607,0.2705788141446428,-0.0309655838362,-0.0304271006798,100059.66004277555,1466.9260110765565,6153703.73073
1.3822179112622932,258873.9379337638,2.7958669364522195,1.6627712911775938,0.31100956541594743,2.0573303727251337,0.3165363171776216,-0.0634682113231,-0.0619321200484,50625.46219601948,49529.799021801235,8527501.89379
2.813604855750961,123811.6626568299,2.107643927774162,2.520610677832143,0.2028430375135412,3.863071013378883,0.4025560701668305,-0.0276979607366,-0.0266110149273,15147.882923014402,3542.9472579647086,6203987.78604
2.2168330969505172,591942.6272210698,2.8326025370139303,2.7206931717212677,0.4663871313738772,2.7162707575237217,0.08560585701651341,-0.134074661177,-0.132710315624,121313.33085138943,125866.1743546747,11185791.5576
6.065392057256162,321174.98932067404,2.258042213089416,2.75444361688354,0.38218716602575387,2.2160093698051386,0.09018002278766724,-0.061855067342,-0.0613367170894,57794.901774399856,5543.802082367368,6531672.22366
4.718185726505414,237895.6874998041,1.5530933637896411,2.4834894065432223,0.3686538802137205,5.201619921986535,0.49280297384318333,-0.0502801526916,-0.0501853714059,7246.283457115089,4946.2965111220765,2805547.59131
8.712877728890842,539571.0508614364,2.469021863034082,1.844674639267464,0.39025853868034444,5.522921046972854,0.3842016458029687,-0.0936008911668,-0.0925452648636,141741.3117744715,90490.25654955443,10473109.7906
2.46353133640984,156570.08393073297,1.6296754976712995,1.8792831601342694,0.29718973379314373,4.934850346387668,0.09808696091699355,-0.0439337809569,-0.0438116619942,14523.251404344419,5822.634526102883,2683571.9574
5.736093050740251,503733.4431492703,2.66174378140151,1.7516344234777863,0.20297623545686863,3.2293468800514056,0.43748070988922727,-0.105559911944,-0.09755311181,136483.84616387292,63986.485287901996,25930892.5346
1.535929727971632,211246.74149645527,2.3150260794059068,2.0075576189088293,0.44199408397435425,2.5315987439851404,0.32102286966867843,-0.0508910991303,-0.0506999506982,23996.533993473116,24136.654545013167,2661950.52839
9.899025072416762,128994.95034797346,1.5028151103015244,1.674042563742122,0.3904362681959487,3.7511726138513417,0.13210410671674572,-0.0217699766925,-0.0217285178125,6860.208008670806,10168.776873360022,1804204.54716
3.056025971380989,387309.1418204288,1.50049854451704,2.2682118934329365,0.20397102503302003,3.39210709697468,0.3769548336740123,-0.0882488123672,-0.0872561501748,27664.871563817578,14798.833555888732,7642085.33676
3.4348026644913983,46589.12143467158,1.5876482976822803,2.9571967413716305,0.2724394537103728,4.978692873672074,0.47124255573069695,-0.00972730696636,-0.00979317249156,6483.483326013279,9768.406535327222,3322248.57406
1.4550687609146222,344369.001724105,2.22529965308534,2.2014820172793668,0.49490300065029524,4.228056007896669,0.26662346331199865,-0.0875701555564,-0.0874097518396,39723.496155560126,369.52379111398835,6621743.6857
5.070738243887713,169265.79722760798,2.2641063008395808,1.9194805990012669,0.1938668689409375,4.6462471813432185,0.44882232424396196,-0.0355908828857,-0.0335912343218,36925.84017064129,9495.683799242708,9492789.96711
3.602817661514454,68227.27193404468,1.936996749333945,1.8142280795382026,0.4179530221436132,3.7402353716966386,0.33396197356095797,-0.0150503175563,-0.0149953657344,7811.013715905745,6191.093478447691,1121887.68831
3.2040581043554504,266711.5935915553,1.8548440914616102,2.9167983864268594,0.27684643679475784,3.161400003145403,0.37400818691634086,-0.0584247698656,-0.0582482966547,17698.88259278526,16418.206118614467,13690423.7259
7.921075816467766,104598.0517381874,2.90444355300717,1.845510267988181,0.18359630636571667,3.2328057403644332,0.07902935783295326,-0.0200316789355,-0.0153498846827,51217.031575803434,12158.490470629169,14410248.4076
5.376621793140142,409573.14453834435,1.9763796170395347,1.7343474978229516,0.25845670626903455,5.633252529710542,0.19337157418189393,-0.0842825079574,-0.0828654738159,54396.794616982625,43521.830483513775,13242325.45
3.2899212988397895,1965.0013048132075,1.854741596203778,2.1464598426873884,0.3000462122603331,3.834186177763445,0.27830998116877786,1.60308766569e-05,3.44864458706e-05,56.09742858013866,3874.3695051817554,1415259.57781
7.635636492564047,99822.80872760282,2.6928210035512397,1.659021068763148,0.30278956178212957,5.495027769379236,0.26608703663860694,-0.01800307845,-0.0169645555369,54683.78495984248,36299.10027270008,6784904.67643
8.977208909184018,49250.047395012356,2.2852174756789996,1.9252170742407202,0.23587756390932257,3.7018410232956582,0.3527108094186536,-0.00840942379146,-0.00749604662079,38431.2699358362,4963.241328405191,7139248.88301
2.0207696844248657,214474.29584695684,1.856037471422324,2.8514760855642844,0.44199255423874295,2.78123637858325,0.257069465595122,-0.0493386657631,-0.0492232894421,14118.304398109745,13871.977689158992,2027388.62121
1.2490706452946168,334046.9236091953,2.3684940908276553,2.9760565338664846,0.23756593980806154,2.414023232398925,0.32497304894108375,-0.0793478481452,-0.076719872743,45004.1544642701,22261.487519262737,11089947.6308
2.259133269519194,150847.81514166624,1.8808525829760439,1.7927863739275733,0.399035831019608,4.640383124304524,0.4786289506239858,-0.0367245505493,-0.0366449314887,15998.329789685353,848.3285525618352,2681547.08506
6.218840970059962,157212.96467762606,1.79270081603321,2.8139965967241536,0.2694912665932966,3.1145040131459676,0.419167996713203,-0.0301630086657,-0.0299980475516,13351.160221823115,28228.904044829033,6496733.06923
2.951451009510279,141890.89567950933,1.5664045747849136,1.5372363504461215,0.3240195334464929,5.704819628738624,0.47473431071982125,-0.0349330790916,-0.0348555028482,11928.973044509306,1173.197392427877,1696839.19999
7.461451414675201,464217.8952712051,1.53687790379643,1.7325223574338766,0.4028176224906337,3.621469495109156,0.3361853983542308,-0.0891905284118,-0.0890822268007,19805.394239922756,8580.552416384255,3688219.92395
5.571557788673976,183774.22664044812,2.6249038570393544,2.9116904392935483,0.26555995121821685,5.50025495006627,0.20306126387835344,-0.0347200489638,-0.0330745331789,41265.30449087508,3213.9026671628835,9875839.64378
7.237396085400132,300796.2675956085,1.796453908421899,2.9511942788453007,0.16366161952375147,3.329780791452914,0.2548061720414007,-0.0555861593794,-0.0536151518639,31076.5686335791,24115.41757550598,19333280.2639
6.993831658597668,357773.33263747627,2.51275528635247,2.0753778069308524,0.3741183144805431,2.8646141224570147,0.15828359978172218,-0.066939386521,-0.0659764075602,108794.3565661139,53327.882209783595,8261791.87082
7.559537260515171,466060.9596389059,2.2518969927158645,2.74244010541592,0.4550446848983213,2.4396996678646374,0.13149729282440276,-0.0840699601195,-0.0836651463664,84908.09768750882,13462.464984936698,6462466.02699
2.4246839544108925,8839.06258890561,2.8433829444251586,2.3645574108974223,0.2748787318622654,3.3945665659179043,0.3399631461844229,-0.00131020503198,-0.000901978295878,7343.617164335716,661.547520163093,2711238.11348
1.003823844826794,26101.86081039123,1.6912501943732083,2.4784223632331077,0.3432536329475563,5.5248700960658255,0.3574411089743303,-0.00692395947238,-0.0069237211317,2307.3360215249363,6797.164879319287,943182.384032
6.6615581585674475,163862.37581544698,2.1868480885905557,1.8111900032728132,0.4208591675779728,3.6689393464627758,0.24261645780840035,-0.031407048908,-0.0312195491599,42770.6160838842,15094.885280670898,2987719.39914
6.093203509770266,286613.3199724324,2.0838127939017674,2.996960741831662,0.18846286699712905,4.588300951955383,0.33785667949936005,-0.0551818595402,-0.0526431774073,42476.36231887778,11051.569244890228,16502348.7268
8.66185892483564,392099.16717846,2.7917544028051786,2.669364276492134,0.3015341878870819,3.3040637601661245,0.23745722429288574,-0.066272702386,-0.0629843747258,149838.9566992186,27980.26366331615,17466918.0932
2.994922859784372,161956.64148812287,2.4256908115633458,2.6962073175204475,0.3918233657138218,2.8452591546041988,0.1109638353177804,-0.0350737751731,-0.0347934664164,30471.86268122563,2578.619517667275,4727710.88832
4.501695269449707,392532.2994809777,2.721412439094239,2.5926054279787523,0.42775971545118274,2.352762450686346,0.22052950340178323,-0.0810848077353,-0.0801644275897,139143.67711122328,46770.520304811274,7828902.22422
1.8107246329476738,516810.47184484196,2.6657730601071523,2.9729243288884994,0.18165822970839984,2.2859835531247374,0.39852901595819623,-0.125021010425,-0.113159593769,82131.99290733,28658.015904949396,28198138.8073
4.826774852565572,327278.5767653574,2.341607360828592,2.3447196068888143,0.2413387683496397,3.851813632835801,0.28741217423841836,-0.0677740330302,-0.0653946452547,83298.42312343298,25990.223643091496,12120987.0016
6.35150999486982,128369.0252413791,2.3486733991995385,1.8791188909350733,0.2453384484529439,4.666787701574561,0.22126391647391974,-0.0246571432382,-0.0234745627189,47526.22955376221,12170.798089419475,6825390.18682
5.084866689522836,49343.782220944995,1.8371040304436341,1.8423248236587815,0.34931727688727954,4.745724618079928,0.47143454444733157,-0.0101526296163,-0.0100900012274,9687.811600788182,4642.458501882008,1571133.91817
2.9478621624167447,4424.90919098264,2.0825849224476016,1.9412159616889002,0.42119556926762547,3.879266420927565,0.331361205396911,-0.000874171683571,-0.000847457276809,2143.2408591352637,348.3791815905331,697516.284957
3.708323423610823,125749.3560228847,2.126914069656063,2.343832510888763,0.34961651089445117,5.7564895183571885,0.20208749972570106,-0.02742591236,-0.0272399858728,12507.117335956309,2891.226672054576,3071348.83335
6.10672549131672,187726.25608076493,1.8834354925348507,2.7907765802821425,0.2793431215766968,3.5796741017742626,0.14054342275286358,-0.0354371253221,-0.0351227421766,25350.504385894314,23321.29835570596,6124191.66037
1.1197364074560618,466152.1909186812,1.8855049607753898,2.7291692577562263,0.28188722026203517,2.5938386136977583,0.24755428651372113,-0.112463910486,-0.111692596785,28204.651068128805,16050.389302803493,8075545.95607
4.760603820227352,179114.1152855835,2.215871103033252,2.1472369533304834,0.41957058459951735,4.9431095296872165,0.42685346977588035,-0.0372975585008,-0.0370821872618,26095.288423373073,19991.61153645806,2833227.30765
2.0595623099162674,10111.427163983877,2.8327202998389067,2.8413386206094997,0.2539812226855126,2.0590271055600247,0.06469553746445214,-0.00100551416963,-0.000744414850889,6458.309232015364,11580.147539021194,3650767.49752
4.3426184788508095,231773.42901727717,2.5012018229911446,1.7758625876569336,0.49180709433627023,5.505831515829338,0.22776498203773804,-0.04962991566,-0.0494243849806,35160.486327169616,34870.84444868066,3432677.10009
5.301172288693568,171677.38443514032,1.9386803475341394,1.6923260366031019,0.3896714359522475,5.293742494081735,0.4951411694812743,-0.035922666613,-0.0357995519286,20992.458876578497,8677.311150393287,2453812.07575
4.449750406492396,340480.16061036667,2.9023260543204,2.559787882314662,0.4795343205646836,2.82120551492718,0.1839444955840287,-0.0696411734797,-0.0689499513491,126209.18711455975,53205.42794127996,6374184.16027
9.809970665382805,234270.83172536903,2.971045828286149,2.6725871468311886,0.1999414212315065,5.899377476379316,0.36442701140608047,-0.0386401433174,-0.0315335838844,94220.4815697996,8788.07035985723,24553022.1539
2.8667218305863167,394425.25803014176,2.496808787713379,2.0442555005807965,0.2912271151118098,2.322453875177903,0.38753318163282136,-0.0904258443554,-0.0885343591376,104343.9710428148,55571.09939045185,11027730.7185
8.876645154228292,103213.1320260905,2.616749553289824,2.759601151379546,0.333722713626091,2.7081673769517245,0.3816684315490634,-0.0169262007383,-0.0162531801294,60167.299646475185,27642.430534179322,7909458.6419
6.428688951770181,509693.3282127331,2.1615728724873895,2.4228867365949966,0.4532677363363383,3.8551182991235033,0.38459795968188315,-0.0984825564271,-0.0981127163581,75511.29239431677,10518.519681011805,5638669.93698
2.176185393215577,165023.00592252964,2.582531739911521,2.4031355498631735,0.36039276208268023,5.504588422971168,0.4589327025905016,-0.0394575205668,-0.0389168519753,42445.05332735876,12444.523905754546,4596645.43247
2.535895974207064,224561.39599332385,2.153041876389562,1.8007215529597804,0.42880076070297657,2.251088627760682,0.32722601653238775,-0.0524047307381,-0.0522500591007,29259.099236341313,15614.203194897646,3777990.94724
5.461101889454701,54068.62978689253,1.896942189979006,1.9263986419341568,0.3481829177105514,4.464495883989845,0.4529029901009967,-0.0108743108212,-0.0107915616759,11218.412060093482,5607.665191729714,1865961.89118
3.07928185153267,332467.6663928485,1.8963593544084472,2.6853823971345445,0.46940222570736767,5.370565583081248,0.27511577130926396,-0.0752432602066,-0.0751520268953,4728.150984621264,5654.920654843966,3875398.06422
1.6750850135981556,36103.6407678331,2.711832548640058,2.5631192384418635,0.26665687530668414,4.830484292588168,0.20327004128425186,-0.00836282803382,-0.00786574932703,15700.720170419687,4059.7149125486612,3643962.00412
7.372731350118656,584908.9621182759,2.455772917889384,1.8300355917851352,0.36843827969950826,4.354212912008958,0.1300256960036975,-0.106947559926,-0.105666116842,142431.13473794443,88052.96623683163,11209934.2321
5.199816163418905,189724.6745220009,2.188446386619482,1.7484922193144903,0.4306560614278949,5.525826241889351,0.4419971140308897,-0.0394938145541,-0.0393092218167,27107.490054718186,23632.66929143811,2842365.71529
9.75770913476324,516321.95490236557,2.7797239274831176,1.923655882847922,0.2877623374774696,3.7442173684327975,0.321583681815179,-0.0854268211313,-0.0809387950254,180811.37245357782,113312.32178198315,21070565.4471
6.350607123981293,567591.304614684,1.5319416949146194,1.8125910023618266,0.46057553289883724,4.2156969224999425,0.30747628127967436,-0.114000589325,-0.113913810555,4517.421034526099,12056.20246587297,5238600.74748
4.5455028892968485,357086.8550921859,2.723583951256345,2.4108475665382487,0.4916379560231763,3.927712453722153,0.17611577215550211,-0.0728530188856,-0.0723929922794,92984.6064193552,45366.575538071054,12676714.8721
1.237413820371064,41281.23206402105,2.1987409411607315,2.2395719908129488,0.24331708784242512,2.6076469014371915,0.21905770091794463,-0.00941305287957,-0.00915421748878,5066.8046452387325,634.7642228684725,2299940.1817
5.546593765939153,246259.9169256051,1.7027860890277084,2.20222778714792,0.49052510425450113,5.559595967093868,0.20678030231465866,-0.0494857291126,-0.0494270765533,12236.934032252631,12972.469467658631,4631248.9837
3.1159537697685753,338499.240894883,1.888072138953765,2.8117452188332335,0.19319923664441005,4.408394369743872,0.18374679084285694,-0.0749361682649,-0.0726467060349,33875.20679160904,13522.400384507979,11996481.2912
1.4824616873142045,533573.8490680985,2.2239012226042436,1.9881552445607198,0.4972943289466303,4.693041861632533,0.16504583319373245,-0.155370659337,-0.155134066506,67851.70305492192,15672.177602890328,5297579.28431
6.19822909945994,67880.63628272856,1.863025607232808,1.5776815295421922,0.17172737461939674,2.056445215305288,0.4592049636540868,-0.0138250521204,-0.0129336936209,15596.925500433048,1089.8083262823777,6133402.30864
7.992525704039734,395839.4854094648,2.8938958195863633,2.1513233598149792,0.33571838510635477,5.706734877125163,0.41565728226830756,-0.0699423173212,-0.0673116494428,160405.77993603225,93891.3233632036,14605813.5633
9.802668549297904,282156.12562873407,2.515025442955163,2.9668037705734376,0.30815958543564015,5.995787043875705,0.10364458360609552,-0.0417977107473,-0.0403374847927,99639.0475736898,14176.76745862219,11908872.7672
8.605427746368992,122163.6826491423,2.229341964596485,2.5846129480694913,0.2852338808899415,4.92119602918509,0.43797550827324605,-0.0206178158816,-0.0200757648497,35408.12825062852,21886.472845664317,7381009.21399
8.508493586463379,558775.7031231374,2.782703632657733,2.703276571709147,0.4397104826594913,3.886925398423663,0.40030821539663913,-0.0947327175743,-0.0933496563808,201969.9225376055,62495.13578192453,11961214.7208
1.5109684665309975,391196.69614237995,2.454385359747153,2.698882344672538,0.20538769574170954,4.673374679060494,0.18444005051376677,-0.101319362713,-0.0960462681397,106044.93213515515,467.8065061586419,23350669.1414
6.711172000795979,419698.90490351524,2.555332805721185,2.1031697854005476,0.28357148177295355,4.82730605612498,0.36445101159791393,-0.0801361734758,-0.0774037019373,125311.93542534398,65036.40381686326,14508794.9157
9.746467176425673,156571.9731787781,1.6983013423420101,2.6592036036815125,0.36318537672412277,5.3954763259466265,0.20845751148117747,-0.0250899582865,-0.0250704697782,8653.001145576827,50357.0192440654,4642200.34625
3.222888678034561,427905.8495399096,2.4274163558303172,2.2266891567306746,0.2086314036820433,4.24529155497332,0.2688585551128101,-0.0975285971919,-0.0919500087781,69298.50251300709,39993.6230291791,20000635.6953
4.468265080591329,194150.3750246472,2.5957402840841164,1.7566384543584117,0.3766577850917433,3.80091960656327,0.11298891857836571,-0.0405196275725,-0.0400029351158,53164.25609850007,37298.231984079815,4946309.91788
8.2681048380866,95594.35513856878,2.8503910719054937,1.5840435661386831,0.2014082149476085,3.9851810318679624,0.24115280465236205,-0.0180842203985,-0.0144011543195,55379.713381734306,27172.842306102422,12429809.6921
6.852731248405686,390109.1570430487,2.3775136284297465,2.5284679635587857,0.18636745653092363,2.908448693150325,0.16133434491501297,-0.0748050795976,-0.0690828619152,73952.520079636,1838.7359424991575,21579985.768
2.259993528371679,416198.4231429943,1.7811264855361963,2.884700489011908,0.37452854765909577,2.513721270180941,0.2277924302750331,-0.0952034397346,-0.0948520538387,39604.73966120462,28650.446130203924,3841540.39488
4.046570054487335,543780.7323554171,2.570012493287908,1.5373701846858314,0.21818255525139946,2.82786981359469,0.405629011301221,-0.122394763293,-0.116500530785,137033.94425604385,99675.48337290144,22570550.2982
4.2663451210299925,344715.8477281726,1.9123221704684972,2.4068108747331003,0.2560680972161855,4.305684823700101,0.49540893556443766,-0.073996014561,-0.0729654000963,37356.667514994675,17074.554056965146,7705687.6144
6.675036798905037,223301.44415268255,1.9841924421829455,2.308479760766449,0.33477464011466085,3.8731700784419667,0.14867182193001433,-0.041835238084,-0.0415083656812,36333.682924349865,4327.2940006836625,4621479.77556
7.230298321052201,488338.1403807964,2.039988902540643,2.238280399486243,0.29087562834381064,2.7819898402306245,0.2392402847298028,-0.0920305653729,-0.0908269330724,89724.72647169825,14623.80136790299,10721534.8559
9.0265720323771,260211.93494458467,2.929414792482556,2.5660001151203806,0.4584492808847832,3.476782139692878,0.26435302658206283,-0.0422778512414,-0.0414648136416,141432.99341195566,35767.24037446865,7409026.94436
4.338263607620713,284669.1360530363,1.9741310881652216,2.910814574664556,0.18787282945281797,4.551942157844167,0.19228274004855245,-0.0591788239996,-0.0564009683719,38043.84210480894,12241.74627719533,12313495.9597
4.17576755902026,576947.0250639542,1.9724119450430666,2.0838208105253218,0.4504991947443082,5.301546601720947,0.08010616665229466,-0.125213797399,-0.124951388919,42237.53080821092,44195.26632102677,7004835.13755
8.5423728120812,389961.6716585499,2.4865759312822955,1.8999118896252334,0.2123088587449652,4.071402712411244,0.37673660679627047,-0.0703668653416,-0.0652647761823,98437.64508166506,34441.96539483311,20661463.2208
5.566714016617526,302857.83132562327,1.80752305037863,2.2335641568075206,0.4315913574555954,3.9061082788218084,0.42596839274932546,-0.0617221873949,-0.0616005000252,22312.36950413733,9754.102309706645,3604322.78733
5.312664692890584,168059.8953241252,2.4306640339629837,2.556087296563814,0.45533090762192163,5.419520990124612,0.39776725484154984,-0.0332229064065,-0.0329837300217,29571.478728198475,19002.576065857862,3078365.51371
5.364275305486525,396420.1505484668,2.697885433812375,2.049667934021404,0.38334080460044895,3.537856942788384,0.4150521493698449,-0.0805145586859,-0.0793066036462,126896.7324653275,79976.4269328194,9317459.88428
3.9332911435428324,299042.0795577399,2.150337480487854,1.968694601049473,0.31646411900733296,5.935925113451992,0.21297140527177505,-0.0662005556874,-0.0656067815172,70732.46402002005,9260.91927313652,11091198.8784
3.171706492329559,468963.3903412954,1.9631025123097976,1.7829176767351158,0.32381198578162484,3.145688228092459,0.16995421713352518,-0.106603560068,-0.106002842047,59049.024527425434,39335.366215703565,6336033.9978
1.1065760209038382,243369.65398260165,2.249450013671255,2.796607370168948,0.21135504332671162,2.1636032346429213,0.20971763520179532,-0.0582885427212,-0.0560842949791,29067.971560141916,14237.321215649617,8782542.30195
4.085027961967874,391375.754765173,2.7337792795987736,2.844160015512678,0.23890829384776605,2.0511540608451804,0.05061103342267639,-0.0830964496365,-0.0780984589365,125104.4349330782,26515.565958545325,19659161.5087
4.384572624844299,96638.99703144634,2.173105605018326,1.8088196727603254,0.28177964193052296,2.038928235432245,0.12858152715177723,-0.0205288353481,-0.0200851711666,28066.748584109908,8690.769666842147,3779533.56944
2.280303416751204,219086.87670729312,1.7236523546503308,2.1502763111076675,0.48770454886928327,3.1339765732692935,0.471530083832025,-0.0517227602171,-0.0516726759898,7906.147011836325,11920.969712270662,1919081.22525
3.629476366869363,295531.97681994026,1.6193274220822773,1.9663732847191606,0.3394849687814795,4.779297888957217,0.377869708999406,-0.0665267475995,-0.066376440201,14288.819295469008,10391.943926726037,3098347.83801
5.274569775858833,384610.2755985715,1.8909084095879314,2.1713329594497153,0.19198089943976873,5.774906798163246,0.356224458683235,-0.0801467798311,-0.0773561812273,44319.95183526489,22290.84126120099,13199679.8051
3.370536666529462,357899.30915302987,1.8896109165774468,2.746804480718162,0.36037282738593596,4.498537274719521,0.3780066610221285,-0.0787190325079,-0.0783650225435,28379.298262939585,21611.54308389811,4511674.43033
9.430119221179517,484576.4138301117,2.4549725159226012,2.391609724014092,0.48942133513552566,2.56927891051621,0.34407363644603184,-0.080630692685,-0.0801443141976,114952.27373240567,20088.081507631035,7056028.77626
9.586152858517286,398997.18108766945,2.193797581573243,2.9095937559625438,0.42149150009929803,3.841087241380331,0.2804822161806308,-0.0641486443512,-0.0637738315615,58017.76063545319,43321.989627742434,7450235.32403
1.1055615357339361,488022.81800963474,2.680886849409009,1.954735809109573,0.15669525560889483,2.979890038303546,0.1344898973621339,-0.130147028586,-0.115039626591,72141.09495340406,31162.520194730372,38896423.4799
9.975452650911961,206494.52051801322,2.635125298063361,2.7725632647127707,0.3435173181338061,3.4757611508640816,0.2676482822246887,-0.0319453875447,-0.0308890703029,97233.80733981986,16525.821299607233,10219131.0368
4.312614689678238,434842.4950751496,2.4563092744982047,2.235352385765067,0.21204682851641193,4.011687443216559,0.2111242556739249,-0.0933285277878,-0.0882797376009,115602.72259344009,48046.03400891533,16962040.9527
2.7108144138458186,575910.437734632,2.5182083694941624,1.5734599945290988,0.417866496811811,5.884040644261308,0.409991390034967,-0.144142993726,-0.143349697687,131694.45531999654,107307.00436479144,10390380.8083
9.659390667321627,266328.64304760593,2.357318151089355,1.6885110703433996,0.2140732521251414,2.1248716021654364,0.14605513019409339,-0.0460405510571,-0.0427610540113,90415.89681883802,32006.156009507224,15370069.7834
8.836267126780132,153731.36663763272,2.450341977161437,1.904028173081036,0.23970720674390444,4.287983819874967,0.49883959476333256,-0.0271473851727,-0.0252147411258,68772.14829935112,15539.407933445715,10514112.6723
4.8078010786316225,278271.85580491205,2.9941959677387713,1.6698392611293649,0.49034485998103094,3.9252544965854614,0.07487291343378824,-0.0568204270494,-0.0563655489235,84311.97748002403,74333.61765747964,6236219.71519
5.054544695213092,186680.58728219484,2.6420275081843463,2.504704377131106,0.4000802672745404,5.025848468431857,0.1335203440914053,-0.0366138986667,-0.036176560243,63586.490261693376,8682.498873211,14639680.2766
3.790474447160151,396570.0704683702,1.9041947419568066,2.6583425315857596,0.37268269477590377,3.755875331582088,0.15573159950436558,-0.085197176479,-0.0850760694193,37053.4371518277,10874.022419169863,21357155.0698
2.834815805813388,334445.28252369515,2.2932512472515354,1.8467948950230915,0.4024224658216723,2.534014237341738,0.3160351071448915,-0.0768639904744,-0.0764940816193,48712.897183334055,34783.9627172813,6612175.03965
9.448163526368722,493080.8537741656,2.5432305323201225,1.8512030585952892,0.21884389032927004,2.5401950937103126,0.18110897620685867,-0.0853964328954,-0.0791050536556,154872.59446458824,64732.1708276193,24335263.5471
8.321896117748704,478808.8846366936,2.4620412966720595,1.7020227644746388,0.17061479206415767,3.423663558263434,0.08901821050997752,-0.0882894764204,-0.0794706914535,103587.51360021305,46185.390267963005,28245317.7419
7.234393701908527,403615.4734797567,2.212357156464293,2.390179827286262,0.20099440650200667,4.994766315133889,0.1994602710300053,-0.0745656758612,-0.0706438502738,90859.07982810575,11828.25532018266,17778901.2624
9.465288797984162,407255.3465982429,1.824864440017186,2.7409445147998945,0.2556506027019477,3.2952387103661707,0.3931883695585001,-0.0682273997674,-0.0674658419473,55279.25208454201,44207.31816008644,13298605.2252
2.766877615184924,483697.00807340967,2.026735014645199,2.7488541882676074,0.3619267816634737,2.4964465977837866,0.34727032082902803,-0.10915616357,-0.10869339971,33525.63400986992,3850.3610894319627,14770903.5291
8.640885202456598,399503.82316274656,2.3916973364744347,1.9518053235953472,0.3357764287409212,3.100112956450861,0.2858874652036381,-0.0701100181838,-0.0688545009729,112719.77636690905,45948.85526969893,10701403.7942
8.08851666389084,535533.9822580871,2.656089269308689,2.280723717734481,0.1818281326453062,3.694512702813198,0.31087066310495054,-0.0991514917891,-0.0880422920966,135961.92036959398,27461.231155074896,32083230.3882
6.798134599335689,126254.378904696,2.87562372296419,2.2878809499973167,0.2870787437646667,5.879349115079613,0.23502402400538558,-0.0229068511726,-0.0212464347589,59073.60019058327,17402.378150293414,8220090.26237
3.0674338141018955,569172.5254864886,2.4012736138765476,2.927750774004971,0.29897799370568984,5.775114424065134,0.27264014737204306,-0.12771317186,-0.12552091026,79207.1077182103,26292.759896109044,16572349.1979
5.339314436021949,388125.6236557742,2.598770551068111,2.2946496556673326,0.2171555341212413,5.382449302796381,0.2379694411056003,-0.0796010672354,-0.0733655757304,81868.85821608407,45707.31717293142,19426227.1816
1.2454295964415394,341291.39248701953,2.9836121658805217,1.7113198804689804,0.30036601662038837,3.94336909370296,0.13304276649880253,-0.0998506835798,-0.0967097979355,145154.96126914732,106957.95892193388,16255790.7936
9.003578576374267,312896.8447270309,2.931292477247638,2.1095045788064466,0.1526863346649552,4.662800902282416,0.25501913179435926,-0.0570270725142,-0.0446135671293,70773.70544381058,8007.647439940279,29386737.3105
8.79632195351442,270732.47622856,2.0044568392586433,2.6780649349722068,0.4761093670019616,2.4567207944986023,0.34983381471462555,-0.0467288292548,-0.0466127163577,15666.124744131906,39670.050960027125,4045589.67271
3.2005987749681473,195402.93583611734,1.637030649711706,2.978633053143936,0.2962471164309257,2.6799259931483133,0.06761416093828798,-0.042019708237,-0.041884017991,2282.4920937957,10610.265534422504,4923542.6755
9.667487741304868,143052.93128825308,1.9518442976473211,2.920274539126233,0.17826929682352124,3.589509177029814,0.12010725864688697,-0.0225375049169,-0.0215809444556,14027.008456034046,29031.820089081044,16400644.5122
3.9918395840813794,589872.1066117614,2.6973320638112672,2.603311226604776,0.2192276210921214,5.363910753450962,0.35500357245374337,-0.129639615373,-0.12008155424,113344.62412071439,53869.093720430516,29925660.4731
5.046620871946984,308224.8678860309,1.964849832216278,2.6401801405459935,0.15961035335104942,4.443992063264657,0.32274490279982404,-0.0635083136952,-0.060359810141,42806.16282254701,3528.9226165394407,16609831.1644
1.356452360516985,308123.92706284527,2.067498848944917,1.790581082679764,0.3204275756318532,5.5896292690029625,0.4899230556452089,-0.0815244285716,-0.0810413664022,45944.01219299068,22830.574533161634,5139424.20605
7.01567066108966,66481.1842402526,2.1934646106651594,1.9137831131545933,0.17008927822827452,4.8538720056194755,0.13170037548835847,-0.012338370924,-0.0107489864472,18806.14337919517,3135.1825613607466,8859985.38568
7.296356251810666,194162.62322389917,2.8756578817439147,2.012808011991531,0.3084967614367588,5.761122077715561,0.286574683918952,-0.0351697923108,-0.033328799818,99555.93783997542,51797.49843555589,9419787.36433
3.298813294573298,259975.73941174513,2.054535203817339,1.8630432902311038,0.21092866711021527,5.673695295705219,0.4920321835426731,-0.0609234538837,-0.0592104558696,60225.20569345422,15393.649021599636,8973246.54774
7.033601168550736,163798.7847971548,1.77477668979361,2.5835504952520685,0.32886007547449647,2.1573217540438034,0.225941865640163,-0.0306905510888,-0.030595204978,8052.622331736661,30266.85113748569,4610901.06598
7.743982645262092,564486.492446553,1.8149429276908706,1.7815409735311327,0.23250333832031506,4.020010318715231,0.26880394791509116,-0.105797906064,-0.10415563364,93350.6103863665,21404.06800381956,12761472.4225
3.176143452739506,425503.63068337284,2.5262578175426853,2.4021539046275766,0.19238152689847127,4.334123759320281,0.26194393527330007,-0.0976663486307,-0.0899004433398,71103.87834352462,34347.25767235696,23666564.3448
7.75820952720364,312463.9499453339,2.889082333659256,2.644655414705458,0.2151536673626061,4.389010659617503,0.23200084308717905,-0.0562189767847,-0.0495408893474,114389.06968880304,12840.92971025302,21577489.0034
3.316579696311749,228764.28854234837,1.9273996823673545,2.255484906857384,0.27482075247362536,3.1362295236201354,0.06770992575888217,-0.0501062509742,-0.049556876438,37815.29278722976,11522.700332972205,4525054.31878
8.591258023674186,444051.2845965466,2.75023645370362,2.322659330067979,0.31057763490127943,4.540497535166357,0.4273818870724688,-0.0767016531936,-0.0735663004788,190546.9733436288,68588.54993895155,16979910.0391
8.084298079726493,244281.9816352012,2.2197851960554846,2.160035511714485,0.3003244015278703,3.8950846659244585,0.42548565122648424,-0.0439197921767,-0.0430418057535,74344.81324401531,6857.3962533434615,8044650.59954
8.89306927547978,191328.67081825525,2.2319997212555487,2.041907214741261,0.29039757995528215,5.798702531620404,0.45813654503249934,-0.0329672580408,-0.0321094567471,65879.34820834624,7757.658636283101,7307835.64739
1.2590835756256493,463574.5586415965,1.5290267691895232,2.5434989637974805,0.34752702662534424,5.603362377767367,0.13632522765038713,-0.158935115654,-0.158812498965,3886.6736522826463,35541.56941129673,5122919.99241
4.146256421043866,346248.69501209364,2.1558233196111836,2.8990059484581465,0.15890860084865668,2.9171250078487008,0.29613981984722876,-0.0743350644326,-0.069468696608,54613.6974402283,3651.044348280298,20679447.8677
3.070196271907711,189363.54767890097,2.1911238860200406,2.427772821020599,0.3789697771305856,5.140974801488225,0.39253234528943465,-0.0426482567832,-0.0424109440084,19486.012009186536,9479.162535946361,3750737.29922
2.408216786370488,467118.413809077,1.6062581909130433,2.7063052991398133,0.161377543713301,3.6557206073468476,0.10132431967865725,-0.107960305603,-0.105034250954,16732.233411589685,16731.978407006045,15716410.3063
9.852080494986495,34343.72873944609,1.6249033972361289,1.5243808098106109,0.46220268340100024,4.725094962999629,0.11837926569043773,-0.00573538177442,-0.00571134642838,8003.826797784332,2443.7517946068233,1001459.25044
8.274339122699288,543240.7799586534,2.612938491030905,2.3549197155446255,0.29028257398665924,3.0519412784572753,0.4714229505404623,-0.0970993246759,-0.0933720707259,202378.67475846523,52143.94157788879,19946684.4344
1.3228765137301821,326321.970032175,2.1434420137698424,1.9330781255717848,0.23747231117175877,5.863583068105269,0.46698864803896156,-0.0874174105005,-0.0857926807726,67487.938611018,25981.543755364022,9775384.35484
9.401345076293415,366300.05276127276,2.4355003989209374,2.0811682306552957,0.3335503818222828,3.1428064289941267,0.11939154231177371,-0.0606678367282,-0.0593532633768,112105.5571897686,36446.634539628365,10441037.9353
7.452920619807055,180202.3783922002,2.6134996778510216,2.5652643811367386,0.16286578354746814,4.8810449795607305,0.2184421751504501,-0.0334048784064,-0.0280742779576,35973.02432191061,9221.587627321022,19291259.2817
8.564575207634157,447769.1294152832,1.7501441194255711,2.781665598009829,0.3845601296163985,2.414537027640586,0.28586877517556575,-0.078757769892,-0.0785767464836,12133.981329980581,52036.538843254086,6880858.65679
3.3431468537043285,89550.42193594211,2.9009885577812824,1.7287161519576213,0.49014649504345864,5.250283505573401,0.15830336855684235,-0.0206309965834,-0.0204290018104,49060.98358874556,34043.555748912324,2442250.75874
7.126732796361983,294115.8251180146,2.6165911362751553,2.7850555878955854,0.17092722064449298,4.850943285889294,0.4566176772153766,-0.0560794927694,-0.0490251674672,55083.40813429643,9883.967761329772,25484599.6849
4.030363365432141,292357.2777381481,2.7336336937483368,1.725188823144338,0.1692451462661966,2.826776272997975,0.38812845486204217,-0.0668768748618,-0.0597085125511,48976.91248234308,25913.114728617613,18584657.9134
3.5381846492662374,366110.32183353434,1.9259534437802048,2.209002742418152,0.3471458234346977,5.244174296239349,0.40813576545117514,-0.0821713119369,-0.0818283274195,28513.767145376973,16872.42629890185,5867113.57288
2.460353719410833,422733.52414239483,2.3439265207859195,1.8172143144542927,0.18829794362208102,3.287325024336235,0.29924552201255367,-0.101582325752,-0.0957315586584,37751.46427225788,38928.77618129522,20528331.7568
5.2303347303529355,10227.192511485871,2.8693291336997135,1.7815969791414856,0.4894752172853216,5.963522690880213,0.48120964718366793,-0.00205899375898,-0.00193086458164,11393.200078148022,14165.14045249004,1654698.88206
4.9703503850801845,303994.43884394557,2.6606375496789445,1.921850520978877,0.1959912939350496,2.106939468759345,0.1403490367933429,-0.0653043925665,-0.0596537077302,85211.59534304215,36132.356171830834,17920854.2271
2.8606030120756607,311390.5153571302,2.962430600336725,2.769738471969245,0.4475758735553892,3.3234964498763135,0.27676894262218626,-0.067912322051,-0.0669126541331,71406.34791902048,66700.92783131216,8000587.73071
6.145632494858162,464280.99837512715,1.9170998387920395,1.7819102300550083,0.3632634874458853,4.179309417112062,0.31588413253027,-0.0928446889784,-0.0924575037214,59640.79961678282,24246.050543812657,5792468.76499
6.804533037686355,100601.28733708039,1.5038445561830813,2.2879181067392564,0.3846763048427443,4.344231975896156,0.08695670752699859,-0.0187638116614,-0.0187491865471,8303.736302177585,20959.573830678386,2017932.9358
3.1611286752125376,469306.2687065564,2.1754665854809576,2.244279662127249,0.3574850396945312,3.006395320185357,0.24514491734797123,-0.105047972851,-0.104344281608,77273.76754812828,37861.36925798153,12808666.3629
7.271656232168789,320432.611527982,1.7227724330642173,2.7554751072939934,0.25672528191839805,2.0664409981299676,0.3916410704470068,-0.0600458251744,-0.059630306789,31674.981709623753,38912.464149434985,9928693.30508
4.274046963106882,584294.8046400868,1.5385165211771317,2.5896329556957323,0.23963633906208287,4.342565207440383,0.3461621521885126,-0.125352399385,-0.124337877333,43334.33717346028,23675.945492646177,10974115.3049
9.938023659286005,297229.38652485004,2.0178523949614267,2.6944554223914774,0.4439202909294768,2.2741652379017037,0.3351287822473512,-0.0483452807358,-0.0481854331939,25843.18752284972,44756.18840159398,5209594.34415
8.754342566258732,341288.1437571845,2.4341167522309126,2.6060291108467197,0.20728631727426103,4.9778938716419425,0.29643413709864247,-0.0584645987365,-0.0540180836546,98526.58951275329,2940.605897502943,20642085.8799
6.841313821436068,88397.56394148615,2.222295924666634,1.9337964490223942,0.36453896364681004,4.426610793699815,0.44563754419438906,-0.0167364038063,-0.0165017965204,35060.09222041912,4639.181979601354,3130760.85571
2.91619634989877,464496.64049119566,2.724965565433959,2.337371629341393,0.29735585128009523,2.0401658405694203,0.2580557105708388,-0.105009472766,-0.102011957723,148731.6004114598,73422.60535213805,14228576.9763
3.237714387901997,129739.0711266061,2.5945682479008148,2.3415622870542663,0.3230767643318888,4.209971900058436,0.06574663337139587,-0.0277977138784,-0.0270199632599,30550.21344446216,21042.670223964124,4329611.56232
2.234040536954472,158786.48889357856,2.4292887963777443,2.608526686707363,0.3732965454198621,4.320268342115762,0.21268828846512128,-0.0361756473282,-0.035869685744,14627.518877096561,7211.683317991275,3885892.36779
5.365119273769957,466327.8440067183,1.9799082793720748,1.6980431838510701,0.3978181581735152,5.965730662602315,0.10573649683841889,-0.0957770391447,-0.0954264077411,49567.78457909407,53554.67539219058,5259134.26667
3.6726128123894064,103115.84258152149,2.170741060436984,1.840153747038141,0.42693082694711404,4.926429043481283,0.1754209617918906,-0.0227334211294,-0.0226333779925,12622.09645805384,10062.573711054636,1894688.37116
6.07854358207206,245056.381659541,2.0479736021399915,2.3164598464311066,0.2046140314153928,5.855188963444387,0.07106171421560814,-0.0465729855686,-0.0449741561495,33050.4444292761,11978.841638954762,9803189.9419
7.048414097768078,419346.9912832938,1.531828722731256,1.7308920715649212,0.1536176699286754,5.864825698530574,0.2378488389575275,-0.0815491753769,-0.0794911494355,43953.237322329944,9046.785857680012,12625069.6667
9.233828097346516,5941.842110290718,2.1240718647939785,2.9517614193112,0.4719155544954179,2.814995901488594,0.2857851578225049,-0.000613577436602,-0.0006379020424,16701.295791884946,54852.58527536342,3325472.44163
7.562797491203626,114330.73116508454,2.1422905044490586,1.5510281133755737,0.41332537504190536,2.571141754215697,0.17347000201376422,-0.0213796199999,-0.0212234169075,37903.01390470093,18516.38556017662,2715122.96182
7.901318814880037,58932.07434775047,2.4597044162661015,1.8929905635180426,0.38822964606561094,5.195626027024013,0.49428955893532794,-0.0104989855994,-0.0102218253098,42995.43422936489,11772.525108105548,3280634.812
5.048169152112335,527874.104315188,2.4637663345556904,1.8430908294463355,0.30651171388636467,2.2979759674748967,0.21936448125161073,-0.110794246903,-0.108638505648,135293.10363947693,90600.93158722296,13625031.2091
2.148674116861197,582684.0138382671,2.092474066089948,2.6688737541432292,0.48476440018774314,3.0535711692993774,0.14085894352932998,-0.134486989747,-0.134128811108,61156.44243055264,68252.67312392996,6474925.7541
1.5294552326314315,1698.5595218423243,1.5476539380516006,2.139072700960475,0.47452811287496477,3.1444494199746806,0.1000920794075125,-0.000552523769458,-0.000551884150337,2318.3592165668383,2192.916052201561,365124.693966
3.2590390932592666,143553.1731330153,2.1017619940175543,2.5696904199479516,0.1755981123785354,5.201512238179901,0.17827157633321172,-0.0317864310246,-0.0302471894677,8815.89743031869,2778.61168982342,10370614.8895
5.880727740727317,530521.5940192651,1.6977078385760973,2.4456741002283047,0.4692772446470401,4.834090521617058,0.35790387208930224,-0.10610907593,-0.105974049858,1921.571014019225,20587.23384755025,6583311.91442
3.3937451028141257,305150.47473851795,2.591197887290691,2.637788455774551,0.43266918986750647,4.121115095890526,0.07673411564132185,-0.0649357378018,-0.0642355535675,68333.92710508089,58862.70252240673,4695670.25654
8.956895500272575,587743.0756089656,1.645302955808,2.4911018673829677,0.45281349869556464,3.4288239523533734,0.1811867196225076,-0.102206979698,-0.102075604102,8041.698006985366,53835.2756710308,4956420.80032
8.302647111079585,391048.1481628579,2.940362965841337,1.719517914904082,0.36696761788343646,2.4251540139781524,0.15238118350342578,-0.0694133697491,-0.0673989143565,188164.25025067347,121186.27728575312,13738071.8891
9.50630707997504,411029.025038372,2.977065694027101,2.7438213986746147,0.17839484854412008,2.44436562758336,0.4782461880248741,-0.0722165231114,-0.0590199835191,124984.53595879687,13284.977340229118,38105178.1991
3.6133621564393152,346840.21377843467,1.8629879733238255,2.3154908549293194,0.34241714868843964,3.867708289903448,0.12620449372897669,-0.0753014540871,-0.0748407417211,43615.51367787313,33408.362784942874,4010483.48754
3.689858699213934,397641.6451238189,2.8645764170682666,2.6111397977323456,0.39279835922042206,2.7593853730830067,0.2809966341646237,-0.0848295424207,-0.0834045681236,142326.2314299163,65830.99974959764,9466480.2549
1.0921543538331093,56712.400857859335,1.5097744653512608,2.2496004406099877,0.2165281304423926,3.932672519198158,0.11426917988812862,-0.0155376239906,-0.0155160378918,440.64035823064575,9358.309395681694,2325748.95396
8.13213749748998,345041.39456264826,2.1267914171903293,2.3518446023681454,0.42705176229116426,3.007851654037075,0.18143117174241613,-0.061162762418,-0.0608688968979,63146.52343240074,5553.838653441443,5118647.61167
4.412169031564763,238673.02787654425,1.5367150365028022,2.491733338394985,0.180777053022516,2.2137794572238496,0.41647865888962904,-0.051032828903,-0.0503763477092,18897.13155601524,13650.946254164997,8859371.67849
7.0345902267860865,536756.6617574925,1.505580477073838,2.230735375505888,0.4703462367778206,4.285264403592587,0.060942788028389934,-0.102979284584,-0.102892231305,16612.367189738885,23232.49796263692,5556686.58845
5.030008726153271,199608.9869259421,2.897874137477288,1.7804733096241783,0.32629005200267724,5.592853049372919,0.40071580006653224,-0.0414148037884,-0.039849398767,56461.42074659897,50991.01419711841,8796342.71894
5.220877913741358,392566.66997634317,2.407517411340872,2.8474183464038783,0.48994045986529766,5.4284898496769305,0.33837500389774217,-0.0776000127956,-0.0771867506431,66017.47129951924,50592.2159010892,4495839.8135
2.5165292163380237,306143.5618272893,2.968871132445745,1.7055978056974825,0.4795640268706538,3.3180827724374375,0.4502547842793887,-0.0709994152326,-0.0704583099124,64618.80293020233,73054.5557182138,6084829.39748
3.9618474271730397,445216.2384971783,1.5366886580828334,2.2889004910196307,0.4145748875687907,2.986070898166758,0.2911856500373879,-0.0974580999686,-0.0973464285898,2253.348337163547,10908.36212008221,6569132.93558
7.422805839879483,466365.84926572995,2.8276090151835502,2.6558646625396363,0.4972637676941196,4.192447233133478,0.2909955456712697,-0.0823892216014,-0.0815843116624,176287.76578065925,61173.423314729356,7984113.58737
6.128164319368935,53759.00628481074,1.6804248768099004,2.3836716794605497,0.15816848047570542,3.512304773249517,0.1202748961687535,-0.0098034364303,-0.00949152403223,6661.174423472327,11639.979686830944,8120510.61371
5.301002069244697,209472.9276392594,1.6822489453370717,2.6155941070533415,0.36969524189133357,5.988515971494217,0.36818634094208924,-0.0425097183291,-0.0423938280319,8926.132235478988,4994.914836591146,2825283.99292
1.0387223661978775,486136.393327489,1.9877197266804179,2.8032724395973645,0.23034097198635495,4.696426800560499,0.29050216561332975,-0.126860618986,-0.125174003332,52640.716205372686,20700.32845213806,16921567.0414
6.454693071604667,27336.317324603755,1.6322235520657986,2.562876685539173,0.4621269692087787,2.1866921315078605,0.25000354821552323,-0.00517559805226,-0.00518231657294,18732.31294809073,33020.210901208666,1995219.55283
1.8266188026722407,5419.417457024878,2.370823912172473,2.7000043676532948,0.4884368096872901,3.085881724514507,0.32758689021176196,-0.000945494656085,-0.000930991959945,414.2760943841813,2833.4462448635963,775600.458164
5.229044555945855,208293.53321413585,2.9262395259731964,2.7963579639872336,0.449664813547173,2.0274344517815694,0.19288431889523866,-0.0408784726284,-0.0402298121427,100516.3509014662,18156.161476876703,5740969.54175
1.0273001698160473,21898.37390337017,2.4952263598077247,2.8515216898175555,0.24370447480307178,4.946926837986833,0.14008641001810773,-0.00488686457051,-0.00472414606663,4976.917556083987,9874.904223005486,3050340.27709
2.7169177987849777,245361.83674840967,1.8505285104757432,2.2283679342223586,0.3171603924897941,5.9588120537675024,0.09709833490118314,-0.0759508618789,-0.0756902677239,26955.137682436896,9444.06679457035,4711787.18614
6.300435719641269,527751.2446155319,2.7648217781833857,2.735040642466412,0.49777934935290336,5.147788225587451,0.3437507158702266,-0.0985310045478,-0.0977565132337,159788.32478513164,62856.60208799579,9072661.01413
8.336022871670865,176067.47700087784,2.4511392843408766,2.876007216629791,0.2579810796111008,4.344663941730723,0.38497466763330507,-0.0299300057952,-0.0284850732355,66621.42729910537,22297.92580603615,12001707.6966
3.727337043144783,123492.40535186254,2.8411513697330646,1.8874927086769195,0.2827280986995015,2.6901413142738875,0.18584695939365492,-0.0268415542049,-0.0254905405737,55171.182983071136,31695.112473725516,6573708.76681
7.806089447468854,535186.5892801352,2.9464208729648367,1.9100944668978177,0.15798390367497117,4.653419837983911,0.433921748808247,-0.104641722911,-0.0869583327779,109398.79692153864,32760.62300146557,38171390.537
8.157729582428821,98907.21508602274,2.848147892327515,1.729516051417098,0.1501606906588754,3.809162481027547,0.4417420478262865,-0.0200562247244,-0.0140851746067,35685.42256902473,4195.329688100475,15806397.6727
4.742720881604429,34208.00813489111,1.5739430755600352,1.8284822784149046,0.40515478783699366,4.2114598966832055,0.08891109558206453,-0.00700422567912,-0.00699107975396,476.1981218331685,7212.717248213259,798444.160849
6.346963039521729,491538.8923605031,1.7180147511921342,2.184166814540834,0.15109850508850586,3.5520836300175302,0.16526833340287478,-0.0976604630193,-0.0939796580471,61182.12230341316,409.200635636644,19685392.5928
2.0134239174431383,197750.22895823146,1.858285858439138,2.42379391150244,0.38935766434334085,4.558468168966058,0.4521548483170377,-0.0469456106149,-0.0468775988083,9685.115101916492,18184.652267185007,6328661.71216
7.258794789618698,419247.6191577335,2.2143277497946263,2.7446735108382896,0.24325105758529975,3.9467443859257,0.19151356419448323,-0.076254951371,-0.0737784410961,105235.35703337107,808.2659360060189,15050251.9272
6.163895224025338,269834.4377038212,2.7010602448471634,2.9808435153916224,0.31576418293415254,2.9186075425291107,0.2863453397205739,-0.0508871311867,-0.0491424058473,94869.67592691931,2401.3449267482215,10877216.9884
6.762908733121576,537126.4312396757,2.9305305345001864,2.823268854573323,0.36312797532397245,5.6675606319838225,0.35814978824588417,-0.0977780401538,-0.0948800042718,222228.31946824712,81939.68560055128,15240969.2221
7.500143767423197,525662.563334836,2.5739737241678773,2.9254306111022403,0.3248960676403339,5.567705747458075,0.15356597485120288,-0.0906143755529,-0.0881089561908,154258.58251238076,55871.83696878561,13505464.1381
2.127009566712603,70243.84907983746,1.8848364290249533,2.4007930222004084,0.32852810999297477,3.789281601510331,0.13032611037984793,-0.0159986164605,-0.0159405741586,2401.426249576884,1873.5530288692037,1951264.42933
4.572870608660676,175458.18701570402,2.12113729724519,1.7022991376533727,0.30544299240912715,5.1833040574789875,0.483657980279812,-0.0378092108529,-0.0373245505252,25835.107421513716,20415.801815367122,4447072.76331
1.7386440362597062,557246.9022695469,2.6793445102920446,2.172588543507978,0.4242065118975771,3.4313736881558543,0.10844770348986607,-0.132726067909,-0.131792302597,80469.0898005926,63980.14085375728,11311193.3394
9.191228554252206,53657.95843112593,1.9822605630800427,2.399915272254149,0.4743400924692197,5.586636797652135,0.15410388499818672,-0.0085729990739,-0.00853977621974,2616.916091433194,25236.05155318673,2055965.20044
2.947102025774714,135117.47639475192,2.898703046579918,2.370716752572806,0.38431678166175975,5.883654325339101,0.2699313700515441,-0.0315749452261,-0.0308929754688,61416.9063481765,21180.955688242015,5021022.77201
7.816913030997605,466407.49431612785,2.21933842240992,1.926958775883937,0.4081509974741301,3.907058091845916,0.10258576715250858,-0.0837313185583,-0.0832278301536,100144.13563929097,42673.7010920276,6498888.69598
3.272404208304047,277766.29807741044,2.295043412497775,1.954593810222095,0.46520939117611604,2.233560168304123,0.2725554564920023,-0.0623908515952,-0.0621913444653,43480.32824920362,19644.084554061777,4100559.41321
8.403651491783144,376039.9757829195,2.4694171558121925,1.8908640339087797,0.4214494643643141,5.983871416044751,0.3576063433332431,-0.0656304053855,-0.0650301163442,101067.58425993857,53999.45887948655,6998613.40849
2.673443332662417,177943.12985938112,1.9952385340137733,1.7164290649495981,0.4078439635210328,4.879648308931598,0.07174065898057086,-0.0509334713511,-0.0508048663414,25976.079906752788,9141.15952510751,2579551.07003
2.042939540070999,145503.5315787436,1.7204374520173906,2.913135126511661,0.3392377341689898,5.135344335765215,0.2736168467736836,-0.0344390435642,-0.0344166724577,4516.684092237823,28474.502890992822,3934109.05626
7.025346435593759,476449.74134327937,2.507416895186907,2.4062328527880057,0.33477976150553024,3.788930288506012,0.4669793325047813,-0.0894332893681,-0.0876175226848,162099.46646374025,49034.848693178086,12243166.3927
7.110931886780955,50490.668689079874,2.1439754273144533,2.2201138745337365,0.43565604010108117,3.401296379692797,0.46763995560511695,-0.00931191243006,-0.00923482500642,17931.72480979216,12964.946595064954,2057604.69043
9.868128964482914,249707.44903425797,2.3715701545527423,2.269904114299131,0.16365985620438875,3.972103271651576,0.46218625132445734,-0.0427948436059,-0.0372952608705,66080.72045226074,11541.223872605717,22750613.7455
8.804055111846377,119846.04552202285,1.8877551037951283,1.9094817506844564,0.460036785293898,2.467923452953331,0.06620205897279847,-0.0209436039076,-0.020878197884,16206.76397213716,7205.2116188558075,1970508.37567
3.824254349917699,319070.8669789643,2.043296230840526,2.86482984447548,0.3315959597174225,2.4218098136994404,0.10299451096613321,-0.0675563820728,-0.0670290930768,52004.14219330432,794.274200562762,5778769.92579
7.669111352434443,381369.698775883,2.8619373291495274,1.637781940002174,0.34614008172294464,5.615447188539358,0.4878878710617159,-0.0702010493342,-0.0682136657014,144389.9638060805,124615.2689331502,13074328.1112
1.0412755758101313,210163.19316381734,2.9742365734068588,2.1674353394953325,0.1711520169048917,4.182993036089891,0.3418186127621042,-0.057894591251,-0.0492637437125,70143.58959314077,22802.584775570605,17905222.5079
6.539166541263016,455399.9953991335,2.576372617430615,2.816627723050003,0.41076540038687726,2.424437317745986,0.2539960428005448,-0.0856494889361,-0.0846229176848,119473.32911066142,21365.870486141583,9526890.46954
5.768315906733137,77867.18363836771,2.0547399835000992,1.8336354030110977,0.21313660058803707,2.3614989377026876,0.2467170968122579,-0.0156525566895,-0.0148995594567,27335.929026738882,953.1255747997507,5620189.00262
7.909336710247864,489096.88744100113,1.5231818123781404,1.7777710965525904,0.32355996601494147,2.596270187704129,0.08757577663869871,-0.092113188039,-0.0918928648569,34794.198125160285,5990.363113757757,5055187.54497
4.332349287295023,595738.7973131784,2.367342298079129,2.9518145212570976,0.19621434642742544,3.6458267824972284,0.2007734117448121,-0.125352998,-0.118286403204,97243.80299609342,20568.694367384862,24733627.0369
4.039130917163379,49207.13913316901,2.4476480553673454,2.4744358329913227,0.15738581972938526,2.305714787941485,0.25571521026022553,-0.0102159644498,-0.00848874215477,16802.310201660242,7074.816442488347,8936236.63334
9.654699924251855,194169.4833397823,2.6517648081427896,1.9291466424752164,0.30665826776172905,2.6366563396817573,0.4013121814978703,-0.0325556177681,-0.0309420918428,106902.32806729886,40081.32532759979,10379015.2675
7.61069590526684,177403.9159269395,2.931298582978754,1.5096422251134451,0.16082517963610765,5.234947048306198,0.3810947695560847,-0.0356638514223,-0.0282278341387,50649.60976264001,22105.15015579034,17925472.1762
6.1694848294536815,186490.80741515293,1.704995511925133,1.9579671307180093,0.24892159187818289,4.994901666935974,0.22977164917094434,-0.0365220643327,-0.0361511676969,26759.769760108455,527.5157359099525,4608325.94109
1.4734774091549219,331683.7459368367,1.9445402670801226,2.922887573293369,0.1586239653622015,2.605939487140472,0.19047899407716173,-0.0790892992739,-0.0752352920128,30554.064936552477,11012.211322330333,14775440.9061
4.790792203744668,208650.68893301697,1.6620589198143354,2.194066246284195,0.18219551670964543,5.324813225538315,0.26878887563607196,-0.0437596239044,-0.0426550204077,18781.403961395965,7091.135169401309,6900037.67722
9.711786636974509,289680.24950297986,2.110248195555628,2.721125320300569,0.30553363811208334,3.9027073343253074,0.41010421325679924,-0.0470425830535,-0.0463776707375,62698.84287846289,35866.826880034416,10051705.3069
4.472371378751646,502015.7815697829,2.874436831148388,2.0559990983983214,0.4901234994624515,2.085616420339585,0.20229705779634716,-0.10577409098,-0.104983329948,172901.71675072485,98838.11668215302,8642857.26238
5.896882296561115,45471.148152446505,2.640411330586943,2.8688604331068426,0.4584445622602198,3.3600156614014454,0.12515657683259396,-0.00799738980593,-0.00787073630355,24231.704627125768,20439.51971478427,2863032.47604
4.094110276340243,357587.5437025986,2.513585034484869,2.5458331997168795,0.4222828265088989,2.292516085692635,0.2122356052549832,-0.0755941214822,-0.0749728368918,99998.41771708975,31940.961266877304,6064405.18351
4.106332810761658,263783.58977882314,2.748121407448847,1.9178076578792005,0.3479922598516396,5.462279957679632,0.09950107186466711,-0.0563720458092,-0.0551673531258,58222.328116858465,44593.273413898605,8627756.57246
7.986520411687938,217425.01426558252,2.544185781172382,2.3139985059073687,0.25706642015701797,4.1321761293425805,0.48056282419552915,-0.0391695589296,-0.0369664068468,89347.97946770226,9955.833112521641,11774018.0411
8.943978024509011,399645.21645370714,2.796736570002819,1.5087611885682402,0.23743797945671186,3.2049229276301876,0.4074073902260952,-0.0717831643745,-0.0660342284866,123722.49596029508,110088.23133180593,22679303.3123
6.811923970539331,358348.4394760469,1.93758191514224,2.9237745571816944,0.3835779818105757,3.0938867577724265,0.4909945022476479,-0.0677447526809,-0.06749157746,28677.669524124052,41268.53136462285,6342261.37292
3.353678717367089,539871.4280557547,1.8397815527477268,1.6775931004992013,0.2304724031457639,3.7891024425190554,0.4583460912556748,-0.124185626574,-0.122413702206,38063.603971307595,40888.088434838566,12250366.6147
6.689735239464842,405267.5131713244,2.6790785947505613,2.702344637582314,0.42456160519227826,3.160700502754338,0.3533763258551716,-0.0754821741143,-0.0745081633711,134497.69557454533,35879.33605812104,8612650.20009
2.9595093214465438,135695.56569565093,1.9063385628709775,1.6628568372163988,0.15544176733515447,2.464931340664608,0.1263854466174889,-0.0312122333821,-0.0298295166427,13489.791852016357,4174.333370441495,7092587.1756
5.0411607224499475,367446.3459721763,1.8780113687792346,2.0989819910784675,0.3249244715310369,2.669919740184445,0.49062487858936277,-0.0774215361766,-0.0769769421592,51124.372862416705,6657.306524468812,5631265.11881
2.061032472723783,307556.9264246787,1.7671580256776893,2.2024138787548138,0.16758649030653672,3.076080726823274,0.21329350953494075,-0.0730499691056,-0.0708225681509,25562.837101968154,11557.124705108692,10635653.0916
9.432061403132911,125932.19815797622,2.3649876403762686,2.9246459246812706,0.25054212538454534,3.93300963704205,0.30651675843157683,-0.0198991248951,-0.0189369485067,47203.30889112048,42108.794516393245,12025217.6199
3.5565378551571554,445693.310833061,2.225453398543381,2.065989381024012,0.39599949672451545,2.398171526446617,0.08484789196437134,-0.0982774410276,-0.0977823108258,79176.08066154587,36275.05462983251,6092757.76998
6.586896494855682,11087.408131891574,2.973770518504651,2.6386540559091864,0.1556875440671939,3.990137284244857,0.10443976678150671,-0.00221324619791,0.000697855958412,14328.88247913668,17325.45455633342,13263179.7954
4.491997413508696,440814.0392232577,2.1531834831360293,2.528598941190417,0.27200180031468746,4.2433795196117385,0.4384679431159756,-0.0929705352801,-0.0913404335011,77676.23439523503,19681.329399061935,10598224.2456
7.807327279001921,287987.8379695796,2.855642387159117,1.588466824983504,0.30852733769029855,4.2509803028601985,0.20973374290433738,-0.0520304148917,-0.0497538947881,130906.60294587509,85224.46366397997,13073786.697
5.528195722706767,30532.802375523537,2.486393868307381,2.2694846856166695,0.43112594539180793,3.203861135915467,0.4136836244786266,-0.00577318426616,-0.00564752703706,22251.831369020878,4178.2237332991435,2107489.86638
2.931923113618202,283512.81870100147,2.980484598070091,2.2143991154363887,0.410202166036451,5.138146169053664,0.41793988902560925,-0.0640404301197,-0.0630172194039,53728.36944234337,54574.12241911746,7869406.08734
4.364188034077963,215187.25695796323,1.531379405559095,2.7550239339349734,0.2140840221089071,3.274624135760524,0.4920749297672693,-0.0454492302803,-0.0451550312011,14480.635079534819,18831.842884160455,7084082.65717
3.5321009799518954,471845.11739605427,2.4697124855296684,2.136340563404348,0.19661320080167777,3.3676394579569053,0.46090059188917387,-0.10692740818,-0.101086253047,108658.56347140553,36026.8583812567,22341232.6995
7.485263771472582,452060.12938378874,1.7839266476287023,2.2871098130127328,0.3742999743822552,2.2116834441470163,0.4162631041831982,-0.0854278182985,-0.085163319134,38799.742391982596,19665.756245155328,5700824.45051
9.154445188465342,440278.84516323253,2.971984021489148,2.6218874028504846,0.4937494164652646,4.47975668720154,0.13595431653097478,-0.069131378153,-0.0681424720734,182634.3994684315,75526.25808293048,9015625.72772
8.858632575886169,197916.22647853734,2.5578171866320254,2.4832440696099147,0.2412356920775729,5.59535364617258,0.34365595064376836,-0.0332999186484,-0.030828297576,67156.73795864674,2330.476949037549,13584781.8277
3.507001833568423,1158.8135255667707,1.556450812797601,1.8932712932572686,0.39195142419293943,3.5123261165852,0.4685529354546654,-9.94925639057e-05,-9.57629777054e-05,1696.8160300472491,2765.4766007805574,666497.670641
8.587998730537526,577276.5851040913,2.36911993043442,2.359070589673082,0.2364201843836012,2.797964320575341,0.23139007005730478,-0.10195382782,-0.0972595327797,166001.57481727964,23664.97666962414,22687231.229
6.743651180239276,15420.743937501302,2.1495045384545435,2.23375610591036,0.39749149713936033,5.275760656830232,0.4158358461464357,-0.00259512971971,-0.00253227037053,12121.294821353811,14660.939484716253,1947807.55564
8.41979819563457,459248.4732080124,2.010512906255144,2.5304188557020613,0.23377532853367508,5.979569465384083,0.17374854860457298,-0.0788187553641,-0.0767210680779,93140.27888079158,6406.908975242911,13797036.1833
4.338799570171391,49547.08069605649,2.1114173230757327,1.6910413033659126,0.1850114522832819,4.447932421686529,0.2692915750406048,-0.0105320285604,-0.00960095617067,10931.206187705286,4052.06724768315,4809161.23888
3.8081558242074167,2589.565551496742,1.675768918093076,2.7676971790229903,0.21437905378661992,5.118233267746824,0.21769742661474356,0.000218863790018,4.74666079413e-05,5217.549068738352,9411.228765351372,4030064.28982
5.949761726466596,14902.32868807213,2.8444234934681694,1.9558897030235372,0.24557049711933177,2.712191035571181,0.06849057593500951,-0.00275507700637,-0.00158900399511,33503.42294329461,2844.4004989900554,5912004.63547
6.58567709426504,405661.8152389414,2.781758351785982,1.5513428657912303,0.28920529245786,3.1649976442231247,0.27077215866523885,-0.0795570205721,-0.0764336843123,134054.63180218372,101972.82618290384,16373249.067
7.957570109636536,441716.14441998175,1.79206433839574,2.169129132274507,0.35261153526117195,4.232082406949351,0.4674089318063082,-0.0813417982577,-0.0810143595562,45352.69794849161,8863.090133820324,5937407.30836
5.451770095166209,110315.28146146995,2.675311850493873,2.236793116029178,0.31937001787585295,4.613471720597458,0.1972015212840983,-0.0212931953674,-0.0205049442944,52464.99005009514,13437.73954226148,5231141.09039
7.791905615490126,443971.20122876595,2.714289387555875,1.7720975949223567,0.4355342551841024,5.978746153365263,0.24731545794888055,-0.07863445947,-0.0778151207802,143927.94467694112,96482.1965295988,8842431.15424
5.759203201045929,458645.5902827005,1.5931248922917247,2.5498152201278126,0.4542369875918799,5.82645048225006,0.23508325598195473,-0.0912997923313,-0.0911705310892,21636.14002236044,23497.04093708072,5677558.57265
2.936560958430045,525865.956770958,2.915557169780599,2.7992229865817335,0.3269797561113984,4.421290458996787,0.13739646229879626,-0.11568921185,-0.111789012799,125184.31374172993,79387.97929050379,16735459.2927
1.6108742884623923,261531.90165385604,2.435721154458897,2.6623912957061107,0.45208765075563395,4.48442908091999,0.09482677766314504,-0.0664053771398,-0.0661347547996,47251.206967552855,9289.476584840178,4833168.06364
2.2218331232290374,334930.2350092719,2.8593275580814845,1.9409726178566038,0.20166909977459593,4.575311634693909,0.42521054051193097,-0.0833613401382,-0.0758272992667,74327.92829781926,51690.19571323835,21131738.4638
3.9340679862796866,591262.8960126848,2.6167657152243917,1.813961677715898,0.34671166690064037,5.2716365235074205,0.4024152473978342,-0.130687444521,-0.128731534476,106655.07808267222,90337.68231457983,15115374.1831
3.335510938362879,335934.5097892268,2.28193549434845,2.7529485540978995,0.38736252627133294,5.173399069181427,0.1946170364699213,-0.0731629678986,-0.0727073032455,35149.413483098746,16016.449218981305,5959274.55787
2.23410627796159,365961.4376032491,1.5129503493716001,2.556980337012073,0.23393030922714358,5.636053104434432,0.4304782080733709,-0.090122689568,-0.0897201902209,24948.07975298569,20640.933174821377,8026613.24882
4.251088349168913,530869.8442920521,2.3064070083560475,2.078415962955044,0.4074989394310091,4.053251694560305,0.42498385635624863,-0.114274635001,-0.113663122936,102631.31200393109,49228.77407581374,12305709.5976
9.201538293517867,168585.23890113074,1.7619917769275726,1.8606940867365118,0.24143773626645132,4.883534195256983,0.42251304639517245,-0.0292345622208,-0.0287556719621,34161.564460993846,6307.046350984234,6276530.75301
2.751388547610917,486981.24400951504,1.9366237803411663,1.705306809339625,0.3865352861957648,2.2758727992938623,0.3686104933148882,-0.113924580957,-0.113645418218,45364.61051532932,24104.429334259545,8639153.48295
1.8303520630927148,126804.25372579863,1.8683455808876706,1.5381635138597913,0.17848691061652483,5.743154106911234,0.3368254531435608,-0.0352697589771,-0.0342724417793,24427.012981639247,7135.6596889109,5322614.46983
3.374327765642481,243746.98828073108,2.9041289498814096,1.6730341215291897,0.2678412967873046,3.986428628212812,0.22822342289990222,-0.0552386410058,-0.0521632586262,42009.08838620883,55214.78319843383,12982182.2715
3.110807465571063,590004.7405254693,2.18175689052316,2.2260177639345606,0.47877235050668665,3.3438792153805816,0.28743235775241294,-0.13261046049,-0.132239372014,72732.43446803179,69655.4453318144,5621882.07263
6.405537687522905,113397.71447295675,2.8597182639013576,2.2579445978257704,0.301246516174986,2.0285428063883604,0.12565371930198294,-0.0216091133067,-0.0201861318853,63925.559877446685,16183.507315642732,8169942.33319
2.480001574563859,372789.05878601864,1.5756812321896185,2.495297767274257,0.3257744755050121,3.1355406454385086,0.1322320661104203,-0.0853821229366,-0.0850458890596,31198.35112275751,27499.3421478043,3798276.39366
3.6252038931495205,473566.22902989393,1.6807866565222405,2.9183048162406426,0.244160970910188,5.480667288780561,0.47750859957342756,-0.10431322045,-0.103553958581,16041.761410962588,1957.6020538306468,11709839.2361
7.137336704978391,5962.8212048135065,2.1999811697195897,1.5903328234393372,0.2769852367844464,2.7107678957336225,0.21450063558052868,-0.000950194110383,-0.000616278741346,20958.359454961203,3961.5586990303495,3210361.96932
3.32617116160419,422486.55574755085,2.4871280542541285,2.171955078459727,0.4276123281861227,4.596931824036802,0.22831464591240608,-0.0936255356099,-0.0930203111805,63359.82749128673,52739.865376837006,6481080.12062
3.2500021104091346,325379.3547104641,2.8269216645964015,1.976123455663254,0.20599483786604394,2.9309382023316277,0.45305116530404765,-0.0751778751237,-0.0692211545687,94791.02412471957,36683.13366581997,18398410.0342
2.3776888827055727,315824.4008170305,1.8010052472848954,2.718625390590062,0.49481555308542,4.1218377100796,0.2766839254212992,-0.0728685507014,-0.0727984583583,380.45635682796984,6267.617674170567,3345043.52549
2.3641271361753526,424545.4470147685,1.7232316031630774,1.7566217769993426,0.36622370864897086,4.262760720183314,0.25802400636847656,-0.102709036504,-0.102544797265,30584.32116173273,3843.556527684638,10344171.2125
1.8444463925956733,58048.31852511727,2.2074464481958103,2.044023828063134,0.19796529013242498,5.737487973255204,0.07628958443321135,-0.0221323354409,-0.0213258086776,18773.118842609387,170.8115219513073,4623175.86999
6.997534709124751,208475.47098589607,2.3554367605413296,2.3525806227607537,0.3691847676759021,4.1438324837856175,0.44643594112647267,-0.0388593962562,-0.0383569675554,67549.13257401634,5814.233820962846,5491605.09788
5.746697449938,464940.37434422935,2.622298102428881,1.8410929634665445,0.31015943459413226,5.211163742867331,0.2502225577004533,-0.0926158659213,-0.0904492732723,133962.19695267052,93758.13061303966,13438898.5538
7.11590164738165,31167.43039440779,2.4148228476658553,1.9669668827303888,0.29866422109700824,4.22919653656186,0.38980425046325407,-0.00555275574557,-0.00511205194015,33098.437506332106,118.08348574463535,4219382.70641
7.594960496195002,102932.63669957613,2.0676233495277323,2.6454967343613025,0.47841024719505154,3.8999877397566634,0.39997598362855497,-0.0184609523069,-0.0184079884726,5225.42985010228,32783.15800352043,2496412.28661
1.2861869681606628,371104.27147443645,2.0295922301515708,2.4236472427536944,0.4645617694562104,2.5069915293620646,0.4311023232607358,-0.089912649434,-0.0897515891541,16781.515244908962,24653.165618295683,3701056.31648
8.334625511452348,83767.00496868535,2.7184999901460976,2.294093879166807,0.179936052091165,5.3721502674779025,0.06251043908230373,-0.0144724475237,-0.0110345242635,33184.346272599134,7987.371512662271,13280290.3035
4.615644515540003,452397.8010747105,1.7008619044934714,2.8746801027272406,0.28241419630364395,4.3413538820683115,0.4995345070469778,-0.0948021931117,-0.0943594280843,16071.351550200488,18643.48359426882,15093574.5372
1.5322581651239457,490044.2552149381,2.749236052005713,1.6878429482645847,0.3175112738675551,5.429171532137966,0.0762762720478295,-0.213352072342,-0.210694805374,177312.41900505256,104624.04430248623,17196162.8322
1.5705094194033677,319047.1868248226,1.7977584441111185,2.742955249850212,0.15599172711514112,5.719419638924906,0.43495444541122896,-0.0817367629121,-0.0791779187374,29918.46872788727,11495.705510799698,16178128.487
2.8949481956042704,409532.3163189422,1.8214397390263573,2.355191364339348,0.3600038443511494,5.697378256483519,0.4811008316348608,-0.0961014500876,-0.0958357182947,41147.32416158993,14391.045281494282,8216587.43543
3.511694180170921,472156.55511263653,2.2673712188331496,2.88487001285552,0.4629833019312344,5.105822975636611,0.2993635488418901,-0.102144540795,-0.101758509519,46037.96746024164,35634.403212502795,5636034.45167
2.6625405647707034,1586.111540370272,2.0111315693230605,1.5187556612282527,0.32217295335202245,3.282861068441007,0.4721524424618631,-0.000198216753019,-0.000143950714552,3053.7682480289673,1823.6198691592165,837225.999696
4.738760158461634,252121.48046136356,1.656711852361065,2.4042275567302935,0.17694484443918582,2.069875651198891,0.08170220035401143,-0.0528497193599,-0.0517550332746,24626.372274110025,8799.52428653152,10011329.7684
1.6434667039584823,387710.922884175,2.4413956843567073,2.3927599649106863,0.42628594773664374,2.5995878171567126,0.1911912145526673,-0.0915498929576,-0.0909907784502,55436.74077498401,52275.725346167404,5142632.26308
7.839373280819575,255078.39683188495,2.2764213648945804,1.7964978097201174,0.39909046374199153,4.250105978915876,0.06388239650583744,-0.0450556952352,-0.044686011933,53208.545266947396,28893.75230122326,4851948.54563
1.5267304532300119,311921.894190037,2.416358665870372,2.5675501225398234,0.3554986470997448,3.1330359161697965,0.24424087472743528,-0.0736384647532,-0.0729512133223,37381.09235724385,22643.09954903604,6217456.44731
4.318186780957808,109263.44898423736,2.961053017473035,1.8833316969222385,0.3084195007546049,4.28290027552735,0.33301472877552507,-0.0229897389259,-0.0218230646738,48068.41370299831,28245.20016020864,6201603.37272
2.658224959320022,479218.96522981435,2.0617545703124454,2.174598219737927,0.46184327453749363,5.4262892806361505,0.2289284640766575,-0.119067878265,-0.11884573389,54812.221243770524,4196.078648300787,9336919.22444
8.510847374663022,109744.951662991,1.9312626968104887,1.9139813566625383,0.1732214966472379,3.2613271076980705,0.10828898092718708,-0.0193961825242,-0.0180947760535,22470.986997954333,9541.470199193374,10410142.519
8.540715919799087,477126.28344771627,1.781189860604062,1.5375991282504708,0.4654561855436823,3.4415374370033853,0.16157845873192625,-0.0863112476444,-0.0861984063553,36608.35068529151,8992.460382126124,3644874.3792
7.392861957438188,115846.39740274099,2.6696277560714012,1.7020172914748672,0.25802657459898665,3.419078547023624,0.2650333510693566,-0.0217608092939,-0.0200153394444,55916.46633676012,26647.22187557712,8944321.96418
2.9238939259683985,220084.07586205055,2.939486048189493,1.7862423271299226,0.15512174198368817,3.6394704175350285,0.33632353992079905,-0.0552969673777,-0.0455204587824,38101.20979231041,21914.325335831923,23328568.7451
9.589900259441142,448224.46606503153,2.3836887312399644,2.3030120990866987,0.36427362561497456,3.130920461019581,0.34364493391193546,-0.0741524572469,-0.0730619579097,107269.36404009299,24364.61770457846,10481836.8916
2.1490191899436715,571507.6844864252,2.373287456242889,2.5708706366575567,0.28068846198891484,3.6813447367668037,0.17902457236121677,-0.132848615148,-0.130153305389,81434.60315356853,41489.826538087116,14986064.4819
1.4821669111364324,587965.5767029951,2.7286880706362195,1.8120845986689418,0.27426486189866334,2.089615617054288,0.2580041298610399,-0.144513330473,-0.13977167219,108032.33318167845,97784.23498497454,20406411.1378
6.04101129789686,564395.1191349888,2.4850806114011554,2.4730099268325474,0.21429393048742795,3.675517037651116,0.21060954253915448,-0.111458301997,-0.104717813178,149078.46920942335,44180.885906241114,24248200.5016
6.460884785942572,347352.1054682716,2.6416749686703214,2.910554066671478,0.3543841705094728,5.116189071623255,0.23919193829212726,-0.0633358802668,-0.0619344151999,119794.09965860522,29138.94825396044,9827920.60211
3.898533687939303,50731.34294736925,2.1822790034259363,2.1741753178670455,0.16572195655414612,4.351829338792126,0.26832106596947014,-0.0107588762716,-0.00948373549813,10034.940722549249,439.543535171658,6090886.91571
6.8951721329438795,533387.4550935187,1.5315299532369568,1.7085633602778028,0.2837167876746027,2.6411576606437803,0.09216944379807193,-0.105189421126,-0.10480452818,47819.77698691984,4643.04360433714,6324446.63728
7.600229107351732,431359.8717496581,2.545235531337143,2.6147616233934334,0.16614314914588693,5.6391231638361,0.37041195787486164,-0.080577364305,-0.0710697184538,93518.40714830179,1521.7265360646336,29999055.2863
1.322958156814847,402045.7027979026,2.853129692979887,2.3268865198786473,0.4172872106570613,3.697679448546674,0.0572809486252944,-0.098987829391,-0.0980200037046,130894.67672245821,36865.68638345404,9836941.81576
7.969689625548543,384909.0234963777,2.7765106104045243,2.021777673465387,0.4994733284464369,3.5384174483635915,0.3604311903347107,-0.0685290753848,-0.0679544246152,132653.6361117082,79545.31749498716,7109323.70913
3.4059028338438746,80736.74518827136,1.9897437733744698,2.2197878779564215,0.35472497849481754,3.764528760661573,0.3497777962460069,-0.0175635327699,-0.0174433584306,9613.258767563895,4529.47458232768,2340831.93205
1.00516646027835,147078.39931444515,2.5143933805106258,2.636448984086388,0.3280122410509939,5.886697860254385,0.19168030524756458,-0.0450427900005,-0.0445512916537,35936.41785032346,1172.506601780369,4612143.92928
2.2159058998217103,320907.57210044796,2.6302050686671743,1.7173352873337422,0.3147255961228964,3.318662775686452,0.05734359177811061,-0.0758514346403,-0.0743592939133,57356.470807601516,48503.83441219726,9677845.83713
1.0418844266174183,108947.87763133597,2.0075181942590765,2.583870435297528,0.4650301723169905,3.729402020873933,0.3901104903306412,-0.0266188919107,-0.0265970991423,1240.531162178115,14764.15976663081,3429838.39302
2.482051351952283,264217.4596219555,2.4092129403968867,2.4723690220762466,0.3623327442619965,2.284424487774916,0.42228591700966284,-0.0603096141991,-0.0597867723969,40933.03132375616,12406.863890929211,8587287.29881
3.504852617270842,405779.85478098737,2.9914376478188025,2.602338888695162,0.47491298593606723,4.287132332746593,0.08040980057550992,-0.0856805878709,-0.084558285556,116048.16763097358,105264.927747881,7739527.8965
7.452360081536891,337519.5405632727,1.9580658988335728,2.7132901473127533,0.33326181151505935,2.9251456732970427,0.21256482405667637,-0.0614991605084,-0.0610894915263,42940.933170618046,28398.528701012547,7283475.24804
4.272027243977115,262591.9045539216,1.686575402548705,2.960878113882467,0.23857095664052394,3.296006207197087,0.2720814101110442,-0.054658388182,-0.0541862741415,25075.636264976,15246.558128447627,7216774.68822
7.0754596494951905,362662.8429383031,2.16894737244558,1.7198037456430753,0.41960946903555174,3.409521026456078,0.10167441890979464,-0.0682705011606,-0.0679553007267,64745.09070181128,35861.62342809182,4846073.74031
6.824129428639533,538272.6814536006,2.2960831204601533,2.4626683068728012,0.2836621800918657,2.7468297849108563,0.259353029267511,-0.10241055905,-0.100059825749,125820.31567711158,30042.436735168263,14762574.7311
6.3417859943809765,251408.05696659212,1.7165068358537339,2.67076366021706,0.4444796914827669,3.736994785773607,0.46686173377751194,-0.0490633043293,-0.048996119613,5889.501815067702,36074.64732174069,3042673.48705
1.580233056386796,25218.140525868417,2.741437929200447,2.0613882967048367,0.41467535711499415,2.833792010443442,0.20313840693578067,-0.00572475730138,-0.00560855752209,7916.458878143436,5939.875756342587,1213067.3299
8.914079310044748,301086.88239001855,2.9074548930099335,1.7268789856943108,0.45207046985092914,2.024885986380866,0.21352623975860546,-0.0519114931212,-0.0510892644151,152396.452885146,109346.16857983345,8789687.0158
3.566153335750196,283130.3057096484,2.139321887359311,1.5415054262446977,0.40015512059179303,4.0020240608756765,0.10490575451950546,-0.0630232309907,-0.0627511759697,35906.42266959475,38887.43359448932,4723814.46021
4.8741734126886325,585349.989544919,2.426194101782267,2.1189043943195434,0.1581005275418556,3.1933369648644216,0.3681230403619138,-0.127431226317,-0.116162580755,103148.7990491037,29138.01987934374,30746391.04
1.546761014089771,332189.5804107456,2.096569634432522,2.0965811174871503,0.4543632119607205,5.798117041336059,0.3728697111067944,-0.0895658645726,-0.089400786829,38078.88360330185,4570.768980687943,3462791.81679
9.746098697266916,356666.6125790221,2.4158991713106506,2.2506700763431544,0.43781303373720415,2.5253968811843057,0.11414628307909588,-0.0579907162532,-0.0574774979264,108375.90736505663,20127.571971276466,6850057.27215
1.1903913694016133,277572.7028844802,1.8651270855430966,2.7162001793247,0.4215485423657934,4.807404781724104,0.1468110339774394,-0.0797171163379,-0.0796312449374,863.6522170393478,31519.673110743537,3561868.43571
9.501603504870863,297373.88181408774,2.214505588622527,2.215610445187468,0.2015742814575369,3.0042189577210405,0.3802802865781774,-0.0509286720446,-0.0477703181226,80965.58118108734,4846.606079122742,17981403.3154
3.174755615435728,126986.69975730048,2.8901610510268325,2.1296792490513132,0.1704529654439368,4.7696718459369585,0.3536392855023121,-0.0304750031149,-0.0254298373969,26051.3383131148,8524.309119514548,13540227.7386
8.959443005966454,318324.85945437185,1.5147257132661078,2.3169002454500855,0.46092413173864655,4.40062787885277,0.3429973784621094,-0.0558420503226,-0.0557913389554,20996.769248666646,36498.478000573465,2854140.51732
8.077357392316376,353920.9290505544,2.3144856215187355,2.8855563928470414,0.41477461227043233,2.029070102404332,0.20282979467408346,-0.0621185635871,-0.0616480269333,79299.66919155371,25211.33975581998,7352576.87196
4.730026631260469,393532.4177832325,2.8142800345420236,2.4725794782595742,0.264684794368588,5.734796960019324,0.26226409167652703,-0.0817624438941,-0.0767104902578,66504.70239241573,61942.623447370475,17321535.2164
3.1570388874812076,68509.07484490758,2.1088938810408053,2.9193083320368842,0.39821978719425505,5.751379195575871,0.31297736931063036,-0.0149355425764,-0.0149037973723,329.64430266360466,7005.773998615533,2372844.04577
9.708710547437542,432184.79913573625,1.7184765790115963,2.030424511835074,0.49970978223124973,3.246309230037903,0.33098485374983433,-0.0736128262108,-0.0735243945671,9688.704619167367,25789.55870989341,3607353.02923
9.078011698778331,88419.6247605718,2.79015416142074,2.692496054189239,0.18793162530010454,3.877620763873268,0.21169906931307492,-0.0150401771259,-0.011423653363,49513.98396764395,24592.822862783156,16649621.2616
5.016560416496759,466649.43840920355,1.8910608094446735,1.8975653797871173,0.27465967901095545,3.6784013037412526,0.3866416179114268,-0.0984867391614,-0.0975266961047,65700.59422818685,24335.481444912864,8343200.36809
5.023837266641226,104939.90954645404,2.0899069845611074,1.995173052663525,0.3929080341804965,4.879595733031451,0.35643439649475583,-0.0216023912127,-0.0215035508963,12063.035286332297,3010.0853177549106,4357054.09333
8.764394688993121,493962.46519670234,2.7244737314107708,2.989969599958612,0.3897338247190953,4.597220117151423,0.11998872782684532,-0.0790041467135,-0.0773090408048,192649.86344211656,37292.13755836816,12248984.7486
1.6525886424291159,359034.8829855048,2.844671424633972,1.740536436271659,0.32939940085626473,5.924037336988463,0.17990041887475056,-0.115542378662,-0.113548231978,137662.22138754965,95663.75170289264,12164091.267
4.319892017652139,399785.95898215525,2.0672248235855726,2.6995946485069737,0.17285978875629895,3.8122371004553255,0.05948718156576373,-0.0838367696212,-0.0798363290465,39118.85759185364,11811.178601495487,16552440.7804
9.26638420714303,598855.9432845386,2.6256935741634266,1.6906490397907799,0.40563358261247706,5.856638319069809,0.4058000109447896,-0.100984172272,-0.0997391630442,196689.42775249222,121581.2965690441,12375988.1484
3.6677132097249054,126015.07429545507,2.1593277407210527,2.976229369996996,0.31207947739065467,4.409832998864129,0.47747102063786023,-0.0264941202103,-0.0261649226021,15016.998776816641,1574.8346453916784,4227250.70316
5.20154479246934,348869.66059085605,2.7989670179257775,1.8639343348124269,0.3837998134924222,2.832450307768535,0.4544232190420665,-0.0720577552883,-0.0708423768687,124131.51093439216,80706.27433110062,9452318.28311
3.98775126148065,138638.38171398465,2.2372478867902386,2.8891422302381953,0.245167190173597,5.242142178659304,0.4507026952570585,-0.0290341727551,-0.0281524348929,19506.853552847013,1948.2293790516694,7071711.88754
1.275120573994157,80235.61959614391,2.078238107698677,2.5923125242990497,0.20035049964368848,3.7327759540597953,0.16876630710703833,-0.0187553030997,-0.0183384019442,3337.187738853369,3315.8773026861004,4983182.73542
6.515352122729649,597556.764309365,1.8571686002742533,2.691720285499726,0.4053229844891484,4.755578650648632,0.3232329885457838,-0.114395442587,-0.114044330289,47729.887602670846,10123.431003315107,6540192.90947
3.3234403446980187,260108.7221386105,2.9561568117357173,2.309800632163708,0.2611889586856034,2.9337147212068557,0.40556449359956714,-0.0579198804838,-0.0544753430586,99268.92296288205,37570.72724185975,12392531.1495
2.48817639908786,482322.9888833381,2.761066088973975,2.357101851121968,0.3863792926058197,4.51153665288904,0.4641605855189382,-0.111045503994,-0.109617538515,70432.65104059328,65599.20203732334,10395901.8486
5.16234684820685,526357.3280679631,1.5691477533644735,2.3153068736962177,0.3558249241734105,5.527368704947462,0.24753837610361373,-0.108903613664,-0.108588136339,33951.25341277668,33556.1055086738,5842379.27581
4.077357119007045,150371.183797239,2.3626380651928987,2.6339631044585037,0.41779333824407683,3.690468872304489,0.130684734309781,-0.0308358381631,-0.0306198349419,27775.81797597682,886.9849041212992,3825355.58734
3.846159849236746,423280.7659806221,2.5336847187594542,2.4109053225839765,0.4234811432043587,5.192172093162627,0.17293699058102588,-0.0903925832989,-0.0896596781078,69139.90206766424,54256.63900055389,7030077.1939
3.448252767504802,471921.89040649997,2.0583189348775086,1.6955784828866438,0.2816034166454475,3.4955598352599533,0.28732977720300185,-0.106639227553,-0.105383131245,42735.599119053906,49747.537045194484,9042136.44205
6.351637056891721,324376.3428894054,2.5745370064088613,1.5359629523977154,0.240132390656609,4.921431948775766,0.4578511198599986,-0.0651641592441,-0.061930437029,84406.36828825613,71348.48766394987,15317021.3594
7.240526010824905,335506.2592715845,1.8416429869837196,2.038286795351205,0.24708762080254965,2.944264658815289,0.25295230512093847,-0.0637326015997,-0.062828434845,60022.62273150775,1243.5288796003472,8727127.3592
3.864794044668237,90206.58640944184,2.6869826263998013,1.5550442295800142,0.1680469621844375,4.5293861639460395,0.2830032204013517,-0.021334460794,-0.0177266143735,20957.081075035752,12962.575307034873,10373645.7159
1.4220408055300617,429148.6524479077,2.7323775868428695,1.5934658765681287,0.39630550542078163,4.883809996116376,0.33518690199514,-0.115840207743,-0.114878706569,127379.59491760295,91667.98838713976,9663627.56385
5.4094850741867635,454423.77778927685,2.952228139352953,1.583247493711197,0.428025624174766,5.686274035554565,0.0662474618254673,-0.0905787699361,-0.0893345469475,91709.3333083848,127709.36789143608,11893712.6297
9.473148071122235,145423.35237306764,2.305388569328079,1.7538746347619776,0.322353950783131,3.979038592533321,0.35972663457252685,-0.0244890031517,-0.0238526354676,56442.66532330862,19606.282476884247,6022206.11638
5.911615099507314,45159.056820435704,2.4037872427874336,2.2773641430820764,0.3520838833017207,3.2245403222144695,0.43358584716029425,-0.00851582781065,-0.00827506645751,24763.546076509137,7399.272330906584,3287877.001
6.213066267119702,300895.18460769934,1.973911774646426,2.823680544447635,0.45914123243957194,3.416726368623202,0.41469890426986455,-0.0582510832175,-0.0581116238645,18112.745178100107,32749.547553411787,3859202.49214
9.130081858721763,592401.3155615823,2.5697271571480282,2.0879587701768694,0.4406046245407166,2.8061130449227756,0.2190187310209949,-0.100154333769,-0.0991978828602,169308.13888349733,79633.12668334441,10441603.0404
3.8445573281829315,164612.17644315516,2.9011301145474278,2.8908958913505742,0.2593308017928432,4.011883638290136,0.2976564701760196,-0.0344958274626,-0.0317625632046,29062.089959640838,17638.447436414914,9571366.24771
8.300006795091289,597087.614820799,2.847032125649087,2.133307861927517,0.46462824472555864,4.083083552751101,0.2883107796087206,-0.103174190119,-0.10197510468,230112.66171303732,129924.92676700417,11430884.4113
3.2620444728737463,229226.938359925,1.8927445120221513,2.9470360219047675,0.45153835404287046,4.91306748467103,0.40076798864690943,-0.0504752262442,-0.050389124938,3216.728665348246,3057.237077049673,2724622.78814
7.932427768700313,302279.02009822434,1.9903358831134281,1.782154832367357,0.16347371258030838,4.68961259669187,0.21087667519068787,-0.0559756210388,-0.0525747584611,41366.45658980817,7540.640057924848,15798840.2885
3.281736124356552,321634.15850922826,2.972851892944634,2.969392205739842,0.3074281840407895,3.3503150131737534,0.3942396409061103,-0.0694885260612,-0.0662547991797,86635.99407044855,45991.96926200416,12262756.0062
9.348808925806834,17782.21776858828,2.4725492106202847,1.576605174449468,0.29637256042007354,4.6701972896320285,0.4003607154023551,-0.00299193310599,-0.00238193795231,31297.71398399089,14963.325422298347,4831709.41955
2.8193038399410852,527881.0684648514,2.756348128167447,1.563951350728766,0.22576508035687085,5.85911496470467,0.2598631419059216,-0.141921758487,-0.133290498416,170912.23748809096,146784.26601941916,30908257.0341
4.224667370948979,257399.904735028,2.267258190306595,2.7768495756886784,0.25519869961660047,3.880641136191311,0.1372790243814509,-0.0529073517725,-0.0515547203267,41106.47876846107,10253.96393317473,8549075.12219
2.7886297450765727,333901.7121997377,2.1443676449843947,2.7541124150966074,0.31165122915399324,4.194506854175705,0.07085492307233521,-0.0739822216151,-0.0731109347264,39510.14899763821,24145.360323231766,6351716.01968
6.047927433361103,547052.7775015356,2.041355586992104,2.1190038136360188,0.4011138728318706,5.3677019879984185,0.30966365995285816,-0.108105357953,-0.107709207025,65854.36588443925,25494.28982030216,20553167.5651
4.893081755378953,577431.885860201,2.388350993938959,2.586340289272842,0.30039981906969104,4.186956708575391,0.4603235371128605,-0.119294590724,-0.117006464914,121806.51197307195,32639.51459595926,21266981.7057
1.8065874572533691,272385.8499010554,2.5321367885551007,2.795064790796409,0.4050780031105343,4.621874685506915,0.27820716638560006,-0.0630134883609,-0.0627136699277,53450.604297317775,26192.20986532392,15285704.0136
5.492012356291304,312125.35040667764,2.9213975615986962,2.127478778061392,0.17243883800546603,2.40333017581832,0.32660094730626327,-0.0668355372482,-0.0573077580832,60945.68207683947,16035.065453208723,23375101.0015
9.043470246556392,80049.59015227422,2.2120883169121384,1.7589439630311205,0.20668799051600714,4.087695919812017,0.36328396463779183,-0.0140350697368,-0.0126424617722,40401.68784624326,1169.7809278697362,8590887.10183
1.5802855209564397,552587.8539085501,2.2957952463591753,2.456229687351642,0.37877584171894674,3.3906303867072283,0.23066068773320325,-0.131945613708,-0.131239614497,52209.721971097,32639.801939712695,8917048.1558
1.9893108713885117,88262.1788829506,2.715771836897679,1.898548900692351,0.4648341625151746,2.1248504370894263,0.2292309928974018,-0.0205678920559,-0.0204005203285,16403.74456138116,19517.009708830457,1846608.56255
6.408965593255425,162374.64447483502,1.6156183123893277,2.619248534076286,0.4212596189309764,2.9747853888894715,0.4977865744646873,-0.0317524328531,-0.0317253934933,14244.03075186482,37089.198093871855,2719647.13322
8.20453031920388,224968.49372845277,1.8378683256084087,2.448851183792818,0.4782383520397676,3.119943909637444,0.4712699169809056,-0.0405593693612,-0.0404905744986,3557.982153807297,33656.38410421789,2824324.08457
3.5775924087992736,554778.3651431458,2.602879543834562,2.764070119539973,0.4698386977497754,3.934067975963081,0.403154431641481,-0.119266447391,-0.118399788625,109968.77174153134,89512.04703586032,7465008.87961
6.960691729917622,471543.88064718177,2.0216535689452897,2.5980563776459915,0.48631338310445194,3.142613923236399,0.14737204962514897,-0.0879459933767,-0.087739412872,41015.19797269988,16806.12423278884,4660504.77377
7.9778614587416845,463926.8969705624,1.5316911704164746,2.8999919678321926,0.3053640458490214,4.055342926082103,0.10204466551771627,-0.0827358614003,-0.0825710927164,943.0035001958626,46555.889340063884,8522118.75304
6.719481733323824,303987.9261586268,2.553057689452679,1.9673710631276902,0.21488162206629896,5.693009357438726,0.15673742247483624,-0.0576069277675,-0.05353361867,85556.3122135696,44342.20005923244,14399161.809
6.8628527699193915,207715.58370673956,2.562723119777194,1.5981337216933245,0.18811685026239816,4.510626630611664,0.2687026111883531,-0.040938802868,-0.036752534191,47939.935220994135,33132.76874730661,14055393.4154
7.537781084646384,189409.3969704763,2.98588735828751,2.7247958858693284,0.2331707093218932,3.9133939770842026,0.36223134104832067,-0.0344276991767,-0.0300896833086,76179.49275995177,1845.9514301194185,17036572.1856
5.063821819644762,11404.650251016934,2.7927738125050467,2.233424381925769,0.1737287622594933,4.324355485785228,0.35175270241440115,-0.00210922546278,-0.000439911276629,16900.19327004812,8731.723628963262,7793846.42647
3.906581078887801,440077.2010680827,2.6454695257363277,2.2004317414451986,0.2811029542184999,4.566044991230701,0.4431024082673465,-0.0962596605616,-0.0927613806026,91793.75560534692,65715.10081700284,14698343.8238
6.614907255375649,299128.9995708546,2.1896674931890514,1.9463752327583381,0.46775228720982864,2.6142755825231685,0.17924685792636375,-0.0578589961801,-0.0576544147184,52569.49096481241,17493.996693375342,3734993.53256
2.4457318211224166,207320.04333489263,2.4262490273511097,2.439651767901629,0.4590842633509711,2.8133033189129213,0.240559507757034,-0.0469442766912,-0.0466810061545,35198.13728904252,28927.924187693974,2883020.504
3.342202260074755,357188.8166835458,1.64297536257904,1.598058257069546,0.21740250784476975,4.379380952753074,0.40135676463603476,-0.0825478465805,-0.0817289052772,25279.780978261257,15488.838027178128,7586934.19388
7.7289162762189845,32623.299135987738,2.739198855943489,1.5861536693487857,0.3123916405568772,4.865572567889627,0.06584000736823259,-0.00564527293684,-0.0049226464239,48418.31632434451,23747.423274860863,4971312.5898
8.502709886673198,487319.32758519537,2.3256996102060734,2.382522173822,0.15318280466876572,3.961009949296237,0.31277613880469723,-0.0886461632944,-0.0791241753868,91562.22674884809,2854.3273637375346,33294771.5617
3.439699650769553,471115.4567835258,1.6395678128134246,2.4425171885243966,0.22574543573081346,2.6644094211021736,0.44411722017292177,-0.105411545822,-0.104457271643,45743.11917286862,18.9714539707329,10274550.7416
6.132337816076816,379347.56574906275,2.094803485553978,1.8655167851769534,0.15688565715367012,3.325644491979988,0.17967629104327043,-0.0770828677574,-0.0719179121934,47696.352743188094,12150.622683853484,19601883.1451
8.409237522331747,466906.8055755788,2.030037382372457,2.7697281823455877,0.20973888045441602,3.7941012873493207,0.0671008699628776,-0.0806916568729,-0.0779535093678,89052.98651758714,13827.62980940051,18919754.2391
4.096949397008656,569805.5832006847,2.506243493371983,1.5926928699396472,0.33382487558779583,3.6211575656999266,0.15610209761895483,-0.124081997687,-0.12253027037,139828.44881594996,96486.63177647053,12824506.9249
6.097822272921061,428195.583557461,1.9471956870588558,2.5810037642747803,0.42349062946357696,5.09519976565935,0.2027402279138022,-0.0822462467852,-0.0819875358768,35689.39700242906,2099.0304833038845,5884406.04896
1.5505822733479269,303195.0369418896,2.998092895584566,2.5834879570211964,0.48386732678747657,5.008190724715073,0.264729126381565,-0.076479869821,-0.0758532598744,97781.2440184146,38118.43348794936,6431812.09993
6.872681987090259,561480.5334144403,2.1334200954794786,2.613792137733447,0.1849895932803305,2.1257136959118994,0.061890543853169305,-0.10847335691,-0.10289741152,92196.58755129647,3312.2362633255093,25127871.8754
2.172949502630308,329692.8423533734,2.65894094843025,1.6526415962484937,0.2982010275739907,5.309393794631573,0.34565676176625865,-0.0851590992032,-0.0831890384712,114792.26398655881,67857.72400503488,12113932.81
9.392841390191832,269989.4689227687,2.018705324436432,1.7056146095955391,0.15644394896108857,5.139041446339494,0.3518387317882447,-0.0475312543851,-0.0437418580933,53981.9330336345,4689.758466055468,16873834.2836
1.9488189186413163,512474.4629750237,2.591747762051809,2.826847795003025,0.31354301722041733,4.782635165468506,0.485936194569453,-0.118854502853,-0.117324907003,123218.0708613422,1042.8303921650006,13229801.2506
8.668701484259337,299275.5670367112,2.9024334713100246,2.8262628040874347,0.2897964208023518,5.1605994162129445,0.09782498894221617,-0.0479361693578,-0.0445816008045,141559.03929725147,24287.377189032155,14876512.0875
8.287849056868264,569239.3071622312,2.1742376705096875,1.9095752508772952,0.4922084171883202,3.44024777529821,0.35110598765656,-0.1026065788,-0.102321601499,81677.80239433334,29871.38652779702,5528823.24785
5.124080183213489,33382.58760514894,1.712685819945148,2.1372323643275175,0.4406951310552544,5.785636186913985,0.1266448439621882,-0.00669448602946,-0.00667801570374,494.8173142094502,1708.074386662672,908883.49166
3.5128842612853153,418740.3147510242,2.0607563120238823,2.9094876613191265,0.40331051274667595,5.5942057306278254,0.10036656765588617,-0.0909530554456,-0.0906948541073,17996.011089855896,3654.6702254488005,6400861.10953
9.15411972877666,447380.98411335226,2.820355814593586,1.8474087038402096,0.3694555473531385,5.537180348466801,0.3946364993929852,-0.075021433079,-0.0731188098425,170405.04917853847,124377.2701583635,13481954.3234
3.7784795126350486,299652.65966246446,2.8821893518241555,2.4102107335869043,0.15505211990349066,2.8899645953063557,0.29819540022505836,-0.0684566514103,-0.0585682931517,43237.69850173751,6037.133375655739,22734232.0224
3.9964330495301694,220066.3951393581,1.707590577446482,2.53102435794347,0.38125937986184605,5.788684535504938,0.22682722417761453,-0.0477690411431,-0.047700437351,1401.3961047493406,2008.380981915864,3251807.49982
3.0197132048584585,70376.40170598222,1.8511859061718952,1.944114486931072,0.45345018660423453,4.809225005220361,0.4067911473155807,-0.0163748727301,-0.016346330946,3494.784190492753,2879.013223230577,897643.939756
3.2894149897603184,343567.5322393485,1.6704332306659033,2.41723769903499,0.2324191642714861,2.2061904814457125,0.13043755107065885,-0.0763807025024,-0.0756205611833,41816.77121734729,4559.0717040132095,6629475.57812
6.774881921667342,501128.48597376887,2.496386662358079,2.350078353232926,0.17658781230368217,3.7551398203598123,0.3187238378982088,-0.0982026736272,-0.0891287850803,85553.43544868204,19053.225177574535,27639329.7668
4.885187229978552,3941.9221540551553,2.8240677180428095,2.288167881657039,0.1654336709946546,5.03709300720827,0.32987623127447696,-0.000774410322981,0.00113691632427,8276.769184914507,2894.381553979385,7967517.6349
3.343731648161414,405675.8839470323,1.7473562806006449,2.9242220220580224,0.31646972763935644,5.191275889266133,0.4991980728968756,-0.0900426751176,-0.0897118109646,17350.477188449233,3893.165556988597,7241167.10396
2.1313178846295635,550302.7071413582,1.6135794295251222,2.3067717273558914,0.22752601454340793,3.301031982523941,0.21597065949394023,-0.130112257046,-0.128961446659,34673.494737235415,21543.07367459324,9350457.72737
7.301563182884831,394482.4304801233,2.5389918542508814,1.6675010592602821,0.3539631117245546,3.917519251783344,0.4994769324878643,-0.0748260718401,-0.0736137220083,133367.17192688034,86003.67181246424,10529537.1026
8.078733272804952,356686.3091764648,2.58911840499028,2.252227510973067,0.44420525464497107,2.2545679878014475,0.4717487528061845,-0.064042596863,-0.0633899492363,118480.09923322148,38643.64137432729,7376520.97243
1.3896431170709689,583003.0366510891,2.4184947311784386,1.8552042460107387,0.4348654102492152,5.989708044438348,0.20484505006279086,-0.18767598192,-0.187098888487,117902.14035015203,55636.23403068306,7802880.14911
1.2779637007846452,185500.22179552744,1.6072726604963317,1.566842290757492,0.2959866391015398,2.08283263540559,0.18335405157678836,-0.0460483663355,-0.0459127766575,9945.99933774274,8949.223231461305,2137087.77538
1.5540424262620298,540232.9128454947,1.5348294237012525,1.6372016464565424,0.41426350330418593,3.4297930045987153,0.12004949867699073,-0.142156672071,-0.142069573536,11793.798279153249,14749.83060753115,9424417.38256
5.180446244340254,177868.7151474092,2.5444810352526126,2.147878916679636,0.2196138648162923,4.659816685242693,0.307366287823824,-0.0364135171051,-0.0339865077329,56896.79262825992,16028.105792451288,10742950.3198
7.243923452458002,145353.3596870429,2.355134099781967,2.8340594337385507,0.1879380680697519,4.702844927009901,0.19373475826917547,-0.0258862597984,-0.0235695104665,32436.134569938105,18358.744093545338,14764906.7273
2.698452182536992,66488.22905553033,2.8338566611302114,2.0706027706351455,0.3965189772261011,2.7742725086337354,0.4446896840324983,-0.0147334867383,-0.0144164362208,20200.96645981711,15813.225495081502,2562391.24221
5.1898559137899944,491333.106624216,1.6549147565316784,2.2746472034564933,0.42785266075078066,5.600193136082237,0.15863171682475175,-0.10078870806,-0.100582791611,38975.38293397017,39715.24254185215,4639150.7326
3.3732187863478513,332337.4132036864,1.9905692440895362,2.0597479868148354,0.4863712910732375,5.989594817966197,0.46205804418278923,-0.0774067666763,-0.0772855696802,29394.820811231864,1317.9982234345105,4604633.00971
5.580425607796133,25514.160411025412,1.7738035442576996,1.673178076909156,0.3718449652172127,5.014437642499438,0.41933660435823117,-0.00511690784445,-0.00507726433073,7301.808049133459,2439.503352173251,1122449.43504
4.221674464386375,322805.1568025533,2.866296752993341,1.7851651841125518,0.33771695919353295,5.703605805998854,0.1664405734906036,-0.0696558635119,-0.0678301359058,60057.48580928112,65152.15489170257,11563082.6967
5.046957925330664,444100.5789373821,2.505480631938272,2.4805550097333438,0.21306119682858735,5.655038296988151,0.15268295724491765,-0.0916642558828,-0.0843119401433,95280.52961683623,56255.67539804335,23148943.5341
5.901523661613324,296524.3909520443,2.7680953800334835,2.4147691699155374,0.32321783350855116,2.127887186144877,0.05671813557083516,-0.0578281462561,-0.0558713796699,114873.79062340733,44272.44843979585,10759510.1449
1.9356526773356617,489012.12884849875,1.7152553287676746,2.338050343071339,0.2810082473594317,4.010701148666218,0.32160604994678815,-0.117364830724,-0.116880515982,17615.64417343056,12304.237674070091,8666573.40515
2.639843944008619,448879.77513904346,2.3328945311580425,2.739574013692903,0.2285001865743374,2.385914453437699,0.46295646850347505,-0.10256735091,-0.0992342263889,81893.38763333893,16366.9708290966,15923013.7684
7.5671820091512965,246356.83767491285,1.6147556518440833,2.3763805098147435,0.3067483485764443,4.555028944571559,0.12468207292509406,-0.044604719396,-0.0444553870403,14958.033630402204,20517.316924123286,4646153.95543
7.309655606794122,376896.4792146998,2.8924236460397403,2.082731863008669,0.17478999908754653,5.571674512616045,0.2951725194651164,-0.072678602412,-0.0619111101984,70809.5756298502,26325.342184178062,27642850.1471
3.730629349686226,162785.10216659014,2.8102680715758446,1.8371696491303426,0.3497714958821088,4.8846067225946195,0.3232263310686332,-0.0356686470963,-0.0347940106869,40298.94896220613,34292.04463134314,5798780.42259
4.616655041278551,29934.990260417526,2.732140496986619,1.5137545843157196,0.32241100717820514,3.8656577556135345,0.33726313409557207,-0.00619273264498,-0.00576218981752,26812.199117824803,21482.364424357405,3173685.4605
9.86703540074833,116673.04196040431,2.846283118202485,2.903807224767439,0.23466798915270687,2.93029744564872,0.1960860314426251,-0.0184286693752,-0.0156210591916,57344.08980317694,34583.620819345604,16466660.012
5.988605781746348,484171.69470114267,2.8631522160118386,2.144007645319176,0.25020206859613026,3.8694947956265926,0.2880299371316865,-0.0963401623143,-0.0900136007323,175573.09271732016,91544.24531969131,21414738.303
6.218797934463575,104402.45723527341,1.9807011870229996,2.538175321887385,0.291296564191899,4.617104104211677,0.3277086005490031,-0.0196560362667,-0.0194383639277,16337.13889448721,19989.683231499173,4687193.02488
1.7448487674303244,485524.78176610667,2.8316723011708804,2.0694722579408777,0.36010090269781597,5.543488948648419,0.4332711256620869,-0.123500275041,-0.121506081296,173638.18433358223,87617.91645089637,12792411.4799
5.36851005650068,474274.7535283525,1.6974859725629365,2.109006557731955,0.40947187699140686,4.07425076273196,0.17166332742324705,-0.0968424263663,-0.0966717740576,20206.268150622767,3266.0961742274117,5668569.16547
1.8737125322919295,228257.5682283997,1.5194021884041635,1.6423490085566226,0.48757879041994434,4.923673358750474,0.36282495165960554,-0.0605082254725,-0.0604831718313,827.3552640718636,7556.222774608094,1999158.79394
9.602431068495099,33777.36009711818,2.2933064626765205,2.7181203128634097,0.3391739925498062,2.427480873822665,0.13743038844303057,-0.00494296931766,-0.00481373927461,16543.316558447103,46220.088554968395,5592138.80848
6.660267582665129,549201.5368034289,2.925927345143371,2.1789740356887464,0.4320232825991549,4.773945696836333,0.28871971446122,-0.102213330143,-0.100689864627,216214.15749734148,121231.46338968414,11882690.0431
2.446782603861405,577548.5393938691,2.3918853385606726,1.6473415637882725,0.4573444591118393,4.844571449921336,0.22687512076184718,-0.147460481229,-0.146985707262,110292.8499478618,76528.57445030185,7863789.17285
4.666304259810321,169622.51605244723,2.0371099151396876,2.5432690326053042,0.32002460609524214,5.398577566541494,0.41137014285613466,-0.0350490562332,-0.0346936242954,14910.419556614965,8996.824393303788,3958583.7023
2.866292066814571,513826.517258544,2.258309127401648,2.7539453621058354,0.40866370368618854,4.758776282292677,0.3715944573913861,-0.115555249834,-0.115000800728,51459.70834256513,30942.400865670523,7724303.18865
3.9465369164110897,232770.96343853057,2.4508473666568653,1.6964072033566207,0.3436829965398728,3.5774196357287047,0.36830660800119636,-0.0510027798698,-0.0503928805987,44153.02155344553,34739.652107965645,5822519.47953
1.286377282046865,97090.6828423042,1.775140538460912,2.96147821058712,0.4393154074854023,4.3622280055016045,0.2369357466560449,-0.0236577995499,-0.023647169129,11309.858053689502,23799.72792712953,1635054.68971
3.600902243891399,572149.6380383795,2.1112481804797545,2.6343806116381705,0.2551034908550645,5.267968239111133,0.490595634138531,-0.126760291938,-0.12441825974,66920.54976538275,27391.72607813028,15578943.9616
8.916093634495283,388846.8199605655,2.149012025033633,1.7729120266777052,0.3704757731066691,5.0781027457697,0.21315209653106465,-0.066570348447,-0.0660410560496,87749.2186356538,34069.500106768995,6574711.74822
4.31640782362477,357291.09353130235,1.7419406161945241,2.369248265999567,0.2948976701195786,4.571846916107479,0.4613838215434149,-0.0767116034598,-0.0762134167207,24047.72583952281,17736.924406618407,5358995.00276
8.787140382569007,471614.8488689826,2.87783827056939,2.27758659268648,0.4926390314796777,4.27158051287731,0.055516761300078994,-0.0765562748063,-0.0756996037415,186131.68182816447,96450.56570584321,8568214.79133
5.302291503539683,138983.96602025203,2.869934142052409,1.9998692312789914,0.39392313699695486,2.445747436258855,0.41657979193563655,-0.0281782827934,-0.0275119818243,77740.5108961386,40851.8446452326,5231394.06921
5.926714351279413,599414.3875751613,2.6044461133535943,2.350035063863526,0.344026882772271,2.5675161030552287,0.38480174076892076,-0.119034207366,-0.116704746311,209771.9506810064,84845.09588800935,14811517.9265
2.82646694976114,272796.97592128016,1.5379343471607005,2.862464614957252,0.3602532849426253,4.647586267771793,0.2256258707172964,-0.0616127673782,-0.0615495252929,5703.585963579121,4558.104126007954,3710602.21103
2.159276707463004,445300.45625918475,1.5092170610353624,1.8514537878614556,0.3483826933302141,3.935200741616052,0.3432183824630424,-0.107978376167,-0.107847648563,12537.428869812096,12615.072951155964,7094056.37817
8.221079680464209,409777.4141723869,1.7823389934963916,1.7935672793923239,0.3438765178332165,4.411485275866886,0.4927641355745673,-0.0755148087523,-0.0751903021809,55574.52427563564,7525.267424528799,5478750.9332
2.2561080857141347,760.2099864494116,1.7560204548589444,2.1110624994242224,0.4402027895019478,3.009968790892619,0.476922963312946,-7.63751611409e-05,-7.24290172473e-05,1387.7922568931028,2302.698518225078,515185.894231
7.159949437782536,361663.8112235048,2.251904129592031,1.6701386809376841,0.24487052304109758,5.250674831516373,0.3402393865040066,-0.0689836284325,-0.0668144931695,78736.68238456293,42246.70154871369,12171842.7003
8.963792730491297,545630.9157169793,2.6158307483323404,1.8555921509288713,0.16877298006082314,2.622236233128813,0.33591657796274343,-0.100173441768,-0.0876941884074,95022.8717431139,41155.39465479335,35054367.2791
6.755542313977199,445551.6793292943,1.746167177169187,2.54814266615748,0.47264108279125205,2.8878712197643988,0.40147022539626365,-0.086095509863,-0.0859770445358,2466.128994844615,38648.77473421662,4020960.28833
6.450683454170905,371174.4593652784,1.5191377786489406,2.6230971576431608,0.45687016019175153,2.463970217647561,0.3824434750268936,-0.0730947628628,-0.0730303697162,29130.064019879122,47623.26793157574,3462169.63435
8.007254164155658,26140.76594562611,2.0924114290909706,2.7111239524690878,0.3387235856260785,5.519608154608188,0.3254053897274977,-0.00400058835743,-0.00398063045367,3210.1466330875633,38816.686299808796,4172692.48123
4.906457330478863,422871.72803782544,1.9264399419593985,2.828107397973972,0.36964837581999854,2.646981667539656,0.2810724741741236,-0.086778542249,-0.0863969165554,45237.67508408006,12147.224955143029,5899695.46208
5.505079247404173,231468.49590135398,2.0550111534485898,2.1103379880521915,0.17808450118336006,5.544349550760695,0.4292120694734167,-0.0478704396181,-0.0452237813932,16634.469690853428,10658.815839655805,11201512.3191
2.8197682868714873,345337.5768388316,2.137392709588632,2.02202494872607,0.21095497834692462,4.052199501133912,0.27965094601301554,-0.0801235485215,-0.0775514677233,42152.53045272513,21638.32740963245,12582361.1682
9.943202211041724,412618.21743839775,1.9719164174663022,2.9151600415986167,0.2642997074188283,2.8016381028174515,0.05604660647735723,-0.0660805610115,-0.0651464234261,55250.79265082774,43445.167537640365,15006921.8328
3.270535658993921,190246.90002880996,2.947705183633129,2.375783996328379,0.49854354551492197,5.537922509219791,0.29889683074969814,-0.041913693472,-0.0415484963768,42749.453967250236,32451.13727888366,3871339.34147
2.2878467015192743,412089.5065966886,1.8826130908089476,2.8103077381713435,0.2833409521819327,5.54962616199826,0.3674782996126791,-0.0987074720234,-0.0980654061347,50894.9437224546,23983.781187181845,9623541.75467
8.026843152932935,574524.2535254637,2.2611914042172865,2.160544328300429,0.4439621971429023,4.867990972453882,0.453201380814927,-0.103605031172,-0.103082289765,95869.99360101321,34365.38402977234,7422841.75093
2.243142178069659,142003.2196847714,2.1440936256098704,2.9533561744298886,0.15408602407077784,4.884829625325542,0.4790753178526863,-0.0329272318168,-0.0308890073183,13009.922385648073,2870.1156263866433,13726830.1603
3.0247144898581864,442701.80357067153,1.8234128446051363,1.979688492095225,0.3978567873318505,5.020820172288222,0.15164903813266573,-0.102000352519,-0.101940381174,24238.574866312763,35262.597751552494,18595808.3849
4.984568426155601,473131.77036376105,1.8452507519283798,2.7310587049051085,0.38188649285254495,5.228240620504915,0.16016145579543228,-0.0955074119063,-0.0950366410874,58832.427105150826,44071.37298911713,4521666.49635
7.035797877521343,252484.40496355775,2.74851528386392,2.999546245573001,0.4873636951041783,4.849928858992364,0.28242549791213956,-0.044338953008,-0.0438887873731,90156.47047858045,3223.907847111624,5313787.05059
1.3548412232861349,207487.70201645608,1.98496304604787,2.6420446486975804,0.47501060757351843,5.953078356541333,0.4652336220514123,-0.0536759465798,-0.0536041040682,5947.193707100451,15467.082070518301,2250150.79848
6.4647941188484,291872.2956117886,2.428373569466381,1.5565090906911718,0.22141130024306654,2.264614819308513,0.07043234677727621,-0.0583835956244,-0.0552643931186,88611.78825982467,51041.15319924531,14283949.8428
5.974579576365079,346595.6457171653,2.1781094517700694,2.267393105896024,0.23485568784106753,3.429884341700774,0.4258027107020246,-0.0693916757322,-0.0672431907198,69675.49363621678,11490.073570924074,12254075.0714
4.7765628279282835,375938.4148220091,2.472444780003131,2.0689539389924,0.3074817206872065,4.480801718333011,0.41884342358080895,-0.0788459680473,-0.0773128418695,92539.24768493082,44190.96341663593,11656717.7979
2.1190556826813336,32104.270943763448,2.917527437285509,1.5842774122838792,0.3013540250432983,4.274347622856045,0.114576945541118,-0.00848168772784,-0.00793382066343,28121.517967121308,19961.389629027824,2968421.78443
4.023440853638819,431991.29380738037,2.274869689132636,1.6680670595719667,0.3134191297590204,4.721930605219848,0.27265172843802066,-0.0949760303207,-0.0937542464783,63227.44043408581,58247.549977322975,9421865.4453
4.07853870562623,289334.92218414246,1.8739133020769552,2.0713012751538717,0.38493287505146334,5.094014327392516,0.4130448388379438,-0.0633356224177,-0.0631392479019,22463.996461729334,18952.871642318012,3233098.17328
4.579458234269619,183430.58101742022,2.2468527244624115,2.3267701769603066,0.2840702325201162,2.616258659189194,0.4578427987171373,-0.0385392615147,-0.0377552981171,52466.10438058773,4255.379959655239,6248537.98183
4.560861190615512,65791.67346973633,1.8537210327134586,2.1971690375889,0.45584099759970764,2.3546067881662456,0.358474557501725,-0.0138740731388,-0.0138438291028,3947.176224965085,10620.525684978,1248764.21436
5.473331507953308,392553.7657208996,1.8960259315749814,1.8443738838890011,0.43006689765612116,3.9878557606197154,0.16806877322177033,-0.0798235323975,-0.079655658171,33626.39284638935,13431.822873374875,4920435.79386
1.8637373731643971,465327.8461090974,2.1329927954674024,2.143560541918022,0.3107332356798741,5.661049009397834,0.3675037534757362,-0.121562471893,-0.120560670303,93804.80732680723,24893.434281409995,9195740.67457
4.940831087920854,311011.208327611,2.4046349158214735,2.777549124875571,0.32010395704585015,5.944271722444821,0.15026468652291575,-0.0616707003442,-0.060245923294,62038.58538460158,41644.16549381232,7585771.84308
9.71779330966218,302221.8632342036,2.3290204301326867,1.747086580897954,0.36664739404945207,2.2115246681723755,0.41835126873736234,-0.051235226598,-0.050534068754,90491.48724590201,45838.431281547084,7689300.96199
5.422409873807048,520007.8529617346,2.7348033894848567,1.6126906499261506,0.22517732204581753,4.605805413585209,0.2627098405580629,-0.10838692968,-0.101759534359,145229.4469675334,113427.27996430204,24343657.0808
7.819173940593705,182744.94853849796,2.0448871948205403,2.6079368623936467,0.16142329371383107,2.7786032817807644,0.4082732368544183,-0.0335840809521,-0.0311951980633,39180.022944266835,15853.174466084483,17152168.4749
9.37638083487635,491790.03522791277,2.649311654331057,1.6478187022260544,0.26719648764013687,2.4481804712510096,0.3736722241312699,-0.0856115878581,-0.0812999112624,186357.92052403316,114097.69756258895,22192528.6102
8.975062382463992,555498.8187213792,2.008291717831568,1.8255199501890984,0.4973461313664773,2.7896308265381804,0.4535536440987994,-0.0985137146895,-0.098319634941,66673.50001965983,12766.071588682573,4649287.23414
8.408282118128227,549211.3234346149,2.872176709650783,2.9974707102895057,0.2689156450223301,3.3981485916082512,0.3073719055688443,-0.0943886248316,-0.0878166012664,229296.9370231006,22061.88441793289,26286174.0317
7.77456779990732,200829.67771991543,1.7430505523656958,2.1415159818974345,0.3799643759783624,4.00816519020027,0.4886723022663959,-0.0372446628843,-0.0371388621256,17875.51721375641,17915.69898606636,3152547.48083
6.905318338749461,97145.76424648955,2.8211871814770144,2.470506676058843,0.24481829516813533,3.0317082001095557,0.09235528539175578,-0.0177555085621,-0.0156734358987,59406.88308078914,2775.7034469583864,10420045.9922
4.547017521388568,15032.814161448416,2.813444033058958,2.2302860819965877,0.4697392897687186,4.077995213224149,0.294634007789904,-0.0027219611033,-0.00259689242579,25104.354880540563,3233.114432267995,1687713.86659
6.539570462192725,383791.13624110166,2.71759488819931,2.33547448849874,0.2551767839618631,4.439905706873456,0.4499824770072928,-0.0742112913629,-0.0699261894207,141888.06725582376,48707.475291228744,17163779.3426
2.6610882103606053,300189.23709527985,2.19591085700209,2.031259747288824,0.41711727267812004,4.4054349883311925,0.3503526400836539,-0.0697780229695,-0.0695260096886,30154.00704265731,23740.226828583895,3746973.31643
8.811311223212517,170002.84280296316,1.9678119780220373,2.7837604460761285,0.27904149888147717,2.5797236156930037,0.26738385442934537,-0.0287252588341,-0.0284391937767,21850.430393680057,44990.25500715973,8538569.70506
3.5387983683095365,321847.4604585674,1.9676602443867077,2.343947781874415,0.44620216129051415,4.333514872596302,0.25051060584934676,-0.0705959121403,-0.0704047833805,23987.908272447505,30267.170018538007,3153326.88723
6.094145983520225,230242.54932600984,2.7392670024916033,1.8073414083813264,0.2514690229137129,5.381609883565021,0.2256165799519922,-0.045197435933,-0.0424392052377,85458.33360280188,53138.449482112046,12083916.921
9.847275772256621,339558.12453859666,2.1846391598635853,2.650861611724054,0.49042130396043626,5.8222915296204665,0.4460314522365909,-0.0544799843857,-0.054272386171,47689.340844945604,25948.152691403066,4782643.80265
4.305822270814116,373411.6804939443,2.136746795918787,1.5253309912640098,0.2101758083879096,3.442122298893376,0.1547813007746433,-0.0815445723387,-0.0791185658593,69005.27430377773,46905.498579031475,12812303.4184
6.151622249259502,135931.61083992585,2.79567629097568,1.7928105051819334,0.47938452478650406,3.8873045327580003,0.29891711191743137,-0.0263111154249,-0.0260179763371,67934.42802022306,40748.455994152566,3607375.20758
7.77014311416194,288757.0758020122,1.540732444390983,2.528590600975367,0.2708752261412229,2.050623856994255,0.17047357577102654,-0.0532104765628,-0.0530657937124,8049.62808847435,40149.70157972119,7598755.22291
3.308918506939647,9969.732079228732,1.5560907523494025,2.6530522771064353,0.37742045063080415,2.736300511570321,0.44333396028368827,-0.00185756782315,-0.0018799691066,12578.888444862205,18244.953601799738,1658421.12873
4.007061161305625,441017.27022525965,2.6809763747200073,2.3596117544363873,0.43624646441980885,3.5069392384722247,0.3729796624248511,-0.094011797219,-0.0932245931206,107927.6612343832,60649.18876352152,12419877.5538
5.184252042531983,138052.69116980524,2.5636715251591573,2.9202686944105842,0.40750813643294825,5.221612896949614,0.4085777160705143,-0.0267412836516,-0.0263851349966,27162.040235292185,10247.3387283951,4229383.49926
2.334587195653562,452666.0476727948,2.696423057038346,2.1833708156123213,0.4192943782038212,4.091156546018218,0.26606445951307617,-0.105009695833,-0.104133677239,74534.99292753123,59203.39091117378,12498199.4392
6.534333988908045,356809.2391870443,2.8587048669695587,2.0315411028913486,0.19565783400171918,4.664979741854957,0.345755727126756,-0.0710599311433,-0.0628466180453,88585.57741799955,45163.861879696786,22784673.1868
7.527180832168211,522439.79734415666,2.971072032533275,1.7754617536281512,0.27419632387378107,2.551572641917018,0.20034944323768017,-0.0981328301018,-0.0920335263326,186729.17541801883,126630.26751288389,24249995.1058
2.4010149297068852,50081.95894802374,1.9610085802937713,2.6499998245274203,0.3413380752840483,3.0279496181716317,0.2896166625127554,-0.0108894722791,-0.0108265696874,2116.770821702285,1401.6857740314972,1724499.30177
7.837604202270603,373613.6836264938,1.746250595366564,1.7967222162314436,0.2288089686327756,4.775709126261646,0.20353719114132574,-0.068824958332,-0.0678111946165,58149.71852590686,9562.455123499867,8799012.9859
4.750661553126489,77382.15525674447,1.7474993019817104,1.8363180568458115,0.41976815635980924,4.8772920316875155,0.11678931340223507,-0.0159854110758,-0.0159436863763,6645.218143771145,5257.010934665701,1045336.02288
3.9224028481307966,577205.8819493543,2.328742021979992,2.002183163617072,0.34581587123359997,3.6980564692313944,0.06527155310960644,-0.12525387115,-0.124031928232,133933.89881679282,83695.46601512592,18750693.1708
3.420483819979756,293199.8363012922,2.2161532707352225,1.7725192284716258,0.43639042664305616,2.357050099987746,0.4933468284969903,-0.0663475912958,-0.066123546104,52839.054770488416,23705.6354357457,3824772.81671
8.022789739550173,391295.6491821223,1.9850499764961274,2.592192181476532,0.25269167000847476,4.782008929096115,0.0745531972102711,-0.0678635250287,-0.0665426598153,75624.14905894092,3333.858056565705,10992165.2464
2.687292658178452,105338.6344991861,2.7486524790753837,1.8391816621455963,0.15835875749821018,2.6257379611869616,0.1602307770155892,-0.025201278344,-0.0215830332228,16968.105056182852,10494.922712445787,10079920.9884
4.9470415762848905,63777.88850791719,2.927868573369845,2.2984864710741464,0.370866896922063,4.087630760995202,0.41433954523126515,-0.012508507338,-0.011976996226,42395.9806727816,11208.015306906316,4167511.82579
3.903426425084785,32186.00957515263,2.955187061980187,2.3206112840854516,0.38262575884421135,2.938167020833875,0.08146997021882221,-0.00618445397948,-0.00584869627717,31967.872327518897,5901.349764309461,2872542.99066
1.0062688076293478,586459.5406558446,2.4711233256274925,2.4278574603167042,0.37183423471416227,2.4129283650837254,0.09115843221348825,-0.142896318826,-0.141754683204,68231.48780241805,52334.24219032023,9862241.47114
6.790831021809424,40986.08153313304,2.7047407201818565,2.5360911640165664,0.3418548327646743,2.6185223980622947,0.36682031612820515,-0.00717443463545,-0.00671482331219,40635.8868856781,13934.60829005378,4912277.30021
8.674132276417314,290048.6020216433,2.698840522437349,2.2076919072300725,0.24895672108908568,2.2193780727530767,0.22795369359187018,-0.0512359887791,-0.0474118793736,123498.41498326678,29167.76511322249,17362455.2977
1.3080101880690407,354640.8272310535,2.4702609774834867,2.722667569623516,0.31669865712399325,2.3489797950330047,0.27175506313844316,-0.0841395082003,-0.0826943831217,55047.72892058081,39338.508671100084,8132999.16479
8.719051146604867,508370.97328272765,1.6498664965411933,1.6302761275757496,0.28867888197105496,2.985149591061146,0.2911547352720154,-0.0923722953693,-0.0918770578392,62577.18777484307,11373.582530108093,7450041.1723
6.924789221233009,226329.31720744335,1.5941927771158992,2.9868350736560996,0.44146518857594574,4.74674026068101,0.2411618188405012,-0.041923000695,-0.0418905563585,28880.52880313931,44646.01605457183,3418920.11005
9.060963116637508,436009.54344965174,1.653950777337195,2.7599889074201274,0.4029909104172156,4.185592101279446,0.190999061515232,-0.0739631988256,-0.0738508714599,10266.688711027946,54001.12132624354,5881313.24926
3.583468600775957,528685.3979865287,2.668497501483757,1.6600018380956503,0.45775704218825897,4.656079439395675,0.3671074785765449,-0.118241619381,-0.117572429161,86836.88727971812,91167.58636171227,8811038.96822
4.892674453545242,53212.43817306225,1.8780849151775774,1.7488788475943402,0.17877809646092094,5.763567542764857,0.4649121746244518,-0.0112185968841,-0.0105829247635,8229.496729642953,1067.3126574465603,4465367.59523
5.577729399762337,182510.6213056558,2.9224428508010716,1.681804522482413,0.4250248756574154,3.6206934613157413,0.46803251876040897,-0.0368827582511,-0.0362735684521,90854.17390127385,62237.12017794096,5660115.782
9.015478449687661,414229.2001254851,2.3135093203186745,2.568044949176347,0.35336370865045974,3.859018042775766,0.31305622005567424,-0.0694534555848,-0.0684890488801,114731.31643189189,1981.9909790158108,9861924.61421
9.056423671106042,344533.67711800203,2.2283065120496035,2.578226827408594,0.24298287884812503,2.373238571950589,0.39828329041599,-0.0592257745501,-0.0570795625885,96653.50631434134,13869.970814228831,15823779.0733
2.6044173127236787,574982.6940683918,2.56003009644762,2.163101852055115,0.35371681841725144,5.766282559319434,0.30235783720462117,-0.143070211089,-0.141248149912,138066.5223478996,78064.91416997097,13903366.1046
3.5528625893885013,401358.8681505035,1.5595893291624299,1.59600503180232,0.284025550114459,4.069394556488609,0.4555441996352168,-0.0917485578803,-0.0914080297423,18954.930779349863,22289.284849113003,4599426.95539
2.2035791684764012,136307.83804457955,2.6655365283320736,1.738397448066457,0.351011069587976,4.847019298425396,0.4586990080006624,-0.0332176680881,-0.0326688512272,52537.27570582917,32547.592619131883,4329698.94784
2.2239805904671783,216347.9999523548,2.5262228055529925,2.706045719819393,0.24159423875287783,2.619903176484214,0.24627780320288867,-0.0495234504148,-0.0470768811854,43572.028810722644,20630.108916074267,9375937.62014
6.1813822115753645,334241.97574785096,2.303447245559863,1.67894103400651,0.33211870598330195,2.297757286667999,0.48287367539934584,-0.0675690096222,-0.0666901957478,97021.35269117611,44773.77361382926,8008122.55297
6.429822533593468,151978.53953863707,1.5398695140446401,2.48465475490207,0.4434646266534574,4.344063448567583,0.37430294184518215,-0.0296165331591,-0.0295931718216,16200.1578929178,29934.397455175083,2108010.30514
9.76655422566264,390931.0245170983,2.6502874988359357,2.302107528921151,0.18012502106947373,3.112892340055979,0.35778127491473244,-0.0671961216129,-0.058209243855,111791.63383703896,4421.339335204954,29378617.7412
1.040982645180937,238066.76936536407,2.040287646515024,2.1981367186572416,0.19935533973509661,3.745755048150262,0.49663711552005346,-0.0598147186085,-0.0583221526415,37927.315118975566,2878.151218223625,9305794.6303
5.675627878954156,387942.1801267866,2.4612662663105636,2.6522400587721333,0.20253257657192617,3.1123586889449375,0.32918448563380304,-0.0782479982572,-0.072986834949,101945.72590246821,7950.943954011258,20567537.694
4.747657693125224,336294.5661392866,2.858852110297757,2.355418699309655,0.46414166291197034,2.307472047978912,0.0797089612988622,-0.0685539757604,-0.067834296125,129454.20562275902,63963.14651752048,6749619.38309
3.9828188468018557,488900.64160391886,1.9488749765485736,1.9151403810066232,0.18359290216261046,5.364754621814761,0.1817411161376719,-0.109573574524,-0.105875228516,30825.68961318825,20687.925861783468,19254097.2644
5.719214050396098,151520.3950331269,1.6288662504089988,2.7563428635149307,0.3188642973452938,2.377453682216016,0.29483353071630436,-0.0299735663145,-0.0299424522655,3552.0849433643816,35452.01304892112,4422245.70085
4.994729816715535,388564.660023935,1.9504025543897003,2.223635952111054,0.21677869631790797,5.837025573822778,0.16453381870827816,-0.0805075607635,-0.0781729608075,48250.82726573916,30790.270084629956,11577237.9378
4.4718546199193465,250609.66123307147,2.6639961829345045,2.3731111713020656,0.20330428292376154,2.272427936645207,0.19885339823201292,-0.0537171713101,-0.0492536045921,74013.30428306911,14680.584586274656,15540814.7552
8.47171584313379,58038.545364439335,2.5919894809477135,2.211123530736107,0.42565847971749127,3.073398858598001,0.13669314869529586,-0.00966455996803,-0.00939690034756,43773.6839170635,1777.162385049299,3533303.58315
3.216842352625433,388211.0610772703,2.1342110497907814,1.811919907258666,0.317339905830424,5.725536851147009,0.43010745182022103,-0.0918949623745,-0.0910762035935,86509.94073058788,30413.5273472851,8142759.11865
2.8217961454763865,222906.9468175589,1.7660687768357137,2.76609051079139,0.2294001934421359,2.6782026254002593,0.0640234433393038,-0.0491775980767,-0.048563715535,22445.355976261708,805.7750736390608,5504181.10554
6.129840349590723,553570.4002018137,1.8058632680747915,2.705605926300402,0.45088201431479624,3.4237154764955573,0.07032666127666845,-0.107522759086,-0.107309913657,26189.38267861801,17543.739448254277,5750298.33876
9.89580408962455,85887.1630756441,2.8223853033141624,2.545696598089377,0.17375298844668183,2.1640589601005984,0.38544053662213523,-0.0151544580778,-0.0104702457733,48867.48084811439,18592.6869847536,19534996.6535
1.0548991101969887,323062.7782423144,2.2428902416746075,1.5503510086620884,0.39287555274801267,3.4610931051529294,0.31375980075401716,-0.0849653247734,-0.0846614837462,54795.74161610132,31899.19917622452,4708157.11556
1.115849441206553,534348.6199202946,1.849076027175495,2.582266871523606,0.25094095661910054,3.4558901956127825,0.28381952981840913,-0.131117688339,-0.130247152884,26066.41833209888,4561.086237517414,12915938.354
1.4135467976810645,386629.85991946736,1.9928048955843918,2.8045348460049357,0.32689604872925243,5.8166250898013026,0.3126756365909904,-0.103394491097,-0.102941350362,36571.70690180381,19747.513445564346,7248688.45791
9.032489410964612,422742.73384360137,1.8620446949104443,2.58289146850867,0.39349821411555574,4.206717714032822,0.12630597050955805,-0.0709575496147,-0.0707251880737,28766.178331989042,30425.994729381517,6024512.72092
6.447568490377823,186645.93739624368,1.9968994352421285,1.6888913640800716,0.20418353210329576,5.927682560750982,0.2621124344575777,-0.036583598924,-0.0353062962297,38390.179701172,10549.443224870114,8066769.98432
2.823807332865677,467281.0837442425,1.7542400716358717,1.7067750681540876,0.28693544373252355,4.449033631088138,0.07990965249156033,-0.111015318443,-0.110501265959,21814.21403983222,20440.978852531403,8468666.65158
5.466786872610405,104123.26632898621,2.2124949477604368,1.6676031199855645,0.2824597893808769,3.8086789374437244,0.35056767857754717,-0.0212302531332,-0.0207093720371,37305.09078097699,12981.759630908462,4324160.66712
8.76769930270412,25068.60527046544,2.1247700508179257,2.901839384144753,0.19971359923860102,4.641525606452607,0.0573048100295235,-0.00320111394728,-0.0029594613604,13274.434241421312,36781.65411464817,11025443.7608
8.5748670797528,124158.03121909934,2.436036945385035,2.094766703042846,0.4332779848614797,2.42110249778565,0.1421431184156728,-0.0214058811364,-0.0211358301902,56722.26102977464,8969.540265064297,3868115.81201
6.868458788838143,73635.11400905745,2.0909139859231214,1.633741360890933,0.4814092927029019,3.751047389876947,0.37854123276784635,-0.0142442208614,-0.0141806947894,20994.419891754766,8620.74023173467,1529779.85656
4.956224320101344,290990.32924027264,2.928578776913038,2.816866607204722,0.44768932791713345,4.494268358388679,0.2116631039763049,-0.0567722359622,-0.0559605723642,113754.56415810855,45243.558800477454,7028406.09959
9.65712532091357,294120.97517691914,1.7301687388952018,2.3324627535879903,0.18448142075931254,2.6057710910978322,0.11359713067427782,-0.0494987890942,-0.0482431716359,34767.44655378882,21709.287397409007,14923465.7897
9.597847464926003,438433.01340039953,2.6314547799862,2.2341992757015094,0.3023510625891602,5.423643828994269,0.45254795803512343,-0.072158319479,-0.0693109893678,174943.04743562572,61099.86436524768,16238379.4637
5.171795252012341,147583.04197730773,2.3422065547242195,1.5206484410122063,0.2343525285228728,2.4753594604150986,0.16745088682497156,-0.0310204197851,-0.0296508309095,49229.47729742099,27749.658433548888,7678176.83227
9.005318615152511,133826.15498315374,2.7620509078501483,1.732500671307371,0.21831909027122864,4.006591718040946,0.278127057128104,-0.0237551820997,-0.0203111879109,72397.33569474824,23702.415288247674,12691226.5033
6.350541903065362,514628.0389889284,1.8434799492861111,2.754302909054267,0.4313959766051986,3.48058536829526,0.4331389769057283,-0.10016181366,-0.0999327348374,26163.687253183827,32911.45564824617,5462724.43611
1.5518155649478125,578417.4207417791,2.7564100857601717,2.2323720512081535,0.3451425988437218,5.035507166216556,0.058768934212463625,-0.229328612462,-0.226736783103,204898.25630630928,80349.92712275973,17657367.8936
1.0069485982575175,444873.14154513075,2.30822695747684,1.8112186938409247,0.46080396205161633,2.2189778924808827,0.18898167333492222,-0.110706810571,-0.110445142389,37482.86099730222,40259.518309681705,4514761.44682
4.608098357726606,482368.39067781274,2.295013384694952,2.257431313023356,0.15198965301947132,2.05090775672925,0.395109058849763,-0.106317315037,-0.0975547506055,58977.97988113683,5667.263647512084,28174920.1305
4.533108168310146,33382.06492390998,1.6797781029337124,2.1148569777244823,0.29937937786433544,3.8476538009463823,0.4464260378730365,-0.00675710416436,-0.00673018927477,2385.8671389168435,12546.015918726682,1856755.98494
4.632128009110197,507008.06015525915,2.743904930771497,2.4250143602908656,0.39657485691642547,3.965469315859495,0.11886210633500689,-0.103076749724,-0.101670102185,155053.3906018758,94099.44212931771,10238465.6985
5.703809535381195,67378.11897479072,1.9818524699034794,1.930924943601528,0.42725571208739765,3.2063570759276887,0.17230248767935463,-0.0133482813034,-0.0132847803422,13914.462992797793,3076.041511803615,1550545.23989
3.8379661549338584,186954.00081056159,2.5132132479543983,2.2968635937673407,0.17788092317189297,4.086399099218634,0.07717583013426271,-0.0415063752706,-0.0363892570499,41589.46204482939,17538.42963812545,16959361.8012
6.670031612235645,178379.0339904974,1.8755190959463721,2.394349051016876,0.4555217463699538,2.9372839528576815,0.2826024209857699,-0.0341621247982,-0.0340912424004,8599.819313498854,22435.359946394587,2447825.29736
6.186594345169801,310508.46340704226,2.5064599195325683,1.599152813275262,0.269342971494105,4.207889701281379,0.4080665676082665,-0.0622403678143,-0.0601323863869,86104.6793270772,55660.379561791786,12245119.075
3.9344488276652365,941.8176193750405,2.6807688368967475,1.6587128917077334,0.42181142683488204,3.53034996468594,0.3820391083851358,-6.42673479706e-06,0.000105702492425,19527.45936091388,10151.908449386554,1366314.90604
2.517985228210857,520884.54687553976,2.7834503899712932,2.6653848943811034,0.23584952396980519,3.7946052734534113,0.4430777126936856,-0.120765712177,-0.113310893695,99598.85462824315,52146.39063077598,22658628.6316
4.713409184386349,508280.5662420163,2.1740849333954566,2.231967225856412,0.3379385320990508,3.7097808770513594,0.3716903555042351,-0.106758314556,-0.105805037369,102555.95524731891,39197.09035902802,9008829.4652
8.8813302735311,277534.58461800904,1.6280676751867662,1.9758175963115907,0.4969817801395445,5.790707421527733,0.10552817255853084,-0.0477095136231,-0.0476619548273,2075.2849289204482,15704.24011794842,2467061.17212
5.254814426511945,339011.694715885,1.744033259857346,2.3905962178191333,0.3235695406901061,3.227351726257355,0.2503577290786447,-0.0692428045285,-0.068939039381,31500.67336431744,6307.247615135434,5025221.82831
8.009841624264944,527083.8800389038,1.7773165407484288,2.117158626510798,0.3661691937267509,5.267254194894564,0.19555857228705187,-0.0949628893803,-0.0946320232969,56583.13779834625,3034.807175503804,5485505.4656
5.235900192969197,119967.53247329222,1.7193814956764826,2.019341301051701,0.37632541612307546,5.396759744459974,0.1788894539796987,-0.0242855387349,-0.0242068198233,7337.831005404274,6155.959945224608,1657481.10009
2.133546500785924,403031.46620388154,1.6332628420625048,2.017139348995105,0.3415485535675481,3.051330226123182,0.38740549107202554,-0.0960550446796,-0.09583142393,21716.88491197366,20670.822015573354,3671529.617
7.217595523704315,154725.42614812817,2.8928977145682153,1.8473228991030588,0.1692191262257061,2.413521323489242,0.4249220438844018,-0.0315937411751,-0.025239096918,40087.9704842156,12182.423259618074,18082858.5866
8.473027643638988,272879.14002115326,2.4718216072981947,1.9398538255914468,0.25602471075671546,4.8118827723799615,0.26022027158439537,-0.0477408621172,-0.0453855459103,82739.276790584,37193.86618120165,12121446.8504
9.32189605461913,221567.65721097248,1.762448486977334,2.79092045483295,0.26956411441344125,2.6535965636109498,0.23735712315935226,-0.0368904013382,-0.0367247430155,12541.000389607529,51947.774572799564,9708559.97013
6.7739132777755175,454697.2912023512,2.2300734655518055,2.3723085985701173,0.49791410704067685,3.3203639124131086,0.07110749822023352,-0.084965490113,-0.084695839262,72321.22565059317,12071.484164637492,4969227.02481
3.2699268737450637,330863.12268939725,1.8749493629179415,2.7551138083010978,0.197699139089234,3.314782371134588,0.06291774336997802,-0.0724135305161,-0.0699863347682,43756.40539294792,19244.108671108104,12309578.4232
3.242548753290901,528108.1202027434,1.7266789397449422,2.268148222618974,0.1796915437195632,5.931445213228478,0.21596055662992014,-0.129070085367,-0.126252030684,65336.27155936163,7300.769032041808,19901195.3887
7.193107415361362,103236.93216080141,1.627096324565375,2.833166872751182,0.2330767754736474,4.079455679624068,0.207050720636124,-0.0183243714371,-0.0183635638433,1147.1422463913984,28750.990409628124,7262618.52526
2.6435387380171846,258403.06241517642,2.8557914826990594,1.970420348849319,0.19529178695637908,3.323010423345327,0.07640852882325269,-0.062267990355,-0.054754030879,35099.50231667703,38898.01150129851,21457142.7757
3.0882259652571586,149000.9722359254,1.5854571376608817,2.8542074479126347,0.49595541930642684,2.20669611853333,0.11526746576211724,-0.0328942924653,-0.032871847967,23698.892099248074,22545.0267209844,4688666.11791
6.703237602335609,133143.54684667196,1.5844772400302487,2.772798398893582,0.20826180447028128,2.296745502037491,0.23538013883653097,-0.0249260920606,-0.0248782877437,4759.908767326041,32687.046470701374,8602210.71188
5.635140469806462,403364.8431043169,2.6350797705262163,2.049963065769169,0.25658651997405696,2.753348013597413,0.22382729986506678,-0.0819510898493,-0.0781349499772,138528.76370300478,65737.61691746088,15907129.8425
1.2122402612604009,359694.63426011155,2.628151558008212,2.1163971526816083,0.30185491724580193,4.760601120189783,0.21740782280327597,-0.101113602665,-0.0991471886325,111048.19071543078,48170.534722221804,11874990.6756
6.680201440382981,361074.9028497056,2.122787224939788,2.9868762814445096,0.3605653798505168,3.004852558586791,0.07280905115258147,-0.0665544576782,-0.0660395456285,64920.27586936141,18466.71302147107,7311438.17237
3.8235600526517706,314767.99852864427,2.9745454770194524,2.4626438562390547,0.19628278277534741,2.3825922604531633,0.39969135786070625,-0.0703857302421,-0.0626560911681,55613.90250972065,21323.16738199427,21154118.3645
5.8471179039665,175351.48547406835,2.0731943694585158,1.9007290474160567,0.28058256606559073,3.765635724479279,0.2520535255199799,-0.0348708876787,-0.0342817552254,45019.41348482956,11225.12787901276,5169167.76636
7.423583296446758,58248.65246164868,2.002039206624902,1.6325138797944132,0.4073450804244422,5.725571697213363,0.27072043217741737,-0.0107292431538,-0.0106437115405,18661.88779495883,5189.47676089252,1752279.77481
7.880239804820132,90507.6180496849,2.1236842952509316,1.607474287864751,0.34420841868415747,2.4551352015912014,0.20226531664204406,-0.0166438017562,-0.016380190021,38884.53677707315,13190.392060796034,3438164.32263
2.126148450628975,583298.4925069117,2.8301042137222767,2.7604507289415126,0.33764674645338316,3.480946132714068,0.2511616797782321,-0.133656246213,-0.130335585863,94779.38513569666,86743.69359964896,15448480.2491
3.6015033976566317,272874.9381948252,1.7750018339423534,2.3746514248649166,0.41368041963550495,2.554817961284597,0.16272039516560932,-0.059665459658,-0.0595498591324,14719.504145242534,5166.411269169258,3790650.31889
9.644806990222742,583598.4871271813,2.481411193224644,1.8492847828923307,0.23446243786264245,5.465246746637931,0.07420524436690587,-0.094983876204,-0.0895900606437,140283.0622669256,69415.51981587578,24616087.2496
2.7138881281054577,532983.743122457,2.968279368047533,1.8016189612247375,0.31000175395128604,2.3447457754566265,0.3848556505103287,-0.123740469256,-0.120009956597,189179.55515552333,124738.33528589756,18451250.7453
3.294137954497744,432921.5763328752,1.802659883113163,2.7053679731006848,0.3949837321777416,2.861474343489019,0.4135691892176561,-0.0960743459856,-0.0958577623132,17701.252239360143,11789.478796272655,8574870.22556
2.7723168509447893,128165.189437991,1.8811546383320383,2.1671279669154964,0.40647793611672567,2.39241137455158,0.10319381247348411,-0.0289081709447,-0.0288445266662,6784.748658646215,3492.312255552614,3260244.96957
6.250921686125752,396131.69393581897,1.7493569228468426,1.6345219123150911,0.3228361367895768,3.619578969214962,0.1859547289275859,-0.0790417627078,-0.0787077419844,50356.06332747321,18695.25714944317,4915569.70533
6.636576158971966,594141.8205116688,2.599966250356749,2.4385171605452216,0.32322301149743915,5.146534540733278,0.2136767173562174,-0.110426310744,-0.107666687641,167536.43613872983,82133.35568792168,14786581.2015
6.282929536248061,376865.8116101589,2.2624550375891,2.2340904928327894,0.38610765463807795,4.679620521651495,0.2421422172862715,-0.072178057854,-0.071611618081,84781.98670808786,31055.130512729473,6087952.02671
2.8490609697227183,276333.92510989506,1.6853424918901752,2.2479744647194506,0.3124671173386706,2.5393074904319386,0.35876039674278515,-0.0630900569421,-0.0628816609536,14513.96154266246,1422.3584404857481,5254981.5963
1.9704189811237132,128636.5843712346,1.9127618869767307,1.7086488887151954,0.38133004403308934,5.739042112964254,0.4997535661535572,-0.0330685248387,-0.0329777113614,18865.736475377285,5157.28142051444,1634464.10526
7.176840911206553,151065.74770869594,2.1987329164128484,2.3784443660779804,0.20533503482663704,2.982494912210762,0.22815181130308992,-0.0280635707041,-0.0264705236493,44299.44426671555,9715.1683933923,11357310.5204
7.6203624041359355,140815.14350956935,1.6229100647199632,2.978958275776127,0.3490741286806002,4.613238577371314,0.4742932938283781,-0.025342591831,-0.0253707946751,22439.37447833201,53967.20497356746,5028255.18758
4.815074489029004,197801.28377221906,2.7604978812084844,2.2375811177003566,0.29594200536505766,4.565384304286356,0.11826785102863765,-0.0398501196676,-0.0381738638198,59390.77912563037,40147.503054469045,7947135.25438
8.08423002880851,149294.45069540816,2.845128214121541,2.4299125270159845,0.49482680501469145,3.1163834169193367,0.11532818298533291,-0.0253159422435,-0.0249456602189,84759.79308082788,19631.395813644976,4444242.63908
3.187501295176781,457872.34145206417,1.8262696188657332,2.1341270201309515,0.2684385068284448,5.403560312862678,0.16610958993828495,-0.106428784407,-0.105751869486,66204.06804559618,9422.259126992874,13550944.4111
6.329117042624385,271856.21423029975,2.181326489015676,2.059615814695313,0.4625480141728441,5.640925688376065,0.43206813969373936,-0.0531113860839,-0.0529341613076,37111.176133002715,8391.414859065188,6505872.24682
8.697098143108846,208637.680432075,1.6756515492745918,2.4207280448891924,0.47377586759236845,3.0914470588848073,0.4367131810166244,-0.0369489606117,-0.0369065699664,12078.81289152708,39021.19186483531,2619901.13404
1.2985838491219808,23816.186467832656,2.154754023014986,1.7505145355730498,0.4857602911089667,2.4686962375935364,0.18380540827518638,-0.00591480879443,-0.00589545438977,2185.2494178471834,2995.2778077553635,475459.00695
6.127849113456169,197806.7282225777,2.0130735019116823,2.3446824406038695,0.28889499685314274,5.8569793748868975,0.0708425114521358,-0.0369971795799,-0.0365462271611,27102.038518458834,5434.262127154362,6950255.54588
7.205770746533554,27889.99749876291,2.168516936400957,1.929909330486283,0.21170036632088618,2.745385461098348,0.3445770936604753,-0.00504791940925,-0.00434603965609,23817.899395779958,8649.28388737409,6154450.27261
1.6660223755714512,513488.2848147353,2.8072598984884074,1.9108312219348054,0.42430738034915505,5.32619147546367,0.11262543793856832,-0.174702349962,-0.173561043884,170877.2509587352,105439.23303804977,11035084.465
5.893999567992466,264137.01898481837,2.2593789951129386,2.674946789393794,0.49705894010572527,3.137223611045087,0.058996034422113895,-0.0504607486584,-0.0502795482947,37732.26191002717,6419.966551145935,3363074.66842
7.125813279522707,82915.02338439778,1.8807447277255307,2.701470395134891,0.3224461342108469,4.100350547752818,0.2308884694090929,-0.0147248408696,-0.0146826626742,3219.7910395864888,35348.495206066385,4244234.49273
8.804197669204953,555767.7873475445,2.798410843125074,2.73570780957171,0.36233120505724736,3.404071078337343,0.2012895899884476,-0.0921398069605,-0.0895107749518,212197.84845196072,63054.44372482275,16037429.0679
8.831229838480496,396683.6997818103,2.161338711859136,1.5567599199965092,0.4274279456753941,4.8482474451884165,0.06740320031775174,-0.0676533620317,-0.06735632788,66064.07553579425,40057.43348322489,5201945.46642
7.894740751740958,198289.55325111919,2.9281672017416263,2.8214237288626887,0.42457591760556135,3.0182944403377543,0.4285144563597111,-0.0342457470623,-0.0334184838454,101784.83733933386,6012.5457796015025,7322325.19701
5.798275644831696,234502.80540544598,1.9727031816110463,2.1867042794918374,0.15161917800030178,4.596375744255538,0.4855166585572698,-0.0481033000354,-0.0451360866358,27595.049978162075,2604.978847839212,14631691.0889
4.227384011968148,139627.86600847013,2.924443655585047,2.318504179415753,0.38361407782276147,3.9208994291837524,0.49648778518402065,-0.029091402168,-0.0283805043222,68296.96005970893,28523.00295147687,5141147.4939
8.094684809640665,471703.00436159526,2.042201871401657,2.7023851351611627,0.18210603603330178,2.05085729250948,0.3527857346629176,-0.0862650040218,-0.0821035553646,92624.00598039462,22224.165895845174,25052615.8655
4.384246954614272,476023.64978077984,2.8840084000031094,2.857622655067553,0.4275927766959111,3.808017444891693,0.3049361228252674,-0.0971467676836,-0.0958100344567,163222.4925753169,63659.86807541363,14599797.9634
8.249826808374113,372281.291712428,2.5088317163602945,1.9813020620630672,0.24834966988328466,3.9810803843541978,0.4646818488777497,-0.0675809516859,-0.064109528707,129758.84000177014,40252.12512815991,16284996.9291
9.069946804217352,8161.26933386272,2.7486308156601877,2.034541902429969,0.2486928473354324,4.478016459725667,0.49460134910121356,-0.00139172743284,-0.000115815757058,42482.63309604309,3662.7195288597286,7336295.25772
3.801473323540101,454231.60991775984,2.8424960775007095,2.6407555222727073,0.3455191579797544,3.4234545824338296,0.11985331797733816,-0.095897816641,-0.0935636085818,167171.5556827966,82094.91578054639,16184016.2612
3.3392820307111277,420311.89523424243,1.8332990742037467,2.688302018346257,0.36191219694386867,2.8481034713171463,0.3374392814597667,-0.0927710793616,-0.0924797055225,24829.850216726743,3354.21688269804,11177995.5874
4.446996504622616,323289.5958648168,1.7257676578781853,1.801090146456291,0.19310300225108876,3.5475287914328173,0.47626986053387754,-0.0706867224149,-0.0694332871085,39881.49362541284,9035.077139064177,9437083.30292
7.104572389408633,381740.87016991474,2.827224239916627,1.6441639714491814,0.21035340961692028,5.314221630828616,0.08486642715551607,-0.0719676669211,-0.0651118382825,112698.0881805566,86253.11882589325,21767242.9602
7.8212530608080515,167503.4086304776,2.248167951998159,2.9926559133544215,0.4521234309785199,2.8371127993877057,0.1432556982180559,-0.0289512920918,-0.0288209478551,21632.622568670256,40935.49585477933,4258192.33337
2.743054224812197,417851.1258524281,2.906795241949621,1.9777938303928104,0.32632665148986856,2.34513833275871,0.41833476488547067,-0.096050125978,-0.0936465737453,127996.79390277549,84828.8644328908,13305200.0812
9.741067759054326,541796.215024378,1.5661342916720455,2.554008341495053,0.2041892810900882,5.312684248913206,0.12130803182244791,-0.0895151830872,-0.088506021265,29826.840006529415,33759.820023729335,16750316.5496
4.1134818678634035,53535.82645216157,2.118100262744958,1.5916172455431443,0.2344016306235049,2.0791304356222042,0.32281408741360973,-0.011586153025,-0.0111008007956,21810.27208337624,4935.7221311895855,3562290.36309
4.643881453171316,57940.49183189629,2.005581279935185,1.9491529542147439,0.1724902288821107,3.1553289395028385,0.09441375454903914,-0.0117729489618,-0.0109317240689,15997.365825542542,3949.9896660946724,5744735.31353
4.426451124495857,357365.5339694488,2.0618745887901753,2.9662722760104687,0.40844377855981095,3.170602791495633,0.33447351134412345,-0.0740269522091,-0.0737207513918,43761.32297529723,11689.818727091539,5015993.89059
2.714746974028894,350411.5311782703,1.7333490963647473,2.777354028516722,0.20142167780568415,4.4065557153137,0.4808771334683732,-0.0800620548841,-0.0788605083573,22619.133419219,2632.064593065155,10904830.975
5.230233236975182,434782.141885233,1.619424873521171,1.7866259840921568,0.1650996702567504,2.6746750136068482,0.08307108402608047,-0.0917198792731,-0.0895759981224,38828.11326384158,9065.035352093297,12946510.3999
7.711088677503747,14781.449142505033,1.6527728768293253,2.7460681851733177,0.38200420560287446,4.5921386969293385,0.15797519190592643,-0.00226402410142,-0.00231599340393,23539.3417284376,45066.95855867565,3360097.89924
5.06986378901424,246487.30138281584,1.8634249463343537,2.023439841559666,0.35928372878868386,5.767066379097623,0.07196249410453909,-0.0501874625321,-0.0499267543086,26791.851926427116,24782.897519509348,2891983.88758
4.334818993392316,416459.7036502053,1.7129315978184079,2.2384514638500876,0.4839537677097122,3.0003931017472034,0.3807975051543647,-0.0899471137098,-0.0898525376563,6940.091494953972,12519.238900542257,4643304.06771
6.638520808205312,159122.8364722195,2.616243335010224,1.5199525164071754,0.46262433777706957,3.235862940504049,0.23538366544956735,-0.0306682154284,-0.0304035261089,57904.25685074881,50891.741979520106,3811290.14983
8.200865472495188,19071.669241857104,2.80189377027672,2.0888253040518965,0.22131386390364882,2.164524348015801,0.40321775095140905,-0.00359423978323,-0.00174676601344,40867.077507080496,6163.640471905514,8926552.86348
1.7619483746396254,569439.3391140593,2.6259656260440964,2.7556526650852735,0.440753173752656,5.1970339281623,0.37804791608688626,-0.138350634433,-0.137457525164,142448.54530955057,20326.07886688665,10108296.4663
1.3233586955972543,238883.51834890648,2.471446754648909,1.9151892626778464,0.16600432107988863,4.805332410478444,0.3042485228567938,-0.0668124738877,-0.0609111795698,61161.393376962864,17616.614824106302,16478150.8916
6.681083534438395,471968.473540866,2.9571105726047264,2.426430569498163,0.29241075540437766,4.02768910385111,0.08730545024433231,-0.0872240846158,-0.0823555954745,199467.5423834579,100797.64968826201,18152274.2014
3.2608056115387214,379355.85243973613,2.092606057390598,1.874235957307576,0.385589567633768,2.5409590187874884,0.22858347841268212,-0.085638484062,-0.0853101284459,47278.37051179795,22988.675055784766,7909189.77925
9.46518275295286,311902.29410664126,2.123646140394256,2.967003655239446,0.49794441571155634,4.579575969224779,0.09809346236103503,-0.0490870242314,-0.0489475172747,16230.078714583207,47396.80618301765,4624795.86133
9.63067240035267,317067.2084616881,2.592215790670717,2.4914816229657895,0.42749356473661426,5.662868136291637,0.12297511943712545,-0.0484893251233,-0.0478106418483,101237.65785546413,26125.01755955948,6973010.50119
7.773386881925045,422432.56089402665,2.0161834257934657,2.2290139055898197,0.16593162478377613,3.0262736877613916,0.3997610002045326,-0.0796780772137,-0.0751255450102,57023.054364487354,3417.2226300238103,23124891.1581
4.947300920934889,567454.3052015041,2.9968421661011333,1.7454714116035213,0.4172448909245108,3.9809854222985477,0.10908280278543969,-0.115914628896,-0.11436690036,155037.91044686595,166095.99709588292,13293028.7372
6.723622758972221,115341.62889123098,1.9297879354930223,2.006142562888104,0.17792279190525037,5.751423344409367,0.25145435339309286,-0.021855267232,-0.0207491810986,19474.300387779233,4394.304063639404,8006872.46962
9.264807645711313,486261.523060087,1.7288014314825721,2.7774693498741696,0.31994795163162915,3.0258547750611515,0.2446883138943005,-0.0822451955413,-0.0819290358119,25477.55073123015,57036.07606099537,9682645.67486
9.973298435805168,463677.74147758563,1.9686170541821495,2.3075507619444293,0.43324979839449274,2.9249385422023906,0.1742547582558025,-0.075919034286,-0.0756619325068,49378.25754324635,21173.67746507782,5755978.93191
3.143134921152315,307793.9077010663,1.6146524049465916,1.9323838417542687,0.17323485835372252,4.878214552928268,0.36636798572856466,-0.071631902164,-0.0703906126043,19573.5998573851,5525.1646463299485,11594071.8148
9.71448885855901,280961.5637375428,1.7280707063349214,2.5855622411728914,0.15791974283385118,3.621602601665834,0.327102728120563,-0.0469430888004,-0.0451873391426,38875.109522518775,20975.925904972366,20759253.5511
7.33279939099418,75231.5266953314,2.5905476032839663,2.044148123801285,0.25060354039687555,4.070713567763354,0.33411658984612763,-0.013808524275,-0.0124746718339,49321.10237311522,5180.321907110705,7409257.32238
7.967227006933873,383701.96104795055,2.1278377886864432,2.095844168594875,0.28129594761217847,2.7766686145731962,0.18811846851964947,-0.0697459290549,-0.0684546019704,96275.78911710657,17788.82809549488,10312224.9409
4.086488661298473,562953.2849996458,1.8018387604737705,2.601608431648723,0.18307218303227274,4.444680208778855,0.2798036403406484,-0.121938238094,-0.117778962816,62684.93093057984,28291.721738380642,20620095.6136
3.747318075028218,355538.6616511825,2.336552253890681,1.8874714770103018,0.17347319100033043,4.08646469632748,0.43215652449605935,-0.0814120208079,-0.0752791607403,26521.445797820063,28560.262581364634,20711396.7984
2.514591120224064,526394.8350753435,2.5563582356817576,1.727095897542752,0.4178914721561592,3.779033369630534,0.43876229156201246,-0.123585682954,-0.122823619727,77060.81122005054,76214.28686867609,8830742.80397
7.350665096757739,268500.3336779175,2.166465220162844,2.4357030389849688,0.28119324989537153,2.696623691969631,0.29189745236644354,-0.0496699842474,-0.0486735149868,60523.922890402675,6517.308496290159,9072889.42936
7.809025495165568,256554.4271776862,2.6418675825368156,1.8317660108318596,0.37441217502800717,4.281390888480026,0.49753606090017916,-0.0468389093163,-0.0459270724997,111213.3905960348,60840.4878446469,7666952.86498
5.244422731271824,196914.50027888152,2.0150616017154697,2.947594910942942,0.33931401832897434,3.2061326522903095,0.4963371781436174,-0.039383757231,-0.0391457912396,26177.968884003854,27885.53745223521,5257203.33438
7.708114183860271,116894.82018852218,1.8435851537865224,1.6290156508515605,0.16782566244828573,4.4779342940208675,0.0806821893785632,-0.0213450427915,-0.020107245142,26712.768047301284,258.0340952335441,7858135.73369
1.597126406859496,190154.61722618045,2.5705130336697763,2.8067823707259403,0.4581225685240431,2.7352181690991895,0.4588993480987666,-0.0441550708624,-0.0438821513107,27231.25550349697,21928.36662414686,3128032.02974
3.275051596799605,11994.39573346337,2.4138212664729775,2.1303848635403435,0.4130162056090707,5.303315454195895,0.19174125790915575,-0.00255901936535,-0.00249082006071,3724.0838831314954,1345.6628785552864,1171984.31735
6.325048224489923,580543.1675048209,1.768120740459275,1.9108255111870502,0.43027578487538665,4.872397098692846,0.4240676429472071,-0.116012854194,-0.115819627707,38479.88709663212,4686.221251118689,6224545.60473
6.756708508167453,80724.32041167039,1.7242463268014245,2.515471307914642,0.16390815026284494,4.449790318413147,0.09640143997986267,-0.0143811017342,-0.0139305736703,9349.572185778166,13228.11935170532,8878346.85363
6.974507199198106,117568.54543530535,2.2196053661853012,2.9088919854427266,0.44668610315499513,4.454959551427013,0.318603264811436,-0.0210700413834,-0.0209755388786,14792.73722154906,34750.174466029275,3300964.25442
9.83155411318211,433076.7443211145,1.5969387321671404,1.5476358707288222,0.2281736595823487,3.4243536811561013,0.10492868620879317,-0.0743587580816,-0.0735689827044,55895.22276348885,7786.741998476268,9131253.92762
5.967098100840768,209688.22351387303,2.946864288232126,1.855165930825762,0.3048192776547777,5.763804322413655,0.1888094336078947,-0.0406937899098,-0.0386217622362,103338.99393269648,61019.73024494165,9519553.62617
6.695467806303608,109776.08197107313,1.5534307589524896,2.1363943523223066,0.18092219867438192,4.641273034642932,0.27766852506399825,-0.020828092475,-0.0205140544034,9529.816565802845,11479.249763177795,6443165.2418
5.345414331762012,138800.26140596083,2.841875833791911,1.666054342074359,0.43586235587894384,5.464379406811172,0.46073829136065103,-0.028268679303,-0.0278537016473,39661.665036165,40760.52940165351,4200837.16949
1.0209563812075038,181185.8334680607,1.9951931609721536,2.923332242849844,0.19999136233405776,4.67061640403025,0.06351532336926258,-0.0590312801762,-0.0583927216415,12089.95489296151,28083.10726532132,11358026.4508
7.779633480305348,241370.2403487122,2.1350237593767636,1.8570723624342163,0.3639080857392219,4.474969709040852,0.34688886325120577,-0.0441699010156,-0.0437855802193,61436.39921554492,18739.281222826798,4770672.11943
7.842180188934373,290277.59410364606,1.693432850612031,2.987720721059187,0.22930731697580023,3.7781586541626977,0.46782157563275806,-0.0521555538646,-0.0517597588394,24289.388408129158,44240.125141074386,12191486.6227
7.522856852308574,319401.19359371805,2.304345816338661,1.5987683267611204,0.2871583497201329,4.058761241660692,0.20939373759945162,-0.0592477488966,-0.0579082572967,93495.77181585868,46303.6738878625,9537856.55645
2.5671802020719894,375646.63800367975,2.1640063637857745,2.97555290852046,0.20159103370902748,2.6280855197009485,0.3132952790903184,-0.0853826085344,-0.0817582546075,51047.15927654606,17402.196158012735,13861380.2926
2.1680691657859326,218092.3568989966,2.0899618362505654,2.8011470230777626,0.45292866187934644,3.3417622023039795,0.1727662221205781,-0.049579920567,-0.0494257471411,17320.491288552224,18185.109753474047,2332761.37153
2.824000696725861,356295.06260211644,2.073867720572331,2.3862667038099366,0.44504744254771045,2.187844321214065,0.2693364984206228,-0.0808197564629,-0.0806237482845,25618.0515045231,3760.010258559638,7473093.55782
3.0727234837185153,475895.0364514398,2.812619138127279,2.4600277793854035,0.3372201894266249,5.186144890400204,0.25010715907530934,-0.106589123214,-0.10412623531,99248.96542852867,58688.05929578303,20235698.7494
2.754388887749243,201558.22139828946,2.007482030515345,2.1299330667661374,0.2121766023940609,2.7463981490415903,0.14586974435425346,-0.045722046118,-0.0450840396841,1291.092821815688,3208.949046240485,7448621.27016
8.579995188158037,417415.0690312916,1.6858779590725534,2.3358935238755603,0.277290274664425,4.861075599693409,0.18460227571419258,-0.0728864703278,-0.0724074350193,38023.40484337971,18462.275824184362,8009501.07323
3.604309285078776,119815.183524859,2.787316004034328,2.6660385655928653,0.404539609491279,3.329831199363854,0.2663162790413675,-0.0249616517029,-0.0245461777902,42245.65544867023,8176.287585620162,4013500.61605
9.39528943493441,560859.6801544421,1.744698363742906,1.911058606003401,0.4409771339671017,5.411878113940423,0.49135114436733235,-0.0973396307943,-0.0971685034224,34839.45537495035,8374.409173758124,4882367.92373
4.0879587889350715,570251.7696627332,2.2210458375286417,2.9762140323750184,0.39796636948559216,5.783743432817252,0.3160219089909428,-0.120507425183,-0.119790102489,60609.19627085386,36703.41411072103,8476363.52188
6.624372851024392,383090.67829267343,1.727969675501699,2.7439949797886003,0.25118004197240223,3.248582903924553,0.36316184153755604,-0.0735189938977,-0.0728845321421,44439.62654324134,28003.808390906273,10263337.125
9.86666565617534,467251.20956617035,2.64318017599736,2.2563347343978077,0.4632188354898251,4.494421477600331,0.34828137862516756,-0.0744716551813,-0.0737007216764,166420.81216932545,61122.225403130964,8527831.93165
7.590555464432006,599671.0910630206,2.729427920883877,1.6946937890688147,0.3073318478204261,4.84132899250246,0.3339701707715026,-0.110624961807,-0.107131478377,215604.90944350205,151437.82211882863,20407059.3518
5.169740256641336,259873.7540883229,2.6735528871718293,2.7375784237706506,0.35455681949104834,4.183374724141814,0.282905196397024,-0.051039924657,-0.0499550298148,79735.8467175478,23773.25697284334,7586092.11715
8.12676724140842,355959.52376684535,2.8994825761708936,1.8017759022537794,0.19411606657975097,5.819433496272808,0.18033804885529042,-0.0647935448852,-0.0560498046531,107852.30977997353,62341.22024477971,23776756.6496
6.220546215434986,260754.9604565841,2.3136528918530193,2.6898841408188363,0.44570857315879686,5.375844532168641,0.4353371822547658,-0.0497112774694,-0.0494374385281,50849.222792985594,5237.899880438948,4599553.10302
4.324763729970475,413845.20120069716,1.573182985116735,2.074762673352235,0.31302398906572027,4.839806148962434,0.07870601948618008,-0.0887490825136,-0.0883466156372,37764.81018421683,34562.80737600994,4254962.64229
5.369693468031227,293659.86149418814,2.5992114304332414,2.843946924533938,0.38201532687796014,4.922406236039293,0.16701989574154052,-0.0562146368524,-0.0553864087897,73347.31067723715,26524.241898149518,9222973.00867
4.13421573571965,346319.0653432937,2.944569423573294,2.046526729062237,0.18594733462429683,4.34731327137572,0.48836965170334706,-0.0791852587372,-0.0687814121487,40255.83004875186,38384.96041061302,29148146.7131
4.438573449957049,527354.4897514329,2.459210443374996,2.2969289378540116,0.2413372420151817,5.6618116697106595,0.21055832270004304,-0.112569322539,-0.107599945761,95211.81229712245,54651.007417562236,20252082.2539
9.696475090650365,369539.098052048,2.4942249410788886,1.5905204775695654,0.3819869759692781,3.7574241524255374,0.2307420803183915,-0.0611522794409,-0.0602914373721,112227.07385520074,74980.8731453992,9032833.68793
2.266986326912332,478430.331948352,2.6639451712076117,2.3783734153741216,0.24889747811972546,4.758924366414878,0.15318487778280862,-0.115127638484,-0.110178816049,176833.82631245116,31518.969637603503,20383769.0802
4.452588281019006,260258.98484954773,1.7901876950364828,1.943597330097262,0.3186597265178601,5.682132486925434,0.29831934507109575,-0.056283625087,-0.0560267693369,14020.579336090488,11216.024043964264,4077969.79176
8.592109046039795,238318.55972539802,2.5659058648966093,2.738407854204151,0.4499147278331569,3.8044876552304046,0.31341198706721907,-0.039836674166,-0.0394069756489,74175.65289214741,8674.778160687574,5766593.16911
4.7585767436973345,256209.91621632542,2.5626810837588976,2.0377240846876115,0.2638141258447149,4.930716145491343,0.28573355794884325,-0.053532373091,-0.051153916709,57729.16405237411,40314.239715539654,10689305.6658
1.0556594469711151,100369.93167301474,1.9781014510468735,2.824126390059913,0.3969359391033851,3.1176381421383947,0.3627200725800887,-0.0239373127946,-0.023898220873,199.18032362181347,2023.0638058869856,1909915.86086
2.0334431965825566,351334.0370511762,2.362618729919002,1.8690847559083408,0.28956798829591274,5.915394199224345,0.054873069944599014,-0.174770472446,-0.173260214525,85142.67582460084,36116.71199968528,10275870.713
6.003397345385763,472282.96541129897,1.7415149727246333,1.8578125138698078,0.3674451453544736,5.088290810480347,0.3384251138346921,-0.0952707393798,-0.0950218272451,43533.77967333033,10597.665251082592,5924949.03659
1.7935978580558072,242181.25860264775,2.181833654951498,2.5272652320486713,0.4195927816190521,5.063334406428274,0.3513892433865963,-0.059882246245,-0.0596800955719,34404.64541083695,7278.363224748871,3665809.30681
7.186333221903301,171205.00820960515,1.8382831143647895,2.837200323797801,0.2349477364523428,2.3563828900739794,0.337155332395,-0.0314762874169,-0.0311434381446,20978.85834050722,36175.42328256705,9502920.73878
8.442264633555645,122603.47032474786,2.867159929042559,1.9317602627532922,0.36706653920200627,4.688139979699121,0.2590671447363027,-0.020843315689,-0.0199362779528,88833.3202272094,38998.97424976019,6471114.74776
6.126499333781676,536558.1378455741,1.7924076811488652,1.5897848706505113,0.18018676123826985,2.9555514515951127,0.2718051095067154,-0.110130025685,-0.107183317545,61832.91228466044,29945.867479402947,16119760.3141
8.741244346526504,321354.93569050083,1.89504299662745,2.2298276049506622,0.2634178337381964,5.756618523148507,0.3505797082165288,-0.0558360934588,-0.0550231704711,39505.523851356644,5727.684907144391,9145206.59582
6.950627744041424,595846.1534808377,1.8265780098174953,2.1986105546310917,0.26156201501154847,2.303748916728727,0.3558531120137122,-0.115782139339,-0.114520639606,96710.78671871159,4476.693873938072,12299319.6212
4.928148705674248,393911.1921932568,2.3724226642599855,1.6032730856563049,0.3233759216540718,3.130921445186677,0.349513656130823,-0.0834430049378,-0.0823246167952,91618.32143493781,69894.35582861857,9218011.4944
9.504122272639437,448886.27313365974,2.033603259011697,2.7356377451406404,0.45624780686721,4.191600286410038,0.45080174311593235,-0.0743182048285,-0.0740792322439,42146.643197158846,44361.23770442675,5938956.85367
5.023328975752459,474846.39033108385,2.4066224435065315,1.9034301084082825,0.40751902975946863,3.1299527392060518,0.4512135822054208,-0.0994419513565,-0.0987524522053,109150.88624394081,58301.10338041297,8285924.6636
3.7230548810902153,21420.37368984384,2.118525564420847,2.9163791324701136,0.35138930614286146,2.6454659402533536,0.1788053893167577,-0.00380089313225,-0.00380371719448,1700.8334312602617,25125.05784317655,2572089.30052
3.5727798215322295,118365.4453684222,2.535088611245018,2.7432267862415314,0.43639779455078087,5.154984854271941,0.34168821635463287,-0.025114922939,-0.0249026266291,18811.747275453487,8403.833548952933,2939905.7472
4.470441022879818,488304.9178715911,2.158520816202321,2.930722746881087,0.46001932839910775,5.943377632323116,0.340343983913935,-0.101558643236,-0.101202222767,42358.83833340365,36310.688172487884,5290173.6962
7.294091736615217,58094.08134805165,2.736474503579765,2.9624195273681084,0.2596774687524299,2.899053436025941,0.08626705119759484,-0.00964874299618,-0.0085865229316,43381.32525112239,31448.607780507427,9593970.63812
6.696176010402752,389696.95237684326,2.0812574492415217,2.9263414837968087,0.1704767316968093,4.206304743675203,0.09581107176450125,-0.0726821102016,-0.0683170871875,68351.93172406187,5378.058803049792,20094079.1184
5.996211223318898,293754.79797291907,2.0200317296978603,1.9089799002111876,0.26338585802136016,5.459939171768447,0.3071411837306369,-0.05842042677,-0.057524324846,45001.78235747033,17622.463723218007,7619212.14965
7.5551123217175205,176584.44399322188,2.8442632176331313,1.5826175807106861,0.300724277349817,5.5214779876689875,0.05019389436276661,-0.0309992468927,-0.0293487294481,85934.65690224933,57157.91485639792,9421241.01679
2.6062739987388284,148706.93041992476,1.8662484286988115,1.9468948806318287,0.3436551505605355,3.7865047814846315,0.0575503381588229,-0.0341034272863,-0.0339682058183,7525.307290778398,6828.820305217144,2271056.51347
1.1468868894037154,313068.7206704193,2.5963341364423096,2.0801404113642876,0.21215202815446982,5.238843674087406,0.2704770269378595,-0.0901275956834,-0.0853082291178,79169.81759719104,38919.27657155317,18377228.1205
1.0486267761669943,398333.5429824298,2.9778827051237426,2.3096445617492174,0.31326486156589206,2.0414720967294344,0.2811656270087327,-0.0969512999228,-0.0938078590264,61909.95894056146,67961.11313430006,12844571.5119
3.8986169144344354,374367.7628441904,2.988480068308045,2.9640417578042397,0.28083201786464096,2.2413325045037062,0.4428075050241634,-0.079803919748,-0.075422289262,128079.99678764696,34364.477686444305,16960536.5646
1.0440365643820047,288839.5498380793,2.2313490299019394,2.115101746226286,0.1509718237119128,2.8470027395140467,0.3343464228476377,-0.0734006497669,-0.0686411655876,26522.311008521032,7506.334593175376,17261554.4174
4.9435422158418705,403133.02077268175,2.1677370221431604,2.7814314905571687,0.3300525573936224,2.1305314423292234,0.07670783817221784,-0.0821060064367,-0.0812201339248,89080.73926591424,5074.168198732886,8167215.35812
6.867859075120981,383536.1245557336,2.624292915395084,2.3191112347689247,0.4140403807694448,4.178774788275591,0.2208304992601644,-0.0705248928847,-0.0696435135163,132766.81685678064,50970.20718638793,8304307.01941
8.070933193760686,127195.12103425749,2.315640568892803,1.6737974303142222,0.4280345070054866,2.562579228924109,0.4355276078206862,-0.0233240877085,-0.0231046854689,46793.18818368222,22214.06565100375,3340230.27328
4.39752757417616,271009.9805389382,2.2229614541769687,2.0357161230728096,0.37798162508536537,5.348256083816528,0.48205608374721504,-0.0582462924247,-0.0578304907729,37151.34681473279,29860.301086378608,4546980.41291
9.26928576677431,561505.3007275987,1.745205431729805,2.9627837384738367,0.490964686264598,3.2205825350856627,0.3870950986407374,-0.09497661454,-0.0948494483966,36695.98933746095,79742.80686828693,5874455.01501
9.43407943703328,153888.63934537047,1.6655721842200042,1.7145127017229247,0.17240719508333385,3.752205320939284,0.48376703749653766,-0.0269828125264,-0.0260171047332,21840.3655322116,7866.9191581753985,9212554.68824
1.107763347302357,28474.65058967995,1.527617681216576,2.458377226455796,0.2551237651199134,3.1124960148073995,0.11053843403691498,-0.00649095051013,-0.00651742648472,2591.4853021280874,4448.6787482433365,1607629.28575
1.3728148037973393,39004.19617488573,2.9189930108042765,2.8307823101487584,0.28907205677495845,2.3621201802166794,0.1251981589353777,-0.00814023221144,-0.00755542099047,11765.709639243936,3658.885530026913,3185294.58113
6.51246592074856,480016.46689913794,2.1095103992590154,2.758978982443995,0.30626873387733633,2.5077151091910213,0.46926640278618864,-0.0927006751963,-0.0915552253689,88372.23667523578,10577.513694814324,11670741.3002
7.0811776276130765,402465.9581830666,1.7232724057375948,2.5175007441717816,0.3787099969190011,2.0683361932813797,0.464108800271663,-0.0771117748586,-0.0769279987693,18991.917134787625,35092.46704197579,5357027.85602
5.4483754971525995,159756.61056035318,1.5823751692312462,2.837906326114207,0.4632020806727417,5.2329158770311945,0.3221291630423917,-0.0319389434828,-0.0319218336892,31379.167882322898,34027.08631041274,3612938.57265
6.239209921403063,593068.428128236,2.1159678544377716,2.6833855242777,0.3288526030578881,4.232816188928365,0.36518041707265536,-0.11471411924,-0.113521963822,108073.29872914146,16114.699834414632,10639939.9905
3.3899307204293727,147680.31058391184,2.1342742238033896,2.0680804157769317,0.2340081973264106,3.5521612124222535,0.18412749946657025,-0.0324636394431,-0.0314149259003,24062.81043071428,10852.938772568625,5170278.46864
2.032712364519216,147690.99538714555,2.033563382297436,1.6025872069255032,0.23309810162562195,2.449060216336607,0.28583841798368276,-0.0353764206905,-0.0346340117679,18554.65598070858,14464.84829679048,4454559.88826
6.319608172470363,582132.1629275299,2.4860928748902396,1.5672436115260286,0.1671146201668269,5.29622657829818,0.2982038750664155,-0.119180887028,-0.108764272871,82415.00430442205,72276.64454643005,30341946.3236
2.5138610359686746,115571.64878774487,2.2825513063210243,2.4948192159124605,0.22602562137244425,4.485224380333456,0.3941782084732343,-0.0262699024632,-0.0253563187887,16129.121774903826,1877.0844002652318,6219460.33013
1.4970980343608926,253562.62098451433,1.8091402877678373,1.5480166305564436,0.4642349462260891,3.541829000064746,0.08373584150942329,-0.0741528329199,-0.0740915030331,18496.96226033651,5342.828625492753,2158514.38672
5.342211635803885,308538.7163817992,2.3936907457103573,2.9443601494492686,0.4865692473805,5.930635425974688,0.25531017217916085,-0.0598874534777,-0.0595258907035,54562.132390773455,41719.94861066469,4356595.44934
2.927188531194691,573331.695346952,2.7414735495089024,1.7295989586568141,0.39424374112422,2.7371050161883184,0.398981256265618,-0.131633476753,-0.130346599988,156572.55775056023,122949.3478358757,11921325.493
7.952161426836511,45001.21243798878,1.708080389866977,1.719109116848534,0.3030080319922821,3.2557400712245683,0.45398499622846294,-0.00822657241438,-0.00813016780662,14015.611289071743,8234.524964740041,2427239.00851
3.928883460383346,515203.07123446773,2.4754694573091824,1.7759269679537588,0.4119004897838179,4.568552167852212,0.45460363999684966,-0.113517148,-0.112730239757,80846.6893409811,82682.97191909332,8454097.06317
2.334687991144535,194205.13270916496,2.024853664413225,2.8766068877520325,0.32721359500624003,4.586857896159615,0.478454130792606,-0.0444002559509,-0.0441682620746,12164.420379895011,740.9193129626523,4500471.69188
9.918950801805924,389383.07235362206,1.98684957721817,1.5194247205679645,0.43082399839745633,4.677587527400035,0.4820108760402287,-0.0659800382149,-0.065761238352,58107.57633163867,30597.07954358026,4670214.35898
2.1263637209546236,230749.7879971226,2.7297688500709656,2.726710275419289,0.246633297300629,3.4052039723448044,0.23678038255741302,-0.0530326807683,-0.0500299627871,47526.23213336919,23051.982041304527,10706746.8529
7.280791360187581,19615.940486761076,2.8317307249337835,2.304764069146856,0.22147780148975044,3.4012256962434653,0.16827987754498858,-0.00343547726234,-0.00182406036519,28486.246871569572,11996.838509133662,8803534.49529
9.008342706596919,563786.4575032392,1.7836214678115094,2.2941937175223472,0.3495252626628591,2.0887471739783323,0.10392102483124155,-0.0987926631973,-0.0983939412447,52829.381351975746,23615.14217084275,7843841.38653
9.380686452245648,501970.53738589335,1.550733622127382,2.7935704375776607,0.21600115686264615,3.92967740014605,0.3072440891859069,-0.0848892645895,-0.0842515655132,27779.629457013103,39163.81393015995,16398429.1496
4.182262449141422,26922.65949204895,2.0608589786400997,2.3132508321893996,0.4543062392120416,3.110380965502627,0.0857530858841606,-0.00535647995824,-0.00532943579835,4552.27374417162,11160.942926117124,1168153.44301
9.01744448399464,453908.2407453756,2.326766155005965,2.5992900846432914,0.35056137752079697,3.3121371206067964,0.08967239949209516,-0.0752526723208,-0.0741650441805,127306.61260193236,4962.385378873807,10508457.6471
2.1851209358539156,280781.4625327233,1.8907931489592376,2.6403943147414513,0.2700490144717664,2.03121612264595,0.23430459811412624,-0.0647436960485,-0.0643476444286,5050.411734294078,3502.136960080424,11879758.9218
8.941298085774024,312060.28365708917,2.077723674547251,1.618000202942912,0.2327808904975303,3.4224613324116557,0.15235534818885868,-0.0547728476348,-0.0530442482954,80662.61362876186,29302.022413741553,11684494.7974
3.531808885044029,563249.4055722664,2.9900612599585363,2.7966859468755603,0.3518524435415622,2.3052780854043555,0.43300882947011304,-0.121786225257,-0.118406429946,177342.00114214068,96063.87368839233,16388862.2765
6.760902923578278,42856.195245765404,2.961826408947083,1.9482610873095956,0.4939332505368528,3.096278932593247,0.3793789404020087,-0.00794182968885,-0.00770075228417,50404.105271835615,29752.694592253418,2831878.21117
1.114541107944584,97538.73617949794,1.5509366644053706,2.493850348206772,0.25970877062039516,2.5054965867882157,0.31134777237398953,-0.0233341793691,-0.023270577693,1073.9475457027777,1101.720203201399,2202461.1891
8.925270314940423,77468.52966306265,2.211380058217356,2.0028578063053213,0.3203569942641435,3.477892378087606,0.23202512734863145,-0.0130547618601,-0.0126867895224,40188.79422117427,3750.8405393301996,4573513.91297
6.0371576650743695,38398.36375682262,2.5506052166926376,2.050373685589954,0.36463442386387795,3.987517167787192,0.3224275585192527,-0.00715741593689,-0.00686854558862,34000.92302063742,4584.329288621545,3198740.14408
2.356447652561368,257854.56708544528,2.5021083176979655,2.3288039053016685,0.2647559557331438,3.8721332430315747,0.2229574498657289,-0.059539452875,-0.0577068233808,29434.28642082917,21743.29988500208,9449475.63278
7.341849585692907,294851.6107005904,2.2633872807343254,1.9576874984131547,0.3188093690268772,4.279562747101648,0.26237241156281116,-0.0544945361309,-0.0536058996814,85254.151640829,28153.313664505786,7480143.47874
6.336632705720098,573960.7599013045,2.689646143732375,2.9069563843197685,0.4718448875724862,5.335665786944037,0.3341331576733655,-0.106514988042,-0.10559256089,164110.60203651563,57745.85750688942,8813189.27326
7.530591645201138,241101.55750728844,1.769253988162512,2.3258759688299535,0.2656378440819761,5.066715957817045,0.32457235770014653,-0.0442296419605,-0.0438131014875,34572.0312424911,15018.578643469174,6446991.07281
2.086030616210893,113314.29281242983,2.2840246124597003,2.256503803165719,0.41884392312765106,5.065816619168449,0.0650735095388953,-0.0358350696712,-0.0357018545454,22336.68072781498,1913.444617187842,2307816.13964
2.9340779239495474,217872.6987029828,2.384186060595632,2.500282215460837,0.22585871553248732,3.1929062877716152,0.21170035664119774,-0.0487753539238,-0.0462923889431,42400.64537695164,20142.896310821947,11332949.0959
2.395852034263069,381953.67171668704,1.8317442252987006,2.4366666976715496,0.22018099786652712,4.632921110994809,0.4650816404900365,-0.0898616718181,-0.0886647693892,29267.56973475649,7867.350189648051,12276911.0127
5.094572615305837,287840.9125703026,2.6589348243472366,2.001582915008184,0.2823228838247498,4.679372170142115,0.4410493379491354,-0.0596200919014,-0.0575279720764,83299.18537978416,48712.878744087735,11014711.3118
8.18453113986095,189109.33586806164,2.6272353335667007,1.6990019460622166,0.2422248065853179,2.7014136789978216,0.36617100602243763,-0.0349612680309,-0.0322587986407,87438.70982104797,41822.270927050784,12668352.7161
2.4571252170009,184699.19491375244,1.5436083870600354,1.6233996239121762,0.15387176024525964,3.0463971187059986,0.2406940336374871,-0.0437862226819,-0.0426983802362,13183.614100156614,7554.906060648057,6181168.60096
7.5444005041554565,185889.2725700032,2.0137575637306684,1.753926268753321,0.34021712053074876,5.418437656880091,0.4469387222389566,-0.0347700234457,-0.0344649338929,44809.54130972853,12032.50275311296,4182587.90498
9.969243164936316,179970.60480583413,2.763985101364441,2.7592107537256423,0.2907218896199645,4.982602322530283,0.2948960315656088,-0.0276083708303,-0.0256769411533,82836.50747328174,13944.979199045187,12562606.2727
6.860795674126089,139507.58306209708,1.8986519796124655,2.8244993756019925,0.33008532422057435,4.9564091017424605,0.11423810877857853,-0.0247660509851,-0.0246478919647,9425.630477330027,29175.86875439109,4418082.9427
7.190742727985601,524385.0432309284,2.333736884431593,2.934424185653293,0.19253319995761442,3.697684603327679,0.2304990087244107,-0.0972266864452,-0.0907024200155,125136.32667813479,5504.383711649756,27724350.3701
5.100203222007887,49691.137408392126,2.1478716209277406,1.9516199812184902,0.33804607553505184,5.578584787443578,0.24727433071734756,-0.00989866802616,-0.00972191731262,11068.92423560958,5625.254065243288,2129252.08036
5.082543515211408,103886.5737306958,2.7626573488611577,2.5795135032601006,0.2830766745353634,3.1005197277611463,0.4176711637990374,-0.0206199897614,-0.0194041472682,54020.02091893307,303.2330530285997,7417379.09612
7.0584939411028325,108084.9836246667,2.85323628081139,1.8993353396081902,0.1905350440283081,4.164494772886304,0.2603561775265758,-0.0212108252059,-0.0172352752208,37466.35230380891,12305.025277681174,13176547.6786
4.112741825082482,49083.604878234844,2.3570818459620453,2.365259460783127,0.21119167807319777,5.607501871392333,0.07960332778573995,-0.00987648093958,-0.0090395419944,11454.6523128536,1709.6982412853695,5458016.04603
1.9417027818535837,258170.6354915757,1.6554491391137718,1.80039368114951,0.4222380878971528,5.576659206464521,0.3005687413364118,-0.0713053863075,-0.0712422283596,10669.533469148373,4119.659903620112,2147255.38685
7.533107661009069,112964.69122638964,2.21483106754436,2.4981104951761113,0.4469894821981316,2.7984665577543844,0.0974547958409068,-0.0200472367839,-0.0199285596135,25843.154262743792,20966.207891244252,3010265.06802
1.803139544516157,524464.6731168177,2.233973627161178,2.1232565792927858,0.39658753540541414,2.6183812983678867,0.3137507958565326,-0.125176182646,-0.124545435504,63070.99933052902,60016.24146330318,6360344.75719
1.1973191366470517,238077.0736900303,2.502339007786876,2.1431899384577857,0.21448682274415914,4.836941097906797,0.383359797046503,-0.0628642757039,-0.0598556442276,52653.602934118506,21919.294209287586,11749603.912
7.389950328123558,411453.225592924,1.846470874214909,1.8171293491287372,0.32354530308648544,4.632915312669972,0.195130621468522,-0.0768536632669,-0.0763999066926,53601.030370821645,19071.532434403685,5896404.09637
2.1212736247168102,242572.35139313812,1.7346943139986983,1.7187833814509594,0.16135347410268772,2.892412982426753,0.1893043290026269,-0.0583572079768,-0.0565307313183,20488.511127758164,11476.383279996933,8899121.93385
8.608601730996272,61206.530716608024,1.8683322713742372,2.3086219876361262,0.1996885010533389,4.625037973680175,0.4399582368103766,-0.0103367495235,-0.00994781487761,10630.675903553152,24039.247309222614,8291517.62573
1.587077521737335,356602.1097169548,2.5952283397514107,1.9972765272739597,0.39533366364357314,5.935884607175996,0.07206135422216126,-0.164659213165,-0.163917670599,91885.7157449561,47338.340229379966,7395579.57833
8.887061512172362,328413.98517863307,2.57884025774995,1.8780504762290424,0.33938879450686593,2.8812453620844583,0.3199167512853115,-0.056975518798,-0.0555434109842,134658.31375574932,56663.03438777476,10475496.1336
6.404318232768241,416983.03141984204,2.00264935605598,2.1187419329233284,0.24255349738541793,4.2579744718192245,0.2556752950540646,-0.0812276712901,-0.0795515383046,85773.55727868248,22692.10275129731,10875289.2028
4.720440581877144,213990.16225292877,1.8242675904780237,1.78249134363127,0.22633630760791665,2.308805274057772,0.10694130011449154,-0.045460490178,-0.0447086029117,38185.10277367863,8076.692794980042,5931104.22512
3.6960568630600656,582188.9448827729,2.3694623593947184,1.8468202854791411,0.3217738592854652,3.3308320306542454,0.46233249920086666,-0.12998337243,-0.128462496693,123590.24446695503,76241.93863511545,13432559.9451
2.485081108321095,118018.32378576232,2.0553325959606386,1.8627559257587274,0.3491940452606865,4.964229976291572,0.42003558570729577,-0.0284256476958,-0.028259599246,22311.44236144575,4243.689205881029,2819448.52025
9.173027426010147,32414.218894360358,1.6126669201657782,1.942001855696959,0.45963248910183085,3.943960189764335,0.06781802991901474,-0.00546018065873,-0.0054450254674,1910.782823991479,17110.207074301343,1319489.19989
2.4485564377561544,167695.88009921965,2.705766232251203,2.6702069405467466,0.15850400411836504,3.0707500132266214,0.32316350417761,-0.0401527901585,-0.0341012998134,13517.982912369675,6949.974318427033,15855803.9925
1.9707054600362945,463571.55881337327,1.9815019272221022,2.9294633903780642,0.21107360908018485,5.504497304205049,0.22489924557738927,-0.11797277352,-0.115613669636,74631.5214522041,27044.106095003575,20107962.9291
9.459122315954795,495470.1661197644,2.1359819082893425,2.455093960867659,0.43329128295616626,3.173507215795277,0.15586899814558025,-0.0819130528396,-0.0815195220227,83107.76005077253,11329.100195909989,6893378.6847
6.83371925092522,36075.72443086349,2.6775816726504047,2.921923742332962,0.3419911531476339,5.296504414500939,0.05294580771160811,-0.00539740126408,-0.00509458778752,23329.48248703386,27814.787219711307,4905176.39682
5.051093169241785,303933.56873487966,1.5700213071710096,2.9154710285496632,0.2534175227192086,2.1711026962831768,0.32141407597715127,-0.0623479324882,-0.0620903041915,13526.150224597854,32125.687206051207,8009492.92564
1.8222202035380373,428847.96311598294,1.8196951174232343,2.49042742233655,0.3190113252556369,2.643990242914332,0.08344125738959535,-0.101013442049,-0.100383418625,42601.00193794541,38113.25729100397,5122504.07263
9.061773316577025,477068.9469236449,1.9710081131603734,2.384070945156056,0.42831619673864096,2.074458852332678,0.2603207309840394,-0.0825844241142,-0.0823049572504,51235.31009613214,19921.040112657538,6030495.18894
3.848816916276838,63316.276588852015,2.470307050886363,1.5131252433984668,0.27288929287737407,3.3453613044588004,0.3835516624628876,-0.0138802783014,-0.0133104869384,29035.578426175296,17519.385501082987,3803885.59814
1.2597320049141967,330119.0880968806,2.8289094489445414,2.7104172087617946,0.36620497735553276,4.372690890847071,0.1881639923119428,-0.0827942587909,-0.0814899484152,95771.33915319917,17115.578292583657,10384597.2863
7.271314298578453,63342.149832888,1.674139168212823,2.5186456888270783,0.19350543172899154,5.711322138347487,0.2739598432106786,-0.0110266835383,-0.0109275445254,6531.080832322656,23543.439991597184,7248383.29418
1.3082380733811045,416580.2667121747,2.317233705893357,2.1370754770351112,0.4327271582870883,3.605542473715235,0.3288201260309576,-0.102440456079,-0.1021147545,60330.13240734168,8239.208490932708,9939842.16746
8.133130753551065,20604.006998924662,2.603746986993282,2.451704989018837,0.2040591970687113,2.4558236887989917,0.2835327667318577,-0.00345509796706,-0.00200129406022,31612.59863901224,22888.617456604497,10496745.5665
7.538294743507448,522008.30148578866,2.6990705086582345,1.8686868433432309,0.29806624363020506,5.207705763914156,0.24471137007638438,-0.0949786538907,-0.0916234208187,158991.52525815074,104974.21479447512,17682790.1865
5.25668272678103,61752.11398021661,1.7382834967204581,2.039170555896255,0.3045877951462228,4.632288020595104,0.4220974934514535,-0.0124752093005,-0.0124027659873,8211.862059152776,10156.471248208312,2196063.60952
4.973537822201368,426161.7796880957,2.7596066177592515,2.790957941838746,0.38887402464782944,3.4953254402816474,0.2811037911256958,-0.0850392523418,-0.0835789762859,122687.33618598414,50442.09837541263,9854851.24936
2.262726438362474,150456.26963855347,2.3838763890082126,2.0370376935676804,0.22416432953403737,3.259150474738651,0.4746436619895439,-0.0353945117445,-0.0338826511437,23723.163388206794,13577.218981555197,6681581.69346
6.202467713312276,525296.9543904283,2.591496075456839,2.194650994865612,0.33491224916736706,4.471270682047127,0.27200731875299333,-0.101336710387,-0.0992359042906,149313.01523042875,79438.67207326819,12986976.8312
9.810869387010895,570209.9820608933,1.5140076678045786,2.8365173769768344,0.16364085508452755,3.8786298501957677,0.27448246393997816,-0.0949045608326,-0.0932215836483,36612.47292758119,39907.301664163904,26917299.8246
2.8535569870643736,409492.28332710505,2.623704345909762,2.4325052643413025,0.2068875390873252,5.104407897328908,0.09617831166891214,-0.0962644913911,-0.0893713557471,74506.28277002712,24737.814897794116,26064700.6209
7.5528287195485095,183101.96633831534,2.936823621853387,1.5447117647310442,0.48363520534611615,4.2860545388838,0.15169393136605552,-0.0327546745262,-0.0323479628201,91557.68683752335,81559.32799966895,5149841.97583
2.910680809382553,346106.9124826164,1.641165374611798,2.8896650050306234,0.3919082182274852,3.7518717326386875,0.3401439119144923,-0.0774305573904,-0.0772516378333,13536.949808261352,17828.183159374763,3287002.94138
9.26421846215708,453.33787714283426,2.1268941966362522,2.0832412880649978,0.27631531162733003,2.4421583148050026,0.26162433236242316,0.000277294686476,0.000518881969335,20822.73772771145,16328.020314804939,4518314.25929
9.522560279072968,10300.197255554755,2.496619789988789,2.07262247633916,0.4562630805374027,2.323278613770163,0.38507478479095636,-0.0015460655253,-0.00139465964295,33547.52226399968,180.2294239862074,2608432.71255
6.586698484335753,75633.37875072533,1.6848654820515736,2.274761423217898,0.2658063101966442,2.3864164965161216,0.4313044403964072,-0.0144421825893,-0.0143706051233,7112.50599134544,23367.807265431522,4101256.10466
8.310496343371026,125004.82245546125,2.598000366686621,1.669179586298674,0.3442262502063729,5.538260314302099,0.3845878807639806,-0.0220370330507,-0.0213233660052,61585.49795412833,35491.149079836134,5798644.19844
2.428280243383549,265263.9858641613,2.0461398907537722,2.1181662159693144,0.43900446749427235,2.604742352063758,0.40068659435125403,-0.0616928886213,-0.061526485898,26668.665107298944,24091.500116577838,2689356.72359
5.451503924979922,52245.05845258138,1.8248757340045645,2.462625592224371,0.1791801245338901,5.922296992561128,0.458846015429956,-0.0100431667568,-0.00967425208839,5059.13096601877,4901.846234188491,6144684.26577
4.1009756602568626,323636.2725610832,2.4162945795014514,2.8885725360790993,0.4467754727381742,5.613728086461309,0.2696704258735915,-0.0674348315421,-0.0670219709582,43001.93617032552,29658.185353959478,4944446.29444
5.851368020633048,157304.81374238982,2.1671307600346372,2.179401897102762,0.23885840023765903,5.049878028655818,0.4255274524365769,-0.0311699607424,-0.030181551301,41584.06819778165,1351.6323715199637,7173585.81377
9.386742882970557,124250.41308512654,1.6467491370567333,2.9975143558804076,0.20696998105356576,3.9245780614826122,0.1348761822943182,-0.0196558061067,-0.0197806426276,252.3441153630562,47594.39574746892,11999206.1071
8.851711853056386,53922.413184548845,1.9779721633685963,1.6015808613718203,0.21088921249266745,4.422292942042947,0.2934079179055495,-0.00942476881883,-0.00870104932632,17765.24035006615,28.080472047531014,6048649.68554
5.070877286082541,50673.25402847249,1.621102805003381,2.851930843275939,0.20412256862985637,4.471568092532399,0.4755979531385384,-0.00955195766393,-0.00962563259495,1684.0734476077478,18927.90615936433,5969341.31605
4.245715215298014,242030.15276305407,2.2206640403737268,2.7967357085813997,0.15210702190851128,5.112458484339393,0.12374482258411783,-0.0521180100112,-0.0460366181286,37650.88944156464,11199.103765038742,18735871.8422
7.465327698128557,510426.3408792694,2.1925393486120788,2.557707006601773,0.31412213670344624,5.082632107114639,0.3116503443211401,-0.0925244773007,-0.091150023994,107734.3694645759,19687.10338919456,10980804.0112
6.50161417069655,30464.440335663534,1.6858436324894959,2.56929350019107,0.2503092640864554,2.1358831956802806,0.13412702633282314,-0.00524828031612,-0.00532030357347,3711.260196264795,32021.322574824993,4987963.2989
1.185050474410641,337308.00552562106,2.356110956906715,2.6118123330765632,0.48466288486065556,3.770211655613031,0.45825381612597377,-0.0817398225265,-0.0815381416596,19307.164319326614,21938.889391782246,10211654.5802
6.483171166154671,457251.4999582181,2.680804497272164,2.2594393550604774,0.19077625775100548,4.636928342801642,0.43811260813362013,-0.0910699902506,-0.0821984428629,118282.76184520386,34294.70805028677,26456080.1259
5.171879506195542,598624.22306495,1.8378117353403693,2.9585758379749785,0.15853387773301328,5.815393833759403,0.21059567851672928,-0.123090120624,-0.115822149901,69112.54174063054,25520.50516098697,30498039.7695
6.474402056346531,370881.828580146,2.379647524569621,1.9351442629720648,0.41818030334971845,4.945588062472013,0.2283406194773766,-0.0706648438081,-0.0701797318394,89217.29419405446,43223.54161395443,5734298.67308
8.973282694083839,525380.543981317,2.665322214189043,2.3323200282668304,0.29651663453838084,4.708096943743769,0.05153276328088724,-0.0859245602601,-0.0823294404773,170535.60850622275,81285.75049959832,17229733.3331
4.6061288134300895,7382.123903958426,2.0570917773189334,1.94380935105979,0.22616622409325027,2.793798949336637,0.3372840263483083,-0.00106156626468,-0.000823887542145,9306.665666211547,7657.218766825009,3103957.83443
6.854349915021096,421644.1300106296,2.488765044909406,2.1360068673574433,0.46724292764942066,2.22515372110239,0.16146494309253692,-0.080001534691,-0.079506576299,107390.23636931811,46851.53787071857,6358754.29303
8.729908785766646,68477.07238715091,1.8442588764497114,1.9268244949407685,0.27479517276787885,5.426130130291533,0.23761091106786442,-0.0116131757668,-0.0114022264245,20590.863090432616,10222.761775815052,3927558.96934
4.037374054392757,422109.7264435151,2.3600558939003573,2.3520173764788117,0.25684076918928694,2.9202392975124374,0.3336097794652607,-0.0912421847493,-0.0886647134951,108479.50955849157,38355.31423686089,13464812.7887
2.681765449972153,564362.4208076312,2.8631865511265278,2.519817485766768,0.1971751022809884,5.14658956080769,0.1385754380465869,-0.136966587046,-0.122407799285,118440.66501144308,41707.5863069489,42200188.3561
3.5582121988356112,387506.32859068573,2.3158166731277134,2.9369305758792335,0.4744169782699511,3.599538849736705,0.11388906066003159,-0.0818815518762,-0.0814866379557,62648.63179633615,49153.768863768026,6337468.03979
4.013592649879904,268703.105579061,2.2906904641302432,1.8085028905573473,0.164695588598976,5.779602519885809,0.1456308115240554,-0.0621531130677,-0.0566784391402,40793.020997535394,12926.727587507783,20001646.9596
4.464480597885778,421285.57583644084,1.5346951055002493,2.178776224480721,0.44526761740733545,5.741933609818176,0.08930785682275802,-0.0910645492875,-0.0909893331954,2345.5949479393626,10596.17760295575,4673912.82031
3.7645645364110685,124508.85327611955,1.6738914668130478,2.9404783820182887,0.3842025440486583,5.148250426276631,0.07699057144677791,-0.0260441055736,-0.0260049439323,3645.2688940589455,1873.3596639021855,2121098.41095
4.881333960402365,406293.0130879068,1.8214481970728125,2.3202817502144484,0.4921174564824399,3.007550729480716,0.08960472213141873,-0.0840961158112,-0.0839834635926,14692.062430538614,7132.88525423365,4249698.28556
1.9415487166038519,378887.5073541995,2.794721701983434,1.7068203451038528,0.24948566460520227,3.0993792150479034,0.06205500392184544,-0.09220547844,-0.0877668821184,76674.86214044651,58202.44052474646,19583495.8461
3.7180060778789326,308355.11471799103,2.7718010540464695,1.543924067340781,0.21906633193519884,3.621188031865174,0.3177172787520354,-0.0700214726421,-0.0656136033677,59601.022713556275,72605.27858662725,15462671.5717
3.243895408992342,547059.9278103217,1.535886046420405,2.4656806188128835,0.4496560555140573,4.822074393312983,0.07467335047560646,-0.124884460603,-0.124791993974,6459.596814071377,7061.2877405569425,6276980.29505
8.058493791096852,408387.26277430315,1.646454767968951,1.929098396209235,0.276662576414915,5.563324151504384,0.2669905619547605,-0.0745209534468,-0.0740481856875,49145.86847040227,1976.0575860930503,6505855.5825
6.787520918148278,35230.89778320183,2.097497046299681,2.014989124022018,0.39203315958375,3.8937728789794046,0.15916103353831462,-0.00636936054931,-0.00627928964146,17764.315264472996,6791.929254631745,1964490.22689
2.2380026969309963,481324.15993437025,2.2089417433769998,2.1508480895848736,0.1692307364064463,3.2275002757752342,0.09074689173796938,-0.116004169848,-0.108322858308,32868.44534948247,32656.614628822765,26363484.6096
1.454902308773409,268944.4000907341,2.443760112918378,2.143846261268773,0.4517969667174132,2.8022343707270982,0.17504652381159552,-0.0645505662344,-0.0642908564973,29542.686395550303,27002.791075104597,3584217.13944
5.083869703672157,273585.33659474575,2.3555926028849896,2.784314119462832,0.4981492527752833,4.323024112204167,0.12415288187940698,-0.0535083144113,-0.0533086308588,30829.735564492297,2196.571151090468,7566836.95152
9.407854206483414,8791.280176832106,2.9215626534013577,2.8440884506169457,0.32385290058323213,5.84848785100318,0.24529338891411911,-0.000765800078625,-0.000175108444041,36541.7375136507,31773.767253490067,7084045.47211
1.8175623755378196,57578.534424722646,2.490238250619351,2.313014444380816,0.16730245376718017,3.867613237932595,0.31629728305379357,-0.0135654396629,-0.012065146272,9169.588060427255,39.930933403753194,5987098.03095
6.294000241415374,4190.826964012739,2.0696096130358796,2.150958429033596,0.1989613482376561,4.3300561482245215,0.3238183079565308,-0.000247864933217,8.96109565994e-05,11575.89802730944,14900.754237059582,5400922.65417
7.65041224404279,515286.48595323454,2.4917347467833215,1.9754800478901084,0.4068901174407422,2.3360667247582927,0.17680582603943673,-0.0948115919357,-0.0938670244761,159399.10365485642,76794.07851057802,9541437.79366
1.213829040293267,442466.77856313955,2.696309050959281,2.055933783890467,0.32665796225301663,4.262764923747039,0.3146972454426,-0.115040719174,-0.113022210954,121363.38151911866,62324.35985501081,13269434.3967
7.637249237329503,569390.3798166664,1.647136540612638,2.831759543081664,0.21987601496818462,5.250531509539236,0.4855203090443214,-0.104930293135,-0.103698077928,63811.532864228975,28969.808716250267,14981397.8691
2.841813033648269,498539.2498089219,2.7796808570584526,2.666637468605039,0.23878529673794538,5.223955869172151,0.4700659188062538,-0.11484190282,-0.108218496698,91817.92500769267,40264.92871448985,24286152.9254
6.723470800311368,89535.2239378487,2.512223411601941,1.8806292027585556,0.41798148110123323,2.600781548787144,0.2867189329152749,-0.0170383449463,-0.016770722085,44833.82702165516,19299.837883730263,3257213.24163
2.017591179340424,411870.6975274633,2.167372494843611,2.909724553950861,0.27897774637066697,2.137031056960538,0.3571976272357599,-0.0952301127595,-0.0936452058031,55509.704849030706,28647.42782101814,8990487.76094
3.5447415629927828,525451.1064643031,2.819382539732843,2.1197361973754827,0.4180262714259376,4.61361194379545,0.23599379389722314,-0.114835250166,-0.113441008173,90704.55808382212,101510.93648950245,10822753.7709
9.87061013649101,347038.3708270836,1.5892005655091097,2.372846309125144,0.18221955428292508,2.6894303604000616,0.08098388110214279,-0.058046545237,-0.0571041115484,36367.81981626046,31842.32078884727,15845031.4659
2.41411188925518,351980.73015874316,2.8030686262343747,2.4344844006231217,0.45537569206653417,4.403556664501678,0.47161582242431616,-0.0806453115213,-0.0800010185162,51690.998728084734,49891.71871913407,6823328.28483
5.197632413172301,180673.65417739376,2.0774515597575682,1.826517371249476,0.2667321206910271,5.677134153956875,0.11758416316081398,-0.0366308618587,-0.0358176132018,29701.98539666507,22361.73825070572,5579138.28332
4.55819030609144,394620.4077442411,2.331126107061605,2.9457367937803287,0.3761734589902743,3.1338251256024146,0.14258570509032736,-0.0799870274062,-0.0792155581826,89687.08316162763,18752.821327056292,6819869.04643
4.377711446448856,78203.74545512084,2.2830713554834543,2.103860935437603,0.19940872877949078,5.435396754784805,0.17190167497363448,-0.0164166989292,-0.015102509468,15699.942074965475,4316.159069099383,6656519.51782
7.436757585972343,156910.3687726398,1.6561119097780324,2.770548486052359,0.302254086992891,5.600723037290654,0.2486915142992454,-0.0280329507904,-0.0279844797189,753.5026713916268,30430.149680488816,5003590.90085
9.97344044321978,61818.08490116001,2.1220354478184045,2.234075395908312,0.4167474614762082,2.796002051133108,0.15420194610426674,-0.00979226142786,-0.00968537107198,20764.849859865855,21389.187654876416,3034776.56109
6.6202567517610635,474704.7303508201,1.6908753475575238,2.2652243961352987,0.15946982310175933,2.756986128649792,0.4020630984884701,-0.0942671077088,-0.0913613543123,45048.19530790316,9482.862780741572,19407520.3104
3.404069254683935,565511.1267998599,2.621813735080689,2.6220342203805247,0.27776381768542435,3.4504327698252335,0.2124970562829986,-0.123963680621,-0.119212985465,83236.47188850069,77992.95407017498,18008433.9689
6.443369269507114,58268.81313647412,2.0541387421325727,2.4223278275340507,0.44542699482775994,5.865911108330014,0.3133490072380949,-0.0108136250532,-0.0107713450966,5441.478826917988,18510.31117416722,2234636.35923
8.372509171103118,279928.59283946006,2.9466269270682877,1.5688426911431481,0.22161565070037353,4.6603093096777375,0.2662929030803182,-0.0510006358384,-0.045057488991,113426.19684605922,63747.805309112766,19971837.9791
6.791536951702672,103128.58752093046,2.169933873221648,2.7058731937420886,0.2713979464295527,4.797314258385191,0.2830687534946606,-0.018502166125,-0.0180764601261,23649.482824627208,22842.791707001536,6434112.03272
7.964491509403685,525923.1782853968,1.868597950932713,2.855023222496601,0.42566807586122,3.7997764393770668,0.4154317132056932,-0.0944184822714,-0.0941771319013,23942.69795516848,44524.993091036595,6606551.30176
5.839898883496091,170640.67868962648,2.475403700122717,2.7992508236073457,0.24571985053838974,5.007312167597987,0.44599303366212206,-0.032875442404,-0.0312911469115,55009.567601618684,8790.545961844038,10117116.734
4.818171733161843,307414.37373589975,2.1009096253647788,2.132738179609339,0.34499357840274125,3.257001355909591,0.08225464847456793,-0.0632046485906,-0.0627136002008,60923.77286195111,23370.838517691005,5008168.59467
4.2967990309688435,323570.02434812573,1.8113346930672012,1.5980299630928356,0.27244864867225926,2.212821741501656,0.3349954764100552,-0.0712834441262,-0.0707164349853,52300.91491297706,18117.057915035184,6094457.90909
5.409118406352052,490262.3654931616,1.8608790276033356,2.620278003082521,0.27744014952854956,4.720340201296308,0.47896220989386107,-0.0997242040054,-0.0988371412085,52309.21701921726,2862.756288242859,12401282.8664
3.749767625754961,457728.1322489346,1.923939563978788,1.6988421761334576,0.41661247165634263,5.138665868238977,0.3520417521662462,-0.103502968436,-0.103299750107,25958.692933960625,31274.097157918266,4563183.54559
4.543877775951915,187375.7584820758,1.7178469887960324,2.6187072240520655,0.18774523521176922,2.1910396342554166,0.07312460771787065,-0.03882284144,-0.0380692237127,24565.302021387397,12428.68006506456,8635836.98859
8.423918003050836,538434.4382186212,2.0796947108091297,2.9790237140535187,0.15230750613793445,2.732697423686219,0.3110930073207387,-0.0967105626997,-0.0892853397644,65427.39785713875,18965.430556059775,36573021.8659
1.8169753112458136,466969.97560095444,1.8451497365837306,2.182677566183091,0.4592973836473351,3.0377320379259225,0.263086378398965,-0.111855632646,-0.111715942077,19782.415229045135,25075.20611733626,4415276.68434
4.025386466602079,328583.44925953745,1.6097990805770879,2.9232683258729057,0.18875415072985802,5.504060672268546,0.15513613963898332,-0.069826728937,-0.0687264203572,17596.79840479405,2951.3700663416216,10803373.3109
7.083846576499572,486361.245281821,1.9778147071514762,1.6187065921261867,0.25539695636628856,3.233262677618852,0.3513663878542457,-0.0946989190769,-0.09320347792,82299.12082350925,43746.810919826974,11996722.0758
7.69065108012973,273835.71902588854,2.2872409443096333,2.905762109490897,0.24441881521669978,4.604926184459645,0.1427474128719173,-0.047337115035,-0.045501817337,61951.19125935881,13819.62791124054,13236481.9407
5.537575747635887,44115.54674761156,2.2490417377976746,2.600050150880345,0.26461374546972316,5.491608110119481,0.4163796157727554,-0.0080397892998,-0.00783633558996,5953.271572505477,19672.917345567246,4869758.52893
3.0059786189050857,311601.9279070994,2.3337760171568913,2.911539293221611,0.41860481229138813,5.871778702030102,0.25164560694939697,-0.0697768016589,-0.0694327032417,29669.148181698692,13003.029662235234,9350437.05539
5.829084668655268,555072.4819346814,1.9625111335578396,2.3836276696732686,0.2421912657575416,4.493356328399144,0.07383020756351022,-0.109161623015,-0.107001051861,101503.37747616625,35999.0688479499,12545421.5379
7.0949658662857225,338113.10094516963,2.002819035908821,2.2047043156273944,0.2902925762708888,4.772374832800197,0.24044233042763125,-0.0629364025396,-0.0621326644727,68686.88919265724,11105.522730934643,7452822.50437
5.329676263650854,399652.61128087755,2.86926155316479,2.8927859748576403,0.27986921572118123,5.84673665128957,0.4395643763833762,-0.0798149640236,-0.0749326478424,106220.73339381727,56379.69139529052,16585120.6683
2.3736670197243392,232294.00161638745,2.0305885096820413,1.822473053585431,0.471917953768358,2.740366374337319,0.21056111691780666,-0.0544232208114,-0.054316545381,23223.39920236086,23232.22952925175,2457453.3546
5.546110134130942,232384.81245283975,2.782072466618211,1.9285539685160478,0.22267376626548685,2.487741781840607,0.3338326362186664,-0.0483752404986,-0.044266679893,70613.64606305238,37829.05833600442,14548268.2488
7.124323100866443,59210.603826489416,1.9235347125179523,2.6573179240606,0.18195385054013702,5.018511505735638,0.3057808118790147,-0.0102474675707,-0.00981349663415,11476.445521285454,22845.609062193977,8944532.99864
5.377475616103864,360800.14269762626,2.398999689867809,2.3128991818758324,0.3357335926321833,5.650938926723526,0.09790420133018106,-0.0707839671226,-0.0693956593674,77421.57961022817,60793.51169807877,7872805.23068
7.089038131651196,515769.0329065359,2.884935917291748,2.547277091961991,0.17088082089035767,5.088271363028655,0.3606450620699857,-0.0999485769443,-0.0853255045513,116365.3596468336,19154.44083016504,35508118.9047
3.7255048755723497,419073.06776817935,1.6014713875093716,1.8108564584930675,0.39877837338226363,4.145853196847369,0.18524466136646722,-0.0933217560506,-0.0931724967314,28089.21549899975,30225.101970235362,3758315.77125
7.771254876201842,161943.52497832646,2.8108784117877086,2.4667339292047594,0.4399070868005852,2.4766719880632233,0.4813947241032196,-0.0288044805682,-0.0282555732845,92565.8497294183,15956.086604440345,5510226.93657
5.03233200034445,359452.4588394168,1.6218980148998272,2.4233270504660878,0.3749525433454579,2.8730565755424267,0.16446979955073393,-0.0742338837345,-0.0740858403272,16426.584557439175,14162.01250432487,3798442.39422
7.554181337337177,181898.84894173252,1.8303379069221999,2.017777046439808,0.3021753155345628,4.723760862163189,0.29617617898267745,-0.0334921304567,-0.0332174216862,32298.234778815124,5838.273630676179,4517169.98573
8.885614078865723,150414.16539894405,2.6728928503806193,2.394475276539217,0.20636820288890015,4.293324164472661,0.47350747665958126,-0.0263452579211,-0.0227856132891,67235.6484317618,8398.313875338808,15548393.6486
9.757971054383999,520829.9599321473,1.7316327390514346,2.6608214763533393,0.18698574235488347,2.678448135878013,0.44618248454506376,-0.0876988327159,-0.0855710452055,58813.79936685206,27385.51795271429,22824947.3989
3.4442255505377277,294715.6796728149,2.876786925512668,2.2015517410093346,0.18038657153311555,3.8652425985692727,0.2645558595975405,-0.0691948383261,-0.059280162918,63157.83695670422,32357.474126195983,24267886.8464
9.054714540349728,399488.15489016916,1.976912244026428,2.372753963795497,0.3228627934719757,2.974258552511215,0.29394415419135844,-0.0686305580124,-0.0680260549201,63066.14234021902,13059.70304323927,8549918.82938
1.3918100308664751,62920.406152832365,2.6802478840483905,2.4655207851161762,0.2294937856976504,3.1734071882568404,0.35113362747715227,-0.0145218293555,-0.0135866085374,11722.735019466694,2489.2059638133055,4698688.85208
8.176786934788845,549404.7251688334,1.6741288390364732,2.705453119045776,0.3557798533239215,5.345552398217257,0.2624709867098868,-0.0973576230012,-0.0970726750591,25193.615612185942,31258.251567113268,7008392.00816
4.112972435721576,323308.2442878943,2.5800720093091374,2.241331119345019,0.30583998285167047,4.363311916429014,0.17075406833316287,-0.0683330808234,-0.0662937712677,74192.21399226089,55396.63346840871,9633105.63517
7.9894831053658955,215499.97127136617,1.859249978703326,1.7778975229166856,0.34730554119406165,3.4435704830149816,0.14241973844470235,-0.0391384534225,-0.0389180540435,33326.96088568911,3798.537363406427,3741288.4544
4.2518258740813035,156120.66202055957,1.7514024998527193,2.692422210144835,0.24163454164922166,4.883068436358926,0.41338102648922237,-0.0327512645528,-0.0323824597526,11932.168613632335,903.919607114332,5033389.25923
2.8307736630102687,345846.7382893538,2.9223696777072394,2.0947979544624853,0.3851619273895194,2.232104722838079,0.43561152153588006,-0.0783894787422,-0.0771041422143,127103.39138521132,71370.80391827041,9022942.32577
5.976199493844972,374373.5549545263,2.544736909186,2.7294176970543784,0.4010120918209894,3.3746232194267587,0.24319037220417278,-0.0716018178862,-0.0707306643316,120852.2834642927,27078.486965031032,7827778.47163
8.200959321033093,22499.430319176205,1.9194523332696605,2.741256432849485,0.4252413469969599,2.94455668759931,0.25128249433043937,-0.00361576225347,-0.00363400755852,13186.888370345727,46696.21503027315,3065101.25872
8.063665802264357,330027.72646370356,2.534392235627823,2.9461810592283966,0.4745670949321621,5.939351340929306,0.2717488445548064,-0.0553286075088,-0.0548895225297,88469.28190701926,583.066357662189,5717677.03077
5.847068179976803,496588.7045193595,1.5090540981150744,2.3365102060519454,0.49526869957290987,4.739027405831013,0.15000739327048987,-0.0991507137645,-0.0990726596208,25640.77974980748,20624.6820473878,6291253.82169
8.986118161001114,224539.38440646263,1.7668201026259287,2.0951095062234,0.29589551166899086,3.782036735476005,0.17911294236799874,-0.0386028850502,-0.0383243805413,27881.39694891358,16449.3318767974,5571546.98671
5.718063386513777,356827.1404469378,2.6381119171383203,1.6645886584325595,0.4795359023076695,3.3900180665258453,0.39955477817255824,-0.0721935021545,-0.0717805927741,106161.9450106728,69441.25841942454,5908523.19305
9.982433588412539,180079.82317442485,2.23175971931118,2.3448143483559436,0.15568122770560322,5.343979441379746,0.41512004854235757,-0.0301922540523,-0.026300012017,46585.41331089559,17752.795412655567,19982772.9084
6.905865920739382,550334.2856997871,1.9794134168907829,1.901991730339461,0.2139396033179492,3.222934432455453,0.13338245273720342,-0.106454686673,-0.103587610411,83705.32917881157,27454.657580165094,16468469.2827
6.5256152047488865,178865.71188101984,2.9678833526252757,2.1190676106746347,0.36357372173761704,4.81010275314995,0.07765599792936347,-0.0324117791194,-0.0312480684004,94956.99449234142,47912.63124967751,7351698.84606
4.566791321922522,242867.42787688546,1.7845227554419794,2.357921085698571,0.3515905762131515,2.135709111567932,0.394223624404724,-0.0516323863825,-0.0514549225054,18483.792372285832,10033.300210792186,3721475.35189
1.3557012413852687,473690.58100746473,2.5159602568516277,1.8572395972742832,0.44129325733962865,5.8834860727452245,0.2166878725041836,-0.148406881418,-0.147877664674,105337.09971685348,52609.756017507025,7125574.43063
2.318435972101137,39255.09691413869,1.5473676656112776,2.50299490907749,0.47599198150210853,3.0300865895982576,0.3620574900535845,-0.0090860408608,-0.00908041919122,3922.692333180292,2766.718782774957,734886.778327
7.070806896601766,342489.96068462793,2.1571053732908916,1.8767537427948822,0.38990127561157467,2.581481948752768,0.1514722696430977,-0.0650722167065,-0.0646636795382,58211.67389267625,27373.637810573633,5519605.07281
6.930783123582343,358673.27381787274,2.533111962574104,2.307819207036919,0.4217897934527549,5.486532074773694,0.27334365866516225,-0.0656774450858,-0.0650245237865,105378.19954635757,44438.75283659304,6569718.88189
6.151330508854321,568679.0912359572,2.4671036013088736,2.4993776938581096,0.2994412211426125,5.087057181054975,0.3014169396158896,-0.109484848527,-0.106774973165,142333.58211572387,58448.99972192941,14566055.7492
9.147867382877804,422947.2403852161,1.934452822448622,2.7981851430379505,0.4599241826126619,3.801189442258373,0.16984238956928127,-0.0703295322105,-0.0701649687215,16115.148814274493,52584.83460379829,5233664.23045
5.457419138168424,141414.4967721709,2.751299533560583,2.870882434862154,0.25328946087162474,3.007140959704923,0.10141319014966875,-0.0270966052877,-0.0251428827804,60772.316098122865,5293.526232406551,10713401.9547
8.106979968692055,445035.7356432951,1.8883928935165442,1.557094198655891,0.27375569084746926,3.808303651206339,0.40586686647899617,-0.0828219150749,-0.0818910540608,80954.64950533299,29508.052149659998,9283868.4906
9.009191183751172,309216.7202562634,2.5438409223325986,2.657568113288532,0.31916378885709884,4.813681148412485,0.2776751058425531,-0.050617046844,-0.049056375081,118746.06517119244,6606.067907024164,11320979.5273
9.887962330273488,462746.72318950784,1.7852541659395718,2.5073701192340234,0.1720165973426724,4.617898521452288,0.34244067704241504,-0.0769084648105,-0.0741721020374,67555.62018074395,19106.64622747352,22516606.642
5.052950252159832,454020.0767232263,2.47848289612788,1.8981807465567748,0.23443288510031413,4.273070354788407,0.2894025074146561,-0.0950025119462,-0.0910237547661,120577.97452569222,55757.532962510646,18460461.1332
8.136156191983567,40239.773868069315,2.2408781334317,2.7474378897203646,0.30574019429505983,2.0729463755160413,0.27354604730342474,-0.00650457770692,-0.00635692789306,17116.27409982328,41498.04528538508,5901677.26876
8.16961414236427,509059.9929820418,2.7199134243997767,2.007438944284904,0.24398173357323436,4.287083289966537,0.4990378696736606,-0.093093827165,-0.0868898774543,184394.67733754878,84003.90240293005,24705376.6041
1.44819625495813,5761.801471503136,1.7112513084497099,2.8305918554737874,0.47601053168850205,5.874954825404282,0.3430303060167153,-0.00163665098883,-0.00164332789563,9127.668467288166,13797.144400498968,789839.057089
2.4668505185198475,380933.11710351263,2.502696744512206,1.6385932140904793,0.16267738622435868,3.266182421843065,0.10643425316360813,-0.094511920438,-0.0848400547528,29271.772294108025,39856.186832121464,28886239.3924
3.450669764513603,192942.35414709785,1.9954329325840305,2.7642060615389954,0.4611966250601325,5.214619665718924,0.25541528791748785,-0.0420832330202,-0.0420059143753,3224.0078320953944,1984.558906018874,2469159.63894
2.1348473614653116,123370.35860589345,2.9982289649761746,2.7493360578949773,0.49580204977700126,5.223364984067919,0.44151226444135316,-0.0283520636646,-0.0280794466904,47342.75186861822,8988.182322295312,3009644.87018
5.617439196273336,353138.52387287415,2.518993168495202,2.1018841795237995,0.20686126036889277,4.335523768295571,0.4278233320393018,-0.0726116514392,-0.0677891750317,94157.69325533217,34266.830067796356,17285949.1784
9.152785521238023,157703.4897251841,2.3939679631123316,2.6235818106843602,0.28940692873887575,3.7558484569037374,0.2895272157718859,-0.0257894739046,-0.0248691329735,53662.437937355746,22766.36239248369,9203728.43372
8.494797552105725,566904.7934992262,1.7594861282034182,2.2432940281675346,0.3942157824663375,2.1004455707557734,0.2859046964010414,-0.102333375446,-0.102072161935,40085.86057327294,21506.18417174233,6235638.24393
7.3524376413893275,235971.00889939003,2.8231503984251956,2.8538950684405253,0.49659930545933006,3.063600046557221,0.09533175052194531,-0.0410188103735,-0.0405544711994,100448.4580330194,8105.359904124064,5520135.53322
1.1507221798309928,67625.39413217621,1.7722916628987557,1.7062190301751508,0.31016001508772795,3.928110075585014,0.3089117030083862,-0.0179283029487,-0.017858956069,8468.902060491944,316.99002470828924,1236957.61785
7.129367959588781,186581.9809142444,2.5612272392983284,2.466178358930069,0.26688851709500294,4.132307834589907,0.44030797619703127,-0.0345010637341,-0.0327381690858,68155.46978758188,3341.7600512688127,10219367.5029
5.7388143382446755,575039.8345014793,1.6807929027135342,1.7812049631131834,0.396545019781471,4.28466571108775,0.2461439522508424,-0.117573877709,-0.117379265166,38922.54631389741,10179.696742545699,6634643.64379
1.758982708834379,401564.8059706627,2.0930660987637295,2.953693189359456,0.3850908220759357,4.189455885062484,0.4873063035899669,-0.0943526259836,-0.0940311406632,23252.37702686538,10527.98489406748,6212708.40462
6.925034920031438,377322.6041416502,2.5209778718117586,2.015613690331522,0.44210172834087136,3.1406313353634547,0.10753170890172403,-0.0703531492942,-0.0697968072129,114284.32530544802,56641.74426348141,6529214.5542
9.279652742853582,3256.8115606555593,1.9588363701019258,1.7156628693325462,0.22519392862313364,5.759088016179101,0.29964322421234907,-0.000325401134409,4.65982816229e-05,15496.001064008184,8300.656943024345,4491755.35759
9.078436399487686,542468.2544317386,2.634672983122634,2.9179921852119124,0.48522150041297263,4.832720267226176,0.14220216897489896,-0.0857180821086,-0.0849515502327,162594.3735077268,26503.94696424423,8488660.61254
8.557223292147278,385096.0717153093,2.0597970953726015,2.6586484955143277,0.31720127060837455,3.182600309085118,0.29251696332960675,-0.0667490662933,-0.0660321964356,74586.4022792646,20107.681810104303,9604174.25901
6.631224414137851,311270.50540312735,2.3195962049726893,2.9330606064488984,0.2534771721689137,5.397002842578056,0.07428003055344028,-0.0556428456727,-0.0536217690836,77087.05182850332,12483.110927069261,10943679.8699
7.176269181624214,541426.9267584371,1.5279166211585034,2.4831432231090496,0.4215344634141315,2.500410274414312,0.12390524916966736,-0.103282855616,-0.103169078525,13266.690676585165,46538.95377717831,4879036.93374
8.837564986577348,195212.02016465104,1.8720830863192446,2.546884670757985,0.47557658268496095,2.6413072038128322,0.36025326958314324,-0.0338572126309,-0.0337958384628,240.76164043878995,40859.213714822115,3053964.81089
7.435637089215853,104346.0974951798,2.799668613218442,1.7033003992528917,0.43660800255887544,3.416014384374988,0.06225382830319667,-0.018676337673,-0.0182846485487,62027.31878861423,46619.73057605512,4281278.91748
8.845534380214527,490859.60189071076,2.483719286880736,1.8421456952258883,0.47072583342314733,4.1321486266737635,0.3780700809268458,-0.0849015348797,-0.0843826062418,122731.7541470008,73603.5652397801,7420019.97856
3.4277803535553515,560281.014314461,1.6357132782574673,2.6623174153183493,0.4263067346774373,5.0783913801957805,0.261235759063792,-0.125048460178,-0.124902461891,3157.019243619341,10645.519363337999,5854724.06376
6.075357696284614,269916.17489287496,2.213436084306056,1.8879018905191616,0.47338008930240616,5.397997381128629,0.29603516882818126,-0.0530456054382,-0.0528859347185,41277.04194684545,15894.779348777536,4806984.93042
6.935247544141003,335333.48738292174,2.1831742392829834,2.1698524516425275,0.4959729459386255,3.813067983122532,0.290586103384767,-0.0632122731815,-0.0630255823285,48148.3036818262,7388.568367254786,3701937.55401
3.9175446788166806,150581.3987519359,2.2765682846820114,2.5746902343147453,0.23555096059988417,2.9335245629098745,0.2058165167085046,-0.0316446234658,-0.0305467641716,37805.20300779027,1489.010939463736,7394409.83933
4.700421231996647,378941.4216362524,2.998840784391404,2.5882561082224926,0.2582505091665068,2.300429418595719,0.49428714242569577,-0.0798719089018,-0.0742740083673,129870.58313406481,46189.2480746955,19636450.6767
6.744298899453732,271449.42650830647,1.7423884966527137,2.412882475131478,0.3278782446609491,5.454294446137549,0.49410400265325427,-0.0521976618718,-0.0519787589314,26389.137594436503,14916.13751873495,4715925.75783
8.465285611108998,538901.1857572868,2.8602422794790687,2.747413566652399,0.16853317368577264,5.859140068322226,0.4837464793163675,-0.0980380199499,-0.0823675695807,125252.40547439679,617.2582242799964,41167904.6013
3.107829514369337,386063.941347101,2.5454661060537767,2.5504129010189183,0.33713563744199515,2.695189702466066,0.4727990560444451,-0.0858563963972,-0.0844964511294,108725.71193354709,38744.0781859983,9311598.81965
7.010402617281933,391487.4754511868,1.9766788329190845,1.9818911288142809,0.1792337423262534,5.454985629758065,0.1945141680326139,-0.0744625151547,-0.0711673480673,68631.46467748663,15214.029843979597,14240504.7241
1.5463455763234921,133660.46356697546,2.275960695230606,1.559384317082575,0.46619291183252654,3.709147842143254,0.3019607602410729,-0.0341968973853,-0.0341085567438,25647.68128134785,15814.050625394639,1764375.15332
2.5992746239178004,295999.23541829054,2.236195959668428,1.7771090204894768,0.4584641826206233,2.205882046422112,0.16177796911963332,-0.0687909628939,-0.0686294490161,34595.78661833739,17699.95425587519,5671686.98575
6.521130896700768,99291.39921735604,1.5376426750953756,2.334504715989487,0.21753746062047669,4.32949013190238,0.1292301726826628,-0.0184691954557,-0.0183777401371,6235.34847609143,19808.212000499723,5174400.2129
3.1815679760239957,92187.79450075074,1.9859549737468287,1.7979739604860199,0.32406240092052996,3.2859109713765076,0.1113112321188183,-0.0203953139393,-0.0202138130163,13047.371282415355,9475.394669687235,1957924.92293
3.071053940318803,65038.65880535249,2.631972241392785,2.369450281664672,0.3626357417861269,5.910401252275506,0.18994559028932134,-0.0152110117466,-0.0148894904979,33620.34667137788,1994.4246351195422,3036808.3194
8.871842354742082,561868.9212278709,1.5525676216039777,1.9361950475777714,0.42628581562708234,5.022683003768279,0.2332366341116845,-0.0995328275702,-0.0994153402306,9266.197229808362,19791.456699223323,4536446.22254
3.332598775877714,446202.11189526843,1.9871007686893707,2.309384669012231,0.1702508598458275,5.385573915468578,0.14584651187007344,-0.102851534807,-0.0986153137725,45043.88819186305,7831.616892973143,22438950.8492
5.102162613214506,381692.964033197,2.784649215677545,2.0279733987482915,0.2135100861101929,4.032007502859759,0.40486105313367166,-0.0807095524676,-0.0742403606605,113362.55314989561,56206.49054134131,20625510.4084
2.0306521312977157,229377.9669712729,2.461184037881238,2.727700424671771,0.2505720798282283,3.361923786854398,0.06090965143278299,-0.0523616807433,-0.0503710769656,39045.80451780472,19948.283545460454,8531019.11898
9.688571934508051,513354.7541391435,2.2786681107633777,1.7459403726305958,0.4221965129977755,4.9268314933285415,0.4320948567642309,-0.0860446215992,-0.0854929501146,111272.44899604695,61375.53897759842,7836096.73322
3.238945880023098,377477.18194475374,2.158179672817319,2.866735877141722,0.1825233561538373,2.284251559914181,0.20758291916955718,-0.0836884075502,-0.0798455419365,49110.03882898743,2045.3871482275551,17211669.631
3.9561956668256757,147881.0502589045,2.8377991064886863,1.7352437784721946,0.3421874914288902,3.400788436181237,0.36211091610461027,-0.0320489530871,-0.0312087884886,65287.4201481407,44386.77577488124,5761680.3912
5.366976400860109,585282.1712813542,2.530652916738466,2.7416339040491655,0.4040676833457074,2.8897832354130855,0.09293852213716347,-0.115464236311,-0.114206053644,174599.94617941845,62304.19035882898,10132667.4416
6.071790293571359,228151.6176170285,2.3561131514470954,2.8639909039140674,0.45964278256011026,3.6430185371586212,0.40974782685700695,-0.0435979088282,-0.0433557341287,48584.418569803354,16483.689955176258,4232177.96547
5.376534523977911,493856.72334897093,2.715828603158152,2.850953859099962,0.38621132102088385,3.0248000658406964,0.3503656915270109,-0.0976131624786,-0.0959544528643,184118.74828085382,47701.40211114634,11593185.1305
8.43142283246824,490615.12789217854,2.375014588687236,2.6733191680938804,0.3819013652796759,4.4629019123689755,0.11426130991229416,-0.0821776155897,-0.0811938024083,118222.56832494451,20116.983877715382,9404428.97165
2.282626861162043,399384.92081354314,2.6246515151894236,1.5722403060681251,0.22263480277602743,4.350615638929572,0.2601801187851589,-0.101363602962,-0.0958203296456,111154.55529309546,90383.06254898525,21402614.9491
4.71196439764606,353450.72929547797,1.9596656655867082,1.8652926748717489,0.32831613789576003,5.938624226782444,0.07075988492126338,-0.0749355843801,-0.0744972193363,32275.41957328367,21331.41533681536,5656436.59151
7.8908494161069935,402508.0538194119,1.8450302423710156,2.2331035968625,0.2620934059099714,5.598853840161742,0.3625463170958094,-0.0733078305249,-0.0723942815507,68394.78486852469,891.2304049199591,9583055.96309
5.7460478141605495,574070.1174227748,2.1323817864459613,2.71495323294531,0.39880248605508706,5.936807495240579,0.11603975199592396,-0.110572983998,-0.109712770054,99721.1332104251,78319.56064925452,6696836.46811
2.716855349992973,384372.9363361293,2.5410664238579805,2.5826345049677704,0.4270625508560113,5.819837127182755,0.2680670130193459,-0.0914819208475,-0.0908321172993,106675.70049122554,15475.213503212706,7343159.67922
5.203405567673913,63362.89940690605,1.5133972190281346,2.2475285891244905,0.2960872243660889,3.9325412112962788,0.36894953007299275,-0.0127787136948,-0.0127664486506,1381.3213017309452,17970.460458045185,2365689.76167
2.3351928421748447,259955.93328516392,2.162913744074789,1.5396007586290343,0.3580733692315019,5.323305003928077,0.35580301508118456,-0.0669231942433,-0.0665705269404,54520.9551034162,31700.437643076046,4480721.77126
9.029127814074553,559436.8226104889,2.0478278114219752,2.0580198797588665,0.3086670305521869,2.2904807132200444,0.4542595963046046,-0.0985559949616,-0.0973859864661,123282.42429074876,22236.549896660898,11576926.7486
3.3032401444682153,334302.18296826043,1.911712899166508,1.6310752324696693,0.18857136249244055,4.055363160717973,0.05808732412669306,-0.0766398498992,-0.0741837914284,36832.61535862551,26405.992640160588,13150210.2454
7.809626806619482,463073.26667115,1.8531722715057979,2.892297493685704,0.2078201206665149,5.56699815784526,0.2197613313896125,-0.0820908638163,-0.0800651058917,73266.8935822474,15062.554787773019,16186092.9258
9.984483787196107,57577.40153504185,1.5455649291531852,1.6094574789312623,0.297460387794124,4.997713221098661,0.44024330496342706,-0.00966105637655,-0.00958353017301,10275.009008191055,9611.920903990547,2539946.85664
8.015564278123616,553838.1944749409,1.7128452538110976,2.736299965190779,0.49387892618629037,2.5168247063588924,0.2860695751040778,-0.100578943433,-0.100457592966,23374.040612217577,64673.995070878475,4988336.18882
4.119076287695746,381888.15556332073,2.8080925643274193,1.9001182509691297,0.3659972695625371,5.852324958519535,0.10742403622118425,-0.0826465256358,-0.081130542594,66435.58694958618,67379.11167869843,11167011.4204
6.3271449182859465,474296.74791677395,2.2807907360914834,1.6214444072673946,0.19958883653822238,2.009075467626869,0.34018699788120577,-0.0972761550945,-0.0923764746867,111493.11367520539,54788.52412781712,20152029.089
5.755705670973821,245781.1381399965,1.9818622674522208,2.6431554071132917,0.28077217175267327,4.247858460499672,0.3370518316487882,-0.0481639823375,-0.0475694059968,38038.733868403135,9669.582925081348,6732244.54601
5.669498700625838,455313.8632140242,2.6044336553577208,1.5517667647897728,0.3420719337900324,2.3390659450274467,0.4297363848006325,-0.0939965470046,-0.0924299867087,151601.16141822815,112270.89464534611,12374172.0192
3.4056443516628727,39366.8779730884,1.9419309730969014,2.8454594721774704,0.31255523427574616,3.548063368701619,0.3099935990217205,-0.00782581963658,-0.00780262113827,177.31263453961228,6832.136400429038,2584709.98666
6.205597832777597,234836.7832145138,2.478880451126855,1.9645253797022169,0.34778156954711725,3.234931171899474,0.22556170801563485,-0.0456725555084,-0.0448721084643,84806.38250132075,33943.71526824133,6672009.96625
5.350725198966288,380068.6283330338,2.5718965558281193,2.3003558630809966,0.21878708782153833,5.500905176614095,0.4906626595422111,-0.0789776613247,-0.0734896773546,73534.92228759149,38185.707983626475,18370566.5256
6.433592955988915,69008.33045499356,2.600580897193108,2.95856803196258,0.2825060984829444,3.480521206539644,0.26963055908246075,-0.0121198395256,-0.0114506269992,36216.20655538418,28171.583148502566,7431834.14564
3.6642392559236336,470898.6381603557,2.3809074691561456,2.490748075883368,0.3429107706881184,5.687267907881312,0.3357073408461959,-0.103441528487,-0.102273697353,67121.10271383906,35843.262098450235,11232283.1865
5.734376488938333,484217.3291435784,2.67354027292422,1.819458733766902,0.36403899882232277,3.149343031124832,0.4167159459149611,-0.0980131177937,-0.0964254532018,170507.74519173062,95969.36437452423,11687437.2468
8.468069436656524,97832.97925917251,2.5737580016944497,1.6163451154198811,0.3535608540973204,3.2852919572590724,0.09942032848132246,-0.0169609067093,-0.0163761022877,64160.192419324514,37544.67298762361,5247489.93047
1.9713292937452518,581445.2031841592,1.6692618862912298,1.663829516107827,0.21984979315648556,2.9652633200163123,0.41708716391414136,-0.141818620867,-0.140502485281,40366.67198316236,26408.05068082397,10554380.6078
9.861680546217972,131529.41901935523,2.288750350594798,2.2002446553852346,0.2263352226336753,5.650786454617467,0.28236786870585917,-0.0211114452757,-0.0196094481885,52547.91488965289,7519.230780942584,10400575.326
4.080269773574968,220511.04277747945,2.4213533039946267,2.9346714278365353,0.1855735279557023,2.90943931262051,0.234595927137575,-0.046545111495,-0.0431711233905,49613.88326895444,4407.6607578617395,13913999.1307
6.269229840132136,475275.80915697163,2.3470857285746485,2.4342825887128656,0.42777848011190844,5.778679837124491,0.07970278224582901,-0.0886242495024,-0.088068086292,85975.12739129197,49863.91333055537,11204383.5492
4.994173954560953,203652.07985277008,2.5480719108516348,2.623043116274953,0.2207926274609043,5.195510185550821,0.06089508070269766,-0.0406846286958,-0.0370027698591,52619.88911470715,23620.713721607575,14468304.3195
4.6097713960470905,49390.00561905824,2.8156207144220002,2.9761305842175703,0.4929894126933694,2.2901791489847905,0.274904704831078,-0.009418966436,-0.0092851272428,27451.198090932754,16633.29812174015,2584180.53488
3.140817030089038,163505.83278584437,2.448885207286189,1.7808353694124797,0.4283335924759085,5.7328453672214135,0.14043236964041014,-0.0431405801453,-0.0428933815123,50492.25126690271,25369.320963814866,3294823.03697
2.9778444439782,272449.5513746136,2.9764363841769295,2.285192661677044,0.4932712309613705,3.535595732898016,0.13980493176518735,-0.0597655240917,-0.0591669622895,58965.881210796106,69548.76793365028,5828743.89303
3.007651369723127,394139.8238646992,1.5963339872956945,2.5828481344541707,0.22034964910637295,3.8342485546012868,0.444305331510503,-0.0892543059412,-0.0883018396935,28250.992911914553,13978.61937976521,7651176.61592
9.064080799694906,239182.68103352617,2.347715268215124,1.8617903769008117,0.4912824959770947,2.3628176050410366,0.213532793376164,-0.0412123017316,-0.0409952418687,69346.05851527538,24901.641012385822,3864185.24461
5.197660045586575,86793.27214788036,2.20050063933266,2.6432652788053987,0.30036515175449996,5.0004034616431134,0.16098515600366192,-0.0164684018839,-0.016220539069,14731.137863804937,13205.03215781066,4380729.30986
5.468259919026253,328912.7841567961,2.7567212850282123,1.5419821306187456,0.4030083147035137,2.8348424499430998,0.2684855321080499,-0.0673019743519,-0.0664695113471,105883.72901363578,97998.94432830495,8168975.11919
4.416964127809861,456856.0273582929,2.471086562066594,1.8543895820240877,0.21582248124880588,5.11323075920269,0.4075340166288625,-0.100444492956,-0.094862946349,77479.75936703406,54848.66851465856,20285920.4869
1.9110851632081634,164301.62876912314,2.874405430540924,1.5921389938458077,0.34522645411189856,3.120820023071811,0.23254858770737097,-0.0393485727172,-0.0385316323884,26751.7377796155,35507.0854517077,6367707.23067
4.7498626046726855,286655.31636524264,2.920577109532447,2.9110382653255433,0.24069473130511712,5.350750275422706,0.3494701344017638,-0.0591851142795,-0.0534647044333,77363.04252368108,33800.12400463595,17250621.511
1.398287551687133,37590.20397733035,1.8047112055893755,1.9373010581503014,0.3778848560930792,4.391210021349745,0.4584436083672907,-0.00955184560418,-0.00952735821834,4129.908574172882,2882.0303848403732,721905.550746
8.428601233708328,127871.27435478308,1.8766198655225903,2.583523819272636,0.19738083427376493,5.7694254541029055,0.40931394856976705,-0.0219932468034,-0.0213491182905,24163.396089284037,25877.442692723405,10669281.8565
7.371112918284474,41707.11888965404,2.3354870058360433,1.6119369423795127,0.22500583684385517,4.3082436546853735,0.25195049442875833,-0.00775926158205,-0.00677254673814,32356.03307460209,8105.376524889096,5943169.79451
6.046501522471481,388934.0793862506,2.7552822286883556,1.7905152172899756,0.195848273003576,5.5476061407856285,0.050544768360173756,-0.0780794363246,-0.0701338218406,71635.4020725751,74340.1106710994,21222062.2014
2.97420288249,28973.922958806943,1.588284239091481,2.013869704055523,0.4881251023279797,2.2180608626216856,0.06222225251604726,-0.0065266896445,-0.00652049640156,3527.8979766813136,7540.694644401345,811930.686033
1.4303639625115945,211590.48030427782,1.772469002933101,2.1812078527555387,0.15050151593360575,3.584483834744958,0.31306573699290946,-0.0521497299066,-0.0505293521901,13551.98308018229,3114.105642781446,10264722.0781
5.933439059404895,271227.7601015464,2.948882051863788,1.8580614975247562,0.4734799046538495,5.645617244672336,0.1797006313766884,-0.0520056227221,-0.0514470491125,108123.50733881572,79205.95397506635,5941039.90078
8.539830090266694,5115.499495081765,2.561504441147241,2.8215014353824968,0.37991449792927634,4.505116120968037,0.2035778925119468,-0.000232612930848,-0.000113266561599,16609.977570163133,41202.5003547169,4366649.46025
8.575888637554142,266921.198577801,1.9341091350485577,2.1140489084586025,0.32901617766815305,5.380969305950348,0.4674819614758101,-0.0472061496619,-0.0468282556527,51646.112216858855,3428.93354812138,5588117.31151
2.354178388152619,239701.40627501163,1.7928387186617216,2.3560125860147956,0.22331653057308656,2.5298294744050724,0.2643578980241997,-0.0553448087212,-0.0544398106163,24728.52449880821,12115.982542639524,5604449.33866
9.55443674928905,492125.12571483606,2.777433799387543,2.724100410834922,0.2656970017500761,4.597609702560931,0.4054325251295544,-0.0802979747837,-0.0748076438657,203215.82003024194,23444.725683687477,24720257.2265
9.046699570766778,48907.598845299275,1.5302845340911853,2.7768134443707693,0.42175180939071066,5.566253485693357,0.17529378456393546,-0.00798841054571,-0.00802076166854,34705.00191157751,53228.06460631989,3365674.18144
3.8273632814845646,501765.40272787475,2.6183607713438306,2.3444153153694254,0.1865165081715618,5.359697147733398,0.2708811032413001,-0.113744059552,-0.103224150267,85531.63549464925,33539.91330162342,33127645.291
5.286952843448081,390370.4309296882,2.968783381760841,2.051793166318776,0.31815476544552324,3.510264287020411,0.23425336087631654,-0.078944967854,-0.0759057820995,164460.75257396858,94105.4854434642,14332946.2918
1.5069003678716246,11594.859537760116,1.758476204001628,1.8205136581859667,0.438911277149193,5.506522753958206,0.19465721618859677,-0.00382576191977,-0.0038177393229,1649.5451260555483,2293.816334487355,343113.245863
1.8450076539268614,415248.2778829409,2.658263873336254,2.9075430419371244,0.37976578739383227,3.9288436937105713,0.19010249972082627,-0.0955148580618,-0.0944692854912,43869.25344248437,27809.027200461347,9269358.17813
6.510716650102596,31092.736865964165,1.6454784921780217,1.7612397210470303,0.3678097774883615,2.377663151030635,0.275150789103136,-0.00604519275201,-0.00601358119168,6183.993327291387,7507.092765503644,1343619.2955
2.055901844162384,96664.45293544706,2.045182971539527,2.4765196273174137,0.48977317619798655,4.475701826734723,0.09807476248737729,-0.0228296321425,-0.022796001257,1328.149664243708,827.7457442660238,1996659.14262
7.959938556034712,199079.72336693792,1.6308037016359984,2.913190711100447,0.15607001293050668,4.816130571861013,0.0985752165947159,-0.0343614084699,-0.0335346788645,20472.32687295982,23177.31288656176,15143272.3184
2.078143761257694,72422.88960513765,2.7966466842680346,2.7495546254335346,0.42953938391725077,4.031756005499833,0.06392387191504735,-0.0158879083326,-0.0156936516334,13155.502671755157,3971.8268836763696,2477586.24542
3.0243187619757954,134437.9309699808,1.8336443141598462,2.275499013357363,0.2634678623630112,2.6592190064266026,0.12722514202836172,-0.0296614833042,-0.0294109114168,13407.484666521823,1901.4187167322605,4209203.52574
5.845804728315681,371335.283634384,1.8176355707239942,2.890232254170323,0.48544267698823285,4.1467661911464235,0.0694564172400187,-0.0713303766229,-0.071208082735,1206.4465662782577,17873.52579880111,5062329.77841
7.397992242679233,298314.7184273383,2.9324481185743836,2.233834896540729,0.4865003762012803,2.7548793463491688,0.12763160732316664,-0.0535020799576,-0.0528252498587,142089.05442271638,69197.59483588517,6747554.40856
1.222678855021567,46757.076734016504,1.5780126061042816,1.6512169138297923,0.35156347250271247,2.834132197454124,0.43123380186891264,-0.0117381929017,-0.0117194231413,1057.042374614039,1206.0781238877337,1006807.53275
9.415684241584302,252319.7669655184,1.8670584420052798,2.4697631837415246,0.39810086154052515,2.809525269116485,0.24697838981511466,-0.0423692393569,-0.0422345840185,19357.690618802695,37888.75366237613,4694917.71006
3.061860184701014,506166.8294060015,2.883648135573261,2.8126797335421654,0.43201052614874447,5.211352176511069,0.16066064552978299,-0.11066093721,-0.10941087211,96535.7675738251,55756.37517462519,10963209.5904
2.8524399172877155,339427.9985529705,2.8536929515129286,2.6615636524833945,0.1548541113820149,3.7910615033271435,0.15329384755547748,-0.0833732998682,-0.0677390954238,67609.25385482395,21780.149009457993,34894740.0921
2.0092820240812577,21194.493476651965,2.1423276592826808,1.85246791830909,0.4813489816358838,2.164355226405715,0.2194827576035609,-0.0049073445098,-0.00488313302681,3596.9167327318387,3176.6563101546503,560635.509055
7.788349304471032,345651.98721071397,2.518266759912485,2.306150691609484,0.4509867751968738,2.2306948489634193,0.41483025467799983,-0.0628280665201,-0.0622961746479,113912.02969308406,28572.899880842597,6405920.72242
1.527108892098782,553812.3576078948,2.7532274554642395,1.5382171066529429,0.25418666370443754,3.087826968603545,0.26597380761593087,-0.137593253147,-0.133142942927,184191.74762442856,113272.16273943703,23045656.8548
2.6617541950277115,383943.11746642337,2.667517851885807,1.7553849518162874,0.44256854548149727,2.990132009683875,0.30779461314839157,-0.0885471165227,-0.0879345053721,60176.795958063834,74855.13477145295,6597968.24222
1.547488441969536,246965.07478684213,1.5577298798033437,2.73757320545074,0.34421226690059115,4.0252804705748435,0.25352131682757556,-0.0594422158858,-0.0593987448186,4396.406269600285,4407.590116246808,3760372.04309
9.485210786437154,483173.84600185946,1.5382611376623814,2.840415297692573,0.30116351963278526,2.46053569093357,0.11915192814387869,-0.0815388026314,-0.0813972374528,3128.239713817032,73451.14568611277,10430667.2709
2.770882342037963,27384.389382945494,2.352688022124987,1.95996817202974,0.32499892596385815,2.2477105802523942,0.4055197951466559,-0.00583933261942,-0.00567863358488,12712.23977240313,831.5919192771898,1860851.24259
1.892329332049159,361582.99361618754,2.694862286935515,2.66209434540154,0.2966403553118378,2.1354734453112547,0.2771641987087622,-0.0841942112991,-0.0815065001784,78593.58426930693,48447.55896678422,10767838.2111
5.41636965380977,331506.5513209296,1.907701365091837,2.1391484316212455,0.3669790022248093,4.999914230725045,0.29076888594156103,-0.0672867959645,-0.0670470357683,27414.85754791849,3966.2724762286052,9136211.06725
1.2506589289619732,472913.5946758408,2.1389327445456727,1.9200498042395737,0.25692018429038127,2.5401030731823937,0.1813087915423235,-0.116832541558,-0.115171404,47970.664829510926,30306.060053889534,11612152.7494
4.853359065407589,414304.8275912639,1.742336356626546,1.8501707848742779,0.16545701273841973,3.527779284638713,0.4914252740715563,-0.0896350920557,-0.0870007183339,56222.93625135423,10990.18922663192,14585480.4361
8.581567499240052,411152.28206277505,2.3702059590294047,1.6795557600262108,0.4495993060802652,3.169292978423095,0.3624181385609781,-0.0731671093658,-0.0727454887633,96969.22123486242,57008.674456160225,6602744.45434
8.951162232568347,483376.8059568465,2.465514865494396,1.7971904414121254,0.4757592205262814,2.9023558172878303,0.07373192023940747,-0.0827110764076,-0.0822415804877,128377.8518346834,65532.14934186555,7107414.70136
6.291406544942564,358146.7223363263,2.2260616451742594,2.8512015763360172,0.18191263578136294,5.62768472443604,0.05690977857526721,-0.0667900358334,-0.0625143514092,60516.338113514765,12017.576108481911,16364436.2066
7.302938600578118,64689.77207583979,2.8830626217115762,2.2021346438734195,0.29169712852432805,2.3375631289853604,0.08245945416368564,-0.0116743231529,-0.0103666785056,61619.94901931679,8450.48760666957,7506802.71162
9.407626381045198,353447.3953840499,1.9148641826861057,2.017011791805199,0.15445726431746326,5.8679694442373975,0.3466540925553517,-0.0612666430041,-0.0573384190461,59451.79285051561,3521.5075155531863,20909766.3598
6.132346568500767,48326.11034617511,2.0570555155433077,2.046195143274432,0.3276122242493261,4.06947090145105,0.1737319698277608,-0.00901893961653,-0.00886876481264,16250.147137233647,5833.97059566904,2596145.23961
3.866516155897297,473725.3748125956,2.2984042151602644,2.2535431765275926,0.493486774345933,5.130066087994718,0.15365377559129245,-0.102331706355,-0.102035034837,50600.2801632589,48571.824964626816,5286308.46747
7.507417237540832,579925.6086077791,2.533922919159025,1.8681877725143283,0.302591605384831,4.481018508365228,0.43268212466618694,-0.108247667575,-0.105407158173,189754.64915143247,92425.98242668621,17289243.5412
2.2967196116591184,201145.99072572027,2.4439220711423824,2.108594749673517,0.20430271443547454,5.356978490296191,0.29297224694718865,-0.0513272166576,-0.0482477123256,64147.103290040664,17791.660248113563,11800973.9801
8.417985884732436,176467.0477026708,2.646051406363065,2.4537734009463383,0.398169044812127,4.8231431433591165,0.431285464310055,-0.0300303444198,-0.0294192394877,84694.39390181124,8764.938429768366,5986620.76971
4.089799100704353,118062.62958677078,2.1383788169209565,1.53718459193942,0.3549953576108734,2.1046841102443135,0.1489287344875574,-0.0258044998411,-0.0255988805059,31467.862624397323,17006.9866042963,2646517.65698
8.90207454095125,450779.0574576755,2.5307654230761343,1.7264689962217115,0.4507097143651243,2.159966848835391,0.10053030334567503,-0.078337640063,-0.0777291392402,141200.20499067046,85532.00976337513,8020951.15208
5.0565294887723615,155156.51277939588,1.8536025939689436,2.773488763403401,0.4027218550469155,4.551401650815081,0.420991791369083,-0.0313660706329,-0.0313073127076,2781.3185535111065,22934.561911591805,4078223.49662
7.0237862067653385,108029.36637881758,1.5533286164077789,2.978242425924419,0.21942023955741868,4.826905630439997,0.37631599650345465,-0.0194678853836,-0.0195619755147,4340.0461745589855,36727.035181278545,8147843.01099
4.704573792758144,400049.4508734603,2.6769867449947746,2.089387316226312,0.4536451244307039,2.388633853935498,0.20241347103387336,-0.0833528179189,-0.0827001666323,114095.38717762334,63980.6957864108,6789506.18765
8.240740298805989,70763.79029777157,2.79368926385442,1.5301280693046695,0.2094120614122456,3.446419921034157,0.17225372483823698,-0.0134171519581,-0.010551172533,51514.14387155561,25990.680061688618,10770550.0225
5.9888277556738725,321905.3488674869,2.712005946620022,1.9459423604743527,0.448645124852146,3.186356495483098,0.1407267307051216,-0.0626084505413,-0.0620080449749,114651.5237472484,68961.52755624034,6256850.92788
4.591099326494935,456691.58585917746,2.6896179479986397,2.0838017405906437,0.1591862520608019,2.475740125725667,0.16231667342349698,-0.101094365062,-0.0894512610867,64579.62821834825,21655.059162779773,29637791.7305
6.53977522342303,109697.81089895201,2.8359739669565576,2.8818152084677546,0.47037677762919927,5.048551523711492,0.3257130585657155,-0.019483054158,-0.0191812941456,54345.85762161848,7525.1913752141045,3976318.73691
8.923384328722754,214081.9789687207,2.5792172471977683,2.295414168191982,0.20327611209157115,2.1174884428534178,0.1775638333472454,-0.0377871955672,-0.0336013644531,80476.39521349699,2563.9876193286627,18408371.0754
1.1286816349868865,165525.17015203097,1.569885217102296,2.7853993045831427,0.3742353126090988,4.606759549772452,0.22203112118524898,-0.0438659821772,-0.0438440095197,11891.502640401117,22236.659919630172,2467503.45068
4.07542001843758,377667.6443209804,2.031482603917242,2.8234698467578463,0.1573891452230694,4.453638532210167,0.1419619374417191,-0.081549180015,-0.0748439730057,54084.148672806245,18559.715070531332,24268453.5265
1.3649189607997048,379678.2360864326,2.871492477719076,2.4318705456302268,0.27063075578543266,3.2289343504067767,0.39442103106829496,-0.0917702285293,-0.0880542113188,70142.47315474242,39797.34648649764,14580150.3221
2.2359095632844483,82915.60231063486,2.1308352367048204,2.825437658851288,0.35211268957470254,3.154666354460554,0.31331408310144304,-0.0183581687207,-0.0182175377009,8122.086914372168,2181.6727652119325,2267941.77772
2.3751846490135784,408210.8459095277,2.349915019749271,2.0766106449061428,0.47672311245693044,2.6915038237798163,0.17519118443023063,-0.0945272006591,-0.0941883407788,59048.665336196864,58285.82121553868,4535604.95062
8.813588499486757,515143.7840355689,1.5908099044107753,1.7590692873957279,0.20690789340183097,5.065123721111428,0.09184899199780627,-0.0913379493592,-0.0901286661375,50360.40455299462,6717.604756336346,11442658.4442
8.650062554562673,585909.6424879079,1.5683446089874735,2.1115680623067163,0.2793541904619557,4.142304226615899,0.35919272256713364,-0.105296614422,-0.104801487225,53240.77664543799,16226.437765022563,8840707.59477
2.5881362989282515,569219.8531178411,1.9496631431103337,2.5420765467371376,0.2642715159537212,5.116577174370095,0.10502354634118685,-0.134293117894,-0.132985203036,46312.919770146174,11750.376719191985,15286307.4305
3.292341792629055,295337.2596348277,1.787033684950028,2.364084020588045,0.3169828633140036,4.061760370742963,0.2006775893715912,-0.0653267675711,-0.0649283143024,27652.693230996592,22424.32000187343,3561224.30878
8.59235591228556,274391.02418969315,2.6256626267956538,1.6402025702623348,0.24348006409174328,4.929833962726649,0.19634693039769863,-0.0480197406004,-0.0447702947454,105055.65816947685,62176.0283377838,14909753.5439
7.996863699661662,360910.8139407643,2.3803400071778915,2.166119679491243,0.4598521659292003,5.009703514452108,0.07490184041208199,-0.0618417707818,-0.0614672918526,77715.35354338905,31554.661710770728,4969806.48464
2.0838264136834166,355543.5451754624,1.6549976205169006,2.140066666116749,0.44686485084975724,3.4797230581182292,0.4942420452819638,-0.0850536195605,-0.0849778198561,8016.044155486926,12371.595298877548,3616014.67272
7.7089924848174185,114376.01407233026,2.5369149116404217,1.673891881778729,0.20003427207486707,5.388697012828345,0.15694407359716814,-0.0210259359076,-0.018420204954,47893.33211722961,18908.565349035107,10494080.7074
3.995101255357491,362613.62474349706,2.3018770469730514,2.6139723798248085,0.4014326582754405,5.708042491840562,0.05689731468262853,-0.0767127808693,-0.0762561643745,30029.142091007936,20004.026438005574,6011710.59083
4.277964277486753,163140.66057035257,1.944123315937162,2.7675382595944678,0.25541646045412475,2.2424242750260412,0.2998470594353771,-0.0340020068146,-0.0335616451553,27327.489563330277,16753.55781250837,6478127.97464
3.1806761147331084,296948.75999375567,2.7314696664269267,1.5626642345474493,0.3871970406379527,4.646550097420235,0.2705449881562376,-0.0678871016927,-0.0670963805243,56776.00665517399,57913.88939331081,7287218.36913
8.488754711979812,463634.6746042467,1.696076213119636,1.5485571982415258,0.15874714359990308,2.8631213269105453,0.07252656144185995,-0.085864784249,-0.082930381324,45323.45758025387,12017.788628704191,16987001.7776
5.156710567176371,493827.5425281003,2.8659613894135862,2.6330729933135277,0.17910970323836703,2.8691051903514864,0.34740129956002724,-0.104636344236,-0.0920134683192,122680.47682687514,18472.23808663214,31784346.3483
8.308398042135124,322915.3774622076,2.780585074063902,2.2833496351088645,0.22013067114742546,3.65234349091637,0.1681589968935373,-0.0572893609867,-0.0514083393291,120436.00037994773,28882.182602067984,20162743.1294
7.851786044783814,116488.04758070825,2.8122110548288264,1.825561172561204,0.44397309835720555,4.267034642508466,0.43595903904214656,-0.0208717125171,-0.0204522271027,77150.45520931721,46300.741127267065,4386740.03917
2.8447124726258526,434826.12740929157,1.7952533831055748,2.584790664084047,0.484577170170995,2.48644877129304,0.19496155329789538,-0.0982291733567,-0.0981176237702,8903.738001713347,10953.631087405842,8726418.86499
1.8312157967586158,254729.19127559187,1.5790391480130515,1.781857759411039,0.1577971455332777,2.002768618942668,0.32690546504163576,-0.0619517948515,-0.0605000490931,18351.239749874538,9576.815966415106,9395396.87633
5.415864547165928,183858.37872377678,2.863791234003462,2.024063567587384,0.48743875069117426,5.696309320277184,0.07589998476219045,-0.0354438454974,-0.0350388220335,44058.572671269685,51386.07424013678,4126150.59977
2.19292448570508,430104.8296090572,2.27442177715655,2.5899532777451073,0.1955859658881593,5.719647874878208,0.4414325012808491,-0.106313832787,-0.101216559076,101750.95746881941,7133.330897996825,21825996.3487
8.64632528760103,510145.3659176306,2.2258263984357405,2.2797996863944086,0.2654433545879331,5.0544167012636425,0.44586131247065197,-0.0894912561665,-0.0870766628339,136949.1257965236,26852.86825385828,15321873.8196
5.198608984617256,13475.451941206007,2.97345858597743,2.9568309931710854,0.28634374487878267,2.30043748810484,0.24371079230398385,-0.00174999805682,-0.00113401226218,23046.30525245365,25623.81292558979,6196324.89946
1.8032207734826942,502924.86966466496,2.147774142528024,2.4445081487701366,0.2954772720918904,3.9149173260750145,0.3953447295941828,-0.120062016055,-0.11889033574,49784.99023137198,24558.363169539516,12589447.6961
1.069870897010567,159535.87036610843,2.0128727274692513,1.9994560726782293,0.20085156449503602,5.40656523153371,0.2063145360140375,-0.0496363607572,-0.0485552113257,29424.564538514463,5395.888662108076,6644534.74102
2.034115684108628,587030.9518129481,2.288738324542094,1.5084818620114513,0.39665968469806806,3.876013271794882,0.2882566100955731,-0.145580552102,-0.144946066432,105522.48821326556,78528.66842210999,9638461.72773
1.5348669817270162,503526.1133170729,1.7687514198419054,2.8090738282937373,0.2600672003119735,2.3244358084698695,0.27360717367719123,-0.119476215179,-0.11828185776,45843.07016953602,30224.568252888766,8501983.58463
4.635949294945217,208078.01710585758,1.6212887113752186,1.8484900697458904,0.4498461699540325,5.8576373049715915,0.4509421318426247,-0.0454175016711,-0.0453748052058,5524.3973984147515,7010.773226566701,1953027.60943
9.218166960048576,182603.37935531893,1.5878166567176892,1.6763788701102191,0.3626194409199196,3.3504321428575907,0.13797517707037776,-0.0318474910396,-0.0317637026997,12439.891794543017,6737.5536086064485,2605454.54407
6.217409650488144,433177.8560864247,1.9866219754133563,1.728335883526401,0.22946857691690525,2.5820187889287585,0.08300433913706706,-0.086889364006,-0.085001260321,69639.1818961007,34692.199677764,12178460.1302
8.074806622402297,276381.1453832537,1.5371049453789025,2.963649710734155,0.34829206637065774,5.599463833844605,0.3077251957250323,-0.0487811211703,-0.0487425684372,20392.61953796047,48069.735972130824,5725314.5236
8.095762512707328,18895.521140892924,1.9906327708742397,2.4750681472908287,0.29660003784655625,5.698635496318815,0.24895263162961762,-0.00274782621366,-0.00270685444073,5421.741777708314,26386.449428280222,4174055.41711
2.60189519276844,227011.77875147416,2.760456532399683,1.765503321063595,0.1786335559295535,2.38925856527368,0.09101626946842355,-0.0548619188142,-0.0491491278551,63027.608934245225,27201.564799709187,14724334.4375
7.382614471328894,275110.5294058847,2.317925306479054,2.670083484560075,0.32111017029864486,4.180417636958879,0.3749343204089234,-0.0497493201374,-0.0488501251485,80890.01108979512,5715.79219569909,8474835.64032
4.549645785980491,108733.50058751194,1.9006620548181064,1.7575935313967568,0.2733576953350858,4.087737493677514,0.11858402704960239,-0.0226041623908,-0.022341161515,16698.653197972268,4506.345962981931,3050036.72274
3.1769804506462274,563834.5224962999,2.567820361682929,2.164008490785847,0.30720411558060334,5.8651624889722855,0.4061592673576863,-0.131448940886,-0.128583393127,168268.68051422137,78324.09648046945,16305823.3724
2.4847596268956114,76148.4969845537,2.2569576896881123,1.6978708725177565,0.4806685946357997,4.737038915498183,0.13636634212138704,-0.0200637717086,-0.0200017141857,17718.059190970107,8693.223058159172,1270862.84934
9.706430233726573,66943.83400708064,2.570265451407518,1.769121351955111,0.32505317971291825,5.316900759194194,0.21280777378172316,-0.0106645592797,-0.00995815823215,52569.35671246853,20331.498395215236,5601894.8893
6.146569300613852,20819.770975452513,2.5849479198375347,2.792822580244708,0.49097300975109537,2.6277011827388095,0.15205969964533067,-0.00347918724578,-0.0034095412004,14694.561279249965,23702.826826373162,2264964.31688
7.178187024238124,88680.55474950516,1.7255244402982435,1.8675589747391772,0.4061145923842945,2.815901306901875,0.351234712665089,-0.0169708978064,-0.0169218331178,10722.114433753488,9721.093273317587,1736451.00441
5.994975189783656,127518.38380438687,1.9467704724848116,2.105473949256096,0.3776579642881751,3.7738747237290413,0.2230332705637295,-0.0248975201029,-0.0247703563679,22644.218028603194,5223.244928294773,2506720.27022
6.186011209035853,523214.22527616436,2.0747527383906847,2.140063617287309,0.4881304602517069,2.193153797444174,0.33858942495186295,-0.10440725804,-0.104173859038,65990.99353365411,7095.237938751503,4941585.23841
1.5629115766869188,595505.3417218414,2.410871196253637,2.1199117587729237,0.19657189190113009,5.469365017699374,0.4902833941490748,-0.155391557189,-0.147399129028,143781.48094102877,51811.987917093014,27816715.36
6.753897168201041,195488.43272278472,2.962574087956763,2.7731609781075193,0.1798382682589958,4.3627945205160445,0.11724462392974051,-0.0369507177944,-0.0302523563166,62374.10024683009,4639.715477024242,18908320.2841
5.103152179167841,348186.2533277755,2.670405151135121,2.8367419211086355,0.17300749776896693,5.46202310486922,0.326769961341811,-0.0738547102601,-0.0634592092469,65370.47828542803,19873.109675464795,26325445.2848
2.7727171571026004,55788.99289405961,1.9409851175378905,2.04793199664533,0.32229269192571675,5.7962489820260945,0.2504901964424823,-0.0139731132978,-0.0138793318106,10234.564827171514,4767.9925185083275,1841277.68148
8.531318254656771,572013.5430642021,1.5233255095740115,1.9196654634892116,0.428919236316452,5.877723857369763,0.3779612981389327,-0.103783855263,-0.103670470732,7114.308243034764,18765.61614981754,5153361.7486
9.448878425386653,263.5113707071701,2.991951087076543,2.703302400742916,0.41659116635631366,3.6311460777629114,0.43639005232443195,0.00041126600478,0.00075837314314,43050.725317171964,25612.069717336042,4701930.4057
2.049497985154967,337709.79363920295,2.855475001732906,1.50124690007376,0.22080985416614254,5.219645469020197,0.2826014020518236,-0.093231973971,-0.0867439313531,103999.61367070774,100565.45702327648,22060504.6927
1.2044620046740921,586771.2140660912,2.5652891050233393,2.749371411314929,0.293494996774904,4.032440226456698,0.18127622875656113,-0.143216183078,-0.140645883457,126631.18072025625,4508.89218104006,17581762.5558
3.5862950178613713,19712.916459853248,2.6250434293548137,1.8107345367672694,0.4502941775139896,2.332182345514176,0.349218876428735,-0.00415128663486,-0.00404959000315,21063.719906338225,10156.939572083576,1397788.45361
2.491075179244858,554628.5291041809,2.0397222101754346,2.25283021213092,0.48968373713671254,4.347551808527631,0.21454334046527407,-0.129680111066,-0.129507214438,26966.777342747664,30713.54944699151,6403035.37343
3.2970524945767954,466576.43603390426,2.2245808695131206,1.9949877788210395,0.48017446400007235,3.696953532580829,0.07698528344172652,-0.103846569657,-0.103526952017,65341.341571925535,67426.91001880556,4888496.047
6.402489363646505,457634.11829373124,2.74466721015724,1.7977293969006327,0.25279651632381195,4.131553407552266,0.4453513628411287,-0.0910048442194,-0.0860572176443,160531.93761068335,99280.05946496585,19713726.156
4.672194368926541,66688.65240727883,2.670506230455545,2.196208272773946,0.39320604070968723,4.371570917990768,0.10421463210325099,-0.0130773209749,-0.012788068507,33059.95871724522,10170.202117220937,2880232.95851
5.4518177648747885,596210.818879079,1.5649491044289958,2.508596332106811,0.3416758465346376,3.286355175165249,0.3904641974822485,-0.122510256321,-0.12222044325,30963.956032553517,21152.029597859688,6186113.15746
3.0452406851692846,261582.48793580054,2.279583449835724,2.0436542882883586,0.28254425485446255,2.5545947925478796,0.48604571032707955,-0.059512024217,-0.0585067617109,51791.39084571777,24548.67035292949,7059062.22129
4.426404838487517,532643.4782259627,2.820320772203887,2.3715629869931845,0.21798887210816356,5.150776313473175,0.08925121895187528,-0.115132502067,-0.103114188563,83537.39907453606,88014.92274756974,32188311.4392
4.97955192335263,224156.25395339724,2.9262331057970727,1.7072458554061565,0.2462655163921073,3.165541838620504,0.2543465421651122,-0.0474021736198,-0.0439228326679,90861.4602588638,62119.96432807165,12853548.4226
1.5511321528330053,514985.2264201412,2.5555785657451895,2.419694497720453,0.46059340151733297,5.254769835033603,0.46309878556162776,-0.128481697165,-0.127889100481,114250.67804589031,32121.155961008466,7550015.17052
3.09535250316791,507364.5058197402,1.7597428976147007,1.8120800942750122,0.3616870212372706,2.231460620949553,0.2880323614298405,-0.116685649684,-0.116408458308,41676.208422961216,15568.735605700866,6445607.96216
7.688287497978893,93202.98993418756,2.3592047632576407,1.6943976176528588,0.3981385427673281,4.351046987676517,0.1701061527386088,-0.0166657075168,-0.0164191838972,40006.67896111626,18858.90706015494,3227354.66218
7.983444104699485,313935.7841396875,2.2128933116425684,2.558648464911373,0.1669922573888297,4.784376737547903,0.15646548945864655,-0.0558849030471,-0.0512240402629,48016.68477513543,7669.187001889972,20275538.3723
8.320927630198211,376034.43146016996,1.8178551783956827,2.8776461602060914,0.20995003493168374,3.932280086200935,0.42293570629228483,-0.0663753639909,-0.065095251432,42993.69130168025,35300.90739187333,16991737.3178
2.534060273292326,146335.55140975217,2.248067657846615,2.7053581784757763,0.2945047669328895,4.422464836860323,0.31224651996566133,-0.0328048784243,-0.0323442060713,16924.96575057704,2453.1877380157775,5063719.25331
6.653166892682145,426752.33927892847,1.8024943970991796,2.68694923352942,0.22423245417441154,2.167176694292352,0.38111971111436777,-0.082709465211,-0.0814516140216,63403.5539555182,24397.666187872714,13908746.9584
9.670627629501876,3124.9795126937042,1.990401075192017,1.7671265601463713,0.24998814139713946,2.0768342762479635,0.10457058197421815,-0.000310394333589,1.5584301432e-05,18689.58724677703,8302.912816042091,4589873.3208
3.3390514180672626,77222.68259306544,2.8303499186037486,2.02163003766783,0.2819609165038965,3.1593004741635307,0.2386115351389329,-0.0167562111704,-0.0158051051239,42202.499971700854,15640.733660108703,5018052.42915
8.882263107611458,10879.0687545663,2.2722647401849723,2.902773314101471,0.3153702481452795,2.0366362345005338,0.29330608412660164,-0.00114306764784,-0.00113221734001,7017.030855557226,53998.34007483583,6287704.215
6.932499589394849,273727.1677647688,1.8164344230108913,1.9337014798376768,0.40742430361058024,2.419979888744223,0.14921939930168904,-0.0527778578538,-0.0526415817661,30810.598990523034,3682.3204211944008,3088669.42821
2.383221950740849,516292.53612731665,2.4115782036288027,1.55166338854312,0.43616051091722374,5.489986416629375,0.1901392698256068,-0.14726790267,-0.146761592502,116246.4497837,73918.30586314041,7781804.75873
9.351641371599188,166910.76562622417,1.8479865894460752,2.8083007677519696,0.28066676587827094,4.50482293413404,0.13188109709807572,-0.0266690899771,-0.0265397045272,10139.09543209483,48178.48958415166,7882283.71092
3.647610334378404,406340.84330701036,1.9548641773302542,2.3398556307670724,0.21605615667474806,2.707236472448439,0.48622612995605485,-0.0903692608944,-0.0883913646572,57304.908122167624,11710.216450642576,11610207.3799
2.3969252849260236,2365.2914958473657,2.9877432428049153,2.3931761712386224,0.3692246853385024,3.1328039120354276,0.35168626716169343,0.000113528628814,0.00030305723805,7061.313468291474,1693.5676710605528,1705762.06319
4.0884046290461775,253857.75081421266,2.726531090106765,2.0725186334694525,0.3870421901615785,3.7768672696093035,0.4199772091727825,-0.054290371602,-0.0535179774538,90059.16704183805,44017.410916924775,6290279.85069
4.397578423814954,375669.79999931436,1.5384532089206466,2.4474683762743292,0.3970804064708918,5.442692356572979,0.07488188951265287,-0.0798309942023,-0.079686604001,14123.130994075049,23094.71387170828,3829570.23134
4.973768215799453,457063.14604492194,2.6129215636055125,1.5475104869140308,0.4527033622791121,2.561493932951173,0.3697969933971988,-0.0965490387184,-0.0959885111463,127128.790867525,98813.65040060006,7585875.49746
6.486330801781769,199123.83173195805,2.3973691633514203,2.4309367996572666,0.20957895072370836,3.4589982630627905,0.05899858283929992,-0.0375100972226,-0.0349348349864,50174.201035057944,1229.6969327831066,12087580.3029
2.871976611626188,176409.23473682825,1.7052463634380313,2.331854027765198,0.3239538626835129,2.2703684822791534,0.17097660494952766,-0.0396754904859,-0.0395567453857,9169.84728236314,5195.053666395995,4744068.20833
6.515737254201425,223485.1294448938,2.868280896597818,1.6546549728254432,0.4076915411079046,3.664458035286769,0.1691013528021141,-0.0424991433997,-0.0417343199321,81820.4633529934,80440.14946794863,6977400.98256
5.354073963794763,165273.27716395532,1.8517283042437431,1.92580439557263,0.48743286628256133,2.259185573384975,0.15889511101346399,-0.0341276259429,-0.0340748184523,11874.76572935231,4727.381009795642,1556832.68925
3.942223714695224,588832.8445264667,1.6761035520335335,2.2340865436841377,0.39543858122594033,2.348857684543218,0.2402115997945916,-0.129342707757,-0.129108119986,32666.600132710515,48.496777264475064,6367711.05319
7.058129969643371,74857.1240901834,2.790792922607154,2.700038129451833,0.255043879939421,3.1854936799143245,0.3015700702894115,-0.0133534097361,-0.0118435758548,51596.228204745996,17452.95720375347,9563717.02337
3.5229505033259363,492030.22320092464,2.569366246952111,2.976874049593431,0.15131313334428786,3.3632045423762027,0.34243414435951897,-0.110157626216,-0.0988571860623,42442.176500148875,1730.165134427806,32403978.2512
7.2429662104833685,489603.1975037229,2.386267851165976,2.0887380889166245,0.4638512454014656,4.290062240219196,0.4227677847118515,-0.0914378895742,-0.0909645070656,104736.94044023332,46606.14060279524,6751394.25703
2.0662190946812506,438505.68763798656,2.2827575178287973,2.7975880849533157,0.2109958886424334,5.258448323395132,0.050741578792631435,-0.134789148253,-0.130202459142,110940.59572261012,18638.2465026215,26556746.9329
6.523412742630377,66986.33792875537,2.48532683009434,2.796296161127557,0.2124079672371541,5.533690703600486,0.18449198458437405,-0.0116484619822,-0.0104541249003,17824.587393388803,18555.319035661876,9372211.69201
4.760697094231256,177387.15572753144,2.003523242298095,1.5320443290308192,0.2234349194257461,3.891423332867495,0.24038074541759324,-0.0376929277117,-0.036783538129,36544.979719170595,18690.982041947078,6070601.36109
9.097969717236149,491806.76462647546,1.5286882688561496,2.6043592657808614,0.46491480294483745,5.282732987844101,0.37506357228645465,-0.0849305311649,-0.0848450764082,36859.20278313492,54888.78795361888,4522757.44815
9.032976594104769,6810.4704508174855,2.82953994335523,2.5933582146908596,0.490959011998504,4.452147344075184,0.2193249304285309,-0.000730419615282,-0.000567783059282,38740.686043772635,15621.280091872775,2968329.56158
5.7663119789855095,67983.35885369162,1.6909037552152122,1.9239059067538102,0.43559083695284495,2.222323907775241,0.24825382920020445,-0.013812426943,-0.0137848705753,3803.2138362375867,10039.402859729964,1220123.57899
4.341693773879655,170494.81904442364,1.6092635258628674,1.8153633347793319,0.3284590751837599,4.5848515248346695,0.4059241917808464,-0.0370591040398,-0.0369419675147,11705.421519053765,8571.081518364283,2149456.55298
3.4274820333791247,478420.4057635966,1.9812783947188655,2.8338474060394945,0.17805620919787568,4.6657190872208325,0.47127512575940345,-0.106823621468,-0.102496940903,47236.45094482373,15088.375258449043,18951840.1467
8.295866421329524,439199.8734017994,1.7552906112518514,2.9819968592446346,0.46412720008955466,2.549410511263376,0.34286731015102195,-0.0778657606565,-0.0777596226151,23152.984263947645,68531.11318279688,5410248.7149
4.100662472597153,561194.0905958809,2.4655829864562593,2.643901519675529,0.39246382346913633,3.1640225968117326,0.14937235373236002,-0.117698217757,-0.116602505692,116723.5584618417,61329.736930681196,10404021.1942
8.575144821980615,134731.18899244518,2.427391111652508,2.8243828346616597,0.3114849771426706,4.052399579618925,0.18795869065014714,-0.0219555857145,-0.0213210894212,52034.920748917015,29474.69109433678,8127351.65555
9.175857089467804,598294.7864972936,1.7549937761305112,2.978827205021937,0.28830075484410217,3.2717226849651375,0.44463014663715805,-0.101672233802,-0.101053859286,44466.55851428865,53049.43074818805,14172516.8421
4.706025514743157,481260.3286969008,2.989216002504089,1.9834718125109276,0.4139094832200474,2.549062702593911,0.17950611711407505,-0.0999866367599,-0.098405620986,177302.51986106997,122213.73191748548,11827918.6894
3.260143859249652,231159.3563275228,2.2600949604412905,2.2882373162844245,0.30279809472416835,3.130170348822215,0.3374219001152758,-0.0512271581706,-0.0506288736468,28085.45537911463,10373.076238596126,8454847.12154
9.900137435908361,532100.2867584917,2.0694168714139174,1.74674536624042,0.3312867689052694,3.0489193789822524,0.21237162232672624,-0.0890840829764,-0.0881955305759,101149.12850776476,43059.152294330095,9963767.77498
3.0618642663992053,470794.1837171241,1.8344073425783713,1.9271655437113222,0.39572841711717893,3.0193657873175503,0.24419683659712782,-0.108063914675,-0.107984569757,26831.337911555427,18077.29583673007,22132538.2452
4.353105303157752,216505.0248928572,2.244984085079196,2.6002005992254156,0.42498090935970756,4.187272144859307,0.1283509077811493,-0.0443422453684,-0.0441514801875,17870.119082342786,3.366849000831969,9167498.82368
1.2518014588329724,272209.5797731959,2.8558885237897433,2.8507046236169895,0.48290518096594937,2.158900424321785,0.1669637894479895,-0.0635400673273,-0.0630071684903,55038.59509488526,49290.80958662513,4235162.25817
6.806915130945965,82313.17218466947,2.3708056400121316,1.754750778375294,0.1764695874742048,5.630255993476171,0.17664918179909866,-0.0157898167546,-0.0136786664928,23093.885921177483,4218.947464614253,8753395.12576
9.028288378475372,540088.7155558219,2.421345783156054,1.6428120909203474,0.4978679538502845,2.0761619819321364,0.4960643354383572,-0.0953095481566,-0.0949144151047,133048.40062541456,82122.27202482634,7055911.32313
6.648602501700401,349233.2072486393,1.7334884470727199,2.754184524467302,0.46719416245150147,5.4788933052938855,0.2557933749858038,-0.0657818199463,-0.0656843043345,7247.695762832592,29238.088922619223,4270604.14381
7.454917229109875,367010.8610270379,2.6135013458570455,1.5059925859451373,0.2689507056159376,4.827951409701959,0.47201417416702496,-0.0697456173978,-0.0668730199286,109149.81814972077,93874.81592418709,15256853.8321
4.157562831857376,293466.45841313375,2.6918450257273,1.570222265675893,0.45900936598290576,4.997055662459498,0.35922140663342966,-0.0638501607701,-0.0634323721106,54247.21785761482,59876.283995457045,5659764.76776
6.712813327029242,276271.1016520483,2.766407939852807,1.6969645296245623,0.3316588585623116,5.393002921657978,0.24433410884125017,-0.052086602074,-0.0506061883688,95677.55062108085,70897.3196262411,9695783.96687
6.5472062791879075,534734.6205930788,2.6515953696853174,2.8699818428682,0.41780508029087493,4.22642852525461,0.05156722221291005,-0.0967804660232,-0.0954868513747,159331.4998269193,65823.35321315395,9651301.80957
4.061485273948238,63538.19779327241,1.7954639928232035,2.037665925353112,0.29182606887420265,3.1846679391914328,0.2948096626950101,-0.0134069897983,-0.0133039939899,10326.14366985543,6477.3598306508675,2196365.50783
2.9943039634112445,172651.17905413557,2.8505296361123933,2.759809637458434,0.44022002840586116,2.7364631245125954,0.22064581805354821,-0.0372183381908,-0.0367859280948,54697.030439110036,12983.941511050827,6918733.11884
8.237324634386825,4260.481932740312,2.0402814390526682,1.6760532550511371,0.35888723083603585,5.078553823105935,0.46922005830914304,-0.000609804259039,-0.000502329758986,19516.804934270553,16.89793344602752,2024805.53832
6.478978985519037,104712.37929761785,2.7927412659967428,2.8870960912362023,0.42650167422647656,2.959669453612634,0.3084237176908939,-0.0189445985493,-0.0185591273469,57308.21229762599,12554.153155564038,4708756.99249
2.842442256244685,261831.00180958124,2.242819827027624,2.514857885949936,0.30614763445479165,2.967905227924282,0.4067418434071148,-0.0587769354133,-0.0579002603677,40167.948896312846,23325.46910954037,6087907.46377
3.7186124669994642,320107.7118426069,2.227468750584721,2.629637039414069,0.19535032875987063,2.021261398637161,0.3925867777586565,-0.0705081043122,-0.0672573376625,67168.17004430859,1031.3148055977176,14853827.0896
2.6959795235157626,232941.2000710069,1.7128016333841067,2.5053345985493234,0.2365506594888317,4.764222553950721,0.1816482694763507,-0.0533581084392,-0.0530244773438,10646.797994383927,3063.7895173755915,7759180.7665
3.4470900796301596,118041.56263119775,2.6949146641827033,2.5458117497867905,0.23059283186439003,5.260049264513565,0.464878535216047,-0.0259442650364,-0.0240488948665,25933.736533733336,5968.738226886587,8468950.99324
5.893931628760335,88541.55992783961,2.74681326443008,2.1145848001545184,0.34214115765982567,3.3415867809947963,0.10497028143596573,-0.0167881363849,-0.0161041272339,56491.54207826685,18384.327486342994,4893096.83658
9.125973150175913,18859.891876412705,2.76288239987072,2.9212022076980917,0.19841289373821908,2.9389944071281406,0.4498458572458467,-0.00289439551958,-0.00107860224359,33882.88723466191,36665.66587006264,15109923.8132
1.6793816381747662,389465.0711302897,1.9092599758182183,1.8964033643011404,0.1868790839782497,5.095347219254416,0.29074734065403496,-0.106603742965,-0.103937438019,69805.04659203356,17369.752298351654,13954534.0463
8.65961417952747,163700.80268518347,2.9963791464980334,2.518509044431389,0.4397966339419793,2.6042481956523873,0.27376847851218494,-0.0273034351759,-0.0265428277948,101422.1538033358,25143.22408607244,6603133.17461
9.782429255586791,229986.73294460058,2.866026301354827,2.7530129769093237,0.26266861404652914,4.956618674251537,0.4287816249324409,-0.0367299510497,-0.0332701321798,118490.7837669971,6008.867600756556,16818069.3189
1.7662822776230014,120860.3249734816,2.384295958595062,2.8076801578317756,0.47425191727757066,4.81625866155899,0.355951439201794,-0.0285804626616,-0.0284890461373,17315.29979182519,13787.31629039246,2323165.82655
9.210079272760723,48606.81858716607,2.5269030418949665,2.984012697026423,0.32633599169986893,2.8831411993493843,0.33264738205444955,-0.00730172067229,-0.00700740281944,30871.919852863415,52088.860990427354,7335758.06309
7.138597146057772,581139.4556396012,2.6227009547715934,1.842517398634171,0.3249587382094219,5.179602095589444,0.05085382423597377,-0.106095128781,-0.103683783033,175622.48918805274,132903.4610026314,14814366.2946
6.056988451332123,49255.4034251824,2.951558747434108,2.161733525727592,0.46499843278860153,5.740481114129125,0.20153070059959044,-0.00895981164346,-0.00869840347686,47701.04058197361,18488.348750209134,2802498.9701
4.295266974237075,204056.5988625922,1.6015664680732842,2.1950556282519864,0.2513071599287207,4.82954207707844,0.20009165216144997,-0.0433277175268,-0.0429482486658,17178.203067598228,10059.219969634014,3465863.40994
4.043755622590419,96867.7573552307,1.709751238769469,2.4237888261972316,0.3181117205872429,4.712327828274175,0.35330175921367385,-0.0205565408371,-0.0204719375519,4687.182657231478,36.210211481121966,2332316.25489
8.360067476519253,81249.70812692813,2.3194697914401887,2.154348250680855,0.3153889077712557,4.607322035800538,0.47150765561325664,-0.0140874179041,-0.0136297002691,36678.68142600623,5388.675734074777,5049347.92912
7.307721826370923,209585.47188815862,1.9164741534021412,1.8152069775057913,0.49677125826346424,5.714195913746684,0.20832134417606346,-0.0388686051202,-0.0388018560847,18834.619966583636,891.9897943752976,2289571.59337
8.784995553904704,61554.70476875733,2.091134622450665,2.4179847358461477,0.4423195689337771,5.3964722095180875,0.05179380716152693,-0.00968399013011,-0.00962291483558,10884.376199127186,24295.116276846384,2393846.4329
7.775767048822102,483271.9666738571,1.874450990248752,2.5845737123034116,0.20810745453928287,2.066280801293626,0.057931622218550534,-0.0891227501294,-0.0870232804319,62965.94780351103,20560.845391132807,18556976.3301
1.4887475732226303,413607.55021093634,2.536047903331138,1.9870203759335139,0.46185892152083985,5.7710125996924795,0.2649145918807469,-0.118895081576,-0.118472040669,92639.47299038887,44210.77281122303,5935332.68203
6.775285619356638,239096.7166000697,2.5889044901034635,2.379987444250684,0.30496388545470704,5.3778289912466395,0.074096894701095,-0.0426657166401,-0.0412123289195,72933.59790803134,28529.196079877438,8686828.5803
5.01435110930561,215207.76633738488,1.8204439421918528,2.5076437845691384,0.4900579956710024,2.8668555742946897,0.4871690375903041,-0.0447629576479,-0.0447021287423,1602.0235466867725,22939.113235450688,2150516.27131
5.82471572807504,114380.33356637278,2.7789924911420285,1.7318288143847256,0.45511741097412917,5.1880811191934,0.18200059669236945,-0.0221223766698,-0.0218441286907,48094.69896100363,37803.789535919845,3498080.42503
2.5313829682969926,417160.46032930014,2.1864672376507013,2.9695771970171503,0.40895882116349713,2.7657142925801375,0.3870734721957457,-0.0938762208315,-0.0933550473603,54866.6071456915,38101.94183341916,5075665.00679
3.1261322785847576,454756.8048514851,2.571079673719809,2.9076579106895775,0.38446568627422795,2.5198205554393382,0.24716392715540708,-0.0991400542481,-0.0980476690192,99013.10979421182,36234.63194842979,10832250.7038
8.641333086023579,47364.76956798874,2.004321690186221,2.9945359378979877,0.240473740043176,5.2621562253020535,0.07402167697097303,-0.00682052999735,-0.00683340715776,5569.301088339108,36573.163341050684,8556738.06287
5.564548782874609,387102.3864764627,2.074936544595354,2.0518093715932144,0.28353750490699714,4.467084944420147,0.4792399828301579,-0.0792162997615,-0.0781228104749,69291.50267962055,26857.198123421917,8624207.75904
5.567487893014655,427199.5982472082,1.8315245067011703,2.364110273763106,0.29451239580516586,5.695025509216853,0.40353702286890886,-0.0865564687454,-0.0858223964819,44025.05051203435,25934.054203365737,6856612.05684
4.4557628246265235,82962.57831712,2.1334277698868593,2.8379775946817354,0.41031300569227314,2.93837921896177,0.36405276121498054,-0.0167781010159,-0.016709675492,8608.051143195462,23792.091742838023,2561358.78508
2.5165624077013167,433319.0994924881,1.7677758795944596,2.6640206887394715,0.38419492129227945,5.365328715811492,0.15871946877663434,-0.105563628212,-0.10536309649,13636.284479907992,33819.364489193744,6065756.73254
4.503005726429368,226137.84299831607,2.771831747655388,1.595948510570703,0.48295206750798336,4.734767127353127,0.2128735026690734,-0.0475809447228,-0.0472439509249,49653.78320775602,56842.05046473648,4494010.86427
6.820159357744213,349238.09360485594,1.8064287781383581,2.7881465408396573,0.45858453133693977,4.86709377794028,0.3410752324453792,-0.0656069933458,-0.065490718058,2998.9308768658225,31312.67516889323,3805123.49347
2.2363273077378456,432370.0566173731,2.830980486250617,2.95643657469508,0.3298870162483698,3.781762501232128,0.4310959359039671,-0.0980982925658,-0.0954784846275,89804.7000010574,52551.71649504706,12260965.6995
6.010529564820611,290761.4252142074,1.6272618797293827,2.1949738543448056,0.3552502227580419,4.485812122645159,0.4143586533931204,-0.0583015328673,-0.0581629092434,18852.249857196617,12176.645212609348,3371154.2184
3.648003090300376,448888.30053128075,1.5504214759256414,2.2116886321505635,0.4395235716310294,2.803529610764618,0.07432464731404995,-0.0992392776924,-0.0991420874664,1596.287188387605,4477.297398149215,6322178.48826
1.8537830043376105,222139.10460856385,2.1626753236473872,2.451541156485257,0.23409344299937232,4.362651538366546,0.4331116027021735,-0.0527065892864,-0.0516778332641,46778.98761457272,3521.783002740267,8317941.01402
6.030885934717429,539234.8403147015,2.275118261258516,1.55544650876061,0.36060509090603143,3.3608082161027553,0.3011505509539556,-0.108771560472,-0.107910574878,95054.96213588653,82210.17555047973,9556384.77276
9.898047001486981,248877.426963775,2.398676364488809,2.038098651664625,0.3995674900100269,4.817720524605511,0.39518803131220304,-0.0403023196589,-0.039781213871,78494.69621590358,25148.523520704268,6024580.78407
2.298998126839709,597551.8011049003,1.5559368466335737,1.9109554522581285,0.36912991395221606,3.5231420754360068,0.20524254178513857,-0.142690861181,-0.142521124909,17862.045150696435,18937.41737509673,6141480.19063
4.614937730199659,584934.833666306,1.628526198632955,2.8353535999293786,0.37900221066200435,3.262412362055881,0.29772068442435634,-0.122461105656,-0.12219327156,22013.736320603566,20085.30670716945,7218265.51582
8.019593940453989,264290.42439044826,2.9890801852063076,2.789999497882726,0.3689651846973545,2.7431514646289603,0.07770443178562515,-0.044873671667,-0.0431303557217,132919.3916583748,23835.190802988804,10852622.1225
5.198975281284974,99602.9492806625,1.7933096184043738,2.8914451530352845,0.2371100912995678,5.054479878158819,0.15928753426774978,-0.0189311349719,-0.0187939501164,3859.1646645088763,20355.417059438267,5442417.32381
9.097681299017456,11245.810883972163,1.8173869478291045,1.6383843188479703,0.3296661554565648,5.621027434096209,0.08279720732204462,-0.00170979233832,-0.00162117810768,15306.353898052856,4588.139876394281,2022850.38664
9.283606651833255,268484.57008891384,1.590425641334736,2.5486526013076976,0.3562544202448662,5.913460507907983,0.09496023057109859,-0.0442018840169,-0.044129825136,3210.8025714060664,40253.50113741418,4490680.09598
6.8724861808402435,392612.84883035277,2.5605016529704656,1.837901957217571,0.24443210840990354,4.902255122826048,0.4555169062312818,-0.0762080664405,-0.0724014302923,127610.17116239709,67104.3816848827,16296714.5361
4.623643420998252,96411.60054637009,2.6932081073861354,1.5116979565650919,0.188081706117775,5.992308856357981,0.37973847013663137,-0.0220456412403,-0.0190047120659,24087.447340869123,16021.861012453284,9947044.72409
6.647649080124845,7149.656314689734,2.8746822879288207,2.7675239620002734,0.25393070343841884,2.2685250955641028,0.48824415458976145,-0.000702802174709,0.000165863929651,25181.022522283314,22890.90023351344,8061324.40004
8.153094054253824,32904.52674029465,2.983601804627875,2.11258019503593,0.16895750962194817,4.735825083430411,0.1874362845690728,-0.00667602599061,-0.00283671234181,31091.92767199334,6455.15304446594,12762449.598
8.337219706905397,593645.2741151727,2.1450269392843477,2.22604510584626,0.37728468357567446,4.484072989215012,0.05988942594398667,-0.103079468265,-0.102326223213,118497.46458111833,36969.741464517225,8372099.6479
9.67432015474408,263017.9282743006,1.5375926231924046,1.947738983473831,0.1650589144549509,5.380358628376604,0.2507152105446619,-0.0446147794841,-0.0435918960373,30933.971667024845,14318.18883316758,11991140.97
9.883958623841195,170769.0520236555,2.3526495648037944,1.9766827329024967,0.4710917385836306,5.161315520104788,0.3953935150186022,-0.0276747761814,-0.027462335166,53650.93946356798,14129.999737215488,3560997.66625
6.650697937906978,550576.0916784406,1.6085102919115517,1.9805332049795674,0.21075225407571951,4.991790404731233,0.36099093485581657,-0.108610894698,-0.107242173035,68527.27954997552,10641.580462127686,11840854.4229
7.707929290793449,262426.39839248685,1.6746204765105428,2.0636428798645254,0.25310681693545967,3.0375092557092263,0.3205110497791603,-0.0489416921039,-0.0485228883538,28942.31252908938,13058.798717651494,6914002.55587
5.0591021881664435,569393.497615174,2.5903038323977183,1.8579435476805908,0.25835786599983834,5.256135397639396,0.07632262783546301,-0.118187101575,-0.112682671484,125204.57330006715,105319.59379947756,22627918.0351
3.2600493818587575,527043.6166963222,2.1645146267569086,2.5859352301012724,0.2827654590503577,2.203022176689647,0.49914259545172973,-0.117920391007,-0.116172295581,99633.2398230058,21107.55485486756,12118059.9432
6.9009013649234285,487191.1994959644,1.9335913187662863,2.814105393058179,0.1937060950729822,2.6229365536361042,0.47073911239132005,-0.0934852829933,-0.0905264147907,84155.28148491618,21805.512459671852,22231162.6246
6.729640087467854,536049.8022960431,2.858654557490288,2.203742286936892,0.36672457186924856,3.4576319946866265,0.19425360171307976,-0.100324274973,-0.0978929222611,224468.74911777177,122011.01131486388,14912109.9122
6.985693927466603,451449.30864392855,2.818672690643825,1.8478903856458684,0.4491948652951284,4.210424849148607,0.12638162316514473,-0.0827823179216,-0.0818905700307,161318.03095520893,114277.72149539865,8815805.37942
9.094475840272622,311604.6394964678,2.652687064889016,2.0686530304686315,0.420856278953354,2.5231644235487445,0.16578507470933568,-0.052468616552,-0.0516848940162,130781.27128248072,55607.01027725182,7736919.26068
9.737364865473033,595258.3850244243,1.5124100235608418,2.3622103084050883,0.42845194139219356,3.5545935323175626,0.35905149249755364,-0.101168230806,-0.101052369117,16692.579841157323,55437.47064763767,5107105.55315
5.071099840651731,595938.5926231091,2.082291358906133,2.9073324101437112,0.2241637714451175,2.297990797795389,0.3069819514774321,-0.122748322316,-0.119347085708,124490.77962422423,515.8751749600939,20056759.5314
1.54470395727747,13187.699787160478,2.6419134853223474,2.0772771300295405,0.4817192707662036,2.1921142103056894,0.2091294296300089,-0.00290917830973,-0.00285975170023,4392.736037626753,4353.452570684619,730876.102105
4.996527918025982,418324.61207577825,2.555741298998977,2.8184403759396206,0.34622950372361855,5.7533404408075794,0.4487048743752531,-0.0845394778347,-0.0827997277345,88160.21731947757,55673.311872997125,10012126.244
3.506862024303501,582004.2997628642,2.1287523654422573,2.288950960002304,0.16937100710345254,5.9720849721715314,0.37663287812730356,-0.135992264492,-0.128460061251,99007.6490095542,12494.70917494421,29359066.097
8.24319285781087,409813.9548639135,1.9459374876497482,2.5090161054846076,0.4630529593562097,3.190749141799266,0.4209182491056927,-0.0733675803877,-0.0731913226124,32271.479757719426,30996.063505859685,4517019.78784
8.32156676713424,96721.39984951763,2.048836005339355,1.8510785057945154,0.3724923305556917,5.97873605160801,0.37550284306601517,-0.0170854656477,-0.0169168258747,30952.768938205747,1664.6192870163156,2881495.57347
8.850806769411264,266668.7481069923,2.540204857121412,2.2270201388180175,0.1534373155348073,5.885452489523141,0.4444129980178451,-0.048356012655,-0.040740447858,61526.45746999453,3334.8736876289513,24605480.7556
6.768167763254993,394098.1080335814,2.9444503112024485,2.3493813278578415,0.23102077337579685,2.637244026313011,0.19767907210911234,-0.0762126126328,-0.0689169854891,118852.33145492582,48803.72004463952,22589334.4899
7.982810443527834,392738.13157171797,2.0212587409172054,1.7513489688278145,0.3788207299602821,3.279207244672551,0.49753674770251827,-0.0730379043048,-0.0726521472039,76044.68859923123,23029.920198396885,5788743.26386
1.5918471628510718,501446.55611579394,1.815199204152965,2.639420636927424,0.2761625788729523,4.460652581631398,0.36747213406558543,-0.12242273753,-0.121699258749,53674.386930009576,20026.475518688505,10343361.0243
2.4277647426680753,507605.28165638674,2.2540474914168382,1.7111459310825619,0.25730311618945223,5.3113043172686,0.376416372416988,-0.128281848735,-0.125748310346,128820.82762851413,67397.70191865003,15114514.445
7.5584157778389605,519578.9342688667,1.9807672085755723,2.6844006236414852,0.454805740607368,3.1517942102560492,0.4647382009260159,-0.0957896247594,-0.095531925164,46102.81489804945,33429.479310280345,5751768.31033
3.6589433854122815,204653.43359881558,2.552988685911979,1.82124375587044,0.3428600414746722,5.6672130117459405,0.23515757840462836,-0.046416898948,-0.0456415010168,68948.16625311077,38758.0103541188,5919574.93898
2.1295920920732128,156658.969904643,2.4179641753499457,1.8545822606696025,0.199762025860018,2.516153675576378,0.1329074482615336,-0.0374647852286,-0.0349777749387,27889.128948011134,18414.261346525735,9122237.67047
4.120344912617664,578831.7748784416,1.8543294288346526,2.2508354880155697,0.3595780910091496,4.397214445682954,0.1017595136480504,-0.124091306681,-0.123437054204,75797.47080049814,62947.95576788748,6013694.13489
6.263307701436594,235522.04056284868,2.286150422944635,2.2249067493957493,0.1791831317937096,2.0328145299002434,0.06151412706760298,-0.0469623232821,-0.0434330840717,58313.13885206237,152.8688778555639,15282320.4344
6.987710542127321,111472.1500414803,1.562478390955548,2.306481073756816,0.17346643475699838,4.3647802220808725,0.11513808020862862,-0.0203583418397,-0.0200479180775,8764.414133296801,16959.277525326415,7674233.69272
7.1154346829736275,483383.9619206438,2.7842023199643546,2.2962215048215597,0.201504908134453,2.8928259390312805,0.47568145989165234,-0.0943383804919,-0.0846252394073,123703.60501162075,28621.66735148508,29273743.3604
6.653420690133997,95016.3445987918,2.104822570222252,1.671508086877451,0.38049356919297916,2.5460256356059654,0.29082056843609944,-0.0185222929303,-0.0183535009386,32746.138722984062,9451.14971458689,2637441.79992
8.828213195580602,17730.46345426974,2.4684198547632445,2.093895667129104,0.45438005897849676,3.5699712947770053,0.45967660297733887,-0.00286091010205,-0.00272244182331,30287.802165283607,1737.0392090689004,2408810.77305
9.770936433095413,176361.06918100803,2.972976477555642,2.9811774696579545,0.2815048647133619,2.920265621921598,0.18617118829374496,-0.027543063911,-0.0247998834771,110614.9565365489,24717.120110184715,15566544.4618
4.159222533307364,202843.18648462294,2.037935777112203,2.757776345518219,0.167516026210848,5.3618716046667245,0.05360826126729656,-0.042453806103,-0.0395457442636,26157.782741703704,8069.579061327299,12175664.4145
2.8925273345088307,401173.59592413495,1.6343319514237358,1.9959184856337238,0.3329787207417879,4.380238433074458,0.29902869730421333,-0.0932710975843,-0.0930754712153,17120.17812364613,11625.388696260028,4546133.18144
4.404941187036898,4286.097139816425,2.572418537493708,2.450034920601347,0.2901031464749192,4.697038490378112,0.28843812535066987,-0.00016535576953,9.76023324335e-05,4200.343932964667,3575.2975237054175,4062843.45411
7.455174343933295,319522.8663378568,2.655083398739297,2.3479334898595687,0.2243321048376529,4.077724107451838,0.18673741034635044,-0.0584416410955,-0.0537363469552,88232.66517257778,21108.32539792349,17351821.2496
8.869310236014808,147556.85127042234,2.5798449185547736,2.7419741949658016,0.25082550296490547,5.380404362246981,0.43388156583422255,-0.0244939401171,-0.0226979277784,67907.27151803834,21057.891462373966,12172382.8654
2.64346689741813,237359.78602991073,2.9353056755157487,2.1179117050904694,0.3713416071217752,3.825564001181806,0.4068079036180056,-0.0540110620402,-0.0528711614023,43843.579889723354,46989.47661567371,7073765.16243
7.9336515933683875,498749.6532252506,2.8746967515748985,1.966115327770248,0.2108435702750709,5.21388111953416,0.2674127170484356,-0.0915533423348,-0.0818609592341,156388.44100097273,67992.23480264598,27471882.2571
3.090769763820683,479334.25747448707,2.597462858834935,2.859118656079147,0.3636874710210224,4.575259241922449,0.41755795035424326,-0.105451875577,-0.103865809487,70317.30929834869,53724.31836379654,10421720.0119
2.135757905331667,263948.2619252489,2.1792879518266925,2.5424400879448683,0.26656466119162125,2.3513821125928325,0.4307775298080929,-0.0612367718012,-0.0600645043553,36592.70758533567,19294.624524256837,7008669.86553
3.2845030785756775,566580.0914185098,2.863127609552211,1.556112409012481,0.2908843358986091,5.939267019490219,0.2647190747469082,-0.142515428462,-0.137587299894,234973.75391726175,160868.47726459513,25341189.1631
8.414249044548079,87716.18690203389,2.5031520706464776,1.9436615497721639,0.2063910158231474,3.411083483106633,0.20424254245044027,-0.0157379774987,-0.0135469464055,48329.809828885634,1863.9050289229256,10719050.7639
6.7235422046527145,356914.0417960867,2.1284417130713047,2.462133180056089,0.36363432139530627,4.613782052305552,0.47413051860060196,-0.0679788732049,-0.067451383329,74995.70968530775,2878.21823769498,6516274.0716
4.435147291915172,119449.28472648008,2.685880038527449,2.889125403638918,0.28928286022848626,4.530002769283942,0.2070107711556769,-0.0235872454751,-0.0223881732606,32515.937249891474,10227.778903209448,6271993.00504
7.065409163188513,153887.56454581692,2.960664088464407,1.7236782140815456,0.43845619028279015,5.92268471793521,0.38440514670803866,-0.0284192851193,-0.0278719863039,86240.79581166552,64604.96558021623,5390183.42377
4.165540222491068,304736.24915649433,1.9358995763268128,2.0767864282832376,0.20216640842500114,2.462384143135856,0.3273245265080481,-0.0665677616595,-0.064803565544,54761.80736205803,10295.939904978239,10075573.7902
6.52754128066576,407482.6503738366,2.184740061798129,2.1604715577564795,0.4465799257318839,2.0072928445553093,0.4933081514462563,-0.0801578375822,-0.0798325419231,80233.08203734025,13241.750613174418,5172119.1448
2.8441934965590545,555143.7498204423,2.787922905967529,2.166009266352311,0.41816988385310816,5.997325187152851,0.25082702337533874,-0.138593520027,-0.137159991099,162158.81665281867,102974.24804957236,12704237.1914
8.548296787811532,71895.19596126978,1.5513125841630722,2.4438134187188285,0.3318981279904686,5.485212361259489,0.06961060455618599,-0.0119184164248,-0.0119374048447,11400.547088485646,35803.20389856843,3583328.33392
2.078067637474588,450599.4811102228,2.772178447662119,2.799356097633127,0.48320290621519013,3.5569259264089608,0.49207465559634467,-0.103193414534,-0.102503376195,76434.82377905842,62787.63823472546,6839453.35095
3.366193915879532,159565.01953149887,1.5032954252795085,2.756059219362932,0.23010689669652692,3.351514478316449,0.22112292234654674,-0.0344923956388,-0.0345179799339,13562.639616845736,12574.174992065296,12757620.915
9.463367648088715,94274.2948626881,1.586401125444024,2.31962369351997,0.3425791673258246,5.0140140152157375,0.4139192802467051,-0.0157976678667,-0.0157877027188,5771.8312926370645,36217.7842362072,3577379.52888
5.9501132854498415,259652.15807244406,2.2423795242052775,1.8667604006811325,0.49107217407253123,3.9599380416787113,0.354090096767603,-0.0517783576259,-0.0516191095172,49577.692382868765,19878.457458304834,3064427.68321
2.6257145397364625,114143.306920152,2.926481021224167,2.844906821173051,0.15007487735864428,5.115684752417044,0.24512820627866094,-0.0279685954955,-0.022116901812,21421.889332154813,2421.7687563588956,16400748.822
6.498718408952311,236440.33437483857,1.5396510359322209,2.0400617492248814,0.23678622990705067,3.3635602668693925,0.21306440665497806,-0.046267800453,-0.045956492015,24037.526290402617,10823.974730161328,5676263.43819
1.9123901932673362,400206.2878119233,1.929695669056071,1.853105992362154,0.29480961857991816,5.801271074347588,0.16051888215782678,-0.129043249537,-0.12838752969,65276.261484038296,15432.528137065354,7267995.87997
8.762705862907644,598190.2074238382,2.9641197424095136,1.5452905707856273,0.26669884546172573,5.000377253338164,0.45404303581049776,-0.106349954917,-0.0993484101827,236324.52947021357,191271.98528528368,30041600.4723
8.251269802096255,279506.3510304735,1.9183810127427292,2.9605581188481516,0.44364431943220584,5.0196058805127715,0.06982288651481218,-0.0468354157748,-0.0467240243626,4198.8822886357875,38443.444930058286,4121815.47075
9.921863233886494,127874.80761131328,2.982831984054961,1.9669543226372623,0.35402993086640966,4.772166963275299,0.3743321772788551,-0.0203684367574,-0.019031398178,93540.38200077544,45897.05231348755,8641643.9916
6.2870374980191865,464161.52831064636,2.0571115279303567,2.1858096306113337,0.17541102682122067,5.786049623232647,0.07788125401930579,-0.0900395339713,-0.0856027303236,50696.817840256284,25249.388265038095,18403870.0851
1.8583338157591802,245325.37072474137,2.92625210162399,1.9490514715823293,0.4574245077419655,2.259880816327037,0.4182560055574718,-0.0578957491282,-0.0573604341019,53388.278897292104,55228.06162734971,4810409.64869
6.830067626529365,107533.86591461278,2.7687145738195675,2.526831257050064,0.21660551569192074,4.040542155998902,0.49166363658089973,-0.0203663370881,-0.0177233868732,53783.095800091396,8835.147973522542,11869890.0721
2.37612807038842,198998.3020881995,2.0042260416274638,2.42699648587631,0.19678488477015602,5.609571305290965,0.3997540680618753,-0.0483930517627,-0.0469639614017,39194.013751033635,4985.483897457992,9603026.32241
5.267130983379588,563899.0406649476,1.5425017560114784,2.36618303673007,0.1533907606212011,5.860591962181984,0.4194559475717143,-0.118652358095,-0.115268248836,39728.50637316239,14560.879598784786,18628377.3526
5.522359733367392,354590.58807756647,2.3468394309953533,1.5764276116037195,0.37488032504716345,5.225736171196448,0.3648387379944043,-0.0727527525477,-0.0722097888217,78844.02963570059,47043.07948570912,8936815.18671
2.7665861306170716,497347.1204710965,2.155860668468356,2.825575776071396,0.4912010841889425,5.941229574412424,0.43995243652325794,-0.11509907013,-0.11485729675,40524.90884696614,28706.5131503453,12249768.3628
8.329920842273886,290371.3043037554,2.494180278022769,2.197266542963126,0.22803300288492506,3.8424308827651825,0.4724265834943904,-0.0523562637892,-0.0488704267114,81172.67918782243,13527.375667734654,15862842.3328
1.8534058342863853,132070.88336242584,2.4300442541558556,1.7888741427749508,0.35710223479345615,5.727826785620763,0.4443802140992273,-0.0340257633625,-0.0336941604898,39349.21700898125,20300.62145929007,3252219.73969
1.7983842704167947,284116.18516405066,2.2120952366987003,2.2062958522476444,0.36455291640688825,5.41523321020827,0.21266277680030243,-0.0790030607344,-0.0785907104191,48939.76294030144,8592.480337497373,4988812.91047
7.6370726210973405,154921.01949210273,2.3022821619883675,1.878811553882308,0.32759683147434027,2.745299613222984,0.4409783711649335,-0.0287905339407,-0.0282109510802,61357.06673546679,16553.737661792282,5456822.14214
3.889456183755578,7322.856421935975,2.805226271090139,1.662647708737222,0.2560311235646149,3.1732271861249592,0.45820326644707676,-0.00133549916873,-0.000693811035957,21120.05333569719,7034.285843830534,3350452.09859
1.4511378245931132,217122.50250108837,2.7948709344894938,2.4162473033891745,0.2695414073108475,3.901143005140521,0.33835237321045275,-0.051944248909,-0.0501675905306,65613.68660016665,13040.79386531531,8386429.68939
3.6465440403227922,10559.714312798475,1.7870130514599663,2.7331709115139717,0.16847678245938746,3.1230758069177718,0.2736663398939006,-0.00122859204352,-0.00124911369879,1286.3782256113343,10418.885437198804,5444329.57573
1.2178873768088971,117079.14670819075,2.902422323643302,1.6476055211053124,0.3859422564676155,3.199604984537544,0.1582652468666922,-0.0301037833479,-0.029662194678,48981.595817846246,36267.30289771462,3711984.70997
6.510304839878178,347365.22555076843,1.9376864653892099,1.675692814848231,0.359919771434689,5.467702316110148,0.3266760996233592,-0.0682029032414,-0.0678953846634,52268.26267552515,21284.792070958054,4836713.41125
2.269543225346835,115811.89730996978,2.383579211569006,2.151096502331524,0.3511257606696218,2.6298958697283608,0.0887462938460271,-0.0263209943025,-0.0259556280216,22710.638715867968,16886.91035043818,3797838.56697
7.444136933489658,293488.5470858546,2.314938778855196,2.8754852445638535,0.3722436557498917,4.5209634433548445,0.3780879889325961,-0.0523582421589,-0.0517834472816,75714.62587394512,13967.090390756488,7165681.09398
5.241976144938013,245693.59189097723,2.0087095256631233,2.9297272607666116,0.39319890925054235,2.468362778959385,0.15297347483206847,-0.0488547458461,-0.0486574572079,27448.590512945113,26143.20195756051,4364036.42509
5.272751120926464,479162.70237360283,2.9917265516568197,2.068476849341643,0.19291723883245473,5.87059337827993,0.31075858465183204,-0.104255796111,-0.0890850498135,107873.24084189598,68230.90611171011,37224171.1273
3.9282142274125795,351670.9514235016,2.343616393082769,1.6182326306557082,0.16616509439500138,4.348950309116095,0.2598849047923745,-0.0807865502464,-0.0737661032579,51534.22957025655,35443.96200885834,24117830.4025
8.38965490152475,362851.81821015343,2.5804775905870794,2.8425747083091872,0.2738364776068961,5.301923850419183,0.38420841210155693,-0.0619387121179,-0.0590337750187,112280.33148925936,3928.2835220542843,15766415.2196
2.184291257279533,546325.5445740168,2.3296357127047136,1.5041375169708096,0.29323181961586775,4.541248607713946,0.23163256331142745,-0.143020363658,-0.14106999113,141453.97539464012,95618.19179322357,15175131.1551
7.737364113287542,366233.30847500096,1.7058472390141544,2.516226312757117,0.4644979730916312,4.076329987986524,0.2342432632026517,-0.0666597797954,-0.0665704297679,3946.9225036083067,33486.125958227196,3389708.45822
3.5398127564373665,121541.78470483026,2.87739645164988,2.3512956548576964,0.34450039703292157,5.95699272454637,0.256059321236698,-0.0263579922691,-0.0256013609486,58169.68512929435,11259.199734904456,5294590.62802
8.535124797731303,132814.7425435721,2.0185546438287703,1.5306273707340476,0.20072227815751903,3.8669850267746577,0.47780398812360303,-0.0243809728917,-0.0230343125186,41866.86821869195,10086.364332810575,8680786.85207
4.938398346779695,231712.39395082783,2.4167139965064823,2.6114669538014077,0.24675244849236871,4.283680562774577,0.3368932557343747,-0.0469698451761,-0.0451483103258,62995.42132861874,7703.806610880146,10355398.4484
4.504946851114238,420742.9994154841,2.914977513459464,2.1616347286413555,0.19348386494689013,3.448566477080405,0.4975711903535699,-0.0926253868756,-0.082954029517,110322.3974132802,45434.08044879771,26305318.2748
8.16173623283466,343612.9178964956,2.079847291532875,2.214705830367046,0.4143646125286129,5.868409061675374,0.227267413472502,-0.0600183378852,-0.0597239986687,45913.31741636605,7265.412724888715,4564244.06311
7.133210529667565,98121.79095872738,2.3984426178309013,2.5768840948103775,0.363001934260112,4.19763510279091,0.07804148948418244,-0.0169083261509,-0.0165945603689,34500.60154263708,11687.687238354963,4393285.55337
1.6586860852118859,267296.85039487993,1.6697441759940017,2.1854842240634214,0.2631564959037006,3.3812721987033028,0.41614556978772205,-0.0646349829624,-0.0643350358298,13338.929916506075,5094.395729888841,4728920.16714
9.196650767887956,120679.77696409788,2.2338859223596987,1.81336434487727,0.34444903909115754,5.370131205672783,0.3279431915758279,-0.0202905822323,-0.0199009903691,51013.17037077831,12774.792974834685,4454381.70797
4.3411673891173255,499781.99473579234,1.6357569176434057,2.6587406371480578,0.21438411796784634,5.5142810172487415,0.37853191336737124,-0.107245736052,-0.105879517368,34257.39776498817,15235.993955671933,11301129.0031
1.6145469186833314,395897.79054540914,2.7434908833067637,1.6229527921661986,0.25086921683729924,2.0507761705215874,0.33518827380346644,-0.0976978745963,-0.0935999501815,71712.7941992707,66656.83430064893,16854324.9135
2.1324581157430913,7645.355487328032,1.8407971459285397,2.1972838277607702,0.41142874133269636,4.25598105028452,0.49292703157581874,-0.00179270248285,-0.00178604190991,916.3621029978648,2353.424296784122,654965.26414
9.66748758543138,93930.4045733013,1.8248337680667468,2.3441081938326658,0.40870104235041915,5.001007716929071,0.30220502064643334,-0.0153016361587,-0.0152580667046,3713.5075691156494,32512.420727392324,2831240.37083
6.240612698539575,237002.60876140097,1.606057925114254,1.9697493634706253,0.46873092892794377,5.251778922028901,0.3822629001326169,-0.0473541362555,-0.0473087685067,1516.4278109208199,12382.253687805007,3244092.75384
5.4987963272058415,414319.38084664516,1.6761749931049528,2.744797340609476,0.2726759907799533,5.099120519970609,0.3655964420349992,-0.0831992493392,-0.0827389591024,19278.904973333076,11266.865516208098,12052561.8426
1.2590459454523497,222679.91694000643,2.8383866794363986,2.053479674126876,0.28958329224350354,5.553384389611532,0.42688017007186363,-0.0587607771893,-0.0568558217704,81345.3675711748,38801.16288582269,9003441.1231
2.0364022842198293,561226.6516334051,2.5199206815368447,2.7298988229863133,0.4211966588666737,4.753518047233655,0.25886848489589936,-0.131312558061,-0.130493111142,54556.63256908252,43901.2625324772,13285619.8263
1.8514299323726675,359887.77027881966,2.6875978576699424,2.0642728381211484,0.43545310017298944,2.4561052533527588,0.47225091349282355,-0.085283421404,-0.0846311227131,64324.32489392671,62615.55490343416,6047992.74508
9.604665024137804,334035.8460869294,1.6973279642153063,2.0947340187951555,0.4027566426925169,5.11452313142086,0.06700358084872171,-0.0552037047571,-0.0550856337419,16041.41944577591,19572.34324116577,3550457.14162
3.233829162762406,229170.97167378324,1.751469037976299,2.173183108423334,0.3816455197977151,4.883611101079383,0.08579410916412872,-0.0516698301399,-0.0515868280724,4324.316814550813,2922.38783482201,2924372.89421
2.32108131764375,121029.09047153691,2.9730203746490442,2.356606056713379,0.24292672013612276,3.6483678250090326,0.2875432168283295,-0.0279213938055,-0.0255325411734,20205.817814329952,15351.04265217022,8044453.57074
5.962760974714526,172099.06556459283,1.6209564889079537,2.472457052379566,0.36110930732497043,5.915796653008448,0.1953331177243387,-0.0334947955532,-0.0334501631669,14315.337068389767,16687.79443972323,3080229.82726
1.0946579867426038,166717.1528490207,2.421000601419046,2.4148683947097753,0.29354743383400117,5.619760295914977,0.4705099341298575,-0.0430188731617,-0.0423032248064,41308.13037882525,8009.788485761473,5174062.29236
6.630283593591403,167179.75058984372,1.9033687010058538,2.7485354649289806,0.2732856094996897,3.022927801075805,0.34735943243551337,-0.0314352121442,-0.0311489377993,20554.21623346785,30906.938145048818,6934488.41878
3.047419972004213,218095.68023917318,1.8603343072990954,1.7677808558500747,0.43532378288291873,3.8389913810949343,0.4795317533273821,-0.0503905121042,-0.050303020563,15331.802498251782,16608.567128749815,1961413.51618
5.13805390633792,574181.1805799037,2.708817484072954,2.8050919543783985,0.4050876743201667,3.756757213265694,0.31676488452337,-0.114183301989,-0.112606589094,170820.21419631827,74854.71077026763,11545717.8157
4.960268911061203,406850.2474578441,2.482007852403939,1.8747450501021063,0.30570289058563616,5.434682726330521,0.10125890907733798,-0.0835649441726,-0.0814869555685,85152.27988089043,74705.77733161858,12160008.2645
9.61113019644691,394337.3397323599,2.233226697546729,1.7438895789010886,0.3206028152647263,4.960127577901165,0.27062350598046536,-0.065605784061,-0.0645488030429,94861.50526897685,49506.26365350193,9977906.30855
4.434939212552476,285917.5814225486,1.8417549080237872,2.9459776686052703,0.24348077035203647,5.433363135840508,0.13575801640096302,-0.0584344224927,-0.05735909025,31527.71968897687,17885.398199414423,6409985.15594
8.166335958682193,111323.17326275609,2.0662143893350384,2.9180701481975646,0.17518662624834394,2.4964480115224106,0.3984558388078583,-0.0193484207587,-0.0181614141192,21412.417610034496,30532.98336351034,15247306.1527
5.6746264879674415,311055.1211418371,1.9838125801019575,1.5172409082591192,0.44001567289752663,3.2114392556734535,0.4057811191797419,-0.0644299685771,-0.0642845784525,39038.16329097555,21915.46933731795,3238651.94437
6.1999291117611115,437746.9084161836,1.7504001114833925,2.0821641800271844,0.47668824365334794,5.492921040577425,0.22488079346063988,-0.0860987228528,-0.086004781827,88.06017806704664,10527.132549766562,11126785.5975
1.1205010671852373,232807.44824431452,1.9109087433348835,1.8439873968030176,0.4820042645660283,5.62528714876614,0.28804314366253203,-0.0693671133221,-0.0693091140692,13761.811433094117,806.7137957160245,2708865.27951
3.448696886982403,277418.5374251636,1.6735569192679225,2.003453705912981,0.4312816014477171,3.948879424865795,0.46212999537988847,-0.0626815602271,-0.0625942581037,15315.315541928723,16444.25643473535,2394308.85897
4.551641927074902,535943.0024764698,2.724235208390348,2.075375846514359,0.2119585035054269,5.417147675339029,0.3958581120409649,-0.117441544409,-0.107816508695,63117.98204913404,67155.89469810129,29243469.5671
3.351459042784783,521787.6158791861,1.6314634681622895,1.6999472329081604,0.35453655729713973,3.0752289154723718,0.1585392643890477,-0.118758059165,-0.118579228597,15207.672673875502,9822.330405011064,11357470.4628
4.670040567359891,478188.982493099,1.907000068026421,2.854584781497676,0.3228600664828151,4.520690554770155,0.4579660827835022,-0.0995091613285,-0.0990997535914,355.24093994783243,12413.844935642368,21119300.4505
1.6310191125550646,55258.00829738534,1.795539446778803,1.8694730193386542,0.3965532757782789,3.773032450190968,0.4614375801445069,-0.0136544830611,-0.013625596257,5022.18348483196,1979.0662013578885,803618.026428
4.815131032930541,134663.49966445533,2.7679459444356223,1.5224287867742263,0.19355503759057024,3.3465493996818516,0.350621137662878,-0.0295631430827,-0.026159309305,46992.87920399717,29135.370761074297,10661240.6363
4.7980073454591965,381053.6092303452,2.0181592001832076,2.627968738361928,0.2901346144938317,5.1747452306823005,0.4963876291117292,-0.0792658375338,-0.0782223811554,49988.346803600936,25250.15541835988,8047067.83793
8.51756939674306,147525.11143420576,2.6389742528947018,1.8023421161140132,0.41290783235908923,4.713912752947615,0.2654441790756555,-0.0252759534521,-0.0248049270988,77888.63610378055,42219.61105515078,5081817.54579
9.845580233746636,28324.8487204806,2.983440044257823,1.5271038576313534,0.155680377838067,4.440686781855224,0.3906789259088905,-0.00674375296054,-0.00155967976819,23284.376629669034,7118.845517793011,13552038.2072
8.539522448783352,184554.93030180602,1.6023797902895414,2.11318943614224,0.28495886853944685,5.928434748390371,0.07617066281432716,-0.0315554562055,-0.0314010294481,16048.544668124787,15660.082652801097,4099272.83436
6.1957214389671735,482760.4884811328,1.8105919289886079,2.361516583570877,0.4836510199734305,4.064449963355388,0.3930017816300499,-0.0954775981514,-0.0953390802879,18610.330729106863,18458.58371981287,5200793.42557
9.400576797874526,261370.3497763151,2.8256753251616327,2.381252859448577,0.28045424151064746,5.917964958541363,0.21217882191537885,-0.0416519125316,-0.0386047637915,111414.21640819036,29942.04350565754,14487642.0403
1.95550865285997,410449.7660915964,2.999745869954067,1.946366080012786,0.17053874047504403,3.1531343332110127,0.06524531203939528,-0.106973438071,-0.0902180231789,89023.63557394895,44007.177478379286,41998576.8621
3.195797685643628,324346.5018846312,1.8956038356584979,2.1434566793698773,0.2605828096644262,2.1921320576105745,0.15632849824080755,-0.0728710935207,-0.0720770281264,42307.79176975486,15658.68985776244,6516095.19215
3.2096003083863867,369167.4572786117,2.7719489270803512,1.7141424452324954,0.46382575413178395,2.6258250442883666,0.42556140790956337,-0.0834170487739,-0.0828984967163,94784.45538744789,73200.77840432613,6542961.00952
5.7907943819560295,324457.9700202478,1.717970758642809,2.532276468305648,0.23312169481641898,2.6343460836728507,0.3698531102382983,-0.0651984704635,-0.0644925505289,42943.816630598965,17267.737890956825,9204443.73325
5.466786994896965,105814.16445450584,1.7458955361568922,2.2852138182958885,0.15361955029603255,4.743091088341355,0.31895067524231213,-0.0210909523247,-0.0202272106029,14969.06406453256,6810.111076310136,8500034.09786
3.7972019890875353,296197.9213460136,1.8555963870569177,2.966075524305033,0.3628411024130055,3.2112864064015056,0.28844675273539466,-0.0629593188196,-0.0627377764854,19047.560014381914,13706.174071575084,4700263.012
2.6733659694860537,236361.20294979727,1.6977760049207922,2.5481724871180473,0.22495725036777076,3.424639424018411,0.1536719418600272,-0.0531471520869,-0.0523455537057,22421.730281331813,13209.277757660251,5039116.97859
1.1025353538372578,58049.81112326235,2.2486449781551423,2.392716316729787,0.45936272055618765,3.5173904534667066,0.2573303862281759,-0.0139877116957,-0.0139659439647,5296.388184845268,9982.408607923428,1667192.45434
4.202552904191138,169771.4744627025,2.2969579180634896,2.9538970906873225,0.462396769262592,4.831793721592444,0.256846482111903,-0.0346512195522,-0.0344554381228,24722.763639040404,15878.013360754812,2653592.06746
9.11738509625081,444899.27676564653,1.524394425529895,2.271703980043834,0.24227801836359858,2.219925569726379,0.14447279530881071,-0.0780946334796,-0.0776543498923,34648.08306527977,32869.37347042154,10321981.4287
3.9455653804254185,349206.44345103606,1.977818227088943,2.1262638808048386,0.17811125933289498,5.27891070420649,0.47356998369570713,-0.0781345584157,-0.0750857100968,36824.22631205331,12313.792021729249,14617020.7139
7.349217705535309,246014.86504264062,2.822514969692738,1.6775905112145881,0.33268136985079755,5.164399564187207,0.2827354641144847,-0.0451368215449,-0.0435999596117,115072.57142490293,70883.69792714062,9798078.34935
2.2478181936706543,496238.32480329,1.9128897761194972,2.2185674361098973,0.16530477561055876,3.1768470883395183,0.13087376027701603,-0.118103340601,-0.112849539903,25480.838777689834,27453.50935074514,21705658.8459
5.925989522674454,249883.2020061914,2.759318040601779,2.570111063929339,0.47639504040799285,3.2165676121316116,0.41223247694620674,-0.0482237522264,-0.0477410676747,98934.10108334868,25642.401061416236,5167223.78376
2.63465527170589,528905.9554592283,2.709499441778429,2.4035783119375638,0.4915554538869237,4.0506275537552145,0.4798699874755028,-0.120313534798,-0.119658029432,87523.16269012021,77342.33061509604,7122035.4595
1.9656641002227926,596334.4552406246,1.5534938296718872,2.354254849678891,0.2610006103892702,4.466306709159909,0.050289262083203536,-0.166452964466,-0.16589738392,36599.40943820348,36340.52289440563,13738973.9597
6.51070071202888,45303.82815536551,1.6195076916555613,1.703705190299738,0.20327817872480203,2.8799257142753265,0.4440492122346763,-0.00878012845443,-0.00855974127457,11879.775851265316,8289.96462041229,3869082.53355
2.728915134304349,71985.68282227189,2.2199762570571737,2.172561858652806,0.18774608088167627,3.993976438672545,0.42453887210047453,-0.0162987367305,-0.0152726080629,10654.63697298816,1676.1676444885445,5399913.5978
4.860034896014464,167279.6417358984,1.9400877192676038,2.54216404161426,0.1925009229251434,2.693954437221088,0.16729497850845726,-0.0341573231336,-0.0330348899111,25427.925161868505,8106.727050618327,8702173.08743
2.6218339655949587,300292.7924269061,1.6598544539797842,2.2772334946478465,0.2354231348803913,3.652117066125212,0.41126541579638165,-0.069465284364,-0.0688341089997,13706.732980760515,11453.94394047957,5699273.73947
8.61873191665224,37331.359186397516,2.4239792106991747,1.9873319468310762,0.2165206142364452,4.896597195950397,0.31180847656086347,-0.00641849126045,-0.00516421182733,35393.303443517434,6158.8052457021295,7827175.65843
6.743617750111969,581463.3936108619,1.9544817932312553,2.70951078566345,0.3544194800363137,2.502027081918586,0.3427367355345397,-0.111306872596,-0.110690117045,83791.57246026953,19654.69916653708,9104200.5356
4.923140882475845,275577.2981188296,1.9760182831752588,2.6848688998569132,0.3812314608372066,3.647212658801986,0.26100387079214954,-0.0559126481068,-0.0556660009157,30227.597755552448,7938.3739937022265,4150964.46484
7.5819484049060675,76253.71177536546,2.5750466897302458,2.543414159351247,0.2608012599826629,4.607890624743071,0.4295314668322511,-0.0133436837517,-0.0122822393069,30629.01529402619,15876.898678375743,8312692.66751
3.31728602882946,16853.785555514933,2.750143567955802,1.9696918831344778,0.4204059380844688,5.728236154337425,0.37785216405667243,-0.00378987756496,-0.0036471605454,22823.879791922398,7514.269849475655,1526262.93808
3.905291322733281,358853.3336038132,1.970716917113923,2.5151578433620654,0.29075134105855027,2.8227262176711485,0.46738349932631407,-0.0779236000616,-0.0771649160388,61949.64552738146,4342.529964319012,7214764.65886
8.69829807850492,22609.320813138955,2.4350476843301876,1.8378715903134326,0.2266896686120307,2.086092997824683,0.440167660873271,-0.00405179972242,-0.00290386577243,30405.563538933628,1663.7750522323568,7263529.86165
