$MeshFormat
2.2 0 8
$EndMeshFormat
$PhysicalNames
23
1 10 "top"
1 11 "bottom"
1 12 "left"
1 13 "right"
1 20 "soil_inner_wall"
1 21 "concrete_outer_wall"
2 1 "concrete"
2 6 "native_soil"
2 101 "layer_1"
2 102 "layer_2"
2 103 "layer_3"
2 104 "layer_4"
2 105 "layer_5"
2 106 "layer_6"
2 107 "layer_7"
2 108 "layer_8"
2 109 "layer_9"
2 110 "layer_10"
2 111 "layer_11"
2 112 "layer_12"
2 113 "layer_13"
2 114 "layer_14"
2 115 "layer_15"
$EndPhysicalNames
$Nodes
1854
1 -11 -0 0
2 11 -0 0
3 11 -0.4666666666666666 0
4 -11 -0.4666666666666666 0
5 11 -0.9333333333333332 0
6 -11 -0.9333333333333332 0
7 11 -1.4 0
8 -11 -1.4 0
9 11 -1.866666666666666 0
10 -11 -1.866666666666666 0
11 11 -2.333333333333333 0
12 -11 -2.333333333333333 0
13 11 -2.799999999999999 0
14 -11 -2.799999999999999 0
15 11 -3.266666666666667 0
16 -11 -3.266666666666667 0
17 11 -3.733333333333333 0
18 -11 -3.733333333333333 0
19 11 -4.2 0
20 -11 -4.2 0
21 11 -4.666666666666667 0
22 -11 -4.666666666666667 0
23 -1 -5 0
24 1 -5 0
25 1 -7 0
26 -1 -7 0
27 11 -5.133333333333334 0
28 1 -5.133333333333334 0
29 1 -5.600000000000001 0
30 11 -5.599999999999999 0
31 -1 -5.133333333333334 0
32 -11 -5.133333333333334 0
33 -11 -5.599999999999999 0
34 -1 -5.600000000000001 0
35 1 -6.066666666666666 0
36 11 -6.066666666666666 0
37 -11 -6.066666666666666 0
38 -1 -6.066666666666666 0
39 1 -6.533333333333333 0
40 11 -6.533333333333334 0
41 -11 -6.533333333333334 0
42 -1 -6.533333333333333 0
43 11 -7 0
44 -11 -7 0
45 11 -30.5 0
46 -11 -30.5 0
47 -1 -5 0
48 1 -5 0
49 -1 -7 0
50 1 -7 0
51 -0.8 -5.2 0
52 0.8 -5.2 0
53 0.8 -6.800000000000001 0
54 -0.8 -6.800000000000001 0
55 -9.533333333333331 0 0
56 -8.066666666666661 0 0
57 -6.599999999999993 0 0
58 -5.133333333333326 0 0
59 -3.666666666666654 0 0
60 -2.19999999999998 0 0
61 -0.7333333333333076 0 0
62 0.7333333333333663 0 0
63 2.200000000000029 0 0
64 3.666666666666691 0 0
65 5.133333333333354 0 0
66 6.600000000000016 0 0
67 8.066666666666677 0 0
68 9.533333333333339 0 0
69 9.533333333333331 -0.4666666666666667 0
70 8.066666666666661 -0.4666666666666667 0
71 6.599999999999993 -0.4666666666666667 0
72 5.133333333333326 -0.4666666666666667 0
73 3.666666666666654 -0.4666666666666667 0
74 2.19999999999998 -0.4666666666666667 0
75 0.7333333333333076 -0.4666666666666667 0
76 -0.7333333333333663 -0.4666666666666667 0
77 -2.200000000000029 -0.4666666666666667 0
78 -3.666666666666691 -0.4666666666666667 0
79 -5.133333333333354 -0.4666666666666667 0
80 -6.600000000000016 -0.4666666666666667 0
81 -8.066666666666677 -0.4666666666666667 0
82 -9.533333333333339 -0.4666666666666667 0
83 9.533333333333331 -0.9333333333333333 0
84 8.066666666666661 -0.9333333333333333 0
85 6.599999999999993 -0.9333333333333333 0
86 5.133333333333326 -0.9333333333333333 0
87 3.666666666666654 -0.9333333333333333 0
88 2.19999999999998 -0.9333333333333333 0
89 0.7333333333333076 -0.9333333333333333 0
90 -0.7333333333333663 -0.9333333333333333 0
91 -2.200000000000029 -0.9333333333333333 0
92 -3.666666666666691 -0.9333333333333333 0
93 -5.133333333333354 -0.9333333333333333 0
94 -6.600000000000016 -0.9333333333333333 0
95 -8.066666666666677 -0.9333333333333333 0
96 -9.533333333333339 -0.9333333333333333 0
97 9.533333333333331 -1.4 0
98 8.066666666666661 -1.4 0
99 6.599999999999993 -1.4 0
100 5.133333333333326 -1.4 0
101 3.666666666666654 -1.4 0
102 2.19999999999998 -1.4 0
103 0.7333333333333076 -1.4 0
104 -0.7333333333333663 -1.4 0
105 -2.200000000000029 -1.4 0
106 -3.666666666666691 -1.4 0
107 -5.133333333333354 -1.4 0
108 -6.600000000000016 -1.4 0
109 -8.066666666666677 -1.4 0
110 -9.533333333333339 -1.4 0
111 9.533333333333331 -1.866666666666667 0
112 8.066666666666661 -1.866666666666667 0
113 6.599999999999993 -1.866666666666667 0
114 5.133333333333326 -1.866666666666667 0
115 3.666666666666654 -1.866666666666667 0
116 2.19999999999998 -1.866666666666667 0
117 0.7333333333333076 -1.866666666666667 0
118 -0.7333333333333663 -1.866666666666667 0
119 -2.200000000000029 -1.866666666666667 0
120 -3.666666666666691 -1.866666666666667 0
121 -5.133333333333354 -1.866666666666667 0
122 -6.600000000000016 -1.866666666666667 0
123 -8.066666666666677 -1.866666666666667 0
124 -9.533333333333339 -1.866666666666667 0
125 9.533333333333331 -2.333333333333333 0
126 8.066666666666661 -2.333333333333333 0
127 6.599999999999993 -2.333333333333333 0
128 5.133333333333326 -2.333333333333333 0
129 3.666666666666654 -2.333333333333333 0
130 2.19999999999998 -2.333333333333333 0
131 0.7333333333333076 -2.333333333333333 0
132 -0.7333333333333663 -2.333333333333333 0
133 -2.200000000000029 -2.333333333333333 0
134 -3.666666666666691 -2.333333333333333 0
135 -5.133333333333354 -2.333333333333333 0
136 -6.600000000000016 -2.333333333333333 0
137 -8.066666666666677 -2.333333333333333 0
138 -9.533333333333339 -2.333333333333333 0
139 9.533333333333331 -2.8 0
140 8.066666666666661 -2.8 0
141 6.599999999999993 -2.8 0
142 5.133333333333326 -2.8 0
143 3.666666666666654 -2.8 0
144 2.19999999999998 -2.8 0
145 0.7333333333333076 -2.8 0
146 -0.7333333333333663 -2.8 0
147 -2.200000000000029 -2.8 0
148 -3.666666666666691 -2.8 0
149 -5.133333333333354 -2.8 0
150 -6.600000000000016 -2.8 0
151 -8.066666666666677 -2.8 0
152 -9.533333333333339 -2.8 0
153 9.533333333333331 -3.266666666666667 0
154 8.066666666666661 -3.266666666666667 0
155 6.599999999999993 -3.266666666666667 0
156 5.133333333333326 -3.266666666666667 0
157 3.666666666666654 -3.266666666666667 0
158 2.19999999999998 -3.266666666666667 0
159 0.7333333333333076 -3.266666666666667 0
160 -0.7333333333333663 -3.266666666666667 0
161 -2.200000000000029 -3.266666666666667 0
162 -3.666666666666691 -3.266666666666667 0
163 -5.133333333333354 -3.266666666666667 0
164 -6.600000000000016 -3.266666666666667 0
165 -8.066666666666677 -3.266666666666667 0
166 -9.533333333333339 -3.266666666666667 0
167 9.533333333333331 -3.733333333333333 0
168 8.066666666666661 -3.733333333333333 0
169 6.599999999999993 -3.733333333333333 0
170 5.133333333333326 -3.733333333333333 0
171 3.666666666666654 -3.733333333333333 0
172 2.19999999999998 -3.733333333333333 0
173 0.7333333333333076 -3.733333333333333 0
174 -0.7333333333333663 -3.733333333333333 0
175 -2.200000000000029 -3.733333333333333 0
176 -3.666666666666691 -3.733333333333333 0
177 -5.133333333333354 -3.733333333333333 0
178 -6.600000000000016 -3.733333333333333 0
179 -8.066666666666677 -3.733333333333333 0
180 -9.533333333333339 -3.733333333333333 0
181 9.580341233004102 -4.2 0
182 8.160682466008202 -4.2 0
183 6.741023699012306 -4.2 0
184 5.32136493201641 -4.2 0
185 3.901706165020509 -4.2 0
186 2.482047398024607 -4.2 0
187 1.145956595784005 -4.2 0
188 -5.329070518200751e-15 -4.2 0
189 -1.145956595784027 -4.2 0
190 -2.482047398024653 -4.2 0
191 -3.901706165020546 -4.2 0
192 -5.321364932016436 -4.2 0
193 -6.741023699012327 -4.2 0
194 -8.160682466008218 -4.2 0
195 -9.580341233004109 -4.2 0
196 9.540319433280402 -4.666666666666667 0
197 8.080638866560804 -4.666666666666667 0
198 6.62095829984121 -4.666666666666667 0
199 5.161277733121614 -4.666666666666667 0
200 3.706473999988508 -4.666666666666667 0
201 2.511637830258815 -4.666666666666667 0
202 1.65319420789023 -4.666666666666667 0
203 1.038069669272708 -4.666666666666667 0
204 0.5189975348336429 -4.666666666666667 0
205 7.105427357601002e-15 -4.666666666666667 0
206 -0.5189975348336269 -4.666666666666667 0
207 -1.038069669272698 -4.666666666666667 0
208 -1.653194207890206 -4.666666666666667 0
209 -2.511637830258779 -4.666666666666667 0
210 -3.706473999988464 -4.666666666666667 0
211 -5.161277733121558 -4.666666666666667 0
212 -6.62095829984116 -4.666666666666667 0
213 -8.080638866560772 -4.666666666666667 0
214 -9.540319433280388 -4.666666666666667 0
215 -0.95 -5 0
216 -0.9 -5 0
217 -0.85 -5 0
218 -0.8 -5 0
219 -0.75 -5 0
220 -0.7 -5 0
221 -0.65 -5 0
222 -0.6 -5 0
223 -0.55 -5 0
224 -0.5 -5 0
225 -0.45 -5 0
226 -0.4 -5 0
227 -0.35 -5 0
228 -0.3 -5 0
229 -0.25 -5 0
230 -0.2 -5 0
231 -0.15 -5 0
232 -0.09999999999999998 -5 0
233 -0.05000000000000004 -5 0
234 0 -5 0
235 0.05000000000000004 -5 0
236 0.1000000000000001 -5 0
237 0.1499999999999999 -5 0
238 0.2 -5 0
239 0.25 -5 0
240 0.3 -5 0
241 0.3500000000000001 -5 0
242 0.3999999999999999 -5 0
243 0.45 -5 0
244 0.5 -5 0
245 0.55 -5 0
246 0.6000000000000001 -5 0
247 0.6499999999999999 -5 0
248 0.7 -5 0
249 0.75 -5 0
250 0.8 -5 0
251 0.8500000000000001 -5 0
252 0.8999999999999999 -5 0
253 0.95 -5 0
254 0.95 -7 0
255 0.9 -7 0
256 0.85 -7 0
257 0.8 -7 0
258 0.75 -7 0
259 0.7 -7 0
260 0.65 -7 0
261 0.6 -7 0
262 0.55 -7 0
263 0.5 -7 0
264 0.45 -7 0
265 0.4 -7 0
266 0.35 -7 0
267 0.3 -7 0
268 0.25 -7 0
269 0.2 -7 0
270 0.15 -7 0
271 0.09999999999999998 -7 0
272 0.05000000000000004 -7 0
273 0 -7 0
274 -0.05000000000000004 -7 0
275 -0.1000000000000001 -7 0
276 -0.1499999999999999 -7 0
277 -0.2 -7 0
278 -0.25 -7 0
279 -0.3 -7 0
280 -0.3500000000000001 -7 0
281 -0.3999999999999999 -7 0
282 -0.45 -7 0
283 -0.5 -7 0
284 -0.55 -7 0
285 -0.6000000000000001 -7 0
286 -0.6499999999999999 -7 0
287 -0.7 -7 0
288 -0.75 -7 0
289 -0.8 -7 0
290 -0.8500000000000001 -7 0
291 -0.8999999999999999 -7 0
292 -0.95 -7 0
293 9.522104822947703 -5.133333333333334 0
294 8.044209645895403 -5.133333333333334 0
295 6.566314468843109 -5.133333333333334 0
296 5.091474168814482 -5.133333333333334 0
297 3.88034056503612 -5.133333333333334 0
298 3.015543564865013 -5.133333333333334 0
299 2.397844158771314 -5.133333333333334 0
300 1.641293892639919 -5.133333333333334 0
301 1.255400247866815 -5.133333333333334 0
302 1.140575304425786 -5.133333333333334 0
303 1.058568467761939 -5.133333333333334 0
304 1 -5.180000000000001 0
305 1 -5.226666666666667 0
306 1 -5.273333333333334 0
307 1 -5.32 0
308 1 -5.366666666666667 0
309 1 -5.413333333333334 0
310 1 -5.460000000000001 0
311 1 -5.506666666666668 0
312 1 -5.553333333333335 0
313 9.522104822947703 -5.600000000000001 0
314 8.044209645895403 -5.600000000000001 0
315 6.566314468843109 -5.600000000000001 0
316 5.091474168814482 -5.600000000000001 0
317 3.88034056503612 -5.600000000000001 0
318 3.015543564865013 -5.600000000000001 0
319 2.397844158771314 -5.600000000000001 0
320 1.641293892639919 -5.600000000000001 0
321 1.255400247866815 -5.600000000000001 0
322 1.140575304425786 -5.600000000000001 0
323 1.058568467761939 -5.600000000000001 0
324 -1.05856846776194 -5.133333333333334 0
325 -1.140575304425786 -5.133333333333334 0
326 -1.255400247866813 -5.133333333333334 0
327 -1.641293892639919 -5.133333333333334 0
328 -2.397844158771324 -5.133333333333334 0
329 -3.015543564865029 -5.133333333333334 0
330 -3.880340565036146 -5.133333333333334 0
331 -5.091474168814521 -5.133333333333334 0
332 -6.566314468843142 -5.133333333333334 0
333 -8.044209645895428 -5.133333333333334 0
334 -9.522104822947714 -5.133333333333334 0
335 -1.05856846776194 -5.600000000000001 0
336 -1.140575304425786 -5.600000000000001 0
337 -1.255400247866813 -5.600000000000001 0
338 -1.641293892639919 -5.600000000000001 0
339 -2.397844158771324 -5.600000000000001 0
340 -3.015543564865029 -5.600000000000001 0
341 -3.880340565036146 -5.600000000000001 0
342 -5.091474168814521 -5.600000000000001 0
343 -6.566314468843142 -5.600000000000001 0
344 -8.044209645895428 -5.600000000000001 0
345 -9.522104822947714 -5.600000000000001 0
346 -1 -5.553333333333334 0
347 -1 -5.506666666666667 0
348 -1 -5.460000000000001 0
349 -1 -5.413333333333334 0
350 -1 -5.366666666666667 0
351 -1 -5.32 0
352 -1 -5.273333333333333 0
353 -1 -5.226666666666667 0
354 -1 -5.18 0
355 1 -5.646666666666667 0
356 1 -5.693333333333333 0
357 1 -5.74 0
358 1 -5.786666666666667 0
359 1 -5.833333333333334 0
360 1 -5.880000000000001 0
361 1 -5.926666666666667 0
362 1 -5.973333333333334 0
363 1 -6.02 0
364 9.522104822947703 -6.066666666666666 0
365 8.044209645895403 -6.066666666666666 0
366 6.566314468843109 -6.066666666666666 0
367 5.091474168814482 -6.066666666666666 0
368 3.88034056503612 -6.066666666666666 0
369 3.015543564865013 -6.066666666666666 0
370 2.397844158771314 -6.066666666666666 0
371 1.641293892639919 -6.066666666666666 0
372 1.255400247866815 -6.066666666666666 0
373 1.140575304425786 -6.066666666666666 0
374 1.058568467761939 -6.066666666666666 0
375 -1.05856846776194 -6.066666666666666 0
376 -1.140575304425786 -6.066666666666666 0
377 -1.255400247866813 -6.066666666666666 0
378 -1.641293892639919 -6.066666666666666 0
379 -2.397844158771324 -6.066666666666666 0
380 -3.015543564865029 -6.066666666666666 0
381 -3.880340565036146 -6.066666666666666 0
382 -5.091474168814521 -6.066666666666666 0
383 -6.566314468843142 -6.066666666666666 0
384 -8.044209645895428 -6.066666666666666 0
385 -9.522104822947714 -6.066666666666666 0
386 -1 -6.02 0
387 -1 -5.973333333333333 0
388 -1 -5.926666666666667 0
389 -1 -5.88 0
390 -1 -5.833333333333333 0
391 -1 -5.786666666666667 0
392 -1 -5.74 0
393 -1 -5.693333333333333 0
394 -1 -5.646666666666667 0
395 1 -6.113333333333333 0
396 1 -6.16 0
397 1 -6.206666666666667 0
398 1 -6.253333333333334 0
399 1 -6.3 0
400 1 -6.346666666666667 0
401 1 -6.393333333333334 0
402 1 -6.44 0
403 1 -6.486666666666667 0
404 9.522104822947703 -6.533333333333333 0
405 8.044209645895403 -6.533333333333333 0
406 6.566314468843109 -6.533333333333333 0
407 5.091474168814482 -6.533333333333333 0
408 3.88034056503612 -6.533333333333333 0
409 3.015543564865013 -6.533333333333333 0
410 2.397844158771314 -6.533333333333333 0
411 1.641293892639919 -6.533333333333333 0
412 1.255400247866815 -6.533333333333333 0
413 1.140575304425786 -6.533333333333333 0
414 1.058568467761939 -6.533333333333333 0
415 -1.05856846776194 -6.533333333333333 0
416 -1.140575304425786 -6.533333333333333 0
417 -1.255400247866813 -6.533333333333333 0
418 -1.641293892639919 -6.533333333333333 0
419 -2.397844158771324 -6.533333333333333 0
420 -3.015543564865029 -6.533333333333333 0
421 -3.880340565036146 -6.533333333333333 0
422 -5.091474168814521 -6.533333333333333 0
423 -6.566314468843142 -6.533333333333333 0
424 -8.044209645895428 -6.533333333333333 0
425 -9.522104822947714 -6.533333333333333 0
426 -1 -6.486666666666666 0
427 -1 -6.44 0
428 -1 -6.393333333333333 0
429 -1 -6.346666666666666 0
430 -1 -6.3 0
431 -1 -6.253333333333333 0
432 -1 -6.206666666666666 0
433 -1 -6.159999999999999 0
434 -1 -6.113333333333332 0
435 1 -6.58 0
436 1 -6.626666666666667 0
437 1 -6.673333333333334 0
438 1 -6.720000000000001 0
439 1 -6.766666666666667 0
440 1 -6.813333333333333 0
441 1 -6.86 0
442 1 -6.906666666666667 0
443 1 -6.953333333333334 0
444 1.05856846776194 -7 0
445 1.140575304425786 -7 0
446 1.255400247866813 -7 0
447 1.641293892639919 -7 0
448 2.397844158771324 -7 0
449 3.015543564865029 -7 0
450 3.880340565036146 -7 0
451 5.091474168814521 -7 0
452 6.566314468843142 -7 0
453 8.044209645895428 -7 0
454 9.522104822947714 -7 0
455 -9.522104822947703 -7 0
456 -8.044209645895403 -7 0
457 -6.566314468843109 -7 0
458 -5.091474168814482 -7 0
459 -3.88034056503612 -7 0
460 -3.015543564865013 -7 0
461 -2.397844158771314 -7 0
462 -1.641293892639919 -7 0
463 -1.255400247866815 -7 0
464 -1.140575304425786 -7 0
465 -1.058568467761939 -7 0
466 -1 -6.953333333333333 0
467 -1 -6.906666666666666 0
468 -1 -6.859999999999999 0
469 -1 -6.813333333333333 0
470 -1 -6.766666666666667 0
471 -1 -6.72 0
472 -1 -6.673333333333333 0
473 -1 -6.626666666666666 0
474 -1 -6.579999999999999 0
475 11 -8.468750000000004 0
476 11 -9.937500000000007 0
477 11 -11.40625000000001 0
478 11 -12.87500000000001 0
479 11 -14.34375000000001 0
480 11 -15.81250000000002 0
481 11 -17.28125000000003 0
482 11 -18.75000000000004 0
483 11 -20.21875000000003 0
484 11 -21.68750000000003 0
485 11 -23.15625000000002 0
486 11 -24.62500000000001 0
487 11 -26.09375000000001 0
488 11 -27.56250000000001 0
489 11 -29.03125 0
490 9.533333333333331 -30.5 0
491 8.066666666666661 -30.5 0
492 6.599999999999993 -30.5 0
493 5.133333333333326 -30.5 0
494 3.666666666666654 -30.5 0
495 2.19999999999998 -30.5 0
496 0.7333333333333076 -30.5 0
497 -0.7333333333333663 -30.5 0
498 -2.200000000000029 -30.5 0
499 -3.666666666666691 -30.5 0
500 -5.133333333333354 -30.5 0
501 -6.600000000000016 -30.5 0
502 -8.066666666666677 -30.5 0
503 -9.533333333333339 -30.5 0
504 -11 -29.03125 0
505 -11 -27.56249999999999 0
506 -11 -26.09374999999999 0
507 -11 -24.62499999999999 0
508 -11 -23.15624999999999 0
509 -11 -21.68749999999998 0
510 -11 -20.21874999999997 0
511 -11 -18.74999999999996 0
512 -11 -17.28124999999997 0
513 -11 -15.81249999999997 0
514 -11 -14.34374999999998 0
515 -11 -12.87499999999999 0
516 -11 -11.40624999999999 0
517 -11 -9.937499999999993 0
518 -11 -8.468749999999996 0
519 -1 -5.088888888888889 0
520 -1 -5.044444444444444 0
521 1 -5.044444444444444 0
522 1 -5.088888888888889 0
523 -0.95 -5 0
524 -0.9 -5 0
525 -0.85 -5 0
526 -0.8 -5 0
527 -0.75 -5 0
528 -0.7 -5 0
529 -0.65 -5 0
530 -0.6 -5 0
531 -0.55 -5 0
532 -0.5 -5 0
533 -0.45 -5 0
534 -0.4 -5 0
535 -0.35 -5 0
536 -0.3 -5 0
537 -0.25 -5 0
538 -0.2 -5 0
539 -0.15 -5 0
540 -0.09999999999999998 -5 0
541 -0.05000000000000004 -5 0
542 0 -5 0
543 0.05000000000000004 -5 0
544 0.1000000000000001 -5 0
545 0.1499999999999999 -5 0
546 0.2 -5 0
547 0.25 -5 0
548 0.3 -5 0
549 0.3500000000000001 -5 0
550 0.3999999999999999 -5 0
551 0.45 -5 0
552 0.5 -5 0
553 0.55 -5 0
554 0.6000000000000001 -5 0
555 0.6499999999999999 -5 0
556 0.7 -5 0
557 0.75 -5 0
558 0.8 -5 0
559 0.8500000000000001 -5 0
560 0.8999999999999999 -5 0
561 0.95 -5 0
562 -1 -6.95 0
563 -1 -6.9 0
564 -1 -6.85 0
565 -1 -6.8 0
566 -1 -6.75 0
567 -1 -6.7 0
568 -1 -6.65 0
569 -1 -6.6 0
570 -1 -6.55 0
571 -1 -6.5 0
572 -1 -6.45 0
573 -1 -6.4 0
574 -1 -6.35 0
575 -1 -6.3 0
576 -1 -6.25 0
577 -1 -6.2 0
578 -1 -6.15 0
579 -1 -6.1 0
580 -1 -6.05 0
581 -1 -6 0
582 -1 -5.95 0
583 -1 -5.9 0
584 -1 -5.85 0
585 -1 -5.8 0
586 -1 -5.75 0
587 -1 -5.7 0
588 -1 -5.65 0
589 -1 -5.6 0
590 -1 -5.55 0
591 -1 -5.5 0
592 -1 -5.45 0
593 -1 -5.4 0
594 -1 -5.35 0
595 -1 -5.3 0
596 -1 -5.25 0
597 -1 -5.2 0
598 -1 -5.15 0
599 -1 -5.1 0
600 -1 -5.05 0
601 1 -5.05 0
602 1 -5.1 0
603 1 -5.15 0
604 1 -5.2 0
605 1 -5.25 0
606 1 -5.3 0
607 1 -5.35 0
608 1 -5.4 0
609 1 -5.45 0
610 1 -5.5 0
611 1 -5.55 0
612 1 -5.6 0
613 1 -5.65 0
614 1 -5.7 0
615 1 -5.75 0
616 1 -5.8 0
617 1 -5.85 0
618 1 -5.9 0
619 1 -5.95 0
620 1 -6 0
621 1 -6.05 0
622 1 -6.1 0
623 1 -6.15 0
624 1 -6.2 0
625 1 -6.25 0
626 1 -6.3 0
627 1 -6.35 0
628 1 -6.4 0
629 1 -6.45 0
630 1 -6.5 0
631 1 -6.55 0
632 1 -6.6 0
633 1 -6.65 0
634 1 -6.7 0
635 1 -6.75 0
636 1 -6.8 0
637 1 -6.85 0
638 1 -6.9 0
639 1 -6.95 0
640 0.95 -7 0
641 0.9 -7 0
642 0.85 -7 0
643 0.8 -7 0
644 0.75 -7 0
645 0.7 -7 0
646 0.65 -7 0
647 0.6 -7 0
648 0.55 -7 0
649 0.5 -7 0
650 0.45 -7 0
651 0.4 -7 0
652 0.35 -7 0
653 0.3 -7 0
654 0.25 -7 0
655 0.2 -7 0
656 0.15 -7 0
657 0.09999999999999998 -7 0
658 0.05000000000000004 -7 0
659 0 -7 0
660 -0.05000000000000004 -7 0
661 -0.1000000000000001 -7 0
662 -0.1499999999999999 -7 0
663 -0.2 -7 0
664 -0.25 -7 0
665 -0.3 -7 0
666 -0.3500000000000001 -7 0
667 -0.3999999999999999 -7 0
668 -0.45 -7 0
669 -0.5 -7 0
670 -0.55 -7 0
671 -0.6000000000000001 -7 0
672 -0.6499999999999999 -7 0
673 -0.7 -7 0
674 -0.75 -7 0
675 -0.8 -7 0
676 -0.8500000000000001 -7 0
677 -0.8999999999999999 -7 0
678 -0.95 -7 0
679 -0.75 -5.2 0
680 -0.6999999999999998 -5.2 0
681 -0.6499999999999998 -5.2 0
682 -0.5999999999999996 -5.2 0
683 -0.5499999999999996 -5.2 0
684 -0.4999999999999995 -5.2 0
685 -0.4499999999999994 -5.2 0
686 -0.3999999999999992 -5.2 0
687 -0.3499999999999991 -5.2 0
688 -0.299999999999999 -5.2 0
689 -0.2499999999999991 -5.2 0
690 -0.1999999999999993 -5.2 0
691 -0.1499999999999992 -5.2 0
692 -0.09999999999999931 -5.2 0
693 -0.04999999999999938 -5.2 0
694 5.551115123125783e-16 -5.2 0
695 0.0500000000000006 -5.2 0
696 0.1000000000000006 -5.2 0
697 0.1500000000000006 -5.2 0
698 0.2000000000000008 -5.2 0
699 0.2500000000000007 -5.2 0
700 0.3000000000000007 -5.2 0
701 0.3500000000000005 -5.2 0
702 0.4000000000000006 -5.2 0
703 0.4500000000000006 -5.2 0
704 0.5000000000000004 -5.2 0
705 0.5500000000000005 -5.2 0
706 0.6000000000000003 -5.2 0
707 0.6500000000000004 -5.2 0
708 0.7000000000000002 -5.2 0
709 0.7500000000000002 -5.2 0
710 0.8 -5.25 0
711 0.8 -5.300000000000001 0
712 0.8 -5.350000000000001 0
713 0.8 -5.4 0
714 0.8 -5.450000000000001 0
715 0.8 -5.500000000000001 0
716 0.8 -5.550000000000001 0
717 0.8 -5.600000000000001 0
718 0.8 -5.650000000000001 0
719 0.8 -5.700000000000001 0
720 0.8 -5.750000000000002 0
721 0.8 -5.800000000000001 0
722 0.8 -5.850000000000001 0
723 0.8 -5.900000000000001 0
724 0.8 -5.950000000000001 0
725 0.8 -6.000000000000001 0
726 0.8 -6.050000000000001 0
727 0.8 -6.100000000000001 0
728 0.8 -6.150000000000001 0
729 0.8 -6.200000000000001 0
730 0.8 -6.250000000000002 0
731 0.8 -6.300000000000002 0
732 0.8 -6.350000000000001 0
733 0.8 -6.400000000000001 0
734 0.8 -6.450000000000001 0
735 0.8 -6.500000000000001 0
736 0.8 -6.550000000000001 0
737 0.8 -6.600000000000001 0
738 0.8 -6.650000000000001 0
739 0.8 -6.700000000000001 0
740 0.8 -6.750000000000001 0
741 0.75 -6.800000000000001 0
742 0.6999999999999998 -6.800000000000001 0
743 0.6499999999999998 -6.800000000000001 0
744 0.5999999999999996 -6.800000000000001 0
745 0.5499999999999996 -6.800000000000001 0
746 0.4999999999999995 -6.800000000000001 0
747 0.4499999999999994 -6.800000000000001 0
748 0.3999999999999992 -6.800000000000001 0
749 0.3499999999999991 -6.800000000000001 0
750 0.299999999999999 -6.800000000000001 0
751 0.2499999999999991 -6.800000000000001 0
752 0.1999999999999993 -6.800000000000001 0
753 0.1499999999999992 -6.800000000000001 0
754 0.09999999999999931 -6.800000000000001 0
755 0.04999999999999938 -6.800000000000001 0
756 -5.551115123125783e-16 -6.800000000000001 0
757 -0.0500000000000006 -6.800000000000001 0
758 -0.1000000000000006 -6.800000000000001 0
759 -0.1500000000000006 -6.800000000000001 0
760 -0.2000000000000008 -6.800000000000001 0
761 -0.2500000000000007 -6.800000000000001 0
762 -0.3000000000000007 -6.800000000000001 0
763 -0.3500000000000005 -6.800000000000001 0
764 -0.4000000000000006 -6.800000000000001 0
765 -0.4500000000000006 -6.800000000000001 0
766 -0.5000000000000004 -6.800000000000001 0
767 -0.5500000000000005 -6.800000000000001 0
768 -0.6000000000000003 -6.800000000000001 0
769 -0.6500000000000004 -6.800000000000001 0
770 -0.7000000000000002 -6.800000000000001 0
771 -0.7500000000000002 -6.800000000000001 0
772 -0.8 -6.750000000000001 0
773 -0.8 -6.7 0
774 -0.8 -6.65 0
775 -0.8 -6.600000000000001 0
776 -0.8 -6.55 0
777 -0.8 -6.5 0
778 -0.8 -6.45 0
779 -0.8 -6.399999999999999 0
780 -0.8 -6.35 0
781 -0.8 -6.3 0
782 -0.8 -6.25 0
783 -0.8 -6.199999999999999 0
784 -0.8 -6.149999999999999 0
785 -0.8 -6.1 0
786 -0.8 -6.05 0
787 -0.8 -6 0
788 -0.8 -5.95 0
789 -0.8 -5.899999999999999 0
790 -0.8 -5.85 0
791 -0.8 -5.799999999999999 0
792 -0.8 -5.75 0
793 -0.8 -5.699999999999999 0
794 -0.8 -5.649999999999999 0
795 -0.8 -5.6 0
796 -0.8 -5.55 0
797 -0.8 -5.5 0
798 -0.8 -5.45 0
799 -0.8 -5.4 0
800 -0.8 -5.35 0
801 -0.8 -5.3 0
802 -0.8 -5.25 0
803 0.04045112298108111 -7.053394902265534 0
804 -0.3024540576009319 -7.049674452808468 0
805 -1.448347070253367 -7.250645274649356 0
806 1.359798488968885 -7.350200511764566 0
807 0.2475459423990681 -7.049674452808468 0
808 0.6052987880987564 -7.070985875848526 0
809 0.8793839921549531 -7.067206029906933 0
810 -0.5095488770189187 -7.053394902265534 0
811 -0.7650000000000001 -7.045516016151375 0
812 9.709984258496519 -18.17783133812468 0
813 -3.499897197520608 -7.964196597038555 0
814 3.183644856066402 -7.809855295183112 0
815 -9.699846476947856 -19.70938015084079 0
816 -0.9482099337631857 -7.062891968261749 0
817 -0.1420287735505158 -29.29574950155325 0
818 9.685999449791812 -22.21567379519685 0
819 -9.79117273535752 -15.07812499999998 0
820 -9.678715791628267 -24.02778191425507 0
821 9.577441751420725 -13.82285689752764 0
822 4.32346429232994 -29.4516546154786 0
823 1.02973574565128 -7.065949787351478 0
824 -0.1238721925472968 -7.041347850380006 0
825 0.4404511229810814 -7.053394902265534 0
826 -4.310421887934647 -29.0705774348258 0
827 5.739957330226396 -8.088121410782978 0
828 -5.828894318828796 -8.163060817299456 0
829 9.786452701353396 -25.34322517531421 0
830 -9.757622017952221 -12.20104075465192 0
831 -9.752416079752519 -26.76933316176623 0
832 -1.113131623523179 -7.107310421029968 0
833 9.820593535683336 -10.68330762692828 0
834 7.32999110810465 -29.25689609657709 0
835 -1.062263628897219 -7.527518726606795 0
836 -0.4249999999999999 -7.043301270189222 0
837 -0.6979573975157655 -7.044864876214971 0
838 -0.8693049565512464 -7.047477888025007 0
839 0.125 -7.043301270189222 0
840 0.06658902875652235 -7.156261907536935 0
841 0.8022556149053992 -7.082695700760006 0
842 0.525 -7.043301270189222 0
843 0.475 -7.140977540378444 0
844 -7.412342741135697 -29.02139132700067 0
845 -0.475 -7.140977540378444 0
846 -0.7361286956827606 -7.134541296582412 0
847 0.8559842611483127 -7.188428626997897 0
848 -8.741015694029478 -8.317222719695884 0
849 -0.9083318674712227 -7.18383208218242 0
850 -0.6 -7.361309500997296 0
851 -0.6104331342366563 -8.022360780875232 0
852 -1.678317677097342 -8.020008330921803 0
853 -1.176473029743845 -9.246599381331896 0
854 0.3658453341938808 -9.093550409345015 0
855 -0.4236552847405832 -10.55188866143898 0
856 -1.905866972636996 -10.55797947296422 0
857 -1.116161993436195 -11.87122786228776 0
858 0.3799704577664947 -11.81442836938896 0
859 -0.3150166495897799 -13.14515205509989 0
860 1.183423491219757 -13.08400281697913 0
861 0.488145974256045 -14.41361121539974 0
862 -1.010967503355464 -14.47620358341013 0
863 -0.2075549425470271 -15.74307083085682 0
864 1.291453627781153 -15.68073595477985 0
865 0.5961627527840636 -17.00995513582787 0
866 -0.9032273319707365 -17.07216436703593 0
867 -0.09920946249496457 -18.33907320185575 0
868 1.399592090833096 -18.2766833598812 0
869 0.7043060816613871 -19.60581298760755 0
870 -0.794393917760584 -19.6682383350443 0
871 0.009043851623775294 -20.93494897856605 0
872 -1.489661018825857 -20.99737184778414 0
873 1.507739887859992 -20.87252257058762 0
874 0.8124546229035304 -22.20164908684683 0
875 2.311154993670257 -22.13922446175174 0
876 -2.614368288691132 -11.93129253649957 0
877 -2.293073262470572 -19.73067114970739 0
878 -2.98834834369093 -21.05980293805832 0
879 3.006443953293803 -20.81009946517955 0
880 -2.184945247568808 -22.32649880492687 0
881 -3.683634215531066 -22.38892938768825 0
882 -3.792628331903159 -19.79269923406831 0
883 3.809856062776404 -22.07680012389743 0
884 1.615866880310968 -23.46834980640202 0
885 -2.880232557187441 -23.65562461834186 0
886 4.505145138791205 -20.74767517520739 0
887 -4.367407135542201 -23.71095048563959 0
888 -5.172625274272805 -22.41475179804887 0
889 1.878278586533125 -11.75271768686681 0
890 2.68201745005664 -13.02189812873222 0
891 5.308556768283044 -22.01437563648923 0
892 4.613267807209098 -23.34350063245682 0
893 6.003845783697927 -20.68525066287355 0
894 5.200434275212409 -19.41855025136528 0
895 3.377273810237274 -11.6928206204389 0
896 4.180766262165588 -12.96010249100341 0
897 -3.597318175477304 -24.99860792696787 0
898 -5.111543295984919 -25.01552133379176 0
899 -2.080455180075214 -24.92463402603412 0
900 6.06784773586924 -23.25799579927313 0
901 5.409325935441435 -24.60635435362598 0
902 4.876030979869433 -11.63090939883452 0
903 5.679469045293285 -12.89769679501253 0
904 4.984198600977577 -14.22683789162017 0
905 -2.800066109721183 -26.26918601108489 0
906 -1.278675930037223 -26.19236555061592 0
907 6.48289854826954 -14.16440514138389 0
908 5.787626672494734 -15.49354193364671 0
909 7.286326337353955 -15.43109782510579 0
910 -3.414364393933322 -10.58953424587267 0
911 -4.118107542911963 -11.97616842477385 0
912 6.374740805181482 -11.56856084847811 0
913 6.699144478201717 -19.35611262838478 0
914 -3.313500216269613 -13.2643965423252 0
915 -4.811369393591271 -13.32710498266217 0
916 -4.009636215630729 -14.59757325449333 0
917 -5.508795884528455 -14.66055673332076 0
918 -5.622225548998014 -12.05276727454775 0
919 -4.706218213662018 -15.9277727411982 0
920 -6.20512999573853 -15.9890950146796 0
921 -5.402740354440812 -17.25644262025149 0
922 -6.901516933696593 -17.3176702709902 0
923 -6.098089363058581 -18.58557268502809 0
924 -3.902610642035408 -17.19555294968131 0
925 4.288924082110167 -15.55598307899734 0
926 3.916753304138612 -24.67198452216154 0
927 4.719960564679099 -25.93857808635366 0
928 3.222247338314867 -26.00151911795412 0
929 6.218627016990053 -25.876135703908 0
930 2.576263716043069 -10.45053236009145 0
931 -7.007546497308603 -14.72176620702959 0
932 -1.994432126717173 -27.51109793571192 0
933 7.502547928254626 -20.62282392702863 0
934 9.625746413828034 -28.2305260191937 0
935 8.664304446879401 -8.411498008658471 0
936 6.591043024767972 -16.76024468471514 0
937 -0.5796053355887429 -24.86084124815814 0
938 0.2241644037306914 -26.12731362812438 0
939 0.6703839370366298 -7.210713411462116 0
940 0.4826604405909949 -7.410451663196909 0
941 5.620254125148463 -27.13538575051173 0
942 -0.1599268272193055 -7.54013746010455 0
943 7.123501136514783 -27.06818136125908 0
944 -7.546113393471169 -18.65342026430623 0
945 -6.785657836625998 -19.91542659079389 0
946 -8.461404869368423 -17.30663108349847 0
947 5.564031466247087 -10.36293260827778 0
948 7.070015344722429 -10.23945026065627 0
949 7.767030389461377 -11.47289434335897 0
950 8.057506275253012 -16.65400935930276 0
951 7.658362347694714 -25.85117458676714 0
952 8.771016383648853 -15.27248809689819 0
953 8.377350060971423 -19.13417909783142 0
954 8.957119564439513 -20.70337144342627 0
955 -3.541082309781002 -27.64467485949634 0
956 0.8659482116198101 -7.485095988172359 0
957 1.338213272174649 -8.166110667494996 0
958 -2.637961390385905 -29.10008581164966 0
959 -5.112624502612141 -27.71679518348506 0
960 8.52311345284955 -27.05784039022909 0
961 -2.659014933095945 -9.033926058043672 0
962 -4.37460439853808 -9.122275054965851 0
963 2.19527268417033 -7.537226130797814 0
964 -4.938990926711325 -10.66875732254366 0
965 -6.44878499938507 -10.81265617532959 0
966 -7.270298256906687 -12.20284512949675 0
967 -8.011279934871384 -10.7828863349009 0
968 -7.276550013777471 -9.551231007366621 0
969 8.143405581894328 -21.99104643892049 0
970 8.643776457509956 -23.158809208498 0
971 -4.345685339669988 -26.32323296489738 0
972 -5.882997972445012 -26.28899881919787 0
973 -6.585112941100855 -24.94658757501917 0
974 -7.368662568903568 -26.1917811848509 0
975 -8.255389015199146 -24.84546360517169 0
976 -7.341532356326663 -23.68151513881057 0
977 -6.697278582504635 -27.59460081319603 0
978 -8.388461541635126 -27.52325059422699 0
979 -8.890667456455599 -29.10423507753898 0
980 -8.216857545058094 -19.92895657121377 0
981 -7.478832153460737 -21.19813947507147 0
982 -8.931594522589531 -21.18003311549584 0
983 -5.985116175128099 -21.14230003342695 0
984 -3.098311926279426 -18.46304424326802 0
985 -2.51050547689522 -14.53671023684265 0
986 1.072945871249023 -10.4750172594674 0
987 -1.813420021372901 -13.2041638027442 0
988 -1.7072182321608 -15.80502546841682 0
989 5.895745407044444 -18.08939532671344 0
990 4.397037485182761 -18.15183381073093 0
991 7.394481884715806 -18.0269223486159 0
992 5.092342572215811 -16.82268985547031 0
993 3.593627244396554 -16.88512888470204 0
994 2.790200508042638 -15.61840955571157 0
995 -3.206595872330419 -15.86610138695173 0
996 4.062333947532608 -10.38747185528845 0
997 2.094898146005888 -16.94754344131439 0
998 7.139663250691187 -12.84290011729768 0
999 -7.644430721979006 -15.91523542936631 0
1000 -4.598905434599525 -18.5243358597451 0
1001 -5.291232088185351 -19.84709827754029 0
1002 7.97207438622767 -14.07504070869046 0
1003 2.898320352335804 -18.21426062584909 0
1004 2.203022697848493 -19.54339230854771 0
1005 -1.598600392429104 -18.40119416133158 0
1006 0.9201433571961533 -24.7977507486605 0
1007 1.723655809452675 -26.06430158897501 0
1008 1.099931958404068 -27.34810712195316 0
1009 2.518583483098467 -27.31257061606455 0
1010 1.998037763789097 -28.4946862502166 0
1011 4.070305210870098 -27.20567126506194 0
1012 0.1168467145437981 -23.53097730190257 0
1013 2.418988358512486 -24.73499423156756 0
1014 -0.6862991977063539 -22.2641074957894 0
1015 3.114314567769638 -23.40580896303952 0
1016 3.701733983777412 -19.48096860614666 0
1017 -1.382448467263793 -23.5937805825255 0
1018 6.817894160824346 -24.54806020865781 0
1019 -0.373605974645646 -27.6637890399177 0
1020 6.728691505160661 -21.9419437209258 0
1021 1.986790823067471 -14.35132502364888 0
1022 3.485482954403347 -14.28909269495226 0
1023 -4.485597404785234 -21.10759694480517 0
1024 -2.402760732867648 -17.13384709611423 0
1025 7.150833420442216 -8.185389429883843 0
1026 -6.30295449869272 -13.3975167990243 0
1027 -9.779383250687577 -18.05735603905652 0
1028 9.815619983309407 -12.17425726675927 0
1029 -9.728095606172884 -25.39494984299916 0
1030 -9.738925050482798 -13.61944429244197 0
1031 -8.561297417010692 -12.9590435048151 0
1032 -9.574261301213157 -10.71278754096646 0
1033 9.584834619838615 -16.58092362636636 0
1034 -9.811196404017219 -16.55806035375915 0
1035 5.853353677850205 -29.38234974614168 0
1036 -5.874523934228636 -29.11368515918885 0
1037 3.29516764355133 -9.080800373571337 0
1038 -8.437580864523373 -14.53207867972019 0
1039 -8.120716517911511 -22.43137751195718 0
1040 4.90461966987504 -9.182695770527914 0
1041 -5.879054627778212 -23.68614673009051 0
1042 -9.66114204883654 -22.45762408459701 0
1043 0.3527890639392133 -7.066086184028784 0
1044 0.2580200394890014 -7.172049745901571 0
1045 -0.1977443850945929 -7.082695700760011 0
1046 -0.3261242364299112 -7.206848133395431 0
1047 -0.04774438509459445 -7.082695700760009 0
1048 -0.6000836637591784 -7.087384636369613 0
1049 -8.702002589718507 -9.713450520585974 0
1050 0.3440961066281744 -7.872954038277811 0
1051 9.801129803167855 -9.258792741079581 0
1052 8.52520146457757 -10.11179396208599 0
1053 8.756978860958366 -29.35686064415149 0
1054 9.856901012622494 -19.65620947989708 0
1055 -5.773564931448148 -9.663596075501035 0
1056 -7.295358322301823 -8.05271961211302 0
1057 9.836275326913004 -23.89062500000002 0
1058 -1.322938986393188 -28.66470194203333 0
1059 3.413683717417324 -28.43939796719423 0
1060 9.810750853900801 -26.74769782014516 0
1061 8.540553990380243 -12.69508441860397 0
1062 1.786530221775721 -9.302650357917358 0
1063 -6.67244444489743 -22.40337623875774 0
1064 0.9477443850945941 -7.082695700760009 0
1065 4.450321501314557 -7.914171149535768 0
1066 -4.535042129747617 -7.849906493860773 0
1067 -9.848588200297662 -9.202426894423816 0
1068 -0.0897642259680056 -7.243601700218759 0
1069 0.6967291505080733 -7.067007698796985 0
1070 8.415268995710232 -24.55391202066989 0
1071 -8.686486437265138 -26.10707925807033 0
1072 9.995200280397615 -15.07812500000002 0
1073 -9.844304728103287 -28.1564543791536 0
1074 7.345945232964811 -23.08016986096974 0
1075 8.061131376954794 -28.22929452142463 0
1076 -8.611499145980426 -23.48875245095831 0
1077 6.339891932925767 -9.22815903900819 0
1078 -2.54503109284264 -7.747128390868395 0
1079 6.570940522224619 -28.25739258744749 0
1080 -7.506947093730352 -13.57858899555182 0
1081 -8.774970214903146 -18.74509288363782 0
1082 8.560135141074319 -17.79026159023884 0
1083 1.099571886093863 -7.058168259898924 0
1084 1.05916903234908 -7.17579126784932 0
1085 10.09695219182751 -20.95312500000003 0
1086 -10.08423915271754 -20.98866890312926 0
1087 5.020476374504836 -28.31224803299298 0
1088 9.916566576080699 -8.081005777661534 0
1089 9.925004266862725 -29.42444722771351 0
1090 0.150279093712897 -7.399242752539426 0
1091 -8.829157119049107 -15.87802610926882 0
1092 -9.93428688625672 -8.063175131911734 0
1093 2.844753184478273 -29.5125972683901 0
1094 -9.948530021915616 -29.44793961290107 0
1095 -8.660694648815159 -11.76874452791157 0
1096 8.818176742711405 -26.00532010448231 0
1097 1.399392371439311 -29.45890992190763 0
1098 -1.029284233880969 -7.045774773773715 0
1099 0.7622587205857262 -28.45042651128584 0
1100 2.359765735547686 -8.379328564992923 0
1101 -1.942166778320916 -7.403556399287911 0
1102 8.94344236608717 -11.40625000000001 0
1103 7.579361180259827 -9.272045052970455 0
1104 -1.451200670744661 -29.71616727080133 0
1105 -0.9501197252904637 -5.120922563109971 0
1106 0.9501197252904637 -5.12092256310997 0
1107 -0.8665554182332788 -6.962330712082681 0
1108 0.9623307120826801 -6.866555418233279 0
1109 -0.8441907163120795 -5.780198639685201 0
1110 0.8433012701892212 -5.775000000000001 0
1111 0.5749999999999997 -5.156698729810778 0
1112 0.7750000000000002 -5.156698729810778 0
1113 0.675 -5.158817285656665 0
1114 -0.7750000000000006 -5.156698729810778 0
1115 0.1250000000000007 -5.156698729810778 0
1116 0.2749999999999999 -5.156698729810778 0
1117 0.3750000000000006 -5.156698729810778 0
1118 -0.1749999999999995 -5.156698729810778 0
1119 -0.8451650657589574 -6.723799320313907 0
1120 -0.8433012701892219 -6.575 0
1121 -0.8441907163120798 -6.419801360314799 0
1122 -0.07499999999999912 -5.156698729810778 0
1123 -0.9566987298107781 -5.225 0
1124 0.9566987298107782 -5.225 0
1125 -0.9566987298107781 -6.325 0
1126 -0.9588172856566649 -6.225 0
1127 -0.9566987298107782 -6.075 0
1128 -0.9566987298107782 -5.975 0
1129 -0.9566987298107782 -5.575 0
1130 -0.9588172856566652 -5.475 0
1131 -0.9566987298107782 -5.375 0
1132 0.9566987298107781 -5.425 0
1133 0.03019863968520168 -5.155809283687921 0
1134 0.8433012701892217 -6.775 0
1135 -0.8422617501112427 -5.669484353970915 0
1136 0.9577382498887569 -5.319484353970916 0
1137 0.8433012701892219 -5.625000000000001 0
1138 0.9566987298107782 -5.925 0
1139 0.9588172856566648 -6.025 0
1140 0.9566987298107782 -6.175 0
1141 0.9566987298107782 -6.425 0
1142 0.9588172856566649 -6.524999999999999 0
1143 0.956698729810778 -6.675 0
1144 -0.5249999999999991 -5.156698729810778 0
1145 -0.3749999999999991 -5.156698729810778 0
1146 -0.8433012701892219 -5.875 0
1147 0.9566987298107782 -6.325 0
1148 -0.9566987298107782 -6.824999999999999 0
1149 0.9588172856566649 -5.525 0
1150 -0.3760846175204776 -6.95741485290819 0
1151 -0.625 -6.956698729810778 0
1152 -0.125 -6.956698729810778 0
1153 0.8198122016037228 -6.955691542687554 0
1154 0.175 -6.956698729810778 0
1155 -0.7750000000000005 -6.843301270189222 0
1156 0.069801360314799 -6.95580928368792 0
1157 -0.5250000000000004 -6.843301270189222 0
1158 0.4750000000000006 -5.158817285656665 0
1159 -0.675 -5.043301270189222 0
1160 -0.275 -5.043301270189222 0
1161 0.6749999999999999 -6.956698729810778 0
1162 0.5789397471636308 -6.956144169144506 0
1163 0.275 -6.956698729810778 0
1164 -0.2239153824795225 -6.95741485290819 0
1165 0.4249999999999994 -6.953299968138941 0
1166 -0.02500000000000002 -6.956698729810778 0
1167 0.8250000000000002 -5.156698729810778 0
1168 -0.8230166263407601 -5.154997263244136 0
1169 -0.8250000000000004 -6.843301270189222 0
1170 0.8436601536985805 -6.829439603272892 0
1171 -0.4249999999999999 -5.043301270189222 0
1172 0.8422617501112425 -6.219484353970917 0
1173 0.8422617501112426 -6.580515646029085 0
1174 0.2301986396852005 -5.044190716312082 0
1175 0.9566987298107782 -5.725 0
1176 0.8421848152207589 -5.276933756729742 0
1177 0.8422617501112428 -6.080515646029085 0
1178 -0.9574148529081902 -6.676084617520478 0
1179 -0.9566987298107782 -6.525 0
1180 -0.9566987298107782 -5.825 0
1181 -0.9588172856566649 -5.725 0
1182 -0.8441907163120798 -6.280198639685201 0
1183 -0.8433012701892219 -6.175 0
1184 -0.843855830855494 -6.028939747163632 0
1185 -0.8441907163120795 -5.530198639685201 0
1186 -0.8433012701892219 -5.325 0
1187 -0.2750000000000005 -6.843301270189222 0
1188 0.8441907163120794 -5.380198639685202 0
1189 0.8441907163120796 -5.4698013603148 0
1190 0.843855830855494 -5.971060252836369 0
1191 -0.8422617501112428 -5.419484353970915 0
1192 0.625 -5.043301270189222 0
1193 0.875 -5.043301270189222 0
1194 0.2301986396852003 -6.84419071631208 0
1195 -0.1750000000000007 -6.841182714343335 0
1196 -0.6750000000000003 -6.843301270189223 0
1197 0.7768643562585826 -6.847029928475144 0
1198 -0.8750000000000003 -5.043301270189222 0
1199 -0.125 -5.043301270189222 0
1200 0.0749999999999999 -5.043301270189223 0
1201 0.3250000000000001 -5.043301270189222 0
1202 0.419484353970916 -5.042261750111243 0
1203 -0.4250000000000004 -6.841182714343335 0
1204 0.1249999999999991 -6.841182714343335 0
1205 0.02499999999999965 -6.843301270189222 0
1206 -0.5750000000000001 -5.043301270189222 0
1207 0.9561441691445057 -5.821060252836369 0
1208 -0.0305156460290844 -5.042261750111243 0
1209 -0.07500000000000073 -6.843301270189222 0
1210 0.8422617501112427 -5.880515646029085 0
1211 0.843855830855494 -6.378939747163632 0
1212 0.8438558308554938 -6.471060252836369 0
1213 0.6249999999999992 -6.843301270189222 0
1214 0.5289397471636309 -5.043855830855494 0
1215 0.7301986396852015 -5.04419071631208 0
1216 -0.475 -6.956698729810778 0
1217 -0.7250000000000001 -6.956698729810778 0
1218 -0.6249999999999998 -5.156698729810778 0
1219 0.5249999999999989 -6.84670003186106 0
1220 0.3710602528363669 -6.843855830855494 0
1221 -0.7996694377234616 -5.115232437706336 0
1222 0.7999999999999998 -5.113397459621556 0
1223 -0.8416113487084772 -5.231578089387796 0
1224 -0.9558092836879201 -6.430198639685201 0
1225 0.957738249888757 -5.630515646029085 0
1226 0.9566987298107782 -6.775 0
1227 0.8422617501112427 -6.669484353970915 0
1228 -0.2749999999999991 -5.156698729810778 0
1229 -0.8000000000000014 -6.886602540378444 0
1230 -0.7499449062872443 -5.11582184514824 0
1231 0.8538675134594813 -5.200000000000001 0
1232 -0.8518835977575283 -6.80280121746323 0
1233 -0.872765936994931 -6.843397831698097 0
1234 -0.9576613977472084 -6.924788131535957 0
1235 0.9247881315359565 -6.957661397747208 0
1236 0.8745966490383874 -5.156093703368359 0
1237 0.8201906095329826 -6.874817482169632 0
1238 -0.8496143440107051 -5.115538267387135 0
1239 -0.8750000000000001 -5.156698729810781 0
1240 0.7460602528363682 -5.112842898955284 0
1241 -0.7500000000000014 -6.884483984532559 0
1242 0.8845437984507831 -6.800739933878816 0
1243 0.8852689143107989 -6.744590058810747 0
1244 0.8866814182769485 -6.841674801867123 0
1245 -0.7750000000000005 -5.043301270189222 0
1246 -0.9065491747217256 -6.801815057158205 0
1247 0.9068258593503651 -5.199106154632946 0
1248 -0.7750000000000026 -6.929903810567667 0
1249 0.7705534964664256 -5.073582515850407 0
1250 -0.8250000000000033 -5.070096189432336 0
1251 0.9276304654365034 -6.822964938380389 0
1252 -0.8978624477854767 -5.11817126116063 0
1253 0.8243647852094901 -5.069666585716885 0
1254 -0.832223305486131 -6.925234287891537 0
1255 0.8498269057079808 -5.115343577107799 0
1256 0.8978306495747544 -5.118037975040337 0
1257 -0.9578595593726746 -6.874964688589326 0
1258 -0.9198672899199074 -6.900389487824432 0
1259 0.8742819615625432 -6.956796333447048 0
1260 0.8972625326647032 -6.917371316453383 0
1261 -0.724990817714541 -5.157102794065225 0
1262 -0.6999892873336312 -5.115987423764298 0
1263 -0.7250000000000008 -5.070096189432334 0
1264 -0.1249999999999993 -5.156698729810778 0
1265 -0.09999999999999971 -5.115516015467444 0
1266 -0.05226825370059813 -5.115060129147168 0
1267 -0.07579555475149016 -5.070721559413979 0
1268 0.7253107260430973 -6.843922713236877 0
1269 0.748178240746243 -6.888335113435131 0
1270 0.699748161131557 -6.884876320549949 0
1271 0.725000000000003 -6.929903810567668 0
1272 0.7779131299193693 -6.925964833647302 0
1273 -0.959170378297646 -6.275 0
1274 -0.9130951079845562 -6.296060252836368 0
1275 -0.9133470676820563 -6.349343375472728 0
1276 -0.8700961894323342 -6.325 0
1277 -0.8736425359369273 -6.378899316427514 0
1278 -0.9588172856566649 -6.025 0
1279 -0.9128106643338247 -6.044801360314799 0
1280 -0.9132996604069344 -6.099133560052467 0
1281 -0.8700961894323342 -6.075 0
1282 -0.8755820065452673 -6.133188926675411 0
1283 -0.9164140184504947 -6.151220414454646 0
1284 -0.959170378297646 -5.775 0
1285 -0.913095107984556 -5.796060252836368 0
1286 -0.9154656235279428 -5.849343375472728 0
1287 -0.8700961894323342 -5.824999999999999 0
1288 -0.9591703782976461 -5.525 0
1289 -0.9130951079845562 -5.546060252836368 0
1290 -0.9133470676820563 -5.599343375472728 0
1291 -0.8700961894323342 -5.574999999999999 0
1292 -0.8723979680128789 -5.627569575445582 0
1293 -0.9150822676130281 -5.648050571452453 0
1294 -0.9569711324861068 -5.624565657820863 0
1295 -0.9566987298107781 -5.274999999999999 0
1296 -0.9149796666236562 -5.251503840406235 0
1297 -0.9157797166344596 -5.300250640067706 0
1298 -0.8719314513911061 -5.276770980846852 0
1299 -0.9133974596215565 -5.199999999999999 0
1300 0.9584369604541554 -5.072547937677852 0
1301 0.959170378297646 -5.475000000000001 0
1302 0.9130951079845562 -5.453939747163632 0
1303 0.9125778815977746 -5.395047174994292 0
1304 0.8705223953820637 -5.424962326789357 0
1305 0.9593436316439756 -5.575919274338181 0
1306 0.9133974596215566 -5.550000000000001 0
1307 0.959170378297646 -5.975 0
1308 0.9128611061396791 -5.955198639685202 0
1309 0.9146176442592078 -5.903134693648132 0
1310 0.8714419382799661 -5.926415604599828 0
1311 0.9566987298107783 -6.225 0
1312 0.914707036506187 -6.197731746299402 0
1313 0.9136157224356614 -6.149621957716567 0
1314 0.9132372410351864 -6.251303174870831 0
1315 0.8685448884933351 -6.171889790826185 0
1316 0.871662410880452 -6.122912835081112 0
1317 0.915004450549891 -6.101857385833545 0
1318 0.959170378297646 -6.475 0
1319 0.9128611061396791 -6.455198639685202 0
1320 0.9124313915727158 -6.395544023126971 0
1321 0.8700961894323342 -6.425000000000001 0
1322 0.9570518224517588 -6.575 0
1323 0.9133974596215563 -6.55 0
1324 0.9147658852796836 -6.602268253700599 0
1325 0.958008306695409 -6.722731746299401 0
1326 0.9123533124873037 -6.698586108671853 0
1327 -0.6749966841746953 -5.157197734543643 0
1328 -0.6499976619180542 -5.116030843613378 0
1329 -0.599999610319675 -5.115954912799413 0
1330 -0.6249999999999988 -5.070096189432334 0
1331 0.8433012701892216 -5.325 0
1332 0.8851068876657355 -5.298054039087692 0
1333 0.8820297578581888 -5.245396361672439 0
1334 0.9286953735239813 -5.273644553455227 0
1335 0.8410094609970052 -6.27408072566182 0
1336 -0.8433012701892215 -6.625 0
1337 -0.8866025403784434 -6.600000000000001 0
1338 -0.8866025403784429 -6.65 0
1339 -0.8844839845325572 -6.550000000000001 0
1340 -0.9285616396545598 -6.569484353970917 0
1341 -0.9262657323611728 -6.621367184996538 0
1342 -0.8429481775482409 -6.525 0
1343 -0.8840720431180791 -6.5 0
1344 -0.8433012701892214 -6.475 0
1345 -0.8835779733645076 -6.453300226719133 0
1346 -0.9299038105676662 -6.475 0
1347 0.6750098145291085 -6.843117140725749 0
1348 0.6499596626101097 -6.884165592983896 0
1349 0.5999999999999981 -6.886602540378443 0
1350 0.6249999999999959 -6.929903810567666 0
1351 0.9147610829268326 -6.647874140028143 0
1352 0.9568325777562678 -6.62500617770932 0
1353 0.870096189432334 -6.624999999999999 0
1354 -0.5749999350532785 -5.157124972007088 0
1355 -0.5499999242288247 -5.116013298029804 0
1356 -0.4999999873714694 -5.113833432689598 0
1357 -0.5249999999999979 -5.070096189432334 0
1358 -0.4666666645619105 -5.075670968592378 0
1359 -0.4486111086555618 -5.116517807505458 0
1360 0.8433012701892213 -5.725000000000001 0
1361 0.8844839845325563 -5.750000000000001 0
1362 0.8841308918915757 -5.700000000000001 0
1363 0.8871893356661747 -5.805198639685202 0
1364 0.9299038105676648 -5.775000000000002 0
1365 0.8411072602116271 -5.826785714285715 0
1366 -0.8411577020174812 -5.724947165609352 0
1367 -0.886602540378443 -5.749999999999999 0
1368 -0.9568180836603473 -6.725180769586746 0
1369 -0.9185382248380476 -6.704007723783342 0
1370 -0.9160686229230924 -6.749584983579068 0
1371 -0.9570957726462621 -5.325041773344617 0
1372 -0.9159792321088409 -5.350048735568721 0
1373 -0.9151373319207348 -5.397739868894188 0
1374 -0.870741655929381 -5.374206559626579 0
1375 -0.9584369604541554 -5.072547937677852 0
1376 0.9587905825589365 -6.275217195811805 0
1377 0.8413309553638114 -5.524133560052467 0
1378 0.8866025403784437 -5.500000000000001 0
1379 0.8428893287747439 -5.675000000000001 0
1380 0.8411018877747172 -6.02526264981091 0
1381 0.8866025403784435 -6.000000000000001 0
1382 0.8411018877747172 -6.52526264981091 0
1383 0.8866025403784432 -6.500000000000002 0
1384 -0.9575545822565823 -6.175203402409108 0
1385 0.625 -5.157051822451759 0
1386 0.6555156460290843 -5.114790072340517 0
1387 0.6009192743381797 -5.115806966360767 0
1388 0.5449326852202521 -5.112852228747157 0
1389 0.5749999999999968 -5.070096189432335 0
1390 0.8408543285391001 -5.574855593342079 0
1391 0.8866025403784438 -5.600000000000001 0
1392 -0.02500000000000052 -6.843301270189222 0
1393 -0.05000000000000071 -6.884483984532558 0
1394 -0.1000000000000009 -6.884130891891576 0
1395 -0.07500000000000161 -6.929903810567667 0
1396 -2.434395277954119e-16 -6.884130891891576 0
1397 0.05393974716363169 -6.886904892015444 0
1398 0.02500000000000054 -6.929903810567667 0
1399 0.02408072566181928 -5.041009460997006 0
1400 0.04596644933247212 -5.086923242963878 0
1401 0.09932774155541138 -5.084537434963464 0
1402 0.07499999999999891 -5.129903810567666 0
1403 0.1248879569259017 -5.042957085953393 0
1404 0.1499659733132589 -5.085395059129251 0
1405 -0.7250000000000006 -6.842948177548243 0
1406 -0.7000000000000011 -6.88407204311808 0
1407 -0.6500000000000008 -6.884062234989165 0
1408 -0.6750000000000004 -6.929903810567668 0
1409 -0.6250000000000004 -6.842877885957677 0
1410 -0.6000000000000011 -6.885371006652419 0
1411 0.8848123651769219 -5.6522682537006 0
1412 0.9292605686309984 -5.675795554751493 0
1413 0.225 -6.958817285656665 0
1414 0.2460602528363677 -6.913059078123232 0
1415 0.2993433754727275 -6.913341062705168 0
1416 0.2704753268798449 -6.873601537547021 0
1417 0.3217527761407633 -6.869047058813879 0
1418 0.3481096396505285 -6.91428481355017 0
1419 0.3245755025205426 -6.956837222646149 0
1420 0.325 -5.156698729810778 0
1421 0.3500000000000003 -5.115516015467443 0
1422 0.3977317462994022 -5.115060129147168 0
1423 0.3742044452485109 -5.070721559413979 0
1424 0.2999999999999994 -5.115869108108424 0
1425 0.2510846175204766 -5.114220814449102 0
1426 0.2749999999999969 -5.070096189432335 0
1427 -0.3249999999999993 -5.156698729810778 0
1428 -0.3499999999999996 -5.113397459621556 0
1429 -0.2999999999999997 -5.115516015467443 0
1430 -0.2499999999999992 -5.115869108108424 0
1431 -0.3250000000000015 -5.070096189432333 0
1432 -0.3833333333333324 -5.075598306414371 0
1433 -0.2249999999999992 -5.157110671225256 0
1434 -0.1999999999999992 -5.113878057938448 0
1435 -0.2249999999999986 -5.070096189432334 0
1436 -0.1666666666666664 -5.075678406133854 0
1437 0.174999999999999 -6.843301270189223 0
1438 0.1416666666666661 -6.880747330755427 0
1439 0.197045148140663 -6.887465866263482 0
1440 0.1814349203672652 -5.158640809340541 0
1441 -0.915292832145339 -6.205719048438191 0
1442 -0.9565420901337186 -6.375757002526321 0
1443 -0.9570434237951757 -5.874890562578788 0
1444 -0.9147816736839327 -5.905406208607872 0
1445 0.9588539426656976 -5.373255254827535 0
1446 0.9566987298107786 -5.875 0
1447 0.9570029387678514 -6.125246557258352 0
1448 0.9586562743151914 -6.374257337187829 0
1449 -0.8421399343250671 -6.228134693648131 0
1450 -0.8854739348007478 -6.251444662086842 0
1451 -0.8419916933045908 -5.927268253700598 0
1452 -0.9573278318207983 -6.125092896152704 0
1453 -0.9566987298107783 -5.175 0
1454 -0.8423023258995466 -6.672531633018386 0
1455 -0.8433012701892214 -5.975 0
1456 -0.8866025403784435 -6 0
1457 -0.8842144289033638 -5.947558161948304 0
1458 -0.8411577020174815 -5.474947165609353 0
1459 -0.8866025403784434 -5.499999999999999 0
1460 -0.916556829573437 -6.397366389018627 0
1461 -0.9591054369977937 -5.925882795197777 0
1462 -0.9573780242295593 -5.674602704878886 0
1463 -0.9136905383739734 -5.701291964875392 0
1464 -0.9573418011682893 -5.424623311482365 0
1465 0.9566987298107774 -5.174999999999999 0
1466 0.9566987298107783 -6.075 0
1467 0.9135823795908424 -6.048638129719591 0
1468 -0.02499999999999922 -5.156698729810778 0
1469 6.971419969081815e-16 -5.113397459621557 0
1470 0.8433012701892219 -6.325000000000001 0
1471 0.880691752099976 -6.291730650088776 0
1472 0.8872073549787542 -6.347117706083282 0
1473 0.8407871899857311 -6.723179068796944 0
1474 -0.2250000000000007 -6.840829621702355 0
1475 -0.2448013603147995 -6.887138893860321 0
1476 -0.2991335600524672 -6.886691932625423 0
1477 -0.2781558200612121 -6.925138487185571 0
1478 -0.3212148966856137 -6.924254874374908 0
1479 -0.3545341335049275 -6.886697765937619 0
1480 -0.4750000000000004 -6.842948177548242 0
1481 -0.5000000000000004 -6.884425135759061 0
1482 -0.4444843539709158 -6.884898869856714 0
1483 -0.5500000000000002 -6.883915828141656 0
1484 -0.5250000000000014 -6.929903810567666 0
1485 0.6781346936481323 -5.042139934325068 0
1486 0.701415604599827 -5.085366082110163 0
1487 0.1241335600524665 -6.958669044636189 0
1488 0.1000000000000006 -6.913397459621557 0
1489 -0.1770874841138519 -6.958127660544978 0
1490 -0.1999999999999992 -6.913397459621557 0
1491 -0.4229125158861476 -6.958127660544978 0
1492 -0.4 -6.913397459621557 0
1493 -0.5666666666666667 -6.962200846792815 0
1494 0.4246219577165675 -5.157328934039362 0
1495 -0.3757556889174881 -6.840845492628883 0
1496 -0.1486111111111108 -5.116879577278159 0
1497 0.07565662452727133 -6.840880013641854 0
1498 -0.1250000000000007 -6.842536236133763 0
1499 -0.1555156460290847 -6.884797986245005 0
1500 0.5256566245272714 -6.956606303033066 0
1501 0.5469692360163463 -6.918291147439554 0
1502 0.5037709767572687 -6.919067284131843 0
1503 0.4747373501890911 -5.041101887774717 0
1504 0.4999999999999992 -5.086602540378443 0
1505 -0.4749999999999995 -5.156698729810778 0
1506 0.4727317462994006 -6.842558153583232 0
1507 0.4249999999999988 -6.843301270189223 0
1508 0.4467537793213564 -6.883035778160895 0
1509 0.4025991646250891 -6.881098987727903 0
1510 0.4512491688303402 -5.113680362851681 0
1511 0.175 -5.043301270189226 0
1512 0.1966941021664095 -5.081679920187152 0
1513 -0.9566987298107799 -6.775 0
1514 0.886602540378442 -5.35 0
1515 0.3723459366612463 -6.957612820877434 0
1516 0.724343375472728 -5.159077951519934 0
1517 -0.3257372304124807 -6.842922743563525 0
1518 -0.5750000000000004 -6.84257766515683 0
1519 0.9133974596215578 -5.850000000000001 0
1520 -0.4247685181092592 -5.157218787791429 0
1521 0.5772682537005975 -6.842558153583231 0
1522 0.2285215100152226 -5.158469212421627 0
1523 -0.9136932299806075 -5.451250522596138 0
1524 0.4780061872480215 -6.958371412705532 0
1525 0.5241554475367091 -5.159079506485247 0
1526 -0.8486206935179921 -6.882167616498696 0
1527 -0.4011188266830248 -5.117039769275208 0
1528 0.8490791856023118 -6.915449515713093 0
1529 0.9275937761194269 -5.038740609872915 0
1530 0.9550191870429718 -6.920648192655363 0
1531 -0.9213209662901095 -6.956066310300854 0
1532 -0.9275937761194268 -5.038740609872915 0
1533 -0.9164485324605671 -6.853913462508174 0
1534 0.9187123807708399 -5.153068571156263 0
1535 -0.9186156725016551 -5.154158510816276 0
1536 -0.8736637585969198 -6.762656456457131 0
1537 -0.8729041269236146 -5.197232382677015 0
1538 -0.8767844146835037 -6.916556059055891 0
1539 0.9146112641859384 -6.874270787514989 0
1540 -0.8737435754910059 -5.084673421168087 0
1541 0.9264875426303502 -5.349957166888232 0
1542 -0.8727787548334489 -5.451010359996117 0
1543 -0.4249459866467659 -5.085625624395328 0
1544 -0.8249999999999991 -5.030589935113903 0
1545 -0.3700396825396827 -5.034881136359904 0
1546 -0.4799603172097509 -5.034889786619191 0
1547 -0.1799603174603172 -5.034890672040795 0
1548 0.4509801929695368 -5.072768943208922 0
1549 0.8734983184765467 -5.850057763546626 0
1550 0.8722634577252159 -6.548877563608717 0
1551 -0.1232146665058534 -5.084419365696531 0
1552 -0.774922868802142 -5.082909586381693 0
1553 0.9693897391311768 -6.824454412568391 0
1554 -0.9604937456815666 -6.600000000000001 0
1555 0.9261697540187979 -6.501039727937041 0
1556 -0.9262751701382568 -5.749470443542352 0
1557 0.9156831114175565 -6.775669344123767 0
1558 0.8737575648562711 -5.54979783067891 0
1559 0.969410064886098 -5.675 0
1560 0.575 -5.030589935113902 0
1561 -0.8164631206199022 -6.96447981257133 0
1562 -0.8305899351139009 -5.824999999999999 0
1563 0.7662875552538491 -6.96349504196477 0
1564 9.408232261421537e-05 -5.073084015294775 0
1565 0.6999999999999998 -5.126108794696878 0
1566 -0.886436150237535 -6.725287792385972 0
1567 -0.1238250336465355 -6.915357267888874 0
1568 0.4990674603174602 -5.126206384823838 0
1569 -0.674997389850337 -5.083102383286313 0
1570 -0.882807524507655 -6.174999999999999 0
1571 0.8736786538761552 -5.08456519543736 0
1572 0.09925260767151375 -6.872622482075523 0
1573 -0.5749999069096993 -5.083092371976622 0
1574 0.275 -5.030589935113902 0
1575 0.7833528202268527 -5.036338292165546 0
1576 -0.3000000000000009 -6.960493745681568 0
1577 0.8341041462943207 -6.130990270468618 0
1578 -0.828975368171663 -6.32603972793704 0
1579 -0.828908391080346 -6.075787949432726 0
1580 -0.828975368171663 -5.57603972793704 0
1581 -0.8305899351139017 -5.375 0
1582 0.9262067380126553 -6.000767353880959 0
1583 0.6240088885141706 -5.0845479154787 0
1584 0.3248408890497015 -5.083100828522281 0
1585 -0.872778370318215 -5.701016280321724 0
1586 0.9282205090748633 -6.348383813279616 0
1587 0.8305899351139014 -6.625000000000001 0
1588 0.8738912053031229 -6.250000000000002 0
1589 -0.9263699077769909 -6.25064479267228 0
1590 -0.9282076029753177 -5.99896027206296 0
1591 -0.9262757084595837 -5.499462155086501 0
1592 0.9262165543877736 -5.500787949432727 0
1593 0.9278256461585228 -5.599008888514172 0
1594 0.9694100648860984 -5.775 0
1595 0.8305899351139004 -5.425000000000001 0
1596 -0.8835466652506018 -5.325255383221972 0
1597 0.8723438897487774 -6.699604295435267 0
1598 0.8727549456002306 -6.049003706823312 0
1599 -0.8335107043795273 -6.121511639124842 0
1600 0.5251057446819442 -6.886737667227012 0
1601 0.9168955970867148 -5.725159110950299 0
1602 -0.3999548352786663 -6.873404460477622 0
1603 -0.8361508016421673 -6.366623400779892 0
1604 -0.9216017354582716 -5.958801239636152 0
1605 0.9208076949264157 -6.306458756689052 0
1606 -0.8844779671808178 -5.873671821256838 0
1607 -0.9167440415367282 -6.523896870794183 0
1608 0.8305899351139008 -5.925000000000001 0
1609 0.8289821569797797 -6.174472883053145 0
1610 0.8305899351139008 -6.425000000000001 0
1611 -0.8356218792880197 -5.616348942892256 0
1612 -0.625 -5.030589935113902 0
1613 0.8265435210872685 -5.029861229614331 0
1614 0.625 -6.969410064886098 0
1615 -0.07500000000000007 -6.969410064886099 0
1616 0.2806460407983099 -6.834624415721458 0
1617 0.3749999999999999 -5.030589935113902 0
1618 -0.3240079365079369 -5.029655719196292 0
1619 -0.07500000000000001 -5.030589935113902 0
1620 -0.725 -5.030589935113902 0
1621 -0.5259920634419498 -5.029657449248149 0
1622 -0.2259920634920632 -5.029657626332471 0
1623 0.9694100648860986 -5.275 0
1624 0.02500000000000002 -6.9694100648861 0
1625 0.07500000000000062 -5.169410064886098 0
1626 -0.830589935113901 -5.275 0
1627 0.198621080195406 -6.928429950910207 0
1628 0.1543412446494287 -6.922389224913112 0
1629 -0.2000634012687769 -6.873469335154515 0
1630 -0.5233333333333337 -6.969760677434252 0
1631 -0.773292624123981 -6.970216470589955 0
1632 -0.4761749663534652 -6.915436293384713 0
1633 -0.9694100648860986 -6.475 0
1634 -0.2749999999999999 -5.082975754525951 0
1635 0.674941564748333 -6.917109652895991 0
1636 0.4249075634209203 -6.913475646695874 0
1637 -0.5819444444444453 -6.922547116242947 0
1638 -0.02500000000000041 -6.91702424547405 0
1639 0.1248587429737335 -5.114745501992701 0
1640 -0.6749999999999999 -6.9694100648861 0
1641 0.3246918139550877 -6.829505461078167 0
1642 0.7232575110507705 -6.970019516468643 0
1643 -0.7250000000000011 -6.917012475719351 0
1644 0.1652605435040433 -5.119735823564961 0
1645 -0.6263888888888896 -6.915716579652596 0
1646 0.9633974596215568 -6.963397459621556 0
1647 -0.9633974596215567 -6.963397459621556 0
1648 -0.9633974596215573 -5.036602540378443 0
1649 0.963397459621557 -5.036602540378443 0
1650 0.8366025403784431 -5.236602540378444 0
1651 0.8125939749904761 -6.919800592922369 0
1652 -0.834759370743392 -6.76666483159199 0
1653 0.8637624487181605 -6.875947741342977 0
1654 -0.9152028872712579 -5.079802101138025 0
1655 0.9162019054733206 -5.079835795802842 0
1656 0.9185624301358283 -5.235786767440153 0
1657 -0.8820004165940403 -5.232161625456103 0
1658 0.7868943621757704 -6.892647877384989 0
1659 0.736390477796411 -5.078745079070659 0
1660 0.4187299814637412 -5.082898548946599 0
1661 0.03639047779640961 -5.121254920929342 0
1662 0.2352705428542531 -5.081494143644765 0
1663 0.8784798672924596 -5.962660582427795 0
1664 -0.878745079070658 -5.786390477796409 0
1665 -0.922020436779179 -6.662743254383393 0
1666 0.5871242501484875 -6.91993551004192 0
1667 -0.2397185185326007 -6.924773327276995 0
1668 0.5372181080959697 -5.078351697353358 0
1669 -0.8820612292720433 -6.414900350137885 0
1670 0.9216586937499758 -5.812814723130393 0
1671 -0.880481854427057 -6.68760688068189 0
1672 -0.9173400762169808 -6.435248969284041 0
1673 0.8825284242898148 -6.218081813193467 0
1674 -0.3601871819460138 -6.924676771829955 0
1675 -0.9627583697766187 -6.636784515713698 0
1676 -0.8737534066523853 -5.905780889102722 0
1677 -0.8786068314815735 -6.28685523489129 0
1678 0.06360952220359177 -6.921254920929341 0
1679 -0.8783413062500242 -6.037185276869607 0
1680 -0.8787450790706582 -5.536390477796409 0
1681 0.8787450790706585 -5.463609522203592 0
1682 0.8783539167014875 -6.462814723130393 0
1683 0.8830531873465318 -6.080585540697329 0
1684 0.2363904777964078 -6.878745079070659 0
1685 0.8823632449412981 -6.668109779621235 0
1686 0.9256024749443693 -6.743315451581154 0
1687 -0.8832421788858676 -5.669482549213214 0
1688 -0.8738030991936061 -6.207059680834632 0
1689 -0.2633842579235253 -6.962896604923065 0
1690 0.9169261188174531 -5.318228022680414 0
1691 -0.882922544555083 -5.418738333016787 0
1692 0.4879745681437809 -6.88103107919561 0
1693 0.4623132587401378 -6.919618155916813 0
1694 0.9172478740467288 -5.63151766859907 0
1695 0.8830434221497042 -5.882024741564734 0
1696 -0.3371414441502967 -6.963311238378235 0
1697 -0.03169707443171155 -5.082904982717745 0
1698 0.87795365074012 -6.388609522203591 0
1699 0.6568149665582429 -5.074029054888734 0
1700 -0.1562856327578943 -6.925675820822239 0
1701 -0.969150823029381 -6.568896870794184 0
1702 0.8825569484340066 -6.58133229266768 0
1703 0.8784733834175898 -5.387552035367213 0
1704 0.5618927153435416 -6.88115618248114 0
1705 0.3877518651582905 -6.918720597983286 0
1706 -0.4437143672421058 -6.925711802643749 0
1707 0.3638722440646719 -6.881753552294214 0
1708 0.2121887923205819 -5.120447777952672 0
1709 0.8110185006616274 -6.841121604292428 0
1710 -0.8868973735153802 -6.879284891517058 0
1711 -0.8397056845569524 -5.189175345069457 0
1712 -0.7357142857142857 -4.947348911266381 0
1713 -0.8749999999999998 -4.956698729810778 0
1714 0.759548877018922 -4.946605097734467 0
1715 0.6749999999999997 -4.956698729810778 0
1716 0.569032322104302 -4.940505180569028 0
1717 0.4638064644208603 -4.951245274000272 0
1718 0.3749999999999999 -4.956698729810778 0
1719 0.2749999999999999 -4.956698729810778 0
1720 0.1749999999999999 -4.956698729810778 0
1721 0.07499999999999997 -4.956698729810778 0
1722 -0.03500000000000011 -4.954483983848623 0
1723 -0.1250000000000001 -4.956698729810778 0
1724 -0.2250000000000001 -4.956698729810778 0
1725 -0.3250000000000001 -4.956698729810778 0
1726 -0.4250000000000001 -4.956698729810778 0
1727 -0.525 -4.956698729810778 0
1728 -0.625 -4.956698729810778 0
1729 -1.122165234425495 -5.068890562502118 0
1730 1.099571886093863 -5.072462440944603 0
1731 -0.2750000000000001 -4.859022459621556 0
1732 0.925 -4.956698729810778 0
1733 0.2249999999999998 -4.859022459621556 0
1734 -1.242309280452798 -4.92958743966124 0
1735 1.240150929340137 -4.928983214899093 0
1736 -0.8115660350397881 -4.845689745301177 0
1737 -0.9861244156361894 -4.882187406874239 0
1738 0.7583591214226129 -4.850013223569083 0
1739 0.9869392636777402 -4.845047031022732 0
1740 -2.050992522390057 -4.9 0
1741 2.050992522390069 -4.9 0
1742 0.8501202996331881 -4.926531391464962 0
1743 0.4196565806503713 -4.866688635292706 0
1744 -0.07500000000000016 -4.859022459621556 0
1745 -0.5750000000000002 -4.859022459621556 0
1746 1.03162807077116 -5.094492488188921 0
1747 -1.024626362409328 -5.105555555555556 0
1748 -1.038450542776408 -5.068450332531772 0
1749 1.043503779113104 -5.302822428582815 0
1750 1.056750589353264 -5.428046416218633 0
1751 1.058739945166012 -5.207318440256256 0
1752 1.030934451554683 -5.512787521212886 0
1753 1.171614958903521 -5.283649118214711 0
1754 1.195376676149436 -5.460575980234087 0
1755 2.019569025705616 -5.366666666666667 0
1756 3.447942064950566 -5.366666666666667 0
1757 1.360063319344404 -5.368481960852578 0
1758 2.706693861818163 -5.366666666666667 0
1759 1.092263927468259 -5.54061785374407 0
1760 1.029314854845983 -5.16154495956957 0
1761 1.036353369356976 -5.561347741658058 0
1762 -1.043503779113104 -5.430510904750519 0
1763 -1.049150146748739 -5.299305374434126 0
1764 -1.058739945166012 -5.526014893077078 0
1765 -1.040414518843274 -5.203333333333333 0
1766 -1.168397101545106 -5.428682042784964 0
1767 -1.19108619967155 -5.244754456654368 0
1768 -2.019569025705621 -5.366666666666667 0
1769 -3.447942064950587 -5.366666666666667 0
1770 -1.395355888401386 -5.325272027261647 0
1771 -2.706693861818176 -5.366666666666667 0
1772 -1.099571886093863 -5.181321288941323 0
1773 -1.039710974539815 -5.166264257788264 0
1774 -1.029314854845983 -5.571788373763765 0
1775 1.061119247660709 -5.924948817243997 0
1776 1.063366989806448 -5.749534974811739 0
1777 1.047997728631687 -5.670543309718734 0
1778 1.040414518843273 -5.996666666666667 0
1779 1.1979877761463 -5.947608239866101 0
1780 1.173883316038385 -5.758154991126986 0
1781 2.019569025705616 -5.833333333333334 0
1782 3.447942064950566 -5.833333333333334 0
1783 1.073058036833807 -5.837725143745399 0
1784 1.396409271987104 -5.872959242332946 0
1785 2.706693861818163 -5.833333333333334 0
1786 1.087991591453163 -6.007648398407238 0
1787 1.026641549098407 -5.629302494096351 0
1788 1.037394915611675 -6.031529679681448 0
1789 -1.050509425032165 -5.88997084548105 0
1790 -1.044340783725937 -5.761239112716785 0
1791 -1.054129613173717 -5.993176704048853 0
1792 -1.037408383840546 -5.674015705333633 0
1793 -1.187114456942227 -5.741919131136484 0
1794 -1.189346019615679 -5.943108618570093 0
1795 -2.019569025705621 -5.833333333333334 0
1796 -3.447942064950587 -5.833333333333334 0
1797 -1.361641459595228 -5.836393513839985 0
1798 -2.706693861818176 -5.833333333333334 0
1799 -1.093489543650607 -5.654825877672634 0
1800 -1.037893279050619 -5.635101649934587 0
1801 -1.02849158127593 -6.038543459056343 0
1802 1.043503779113104 -6.236155761916148 0
1803 1.056750589353264 -6.361379749551966 0
1804 1.058739945166012 -6.140651773589589 0
1805 1.030934451554683 -6.446120854546218 0
1806 1.171614958903521 -6.216982451548043 0
1807 1.195376676149436 -6.39390931356742 0
1808 2.019569025705616 -6.3 0
1809 3.447942064950566 -6.3 0
1810 1.360063319344404 -6.301815294185911 0
1811 2.706693861818163 -6.3 0
1812 1.092263927468259 -6.473951187077403 0
1813 1.029314854845983 -6.094878292902902 0
1814 1.036353369356976 -6.494681074991391 0
1815 -1.043503779113104 -6.363844238083852 0
1816 -1.049150146748739 -6.232638707767459 0
1817 -1.058739945166012 -6.459348226410411 0
1818 -1.040414518843274 -6.136666666666666 0
1819 -1.168397101545106 -6.362015376118297 0
1820 -1.19108619967155 -6.178087789987701 0
1821 -2.019569025705621 -6.3 0
1822 -3.447942064950587 -6.3 0
1823 -1.395355888401386 -6.25860536059498 0
1824 -2.706693861818176 -6.3 0
1825 -1.099571886093863 -6.114654622274656 0
1826 -1.029314854845983 -6.505121707097097 0
1827 -1.039710974539815 -6.099597591121597 0
1828 1.043503779113104 -6.702822428582815 0
1829 1.056750589353264 -6.828046416218633 0
1830 1.058739945166012 -6.607318440256256 0
1831 1.030934451554683 -6.912787521212885 0
1832 1.171614958903521 -6.68364911821471 0
1833 1.195376676149436 -6.860575980234087 0
1834 2.019569025705619 -6.766666666666667 0
1835 3.447942064950574 -6.766666666666663 0
1836 1.360063319344404 -6.768481960852577 0
1837 2.70669386181817 -6.766666666666667 0
1838 1.09226392746826 -6.940617853744069 0
1839 1.036353369356977 -6.961347741658058 0
1840 1.029314854845983 -6.561544959569569 0
1841 -1.06111924766071 -6.675051182756003 0
1842 -1.063366989806448 -6.850465025188262 0
1843 -1.047997728631687 -6.929456690281267 0
1844 -1.040414518843274 -6.603333333333333 0
1845 -1.176015395881867 -6.861992675109448 0
1846 -1.185084446881093 -6.674833060409292 0
1847 -2.019569025705619 -6.766666666666667 0
1848 -3.447942064950574 -6.76666666666667 0
1849 -1.069369440032874 -6.766048849066143 0
1850 -1.359081353962737 -6.767248733697568 0
1851 -2.70669386181817 -6.766666666666667 0
1852 -1.085841036575629 -6.596091818305327 0
1853 -1.036964804636168 -6.569218363661065 0
1854 -1.026641549098406 -6.97069750590365 0
$EndNodes
$Elements
3580
1 1 2 10 5 1 55
2 1 2 10 5 55 56
3 1 2 10 5 56 57
4 1 2 10 5 57 58
5 1 2 10 5 58 59
6 1 2 10 5 59 60
7 1 2 10 5 60 61
8 1 2 10 5 61 62
9 1 2 10 5 62 63
10 1 2 10 5 63 64
11 1 2 10 5 64 65
12 1 2 10 5 65 66
13 1 2 10 5 66 67
14 1 2 10 5 67 68
15 1 2 10 5 68 2
16 1 2 13 6 2 3
17 1 2 12 8 4 1
18 1 2 13 9 3 5
19 1 2 12 11 6 4
20 1 2 13 12 5 7
21 1 2 12 14 8 6
22 1 2 13 15 7 9
23 1 2 12 17 10 8
24 1 2 13 18 9 11
25 1 2 12 20 12 10
26 1 2 13 21 11 13
27 1 2 12 23 14 12
28 1 2 13 24 13 15
29 1 2 12 26 16 14
30 1 2 13 27 15 17
31 1 2 12 29 18 16
32 1 2 13 30 17 19
33 1 2 12 32 20 18
34 1 2 13 33 19 21
35 1 2 12 35 22 20
36 1 2 20 50 23 215
37 1 2 20 50 215 216
38 1 2 20 50 216 217
39 1 2 20 50 217 218
40 1 2 20 50 218 219
41 1 2 20 50 219 220
42 1 2 20 50 220 221
43 1 2 20 50 221 222
44 1 2 20 50 222 223
45 1 2 20 50 223 224
46 1 2 20 50 224 225
47 1 2 20 50 225 226
48 1 2 20 50 226 227
49 1 2 20 50 227 228
50 1 2 20 50 228 229
51 1 2 20 50 229 230
52 1 2 20 50 230 231
53 1 2 20 50 231 232
54 1 2 20 50 232 233
55 1 2 20 50 233 234
56 1 2 20 50 234 235
57 1 2 20 50 235 236
58 1 2 20 50 236 237
59 1 2 20 50 237 238
60 1 2 20 50 238 239
61 1 2 20 50 239 240
62 1 2 20 50 240 241
63 1 2 20 50 241 242
64 1 2 20 50 242 243
65 1 2 20 50 243 244
66 1 2 20 50 244 245
67 1 2 20 50 245 246
68 1 2 20 50 246 247
69 1 2 20 50 247 248
70 1 2 20 50 248 249
71 1 2 20 50 249 250
72 1 2 20 50 250 251
73 1 2 20 50 251 252
74 1 2 20 50 252 253
75 1 2 20 50 253 24
76 1 2 20 52 25 254
77 1 2 20 52 254 255
78 1 2 20 52 255 256
79 1 2 20 52 256 257
80 1 2 20 52 257 258
81 1 2 20 52 258 259
82 1 2 20 52 259 260
83 1 2 20 52 260 261
84 1 2 20 52 261 262
85 1 2 20 52 262 263
86 1 2 20 52 263 264
87 1 2 20 52 264 265
88 1 2 20 52 265 266
89 1 2 20 52 266 267
90 1 2 20 52 267 268
91 1 2 20 52 268 269
92 1 2 20 52 269 270
93 1 2 20 52 270 271
94 1 2 20 52 271 272
95 1 2 20 52 272 273
96 1 2 20 52 273 274
97 1 2 20 52 274 275
98 1 2 20 52 275 276
99 1 2 20 52 276 277
100 1 2 20 52 277 278
101 1 2 20 52 278 279
102 1 2 20 52 279 280
103 1 2 20 52 280 281
104 1 2 20 52 281 282
105 1 2 20 52 282 283
106 1 2 20 52 283 284
107 1 2 20 52 284 285
108 1 2 20 52 285 286
109 1 2 20 52 286 287
110 1 2 20 52 287 288
111 1 2 20 52 288 289
112 1 2 20 52 289 290
113 1 2 20 52 290 291
114 1 2 20 52 291 292
115 1 2 20 52 292 26
116 1 2 20 54 28 304
117 1 2 20 54 304 305
118 1 2 20 54 305 306
119 1 2 20 54 306 307
120 1 2 20 54 307 308
121 1 2 20 54 308 309
122 1 2 20 54 309 310
123 1 2 20 54 310 311
124 1 2 20 54 311 312
125 1 2 20 54 312 29
126 1 2 13 56 27 30
127 1 2 12 58 33 32
128 1 2 20 60 34 346
129 1 2 20 60 346 347
130 1 2 20 60 347 348
131 1 2 20 60 348 349
132 1 2 20 60 349 350
133 1 2 20 60 350 351
134 1 2 20 60 351 352
135 1 2 20 60 352 353
136 1 2 20 60 353 354
137 1 2 20 60 354 31
138 1 2 20 61 29 355
139 1 2 20 61 355 356
140 1 2 20 61 356 357
141 1 2 20 61 357 358
142 1 2 20 61 358 359
143 1 2 20 61 359 360
144 1 2 20 61 360 361
145 1 2 20 61 361 362
146 1 2 20 61 362 363
147 1 2 20 61 363 35
148 1 2 13 63 30 36
149 1 2 12 64 37 33
150 1 2 20 66 38 386
151 1 2 20 66 386 387
152 1 2 20 66 387 388
153 1 2 20 66 388 389
154 1 2 20 66 389 390
155 1 2 20 66 390 391
156 1 2 20 66 391 392
157 1 2 20 66 392 393
158 1 2 20 66 393 394
159 1 2 20 66 394 34
160 1 2 20 67 35 395
161 1 2 20 67 395 396
162 1 2 20 67 396 397
163 1 2 20 67 397 398
164 1 2 20 67 398 399
165 1 2 20 67 399 400
166 1 2 20 67 400 401
167 1 2 20 67 401 402
168 1 2 20 67 402 403
169 1 2 20 67 403 39
170 1 2 13 69 36 40
171 1 2 12 70 41 37
172 1 2 20 72 42 426
173 1 2 20 72 426 427
174 1 2 20 72 427 428
175 1 2 20 72 428 429
176 1 2 20 72 429 430
177 1 2 20 72 430 431
178 1 2 20 72 431 432
179 1 2 20 72 432 433
180 1 2 20 72 433 434
181 1 2 20 72 434 38
182 1 2 20 73 39 435
183 1 2 20 73 435 436
184 1 2 20 73 436 437
185 1 2 20 73 437 438
186 1 2 20 73 438 439
187 1 2 20 73 439 440
188 1 2 20 73 440 441
189 1 2 20 73 441 442
190 1 2 20 73 442 443
191 1 2 20 73 443 25
192 1 2 13 75 40 43
193 1 2 12 76 44 41
194 1 2 20 78 26 466
195 1 2 20 78 466 467
196 1 2 20 78 467 468
197 1 2 20 78 468 469
198 1 2 20 78 469 470
199 1 2 20 78 470 471
200 1 2 20 78 471 472
201 1 2 20 78 472 473
202 1 2 20 78 473 474
203 1 2 20 78 474 42
204 1 2 13 79 43 475
205 1 2 13 79 475 476
206 1 2 13 79 476 477
207 1 2 13 79 477 478
208 1 2 13 79 478 479
209 1 2 13 79 479 480
210 1 2 13 79 480 481
211 1 2 13 79 481 482
212 1 2 13 79 482 483
213 1 2 13 79 483 484
214 1 2 13 79 484 485
215 1 2 13 79 485 486
216 1 2 13 79 486 487
217 1 2 13 79 487 488
218 1 2 13 79 488 489
219 1 2 13 79 489 45
220 1 2 11 80 45 490
221 1 2 11 80 490 491
222 1 2 11 80 491 492
223 1 2 11 80 492 493
224 1 2 11 80 493 494
225 1 2 11 80 494 495
226 1 2 11 80 495 496
227 1 2 11 80 496 497
228 1 2 11 80 497 498
229 1 2 11 80 498 499
230 1 2 11 80 499 500
231 1 2 11 80 500 501
232 1 2 11 80 501 502
233 1 2 11 80 502 503
234 1 2 11 80 503 46
235 1 2 12 81 46 504
236 1 2 12 81 504 505
237 1 2 12 81 505 506
238 1 2 12 81 506 507
239 1 2 12 81 507 508
240 1 2 12 81 508 509
241 1 2 12 81 509 510
242 1 2 12 81 510 511
243 1 2 12 81 511 512
244 1 2 12 81 512 513
245 1 2 12 81 513 514
246 1 2 12 81 514 515
247 1 2 12 81 515 516
248 1 2 12 81 516 517
249 1 2 12 81 517 518
250 1 2 12 81 518 44
251 1 2 12 82 32 22
252 1 2 20 83 31 519
253 1 2 20 83 519 520
254 1 2 20 83 520 23
255 1 2 20 84 24 521
256 1 2 20 84 521 522
257 1 2 20 84 522 28
258 1 2 13 85 21 27
259 1 2 21 86 47 523
260 1 2 21 86 523 524
261 1 2 21 86 524 525
262 1 2 21 86 525 526
263 1 2 21 86 526 527
264 1 2 21 86 527 528
265 1 2 21 86 528 529
266 1 2 21 86 529 530
267 1 2 21 86 530 531
268 1 2 21 86 531 532
269 1 2 21 86 532 533
270 1 2 21 86 533 534
271 1 2 21 86 534 535
272 1 2 21 86 535 536
273 1 2 21 86 536 537
274 1 2 21 86 537 538
275 1 2 21 86 538 539
276 1 2 21 86 539 540
277 1 2 21 86 540 541
278 1 2 21 86 541 542
279 1 2 21 86 542 543
280 1 2 21 86 543 544
281 1 2 21 86 544 545
282 1 2 21 86 545 546
283 1 2 21 86 546 547
284 1 2 21 86 547 548
285 1 2 21 86 548 549
286 1 2 21 86 549 550
287 1 2 21 86 550 551
288 1 2 21 86 551 552
289 1 2 21 86 552 553
290 1 2 21 86 553 554
291 1 2 21 86 554 555
292 1 2 21 86 555 556
293 1 2 21 86 556 557
294 1 2 21 86 557 558
295 1 2 21 86 558 559
296 1 2 21 86 559 560
297 1 2 21 86 560 561
298 1 2 21 86 561 48
299 1 2 21 87 49 562
300 1 2 21 87 562 563
301 1 2 21 87 563 564
302 1 2 21 87 564 565
303 1 2 21 87 565 566
304 1 2 21 87 566 567
305 1 2 21 87 567 568
306 1 2 21 87 568 569
307 1 2 21 87 569 570
308 1 2 21 87 570 571
309 1 2 21 87 571 572
310 1 2 21 87 572 573
311 1 2 21 87 573 574
312 1 2 21 87 574 575
313 1 2 21 87 575 576
314 1 2 21 87 576 577
315 1 2 21 87 577 578
316 1 2 21 87 578 579
317 1 2 21 87 579 580
318 1 2 21 87 580 581
319 1 2 21 87 581 582
320 1 2 21 87 582 583
321 1 2 21 87 583 584
322 1 2 21 87 584 585
323 1 2 21 87 585 586
324 1 2 21 87 586 587
325 1 2 21 87 587 588
326 1 2 21 87 588 589
327 1 2 21 87 589 590
328 1 2 21 87 590 591
329 1 2 21 87 591 592
330 1 2 21 87 592 593
331 1 2 21 87 593 594
332 1 2 21 87 594 595
333 1 2 21 87 595 596
334 1 2 21 87 596 597
335 1 2 21 87 597 598
336 1 2 21 87 598 599
337 1 2 21 87 599 600
338 1 2 21 87 600 47
339 1 2 21 88 48 601
340 1 2 21 88 601 602
341 1 2 21 88 602 603
342 1 2 21 88 603 604
343 1 2 21 88 604 605
344 1 2 21 88 605 606
345 1 2 21 88 606 607
346 1 2 21 88 607 608
347 1 2 21 88 608 609
348 1 2 21 88 609 610
349 1 2 21 88 610 611
350 1 2 21 88 611 612
351 1 2 21 88 612 613
352 1 2 21 88 613 614
353 1 2 21 88 614 615
354 1 2 21 88 615 616
355 1 2 21 88 616 617
356 1 2 21 88 617 618
357 1 2 21 88 618 619
358 1 2 21 88 619 620
359 1 2 21 88 620 621
360 1 2 21 88 621 622
361 1 2 21 88 622 623
362 1 2 21 88 623 624
363 1 2 21 88 624 625
364 1 2 21 88 625 626
365 1 2 21 88 626 627
366 1 2 21 88 627 628
367 1 2 21 88 628 629
368 1 2 21 88 629 630
369 1 2 21 88 630 631
370 1 2 21 88 631 632
371 1 2 21 88 632 633
372 1 2 21 88 633 634
373 1 2 21 88 634 635
374 1 2 21 88 635 636
375 1 2 21 88 636 637
376 1 2 21 88 637 638
377 1 2 21 88 638 639
378 1 2 21 88 639 50
379 1 2 21 89 50 640
380 1 2 21 89 640 641
381 1 2 21 89 641 642
382 1 2 21 89 642 643
383 1 2 21 89 643 644
384 1 2 21 89 644 645
385 1 2 21 89 645 646
386 1 2 21 89 646 647
387 1 2 21 89 647 648
388 1 2 21 89 648 649
389 1 2 21 89 649 650
390 1 2 21 89 650 651
391 1 2 21 89 651 652
392 1 2 21 89 652 653
393 1 2 21 89 653 654
394 1 2 21 89 654 655
395 1 2 21 89 655 656
396 1 2 21 89 656 657
397 1 2 21 89 657 658
398 1 2 21 89 658 659
399 1 2 21 89 659 660
400 1 2 21 89 660 661
401 1 2 21 89 661 662
402 1 2 21 89 662 663
403 1 2 21 89 663 664
404 1 2 21 89 664 665
405 1 2 21 89 665 666
406 1 2 21 89 666 667
407 1 2 21 89 667 668
408 1 2 21 89 668 669
409 1 2 21 89 669 670
410 1 2 21 89 670 671
411 1 2 21 89 671 672
412 1 2 21 89 672 673
413 1 2 21 89 673 674
414 1 2 21 89 674 675
415 1 2 21 89 675 676
416 1 2 21 89 676 677
417 1 2 21 89 677 678
418 1 2 21 89 678 49
419 2 2 6 1 261 842 262
420 2 2 6 1 279 804 280
421 2 2 6 1 289 838 290
422 2 2 6 1 291 838 292
423 2 2 6 1 280 836 281
424 2 2 6 1 263 842 264
425 2 2 6 1 268 807 269
426 2 2 6 1 269 839 270
427 2 2 6 1 271 839 272
428 2 2 6 1 282 836 283
429 2 2 6 1 287 837 288
430 2 2 6 1 844 978 977
431 2 2 6 1 952 1002 821
432 2 2 6 1 844 979 978
433 2 2 6 1 959 1036 977
434 2 2 6 1 826 958 499
435 2 2 6 1 499 958 498
436 2 2 6 1 977 1036 844
437 2 2 6 1 955 958 826
438 2 2 6 1 818 969 954
439 2 2 6 1 954 1085 818
440 2 2 6 1 828 1055 968
441 2 2 6 1 968 1056 828
442 2 2 6 1 975 1029 820
443 2 2 6 1 812 1054 953
444 2 2 6 1 821 1072 952
445 2 2 6 1 953 1082 812
446 2 2 6 1 962 1055 828
447 2 2 6 1 826 959 955
448 2 2 6 1 980 982 815
449 2 2 6 1 828 1066 962
450 2 2 6 1 848 1056 968
451 2 2 6 1 968 1049 848
452 2 2 6 1 1011 1087 1059
453 2 2 6 1 982 1086 815
454 2 2 6 1 820 1076 975
455 2 2 6 1 1059 1087 822
456 2 2 6 1 961 962 813
457 2 2 6 1 503 979 502
458 2 2 6 1 910 961 856
459 2 2 6 1 502 979 844
460 2 2 6 1 829 1070 1057
461 2 2 6 1 999 1038 931
462 2 2 6 1 910 962 961
463 2 2 6 1 959 977 972
464 2 2 6 1 808 843 842
465 2 2 6 1 811 846 838
466 2 2 6 1 817 1058 1019
467 2 2 6 1 999 1091 1038
468 2 2 6 1 832 1098 849
469 2 2 6 1 446 1083 445
470 2 2 6 1 962 1066 813
471 2 2 6 1 905 971 897
472 2 2 6 1 1019 1099 817
473 2 2 6 1 464 832 463
474 2 2 6 1 1032 1049 967
475 2 2 6 1 1002 1061 821
476 2 2 6 1 826 1036 959
477 2 2 6 1 856 961 853
478 2 2 6 1 814 963 449
479 2 2 6 1 959 972 971
480 2 2 6 1 979 1073 978
481 2 2 6 1 934 1075 960
482 2 2 6 1 849 1098 816
483 2 2 6 1 824 1047 1045
484 2 2 6 1 1018 1074 1070
485 2 2 6 1 967 1095 1032
486 2 2 6 1 978 1073 831
487 2 2 6 1 897 971 898
488 2 2 6 1 955 971 905
489 2 2 6 1 1039 1076 1042
490 2 2 6 1 952 1033 950
491 2 2 6 1 948 1052 949
492 2 2 6 1 956 1084 806
493 2 2 6 1 1057 1070 970
494 2 2 6 1 1033 1082 950
495 2 2 6 1 959 971 955
496 2 2 6 1 942 1090 1050
497 2 2 6 1 1041 1063 888
498 2 2 6 1 960 1060 934
499 2 2 6 1 918 964 911
500 2 2 6 1 910 964 962
501 2 2 6 1 957 1062 854
502 2 2 6 1 911 964 910
503 2 2 6 1 1051 1052 935
504 2 2 6 1 1070 1074 970
505 2 2 6 1 918 965 964
506 2 2 6 1 1042 1076 820
507 2 2 6 1 975 1071 1029
508 2 2 6 1 1037 1065 1040
509 2 2 6 1 458 828 457
510 2 2 6 1 452 827 451
511 2 2 6 1 854 1050 957
512 2 2 6 1 814 1065 1037
513 2 2 6 1 958 1104 498
514 2 2 6 1 818 970 969
515 2 2 6 1 858 986 889
516 2 2 6 1 918 966 965
517 2 2 6 1 964 1055 962
518 2 2 6 1 889 986 930
519 2 2 6 1 1027 1034 946
520 2 2 6 1 983 1023 888
521 2 2 6 1 971 972 898
522 2 2 6 1 812 1082 1033
523 2 2 6 1 923 1001 945
524 2 2 6 1 855 986 858
525 2 2 6 1 882 1000 984
526 2 2 6 1 984 1000 924
527 2 2 6 1 1001 1023 983
528 2 2 6 1 1000 1001 923
529 2 2 6 1 945 1001 983
530 2 2 6 1 924 1024 984
531 2 2 6 1 882 1001 1000
532 2 2 6 1 966 967 965
533 2 2 6 1 1005 1024 866
534 2 2 6 1 972 973 898
535 2 2 6 1 866 1024 988
536 2 2 6 1 866 988 863
537 2 2 6 1 985 987 862
538 2 2 6 1 862 988 985
539 2 2 6 1 916 995 919
540 2 2 6 1 863 988 862
541 2 2 6 1 984 1024 1005
542 2 2 6 1 995 1024 924
543 2 2 6 1 862 987 859
544 2 2 6 1 967 968 965
545 2 2 6 1 919 995 924
546 2 2 6 1 985 995 916
547 2 2 6 1 972 974 973
548 2 2 6 1 859 987 857
549 2 2 6 1 988 995 985
550 2 2 6 1 914 987 985
551 2 2 6 1 974 975 973
552 2 2 6 1 972 977 974
553 2 2 6 1 989 991 913
554 2 2 6 1 876 987 914
555 2 2 6 1 936 991 989
556 2 2 6 1 913 991 953
557 2 2 6 1 989 992 936
558 2 2 6 1 993 1003 997
559 2 2 6 1 993 997 994
560 2 2 6 1 994 997 864
561 2 2 6 1 990 993 992
562 2 2 6 1 990 1003 993
563 2 2 6 1 975 976 973
564 2 2 6 1 977 978 974
565 2 2 6 1 990 992 989
566 2 2 6 1 890 1022 1021
567 2 2 6 1 936 992 908
568 2 2 6 1 908 992 925
569 2 2 6 1 864 1021 994
570 2 2 6 1 992 993 925
571 2 2 6 1 1021 1022 994
572 2 2 6 1 890 1021 860
573 2 2 6 1 993 994 925
574 2 2 6 1 902 996 947
575 2 2 6 1 895 996 902
576 2 2 6 1 1003 1016 1004
577 2 2 6 1 990 1016 1003
578 2 2 6 1 1003 1004 868
579 2 2 6 1 997 1003 868
580 2 2 6 1 865 997 868
581 2 2 6 1 949 998 912
582 2 2 6 1 946 999 922
583 2 2 6 1 922 999 920
584 2 2 6 1 912 998 903
585 2 2 6 1 921 1000 923
586 2 2 6 1 909 1002 952
587 2 2 6 1 867 1005 866
588 2 2 6 1 907 1002 909
589 2 2 6 1 873 1004 879
590 2 2 6 1 1004 1016 879
591 2 2 6 1 869 1004 873
592 2 2 6 1 941 1011 927
593 2 2 6 1 928 1009 1007
594 2 2 6 1 1007 1013 928
595 2 2 6 1 928 1011 1009
596 2 2 6 1 1006 1013 1007
597 2 2 6 1 927 1011 928
598 2 2 6 1 984 1005 877
599 2 2 6 1 884 1013 1006
600 2 2 6 1 1006 1012 884
601 2 2 6 1 884 1012 874
602 2 2 6 1 877 1005 870
603 2 2 6 1 1012 1014 874
604 2 2 6 1 874 1014 871
605 2 2 6 1 1014 1017 880
606 2 2 6 1 1012 1017 1014
607 2 2 6 1 872 1014 880
608 2 2 6 1 884 1015 1013
609 2 2 6 1 875 1015 884
610 2 2 6 1 927 928 926
611 2 2 6 1 928 1013 926
612 2 2 6 1 880 1017 885
613 2 2 6 1 906 1019 932
614 2 2 6 1 937 1017 1012
615 2 2 6 1 1009 1010 1008
616 2 2 6 1 906 932 905
617 2 2 6 1 892 1015 883
618 2 2 6 1 894 1016 990
619 2 2 6 1 899 1017 937
620 2 2 6 1 901 927 926
621 2 2 6 1 929 941 927
622 2 2 6 1 937 1012 1006
623 2 2 6 1 891 892 883
624 2 2 6 1 897 898 887
625 2 2 6 1 954 969 933
626 2 2 6 1 880 885 881
627 2 2 6 1 886 893 891
628 2 2 6 1 969 1020 933
629 2 2 6 1 937 1006 938
630 2 2 6 1 938 1019 906
631 2 2 6 1 1013 1015 926
632 2 2 6 1 929 951 943
633 2 2 6 1 929 1018 951
634 2 2 6 1 883 1015 875
635 2 2 6 1 932 955 905
636 2 2 6 1 932 958 955
637 2 2 6 1 1007 1008 938
638 2 2 6 1 885 897 887
639 2 2 6 1 899 905 897
640 2 2 6 1 879 1016 886
641 2 2 6 1 885 887 881
642 2 2 6 1 885 1017 899
643 2 2 6 1 900 901 892
644 2 2 6 1 894 989 913
645 2 2 6 1 1008 1019 938
646 2 2 6 1 913 953 933
647 2 2 6 1 879 886 883
648 2 2 6 1 891 1020 900
649 2 2 6 1 894 913 893
650 2 2 6 1 899 937 906
651 2 2 6 1 886 894 893
652 2 2 6 1 901 929 927
653 2 2 6 1 879 883 875
654 2 2 6 1 886 891 883
655 2 2 6 1 886 1016 894
656 2 2 6 1 891 900 892
657 2 2 6 1 893 1020 891
658 2 2 6 1 901 926 892
659 2 2 6 1 926 1015 892
660 2 2 6 1 913 933 893
661 2 2 6 1 894 990 989
662 2 2 6 1 929 943 941
663 2 2 6 1 953 954 933
664 2 2 6 1 951 960 943
665 2 2 6 1 880 881 878
666 2 2 6 1 900 1018 901
667 2 2 6 1 887 888 881
668 2 2 6 1 885 899 897
669 2 2 6 1 937 938 906
670 2 2 6 1 1006 1007 938
671 2 2 6 1 899 906 905
672 2 2 6 1 1007 1009 1008
673 2 2 6 1 901 1018 929
674 2 2 6 1 933 1020 893
675 2 2 6 1 882 984 877
676 2 2 6 1 875 884 874
677 2 2 6 1 878 882 877
678 2 2 6 1 872 880 878
679 2 2 6 1 873 879 875
680 2 2 6 1 945 983 981
681 2 2 6 1 872 878 877
682 2 2 6 1 981 982 980
683 2 2 6 1 873 875 874
684 2 2 6 1 945 981 980
685 2 2 6 1 871 1014 872
686 2 2 6 1 909 952 950
687 2 2 6 1 950 991 936
688 2 2 6 1 873 874 871
689 2 2 6 1 872 877 870
690 2 2 6 1 909 950 936
691 2 2 6 1 945 980 944
692 2 2 6 1 869 873 871
693 2 2 6 1 871 872 870
694 2 2 6 1 870 1005 867
695 2 2 6 1 869 871 870
696 2 2 6 1 923 945 944
697 2 2 6 1 909 936 908
698 2 2 6 1 944 946 922
699 2 2 6 1 868 1004 869
700 2 2 6 1 907 909 908
701 2 2 6 1 948 949 912
702 2 2 6 1 869 870 867
703 2 2 6 1 908 925 904
704 2 2 6 1 998 1002 907
705 2 2 6 1 923 944 922
706 2 2 6 1 903 998 907
707 2 2 6 1 907 908 904
708 2 2 6 1 921 923 922
709 2 2 6 1 868 869 867
710 2 2 6 1 947 948 912
711 2 2 6 1 924 1000 921
712 2 2 6 1 919 924 921
713 2 2 6 1 920 999 931
714 2 2 6 1 865 868 867
715 2 2 6 1 921 922 920
716 2 2 6 1 903 907 904
717 2 2 6 1 902 947 912
718 2 2 6 1 920 931 917
719 2 2 6 1 919 921 920
720 2 2 6 1 865 867 866
721 2 2 6 1 903 904 896
722 2 2 6 1 902 912 903
723 2 2 6 1 865 866 863
724 2 2 6 1 902 903 896
725 2 2 6 1 919 920 917
726 2 2 6 1 864 997 865
727 2 2 6 1 895 902 896
728 2 2 6 1 864 865 863
729 2 2 6 1 916 919 917
730 2 2 6 1 930 996 895
731 2 2 6 1 861 864 863
732 2 2 6 1 895 896 890
733 2 2 6 1 889 930 895
734 2 2 6 1 916 917 915
735 2 2 6 1 914 985 916
736 2 2 6 1 915 918 911
737 2 2 6 1 889 895 890
738 2 2 6 1 914 916 915
739 2 2 6 1 861 863 862
740 2 2 6 1 861 1021 864
741 2 2 6 1 861 862 859
742 2 2 6 1 889 890 860
743 2 2 6 1 914 915 911
744 2 2 6 1 994 1022 925
745 2 2 6 1 896 1022 890
746 2 2 6 1 925 1022 904
747 2 2 6 1 876 914 911
748 2 2 6 1 858 889 860
749 2 2 6 1 860 861 859
750 2 2 6 1 904 1022 896
751 2 2 6 1 860 1021 861
752 2 2 6 1 858 860 859
753 2 2 6 1 876 911 910
754 2 2 6 1 882 1023 1001
755 2 2 6 1 878 1023 882
756 2 2 6 1 888 1023 881
757 2 2 6 1 881 1023 878
758 2 2 6 1 858 859 857
759 2 2 6 1 857 987 876
760 2 2 6 1 876 910 856
761 2 2 6 1 988 1024 995
762 2 2 6 1 857 876 856
763 2 2 6 1 855 858 857
764 2 2 6 1 855 857 856
765 2 2 6 1 976 1063 1041
766 2 2 6 1 918 1026 966
767 2 2 6 1 915 1026 918
768 2 2 6 1 931 1026 917
769 2 2 6 1 855 856 853
770 2 2 6 1 854 986 855
771 2 2 6 1 829 1096 1070
772 2 2 6 1 1052 1103 935
773 2 2 6 1 953 1054 954
774 2 2 6 1 917 1026 915
775 2 2 6 1 453 1025 452
776 2 2 6 1 456 848 455
777 2 2 6 1 454 935 453
778 2 2 6 1 1052 1102 949
779 2 2 6 1 930 1037 996
780 2 2 6 1 482 812 481
781 2 2 6 1 511 815 510
782 2 2 6 1 481 1033 480
783 2 2 6 1 478 1028 477
784 2 2 6 1 508 820 507
785 2 2 6 1 479 821 478
786 2 2 6 1 477 833 476
787 2 2 6 1 487 829 486
788 2 2 6 1 506 831 505
789 2 2 6 1 507 1029 506
790 2 2 6 1 516 830 515
791 2 2 6 1 515 1030 514
792 2 2 6 1 514 819 513
793 2 2 6 1 513 1034 512
794 2 2 6 1 485 818 484
795 2 2 6 1 512 1027 511
796 2 2 6 1 517 1032 516
797 2 2 6 1 489 934 488
798 2 2 6 1 497 817 496
799 2 2 6 1 492 834 491
800 2 2 6 1 493 1035 492
801 2 2 6 1 494 822 493
802 2 2 6 1 500 826 499
803 2 2 6 1 501 1036 500
804 2 2 6 1 502 844 501
805 2 2 6 1 854 855 853
806 2 2 6 1 935 1025 453
807 2 2 6 1 830 1031 1030
808 2 2 6 1 1034 1091 946
809 2 2 6 1 1039 1042 982
810 2 2 6 1 996 1040 947
811 2 2 6 1 812 1033 481
812 2 2 6 1 820 1029 507
813 2 2 6 1 477 1028 833
814 2 2 6 1 821 1028 478
815 2 2 6 1 511 1027 815
816 2 2 6 1 506 1029 831
817 2 2 6 1 514 1030 819
818 2 2 6 1 819 1034 513
819 2 2 6 1 512 1034 1027
820 2 2 6 1 830 1030 515
821 2 2 6 1 516 1032 830
822 2 2 6 1 973 1041 898
823 2 2 6 1 898 1041 887
824 2 2 6 1 492 1035 834
825 2 2 6 1 822 1035 493
826 2 2 6 1 844 1036 501
827 2 2 6 1 500 1036 826
828 2 2 6 1 503 1094 979
829 2 2 6 1 1031 1038 1030
830 2 2 6 1 1053 1075 934
831 2 2 6 1 854 1062 986
832 2 2 6 1 509 1042 508
833 2 2 6 1 1030 1038 819
834 2 2 6 1 476 1051 475
835 2 2 6 1 981 1039 982
836 2 2 6 1 888 1063 983
837 2 2 6 1 491 1053 490
838 2 2 6 1 1019 1058 932
839 2 2 6 1 1011 1059 1009
840 2 2 6 1 483 1054 482
841 2 2 6 1 949 1061 998
842 2 2 6 1 946 1091 999
843 2 2 6 1 968 1055 965
844 2 2 6 1 1040 1077 947
845 2 2 6 1 456 1056 848
846 2 2 6 1 1037 1040 996
847 2 2 6 1 452 1025 827
848 2 2 6 1 887 1041 888
849 2 2 6 1 851 854 853
850 2 2 6 1 853 961 852
851 2 2 6 1 976 1041 973
852 2 2 6 1 818 1057 970
853 2 2 6 1 930 1062 1037
854 2 2 6 1 831 1071 978
855 2 2 6 1 485 1057 818
856 2 2 6 1 829 1057 486
857 2 2 6 1 934 1060 488
858 2 2 6 1 487 1060 829
859 2 2 6 1 483 1085 1054
860 2 2 6 1 967 1049 968
861 2 2 6 1 970 1074 969
862 2 2 6 1 981 1063 1039
863 2 2 6 1 1039 1063 976
864 2 2 6 1 1031 1095 966
865 2 2 6 1 966 1095 967
866 2 2 6 1 827 1077 1040
867 2 2 6 1 965 1055 964
868 2 2 6 1 900 1074 1018
869 2 2 6 1 969 1074 1020
870 2 2 6 1 508 1042 820
871 2 2 6 1 517 1067 1032
872 2 2 6 1 509 1086 1042
873 2 2 6 1 505 1073 504
874 2 2 6 1 991 1082 953
875 2 2 6 1 833 1051 476
876 2 2 6 1 457 1056 456
877 2 2 6 1 834 1053 491
878 2 2 6 1 833 1052 1051
879 2 2 6 1 1008 1099 1019
880 2 2 6 1 486 1057 485
881 2 2 6 1 952 1072 1033
882 2 2 6 1 43 1088 454
883 2 2 6 1 482 1054 812
884 2 2 6 1 475 1088 43
885 2 2 6 1 960 1075 943
886 2 2 6 1 932 1058 958
887 2 2 6 1 966 1080 1031
888 2 2 6 1 1009 1059 1010
889 2 2 6 1 943 1079 941
890 2 2 6 1 1033 1072 480
891 2 2 6 1 479 1072 821
892 2 2 6 1 45 1089 489
893 2 2 6 1 490 1089 45
894 2 2 6 1 828 1056 457
895 2 2 6 1 1026 1080 966
896 2 2 6 1 941 1087 1011
897 2 2 6 1 998 1061 1002
898 2 2 6 1 986 1062 930
899 2 2 6 1 488 1060 487
900 2 2 6 1 821 1061 1028
901 2 2 6 1 455 1092 44
902 2 2 6 1 1032 1067 1049
903 2 2 6 1 44 1092 518
904 2 2 6 1 808 842 261
905 2 2 6 1 811 838 289
906 2 2 6 1 264 842 825
907 2 2 6 1 283 836 810
908 2 2 6 1 272 839 803
909 2 2 6 1 288 837 811
910 2 2 6 1 292 838 816
911 2 2 6 1 818 1085 484
912 2 2 6 1 815 1086 510
913 2 2 6 1 983 1063 981
914 2 2 6 1 285 1048 286
915 2 2 6 1 266 1043 267
916 2 2 6 1 277 1045 278
917 2 2 6 1 274 1047 275
918 2 2 6 1 25 1064 254
919 2 2 6 1 258 1069 259
920 2 2 6 1 257 841 258
921 2 2 6 1 1054 1085 954
922 2 2 6 1 494 1093 822
923 2 2 6 1 935 1103 1025
924 2 2 6 1 497 1104 817
925 2 2 6 1 451 1065 450
926 2 2 6 1 459 1066 458
927 2 2 6 1 817 1097 496
928 2 2 6 1 1042 1086 982
929 2 2 6 1 504 1094 46
930 2 2 6 1 46 1094 503
931 2 2 6 1 978 1071 974
932 2 2 6 1 1079 1087 941
933 2 2 6 1 1075 1079 943
934 2 2 6 1 1032 1095 830
935 2 2 6 1 1038 1091 819
936 2 2 6 1 813 1078 961
937 2 2 6 1 974 1071 975
938 2 2 6 1 1049 1067 848
939 2 2 6 1 1025 1077 827
940 2 2 6 1 961 1078 852
941 2 2 6 1 949 1102 1061
942 2 2 6 1 518 1067 517
943 2 2 6 1 833 1102 1052
944 2 2 6 1 944 1081 946
945 2 2 6 1 807 1044 839
946 2 2 6 1 804 1046 836
947 2 2 6 1 817 1099 1097
948 2 2 6 1 827 1065 451
949 2 2 6 1 458 1066 828
950 2 2 6 1 256 841 257
951 2 2 6 1 273 1047 274
952 2 2 6 1 259 1069 260
953 2 2 6 1 265 1043 266
954 2 2 6 1 276 1045 277
955 2 2 6 1 284 1048 285
956 2 2 6 1 254 1064 255
957 2 2 6 1 946 1081 1027
958 2 2 6 1 817 1104 1058
959 2 2 6 1 1018 1070 951
960 2 2 6 1 822 1093 1059
961 2 2 6 1 1093 1097 1010
962 2 2 6 1 1073 1094 504
963 2 2 6 1 815 1081 980
964 2 2 6 1 980 1081 944
965 2 2 6 1 975 1076 976
966 2 2 6 1 480 1072 479
967 2 2 6 1 1040 1065 827
968 2 2 6 1 1020 1074 900
969 2 2 6 1 1029 1071 831
970 2 2 6 1 1059 1093 1010
971 2 2 6 1 1061 1102 1028
972 2 2 6 1 1058 1104 958
973 2 2 6 1 831 1073 505
974 2 2 6 1 1070 1096 951
975 2 2 6 1 947 1077 948
976 2 2 6 1 463 832 805
977 2 2 6 1 976 1076 1039
978 2 2 6 1 1038 1080 931
979 2 2 6 1 931 1080 1026
980 2 2 6 1 1060 1096 829
981 2 2 6 1 845 1046 850
982 2 2 6 1 950 1082 991
983 2 2 6 1 832 849 835
984 2 2 6 1 834 1079 1075
985 2 2 6 1 1037 1100 814
986 2 2 6 1 851 853 852
987 2 2 6 1 484 1085 483
988 2 2 6 1 1031 1080 1038
989 2 2 6 1 510 1086 509
990 2 2 6 1 1035 1079 834
991 2 2 6 1 1051 1088 475
992 2 2 6 1 1053 1089 490
993 2 2 6 1 838 849 816
994 2 2 6 1 1027 1081 815
995 2 2 6 1 1025 1103 1077
996 2 2 6 1 1035 1087 1079
997 2 2 6 1 848 1092 455
998 2 2 6 1 495 1093 494
999 2 2 6 1 851 1050 854
1000 2 2 6 1 454 1088 935
1001 2 2 6 1 951 1096 960
1002 2 2 6 1 830 1095 1031
1003 2 2 6 1 822 1087 1035
1004 2 2 6 1 489 1089 934
1005 2 2 6 1 1010 1099 1008
1006 2 2 6 1 834 1075 1053
1007 2 2 6 1 814 1100 963
1008 2 2 6 1 819 1091 1034
1009 2 2 6 1 1062 1100 1037
1010 2 2 6 1 496 1097 495
1011 2 2 6 1 939 1069 841
1012 2 2 6 1 495 1097 1093
1013 2 2 6 1 498 1104 497
1014 2 2 6 1 1067 1092 848
1015 2 2 6 1 960 1096 1060
1016 2 2 6 1 1028 1102 833
1017 2 2 6 1 935 1088 1051
1018 2 2 6 1 979 1094 1073
1019 2 2 6 1 934 1089 1053
1020 2 2 6 1 843 1044 1043
1021 2 2 6 1 948 1103 1052
1022 2 2 6 1 1097 1099 1010
1023 2 2 6 1 847 939 841
1024 2 2 6 1 942 1050 851
1025 2 2 6 1 957 1100 1062
1026 2 2 6 1 1077 1103 948
1027 2 2 6 1 450 814 449
1028 2 2 6 1 460 813 459
1029 2 2 6 1 518 1092 1067
1030 2 2 6 1 806 1084 446
1031 2 2 6 1 462 1101 461
1032 2 2 6 1 448 963 447
1033 2 2 6 1 841 1069 258
1034 2 2 6 1 450 1065 814
1035 2 2 6 1 813 1066 459
1036 2 2 6 1 267 1043 807
1037 2 2 6 1 278 1045 804
1038 2 2 6 1 286 1048 837
1039 2 2 6 1 275 1047 824
1040 2 2 6 1 1050 1090 940
1041 2 2 6 1 836 1046 845
1042 2 2 6 1 839 1044 840
1043 2 2 6 1 447 806 446
1044 2 2 6 1 463 805 462
1045 2 2 6 1 809 841 256
1046 2 2 6 1 260 1069 808
1047 2 2 6 1 810 1048 284
1048 2 2 6 1 824 1045 276
1049 2 2 6 1 825 1043 265
1050 2 2 6 1 803 1047 273
1051 2 2 6 1 255 1064 809
1052 2 2 6 1 832 835 805
1053 2 2 6 1 851 852 835
1054 2 2 6 1 823 1064 25
1055 2 2 6 1 808 939 843
1056 2 2 6 1 846 849 838
1057 2 2 6 1 846 1048 850
1058 2 2 6 1 850 1048 845
1059 2 2 6 1 1078 1101 852
1060 2 2 6 1 849 850 835
1061 2 2 6 1 808 1069 939
1062 2 2 6 1 806 957 956
1063 2 2 6 1 444 823 25
1064 2 2 6 1 26 1098 465
1065 2 2 6 1 255 809 256
1066 2 2 6 1 260 808 261
1067 2 2 6 1 270 839 271
1068 2 2 6 1 281 836 282
1069 2 2 6 1 286 837 287
1070 2 2 6 1 272 803 273
1071 2 2 6 1 262 842 263
1072 2 2 6 1 267 807 268
1073 2 2 6 1 292 816 26
1074 2 2 6 1 278 804 279
1075 2 2 6 1 283 810 284
1076 2 2 6 1 288 811 289
1077 2 2 6 1 264 825 265
1078 2 2 6 1 275 824 276
1079 2 2 6 1 290 838 291
1080 2 2 6 1 840 1068 1047
1081 2 2 6 1 963 1100 957
1082 2 2 6 1 847 1084 956
1083 2 2 6 1 846 850 849
1084 2 2 6 1 940 1044 843
1085 2 2 6 1 850 942 851
1086 2 2 6 1 461 1078 460
1087 2 2 6 1 837 1048 846
1088 2 2 6 1 850 1046 942
1089 2 2 6 1 836 845 810
1090 2 2 6 1 837 846 811
1091 2 2 6 1 842 843 825
1092 2 2 6 1 839 840 803
1093 2 2 6 1 1047 1068 1045
1094 2 2 6 1 840 1047 803
1095 2 2 6 1 843 1043 825
1096 2 2 6 1 845 1048 810
1097 2 2 6 1 835 852 805
1098 2 2 6 1 847 956 939
1099 2 2 6 1 465 832 464
1100 2 2 6 1 850 851 835
1101 2 2 6 1 445 1083 444
1102 2 2 6 1 840 1090 1068
1103 2 2 6 1 823 1084 1064
1104 2 2 6 1 1045 1046 804
1105 2 2 6 1 1043 1044 807
1106 2 2 6 1 809 847 841
1107 2 2 6 1 1044 1090 840
1108 2 2 6 1 939 940 843
1109 2 2 6 1 805 1101 462
1110 2 2 6 1 956 1050 940
1111 2 2 6 1 957 1050 956
1112 2 2 6 1 806 963 957
1113 2 2 6 1 460 1078 813
1114 2 2 6 1 447 963 806
1115 2 2 6 1 939 956 940
1116 2 2 6 1 809 1064 847
1117 2 2 6 1 1045 1068 1046
1118 2 2 6 1 1083 1084 823
1119 2 2 6 1 1068 1090 942
1120 2 2 6 1 940 1090 1044
1121 2 2 6 1 816 1098 26
1122 2 2 6 1 461 1101 1078
1123 2 2 6 1 852 1101 805
1124 2 2 6 1 1046 1068 942
1125 2 2 6 1 1064 1084 847
1126 2 2 6 1 465 1098 832
1127 2 2 6 1 444 1083 823
1128 2 2 6 1 446 1084 1083
1129 2 2 6 1 449 963 448
1130 2 2 6 1 807 839 269
1131 2 2 6 1 804 836 280
1132 2 2 1 11 1247 1465 1124
1133 2 2 1 11 1148 1513 1246
1134 2 2 1 11 1124 1656 1247
1135 2 2 1 11 1246 1513 1370
1136 2 2 1 11 1247 1333 1231
1137 2 2 1 11 1260 1539 1530
1138 2 2 1 11 1258 1538 1531
1139 2 2 1 11 1471 1605 1472
1140 2 2 1 11 1456 1604 1457
1141 2 2 1 11 1590 1604 1456
1142 2 2 1 11 1151 1645 1637
1143 2 2 1 11 1151 1637 1493
1144 2 2 1 11 1291 1611 1292
1145 2 2 1 11 1580 1611 1291
1146 2 2 1 11 1578 1603 1276
1147 2 2 1 11 1472 1605 1586
1148 2 2 1 11 1315 1609 1577
1149 2 2 1 11 1579 1599 1281
1150 2 2 1 11 1276 1603 1277
1151 2 2 1 11 1416 1616 1417
1152 2 2 1 11 1439 1628 1438
1153 2 2 1 11 1281 1599 1282
1154 2 2 1 11 1627 1628 1439
1155 2 2 1 11 1435 1547 1436
1156 2 2 1 11 1315 1577 1316
1157 2 2 1 11 1616 1641 1417
1158 2 2 1 11 1432 1545 1431
1159 2 2 1 11 1545 1618 1431
1160 2 2 1 11 1435 1622 1547
1161 2 2 1 11 1357 1546 1358
1162 2 2 1 11 1249 1575 1253
1163 2 2 1 11 1575 1613 1253
1164 2 2 1 11 1357 1621 1546
1165 2 2 1 11 1272 1563 1271
1166 2 2 1 11 1639 1644 1115
1167 2 2 1 11 1563 1642 1271
1168 2 2 1 11 1248 1561 1254
1169 2 2 1 11 1115 1644 1440
1170 2 2 1 11 1248 1631 1561
1171 2 2 1 11 1246 1533 1148
1172 2 2 1 11 1247 1534 1465
1173 2 2 1 11 1333 1650 1231
1174 2 2 1 11 1530 1539 1108
1175 2 2 1 11 1531 1538 1107
1176 2 2 1 11 1105 1654 1252
1177 2 2 1 11 1256 1655 1106
1178 2 2 1 11 1260 1530 1235
1179 2 2 1 11 1258 1531 1234
1180 2 2 1 11 1260 1653 1539
1181 2 2 1 11 1375 1654 1105
1182 2 2 1 11 1106 1655 1300
1183 2 2 1 11 1108 1539 1251
1184 2 2 1 11 1107 1538 1254
1185 2 2 1 11 1106 1534 1256
1186 2 2 1 11 1252 1535 1105
1187 2 2 1 11 1299 1535 1239
1188 2 2 1 11 1170 1653 1237
1189 2 2 1 11 1350 1635 1161
1190 2 2 1 11 1192 1583 1389
1191 2 2 1 11 1389 1560 1192
1192 2 2 1 11 1426 1574 1201
1193 2 2 1 11 1201 1584 1426
1194 2 2 1 11 1161 1614 1350
1195 2 2 1 11 1357 1573 1206
1196 2 2 1 11 1193 1571 1253
1197 2 2 1 11 1225 1559 1412
1198 2 2 1 11 1319 1555 1383
1199 2 2 1 11 1175 1594 1364
1200 2 2 1 11 1250 1544 1245
1201 2 2 1 11 1161 1635 1271
1202 2 2 1 11 1245 1552 1250
1203 2 2 1 11 1330 1569 1159
1204 2 2 1 11 1274 1589 1450
1205 2 2 1 11 1364 1601 1175
1206 2 2 1 11 1251 1557 1226
1207 2 2 1 11 1523 1542 1459
1208 2 2 1 11 1172 1609 1315
1209 2 2 1 11 1206 1621 1357
1210 2 2 1 11 1484 1632 1216
1211 2 2 1 11 1217 1631 1248
1212 2 2 1 11 1314 1605 1471
1213 2 2 1 11 1459 1591 1523
1214 2 2 1 11 1253 1613 1193
1215 2 2 1 11 1289 1591 1459
1216 2 2 1 11 1160 1634 1431
1217 2 2 1 11 1308 1582 1381
1218 2 2 1 11 1182 1578 1276
1219 2 2 1 11 1374 1596 1186
1220 2 2 1 11 1271 1642 1161
1221 2 2 1 11 1190 1608 1310
1222 2 2 1 11 1243 1597 1326
1223 2 2 1 11 1179 1633 1346
1224 2 2 1 11 1423 1584 1201
1225 2 2 1 11 1435 1634 1160
1226 2 2 1 11 1212 1610 1321
1227 2 2 1 11 1146 1606 1287
1228 2 2 1 11 1184 1579 1281
1229 2 2 1 11 1115 1625 1402
1230 2 2 1 11 1267 1551 1199
1231 2 2 1 11 1395 1638 1166
1232 2 2 1 11 1159 1612 1330
1233 2 2 1 11 1216 1630 1484
1234 2 2 1 11 1248 1643 1217
1235 2 2 1 11 1263 1620 1159
1236 2 2 1 11 1160 1622 1435
1237 2 2 1 11 1287 1562 1146
1238 2 2 1 11 1402 1639 1115
1239 2 2 1 11 1486 1565 1386
1240 2 2 1 11 1475 1629 1490
1241 2 2 1 11 1159 1569 1263
1242 2 2 1 11 1201 1617 1423
1243 2 2 1 11 1226 1553 1251
1244 2 2 1 11 1240 1565 1486
1245 2 2 1 11 1179 1607 1340
1246 2 2 1 11 1223 1626 1298
1247 2 2 1 11 1346 1607 1179
1248 2 2 1 11 1263 1552 1245
1249 2 2 1 11 1514 1541 1303
1250 2 2 1 11 1298 1626 1186
1251 2 2 1 11 1397 1572 1488
1252 2 2 1 11 1431 1618 1160
1253 2 2 1 11 1519 1549 1363
1254 2 2 1 11 1166 1615 1395
1255 2 2 1 11 1353 1587 1173
1256 2 2 1 11 1436 1547 1199
1257 2 2 1 11 1310 1608 1210
1258 2 2 1 11 1186 1596 1298
1259 2 2 1 11 1457 1604 1444
1260 2 2 1 11 1398 1624 1166
1261 2 2 1 11 1152 1567 1395
1262 2 2 1 11 1504 1568 1510
1263 2 2 1 11 1171 1543 1358
1264 2 2 1 11 1367 1556 1463
1265 2 2 1 11 1245 1620 1263
1266 2 2 1 11 1285 1556 1367
1267 2 2 1 11 1471 1588 1314
1268 2 2 1 11 1199 1619 1267
1269 2 2 1 11 1482 1602 1492
1270 2 2 1 11 1316 1577 1177
1271 2 2 1 11 1199 1551 1436
1272 2 2 1 11 1381 1582 1467
1273 2 2 1 11 1267 1619 1208
1274 2 2 1 11 1171 1545 1432
1275 2 2 1 11 1186 1581 1374
1276 2 2 1 11 1250 1540 1198
1277 2 2 1 11 1227 1587 1353
1278 2 2 1 11 1388 1568 1504
1279 2 2 1 11 1417 1641 1220
1280 2 2 1 11 1302 1592 1378
1281 2 2 1 11 1378 1592 1306
1282 2 2 1 11 1166 1638 1398
1283 2 2 1 11 1156 1624 1398
1284 2 2 1 11 1109 1562 1287
1285 2 2 1 11 1304 1595 1188
1286 2 2 1 11 1374 1581 1191
1287 2 2 1 11 1215 1575 1249
1288 2 2 1 11 1124 1623 1334
1289 2 2 1 11 1198 1544 1250
1290 2 2 1 11 1330 1612 1206
1291 2 2 1 11 1279 1590 1456
1292 2 2 1 11 1391 1558 1306
1293 2 2 1 11 1364 1594 1207
1294 2 2 1 11 1277 1603 1121
1295 2 2 1 11 1334 1623 1136
1296 2 2 1 11 1358 1546 1171
1297 2 2 1 11 1282 1599 1183
1298 2 2 1 11 1217 1643 1408
1299 2 2 1 11 1423 1617 1202
1300 2 2 1 11 1292 1611 1135
1301 2 2 1 11 1321 1610 1211
1302 2 2 1 11 1414 1627 1439
1303 2 2 1 11 1206 1573 1330
1304 2 2 1 11 1251 1553 1108
1305 2 2 1 11 1408 1645 1151
1306 2 2 1 11 1189 1595 1304
1307 2 2 1 11 1306 1558 1378
1308 2 2 1 11 1194 1616 1416
1309 2 2 1 11 1492 1602 1479
1310 2 2 1 11 1484 1630 1493
1311 2 2 1 11 1383 1555 1323
1312 2 2 1 11 1402 1625 1133
1313 2 2 1 11 1395 1615 1152
1314 2 2 1 11 1185 1580 1291
1315 2 2 1 11 1463 1585 1367
1316 2 2 1 11 1467 1598 1381
1317 2 2 1 11 1151 1640 1408
1318 2 2 1 11 1214 1560 1389
1319 2 2 1 11 1510 1548 1504
1320 2 2 1 11 1175 1601 1412
1321 2 2 1 11 1469 1564 1400
1322 2 2 1 11 1346 1633 1224
1323 2 2 1 11 1490 1629 1499
1324 2 2 1 11 1174 1574 1426
1325 2 2 1 11 1183 1570 1282
1326 2 2 1 11 1432 1543 1171
1327 2 2 1 11 1488 1572 1438
1328 2 2 1 11 1472 1586 1320
1329 2 2 1 11 1350 1614 1162
1330 2 2 1 11 1306 1593 1391
1331 2 2 1 11 1254 1561 1107
1332 2 2 1 11 1323 1550 1383
1333 2 2 1 11 1412 1559 1175
1334 2 2 1 11 1450 1589 1441
1335 2 2 1 11 1493 1637 1484
1336 2 2 1 11 1408 1640 1217
1337 2 2 1 11 1153 1563 1272
1338 2 2 1 11 1438 1628 1488
1339 2 2 1 11 1539 1653 1244
1340 2 2 1 11 1239 1537 1299
1341 2 2 1 11 768 1409 769
1342 2 2 1 11 546 1511 545
1343 2 2 1 11 1255 1256 1236
1344 2 2 1 11 1167 1255 1236
1345 2 2 1 11 1174 1512 1511
1346 2 2 1 11 1196 1406 1405
1347 2 2 1 11 1297 1372 1371
1348 2 2 1 11 770 1405 771
1349 2 2 1 11 1506 1507 747
1350 2 2 1 11 1410 1518 1483
1351 2 2 1 11 1270 1348 1347
1352 2 2 1 11 544 1403 1200
1353 2 2 1 11 545 1511 1403
1354 2 2 1 11 699 1522 1116
1355 2 2 1 11 763 1517 1495
1356 2 2 1 11 768 1518 1409
1357 2 2 1 11 769 1409 1196
1358 2 2 1 11 771 1405 1155
1359 2 2 1 11 633 1352 632
1360 2 2 1 11 1111 1388 1387
1361 2 2 1 11 1230 1261 1114
1362 2 2 1 11 1266 1468 1122
1363 2 2 1 11 1415 1419 1163
1364 2 2 1 11 1196 1407 1406
1365 2 2 1 11 1349 1521 1213
1366 2 2 1 11 1270 1347 1268
1367 2 2 1 11 1359 1520 1505
1368 2 2 1 11 1385 1387 1386
1369 2 2 1 11 1392 1396 1393
1370 2 2 1 11 1417 1418 1415
1371 2 2 1 11 1420 1424 1421
1372 2 2 1 11 1480 1482 1481
1373 2 2 1 11 743 1347 1213
1374 2 2 1 11 1222 1255 1167
1375 2 2 1 11 1174 1511 546
1376 2 2 1 11 604 1465 603
1377 2 2 1 11 1343 1344 1342
1378 2 2 1 11 1230 1262 1261
1379 2 2 1 11 1268 1347 742
1380 2 2 1 11 1249 1253 1222
1381 2 2 1 11 1322 1352 1324
1382 2 2 1 11 1328 1329 1218
1383 2 2 1 11 741 1268 742
1384 2 2 1 11 706 1385 707
1385 2 2 1 11 1242 1244 1170
1386 2 2 1 11 1392 1393 1209
1387 2 2 1 11 1286 1444 1443
1388 2 2 1 11 1409 1518 1410
1389 2 2 1 11 1264 1265 1122
1390 2 2 1 11 1343 1346 1345
1391 2 2 1 11 1153 1259 642
1392 2 2 1 11 687 1427 688
1393 2 2 1 11 752 1437 753
1394 2 2 1 11 1342 1344 777
1395 2 2 1 11 1163 1419 653
1396 2 2 1 11 1327 1328 1218
1397 2 2 1 11 602 1300 601
1398 2 2 1 11 1218 1354 682
1399 2 2 1 11 1359 1527 1520
1400 2 2 1 11 746 1506 747
1401 2 2 1 11 747 1507 748
1402 2 2 1 11 1301 1302 1132
1403 2 2 1 11 1134 1473 1243
1404 2 2 1 11 1274 1276 1275
1405 2 2 1 11 1279 1281 1280
1406 2 2 1 11 1429 1430 1228
1407 2 2 1 11 1125 1442 574
1408 2 2 1 11 1132 1445 608
1409 2 2 1 11 1138 1446 618
1410 2 2 1 11 1141 1448 628
1411 2 2 1 11 1190 1380 725
1412 2 2 1 11 1182 1449 782
1413 2 2 1 11 1184 1455 787
1414 2 2 1 11 1506 1508 1507
1415 2 2 1 11 653 1419 652
1416 2 2 1 11 680 1327 681
1417 2 2 1 11 682 1354 683
1418 2 2 1 11 742 1347 743
1419 2 2 1 11 545 1403 544
1420 2 2 1 11 700 1420 701
1421 2 2 1 11 1297 1371 1295
1422 2 2 1 11 1337 1341 1340
1423 2 2 1 11 1123 1296 1295
1424 2 2 1 11 1276 1277 1275
1425 2 2 1 11 1281 1282 1280
1426 2 2 1 11 1308 1310 1309
1427 2 2 1 11 1455 1457 1451
1428 2 2 1 11 1385 1386 1113
1429 2 2 1 11 1262 1328 1327
1430 2 2 1 11 802 1223 51
1431 2 2 1 11 563 1234 562
1432 2 2 1 11 568 1178 567
1433 2 2 1 11 571 1179 570
1434 2 2 1 11 573 1224 572
1435 2 2 1 11 576 1273 575
1436 2 2 1 11 578 1384 577
1437 2 2 1 11 581 1278 580
1438 2 2 1 11 586 1284 585
1439 2 2 1 11 588 1462 587
1440 2 2 1 11 591 1288 590
1441 2 2 1 11 598 1453 597
1442 2 2 1 11 605 1124 604
1443 2 2 1 11 607 1136 606
1444 2 2 1 11 615 1175 614
1445 2 2 1 11 617 1207 616
1446 2 2 1 11 620 1307 619
1447 2 2 1 11 622 1466 621
1448 2 2 1 11 625 1311 624
1449 2 2 1 11 627 1147 626
1450 2 2 1 11 630 1318 629
1451 2 2 1 11 632 1322 631
1452 2 2 1 11 635 1325 634
1453 2 2 1 11 714 1189 715
1454 2 2 1 11 717 1137 718
1455 2 2 1 11 722 1210 723
1456 2 2 1 11 724 1190 725
1457 2 2 1 11 732 1211 733
1458 2 2 1 11 734 1212 735
1459 2 2 1 11 783 1183 784
1460 2 2 1 11 793 1135 794
1461 2 2 1 11 800 1186 801
1462 2 2 1 11 1205 1396 1392
1463 2 2 1 11 1273 1274 1125
1464 2 2 1 11 1278 1279 1127
1465 2 2 1 11 1288 1289 1129
1466 2 2 1 11 1372 1373 1131
1467 2 2 1 11 1137 1411 1379
1468 2 2 1 11 1308 1309 1138
1469 2 2 1 11 1311 1312 1140
1470 2 2 1 11 1318 1319 1141
1471 2 2 1 11 1167 1236 1231
1472 2 2 1 11 1284 1285 1180
1473 2 2 1 11 1203 1482 1480
1474 2 2 1 11 1294 1462 588
1475 2 2 1 11 1123 1295 596
1476 2 2 1 11 1106 1300 602
1477 2 2 1 11 1447 1466 622
1478 2 2 1 11 1120 1342 776
1479 2 2 1 11 1347 1348 1213
1480 2 2 1 11 1213 1521 744
1481 2 2 1 11 583 1461 582
1482 2 2 1 11 593 1464 592
1483 2 2 1 11 711 1331 712
1484 2 2 1 11 715 1377 716
1485 2 2 1 11 1196 1409 1407
1486 2 2 1 11 1348 1349 1213
1487 2 2 1 11 1109 1367 1366
1488 2 2 1 11 1123 1453 1299
1489 2 2 1 11 1391 1411 1137
1490 2 2 1 11 1326 1351 1143
1491 2 2 1 11 1427 1429 1228
1492 2 2 1 11 1296 1297 1295
1493 2 2 1 11 1315 1316 1313
1494 2 2 1 11 1508 1509 1507
1495 2 2 1 11 1110 1365 721
1496 2 2 1 11 1194 1437 752
1497 2 2 1 11 1109 1366 792
1498 2 2 1 11 1430 1434 1433
1499 2 2 1 11 1295 1371 595
1500 2 2 1 11 1143 1352 633
1501 2 2 1 11 1196 1405 770
1502 2 2 1 11 1421 1422 1117
1503 2 2 1 11 1169 1233 1232
1504 2 2 1 11 564 1257 563
1505 2 2 1 11 594 1131 593
1506 2 2 1 11 599 1105 598
1507 2 2 1 11 603 1106 602
1508 2 2 1 11 610 1301 609
1509 2 2 1 11 613 1225 612
1510 2 2 1 11 638 1108 637
1511 2 2 1 11 710 1176 711
1512 2 2 1 11 716 1390 717
1513 2 2 1 11 726 1177 727
1514 2 2 1 11 729 1172 730
1515 2 2 1 11 736 1173 737
1516 2 2 1 11 739 1473 740
1517 2 2 1 11 772 1119 773
1518 2 2 1 11 774 1336 775
1519 2 2 1 11 775 1120 776
1520 2 2 1 11 777 1344 778
1521 2 2 1 11 778 1121 779
1522 2 2 1 11 787 1455 788
1523 2 2 1 11 1359 1505 1356
1524 2 2 1 11 1421 1423 1422
1525 2 2 1 11 1430 1435 1434
1526 2 2 1 11 1361 1363 1110
1527 2 2 1 11 1337 1339 1120
1528 2 2 1 11 1274 1275 1125
1529 2 2 1 11 1279 1280 1127
1530 2 2 1 11 1289 1290 1129
1531 2 2 1 11 1302 1303 1132
1532 2 2 1 11 1312 1313 1140
1533 2 2 1 11 1319 1320 1141
1534 2 2 1 11 1322 1323 1142
1535 2 2 1 11 1178 1369 1368
1536 2 2 1 11 1285 1286 1180
1537 2 2 1 11 1311 1376 1314
1538 2 2 1 11 1471 1472 1470
1539 2 2 1 11 625 1376 1311
1540 2 2 1 11 1329 1355 1354
1541 2 2 1 11 1393 1394 1209
1542 2 2 1 11 1155 1405 1241
1543 2 2 1 11 1393 1395 1394
1544 2 2 1 11 1134 1170 53
1545 2 2 1 11 1368 1513 566
1546 2 2 1 11 1126 1273 576
1547 2 2 1 11 1128 1278 581
1548 2 2 1 11 1181 1284 586
1549 2 2 1 11 1130 1288 591
1550 2 2 1 11 1149 1301 610
1551 2 2 1 11 1139 1307 620
1552 2 2 1 11 1226 1325 635
1553 2 2 1 11 1137 1379 718
1554 2 2 1 11 584 1443 583
1555 2 2 1 11 589 1294 588
1556 2 2 1 11 623 1447 622
1557 2 2 1 11 730 1335 731
1558 2 2 1 11 1303 1445 1132
1559 2 2 1 11 1320 1448 1141
1560 2 2 1 11 1379 1411 1362
1561 2 2 1 11 1221 1230 1114
1562 2 2 1 11 1230 1263 1262
1563 2 2 1 11 1343 1345 1344
1564 2 2 1 11 1116 1522 1425
1565 2 2 1 11 1500 1524 1502
1566 2 2 1 11 1145 1427 687
1567 2 2 1 11 1291 1292 1290
1568 2 2 1 11 1351 1353 1324
1569 2 2 1 11 1361 1364 1363
1570 2 2 1 11 1505 1520 685
1571 2 2 1 11 1124 1465 604
1572 2 2 1 11 1355 1356 1144
1573 2 2 1 11 1407 1408 1406
1574 2 2 1 11 1418 1419 1415
1575 2 2 1 11 697 1440 698
1576 2 2 1 11 719 1360 720
1577 2 2 1 11 721 1365 722
1578 2 2 1 11 759 1195 760
1579 2 2 1 11 792 1366 793
1580 2 2 1 11 579 1452 578
1581 2 2 1 11 612 1305 611
1582 2 2 1 11 788 1451 789
1583 2 2 1 11 797 1458 798
1584 2 2 1 11 1134 1242 1170
1585 2 2 1 11 1293 1463 1462
1586 2 2 1 11 599 1375 1105
1587 2 2 1 11 631 1322 1142
1588 2 2 1 11 632 1352 1322
1589 2 2 1 11 712 1331 1188
1590 2 2 1 11 774 1454 1336
1591 2 2 1 11 1414 1415 1163
1592 2 2 1 11 1401 1402 1400
1593 2 2 1 11 1377 1390 716
1594 2 2 1 11 1335 1470 731
1595 2 2 1 11 1437 1438 1204
1596 2 2 1 11 1507 1509 1220
1597 2 2 1 11 1269 1270 1268
1598 2 2 1 11 1328 1330 1329
1599 2 2 1 11 1355 1357 1356
1600 2 2 1 11 1495 1517 1479
1601 2 2 1 11 1118 1264 691
1602 2 2 1 11 574 1442 573
1603 2 2 1 11 608 1445 607
1604 2 2 1 11 618 1446 617
1605 2 2 1 11 1114 1261 679
1606 2 2 1 11 1261 1327 680
1607 2 2 1 11 1197 1268 741
1608 2 2 1 11 782 1449 783
1609 2 2 1 11 1275 1442 1125
1610 2 2 1 11 1280 1452 1127
1611 2 2 1 11 1290 1294 1129
1612 2 2 1 11 1313 1447 1140
1613 2 2 1 11 1176 1333 1332
1614 2 2 1 11 1286 1443 1180
1615 2 2 1 11 1370 1513 1368
1616 2 2 1 11 1444 1461 1443
1617 2 2 1 11 679 1261 680
1618 2 2 1 11 681 1218 682
1619 2 2 1 11 743 1213 744
1620 2 2 1 11 699 1116 700
1621 2 2 1 11 708 1516 709
1622 2 2 1 11 761 1187 762
1623 2 2 1 11 766 1157 767
1624 2 2 1 11 1384 1452 1283
1625 2 2 1 11 1336 1454 1338
1626 2 2 1 11 1339 1343 1342
1627 2 2 1 11 1238 1250 1221
1628 2 2 1 11 1248 1254 1229
1629 2 2 1 11 1269 1271 1270
1630 2 2 1 11 1388 1389 1387
1631 2 2 1 11 690 1118 691
1632 2 2 1 11 1148 1257 564
1633 2 2 1 11 1480 1481 1157
1634 2 2 1 11 1416 1417 1415
1635 2 2 1 11 1428 1429 1427
1636 2 2 1 11 1112 1167 52
1637 2 2 1 11 1155 1169 54
1638 2 2 1 11 1144 1505 684
1639 2 2 1 11 1111 1385 706
1640 2 2 1 11 1195 1474 760
1641 2 2 1 11 1241 1248 1229
1642 2 2 1 11 51 1114 679
1643 2 2 1 11 53 1197 741
1644 2 2 1 11 525 1198 524
1645 2 2 1 11 529 1159 528
1646 2 2 1 11 540 1199 539
1647 2 2 1 11 544 1200 543
1648 2 2 1 11 549 1201 548
1649 2 2 1 11 551 1202 550
1650 2 2 1 11 556 1485 555
1651 2 2 1 11 641 1235 640
1652 2 2 1 11 642 1259 641
1653 2 2 1 11 646 1161 645
1654 2 2 1 11 652 1515 651
1655 2 2 1 11 657 1487 656
1656 2 2 1 11 663 1489 662
1657 2 2 1 11 668 1491 667
1658 2 2 1 11 671 1493 670
1659 2 2 1 11 701 1117 702
1660 2 2 1 11 702 1494 703
1661 2 2 1 11 764 1203 765
1662 2 2 1 11 1164 1490 1489
1663 2 2 1 11 1498 1499 1195
1664 2 2 1 11 1164 1489 663
1665 2 2 1 11 684 1505 685
1666 2 2 1 11 685 1520 686
1667 2 2 1 11 542 1208 541
1668 2 2 1 11 694 1133 695
1669 2 2 1 11 756 1392 757
1670 2 2 1 11 1446 1519 1207
1671 2 2 1 11 1212 1383 1382
1672 2 2 1 11 1425 1426 1424
1673 2 2 1 11 527 1245 526
1674 2 2 1 11 537 1160 536
1675 2 2 1 11 587 1462 1181
1676 2 2 1 11 649 1500 648
1677 2 2 1 11 654 1163 653
1678 2 2 1 11 655 1413 654
1679 2 2 1 11 717 1390 1137
1680 2 2 1 11 732 1470 1211
1681 2 2 1 11 757 1209 758
1682 2 2 1 11 688 1228 689
1683 2 2 1 11 1111 1525 1388
1684 2 2 1 11 1168 1221 1114
1685 2 2 1 11 1491 1492 1150
1686 2 2 1 11 1155 1229 1169
1687 2 2 1 11 1481 1483 1157
1688 2 2 1 11 1500 1501 1162
1689 2 2 1 11 1413 1414 1163
1690 2 2 1 11 1200 1400 1399
1691 2 2 1 11 1215 1486 1485
1692 2 2 1 11 1475 1477 1476
1693 2 2 1 11 1481 1484 1483
1694 2 2 1 11 543 1399 542
1695 2 2 1 11 1200 1399 543
1696 2 2 1 11 547 1174 546
1697 2 2 1 11 552 1503 551
1698 2 2 1 11 553 1214 552
1699 2 2 1 11 1214 1503 552
1700 2 2 1 11 557 1215 556
1701 2 2 1 11 1215 1485 556
1702 2 2 1 11 1419 1515 652
1703 2 2 1 11 1154 1413 655
1704 2 2 1 11 1156 1487 657
1705 2 2 1 11 660 1166 659
1706 2 2 1 11 664 1164 663
1707 2 2 1 11 669 1216 668
1708 2 2 1 11 1216 1491 668
1709 2 2 1 11 674 1217 673
1710 2 2 1 11 1117 1494 702
1711 2 2 1 11 744 1521 745
1712 2 2 1 11 534 1171 533
1713 2 2 1 11 651 1165 650
1714 2 2 1 11 656 1154 655
1715 2 2 1 11 658 1156 657
1716 2 2 1 11 1228 1433 689
1717 2 2 1 11 691 1264 692
1718 2 2 1 11 692 1122 693
1719 2 2 1 11 693 1468 694
1720 2 2 1 11 696 1115 697
1721 2 2 1 11 1116 1420 700
1722 2 2 1 11 1219 1506 746
1723 2 2 1 11 753 1204 754
1724 2 2 1 11 754 1497 755
1725 2 2 1 11 755 1205 756
1726 2 2 1 11 758 1498 759
1727 2 2 1 11 1420 1421 1117
1728 2 2 1 11 1209 1498 758
1729 2 2 1 11 709 1112 52
1730 2 2 1 11 771 1155 54
1731 2 2 1 11 555 1192 554
1732 2 2 1 11 560 1193 559
1733 2 2 1 11 628 1448 627
1734 2 2 1 11 662 1152 661
1735 2 2 1 11 667 1150 666
1736 2 2 1 11 672 1151 671
1737 2 2 1 11 677 1107 676
1738 2 2 1 11 683 1144 684
1739 2 2 1 11 689 1433 690
1740 2 2 1 11 698 1522 699
1741 2 2 1 11 703 1158 704
1742 2 2 1 11 705 1111 706
1743 2 2 1 11 707 1113 708
1744 2 2 1 11 735 1382 736
1745 2 2 1 11 745 1219 746
1746 2 2 1 11 751 1194 752
1747 2 2 1 11 760 1474 761
1748 2 2 1 11 762 1517 763
1749 2 2 1 11 765 1480 766
1750 2 2 1 11 767 1518 768
1751 2 2 1 11 769 1196 770
1752 2 2 1 11 1339 1342 1120
1753 2 2 1 11 1123 1299 1296
1754 2 2 1 11 1134 1243 1242
1755 2 2 1 11 1309 1446 1138
1756 2 2 1 11 1156 1488 1487
1757 2 2 1 11 1474 1475 1187
1758 2 2 1 11 1282 1283 1280
1759 2 2 1 11 1293 1462 1294
1760 2 2 1 11 1311 1314 1312
1761 2 2 1 11 1317 1466 1447
1762 2 2 1 11 1322 1324 1323
1763 2 2 1 11 1336 1338 1337
1764 2 2 1 11 1360 1362 1361
1765 2 2 1 11 686 1145 687
1766 2 2 1 11 748 1220 749
1767 2 2 1 11 1204 1497 754
1768 2 2 1 11 1111 1387 1385
1769 2 2 1 11 1116 1424 1420
1770 2 2 1 11 1475 1476 1187
1771 2 2 1 11 1214 1504 1503
1772 2 2 1 11 1403 1511 1404
1773 2 2 1 11 1151 1493 671
1774 2 2 1 11 1115 1440 697
1775 2 2 1 11 1113 1516 708
1776 2 2 1 11 531 1206 530
1777 2 2 1 11 643 1153 642
1778 2 2 1 11 648 1162 647
1779 2 2 1 11 1265 1266 1122
1780 2 2 1 11 1205 1497 1397
1781 2 2 1 11 1122 1468 693
1782 2 2 1 11 1265 1267 1266
1783 2 2 1 11 1205 1392 756
1784 2 2 1 11 1468 1469 1133
1785 2 2 1 11 1309 1519 1446
1786 2 2 1 11 1332 1514 1331
1787 2 2 1 11 1112 1222 1167
1788 2 2 1 11 1240 1249 1222
1789 2 2 1 11 1259 1260 1235
1790 2 2 1 11 1411 1412 1362
1791 2 2 1 11 1394 1499 1498
1792 2 2 1 11 1477 1478 1476
1793 2 2 1 11 51 1168 1114
1794 2 2 1 11 1167 1231 52
1795 2 2 1 11 1169 1232 54
1796 2 2 1 11 555 1485 1192
1797 2 2 1 11 563 1257 1234
1798 2 2 1 11 575 1273 1125
1799 2 2 1 11 577 1384 1126
1800 2 2 1 11 578 1452 1384
1801 2 2 1 11 580 1278 1127
1802 2 2 1 11 582 1461 1128
1803 2 2 1 11 585 1284 1180
1804 2 2 1 11 590 1288 1129
1805 2 2 1 11 592 1464 1130
1806 2 2 1 11 594 1371 1131
1807 2 2 1 11 597 1453 1123
1808 2 2 1 11 609 1301 1132
1809 2 2 1 11 619 1307 1138
1810 2 2 1 11 621 1466 1139
1811 2 2 1 11 624 1311 1140
1812 2 2 1 11 629 1318 1141
1813 2 2 1 11 634 1325 1143
1814 2 2 1 11 662 1489 1152
1815 2 2 1 11 667 1491 1150
1816 2 2 1 11 690 1433 1118
1817 2 2 1 11 701 1420 1117
1818 2 2 1 11 703 1494 1158
1819 2 2 1 11 705 1525 1111
1820 2 2 1 11 707 1385 1113
1821 2 2 1 11 709 1516 1112
1822 2 2 1 11 740 1473 1134
1823 2 2 1 11 761 1474 1187
1824 2 2 1 11 766 1480 1157
1825 2 2 1 11 789 1451 1146
1826 2 2 1 11 1203 1480 765
1827 2 2 1 11 641 1259 1235
1828 2 2 1 11 648 1500 1162
1829 2 2 1 11 651 1515 1165
1830 2 2 1 11 656 1487 1154
1831 2 2 1 11 688 1427 1228
1832 2 2 1 11 692 1264 1122
1833 2 2 1 11 694 1468 1133
1834 2 2 1 11 753 1437 1204
1835 2 2 1 11 755 1497 1205
1836 2 2 1 11 759 1498 1195
1837 2 2 1 11 1363 1365 1110
1838 2 2 1 11 1112 1240 1222
1839 2 2 1 11 1116 1425 1424
1840 2 2 1 11 1422 1494 1117
1841 2 2 1 11 1373 1464 1131
1842 2 2 1 11 1351 1352 1143
1843 2 2 1 11 1356 1505 1144
1844 2 2 1 11 1155 1241 1229
1845 2 2 1 11 1483 1518 1157
1846 2 2 1 11 1168 1238 1221
1847 2 2 1 11 1476 1517 1187
1848 2 2 1 11 1200 1401 1400
1849 2 2 1 11 1205 1397 1396
1850 2 2 1 11 1394 1498 1209
1851 2 2 1 11 1329 1354 1218
1852 2 2 1 11 1253 1255 1222
1853 2 2 1 11 1430 1433 1228
1854 2 2 1 11 1254 1526 1229
1855 2 2 1 11 1236 1247 1231
1856 2 2 1 11 1233 1246 1232
1857 2 2 1 11 1239 1252 1238
1858 2 2 1 11 1405 1406 1241
1859 2 2 1 11 1262 1327 1261
1860 2 2 1 11 1264 1496 1265
1861 2 2 1 11 1269 1272 1271
1862 2 2 1 11 1277 1460 1275
1863 2 2 1 11 1292 1293 1290
1864 2 2 1 11 1316 1317 1313
1865 2 2 1 11 1403 1404 1401
1866 2 2 1 11 1409 1410 1407
1867 2 2 1 11 1418 1515 1419
1868 2 2 1 11 1428 1432 1431
1869 2 2 1 11 1437 1439 1438
1870 2 2 1 11 1478 1479 1476
1871 2 2 1 11 1500 1502 1501
1872 2 2 1 11 542 1399 1208
1873 2 2 1 11 551 1503 1202
1874 2 2 1 11 649 1524 1500
1875 2 2 1 11 654 1413 1163
1876 2 2 1 11 681 1327 1218
1877 2 2 1 11 683 1354 1144
1878 2 2 1 11 745 1521 1219
1879 2 2 1 11 757 1392 1209
1880 2 2 1 11 764 1495 1203
1881 2 2 1 11 1433 1434 1118
1882 2 2 1 11 1275 1460 1442
1883 2 2 1 11 1373 1523 1464
1884 2 2 1 11 686 1520 1145
1885 2 2 1 11 720 1360 1110
1886 2 2 1 11 748 1507 1220
1887 2 2 1 11 1283 1441 1384
1888 2 2 1 11 1158 1525 704
1889 2 2 1 11 720 1110 721
1890 2 2 1 11 791 1109 792
1891 2 2 1 11 776 1342 777
1892 2 2 1 11 566 1513 565
1893 2 2 1 11 1194 1439 1437
1894 2 2 1 11 1324 1352 1351
1895 2 2 1 11 573 1442 1224
1896 2 2 1 11 603 1465 1106
1897 2 2 1 11 607 1445 1136
1898 2 2 1 11 611 1305 1149
1899 2 2 1 11 617 1446 1207
1900 2 2 1 11 627 1448 1147
1901 2 2 1 11 719 1379 1360
1902 2 2 1 11 722 1365 1210
1903 2 2 1 11 726 1380 1177
1904 2 2 1 11 775 1336 1120
1905 2 2 1 11 778 1344 1121
1906 2 2 1 11 783 1449 1183
1907 2 2 1 11 788 1455 1451
1908 2 2 1 11 793 1366 1135
1909 2 2 1 11 798 1458 1191
1910 2 2 1 11 1200 1403 1401
1911 2 2 1 11 1305 1306 1149
1912 2 2 1 11 1266 1469 1468
1913 2 2 1 11 1302 1304 1303
1914 2 2 1 11 1338 1341 1337
1915 2 2 1 11 1369 1370 1368
1916 2 2 1 11 1331 1514 1188
1917 2 2 1 11 1397 1398 1396
1918 2 2 1 11 1145 1428 1427
1919 2 2 1 11 1357 1358 1356
1920 2 2 1 11 1479 1517 1476
1921 2 2 1 11 1336 1337 1120
1922 2 2 1 11 1344 1345 1121
1923 2 2 1 11 1442 1460 1224
1924 2 2 1 11 1285 1287 1286
1925 2 2 1 11 1289 1291 1290
1926 2 2 1 11 1296 1298 1297
1927 2 2 1 11 1312 1315 1313
1928 2 2 1 11 1319 1321 1320
1929 2 2 1 11 1335 1471 1470
1930 2 2 1 11 1414 1416 1415
1931 2 2 1 11 1456 1457 1455
1932 2 2 1 11 736 1382 1173
1933 2 2 1 11 1172 1335 730
1934 2 2 1 11 1212 1382 735
1935 2 2 1 11 1119 1454 773
1936 2 2 1 11 1187 1517 762
1937 2 2 1 11 596 1295 595
1938 2 2 1 11 1337 1340 1339
1939 2 2 1 11 704 1525 705
1940 2 2 1 11 1118 1496 1264
1941 2 2 1 11 1197 1269 1268
1942 2 2 1 11 1422 1510 1494
1943 2 2 1 11 1428 1431 1429
1944 2 2 1 11 1178 1368 567
1945 2 2 1 11 1225 1305 612
1946 2 2 1 11 1227 1473 739
1947 2 2 1 11 1185 1458 797
1948 2 2 1 11 740 1134 53
1949 2 2 1 11 565 1148 564
1950 2 2 1 11 575 1125 574
1951 2 2 1 11 577 1126 576
1952 2 2 1 11 580 1127 579
1953 2 2 1 11 582 1128 581
1954 2 2 1 11 585 1180 584
1955 2 2 1 11 587 1181 586
1956 2 2 1 11 590 1129 589
1957 2 2 1 11 592 1130 591
1958 2 2 1 11 595 1371 594
1959 2 2 1 11 597 1123 596
1960 2 2 1 11 600 1375 599
1961 2 2 1 11 609 1132 608
1962 2 2 1 11 611 1149 610
1963 2 2 1 11 619 1138 618
1964 2 2 1 11 621 1139 620
1965 2 2 1 11 624 1140 623
1966 2 2 1 11 626 1376 625
1967 2 2 1 11 629 1141 628
1968 2 2 1 11 631 1142 630
1969 2 2 1 11 634 1143 633
1970 2 2 1 11 636 1226 635
1971 2 2 1 11 712 1188 713
1972 2 2 1 11 731 1470 732
1973 2 2 1 11 738 1227 739
1974 2 2 1 11 781 1182 782
1975 2 2 1 11 786 1184 787
1976 2 2 1 11 789 1146 790
1977 2 2 1 11 796 1185 797
1978 2 2 1 11 798 1191 799
1979 2 2 1 11 1168 1239 1238
1980 2 2 1 11 1435 1436 1434
1981 2 2 1 11 763 1495 764
1982 2 2 1 11 1360 1361 1110
1983 2 2 1 11 1384 1441 1126
1984 2 2 1 11 1371 1372 1131
1985 2 2 1 11 1390 1391 1137
1986 2 2 1 11 1307 1308 1138
1987 2 2 1 11 1466 1467 1139
1988 2 2 1 11 1325 1326 1143
1989 2 2 1 11 1462 1463 1181
1990 2 2 1 11 1470 1472 1211
1991 2 2 1 11 1257 1258 1234
1992 2 2 1 11 1317 1467 1466
1993 2 2 1 11 1360 1379 1362
1994 2 2 1 11 650 1524 649
1995 2 2 1 11 1127 1452 579
1996 2 2 1 11 1443 1461 583
1997 2 2 1 11 1180 1443 584
1998 2 2 1 11 1129 1294 589
1999 2 2 1 11 1131 1464 593
2000 2 2 1 11 1105 1453 598
2001 2 2 1 11 1140 1447 623
2002 2 2 1 11 1147 1376 626
2003 2 2 1 11 1142 1318 630
2004 2 2 1 11 1176 1331 711
2005 2 2 1 11 1189 1377 715
2006 2 2 1 11 1157 1518 767
2007 2 2 1 11 1112 1516 1240
2008 2 2 1 11 1354 1355 1144
2009 2 2 1 11 1176 1332 1331
2010 2 2 1 11 1189 1378 1377
2011 2 2 1 11 1293 1294 1290
2012 2 2 1 11 1317 1447 1313
2013 2 2 1 11 1372 1374 1373
2014 2 2 1 11 567 1368 566
2015 2 2 1 11 718 1379 719
2016 2 2 1 11 725 1380 726
2017 2 2 1 11 1184 1456 1455
2018 2 2 1 11 1190 1381 1380
2019 2 2 1 11 1494 1510 1158
2020 2 2 1 11 1348 1350 1349
2021 2 2 1 11 773 1454 774
2022 2 2 1 11 1520 1527 1145
2023 2 2 1 11 1182 1450 1449
2024 2 2 1 11 1185 1459 1458
2025 2 2 1 11 1165 1524 650
2026 2 2 1 11 1434 1496 1118
2027 2 2 1 11 1440 1522 698
2028 2 2 1 11 1169 1526 1233
2029 2 2 1 11 1242 1251 1244
2030 2 2 1 11 565 1513 1148
2031 2 2 1 11 1229 1526 1169
2032 2 2 1 11 1283 1452 1280
2033 2 2 1 11 1333 1334 1332
2034 2 2 1 11 1464 1523 1130
2035 2 2 1 11 1145 1527 1428
2036 2 2 1 11 1358 1359 1356
2037 2 2 1 11 1511 1512 1404
2038 2 2 1 11 1436 1496 1434
2039 2 2 1 11 1428 1527 1432
2040 2 2 1 11 1233 1533 1246
2041 2 2 1 11 1529 1655 1193
2042 2 2 1 11 1198 1654 1532
2043 2 2 1 11 1412 1694 1225
2044 2 2 1 11 1310 1663 1190
2045 2 2 1 11 1315 1673 1172
2046 2 2 1 11 1303 1703 1514
2047 2 2 1 11 1353 1685 1227
2048 2 2 1 11 1488 1678 1397
2049 2 2 1 11 1220 1707 1417
2050 2 2 1 11 1321 1682 1212
2051 2 2 1 11 1459 1680 1289
2052 2 2 1 11 1281 1679 1184
2053 2 2 1 11 1444 1676 1457
2054 2 2 1 11 1450 1677 1274
2055 2 2 1 11 1367 1664 1285
2056 2 2 1 11 1378 1681 1302
2057 2 2 1 11 1492 1706 1482
2058 2 2 1 11 1326 1686 1243
2059 2 2 1 11 1386 1699 1486
2060 2 2 1 11 1208 1697 1267
2061 2 2 1 11 1486 1659 1240
2062 2 2 1 11 1136 1690 1334
2063 2 2 1 11 1173 1702 1353
2064 2 2 1 11 1177 1683 1316
2065 2 2 1 11 1439 1684 1414
2066 2 2 1 11 1340 1701 1179
2067 2 2 1 11 1191 1691 1374
2068 2 2 1 11 1211 1698 1321
2069 2 2 1 11 1207 1670 1364
2070 2 2 1 11 1210 1695 1310
2071 2 2 1 11 1135 1687 1292
2072 2 2 1 11 1400 1661 1469
2073 2 2 1 11 1202 1660 1423
2074 2 2 1 11 1499 1700 1490
2075 2 2 1 11 1389 1668 1214
2076 2 2 1 11 1441 1688 1450
2077 2 2 1 11 1162 1666 1350
2078 2 2 1 11 1237 1658 1197
2079 2 2 1 11 1153 1528 1259
2080 2 2 1 11 1193 1655 1571
2081 2 2 1 11 1540 1654 1198
2082 2 2 1 11 1237 1709 1170
2083 2 2 1 11 1197 1709 1237
2084 2 2 1 11 1291 1680 1185
2085 2 2 1 11 1287 1664 1109
2086 2 2 1 11 1363 1670 1519
2087 2 2 1 11 1490 1667 1475
2088 2 2 1 11 1383 1682 1319
2089 2 2 1 11 1504 1668 1388
2090 2 2 1 11 1276 1677 1182
2091 2 2 1 11 1381 1663 1308
2092 2 2 1 11 1121 1669 1277
2093 2 2 1 11 1479 1674 1492
2094 2 2 1 11 1456 1679 1279
2095 2 2 1 11 1249 1659 1215
2096 2 2 1 11 1416 1684 1194
2097 2 2 1 11 1133 1661 1402
2098 2 2 1 11 1398 1678 1156
2099 2 2 1 11 1304 1681 1189
2100 2 2 1 11 1188 1703 1304
2101 2 2 1 11 1320 1698 1472
2102 2 2 1 11 1224 1672 1346
2103 2 2 1 11 1426 1662 1174
2104 2 2 1 11 1259 1528 1260
2105 2 2 1 11 561 1529 560
2106 2 2 1 11 678 1531 677
2107 2 2 1 11 524 1532 523
2108 2 2 1 11 639 1530 638
2109 2 2 1 11 1272 1651 1153
2110 2 2 1 11 1334 1656 1124
2111 2 2 1 11 1298 1657 1223
2112 2 2 1 11 1528 1653 1260
2113 2 2 1 11 1251 1539 1244
2114 2 2 1 11 1254 1538 1526
2115 2 2 1 11 1257 1533 1258
2116 2 2 1 11 1244 1653 1170
2117 2 2 1 11 638 1530 1108
2118 2 2 1 11 560 1529 1193
2119 2 2 1 11 677 1531 1107
2120 2 2 1 11 1198 1532 524
2121 2 2 1 11 1236 1534 1247
2122 2 2 1 11 1253 1571 1255
2123 2 2 1 11 1271 1635 1270
2124 2 2 1 11 1328 1569 1330
2125 2 2 1 11 1230 1552 1263
2126 2 2 1 11 1393 1638 1395
2127 2 2 1 11 1481 1632 1484
2128 2 2 1 11 1463 1556 1181
2129 2 2 1 11 1421 1584 1423
2130 2 2 1 11 525 1544 1198
2131 2 2 1 11 1348 1635 1350
2132 2 2 1 11 1355 1573 1357
2133 2 2 1 11 1191 1581 799
2134 2 2 1 11 1361 1601 1364
2135 2 2 1 11 1408 1643 1406
2136 2 2 1 11 1431 1634 1429
2137 2 2 1 11 1441 1589 1126
2138 2 2 1 11 1389 1583 1387
2139 2 2 1 11 1343 1607 1346
2140 2 2 1 11 1108 1553 637
2141 2 2 1 11 1146 1562 790
2142 2 2 1 11 1398 1638 1396
2143 2 2 1 11 1467 1582 1139
2144 2 2 1 11 1303 1541 1445
2145 2 2 1 11 1107 1561 676
2146 2 2 1 11 1306 1592 1149
2147 2 2 1 11 1358 1543 1359
2148 2 2 1 11 1242 1557 1251
2149 2 2 1 11 1282 1570 1283
2150 2 2 1 11 1426 1584 1424
2151 2 2 1 11 1473 1597 1243
2152 2 2 1 11 1193 1613 559
2153 2 2 1 11 1250 1552 1221
2154 2 2 1 11 1444 1604 1461
2155 2 2 1 11 1298 1596 1297
2156 2 2 1 11 1372 1596 1374
2157 2 2 1 11 1459 1542 1458
2158 2 2 1 11 571 1633 1179
2159 2 2 1 11 605 1623 1124
2160 2 2 1 11 615 1594 1175
2161 2 2 1 11 724 1608 1190
2162 2 2 1 11 734 1610 1212
2163 2 2 1 11 786 1579 1184
2164 2 2 1 11 796 1580 1185
2165 2 2 1 11 1479 1602 1495
2166 2 2 1 11 1202 1617 550
2167 2 2 1 11 1192 1560 554
2168 2 2 1 11 1171 1546 533
2169 2 2 1 11 1301 1592 1302
2170 2 2 1 11 1381 1598 1380
2171 2 2 1 11 1201 1574 548
2172 2 2 1 11 1493 1630 670
2173 2 2 1 11 1160 1618 536
2174 2 2 1 11 1199 1547 539
2175 2 2 1 11 1208 1619 541
2176 2 2 1 11 1133 1625 695
2177 2 2 1 11 1378 1558 1377
2178 2 2 1 11 1220 1641 749
2179 2 2 1 11 1159 1620 528
2180 2 2 1 11 1206 1612 530
2181 2 2 1 11 1161 1642 645
2182 2 2 1 11 1162 1614 647
2183 2 2 1 11 1188 1595 713
2184 2 2 1 11 1152 1615 661
2185 2 2 1 11 1263 1569 1262
2186 2 2 1 11 1217 1640 673
2187 2 2 1 11 1376 1605 1314
2188 2 2 1 11 1323 1555 1142
2189 2 2 1 11 1166 1624 659
2190 2 2 1 11 1386 1565 1113
2191 2 2 1 11 1224 1633 572
2192 2 2 1 11 1136 1623 606
2193 2 2 1 11 1207 1594 616
2194 2 2 1 11 1210 1608 723
2195 2 2 1 11 1177 1577 727
2196 2 2 1 11 1211 1610 733
2197 2 2 1 11 1173 1587 737
2198 2 2 1 11 1121 1603 779
2199 2 2 1 11 1183 1599 784
2200 2 2 1 11 1135 1611 794
2201 2 2 1 11 1186 1626 801
2202 2 2 1 11 1320 1586 1448
2203 2 2 1 11 1523 1591 1130
2204 2 2 1 11 1499 1629 1195
2205 2 2 1 11 1401 1639 1402
2206 2 2 1 11 1407 1645 1408
2207 2 2 1 11 613 1559 1225
2208 2 2 1 11 729 1609 1172
2209 2 2 1 11 781 1578 1182
2210 2 2 1 11 1273 1589 1274
2211 2 2 1 11 1288 1591 1289
2212 2 2 1 11 1307 1582 1308
2213 2 2 1 11 1318 1555 1319
2214 2 2 1 11 1390 1558 1391
2215 2 2 1 11 1287 1606 1286
2216 2 2 1 11 791 1562 1109
2217 2 2 1 11 1175 1559 614
2218 2 2 1 11 1412 1601 1362
2219 2 2 1 11 1430 1634 1435
2220 2 2 1 11 549 1617 1201
2221 2 2 1 11 672 1640 1151
2222 2 2 1 11 738 1587 1227
2223 2 2 1 11 751 1616 1194
2224 2 2 1 11 800 1581 1186
2225 2 2 1 11 643 1563 1153
2226 2 2 1 11 529 1612 1159
2227 2 2 1 11 531 1621 1206
2228 2 2 1 11 534 1545 1171
2229 2 2 1 11 540 1619 1199
2230 2 2 1 11 658 1624 1156
2231 2 2 1 11 1510 1568 1158
2232 2 2 1 11 1413 1627 1414
2233 2 2 1 11 646 1614 1161
2234 2 2 1 11 696 1625 1115
2235 2 2 1 11 527 1620 1245
2236 2 2 1 11 1497 1572 1397
2237 2 2 1 11 714 1595 1189
2238 2 2 1 11 802 1626 1223
2239 2 2 1 11 1203 1602 1482
2240 2 2 1 11 537 1622 1160
2241 2 2 1 11 553 1560 1214
2242 2 2 1 11 660 1615 1166
2243 2 2 1 11 669 1630 1216
2244 2 2 1 11 1278 1590 1279
2245 2 2 1 11 1284 1556 1285
2246 2 2 1 11 1474 1629 1475
2247 2 2 1 11 547 1574 1174
2248 2 2 1 11 557 1575 1215
2249 2 2 1 11 674 1631 1217
2250 2 2 1 11 1516 1565 1240
2251 2 2 1 11 1438 1572 1204
2252 2 2 1 11 1335 1588 1471
2253 2 2 1 11 1265 1551 1267
2254 2 2 1 11 1238 1540 1250
2255 2 2 1 11 636 1553 1226
2256 2 2 1 11 1367 1585 1366
2257 2 2 1 11 1383 1550 1382
2258 2 2 1 11 1305 1593 1306
2259 2 2 1 11 1340 1607 1339
2260 2 2 1 11 1488 1628 1487
2261 2 2 1 11 1436 1551 1496
2262 2 2 1 11 1245 1544 526
2263 2 2 1 11 1330 1573 1329
2264 2 2 1 11 1395 1567 1394
2265 2 2 1 11 1400 1564 1399
2266 2 2 1 11 1484 1637 1483
2267 2 2 1 11 1504 1548 1503
2268 2 2 1 11 1241 1643 1248
2269 2 2 1 11 1525 1568 1388
2270 2 2 1 11 1363 1549 1365
2271 2 2 1 11 1527 1543 1432
2272 2 2 1 11 50 1646 639
2273 2 2 1 11 52 1650 710
2274 2 2 1 11 601 1649 48
2275 2 2 1 11 1176 1650 1333
2276 2 2 1 11 1231 1650 52
2277 2 2 1 11 640 1646 50
2278 2 2 1 11 49 1647 678
2279 2 2 1 11 562 1647 49
2280 2 2 1 11 523 1648 47
2281 2 2 1 11 48 1649 561
2282 2 2 1 11 47 1648 600
2283 2 2 1 11 1266 1697 1469
2284 2 2 1 11 1314 1673 1312
2285 2 2 1 11 1485 1699 1192
2286 2 2 1 11 1309 1695 1519
2287 2 2 1 11 1324 1702 1323
2288 2 2 1 11 1293 1687 1463
2289 2 2 1 11 1391 1694 1411
2290 2 2 1 11 570 1701 569
2291 2 2 1 11 569 1675 568
2292 2 2 1 11 1226 1686 1325
2293 2 2 1 11 1326 1685 1351
2294 2 2 1 11 1422 1660 1510
2295 2 2 1 11 665 1689 664
2296 2 2 1 11 1219 1692 1506
2297 2 2 1 11 1515 1705 1165
2298 2 2 1 11 1216 1706 1491
2299 2 2 1 11 1489 1700 1152
2300 2 2 1 11 1449 1688 1183
2301 2 2 1 11 666 1696 665
2302 2 2 1 11 1440 1708 1522
2303 2 2 1 11 1373 1691 1523
2304 2 2 1 11 1332 1690 1514
2305 2 2 1 11 1317 1683 1467
2306 2 2 1 11 1165 1693 1524
2307 2 2 1 11 1451 1676 1146
2308 2 2 1 11 1521 1704 1219
2309 2 2 1 11 1119 1671 1454
2310 2 2 1 11 54 1652 772
2311 2 2 1 11 1232 1652 54
2312 2 2 1 11 1105 1535 1453
2313 2 2 1 11 1465 1534 1106
2314 2 2 1 11 1453 1535 1299
2315 2 2 1 11 1197 1658 1269
2316 2 2 1 11 1148 1533 1257
2317 2 2 1 11 1256 1534 1236
2318 2 2 1 11 1239 1535 1252
2319 2 2 1 11 1168 1711 1239
2320 2 2 1 11 1370 1536 1246
2321 2 2 1 11 1536 1566 1119
2322 2 2 1 11 1299 1657 1296
2323 2 2 1 11 1593 1694 1391
2324 2 2 1 11 1469 1697 1564
2325 2 2 1 11 1632 1706 1216
2326 2 2 1 11 1557 1686 1226
2327 2 2 1 11 1597 1685 1326
2328 2 2 1 11 1588 1673 1314
2329 2 2 1 11 1514 1690 1541
2330 2 2 1 11 1519 1695 1549
2331 2 2 1 11 1165 1705 1636
2332 2 2 1 11 1523 1691 1542
2333 2 2 1 11 1644 1708 1440
2334 2 2 1 11 1600 1692 1219
2335 2 2 1 11 1463 1687 1585
2336 2 2 1 11 1467 1683 1598
2337 2 2 1 11 665 1696 1576
2338 2 2 1 11 1192 1699 1583
2339 2 2 1 11 1576 1689 665
2340 2 2 1 11 1554 1675 569
2341 2 2 1 11 1323 1702 1550
2342 2 2 1 11 1510 1660 1548
2343 2 2 1 11 569 1701 1554
2344 2 2 1 11 1152 1700 1567
2345 2 2 1 11 1566 1671 1119
2346 2 2 1 11 1219 1704 1600
2347 2 2 1 11 1146 1676 1606
2348 2 2 1 11 1636 1693 1165
2349 2 2 1 11 1183 1688 1570
2350 2 2 1 11 1119 1652 1536
2351 2 2 1 11 1246 1536 1232
2352 2 2 1 11 1247 1656 1333
2353 2 2 1 11 1333 1656 1334
2354 2 2 1 11 1533 1710 1258
2355 2 2 1 11 1528 1651 1237
2356 2 2 1 11 561 1649 1529
2357 2 2 1 11 678 1647 1531
2358 2 2 1 11 639 1646 1530
2359 2 2 1 11 1532 1648 523
2360 2 2 1 11 1296 1657 1298
2361 2 2 1 11 1170 1709 53
2362 2 2 1 11 53 1709 1197
2363 2 2 1 11 1154 1628 1627
2364 2 2 1 11 1586 1605 1147
2365 2 2 1 11 1341 1554 1340
2366 2 2 1 11 1359 1543 1527
2367 2 2 1 11 1387 1583 1386
2368 2 2 1 11 1424 1584 1421
2369 2 2 1 11 1270 1635 1348
2370 2 2 1 11 1637 1645 1410
2371 2 2 1 11 1365 1549 1210
2372 2 2 1 11 1458 1542 1191
2373 2 2 1 11 1445 1541 1136
2374 2 2 1 11 1448 1586 1147
2375 2 2 1 11 637 1553 636
2376 2 2 1 11 1362 1601 1361
2377 2 2 1 11 1329 1573 1355
2378 2 2 1 11 737 1587 738
2379 2 2 1 11 1366 1585 1135
2380 2 2 1 11 1283 1570 1441
2381 2 2 1 11 790 1562 791
2382 2 2 1 11 799 1581 800
2383 2 2 1 11 1377 1558 1390
2384 2 2 1 11 535 1618 1545
2385 2 2 1 11 1225 1593 1305
2386 2 2 1 11 727 1577 728
2387 2 2 1 11 780 1578 781
2388 2 2 1 11 1128 1604 1590
2389 2 2 1 11 558 1613 1575
2390 2 2 1 11 644 1642 1563
2391 2 2 1 11 1496 1551 1265
2392 2 2 1 11 801 1626 802
2393 2 2 1 11 1181 1556 1284
2394 2 2 1 11 1227 1597 1473
2395 2 2 1 11 1369 1566 1370
2396 2 2 1 11 795 1580 796
2397 2 2 1 11 1128 1590 1278
2398 2 2 1 11 1139 1582 1307
2399 2 2 1 11 1149 1592 1301
2400 2 2 1 11 1262 1569 1328
2401 2 2 1 11 1286 1606 1444
2402 2 2 1 11 1577 1609 728
2403 2 2 1 11 1252 1540 1238
2404 2 2 1 11 1502 1600 1501
2405 2 2 1 11 780 1603 1578
2406 2 2 1 11 1172 1588 1335
2407 2 2 1 11 1126 1589 1273
2408 2 2 1 11 1130 1591 1288
2409 2 2 1 11 1255 1571 1256
2410 2 2 1 11 1243 1557 1242
2411 2 2 1 11 1482 1632 1481
2412 2 2 1 11 533 1546 532
2413 2 2 1 11 1546 1621 532
2414 2 2 1 11 1396 1638 1393
2415 2 2 1 11 713 1595 714
2416 2 2 1 11 1297 1596 1372
2417 2 2 1 11 1503 1548 1202
2418 2 2 1 11 526 1544 525
2419 2 2 1 11 1221 1552 1230
2420 2 2 1 11 530 1612 529
2421 2 2 1 11 535 1545 534
2422 2 2 1 11 554 1560 553
2423 2 2 1 11 647 1614 646
2424 2 2 1 11 676 1561 675
2425 2 2 1 11 1429 1634 1430
2426 2 2 1 11 1495 1602 1203
2427 2 2 1 11 528 1620 527
2428 2 2 1 11 644 1563 643
2429 2 2 1 11 695 1625 696
2430 2 2 1 11 1399 1564 1208
2431 2 2 1 11 1508 1636 1509
2432 2 2 1 11 750 1616 751
2433 2 2 1 11 548 1574 547
2434 2 2 1 11 536 1618 535
2435 2 2 1 11 539 1547 538
2436 2 2 1 11 541 1619 540
2437 2 2 1 11 1487 1628 1154
2438 2 2 1 11 550 1617 549
2439 2 2 1 11 1204 1572 1497
2440 2 2 1 11 1158 1568 1525
2441 2 2 1 11 1547 1622 538
2442 2 2 1 11 1113 1565 1516
2443 2 2 1 11 1394 1567 1499
2444 2 2 1 11 1477 1576 1478
2445 2 2 1 11 749 1641 750
2446 2 2 1 11 1483 1637 1410
2447 2 2 1 11 559 1613 558
2448 2 2 1 11 661 1615 660
2449 2 2 1 11 673 1640 672
2450 2 2 1 11 532 1621 531
2451 2 2 1 11 538 1622 537
2452 2 2 1 11 645 1642 644
2453 2 2 1 11 659 1624 658
2454 2 2 1 11 558 1575 557
2455 2 2 1 11 670 1630 669
2456 2 2 1 11 675 1631 674
2457 2 2 1 11 785 1599 1579
2458 2 2 1 11 795 1611 1580
2459 2 2 1 11 1154 1627 1413
2460 2 2 1 11 1195 1629 1474
2461 2 2 1 11 1382 1550 1173
2462 2 2 1 11 1406 1643 1241
2463 2 2 1 11 614 1559 613
2464 2 2 1 11 1380 1598 1177
2465 2 2 1 11 616 1594 615
2466 2 2 1 11 1142 1555 1318
2467 2 2 1 11 572 1633 571
2468 2 2 1 11 606 1623 605
2469 2 2 1 11 784 1599 785
2470 2 2 1 11 1561 1631 675
2471 2 2 1 11 1461 1604 1128
2472 2 2 1 11 1512 1644 1404
2473 2 2 1 11 779 1603 780
2474 2 2 1 11 1339 1607 1343
2475 2 2 1 11 1404 1639 1401
2476 2 2 1 11 794 1611 795
2477 2 2 1 11 750 1641 1616
2478 2 2 1 11 728 1609 729
2479 2 2 1 11 785 1579 786
2480 2 2 1 11 1147 1605 1376
2481 2 2 1 11 1404 1644 1639
2482 2 2 1 11 723 1608 724
2483 2 2 1 11 733 1610 734
2484 2 2 1 11 1410 1645 1407
2485 2 2 1 11 772 1652 1119
2486 2 2 1 11 1300 1649 601
2487 2 2 1 11 710 1650 1176
2488 2 2 1 11 1235 1646 640
2489 2 2 1 11 600 1648 1375
2490 2 2 1 11 1234 1647 562
2491 2 2 1 11 1153 1651 1528
2492 2 2 1 11 1705 1707 1509
2493 2 2 1 11 1397 1678 1398
2494 2 2 1 11 1509 1707 1220
2495 2 2 1 11 1402 1661 1400
2496 2 2 1 11 1164 1667 1490
2497 2 2 1 11 1178 1665 1369
2498 2 2 1 11 1274 1677 1276
2499 2 2 1 11 1285 1664 1287
2500 2 2 1 11 1501 1666 1162
2501 2 2 1 11 1472 1698 1211
2502 2 2 1 11 1302 1681 1304
2503 2 2 1 11 1184 1679 1456
2504 2 2 1 11 1492 1674 1150
2505 2 2 1 11 1304 1703 1303
2506 2 2 1 11 1190 1663 1381
2507 2 2 1 11 1414 1684 1416
2508 2 2 1 11 1289 1680 1291
2509 2 2 1 11 1212 1682 1383
2510 2 2 1 11 1665 1671 1369
2511 2 2 1 11 1214 1668 1504
2512 2 2 1 11 1346 1672 1345
2513 2 2 1 11 1277 1669 1460
2514 2 2 1 11 1519 1670 1207
2515 2 2 1 11 1240 1659 1249
2516 2 2 1 11 1501 1704 1666
2517 2 2 1 11 1425 1662 1426
2518 2 2 1 11 1269 1658 1272
2519 2 2 1 11 1223 1711 51
2520 2 2 1 11 51 1711 1168
2521 2 2 1 11 1174 1662 1512
2522 2 2 1 11 1418 1707 1705
2523 2 2 1 11 1418 1705 1515
2524 2 2 1 11 1478 1674 1479
2525 2 2 1 11 1334 1690 1332
2526 2 2 1 11 1351 1685 1353
2527 2 2 1 11 1457 1676 1451
2528 2 2 1 11 1475 1667 1477
2529 2 2 1 11 1109 1664 1367
2530 2 2 1 11 1308 1663 1310
2531 2 2 1 11 1417 1707 1418
2532 2 2 1 11 1292 1687 1293
2533 2 2 1 11 1316 1683 1317
2534 2 2 1 11 664 1689 1164
2535 2 2 1 11 1524 1693 1502
2536 2 2 1 11 1279 1679 1281
2537 2 2 1 11 1312 1673 1315
2538 2 2 1 11 1185 1680 1459
2539 2 2 1 11 1353 1702 1324
2540 2 2 1 11 1490 1700 1489
2541 2 2 1 11 1469 1661 1133
2542 2 2 1 11 1460 1672 1224
2543 2 2 1 11 1310 1695 1309
2544 2 2 1 11 1454 1671 1338
2545 2 2 1 11 1364 1670 1363
2546 2 2 1 11 1374 1691 1373
2547 2 2 1 11 1345 1669 1121
2548 2 2 1 11 1319 1682 1321
2549 2 2 1 11 1325 1686 1326
2550 2 2 1 11 1411 1694 1412
2551 2 2 1 11 1321 1698 1320
2552 2 2 1 11 1450 1688 1449
2553 2 2 1 11 1194 1684 1439
2554 2 2 1 11 1486 1699 1485
2555 2 2 1 11 1514 1703 1188
2556 2 2 1 11 1338 1665 1341
2557 2 2 1 11 1338 1671 1665
2558 2 2 1 11 1267 1697 1266
2559 2 2 1 11 1156 1678 1488
2560 2 2 1 11 1491 1706 1492
2561 2 2 1 11 1150 1696 666
2562 2 2 1 11 1182 1677 1450
2563 2 2 1 11 1189 1681 1378
2564 2 2 1 11 1179 1701 570
2565 2 2 1 11 1423 1660 1422
2566 2 2 1 11 1215 1659 1486
2567 2 2 1 11 568 1675 1178
2568 2 2 1 11 1506 1692 1508
2569 2 2 1 11 1522 1708 1425
2570 2 2 1 11 1666 1704 1349
2571 2 2 1 11 1349 1704 1521
2572 2 2 1 11 1388 1668 1389
2573 2 2 1 11 1350 1666 1349
2574 2 2 1 11 1239 1711 1537
2575 2 2 1 11 1526 1710 1233
2576 2 2 1 11 1375 1648 1532
2577 2 2 1 11 1531 1647 1234
2578 2 2 1 11 1529 1649 1300
2579 2 2 1 11 1530 1646 1235
2580 2 2 1 11 1237 1653 1528
2581 2 2 1 11 1537 1657 1299
2582 2 2 1 11 1178 1675 1665
2583 2 2 1 11 1674 1696 1150
2584 2 2 1 11 1665 1675 1341
2585 2 2 1 11 1478 1696 1674
2586 2 2 1 11 1502 1693 1692
2587 2 2 1 11 1345 1672 1669
2588 2 2 1 11 1692 1693 1508
2589 2 2 1 11 1669 1672 1460
2590 2 2 1 11 1662 1708 1512
2591 2 2 1 11 1667 1689 1477
2592 2 2 1 11 1164 1689 1667
2593 2 2 1 11 1425 1708 1662
2594 2 2 1 11 1532 1654 1375
2595 2 2 1 11 1300 1655 1529
2596 2 2 1 11 1233 1710 1533
2597 2 2 1 11 1370 1566 1536
2598 2 2 1 11 1252 1654 1540
2599 2 2 1 11 1571 1655 1256
2600 2 2 1 11 1651 1658 1237
2601 2 2 1 11 1536 1652 1232
2602 2 2 1 11 1258 1710 1538
2603 2 2 1 11 1538 1710 1526
2604 2 2 1 11 1223 1657 1537
2605 2 2 1 11 1225 1694 1593
2606 2 2 1 11 1570 1688 1441
2607 2 2 1 11 1512 1708 1644
2608 2 2 1 11 1369 1671 1566
2609 2 2 1 11 1502 1692 1600
2610 2 2 1 11 1583 1699 1386
2611 2 2 1 11 1585 1687 1135
2612 2 2 1 11 1227 1685 1597
2613 2 2 1 11 1172 1673 1588
2614 2 2 1 11 1542 1691 1191
2615 2 2 1 11 1541 1690 1136
2616 2 2 1 11 1600 1704 1501
2617 2 2 1 11 1564 1697 1208
2618 2 2 1 11 1636 1705 1509
2619 2 2 1 11 1598 1683 1177
2620 2 2 1 11 1576 1696 1478
2621 2 2 1 11 1548 1660 1202
2622 2 2 1 11 1550 1702 1173
2623 2 2 1 11 1606 1676 1444
2624 2 2 1 11 1243 1686 1557
2625 2 2 1 11 1554 1701 1340
2626 2 2 1 11 1482 1706 1632
2627 2 2 1 11 1341 1675 1554
2628 2 2 1 11 1477 1689 1576
2629 2 2 1 11 1567 1700 1499
2630 2 2 1 11 1549 1695 1210
2631 2 2 1 11 1508 1693 1636
2632 2 2 1 11 1272 1658 1651
2633 2 2 1 11 1537 1711 1223
2634 2 2 101 101 4 1 82
2635 2 2 101 101 1 55 82
2636 2 2 101 101 3 68 2
2637 2 2 101 101 3 69 68
2638 2 2 101 101 81 55 56
2639 2 2 101 101 82 55 81
2640 2 2 101 101 80 56 57
2641 2 2 101 101 81 56 80
2642 2 2 101 101 58 79 57
2643 2 2 101 101 57 79 80
2644 2 2 101 101 59 78 58
2645 2 2 101 101 78 79 58
2646 2 2 101 101 60 77 59
2647 2 2 101 101 77 78 59
2648 2 2 101 101 61 76 60
2649 2 2 101 101 76 77 60
2650 2 2 101 101 62 75 61
2651 2 2 101 101 75 76 61
2652 2 2 101 101 63 74 62
2653 2 2 101 101 74 75 62
2654 2 2 101 101 64 73 63
2655 2 2 101 101 73 74 63
2656 2 2 101 101 65 72 64
2657 2 2 101 101 72 73 64
2658 2 2 101 101 66 71 65
2659 2 2 101 101 71 72 65
2660 2 2 101 101 67 70 66
2661 2 2 101 101 70 71 66
2662 2 2 101 101 68 69 67
2663 2 2 101 101 69 70 67
2664 2 2 102 102 3 5 69
2665 2 2 102 102 96 6 4
2666 2 2 102 102 4 82 96
2667 2 2 102 102 5 83 69
2668 2 2 102 102 69 83 70
2669 2 2 102 102 70 84 71
2670 2 2 102 102 83 84 70
2671 2 2 102 102 71 85 72
2672 2 2 102 102 84 85 71
2673 2 2 102 102 72 86 73
2674 2 2 102 102 85 86 72
2675 2 2 102 102 73 87 74
2676 2 2 102 102 86 87 73
2677 2 2 102 102 74 88 75
2678 2 2 102 102 87 88 74
2679 2 2 102 102 75 90 76
2680 2 2 102 102 88 89 75
2681 2 2 102 102 75 89 90
2682 2 2 102 102 76 91 77
2683 2 2 102 102 76 90 91
2684 2 2 102 102 77 91 78
2685 2 2 102 102 78 92 79
2686 2 2 102 102 91 92 78
2687 2 2 102 102 94 80 79
2688 2 2 102 102 92 93 79
2689 2 2 102 102 79 93 94
2690 2 2 102 102 95 81 80
2691 2 2 102 102 95 80 94
2692 2 2 102 102 96 82 81
2693 2 2 102 102 96 81 95
2694 2 2 103 103 5 7 83
2695 2 2 103 103 110 8 6
2696 2 2 103 103 6 96 110
2697 2 2 103 103 7 97 83
2698 2 2 103 103 83 97 84
2699 2 2 103 103 84 98 85
2700 2 2 103 103 97 98 84
2701 2 2 103 103 85 99 86
2702 2 2 103 103 98 99 85
2703 2 2 103 103 86 100 87
2704 2 2 103 103 99 100 86
2705 2 2 103 103 87 101 88
2706 2 2 103 103 100 101 87
2707 2 2 103 103 88 102 89
2708 2 2 103 103 101 102 88
2709 2 2 103 103 89 103 90
2710 2 2 103 103 102 103 89
2711 2 2 103 103 90 104 91
2712 2 2 103 103 103 104 90
2713 2 2 103 103 91 105 92
2714 2 2 103 103 104 105 91
2715 2 2 103 103 92 106 93
2716 2 2 103 103 105 106 92
2717 2 2 103 103 108 94 93
2718 2 2 103 103 106 107 93
2719 2 2 103 103 93 107 108
2720 2 2 103 103 109 95 94
2721 2 2 103 103 109 94 108
2722 2 2 103 103 110 96 95
2723 2 2 103 103 110 95 109
2724 2 2 104 104 7 9 97
2725 2 2 104 104 10 8 124
2726 2 2 104 104 8 110 124
2727 2 2 104 104 9 111 97
2728 2 2 104 104 97 111 98
2729 2 2 104 104 98 112 99
2730 2 2 104 104 111 112 98
2731 2 2 104 104 99 113 100
2732 2 2 104 104 112 113 99
2733 2 2 104 104 100 114 101
2734 2 2 104 104 113 114 100
2735 2 2 104 104 101 115 102
2736 2 2 104 104 114 115 101
2737 2 2 104 104 102 116 103
2738 2 2 104 104 115 116 102
2739 2 2 104 104 103 117 104
2740 2 2 104 104 116 117 103
2741 2 2 104 104 104 118 105
2742 2 2 104 104 117 118 104
2743 2 2 104 104 105 119 106
2744 2 2 104 104 118 119 105
2745 2 2 104 104 106 120 107
2746 2 2 104 104 119 120 106
2747 2 2 104 104 122 108 107
2748 2 2 104 104 120 121 107
2749 2 2 104 104 107 121 122
2750 2 2 104 104 123 109 108
2751 2 2 104 104 123 108 122
2752 2 2 104 104 124 110 109
2753 2 2 104 104 124 109 123
2754 2 2 105 105 9 11 125
2755 2 2 105 105 111 9 125
2756 2 2 105 105 138 12 10
2757 2 2 105 105 138 10 124
2758 2 2 105 105 111 126 112
2759 2 2 105 105 111 125 126
2760 2 2 105 105 126 113 112
2761 2 2 105 105 113 127 114
2762 2 2 105 105 126 127 113
2763 2 2 105 105 114 128 115
2764 2 2 105 105 127 128 114
2765 2 2 105 105 115 129 116
2766 2 2 105 105 128 129 115
2767 2 2 105 105 116 130 117
2768 2 2 105 105 129 130 116
2769 2 2 105 105 117 131 118
2770 2 2 105 105 130 131 117
2771 2 2 105 105 118 132 119
2772 2 2 105 105 131 132 118
2773 2 2 105 105 119 133 120
2774 2 2 105 105 132 133 119
2775 2 2 105 105 120 134 121
2776 2 2 105 105 133 134 120
2777 2 2 105 105 136 122 121
2778 2 2 105 105 134 135 121
2779 2 2 105 105 121 135 136
2780 2 2 105 105 137 123 122
2781 2 2 105 105 137 122 136
2782 2 2 105 105 138 124 123
2783 2 2 105 105 138 123 137
2784 2 2 106 106 11 13 125
2785 2 2 106 106 14 12 152
2786 2 2 106 106 12 138 152
2787 2 2 106 106 13 139 125
2788 2 2 106 106 125 139 126
2789 2 2 106 106 126 140 127
2790 2 2 106 106 139 140 126
2791 2 2 106 106 127 141 128
2792 2 2 106 106 140 141 127
2793 2 2 106 106 128 142 129
2794 2 2 106 106 141 142 128
2795 2 2 106 106 129 143 130
2796 2 2 106 106 142 143 129
2797 2 2 106 106 130 144 131
2798 2 2 106 106 143 144 130
2799 2 2 106 106 131 145 132
2800 2 2 106 106 144 145 131
2801 2 2 106 106 132 146 133
2802 2 2 106 106 145 146 132
2803 2 2 106 106 133 147 134
2804 2 2 106 106 146 147 133
2805 2 2 106 106 134 148 135
2806 2 2 106 106 147 148 134
2807 2 2 106 106 150 136 135
2808 2 2 106 106 148 149 135
2809 2 2 106 106 135 149 150
2810 2 2 106 106 151 137 136
2811 2 2 106 106 151 136 150
2812 2 2 106 106 152 138 137
2813 2 2 106 106 152 137 151
2814 2 2 107 107 13 15 139
2815 2 2 107 107 166 16 14
2816 2 2 107 107 14 152 166
2817 2 2 107 107 15 153 139
2818 2 2 107 107 139 153 140
2819 2 2 107 107 140 154 141
2820 2 2 107 107 153 154 140
2821 2 2 107 107 141 155 142
2822 2 2 107 107 154 155 141
2823 2 2 107 107 142 156 143
2824 2 2 107 107 155 156 142
2825 2 2 107 107 143 158 144
2826 2 2 107 107 156 157 143
2827 2 2 107 107 143 157 158
2828 2 2 107 107 144 159 145
2829 2 2 107 107 144 158 159
2830 2 2 107 107 145 159 146
2831 2 2 107 107 146 160 147
2832 2 2 107 107 159 160 146
2833 2 2 107 107 147 161 148
2834 2 2 107 107 160 161 147
2835 2 2 107 107 148 162 149
2836 2 2 107 107 161 162 148
2837 2 2 107 107 164 150 149
2838 2 2 107 107 162 163 149
2839 2 2 107 107 149 163 164
2840 2 2 107 107 165 151 150
2841 2 2 107 107 165 150 164
2842 2 2 107 107 166 152 151
2843 2 2 107 107 166 151 165
2844 2 2 108 108 17 153 15
2845 2 2 108 108 18 16 180
2846 2 2 108 108 16 166 180
2847 2 2 108 108 17 167 153
2848 2 2 108 108 153 167 154
2849 2 2 108 108 154 168 155
2850 2 2 108 108 167 168 154
2851 2 2 108 108 155 169 156
2852 2 2 108 108 168 169 155
2853 2 2 108 108 156 170 157
2854 2 2 108 108 169 170 156
2855 2 2 108 108 157 171 158
2856 2 2 108 108 170 171 157
2857 2 2 108 108 158 172 159
2858 2 2 108 108 171 172 158
2859 2 2 108 108 159 173 160
2860 2 2 108 108 172 173 159
2861 2 2 108 108 160 174 161
2862 2 2 108 108 173 174 160
2863 2 2 108 108 161 175 162
2864 2 2 108 108 174 175 161
2865 2 2 108 108 162 176 163
2866 2 2 108 108 175 176 162
2867 2 2 108 108 178 164 163
2868 2 2 108 108 176 177 163
2869 2 2 108 108 163 177 178
2870 2 2 108 108 179 165 164
2871 2 2 108 108 179 164 178
2872 2 2 108 108 180 166 165
2873 2 2 108 108 180 165 179
2874 2 2 109 109 19 181 17
2875 2 2 109 109 17 181 167
2876 2 2 109 109 195 20 18
2877 2 2 109 109 18 180 195
2878 2 2 109 109 167 182 168
2879 2 2 109 109 181 182 167
2880 2 2 109 109 168 183 169
2881 2 2 109 109 182 183 168
2882 2 2 109 109 169 184 170
2883 2 2 109 109 183 184 169
2884 2 2 109 109 170 185 171
2885 2 2 109 109 184 185 170
2886 2 2 109 109 171 186 172
2887 2 2 109 109 185 186 171
2888 2 2 109 109 172 187 173
2889 2 2 109 109 186 187 172
2890 2 2 109 109 173 188 174
2891 2 2 109 109 187 188 173
2892 2 2 109 109 174 189 175
2893 2 2 109 109 188 189 174
2894 2 2 109 109 175 190 176
2895 2 2 109 109 189 190 175
2896 2 2 109 109 176 191 177
2897 2 2 109 109 176 190 191
2898 2 2 109 109 192 178 177
2899 2 2 109 109 177 191 192
2900 2 2 109 109 193 179 178
2901 2 2 109 109 193 178 192
2902 2 2 109 109 194 180 179
2903 2 2 109 109 194 179 193
2904 2 2 109 109 195 180 194
2905 2 2 110 110 204 205 188
2906 2 2 110 110 188 205 206
2907 2 2 110 110 202 203 187
2908 2 2 110 110 208 189 207
2909 2 2 110 110 19 21 181
2910 2 2 110 110 195 22 20
2911 2 2 110 110 181 21 196
2912 2 2 110 110 214 22 195
2913 2 2 110 110 181 196 182
2914 2 2 110 110 182 197 183
2915 2 2 110 110 196 197 182
2916 2 2 110 110 183 198 184
2917 2 2 110 110 197 198 183
2918 2 2 110 110 184 199 185
2919 2 2 110 110 198 199 184
2920 2 2 110 110 185 200 186
2921 2 2 110 110 199 200 185
2922 2 2 110 110 186 202 187
2923 2 2 110 110 200 201 186
2924 2 2 110 110 201 202 186
2925 2 2 110 110 187 204 188
2926 2 2 110 110 203 204 187
2927 2 2 110 110 189 188 206
2928 2 2 110 110 190 189 208
2929 2 2 110 110 207 189 206
2930 2 2 110 110 191 190 210
2931 2 2 110 110 209 190 208
2932 2 2 110 110 210 190 209
2933 2 2 110 110 211 192 191
2934 2 2 110 110 211 191 210
2935 2 2 110 110 193 192 212
2936 2 2 110 110 212 192 211
2937 2 2 110 110 194 193 213
2938 2 2 110 110 213 193 212
2939 2 2 110 110 214 195 194
2940 2 2 110 110 214 194 213
2941 2 2 111 111 215 1713 216
2942 2 2 111 111 248 1715 249
2943 2 2 111 111 217 1713 218
2944 2 2 111 111 222 1728 223
2945 2 2 111 111 226 1726 227
2946 2 2 111 111 240 1719 241
2947 2 2 111 111 242 1718 243
2948 2 2 111 111 236 1721 237
2949 2 2 111 111 246 1715 247
2950 2 2 111 111 219 1712 220
2951 2 2 111 111 224 1727 225
2952 2 2 111 111 228 1725 229
2953 2 2 111 111 230 1724 231
2954 2 2 111 111 232 1723 233
2955 2 2 111 111 220 1728 221
2956 2 2 111 111 234 1721 235
2957 2 2 111 111 238 1720 239
2958 2 2 111 111 244 1716 245
2959 2 2 111 111 204 1743 1733
2960 2 2 111 111 206 1731 1726
2961 2 2 111 111 298 200 297
2962 2 2 111 111 210 329 330
2963 2 2 111 111 1726 1745 206
2964 2 2 111 111 301 1735 300
2965 2 2 111 111 327 1734 326
2966 2 2 111 111 520 1748 23
2967 2 2 111 111 24 1730 521
2968 2 2 111 111 1739 1742 1738
2969 2 2 111 111 206 1745 1736
2970 2 2 111 111 205 1733 1721
2971 2 2 111 111 203 1739 1738
2972 2 2 111 111 23 1748 1729
2973 2 2 111 111 23 1737 215
2974 2 2 111 111 1721 1744 205
2975 2 2 111 111 204 1738 1716
2976 2 2 111 111 300 1735 202
2977 2 2 111 111 208 1734 327
2978 2 2 111 111 302 1730 301
2979 2 2 111 111 326 1729 325
2980 2 2 111 111 205 1744 1731
2981 2 2 111 111 1716 1743 204
2982 2 2 111 111 1717 1743 1716
2983 2 2 111 111 1722 1744 1721
2984 2 2 111 111 1724 1744 1723
2985 2 2 111 111 1726 1731 1725
2986 2 2 111 111 1721 1733 1720
2987 2 2 111 111 1716 1738 1715
2988 2 2 111 111 1727 1745 1726
2989 2 2 111 111 1719 1743 1718
2990 2 2 111 111 209 328 329
2991 2 2 111 111 298 299 201
2992 2 2 111 111 1736 1745 1712
2993 2 2 111 111 1729 1734 23
2994 2 2 111 111 24 1735 1730
2995 2 2 111 111 201 1741 202
2996 2 2 111 111 208 1740 209
2997 2 2 111 111 215 1737 1713
2998 2 2 111 111 1734 1737 23
2999 2 2 111 111 1732 1739 24
3000 2 2 111 111 24 1739 1735
3001 2 2 111 111 300 1741 299
3002 2 2 111 111 328 1740 327
3003 2 2 111 111 241 1719 1718
3004 2 2 111 111 225 1727 1726
3005 2 2 111 111 227 1726 1725
3006 2 2 111 111 231 1724 1723
3007 2 2 111 111 233 1723 1722
3008 2 2 111 111 249 1715 1714
3009 2 2 111 111 237 1721 1720
3010 2 2 111 111 239 1720 1719
3011 2 2 111 111 229 1725 1724
3012 2 2 111 111 243 1718 1717
3013 2 2 111 111 218 1713 1712
3014 2 2 111 111 223 1728 1727
3015 2 2 111 111 234 1722 1721
3016 2 2 111 111 244 1717 1716
3017 2 2 111 111 246 1716 1715
3018 2 2 111 111 251 1742 252
3019 2 2 111 111 1736 1737 207
3020 2 2 111 111 250 1742 251
3021 2 2 111 111 207 1737 1734
3022 2 2 111 111 1735 1739 203
3023 2 2 111 111 1731 1744 1724
3024 2 2 111 111 1733 1743 1719
3025 2 2 111 111 1730 1746 521
3026 2 2 111 111 324 1747 31
3027 2 2 111 111 28 1746 303
3028 2 2 111 111 252 1742 1732
3029 2 2 111 111 1732 1742 1739
3030 2 2 111 111 324 1748 1747
3031 2 2 111 111 1714 1742 250
3032 2 2 111 111 216 1713 217
3033 2 2 111 111 221 1728 222
3034 2 2 111 111 231 1723 232
3035 2 2 111 111 235 1721 236
3036 2 2 111 111 237 1720 238
3037 2 2 111 111 245 1716 246
3038 2 2 111 111 247 1715 248
3039 2 2 111 111 252 1732 253
3040 2 2 111 111 233 1722 234
3041 2 2 111 111 218 1712 219
3042 2 2 111 111 223 1727 224
3043 2 2 111 111 229 1724 230
3044 2 2 111 111 239 1719 240
3045 2 2 111 111 243 1717 244
3046 2 2 111 111 249 1714 250
3047 2 2 111 111 225 1726 226
3048 2 2 111 111 227 1725 228
3049 2 2 111 111 241 1718 242
3050 2 2 111 111 519 1748 520
3051 2 2 111 111 1713 1737 1736
3052 2 2 111 111 1730 1735 301
3053 2 2 111 111 326 1734 1729
3054 2 2 111 111 303 1730 302
3055 2 2 111 111 325 1729 324
3056 2 2 111 111 1715 1738 1714
3057 2 2 111 111 1728 1745 1727
3058 2 2 111 111 1720 1733 1719
3059 2 2 111 111 1723 1744 1722
3060 2 2 111 111 1725 1731 1724
3061 2 2 111 111 1718 1743 1717
3062 2 2 111 111 1713 1736 1712
3063 2 2 111 111 31 1747 519
3064 2 2 111 111 522 1746 28
3065 2 2 111 111 1738 1742 1714
3066 2 2 111 111 303 1746 1730
3067 2 2 111 111 209 1740 328
3068 2 2 111 111 299 1741 201
3069 2 2 111 111 202 1741 300
3070 2 2 111 111 327 1740 208
3071 2 2 111 111 1729 1748 324
3072 2 2 111 111 1747 1748 519
3073 2 2 111 111 298 201 200
3074 2 2 111 111 202 1735 203
3075 2 2 111 111 203 1738 204
3076 2 2 111 111 207 1734 208
3077 2 2 111 111 209 329 210
3078 2 2 111 111 521 1746 522
3079 2 2 111 111 27 196 21
3080 2 2 111 111 32 22 214
3081 2 2 111 111 253 1732 24
3082 2 2 111 111 27 293 196
3083 2 2 111 111 214 334 32
3084 2 2 111 111 196 293 197
3085 2 2 111 111 198 197 294
3086 2 2 111 111 197 293 294
3087 2 2 111 111 295 199 198
3088 2 2 111 111 295 198 294
3089 2 2 111 111 297 200 199
3090 2 2 111 111 296 199 295
3091 2 2 111 111 297 199 296
3092 2 2 111 111 204 1733 205
3093 2 2 111 111 205 1731 206
3094 2 2 111 111 206 1736 207
3095 2 2 111 111 210 330 211
3096 2 2 111 111 212 211 332
3097 2 2 111 111 211 330 331
3098 2 2 111 111 211 331 332
3099 2 2 111 111 213 212 333
3100 2 2 111 111 212 332 333
3101 2 2 111 111 214 213 334
3102 2 2 111 111 213 333 334
3103 2 2 111 111 1712 1728 220
3104 2 2 111 111 1712 1745 1728
3105 2 2 112 112 310 1752 311
3106 2 2 112 112 305 1751 306
3107 2 2 112 112 308 1750 309
3108 2 2 112 112 307 1749 308
3109 2 2 112 112 1749 1753 1750
3110 2 2 112 112 297 1756 298
3111 2 2 112 112 318 1756 317
3112 2 2 112 112 299 1755 300
3113 2 2 112 112 320 1755 319
3114 2 2 112 112 306 1751 1749
3115 2 2 112 112 1750 1752 310
3116 2 2 112 112 1750 1759 1752
3117 2 2 112 112 321 1757 320
3118 2 2 112 112 1753 1754 1750
3119 2 2 112 112 320 1757 300
3120 2 2 112 112 302 1753 1751
3121 2 2 112 112 1751 1753 1749
3122 2 2 112 112 1751 1760 303
3123 2 2 112 112 300 1757 301
3124 2 2 112 112 29 1761 323
3125 2 2 112 112 303 1760 28
3126 2 2 112 112 1754 1757 321
3127 2 2 112 112 311 1752 312
3128 2 2 112 112 304 1751 305
3129 2 2 112 112 309 1750 310
3130 2 2 112 112 306 1749 307
3131 2 2 112 112 298 1758 299
3132 2 2 112 112 319 1758 318
3133 2 2 112 112 1754 1759 1750
3134 2 2 112 112 312 1761 29
3135 2 2 112 112 28 1760 304
3136 2 2 112 112 323 1759 322
3137 2 2 112 112 301 1753 302
3138 2 2 112 112 322 1754 321
3139 2 2 112 112 300 1755 320
3140 2 2 112 112 298 1756 318
3141 2 2 112 112 1753 1757 1754
3142 2 2 112 112 322 1759 1754
3143 2 2 112 112 323 1761 1759
3144 2 2 112 112 319 1755 299
3145 2 2 112 112 301 1757 1753
3146 2 2 112 112 304 1760 1751
3147 2 2 112 112 1752 1761 312
3148 2 2 112 112 317 1756 297
3149 2 2 112 112 318 1758 298
3150 2 2 112 112 299 1758 319
3151 2 2 112 112 1759 1761 1752
3152 2 2 112 112 27 30 293
3153 2 2 112 112 30 313 293
3154 2 2 112 112 293 313 294
3155 2 2 112 112 294 315 295
3156 2 2 112 112 313 314 294
3157 2 2 112 112 294 314 315
3158 2 2 112 112 295 316 296
3159 2 2 112 112 295 315 316
3160 2 2 112 112 296 316 297
3161 2 2 112 112 316 317 297
3162 2 2 112 112 302 1751 303
3163 2 2 112 112 1749 1750 308
3164 2 2 112 113 349 1762 350
3165 2 2 112 113 350 1763 351
3166 2 2 112 113 352 1763 353
3167 2 2 112 113 347 1764 348
3168 2 2 112 113 1762 1766 1763
3169 2 2 112 113 329 1769 330
3170 2 2 112 113 341 1769 340
3171 2 2 112 113 327 1768 328
3172 2 2 112 113 339 1768 338
3173 2 2 112 113 1763 1765 353
3174 2 2 112 113 348 1764 1762
3175 2 2 112 113 338 1770 337
3176 2 2 112 113 1763 1772 1765
3177 2 2 112 113 327 1770 338
3178 2 2 112 113 1766 1767 1763
3179 2 2 112 113 336 1766 1764
3180 2 2 112 113 326 1770 327
3181 2 2 112 113 1764 1766 1762
3182 2 2 112 113 1764 1774 335
3183 2 2 112 113 31 1773 324
3184 2 2 112 113 335 1774 34
3185 2 2 112 113 337 1770 1766
3186 2 2 112 113 346 1764 347
3187 2 2 112 113 348 1762 349
3188 2 2 112 113 353 1765 354
3189 2 2 112 113 351 1763 352
3190 2 2 112 113 328 1771 329
3191 2 2 112 113 340 1771 339
3192 2 2 112 113 1767 1772 1763
3193 2 2 112 113 354 1773 31
3194 2 2 112 113 34 1774 346
3195 2 2 112 113 324 1772 325
3196 2 2 112 113 325 1767 326
3197 2 2 112 113 337 1766 336
3198 2 2 112 113 338 1768 327
3199 2 2 112 113 340 1769 329
3200 2 2 112 113 1766 1770 1767
3201 2 2 112 113 325 1772 1767
3202 2 2 112 113 324 1773 1772
3203 2 2 112 113 328 1768 339
3204 2 2 112 113 1765 1773 354
3205 2 2 112 113 346 1774 1764
3206 2 2 112 113 330 1769 341
3207 2 2 112 113 1767 1770 326
3208 2 2 112 113 339 1771 328
3209 2 2 112 113 329 1771 340
3210 2 2 112 113 1772 1773 1765
3211 2 2 112 113 345 33 32
3212 2 2 112 113 345 32 334
3213 2 2 112 113 331 330 341
3214 2 2 112 113 332 331 342
3215 2 2 112 113 342 331 341
3216 2 2 112 113 333 332 343
3217 2 2 112 113 343 332 342
3218 2 2 112 113 334 333 344
3219 2 2 112 113 344 333 343
3220 2 2 112 113 345 334 344
3221 2 2 112 113 336 1764 335
3222 2 2 112 113 1762 1763 350
3223 2 2 113 114 361 1778 362
3224 2 2 113 114 356 1777 357
3225 2 2 113 114 369 1782 368
3226 2 2 113 114 317 1782 318
3227 2 2 113 114 371 1781 370
3228 2 2 113 114 319 1781 320
3229 2 2 113 114 359 1783 360
3230 2 2 113 114 1775 1778 361
3231 2 2 113 114 357 1777 1776
3232 2 2 113 114 358 1783 359
3233 2 2 113 114 320 1784 321
3234 2 2 113 114 1775 1786 1778
3235 2 2 113 114 371 1784 320
3236 2 2 113 114 322 1780 1777
3237 2 2 113 114 372 1784 371
3238 2 2 113 114 1777 1780 1776
3239 2 2 113 114 1777 1787 323
3240 2 2 113 114 323 1787 29
3241 2 2 113 114 35 1788 374
3242 2 2 113 114 321 1784 1780
3243 2 2 113 114 360 1783 1775
3244 2 2 113 114 1776 1783 358
3245 2 2 113 114 1775 1783 1779
3246 2 2 113 114 1780 1783 1776
3247 2 2 113 114 1779 1783 1780
3248 2 2 113 114 360 1775 361
3249 2 2 113 114 357 1776 358
3250 2 2 113 114 355 1777 356
3251 2 2 113 114 362 1778 363
3252 2 2 113 114 370 1785 369
3253 2 2 113 114 318 1785 319
3254 2 2 113 114 1779 1786 1775
3255 2 2 113 114 29 1787 355
3256 2 2 113 114 363 1788 35
3257 2 2 113 114 374 1786 373
3258 2 2 113 114 373 1779 372
3259 2 2 113 114 321 1780 322
3260 2 2 113 114 320 1781 371
3261 2 2 113 114 318 1782 369
3262 2 2 113 114 1780 1784 1779
3263 2 2 113 114 373 1786 1779
3264 2 2 113 114 374 1788 1786
3265 2 2 113 114 370 1781 319
3266 2 2 113 114 355 1787 1777
3267 2 2 113 114 1778 1788 363
3268 2 2 113 114 368 1782 317
3269 2 2 113 114 1779 1784 372
3270 2 2 113 114 319 1785 370
3271 2 2 113 114 369 1785 318
3272 2 2 113 114 1786 1788 1778
3273 2 2 113 114 36 313 30
3274 2 2 113 114 36 364 313
3275 2 2 113 114 313 365 314
3276 2 2 113 114 313 364 365
3277 2 2 113 114 314 366 315
3278 2 2 113 114 314 365 366
3279 2 2 113 114 315 367 316
3280 2 2 113 114 315 366 367
3281 2 2 113 114 316 368 317
3282 2 2 113 114 316 367 368
3283 2 2 113 114 322 1777 323
3284 2 2 113 115 387 1791 388
3285 2 2 113 115 389 1789 390
3286 2 2 113 115 392 1792 393
3287 2 2 113 115 390 1790 391
3288 2 2 113 115 1789 1793 1790
3289 2 2 113 115 381 1796 380
3290 2 2 113 115 340 1796 341
3291 2 2 113 115 379 1795 378
3292 2 2 113 115 338 1795 339
3293 2 2 113 115 1790 1792 392
3294 2 2 113 115 388 1791 1789
3295 2 2 113 115 1790 1799 1792
3296 2 2 113 115 337 1797 338
3297 2 2 113 115 1789 1794 1793
3298 2 2 113 115 338 1797 378
3299 2 2 113 115 376 1794 1791
3300 2 2 113 115 1791 1794 1789
3301 2 2 113 115 1791 1801 375
3302 2 2 113 115 378 1797 377
3303 2 2 113 115 34 1800 335
3304 2 2 113 115 375 1801 38
3305 2 2 113 115 1793 1797 337
3306 2 2 113 115 386 1791 387
3307 2 2 113 115 388 1789 389
3308 2 2 113 115 391 1790 392
3309 2 2 113 115 393 1792 394
3310 2 2 113 115 380 1798 379
3311 2 2 113 115 339 1798 340
3312 2 2 113 115 1793 1799 1790
3313 2 2 113 115 394 1800 34
3314 2 2 113 115 38 1801 386
3315 2 2 113 115 335 1799 336
3316 2 2 113 115 377 1794 376
3317 2 2 113 115 336 1793 337
3318 2 2 113 115 378 1795 338
3319 2 2 113 115 380 1796 340
3320 2 2 113 115 1794 1797 1793
3321 2 2 113 115 336 1799 1793
3322 2 2 113 115 335 1800 1799
3323 2 2 113 115 339 1795 379
3324 2 2 113 115 377 1797 1794
3325 2 2 113 115 1792 1800 394
3326 2 2 113 115 386 1801 1791
3327 2 2 113 115 341 1796 381
3328 2 2 113 115 379 1798 339
3329 2 2 113 115 340 1798 380
3330 2 2 113 115 1799 1800 1792
3331 2 2 113 115 385 37 33
3332 2 2 113 115 385 33 345
3333 2 2 113 115 342 341 381
3334 2 2 113 115 343 342 382
3335 2 2 113 115 382 342 381
3336 2 2 113 115 344 343 383
3337 2 2 113 115 383 343 382
3338 2 2 113 115 345 344 384
3339 2 2 113 115 384 344 383
3340 2 2 113 115 385 345 384
3341 2 2 113 115 376 1791 375
3342 2 2 113 115 1789 1790 390
3343 2 2 114 116 398 1802 399
3344 2 2 114 116 401 1805 402
3345 2 2 114 116 399 1803 400
3346 2 2 114 116 396 1804 397
3347 2 2 114 116 1802 1806 1803
3348 2 2 114 116 368 1809 369
3349 2 2 114 116 409 1809 408
3350 2 2 114 116 370 1808 371
3351 2 2 114 116 411 1808 410
3352 2 2 114 116 1803 1805 401
3353 2 2 114 116 397 1804 1802
3354 2 2 114 116 1803 1812 1805
3355 2 2 114 116 412 1810 411
3356 2 2 114 116 1806 1807 1803
3357 2 2 114 116 411 1810 371
3358 2 2 114 116 373 1806 1804
3359 2 2 114 116 1804 1806 1802
3360 2 2 114 116 1804 1813 374
3361 2 2 114 116 371 1810 372
3362 2 2 114 116 39 1814 414
3363 2 2 114 116 374 1813 35
3364 2 2 114 116 1807 1810 412
3365 2 2 114 116 397 1802 398
3366 2 2 114 116 402 1805 403
3367 2 2 114 116 395 1804 396
3368 2 2 114 116 400 1803 401
3369 2 2 114 116 369 1811 370
3370 2 2 114 116 410 1811 409
3371 2 2 114 116 1807 1812 1803
3372 2 2 114 116 35 1813 395
3373 2 2 114 116 403 1814 39
3374 2 2 114 116 414 1812 413
3375 2 2 114 116 372 1806 373
3376 2 2 114 116 413 1807 412
3377 2 2 114 116 371 1808 411
3378 2 2 114 116 369 1809 409
3379 2 2 114 116 1806 1810 1807
3380 2 2 114 116 413 1812 1807
3381 2 2 114 116 414 1814 1812
3382 2 2 114 116 410 1808 370
3383 2 2 114 116 372 1810 1806
3384 2 2 114 116 395 1813 1804
3385 2 2 114 116 1805 1814 403
3386 2 2 114 116 408 1809 368
3387 2 2 114 116 409 1811 369
3388 2 2 114 116 370 1811 410
3389 2 2 114 116 1812 1814 1805
3390 2 2 114 116 36 40 364
3391 2 2 114 116 40 404 364
3392 2 2 114 116 364 405 365
3393 2 2 114 116 364 404 405
3394 2 2 114 116 365 405 366
3395 2 2 114 116 366 406 367
3396 2 2 114 116 405 406 366
3397 2 2 114 116 367 407 368
3398 2 2 114 116 406 407 367
3399 2 2 114 116 407 408 368
3400 2 2 114 116 373 1804 374
3401 2 2 114 116 1802 1803 399
3402 2 2 114 117 429 1815 430
3403 2 2 114 117 430 1816 431
3404 2 2 114 117 427 1817 428
3405 2 2 114 117 432 1816 433
3406 2 2 114 117 1815 1819 1816
3407 2 2 114 117 380 1822 381
3408 2 2 114 117 421 1822 420
3409 2 2 114 117 378 1821 379
3410 2 2 114 117 419 1821 418
3411 2 2 114 117 1816 1818 433
3412 2 2 114 117 428 1817 1815
3413 2 2 114 117 418 1823 417
3414 2 2 114 117 1816 1825 1818
3415 2 2 114 117 378 1823 418
3416 2 2 114 117 1819 1820 1816
3417 2 2 114 117 416 1819 1817
3418 2 2 114 117 377 1823 378
3419 2 2 114 117 1817 1819 1815
3420 2 2 114 117 1817 1826 415
3421 2 2 114 117 38 1827 375
3422 2 2 114 117 415 1826 42
3423 2 2 114 117 417 1823 1819
3424 2 2 114 117 428 1815 429
3425 2 2 114 117 433 1818 434
3426 2 2 114 117 426 1817 427
3427 2 2 114 117 431 1816 432
3428 2 2 114 117 379 1824 380
3429 2 2 114 117 420 1824 419
3430 2 2 114 117 1820 1825 1816
3431 2 2 114 117 434 1827 38
3432 2 2 114 117 42 1826 426
3433 2 2 114 117 375 1825 376
3434 2 2 114 117 376 1820 377
3435 2 2 114 117 417 1819 416
3436 2 2 114 117 418 1821 378
3437 2 2 114 117 420 1822 380
3438 2 2 114 117 1819 1823 1820
3439 2 2 114 117 376 1825 1820
3440 2 2 114 117 375 1827 1825
3441 2 2 114 117 379 1821 419
3442 2 2 114 117 1818 1827 434
3443 2 2 114 117 426 1826 1817
3444 2 2 114 117 381 1822 421
3445 2 2 114 117 1820 1823 377
3446 2 2 114 117 419 1824 379
3447 2 2 114 117 380 1824 420
3448 2 2 114 117 1825 1827 1818
3449 2 2 114 117 425 41 37
3450 2 2 114 117 425 37 385
3451 2 2 114 117 382 381 421
3452 2 2 114 117 423 383 382
3453 2 2 114 117 422 382 421
3454 2 2 114 117 423 382 422
3455 2 2 114 117 424 384 383
3456 2 2 114 117 424 383 423
3457 2 2 114 117 385 384 424
3458 2 2 114 117 425 385 424
3459 2 2 114 117 416 1817 415
3460 2 2 114 117 1815 1816 430
3461 2 2 115 118 438 1828 439
3462 2 2 115 118 441 1831 442
3463 2 2 115 118 439 1829 440
3464 2 2 115 118 436 1830 437
3465 2 2 115 118 1828 1832 1829
3466 2 2 115 118 408 1835 409
3467 2 2 115 118 449 1835 450
3468 2 2 115 118 447 1834 448
3469 2 2 115 118 410 1834 411
3470 2 2 115 118 1829 1831 441
3471 2 2 115 118 437 1830 1828
3472 2 2 115 118 1829 1838 1831
3473 2 2 115 118 446 1836 447
3474 2 2 115 118 1832 1833 1829
3475 2 2 115 118 447 1836 411
3476 2 2 115 118 413 1832 1830
3477 2 2 115 118 1830 1832 1828
3478 2 2 115 118 1830 1840 414
3479 2 2 115 118 411 1836 412
3480 2 2 115 118 25 1839 444
3481 2 2 115 118 414 1840 39
3482 2 2 115 118 1833 1836 446
3483 2 2 115 118 437 1828 438
3484 2 2 115 118 442 1831 443
3485 2 2 115 118 435 1830 436
3486 2 2 115 118 440 1829 441
3487 2 2 115 118 448 1837 449
3488 2 2 115 118 409 1837 410
3489 2 2 115 118 1833 1838 1829
3490 2 2 115 118 39 1840 435
3491 2 2 115 118 443 1839 25
3492 2 2 115 118 444 1838 445
3493 2 2 115 118 412 1832 413
3494 2 2 115 118 445 1833 446
3495 2 2 115 118 411 1834 447
3496 2 2 115 118 409 1835 449
3497 2 2 115 118 1832 1836 1833
3498 2 2 115 118 445 1838 1833
3499 2 2 115 118 444 1839 1838
3500 2 2 115 118 448 1834 410
3501 2 2 115 118 412 1836 1832
3502 2 2 115 118 435 1840 1830
3503 2 2 115 118 1831 1839 443
3504 2 2 115 118 450 1835 408
3505 2 2 115 118 410 1837 448
3506 2 2 115 118 449 1837 409
3507 2 2 115 118 1838 1839 1831
3508 2 2 115 118 43 454 40
3509 2 2 115 118 40 454 404
3510 2 2 115 118 404 453 405
3511 2 2 115 118 404 454 453
3512 2 2 115 118 405 452 406
3513 2 2 115 118 405 453 452
3514 2 2 115 118 406 451 407
3515 2 2 115 118 406 452 451
3516 2 2 115 118 407 450 408
3517 2 2 115 118 407 451 450
3518 2 2 115 118 413 1830 414
3519 2 2 115 118 1828 1829 439
3520 2 2 115 119 472 1844 473
3521 2 2 115 119 467 1843 468
3522 2 2 115 119 459 1848 460
3523 2 2 115 119 420 1848 421
3524 2 2 115 119 418 1847 419
3525 2 2 115 119 461 1847 462
3526 2 2 115 119 470 1849 471
3527 2 2 115 119 468 1843 1842
3528 2 2 115 119 1841 1844 472
3529 2 2 115 119 469 1849 470
3530 2 2 115 119 1841 1852 1844
3531 2 2 115 119 417 1850 418
3532 2 2 115 119 418 1850 462
3533 2 2 115 119 464 1845 1843
3534 2 2 115 119 1843 1845 1842
3535 2 2 115 119 1843 1854 465
3536 2 2 115 119 462 1850 463
3537 2 2 115 119 42 1853 415
3538 2 2 115 119 465 1854 26
3539 2 2 115 119 1846 1850 417
3540 2 2 115 119 471 1849 1841
3541 2 2 115 119 1842 1849 469
3542 2 2 115 119 1841 1849 1846
3543 2 2 115 119 1845 1849 1842
3544 2 2 115 119 1846 1849 1845
3545 2 2 115 119 468 1842 469
3546 2 2 115 119 473 1844 474
3547 2 2 115 119 466 1843 467
3548 2 2 115 119 471 1841 472
3549 2 2 115 119 419 1851 420
3550 2 2 115 119 460 1851 461
3551 2 2 115 119 1846 1852 1841
3552 2 2 115 119 474 1853 42
3553 2 2 115 119 26 1854 466
3554 2 2 115 119 415 1852 416
3555 2 2 115 119 463 1845 464
3556 2 2 115 119 416 1846 417
3557 2 2 115 119 462 1847 418
3558 2 2 115 119 460 1848 420
3559 2 2 115 119 1845 1850 1846
3560 2 2 115 119 416 1852 1846
3561 2 2 115 119 415 1853 1852
3562 2 2 115 119 419 1847 461
3563 2 2 115 119 463 1850 1845
3564 2 2 115 119 1844 1853 474
3565 2 2 115 119 466 1854 1843
3566 2 2 115 119 421 1848 459
3567 2 2 115 119 461 1851 419
3568 2 2 115 119 420 1851 460
3569 2 2 115 119 1852 1853 1844
3570 2 2 115 119 425 44 41
3571 2 2 115 119 425 455 44
3572 2 2 115 119 421 458 422
3573 2 2 115 119 459 458 421
3574 2 2 115 119 422 457 423
3575 2 2 115 119 458 457 422
3576 2 2 115 119 423 456 424
3577 2 2 115 119 423 457 456
3578 2 2 115 119 424 455 425
3579 2 2 115 119 424 456 455
3580 2 2 115 119 464 1843 465
$EndElements
