$MeshFormat
2.2 0 8
$EndMeshFormat
$PhysicalNames
23
1 10 "top"
1 11 "bottom"
1 12 "left"
1 13 "right"
1 20 "soil_inner_wall"
1 21 "concrete_outer_wall"
2 1 "concrete"
2 6 "native_soil"
2 101 "layer_1"
2 102 "layer_2"
2 103 "layer_3"
2 104 "layer_4"
2 105 "layer_5"
2 106 "layer_6"
2 107 "layer_7"
2 108 "layer_8"
2 109 "layer_9"
2 110 "layer_10"
2 111 "layer_11"
2 112 "layer_12"
2 113 "layer_13"
2 114 "layer_14"
2 115 "layer_15"
$EndPhysicalNames
$Nodes
6364
1 -1.5 -0 0
2 1.5 -0 0
3 1.5 -0.4666666666666667 0
4 -1.5 -0.4666666666666667 0
5 1.5 -0.9333333333333333 0
6 -1.5 -0.9333333333333333 0
7 1.5 -1.4 0
8 -1.5 -1.4 0
9 1.5 -1.866666666666667 0
10 -1.5 -1.866666666666667 0
11 1.5 -2.333333333333333 0
12 -1.5 -2.333333333333333 0
13 1.5 -2.799999999999999 0
14 -1.5 -2.799999999999999 0
15 1.5 -3.266666666666667 0
16 -1.5 -3.266666666666667 0
17 1.5 -3.733333333333333 0
18 -1.5 -3.733333333333333 0
19 1.5 -4.2 0
20 -1.5 -4.2 0
21 1.5 -4.666666666666667 0
22 -1.5 -4.666666666666667 0
23 -0.85 -7 0
24 0.85 -7 0
25 0.85 -5 0
26 -0.85 -5 0
27 1.5 -5.133333333333334 0
28 0.9990711984999858 -5.133333333333333 0
29 1 -5.15 0
30 1 -5.600000000000001 0
31 1.5 -5.599999999999999 0
32 -0.9990711984999859 -5.133333333333333 0
33 -1.5 -5.133333333333334 0
34 -1.5 -5.599999999999999 0
35 -1 -5.600000000000001 0
36 -1 -5.15 0
37 1 -6.066666666666666 0
38 1.5 -6.066666666666666 0
39 -1.5 -6.066666666666666 0
40 -1 -6.066666666666666 0
41 1 -6.533333333333333 0
42 1.5 -6.533333333333333 0
43 -1.5 -6.533333333333333 0
44 -1 -6.533333333333333 0
45 1 -6.85 0
46 1.5 -7 0
47 -1.5 -7 0
48 -1 -6.85 0
49 -1.5 -30.5 0
50 1.5 -30.5 0
51 -0.85 -7 0
52 0.85 -7 0
53 -1 -6.85 0
54 1 -6.85 0
55 -1 -5.15 0
56 1 -5.15 0
57 -0.85 -5 0
58 0.85 -5 0
59 -0.8 -6.800000000000001 0
60 -0.8 -5.2 0
61 0.8 -6.800000000000001 0
62 0.8 -5.2 0
63 -1.421052631578947 0 0
64 -1.342105263157895 0 0
65 -1.263157894736842 0 0
66 -1.184210526315789 0 0
67 -1.105263157894737 0 0
68 -1.026315789473684 0 0
69 -0.9473684210526315 0 0
70 -0.868421052631579 0 0
71 -0.7894736842105263 0 0
72 -0.7105263157894737 0 0
73 -0.6315789473684211 0 0
74 -0.5526315789473685 0 0
75 -0.4736842105263159 0 0
76 -0.3947368421052631 0 0
77 -0.3157894736842106 0 0
78 -0.236842105263158 0 0
79 -0.1578947368421053 0 0
80 -0.07894736842105265 0 0
81 0 0 0
82 0.07894736842105265 0 0
83 0.1578947368421053 0 0
84 0.2368421052631577 0 0
85 0.3157894736842104 0 0
86 0.3947368421052631 0 0
87 0.4736842105263157 0 0
88 0.5526315789473681 0 0
89 0.6315789473684212 0 0
90 0.7105263157894739 0 0
91 0.7894736842105261 0 0
92 0.8684210526315788 0 0
93 0.9473684210526314 0 0
94 1.026315789473684 0 0
95 1.105263157894737 0 0
96 1.184210526315789 0 0
97 1.263157894736842 0 0
98 1.342105263157895 0 0
99 1.421052631578947 0 0
100 1.5 -0.07777777777777788 0
101 1.5 -0.1555555555555557 0
102 1.5 -0.2333333333333334 0
103 1.5 -0.3111111111111112 0
104 1.5 -0.3888888888888889 0
105 1.421052631578947 -0.4666666666666667 0
106 1.342105263157895 -0.4666666666666667 0
107 1.263157894736842 -0.4666666666666667 0
108 1.184210526315789 -0.4666666666666667 0
109 1.105263157894737 -0.4666666666666667 0
110 1.026315789473684 -0.4666666666666667 0
111 0.9473684210526315 -0.4666666666666667 0
112 0.868421052631579 -0.4666666666666667 0
113 0.7894736842105263 -0.4666666666666667 0
114 0.7105263157894737 -0.4666666666666667 0
115 0.6315789473684211 -0.4666666666666667 0
116 0.5526315789473685 -0.4666666666666667 0
117 0.4736842105263159 -0.4666666666666667 0
118 0.3947368421052631 -0.4666666666666667 0
119 0.3157894736842106 -0.4666666666666667 0
120 0.236842105263158 -0.4666666666666667 0
121 0.1578947368421053 -0.4666666666666667 0
122 0.07894736842105265 -0.4666666666666667 0
123 0 -0.4666666666666667 0
124 -0.07894736842105265 -0.4666666666666667 0
125 -0.1578947368421053 -0.4666666666666667 0
126 -0.2368421052631577 -0.4666666666666667 0
127 -0.3157894736842104 -0.4666666666666667 0
128 -0.3947368421052631 -0.4666666666666667 0
129 -0.4736842105263157 -0.4666666666666667 0
130 -0.5526315789473681 -0.4666666666666667 0
131 -0.6315789473684212 -0.4666666666666667 0
132 -0.7105263157894739 -0.4666666666666667 0
133 -0.7894736842105261 -0.4666666666666667 0
134 -0.8684210526315788 -0.4666666666666667 0
135 -0.9473684210526314 -0.4666666666666667 0
136 -1.026315789473684 -0.4666666666666667 0
137 -1.105263157894737 -0.4666666666666667 0
138 -1.184210526315789 -0.4666666666666667 0
139 -1.263157894736842 -0.4666666666666667 0
140 -1.342105263157895 -0.4666666666666667 0
141 -1.421052631578947 -0.4666666666666667 0
142 -1.5 -0.3888888888888888 0
143 -1.5 -0.311111111111111 0
144 -1.5 -0.2333333333333333 0
145 -1.5 -0.1555555555555555 0
146 -1.5 -0.07777777777777778 0
147 1.5 -0.5444444444444445 0
148 1.5 -0.6222222222222223 0
149 1.5 -0.7000000000000001 0
150 1.5 -0.7777777777777779 0
151 1.5 -0.8555555555555556 0
152 1.421052631578947 -0.9333333333333333 0
153 1.342105263157895 -0.9333333333333333 0
154 1.263157894736842 -0.9333333333333333 0
155 1.184210526315789 -0.9333333333333333 0
156 1.105263157894737 -0.9333333333333333 0
157 1.026315789473684 -0.9333333333333333 0
158 0.9473684210526315 -0.9333333333333333 0
159 0.868421052631579 -0.9333333333333333 0
160 0.7894736842105263 -0.9333333333333333 0
161 0.7105263157894737 -0.9333333333333333 0
162 0.6315789473684211 -0.9333333333333333 0
163 0.5526315789473685 -0.9333333333333333 0
164 0.4736842105263159 -0.9333333333333333 0
165 0.3947368421052631 -0.9333333333333333 0
166 0.3157894736842106 -0.9333333333333333 0
167 0.236842105263158 -0.9333333333333333 0
168 0.1578947368421053 -0.9333333333333333 0
169 0.07894736842105265 -0.9333333333333333 0
170 0 -0.9333333333333333 0
171 -0.07894736842105265 -0.9333333333333333 0
172 -0.1578947368421053 -0.9333333333333333 0
173 -0.2368421052631577 -0.9333333333333333 0
174 -0.3157894736842104 -0.9333333333333333 0
175 -0.3947368421052631 -0.9333333333333333 0
176 -0.4736842105263157 -0.9333333333333333 0
177 -0.5526315789473681 -0.9333333333333333 0
178 -0.6315789473684212 -0.9333333333333333 0
179 -0.7105263157894739 -0.9333333333333333 0
180 -0.7894736842105261 -0.9333333333333333 0
181 -0.8684210526315788 -0.9333333333333333 0
182 -0.9473684210526314 -0.9333333333333333 0
183 -1.026315789473684 -0.9333333333333333 0
184 -1.105263157894737 -0.9333333333333333 0
185 -1.184210526315789 -0.9333333333333333 0
186 -1.263157894736842 -0.9333333333333333 0
187 -1.342105263157895 -0.9333333333333333 0
188 -1.421052631578947 -0.9333333333333333 0
189 -1.5 -0.8555555555555555 0
190 -1.5 -0.7777777777777777 0
191 -1.5 -0.7 0
192 -1.5 -0.6222222222222222 0
193 -1.5 -0.5444444444444445 0
194 1.5 -1.011111111111111 0
195 1.5 -1.088888888888889 0
196 1.5 -1.166666666666667 0
197 1.5 -1.244444444444444 0
198 1.5 -1.322222222222222 0
199 1.421052631578947 -1.4 0
200 1.342105263157895 -1.4 0
201 1.263157894736842 -1.4 0
202 1.184210526315789 -1.4 0
203 1.105263157894737 -1.4 0
204 1.026315789473684 -1.4 0
205 0.9473684210526315 -1.4 0
206 0.868421052631579 -1.4 0
207 0.7894736842105263 -1.4 0
208 0.7105263157894737 -1.4 0
209 0.6315789473684211 -1.4 0
210 0.5526315789473685 -1.4 0
211 0.4736842105263159 -1.4 0
212 0.3947368421052631 -1.4 0
213 0.3157894736842106 -1.4 0
214 0.236842105263158 -1.4 0
215 0.1578947368421053 -1.4 0
216 0.07894736842105265 -1.4 0
217 0 -1.4 0
218 -0.07894736842105265 -1.4 0
219 -0.1578947368421053 -1.4 0
220 -0.2368421052631577 -1.4 0
221 -0.3157894736842104 -1.4 0
222 -0.3947368421052631 -1.4 0
223 -0.4736842105263157 -1.4 0
224 -0.5526315789473681 -1.4 0
225 -0.6315789473684212 -1.4 0
226 -0.7105263157894739 -1.4 0
227 -0.7894736842105261 -1.4 0
228 -0.8684210526315788 -1.4 0
229 -0.9473684210526314 -1.4 0
230 -1.026315789473684 -1.4 0
231 -1.105263157894737 -1.4 0
232 -1.184210526315789 -1.4 0
233 -1.263157894736842 -1.4 0
234 -1.342105263157895 -1.4 0
235 -1.421052631578947 -1.4 0
236 -1.5 -1.322222222222222 0
237 -1.5 -1.244444444444444 0
238 -1.5 -1.166666666666667 0
239 -1.5 -1.088888888888889 0
240 -1.5 -1.011111111111111 0
241 1.5 -1.477777777777778 0
242 1.5 -1.555555555555556 0
243 1.5 -1.633333333333333 0
244 1.5 -1.711111111111111 0
245 1.5 -1.788888888888889 0
246 1.421052631578947 -1.866666666666667 0
247 1.342105263157895 -1.866666666666667 0
248 1.263157894736842 -1.866666666666667 0
249 1.184210526315789 -1.866666666666667 0
250 1.105263157894737 -1.866666666666667 0
251 1.026315789473684 -1.866666666666667 0
252 0.9473684210526315 -1.866666666666667 0
253 0.868421052631579 -1.866666666666667 0
254 0.7894736842105263 -1.866666666666667 0
255 0.7105263157894737 -1.866666666666667 0
256 0.6315789473684211 -1.866666666666667 0
257 0.5526315789473685 -1.866666666666667 0
258 0.4736842105263159 -1.866666666666667 0
259 0.3947368421052631 -1.866666666666667 0
260 0.3157894736842106 -1.866666666666667 0
261 0.236842105263158 -1.866666666666667 0
262 0.1578947368421053 -1.866666666666667 0
263 0.07894736842105265 -1.866666666666667 0
264 0 -1.866666666666667 0
265 -0.07894736842105265 -1.866666666666667 0
266 -0.1578947368421053 -1.866666666666667 0
267 -0.2368421052631577 -1.866666666666667 0
268 -0.3157894736842104 -1.866666666666667 0
269 -0.3947368421052631 -1.866666666666667 0
270 -0.4736842105263157 -1.866666666666667 0
271 -0.5526315789473681 -1.866666666666667 0
272 -0.6315789473684212 -1.866666666666667 0
273 -0.7105263157894739 -1.866666666666667 0
274 -0.7894736842105261 -1.866666666666667 0
275 -0.8684210526315788 -1.866666666666667 0
276 -0.9473684210526314 -1.866666666666667 0
277 -1.026315789473684 -1.866666666666667 0
278 -1.105263157894737 -1.866666666666667 0
279 -1.184210526315789 -1.866666666666667 0
280 -1.263157894736842 -1.866666666666667 0
281 -1.342105263157895 -1.866666666666667 0
282 -1.421052631578947 -1.866666666666667 0
283 -1.5 -1.788888888888889 0
284 -1.5 -1.711111111111111 0
285 -1.5 -1.633333333333333 0
286 -1.5 -1.555555555555555 0
287 -1.5 -1.477777777777778 0
288 1.5 -1.944444444444445 0
289 1.5 -2.022222222222223 0
290 1.5 -2.1 0
291 1.5 -2.177777777777778 0
292 1.5 -2.255555555555556 0
293 1.421052631578947 -2.333333333333333 0
294 1.342105263157895 -2.333333333333333 0
295 1.263157894736842 -2.333333333333333 0
296 1.184210526315789 -2.333333333333333 0
297 1.105263157894737 -2.333333333333333 0
298 1.026315789473684 -2.333333333333333 0
299 0.9473684210526315 -2.333333333333333 0
300 0.868421052631579 -2.333333333333333 0
301 0.7894736842105263 -2.333333333333333 0
302 0.7105263157894737 -2.333333333333333 0
303 0.6315789473684211 -2.333333333333333 0
304 0.5526315789473685 -2.333333333333333 0
305 0.4736842105263159 -2.333333333333333 0
306 0.3947368421052631 -2.333333333333333 0
307 0.3157894736842106 -2.333333333333333 0
308 0.236842105263158 -2.333333333333333 0
309 0.1578947368421053 -2.333333333333333 0
310 0.07894736842105265 -2.333333333333333 0
311 0 -2.333333333333333 0
312 -0.07894736842105265 -2.333333333333333 0
313 -0.1578947368421053 -2.333333333333333 0
314 -0.2368421052631577 -2.333333333333333 0
315 -0.3157894736842104 -2.333333333333333 0
316 -0.3947368421052631 -2.333333333333333 0
317 -0.4736842105263157 -2.333333333333333 0
318 -0.5526315789473681 -2.333333333333333 0
319 -0.6315789473684212 -2.333333333333333 0
320 -0.7105263157894739 -2.333333333333333 0
321 -0.7894736842105261 -2.333333333333333 0
322 -0.8684210526315788 -2.333333333333333 0
323 -0.9473684210526314 -2.333333333333333 0
324 -1.026315789473684 -2.333333333333333 0
325 -1.105263157894737 -2.333333333333333 0
326 -1.184210526315789 -2.333333333333333 0
327 -1.263157894736842 -2.333333333333333 0
328 -1.342105263157895 -2.333333333333333 0
329 -1.421052631578947 -2.333333333333333 0
330 -1.5 -2.255555555555556 0
331 -1.5 -2.177777777777778 0
332 -1.5 -2.1 0
333 -1.5 -2.022222222222222 0
334 -1.5 -1.944444444444444 0
335 1.5 -2.411111111111111 0
336 1.5 -2.488888888888889 0
337 1.5 -2.566666666666667 0
338 1.5 -2.644444444444445 0
339 1.5 -2.722222222222222 0
340 1.421052631578947 -2.8 0
341 1.342105263157895 -2.8 0
342 1.263157894736842 -2.8 0
343 1.184210526315789 -2.8 0
344 1.105263157894737 -2.8 0
345 1.026315789473684 -2.8 0
346 0.9473684210526315 -2.8 0
347 0.868421052631579 -2.8 0
348 0.7894736842105263 -2.8 0
349 0.7105263157894737 -2.8 0
350 0.6315789473684211 -2.8 0
351 0.5526315789473685 -2.8 0
352 0.4736842105263159 -2.8 0
353 0.3947368421052631 -2.8 0
354 0.3157894736842106 -2.8 0
355 0.236842105263158 -2.8 0
356 0.1578947368421053 -2.8 0
357 0.07894736842105265 -2.8 0
358 0 -2.8 0
359 -0.07894736842105265 -2.8 0
360 -0.1578947368421053 -2.8 0
361 -0.2368421052631577 -2.8 0
362 -0.3157894736842104 -2.8 0
363 -0.3947368421052631 -2.8 0
364 -0.4736842105263157 -2.8 0
365 -0.5526315789473681 -2.8 0
366 -0.6315789473684212 -2.8 0
367 -0.7105263157894739 -2.8 0
368 -0.7894736842105261 -2.8 0
369 -0.8684210526315788 -2.8 0
370 -0.9473684210526314 -2.8 0
371 -1.026315789473684 -2.8 0
372 -1.105263157894737 -2.8 0
373 -1.184210526315789 -2.8 0
374 -1.263157894736842 -2.8 0
375 -1.342105263157895 -2.8 0
376 -1.421052631578947 -2.8 0
377 -1.5 -2.722222222222222 0
378 -1.5 -2.644444444444444 0
379 -1.5 -2.566666666666667 0
380 -1.5 -2.488888888888889 0
381 -1.5 -2.411111111111111 0
382 1.5 -2.877777777777778 0
383 1.5 -2.955555555555556 0
384 1.5 -3.033333333333333 0
385 1.5 -3.111111111111111 0
386 1.5 -3.188888888888889 0
387 1.421052631578947 -3.266666666666667 0
388 1.342105263157895 -3.266666666666667 0
389 1.263157894736842 -3.266666666666667 0
390 1.184210526315789 -3.266666666666667 0
391 1.105263157894737 -3.266666666666667 0
392 1.026315789473684 -3.266666666666667 0
393 0.9473684210526315 -3.266666666666667 0
394 0.868421052631579 -3.266666666666667 0
395 0.7894736842105263 -3.266666666666667 0
396 0.7105263157894737 -3.266666666666667 0
397 0.6315789473684211 -3.266666666666667 0
398 0.5526315789473685 -3.266666666666667 0
399 0.4736842105263159 -3.266666666666667 0
400 0.3947368421052631 -3.266666666666667 0
401 0.3157894736842106 -3.266666666666667 0
402 0.236842105263158 -3.266666666666667 0
403 0.1578947368421053 -3.266666666666667 0
404 0.07894736842105265 -3.266666666666667 0
405 0 -3.266666666666667 0
406 -0.07894736842105265 -3.266666666666667 0
407 -0.1578947368421053 -3.266666666666667 0
408 -0.2368421052631577 -3.266666666666667 0
409 -0.3157894736842104 -3.266666666666667 0
410 -0.3947368421052631 -3.266666666666667 0
411 -0.4736842105263157 -3.266666666666667 0
412 -0.5526315789473681 -3.266666666666667 0
413 -0.6315789473684212 -3.266666666666667 0
414 -0.7105263157894739 -3.266666666666667 0
415 -0.7894736842105261 -3.266666666666667 0
416 -0.8684210526315788 -3.266666666666667 0
417 -0.9473684210526314 -3.266666666666667 0
418 -1.026315789473684 -3.266666666666667 0
419 -1.105263157894737 -3.266666666666667 0
420 -1.184210526315789 -3.266666666666667 0
421 -1.263157894736842 -3.266666666666667 0
422 -1.342105263157895 -3.266666666666667 0
423 -1.421052631578947 -3.266666666666667 0
424 -1.5 -3.188888888888889 0
425 -1.5 -3.111111111111111 0
426 -1.5 -3.033333333333333 0
427 -1.5 -2.955555555555555 0
428 -1.5 -2.877777777777778 0
429 1.5 -3.344444444444445 0
430 1.5 -3.422222222222222 0
431 1.5 -3.5 0
432 1.5 -3.577777777777778 0
433 1.5 -3.655555555555555 0
434 1.421052631578947 -3.733333333333333 0
435 1.342105263157895 -3.733333333333333 0
436 1.263157894736842 -3.733333333333333 0
437 1.184210526315789 -3.733333333333333 0
438 1.105263157894737 -3.733333333333333 0
439 1.026315789473684 -3.733333333333333 0
440 0.9473684210526315 -3.733333333333333 0
441 0.868421052631579 -3.733333333333333 0
442 0.7894736842105263 -3.733333333333333 0
443 0.7105263157894737 -3.733333333333333 0
444 0.6315789473684211 -3.733333333333333 0
445 0.5526315789473685 -3.733333333333333 0
446 0.4736842105263159 -3.733333333333333 0
447 0.3947368421052631 -3.733333333333333 0
448 0.3157894736842106 -3.733333333333333 0
449 0.236842105263158 -3.733333333333333 0
450 0.1578947368421053 -3.733333333333333 0
451 0.07894736842105265 -3.733333333333333 0
452 0 -3.733333333333333 0
453 -0.07894736842105265 -3.733333333333333 0
454 -0.1578947368421053 -3.733333333333333 0
455 -0.2368421052631577 -3.733333333333333 0
456 -0.3157894736842104 -3.733333333333333 0
457 -0.3947368421052631 -3.733333333333333 0
458 -0.4736842105263157 -3.733333333333333 0
459 -0.5526315789473681 -3.733333333333333 0
460 -0.6315789473684212 -3.733333333333333 0
461 -0.7105263157894739 -3.733333333333333 0
462 -0.7894736842105261 -3.733333333333333 0
463 -0.8684210526315788 -3.733333333333333 0
464 -0.9473684210526314 -3.733333333333333 0
465 -1.026315789473684 -3.733333333333333 0
466 -1.105263157894737 -3.733333333333333 0
467 -1.184210526315789 -3.733333333333333 0
468 -1.263157894736842 -3.733333333333333 0
469 -1.342105263157895 -3.733333333333333 0
470 -1.421052631578947 -3.733333333333333 0
471 -1.5 -3.655555555555555 0
472 -1.5 -3.577777777777778 0
473 -1.5 -3.5 0
474 -1.5 -3.422222222222222 0
475 -1.5 -3.344444444444445 0
476 1.5 -3.811111111111111 0
477 1.5 -3.888888888888889 0
478 1.5 -3.966666666666667 0
479 1.5 -4.044444444444444 0
480 1.5 -4.122222222222223 0
481 1.421052631578947 -4.2 0
482 1.342105263157895 -4.2 0
483 1.263157894736842 -4.2 0
484 1.184210526315789 -4.2 0
485 1.105263157894737 -4.2 0
486 1.026315789473684 -4.2 0
487 0.9473684210526315 -4.2 0
488 0.868421052631579 -4.2 0
489 0.7894736842105263 -4.2 0
490 0.7105263157894737 -4.2 0
491 0.6315789473684211 -4.2 0
492 0.5526315789473685 -4.2 0
493 0.4736842105263159 -4.2 0
494 0.3947368421052631 -4.2 0
495 0.3157894736842106 -4.2 0
496 0.236842105263158 -4.2 0
497 0.1578947368421053 -4.2 0
498 0.07894736842105265 -4.2 0
499 0 -4.2 0
500 -0.07894736842105265 -4.2 0
501 -0.1578947368421053 -4.2 0
502 -0.2368421052631577 -4.2 0
503 -0.3157894736842104 -4.2 0
504 -0.3947368421052631 -4.2 0
505 -0.4736842105263157 -4.2 0
506 -0.5526315789473681 -4.2 0
507 -0.6315789473684212 -4.2 0
508 -0.7105263157894739 -4.2 0
509 -0.7894736842105261 -4.2 0
510 -0.8684210526315788 -4.2 0
511 -0.9473684210526314 -4.2 0
512 -1.026315789473684 -4.2 0
513 -1.105263157894737 -4.2 0
514 -1.184210526315789 -4.2 0
515 -1.263157894736842 -4.2 0
516 -1.342105263157895 -4.2 0
517 -1.421052631578947 -4.2 0
518 -1.5 -4.122222222222223 0
519 -1.5 -4.044444444444444 0
520 -1.5 -3.966666666666667 0
521 -1.5 -3.888888888888889 0
522 -1.5 -3.811111111111111 0
523 1.5 -4.277777777777778 0
524 1.5 -4.355555555555556 0
525 1.5 -4.433333333333334 0
526 1.5 -4.511111111111111 0
527 1.5 -4.588888888888889 0
528 1.421052631578947 -4.666666666666667 0
529 1.342105263157895 -4.666666666666667 0
530 1.263157894736842 -4.666666666666667 0
531 1.184210526315789 -4.666666666666667 0
532 1.105263157894737 -4.666666666666667 0
533 1.026315789473684 -4.666666666666667 0
534 0.9473684210526315 -4.666666666666667 0
535 0.868421052631579 -4.666666666666667 0
536 0.7894736842105263 -4.666666666666667 0
537 0.7105263157894737 -4.666666666666667 0
538 0.6315789473684211 -4.666666666666667 0
539 0.5526315789473685 -4.666666666666667 0
540 0.4736842105263159 -4.666666666666667 0
541 0.3947368421052631 -4.666666666666667 0
542 0.3157894736842106 -4.666666666666667 0
543 0.236842105263158 -4.666666666666667 0
544 0.1578947368421053 -4.666666666666667 0
545 0.07894736842105265 -4.666666666666667 0
546 0 -4.666666666666667 0
547 -0.07894736842105265 -4.666666666666667 0
548 -0.1578947368421053 -4.666666666666667 0
549 -0.2368421052631577 -4.666666666666667 0
550 -0.3157894736842104 -4.666666666666667 0
551 -0.3947368421052631 -4.666666666666667 0
552 -0.4736842105263157 -4.666666666666667 0
553 -0.5526315789473681 -4.666666666666667 0
554 -0.6315789473684212 -4.666666666666667 0
555 -0.7105263157894739 -4.666666666666667 0
556 -0.7894736842105261 -4.666666666666667 0
557 -0.8684210526315788 -4.666666666666667 0
558 -0.9473684210526314 -4.666666666666667 0
559 -1.026315789473684 -4.666666666666667 0
560 -1.105263157894737 -4.666666666666667 0
561 -1.184210526315789 -4.666666666666667 0
562 -1.263157894736842 -4.666666666666667 0
563 -1.342105263157895 -4.666666666666667 0
564 -1.421052631578947 -4.666666666666667 0
565 -1.5 -4.588888888888889 0
566 -1.5 -4.511111111111111 0
567 -1.5 -4.433333333333334 0
568 -1.5 -4.355555555555556 0
569 -1.5 -4.277777777777778 0
570 -0.8002231584319046 -7 0
571 -0.7477817457396855 -7 0
572 -0.6769650453260971 -7 0
573 -0.5973220988171446 -7 0
574 -0.5176791523081922 -7 0
575 -0.4380362057992396 -7 0
576 -0.3583932592902871 -7 0
577 -0.2787503127813347 -7 0
578 -0.1991073662723819 -7 0
579 -0.1194644197634294 -7 0
580 -0.0398214732544766 -7 0
581 0.03982147325447605 -7 0
582 0.1194644197634287 -7 0
583 0.1991073662723813 -7 0
584 0.2787503127813339 -7 0
585 0.3583932592902866 -7 0
586 0.4380362057992392 -7 0
587 0.5176791523081917 -7 0
588 0.5973220988171438 -7 0
589 0.6769650453260968 -7 0
590 0.7477817457396853 -7 0
591 0.8002231584319049 -7 0
592 0.800217436070769 -5 0
593 0.7478020122366885 -5 0
594 0.677042869437543 -5 0
595 0.5973907671507735 -5 0
596 0.5177386648640041 -5 0
597 0.4380865625772345 -5 0
598 0.3584344602904651 -5 0
599 0.2787823580036957 -5 0
600 0.199130255716926 -5 0
601 0.1194781534301564 -5 0
602 0.03982605114338678 -5 0
603 -0.03982605114338289 -5 0
604 -0.1194781534301524 -5 0
605 -0.1991302557169222 -5 0
606 -0.2787823580036918 -5 0
607 -0.3584344602904613 -5 0
608 -0.4380865625772309 -5 0
609 -0.5177386648640004 -5 0
610 -0.5973907671507698 -5 0
611 -0.6770428694375396 -5 0
612 -0.7478020122366859 -5 0
613 -0.8002174360707693 -5 0
614 1.428953234328336 -5.133333333333334 0
615 1.357906468656672 -5.133333333333334 0
616 1.286859702985008 -5.133333333333334 0
617 1.215812937313344 -5.133333333333334 0
618 1.145414642031705 -5.133333333333334 0
619 1.088522447170051 -5.133333333333334 0
620 1.043475427044776 -5.133333333333334 0
621 1 -5.526120756795438 0
622 1 -5.452241513590875 0
623 1 -5.378362270386313 0
624 1 -5.304629218110047 0
625 1 -5.243449561476589 0
626 1 -5.196174527002852 0
627 1.428571428571429 -5.600000000000001 0
628 1.357142857142857 -5.600000000000001 0
629 1.285714285714286 -5.600000000000001 0
630 1.214285714285714 -5.600000000000001 0
631 1.142857142857143 -5.600000000000001 0
632 1.071428571428571 -5.600000000000001 0
633 1.5 -5.211111111111111 0
634 1.5 -5.28888888888889 0
635 1.5 -5.366666666666667 0
636 1.5 -5.444444444444445 0
637 1.5 -5.522222222222223 0
638 -1.043475427044776 -5.133333333333334 0
639 -1.088522447170051 -5.133333333333334 0
640 -1.145414642031706 -5.133333333333334 0
641 -1.215812937313344 -5.133333333333334 0
642 -1.286859702985008 -5.133333333333334 0
643 -1.357906468656672 -5.133333333333334 0
644 -1.428953234328336 -5.133333333333334 0
645 -1.5 -5.522222222222223 0
646 -1.5 -5.444444444444445 0
647 -1.5 -5.366666666666667 0
648 -1.5 -5.28888888888889 0
649 -1.5 -5.211111111111111 0
650 -1.071428571428572 -5.600000000000001 0
651 -1.142857142857143 -5.600000000000001 0
652 -1.214285714285714 -5.600000000000001 0
653 -1.285714285714286 -5.600000000000001 0
654 -1.357142857142857 -5.600000000000001 0
655 -1.428571428571429 -5.600000000000001 0
656 -1 -5.196174527002852 0
657 -1 -5.243449561476589 0
658 -1 -5.304629218110047 0
659 -1 -5.378362270386313 0
660 -1 -5.452241513590875 0
661 -1 -5.526120756795438 0
662 1 -5.988888888888889 0
663 1 -5.911111111111111 0
664 1 -5.833333333333333 0
665 1 -5.755555555555556 0
666 1 -5.677777777777778 0
667 1.428571428571429 -6.066666666666666 0
668 1.357142857142857 -6.066666666666666 0
669 1.285714285714286 -6.066666666666666 0
670 1.214285714285714 -6.066666666666666 0
671 1.142857142857143 -6.066666666666666 0
672 1.071428571428571 -6.066666666666666 0
673 1.5 -5.677777777777777 0
674 1.5 -5.755555555555556 0
675 1.5 -5.833333333333333 0
676 1.5 -5.911111111111111 0
677 1.5 -5.988888888888889 0
678 -1.5 -5.988888888888889 0
679 -1.5 -5.911111111111111 0
680 -1.5 -5.833333333333333 0
681 -1.5 -5.755555555555556 0
682 -1.5 -5.677777777777777 0
683 -1.071428571428572 -6.066666666666666 0
684 -1.142857142857143 -6.066666666666666 0
685 -1.214285714285714 -6.066666666666666 0
686 -1.285714285714286 -6.066666666666666 0
687 -1.357142857142857 -6.066666666666666 0
688 -1.428571428571429 -6.066666666666666 0
689 -1 -5.677777777777778 0
690 -1 -5.755555555555556 0
691 -1 -5.833333333333334 0
692 -1 -5.911111111111111 0
693 -1 -5.988888888888889 0
694 1 -6.455555555555556 0
695 1 -6.377777777777777 0
696 1 -6.3 0
697 1 -6.222222222222222 0
698 1 -6.144444444444444 0
699 1.428571428571429 -6.533333333333333 0
700 1.357142857142857 -6.533333333333333 0
701 1.285714285714286 -6.533333333333333 0
702 1.214285714285714 -6.533333333333333 0
703 1.142857142857143 -6.533333333333333 0
704 1.071428571428571 -6.533333333333333 0
705 1.5 -6.144444444444444 0
706 1.5 -6.222222222222222 0
707 1.5 -6.3 0
708 1.5 -6.377777777777777 0
709 1.5 -6.455555555555556 0
710 -1.5 -6.455555555555556 0
711 -1.5 -6.377777777777777 0
712 -1.5 -6.3 0
713 -1.5 -6.222222222222222 0
714 -1.5 -6.144444444444444 0
715 -1.071428571428572 -6.533333333333333 0
716 -1.142857142857143 -6.533333333333333 0
717 -1.214285714285714 -6.533333333333333 0
718 -1.285714285714286 -6.533333333333333 0
719 -1.357142857142857 -6.533333333333333 0
720 -1.428571428571429 -6.533333333333333 0
721 -1 -6.144444444444444 0
722 -1 -6.222222222222222 0
723 -1 -6.3 0
724 -1 -6.377777777777778 0
725 -1 -6.455555555555556 0
726 1 -6.802188901605286 0
727 1 -6.752467519583528 0
728 1 -6.686328848196419 0
729 1 -6.609831090764876 0
730 0.8963525491562421 -6.992658477444273 0
731 0.9381677878438709 -6.971352549156242 0
732 0.971352549156242 -6.938167787843871 0
733 0.992658477444273 -6.896352549156242 0
734 1.422711071097107 -7 0
735 1.345422142194213 -7 0
736 1.26813321329132 -7 0
737 1.190844284388427 -7 0
738 1.113555355485534 -7 0
739 1.045599953160618 -7 0
740 0.9949167416929255 -7 0
741 0.9466111611286172 -7 0
742 0.8983055805643086 -7 0
743 1.5 -6.611111111111111 0
744 1.5 -6.688888888888889 0
745 1.5 -6.766666666666667 0
746 1.5 -6.844444444444444 0
747 1.5 -6.922222222222222 0
748 -1.5 -6.922222222222222 0
749 -1.5 -6.844444444444444 0
750 -1.5 -6.766666666666667 0
751 -1.5 -6.688888888888889 0
752 -1.5 -6.611111111111111 0
753 -0.8983055805643083 -7 0
754 -0.946611161128617 -7 0
755 -0.9949167416929252 -7 0
756 -1.045599953160619 -7 0
757 -1.113555355485536 -7 0
758 -1.190844284388429 -7 0
759 -1.268133213291321 -7 0
760 -1.345422142194214 -7 0
761 -1.422711071097107 -7 0
762 -0.992658477444273 -6.896352549156242 0
763 -0.9713525491562421 -6.938167787843871 0
764 -0.938167787843871 -6.971352549156242 0
765 -0.8963525491562421 -6.992658477444273 0
766 -1 -6.609831090764875 0
767 -1 -6.686328848196418 0
768 -1 -6.752467519583528 0
769 -1 -6.802188901605286 0
770 -0.5 -30.5 0
771 0.5 -30.5 0
772 1.5 -29.52263708650694 0
773 1.5 -28.58712256881437 0
774 1.5 -27.69166473339318 0
775 1.5 -26.83454831426051 0
776 1.5 -26.01413186146794 0
777 1.5 -25.22884391915984 0
778 1.5 -24.47718021465102 0
779 1.5 -23.75770098271504 0
780 1.5 -23.06902839081942 0
781 1.5 -22.40984322486972 0
782 1.5 -21.77888293762671 0
783 1.5 -21.17493902742442 0
784 1.5 -20.5968546279307 0
785 1.5 -20.04352252939702 0
786 1.5 -19.51388296961701 0
787 1.5 -19.00692139184218 0
788 1.5 -18.52166678408794 0
789 1.5 -18.05718972288476 0
790 1.5 -17.61260055042154 0
791 1.5 -17.18704766455241 0
792 1.5 -16.77971606976098 0
793 1.5 -16.38982554488485 0
794 1.5 -16.01662923080122 0
795 1.5 -15.65941234613892 0
796 1.5 -15.31749073118975 0
797 1.5 -14.99020947803112 0
798 1.5 -14.67694167894186 0
799 1.5 -14.37708731755028 0
800 1.5 -14.09007205719885 0
801 1.5 -13.81534619218978 0
802 1.5 -13.55238346148981 0
803 1.5 -13.30068022250251 0
804 1.5 -13.05975436646596 0
805 1.5 -12.82914440653871 0
806 1.5 -12.60840870183269 0
807 1.5 -12.39712440592282 0
808 1.5 -12.1948868362419 0
809 1.5 -12.00130863077344 0
810 1.5 -11.81601905190172 0
811 1.5 -11.63866309159733 0
812 1.5 -11.46890118248134 0
813 1.5 -11.30640809259767 0
814 1.5 -11.15087259892428 0
815 1.5 -11.00199681073349 0
816 1.5 -10.85949555051597 0
817 1.5 -10.72309588163499 0
818 1.5 -10.59253654678954 0
819 1.5 -10.46756746594977 0
820 1.5 -10.34794930988082 0
821 1.5 -10.23345293163889 0
822 1.5 -10.12385902756973 0
823 1.5 -10.01895771724344 0
824 1.5 -9.918548039796669 0
825 1.5 -9.822437685275759 0
826 1.5 -9.730442560325596 0
827 1.5 -9.64238644307849 0
828 1.5 -9.558100721672318 0
829 1.5 -9.477283210878895 0
830 1.5 -9.397370849237642 0
831 1.5 -9.317458487596387 0
832 1.5 -9.237546125955131 0
833 1.5 -9.157633764313879 0
834 1.5 -9.077721402672623 0
835 1.5 -8.997809041031367 0
836 1.5 -8.917896679390115 0
837 1.5 -8.837984317748859 0
838 1.5 -8.758071956107603 0
839 1.5 -8.678159594466351 0
840 1.5 -8.598247232825095 0
841 1.5 -8.518334871183839 0
842 1.5 -8.438422509542583 0
843 1.5 -8.358510147901331 0
844 1.5 -8.278597786260075 0
845 1.5 -8.198685424618823 0
846 1.5 -8.118773062977567 0
847 1.5 -8.038860701336311 0
848 1.5 -7.958948339695056 0
849 1.5 -7.879035978053803 0
850 1.5 -7.799123616412547 0
851 1.5 -7.719211254771292 0
852 1.5 -7.639298893130039 0
853 1.5 -7.559386531488784 0
854 1.5 -7.479474169847528 0
855 1.5 -7.399561808206276 0
856 1.5 -7.31964944656502 0
857 1.5 -7.239737084923764 0
858 1.5 -7.159824723282512 0
859 1.5 -7.079912361641256 0
860 -1.5 -7.079912361641254 0
861 -1.5 -7.159824723282509 0
862 -1.5 -7.239737084923763 0
863 -1.5 -7.319649446565018 0
864 -1.5 -7.399561808206272 0
865 -1.5 -7.479474169847527 0
866 -1.5 -7.559386531488781 0
867 -1.5 -7.639298893130036 0
868 -1.5 -7.71921125477129 0
869 -1.5 -7.799123616412544 0
870 -1.5 -7.879035978053799 0
871 -1.5 -7.958948339695053 0
872 -1.5 -8.038860701336308 0
873 -1.5 -8.118773062977562 0
874 -1.5 -8.198685424618816 0
875 -1.5 -8.278597786260072 0
876 -1.5 -8.358510147901326 0
877 -1.5 -8.43842250954258 0
878 -1.5 -8.518334871183834 0
879 -1.5 -8.598247232825088 0
880 -1.5 -8.678159594466344 0
881 -1.5 -8.758071956107598 0
882 -1.5 -8.837984317748852 0
883 -1.5 -8.917896679390106 0
884 -1.5 -8.99780904103136 0
885 -1.5 -9.077721402672616 0
886 -1.5 -9.15763376431387 0
887 -1.5 -9.237546125955124 0
888 -1.5 -9.31745848759638 0
889 -1.5 -9.397370849237634 0
890 -1.5 -9.477283210878888 0
891 -1.5 -9.558100721672309 0
892 -1.5 -9.642386443078479 0
893 -1.5 -9.730442560325583 0
894 -1.5 -9.822437685275748 0
895 -1.5 -9.918548039796654 0
896 -1.5 -10.01895771724343 0
897 -1.5 -10.12385902756971 0
898 -1.5 -10.23345293163888 0
899 -1.5 -10.34794930988081 0
900 -1.5 -10.46756746594975 0
901 -1.5 -10.59253654678952 0
902 -1.5 -10.72309588163497 0
903 -1.5 -10.85949555051594 0
904 -1.5 -11.00199681073347 0
905 -1.5 -11.15087259892426 0
906 -1.5 -11.30640809259764 0
907 -1.5 -11.46890118248131 0
908 -1.5 -11.63866309159729 0
909 -1.5 -11.81601905190169 0
910 -1.5 -12.00130863077341 0
911 -1.5 -12.19488683624186 0
912 -1.5 -12.39712440592278 0
913 -1.5 -12.60840870183265 0
914 -1.5 -12.82914440653866 0
915 -1.5 -13.05975436646591 0
916 -1.5 -13.30068022250247 0
917 -1.5 -13.55238346148974 0
918 -1.5 -13.81534619218971 0
919 -1.5 -14.09007205719878 0
920 -1.5 -14.37708731755021 0
921 -1.5 -14.67694167894179 0
922 -1.5 -14.99020947803107 0
923 -1.5 -15.3174907311897 0
924 -1.5 -15.65941234613878 0
925 -1.5 -16.01662923080108 0
926 -1.5 -16.38982554488473 0
927 -1.5 -16.77971606976082 0
928 -1.5 -17.18704766455229 0
929 -1.5 -17.61260055042142 0
930 -1.5 -18.05718972288462 0
931 -1.5 -18.52166678408783 0
932 -1.5 -19.0069213918421 0
933 -1.5 -19.51388296961695 0
934 -1.5 -20.04352252939698 0
935 -1.5 -20.5968546279307 0
936 -1.5 -21.17493902742443 0
937 -1.5 -21.77888293762679 0
938 -1.5 -22.40984322486977 0
939 -1.5 -23.06902839081948 0
940 -1.5 -23.75770098271509 0
941 -1.5 -24.47718021465109 0
942 -1.5 -25.22884391915991 0
943 -1.5 -26.014131861468 0
944 -1.5 -26.83454831426057 0
945 -1.5 -27.6916647333933 0
946 -1.5 -28.58712256881444 0
947 -1.5 -29.522637086507 0
948 -1.5 -5.055555555555556 0
949 -1.5 -4.977777777777778 0
950 -1.5 -4.9 0
951 -1.5 -4.822222222222223 0
952 -1.5 -4.744444444444444 0
953 -0.8931645717663389 -5.006344788663172 0
954 -0.9326775423914276 -5.024842403410286 0
955 -0.9651962259009952 -5.053927998156763 0
956 -0.9879696333020709 -5.091141013545151 0
957 0.9879696333020708 -5.091141013545151 0
958 0.9651962259009951 -5.053927998156763 0
959 0.9326775423914274 -5.024842403410286 0
960 0.8931645717663387 -5.006344788663172 0
961 1.5 -4.744444444444444 0
962 1.5 -4.822222222222223 0
963 1.5 -4.9 0
964 1.5 -4.977777777777778 0
965 1.5 -5.055555555555556 0
966 -0.8002231584319046 -7 0
967 -0.7477817457396855 -7 0
968 -0.6769650453260971 -7 0
969 -0.5973220988171446 -7 0
970 -0.5176791523081922 -7 0
971 -0.4380362057992396 -7 0
972 -0.3583932592902871 -7 0
973 -0.2787503127813347 -7 0
974 -0.1991073662723819 -7 0
975 -0.1194644197634294 -7 0
976 -0.0398214732544766 -7 0
977 0.03982147325447605 -7 0
978 0.1194644197634287 -7 0
979 0.1991073662723813 -7 0
980 0.2787503127813339 -7 0
981 0.3583932592902866 -7 0
982 0.4380362057992392 -7 0
983 0.5176791523081917 -7 0
984 0.5973220988171438 -7 0
985 0.6769650453260968 -7 0
986 0.7477817457396853 -7 0
987 0.8002231584319049 -7 0
988 -0.992658477444273 -6.896352549156242 0
989 -0.9713525491562421 -6.938167787843871 0
990 -0.938167787843871 -6.971352549156242 0
991 -0.8963525491562421 -6.992658477444273 0
992 0.8963525491562421 -6.992658477444273 0
993 0.9381677878438709 -6.971352549156242 0
994 0.971352549156242 -6.938167787843871 0
995 0.992658477444273 -6.896352549156242 0
996 -1 -5.199814087043447 0
997 -1 -5.251878880744451 0
998 -1 -5.321848811354315 0
999 -1 -5.401545638732175 0
1000 -1 -5.481248178001691 0
1001 -1 -5.560950717271204 0
1002 -1 -5.640653256540719 0
1003 -1 -5.720355795810233 0
1004 -1 -5.800058335079748 0
1005 -1 -5.879760874349262 0
1006 -1 -5.959463413618778 0
1007 -1 -6.039165952888292 0
1008 -1 -6.118868492157807 0
1009 -1 -6.198571031427321 0
1010 -1 -6.278273570696836 0
1011 -1 -6.357976109966351 0
1012 -1 -6.437678649235865 0
1013 -1 -6.51738118850538 0
1014 -1 -6.597083727774894 0
1015 -1 -6.67678626704441 0
1016 -1 -6.747691859273169 0
1017 -1 -6.800185912956554 0
1018 1 -6.800185912956553 0
1019 1 -6.74769185927317 0
1020 1 -6.67678626704441 0
1021 1 -6.597083727774896 0
1022 1 -6.517381188505381 0
1023 1 -6.437678649235867 0
1024 1 -6.357976109966352 0
1025 1 -6.278273570696838 0
1026 1 -6.198571031427322 0
1027 1 -6.118868492157808 0
1028 1 -6.039165952888293 0
1029 1 -5.959463413618779 0
1030 1 -5.879760874349263 0
1031 1 -5.800058335079749 0
1032 1 -5.720355795810234 0
1033 1 -5.64065325654072 0
1034 1 -5.560950717271204 0
1035 1 -5.481248178001691 0
1036 1 -5.401545638732176 0
1037 1 -5.321848811354314 0
1038 1 -5.251878880744451 0
1039 1 -5.199814087043447 0
1040 -0.8963525491562422 -5.007341522555727 0
1041 -0.938167787843871 -5.028647450843758 0
1042 -0.9713525491562423 -5.06183221215613 0
1043 -0.992658477444273 -5.103647450843758 0
1044 0.992658477444273 -5.103647450843758 0
1045 0.971352549156242 -5.061832212156129 0
1046 0.9381677878438709 -5.028647450843758 0
1047 0.896352549156242 -5.007341522555727 0
1048 0.800217436070769 -5 0
1049 0.7478020122366885 -5 0
1050 0.677042869437543 -5 0
1051 0.5973907671507735 -5 0
1052 0.5177386648640041 -5 0
1053 0.4380865625772345 -5 0
1054 0.3584344602904651 -5 0
1055 0.2787823580036957 -5 0
1056 0.199130255716926 -5 0
1057 0.1194781534301564 -5 0
1058 0.03982605114338678 -5 0
1059 -0.03982605114338289 -5 0
1060 -0.1194781534301524 -5 0
1061 -0.1991302557169222 -5 0
1062 -0.2787823580036918 -5 0
1063 -0.3584344602904613 -5 0
1064 -0.4380865625772309 -5 0
1065 -0.5177386648640004 -5 0
1066 -0.5973907671507698 -5 0
1067 -0.6770428694375396 -5 0
1068 -0.7478020122366859 -5 0
1069 -0.8002174360707693 -5 0
1070 -0.8 -6.720000000000001 0
1071 -0.8 -6.640000000000001 0
1072 -0.8 -6.56 0
1073 -0.8 -6.48 0
1074 -0.8 -6.4 0
1075 -0.8 -6.32 0
1076 -0.8 -6.239999999999999 0
1077 -0.8 -6.159999999999999 0
1078 -0.8 -6.079999999999999 0
1079 -0.8 -5.999999999999999 0
1080 -0.8 -5.919999999999999 0
1081 -0.8 -5.839999999999999 0
1082 -0.8 -5.759999999999999 0
1083 -0.8 -5.679999999999999 0
1084 -0.8 -5.599999999999999 0
1085 -0.8 -5.519999999999999 0
1086 -0.8 -5.44 0
1087 -0.8 -5.359999999999999 0
1088 -0.8 -5.279999999999999 0
1089 0.72 -6.800000000000001 0
1090 0.6399999999999999 -6.800000000000001 0
1091 0.5599999999999998 -6.800000000000001 0
1092 0.4799999999999996 -6.800000000000001 0
1093 0.3999999999999995 -6.800000000000001 0
1094 0.3199999999999992 -6.800000000000001 0
1095 0.2399999999999991 -6.800000000000001 0
1096 0.1599999999999989 -6.800000000000001 0
1097 0.07999999999999885 -6.800000000000001 0
1098 -1.110223024625157e-15 -6.800000000000001 0
1099 -0.08000000000000118 -6.800000000000001 0
1100 -0.1600000000000013 -6.800000000000001 0
1101 -0.2400000000000013 -6.800000000000001 0
1102 -0.3200000000000012 -6.800000000000001 0
1103 -0.400000000000001 -6.800000000000001 0
1104 -0.4800000000000011 -6.800000000000001 0
1105 -0.5600000000000009 -6.800000000000001 0
1106 -0.6400000000000008 -6.800000000000001 0
1107 -0.7200000000000004 -6.800000000000001 0
1108 0.8 -5.28 0
1109 0.8 -5.36 0
1110 0.8 -5.44 0
1111 0.8 -5.52 0
1112 0.8 -5.600000000000001 0
1113 0.8 -5.680000000000001 0
1114 0.8 -5.760000000000002 0
1115 0.8 -5.840000000000002 0
1116 0.8 -5.920000000000002 0
1117 0.8 -6.000000000000002 0
1118 0.8 -6.080000000000002 0
1119 0.8 -6.160000000000002 0
1120 0.8 -6.240000000000002 0
1121 0.8 -6.320000000000002 0
1122 0.8 -6.400000000000002 0
1123 0.8 -6.480000000000002 0
1124 0.8 -6.560000000000001 0
1125 0.8 -6.640000000000001 0
1126 0.8 -6.720000000000001 0
1127 -0.72 -5.2 0
1128 -0.6399999999999999 -5.2 0
1129 -0.5599999999999998 -5.2 0
1130 -0.4799999999999996 -5.2 0
1131 -0.3999999999999995 -5.2 0
1132 -0.3199999999999992 -5.2 0
1133 -0.2399999999999991 -5.2 0
1134 -0.1599999999999989 -5.2 0
1135 -0.07999999999999885 -5.2 0
1136 1.110223024625157e-15 -5.2 0
1137 0.08000000000000118 -5.2 0
1138 0.1600000000000013 -5.2 0
1139 0.2400000000000013 -5.2 0
1140 0.3200000000000012 -5.2 0
1141 0.400000000000001 -5.2 0
1142 0.4800000000000011 -5.2 0
1143 0.5600000000000009 -5.2 0
1144 0.6400000000000008 -5.2 0
1145 0.7200000000000004 -5.2 0
1146 -0.008666403843718869 -7.068823782212988 0
1147 1.430287952364835 -9.435088819032586 0
1148 1.430793864742266 -8.957852860210744 0
1149 -1.437664707065609 -8.564704537871684 0
1150 -1.427850330306764 -9.204130861757045 0
1151 1.430538161470072 -8.478836080023051 0
1152 -1.425373794795673 -9.68641450170203 0
1153 1.415051389431195 -9.968278308183677 0
1154 -1.433768387585496 -8.164996020433822 0
1155 -1.405111537294579 -10.18299640229894 0
1156 0.3952851495107461 -7.069360695710392 0
1157 -0.3946928805030192 -7.066802742927306 0
1158 1.431149650757779 -8.078887953363505 0
1159 1.398996637547828 -10.52972975457194 0
1160 0.7712624075928177 -7.064014384087434 0
1161 -0.7690442944890135 -7.058365566180719 0
1162 -1.385297060664524 -10.80079634761967 0
1163 1.373830036999336 -11.07643470482889 0
1164 -1.430793864742265 -8.87794049856948 0
1165 -1.433404431710781 -7.845229229563238 0
1166 -1.362289583755004 -11.38765463753947 0
1167 1.431487759912281 -7.759200112147262 0
1168 1.349362689483015 -11.71862286941061 0
1169 1.018269792384102 -7.050713057908458 0
1170 -1.024759360954497 -7.057263631551653 0
1171 -1.347358572073463 -12.09469132751463 0
1172 1.329200450009635 -12.50400937484583 0
1173 -1.295819002290561 -13.18021729448419 0
1174 -1.435693168608578 -7.52546245772886 0
1175 1.295876723858065 -13.1811850364138 0
1176 -1.274279796800321 -13.96042335653389 0
1177 1.425636101030136 -9.685784759874961 0
1178 1.430793864742266 -8.718115775286982 0
1179 -1.437550988638569 -9.440940233024744 0
1180 1.424686339784595 -9.188398885345856 0
1181 1.430793864742265 -7.519430350668154 0
1182 1.308944627402138 -13.95450003738782 0
1183 -1.192260701488795 -14.82960788960416 0
1184 1.237981635625591 -14.8499866557053 0
1185 -1.196527852481648 -15.84181117714979 0
1186 1.18058395699478 -16.57260735148571 0
1187 -1.152110419037611 -17.40040430123713 0
1188 1.430793864742265 -7.279693265744404 0
1189 -1.439231758855293 -7.283063519431547 0
1190 1.106362773961128 -18.28942825348635 0
1191 -1.070357788642844 -19.26040218072952 0
1192 0.6371435720716203 -7.065150938239679 0
1193 -0.6371435720716209 -7.065150938239679 0
1194 1.031059516160894 -20.32018857866386 0
1195 -1.14695619670606 -7.056573978098992 0
1196 1.15114809987217 -7.065240578872078 0
1197 -1.418889474190732 -9.869736789642584 0
1198 -1.307076246823793 -12.50694191173288 0
1199 -1.406173176086981 -10.41091514145605 0
1200 1.378356939183313 -10.78649665604907 0
1201 1.36308014405387 -11.38449233715343 0
1202 -1.188349641377215 -16.58446408132313 0
1203 -1.106362773961123 -18.28942825348623 0
1204 -1.373830036999337 -11.07643470482886 0
1205 1.203671619312404 -15.48313633312851 0
1206 1.172922168264187 -17.38384501741013 0
1207 -1.352644940141979 -11.72663447557819 0
1208 1.340531100438472 -12.08576230599106 0
1209 1.406821636360625 -10.17828036818786 0
1210 -1.440216405830029 -8.32557981758892 0
1211 -1.433221549480881 -7.685345841346599 0
1212 1.431318678680444 -7.919044032962057 0
1213 1.431187015422883 -8.318937612839754 0
1214 -1.430793864742265 -9.037765221851981 0
1215 -1.436224857566675 -8.721380095915988 0
1216 -1.433586717995638 -8.005112622537034 0
1217 -0.1592858930179056 -7.068972814908998 0
1218 0.2270036111207576 -7.071542085514901 0
1219 0.9085951159212564 -21.43481932864267 0
1220 1.113773118471915 -19.31113867424636 0
1221 0.9286580768353578 -22.71020854630369 0
1222 -1.039222596449083 -20.28839700489209 0
1223 0.8716298166786844 -7.047388890138091 0
1224 -0.8722834062943046 -7.043756234931683 0
1225 0.9127319061749329 -24.11028596524406 0
1226 1.310655459417193 -7.077280511907686 0
1227 -1.305714567989648 -7.069942754511635 0
1228 -1.005415026948782 -21.44979221531585 0
1229 0.838300946581037 -25.60620535941207 0
1230 -0.9188261799496102 -23.433672748847 0
1231 0.7559071273779274 -27.25764964890035 0
1232 -0.8629764222203763 -24.8530120669055 0
1233 0 -29.63397459621556 0
1234 -0.7823269194100623 -26.42356924389247 0
1235 -0.742904146266099 -28.13348635319992 0
1236 1.434112204256193 -7.125827570529827 0
1237 -1.437237623068197 -7.119780529333815 0
1238 -1.196654769059754 -15.48953483777692 0
1239 -0.8954143144731432 -15.66522602200017 0
1240 -0.8988909851789094 -15.32284924167461 0
1241 -0.5993271778690858 -15.49241926593279 0
1242 -0.5989959605121726 -15.15619710990682 0
1243 -0.3085604809724345 -15.32263297321683 0
1244 -0.308158592053867 -14.99359070454179 0
1245 -0.3030009677599267 -15.66025968497071 0
1246 -0.02440198113899801 -15.15644428491135 0
1247 -0.02363557620920017 -14.83519868214826 0
1248 -0.3083266852247564 -14.67546205411458 0
1249 -0.02748277425264481 -14.52338667542261 0
1250 -0.2972551713632189 -14.36976714525011 0
1251 -0.03563584684125545 -14.22336188697927 0
1252 -0.2873800352352516 -14.07726045440476 0
1253 -0.03969682948885483 -13.93727071320098 0
1254 -0.2795814400259786 -13.79770992657221 0
1255 -0.04028319506275518 -13.66380614675068 0
1256 -0.2644871734398109 -13.52848848932356 0
1257 -0.0393201536014909 -13.40185335384312 0
1258 -0.2555650406883878 -13.27247948301769 0
1259 -0.0416191615805851 -13.15269378646592 0
1260 -0.2518531729662852 -13.02805820950028 0
1261 -0.04395596872063808 -12.91131918677882 0
1262 -0.2449199057269873 -12.79605643299778 0
1263 -0.04554800624560613 -12.68506086001408 0
1264 -0.2332350273837501 -12.57250859547927 0
1265 -0.04840326857640645 -12.46663639704533 0
1266 -0.2265400861048289 -12.35874882555911 0
1267 -0.05994380702897767 -12.25678089012122 0
1268 -0.2264979851217539 -12.15404879240597 0
1269 -0.06230367455503948 -12.05547353505427 0
1270 -0.2230574031747657 -11.95888194199667 0
1271 -0.06512167318286416 -11.86513242181146 0
1272 -0.2183857849816642 -11.77208939024193 0
1273 -0.06008769228753075 -11.68241167694228 0
1274 -0.2114502252534576 -11.59267621190169 0
1275 -0.0615278982176001 -11.50740713658622 0
1276 -0.2072533384248496 -11.41990459010673 0
1277 -0.06375727444443394 -11.33922485488604 0
1278 -0.2018940850838281 -11.25649674851162 0
1279 -0.06403471918413568 -11.17919972896988 0
1280 -0.19736757958417 -11.10110739081779 0
1281 -0.0647632072234155 -11.02733565399512 0
1282 -0.1945467527162582 -10.95095916025511 0
1283 -0.06745304183544 -10.88099968181386 0
1284 -0.1905256178358506 -10.80917044992641 0
1285 -0.06999946597082869 -10.7406852237471 0
1286 -0.1831871869070765 -10.67873433882749 0
1287 -0.07436048998842439 -10.60787475724922 0
1288 -0.1866820380586094 -10.54325505190521 0
1289 -0.07743856849478298 -10.47926534984323 0
1290 -0.1729410181862165 -10.41658636624451 0
1291 -0.07326460670433999 -10.35651453399679 0
1292 -0.1699010197973041 -10.29651231907853 0
1293 -0.07374770933618593 -10.23882260506139 0
1294 -0.1661735509247058 -10.18133014904529 0
1295 -0.07482672325618839 -10.12748694182074 0
1296 -0.1675819576233088 -10.07172424997423 0
1297 -0.0768505952752534 -10.02040846925821 0
1298 -0.1661966837158246 -9.966882649904232 0
1299 -0.07837285712008726 -9.917973683597133 0
1300 -0.1632222604845958 -9.866911985926688 0
1301 -0.07932341181546985 -9.818664575784128 0
1302 -0.161982953435835 -9.77095794921479 0
1303 -0.08077564548119769 -9.726096358037097 0
1304 -0.1592791994651579 -9.680355651322564 0
1305 -0.0824030660236551 -9.636539343609394 0
1306 -0.1570582322505711 -9.592287664159308 0
1307 -0.08338789572730132 -9.550792244343985 0
1308 -0.1549729940625504 -9.508988889003268 0
1309 -0.08354838729056838 -9.468560659547066 0
1310 -0.1530570206348338 -9.427418205067855 0
1311 -0.08319207416472983 -9.387929822953794 0
1312 -0.1521946896918028 -9.347264039627994 0
1313 -0.08259048467124031 -9.307850892707481 0
1314 -0.1515594561573266 -9.267289314831764 0
1315 -0.08196137558426567 -9.227846963213432 0
1316 -0.150922326485474 -9.187295412501793 0
1317 -0.08132390183716279 -9.147851089171587 0
1318 -0.1502844050462514 -9.10729923662327 0
1319 -0.08068542032296905 -9.067853801049084 0
1320 -0.1496459423192888 -9.027302027045101 0
1321 -0.08004685152029606 -8.987856396507699 0
1322 -0.1490073754625773 -8.94730462409046 0
1323 -0.07940825857287233 -8.907858943634531 0
1324 -0.1483687873350633 -8.86730718074978 0
1325 -0.0787696672423647 -8.827861494078268 0
1326 -0.1477301959893235 -8.787309731127761 0
1327 -0.07813107506153281 -8.747864042815475 0
1328 -0.1470916039654457 -8.707312280173895 0
1329 -0.07749248293459035 -8.667866591658671 0
1330 -0.1464530118378857 -8.627314829015599 0
1331 -0.07685389077975066 -8.587869140447186 0
1332 -0.1458144196883063 -8.547317377814052 0
1333 -0.07621529862671529 -8.507871689239108 0
1334 -0.1451758275352498 -8.467319926605931 0
1335 -0.07557670647275302 -8.427874238029268 0
1336 -0.01372585223761552 -9.348158213118907 0
1337 -0.01108632234866706 -9.028408144640288 0
1338 -0.00789336187180519 -8.628420903081464 0
1339 -0.1445372353814535 -8.387322475396415 0
1340 -0.07493811431885108 -8.347876786819535 0
1341 -0.1438986432275561 -8.307325024186692 0
1342 -0.003979230327179293 -9.67974179519179 0
1343 -0.07429952216493474 -8.26787933560977 0
1344 -0.005338993256224424 -8.308431098242586 0
1345 -0.004700401102295549 -8.22843364703283 0
1346 0.06426012780640582 -8.268985409665653 0
1347 -0.143260051073656 -8.227327572976936 0
1348 -0.214136356443943 -8.426768163973376 0
1349 -0.2211255147559914 -9.306671048157604 0
1350 -0.2173293170244324 -8.826755419651333 0
1351 0.06489871996033317 -8.188987958455861 0
1352 0.1338592488690394 -8.229539721088729 0
1353 0.1344978410229598 -8.149542269878927 0
1354 0.2034583699316788 -8.190094032511803 0
1355 0.2040969620856047 -8.110096581302006 0
1356 0.2730574909943209 -8.150648343934879 0
1357 -0.2297769300557895 -9.63360688426593 0
1358 0.2736960831482492 -8.070650892725075 0
1359 0.3426566120569409 -8.111202655357927 0
1360 0.3420180199030316 -8.191200106567731 0
1361 0.1351364331769715 -8.069544818669122 0
1362 0.01460115339912671 -10.07137870034309 0
1363 0.343295204210877 -8.031205204148151 0
1364 0.4116171409656424 -8.151754417990771 0
1365 0.4109785488117405 -8.231751869200565 0
1366 0.4805776698743687 -8.192306180623628 0
1367 0.4799390777204502 -8.272303631833417 0
1368 -0.2556077563831081 -10.0230552300023 0
1369 0.5495381987830893 -8.232857943256484 0
1370 0.5488996066291496 -8.312855394466272 0
1371 0.03020826646350587 -10.40491585672754 0
1372 0.6184987276918045 -8.273409705889348 0
1373 0.6178601355378649 -8.353407157099133 0
1374 0.6191373198457323 -8.193412254679554 0
1375 -0.2192450630614317 -9.06674771179906 0
1376 0.04521153514970498 -10.79170795096482 0
1377 -0.2751195321159521 -10.36182828851609 0
1378 0.6880978487544536 -8.23396401731242 0
1379 0.6887364409083724 -8.153966566102628 0
1380 0.5482610144752131 -8.392852845676046 0
1381 0.61722154338391 -8.433404608308896 0
1382 0.5476224223212731 -8.47285029688582 0
1383 0.6165829512299634 -8.513402059518675 0
1384 0.5469838301673237 -8.552847748095591 0
1385 0.6159443590760276 -8.593399510728451 0
1386 0.6855434801386683 -8.553953822151536 0
1387 0.684904887984716 -8.633951273361298 0
1388 0.6153057669220778 -8.673396961938218 0
1389 0.6842662958307654 -8.713948724571098 0
1390 0.6146671747681657 -8.753394413148015 0
1391 0.6836277036768503 -8.793946175780899 0
1392 0.6140285826142261 -8.833391864357798 0
1393 0.6829891115229254 -8.873943626990645 0
1394 0.6133899904603012 -8.913389315567574 0
1395 0.6823505193690181 -8.953941078200407 0
1396 0.6127513983063624 -8.993386766777348 0
1397 0.6817119272150609 -9.033938529410205 0
1398 0.6121128061524125 -9.073384217987119 0
1399 0.6810733350611767 -9.11393598061999 0
1400 0.6114742139984787 -9.153381669196907 0
1401 0.6804347429072759 -9.193933431829773 0
1402 0.6108356218445667 -9.233379120406699 0
1403 0.6797961507532985 -9.273930883039549 0
1404 0.6101970296906416 -9.313376571616491 0
1405 0.6791575585993246 -9.353928334249318 0
1406 0.6095584375366868 -9.393374022826253 0
1407 0.6785189664453878 -9.433925785459062 0
1408 0.6089624871211474 -9.473298959387023 0
1409 0.6778803742914618 -9.513923236668873 0
1410 0.6082941616058413 -9.553518430413456 0
1411 0.6779073970114875 -9.595091503746666 0
1412 0.7487566796619618 -9.314482645672392 0
1413 0.7506724561239019 -9.074490292043022 0
1414 0.7525882325855189 -8.834497938413751 0
1415 0.754504009047374 -8.594505584784402 0
1416 0.7576969698171011 -8.194518328735487 0
1417 0.7583355619710145 -8.114520877525706 0
1418 0.606159792454285 -9.636431199627093 0
1419 0.6805765670020102 -9.68053241674412 0
1420 0.7492450308024843 -9.554371816681062 0
1421 0.07216213441552216 -11.25808601880327 0
1422 0.6033915456683758 -9.723731645028764 0
1423 0.6805309809552009 -9.76848084574597 0
1424 -0.3015151643822381 -10.74689146280353 0
1425 0.6007410534734056 -9.813966804680609 0
1426 0.6802100063077583 -9.85969967471566 0
1427 0.5990616074158071 -9.906723012472924 0
1428 0.6816189892327505 -9.955948340109789 0
1429 0.8272960908797415 -8.15507264015856 0
1430 0.8279346830336551 -8.075075188948778 0
1431 0.7589741541249443 -8.034523426315925 0
1432 0.8285732751875813 -7.995077737739006 0
1433 0.7596127462788851 -7.954525975106147 0
1434 0.8292118673415261 -7.915080286529228 0
1435 0.7602513384328403 -7.874528523896371 0
1436 0.8298504594954711 -7.835082835319458 0
1437 0.7608899305867681 -7.794531072686588 0
1438 0.8304890516494147 -7.75508538410967 0
1439 0.7615285227407054 -7.714533621476811 0
1440 0.8311276438033655 -7.675087932899892 0
1441 0.7621671148946546 -7.634536170267031 0
1442 0.6925679938319954 -7.673981858843948 0
1443 0.7750990320752414 -9.82193252210689 0
1444 0.5450680537055109 -8.792840101724931 0
1445 0.5418750929358673 -9.192827357773847 0
1446 0.8317662359573057 -7.595090481690105 0
1447 0.6932065859859635 -7.593984407634162 0
1448 0.6236074649233261 -7.633430096211077 0
1449 0.540074499848854 -9.43262383566481 0
1450 0.08651121454885415 -11.78350819497541 0
1451 0.5963431982532319 -10.0053459580895 0
1452 0.6859464783738045 -10.0563861881331 0
1453 0.9007267648660202 -7.635642244322979 0
1454 -0.3326357119115038 -11.17271459212948 0
1455 0.9013653570199534 -7.555644793113201 0
1456 0.8968952119423523 -8.115626951581637 0
1457 0.8962566197884614 -8.195624402791413 0
1458 0.6242460570772521 -7.553432645001285 0
1459 0.5546469360146293 -7.59287833357822 0
1460 0.8988109884041724 -7.875634597952356 0
1461 0.593306929310854 -10.10822289663766 0
1462 0.6907967882467441 -10.16141816104852 0
1463 0.4780233012586311 -8.512295985462739 0
1464 0.5964170539666802 -10.21550721513667 0
1465 0.6939461237635263 -10.27080311274807 0
1466 0.5095384350883299 -9.863318101842067 0
1467 0.5947546098612437 -10.32729691501371 0
1468 0.6901782193253816 -10.38557350779438 0
1469 0.9658557408510676 -8.156178714214473 0
1470 0.9652171486971841 -8.236176165424244 0
1471 0.555285528168538 -7.512880882368446 0
1472 0.4856864071059029 -7.552326570945375 0
1473 0.7804018372136083 -10.1078803569743 0
1474 0.9703258859286598 -7.596196555746065 0
1475 0.9709644780825976 -7.516199104536291 0
1476 0.1408594801787686 -12.32546711318249 0
1477 0.9020039491738996 -7.475647341903411 0
1478 -0.3597197774957465 -11.66316826074267 0
1479 0.5808901899622528 -10.44363652528109 0
1480 0.6872953437993767 -10.50432923949054 0
1481 0.1332206567150777 -8.309537172298521 0
1482 0.4850478149520585 -7.632324022155165 0
1483 0.4160872860432815 -7.591772259522299 0
1484 0.4167258781972792 -7.511774808312586 0
1485 0.347126757134594 -7.55122049688954 0
1486 0.3464881649806458 -7.631217948099252 0
1487 0.2775276360719313 -7.590666185466443 0
1488 0.278166228225832 -7.510668734256775 0
1489 0.2085671071631994 -7.550114422833635 0
1490 0.2079285150093277 -7.63011187404342 0
1491 0.1389679861005834 -7.589560111410602 0
1492 0.1396065782544545 -7.509562660200819 0
1493 0.070007457191837 -7.549008348777807 0
1494 0.06936886503798009 -7.629005799987588 0
1495 0.0004083361292402943 -7.588454037354799 0
1496 -0.0002302560246231003 -7.668451488564578 0
1497 -0.06919078493336457 -7.62789972593179 0
1498 -0.06982937708724254 -7.707897177141568 0
1499 -0.1387899059959865 -7.667345414508793 0
1500 -0.1381513138421216 -7.587347963299013 0
1501 -0.2077504349047326 -7.626793651876008 0
1502 -0.2083890270585829 -7.706791103085799 0
1503 -0.2773495559673307 -7.666239340453014 0
1504 -0.2779881481211635 -7.746236791662803 0
1505 -0.3469486770299198 -7.705685029030032 0
1506 -0.3475872691837743 -7.785682480239776 0
1507 -0.4165477980925036 -7.74513071760706 0
1508 -0.4171863902463964 -7.82512816881675 0
1509 -0.4861469191551211 -7.784576406184069 0
1510 -0.4867855113090043 -7.864573857393754 0
1511 -0.5557460402177172 -7.824022094761036 0
1512 -0.5563846323715618 -7.90401954597081 0
1513 -0.625345161280311 -7.863467783338027 0
1514 -0.6259837534341712 -7.943465234547798 0
1515 -0.6247065691264592 -7.783470332128287 0
1516 -0.6949442823429128 -7.902913471915017 0
1517 -0.6955828744967835 -7.982910923124791 0
1518 -0.7645434034055216 -7.942359160491998 0
1519 -0.765181995559391 -8.022356611701779 0
1520 -0.6962214666506523 -8.062908374334572 0
1521 -0.7658205877132518 -8.102354062911555 0
1522 -0.4159092059386629 -7.665133266397305 0
1523 -0.6968600588045052 -8.142905825544348 0
1524 -0.7664591798671102 -8.182351514121333 0
1525 -0.6974986509583581 -8.222903276754119 0
1526 -0.7670977720209708 -8.262348965331114 0
1527 -0.6981372431122266 -8.302900727963902 0
1528 -0.7677363641748449 -8.342346416540888 0
1529 -0.698775835266119 -8.382898179173695 0
1530 -0.768374956328737 -8.42234386775066 0
1531 -0.6994144274200016 -8.462895630383482 0
1532 -0.7690135484826233 -8.50234131896044 0
1533 -0.7000530195738852 -8.542893081593261 0
1534 -0.769652140636506 -8.582338770170219 0
1535 -0.7006916117277799 -8.622890532803034 0
1536 -0.7702907327904103 -8.662336221380009 0
1537 -0.7013302038816749 -8.702887984012815 0
1538 -0.7709293249442966 -8.742333672589792 0
1539 -0.7019687960355472 -8.782885435222587 0
1540 -0.7715679170981629 -8.822331123799563 0
1541 -0.7026073881894119 -8.862882886432361 0
1542 -0.7722065092520158 -8.902328575009344 0
1543 -0.7032459803432998 -8.942880337642119 0
1544 -0.7728451014058806 -8.982326026219114 0
1545 -0.7038845724971315 -9.022877788851844 0
1546 -0.7734836935597816 -9.062323477428894 0
1547 -0.704523164651 -9.102875240061643 0
1548 -0.7741222857136695 -9.142320928638656 0
1549 -0.7051617568049298 -9.182872691271477 0
1550 -0.7747608778675579 -9.22231837984844 0
1551 -0.7058003489588304 -9.262870142481269 0
1552 -0.7753994700214553 -9.302315831058227 0
1553 -0.8379740773913582 -8.461789556327629 0
1554 -0.8347811166220125 -8.061802300278735 0
1555 -0.7064389411127344 -9.342867593691047 0
1556 -0.7760380621753581 -9.382313282268015 0
1557 -0.844998591084082 -9.341761519635186 0
1558 -0.8456371832379728 -9.421758970844964 0
1559 -0.7766739161848231 -9.46231556473956 0
1560 -0.8463719769921427 -9.501788626480495 0
1561 -0.7765577355245226 -9.542823824912061 0
1562 -0.8481375070730248 -9.583587794789601 0
1563 -0.7764675503683429 -9.625470174578011 0
1564 -0.8503503323251753 -9.667729243370015 0
1565 -0.8405284460068938 -8.781779361166755 0
1566 -0.843082814622345 -9.101769166005832 0
1567 -0.7787932204924037 -9.711387850061806 0
1568 -0.8532818424250311 -9.755057635481096 0
1569 -0.7778554720967037 -9.800926427233691 0
1570 -0.855803931991702 -9.84684476610995 0
1571 -0.7741156279636405 -9.893706050665941 0
1572 -0.8579115059874903 -9.942295057557626 0
1573 -0.9171869563473587 -9.541382299430875 0
1574 -0.2071118427508901 -7.546796200666227 0
1575 -0.7727428197311692 -9.991792838177409 0
1576 -0.8604692151486156 -10.04173970773226 0
1577 -0.6278995298958177 -8.183457588177125 0
1578 -0.631092490664819 -8.583444844226056 0
1579 -0.7710995753717045 -10.09359809414258 0
1580 -0.8588027902360376 -10.14589824474375 0
1581 -0.7743365821683885 -10.20035651845189 0
1582 -0.8616930130852777 -10.25465402188405 0
1583 -0.707078313736027 -9.58364013765476 0
1584 -0.7674085738179814 -10.31240087448283 0
1585 -0.8742437140352086 -10.36790282211144 0
1586 -0.2786267402750808 -7.826234242872465 0
1587 -0.6336468592805662 -8.90343464906511 0
1588 -0.6355626357422091 -9.143427002694406 0
1589 1.034816269759798 -8.196730476847293 0
1590 1.03417767760592 -8.276727928057053 0
1591 0.07064604934570184 -7.469010897568033 0
1592 -0.9287481782025516 -9.798826518611563 0
1593 0.9716030702365197 -7.436201653326517 0
1594 0.5751504740202178 -10.56529861720113 0
1595 0.6875345761526198 -10.62870913435245 0
1596 0.5784131988386143 -10.6915465197848 0
1597 0.6907271037648997 -10.75917090601013 0
1598 0.6248846492311607 -7.473435193791488 0
1599 -0.4874241034628755 -7.944571308603548 0
1600 1.035454861913737 -8.116733025637563 0
1601 -0.6862250483409661 -9.848055422272523 0
1602 0.7917387472422188 -10.4452925261377 0
1603 1.039925006991303 -7.556750867169146 0
1604 1.039286414837365 -7.63674831837892 0
1605 0.1564308924235355 -13.02149256015107 0
1606 -0.7614439699599745 -10.42843841990865 0
1607 -0.8782057395433541 -10.48633504183538 0
1608 0.5758975534878059 -10.82485234737033 0
1609 0.6922001583427801 -10.89458828605131 0
1610 -0.3988866298064401 -12.26569778690471 0
1611 0.6906522173701989 -7.913974212473338 0
1612 0.9026425413279001 -7.395649890693665 0
1613 -0.2490786556430126 -9.816906649438868 0
1614 0.4980496112198285 -10.15840845645176 0
1615 0.003759043901956649 -9.868100918572827 0
1616 0.1853740570297821 -13.53183666016614 0
1617 -0.7634660592512256 -10.54889605040332 0
1618 -0.8780875107372866 -10.61050495745888 0
1619 -0.7614591077548881 -10.67557136144007 0
1620 -0.8808547089767839 -10.73973969821584 0
1621 0.1402451704083216 -7.429565208991047 0
1622 -0.6291767142035218 -8.343452490596725 0
1623 -0.8392512616991405 -8.621784458747193 0
1624 0.964578556543307 -8.31617361663403 0
1625 1.033539085452055 -8.356725379266839 0
1626 0.2743346753022221 -7.990653441515292 0
1627 -0.636839820050106 -9.303421905114099 0
1628 0.3439337963648428 -7.95120775293837 0
1629 -0.8360583009297149 -8.221797202698308 0
1630 0.5431522772437272 -9.032832455354246 0
1631 -0.7639048112516549 -7.862361709282222 0
1632 -0.8335039323142692 -7.901807397859205 0
1633 -0.8328653401603894 -7.82180994664942 0
1634 -0.9024644612230018 -7.861255635226396 0
1635 -0.9018258690691229 -7.781258184016615 0
1636 -0.9714249901317378 -7.820703872593578 0
1637 -0.9707863979778615 -7.740706421383795 0
1638 -0.9011872769152328 -7.70126073280683 0
1639 -0.9701478058239764 -7.660708970174019 0
1640 -0.9005486847613449 -7.621263281597054 0
1641 -0.9695092136700725 -7.580711518964247 0
1642 -0.8999100926074417 -7.541265830387289 0
1643 -0.9688706215161624 -7.500714067754464 0
1644 -0.8992715004535081 -7.461268379177529 0
1645 -0.8303109715448038 -7.501820141810377 0
1646 -0.829672379390872 -7.421822690600598 0
1647 -0.7607118504821695 -7.462374453233448 0
1648 -0.9682320293622166 -7.420716616544693 0
1649 -1.037831150424863 -7.460162305121631 0
1650 -1.040385519040491 -7.780152109960751 0
1651 -1.041024111194374 -7.86014956117052 0
1652 -0.2128591721362844 -8.266773261553876 0
1653 -0.212220579982378 -8.186775810344098 0
1654 -0.1426214589197491 -8.14733012176716 0
1655 -0.2154135407504801 -8.586763066391322 0
1656 -1.039108334732722 -7.620157207541208 0
1657 0.5559241203224596 -7.432883431158668 0
1658 0.6255232413850236 -7.393437742581723 0
1659 -0.6323696749726564 -8.743439746645603 0
1660 -0.0008688481784967528 -7.748448939774363 0
1661 -0.8418056303145871 -8.941774263586328 0
1662 -0.2818197010448888 -8.226221498921051 0
1663 -0.009170546175237286 -8.788415805492335 0
1664 -0.01236419469725358 -9.188401018459007 0
1665 -0.9524218752596026 -10.09028203386867 0
1666 -0.7600732583282428 -7.382377002023617 0
1667 -0.6911127294195222 -7.422928764656458 0
1668 -0.8290337872369857 -7.341825239390836 0
1669 1.103776798668578 -8.237282239480177 0
1670 0.5714870024864205 -10.96346102590818 0
1671 0.6943762649538929 -11.03710153317168 0
1672 0.8038550178888274 -10.69192793412197 0
1673 -1.037192558270967 -7.380164853911854 0
1674 -1.106791679333582 -7.41961054248881 0
1675 -0.9145977121466805 -9.381207208212135 0
1676 -0.6774620064664434 -10.14503070038066 0
1677 -0.2233381572710331 -9.465966472998771 0
1678 -0.4281075515966392 -12.67738934489935 0
1679 1.108885535900024 -7.597302629801998 0
1680 1.108246943746071 -7.677300081011778 0
1681 1.109524128053942 -7.517305178592219 0
1682 -0.01230919616376451 -9.508882092966743 0
1683 0.07128464149958781 -7.389013446358259 0
1684 0.5320091219985682 -9.677427339224177 0
1685 -0.7622657991304386 -10.80732055768245 0
1686 -0.8811669083661982 -10.87256171342502 0
1687 0.972241662390501 -7.356204202116741 0
1688 0.9032811334818911 -7.315652439483891 0
1689 0.5686943552792773 -11.10663467707683 0
1690 0.6953663548703167 -11.18397379495723 0
1691 0.5665739093880664 -11.2611954287978 0
1692 0.6923051337193585 -11.33917732185255 0
1693 0.2270513772499751 -14.36602817111558 0
1694 0.5565627124763397 -7.352885979948912 0
1695 -1.109984640103095 -7.8195977985377 0
1696 -1.110623232256989 -7.899595249747476 0
1697 0.8119750996354613 -10.96411569150475 0
1698 -0.9589097358659613 -10.29043190713442 0
1699 0.4747421226173557 -10.37404085001592 0
1700 0.1408837625622345 -7.349567757781298 0
1701 1.177846064808738 -7.637854392434866 0
1702 1.17720747265477 -7.717851843644636 0
1703 -0.7695325773211553 -10.9444995348436 0
1704 -0.8848596279792911 -11.01320481151546 0
1705 0.9639399643894397 -8.396171067843799 0
1706 1.032900493298173 -8.436722830476603 0
1707 1.102499614360781 -8.397277141899652 0
1708 1.101861022206899 -8.47727459310943 0
1709 1.032261901144256 -8.516720281686382 0
1710 1.101222430053001 -8.557272044319205 0
1711 1.031623308990352 -8.596717732896151 0
1712 1.100583837899094 -8.637269495529008 0
1713 1.030984716836463 -8.676715184105939 0
1714 1.099945245745193 -8.717266946738803 0
1715 1.030346124682474 -8.756712635315758 0
1716 1.099306653591253 -8.797264397948581 0
1717 1.029707532528542 -8.836710086525549 0
1718 1.098668061437297 -8.877261849158355 0
1719 1.02906894037467 -8.916707537735286 0
1720 1.098029469283351 -8.957259300368122 0
1721 1.02843034822072 -8.996704988945035 0
1722 1.097390877129418 -9.037256751577893 0
1723 1.027791756066785 -9.076702440154808 0
1724 1.096752284975504 -9.117254202787667 0
1725 1.027153163912866 -9.156699891364594 0
1726 1.09611369282159 -9.197251653997444 0
1727 1.02651457175895 -9.236697342574384 0
1728 1.09547510066767 -9.277249105207225 0
1729 1.025875979605028 -9.316694793784158 0
1730 1.092857135454961 -9.357230755762295 0
1731 1.024907491941306 -9.39668961155148 0
1732 1.092988889450423 -9.437234356380575 0
1733 1.024314676268185 -9.476734638439648 0
1734 1.09155300076259 -9.517493263812463 0
1735 1.023419700466449 -9.557429219347204 0
1736 1.089655046017921 -9.599350908982338 0
1737 1.169764386544831 -9.324165932852177 0
1738 1.16635140603814 -9.077808514210739 0
1739 1.16826718249997 -8.837816160581431 0
1740 1.020960084175783 -9.640521283347475 0
1741 1.094496313432796 -9.68317202884281 0
1742 1.170182958961733 -8.597823806952057 0
1743 1.16201864670485 -9.555997925320971 0
1744 0.4128943252735378 -7.991759515571246 0
1745 0.4135329174275344 -7.911762064361467 0
1746 0.2749732674561556 -7.91065599030553 0
1747 -0.6917513215734523 -7.502926215866299 0
1748 -0.6221522005108138 -7.463480527289335 0
1749 -0.621513608356898 -7.383483076079472 0
1750 -0.5525530794481774 -7.424034838712366 0
1751 -0.5519144872943047 -7.344037387502551 0
1752 -0.4829539583855949 -7.384589150135383 0
1753 -0.2115819878284722 -8.106778359134321 0
1754 -0.1419828667658241 -8.06733267055743 0
1755 -0.764119463873155 -11.08722423965945 0
1756 -0.8860192749359772 -11.16128195710663 0
1757 -0.7530623147138178 -11.23728569239833 0
1758 -0.8983730479219464 -11.31490802942058 0
1759 -0.9906642812357668 -10.54523886580155 0
1760 -1.106153087179711 -7.339613091279038 0
1761 0.4611953348604437 -10.62617264463995 0
1762 0.5595522039248956 -11.42179345916119 0
1763 0.6927961831320051 -11.50095673822368 0
1764 -1.17575220824235 -7.379058779856001 0
1765 -1.176390800396186 -7.459056231065793 0
1766 1.018568552439567 -9.727339614159707 0
1767 1.100664099377581 -9.771250122622888 0
1768 1.017012618689565 -9.8176254502498 0
1769 1.09637666928854 -9.86374939254155 0
1770 0.84093932524001 -11.26445864363949 0
1771 -0.4634566096371804 -13.14322752180701 0
1772 0.6868206644466144 -8.393958919732032 0
1773 -0.6508214495731079 -10.48787442312413 0
1774 -1.036553966117094 -7.30016740270214 0
1775 -0.7594346661743857 -7.302379550813802 0
1776 -0.8283951950831814 -7.261827788181092 0
1777 0.6261618335389472 -7.313440291371947 0
1778 1.171460143269521 -8.43782890453247 0
1779 -1.175113616088462 -7.299061328646214 0
1780 1.184447661650661 -9.815562474485585 0
1781 0.5572013046302112 -7.272888528739145 0
1782 0.4876021835675983 -7.312334217316172 0
1783 0.9613855957735336 -8.716160872683004 0
1784 0.9575540428502258 -9.196145579941541 0
1785 0.959469819312063 -8.956153226312212 0
1786 -1.041662703348245 -7.940147012380308 0
1787 -1.111261824410885 -7.979592700957253 0
1788 -1.18022235331959 -7.939040938324442 0
1789 -1.180860945473512 -8.019038389534208 0
1790 -1.111900416564799 -8.059590152167036 0
1791 -1.181499537627424 -8.099035840743984 0
1792 -1.112539008718682 -8.139587603376786 0
1793 -1.182138129781296 -8.179033291953772 0
1794 -1.113177600872495 -8.219585054586574 0
1795 -1.182776721935122 -8.259030743163571 0
1796 -1.113816193026333 -8.299582505796359 0
1797 -1.183415314088965 -8.339028194373338 0
1798 -1.114454785180211 -8.379579957006124 0
1799 -1.184053906242814 -8.41902564558313 0
1800 -1.115093377334053 -8.459577408215907 0
1801 -1.184692498396637 -8.499023096792932 0
1802 -1.115731969487882 -8.53957485942569 0
1803 -1.185331090550461 -8.579020548002706 0
1804 -1.116370561641697 -8.619572310635455 0
1805 -1.185969682704298 -8.659017999212484 0
1806 -1.117009153795526 -8.699569761845233 0
1807 -1.186608274858127 -8.73901545042227 0
1808 -1.117647745949349 -8.77956721305501 0
1809 -1.187246867011935 -8.819012901632032 0
1810 -1.118286338103176 -8.859564664264791 0
1811 -1.187885459165759 -8.899010352841806 0
1812 -1.118924930257019 -8.939562115474569 0
1813 -1.188524051319636 -8.97900780405158 0
1814 -1.119563522410887 -9.019559566684357 0
1815 -1.189162643473512 -9.059005255261354 0
1816 -1.120202114564761 -9.09955701789416 0
1817 -1.189801235627382 -9.139002706471141 0
1818 -1.120840706718641 -9.179554469103939 0
1819 -1.190439827781271 -9.219000157680902 0
1820 -0.1375127216882625 -7.507350512089245 0
1821 -0.2064732505970162 -7.466798749456448 0
1822 0.6229688727693619 -7.713427547420862 0
1823 -0.1368741295344333 -7.427353060879458 0
1824 -0.2058346584431405 -7.386801298246656 0
1825 -0.1362355373805557 -7.347355609669675 0
1826 -0.2051960662892878 -7.306803847036823 0
1827 0.4773847091046932 -8.59229343667252 0
1828 0.4084241801959848 -8.551741674039683 0
1829 0.4077855880420582 -8.631739125249457 0
1830 0.3388250591333458 -8.59118736261663 0
1831 0.3381864669794374 -8.671184813826402 0
1832 0.3394636512872569 -8.511189911406859 0
1833 0.2698645302246202 -8.550635599983822 0
1834 -0.006616177564107713 -8.468426000662163 0
1835 1.107608351592134 -7.75729753222156 0
1836 1.17656888050084 -7.797849294854398 0
1837 1.106969759438207 -7.837294983431352 0
1838 1.175930288346933 -7.87784674606417 0
1839 0.3413794277490937 -8.271197557777509 0
1840 0.6197759119996584 -8.11341480346977 0
1841 -1.044855664117606 -8.340134268429134 0
1842 -0.07046796924111656 -7.787894628351326 0
1843 -0.001507440332383481 -7.828446390984146 0
1844 -0.8315881558525936 -7.661815044229897 0
1845 -0.6227907926647143 -7.543477978499119 0
1846 0.06809168073024192 -7.789000702407186 0
1847 -1.121479298872551 -9.259551920313692 0
1848 -1.191078419935152 -9.29899760889068 0
1849 -1.051880177809941 -9.220106231736713 0
1850 -1.122117891026465 -9.339549371523447 0
1851 -1.191717012089038 -9.378995060100474 0
1852 -0.2760723716596392 -7.506244438033439 0
1853 0.5546635557336734 -11.58136305370533 0
1854 0.6994841155465726 -11.66658437428827 0
1855 0.5504454408227123 -11.75279851717302 0
1856 0.7053290766862017 -11.84404904372076 0
1857 -0.4970273540416809 -13.65387951922336 0
1858 1.014332503498432 -9.911037878747027 0
1859 1.097984446107596 -9.96082893032656 0
1860 -1.122756483180322 -9.419546822733246 0
1861 -1.187695307611443 -9.459029712856278 0
1862 0.0719232336535359 -7.309015995148457 0
1863 -1.12255725546081 -9.499658287467641 0
1864 -1.188171598586535 -9.539501068919385 0
1865 -1.122042813926387 -9.580961325292559 0
1866 -1.194878852996317 -9.621090987503511 0
1867 0.9555860542677057 -9.436141531257428 0
1868 0.5463079755758413 -11.93271654966285 0
1869 0.704134237689035 -12.02675862757576 0
1870 -0.4823153662316818 -7.304591698925641 0
1871 0.257512005557344 -14.99468096027238 0
1872 0.2584090919726251 -15.32021040934371 0
1873 -0.6374784122040102 -9.383419356323868 0
1874 -0.5678792911413827 -9.343973667746932 0
1875 -0.5685178832952907 -9.423971118956695 0
1876 -0.4989187622326654 -9.384525430379773 0
1877 -0.4982801700787388 -9.304527979169992 0
1878 -0.4994070700767638 -9.464534886075576 0
1879 0.4511553470051438 -11.02890652213487 0
1880 0.8579424301347969 -11.57540269137962 0
1881 0.9728802545444977 -7.276206750906992 0
1882 1.041840783453151 -7.316758513539899 0
1883 -0.7581873192682951 -11.39395486612509 0
1884 -0.9051557074250598 -11.47503800985573 0
1885 0.9039197256358176 -7.235654988274074 0
1886 -0.5543816610352321 -14.21436829442447 0
1887 -0.9979287581308723 -10.81429382639977 0
1888 -1.245351329304972 -7.418504468433005 0
1889 -1.245989921458787 -7.498501919642786 0
1890 0.1415223547161943 -7.269570306571495 0
1891 0.2104828836248942 -7.31012206920451 0
1892 -0.1355969452266064 -7.267358158459889 0
1893 0.9515431190847999 -9.679950827083729 0
1894 1.016632005646046 -10.0101131734414 0
1895 1.094735875964598 -10.06166011146205 0
1896 1.013986748096304 -10.11299291509303 0
1897 1.107196242616034 -10.17014109606135 0
1898 -0.7579622888895594 -11.5575748573238 0
1899 -0.9013237396762149 -11.64039673470209 0
1900 -0.747336982526369 -11.72952768114141 0
1901 -0.9070555101156087 -11.81687534394957 0
1902 0.4148951549902744 -11.4923108827906 0
1903 1.007567300634283 -10.22069667727063 0
1904 1.100668149512679 -10.27504746090958 0
1905 -1.123689190695447 -9.662492622837268 0
1906 -1.197589338368389 -9.707149067415141 0
1907 -0.647930434352619 -10.88915763959981 0
1908 -0.5512758951404388 -7.264039936292841 0
1909 -1.253653027305417 -8.458471334160134 0
1910 0.8659178133095158 -11.93378614296816 0
1911 0.861595158577619 -12.12211891336446 0
1912 0.6996573262683048 -12.21828050201219 0
1913 0.9626627800816331 -8.556165970263319 0
1914 0.8343206045732143 -7.275100676851029 0
1915 -1.043578479809826 -8.180139366009527 0
1916 0.8949794354807016 -8.355619305211032 0
1917 0.6944837702937524 -7.433989505214546 0
1918 0.4824934463362048 -7.952313826994347 0
1919 0.4831320384902258 -7.872316375784656 0
1920 0.4141715095816006 -7.831764613151668 0
1921 -1.04677144057914 -8.580126622058453 0
1922 0.2705031223785246 -8.470638148774039 0
1923 0.2009040013158996 -8.510083837351008 0
1924 0.2002654091620133 -8.590081288560807 0
1925 1.106331167284281 -7.917292434641151 0
1926 1.17529169619301 -7.95784419727396 0
1927 -0.07110656139499696 -7.867892079561118 0
1928 -1.048048624886793 -8.740121524477985 0
1929 0.06745308857634431 -7.868998153616969 0
1930 -1.049325809194425 -8.900116426897544 0
1931 -1.050602993502137 -9.060111329317181 0
1932 -0.4835925505395187 -7.464586601345115 0
1933 -0.4133548373229631 -7.345143461558266 0
1934 -0.2109433956745323 -8.026780907924575 0
1935 -0.2805425167371908 -8.066226596501492 0
1936 -0.4293464603113143 -9.345032421329323 0
1937 -0.4286855188729909 -9.265074403847482 0
1938 0.8637966254659367 -12.31765758488804 0
1939 0.6954350873975683 -12.41875318773016 0
1940 0.8829977799100239 -12.52205652997415 0
1941 0.6941798008520866 -12.62752716052283 0
1942 0.8901830641732099 -12.73527961352716 0
1943 0.6983777336698158 -12.84549346704527 0
1944 -1.260677540997786 -9.33844329746765 0
1945 -0.7441126524400482 -11.90837937035785 0
1946 -0.9111532540934759 -11.99960640686783 0
1947 1.245529409409559 -7.838401057487223 0
1948 1.246806593717417 -7.678406155067744 0
1949 1.247445185871424 -7.598408703857983 0
1950 -0.4127162451691023 -7.265146010348621 0
1951 1.042479375607175 -7.236761062330133 0
1952 1.111439904515827 -7.277312824963017 0
1953 0.9275410951993288 -9.968660362742682 0
1954 -1.108229980816444 -9.751922447677922 0
1955 -1.194917858307274 -9.796963503225292 0
1956 -1.121003069489991 -9.842881509964124 0
1957 -1.201926064297959 -9.88940570864442 0
1958 -1.268239763690533 -9.574576923619894 0
1959 -1.016809626377194 -11.20646603553667 0
1960 -0.7589242647105593 -7.222373727465659 0
1961 -1.250460066536148 -8.058484078111142 0
1962 -1.251737250843914 -8.218478980530726 0
1963 -1.254930211613066 -8.618466236579721 0
1964 -1.2562073959207 -8.778461138999303 0
1965 -1.257484580228377 -8.938456041418798 0
1966 0.5570093077034871 -15.15195362971049 0
1967 0.5681816463521299 -15.48313085583841 0
1968 -0.2045574741353365 -7.226806395826996 0
1969 -1.258761764536123 -9.098450943838335 0
1970 0.4882407757214275 -7.232336766106375 0
1971 0.4186416546588353 -7.271782454683468 0
1972 1.31640571478006 -7.6389604664909 0
1973 1.170196552036648 -10.01518827310271 0
1974 -1.120207569648158 -9.938172754995152 0
1975 -1.200907955718851 -9.987631521449876 0
1976 -0.8281617322036526 -7.182255186382704 0
1977 0.5573719784736931 -14.81218694526657 0
1978 0.6268004256929678 -7.233442840162189 0
1979 0.522299790975558 -12.74973071089332 0
1980 0.07256182580747431 -7.229018543938604 0
1981 1.003172274494074 -10.3316175803696 0
1982 1.099551946175891 -10.3904261896 0
1983 1.211234355323831 -10.34286823631794 0
1984 0.9998433109356837 -10.44879033681964 0
1985 1.100419791887845 -10.51008871934935 0
1986 0.8848441364675332 -12.95691075799776 0
1987 0.6940957770578227 -13.07275743044518 0
1988 -1.051548473132467 -11.55395426211888 0
1989 0.8874666591624167 -13.18983739443119 0
1990 0.6702499029774407 -13.30756390472367 0
1991 0.8902512511262117 -13.43201693918384 0
1992 0.6573842030814681 -13.55010404140228 0
1993 -0.6146016841990302 -11.3152829572188 0
1994 -0.7508322551676119 -12.09216751861359 0
1995 -0.916628443645475 -12.18823686556308 0
1996 -0.7483658125801856 -12.28809754928588 0
1997 -0.9215180403743573 -12.38735118175936 0
1998 0.7570583776632125 -8.274515779945336 0
1999 1.172098735423396 -8.357831453322719 0
2000 1.241059264332114 -8.398383215955519 0
2001 1.241697856486048 -8.318385764745813 0
2002 -0.4976423229009336 -9.224529213502585 0
2003 -0.4280433260009674 -9.185083305849444 0
2004 -0.4970030557986767 -9.144532953191129 0
2005 -0.4274040212358848 -9.105087111991358 0
2006 -0.4963644313760346 -9.064535558917012 0
2007 -0.4267653049352354 -9.025089879829473 0
2008 -0.3584435067570549 -9.145638849209526 0
2009 -0.4957258045057462 -8.984538168961619 0
2010 -0.4261266863040612 -8.945092475336732 0
2011 -0.4950872107999563 -8.904540720489976 0
2012 -0.4254880894785614 -8.86509503236948 0
2013 -0.4944486172728624 -8.824543271702787 0
2014 -0.4248494963171317 -8.785097582937222 0
2015 -0.493810025057941 -8.744545820600559 0
2016 -0.4242109039851013 -8.705100132041622 0
2017 -0.4931714328512805 -8.664548369483757 0
2018 -0.4235723117926829 -8.625102680899694 0
2019 -0.4925328406949854 -8.584550918278095 0
2020 -0.4229337196319328 -8.54510522970191 0
2021 -0.4918942485390965 -8.504553467071768 0
2022 -0.4222951274765332 -8.465107778494708 0
2023 -0.4912556563852057 -8.424556015862258 0
2024 -0.4216565353225152 -8.38511032728537 0
2025 -0.4906170642318145 -8.344558564652459 0
2026 1.240420672178267 -8.47838066716527 0
2027 -0.004061808948406323 -8.14843619582302 0
2028 -0.9031030533768846 -7.941253086436166 0
2029 0.7551426012013425 -8.514508133574658 0
2030 1.038009230529479 -7.796743220798509 0
2031 0.3401022434411614 -8.431192460197069 0
2032 0.407146995888139 -8.71173657645924 0
2033 0.3375478748255213 -8.751182265036183 0
2034 -0.763266219097774 -7.782364258072475 0
2035 -1.109346047949244 -7.739600347327936 0
2036 -1.178945169011834 -7.779046035904919 0
2037 -1.178306576857985 -7.699048584695163 0
2038 -1.247905697920571 -7.73849427327216 0
2039 -1.247267105766686 -7.658496822062371 0
2040 -0.6923899137273326 -7.582923667076088 0
2041 0.2711417145324445 -8.390640697564244 0
2042 0.4065084037342024 -8.791734027669028 0
2043 0.3369092826715639 -8.831179716245941 0
2044 0.2679487537628857 -8.790627953613088 0
2045 0.2673101616089271 -8.870625404822851 0
2046 0.336270690517633 -8.911177167455708 0
2047 0.2666715694549938 -8.950622856032641 0
2048 0.3356320983637088 -8.991174618665486 0
2049 0.2660329773010701 -9.030620307242419 0
2050 0.3349935062097821 -9.071172069875265 0
2051 0.2653943851471392 -9.110617758452204 0
2052 0.3343549140558493 -9.151169521085045 0
2053 0.2647557929932116 -9.190615209661988 0
2054 0.3337163219019237 -9.231166972294826 0
2055 0.2641172008392938 -9.270612660871763 0
2056 0.3330777297479937 -9.311164423504607 0
2057 0.2634786086853581 -9.350610112081535 0
2058 0.3324391375940449 -9.391161874714397 0
2059 0.2628400165313957 -9.430607563291305 0
2060 0.3319877418109004 -9.471189686650071 0
2061 0.2622014243774171 -9.510605014501076 0
2062 0.1977110405462809 -8.910071093399772 0
2063 0.3316752435154304 -9.551933306079551 0
2064 0.2601280148285626 -9.592758126305251 0
2065 0.33230153358499 -9.634925331044746 0
2066 0.2579262504653873 -9.67731057363615 0
2067 0.1964338562384146 -9.070065995819361 0
2068 0.1951566719305677 -9.230060898238916 0
2069 0.1942249568231487 -9.390058558420314 0
2070 0.3337091262037817 -9.721151711111984 0
2071 0.2562259188231061 -9.765070330572071 0
2072 0.1918789625485797 -9.54875330397013 0
2073 0.334698708656732 -9.811452401089074 0
2074 0.2538834268764492 -9.857009153560004 0
2075 0.335740096618757 -9.905469884240862 0
2076 0.2530903431764345 -9.950196228415663 0
2077 0.3357550001366861 -10.00209027043886 0
2078 0.2513620717955579 -10.0497105783338 0
2079 0.1823551030554931 -9.718412612712712 0
2080 0.4052312194263386 -8.951728930088546 0
2081 0.4026768508106251 -9.271718734927678 0
2082 0.4039540351184919 -9.111723832508112 0
2083 -1.177029392550096 -7.539053682275586 0
2084 0.4812162620282613 -8.112308729413831 0
2085 0.1313048802532759 -8.549529525927943 0
2086 0.1306662880993967 -8.629526977137756 0
2087 0.8943408433267713 -8.435616756420828 0
2088 -1.248544290074399 -7.818491724481946 0
2089 1.110801312361835 -7.357310276172775 0
2090 1.180400433424523 -7.317864587595926 0
2091 1.181039025578543 -7.237867136386186 0
2092 1.249999554487211 -7.278418899019126 0
2093 1.249360962333206 -7.358416350228868 0
2094 -0.6234293848186228 -7.623475429708876 0
2095 0.4837706306443129 -7.792318924574857 0
2096 0.1319434724071636 -8.469532074718193 0
2097 -0.5538302637560364 -7.584029741131928 0
2098 0.1370522096389508 -7.829552465040001 0
2099 -0.8974232455376632 -7.221346833783628 0
2100 -0.2799039245832552 -7.986229145291757 0
2101 0.1364136174850441 -7.909549916249741 0
2102 0.4180030625051092 -7.351779905893224 0
2103 -0.913959119992748 -9.301209757002397 0
2104 0.5527311595528556 -7.832870687207722 0
2105 0.06681449642241727 -7.948995604826679 0
2106 -0.3565275605268255 -8.90564679507856 0
2107 -0.349503045645877 -8.025674833868711 0
2108 -0.3501416377998544 -8.10567228507842 0
2109 -0.3546117828847469 -8.665654443531404 0
2110 -0.2103048035204898 -7.946783456714869 0
2111 -0.4191021667085282 -8.065120522445627 0
2112 -0.4197407588624662 -8.145117973655372 0
2113 -0.4887012877711068 -8.104566211022837 0
2114 -0.4893398799250184 -8.184563662232575 0
2115 -0.4203793510159196 -8.225115424865329 0
2116 -0.2824582931984823 -8.306218950130923 0
2117 -0.3533345985681343 -8.505659541127413 0
2118 0.211121475778827 -7.230124617994679 0
2119 0.401325935047636 -9.511841515545413 0
2120 -1.053795954271518 -9.460098585366049 0
2121 0.8349591967270824 -7.195103225641207 0
2122 -0.5695198465600755 -9.504017394206754 0
2123 -0.5007617475780574 -9.545433400453206 0
2124 -0.42981027248542 -9.505418147749101 0
2125 -0.429754110604422 -9.587376212220235 0
2126 -0.5028812523300401 -9.628254717628021 0
2127 -0.4292261522717841 -9.671632363216641 0
2128 -0.5022401436069512 -9.714011008302538 0
2129 -0.4259716013129388 -9.759285564283207 0
2130 -0.5038912518113783 -9.80364537971024 0
2131 -0.4246043147850883 -9.850923592659971 0
2132 -0.5094984871123931 -9.897173172939253 0
2133 -0.9014033708314124 -16.00807767673142 0
2134 -0.4277102327403965 -9.945252950256233 0
2135 -0.5125530835202179 -9.993790268974276 0
2136 -0.428534772466951 -10.04217350780052 0
2137 0.9095813912125129 -7.146231786134699 0
2138 0.5226078084625465 -12.31380259205673 0
2139 0.9043193959654037 -10.27357469802384 0
2140 -0.3603383537366406 -9.545910751582486 0
2141 -0.3603558899721105 -9.464641379143767 0
2142 -1.054956032000369 -9.619346284837846 0
2143 0.2610116653040547 -15.65569860644203 0
2144 0.5608012841173134 -15.82875609239 0
2145 0.2540593470422289 -16.00775524756105 0
2146 0.5587282373917848 -16.18461237659301 0
2147 0.2467961177321539 -16.3754019911632 0
2148 -0.05956656287118621 -16.18348649056872 0
2149 -0.07120177436207697 -16.56196111405054 0
2150 0.2527856014135048 -16.75896329037743 0
2151 -0.08720698713113584 -16.94819907147695 0
2152 0.2568557470425347 -17.157852134781 0
2153 -0.09867635121604848 -17.35531376967845 0
2154 0.2600733304331424 -17.57306139194725 0
2155 -0.1155154571989959 -17.78719620488103 0
2156 0.2627095888050167 -18.00910207850288 0
2157 -0.1282369060180536 -18.23296737717643 0
2158 0.267567107380499 -18.46384865090188 0
2159 -0.1481115126627494 -18.70173582560439 0
2160 -0.3992817381096304 -16.69667561089583 0
2161 -1.061623120655993 -11.90530067627694 0
2162 1.092266776911714 -12.8401695173227 0
2163 0.2664452659921258 -18.93020614496519 0
2164 -0.1646258238985028 -19.1928448273172 0
2165 0.2781524768128579 -19.42785049348635 0
2166 -0.1630540920279162 -19.69735134500249 0
2167 -0.5709750546507518 -9.666961350183561 0
2168 0.9979823427428089 -10.56935886073449 0
2169 1.098192291564797 -10.63462757608607 0
2170 -1.121362131133933 -10.03791690295401 0
2171 -1.207167115460453 -10.08851723019333 0
2172 -1.120074103084101 -10.14256478570077 0
2173 -1.210661758666225 -10.19534285820165 0
2174 -1.287634257094097 -10.03519386876791 0
2175 -1.269649121141934 -9.758689537684585 0
2176 -0.5697595768361993 -11.9861707930401 0
2177 1.251715929916335 -7.20032311999077 0
2178 -0.748500715878187 -12.48730736522459 0
2179 -0.9258927713977497 -12.5929823718851 0
2180 0.6009977126777458 -16.94877548601188 0
2181 0.8901321843178792 -13.6808092978381 0
2182 0.6700437539625544 -13.81275599953255 0
2183 0.8719213019934857 -16.00642279979983 0
2184 0.1696497986902512 -9.894721670702054 0
2185 -0.5608547774482004 -8.464001704439251 0
2186 -0.5653249293259892 -9.023983850908849 0
2187 0.765360075664444 -7.234548914218136 0
2188 0.8241031301100327 -8.555059896207579 0
2189 0.8234645379559913 -8.635057347417327 0
2190 0.8253803144180497 -8.395064993788024 0
2191 0.4148101017355855 -7.751767161941874 0
2192 0.3452109806728451 -7.79121285051883 0
2193 0.00296270474479713 -7.26846423251566 0
2194 0.8330434202652494 -7.435095579270545 0
2195 0.349042533596286 -7.311228143260591 0
2196 0.3496811257499959 -7.231230692050787 0
2197 -0.6898569102267715 -7.262932466880427 0
2198 0.1376908017928594 -7.749555013830223 0
2199 0.2066513307015149 -7.790106776463055 0
2200 -0.06791360062568315 -7.467904823512242 0
2201 0.7647214835104841 -7.31454636542794 0
2202 1.105692575130387 -7.997289885850908 0
2203 1.174653104039104 -8.037841648483731 0
2204 1.244252225101773 -7.99839595990678 0
2205 1.243613632947876 -8.078393411116572 0
2206 1.036732046221661 -7.956738123218107 0
2207 1.174014511885194 -8.117839099693498 0
2208 1.242975040793966 -8.158390862326314 0
2209 -0.1400670903037028 -7.827340316928305 0
2210 -0.6930285058812393 -7.662921118285865 0
2211 0.1996268170081318 -8.670078739770553 0
2212 0.1300276959454657 -8.7095244283475 0
2213 -0.5544688559099473 -7.664027192341621 0
2214 -0.2747951873518373 -7.346249535613802 0
2215 0.3484039414424687 -7.391225594470276 0
2216 -0.9835582410553723 -9.340655445579319 0
2217 -0.348864453491812 -7.94567738265906 0
2218 -0.3597532524647494 -9.305577342444025 0
2219 -0.5154557939138511 -10.0957921978704 0
2220 -0.4267186735546865 -10.146859477605 0
2221 -0.5158965035791444 -10.20273341939567 0
2222 0.3368265983724351 -10.10445893567723 0
2223 0.2463648662715296 -10.15698913752039 0
2224 0.3352215114419129 -10.21222251682842 0
2225 0.242222550673888 -10.26678166638724 0
2226 0.1320515107344222 -10.20712181872581 0
2227 -0.3522206828470759 -9.713435168020087 0
2228 -0.7518876532093471 -12.69328204950862 0
2229 -0.9319828526559626 -12.80882073931676 0
2230 -1.312222622356405 -7.457971932323352 0
2231 -1.313623903430586 -7.378368005939205 0
2232 -1.314034796647312 -7.537960015230341 0
2233 0.9973554699629785 -10.69567592688696 0
2234 1.098970662496547 -10.76592101942942 0
2235 -0.8974022474328986 -7.145807474488619 0
2236 -0.9664212859328858 -7.181526886786884 0
2237 -1.317504818983168 -7.777939961849221 0
2238 -1.318143411136962 -7.857937413058998 0
2239 0.3949473864714189 -11.82818727727646 0
2240 0.3787170303009844 -12.02947436836904 0
2241 1.017691629091994 -12.03758390255115 0
2242 1.0246062829488 -11.83961825466223 0
2243 1.312676621692027 -7.718933247294018 0
2244 0.2742095776704084 -19.93252075706714 0
2245 -0.1588252973286514 -20.21652580631357 0
2246 0.2652710009538511 -20.43112597354037 0
2247 -0.1714708711050794 -20.75834515662598 0
2248 -0.6869495936858528 -7.187161880573084 0
2249 -0.1334208326266224 -7.190073553077401 0
2250 -1.087530828922568 -12.28249861711104 0
2251 1.307463731888716 -8.438914574429202 0
2252 1.306399129509522 -8.518908624945759 0
2253 1.313774614079468 -7.558936914447029 0
2254 1.247538829216323 -7.518406902509195 0
2255 1.313777432622886 -7.478934388075094 0
2256 0.4106277207486984 -9.764650339565438 0
2257 0.9978538699529129 -10.82937886774199 0
2258 1.107189221235048 -10.89944776385389 0
2259 1.309721748403088 -8.118922403913333 0
2260 1.311460167460441 -8.198938829986458 0
2261 -0.4626489122342055 -17.50764186120401 0
2262 -0.7561034037872421 -12.91507382807672 0
2263 -0.9343456599282468 -13.03528912939254 0
2264 -0.4268272211047528 -10.25467374600218 0
2265 -0.521648815136756 -10.31344792837899 0
2266 0.005475189447853461 -7.191773131862504 0
2267 0.07600020943435297 -7.152665799168357 0
2268 -1.038010662053511 -9.888563304112312 0
2269 0.4746053024019483 -13.18527939156035 0
2270 0.6424427463031326 -17.78229279937532 0
2271 1.096944996765899 -13.55023885802687 0
2272 0.8930814258622251 -13.95393756719655 0
2273 0.6684832758368716 -14.08379912189004 0
2274 0.9037014108023957 -14.23493555292839 0
2275 0.4311167035946507 -13.93742440849912 0
2276 0.6747882198044268 -14.35985213750515 0
2277 0.9296423010103038 -14.48603717393772 0
2278 1.315510631075564 -7.31894312585991 0
2279 -1.122134388358499 -10.25136838823472 0
2280 -1.212878262604005 -10.30552337740383 0
2281 -1.121321872600538 -10.36462371771774 0
2282 -1.215923153689535 -10.42123400978499 0
2283 -1.378111873688791 -7.412143503471695 0
2284 1.205666954840393 -10.58045292418845 0
2285 -0.6003199570789863 -9.942949027225747 0
2286 -1.138215240012937 -12.92231704192394 0
2287 0.424669887652262 -9.952982981569193 0
2288 -0.3411261626826547 -10.18783239228371 0
2289 0.7692215888585002 -7.149658140587945 0
2290 0.7968464098550307 -15.00085608502682 0
2291 -0.405950190442136 -10.36952767945782 0
2292 0.3810489691093945 -21.00322089652369 0
2293 -0.2012955274125673 -21.33504381767949 0
2294 0.3449526129228619 -10.32303717400672 0
2295 0.2413894785272113 -10.38096394307022 0
2296 0.3479128208517963 -10.43945973587771 0
2297 0.2388631423834443 -10.49957595435733 0
2298 -0.3419406461102216 -9.892924030823494 0
2299 -0.6049955099606448 -11.64088146380741 0
2300 1.039096674220221 -12.37681443144504 0
2301 0.3042235240685346 -21.63551504938609 0
2302 -0.1915558800478963 -21.94083642477451 0
2303 0.9957594934194911 -10.96818516029211 0
2304 1.110526305753389 -11.04222670759235 0
2305 0.9708252628947678 -11.12127171101153 0
2306 1.105752338637597 -11.19536648319253 0
2307 0.6845135606416755 -18.66964532443599 0
2308 -0.6359350313760637 -18.42873472922001 0
2309 1.381534690765301 -8.159496936382219 0
2310 1.184633507090096 -7.145825421895024 0
2311 -0.7605383132083243 -13.14913928979745 0
2312 -0.9440883130867868 -13.27030726772048 0
2313 -0.7349160781602078 -13.37594672606652 0
2314 -0.9193836664510232 -13.53181049961854 0
2315 -0.52495054321235 -10.42950479056524 0
2316 -0.4231890341855218 -10.49047466004803 0
2317 -0.5322221035413328 -10.55168314425972 0
2318 -0.4127197586180877 -10.60314456315532 0
2319 -0.5148945000150863 -10.68720140696976 0
2320 0.3565802012798973 -22.33102167002584 0
2321 -0.2319046844470531 -22.56281416148289 0
2322 1.183989052621214 -11.95042916950518 0
2323 1.238486879290272 -10.98287779910564 0
2324 -0.8356193842028904 -7.099979245733177 0
2325 -0.8895098848024583 -14.98742759170819 0
2326 -1.024785151049645 -10.19521557307415 0
2327 -1.114341680287718 -10.48180203213782 0
2328 -1.218285361954306 -10.54295829769924 0
2329 -1.110188837162228 -10.60849491786813 0
2330 -1.211822613995995 -10.64955580983835 0
2331 -1.313453819151605 -10.60503039584225 0
2332 1.386004835842772 -7.599514777914125 0
2333 -0.6059346145114435 -10.239113922906 0
2334 -0.7769076205481407 -22.23548692316087 0
2335 1.374472804235678 -8.252386467461509 0
2336 -0.1990889452115346 -7.137551250168162 0
2337 -0.2727130135824419 -7.184711684119399 0
2338 -0.2734946020535998 -7.118432154678665 0
2339 -0.3475945683317035 -7.140512965354009 0
2340 1.163441838559814 -14.36191126864278 0
2341 0.4308705241050667 -10.24889297713669 0
2342 0.3416078358764941 -10.56096755205122 0
2343 0.2381322925581085 -10.62408125834563 0
2344 0.1383984241511548 -10.57590371178908 0
2345 0.3449043083636725 -10.68890588009416 0
2346 0.230491310491664 -10.75256660263775 0
2347 0.3443269881648017 -10.82043353541932 0
2348 0.2269361909854275 -10.88793356413003 0
2349 0.2338375888678499 -11.89845361398589 0
2350 0.2217433496383471 -12.11325505664057 0
2351 0.03433999710448558 -10.6569857388387 0
2352 -0.5974242426944285 -14.83219257847126 0
2353 -0.8915396870494772 -14.671015316427 0
2354 -1.168923802785691 -14.50644508763087 0
2355 -0.9057128242408176 -14.32536286309433 0
2356 -1.30876222394263 -10.24685631771137 0
2357 -0.398201696560646 -12.0690881164908 0
2358 -0.603887474178881 -14.51492191134012 0
2359 -0.8070815589012783 -14.01385440988673 0
2360 -0.3505846760366436 -11.49104279591003 0
2361 -0.3239986846561167 -11.02141373276677 0
2362 -0.4587938666606349 -11.08942572099639 0
2363 -0.4433013494062701 -10.94951424364159 0
2364 -0.4720692397935656 -11.24303390315477 0
2365 -0.6183312203827117 -11.14189688521215 0
2366 -0.5761803093302189 -12.37602026395899 0
2367 0.03024920105486048 -10.29195893280759 0
2368 0.07054112338699373 -11.10207326989282 0
2369 0.2024883429520427 -11.17925219736385 0
2370 0.2086073491982746 -11.33731311519129 0
2371 0.3210661067485747 -11.25725411040654 0
2372 0.09477549736865819 -11.5930778166322 0
2373 0.2443196022505655 -11.71190306224594 0
2374 0.1584301563663792 -12.79462256236191 0
2375 -1.004475691009222 -10.41367396233648 0
2376 0.9057319107440314 -20.88058533603303 0
2377 -0.5296095002429102 -13.9173477693507 0
2378 -0.7522049522180398 -13.74701401159264 0
2379 -1.046094694792683 -13.81217415219193 0
2380 -1.197690237373959 -13.57327197446941 0
2381 0.7058991665263281 -19.63128411799474 0
2382 1.300972599481178 -12.94650972678055 0
2383 1.39862543294581 -10.40775838791532 0
2384 1.289343499007555 -10.46287574783616 0
2385 -1.394183147813568 -10.06489898634123 0
2386 1.417709234986845 -9.869818358284864 0
2387 1.334572136358173 -9.915278214701932 0
2388 1.342202576414684 -9.818576941409022 0
2389 1.327442809793726 -10.01993050486098 0
2390 -0.5753238407422504 -11.00382546148362 0
2391 1.428224554446619 -9.600150656384532 0
2392 1.352788902243046 -9.640429901534134 0
2393 1.355786995799961 -9.556211370915715 0
2394 1.284344605458267 -9.595357501538635 0
2395 1.289062995972912 -9.512342221633983 0
2396 1.277217356464039 -9.680000105050173 0
2397 -1.426097112357139 -9.601101992771246 0
2398 -1.349961770917817 -9.641387028530239 0
2399 -1.355269143511757 -9.551744159806026 0
2400 -1.297946910324566 -9.494596912938833 0
2401 0.2393815710151606 -14.67229419741182 0
2402 -0.3121584977628442 -10.53350423906938 0
2403 0.02385051436726303 -10.1834033088444 0
2404 0.08042712137654531 -10.9342377985519 0
2405 0.1416299118546808 -12.56120782648842 0
2406 0.3179108769800545 -12.45108293350836 0
2407 1.187288648010147 -16.19355720414848 0
2408 -0.3417738933392279 -11.33025958325101 0
2409 -0.3141313903293131 -10.87873373585304 0
2410 -0.4356280355903157 -10.80652268666893 0
2411 -0.447692308532026 -12.90883171666953 0
2412 -0.4033232282867774 -11.85337133912274 0
2413 -0.2326642332663252 -9.720290391030687 0
2414 0.0001758978486210057 -9.771791547167879 0
2415 0.084891468709217 -9.818084514734826 0
2416 0.06790320546826492 -9.722359856641054 0
2417 0.06089997294614499 -9.631956266251166 0
2418 0.007671603139696457 -9.968044264790182 0
2419 0.08648774044915532 -10.02647391166436 0
2420 0.2087127868829042 -13.25569789308376 0
2421 -0.4854996479665864 -13.39319383093265 0
2422 0.1919505444957516 -13.79937689823422 0
2423 0.4208972768140918 -13.66767134677981 0
2424 1.358972272977428 -9.473869482686915 0
2425 1.29036998951626 -9.430869818120907 0
2426 1.217220552094312 -9.467585489606414 0
2427 1.221153552359385 -9.387593737288089 0
2428 1.295176761160741 -9.354622701965072 0
2429 -0.01022348147356218 -9.592596188719048 0
2430 0.347283020405644 -12.8915290871261 0
2431 1.216090821621344 -9.623763400390008 0
2432 1.183791926734612 -9.711142000372599 0
2433 -1.42256133638247 -9.776440122800663 0
2434 -1.343914997519688 -9.814214695859478 0
2435 -1.336587353263247 -9.911492859993132 0
2436 1.422445543149766 -9.775655602421663 0
2437 -0.8930869474306964 -24.11880344970543 0
2438 -0.4193835267924406 -23.77444774826961 0
2439 1.186655237230326 -15.83420675967844 0
2440 0.8843760631900569 -24.84676359532394 0
2441 0.1914263607978199 -25.1908651510902 0
2442 0.06606576154022598 -26.0126434716454 0
2443 -0.7785059771296651 -27.26310652382693 0
2444 -0.02300747202781796 -26.83057615661069 0
2445 -0.6077988297150715 -25.6302940745996 0
2446 -1.351610747174362 -11.9059318752642 0
2447 0.7531124425552941 -28.12244603906176 0
2448 1.393835246218767 -10.65655546553248 0
2449 1.275101295118382 -10.7100516530641 0
2450 -1.031122431391343 -20.83704680908926 0
2451 -1.125758558393774 -17.83489513665302 0
2452 1.062306081292092 -17.8448229133895 0
2453 1.405302298765268 -10.28785049688101 0
2454 1.292137616651512 -10.24218099078927 0
2455 0.9304124689572684 -23.39621876540443 0
2456 0.3278239339611544 -22.9768082075917 0
2457 -1.344402320703935 -12.29211014327483 0
2458 1.340183061967155 -12.29395685078861 0
2459 1.16141547169442 -12.19286419592915 0
2460 1.369655337940382 -11.22367366010989 0
2461 1.229046475274166 -11.29087241744075 0
2462 1.218990426214888 -11.45863990102637 0
2463 1.083531027689635 -11.36909626861818 0
2464 1.062073830872401 -11.52815753782159 0
2465 -1.369075041866713 -11.22864034576095 0
2466 -1.245043245622678 -11.14956871633536 0
2467 -1.246338939642406 -10.99968940530117 0
2468 -1.11342172337202 -11.06822202080365 0
2469 -1.118884909359182 -10.92059188217001 0
2470 -1.246806875792535 -10.85257292704442 0
2471 -1.3753788188498 -10.93183095767392 0
2472 1.368991611705972 -10.9242378067232 0
2473 0.9466133830011304 -22.0640593460051 0
2474 -1.09152768511238 -18.76429408796497 0
2475 -0.6157854875199611 -18.96028445409786 0
2476 -1.258399449621179 -14.23357968737449 0
2477 1.35696537109319 -11.54905236379096 0
2478 -1.35709966806089 -11.55378213703931 0
2479 -1.215713465285852 -11.46622033556755 0
2480 -1.196219390088319 -15.15618662833077 0
2481 1.237636113337467 -15.15474774321821 0
2482 0.9311147525527219 -15.30100339030215 0
2483 0.8870576402597299 -15.65610937185622 0
2484 -0.7125128181168409 -29.05487982766073 0
2485 -1.158671902293906 -16.98355308473406 0
2486 -0.8104012144765196 -17.23134682461524 0
2487 1.182926094083326 -16.96850701659815 0
2488 0.7728777272452285 -26.42595913538283 0
2489 1.311851833122745 -12.71944994328323 0
2490 -1.314525154283965 -12.74141177341821 0
2491 -1.054165787919489 -19.77870274950697 0
2492 1.107730477575633 -12.58400849933164 0
2493 -0.2265772948757381 -9.548508313561543 0
2494 0.05757868252636603 -9.547439604154842 0
2495 0.0565200280655303 -9.467514354242724 0
2496 0.4635831296980933 -10.50159598751117 0
2497 1.314762022200875 -10.12816417194883 0
2498 1.215012623702187 -10.16715162581404 0
2499 -1.416953136150027 -9.966252974019435 0
2500 -0.4829444524063276 -11.39854714331753 0
2501 0.7443196278093362 -29.02217354607438 0
2502 1.428878629264807 -9.516784043595161 0
2503 1.362456328754776 -9.393104976843595 0
2504 1.363085075668953 -9.312878676832348 0
2505 1.289662075806619 -9.275446027517864 0
2506 -1.430699908618929 -9.517744540027294 0
2507 -0.2503799118459843 -9.916464242769695 0
2508 -0.751856665172861 -7.137589644879192 0
2509 -0.6424764636817686 -10.61303858008545 0
2510 -0.5621319617568513 -8.623996606856904 0
2511 -0.4210179431687679 -8.305112876075549 0
2512 -0.4899784720783462 -8.26456111344258 0
2513 -0.5634091460928459 -8.783991509226848 0
2514 0.2794434125335808 -7.350673831837394 0
2515 0.8930636590187304 -8.595611658840477 0
2516 -0.5659635337774266 -9.103981280420502 0
2517 0.8924250668646322 -8.675609110050305 0
2518 0.8228259458019112 -8.715054798627094 0
2519 0.8917864747107374 -8.75560656126002 0
2520 0.9607470036194597 -8.796158323892863 0
2521 0.8911478825569885 -8.835604012469719 0
2522 1.315753945055289 -7.239258030715055 0
2523 1.315760561374468 -7.161438372214979 0
2524 1.386369674154353 -7.200334538461238 0
2525 0.557839896784188 -7.192891077529325 0
2526 0.4888793678753978 -7.15233931489653 0
2527 0.5577766931990764 -7.113704563270579 0
2528 0.4207158151485135 -7.194317962030224 0
2529 0.3531795764356345 -7.143553364391456 0
2530 -0.06663641631789949 -7.307909921092728 0
2531 -0.1407056824576755 -7.907337768138012 0
2532 -0.07174515354896259 -7.947889530770865 0
2533 0.6993887633657692 -7.190044880046663 0
2534 0.4844092227981778 -7.712321473364957 0
2535 -0.5666022458504782 -9.183978520041682 0
2536 -1.253014435151574 -8.378473882950349 0
2537 -1.322201233541214 -8.41864708565293 0
2538 -1.31966330394249 -8.498066375031089 0
2539 -1.318157815915897 -8.338797517777019 0
2540 -1.384107427869376 -8.452137114061584 0
2541 -0.2740224302876884 -7.265994926225012 0
2542 -1.316866226829325 -7.697942510639345 0
2543 -0.96759343720831 -7.340719165334992 0
2544 0.6317833114406028 -7.148402282135439 0
2545 -0.3526960064142225 -8.425662089917804 0
2546 0.6962591573700119 -7.273335890871955 0
2547 1.309884938314742 -8.03892115773086 0
2548 1.310325369055827 -7.958922124666605 0
2549 1.382138525784299 -7.999386408227748 0
2550 -0.4816767740777482 -7.224594247715853 0
2551 -0.5506373029864309 -7.184042485083008 0
2552 -0.4825522619817802 -7.148267130908337 0
2553 -0.5542148789252248 -7.108745629510343 0
2554 0.3445723885188202 -7.871210301728494 0
2555 0.207289922855436 -7.710109325253233 0
2556 -0.6195978318951335 -7.143490722450174 0
2557 -1.260038948843891 -9.258445846257869 0
2558 -1.329100725976737 -9.298839640104896 0
2559 -1.329159096274396 -9.376193778719445 0
2560 -1.340799218852844 -9.214060506245639 0
2561 -1.389573532753777 -9.331927096528059 0
2562 0.1983496327002167 -8.830073642189991 0
2563 0.1287505116375694 -8.869519330766948 0
2564 0.1281119195020062 -8.949516781945475 0
2565 0.05915139058222025 -8.908965019281354 0
2566 0.9743560256022541 -7.194638341208936 0
2567 1.042815860317416 -7.16090194624803 0
2568 0.9774261336281562 -7.114659660459592 0
2569 0.8260189065719549 -8.31506754257822 0
2570 0.6938451781398816 -7.513986956424324 0
2571 0.1426275787822678 -7.190180306434943 0
2572 0.1472519958398506 -7.112385215936564 0
2573 0.2145792618573767 -7.153039718052938 0
2574 -1.251098658690039 -8.138481529320934 0
2575 -1.320059187598795 -8.097929766688083 0
2576 -1.319420595444847 -8.017932315478289 0
2577 -1.320697779752657 -8.177927217897889 0
2578 -1.319449859117212 -8.257976385373235 0
2579 -1.244598078020602 -7.338576233913045 0
2580 -1.244055035142095 -7.258521102128359 0
2581 -1.174509303488581 -7.21912951064022 0
2582 -1.238843509508193 -7.182488188020599 0
2583 -1.306063967754964 -7.212448991319473 0
2584 -1.311148729295407 -7.294587064485295 0
2585 0.06106716703677006 -8.668972665714564 0
2586 1.173375919731287 -8.197836550903258 0
2587 -0.4151204042654149 -7.188190518166135 0
2588 -0.6198654250229462 -7.224192186024851 0
2589 1.168905774653908 -8.757818709371668 0
2590 1.237866303562615 -8.798370472004517 0
2591 1.237227711408636 -8.878367923214311 0
2592 1.306826832471304 -8.838922234637424 0
2593 1.238504895716534 -8.718373020794729 0
2594 1.303986098770429 -8.918902106908233 0
2595 1.236222095663494 -8.958362444600912 0
2596 1.302919312426801 -8.998896139990926 0
2597 1.370713224866762 -8.892076703538777 0
2598 1.376425953534004 -8.799476546060585 0
2599 1.305086545730988 -8.758905793655117 0
2600 1.305328658069223 -8.678905177483156 0
2601 -0.634924047904734 -9.063429543868674 0
2602 -1.260400448202489 -9.424006517494192 0
2603 0.4020382586566965 -9.351716186137464 0
2604 0.4716373797193182 -9.312270497560561 0
2605 0.4015681300048729 -9.431667106222577 0
2606 -0.3571661581420731 -8.985644236652204 0
2607 -0.287567031865307 -8.946198557273229 0
2608 -1.049964401348252 -8.980113878107389 0
2609 -0.9810038724395685 -9.020665640740258 0
2610 -0.981642464593473 -9.100663091949993 0
2611 -0.9803652802856455 -8.940668189530458 0
2612 -0.979726688131874 -8.860670738320611 0
2613 -0.5672408463196359 -9.263975956579937 0
2614 -0.6362012756210313 -9.223424369697147 0
2615 0.001685520436919635 -7.428459134935251 0
2616 1.037370638375534 -7.876740672008335 0
2617 0.9677715173129078 -7.91618636058532 0
2618 0.9671329251589666 -7.996183811794998 0
2619 0.9588312271580572 -9.036150677521933 0
2620 0.8898706982493865 -8.995598914889106 0
2621 0.8892321060954113 -9.075596366098829 0
2622 0.8202715771867009 -9.03504460346598 0
2623 0.820910169340529 -8.955047152256292 0
2624 0.8196329850327815 -9.115042054675806 0
2625 0.7500338639700932 -9.154487743252833 0
2626 0.8189943928787917 -9.195039505885658 0
2627 0.7513110482778637 -8.994492840833219 0
2628 0.8885935139414785 -9.155593817308706 0
2629 -0.8437214067762333 -9.181766617215633 0
2630 1.17839383216117 -7.55785621620192 0
2631 1.179017286848248 -7.477858644154995 0
2632 0.832404828111251 -7.515093030480298 0
2633 -0.0730223378571293 -8.107884433190247 0
2634 -0.6904776981181449 -7.342931080887224 0
2635 -0.2767109638134887 -7.586241889243224 0
2636 -0.3456714927222116 -7.545690126610447 0
2637 -0.3450329005682471 -7.465692675400643 0
2638 -0.2754337795057741 -7.426246986823651 0
2639 -1.038469742578787 -7.540159756331427 0
2640 -1.10870745579537 -7.65960289611818 0
2641 1.239285068094797 -8.55837415089969 0
2642 1.307700201896939 -8.598921559830831 0
2643 1.378341729995751 -8.559484192430819 0
2644 1.371721291920765 -8.652165879148855 0
2645 -0.3558889676246797 -8.82564934518879 0
2646 -0.9720635822856174 -7.900701323803357 0
2647 -0.9727021744395155 -7.980698775013115 0
2648 -1.04230129550214 -8.020144463590061 0
2649 -0.973340766593376 -8.060696226222834 0
2650 0.1957952640844851 -9.150063447029133 0
2651 0.1268347444630902 -9.109511684470423 0
2652 0.1261961555065989 -9.189509135705713 0
2653 0.1255599293296456 -9.269506605802297 0
2654 0.756419785509302 -8.35451323115513 0
2655 -0.3463100848760902 -7.625687577820257 0
2656 -0.4152706137847684 -7.585135815187554 0
2657 0.9696872937747264 -7.676194006955839 0
2658 1.105053982976443 -8.077287337060651 0
2659 -0.7613504426360694 -7.54237190444325 0
2660 0.687459256600542 -8.313961468522233 0
2661 -0.630453898510965 -8.503447393016275 0
2662 -0.6298153063572636 -8.423449941806503 0
2663 0.340740835595064 -8.351195008987299 0
2664 0.4097013645038515 -8.391746771620131 0
2665 0.2717803066863915 -8.310643246354459 0
2666 0.272418898840374 -8.230645795144657 0
2667 0.2047355542396384 -8.030099130092216 0
2668 0.2015425934697977 -8.430086386141225 0
2669 0.1325820645611147 -8.389534623508332 0
2670 0.0687302728841136 -7.709003251197386 0
2671 0.2028197777777246 -8.270091483721588 0
2672 0.2092056993170389 -7.470116971623936 0
2673 -0.3507802299535245 -8.185669736288245 0
2674 1.307472753971993 -8.281066774510087 0
2675 -0.6285381220497468 -8.263455039386907 0
2676 -1.255568803766915 -8.698463687789488 0
2677 -1.32452933267568 -8.657911925156689 0
2678 -1.319645577543663 -8.73476017564497 0
2679 -1.321103353007787 -8.810975644326042 0
2680 -0.355250375149934 -8.745651894544784 0
2681 -0.2856512539888755 -8.706206206141969 0
2682 0.8956180276345782 -8.275621854001219 0
2683 0.8266574987258537 -8.235070091368367 0
2684 -0.007254769717867656 -8.54842345187163 0
2685 0.89370225117279 -8.515614207630676 0
2686 0.6919294016780766 -7.753979310053754 0
2687 0.9569154506963158 -9.276143031151324 0
2688 1.238424358257846 -8.638369829020402 0
2689 -0.5570232245255919 -7.984016997180543 0
2690 0.9620241879275897 -8.636163421473162 0
2691 -0.560216185294508 -8.384004253229492 0
2692 0.8400102229785702 -7.104255733296188 0
2693 0.7035288398103667 -7.109712684387286 0
2694 0.5444294615515908 -8.872837552934715 0
2695 -1.258123172382243 -9.018453492628566 0
2696 -1.32314238965404 -8.971403119076731 0
2697 -0.8386126695452415 -8.541787007537408 0
2698 -0.9075731984539687 -8.501235244904585 0
2699 -0.9069346063000691 -8.421237793694811 0
2700 -0.9765337273626902 -8.460683482271742 0
2701 -0.9758951352087868 -8.380686031061966 0
2702 -0.9062960141461823 -8.341240342484983 0
2703 -0.9752565430548 -8.300688579852169 0
2704 -1.323034985761363 -9.050289105277137 0
2705 0.4045926272724112 -9.031726381298315 0
2706 1.244303154404236 -7.918393817586461 0
2707 1.310832990498987 -7.878923627962681 0
2708 -0.5627705539251082 -8.703994058041591 0
2709 -0.8398898538530446 -8.701781909956965 0
2710 -0.9088503827617471 -8.661230147324105 0
2711 -0.9094889749155739 -8.741227598533879 0
2712 -0.8443599989301405 -9.261764068425393 0
2713 0.4090627723499152 -8.471744222829908 0
2714 0.4786618934125749 -8.432298534252979 0
2715 0.4793004855665038 -8.352301083043219 0
2716 0.001046928283092686 -7.508456586145027 0
2717 0.9684101094668337 -7.836188909375442 0
2718 0.9690487016207767 -7.756191458165649 0
2719 0.9000881727120673 -7.715639695532769 0
2720 -0.005977585410177596 -8.388428549452366 0
2721 -0.3539731907251427 -8.585656992332055 0
2722 -0.9082117906078373 -8.581232696114352 0
2723 -1.047410032732961 -8.660124073268211 0
2724 -1.044217071963602 -8.260136817219351 0
2725 -0.9746179509010534 -8.22069112864218 0
2726 0.6893750330623001 -8.073969114892851 0
2727 0.6204145041535846 -8.033417352259995 0
2728 0.6900136252162411 -7.99397166368308 0
2729 0.6210530963075276 -7.953419901050285 0
2730 0.5508153830909603 -8.072863040836921 0
2731 1.038647822683425 -7.716745769588711 0
2732 0.7628057070485923 -7.554538719057211 0
2733 0.5501767909370223 -8.152860492046706 0
2734 -0.7070770769092334 -9.422865850111117 0
2735 -0.2811811088910515 -8.146224047711272 0
2736 -0.8411670381607148 -8.861776812376533 0
2737 0.6912908095241352 -7.833976761263584 0
2738 0.5425136850897883 -9.112829906564038 0
2739 -0.0736609300110285 -8.187881884399996 0
2740 -0.003423216794500992 -8.068438744613241 0
2741 1.164654489937885 -9.238337695934668 0
2742 0.1274733289054946 -9.02951423316247 0
2743 0.6861820722926538 -8.473956370941787 0
2744 1.103138206514678 -8.317279690689915 0
2745 -0.8354197087758727 -8.141799751488492 0
2746 -0.9043802376846195 -8.101247988855629 0
2747 -1.048687217040637 -8.820118975687773 0
2748 -0.8341425244681638 -7.981804849068986 0
2749 0.7481180875080042 -9.394480096882129 0
2750 0.8177172085706854 -9.355034408305276 0
2751 0.8171795021769344 -9.434860297665734 0
2752 0.886685849752715 -9.395558176910995 0
2753 0.8861236360909054 -9.475423375802137 0
2754 0.9549996742341806 -9.516135384780794 0
2755 0.8865261189234437 -9.553240344858976 0
2756 0.887317681679062 -9.315584054057128 0
2757 0.8183560260656756 -9.275036179483628 0
2758 1.165642858585491 -9.157895011971238 0
2759 1.235300275730377 -9.118375117935372 0
2760 1.241845437511058 -9.206127477985786 0
2761 1.30429173274744 -9.152502584588895 0
2762 -0.6943056901890491 -7.82291602070527 0
2763 0.4033154429645458 -9.191721283717886 0
2764 -1.323890740521806 -8.577914473946915 0
2765 -0.2134977642899742 -8.346770712763629 0
2766 -1.045494256271444 -8.420131719638929 0
2767 -0.3578048048163516 -9.065641591718043 0
2768 -0.56404773849082 -8.863988960006324 0
2769 0.5463452380133754 -8.632845199305358 0
2770 0.5457066458594078 -8.712842650515121 0
2771 1.170738715794036 -8.517825694496356 0
2772 0.4103399566577839 -8.311749320410357 0
2773 -0.6330082671769746 -8.823437197766472 0
2774 0.8994495805581224 -7.79563714674256 0
2775 -0.214774948597646 -8.506765615182939 0
2776 1.040563599145224 -7.476753415959386 0
2777 0.7519496404315991 -8.914495389623438 0
2778 -0.6317310828214815 -8.663442295431002 0
2779 0.5437908693976925 -8.952835004144495 0
2780 0.7634442992025317 -7.474541267847419 0
2781 -0.4297264136978836 -9.424916641045359 0
2782 0.2768890439180405 -7.670663636676194 0
2783 -1.316227634675464 -7.617945059429577 0
2784 -0.6272609377420004 -8.103460136967362 0
2785 -0.002146032486296229 -7.908443842193893 0
2786 0.1383293939467167 -7.66955756262041 0
2787 0.4863249992599161 -7.47232911973561 0
2788 0.9562147513236887 -9.35613519978542 0
2789 0.4058698115802586 -8.871731478878777 0
2790 0.06362153565243535 -8.348982860875463 0
2791 0.1970724486580434 -8.990068544600359 0
2792 -1.05124158565603 -9.14010878052696 0
2793 -0.9822810567474123 -9.180660543159775 0
2794 0.7493953093728494 -9.234485064860639 0
2795 0.8879551846852581 -9.235590361304666 0
2796 -0.5531916716021427 -7.504032289922156 0
2797 -0.832226748006498 -7.74181249543966 0
2798 0.4754689326428835 -8.832285790301853 0
2799 -1.039746926886623 -7.700154658750979 0
2800 0.4741917483350407 -8.992280692721383 0
2801 0.4748303404889563 -8.912283241511624 0
2802 0.8975338040962768 -8.035629500371886 0
2803 -1.042939887655991 -8.100141914799796 0
2804 -1.256062127411949 -8.85730339300067 0
2805 -0.0672750084718069 -7.387907372302479 0
2806 0.4761075247968213 -8.752288339092082 0
2807 -1.249821474382221 -7.978486626901377 0
2808 1.104415390822506 -8.157284788270408 0
2809 0.06553731211429689 -8.108990507246089 0
2810 0.6223302806154242 -7.793424998630785 0
2811 0.4735531561810983 -9.072278143931163 0
2812 -0.8424442224683956 -9.021771714796076 0
2813 0.8981723962502384 -7.955632049162134 0
2814 0.7538654168933654 -8.674503035994224 0
2815 0.002324112590855682 -7.348461683725475 0
2816 0.2692259380707443 -8.630633051193604 0
2817 0.963301372235543 -8.476168519053573 0
2818 0.4710891827020514 -9.392154218549431 0
2819 0.5406103951750847 -9.352803455166736 0
2820 0.5412385818731212 -9.272821674812514 0
2821 0.05978998273091433 -8.828967568122122 0
2822 -0.8366968930835985 -8.301794653908019 0
2823 -0.8373354852374649 -8.381792105117832 0
2824 -0.1394284981498418 -7.747342865718558 0
2825 -1.325426949800317 -9.12943401956595 0
2826 -0.762627626943861 -7.702366806862749 0
2827 -0.8309495636987233 -7.581817593020125 0
2828 -0.6266223455881618 -8.023462685757565 0
2829 1.169424511872385 -8.677820301401113 0
2830 0.2021811856237584 -8.350088934931396 0
2831 -1.107430271487487 -7.499607993698614 0
2832 0.4729145640271685 -9.152275595140974 0
2833 0.1945760543870328 -9.310058812240058 0
2834 -1.253693478721646 -8.538493677418918 0
2835 0.4154486938894327 -7.671769710732084 0
2836 -1.046132848425298 -8.500129170848705 0
2837 0.8247417222640685 -8.47506244499778 0
2838 0.4722763187217743 -9.232272523988911 0
2839 -0.6380067901708764 -9.463134794261764 0
2840 -0.7073385631155883 -9.502776513357896 0
2841 -1.321021707200281 -8.889003199160197 0
2842 -0.06855219277951646 -7.54790227472202 0
2843 0.9581926350041552 -9.116148128731712 0
2844 -0.2090276192124255 -7.786788554295516 0
2845 -0.06542925533143806 -7.228915669280209 0
2846 -0.05589937753683556 -7.142929530826084 0
2847 0.412255733119592 -8.071756966781006 0
2848 -0.7619890347899698 -7.622369355652998 0
2849 -1.108068863641405 -7.579605444908424 0
2850 0.6952053962424471 -7.353882268684284 0
2851 0.5514539752448786 -7.99286558962719 0
2852 -0.8986329082995773 -7.381270927967789 0
2853 1.166928827593503 -8.997810574697104 0
2854 -1.252128391374504 -8.29851665429214 0
2855 -0.0085319540205937 -8.708418354281159 0
2856 1.11207849666971 -7.197315373753115 0
2857 1.167557224647708 -8.917813042103372 0
2858 -1.177667984704102 -7.619051133485444 0
2859 0.2685873459168185 -8.710630502403346 0
2860 1.245652918074458 -7.758399494543061 0
2861 -1.179583761165693 -7.859043487114695 0
2862 0.06170575919071786 -8.588975214504721 0
2863 -0.5614933696024862 -8.543999155648059 0
2864 -1.105520208284858 -7.259626578936581 0
2865 -1.101151351498569 -7.176958821875534 0
2866 1.041202191299191 -7.396755964749648 0
2867 -1.260877990906971 -9.176399030009973 0
2868 -0.5646863323062876 -8.943986408284445 0
2869 0.2762504517641266 -7.750661087886037 0
2870 -0.3590888955752201 -9.225625525165558 0
2871 -0.2894843519873455 -9.186188588594106 0
2872 -0.9037416455307685 -8.021250537645896 0
2873 0.4767461169507399 -8.672290887882276 0
2874 -0.9771723195165639 -8.5406809334815 0
2875 0.8336820124192005 -7.355098128060778 0
2876 0.06234435134459965 -8.508977763294993 0
2877 0.06298294349843903 -8.428980312085294 0
2878 0.4818548541822731 -8.032311278204094 0
2879 0.7640967303222774 -7.394525519084254 0
2880 1.172737327577341 -8.277834002112961 0
2881 0.3458495728267986 -7.711215399309017 0
2882 1.110145059829833 -7.437307586405771 0
2883 -0.07238374570306694 -8.027886981980515 0
2884 0.2098442914709346 -7.390119520414236 0
2885 -0.9056574219923808 -8.261242891275037 0
2886 -0.6936670980351741 -7.742918569495568 0
2887 1.235438828910295 -9.038361229950294 0
2888 0.4869635914138387 -7.392331668525831 0
2889 0.7557811933553383 -8.434510682364902 0
2890 0.129389103791865 -8.78952187955521 0
2891 1.30438865196752 -9.077845053842449 0
2892 1.374510177072042 -9.039468899689711 0
2893 1.373871584918167 -9.119466350899485 0
2894 -0.9778109116704217 -8.620678384691274 0
2895 1.036093454067684 -8.036735574427835 0
2896 -1.246369472633741 -7.578501438687685 0
2897 -0.4855083270012578 -7.704578954974338 0
2898 0.966494333005014 -8.076181263004733 0
2899 1.310827607497751 -7.798921036120657 0
2900 1.383218185873302 -7.839408311523886 0
2901 -1.249182882228267 -7.898489175691681 0
2902 1.377067646157 -7.692537555948489 0
2903 -0.6240679769725219 -7.703472880918559 0
2904 0.1249189587141832 -9.349504038025513 0
2905 -0.8980055697366766 -7.301285278130619 0
2906 0.7474794953540961 -9.474477548091777 0
2907 0.06042857488486403 -8.748970116918816 0
2908 0.1989882248542306 -8.75007619097995 0
2909 -0.5551074480638374 -7.744024643551318 0
2910 0.5540083438607531 -7.672875784788024 0
2911 1.24796297392223 -7.438407739439242 0
2912 1.179614671453312 -7.397860863999597 0
2913 -0.4848697348473396 -7.624581503764619 0
2914 0.4173644703512062 -7.431777357102924 0
2915 -0.978449503824284 -8.700675835901023 0
2916 0.7532268247394212 -8.754500487204059 0
2917 1.242336448640059 -8.238388313535875 0
2918 -1.318782003290878 -7.937934864268655 0
2919 0.9601084114659966 -8.876155775102506 0
2920 -0.1413442746117585 -7.987335219347713 0
2921 1.306920563766232 -8.359267227267358 0
2922 1.378628629861227 -8.399021411928555 0
2923 -0.002784624640264789 -7.988441293403586 0
2924 -0.5595775931409086 -8.304006802019664 0
2925 -0.9050188298385133 -8.181245440065338 0
2926 -0.9114047513770549 -8.981219952163325 0
2927 -0.6342854536096679 -8.983432096436841 0
2928 1.316969105401578 -7.398957317230398 0
2929 1.377868185628623 -7.452620531830823 0
2930 1.387258506880964 -7.361242516485822 0
2931 -1.052518769963932 -9.300103682946482 0
2932 0.2060127385475569 -7.870104227672758 0
2933 -0.6208173373599172 -7.303602688944563 0
2934 0.8215487614943623 -8.875049701046603 0
2935 -0.9120433435309858 -9.061217403373044 0
2936 -0.9133205278387938 -9.221212305792708 0
2937 -0.209666211366361 -7.866786005505199 0
2938 0.2800820046874102 -7.270676380627647 0
2939 -0.9829196489013667 -9.260657994369566 0
2940 0.6216916884614823 -7.873422449840572 0
2941 0.06617590426833464 -8.028993056036345 0
2942 0.2053741463936396 -7.950101678882476 0
2943 -0.9126819356848843 -9.14121485458276 0
2944 -0.9739793587472297 -8.140693677432552 0
2945 0.5533697517068141 -7.752873235997868 0
2946 0.5520925673988624 -7.912868138417464 0
2947 0.2756118596101431 -7.830658539095833 0
2948 -0.9842707741292142 -9.420522433277485 0
2949 -1.053169685604471 -9.380079390237672 0
2950 -0.9101275670693636 -8.821225049743681 0
2951 -1.035758590111071 -7.220089871827414 0
2952 -1.029211838796968 -7.136664626526187 0
2953 -0.9790880959780877 -8.780673287110826 0
2954 0.8221873536481236 -8.795052249836893 0
2955 -0.4146320216308909 -7.505138363977814 0
2956 0.1357750253310305 -7.989547367459405 0
2957 -0.413993429476893 -7.425140912767977 0
2958 -0.2792653324291497 -7.906231694082127 0
2959 0.8905092904033001 -8.915601463679426 0
2960 -0.9669593491072833 -7.260855906427615 0
2961 -0.9107661592231574 -8.901222500953489 0
2962 -0.4842311426934494 -7.544584052554866 0
2963 -0.344394308414284 -7.385695224190833 0
2964 -0.3482258613377741 -7.865679931449403 0
2965 -0.3437333554421294 -7.305654913284739 0
2966 0.3477653492885544 -7.471223045679942 0
2967 0.2812322928817264 -7.191991987689327 0
2968 -0.4178249824003706 -7.905125620026443 0
2969 0.2788048203797349 -7.430671283047095 0
2970 -0.4184635745543622 -7.985123071236128 0
2971 -0.4880626956170723 -8.024568759813189 0
2972 -0.5576618166797719 -8.064014448390319 0
2973 -0.5583004088336101 -8.144011899600095 0
2974 -0.5589390009874431 -8.224009350809819 0
2975 -0.3439739422541719 -7.225225213065533 0
2976 -0.2869284387549657 -8.86620110763484 0
2977 -0.2850126618190841 -8.626208754960151 0
2978 -0.2830968853521081 -8.386216401340766 0
2979 -0.009809138208397046 -8.868413256395613 0
2980 -0.3514188221069273 -8.265667187498025 0
2981 -0.3520574142605039 -8.345664638708074 0
2982 -0.2160521329034058 -8.666760517582574 0
2983 -0.2843740696609998 -8.546211303757381 0
2984 -0.2166907249987927 -8.746757968677766 0
2985 -0.2837354775061756 -8.466213852549947 0
2986 -0.2862898462569466 -8.78620365697325 0
2987 -0.2179679087184666 -8.90675286853627 0
2988 0.05787420630587063 -9.068959921763836 0
2989 -0.2888445068235227 -9.106192994044132 0
2990 -0.01044773025612832 -8.948410705137608 0
2991 0.05851279878179938 -8.98896246765517 0
2992 -0.2186064907398817 -8.986750299834309 0
2993 -0.2882056759080946 -9.026195898553496 0
2994 0.05659703189524834 -9.228954824262331 0
2995 -0.2198835824014537 -9.146744014917044 0
2996 -0.011724993850313 -9.108405224750236 0
2997 0.05723549160387358 -9.148956968235257 0
2998 -0.2205166990420527 -9.226729452534284 0
2999 -0.2901215553170369 -9.266162777761457 0
3000 -0.2905357521949439 -9.345799742471131 0
3001 -0.01301203285676286 -9.268360716815629 0
3002 0.05581289141401417 -9.308674560944599 0
3003 -0.9155572789561043 -9.461087850862546 0
3004 -1.436248699599306 -7.200327944196292 0
3005 -1.434351055885213 -7.607424628048562 0
3006 -1.430793864742349 -8.798028136928222 0
3007 -1.430793864742402 -8.957852860210664 0
3008 -1.434573318786262 -9.118233783886335 0
3009 -1.436359779573436 -8.646259213186502 0
3010 -1.434396220657968 -7.927230514503888 0
3011 -1.434638860561121 -8.087133467302245 0
3012 -1.434152772446495 -7.767327568158013 0
3013 -1.435925161692318 -8.247153159139433 0
3014 0.3152270369866455 -7.067963883105866 0
3015 -0.08470536760980658 -7.067394409825408 0
3016 0.4833842061767338 -7.073116817511011 0
3017 -0.5610526700242593 -11.81743046794486 0
3018 1.410679642964404 -10.07291168299909 0
3019 0.1937988276714507 -9.469376892584934 0
3020 -0.9584746622769693 -7.098580781326012 0
3021 -0.01375008395353962 -9.428147512954528 0
3022 -0.3599699018372209 -9.385107914772211 0
3023 -0.003511575142851637 -27.68895845584806 0
3024 -0.9971227768672621 -10.67528167928824 0
3025 -0.2215925211405351 -9.386359742669434 0
3026 -1.171597996847408 -7.129856400390372 0
3027 0.1413336457143602 -10.32265564421573 0
3028 1.193876439392469 -11.61764325149965 0
3029 -1.234404981939785 -11.30708773373436 0
3030 -0.8252118024294341 -7.042200712482193 0
3031 0.8251115792159515 -7.042258576381476 0
3032 0.4708036023787903 -9.472058000111032 0
3033 0.4701563281958456 -9.551195395282823 0
3034 -0.2531370816328718 -10.12989531462505 0
3035 -0.5843904970224356 -9.835286293251615 0
3036 -0.6392027780357192 -9.773855272589884 0
3037 0.5068809299003819 -10.03823208974356 0
3038 0.9070034477549044 -10.14897595604221 0
3039 0.8068072530969326 -10.21262727016383 0
3040 0.8701590448428006 -10.04770271029555 0
3041 0.7823432162623387 -9.992829398091104 0
3042 0.7950205659879563 -10.32843907089173 0
3043 0.9346611105470382 -9.867684774097686 0
3044 0.8444564558317896 -9.905337726748227 0
3045 -0.9297447280390788 -9.989968095249854 0
3046 -0.925098258086934 -9.709394106072679 0
3047 -1.006967131181496 -9.75154948878653 0
3048 -0.648061324513741 -10.35211428970176 0
3049 -0.68390218862566 -10.02605330460146 0
3050 0.7612768405270021 -9.724721970079063 0
3051 0.8389680657794323 -9.764840943385535 0
3052 0.8279532041544801 -9.676295156306143 0
3053 0.4044481651695238 -9.676493774282166 0
3054 -0.3365313862952057 -9.804549907448951 0
3055 -0.9241240570398788 -7.044884334378876 0
3056 -0.9707639514107714 -7.04183385991311 0
3057 -1.218642984104722 -7.063346260111663 0
3058 1.227193000417519 -7.06969675706047 0
3059 0.9220378752458791 -7.042426686077164 0
3060 0.8979740934488194 -7.08410106639106 0
3061 0.9707639514107715 -7.041833859913293 0
3062 0.9365768649890449 -11.42130187655681 0
3063 -0.8106272605512519 -16.77266927895017 0
3064 -0.6140253423320142 -16.46835809589225 0
3065 1.349125346466932 -9.726873309359776 0
3066 -1.054432620271159 -9.540099435138252 0
3067 0.2070198713079449 -11.02560873311767 0
3068 1.236762033707199 -11.1291253958512 0
3069 -0.6099257448768783 -19.45906800473365 0
3070 -0.2392949670515031 -24.45012799083811 0
3071 -1.207300569618019 -11.63926691075197 0
3072 -1.066587866339819 -11.36332023258983 0
3073 -1.055706094604234 -11.72734292777886 0
3074 -0.6460742939109361 -10.74612342890812 0
3075 -0.9852790708832574 -9.499867566929307 0
3076 0.05602152062750563 -9.388586119182147 0
3077 0.5395713866554361 -9.512170743703276 0
3078 0.2445368410362551 -11.51077981616189 0
3079 -1.138279741717085 -10.75349415615247 0
3080 -0.2911998388685239 -9.424881648463241 0
3081 0.08246610822611267 -11.42431479304349 0
3082 0.8601625556130525 -11.75616441387016 0
3083 0.8948432289768057 -10.50590958263385 0
3084 -0.5976078930405262 -15.82175828947557 0
3085 -0.02313700633229924 -15.48996838580728 0
3086 0.1251297859812534 -9.428626473662632 0
3087 0.8172874171966292 -9.513778098602767 0
3088 -1.302129974917321 -10.13847815809387 0
3089 -0.9416683883239106 -9.894551133796417 0
3090 -1.072340933863084 -12.09105102495425 0
3091 0.9303954781085184 -9.77255463367689 0
3092 0.5234467975297354 -9.767509827662952 0
3093 -0.5072398322721837 -17.95544153447317 0
3094 0.8981562539336903 -10.38893729914606 0
3095 0.6108680283378031 -17.36450342291259 0
3096 0.8236797294429454 -11.11099094587423 0
3097 0.8045160938631752 -10.826800308104 0
3098 1.176746182002065 -9.912392249687352 0
3099 0.4168686988447043 -9.858237887708551 0
3100 1.431348432354679 -9.355143758737704 0
3101 0.4618205279736643 -10.75604877777993 0
3102 -1.097944253600402 -12.48439531622877 0
3103 0.1779107581537072 -9.807947188514763 0
3104 -0.4811059224293397 -7.070487201412 0
3105 1.09245727729863 -13.06988490814831 0
3106 1.093316767910875 -13.30469701594381 0
3107 0.570206054694276 -16.56158790951599 0
3108 0.5131605995154513 -12.53421227958829 0
3109 0.6553089851788056 -18.2085865570911 0
3110 -0.5737043800468835 -12.17954033804901 0
3111 0.7523549598882293 -9.636884678678994 0
3112 0.4012206313201785 -9.592480110287898 0
3113 -1.268457203866045 -9.662356550225185 0
3114 0.9545110294799706 -9.595835733477859 0
3115 -1.206309322146346 -16.20299382497347 0
3116 -0.7098299402490087 -9.665434244543979 0
3117 0.1906419161902508 -9.63122230958678 0
3118 -0.5702671444538283 -9.584771984848862 0
3119 -0.6977598654234851 -9.940417446352058 0
3120 -0.9189262328954771 -9.623558450721386 0
3121 0.0783772616876854 -7.07299632721346 0
3122 -1.378730289841415 -7.33133275362956 0
3123 -0.3566817935725928 -9.629925249446897 0
3124 -1.363542792884933 -7.148745356957903 0
3125 0.5318500183565726 -12.13055303807647 0
3126 1.430388891905059 -9.274409134348579 0
3127 0.1602945502250574 -10.10202416289854 0
3128 0.5202153031854087 -9.952454606343204 0
3129 1.362940737580134 -9.240544116081775 0
3130 0.4585601616603509 -10.88701549746927 0
3131 0.2019023306751573 -14.07849214327114 0
3132 -1.405633360198817 -10.2944573463827 0
3133 -0.6386573711673948 -9.543438886848364 0
3134 -1.108577287111681 -12.69153371813698 0
3135 -0.2928660228221882 -9.506031396987668 0
3136 0.7932751985805393 -10.56618591255992 0
3137 0.1250211880998498 -9.506688107593016 0
3138 0.5387080553288603 -9.591070529580078 0
3139 -1.371172648003251 -9.47337083360674 0
3140 0.9875249638902108 -11.27429899660371 0
3141 0.1346877621054943 -10.45403549530245 0
3142 0.4113090852103571 -11.65741165444383 0
3143 0.2144950782219942 -23.76053283597329 0
3144 -0.6211705162729302 -11.4712983675286 0
3145 1.319328640538795 -10.34870677194794 0
3146 1.260939461183219 -9.863870069305728 0
3147 0.4168144518216021 -13.41448260399053 0
3148 -1.381014550718217 -8.371859667894167 0
3149 -0.7089146864986393 -7.084880208867553 0
3150 1.384066606645662 -7.062812599449114 0
3151 -1.386474925595448 -7.065832750841306 0
3152 0.006417255139806469 -28.60931980301007 0
3153 1.234915782302666 -10.82382992204074 0
3154 0.873122067979667 -16.37694850925392 0
3155 0.3442696441885046 -12.24952572296227 0
3156 -0.9862500488504647 -9.581067175282509 0
3157 -1.020996238723461 -9.989779252565464 0
3158 1.299063534904413 -13.42884157020277 0
3159 1.126729780717089 -18.76429408796506 0
3160 0.3227791987117291 -11.10028286763128 0
3161 1.266287388152358 -9.769337483330482 0
3162 -1.388327898597752 -9.265292082282281 0
3163 0.4383922546828549 -14.2125281384332 0
3164 1.104403164032952 -7.120398625325166 0
3165 1.345402527937863 -11.89604477470699 0
3166 -0.3412178291293746 -9.983259279865464 0
3167 -0.5965586691924224 -19.96878889553914 0
3168 -1.311760756679514 -10.47671082210057 0
3169 0.8204973684934057 -9.593717906096153 0
3170 -1.205526881433037 -11.81552516543229 0
3171 -1.089185111082245 -7.094250196827813 0
3172 -0.02852710113399317 -15.82759068443071 0
3173 -1.308838198467725 -10.3564939775201 0
3174 0.3351296263058996 -10.95836345331707 0
3175 -1.348774129579491 -9.723630772589136 0
3176 0.7527455399419758 -9.907149532354333 0
3177 -0.9547420516648095 -22.81162654002751 0
3178 -0.4448070772864652 -17.08530773613677 0
3179 -0.4074061082869804 -12.46987907336576 0
3180 -0.9974995140220528 -10.96213601550004 0
3181 -0.2941576712453012 -9.58804748413265 0
3182 1.30824272089164 -13.68386482683979 0
3183 0.4690701752428525 -9.632695556072578 0
3184 0.08236861363596625 -9.91583609568805 0
3185 0.8959414480115084 -10.62596653372827 0
3186 1.007695615052429 -11.67754597620192 0
3187 1.079584545349663 -7.051410726320622 0
3188 0.331474632609228 -12.65820124080124 0
3189 -0.6397335689679745 -9.622292496760139 0
3190 -1.058313664871256 -14.06907889381628 0
3191 1.2208052677081 -9.275476979075144 0
3192 -1.349711879317492 -12.94656897656618 0
3193 0.4439635287400031 -11.18523215640493 0
3194 -0.3746214332820038 -23.14864021207875 0
3195 0.4185026992504117 -10.0688864127106 0
3196 -0.5963449551826028 -10.05843654600075 0
3197 0.1255031354791333 -9.589635778022446 0
3198 -0.8975807514493882 -7.086601614171675 0
3199 -0.3243276065406878 -7.063625511472621 0
3200 -0.3162241949361697 -15.99806425001839 0
3201 -1.319816583393996 -13.39914896620019 0
3202 -1.405185495448752 -10.53965997792963 0
3203 1.155722714191702 -9.405474435607347 0
3204 0.6736266478211028 -19.12224302351841 0
3205 -1.293567811045833 -7.141932058606184 0
3206 0.03097256522357221 -10.52983015162503 0
3207 -0.341057045974941 -10.08551253369701 0
3208 -0.4882074394903343 -11.5569133654159 0
3209 1.43611211412626 -9.103409087462255 0
3210 1.102231213042792 -13.79933722199702 0
3211 1.250467379970217 -9.968709319704637 0
3212 -0.3320246023786151 -10.44613510055214 0
3213 0.4698412587887533 -14.50710332538773 0
3214 1.448283231188114 -9.03525225821334 0
3215 -0.581760999971346 -12.57316629831526 0
3216 -0.9891571904290266 -9.662598715570246 0
3217 1.257808060790038 -7.13011485198232 0
3218 -0.5885751035699809 -20.50539872591245 0
3219 -1.047927899850149 -10.09115170963261 0
3220 1.35658453557566 -8.961439342067678 0
3221 0.3927468882666602 -24.47171510769392 0
3222 1.437099534439529 -8.867219207312893 0
3223 1.168170703638894 -11.77384086074646 0
3224 0.872687850336813 -16.74793293168936 0
3225 -1.206524552975736 -11.99570558128762 0
3226 1.183087057307306 -10.45473819212605 0
3227 0.4358242771257169 -11.34268949682423 0
3228 1.44886387054316 -8.796173560503384 0
3229 1.143900760640775 -9.476757094145555 0
3230 -0.5474194585308163 -10.80445102767121 0
3231 1.357871262799449 -8.721513834326938 0
3232 0.8884643869703193 -9.633643579008041 0
3233 1.437763882964085 -8.627410621027096 0
3234 0.08065978781023195 -11.97810202740972 0
3235 0.7034662192176692 -14.58353123419992 0
3236 1.449328754885982 -8.55646259949798 0
3237 0.89859366259516 -10.7579292773422 0
3238 0.2784921714930092 -7.124496058494184 0
3239 -0.9822971543622918 -11.08274207397645 0
3240 -1.373689953596018 -7.243556504028211 0
3241 -1.440466375328028 -7.3642115033885 0
3242 1.360274276545058 -8.479032976751476 0
3243 1.23620503320057 -10.07692051500106 0
3244 -0.3385462486616886 -16.33957896151293 0
3245 1.448070761350837 -8.398745552447055 0
3246 -0.8254034772628074 -17.64769003809277 0
3247 -1.444212704369766 -7.441308562657175 0
3248 1.359736353451603 -8.322135898801454 0
3249 1.087758310485942 -19.81938807561574 0
3250 -0.294268795648243 -9.672779279465226 0
3251 -1.373377574726899 -7.493623441853066 0
3252 1.439116268774361 -8.227805578560092 0
3253 0.9887191118100382 -12.20940780563557 0
3254 -1.266845829447866 -9.848328681392667 0
3255 -0.2248663645244045 -7.060853841180947 0
3256 -1.371151100869921 -7.575382434945489 0
3257 1.450360122059488 -8.156729791180441 0
3258 -1.083608378524799 -13.15946452231526 0
3259 -1.05665342460864 -9.690634812842507 0
3260 -0.7125749569168971 -9.753101673460266 0
3261 1.2348153668454 -14.58566219133233 0
3262 -0.5822187747306969 -10.14822135731069 0
3263 -1.368733403258588 -7.657527198363589 0
3264 1.362885910805042 -8.079122971923532 0
3265 -0.5715232829684704 -9.750403427527251 0
3266 0.4038941888779309 -10.15857385976094 0
3267 -1.370123683521625 -7.736592425747055 0
3268 0.4285322489818184 -7.126985303603149 0
3269 1.448921371044504 -7.999025487116938 0
3270 -1.052162020032489 -9.815362510593298 0
3271 0.4679991180821778 -9.720353281271162 0
3272 0.1737553159645146 -9.984699756073372 0
3273 1.117205394091915 -14.09991122091501 0
3274 -1.369282489345257 -7.817527912941008 0
3275 1.363566749978572 -7.919136901068596 0
3276 0.8847492519310119 -17.1624994155986 0
3277 -1.399325581358974 -10.6810167863096 0
3278 0.5109271847462054 -12.9714985715525 0
3279 0.8035077149070359 -11.41676877344828 0
3280 -0.5856784157209358 -12.786408724733 0
3281 1.449204924893206 -7.83916241021991 0
3282 -1.369556371434724 -7.897528275505838 0
3283 -0.2580662066620485 -10.24125755313905 0
3284 -0.5709778793590545 -16.12892820765185 0
3285 -0.5799641588832289 -21.06220631853706 0
3286 1.363055564226472 -7.761800052606862 0
3287 -1.369829802806665 -7.977528641668352 0
3288 0.7993466556650868 -29.7983920951604 0
3289 1.233747524370337 -9.551009307698003 0
3290 -0.1260842417839503 -7.122028888687826 0
3291 0.06420302720866609 -12.14581572448165 0
3292 1.440760834024628 -7.668184217703438 0
3293 -1.370102775682468 -8.057529011491102 0
3294 0.1263344867755221 -9.674713604357251 0
3295 0.1442562806587354 -10.69457752470886 0
3296 1.451511906921933 -7.597162954180908 0
3297 -1.370375282103126 -8.137529385037629 0
3298 -1.111081977548779 -13.37960686384566 0
3299 -0.9313225130993049 -10.19529635614101 0
3300 0.7073363221081174 -7.047775601342879 0
3301 1.364443786583203 -7.521887392587045 0
3302 -1.37182960990913 -8.216572424163061 0
3303 -1.442800363529197 -8.40414799122529 0
3304 0.5575006255626677 -7.049427845096403 0
3305 1.312949042461343 -10.5909747574478 0
3306 1.441167166700533 -7.428655834070703 0
3307 -1.377765567197134 -8.292989828655974 0
3308 1.451843907664752 -7.357760574214446 0
3309 0.1574473499854399 -7.049736908862974 0
3310 -0.8425025636233683 -29.84229830207666 0
3311 0.93045322622311 -14.75784573663159 0
3312 -0.9160514633808706 -16.36886950186037 0
3313 1.367137324381687 -7.279894295453287 0
3314 -1.448319284205035 -8.48033127056665 0
3315 0.3249859458198192 -11.38806948427491 0
3316 1.4518028713971 -7.199780904103109 0
3317 -1.374128066750544 -8.536034435259166 0
3318 0.9008478857197513 -10.89501630068258 0
3319 -1.283822907821349 -10.73840088379651 0
3320 -1.373598406377234 -8.616454311933861 0
3321 0.6758180617565153 -20.09631158377546 0
3322 -1.209363566245676 -12.1863244695919 0
3323 -1.374712933035803 -8.694486581823552 0
3324 -0.3425436958651129 -10.28829269988011 0
3325 0.07994360452798208 -10.12237781521161 0
3326 -0.641251671299489 -9.700436674628596 0
3327 -1.38199602550374 -8.760363611695139 0
3328 0.8648048265611599 -9.828462757257771 0
3329 -1.266027363861471 -9.93889375086369 0
3330 -1.382515584730081 -8.83912541623102 0
3331 1.201888429177563 -12.39030589387475 0
3332 0.01905737583786748 -7.125837714256678 0
3333 -0.6018667934832576 -13.02697766455633 0
3334 -1.382916676255665 -8.919014011488706 0
3335 -0.423065451925254 -7.12492243289808 0
3336 -1.444221356338589 -7.056527864244476 0
3337 1.444221356338508 -7.056527864244458 0
3338 1.367136871920968 -7.124643947258399 0
3339 -0.8501391258209368 -18.045829498115 0
3340 1.319178752153487 -14.18745872982898 0
3341 -1.139591255374935 -11.21924361266286 0
3342 -1.383311949339734 -8.998988735012537 0
3343 -0.6973779588924492 -10.25100794900229 0
3344 0.5234231182075644 -10.26850312313436 0
3345 0.8871618165870128 -9.712791138001615 0
3346 -1.321650656602809 -9.436517890822286 0
3347 -1.44145406423576 -9.289143925320205 0
3348 -1.383883156854539 -9.078850108327908 0
3349 -1.384697676223407 -9.155371189252078 0
3350 0.466780383507792 -9.808906473109062 0
3351 0.3395918373720475 -13.06509950069476 0
3352 -0.6148022287118349 -21.64738508477376 0
3353 -1.442516185968025 -9.362388357275087 0
3354 -1.309113819025241 -13.75779787527133 0
3355 -0.5575006255626683 -7.044672473639917 0
3356 1.044499899142458 -7.099616803252374 0
3357 -1.384181109020229 -9.400584864725417 0
3358 1.159991025403189 -10.10871046137712 0
3359 0.8556523698102499 -9.978167718066477 0
3360 1.184028900285114 -10.24238300735352 0
3361 -1.051977927863736 -10.30623095367984 0
3362 0.899737316869016 -11.03347997846859 0
3363 -0.2865998526546562 -10.63965708944961 0
3364 0.1474653898298945 -10.81393124724694 0
3365 1.043485172164076 -14.99621819865812 0
3366 0.9508230650993963 -10.0584534210774 0
3367 1.147030667158005 -9.636312835122311 0
3368 0.1287902558969287 -9.75828326569169 0
3369 -0.6734522569651631 -13.56141453304647 0
3370 0.9425825634100745 -7.082260682185979 0
3371 -0.3659637026319622 -25.02484916012951 0
3372 -0.712373395532891 -7.034943117619829 0
3373 -0.4930856889341609 -11.70677040340215 0
3374 -1.082744469433587 -7.03963840479696 0
3375 1.357591386208144 -9.17996563170591 0
3376 0.8698023202506933 -17.54741764988573 0
3377 1.177313867089132 -10.69777675605989 0
3378 -1.206771888820227 -12.37261035948508 0
3379 -0.5456050716430758 -10.90678429455717 0
3380 -0.9891182141056212 -9.837476993662637 0
3381 -0.5977317100138372 -13.25918490625427 0
3382 -0.2523338861822114 -10.46457004537516 0
3383 -0.6815732425763599 -11.01384064607608 0
3384 -1.079424975241751 -21.90427807714941 0
3385 -0.3957656501366866 -10.70587673382965 0
3386 -1.347581634580559 -9.985592380518733 0
3387 -1.235684391832407 -9.498578323470532 0
3388 0.6801230557598548 -20.53738530428389 0
3389 1.309615950869818 -9.215653214194456 0
3390 1.23854180733188 -9.329719318903898 0
3391 -1.245673373899161 -7.11751313232809 0
3392 -0.2975026027848808 -9.749264734292204 0
3393 -0.6741555052268102 -7.12835177741834 0
3394 -0.9244732483901785 -5.079390985574732 0
3395 0.9244732483901783 -5.079390985574732 0
3396 -0.9244732906415414 -6.920609088997947 0
3397 0.9244732906415409 -6.920609088997947 0
3398 0.8255514458009947 -6.950336072411614 0
3399 -0.8252972970229802 -6.950185020576324 0
3400 0.8252974446421845 -5.049814786798639 0
3401 -0.8255494012507898 -5.049665029512639 0
3402 -0.9584793556367713 -6.823998818160956 0
3403 -0.9667773615978368 -5.171717144919554 0
3404 0.958479355636771 -5.176001181839043 0
3405 0.9667518395221478 -6.828239929082208 0
3406 -0.9391509155135926 -5.287228217623999 0
3407 0.9392832596884875 -5.287005625782816 0
3408 0.7095845599194346 -5.063481283625669 0
3409 -0.7103557650614976 -5.062987092219313 0
3410 -0.709554791769615 -6.936513032575709 0
3411 0.7103267371152181 -6.937007601785766 0
3412 0.9388571234805279 -6.712277759491744 0
3413 -0.9390107360518298 -6.712536122998123 0
3414 0.559263260180624 -6.933478101703273 0
3415 -0.5584595729225228 -6.932954577384844 0
3416 0.3988098216965084 -6.931985369405531 0
3417 -0.3988098216965092 -6.931985369405531 0
3418 0.558518681585999 -5.067033258736479 0
3419 -0.5593110037072409 -5.066517010949529 0
3420 -0.2390217834801714 -6.931294764466966 0
3421 0.2390217834801708 -6.931294764466966 0
3422 0.07967392782672328 -6.931313258304574 0
3423 -0.07967392782672418 -6.931313258304574 0
3424 0.3988403409559002 -5.06801373275782 0
3425 -0.3988403409558972 -5.06801373275782 0
3426 -0.239046867489532 -5.06871131245016 0
3427 0.2390468674895356 -5.06871131245016 0
3428 -0.07965210228676768 -5.068980744045179 0
3429 0.07965210228677158 -5.068980744045179 0
3430 0.9330369669916535 -6.558312481027368 0
3431 -0.9330369669916534 -6.558312481027367 0
3432 -0.931925026174017 -6.398551586400739 0
3433 0.9319250261740166 -6.39855158640074 0
3434 -0.9331909444994225 -5.440759725308353 0
3435 0.9331909444994226 -5.440759725308353 0
3436 0.9312376932538557 -6.238559197054888 0
3437 -0.9312376932538559 -6.238559197054887 0
3438 0.9312528951294095 -6.079102497536669 0
3439 -0.9312528951294095 -6.079102497536668 0
3440 -0.9312575612784593 -5.60073239898201 0
3441 0.9312575612784594 -5.60073239898201 0
3442 0.9309755762464736 -5.919612143984021 0
3443 -0.9309755762464736 -5.91961214398402 0
3444 0.9309755762464736 -5.760207065444992 0
3445 -0.9309755762464736 -5.760207065444991 0
3446 0.878988506811465 -6.767713833813833 0
3447 0.8510938428161641 -6.840201820586474 0
3448 0.8089257717980083 -6.88498665140407 0
3449 -0.8790936358878007 -6.761083259968006 0
3450 -0.8619616006565397 -6.832603601933826 0
3451 -0.8104405578637208 -6.883544054487457 0
3452 -0.8791507625133479 -5.232243851749161 0
3453 -0.8511262504955689 -5.159789791802739 0
3454 -0.8089298159439768 -5.115012766194282 0
3455 0.8792346231932756 -5.238910197260184 0
3456 0.8619850623233076 -5.167395370334717 0
3457 0.8104456685385607 -5.116455079449945 0
3458 0.6748484231824203 -5.133820799845763 0
3459 -0.6757692794940076 -5.133222186824421 0
3460 -0.6748148724200315 -6.866167159200521 0
3461 0.6757472172357333 -6.866773111720625 0
3462 0.9501886858434974 -6.784262489766561 0
3463 0.8700700061713864 -6.679645274053147 0
3464 -0.9569660997331116 -6.775489067153141 0
3465 -0.8707097562266133 -6.678506469885656 0
3466 0.7723741323800498 -6.938482398367826 0
3467 -0.772455581037066 -6.938134362040834 0
3468 -0.7723817276597014 -5.061516803886787 0
3469 0.7724638428003545 -5.061864514211457 0
3470 0.9569660997331104 -5.224510932846858 0
3471 0.8710256918699647 -5.321382843074058 0
3472 -0.9502689474786031 -5.21556942301646 0
3473 -0.8702336505368788 -5.320022859475493 0
3474 -0.9324458336995401 -5.520615169927209 0
3475 0.9324458336995403 -5.520615169927209 0
3476 -0.9321555907858736 -6.318893410686469 0
3477 -0.9309755762464738 -5.839909604714506 0
3478 -0.931385904907262 -6.158888775848766 0
3479 0.932398421352712 -6.478653984194893 0
3480 0.9313859049072621 -6.158888775848767 0
3481 0.9313914310500409 -5.999403113070503 0
3482 0.931398296952064 -5.680439011095611 0
3483 -0.9323984213527121 -6.478653984194891 0
3484 -0.9313982969520639 -5.68043901109561 0
3485 -0.9313914310500409 -5.999403113070502 0
3486 0.9321555907858735 -6.318893410686471 0
3487 0.930975576246474 -5.839909604714506 0
3488 0.4788640416638566 -5.067561539999746 0
3489 -0.478996095350728 -5.067475498701921 0
3490 0.3191840044565998 -5.067773794343202 0
3491 -0.1593942283516076 -5.068574609156433 0
3492 0.1593942283516112 -5.068574609156433 0
3493 1.916366363631927e-15 -5.068980744045179 0
3494 -0.3191840044565968 -5.067773794343203 0
3495 -0.3191625295413841 -6.932224375498238 0
3496 0.1593801677527976 -6.931448310878821 0
3497 -3.9118511605799e-16 -6.93134274637811 0
3498 0.4789647399974271 -6.932519165076636 0
3499 -0.4788307921210776 -6.932431911023564 0
3500 0.319162529541383 -6.932224375498238 0
3501 -0.1593801677527985 -6.931448310878821 0
3502 0.6370157730170597 -6.934185771836659 0
3503 -0.6363118860899788 -6.933735090551566 0
3504 0.6363730877937681 -5.066253792754249 0
3505 -0.6370602253107005 -5.065813803718546 0
3506 -0.9349528173460234 -6.637361687055684 0
3507 0.934820590241602 -6.63750842716587 0
3508 0.9365357162485559 -5.361697225043245 0
3509 -0.9365357162485559 -5.361697225043245 0
3510 0.5986710417389027 -6.866535234409453 0
3511 -0.5986900847519914 -5.133460704968629 0
3512 0.8670998970619608 -6.599244363707732 0
3513 -0.8672285599219018 -6.599030106328118 0
3514 -0.598975973347053 -6.866415845986793 0
3515 0.5990223730630526 -5.133567723097376 0
3516 -0.8675050294734312 -5.400413301637848 0
3517 0.8676370363622788 -5.400639965570943 0
3518 0.8654247139227853 -5.800000000000002 0
3519 -0.8654247139227849 -5.799999999999999 0
3520 0.03999999999999884 -6.865405077690097 0
3521 -0.04000000000000118 -6.865405077690097 0
3522 -0.0399999999999989 -5.134596122830124 0
3523 0.04000000000000112 -5.134596122830124 0
3524 -0.8653699109973093 -5.879999999999999 0
3525 0.8653699109973089 -5.880000000000002 0
3526 0.8653346773352342 -5.720000000000002 0
3527 -0.8653346773352335 -5.719999999999999 0
3528 0.1200000000000012 -5.134700949858798 0
3529 -0.1199999999999989 -5.134700949858799 0
3530 0.1199999999999989 -6.865297535817478 0
3531 -0.1200000000000012 -6.865297535817477 0
3532 -0.8653343658942871 -5.959957277221926 0
3533 0.8653343658942869 -5.959957277221928 0
3534 0.8652453163155159 -5.640000000000001 0
3535 -0.8652453163155153 -5.639999999999999 0
3536 0.2000000000000012 -5.134804853108613 0
3537 -0.199999999999999 -5.134804853108614 0
3538 -0.8651913345827664 -6.039999999999999 0
3539 0.8651913345827659 -6.040000000000002 0
3540 0.199999999999999 -6.865190966927644 0
3541 -0.2000000000000013 -6.865190966927644 0
3542 0.8652902033190073 -5.56005846387396 0
3543 -0.8652902033190066 -5.560058463873959 0
3544 -0.8651030597272439 -6.119999999999999 0
3545 0.8651030597272436 -6.120000000000002 0
3546 0.2799232469086735 -5.13477129453536 0
3547 -0.2799232469086713 -5.134771294535361 0
3548 0.2799212269636582 -6.865223274882944 0
3549 -0.2799212269636602 -6.865223274882944 0
3550 -0.8660237724196611 -5.480219840565162 0
3551 0.8660394875254763 -5.480246824366723 0
3552 -0.8650154604395541 -6.199999999999999 0
3553 0.8650154604395536 -6.200000000000002 0
3554 0.360000000000001 -5.135009888271664 0
3555 -0.3599999999999995 -5.135009888271664 0
3556 -0.360000000000001 -6.864980748096331 0
3557 0.3599999999999994 -6.864980748096332 0
3558 -0.8651520433237286 -6.279845275008586 0
3559 0.8651520433237281 -6.279845275008588 0
3560 0.4400000000000011 -5.135111020184899 0
3561 -0.4399999999999994 -5.1351110201849 0
3562 0.4399999999999994 -6.864877098154853 0
3563 -0.4400000000000012 -6.864877098154852 0
3564 -0.8648422885676728 -6.36 0
3565 0.8648422885676724 -6.360000000000002 0
3566 0.5197816506506876 -5.134725694554872 0
3567 -0.5198697237179801 -5.134833645406311 0
3568 -0.5196825117679134 -6.865457491380946 0
3569 0.5198654658613143 -6.865154604460391 0
3570 -0.8647567159834815 -6.44 0
3571 0.8647567159834807 -6.440000000000002 0
3572 0.8652343242870365 -6.519769851125487 0
3573 -0.8650791904810317 -6.519826312454462 0
3574 -0.8729441681743997 -6.907736483208601 0
3575 0.8712115402989606 -6.909049607123537 0
3576 -0.8712163806037874 -5.090949692563088 0
3577 0.8729481960057466 -5.09226364243075 0
3578 -0.966503901535443 -5.134321902549272 0
3579 0.9664987971203053 -6.86566951225108 0
3580 0.9648443003432299 -5.13517870993317 0
3581 -0.9648443003432299 -6.86482129006683 0
3582 -0.8676116629109561 -5.038804336620006 0
3583 0.8676116629109557 -5.038804336620005 0
3584 0.8676121095976622 -6.961198483648861 0
3585 -0.8676121095976622 -6.961198483648861 0
3586 -0.9207582345003785 -5.147461669142489 0
3587 0.9222106352670815 -5.134956766937272 0
3588 0.920719440805293 -6.852504465082092 0
3589 -0.9222067142318313 -6.865043114845667 0
3590 -0.7447225162383245 -6.864769355478934 0
3591 0.7447290376116527 -5.135228968112679 0
3592 -0.7447370387781838 -5.134983829676622 0
3593 0.7447317046259577 -6.865015201990309 0
3594 -0.9551070663634236 -6.896998766182111 0
3595 0.9551078421202009 -5.103001225089012 0
3596 0.9551405110335308 -6.894660680666246 0
3597 -0.9551492822053032 -5.105330844053276 0
3598 0.9042896399881979 -5.043450582219072 0
3599 -0.9042896399881984 -5.043450582219069 0
3600 -0.9042896761915125 -6.956549488833936 0
3601 0.9042896761915122 -6.956549488833936 0
3602 0.9157751552307092 -5.188354889843614 0
3603 -0.9157414812292111 -6.811643572412319 0
3604 -1.144901260435088 -0.3980496282751556 0
3605 -0.7484397815413948 -0.398672113138286 0
3606 0.7451990298433039 -0.06493280501411455 0
3607 1.141674141220304 -0.06664155256522361 0
3608 0.4410343556522368 -0.4015292247293246 0
3609 -0.4331152527164885 -0.06909416098862461 0
3610 -0.1933516999906217 -0.400038356107399 0
3611 0.1901112742365275 -0.06363750025403267 0
3612 -0.9865712005020608 -0.06874105515612436 0
3613 0.9961218540894416 -0.4027680337965271 0
3614 -0.04778339048908967 -0.06310155716190036 0
3615 0.5866024996680352 -0.06455647048455082 0
3616 -0.5898431607485977 -0.3990681371687143 0
3617 -0.2856780006395453 -0.06257757489720325 0
3618 0.2824378752095846 -0.4011638238266585 0
3619 -0.8284390114866219 -0.06884031023919454 0
3620 0.8375254555983563 -0.4024205819211689 0
3621 -0.6703095115204576 -0.06894089641295442 0
3622 0.6789290332026123 -0.4020678901711386 0
3623 -1.223853379289508 -0.06883396035589343 0
3624 1.234016406115864 -0.4032791840942646 0
3625 0.9037955823094973 -0.0653140085528271 0
3626 0.1238413722116646 -0.4007934901803176 0
3627 -0.9070364461085756 -0.3982711201312457 0
3628 0.3487077470239121 -0.06400128504224256 0
3629 -0.3519482684848756 -0.3996537167952218 0
3630 1.300466858410614 -0.0681440274440544 0
3631 -1.302631578947368 -0.3982962400521057 0
3632 -0.03475515297470608 -0.4004183071192842 0
3633 1.421905156262089 -0.27068254571842 0
3634 -1.426046821842616 -0.1937157001178857 0
3635 -1.428408926006508 -0.3384923749926571 0
3636 1.42872851446949 -0.1219585799524078 0
3637 -1.37399835131665 -0.06818357948367898 0
3638 1.384780684291301 -0.4060046882601686 0
3639 -1.065652458409358 -0.3980085263123302 0
3640 -1.10517870335207 -0.3290433764767742 0
3641 -1.025498687188156 -0.3290288131325551 0
3642 -1.065012664858157 -0.2598652454606183 0
3643 -0.985033880065982 -0.2600265958833885 0
3644 -1.144968997368936 -0.2596884249816735 0
3645 -1.104709841678925 -0.1904768091378987 0
3646 -1.184720555847669 -0.1926696770027417 0
3647 -1.224977112616102 -0.2597405102254486 0
3648 -1.264723355487295 -0.1928301235949449 0
3649 -1.304980888051541 -0.2594447230292373 0
3650 -1.14443806576256 -0.1210197345184905 0
3651 -1.051771273607941 -0.1269135670930595 0
3652 -1.342040889652471 -0.1925169039712458 0
3653 -1.302091056236115 -0.1203305300197262 0
3654 -1.184829804071021 -0.3287973331644166 0
3655 -1.022607969090132 -0.1941058306626082 0
3656 -0.9443559145752914 -0.1940939655535082 0
3657 -0.9049535623882583 -0.260902755107169 0
3658 -0.8646339928283729 -0.1944052842829817 0
3659 -0.8249863507584229 -0.2611904323217459 0
3660 -0.78468636008677 -0.1947499027447823 0
3661 -0.7450011037433703 -0.2615406064480678 0
3662 -0.7046977261633138 -0.1950272332952356 0
3663 -0.6650068178541069 -0.2617385840915932 0
3664 -0.6247011346139588 -0.195351241671251 0
3665 -0.585007409558029 -0.2620711657306768 0
3666 -0.5446920292536499 -0.1934540204446971 0
3667 -0.5050087845882587 -0.2625415146236383 0
3668 -0.4647010146489305 -0.1955769658740803 0
3669 -0.4250078428186303 -0.2625147352817073 0
3670 -0.3847029170278358 -0.1961711172501845 0
3671 -0.3450085646948938 -0.2628540876488906 0
3672 -0.3047034698866555 -0.19647425744432 0
3673 -0.2650086998845572 -0.2630667314910746 0
3674 -0.2247041463361213 -0.1968050118118598 0
3675 -0.1850093969324642 -0.2634020882208486 0
3676 -0.1446956713098349 -0.1951420876905661 0
3677 -0.1050080448148889 -0.263291068249054 0
3678 -0.06470314497404897 -0.1969539643606588 0
3679 -0.02500962684738074 -0.2638193347269236 0
3680 0.01529478396844797 -0.1975887785801392 0
3681 0.05498979826258722 -0.2641281787992603 0
3682 0.09530233094927891 -0.1961281016661412 0
3683 0.1349903985030016 -0.26418099702047 0
3684 0.1752953478435522 -0.1978331128717401 0
3685 0.2149893464619659 -0.2645938001055961 0
3686 0.2552934468777063 -0.1984308722816808 0
3687 0.2949882925194336 -0.2650070175495938 0
3688 0.3352929359522913 -0.1987257819437427 0
3689 0.3749880209226912 -0.2652497843913207 0
3690 0.415292243757213 -0.1990601850558607 0
3691 0.4549872985160023 -0.2655907697451148 0
3692 0.495298682082715 -0.1978410530438368 0
3693 0.5349814822421326 -0.2670415620918979 0
3694 0.5752918465801821 -0.1995139059700685 0
3695 0.6149858023606481 -0.2662839263937521 0
3696 0.6552908655747938 -0.1999112325362359 0
3697 0.694985797104784 -0.2664686652332423 0
3698 0.735290740145117 -0.2001221537893427 0
3699 0.7749857064915344 -0.2666720009893208 0
3700 0.8152901423632437 -0.2004359869856934 0
3701 0.8549850299842953 -0.2670029861762122 0
3702 0.8952899912198484 -0.2006525105177253 0
3703 0.9349847993055379 -0.2672368381735639 0
3704 0.9752893658081043 -0.2009723634674427 0
3705 1.014984094849069 -0.2675739126928957 0
3706 1.055293056917633 -0.200351770716781 0
3707 1.094976078347099 -0.2695040713924249 0
3708 1.135271964446004 -0.201586474163826 0
3709 1.174979275425937 -0.2684003916134434 0
3710 1.215288642799595 -0.2015012693099586 0
3711 1.25498202622329 -0.2684470345361221 0
3712 1.295288237858627 -0.201933793745946 0
3713 -0.4680032499672668 -0.3312094329974769 0
3714 1.019051359246034 -0.1326049270666504 0
3715 0.4615251115784751 -0.1305188439110447 0
3716 0.5674327738972726 -0.33504904934869 0
3717 0.06328061961352748 -0.1290690253165491 0
3718 -0.1756661108764893 -0.1282380498338764 0
3719 1.124974298689778 -0.3370511718327872 0
3720 -0.5843716765028136 -0.1235431645655074 0
3721 1.334062885007497 -0.269341669150902 0
3722 1.376510338988565 -0.1992155427689102 0
3723 -0.9058232281062156 -0.1219167313378855 0
3724 1.283776267413783 -0.3353087806196023 0
3725 -0.7467141274280229 -0.1222689077150597 0
3726 0.8874666923317855 -0.3334412066500376 0
3727 -0.350332153357098 -0.1221374701659169 0
3728 0.7280513779711503 -0.3330589690822935 0
3729 0.3295129733601427 -0.33209934257523 0
3730 0.1700977758814617 -0.3316680227106767 0
3731 0.3011263228911508 -0.1325158861862534 0
3732 0.01068202911555329 -0.331349881004025 0
3733 -0.1487334385754081 -0.3309645545208746 0
3734 -0.3081493214322322 -0.3306634962985316 0
3735 0.6996650040742579 -0.1334517645098063 0
3736 0.8590806355628785 -0.1338029882032148 0
3737 -0.7066877455676212 -0.3298091887608208 0
3738 -0.8660925076596699 -0.3294523793618228 0
3739 -0.4940782502898568 -0.1291034625356121 0
3740 -0.5477220562672069 -0.3307052453152463 0
3741 1.045258571706821 -0.3355754235892638 0
3742 -0.09594970731645233 -0.1296978858842499 0
3743 0.1429973078240165 -0.130416674476885 0
3744 0.5412422422990446 -0.1316775591623944 0
3745 0.4877158103595861 -0.3338740795304436 0
3746 -1.382496140681035 -0.2640728925039885 0
3747 -1.343545257347883 -0.3314886099513774 0
3748 1.09877745192002 -0.1335589412431151 0
3749 -0.9861981366384091 -0.3978820522032863 0
3750 1.220113337596442 -0.06814662060209636 0
3751 -1.223684210526315 -0.3982962400521067 0
3752 -1.264108141926705 -0.329343942745782 0
3753 -0.9455645613447128 -0.3289617953066777 0
3754 -0.8274629621392343 -0.398030613810376 0
3755 -0.786121996791726 -0.3294031788565812 0
3756 -0.6687312981699594 -0.3981947101711205 0
3757 -0.6271664146942535 -0.330264505206362 0
3758 -0.5110157971287573 -0.3993012959531653 0
3759 -0.4307827909501332 -0.3985966837608248 0
3760 -0.3881500063913386 -0.3309153587971088 0
3761 -0.2718978495703598 -0.3986117042379271 0
3762 1.33901088481495 -0.1323783500584213 0
3763 1.257625446247694 -0.1348645174727166 0
3764 -0.2286917343976072 -0.3311244884794426 0
3765 -0.1131644342199545 -0.3987771584083768 0
3766 1.178125164038343 -0.134383229226156 0
3767 -1.378826989668558 -0.4013046286835104 0
3768 1.379051597520287 -0.06320251727089421 0
3769 1.435933042145089 -0.3523976778282799 0
3770 -1.437326486715542 -0.1166666666666666 0
3771 1.062987334169656 -0.06590971641407595 0
3772 -0.06933144471946416 -0.3314367173380897 0
3773 0.04556888288861507 -0.3989598372764232 0
3774 0.9825166461932944 -0.06684755958980129 0
3775 0.09002837614381391 -0.3318467344985288 0
3776 0.9391705967232762 -0.1333657262329436 0
3777 0.2043022169848924 -0.3991345500120089 0
3778 0.8235915537855251 -0.06689775925848676 0
3779 0.2493880800695801 -0.332277759463294 0
3780 0.7796861842957209 -0.1332739096267764 0
3781 0.3630354295207445 -0.399331409557576 0
3782 0.664858202648585 -0.06672145046011863 0
3783 0.4085456480552339 -0.3329457684215016 0
3784 0.6204917768074829 -0.1326387305205291 0
3785 0.5191006654234457 -0.4017165054536012 0
3786 0.5083160282225047 -0.06443753402947039 0
3787 0.6007293713646675 -0.4000178374589272 0
3788 0.4270907893010248 -0.06606099612692856 0
3789 0.6475190259835224 -0.333824389614674 0
3790 0.7598683947418673 -0.3998185007190249 0
3791 0.3815058584173445 -0.1318138297110121 0
3792 0.2680250241280987 -0.0662564792045616 0
3793 0.8071471095198316 -0.3337357075896763 0
3794 0.9186015177141877 -0.4000191029480016 0
3795 0.222141453966842 -0.1315150875458589 0
3796 0.9662362549994739 -0.3344357529750483 0
3797 0.112117498524626 -0.06353910149031869 0
3798 1.073778418993288 -0.4029032001726943 0
3799 0.03035553707540737 -0.06549993487903039 0
3800 1.156158309613821 -0.4008266588861526 0
3801 -0.01658421702036803 -0.1303185243637546 0
3802 1.204814430580412 -0.3355522035970621 0
3803 -0.1256016224996368 -0.06303106314688681 0
3804 1.311682362371815 -0.4018460303185237 0
3805 -0.2076855362624905 -0.06516183210099361 0
3806 1.445428801944029 -0.1961491114657254 0
3807 -0.2612151285827797 -0.1327576693441686 0
3808 -0.3559303445005211 -0.05076184121034891 0
3809 -0.425385917608042 -0.1424166353628837 0
3810 -0.5216643720234562 -0.06290804022293939 0
3811 -0.5921112172725034 -0.05107842024028025 0
3812 -0.6661588352457134 -0.1410262887320017 0
3813 -0.7490925300870205 -0.05201002287344172 0
3814 -0.8260593439872006 -0.1404362272639808 0
3815 -0.9073245827558218 -0.05189961934664086 0
3816 1.362023399581929 -0.3392635653159827 0
3817 -0.982225917176328 -0.1411542299606371 0
3818 -1.076516054891041 -0.06179115276239056 0
3819 -1.146856236830727 -0.05032896952735491 0
3820 -1.223965282524629 -0.1391368050983594 0
3821 -1.301041188947402 -0.0514696139718597 0
3822 -1.448229787728826 -0.2722222222222221 0
3823 -1.376300721152679 -0.1382826760518407 0
3824 1.442945432689829 -0.05673414617048175 0
3825 -1.442945432689829 -0.4099325204961849 0
3826 -1.443310486832849 -0.05636360249147765 0
3827 1.443310486832848 -0.410303064175189 0
3828 -0.7501691687631925 -0.5355006270225597 0
3829 -1.14732318021483 -0.5351532769347143 0
3830 0.3466026105204055 -0.5295922182641415 0
3831 -0.1954572580198339 -0.8655373497106331 0
3832 -0.5128869899757451 -0.5354077218227908 0
3833 1.060286710194351 -0.5312231371512121 0
3834 0.676823837033235 -0.8676459350107146 0
3835 0.1087080188762023 -0.5290722946700321 0
3836 -0.9868421052631577 -0.8649629067187724 0
3837 0.9147185661785527 -0.8681958913959862 0
3838 1.231911457889908 -0.868911552004899 0
3839 0.505199035617558 -0.5299455582801745 0
3840 -0.354754800960306 -0.5355069769058609 0
3841 -0.03849579655211453 -0.5357094255809345 0
3842 -0.6712170499087714 -0.8647162949418219 0
3843 -0.8289473684210522 -0.8649629067187725 0
3844 -1.224369381320145 -0.8646636660475815 0
3845 0.2803325105356945 -0.8667050227740629 0
3846 0.4389290575516102 -0.8670849737859474 0
3847 -0.4333522342543897 -0.864937788604012 0
3848 0.8223919575502279 -0.5306679517089045 0
3849 -0.9091282788927868 -0.5356246160641025 0
3850 0.04243764984763297 -0.8661263301005304 0
3851 1.297499267656952 -0.5324183403035103 0
3852 -1.302903310557338 -0.538376201698991 0
3853 1.073315023690989 -0.8685562743072039 0
3854 -0.1966253009941417 -0.5356075630796207 0
3855 0.6637954847628429 -0.530304166920695 0
3856 -1.432461886932138 -0.7435638428710887 0
3857 1.419044525669219 -0.7365916692044836 0
3858 -1.437566727683707 -0.5800313492578923 0
3859 1.427564908533499 -0.5884915006250695 0
3860 1.383381194894245 -0.870154151552319 0
3861 -1.382479262481272 -0.8683111369467791 0
3862 -0.5919682478830414 -0.8646751929789966 0
3863 -0.6314944928257538 -0.7957100431434404 0
3864 -0.5518144766618399 -0.7956954797992214 0
3865 -0.5913284543318409 -0.7265319121272846 0
3866 -0.511349669539666 -0.7266932625500544 0
3867 -0.6712847868426197 -0.7263550916483397 0
3868 -0.6310256311526085 -0.6571434758045652 0
3869 -0.7110363453213524 -0.6593363436694079 0
3870 -0.7512929020897851 -0.7264071768921145 0
3871 -0.7910391449609782 -0.6594967902616108 0
3872 -0.8313065972714681 -0.7261199153740424 0
3873 -0.8710416857623972 -0.6593158157810575 0
3874 -0.9113087283577905 -0.7257911883470751 0
3875 -0.9510420368689294 -0.6590172266664139 0
3876 -0.9913087142541481 -0.7254729971524938 0
3877 -1.031031400258647 -0.6561382527872615 0
3878 -1.071306938196746 -0.7248330809751697 0
3879 -1.111039445577348 -0.6579698422568581 0
3880 -1.151306951089785 -0.7246672481139328 0
3881 -1.191040360722497 -0.6580338297826132 0
3882 -1.231306677872613 -0.7244366353158018 0
3883 -1.1115834419258 -0.7937678590880204 0
3884 -1.271040193177256 -0.6578307044890117 0
3885 -1.308292977117795 -0.7225775529035315 0
3886 -1.346639532418751 -0.6574712723510873 0
3887 -0.9907518307191413 -0.5864041165189292 0
3888 -0.6707538552362438 -0.587686401185157 0
3889 -0.8302791052288216 -0.5878361422740657 0
3890 -0.5780870630816249 -0.5935802337597259 0
3891 -1.228950839207041 -0.5868403043787327 0
3892 -1.271582158255255 -0.7931269433614229 0
3893 -0.8715853668983118 -0.7947292322398514 0
3894 -0.7111455935447049 -0.7954639998310828 0
3895 -0.5489237585638154 -0.6607724973292745 0
3896 -0.4706717040489756 -0.6607606322201739 0
3897 -0.4312693505340721 -0.7275694227380571 0
3898 -0.3909497820807457 -0.6610719511103507 0
3899 -0.3513036795986568 -0.7281928286362882 0
3900 -0.3110024060846606 -0.6614725243795438 0
3901 -0.271316844351898 -0.7281966947693782 0
3902 -0.2310135502468399 -0.6617014627323572 0
3903 -0.1913214575250378 -0.7284802859507569 0
3904 -0.151016738222158 -0.6620316746650745 0
3905 -0.1113252086186183 -0.7292389644466095 0
3906 -0.07101804836698337 -0.6623690247339187 0
3907 -0.03132371111825447 -0.7290339864708241 0
3908 0.008981421084306709 -0.6626358771108452 0
3909 0.04867588826565711 -0.729289089232518 0
3910 0.08898113780049691 -0.6628731725126896 0
3911 0.1286723096928226 -0.730248385719362 0
3912 0.1689799323830044 -0.6633173948556236 0
3913 0.2086748199092164 -0.7298840818491444 0
3914 0.2489890800758952 -0.6615074712188627 0
3915 0.2886762011193785 -0.7297665009594676 0
3916 0.3289814785814017 -0.6633470872077156 0
3917 0.3686752201931686 -0.7301637480694553 0
3918 0.4089794864032324 -0.6639646880856752 0
3919 0.4486741629010532 -0.730577679762266 0
3920 0.4889789120272673 -0.6642734140290516 0
3921 0.5286688422962564 -0.7319204762011445 0
3922 0.5689773677557547 -0.6647934581209136 0
3923 0.6086725085624819 -0.731305295118557 0
3924 0.6489776793387552 -0.664909166408322 0
3925 0.6886726097626342 -0.7314668400141803 0
3926 0.7289771863612284 -0.6652001656336468 0
3927 0.7686672807262178 -0.7328114772682424 0
3928 0.8089761975848861 -0.6655991852332831 0
3929 0.8486712029134651 -0.7321405393371233 0
3930 0.8889761247119845 -0.6657986558728554 0
3931 0.9286712826911373 -0.7323067518166848 0
3932 0.9689827999552429 -0.6645279063030336 0
3933 1.008672374812326 -0.7322524037926372 0
3934 1.048977155338179 -0.6659412995744949 0
3935 1.088671054288294 -0.7327237016953596 0
3936 1.128975432706612 -0.6665002051316791 0
3937 1.168670490066542 -0.7330302231075636 0
3938 1.208980638092261 -0.6655496952145166 0
3939 1.24867070181914 -0.7331676820515576 0
3940 1.288975740336434 -0.6668003689270324 0
3941 -0.3129111346252366 -0.796746178944846 0
3942 -0.07396832772486263 -0.7976591802482179 0
3943 0.1649785060986523 -0.7985581592053604 0
3944 0.5632232554372216 -0.8000324804844501 0
3945 0.8021701382916443 -0.8008812220788121 0
3946 1.174156160312247 -0.598054475407263 0
3947 0.9352092517339019 -0.5972008423681824 0
3948 0.2183690996216468 -0.5946527609464038 0
3949 1.328699974700496 -0.7343739264706294 0
3950 1.372284741605459 -0.6652225974703291 0
3951 -0.432139017548284 -0.5885833980275091 0
3952 -0.2730299584922855 -0.5889446483443758 0
3953 -0.113867632257326 -0.589285036762785 0
3954 0.04373623667076963 -0.5886411926721913 0
3955 1.27974798722845 -0.8006970041007108 0
3956 1.122028042439957 -0.7995077149711631 0
3957 0.9626127245423707 -0.7991159548358915 0
3958 0.4559797784270339 -0.5984230299693928 0
3959 0.6153948710966164 -0.5988613810528144 0
3960 0.7748102967613806 -0.5992341134042788 0
3961 0.3249508456187861 -0.7976151810584868 0
3962 -0.3926220606631375 -0.796445798170168 0
3963 -1.08279152157066 -0.5928621849646962 0
3964 -0.1536870246268214 -0.7972048202861599 0
3965 -1.031584083759185 -0.7940883169497668 0
3966 1.25376009590049 -0.5991456466186683 0
3967 1.014926608693195 -0.5983102667158514 0
3968 0.0852600195722712 -0.7979365293478352 0
3969 0.7224527752745945 -0.7998484670843302 0
3970 0.2980854615171477 -0.5961374155134729 0
3971 0.4835055358222446 -0.7991363994873726 0
3972 -0.9078947368421052 -0.8649629067187724 0
3973 -0.5125139258907814 -0.8645487191709693 0
3974 -0.75 -0.864962906718773 0
3975 -0.7913575079045032 -0.7948429545404956 0
3976 -1.066493347488667 -0.8647434253255993 0
3977 -0.9515821638853026 -0.7937692753509601 0
3978 -1.146018983078084 -0.8644479411718073 0
3979 -1.302631578947368 -0.8653488193146133 0
3980 -1.423312517705157 -0.6590287541984582 0
3981 -1.191579175526815 -0.7925425622168124 0
3982 -0.472004816013815 -0.7957918714020344 0
3983 -1.358423833258034 -0.7890245389995701 0
3984 -0.3545665611611059 -0.8653997495290393 0
3985 -0.2745325626657568 -0.8648972299474613 0
3986 -0.2332043803024307 -0.7968437599348726 0
3987 -0.1165713999742003 -0.8657984027206118 0
3988 -0.03644578922919989 -0.8651767430500785 0
3989 0.005772621602207381 -0.797536976408334 0
3990 0.1211477836390577 -0.8663828579107051 0
3991 0.2015956040563204 -0.865493449352756 0
3992 0.244868081223008 -0.798003732533213 0
3993 0.3605197885843413 -0.8654411517201993 0
3994 -1.386483393368725 -0.5285795798135657 0
3995 1.376738677015976 -0.5302684992637849 0
3996 -1.437010496382133 -0.8171526873782029 0
3997 1.436109492260847 -0.8176366114823246 0
3998 0.404209101778534 -0.7983365223139546 0
3999 0.5173464835737758 -0.8673224914424849 0
4000 0.5983311480323096 -0.8660311509833367 0
4001 0.643029355683746 -0.7993883614492615 0
4002 1.336137238508135 -0.5970578255347324 0
4003 0.755065686503421 -0.8678621707148357 0
4004 1.219586797837931 -0.5317730735859293 0
4005 0.8363723992425114 -0.8663558917339785 0
4006 1.138794163704898 -0.5330730581494397 0
4007 0.8822027189766134 -0.7998327085330794 0
4008 1.094352705158247 -0.5988504070216567 0
4009 0.9954528792679889 -0.8661847107691389 0
4010 1.442744522805275 -0.6621071731063325 0
4011 0.9820002529983112 -0.5311010961423452 0
4012 1.041792016506988 -0.7997234600618991 0
4013 0.9007749904737741 -0.5327297006663735 0
4014 1.154186050341721 -0.8663817065479791 0
4015 0.8551898031360257 -0.5985384082089795 0
4016 1.200869121630953 -0.8002826471306456 0
4017 1.30974831901703 -0.8675582768062658 0
4018 0.7417091952117333 -0.5329317392964524 0
4019 0.6956107855887593 -0.5985734554527016 0
4020 0.5829759861935516 -0.5327400490613006 0
4021 0.5362509918529635 -0.5981728150856079 0
4022 0.4242428646710716 -0.5325339237704665 0
4023 0.3771452800200488 -0.5973330604684775 0
4024 0.2688428619432 -0.5295377542883021 0
4025 1.359455248961714 -0.8045019399361222 0
4026 0.1866516460962242 -0.5317192889264502 0
4027 0.1326465699546848 -0.5992942980297805 0
4028 0.03857916548318203 -0.5173512492512983 0
4029 -0.03413276388426952 -0.6077281113721349 0
4030 -0.117166167013348 -0.5187870717513348 0
4031 -0.1931106360425502 -0.6075140771168426 0
4032 -0.2754083278788202 -0.5186785043326382 0
4033 -0.3523751930332564 -0.6071158997535281 0
4034 -0.4336403722231827 -0.5185662860178989 0
4035 -0.508541706643689 -0.6078208966318949 0
4036 -0.6028318443647251 -0.5284578194290571 0
4037 -0.6731720263044112 -0.5169956361940214 0
4038 -0.7506555239021176 -0.6059712608825603 0
4039 -0.829494257945381 -0.5184589437388123 0
4040 -0.9104485874944154 -0.6056395834609137 0
4041 -0.9878707587644908 -0.5150632456174467 0
4042 -1.056719373106257 -0.5271360262281867 0
4043 -1.152229069458475 -0.6061718876635229 0
4044 -1.225309150206368 -0.5187406232691543 0
4045 -1.307527077553265 -0.6043201078352592 0
4046 -1.373826149486375 -0.7143331922647471 0
4047 -1.372326994544638 -0.5963357817540278 0
4048 1.44294543268983 -0.5234008128371483 0
4049 -1.442945432689829 -0.5234008128371496 0
4050 -1.44810847808847 -0.8815372093094408 0
4051 1.443310486832849 -0.8769697308418566 0
4052 -0.7487664579493161 -1.331042050602561 0
4053 -1.14500774686636 -1.331258944843876 0
4054 0.3478139077453813 -1.333112516323623 0
4055 -0.1929784309644207 -1.332122683352418 0
4056 -0.5105715566272728 -1.331513389731946 0
4057 1.065789473684211 -1.001703759947894 0
4058 0.66500603665547 -1.336194572300318 0
4059 0.118421052631579 -1.001703759947894 0
4060 0.5131578947368424 -1.001703759947894 0
4061 -0.9866776869333337 -1.001950371724845 0
4062 0.90341924288286 -1.334257604407765 0
4063 -0.354486718837563 -1.002027583827366 0
4064 1.220091713317444 -1.334423030042412 0
4065 -0.03418190134716895 -1.332418913251781 0
4066 -0.6710526315789477 -1.001703759947894 0
4067 -0.8289473684210522 -1.001703759947894 0
4068 -1.224542501259845 -1.001728879868756 0
4069 0.2763157894736843 -1.001703759947894 0
4070 -0.118421052631579 -1.001703759947894 0
4071 0.8289473684210527 -1.001703759947894 0
4072 0.1892067603345709 -1.338315275734813 0
4073 -0.9077255680789114 -1.331166039644106 0
4074 1.302631578947368 -1.001703759947894 0
4075 -1.301941567776021 -1.328222008541553 0
4076 1.061495878771407 -1.33415227569654 0
4077 -0.5125639906564915 -1.001978811245481 0
4078 0.6710526315789475 -1.001703759947894 0
4079 0.5064100000171102 -1.333318931821058 0
4080 -0.3517749828417244 -1.331820811190242 0
4081 -1.430889130617383 -1.121576625399678 0
4082 1.435347347271188 -1.210218870666801 0
4083 -1.435986344269304 -1.285325158064688 0
4084 1.432642468594544 -1.05 0
4085 -1.381749148467424 -0.9978305373631475 0
4086 1.375166124500227 -1.325871394988103 0
4087 -1.065926488959064 -1.00199147368767 0
4088 -1.02640024401635 -1.070956623523227 0
4089 -1.106080260180264 -1.070971186867446 0
4090 -1.066566282510262 -1.140134754539383 0
4091 -1.146545067302437 -1.139973404116614 0
4092 -0.9866099499994831 -1.140311575018327 0
4093 -1.026869105689493 -1.209523190862102 0
4094 -0.946858391520749 -1.207330322997258 0
4095 -0.9066018347523178 -1.14025948977455 0
4096 -0.8668555918811234 -1.207169876405053 0
4097 -0.8265881395706348 -1.140546751292621 0
4098 -0.7868530510797047 -1.207350850885605 0
4099 -0.7465860084843126 -1.140875478319586 0
4100 -0.7068526999731725 -1.207649440000247 0
4101 -0.666586022587955 -1.141193669514166 0
4102 -0.6268633365834546 -1.210528413879397 0
4103 -0.5865884986489442 -1.142020055104104 0
4104 -0.546855407932018 -1.208727902645236 0
4105 -0.5065878688227339 -1.142022435198346 0
4106 -0.4668544094092173 -1.208641852697552 0
4107 -0.426588125450234 -1.142247125031667 0
4108 -0.3868545602932377 -1.208840313760029 0
4109 -0.3465886212590451 -1.142531288756532 0
4110 -0.3068550959656015 -1.209134389800153 0
4111 -0.2665885698814329 -1.142678739187311 0
4112 -0.2268554767741634 -1.209389712661496 0
4113 -0.1865898097937396 -1.143148513921065 0
4114 -0.1468561747845337 -1.209724200836245 0
4115 -0.106590560671078 -1.143496196314716 0
4116 -0.2263138622575275 -1.074180639031928 0
4117 -0.06685674232864888 -1.210026114233891 0
4118 -0.02659045118128971 -1.14362909357933 0
4119 0.01314275343873773 -1.210312221253167 0
4120 0.05340824425601923 -1.144114995434065 0
4121 0.09313109911528261 -1.213381845589498 0
4122 0.1334056565514359 -1.144921221708142 0
4123 0.01368421223645732 -1.075142012621977 0
4124 0.1731393256484436 -1.211488396849611 0
4125 0.2134061610961741 -1.144955496342003 0
4126 0.2531335276558586 -1.213096041953629 0
4127 0.2934048509646408 -1.145442788207217 0
4128 0.3331326422515207 -1.213477304577966 0
4129 0.373404875403564 -1.145596916829925 0
4130 0.413125953758759 -1.21530725485282 0
4131 0.4534025494949375 -1.146337788100459 0
4132 0.4136810030597657 -1.076744301938726 0
4133 0.4931253119234206 -1.21562771271617 0
4134 0.5334016269807177 -1.146728314865006 0
4135 0.5731246700880823 -1.215948170579519 0
4136 0.6134009865213438 -1.147048429231468 0
4137 0.653124028252744 -1.216268628442869 0
4138 0.6934003449153329 -1.147368829845336 0
4139 0.7331342889232105 -1.21386737600815 0
4140 0.7734015900638928 -1.147218219533985 0
4141 0.8131354838295963 -1.213729308193545 0
4142 0.8534015688494915 -1.147383745088559 0
4143 0.8931283801400351 -1.215662908530545 0
4144 0.9334006228008788 -1.147780146997877 0
4145 0.9731274886144472 -1.216045699268136 0
4146 1.013399364199592 -1.148254574807618 0
4147 0.9736765102123971 -1.078987506982172 0
4148 1.053126785179539 -1.216381534897598 0
4149 1.093398609303334 -1.148603257289719 0
4150 1.133126107922316 -1.216710835508624 0
4151 1.173398467169557 -1.14879896925445 0
4152 1.213125454517519 -1.217034181580834 0
4153 1.253397574396692 -1.149182071363245 0
4154 1.301190564946968 -1.214398380949571 0
4155 1.213674584706384 -1.079948880572223 0
4156 1.337334500484063 -1.14114660535421 0
4157 0.7790260133594624 -1.274664541771401 0
4158 0.04796498179822658 -1.285863278939895 0
4159 -0.6671429061229595 -1.28026255014773 0
4160 0.7336784357184121 -1.078026133392124 0
4161 -0.9871408816058563 -1.278980265481509 0
4162 0.5736797193890887 -1.077385217665425 0
4163 -0.8276156316132803 -1.278830524392599 0
4164 0.1736829285657806 -1.075782928348676 0
4165 -1.079807673760477 -1.273086432906942 0
4166 -0.4292040392515171 -1.279773582507855 0
4167 -0.2698489851010944 -1.280162477297364 0
4168 -0.4663119367515204 -1.073219265441886 0
4169 -0.1104940873338095 -1.28058157076502 0
4170 -0.6263106530829202 -1.072578349716891 0
4171 -0.7863093699437935 -1.07193743442681 0
4172 -0.946749143297399 -1.071202666835583 0
4173 -1.108970978278287 -1.205894169337394 0
4174 -1.187223032793126 -1.205906034446496 0
4175 -1.226625384980161 -1.139097244892836 0
4176 -1.266944954540044 -1.205594715717024 0
4177 -1.303680631529539 -1.140172030459155 0
4178 -1.34511928526871 -1.206960227236998 0
4179 -1.226049119111934 -1.277738442674834 0
4180 -1.264703158782805 -1.070611920399085 0
4181 -0.5751032347159859 -1.27380966140787 0
4182 1.133675226541721 -1.079628422708872 0
4183 0.8936771520477351 -1.078667049118823 0
4184 -0.3063132204221892 -1.073860181168578 0
4185 0.3336816448951042 -1.076423844075376 0
4186 -0.06631514592820432 -1.074821554758628 0
4187 0.1391299036321769 -1.277307291558186 0
4188 -0.9078947368421052 -1.001703759947895 0
4189 1.294470115967844 -1.334344132188426 0
4190 0.9807364245220184 -1.334880887208135 0
4191 -1.145380810730011 -1.002117947796715 0
4192 0.4247457699672193 -1.333742719073527 0
4193 0.2659140225509846 -1.334375887221043 0
4194 -0.75 -1.001703759947894 0
4195 1.139479454786753 -1.335171824714329 0
4196 0.5835756104069193 -1.334469726368406 0
4197 -0.8665372289376014 -1.071823712126169 0
4198 1.223684210526315 -1.00166899054509 0
4199 1.289786076916361 -1.079144705397486 0
4200 1.144736842105264 -1.001573630578945 0
4201 -0.5910696189332774 -1.002181043396119 0
4202 -0.7063125729568014 -1.072897391315704 0
4203 0.9868421052631577 -1.001406561008305 0
4204 -0.4327510898070707 -1.00224618212808 0
4205 0.9078947368421049 -1.001334955700934 0
4206 1.05367272168489 -1.080093507603665 0
4207 -0.5463146012317185 -1.073724198812282 0
4208 -0.2754142148118754 -1.00170597629666 0
4209 1.421204108886026 -1.133096481716177 0
4210 -1.421964808288244 -1.205714781773691 0
4211 0.75 -1.001215868249781 0
4212 -0.1963703339832186 -1.001750531134777 0
4213 -0.3863164856750521 -1.074515091938946 0
4214 0.5921052631578945 -1.001129302779388 0
4215 -0.03833195356316996 -1.001668961703307 0
4216 0.8136737779294336 -1.079349137144538 0
4217 0.04075601794178031 -1.001753699008755 0
4218 0.43589973513486 -1.001855145850648 0
4219 0.356934576964242 -1.001800030389798 0
4220 0.1987837802640798 -1.001788556192015 0
4221 -1.185947780502794 -1.071043672360068 0
4222 0.6536746424318525 -1.078812862918491 0
4223 -0.1463190467944027 -1.075635140552285 0
4224 0.4919909530860999 -1.077432352182007 0
4225 0.09367870510915113 -1.076677045876445 0
4226 0.2536773772196791 -1.077329000418723 0
4227 -1.303220319296196 -1.001097535216374 0
4228 -1.356065396799079 -1.075581241605347 0
4229 0.8238749041940064 -1.337787483758118 0
4230 1.384784936788677 -0.9987799159064192 0
4231 -1.38581687252494 -1.337343888106522 0
4232 1.436694481138733 -1.282495263415356 0
4233 1.368742505768104 -1.248939606783976 0
4234 -1.435904491765957 -1.04817682621345 0
4235 1.361397278436173 -1.067311911387031 0
4236 -1.303602275034901 -1.25898086634703 0
4237 -1.224073370961389 -1.347443879212052 0
4238 -1.149411710162037 -1.258776804841908 0
4239 -1.055062892477379 -1.33820884723761 0
4240 -0.9847227105376923 -1.349671030472645 0
4241 -0.9072392129399841 -1.260695405784105 0
4242 -0.8284004788967225 -1.348207722927853 0
4243 -0.7474461493476867 -1.261027083205748 0
4244 -0.6700239780776132 -1.351603421049217 0
4245 -0.6011753669766035 -1.339531503722794 0
4246 -0.5057177295872022 -1.260493277798092 0
4247 -0.4319943262704186 -1.348621556686009 0
4248 -0.348907532690635 -1.261946314911129 0
4249 1.252529763089372 -1.274258801699926 0
4250 0.8546123892992273 -1.271753588541733 0
4251 -0.2734467955709215 -1.348821194368005 0
4252 1.174082175058129 -1.273134802980373 0
4253 -0.1894066309916043 -1.262396128982509 0
4254 1.09290821867554 -1.271024767136089 0
4255 -0.1148993049817114 -1.349024633473844 0
4256 1.013640186921618 -1.271451985580003 0
4257 -0.03008499915453261 -1.263840419688751 0
4258 0.04223030030073784 -1.353161586455722 0
4259 0.9329100557354706 -1.270245702872236 0
4260 0.1092290085548117 -1.342441238781436 0
4261 0.7453356474998314 -1.339518219576081 0
4262 0.2150992690923344 -1.269609223053767 0
4263 0.2955104463957727 -1.269784398240605 0
4264 0.6947992871936925 -1.271246769591617 0
4265 0.3729151288797131 -1.267857632051401 0
4266 0.614000614693793 -1.270106569458117 0
4267 0.4540316376374557 -1.269266518178635 0
4268 0.5329138906257614 -1.26848720991039 0
4269 -1.370888902184662 -1.147780042399987 0
4270 -1.370869995677645 -1.267250308203374 0
4271 -1.442945432689829 -1.343265853829517 0
4272 1.442945432689829 -0.9900674795038161 0
4273 -1.443310486832848 -0.989696935824811 0
4274 1.443310486832849 -1.343636397508523 0
4275 1.374675846365278 -1.190165534636073 0
4276 1.315957944415167 -1.276799890279736 0
4277 -0.7459008454673908 -1.465314008552808 0
4278 -1.143538697937444 -1.468409679766816 0
4279 0.3642745402491082 -1.462750886826349 0
4280 -0.1908130101818055 -1.464001285042228 0
4281 -0.5080060251039363 -1.464744023843205 0
4282 1.06539851545353 -1.468790526069319 0
4283 0.670074743920536 -1.469042758914267 0
4284 0.1263799117508645 -1.463278891613501 0
4285 0.9063345183835003 -1.798672113138283 0
4286 0.5098430053269809 -1.799653716795215 0
4287 -0.9175253074023519 -1.802939765986509 0
4288 1.223519792196492 -1.798049628275156 0
4289 -0.04524488966481385 -1.80097926834404 0
4290 -0.362437850456385 -1.801710048838292 0
4291 -1.076121669273759 -1.803279184094241 0
4292 -0.6796307187562515 -1.80242058192115 0
4293 -1.22291363768652 -1.797315287737411 0
4294 0.8282042483625631 -1.468940896412953 0
4295 0.7477378975907232 -1.799068137168683 0
4296 -0.9837794043781942 -1.466641552565208 0
4297 0.1926498898168112 -1.800418307119274 0
4298 1.302631578947368 -1.468370426614561 0
4299 -1.300968700209748 -1.468103199595591 0
4300 1.064931182950681 -1.798271120131245 0
4301 0.3512464368327268 -1.800038356107391 0
4302 -0.2038413814314549 -1.80134714615331 0
4303 -0.521034296360507 -1.802067890171121 0
4304 0.5228709284922199 -1.462405628003361 0
4305 -0.03221653739442074 -1.46363750025402 0
4306 -0.3494095062143464 -1.464370155651482 0
4307 -1.422860876678212 -1.670936727913435 0
4308 1.430345553765819 -1.678128557621461 0
4309 1.435513774854511 -1.51434459744687 0
4310 -1.42911605404127 -1.521999108081225 0
4311 1.381557198080355 -1.803410904334917 0
4312 -1.38501021581513 -1.806142658988876 0
4313 1.302735797359659 -1.798723477023604 0
4314 1.263030309220172 -1.729018345398776 0
4315 1.183381668358766 -1.72903149161336 0
4316 1.222893387654689 -1.659851528347369 0
4317 1.142924321955244 -1.660024756111313 0
4318 1.182583904883203 -1.590756804988932 0
4319 1.10259665030096 -1.593497511634289 0
4320 1.062905249885484 -1.66080303949195 0
4321 1.022596067709766 -1.594328727420018 0
4322 0.98290180238293 -1.661161053575378 0
4323 0.9425850565188552 -1.592397545262918 0
4324 0.9028999529808732 -1.661143650410024 0
4325 0.8625938083363174 -1.594569014375246 0
4326 0.822900973825036 -1.661596848535074 0
4327 0.7825959988660196 -1.595251249258494 0
4328 0.7429020708232851 -1.662030877735776 0
4329 0.7025967004206872 -1.595593161603234 0
4330 0.6629051645550652 -1.662891323484222 0
4331 0.6225978947430615 -1.596038344980181 0
4332 0.5829032107235239 -1.662649933276146 0
4333 0.5425978962478772 -1.596222613387067 0
4334 0.5029034471104539 -1.662885203337435 0
4335 0.46259849767122 -1.596537326826581 0
4336 0.4229035094793153 -1.663082429002865 0
4337 0.3825987112882128 -1.596767483293364 0
4338 0.3429041172516764 -1.663398449719719 0
4339 0.3025994099611571 -1.597103303185456 0
4340 0.2629042792047153 -1.663617331081334 0
4341 0.2225910819621738 -1.595472467091051 0
4342 0.1829034799717766 -1.663626795654021 0
4343 0.1425984214247215 -1.59725511873412 0
4344 0.1029091386559703 -1.665043253974871 0
4345 0.06260114955723051 -1.598033094089591 0
4346 0.02290620606066817 -1.664587919631169 0
4347 -0.01739884243711668 -1.598218432044081 0
4348 -0.05709371959622129 -1.664787710594452 0
4349 -0.09739826693760402 -1.598527410558529 0
4350 -0.1370936118276884 -1.664994783993665 0
4351 -0.177398134618911 -1.598739832730543 0
4352 -0.217093010038432 -1.665309490283688 0
4353 -0.2573974504928674 -1.599072477835702 0
4354 -0.2970927735160753 -1.665544615433177 0
4355 -0.3373973018559381 -1.599288455280997 0
4356 -0.3770921475481421 -1.66586458956046 0
4357 -0.417396610980409 -1.599622570904579 0
4358 -0.4570918827502837 -1.666105875127574 0
4359 -0.4973964793630309 -1.59983484027966 0
4360 -0.5370912549063589 -1.666426257979426 0
4361 -0.5773957910114282 -1.600168406012301 0
4362 -0.6170909667081116 -1.666672641817486 0
4363 -0.6574008480617594 -1.599250214090047 0
4364 -0.6970911997420736 -1.666805464164939 0
4365 -0.7373963125678253 -1.600421961366545 0
4366 -0.7770824374256653 -1.668898114356387 0
4367 -0.8173935344913825 -1.601210817972688 0
4368 -0.8570881301832391 -1.667841420129701 0
4369 -0.8973983200755248 -1.600351770716731 0
4370 -0.9370893147988064 -1.667766920244079 0
4371 -0.9773785564861949 -1.601296948972398 0
4372 -1.017086088946516 -1.66806261222345 0
4373 -1.057394030872669 -1.601474053888324 0
4374 -1.097087568594161 -1.668386202067484 0
4375 -1.13739352556269 -1.601928445841971 0
4376 -1.177087576692001 -1.668671877260189 0
4377 -1.217393561043396 -1.602121127523972 0
4378 -1.257087022180374 -1.668996393767458 0
4379 -1.297394106765134 -1.60218769842787 0
4380 1.262590397834528 -1.592908420595402 0
4381 0.6258983658406405 -1.731290267473282 0
4382 0.06835549207095526 -1.733322269754388 0
4383 -0.8611564399914877 -1.532644669484164 0
4384 -0.6222260962500077 -1.531696049016781 0
4385 0.2539119733919305 -1.52852018534229 0
4386 -0.8077822268436471 -1.736509523966167 0
4387 0.9822638874937268 -1.522441609690458 0
4388 1.222263956266776 -1.521342613097219 0
4389 -1.335854706689191 -1.669814456063132 0
4390 -1.377919408266429 -1.599356055562404 0
4391 -1.287042185734165 -1.736397760065508 0
4392 -1.138033608539464 -1.740899879087239 0
4393 -0.968694422148231 -1.734012927047361 0
4394 0.7454465821915656 -1.522586519352698 0
4395 0.5878427757174954 -1.5219867034451 0
4396 -0.570156673079439 -1.733052008011339 0
4397 0.4147221657974517 -1.531190050645216 0
4398 -0.4107413297839489 -1.732669183272053 0
4399 -0.2513259267678261 -1.732292594785596 0
4400 0.01618398618476959 -1.53217508687577 0
4401 -0.09191043986778577 -1.731927620532492 0
4402 -0.1432315014508319 -1.532534317696852 0
4403 -0.3026469802004921 -1.53290229504621 0
4404 0.3066284222549845 -1.731018325242727 0
4405 0.4660440946620221 -1.730671298498582 0
4406 -0.462062506728923 -1.533266557131717 0
4407 0.8645830709970965 -1.729719406828391 0
4408 1.024000188741362 -1.72943086363489 0
4409 1.300532673767747 -1.658623303798111 0
4410 1.340768000829849 -1.592009828978451 0
4411 1.129984719975607 -1.527530774346762 0
4412 0.8909782185335389 -1.528370543013755 0
4413 0.705617117539169 -1.730770304538808 0
4414 -0.728066057934103 -1.735078176008489 0
4415 0.1480729997508384 -1.732380013309939 0
4416 -0.7019438979986807 -1.532626817068069 0
4417 0.1741954595970407 -1.529939741015552 0
4418 -0.9408829061562218 -1.533517310780776 0
4419 1.354959377849228 -1.724179179509697 0
4420 -1.062379696815824 -1.468190895989212 0
4421 -1.221210294827161 -1.468381929020188 0
4422 1.144086347026103 -1.797889348943891 0
4423 1.420387909725552 -1.593528168488627 0
4424 1.103563948758811 -1.729072841508483 0
4425 0.985359856354604 -1.798027027855886 0
4426 0.9440215571312145 -1.729338748094882 0
4427 0.8266261331099629 -1.798179746515709 0
4428 0.7850612106475454 -1.73022755355374 0
4429 0.668910651214387 -1.79932561156972 0
4430 0.588677610504704 -1.798614208776216 0
4431 -1.34009622209484 -1.532416598222705 0
4432 -1.259125873615032 -1.535023796065273 0
4433 0.5460449556947208 -1.730960771359479 0
4434 0.4297925924770792 -1.798613004604598 0
4435 -1.177692356749911 -1.536932223601314 0
4436 -1.098294977048275 -1.536522260228637 0
4437 0.3865865288263007 -1.73113697719598 0
4438 0.2710592122016381 -1.798786120195347 0
4439 -1.018877878549405 -1.535819843026969 0
4440 -1.379380717295421 -1.463208842011667 0
4441 1.385191515636989 -1.461570801387605 0
4442 -1.436238094654961 -1.752481330937807 0
4443 1.435685260076851 -1.751907345909674 0
4444 -0.9050925987718609 -1.465909401739931 0
4445 0.227369713866794 -1.731641148767107 0
4446 0.1142323618520482 -1.800633614180122 0
4447 -0.8246218791898328 -1.466854130880356 0
4448 0.03324774903563784 -1.799353525206818 0
4449 -0.7814021516177665 -1.533178734220772 0
4450 -0.01162326699359327 -1.732493052343894 0
4451 -0.667380227671978 -1.465175699891169 0
4452 -0.1257740572080349 -1.799239888970882 0
4453 -0.5865844167155891 -1.466496942306327 0
4454 -0.1711730711902036 -1.732518587453272 0
4455 -0.5422785525288192 -1.532701136431665 0
4456 -0.2845073027882244 -1.799427352831658 0
4457 -0.4275968107228888 -1.466630462289646 0
4458 -0.3305328884767669 -1.732918064120206 0
4459 -0.4432405036232 -1.799620117010263 0
4460 -0.3827516194504995 -1.532680082717438 0
4461 -0.2688635225085967 -1.46644700825312 0
4462 -0.4898926567506229 -1.733323555261963 0
4463 -0.6019736632248278 -1.799817340540523 0
4464 -0.2233917665755841 -1.532282869434109 0
4465 -0.11013027318629 -1.466259551122988 0
4466 -0.6490015465741343 -1.733974368743988 0
4467 -0.7574043953258421 -1.802575019422936 0
4468 -0.06403190587024896 -1.531892049758707 0
4469 -0.8395696783435224 -1.800596934028505 0
4470 0.04860294616036468 -1.4660701111429 0
4471 -0.8879581799532996 -1.734944581900387 0
4472 0.09509364577916521 -1.531125340578572 0
4473 -0.9988063203636706 -1.800326379057543 0
4474 0.2042566627197972 -1.463200091487402 0
4475 -1.052982023790346 -1.732186329213272 0
4476 0.286233263538532 -1.46527645265355 0
4477 -1.145308519942054 -1.814965536850445 0
4478 -1.216432806166505 -1.722456239583561 0
4479 0.3340566773710653 -1.530268060324371 0
4480 -1.305551560185495 -1.806606301092662 0
4481 0.4454357634179584 -1.465566581521481 0
4482 0.4991041813747959 -1.532936542863572 0
4483 0.5929997948892082 -1.450687018072546 0
4484 0.6657117393986692 -1.541049497659096 0
4485 -1.445979267797182 -1.596236156089191 0
4486 0.748745114894933 -1.452114034935983 0
4487 0.821963771258001 -1.541943644482629 0
4488 0.9173463222228661 -1.462449421417432 0
4489 0.9877385871392879 -1.450736311435442 0
4490 1.060567968186718 -1.541317829832169 0
4491 1.155134181072126 -1.461987164230824 0
4492 1.22547962746778 -1.450340040788521 0
4493 1.299973834240812 -1.539480607055966 0
4494 -1.362092939959525 -1.740396539176903 0
4495 1.369398703187639 -1.649293807679269 0
4496 1.366900412593383 -1.529975638093714 0
4497 1.442945432689828 -1.456734146170483 0
4498 -1.442945432689829 -1.456734146170483 0
4499 -1.443310486832849 -1.81030306417519 0
4500 1.443310486832849 -1.81030306417519 0
4501 -0.7459008454673905 -1.931980675219466 0
4502 -1.143538697937444 -1.93507634643348 0
4503 0.3642745402491085 -1.929417553493013 0
4504 -0.1908130101818052 -1.93066795170889 0
4505 -0.5210342963605072 -2.268734556837781 0
4506 1.06539851545353 -1.935457192735986 0
4507 0.6700747439205361 -1.935709425580933 0
4508 0.1263799117508647 -1.929945558280163 0
4509 0.9063345183834999 -2.265338779804949 0
4510 0.5098430053269803 -2.266320383461879 0
4511 -0.04524488966481421 -2.267645935010702 0
4512 -0.9175253074023526 -2.269606432653167 0
4513 1.223519792196492 -2.264716294941822 0
4514 -0.3494095062143461 -1.931036822318143 0
4515 -1.07612166927376 -2.269945850760898 0
4516 -0.6796307187562518 -2.269087248587809 0
4517 -1.22291363768652 -2.263981954404074 0
4518 -0.5873042930011971 -1.931599471680756 0
4519 0.2719481606182039 -2.266895589253789 0
4520 -0.2831396188101318 -2.268195891395971 0
4521 0.8282042483625632 -1.93560756307962 0
4522 0.7477378975907227 -2.265734803835348 0
4523 -0.9837794043781922 -1.933308219231868 0
4524 1.302631578947368 -1.935037093281228 0
4525 -1.300968700209747 -1.934769866262255 0
4526 -0.03221653739442051 -1.930304166920682 0
4527 0.1133516244726837 -2.267273166358701 0
4528 1.06493118295068 -2.264937786797911 0
4529 0.5228709284922203 -1.929072294670025 0
4530 -1.422860876678215 -2.137603394580089 0
4531 1.430345553765819 -2.144795224288127 0
4532 1.435513774854511 -1.981011264113537 0
4533 -1.429116054041269 -1.988665774747889 0
4534 1.381557198080355 -2.270077571001583 0
4535 -1.385010215815133 -2.272809325655537 0
4536 1.302735797359659 -2.265390143690271 0
4537 1.263030309220172 -2.195685012065443 0
4538 1.183381668358766 -2.195698158280026 0
4539 1.222893387654688 -2.126518195014035 0
4540 1.142924321955243 -2.126691422777979 0
4541 1.182583904883202 -2.057423471655599 0
4542 1.10259665030096 -2.060164178300955 0
4543 1.062905249885483 -2.127469706158616 0
4544 1.022596067709766 -2.060995394086684 0
4545 0.9829018023829296 -2.127827720242044 0
4546 0.9425850565188552 -2.059064211929583 0
4547 0.9028999529808728 -2.127810317076689 0
4548 0.8625938083363174 -2.061235681041911 0
4549 0.8229009738250356 -2.128263515201739 0
4550 0.7825959988660196 -2.061917915925158 0
4551 0.7429020708232843 -2.12869754440244 0
4552 0.7025967004206874 -2.062259828269897 0
4553 0.6629051645550645 -2.129557990150884 0
4554 0.6225978947430618 -2.062705011646843 0
4555 0.5829032107235232 -2.129316599942808 0
4556 0.5425978962478775 -2.062889280053728 0
4557 0.5029034471104531 -2.129551870004096 0
4558 0.4625984976712201 -2.063203993493242 0
4559 0.4229073788021483 -2.13059210970619 0
4560 0.3825993561753517 -2.063574652299468 0
4561 0.3429045581321578 -2.130161171549198 0
4562 0.3025995909224273 -2.063809396102492 0
4563 0.2629046889197241 -2.130373262851688 0
4564 0.2225911804082206 -2.062160582316721 0
4565 0.182903264047834 -2.130246418710759 0
4566 0.1425984018450723 -2.063917519558959 0
4567 0.102904791916713 -2.130762891255795 0
4568 0.06260042183741289 -2.064541211551656 0
4569 0.02290536031748856 -2.131070323199439 0
4570 -0.01739910468094939 -2.064827963326908 0
4571 -0.05709390426072379 -2.131414144180739 0
4572 -0.0973983414223264 -2.065177849147819 0
4573 -0.1370883333577959 -2.132811477268209 0
4574 -0.1773972672880492 -2.065595465818952 0
4575 -0.2170922583903076 -2.132139919434708 0
4576 -0.2573971806630362 -2.065797932653376 0
4577 -0.297092336350172 -2.132306527963014 0
4578 -0.3373971840233155 -2.065980794283352 0
4579 -0.3770858053715616 -2.13391303389489 0
4580 -0.4173955343122083 -2.066523812571812 0
4581 -0.4570906462761538 -2.13304193390562 0
4582 -0.497402173691063 -2.065260876823959 0
4583 -0.5370919978820095 -2.132931051644252 0
4584 -0.5773971670659603 -2.066535270016875 0
4585 -0.6170913198798091 -2.133262362540154 0
4586 -0.6573956578533579 -2.067047677726496 0
4587 -0.6970903935692899 -2.133647772669226 0
4588 -0.737395313170961 -2.067306367834435 0
4589 -0.7770821364973913 -2.135630344629515 0
4590 -0.8173933177705259 -2.067924701873957 0
4591 -0.8570880439083847 -2.1345268836032 0
4592 -0.8973983200755244 -2.067018437383377 0
4593 -0.9370893004196647 -2.134436719711868 0
4594 -0.9773785540896696 -2.067964137772569 0
4595 -1.017086086150572 -2.134729888045874 0
4596 -1.057394030647395 -2.068140769635616 0
4597 -1.097087568090626 -2.135052978440201 0
4598 -1.137393525518423 -2.068595122153095 0
4599 -1.177087576600702 -2.135338563818591 0
4600 -1.217393561037515 -2.068787795472034 0
4601 -1.257087022164178 -2.135663063962963 0
4602 -1.297394106765134 -2.068854365094508 0
4603 1.262590397834527 -2.059575087262069 0
4604 0.62589836584064 -2.197956934139945 0
4605 0.3869514831621808 -2.198855707429694 0
4606 -0.1705911913974339 -2.200881118761723 0
4607 -0.8611564038713433 -1.999319205689919 0
4608 -0.4629280011294664 -1.997820249194213 0
4609 -0.4095378105100254 -2.201765073678922 0
4610 0.2539120199598169 -1.995196997810514 0
4611 -0.8077821623097927 -2.203190250701708 0
4612 0.9822638874937271 -1.989108276357124 0
4613 1.222263956266774 -1.988009279763886 0
4614 -1.335854706686496 -2.136481123317918 0
4615 -1.37791940826598 -2.066022722327082 0
4616 -1.287042185731919 -2.203064427222274 0
4617 -1.138033608517346 -2.207566550573223 0
4618 -0.9686944192857176 -2.2006802173735 0
4619 0.7454465821915659 -1.989253186019363 0
4620 0.5878427757174959 -1.988653370111764 0
4621 -0.570156855770664 -2.19967887152036 0
4622 0.4147222732786418 -1.997880134368452 0
4623 0.01618382119082812 -1.998805806111027 0
4624 0.06750493446121694 -2.198198236266016 0
4625 -0.1432313693098084 -1.999229774087575 0
4626 0.2269204096829772 -2.197817724637576 0
4627 -0.3026469155900829 -1.999583038460655 0
4628 -0.701185950575011 -2.000458357323891 0
4629 0.864583070997096 -2.196386073495056 0
4630 1.024000188741361 -2.196097530301556 0
4631 1.300532673767747 -2.125289970464777 0
4632 1.340768000829848 -2.058676495645117 0
4633 1.129984719975607 -1.994197441013429 0
4634 0.8909782185335391 -1.995037209680421 0
4635 0.7056171175391684 -2.197436971205472 0
4636 -0.7280658626616179 -2.201787386927311 0
4637 0.1741954805027548 -1.996610962435338 0
4638 -0.5426456884896308 -1.998817655669331 0
4639 0.4666698258413294 -2.198179753816349 0
4640 -0.09087386829629381 -2.199839667225895 0
4641 -0.3298208415345921 -2.200591288588952 0
4642 -0.9408828997367762 -2.000185376059534 0
4643 1.354959377849228 -2.190845846176363 0
4644 -1.062379696815823 -1.934857562655874 0
4645 1.144086347026103 -2.264556015610558 0
4646 -1.22121029482716 -1.93504859568685 0
4647 1.420387909725552 -2.060194835155294 0
4648 1.10356394875881 -2.195739508175149 0
4649 0.9853598563546035 -2.264693694522552 0
4650 0.9440215571312138 -2.196005414761547 0
4651 0.8266261331099625 -2.264846413182375 0
4652 0.7850612106475447 -2.196894220220405 0
4653 0.6689106512143865 -2.265992278236385 0
4654 0.5886776105047036 -2.265280875442881 0
4655 -1.340096222094765 -1.999083264905699 0
4656 -1.259125873614038 -2.001690462948219 0
4657 0.5461492442246049 -2.19776773613466 0
4658 0.4311914208094677 -2.266574522435546 0
4659 -1.17769235674991 -2.003598890267969 0
4660 0.3506362199205815 -2.265600079248077 0
4661 -1.098294977031902 -2.003188930462173 0
4662 -1.018877877779199 -2.002486677499165 0
4663 0.3070442534059709 -2.198283922495004 0
4664 1.385191515636988 -1.928237468054272 0
4665 -1.379380717295408 -1.929875508681054 0
4666 -1.436238094654964 -2.219147997604469 0
4667 1.435685260076851 -2.218574012576341 0
4668 0.1916925035324057 -2.265533737195458 0
4669 -0.905092591681929 -1.932577613098458 0
4670 -0.8246218719881533 -1.933522366585511 0
4671 0.1475462546856384 -2.198305362404051 0
4672 0.03295919987078714 -2.265717222766296 0
4673 -0.781275617140564 -2.000085279087863 0
4674 -0.0116405279287232 -2.198980921441514 0
4675 -0.6656968255857917 -1.933562543000809 0
4676 -0.1234867459457219 -2.267860686852243 0
4677 -0.6219375970951581 -1.999670162569693 0
4678 -0.204793453088246 -2.266355627204026 0
4679 -0.5089007164016279 -1.931477894351478 0
4680 -0.2504216165951472 -2.200078395558066 0
4681 -0.4278901750059279 -1.932956167162549 0
4682 -0.361205852160002 -2.268399822129494 0
4683 -0.442834584028149 -2.266695505404384 0
4684 -0.3829445527125578 -1.998983480665121 0
4685 -0.268863511740195 -1.933116021044413 0
4686 -0.4896243651379182 -2.200474498831887 0
4687 -0.6019736936733657 -2.266477373347579 0
4688 -0.2233915424621628 -1.99899836396231 0
4689 -0.1101302511627859 -1.932931016076995 0
4690 -0.6490014740518331 -2.200656835932073 0
4691 -0.7574043520247857 -2.269251120143104 0
4692 -0.06403196379657708 -1.998546095945168 0
4693 -0.8395696603710376 -2.267267516382232 0
4694 0.04860291866137462 -1.932730786570997 0
4695 -0.8879581489494917 -2.201618003404279 0
4696 0.09509349263138456 -1.997758640751357 0
4697 -0.9988063198865855 -2.26699314966745 0
4698 0.2042566739653973 -1.929869208246514 0
4699 -1.052982023223919 -2.198853119288422 0
4700 0.2862332731741132 -1.931945218635882 0
4701 -1.14530851993763 -2.281632204480972 0
4702 -1.216432806140133 -2.189122911996225 0
4703 0.3340568422932432 -1.99697065878497 0
4704 -1.30555156018536 -2.273272967789084 0
4705 0.4454357813314904 -1.932237151030908 0
4706 0.4991041920376129 -1.999605532650927 0
4707 0.5929997948892084 -1.917353684739211 0
4708 0.6657117393986693 -2.00771616432576 0
4709 -1.445979267797093 -2.062902822775456 0
4710 0.7487451148949331 -1.91878070160265 0
4711 0.821963771258001 -2.008610311149294 0
4712 0.9173463222228662 -1.929116088084099 0
4713 0.9877385871392879 -1.917402978102108 0
4714 1.060567968186718 -2.007984496498835 0
4715 1.155134181072125 -1.928653830897491 0
4716 1.22547962746778 -1.917006707455188 0
4717 1.299973834240812 -2.006147273722633 0
4718 -1.362092939958681 -2.207063206028229 0
4719 1.369398703187639 -2.115960474345936 0
4720 1.366900412593382 -1.996642304760382 0
4721 1.442945432689829 -1.92340081283715 0
4722 -1.442945432689829 -1.92340081283715 0
4723 1.443310486832849 -2.276969730841857 0
4724 -1.443310486832848 -2.276969730841855 0
4725 -0.7459008454673914 -2.398647341886142 0
4726 -1.143538697937444 -2.40174301310015 0
4727 0.3642745402491079 -2.396084220159683 0
4728 -0.1908130101818059 -2.397334618375563 0
4729 -0.5080060251039367 -2.39807735717654 0
4730 1.06539851545353 -2.402123859402653 0
4731 0.6700747439205359 -2.402376092247601 0
4732 0.126379911750864 -2.396612224946835 0
4733 0.9063345183834999 -2.732005446471617 0
4734 0.5098430053269805 -2.732987050128549 0
4735 -0.04524488966481413 -2.734312601677374 0
4736 -0.3624378504563852 -2.735043382171627 0
4737 -0.9175253074023522 -2.736273099319845 0
4738 1.223519792196492 -2.731382961608489 0
4739 -1.076121669273759 -2.736612517427577 0
4740 -0.6796307187562515 -2.735753915254485 0
4741 -1.22291363768652 -2.730648621070745 0
4742 0.271948160618204 -2.73356225592046 0
4743 0.828204248362563 -2.402274229746287 0
4744 0.7477378975907227 -2.732401470502018 0
4745 -0.9837794043781951 -2.399974885898543 0
4746 1.302631578947368 -2.401703759947894 0
4747 -1.300968700209749 -2.401436532928925 0
4748 -0.2038413814314552 -2.734680479486644 0
4749 -0.5210342963605072 -2.735401223504456 0
4750 -0.03221653739442112 -2.396970833587354 0
4751 -0.3494095062143467 -2.397703488984817 0
4752 0.1133516244726838 -2.733939833025373 0
4753 1.064931182950681 -2.731604453464579 0
4754 0.5228709284922198 -2.395738961336695 0
4755 -1.422860876678211 -2.604270061246772 0
4756 1.430345553765819 -2.611461890954794 0
4757 -1.42911605404127 -2.45533244141456 0
4758 1.435513774854511 -2.447677930780204 0
4759 1.381557198080355 -2.73674423766825 0
4760 -1.385010215815129 -2.739475992322212 0
4761 1.302735797359659 -2.732056810356938 0
4762 1.263030309220172 -2.66235167873211 0
4763 1.183381668358766 -2.662364824946693 0
4764 1.222893387654688 -2.593184861680702 0
4765 1.142924321955243 -2.593358089444647 0
4766 1.182583904883201 -2.524090138322266 0
4767 1.102596650300959 -2.526830844967623 0
4768 1.062905249885483 -2.594136372825285 0
4769 1.022596067709765 -2.527662060753353 0
4770 0.9829018023829296 -2.594494386908714 0
4771 0.942585056518854 -2.525730878596253 0
4772 0.9028999529808722 -2.594476983743359 0
4773 0.8625938083363163 -2.527902347708581 0
4774 0.8229009738250351 -2.594930181868409 0
4775 0.7825959988660187 -2.528584582591829 0
4776 0.7429020708232839 -2.595364211069112 0
4777 0.7025967004206862 -2.528926494936569 0
4778 0.6629051645550639 -2.596224656817556 0
4779 0.6225978947430606 -2.529371678313516 0
4780 0.5829032107235228 -2.595983266609481 0
4781 0.5425978962478762 -2.529555946720401 0
4782 0.5029034471104527 -2.596218536670769 0
4783 0.4625984976712189 -2.529870660159915 0
4784 0.4229073788021478 -2.597258776372865 0
4785 0.3825993561753506 -2.530241318966143 0
4786 0.3429045581321574 -2.596827838215873 0
4787 0.3025995909224262 -2.530476062769167 0
4788 0.2629046889197237 -2.597039929518364 0
4789 0.2225911804082194 -2.528827248983398 0
4790 0.1829032640478336 -2.596913085377435 0
4791 0.1425984018450712 -2.530584186225636 0
4792 0.1029047919167126 -2.597429557922472 0
4793 0.06260042183741177 -2.531207878218334 0
4794 0.02290536031748816 -2.597736989866116 0
4795 -0.01739910468095052 -2.531494629993586 0
4796 -0.05709390426072422 -2.598080810847418 0
4797 -0.09739834142232753 -2.531844515814497 0
4798 -0.1370936550192267 -2.598318707134044 0
4799 -0.1773981542316221 -2.532068893018824 0
4800 -0.2170930205058075 -2.598640543077355 0
4801 -0.2573974555062158 -2.532404718904916 0
4802 -0.2970927760961964 -2.598877386632548 0
4803 -0.3373973031215171 -2.532621512881318 0
4804 -0.3770921481890928 -2.599197783249299 0
4805 -0.4173966112981645 -2.532955835008329 0
4806 -0.4570918829100686 -2.599439173648563 0
4807 -0.4973964794426217 -2.533168156272674 0
4808 -0.5370912549462552 -2.59975958262065 0
4809 -0.5773957910313438 -2.533501735006898 0
4810 -0.6170909667180807 -2.600005972979014 0
4811 -0.6574008480617606 -2.532583547423384 0
4812 -0.6970911997437357 -2.600138797136307 0
4813 -0.7373963125681036 -2.533755294639554 0
4814 -0.777082437425989 -2.602231447619342 0
4815 -0.8173935344914841 -2.534544151284241 0
4816 -0.8570881301833105 -2.601174753447677 0
4817 -0.8973983200755261 -2.533685104050069 0
4818 -0.937089314798819 -2.601100253574857 0
4819 -0.9773785564861984 -2.534630282305309 0
4820 -1.017086088946519 -2.601395945556291 0
4821 -1.057394030872671 -2.534807387221623 0
4822 -1.097087568594163 -2.601719535400734 0
4823 -1.137393525562691 -2.535261779175303 0
4824 -1.177087576692002 -2.602005210593512 0
4825 -1.217393561043398 -2.535454460857312 0
4826 -1.257087022180374 -2.602329727100796 0
4827 -1.297394106765136 -2.535521031761212 0
4828 1.262590397834527 -2.526241753928736 0
4829 0.6258983658406396 -2.664623600806617 0
4830 0.3869514831621806 -2.665522374096367 0
4831 -0.8611564399915058 -2.46597800281387 0
4832 -0.6222260962533277 -2.465029381626993 0
4833 0.2539120199598159 -2.461863664477189 0
4834 -0.8077822268437129 -2.669842857285213 0
4835 0.9822638874937255 -2.455774943023794 0
4836 1.222263956266773 -2.454675946430553 0
4837 -1.33585470668919 -2.603147789396472 0
4838 -1.377919408266429 -2.532689388895742 0
4839 -1.287042185734164 -2.669731093398847 0
4840 -1.138033608539464 -2.674233212420574 0
4841 -0.968694422148234 -2.667346260380187 0
4842 0.745446582191565 -2.455919852686032 0
4843 0.5878427757174949 -2.455320036778434 0
4844 -0.5701566730877501 -2.66638533953402 0
4845 0.4147222732786406 -2.464546801035124 0
4846 -0.4107413299174051 -2.666002487529247 0
4847 -0.2513259289424091 -2.665625454339992 0
4848 0.01618382119082704 -2.465472472777701 0
4849 -0.09191047784379297 -2.665252679986939 0
4850 0.06750493446121689 -2.66486490293269 0
4851 -0.1432315171337381 -2.465864234176449 0
4852 0.2269204096829771 -2.664484391304249 0
4853 -0.3026469812469804 -2.466235400380023 0
4854 -0.4620625067951479 -2.466599876036733 0
4855 0.8645830709970961 -2.663052740161726 0
4856 1.024000188741362 -2.662764196968225 0
4857 1.300532673767746 -2.591956637131444 0
4858 1.340768000829848 -2.525343162311784 0
4859 1.129984719975605 -2.460864107680096 0
4860 0.8909782185335381 -2.46170387634709 0
4861 0.7056171175391683 -2.664103637872143 0
4862 -0.728066057934445 -2.668411509267385 0
4863 0.4666698258413293 -2.664846420483022 0
4864 0.1741954805027539 -2.463277629102012 0
4865 -0.7019438979992811 -2.46596015027083 0
4866 -0.9408829061562263 -2.466850644113437 0
4867 1.354959377849228 -2.65751251284303 0
4868 -1.062379696815825 -2.401524229322547 0
4869 -1.221210294827161 -2.401715262353523 0
4870 1.144086347026103 -2.731222682277225 0
4871 1.420387909725551 -2.526861501821961 0
4872 1.103563948758811 -2.662406174841817 0
4873 0.985359856354604 -2.73136036118922 0
4874 0.9440215571312141 -2.662672081428216 0
4875 0.8266261331099627 -2.731513079849043 0
4876 0.7850612106475447 -2.663560886887075 0
4877 0.6689106512143865 -2.732658944903054 0
4878 0.5886776105047034 -2.73194754210955 0
4879 -1.340096222094841 -2.465749931556042 0
4880 -1.259125873615033 -2.468357129398611 0
4881 0.5461492442246045 -2.664434402801331 0
4882 0.4311914208094677 -2.733241189102216 0
4883 -1.177692356749914 -2.47026555693465 0
4884 0.3506362199205815 -2.732266745914747 0
4885 -1.098294977048276 -2.469855593561971 0
4886 -1.018877878549408 -2.469153176360208 0
4887 0.3070442534059707 -2.664950589161677 0
4888 1.385191515636988 -2.394904134720938 0
4889 -1.379380717295422 -2.396542175345002 0
4890 -1.43623809465496 -2.685814664271142 0
4891 1.435685260076851 -2.685240679243008 0
4892 0.1916925035324057 -2.732200403862128 0
4893 -0.9050925987718649 -2.399242735072549 0
4894 -0.8246218791898371 -2.400187464212966 0
4895 0.1475462546856383 -2.664972029070725 0
4896 0.0329591998707872 -2.732383889432967 0
4897 -0.7814021516179338 -2.466512067517934 0
4898 -0.01181329618663985 -2.665438645790584 0
4899 -0.6673802276726316 -2.398509033082221 0
4900 -0.1257740635373697 -2.732571843324402 0
4901 -0.5865844167162517 -2.399830275495427 0
4902 -0.1711730878800102 -2.665848284558229 0
4903 -0.5422785525571048 -2.466034463602544 0
4904 -0.2845073031506552 -2.732760607201835 0
4905 -0.4275968107339266 -2.39996379321826 0
4906 -0.3305328894586906 -2.666251183520758 0
4907 -0.443240503645443 -2.732953445497574 0
4908 -0.3827516199016805 -2.46601331775158 0
4909 -0.2688635226830117 -2.399780303586533 0
4910 -0.4898926568112381 -2.666656875389085 0
4911 -0.6019736632262133 -2.733150673572082 0
4912 -0.223391773497229 -2.465614694740385 0
4913 -0.110130275800108 -2.399592314980699 0
4914 -0.6490015465777459 -2.667307701290549 0
4915 -0.7574043953259101 -2.735908352741482 0
4916 -0.06403199254011971 -2.465206500221715 0
4917 -0.8395696783435449 -2.733930267356994 0
4918 0.04860291866137393 -2.399397453237667 0
4919 -0.8879581799533289 -2.668277915227462 0
4920 0.09509349263138363 -2.464425307418031 0
4921 -0.9988063203636713 -2.733659712390793 0
4922 0.2042566739653969 -2.396535874913185 0
4923 -1.052982023790347 -2.665519662546508 0
4924 0.2862332731741126 -2.398611885302552 0
4925 -1.145308519942054 -2.748298870183779 0
4926 -1.216432806166505 -2.655789572916895 0
4927 0.3340568422932423 -2.463637325451643 0
4928 -1.305551560185494 -2.739939634425999 0
4929 0.4454357813314896 -2.398903817697577 0
4930 0.4991041920376115 -2.466272199317598 0
4931 0.592999794889208 -2.38402035140588 0
4932 0.6657117393986685 -2.47438283099243 0
4933 -1.445979267797182 -2.529569489422526 0
4934 0.7487451148949328 -2.385447368269317 0
4935 0.8219637712580004 -2.475276977815964 0
4936 0.9173463222228657 -2.395782754750767 0
4937 0.9877385871392873 -2.384069644768776 0
4938 1.060567968186717 -2.474651163165504 0
4939 1.155134181072125 -2.395320497564158 0
4940 1.225479627467779 -2.383673374121854 0
4941 1.299973834240811 -2.472813940389299 0
4942 -1.362092939959525 -2.673729872510241 0
4943 1.369398703187638 -2.582627141012602 0
4944 1.366900412593381 -2.463308971427047 0
4945 1.442945432689828 -2.390067479503816 0
4946 -1.442945432689829 -2.390067479503816 0
4947 1.443310486832849 -2.743636397508523 0
4948 -1.443310486832848 -2.743636397508523 0
4949 -0.7487664579493163 -3.197708717269228 0
4950 -1.14500774686636 -3.197925611510543 0
4951 0.3552631578947368 -2.868370426614561 0
4952 -0.1929784309644206 -3.198789350019085 0
4953 -0.5125639906564915 -2.868645477912148 0
4954 1.065789473684211 -2.868370426614561 0
4955 0.5921052631578947 -2.868370426614561 0
4956 0.8289473684210527 -2.868370426614561 0
4957 0.118421052631579 -2.868370426614561 0
4958 -0.9866776869333337 -2.868617038391512 0
4959 1.220930856134813 -3.201646121852764 0
4960 -0.03947368421052633 -2.868370426614561 0
4961 -0.354486718837563 -2.868694250494034 0
4962 -0.6710526315789477 -2.868370426614561 0
4963 -0.8289473684210523 -2.868370426614561 0
4964 -1.224542501259845 -2.868395546535422 0
4965 0.9821979393340264 -3.203304596130074 0
4966 0.427111960778734 -3.202546886740115 0
4967 -0.5899698516287936 -3.1980242931777 0
4968 0.2684643718213108 -3.205059181669929 0
4969 -0.4311732670176459 -3.198334455059318 0
4970 0.6652852017500784 -3.200406885613245 0
4971 0.03061063491356897 -3.207414508389131 0
4972 -0.9077255680789114 -3.197832706310773 0
4973 1.302631578947368 -2.868370426614561 0
4974 -1.301941567776022 -3.194888675208218 0
4975 -0.1964094408606101 -2.868744587446884 0
4976 0.8236020167410396 -3.200440324084463 0
4977 1.435347347271187 -3.076885537333467 0
4978 -1.430889130617382 -2.988243292066343 0
4979 1.432642468594544 -2.916666666666667 0
4980 -1.435986344269304 -3.151991824731354 0
4981 1.375166124500228 -3.19253806165477 0
4982 -1.381749148467424 -2.864497204029814 0
4983 -1.065926488959064 -2.868658140354337 0
4984 -1.02640024401635 -2.937623290189894 0
4985 -1.106080260180264 -2.937637853534113 0
4986 -1.066566282510262 -3.00680142120605 0
4987 -1.146545067302437 -3.006640070783281 0
4988 -0.9866099499994831 -3.006978241684994 0
4989 -1.026869105689493 -3.076189857528769 0
4990 -0.946858391520749 -3.073996989663924 0
4991 -0.9066018347523178 -3.006926156441217 0
4992 -0.8668555918811235 -3.07383654307172 0
4993 -0.8265881395706349 -3.007213417959287 0
4994 -0.7868530510797048 -3.074017517552272 0
4995 -0.7465860084843126 -3.007542144986254 0
4996 -0.7068526999731725 -3.074316106666914 0
4997 -0.6665860225879551 -3.007860336180833 0
4998 -0.6268528807353045 -3.074584874229497 0
4999 -0.5865866070565675 -3.008202783177668 0
5000 -0.5468534361626248 -3.074900381899425 0
5001 -0.5065872249291057 -3.008526080864083 0
5002 -0.4668538936172677 -3.07517905128137 0
5003 -0.4265879321693044 -3.008865043517704 0
5004 -0.3868545156232949 -3.075495628529535 0
5005 -0.3465885816005664 -3.009187938743567 0
5006 -0.3068657772533592 -3.078467488920422 0
5007 -0.2665910711397882 -3.00996979381382 0
5008 -0.2268576738651822 -3.07660484939707 0
5009 -0.1865905633885212 -3.010003301647203 0
5010 -0.1468566665655004 -3.076513632690975 0
5011 -0.106590791900659 -3.010220585593942 0
5012 -0.06686778779775228 -3.079450179815757 0
5013 -0.02659311141494958 -3.010959862681429 0
5014 0.01314051019916732 -3.077538891832069 0
5015 0.05340742701048083 -3.010985679825342 0
5016 0.09314155504600009 -3.077438285267672 0
5017 0.1334072629989658 -3.011186853497495 0
5018 0.1730898668372416 -3.080382683771467 0
5019 0.2133990039540227 -3.011722324870533 0
5020 0.2530904967634599 -3.078418013093941 0
5021 0.2933964910369029 -3.011900848128958 0
5022 0.3331304126761643 -3.080076581690312 0
5023 0.3734022969792747 -3.012420668680324 0
5024 0.2536822867304425 -2.942770052878693 0
5025 0.4131318157228341 -3.080462354041547 0
5026 0.4534038840943296 -3.012582154839384 0
5027 0.4931374804077135 -3.079233743944647 0
5028 0.5334038988416067 -3.012809163236418 0
5029 0.573137833660853 -3.07932174664726 0
5030 0.6134035322847837 -3.013075303661926 0
5031 0.4936803612244275 -2.943731426468742 0
5032 0.6531303864502264 -3.081347544046246 0
5033 0.6934025680958028 -3.0134797080638 0
5034 0.7331294678126377 -3.081737533165942 0
5035 0.7734011570755426 -3.013992836541139 0
5036 0.733678435718412 -2.944692800058791 0
5037 0.8131287679065257 -3.082072534753758 0
5038 0.8534003773642549 -3.014347830127564 0
5039 0.8931281011378015 -3.082399224085781 0
5040 0.933400377719634 -3.014507991541362 0
5041 0.9731274658772424 -3.082718041814878 0
5042 1.013399319563184 -3.014932383767101 0
5043 1.05313285303566 -3.081533416921078 0
5044 1.093399613173286 -3.015019316897991 0
5045 1.133132977441213 -3.081662589910132 0
5046 1.173399779401031 -3.015138049367192 0
5047 0.9736765102123974 -2.945654173648839 0
5048 1.213125734633282 -3.083630919919582 0
5049 1.253397839787899 -3.015782485549604 0
5050 1.301190642876536 -3.081045593215062 0
5051 1.213674584706384 -2.94661554723889 0
5052 1.337334557704192 -3.00779898754063 0
5053 0.5398402003146454 -3.140444898240187 0
5054 0.1412575660039407 -3.144983643444069 0
5055 1.097940566022036 -3.142368995613188 0
5056 -0.107147398962045 -3.149172421864761 0
5057 -0.3471454734560301 -3.148211048274711 0
5058 -0.9871408816058562 -3.145646932148176 0
5059 -0.8276156316132803 -3.145497191059266 0
5060 -0.6682365728121429 -3.145813812057272 0
5061 -1.079807673760478 -3.139753099573608 0
5062 0.01368421223645729 -2.941808679288644 0
5063 -0.5088814652348218 -3.146216507732815 0
5064 -0.1463145040928659 -2.941167763561944 0
5065 -0.3063132204221894 -2.940526847835245 0
5066 -0.4663119367515204 -2.939885932108552 0
5067 -0.6263106530829204 -2.939245016383559 0
5068 -0.7863093699437933 -2.938604101093477 0
5069 -0.9467491432973991 -2.93786933350225 0
5070 -1.108970978278288 -3.07256083600406 0
5071 -1.187223032793128 -3.072572701113161 0
5072 -1.226625384980161 -3.005763911559501 0
5073 -1.266944954540046 -3.072261382383688 0
5074 -1.303680631529539 -3.006838697125818 0
5075 -1.345119285268711 -3.073626893903661 0
5076 -1.226049119111936 -3.144405109341499 0
5077 -1.264703158782805 -2.93727858706575 0
5078 1.133675226541721 -2.94629508937554 0
5079 0.893677152047735 -2.94533371578549 0
5080 0.1736829285657806 -2.942449595015343 0
5081 0.4136810030597659 -2.943410968605392 0
5082 -0.2562074938832801 -3.141425232618703 0
5083 -0.01947010207014924 -3.143507405403576 0
5084 0.6536790775537504 -2.944372342195441 0
5085 0.2210310680820354 -3.142876029400261 0
5086 -0.9078947368421052 -2.868370426614562 0
5087 1.294609973104072 -3.20110353637904 0
5088 -0.75 -2.868370426614561 0
5089 -1.145380810730011 -2.868784614463381 0
5090 0.3453222438804765 -3.201614781041262 0
5091 0.9012350656821302 -3.201754975626101 0
5092 0.7424519035741262 -3.201030455535407 0
5093 -0.866537228937601 -2.938490378792836 0
5094 1.223684210526315 -2.868335657211758 0
5095 1.289786096511315 -2.945806480363439 0
5096 1.144736842105264 -2.868240297245612 0
5097 -0.5910696189332773 -2.868847710062786 0
5098 -0.7063125729568015 -2.939564057982371 0
5099 0.9868421052631577 -2.868073227674972 0
5100 -0.4327510898070707 -2.868912848794747 0
5101 0.9078947368421051 -2.868001622367601 0
5102 1.05367272168489 -2.946760174270332 0
5103 -0.5463146012317185 -2.940390865478949 0
5104 -0.2744675284536166 -2.868973494404202 0
5105 1.42120411706033 -2.999761107742809 0
5106 -1.421964808288243 -3.072381448440355 0
5107 0.75 -2.867882534916447 0
5108 0.6710526315789477 -2.867835159863224 0
5109 -0.1173292006805328 -2.868428837896861 0
5110 -0.3863164856750522 -2.941181758605613 0
5111 0.8136737779294353 -2.946015803811205 0
5112 0.5149383896332792 -2.868565610689167 0
5113 0.04070648429922876 -2.868421875386852 0
5114 0.4359771863250326 -2.868506985253929 0
5115 0.1987839932617355 -2.868373924943648 0
5116 0.2778838446175758 -2.868480975822544 0
5117 -1.185947780502793 -2.937710339026734 0
5118 -0.2263182281783799 -2.94193721768368 0
5119 0.5736751234141708 -2.945199227198738 0
5120 -0.06631983063147909 -2.942657714510126 0
5121 0.09367870510915102 -2.943343712543112 0
5122 0.3336767638524635 -2.94430901814368 0
5123 -1.303220319296195 -2.86776420188304 0
5124 -1.356065396799078 -2.942247908272011 0
5125 0.5859010129007076 -3.204033544618799 0
5126 -1.385816872524941 -3.204010554773187 0
5127 1.384784936788677 -2.865446582573086 0
5128 1.436694481138733 -3.149161930082023 0
5129 1.368742510501435 -3.115605091817919 0
5130 -1.435904491765957 -2.914843492880116 0
5131 1.141173348100519 -3.204977649770987 0
5132 1.361397292601071 -2.933975041916865 0
5133 -1.303602275034903 -3.125647533013694 0
5134 -1.22407337096139 -3.214110545878719 0
5135 -1.149411710162038 -3.125443471508575 0
5136 -1.055062892477379 -3.204875513904276 0
5137 -0.9847227105376923 -3.216337697139312 0
5138 -0.9072392129399841 -3.127362072450772 0
5139 -0.8284004788967225 -3.21487438959452 0
5140 -0.7476648826855234 -3.12747066892099 0
5141 -0.6698156291096296 -3.214976031167506 0
5142 -0.5881588413147375 -3.127907973819342 0
5143 1.173850281349171 -3.139466709054563 0
5144 -0.511268074670989 -3.215181717860633 0
5145 -0.4281817229898121 -3.12868733817555 0
5146 -0.3530321691473667 -3.218743383164306 0
5147 1.252850164023122 -3.141246959519176 0
5148 -0.2782290725482867 -3.211993095834941 0
5149 -0.1860095328480856 -3.128501097318119 0
5150 1.062344606771805 -3.206530372189014 0
5151 -0.11528832388003 -3.219075116342651 0
5152 0.6156957231767552 -3.138022287653667 0
5153 1.014966857471151 -3.139812508178182 0
5154 -0.04837375973661796 -3.208750464222242 0
5155 0.06285020278735114 -3.144179190181686 0
5156 0.9337823486901232 -3.137999345420108 0
5157 0.1939415821349734 -3.210388228396663 0
5158 0.1130610258831883 -3.208852461899229 0
5159 0.8529109085980341 -3.136539230669834 0
5160 0.7738082734377534 -3.137069929588407 0
5161 0.2944974751128482 -3.135839719703288 0
5162 0.6940416170723621 -3.136895282185816 0
5163 0.3753486038305899 -3.136924675573498 0
5164 0.5075788620673483 -3.205892509245861 0
5165 0.4562020934499976 -3.137937783761693 0
5166 -1.37088890218466 -3.014446709066648 0
5167 -1.370869995677648 -3.133916974870035 0
5168 1.442945432689828 -2.856734146170483 0
5169 -1.442945432689829 -3.209932520496184 0
5170 -1.443310486832849 -2.856363602491477 0
5171 1.443310486832849 -3.21030306417519 0
5172 1.374675857156629 -3.056829507341066 0
5173 1.316004917959338 -3.143506719460957 0
5174 -0.7459008454673914 -3.331980675219476 0
5175 -1.143538697937444 -3.335076346433483 0
5176 0.3642745402491079 -3.329417553493017 0
5177 -0.1908130101818059 -3.330667951708896 0
5178 -0.5080060251039367 -3.331410690509872 0
5179 1.06539851545353 -3.335457192735986 0
5180 0.6700747439205359 -3.335709425580934 0
5181 0.126379911750864 -3.329945558280168 0
5182 0.9063345183834999 -3.665338779804951 0
5183 0.5098430053269805 -3.666320383461882 0
5184 -0.04524488966481413 -3.667645935010707 0
5185 -0.3624378504563852 -3.66837671550496 0
5186 -0.9175253074023522 -3.669606432653178 0
5187 1.223519792196492 -3.664716294941822 0
5188 -1.076121669273759 -3.66994585076091 0
5189 -0.6796307187562515 -3.669087248587818 0
5190 -1.22291363768652 -3.663981954404078 0
5191 0.271948160618204 -3.666895589253794 0
5192 0.828204248362563 -3.33560756307962 0
5193 0.7477378975907227 -3.665734803835351 0
5194 -0.9837794043781951 -3.333308219231876 0
5195 1.302631578947368 -3.335037093281227 0
5196 -1.300968700209749 -3.334769866262258 0
5197 1.064931182950681 -3.664937786797912 0
5198 -0.2038413814314552 -3.668013812819977 0
5199 -0.5210342963605072 -3.668734556837789 0
5200 0.5228709284922198 -3.329072294670028 0
5201 -0.03221653739442112 -3.330304166920687 0
5202 -0.3494095062143467 -3.33103682231815 0
5203 0.1133516244726838 -3.667273166358706 0
5204 -1.422860876678211 -3.537603394580105 0
5205 1.430345553765819 -3.544795224288127 0
5206 -1.42911605404127 -3.388665774747893 0
5207 1.435513774854511 -3.381011264113537 0
5208 1.381557198080355 -3.670077571001583 0
5209 -1.385010215815129 -3.672809325655545 0
5210 1.302735797359659 -3.665390143690271 0
5211 1.263030309220172 -3.595685012065443 0
5212 1.183381668358766 -3.595698158280026 0
5213 1.222893387654688 -3.526518195014035 0
5214 1.142924321955243 -3.52669142277798 0
5215 1.182583904883201 -3.457423471655599 0
5216 1.102596650300959 -3.460164178300956 0
5217 1.062905249885483 -3.527469706158618 0
5218 1.022596067709765 -3.460995394086686 0
5219 0.9829018023829296 -3.527827720242047 0
5220 0.942585056518854 -3.459064211929586 0
5221 0.9028999529808722 -3.527810317076693 0
5222 0.8625938083363163 -3.461235681041914 0
5223 0.8229009738250351 -3.528263515201743 0
5224 0.7825959988660187 -3.461917915925162 0
5225 0.7429020708232839 -3.528697544402445 0
5226 0.7025967004206862 -3.462259828269902 0
5227 0.6629051645550639 -3.529557990150889 0
5228 0.6225978947430606 -3.462705011646849 0
5229 0.5829032107235228 -3.529316599942814 0
5230 0.5425978962478762 -3.462889280053735 0
5231 0.5029034471104527 -3.529551870004102 0
5232 0.4625984976712189 -3.463203993493249 0
5233 0.4229073788021478 -3.530592109706198 0
5234 0.3825993561753506 -3.463574652299476 0
5235 0.3429045581321574 -3.530161171549206 0
5236 0.3025995909224262 -3.4638093961025 0
5237 0.2629046889197237 -3.530373262851697 0
5238 0.2225911804082194 -3.462160582316731 0
5239 0.1829032640478336 -3.530246418710768 0
5240 0.1425984018450712 -3.463917519558969 0
5241 0.1029047919167126 -3.530762891255805 0
5242 0.06260042183741177 -3.464541211551667 0
5243 0.02290536031748816 -3.531070323199449 0
5244 -0.01739910468095052 -3.464827963326919 0
5245 -0.05709390426072422 -3.531414144180751 0
5246 -0.09739834142232753 -3.46517784914783 0
5247 -0.1370936550192267 -3.531652040467377 0
5248 -0.1773981542316221 -3.465402226352158 0
5249 -0.2170930205058075 -3.531973876410688 0
5250 -0.2573974555062158 -3.465738052238249 0
5251 -0.2970927760961964 -3.532210719965881 0
5252 -0.3373973031215171 -3.465954846214651 0
5253 -0.3770921481890928 -3.532531116582632 0
5254 -0.4173966112981645 -3.466289168341662 0
5255 -0.4570918829100686 -3.532772506981896 0
5256 -0.4973964794426217 -3.466501489606007 0
5257 -0.5370912549462552 -3.533092915953983 0
5258 -0.5773957910313438 -3.466835068340231 0
5259 -0.6170909667180807 -3.533339306312347 0
5260 -0.6574008480617606 -3.465916880756717 0
5261 -0.6970911997437357 -3.533472130469641 0
5262 -0.7373963125681036 -3.467088627972887 0
5263 -0.777082437425989 -3.535564780952675 0
5264 -0.8173935344914841 -3.467877484617574 0
5265 -0.8570881301833105 -3.534508086781011 0
5266 -0.8973983200755261 -3.467018437383402 0
5267 -0.937089314798819 -3.53443358690819 0
5268 -0.9773785564861984 -3.467963615638642 0
5269 -1.017086088946519 -3.534729278889624 0
5270 -1.057394030872671 -3.468140720554956 0
5271 -1.097087568594163 -3.535052868734067 0
5272 -1.137393525562691 -3.468595112508636 0
5273 -1.177087576692002 -3.535338543926845 0
5274 -1.217393561043398 -3.468787794190645 0
5275 -1.257087022180374 -3.535663060434129 0
5276 -1.297394106765136 -3.468854365094546 0
5277 1.262590397834527 -3.459575087262069 0
5278 0.6258983658406396 -3.59795693413995 0
5279 0.3869514831621806 -3.598855707429701 0
5280 -0.8611564399915058 -3.399311336147203 0
5281 -0.6222260962533277 -3.398362714960327 0
5282 0.2539120199598159 -3.395196997810522 0
5283 -0.8077822268437129 -3.603176190618546 0
5284 0.9822638874937255 -3.389108276357127 0
5285 1.222263956266773 -3.388009279763886 0
5286 -1.33585470668919 -3.536481122729805 0
5287 -1.377919408266429 -3.466022722229075 0
5288 -1.287042185734164 -3.603064426732181 0
5289 -1.138033608539464 -3.607566545753907 0
5290 -0.968694422148234 -3.600679593713521 0
5291 0.745446582191565 -3.389253186019365 0
5292 0.5878427757174949 -3.388653370111768 0
5293 -0.5701566730877501 -3.599718672867354 0
5294 0.4147222732786406 -3.397880134368457 0
5295 -0.4107413299174051 -3.59933582086258 0
5296 -0.2513259289424091 -3.598958787673325 0
5297 0.01618382119082704 -3.398805806111034 0
5298 -0.09191047784379297 -3.598586013320273 0
5299 0.06750493446121689 -3.598198236266023 0
5300 -0.1432315171337381 -3.399197567509782 0
5301 0.2269204096829771 -3.597817724637582 0
5302 -0.3026469812469804 -3.399568733713356 0
5303 -0.4620625067951479 -3.399933209370066 0
5304 0.8645830709970961 -3.596386073495059 0
5305 1.024000188741362 -3.596097530301558 0
5306 1.300532673767746 -3.525289970464777 0
5307 1.340768000829848 -3.458676495645117 0
5308 1.129984719975605 -3.394197441013429 0
5309 0.8909782185335381 -3.395037209680423 0
5310 0.7056171175391683 -3.597436971205476 0
5311 -0.728066057934445 -3.601744842600719 0
5312 0.4666698258413293 -3.598179753816355 0
5313 0.1741954805027539 -3.396610962435346 0
5314 -0.7019438979992811 -3.399293483604163 0
5315 -0.9408829061562263 -3.40018397744677 0
5316 1.354959377849228 -3.590845846176363 0
5317 -1.062379696815825 -3.33485756265588 0
5318 -1.221210294827161 -3.335048595686856 0
5319 1.144086347026103 -3.664556015610558 0
5320 1.420387909725551 -3.460194835155294 0
5321 1.103563948758811 -3.59573950817515 0
5322 0.985359856354604 -3.664693694522553 0
5323 0.9440215571312141 -3.596005414761549 0
5324 0.8266261331099627 -3.664846413182376 0
5325 0.7850612106475447 -3.596894220220408 0
5326 0.6689106512143865 -3.665992278236388 0
5327 0.5886776105047034 -3.665280875442883 0
5328 -1.340096222094841 -3.399083264889375 0
5329 -1.259125873615033 -3.401690462731944 0
5330 0.5461492442246045 -3.597767736134664 0
5331 0.4311914208094677 -3.666574522435549 0
5332 -1.177692356749914 -3.403598890267983 0
5333 0.3506362199205815 -3.66560007924808 0
5334 -1.098294977048276 -3.403188926895304 0
5335 -1.018877878549408 -3.402486509693541 0
5336 0.3070442534059707 -3.59828392249501 0
5337 1.385191515636988 -3.328237468054271 0
5338 -1.379380717295422 -3.329875508678335 0
5339 1.435685260076851 -3.618574012576341 0
5340 -1.43623809465496 -3.619147997604475 0
5341 0.1916925035324057 -3.665533737195461 0
5342 -0.9050925987718649 -3.332576068405882 0
5343 -0.8246218791898371 -3.333520797546299 0
5344 0.1475462546856383 -3.598305362404058 0
5345 0.0329591998707872 -3.6657172227663 0
5346 -0.7814021516179338 -3.399845400851267 0
5347 -0.01181329618663985 -3.598771979123917 0
5348 -0.6673802276726316 -3.331842366415554 0
5349 -0.1257740635373697 -3.665905176657735 0
5350 -0.5865844167162517 -3.33316360882876 0
5351 -0.1711730878800102 -3.599181617891563 0
5352 -0.5422785525571048 -3.399367796935878 0
5353 -0.2845073031506552 -3.666093940535168 0
5354 -0.4275968107339266 -3.333297126551593 0
5355 -0.3305328894586906 -3.599584516854091 0
5356 -0.443240503645443 -3.666286778830907 0
5357 -0.3827516199016805 -3.399346651084913 0
5358 -0.2688635226830117 -3.333113636919867 0
5359 -0.4898926568112381 -3.599990208722418 0
5360 -0.6019736632262133 -3.666484006905415 0
5361 -0.223391773497229 -3.398948028073718 0
5362 -0.110130275800108 -3.332925648314032 0
5363 -0.6490015465777459 -3.600641034623882 0
5364 -0.7574043953259101 -3.669241686074815 0
5365 -0.06403199254011971 -3.398539833555048 0
5366 -0.8395696783435449 -3.667263600690327 0
5367 0.04860291866137393 -3.332730786571001 0
5368 -0.8879581799533289 -3.601611248560795 0
5369 0.09509349263138363 -3.397758640751364 0
5370 -0.9988063203636713 -3.666993045724126 0
5371 0.2042566739653969 -3.329869208246518 0
5372 -1.052982023790347 -3.598852995879841 0
5373 0.2862332731741126 -3.331945218635886 0
5374 -1.145308519942054 -3.681632203517113 0
5375 -1.216432806166505 -3.589122906250228 0
5376 0.3340568422932423 -3.396970658784976 0
5377 -1.305551560185494 -3.673272967759332 0
5378 0.4454357813314896 -3.33223715103091 0
5379 0.4991041920376115 -3.399605532650931 0
5380 0.592999794889208 -3.317353684739213 0
5381 0.6657117393986685 -3.407716164325763 0
5382 -1.445979267797182 -3.462902822755859 0
5383 0.7487451148949328 -3.31878070160265 0
5384 0.8219637712580004 -3.408610311149297 0
5385 0.9173463222228657 -3.3291160880841 0
5386 0.9877385871392873 -3.317402978102109 0
5387 1.060567968186717 -3.407984496498837 0
5388 1.155134181072125 -3.328653830897491 0
5389 1.225479627467779 -3.317006707455187 0
5390 1.299973834240811 -3.406147273722632 0
5391 -1.362092939959525 -3.607063205843574 0
5392 1.369398703187638 -3.515960474345936 0
5393 1.366900412593381 -3.39664230476038 0
5394 1.442945432689828 -3.323400812837149 0
5395 -1.442945432689829 -3.323400812837149 0
5396 1.443310486832849 -3.676969730841857 0
5397 -1.443310486832848 -3.676969730841856 0
5398 -0.7502721142524199 -3.802074947444694 0
5399 -1.14559916476055 -3.802331577648946 0
5400 0.3605549407580916 -3.800914420081539 0
5401 -0.1952330095235328 -3.801975706822295 0
5402 -0.5129887259736496 -3.802167293689227 0
5403 1.060022043855342 -3.796937777763907 0
5404 0.6632418928012525 -3.795001613076419 0
5405 0.1223601379625268 -3.801360886637793 0
5406 0.9078947368421052 -4.131629573385439 0
5407 0.5131578947368423 -4.131629573385439 0
5408 -0.03878851341669753 -4.131330332714248 0
5409 -0.3552631578947367 -4.131629573385439 0
5410 -0.9091010737040697 -4.131813033651681 0
5411 1.223684210526315 -4.131629573385439 0
5412 -1.067697702360197 -4.132219696696846 0
5413 -0.6712170499087714 -4.131382961608489 0
5414 -1.226294308657777 -4.132621852433592 0
5415 0.2763157894736843 -4.131629573385439 0
5416 0.8218488028839952 -3.797453113259876 0
5417 0.75 -4.131629573385439 0
5418 -0.9874696691122503 -3.802227714213859 0
5419 1.297473838805591 -3.798681833908423 0
5420 -1.291890832035767 -3.797165546850791 0
5421 1.065789473684211 -4.13162957338544 0
5422 -0.1968657821254902 -4.131378314851895 0
5423 -0.5131578947368419 -4.13162957338544 0
5424 0.1192887614915817 -4.131280775211326 0
5425 0.5046455430814932 -3.792502888565396 0
5426 -0.03643642491238527 -3.801665544940675 0
5427 -0.3540296158440556 -3.802291282730768 0
5428 -1.431833977981266 -4.011923061924395 0
5429 1.438154195576423 -4.007951807089271 0
5430 -1.436372313733222 -3.848414534763363 0
5431 1.422149041089041 -3.856579450146393 0
5432 1.383657245994205 -4.133585967050118 0
5433 -1.382125500460692 -4.135856245348999 0
5434 -0.5919561613528979 -4.131184105322124 0
5435 -0.6316584353109113 -4.06219266309931 0
5436 -0.7113447924384468 -4.062519690211561 0
5437 -0.6718302107842087 -3.993193186709222 0
5438 -0.7518089481436352 -3.993568064411875 0
5439 -0.5918603219939175 -3.992832430858879 0
5440 -0.6321285665535865 -3.923785752811066 0
5441 -0.5521188022603314 -3.925967390816692 0
5442 -0.5118500387530295 -3.992948131053696 0
5443 -0.472115799601 -3.926136568257533 0
5444 -0.4318483907314712 -3.992741859357603 0
5445 -0.3921152328229845 -3.925970547222082 0
5446 -0.3518484480840518 -3.992466173133521 0
5447 -0.3121155754601699 -3.925683290482103 0
5448 -0.2718490787694996 -3.992124705436532 0
5449 -0.232115974609889 -3.92541253223156 0
5450 -0.1918496782934338 -3.991809029207496 0
5451 -0.1521165689443609 -3.925101154574938 0
5452 -0.111850417236758 -3.991462902650111 0
5453 -0.7909094253604422 -4.062616266001162 0
5454 -0.8317335533087747 -3.993638512207424 0
5455 -0.07211705306199337 -3.924819368716715 0
5456 -0.03185104897045486 -3.991144612005292 0
5457 0.007882333072564822 -3.924505717390636 0
5458 0.04814822727873725 -3.990803616289147 0
5459 0.08788182287429108 -3.924218077459775 0
5460 0.1281475937303315 -3.990485205105744 0
5461 0.167881204359619 -3.923903430365163 0
5462 0.2081468924006922 -3.990149889521097 0
5463 0.247869794033724 -3.920894715121658 0
5464 0.288144445901211 -3.989378912474171 0
5465 0.327877981639948 -3.922778445446116 0
5466 0.368145731979032 -3.989539740054358 0
5467 0.4078791326970631 -3.922905566521322 0
5468 0.4481448993959678 -3.989171663689504 0
5469 0.4084210543417198 -4.058191320711331 0
5470 -0.7921309836902772 -3.926859671762332 0
5471 -0.8721407927421391 -3.925221966250931 0
5472 -0.9118167496660262 -3.994096372888446 0
5473 -0.952144906485716 -3.927567697212158 0
5474 -0.9918314386767301 -3.994660509376557 0
5475 -1.032147447992174 -3.928304099348161 0
5476 -1.07183371787952 -3.995128690398477 0
5477 -1.112148073495404 -3.928668326427601 0
5478 -1.151834317066307 -3.995368730420295 0
5479 -1.19214768497456 -3.929020462122583 0
5480 -1.231833759540419 -3.995718850885926 0
5481 -1.272147375739952 -3.92929536706939 0
5482 0.4878788333238103 -3.922670601124742 0
5483 0.5281442828463561 -3.988857518153698 0
5484 0.5678784905416046 -3.922424799114585 0
5485 0.6081445059494888 -3.988752984218987 0
5486 0.647878091324951 -3.922164908771747 0
5487 0.6881432351999031 -3.988275523696891 0
5488 0.7278698862593651 -3.9199563600393 0
5489 0.7681412280071489 -3.987614216912233 0
5490 0.6484191288357046 -4.057229947121276 0
5491 0.8078688626212589 -3.919540588626502 0
5492 0.8481403211427923 -3.987227596991989 0
5493 0.8878742891357005 -3.920735038471901 0
5494 0.9281406465275808 -3.98714859673728 0
5495 0.9678746544666856 -3.920666010417758 0
5496 1.008140381912429 -3.986922308423992 0
5497 1.047867227957772 -3.918651821198709 0
5498 1.088138672168192 -3.986335256926367 0
5499 1.12787243815303 -3.919792268949594 0
5500 1.168138897547847 -3.986231291309785 0
5501 1.207872621352064 -3.919677773328903 0
5502 1.248138537754069 -3.985981242528005 0
5503 1.287865240563031 -3.917674997657474 0
5504 -1.308113423119616 -3.994469327909775 0
5505 0.9345770333071239 -3.859547858340064 0
5506 1.173763122555019 -3.858735468197508 0
5507 -1.350418136501008 -3.927772050774031 0
5508 0.2075900849785506 -3.851148035998569 0
5509 1.324127929737815 -3.983265669691726 0
5510 -0.8324907650374411 -3.855417482616742 0
5511 1.288413994152998 -4.054666284214462 0
5512 1.128415277823675 -4.055307199941166 0
5513 -0.5924040395005997 -3.854353067851824 0
5514 0.9684165614943506 -4.055948115667869 0
5515 -0.4328782286042601 -3.85449726266982 0
5516 0.8084178451650279 -4.056589031394572 0
5517 -0.273499681217183 -3.854185731315593 0
5518 -0.6850743736299649 -3.860241868302391 0
5519 -1.069714711414183 -3.855770476632513 0
5520 1.364316627859411 -3.920009604118802 0
5521 -1.227188571095086 -3.855377140675272 0
5522 -0.1141446197634164 -3.853783486048959 0
5523 0.1684229798477347 -4.059152694301385 0
5524 0.04521037089677529 -3.853374392899078 0
5525 0.008424263518410887 -4.059793610028088 0
5526 -0.1515744528110423 -4.060434525754685 0
5527 -0.3115731691735872 -4.0610754414541 0
5528 0.4414966924796072 -3.85115230627846 0
5529 -1.26900581844036 -4.064226145288778 0
5530 -0.4715718940077017 -4.061716350194915 0
5531 -1.1098576618328 -4.063329295474573 0
5532 -0.9504382814360939 -4.062872016182348 0
5533 -0.7142327363941743 -3.927860324322245 0
5534 -0.924094181755915 -3.861440096565016 0
5535 0.3284216961770582 -4.058511778574683 0
5536 0.568419770671043 -4.057550404984627 0
5537 0.2979771569993243 -3.858099518818969 0
5538 -0.551795291915958 -4.061917678201161 0
5539 0.6144016310022739 -3.859611966733226 0
5540 -0.4342105263157893 -4.131629573385439 0
5541 0.7400658657981838 -3.798395351416457 0
5542 -0.75 -4.13162957338544 0
5543 -0.2754667855942846 -4.131167570239646 0
5544 -0.391574662631846 -4.060862966097473 0
5545 -0.1171560234680536 -4.131111905700687 0
5546 -0.2315767630791846 -4.060018018615395 0
5547 1.302631578947368 -4.131998377632373 0
5548 0.04112753134540136 -4.131058675977044 0
5549 -1.423733313859224 -3.928431728451827 0
5550 -0.8299038492639614 -4.131325168320612 0
5551 1.144736842105264 -4.132117465083529 0
5552 -0.07157871921002751 -4.059209228883478 0
5553 0.1983650388643652 -4.131567765849746 0
5554 0.9868421052631577 -4.132204030553924 0
5555 0.3564048885420932 -4.131664371630015 0
5556 1.208410620034697 -4.053984196188773 0
5557 0.4354928600470434 -4.131579634324566 0
5558 0.08841946755494066 -4.058436112284205 0
5559 0.830636577240123 -4.13145031842171 0
5560 0.5935208353669983 -4.131626075056337 0
5561 0.6726206867228388 -4.131519024177441 0
5562 1.365616415035336 -4.05235336256995 0
5563 1.048411484537114 -4.054520470414824 0
5564 0.2484177953108597 -4.057698192781038 0
5565 0.8884124792731234 -4.055089256259001 0
5566 0.4884155472144135 -4.056656287456875 0
5567 0.7284136059577261 -4.055690981856305 0
5568 -0.8706504887898945 -4.062726894875279 0
5569 -0.9887402882760172 -4.131437306218523 0
5570 -1.030481928377617 -4.062830158597612 0
5571 0.9806378534871725 -3.795522692040762 0
5572 -1.147474381169565 -4.131623915646289 0
5573 -1.189383374451205 -4.063814798358242 0
5574 -1.30351457182409 -4.134067888124227 0
5575 1.218498083117229 -3.795491313178279 0
5576 -1.357902344023725 -4.058533779027051 0
5577 -1.374414915922832 -3.806021073932419 0
5578 1.375562184193671 -3.795847176781062 0
5579 -1.436579325916671 -4.084746271298949 0
5580 1.437326486715542 -4.083333333333334 0
5581 1.434937223107979 -3.935294752648065 0
5582 -1.315028661744868 -3.864187937364582 0
5583 -1.222409397788807 -3.784308186368335 0
5584 -1.149359641147956 -3.874233596701383 0
5585 -1.066872498531081 -3.785399287032397 0
5586 -0.9931141833520478 -3.875062016794341 0
5587 -0.8981319096684781 -3.795632873679414 0
5588 -0.8277579051600887 -3.783958394081504 0
5589 -0.7548401946008555 -3.874490858889681 0
5590 -0.660326842283129 -3.795123740567596 0
5591 -0.5899860268146336 -3.783662153755063 0
5592 -0.5125011191879681 -3.872624316657019 0
5593 -0.4336635246107088 -3.785124501151296 0
5594 -0.3529276667897306 -3.872525622884073 0
5595 -0.275078777106428 -3.785023877507065 0
5596 -0.1934219708116764 -3.872091722198669 0
5597 -0.1165312318924985 -3.784818280895719 0
5598 -0.03392107875369098 -3.871629701999213 0
5599 0.04201629047359389 -3.784613498228842 0
5600 1.248828167108148 -3.861998701922542 0
5601 0.1261847242143525 -3.870800964672076 0
5602 0.200200570904005 -3.781033211921302 0
5603 0.2746263716853163 -3.787809114950942 0
5604 0.5823588522116441 -3.796687706606838 0
5605 1.009069232169607 -3.862968761980905 0
5606 0.3671571809148069 -3.871170051429282 0
5607 0.4350236457901542 -3.782247256318413 0
5608 1.332699183269816 -3.858465294089116 0
5609 0.5304374420270574 -3.861835591064228 0
5610 1.140092224010196 -3.793792632444092 0
5611 0.6891794166313835 -3.864298017477947 0
5612 1.090437620035341 -3.861269137873322 0
5613 0.7700815952127897 -3.863090949769742 0
5614 0.9023157029069457 -3.794053799473155 0
5615 0.8509386218064802 -3.862055959072236 0
5616 -1.373396629624508 -3.985860451259849 0
5617 -1.378313088587182 -3.873402887865343 0
5618 1.443752771372332 -3.786040880941047 0
5619 -1.442945432689828 -3.790067479503816 0
5620 -1.443310486832849 -4.143636397508524 0
5621 1.445167916142211 -4.145164060413993 0
5622 1.385114626804277 -3.973781360808124 0
5623 -0.75 -4.268370426614561 0
5624 -1.144901260435087 -4.268617038391511 0
5625 0.3552631578947368 -4.268370426614561 0
5626 -0.1973684210526315 -4.268370426614561 0
5627 -0.5124727239430134 -4.26866966728575 0
5628 1.065789473684211 -4.268370426614561 0
5629 0.6710526315789475 -4.268370426614561 0
5630 0.118421052631579 -4.268370426614561 0
5631 0.9032505709129738 -4.600689098319227 0
5632 -0.3513240725637866 -4.598639113362195 0
5633 -0.9866729364999645 -4.597832706310773 0
5634 0.5067600303626636 -4.603198669938844 0
5635 1.220442239756747 -4.601230668997281 0
5636 -0.04833673350748377 -4.607414508389128 0
5637 -0.6689172200498466 -4.5980242931777 0
5638 -0.8277138263703694 -4.597708717269228 0
5639 -1.223955115287412 -4.597925611510543 0
5640 0.2688665393243287 -4.602445489834785 0
5641 0.8289473684210527 -4.268370426614561 0
5642 0.7450938913376995 -4.60074954925686 0
5643 -0.9078947368421051 -4.268370426614561 0
5644 1.302631578947368 -4.268370426614561 0
5645 -1.302631578947368 -4.268370426614561 0
5646 1.061846435052647 -4.600952464886314 0
5647 -0.1925275317720546 -4.598938176142864 0
5648 -0.5101206354386986 -4.598334455059317 0
5649 0.5131578947368423 -4.268370426614561 0
5650 -0.03947368421052633 -4.268370426614561 0
5651 -0.3543954490347342 -4.268719224788672 0
5652 0.1102593919135182 -4.604981942401477 0
5653 -1.426768162263482 -4.472085974050429 0
5654 1.435511305420405 -4.476942524901748 0
5655 1.432642468594544 -4.316666666666667 0
5656 -1.429731725343448 -4.324429882917213 0
5657 1.375380100399566 -4.592572032287597 0
5658 -1.376620309987809 -4.597994058962671 0
5659 -1.065652458409357 -4.268658140354336 0
5660 -1.10535674678906 -4.337623290189892 0
5661 -1.185033718169088 -4.337631003206974 0
5662 -1.14551618825122 -4.406800279484859 0
5663 -1.06555926369913 -4.406978051398127 0
5664 -1.225493873538104 -4.406638738775225 0
5665 -1.105817221210297 -4.476189635527425 0
5666 -1.025806208671527 -4.473996920949222 0
5667 -0.9855496021747578 -4.406926113274289 0
5668 -0.9458031015906958 -4.473836524424781 0
5669 -0.9055355980400064 -4.407213407656976 0
5670 -0.8658004580568983 -4.474017512727397 0
5671 -0.8255333983394429 -4.407542142465056 0
5672 -0.7858000783925957 -4.474316105442568 0
5673 -0.7455333962477503 -4.407860335556576 0
5674 -0.7058002516958767 -4.474584873921397 0
5675 -0.6655334257214296 -4.408065217816667 0
5676 -0.6258007133808996 -4.474877454287907 0
5677 -0.5855345395650575 -4.408512573331048 0
5678 -0.6252586633373594 -4.339565474245302 0
5679 -0.5458012378736744 -4.475172978757277 0
5680 -0.5055352405113289 -4.408850025237221 0
5681 -0.4658018700037357 -4.475492113395437 0
5682 -0.4255359788416691 -4.409195128382271 0
5683 -0.3858023856760348 -4.475781351783127 0
5684 -0.3455366157323344 -4.409514490546628 0
5685 -0.3058030056600877 -4.476096423784034 0
5686 -0.2655373178639137 -4.409850035445815 0
5687 -0.2258035390386298 -4.47638982369639 0
5688 -0.1855379516724928 -4.410168498156638 0
5689 -0.1458041614600423 -4.47670543937582 0
5690 -0.1055386305103093 -4.410498195511363 0
5691 -0.0658047175411433 -4.477004490563729 0
5692 -0.02553926422035449 -4.410816625510702 0
5693 0.01419465627010678 -4.477321042670503 0
5694 0.05446007920999094 -4.411140761795748 0
5695 0.09419407666997115 -4.477625964155484 0
5696 0.134459445291467 -4.411459243332985 0
5697 0.1741862794997523 -4.479732685581427 0
5698 0.2144584296089292 -4.411873028720333 0
5699 0.2541853201362725 -4.480132411426125 0
5700 0.2944568693524441 -4.412422761977494 0
5701 0.3341907370483027 -4.478940358734466 0
5702 0.3744570842381428 -4.412529347313976 0
5703 0.4141906287967482 -4.479127612313904 0
5704 0.4544567113163782 -4.412782673377051 0
5705 0.2547342764740486 -4.34309051074203 0
5706 0.4941773016670288 -4.482614837246169 0
5707 0.5344540000842386 -4.413619737118506 0
5708 0.5741876396636656 -4.480194281044209 0
5709 0.6144549023654249 -4.413554720493493 0
5710 0.6541888283358976 -4.480057769528806 0
5711 0.6944548229674359 -4.413734771045656 0
5712 0.7341816784207639 -4.482002909654875 0
5713 0.7744532708002232 -4.4142824848886 0
5714 0.8141807561788608 -4.482393368438037 0
5715 0.8544524305084789 -4.414652485568517 0
5716 0.8941800733634502 -4.482724056599473 0
5717 0.9344523751103511 -4.41482654477602 0
5718 0.9741794311839795 -4.483044600372312 0
5719 1.014451365352353 -4.415238851147328 0
5720 0.9747284999560041 -4.345974631512167 0
5721 1.054178745527205 -4.48337599785411 0
5722 1.094450654892998 -4.415576440365077 0
5723 1.134178067101362 -4.483705590200604 0
5724 1.174450461126746 -4.415785041902332 0
5725 1.214177407505506 -4.484030481813761 0
5726 1.254449633118051 -4.416151976231737 0
5727 1.302057996505354 -4.481350585510552 0
5728 1.214726574449989 -4.346936005102211 0
5729 1.338004562185625 -4.408097448928192 0
5730 0.380964262222753 -4.540500000048968 0
5731 0.6203500018319923 -4.541054263158391 0
5732 0.7347304254620177 -4.345013257922121 0
5733 0.574731709132695 -4.344372342195424 0
5734 -1.066088250026912 -4.545646932148175 0
5735 0.4147329928033719 -4.343731426468727 0
5736 -0.9065630257264281 -4.545497187706149 0
5737 -0.7471839430243229 -4.54581381183835 0
5738 -1.158755166698156 -4.539753062573384 0
5739 0.01473620198006365 -4.342129137151984 0
5740 -0.5878288171748141 -4.546212364856298 0
5741 -0.1452625143492596 -4.341488221425286 0
5742 -0.305261230678583 -4.340847305698589 0
5743 -0.428473838282966 -4.546625215676483 0
5744 -0.465259947007907 -4.340206389971892 0
5745 -0.2691189072683744 -4.547040446462331 0
5746 -0.1118505650463322 -4.548630131521189 0
5747 -0.8652567383648477 -4.338604101093478 0
5748 0.06101006465394457 -4.540240864803291 0
5749 -1.025702991999553 -4.337876144920422 0
5750 -1.187919154491156 -4.472560380548924 0
5751 -1.266170775481918 -4.47257240320263 0
5752 -1.30557305541494 -4.405763639906405 0
5753 -1.343344119117483 -4.47259996953646 0
5754 -1.302645899431829 -4.545236737366 0
5755 -1.383239495324858 -4.400981443638799 0
5756 -1.343978437249212 -4.333928099324187 0
5757 -0.7052580215039758 -4.339245016383558 0
5758 1.134727216285326 -4.346615547238863 0
5759 0.1747349183093869 -4.342770052878681 0
5760 0.8947291417913426 -4.345654173648818 0
5761 1.290664880027904 -4.346033551711344 0
5762 0.9811173095902381 -4.601660456213425 0
5763 0.822360904430696 -4.601370596853023 0
5764 1.226201522472087 -4.269214392711695 0
5765 -0.9868421052631576 -4.268370426614561 0
5766 1.294886244784358 -4.601157207711783 0
5767 0.1869666541299318 -4.60148693836179 0
5768 -0.8289473684210519 -4.268370426614561 0
5769 -1.223868795902755 -4.268516931405746 0
5770 1.139946843329536 -4.602021472338972 0
5771 -0.9454848997209858 -4.338490671984429 0
5772 1.147448273907575 -4.269252047448314 0
5773 -0.6703487577744919 -4.26858990800773 0
5774 0.9868421052631577 -4.268152803426806 0
5775 -0.7852599413778559 -4.33956405798237 0
5776 -0.5908231221850743 -4.268885392161521 0
5777 1.054725064491629 -4.346992493169623 0
5778 0.907894736842105 -4.26807322767496 0
5779 -0.4325566791809147 -4.268941324022949 0
5780 0.75 -4.267938040345208 0
5781 1.421473032261491 -4.399941496061389 0
5782 -0.5452629297363455 -4.340790771116514 0
5783 -0.2753191716619507 -4.268432234150243 0
5784 0.8147260255669384 -4.346271880835197 0
5785 0.5921052631578945 -4.267835159863215 0
5786 -0.1172795298905245 -4.268414210095454 0
5787 0.4359910212122262 -4.268592859085129 0
5788 -0.3852647429713775 -4.341563887715783 0
5789 0.0407977631259464 -4.268435559867297 0
5790 0.2779137136465051 -4.268484198476835 0
5791 0.6547268255864136 -4.345751704182458 0
5792 0.1989445992444872 -4.268432895427718 0
5793 -1.265209298191426 -4.338016146356416 0
5794 -0.225266415215458 -4.342301807218949 0
5795 0.4947277549931156 -4.34519922719873 0
5796 -0.06526794834168879 -4.343004997230349 0
5797 0.3347288154871707 -4.344614025462902 0
5798 0.09473065580985555 -4.343673917107816 0
5799 0.4275618776556689 -4.604569742710567 0
5800 0.6656029058863431 -4.604317961774647 0
5801 1.384898572182972 -4.265534612430203 0
5802 -1.379572642574102 -4.264509463173168 0
5803 -1.437326486715543 -4.55 0
5804 1.436860323060758 -4.549170895661902 0
5805 1.36929620293166 -4.515645791144349 0
5806 1.361719182366651 -4.334107367068726 0
5807 -1.301696896520357 -4.61489794823451 0
5808 -1.227889222278094 -4.525609639040296 0
5809 -1.134010281651203 -4.604875507737572 0
5810 -1.0636700831093 -4.616337695905971 0
5811 -0.9861867045031056 -4.527362054307821 0
5812 -0.9073478524561944 -4.614874388923897 0
5813 -0.8266122663141229 -4.527470666996739 0
5814 -0.7487629978889077 -4.614976031123723 0
5815 0.4539627628222809 -4.536092371823166 0
5816 -0.667106189065152 -4.52790255961633 0
5817 -0.5902154397958298 -4.615180889285329 0
5818 -0.5076052797547778 -4.528367425548963 0
5819 1.253299489006223 -4.541191267436393 0
5820 -0.431667919783406 -4.615386423486266 0
5821 1.175000578679299 -4.540146463721348 0
5822 -0.3481044418902499 -4.528836510213634 0
5823 0.6957610449260062 -4.5380685899929 0
5824 1.09395986532455 -4.538097542077588 0
5825 -0.2731204181103168 -4.615590213860145 0
5826 1.014632379302572 -4.538484456914913 0
5827 -0.1890209409170867 -4.529540803439719 0
5828 0.9339617907950051 -4.537296406938928 0
5829 -0.1179113871178057 -4.617663229877303 0
5830 -0.02603025498436122 -4.533387954023659 0
5831 0.8547488836896886 -4.537760043276622 0
5832 0.02930830608277841 -4.603226433825148 0
5833 0.7739635401769808 -4.536539230669825 0
5834 0.1355641665783682 -4.535440378164231 0
5835 0.5885557500503906 -4.608463462676543 0
5836 0.2165131147500463 -4.536640996616877 0
5837 0.3016638552294066 -4.542158889630051 0
5838 0.5368738713553144 -4.538776149350037 0
5839 0.3482638083702718 -4.603834575926284 0
5840 -1.448816305705304 -4.394444444444445 0
5841 -1.375207443145115 -4.529680428370166 0
5842 1.447718734471293 -4.25199581137493 0
5843 -1.442945432689829 -4.256734146170484 0
5844 -1.443310486832848 -4.610303064175189 0
5845 1.443310486832849 -4.610303064175191 0
5846 1.316677167440794 -4.543679928178559 0
5847 1.375092836005095 -4.457134696469577 0
5848 -0.9765682781040678 -5.013226262576472 0
5849 -1.180613789672525 -5.078214934271202 0
5850 0.9723277989094019 -5.008258190519862 0
5851 1.180613789672524 -5.078214934271202 0
5852 0.881357158896793 -4.964045261291038 0
5853 0.7740097241537285 -4.955746973190661 0
5854 -0.8913294904751703 -4.960710495937217 0
5855 -0.7740097241537275 -4.955746973190659 0
5856 -1.070285563400333 -4.742435941258673 0
5857 1.056528215105025 -4.732670670667027 0
5858 1.232688069659202 -4.732103730695453 0
5859 -1.227016864310817 -4.733895289794337 0
5860 -1.431000849055799 -4.939746910587877 0
5861 1.436108502257302 -4.939218256732897 0
5862 0.903503015561274 -4.729182989483892 0
5863 -0.9079893120648459 -4.736767319755619 0
5864 0.6372168182941582 -4.934870020370375 0
5865 -0.6376300178947001 -4.935268602682492 0
5866 -0.4353830248110856 -4.733778944434979 0
5867 0.4355025799664274 -4.733807813711064 0
5868 -0.2771762163088693 -4.733696362001829 0
5869 0.2771380216340832 -4.733673360885943 0
5870 -0.118421052631579 -4.735037093281228 0
5871 0.1184815040133106 -4.734637485533634 0
5872 1.065998937107413 -5.094599806459076 0
5873 -1.067106424958109 -5.099661910222811 0
5874 1.942670130280246e-15 -4.931019255954821 0
5875 0.7504715018661472 -4.729219470383677 0
5876 -0.7513708739404816 -4.732104347574127 0
5877 0.5939112305644956 -4.733930441982729 0
5878 -0.5955381336800856 -4.732510691479905 0
5879 -1.31790258263884 -5.062306229823575 0
5880 1.322383085820839 -5.071805029404953 0
5881 0.4779126137206192 -4.930968932060334 0
5882 -0.4778582606577688 -4.930937687771031 0
5883 0.3186084091470803 -4.930968932060334 0
5884 -0.3185812696425042 -4.931034815620874 0
5885 0.1592498515106943 -4.93093768777103 0
5886 -0.1593042045735373 -4.930968932060334 0
5887 1.38732275293644 -4.726403626582603 0
5888 -1.381421951731749 -4.726998229644179 0
5889 1.008494497901666 -5.041998671309628 0
5890 1.025043397079925 -4.993818070374418 0
5891 0.9784686518192378 -4.952110686519928 0
5892 1.040900416358161 -4.927079982522423 0
5893 0.9854528717311031 -4.88090531387089 0
5894 1.089349235036881 -4.979799113351508 0
5895 1.1123530068759 -4.905279090241711 0
5896 1.166356765986806 -4.960185601082924 0
5897 1.189330913630902 -4.885951402342757 0
5898 1.243920451974818 -4.940755965887221 0
5899 1.266911183906061 -4.866706544813387 0
5900 -0.9407458084091999 -4.979516484249694 0
5901 -0.9935649943275309 -4.962707228727739 0
5902 -0.9481289327132065 -4.924244354353274 0
5903 -0.8750923869984768 -4.896352548125528 0
5904 -1.012631671916125 -4.899851396358135 0
5905 -1.06056557132429 -4.952580143216836 0
5906 -1.088881982331057 -4.883187771039022 0
5907 -1.13764841279678 -4.944390792297352 0
5908 -1.168144316612406 -4.873106135834649 0
5909 -1.216753499643837 -4.934360402301079 0
5910 -1.245828367421874 -4.863901012996947 0
5911 -1.294411877294959 -4.924441142325247 0
5912 -1.31650600798152 -4.852016900950991 0
5913 -1.007803551959828 -5.051661884982931 0
5914 1.133608941090519 -4.828334953191376 0
5915 1.317662456537266 -4.922155786417346 0
5916 1.344417572824538 -4.85187140362185 0
5917 -1.106002672933977 -5.019409630013651 0
5918 -0.9558737890604353 -4.847244859931109 0
5919 -1.268499834734438 -4.997479411615075 0
5920 -1.36010567259052 -4.983353998870829 0
5921 -1.394786955510174 -5.060498343680422 0
5922 -1.118789150129367 -4.809245370566583 0
5923 -1.038884043683412 -4.823220046658108 0
5924 -0.877759035408346 -4.812294580823832 0
5925 -0.8174355507327777 -4.859662791529514 0
5926 1.289390549528968 -4.796855553421647 0
5927 -0.9868421052631579 -4.757354940795121 0
5928 0.9154969915531032 -4.917021043538265 0
5929 0.9225308968912369 -4.844048751118887 0
5930 0.8561648168365009 -4.872156910278102 0
5931 1.000979547710452 -4.802561867897683 0
5932 0.8578287746959598 -4.797591674055074 0
5933 0.7852662187855324 -4.840759820648278 0
5934 -1.114610342053464 -5.08921732451131 0
5935 1.114046342046123 -5.085071091043565 0
5936 -0.5581821101309513 -4.931947823660204 0
5937 -0.5180197004349241 -4.862587314578795 0
5938 -0.437816995037996 -4.862494245345991 0
5939 -0.599877101081739 -4.865965910316277 0
5940 -0.6769141324401066 -4.873021930832802 0
5941 -0.6371407393251871 -4.800805990917787 0
5942 0.238947248016503 -4.930946950047288 0
5943 0.1991126742841683 -4.862325701641055 0
5944 0.1191954481536581 -4.862410759486334 0
5945 0.3982605114338498 -4.930952157428838 0
5946 0.3584344052020698 -4.86237108840427 0
5947 0.5576190690702355 -4.931571094524542 0
5948 0.5177386648640038 -4.861737223652066 0
5949 0.5976934032722178 -4.863776178357859 0
5950 0.6723611262227815 -4.87260669223118 0
5951 0.07956870927439905 -4.931083238525989 0
5952 -0.07965210228676768 -4.930960544744585 0
5953 -0.03983337054936534 -4.862311270978797 0
5954 -0.2389517836095449 -4.930963138022261 0
5955 -0.1991300020986828 -4.862335883937893 0
5956 -0.3981748619114981 -4.931099878958868 0
5957 -0.1194785985116052 -4.862775472071901 0
5958 -0.2787838621751346 -4.862602286287562 0
5959 0.2787812109355213 -4.862602646504715 0
5960 0.4380865625772344 -4.862037856800293 0
5961 0.35667242803424 -4.733308562624232 0
5962 -0.1980988833218912 -4.73338020449497 0
5963 -0.515934932383513 -4.733526872772337 0
5964 0.6723742584558039 -4.732461813183486 0
5965 0.1981001940796251 -4.733309803039535 0
5966 0.03949662768651763 -4.734607597940825 0
5967 -0.03950349817844615 -4.734614568925021 0
5968 -0.3565802287953913 -4.733301618049512 0
5969 -1.303976780364115 -4.729454956775284 0
5970 -0.8307479404110506 -4.734533797807166 0
5971 1.144033851555382 -4.747349553490567 0
5972 0.5152037979887207 -4.733484930880356 0
5973 0.03968522671287257 -4.862821056723178 0
5974 -0.3582790980596681 -4.862948678115917 0
5975 -1.150812693453531 -4.737320857890374 0
5976 1.441460050762058 -5.017809229979061 0
5977 -1.436160738449374 -4.864426471441221 0
5978 1.425281601438607 -4.856100184309462 0
5979 1.059508002189657 -4.856239762757079 0
5980 1.209327251561839 -4.809550289659198 0
5981 1.287422073176604 -4.999248822049044 0
5982 1.251336320149176 -5.071849295158968 0
5983 -1.251336320149176 -5.072085825320634 0
5984 0.9289154525560503 -4.978770395657092 0
5985 0.9788897124338378 -4.730228624029995 0
5986 1.438904151932322 -4.778042803495466 0
5987 -1.426435196867045 -4.785584155017485 0
5988 -0.7124431441964859 -4.80251373568427 0
5989 1.394987465065075 -5.069461061175438 0
5990 -1.187636623290172 -5.004588234728805 0
5991 0.07935724522790069 -4.798675340450111 0
5992 -0.0001146247015095872 -4.798648737649425 0
5993 -0.0798899791085369 -4.79886259087862 0
5994 0.1590521976245172 -4.798932216164145 0
5995 -0.1590665897850631 -4.798932016033274 0
5996 0.721297654268771 -4.806362845420185 0
5997 0.827556477212312 -4.72839585933326 0
5998 -0.239006109961677 -4.799054238257508 0
5999 0.2389930761918772 -4.799043781190338 0
6000 -0.318359227031274 -4.799135134719351 0
6001 0.3183723728091855 -4.799350223099711 0
6002 -1.196440806169581 -4.802119367700619 0
6003 -0.3977942750050121 -4.799512838731906 0
6004 -0.6730996923833559 -4.733544683164904 0
6005 0.3984952780062704 -4.799686644715337 0
6006 -0.4776617685983445 -4.799753307982179 0
6007 0.4776780965291359 -4.799752717655261 0
6008 -0.5598391536765726 -4.80110990784635 0
6009 0.557815091398582 -4.800085278599747 0
6010 -1.027150433245036 -5.005019160836874 0
6011 0.635908794030442 -4.801537208295864 0
6012 -0.7124224408371129 -4.949160429239362 0
6013 0.712422440837116 -4.949160429239366 0
6014 1.369076857879192 -4.986021361562839 0
6015 -0.8317491278706709 -4.957733683259539 0
6016 0.828557994505276 -4.958618198122786 0
6017 -1.370038847211604 -4.899116253938218 0
6018 -0.7504244506685671 -4.885373109599897 0
6019 1.213856112585352 -5.011501859469716 0
6020 -0.7894736842105259 -4.792703205356084 0
6021 1.027880361694442 -5.084368046931443 0
6022 1.063720594201135 -5.046599027169687 0
6023 -1.27085742352626 -4.794909163198475 0
6024 -1.059002253268617 -5.051931523308313 0
6025 1.315362433400897 -4.73079205304816 0
6026 -1.027404748172231 -5.093510499787645 0
6027 1.138566807208834 -5.026166939816192 0
6028 -1.34687421639469 -4.786612584173261 0
6029 0.7420900032841131 -4.889191214529957 0
6030 0.8062470012019836 -4.907542157433898 0
6031 1.380801835982559 -4.902882496493359 0
6032 -1.43980009816806 -5.011739060296894 0
6033 0.7923026954074095 -4.77985637607554 0
6034 -0.8044385378152844 -4.911428137358233 0
6035 1.443310486832849 -4.723030269158143 0
6036 -1.443310486832848 -4.723030269158145 0
6037 1.373599637911885 -4.793853036047932 0
6038 1.083753229371805 -4.793277368818392 0
6039 -0.9321160604491963 -4.788415425326421 0
6040 0.8612232427297343 -4.923449370137828 0
6041 -1.448202174549131 -5.079578417875635 0
6042 1.449464452354649 -5.080731456160135 0
6043 -1.379203001380847 -4.837551273104235 0
6044 0.9364942710347239 -4.782565994503233 0
6045 1.242054056016034 -5.198456293194196 0
6046 1.238710753852658 -5.528393856620027 0
6047 1.069182841359042 -5.331793497320911 0
6048 1.432574887771048 -5.405118975405729 0
6049 1.116033016272905 -5.182994672413247 0
6050 1.434203153787737 -5.252719136954095 0
6051 1.055878566153506 -5.488692725060337 0
6052 1.392586295078412 -5.535051146451867 0
6053 1.052257940782403 -5.21226748217006 0
6054 1.03060431968148 -5.172539365015208 0
6055 1.104605079838121 -5.257119255603031 0
6056 1.432091403412327 -5.327876298748224 0
6057 1.363360436291789 -5.366666666666667 0
6058 1.361234098051024 -5.458207248810109 0
6059 1.294445903225999 -5.407229072133583 0
6060 1.294294879752912 -5.328329485062893 0
6061 1.224913591673527 -5.368011047030532 0
6062 1.228199215935603 -5.285438096019648 0
6063 1.225512192245968 -5.447825351403964 0
6064 1.155888377089524 -5.408423537193441 0
6065 1.169748513941421 -5.487189745068192 0
6066 1.153384511563773 -5.320283230975135 0
6067 1.36451186163291 -5.289815497209741 0
6068 1.376662552743391 -5.205978817149272 0
6069 1.058184421619522 -5.411448728770441 0
6070 1.173302911371429 -5.232017357053681 0
6071 1.321242133938708 -5.536814242900752 0
6072 1.045066052608441 -5.270902930417607 0
6073 1.296589152915998 -5.253222560029166 0
6074 1.439220628748024 -5.485341929429987 0
6075 1.109525857422127 -5.53659119306594 0
6076 1.288229016262871 -5.475693954373686 0
6077 1.175025596471812 -5.550434958950832 0
6078 1.066178630190323 -5.166893637253036 0
6079 1.443634367871792 -5.191260750242098 0
6080 1.311145428805878 -5.187307508376892 0
6081 1.179120734621495 -5.174565966336953 0
6082 1.111379647458494 -5.368805157187456 0
6083 1.05154506613342 -5.547754725809925 0
6084 1.448928491587661 -5.547007539245552 0
6085 1.111357016855618 -5.449508759407135 0
6086 -1.242054056016034 -5.198456293194197 0
6087 -1.238710753852657 -5.528393856620028 0
6088 -1.06923505249375 -5.331865024066429 0
6089 -1.432574887771048 -5.40511897540573 0
6090 -1.116033016272905 -5.182994672413247 0
6091 -1.434203153787736 -5.252719136954096 0
6092 -1.055894705279118 -5.48869267693431 0
6093 -1.392586295078412 -5.535051146451867 0
6094 -1.052300386804822 -5.212340145123204 0
6095 -1.030606529491061 -5.172543147967787 0
6096 -1.104652026111942 -5.257196457302099 0
6097 -1.432091403412327 -5.327876298748225 0
6098 -1.363360436291788 -5.36666666666667 0
6099 -1.361234098051024 -5.45820724881011 0
6100 -1.294445903225999 -5.407229072133585 0
6101 -1.294294879752912 -5.328329485062896 0
6102 -1.224914019904532 -5.368010324347452 0
6103 -1.228199470835011 -5.285437665851149 0
6104 -1.225512192245968 -5.447825351403967 0
6105 -1.155888377089524 -5.408423537193444 0
6106 -1.169754102645558 -5.487189696942166 0
6107 -1.153399129336641 -5.320303796437724 0
6108 -1.364511861632909 -5.289815497209743 0
6109 -1.37666255274339 -5.205978817149272 0
6110 -1.058201816012234 -5.41145999085518 0
6111 -1.173310270769774 -5.232028944790961 0
6112 -1.321242133938708 -5.53681424290075 0
6113 -1.045171173714843 -5.271079883666429 0
6114 -1.296589152915997 -5.253222560029168 0
6115 -1.439220628748024 -5.485341929429988 0
6116 -1.109529885122898 -5.536591165004116 0
6117 -1.288229016262871 -5.475693954373688 0
6118 -1.175027519752794 -5.550434943713262 0
6119 -1.066187561356723 -5.166908926434181 0
6120 -1.443634367871791 -5.191260750242098 0
6121 -1.311145428805877 -5.187307508376892 0
6122 -1.179121785964116 -5.174567621727993 0
6123 -1.111382131329625 -5.368801539832567 0
6124 -1.051545066133421 -5.547754725809924 0
6125 -1.448928491587661 -5.547007539245554 0
6126 -1.11137732122716 -5.449509257466698 0
6127 1.248459414523326 -5.664004232439478 0
6128 1.2476003297647 -6.00011987302873 0
6129 1.425285498304111 -5.875628225950848 0
6130 1.067425112228952 -5.871785642072395 0
6131 1.065805312824485 -5.719370534205809 0
6132 1.429777779616551 -5.715828272660093 0
6133 1.107413704921588 -6.001717813118533 0
6134 1.392857142857142 -6.004807709253492 0
6135 1.06791000768971 -5.794540420512398 0
6136 1.136639563708211 -5.833333333333333 0
6137 1.138765901948976 -5.924873915476775 0
6138 1.205554096774002 -5.873895738800247 0
6139 1.205720973324799 -5.794968973223205 0
6140 1.275089062835332 -5.834671746029314 0
6141 1.277783161062736 -5.739724231496555 0
6142 1.344797584510182 -5.795088864223434 0
6143 1.280291907864512 -5.925152617980203 0
6144 1.349042755183736 -5.716381125795849 0
6145 1.344544872473992 -5.871657924931251 0
6146 1.135512155686822 -5.756440168711523 0
6147 1.12363780389611 -5.672671285688431 0
6148 1.432642468594544 -5.794444444444444 0
6149 1.321428571428572 -6.004807709253494 0
6150 1.177006160768715 -6.000553900536467 0
6151 1.389180217867895 -5.656590955762 0
6152 1.203505965550272 -5.719726155657713 0
6153 1.437368998315295 -5.956386503191183 0
6154 1.060779371251976 -5.952008596096653 0
6155 1.364157124807914 -5.94101690450402 0
6156 1.321428571428572 -5.654517835880903 0
6157 1.211114170834168 -5.943278468261431 0
6158 1.18871846302258 -5.653823942830043 0
6159 1.056393177141391 -5.657879707546435 0
6160 1.451759513948773 -6.016683286933379 0
6161 1.051071508412339 -6.013674205912218 0
6162 1.449395036654904 -5.650833429524312 0
6163 1.388433387367292 -5.759618872188307 0
6164 1.387142133387615 -5.831244298144025 0
6165 -1.251540585476675 -5.665227752694856 0
6166 -1.238710753852657 -5.995060523286691 0
6167 -1.432574887771048 -5.871785642072395 0
6168 -1.074645090855882 -5.792012950326503 0
6169 -1.070863151525499 -5.951946476527656 0
6170 -1.434194687175515 -5.719370534205809 0
6171 -1.108571505121851 -5.660079730162273 0
6172 -1.392586295078412 -6.001717813118533 0
6173 -1.43208999231029 -5.794540420512399 0
6174 -1.363360436291789 -5.833333333333334 0
6175 -1.361234098051024 -5.924873915476774 0
6176 -1.294445903225999 -5.873895738800247 0
6177 -1.294279026675202 -5.794968973223205 0
6178 -1.224911377724915 -5.834672461263053 0
6179 -1.220550858749273 -5.742257452016109 0
6180 -1.225512192245967 -5.914492018070627 0
6181 -1.155888377089524 -5.875090203860101 0
6182 -1.156039531410672 -5.953849598612071 0
6183 -1.15520241548982 -5.79508886422343 0
6184 -1.364487844313178 -5.756440168711523 0
6185 -1.37636219610389 -5.672671285688431 0
6186 -1.065982490705475 -5.872481564828458 0
6187 -1.321242133938708 -6.003480909567416 0
6188 -1.178571428571428 -5.661858957413172 0
6189 -1.110450567579994 -6.010028698510611 0
6190 -1.296494034449729 -5.719726155657713 0
6191 -1.439220628748024 -5.952008596096654 0
6192 -1.062857541207869 -5.710446245702316 0
6193 -1.136101902720628 -5.726186404639693 0
6194 -1.288229016262871 -5.942360621040351 0
6195 -1.172468741997236 -6.018454430748541 0
6196 -1.31128153697742 -5.653913120691222 0
6197 -1.443606822858609 -5.657879707546433 0
6198 -1.048571523551658 -5.649660750728474 0
6199 -1.448928491587661 -6.013674205912221 0
6200 -1.050643780000802 -6.015984818589073 0
6201 -1.112860476095462 -5.835455530614731 0
6202 -1.113625353892927 -5.910847603570705 0
6203 1.238710753852658 -6.138272810046637 0
6204 1.251540585476672 -6.468105580638476 0
6205 1.432574887771048 -6.261547691260937 0
6206 1.074645090855882 -6.341320383006827 0
6207 1.070863151525501 -6.181386856805672 0
6208 1.434194687175514 -6.413962799127525 0
6209 1.392586295078412 -6.1316155202148 0
6210 1.108571505121851 -6.473253603171059 0
6211 1.432089992310289 -6.338792912820935 0
6212 1.363360436291788 -6.299999999999998 0
6213 1.361234098051024 -6.208459417856557 0
6214 1.294445903225999 -6.259437594533081 0
6215 1.294279026675198 -6.338364360110124 0
6216 1.224911377724913 -6.298660872070272 0
6217 1.22055085874927 -6.391075881317218 0
6218 1.225512192245969 -6.218841315262698 0
6219 1.155888377089524 -6.258243129473218 0
6220 1.156039531410674 -6.179483734721253 0
6221 1.155202415489816 -6.338244469109891 0
6222 1.364487844313176 -6.376893164621809 0
6223 1.376362196103888 -6.460662047644901 0
6224 1.065982490705476 -6.260851768504874 0
6225 1.321242133938708 -6.129852423765915 0
6226 1.178571428571429 -6.471474375920161 0
6227 1.110450567579994 -6.123304634822719 0
6228 1.296494034449721 -6.413607177675615 0
6229 1.062857541207869 -6.422887087631016 0
6230 1.439220628748024 -6.181324737236679 0
6231 1.136101902720627 -6.407146928693636 0
6232 1.288229016262872 -6.190972712292978 0
6233 1.172468741997237 -6.114878902584788 0
6234 1.311281536977419 -6.47942021264211 0
6235 1.443606822858608 -6.475453625786898 0
6236 1.448928491587661 -6.119659127421115 0
6237 1.048571523551658 -6.48367258260486 0
6238 1.050643780000802 -6.117348514744259 0
6239 1.112860476095467 -6.297877802718588 0
6240 1.113625353892933 -6.222485729762615 0
6241 -1.251540585476673 -6.131894419361524 0
6242 -1.238710753852658 -6.461727189953362 0
6243 -1.432574887771048 -6.338452308739063 0
6244 -1.074645090855882 -6.258679616993173 0
6245 -1.434194687175514 -6.186037200872475 0
6246 -1.070863151525501 -6.418613143194326 0
6247 -1.108571505121851 -6.12674639682894 0
6248 -1.392586295078412 -6.468384479785199 0
6249 -1.432089992310289 -6.261207087179065 0
6250 -1.363360436291788 -6.300000000000002 0
6251 -1.361234098051024 -6.391540582143443 0
6252 -1.294445903225999 -6.340562405466919 0
6253 -1.294279026675198 -6.261635639889876 0
6254 -1.224911377724913 -6.301339127929728 0
6255 -1.220550858749271 -6.208924118682781 0
6256 -1.22551219224597 -6.381158684737303 0
6257 -1.155888377089524 -6.341756870526781 0
6258 -1.156039531410674 -6.420516265278746 0
6259 -1.155202415489817 -6.26175553089011 0
6260 -1.364487844313176 -6.223106835378191 0
6261 -1.376362196103888 -6.139337952355099 0
6262 -1.065982490705476 -6.339148231495126 0
6263 -1.321242133938709 -6.470147576234083 0
6264 -1.178571428571428 -6.128525624079839 0
6265 -1.110450567579994 -6.476695365177281 0
6266 -1.296494034449722 -6.186392822324385 0
6267 -1.439220628748024 -6.418675262763321 0
6268 -1.062857541207869 -6.177112912368984 0
6269 -1.136101902720627 -6.192853071306364 0
6270 -1.288229016262872 -6.409027287707022 0
6271 -1.172468741997237 -6.485121097415211 0
6272 -1.311281536977419 -6.120579787357889 0
6273 -1.443606822858608 -6.124546374213101 0
6274 -1.048571523551658 -6.116327417395141 0
6275 -1.448928491587661 -6.480340872578887 0
6276 -1.050643780000803 -6.482651485255741 0
6277 -1.112860476095468 -6.302122197281413 0
6278 -1.113625353892932 -6.377514270237383 0
6279 1.039636388196639 -6.775010070318398 0
6280 1.251540585476674 -6.597337565772811 0
6281 1.43299689222233 -6.805902524822731 0
6282 1.227899486426939 -6.932001137639492 0
6283 1.038162000311143 -6.877458075680337 0
6284 1.061763385431021 -6.648079969480648 0
6285 1.434194687175514 -6.652703867539142 0
6286 1.373661264780689 -6.930014230697992 0
6287 1.07364101132603 -6.953928572844311 0
6288 1.013719947123491 -6.964543416888584 0
6289 1.432160326385503 -6.728004345415232 0
6290 1.363360436291789 -6.766666666666667 0
6291 1.366262354863719 -6.846727097588215 0
6292 1.294830294851092 -6.807262341652368 0
6293 1.294343091946049 -6.728307851476337 0
6294 1.224992746578104 -6.768023007197326 0
6295 1.222237678177876 -6.673060918080528 0
6296 1.157399753826295 -6.727788264372296 0
6297 1.161543890995369 -6.808316705955106 0
6298 1.148695967432572 -6.65047034297372 0
6299 1.29723279962854 -6.886386423919986 0
6300 1.227177532286698 -6.848404123456938 0
6301 1.156565975240146 -6.888435124377353 0
6302 1.099118245374506 -6.848912675802511 0
6303 1.364510244204188 -6.689796191459739 0
6304 1.376365396088319 -6.606007860366748 0
6305 1.107142857142858 -6.594121942151363 0
6306 1.436073197215255 -6.882116145836356 0
6307 1.296494034449726 -6.653059488991047 0
6308 0.9729536373890293 -6.97481275077774 0
6309 1.049920119637578 -6.720049977785091 0
6310 1.04528533592878 -6.829091135154555 0
6311 1.178571428571429 -6.587851169214235 0
6312 1.146544574120408 -6.9480336921184 0
6313 1.306777677742766 -6.949636908387599 0
6314 1.028953516885517 -6.921368231702221 0
6315 1.093861081275707 -6.77178422304967 0
6316 1.311281770212436 -6.587157512413011 0
6317 1.443606822858608 -6.591213040879769 0
6318 1.10320762402683 -6.698582886843687 0
6319 1.443518671424795 -6.943386355242533 0
6320 1.051240660465684 -6.586079718972096 0
6321 1.085829774720239 -6.899996876775289 0
6322 -1.039636388196639 -6.7750100703184 0
6323 -1.251540585476673 -6.597337565772813 0
6324 -1.43299689222233 -6.805902524822731 0
6325 -1.228149122816205 -6.933158576007393 0
6326 -1.037701202537772 -6.878258992470891 0
6327 -1.061763385431022 -6.648079969480647 0
6328 -1.434194687175514 -6.652703867539142 0
6329 -1.373661264780691 -6.930014230697993 0
6330 -1.073356510253782 -6.954582806072064 0
6331 -1.013672530278116 -6.964652455759876 0
6332 -1.432160326385503 -6.728004345415233 0
6333 -1.363360436291788 -6.766666666666669 0
6334 -1.36626235486372 -6.846727097588217 0
6335 -1.294830294851093 -6.807262341652373 0
6336 -1.294343091946049 -6.72830785147634 0
6337 -1.224992746578104 -6.768023007197331 0
6338 -1.222237678177875 -6.673060918080532 0
6339 -1.157399753826295 -6.7277882643723 0
6340 -1.160399267686932 -6.809413244405351 0
6341 -1.148695967432571 -6.650470342973724 0
6342 -1.297254027212663 -6.886484845549913 0
6343 -1.227323148184998 -6.849669794773534 0
6344 -1.158484043966178 -6.8881772999147 0
6345 -1.100525678911063 -6.850894151049956 0
6346 -1.364510244204188 -6.689796191459741 0
6347 -1.376365396088319 -6.606007860366748 0
6348 -1.107142857142858 -6.594121942151363 0
6349 -1.436073197215256 -6.882116145836356 0
6350 -1.296494034449725 -6.65305948899105 0
6351 -0.9729441540199544 -6.974834558551998 0
6352 -1.049920119637578 -6.720049977785091 0
6353 -1.044649740288289 -6.832148686505501 0
6354 -1.178571428571428 -6.587851169214239 0
6355 -1.306777677742768 -6.949636908387602 0
6356 -1.02782506209227 -6.920676240788093 0
6357 -1.093807826216797 -6.772660732342333 0
6358 -1.14430345169968 -6.948046172524444 0
6359 -1.311281770212436 -6.587157512413011 0
6360 -1.443606822858608 -6.591213040879768 0
6361 -1.103465517018186 -6.697143299536657 0
6362 -1.443518671424795 -6.943386355242532 0
6363 -1.051240660465685 -6.586079718972097 0
6364 -1.086503518731878 -6.902879388056635 0
$EndNodes
$Elements
12648
1 1 2 10 5 1 63
2 1 2 10 5 63 64
3 1 2 10 5 64 65
4 1 2 10 5 65 66
5 1 2 10 5 66 67
6 1 2 10 5 67 68
7 1 2 10 5 68 69
8 1 2 10 5 69 70
9 1 2 10 5 70 71
10 1 2 10 5 71 72
11 1 2 10 5 72 73
12 1 2 10 5 73 74
13 1 2 10 5 74 75
14 1 2 10 5 75 76
15 1 2 10 5 76 77
16 1 2 10 5 77 78
17 1 2 10 5 78 79
18 1 2 10 5 79 80
19 1 2 10 5 80 81
20 1 2 10 5 81 82
21 1 2 10 5 82 83
22 1 2 10 5 83 84
23 1 2 10 5 84 85
24 1 2 10 5 85 86
25 1 2 10 5 86 87
26 1 2 10 5 87 88
27 1 2 10 5 88 89
28 1 2 10 5 89 90
29 1 2 10 5 90 91
30 1 2 10 5 91 92
31 1 2 10 5 92 93
32 1 2 10 5 93 94
33 1 2 10 5 94 95
34 1 2 10 5 95 96
35 1 2 10 5 96 97
36 1 2 10 5 97 98
37 1 2 10 5 98 99
38 1 2 10 5 99 2
39 1 2 13 6 2 100
40 1 2 13 6 100 101
41 1 2 13 6 101 102
42 1 2 13 6 102 103
43 1 2 13 6 103 104
44 1 2 13 6 104 3
45 1 2 12 8 4 142
46 1 2 12 8 142 143
47 1 2 12 8 143 144
48 1 2 12 8 144 145
49 1 2 12 8 145 146
50 1 2 12 8 146 1
51 1 2 13 9 3 147
52 1 2 13 9 147 148
53 1 2 13 9 148 149
54 1 2 13 9 149 150
55 1 2 13 9 150 151
56 1 2 13 9 151 5
57 1 2 12 11 6 189
58 1 2 12 11 189 190
59 1 2 12 11 190 191
60 1 2 12 11 191 192
61 1 2 12 11 192 193
62 1 2 12 11 193 4
63 1 2 13 12 5 194
64 1 2 13 12 194 195
65 1 2 13 12 195 196
66 1 2 13 12 196 197
67 1 2 13 12 197 198
68 1 2 13 12 198 7
69 1 2 12 14 8 236
70 1 2 12 14 236 237
71 1 2 12 14 237 238
72 1 2 12 14 238 239
73 1 2 12 14 239 240
74 1 2 12 14 240 6
75 1 2 13 15 7 241
76 1 2 13 15 241 242
77 1 2 13 15 242 243
78 1 2 13 15 243 244
79 1 2 13 15 244 245
80 1 2 13 15 245 9
81 1 2 12 17 10 283
82 1 2 12 17 283 284
83 1 2 12 17 284 285
84 1 2 12 17 285 286
85 1 2 12 17 286 287
86 1 2 12 17 287 8
87 1 2 13 18 9 288
88 1 2 13 18 288 289
89 1 2 13 18 289 290
90 1 2 13 18 290 291
91 1 2 13 18 291 292
92 1 2 13 18 292 11
93 1 2 12 20 12 330
94 1 2 12 20 330 331
95 1 2 12 20 331 332
96 1 2 12 20 332 333
97 1 2 12 20 333 334
98 1 2 12 20 334 10
99 1 2 13 21 11 335
100 1 2 13 21 335 336
101 1 2 13 21 336 337
102 1 2 13 21 337 338
103 1 2 13 21 338 339
104 1 2 13 21 339 13
105 1 2 12 23 14 377
106 1 2 12 23 377 378
107 1 2 12 23 378 379
108 1 2 12 23 379 380
109 1 2 12 23 380 381
110 1 2 12 23 381 12
111 1 2 13 24 13 382
112 1 2 13 24 382 383
113 1 2 13 24 383 384
114 1 2 13 24 384 385
115 1 2 13 24 385 386
116 1 2 13 24 386 15
117 1 2 12 26 16 424
118 1 2 12 26 424 425
119 1 2 12 26 425 426
120 1 2 12 26 426 427
121 1 2 12 26 427 428
122 1 2 12 26 428 14
123 1 2 13 27 15 429
124 1 2 13 27 429 430
125 1 2 13 27 430 431
126 1 2 13 27 431 432
127 1 2 13 27 432 433
128 1 2 13 27 433 17
129 1 2 12 29 18 471
130 1 2 12 29 471 472
131 1 2 12 29 472 473
132 1 2 12 29 473 474
133 1 2 12 29 474 475
134 1 2 12 29 475 16
135 1 2 13 30 17 476
136 1 2 13 30 476 477
137 1 2 13 30 477 478
138 1 2 13 30 478 479
139 1 2 13 30 479 480
140 1 2 13 30 480 19
141 1 2 12 32 20 518
142 1 2 12 32 518 519
143 1 2 12 32 519 520
144 1 2 12 32 520 521
145 1 2 12 32 521 522
146 1 2 12 32 522 18
147 1 2 13 33 19 523
148 1 2 13 33 523 524
149 1 2 13 33 524 525
150 1 2 13 33 525 526
151 1 2 13 33 526 527
152 1 2 13 33 527 21
153 1 2 12 35 22 565
154 1 2 12 35 565 566
155 1 2 12 35 566 567
156 1 2 12 35 567 568
157 1 2 12 35 568 569
158 1 2 12 35 569 20
159 1 2 20 50 23 570
160 1 2 20 50 570 571
161 1 2 20 50 571 572
162 1 2 20 50 572 573
163 1 2 20 50 573 574
164 1 2 20 50 574 575
165 1 2 20 50 575 576
166 1 2 20 50 576 577
167 1 2 20 50 577 578
168 1 2 20 50 578 579
169 1 2 20 50 579 580
170 1 2 20 50 580 581
171 1 2 20 50 581 582
172 1 2 20 50 582 583
173 1 2 20 50 583 584
174 1 2 20 50 584 585
175 1 2 20 50 585 586
176 1 2 20 50 586 587
177 1 2 20 50 587 588
178 1 2 20 50 588 589
179 1 2 20 50 589 590
180 1 2 20 50 590 591
181 1 2 20 50 591 24
182 1 2 20 54 25 592
183 1 2 20 54 592 593
184 1 2 20 54 593 594
185 1 2 20 54 594 595
186 1 2 20 54 595 596
187 1 2 20 54 596 597
188 1 2 20 54 597 598
189 1 2 20 54 598 599
190 1 2 20 54 599 600
191 1 2 20 54 600 601
192 1 2 20 54 601 602
193 1 2 20 54 602 603
194 1 2 20 54 603 604
195 1 2 20 54 604 605
196 1 2 20 54 605 606
197 1 2 20 54 606 607
198 1 2 20 54 607 608
199 1 2 20 54 608 609
200 1 2 20 54 609 610
201 1 2 20 54 610 611
202 1 2 20 54 611 612
203 1 2 20 54 612 613
204 1 2 20 54 613 26
205 1 2 20 56 29 28
206 1 2 20 57 30 621
207 1 2 20 57 621 622
208 1 2 20 57 622 623
209 1 2 20 57 623 624
210 1 2 20 57 624 625
211 1 2 20 57 625 626
212 1 2 20 57 626 29
213 1 2 13 59 27 633
214 1 2 13 59 633 634
215 1 2 13 59 634 635
216 1 2 13 59 635 636
217 1 2 13 59 636 637
218 1 2 13 59 637 31
219 1 2 12 61 34 645
220 1 2 12 61 645 646
221 1 2 12 61 646 647
222 1 2 12 61 647 648
223 1 2 12 61 648 649
224 1 2 12 61 649 33
225 1 2 20 63 36 656
226 1 2 20 63 656 657
227 1 2 20 63 657 658
228 1 2 20 63 658 659
229 1 2 20 63 659 660
230 1 2 20 63 660 661
231 1 2 20 63 661 35
232 1 2 20 64 32 36
233 1 2 20 65 37 662
234 1 2 20 65 662 663
235 1 2 20 65 663 664
236 1 2 20 65 664 665
237 1 2 20 65 665 666
238 1 2 20 65 666 30
239 1 2 13 67 31 673
240 1 2 13 67 673 674
241 1 2 13 67 674 675
242 1 2 13 67 675 676
243 1 2 13 67 676 677
244 1 2 13 67 677 38
245 1 2 12 68 39 678
246 1 2 12 68 678 679
247 1 2 12 68 679 680
248 1 2 12 68 680 681
249 1 2 12 68 681 682
250 1 2 12 68 682 34
251 1 2 20 70 35 689
252 1 2 20 70 689 690
253 1 2 20 70 690 691
254 1 2 20 70 691 692
255 1 2 20 70 692 693
256 1 2 20 70 693 40
257 1 2 20 71 41 694
258 1 2 20 71 694 695
259 1 2 20 71 695 696
260 1 2 20 71 696 697
261 1 2 20 71 697 698
262 1 2 20 71 698 37
263 1 2 13 73 38 705
264 1 2 13 73 705 706
265 1 2 13 73 706 707
266 1 2 13 73 707 708
267 1 2 13 73 708 709
268 1 2 13 73 709 42
269 1 2 12 74 43 710
270 1 2 12 74 710 711
271 1 2 12 74 711 712
272 1 2 12 74 712 713
273 1 2 12 74 713 714
274 1 2 12 74 714 39
275 1 2 20 76 40 721
276 1 2 20 76 721 722
277 1 2 20 76 722 723
278 1 2 20 76 723 724
279 1 2 20 76 724 725
280 1 2 20 76 725 44
281 1 2 20 77 45 726
282 1 2 20 77 726 727
283 1 2 20 77 727 728
284 1 2 20 77 728 729
285 1 2 20 77 729 41
286 1 2 20 78 24 730
287 1 2 20 78 730 731
288 1 2 20 78 731 732
289 1 2 20 78 732 733
290 1 2 20 78 733 45
291 1 2 13 80 42 743
292 1 2 13 80 743 744
293 1 2 13 80 744 745
294 1 2 13 80 745 746
295 1 2 13 80 746 747
296 1 2 13 80 747 46
297 1 2 12 81 47 748
298 1 2 12 81 748 749
299 1 2 12 81 749 750
300 1 2 12 81 750 751
301 1 2 12 81 751 752
302 1 2 12 81 752 43
303 1 2 20 83 48 762
304 1 2 20 83 762 763
305 1 2 20 83 763 764
306 1 2 20 83 764 765
307 1 2 20 83 765 23
308 1 2 20 84 44 766
309 1 2 20 84 766 767
310 1 2 20 84 767 768
311 1 2 20 84 768 769
312 1 2 20 84 769 48
313 1 2 11 85 49 770
314 1 2 11 85 770 771
315 1 2 11 85 771 50
316 1 2 13 86 50 772
317 1 2 13 86 772 773
318 1 2 13 86 773 774
319 1 2 13 86 774 775
320 1 2 13 86 775 776
321 1 2 13 86 776 777
322 1 2 13 86 777 778
323 1 2 13 86 778 779
324 1 2 13 86 779 780
325 1 2 13 86 780 781
326 1 2 13 86 781 782
327 1 2 13 86 782 783
328 1 2 13 86 783 784
329 1 2 13 86 784 785
330 1 2 13 86 785 786
331 1 2 13 86 786 787
332 1 2 13 86 787 788
333 1 2 13 86 788 789
334 1 2 13 86 789 790
335 1 2 13 86 790 791
336 1 2 13 86 791 792
337 1 2 13 86 792 793
338 1 2 13 86 793 794
339 1 2 13 86 794 795
340 1 2 13 86 795 796
341 1 2 13 86 796 797
342 1 2 13 86 797 798
343 1 2 13 86 798 799
344 1 2 13 86 799 800
345 1 2 13 86 800 801
346 1 2 13 86 801 802
347 1 2 13 86 802 803
348 1 2 13 86 803 804
349 1 2 13 86 804 805
350 1 2 13 86 805 806
351 1 2 13 86 806 807
352 1 2 13 86 807 808
353 1 2 13 86 808 809
354 1 2 13 86 809 810
355 1 2 13 86 810 811
356 1 2 13 86 811 812
357 1 2 13 86 812 813
358 1 2 13 86 813 814
359 1 2 13 86 814 815
360 1 2 13 86 815 816
361 1 2 13 86 816 817
362 1 2 13 86 817 818
363 1 2 13 86 818 819
364 1 2 13 86 819 820
365 1 2 13 86 820 821
366 1 2 13 86 821 822
367 1 2 13 86 822 823
368 1 2 13 86 823 824
369 1 2 13 86 824 825
370 1 2 13 86 825 826
371 1 2 13 86 826 827
372 1 2 13 86 827 828
373 1 2 13 86 828 829
374 1 2 13 86 829 830
375 1 2 13 86 830 831
376 1 2 13 86 831 832
377 1 2 13 86 832 833
378 1 2 13 86 833 834
379 1 2 13 86 834 835
380 1 2 13 86 835 836
381 1 2 13 86 836 837
382 1 2 13 86 837 838
383 1 2 13 86 838 839
384 1 2 13 86 839 840
385 1 2 13 86 840 841
386 1 2 13 86 841 842
387 1 2 13 86 842 843
388 1 2 13 86 843 844
389 1 2 13 86 844 845
390 1 2 13 86 845 846
391 1 2 13 86 846 847
392 1 2 13 86 847 848
393 1 2 13 86 848 849
394 1 2 13 86 849 850
395 1 2 13 86 850 851
396 1 2 13 86 851 852
397 1 2 13 86 852 853
398 1 2 13 86 853 854
399 1 2 13 86 854 855
400 1 2 13 86 855 856
401 1 2 13 86 856 857
402 1 2 13 86 857 858
403 1 2 13 86 858 859
404 1 2 13 86 859 46
405 1 2 12 87 47 860
406 1 2 12 87 860 861
407 1 2 12 87 861 862
408 1 2 12 87 862 863
409 1 2 12 87 863 864
410 1 2 12 87 864 865
411 1 2 12 87 865 866
412 1 2 12 87 866 867
413 1 2 12 87 867 868
414 1 2 12 87 868 869
415 1 2 12 87 869 870
416 1 2 12 87 870 871
417 1 2 12 87 871 872
418 1 2 12 87 872 873
419 1 2 12 87 873 874
420 1 2 12 87 874 875
421 1 2 12 87 875 876
422 1 2 12 87 876 877
423 1 2 12 87 877 878
424 1 2 12 87 878 879
425 1 2 12 87 879 880
426 1 2 12 87 880 881
427 1 2 12 87 881 882
428 1 2 12 87 882 883
429 1 2 12 87 883 884
430 1 2 12 87 884 885
431 1 2 12 87 885 886
432 1 2 12 87 886 887
433 1 2 12 87 887 888
434 1 2 12 87 888 889
435 1 2 12 87 889 890
436 1 2 12 87 890 891
437 1 2 12 87 891 892
438 1 2 12 87 892 893
439 1 2 12 87 893 894
440 1 2 12 87 894 895
441 1 2 12 87 895 896
442 1 2 12 87 896 897
443 1 2 12 87 897 898
444 1 2 12 87 898 899
445 1 2 12 87 899 900
446 1 2 12 87 900 901
447 1 2 12 87 901 902
448 1 2 12 87 902 903
449 1 2 12 87 903 904
450 1 2 12 87 904 905
451 1 2 12 87 905 906
452 1 2 12 87 906 907
453 1 2 12 87 907 908
454 1 2 12 87 908 909
455 1 2 12 87 909 910
456 1 2 12 87 910 911
457 1 2 12 87 911 912
458 1 2 12 87 912 913
459 1 2 12 87 913 914
460 1 2 12 87 914 915
461 1 2 12 87 915 916
462 1 2 12 87 916 917
463 1 2 12 87 917 918
464 1 2 12 87 918 919
465 1 2 12 87 919 920
466 1 2 12 87 920 921
467 1 2 12 87 921 922
468 1 2 12 87 922 923
469 1 2 12 87 923 924
470 1 2 12 87 924 925
471 1 2 12 87 925 926
472 1 2 12 87 926 927
473 1 2 12 87 927 928
474 1 2 12 87 928 929
475 1 2 12 87 929 930
476 1 2 12 87 930 931
477 1 2 12 87 931 932
478 1 2 12 87 932 933
479 1 2 12 87 933 934
480 1 2 12 87 934 935
481 1 2 12 87 935 936
482 1 2 12 87 936 937
483 1 2 12 87 937 938
484 1 2 12 87 938 939
485 1 2 12 87 939 940
486 1 2 12 87 940 941
487 1 2 12 87 941 942
488 1 2 12 87 942 943
489 1 2 12 87 943 944
490 1 2 12 87 944 945
491 1 2 12 87 945 946
492 1 2 12 87 946 947
493 1 2 12 87 947 49
494 1 2 12 88 33 948
495 1 2 12 88 948 949
496 1 2 12 88 949 950
497 1 2 12 88 950 951
498 1 2 12 88 951 952
499 1 2 12 88 952 22
500 1 2 20 89 26 953
501 1 2 20 89 953 954
502 1 2 20 89 954 955
503 1 2 20 89 955 956
504 1 2 20 89 956 32
505 1 2 20 90 28 957
506 1 2 20 90 957 958
507 1 2 20 90 958 959
508 1 2 20 90 959 960
509 1 2 20 90 960 25
510 1 2 13 91 21 961
511 1 2 13 91 961 962
512 1 2 13 91 962 963
513 1 2 13 91 963 964
514 1 2 13 91 964 965
515 1 2 13 91 965 27
516 1 2 21 92 51 966
517 1 2 21 92 966 967
518 1 2 21 92 967 968
519 1 2 21 92 968 969
520 1 2 21 92 969 970
521 1 2 21 92 970 971
522 1 2 21 92 971 972
523 1 2 21 92 972 973
524 1 2 21 92 973 974
525 1 2 21 92 974 975
526 1 2 21 92 975 976
527 1 2 21 92 976 977
528 1 2 21 92 977 978
529 1 2 21 92 978 979
530 1 2 21 92 979 980
531 1 2 21 92 980 981
532 1 2 21 92 981 982
533 1 2 21 92 982 983
534 1 2 21 92 983 984
535 1 2 21 92 984 985
536 1 2 21 92 985 986
537 1 2 21 92 986 987
538 1 2 21 92 987 52
539 1 2 21 93 53 988
540 1 2 21 93 988 989
541 1 2 21 93 989 990
542 1 2 21 93 990 991
543 1 2 21 93 991 51
544 1 2 21 94 52 992
545 1 2 21 94 992 993
546 1 2 21 94 993 994
547 1 2 21 94 994 995
548 1 2 21 94 995 54
549 1 2 21 95 55 996
550 1 2 21 95 996 997
551 1 2 21 95 997 998
552 1 2 21 95 998 999
553 1 2 21 95 999 1000
554 1 2 21 95 1000 1001
555 1 2 21 95 1001 1002
556 1 2 21 95 1002 1003
557 1 2 21 95 1003 1004
558 1 2 21 95 1004 1005
559 1 2 21 95 1005 1006
560 1 2 21 95 1006 1007
561 1 2 21 95 1007 1008
562 1 2 21 95 1008 1009
563 1 2 21 95 1009 1010
564 1 2 21 95 1010 1011
565 1 2 21 95 1011 1012
566 1 2 21 95 1012 1013
567 1 2 21 95 1013 1014
568 1 2 21 95 1014 1015
569 1 2 21 95 1015 1016
570 1 2 21 95 1016 1017
571 1 2 21 95 1017 53
572 1 2 21 96 54 1018
573 1 2 21 96 1018 1019
574 1 2 21 96 1019 1020
575 1 2 21 96 1020 1021
576 1 2 21 96 1021 1022
577 1 2 21 96 1022 1023
578 1 2 21 96 1023 1024
579 1 2 21 96 1024 1025
580 1 2 21 96 1025 1026
581 1 2 21 96 1026 1027
582 1 2 21 96 1027 1028
583 1 2 21 96 1028 1029
584 1 2 21 96 1029 1030
585 1 2 21 96 1030 1031
586 1 2 21 96 1031 1032
587 1 2 21 96 1032 1033
588 1 2 21 96 1033 1034
589 1 2 21 96 1034 1035
590 1 2 21 96 1035 1036
591 1 2 21 96 1036 1037
592 1 2 21 96 1037 1038
593 1 2 21 96 1038 1039
594 1 2 21 96 1039 56
595 1 2 21 97 57 1040
596 1 2 21 97 1040 1041
597 1 2 21 97 1041 1042
598 1 2 21 97 1042 1043
599 1 2 21 97 1043 55
600 1 2 21 98 56 1044
601 1 2 21 98 1044 1045
602 1 2 21 98 1045 1046
603 1 2 21 98 1046 1047
604 1 2 21 98 1047 58
605 1 2 21 99 58 1048
606 1 2 21 99 1048 1049
607 1 2 21 99 1049 1050
608 1 2 21 99 1050 1051
609 1 2 21 99 1051 1052
610 1 2 21 99 1052 1053
611 1 2 21 99 1053 1054
612 1 2 21 99 1054 1055
613 1 2 21 99 1055 1056
614 1 2 21 99 1056 1057
615 1 2 21 99 1057 1058
616 1 2 21 99 1058 1059
617 1 2 21 99 1059 1060
618 1 2 21 99 1060 1061
619 1 2 21 99 1061 1062
620 1 2 21 99 1062 1063
621 1 2 21 99 1063 1064
622 1 2 21 99 1064 1065
623 1 2 21 99 1065 1066
624 1 2 21 99 1066 1067
625 1 2 21 99 1067 1068
626 1 2 21 99 1068 1069
627 1 2 21 99 1069 57
628 2 2 6 1 2294 2296 1699
629 2 2 6 1 2322 2459 1208
630 2 2 6 1 1227 3151 3124
631 2 2 6 1 2865 3171 3026
632 2 2 6 1 2289 2692 1160
633 2 2 6 1 2270 3109 2452
634 2 2 6 1 1886 2359 2355
635 2 2 6 1 1203 2474 2308
636 2 2 6 1 3124 3205 1227
637 2 2 6 1 2285 3035 1601
638 2 2 6 1 2239 2373 2349
639 2 2 6 1 3038 3040 1473
640 2 2 6 1 2469 3079 2470
641 2 2 6 1 2241 2459 2322
642 2 2 6 1 1606 3048 1584
643 2 2 6 1 1223 3031 2692
644 2 2 6 1 1466 3099 2287
645 2 2 6 1 2349 2373 1450
646 2 2 6 1 2292 2301 1219
647 2 2 6 1 2452 3109 1190
648 2 2 6 1 1160 2693 2289
649 2 2 6 1 2355 2358 1886
650 2 2 6 1 1601 3119 2285
651 2 2 6 1 1219 2376 2292
652 2 2 6 1 1767 2432 1741
653 2 2 6 1 1585 2375 1607
654 2 2 6 1 2305 3096 1770
655 2 2 6 1 2533 2693 2544
656 2 2 6 1 2277 3311 3261
657 2 2 6 1 943 2445 942
658 2 2 6 1 1465 3039 1462
659 2 2 6 1 1967 2482 1966
660 2 2 6 1 2464 3062 1880
661 2 2 6 1 1473 3039 3038
662 2 2 6 1 1887 3079 2469
663 2 2 6 1 1200 3153 2472
664 2 2 6 1 2310 3058 1196
665 2 2 6 1 2240 3155 3125
666 2 2 6 1 2287 3128 1466
667 2 2 6 1 3070 3143 2438
668 2 2 6 1 2325 2353 1183
669 2 2 6 1 1699 2341 2294
670 2 2 6 1 2456 3194 3143
671 2 2 6 1 2384 3145 1983
672 2 2 6 1 1770 3140 2305
673 2 2 6 1 2226 2403 2367
674 2 2 6 1 3261 3311 1184
675 2 2 6 1 2268 3157 3089
676 2 2 6 1 2474 2475 2308
677 2 2 6 1 921 2354 920
678 2 2 6 1 2353 2354 1183
679 2 2 6 1 3026 3171 1195
680 2 2 6 1 1880 3186 2464
681 2 2 6 1 3048 3343 1584
682 2 2 6 1 2301 2473 1219
683 2 2 6 1 2692 3031 1160
684 2 2 6 1 3062 3140 1770
685 2 2 6 1 1613 3054 2298
686 2 2 6 1 3070 3221 3143
687 2 2 6 1 1476 3155 2350
688 2 2 6 1 2320 2456 1221
689 2 2 6 1 3045 3157 1665
690 2 2 6 1 1990 3147 1992
691 2 2 6 1 1198 3134 3102
692 2 2 6 1 2378 2379 2359
693 2 2 6 1 3079 3319 2470
694 2 2 6 1 1983 3226 2384
695 2 2 6 1 1371 3206 3141
696 2 2 6 1 784 2376 783
697 2 2 6 1 3089 3157 3045
698 2 2 6 1 2355 3190 2476
699 2 2 6 1 3143 3194 2438
700 2 2 6 1 2572 2573 1218
701 2 2 6 1 2298 2507 1613
702 2 2 6 1 2544 2693 1192
703 2 2 6 1 2357 2412 2176
704 2 2 6 1 1942 2492 1940
705 2 2 6 1 2442 2445 1234
706 2 2 6 1 2412 3017 2176
707 2 2 6 1 2355 2476 2354
708 2 2 6 1 3157 3219 1665
709 2 2 6 1 2320 2473 2301
710 2 2 6 1 2286 3192 1173
711 2 2 6 1 1234 2444 2442
712 2 2 6 1 1780 2432 1767
713 2 2 6 1 3199 3255 577
714 2 2 6 1 1698 2375 1585
715 2 2 6 1 1479 2496 1594
716 2 2 6 1 1168 3223 3165
717 2 2 6 1 2350 3291 1476
718 2 2 6 1 2321 2456 2320
719 2 2 6 1 3078 3142 1902
720 2 2 6 1 2490 3134 1198
721 2 2 6 1 942 2445 1232
722 2 2 6 1 1773 2317 2315
723 2 2 6 1 2472 3153 2323
724 2 2 6 1 3141 3206 2344
725 2 2 6 1 2338 3255 3199
726 2 2 6 1 1183 2480 2325
727 2 2 6 1 3063 3178 2160
728 2 2 6 1 3211 3243 2389
729 2 2 6 1 2367 3027 2226
730 2 2 6 1 1173 3258 2286
731 2 2 6 1 1218 3309 2572
732 2 2 6 1 1150 3162 2560
733 2 2 6 1 3037 3128 2287
734 2 2 6 1 2296 2496 1699
735 2 2 6 1 1958 2399 2398
736 2 2 6 1 3044 3328 1443
737 2 2 6 1 2893 3209 2892
738 2 2 6 1 3209 3214 2892
739 2 2 6 1 1146 3015 2846
740 2 2 6 1 2584 3240 3122
741 2 2 6 1 1462 3039 1473
742 2 2 6 1 1221 2473 2320
743 2 2 6 1 2460 3068 2461
744 2 2 6 1 1758 3072 1884
745 2 2 6 1 1757 2365 1755
746 2 2 6 1 1966 2482 2290
747 2 2 6 1 2560 3349 1150
748 2 2 6 1 2597 3222 2598
749 2 2 6 1 1967 2483 2482
750 2 2 6 1 3222 3228 2598
751 2 2 6 1 2404 3067 2348
752 2 2 6 1 2382 2489 2162
753 2 2 6 1 2379 3190 2359
754 2 2 6 1 1465 3042 3039
755 2 2 6 1 1183 2354 921
756 2 2 6 1 2285 3119 3049
757 2 2 6 1 2454 3360 1983
758 2 2 6 1 2644 3233 2643
759 2 2 6 1 2373 3142 3078
760 2 2 6 1 3233 3236 2643
761 2 2 6 1 1770 3279 3062
762 2 2 6 1 2330 3319 3079
763 2 2 6 1 2324 3030 1224
764 2 2 6 1 2486 3178 3063
765 2 2 6 1 2426 3229 1743
766 2 2 6 1 1607 2375 1759
767 2 2 6 1 1945 3017 1900
768 2 2 6 1 1163 2472 2323
769 2 2 6 1 3037 3195 1614
770 2 2 6 1 2310 3217 3058
771 2 2 6 1 2420 3147 2269
772 2 2 6 1 1250 2358 1248
773 2 2 6 1 1443 3176 3044
774 2 2 6 1 2335 3252 2309
775 2 2 6 1 3252 3257 2309
776 2 2 6 1 1231 2488 2444
777 2 2 6 1 2176 3110 2357
778 2 2 6 1 2289 2693 2533
779 2 2 6 1 1676 3196 3049
780 2 2 6 1 1940 2492 2300
781 2 2 6 1 2846 3332 1146
782 2 2 6 1 2385 3088 2174
783 2 2 6 1 2287 3195 3037
784 2 2 6 1 2327 2329 1759
785 2 2 6 1 1743 3289 2426
786 2 2 6 1 1194 2376 784
787 2 2 6 1 2432 3367 1741
788 2 2 6 1 2269 3351 2420
789 2 2 6 1 2325 2480 1240
790 2 2 6 1 3125 3155 2138
791 2 2 6 1 2324 2508 1161
792 2 2 6 1 1773 3048 1606
793 2 2 6 1 2272 3273 3210
794 2 2 6 1 2308 3339 1203
795 2 2 6 1 1156 3014 2529
796 2 2 6 1 2902 3292 2332
797 2 2 6 1 1983 3145 2454
798 2 2 6 1 3292 3296 2332
799 2 2 6 1 2298 3166 2507
800 2 2 6 1 2348 3364 2404
801 2 2 6 1 901 3277 3202
802 2 2 6 1 1973 3243 3211
803 2 2 6 1 3049 3196 2285
804 2 2 6 1 888 3353 3347
805 2 2 6 1 2929 3306 2930
806 2 2 6 1 3306 3308 2930
807 2 2 6 1 1992 3147 2423
808 2 2 6 1 2507 3166 1368
809 2 2 6 1 2350 3155 2240
810 2 2 6 1 2184 3103 2415
811 2 2 6 1 3347 3353 2561
812 2 2 6 1 1234 2445 943
813 2 2 6 1 2398 3113 1958
814 2 2 6 1 3195 3266 1614
815 2 2 6 1 2952 3020 1170
816 2 2 6 1 3165 3223 2322
817 2 2 6 1 2489 2492 2162
818 2 2 6 1 2444 2488 2442
819 2 2 6 1 1190 3109 2307
820 2 2 6 1 1371 3027 2367
821 2 2 6 1 2370 3081 3078
822 2 2 6 1 1676 3262 3196
823 2 2 6 1 1196 3164 2310
824 2 2 6 1 1699 2496 1479
825 2 2 6 1 2527 2544 1192
826 2 2 6 1 1254 2377 1252
827 2 2 6 1 1959 3072 1758
828 2 2 6 1 2449 3153 1200
829 2 2 6 1 3193 3227 1691
830 2 2 6 1 2269 3147 1990
831 2 2 6 1 2952 3171 2865
832 2 2 6 1 2357 3110 1610
833 2 2 6 1 1886 2358 1250
834 2 2 6 1 3210 3273 1182
835 2 2 6 1 3122 3240 1189
836 2 2 6 1 2430 3188 2374
837 2 2 6 1 2508 3149 1161
838 2 2 6 1 3124 3151 1237
839 2 2 6 1 2892 3214 1148
840 2 2 6 1 1900 3017 2299
841 2 2 6 1 1148 3220 2892
842 2 2 6 1 2354 2476 920
843 2 2 6 1 1248 2358 2352
844 2 2 6 1 1993 2365 1757
845 2 2 6 1 2315 3048 1773
846 2 2 6 1 3047 3259 1954
847 2 2 6 1 2182 2423 2275
848 2 2 6 1 2314 2379 2378
849 2 2 6 1 1377 3324 2291
850 2 2 6 1 1193 2556 2553
851 2 2 6 1 2291 3212 1377
852 2 2 6 1 3314 3317 2540
853 2 2 6 1 2468 3180 2469
854 2 2 6 1 1780 3161 2432
855 2 2 6 1 1594 2496 1761
856 2 2 6 1 1452 3041 1428
857 2 2 6 1 1149 3317 3314
858 2 2 6 1 1759 2375 2327
859 2 2 6 1 2461 3068 2306
860 2 2 6 1 2162 2492 1942
861 2 2 6 1 3202 3277 2331
862 2 2 6 1 3042 3094 2139
863 2 2 6 1 1959 3239 2468
864 2 2 6 1 1155 3088 2385
865 2 2 6 1 2459 3253 2300
866 2 2 6 1 783 2376 1219
867 2 2 6 1 1954 3270 3047
868 2 2 6 1 2406 3108 2138
869 2 2 6 1 2307 3159 1190
870 2 2 6 1 2415 3184 2184
871 2 2 6 1 1205 2483 2439
872 2 2 6 1 1773 2509 2317
873 2 2 6 1 2441 2445 2442
874 2 2 6 1 2133 3312 3284
875 2 2 6 1 1857 2377 1254
876 2 2 6 1 2527 3016 2526
877 2 2 6 1 2598 3228 1178
878 2 2 6 1 1170 3171 2952
879 2 2 6 1 1178 3231 2598
880 2 2 6 1 2323 3068 1163
881 2 2 6 1 2306 2463 2461
882 2 2 6 1 1992 2423 2182
883 2 2 6 1 3146 3161 1780
884 2 2 6 1 2286 3134 2490
885 2 2 6 1 3247 3251 2283
886 2 2 6 1 2131 3054 2129
887 2 2 6 1 1174 3251 3247
888 2 2 6 1 2464 3186 3028
889 2 2 6 1 3186 3223 3028
890 2 2 6 1 2239 3142 2373
891 2 2 6 1 2333 3343 3048
892 2 2 6 1 2353 2355 2354
893 2 2 6 1 1162 2471 2470
894 2 2 6 1 2353 2358 2355
895 2 2 6 1 2479 3071 1988
896 2 2 6 1 2308 2475 2159
897 2 2 6 1 3078 3081 2372
898 2 2 6 1 2162 3105 2382
899 2 2 6 1 1180 3209 2893
900 2 2 6 1 2449 3305 2284
901 2 2 6 1 2288 3207 2220
902 2 2 6 1 1619 2509 1617
903 2 2 6 1 1371 3141 3027
904 2 2 6 1 2469 3180 1887
905 2 2 6 1 2321 3194 2456
906 2 2 6 1 2277 3261 2340
907 2 2 6 1 2398 3175 3113
908 2 2 6 1 1208 3165 2322
909 2 2 6 1 1884 3072 1988
910 2 2 6 1 1172 3331 2492
911 2 2 6 1 2643 3236 1151
912 2 2 6 1 1151 3242 2643
913 2 2 6 1 2339 3199 1157
914 2 2 6 1 938 3177 2334
915 2 2 6 1 1979 3188 2430
916 2 2 6 1 2300 3331 2459
917 2 2 6 1 1233 3152 2484
918 2 2 6 1 1248 2352 1244
919 2 2 6 1 2468 3341 1959
920 2 2 6 1 2377 2378 2359
921 2 2 6 1 2342 2345 1761
922 2 2 6 1 2138 3155 2406
923 2 2 6 1 2501 3152 1233
924 2 2 6 1 1886 2377 2359
925 2 2 6 1 2597 3220 1148
926 2 2 6 1 3039 3042 2139
927 2 2 6 1 2371 3227 3193
928 2 2 6 1 1148 3222 2597
929 2 2 6 1 1473 3041 1452
930 2 2 6 1 2261 3178 2486
931 2 2 6 1 2427 3203 2426
932 2 2 6 1 2419 3272 3184
933 2 2 6 1 2482 2483 1205
934 2 2 6 1 1176 3190 2379
935 2 2 6 1 2329 3024 1759
936 2 2 6 1 2365 3383 1755
937 2 2 6 1 3277 3319 2331
938 2 2 6 1 2468 3239 3180
939 2 2 6 1 2470 2471 2467
940 2 2 6 1 2176 3017 1945
941 2 2 6 1 2922 3245 1213
942 2 2 6 1 1213 3248 2922
943 2 2 6 1 1169 3061 2568
944 2 2 6 1 3284 3312 3064
945 2 2 6 1 3203 3229 2426
946 2 2 6 1 1240 2480 1238
947 2 2 6 1 1191 2475 2474
948 2 2 6 1 3113 3175 2175
949 2 2 6 1 2159 2475 2164
950 2 2 6 1 2129 3054 2227
951 2 2 6 1 2331 3319 2330
952 2 2 6 1 2284 3377 2449
953 2 2 6 1 2644 3231 1178
954 2 2 6 1 1618 3024 1620
955 2 2 6 1 2439 2483 2183
956 2 2 6 1 2893 3375 1180
957 2 2 6 1 1988 3072 2479
958 2 2 6 1 1163 3068 2460
959 2 2 6 1 1178 3233 2644
960 2 2 6 1 3205 3391 1227
961 2 2 6 1 2078 3272 3127
962 2 2 6 1 2760 3191 2505
963 2 2 6 1 2529 3268 1156
964 2 2 6 1 3072 3341 3029
965 2 2 6 1 2334 3177 2321
966 2 2 6 1 3041 3176 1428
967 2 2 6 1 2490 3192 2286
968 2 2 6 1 3044 3176 3041
969 2 2 6 1 1227 3391 3057
970 2 2 6 1 2492 3331 2300
971 2 2 6 1 2359 3190 2355
972 2 2 6 1 3035 3036 1601
973 2 2 6 1 1195 3057 3026
974 2 2 6 1 3159 3204 1220
975 2 2 6 1 2399 2506 2397
976 2 2 6 1 2307 3204 3159
977 2 2 6 1 1252 2377 1886
978 2 2 6 1 1617 2509 1773
979 2 2 6 1 3040 3041 1473
980 2 2 6 1 2309 3257 1158
981 2 2 6 1 1158 3264 2309
982 2 2 6 1 2275 2423 2422
983 2 2 6 1 3184 3272 2184
984 2 2 6 1 2463 3140 3062
985 2 2 6 1 2378 3369 2314
986 2 2 6 1 1249 2401 1693
987 2 2 6 1 2553 3355 1193
988 2 2 6 1 2922 3242 1151
989 2 2 6 1 2406 3155 1476
990 2 2 6 1 2382 3105 1175
991 2 2 6 1 2444 3023 1231
992 2 2 6 1 1157 3335 2339
993 2 2 6 1 1151 3245 2922
994 2 2 6 1 1247 2401 1249
995 2 2 6 1 1761 2496 2342
996 2 2 6 1 3177 3194 2321
997 2 2 6 1 1217 3255 2336
998 2 2 6 1 1856 3082 1854
999 2 2 6 1 2386 2436 2388
1000 2 2 6 1 2340 3261 799
1001 2 2 6 1 1665 3219 2326
1002 2 2 6 1 2261 3246 3093
1003 2 2 6 1 2335 3248 1213
1004 2 2 6 1 1759 3024 1618
1005 2 2 6 1 1212 3275 2549
1006 2 2 6 1 2549 3269 1212
1007 2 2 6 1 1424 2409 1284
1008 2 2 6 1 1213 3252 2335
1009 2 2 6 1 1959 3341 3072
1010 2 2 6 1 1244 2352 1242
1011 2 2 6 1 2393 2502 2424
1012 2 2 6 1 3055 3056 3020
1013 2 2 6 1 1619 3074 2509
1014 2 2 6 1 830 3100 1147
1015 2 2 6 1 1295 2403 1362
1016 2 2 6 1 1283 2404 1376
1017 2 2 6 1 1265 2405 1476
1018 2 2 6 1 2345 3101 1761
1019 2 2 6 1 1958 2400 2399
1020 2 2 6 1 1172 2492 2489
1021 2 2 6 1 1284 2409 1282
1022 2 2 6 1 2417 2429 1342
1023 2 2 6 1 1226 3217 2523
1024 2 2 6 1 3160 3174 3067
1025 2 2 6 1 3057 3391 3026
1026 2 2 6 1 1291 2367 1293
1027 2 2 6 1 1279 2368 1281
1028 2 2 6 1 1273 2372 1275
1029 2 2 6 1 1261 2374 1263
1030 2 2 6 1 1376 3295 2351
1031 2 2 6 1 1678 2411 1262
1032 2 2 6 1 1478 2412 1272
1033 2 2 6 1 1357 2413 1304
1034 2 2 6 1 2380 3201 917
1035 2 2 6 1 1303 2414 1342
1036 2 2 6 1 1299 2418 1615
1037 2 2 6 1 1259 2420 1605
1038 2 2 6 1 2475 3069 2164
1039 2 2 6 1 2306 3140 2463
1040 2 2 6 1 1677 2493 1308
1041 2 2 6 1 917 3354 2380
1042 2 2 6 1 1167 3286 2900
1043 2 2 6 1 2364 2365 1993
1044 2 2 6 1 2900 3281 1167
1045 2 2 6 1 1854 3082 1880
1046 2 2 6 1 2399 3139 2506
1047 2 2 6 1 1276 2408 2360
1048 2 2 6 1 2549 3264 1158
1049 2 2 6 1 2424 2502 1147
1050 2 2 6 1 2415 2416 2414
1051 2 2 6 1 1857 2378 2377
1052 2 2 6 1 1293 2403 1295
1053 2 2 6 1 1281 2404 1283
1054 2 2 6 1 1263 2405 1265
1055 2 2 6 1 924 1238 923
1056 2 2 6 1 897 2385 896
1057 2 2 6 1 3067 3174 2348
1058 2 2 6 1 2425 2503 2428
1059 2 2 6 1 2523 3338 1226
1060 2 2 6 1 1158 3269 2549
1061 2 2 6 1 2334 3384 938
1062 2 2 6 1 892 2397 891
1063 2 2 6 1 2381 3204 2165
1064 2 2 6 1 2441 3221 3070
1065 2 2 6 1 2441 3371 2445
1066 2 2 6 1 1419 3111 1411
1067 2 2 6 1 1262 2411 1260
1068 2 2 6 1 1272 2412 1270
1069 2 2 6 1 1304 2413 1302
1070 2 2 6 1 1602 3094 3042
1071 2 2 6 1 1308 2493 1306
1072 2 2 6 1 1301 2414 1303
1073 2 2 6 1 1297 2418 1299
1074 2 2 6 1 1257 2420 1259
1075 2 2 6 1 1257 1258 1256
1076 2 2 6 1 1259 1260 1258
1077 2 2 6 1 1261 1262 1260
1078 2 2 6 1 1255 1256 1254
1079 2 2 6 1 1263 1264 1262
1080 2 2 6 1 1265 1266 1264
1081 2 2 6 1 1267 1268 1266
1082 2 2 6 1 1269 1270 1268
1083 2 2 6 1 1271 1272 1270
1084 2 2 6 1 1273 1274 1272
1085 2 2 6 1 1275 1276 1274
1086 2 2 6 1 1277 1278 1276
1087 2 2 6 1 1279 1280 1278
1088 2 2 6 1 1281 1282 1280
1089 2 2 6 1 1283 1284 1282
1090 2 2 6 1 1285 1286 1284
1091 2 2 6 1 1287 1288 1286
1092 2 2 6 1 1289 1290 1288
1093 2 2 6 1 1291 1292 1290
1094 2 2 6 1 1293 1294 1292
1095 2 2 6 1 1295 1296 1294
1096 2 2 6 1 1297 1298 1296
1097 2 2 6 1 1299 1300 1298
1098 2 2 6 1 1301 1302 1300
1099 2 2 6 1 1303 1304 1302
1100 2 2 6 1 1305 1306 1304
1101 2 2 6 1 1307 1308 1306
1102 2 2 6 1 1253 1254 1252
1103 2 2 6 1 1251 1252 1250
1104 2 2 6 1 1305 1307 1306
1105 2 2 6 1 1303 1305 1304
1106 2 2 6 1 1301 1303 1302
1107 2 2 6 1 1299 1301 1300
1108 2 2 6 1 1297 1299 1298
1109 2 2 6 1 1295 1297 1296
1110 2 2 6 1 1293 1295 1294
1111 2 2 6 1 1291 1293 1292
1112 2 2 6 1 1289 1291 1290
1113 2 2 6 1 1287 1289 1288
1114 2 2 6 1 1285 1287 1286
1115 2 2 6 1 1283 1285 1284
1116 2 2 6 1 1281 1283 1282
1117 2 2 6 1 1279 1281 1280
1118 2 2 6 1 1277 1279 1278
1119 2 2 6 1 1275 1277 1276
1120 2 2 6 1 1273 1275 1274
1121 2 2 6 1 1271 1273 1272
1122 2 2 6 1 1269 1271 1270
1123 2 2 6 1 1267 1269 1268
1124 2 2 6 1 1265 1267 1266
1125 2 2 6 1 1263 1265 1264
1126 2 2 6 1 1261 1263 1262
1127 2 2 6 1 1259 1261 1260
1128 2 2 6 1 1257 1259 1258
1129 2 2 6 1 1255 1257 1256
1130 2 2 6 1 1253 1255 1254
1131 2 2 6 1 1251 1253 1252
1132 2 2 6 1 1249 1251 1250
1133 2 2 6 1 1249 1250 1248
1134 2 2 6 1 2352 2353 2325
1135 2 2 6 1 2692 3060 1223
1136 2 2 6 1 2404 3364 1376
1137 2 2 6 1 1247 1249 1248
1138 2 2 6 1 1242 2352 2325
1139 2 2 6 1 2900 3275 1212
1140 2 2 6 1 1209 3018 2497
1141 2 2 6 1 2486 3246 2261
1142 2 2 6 1 2497 3018 2389
1143 2 2 6 1 2356 3088 1155
1144 2 2 6 1 2479 3072 3029
1145 2 2 6 1 1212 3281 2900
1146 2 2 6 1 1247 1248 1244
1147 2 2 6 1 1242 2325 1240
1148 2 2 6 1 2407 2439 2183
1149 2 2 6 1 2469 2470 2467
1150 2 2 6 1 2405 2406 1476
1151 2 2 6 1 2314 2380 2379
1152 2 2 6 1 1191 3069 2475
1153 2 2 6 1 1424 2410 2409
1154 2 2 6 1 2416 2417 1342
1155 2 2 6 1 2467 2471 1204
1156 2 2 6 1 2352 2358 2353
1157 2 2 6 1 2367 2403 1293
1158 2 2 6 1 2368 2404 1281
1159 2 2 6 1 2374 2405 1263
1160 2 2 6 1 2409 2410 2363
1161 2 2 6 1 2298 3054 2131
1162 2 2 6 1 2414 2416 1342
1163 2 2 6 1 2368 3067 2404
1164 2 2 6 1 1411 3111 1420
1165 2 2 6 1 3034 3207 2288
1166 2 2 6 1 2424 2503 2425
1167 2 2 6 1 2902 3286 1167
1168 2 2 6 1 1256 2421 1857
1169 2 2 6 1 1298 2507 1368
1170 2 2 6 1 1181 3301 2332
1171 2 2 6 1 1173 3298 3258
1172 2 2 6 1 2332 3296 1181
1173 2 2 6 1 1167 3292 2902
1174 2 2 6 1 1307 1309 1308
1175 2 2 6 1 2361 2363 2362
1176 2 2 6 1 2465 3029 2466
1177 2 2 6 1 2391 2502 2393
1178 2 2 6 1 2436 3065 2388
1179 2 2 6 1 3071 3073 1988
1180 2 2 6 1 2385 2499 896
1181 2 2 6 1 2527 3304 3016
1182 2 2 6 1 1371 2367 1291
1183 2 2 6 1 1421 2368 1279
1184 2 2 6 1 1450 2372 1273
1185 2 2 6 1 1605 2374 1261
1186 2 2 6 1 2393 2395 2394
1187 2 2 6 1 2468 2469 2467
1188 2 2 6 1 1737 3203 2427
1189 2 2 6 1 2226 3325 2403
1190 2 2 6 1 2393 2424 2395
1191 2 2 6 1 2503 2504 2428
1192 2 2 6 1 2372 3081 1275
1193 2 2 6 1 2326 3299 1665
1194 2 2 6 1 1246 1247 1244
1195 2 2 6 1 1243 1244 1242
1196 2 2 6 1 3127 3272 2419
1197 2 2 6 1 1192 3304 2527
1198 2 2 6 1 1241 1242 1240
1199 2 2 6 1 2408 2500 2360
1200 2 2 6 1 2410 3385 2319
1201 2 2 6 1 2505 3389 2760
1202 2 2 6 1 2389 3243 2497
1203 2 2 6 1 2417 2494 2429
1204 2 2 6 1 2386 2388 2387
1205 2 2 6 1 2391 2393 2392
1206 2 2 6 1 2466 2467 1204
1207 2 2 6 1 1147 3100 2503
1208 2 2 6 1 3070 3371 2441
1209 2 2 6 1 2398 2399 2397
1210 2 2 6 1 1239 1240 1238
1211 2 2 6 1 2349 3234 2350
1212 2 2 6 1 2333 3048 2265
1213 2 2 6 1 2333 3262 1676
1214 2 2 6 1 2929 3301 1181
1215 2 2 6 1 1993 2500 2364
1216 2 2 6 1 1966 1977 1871
1217 2 2 6 1 1181 3306 2929
1218 2 2 6 1 3051 3052 3050
1219 2 2 6 1 2241 2242 1910
1220 2 2 6 1 1871 2401 1247
1221 2 2 6 1 2397 2506 891
1222 2 2 6 1 3246 3339 3093
1223 2 2 6 1 1220 3204 2381
1224 2 2 6 1 1977 2401 1871
1225 2 2 6 1 3076 3086 2904
1226 2 2 6 1 2319 3230 2410
1227 2 2 6 1 2494 2495 1682
1228 2 2 6 1 2460 2461 1201
1229 2 2 6 1 2448 2449 1200
1230 2 2 6 1 2440 2441 1229
1231 2 2 6 1 2498 3360 2454
1232 2 2 6 1 799 3340 2340
1233 2 2 6 1 1235 3023 2443
1234 2 2 6 1 2410 3379 2363
1235 2 2 6 1 2361 2409 2363
1236 2 2 6 1 771 1233 770
1237 2 2 6 1 1188 3313 2930
1238 2 2 6 1 2930 3308 1188
1239 2 2 6 1 1620 3024 1887
1240 2 2 6 1 1147 2503 2424
1241 2 2 6 1 2481 2482 1205
1242 2 2 6 1 2153 3178 2261
1243 2 2 6 1 1309 1310 1308
1244 2 2 6 1 2424 2425 2395
1245 2 2 6 1 1282 2409 2361
1246 2 2 6 1 2443 3023 2444
1247 2 2 6 1 1155 3132 2356
1248 2 2 6 1 2361 2362 1454
1249 2 2 6 1 1166 3029 2465
1250 2 2 6 1 1268 2357 1610
1251 2 2 6 1 1274 2360 1478
1252 2 2 6 1 1280 2361 1454
1253 2 2 6 1 2290 3311 1977
1254 2 2 6 1 2347 3101 2345
1255 2 2 6 1 1376 2351 1285
1256 2 2 6 1 2524 3313 1188
1257 2 2 6 1 2141 2781 2124
1258 2 2 6 1 1238 2480 923
1259 2 2 6 1 2491 3069 1191
1260 2 2 6 1 2422 2423 1616
1261 2 2 6 1 2429 2494 1682
1262 2 2 6 1 2344 3206 2351
1263 2 2 6 1 1256 1857 1254
1264 2 2 6 1 1260 1771 1258
1265 2 2 6 1 1264 1678 1262
1266 2 2 6 1 1268 1610 1266
1267 2 2 6 1 1270 2357 1268
1268 2 2 6 1 1274 1478 1272
1269 2 2 6 1 1276 2360 1274
1270 2 2 6 1 1280 1454 1278
1271 2 2 6 1 1282 2361 1280
1272 2 2 6 1 1286 1424 1284
1273 2 2 6 1 1292 1377 1290
1274 2 2 6 1 1298 1368 1296
1275 2 2 6 1 1302 1613 1300
1276 2 2 6 1 1306 1357 1304
1277 2 2 6 1 1252 1886 1250
1278 2 2 6 1 1188 3316 2524
1279 2 2 6 1 1988 3073 1899
1280 2 2 6 1 1307 2429 1682
1281 2 2 6 1 1303 1342 1305
1282 2 2 6 1 1299 1615 1301
1283 2 2 6 1 1295 1362 1297
1284 2 2 6 1 1289 1371 1291
1285 2 2 6 1 1285 2351 1287
1286 2 2 6 1 1283 1376 1285
1287 2 2 6 1 1277 1421 1279
1288 2 2 6 1 1271 1450 1273
1289 2 2 6 1 1265 1476 1267
1290 2 2 6 1 1259 1605 1261
1291 2 2 6 1 1255 1616 1257
1292 2 2 6 1 1249 1693 1251
1293 2 2 6 1 2363 2390 2362
1294 2 2 6 1 588 1192 589
1295 2 2 6 1 572 1193 573
1296 2 2 6 1 1278 2408 1276
1297 2 2 6 1 2336 3290 1217
1298 2 2 6 1 3234 3291 2350
1299 2 2 6 1 2140 2141 2124
1300 2 2 6 1 1260 2411 1771
1301 2 2 6 1 1270 2412 2357
1302 2 2 6 1 1302 2413 1613
1303 2 2 6 1 1152 2397 892
1304 2 2 6 1 1185 1238 924
1305 2 2 6 1 1155 2385 897
1306 2 2 6 1 1342 2429 1305
1307 2 2 6 1 1306 2493 1357
1308 2 2 6 1 1307 1682 1309
1309 2 2 6 1 2393 2394 2392
1310 2 2 6 1 1615 2414 1301
1311 2 2 6 1 1362 2418 1297
1312 2 2 6 1 1616 2420 1257
1313 2 2 6 1 2495 3021 1682
1314 2 2 6 1 2466 2468 2467
1315 2 2 6 1 1421 2369 2368
1316 2 2 6 1 1450 2373 2372
1317 2 2 6 1 1255 2422 1616
1318 2 2 6 1 2383 3145 2384
1319 2 2 6 1 1685 3074 1619
1320 2 2 6 1 1246 1871 1247
1321 2 2 6 1 1243 1246 1244
1322 2 2 6 1 1241 1243 1242
1323 2 2 6 1 2160 3064 3063
1324 2 2 6 1 1376 3364 3295
1325 2 2 6 1 2524 3316 1236
1326 2 2 6 1 1966 2290 1977
1327 2 2 6 1 2241 2322 2242
1328 2 2 6 1 1614 3266 2341
1329 2 2 6 1 1239 1241 1240
1330 2 2 6 1 2422 3131 2275
1331 2 2 6 1 1910 3082 1856
1332 2 2 6 1 3230 3379 2410
1333 2 2 6 1 831 3100 830
1334 2 2 6 1 1161 3030 2324
1335 2 2 6 1 1977 3213 2401
1336 2 2 6 1 2434 3175 2433
1337 2 2 6 1 1450 3234 2349
1338 2 2 6 1 2141 3022 2781
1339 2 2 6 1 1899 3073 1901
1340 2 2 6 1 2329 3079 3024
1341 2 2 6 1 2164 3069 2166
1342 2 2 6 1 2504 2505 2428
1343 2 2 6 1 1977 3311 3235
1344 2 2 6 1 811 2477 1168
1345 2 2 6 1 779 2455 1225
1346 2 2 6 1 794 2439 2407
1347 2 2 6 1 775 2488 1231
1348 2 2 6 1 825 2436 2386
1349 2 2 6 1 791 2487 1206
1350 2 2 6 1 813 2460 1201
1351 2 2 6 1 781 2473 1221
1352 2 2 6 1 805 2489 2382
1353 2 2 6 1 817 2448 1200
1354 2 2 6 1 796 2481 1205
1355 2 2 6 1 789 2452 1190
1356 2 2 6 1 807 2458 1172
1357 2 2 6 1 820 2453 2383
1358 2 2 6 1 777 2440 1229
1359 2 2 6 1 815 2472 1163
1360 2 2 6 1 2406 3188 3108
1361 2 2 6 1 1253 2422 1255
1362 2 2 6 1 1305 2429 1307
1363 2 2 6 1 2419 3184 2418
1364 2 2 6 1 1309 1311 1310
1365 2 2 6 1 2226 3027 2225
1366 2 2 6 1 2425 2426 2395
1367 2 2 6 1 2379 3354 1176
1368 2 2 6 1 3041 3359 3044
1369 2 2 6 1 2400 3139 2399
1370 2 2 6 1 1610 3110 2366
1371 2 2 6 1 1310 1677 1308
1372 2 2 6 1 827 1177 826
1373 2 2 6 1 893 1152 892
1374 2 2 6 1 909 1207 908
1375 2 2 6 1 811 1168 810
1376 2 2 6 1 779 1225 778
1377 2 2 6 1 775 1231 774
1378 2 2 6 1 805 2382 804
1379 2 2 6 1 819 1159 818
1380 2 2 6 1 822 1209 821
1381 2 2 6 1 898 1155 897
1382 2 2 6 1 791 1206 790
1383 2 2 6 1 929 1187 928
1384 2 2 6 1 925 1185 924
1385 2 2 6 1 935 1222 934
1386 2 2 6 1 785 1194 784
1387 2 2 6 1 796 1205 795
1388 2 2 6 1 809 1208 808
1389 2 2 6 1 911 1171 910
1390 2 2 6 1 781 1221 780
1391 2 2 6 1 794 2407 793
1392 2 2 6 1 907 1166 906
1393 2 2 6 1 813 1201 812
1394 2 2 6 1 944 1234 943
1395 2 2 6 1 922 1183 921
1396 2 2 6 1 798 1184 797
1397 2 2 6 1 817 1200 816
1398 2 2 6 1 903 1162 902
1399 2 2 6 1 940 1230 939
1400 2 2 6 1 916 1173 915
1401 2 2 6 1 804 1175 803
1402 2 2 6 1 931 1203 930
1403 2 2 6 1 789 1190 788
1404 2 2 6 1 824 1153 823
1405 2 2 6 1 807 1172 806
1406 2 2 6 1 913 1198 912
1407 2 2 6 1 933 1191 932
1408 2 2 6 1 787 1220 786
1409 2 2 6 1 825 2386 824
1410 2 2 6 1 895 1197 894
1411 2 2 6 1 942 1232 941
1412 2 2 6 1 946 1235 945
1413 2 2 6 1 937 1228 936
1414 2 2 6 1 783 1219 782
1415 2 2 6 1 815 1163 814
1416 2 2 6 1 905 1204 904
1417 2 2 6 1 801 1182 800
1418 2 2 6 1 919 1176 918
1419 2 2 6 1 793 1186 792
1420 2 2 6 1 927 1202 926
1421 2 2 6 1 900 1199 899
1422 2 2 6 1 820 2383 819
1423 2 2 6 1 777 1229 776
1424 2 2 6 1 1698 3299 2326
1425 2 2 6 1 2265 3048 2315
1426 2 2 6 1 828 2391 827
1427 2 2 6 1 2248 2508 1960
1428 2 2 6 1 1682 3021 1309
1429 2 2 6 1 1605 2430 2374
1430 2 2 6 1 2144 2483 1967
1431 2 2 6 1 2174 3088 2171
1432 2 2 6 1 1592 3089 1570
1433 2 2 6 1 2161 3090 1946
1434 2 2 6 1 1893 3091 1766
1435 2 2 6 1 1684 3092 1422
1436 2 2 6 1 2261 3093 2155
1437 2 2 6 1 2139 3094 1981
1438 2 2 6 1 2152 3095 2180
1439 2 2 6 1 1671 3096 1697
1440 2 2 6 1 1597 3097 1672
1441 2 2 6 1 2073 3099 2256
1442 2 2 6 1 1769 3098 1780
1443 2 2 6 1 2124 2781 1878
1444 2 2 6 1 2425 2427 2426
1445 2 2 6 1 3082 3186 1880
1446 2 2 6 1 1468 3042 1465
1447 2 2 6 1 828 2502 2391
1448 2 2 6 1 3050 3111 1419
1449 2 2 6 1 2119 2605 2060
1450 2 2 6 1 2072 3117 2064
1451 2 2 6 1 1573 3120 1562
1452 2 2 6 1 822 3018 1209
1453 2 2 6 1 2495 3086 3076
1454 2 2 6 1 773 2501 772
1455 2 2 6 1 2122 3118 2123
1456 2 2 6 1 2141 3080 3022
1457 2 2 6 1 1311 1312 1310
1458 2 2 6 1 2425 2428 2427
1459 2 2 6 1 1309 3021 1311
1460 2 2 6 1 2183 2483 2144
1461 2 2 6 1 1187 2486 2485
1462 2 2 6 1 2362 2390 2365
1463 2 2 6 1 1311 1313 1312
1464 2 2 6 1 891 2506 890
1465 2 2 6 1 2383 2384 1159
1466 2 2 6 1 2386 2387 1153
1467 2 2 6 1 2391 2392 1177
1468 2 2 6 1 3001 3002 2994
1469 2 2 6 1 1311 1336 1313
1470 2 2 6 1 1313 1314 1312
1471 2 2 6 1 941 2437 940
1472 2 2 6 1 945 2443 944
1473 2 2 6 1 906 2465 905
1474 2 2 6 1 920 2476 919
1475 2 2 6 1 936 2450 935
1476 2 2 6 1 894 2433 893
1477 2 2 6 1 932 2474 931
1478 2 2 6 1 912 2457 911
1479 2 2 6 1 904 2471 903
1480 2 2 6 1 928 2485 927
1481 2 2 6 1 930 2451 929
1482 2 2 6 1 947 2484 946
1483 2 2 6 1 923 2480 922
1484 2 2 6 1 908 2478 907
1485 2 2 6 1 934 2491 933
1486 2 2 6 1 914 2490 913
1487 2 2 6 1 910 2446 909
1488 2 2 6 1 2871 2999 2998
1489 2 2 6 1 1314 1349 1312
1490 2 2 6 1 1313 1315 1314
1491 2 2 6 1 2437 2438 1230
1492 2 2 6 1 2443 2444 1234
1493 2 2 6 1 2465 2466 1204
1494 2 2 6 1 2478 2479 1166
1495 2 2 6 1 1315 1316 1314
1496 2 2 6 1 1315 1317 1316
1497 2 2 6 1 2996 2997 2988
1498 2 2 6 1 1317 1318 1316
1499 2 2 6 1 1315 1664 1317
1500 2 2 6 1 1317 1319 1318
1501 2 2 6 1 1319 1320 1318
1502 2 2 6 1 2989 2993 2767
1503 2 2 6 1 1319 1321 1320
1504 2 2 6 1 1320 1375 1318
1505 2 2 6 1 1322 2992 1320
1506 2 2 6 1 1319 1337 1321
1507 2 2 6 1 1321 1322 1320
1508 2 2 6 1 2742 2991 2988
1509 2 2 6 1 1320 2992 1375
1510 2 2 6 1 1321 1323 1322
1511 2 2 6 1 1323 1324 1322
1512 2 2 6 1 1323 1325 1324
1513 2 2 6 1 2115 2512 2511
1514 2 2 6 1 2511 2512 2025
1515 2 2 6 1 2025 2924 2691
1516 2 2 6 1 2976 2986 2645
1517 2 2 6 1 2025 2691 2023
1518 2 2 6 1 2185 2662 2661
1519 2 2 6 1 2512 2924 2025
1520 2 2 6 1 1578 2863 2661
1521 2 2 6 1 1578 2778 2510
1522 2 2 6 1 2510 2863 1578
1523 2 2 6 1 2661 2863 2185
1524 2 2 6 1 2510 2778 2708
1525 2 2 6 1 2339 2975 2337
1526 2 2 6 1 2513 2708 1659
1527 2 2 6 1 2708 2778 1659
1528 2 2 6 1 1659 2773 2513
1529 2 2 6 1 2513 2773 2768
1530 2 2 6 1 2768 2773 1587
1531 2 2 6 1 2519 2520 1783
1532 2 2 6 1 2517 2519 1783
1533 2 2 6 1 2023 2691 2185
1534 2 2 6 1 2185 2691 2662
1535 2 2 6 1 2752 2753 1867
1536 2 2 6 1 2011 2868 2009
1537 2 2 6 1 1325 1326 1324
1538 2 2 6 1 1783 2690 2517
1539 2 2 6 1 1715 2520 1717
1540 2 2 6 1 1588 2601 1547
1541 2 2 6 1 2511 2980 2115
1542 2 2 6 1 1867 2788 2752
1543 2 2 6 1 2514 2938 1891
1544 2 2 6 1 1783 2520 1715
1545 2 2 6 1 2115 2980 2673
1546 2 2 6 1 2583 2584 2580
1547 2 2 6 1 2623 2959 2934
1548 2 2 6 1 2195 2938 2514
1549 2 2 6 1 2587 2975 2339
1550 2 2 6 1 2752 2788 2756
1551 2 2 6 1 2516 2601 1588
1552 2 2 6 1 1401 2625 1399
1553 2 2 6 1 1971 2528 2196
1554 2 2 6 1 2517 2690 2515
1555 2 2 6 1 1978 2546 2533
1556 2 2 6 1 1482 2835 2534
1557 2 2 6 1 1826 2541 2214
1558 2 2 6 1 2087 2837 2685
1559 2 2 6 1 2628 2795 1784
1560 2 2 6 1 1547 2601 1545
1561 2 2 6 1 2534 2835 2191
1562 2 2 6 1 2822 2885 2702
1563 2 2 6 1 2539 2854 2578
1564 2 2 6 1 2868 2927 2186
1565 2 2 6 1 2207 2808 2586
1566 2 2 6 1 2528 2529 2196
1567 2 2 6 1 1587 2868 2768
1568 2 2 6 1 1413 2624 2622
1569 2 2 6 1 1667 2634 1666
1570 2 2 6 1 2685 2817 2087
1571 2 2 6 1 2850 2879 2201
1572 2 2 6 1 1777 2546 1978
1573 2 2 6 1 1796 2724 1794
1574 2 2 6 1 2637 2963 2957
1575 2 2 6 1 2201 2875 1914
1576 2 2 6 1 2622 2627 1413
1577 2 2 6 1 2756 2788 2687
1578 2 2 6 1 2515 2690 1913
1579 2 2 6 1 2525 2526 1970
1580 2 2 6 1 2546 2850 2201
1581 2 2 6 1 2009 2868 2186
1582 2 2 6 1 1401 2794 2625
1583 2 2 6 1 2911 2912 2631
1584 2 2 6 1 1781 2525 1970
1585 2 2 6 1 2571 2573 2572
1586 2 2 6 1 2530 2815 2193
1587 2 2 6 1 2869 2947 2192
1588 2 2 6 1 2626 2794 2757
1589 2 2 6 1 1915 2944 2803
1590 2 2 6 1 2091 2856 1952
1591 2 2 6 1 2580 2584 2579
1592 2 2 6 1 1968 2541 1826
1593 2 2 6 1 1998 2660 2654
1594 2 2 6 1 1932 2962 2955
1595 2 2 6 1 2600 2644 2642
1596 2 2 6 1 2118 2571 1890
1597 2 2 6 1 2623 2777 2627
1598 2 2 6 1 2586 2808 1669
1599 2 2 6 1 2104 2945 2095
1600 2 2 6 1 2215 2969 2966
1601 2 2 6 1 1998 2654 2569
1602 2 2 6 1 2869 2881 2782
1603 2 2 6 1 2193 2815 1862
1604 2 2 6 1 2254 2911 2631
1605 2 2 6 1 2955 2962 2656
1606 2 2 6 1 1751 2933 1749
1607 2 2 6 1 1779 2579 1764
1608 2 2 6 1 1913 2685 2515
1609 2 2 6 1 1913 2817 2685
1610 2 2 6 1 2201 2879 2875
1611 2 2 6 1 2641 2688 2642
1612 2 2 6 1 2701 2703 1841
1613 2 2 6 1 1774 2960 2951
1614 2 2 6 1 1399 2625 1413
1615 2 2 6 1 2615 2805 2200
1616 2 2 6 1 2535 2613 2002
1617 2 2 6 1 2186 2927 2601
1618 2 2 6 1 1628 2554 1746
1619 2 2 6 1 2674 2917 2001
1620 2 2 6 1 2687 2795 2756
1621 2 2 6 1 1745 2554 1628
1622 2 2 6 1 2535 2614 2613
1623 2 2 6 1 2642 2688 2600
1624 2 2 6 1 2934 2959 2521
1625 2 2 6 1 2768 2868 2011
1626 2 2 6 1 2625 2794 2626
1627 2 2 6 1 2039 2896 2783
1628 2 2 6 1 2669 2830 1481
1629 2 2 6 1 1794 2724 1915
1630 2 2 6 1 2615 2815 2805
1631 2 2 6 1 2611 2612 1930
1632 2 2 6 1 1353 2809 1351
1633 2 2 6 1 2578 2854 1962
1634 2 2 6 1 2626 2795 2628
1635 2 2 6 1 1666 2634 1775
1636 2 2 6 1 2658 2808 2207
1637 2 2 6 1 2193 2845 2530
1638 2 2 6 1 2522 2523 2177
1639 2 2 6 1 2743 2889 1772
1640 2 2 6 1 2533 2544 1978
1641 2 2 6 1 1588 2535 2516
1642 2 2 6 1 1397 2627 1395
1643 2 2 6 1 2950 2953 2612
1644 2 2 6 1 2569 2683 1998
1645 2 2 6 1 2678 2679 1964
1646 2 2 6 1 2551 2588 1908
1647 2 2 6 1 1749 2634 1667
1648 2 2 6 1 1403 2794 1401
1649 2 2 6 1 2536 2537 1909
1650 2 2 6 1 1413 2625 2624
1651 2 2 6 1 1890 2571 1980
1652 2 2 6 1 2519 2521 2520
1653 2 2 6 1 2866 2882 2089
1654 2 2 6 1 2001 2917 2880
1655 2 2 6 1 2530 2845 1892
1656 2 2 6 1 2810 2940 2737
1657 2 2 6 1 1970 2528 1971
1658 2 2 6 1 1891 2884 2514
1659 2 2 6 1 1799 2536 1909
1660 2 2 6 1 1413 2627 1397
1661 2 2 6 1 1629 2885 2822
1662 2 2 6 1 1951 2566 1881
1663 2 2 6 1 2598 2599 2592
1664 2 2 6 1 2883 2923 2532
1665 2 2 6 1 2703 2725 2724
1666 2 2 6 1 2629 2943 2936
1667 2 2 6 1 1389 2916 2814
1668 2 2 6 1 2092 2522 2177
1669 2 2 6 1 2118 2573 2571
1670 2 2 6 1 2085 2876 2862
1671 2 2 6 1 2110 2920 2531
1672 2 2 6 1 1764 2579 1888
1673 2 2 6 1 1779 2580 2579
1674 2 2 6 1 1712 2829 1742
1675 2 2 6 1 2254 2631 2630
1676 2 2 6 1 1742 2688 2641
1677 2 2 6 1 2192 2947 2554
1678 2 2 6 1 2618 2898 2895
1679 2 2 6 1 2663 2772 1839
1680 2 2 6 1 1375 2993 2989
1681 2 2 6 1 1326 1350 1324
1682 2 2 6 1 1934 2920 2110
1683 2 2 6 1 1793 2574 1962
1684 2 2 6 1 1325 1327 1326
1685 2 2 6 1 2895 2898 1600
1686 2 2 6 1 2608 2611 1930
1687 2 2 6 1 2835 2881 2191
1688 2 2 6 1 2248 2588 2556
1689 2 2 6 1 2702 2885 2703
1690 2 2 6 1 2562 2563 2062
1691 2 2 6 1 2556 2588 2551
1692 2 2 6 1 1669 2880 2586
1693 2 2 6 1 2521 2919 2520
1694 2 2 6 1 1663 2855 1327
1695 2 2 6 1 1490 2786 2555
1696 2 2 6 1 2550 2551 1908
1697 2 2 6 1 2623 2627 2622
1698 2 2 6 1 2750 2757 1412
1699 2 2 6 1 1350 2986 2976
1700 2 2 6 1 2547 2548 2204
1701 2 2 6 1 1851 2602 1861
1702 2 2 6 1 1841 2724 1796
1703 2 2 6 1 2083 2858 2849
1704 2 2 6 1 1645 2659 1647
1705 2 2 6 1 2190 2837 2087
1706 2 2 6 1 1673 2543 1774
1707 2 2 6 1 2555 2786 2198
1708 2 2 6 1 2617 2717 1460
1709 2 2 6 1 2022 2545 2024
1710 2 2 6 1 2668 2830 2669
1711 2 2 6 1 1931 2608 1814
1712 2 2 6 1 2045 2562 2062
1713 2 2 6 1 1951 2567 2566
1714 2 2 6 1 2618 2813 2802
1715 2 2 6 1 2617 2813 2618
1716 2 2 6 1 2654 2660 1772
1717 2 2 6 1 2746 2872 2649
1718 2 2 6 1 2018 2721 2020
1719 2 2 6 1 1445 2838 2820
1720 2 2 6 1 1390 2770 1444
1721 2 2 6 1 1862 2815 1683
1722 2 2 6 1 1679 2630 1681
1723 2 2 6 1 2266 2846 2845
1724 2 2 6 1 2030 2616 1837
1725 2 2 6 1 2557 2558 1944
1726 2 2 6 1 1870 2550 1908
1727 2 2 6 1 2205 2547 2204
1728 2 2 6 1 2676 2678 1964
1729 2 2 6 1 2612 2747 1930
1730 2 2 6 1 2086 2862 2585
1731 2 2 6 1 2574 2577 1962
1732 2 2 6 1 2592 2599 2590
1733 2 2 6 1 1663 2907 2855
1734 2 2 6 1 1784 2795 2687
1735 2 2 6 1 1920 2554 1745
1736 2 2 6 1 2004 2535 2002
1737 2 2 6 1 2713 2714 2664
1738 2 2 6 1 1388 2770 1390
1739 2 2 6 1 1963 2676 1805
1740 2 2 6 1 2526 2528 1970
1741 2 2 6 1 2194 2780 2632
1742 2 2 6 1 2679 2841 2804
1743 2 2 6 1 1845 2796 1748
1744 2 2 6 1 1355 2667 1361
1745 2 2 6 1 1351 2809 2027
1746 2 2 6 1 1447 2570 1458
1747 2 2 6 1 1848 2557 1944
1748 2 2 6 1 1844 2848 2827
1749 2 2 6 1 2632 2780 2732
1750 2 2 6 1 2211 2859 2816
1751 2 2 6 1 1647 2659 1747
1752 2 2 6 1 1786 2647 2646
1753 2 2 6 1 2757 2794 1412
1754 2 2 6 1 2203 2658 2207
1755 2 2 6 1 2084 2733 2730
1756 2 2 6 1 2014 2680 2016
1757 2 2 6 1 2745 2925 1629
1758 2 2 6 1 2740 2923 2883
1759 2 2 6 1 2636 2656 2655
1760 2 2 6 1 2534 2910 1482
1761 2 2 6 1 2760 2761 2759
1762 2 2 6 1 2516 2535 2004
1763 2 2 6 1 2337 2975 2541
1764 2 2 6 1 2652 2653 2068
1765 2 2 6 1 1713 2690 1783
1766 2 2 6 1 1710 2771 1708
1767 2 2 6 1 1500 2842 1820
1768 2 2 6 1 1881 2566 1885
1769 2 2 6 1 1554 2872 2746
1770 2 2 6 1 2682 2683 2569
1771 2 2 6 1 1822 2810 2686
1772 2 2 6 1 2198 2786 2670
1773 2 2 6 1 2783 2896 2232
1774 2 2 6 1 1923 2668 2096
1775 2 2 6 1 1805 2676 1807
1776 2 2 6 1 1438 2774 2719
1777 2 2 6 1 1354 2666 1356
1778 2 2 6 1 1701 2630 1679
1779 2 2 6 1 2703 2724 1841
1780 2 2 6 1 2685 2837 2188
1781 2 2 6 1 2664 2772 2663
1782 2 2 6 1 2310 2856 2091
1783 2 2 6 1 1926 2706 1838
1784 2 2 6 1 1931 2609 2608
1785 2 2 6 1 2020 2721 2117
1786 2 2 6 1 1439 2686 1437
1787 2 2 6 1 1742 2829 2688
1788 2 2 6 1 1372 2660 1378
1789 2 2 6 1 1639 2799 1637
1790 2 2 6 1 1622 2675 1527
1791 2 2 6 1 1791 2574 1793
1792 2 2 6 1 2538 2834 1909
1793 2 2 6 1 2016 2680 2109
1794 2 2 6 1 1447 2732 2570
1795 2 2 6 1 2758 2760 2759
1796 2 2 6 1 2038 2542 2237
1797 2 2 6 1 2029 2889 2743
1798 2 2 6 1 1358 2667 1355
1799 2 2 6 1 2633 2739 2027
1800 2 2 6 1 1800 2836 2766
1801 2 2 6 1 2585 2862 1338
1802 2 2 6 1 1952 2856 1951
1803 2 2 6 1 1922 2668 1923
1804 2 2 6 1 2764 2834 2538
1805 2 2 6 1 1557 2712 2103
1806 2 2 6 1 2711 2953 2950
1807 2 2 6 1 2577 2578 1962
1808 2 2 6 1 1512 2689 1599
1809 2 2 6 1 2555 2782 1490
1810 2 2 6 1 2820 2838 2604
1811 2 2 6 1 2630 2631 1681
1812 2 2 6 1 2084 2847 1364
1813 2 2 6 1 1828 2713 1832
1814 2 2 6 1 2709 2711 1565
1815 2 2 6 1 1814 2608 1812
1816 2 2 6 1 1816 2792 1931
1817 2 2 6 1 1492 2672 1621
1818 2 2 6 1 1711 2690 1713
1819 2 2 6 1 2720 2877 2790
1820 2 2 6 1 1590 2744 1669
1821 2 2 6 1 1839 2665 2663
1822 2 2 6 1 2006 2516 2004
1823 2 2 6 1 1944 2602 1851
1824 2 2 6 1 1772 2889 2654
1825 2 2 6 1 1460 2813 2617
1826 2 2 6 1 2520 2919 1717
1827 2 2 6 1 2191 2881 2192
1828 2 2 6 1 1837 2616 1925
1829 2 2 6 1 2650 2652 2068
1830 2 2 6 1 1649 2639 1643
1831 2 2 6 1 2084 2878 2847
1832 2 2 6 1 1412 2794 1403
1833 2 2 6 1 1623 2709 1536
1834 2 2 6 1 2814 2916 2518
1835 2 2 6 1 1442 2686 1439
1836 2 2 6 1 1367 2715 1370
1837 2 2 6 1 1416 2683 1429
1838 2 2 6 1 2522 2524 2523
1839 2 2 6 1 2214 2638 1824
1840 2 2 6 1 1446 2732 1441
1841 2 2 6 1 2703 2885 2725
1842 2 2 6 1 1536 2709 1538
1843 2 2 6 1 2776 2882 2866
1844 2 2 6 1 1438 2719 1440
1845 2 2 6 1 2714 2715 2664
1846 2 2 6 1 1586 2958 2937
1847 2 2 6 1 1373 2660 1372
1848 2 2 6 1 2653 2833 2068
1849 2 2 6 1 1963 2677 2676
1850 2 2 6 1 1366 2733 2084
1851 2 2 6 1 2625 2626 2624
1852 2 2 6 1 1499 2824 1498
1853 2 2 6 1 1625 2744 1590
1854 2 2 6 1 1648 2852 2543
1855 2 2 6 1 2030 2731 2718
1856 2 2 6 1 2204 2706 1926
1857 2 2 6 1 2336 2337 1968
1858 2 2 6 1 2627 2777 1395
1859 2 2 6 1 2679 2804 1964
1860 2 2 6 1 2030 2717 2616
1861 2 2 6 1 1786 2648 2647
1862 2 2 6 1 2082 2832 2811
1863 2 2 6 1 2638 2963 2637
1864 2 2 6 1 1527 2675 1525
1865 2 2 6 1 1496 2670 1494
1866 2 2 6 1 2555 2869 2782
1867 2 2 6 1 1917 2879 2850
1868 2 2 6 1 1489 2672 1492
1869 2 2 6 1 1441 2732 1447
1870 2 2 6 1 2067 2791 2742
1871 2 2 6 1 2790 2877 2669
1872 2 2 6 1 1588 2614 2535
1873 2 2 6 1 2810 2945 2104
1874 2 2 6 1 2015 2708 2513
1875 2 2 6 1 1892 2845 2249
1876 2 2 6 1 1832 2713 2031
1877 2 2 6 1 2017 2708 2015
1878 2 2 6 1 2537 2538 1909
1879 2 2 6 1 2260 2917 2674
1880 2 2 6 1 2719 2774 2718
1881 2 2 6 1 2621 2843 2619
1882 2 2 6 1 1518 2748 1519
1883 2 2 6 1 1540 2736 1542
1884 2 2 6 1 1800 2766 1798
1885 2 2 6 1 1841 2766 2701
1886 2 2 6 1 1998 2683 1416
1887 2 2 6 1 2612 2953 2747
1888 2 2 6 1 1378 2660 1998
1889 2 2 6 1 2616 2717 2617
1890 2 2 6 1 1361 2809 1353
1891 2 2 6 1 1542 2736 1661
1892 2 2 6 1 2083 2849 2831
1893 2 2 6 1 1503 2655 1505
1894 2 2 6 1 2668 2669 2096
1895 2 2 6 1 1810 2747 1808
1896 2 2 6 1 2067 2650 2051
1897 2 2 6 1 1482 2910 1459
1898 2 2 6 1 1980 2267 2266
1899 2 2 6 1 2635 2655 1503
1900 2 2 6 1 1742 2771 1710
1901 2 2 6 1 1714 2829 1712
1902 2 2 6 1 1551 2614 1549
1903 2 2 6 1 2741 2758 1726
1904 2 2 6 1 1882 2866 2089
1905 2 2 6 1 1481 2830 2671
1906 2 2 6 1 2811 2832 2738
1907 2 2 6 1 1835 2731 2030
1908 2 2 6 1 2645 2680 2014
1909 2 2 6 1 1885 2137 2121
1910 2 2 6 1 1505 2655 1522
1911 2 2 6 1 1445 2820 1402
1912 2 2 6 1 1818 2792 1816
1913 2 2 6 1 2012 2645 2014
1914 2 2 6 1 2525 2527 2526
1915 2 2 6 1 2862 2876 2684
1916 2 2 6 1 2031 2713 2664
1917 2 2 6 1 2880 2917 2586
1918 2 2 6 1 1501 2635 1503
1919 2 2 6 1 2027 2739 1345
1920 2 2 6 1 2640 2799 1656
1921 2 2 6 1 1356 2666 1360
1922 2 2 6 1 2897 2909 1509
1923 2 2 6 1 1716 2589 1714
1924 2 2 6 1 1790 2648 1787
1925 2 2 6 1 1632 2748 1518
1926 2 2 6 1 1725 2843 1784
1927 2 2 6 1 1457 2682 1470
1928 2 2 6 1 1398 2738 1400
1929 2 2 6 1 1731 2788 1867
1930 2 2 6 1 1643 2639 1641
1931 2 2 6 1 1748 2796 1750
1932 2 2 6 1 2673 2735 2108
1933 2 2 6 1 1481 2790 2669
1934 2 2 6 1 2085 2862 2086
1935 2 2 6 1 1662 2735 2673
1936 2 2 6 1 2757 2795 2626
1937 2 2 6 1 2536 2854 2539
1938 2 2 6 1 2718 2774 2717
1939 2 2 6 1 1325 1663 1327
1940 2 2 6 1 2249 2336 1968
1941 2 2 6 1 2742 2791 2564
1942 2 2 6 1 2914 2966 1484
1943 2 2 6 1 1786 2646 1651
1944 2 2 6 1 2536 2539 2537
1945 2 2 6 1 2694 2801 2779
1946 2 2 6 1 2108 2735 1935
1947 2 2 6 1 2724 2725 1915
1948 2 2 6 1 1660 2670 1496
1949 2 2 6 1 1971 2196 2195
1950 2 2 6 1 1885 2566 2137
1951 2 2 6 1 2058 2605 2603
1952 2 2 6 1 1915 2803 1792
1953 2 2 6 1 2027 2740 2633
1954 2 2 6 1 2766 2836 2700
1955 2 2 6 1 1556 2734 1555
1956 2 2 6 1 1655 2982 1330
1957 2 2 6 1 1458 2570 1598
1958 2 2 6 1 1533 2661 1531
1959 2 2 6 1 2725 2944 1915
1960 2 2 6 1 1726 2758 1724
1961 2 2 6 1 2558 2559 1944
1962 2 2 6 1 2606 2607 2106
1963 2 2 6 1 2067 2651 2650
1964 2 2 6 1 2752 2756 2750
1965 2 2 6 1 1779 2581 2580
1966 2 2 6 1 2804 2841 1965
1967 2 2 6 1 2662 2691 1622
1968 2 2 6 1 1555 2734 1873
1969 2 2 6 1 2718 2731 2657
1970 2 2 6 1 2547 2549 2548
1971 2 2 6 1 1849 2793 2792
1972 2 2 6 1 2259 2547 2205
1973 2 2 6 1 1455 2632 1446
1974 2 2 6 1 2196 2938 2195
1975 2 2 6 1 1623 2710 2709
1976 2 2 6 1 2680 2681 2109
1977 2 2 6 1 1729 2788 1731
1978 2 2 6 1 1400 2738 1445
1979 2 2 6 1 1327 1328 1326
1980 2 2 6 1 2029 2743 1386
1981 2 2 6 1 2195 2514 2215
1982 2 2 6 1 2521 2959 2919
1983 2 2 6 1 2730 2733 1840
1984 2 2 6 1 1637 2799 1650
1985 2 2 6 1 1777 2850 2546
1986 2 2 6 1 1852 2638 2637
1987 2 2 6 1 2620 2623 2622
1988 2 2 6 1 1806 2723 1804
1989 2 2 6 1 1881 1885 1688
1990 2 2 6 1 1721 2619 1723
1991 2 2 6 1 1824 2638 1821
1992 2 2 6 1 2581 2582 2580
1993 2 2 6 1 1457 2683 2682
1994 2 2 6 1 1834 2720 1335
1995 2 2 6 1 1654 2739 2633
1996 2 2 6 1 2194 2632 1477
1997 2 2 6 1 2097 2796 1845
1998 2 2 6 1 1749 2933 2634
1999 2 2 6 1 1928 2723 1806
2000 2 2 6 1 1930 2747 1810
2001 2 2 6 1 2198 2670 1846
2002 2 2 6 1 2732 2780 2570
2003 2 2 6 1 1651 2646 1636
2004 2 2 6 1 1521 2745 1524
2005 2 2 6 1 1417 2726 1379
2006 2 2 6 1 1925 2616 2206
2007 2 2 6 1 1534 2697 1623
2008 2 2 6 1 2613 2614 1627
2009 2 2 6 1 2030 2718 2717
2010 2 2 6 1 2809 2941 2740
2011 2 2 6 1 1364 2847 1359
2012 2 2 6 1 2515 2685 2188
2013 2 2 6 1 1708 2771 1778
2014 2 2 6 1 2531 2920 2532
2015 2 2 6 1 2641 2771 1742
2016 2 2 6 1 2010 2606 2106
2017 2 2 6 1 2623 2934 2777
2018 2 2 6 1 2278 2522 2092
2019 2 2 6 1 1498 2824 1842
2020 2 2 6 1 1784 2843 2628
2021 2 2 6 1 1431 2726 1417
2022 2 2 6 1 1335 2720 1340
2023 2 2 6 1 1549 2614 1588
2024 2 2 6 1 1775 2197 1960
2025 2 2 6 1 2582 2583 2580
2026 2 2 6 1 1843 2785 1929
2027 2 2 6 1 2603 2604 2081
2028 2 2 6 1 2186 2516 2006
2029 2 2 6 1 1529 2662 1622
2030 2 2 6 1 1433 2728 1431
2031 2 2 6 1 1919 1920 1745
2032 2 2 6 1 2253 2254 1949
2033 2 2 6 1 2569 2654 2190
2034 2 2 6 1 2609 2611 2608
2035 2 2 6 1 2337 2541 1968
2036 2 2 6 1 1629 2822 1526
2037 2 2 6 1 2051 2650 2053
2038 2 2 6 1 1965 2695 1813
2039 2 2 6 1 2510 2708 2017
2040 2 2 6 1 1497 2842 1500
2041 2 2 6 1 2533 2546 2187
2042 2 2 6 1 2260 2335 2309
2043 2 2 6 1 1598 2570 1917
2044 2 2 6 1 1949 2630 1701
2045 2 2 6 1 2047 2791 2049
2046 2 2 6 1 1348 2775 1334
2047 2 2 6 1 2192 2881 2869
2048 2 2 6 1 2655 2656 1522
2049 2 2 6 1 2531 2532 1927
2050 2 2 6 1 2082 2705 2050
2051 2 2 6 1 2550 2587 2552
2052 2 2 6 1 2670 2786 1494
2053 2 2 6 1 2049 2791 2067
2054 2 2 6 1 1925 2206 2202
2055 2 2 6 1 2096 2876 2085
2056 2 2 6 1 2095 2191 1920
2057 2 2 6 1 2194 2879 2780
2058 2 2 6 1 1976 2235 2099
2059 2 2 6 1 2677 2678 2676
2060 2 2 6 1 2557 2560 2558
2061 2 2 6 1 2117 2545 2022
2062 2 2 6 1 2548 2706 2204
2063 2 2 6 1 2093 2928 2278
2064 2 2 6 1 1888 2231 2230
2065 2 2 6 1 1971 2195 2102
2066 2 2 6 1 1354 2671 2666
2067 2 2 6 1 2518 2519 2517
2068 2 2 6 1 2701 2766 2700
2069 2 2 6 1 2831 2849 2639
2070 2 2 6 1 2632 2732 1446
2071 2 2 6 1 2617 2618 2206
2072 2 2 6 1 1778 2026 2000
2073 2 2 6 1 2192 2554 1920
2074 2 2 6 1 2646 2647 2028
2075 2 2 6 1 1885 1914 1688
2076 2 2 6 1 1918 1919 1745
2077 2 2 6 1 1777 1978 1781
2078 2 2 6 1 1980 2266 2193
2079 2 2 6 1 1627 2614 1551
2080 2 2 6 1 1338 2684 1331
2081 2 2 6 1 1532 2697 1534
2082 2 2 6 1 1673 1774 1760
2083 2 2 6 1 1548 2629 1550
2084 2 2 6 1 1747 2659 2040
2085 2 2 6 1 2937 2958 2110
2086 2 2 6 1 1728 2741 1726
2087 2 2 6 1 1370 2715 1380
2088 2 2 6 1 1815 2695 1969
2089 2 2 6 1 2875 2879 2194
2090 2 2 6 1 1524 2745 1629
2091 2 2 6 1 1775 1960 1776
2092 2 2 6 1 2553 2556 2551
2093 2 2 6 1 1574 2635 1501
2094 2 2 6 1 1611 2728 1433
2095 2 2 6 1 2050 2705 2048
2096 2 2 6 1 2525 2544 2527
2097 2 2 6 1 1888 2579 2231
2098 2 2 6 1 1656 2799 1639
2099 2 2 6 1 2121 2289 2187
2100 2 2 6 1 2031 2041 1922
2101 2 2 6 1 1666 1775 1668
2102 2 2 6 1 1980 2193 1862
2103 2 2 6 1 1799 1909 1801
2104 2 2 6 1 1874 2613 1627
2105 2 2 6 1 2045 2062 2047
2106 2 2 6 1 1838 2706 1947
2107 2 2 6 1 2203 2205 2204
2108 2 2 6 1 1914 2875 1688
2109 2 2 6 1 2003 2004 2002
2110 2 2 6 1 1700 1862 1683
2111 2 2 6 1 1807 2676 1964
2112 2 2 6 1 1916 2569 2190
2113 2 2 6 1 1848 1944 1851
2114 2 2 6 1 1950 2550 1870
2115 2 2 6 1 2022 2024 2023
2116 2 2 6 1 1781 1970 1782
2117 2 2 6 1 1799 1801 1800
2118 2 2 6 1 2805 2815 2530
2119 2 2 6 1 1933 1950 1870
2120 2 2 6 1 1812 2608 1930
2121 2 2 6 1 2109 2721 2018
2122 2 2 6 1 2045 2047 2046
2123 2 2 6 1 2053 2650 2068
2124 2 2 6 1 2200 2716 2615
2125 2 2 6 1 1823 1824 1821
2126 2 2 6 1 2031 2664 2663
2127 2 2 6 1 1978 2525 1781
2128 2 2 6 1 1980 2571 2267
2129 2 2 6 1 1347 2739 1654
2130 2 2 6 1 1707 2744 1625
2131 2 2 6 1 2035 2640 2037
2132 2 2 6 1 2626 2628 2624
2133 2 2 6 1 1925 1926 1838
2134 2 2 6 1 1633 2797 1635
2135 2 2 6 1 2056 2603 2081
2136 2 2 6 1 2007 2009 2006
2137 2 2 6 1 2038 2237 2088
2138 2 2 6 1 2039 2542 2038
2139 2 2 6 1 1470 2682 1624
2140 2 2 6 1 2951 2960 2236
2141 2 2 6 1 1888 2230 1889
2142 2 2 6 1 1931 2610 2609
2143 2 2 6 1 2748 2872 1554
2144 2 2 6 1 2002 2613 1877
2145 2 2 6 1 2590 2599 2593
2146 2 2 6 1 1598 1917 1658
2147 2 2 6 1 1673 1760 1674
2148 2 2 6 1 1650 1651 1636
2149 2 2 6 1 1739 2589 1716
2150 2 2 6 1 1634 2646 2028
2151 2 2 6 1 2563 2564 2062
2152 2 2 6 1 1948 1949 1701
2153 2 2 6 1 2083 2831 1765
2154 2 2 6 1 1972 2253 1949
2155 2 2 6 1 1839 2666 2665
2156 2 2 6 1 2698 2874 2722
2157 2 2 6 1 2826 2848 1844
2158 2 2 6 1 2111 2113 2112
2159 2 2 6 1 1463 1828 1827
2160 2 2 6 1 1821 1852 1574
2161 2 2 6 1 1961 2576 2575
2162 2 2 6 1 2620 2621 2619
2163 2 2 6 1 1553 2699 2698
2164 2 2 6 1 1557 2103 1675
2165 2 2 6 1 2191 2192 1920
2166 2 2 6 1 1553 2823 2699
2167 2 2 6 1 2550 2552 2551
2168 2 2 6 1 1929 2105 2101
2169 2 2 6 1 1431 2728 2726
2170 2 2 6 1 2093 2278 2092
2171 2 2 6 1 1612 2194 1477
2172 2 2 6 1 2552 2553 2551
2173 2 2 6 1 2010 2012 2011
2174 2 2 6 1 2603 2818 2604
2175 2 2 6 1 1817 2867 1819
2176 2 2 6 1 1852 2637 2636
2177 2 2 6 1 1815 1817 1816
2178 2 2 6 1 2661 2662 1531
2179 2 2 6 1 2012 2014 2013
2180 2 2 6 1 1626 2667 1358
2181 2 2 6 1 1890 1980 1862
2182 2 2 6 1 2009 2186 2006
2183 2 2 6 1 2563 2565 2564
2184 2 2 6 1 2014 2016 2015
2185 2 2 6 1 1882 1951 1881
2186 2 2 6 1 2203 2207 2205
2187 2 2 6 1 2558 2561 2559
2188 2 2 6 1 1540 1542 1541
2189 2 2 6 1 1680 2731 1835
2190 2 2 6 1 1453 1455 1446
2191 2 2 6 1 1750 1932 1752
2192 2 2 6 1 1963 2764 2677
2193 2 2 6 1 1624 2682 1916
2194 2 2 6 1 1916 2682 2569
2195 2 2 6 1 2060 2605 2058
2196 2 2 6 1 1793 1795 1794
2197 2 2 6 1 1813 1814 1812
2198 2 2 6 1 2197 2248 1960
2199 2 2 6 1 1913 2690 1711
2200 2 2 6 1 1587 2773 1541
2201 2 2 6 1 1848 1851 1850
2202 2 2 6 1 2253 2255 2254
2203 2 2 6 1 1778 2000 1999
2204 2 2 6 1 2619 2843 1723
2205 2 2 6 1 1721 1723 1722
2206 2 2 6 1 1820 2842 2200
2207 2 2 6 1 1785 2619 1721
2208 2 2 6 1 1747 1845 1748
2209 2 2 6 1 1888 1889 1765
2210 2 2 6 1 1842 1843 1660
2211 2 2 6 1 1630 2738 1398
2212 2 2 6 1 1470 1590 1589
2213 2 2 6 1 2751 2752 2750
2214 2 2 6 1 2605 2818 2603
2215 2 2 6 1 1772 2660 1373
2216 2 2 6 1 2740 2941 2923
2217 2 2 6 1 1429 1457 1456
2218 2 2 6 1 1598 1658 1657
2219 2 2 6 1 1819 1847 1818
2220 2 2 6 1 2010 2106 2012
2221 2 2 6 1 2741 2760 2758
2222 2 2 6 1 1566 2629 1548
2223 2 2 6 1 2648 2649 2647
2224 2 2 6 1 1822 2686 1442
2225 2 2 6 1 2806 2873 2032
2226 2 2 6 1 2189 2515 2188
2227 2 2 6 1 1538 1565 1540
2228 2 2 6 1 1327 1329 1328
2229 2 2 6 1 2208 2259 2205
2230 2 2 6 1 1470 1624 1590
2231 2 2 6 1 1711 1712 1710
2232 2 2 6 1 1798 2766 1841
2233 2 2 6 1 1635 2797 1638
2234 2 2 6 1 2022 2023 2021
2235 2 2 6 1 1543 1587 1541
2236 2 2 6 1 1554 2745 1521
2237 2 2 6 1 1813 2695 1815
2238 2 2 6 1 1709 1711 1710
2239 2 2 6 1 2336 2338 2337
2240 2 2 6 1 1828 1832 1830
2241 2 2 6 1 1519 2748 1554
2242 2 2 6 1 1931 2792 2610
2243 2 2 6 1 2018 2019 2017
2244 2 2 6 1 2059 2060 2058
2245 2 2 6 1 1748 1750 1749
2246 2 2 6 1 1739 2591 2590
2247 2 2 6 1 1764 1888 1765
2248 2 2 6 1 1835 2030 1837
2249 2 2 6 1 1532 1534 1533
2250 2 2 6 1 1650 2035 1695
2251 2 2 6 1 1458 1598 1471
2252 2 2 6 1 1538 1540 1539
2253 2 2 6 1 1447 1448 1442
2254 2 2 6 1 1842 2209 1927
2255 2 2 6 1 1961 2574 1791
2256 2 2 6 1 1815 1816 1814
2257 2 2 6 1 1683 2615 1591
2258 2 2 6 1 1369 2733 1366
2259 2 2 6 1 1521 1524 1523
2260 2 2 6 1 1415 2029 1386
2261 2 2 6 1 2827 2848 2659
2262 2 2 6 1 1793 1962 1795
2263 2 2 6 1 1826 2214 1824
2264 2 2 6 1 1347 1653 1652
2265 2 2 6 1 1593 1612 1477
2266 2 2 6 1 1706 1707 1625
2267 2 2 6 1 1631 2762 2034
2268 2 2 6 1 2769 2770 1388
2269 2 2 6 1 2595 2596 2594
2270 2 2 6 1 1474 1604 1603
2271 2 2 6 1 1846 2670 1660
2272 2 2 6 1 1379 2726 1840
2273 2 2 6 1 1501 1503 1502
2274 2 2 6 1 1725 1784 1727
2275 2 2 6 1 1828 1830 1829
2276 2 2 6 1 1812 1930 1810
2277 2 2 6 1 2007 2606 2010
2278 2 2 6 1 2594 2597 2592
2279 2 2 6 1 1718 1739 1716
2280 2 2 6 1 1882 1952 1951
2281 2 2 6 1 2100 2107 1935
2282 2 2 6 1 1381 1772 1373
2283 2 2 6 1 1719 1785 1721
2284 2 2 6 1 2100 2217 2107
2285 2 2 6 1 1719 1720 1718
2286 2 2 6 1 2260 2674 2335
2287 2 2 6 1 1372 1374 1369
2288 2 2 6 1 1916 2190 2087
2289 2 2 6 1 2085 2086 1924
2290 2 2 6 1 2519 2954 2521
2291 2 2 6 1 2591 2592 2590
2292 2 2 6 1 1645 1646 1644
2293 2 2 6 1 1725 1727 1726
2294 2 2 6 1 2548 2707 2706
2295 2 2 6 1 1548 1550 1549
2296 2 2 6 1 1636 2646 1634
2297 2 2 6 1 1750 1752 1751
2298 2 2 6 1 1474 1603 1475
2299 2 2 6 1 1708 1778 1707
2300 2 2 6 1 1429 2683 1457
2301 2 2 6 1 2671 2830 2665
2302 2 2 6 1 1702 1948 1701
2303 2 2 6 1 2018 2020 2019
2304 2 2 6 1 1717 1718 1716
2305 2 2 6 1 1863 2120 1860
2306 2 2 6 1 1525 2675 1577
2307 2 2 6 1 1937 2002 1877
2308 2 2 6 1 1352 1353 1351
2309 2 2 6 1 1485 1487 1486
2310 2 2 6 1 1778 1999 1707
2311 2 2 6 1 1927 2785 1843
2312 2 2 6 1 1347 1654 1653
2313 2 2 6 1 1634 2028 1632
2314 2 2 6 1 1848 1850 1847
2315 2 2 6 1 1354 1356 1355
2316 2 2 6 1 1641 2639 1656
2317 2 2 6 1 1876 2781 1936
2318 2 2 6 1 1453 2657 1474
2319 2 2 6 1 1847 1849 1818
2320 2 2 6 1 1642 1643 1641
2321 2 2 6 1 1329 1331 1330
2322 2 2 6 1 2086 2585 2212
2323 2 2 6 1 1929 2098 1846
2324 2 2 6 1 2041 2668 1922
2325 2 2 6 1 1404 2819 1406
2326 2 2 6 1 1929 2785 2105
2327 2 2 6 1 1839 2772 1365
2328 2 2 6 1 2027 2809 2740
2329 2 2 6 1 1644 2852 1648
2330 2 2 6 1 1635 1636 1634
2331 2 2 6 1 1497 1500 1499
2332 2 2 6 1 1798 1841 1796
2333 2 2 6 1 1835 1837 1836
2334 2 2 6 1 1505 1507 1506
2335 2 2 6 1 1731 1732 1730
2336 2 2 6 1 1387 1415 1386
2337 2 2 6 1 1529 1622 1527
2338 2 2 6 1 1511 1512 1510
2339 2 2 6 1 2057 2058 2056
2340 2 2 6 1 2727 2730 1840
2341 2 2 6 1 1485 1488 1487
2342 2 2 6 1 1557 1558 1556
2343 2 2 6 1 1788 1789 1787
2344 2 2 6 1 2207 2208 2205
2345 2 2 6 1 1603 2776 1475
2346 2 2 6 1 1624 1705 1625
2347 2 2 6 1 2260 2309 2259
2348 2 2 6 1 2053 2055 2054
2349 2 2 6 1 2559 2602 1944
2350 2 2 6 1 2756 2757 2750
2351 2 2 6 1 1492 1621 1591
2352 2 2 6 1 1509 1510 1508
2353 2 2 6 1 2044 2045 2043
2354 2 2 6 1 1400 1445 1402
2355 2 2 6 1 1621 1683 1591
2356 2 2 6 1 1837 1925 1838
2357 2 2 6 1 2067 2742 2651
2358 2 2 6 1 1530 1553 1532
2359 2 2 6 1 1331 2684 1333
2360 2 2 6 1 1333 1834 1335
2361 2 2 6 1 2024 2511 2025
2362 2 2 6 1 1852 2635 1574
2363 2 2 6 1 2642 2644 2643
2364 2 2 6 1 1744 1745 1628
2365 2 2 6 1 1791 1793 1792
2366 2 2 6 1 1398 1399 1397
2367 2 2 6 1 1429 1456 1430
2368 2 2 6 1 1565 2736 1540
2369 2 2 6 1 1804 2723 1921
2370 2 2 6 1 2098 2198 1846
2371 2 2 6 1 1644 1648 1643
2372 2 2 6 1 1505 1506 1504
2373 2 2 6 1 2053 2068 2055
2374 2 2 6 1 1447 1458 1448
2375 2 2 6 1 2651 2652 2650
2376 2 2 6 1 1354 1355 1353
2377 2 2 6 1 1631 1632 1518
2378 2 2 6 1 1548 1549 1547
2379 2 2 6 1 1637 1650 1636
2380 2 2 6 1 2710 2711 2709
2381 2 2 6 1 1831 2032 1829
2382 2 2 6 1 1925 2202 1926
2383 2 2 6 1 2186 2601 2516
2384 2 2 6 1 1458 1471 1459
2385 2 2 6 1 1489 1492 1491
2386 2 2 6 1 1378 1379 1374
2387 2 2 6 1 1514 2689 1512
2388 2 2 6 1 1727 1729 1728
2389 2 2 6 1 1340 1343 1341
2390 2 2 6 1 2847 2878 1744
2391 2 2 6 1 1876 1877 1874
2392 2 2 6 1 2597 2598 2592
2393 2 2 6 1 1555 1627 1551
2394 2 2 6 1 2042 2806 2032
2395 2 2 6 1 1380 1382 1381
2396 2 2 6 1 1638 1844 1640
2397 2 2 6 1 1696 1788 1787
2398 2 2 6 1 2699 2700 2698
2399 2 2 6 1 1803 1804 1802
2400 2 2 6 1 2026 2251 2000
2401 2 2 6 1 1329 1330 1328
2402 2 2 6 1 1385 1387 1386
2403 2 2 6 1 1402 1404 1403
2404 2 2 6 1 1526 1527 1525
2405 2 2 6 1 1489 1491 1490
2406 2 2 6 1 1552 1555 1551
2407 2 2 6 1 1372 1378 1374
2408 2 2 6 1 1352 1354 1353
2409 2 2 6 1 1432 1433 1431
2410 2 2 6 1 1747 2040 1845
2411 2 2 6 1 2779 2801 2800
2412 2 2 6 1 1378 1998 1416
2413 2 2 6 1 1546 1547 1545
2414 2 2 6 1 1750 1751 1749
2415 2 2 6 1 1815 1969 1817
2416 2 2 6 1 2033 2042 2032
2417 2 2 6 1 1861 1863 1860
2418 2 2 6 1 2035 2799 2640
2419 2 2 6 1 1492 1591 1493
2420 2 2 6 1 1645 1647 1646
2421 2 2 6 1 1831 2033 2032
2422 2 2 6 1 1497 1499 1498
2423 2 2 6 1 2024 2025 2023
2424 2 2 6 1 1493 1495 1494
2425 2 2 6 1 1842 1927 1843
2426 2 2 6 1 2209 2531 1927
2427 2 2 6 1 2005 2006 2004
2428 2 2 6 1 1392 2694 1394
2429 2 2 6 1 2797 2826 1844
2430 2 2 6 1 1396 1397 1395
2431 2 2 6 1 2604 2838 2081
2432 2 2 6 1 1340 2720 1344
2433 2 2 6 1 1851 1861 1860
2434 2 2 6 1 2056 2081 2054
2435 2 2 6 1 2636 2955 2656
2436 2 2 6 1 1557 1675 1558
2437 2 2 6 1 1724 2758 1738
2438 2 2 6 1 1885 2121 1914
2439 2 2 6 1 1641 1656 1639
2440 2 2 6 1 1398 1400 1399
2441 2 2 6 1 1679 1681 1603
2442 2 2 6 1 1638 1640 1639
2443 2 2 6 1 2031 2663 2041
2444 2 2 6 1 1463 2713 1828
2445 2 2 6 1 1542 1544 1543
2446 2 2 6 1 2053 2054 2052
2447 2 2 6 1 1870 1908 1751
2448 2 2 6 1 1731 1867 1733
2449 2 2 6 1 2051 2053 2052
2450 2 2 6 1 1530 1531 1529
2451 2 2 6 1 1715 1716 1714
2452 2 2 6 1 1789 1791 1790
2453 2 2 6 1 1821 2638 1852
2454 2 2 6 1 2513 2768 2013
2455 2 2 6 1 1359 1363 1358
2456 2 2 6 1 1474 2657 1604
2457 2 2 6 1 1828 1829 1827
2458 2 2 6 1 1784 2687 1727
2459 2 2 6 1 1351 2027 1345
2460 2 2 6 1 1727 2687 1729
2461 2 2 6 1 1382 1463 1384
2462 2 2 6 1 2094 2213 2097
2463 2 2 6 1 1542 1543 1541
2464 2 2 6 1 1712 1742 1710
2465 2 2 6 1 1725 1726 1724
2466 2 2 6 1 1365 1367 1366
2467 2 2 6 1 1347 1652 1341
2468 2 2 6 1 1448 1822 1442
2469 2 2 6 1 1472 1484 1483
2470 2 2 6 1 1578 2661 1533
2471 2 2 6 1 1852 2636 2635
2472 2 2 6 1 1331 1333 1332
2473 2 2 6 1 1518 1519 1517
2474 2 2 6 1 1553 2697 1532
2475 2 2 6 1 1878 2781 1876
2476 2 2 6 1 2702 2703 2701
2477 2 2 6 1 1380 1381 1373
2478 2 2 6 1 1378 1416 1379
2479 2 2 6 1 1441 1447 1442
2480 2 2 6 1 1654 2633 1754
2481 2 2 6 1 1544 1545 1543
2482 2 2 6 1 1650 1695 1651
2483 2 2 6 1 1438 1439 1437
2484 2 2 6 1 1875 1876 1874
2485 2 2 6 1 1472 1483 1482
2486 2 2 6 1 1892 1968 1826
2487 2 2 6 1 1329 1338 1331
2488 2 2 6 1 1400 1402 1401
2489 2 2 6 1 1549 1588 1547
2490 2 2 6 1 1654 1753 1653
2491 2 2 6 1 2035 2037 2036
2492 2 2 6 1 1513 1514 1512
2493 2 2 6 1 1604 1679 1603
2494 2 2 6 1 1500 1574 1501
2495 2 2 6 1 1843 1846 1660
2496 2 2 6 1 1511 1515 1513
2497 2 2 6 1 2051 2052 2050
2498 2 2 6 1 1340 1344 1343
2499 2 2 6 1 1505 1522 1507
2500 2 2 6 1 1820 1821 1574
2501 2 2 6 1 1789 1790 1787
2502 2 2 6 1 1687 1881 1688
2503 2 2 6 1 1360 1364 1359
2504 2 2 6 1 1696 1786 1651
2505 2 2 6 1 1929 2101 2098
2506 2 2 6 1 2254 2630 1949
2507 2 2 6 1 1363 1626 1358
2508 2 2 6 1 1435 1611 1433
2509 2 2 6 1 1680 1701 1679
2510 2 2 6 1 1680 1702 1701
2511 2 2 6 1 2045 2046 2043
2512 2 2 6 1 2737 2940 1611
2513 2 2 6 1 2049 2050 2048
2514 2 2 6 1 1472 1482 1459
2515 2 2 6 1 1521 1523 1520
2516 2 2 6 1 1530 1532 1531
2517 2 2 6 1 1653 1662 1652
2518 2 2 6 1 2114 2115 2112
2519 2 2 6 1 1356 1358 1355
2520 2 2 6 1 1538 2709 1565
2521 2 2 6 1 1724 1738 1722
2522 2 2 6 1 1390 1391 1389
2523 2 2 6 1 1534 1535 1533
2524 2 2 6 1 1811 1812 1810
2525 2 2 6 1 1711 1713 1712
2526 2 2 6 1 1396 1398 1397
2527 2 2 6 1 1550 1552 1551
2528 2 2 6 1 1648 2543 1673
2529 2 2 6 1 1511 1513 1512
2530 2 2 6 1 1808 2747 1928
2531 2 2 6 1 1394 1396 1395
2532 2 2 6 1 1495 1496 1494
2533 2 2 6 1 1832 1922 1833
2534 2 2 6 1 1528 1529 1527
2535 2 2 6 1 2016 2018 2017
2536 2 2 6 1 1611 2729 2728
2537 2 2 6 1 1805 1806 1804
2538 2 2 6 1 1400 1401 1399
2539 2 2 6 1 1552 1557 1556
2540 2 2 6 1 1875 1878 1876
2541 2 2 6 1 1429 1430 1417
2542 2 2 6 1 1737 2741 1728
2543 2 2 6 1 1506 1586 1504
2544 2 2 6 1 1536 1538 1537
2545 2 2 6 1 1331 1332 1330
2546 2 2 6 1 2203 2204 1926
2547 2 2 6 1 2106 2645 2012
2548 2 2 6 1 2537 2540 2538
2549 2 2 6 1 1791 1792 1790
2550 2 2 6 1 1535 1578 1533
2551 2 2 6 1 1713 1714 1712
2552 2 2 6 1 1705 1706 1625
2553 2 2 6 1 1444 2798 2694
2554 2 2 6 1 1648 1649 1643
2555 2 2 6 1 1816 1931 1814
2556 2 2 6 1 2020 2022 2021
2557 2 2 6 1 1385 1388 1387
2558 2 2 6 1 1532 1533 1531
2559 2 2 6 1 1640 1641 1639
2560 2 2 6 1 1406 1408 1407
2561 2 2 6 1 2086 2211 1924
2562 2 2 6 1 1333 1334 1332
2563 2 2 6 1 1922 1923 1833
2564 2 2 6 1 2047 2049 2048
2565 2 2 6 1 1438 1440 1439
2566 2 2 6 1 1367 1369 1366
2567 2 2 6 1 1444 2694 1392
2568 2 2 6 1 1416 1417 1379
2569 2 2 6 1 1558 1559 1556
2570 2 2 6 1 1809 1810 1808
2571 2 2 6 1 1384 1385 1383
2572 2 2 6 1 1507 1508 1506
2573 2 2 6 1 1723 1725 1724
2574 2 2 6 1 1333 1335 1334
2575 2 2 6 1 1346 1351 1345
2576 2 2 6 1 1388 1390 1389
2577 2 2 6 1 1538 1539 1537
2578 2 2 6 1 1754 1934 1753
2579 2 2 6 1 1936 2218 1937
2580 2 2 6 1 1965 2696 2695
2581 2 2 6 1 2759 2891 2887
2582 2 2 6 1 1536 1537 1535
2583 2 2 6 1 1729 1730 1728
2584 2 2 6 1 1344 1345 1343
2585 2 2 6 1 1436 1438 1437
2586 2 2 6 1 2014 2015 2013
2587 2 2 6 1 2058 2603 2056
2588 2 2 6 1 2620 2622 2621
2589 2 2 6 1 1512 1599 1510
2590 2 2 6 1 1696 1787 1786
2591 2 2 6 1 1819 2557 1848
2592 2 2 6 1 1923 2085 1924
2593 2 2 6 1 1360 1365 1364
2594 2 2 6 1 1503 1504 1502
2595 2 2 6 1 1360 1839 1365
2596 2 2 6 1 1440 1453 1446
2597 2 2 6 1 1811 1813 1812
2598 2 2 6 1 1799 1800 1798
2599 2 2 6 1 2187 2546 2201
2600 2 2 6 1 1406 1449 1408
2601 2 2 6 1 2037 2039 2038
2602 2 2 6 1 2044 2562 2045
2603 2 2 6 1 1434 1435 1433
2604 2 2 6 1 1436 1437 1435
2605 2 2 6 1 1559 2734 1556
2606 2 2 6 1 1804 1921 1802
2607 2 2 6 1 1379 1840 1374
2608 2 2 6 1 1434 1436 1435
2609 2 2 6 1 1525 1577 1523
2610 2 2 6 1 1681 2776 1603
2611 2 2 6 1 1633 1634 1632
2612 2 2 6 1 1723 1724 1722
2613 2 2 6 1 1891 2118 1890
2614 2 2 6 1 1892 2249 1968
2615 2 2 6 1 2057 2059 2058
2616 2 2 6 1 1339 1348 1334
2617 2 2 6 1 1370 1372 1369
2618 2 2 6 1 2049 2051 2050
2619 2 2 6 1 1356 1359 1358
2620 2 2 6 1 1434 1460 1436
2621 2 2 6 1 1628 1746 1626
2622 2 2 6 1 1489 1490 1487
2623 2 2 6 1 1346 1481 1352
2624 2 2 6 1 1516 1518 1517
2625 2 2 6 1 1333 2684 1834
2626 2 2 6 1 1343 1347 1341
2627 2 2 6 1 1402 1403 1401
2628 2 2 6 1 1552 1556 1555
2629 2 2 6 1 1534 1623 1536
2630 2 2 6 1 1882 2089 1952
2631 2 2 6 1 1406 1407 1405
2632 2 2 6 1 1709 1710 1708
2633 2 2 6 1 2086 2212 2211
2634 2 2 6 1 1393 1414 1391
2635 2 2 6 1 1500 1820 1574
2636 2 2 6 1 2048 2705 2080
2637 2 2 6 1 1640 1642 1641
2638 2 2 6 1 2040 2210 2094
2639 2 2 6 1 1488 2672 1489
2640 2 2 6 1 1405 1412 1403
2641 2 2 6 1 1807 1809 1808
2642 2 2 6 1 1440 1441 1439
2643 2 2 6 1 1666 1668 1646
2644 2 2 6 1 1789 1961 1791
2645 2 2 6 1 2289 2533 2187
2646 2 2 6 1 1936 1937 1877
2647 2 2 6 1 1335 1340 1339
2648 2 2 6 1 1390 1444 1392
2649 2 2 6 1 1392 1393 1391
2650 2 2 6 1 1416 1429 1417
2651 2 2 6 1 1638 2797 1844
2652 2 2 6 1 1385 2769 1388
2653 2 2 6 1 1516 1631 1518
2654 2 2 6 1 1392 1394 1393
2655 2 2 6 1 1709 1913 1711
2656 2 2 6 1 1453 1474 1455
2657 2 2 6 1 1501 1502 1499
2658 2 2 6 1 1524 1525 1523
2659 2 2 6 1 1713 1783 1715
2660 2 2 6 1 1624 1916 1705
2661 2 2 6 1 1750 2796 1932
2662 2 2 6 1 1801 1803 1802
2663 2 2 6 1 1807 1808 1806
2664 2 2 6 1 2114 2512 2115
2665 2 2 6 1 1441 1442 1439
2666 2 2 6 1 1621 1700 1683
2667 2 2 6 1 1503 1505 1504
2668 2 2 6 1 2113 2114 2112
2669 2 2 6 1 1388 1389 1387
2670 2 2 6 1 1457 1470 1469
2671 2 2 6 1 1808 1928 1806
2672 2 2 6 1 1631 1633 1632
2673 2 2 6 1 2095 2534 2191
2674 2 2 6 1 1876 1936 1877
2675 2 2 6 1 1340 1341 1339
2676 2 2 6 1 1432 1434 1433
2677 2 2 6 1 1662 2116 1652
2678 2 2 6 1 2052 2082 2050
2679 2 2 6 1 1366 2084 1364
2680 2 2 6 1 1475 1593 1477
2681 2 2 6 1 1495 1497 1496
2682 2 2 6 1 1723 2843 1725
2683 2 2 6 1 1752 1933 1870
2684 2 2 6 1 1553 2698 2697
2685 2 2 6 1 1477 2632 1455
2686 2 2 6 1 1519 1521 1520
2687 2 2 6 1 1785 2620 2619
2688 2 2 6 1 1370 1373 1372
2689 2 2 6 1 1647 1667 1666
2690 2 2 6 1 1729 1731 1730
2691 2 2 6 1 1458 1459 1448
2692 2 2 6 1 1488 1489 1487
2693 2 2 6 1 1519 1520 1517
2694 2 2 6 1 1555 1873 1627
2695 2 2 6 1 2048 2080 2046
2696 2 2 6 1 1519 1554 1521
2697 2 2 6 1 1546 1548 1547
2698 2 2 6 1 1760 1779 1764
2699 2 2 6 1 1367 1370 1369
2700 2 2 6 1 2049 2067 2051
2701 2 2 6 1 1727 1728 1726
2702 2 2 6 1 1382 1383 1381
2703 2 2 6 1 1648 1673 1649
2704 2 2 6 1 2107 2108 1935
2705 2 2 6 1 2616 2617 2206
2706 2 2 6 1 1803 1805 1804
2707 2 2 6 1 1497 1498 1496
2708 2 2 6 1 1817 1818 1816
2709 2 2 6 1 2019 2510 2017
2710 2 2 6 1 1498 1660 1496
2711 2 2 6 1 1873 1874 1627
2712 2 2 6 1 1355 1361 1353
2713 2 2 6 1 1633 1635 1634
2714 2 2 6 1 1721 1722 1720
2715 2 2 6 1 1823 1825 1824
2716 2 2 6 1 1787 2648 1786
2717 2 2 6 1 1817 1819 1818
2718 2 2 6 1 1653 2735 1662
2719 2 2 6 1 1777 1781 1694
2720 2 2 6 1 1399 1413 1397
2721 2 2 6 1 1440 1446 1441
2722 2 2 6 1 2780 2879 1917
2723 2 2 6 1 1394 1395 1393
2724 2 2 6 1 1396 1630 1398
2725 2 2 6 1 1604 1680 1679
2726 2 2 6 1 2007 2010 2009
2727 2 2 6 1 2532 2920 2883
2728 2 2 6 1 1332 1655 1330
2729 2 2 6 1 1631 2034 1633
2730 2 2 6 1 1335 1339 1334
2731 2 2 6 1 1516 1517 1514
2732 2 2 6 1 1470 1589 1469
2733 2 2 6 1 1526 1528 1527
2734 2 2 6 1 1739 2590 2589
2735 2 2 6 1 1550 1551 1549
2736 2 2 6 1 1803 1963 1805
2737 2 2 6 1 1356 1360 1359
2738 2 2 6 1 1730 1737 1728
2739 2 2 6 1 1385 1386 1383
2740 2 2 6 1 1873 1875 1874
2741 2 2 6 1 1404 1405 1403
2742 2 2 6 1 2016 2109 2018
2743 2 2 6 1 1382 1384 1383
2744 2 2 6 1 2055 2056 2054
2745 2 2 6 1 1835 1836 1702
2746 2 2 6 1 1764 1765 1674
2747 2 2 6 1 1934 2100 1935
2748 2 2 6 1 1509 1511 1510
2749 2 2 6 1 1713 1715 1714
2750 2 2 6 1 1935 2735 1753
2751 2 2 6 1 2199 2555 2198
2752 2 2 6 1 1344 1346 1345
2753 2 2 6 1 1544 1546 1545
2754 2 2 6 1 1591 2716 1493
2755 2 2 6 1 1500 1501 1499
2756 2 2 6 1 1534 1536 1535
2757 2 2 6 1 2111 2112 2108
2758 2 2 6 1 1673 1674 1649
2759 2 2 6 1 1635 1637 1636
2760 2 2 6 1 1430 1431 1417
2761 2 2 6 1 1680 1835 1702
2762 2 2 6 1 1819 1848 1847
2763 2 2 6 1 1540 1541 1539
2764 2 2 6 1 2033 2044 2043
2765 2 2 6 1 1440 2719 1453
2766 2 2 6 1 1513 1516 1514
2767 2 2 6 1 1457 1469 1456
2768 2 2 6 1 1807 1964 1809
2769 2 2 6 1 1825 2530 1892
2770 2 2 6 1 1843 1929 1846
2771 2 2 6 1 1600 2808 2658
2772 2 2 6 1 1658 1777 1694
2773 2 2 6 1 2026 2252 2251
2774 2 2 6 1 1471 1472 1459
2775 2 2 6 1 1541 2773 1539
2776 2 2 6 1 1638 1639 1637
2777 2 2 6 1 1908 2933 1751
2778 2 2 6 1 1923 2096 2085
2779 2 2 6 1 1795 1796 1794
2780 2 2 6 1 1830 1831 1829
2781 2 2 6 1 2039 2783 2542
2782 2 2 6 1 2047 2048 2046
2783 2 2 6 1 1484 1485 1483
2784 2 2 6 1 1590 1669 1589
2785 2 2 6 1 1528 1530 1529
2786 2 2 6 1 1825 1826 1824
2787 2 2 6 1 1744 1918 1745
2788 2 2 6 1 1430 1432 1431
2789 2 2 6 1 1805 1807 1806
2790 2 2 6 1 1370 1380 1373
2791 2 2 6 1 1363 1744 1628
2792 2 2 6 1 2092 2177 2091
2793 2 2 6 1 1739 2857 2591
2794 2 2 6 1 2012 2013 2011
2795 2 2 6 1 1811 1965 1813
2796 2 2 6 1 1598 1657 1471
2797 2 2 6 1 1642 1645 1644
2798 2 2 6 1 1507 1509 1508
2799 2 2 6 1 1498 1842 1660
2800 2 2 6 1 1475 1477 1455
2801 2 2 6 1 1524 1629 1526
2802 2 2 6 1 1795 1797 1796
2803 2 2 6 1 1797 1799 1798
2804 2 2 6 1 1485 1486 1483
2805 2 2 6 1 1695 1696 1651
2806 2 2 6 1 1474 1475 1455
2807 2 2 6 1 1658 1694 1657
2808 2 2 6 1 1747 1748 1667
2809 2 2 6 1 1797 1798 1796
2810 2 2 6 1 2028 2748 1632
2811 2 2 6 1 1715 1717 1716
2812 2 2 6 1 1404 1406 1405
2813 2 2 6 1 2010 2011 2009
2814 2 2 6 1 1687 1688 1612
2815 2 2 6 1 1334 2775 1332
2816 2 2 6 1 2020 2117 2022
2817 2 2 6 1 2090 2093 2092
2818 2 2 6 1 1654 1754 1753
2819 2 2 6 1 2090 2091 1952
2820 2 2 6 1 2057 2069 2059
2821 2 2 6 1 1346 1352 1351
2822 2 2 6 1 1434 2813 1460
2823 2 2 6 1 2103 2216 1675
2824 2 2 6 1 1832 2031 1922
2825 2 2 6 1 1493 1494 1491
2826 2 2 6 1 1647 1666 1646
2827 2 2 6 1 1390 1392 1391
2828 2 2 6 1 2798 2801 2694
2829 2 2 6 1 1752 1870 1751
2830 2 2 6 1 1706 1709 1708
2831 2 2 6 1 2015 2513 2013
2832 2 2 6 1 1838 1947 1836
2833 2 2 6 1 1546 1566 1548
2834 2 2 6 1 1635 1638 1637
2835 2 2 6 1 1753 2735 1653
2836 2 2 6 1 1832 1833 1830
2837 2 2 6 1 1624 1625 1590
2838 2 2 6 1 1365 1366 1364
2839 2 2 6 1 1837 1838 1836
2840 2 2 6 1 1524 1526 1525
2841 2 2 6 1 1415 2188 2029
2842 2 2 6 1 1494 2786 1491
2843 2 2 6 1 1463 1827 1384
2844 2 2 6 1 1825 1892 1826
2845 2 2 6 1 1719 1721 1720
2846 2 2 6 1 1948 1972 1949
2847 2 2 6 1 2094 2097 1845
2848 2 2 6 1 2000 2001 1999
2849 2 2 6 1 1797 2536 1799
2850 2 2 6 1 2686 2810 2737
2851 2 2 6 1 2005 2007 2006
2852 2 2 6 1 1589 1600 1469
2853 2 2 6 1 1969 2867 1817
2854 2 2 6 1 2038 2088 2036
2855 2 2 6 1 1642 1644 1643
2856 2 2 6 1 2016 2017 2015
2857 2 2 6 1 2726 2727 1840
2858 2 2 6 1 1492 1493 1491
2859 2 2 6 1 2231 2283 2230
2860 2 2 6 1 1889 2083 1765
2861 2 2 6 1 1877 2613 1874
2862 2 2 6 1 2211 2816 1924
2863 2 2 6 1 1554 2746 2745
2864 2 2 6 1 2705 2800 2080
2865 2 2 6 1 2636 2655 2635
2866 2 2 6 1 1809 1811 1810
2867 2 2 6 1 1542 1661 1544
2868 2 2 6 1 2207 2586 2208
2869 2 2 6 1 2570 2780 1917
2870 2 2 6 1 1374 2733 1369
2871 2 2 6 1 2003 2008 2005
2872 2 2 6 1 2089 2090 1952
2873 2 2 6 1 2055 2057 2056
2874 2 2 6 1 2083 2896 2858
2875 2 2 6 1 1731 1733 1732
2876 2 2 6 1 1539 1659 1537
2877 2 2 6 1 1916 2087 1705
2878 2 2 6 1 1475 2776 1593
2879 2 2 6 1 2023 2185 2021
2880 2 2 6 1 1593 1687 1612
2881 2 2 6 1 1965 2841 2696
2882 2 2 6 1 1934 1935 1753
2883 2 2 6 1 1528 2823 1530
2884 2 2 6 1 2628 2843 2621
2885 2 2 6 1 1717 1719 1718
2886 2 2 6 1 2641 2642 2252
2887 2 2 6 1 1820 1823 1821
2888 2 2 6 1 1813 1815 1814
2889 2 2 6 1 1535 2778 1578
2890 2 2 6 1 1463 2714 2713
2891 2 2 6 1 2590 2593 2589
2892 2 2 6 1 2887 2891 2596
2893 2 2 6 1 1502 2824 1499
2894 2 2 6 1 1923 1924 1833
2895 2 2 6 1 2663 2665 2041
2896 2 2 6 1 1794 1915 1792
2897 2 2 6 1 1934 2110 2100
2898 2 2 6 1 1760 1764 1674
2899 2 2 6 1 2749 2751 2750
2900 2 2 6 1 1706 1708 1707
2901 2 2 6 1 2107 2111 2108
2902 2 2 6 1 2726 2728 2727
2903 2 2 6 1 1937 2003 2002
2904 2 2 6 1 1472 2787 1484
2905 2 2 6 1 2849 2858 2640
2906 2 2 6 1 2237 2238 2088
2907 2 2 6 1 1748 1749 1667
2908 2 2 6 1 2235 2236 2099
2909 2 2 6 1 2816 2859 1831
2910 2 2 6 1 2699 2701 2700
2911 2 2 6 1 1849 2792 1818
2912 2 2 6 1 2081 2763 2054
2913 2 2 6 1 1919 2095 1920
2914 2 2 6 1 2037 2038 2036
2915 2 2 6 1 2098 2199 2198
2916 2 2 6 1 2026 2641 2252
2917 2 2 6 1 1801 1802 1800
2918 2 2 6 1 2035 2036 1695
2919 2 2 6 1 1645 2827 2659
2920 2 2 6 1 2624 2628 2621
2921 2 2 6 1 1490 2782 1487
2922 2 2 6 1 1851 1860 1850
2923 2 2 6 1 2020 2021 2019
2924 2 2 6 1 2115 2673 2112
2925 2 2 6 1 1775 1776 1668
2926 2 2 6 1 2936 2943 2793
2927 2 2 6 1 2137 2692 2121
2928 2 2 6 1 1530 2823 1553
2929 2 2 6 1 1539 2773 1659
2930 2 2 6 1 2686 2737 1437
2931 2 2 6 1 2093 2912 2911
2932 2 2 6 1 2230 2232 1889
2933 2 2 6 1 1793 1794 1792
2934 2 2 6 1 1531 2662 1529
2935 2 2 6 1 1406 2819 1449
2936 2 2 6 1 1367 2772 2715
2937 2 2 6 1 1647 1747 1667
2938 2 2 6 1 1820 2200 1823
2939 2 2 6 1 1840 2733 1374
2940 2 2 6 1 1961 2575 2574
2941 2 2 6 1 2706 2707 1947
2942 2 2 6 1 2052 2763 2082
2943 2 2 6 1 1363 1628 1626
2944 2 2 6 1 2112 2673 2108
2945 2 2 6 1 1948 2243 1972
2946 2 2 6 1 1523 2784 1520
2947 2 2 6 1 2007 2767 2606
2948 2 2 6 1 1552 2712 1557
2949 2 2 6 1 2021 2863 2019
2950 2 2 6 1 2054 2763 2052
2951 2 2 6 1 2694 2779 1394
2952 2 2 6 1 2080 2789 2046
2953 2 2 6 1 1537 2778 1535
2954 2 2 6 1 2615 2716 1591
2955 2 2 6 1 1792 2803 1790
2956 2 2 6 1 2202 2203 1926
2957 2 2 6 1 1971 2102 1782
2958 2 2 6 1 2532 2785 1927
2959 2 2 6 1 1972 2332 2253
2960 2 2 6 1 1515 2762 1513
2961 2 2 6 1 1415 2189 2188
2962 2 2 6 1 1933 2965 1950
2963 2 2 6 1 2034 2797 1633
2964 2 2 6 1 2758 2759 1738
2965 2 2 6 1 2040 2094 1845
2966 2 2 6 1 2657 2719 2718
2967 2 2 6 1 2189 2518 2517
2968 2 2 6 1 1491 2786 1490
2969 2 2 6 1 1960 1976 1776
2970 2 2 6 1 1683 2815 2615
2971 2 2 6 1 1709 2817 1913
2972 2 2 6 1 2717 2774 1460
2973 2 2 6 1 2657 2731 1604
2974 2 2 6 1 1604 2731 1680
2975 2 2 6 1 2599 2600 2593
2976 2 2 6 1 2069 3019 2059
2977 2 2 6 1 2531 2937 2110
2978 2 2 6 1 2642 2643 2252
2979 2 2 6 1 2563 2821 2565
2980 2 2 6 1 2629 2712 1550
2981 2 2 6 1 1656 2849 2640
2982 2 2 6 1 2177 2310 2091
2983 2 2 6 1 1950 2587 2550
2984 2 2 6 1 2894 2915 2710
2985 2 2 6 1 2957 2963 1933
2986 2 2 6 1 2825 2867 1969
2987 2 2 6 1 1436 2774 1438
2988 2 2 6 1 2003 2005 2004
2989 2 2 6 1 2715 2772 2664
2990 2 2 6 1 1386 2743 1383
2991 2 2 6 1 1781 1782 1694
2992 2 2 6 1 1327 2855 1329
2993 2 2 6 1 2591 2594 2592
2994 2 2 6 1 2081 2838 2763
2995 2 2 6 1 1384 2769 1385
2996 2 2 6 1 2116 2765 1652
2997 2 2 6 1 2090 2092 2091
2998 2 2 6 1 2699 2702 2701
2999 2 2 6 1 1963 2834 2764
3000 2 2 6 1 2033 2043 2042
3001 2 2 6 1 2008 2767 2005
3002 2 2 6 1 2575 2577 2574
3003 2 2 6 1 1481 2671 1352
3004 2 2 6 1 2591 2595 2594
3005 2 2 6 1 2770 2806 1444
3006 2 2 6 1 1700 1891 1890
3007 2 2 6 1 2562 2908 2890
3008 2 2 6 1 1802 2836 1800
3009 2 2 6 1 1517 2828 1514
3010 2 2 6 1 2589 2829 1714
3011 2 2 6 1 1640 2827 1642
3012 2 2 6 1 1650 2799 2035
3013 2 2 6 1 1493 2716 1495
3014 2 2 6 1 2019 2863 2510
3015 2 2 6 1 2669 2877 2096
3016 2 2 6 1 1456 2802 1430
3017 2 2 6 1 1577 2784 1523
3018 2 2 6 1 2649 2872 2647
3019 2 2 6 1 1487 2782 1486
3020 2 2 6 1 2062 2791 2047
3021 2 2 6 1 2266 2845 2193
3022 2 2 6 1 1789 2807 1961
3023 2 2 6 1 2600 2688 2593
3024 2 2 6 1 1919 2104 2095
3025 2 2 6 1 1961 2807 2576
3026 2 2 6 1 2601 2927 1545
3027 2 2 6 1 2208 2260 2259
3028 2 2 6 1 2698 2722 2697
3029 2 2 6 1 1623 2722 2710
3030 2 2 6 1 1970 1971 1782
3031 2 2 6 1 2013 2768 2011
3032 2 2 6 1 2711 2950 1565
3033 2 2 6 1 1642 2827 1645
3034 2 2 6 1 1696 2861 1788
3035 2 2 6 1 2687 2788 1729
3036 2 2 6 1 1687 1882 1881
3037 2 2 6 1 2195 2215 2102
3038 2 2 6 1 2744 2880 1669
3039 2 2 6 1 2728 2729 2727
3040 2 2 6 1 1788 2807 1789
3041 2 2 6 1 2845 2846 2249
3042 2 2 6 1 2046 2789 2043
3043 2 2 6 1 2189 2517 2515
3044 2 2 6 1 1513 2762 1516
3045 2 2 6 1 1516 2762 1631
3046 2 2 6 1 1504 2844 1502
3047 2 2 6 1 2897 2913 2213
3048 2 2 6 1 2622 2624 2621
3049 2 2 6 1 1526 2822 1528
3050 2 2 6 1 1778 2771 2026
3051 2 2 6 1 2751 2753 2752
3052 2 2 6 1 1629 2925 2885
3053 2 2 6 1 1339 2765 1348
3054 2 2 6 1 2200 2805 1823
3055 2 2 6 1 1586 2844 1504
3056 2 2 6 1 1951 2856 2567
3057 2 2 6 1 2639 2849 1656
3058 2 2 6 1 1827 2873 2769
3059 2 2 6 1 1827 2769 1384
3060 2 2 6 1 2855 2907 2585
3061 2 2 6 1 1700 1890 1862
3062 2 2 6 1 1407 2749 1405
3063 2 2 6 1 1659 2778 1537
3064 2 2 6 1 1738 2853 1722
3065 2 2 6 1 2699 2823 2702
3066 2 2 6 1 2789 2801 2798
3067 2 2 6 1 1343 2739 1347
3068 2 2 6 1 2202 2658 2203
3069 2 2 6 1 1471 2787 1472
3070 2 2 6 1 2784 2828 1520
3071 2 2 6 1 1509 2909 1511
3072 2 2 6 1 1976 2099 1776
3073 2 2 6 1 2591 2857 2595
3074 2 2 6 1 1947 2860 1836
3075 2 2 6 1 2940 2946 2729
3076 2 2 6 1 1514 2828 2689
3077 2 2 6 1 2187 2201 1914
3078 2 2 6 1 2792 2793 2610
3079 2 2 6 1 2697 2722 1623
3080 2 2 6 1 2818 2819 2604
3081 2 2 6 1 2560 2867 2825
3082 2 2 6 1 1345 2739 1343
3083 2 2 6 1 1775 2634 2197
3084 2 2 6 1 2001 2921 2674
3085 2 2 6 1 1430 2802 1432
3086 2 2 6 1 2891 2893 2892
3087 2 2 6 1 1360 2666 1839
3088 2 2 6 1 2188 2837 2029
3089 2 2 6 1 1587 2927 2868
3090 2 2 6 1 2082 2811 2705
3091 2 2 6 1 2005 2767 2007
3092 2 2 6 1 2738 2832 1445
3093 2 2 6 1 2851 2878 2730
3094 2 2 6 1 2026 2771 2641
3095 2 2 6 1 1383 2743 1381
3096 2 2 6 1 1754 2920 1934
3097 2 2 6 1 2585 2907 2212
3098 2 2 6 1 1381 2743 1772
3099 2 2 6 1 1332 2775 1655
3100 2 2 6 1 1382 2714 1463
3101 2 2 6 1 2966 2969 1488
3102 2 2 6 1 2749 2750 1412
3103 2 2 6 1 2213 2913 2097
3104 2 2 6 1 2211 2908 2859
3105 2 2 6 1 1947 2899 2860
3106 2 2 6 1 1365 2772 1367
3107 2 2 6 1 1765 2831 1674
3108 2 2 6 1 1842 2824 2209
3109 2 2 6 1 2043 2789 2042
3110 2 2 6 1 2338 2339 2337
3111 2 2 6 1 2803 2944 2649
3112 2 2 6 1 1801 2834 1803
3113 2 2 6 1 1720 2857 1718
3114 2 2 6 1 2727 2851 2730
3115 2 2 6 1 2564 2791 2062
3116 2 2 6 1 2121 2187 1914
3117 2 2 6 1 1380 2714 1382
3118 2 2 6 1 2672 2884 1621
3119 2 2 6 1 2666 2671 2665
3120 2 2 6 1 1844 2827 1640
3121 2 2 6 1 1657 2787 1471
3122 2 2 6 1 2730 2878 2084
3123 2 2 6 1 2800 2801 2080
3124 2 2 6 1 2911 2928 2093
3125 2 2 6 1 2571 2572 2267
3126 2 2 6 1 1444 2806 2798
3127 2 2 6 1 2579 2584 2231
3128 2 2 6 1 2722 2894 2710
3129 2 2 6 1 1432 2813 1434
3130 2 2 6 1 1718 2857 1739
3131 2 2 6 1 2704 2825 1969
3132 2 2 6 1 2886 2903 2210
3133 2 2 6 1 2695 2704 1969
3134 2 2 6 1 2929 2930 2928
3135 2 2 6 1 1352 2671 1354
3136 2 2 6 1 2665 2830 2041
3137 2 2 6 1 2118 2967 2573
3138 2 2 6 1 1830 2816 1831
3139 2 2 6 1 2756 2795 2757
3140 2 2 6 1 1803 2834 1963
3141 2 2 6 1 2763 2832 2082
3142 2 2 6 1 2514 2969 2215
3143 2 2 6 1 2618 2895 2206
3144 2 2 6 1 1760 2864 1779
3145 2 2 6 1 2798 2806 2042
3146 2 2 6 1 2213 2909 2897
3147 2 2 6 1 2782 2881 1486
3148 2 2 6 1 1999 2744 1707
3149 2 2 6 1 2882 2912 2089
3150 2 2 6 1 1630 2811 2738
3151 2 2 6 1 1652 2765 1341
3152 2 2 6 1 1449 2819 2818
3153 2 2 6 1 1361 2956 2941
3154 2 2 6 1 2080 2801 2789
3155 2 2 6 1 1776 2905 1668
3156 2 2 6 1 1909 2834 1801
3157 2 2 6 1 2836 2874 2700
3158 2 2 6 1 1338 2862 2684
3159 2 2 6 1 2763 2838 2832
3160 2 2 6 1 2864 2865 2581
3161 2 2 6 1 2103 2939 2216
3162 2 2 6 1 1396 2779 1630
3163 2 2 6 1 1395 2777 1393
3164 2 2 6 1 2688 2829 2593
3165 2 2 6 1 1550 2712 1552
3166 2 2 6 1 2620 2959 2623
3167 2 2 6 1 1460 2774 1436
3168 2 2 6 1 2032 2873 1829
3169 2 2 6 1 2691 2924 1622
3170 2 2 6 1 1649 2831 2639
3171 2 2 6 1 1453 2719 2657
3172 2 2 6 1 2215 2966 2914
3173 2 2 6 1 1520 2828 1517
3174 2 2 6 1 2858 2896 2039
3175 2 2 6 1 2121 2692 2289
3176 2 2 6 1 2870 2871 2008
3177 2 2 6 1 1779 2864 2581
3178 2 2 6 1 1829 2873 1827
3179 2 2 6 1 1405 2749 1412
3180 2 2 6 1 2779 2800 1630
3181 2 2 6 1 1495 2842 1497
3182 2 2 6 1 2562 2890 2563
3183 2 2 6 1 2890 2908 2212
3184 2 2 6 1 2700 2874 2698
3185 2 2 6 1 1394 2779 1396
3186 2 2 6 1 1790 2803 2648
3187 2 2 6 1 2802 2898 2618
3188 2 2 6 1 1924 2816 1833
3189 2 2 6 1 1621 2884 1700
3190 2 2 6 1 2543 2960 1774
3191 2 2 6 1 1833 2816 1830
3192 2 2 6 1 2789 2798 2042
3193 2 2 6 1 1889 2896 2083
3194 2 2 6 1 2667 2956 1361
3195 2 2 6 1 2770 2873 2806
3196 2 2 6 1 1380 2715 2714
3197 2 2 6 1 2853 2857 1720
3198 2 2 6 1 1435 2737 1611
3199 2 2 6 1 1589 2808 1600
3200 2 2 6 1 2822 2823 1528
3201 2 2 6 1 1744 2878 1918
3202 2 2 6 1 2802 2813 1432
3203 2 2 6 1 1962 2854 1795
3204 2 2 6 1 2654 2889 2190
3205 2 2 6 1 1695 2861 1696
3206 2 2 6 1 1600 2898 1469
3207 2 2 6 1 2720 2790 1344
3208 2 2 6 1 2068 2833 2055
3209 2 2 6 1 2088 2901 2861
3210 2 2 6 1 2199 2869 2555
3211 2 2 6 1 1341 2765 1339
3212 2 2 6 1 1661 2961 2926
3213 2 2 6 1 2087 2817 1705
3214 2 2 6 1 2648 2803 2649
3215 2 2 6 1 2595 2857 2853
3216 2 2 6 1 2041 2830 2668
3217 2 2 6 1 2861 2901 1788
3218 2 2 6 1 1515 2903 2886
3219 2 2 6 1 2200 2842 2716
3220 2 2 6 1 2593 2829 2589
3221 2 2 6 1 2826 2886 2210
3222 2 2 6 1 2891 2892 2596
3223 2 2 6 1 2723 2915 2894
3224 2 2 6 1 2705 2811 2800
3225 2 2 6 1 2197 2588 2248
3226 2 2 6 1 1795 2854 1797
3227 2 2 6 1 1836 2860 1702
3228 2 2 6 1 2518 2954 2519
3229 2 2 6 1 2036 2861 1695
3230 2 2 6 1 2100 2958 2217
3231 2 2 6 1 1819 2867 2557
3232 2 2 6 1 2057 2833 2069
3233 2 2 6 1 2972 2973 2113
3234 2 2 6 1 2860 2899 2243
3235 2 2 6 1 2189 2814 2518
3236 2 2 6 1 1921 2836 1802
3237 2 2 6 1 1774 2864 1760
3238 2 2 6 1 2729 2851 2727
3239 2 2 6 1 2859 2908 2044
3240 2 2 6 1 2769 2873 2770
3241 2 2 6 1 1722 2853 1720
3242 2 2 6 1 2796 2962 1932
3243 2 2 6 1 1391 2916 1389
3244 2 2 6 1 2800 2811 1630
3245 2 2 6 1 2095 2945 2534
3246 2 2 6 1 1657 2888 2787
3247 2 2 6 1 2696 2704 2695
3248 2 2 6 1 1918 2878 2851
3249 2 2 6 1 2716 2842 1495
3250 2 2 6 1 2832 2838 1445
3251 2 2 6 1 2185 2863 2021
3252 2 2 6 1 1459 2910 1448
3253 2 2 6 1 2088 2861 2036
3254 2 2 6 1 1546 2812 1566
3255 2 2 6 1 2874 2894 2722
3256 2 2 6 1 1483 2835 1482
3257 2 2 6 1 1811 2804 1965
3258 2 2 6 1 1964 2804 1809
3259 2 2 6 1 2120 2949 1860
3260 2 2 6 1 1700 2884 1891
3261 2 2 6 1 1486 2835 1483
3262 2 2 6 1 1849 2939 2793
3263 2 2 6 1 1674 2831 1649
3264 2 2 6 1 1502 2844 2824
3265 2 2 6 1 1393 2777 1414
3266 2 2 6 1 2916 2954 2518
3267 2 2 6 1 2812 2935 1566
3268 2 2 6 1 2566 2568 2137
3269 2 2 6 1 1661 2812 1544
3270 2 2 6 1 2238 2901 2088
3271 2 2 6 1 2000 2921 2001
3272 2 2 6 1 1437 2737 1435
3273 2 2 6 1 1675 3003 1558
3274 2 2 6 1 2055 2833 2057
3275 2 2 6 1 2521 2954 2934
3276 2 2 6 1 2595 2887 2596
3277 2 2 6 1 2034 2826 2797
3278 2 2 6 1 1681 2882 2776
3279 2 2 6 1 2104 2940 2810
3280 2 2 6 1 1359 2847 1363
3281 2 2 6 1 2653 2904 2833
3282 2 2 6 1 1522 2897 1507
3283 2 2 6 1 2762 2886 2034
3284 2 2 6 1 2232 2896 1889
3285 2 2 6 1 2096 2877 2876
3286 2 2 6 1 2210 2848 2826
3287 2 2 6 1 1646 2852 1644
3288 2 2 6 1 1948 2860 2243
3289 2 2 6 1 2928 2930 2278
3290 2 2 6 1 2819 2820 2604
3291 2 2 6 1 2557 2867 2560
3292 2 2 6 1 1706 2817 1709
3293 2 2 6 1 2034 2886 2826
3294 2 2 6 1 1323 2979 1325
3295 2 2 6 1 2684 2876 1834
3296 2 2 6 1 2926 2961 2611
3297 2 2 6 1 2734 2839 1873
3298 2 2 6 1 2040 2848 2210
3299 2 2 6 1 1850 2931 1847
3300 2 2 6 1 2190 2889 2837
3301 2 2 6 1 2852 2905 2543
3302 2 2 6 1 2707 2900 2899
3303 2 2 6 1 1797 2854 2536
3304 2 2 6 1 1456 2898 2802
3305 2 2 6 1 2759 2887 1738
3306 2 2 6 1 1669 2808 1589
3307 2 2 6 1 1978 2544 2525
3308 2 2 6 1 1522 2913 2897
3309 2 2 6 1 2729 2946 2851
3310 2 2 6 1 2212 2907 2890
3311 2 2 6 1 1921 2874 2836
3312 2 2 6 1 1545 2927 1543
3313 2 2 6 1 2702 2823 2822
3314 2 2 6 1 2746 2925 2745
3315 2 2 6 1 2948 2949 2120
3316 2 2 6 1 2037 2858 2039
3317 2 2 6 1 2216 2939 2931
3318 2 2 6 1 1702 2860 1948
3319 2 2 6 1 2044 2908 2562
3320 2 2 6 1 1415 2814 2189
3321 2 2 6 1 1705 2817 1706
3322 2 2 6 1 2824 2844 2209
3323 2 2 6 1 2255 2911 2254
3324 2 2 6 1 2761 2891 2759
3325 2 2 6 1 1346 2790 1481
3326 2 2 6 1 2901 2918 2807
3327 2 2 6 1 1928 2915 2723
3328 2 2 6 1 1717 2919 1719
3329 2 2 6 1 2099 2905 1776
3330 2 2 6 1 2707 2899 1947
3331 2 2 6 1 2255 2929 2928
3332 2 2 6 1 2028 2872 2748
3333 2 2 6 1 2640 2858 2037
3334 2 2 6 1 1850 2949 2931
3335 2 2 6 1 2089 2912 2090
3336 2 2 6 1 1404 2820 2819
3337 2 2 6 1 1515 2886 2762
3338 2 2 6 1 1809 2804 1811
3339 2 2 6 1 2785 2923 2105
3340 2 2 6 1 2003 2870 2008
3341 2 2 6 1 2210 2903 2094
3342 2 2 6 1 2629 2936 2712
3343 2 2 6 1 1668 2852 1646
3344 2 2 6 1 1402 2820 1404
3345 2 2 6 1 1738 2887 2853
3346 2 2 6 1 2761 2893 2891
3347 2 2 6 1 1831 2859 2033
3348 2 2 6 1 2238 2918 2901
3349 2 2 6 1 1822 2945 2810
3350 2 2 6 1 2199 2947 2869
3351 2 2 6 1 1389 2814 1387
3352 2 2 6 1 2658 2895 1600
3353 2 2 6 1 1544 2812 1546
3354 2 2 6 1 2659 2848 2040
3355 2 2 6 1 1873 2839 1875
3356 2 2 6 1 2853 2887 2595
3357 2 2 6 1 2094 2903 2213
3358 2 2 6 1 2567 2568 2566
3359 2 2 6 1 1687 2866 1882
3360 2 2 6 1 1506 2964 1586
3361 2 2 6 1 2723 2894 1921
3362 2 2 6 1 2218 2870 1937
3363 2 2 6 1 1668 2905 2852
3364 2 2 6 1 2631 2912 2882
3365 2 2 6 1 2837 2889 2029
3366 2 2 6 1 2251 2922 2921
3367 2 2 6 1 1338 2855 2585
3368 2 2 6 1 1788 2901 2807
3369 2 2 6 1 1891 2938 2118
3370 2 2 6 1 2910 2945 1822
3371 2 2 6 1 1363 2847 1744
3372 2 2 6 1 1694 2888 1657
3373 2 2 6 1 2631 2882 1681
3374 2 2 6 1 2647 2872 2028
3375 2 2 6 1 1344 2790 1346
3376 2 2 6 1 2534 2945 2910
3377 2 2 6 1 1407 2906 2749
3378 2 2 6 1 1622 2924 2675
3379 2 2 6 1 2776 2866 1593
3380 2 2 6 1 1469 2898 1456
3381 2 2 6 1 2206 2895 2202
3382 2 2 6 1 2563 2890 2821
3383 2 2 6 1 1566 2943 2629
3384 2 2 6 1 2102 2888 1782
3385 2 2 6 1 1486 2881 2835
3386 2 2 6 1 2948 3003 1675
3387 2 2 6 1 1448 2910 1822
3388 2 2 6 1 1834 2877 2720
3389 2 2 6 1 1511 2909 1515
3390 2 2 6 1 2611 2961 2612
3391 2 2 6 1 2113 2973 2114
3392 2 2 6 1 2033 2859 2044
3393 2 2 6 1 2212 2908 2211
3394 2 2 6 1 1387 2814 1415
3395 2 2 6 1 2712 2936 2103
3396 2 2 6 1 1507 2897 1509
3397 2 2 6 1 2532 2923 2785
3398 2 2 6 1 2554 2947 1746
3399 2 2 6 1 1782 2888 1694
3400 2 2 6 1 2633 2883 1754
3401 2 2 6 1 1586 2937 2844
3402 2 2 6 1 2101 2932 2098
3403 2 2 6 1 1937 2870 2003
3404 2 2 6 1 1719 2919 1785
3405 2 2 6 1 2634 2933 2197
3406 2 2 6 1 2787 2914 1484
3407 2 2 6 1 2807 2918 2576
3408 2 2 6 1 2656 2913 1522
3409 2 2 6 1 2710 2915 2711
3410 2 2 6 1 1825 2805 2530
3411 2 2 6 1 2821 2907 1663
3412 2 2 6 1 2931 2949 2216
3413 2 2 6 1 2001 2880 1999
3414 2 2 6 1 2941 2956 2105
3415 2 2 6 1 2541 2965 2214
3416 2 2 6 1 2090 2912 2093
3417 2 2 6 1 1626 2942 2667
3418 2 2 6 1 2649 2944 2746
3419 2 2 6 1 1485 2966 1488
3420 2 2 6 1 1661 2926 2812
3421 2 2 6 1 2588 2933 1908
3422 2 2 6 1 2098 2932 2199
3423 2 2 6 1 2251 2921 2000
3424 2 2 6 1 1593 2866 1687
3425 2 2 6 1 2612 2961 2950
3426 2 2 6 1 1921 2894 2874
3427 2 2 6 1 2197 2933 2588
3428 2 2 6 1 2749 2906 2751
3429 2 2 6 1 1599 2970 2968
3430 2 2 6 1 2926 2935 2812
3431 2 2 6 1 1932 2957 1752
3432 2 2 6 1 2833 2904 2069
3433 2 2 6 1 2740 2883 2633
3434 2 2 6 1 1329 2855 1338
3435 2 2 6 1 2923 2941 2105
3436 2 2 6 1 2104 2946 2940
3437 2 2 6 1 1611 2940 2729
3438 2 2 6 1 2209 2937 2531
3439 2 2 6 1 2101 2942 2932
3440 2 2 6 1 1543 2927 1587
3441 2 2 6 1 2202 2895 2658
3442 2 2 6 1 1414 2916 1391
3443 2 2 6 1 2216 2948 1675
3444 2 2 6 1 2114 2974 2512
3445 2 2 6 1 2851 2946 1918
3446 2 2 6 1 2777 2934 1414
3447 2 2 6 1 2236 2952 2951
3448 2 2 6 1 1918 2946 1919
3449 2 2 6 1 1847 2931 1849
3450 2 2 6 1 2672 2969 2884
3451 2 2 6 1 1823 2805 1825
3452 2 2 6 1 2609 2926 2611
3453 2 2 6 1 2255 2928 2911
3454 2 2 6 1 2883 2920 1754
3455 2 2 6 1 2942 2956 2667
3456 2 2 6 1 2689 2972 2971
3457 2 2 6 1 2545 2981 2024
3458 2 2 6 1 1658 2850 1777
3459 2 2 6 1 2216 2949 2948
3460 2 2 6 1 2610 2935 2609
3461 2 2 6 1 2243 2902 1972
3462 2 2 6 1 2793 2939 2936
3463 2 2 6 1 1972 2902 2332
3464 2 2 6 1 1746 2942 1626
3465 2 2 6 1 2890 2907 2821
3466 2 2 6 1 2932 2942 1746
3467 2 2 6 1 2983 2985 2117
3468 2 2 6 1 2903 2909 2213
3469 2 2 6 1 1774 2951 2864
3470 2 2 6 1 2963 2965 1933
3471 2 2 6 1 1917 2850 1658
3472 2 2 6 1 2876 2877 1834
3473 2 2 6 1 2885 2925 2725
3474 2 2 6 1 2208 2917 2260
3475 2 2 6 1 1599 2968 1510
3476 2 2 6 1 1999 2880 2744
3477 2 2 6 1 2736 2961 1661
3478 2 2 6 1 2919 2959 1785
3479 2 2 6 1 2958 2964 2217
3480 2 2 6 1 2968 2970 2217
3481 2 2 6 1 2110 2958 2100
3482 2 2 6 1 2105 2956 2101
3483 2 2 6 1 1515 2909 2903
3484 2 2 6 1 1599 2971 2970
3485 2 2 6 1 2512 2974 2924
3486 2 2 6 1 2747 2953 1928
3487 2 2 6 1 2746 2944 2925
3488 2 2 6 1 1586 2964 2958
3489 2 2 6 1 2924 2974 2675
3490 2 2 6 1 1752 2957 1933
3491 2 2 6 1 1928 2953 2915
3492 2 2 6 1 1919 2946 2104
3493 2 2 6 1 2101 2956 2942
3494 2 2 6 1 2935 2943 1566
3495 2 2 6 1 2884 2969 2514
3496 2 2 6 1 2844 2937 2209
3497 2 2 6 1 2236 2960 2099
3498 2 2 6 1 1508 2964 1506
3499 2 2 6 1 2793 2943 2610
3500 2 2 6 1 1361 2941 2809
3501 2 2 6 1 2931 2939 1849
3502 2 2 6 1 1860 2949 1850
3503 2 2 6 1 2586 2917 2208
3504 2 2 6 1 2915 2953 2711
3505 2 2 6 1 2925 2944 2725
3506 2 2 6 1 1565 2950 2736
3507 2 2 6 1 2951 2952 2865
3508 2 2 6 1 1785 2959 2620
3509 2 2 6 1 2864 2951 2865
3510 2 2 6 1 2097 2962 2796
3511 2 2 6 1 2775 2985 2983
3512 2 2 6 1 2932 2947 2199
3513 2 2 6 1 2955 2957 1932
3514 2 2 6 1 1414 2954 2916
3515 2 2 6 1 2905 2960 2543
3516 2 2 6 1 2980 2981 2116
3517 2 2 6 1 2689 2971 1599
3518 2 2 6 1 2828 2972 2689
3519 2 2 6 1 2099 2960 2905
3520 2 2 6 1 2950 2961 2736
3521 2 2 6 1 2637 2955 2636
3522 2 2 6 1 1746 2947 2932
3523 2 2 6 1 2529 2967 2196
3524 2 2 6 1 2936 2939 2103
3525 2 2 6 1 2673 2980 1662
3526 2 2 6 1 2214 2963 2638
3527 2 2 6 1 2888 2914 2787
3528 2 2 6 1 2973 2974 2114
3529 2 2 6 1 2217 2970 2107
3530 2 2 6 1 2938 2967 2118
3531 2 2 6 1 1508 2968 2964
3532 2 2 6 1 2215 2914 2102
3533 2 2 6 1 2609 2935 2926
3534 2 2 6 1 2610 2943 2935
3535 2 2 6 1 2913 2962 2097
3536 2 2 6 1 2970 2971 2111
3537 2 2 6 1 2656 2962 2913
3538 2 2 6 1 2964 2968 2217
3539 2 2 6 1 1688 2875 1612
3540 2 2 6 1 2934 2954 1414
3541 2 2 6 1 1484 2966 1485
3542 2 2 6 1 1612 2875 2194
3543 2 2 6 1 2106 2976 2645
3544 2 2 6 1 2196 2967 2938
3545 2 2 6 1 2102 2914 2888
3546 2 2 6 1 2681 2977 2109
3547 2 2 6 1 1325 2979 1663
3548 2 2 6 1 2821 2979 2565
3549 2 2 6 1 1510 2968 1508
3550 2 2 6 1 2784 2973 2972
3551 2 2 6 1 2637 2957 2955
3552 2 2 6 1 2107 2970 2111
3553 2 2 6 1 1488 2969 2672
3554 2 2 6 1 2971 2972 2113
3555 2 2 6 1 2116 2978 2765
3556 2 2 6 1 2784 2972 2828
3557 2 2 6 1 2511 2981 2980
3558 2 2 6 1 2111 2971 2113
3559 2 2 6 1 1950 2975 2587
3560 2 2 6 1 2675 2974 1577
3561 2 2 6 1 1577 2973 2784
3562 2 2 6 1 2214 2965 2963
3563 2 2 6 1 2977 2982 1655
3564 2 2 6 1 2978 2981 2545
3565 2 2 6 1 1577 2974 2973
3566 2 2 6 1 2645 2986 2680
3567 2 2 6 1 2109 2977 2721
3568 2 2 6 1 1330 2982 1328
3569 2 2 6 1 2607 2976 2106
3570 2 2 6 1 1662 2980 2116
3571 2 2 6 1 2765 2978 1348
3572 2 2 6 1 2541 2975 2965
3573 2 2 6 1 2965 2975 1950
3574 2 2 6 1 2117 2985 2545
3575 2 2 6 1 1663 2979 2821
3576 2 2 6 1 2775 2983 1655
3577 2 2 6 1 1326 2984 1350
3578 2 2 6 1 2116 2981 2978
3579 2 2 6 1 2024 2981 2511
3580 2 2 6 1 2977 2983 2721
3581 2 2 6 1 2978 2985 1348
3582 2 2 6 1 1655 2983 2977
3583 2 2 6 1 2545 2985 2978
3584 2 2 6 1 2681 2982 2977
3585 2 2 6 1 2984 2986 1350
3586 2 2 6 1 2721 2983 2117
3587 2 2 6 1 1328 2984 1326
3588 2 2 6 1 1348 2985 2775
3589 2 2 6 1 2982 2984 1328
3590 2 2 6 1 2681 2984 2982
3591 2 2 6 1 2680 2986 2681
3592 2 2 6 1 2681 2986 2984
3593 2 2 6 1 2607 2987 2976
3594 2 2 6 1 1324 2987 1322
3595 2 2 6 1 1350 2987 1324
3596 2 2 6 1 2976 2987 1350
3597 2 2 6 1 2988 2991 1337
3598 2 2 6 1 2990 2991 2565
3599 2 2 6 1 2742 2988 2651
3600 2 2 6 1 2008 2989 2767
3601 2 2 6 1 1337 2990 1321
3602 2 2 6 1 2979 2990 2565
3603 2 2 6 1 1321 2990 1323
3604 2 2 6 1 2564 2991 2742
3605 2 2 6 1 1337 2991 2990
3606 2 2 6 1 2871 2989 2008
3607 2 2 6 1 1323 2990 2979
3608 2 2 6 1 2565 2991 2564
3609 2 2 6 1 1664 2997 2996
3610 2 2 6 1 2987 2992 1322
3611 2 2 6 1 2767 2993 2606
3612 2 2 6 1 2607 2992 2987
3613 2 2 6 1 2992 2993 1375
3614 2 2 6 1 2607 2993 2992
3615 2 2 6 1 2606 2993 2607
3616 2 2 6 1 1318 2995 1316
3617 2 2 6 1 2871 2995 2989
3618 2 2 6 1 1375 2995 1318
3619 2 2 6 1 2652 2994 2653
3620 2 2 6 1 2989 2995 1375
3621 2 2 6 1 2998 2999 1349
3622 2 2 6 1 1664 2996 1317
3623 2 2 6 1 1337 2996 2988
3624 2 2 6 1 1317 2996 1319
3625 2 2 6 1 2988 2997 2651
3626 2 2 6 1 2652 2997 2994
3627 2 2 6 1 2994 2997 1664
3628 2 2 6 1 1319 2996 1337
3629 2 2 6 1 2651 2997 2652
3630 2 2 6 1 1336 3002 3001
3631 2 2 6 1 1314 2998 1349
3632 2 2 6 1 2871 2998 2995
3633 2 2 6 1 1316 2998 1314
3634 2 2 6 1 2870 2999 2871
3635 2 2 6 1 2995 2998 1316
3636 2 2 6 1 2218 3000 2999
3637 2 2 6 1 2999 3000 1349
3638 2 2 6 1 2218 2999 2870
3639 2 2 6 1 1336 3001 1313
3640 2 2 6 1 1664 3001 2994
3641 2 2 6 1 1313 3001 1315
3642 2 2 6 1 2994 3002 2653
3643 2 2 6 1 2125 3123 2140
3644 2 2 6 1 1315 3001 1664
3645 2 2 6 1 2653 3002 2904
3646 2 2 6 1 1311 3021 1336
3647 2 2 6 1 890 2506 1179
3648 2 2 6 1 1197 2434 2433
3649 2 2 6 1 1558 1560 1559
3650 2 2 6 1 1558 3003 1560
3651 2 2 6 1 874 1154 873
3652 2 2 6 1 879 1149 878
3653 2 2 6 1 887 1150 886
3654 2 2 6 1 890 1179 889
3655 2 2 6 1 844 1213 843
3656 2 2 6 1 861 1237 860
3657 2 2 6 1 863 1189 862
3658 2 2 6 1 870 1165 869
3659 2 2 6 1 872 1216 871
3660 2 2 6 1 842 1151 841
3661 2 2 6 1 851 1167 850
3662 2 2 6 1 854 1181 853
3663 2 2 6 1 857 1188 856
3664 2 2 6 1 859 1236 858
3665 2 2 6 1 885 1214 884
3666 2 2 6 1 847 1158 846
3667 2 2 6 1 862 3004 861
3668 2 2 6 1 866 1174 865
3669 2 2 6 1 868 1211 867
3670 2 2 6 1 830 1147 829
3671 2 2 6 1 833 1180 832
3672 2 2 6 1 836 1148 835
3673 2 2 6 1 839 1178 838
3674 2 2 6 1 849 1212 848
3675 2 2 6 1 876 1210 875
3676 2 2 6 1 881 1215 880
3677 2 2 6 1 883 1164 882
3678 2 2 6 1 867 3005 866
3679 2 2 6 1 880 3009 879
3680 2 2 6 1 886 3008 885
3681 2 2 6 1 871 3010 870
3682 2 2 6 1 882 3006 881
3683 2 2 6 1 873 3011 872
3684 2 2 6 1 869 3012 868
3685 2 2 6 1 875 3013 874
3686 2 2 6 1 884 3007 883
3687 2 2 6 1 1602 3042 1468
3688 2 2 6 1 2734 2840 2839
3689 2 2 6 1 1559 2840 2734
3690 2 2 6 1 1443 3328 3051
3691 2 2 6 1 1310 3025 1677
3692 2 2 6 1 738 1196 737
3693 2 2 6 1 758 1195 757
3694 2 2 6 1 1152 2398 2397
3695 2 2 6 1 1185 1239 1238
3696 2 2 6 1 1875 2122 1878
3697 2 2 6 1 1875 2839 2122
3698 2 2 6 1 1189 3004 862
3699 2 2 6 1 872 3011 1216
3700 2 2 6 1 885 3008 1214
3701 2 2 6 1 866 3005 1174
3702 2 2 6 1 1216 3010 871
3703 2 2 6 1 874 3013 1154
3704 2 2 6 1 1165 3012 869
3705 2 2 6 1 879 3009 1149
3706 2 2 6 1 861 3004 1237
3707 2 2 6 1 1214 3007 884
3708 2 2 6 1 1211 3005 867
3709 2 2 6 1 1164 3006 882
3710 2 2 6 1 881 3006 1215
3711 2 2 6 1 1215 3009 880
3712 2 2 6 1 1150 3008 886
3713 2 2 6 1 870 3010 1165
3714 2 2 6 1 868 3012 1211
3715 2 2 6 1 1154 3011 873
3716 2 2 6 1 883 3007 1164
3717 2 2 6 1 1210 3013 875
3718 2 2 6 1 1277 3081 1421
3719 2 2 6 1 2236 3020 2952
3720 2 2 6 1 1615 2415 2414
3721 2 2 6 1 1362 2419 2418
3722 2 2 6 1 1560 3003 1573
3723 2 2 6 1 2781 3022 1936
3724 2 2 6 1 2218 3022 3000
3725 2 2 6 1 591 3031 24
3726 2 2 6 1 2366 3179 1610
3727 2 2 6 1 829 2502 828
3728 2 2 6 1 584 3014 585
3729 2 2 6 1 586 3016 587
3730 2 2 6 1 579 3015 580
3731 2 2 6 1 575 1157 576
3732 2 2 6 1 578 1217 579
3733 2 2 6 1 580 1146 581
3734 2 2 6 1 583 1218 584
3735 2 2 6 1 585 1156 586
3736 2 2 6 1 1209 2497 2454
3737 2 2 6 1 2865 3026 2581
3738 2 2 6 1 3000 3025 1349
3739 2 2 6 1 1693 3131 1251
3740 2 2 6 1 1312 3025 1310
3741 2 2 6 1 2235 3020 2236
3742 2 2 6 1 2605 3032 2818
3743 2 2 6 1 2059 2061 2060
3744 2 2 6 1 2059 3019 2061
3745 2 2 6 1 23 3030 570
3746 2 2 6 1 2299 3144 1898
3747 2 2 6 1 1936 3022 2218
3748 2 2 6 1 1676 3343 2333
3749 2 2 6 1 1960 2508 1976
3750 2 2 6 1 2147 3107 2146
3751 2 2 6 1 2123 2124 1878
3752 2 2 6 1 1408 1409 1407
3753 2 2 6 1 1409 2906 1407
3754 2 2 6 1 2061 3019 2072
3755 2 2 6 1 1579 3049 1575
3756 2 2 6 1 2753 2754 1867
3757 2 2 6 1 1867 2754 1733
3758 2 2 6 1 1423 3050 1419
3759 2 2 6 1 2336 3255 2338
3760 2 2 6 1 585 3014 1156
3761 2 2 6 1 580 3015 1146
3762 2 2 6 1 1156 3016 586
3763 2 2 6 1 1217 3015 579
3764 2 2 6 1 1218 3014 584
3765 2 2 6 1 2070 3053 2065
3766 2 2 6 1 1418 3138 1684
3767 2 2 6 1 1349 3025 1312
3768 2 2 6 1 1733 1734 1732
3769 2 2 6 1 2948 3075 3003
3770 2 2 6 1 2581 3026 2582
3771 2 2 6 1 827 2391 1177
3772 2 2 6 1 2063 2119 2060
3773 2 2 6 1 3022 3080 3000
3774 2 2 6 1 2495 3076 3021
3775 2 2 6 1 2330 3079 2329
3776 2 2 6 1 1420 2906 1409
3777 2 2 6 1 2373 3078 2372
3778 2 2 6 1 2477 3028 1168
3779 2 2 6 1 819 2383 1159
3780 2 2 6 1 804 2382 1175
3781 2 2 6 1 793 2407 1186
3782 2 2 6 1 824 2386 1153
3783 2 2 6 1 2360 3208 1478
3784 2 2 6 1 1147 2502 829
3785 2 2 6 1 2818 3032 1449
3786 2 2 6 1 1222 3167 2491
3787 2 2 6 1 939 3177 938
3788 2 2 6 1 2552 3104 2553
3789 2 2 6 1 2572 3121 2267
3790 2 2 6 1 2119 3032 2605
3791 2 2 6 1 2362 2365 2364
3792 2 2 6 1 2461 2463 2462
3793 2 2 6 1 1258 2421 1256
3794 2 2 6 1 1296 3034 1294
3795 2 2 6 1 1300 2507 1298
3796 2 2 6 1 2175 3175 2434
3797 2 2 6 1 2497 2498 2454
3798 2 2 6 1 1207 2478 908
3799 2 2 6 1 1197 2433 894
3800 2 2 6 1 1187 2485 928
3801 2 2 6 1 1171 2446 910
3802 2 2 6 1 1232 2437 941
3803 2 2 6 1 1166 2465 906
3804 2 2 6 1 1235 2443 945
3805 2 2 6 1 1222 2491 934
3806 2 2 6 1 1203 2451 930
3807 2 2 6 1 1228 2450 936
3808 2 2 6 1 1198 2457 912
3809 2 2 6 1 1191 2474 932
3810 2 2 6 1 1204 2471 904
3811 2 2 6 1 823 3018 822
3812 2 2 6 1 1676 3049 1579
3813 2 2 6 1 1443 3050 1423
3814 2 2 6 1 2256 3053 2070
3815 2 2 6 1 893 2433 1152
3816 2 2 6 1 940 2437 1230
3817 2 2 6 1 944 2443 1234
3818 2 2 6 1 935 2450 1222
3819 2 2 6 1 929 2451 1187
3820 2 2 6 1 905 2465 1204
3821 2 2 6 1 919 2476 1176
3822 2 2 6 1 946 2484 1235
3823 2 2 6 1 909 2446 1207
3824 2 2 6 1 903 2471 1162
3825 2 2 6 1 931 2474 1203
3826 2 2 6 1 907 2478 1166
3827 2 2 6 1 922 2480 1183
3828 2 2 6 1 911 2457 1171
3829 2 2 6 1 927 2485 1202
3830 2 2 6 1 933 2491 1191
3831 2 2 6 1 913 2490 1198
3832 2 2 6 1 1855 3142 2239
3833 2 2 6 1 2479 3029 1166
3834 2 2 6 1 2463 3062 2464
3835 2 2 6 1 2486 3063 2485
3836 2 2 6 1 1236 3338 2524
3837 2 2 6 1 3002 3076 2904
3838 2 2 6 1 1421 3081 2370
3839 2 2 6 1 1672 3136 1595
3840 2 2 6 1 2370 2371 2369
3841 2 2 6 1 2431 3367 2432
3842 2 2 6 1 1872 1966 1871
3843 2 2 6 1 2318 3363 2402
3844 2 2 6 1 2125 2140 2124
3845 2 2 6 1 2120 3075 2948
3846 2 2 6 1 3105 3106 1175
3847 2 2 6 1 1560 1573 1562
3848 2 2 6 1 2239 2349 2240
3849 2 2 6 1 2906 3087 2751
3850 2 2 6 1 3032 3077 1449
3851 2 2 6 1 1907 3074 1685
3852 2 2 6 1 2061 2072 2064
3853 2 2 6 1 2394 2431 2396
3854 2 2 6 1 3021 3076 1336
3855 2 2 6 1 1861 1864 1863
3856 2 2 6 1 3043 3044 1953
3857 2 2 6 1 1911 2241 1910
3858 2 2 6 1 3046 3047 1592
3859 2 2 6 1 2132 3035 2285
3860 2 2 6 1 2904 3086 2069
3861 2 2 6 1 1461 3037 1614
3862 2 2 6 1 1858 3043 1953
3863 2 2 6 1 1903 3038 2139
3864 2 2 6 1 1576 3045 1665
3865 2 2 6 1 1568 3046 1592
3866 2 2 6 1 1863 3066 2120
3867 2 2 6 1 1411 1420 1409
3868 2 2 6 1 2376 3388 2292
3869 2 2 6 1 1670 3130 1879
3870 2 2 6 1 1736 1743 1734
3871 2 2 6 1 3201 3298 1173
3872 2 2 6 1 795 2439 794
3873 2 2 6 1 814 2460 813
3874 2 2 6 1 782 2473 781
3875 2 2 6 1 826 2436 825
3876 2 2 6 1 780 2455 779
3877 2 2 6 1 792 2487 791
3878 2 2 6 1 776 2488 775
3879 2 2 6 1 818 2448 817
3880 2 2 6 1 816 2472 815
3881 2 2 6 1 778 2440 777
3882 2 2 6 1 896 2499 895
3883 2 2 6 1 790 2452 789
3884 2 2 6 1 808 2458 807
3885 2 2 6 1 774 2447 773
3886 2 2 6 1 821 2453 820
3887 2 2 6 1 797 2481 796
3888 2 2 6 1 812 2477 811
3889 2 2 6 1 806 2489 805
3890 2 2 6 1 1449 3077 1408
3891 2 2 6 1 1560 1561 1559
3892 2 2 6 1 2402 3363 1288
3893 2 2 6 1 1864 1958 1866
3894 2 2 6 1 1443 3051 3050
3895 2 2 6 1 1561 2840 1559
3896 2 2 6 1 1253 3131 2422
3897 2 2 6 1 2122 2123 1878
3898 2 2 6 1 1563 1583 1561
3899 2 2 6 1 2126 2167 2128
3900 2 2 6 1 2149 2160 2151
3901 2 2 6 1 2130 3035 2132
3902 2 2 6 1 2132 2285 2135
3903 2 2 6 1 2221 2333 2265
3904 2 2 6 1 1583 2840 1561
3905 2 2 6 1 1418 1684 1422
3906 2 2 6 1 1740 1893 1766
3907 2 2 6 1 1564 3046 1568
3908 2 2 6 1 2066 2079 2071
3909 2 2 6 1 1906 2175 1955
3910 2 2 6 1 1975 2174 2171
3911 2 2 6 1 1425 1466 1427
3912 2 2 6 1 1768 3043 1858
3913 2 2 6 1 2173 2356 2280
3914 2 2 6 1 1451 3037 1461
3915 2 2 6 1 1858 1953 1894
3916 2 2 6 1 1461 1614 1464
3917 2 2 6 1 2328 2331 2330
3918 2 2 6 1 1896 3038 1903
3919 2 2 6 1 1467 1699 1479
3920 2 2 6 1 1903 2139 1981
3921 2 2 6 1 1594 1761 1596
3922 2 2 6 1 1670 1879 1689
3923 2 2 6 1 1568 1592 1570
3924 2 2 6 1 1762 1902 1853
3925 2 2 6 1 1855 2239 1868
3926 2 2 6 1 2074 2184 2076
3927 2 2 6 1 2223 2226 2225
3928 2 2 6 1 1572 3045 1576
3929 2 2 6 1 1576 1665 1580
3930 2 2 6 1 2297 2344 2343
3931 2 2 6 1 1582 1698 1585
3932 2 2 6 1 1607 1759 1618
3933 2 2 6 1 1620 1887 1686
3934 2 2 6 1 1756 1959 1758
3935 2 2 6 1 1884 1988 1899
3936 2 2 6 1 1901 2161 1946
3937 2 2 6 1 1995 2250 1997
3938 2 2 6 1 2229 2286 2263
3939 2 2 6 1 2153 2261 2155
3940 2 2 6 1 2157 2308 2159
3941 2 2 6 1 2302 2334 2321
3942 2 2 6 1 2174 3386 2385
3943 2 2 6 1 2146 2183 2144
3944 2 2 6 1 1940 2300 1938
3945 2 2 6 1 1986 2162 1942
3946 2 2 6 1 2181 2271 1991
3947 2 2 6 1 2277 2340 2274
3948 2 2 6 1 1912 2138 1939
3949 2 2 6 1 1941 1979 1943
3950 2 2 6 1 2182 2275 2273
3951 2 2 6 1 1987 2269 1990
3952 2 2 6 1 2145 2148 2147
3953 2 2 6 1 1905 2142 1865
3954 2 2 6 1 3051 3328 3091
3955 2 2 6 1 2152 2180 2150
3956 2 2 6 1 2244 2381 2165
3957 2 2 6 1 2163 2307 2158
3958 2 2 6 1 2156 2270 2154
3959 2 2 6 1 2073 2256 2070
3960 2 2 6 1 2178 2366 1996
3961 2 2 6 1 1994 2176 1945
3962 2 2 6 1 1900 2299 1898
3963 2 2 6 1 1883 1993 1757
3964 2 2 6 1 1703 1907 1685
3965 2 2 6 1 1617 1773 1606
3966 2 2 6 1 1581 1676 1579
3967 2 2 6 1 2294 2341 2224
3968 2 2 6 1 1571 1601 1569
3969 2 2 6 1 2077 2287 2075
3970 2 2 6 1 1869 1910 1856
3971 2 2 6 1 1854 1880 1763
3972 2 2 6 1 1692 1770 1690
3973 2 2 6 1 2304 2323 2258
3974 2 2 6 1 1671 1697 1609
3975 2 2 6 1 2169 2284 1985
3976 2 2 6 1 1597 1672 1595
3977 2 2 6 1 1982 1983 1904
3978 2 2 6 1 1769 1780 1767
3979 2 2 6 1 1480 1602 1468
3980 2 2 6 1 1426 1443 1423
3981 2 2 6 1 1895 1973 1859
3982 2 2 6 1 1462 1473 1452
3983 2 2 6 1 2327 2375 2281
3984 2 2 6 1 2279 2326 2172
3985 2 2 6 1 1974 2268 1956
3986 2 2 6 1 2129 2227 2127
3987 2 2 6 1 2318 2402 2316
3988 2 2 6 1 2264 2288 2220
3989 2 2 6 1 2134 2298 2131
3990 2 2 6 1 2225 3027 2295
3991 2 2 6 1 3158 3182 802
3992 2 2 6 1 2485 3063 1202
3993 2 2 6 1 2229 3134 2286
3994 2 2 6 1 2292 3388 2246
3995 2 2 6 1 1616 3147 2420
3996 2 2 6 1 3038 3039 2139
3997 2 2 6 1 2369 3067 2368
3998 2 2 6 1 1454 2408 1278
3999 2 2 6 1 2242 3082 1910
4000 2 2 6 1 2171 3088 2173
4001 2 2 6 1 1570 3089 1572
4002 2 2 6 1 1946 3090 1995
4003 2 2 6 1 1766 3091 1768
4004 2 2 6 1 1422 3092 1425
4005 2 2 6 1 2584 3122 2231
4006 2 2 6 1 2155 3093 2157
4007 2 2 6 1 2061 2063 2060
4008 2 2 6 1 1912 3125 2138
4009 2 2 6 1 581 3121 582
4010 2 2 6 1 1901 3073 2161
4011 2 2 6 1 1981 3094 1984
4012 2 2 6 1 3049 3119 1575
4013 2 2 6 1 2154 3095 2152
4014 2 2 6 1 1690 3096 1671
4015 2 2 6 1 1609 3097 1597
4016 2 2 6 1 2075 3099 2073
4017 2 2 6 1 1859 3098 1769
4018 2 2 6 1 1408 1410 1409
4019 2 2 6 1 1451 3128 3037
4020 2 2 6 1 575 3104 1157
4021 2 2 6 1 832 3126 831
4022 2 2 6 1 3066 3075 2120
4023 2 2 6 1 2140 3135 2141
4024 2 2 6 1 3003 3075 1573
4025 2 2 6 1 2150 3107 2147
4026 2 2 6 1 2753 2755 2754
4027 2 2 6 1 2341 3344 1614
4028 2 2 6 1 2064 3117 2066
4029 2 2 6 1 1733 1735 1734
4030 2 2 6 1 1275 3081 1277
4031 2 2 6 1 2751 3087 2753
4032 2 2 6 1 1562 3120 1564
4033 2 2 6 1 3311 3365 1184
4034 2 2 6 1 2241 3253 2459
4035 2 2 6 1 1336 3076 3002
4036 2 2 6 1 2342 2496 2296
4037 2 2 6 1 2123 3118 2126
4038 2 2 6 1 759 3057 758
4039 2 2 6 1 736 1226 735
4040 2 2 6 1 760 1227 759
4041 2 2 6 1 24 1223 742
4042 2 2 6 1 753 1224 23
4043 2 2 6 1 737 3058 736
4044 2 2 6 1 754 3055 753
4045 2 2 6 1 742 3059 741
4046 2 2 6 1 1677 3135 2493
4047 2 2 6 1 1202 3115 926
4048 2 2 6 1 1733 2754 1735
4049 2 2 6 1 3014 3238 2529
4050 2 2 6 1 2461 2462 1201
4051 2 2 6 1 2441 2442 1229
4052 2 2 6 1 1264 3179 1678
4053 2 2 6 1 3052 3111 3050
4054 2 2 6 1 2127 3123 2125
4055 2 2 6 1 3000 3080 3025
4056 2 2 6 1 2119 3033 3032
4057 2 2 6 1 1209 2454 2453
4058 2 2 6 1 1221 2456 2455
4059 2 2 6 1 1208 2459 2458
4060 2 2 6 1 2362 2364 1454
4061 2 2 6 1 3108 3188 1979
4062 2 2 6 1 2503 3100 2504
4063 2 2 6 1 24 3031 1223
4064 2 2 6 1 2318 3385 3363
4065 2 2 6 1 2123 2125 2124
4066 2 2 6 1 2437 3070 2438
4067 2 2 6 1 2478 3071 2479
4068 2 2 6 1 1771 2421 1258
4069 2 2 6 1 1368 3034 1296
4070 2 2 6 1 1613 2507 1300
4071 2 2 6 1 1408 3077 1410
4072 2 2 6 1 2394 2396 2392
4073 2 2 6 1 2390 3383 2365
4074 2 2 6 1 3033 3077 3032
4075 2 2 6 1 2462 3028 2477
4076 2 2 6 1 3025 3080 1677
4077 2 2 6 1 1199 3132 899
4078 2 2 6 1 2313 3369 2421
4079 2 2 6 1 1421 2370 2369
4080 2 2 6 1 1224 3030 23
4081 2 2 6 1 2140 3181 3135
4082 2 2 6 1 1246 1872 1871
4083 2 2 6 1 1241 1245 1243
4084 2 2 6 1 925 3115 1185
4085 2 2 6 1 1224 3198 2324
4086 2 2 6 1 1740 3114 1893
4087 2 2 6 1 2326 3361 1698
4088 2 2 6 1 2069 3086 3019
4089 2 2 6 1 2840 3133 2839
4090 2 2 6 1 2317 2509 2319
4091 2 2 6 1 2462 2477 1201
4092 2 2 6 1 2442 2488 1229
4093 2 2 6 1 2450 3218 1222
4094 2 2 6 1 2364 2500 2408
4095 2 2 6 1 2142 3066 1865
4096 2 2 6 1 1897 3360 2498
4097 2 2 6 1 2753 3087 2755
4098 2 2 6 1 2387 2389 1153
4099 2 2 6 1 2583 3240 2584
4100 2 2 6 1 1197 2435 2434
4101 2 2 6 1 1976 2508 2324
4102 2 2 6 1 3053 3112 2065
4103 2 2 6 1 1864 1865 1863
4104 2 2 6 1 2063 3112 2119
4105 2 2 6 1 2539 3148 2537
4106 2 2 6 1 2463 2464 2462
4107 2 2 6 1 1699 3344 2341
4108 2 2 6 1 1420 3087 2906
4109 2 2 6 1 1185 2133 1239
4110 2 2 6 1 1560 1562 1561
4111 2 2 6 1 574 3104 575
4112 2 2 6 1 2074 3103 2184
4113 2 2 6 1 1153 3018 823
4114 2 2 6 1 2271 3106 1991
4115 2 2 6 1 2314 3369 2313
4116 2 2 6 1 1958 3113 1866
4117 2 2 6 1 1941 3108 1979
4118 2 2 6 1 926 3115 925
4119 2 2 6 1 3083 3094 1602
4120 2 2 6 1 2307 3109 2158
4121 2 2 6 1 2366 3110 1996
4122 2 2 6 1 2297 3141 2344
4123 2 2 6 1 2494 3137 2495
4124 2 2 6 1 898 3132 1155
4125 2 2 6 1 2349 2350 2240
4126 2 2 6 1 1872 1967 1966
4127 2 2 6 1 1906 3113 2175
4128 2 2 6 1 2173 3088 2356
4129 2 2 6 1 1572 3089 3045
4130 2 2 6 1 1995 3090 2250
4131 2 2 6 1 1768 3091 3043
4132 2 2 6 1 1425 3092 1466
4133 2 2 6 1 2239 2240 1868
4134 2 2 6 1 2157 3093 2308
4135 2 2 6 1 2061 2064 2063
4136 2 2 6 1 2148 2149 2147
4137 2 2 6 1 2431 2432 2396
4138 2 2 6 1 1869 1911 1910
4139 2 2 6 1 2351 3206 1287
4140 2 2 6 1 803 3158 802
4141 2 2 6 1 2223 3127 2226
4142 2 2 6 1 3126 3129 2504
4143 2 2 6 1 2270 3095 2154
4144 2 2 6 1 1770 3096 1690
4145 2 2 6 1 1697 3097 1609
4146 2 2 6 1 1973 3098 1859
4147 2 2 6 1 2287 3099 2075
4148 2 2 6 1 1410 1411 1409
4149 2 2 6 1 831 3126 3100
4150 2 2 6 1 2180 3107 2150
4151 2 2 6 1 1865 3066 1863
4152 2 2 6 1 1735 1736 1734
4153 2 2 6 1 2338 3199 2339
4154 2 2 6 1 772 3288 50
4155 2 2 6 1 1761 3101 1596
4156 2 2 6 1 2250 3102 1997
4157 2 2 6 1 2079 3103 2071
4158 2 2 6 1 1986 3105 2162
4159 2 2 6 1 2138 3108 1939
4160 2 2 6 1 3028 3223 1168
4161 2 2 6 1 2231 3122 2283
4162 2 2 6 1 2156 3109 2270
4163 2 2 6 1 2066 3117 2079
4164 2 2 6 1 1994 3110 2176
4165 2 2 6 1 3121 3332 2267
4166 2 2 6 1 2126 3118 2167
4167 2 2 6 1 1232 3070 2437
4168 2 2 6 1 1207 3071 2478
4169 2 2 6 1 799 3261 798
4170 2 2 6 1 2167 3326 3265
4171 2 2 6 1 787 3159 1220
4172 2 2 6 1 2392 3065 1177
4173 2 2 6 1 1610 3179 1266
4174 2 2 6 1 1146 3121 581
4175 2 2 6 1 1251 3131 1253
4176 2 2 6 1 1288 3363 1286
4177 2 2 6 1 2560 3162 2558
4178 2 2 6 1 3004 3124 1237
4179 2 2 6 1 1564 3120 3046
4180 2 2 6 1 3064 3312 3063
4181 2 2 6 1 2282 3173 3168
4182 2 2 6 1 2388 3161 3146
4183 2 2 6 1 1231 3023 2447
4184 2 2 6 1 1185 3115 2133
4185 2 2 6 1 2258 3153 2234
4186 2 2 6 1 809 3165 1208
4187 2 2 6 1 2304 3068 2323
4188 2 2 6 1 2400 3387 2602
4189 2 2 6 1 3197 3294 3117
4190 2 2 6 1 2119 3112 3033
4191 2 2 6 1 2388 3146 2387
4192 2 2 6 1 2421 3369 1857
4193 2 2 6 1 902 3277 901
4194 2 2 6 1 1976 2324 2235
4195 2 2 6 1 2371 3160 2369
4196 2 2 6 1 3040 3366 1953
4197 2 2 6 1 1563 3116 1583
4198 2 2 6 1 1180 3126 832
4199 2 2 6 1 2310 3164 2856
4200 2 2 6 1 1174 3256 3251
4201 2 2 6 1 2504 3129 2505
4202 2 2 6 1 2384 3226 2284
4203 2 2 6 1 2123 2126 2125
4204 2 2 6 1 2351 3295 2344
4205 2 2 6 1 2427 3390 1737
4206 2 2 6 1 2364 2408 1454
4207 2 2 6 1 899 3132 898
4208 2 2 6 1 2374 3188 2405
4209 2 2 6 1 1864 1866 1865
4210 2 2 6 1 2227 3123 2127
4211 2 2 6 1 2839 3133 2122
4212 2 2 6 1 2509 3074 2319
4213 2 2 6 1 2407 3154 1186
4214 2 2 6 1 1177 2436 826
4215 2 2 6 1 1225 2440 778
4216 2 2 6 1 1231 2447 774
4217 2 2 6 1 1206 2452 790
4218 2 2 6 1 1201 2477 812
4219 2 2 6 1 1221 2455 780
4220 2 2 6 1 1159 2448 818
4221 2 2 6 1 1205 2439 795
4222 2 2 6 1 1184 2481 797
4223 2 2 6 1 895 2499 1197
4224 2 2 6 1 1200 2472 816
4225 2 2 6 1 1219 2473 782
4226 2 2 6 1 1209 2453 821
4227 2 2 6 1 1186 2487 792
4228 2 2 6 1 1172 2489 806
4229 2 2 6 1 1163 2460 814
4230 2 2 6 1 1208 2458 808
4231 2 2 6 1 1229 2488 776
4232 2 2 6 1 1562 1563 1561
4233 2 2 6 1 2389 3018 1153
4234 2 2 6 1 3153 3377 2234
4235 2 2 6 1 3005 3256 1174
4236 2 2 6 1 1227 3057 759
4237 2 2 6 1 736 3058 1226
4238 2 2 6 1 753 3055 1224
4239 2 2 6 1 1223 3059 742
4240 2 2 6 1 1872 2143 1967
4241 2 2 6 1 1180 3129 3126
4242 2 2 6 1 1869 1912 1911
4243 2 2 6 1 1410 1418 1411
4244 2 2 6 1 2064 2065 2063
4245 2 2 6 1 2464 3028 2462
4246 2 2 6 1 2149 2150 2147
4247 2 2 6 1 2539 3307 3148
4248 2 2 6 1 1735 1740 1736
4249 2 2 6 1 3005 3263 3256
4250 2 2 6 1 3241 3247 2283
4251 2 2 6 1 2495 3137 3086
4252 2 2 6 1 2582 3205 2583
4253 2 2 6 1 1199 3173 3132
4254 2 2 6 1 3179 3215 1678
4255 2 2 6 1 2396 3065 2392
4256 2 2 6 1 2126 2127 2125
4257 2 2 6 1 1197 2499 2435
4258 2 2 6 1 1562 1564 1563
4259 2 2 6 1 1866 1905 1865
4260 2 2 6 1 2064 2066 2065
4261 2 2 6 1 2143 2144 1967
4262 2 2 6 1 2149 2151 2150
4263 2 2 6 1 1912 1938 1911
4264 2 2 6 1 1418 1419 1411
4265 2 2 6 1 1740 1741 1736
4266 2 2 6 1 1211 3263 3005
4267 2 2 6 1 2126 2128 2127
4268 2 2 6 1 1984 3083 2168
4269 2 2 6 1 2447 2501 773
4270 2 2 6 1 1866 1906 1905
4271 2 2 6 1 1418 1422 1419
4272 2 2 6 1 1740 1766 1741
4273 2 2 6 1 1912 1939 1938
4274 2 2 6 1 2143 2145 2144
4275 2 2 6 1 1564 1568 1567
4276 2 2 6 1 2128 2130 2129
4277 2 2 6 1 2066 2071 2070
4278 2 2 6 1 2130 2132 2131
4279 2 2 6 1 2132 2135 2134
4280 2 2 6 1 2135 2219 2136
4281 2 2 6 1 2219 2221 2220
4282 2 2 6 1 2221 2265 2264
4283 2 2 6 1 2265 2315 2291
4284 2 2 6 1 2315 2317 2316
4285 2 2 6 1 2317 2319 2318
4286 2 2 6 1 2151 2153 2152
4287 2 2 6 1 1564 1567 1563
4288 2 2 6 1 1906 1955 1954
4289 2 2 6 1 1422 1425 1423
4290 2 2 6 1 1766 1768 1767
4291 2 2 6 1 1568 1570 1569
4292 2 2 6 1 2071 2074 2073
4293 2 2 6 1 1955 1957 1956
4294 2 2 6 1 1425 1427 1426
4295 2 2 6 1 1768 1858 1769
4296 2 2 6 1 1957 1975 1974
4297 2 2 6 1 1975 2171 2170
4298 2 2 6 1 2171 2173 2172
4299 2 2 6 1 1427 1451 1428
4300 2 2 6 1 2173 2280 2279
4301 2 2 6 1 1858 1894 1859
4302 2 2 6 1 2280 2282 2281
4303 2 2 6 1 1451 1461 1452
4304 2 2 6 1 2282 2328 2327
4305 2 2 6 1 1461 1464 1462
4306 2 2 6 1 1894 1896 1895
4307 2 2 6 1 2328 2330 2329
4308 2 2 6 1 1464 1467 1465
4309 2 2 6 1 1896 1903 1897
4310 2 2 6 1 1467 1479 1468
4311 2 2 6 1 1903 1981 1904
4312 2 2 6 1 1479 1594 1480
4313 2 2 6 1 1981 1984 1982
4314 2 2 6 1 1594 1596 1595
4315 2 2 6 1 1984 2168 1985
4316 2 2 6 1 1596 1608 1597
4317 2 2 6 1 2168 2233 2169
4318 2 2 6 1 1608 1670 1609
4319 2 2 6 1 2233 2257 2234
4320 2 2 6 1 1670 1689 1671
4321 2 2 6 1 2257 2303 2258
4322 2 2 6 1 1689 1691 1690
4323 2 2 6 1 2303 2305 2304
4324 2 2 6 1 1691 1762 1692
4325 2 2 6 1 1762 1853 1763
4326 2 2 6 1 2074 2076 2075
4327 2 2 6 1 1853 1855 1854
4328 2 2 6 1 1570 1572 1571
4329 2 2 6 1 1855 1868 1856
4330 2 2 6 1 2076 2078 2077
4331 2 2 6 1 2078 2223 2222
4332 2 2 6 1 1572 1576 1575
4333 2 2 6 1 2223 2225 2224
4334 2 2 6 1 2225 2295 2294
4335 2 2 6 1 1576 1580 1579
4336 2 2 6 1 2295 2297 2296
4337 2 2 6 1 1580 1582 1581
4338 2 2 6 1 2297 2343 2342
4339 2 2 6 1 1582 1585 1584
4340 2 2 6 1 2343 2346 2345
4341 2 2 6 1 1585 1607 1606
4342 2 2 6 1 2346 2348 2347
4343 2 2 6 1 1607 1618 1617
4344 2 2 6 1 1618 1620 1619
4345 2 2 6 1 1620 1686 1685
4346 2 2 6 1 1686 1704 1703
4347 2 2 6 1 1704 1756 1755
4348 2 2 6 1 1756 1758 1757
4349 2 2 6 1 1758 1884 1883
4350 2 2 6 1 1884 1899 1898
4351 2 2 6 1 1899 1901 1900
4352 2 2 6 1 1901 1946 1945
4353 2 2 6 1 1946 1995 1994
4354 2 2 6 1 1995 1997 1996
4355 2 2 6 1 1997 2179 2178
4356 2 2 6 1 2179 2229 2228
4357 2 2 6 1 2229 2263 2262
4358 2 2 6 1 2263 2312 2311
4359 2 2 6 1 2312 2314 2313
4360 2 2 6 1 2151 2152 2150
4361 2 2 6 1 2153 2155 2154
4362 2 2 6 1 2155 2157 2156
4363 2 2 6 1 2157 2159 2158
4364 2 2 6 1 2159 2164 2163
4365 2 2 6 1 2164 2166 2165
4366 2 2 6 1 2166 2245 2244
4367 2 2 6 1 2245 2247 2246
4368 2 2 6 1 2247 2293 2292
4369 2 2 6 1 2293 2302 2301
4370 2 2 6 1 2302 2321 2320
4371 2 2 6 1 2145 2146 2144
4372 2 2 6 1 2066 2070 2065
4373 2 2 6 1 1939 1940 1938
4374 2 2 6 1 1941 1942 1940
4375 2 2 6 1 1943 1986 1942
4376 2 2 6 1 1987 1989 1986
4377 2 2 6 1 1990 1991 1989
4378 2 2 6 1 1992 2181 1991
4379 2 2 6 1 2182 2272 2181
4380 2 2 6 1 2273 2274 2272
4381 2 2 6 1 2276 2277 2274
4382 2 2 6 1 1939 1941 1940
4383 2 2 6 1 1941 1943 1942
4384 2 2 6 1 1943 1987 1986
4385 2 2 6 1 2273 2276 2274
4386 2 2 6 1 2182 2273 2272
4387 2 2 6 1 1992 2182 2181
4388 2 2 6 1 1990 1992 1991
4389 2 2 6 1 1987 1990 1989
4390 2 2 6 1 2145 2147 2146
4391 2 2 6 1 1906 1954 1905
4392 2 2 6 1 2128 2129 2127
4393 2 2 6 1 1422 1423 1419
4394 2 2 6 1 1766 1767 1741
4395 2 2 6 1 2153 2154 2152
4396 2 2 6 1 2155 2156 2154
4397 2 2 6 1 2302 2320 2301
4398 2 2 6 1 2293 2301 2292
4399 2 2 6 1 2247 2292 2246
4400 2 2 6 1 2245 2246 2244
4401 2 2 6 1 2166 2244 2165
4402 2 2 6 1 2164 2165 2163
4403 2 2 6 1 2157 2158 2156
4404 2 2 6 1 2159 2163 2158
4405 2 2 6 1 1568 1569 1567
4406 2 2 6 1 2071 2073 2070
4407 2 2 6 1 1955 1956 1954
4408 2 2 6 1 1425 1426 1423
4409 2 2 6 1 1768 1769 1767
4410 2 2 6 1 1570 1571 1569
4411 2 2 6 1 2312 2313 2311
4412 2 2 6 1 2263 2311 2262
4413 2 2 6 1 2229 2262 2228
4414 2 2 6 1 2179 2228 2178
4415 2 2 6 1 1997 2178 1996
4416 2 2 6 1 2074 2075 2073
4417 2 2 6 1 1995 1996 1994
4418 2 2 6 1 1946 1994 1945
4419 2 2 6 1 1901 1945 1900
4420 2 2 6 1 1899 1900 1898
4421 2 2 6 1 1884 1898 1883
4422 2 2 6 1 1758 1883 1757
4423 2 2 6 1 1756 1757 1755
4424 2 2 6 1 1704 1755 1703
4425 2 2 6 1 1686 1703 1685
4426 2 2 6 1 1620 1685 1619
4427 2 2 6 1 1618 1619 1617
4428 2 2 6 1 1607 1617 1606
4429 2 2 6 1 2346 2347 2345
4430 2 2 6 1 1585 1606 1584
4431 2 2 6 1 2343 2345 2342
4432 2 2 6 1 1582 1584 1581
4433 2 2 6 1 2297 2342 2296
4434 2 2 6 1 1580 1581 1579
4435 2 2 6 1 2295 2296 2294
4436 2 2 6 1 1572 1575 1571
4437 2 2 6 1 1576 1579 1575
4438 2 2 6 1 2225 2294 2224
4439 2 2 6 1 2223 2224 2222
4440 2 2 6 1 2076 2077 2075
4441 2 2 6 1 2078 2222 2077
4442 2 2 6 1 1868 1869 1856
4443 2 2 6 1 1855 1856 1854
4444 2 2 6 1 1853 1854 1763
4445 2 2 6 1 1762 1763 1692
4446 2 2 6 1 2305 2306 2304
4447 2 2 6 1 1691 1692 1690
4448 2 2 6 1 2303 2304 2258
4449 2 2 6 1 1689 1690 1671
4450 2 2 6 1 2257 2258 2234
4451 2 2 6 1 1670 1671 1609
4452 2 2 6 1 2233 2234 2169
4453 2 2 6 1 1608 1609 1597
4454 2 2 6 1 2168 2169 1985
4455 2 2 6 1 1596 1597 1595
4456 2 2 6 1 1984 1985 1982
4457 2 2 6 1 1594 1595 1480
4458 2 2 6 1 1858 1859 1769
4459 2 2 6 1 1981 1982 1904
4460 2 2 6 1 1479 1480 1468
4461 2 2 6 1 1903 1904 1897
4462 2 2 6 1 1427 1428 1426
4463 2 2 6 1 1467 1468 1465
4464 2 2 6 1 1896 1897 1895
4465 2 2 6 1 1957 1974 1956
4466 2 2 6 1 1464 1465 1462
4467 2 2 6 1 1894 1895 1859
4468 2 2 6 1 2328 2329 2327
4469 2 2 6 1 1461 1462 1452
4470 2 2 6 1 2282 2327 2281
4471 2 2 6 1 1451 1452 1428
4472 2 2 6 1 2280 2281 2279
4473 2 2 6 1 2173 2279 2172
4474 2 2 6 1 2171 2172 2170
4475 2 2 6 1 1975 2170 1974
4476 2 2 6 1 2130 2131 2129
4477 2 2 6 1 2132 2134 2131
4478 2 2 6 1 2317 2318 2316
4479 2 2 6 1 2315 2316 2291
4480 2 2 6 1 2265 2291 2264
4481 2 2 6 1 2221 2264 2220
4482 2 2 6 1 2219 2220 2136
4483 2 2 6 1 2135 2136 2134
4484 2 2 6 1 1292 3283 1377
4485 2 2 6 1 1239 3084 1241
4486 2 2 6 1 1211 3267 3263
4487 2 2 6 1 1243 3085 1246
4488 2 2 6 1 2435 3254 2434
4489 2 2 6 1 3093 3339 2308
4490 2 2 6 1 3100 3126 2504
4491 2 2 6 1 1476 3291 1267
4492 2 2 6 1 3249 3321 1194
4493 2 2 6 1 1190 3159 788
4494 2 2 6 1 3012 3267 1211
4495 2 2 6 1 918 3354 917
4496 2 2 6 1 3012 3274 3267
4497 2 2 6 1 1478 3373 2412
4498 2 2 6 1 2380 3354 2379
4499 2 2 6 1 1168 3165 810
4500 2 2 6 1 3135 3181 2493
4501 2 2 6 1 1571 3119 1601
4502 2 2 6 1 801 3182 1182
4503 2 2 6 1 1984 3094 3083
4504 2 2 6 1 2133 3084 1239
4505 2 2 6 1 1165 3274 3012
4506 2 2 6 1 2141 3135 3080
4507 2 2 6 1 3038 3366 3040
4508 2 2 6 1 1165 3282 3274
4509 2 2 6 1 1177 3065 2436
4510 2 2 6 1 2506 3139 1179
4511 2 2 6 1 1583 3133 2840
4512 2 2 6 1 2347 3130 3101
4513 2 2 6 1 2328 3168 2331
4514 2 2 6 1 1173 3192 915
4515 2 2 6 1 3024 3079 1887
4516 2 2 6 1 1289 3206 1371
4517 2 2 6 1 1866 3113 1906
4518 2 2 6 1 2455 3143 1225
4519 2 2 6 1 2122 3133 3118
4520 2 2 6 1 2491 3167 3069
4521 2 2 6 1 3034 3283 1294
4522 2 2 6 1 2453 3145 2383
4523 2 2 6 1 3010 3282 1165
4524 2 2 6 1 2145 3172 2148
4525 2 2 6 1 3019 3137 2072
4526 2 2 6 1 2484 3152 1235
4527 2 2 6 1 3035 3265 3036
4528 2 2 6 1 3036 3260 1601
4529 2 2 6 1 1989 3106 3105
4530 2 2 6 1 1245 3085 1243
4531 2 2 6 1 3010 3287 3282
4532 2 2 6 1 3063 3312 1202
4533 2 2 6 1 2741 3191 2760
4534 2 2 6 1 917 3201 916
4535 2 2 6 1 1241 3084 1245
4536 2 2 6 1 3132 3173 2356
4537 2 2 6 1 1246 3085 1872
4538 2 2 6 1 1991 3106 1989
4539 2 2 6 1 2065 3112 2063
4540 2 2 6 1 2423 3147 1616
4541 2 2 6 1 3020 3056 1170
4542 2 2 6 1 1216 3287 3010
4543 2 2 6 1 3122 3241 2283
4544 2 2 6 1 1466 3128 1427
4545 2 2 6 1 1216 3293 3287
4546 2 2 6 1 2755 3114 2754
4547 2 2 6 1 1596 3101 1608
4548 2 2 6 1 1997 3102 2179
4549 2 2 6 1 2071 3103 2074
4550 2 2 6 1 1693 3163 3131
4551 2 2 6 1 1989 3105 1986
4552 2 2 6 1 1939 3108 1941
4553 2 2 6 1 2158 3109 2156
4554 2 2 6 1 1996 3110 1994
4555 2 2 6 1 1977 3235 3213
4556 2 2 6 1 2306 3068 2304
4557 2 2 6 1 2288 3283 3034
4558 2 2 6 1 3086 3137 3019
4559 2 2 6 1 2431 3289 1743
4560 2 2 6 1 3011 3293 1216
4561 2 2 6 1 2754 3114 1735
4562 2 2 6 1 3011 3297 3293
4563 2 2 6 1 1698 3361 2375
4564 2 2 6 1 2284 3305 2384
4565 2 2 6 1 1567 3116 1563
4566 2 2 6 1 2452 3376 2270
4567 2 2 6 1 50 3288 771
4568 2 2 6 1 1730 3203 1737
4569 2 2 6 1 576 3199 577
4570 2 2 6 1 2449 3377 3153
4571 2 2 6 1 3080 3135 1677
4572 2 2 6 1 2583 3205 3124
4573 2 2 6 1 1154 3297 3011
4574 2 2 6 1 2381 3249 1220
4575 2 2 6 1 1154 3302 3297
4576 2 2 6 1 3071 3170 3073
4577 2 2 6 1 1146 3332 3121
4578 2 2 6 1 1271 3234 1450
4579 2 2 6 1 2271 3182 3158
4580 2 2 6 1 1575 3119 1571
4581 2 2 6 1 2426 3289 2395
4582 2 2 6 1 833 3209 1180
4583 2 2 6 1 2537 3148 2540
4584 2 2 6 1 3154 3224 1186
4585 2 2 6 1 3013 3302 1154
4586 2 2 6 1 2078 3127 2223
4587 2 2 6 1 3098 3146 1780
4588 2 2 6 1 2177 3217 2310
4589 2 2 6 1 3013 3307 3302
4590 2 2 6 1 2594 3220 2597
4591 2 2 6 1 2892 3220 2596
4592 2 2 6 1 1148 3214 835
4593 2 2 6 1 1427 3128 1451
4594 2 2 6 1 1235 3152 3023
4595 2 2 6 1 1958 3387 2400
4596 2 2 6 1 758 3057 1195
4597 2 2 6 1 1196 3058 737
4598 2 2 6 1 785 3249 1194
4599 2 2 6 1 1210 3307 3013
4600 2 2 6 1 2305 3140 2306
4601 2 2 6 1 3168 3173 1199
4602 2 2 6 1 760 3151 1227
4603 2 2 6 1 1226 3150 735
4604 2 2 6 1 836 3222 1148
4605 2 2 6 1 2179 3134 2229
4606 2 2 6 1 2160 3244 3064
4607 2 2 6 1 3061 3370 2568
4608 2 2 6 1 1743 3229 1734
4609 2 2 6 1 3078 3315 2370
4610 2 2 6 1 2240 3125 1868
4611 2 2 6 1 1869 3125 1912
4612 2 2 6 1 2598 3231 2599
4613 2 2 6 1 2600 3231 2644
4614 2 2 6 1 1178 3228 838
4615 2 2 6 1 1735 3114 1740
4616 2 2 6 1 3121 3309 582
4617 2 2 6 1 2440 3221 2441
4618 2 2 6 1 1872 3085 2143
4619 2 2 6 1 1222 3218 3167
4620 2 2 6 1 2326 3219 2172
4621 2 2 6 1 1887 3180 1686
4622 2 2 6 1 1608 3130 1670
4623 2 2 6 1 2248 3393 2508
4624 2 2 6 1 3143 3221 1225
4625 2 2 6 1 1573 3156 3120
4626 2 2 6 1 2394 3289 2431
4627 2 2 6 1 1868 3125 1869
4628 2 2 6 1 2450 3285 3218
4629 2 2 6 1 839 3233 1178
4630 2 2 6 1 914 3192 2490
4631 2 2 6 1 3148 3307 1210
4632 2 2 6 1 2220 3207 2136
4633 2 2 6 1 2284 3226 1985
4634 2 2 6 1 1615 3184 2415
4635 2 2 6 1 2251 3242 2922
4636 2 2 6 1 2643 3242 2252
4637 2 2 6 1 2417 3294 3197
4638 2 2 6 1 1151 3236 841
4639 2 2 6 1 788 3159 787
4640 2 2 6 1 1902 3142 1853
4641 2 2 6 1 1410 3138 1418
4642 2 2 6 1 2316 3212 2291
4643 2 2 6 1 2323 3153 2258
4644 2 2 6 1 1853 3142 1855
4645 2 2 6 1 863 3241 1189
4646 2 2 6 1 3260 3326 3116
4647 2 2 6 1 755 3056 754
4648 2 2 6 1 741 3061 740
4649 2 2 6 1 2674 3248 2335
4650 2 2 6 1 2922 3248 2921
4651 2 2 6 1 1480 3136 1602
4652 2 2 6 1 3046 3216 3047
4653 2 2 6 1 1595 3136 1480
4654 2 2 6 1 842 3245 1151
4655 2 2 6 1 1213 3245 843
4656 2 2 6 1 2283 3251 2230
4657 2 2 6 1 1756 3239 1959
4658 2 2 6 1 1174 3247 865
4659 2 2 6 1 1602 3136 3083
4660 2 2 6 1 810 3165 809
4661 2 2 6 1 1691 3227 1762
4662 2 2 6 1 3052 3169 3111
4663 2 2 6 1 1368 3207 3034
4664 2 2 6 1 2420 3351 1605
4665 2 2 6 1 761 3151 760
4666 2 2 6 1 735 3150 734
4667 2 2 6 1 844 3252 1213
4668 2 2 6 1 3066 3156 3075
4669 2 2 6 1 49 3310 947
4670 2 2 6 1 2482 3365 2290
4671 2 2 6 1 1149 3320 3317
4672 2 2 6 1 2547 3264 2549
4673 2 2 6 1 2309 3264 2259
4674 2 2 6 1 1187 3246 2486
4675 2 2 6 1 1158 3257 846
4676 2 2 6 1 1879 3174 3160
4677 2 2 6 1 1228 3285 2450
4678 2 2 6 1 577 3255 578
4679 2 2 6 1 2528 3268 2529
4680 2 2 6 1 2170 3219 3157
4681 2 2 6 1 2183 3154 2407
4682 2 2 6 1 3138 3183 1684
4683 2 2 6 1 1377 3382 1290
4684 2 2 6 1 2707 3275 2900
4685 2 2 6 1 2549 3275 2548
4686 2 2 6 1 3131 3163 2275
4687 2 2 6 1 938 3384 937
4688 2 2 6 1 2456 3143 2455
4689 2 2 6 1 3009 3320 1149
4690 2 2 6 1 3077 3138 1410
4691 2 2 6 1 3107 3154 2146
4692 2 2 6 1 2300 3253 1938
4693 2 2 6 1 847 3269 1158
4694 2 2 6 1 1212 3269 848
4695 2 2 6 1 1898 3144 1883
4696 2 2 6 1 2221 3262 2333
4697 2 2 6 1 2130 3265 3035
4698 2 2 6 1 3009 3323 3320
4699 2 2 6 1 3065 3161 2388
4700 2 2 6 1 1601 3260 1569
4701 2 2 6 1 2418 3184 1615
4702 2 2 6 1 2243 3286 2902
4703 2 2 6 1 2900 3286 2899
4704 2 2 6 1 2149 3244 2160
4705 2 2 6 1 3278 3351 2269
4706 2 2 6 1 2249 3290 2336
4707 2 2 6 1 2285 3196 2135
4708 2 2 6 1 849 3281 1212
4709 2 2 6 1 1167 3281 850
4710 2 2 6 1 2077 3195 2287
4711 2 2 6 1 2341 3266 2224
4712 2 2 6 1 2573 3238 1218
4713 2 2 6 1 2454 3145 2453
4714 2 2 6 1 1215 3323 3009
4715 2 2 6 1 3102 3134 2179
4716 2 2 6 1 1880 3279 1763
4717 2 2 6 1 2332 3301 2253
4718 2 2 6 1 2255 3301 2929
4719 2 2 6 1 851 3292 1167
4720 2 2 6 1 2273 3163 2276
4721 2 2 6 1 1987 3278 2269
4722 2 2 6 1 3303 3314 2540
4723 2 2 6 1 1181 3296 853
4724 2 2 6 1 2170 3157 1974
4725 2 2 6 1 2448 3305 2449
4726 2 2 6 1 2434 3254 2175
4727 2 2 6 1 876 3303 1210
4728 2 2 6 1 1582 3299 1698
4729 2 2 6 1 2558 3162 2561
4730 2 2 6 1 1245 3172 3085
4731 2 2 6 1 2435 3329 3254
4732 2 2 6 1 2522 3313 2524
4733 2 2 6 1 2930 3313 2278
4734 2 2 6 1 3033 3138 3077
4735 2 2 6 1 854 3306 1181
4736 2 2 6 1 2540 3317 2538
4737 2 2 6 1 3016 3268 2526
4738 2 2 6 1 1188 3308 856
4739 2 2 6 1 2072 3197 3117
4740 2 2 6 1 3027 3141 2295
4741 2 2 6 1 1149 3314 878
4742 2 2 6 1 1207 3170 3071
4743 2 2 6 1 3283 3324 1377
4744 2 2 6 1 857 3316 1188
4745 2 2 6 1 1236 3316 858
4746 2 2 6 1 1993 3144 2500
4747 2 2 6 1 2136 3166 2134
4748 2 2 6 1 1883 3144 1993
4749 2 2 6 1 2446 3170 1207
4750 2 2 6 1 2266 3332 2846
4751 2 2 6 1 1864 3387 1958
4752 2 2 6 1 2602 3387 1861
4753 2 2 6 1 2339 3335 2587
4754 2 2 6 1 2679 3330 2841
4755 2 2 6 1 2678 3327 2679
4756 2 2 6 1 2433 3175 1152
4757 2 2 6 1 3091 3345 3051
4758 2 2 6 1 3075 3156 1573
4759 2 2 6 1 1953 3359 3040
4760 2 2 6 1 1975 3329 2174
4761 2 2 6 1 3101 3130 1608
4762 2 2 6 1 889 3353 888
4763 2 2 6 1 3016 3304 587
4764 2 2 6 1 3023 3152 2447
4765 2 2 6 1 1467 3344 1699
4766 2 2 6 1 887 3347 1150
4767 2 2 6 1 2856 3164 2567
4768 2 2 6 1 1896 3366 3038
4769 2 2 6 1 3330 3334 2841
4770 2 2 6 1 2302 3352 2334
4771 2 2 6 1 1956 3270 1954
4772 2 2 6 1 2274 3273 2272
4773 2 2 6 1 3104 3355 2553
4774 2 2 6 1 2470 3319 1162
4775 2 2 6 1 583 3309 1218
4776 2 2 6 1 2841 3334 2696
4777 2 2 6 1 2572 3309 3121
4778 2 2 6 1 2295 3141 2297
4779 2 2 6 1 2280 3173 2282
4780 2 2 6 1 2375 3361 2281
4781 2 2 6 1 3069 3167 2166
4782 2 2 6 1 1196 3187 3164
4783 2 2 6 1 3327 3330 2679
4784 2 2 6 1 3130 3174 1879
4785 2 2 6 1 2481 3365 2482
4786 2 2 6 1 2412 3373 3017
4787 2 2 6 1 3334 3342 2696
4788 2 2 6 1 1220 3249 786
4789 2 2 6 1 2430 3278 1979
4790 2 2 6 1 2505 3390 2428
4791 2 2 6 1 2696 3342 2704
4792 2 2 6 1 2396 3161 3065
4793 2 2 6 1 1982 3226 1983
4794 2 2 6 1 1175 3158 803
4795 2 2 6 1 2166 3167 2245
4796 2 2 6 1 2151 3178 2153
4797 2 2 6 1 3342 3348 2704
4798 2 2 6 1 3062 3279 1880
4799 2 2 6 1 1428 3176 1426
4800 2 2 6 1 2275 3163 2273
4801 2 2 6 1 1672 3185 3136
4802 2 2 6 1 1189 3241 3122
4803 2 2 6 1 2704 3348 2825
4804 2 2 6 1 754 3056 3055
4805 2 2 6 1 3059 3061 741
4806 2 2 6 1 900 3202 1199
4807 2 2 6 1 2568 3356 1169
4808 2 2 6 1 1974 3157 2268
4809 2 2 6 1 2384 3305 1159
4810 2 2 6 1 2168 3185 2233
4811 2 2 6 1 739 3187 738
4812 2 2 6 1 3085 3172 2143
4813 2 2 6 1 1907 3383 2390
4814 2 2 6 1 3348 3349 2825
4815 2 2 6 1 2146 3154 2183
4816 2 2 6 1 2825 3349 2560
4817 2 2 6 1 1266 3179 1264
4818 2 2 6 1 3185 3237 2233
4819 2 2 6 1 3163 3213 2276
4820 2 2 6 1 2432 3161 2396
4821 2 2 6 1 3124 3240 2583
4822 2 2 6 1 3004 3240 3124
4823 2 2 6 1 2366 3215 3179
4824 2 2 6 1 1689 3193 1691
4825 2 2 6 1 770 3310 49
4826 2 2 6 1 1904 3360 1897
4827 2 2 6 1 2319 3385 2318
4828 2 2 6 1 1226 3338 3150
4829 2 2 6 1 3058 3217 1226
4830 2 2 6 1 2385 3386 2499
4831 2 2 6 1 2493 3181 1357
4832 2 2 6 1 2134 3166 2298
4833 2 2 6 1 3107 3224 3154
4834 2 2 6 1 2508 3393 3149
4835 2 2 6 1 2242 3223 3186
4836 2 2 6 1 2286 3258 2263
4837 2 2 6 1 2175 3254 1955
4838 2 2 6 1 2142 3156 3066
4839 2 2 6 1 2262 3333 3280
4840 2 2 6 1 2447 3152 2501
4841 2 2 6 1 2167 3265 2128
4842 2 2 6 1 3111 3169 1420
4843 2 2 6 1 3106 3158 1175
4844 2 2 6 1 2568 3370 2137
4845 2 2 6 1 3346 3357 3139
4846 2 2 6 1 3166 3207 1368
4847 2 2 6 1 46 3337 859
4848 2 2 6 1 860 3336 47
4849 2 2 6 1 1911 3253 2241
4850 2 2 6 1 2165 3204 2163
4851 2 2 6 1 1692 3279 1770
4852 2 2 6 1 1979 3278 1943
4853 2 2 6 1 3087 3169 2755
4854 2 2 6 1 1743 3367 2431
4855 2 2 6 1 3047 3380 1592
4856 2 2 6 1 2228 3215 2178
4857 2 2 6 1 3127 3325 2226
4858 2 2 6 1 802 3182 801
4859 2 2 6 1 1230 3177 939
4860 2 2 6 1 2344 3295 2343
4861 2 2 6 1 2369 3160 3067
4862 2 2 6 1 1665 3299 1580
4863 2 2 6 1 3020 3198 3055
4864 2 2 6 1 734 3337 46
4865 2 2 6 1 47 3336 761
4866 2 2 6 1 3146 3211 2387
4867 2 2 6 1 3148 3303 2540
4868 2 2 6 1 2466 3341 2468
4869 2 2 6 1 2529 3238 2967
4870 2 2 6 1 901 3202 900
4871 2 2 6 1 2381 3321 3249
4872 2 2 6 1 2356 3173 2280
4873 2 2 6 1 1362 3325 2419
4874 2 2 6 1 3156 3216 3120
4875 2 2 6 1 1420 3169 3087
4876 2 2 6 1 574 3355 3104
4877 2 2 6 1 2371 3193 3160
4878 2 2 6 1 1152 3175 2398
4879 2 2 6 1 2271 3158 3106
4880 2 2 6 1 2401 3213 1693
4881 2 2 6 1 3208 3373 1478
4882 2 2 6 1 3200 3284 3244
4883 2 2 6 1 2282 3168 2328
4884 2 2 6 1 1583 3189 3133
4885 2 2 6 1 1210 3303 3148
4886 2 2 6 1 3091 3328 3043
4887 2 2 6 1 2347 3174 3130
4888 2 2 6 1 3200 3244 2148
4889 2 2 6 1 572 3372 1193
4890 2 2 6 1 1614 3344 1464
4891 2 2 6 1 2405 3188 2406
4892 2 2 6 1 1357 3250 2413
4893 2 2 6 1 915 3192 914
4894 2 2 6 1 2498 3358 1897
4895 2 2 6 1 1581 3343 1676
4896 2 2 6 1 2143 3172 2145
4897 2 2 6 1 3052 3232 3169
4898 2 2 6 1 2348 3174 2347
4899 2 2 6 1 3133 3189 3118
4900 2 2 6 1 1953 3366 1894
4901 2 2 6 1 2524 3338 2523
4902 2 2 6 1 2272 3210 2181
4903 2 2 6 1 1954 3259 1905
4904 2 2 6 1 2279 3361 2326
4905 2 2 6 1 1895 3358 1973
4906 2 2 6 1 2169 3377 2284
4907 2 2 6 1 2137 3370 3060
4908 2 2 6 1 1703 3383 1907
4909 2 2 6 1 3104 3335 1157
4910 2 2 6 1 3123 3181 2140
4911 2 2 6 1 2160 3178 2151
4912 2 2 6 1 1228 3352 3285
4913 2 2 6 1 2459 3331 2458
4914 2 2 6 1 2076 3272 2078
4915 2 2 6 1 588 3304 1192
4916 2 2 6 1 1426 3176 1443
4917 2 2 6 1 3265 3326 3036
4918 2 2 6 1 2299 3208 3144
4919 2 2 6 1 1192 3300 589
4920 2 2 6 1 1693 3213 3163
4921 2 2 6 1 1736 3367 1743
4922 2 2 6 1 2419 3325 3127
4923 2 2 6 1 3139 3357 1179
4924 2 2 6 1 2445 3371 1232
4925 2 2 6 1 3212 3382 1377
4926 2 2 6 1 1737 3191 2741
4927 2 2 6 1 2476 3190 1176
4928 2 2 6 1 3033 3183 3138
4929 2 2 6 1 1150 3347 3162
4930 2 2 6 1 2438 3194 1230
4931 2 2 6 1 3074 3230 2319
4932 2 2 6 1 1193 3355 573
4933 2 2 6 1 1686 3180 1704
4934 2 2 6 1 2142 3216 3156
4935 2 2 6 1 2246 3321 2244
4936 2 2 6 1 3073 3170 2161
4937 2 2 6 1 3329 3386 2174
4938 2 2 6 1 3116 3189 1583
4939 2 2 6 1 2291 3324 2264
4940 2 2 6 1 3098 3211 3146
4941 2 2 6 1 1287 3206 1289
4942 2 2 6 1 2602 3346 2400
4943 2 2 6 1 1156 3268 3016
4944 2 2 6 1 3136 3185 3083
4945 2 2 6 1 1567 3260 3116
4946 2 2 6 1 2415 3368 2416
4947 2 2 6 1 1230 3194 3177
4948 2 2 6 1 3112 3183 3033
4949 2 2 6 1 2387 3211 2389
4950 2 2 6 1 3352 3384 2334
4951 2 2 6 1 2417 3197 2494
4952 2 2 6 1 1672 3237 3185
4953 2 2 6 1 3172 3200 2148
4954 2 2 6 1 2552 3335 3104
4955 2 2 6 1 3183 3271 1684
4956 2 2 6 1 1199 3202 3168
4957 2 2 6 1 2242 3186 3082
4958 2 2 6 1 2446 3225 3170
4959 2 2 6 1 1879 3193 1689
4960 2 2 6 1 1171 3225 2446
4961 2 2 6 1 3102 3378 1198
4962 2 2 6 1 1186 3224 2487
4963 2 2 6 1 2181 3210 2271
4964 2 2 6 1 2137 3060 2692
4965 2 2 6 1 3053 3183 3112
4966 2 2 6 1 2262 3280 2228
4967 2 2 6 1 3191 3390 2505
4968 2 2 6 1 3083 3185 2168
4969 2 2 6 1 1157 3199 576
4970 2 2 6 1 3160 3193 1879
4971 2 2 6 1 2305 3362 3096
4972 2 2 6 1 1732 3203 1730
4973 2 2 6 1 3053 3271 3183
4974 2 2 6 1 2500 3208 2360
4975 2 2 6 1 3182 3210 1182
4976 2 2 6 1 2487 3276 1206
4977 2 2 6 1 2430 3351 3278
4978 2 2 6 1 2967 3238 2573
4979 2 2 6 1 2370 3315 2371
4980 2 2 6 1 2421 3381 2313
4981 2 2 6 1 2322 3223 2242
4982 2 2 6 1 2402 3212 2316
4983 2 2 6 1 738 3187 1196
4984 2 2 6 1 2314 3298 2380
4985 2 2 6 1 2222 3195 2077
4986 2 2 6 1 834 3209 833
4987 2 2 6 1 2135 3196 2219
4988 2 2 6 1 3162 3347 2561
4989 2 2 6 1 2228 3280 3215
4990 2 2 6 1 3280 3333 2411
4991 2 2 6 1 3115 3312 2133
4992 2 2 6 1 1732 3229 3203
4993 2 2 6 1 834 3214 3209
4994 2 2 6 1 3224 3276 2487
4995 2 2 6 1 2693 3300 1192
4996 2 2 6 1 835 3214 834
4997 2 2 6 1 1678 3280 2411
4998 2 2 6 1 3114 3232 1893
4999 2 2 6 1 1466 3350 3099
5000 2 2 6 1 916 3201 1173
5001 2 2 6 1 2523 3217 2177
5002 2 2 6 1 3170 3225 2161
5003 2 2 6 1 1269 3234 1271
5004 2 2 6 1 1762 3227 1902
5005 2 2 6 1 2596 3220 2594
5006 2 2 6 1 3169 3232 2755
5007 2 2 6 1 1195 3374 757
5008 2 2 6 1 589 3300 590
5009 2 2 6 1 1194 3388 2376
5010 2 2 6 1 2163 3204 2307
5011 2 2 6 1 3180 3239 1704
5012 2 2 6 1 3168 3202 2331
5013 2 2 6 1 837 3222 836
5014 2 2 6 1 2161 3225 3090
5015 2 2 6 1 3118 3189 2167
5016 2 2 6 1 1182 3340 800
5017 2 2 6 1 837 3228 3222
5018 2 2 6 1 2760 3389 2761
5019 2 2 6 1 838 3228 837
5020 2 2 6 1 3015 3290 2846
5021 2 2 6 1 2133 3284 3084
5022 2 2 6 1 3036 3326 3260
5023 2 2 6 1 2178 3215 2366
5024 2 2 6 1 3167 3218 2245
5025 2 2 6 1 1734 3229 1732
5026 2 2 6 1 2599 3231 2600
5027 2 2 6 1 2497 3243 2498
5028 2 2 6 1 2403 3325 1362
5029 2 2 6 1 3181 3250 1357
5030 2 2 6 1 3084 3200 1245
5031 2 2 6 1 1288 3382 2402
5032 2 2 6 1 840 3233 839
5033 2 2 6 1 3040 3359 3041
5034 2 2 6 1 3232 3345 1893
5035 2 2 6 1 2172 3219 2170
5036 2 2 6 1 1217 3290 3015
5037 2 2 6 1 1269 3291 3234
5038 2 2 6 1 2233 3237 2257
5039 2 2 6 1 840 3236 3233
5040 2 2 6 1 1245 3200 3172
5041 2 2 6 1 786 3249 785
5042 2 2 6 1 841 3236 840
5043 2 2 6 1 3270 3380 3047
5044 2 2 6 1 2245 3218 2247
5045 2 2 6 1 3097 3237 1672
5046 2 2 6 1 571 3372 572
5047 2 2 6 1 1189 3240 3004
5048 2 2 6 1 864 3241 863
5049 2 2 6 1 2252 3242 2251
5050 2 2 6 1 1985 3226 1982
5051 2 2 6 1 1218 3238 3014
5052 2 2 6 1 3216 3259 3047
5053 2 2 6 1 3196 3262 2219
5054 2 2 6 1 1233 3310 770
5055 2 2 6 1 2567 3356 2568
5056 2 2 6 1 2222 3266 3195
5057 2 2 6 1 843 3245 842
5058 2 2 6 1 864 3247 3241
5059 2 2 6 1 1225 3221 2440
5060 2 2 6 1 3137 3197 2072
5061 2 2 6 1 2413 3392 1613
5062 2 2 6 1 2451 3246 1187
5063 2 2 6 1 865 3247 864
5064 2 2 6 1 2921 3248 2674
5065 2 2 6 1 3144 3208 2500
5066 2 2 6 1 2136 3207 3166
5067 2 2 6 1 1294 3283 1292
5068 2 2 6 1 800 3340 799
5069 2 2 6 1 771 3288 1233
5070 2 2 6 1 2230 3251 2232
5071 2 2 6 1 1973 3211 3098
5072 2 2 6 1 2395 3289 2394
5073 2 2 6 1 845 3252 844
5074 2 2 6 1 1973 3358 3243
5075 2 2 6 1 2268 3270 1956
5076 2 2 6 1 1267 3291 1269
5077 2 2 6 1 3251 3256 2232
5078 2 2 6 1 2340 3273 2274
5079 2 2 6 1 1193 3393 2556
5080 2 2 6 1 2494 3197 3137
5081 2 2 6 1 845 3257 3252
5082 2 2 6 1 3052 3345 3232
5083 2 2 6 1 3123 3250 3181
5084 2 2 6 1 2232 3256 2783
5085 2 2 6 1 1193 3372 3149
5086 2 2 6 1 798 3261 1184
5087 2 2 6 1 846 3257 845
5088 2 2 6 1 1684 3271 3092
5089 2 2 6 1 578 3255 1217
5090 2 2 6 1 2416 3294 2417
5091 2 2 6 1 3256 3263 2783
5092 2 2 6 1 1857 3369 2378
5093 2 2 6 1 1704 3239 1756
5094 2 2 6 1 1907 3230 3074
5095 2 2 6 1 2148 3244 2149
5096 2 2 6 1 2783 3263 2542
5097 2 2 6 1 1171 3322 3225
5098 2 2 6 1 2259 3264 2547
5099 2 2 6 1 3263 3267 2542
5100 2 2 6 1 2390 3379 1907
5101 2 2 6 1 2457 3322 1171
5102 2 2 6 1 2180 3276 3224
5103 2 2 6 1 3120 3216 3046
5104 2 2 6 1 2542 3267 2237
5105 2 2 6 1 2526 3268 2528
5106 2 2 6 1 1424 3385 2410
5107 2 2 6 1 1162 3277 902
5108 2 2 6 1 848 3269 847
5109 2 2 6 1 1613 3392 3054
5110 2 2 6 1 2276 3235 2277
5111 2 2 6 1 3267 3274 2237
5112 2 2 6 1 3095 3276 2180
5113 2 2 6 1 2180 3224 3107
5114 2 2 6 1 2458 3331 1172
5115 2 2 6 1 2237 3274 2238
5116 2 2 6 1 2548 3275 2707
5117 2 2 6 1 3218 3285 2247
5118 2 2 6 1 3274 3282 2238
5119 2 2 6 1 2238 3282 2918
5120 2 2 6 1 3187 3356 3164
5121 2 2 6 1 3029 3341 2466
5122 2 2 6 1 850 3281 849
5123 2 2 6 1 2271 3210 3182
5124 2 2 6 1 3282 3287 2918
5125 2 2 6 1 1233 3288 2501
5126 2 2 6 1 2501 3288 772
5127 2 2 6 1 2755 3232 3114
5128 2 2 6 1 2899 3286 2243
5129 2 2 6 1 2918 3287 2576
5130 2 2 6 1 1938 3253 1911
5131 2 2 6 1 3237 3318 2257
5132 2 2 6 1 1893 3345 3091
5133 2 2 6 1 2846 3290 2249
5134 2 2 6 1 1902 3315 3078
5135 2 2 6 1 3287 3293 2576
5136 2 2 6 1 2263 3258 2312
5137 2 2 6 1 1955 3254 1957
5138 2 2 6 1 1905 3259 2142
5139 2 2 6 1 2576 3293 2575
5140 2 2 6 1 757 3374 756
5141 2 2 6 1 852 3292 851
5142 2 2 6 1 1569 3260 1567
5143 2 2 6 1 3017 3373 2299
5144 2 2 6 1 3293 3297 2575
5145 2 2 6 1 2219 3262 2221
5146 2 2 6 1 852 3296 3292
5147 2 2 6 1 2128 3265 2130
5148 2 2 6 1 1180 3375 3129
5149 2 2 6 1 2575 3297 2577
5150 2 2 6 1 853 3296 852
5151 2 2 6 1 3297 3302 2577
5152 2 2 6 1 2224 3266 2222
5153 2 2 6 1 1286 3363 1424
5154 2 2 6 1 2363 3379 2390
5155 2 2 6 1 2253 3301 2255
5156 2 2 6 1 2577 3302 2578
5157 2 2 6 1 877 3303 876
5158 2 2 6 1 3043 3328 3044
5159 2 2 6 1 3302 3307 2578
5160 2 2 6 1 2457 3378 3322
5161 2 2 6 1 587 3304 588
5162 2 2 6 1 2578 3307 2539
5163 2 2 6 1 855 3306 854
5164 2 2 6 1 1202 3312 3115
5165 2 2 6 1 1763 3279 1692
5166 2 2 6 1 2184 3272 2076
5167 2 2 6 1 2451 3339 3246
5168 2 2 6 1 3258 3298 2312
5169 2 2 6 1 855 3308 3306
5170 2 2 6 1 877 3314 3303
5171 2 2 6 1 856 3308 855
5172 2 2 6 1 2371 3315 3227
5173 2 2 6 1 3225 3322 3090
5174 2 2 6 1 2256 3271 3053
5175 2 2 6 1 3215 3280 1678
5176 2 2 6 1 3051 3345 3052
5177 2 2 6 1 1290 3382 1288
5178 2 2 6 1 582 3309 583
5179 2 2 6 1 1943 3278 1987
5180 2 2 6 1 2278 3313 2522
5181 2 2 6 1 878 3314 877
5182 2 2 6 1 2235 3198 3020
5183 2 2 6 1 2288 3324 3283
5184 2 2 6 1 2538 3317 2764
5185 2 2 6 1 858 3316 857
5186 2 2 6 1 859 3337 1236
5187 2 2 6 1 1237 3336 860
5188 2 2 6 1 3276 3376 1206
5189 2 2 6 1 3317 3320 2764
5190 2 2 6 1 1162 3319 3277
5191 2 2 6 1 3294 3368 2079
5192 2 2 6 1 2247 3285 2293
5193 2 2 6 1 2764 3320 2677
5194 2 2 6 1 3097 3318 3237
5195 2 2 6 1 2257 3318 2303
5196 2 2 6 1 2416 3368 3294
5197 2 2 6 1 3320 3323 2677
5198 2 2 6 1 1983 3360 1904
5199 2 2 6 1 2677 3323 2678
5200 2 2 6 1 2311 3333 2262
5201 2 2 6 1 2312 3298 2314
5202 2 2 6 1 2484 3310 1233
5203 2 2 6 1 3054 3392 2227
5204 2 2 6 1 2343 3295 2346
5205 2 2 6 1 3271 3350 3092
5206 2 2 6 1 1580 3299 1582
5207 2 2 6 1 1198 3378 2457
5208 2 2 6 1 3006 3327 1215
5209 2 2 6 1 3254 3329 1957
5210 2 2 6 1 2324 3198 2235
5211 2 2 6 1 2227 3250 3123
5212 2 2 6 1 2311 3381 3333
5213 2 2 6 1 1164 3330 3006
5214 2 2 6 1 2256 3350 3271
5215 2 2 6 1 2267 3332 2266
5216 2 2 6 1 1176 3354 918
5217 2 2 6 1 2587 3335 2552
5218 2 2 6 1 1164 3334 3330
5219 2 2 6 1 3103 3368 2415
5220 2 2 6 1 1203 3339 2451
5221 2 2 6 1 3007 3334 1164
5222 2 2 6 1 3006 3330 3327
5223 2 2 6 1 3099 3350 2256
5224 2 2 6 1 3318 3362 2303
5225 2 2 6 1 3007 3342 3334
5226 2 2 6 1 2559 3346 2602
5227 2 2 6 1 1214 3342 3007
5228 2 2 6 1 2411 3333 1771
5229 2 2 6 1 888 3347 887
5230 2 2 6 1 1214 3348 3342
5231 2 2 6 1 2561 3357 2559
5232 2 2 6 1 3008 3348 1214
5233 2 2 6 1 3008 3349 3348
5234 2 2 6 1 1206 3376 2452
5235 2 2 6 1 3096 3362 1697
5236 2 2 6 1 1592 3380 3089
5237 2 2 6 1 1150 3349 3008
5238 2 2 6 1 3322 3378 2250
5239 2 2 6 1 3149 3393 1193
5240 2 2 6 1 1160 3300 2693
5241 2 2 6 1 3089 3380 2268
5242 2 2 6 1 1179 3353 889
5243 2 2 6 1 1159 3305 2448
5244 2 2 6 1 573 3355 574
5245 2 2 6 1 3285 3352 2293
5246 2 2 6 1 947 3310 2484
5247 2 2 6 1 2244 3321 2381
5248 2 2 6 1 2761 3375 2893
5249 2 2 6 1 3171 3374 1195
5250 2 2 6 1 3363 3385 1424
5251 2 2 6 1 2264 3324 2288
5252 2 2 6 1 3295 3364 2346
5253 2 2 6 1 2428 3390 2427
5254 2 2 6 1 1697 3362 3318
5255 2 2 6 1 3213 3235 2276
5256 2 2 6 1 2556 3393 2248
5257 2 2 6 1 3117 3294 2079
5258 2 2 6 1 2435 3386 3329
5259 2 2 6 1 1957 3329 1975
5260 2 2 6 1 3095 3376 3276
5261 2 2 6 1 3333 3381 1771
5262 2 2 6 1 2400 3346 3139
5263 2 2 6 1 2303 3362 2305
5264 2 2 6 1 1584 3343 1581
5265 2 2 6 1 1464 3344 1467
5266 2 2 6 1 2313 3381 2311
5267 2 2 6 1 1737 3390 3191
5268 2 2 6 1 3026 3391 2582
5269 2 2 6 1 2246 3388 3321
5270 2 2 6 1 1861 3387 1864
5271 2 2 6 1 3273 3340 1182
5272 2 2 6 1 2559 3357 3346
5273 2 2 6 1 1605 3351 2430
5274 2 2 6 1 2293 3352 2302
5275 2 2 6 1 1771 3381 2421
5276 2 2 6 1 2142 3259 3216
5277 2 2 6 1 2281 3361 2279
5278 2 2 6 1 1697 3318 3097
5279 2 2 6 1 1897 3358 1895
5280 2 2 6 1 2346 3364 2348
5281 2 2 6 1 1894 3366 1896
5282 2 2 6 1 3044 3359 1953
5283 2 2 6 1 3164 3356 2567
5284 2 2 6 1 1741 3367 1736
5285 2 2 6 1 2079 3368 3103
5286 2 2 6 1 3090 3322 2250
5287 2 2 6 1 2234 3377 2169
5288 2 2 6 1 2250 3378 3102
5289 2 2 6 1 2299 3373 3208
5290 2 2 6 1 590 1160 591
5291 2 2 6 1 570 1161 571
5292 2 2 6 1 1755 3383 1703
5293 2 2 6 1 3250 3392 2413
5294 2 2 6 1 1184 3365 2481
5295 2 2 6 1 3092 3350 1466
5296 2 2 6 1 937 3384 1228
5297 2 2 6 1 1228 3384 3352
5298 2 2 6 1 3116 3326 3189
5299 2 2 6 1 2499 3386 2435
5300 2 2 6 1 570 3030 1161
5301 2 2 6 1 1160 3031 591
5302 2 2 6 1 2380 3298 3201
5303 2 2 6 1 2270 3376 3095
5304 2 2 6 1 3244 3284 3064
5305 2 2 6 1 740 1169 739
5306 2 2 6 1 756 1170 755
5307 2 2 6 1 1236 3337 3150
5308 2 2 6 1 3151 3336 1237
5309 2 2 6 1 3129 3389 2505
5310 2 2 6 1 1232 3371 3070
5311 2 2 6 1 3084 3284 3200
5312 2 2 6 1 761 3336 3151
5313 2 2 6 1 3150 3337 734
5314 2 2 6 1 2227 3392 3250
5315 2 2 6 1 3189 3326 2167
5316 2 2 6 1 2582 3391 3205
5317 2 2 6 1 3150 3338 1236
5318 2 2 6 1 3149 3372 1161
5319 2 2 6 1 2290 3365 3311
5320 2 2 6 1 1223 3060 3059
5321 2 2 6 1 3055 3198 1224
5322 2 2 6 1 3227 3315 1902
5323 2 2 6 1 3235 3311 2277
5324 2 2 6 1 1169 3187 739
5325 2 2 6 1 2402 3382 3212
5326 2 2 6 1 1170 3056 755
5327 2 2 6 1 740 3061 1169
5328 2 2 6 1 1170 3374 3171
5329 2 2 6 1 590 3300 1160
5330 2 2 6 1 3243 3358 2498
5331 2 2 6 1 1161 3372 571
5332 2 2 6 1 1215 3327 3323
5333 2 2 6 1 2340 3340 3273
5334 2 2 6 1 1907 3379 3230
5335 2 2 6 1 3323 3327 2678
5336 2 2 6 1 756 3374 1170
5337 2 2 6 1 3321 3388 1194
5338 2 2 6 1 2268 3380 3270
5339 2 2 6 1 3059 3370 3061
5340 2 2 6 1 3353 3357 2561
5341 2 2 6 1 3375 3389 3129
5342 2 2 6 1 2761 3389 3375
5343 2 2 6 1 1179 3357 3353
5344 2 2 6 1 1169 3356 3187
5345 2 2 6 1 3060 3370 3059
5346 2 2 1 11 3452 3586 3472
5347 2 2 1 11 3446 3588 3462
5348 2 2 1 11 3394 3597 3586
5349 2 2 1 11 3587 3595 3395
5350 2 2 1 11 3397 3596 3588
5351 2 2 1 11 3589 3594 3396
5352 2 2 1 11 3453 3586 3452
5353 2 2 1 11 3447 3588 3446
5354 2 2 1 11 3466 3593 3411
5355 2 2 1 11 3468 3592 3409
5356 2 2 1 11 3448 3593 3466
5357 2 2 1 11 3408 3591 3469
5358 2 2 1 11 3410 3590 3467
5359 2 2 1 11 3454 3592 3468
5360 2 2 1 11 3394 3586 3576
5361 2 2 1 11 3577 3587 3395
5362 2 2 1 11 3397 3588 3575
5363 2 2 1 11 3574 3589 3396
5364 2 2 1 11 3469 3591 3457
5365 2 2 1 11 3467 3590 3451
5366 2 2 1 11 3455 3471 3407
5367 2 2 1 11 3406 3473 3452
5368 2 2 1 11 3586 3597 3578
5369 2 2 1 11 3580 3595 3587
5370 2 2 1 11 3412 3463 3446
5371 2 2 1 11 3449 3465 3413
5372 2 2 1 11 3588 3596 3579
5373 2 2 1 11 3581 3594 3589
5374 2 2 1 11 3399 3467 3451
5375 2 2 1 11 3400 3469 3457
5376 2 2 1 11 3448 3466 3398
5377 2 2 1 11 3454 3468 3401
5378 2 2 1 11 3407 3470 3455
5379 2 2 1 11 3413 3464 3449
5380 2 2 1 11 3576 3599 3394
5381 2 2 1 11 3395 3598 3577
5382 2 2 1 11 3575 3601 3397
5383 2 2 1 11 3396 3600 3574
5384 2 2 1 11 3398 3575 3448
5385 2 2 1 11 3451 3574 3399
5386 2 2 1 11 3401 3576 3454
5387 2 2 1 11 3457 3577 3400
5388 2 2 1 11 3446 3462 3412
5389 2 2 1 11 3452 3472 3406
5390 2 2 1 11 3458 3591 3408
5391 2 2 1 11 3409 3592 3459
5392 2 2 1 11 3411 3593 3461
5393 2 2 1 11 3460 3590 3410
5394 2 2 1 11 1088 3473 1087
5395 2 2 1 11 1108 3471 3455
5396 2 2 1 11 1109 3471 1108
5397 2 2 1 11 3452 3473 1088
5398 2 2 1 11 3446 3463 1126
5399 2 2 1 11 1126 3463 1125
5400 2 2 1 11 1071 3465 1070
5401 2 2 1 11 1070 3465 3449
5402 2 2 1 11 3470 3602 3455
5403 2 2 1 11 1051 3504 1050
5404 2 2 1 11 969 3503 968
5405 2 2 1 11 3464 3603 3449
5406 2 2 1 11 53 3402 1017
5407 2 2 1 11 1018 3405 54
5408 2 2 1 11 996 3403 55
5409 2 2 1 11 56 3404 1039
5410 2 2 1 11 1048 3400 58
5411 2 2 1 11 57 3401 1069
5412 2 2 1 11 966 3399 51
5413 2 2 1 11 52 3398 987
5414 2 2 1 11 1015 3506 1014
5415 2 2 1 11 1021 3507 1020
5416 2 2 1 11 1037 3508 1036
5417 2 2 1 11 999 3509 998
5418 2 2 1 11 60 3452 1088
5419 2 2 1 11 1090 3461 1089
5420 2 2 1 11 1128 3459 1127
5421 2 2 1 11 3449 3450 59
5422 2 2 1 11 61 3446 1126
5423 2 2 1 11 1070 3449 59
5424 2 2 1 11 1108 3455 62
5425 2 2 1 11 3450 3451 59
5426 2 2 1 11 60 3454 3453
5427 2 2 1 11 60 3453 3452
5428 2 2 1 11 3456 3457 62
5429 2 2 1 11 61 3447 3446
5430 2 2 1 11 1107 3460 1106
5431 2 2 1 11 1145 3458 1144
5432 2 2 1 11 61 3448 3447
5433 2 2 1 11 3455 3456 62
5434 2 2 1 11 3505 3511 3419
5435 2 2 1 11 3502 3510 3414
5436 2 2 1 11 1000 3434 999
5437 2 2 1 11 1036 3435 1035
5438 2 2 1 11 1011 3476 1010
5439 2 2 1 11 1034 3441 1033
5440 2 2 1 11 1006 3443 1005
5441 2 2 1 11 1026 3436 1025
5442 2 2 1 11 1030 3442 1029
5443 2 2 1 11 1001 3474 1000
5444 2 2 1 11 1012 3432 1011
5445 2 2 1 11 1035 3475 1034
5446 2 2 1 11 1002 3440 1001
5447 2 2 1 11 1003 3484 1002
5448 2 2 1 11 1004 3445 1003
5449 2 2 1 11 1008 3439 1007
5450 2 2 1 11 1009 3478 1008
5451 2 2 1 11 1010 3437 1009
5452 2 2 1 11 1014 3431 1013
5453 2 2 1 11 1022 3430 1021
5454 2 2 1 11 1023 3479 1022
5455 2 2 1 11 1024 3433 1023
5456 2 2 1 11 1028 3438 1027
5457 2 2 1 11 1032 3444 1031
5458 2 2 1 11 1033 3482 1032
5459 2 2 1 11 1005 3477 1004
5460 2 2 1 11 1007 3485 1006
5461 2 2 1 11 1013 3483 1012
5462 2 2 1 11 1025 3486 1024
5463 2 2 1 11 1027 3480 1026
5464 2 2 1 11 1029 3481 1028
5465 2 2 1 11 1031 3487 1030
5466 2 2 1 11 1061 3491 1060
5467 2 2 1 11 1056 3427 1055
5468 2 2 1 11 1058 3429 1057
5469 2 2 1 11 1059 3493 1058
5470 2 2 1 11 1057 3492 1056
5471 2 2 1 11 1060 3428 1059
5472 2 2 1 11 1062 3426 1061
5473 2 2 1 11 1063 3494 1062
5474 2 2 1 11 1064 3425 1063
5475 2 2 1 11 1066 3419 1065
5476 2 2 1 11 1054 3424 1053
5477 2 2 1 11 1052 3418 1051
5478 2 2 1 11 1053 3488 1052
5479 2 2 1 11 1065 3489 1064
5480 2 2 1 11 1055 3490 1054
5481 2 2 1 11 975 3501 974
5482 2 2 1 11 978 3422 977
5483 2 2 1 11 973 3495 972
5484 2 2 1 11 974 3420 973
5485 2 2 1 11 981 3500 980
5486 2 2 1 11 983 3498 982
5487 2 2 1 11 976 3423 975
5488 2 2 1 11 970 3415 969
5489 2 2 1 11 971 3499 970
5490 2 2 1 11 979 3496 978
5491 2 2 1 11 977 3497 976
5492 2 2 1 11 980 3421 979
5493 2 2 1 11 982 3416 981
5494 2 2 1 11 984 3414 983
5495 2 2 1 11 972 3417 971
5496 2 2 1 11 1066 3505 3419
5497 2 2 1 11 984 3502 3414
5498 2 2 1 11 3444 3487 1031
5499 2 2 1 11 3440 3474 1001
5500 2 2 1 11 3445 3484 1003
5501 2 2 1 11 3433 3479 1023
5502 2 2 1 11 3432 3476 1011
5503 2 2 1 11 3431 3483 1013
5504 2 2 1 11 3437 3478 1009
5505 2 2 1 11 3441 3482 1033
5506 2 2 1 11 1022 3479 3430
5507 2 2 1 11 1028 3481 3438
5508 2 2 1 11 1032 3482 3444
5509 2 2 1 11 1034 3475 3441
5510 2 2 1 11 1002 3484 3440
5511 2 2 1 11 1008 3478 3439
5512 2 2 1 11 1004 3477 3445
5513 2 2 1 11 1006 3485 3443
5514 2 2 1 11 1010 3476 3437
5515 2 2 1 11 1024 3486 3433
5516 2 2 1 11 1026 3480 3436
5517 2 2 1 11 1030 3487 3442
5518 2 2 1 11 1012 3483 3432
5519 2 2 1 11 3439 3485 1007
5520 2 2 1 11 3438 3480 1027
5521 2 2 1 11 3442 3481 1029
5522 2 2 1 11 3443 3477 1005
5523 2 2 1 11 3436 3486 1025
5524 2 2 1 11 3435 3475 1035
5525 2 2 1 11 1000 3474 3434
5526 2 2 1 11 1054 3490 3424
5527 2 2 1 11 1052 3488 3418
5528 2 2 1 11 3426 3491 1061
5529 2 2 1 11 3429 3492 1057
5530 2 2 1 11 1056 3492 3427
5531 2 2 1 11 1060 3491 3428
5532 2 2 1 11 1062 3494 3426
5533 2 2 1 11 1064 3489 3425
5534 2 2 1 11 1058 3493 3429
5535 2 2 1 11 3428 3493 1059
5536 2 2 1 11 3425 3494 1063
5537 2 2 1 11 3427 3490 1055
5538 2 2 1 11 3419 3489 1065
5539 2 2 1 11 3424 3488 1053
5540 2 2 1 11 978 3496 3422
5541 2 2 1 11 970 3499 3415
5542 2 2 1 11 3422 3497 977
5543 2 2 1 11 3420 3495 973
5544 2 2 1 11 972 3495 3417
5545 2 2 1 11 974 3501 3420
5546 2 2 1 11 980 3500 3421
5547 2 2 1 11 982 3498 3416
5548 2 2 1 11 3423 3501 975
5549 2 2 1 11 976 3497 3423
5550 2 2 1 11 3421 3496 979
5551 2 2 1 11 3417 3499 971
5552 2 2 1 11 3416 3500 981
5553 2 2 1 11 3414 3498 983
5554 2 2 1 11 3408 3504 3458
5555 2 2 1 11 3410 3503 3460
5556 2 2 1 11 1129 3567 3511
5557 2 2 1 11 1091 3569 3510
5558 2 2 1 11 3582 3599 3576
5559 2 2 1 11 3577 3598 3583
5560 2 2 1 11 3584 3601 3575
5561 2 2 1 11 3574 3600 3585
5562 2 2 1 11 1067 3505 1066
5563 2 2 1 11 985 3502 984
5564 2 2 1 11 1091 3510 1090
5565 2 2 1 11 1129 3511 1128
5566 2 2 1 11 3463 3512 1125
5567 2 2 1 11 1071 3513 3465
5568 2 2 1 11 3460 3514 1106
5569 2 2 1 11 1109 3517 3471
5570 2 2 1 11 3473 3516 1087
5571 2 2 1 11 3458 3515 1144
5572 2 2 1 11 3511 3567 3419
5573 2 2 1 11 3510 3569 3414
5574 2 2 1 11 3459 3505 3409
5575 2 2 1 11 3461 3502 3411
5576 2 2 1 11 3434 3516 3509
5577 2 2 1 11 3508 3517 3435
5578 2 2 1 11 1125 3512 1124
5579 2 2 1 11 1072 3513 1071
5580 2 2 1 11 3415 3503 969
5581 2 2 1 11 3418 3504 1051
5582 2 2 1 11 1020 3412 1019
5583 2 2 1 11 1016 3413 1015
5584 2 2 1 11 1110 3551 3517
5585 2 2 1 11 3516 3550 1086
5586 2 2 1 11 1144 3515 1143
5587 2 2 1 11 968 3410 967
5588 2 2 1 11 986 3411 985
5589 2 2 1 11 1106 3514 1105
5590 2 2 1 11 3430 3507 1021
5591 2 2 1 11 1014 3506 3431
5592 2 2 1 11 3512 3572 1124
5593 2 2 1 11 1072 3573 3513
5594 2 2 1 11 1068 3409 1067
5595 2 2 1 11 1050 3408 1049
5596 2 2 1 11 3515 3566 1143
5597 2 2 1 11 1087 3516 1086
5598 2 2 1 11 1110 3517 1109
5599 2 2 1 11 3503 3514 3460
5600 2 2 1 11 3514 3568 1105
5601 2 2 1 11 3459 3511 3505
5602 2 2 1 11 3461 3510 3502
5603 2 2 1 11 3504 3515 3458
5604 2 2 1 11 1090 3510 3461
5605 2 2 1 11 1128 3511 3459
5606 2 2 1 11 3434 3509 999
5607 2 2 1 11 1036 3508 3435
5608 2 2 1 11 3483 3573 3570
5609 2 2 1 11 3571 3572 3479
5610 2 2 1 11 3506 3513 3431
5611 2 2 1 11 3430 3512 3507
5612 2 2 1 11 1042 3394 1041
5613 2 2 1 11 994 3397 993
5614 2 2 1 11 990 3396 989
5615 2 2 1 11 1046 3395 1045
5616 2 2 1 11 3563 3568 3499
5617 2 2 1 11 3498 3569 3562
5618 2 2 1 11 3560 3566 3488
5619 2 2 1 11 3489 3567 3561
5620 2 2 1 11 3432 3570 3564
5621 2 2 1 11 3565 3571 3433
5622 2 2 1 11 3517 3551 3435
5623 2 2 1 11 3434 3550 3516
5624 2 2 1 11 3513 3573 3431
5625 2 2 1 11 3430 3572 3512
5626 2 2 1 11 3415 3514 3503
5627 2 2 1 11 3418 3515 3504
5628 2 2 1 11 3418 3566 3515
5629 2 2 1 11 3556 3563 3417
5630 2 2 1 11 3416 3562 3557
5631 2 2 1 11 3476 3564 3558
5632 2 2 1 11 3559 3565 3486
5633 2 2 1 11 3425 3561 3555
5634 2 2 1 11 3554 3560 3424
5635 2 2 1 11 3431 3573 3483
5636 2 2 1 11 3479 3572 3430
5637 2 2 1 11 3415 3568 3514
5638 2 2 1 11 1038 3407 1037
5639 2 2 1 11 998 3406 997
5640 2 2 1 11 3437 3558 3552
5641 2 2 1 11 3553 3559 3436
5642 2 2 1 11 3549 3556 3495
5643 2 2 1 11 3500 3557 3548
5644 2 2 1 11 3546 3554 3490
5645 2 2 1 11 3494 3555 3547
5646 2 2 1 11 3483 3570 3432
5647 2 2 1 11 3433 3571 3479
5648 2 2 1 11 3499 3568 3415
5649 2 2 1 11 3414 3569 3498
5650 2 2 1 11 3419 3567 3489
5651 2 2 1 11 3488 3566 3418
5652 2 2 1 11 3478 3552 3544
5653 2 2 1 11 3545 3553 3480
5654 2 2 1 11 3541 3549 3420
5655 2 2 1 11 3421 3548 3540
5656 2 2 1 11 3432 3564 3476
5657 2 2 1 11 3486 3565 3433
5658 2 2 1 11 3426 3547 3537
5659 2 2 1 11 3536 3546 3427
5660 2 2 1 11 3543 3550 3474
5661 2 2 1 11 3475 3551 3542
5662 2 2 1 11 3417 3563 3499
5663 2 2 1 11 3498 3562 3416
5664 2 2 1 11 3539 3545 3438
5665 2 2 1 11 3439 3544 3538
5666 2 2 1 11 3489 3561 3425
5667 2 2 1 11 3424 3560 3488
5668 2 2 1 11 3436 3559 3486
5669 2 2 1 11 3476 3558 3437
5670 2 2 1 11 3496 3540 3530
5671 2 2 1 11 3531 3541 3501
5672 2 2 1 11 3535 3543 3440
5673 2 2 1 11 3441 3542 3534
5674 2 2 1 11 3528 3536 3492
5675 2 2 1 11 3491 3537 3529
5676 2 2 1 11 3533 3539 3481
5677 2 2 1 11 3485 3538 3532
5678 2 2 1 11 3465 3506 3413
5679 2 2 1 11 3412 3507 3463
5680 2 2 1 11 3416 3557 3500
5681 2 2 1 11 3495 3556 3417
5682 2 2 1 11 3425 3555 3494
5683 2 2 1 11 3490 3554 3424
5684 2 2 1 11 3437 3552 3478
5685 2 2 1 11 3480 3553 3436
5686 2 2 1 11 3482 3534 3526
5687 2 2 1 11 3527 3535 3484
5688 2 2 1 11 3521 3531 3423
5689 2 2 1 11 3422 3530 3520
5690 2 2 1 11 3523 3528 3429
5691 2 2 1 11 3428 3529 3522
5692 2 2 1 11 3443 3532 3524
5693 2 2 1 11 3525 3533 3442
5694 2 2 1 11 3474 3550 3434
5695 2 2 1 11 3435 3551 3475
5696 2 2 1 11 3520 3521 3497
5697 2 2 1 11 3420 3549 3495
5698 2 2 1 11 3500 3548 3421
5699 2 2 1 11 3522 3523 3493
5700 2 2 1 11 3427 3546 3490
5701 2 2 1 11 3494 3547 3426
5702 2 2 1 11 3438 3545 3480
5703 2 2 1 11 3478 3544 3439
5704 2 2 1 11 3444 3526 3518
5705 2 2 1 11 3519 3527 3445
5706 2 2 1 11 3518 3525 3487
5707 2 2 1 11 3477 3524 3519
5708 2 2 1 11 3440 3543 3474
5709 2 2 1 11 3475 3542 3441
5710 2 2 1 11 3481 3539 3438
5711 2 2 1 11 3439 3538 3485
5712 2 2 1 11 3421 3540 3496
5713 2 2 1 11 3501 3541 3420
5714 2 2 1 11 3426 3537 3491
5715 2 2 1 11 3492 3536 3427
5716 2 2 1 11 3484 3535 3440
5717 2 2 1 11 3441 3534 3482
5718 2 2 1 11 1115 3518 1114
5719 2 2 1 11 1082 3519 1081
5720 2 2 1 11 3442 3533 3481
5721 2 2 1 11 3485 3532 3443
5722 2 2 1 11 1099 3521 1098
5723 2 2 1 11 1098 3520 1097
5724 2 2 1 11 1098 3521 3520
5725 2 2 1 11 1136 3523 3522
5726 2 2 1 11 1137 3523 1136
5727 2 2 1 11 1136 3522 1135
5728 2 2 1 11 1115 3525 3518
5729 2 2 1 11 3519 3524 1081
5730 2 2 1 11 3423 3531 3501
5731 2 2 1 11 3496 3530 3422
5732 2 2 1 11 3491 3529 3428
5733 2 2 1 11 3429 3528 3492
5734 2 2 1 11 3518 3526 1114
5735 2 2 1 11 1082 3527 3519
5736 2 2 1 11 1081 3524 1080
5737 2 2 1 11 1116 3525 1115
5738 2 2 1 11 3482 3526 3444
5739 2 2 1 11 3445 3527 3484
5740 2 2 1 11 1137 3528 3523
5741 2 2 1 11 3522 3529 1135
5742 2 2 1 11 3520 3530 1097
5743 2 2 1 11 1099 3531 3521
5744 2 2 1 11 3471 3508 3407
5745 2 2 1 11 3406 3509 3473
5746 2 2 1 11 1114 3526 1113
5747 2 2 1 11 1083 3527 1082
5748 2 2 1 11 1116 3533 3525
5749 2 2 1 11 3524 3532 1080
5750 2 2 1 11 3487 3525 3442
5751 2 2 1 11 3443 3524 3477
5752 2 2 1 11 1135 3529 1134
5753 2 2 1 11 1138 3528 1137
5754 2 2 1 11 1097 3530 1096
5755 2 2 1 11 1100 3531 1099
5756 2 2 1 11 3526 3534 1113
5757 2 2 1 11 1083 3535 3527
5758 2 2 1 11 1080 3532 1079
5759 2 2 1 11 1117 3533 1116
5760 2 2 1 11 3493 3523 3429
5761 2 2 1 11 3428 3522 3493
5762 2 2 1 11 3497 3521 3423
5763 2 2 1 11 3422 3520 3497
5764 2 2 1 11 3477 3519 3445
5765 2 2 1 11 3444 3518 3487
5766 2 2 1 11 3529 3537 1134
5767 2 2 1 11 1138 3536 3528
5768 2 2 1 11 1113 3534 1112
5769 2 2 1 11 1084 3535 1083
5770 2 2 1 11 3530 3540 1096
5771 2 2 1 11 1100 3541 3531
5772 2 2 1 11 3532 3538 1079
5773 2 2 1 11 1117 3539 3533
5774 2 2 1 11 1084 3543 3535
5775 2 2 1 11 3534 3542 1112
5776 2 2 1 11 1139 3536 1138
5777 2 2 1 11 1134 3537 1133
5778 2 2 1 11 1079 3538 1078
5779 2 2 1 11 1118 3539 1117
5780 2 2 1 11 1101 3541 1100
5781 2 2 1 11 1096 3540 1095
5782 2 2 1 11 1112 3542 1111
5783 2 2 1 11 1085 3543 1084
5784 2 2 1 11 3538 3544 1078
5785 2 2 1 11 1118 3545 3539
5786 2 2 1 11 1139 3546 3536
5787 2 2 1 11 3537 3547 1133
5788 2 2 1 11 3540 3548 1095
5789 2 2 1 11 1101 3549 3541
5790 2 2 1 11 3542 3551 1111
5791 2 2 1 11 1085 3550 3543
5792 2 2 1 11 1078 3544 1077
5793 2 2 1 11 1119 3545 1118
5794 2 2 1 11 1140 3546 1139
5795 2 2 1 11 1133 3547 1132
5796 2 2 1 11 1095 3548 1094
5797 2 2 1 11 1102 3549 1101
5798 2 2 1 11 1111 3551 1110
5799 2 2 1 11 1086 3550 1085
5800 2 2 1 11 1119 3553 3545
5801 2 2 1 11 3544 3552 1077
5802 2 2 1 11 1140 3554 3546
5803 2 2 1 11 3547 3555 1132
5804 2 2 1 11 3548 3557 1094
5805 2 2 1 11 1102 3556 3549
5806 2 2 1 11 1077 3552 1076
5807 2 2 1 11 1120 3553 1119
5808 2 2 1 11 1132 3555 1131
5809 2 2 1 11 1141 3554 1140
5810 2 2 1 11 1094 3557 1093
5811 2 2 1 11 1103 3556 1102
5812 2 2 1 11 1120 3559 3553
5813 2 2 1 11 3552 3558 1076
5814 2 2 1 11 1141 3560 3554
5815 2 2 1 11 3555 3561 1131
5816 2 2 1 11 1103 3563 3556
5817 2 2 1 11 3557 3562 1093
5818 2 2 1 11 1076 3558 1075
5819 2 2 1 11 1121 3559 1120
5820 2 2 1 11 1142 3560 1141
5821 2 2 1 11 1131 3561 1130
5822 2 2 1 11 3558 3564 1075
5823 2 2 1 11 1121 3565 3559
5824 2 2 1 11 1093 3562 1092
5825 2 2 1 11 1104 3563 1103
5826 2 2 1 11 1075 3564 1074
5827 2 2 1 11 1122 3565 1121
5828 2 2 1 11 3561 3567 1130
5829 2 2 1 11 1142 3566 3560
5830 2 2 1 11 3562 3569 1092
5831 2 2 1 11 1104 3568 3563
5832 2 2 1 11 3564 3570 1074
5833 2 2 1 11 1122 3571 3565
5834 2 2 1 11 1143 3566 1142
5835 2 2 1 11 1130 3567 1129
5836 2 2 1 11 1092 3569 1091
5837 2 2 1 11 1105 3568 1104
5838 2 2 1 11 1074 3570 1073
5839 2 2 1 11 1123 3571 1122
5840 2 2 1 11 3570 3573 1073
5841 2 2 1 11 1123 3572 3571
5842 2 2 1 11 1124 3572 1123
5843 2 2 1 11 1073 3573 1072
5844 2 2 1 11 3509 3516 3473
5845 2 2 1 11 3471 3517 3508
5846 2 2 1 11 3465 3513 3506
5847 2 2 1 11 3507 3512 3463
5848 2 2 1 11 60 3592 3454
5849 2 2 1 11 1127 3592 60
5850 2 2 1 11 3451 3590 59
5851 2 2 1 11 1089 3593 61
5852 2 2 1 11 59 3590 1107
5853 2 2 1 11 62 3591 1145
5854 2 2 1 11 3457 3591 62
5855 2 2 1 11 61 3593 3448
5856 2 2 1 11 3574 3585 3399
5857 2 2 1 11 3398 3584 3575
5858 2 2 1 11 3577 3583 3400
5859 2 2 1 11 3401 3582 3576
5860 2 2 1 11 968 3503 3410
5861 2 2 1 11 1050 3504 3408
5862 2 2 1 11 3413 3506 1015
5863 2 2 1 11 1020 3507 3412
5864 2 2 1 11 3407 3508 1037
5865 2 2 1 11 998 3509 3406
5866 2 2 1 11 54 3579 995
5867 2 2 1 11 55 3578 1043
5868 2 2 1 11 1044 3580 56
5869 2 2 1 11 988 3581 53
5870 2 2 1 11 1040 3582 57
5871 2 2 1 11 58 3583 1047
5872 2 2 1 11 51 3585 991
5873 2 2 1 11 992 3584 52
5874 2 2 1 11 3405 3579 54
5875 2 2 1 11 53 3581 3402
5876 2 2 1 11 3403 3578 55
5877 2 2 1 11 56 3580 3404
5878 2 2 1 11 3400 3583 58
5879 2 2 1 11 57 3582 3401
5880 2 2 1 11 52 3584 3398
5881 2 2 1 11 3399 3585 51
5882 2 2 1 11 3411 3502 985
5883 2 2 1 11 3409 3505 1067
5884 2 2 1 11 3450 3574 3451
5885 2 2 1 11 3448 3575 3447
5886 2 2 1 11 3454 3576 3453
5887 2 2 1 11 3456 3577 3457
5888 2 2 1 11 3576 3586 3453
5889 2 2 1 11 3456 3587 3577
5890 2 2 1 11 3575 3588 3447
5891 2 2 1 11 3450 3589 3574
5892 2 2 1 11 1145 3591 3458
5893 2 2 1 11 1107 3590 3460
5894 2 2 1 11 3459 3592 1127
5895 2 2 1 11 3461 3593 1089
5896 2 2 1 11 3449 3603 3450
5897 2 2 1 11 3455 3602 3456
5898 2 2 1 11 1045 3595 1044
5899 2 2 1 11 989 3594 988
5900 2 2 1 11 995 3596 994
5901 2 2 1 11 1043 3597 1042
5902 2 2 1 11 1047 3598 1046
5903 2 2 1 11 1041 3599 1040
5904 2 2 1 11 991 3600 990
5905 2 2 1 11 993 3601 992
5906 2 2 1 11 1016 3464 3413
5907 2 2 1 11 986 3466 3411
5908 2 2 1 11 1068 3468 3409
5909 2 2 1 11 1038 3470 3407
5910 2 2 1 11 1019 3462 1018
5911 2 2 1 11 967 3467 966
5912 2 2 1 11 1049 3469 1048
5913 2 2 1 11 1042 3597 3394
5914 2 2 1 11 3395 3595 1045
5915 2 2 1 11 3396 3594 989
5916 2 2 1 11 994 3596 3397
5917 2 2 1 11 3394 3599 1041
5918 2 2 1 11 1046 3598 3395
5919 2 2 1 11 3397 3601 993
5920 2 2 1 11 990 3600 3396
5921 2 2 1 11 1039 3470 1038
5922 2 2 1 11 997 3472 996
5923 2 2 1 11 3412 3462 1019
5924 2 2 1 11 3410 3467 967
5925 2 2 1 11 3408 3469 1049
5926 2 2 1 11 1017 3464 1016
5927 2 2 1 11 987 3466 986
5928 2 2 1 11 1069 3468 1068
5929 2 2 1 11 1018 3462 3405
5930 2 2 1 11 966 3467 3399
5931 2 2 1 11 1048 3469 3400
5932 2 2 1 11 3406 3472 997
5933 2 2 1 11 996 3472 3403
5934 2 2 1 11 3404 3470 1039
5935 2 2 1 11 3402 3464 1017
5936 2 2 1 11 3401 3468 1069
5937 2 2 1 11 3398 3466 987
5938 2 2 1 11 3403 3586 3578
5939 2 2 1 11 3580 3587 3404
5940 2 2 1 11 3581 3589 3402
5941 2 2 1 11 3405 3588 3579
5942 2 2 1 11 988 3594 3581
5943 2 2 1 11 3578 3597 1043
5944 2 2 1 11 3579 3596 995
5945 2 2 1 11 1044 3595 3580
5946 2 2 1 11 1040 3599 3582
5947 2 2 1 11 3583 3598 1047
5948 2 2 1 11 3585 3600 991
5949 2 2 1 11 992 3601 3584
5950 2 2 1 11 3587 3602 3404
5951 2 2 1 11 3589 3603 3402
5952 2 2 1 11 3404 3602 3470
5953 2 2 1 11 3456 3602 3587
5954 2 2 1 11 3450 3603 3589
5955 2 2 1 11 3402 3603 3464
5956 2 2 1 11 3472 3586 3403
5957 2 2 1 11 3462 3588 3405
5958 2 2 101 101 3722 3762 3636
5959 2 2 101 101 3746 3747 3635
5960 2 2 101 101 3719 3802 3800
5961 2 2 101 101 3800 3802 3624
5962 2 2 101 101 3727 3809 3609
5963 2 2 101 101 3609 3808 3727
5964 2 2 101 101 3718 3807 3805
5965 2 2 101 101 3805 3807 3617
5966 2 2 101 101 3721 3722 3633
5967 2 2 101 101 3726 3796 3794
5968 2 2 101 101 3794 3796 3613
5969 2 2 101 101 3650 3818 3651
5970 2 2 101 101 3650 3819 3818
5971 2 2 101 101 3635 3822 3746
5972 2 2 101 101 3720 3812 3621
5973 2 2 101 101 3621 3811 3720
5974 2 2 101 101 3728 3793 3790
5975 2 2 101 101 3636 3806 3722
5976 2 2 101 101 3790 3793 3620
5977 2 2 101 101 3633 3816 3721
5978 2 2 101 101 3717 3801 3799
5979 2 2 101 101 3799 3801 3614
5980 2 2 101 101 3716 3789 3787
5981 2 2 101 101 3762 3768 3636
5982 2 2 101 101 3787 3789 3622
5983 2 2 101 101 3725 3814 3619
5984 2 2 101 101 3619 3813 3725
5985 2 2 101 101 3731 3795 3792
5986 2 2 101 101 3792 3795 3611
5987 2 2 101 101 3729 3783 3781
5988 2 2 101 101 3723 3817 3612
5989 2 2 101 101 3781 3783 3608
5990 2 2 101 101 3612 3815 3723
5991 2 2 101 101 3720 3810 3739
5992 2 2 101 101 3715 3791 3788
5993 2 2 101 101 3719 3798 3741
5994 2 2 101 101 3720 3811 3810
5995 2 2 101 101 3788 3791 3628
5996 2 2 101 101 3719 3800 3798
5997 2 2 101 101 3730 3779 3777
5998 2 2 101 101 3777 3779 3618
5999 2 2 101 101 3804 3816 3638
6000 2 2 101 101 3623 3820 3653
6001 2 2 101 101 3732 3775 3773
6002 2 2 101 101 3735 3784 3782
6003 2 2 101 101 3653 3821 3623
6004 2 2 101 101 3773 3775 3626
6005 2 2 101 101 3782 3784 3615
6006 2 2 101 101 3650 3820 3623
6007 2 2 101 101 3769 3816 3633
6008 2 2 101 101 3718 3803 3742
6009 2 2 101 101 3724 3816 3804
6010 2 2 101 101 3623 3819 3650
6011 2 2 101 101 3718 3805 3803
6012 2 2 101 101 3733 3772 3765
6013 2 2 101 101 3736 3780 3778
6014 2 2 101 101 3612 3817 3651
6015 2 2 101 101 3634 3823 3652
6016 2 2 101 101 3765 3772 3632
6017 2 2 101 101 3716 3785 3745
6018 2 2 101 101 3778 3780 3606
6019 2 2 101 101 3651 3818 3612
6020 2 2 101 101 3652 3746 3634
6021 2 2 101 101 3716 3787 3785
6022 2 2 101 101 3717 3797 3743
6023 2 2 101 101 3734 3764 3761
6024 2 2 101 101 3619 3814 3723
6025 2 2 101 101 3714 3776 3774
6026 2 2 101 101 3624 3802 3724
6027 2 2 101 101 3717 3799 3797
6028 2 2 101 101 3761 3764 3610
6029 2 2 101 101 3637 3821 3653
6030 2 2 101 101 3747 3767 3635
6031 2 2 101 101 3774 3776 3625
6032 2 2 101 101 3723 3815 3619
6033 2 2 101 101 3724 3804 3624
6034 2 2 101 101 3770 3823 3634
6035 2 2 101 101 3621 3812 3725
6036 2 2 101 101 3713 3760 3759
6037 2 2 101 101 3613 3796 3741
6038 2 2 101 101 3759 3760 3629
6039 2 2 101 101 3725 3813 3621
6040 2 2 101 101 3620 3793 3726
6041 2 2 101 101 3741 3798 3613
6042 2 2 101 101 3715 3786 3744
6043 2 2 101 101 3609 3809 3739
6044 2 2 101 101 3722 3806 3633
6045 2 2 101 101 3737 3757 3756
6046 2 2 101 101 3622 3789 3728
6047 2 2 101 101 3715 3788 3786
6048 2 2 101 101 3726 3794 3620
6049 2 2 101 101 3653 3823 3637
6050 2 2 101 101 3756 3757 3616
6051 2 2 101 101 3739 3810 3609
6052 2 2 101 101 3617 3807 3727
6053 2 2 101 101 3747 3752 3631
6054 2 2 101 101 3608 3783 3745
6055 2 2 101 101 3728 3790 3622
6056 2 2 101 101 3738 3755 3754
6057 2 2 101 101 3713 3758 3740
6058 2 2 101 101 3644 3654 3647
6059 2 2 101 101 3618 3779 3729
6060 2 2 101 101 3751 3752 3654
6061 2 2 101 101 3727 3808 3617
6062 2 2 101 101 3754 3755 3605
6063 2 2 101 101 3640 3654 3644
6064 2 2 101 101 3626 3775 3730
6065 2 2 101 101 3631 3752 3751
6066 2 2 101 101 3654 3752 3647
6067 2 2 101 101 3614 3801 3742
6068 2 2 101 101 3763 3766 3750
6069 2 2 101 101 3745 3785 3608
6070 2 2 101 101 3641 3753 3749
6071 2 2 101 101 3651 3655 3645
6072 2 2 101 101 3645 3655 3642
6073 2 2 101 101 3666 3739 3668
6074 2 2 101 101 3667 3740 3665
6075 2 2 101 101 3707 3741 3705
6076 2 2 101 101 3706 3708 3707
6077 2 2 101 101 3708 3709 3707
6078 2 2 101 101 3695 3716 3693
6079 2 2 101 101 3709 3719 3707
6080 2 2 101 101 3694 3696 3695
6081 2 2 101 101 3702 3704 3703
6082 2 2 101 101 3682 3683 3681
6083 2 2 101 101 3689 3729 3687
6084 2 2 101 101 3716 3745 3693
6085 2 2 101 101 3704 3714 3706
6086 2 2 101 101 3706 3707 3705
6087 2 2 101 101 3719 3741 3707
6088 2 2 101 101 3710 3712 3711
6089 2 2 101 101 3674 3718 3676
6090 2 2 101 101 3681 3732 3679
6091 2 2 101 101 3686 3688 3687
6092 2 2 101 101 3690 3692 3691
6093 2 2 101 101 3696 3698 3697
6094 2 2 101 101 3674 3675 3673
6095 2 2 101 101 3676 3677 3675
6096 2 2 101 101 3718 3742 3676
6097 2 2 101 101 3678 3679 3677
6098 2 2 101 101 3680 3682 3681
6099 2 2 101 101 3684 3686 3685
6100 2 2 101 101 3686 3687 3685
6101 2 2 101 101 3690 3691 3689
6102 2 2 101 101 3694 3695 3693
6103 2 2 101 101 3698 3699 3697
6104 2 2 101 101 3699 3728 3697
6105 2 2 101 101 3703 3726 3701
6106 2 2 101 101 3710 3711 3709
6107 2 2 101 101 3673 3734 3671
6108 2 2 101 101 3674 3676 3675
6109 2 2 101 101 3676 3678 3677
6110 2 2 101 101 3676 3742 3678
6111 2 2 101 101 3678 3680 3679
6112 2 2 101 101 3680 3717 3682
6113 2 2 101 101 3685 3730 3683
6114 2 2 101 101 3690 3715 3692
6115 2 2 101 101 3692 3744 3694
6116 2 2 101 101 3700 3702 3701
6117 2 2 101 101 3682 3743 3684
6118 2 2 101 101 3672 3673 3671
6119 2 2 101 101 3672 3674 3673
6120 2 2 101 101 3680 3681 3679
6121 2 2 101 101 3717 3743 3682
6122 2 2 101 101 3684 3685 3683
6123 2 2 101 101 3686 3731 3688
6124 2 2 101 101 3688 3689 3687
6125 2 2 101 101 3692 3693 3691
6126 2 2 101 101 3696 3697 3695
6127 2 2 101 101 3702 3703 3701
6128 2 2 101 101 3677 3733 3675
6129 2 2 101 101 3682 3684 3683
6130 2 2 101 101 3704 3706 3705
6131 2 2 101 101 3708 3710 3709
6132 2 2 101 101 3700 3701 3699
6133 2 2 101 101 3670 3672 3671
6134 2 2 101 101 3670 3727 3672
6135 2 2 101 101 3688 3690 3689
6136 2 2 101 101 3692 3694 3693
6137 2 2 101 101 3693 3745 3691
6138 2 2 101 101 3696 3735 3698
6139 2 2 101 101 3700 3736 3702
6140 2 2 101 101 3704 3705 3703
6141 2 2 101 101 3698 3700 3699
6142 2 2 101 101 3712 3721 3711
6143 2 2 101 101 3712 3722 3721
6144 2 2 101 101 3715 3744 3692
6145 2 2 101 101 3721 3724 3711
6146 2 2 101 101 3670 3671 3669
6147 2 2 101 101 3713 3740 3667
6148 2 2 101 101 3668 3670 3669
6149 2 2 101 101 3669 3713 3667
6150 2 2 101 101 3668 3669 3667
6151 2 2 101 101 3720 3739 3666
6152 2 2 101 101 3666 3668 3667
6153 2 2 101 101 3664 3720 3666
6154 2 2 101 101 3666 3667 3665
6155 2 2 101 101 3664 3666 3665
6156 2 2 101 101 3664 3665 3663
6157 2 2 101 101 3663 3737 3661
6158 2 2 101 101 3662 3664 3663
6159 2 2 101 101 3662 3663 3661
6160 2 2 101 101 3660 3725 3662
6161 2 2 101 101 3660 3662 3661
6162 2 2 101 101 3652 3653 3648
6163 2 2 101 101 3660 3661 3659
6164 2 2 101 101 3649 3652 3648
6165 2 2 101 101 3658 3660 3659
6166 2 2 101 101 3659 3738 3657
6167 2 2 101 101 3656 3723 3658
6168 2 2 101 101 3658 3659 3657
6169 2 2 101 101 3647 3649 3648
6170 2 2 101 101 3650 3651 3645
6171 2 2 101 101 3656 3658 3657
6172 2 2 101 101 3647 3648 3646
6173 2 2 101 101 3656 3657 3643
6174 2 2 101 101 3646 3650 3645
6175 2 2 101 101 3644 3647 3646
6176 2 2 101 101 3644 3646 3645
6177 2 2 101 101 3655 3656 3643
6178 2 2 101 101 3642 3655 3643
6179 2 2 101 101 3644 3645 3642
6180 2 2 101 101 3640 3644 3642
6181 2 2 101 101 3642 3643 3641
6182 2 2 101 101 3649 3747 3746
6183 2 2 101 101 3706 3748 3708
6184 2 2 101 101 3640 3642 3641
6185 2 2 101 101 3632 3772 3732
6186 2 2 101 101 3649 3746 3652
6187 2 2 101 101 3713 3759 3758
6188 2 2 101 101 3714 3748 3706
6189 2 2 101 101 3762 3763 3630
6190 2 2 101 101 3649 3752 3747
6191 2 2 101 101 3640 3641 3639
6192 2 2 101 101 3604 3654 3640
6193 2 2 101 101 3714 3771 3748
6194 2 2 101 101 3610 3764 3733
6195 2 2 101 101 3627 3753 3738
6196 2 2 101 101 3729 3781 3618
6197 2 2 101 101 3629 3760 3734
6198 2 2 101 101 3647 3752 3649
6199 2 2 101 101 3605 3755 3737
6200 2 2 101 101 3616 3757 3740
6201 2 2 101 101 3749 3753 3627
6202 2 2 101 101 3643 3753 3641
6203 2 2 101 101 3738 3753 3657
6204 2 2 101 101 137 3639 136
6205 2 2 101 101 89 3615 88
6206 2 2 101 101 131 3616 130
6207 2 2 101 101 69 3612 68
6208 2 2 101 101 76 3609 75
6209 2 2 101 101 118 3608 117
6210 2 2 101 101 113 3620 112
6211 2 2 101 101 78 3617 77
6212 2 2 101 101 111 3613 110
6213 2 2 101 101 64 3637 63
6214 2 2 101 101 66 3623 65
6215 2 2 101 101 71 3619 70
6216 2 2 101 101 81 3614 80
6217 2 2 101 101 86 3628 85
6218 2 2 101 101 93 3625 92
6219 2 2 101 101 98 3630 97
6220 2 2 101 101 106 3638 105
6221 2 2 101 101 108 3624 107
6222 2 2 101 101 122 3626 121
6223 2 2 101 101 124 3632 123
6224 2 2 101 101 128 3629 127
6225 2 2 101 101 135 3627 134
6226 2 2 101 101 136 3749 135
6227 2 2 101 101 140 3631 139
6228 2 2 101 101 120 3618 119
6229 2 2 101 101 126 3610 125
6230 2 2 101 101 84 3611 83
6231 2 2 101 101 133 3605 132
6232 2 2 101 101 138 3604 137
6233 2 2 101 101 73 3621 72
6234 2 2 101 101 96 3607 95
6235 2 2 101 101 115 3622 114
6236 2 2 101 101 91 3606 90
6237 2 2 101 101 97 3750 96
6238 2 2 101 101 139 3751 138
6239 2 2 101 101 3750 3766 3607
6240 2 2 101 101 3611 3795 3743
6241 2 2 101 101 3742 3803 3614
6242 2 2 101 101 3730 3777 3626
6243 2 2 101 101 3604 3640 3639
6244 2 2 101 101 3630 3763 3750
6245 2 2 101 101 3714 3774 3771
6246 2 2 101 101 3659 3755 3738
6247 2 2 101 101 3737 3755 3661
6248 2 2 101 101 3657 3753 3643
6249 2 2 101 101 3732 3773 3632
6250 2 2 101 101 3628 3791 3731
6251 2 2 101 101 3639 3749 136
6252 2 2 101 101 135 3749 3627
6253 2 2 101 101 3631 3751 139
6254 2 2 101 101 3630 3750 97
6255 2 2 101 101 3604 3639 137
6256 2 2 101 101 96 3750 3607
6257 2 2 101 101 138 3751 3604
6258 2 2 101 101 3641 3749 3639
6259 2 2 101 101 3604 3751 3654
6260 2 2 101 101 103 3633 102
6261 2 2 101 101 145 3634 144
6262 2 2 101 101 101 3636 100
6263 2 2 101 101 143 3635 142
6264 2 2 101 101 3733 3765 3610
6265 2 2 101 101 3663 3757 3737
6266 2 2 101 101 3740 3757 3665
6267 2 2 101 101 3738 3754 3627
6268 2 2 101 101 3734 3761 3629
6269 2 2 101 101 3737 3756 3605
6270 2 2 101 101 134 3754 133
6271 2 2 101 101 3740 3758 3616
6272 2 2 101 101 3743 3797 3611
6273 2 2 101 101 3627 3754 134
6274 2 2 101 101 133 3754 3605
6275 2 2 101 101 3631 3767 3747
6276 2 2 101 101 3615 3784 3744
6277 2 2 101 101 3669 3760 3713
6278 2 2 101 101 3734 3760 3671
6279 2 2 101 101 3661 3755 3659
6280 2 2 101 101 3606 3780 3735
6281 2 2 101 101 131 3756 3616
6282 2 2 101 101 3605 3756 132
6283 2 2 101 101 3731 3792 3628
6284 2 2 101 101 3673 3764 3734
6285 2 2 101 101 3733 3764 3675
6286 2 2 101 101 3625 3776 3736
6287 2 2 101 101 3748 3766 3708
6288 2 2 101 101 3607 3766 3748
6289 2 2 101 101 132 3756 131
6290 2 2 101 101 3616 3758 130
6291 2 2 101 101 3732 3772 3679
6292 2 2 101 101 3677 3772 3733
6293 2 2 101 101 128 3759 3629
6294 2 2 101 101 99 3768 98
6295 2 2 101 101 141 3767 140
6296 2 2 101 101 3744 3786 3615
6297 2 2 101 101 3665 3757 3663
6298 2 2 101 101 3730 3775 3683
6299 2 2 101 101 3681 3775 3732
6300 2 2 101 101 3704 3776 3714
6301 2 2 101 101 3736 3776 3702
6302 2 2 101 101 3629 3761 127
6303 2 2 101 101 126 3761 3610
6304 2 2 101 101 3729 3779 3687
6305 2 2 101 101 3685 3779 3730
6306 2 2 101 101 3735 3782 3606
6307 2 2 101 101 3700 3780 3736
6308 2 2 101 101 3735 3780 3698
6309 2 2 101 101 130 3758 129
6310 2 2 101 101 3689 3783 3729
6311 2 2 101 101 3745 3783 3691
6312 2 2 101 101 3736 3778 3625
6313 2 2 101 101 124 3765 3632
6314 2 2 101 101 3610 3765 125
6315 2 2 101 101 3630 3768 3762
6316 2 2 101 101 3744 3784 3694
6317 2 2 101 101 3696 3784 3735
6318 2 2 101 101 3607 3771 95
6319 2 2 101 101 3748 3771 3607
6320 2 2 101 101 122 3773 3626
6321 2 2 101 101 3632 3773 123
6322 2 2 101 101 3728 3789 3697
6323 2 2 101 101 3695 3789 3716
6324 2 2 101 101 129 3759 128
6325 2 2 101 101 93 3774 3625
6326 2 2 101 101 3690 3791 3715
6327 2 2 101 101 3731 3791 3688
6328 2 2 101 101 3726 3793 3701
6329 2 2 101 101 3699 3793 3728
6330 2 2 101 101 3626 3777 121
6331 2 2 101 101 120 3777 3618
6332 2 2 101 101 3743 3795 3684
6333 2 2 101 101 3686 3795 3731
6334 2 2 101 101 3625 3778 92
6335 2 2 101 101 91 3778 3606
6336 2 2 101 101 3671 3760 3669
6337 2 2 101 101 3758 3759 129
6338 2 2 101 101 3741 3796 3705
6339 2 2 101 101 3703 3796 3726
6340 2 2 101 101 3618 3781 119
6341 2 2 101 101 118 3781 3608
6342 2 2 101 101 3680 3801 3717
6343 2 2 101 101 3742 3801 3678
6344 2 2 101 101 89 3782 3615
6345 2 2 101 101 3606 3782 90
6346 2 2 101 101 3709 3802 3719
6347 2 2 101 101 3724 3802 3711
6348 2 2 101 101 3712 3762 3722
6349 2 2 101 101 3608 3785 117
6350 2 2 101 101 127 3761 126
6351 2 2 101 101 3712 3763 3762
6352 2 2 101 101 3727 3807 3672
6353 2 2 101 101 3674 3807 3718
6354 2 2 101 101 3615 3786 88
6355 2 2 101 101 115 3787 3622
6356 2 2 101 101 103 3769 3633
6357 2 2 101 101 145 3770 3634
6358 2 2 101 101 86 3788 3628
6359 2 2 101 101 3739 3809 3668
6360 2 2 101 101 3670 3809 3727
6361 2 2 101 101 3710 3763 3712
6362 2 2 101 101 3675 3764 3673
6363 2 2 101 101 113 3790 3620
6364 2 2 101 101 3622 3790 114
6365 2 2 101 101 3725 3812 3662
6366 2 2 101 101 3664 3812 3720
6367 2 2 101 101 3628 3792 85
6368 2 2 101 101 84 3792 3611
6369 2 2 101 101 3710 3766 3763
6370 2 2 101 101 111 3794 3613
6371 2 2 101 101 3620 3794 112
6372 2 2 101 101 3723 3814 3658
6373 2 2 101 101 3660 3814 3725
6374 2 2 101 101 3651 3817 3655
6375 2 2 101 101 3656 3817 3723
6376 2 2 101 101 3611 3797 83
6377 2 2 101 101 3708 3766 3710
6378 2 2 101 101 3613 3798 110
6379 2 2 101 101 3646 3820 3650
6380 2 2 101 101 3653 3820 3648
6381 2 2 101 101 81 3799 3614
6382 2 2 101 101 125 3765 124
6383 2 2 101 101 108 3800 3624
6384 2 2 101 101 3614 3803 80
6385 2 2 101 101 106 3804 3638
6386 2 2 101 101 3624 3804 107
6387 2 2 101 101 3679 3772 3677
6388 2 2 101 101 78 3805 3617
6389 2 2 101 101 95 3771 94
6390 2 2 101 101 3617 3808 77
6391 2 2 101 101 76 3808 3609
6392 2 2 101 101 140 3767 3631
6393 2 2 101 101 98 3768 3630
6394 2 2 101 101 104 3769 103
6395 2 2 101 101 146 3770 145
6396 2 2 101 101 3609 3810 75
6397 2 2 101 101 73 3811 3621
6398 2 2 101 101 123 3773 122
6399 2 2 101 101 94 3774 93
6400 2 2 101 101 3621 3813 72
6401 2 2 101 101 71 3813 3619
6402 2 2 101 101 69 3815 3612
6403 2 2 101 101 3619 3815 70
6404 2 2 101 101 3683 3775 3681
6405 2 2 101 101 3612 3818 68
6406 2 2 101 101 3702 3776 3704
6407 2 2 101 101 66 3819 3623
6408 2 2 101 101 64 3821 3637
6409 2 2 101 101 3623 3821 65
6410 2 2 101 101 3771 3774 94
6411 2 2 101 101 121 3777 120
6412 2 2 101 101 92 3778 91
6413 2 2 101 101 3633 3806 102
6414 2 2 101 101 101 3806 3636
6415 2 2 101 101 3687 3779 3685
6416 2 2 101 101 3698 3780 3700
6417 2 2 101 101 2 3824 99
6418 2 2 101 101 4 3825 141
6419 2 2 101 101 119 3781 118
6420 2 2 101 101 100 3824 2
6421 2 2 101 101 142 3825 4
6422 2 2 101 101 3691 3783 3689
6423 2 2 101 101 90 3782 89
6424 2 2 101 101 3694 3784 3696
6425 2 2 101 101 3746 3822 3634
6426 2 2 101 101 105 3827 3
6427 2 2 101 101 63 3826 1
6428 2 2 101 101 1 3826 146
6429 2 2 101 101 3 3827 104
6430 2 2 101 101 143 3822 3635
6431 2 2 101 101 3634 3822 144
6432 2 2 101 101 117 3785 116
6433 2 2 101 101 88 3786 87
6434 2 2 101 101 116 3787 115
6435 2 2 101 101 3697 3789 3695
6436 2 2 101 101 87 3788 86
6437 2 2 101 101 3688 3791 3690
6438 2 2 101 101 3785 3787 116
6439 2 2 101 101 114 3790 113
6440 2 2 101 101 3701 3793 3699
6441 2 2 101 101 3786 3788 87
6442 2 2 101 101 85 3792 84
6443 2 2 101 101 3684 3795 3686
6444 2 2 101 101 112 3794 111
6445 2 2 101 101 3705 3796 3703
6446 2 2 101 101 83 3797 82
6447 2 2 101 101 110 3798 109
6448 2 2 101 101 82 3799 81
6449 2 2 101 101 3678 3801 3680
6450 2 2 101 101 109 3800 108
6451 2 2 101 101 3711 3802 3709
6452 2 2 101 101 3797 3799 82
6453 2 2 101 101 80 3803 79
6454 2 2 101 101 107 3804 106
6455 2 2 101 101 3798 3800 109
6456 2 2 101 101 79 3805 78
6457 2 2 101 101 3672 3807 3674
6458 2 2 101 101 3803 3805 79
6459 2 2 101 101 3668 3809 3670
6460 2 2 101 101 77 3808 76
6461 2 2 101 101 102 3806 101
6462 2 2 101 101 75 3810 74
6463 2 2 101 101 3638 3816 3769
6464 2 2 101 101 3662 3812 3664
6465 2 2 101 101 74 3811 73
6466 2 2 101 101 3658 3814 3660
6467 2 2 101 101 72 3813 71
6468 2 2 101 101 3810 3811 74
6469 2 2 101 101 3721 3816 3724
6470 2 2 101 101 3655 3817 3656
6471 2 2 101 101 70 3815 69
6472 2 2 101 101 3648 3820 3646
6473 2 2 101 101 68 3818 67
6474 2 2 101 101 67 3819 66
6475 2 2 101 101 65 3821 64
6476 2 2 101 101 3818 3819 67
6477 2 2 101 101 144 3822 143
6478 2 2 101 101 3652 3823 3653
6479 2 2 101 101 99 3824 3768
6480 2 2 101 101 141 3825 3767
6481 2 2 101 101 3637 3823 3770
6482 2 2 101 101 3638 3827 105
6483 2 2 101 101 3637 3826 63
6484 2 2 101 101 3635 3825 142
6485 2 2 101 101 3636 3824 100
6486 2 2 101 101 3768 3824 3636
6487 2 2 101 101 3767 3825 3635
6488 2 2 101 101 104 3827 3769
6489 2 2 101 101 146 3826 3770
6490 2 2 101 101 3769 3827 3638
6491 2 2 101 101 3770 3826 3637
6492 2 2 102 102 3950 4002 3859
6493 2 2 102 102 3949 3950 3857
6494 2 2 102 102 3857 4025 3949
6495 2 2 102 102 3859 4002 3995
6496 2 2 102 102 3948 4027 4026
6497 2 2 102 102 4026 4027 3835
6498 2 2 102 102 3954 4029 3841
6499 2 2 102 102 3841 4028 3954
6500 2 2 102 102 3859 4010 3950
6501 2 2 102 102 3983 3996 3856
6502 2 2 102 102 3888 4036 3890
6503 2 2 102 102 3888 4037 4036
6504 2 2 102 102 3953 4031 3854
6505 2 2 102 102 3958 4023 4022
6506 2 2 102 102 4022 4023 3830
6507 2 2 102 102 3854 4030 3953
6508 2 2 102 102 3956 4016 4014
6509 2 2 102 102 4014 4016 3838
6510 2 2 102 102 3959 4021 4020
6511 2 2 102 102 4020 4021 3839
6512 2 2 102 102 3952 4033 3840
6513 2 2 102 102 3840 4032 3952
6514 2 2 102 102 3957 4012 4009
6515 2 2 102 102 4009 4012 3853
6516 2 2 102 102 3963 4042 3887
6517 2 2 102 102 3887 4042 4041
6518 2 2 102 102 3829 4043 3891
6519 2 2 102 102 3960 4019 4018
6520 2 2 102 102 3891 4044 3829
6521 2 2 102 102 4018 4019 3855
6522 2 2 102 102 3945 4007 4005
6523 2 2 102 102 3997 4025 3857
6524 2 2 102 102 3951 4035 3832
6525 2 2 102 102 4005 4007 3837
6526 2 2 102 102 3832 4034 3951
6527 2 2 102 102 3947 4015 4013
6528 2 2 102 102 4013 4015 3848
6529 2 2 102 102 3849 4040 3887
6530 2 2 102 102 3856 4046 3983
6531 2 2 102 102 3887 4041 3849
6532 2 2 102 102 3950 4010 3857
6533 2 2 102 102 3944 4001 4000
6534 2 2 102 102 4000 4001 3834
6535 2 2 102 102 3828 4038 3889
6536 2 2 102 102 3946 4008 4006
6537 2 2 102 102 3889 4039 3828
6538 2 2 102 102 3948 4024 3970
6539 2 2 102 102 4006 4008 3833
6540 2 2 102 102 3888 4038 3828
6541 2 2 102 102 3948 4026 4024
6542 2 2 102 102 3828 4037 3888
6543 2 2 102 102 3961 3998 3993
6544 2 2 102 102 3832 4035 3890
6545 2 2 102 102 3993 3998 3846
6546 2 2 102 102 4017 4025 3860
6547 2 2 102 102 3890 4036 3832
6548 2 2 102 102 3889 4040 3849
6549 2 2 102 102 3943 3992 3991
6550 2 2 102 102 3840 4033 3951
6551 2 2 102 102 3991 3992 3845
6552 2 2 102 102 3849 4039 3889
6553 2 2 102 102 3945 4003 3969
6554 2 2 102 102 3951 4034 3840
6555 2 2 102 102 3861 3983 3979
6556 2 2 102 102 3892 3981 3844
6557 2 2 102 102 3945 4005 4003
6558 2 2 102 102 3979 3983 3892
6559 2 2 102 102 3854 4031 3952
6560 2 2 102 102 3978 3981 3883
6561 2 2 102 102 3861 3996 3983
6562 2 2 102 102 3844 3981 3978
6563 2 2 102 102 3942 3989 3988
6564 2 2 102 102 3944 3999 3971
6565 2 2 102 102 3955 4025 4017
6566 2 2 102 102 3952 4032 3854
6567 2 2 102 102 3844 3979 3892
6568 2 2 102 102 3841 4029 3953
6569 2 2 102 102 3988 3989 3850
6570 2 2 102 102 3947 4011 3967
6571 2 2 102 102 3965 3976 3883
6572 2 2 102 102 3944 4000 3999
6573 2 2 102 102 3838 4016 3955
6574 2 2 102 102 3965 3977 3836
6575 2 2 102 102 3963 4043 3829
6576 2 2 102 102 3953 4030 3841
6577 2 2 102 102 3947 4013 4011
6578 2 2 102 102 3976 3978 3883
6579 2 2 102 102 3835 4027 3954
6580 2 2 102 102 3972 3977 3893
6581 2 2 102 102 3852 4047 3994
6582 2 2 102 102 3853 4012 3956
6583 2 2 102 102 3941 3986 3985
6584 2 2 102 102 3955 4017 3838
6585 2 2 102 102 3836 3977 3972
6586 2 2 102 102 3943 3990 3968
6587 2 2 102 102 3946 4004 3966
6588 2 2 102 102 3836 3976 3965
6589 2 2 102 102 3829 4042 3963
6590 2 2 102 102 3893 3975 3843
6591 2 2 102 102 3837 4007 3957
6592 2 2 102 102 3985 3986 3831
6593 2 2 102 102 3954 4028 3835
6594 2 2 102 102 4045 4047 3852
6595 2 2 102 102 3867 3894 3870
6596 2 2 102 102 3956 4014 3853
6597 2 2 102 102 3830 4023 3970
6598 2 2 102 102 3974 3975 3894
6599 2 2 102 102 3943 3991 3990
6600 2 2 102 102 3946 4006 4004
6601 2 2 102 102 3942 3987 3964
6602 2 2 102 102 3834 4001 3969
6603 2 2 102 102 3863 3894 3867
6604 2 2 102 102 3843 3975 3974
6605 2 2 102 102 3894 3975 3870
6606 2 2 102 102 3843 3972 3893
6607 2 2 102 102 3957 4009 3837
6608 2 2 102 102 3864 3982 3973
6609 2 2 102 102 3890 3895 3868
6610 2 2 102 102 3891 4045 3852
6611 2 2 102 102 3868 3895 3865
6612 2 2 102 102 3899 3962 3897
6613 2 2 102 102 3877 3963 3887
6614 2 2 102 102 3878 3965 3883
6615 2 2 102 102 3905 3964 3903
6616 2 2 102 102 3938 3966 3940
6617 2 2 102 102 3932 3967 3934
6618 2 2 102 102 3936 3938 3937
6619 2 2 102 102 3926 3927 3925
6620 2 2 102 102 3927 3969 3925
6621 2 2 102 102 3938 3939 3937
6622 2 2 102 102 3946 3966 3938
6623 2 2 102 102 3940 3950 3949
6624 2 2 102 102 3932 3934 3933
6625 2 2 102 102 3911 3968 3909
6626 2 2 102 102 3914 3916 3915
6627 2 2 102 102 3934 3936 3935
6628 2 2 102 102 3929 3945 3927
6629 2 2 102 102 3914 3970 3916
6630 2 2 102 102 3948 3970 3914
6631 2 2 102 102 3916 3918 3917
6632 2 2 102 102 3918 3920 3919
6633 2 2 102 102 3945 3969 3927
6634 2 2 102 102 3928 3930 3929
6635 2 2 102 102 3882 3892 3885
6636 2 2 102 102 3912 3913 3911
6637 2 2 102 102 3943 3968 3911
6638 2 2 102 102 3912 3914 3913
6639 2 2 102 102 3914 3915 3913
6640 2 2 102 102 3916 3917 3915
6641 2 2 102 102 3918 3919 3917
6642 2 2 102 102 3920 3921 3919
6643 2 2 102 102 3922 3923 3921
6644 2 2 102 102 3924 3925 3923
6645 2 2 102 102 3928 3929 3927
6646 2 2 102 102 3930 3931 3929
6647 2 2 102 102 3930 3947 3932
6648 2 2 102 102 3934 3935 3933
6649 2 2 102 102 3936 3937 3935
6650 2 2 102 102 3913 3943 3911
6651 2 2 102 102 3917 3961 3915
6652 2 2 102 102 3918 3958 3920
6653 2 2 102 102 3932 3933 3931
6654 2 2 102 102 3949 3955 3939
6655 2 2 102 102 3920 3922 3921
6656 2 2 102 102 3922 3924 3923
6657 2 2 102 102 3924 3926 3925
6658 2 2 102 102 3926 3928 3927
6659 2 2 102 102 3912 3948 3914
6660 2 2 102 102 3930 3932 3931
6661 2 2 102 102 3933 3957 3931
6662 2 2 102 102 3926 3960 3928
6663 2 2 102 102 3936 3946 3938
6664 2 2 102 102 3923 3944 3921
6665 2 2 102 102 3922 3959 3924
6666 2 2 102 102 3940 3949 3939
6667 2 2 102 102 3910 3912 3911
6668 2 2 102 102 3944 3971 3921
6669 2 2 102 102 3882 3885 3884
6670 2 2 102 102 3921 3971 3919
6671 2 2 102 102 3947 3967 3932
6672 2 2 102 102 3938 3940 3939
6673 2 2 102 102 3885 3886 3884
6674 2 2 102 102 3910 3911 3909
6675 2 2 102 102 3908 3954 3910
6676 2 2 102 102 3937 3956 3935
6677 2 2 102 102 3884 3891 3881
6678 2 2 102 102 3882 3884 3881
6679 2 2 102 102 3908 3910 3909
6680 2 2 102 102 3880 3882 3881
6681 2 2 102 102 3942 3964 3905
6682 2 2 102 102 3908 3909 3907
6683 2 2 102 102 3880 3881 3879
6684 2 2 102 102 3906 3908 3907
6685 2 2 102 102 3907 3942 3905
6686 2 2 102 102 3878 3883 3880
6687 2 2 102 102 3878 3880 3879
6688 2 2 102 102 3904 3953 3906
6689 2 2 102 102 3906 3907 3905
6690 2 2 102 102 3879 3963 3877
6691 2 2 102 102 3876 3965 3878
6692 2 2 102 102 3878 3879 3877
6693 2 2 102 102 3904 3906 3905
6694 2 2 102 102 3876 3878 3877
6695 2 2 102 102 3877 3887 3875
6696 2 2 102 102 3904 3905 3903
6697 2 2 102 102 3876 3877 3875
6698 2 2 102 102 3902 3904 3903
6699 2 2 102 102 3902 3903 3901
6700 2 2 102 102 3900 3952 3902
6701 2 2 102 102 3941 3962 3899
6702 2 2 102 102 3874 3876 3875
6703 2 2 102 102 3872 3893 3874
6704 2 2 102 102 3874 3875 3873
6705 2 2 102 102 3900 3902 3901
6706 2 2 102 102 3901 3941 3899
6707 2 2 102 102 3873 3889 3871
6708 2 2 102 102 3900 3901 3899
6709 2 2 102 102 3872 3874 3873
6710 2 2 102 102 3872 3873 3871
6711 2 2 102 102 3898 3900 3899
6712 2 2 102 102 3896 3951 3898
6713 2 2 102 102 3898 3899 3897
6714 2 2 102 102 3870 3872 3871
6715 2 2 102 102 3896 3898 3897
6716 2 2 102 102 3870 3871 3869
6717 2 2 102 102 3888 3890 3868
6718 2 2 102 102 3896 3897 3866
6719 2 2 102 102 3869 3888 3868
6720 2 2 102 102 3867 3870 3869
6721 2 2 102 102 3895 3896 3866
6722 2 2 102 102 3867 3869 3868
6723 2 2 102 102 3865 3895 3866
6724 2 2 102 102 3867 3868 3865
6725 2 2 102 102 3863 3867 3865
6726 2 2 102 102 3865 3866 3864
6727 2 2 102 102 3863 3865 3864
6728 2 2 102 102 3846 3998 3971
6729 2 2 102 102 3839 4021 3958
6730 2 2 102 102 3941 3984 3962
6731 2 2 102 102 3872 3975 3893
6732 2 2 102 102 3863 3864 3862
6733 2 2 102 102 3842 3894 3863
6734 2 2 102 102 3845 3992 3961
6735 2 2 102 102 3847 3982 3962
6736 2 2 102 102 3893 3977 3874
6737 2 2 102 102 3876 3977 3965
6738 2 2 102 102 3942 3988 3987
6739 2 2 102 102 3970 4024 3830
6740 2 2 102 102 3870 3975 3872
6741 2 2 102 102 3883 3981 3880
6742 2 2 102 102 3882 3981 3892
6743 2 2 102 102 3850 3989 3968
6744 2 2 102 102 3831 3986 3964
6745 2 2 102 102 3973 3982 3847
6746 2 2 102 102 3866 3982 3864
6747 2 2 102 102 3962 3982 3897
6748 2 2 102 102 3969 4003 3834
6749 2 2 102 102 178 3862 177
6750 2 2 102 102 165 3846 164
6751 2 2 102 102 114 3855 115
6752 2 2 102 102 159 3837 158
6753 2 2 102 102 179 3842 178
6754 2 2 102 102 181 3843 180
6755 2 2 102 102 186 3844 185
6756 2 2 102 102 112 3848 113
6757 2 2 102 102 106 3851 107
6758 2 2 102 102 121 3835 122
6759 2 2 102 102 123 3841 124
6760 2 2 102 102 127 3840 128
6761 2 2 102 102 134 3849 135
6762 2 2 102 102 139 3852 140
6763 2 2 102 102 153 3860 152
6764 2 2 102 102 155 3838 154
6765 2 2 102 102 170 3850 169
6766 2 2 102 102 182 3972 181
6767 2 2 102 102 183 3836 182
6768 2 2 102 102 188 3861 187
6769 2 2 102 102 173 3831 172
6770 2 2 102 102 177 3973 176
6771 2 2 102 102 167 3845 166
6772 2 2 102 102 176 3847 175
6773 2 2 102 102 116 3839 117
6774 2 2 102 102 118 3830 119
6775 2 2 102 102 125 3854 126
6776 2 2 102 102 129 3832 130
6777 2 2 102 102 132 3828 133
6778 2 2 102 102 137 3829 138
6779 2 2 102 102 157 3853 156
6780 2 2 102 102 162 3834 161
6781 2 2 102 102 180 3974 179
6782 2 2 102 102 109 3833 110
6783 2 2 102 102 3874 3977 3876
6784 2 2 102 102 3855 4019 3959
6785 2 2 102 102 184 3976 183
6786 2 2 102 102 3852 4044 3891
6787 2 2 102 102 185 3978 184
6788 2 2 102 102 3980 4047 3886
6789 2 2 102 102 3880 3981 3882
6790 2 2 102 102 3842 3863 3862
6791 2 2 102 102 187 3979 186
6792 2 2 102 102 3941 3985 3984
6793 2 2 102 102 3958 4022 3839
6794 2 2 102 102 3897 3982 3866
6795 2 2 102 102 3971 3999 3846
6796 2 2 102 102 3892 3983 3885
6797 2 2 102 102 3901 3986 3941
6798 2 2 102 102 3964 3986 3903
6799 2 2 102 102 3848 4015 3960
6800 2 2 102 102 3842 3862 178
6801 2 2 102 102 181 3972 3843
6802 2 2 102 102 3836 3972 182
6803 2 2 102 102 176 3973 3847
6804 2 2 102 102 3862 3973 177
6805 2 2 102 102 179 3974 3842
6806 2 2 102 102 3843 3974 180
6807 2 2 102 102 3842 3974 3894
6808 2 2 102 102 3864 3973 3862
6809 2 2 102 102 183 3976 3836
6810 2 2 102 102 192 3980 191
6811 2 2 102 102 150 3857 149
6812 2 2 102 102 191 3856 190
6813 2 2 102 102 193 3858 192
6814 2 2 102 102 148 3859 147
6815 2 2 102 102 3961 3993 3845
6816 2 2 102 102 3844 3978 185
6817 2 2 102 102 184 3978 3976
6818 2 2 102 102 3861 3979 187
6819 2 2 102 102 186 3979 3844
6820 2 2 102 102 3962 3984 3847
6821 2 2 102 102 3968 3990 3850
6822 2 2 102 102 3964 3987 3831
6823 2 2 102 102 175 3984 174
6824 2 2 102 102 3959 4020 3855
6825 2 2 102 102 3847 3984 175
6826 2 2 102 102 3907 3989 3942
6827 2 2 102 102 3968 3989 3909
6828 2 2 102 102 3995 4002 3851
6829 2 2 102 102 3833 4008 3967
6830 2 2 102 102 173 3985 3831
6831 2 2 102 102 174 3985 173
6832 2 2 102 102 3960 4018 3848
6833 2 2 102 102 3851 4002 3966
6834 2 2 102 102 3961 3992 3915
6835 2 2 102 102 3913 3992 3943
6836 2 2 102 102 3831 3987 172
6837 2 2 102 102 3984 3985 174
6838 2 2 102 102 3903 3986 3901
6839 2 2 102 102 170 3988 3850
6840 2 2 102 102 3858 3980 192
6841 2 2 102 102 191 3980 3856
6842 2 2 102 102 3971 3998 3919
6843 2 2 102 102 3917 3998 3961
6844 2 2 102 102 3858 4047 3980
6845 2 2 102 102 140 3994 141
6846 2 2 102 102 105 3995 106
6847 2 2 102 102 3967 4011 3833
6848 2 2 102 102 3850 3990 169
6849 2 2 102 102 172 3987 171
6850 2 2 102 102 3969 4001 3925
6851 2 2 102 102 3923 4001 3944
6852 2 2 102 102 3966 4002 3940
6853 2 2 102 102 167 3991 3845
6854 2 2 102 102 3966 4004 3851
6855 2 2 102 102 171 3988 170
6856 2 2 102 102 3957 4007 3931
6857 2 2 102 102 3929 4007 3945
6858 2 2 102 102 3845 3993 166
6859 2 2 102 102 165 3993 3846
6860 2 2 102 102 3967 4008 3934
6861 2 2 102 102 3936 4008 3946
6862 2 2 102 102 3933 4012 3957
6863 2 2 102 102 3956 4012 3935
6864 2 2 102 102 3909 3989 3907
6865 2 2 102 102 3987 3988 171
6866 2 2 102 102 3846 3999 164
6867 2 2 102 102 3930 4015 3947
6868 2 2 102 102 3960 4015 3928
6869 2 2 102 102 3937 4016 3956
6870 2 2 102 102 3955 4016 3939
6871 2 2 102 102 162 4000 3834
6872 2 2 102 102 3926 4019 3960
6873 2 2 102 102 3959 4019 3924
6874 2 2 102 102 169 3990 168
6875 2 2 102 102 3834 4003 161
6876 2 2 102 102 3851 4004 107
6877 2 2 102 102 3958 4021 3920
6878 2 2 102 102 3922 4021 3959
6879 2 2 102 102 159 4005 3837
6880 2 2 102 102 109 4006 3833
6881 2 2 102 102 3918 4023 3958
6882 2 2 102 102 3970 4023 3916
6883 2 2 102 102 157 4009 3853
6884 2 2 102 102 3837 4009 158
6885 2 2 102 102 168 3991 167
6886 2 2 102 102 3833 4011 110
6887 2 2 102 102 3954 4027 3910
6888 2 2 102 102 3912 4027 3948
6889 2 2 102 102 150 3997 3857
6890 2 2 102 102 3856 3996 190
6891 2 2 102 102 112 4013 3848
6892 2 2 102 102 3853 4014 156
6893 2 2 102 102 155 4014 3838
6894 2 2 102 102 3953 4029 3906
6895 2 2 102 102 3908 4029 3954
6896 2 2 102 102 3915 3992 3913
6897 2 2 102 102 3990 3991 168
6898 2 2 102 102 3952 4031 3902
6899 2 2 102 102 3904 4031 3953
6900 2 2 102 102 153 4017 3860
6901 2 2 102 102 3838 4017 154
6902 2 2 102 102 3848 4018 113
6903 2 2 102 102 114 4018 3855
6904 2 2 102 102 3951 4033 3898
6905 2 2 102 102 3900 4033 3952
6906 2 2 102 102 3890 4035 3895
6907 2 2 102 102 3896 4035 3951
6908 2 2 102 102 3855 4020 115
6909 2 2 102 102 116 4020 3839
6910 2 2 102 102 3869 4038 3888
6911 2 2 102 102 3889 4038 3871
6912 2 2 102 102 166 3993 165
6913 2 2 102 102 3873 4040 3889
6914 2 2 102 102 3887 4040 3875
6915 2 2 102 102 3839 4022 117
6916 2 2 102 102 118 4022 3830
6917 2 2 102 102 3879 4043 3963
6918 2 2 102 102 3891 4043 3881
6919 2 2 102 102 3884 4045 3891
6920 2 2 102 102 3919 3998 3917
6921 2 2 102 102 3830 4024 119
6922 2 2 102 102 121 4026 3835
6923 2 2 102 102 3852 3994 140
6924 2 2 102 102 106 3995 3851
6925 2 2 102 102 148 4010 3859
6926 2 2 102 102 3857 4010 149
6927 2 2 102 102 123 4028 3841
6928 2 2 102 102 3835 4028 122
6929 2 2 102 102 151 3997 150
6930 2 2 102 102 190 3996 189
6931 2 2 102 102 3841 4030 124
6932 2 2 102 102 125 4030 3854
6933 2 2 102 102 164 3999 163
6934 2 2 102 102 127 4032 3840
6935 2 2 102 102 3854 4032 126
6936 2 2 102 102 129 4034 3832
6937 2 2 102 102 3840 4034 128
6938 2 2 102 102 3832 4036 130
6939 2 2 102 102 132 4037 3828
6940 2 2 102 102 163 4000 162
6941 2 2 102 102 134 4039 3849
6942 2 2 102 102 3828 4039 133
6943 2 2 102 102 3849 4041 135
6944 2 2 102 102 137 4042 3829
6945 2 2 102 102 139 4044 3852
6946 2 2 102 102 3829 4044 138
6947 2 2 102 102 3925 4001 3923
6948 2 2 102 102 3940 4002 3950
6949 2 2 102 102 3999 4000 163
6950 2 2 102 102 3983 4046 3885
6951 2 2 102 102 161 4003 160
6952 2 2 102 102 107 4004 108
6953 2 2 102 102 3886 4046 3980
6954 2 2 102 102 141 4049 4
6955 2 2 102 102 3 4048 105
6956 2 2 102 102 160 4005 159
6957 2 2 102 102 4 4049 193
6958 2 2 102 102 147 4048 3
6959 2 2 102 102 3931 4007 3929
6960 2 2 102 102 108 4006 109
6961 2 2 102 102 3934 4008 3936
6962 2 2 102 102 4003 4005 160
6963 2 2 102 102 6 4050 188
6964 2 2 102 102 152 4051 5
6965 2 2 102 102 3860 4025 3997
6966 2 2 102 102 189 4050 6
6967 2 2 102 102 5 4051 151
6968 2 2 102 102 4004 4006 108
6969 2 2 102 102 158 4009 157
6970 2 2 102 102 3935 4012 3933
6971 2 2 102 102 110 4011 111
6972 2 2 102 102 149 4010 148
6973 2 2 102 102 111 4013 112
6974 2 2 102 102 156 4014 155
6975 2 2 102 102 3928 4015 3930
6976 2 2 102 102 3939 4016 3937
6977 2 2 102 102 4011 4013 111
6978 2 2 102 102 154 4017 153
6979 2 2 102 102 113 4018 114
6980 2 2 102 102 3924 4019 3926
6981 2 2 102 102 115 4020 116
6982 2 2 102 102 3920 4021 3922
6983 2 2 102 102 3980 4046 3856
6984 2 2 102 102 117 4022 118
6985 2 2 102 102 3916 4023 3918
6986 2 2 102 102 3949 4025 3955
6987 2 2 102 102 119 4024 120
6988 2 2 102 102 3910 4027 3912
6989 2 2 102 102 120 4026 121
6990 2 2 102 102 3906 4029 3908
6991 2 2 102 102 4024 4026 120
6992 2 2 102 102 122 4028 123
6993 2 2 102 102 3902 4031 3904
6994 2 2 102 102 124 4030 125
6995 2 2 102 102 3898 4033 3900
6996 2 2 102 102 126 4032 127
6997 2 2 102 102 3895 4035 3896
6998 2 2 102 102 128 4034 129
6999 2 2 102 102 3871 4038 3869
7000 2 2 102 102 130 4036 131
7001 2 2 102 102 131 4037 132
7002 2 2 102 102 3875 4040 3873
7003 2 2 102 102 133 4039 134
7004 2 2 102 102 3881 4043 3879
7005 2 2 102 102 135 4041 136
7006 2 2 102 102 3886 4045 3884
7007 2 2 102 102 4036 4037 131
7008 2 2 102 102 136 4042 137
7009 2 2 102 102 138 4044 139
7010 2 2 102 102 4041 4042 136
7011 2 2 102 102 3885 4046 3886
7012 2 2 102 102 3994 4049 141
7013 2 2 102 102 105 4048 3995
7014 2 2 102 102 188 4050 3861
7015 2 2 102 102 3860 4051 152
7016 2 2 102 102 3859 4048 147
7017 2 2 102 102 193 4049 3858
7018 2 2 102 102 3995 4048 3859
7019 2 2 102 102 3858 4049 3994
7020 2 2 102 102 3994 4047 3858
7021 2 2 102 102 3996 4050 189
7022 2 2 102 102 151 4051 3997
7023 2 2 102 102 3997 4051 3860
7024 2 2 102 102 3861 4050 3996
7025 2 2 102 102 3886 4047 4045
7026 2 2 103 103 4081 4234 4228
7027 2 2 103 103 4198 4199 4155
7028 2 2 103 103 4074 4199 4198
7029 2 2 103 103 4230 4235 4074
7030 2 2 103 103 4182 4200 4155
7031 2 2 103 103 4155 4200 4198
7032 2 2 103 103 4228 4269 4081
7033 2 2 103 103 4074 4235 4199
7034 2 2 103 103 4182 4206 4057
7035 2 2 103 103 4203 4206 4147
7036 2 2 103 103 4057 4200 4182
7037 2 2 103 103 4057 4206 4203
7038 2 2 103 103 4065 4257 4158
7039 2 2 103 103 4158 4258 4065
7040 2 2 103 103 4183 4205 4147
7041 2 2 103 103 4147 4205 4203
7042 2 2 103 103 4161 4239 4165
7043 2 2 103 103 4161 4240 4239
7044 2 2 103 103 4055 4253 4169
7045 2 2 103 103 4169 4255 4055
7046 2 2 103 103 4211 4216 4160
7047 2 2 103 103 4183 4216 4071
7048 2 2 103 103 4071 4216 4211
7049 2 2 103 103 4071 4205 4183
7050 2 2 103 103 4156 4235 4209
7051 2 2 103 103 4209 4275 4156
7052 2 2 103 103 4214 4222 4162
7053 2 2 103 103 4080 4248 4167
7054 2 2 103 103 4078 4222 4214
7055 2 2 103 103 4160 4222 4078
7056 2 2 103 103 4167 4251 4080
7057 2 2 103 103 4078 4211 4160
7058 2 2 103 103 4181 4245 4159
7059 2 2 103 103 4218 4224 4132
7060 2 2 103 103 4159 4245 4244
7061 2 2 103 103 4060 4224 4218
7062 2 2 103 103 4056 4246 4166
7063 2 2 103 103 4162 4224 4060
7064 2 2 103 103 4166 4247 4056
7065 2 2 103 103 4060 4214 4162
7066 2 2 103 103 4179 4238 4053
7067 2 2 103 103 4185 4219 4132
7068 2 2 103 103 4053 4237 4179
7069 2 2 103 103 4132 4219 4218
7070 2 2 103 103 4220 4226 4164
7071 2 2 103 103 4069 4226 4220
7072 2 2 103 103 4185 4226 4069
7073 2 2 103 103 4052 4243 4159
7074 2 2 103 103 4159 4244 4052
7075 2 2 103 103 4069 4219 4185
7076 2 2 103 103 4261 4264 4157
7077 2 2 103 103 4058 4264 4261
7078 2 2 103 103 4217 4225 4123
7079 2 2 103 103 4059 4225 4217
7080 2 2 103 103 4164 4225 4059
7081 2 2 103 103 4073 4241 4163
7082 2 2 103 103 4228 4234 4085
7083 2 2 103 103 4163 4242 4073
7084 2 2 103 103 4059 4220 4164
7085 2 2 103 103 4161 4241 4073
7086 2 2 103 103 4186 4215 4123
7087 2 2 103 103 4073 4240 4161
7088 2 2 103 103 4215 4217 4123
7089 2 2 103 103 4212 4223 4116
7090 2 2 103 103 4186 4223 4070
7091 2 2 103 103 4053 4238 4165
7092 2 2 103 103 4070 4223 4212
7093 2 2 103 103 4070 4215 4186
7094 2 2 103 103 4165 4239 4053
7095 2 2 103 103 4163 4243 4052
7096 2 2 103 103 4184 4208 4116
7097 2 2 103 103 4075 4236 4179
7098 2 2 103 103 4208 4212 4116
7099 2 2 103 103 4052 4242 4163
7100 2 2 103 103 4184 4213 4063
7101 2 2 103 103 4204 4213 4168
7102 2 2 103 103 4179 4237 4075
7103 2 2 103 103 4063 4213 4204
7104 2 2 103 103 4231 4270 4075
7105 2 2 103 103 4063 4208 4184
7106 2 2 103 103 4168 4207 4077
7107 2 2 103 103 4201 4207 4170
7108 2 2 103 103 4187 4260 4158
7109 2 2 103 103 4077 4207 4201
7110 2 2 103 103 4158 4260 4258
7111 2 2 103 103 4075 4270 4236
7112 2 2 103 103 4077 4204 4168
7113 2 2 103 103 4170 4202 4066
7114 2 2 103 103 4181 4246 4056
7115 2 2 103 103 4194 4202 4171
7116 2 2 103 103 4262 4263 4193
7117 2 2 103 103 4066 4202 4194
7118 2 2 103 103 4178 4270 4210
7119 2 2 103 103 4066 4201 4170
7120 2 2 103 103 4056 4245 4181
7121 2 2 103 103 4171 4197 4067
7122 2 2 103 103 4072 4262 4193
7123 2 2 103 103 4092 4172 4095
7124 2 2 103 103 4188 4197 4172
7125 2 2 103 103 4263 4265 4054
7126 2 2 103 103 4086 4276 4233
7127 2 2 103 103 4088 4172 4092
7128 2 2 103 103 4067 4197 4188
7129 2 2 103 103 4172 4197 4095
7130 2 2 103 103 4067 4194 4171
7131 2 2 103 103 4089 4221 4191
7132 2 2 103 103 4165 4173 4093
7133 2 2 103 103 4166 4248 4080
7134 2 2 103 103 4093 4173 4090
7135 2 2 103 103 4102 4181 4159
7136 2 2 103 103 4151 4182 4155
7137 2 2 103 103 4151 4155 4153
7138 2 2 103 103 4149 4151 4150
7139 2 2 103 103 4142 4144 4143
7140 2 2 103 103 4141 4157 4139
7141 2 2 103 103 4153 4156 4154
7142 2 2 103 103 4109 4184 4111
7143 2 2 103 103 4109 4110 4108
7144 2 2 103 103 4111 4112 4110
7145 2 2 103 103 4111 4184 4116
7146 2 2 103 103 4115 4117 4114
7147 2 2 103 103 4118 4119 4117
7148 2 2 103 103 4122 4124 4121
7149 2 2 103 103 4121 4187 4158
7150 2 2 103 103 4125 4126 4124
7151 2 2 103 103 4127 4128 4126
7152 2 2 103 103 4129 4130 4128
7153 2 2 103 103 4131 4133 4130
7154 2 2 103 103 4134 4135 4133
7155 2 2 103 103 4140 4141 4139
7156 2 2 103 103 4142 4143 4141
7157 2 2 103 103 4144 4145 4143
7158 2 2 103 103 4144 4183 4147
7159 2 2 103 103 4153 4154 4152
7160 2 2 103 103 4151 4153 4152
7161 2 2 103 103 4149 4182 4151
7162 2 2 103 103 4136 4138 4137
7163 2 2 103 103 4138 4140 4139
7164 2 2 103 103 4121 4158 4119
7165 2 2 103 103 4138 4160 4140
7166 2 2 103 103 4134 4162 4136
7167 2 2 103 103 4142 4183 4144
7168 2 2 103 103 4144 4147 4146
7169 2 2 103 103 4125 4127 4126
7170 2 2 103 103 4127 4129 4128
7171 2 2 103 103 4129 4131 4130
7172 2 2 103 103 4131 4134 4133
7173 2 2 103 103 4127 4185 4129
7174 2 2 103 103 4129 4132 4131
7175 2 2 103 103 4115 4186 4118
7176 2 2 103 103 4118 4120 4119
7177 2 2 103 103 4118 4123 4120
7178 2 2 103 103 4112 4167 4110
7179 2 2 103 103 4117 4169 4114
7180 2 2 103 103 4124 4187 4121
7181 2 2 103 103 4122 4125 4124
7182 2 2 103 103 4122 4164 4125
7183 2 2 103 103 4134 4136 4135
7184 2 2 103 103 4115 4118 4117
7185 2 2 103 103 4111 4113 4112
7186 2 2 103 103 4111 4116 4113
7187 2 2 103 103 4146 4149 4148
7188 2 2 103 103 4140 4142 4141
7189 2 2 103 103 4144 4146 4145
7190 2 2 103 103 4120 4122 4121
7191 2 2 103 103 4113 4115 4114
7192 2 2 103 103 4109 4111 4110
7193 2 2 103 103 4113 4114 4112
7194 2 2 103 103 4118 4186 4123
7195 2 2 103 103 4120 4121 4119
7196 2 2 103 103 4129 4185 4132
7197 2 2 103 103 4136 4137 4135
7198 2 2 103 103 4138 4139 4137
7199 2 2 103 103 4146 4148 4145
7200 2 2 103 103 4149 4150 4148
7201 2 2 103 103 4151 4152 4150
7202 2 2 103 103 4107 4109 4108
7203 2 2 103 103 4108 4166 4106
7204 2 2 103 103 4107 4108 4106
7205 2 2 103 103 4105 4168 4107
7206 2 2 103 103 4105 4107 4106
7207 2 2 103 103 4105 4106 4104
7208 2 2 103 103 4104 4181 4102
7209 2 2 103 103 4103 4105 4104
7210 2 2 103 103 4101 4170 4103
7211 2 2 103 103 4103 4104 4102
7212 2 2 103 103 4101 4103 4102
7213 2 2 103 103 4102 4159 4100
7214 2 2 103 103 4101 4102 4100
7215 2 2 103 103 4099 4101 4100
7216 2 2 103 103 4099 4100 4098
7217 2 2 103 103 4097 4171 4099
7218 2 2 103 103 4098 4163 4096
7219 2 2 103 103 4097 4099 4098
7220 2 2 103 103 4177 4180 4175
7221 2 2 103 103 4176 4178 4177
7222 2 2 103 103 4097 4098 4096
7223 2 2 103 103 4176 4177 4175
7224 2 2 103 103 4095 4097 4096
7225 2 2 103 103 4174 4179 4176
7226 2 2 103 103 4161 4165 4093
7227 2 2 103 103 4095 4096 4094
7228 2 2 103 103 4174 4176 4175
7229 2 2 103 103 4094 4161 4093
7230 2 2 103 103 4174 4175 4091
7231 2 2 103 103 4092 4095 4094
7232 2 2 103 103 4092 4094 4093
7233 2 2 103 103 4173 4174 4091
7234 2 2 103 103 4092 4093 4090
7235 2 2 103 103 4090 4173 4091
7236 2 2 103 103 4088 4092 4090
7237 2 2 103 103 4090 4091 4089
7238 2 2 103 103 4193 4263 4054
7239 2 2 103 103 4088 4090 4089
7240 2 2 103 103 4097 4197 4171
7241 2 2 103 103 4088 4089 4087
7242 2 2 103 103 4061 4172 4088
7243 2 2 103 103 4155 4199 4153
7244 2 2 103 103 4068 4221 4180
7245 2 2 103 103 4171 4202 4099
7246 2 2 103 103 4101 4202 4170
7247 2 2 103 103 4210 4269 4178
7248 2 2 103 103 4149 4206 4182
7249 2 2 103 103 4147 4206 4146
7250 2 2 103 103 4265 4267 4192
7251 2 2 103 103 4170 4207 4103
7252 2 2 103 103 4105 4207 4168
7253 2 2 103 103 4095 4197 4097
7254 2 2 103 103 4168 4213 4107
7255 2 2 103 103 4109 4213 4184
7256 2 2 103 103 4191 4221 4068
7257 2 2 103 103 4142 4216 4183
7258 2 2 103 103 4160 4216 4140
7259 2 2 103 103 4153 4199 4156
7260 2 2 103 103 4091 4221 4089
7261 2 2 103 103 4180 4221 4175
7262 2 2 103 103 4162 4222 4136
7263 2 2 103 103 4138 4222 4160
7264 2 2 103 103 4116 4223 4113
7265 2 2 103 103 4115 4223 4186
7266 2 2 103 103 4132 4224 4131
7267 2 2 103 103 4134 4224 4162
7268 2 2 103 103 4123 4225 4120
7269 2 2 103 103 4122 4225 4164
7270 2 2 103 103 4164 4226 4125
7271 2 2 103 103 4127 4226 4185
7272 2 2 103 103 183 4087 184
7273 2 2 103 103 181 4188 182
7274 2 2 103 103 212 4192 211
7275 2 2 103 103 168 4059 169
7276 2 2 103 103 187 4085 188
7277 2 2 103 103 161 4078 162
7278 2 2 103 103 178 4066 179
7279 2 2 103 103 180 4067 181
7280 2 2 103 103 185 4068 186
7281 2 2 103 103 205 4190 204
7282 2 2 103 103 153 4074 154
7283 2 2 103 103 174 4063 175
7284 2 2 103 103 182 4061 183
7285 2 2 103 103 176 4077 177
7286 2 2 103 103 166 4069 167
7287 2 2 103 103 171 4070 172
7288 2 2 103 103 206 4062 205
7289 2 2 103 103 211 4079 210
7290 2 2 103 103 214 4193 213
7291 2 2 103 103 159 4071 160
7292 2 2 103 103 200 4086 199
7293 2 2 103 103 202 4064 201
7294 2 2 103 103 215 4072 214
7295 2 2 103 103 218 4065 217
7296 2 2 103 103 222 4080 221
7297 2 2 103 103 229 4073 228
7298 2 2 103 103 234 4075 233
7299 2 2 103 103 213 4054 212
7300 2 2 103 103 220 4055 219
7301 2 2 103 103 224 4056 223
7302 2 2 103 103 227 4052 226
7303 2 2 103 103 232 4053 231
7304 2 2 103 103 156 4057 157
7305 2 2 103 103 163 4060 164
7306 2 2 103 103 209 4058 208
7307 2 2 103 103 179 4194 180
7308 2 2 103 103 204 4076 203
7309 2 2 103 103 210 4196 209
7310 2 2 103 103 184 4191 185
7311 2 2 103 103 201 4189 200
7312 2 2 103 103 203 4195 202
7313 2 2 103 103 4099 4202 4101
7314 2 2 103 103 154 4198 155
7315 2 2 103 103 155 4200 156
7316 2 2 103 103 177 4201 178
7317 2 2 103 103 4227 4228 4085
7318 2 2 103 103 4080 4247 4166
7319 2 2 103 103 4146 4206 4149
7320 2 2 103 103 4103 4207 4105
7321 2 2 103 103 4054 4265 4192
7322 2 2 103 103 4061 4088 4087
7323 2 2 103 103 157 4203 158
7324 2 2 103 103 175 4204 176
7325 2 2 103 103 4086 4233 4232
7326 2 2 103 103 4107 4213 4109
7327 2 2 103 103 158 4205 159
7328 2 2 103 103 4140 4216 4142
7329 2 2 103 103 173 4208 174
7330 2 2 103 103 4175 4221 4091
7331 2 2 103 103 4136 4222 4138
7332 2 2 103 103 160 4211 161
7333 2 2 103 103 172 4212 173
7334 2 2 103 103 4113 4223 4115
7335 2 2 103 103 4131 4224 4134
7336 2 2 103 103 162 4214 163
7337 2 2 103 103 170 4215 171
7338 2 2 103 103 4120 4225 4122
7339 2 2 103 103 4267 4268 4079
7340 2 2 103 103 4125 4226 4127
7341 2 2 103 103 4061 4087 183
7342 2 2 103 103 200 4189 4086
7343 2 2 103 103 4067 4188 181
7344 2 2 103 103 204 4190 4076
7345 2 2 103 103 213 4193 4054
7346 2 2 103 103 209 4196 4058
7347 2 2 103 103 211 4192 4079
7348 2 2 103 103 182 4188 4061
7349 2 2 103 103 4072 4193 214
7350 2 2 103 103 4066 4194 179
7351 2 2 103 103 4054 4192 212
7352 2 2 103 103 4087 4191 184
7353 2 2 103 103 4064 4189 201
7354 2 2 103 103 4062 4190 205
7355 2 2 103 103 180 4194 4067
7356 2 2 103 103 4076 4195 203
7357 2 2 103 103 185 4191 4068
7358 2 2 103 103 4079 4196 210
7359 2 2 103 103 202 4195 4064
7360 2 2 103 103 4180 4228 4227
7361 2 2 103 103 169 4217 170
7362 2 2 103 103 4074 4198 154
7363 2 2 103 103 4089 4191 4087
7364 2 2 103 103 4061 4188 4172
7365 2 2 103 103 164 4218 165
7366 2 2 103 103 165 4219 166
7367 2 2 103 103 167 4220 168
7368 2 2 103 103 156 4200 4057
7369 2 2 103 103 4077 4201 177
7370 2 2 103 103 178 4201 4066
7371 2 2 103 103 4198 4200 155
7372 2 2 103 103 196 4209 195
7373 2 2 103 103 237 4083 236
7374 2 2 103 103 239 4081 238
7375 2 2 103 103 195 4084 194
7376 2 2 103 103 197 4082 196
7377 2 2 103 103 238 4210 237
7378 2 2 103 103 4057 4203 157
7379 2 2 103 103 4063 4204 175
7380 2 2 103 103 176 4204 4077
7381 2 2 103 103 159 4205 4071
7382 2 2 103 103 4180 4227 4068
7383 2 2 103 103 174 4208 4063
7384 2 2 103 103 161 4211 4078
7385 2 2 103 103 4071 4211 160
7386 2 2 103 103 4070 4212 172
7387 2 2 103 103 4078 4214 162
7388 2 2 103 103 163 4214 4060
7389 2 2 103 103 171 4215 4070
7390 2 2 103 103 4059 4217 169
7391 2 2 103 103 4060 4218 164
7392 2 2 103 103 166 4219 4069
7393 2 2 103 103 4069 4220 167
7394 2 2 103 103 168 4220 4059
7395 2 2 103 103 4203 4205 158
7396 2 2 103 103 186 4227 187
7397 2 2 103 103 4167 4253 4055
7398 2 2 103 103 187 4227 4085
7399 2 2 103 103 4068 4227 186
7400 2 2 103 103 173 4212 4208
7401 2 2 103 103 4192 4267 4079
7402 2 2 103 103 170 4217 4215
7403 2 2 103 103 4218 4219 165
7404 2 2 103 103 4196 4268 4266
7405 2 2 103 103 4177 4228 4180
7406 2 2 103 103 4189 4276 4086
7407 2 2 103 103 4084 4235 4230
7408 2 2 103 103 207 4229 206
7409 2 2 103 103 4232 4233 4082
7410 2 2 103 103 4055 4251 4167
7411 2 2 103 103 4079 4268 4196
7412 2 2 103 103 195 4209 4084
7413 2 2 103 103 237 4210 4083
7414 2 2 103 103 4082 4209 196
7415 2 2 103 103 4081 4210 238
7416 2 2 103 103 4058 4266 4264
7417 2 2 103 103 235 4231 234
7418 2 2 103 103 152 4230 153
7419 2 2 103 103 4169 4257 4065
7420 2 2 103 103 4210 4270 4083
7421 2 2 103 103 4196 4266 4058
7422 2 2 103 103 4156 4275 4154
7423 2 2 103 103 4065 4255 4169
7424 2 2 103 103 4154 4275 4233
7425 2 2 103 103 207 4261 4229
7426 2 2 103 103 197 4232 4082
7427 2 2 103 103 239 4234 4081
7428 2 2 103 103 206 4229 4062
7429 2 2 103 103 4250 4259 4062
7430 2 2 103 103 4179 4236 4176
7431 2 2 103 103 4165 4238 4173
7432 2 2 103 103 4174 4238 4179
7433 2 2 103 103 4081 4269 4210
7434 2 2 103 103 4187 4262 4072
7435 2 2 103 103 4094 4241 4161
7436 2 2 103 103 4163 4241 4096
7437 2 2 103 103 4098 4243 4163
7438 2 2 103 103 4159 4243 4100
7439 2 2 103 103 4104 4246 4181
7440 2 2 103 103 4166 4246 4106
7441 2 2 103 103 4108 4248 4166
7442 2 2 103 103 4167 4248 4110
7443 2 2 103 103 4141 4250 4157
7444 2 2 103 103 4190 4259 4256
7445 2 2 103 103 4112 4253 4167
7446 2 2 103 103 4169 4253 4114
7447 2 2 103 103 4117 4257 4169
7448 2 2 103 103 4158 4257 4119
7449 2 2 103 103 4124 4262 4187
7450 2 2 103 103 4157 4264 4139
7451 2 2 103 103 4209 4235 4084
7452 2 2 103 103 153 4230 4074
7453 2 2 103 103 234 4231 4075
7454 2 2 103 103 198 4232 197
7455 2 2 103 103 240 4234 239
7456 2 2 103 103 4076 4256 4254
7457 2 2 103 103 4062 4259 4190
7458 2 2 103 103 4075 4237 233
7459 2 2 103 103 232 4237 4053
7460 2 2 103 103 4072 4260 4187
7461 2 2 103 103 4053 4239 231
7462 2 2 103 103 229 4240 4073
7463 2 2 103 103 4073 4242 228
7464 2 2 103 103 227 4242 4052
7465 2 2 103 103 4052 4244 226
7466 2 2 103 103 224 4245 4056
7467 2 2 103 103 4056 4247 223
7468 2 2 103 103 222 4247 4080
7469 2 2 103 103 4080 4251 221
7470 2 2 103 103 220 4251 4055
7471 2 2 103 103 218 4255 4065
7472 2 2 103 103 4055 4255 219
7473 2 2 103 103 4065 4258 217
7474 2 2 103 103 215 4260 4072
7475 2 2 103 103 4058 4261 208
7476 2 2 103 103 4195 4254 4252
7477 2 2 103 103 4190 4256 4076
7478 2 2 103 103 4229 4261 4157
7479 2 2 103 103 4082 4275 4209
7480 2 2 103 103 4199 4235 4156
7481 2 2 103 103 4177 4269 4228
7482 2 2 103 103 4229 4250 4062
7483 2 2 103 103 4064 4252 4249
7484 2 2 103 103 8 4271 235
7485 2 2 103 103 5 4272 152
7486 2 2 103 103 236 4271 8
7487 2 2 103 103 194 4272 5
7488 2 2 103 103 4076 4254 4195
7489 2 2 103 103 188 4273 6
7490 2 2 103 103 199 4274 7
7491 2 2 103 103 4157 4250 4229
7492 2 2 103 103 6 4273 240
7493 2 2 103 103 7 4274 198
7494 2 2 103 103 4195 4252 4064
7495 2 2 103 103 4064 4249 4189
7496 2 2 103 103 4176 4236 4178
7497 2 2 103 103 4173 4238 4174
7498 2 2 103 103 233 4237 232
7499 2 2 103 103 4096 4241 4094
7500 2 2 103 103 231 4239 230
7501 2 2 103 103 230 4240 229
7502 2 2 103 103 4100 4243 4098
7503 2 2 103 103 228 4242 227
7504 2 2 103 103 4106 4246 4104
7505 2 2 103 103 226 4244 225
7506 2 2 103 103 4110 4248 4108
7507 2 2 103 103 4239 4240 230
7508 2 2 103 103 4154 4249 4152
7509 2 2 103 103 4143 4250 4141
7510 2 2 103 103 225 4245 224
7511 2 2 103 103 4249 4252 4152
7512 2 2 103 103 4152 4252 4150
7513 2 2 103 103 4114 4253 4112
7514 2 2 103 103 4252 4254 4150
7515 2 2 103 103 4143 4259 4250
7516 2 2 103 103 4150 4254 4148
7517 2 2 103 103 4254 4256 4148
7518 2 2 103 103 4148 4256 4145
7519 2 2 103 103 4119 4257 4117
7520 2 2 103 103 223 4247 222
7521 2 2 103 103 4256 4259 4145
7522 2 2 103 103 4145 4259 4143
7523 2 2 103 103 4126 4262 4124
7524 2 2 103 103 4126 4263 4262
7525 2 2 103 103 4128 4263 4126
7526 2 2 103 103 4139 4264 4137
7527 2 2 103 103 4128 4265 4263
7528 2 2 103 103 4264 4266 4137
7529 2 2 103 103 4130 4265 4128
7530 2 2 103 103 4137 4266 4135
7531 2 2 103 103 4130 4267 4265
7532 2 2 103 103 4266 4268 4135
7533 2 2 103 103 4133 4267 4130
7534 2 2 103 103 4133 4268 4267
7535 2 2 103 103 4135 4268 4133
7536 2 2 103 103 221 4251 220
7537 2 2 103 103 219 4255 218
7538 2 2 103 103 4244 4245 225
7539 2 2 103 103 217 4258 216
7540 2 2 103 103 216 4260 215
7541 2 2 103 103 208 4261 207
7542 2 2 103 103 4258 4260 216
7543 2 2 103 103 4178 4269 4177
7544 2 2 103 103 235 4271 4231
7545 2 2 103 103 152 4272 4230
7546 2 2 103 103 4085 4273 188
7547 2 2 103 103 4086 4274 199
7548 2 2 103 103 4084 4272 194
7549 2 2 103 103 4083 4271 236
7550 2 2 103 103 4083 4270 4231
7551 2 2 103 103 4233 4275 4082
7552 2 2 103 103 4233 4276 4154
7553 2 2 103 103 4230 4272 4084
7554 2 2 103 103 4231 4271 4083
7555 2 2 103 103 4249 4276 4189
7556 2 2 103 103 198 4274 4232
7557 2 2 103 103 240 4273 4234
7558 2 2 103 103 4232 4274 4086
7559 2 2 103 103 4234 4273 4085
7560 2 2 103 103 4236 4270 4178
7561 2 2 103 103 4154 4276 4249
7562 2 2 104 104 4308 4443 4419
7563 2 2 104 104 4310 4431 4390
7564 2 2 104 104 4473 4475 4393
7565 2 2 104 104 4291 4475 4473
7566 2 2 104 104 4419 4495 4308
7567 2 2 104 104 4481 4482 4397
7568 2 2 104 104 4304 4482 4481
7569 2 2 104 104 4283 4484 4395
7570 2 2 104 104 4469 4471 4386
7571 2 2 104 104 4395 4483 4283
7572 2 2 104 104 4287 4471 4469
7573 2 2 104 104 4293 4478 4392
7574 2 2 104 104 4392 4477 4293
7575 2 2 104 104 4476 4479 4385
7576 2 2 104 104 4279 4479 4476
7577 2 2 104 104 4294 4487 4394
7578 2 2 104 104 4394 4486 4294
7579 2 2 104 104 4463 4466 4396
7580 2 2 104 104 4292 4466 4463
7581 2 2 104 104 4307 4390 4389
7582 2 2 104 104 4411 4491 4388
7583 2 2 104 104 4491 4492 4388
7584 2 2 104 104 4390 4485 4310
7585 2 2 104 104 4470 4472 4400
7586 2 2 104 104 4284 4472 4470
7587 2 2 104 104 4459 4462 4398
7588 2 2 104 104 4303 4462 4459
7589 2 2 104 104 4389 4494 4307
7590 2 2 104 104 4412 4488 4387
7591 2 2 104 104 4488 4489 4387
7592 2 2 104 104 4282 4490 4387
7593 2 2 104 104 4465 4468 4402
7594 2 2 104 104 4456 4458 4399
7595 2 2 104 104 4305 4468 4465
7596 2 2 104 104 4387 4489 4282
7597 2 2 104 104 4290 4458 4456
7598 2 2 104 104 4310 4440 4431
7599 2 2 104 104 4461 4464 4403
7600 2 2 104 104 4452 4454 4401
7601 2 2 104 104 4419 4443 4311
7602 2 2 104 104 4280 4464 4461
7603 2 2 104 104 4302 4454 4452
7604 2 2 104 104 4312 4494 4480
7605 2 2 104 104 4414 4467 4386
7606 2 2 104 104 4448 4450 4382
7607 2 2 104 104 4457 4460 4406
7608 2 2 104 104 4298 4493 4388
7609 2 2 104 104 4467 4469 4386
7610 2 2 104 104 4480 4494 4391
7611 2 2 104 104 4289 4450 4448
7612 2 2 104 104 4306 4460 4457
7613 2 2 104 104 4410 4496 4423
7614 2 2 104 104 4388 4492 4298
7615 2 2 104 104 4453 4455 4384
7616 2 2 104 104 4281 4455 4453
7617 2 2 104 104 4438 4445 4404
7618 2 2 104 104 4417 4474 4385
7619 2 2 104 104 4297 4445 4438
7620 2 2 104 104 4307 4494 4442
7621 2 2 104 104 4474 4476 4385
7622 2 2 104 104 4391 4478 4293
7623 2 2 104 104 4411 4490 4282
7624 2 2 104 104 4434 4437 4405
7625 2 2 104 104 4293 4480 4391
7626 2 2 104 104 4282 4491 4411
7627 2 2 104 104 4447 4449 4383
7628 2 2 104 104 4392 4475 4291
7629 2 2 104 104 4301 4437 4434
7630 2 2 104 104 4277 4449 4447
7631 2 2 104 104 4423 4495 4410
7632 2 2 104 104 4291 4477 4392
7633 2 2 104 104 4393 4471 4287
7634 2 2 104 104 4412 4487 4294
7635 2 2 104 104 4430 4433 4381
7636 2 2 104 104 4286 4433 4430
7637 2 2 104 104 4415 4446 4382
7638 2 2 104 104 4287 4473 4393
7639 2 2 104 104 4294 4488 4412
7640 2 2 104 104 4394 4484 4283
7641 2 2 104 104 4414 4466 4292
7642 2 2 104 104 4423 4496 4309
7643 2 2 104 104 4446 4448 4382
7644 2 2 104 104 4427 4428 4407
7645 2 2 104 104 4396 4462 4303
7646 2 2 104 104 4283 4486 4394
7647 2 2 104 104 4395 4482 4304
7648 2 2 104 104 4292 4467 4414
7649 2 2 104 104 4295 4428 4427
7650 2 2 104 104 4398 4458 4290
7651 2 2 104 104 4303 4463 4396
7652 2 2 104 104 4425 4426 4408
7653 2 2 104 104 4397 4479 4279
7654 2 2 104 104 4304 4483 4395
7655 2 2 104 104 4416 4451 4384
7656 2 2 104 104 4399 4454 4302
7657 2 2 104 104 4413 4429 4381
7658 2 2 104 104 4401 4450 4289
7659 2 2 104 104 4285 4426 4425
7660 2 2 104 104 4290 4459 4398
7661 2 2 104 104 4420 4439 4436
7662 2 2 104 104 4451 4453 4384
7663 2 2 104 104 4422 4424 4315
7664 2 2 104 104 4314 4419 4313
7665 2 2 104 104 4316 4409 4314
7666 2 2 104 104 4279 4481 4397
7667 2 2 104 104 4318 4411 4388
7668 2 2 104 104 4323 4412 4387
7669 2 2 104 104 4330 4413 4381
7670 2 2 104 104 4372 4374 4373
7671 2 2 104 104 4378 4389 4379
7672 2 2 104 104 4354 4356 4355
7673 2 2 104 104 4358 4360 4359
7674 2 2 104 104 4344 4382 4346
7675 2 2 104 104 4348 4350 4349
7676 2 2 104 104 4344 4346 4345
7677 2 2 104 104 4370 4372 4371
7678 2 2 104 104 4334 4336 4335
7679 2 2 104 104 4338 4340 4339
7680 2 2 104 104 4355 4403 4353
7681 2 2 104 104 4362 4364 4363
7682 2 2 104 104 4376 4378 4377
7683 2 2 104 104 4366 4386 4368
7684 2 2 104 104 4370 4393 4372
7685 2 2 104 104 4374 4392 4376
7686 2 2 104 104 4342 4415 4344
7687 2 2 104 104 4346 4348 4347
7688 2 2 104 104 4334 4335 4333
7689 2 2 104 104 4336 4337 4335
7690 2 2 104 104 4340 4341 4339
7691 2 2 104 104 4342 4343 4341
7692 2 2 104 104 4341 4417 4385
7693 2 2 104 104 4344 4345 4343
7694 2 2 104 104 4346 4347 4345
7695 2 2 104 104 4347 4400 4345
7696 2 2 104 104 4348 4349 4347
7697 2 2 104 104 4350 4351 4349
7698 2 2 104 104 4354 4355 4353
7699 2 2 104 104 4356 4357 4355
7700 2 2 104 104 4358 4359 4357
7701 2 2 104 104 4360 4361 4359
7702 2 2 104 104 4362 4363 4361
7703 2 2 104 104 4364 4365 4363
7704 2 2 104 104 4363 4416 4384
7705 2 2 104 104 4366 4414 4386
7706 2 2 104 104 4370 4371 4369
7707 2 2 104 104 4372 4373 4371
7708 2 2 104 104 4374 4375 4373
7709 2 2 104 104 4378 4379 4377
7710 2 2 104 104 4389 4390 4379
7711 2 2 104 104 4334 4405 4336
7712 2 2 104 104 4338 4404 4340
7713 2 2 104 104 4341 4385 4339
7714 2 2 104 104 4342 4344 4343
7715 2 2 104 104 4351 4402 4349
7716 2 2 104 104 4352 4354 4353
7717 2 2 104 104 4352 4399 4354
7718 2 2 104 104 4359 4406 4357
7719 2 2 104 104 4374 4376 4375
7720 2 2 104 104 4360 4362 4361
7721 2 2 104 104 4368 4370 4369
7722 2 2 104 104 4336 4338 4337
7723 2 2 104 104 4340 4342 4341
7724 2 2 104 104 4343 4417 4341
7725 2 2 104 104 4348 4401 4350
7726 2 2 104 104 4350 4352 4351
7727 2 2 104 104 4356 4358 4357
7728 2 2 104 104 4364 4366 4365
7729 2 2 104 104 4366 4368 4367
7730 2 2 104 104 4363 4384 4361
7731 2 2 104 104 4337 4397 4335
7732 2 2 104 104 4356 4398 4358
7733 2 2 104 104 4360 4396 4362
7734 2 2 104 104 4364 4414 4366
7735 2 2 104 104 4369 4383 4367
7736 2 2 104 104 4333 4395 4331
7737 2 2 104 104 4378 4391 4389
7738 2 2 104 104 4365 4416 4363
7739 2 2 104 104 4332 4334 4333
7740 2 2 104 104 4338 4339 4337
7741 2 2 104 104 4344 4415 4382
7742 2 2 104 104 4352 4353 4351
7743 2 2 104 104 4366 4367 4365
7744 2 2 104 104 4368 4369 4367
7745 2 2 104 104 4376 4377 4375
7746 2 2 104 104 4330 4381 4332
7747 2 2 104 104 4332 4333 4331
7748 2 2 104 104 4330 4332 4331
7749 2 2 104 104 4328 4413 4330
7750 2 2 104 104 4330 4331 4329
7751 2 2 104 104 4328 4330 4329
7752 2 2 104 104 4329 4394 4327
7753 2 2 104 104 4328 4329 4327
7754 2 2 104 104 4326 4328 4327
7755 2 2 104 104 4324 4407 4326
7756 2 2 104 104 4326 4327 4325
7757 2 2 104 104 4324 4326 4325
7758 2 2 104 104 4325 4412 4323
7759 2 2 104 104 4324 4325 4323
7760 2 2 104 104 4322 4324 4323
7761 2 2 104 104 4323 4387 4321
7762 2 2 104 104 4322 4323 4321
7763 2 2 104 104 4320 4408 4322
7764 2 2 104 104 4320 4322 4321
7765 2 2 104 104 4320 4321 4319
7766 2 2 104 104 4380 4410 4409
7767 2 2 104 104 4318 4388 4380
7768 2 2 104 104 4317 4320 4319
7769 2 2 104 104 4380 4409 4316
7770 2 2 104 104 4319 4411 4318
7771 2 2 104 104 4317 4319 4318
7772 2 2 104 104 4318 4380 4316
7773 2 2 104 104 4317 4318 4316
7774 2 2 104 104 4315 4317 4316
7775 2 2 104 104 4371 4418 4369
7776 2 2 104 104 4315 4316 4314
7777 2 2 104 104 4415 4445 4297
7778 2 2 104 104 4307 4485 4390
7779 2 2 104 104 4429 4430 4381
7780 2 2 104 104 4369 4418 4383
7781 2 2 104 104 4417 4472 4284
7782 2 2 104 104 4278 4436 4435
7783 2 2 104 104 4302 4456 4399
7784 2 2 104 104 4288 4315 4314
7785 2 2 104 104 4418 4444 4383
7786 2 2 104 104 4409 4419 4314
7787 2 2 104 104 4404 4437 4301
7788 2 2 104 104 4408 4424 4300
7789 2 2 104 104 4421 4435 4432
7790 2 2 104 104 4405 4433 4286
7791 2 2 104 104 4313 4419 4311
7792 2 2 104 104 4407 4426 4285
7793 2 2 104 104 4413 4428 4295
7794 2 2 104 104 4300 4424 4422
7795 2 2 104 104 4315 4424 4317
7796 2 2 104 104 4320 4424 4408
7797 2 2 104 104 4299 4432 4431
7798 2 2 104 104 4289 4452 4401
7799 2 2 104 104 278 4291 277
7800 2 2 104 104 273 4292 272
7801 2 2 104 104 280 4293 279
7802 2 2 104 104 208 4283 209
7803 2 2 104 104 253 4285 252
7804 2 2 104 104 258 4286 257
7805 2 2 104 104 206 4294 207
7806 2 2 104 104 255 4295 254
7807 2 2 104 104 200 4298 201
7808 2 2 104 104 215 4284 216
7809 2 2 104 104 217 4305 218
7810 2 2 104 104 221 4306 222
7811 2 2 104 104 229 4296 230
7812 2 2 104 104 233 4299 234
7813 2 2 104 104 247 4311 246
7814 2 2 104 104 249 4288 248
7815 2 2 104 104 262 4297 261
7816 2 2 104 104 265 4289 264
7817 2 2 104 104 269 4290 268
7818 2 2 104 104 276 4287 275
7819 2 2 104 104 282 4312 281
7820 2 2 104 104 212 4279 213
7821 2 2 104 104 219 4280 220
7822 2 2 104 104 223 4281 224
7823 2 2 104 104 260 4301 259
7824 2 2 104 104 267 4302 266
7825 2 2 104 104 271 4303 270
7826 2 2 104 104 226 4277 227
7827 2 2 104 104 231 4278 232
7828 2 2 104 104 210 4304 211
7829 2 2 104 104 203 4282 204
7830 2 2 104 104 251 4300 250
7831 2 2 104 104 230 4420 231
7832 2 2 104 104 248 4313 247
7833 2 2 104 104 232 4421 233
7834 2 2 104 104 250 4422 249
7835 2 2 104 104 4296 4439 4420
7836 2 2 104 104 4400 4468 4305
7837 2 2 104 104 4288 4314 4313
7838 2 2 104 104 4420 4436 4278
7839 2 2 104 104 4444 4447 4383
7840 2 2 104 104 4408 4426 4322
7841 2 2 104 104 4324 4426 4407
7842 2 2 104 104 4284 4474 4417
7843 2 2 104 104 4317 4424 4320
7844 2 2 104 104 4297 4446 4415
7845 2 2 104 104 4278 4435 4421
7846 2 2 104 104 4402 4464 4280
7847 2 2 104 104 247 4313 4311
7848 2 2 104 104 4296 4420 230
7849 2 2 104 104 4288 4313 248
7850 2 2 104 104 4300 4422 250
7851 2 2 104 104 233 4421 4299
7852 2 2 104 104 4278 4421 232
7853 2 2 104 104 231 4420 4278
7854 2 2 104 104 249 4422 4288
7855 2 2 104 104 4288 4422 4315
7856 2 2 104 104 242 4309 241
7857 2 2 104 104 244 4308 243
7858 2 2 104 104 287 4310 286
7859 2 2 104 104 243 4423 242
7860 2 2 104 104 285 4307 284
7861 2 2 104 104 4301 4438 4404
7862 2 2 104 104 4407 4428 4326
7863 2 2 104 104 4328 4428 4413
7864 2 2 104 104 4421 4432 4299
7865 2 2 104 104 4300 4425 4408
7866 2 2 104 104 4286 4434 4405
7867 2 2 104 104 4285 4427 4407
7868 2 2 104 104 252 4425 251
7869 2 2 104 104 4295 4429 4413
7870 2 2 104 104 4403 4460 4306
7871 2 2 104 104 4305 4470 4400
7872 2 2 104 104 251 4425 4300
7873 2 2 104 104 4285 4425 252
7874 2 2 104 104 4381 4433 4332
7875 2 2 104 104 4334 4433 4405
7876 2 2 104 104 4406 4455 4281
7877 2 2 104 104 4322 4426 4324
7878 2 2 104 104 253 4427 4285
7879 2 2 104 104 4295 4427 254
7880 2 2 104 104 4280 4465 4402
7881 2 2 104 104 4405 4437 4336
7882 2 2 104 104 4338 4437 4404
7883 2 2 104 104 4416 4449 4277
7884 2 2 104 104 4371 4439 4418
7885 2 2 104 104 4441 4496 4298
7886 2 2 104 104 4418 4439 4296
7887 2 2 104 104 254 4427 253
7888 2 2 104 104 255 4429 4295
7889 2 2 104 104 242 4423 4309
7890 2 2 104 104 4308 4423 243
7891 2 2 104 104 4342 4445 4415
7892 2 2 104 104 4404 4445 4340
7893 2 2 104 104 4306 4461 4403
7894 2 2 104 104 4286 4430 257
7895 2 2 104 104 199 4441 200
7896 2 2 104 104 234 4440 235
7897 2 2 104 104 4326 4428 4328
7898 2 2 104 104 4383 4449 4367
7899 2 2 104 104 4365 4449 4416
7900 2 2 104 104 4281 4457 4406
7901 2 2 104 104 4382 4450 4346
7902 2 2 104 104 4348 4450 4401
7903 2 2 104 104 258 4434 4286
7904 2 2 104 104 4301 4434 259
7905 2 2 104 104 4352 4454 4399
7906 2 2 104 104 4401 4454 4350
7907 2 2 104 104 256 4429 255
7908 2 2 104 104 4384 4455 4361
7909 2 2 104 104 4359 4455 4406
7910 2 2 104 104 4277 4451 4416
7911 2 2 104 104 4297 4438 261
7912 2 2 104 104 260 4438 4301
7913 2 2 104 104 4356 4458 4398
7914 2 2 104 104 4399 4458 4354
7915 2 2 104 104 4390 4431 4379
7916 2 2 104 104 229 4444 4296
7917 2 2 104 104 4296 4444 4418
7918 2 2 104 104 4355 4460 4403
7919 2 2 104 104 4406 4460 4357
7920 2 2 104 104 262 4446 4297
7921 2 2 104 104 4398 4462 4358
7922 2 2 104 104 4360 4462 4396
7923 2 2 104 104 257 4430 256
7924 2 2 104 104 4277 4447 227
7925 2 2 104 104 4431 4432 4379
7926 2 2 104 104 4431 4440 4299
7927 2 2 104 104 4351 4464 4402
7928 2 2 104 104 4403 4464 4353
7929 2 2 104 104 4289 4448 264
7930 2 2 104 104 4364 4466 4414
7931 2 2 104 104 4396 4466 4362
7932 2 2 104 104 4308 4495 4423
7933 2 2 104 104 4379 4432 4377
7934 2 2 104 104 4347 4468 4400
7935 2 2 104 104 4402 4468 4349
7936 2 2 104 104 226 4451 4277
7937 2 2 104 104 4332 4433 4334
7938 2 2 104 104 256 4430 4429
7939 2 2 104 104 4302 4452 266
7940 2 2 104 104 265 4452 4289
7941 2 2 104 104 4432 4435 4377
7942 2 2 104 104 4281 4453 224
7943 2 2 104 104 4370 4471 4393
7944 2 2 104 104 4386 4471 4368
7945 2 2 104 104 4400 4472 4345
7946 2 2 104 104 4343 4472 4417
7947 2 2 104 104 4374 4475 4392
7948 2 2 104 104 4393 4475 4372
7949 2 2 104 104 4298 4496 4493
7950 2 2 104 104 4377 4435 4375
7951 2 2 104 104 267 4456 4302
7952 2 2 104 104 4290 4456 268
7953 2 2 104 104 223 4457 4281
7954 2 2 104 104 4306 4457 222
7955 2 2 104 104 4378 4478 4391
7956 2 2 104 104 4392 4478 4376
7957 2 2 104 104 4337 4479 4397
7958 2 2 104 104 4385 4479 4339
7959 2 2 104 104 259 4434 258
7960 2 2 104 104 4435 4436 4375
7961 2 2 104 104 4303 4459 270
7962 2 2 104 104 269 4459 4290
7963 2 2 104 104 4333 4482 4395
7964 2 2 104 104 4397 4482 4335
7965 2 2 104 104 244 4443 4308
7966 2 2 104 104 4307 4442 284
7967 2 2 104 104 221 4461 4306
7968 2 2 104 104 4280 4461 220
7969 2 2 104 104 4375 4436 4373
7970 2 2 104 104 4329 4484 4394
7971 2 2 104 104 4395 4484 4331
7972 2 2 104 104 4336 4437 4338
7973 2 2 104 104 4292 4463 272
7974 2 2 104 104 271 4463 4303
7975 2 2 104 104 4325 4487 4412
7976 2 2 104 104 4394 4487 4327
7977 2 2 104 104 4305 4465 218
7978 2 2 104 104 219 4465 4280
7979 2 2 104 104 4436 4439 4373
7980 2 2 104 104 273 4467 4292
7981 2 2 104 104 4319 4490 4411
7982 2 2 104 104 4387 4490 4321
7983 2 2 104 104 4287 4469 275
7984 2 2 104 104 217 4470 4305
7985 2 2 104 104 4284 4470 216
7986 2 2 104 104 4373 4439 4371
7987 2 2 104 104 4388 4493 4380
7988 2 2 104 104 261 4438 260
7989 2 2 104 104 276 4473 4287
7990 2 2 104 104 4291 4473 277
7991 2 2 104 104 215 4474 4284
7992 2 2 104 104 4279 4476 213
7993 2 2 104 104 278 4477 4291
7994 2 2 104 104 4293 4477 279
7995 2 2 104 104 4340 4445 4342
7996 2 2 104 104 4409 4495 4419
7997 2 2 104 104 280 4480 4293
7998 2 2 104 104 4312 4480 281
7999 2 2 104 104 4304 4481 211
8000 2 2 104 104 212 4481 4279
8001 2 2 104 104 228 4444 229
8002 2 2 104 104 4299 4440 234
8003 2 2 104 104 200 4441 4298
8004 2 2 104 104 4283 4483 209
8005 2 2 104 104 210 4483 4304
8006 2 2 104 104 245 4443 244
8007 2 2 104 104 284 4442 283
8008 2 2 104 104 208 4486 4283
8009 2 2 104 104 4294 4486 207
8010 2 2 104 104 263 4446 262
8011 2 2 104 104 227 4447 228
8012 2 2 104 104 206 4488 4294
8013 2 2 104 104 4282 4489 204
8014 2 2 104 104 203 4491 4282
8015 2 2 104 104 4298 4492 201
8016 2 2 104 104 4367 4449 4365
8017 2 2 104 104 264 4448 263
8018 2 2 104 104 228 4447 4444
8019 2 2 104 104 4346 4450 4348
8020 2 2 104 104 263 4448 4446
8021 2 2 104 104 225 4451 226
8022 2 2 104 104 266 4452 265
8023 2 2 104 104 4310 4485 286
8024 2 2 104 104 285 4485 4307
8025 2 2 104 104 224 4453 225
8026 2 2 104 104 4350 4454 4352
8027 2 2 104 104 7 4497 199
8028 2 2 104 104 235 4498 8
8029 2 2 104 104 4361 4455 4359
8030 2 2 104 104 8 4498 287
8031 2 2 104 104 241 4497 7
8032 2 2 104 104 225 4453 4451
8033 2 2 104 104 268 4456 267
8034 2 2 104 104 246 4500 9
8035 2 2 104 104 10 4499 282
8036 2 2 104 104 4354 4458 4356
8037 2 2 104 104 222 4457 223
8038 2 2 104 104 283 4499 10
8039 2 2 104 104 9 4500 245
8040 2 2 104 104 4357 4460 4355
8041 2 2 104 104 270 4459 269
8042 2 2 104 104 4358 4462 4360
8043 2 2 104 104 220 4461 221
8044 2 2 104 104 4353 4464 4351
8045 2 2 104 104 272 4463 271
8046 2 2 104 104 4362 4466 4364
8047 2 2 104 104 218 4465 219
8048 2 2 104 104 4349 4468 4347
8049 2 2 104 104 274 4467 273
8050 2 2 104 104 275 4469 274
8051 2 2 104 104 4368 4471 4370
8052 2 2 104 104 216 4470 217
8053 2 2 104 104 4345 4472 4343
8054 2 2 104 104 274 4469 4467
8055 2 2 104 104 277 4473 276
8056 2 2 104 104 4372 4475 4374
8057 2 2 104 104 214 4474 215
8058 2 2 104 104 213 4476 214
8059 2 2 104 104 4376 4478 4378
8060 2 2 104 104 4339 4479 4337
8061 2 2 104 104 279 4477 278
8062 2 2 104 104 214 4476 4474
8063 2 2 104 104 281 4480 280
8064 2 2 104 104 4335 4482 4333
8065 2 2 104 104 211 4481 212
8066 2 2 104 104 4331 4484 4329
8067 2 2 104 104 209 4483 210
8068 2 2 104 104 4327 4487 4325
8069 2 2 104 104 207 4486 208
8070 2 2 104 104 286 4485 285
8071 2 2 104 104 205 4488 206
8072 2 2 104 104 4321 4490 4319
8073 2 2 104 104 204 4489 205
8074 2 2 104 104 202 4491 203
8075 2 2 104 104 4380 4493 4410
8076 2 2 104 104 205 4489 4488
8077 2 2 104 104 201 4492 202
8078 2 2 104 104 4391 4494 4389
8079 2 2 104 104 4442 4494 4312
8080 2 2 104 104 4410 4495 4409
8081 2 2 104 104 202 4492 4491
8082 2 2 104 104 199 4497 4441
8083 2 2 104 104 4440 4498 235
8084 2 2 104 104 282 4499 4312
8085 2 2 104 104 4311 4500 246
8086 2 2 104 104 4309 4496 4441
8087 2 2 104 104 4309 4497 241
8088 2 2 104 104 287 4498 4310
8089 2 2 104 104 4310 4498 4440
8090 2 2 104 104 4441 4497 4309
8091 2 2 104 104 245 4500 4443
8092 2 2 104 104 4442 4499 283
8093 2 2 104 104 4312 4499 4442
8094 2 2 104 104 4443 4500 4311
8095 2 2 104 104 4493 4496 4410
8096 2 2 105 105 4531 4667 4643
8097 2 2 105 105 4533 4655 4615
8098 2 2 105 105 4697 4699 4618
8099 2 2 105 105 4515 4699 4697
8100 2 2 105 105 4643 4719 4531
8101 2 2 105 105 4705 4706 4622
8102 2 2 105 105 4529 4706 4705
8103 2 2 105 105 4507 4708 4620
8104 2 2 105 105 4693 4695 4611
8105 2 2 105 105 4620 4707 4507
8106 2 2 105 105 4512 4695 4693
8107 2 2 105 105 4517 4702 4617
8108 2 2 105 105 4617 4701 4517
8109 2 2 105 105 4700 4703 4610
8110 2 2 105 105 4503 4703 4700
8111 2 2 105 105 4521 4711 4619
8112 2 2 105 105 4619 4710 4521
8113 2 2 105 105 4687 4690 4621
8114 2 2 105 105 4516 4690 4687
8115 2 2 105 105 4530 4615 4614
8116 2 2 105 105 4633 4715 4613
8117 2 2 105 105 4715 4716 4613
8118 2 2 105 105 4615 4709 4533
8119 2 2 105 105 4694 4696 4623
8120 2 2 105 105 4508 4696 4694
8121 2 2 105 105 4683 4686 4609
8122 2 2 105 105 4505 4686 4683
8123 2 2 105 105 4614 4718 4530
8124 2 2 105 105 4634 4712 4612
8125 2 2 105 105 4712 4713 4612
8126 2 2 105 105 4506 4714 4612
8127 2 2 105 105 4689 4692 4625
8128 2 2 105 105 4526 4692 4689
8129 2 2 105 105 4612 4713 4506
8130 2 2 105 105 4533 4665 4655
8131 2 2 105 105 4678 4680 4606
8132 2 2 105 105 4520 4680 4678
8133 2 2 105 105 4685 4688 4627
8134 2 2 105 105 4643 4667 4534
8135 2 2 105 105 4504 4688 4685
8136 2 2 105 105 4535 4718 4704
8137 2 2 105 105 4636 4691 4611
8138 2 2 105 105 4672 4674 4624
8139 2 2 105 105 4681 4684 4608
8140 2 2 105 105 4524 4717 4613
8141 2 2 105 105 4691 4693 4611
8142 2 2 105 105 4704 4718 4616
8143 2 2 105 105 4511 4674 4672
8144 2 2 105 105 4514 4684 4681
8145 2 2 105 105 4632 4720 4647
8146 2 2 105 105 4613 4716 4524
8147 2 2 105 105 4668 4671 4626
8148 2 2 105 105 4527 4671 4668
8149 2 2 105 105 4637 4698 4610
8150 2 2 105 105 4675 4677 4628
8151 2 2 105 105 4641 4682 4609
8152 2 2 105 105 4530 4718 4666
8153 2 2 105 105 4698 4700 4610
8154 2 2 105 105 4518 4677 4675
8155 2 2 105 105 4616 4702 4517
8156 2 2 105 105 4660 4663 4605
8157 2 2 105 105 4633 4714 4506
8158 2 2 105 105 4682 4683 4609
8159 2 2 105 105 4519 4663 4660
8160 2 2 105 105 4517 4704 4616
8161 2 2 105 105 4506 4715 4633
8162 2 2 105 105 4670 4673 4607
8163 2 2 105 105 4617 4699 4515
8164 2 2 105 105 4640 4676 4606
8165 2 2 105 105 4501 4673 4670
8166 2 2 105 105 4647 4719 4632
8167 2 2 105 105 4515 4701 4617
8168 2 2 105 105 4618 4695 4512
8169 2 2 105 105 4676 4678 4606
8170 2 2 105 105 4634 4711 4521
8171 2 2 105 105 4654 4657 4604
8172 2 2 105 105 4510 4657 4654
8173 2 2 105 105 4512 4697 4618
8174 2 2 105 105 4521 4712 4634
8175 2 2 105 105 4619 4708 4507
8176 2 2 105 105 4636 4690 4516
8177 2 2 105 105 4647 4720 4532
8178 2 2 105 105 4651 4652 4629
8179 2 2 105 105 4621 4686 4505
8180 2 2 105 105 4507 4710 4619
8181 2 2 105 105 4620 4706 4529
8182 2 2 105 105 4516 4691 4636
8183 2 2 105 105 4638 4679 4608
8184 2 2 105 105 4639 4658 4605
8185 2 2 105 105 4522 4652 4651
8186 2 2 105 105 4641 4680 4520
8187 2 2 105 105 4505 4687 4621
8188 2 2 105 105 4649 4650 4630
8189 2 2 105 105 4622 4703 4503
8190 2 2 105 105 4679 4681 4608
8191 2 2 105 105 4529 4707 4620
8192 2 2 105 105 4658 4660 4605
8193 2 2 105 105 4635 4653 4604
8194 2 2 105 105 4640 4674 4511
8195 2 2 105 105 4509 4650 4649
8196 2 2 105 105 4644 4662 4661
8197 2 2 105 105 4520 4682 4641
8198 2 2 105 105 4624 4671 4527
8199 2 2 105 105 4645 4648 4538
8200 2 2 105 105 4537 4643 4536
8201 2 2 105 105 4539 4631 4537
8202 2 2 105 105 4503 4705 4622
8203 2 2 105 105 4541 4633 4613
8204 2 2 105 105 4546 4634 4612
8205 2 2 105 105 4553 4635 4604
8206 2 2 105 105 4565 4566 4564
8207 2 2 105 105 4583 4584 4582
8208 2 2 105 105 4589 4636 4611
8209 2 2 105 105 4597 4617 4599
8210 2 2 105 105 4601 4616 4614
8211 2 2 105 105 4559 4561 4560
8212 2 2 105 105 4567 4624 4569
8213 2 2 105 105 4571 4640 4573
8214 2 2 105 105 4565 4567 4566
8215 2 2 105 105 4567 4569 4568
8216 2 2 105 105 4570 4623 4568
8217 2 2 105 105 4571 4573 4572
8218 2 2 105 105 4574 4625 4572
8219 2 2 105 105 4573 4575 4574
8220 2 2 105 105 4573 4606 4575
8221 2 2 105 105 4592 4607 4590
8222 2 2 105 105 4557 4559 4558
8223 2 2 105 105 4561 4563 4562
8224 2 2 105 105 4579 4581 4580
8225 2 2 105 105 4583 4585 4584
8226 2 2 105 105 4585 4587 4586
8227 2 2 105 105 4597 4599 4598
8228 2 2 105 105 4601 4614 4602
8229 2 2 105 105 4587 4589 4588
8230 2 2 105 105 4589 4611 4591
8231 2 2 105 105 4566 4637 4564
8232 2 2 105 105 4563 4565 4564
8233 2 2 105 105 4589 4591 4590
8234 2 2 105 105 4581 4583 4582
8235 2 2 105 105 4593 4618 4595
8236 2 2 105 105 4575 4577 4576
8237 2 2 105 105 4557 4639 4559
8238 2 2 105 105 4559 4560 4558
8239 2 2 105 105 4559 4605 4561
8240 2 2 105 105 4559 4639 4605
8241 2 2 105 105 4561 4562 4560
8242 2 2 105 105 4563 4564 4562
8243 2 2 105 105 4564 4637 4610
8244 2 2 105 105 4567 4568 4566
8245 2 2 105 105 4569 4570 4568
8246 2 2 105 105 4571 4572 4570
8247 2 2 105 105 4573 4574 4572
8248 2 2 105 105 4573 4640 4606
8249 2 2 105 105 4575 4576 4574
8250 2 2 105 105 4577 4578 4576
8251 2 2 105 105 4578 4627 4576
8252 2 2 105 105 4577 4641 4579
8253 2 2 105 105 4579 4580 4578
8254 2 2 105 105 4579 4609 4581
8255 2 2 105 105 4579 4641 4609
8256 2 2 105 105 4581 4582 4580
8257 2 2 105 105 4582 4638 4608
8258 2 2 105 105 4585 4586 4584
8259 2 2 105 105 4587 4588 4586
8260 2 2 105 105 4587 4636 4589
8261 2 2 105 105 4589 4590 4588
8262 2 2 105 105 4591 4592 4590
8263 2 2 105 105 4591 4593 4592
8264 2 2 105 105 4593 4594 4592
8265 2 2 105 105 4593 4595 4594
8266 2 2 105 105 4595 4596 4594
8267 2 2 105 105 4595 4597 4596
8268 2 2 105 105 4599 4600 4598
8269 2 2 105 105 4599 4601 4600
8270 2 2 105 105 4614 4615 4602
8271 2 2 105 105 4569 4571 4570
8272 2 2 105 105 4583 4621 4585
8273 2 2 105 105 4563 4626 4565
8274 2 2 105 105 4584 4638 4582
8275 2 2 105 105 4577 4579 4578
8276 2 2 105 105 4560 4622 4558
8277 2 2 105 105 4564 4610 4562
8278 2 2 105 105 4582 4608 4580
8279 2 2 105 105 4556 4620 4554
8280 2 2 105 105 4555 4557 4556
8281 2 2 105 105 4588 4628 4586
8282 2 2 105 105 4557 4558 4556
8283 2 2 105 105 4597 4598 4596
8284 2 2 105 105 4601 4602 4600
8285 2 2 105 105 4555 4556 4554
8286 2 2 105 105 4553 4604 4555
8287 2 2 105 105 4553 4555 4554
8288 2 2 105 105 4551 4635 4553
8289 2 2 105 105 4553 4554 4552
8290 2 2 105 105 4552 4619 4550
8291 2 2 105 105 4551 4553 4552
8292 2 2 105 105 4551 4552 4550
8293 2 2 105 105 4549 4551 4550
8294 2 2 105 105 4549 4550 4548
8295 2 2 105 105 4547 4629 4549
8296 2 2 105 105 4548 4634 4546
8297 2 2 105 105 4547 4549 4548
8298 2 2 105 105 4547 4548 4546
8299 2 2 105 105 4545 4547 4546
8300 2 2 105 105 4546 4612 4544
8301 2 2 105 105 4543 4630 4545
8302 2 2 105 105 4545 4546 4544
8303 2 2 105 105 4543 4545 4544
8304 2 2 105 105 4603 4632 4631
8305 2 2 105 105 4543 4544 4542
8306 2 2 105 105 4540 4543 4542
8307 2 2 105 105 4603 4631 4539
8308 2 2 105 105 4541 4613 4603
8309 2 2 105 105 4542 4633 4541
8310 2 2 105 105 4540 4542 4541
8311 2 2 105 105 4541 4603 4539
8312 2 2 105 105 4540 4541 4539
8313 2 2 105 105 4538 4540 4539
8314 2 2 105 105 4594 4642 4592
8315 2 2 105 105 4538 4539 4537
8316 2 2 105 105 4530 4709 4615
8317 2 2 105 105 4653 4654 4604
8318 2 2 105 105 4592 4642 4607
8319 2 2 105 105 4637 4696 4508
8320 2 2 105 105 4502 4661 4659
8321 2 2 105 105 4626 4663 4519
8322 2 2 105 105 4513 4538 4537
8323 2 2 105 105 4642 4669 4607
8324 2 2 105 105 4631 4643 4537
8325 2 2 105 105 4630 4648 4528
8326 2 2 105 105 4646 4659 4656
8327 2 2 105 105 4639 4657 4510
8328 2 2 105 105 4536 4643 4534
8329 2 2 105 105 4629 4650 4509
8330 2 2 105 105 4635 4652 4522
8331 2 2 105 105 4528 4648 4645
8332 2 2 105 105 4538 4648 4540
8333 2 2 105 105 4543 4648 4630
8334 2 2 105 105 4525 4656 4655
8335 2 2 105 105 4511 4676 4640
8336 2 2 105 105 271 4518 272
8337 2 2 105 105 320 4516 319
8338 2 2 105 105 327 4517 326
8339 2 2 105 105 325 4515 324
8340 2 2 105 105 300 4509 299
8341 2 2 105 105 305 4510 304
8342 2 2 105 105 308 4519 307
8343 2 2 105 105 315 4520 314
8344 2 2 105 105 302 4522 301
8345 2 2 105 105 294 4534 293
8346 2 2 105 105 296 4513 295
8347 2 2 105 105 310 4527 309
8348 2 2 105 105 312 4511 311
8349 2 2 105 105 323 4512 322
8350 2 2 105 105 329 4535 328
8351 2 2 105 105 318 4505 317
8352 2 2 105 105 255 4507 256
8353 2 2 105 105 253 4521 254
8354 2 2 105 105 247 4524 248
8355 2 2 105 105 262 4508 263
8356 2 2 105 105 264 4526 265
8357 2 2 105 105 268 4514 269
8358 2 2 105 105 276 4523 277
8359 2 2 105 105 280 4525 281
8360 2 2 105 105 298 4528 297
8361 2 2 105 105 259 4503 260
8362 2 2 105 105 266 4504 267
8363 2 2 105 105 273 4501 274
8364 2 2 105 105 278 4502 279
8365 2 2 105 105 257 4529 258
8366 2 2 105 105 250 4506 251
8367 2 2 105 105 277 4644 278
8368 2 2 105 105 295 4536 294
8369 2 2 105 105 279 4646 280
8370 2 2 105 105 297 4645 296
8371 2 2 105 105 4523 4662 4644
8372 2 2 105 105 4623 4692 4526
8373 2 2 105 105 4513 4537 4536
8374 2 2 105 105 4644 4661 4502
8375 2 2 105 105 4669 4670 4607
8376 2 2 105 105 4527 4672 4624
8377 2 2 105 105 4630 4650 4545
8378 2 2 105 105 4547 4650 4629
8379 2 2 105 105 4508 4698 4637
8380 2 2 105 105 4540 4648 4543
8381 2 2 105 105 4502 4659 4646
8382 2 2 105 105 4625 4688 4504
8383 2 2 105 105 4519 4668 4626
8384 2 2 105 105 294 4536 4534
8385 2 2 105 105 4523 4644 277
8386 2 2 105 105 4528 4645 297
8387 2 2 105 105 280 4646 4525
8388 2 2 105 105 4502 4646 279
8389 2 2 105 105 4513 4536 295
8390 2 2 105 105 278 4644 4502
8391 2 2 105 105 296 4645 4513
8392 2 2 105 105 4513 4645 4538
8393 2 2 105 105 289 4532 288
8394 2 2 105 105 334 4533 333
8395 2 2 105 105 290 4647 289
8396 2 2 105 105 291 4531 290
8397 2 2 105 105 332 4530 331
8398 2 2 105 105 4629 4652 4549
8399 2 2 105 105 4551 4652 4635
8400 2 2 105 105 4646 4656 4525
8401 2 2 105 105 4528 4649 4630
8402 2 2 105 105 4510 4658 4639
8403 2 2 105 105 4509 4651 4629
8404 2 2 105 105 299 4649 298
8405 2 2 105 105 4522 4653 4635
8406 2 2 105 105 4627 4684 4514
8407 2 2 105 105 4526 4694 4623
8408 2 2 105 105 298 4649 4528
8409 2 2 105 105 4509 4649 299
8410 2 2 105 105 4604 4657 4555
8411 2 2 105 105 4557 4657 4639
8412 2 2 105 105 4545 4650 4547
8413 2 2 105 105 4638 4677 4518
8414 2 2 105 105 300 4651 4509
8415 2 2 105 105 4522 4651 301
8416 2 2 105 105 4504 4689 4625
8417 2 2 105 105 4628 4673 4501
8418 2 2 105 105 4594 4662 4642
8419 2 2 105 105 4664 4720 4524
8420 2 2 105 105 4605 4663 4561
8421 2 2 105 105 4563 4663 4626
8422 2 2 105 105 4642 4662 4523
8423 2 2 105 105 301 4651 300
8424 2 2 105 105 302 4653 4522
8425 2 2 105 105 4531 4647 290
8426 2 2 105 105 289 4647 4532
8427 2 2 105 105 4514 4685 4627
8428 2 2 105 105 4510 4654 304
8429 2 2 105 105 4626 4671 4565
8430 2 2 105 105 4567 4671 4624
8431 2 2 105 105 246 4664 247
8432 2 2 105 105 281 4665 282
8433 2 2 105 105 4549 4652 4551
8434 2 2 105 105 4607 4673 4590
8435 2 2 105 105 4588 4673 4628
8436 2 2 105 105 4571 4674 4640
8437 2 2 105 105 4624 4674 4569
8438 2 2 105 105 305 4658 4510
8439 2 2 105 105 4518 4679 4638
8440 2 2 105 105 4628 4677 4586
8441 2 2 105 105 4584 4677 4638
8442 2 2 105 105 4519 4660 307
8443 2 2 105 105 303 4653 302
8444 2 2 105 105 4606 4680 4575
8445 2 2 105 105 4577 4680 4641
8446 2 2 105 105 4501 4675 4628
8447 2 2 105 105 4615 4655 4602
8448 2 2 105 105 4527 4668 309
8449 2 2 105 105 308 4668 4519
8450 2 2 105 105 276 4669 4523
8451 2 2 105 105 4523 4669 4642
8452 2 2 105 105 4608 4684 4580
8453 2 2 105 105 4578 4684 4627
8454 2 2 105 105 4583 4686 4621
8455 2 2 105 105 4609 4686 4581
8456 2 2 105 105 304 4654 303
8457 2 2 105 105 4501 4670 274
8458 2 2 105 105 4655 4656 4602
8459 2 2 105 105 4655 4665 4525
8460 2 2 105 105 4627 4688 4576
8461 2 2 105 105 4574 4688 4625
8462 2 2 105 105 310 4672 4527
8463 2 2 105 105 4511 4672 311
8464 2 2 105 105 4621 4690 4585
8465 2 2 105 105 4587 4690 4636
8466 2 2 105 105 4531 4719 4647
8467 2 2 105 105 4602 4656 4600
8468 2 2 105 105 4625 4692 4572
8469 2 2 105 105 4570 4692 4623
8470 2 2 105 105 4518 4675 272
8471 2 2 105 105 273 4675 4501
8472 2 2 105 105 4555 4657 4557
8473 2 2 105 105 303 4654 4653
8474 2 2 105 105 312 4676 4511
8475 2 2 105 105 4656 4659 4600
8476 2 2 105 105 4611 4695 4591
8477 2 2 105 105 4593 4695 4618
8478 2 2 105 105 4566 4696 4637
8479 2 2 105 105 4623 4696 4568
8480 2 2 105 105 4520 4678 314
8481 2 2 105 105 271 4679 4518
8482 2 2 105 105 4597 4699 4617
8483 2 2 105 105 4618 4699 4595
8484 2 2 105 105 4524 4720 4717
8485 2 2 105 105 4600 4659 4598
8486 2 2 105 105 4514 4681 269
8487 2 2 105 105 4601 4702 4616
8488 2 2 105 105 4617 4702 4599
8489 2 2 105 105 4560 4703 4622
8490 2 2 105 105 4610 4703 4562
8491 2 2 105 105 315 4682 4520
8492 2 2 105 105 306 4658 305
8493 2 2 105 105 4659 4661 4598
8494 2 2 105 105 4505 4683 317
8495 2 2 105 105 4622 4706 4558
8496 2 2 105 105 4556 4706 4620
8497 2 2 105 105 4530 4666 331
8498 2 2 105 105 291 4667 4531
8499 2 2 105 105 268 4685 4514
8500 2 2 105 105 4504 4685 267
8501 2 2 105 105 4598 4661 4596
8502 2 2 105 105 4552 4708 4619
8503 2 2 105 105 4620 4708 4554
8504 2 2 105 105 318 4687 4505
8505 2 2 105 105 4516 4687 319
8506 2 2 105 105 307 4660 306
8507 2 2 105 105 4548 4711 4634
8508 2 2 105 105 4619 4711 4550
8509 2 2 105 105 4526 4689 265
8510 2 2 105 105 266 4689 4504
8511 2 2 105 105 4661 4662 4596
8512 2 2 105 105 320 4691 4516
8513 2 2 105 105 4542 4714 4633
8514 2 2 105 105 4612 4714 4544
8515 2 2 105 105 4512 4693 322
8516 2 2 105 105 264 4694 4526
8517 2 2 105 105 4508 4694 263
8518 2 2 105 105 4596 4662 4594
8519 2 2 105 105 4561 4663 4563
8520 2 2 105 105 4613 4717 4603
8521 2 2 105 105 306 4660 4658
8522 2 2 105 105 323 4697 4512
8523 2 2 105 105 4515 4697 324
8524 2 2 105 105 262 4698 4508
8525 2 2 105 105 4503 4700 260
8526 2 2 105 105 325 4701 4515
8527 2 2 105 105 4517 4701 326
8528 2 2 105 105 4631 4719 4643
8529 2 2 105 105 4535 4704 328
8530 2 2 105 105 327 4704 4517
8531 2 2 105 105 4529 4705 258
8532 2 2 105 105 259 4705 4503
8533 2 2 105 105 309 4668 308
8534 2 2 105 105 275 4669 276
8535 2 2 105 105 4525 4665 281
8536 2 2 105 105 247 4664 4524
8537 2 2 105 105 4507 4707 256
8538 2 2 105 105 257 4707 4529
8539 2 2 105 105 331 4666 330
8540 2 2 105 105 292 4667 291
8541 2 2 105 105 4565 4671 4567
8542 2 2 105 105 255 4710 4507
8543 2 2 105 105 4521 4710 254
8544 2 2 105 105 274 4670 275
8545 2 2 105 105 253 4712 4521
8546 2 2 105 105 4506 4713 251
8547 2 2 105 105 250 4715 4506
8548 2 2 105 105 4524 4716 248
8549 2 2 105 105 4590 4673 4588
8550 2 2 105 105 311 4672 310
8551 2 2 105 105 275 4670 4669
8552 2 2 105 105 4569 4674 4571
8553 2 2 105 105 272 4675 273
8554 2 2 105 105 4586 4677 4584
8555 2 2 105 105 313 4676 312
8556 2 2 105 105 332 4709 4530
8557 2 2 105 105 4533 4709 333
8558 2 2 105 105 282 4722 10
8559 2 2 105 105 9 4721 246
8560 2 2 105 105 314 4678 313
8561 2 2 105 105 10 4722 334
8562 2 2 105 105 288 4721 9
8563 2 2 105 105 4575 4680 4577
8564 2 2 105 105 270 4679 271
8565 2 2 105 105 313 4678 4676
8566 2 2 105 105 12 4724 329
8567 2 2 105 105 293 4723 11
8568 2 2 105 105 269 4681 270
8569 2 2 105 105 330 4724 12
8570 2 2 105 105 11 4723 292
8571 2 2 105 105 316 4682 315
8572 2 2 105 105 4580 4684 4578
8573 2 2 105 105 270 4681 4679
8574 2 2 105 105 317 4683 316
8575 2 2 105 105 4581 4686 4583
8576 2 2 105 105 267 4685 268
8577 2 2 105 105 4576 4688 4574
8578 2 2 105 105 316 4683 4682
8579 2 2 105 105 319 4687 318
8580 2 2 105 105 4585 4690 4587
8581 2 2 105 105 265 4689 266
8582 2 2 105 105 4572 4692 4570
8583 2 2 105 105 321 4691 320
8584 2 2 105 105 322 4693 321
8585 2 2 105 105 4591 4695 4593
8586 2 2 105 105 263 4694 264
8587 2 2 105 105 4568 4696 4566
8588 2 2 105 105 321 4693 4691
8589 2 2 105 105 324 4697 323
8590 2 2 105 105 4595 4699 4597
8591 2 2 105 105 261 4698 262
8592 2 2 105 105 260 4700 261
8593 2 2 105 105 4599 4702 4601
8594 2 2 105 105 4562 4703 4560
8595 2 2 105 105 326 4701 325
8596 2 2 105 105 261 4700 4698
8597 2 2 105 105 328 4704 327
8598 2 2 105 105 4558 4706 4556
8599 2 2 105 105 258 4705 259
8600 2 2 105 105 4554 4708 4552
8601 2 2 105 105 256 4707 257
8602 2 2 105 105 4550 4711 4548
8603 2 2 105 105 254 4710 255
8604 2 2 105 105 333 4709 332
8605 2 2 105 105 252 4712 253
8606 2 2 105 105 4544 4714 4542
8607 2 2 105 105 251 4713 252
8608 2 2 105 105 249 4715 250
8609 2 2 105 105 4603 4717 4632
8610 2 2 105 105 252 4713 4712
8611 2 2 105 105 248 4716 249
8612 2 2 105 105 4616 4718 4614
8613 2 2 105 105 4666 4718 4535
8614 2 2 105 105 4632 4719 4631
8615 2 2 105 105 249 4716 4715
8616 2 2 105 105 246 4721 4664
8617 2 2 105 105 4665 4722 282
8618 2 2 105 105 4534 4723 293
8619 2 2 105 105 329 4724 4535
8620 2 2 105 105 4532 4720 4664
8621 2 2 105 105 4532 4721 288
8622 2 2 105 105 334 4722 4533
8623 2 2 105 105 4664 4721 4532
8624 2 2 105 105 4533 4722 4665
8625 2 2 105 105 292 4723 4667
8626 2 2 105 105 4666 4724 330
8627 2 2 105 105 4667 4723 4534
8628 2 2 105 105 4535 4724 4666
8629 2 2 105 105 4717 4720 4632
8630 2 2 106 106 4756 4891 4867
8631 2 2 106 106 4757 4879 4838
8632 2 2 106 106 4921 4923 4841
8633 2 2 106 106 4739 4923 4921
8634 2 2 106 106 4867 4943 4756
8635 2 2 106 106 4929 4930 4845
8636 2 2 106 106 4754 4930 4929
8637 2 2 106 106 4731 4932 4843
8638 2 2 106 106 4917 4919 4834
8639 2 2 106 106 4843 4931 4731
8640 2 2 106 106 4737 4919 4917
8641 2 2 106 106 4741 4926 4840
8642 2 2 106 106 4840 4925 4741
8643 2 2 106 106 4924 4927 4833
8644 2 2 106 106 4727 4927 4924
8645 2 2 106 106 4743 4935 4842
8646 2 2 106 106 4842 4934 4743
8647 2 2 106 106 4911 4914 4844
8648 2 2 106 106 4740 4914 4911
8649 2 2 106 106 4755 4838 4837
8650 2 2 106 106 4859 4939 4836
8651 2 2 106 106 4939 4940 4836
8652 2 2 106 106 4838 4933 4757
8653 2 2 106 106 4918 4920 4848
8654 2 2 106 106 4732 4920 4918
8655 2 2 106 106 4907 4910 4846
8656 2 2 106 106 4749 4910 4907
8657 2 2 106 106 4837 4942 4755
8658 2 2 106 106 4860 4936 4835
8659 2 2 106 106 4936 4937 4835
8660 2 2 106 106 4730 4938 4835
8661 2 2 106 106 4913 4916 4851
8662 2 2 106 106 4904 4906 4847
8663 2 2 106 106 4750 4916 4913
8664 2 2 106 106 4835 4937 4730
8665 2 2 106 106 4736 4906 4904
8666 2 2 106 106 4757 4889 4879
8667 2 2 106 106 4909 4912 4853
8668 2 2 106 106 4900 4902 4849
8669 2 2 106 106 4867 4891 4759
8670 2 2 106 106 4728 4912 4909
8671 2 2 106 106 4748 4902 4900
8672 2 2 106 106 4760 4942 4928
8673 2 2 106 106 4862 4915 4834
8674 2 2 106 106 4896 4898 4850
8675 2 2 106 106 4905 4908 4854
8676 2 2 106 106 4746 4941 4836
8677 2 2 106 106 4915 4917 4834
8678 2 2 106 106 4928 4942 4839
8679 2 2 106 106 4735 4898 4896
8680 2 2 106 106 4751 4908 4905
8681 2 2 106 106 4858 4944 4871
8682 2 2 106 106 4836 4940 4746
8683 2 2 106 106 4892 4895 4852
8684 2 2 106 106 4901 4903 4832
8685 2 2 106 106 4752 4895 4892
8686 2 2 106 106 4729 4903 4901
8687 2 2 106 106 4864 4922 4833
8688 2 2 106 106 4755 4942 4890
8689 2 2 106 106 4922 4924 4833
8690 2 2 106 106 4839 4926 4741
8691 2 2 106 106 4884 4887 4830
8692 2 2 106 106 4859 4938 4730
8693 2 2 106 106 4742 4887 4884
8694 2 2 106 106 4741 4928 4839
8695 2 2 106 106 4730 4939 4859
8696 2 2 106 106 4894 4897 4831
8697 2 2 106 106 4840 4923 4739
8698 2 2 106 106 4725 4897 4894
8699 2 2 106 106 4871 4943 4858
8700 2 2 106 106 4739 4925 4840
8701 2 2 106 106 4841 4919 4737
8702 2 2 106 106 4860 4935 4743
8703 2 2 106 106 4878 4881 4829
8704 2 2 106 106 4734 4881 4878
8705 2 2 106 106 4737 4921 4841
8706 2 2 106 106 4743 4936 4860
8707 2 2 106 106 4842 4932 4731
8708 2 2 106 106 4862 4914 4740
8709 2 2 106 106 4871 4944 4758
8710 2 2 106 106 4875 4876 4855
8711 2 2 106 106 4844 4910 4749
8712 2 2 106 106 4731 4934 4842
8713 2 2 106 106 4843 4930 4754
8714 2 2 106 106 4740 4915 4862
8715 2 2 106 106 4863 4882 4830
8716 2 2 106 106 4744 4876 4875
8717 2 2 106 106 4846 4906 4736
8718 2 2 106 106 4749 4911 4844
8719 2 2 106 106 4873 4874 4856
8720 2 2 106 106 4845 4927 4727
8721 2 2 106 106 4754 4931 4843
8722 2 2 106 106 4865 4899 4832
8723 2 2 106 106 4847 4902 4748
8724 2 2 106 106 4882 4884 4830
8725 2 2 106 106 4861 4877 4829
8726 2 2 106 106 4849 4898 4735
8727 2 2 106 106 4733 4874 4873
8728 2 2 106 106 4736 4907 4846
8729 2 2 106 106 4868 4886 4885
8730 2 2 106 106 4899 4901 4832
8731 2 2 106 106 4850 4895 4752
8732 2 2 106 106 4870 4872 4763
8733 2 2 106 106 4762 4867 4761
8734 2 2 106 106 4764 4857 4762
8735 2 2 106 106 4727 4929 4845
8736 2 2 106 106 4766 4859 4836
8737 2 2 106 106 4771 4860 4835
8738 2 2 106 106 4778 4861 4829
8739 2 2 106 106 4798 4799 4797
8740 2 2 106 106 4814 4862 4834
8741 2 2 106 106 4826 4827 4825
8742 2 2 106 106 4795 4848 4793
8743 2 2 106 106 4799 4851 4797
8744 2 2 106 106 4812 4862 4814
8745 2 2 106 106 4826 4839 4837
8746 2 2 106 106 4810 4812 4811
8747 2 2 106 106 4812 4814 4813
8748 2 2 106 106 4816 4818 4817
8749 2 2 106 106 4820 4822 4821
8750 2 2 106 106 4822 4824 4823
8751 2 2 106 106 4808 4844 4810
8752 2 2 106 106 4811 4832 4809
8753 2 2 106 106 4802 4804 4803
8754 2 2 106 106 4804 4806 4805
8755 2 2 106 106 4808 4810 4809
8756 2 2 106 106 4814 4816 4815
8757 2 2 106 106 4814 4834 4816
8758 2 2 106 106 4818 4820 4819
8759 2 2 106 106 4790 4792 4791
8760 2 2 106 106 4796 4798 4797
8761 2 2 106 106 4800 4802 4801
8762 2 2 106 106 4796 4849 4798
8763 2 2 106 106 4800 4847 4802
8764 2 2 106 106 4782 4783 4781
8765 2 2 106 106 4788 4789 4787
8766 2 2 106 106 4790 4791 4789
8767 2 2 106 106 4789 4864 4833
8768 2 2 106 106 4792 4793 4791
8769 2 2 106 106 4792 4794 4793
8770 2 2 106 106 4794 4795 4793
8771 2 2 106 106 4796 4797 4795
8772 2 2 106 106 4800 4801 4799
8773 2 2 106 106 4802 4803 4801
8774 2 2 106 106 4806 4807 4805
8775 2 2 106 106 4808 4809 4807
8776 2 2 106 106 4810 4811 4809
8777 2 2 106 106 4811 4865 4832
8778 2 2 106 106 4814 4815 4813
8779 2 2 106 106 4816 4817 4815
8780 2 2 106 106 4818 4819 4817
8781 2 2 106 106 4820 4821 4819
8782 2 2 106 106 4822 4823 4821
8783 2 2 106 106 4824 4825 4823
8784 2 2 106 106 4837 4838 4827
8785 2 2 106 106 4782 4784 4783
8786 2 2 106 106 4782 4863 4784
8787 2 2 106 106 4785 4845 4783
8788 2 2 106 106 4784 4786 4785
8789 2 2 106 106 4784 4830 4786
8790 2 2 106 106 4786 4788 4787
8791 2 2 106 106 4789 4833 4787
8792 2 2 106 106 4788 4790 4789
8793 2 2 106 106 4788 4852 4790
8794 2 2 106 106 4794 4796 4795
8795 2 2 106 106 4798 4800 4799
8796 2 2 106 106 4804 4846 4806
8797 2 2 106 106 4806 4808 4807
8798 2 2 106 106 4813 4865 4811
8799 2 2 106 106 4817 4831 4815
8800 2 2 106 106 4824 4826 4825
8801 2 2 106 106 4826 4837 4827
8802 2 2 106 106 4818 4841 4820
8803 2 2 106 106 4791 4864 4789
8804 2 2 106 106 4792 4850 4794
8805 2 2 106 106 4803 4853 4801
8806 2 2 106 106 4807 4854 4805
8807 2 2 106 106 4822 4840 4824
8808 2 2 106 106 4780 4782 4781
8809 2 2 106 106 4781 4843 4779
8810 2 2 106 106 4784 4785 4783
8811 2 2 106 106 4784 4863 4830
8812 2 2 106 106 4786 4787 4785
8813 2 2 106 106 4804 4805 4803
8814 2 2 106 106 4812 4813 4811
8815 2 2 106 106 4778 4829 4780
8816 2 2 106 106 4780 4781 4779
8817 2 2 106 106 4778 4780 4779
8818 2 2 106 106 4776 4861 4778
8819 2 2 106 106 4778 4779 4777
8820 2 2 106 106 4776 4778 4777
8821 2 2 106 106 4777 4842 4775
8822 2 2 106 106 4776 4777 4775
8823 2 2 106 106 4774 4776 4775
8824 2 2 106 106 4774 4775 4773
8825 2 2 106 106 4772 4855 4774
8826 2 2 106 106 4773 4860 4771
8827 2 2 106 106 4772 4774 4773
8828 2 2 106 106 4772 4773 4771
8829 2 2 106 106 4770 4772 4771
8830 2 2 106 106 4771 4835 4769
8831 2 2 106 106 4768 4856 4770
8832 2 2 106 106 4770 4771 4769
8833 2 2 106 106 4768 4770 4769
8834 2 2 106 106 4768 4769 4767
8835 2 2 106 106 4828 4858 4857
8836 2 2 106 106 4765 4768 4767
8837 2 2 106 106 4767 4859 4766
8838 2 2 106 106 4828 4857 4764
8839 2 2 106 106 4766 4836 4828
8840 2 2 106 106 4765 4767 4766
8841 2 2 106 106 4766 4828 4764
8842 2 2 106 106 4765 4766 4764
8843 2 2 106 106 4763 4765 4764
8844 2 2 106 106 4819 4866 4817
8845 2 2 106 106 4763 4764 4762
8846 2 2 106 106 4755 4933 4838
8847 2 2 106 106 4877 4878 4829
8848 2 2 106 106 4817 4866 4831
8849 2 2 106 106 4864 4920 4732
8850 2 2 106 106 4726 4885 4883
8851 2 2 106 106 4748 4904 4847
8852 2 2 106 106 4852 4887 4742
8853 2 2 106 106 4738 4763 4762
8854 2 2 106 106 4866 4893 4831
8855 2 2 106 106 4857 4867 4762
8856 2 2 106 106 4856 4872 4753
8857 2 2 106 106 4869 4883 4880
8858 2 2 106 106 4863 4881 4734
8859 2 2 106 106 4761 4867 4759
8860 2 2 106 106 4855 4874 4733
8861 2 2 106 106 4861 4876 4744
8862 2 2 106 106 4753 4872 4870
8863 2 2 106 106 4763 4872 4765
8864 2 2 106 106 4768 4872 4856
8865 2 2 106 106 4747 4880 4879
8866 2 2 106 106 4735 4900 4849
8867 2 2 106 106 367 4740 366
8868 2 2 106 106 374 4741 373
8869 2 2 106 106 372 4739 371
8870 2 2 106 106 302 4731 303
8871 2 2 106 106 347 4733 346
8872 2 2 106 106 352 4734 351
8873 2 2 106 106 355 4742 354
8874 2 2 106 106 300 4743 301
8875 2 2 106 106 349 4744 348
8876 2 2 106 106 294 4746 295
8877 2 2 106 106 309 4732 310
8878 2 2 106 106 311 4750 312
8879 2 2 106 106 315 4751 316
8880 2 2 106 106 323 4745 324
8881 2 2 106 106 327 4747 328
8882 2 2 106 106 341 4759 340
8883 2 2 106 106 343 4738 342
8884 2 2 106 106 357 4752 356
8885 2 2 106 106 359 4735 358
8886 2 2 106 106 363 4736 362
8887 2 2 106 106 370 4737 369
8888 2 2 106 106 376 4760 375
8889 2 2 106 106 306 4727 307
8890 2 2 106 106 313 4728 314
8891 2 2 106 106 317 4729 318
8892 2 2 106 106 361 4748 360
8893 2 2 106 106 365 4749 364
8894 2 2 106 106 304 4754 305
8895 2 2 106 106 297 4730 298
8896 2 2 106 106 345 4753 344
8897 2 2 106 106 320 4725 321
8898 2 2 106 106 325 4726 326
8899 2 2 106 106 324 4868 325
8900 2 2 106 106 342 4761 341
8901 2 2 106 106 326 4869 327
8902 2 2 106 106 344 4870 343
8903 2 2 106 106 4745 4886 4868
8904 2 2 106 106 4848 4916 4750
8905 2 2 106 106 4738 4762 4761
8906 2 2 106 106 4868 4885 4726
8907 2 2 106 106 4893 4894 4831
8908 2 2 106 106 4752 4896 4850
8909 2 2 106 106 4856 4874 4770
8910 2 2 106 106 4772 4874 4855
8911 2 2 106 106 4732 4922 4864
8912 2 2 106 106 4765 4872 4768
8913 2 2 106 106 4726 4883 4869
8914 2 2 106 106 4851 4912 4728
8915 2 2 106 106 4742 4892 4852
8916 2 2 106 106 341 4761 4759
8917 2 2 106 106 4745 4868 324
8918 2 2 106 106 4753 4870 344
8919 2 2 106 106 327 4869 4747
8920 2 2 106 106 4738 4761 342
8921 2 2 106 106 4726 4869 326
8922 2 2 106 106 325 4868 4726
8923 2 2 106 106 343 4870 4738
8924 2 2 106 106 4738 4870 4763
8925 2 2 106 106 336 4758 335
8926 2 2 106 106 337 4871 336
8927 2 2 106 106 338 4756 337
8928 2 2 106 106 379 4755 378
8929 2 2 106 106 381 4757 380
8930 2 2 106 106 4855 4876 4774
8931 2 2 106 106 4776 4876 4861
8932 2 2 106 106 4869 4880 4747
8933 2 2 106 106 4753 4873 4856
8934 2 2 106 106 4734 4882 4863
8935 2 2 106 106 4733 4875 4855
8936 2 2 106 106 346 4873 345
8937 2 2 106 106 4744 4877 4861
8938 2 2 106 106 4853 4908 4751
8939 2 2 106 106 4750 4918 4848
8940 2 2 106 106 345 4873 4753
8941 2 2 106 106 4733 4873 346
8942 2 2 106 106 4829 4881 4780
8943 2 2 106 106 4782 4881 4863
8944 2 2 106 106 4854 4903 4729
8945 2 2 106 106 4770 4874 4772
8946 2 2 106 106 347 4875 4733
8947 2 2 106 106 4744 4875 348
8948 2 2 106 106 4728 4913 4851
8949 2 2 106 106 4865 4897 4725
8950 2 2 106 106 4819 4886 4866
8951 2 2 106 106 4888 4944 4746
8952 2 2 106 106 4788 4887 4852
8953 2 2 106 106 4830 4887 4786
8954 2 2 106 106 4866 4886 4745
8955 2 2 106 106 348 4875 347
8956 2 2 106 106 349 4877 4744
8957 2 2 106 106 4756 4871 337
8958 2 2 106 106 336 4871 4758
8959 2 2 106 106 4751 4909 4853
8960 2 2 106 106 4734 4878 351
8961 2 2 106 106 4792 4895 4850
8962 2 2 106 106 4852 4895 4790
8963 2 2 106 106 293 4888 294
8964 2 2 106 106 328 4889 329
8965 2 2 106 106 4774 4876 4776
8966 2 2 106 106 4813 4897 4865
8967 2 2 106 106 4831 4897 4815
8968 2 2 106 106 4729 4905 4854
8969 2 2 106 106 4850 4898 4794
8970 2 2 106 106 4796 4898 4849
8971 2 2 106 106 352 4882 4734
8972 2 2 106 106 4742 4884 354
8973 2 2 106 106 4800 4902 4847
8974 2 2 106 106 4849 4902 4798
8975 2 2 106 106 350 4877 349
8976 2 2 106 106 4832 4903 4809
8977 2 2 106 106 4807 4903 4854
8978 2 2 106 106 4725 4899 4865
8979 2 2 106 106 4804 4906 4846
8980 2 2 106 106 4847 4906 4802
8981 2 2 106 106 4838 4879 4827
8982 2 2 106 106 355 4892 4742
8983 2 2 106 106 4752 4892 356
8984 2 2 106 106 323 4893 4745
8985 2 2 106 106 4745 4893 4866
8986 2 2 106 106 4854 4908 4805
8987 2 2 106 106 4803 4908 4853
8988 2 2 106 106 4846 4910 4806
8989 2 2 106 106 4808 4910 4844
8990 2 2 106 106 351 4878 350
8991 2 2 106 106 4725 4894 321
8992 2 2 106 106 4879 4880 4827
8993 2 2 106 106 4879 4889 4747
8994 2 2 106 106 4853 4912 4801
8995 2 2 106 106 4799 4912 4851
8996 2 2 106 106 357 4896 4752
8997 2 2 106 106 4735 4896 358
8998 2 2 106 106 4844 4914 4810
8999 2 2 106 106 4812 4914 4862
9000 2 2 106 106 4756 4943 4871
9001 2 2 106 106 4827 4880 4825
9002 2 2 106 106 4851 4916 4797
9003 2 2 106 106 4795 4916 4848
9004 2 2 106 106 320 4899 4725
9005 2 2 106 106 4780 4881 4782
9006 2 2 106 106 350 4878 4877
9007 2 2 106 106 359 4900 4735
9008 2 2 106 106 4748 4900 360
9009 2 2 106 106 4880 4883 4825
9010 2 2 106 106 4729 4901 318
9011 2 2 106 106 4818 4919 4841
9012 2 2 106 106 4834 4919 4816
9013 2 2 106 106 4791 4920 4864
9014 2 2 106 106 4848 4920 4793
9015 2 2 106 106 4822 4923 4840
9016 2 2 106 106 4841 4923 4820
9017 2 2 106 106 4746 4944 4941
9018 2 2 106 106 4825 4883 4823
9019 2 2 106 106 361 4904 4748
9020 2 2 106 106 4736 4904 362
9021 2 2 106 106 317 4905 4729
9022 2 2 106 106 4751 4905 316
9023 2 2 106 106 4826 4926 4839
9024 2 2 106 106 4840 4926 4824
9025 2 2 106 106 4785 4927 4845
9026 2 2 106 106 4833 4927 4787
9027 2 2 106 106 353 4882 352
9028 2 2 106 106 4883 4885 4823
9029 2 2 106 106 363 4907 4736
9030 2 2 106 106 4749 4907 364
9031 2 2 106 106 4781 4930 4843
9032 2 2 106 106 4845 4930 4783
9033 2 2 106 106 4755 4890 378
9034 2 2 106 106 338 4891 4756
9035 2 2 106 106 4728 4909 314
9036 2 2 106 106 315 4909 4751
9037 2 2 106 106 4823 4885 4821
9038 2 2 106 106 4777 4932 4842
9039 2 2 106 106 4843 4932 4779
9040 2 2 106 106 365 4911 4749
9041 2 2 106 106 4740 4911 366
9042 2 2 106 106 354 4884 353
9043 2 2 106 106 4773 4935 4860
9044 2 2 106 106 4842 4935 4775
9045 2 2 106 106 313 4913 4728
9046 2 2 106 106 4750 4913 312
9047 2 2 106 106 4885 4886 4821
9048 2 2 106 106 367 4915 4740
9049 2 2 106 106 4767 4938 4859
9050 2 2 106 106 4835 4938 4769
9051 2 2 106 106 4737 4917 369
9052 2 2 106 106 311 4918 4750
9053 2 2 106 106 4732 4918 310
9054 2 2 106 106 4821 4886 4819
9055 2 2 106 106 4786 4887 4788
9056 2 2 106 106 4836 4941 4828
9057 2 2 106 106 353 4884 4882
9058 2 2 106 106 370 4921 4737
9059 2 2 106 106 4739 4921 371
9060 2 2 106 106 309 4922 4732
9061 2 2 106 106 4727 4924 307
9062 2 2 106 106 372 4925 4739
9063 2 2 106 106 4741 4925 373
9064 2 2 106 106 4857 4943 4867
9065 2 2 106 106 4760 4928 375
9066 2 2 106 106 374 4928 4741
9067 2 2 106 106 4754 4929 305
9068 2 2 106 106 306 4929 4727
9069 2 2 106 106 356 4892 355
9070 2 2 106 106 322 4893 323
9071 2 2 106 106 294 4888 4746
9072 2 2 106 106 4747 4889 328
9073 2 2 106 106 4731 4931 303
9074 2 2 106 106 304 4931 4754
9075 2 2 106 106 378 4890 377
9076 2 2 106 106 339 4891 338
9077 2 2 106 106 4790 4895 4792
9078 2 2 106 106 302 4934 4731
9079 2 2 106 106 4743 4934 301
9080 2 2 106 106 321 4894 322
9081 2 2 106 106 300 4936 4743
9082 2 2 106 106 4730 4937 298
9083 2 2 106 106 297 4939 4730
9084 2 2 106 106 4746 4940 295
9085 2 2 106 106 4815 4897 4813
9086 2 2 106 106 358 4896 357
9087 2 2 106 106 322 4894 4893
9088 2 2 106 106 4794 4898 4796
9089 2 2 106 106 319 4899 320
9090 2 2 106 106 360 4900 359
9091 2 2 106 106 4757 4933 380
9092 2 2 106 106 379 4933 4755
9093 2 2 106 106 318 4901 319
9094 2 2 106 106 4798 4902 4800
9095 2 2 106 106 11 4945 293
9096 2 2 106 106 329 4946 12
9097 2 2 106 106 4809 4903 4807
9098 2 2 106 106 12 4946 381
9099 2 2 106 106 335 4945 11
9100 2 2 106 106 319 4901 4899
9101 2 2 106 106 362 4904 361
9102 2 2 106 106 14 4948 376
9103 2 2 106 106 340 4947 13
9104 2 2 106 106 4802 4906 4804
9105 2 2 106 106 316 4905 317
9106 2 2 106 106 377 4948 14
9107 2 2 106 106 13 4947 339
9108 2 2 106 106 4805 4908 4803
9109 2 2 106 106 364 4907 363
9110 2 2 106 106 4806 4910 4808
9111 2 2 106 106 314 4909 315
9112 2 2 106 106 4801 4912 4799
9113 2 2 106 106 366 4911 365
9114 2 2 106 106 4810 4914 4812
9115 2 2 106 106 312 4913 313
9116 2 2 106 106 4797 4916 4795
9117 2 2 106 106 368 4915 367
9118 2 2 106 106 369 4917 368
9119 2 2 106 106 4816 4919 4818
9120 2 2 106 106 310 4918 311
9121 2 2 106 106 4793 4920 4791
9122 2 2 106 106 368 4917 4915
9123 2 2 106 106 371 4921 370
9124 2 2 106 106 4820 4923 4822
9125 2 2 106 106 308 4922 309
9126 2 2 106 106 307 4924 308
9127 2 2 106 106 4824 4926 4826
9128 2 2 106 106 4787 4927 4785
9129 2 2 106 106 373 4925 372
9130 2 2 106 106 308 4924 4922
9131 2 2 106 106 375 4928 374
9132 2 2 106 106 4783 4930 4781
9133 2 2 106 106 305 4929 306
9134 2 2 106 106 4779 4932 4777
9135 2 2 106 106 303 4931 304
9136 2 2 106 106 4775 4935 4773
9137 2 2 106 106 301 4934 302
9138 2 2 106 106 380 4933 379
9139 2 2 106 106 299 4936 300
9140 2 2 106 106 4769 4938 4767
9141 2 2 106 106 298 4937 299
9142 2 2 106 106 296 4939 297
9143 2 2 106 106 4828 4941 4858
9144 2 2 106 106 299 4937 4936
9145 2 2 106 106 295 4940 296
9146 2 2 106 106 4839 4942 4837
9147 2 2 106 106 4890 4942 4760
9148 2 2 106 106 4858 4943 4857
9149 2 2 106 106 296 4940 4939
9150 2 2 106 106 293 4945 4888
9151 2 2 106 106 4889 4946 329
9152 2 2 106 106 4759 4947 340
9153 2 2 106 106 376 4948 4760
9154 2 2 106 106 4758 4944 4888
9155 2 2 106 106 381 4946 4757
9156 2 2 106 106 4758 4945 335
9157 2 2 106 106 4757 4946 4889
9158 2 2 106 106 4888 4945 4758
9159 2 2 106 106 339 4947 4891
9160 2 2 106 106 4890 4948 377
9161 2 2 106 106 4891 4947 4759
9162 2 2 106 106 4760 4948 4890
9163 2 2 106 106 4941 4944 4858
9164 2 2 107 107 4978 5130 5124
9165 2 2 107 107 5094 5095 5051
9166 2 2 107 107 4973 5095 5094
9167 2 2 107 107 5127 5132 4973
9168 2 2 107 107 5078 5096 5051
9169 2 2 107 107 5051 5096 5094
9170 2 2 107 107 5124 5166 4978
9171 2 2 107 107 4973 5132 5095
9172 2 2 107 107 5078 5102 4954
9173 2 2 107 107 5099 5102 5047
9174 2 2 107 107 4954 5096 5078
9175 2 2 107 107 4954 5102 5099
9176 2 2 107 107 5054 5158 5155
9177 2 2 107 107 5155 5158 4971
9178 2 2 107 107 5079 5101 5047
9179 2 2 107 107 5047 5101 5099
9180 2 2 107 107 5058 5136 5061
9181 2 2 107 107 5058 5137 5136
9182 2 2 107 107 4952 5149 5056
9183 2 2 107 107 5056 5151 4952
9184 2 2 107 107 5107 5111 5036
9185 2 2 107 107 5079 5111 4956
9186 2 2 107 107 4956 5111 5107
9187 2 2 107 107 4956 5101 5079
9188 2 2 107 107 5052 5132 5105
9189 2 2 107 107 5105 5172 5052
9190 2 2 107 107 5084 5108 5036
9191 2 2 107 107 5036 5108 5107
9192 2 2 107 107 5112 5119 5031
9193 2 2 107 107 4955 5119 5112
9194 2 2 107 107 4969 5145 5057
9195 2 2 107 107 5084 5119 4955
9196 2 2 107 107 5057 5146 4969
9197 2 2 107 107 4955 5108 5084
9198 2 2 107 107 5164 5165 5053
9199 2 2 107 107 4966 5165 5164
9200 2 2 107 107 5081 5114 5031
9201 2 2 107 107 4967 5142 5063
9202 2 2 107 107 5031 5114 5112
9203 2 2 107 107 5063 5144 4967
9204 2 2 107 107 5116 5122 5024
9205 2 2 107 107 5076 5135 4950
9206 2 2 107 107 4951 5122 5116
9207 2 2 107 107 5081 5122 4951
9208 2 2 107 107 4950 5134 5076
9209 2 2 107 107 4951 5114 5081
9210 2 2 107 107 4949 5140 5060
9211 2 2 107 107 5080 5115 5024
9212 2 2 107 107 5060 5141 4949
9213 2 2 107 107 5115 5116 5024
9214 2 2 107 107 5113 5121 5062
9215 2 2 107 107 4957 5121 5113
9216 2 2 107 107 5080 5121 4957
9217 2 2 107 107 4972 5138 5059
9218 2 2 107 107 5082 5148 5057
9219 2 2 107 107 5124 5130 4982
9220 2 2 107 107 5057 5148 5146
9221 2 2 107 107 5059 5139 4972
9222 2 2 107 107 4957 5115 5080
9223 2 2 107 107 5058 5138 4972
9224 2 2 107 107 5109 5120 5064
9225 2 2 107 107 5062 5120 4960
9226 2 2 107 107 4960 5120 5109
9227 2 2 107 107 4972 5137 5058
9228 2 2 107 107 4960 5113 5062
9229 2 2 107 107 4950 5135 5061
9230 2 2 107 107 5104 5118 5065
9231 2 2 107 107 5064 5118 4975
9232 2 2 107 107 5061 5136 4950
9233 2 2 107 107 4975 5118 5104
9234 2 2 107 107 5059 5140 4949
9235 2 2 107 107 4974 5133 5076
9236 2 2 107 107 5150 5153 5055
9237 2 2 107 107 5083 5154 5056
9238 2 2 107 107 4975 5109 5064
9239 2 2 107 107 4965 5153 5150
9240 2 2 107 107 5056 5154 5151
9241 2 2 107 107 4949 5139 5059
9242 2 2 107 107 5065 5110 4961
9243 2 2 107 107 5100 5110 5066
9244 2 2 107 107 5076 5134 4974
9245 2 2 107 107 4961 5110 5100
9246 2 2 107 107 5126 5167 4974
9247 2 2 107 107 4961 5104 5065
9248 2 2 107 107 5066 5103 4953
9249 2 2 107 107 5097 5103 5067
9250 2 2 107 107 5060 5142 4967
9251 2 2 107 107 4953 5103 5097
9252 2 2 107 107 4974 5167 5133
9253 2 2 107 107 4953 5100 5066
9254 2 2 107 107 4967 5141 5060
9255 2 2 107 107 5067 5098 4962
9256 2 2 107 107 5088 5098 5068
9257 2 2 107 107 5085 5157 5054
9258 2 2 107 107 4962 5098 5088
9259 2 2 107 107 5157 5158 5054
9260 2 2 107 107 5075 5167 5106
9261 2 2 107 107 4962 5097 5067
9262 2 2 107 107 5068 5093 4963
9263 2 2 107 107 5063 5145 4969
9264 2 2 107 107 4988 5069 4991
9265 2 2 107 107 5086 5093 5069
9266 2 2 107 107 5161 5163 5090
9267 2 2 107 107 4981 5173 5129
9268 2 2 107 107 4984 5069 4988
9269 2 2 107 107 4963 5093 5086
9270 2 2 107 107 5069 5093 4991
9271 2 2 107 107 4963 5088 5068
9272 2 2 107 107 4969 5144 5063
9273 2 2 107 107 4985 5117 5089
9274 2 2 107 107 5061 5070 4989
9275 2 2 107 107 4989 5070 4986
9276 2 2 107 107 5007 5008 5006
9277 2 2 107 107 5009 5010 5008
9278 2 2 107 107 5011 5012 5010
9279 2 2 107 107 5015 5016 5014
9280 2 2 107 107 5019 5020 5018
9281 2 2 107 107 5019 5080 5024
9282 2 2 107 107 5021 5022 5020
9283 2 2 107 107 5023 5025 5022
9284 2 2 107 107 5026 5027 5025
9285 2 2 107 107 5026 5081 5031
9286 2 2 107 107 5028 5029 5027
9287 2 2 107 107 5030 5032 5029
9288 2 2 107 107 5033 5034 5032
9289 2 2 107 107 5033 5084 5036
9290 2 2 107 107 5035 5037 5034
9291 2 2 107 107 5038 5039 5037
9292 2 2 107 107 5042 5043 5041
9293 2 2 107 107 5046 5048 5045
9294 2 2 107 107 5046 5078 5051
9295 2 2 107 107 5049 5050 5048
9296 2 2 107 107 5049 5052 5050
9297 2 2 107 107 5044 5046 5045
9298 2 2 107 107 5014 5083 5012
9299 2 2 107 107 5046 5051 5049
9300 2 2 107 107 5040 5047 5042
9301 2 2 107 107 5038 5040 5039
9302 2 2 107 107 5040 5042 5041
9303 2 2 107 107 5005 5007 5006
9304 2 2 107 107 5021 5023 5022
9305 2 2 107 107 5023 5026 5025
9306 2 2 107 107 5026 5028 5027
9307 2 2 107 107 5005 5065 5007
9308 2 2 107 107 5023 5081 5026
9309 2 2 107 107 5026 5031 5028
9310 2 2 107 107 5029 5053 5027
9311 2 2 107 107 5033 5036 5035
9312 2 2 107 107 5046 5049 5048
9313 2 2 107 107 5009 5011 5010
9314 2 2 107 107 5011 5013 5012
9315 2 2 107 107 5015 5017 5016
9316 2 2 107 107 5017 5019 5018
9317 2 2 107 107 5009 5064 5011
9318 2 2 107 107 5012 5056 5010
9319 2 2 107 107 5018 5054 5016
9320 2 2 107 107 5017 5080 5019
9321 2 2 107 107 5044 5078 5046
9322 2 2 107 107 5033 5035 5034
9323 2 2 107 107 5030 5084 5033
9324 2 2 107 107 5038 5079 5040
9325 2 2 107 107 5007 5009 5008
9326 2 2 107 107 5019 5021 5020
9327 2 2 107 107 5013 5062 5015
9328 2 2 107 107 5028 5030 5029
9329 2 2 107 107 5008 5082 5006
9330 2 2 107 107 5019 5024 5021
9331 2 2 107 107 5030 5033 5032
9332 2 2 107 107 5006 5057 5004
9333 2 2 107 107 5005 5006 5004
9334 2 2 107 107 5006 5082 5057
9335 2 2 107 107 5013 5014 5012
9336 2 2 107 107 5012 5083 5056
9337 2 2 107 107 5017 5018 5016
9338 2 2 107 107 5040 5041 5039
9339 2 2 107 107 5040 5079 5047
9340 2 2 107 107 5044 5045 5043
9341 2 2 107 107 5042 5044 5043
9342 2 2 107 107 5045 5055 5043
9343 2 2 107 107 5003 5005 5004
9344 2 2 107 107 5013 5015 5014
9345 2 2 107 107 5035 5038 5037
9346 2 2 107 107 5001 5066 5003
9347 2 2 107 107 5003 5004 5002
9348 2 2 107 107 5002 5063 5000
9349 2 2 107 107 5001 5003 5002
9350 2 2 107 107 5001 5002 5000
9351 2 2 107 107 4999 5001 5000
9352 2 2 107 107 4997 5067 4999
9353 2 2 107 107 4999 5000 4998
9354 2 2 107 107 4997 4999 4998
9355 2 2 107 107 4998 5060 4996
9356 2 2 107 107 4997 4998 4996
9357 2 2 107 107 4995 4997 4996
9358 2 2 107 107 4993 5068 4995
9359 2 2 107 107 4995 4996 4994
9360 2 2 107 107 4993 4995 4994
9361 2 2 107 107 4994 5059 4992
9362 2 2 107 107 5074 5077 5072
9363 2 2 107 107 5073 5075 5074
9364 2 2 107 107 4993 4994 4992
9365 2 2 107 107 4991 4993 4992
9366 2 2 107 107 5073 5074 5072
9367 2 2 107 107 5071 5076 5073
9368 2 2 107 107 5058 5061 4989
9369 2 2 107 107 5071 5073 5072
9370 2 2 107 107 4991 4992 4990
9371 2 2 107 107 5071 5072 4987
9372 2 2 107 107 4988 4991 4990
9373 2 2 107 107 4990 5058 4989
9374 2 2 107 107 4988 4990 4989
9375 2 2 107 107 5070 5071 4987
9376 2 2 107 107 4988 4989 4986
9377 2 2 107 107 4986 5070 4987
9378 2 2 107 107 4986 4987 4985
9379 2 2 107 107 4984 4988 4986
9380 2 2 107 107 4968 5161 5090
9381 2 2 107 107 4984 4986 4985
9382 2 2 107 107 5020 5085 5018
9383 2 2 107 107 4993 5093 5068
9384 2 2 107 107 4984 4985 4983
9385 2 2 107 107 4958 5069 4984
9386 2 2 107 107 5051 5095 5049
9387 2 2 107 107 5018 5085 5054
9388 2 2 107 107 4964 5117 5077
9389 2 2 107 107 5068 5098 4995
9390 2 2 107 107 4997 5098 5067
9391 2 2 107 107 5106 5166 5075
9392 2 2 107 107 5047 5102 5042
9393 2 2 107 107 5044 5102 5078
9394 2 2 107 107 5163 5165 4966
9395 2 2 107 107 5067 5103 4999
9396 2 2 107 107 5001 5103 5066
9397 2 2 107 107 4991 5093 4993
9398 2 2 107 107 5066 5110 5003
9399 2 2 107 107 5005 5110 5065
9400 2 2 107 107 5089 5117 4964
9401 2 2 107 107 5036 5111 5035
9402 2 2 107 107 5038 5111 5079
9403 2 2 107 107 5049 5095 5052
9404 2 2 107 107 4987 5117 4985
9405 2 2 107 107 5077 5117 5072
9406 2 2 107 107 5009 5118 5064
9407 2 2 107 107 5065 5118 5007
9408 2 2 107 107 5030 5119 5084
9409 2 2 107 107 5031 5119 5028
9410 2 2 107 107 5013 5120 5062
9411 2 2 107 107 5064 5120 5011
9412 2 2 107 107 5017 5121 5080
9413 2 2 107 107 5062 5121 5015
9414 2 2 107 107 5023 5122 5081
9415 2 2 107 107 5024 5122 5021
9416 2 2 107 107 371 4983 372
9417 2 2 107 107 366 4962 367
9418 2 2 107 107 368 4963 369
9419 2 2 107 107 373 4964 374
9420 2 2 107 107 350 4955 351
9421 2 2 107 107 394 5091 393
9422 2 2 107 107 402 4968 401
9423 2 2 107 107 411 4969 410
9424 2 2 107 107 347 4956 348
9425 2 2 107 107 395 4976 394
9426 2 2 107 107 396 5092 395
9427 2 2 107 107 413 4967 412
9428 2 2 107 107 341 4973 342
9429 2 2 107 107 356 4957 357
9430 2 2 107 107 358 4960 359
9431 2 2 107 107 362 4961 363
9432 2 2 107 107 369 5086 370
9433 2 2 107 107 370 4958 371
9434 2 2 107 107 375 4982 376
9435 2 2 107 107 388 4981 387
9436 2 2 107 107 390 4959 389
9437 2 2 107 107 405 4971 404
9438 2 2 107 107 417 4972 416
9439 2 2 107 107 422 4974 421
9440 2 2 107 107 353 4951 354
9441 2 2 107 107 360 4975 361
9442 2 2 107 107 364 4953 365
9443 2 2 107 107 401 5090 400
9444 2 2 107 107 408 4952 407
9445 2 2 107 107 397 4970 396
9446 2 2 107 107 400 4966 399
9447 2 2 107 107 344 4954 345
9448 2 2 107 107 393 4965 392
9449 2 2 107 107 367 5088 368
9450 2 2 107 107 372 5089 373
9451 2 2 107 107 415 4949 414
9452 2 2 107 107 420 4950 419
9453 2 2 107 107 389 5087 388
9454 2 2 107 107 4995 5098 4997
9455 2 2 107 107 342 5094 343
9456 2 2 107 107 343 5096 344
9457 2 2 107 107 365 5097 366
9458 2 2 107 107 5123 5124 4982
9459 2 2 107 107 5042 5102 5044
9460 2 2 107 107 4999 5103 5001
9461 2 2 107 107 5090 5163 4966
9462 2 2 107 107 4958 4984 4983
9463 2 2 107 107 345 5099 346
9464 2 2 107 107 363 5100 364
9465 2 2 107 107 4981 5129 5128
9466 2 2 107 107 5003 5110 5005
9467 2 2 107 107 346 5101 347
9468 2 2 107 107 5035 5111 5038
9469 2 2 107 107 361 5104 362
9470 2 2 107 107 5072 5117 4987
9471 2 2 107 107 5007 5118 5009
9472 2 2 107 107 348 5107 349
9473 2 2 107 107 5028 5119 5030
9474 2 2 107 107 349 5108 350
9475 2 2 107 107 5011 5120 5013
9476 2 2 107 107 359 5109 360
9477 2 2 107 107 5015 5121 5017
9478 2 2 107 107 5021 5122 5023
9479 2 2 107 107 368 5088 4963
9480 2 2 107 107 393 5091 4965
9481 2 2 107 107 370 5086 4958
9482 2 2 107 107 388 5087 4981
9483 2 2 107 107 395 5092 4976
9484 2 2 107 107 4958 4983 371
9485 2 2 107 107 4968 5090 401
9486 2 2 107 107 4970 5092 396
9487 2 2 107 107 4983 5089 372
9488 2 2 107 107 4963 5086 369
9489 2 2 107 107 4962 5088 367
9490 2 2 107 107 4976 5091 394
9491 2 2 107 107 373 5089 4964
9492 2 2 107 107 400 5090 4966
9493 2 2 107 107 4959 5087 389
9494 2 2 107 107 351 5112 352
9495 2 2 107 107 5077 5124 5123
9496 2 2 107 107 357 5113 358
9497 2 2 107 107 4973 5094 342
9498 2 2 107 107 4985 5089 4983
9499 2 2 107 107 4958 5086 5069
9500 2 2 107 107 352 5114 353
9501 2 2 107 107 355 5115 356
9502 2 2 107 107 354 5116 355
9503 2 2 107 107 344 5096 4954
9504 2 2 107 107 366 5097 4962
9505 2 2 107 107 4953 5097 365
9506 2 2 107 107 5094 5096 343
9507 2 2 107 107 385 4977 384
9508 2 2 107 107 427 4978 426
9509 2 2 107 107 384 5105 383
9510 2 2 107 107 426 5106 425
9511 2 2 107 107 383 4979 382
9512 2 2 107 107 425 4980 424
9513 2 2 107 107 4954 5099 345
9514 2 2 107 107 364 5100 4953
9515 2 2 107 107 4961 5100 363
9516 2 2 107 107 347 5101 4956
9517 2 2 107 107 5077 5123 4964
9518 2 2 107 107 4975 5104 361
9519 2 2 107 107 362 5104 4961
9520 2 2 107 107 4956 5107 348
9521 2 2 107 107 350 5108 4955
9522 2 2 107 107 360 5109 4975
9523 2 2 107 107 4960 5109 359
9524 2 2 107 107 4955 5112 351
9525 2 2 107 107 358 5113 4960
9526 2 2 107 107 4957 5113 357
9527 2 2 107 107 353 5114 4951
9528 2 2 107 107 356 5115 4957
9529 2 2 107 107 4951 5116 354
9530 2 2 107 107 398 5125 397
9531 2 2 107 107 5099 5101 346
9532 2 2 107 107 374 5123 375
9533 2 2 107 107 5082 5149 4952
9534 2 2 107 107 375 5123 4982
9535 2 2 107 107 4964 5123 374
9536 2 2 107 107 5107 5108 349
9537 2 2 107 107 5112 5114 352
9538 2 2 107 107 355 5116 5115
9539 2 2 107 107 5074 5124 5077
9540 2 2 107 107 5087 5173 4981
9541 2 2 107 107 4979 5132 5127
9542 2 2 107 107 5128 5129 4977
9543 2 2 107 107 4952 5148 5082
9544 2 2 107 107 4977 5105 384
9545 2 2 107 107 4978 5106 426
9546 2 2 107 107 383 5105 4979
9547 2 2 107 107 425 5106 4980
9548 2 2 107 107 340 5127 341
9549 2 2 107 107 423 5126 422
9550 2 2 107 107 5152 5162 4970
9551 2 2 107 107 397 5125 4970
9552 2 2 107 107 391 5131 390
9553 2 2 107 107 5106 5167 4980
9554 2 2 107 107 391 5150 5131
9555 2 2 107 107 5092 5162 5160
9556 2 2 107 107 5052 5172 5050
9557 2 2 107 107 5083 5155 4971
9558 2 2 107 107 4970 5162 5092
9559 2 2 107 107 5050 5172 5129
9560 2 2 107 107 4976 5160 5159
9561 2 2 107 107 5125 5152 4970
9562 2 2 107 107 385 5128 4977
9563 2 2 107 107 427 5130 4978
9564 2 2 107 107 5092 5160 4976
9565 2 2 107 107 4971 5154 5083
9566 2 2 107 107 5091 5159 5156
9567 2 2 107 107 5076 5133 5073
9568 2 2 107 107 5061 5135 5070
9569 2 2 107 107 5071 5135 5076
9570 2 2 107 107 4978 5166 5106
9571 2 2 107 107 4990 5138 5058
9572 2 2 107 107 5059 5138 4992
9573 2 2 107 107 4994 5140 5059
9574 2 2 107 107 5060 5140 4996
9575 2 2 107 107 4998 5142 5060
9576 2 2 107 107 5063 5142 5000
9577 2 2 107 107 5045 5143 5055
9578 2 2 107 107 5020 5161 5085
9579 2 2 107 107 5002 5145 5063
9580 2 2 107 107 5057 5145 5004
9581 2 2 107 107 4976 5159 5091
9582 2 2 107 107 4965 5156 5153
9583 2 2 107 107 5056 5149 5010
9584 2 2 107 107 5008 5149 5082
9585 2 2 107 107 5029 5152 5053
9586 2 2 107 107 5055 5153 5043
9587 2 2 107 107 5014 5155 5083
9588 2 2 107 107 5054 5155 5016
9589 2 2 107 107 5085 5161 4968
9590 2 2 107 107 5053 5165 5027
9591 2 2 107 107 5105 5132 4979
9592 2 2 107 107 398 5164 5125
9593 2 2 107 107 341 5127 4973
9594 2 2 107 107 422 5126 4974
9595 2 2 107 107 386 5128 385
9596 2 2 107 107 428 5130 427
9597 2 2 107 107 5091 5156 4965
9598 2 2 107 107 4974 5134 421
9599 2 2 107 107 420 5134 4950
9600 2 2 107 107 4950 5136 419
9601 2 2 107 107 417 5137 4972
9602 2 2 107 107 5131 5150 5055
9603 2 2 107 107 4972 5139 416
9604 2 2 107 107 415 5139 4949
9605 2 2 107 107 413 5141 4967
9606 2 2 107 107 4949 5141 414
9607 2 2 107 107 411 5144 4969
9608 2 2 107 107 4967 5144 412
9609 2 2 107 107 4969 5146 410
9610 2 2 107 107 408 5148 4952
9611 2 2 107 107 4965 5150 392
9612 2 2 107 107 4952 5151 407
9613 2 2 107 107 405 5154 4971
9614 2 2 107 107 402 5157 4968
9615 2 2 107 107 4971 5158 404
9616 2 2 107 107 4966 5164 399
9617 2 2 107 107 4968 5157 5085
9618 2 2 107 107 390 5131 4959
9619 2 2 107 107 4977 5172 5105
9620 2 2 107 107 5095 5132 5052
9621 2 2 107 107 5053 5152 5125
9622 2 2 107 107 5125 5164 5053
9623 2 2 107 107 5074 5166 5124
9624 2 2 107 107 13 5168 340
9625 2 2 107 107 16 5169 423
9626 2 2 107 107 382 5168 13
9627 2 2 107 107 424 5169 16
9628 2 2 107 107 5143 5147 4959
9629 2 2 107 107 387 5171 15
9630 2 2 107 107 376 5170 14
9631 2 2 107 107 14 5170 428
9632 2 2 107 107 15 5171 386
9633 2 2 107 107 4959 5147 5087
9634 2 2 107 107 5055 5143 5131
9635 2 2 107 107 5131 5143 4959
9636 2 2 107 107 5073 5133 5075
9637 2 2 107 107 5070 5135 5071
9638 2 2 107 107 421 5134 420
9639 2 2 107 107 4992 5138 4990
9640 2 2 107 107 419 5136 418
9641 2 2 107 107 418 5137 417
9642 2 2 107 107 4996 5140 4994
9643 2 2 107 107 416 5139 415
9644 2 2 107 107 5000 5142 4998
9645 2 2 107 107 5048 5143 5045
9646 2 2 107 107 5004 5145 5002
9647 2 2 107 107 5048 5147 5143
9648 2 2 107 107 414 5141 413
9649 2 2 107 107 5136 5137 418
9650 2 2 107 107 5050 5147 5048
9651 2 2 107 107 5010 5149 5008
9652 2 2 107 107 412 5144 411
9653 2 2 107 107 5032 5152 5029
9654 2 2 107 107 5043 5153 5041
9655 2 2 107 107 5153 5156 5041
9656 2 2 107 107 5016 5155 5014
9657 2 2 107 107 5041 5156 5039
9658 2 2 107 107 5032 5162 5152
9659 2 2 107 107 5156 5159 5039
9660 2 2 107 107 5039 5159 5037
9661 2 2 107 107 410 5146 409
9662 2 2 107 107 5159 5160 5037
9663 2 2 107 107 5037 5160 5034
9664 2 2 107 107 5160 5162 5034
9665 2 2 107 107 5022 5161 5020
9666 2 2 107 107 5034 5162 5032
9667 2 2 107 107 5022 5163 5161
9668 2 2 107 107 5025 5163 5022
9669 2 2 107 107 5025 5165 5163
9670 2 2 107 107 5027 5165 5025
9671 2 2 107 107 409 5148 408
9672 2 2 107 107 392 5150 391
9673 2 2 107 107 407 5151 406
9674 2 2 107 107 406 5154 405
9675 2 2 107 107 403 5157 402
9676 2 2 107 107 404 5158 403
9677 2 2 107 107 399 5164 398
9678 2 2 107 107 5146 5148 409
9679 2 2 107 107 5151 5154 406
9680 2 2 107 107 403 5158 5157
9681 2 2 107 107 5075 5166 5074
9682 2 2 107 107 340 5168 5127
9683 2 2 107 107 423 5169 5126
9684 2 2 107 107 4982 5170 376
9685 2 2 107 107 4981 5171 387
9686 2 2 107 107 4979 5168 382
9687 2 2 107 107 4980 5169 424
9688 2 2 107 107 4980 5167 5126
9689 2 2 107 107 5129 5172 4977
9690 2 2 107 107 5129 5173 5050
9691 2 2 107 107 5126 5169 4980
9692 2 2 107 107 5127 5168 4979
9693 2 2 107 107 5147 5173 5087
9694 2 2 107 107 386 5171 5128
9695 2 2 107 107 428 5170 5130
9696 2 2 107 107 5130 5170 4982
9697 2 2 107 107 5128 5171 4981
9698 2 2 107 107 5133 5167 5075
9699 2 2 107 107 5050 5173 5147
9700 2 2 108 108 5205 5339 5316
9701 2 2 108 108 5206 5328 5287
9702 2 2 108 108 5370 5372 5290
9703 2 2 108 108 5188 5372 5370
9704 2 2 108 108 5316 5392 5205
9705 2 2 108 108 5378 5379 5294
9706 2 2 108 108 5200 5379 5378
9707 2 2 108 108 5180 5381 5292
9708 2 2 108 108 5366 5368 5283
9709 2 2 108 108 5292 5380 5180
9710 2 2 108 108 5186 5368 5366
9711 2 2 108 108 5190 5375 5289
9712 2 2 108 108 5289 5374 5190
9713 2 2 108 108 5373 5376 5282
9714 2 2 108 108 5176 5376 5373
9715 2 2 108 108 5192 5384 5291
9716 2 2 108 108 5291 5383 5192
9717 2 2 108 108 5360 5363 5293
9718 2 2 108 108 5189 5363 5360
9719 2 2 108 108 5204 5287 5286
9720 2 2 108 108 5308 5388 5285
9721 2 2 108 108 5388 5389 5285
9722 2 2 108 108 5287 5382 5206
9723 2 2 108 108 5367 5369 5297
9724 2 2 108 108 5181 5369 5367
9725 2 2 108 108 5356 5359 5295
9726 2 2 108 108 5199 5359 5356
9727 2 2 108 108 5286 5391 5204
9728 2 2 108 108 5309 5385 5284
9729 2 2 108 108 5385 5386 5284
9730 2 2 108 108 5179 5387 5284
9731 2 2 108 108 5362 5365 5300
9732 2 2 108 108 5353 5355 5296
9733 2 2 108 108 5201 5365 5362
9734 2 2 108 108 5284 5386 5179
9735 2 2 108 108 5185 5355 5353
9736 2 2 108 108 5206 5338 5328
9737 2 2 108 108 5358 5361 5302
9738 2 2 108 108 5349 5351 5298
9739 2 2 108 108 5316 5339 5208
9740 2 2 108 108 5177 5361 5358
9741 2 2 108 108 5198 5351 5349
9742 2 2 108 108 5209 5391 5377
9743 2 2 108 108 5311 5364 5283
9744 2 2 108 108 5345 5347 5299
9745 2 2 108 108 5354 5357 5303
9746 2 2 108 108 5195 5390 5285
9747 2 2 108 108 5364 5366 5283
9748 2 2 108 108 5377 5391 5288
9749 2 2 108 108 5184 5347 5345
9750 2 2 108 108 5202 5357 5354
9751 2 2 108 108 5307 5393 5320
9752 2 2 108 108 5285 5389 5195
9753 2 2 108 108 5341 5344 5301
9754 2 2 108 108 5350 5352 5281
9755 2 2 108 108 5203 5344 5341
9756 2 2 108 108 5178 5352 5350
9757 2 2 108 108 5313 5371 5282
9758 2 2 108 108 5204 5391 5340
9759 2 2 108 108 5371 5373 5282
9760 2 2 108 108 5288 5375 5190
9761 2 2 108 108 5333 5336 5279
9762 2 2 108 108 5308 5387 5179
9763 2 2 108 108 5191 5336 5333
9764 2 2 108 108 5190 5377 5288
9765 2 2 108 108 5179 5388 5308
9766 2 2 108 108 5343 5346 5280
9767 2 2 108 108 5289 5372 5188
9768 2 2 108 108 5174 5346 5343
9769 2 2 108 108 5320 5392 5307
9770 2 2 108 108 5188 5374 5289
9771 2 2 108 108 5290 5368 5186
9772 2 2 108 108 5309 5384 5192
9773 2 2 108 108 5327 5330 5278
9774 2 2 108 108 5183 5330 5327
9775 2 2 108 108 5186 5370 5290
9776 2 2 108 108 5192 5385 5309
9777 2 2 108 108 5291 5381 5180
9778 2 2 108 108 5311 5363 5189
9779 2 2 108 108 5320 5393 5207
9780 2 2 108 108 5324 5325 5304
9781 2 2 108 108 5293 5359 5199
9782 2 2 108 108 5180 5383 5291
9783 2 2 108 108 5292 5379 5200
9784 2 2 108 108 5189 5364 5311
9785 2 2 108 108 5312 5331 5279
9786 2 2 108 108 5193 5325 5324
9787 2 2 108 108 5295 5355 5185
9788 2 2 108 108 5199 5360 5293
9789 2 2 108 108 5322 5323 5305
9790 2 2 108 108 5294 5376 5176
9791 2 2 108 108 5200 5380 5292
9792 2 2 108 108 5314 5348 5281
9793 2 2 108 108 5296 5351 5198
9794 2 2 108 108 5331 5333 5279
9795 2 2 108 108 5310 5326 5278
9796 2 2 108 108 5298 5347 5184
9797 2 2 108 108 5182 5323 5322
9798 2 2 108 108 5185 5356 5295
9799 2 2 108 108 5317 5335 5334
9800 2 2 108 108 5348 5350 5281
9801 2 2 108 108 5299 5344 5203
9802 2 2 108 108 5319 5321 5212
9803 2 2 108 108 5211 5316 5210
9804 2 2 108 108 5213 5306 5211
9805 2 2 108 108 5176 5378 5294
9806 2 2 108 108 5215 5308 5285
9807 2 2 108 108 5220 5309 5284
9808 2 2 108 108 5227 5310 5278
9809 2 2 108 108 5247 5248 5246
9810 2 2 108 108 5263 5311 5283
9811 2 2 108 108 5249 5296 5251
9812 2 2 108 108 5237 5301 5239
9813 2 2 108 108 5261 5311 5263
9814 2 2 108 108 5275 5288 5286
9815 2 2 108 108 5259 5261 5260
9816 2 2 108 108 5261 5263 5262
9817 2 2 108 108 5265 5267 5266
9818 2 2 108 108 5269 5271 5270
9819 2 2 108 108 5271 5273 5272
9820 2 2 108 108 5257 5293 5259
9821 2 2 108 108 5260 5281 5258
9822 2 2 108 108 5251 5253 5252
9823 2 2 108 108 5253 5255 5254
9824 2 2 108 108 5257 5259 5258
9825 2 2 108 108 5263 5265 5264
9826 2 2 108 108 5263 5283 5265
9827 2 2 108 108 5267 5269 5268
9828 2 2 108 108 5239 5241 5240
9829 2 2 108 108 5245 5247 5246
9830 2 2 108 108 5249 5251 5250
9831 2 2 108 108 5240 5313 5238
9832 2 2 108 108 5245 5298 5247
9833 2 2 108 108 5231 5232 5230
9834 2 2 108 108 5237 5238 5236
9835 2 2 108 108 5239 5240 5238
9836 2 2 108 108 5238 5313 5282
9837 2 2 108 108 5241 5242 5240
9838 2 2 108 108 5241 5243 5242
9839 2 2 108 108 5241 5299 5243
9840 2 2 108 108 5243 5244 5242
9841 2 2 108 108 5244 5297 5242
9842 2 2 108 108 5245 5246 5244
9843 2 2 108 108 5249 5250 5248
9844 2 2 108 108 5251 5252 5250
9845 2 2 108 108 5255 5256 5254
9846 2 2 108 108 5257 5258 5256
9847 2 2 108 108 5259 5260 5258
9848 2 2 108 108 5260 5314 5281
9849 2 2 108 108 5265 5266 5264
9850 2 2 108 108 5267 5268 5266
9851 2 2 108 108 5269 5270 5268
9852 2 2 108 108 5271 5272 5270
9853 2 2 108 108 5273 5274 5272
9854 2 2 108 108 5275 5276 5274
9855 2 2 108 108 5286 5287 5276
9856 2 2 108 108 5231 5233 5232
9857 2 2 108 108 5231 5312 5233
9858 2 2 108 108 5234 5294 5232
9859 2 2 108 108 5233 5235 5234
9860 2 2 108 108 5233 5279 5235
9861 2 2 108 108 5235 5237 5236
9862 2 2 108 108 5237 5239 5238
9863 2 2 108 108 5243 5245 5244
9864 2 2 108 108 5248 5300 5246
9865 2 2 108 108 5247 5249 5248
9866 2 2 108 108 5256 5303 5254
9867 2 2 108 108 5255 5257 5256
9868 2 2 108 108 5262 5314 5260
9869 2 2 108 108 5266 5280 5264
9870 2 2 108 108 5273 5275 5274
9871 2 2 108 108 5275 5286 5276
9872 2 2 108 108 5267 5290 5269
9873 2 2 108 108 5238 5282 5236
9874 2 2 108 108 5252 5302 5250
9875 2 2 108 108 5253 5295 5255
9876 2 2 108 108 5271 5289 5273
9877 2 2 108 108 5229 5231 5230
9878 2 2 108 108 5230 5292 5228
9879 2 2 108 108 5233 5234 5232
9880 2 2 108 108 5233 5312 5279
9881 2 2 108 108 5235 5236 5234
9882 2 2 108 108 5253 5254 5252
9883 2 2 108 108 5261 5262 5260
9884 2 2 108 108 5263 5264 5262
9885 2 2 108 108 5227 5278 5229
9886 2 2 108 108 5229 5230 5228
9887 2 2 108 108 5227 5229 5228
9888 2 2 108 108 5225 5310 5227
9889 2 2 108 108 5227 5228 5226
9890 2 2 108 108 5225 5227 5226
9891 2 2 108 108 5226 5291 5224
9892 2 2 108 108 5225 5226 5224
9893 2 2 108 108 5223 5225 5224
9894 2 2 108 108 5221 5304 5223
9895 2 2 108 108 5223 5224 5222
9896 2 2 108 108 5222 5309 5220
9897 2 2 108 108 5221 5223 5222
9898 2 2 108 108 5221 5222 5220
9899 2 2 108 108 5219 5221 5220
9900 2 2 108 108 5220 5284 5218
9901 2 2 108 108 5219 5220 5218
9902 2 2 108 108 5217 5305 5219
9903 2 2 108 108 5217 5219 5218
9904 2 2 108 108 5277 5307 5306
9905 2 2 108 108 5217 5218 5216
9906 2 2 108 108 5214 5217 5216
9907 2 2 108 108 5216 5308 5215
9908 2 2 108 108 5277 5306 5213
9909 2 2 108 108 5215 5285 5277
9910 2 2 108 108 5214 5216 5215
9911 2 2 108 108 5215 5277 5213
9912 2 2 108 108 5214 5215 5213
9913 2 2 108 108 5212 5214 5213
9914 2 2 108 108 5268 5315 5266
9915 2 2 108 108 5212 5213 5211
9916 2 2 108 108 5204 5382 5287
9917 2 2 108 108 5326 5327 5278
9918 2 2 108 108 5266 5315 5280
9919 2 2 108 108 5313 5369 5181
9920 2 2 108 108 5175 5334 5332
9921 2 2 108 108 5198 5353 5296
9922 2 2 108 108 5301 5336 5191
9923 2 2 108 108 5187 5212 5211
9924 2 2 108 108 5315 5342 5280
9925 2 2 108 108 5306 5316 5211
9926 2 2 108 108 5305 5321 5197
9927 2 2 108 108 5318 5332 5329
9928 2 2 108 108 5312 5330 5183
9929 2 2 108 108 5210 5316 5208
9930 2 2 108 108 5304 5323 5182
9931 2 2 108 108 5310 5325 5193
9932 2 2 108 108 5197 5321 5319
9933 2 2 108 108 5212 5321 5214
9934 2 2 108 108 5217 5321 5305
9935 2 2 108 108 5196 5329 5328
9936 2 2 108 108 5184 5349 5298
9937 2 2 108 108 461 5189 460
9938 2 2 108 108 468 5190 467
9939 2 2 108 108 466 5188 465
9940 2 2 108 108 396 5180 397
9941 2 2 108 108 441 5182 440
9942 2 2 108 108 446 5183 445
9943 2 2 108 108 449 5191 448
9944 2 2 108 108 394 5192 395
9945 2 2 108 108 443 5193 442
9946 2 2 108 108 388 5195 389
9947 2 2 108 108 403 5181 404
9948 2 2 108 108 405 5201 406
9949 2 2 108 108 409 5202 410
9950 2 2 108 108 417 5194 418
9951 2 2 108 108 421 5196 422
9952 2 2 108 108 435 5208 434
9953 2 2 108 108 437 5187 436
9954 2 2 108 108 451 5203 450
9955 2 2 108 108 453 5184 452
9956 2 2 108 108 457 5185 456
9957 2 2 108 108 464 5186 463
9958 2 2 108 108 470 5209 469
9959 2 2 108 108 400 5176 401
9960 2 2 108 108 407 5177 408
9961 2 2 108 108 411 5178 412
9962 2 2 108 108 455 5198 454
9963 2 2 108 108 459 5199 458
9964 2 2 108 108 398 5200 399
9965 2 2 108 108 391 5179 392
9966 2 2 108 108 439 5197 438
9967 2 2 108 108 414 5174 415
9968 2 2 108 108 419 5175 420
9969 2 2 108 108 418 5317 419
9970 2 2 108 108 436 5210 435
9971 2 2 108 108 420 5318 421
9972 2 2 108 108 438 5319 437
9973 2 2 108 108 5194 5335 5317
9974 2 2 108 108 5297 5365 5201
9975 2 2 108 108 5187 5211 5210
9976 2 2 108 108 5317 5334 5175
9977 2 2 108 108 5342 5343 5280
9978 2 2 108 108 5203 5345 5299
9979 2 2 108 108 5305 5323 5219
9980 2 2 108 108 5221 5323 5304
9981 2 2 108 108 5181 5371 5313
9982 2 2 108 108 5214 5321 5217
9983 2 2 108 108 5175 5332 5318
9984 2 2 108 108 5300 5361 5177
9985 2 2 108 108 5191 5341 5301
9986 2 2 108 108 435 5210 5208
9987 2 2 108 108 5194 5317 418
9988 2 2 108 108 5197 5319 438
9989 2 2 108 108 421 5318 5196
9990 2 2 108 108 5187 5210 436
9991 2 2 108 108 5175 5318 420
9992 2 2 108 108 419 5317 5175
9993 2 2 108 108 437 5319 5187
9994 2 2 108 108 5187 5319 5212
9995 2 2 108 108 432 5205 431
9996 2 2 108 108 431 5320 430
9997 2 2 108 108 473 5204 472
9998 2 2 108 108 475 5206 474
9999 2 2 108 108 430 5207 429
10000 2 2 108 108 5304 5325 5223
10001 2 2 108 108 5225 5325 5310
10002 2 2 108 108 5318 5329 5196
10003 2 2 108 108 5197 5322 5305
10004 2 2 108 108 5183 5331 5312
10005 2 2 108 108 5182 5324 5304
10006 2 2 108 108 440 5322 439
10007 2 2 108 108 5193 5326 5310
10008 2 2 108 108 5302 5357 5202
10009 2 2 108 108 5201 5367 5297
10010 2 2 108 108 439 5322 5197
10011 2 2 108 108 5182 5322 440
10012 2 2 108 108 5278 5330 5229
10013 2 2 108 108 5231 5330 5312
10014 2 2 108 108 5303 5352 5178
10015 2 2 108 108 5219 5323 5221
10016 2 2 108 108 441 5324 5182
10017 2 2 108 108 5193 5324 442
10018 2 2 108 108 5177 5362 5300
10019 2 2 108 108 5314 5346 5174
10020 2 2 108 108 5268 5335 5315
10021 2 2 108 108 5337 5393 5195
10022 2 2 108 108 5279 5336 5235
10023 2 2 108 108 5237 5336 5301
10024 2 2 108 108 5315 5335 5194
10025 2 2 108 108 442 5324 441
10026 2 2 108 108 443 5326 5193
10027 2 2 108 108 5205 5320 431
10028 2 2 108 108 430 5320 5207
10029 2 2 108 108 5202 5358 5302
10030 2 2 108 108 5183 5327 445
10031 2 2 108 108 5301 5344 5239
10032 2 2 108 108 5241 5344 5299
10033 2 2 108 108 387 5337 388
10034 2 2 108 108 422 5338 423
10035 2 2 108 108 5223 5325 5225
10036 2 2 108 108 5262 5346 5314
10037 2 2 108 108 5280 5346 5264
10038 2 2 108 108 5178 5354 5303
10039 2 2 108 108 5299 5347 5243
10040 2 2 108 108 5245 5347 5298
10041 2 2 108 108 446 5331 5183
10042 2 2 108 108 5191 5333 448
10043 2 2 108 108 5298 5351 5247
10044 2 2 108 108 5249 5351 5296
10045 2 2 108 108 444 5326 443
10046 2 2 108 108 5281 5352 5258
10047 2 2 108 108 5256 5352 5303
10048 2 2 108 108 5174 5348 5314
10049 2 2 108 108 5253 5355 5295
10050 2 2 108 108 5296 5355 5251
10051 2 2 108 108 5287 5328 5276
10052 2 2 108 108 449 5341 5191
10053 2 2 108 108 5203 5341 450
10054 2 2 108 108 417 5342 5194
10055 2 2 108 108 5194 5342 5315
10056 2 2 108 108 5303 5357 5254
10057 2 2 108 108 5252 5357 5302
10058 2 2 108 108 5295 5359 5255
10059 2 2 108 108 5257 5359 5293
10060 2 2 108 108 445 5327 444
10061 2 2 108 108 5174 5343 415
10062 2 2 108 108 5328 5329 5276
10063 2 2 108 108 5328 5338 5196
10064 2 2 108 108 5248 5361 5300
10065 2 2 108 108 5302 5361 5250
10066 2 2 108 108 451 5345 5203
10067 2 2 108 108 5184 5345 452
10068 2 2 108 108 5293 5363 5259
10069 2 2 108 108 5261 5363 5311
10070 2 2 108 108 5205 5392 5320
10071 2 2 108 108 5276 5329 5274
10072 2 2 108 108 5300 5365 5246
10073 2 2 108 108 5244 5365 5297
10074 2 2 108 108 414 5348 5174
10075 2 2 108 108 5229 5330 5231
10076 2 2 108 108 444 5327 5326
10077 2 2 108 108 453 5349 5184
10078 2 2 108 108 5198 5349 454
10079 2 2 108 108 5329 5332 5274
10080 2 2 108 108 5178 5350 412
10081 2 2 108 108 5267 5368 5290
10082 2 2 108 108 5283 5368 5265
10083 2 2 108 108 5240 5369 5313
10084 2 2 108 108 5297 5369 5242
10085 2 2 108 108 5271 5372 5289
10086 2 2 108 108 5290 5372 5269
10087 2 2 108 108 5195 5393 5390
10088 2 2 108 108 5274 5332 5272
10089 2 2 108 108 455 5353 5198
10090 2 2 108 108 5185 5353 456
10091 2 2 108 108 411 5354 5178
10092 2 2 108 108 5202 5354 410
10093 2 2 108 108 5275 5375 5288
10094 2 2 108 108 5289 5375 5273
10095 2 2 108 108 5282 5376 5236
10096 2 2 108 108 5234 5376 5294
10097 2 2 108 108 447 5331 446
10098 2 2 108 108 5332 5334 5272
10099 2 2 108 108 457 5356 5185
10100 2 2 108 108 5199 5356 458
10101 2 2 108 108 5230 5379 5292
10102 2 2 108 108 5294 5379 5232
10103 2 2 108 108 5204 5340 472
10104 2 2 108 108 432 5339 5205
10105 2 2 108 108 5177 5358 408
10106 2 2 108 108 409 5358 5202
10107 2 2 108 108 5272 5334 5270
10108 2 2 108 108 5226 5381 5291
10109 2 2 108 108 5292 5381 5228
10110 2 2 108 108 459 5360 5199
10111 2 2 108 108 5189 5360 460
10112 2 2 108 108 448 5333 447
10113 2 2 108 108 5222 5384 5309
10114 2 2 108 108 5291 5384 5224
10115 2 2 108 108 407 5362 5177
10116 2 2 108 108 5201 5362 406
10117 2 2 108 108 5334 5335 5270
10118 2 2 108 108 461 5364 5189
10119 2 2 108 108 5216 5387 5308
10120 2 2 108 108 5284 5387 5218
10121 2 2 108 108 5186 5366 463
10122 2 2 108 108 405 5367 5201
10123 2 2 108 108 5181 5367 404
10124 2 2 108 108 5270 5335 5268
10125 2 2 108 108 5235 5336 5237
10126 2 2 108 108 5285 5390 5277
10127 2 2 108 108 447 5333 5331
10128 2 2 108 108 464 5370 5186
10129 2 2 108 108 5188 5370 465
10130 2 2 108 108 403 5371 5181
10131 2 2 108 108 5176 5373 401
10132 2 2 108 108 5190 5374 467
10133 2 2 108 108 466 5374 5188
10134 2 2 108 108 5306 5392 5316
10135 2 2 108 108 5209 5377 469
10136 2 2 108 108 468 5377 5190
10137 2 2 108 108 5200 5378 399
10138 2 2 108 108 400 5378 5176
10139 2 2 108 108 450 5341 449
10140 2 2 108 108 416 5342 417
10141 2 2 108 108 388 5337 5195
10142 2 2 108 108 5196 5338 422
10143 2 2 108 108 5180 5380 397
10144 2 2 108 108 398 5380 5200
10145 2 2 108 108 433 5339 432
10146 2 2 108 108 472 5340 471
10147 2 2 108 108 5239 5344 5241
10148 2 2 108 108 396 5383 5180
10149 2 2 108 108 5192 5383 395
10150 2 2 108 108 415 5343 416
10151 2 2 108 108 394 5385 5192
10152 2 2 108 108 5179 5386 392
10153 2 2 108 108 391 5388 5179
10154 2 2 108 108 5195 5389 389
10155 2 2 108 108 5264 5346 5262
10156 2 2 108 108 452 5345 451
10157 2 2 108 108 416 5343 5342
10158 2 2 108 108 5243 5347 5245
10159 2 2 108 108 413 5348 414
10160 2 2 108 108 454 5349 453
10161 2 2 108 108 5206 5382 474
10162 2 2 108 108 473 5382 5204
10163 2 2 108 108 412 5350 413
10164 2 2 108 108 5247 5351 5249
10165 2 2 108 108 15 5394 387
10166 2 2 108 108 423 5395 16
10167 2 2 108 108 5258 5352 5256
10168 2 2 108 108 429 5394 15
10169 2 2 108 108 16 5395 475
10170 2 2 108 108 413 5350 5348
10171 2 2 108 108 456 5353 455
10172 2 2 108 108 18 5397 470
10173 2 2 108 108 434 5396 17
10174 2 2 108 108 5251 5355 5253
10175 2 2 108 108 410 5354 411
10176 2 2 108 108 471 5397 18
10177 2 2 108 108 17 5396 433
10178 2 2 108 108 5254 5357 5252
10179 2 2 108 108 458 5356 457
10180 2 2 108 108 5255 5359 5257
10181 2 2 108 108 408 5358 409
10182 2 2 108 108 5250 5361 5248
10183 2 2 108 108 460 5360 459
10184 2 2 108 108 5259 5363 5261
10185 2 2 108 108 406 5362 407
10186 2 2 108 108 5246 5365 5244
10187 2 2 108 108 462 5364 461
10188 2 2 108 108 463 5366 462
10189 2 2 108 108 5265 5368 5267
10190 2 2 108 108 404 5367 405
10191 2 2 108 108 5242 5369 5240
10192 2 2 108 108 462 5366 5364
10193 2 2 108 108 465 5370 464
10194 2 2 108 108 5269 5372 5271
10195 2 2 108 108 402 5371 403
10196 2 2 108 108 401 5373 402
10197 2 2 108 108 5273 5375 5275
10198 2 2 108 108 5236 5376 5234
10199 2 2 108 108 467 5374 466
10200 2 2 108 108 402 5373 5371
10201 2 2 108 108 469 5377 468
10202 2 2 108 108 5232 5379 5230
10203 2 2 108 108 399 5378 400
10204 2 2 108 108 5228 5381 5226
10205 2 2 108 108 397 5380 398
10206 2 2 108 108 5224 5384 5222
10207 2 2 108 108 395 5383 396
10208 2 2 108 108 474 5382 473
10209 2 2 108 108 393 5385 394
10210 2 2 108 108 5218 5387 5216
10211 2 2 108 108 392 5386 393
10212 2 2 108 108 390 5388 391
10213 2 2 108 108 5277 5390 5307
10214 2 2 108 108 393 5386 5385
10215 2 2 108 108 389 5389 390
10216 2 2 108 108 5288 5391 5286
10217 2 2 108 108 5340 5391 5209
10218 2 2 108 108 5307 5392 5306
10219 2 2 108 108 390 5389 5388
10220 2 2 108 108 387 5394 5337
10221 2 2 108 108 5338 5395 423
10222 2 2 108 108 5208 5396 434
10223 2 2 108 108 470 5397 5209
10224 2 2 108 108 5207 5393 5337
10225 2 2 108 108 475 5395 5206
10226 2 2 108 108 5207 5394 429
10227 2 2 108 108 5337 5394 5207
10228 2 2 108 108 5206 5395 5338
10229 2 2 108 108 433 5396 5339
10230 2 2 108 108 5340 5397 471
10231 2 2 108 108 5339 5396 5208
10232 2 2 108 108 5209 5397 5340
10233 2 2 108 108 5390 5393 5307
10234 2 2 109 109 5576 5579 5428
10235 2 2 109 109 5520 5608 5431
10236 2 2 109 109 5431 5608 5578
10237 2 2 109 109 5528 5606 5400
10238 2 2 109 109 5400 5607 5528
10239 2 2 109 109 5399 5584 5521
10240 2 2 109 109 5521 5583 5399
10241 2 2 109 109 5518 5590 5513
10242 2 2 109 109 5590 5591 5513
10243 2 2 109 109 5547 5562 5432
10244 2 2 109 109 5539 5609 5604
10245 2 2 109 109 5511 5562 5547
10246 2 2 109 109 5604 5609 5425
10247 2 2 109 109 5428 5616 5576
10248 2 2 109 109 5512 5556 5551
10249 2 2 109 109 5411 5556 5511
10250 2 2 109 109 5551 5556 5411
10251 2 2 109 109 5511 5547 5411
10252 2 2 109 109 5508 5601 5405
10253 2 2 109 109 5418 5586 5519
10254 2 2 109 109 5405 5602 5508
10255 2 2 109 109 5519 5585 5418
10256 2 2 109 109 5514 5563 5554
10257 2 2 109 109 5554 5563 5421
10258 2 2 109 109 5421 5563 5512
10259 2 2 109 109 5534 5587 5510
10260 2 2 109 109 5587 5588 5510
10261 2 2 109 109 5512 5551 5421
10262 2 2 109 109 5524 5598 5426
10263 2 2 109 109 5426 5599 5524
10264 2 2 109 109 5516 5565 5559
10265 2 2 109 109 5559 5565 5406
10266 2 2 109 109 5406 5565 5514
10267 2 2 109 109 5505 5615 5614
10268 2 2 109 109 5614 5615 5416
10269 2 2 109 109 5514 5554 5406
10270 2 2 109 109 5522 5596 5401
10271 2 2 109 109 5401 5597 5522
10272 2 2 109 109 5398 5589 5510
10273 2 2 109 109 5490 5567 5561
10274 2 2 109 109 5561 5567 5417
10275 2 2 109 109 5417 5567 5516
10276 2 2 109 109 5510 5588 5398
10277 2 2 109 109 5516 5559 5417
10278 2 2 109 109 5517 5594 5427
10279 2 2 109 109 5490 5560 5536
10280 2 2 109 109 5427 5595 5517
10281 2 2 109 109 5506 5612 5610
10282 2 2 109 109 5490 5561 5560
10283 2 2 109 109 5610 5612 5403
10284 2 2 109 109 5469 5566 5557
10285 2 2 109 109 5557 5566 5407
10286 2 2 109 109 5407 5566 5536
10287 2 2 109 109 5515 5592 5402
10288 2 2 109 109 5402 5593 5515
10289 2 2 109 109 5536 5560 5407
10290 2 2 109 109 5402 5592 5513
10291 2 2 109 109 5420 5582 5577
10292 2 2 109 109 5469 5555 5535
10293 2 2 109 109 5513 5591 5402
10294 2 2 109 109 5469 5557 5555
10295 2 2 109 109 5582 5617 5577
10296 2 2 109 109 5523 5564 5553
10297 2 2 109 109 5415 5564 5535
10298 2 2 109 109 5518 5589 5398
10299 2 2 109 109 5553 5564 5415
10300 2 2 109 109 5508 5603 5537
10301 2 2 109 109 5602 5603 5508
10302 2 2 109 109 5535 5555 5415
10303 2 2 109 109 5398 5590 5518
10304 2 2 109 109 5427 5594 5515
10305 2 2 109 109 5424 5558 5523
10306 2 2 109 109 5525 5558 5548
10307 2 2 109 109 5548 5558 5424
10308 2 2 109 109 5431 5581 5520
10309 2 2 109 109 5515 5593 5427
10310 2 2 109 109 5534 5586 5418
10311 2 2 109 109 5523 5553 5424
10312 2 2 109 109 5433 5579 5576
10313 2 2 109 109 5408 5552 5525
10314 2 2 109 109 5526 5552 5545
10315 2 2 109 109 5418 5587 5534
10316 2 2 109 109 5545 5552 5408
10317 2 2 109 109 5519 5584 5399
10318 2 2 109 109 5401 5596 5517
10319 2 2 109 109 5525 5548 5408
10320 2 2 109 109 5422 5546 5526
10321 2 2 109 109 5572 5573 5531
10322 2 2 109 109 5399 5585 5519
10323 2 2 109 109 5527 5546 5543
10324 2 2 109 109 5521 5582 5420
10325 2 2 109 109 5517 5595 5401
10326 2 2 109 109 5414 5573 5572
10327 2 2 109 109 5543 5546 5422
10328 2 2 109 109 5526 5545 5422
10329 2 2 109 109 5409 5544 5527
10330 2 2 109 109 5569 5570 5532
10331 2 2 109 109 5420 5583 5521
10332 2 2 109 109 5530 5544 5540
10333 2 2 109 109 5426 5598 5522
10334 2 2 109 109 5412 5570 5569
10335 2 2 109 109 5540 5544 5409
10336 2 2 109 109 5423 5538 5530
10337 2 2 109 109 5527 5543 5409
10338 2 2 109 109 5550 5568 5453
10339 2 2 109 109 5541 5613 5611
10340 2 2 109 109 5435 5538 5434
10341 2 2 109 109 5433 5576 5574
10342 2 2 109 109 5522 5597 5426
10343 2 2 109 109 5440 5533 5518
10344 2 2 109 109 5437 5533 5440
10345 2 2 109 109 5438 5533 5437
10346 2 2 109 109 5471 5534 5510
10347 2 2 109 109 5469 5535 5466
10348 2 2 109 109 5509 5511 5502
10349 2 2 109 109 5467 5468 5466
10350 2 2 109 109 5501 5502 5500
10351 2 2 109 109 5466 5535 5464
10352 2 2 109 109 5468 5469 5466
10353 2 2 109 109 5465 5467 5466
10354 2 2 109 109 5490 5536 5485
10355 2 2 109 109 5487 5490 5485
10356 2 2 109 109 5467 5482 5468
10357 2 2 109 109 5495 5497 5496
10358 2 2 109 109 5500 5512 5498
10359 2 2 109 109 5499 5506 5501
10360 2 2 109 109 5461 5463 5462
10361 2 2 109 109 5508 5537 5463
10362 2 2 109 109 5482 5484 5483
10363 2 2 109 109 5493 5505 5495
10364 2 2 109 109 5467 5528 5482
10365 2 2 109 109 5463 5537 5465
10366 2 2 109 109 5484 5486 5485
10367 2 2 109 109 5493 5495 5494
10368 2 2 109 109 5491 5493 5492
10369 2 2 109 109 5499 5501 5500
10370 2 2 109 109 5503 5520 5509
10371 2 2 109 109 5457 5459 5458
10372 2 2 109 109 5457 5524 5459
10373 2 2 109 109 5492 5516 5489
10374 2 2 109 109 5486 5488 5487
10375 2 2 109 109 5488 5491 5489
10376 2 2 109 109 5485 5536 5483
10377 2 2 109 109 5496 5514 5494
10378 2 2 109 109 5457 5458 5456
10379 2 2 109 109 5482 5483 5468
10380 2 2 109 109 5488 5489 5487
10381 2 2 109 109 5503 5509 5502
10382 2 2 109 109 5458 5525 5456
10383 2 2 109 109 5459 5460 5458
10384 2 2 109 109 5461 5462 5460
10385 2 2 109 109 5463 5464 5462
10386 2 2 109 109 5465 5466 5464
10387 2 2 109 109 5484 5485 5483
10388 2 2 109 109 5486 5487 5485
10389 2 2 109 109 5491 5492 5489
10390 2 2 109 109 5493 5494 5492
10391 2 2 109 109 5495 5496 5494
10392 2 2 109 109 5497 5498 5496
10393 2 2 109 109 5499 5500 5498
10394 2 2 109 109 5459 5461 5460
10395 2 2 109 109 5462 5523 5460
10396 2 2 109 109 5461 5508 5463
10397 2 2 109 109 5463 5465 5464
10398 2 2 109 109 5497 5499 5498
10399 2 2 109 109 5501 5503 5502
10400 2 2 109 109 5504 5507 5481
10401 2 2 109 109 5480 5529 5504
10402 2 2 109 109 5455 5457 5456
10403 2 2 109 109 5480 5504 5481
10404 2 2 109 109 5451 5522 5455
10405 2 2 109 109 5481 5521 5479
10406 2 2 109 109 5455 5456 5452
10407 2 2 109 109 5480 5481 5479
10408 2 2 109 109 5451 5455 5452
10409 2 2 109 109 5452 5526 5450
10410 2 2 109 109 5478 5480 5479
10411 2 2 109 109 5451 5452 5450
10412 2 2 109 109 5476 5531 5478
10413 2 2 109 109 5449 5451 5450
10414 2 2 109 109 5478 5479 5477
10415 2 2 109 109 5477 5519 5475
10416 2 2 109 109 5476 5478 5477
10417 2 2 109 109 5447 5517 5449
10418 2 2 109 109 5449 5450 5448
10419 2 2 109 109 5447 5449 5448
10420 2 2 109 109 5476 5477 5475
10421 2 2 109 109 5448 5527 5446
10422 2 2 109 109 5447 5448 5446
10423 2 2 109 109 5474 5476 5475
10424 2 2 109 109 5474 5475 5473
10425 2 2 109 109 5445 5447 5446
10426 2 2 109 109 5472 5532 5474
10427 2 2 109 109 5443 5515 5445
10428 2 2 109 109 5473 5534 5471
10429 2 2 109 109 5445 5446 5444
10430 2 2 109 109 5472 5474 5473
10431 2 2 109 109 5443 5445 5444
10432 2 2 109 109 5472 5473 5471
10433 2 2 109 109 5444 5530 5442
10434 2 2 109 109 5443 5444 5442
10435 2 2 109 109 5454 5472 5471
10436 2 2 109 109 5471 5510 5470
10437 2 2 109 109 5441 5443 5442
10438 2 2 109 109 5470 5533 5438
10439 2 2 109 109 5454 5471 5470
10440 2 2 109 109 5440 5518 5513
10441 2 2 109 109 5441 5442 5439
10442 2 2 109 109 5440 5513 5441
10443 2 2 109 109 5454 5470 5438
10444 2 2 109 109 5440 5441 5439
10445 2 2 109 109 5453 5454 5438
10446 2 2 109 109 5436 5453 5438
10447 2 2 109 109 5437 5440 5439
10448 2 2 109 109 5437 5439 5435
10449 2 2 109 109 5436 5438 5437
10450 2 2 109 109 5541 5611 5404
10451 2 2 109 109 5436 5437 5435
10452 2 2 109 109 5410 5568 5550
10453 2 2 109 109 5439 5538 5435
10454 2 2 109 109 5530 5538 5442
10455 2 2 109 109 5530 5540 5423
10456 2 2 109 109 5413 5436 5435
10457 2 2 109 109 5444 5544 5530
10458 2 2 109 109 5527 5544 5446
10459 2 2 109 109 5434 5538 5423
10460 2 2 109 109 5442 5538 5439
10461 2 2 109 109 5484 5539 5486
10462 2 2 109 109 5448 5546 5527
10463 2 2 109 109 5526 5546 5450
10464 2 2 109 109 5532 5568 5410
10465 2 2 109 109 5416 5615 5613
10466 2 2 109 109 5452 5552 5526
10467 2 2 109 109 5525 5552 5456
10468 2 2 109 109 5531 5570 5412
10469 2 2 109 109 5511 5556 5502
10470 2 2 109 109 5500 5556 5512
10471 2 2 109 109 5523 5558 5460
10472 2 2 109 109 5458 5558 5525
10473 2 2 109 109 5436 5542 5453
10474 2 2 109 109 5529 5573 5414
10475 2 2 109 109 5446 5544 5444
10476 2 2 109 109 5512 5563 5498
10477 2 2 109 109 5496 5563 5514
10478 2 2 109 109 5535 5564 5464
10479 2 2 109 109 5462 5564 5523
10480 2 2 109 109 5492 5565 5516
10481 2 2 109 109 5514 5565 5494
10482 2 2 109 109 5468 5566 5469
10483 2 2 109 109 5536 5566 5483
10484 2 2 109 109 5487 5567 5490
10485 2 2 109 109 5516 5567 5489
10486 2 2 109 109 486 5421 485
10487 2 2 109 109 443 5404 444
10488 2 2 109 109 488 5406 487
10489 2 2 109 109 493 5407 492
10490 2 2 109 109 496 5415 495
10491 2 2 109 109 505 5540 504
10492 2 2 109 109 441 5416 442
10493 2 2 109 109 490 5417 489
10494 2 2 109 109 435 5419 436
10495 2 2 109 109 450 5405 451
10496 2 2 109 109 452 5426 453
10497 2 2 109 109 456 5427 457
10498 2 2 109 109 464 5418 465
10499 2 2 109 109 468 5420 469
10500 2 2 109 109 482 5432 481
10501 2 2 109 109 484 5411 483
10502 2 2 109 109 498 5424 497
10503 2 2 109 109 500 5408 499
10504 2 2 109 109 504 5409 503
10505 2 2 109 109 511 5410 510
10506 2 2 109 109 517 5433 516
10507 2 2 109 109 447 5400 448
10508 2 2 109 109 454 5401 455
10509 2 2 109 109 458 5402 459
10510 2 2 109 109 502 5422 501
10511 2 2 109 109 506 5423 505
10512 2 2 109 109 509 5542 508
10513 2 2 109 109 445 5425 446
10514 2 2 109 109 438 5403 439
10515 2 2 109 109 513 5412 512
10516 2 2 109 109 442 5541 443
10517 2 2 109 109 507 5434 506
10518 2 2 109 109 461 5398 462
10519 2 2 109 109 466 5399 467
10520 2 2 109 109 508 5413 507
10521 2 2 109 109 515 5414 514
10522 2 2 109 109 503 5543 502
10523 2 2 109 109 5450 5546 5448
10524 2 2 109 109 5453 5568 5454
10525 2 2 109 109 5472 5568 5532
10526 2 2 109 109 5405 5601 5524
10527 2 2 109 109 501 5545 500
10528 2 2 109 109 5416 5613 5541
10529 2 2 109 109 5456 5552 5452
10530 2 2 109 109 5413 5435 5434
10531 2 2 109 109 483 5547 482
10532 2 2 109 109 5502 5556 5500
10533 2 2 109 109 499 5548 498
10534 2 2 109 109 5460 5558 5458
10535 2 2 109 109 5509 5562 5511
10536 2 2 109 109 510 5550 509
10537 2 2 109 109 5498 5563 5496
10538 2 2 109 109 485 5551 484
10539 2 2 109 109 497 5553 496
10540 2 2 109 109 5464 5564 5462
10541 2 2 109 109 5494 5565 5492
10542 2 2 109 109 5532 5570 5474
10543 2 2 109 109 5476 5570 5531
10544 2 2 109 109 487 5554 486
10545 2 2 109 109 495 5555 494
10546 2 2 109 109 5483 5566 5468
10547 2 2 109 109 5489 5567 5487
10548 2 2 109 109 506 5434 5423
10549 2 2 109 109 443 5541 5404
10550 2 2 109 109 504 5540 5409
10551 2 2 109 109 5416 5541 442
10552 2 2 109 109 5423 5540 505
10553 2 2 109 109 5413 5434 507
10554 2 2 109 109 508 5542 5413
10555 2 2 109 109 494 5557 493
10556 2 2 109 109 502 5543 5422
10557 2 2 109 109 5409 5543 503
10558 2 2 109 109 5413 5542 5436
10559 2 2 109 109 489 5559 488
10560 2 2 109 109 492 5560 491
10561 2 2 109 109 491 5561 490
10562 2 2 109 109 521 5549 520
10563 2 2 109 109 479 5429 478
10564 2 2 109 109 520 5428 519
10565 2 2 109 109 522 5430 521
10566 2 2 109 109 477 5431 476
10567 2 2 109 109 5574 5576 5529
10568 2 2 109 109 500 5545 5408
10569 2 2 109 109 5422 5545 501
10570 2 2 109 109 5542 5550 5453
10571 2 2 109 109 482 5547 5432
10572 2 2 109 109 5411 5547 483
10573 2 2 109 109 498 5548 5424
10574 2 2 109 109 5408 5548 499
10575 2 2 109 109 5410 5550 510
10576 2 2 109 109 509 5550 5542
10577 2 2 109 109 5421 5551 485
10578 2 2 109 109 484 5551 5411
10579 2 2 109 109 496 5553 5415
10580 2 2 109 109 5424 5553 497
10581 2 2 109 109 486 5554 5421
10582 2 2 109 109 5406 5554 487
10583 2 2 109 109 5415 5555 495
10584 2 2 109 109 5410 5569 5532
10585 2 2 109 109 493 5557 5407
10586 2 2 109 109 5417 5559 489
10587 2 2 109 109 488 5559 5406
10588 2 2 109 109 5454 5568 5472
10589 2 2 109 109 5407 5560 492
10590 2 2 109 109 490 5561 5417
10591 2 2 109 109 439 5571 440
10592 2 2 109 109 5531 5573 5478
10593 2 2 109 109 5480 5573 5529
10594 2 2 109 109 5412 5572 5531
10595 2 2 109 109 5414 5574 5529
10596 2 2 109 109 5524 5599 5405
10597 2 2 109 109 5555 5557 494
10598 2 2 109 109 5560 5561 491
10599 2 2 109 109 511 5569 5410
10600 2 2 109 109 5412 5569 512
10601 2 2 109 109 512 5569 511
10602 2 2 109 109 436 5575 437
10603 2 2 109 109 5414 5572 514
10604 2 2 109 109 513 5572 5412
10605 2 2 109 109 5474 5570 5476
10606 2 2 109 109 520 5549 5428
10607 2 2 109 109 5430 5549 521
10608 2 2 109 109 5433 5574 516
10609 2 2 109 109 515 5574 5414
10610 2 2 109 109 434 5578 435
10611 2 2 109 109 469 5577 470
10612 2 2 109 109 5429 5580 5562
10613 2 2 109 109 5403 5612 5605
10614 2 2 109 109 514 5572 513
10615 2 2 109 109 5403 5571 439
10616 2 2 109 109 5400 5606 5537
10617 2 2 109 109 5478 5573 5480
10618 2 2 109 109 516 5574 515
10619 2 2 109 109 5537 5603 5400
10620 2 2 109 109 5403 5605 5571
10621 2 2 109 109 5529 5576 5504
10622 2 2 109 109 5425 5609 5528
10623 2 2 109 109 5575 5610 437
10624 2 2 109 109 5428 5579 519
10625 2 2 109 109 479 5580 5429
10626 2 2 109 109 5419 5575 436
10627 2 2 109 109 5481 5582 5521
10628 2 2 109 109 5477 5584 5519
10629 2 2 109 109 5521 5584 5479
10630 2 2 109 109 5473 5586 5534
10631 2 2 109 109 5519 5586 5475
10632 2 2 109 109 5419 5608 5600
10633 2 2 109 109 5533 5589 5518
10634 2 2 109 109 5510 5589 5470
10635 2 2 109 109 5513 5592 5441
10636 2 2 109 109 5443 5592 5515
10637 2 2 109 109 5515 5594 5445
10638 2 2 109 109 5447 5594 5517
10639 2 2 109 109 5429 5581 478
10640 2 2 109 109 477 5581 5431
10641 2 2 109 109 5517 5596 5449
10642 2 2 109 109 5451 5596 5522
10643 2 2 109 109 5522 5598 5455
10644 2 2 109 109 5457 5598 5524
10645 2 2 109 109 5506 5600 5501
10646 2 2 109 109 5524 5601 5459
10647 2 2 109 109 5461 5601 5508
10648 2 2 109 109 5505 5605 5495
10649 2 2 109 109 5528 5607 5425
10650 2 2 109 109 5467 5606 5528
10651 2 2 109 109 5537 5606 5465
10652 2 2 109 109 5528 5609 5482
10653 2 2 109 109 5499 5612 5506
10654 2 2 109 109 5493 5615 5505
10655 2 2 109 109 5571 5614 440
10656 2 2 109 109 435 5578 5419
10657 2 2 109 109 5420 5577 469
10658 2 2 109 109 5507 5616 5549
10659 2 2 109 109 5484 5609 5539
10660 2 2 109 109 5539 5611 5486
10661 2 2 109 109 5404 5611 5539
10662 2 2 109 109 480 5580 479
10663 2 2 109 109 519 5579 518
10664 2 2 109 109 468 5583 5420
10665 2 2 109 109 5399 5583 467
10666 2 2 109 109 5418 5585 465
10667 2 2 109 109 466 5585 5399
10668 2 2 109 109 5562 5622 5429
10669 2 2 109 109 464 5587 5418
10670 2 2 109 109 5398 5588 462
10671 2 2 109 109 461 5590 5398
10672 2 2 109 109 5549 5617 5507
10673 2 2 109 109 5402 5591 459
10674 2 2 109 109 5562 5580 5432
10675 2 2 109 109 458 5593 5402
10676 2 2 109 109 5427 5593 457
10677 2 2 109 109 5401 5595 455
10678 2 2 109 109 456 5595 5427
10679 2 2 109 109 454 5597 5401
10680 2 2 109 109 5426 5597 453
10681 2 2 109 109 5405 5599 451
10682 2 2 109 109 452 5599 5426
10683 2 2 109 109 450 5602 5405
10684 2 2 109 109 5400 5603 448
10685 2 2 109 109 5404 5604 444
10686 2 2 109 109 445 5604 5425
10687 2 2 109 109 447 5607 5400
10688 2 2 109 109 5425 5607 446
10689 2 2 109 109 438 5610 5403
10690 2 2 109 109 441 5614 5416
10691 2 2 109 109 5539 5604 5404
10692 2 2 109 109 5506 5610 5575
10693 2 2 109 109 5571 5605 5505
10694 2 2 109 109 5509 5622 5562
10695 2 2 109 109 5505 5614 5571
10696 2 2 109 109 5419 5600 5575
10697 2 2 109 109 17 5618 434
10698 2 2 109 109 470 5619 18
10699 2 2 109 109 5549 5616 5428
10700 2 2 109 109 476 5618 17
10701 2 2 109 109 18 5619 522
10702 2 2 109 109 478 5581 477
10703 2 2 109 109 481 5621 19
10704 2 2 109 109 20 5620 517
10705 2 2 109 109 5575 5600 5506
10706 2 2 109 109 19 5621 480
10707 2 2 109 109 518 5620 20
10708 2 2 109 109 5430 5617 5549
10709 2 2 109 109 5578 5608 5419
10710 2 2 109 109 5576 5616 5504
10711 2 2 109 109 5507 5582 5481
10712 2 2 109 109 5479 5584 5477
10713 2 2 109 109 467 5583 468
10714 2 2 109 109 5475 5586 5473
10715 2 2 109 109 465 5585 466
10716 2 2 109 109 463 5587 464
10717 2 2 109 109 5470 5589 5533
10718 2 2 109 109 462 5588 463
10719 2 2 109 109 5441 5592 5443
10720 2 2 109 109 460 5590 461
10721 2 2 109 109 459 5591 460
10722 2 2 109 109 463 5588 5587
10723 2 2 109 109 5445 5594 5447
10724 2 2 109 109 457 5593 458
10725 2 2 109 109 5449 5596 5451
10726 2 2 109 109 5455 5598 5457
10727 2 2 109 109 455 5595 456
10728 2 2 109 109 460 5591 5590
10729 2 2 109 109 5501 5600 5503
10730 2 2 109 109 5459 5601 5461
10731 2 2 109 109 453 5597 454
10732 2 2 109 109 5600 5608 5503
10733 2 2 109 109 5495 5605 5497
10734 2 2 109 109 5465 5606 5467
10735 2 2 109 109 5503 5608 5520
10736 2 2 109 109 5605 5612 5497
10737 2 2 109 109 5482 5609 5484
10738 2 2 109 109 451 5599 452
10739 2 2 109 109 5486 5611 5488
10740 2 2 109 109 5497 5612 5499
10741 2 2 109 109 5611 5613 5488
10742 2 2 109 109 5488 5613 5491
10743 2 2 109 109 5613 5615 5491
10744 2 2 109 109 5491 5615 5493
10745 2 2 109 109 449 5602 450
10746 2 2 109 109 448 5603 449
10747 2 2 109 109 444 5604 445
10748 2 2 109 109 446 5607 447
10749 2 2 109 109 437 5610 438
10750 2 2 109 109 440 5614 441
10751 2 2 109 109 449 5603 5602
10752 2 2 109 109 434 5618 5578
10753 2 2 109 109 5577 5619 470
10754 2 2 109 109 5504 5616 5507
10755 2 2 109 109 5429 5622 5581
10756 2 2 109 109 5432 5621 481
10757 2 2 109 109 517 5620 5433
10758 2 2 109 109 5577 5617 5430
10759 2 2 109 109 5520 5622 5509
10760 2 2 109 109 5431 5618 476
10761 2 2 109 109 522 5619 5430
10762 2 2 109 109 5578 5618 5431
10763 2 2 109 109 5430 5619 5577
10764 2 2 109 109 5581 5622 5520
10765 2 2 109 109 5579 5620 518
10766 2 2 109 109 480 5621 5580
10767 2 2 109 109 5433 5620 5579
10768 2 2 109 109 5580 5621 5432
10769 2 2 109 109 5507 5617 5582
10770 2 2 110 110 5728 5764 5761
10771 2 2 110 110 5761 5764 5644
10772 2 2 110 110 5801 5806 5644
10773 2 2 110 110 5758 5772 5728
10774 2 2 110 110 5728 5772 5764
10775 2 2 110 110 5644 5806 5761
10776 2 2 110 110 5656 5756 5755
10777 2 2 110 110 5758 5777 5628
10778 2 2 110 110 5628 5772 5758
10779 2 2 110 110 5774 5777 5720
10780 2 2 110 110 5628 5777 5774
10781 2 2 110 110 5760 5778 5720
10782 2 2 110 110 5748 5832 5830
10783 2 2 110 110 5830 5832 5636
10784 2 2 110 110 5720 5778 5774
10785 2 2 110 110 5647 5827 5746
10786 2 2 110 110 5746 5829 5647
10787 2 2 110 110 5760 5784 5641
10788 2 2 110 110 5780 5784 5732
10789 2 2 110 110 5734 5809 5738
10790 2 2 110 110 5641 5784 5780
10791 2 2 110 110 5734 5810 5809
10792 2 2 110 110 5641 5778 5760
10793 2 2 110 110 5632 5822 5745
10794 2 2 110 110 5785 5791 5733
10795 2 2 110 110 5732 5791 5629
10796 2 2 110 110 5745 5825 5632
10797 2 2 110 110 5629 5791 5785
10798 2 2 110 110 5629 5780 5732
10799 2 2 110 110 5729 5806 5781
10800 2 2 110 110 5787 5795 5735
10801 2 2 110 110 5730 5839 5837
10802 2 2 110 110 5649 5795 5787
10803 2 2 110 110 5648 5818 5743
10804 2 2 110 110 5837 5839 5640
10805 2 2 110 110 5733 5795 5649
10806 2 2 110 110 5781 5847 5729
10807 2 2 110 110 5755 5840 5656
10808 2 2 110 110 5743 5820 5648
10809 2 2 110 110 5649 5785 5733
10810 2 2 110 110 5790 5797 5705
10811 2 2 110 110 5625 5797 5790
10812 2 2 110 110 5735 5797 5625
10813 2 2 110 110 5637 5816 5740
10814 2 2 110 110 5740 5817 5637
10815 2 2 110 110 5754 5808 5639
10816 2 2 110 110 5625 5787 5735
10817 2 2 110 110 5639 5807 5754
10818 2 2 110 110 5759 5792 5705
10819 2 2 110 110 5835 5838 5731
10820 2 2 110 110 5634 5838 5835
10821 2 2 110 110 5638 5813 5737
10822 2 2 110 110 5705 5792 5790
10823 2 2 110 110 5789 5798 5739
10824 2 2 110 110 5737 5814 5638
10825 2 2 110 110 5630 5798 5789
10826 2 2 110 110 5759 5798 5630
10827 2 2 110 110 5630 5792 5759
10828 2 2 110 110 5633 5811 5736
10829 2 2 110 110 5786 5796 5741
10830 2 2 110 110 5736 5812 5633
10831 2 2 110 110 5739 5796 5650
10832 2 2 110 110 5650 5796 5786
10833 2 2 110 110 5734 5811 5633
10834 2 2 110 110 5650 5789 5739
10835 2 2 110 110 5633 5810 5734
10836 2 2 110 110 5783 5794 5742
10837 2 2 110 110 5741 5794 5626
10838 2 2 110 110 5639 5808 5738
10839 2 2 110 110 5626 5794 5783
10840 2 2 110 110 5626 5786 5741
10841 2 2 110 110 5738 5809 5639
10842 2 2 110 110 5653 5755 5753
10843 2 2 110 110 5736 5813 5638
10844 2 2 110 110 5742 5788 5651
10845 2 2 110 110 5779 5788 5744
10846 2 2 110 110 5651 5788 5779
10847 2 2 110 110 5638 5812 5736
10848 2 2 110 110 5651 5783 5742
10849 2 2 110 110 5754 5807 5658
10850 2 2 110 110 5744 5782 5627
10851 2 2 110 110 5776 5782 5678
10852 2 2 110 110 5627 5782 5776
10853 2 2 110 110 5753 5841 5653
10854 2 2 110 110 5656 5802 5756
10855 2 2 110 110 5737 5816 5637
10856 2 2 110 110 5627 5779 5744
10857 2 2 110 110 5757 5773 5678
10858 2 2 110 110 5637 5814 5737
10859 2 2 110 110 5757 5775 5623
10860 2 2 110 110 5773 5776 5678
10861 2 2 110 110 5768 5775 5747
10862 2 2 110 110 5834 5836 5767
10863 2 2 110 110 5623 5775 5768
10864 2 2 110 110 5623 5773 5757
10865 2 2 110 110 5747 5771 5643
10866 2 2 110 110 5740 5818 5648
10867 2 2 110 110 5652 5834 5767
10868 2 2 110 110 5663 5749 5667
10869 2 2 110 110 5765 5771 5749
10870 2 2 110 110 5836 5837 5640
10871 2 2 110 110 5658 5841 5754
10872 2 2 110 110 5660 5749 5663
10873 2 2 110 110 5643 5771 5765
10874 2 2 110 110 5749 5771 5667
10875 2 2 110 110 5643 5768 5747
10876 2 2 110 110 5648 5817 5740
10877 2 2 110 110 5661 5793 5769
10878 2 2 110 110 5738 5750 5665
10879 2 2 110 110 5665 5750 5662
10880 2 2 110 110 5675 5757 5678
10881 2 2 110 110 5682 5683 5681
10882 2 2 110 110 5684 5685 5683
10883 2 2 110 110 5692 5693 5691
10884 2 2 110 110 5694 5695 5693
10885 2 2 110 110 5698 5699 5697
10886 2 2 110 110 5700 5701 5699
10887 2 2 110 110 5702 5703 5701
10888 2 2 110 110 5704 5706 5703
10889 2 2 110 110 5709 5710 5708
10890 2 2 110 110 5719 5721 5718
10891 2 2 110 110 5724 5725 5723
10892 2 2 110 110 5694 5696 5695
10893 2 2 110 110 5686 5688 5687
10894 2 2 110 110 5703 5730 5701
10895 2 2 110 110 5709 5711 5710
10896 2 2 110 110 5710 5731 5708
10897 2 2 110 110 5715 5760 5717
10898 2 2 110 110 5688 5690 5689
10899 2 2 110 110 5688 5741 5690
10900 2 2 110 110 5696 5698 5697
10901 2 2 110 110 5696 5759 5698
10902 2 2 110 110 5695 5748 5693
10903 2 2 110 110 5722 5758 5724
10904 2 2 110 110 5687 5745 5685
10905 2 2 110 110 5715 5717 5716
10906 2 2 110 110 5724 5728 5726
10907 2 2 110 110 5680 5682 5681
10908 2 2 110 110 5711 5713 5712
10909 2 2 110 110 5680 5744 5682
10910 2 2 110 110 5682 5684 5683
10911 2 2 110 110 5684 5686 5685
10912 2 2 110 110 5713 5715 5714
10913 2 2 110 110 5719 5722 5721
10914 2 2 110 110 5724 5726 5725
10915 2 2 110 110 5726 5729 5727
10916 2 2 110 110 5690 5692 5691
10917 2 2 110 110 5692 5694 5693
10918 2 2 110 110 5702 5735 5704
10919 2 2 110 110 5698 5700 5699
10920 2 2 110 110 5700 5702 5701
10921 2 2 110 110 5702 5704 5703
10922 2 2 110 110 5704 5707 5706
10923 2 2 110 110 5707 5733 5709
10924 2 2 110 110 5717 5720 5719
10925 2 2 110 110 5707 5709 5708
10926 2 2 110 110 5717 5719 5718
10927 2 2 110 110 5686 5687 5685
10928 2 2 110 110 5688 5689 5687
10929 2 2 110 110 5690 5691 5689
10930 2 2 110 110 5696 5697 5695
10931 2 2 110 110 5698 5759 5705
10932 2 2 110 110 5707 5708 5706
10933 2 2 110 110 5711 5712 5710
10934 2 2 110 110 5713 5714 5712
10935 2 2 110 110 5715 5716 5714
10936 2 2 110 110 5717 5718 5716
10937 2 2 110 110 5717 5760 5720
10938 2 2 110 110 5724 5758 5728
10939 2 2 110 110 5726 5727 5725
10940 2 2 110 110 5722 5724 5723
10941 2 2 110 110 5711 5732 5713
10942 2 2 110 110 5698 5705 5700
10943 2 2 110 110 5683 5743 5681
10944 2 2 110 110 5684 5742 5686
10945 2 2 110 110 5691 5746 5689
10946 2 2 110 110 5692 5739 5694
10947 2 2 110 110 5722 5723 5721
10948 2 2 110 110 5680 5681 5679
10949 2 2 110 110 5677 5680 5679
10950 2 2 110 110 5679 5740 5676
10951 2 2 110 110 5677 5679 5676
10952 2 2 110 110 5675 5678 5677
10953 2 2 110 110 5675 5677 5676
10954 2 2 110 110 5675 5676 5674
10955 2 2 110 110 5673 5757 5675
10956 2 2 110 110 5674 5737 5672
10957 2 2 110 110 5673 5675 5674
10958 2 2 110 110 5673 5674 5672
10959 2 2 110 110 5671 5673 5672
10960 2 2 110 110 5669 5747 5671
10961 2 2 110 110 5671 5672 5670
10962 2 2 110 110 5670 5736 5668
10963 2 2 110 110 5669 5671 5670
10964 2 2 110 110 5755 5756 5752
10965 2 2 110 110 5669 5670 5668
10966 2 2 110 110 5667 5669 5668
10967 2 2 110 110 5753 5755 5752
10968 2 2 110 110 5751 5754 5753
10969 2 2 110 110 5667 5668 5666
10970 2 2 110 110 5734 5738 5665
10971 2 2 110 110 5751 5753 5752
10972 2 2 110 110 5751 5752 5664
10973 2 2 110 110 5666 5734 5665
10974 2 2 110 110 5663 5667 5666
10975 2 2 110 110 5663 5666 5665
10976 2 2 110 110 5750 5751 5664
10977 2 2 110 110 5662 5750 5664
10978 2 2 110 110 5663 5665 5662
10979 2 2 110 110 5662 5664 5661
10980 2 2 110 110 5660 5663 5662
10981 2 2 110 110 5767 5836 5640
10982 2 2 110 110 5660 5662 5661
10983 2 2 110 110 5653 5841 5803
10984 2 2 110 110 5728 5761 5726
10985 2 2 110 110 5669 5771 5747
10986 2 2 110 110 5660 5661 5624
10987 2 2 110 110 5659 5749 5660
10988 2 2 110 110 5645 5793 5756
10989 2 2 110 110 5747 5775 5671
10990 2 2 110 110 5673 5775 5757
10991 2 2 110 110 5722 5777 5758
10992 2 2 110 110 5720 5777 5719
10993 2 2 110 110 5726 5761 5729
10994 2 2 110 110 5667 5771 5669
10995 2 2 110 110 5678 5782 5677
10996 2 2 110 110 5680 5782 5744
10997 2 2 110 110 5732 5784 5713
10998 2 2 110 110 5715 5784 5760
10999 2 2 110 110 5769 5793 5645
11000 2 2 110 110 5684 5788 5742
11001 2 2 110 110 5744 5788 5682
11002 2 2 110 110 5657 5846 5805
11003 2 2 110 110 5733 5791 5709
11004 2 2 110 110 5711 5791 5732
11005 2 2 110 110 5664 5793 5661
11006 2 2 110 110 5756 5793 5752
11007 2 2 110 110 5742 5794 5686
11008 2 2 110 110 5688 5794 5741
11009 2 2 110 110 5707 5795 5733
11010 2 2 110 110 5735 5795 5704
11011 2 2 110 110 5741 5796 5690
11012 2 2 110 110 5692 5796 5739
11013 2 2 110 110 5705 5797 5700
11014 2 2 110 110 5702 5797 5735
11015 2 2 110 110 5739 5798 5694
11016 2 2 110 110 5696 5798 5759
11017 2 2 110 110 533 5646 532
11018 2 2 110 110 490 5629 491
11019 2 2 110 110 535 5631 534
11020 2 2 110 110 540 5634 539
11021 2 2 110 110 543 5640 542
11022 2 2 110 110 488 5641 489
11023 2 2 110 110 537 5642 536
11024 2 2 110 110 482 5644 483
11025 2 2 110 110 483 5764 484
11026 2 2 110 110 497 5630 498
11027 2 2 110 110 499 5650 500
11028 2 2 110 110 503 5651 504
11029 2 2 110 110 510 5643 511
11030 2 2 110 110 511 5765 512
11031 2 2 110 110 515 5645 516
11032 2 2 110 110 529 5657 528
11033 2 2 110 110 531 5635 530
11034 2 2 110 110 544 5767 543
11035 2 2 110 110 545 5652 544
11036 2 2 110 110 547 5636 546
11037 2 2 110 110 551 5632 550
11038 2 2 110 110 559 5633 558
11039 2 2 110 110 564 5658 563
11040 2 2 110 110 494 5625 495
11041 2 2 110 110 501 5626 502
11042 2 2 110 110 505 5627 506
11043 2 2 110 110 549 5647 548
11044 2 2 110 110 553 5648 552
11045 2 2 110 110 508 5623 509
11046 2 2 110 110 513 5624 514
11047 2 2 110 110 492 5649 493
11048 2 2 110 110 485 5628 486
11049 2 2 110 110 512 5659 513
11050 2 2 110 110 534 5762 533
11051 2 2 110 110 509 5768 510
11052 2 2 110 110 514 5769 515
11053 2 2 110 110 555 5637 554
11054 2 2 110 110 557 5638 556
11055 2 2 110 110 562 5639 561
11056 2 2 110 110 536 5763 535
11057 2 2 110 110 530 5766 529
11058 2 2 110 110 532 5770 531
11059 2 2 110 110 5671 5775 5673
11060 2 2 110 110 484 5772 485
11061 2 2 110 110 5719 5777 5722
11062 2 2 110 110 507 5773 508
11063 2 2 110 110 5743 5822 5632
11064 2 2 110 110 486 5774 487
11065 2 2 110 110 506 5776 507
11066 2 2 110 110 5677 5782 5680
11067 2 2 110 110 5659 5660 5624
11068 2 2 110 110 487 5778 488
11069 2 2 110 110 5713 5784 5715
11070 2 2 110 110 504 5779 505
11071 2 2 110 110 5682 5788 5684
11072 2 2 110 110 489 5780 490
11073 2 2 110 110 5709 5791 5711
11074 2 2 110 110 5752 5793 5664
11075 2 2 110 110 502 5783 503
11076 2 2 110 110 5686 5794 5688
11077 2 2 110 110 5704 5795 5707
11078 2 2 110 110 491 5785 492
11079 2 2 110 110 5690 5796 5692
11080 2 2 110 110 5700 5797 5702
11081 2 2 110 110 500 5786 501
11082 2 2 110 110 5694 5798 5696
11083 2 2 110 110 533 5762 5646
11084 2 2 110 110 535 5763 5631
11085 2 2 110 110 510 5768 5643
11086 2 2 110 110 515 5769 5645
11087 2 2 110 110 529 5766 5657
11088 2 2 110 110 5652 5767 544
11089 2 2 110 110 5643 5765 511
11090 2 2 110 110 5623 5768 509
11091 2 2 110 110 5631 5762 534
11092 2 2 110 110 5642 5763 536
11093 2 2 110 110 5624 5769 514
11094 2 2 110 110 5635 5766 530
11095 2 2 110 110 5646 5770 532
11096 2 2 110 110 5644 5764 483
11097 2 2 110 110 513 5659 5624
11098 2 2 110 110 512 5765 5659
11099 2 2 110 110 531 5770 5635
11100 2 2 110 110 543 5767 5640
11101 2 2 110 110 493 5787 494
11102 2 2 110 110 485 5772 5628
11103 2 2 110 110 5764 5772 484
11104 2 2 110 110 5661 5769 5624
11105 2 2 110 110 5659 5765 5749
11106 2 2 110 110 498 5789 499
11107 2 2 110 110 495 5790 496
11108 2 2 110 110 496 5792 497
11109 2 2 110 110 508 5773 5623
11110 2 2 110 110 5657 5805 5804
11111 2 2 110 110 524 5655 523
11112 2 2 110 110 525 5781 524
11113 2 2 110 110 526 5654 525
11114 2 2 110 110 567 5653 566
11115 2 2 110 110 569 5656 568
11116 2 2 110 110 5628 5774 486
11117 2 2 110 110 5627 5776 506
11118 2 2 110 110 488 5778 5641
11119 2 2 110 110 507 5776 5773
11120 2 2 110 110 5651 5779 504
11121 2 2 110 110 505 5779 5627
11122 2 2 110 110 490 5780 5629
11123 2 2 110 110 5641 5780 489
11124 2 2 110 110 503 5783 5651
11125 2 2 110 110 5626 5783 502
11126 2 2 110 110 5774 5778 487
11127 2 2 110 110 492 5785 5649
11128 2 2 110 110 5629 5785 491
11129 2 2 110 110 501 5786 5626
11130 2 2 110 110 5650 5786 500
11131 2 2 110 110 5649 5787 493
11132 2 2 110 110 494 5787 5625
11133 2 2 110 110 499 5789 5650
11134 2 2 110 110 5630 5789 498
11135 2 2 110 110 5625 5790 495
11136 2 2 110 110 497 5792 5630
11137 2 2 110 110 5632 5820 5743
11138 2 2 110 110 5790 5792 496
11139 2 2 110 110 538 5800 537
11140 2 2 110 110 540 5799 5634
11141 2 2 110 110 5655 5806 5801
11142 2 2 110 110 541 5799 540
11143 2 2 110 110 5745 5827 5647
11144 2 2 110 110 5815 5838 5634
11145 2 2 110 110 524 5781 5655
11146 2 2 110 110 5654 5781 525
11147 2 2 110 110 481 5801 482
11148 2 2 110 110 516 5802 517
11149 2 2 110 110 5799 5815 5634
11150 2 2 110 110 5804 5805 5654
11151 2 2 110 110 5766 5846 5657
11152 2 2 110 110 5647 5825 5745
11153 2 2 110 110 5746 5830 5636
11154 2 2 110 110 5756 5802 5645
11155 2 2 110 110 537 5800 5642
11156 2 2 110 110 5823 5833 5642
11157 2 2 110 110 5729 5847 5727
11158 2 2 110 110 526 5804 5654
11159 2 2 110 110 5653 5803 566
11160 2 2 110 110 5636 5829 5746
11161 2 2 110 110 5763 5833 5831
11162 2 2 110 110 538 5835 5800
11163 2 2 110 110 5727 5847 5805
11164 2 2 110 110 5738 5808 5750
11165 2 2 110 110 5751 5808 5754
11166 2 2 110 110 5748 5834 5652
11167 2 2 110 110 5666 5811 5734
11168 2 2 110 110 5736 5811 5668
11169 2 2 110 110 5670 5813 5736
11170 2 2 110 110 5737 5813 5672
11171 2 2 110 110 5703 5815 5730
11172 2 2 110 110 5674 5816 5737
11173 2 2 110 110 5740 5816 5676
11174 2 2 110 110 5679 5818 5740
11175 2 2 110 110 5743 5818 5681
11176 2 2 110 110 5642 5833 5763
11177 2 2 110 110 5745 5822 5685
11178 2 2 110 110 5683 5822 5743
11179 2 2 110 110 5631 5831 5828
11180 2 2 110 110 5710 5823 5731
11181 2 2 110 110 5687 5827 5745
11182 2 2 110 110 5746 5827 5689
11183 2 2 110 110 5748 5830 5693
11184 2 2 110 110 5691 5830 5746
11185 2 2 110 110 5695 5834 5748
11186 2 2 110 110 5730 5837 5701
11187 2 2 110 110 5731 5838 5708
11188 2 2 110 110 482 5801 5644
11189 2 2 110 110 5645 5802 516
11190 2 2 110 110 527 5804 526
11191 2 2 110 110 566 5803 565
11192 2 2 110 110 5762 5828 5826
11193 2 2 110 110 5763 5831 5631
11194 2 2 110 110 5658 5807 563
11195 2 2 110 110 562 5807 5639
11196 2 2 110 110 5652 5832 5748
11197 2 2 110 110 5800 5823 5642
11198 2 2 110 110 5781 5806 5655
11199 2 2 110 110 5639 5809 561
11200 2 2 110 110 559 5810 5633
11201 2 2 110 110 557 5812 5638
11202 2 2 110 110 5633 5812 558
11203 2 2 110 110 555 5814 5637
11204 2 2 110 110 5638 5814 556
11205 2 2 110 110 5637 5817 554
11206 2 2 110 110 553 5817 5648
11207 2 2 110 110 551 5820 5632
11208 2 2 110 110 5648 5820 552
11209 2 2 110 110 5632 5825 550
11210 2 2 110 110 549 5825 5647
11211 2 2 110 110 547 5829 5636
11212 2 2 110 110 5647 5829 548
11213 2 2 110 110 545 5832 5652
11214 2 2 110 110 5636 5832 546
11215 2 2 110 110 5634 5835 539
11216 2 2 110 110 5640 5839 542
11217 2 2 110 110 5646 5826 5824
11218 2 2 110 110 5653 5840 5755
11219 2 2 110 110 5631 5828 5762
11220 2 2 110 110 5730 5815 5799
11221 2 2 110 110 5800 5835 5731
11222 2 2 110 110 5654 5847 5781
11223 2 2 110 110 5770 5824 5821
11224 2 2 110 110 19 5842 481
11225 2 2 110 110 517 5843 20
11226 2 2 110 110 5761 5806 5729
11227 2 2 110 110 523 5842 19
11228 2 2 110 110 20 5843 569
11229 2 2 110 110 5762 5826 5646
11230 2 2 110 110 5731 5823 5800
11231 2 2 110 110 22 5844 564
11232 2 2 110 110 528 5845 21
11233 2 2 110 110 541 5839 5799
11234 2 2 110 110 565 5844 22
11235 2 2 110 110 21 5845 527
11236 2 2 110 110 5635 5821 5819
11237 2 2 110 110 5656 5840 568
11238 2 2 110 110 567 5840 5653
11239 2 2 110 110 5646 5824 5770
11240 2 2 110 110 5799 5839 5730
11241 2 2 110 110 5770 5821 5635
11242 2 2 110 110 5635 5819 5766
11243 2 2 110 110 5750 5808 5751
11244 2 2 110 110 563 5807 562
11245 2 2 110 110 5668 5811 5666
11246 2 2 110 110 561 5809 560
11247 2 2 110 110 560 5810 559
11248 2 2 110 110 5672 5813 5670
11249 2 2 110 110 5706 5815 5703
11250 2 2 110 110 558 5812 557
11251 2 2 110 110 5676 5816 5674
11252 2 2 110 110 5681 5818 5679
11253 2 2 110 110 556 5814 555
11254 2 2 110 110 5727 5819 5725
11255 2 2 110 110 5809 5810 560
11256 2 2 110 110 5819 5821 5725
11257 2 2 110 110 5706 5838 5815
11258 2 2 110 110 5725 5821 5723
11259 2 2 110 110 5685 5822 5683
11260 2 2 110 110 5821 5824 5723
11261 2 2 110 110 5712 5823 5710
11262 2 2 110 110 5723 5824 5721
11263 2 2 110 110 5824 5826 5721
11264 2 2 110 110 554 5817 553
11265 2 2 110 110 5721 5826 5718
11266 2 2 110 110 5689 5827 5687
11267 2 2 110 110 5826 5828 5718
11268 2 2 110 110 5712 5833 5823
11269 2 2 110 110 5718 5828 5716
11270 2 2 110 110 5828 5831 5716
11271 2 2 110 110 5693 5830 5691
11272 2 2 110 110 5716 5831 5714
11273 2 2 110 110 5831 5833 5714
11274 2 2 110 110 5714 5833 5712
11275 2 2 110 110 552 5820 551
11276 2 2 110 110 5697 5834 5695
11277 2 2 110 110 5697 5836 5834
11278 2 2 110 110 5699 5836 5697
11279 2 2 110 110 5699 5837 5836
11280 2 2 110 110 5701 5837 5699
11281 2 2 110 110 5708 5838 5706
11282 2 2 110 110 550 5825 549
11283 2 2 110 110 548 5829 547
11284 2 2 110 110 546 5832 545
11285 2 2 110 110 539 5835 538
11286 2 2 110 110 542 5839 541
11287 2 2 110 110 568 5840 567
11288 2 2 110 110 5754 5841 5753
11289 2 2 110 110 481 5842 5801
11290 2 2 110 110 5802 5843 517
11291 2 2 110 110 564 5844 5658
11292 2 2 110 110 5657 5845 528
11293 2 2 110 110 5803 5841 5658
11294 2 2 110 110 5655 5842 523
11295 2 2 110 110 569 5843 5656
11296 2 2 110 110 5805 5846 5727
11297 2 2 110 110 5805 5847 5654
11298 2 2 110 110 5656 5843 5802
11299 2 2 110 110 5801 5842 5655
11300 2 2 110 110 5819 5846 5766
11301 2 2 110 110 5803 5844 565
11302 2 2 110 110 527 5845 5804
11303 2 2 110 110 5658 5844 5803
11304 2 2 110 110 5804 5845 5657
11305 2 2 110 110 5727 5846 5819
11306 2 2 111 111 28 6021 620
11307 2 2 111 111 5900 5902 5854
11308 2 2 111 111 953 5900 5854
11309 2 2 111 111 558 5927 559
11310 2 2 111 111 644 5921 643
11311 2 2 111 111 957 6021 28
11312 2 2 111 111 5903 6015 5854
11313 2 2 111 111 5971 5980 5914
11314 2 2 111 111 5880 6014 5989
11315 2 2 111 111 6025 6037 5926
11316 2 2 111 111 6018 6020 5988
11317 2 2 111 111 5887 6037 6025
11318 2 2 111 111 5920 6032 5860
11319 2 2 111 111 5925 6020 6018
11320 2 2 111 111 5981 6014 5880
11321 2 2 111 111 5858 5980 5971
11322 2 2 111 111 5857 6038 5931
11323 2 2 111 111 5923 5927 5918
11324 2 2 111 111 5863 5927 558
11325 2 2 111 111 559 5927 5856
11326 2 2 111 111 5931 5985 5857
11327 2 2 111 111 5970 6020 5924
11328 2 2 111 111 643 5921 5879
11329 2 2 111 111 5860 6017 5920
11330 2 2 111 111 5856 5923 5922
11331 2 2 111 111 5863 5970 5924
11332 2 2 111 111 5879 5920 5919
11333 2 2 111 111 954 5900 953
11334 2 2 111 111 958 5889 957
11335 2 2 111 111 5902 5903 5854
11336 2 2 111 111 5849 5990 5917
11337 2 2 111 111 5921 6032 5920
11338 2 2 111 111 5919 5990 5983
11339 2 2 111 111 5903 6034 6015
11340 2 2 111 111 5928 5984 5852
11341 2 2 111 111 5927 6039 5918
11342 2 2 111 111 5856 5927 5923
11343 2 2 111 111 5933 6029 5996
11344 2 2 111 111 5989 6014 5976
11345 2 2 111 111 5905 6010 5917
11346 2 2 111 111 5922 5975 5856
11347 2 2 111 111 5918 5924 5903
11348 2 2 111 111 6010 6024 5917
11349 2 2 111 111 5904 5923 5918
11350 2 2 111 111 5924 6020 5925
11351 2 2 111 111 5879 5921 5920
11352 2 2 111 111 5950 6013 5864
11353 2 2 111 111 5983 5990 5849
11354 2 2 111 111 592 6016 25
11355 2 2 111 111 26 6015 613
11356 2 2 111 111 644 6041 5921
11357 2 2 111 111 5922 6002 5975
11358 2 2 111 111 5996 6029 5950
11359 2 2 111 111 620 6021 5872
11360 2 2 111 111 5914 6038 5971
11361 2 2 111 111 5888 6028 5987
11362 2 2 111 111 6028 6043 5987
11363 2 2 111 111 5917 5934 5849
11364 2 2 111 111 5865 6012 5940
11365 2 2 111 111 5876 6004 5988
11366 2 2 111 111 5919 5983 5879
11367 2 2 111 111 5949 5950 5864
11368 2 2 111 111 5975 6002 5859
11369 2 2 111 111 5926 5980 5858
11370 2 2 111 111 5936 5939 5937
11371 2 2 111 111 5947 5949 5864
11372 2 2 111 111 5924 5925 5903
11373 2 2 111 111 5906 5923 5904
11374 2 2 111 111 5916 6037 5978
11375 2 2 111 111 611 5865 610
11376 2 2 111 111 595 5864 594
11377 2 2 111 111 5931 6038 5979
11378 2 2 111 111 5892 5979 5895
11379 2 2 111 111 5982 6019 5981
11380 2 2 111 111 959 5984 5850
11381 2 2 111 111 955 5913 5848
11382 2 2 111 111 5852 5984 960
11383 2 2 111 111 5862 6044 5932
11384 2 2 111 111 5940 6018 5988
11385 2 2 111 111 5893 5979 5892
11386 2 2 111 111 5988 6004 5941
11387 2 2 111 111 5932 5997 5862
11388 2 2 111 111 5913 6010 5848
11389 2 2 111 111 5931 5979 5893
11390 2 2 111 111 5919 5920 5911
11391 2 2 111 111 5899 5926 5916
11392 2 2 111 111 5909 5919 5911
11393 2 2 111 111 5911 5912 5910
11394 2 2 111 111 5899 5916 5915
11395 2 2 111 111 5909 5911 5910
11396 2 2 111 111 5899 5915 5898
11397 2 2 111 111 5940 5941 5939
11398 2 2 111 111 5922 5923 5906
11399 2 2 111 111 5909 5910 5908
11400 2 2 111 111 5897 5899 5898
11401 2 2 111 111 5865 5940 5939
11402 2 2 111 111 5937 5938 5882
11403 2 2 111 111 5885 5944 5943
11404 2 2 111 111 5948 5949 5947
11405 2 2 111 111 5907 5909 5908
11406 2 2 111 111 5908 5922 5906
11407 2 2 111 111 5897 5898 5896
11408 2 2 111 111 5895 5914 5897
11409 2 2 111 111 5930 5933 5932
11410 2 2 111 111 6006 6008 5963
11411 2 2 111 111 605 5886 604
11412 2 2 111 111 600 5942 599
11413 2 2 111 111 597 5881 596
11414 2 2 111 111 609 5882 608
11415 2 2 111 111 602 5951 601
11416 2 2 111 111 603 5874 602
11417 2 2 111 111 599 5883 598
11418 2 2 111 111 601 5885 600
11419 2 2 111 111 604 5952 603
11420 2 2 111 111 606 5954 605
11421 2 2 111 111 607 5884 606
11422 2 2 111 111 608 5956 607
11423 2 2 111 111 610 5936 609
11424 2 2 111 111 598 5945 597
11425 2 2 111 111 596 5947 595
11426 2 2 111 111 5865 5939 5936
11427 2 2 111 111 5889 6021 957
11428 2 2 111 111 5881 5948 5947
11429 2 2 111 111 5952 5953 5874
11430 2 2 111 111 5954 5955 5886
11431 2 2 111 111 5885 5943 5942
11432 2 2 111 111 5883 5946 5945
11433 2 2 111 111 5936 5937 5882
11434 2 2 111 111 5880 5982 5981
11435 2 2 111 111 609 5936 5882
11436 2 2 111 111 5881 5947 596
11437 2 2 111 111 597 5945 5881
11438 2 2 111 111 5886 5952 604
11439 2 2 111 111 599 5942 5883
11440 2 2 111 111 5884 5954 606
11441 2 2 111 111 5882 5956 608
11442 2 2 111 111 601 5951 5885
11443 2 2 111 111 5874 5951 602
11444 2 2 111 111 603 5952 5874
11445 2 2 111 111 605 5954 5886
11446 2 2 111 111 607 5956 5884
11447 2 2 111 111 5885 5942 600
11448 2 2 111 111 5883 5945 598
11449 2 2 111 111 5885 5951 5944
11450 2 2 111 111 5938 5956 5882
11451 2 2 111 111 5907 5908 5906
11452 2 2 111 111 5905 5917 5907
11453 2 2 111 111 5881 5960 5948
11454 2 2 111 111 5952 5957 5953
11455 2 2 111 111 5954 5958 5955
11456 2 2 111 111 5955 5957 5886
11457 2 2 111 111 5943 5959 5942
11458 2 2 111 111 5946 5960 5945
11459 2 2 111 111 5883 5959 5946
11460 2 2 111 111 5895 5897 5896
11461 2 2 111 111 5930 5932 5929
11462 2 2 111 111 5886 5957 5952
11463 2 2 111 111 5884 5958 5954
11464 2 2 111 111 5942 5959 5883
11465 2 2 111 111 5945 5960 5881
11466 2 2 111 111 553 5878 554
11467 2 2 111 111 540 5867 541
11468 2 2 111 111 538 5877 539
11469 2 2 111 111 542 5869 543
11470 2 2 111 111 547 5870 548
11471 2 2 111 111 549 5868 550
11472 2 2 111 111 551 5866 552
11473 2 2 111 111 536 5875 537
11474 2 2 111 111 528 5887 529
11475 2 2 111 111 530 5858 531
11476 2 2 111 111 543 5965 544
11477 2 2 111 111 544 5871 545
11478 2 2 111 111 545 5966 546
11479 2 2 111 111 546 5967 547
11480 2 2 111 111 557 5863 558
11481 2 2 111 111 563 5888 564
11482 2 2 111 111 541 5961 542
11483 2 2 111 111 548 5962 549
11484 2 2 111 111 552 5963 553
11485 2 2 111 111 555 5876 556
11486 2 2 111 111 534 5862 535
11487 2 2 111 111 532 5857 533
11488 2 2 111 111 559 5856 560
11489 2 2 111 111 556 5970 557
11490 2 2 111 111 561 5859 562
11491 2 2 111 111 537 5964 538
11492 2 2 111 111 550 5968 551
11493 2 2 111 111 562 5969 563
11494 2 2 111 111 539 5972 540
11495 2 2 111 111 531 5971 532
11496 2 2 111 111 5953 5973 5874
11497 2 2 111 111 5951 5973 5944
11498 2 2 111 111 5874 5973 5951
11499 2 2 111 111 5938 5974 5956
11500 2 2 111 111 5956 5974 5884
11501 2 2 111 111 5878 6008 5941
11502 2 2 111 111 5884 5974 5958
11503 2 2 111 111 560 5975 561
11504 2 2 111 111 5941 6008 5939
11505 2 2 111 111 5914 5980 5897
11506 2 2 111 111 563 5969 5888
11507 2 2 111 111 5966 5967 546
11508 2 2 111 111 5866 5963 552
11509 2 2 111 111 532 5971 5857
11510 2 2 111 111 542 5961 5869
11511 2 2 111 111 549 5962 5868
11512 2 2 111 111 538 5964 5877
11513 2 2 111 111 540 5972 5867
11514 2 2 111 111 544 5965 5871
11515 2 2 111 111 551 5968 5866
11516 2 2 111 111 557 5970 5863
11517 2 2 111 111 5867 5961 541
11518 2 2 111 111 5871 5966 545
11519 2 2 111 111 5870 5962 548
11520 2 2 111 111 5869 5965 543
11521 2 2 111 111 5868 5968 550
11522 2 2 111 111 5859 5969 562
11523 2 2 111 111 5876 5970 556
11524 2 2 111 111 5875 5964 537
11525 2 2 111 111 5877 5972 539
11526 2 2 111 111 553 5963 5878
11527 2 2 111 111 5858 5971 531
11528 2 2 111 111 547 5967 5870
11529 2 2 111 111 963 5978 962
11530 2 2 111 111 950 5860 949
11531 2 2 111 111 951 5977 950
11532 2 2 111 111 964 5861 963
11533 2 2 111 111 965 5976 964
11534 2 2 111 111 5899 5980 5926
11535 2 2 111 111 5856 5975 560
11536 2 2 111 111 561 5975 5859
11537 2 2 111 111 5895 5979 5914
11538 2 2 111 111 5902 5918 5903
11539 2 2 111 111 5905 5907 5906
11540 2 2 111 111 5895 5896 5894
11541 2 2 111 111 5926 6037 5916
11542 2 2 111 111 5852 6040 5928
11543 2 2 111 111 5858 6025 5926
11544 2 2 111 111 5917 5990 5907
11545 2 2 111 111 595 5947 5864
11546 2 2 111 111 5865 5936 610
11547 2 2 111 111 5932 6044 5929
11548 2 2 111 111 5929 5931 5893
11549 2 2 111 111 5928 5930 5929
11550 2 2 111 111 5861 5978 963
11551 2 2 111 111 964 5976 5861
11552 2 2 111 111 950 5977 5860
11553 2 2 111 111 5909 5990 5919
11554 2 2 111 111 5963 6008 5878
11555 2 2 111 111 5897 5980 5899
11556 2 2 111 111 5950 6029 6013
11557 2 2 111 111 5908 6002 5922
11558 2 2 111 111 5915 5981 5898
11559 2 2 111 111 6012 6018 5940
11560 2 2 111 111 5857 5985 533
11561 2 2 111 111 534 5985 5862
11562 2 2 111 111 5850 5984 5891
11563 2 2 111 111 5996 6033 5933
11564 2 2 111 111 5941 6004 5878
11565 2 2 111 111 618 5851 617
11566 2 2 111 111 641 5849 640
11567 2 2 111 111 5920 6017 5911
11568 2 2 111 111 5972 6009 6007
11569 2 2 111 111 5977 6017 5860
11570 2 2 111 111 536 5997 5875
11571 2 2 111 111 5862 5997 535
11572 2 2 111 111 555 6004 5876
11573 2 2 111 111 5878 6004 554
11574 2 2 111 111 5877 6011 6009
11575 2 2 111 111 5961 6005 6001
11576 2 2 111 111 6003 6006 5866
11577 2 2 111 111 5937 6008 6006
11578 2 2 111 111 5939 6008 5937
11579 2 2 111 111 5964 6011 5877
11580 2 2 111 111 5949 6011 5950
11581 2 2 111 111 951 5987 5977
11582 2 2 111 111 5978 5986 962
11583 2 2 111 111 620 5872 619
11584 2 2 111 111 639 5873 638
11585 2 2 111 111 5877 6009 5972
11586 2 2 111 111 5965 5999 5994
11587 2 2 111 111 5978 6031 5916
11588 2 2 111 111 5995 5998 5962
11589 2 2 111 111 612 6012 611
11590 2 2 111 111 594 6013 593
11591 2 2 111 111 5912 6023 5910
11592 2 2 111 111 5867 6007 6005
11593 2 2 111 111 5972 6007 5867
11594 2 2 111 111 5992 5993 5967
11595 2 2 111 111 5866 6006 5963
11596 2 2 111 111 5998 6000 5868
11597 2 2 111 111 617 5982 616
11598 2 2 111 111 5928 6040 5930
11599 2 2 111 111 5867 6005 5961
11600 2 2 111 111 6000 6003 5968
11601 2 2 111 111 5871 5994 5991
11602 2 2 111 111 642 5983 641
11603 2 2 111 111 5968 6003 5866
11604 2 2 111 111 5891 5984 5928
11605 2 2 111 111 5869 6001 5999
11606 2 2 111 111 533 5985 534
11607 2 2 111 111 5868 6000 5968
11608 2 2 111 111 643 5879 642
11609 2 2 111 111 616 5880 615
11610 2 2 111 111 5940 5988 5941
11611 2 2 111 111 5961 6001 5869
11612 2 2 111 111 5907 5990 5909
11613 2 2 111 111 5869 5999 5965
11614 2 2 111 111 5962 5998 5868
11615 2 2 111 111 5978 6037 5986
11616 2 2 111 111 5953 5993 5992
11617 2 2 111 111 962 5986 961
11618 2 2 111 111 952 5987 951
11619 2 2 111 111 530 6025 5858
11620 2 2 111 111 5887 6025 529
11621 2 2 111 111 5993 5995 5870
11622 2 2 111 111 5913 6026 6024
11623 2 2 111 111 5991 5994 5944
11624 2 2 111 111 5944 5994 5943
11625 2 2 111 111 5851 6027 6019
11626 2 2 111 111 5870 5995 5962
11627 2 2 111 111 5965 5994 5871
11628 2 2 111 111 5994 5999 5943
11629 2 2 111 111 5973 5991 5944
11630 2 2 111 111 5955 5998 5995
11631 2 2 111 111 5953 5992 5973
11632 2 2 111 111 5971 6038 5857
11633 2 2 111 111 5967 5993 5870
11634 2 2 111 111 5957 5993 5953
11635 2 2 111 111 5981 6019 5898
11636 2 2 111 111 5955 5995 5957
11637 2 2 111 111 5871 5991 5966
11638 2 2 111 111 5991 5992 5966
11639 2 2 111 111 5966 5992 5967
11640 2 2 111 111 960 5984 959
11641 2 2 111 111 956 5913 955
11642 2 2 111 111 959 5850 958
11643 2 2 111 111 953 5854 26
11644 2 2 111 111 25 5852 960
11645 2 2 111 111 955 5848 954
11646 2 2 111 111 535 5997 536
11647 2 2 111 111 5910 6002 5908
11648 2 2 111 111 5973 5992 5991
11649 2 2 111 111 6001 6005 5946
11650 2 2 111 111 5957 5995 5993
11651 2 2 111 111 5958 5998 5955
11652 2 2 111 111 5943 5999 5959
11653 2 2 111 111 5905 5906 5904
11654 2 2 111 111 5959 6001 5946
11655 2 2 111 111 5938 6006 6003
11656 2 2 111 111 5974 6000 5958
11657 2 2 111 111 5875 5996 5964
11658 2 2 111 111 5977 6043 6017
11659 2 2 111 111 5937 6006 5938
11660 2 2 111 111 5958 6000 5998
11661 2 2 111 111 6007 6009 5948
11662 2 2 111 111 5938 6003 5974
11663 2 2 111 111 554 6004 555
11664 2 2 111 111 5999 6001 5959
11665 2 2 111 111 5946 6005 5960
11666 2 2 111 111 5974 6003 6000
11667 2 2 111 111 5960 6007 5948
11668 2 2 111 111 5948 6009 5949
11669 2 2 111 111 949 6032 948
11670 2 2 111 111 5901 6010 5905
11671 2 2 111 111 6005 6007 5960
11672 2 2 111 111 5892 5895 5894
11673 2 2 111 111 25 6016 5852
11674 2 2 111 111 5854 6015 26
11675 2 2 111 111 5848 5900 954
11676 2 2 111 111 5850 5889 958
11677 2 2 111 111 6009 6011 5949
11678 2 2 111 111 615 5989 614
11679 2 2 111 111 564 6036 22
11680 2 2 111 111 21 6035 528
11681 2 2 111 111 5901 5905 5904
11682 2 2 111 111 22 6036 952
11683 2 2 111 111 961 6035 21
11684 2 2 111 111 5864 6013 594
11685 2 2 111 111 611 6012 5865
11686 2 2 111 111 5976 6014 5861
11687 2 2 111 111 6024 6026 5873
11688 2 2 111 111 5894 6022 5890
11689 2 2 111 111 5934 6024 5873
11690 2 2 111 111 5950 6011 5996
11691 2 2 111 111 638 6026 32
11692 2 2 111 111 5875 6033 5996
11693 2 2 111 111 32 6026 956
11694 2 2 111 111 5911 6017 5912
11695 2 2 111 111 5904 5918 5902
11696 2 2 111 111 948 6041 33
11697 2 2 111 111 5859 6023 5969
11698 2 2 111 111 5928 5929 5893
11699 2 2 111 111 5915 6014 5981
11700 2 2 111 111 6032 6041 948
11701 2 2 111 111 5912 6028 6023
11702 2 2 111 111 6022 6027 5935
11703 2 2 111 111 5890 6022 5889
11704 2 2 111 111 5925 6034 5903
11705 2 2 111 111 33 6041 644
11706 2 2 111 111 6014 6031 5861
11707 2 2 111 111 5898 6019 5896
11708 2 2 111 111 27 6042 965
11709 2 2 111 111 956 6026 5913
11710 2 2 111 111 5851 6019 5982
11711 2 2 111 111 616 5982 5880
11712 2 2 111 111 5879 5983 642
11713 2 2 111 111 6019 6027 5896
11714 2 2 111 111 5996 6011 5964
11715 2 2 111 111 5915 6031 6014
11716 2 2 111 111 5892 5894 5890
11717 2 2 111 111 5894 6027 6022
11718 2 2 111 111 5891 5893 5892
11719 2 2 111 111 5876 6020 5970
11720 2 2 111 111 614 6042 27
11721 2 2 111 111 529 6025 530
11722 2 2 111 111 5880 5989 615
11723 2 2 111 111 5924 6039 5863
11724 2 2 111 111 6002 6023 5859
11725 2 2 111 111 5891 5928 5893
11726 2 2 111 111 6017 6043 5912
11727 2 2 111 111 5848 6010 5901
11728 2 2 111 111 613 6015 5855
11729 2 2 111 111 5853 6016 592
11730 2 2 111 111 5896 6027 5894
11731 2 2 111 111 5988 6020 5876
11732 2 2 111 111 5851 5982 617
11733 2 2 111 111 641 5983 5849
11734 2 2 111 111 5863 6039 5927
11735 2 2 111 111 5930 6030 5933
11736 2 2 111 111 5985 6044 5862
11737 2 2 111 111 5987 6043 5977
11738 2 2 111 111 5910 6023 6002
11739 2 2 111 111 5918 6039 5924
11740 2 2 111 111 5916 6031 5915
11741 2 2 111 111 5969 6028 5888
11742 2 2 111 111 6016 6040 5852
11743 2 2 111 111 5935 6027 5851
11744 2 2 111 111 6030 6040 6016
11745 2 2 111 111 640 5934 639
11746 2 2 111 111 5933 6033 5932
11747 2 2 111 111 6023 6028 5969
11748 2 2 111 111 618 5935 5851
11749 2 2 111 111 5861 6031 5978
11750 2 2 111 111 528 6035 5887
11751 2 2 111 111 5888 6036 564
11752 2 2 111 111 5860 6032 949
11753 2 2 111 111 5997 6033 5875
11754 2 2 111 111 5848 5901 5900
11755 2 2 111 111 5850 5890 5889
11756 2 2 111 111 5850 5891 5890
11757 2 2 111 111 965 6042 5976
11758 2 2 111 111 5901 5904 5902
11759 2 2 111 111 5891 5892 5890
11760 2 2 111 111 5931 6044 5985
11761 2 2 111 111 5979 6038 5914
11762 2 2 111 111 5917 6024 5934
11763 2 2 111 111 619 5935 618
11764 2 2 111 111 5921 6041 6032
11765 2 2 111 111 5873 6026 638
11766 2 2 111 111 5855 6018 6012
11767 2 2 111 111 5929 6044 5931
11768 2 2 111 111 5933 6030 6029
11769 2 2 111 111 613 5855 612
11770 2 2 111 111 593 5853 592
11771 2 2 111 111 6013 6029 5853
11772 2 2 111 111 5913 6024 6010
11773 2 2 111 111 5849 5934 640
11774 2 2 111 111 6029 6030 5853
11775 2 2 111 111 639 5934 5873
11776 2 2 111 111 5872 6022 5935
11777 2 2 111 111 5932 6033 5997
11778 2 2 111 111 5986 6035 961
11779 2 2 111 111 952 6036 5987
11780 2 2 111 111 5887 6035 5986
11781 2 2 111 111 5987 6036 5888
11782 2 2 111 111 5855 6012 612
11783 2 2 111 111 593 6013 5853
11784 2 2 111 111 5986 6037 5887
11785 2 2 111 111 5901 5902 5900
11786 2 2 111 111 5889 6022 6021
11787 2 2 111 111 5853 6030 6016
11788 2 2 111 111 5976 6042 5989
11789 2 2 111 111 5989 6042 614
11790 2 2 111 111 5855 6034 6018
11791 2 2 111 111 5872 5935 619
11792 2 2 111 111 6018 6034 5925
11793 2 2 111 111 6015 6034 5855
11794 2 2 111 111 6021 6022 5872
11795 2 2 111 111 5912 6043 6028
11796 2 2 111 111 5930 6040 6030
11797 2 2 112 112 6055 6066 6047
11798 2 2 112 112 6055 6070 6066
11799 2 2 112 112 6046 6065 6063
11800 2 2 112 112 6066 6070 6062
11801 2 2 112 112 6053 6078 6049
11802 2 2 112 112 6046 6077 6065
11803 2 2 112 112 614 6068 615
11804 2 2 112 112 6052 6071 6058
11805 2 2 112 112 6066 6082 6047
11806 2 2 112 112 614 6079 6068
11807 2 2 112 112 6047 6072 6055
11808 2 2 112 112 6071 6076 6058
11809 2 2 112 112 620 6054 29
11810 2 2 112 112 6062 6070 6045
11811 2 2 112 112 6049 6055 6053
11812 2 2 112 112 6045 6073 6062
11813 2 2 112 112 6058 6074 6052
11814 2 2 112 112 29 6054 626
11815 2 2 112 112 6063 6076 6046
11816 2 2 112 112 6075 6085 6065
11817 2 2 112 112 6051 6085 6075
11818 2 2 112 112 6057 6067 6056
11819 2 2 112 112 6061 6066 6062
11820 2 2 112 112 6063 6065 6064
11821 2 2 112 112 6064 6066 6061
11822 2 2 112 112 6063 6064 6061
11823 2 2 112 112 6059 6063 6061
11824 2 2 112 112 6061 6062 6060
11825 2 2 112 112 6059 6061 6060
11826 2 2 112 112 6059 6060 6057
11827 2 2 112 112 6058 6059 6057
11828 2 2 112 112 6048 6058 6057
11829 2 2 112 112 6060 6067 6057
11830 2 2 112 112 6056 6067 6050
11831 2 2 112 112 634 6050 633
11832 2 2 112 112 635 6056 634
11833 2 2 112 112 636 6048 635
11834 2 2 112 112 624 6047 623
11835 2 2 112 112 6048 6057 6056
11836 2 2 112 112 634 6056 6050
11837 2 2 112 112 6048 6056 635
11838 2 2 112 112 6054 6078 6053
11839 2 2 112 112 6062 6073 6060
11840 2 2 112 112 6067 6073 6068
11841 2 2 112 112 27 6079 614
11842 2 2 112 112 6067 6068 6050
11843 2 2 112 112 623 6069 622
11844 2 2 112 112 622 6051 621
11845 2 2 112 112 633 6079 27
11846 2 2 112 112 637 6074 636
11847 2 2 112 112 6058 6076 6059
11848 2 2 112 112 6048 6074 6058
11849 2 2 112 112 630 6046 629
11850 2 2 112 112 628 6052 627
11851 2 2 112 112 629 6071 628
11852 2 2 112 112 616 6045 617
11853 2 2 112 112 6049 6070 6055
11854 2 2 112 112 6060 6073 6067
11855 2 2 112 112 622 6069 6051
11856 2 2 112 112 636 6074 6048
11857 2 2 112 112 632 6075 631
11858 2 2 112 112 6047 6069 623
11859 2 2 112 112 31 6084 637
11860 2 2 112 112 6046 6071 629
11861 2 2 112 112 628 6071 6052
11862 2 2 112 112 615 6080 616
11863 2 2 112 112 6059 6076 6063
11864 2 2 112 112 6068 6080 615
11865 2 2 112 112 627 6084 31
11866 2 2 112 112 621 6083 30
11867 2 2 112 112 6068 6079 6050
11868 2 2 112 112 30 6083 632
11869 2 2 112 112 6055 6072 6053
11870 2 2 112 112 625 6072 624
11871 2 2 112 112 6073 6080 6068
11872 2 2 112 112 630 6077 6046
11873 2 2 112 112 631 6077 630
11874 2 2 112 112 618 6049 619
11875 2 2 112 112 6046 6076 6071
11876 2 2 112 112 626 6053 625
11877 2 2 112 112 624 6072 6047
11878 2 2 112 112 617 6081 618
11879 2 2 112 112 6082 6085 6069
11880 2 2 112 112 6075 6077 631
11881 2 2 112 112 637 6084 6074
11882 2 2 112 112 6045 6081 617
11883 2 2 112 112 6070 6081 6045
11884 2 2 112 112 619 6078 620
11885 2 2 112 112 6064 6082 6066
11886 2 2 112 112 6065 6077 6075
11887 2 2 112 112 6064 6085 6082
11888 2 2 112 112 6065 6085 6064
11889 2 2 112 112 6050 6079 633
11890 2 2 112 112 6045 6080 6073
11891 2 2 112 112 6047 6082 6069
11892 2 2 112 112 6074 6084 6052
11893 2 2 112 112 6049 6081 6070
11894 2 2 112 112 6049 6078 619
11895 2 2 112 112 6051 6083 621
11896 2 2 112 112 616 6080 6045
11897 2 2 112 112 626 6054 6053
11898 2 2 112 112 6069 6085 6051
11899 2 2 112 112 6052 6084 627
11900 2 2 112 112 620 6078 6054
11901 2 2 112 112 6053 6072 625
11902 2 2 112 112 632 6083 6075
11903 2 2 112 112 618 6081 6049
11904 2 2 112 112 6075 6083 6051
11905 2 2 112 112 28 620 29
11906 2 2 112 113 6088 6107 6096
11907 2 2 112 113 6107 6111 6096
11908 2 2 112 113 6104 6106 6087
11909 2 2 112 113 6103 6111 6107
11910 2 2 112 113 6090 6119 6094
11911 2 2 112 113 6106 6118 6087
11912 2 2 112 113 643 6109 644
11913 2 2 112 113 6099 6112 6093
11914 2 2 112 113 6088 6123 6107
11915 2 2 112 113 6109 6120 644
11916 2 2 112 113 6096 6113 6088
11917 2 2 112 113 6099 6117 6112
11918 2 2 112 113 36 6095 638
11919 2 2 112 113 6086 6111 6103
11920 2 2 112 113 6094 6096 6090
11921 2 2 112 113 6103 6114 6086
11922 2 2 112 113 6093 6115 6099
11923 2 2 112 113 656 6095 36
11924 2 2 112 113 6087 6117 6104
11925 2 2 112 113 6106 6126 6116
11926 2 2 112 113 6116 6126 6092
11927 2 2 112 113 6097 6108 6098
11928 2 2 112 113 6102 6107 6105
11929 2 2 112 113 6105 6106 6104
11930 2 2 112 113 6103 6107 6102
11931 2 2 112 113 6102 6105 6104
11932 2 2 112 113 6101 6103 6102
11933 2 2 112 113 6102 6104 6100
11934 2 2 112 113 6101 6102 6100
11935 2 2 112 113 6098 6101 6100
11936 2 2 112 113 6098 6100 6099
11937 2 2 112 113 6098 6099 6089
11938 2 2 112 113 6098 6108 6101
11939 2 2 112 113 6091 6108 6097
11940 2 2 112 113 648 6097 647
11941 2 2 112 113 647 6089 646
11942 2 2 112 113 649 6091 648
11943 2 2 112 113 659 6088 658
11944 2 2 112 113 6097 6098 6089
11945 2 2 112 113 6091 6097 648
11946 2 2 112 113 647 6097 6089
11947 2 2 112 113 6094 6119 6095
11948 2 2 112 113 6101 6114 6103
11949 2 2 112 113 6109 6114 6108
11950 2 2 112 113 644 6120 33
11951 2 2 112 113 6091 6109 6108
11952 2 2 112 113 660 6110 659
11953 2 2 112 113 661 6092 660
11954 2 2 112 113 33 6120 649
11955 2 2 112 113 646 6115 645
11956 2 2 112 113 6100 6117 6099
11957 2 2 112 113 6099 6115 6089
11958 2 2 112 113 654 6112 653
11959 2 2 112 113 655 6093 654
11960 2 2 112 113 653 6087 652
11961 2 2 112 113 641 6086 642
11962 2 2 112 113 6096 6111 6090
11963 2 2 112 113 6108 6114 6101
11964 2 2 112 113 6092 6110 660
11965 2 2 112 113 6089 6115 646
11966 2 2 112 113 651 6116 650
11967 2 2 112 113 659 6110 6088
11968 2 2 112 113 645 6125 34
11969 2 2 112 113 6093 6112 654
11970 2 2 112 113 653 6112 6087
11971 2 2 112 113 642 6121 643
11972 2 2 112 113 6104 6117 6100
11973 2 2 112 113 643 6121 6109
11974 2 2 112 113 34 6125 655
11975 2 2 112 113 35 6124 661
11976 2 2 112 113 6091 6120 6109
11977 2 2 112 113 650 6124 35
11978 2 2 112 113 658 6113 657
11979 2 2 112 113 6094 6113 6096
11980 2 2 112 113 6109 6121 6114
11981 2 2 112 113 6087 6118 652
11982 2 2 112 113 652 6118 651
11983 2 2 112 113 639 6090 640
11984 2 2 112 113 6112 6117 6087
11985 2 2 112 113 657 6094 656
11986 2 2 112 113 640 6122 641
11987 2 2 112 113 6110 6126 6123
11988 2 2 112 113 6088 6113 658
11989 2 2 112 113 651 6118 6116
11990 2 2 112 113 6115 6125 645
11991 2 2 112 113 641 6122 6086
11992 2 2 112 113 6086 6122 6111
11993 2 2 112 113 638 6119 639
11994 2 2 112 113 6107 6123 6105
11995 2 2 112 113 6116 6118 6106
11996 2 2 112 113 6123 6126 6105
11997 2 2 112 113 6105 6126 6106
11998 2 2 112 113 649 6120 6091
11999 2 2 112 113 6114 6121 6086
12000 2 2 112 113 6110 6123 6088
12001 2 2 112 113 6093 6125 6115
12002 2 2 112 113 6111 6122 6090
12003 2 2 112 113 639 6119 6090
12004 2 2 112 113 661 6124 6092
12005 2 2 112 113 6086 6121 642
12006 2 2 112 113 6094 6095 656
12007 2 2 112 113 6092 6126 6110
12008 2 2 112 113 655 6125 6093
12009 2 2 112 113 657 6113 6094
12010 2 2 112 113 6095 6119 638
12011 2 2 112 113 6116 6124 650
12012 2 2 112 113 6090 6122 640
12013 2 2 112 113 6092 6124 6116
12014 2 2 112 113 32 36 638
12015 2 2 113 114 6127 6156 6141
12016 2 2 113 114 6141 6156 6144
12017 2 2 113 114 631 6147 632
12018 2 2 113 114 6137 6150 6133
12019 2 2 113 114 6129 6155 6145
12020 2 2 113 114 6143 6149 6128
12021 2 2 113 114 6153 6155 6129
12022 2 2 113 114 6143 6155 6149
12023 2 2 113 114 6147 6159 632
12024 2 2 113 114 6137 6157 6150
12025 2 2 113 114 6141 6152 6127
12026 2 2 113 114 6133 6154 6137
12027 2 2 113 114 6128 6157 6143
12028 2 2 113 114 6145 6155 6143
12029 2 2 113 114 6135 6146 6136
12030 2 2 113 114 6140 6145 6143
12031 2 2 113 114 6141 6144 6142
12032 2 2 113 114 6142 6145 6140
12033 2 2 113 114 6141 6142 6140
12034 2 2 113 114 6139 6141 6140
12035 2 2 113 114 6140 6143 6138
12036 2 2 113 114 6139 6140 6138
12037 2 2 113 114 6136 6139 6138
12038 2 2 113 114 6136 6138 6137
12039 2 2 113 114 6136 6137 6130
12040 2 2 113 114 6136 6146 6139
12041 2 2 113 114 6131 6146 6135
12042 2 2 113 114 674 6132 673
12043 2 2 113 114 665 6135 664
12044 2 2 113 114 666 6131 665
12045 2 2 113 114 675 6148 674
12046 2 2 113 114 676 6129 675
12047 2 2 113 114 664 6130 663
12048 2 2 113 114 6135 6136 6130
12049 2 2 113 114 674 6148 6132
12050 2 2 113 114 664 6135 6130
12051 2 2 113 114 6131 6135 665
12052 2 2 113 114 6129 6148 675
12053 2 2 113 114 6139 6152 6141
12054 2 2 113 114 6147 6152 6146
12055 2 2 113 114 6131 6147 6146
12056 2 2 113 114 6144 6151 6132
12057 2 2 113 114 632 6159 30
12058 2 2 113 114 677 6153 676
12059 2 2 113 114 663 6154 662
12060 2 2 113 114 30 6159 666
12061 2 2 113 114 6145 6164 6129
12062 2 2 113 114 6138 6157 6137
12063 2 2 113 114 6137 6154 6130
12064 2 2 113 114 670 6128 669
12065 2 2 113 114 672 6133 671
12066 2 2 113 114 629 6127 630
12067 2 2 113 114 668 6134 667
12068 2 2 113 114 669 6149 668
12069 2 2 113 114 671 6150 670
12070 2 2 113 114 6146 6152 6139
12071 2 2 113 114 6132 6163 6144
12072 2 2 113 114 627 6151 628
12073 2 2 113 114 6130 6154 663
12074 2 2 113 114 676 6153 6129
12075 2 2 113 114 662 6161 37
12076 2 2 113 114 38 6160 677
12077 2 2 113 114 6134 6155 6153
12078 2 2 113 114 673 6162 31
12079 2 2 113 114 6128 6149 669
12080 2 2 113 114 6133 6150 671
12081 2 2 113 114 668 6149 6134
12082 2 2 113 114 670 6150 6128
12083 2 2 113 114 630 6158 631
12084 2 2 113 114 631 6158 6147
12085 2 2 113 114 6143 6157 6138
12086 2 2 113 114 37 6161 672
12087 2 2 113 114 667 6160 38
12088 2 2 113 114 6131 6159 6147
12089 2 2 113 114 31 6162 627
12090 2 2 113 114 628 6156 629
12091 2 2 113 114 629 6156 6127
12092 2 2 113 114 6147 6158 6152
12093 2 2 113 114 6151 6156 628
12094 2 2 113 114 6150 6157 6128
12095 2 2 113 114 6149 6155 6134
12096 2 2 113 114 677 6160 6153
12097 2 2 113 114 6154 6161 662
12098 2 2 113 114 6144 6156 6151
12099 2 2 113 114 6148 6164 6163
12100 2 2 113 114 6144 6163 6142
12101 2 2 113 114 6163 6164 6142
12102 2 2 113 114 6142 6164 6145
12103 2 2 113 114 6132 6162 673
12104 2 2 113 114 666 6159 6131
12105 2 2 113 114 6129 6164 6148
12106 2 2 113 114 6148 6163 6132
12107 2 2 113 114 6152 6158 6127
12108 2 2 113 114 6153 6160 6134
12109 2 2 113 114 6133 6161 6154
12110 2 2 113 114 6127 6158 630
12111 2 2 113 114 672 6161 6133
12112 2 2 113 114 6134 6160 667
12113 2 2 113 114 6151 6162 6132
12114 2 2 113 114 627 6162 6151
12115 2 2 113 115 6180 6182 6166
12116 2 2 113 115 6182 6195 6166
12117 2 2 113 115 6165 6188 6179
12118 2 2 113 115 654 6185 655
12119 2 2 113 115 6175 6187 6172
12120 2 2 113 115 6183 6193 6168
12121 2 2 113 115 6188 6193 6179
12122 2 2 113 115 6168 6193 6192
12123 2 2 113 115 6185 6197 655
12124 2 2 113 115 6175 6194 6187
12125 2 2 113 115 6179 6190 6165
12126 2 2 113 115 6172 6191 6175
12127 2 2 113 115 6166 6194 6180
12128 2 2 113 115 6179 6193 6183
12129 2 2 113 115 6173 6184 6174
12130 2 2 113 115 6178 6183 6181
12131 2 2 113 115 6181 6182 6180
12132 2 2 113 115 6179 6183 6178
12133 2 2 113 115 6178 6181 6180
12134 2 2 113 115 6177 6179 6178
12135 2 2 113 115 6178 6180 6176
12136 2 2 113 115 6177 6178 6176
12137 2 2 113 115 6174 6177 6176
12138 2 2 113 115 6174 6176 6175
12139 2 2 113 115 6174 6175 6167
12140 2 2 113 115 6174 6184 6177
12141 2 2 113 115 6170 6184 6173
12142 2 2 113 115 691 6168 690
12143 2 2 113 115 682 6170 681
12144 2 2 113 115 680 6167 679
12145 2 2 113 115 692 6186 691
12146 2 2 113 115 693 6169 692
12147 2 2 113 115 681 6173 680
12148 2 2 113 115 6169 6189 6182
12149 2 2 113 115 6173 6174 6167
12150 2 2 113 115 6182 6202 6169
12151 2 2 113 115 6169 6186 692
12152 2 2 113 115 6170 6173 681
12153 2 2 113 115 680 6173 6167
12154 2 2 113 115 691 6186 6168
12155 2 2 113 115 6177 6190 6179
12156 2 2 113 115 6185 6190 6184
12157 2 2 113 115 6170 6185 6184
12158 2 2 113 115 655 6197 34
12159 2 2 113 115 679 6191 678
12160 2 2 113 115 690 6192 689
12161 2 2 113 115 34 6197 682
12162 2 2 113 115 6176 6194 6175
12163 2 2 113 115 6175 6191 6167
12164 2 2 113 115 687 6187 686
12165 2 2 113 115 688 6172 687
12166 2 2 113 115 650 6171 651
12167 2 2 113 115 652 6165 653
12168 2 2 113 115 686 6166 685
12169 2 2 113 115 651 6188 652
12170 2 2 113 115 6168 6201 6183
12171 2 2 113 115 6184 6190 6177
12172 2 2 113 115 684 6189 683
12173 2 2 113 115 6168 6192 690
12174 2 2 113 115 6167 6191 679
12175 2 2 113 115 6192 6193 6171
12176 2 2 113 115 689 6198 35
12177 2 2 113 115 678 6199 39
12178 2 2 113 115 40 6200 693
12179 2 2 113 115 652 6188 6165
12180 2 2 113 115 686 6187 6166
12181 2 2 113 115 6172 6187 687
12182 2 2 113 115 6171 6188 651
12183 2 2 113 115 653 6196 654
12184 2 2 113 115 654 6196 6185
12185 2 2 113 115 6180 6194 6176
12186 2 2 113 115 35 6198 650
12187 2 2 113 115 39 6199 688
12188 2 2 113 115 6170 6197 6185
12189 2 2 113 115 683 6200 40
12190 2 2 113 115 6185 6196 6190
12191 2 2 113 115 6166 6195 685
12192 2 2 113 115 6171 6193 6188
12193 2 2 113 115 685 6195 684
12194 2 2 113 115 6187 6194 6166
12195 2 2 113 115 684 6195 6189
12196 2 2 113 115 6191 6199 678
12197 2 2 113 115 6192 6198 689
12198 2 2 113 115 6186 6202 6201
12199 2 2 113 115 6183 6201 6181
12200 2 2 113 115 693 6200 6169
12201 2 2 113 115 6201 6202 6181
12202 2 2 113 115 6181 6202 6182
12203 2 2 113 115 6189 6195 6182
12204 2 2 113 115 682 6197 6170
12205 2 2 113 115 6169 6202 6186
12206 2 2 113 115 6186 6201 6168
12207 2 2 113 115 6190 6196 6165
12208 2 2 113 115 6172 6199 6191
12209 2 2 113 115 6171 6198 6192
12210 2 2 113 115 6165 6196 653
12211 2 2 113 115 688 6199 6172
12212 2 2 113 115 650 6198 6171
12213 2 2 113 115 6169 6200 6189
12214 2 2 113 115 6189 6200 683
12215 2 2 114 116 6218 6220 6203
12216 2 2 114 116 6220 6233 6203
12217 2 2 114 116 6204 6226 6217
12218 2 2 114 116 700 6223 699
12219 2 2 114 116 6213 6225 6209
12220 2 2 114 116 6221 6231 6206
12221 2 2 114 116 6226 6231 6217
12222 2 2 114 116 6206 6231 6229
12223 2 2 114 116 6223 6235 699
12224 2 2 114 116 6213 6232 6225
12225 2 2 114 116 6217 6228 6204
12226 2 2 114 116 6209 6230 6213
12227 2 2 114 116 6203 6232 6218
12228 2 2 114 116 6217 6231 6221
12229 2 2 114 116 6211 6222 6212
12230 2 2 114 116 6216 6221 6219
12231 2 2 114 116 6219 6220 6218
12232 2 2 114 116 6216 6219 6218
12233 2 2 114 116 6217 6221 6216
12234 2 2 114 116 6216 6218 6214
12235 2 2 114 116 6215 6217 6216
12236 2 2 114 116 6215 6216 6214
12237 2 2 114 116 6212 6215 6214
12238 2 2 114 116 6212 6214 6213
12239 2 2 114 116 6212 6213 6205
12240 2 2 114 116 6212 6222 6215
12241 2 2 114 116 6208 6222 6211
12242 2 2 114 116 698 6207 697
12243 2 2 114 116 709 6208 708
12244 2 2 114 116 708 6211 707
12245 2 2 114 116 696 6206 695
12246 2 2 114 116 697 6224 696
12247 2 2 114 116 707 6205 706
12248 2 2 114 116 6207 6227 6220
12249 2 2 114 116 6211 6212 6205
12250 2 2 114 116 6220 6240 6207
12251 2 2 114 116 6207 6224 697
12252 2 2 114 116 6208 6211 708
12253 2 2 114 116 707 6211 6205
12254 2 2 114 116 696 6224 6206
12255 2 2 114 116 6215 6228 6217
12256 2 2 114 116 6223 6228 6222
12257 2 2 114 116 6208 6223 6222
12258 2 2 114 116 699 6235 42
12259 2 2 114 116 706 6230 705
12260 2 2 114 116 695 6229 694
12261 2 2 114 116 42 6235 709
12262 2 2 114 116 6214 6232 6213
12263 2 2 114 116 6213 6230 6205
12264 2 2 114 116 667 6209 668
12265 2 2 114 116 702 6204 701
12266 2 2 114 116 704 6210 703
12267 2 2 114 116 669 6203 670
12268 2 2 114 116 668 6225 669
12269 2 2 114 116 703 6226 702
12270 2 2 114 116 6206 6239 6221
12271 2 2 114 116 6222 6228 6215
12272 2 2 114 116 671 6227 672
12273 2 2 114 116 6206 6229 695
12274 2 2 114 116 6205 6230 706
12275 2 2 114 116 6229 6231 6210
12276 2 2 114 116 705 6236 38
12277 2 2 114 116 694 6237 41
12278 2 2 114 116 37 6238 698
12279 2 2 114 116 669 6225 6203
12280 2 2 114 116 6210 6226 703
12281 2 2 114 116 6209 6225 668
12282 2 2 114 116 702 6226 6204
12283 2 2 114 116 701 6234 700
12284 2 2 114 116 700 6234 6223
12285 2 2 114 116 6218 6232 6214
12286 2 2 114 116 38 6236 667
12287 2 2 114 116 41 6237 704
12288 2 2 114 116 6208 6235 6223
12289 2 2 114 116 672 6238 37
12290 2 2 114 116 6223 6234 6228
12291 2 2 114 116 6203 6233 670
12292 2 2 114 116 6210 6231 6226
12293 2 2 114 116 670 6233 671
12294 2 2 114 116 6225 6232 6203
12295 2 2 114 116 671 6233 6227
12296 2 2 114 116 6230 6236 705
12297 2 2 114 116 6229 6237 694
12298 2 2 114 116 6224 6240 6239
12299 2 2 114 116 6221 6239 6219
12300 2 2 114 116 698 6238 6207
12301 2 2 114 116 6239 6240 6219
12302 2 2 114 116 6219 6240 6220
12303 2 2 114 116 6227 6233 6220
12304 2 2 114 116 709 6235 6208
12305 2 2 114 116 6207 6240 6224
12306 2 2 114 116 6224 6239 6206
12307 2 2 114 116 6228 6234 6204
12308 2 2 114 116 6209 6236 6230
12309 2 2 114 116 6210 6237 6229
12310 2 2 114 116 6204 6234 701
12311 2 2 114 116 667 6236 6209
12312 2 2 114 116 704 6237 6210
12313 2 2 114 116 6207 6238 6227
12314 2 2 114 116 6227 6238 672
12315 2 2 114 117 6256 6258 6242
12316 2 2 114 117 6258 6271 6242
12317 2 2 114 117 6241 6264 6255
12318 2 2 114 117 687 6261 688
12319 2 2 114 117 6251 6263 6248
12320 2 2 114 117 6259 6269 6244
12321 2 2 114 117 6264 6269 6255
12322 2 2 114 117 6244 6269 6268
12323 2 2 114 117 6261 6273 688
12324 2 2 114 117 6251 6270 6263
12325 2 2 114 117 6255 6266 6241
12326 2 2 114 117 6248 6267 6251
12327 2 2 114 117 6242 6270 6256
12328 2 2 114 117 6255 6269 6259
12329 2 2 114 117 6249 6260 6250
12330 2 2 114 117 6254 6259 6257
12331 2 2 114 117 6257 6258 6256
12332 2 2 114 117 6255 6259 6254
12333 2 2 114 117 6254 6257 6256
12334 2 2 114 117 6254 6256 6252
12335 2 2 114 117 6253 6255 6254
12336 2 2 114 117 6253 6254 6252
12337 2 2 114 117 6250 6253 6252
12338 2 2 114 117 6250 6252 6251
12339 2 2 114 117 6250 6251 6243
12340 2 2 114 117 6250 6260 6253
12341 2 2 114 117 6245 6260 6249
12342 2 2 114 117 714 6245 713
12343 2 2 114 117 724 6262 723
12344 2 2 114 117 713 6249 712
12345 2 2 114 117 712 6243 711
12346 2 2 114 117 723 6244 722
12347 2 2 114 117 725 6246 724
12348 2 2 114 117 6246 6265 6258
12349 2 2 114 117 6249 6250 6243
12350 2 2 114 117 6258 6278 6246
12351 2 2 114 117 6246 6262 724
12352 2 2 114 117 6245 6249 713
12353 2 2 114 117 712 6249 6243
12354 2 2 114 117 723 6262 6244
12355 2 2 114 117 6253 6266 6255
12356 2 2 114 117 6261 6266 6260
12357 2 2 114 117 6245 6261 6260
12358 2 2 114 117 688 6273 39
12359 2 2 114 117 711 6267 710
12360 2 2 114 117 722 6268 721
12361 2 2 114 117 39 6273 714
12362 2 2 114 117 6252 6270 6251
12363 2 2 114 117 6251 6267 6243
12364 2 2 114 117 719 6263 718
12365 2 2 114 117 720 6248 719
12366 2 2 114 117 683 6247 684
12367 2 2 114 117 685 6241 686
12368 2 2 114 117 718 6242 717
12369 2 2 114 117 684 6264 685
12370 2 2 114 117 6244 6277 6259
12371 2 2 114 117 6260 6266 6253
12372 2 2 114 117 716 6265 715
12373 2 2 114 117 6243 6267 711
12374 2 2 114 117 6244 6268 722
12375 2 2 114 117 6268 6269 6247
12376 2 2 114 117 721 6274 40
12377 2 2 114 117 710 6275 43
12378 2 2 114 117 44 6276 725
12379 2 2 114 117 685 6264 6241
12380 2 2 114 117 718 6263 6242
12381 2 2 114 117 6248 6263 719
12382 2 2 114 117 6247 6264 684
12383 2 2 114 117 686 6272 687
12384 2 2 114 117 687 6272 6261
12385 2 2 114 117 6256 6270 6252
12386 2 2 114 117 40 6274 683
12387 2 2 114 117 43 6275 720
12388 2 2 114 117 6245 6273 6261
12389 2 2 114 117 715 6276 44
12390 2 2 114 117 6261 6272 6266
12391 2 2 114 117 6242 6271 717
12392 2 2 114 117 6247 6269 6264
12393 2 2 114 117 717 6271 716
12394 2 2 114 117 6263 6270 6242
12395 2 2 114 117 716 6271 6265
12396 2 2 114 117 6267 6275 710
12397 2 2 114 117 6268 6274 721
12398 2 2 114 117 6262 6278 6277
12399 2 2 114 117 6259 6277 6257
12400 2 2 114 117 725 6276 6246
12401 2 2 114 117 6277 6278 6257
12402 2 2 114 117 6257 6278 6258
12403 2 2 114 117 6265 6271 6258
12404 2 2 114 117 714 6273 6245
12405 2 2 114 117 6246 6278 6262
12406 2 2 114 117 6262 6277 6244
12407 2 2 114 117 6266 6272 6241
12408 2 2 114 117 6248 6275 6267
12409 2 2 114 117 6247 6274 6268
12410 2 2 114 117 6241 6272 686
12411 2 2 114 117 720 6275 6248
12412 2 2 114 117 683 6274 6247
12413 2 2 114 117 6246 6276 6265
12414 2 2 114 117 6265 6276 715
12415 2 2 115 118 6295 6311 6280
12416 2 2 115 118 6298 6311 6295
12417 2 2 115 118 699 6304 700
12418 2 2 115 118 6286 6299 6291
12419 2 2 115 118 6310 6315 6302
12420 2 2 115 118 699 6317 6304
12421 2 2 115 118 6279 6315 6310
12422 2 2 115 118 6286 6313 6299
12423 2 2 115 118 6280 6307 6295
12424 2 2 115 118 733 6314 732
12425 2 2 115 118 732 6314 6288
12426 2 2 115 118 6282 6301 6300
12427 2 2 115 118 726 6310 45
12428 2 2 115 118 6291 6306 6286
12429 2 2 115 118 6282 6300 6299
12430 2 2 115 118 6284 6305 6298
12431 2 2 115 118 6283 6310 6302
12432 2 2 115 118 740 6288 739
12433 2 2 115 118 6288 6308 732
12434 2 2 115 118 6298 6318 6284
12435 2 2 115 118 6281 6306 6291
12436 2 2 115 118 6294 6300 6297
12437 2 2 115 118 6300 6301 6297
12438 2 2 115 118 6290 6303 6289
12439 2 2 115 118 6292 6300 6294
12440 2 2 115 118 6296 6298 6295
12441 2 2 115 118 6294 6297 6296
12442 2 2 115 118 6294 6296 6295
12443 2 2 115 118 6294 6295 6293
12444 2 2 115 118 6299 6300 6292
12445 2 2 115 118 6292 6294 6293
12446 2 2 115 118 6292 6293 6290
12447 2 2 115 118 6291 6299 6292
12448 2 2 115 118 6291 6292 6290
12449 2 2 115 118 729 6284 728
12450 2 2 115 118 6281 6291 6290
12451 2 2 115 118 6293 6303 6290
12452 2 2 115 118 6289 6303 6285
12453 2 2 115 118 745 6289 744
12454 2 2 115 118 746 6281 745
12455 2 2 115 118 744 6285 743
12456 2 2 115 118 737 6282 736
12457 2 2 115 118 735 6286 734
12458 2 2 115 118 6281 6290 6289
12459 2 2 115 118 744 6289 6285
12460 2 2 115 118 6281 6289 745
12461 2 2 115 118 741 6308 740
12462 2 2 115 118 6295 6307 6293
12463 2 2 115 118 45 6283 733
12464 2 2 115 118 6303 6307 6304
12465 2 2 115 118 6303 6304 6285
12466 2 2 115 118 732 6308 731
12467 2 2 115 118 45 6310 6283
12468 2 2 115 118 42 6317 699
12469 2 2 115 118 743 6317 42
12470 2 2 115 118 6282 6312 6301
12471 2 2 115 118 739 6287 738
12472 2 2 115 118 746 6306 6281
12473 2 2 115 118 701 6280 702
12474 2 2 115 118 740 6308 6288
12475 2 2 115 118 739 6288 6287
12476 2 2 115 118 747 6306 746
12477 2 2 115 118 703 6305 704
12478 2 2 115 118 6312 6321 6301
12479 2 2 115 118 6293 6307 6303
12480 2 2 115 118 46 6319 747
12481 2 2 115 118 734 6319 46
12482 2 2 115 118 6299 6313 6282
12483 2 2 115 118 728 6309 727
12484 2 2 115 118 735 6313 6286
12485 2 2 115 118 6282 6313 736
12486 2 2 115 118 6287 6321 6312
12487 2 2 115 118 737 6312 6282
12488 2 2 115 118 6288 6314 6287
12489 2 2 115 118 700 6316 701
12490 2 2 115 118 41 6320 729
12491 2 2 115 118 6301 6302 6297
12492 2 2 115 118 6304 6316 700
12493 2 2 115 118 704 6320 41
12494 2 2 115 118 6304 6317 6285
12495 2 2 115 118 738 6312 737
12496 2 2 115 118 6284 6309 728
12497 2 2 115 118 702 6311 703
12498 2 2 115 118 6302 6315 6297
12499 2 2 115 118 6280 6311 702
12500 2 2 115 118 6307 6316 6304
12501 2 2 115 118 6309 6318 6315
12502 2 2 115 118 6279 6310 726
12503 2 2 115 118 703 6311 6305
12504 2 2 115 118 6283 6321 6314
12505 2 2 115 118 6296 6318 6298
12506 2 2 115 118 6297 6315 6296
12507 2 2 115 118 736 6313 735
12508 2 2 115 118 731 6308 741
12509 2 2 115 118 6305 6311 6298
12510 2 2 115 118 6287 6312 738
12511 2 2 115 118 6283 6314 733
12512 2 2 115 118 6302 6321 6283
12513 2 2 115 118 6286 6319 734
12514 2 2 115 118 6285 6317 743
12515 2 2 115 118 6315 6318 6296
12516 2 2 115 118 6309 6315 6279
12517 2 2 115 118 6280 6316 6307
12518 2 2 115 118 727 6279 726
12519 2 2 115 118 701 6316 6280
12520 2 2 115 118 6314 6321 6287
12521 2 2 115 118 747 6319 6306
12522 2 2 115 118 6301 6321 6302
12523 2 2 115 118 6284 6318 6309
12524 2 2 115 118 729 6320 6284
12525 2 2 115 118 6306 6319 6286
12526 2 2 115 118 6305 6320 704
12527 2 2 115 118 727 6309 6279
12528 2 2 115 118 6284 6320 6305
12529 2 2 115 118 742 24 730
12530 2 2 115 118 742 730 731
12531 2 2 115 118 731 741 742
12532 2 2 115 119 6323 6354 6338
12533 2 2 115 119 6338 6354 6341
12534 2 2 115 119 719 6347 720
12535 2 2 115 119 6345 6357 6353
12536 2 2 115 119 6334 6342 6329
12537 2 2 115 119 6347 6360 720
12538 2 2 115 119 6353 6357 6322
12539 2 2 115 119 6342 6355 6329
12540 2 2 115 119 6338 6350 6323
12541 2 2 115 119 763 6356 762
12542 2 2 115 119 6331 6356 763
12543 2 2 115 119 48 6353 769
12544 2 2 115 119 6343 6344 6325
12545 2 2 115 119 6345 6353 6326
12546 2 2 115 119 6340 6344 6343
12547 2 2 115 119 6329 6349 6334
12548 2 2 115 119 6342 6343 6325
12549 2 2 115 119 6341 6348 6327
12550 2 2 115 119 756 6331 755
12551 2 2 115 119 763 6351 6331
12552 2 2 115 119 6327 6361 6341
12553 2 2 115 119 6334 6349 6324
12554 2 2 115 119 6340 6343 6337
12555 2 2 115 119 6332 6346 6333
12556 2 2 115 119 6337 6343 6335
12557 2 2 115 119 6339 6340 6337
12558 2 2 115 119 6338 6341 6339
12559 2 2 115 119 6338 6339 6337
12560 2 2 115 119 6336 6338 6337
12561 2 2 115 119 6336 6337 6335
12562 2 2 115 119 6335 6343 6342
12563 2 2 115 119 6333 6336 6335
12564 2 2 115 119 6335 6342 6334
12565 2 2 115 119 6333 6335 6334
12566 2 2 115 119 767 6327 766
12567 2 2 115 119 6333 6334 6324
12568 2 2 115 119 6333 6346 6336
12569 2 2 115 119 6328 6346 6332
12570 2 2 115 119 752 6328 751
12571 2 2 115 119 751 6332 750
12572 2 2 115 119 750 6324 749
12573 2 2 115 119 759 6325 758
12574 2 2 115 119 761 6329 760
12575 2 2 115 119 6332 6333 6324
12576 2 2 115 119 6328 6332 751
12577 2 2 115 119 750 6332 6324
12578 2 2 115 119 755 6351 754
12579 2 2 115 119 6336 6350 6338
12580 2 2 115 119 762 6326 48
12581 2 2 115 119 6347 6350 6346
12582 2 2 115 119 6328 6347 6346
12583 2 2 115 119 764 6351 763
12584 2 2 115 119 6344 6364 6358
12585 2 2 115 119 6326 6353 48
12586 2 2 115 119 720 6360 43
12587 2 2 115 119 43 6360 752
12588 2 2 115 119 757 6330 756
12589 2 2 115 119 6324 6349 749
12590 2 2 115 119 717 6323 718
12591 2 2 115 119 6358 6364 6330
12592 2 2 115 119 6331 6351 755
12593 2 2 115 119 6330 6331 756
12594 2 2 115 119 6340 6345 6344
12595 2 2 115 119 749 6349 748
12596 2 2 115 119 715 6348 716
12597 2 2 115 119 6346 6350 6336
12598 2 2 115 119 748 6362 47
12599 2 2 115 119 47 6362 761
12600 2 2 115 119 6344 6358 6325
12601 2 2 115 119 6325 6355 6342
12602 2 2 115 119 768 6352 767
12603 2 2 115 119 759 6355 6325
12604 2 2 115 119 6329 6355 760
12605 2 2 115 119 6325 6358 758
12606 2 2 115 119 6340 6357 6345
12607 2 2 115 119 6330 6356 6331
12608 2 2 115 119 718 6359 719
12609 2 2 115 119 766 6363 44
12610 2 2 115 119 719 6359 6347
12611 2 2 115 119 44 6363 715
12612 2 2 115 119 6328 6360 6347
12613 2 2 115 119 767 6352 6327
12614 2 2 115 119 716 6354 717
12615 2 2 115 119 758 6358 757
12616 2 2 115 119 717 6354 6323
12617 2 2 115 119 6347 6359 6350
12618 2 2 115 119 6357 6361 6352
12619 2 2 115 119 769 6353 6322
12620 2 2 115 119 6348 6354 716
12621 2 2 115 119 6341 6361 6339
12622 2 2 115 119 6339 6357 6340
12623 2 2 115 119 760 6355 759
12624 2 2 115 119 754 6351 764
12625 2 2 115 119 6341 6354 6348
12626 2 2 115 119 762 6356 6326
12627 2 2 115 119 6326 6364 6345
12628 2 2 115 119 6356 6364 6326
12629 2 2 115 119 757 6358 6330
12630 2 2 115 119 761 6362 6329
12631 2 2 115 119 752 6360 6328
12632 2 2 115 119 6339 6361 6357
12633 2 2 115 119 6322 6357 6352
12634 2 2 115 119 6345 6364 6344
12635 2 2 115 119 6350 6359 6323
12636 2 2 115 119 769 6322 768
12637 2 2 115 119 6323 6359 718
12638 2 2 115 119 6349 6362 748
12639 2 2 115 119 6352 6361 6327
12640 2 2 115 119 6327 6363 766
12641 2 2 115 119 6330 6364 6356
12642 2 2 115 119 6329 6362 6349
12643 2 2 115 119 715 6363 6348
12644 2 2 115 119 6322 6352 768
12645 2 2 115 119 6348 6363 6327
12646 2 2 115 119 23 753 765
12647 2 2 115 119 753 754 764
12648 2 2 115 119 765 753 764
$EndElements
