$MeshFormat
2.2 0 8
$EndMeshFormat
$PhysicalNames
23
1 10 "top"
1 11 "bottom"
1 15 "left"
1 16 "right"
1 20 "soil_inner_wall"
1 21 "concrete_outer_wall"
2 1 "concrete"
2 6 "native_soil"
2 101 "layer_1"
2 102 "layer_2"
2 103 "layer_3"
2 104 "layer_4"
2 105 "layer_5"
2 106 "layer_6"
2 107 "layer_7"
2 108 "layer_8"
2 109 "layer_9"
2 110 "layer_10"
2 111 "layer_11"
2 112 "layer_12"
2 113 "layer_13"
2 114 "layer_14"
2 115 "layer_15"
$EndPhysicalNames
$Nodes
2991
1 -1.5 -0 0
2 -1.5 -0.21 0
3 -1.5 -0.42 0
4 -1.5 -0.6300000000000001 0
5 -1.5 -0.8400000000000001 0
6 -1.5 -1.05 0
7 1.5 -1.05 0
8 1.5 -0.8400000000000001 0
9 1.5 -0.6300000000000001 0
10 1.5 -0.42 0
11 1.5 -0.21 0
12 1.5 -0 0
13 -1 -1 0
14 1 -1 0
15 1 -3 0
16 -1 -3 0
17 1.5 -1.245 0
18 1 -1.245 0
19 1 -1.05 0
20 -1 -1.245 0
21 -1 -1.05 0
22 -1.5 -1.245 0
23 1.5 -1.44 0
24 1 -1.44 0
25 -1 -1.44 0
26 -1.5 -1.44 0
27 1.5 -1.635 0
28 1 -1.635 0
29 -1 -1.635 0
30 -1.5 -1.635 0
31 1.5 -1.83 0
32 1 -1.83 0
33 -1 -1.83 0
34 -1.5 -1.83 0
35 1.5 -2.025 0
36 1 -2.025 0
37 -1 -2.025 0
38 -1.5 -2.025 0
39 1.5 -2.22 0
40 1 -2.22 0
41 -1 -2.22 0
42 -1.5 -2.22 0
43 1.5 -2.415 0
44 1 -2.415 0
45 -1 -2.415 0
46 -1.5 -2.415 0
47 1.5 -2.61 0
48 1 -2.61 0
49 -1 -2.61 0
50 -1.5 -2.61 0
51 1.5 -2.805 0
52 1 -2.805 0
53 -1 -2.805 0
54 -1.5 -2.805 0
55 1.5 -3 0
56 -1.5 -3 0
57 -15 0 0
58 -15 -30.5 0
59 15 0 0
60 15 -30.5 0
61 -1 -1 0
62 1 -1 0
63 -1 -3 0
64 1 -3 0
65 -0.8 -1.2 0
66 0.8 -1.2 0
67 0.8 -2.8 0
68 -0.8 -2.8 0
69 -1.5 -0.1399999999999999 0
70 -1.5 -0.06999999999999978 0
71 -1.5 -0.3499999999999999 0
72 -1.5 -0.2799999999999998 0
73 -1.5 -0.5600000000000001 0
74 -1.5 -0.4899999999999999 0
75 -1.5 -0.77 0
76 -1.5 -0.6999999999999998 0
77 -1.5 -0.98 0
78 -1.5 -0.9099999999999998 0
79 1.5 -0.9100000000000001 0
80 1.5 -0.9800000000000003 0
81 1.5 -0.7000000000000002 0
82 1.5 -0.7700000000000004 0
83 1.5 -0.4900000000000002 0
84 1.5 -0.5600000000000003 0
85 1.5 -0.2800000000000001 0
86 1.5 -0.3500000000000003 0
87 1.5 -0.07000000000000012 0
88 1.5 -0.1400000000000002 0
89 -1.411764705882353 0 0
90 -1.323529411764706 0 0
91 -1.235294117647058 0 0
92 -1.147058823529411 0 0
93 -1.058823529411764 0 0
94 -0.970588235294117 0 0
95 -0.8823529411764699 0 0
96 -0.7941176470588228 0 0
97 -0.7058823529411755 0 0
98 -0.6176470588235281 0 0
99 -0.5294117647058807 0 0
100 -0.4411764705882335 0 0
101 -0.3529411764705861 0 0
102 -0.2647058823529387 0 0
103 -0.1764705882352913 0 0
104 -0.08823529411764386 0 0
105 3.108624468950438e-15 0 0
106 0.08823529411764985 0 0
107 0.1764705882352968 0 0
108 0.2647058823529436 0 0
109 0.3529411764705901 0 0
110 0.4411764705882371 0 0
111 0.529411764705884 0 0
112 0.6176470588235303 0 0
113 0.7058823529411775 0 0
114 0.7941176470588243 0 0
115 0.882352941176471 0 0
116 0.9705882352941178 0 0
117 1.058823529411764 0 0
118 1.147058823529411 0 0
119 1.235294117647058 0 0
120 1.323529411764705 0 0
121 1.411764705882352 0 0
122 1.411764705882353 -0.21 0
123 1.323529411764706 -0.21 0
124 1.235294117647058 -0.21 0
125 1.147058823529411 -0.21 0
126 1.058823529411764 -0.21 0
127 0.970588235294117 -0.21 0
128 0.8823529411764699 -0.21 0
129 0.7941176470588228 -0.21 0
130 0.7058823529411755 -0.21 0
131 0.6176470588235281 -0.21 0
132 0.5294117647058807 -0.21 0
133 0.4411764705882335 -0.21 0
134 0.3529411764705861 -0.21 0
135 0.2647058823529387 -0.21 0
136 0.1764705882352913 -0.21 0
137 0.08823529411764386 -0.21 0
138 -3.108624468950438e-15 -0.21 0
139 -0.08823529411764985 -0.21 0
140 -0.1764705882352968 -0.21 0
141 -0.2647058823529436 -0.21 0
142 -0.3529411764705901 -0.21 0
143 -0.4411764705882371 -0.21 0
144 -0.529411764705884 -0.21 0
145 -0.6176470588235303 -0.21 0
146 -0.7058823529411775 -0.21 0
147 -0.7941176470588243 -0.21 0
148 -0.882352941176471 -0.21 0
149 -0.9705882352941178 -0.21 0
150 -1.058823529411764 -0.21 0
151 -1.147058823529411 -0.21 0
152 -1.235294117647058 -0.21 0
153 -1.323529411764705 -0.21 0
154 -1.411764705882352 -0.21 0
155 1.411764705882353 -0.42 0
156 1.323529411764706 -0.42 0
157 1.235294117647058 -0.42 0
158 1.147058823529411 -0.42 0
159 1.058823529411764 -0.42 0
160 0.970588235294117 -0.42 0
161 0.8823529411764699 -0.42 0
162 0.7941176470588228 -0.42 0
163 0.7058823529411755 -0.42 0
164 0.6176470588235281 -0.42 0
165 0.5294117647058807 -0.42 0
166 0.4411764705882335 -0.42 0
167 0.3529411764705861 -0.42 0
168 0.2647058823529387 -0.42 0
169 0.1764705882352913 -0.42 0
170 0.08823529411764386 -0.42 0
171 -3.108624468950438e-15 -0.42 0
172 -0.08823529411764985 -0.42 0
173 -0.1764705882352968 -0.42 0
174 -0.2647058823529436 -0.42 0
175 -0.3529411764705901 -0.42 0
176 -0.4411764705882371 -0.42 0
177 -0.529411764705884 -0.42 0
178 -0.6176470588235303 -0.42 0
179 -0.7058823529411775 -0.42 0
180 -0.7941176470588243 -0.42 0
181 -0.882352941176471 -0.42 0
182 -0.9705882352941178 -0.42 0
183 -1.058823529411764 -0.42 0
184 -1.147058823529411 -0.42 0
185 -1.235294117647058 -0.42 0
186 -1.323529411764705 -0.42 0
187 -1.411764705882352 -0.42 0
188 1.411764705882353 -0.6300000000000001 0
189 1.323529411764706 -0.6300000000000001 0
190 1.235294117647058 -0.6300000000000001 0
191 1.147058823529411 -0.6300000000000001 0
192 1.058823529411764 -0.6300000000000001 0
193 0.970588235294117 -0.6300000000000001 0
194 0.8823529411764699 -0.6300000000000001 0
195 0.7941176470588228 -0.6300000000000001 0
196 0.7058823529411755 -0.6300000000000001 0
197 0.6176470588235281 -0.6300000000000001 0
198 0.5294117647058807 -0.6300000000000001 0
199 0.4411764705882335 -0.6300000000000001 0
200 0.3529411764705861 -0.6300000000000001 0
201 0.2647058823529387 -0.6300000000000001 0
202 0.1764705882352913 -0.6300000000000001 0
203 0.08823529411764386 -0.6300000000000001 0
204 -3.108624468950438e-15 -0.6300000000000001 0
205 -0.08823529411764985 -0.6300000000000001 0
206 -0.1764705882352968 -0.6300000000000001 0
207 -0.2647058823529436 -0.6300000000000001 0
208 -0.3529411764705901 -0.6300000000000001 0
209 -0.4411764705882371 -0.6300000000000001 0
210 -0.529411764705884 -0.6300000000000001 0
211 -0.6176470588235303 -0.6300000000000001 0
212 -0.7058823529411775 -0.6300000000000001 0
213 -0.7941176470588243 -0.6300000000000001 0
214 -0.882352941176471 -0.6300000000000001 0
215 -0.9705882352941178 -0.6300000000000001 0
216 -1.058823529411764 -0.6300000000000001 0
217 -1.147058823529411 -0.6300000000000001 0
218 -1.235294117647058 -0.6300000000000001 0
219 -1.323529411764705 -0.6300000000000001 0
220 -1.411764705882352 -0.6300000000000001 0
221 1.411764705882353 -0.8400000000000001 0
222 1.323529411764706 -0.8400000000000001 0
223 1.235294117647058 -0.8400000000000001 0
224 1.147058823529411 -0.8400000000000001 0
225 1.058823529411764 -0.8400000000000001 0
226 0.970588235294117 -0.8400000000000001 0
227 0.8823529411764699 -0.8400000000000001 0
228 0.7941176470588228 -0.8400000000000001 0
229 0.7058823529411755 -0.8400000000000001 0
230 0.6176470588235281 -0.8400000000000001 0
231 0.5294117647058807 -0.8400000000000001 0
232 0.4411764705882335 -0.8400000000000001 0
233 0.3529411764705861 -0.8400000000000001 0
234 0.2647058823529387 -0.8400000000000001 0
235 0.1764705882352913 -0.8400000000000001 0
236 0.08823529411764386 -0.8400000000000001 0
237 -3.108624468950438e-15 -0.8400000000000001 0
238 -0.08823529411764985 -0.8400000000000001 0
239 -0.1764705882352968 -0.8400000000000001 0
240 -0.2647058823529436 -0.8400000000000001 0
241 -0.3529411764705901 -0.8400000000000001 0
242 -0.4411764705882371 -0.8400000000000001 0
243 -0.529411764705884 -0.8400000000000001 0
244 -0.6176470588235303 -0.8400000000000001 0
245 -0.7058823529411775 -0.8400000000000001 0
246 -0.7941176470588243 -0.8400000000000001 0
247 -0.882352941176471 -0.8400000000000001 0
248 -0.9705882352941178 -0.8400000000000001 0
249 -1.058823529411764 -0.8400000000000001 0
250 -1.147058823529411 -0.8400000000000001 0
251 -1.235294117647058 -0.8400000000000001 0
252 -1.323529411764705 -0.8400000000000001 0
253 -1.411764705882352 -0.8400000000000001 0
254 -0.9130434782608697 -1 0
255 -0.8260869565217395 -1 0
256 -0.7391304347826091 -1 0
257 -0.6521739130434789 -1 0
258 -0.5652173913043486 -1 0
259 -0.478260869565218 -1 0
260 -0.3913043478260875 -1 0
261 -0.3043478260869571 -1 0
262 -0.2173913043478266 -1 0
263 -0.1304347826086962 -1 0
264 -0.04347826086956563 -1 0
265 0.04347826086956497 -1 0
266 0.1304347826086953 -1 0
267 0.2173913043478257 -1 0
268 0.3043478260869561 -1 0
269 0.3913043478260867 -1 0
270 0.4782608695652171 -1 0
271 0.5652173913043479 -1 0
272 0.6521739130434783 -1 0
273 0.7391304347826086 -1 0
274 0.8260869565217392 -1 0
275 0.9130434782608696 -1 0
276 0.9130434782608697 -3 0
277 0.8260869565217395 -3 0
278 0.7391304347826091 -3 0
279 0.6521739130434789 -3 0
280 0.5652173913043486 -3 0
281 0.478260869565218 -3 0
282 0.3913043478260875 -3 0
283 0.3043478260869571 -3 0
284 0.2173913043478266 -3 0
285 0.1304347826086962 -3 0
286 0.04347826086956563 -3 0
287 -0.04347826086956497 -3 0
288 -0.1304347826086953 -3 0
289 -0.2173913043478257 -3 0
290 -0.3043478260869561 -3 0
291 -0.3913043478260867 -3 0
292 -0.4782608695652171 -3 0
293 -0.5652173913043479 -3 0
294 -0.6521739130434783 -3 0
295 -0.7391304347826086 -3 0
296 -0.8260869565217392 -3 0
297 -0.9130434782608696 -3 0
298 1.5 -1.115 0
299 1.5 -1.18 0
300 1.416666666666667 -1.245 0
301 1.333333333333333 -1.245 0
302 1.25 -1.245 0
303 1.166666666666667 -1.245 0
304 1.083333333333333 -1.245 0
305 1 -1.115 0
306 1 -1.18 0
307 1.416666666666667 -1.05 0
308 1.333333333333333 -1.05 0
309 1.25 -1.05 0
310 1.166666666666667 -1.05 0
311 1.083333333333333 -1.05 0
312 -1 -1.18 0
313 -1 -1.115 0
314 -1.083333333333333 -1.245 0
315 -1.166666666666667 -1.245 0
316 -1.25 -1.245 0
317 -1.333333333333333 -1.245 0
318 -1.416666666666667 -1.245 0
319 -1.5 -1.18 0
320 -1.5 -1.115 0
321 -1.083333333333333 -1.05 0
322 -1.166666666666667 -1.05 0
323 -1.25 -1.05 0
324 -1.333333333333333 -1.05 0
325 -1.416666666666667 -1.05 0
326 1.5 -1.31 0
327 1.5 -1.375 0
328 1.416666666666667 -1.44 0
329 1.333333333333333 -1.44 0
330 1.25 -1.44 0
331 1.166666666666667 -1.44 0
332 1.083333333333333 -1.44 0
333 1 -1.31 0
334 1 -1.375 0
335 -1 -1.375 0
336 -1 -1.31 0
337 -1.083333333333333 -1.44 0
338 -1.166666666666667 -1.44 0
339 -1.25 -1.44 0
340 -1.333333333333333 -1.44 0
341 -1.416666666666667 -1.44 0
342 -1.5 -1.375 0
343 -1.5 -1.31 0
344 1.5 -1.505 0
345 1.5 -1.57 0
346 1.416666666666667 -1.635 0
347 1.333333333333333 -1.635 0
348 1.25 -1.635 0
349 1.166666666666667 -1.635 0
350 1.083333333333333 -1.635 0
351 1 -1.505 0
352 1 -1.57 0
353 -1 -1.57 0
354 -1 -1.505 0
355 -1.083333333333333 -1.635 0
356 -1.166666666666667 -1.635 0
357 -1.25 -1.635 0
358 -1.333333333333333 -1.635 0
359 -1.416666666666667 -1.635 0
360 -1.5 -1.57 0
361 -1.5 -1.505 0
362 1.5 -1.7 0
363 1.5 -1.765 0
364 1.416666666666667 -1.83 0
365 1.333333333333333 -1.83 0
366 1.25 -1.83 0
367 1.166666666666667 -1.83 0
368 1.083333333333333 -1.83 0
369 1 -1.7 0
370 1 -1.765 0
371 -1 -1.765 0
372 -1 -1.7 0
373 -1.083333333333333 -1.83 0
374 -1.166666666666667 -1.83 0
375 -1.25 -1.83 0
376 -1.333333333333333 -1.83 0
377 -1.416666666666667 -1.83 0
378 -1.5 -1.765 0
379 -1.5 -1.7 0
380 1.5 -1.895 0
381 1.5 -1.96 0
382 1.416666666666667 -2.025 0
383 1.333333333333333 -2.025 0
384 1.25 -2.025 0
385 1.166666666666667 -2.025 0
386 1.083333333333333 -2.025 0
387 1 -1.895 0
388 1 -1.96 0
389 -1 -1.96 0
390 -1 -1.895 0
391 -1.083333333333333 -2.025 0
392 -1.166666666666667 -2.025 0
393 -1.25 -2.025 0
394 -1.333333333333333 -2.025 0
395 -1.416666666666667 -2.025 0
396 -1.5 -1.96 0
397 -1.5 -1.895 0
398 1.5 -2.09 0
399 1.5 -2.155 0
400 1.416666666666667 -2.22 0
401 1.333333333333333 -2.22 0
402 1.25 -2.22 0
403 1.166666666666667 -2.22 0
404 1.083333333333333 -2.22 0
405 1 -2.09 0
406 1 -2.155 0
407 -1 -2.155 0
408 -1 -2.09 0
409 -1.083333333333333 -2.22 0
410 -1.166666666666667 -2.22 0
411 -1.25 -2.22 0
412 -1.333333333333333 -2.22 0
413 -1.416666666666667 -2.22 0
414 -1.5 -2.155 0
415 -1.5 -2.09 0
416 1.5 -2.285 0
417 1.5 -2.35 0
418 1.416666666666667 -2.415 0
419 1.333333333333333 -2.415 0
420 1.25 -2.415 0
421 1.166666666666667 -2.415 0
422 1.083333333333333 -2.415 0
423 1 -2.285 0
424 1 -2.35 0
425 -1 -2.35 0
426 -1 -2.285 0
427 -1.083333333333333 -2.415 0
428 -1.166666666666667 -2.415 0
429 -1.25 -2.415 0
430 -1.333333333333333 -2.415 0
431 -1.416666666666667 -2.415 0
432 -1.5 -2.35 0
433 -1.5 -2.285 0
434 1.5 -2.48 0
435 1.5 -2.545 0
436 1.416666666666667 -2.61 0
437 1.333333333333333 -2.61 0
438 1.25 -2.61 0
439 1.166666666666667 -2.61 0
440 1.083333333333333 -2.61 0
441 1 -2.48 0
442 1 -2.545 0
443 -1 -2.545 0
444 -1 -2.48 0
445 -1.083333333333333 -2.61 0
446 -1.166666666666667 -2.61 0
447 -1.25 -2.61 0
448 -1.333333333333333 -2.61 0
449 -1.416666666666667 -2.61 0
450 -1.5 -2.545 0
451 -1.5 -2.48 0
452 1.5 -2.675 0
453 1.5 -2.74 0
454 1.416666666666667 -2.805 0
455 1.333333333333333 -2.805 0
456 1.25 -2.805 0
457 1.166666666666667 -2.805 0
458 1.083333333333333 -2.805 0
459 1 -2.675 0
460 1 -2.74 0
461 -1 -2.74 0
462 -1 -2.675 0
463 -1.083333333333333 -2.805 0
464 -1.166666666666667 -2.805 0
465 -1.25 -2.805 0
466 -1.333333333333333 -2.805 0
467 -1.416666666666667 -2.805 0
468 -1.5 -2.74 0
469 -1.5 -2.675 0
470 1.5 -2.87 0
471 1.5 -2.935 0
472 1.416666666666667 -3 0
473 1.333333333333333 -3 0
474 1.25 -3 0
475 1.166666666666667 -3 0
476 1.083333333333333 -3 0
477 1 -2.87 0
478 1 -2.935 0
479 -1 -2.935 0
480 -1 -2.87 0
481 -1.083333333333333 -3 0
482 -1.166666666666667 -3 0
483 -1.25 -3 0
484 -1.333333333333333 -3 0
485 -1.416666666666667 -3 0
486 -1.5 -2.935 0
487 -1.5 -2.87 0
488 -15 -0.9838709677419355 0
489 -15 -1.967741935483871 0
490 -15 -2.951612903225806 0
491 -15 -3.935483870967742 0
492 -15 -4.919354838709678 0
493 -15 -5.903225806451613 0
494 -15 -6.887096774193548 0
495 -15 -7.870967741935484 0
496 -15 -8.85483870967742 0
497 -15 -9.838709677419356 0
498 -15 -10.82258064516129 0
499 -15 -11.80645161290323 0
500 -15 -12.79032258064516 0
501 -15 -13.7741935483871 0
502 -15 -14.75806451612903 0
503 -15 -15.74193548387097 0
504 -15 -16.7258064516129 0
505 -15 -17.70967741935484 0
506 -15 -18.69354838709678 0
507 -15 -19.67741935483871 0
508 -15 -20.66129032258064 0
509 -15 -21.64516129032258 0
510 -15 -22.62903225806452 0
511 -15 -23.61290322580645 0
512 -15 -24.59677419354839 0
513 -15 -25.58064516129032 0
514 -15 -26.56451612903226 0
515 -15 -27.54838709677419 0
516 -15 -28.53225806451613 0
517 -15 -29.51612903225806 0
518 -1.601553966657182 0 0
519 -1.73786727487391 0 0
520 -1.920837160066501 0 0
521 -2.166432931395715 0 0
522 -2.496089889327727 0 0
523 -2.938579986639976 0 0
524 -3.532523192576168 0 0
525 -4.329757991565998 0 0
526 -5.295640756330648 0 0
527 -6.26607668069758 0 0
528 -7.236512605064519 0 0
529 -8.206948529431454 0 0
530 -9.177384453798389 0 0
531 -10.14782037816532 0 0
532 -11.11825630253226 0 0
533 -12.08869222689919 0 0
534 -13.05912815126613 0 0
535 -14.02956407563306 0 0
536 14.02956407563306 0 0
537 13.05912815126612 0 0
538 12.08869222689918 0 0
539 11.11825630253224 0 0
540 10.1478203781653 0 0
541 9.177384453798354 0 0
542 8.206948529431413 0 0
543 7.236512605064473 0 0
544 6.266076680697532 0 0
545 5.295640756330592 0 0
546 4.329757991565936 0 0
547 3.53252319257613 0 0
548 2.938579986639942 0 0
549 2.49608988932771 0 0
550 2.166432931395704 0 0
551 1.920837160066489 0 0
552 1.737867274873903 0 0
553 1.60155396665718 0 0
554 15 -29.51612903225806 0
555 15 -28.53225806451613 0
556 15 -27.54838709677419 0
557 15 -26.56451612903226 0
558 15 -25.58064516129032 0
559 15 -24.59677419354839 0
560 15 -23.61290322580645 0
561 15 -22.62903225806452 0
562 15 -21.64516129032258 0
563 15 -20.66129032258064 0
564 15 -19.67741935483871 0
565 15 -18.69354838709678 0
566 15 -17.70967741935484 0
567 15 -16.7258064516129 0
568 15 -15.74193548387097 0
569 15 -14.75806451612903 0
570 15 -13.7741935483871 0
571 15 -12.79032258064516 0
572 15 -11.80645161290322 0
573 15 -10.82258064516129 0
574 15 -9.838709677419356 0
575 15 -8.85483870967742 0
576 15 -7.870967741935484 0
577 15 -6.887096774193548 0
578 15 -5.903225806451612 0
579 15 -4.919354838709676 0
580 15 -3.93548387096774 0
581 15 -2.951612903225808 0
582 15 -1.967741935483872 0
583 15 -0.9838709677419359 0
584 -14 -30.5 0
585 -13 -30.5 0
586 -12 -30.5 0
587 -11 -30.5 0
588 -10 -30.5 0
589 -9 -30.5 0
590 -8 -30.5 0
591 -7 -30.5 0
592 -6 -30.5 0
593 -5 -30.5 0
594 -4 -30.5 0
595 -3 -30.5 0
596 -2 -30.5 0
597 -1 -30.5 0
598 0 -30.5 0
599 1 -30.5 0
600 2 -30.5 0
601 3 -30.5 0
602 4 -30.5 0
603 5 -30.5 0
604 6 -30.5 0
605 7 -30.5 0
606 8 -30.5 0
607 9 -30.5 0
608 10 -30.5 0
609 11 -30.5 0
610 12 -30.5 0
611 13 -30.5 0
612 14 -30.5 0
613 -0.9130434782608697 -1 0
614 -0.8260869565217395 -1 0
615 -0.7391304347826091 -1 0
616 -0.6521739130434789 -1 0
617 -0.5652173913043486 -1 0
618 -0.478260869565218 -1 0
619 -0.3913043478260875 -1 0
620 -0.3043478260869571 -1 0
621 -0.2173913043478266 -1 0
622 -0.1304347826086962 -1 0
623 -0.04347826086956563 -1 0
624 0.04347826086956497 -1 0
625 0.1304347826086953 -1 0
626 0.2173913043478257 -1 0
627 0.3043478260869561 -1 0
628 0.3913043478260867 -1 0
629 0.4782608695652171 -1 0
630 0.5652173913043479 -1 0
631 0.6521739130434783 -1 0
632 0.7391304347826086 -1 0
633 0.8260869565217392 -1 0
634 0.9130434782608696 -1 0
635 -1 -2.91304347826087 0
636 -1 -2.826086956521739 0
637 -1 -2.739130434782609 0
638 -1 -2.652173913043479 0
639 -1 -2.565217391304349 0
640 -1 -2.478260869565218 0
641 -1 -2.391304347826087 0
642 -1 -2.304347826086957 0
643 -1 -2.217391304347827 0
644 -1 -2.130434782608696 0
645 -1 -2.043478260869565 0
646 -1 -1.956521739130435 0
647 -1 -1.869565217391305 0
648 -1 -1.782608695652174 0
649 -1 -1.695652173913044 0
650 -1 -1.608695652173913 0
651 -1 -1.521739130434783 0
652 -1 -1.434782608695652 0
653 -1 -1.347826086956522 0
654 -1 -1.260869565217391 0
655 -1 -1.173913043478261 0
656 -1 -1.08695652173913 0
657 1 -1.08695652173913 0
658 1 -1.173913043478261 0
659 1 -1.260869565217391 0
660 1 -1.347826086956521 0
661 1 -1.434782608695651 0
662 1 -1.521739130434782 0
663 1 -1.608695652173913 0
664 1 -1.695652173913043 0
665 1 -1.782608695652173 0
666 1 -1.869565217391304 0
667 1 -1.956521739130434 0
668 1 -2.043478260869565 0
669 1 -2.130434782608695 0
670 1 -2.217391304347826 0
671 1 -2.304347826086956 0
672 1 -2.391304347826087 0
673 1 -2.478260869565217 0
674 1 -2.565217391304348 0
675 1 -2.652173913043478 0
676 1 -2.739130434782608 0
677 1 -2.826086956521739 0
678 1 -2.91304347826087 0
679 0.9130434782608697 -3 0
680 0.8260869565217395 -3 0
681 0.7391304347826091 -3 0
682 0.6521739130434789 -3 0
683 0.5652173913043486 -3 0
684 0.478260869565218 -3 0
685 0.3913043478260875 -3 0
686 0.3043478260869571 -3 0
687 0.2173913043478266 -3 0
688 0.1304347826086962 -3 0
689 0.04347826086956563 -3 0
690 -0.04347826086956497 -3 0
691 -0.1304347826086953 -3 0
692 -0.2173913043478257 -3 0
693 -0.3043478260869561 -3 0
694 -0.3913043478260867 -3 0
695 -0.4782608695652171 -3 0
696 -0.5652173913043479 -3 0
697 -0.6521739130434783 -3 0
698 -0.7391304347826086 -3 0
699 -0.8260869565217392 -3 0
700 -0.9130434782608696 -3 0
701 -0.711111111111111 -1.2 0
702 -0.622222222222222 -1.2 0
703 -0.533333333333333 -1.2 0
704 -0.4444444444444439 -1.2 0
705 -0.355555555555555 -1.2 0
706 -0.2666666666666659 -1.2 0
707 -0.1777777777777769 -1.2 0
708 -0.0888888888888878 -1.2 0
709 1.110223024625157e-15 -1.2 0
710 0.08888888888888979 -1.2 0
711 0.1777777777777785 -1.2 0
712 0.2666666666666673 -1.2 0
713 0.3555555555555563 -1.2 0
714 0.4444444444444449 -1.2 0
715 0.5333333333333339 -1.2 0
716 0.6222222222222225 -1.2 0
717 0.7111111111111112 -1.2 0
718 0.8 -1.288888888888889 0
719 0.8 -1.377777777777778 0
720 0.8 -1.466666666666667 0
721 0.8 -1.555555555555556 0
722 0.8 -1.644444444444445 0
723 0.8 -1.733333333333334 0
724 0.8 -1.822222222222223 0
725 0.8 -1.911111111111112 0
726 0.8 -2.000000000000001 0
727 0.8 -2.088888888888889 0
728 0.8 -2.177777777777778 0
729 0.8 -2.266666666666667 0
730 0.8 -2.355555555555556 0
731 0.8 -2.444444444444445 0
732 0.8 -2.533333333333333 0
733 0.8 -2.622222222222222 0
734 0.8 -2.711111111111111 0
735 0.711111111111111 -2.8 0
736 0.622222222222222 -2.8 0
737 0.533333333333333 -2.8 0
738 0.4444444444444439 -2.8 0
739 0.355555555555555 -2.8 0
740 0.2666666666666659 -2.8 0
741 0.1777777777777769 -2.8 0
742 0.0888888888888878 -2.8 0
743 -1.110223024625157e-15 -2.8 0
744 -0.08888888888888979 -2.8 0
745 -0.1777777777777785 -2.8 0
746 -0.2666666666666673 -2.8 0
747 -0.3555555555555563 -2.8 0
748 -0.4444444444444449 -2.8 0
749 -0.5333333333333339 -2.8 0
750 -0.6222222222222225 -2.8 0
751 -0.7111111111111112 -2.8 0
752 -0.8 -2.711111111111111 0
753 -0.8 -2.622222222222222 0
754 -0.8 -2.533333333333333 0
755 -0.8 -2.444444444444444 0
756 -0.8 -2.355555555555555 0
757 -0.8 -2.266666666666666 0
758 -0.8 -2.177777777777777 0
759 -0.8 -2.088888888888888 0
760 -0.8 -1.999999999999999 0
761 -0.8 -1.91111111111111 0
762 -0.8 -1.822222222222221 0
763 -0.8 -1.733333333333333 0
764 -0.8 -1.644444444444444 0
765 -0.8 -1.555555555555555 0
766 -0.8 -1.466666666666666 0
767 -0.8 -1.377777777777778 0
768 -0.8 -1.288888888888889 0
769 0.8678594018634566 -2.91889514647031 0
770 -0.9188951464703102 -2.867859401863456 0
771 0.9188951464703102 -1.132140598136544 0
772 -0.8678594018634566 -1.08110485352969 0
773 0.9300294034552734 -2.78599780169445 0
774 -0.9300294034552735 -1.21400219830555 0
775 0.7859978016944502 -1.069970596544727 0
776 -0.7859978016944502 -2.930029403455273 0
777 -0.9274237662554876 -2.700805152979066 0
778 -0.7008051529790663 -1.072576233744512 0
779 0.7008051529790664 -2.927423766255488 0
780 0.9274237662554876 -1.299194847020934 0
781 -0.6132045088566827 -2.927573495170944 0
782 0.6132045088566828 -1.072426504829055 0
783 -0.9275734951709447 -1.386795491143317 0
784 0.9275734951709447 -2.613204508856683 0
785 -0.927733206014099 -2.5256038647343 0
786 -0.5256038647342998 -1.072266793985901 0
787 0.5256038647342998 -2.927733206014099 0
788 0.9277332060140991 -1.4743961352657 0
789 0.92790289878495 -2.438003220611916 0
790 0.4380032206119162 -1.07209710121505 0
791 -0.4380032206119162 -2.92790289878495 0
792 -0.92790289878495 -1.561996779388084 0
793 0.3504025764895331 -2.928082573483498 0
794 0.9280825734834988 -1.649597423510467 0
795 -0.3504025764895331 -1.071917426516502 0
796 -0.9280825734834985 -2.350402576489533 0
797 -0.2628019323671497 -2.928272230109744 0
798 0.928272230109744 -2.26280193236715 0
799 0.2628019323671497 -1.071727769890256 0
800 -0.9282722301097439 -1.73719806763285 0
801 0.1770469557173256 -2.929537465275803 0
802 -0.1770469557173256 -1.070462534724197 0
803 -0.9295374652758032 -2.177046955717326 0
804 0.9295374652758033 -1.822953044282674 0
805 0.08817042786928492 -1.072760727327568 0
806 -0.08817042786928492 -2.927239272672432 0
807 -0.9272392726724323 -1.911829572130715 0
808 0.9272392726724323 -2.088170427869285 0
809 -0.04423291709352635 -1.135917801039795 0
810 0.04423291709352632 -2.864082198960205 0
811 0.864082198960205 -1.955767082906474 0
812 -0.864082198960205 -2.044232917093526 0
813 -0.7846343007518325 -1.070849266123892 0
814 0.5268921095008051 -1.071251876042979 0
815 0.7846343007518325 -2.929150733876108 0
816 -0.5268921095008052 -2.928748123957021 0
817 -0.9291507338761084 -2.784634300751832 0
818 0.9287931016434642 -2.702121480099907 0
819 -0.3512614063338702 -2.929213947249554 0
820 -0.263753665995829 -1.070355577813432 0
821 -0.9287481239570213 -1.473107890499195 0
822 0.2637536659958291 -2.929644422186568 0
823 0.1757256671247521 -1.070507361922344 0
824 0.4390767579173376 -2.928974380984823 0
825 -0.1757256671247521 -2.929492638077656 0
826 -0.702121480099907 -2.928793101643464 0
827 -0.9296444221865678 -2.263753665995829 0
828 0.9294926380776563 -2.175725667124752 0
829 0.9292139472495543 -2.35126140633387 0
830 0.9291507338761084 -1.215365699248168 0
831 -0.9292139472495542 -1.64873859366613 0
832 0.3512614063338702 -1.070786052750446 0
833 -0.4390767579173376 -1.071025619015177 0
834 0.9287481239570212 -2.526892109500805 0
835 -0.929492638077656 -1.824274332875248 0
836 0.9296444221865681 -1.736246334004171 0
837 0.9289743809848234 -1.560923242082662 0
838 -0.6147074610842729 -1.071464823833851 0
839 0.9285351761661493 -1.385292538915727 0
840 0.6147074610842729 -2.928535176166149 0
841 0.702121480099907 -1.071206898356536 0
842 -0.9287931016434641 -1.297878519900093 0
843 -0.9285351761661493 -2.614707461084273 0
844 -0.9289743809848232 -2.439076757917337 0
845 -0.8690052430299311 -2.932091949257289 0
846 0.8690052430299311 -1.067908050742711 0
847 -0.9320919492572886 -1.130994756970069 0
848 0.9320919492572887 -2.869005243029931 0
849 -0.9306979054125306 -1.9927178157164 0
850 0.9306979054125305 -2.0072821842836 0
851 0.007282184283599966 -1.069302094587469 0
852 -0.0072821842836001 -2.930697905412531 0
853 -0.9310360258343313 -2.095126394003505 0
854 0.9310360258343315 -1.904873605996495 0
855 0.09512639400350491 -2.931036025834331 0
856 -0.09512639400350489 -1.068963974165668 0
857 0.8616729414550324 -2.044444444444445 0
858 0.04444444444444545 -1.138327058544968 0
859 -0.04444444444444546 -2.861672941455033 0
860 -0.8616729414550323 -1.955555555555554 0
861 -0.8618489159622844 -2.133563062079308 0
862 -0.1335630620793084 -1.138151084037716 0
863 0.8618489159622844 -1.866436937920692 0
864 0.1335630620793084 -2.861848915962284 0
865 -0.1333333333333341 -2.861029107118568 0
866 0.8610291071185675 -2.133333333333334 0
867 -0.8610291071185675 -1.866666666666666 0
868 0.1333333333333341 -1.138970892881432 0
869 0.8604152185651945 -1.777777777777779 0
870 -0.2222222222222214 -1.139584781434806 0
871 -0.860415218565194 -2.222222222222221 0
872 0.2222222222222214 -2.860415218565195 0
873 0.8604152185651933 -2.222222222222223 0
874 0.2222222222222228 -1.139584781434807 0
875 -0.2222222222222228 -2.860415218565194 0
876 -0.8604152185651933 -1.777777777777777 0
877 -0.8598312757949118 -2.31111111111111 0
878 0.3111111111111105 -2.859831275794912 0
879 0.8598312757949117 -1.68888888888889 0
880 -0.3111111111111105 -1.140168724205088 0
881 -0.3111111111111119 -2.859831275794912 0
882 0.8598312757949117 -2.311111111111112 0
883 0.3111111111111118 -1.140168724205088 0
884 -0.8598312757949114 -1.688888888888888 0
885 0.8592772788077211 -1.600000000000001 0
886 -0.3999999999999994 -1.140722721192279 0
887 0.3999999999999994 -2.859277278807721 0
888 -0.8592772788077211 -2.399999999999999 0
889 0.8592772788077205 -2.4 0
890 -0.4000000000000006 -2.859277278807721 0
891 0.4000000000000005 -1.14072272119228 0
892 -0.8592772788077201 -1.599999999999999 0
893 -0.867743208273653 -1.170003527997548 0
894 0.8677432082736535 -2.829996472002451 0
895 -0.8299964720024511 -2.867743208273653 0
896 0.8299964720024512 -1.132256791726347 0
897 0.8587532276036217 -1.511111111111112 0
898 0.4888888888888883 -2.858753227603621 0
899 -0.8587532276036212 -2.488888888888888 0
900 -0.4888888888888882 -1.141246772396378 0
901 0.4888888888888895 -1.141246772396379 0
902 -0.4888888888888895 -2.858753227603621 0
903 -0.858753227603621 -1.511111111111111 0
904 0.8587532276036208 -2.488888888888889 0
905 0.5777777777777777 -2.858259122182614 0
906 -0.5777777777777777 -1.141740877817387 0
907 0.8582591221826135 -1.422222222222222 0
908 -0.8582591221826135 -2.577777777777778 0
909 -0.8582591221826127 -1.422222222222222 0
910 0.5777777777777781 -1.141740877817387 0
911 -0.5777777777777781 -2.858259122182613 0
912 0.8582591221826127 -2.577777777777778 0
913 0.8577949625446964 -2.666666666666667 0
914 0.6666666666666666 -2.857794962544696 0
915 0.666666666666667 -1.142205037455304 0
916 -0.8577949625446964 -1.333333333333333 0
917 -0.6666666666666666 -1.142205037455304 0
918 -0.666666666666667 -2.857794962544697 0
919 0.8577949625446961 -1.333333333333333 0
920 -0.8577949625446961 -2.666666666666666 0
921 0.7533104927771955 -2.859158164366414 0
922 -0.8573607486898704 -1.244444444444444 0
923 0.8573607486898709 -2.755555555555555 0
924 0.7555555555555556 -1.14263925131013 0
925 -0.7555555555555558 -2.857360748689871 0
926 0.8591581643664139 -1.246689507222804 0
927 -0.7533104927771956 -1.140841835633586 0
928 -0.8591581643664141 -2.753310492777195 0
929 0.9367861509082558 -1.063213849091744 0
930 -0.9367861509082557 -1.063213849091744 0
931 0.9367861509082557 -2.936786150908256 0
932 -0.9367861509082558 -2.936786150908256 0
933 0.8183683028085672 -2.871224741840982 0
934 -0.8712247418409822 -2.818368302808568 0
935 0.8712247418409825 -1.181631697191432 0
936 -0.8183683028085676 -1.128775258159017 0
937 -1.440315633865142 -0.1029706171156768 0
938 1.440315633865143 -0.1070293828843685 0
939 -1.102941176470588 -0.1335859937837274 0
940 1.102941176470588 -0.07641400621627348 0
941 -1.263845045629847 -0.1404970043138203 0
942 -0.9264705882352943 -0.1335859937837274 0
943 0.9264705882352943 -0.07641400621627348 0
944 1.263845045629849 -0.06950299568621077 0
945 -0.6617647058823539 -0.1335859937837274 0
946 0.6617647058823539 -0.07641400621627348 0
947 -0.4852941176470606 -0.1335859937837274 0
948 0.4852941176470606 -0.07641400621627348 0
949 -0.3088235294117668 -0.1335859937837274 0
950 0.3088235294117668 -0.07641400621627348 0
951 -0.05882352941176562 -0.140000000000013 0
952 0.1323529411764733 -0.07641400621627348 0
953 -0.220588235294115 -0.07641400621627348 0
954 0.220588235294115 -0.1335859937837274 0
955 0.3970588235294098 -0.1335859937837274 0
956 0.5735294117647045 -0.1335859937837274 0
957 -0.8529411764705879 -0.0700000000000145 0
958 0.8529411764705879 -0.140000000000013 0
959 -1.188952653577372 -0.07765584634658396 0
960 1.01470588235294 -0.1335859937837274 0
961 1.188952653577373 -0.1323441536534578 0
962 -1.01470588235294 -0.07641400621627348 0
963 -0.5735294117647045 -0.07641400621627348 0
964 -0.3970588235294098 -0.07641400621627348 0
965 0.04411764705882038 -0.1335859937837274 0
966 0.7499999999999991 -0.1335859937837203 0
967 -0.7499999999999991 -0.07641400621628236 0
968 -0.1200980392156849 -0.07106900103605795 0
969 -1.363199424801805 -0.1370330329693381 0
970 1.363199424801805 -0.0729669670307036 0
971 -1.379017215660177 -0.05575192940225548 0
972 1.379017215660177 -0.1542480705977933 0
973 0.5735294117647067 -0.0572828012432538 0
974 0.2205882352941191 -0.0572828012432538 0
975 0.3970588235294129 -0.0572828012432538 0
976 0.04411764705882526 -0.05390158526569166 0
977 0.8259803921568629 -0.06825132105473486 0
978 1.014705882352941 -0.05728280124325735 0
979 1.187618363370855 -0.05565223111118911 0
980 -0.0298202614379076 -0.06642609668091382 0
981 -1.102496413068415 -0.0575311692693159 0
982 -0.9294117647058819 -0.05600000000000271 0
983 -1.288622155282748 -0.06592343288336977 0
984 -0.4852941176470578 -0.0572828012432538 0
985 -0.5735294117647067 -0.1527171987567435 0
986 -0.6617647058823523 -0.05728280124325735 0
987 -0.3088235294117633 -0.0572828012432538 0
988 -0.2205882352941191 -0.1560984147343216 0
989 -0.397058823529413 -0.1527171987567435 0
990 -1.014705882352941 -0.1527171987567471 0
991 -0.8259803921568629 -0.1417486789452838 0
992 -1.187618363370855 -0.154347768888826 0
993 0.1323529411764688 -0.1527171987567471 0
994 1.102496413068415 -0.1524688307306938 0
995 0.9294117647058817 -0.1540000000000035 0
996 1.288622155282748 -0.1440765671166737 0
997 0.4852941176470578 -0.1527171987567471 0
998 0.6617647058823523 -0.1527171987567435 0
999 0.3088235294117633 -0.1527171987567471 0
1000 0.7475490196078436 -0.05565026421094466 0
1001 -0.7475490196078436 -0.1543497357890597 0
1002 -0.1474673202614385 -0.1439302369977806 0
1003 -1.44305595290986 -0.1600007300170034 0
1004 1.44305595290986 -0.04999926998301518 0
1005 -1.446219511081535 -0.04574450930358864 0
1006 1.446219511081535 -0.1642554906964335 0
1007 -1.440315633865159 -0.3129706171156172 0
1008 1.440315633865161 -0.3129706171156439 0
1009 -0.5735294117647088 -0.2864140062162743 0
1010 -0.3088235294117669 -0.3435859937837265 0
1011 -0.1323529411764734 -0.2864140062162743 0
1012 -0.8382352941176475 -0.3435859937837265 0
1013 0.04411764705881827 -0.3435859937837265 0
1014 -1.014705882352942 -0.2864140062162743 0
1015 -1.191176470588234 -0.2864140062162743 0
1016 0.9264705882352923 -0.3435859937837265 0
1017 1.102941176470585 -0.3435859937837265 0
1018 0.749999999999999 -0.2864140062162743 0
1019 0.485294117647057 -0.3435859937837265 0
1020 1.263845045629858 -0.3504970043137998 0
1021 0.3235294117647036 -0.3499999999999996 0
1022 1.188952653577374 -0.2876558463465493 0
1023 0.1323529411764676 -0.2864140062162743 0
1024 -0.4852941176470607 -0.3435859937837265 0
1025 1.01470588235294 -0.2864140062162743 0
1026 0.5735294117647045 -0.2864140062162743 0
1027 -1.263845045629857 -0.3504970043137998 0
1028 -0.3970588235294137 -0.2864140062162743 0
1029 -0.750000000000001 -0.2864140062162743 0
1030 0.3991596638655441 -0.2875848457302936 0
1031 0.6617647058823516 -0.3435859937837265 0
1032 -1.102941176470587 -0.3435859937837265 0
1033 -0.6617647058823538 -0.3435859937837265 0
1034 0.2205882352941149 -0.3435859937837407 0
1035 -0.9117647058823534 -0.2799999999999656 0
1036 0.8529411764705874 -0.2799999999999727 0
1037 -0.2352941176470612 -0.2799999999999709 0
1038 -0.02941176470588569 -0.2799999999999727 0
1039 -1.363199424801808 -0.3470330329692839 0
1040 1.363199424801817 -0.3470330329693123 0
1041 -1.379017215660187 -0.2657519294021995 0
1042 1.379017215660183 -0.2657519294022066 0
1043 -0.9387254901960789 -0.3517486789452668 0
1044 -0.2083333333333358 -0.3517486789452668 0
1045 -0.05637254901961117 -0.3517486789452668 0
1046 0.8259803921568617 -0.3517486789452668 0
1047 0.220588235294115 -0.263901585265673 0
1048 -0.6617647058823543 -0.2672828012432547 0
1049 -0.4852941176470609 -0.2672828012432547 0
1050 -0.3117647058823551 -0.2659999999999965 0
1051 0.04705882352940818 -0.2659999999999929 0
1052 -0.8352941176470594 -0.2659999999999929 0
1053 -1.102941176470588 -0.2672828012432547 0
1054 -1.292676947681975 -0.2782826621502608 0
1055 0.9294117647058813 -0.2659999999999965 0
1056 1.102496413068415 -0.2675311692693096 0
1057 1.288622155282751 -0.2759234328833244 0
1058 0.4857142857142839 -0.2675169691460599 0
1059 -0.5735294117647075 -0.3627171987567461 0
1060 0.6617647058823517 -0.2672828012432547 0
1061 0.2969187675070004 -0.2775120707966181 0
1062 -0.1323529411764734 -0.3659822728213609 0
1063 -0.3970588235294137 -0.3627171987567461 0
1064 -0.7500000000000008 -0.3627171987567461 0
1065 -1.017156862745098 -0.3643497357890535 0
1066 -1.18806312677303 -0.3640994008627576 0
1067 1.01470588235294 -0.3627171987567461 0
1068 0.7475490196078421 -0.3643497357890535 0
1069 0.1323529411764672 -0.3627171987567479 0
1070 1.187618363370857 -0.3643477688888161 0
1071 0.5735294117647044 -0.3627171987567461 0
1072 0.4004201680672249 -0.3642341679028043 0
1073 -1.446219511081539 -0.2557445093035646 0
1074 -1.443055952909864 -0.3700007300169794 0
1075 1.443055952909867 -0.3700007300169901 0
1076 1.446219511081539 -0.25574450930357 0
1077 1.440315633865151 -0.5270293828843702 0
1078 -1.440315633865149 -0.5229706171156572 0
1079 -0.5735294117647053 -0.4964140062162734 0
1080 -0.3088235294117685 -0.4964140062162734 0
1081 -0.1323529411764733 -0.4964140062162734 0
1082 -0.7500000000000009 -0.5535859937837273 0
1083 -0.9264705882352943 -0.5535859937837273 0
1084 -1.102941176470588 -0.5535859937837273 0
1085 -1.263845045629852 -0.5604970043138149 0
1086 0.04411764705882037 -0.4964140062162734 0
1087 0.9264705882352934 -0.4964140062162734 0
1088 1.102941176470588 -0.4964140062162734 0
1089 1.263845045629854 -0.4895029956862142 0
1090 0.4852941176470571 -0.4964140062162734 0
1091 0.749999999999999 -0.4964140062162734 0
1092 0.3088235294117624 -0.4964140062162734 0
1093 -0.2205882352941202 -0.5535859937837273 0
1094 -1.188952653577373 -0.4976558463465732 0
1095 -0.8382352941176475 -0.4964140062162734 0
1096 -1.014705882352942 -0.4964140062162734 0
1097 -0.04411764705882648 -0.5535859937837273 0
1098 1.01470588235294 -0.5535859937837273 0
1099 0.5735294117647045 -0.5535859937837273 0
1100 0.3970588235294098 -0.5535859937837273 0
1101 0.1323529411764676 -0.5535859937837273 0
1102 0.8382352941176467 -0.5535859937837273 0
1103 1.188952653577373 -0.552344153653447 0
1104 -0.3970588235294136 -0.5535859937837273 0
1105 -0.6764705882352948 -0.4900000000000073 0
1106 -0.5000000000000012 -0.5600000000000165 0
1107 0.2058823529411738 -0.4900000000000055 0
1108 0.6764705882352928 -0.5600000000000129 0
1109 1.363199424801807 -0.4929669670306964 0
1110 -1.363199424801808 -0.5570330329693238 0
1111 -1.379017215660178 -0.4757519294022412 0
1112 1.379017215660181 -0.5742480705977826 0
1113 0.6495098039215673 -0.4882513210547437 0
1114 -0.4730392156862757 -0.4882513210547437 0
1115 -0.3946078431372571 -0.4756502642109481 0
1116 -0.2205882352941205 -0.4772828012432537 0
1117 -1.102496413068416 -0.477531169269314 0
1118 -0.04411764705882648 -0.4772828012432555 0
1119 -0.7529411764705891 -0.4760000000000009 0
1120 -0.9264705882352946 -0.4772828012432555 0
1121 -1.288622155282749 -0.4859234328833608 0
1122 -0.576470588235295 -0.577381215977578 0
1123 -0.6500000000000006 -0.5628968693295988 0
1124 0.1294117647058794 -0.4760000000000009 0
1125 1.187618363370857 -0.4756522311111855 0
1126 0.5710784313725475 -0.4756502642109481 0
1127 0.3970588235294097 -0.4772828012432555 0
1128 -0.3088235294117672 -0.5727171987567452 0
1129 1.014705882352941 -0.4772828012432537 0
1130 0.8382352941176464 -0.4772828012432555 0
1131 -0.8382352941176476 -0.5727171987567452 0
1132 -1.014705882352941 -0.5727171987567452 0
1133 -1.187618363370857 -0.5743477688888241 0
1134 -0.1323529411764733 -0.5727171987567452 0
1135 0.04411764705882044 -0.5727171987567452 0
1136 0.7529411764705873 -0.5740000000000034 0
1137 1.102496413068415 -0.5724688307306902 0
1138 1.288622155282749 -0.5640765671166665 0
1139 0.4852941176470572 -0.5727171987567452 0
1140 0.9264705882352934 -0.5727171987567452 0
1141 0.3088235294117625 -0.5760984147343198 0
1142 0.2328431372548994 -0.5626830691223894 0
1143 -1.446219511081536 -0.4657445093035779 0
1144 -1.443055952909862 -0.5800007300169963 0
1145 1.446219511081537 -0.5842554906964317 0
1146 1.443055952909862 -0.4699992699830133 0
1147 -1.440315633865165 -0.7370293828843071 0
1148 1.44031563386517 -0.7370293828843266 0
1149 -0.5735294117647088 -0.7064140062162743 0
1150 -0.3088235294117662 -0.7064140062162743 0
1151 -0.1323529411764734 -0.7064140062162743 0
1152 -0.7500000000000009 -0.7064140062162743 0
1153 -0.9264705882352943 -0.7064140062162743 0
1154 -1.102941176470587 -0.7064140062162743 0
1155 -1.263845045629857 -0.6995029956861725 0
1156 0.04411764705881827 -0.7635859937837264 0
1157 0.9264705882352934 -0.7064140062162743 0
1158 1.102941176470585 -0.7635859937837264 0
1159 0.749999999999999 -0.7064140062162743 0
1160 1.263845045629864 -0.6995029956861938 0
1161 0.485294117647057 -0.7064140062162743 0
1162 0.3088235294117624 -0.7064140062162743 0
1163 0.1323529411764676 -0.7064140062162743 0
1164 -0.4852941176470607 -0.7635859937837264 0
1165 -1.188952653577374 -0.7623441536534301 0
1166 -1.014705882352942 -0.7635859937837264 0
1167 0.8382352941176467 -0.7635859937837264 0
1168 0.2205882352941149 -0.7635859937837264 0
1169 0.5735294117647045 -0.7635859937837264 0
1170 0.3970588235294098 -0.7635859937837264 0
1171 -0.8382352941176475 -0.7635859937837264 0
1172 -0.2205882352941202 -0.7635859937837264 0
1173 -0.6617647058823538 -0.7635859937837264 0
1174 1.203287899761839 -0.7688481649116596 0
1175 -0.4117647058823547 -0.6999999999999797 0
1176 -0.02941176470588569 -0.6999999999999797 0
1177 0.676470588235293 -0.7700000000000102 0
1178 1.029411764705881 -0.6999999999999797 0
1179 1.363199424801811 -0.7029669670306617 0
1180 -1.363199424801821 -0.7029669670306529 0
1181 -1.379017215660183 -0.7842480705977728 0
1182 1.379017215660195 -0.7842480705977835 0
1183 -0.3848039215686292 -0.771748678945265 0
1184 -0.05637254901961117 -0.7717486789452686 0
1185 1.002450980392156 -0.7717486789452686 0
1186 0.6495098039215673 -0.6982513210547268 0
1187 1.175894706584891 -0.696907513451654 0
1188 -0.6617647058823543 -0.6872828012432528 0
1189 -0.22058823529412 -0.6872828012432564 0
1190 -0.488235294117649 -0.6859999999999982 0
1191 -0.8382352941176476 -0.6872828012432564 0
1192 -1.014705882352941 -0.6872828012432564 0
1193 -1.187618363370858 -0.6856522311111739 0
1194 -0.5735294117647075 -0.7827171987567443 0
1195 0.04705882352940818 -0.6859999999999946 0
1196 -0.3063725490196099 -0.7843497357890552 0
1197 1.102826000140506 -0.6840987014470716 0
1198 -0.9264705882352946 -0.7827171987567443 0
1199 0.5710784313725474 -0.685650264210949 0
1200 0.3970588235294098 -0.6872828012432528 0
1201 0.8382352941176464 -0.6872828012432564 0
1202 -0.1348039215686303 -0.7843497357890516 0
1203 0.220588235294115 -0.6872828012432581 0
1204 -0.7500000000000009 -0.7827171987567443 0
1205 -1.102496413068416 -0.7824688307306857 0
1206 -1.288622155282752 -0.7740765671166567 0
1207 0.7529411764705874 -0.7840000000000025 0
1208 0.1323529411764672 -0.7827171987567443 0
1209 1.294695519210912 -0.7725943663710488 0
1210 0.4852941176470571 -0.7827171987567443 0
1211 0.9240196078431364 -0.7843497357890552 0
1212 0.3088235294117624 -0.7827171987567443 0
1213 -1.443055952909868 -0.6799992699829929 0
1214 -1.44621951108154 -0.7942554906964165 0
1215 1.446219511081543 -0.7942554906964219 0
1216 1.443055952909867 -0.6799992699829964 0
1217 1.44281045751634 -0.9456274195460317 0
1218 -1.442810457516339 -0.9456274195460335 0
1219 -1.302287581699346 -0.9807945990203422 0
1220 1.302287581699346 -0.9807945990203422 0
1221 -1.135856240913584 -0.9831007419564308 0
1222 1.135856240913584 -0.9831007419564273 0
1223 -0.9565217391304349 -0.9406960864799796 0
1224 0.956521739130435 -0.9406960864799778 0
1225 -1.025260190899376 -0.9190471967214364 0
1226 1.025260190899376 -0.9190471967214364 0
1227 1.184815909433309 -0.9096206516703411 0
1228 -1.184815909433309 -0.9096206516703411 0
1229 -0.8695652173913048 -0.925396354027006 0
1230 0.8695652173913043 -0.9253963540270025 0
1231 -0.7826086956521747 -0.9254934475180185 0
1232 0.7826086956521742 -0.9254934475180185 0
1233 -0.6956521739130438 -0.9255803206415596 0
1234 0.6956521739130432 -0.9255803206415596 0
1235 -0.6086956521739139 -0.9256569733976256 0
1236 0.6086956521739132 -0.9256569733976256 0
1237 -0.5217391304347833 -0.9257234057862131 0
1238 0.5217391304347824 -0.9257234057862149 0
1239 -0.4347826086956527 -0.9257796178073292 0
1240 0.4347826086956519 -0.9257796178073292 0
1241 -0.3478260869565223 -0.9258256094609667 0
1242 0.3478260869565207 -0.9258256094609685 0
1243 -0.2608695652173939 -0.9258613807471292 0
1244 0.260869565217391 -0.9258613807471274 0
1245 -0.1739130434782614 -0.9258869316658185 0
1246 0.1739130434782605 -0.925886931665822 0
1247 -0.08695652173913118 -0.9259022622170328 0
1248 0.08695652173913015 -0.925902262217031 0
1249 -9.575673587391975e-16 -0.9383609048868138 0
1250 -1.370098039215686 -0.9099789944642449 0
1251 1.370098039215686 -0.9099789944642538 0
1252 1.387254901960784 -0.991900168838459 0
1253 -1.387254901960783 -0.991900168838459 0
1254 -1.102416859879466 -0.9136225988295248 0
1255 1.102416859879466 -0.913622598829523 0
1256 -1.219839693903131 -0.9793192863032285 0
1257 1.219839693903131 -0.9793192863032267 0
1258 -1.276945423927696 -0.9051521049356488 0
1259 1.276945423927696 -0.9051521049356488 0
1260 -1.062686465089351 -0.9899670026289229 0
1261 1.06268646508935 -0.9899670026289247 0
1262 -1.444934640522875 -0.8891212828020567 0
1263 1.444934640522876 -0.8891212828020567 0
1264 1.449346405228758 -1.003505517676899 0
1265 -1.449346405228758 -1.003505517676899 0
1266 -0.919757033248082 -0.8865231101267472 0
1267 0.9197570332480814 -0.8865231101267455 0
1268 1.294776153958778 -3.085805009892443 0
1269 -0.08695652173913107 -3.079471515173543 0
1270 -1.292004920341711 -3.102817188057426 0
1271 0.6097501520593004 -3.095655108429773 0
1272 -0.6869565217390989 -3.064728913117706 0
1273 -0.5019036881668865 -29.63153600890996 0
1274 -14.00627757219591 -16.40261846490411 0
1275 14.03830801870062 -16.26444157261912 0
1276 14.07121293201452 -11.31639822913933 0
1277 -14.08093498488539 -11.45231948033933 0
1278 4.527814242431495 -29.65003315657069 0
1279 1.560639770947034 -2.394772351521478 0
1280 1.55042789389191 -1.934319209672879 0
1281 1.571769255577988 -1.541639903500215 0
1282 1.564560575570299 -2.70208333333334 0
1283 1.57074639943816 -1.21056774344172 0
1284 -1.568303962482587 -2.387916666666495 0
1285 -1.57055519863076 -1.940335435844203 0
1286 -1.552009089403713 -1.530999999999942 0
1287 -1.570746399438183 -2.709432256558271 0
1288 -1.558516883888617 -1.189285714285706 0
1289 -5.486372415354431 -29.74234481169191 0
1290 14.14794274788951 -20.16935483870968 0
1291 -14.1971643270377 -20.05303998147405 0
1292 -6.803775467502206 -0.8035546579332085 0
1293 6.663891785775162 -0.7468961411664292 0
1294 0.2606718695308181 -3.096571735592356 0
1295 0.9561962571245997 -3.078438247580181 0
1296 1.576855523533275 -0.9522114381671898 0
1297 -1.597965067226349 -0.9560117187226282 0
1298 14.04854995796622 -7.358532485473322 0
1299 -14.1983989437045 -7.369868382627255 0
1300 8.555339130540666 -29.5765314323834 0
1301 -14.08978599455124 -24.02462169541742 0
1302 14.00546367851669 -24.20910493205744 0
1303 -8.499856915576622 -29.65840115584573 0
1304 -1.577398500308977 -0.6753098604418106 0
1305 1.556071964335147 -0.6672512002975424 0
1306 9.612474363444216 -0.8752497768862586 0
1307 -9.68339875049678 -0.8394438617990296 0
1308 -0.9627065047455258 -3.080910037878764 0
1309 -0.4288050002404704 -3.092311098861904 0
1310 -3.895207485088584 -0.6173670653088319 0
1311 3.96615978782598 -0.644800043051637 0
1312 -1.575542520761588 -0.4491666666666809 0
1313 1.562129493874471 -0.4556927250690244 0
1314 1.556291651245989 -1.732499999999982 0
1315 -1.55583196930686 -1.704642857142863 0
1316 -1.570746399438216 -2.18556774344175 0
1317 1.568586767086706 -2.147041777337014 0
1318 2.702333338819333 -0.3182177195204829 0
1319 -2.70527900397861 -0.3627375688790622 0
1320 14.09405993141635 -4.412264494594266 0
1321 -14.19681233252206 -4.558414401384256 0
1322 -11.5 -29.68744090131422 0
1323 11.43344423878639 -29.59149125633766 0
1324 -14.21223509778754 -26.9896673722818 0
1325 14.06083432201467 -27.17087724555855 0
1326 -2.034766341039043 -0.1830458094436267 0
1327 2.043635045731096 -0.185574372868718 0
1328 1.55223753547607 -0.2389528745744585 0
1329 -1.553112076608903 -0.2379999999999676 0
1330 -3.474899271829077 -29.54534856340346 0
1331 1.491658736336373 -29.68502011444228 0
1332 6.506275317940235 -29.70261988782994 0
1333 -14.19599224690642 -18.07454413587935 0
1334 14.12929560552277 -22.07261226828582 0
1335 14.07747409848039 -13.30703736863792 0
1336 -14.15858536102896 -14.18230361576746 0
1337 -14.19862120965161 -22.03153412216086 0
1338 14.05002837174372 -18.23112953204302 0
1339 -14.10214816038218 -9.195235362506626 0
1340 14.07286048515076 -9.343170463555968 0
1341 11.61244752343456 -0.839152186335193 0
1342 -11.60347426471573 -0.8404221632467994 0
1343 1.581906110004444 -0.8157562651822499 0
1344 -1.554896929702965 -0.7979999999999947 0
1345 -1.570746399438174 -1.340567743441696 0
1346 -1.649021437586588 -1.277500000000012 0
1347 1.570986962050313 -1.08401558989166 0
1348 1.632970541051642 -1.154994967079991 0
1349 1.663210259993141 -1.257904911256395 0
1350 1.771088286903687 -1.164880902896126 0
1351 1.773739544777829 -1.356752328470929 0
1352 1.934616802186764 -1.248796307289984 0
1353 1.960154624045026 -1.455464224909269 0
1354 2.161887462642693 -1.291151173959795 0
1355 2.171500097642864 -1.571637711548174 0
1356 1.907256317127335 -1.028821997102337 0
1357 2.41930003000671 -1.40577595453755 0
1358 2.434389855067108 -1.766613046040113 0
1359 1.563017376024419 -2.273343952601172 0
1360 1.644691076109368 -2.333200554653844 0
1361 1.66287365655062 -2.435906460650287 0
1362 1.768999305935728 -2.32473789243075 0
1363 1.772789055181355 -2.527308047122787 0
1364 1.934616802186691 -2.418796307290147 0
1365 1.959308074932061 -2.610401812867428 0
1366 1.57255334652103 -2.893856083586353 0
1367 1.907311842053273 -2.194640201091186 0
1368 2.155154599131134 -2.476809343684129 0
1369 2.154152839497999 -2.77664263651754 0
1370 2.420865403897301 -2.58274322490335 0
1371 2.448256124625737 -2.894230420945711 0
1372 2.769793143315545 -2.688964071230712 0
1373 2.79740086621458 -3.129110863337804 0
1374 3.22128300757861 -2.815858891389801 0
1375 3.272893288984819 -3.359474346186786 0
1376 2.822326444892354 -3.612707399373534 0
1377 3.289052850183159 -3.928976091289087 0
1378 2.713184356771892 -4.177580369286257 0
1379 3.342840655317962 -4.578829841836253 0
1380 2.703378687235618 -4.994339410415325 0
1381 3.515714800242823 -5.396746526665503 0
1382 2.687997082535385 -5.88099902280003 0
1383 3.523474086567001 -6.325675491052399 0
1384 2.667608163950205 -6.827893712125688 0
1385 3.528675400914058 -7.324000348633428 0
1386 2.662759864615466 -7.821466670228618 0
1387 3.529203991162595 -8.323314850045971 0
1388 2.663268245407015 -8.823124871169375 0
1389 1.792961616509652 -8.314181183433636 0
1390 1.796559082879363 -9.321778542249531 0
1391 0.9274570092419504 -8.815474880258446 0
1392 0.9304295631832691 -9.821657910284465 0
1393 1.796897927451219 -10.32285613362382 0
1394 0.9308511686503005 -10.82286804035316 0
1395 1.796882656698743 -11.32323833613989 0
1396 0.9307887347184951 -11.82313341893412 0
1397 1.796757136065861 -12.32338487814685 0
1398 0.9306271525223166 -12.82320206091678 0
1399 1.796695218852661 -13.32344853565527 0
1400 0.9304597482934033 -13.8232240981367 0
1401 1.796487088426498 -14.32341884424278 0
1402 0.9302668260223333 -14.8232228097029 0
1403 1.796195370186686 -15.3233916641075 0
1404 0.9300484386329486 -15.82321573601717 0
1405 0.06469777058047257 -12.32303052030402 0
1406 1.795980198262544 -16.32338594243222 0
1407 0.9298538718355291 -16.82321590704676 0
1408 0.06392511726526759 -16.32304653181079 0
1409 0.06373026185676041 -17.32304664381531 0
1410 -0.8021979578305363 -16.82287728286051 0
1411 1.795781754156332 -17.3233850046195 0
1412 -0.8023928543353215 -17.82287750181889 0
1413 -1.66832107224924 -17.32270768561429 0
1414 -1.668515894783439 -18.32270832197899 0
1415 2.662608660009437 -14.82355785618953 0
1416 -2.534444100073363 -17.82253849946713 0
1417 -2.534638908175133 -18.82253920434834 0
1418 -1.668711066071722 -19.32270839089636 0
1419 -3.400566681444388 -18.32237013300989 0
1420 -3.400372142629736 -17.32236866685949 0
1421 -3.400761807943377 -19.3223702922135 0
1422 0.06450084041645271 -9.321496725766167 0
1423 -4.266689596980586 -18.82220119661175 0
1424 -4.266884813878965 -19.82220120231259 0
1425 4.38403269414394 -6.812384825854298 0
1426 -5.132812585905537 -19.32203213559577 0
1427 -5.133007814256451 -20.32203212184963 0
1428 -4.267080042973486 -20.82220118730377 0
1429 -5.133203045595566 -21.32203210302937 0
1430 -4.267275274031711 -21.82220116896048 0
1431 0.06548788658321525 -8.323046565484443 0
1432 -0.8007672222856956 -8.822618841517235 0
1433 -5.999130817069886 -20.82186303725031 0
1434 -5.999326048514471 -21.82186301825095 0
1435 2.662954727121621 -11.82354815081575 0
1436 -0.7986338305031407 -7.81389603621267 0
1437 -1.666283901237201 -8.321167832144724 0
1438 -1.66601978353651 -7.320954241225254 0
1439 -2.532437188650702 -7.822258262251205 0
1440 -2.532630719470458 -8.822235006898278 0
1441 -3.398613661095192 -8.322368882669871 0
1442 -3.398409152844047 -7.322322226727099 0
1443 -4.264539753646177 -7.822191692630152 0
1444 -4.264736619014955 -8.822198164451247 0
1445 -5.130664148194617 -8.322028530580537 0
1446 -5.130859979186229 -9.322029556102208 0
1447 -5.996787575409354 -8.821860282183755 0
1448 -5.996983242780605 -9.821860459981357 0
1449 -5.99659194954021 -7.821860324142856 0
1450 -6.86271520994554 -8.321691200958819 0
1451 -6.865253820038262 -21.32169395238788 0
1452 -6.865449051508667 -22.32169393334468 0
1453 -6.862519570375857 -7.32169116895909 0
1454 -5.131055695238667 -10.32203000354331 0
1455 -5.997178893257321 -10.82186055143079 0
1456 4.044721217332439 -4.162068099024244 0
1457 -7.728642780610132 -7.821521781576268 0
1458 -7.731376823045011 -21.8215248674603 0
1459 -7.731181591565383 -20.82152488651916 0
1460 -7.731572054521811 -22.82152484840623 0
1461 -6.865644282980904 -23.32169391429837 0
1462 -7.728447150481241 -6.821521799291368 0
1463 -5.131251325097823 -11.32202998440779 0
1464 -5.99737452655274 -11.8218605507261 0
1465 -6.863302098721208 -11.32169113925173 0
1466 -6.863497729133986 -12.32169112308562 0
1467 -7.729425301490179 -11.82152171261812 0
1468 -7.729620931453802 -12.82152169404291 0
1469 -7.731767285998856 -23.82152482935176 0
1470 -6.862323948294113 -6.321691229050154 0
1471 -0.8002440546239109 -6.822877172763006 0
1472 -1.630351234765746 -6.326135976869914 0
1473 -8.595548503766423 -12.32135228334171 0
1474 -8.595744133647926 -13.32135226432604 0
1475 -7.72981656138349 -13.82152167528568 0
1476 -8.595939763522564 -14.32135224527355 0
1477 -8.597304594582623 -21.32135580157376 0
1478 -8.597109363103209 -20.32135582063226 0
1479 -6.865839514458399 -24.32169389524313 0
1480 -8.594570354213388 -7.321352377668608 0
1481 -8.594374724288024 -6.321352396455469 0
1482 -5.131446954842438 -12.32202996465791 0
1483 -7.730012191242134 -14.82152165614739 0
1484 -8.596135393384214 -15.3213522261514 0
1485 -7.731962517477593 -24.82152481029441 0
1486 -8.597890289018146 -24.32135574440288 0
1487 -9.461671705939597 -12.82118285351247 0
1488 -9.461476076081883 -11.82118287265574 0
1489 2.143826612584063 -4.577989907378241 0
1490 -8.598085520497021 -25.3213557253453 0
1491 -9.464013292037583 -24.82118665945375 0
1492 -9.463232366122229 -20.82118673568383 0
1493 -9.463037134643152 -19.82118675474177 0
1494 -9.4604979267157 -6.821182967963441 0
1495 -9.460302296861549 -5.821182987125287 0
1496 -6.866034745937054 -25.32169387618592 0
1497 -5.999911742917579 -24.82186296113511 0
1498 -0.852429291622916 -5.8444656233261 0
1499 -8.596914131623643 -19.321355839691 0
1500 -9.462841903164056 -18.82118677379973 0
1501 -4.26532375281481 -11.8221993952678 0
1502 -4.265519382654876 -12.82219937602988 0
1503 -7.730207821101708 -15.82152163701413 0
1504 0.06432203903650618 -14.32304905729287 0
1505 2.661904775639187 -16.8235540948489 0
1506 2.661709011799608 -17.82355392354543 0
1507 3.527831929169541 -17.32372298400036 0
1508 3.527636594688914 -18.32372293548602 0
1509 4.393759566266519 -17.82389201144339 0
1510 4.393564312380331 -18.82389198597765 0
1511 5.259687306424954 -18.32406106836019 0
1512 5.259492069715675 -19.32406104780674 0
1513 4.393369063871575 -19.82389196204975 0
1514 5.259296834526722 -20.32406102768807 0
1515 4.393173830358386 -20.82389194241032 0
1516 5.259101602090418 -21.32406100835661 0
1517 4.392978598911377 -21.82389192336178 0
1518 6.125224605141807 -20.82423009331493 0
1519 6.125029373508641 -21.82423007421316 0
1520 5.259882536408072 -17.32406108699008 0
1521 6.125810299355192 -17.82423015042405 0
1522 6.126026030070093 -16.82426568914151 0
1523 6.991936718913999 -17.32440515531655 0
1524 6.992153017619886 -16.32444168028163 0
1525 6.991152376507729 -21.32439915915652 0
1526 6.990957144999701 -22.32439914009053 0
1527 7.858060955445088 -16.82457637795479 0
1528 7.858256392509283 -15.82457675329396 0
1529 7.85708014801093 -21.82456822503737 0
1530 7.85688491652578 -22.82456820597793 0
1531 6.990761913503237 -23.32439912102786 0
1532 7.856689685042892 -23.82456818691913 0
1533 6.992323765332528 -15.32439927348858 0
1534 7.858459612884399 -14.82459061583985 0
1535 3.527050827344227 -21.32372285746264 0
1536 3.526855595866192 -22.32372283840523 0
1537 6.990566682022198 -24.32439910196958 0
1538 8.724377489920659 -15.32474253621531 0
1539 8.72457240379824 -14.324742004935 0
1540 7.858713297449826 -13.82459371346984 0
1541 8.724777324524698 -13.32474244536505 0
1542 7.858907850724738 -12.82457346076853 0
1543 8.724974057844214 -12.32473915602496 0
1544 7.859046536610428 -11.82456953873379 0
1545 8.725160115364377 -11.32473796683427 0
1546 2.660927824321352 -21.82355377251248 0
1547 2.660732592841865 -22.82355375345465 0
1548 1.794804821300501 -22.32338468756289 0
1549 1.794609589821351 -23.32338466850515 0
1550 2.66053736136187 -23.82355373439668 0
1551 1.794414358342117 -24.3233846494474 0
1552 0.9284865868016136 -23.82321558355589 0
1553 8.722812688062223 -23.32473727186829 0
1554 8.722617456582611 -24.32473725281043 0
1555 7.859230814830696 -10.82456869956799 0
1556 8.725351992307075 -10.32473764147996 0
1557 2.660342129882717 -24.82355371533894 0
1558 0.9282913553226471 -24.82321556449821 0
1559 0.06236358378209506 -24.32304649860668 0
1560 9.590498473321183 -14.82490812151752 0
1561 7.859405409868192 -9.824497348702323 0
1562 8.725543225289734 -9.324725708148412 0
1563 9.591086316194009 -11.82490692325101 0
1564 0.06216835230317167 -25.32304647954902 0
1565 -0.8037594192373874 -24.82287741365749 0
1566 9.588740459601951 -23.82490633775959 0
1567 9.588545228122888 -24.82490631870188 0
1568 7.859610972374794 -8.824511548216602 0
1569 8.725745781452698 -8.324733382665592 0
1570 9.591669251407518 -8.824903956025485 0
1571 9.591864986736171 -7.824905502237794 0
1572 8.725951627818734 -7.324736693669427 0
1573 9.592062071337914 -6.824906324478928 0
1574 8.726134608651167 -6.324737392451294 0
1575 9.592255569896235 -5.824906590687874 0
1576 8.726327509535585 -5.324737565988206 0
1577 6.99329103267385 -10.32420350635876 0
1578 6.993003080523676 -12.32428750200009 0
1579 -9.462062965667212 -14.82118281529132 0
1580 8.722422225103328 -25.32473723375266 0
1581 0.06353497265561647 -18.32304661295264 0
1582 -1.668126434109684 -16.32270720200739 0
1583 -0.8035641877584708 -23.82287743271516 0
1584 -8.594179094720216 -5.321352417125198 0
1585 9.590302958172654 -15.82490761090836 0
1586 9.588935691080856 -22.82490635681724 0
1587 -1.669687190777957 -24.32270834776596 0
1588 -1.669882422256875 -25.32270832870828 0
1589 -6.864084618959535 -15.32169106700962 0
1590 7.857275379488478 -20.82456824409465 0
1591 -9.460693556590885 -7.821182948912354 0
1592 9.592450124122649 -4.824906676683963 0
1593 -9.464208523516502 -25.8211866403961 0
1594 -9.460106667051789 -4.821183006520897 0
1595 9.588349996643883 -25.82490629964419 0
1596 -1.507325793416511 -5.282961344556787 0
1597 -10.33013629505706 -25.32101757450456 0
1598 -10.32994106357813 -24.32101759356223 0
1599 -10.3264254990776 -6.321013557518798 0
1600 2.183662130634304 -3.063698170453762 0
1601 -6.000905262817168 -25.8232449949879 0
1602 -10.32759927823253 -12.32101344270565 0
1603 -10.32740364837196 -11.3210134618336 0
1604 0.9280961238437272 -25.82321554544054 0
1605 10.45447299966336 -25.32507538459339 0
1606 8.726522239706686 -4.324737621948817 0
1607 7.86039921787463 -4.824568538858999 0
1608 -10.32896490618355 -19.3210176888505 0
1609 -10.32877015305197 -18.32101694496145 0
1610 -8.593983464917857 -4.321352436559769 0
1611 10.45818300114104 -6.325075675460644 0
1612 10.45779212532072 -8.325075073899836 0
1613 10.45642557731071 -15.32507603065781 0
1614 10.45623023457327 -16.32507581880827 0
1615 10.45486346262119 -23.32507542270872 0
1616 10.45505869410015 -22.32507544176639 0
1617 -6.860828817008575 -26.30967469983546 0
1618 -10.33033152653598 -26.32101755544689 0
1619 -0.7404552815035828 -5.015549280716222 0
1620 -1.605552636406506 -4.670022943739648 0
1621 -2.113516564509796 -4.848791272199982 0
1622 -2.210885899576267 -4.216235888429372 0
1623 -2.680440528885914 -4.495284816233498 0
1624 -2.599652283917025 -3.871365695152972 0
1625 -3.170621717556411 -4.15149367523272 0
1626 -3.090812992635534 -3.566724342285958 0
1627 -3.727244594661482 -3.779884270259762 0
1628 -3.815320540937444 -4.517560829693075 0
1629 -4.4863487292178 -4.041173605315244 0
1630 8.722226993624387 -26.32473721469499 0
1631 10.45427776818442 -26.32507536553572 0
1632 0.06197312082425702 -26.32304646049135 0
1633 7.859976006740178 -6.824532716565081 0
1634 -6.864280196572506 -16.32169095742218 0
1635 -3.399396177831645 -12.32236881078414 0
1636 -3.399591809937747 -13.32236878775128 0
1637 -5.13411701944709 -25.32226236917846 0
1638 -5.13513271402507 -26.3236827933898 0
1639 1.795000052779025 -21.32338470662044 0
1640 3.526465132902199 -24.32372280028814 0
1641 3.526269901423241 -25.32372278123047 0
1642 -2.577082215169666 -3.287723924116774 0
1643 -3.007714990840572 -3.032361416475508 0
1644 -2.541936543373761 -2.828750319869616 0
1645 -2.902729733462607 -2.551161775079191 0
1646 -4.223798574367688 -3.138563641803092 0
1647 -5.18875820799121 -3.445541168339535 0
1648 -1.567966431237234 -1.094564299800751 0
1649 -1.562789259346582 -2.512500000000006 0
1650 -1.645047812163984 -2.453580478623877 0
1651 -1.570746399438174 -2.846401076775035 0
1652 -1.632930447282944 -2.781869967079972 0
1653 -1.66263984267888 -2.893879526212174 0
1654 -1.560554533515008 -2.03611934797774 0
1655 -1.649021437586588 -2.122500000000013 0
1656 -0.1422459804581861 -5.381184791682287 0
1657 -0.1282385195094601 -4.540872047888115 0
1658 -11.19625929807654 -25.82084848955537 0
1659 14.04506264161995 -2.423447546912746 0
1660 -14.20114489527823 -2.588387937550955 0
1661 3.529336085054161 -9.323515776587936 0
1662 4.395398098645851 -8.823612627108721 0
1663 -5.998157175624678 -15.82186046276774 0
1664 -0.800984792715778 -9.8225758333874 0
1665 5.26029778336369 -16.32399084020019 0
1666 0.9288770497595152 -21.82321562167123 0
1667 -1.669491959299036 -23.32270836682362 0
1668 10.45759678834912 -9.325075139137253 0
1669 -3.401152271008347 -21.32237025391627 0
1670 -7.72883841181797 -8.821521769542866 0
1671 7.85786175984977 -17.82456948983415 0
1672 10.4566207448094 -14.32507593884885 0
1673 11.32254839442807 -14.82524479347075 0
1674 11.32274359492332 -13.82524475883903 0
1675 -2.535614962318532 -23.82253928187439 0
1676 4.39536667206761 -9.823687689768867 0
1677 11.3204007712039 -25.82524445048492 0
1678 7.860594332129988 -3.824568566725514 0
1679 9.592645159174864 -3.82490671304852 0
1680 10.45857291679019 -4.325075779965152 0
1681 3.79389864092965 -3.027269571406347 0
1682 -9.459911037210336 -3.82118302574961 0
1683 -10.32603423935929 -4.321013595789845 0
1684 6.994471336974656 -4.324399481205878 0
1685 -8.593787835074959 -3.321352455780888 0
1686 -11.19489332120665 -18.82084765079614 0
1687 -11.19508801645009 -19.8208484418742 0
1688 -11.19469901096838 -17.82084612086435 0
1689 -11.22171683395965 -11.77930457166389 0
1690 -11.19333122065638 -10.82084405098116 0
1691 -11.19842081094871 -12.81392076934649 0
1692 -9.460421152138434 -26.79623547548054 0
1693 11.32020553972497 -26.82524443142726 0
1694 10.45408253670549 -27.32507534647806 0
1695 -1.763161949949392 -2.811408467202686 0
1696 -1.792755170167786 -2.967511779504017 0
1697 -2.544226115515275 -2.391427908905808 0
1698 -2.850308227415112 -2.107664936415091 0
1699 -2.430427525865198 -1.975304712716857 0
1700 -2.776385832467017 -1.682408879410289 0
1701 -11.19645452955545 -26.8208484704977 0
1702 11.32098646564067 -22.82524450765792 0
1703 11.3211816971196 -21.82524452671559 0
1704 10.45525392557905 -21.32507546082405 0
1705 11.32137692859853 -20.82524454577325 0
1706 10.45544915705797 -20.32507547988171 0
1707 11.32157216007745 -19.82524456483091 0
1708 10.45564438853689 -19.32507549893938 0
1709 11.32176739155636 -18.82524458388858 0
1710 0.9279008923648161 -26.82321552638287 0
1711 -1.592640396027867 -4.001407171939245 0
1712 11.32488163605103 -8.827233987100053 0
1713 11.32430794176094 -9.828556044689384 0
1714 -4.488262644479697 -4.972276235455777 0
1715 2.767585410728851 -1.523538175085356 0
1716 -3.215910670280496 -1.823945635539269 0
1717 -10.32583860949901 -3.321013614919408 0
1718 -11.19196181164213 -3.820844184928863 0
1719 -2.348554200768201 -1.515312142423433 0
1720 10.45876811321047 -3.325075802078146 0
1721 11.32469587658704 -3.825244868649765 0
1722 0.4157025004025118 -4.910353566635253 0
1723 0.4474788601970999 -4.247575777224098 0
1724 0.5603040663500485 -5.709078723305804 0
1725 -0.1618446375007708 -4.001198332216038 0
1726 0.3104744365218113 -3.799088455587047 0
1727 3.722557310382589 -2.401140138933915 0
1728 4.346771148583869 -2.594398122185835 0
1729 -5.998351608983635 -16.82186117816207 0
1730 -9.462258595526782 -15.82118279615801 0
1731 -10.32818616780986 -15.32101338529836 0
1732 -2.533468607723225 -12.82253821789037 0
1733 -2.533664238065479 -13.82253819792438 0
1734 -3.399787529746198 -14.32236835019916 0
1735 -7.730402823749802 -16.82152200813903 0
1736 -2.533272953224742 -11.82253825623404 0
1737 0.9290722812383321 -20.82321564072887 0
1738 0.06294927821885427 -21.32304655577967 0
1739 1.795195284257825 -20.32338472567807 0
1740 -4.268237293042956 -25.82251461418036 0
1741 -4.276794807919963 -26.83699196671903 0
1742 -9.463427597601074 -21.82118671662629 0
1743 -5.997961575964579 -14.8218604944616 0
1744 6.124638910481998 -23.82423003607815 0
1745 6.124443679002778 -24.8242300170204 0
1746 -5.133810914576403 -24.32207043644302 0
1747 -9.461280446229548 -10.82118289182787 0
1748 6.994666544940273 -3.324399502038961 0
1749 7.860789549327631 -2.824568586881743 0
1750 -5.020865946032758 -2.512590862108038 0
1751 -5.958061094088485 -2.820835269912237 0
1752 -6.037930486014401 -3.827072272754902 0
1753 -2.847461065464179 -5.186665626805667 0
1754 -12.09332142177174 -12.27105802441206 0
1755 -12.03665740452793 -13.26003476701896 0
1756 0.06177788934534683 -27.32304644143369 0
1757 -5.142625514376038 -27.33492634597873 0
1758 1.944512253984997 -1.675163042258552 0
1759 12.18263074660873 -14.33587168126683 0
1760 12.20555110210195 -13.36128261117147 0
1761 12.18746933952481 -15.32715673760244 0
1762 -12.06101663257327 -19.32067860280407 0
1763 -12.06121106971185 -20.32067936904442 0
1764 -2.132238116849912 -1.820236452793207 0
1765 -2.110303286926922 -2.066194738875936 0
1766 6.147873094392125 -3.824234190624892 0
1767 6.131569905198958 -4.82423102675309 0
1768 -12.06238230109601 -26.32067940460617 0
1769 -12.06257753257493 -27.32067938554851 0
1770 -12.06218706961709 -25.32067942366384 0
1771 1.569008602943226 -1.401078084727715 0
1772 1.55972752845994 -2.604583333333375 0
1773 -13.49482044047296 -29.66575820668685 0
1774 13.50249627462245 -29.68538914874024 0
1775 12.18769516309692 -19.3254136497801 0
1776 12.18789039457584 -18.32541366883777 0
1777 12.12535261874847 -21.30265803140003 0
1778 -2.704780051100855 -1.264538897822673 0
1779 -2.330190922449816 -1.099491061448362 0
1780 12.18632854274445 -26.32541351637646 0
1781 12.18613331126553 -27.3254134973188 0
1782 12.18652377422338 -25.32541353543413 0
1783 2.386287752600368 -1.108929007753352 0
1784 6.128738771539249 -2.824230436288989 0
1785 0.9018965401871599 -4.549799638662762 0
1786 5.261456516349631 -9.323791675221955 0
1787 5.261547770120894 -8.323788071799967 0
1788 -5.132228833071223 -16.3220298901882 0
1789 -1.667541035871102 -13.32270762801027 0
1790 -1.667736665802074 -14.32270760875139 0
1791 -0.804149882195214 -26.82287737554217 0
1792 0.06314450969776679 -20.32304657483733 0
1793 -0.802978493321713 -20.82287748988813 0
1794 3.528127120293878 -16.3236809490762 0
1795 7.856299222083829 -25.82456814880345 0
1796 7.856103990604906 -26.82456812974578 0
1797 6.990176219064349 -26.32439906385425 0
1798 6.98998098758542 -27.32439904479658 0
1799 6.124053216044866 -26.82422997890505 0
1800 8.745310548324479 -27.37638353392264 0
1801 8.723984966265618 -17.32473892724761 0
1802 8.723788941135165 -18.32473753294854 0
1803 -11.19528318480465 -20.82084853285455 0
1804 -12.0614061773034 -21.32067946624502 0
1805 1.795585747215646 -18.32338476379337 0
1806 11.32571954644724 -12.83122285268584 0
1807 12.21603790196164 -12.35605622713906 0
1808 11.32450064374743 -4.825244849705438 0
1809 -7.729229671643216 -10.82152173181905 0
1810 4.392783367406895 -22.8238919042968 0
1811 7.857665972705286 -18.82456850793405 0
1812 2.660146898403749 -25.82355369628126 0
1813 3.526074669944308 -26.3237227621728 0
1814 9.589521385517413 -19.82490641399018 0
1815 11.32410862452812 -7.825576223183095 0
1816 12.19123052921557 -8.32779004327387 0
1817 12.19030152526976 -7.325865147392079 0
1818 10.45583962001581 -18.32507551799705 0
1819 11.3280934926638 -11.83134815036002 0
1820 12.19400752879677 -11.33252855050753 0
1821 -3.403582506597714 -26.32488756116324 0
1822 -3.412344178134513 -27.33971836403211 0
1823 -11.19215744150142 -4.820844165794162 0
1824 4.39219767296378 -25.823891847122 0
1825 4.392002441484851 -26.82389182806433 0
1826 3.525879438465378 -27.32372274311513 0
1827 -11.19547838511495 -21.82084855151293 0
1828 -12.06160138293965 -22.32067947284975 0
1829 -9.46264815571862 -17.82118455357904 0
1830 5.261338923182009 -10.32380045334614 0
1831 4.395291036848372 -10.82372060886671 0
1832 5.261263800734466 -11.3238097575729 0
1833 4.395158263402142 -11.82372787142806 0
1834 9.592223424951547 -2.825974776076697 0
1835 5.261164866604663 -12.32381047198331 0
1836 4.395057224759975 -12.82372919815874 0
1837 5.261034551925346 -13.32381050461228 0
1838 4.395004436066198 -13.82372942638805 0
1839 5.26092468249243 -14.32381054358355 0
1840 -12.05808501378444 -4.320674754934142 0
1841 -12.0582806436436 -5.32067473579875 0
1842 -12.05788938392529 -3.320674774069662 0
1843 -12.89793720871713 -12.75091259410362 0
1844 -2.0636599284062 -2.454030507540095 0
1845 -2.056473019262519 -1.423489504629231 0
1846 11.32489110086221 -2.825244888329994 0
1847 12.19081886984146 -3.325413954438652 0
1848 -1.925907023866085 -2.846422109845482 0
1849 -1.959308074932154 -3.065401812867321 0
1850 -1.767997670742315 -3.165078399096229 0
1851 -1.976995029072945 -3.285125131462793 0
1852 -1.782398291878324 -3.389213817996501 0
1853 -1.613836199528452 -3.288264937577956 0
1854 -1.452621703492358 -3.080099060365715 0
1855 6.123857984565932 -27.82422995984737 0
1856 -1.991943094520822 -3.597834637012294 0
1857 -11.19664976103436 -27.82084845144003 0
1858 -0.8103815196200898 -27.81241727911047 0
1859 -7.733935523648057 -4.83170106770209 0
1860 13.08196907059741 -14.81551174620399 0
1861 -1.649517053526455 -1.399780856013164 0
1862 -1.66287365655068 -2.654093539349761 0
1863 -1.649625180710874 -2.244780856013103 0
1864 -4.281714512810018 -6.852263650476701 0
1865 -12.87456814158018 -25.82052083083153 0
1866 0.931445992321114 -27.81673998317672 0
1867 4.465665552371123 -27.93150161533804 0
1868 3.50432995242296 -28.38618413765525 0
1869 -1.595215869194627 -3.486908779843299 0
1870 -1.431434953245726 -3.344361053376112 0
1871 2.801774742197447 -1.927096003292585 0
1872 13.09994762183019 -25.79938379366775 0
1873 12.1739279158898 -2.355706855715969 0
1874 -13.50923706269653 -0.8165494647297287 0
1875 13.53148969184805 -0.817395744123786 0
1876 -1.401743414115253 -3.588289192083726 0
1877 -1.205627527121503 -3.47210721226619 0
1878 -1.189841831987914 -3.72563628467867 0
1879 -0.9723726264567435 -3.560578837366178 0
1880 -0.9555163474501313 -3.880949912340503 0
1881 -0.7104599817268552 -3.705904799944141 0
1882 -0.677918408113646 -4.034852834063008 0
1883 -0.7602140493192719 -3.448350293768346 0
1884 -0.5230339744821676 -3.511793445055392 0
1885 4.394890171354461 -14.82368661743009 0
1886 3.528974523312113 -13.32370984384635 0
1887 6.127515549297667 -8.823884544768049 0
1888 6.127625496089162 -7.823906737352733 0
1889 -5.132617354507614 -18.32203215451589 0
1890 -5.998740355191506 -18.82186307353263 0
1891 -10.32838177863269 -16.32101333320614 0
1892 -11.17272464222022 -15.82084817242725 0
1893 -3.401347502416511 -22.32237023497877 0
1894 -2.53522449938459 -21.8225393199491 0
1895 -1.671278952872353 -27.32096494436396 0
1896 -1.677678268240164 -28.31021429022744 0
1897 -0.8031737248006325 -21.82287747083047 0
1898 8.723203151019005 -21.32473730998332 0
1899 10.45753206383346 -10.32562746027557 0
1900 11.32079123416175 -23.82524448860025 0
1901 12.17320384808388 -23.36104016515299 0
1902 -2.535029267903592 -20.82253933901028 0
1903 -5.131642584793863 -13.32202994601729 0
1904 -11.19083645233136 -13.80958348373139 0
1905 -12.14880311210743 -14.2687237609321 0
1906 -4.267470505424196 -22.82220115004959 0
1907 5.25851590746224 -24.32406095112887 0
1908 -11.19567360709199 -22.82084854301834 0
1909 -12.06179660852783 -23.32067945982966 0
1910 1.794452052477905 -27.32230533824964 0
1911 -3.402205725401671 -25.32284199847007 0
1912 6.126846093183983 -13.82405468447334 0
1913 -1.546288287356571 -3.066687466661531 0
1914 3.17914795336953 -1.689143897743037 0
1915 3.027006863224866 -1.166417009497392 0
1916 -6.871498784049285 -3.202249293957491 0
1917 -1.665236244428057 -0.1258436520673598 0
1918 1.660884649010657 -0.1232011397459232 0
1919 -1.774050920474144 -2.167886469146632 0
1920 -1.757092996283217 -2.019694481085288 0
1921 0.9281656720205876 -3.996326759241924 0
1922 1.291539243399147 -4.24898465335311 0
1923 1.316929592177823 -3.839971493163333 0
1924 0.8602561967254829 -3.639984018583934 0
1925 1.189511745910445 -3.453478069770586 0
1926 1.612146865723109 -3.996313625080102 0
1927 1.370327128689885 -4.749284530722528 0
1928 1.608774930703389 -3.653688728214126 0
1929 1.886677700148152 -3.783926379785004 0
1930 1.844114296670017 -3.476743729513712 0
1931 1.59568278010093 -3.331566170253884 0
1932 1.46485922092395 -3.062216991959394 0
1933 1.560604968171934 -3.07233209167571 0
1934 1.772854295437591 -3.230268970271709 0
1935 -1.829719327813861 -1.639760043241935 0
1936 -1.782169957495144 -2.297481428475804 0
1937 -1.839996595859942 -2.671858169551365 0
1938 1.792148110105398 -1.554858249235377 0
1939 1.785406146347674 -2.703702783965914 0
1940 -0.959134691895172 -3.322976067976299 0
1941 -1.125 -3.072168783648703 0
1942 1.873441474605746 -6.333196783761103 0
1943 -12.03132130486728 -28.2689173360568 0
1944 2.124787557529723 -3.580802371119294 0
1945 2.362185572689738 -2.28043910547882 0
1946 -1.75214149385542 -1.311296961700371 0
1947 -1.745879226340965 -1.152969292927356 0
1948 6.977185527760963 -28.28006321792789 0
1949 -0.5132704713853824 -3.30359361884649 0
1950 -0.3134853206961901 -3.402504648606756 0
1951 -0.2521739130434423 -3.064728913117706 0
1952 -12.9287005355944 -27.82051030059933 0
1953 4.232206278661803 -1.792275669350838 0
1954 -12.89109807741742 -24.86913498282556 0
1955 -3.556241532497959 -6.371564495069439 0
1956 -5.759852459708757 -1.849964653585124 0
1957 -3.541778638676153 -2.635469440834067 0
1958 -4.908260593015997 -1.58397111159827 0
1959 -12.92772437819977 -22.82051039588766 0
1960 -12.92733391524194 -20.82051043400299 0
1961 1.840566621988258 -28.25747035539164 0
1962 -12.9240125860675 -3.82050534407434 0
1963 5.306199895782904 -2.172603948911039 0
1964 1.75645000684835 -1.741930478772343 0
1965 1.893661307674818 -1.872927521957001 0
1966 -0.9873384217086416 -4.228733556480472 0
1967 -13.04967006953435 -11.77223243566898 0
1968 5.135412987700053 -4.253010141819999 0
1969 5.262225305561864 -5.324061313224448 0
1970 6.128412316163166 -5.824181283680227 0
1971 13.09029896559402 -24.79295293772034 0
1972 -12.92381695620835 -2.820505363209856 0
1973 -12.06289277118154 -2.350786871060292 0
1974 2.207530512985044 -3.978008940398309 0
1975 -1.142312679915681 -3.284153514493616 0
1976 -0.2656009489607201 -3.624576584675893 0
1977 -0.09584187083170684 -3.475150079294504 0
1978 1.665295499013022 -2.216129708293179 0
1979 1.684302089767124 -2.063564707512896 0
1980 13.06562529404793 -18.81131583620594 0
1981 13.08652186503055 -17.78943290555178 0
1982 12.19350370396063 -17.31938871318957 0
1983 -1.560678937707162 -2.949252216145787 0
1984 1.654551704471369 -1.036914037399692 0
1985 1.666833066648489 -0.8972041496483243 0
1986 1.684592014321585 -0.7764206248747989 0
1987 1.809893296024855 -0.8594327940692743 0
1988 1.807945271614545 -0.6766720343824897 0
1989 1.976602802926314 -0.8030625062215719 0
1990 2.003283882378859 -0.5801549358269504 0
1991 2.197427973337808 -0.7040136128205319 0
1992 1.828772529257194 -0.5067785951904362 0
1993 2.165964580467246 -0.4437463167975562 0
1994 1.490078093277 -3.165682909097487 0
1995 13.06690660077127 -16.81273686593452 0
1996 -1.934235534968895 -1.260081126693564 0
1997 -1.895273155330409 -1.052467740532997 0
1998 -13.58795202573231 -25.47580279143904 0
1999 -0.1572749339821082 -3.27492669538977 0
2000 0.04926576822915851 -3.313514870363116 0
2001 0.08355171366039539 -3.067821291357106 0
2002 -2.6252729891396 -0.7935766907215882 0
2003 -2.198771883646683 -0.7151381047865168 0
2004 -3.041431005994711 -0.9840502501394113 0
2005 5.042559801113679 -1.114851486836255 0
2006 2.119153214663273 -1.826458358101373 0
2007 -0.788265292868055 -3.243076206409301 0
2008 13.09626896541949 -11.84261218875956 0
2009 13.09156995625006 -10.82985436010819 0
2010 0.1242768066166917 -3.51369208740101 0
2011 0.2451415494758397 -3.361720073881783 0
2012 0.4365104135892934 -3.06673831992952 0
2013 13.0815035754876 -7.837709465112189 0
2014 13.09342779773626 -6.833827631147829 0
2015 12.19648824537276 -6.326863220304222 0
2016 13.05635617534251 -5.825582982479027 0
2017 13.093096568365 -8.839084849341088 0
2018 -2.225288116497521 -3.179808272245131 0
2019 13.17769341321717 -19.89012528436907 0
2020 -12.96821063417917 -1.739518735647003 0
2021 -1.738411225119252 -0.9902570304096834 0
2022 -1.852208072000028 -0.8794472531470401 0
2023 13.08378540265198 -2.866547137244712 0
2024 13.05674663830042 -3.825583020594395 0
2025 14.01775773897404 -6.362286511801299 0
2026 -1.829214363590311 -0.1391487378600527 0
2027 -1.86993004536758 -0.3502289410955637 0
2028 -2.120008580459859 -0.4181363399817677 0
2029 -1.948071872548163 -0.5746475044493788 0
2030 -1.768166232555526 -0.517757662365959 0
2031 -1.722319868950519 -0.2563183168124947 0
2032 1.804102766909597 -0.1178792324771649 0
2033 1.736629803411976 -0.2374246951888903 0
2034 3.126285166105112 -0.3731739156853493 0
2035 -3.232308444687487 -0.4739149179349766 0
2036 14.06651100660715 -25.19123663992566 0
2037 13.14456516450817 -23.7726501243961 0
2038 -13.80195601803728 -12.47940756887688 0
2039 -13.20553165128432 -10.76733089426157 0
2040 1.742709138873487 -1.912895323388398 0
2041 13.09630652823882 -1.762472384264093 0
2042 -12.19586775125723 -11.08830248003759 0
2043 -12.45966391706643 -10.09249519550787 0
2044 -2.039882644883426 -0.9171734685284889 0
2045 -4.232188743710921 -2.215311162871345 0
2046 6.031950342302906 -1.384192347601882 0
2047 -0.3509019981676628 -3.213529360332819 0
2048 1.584094435186045 -2.975689072216955 0
2049 1.670658031664815 -2.913518620695001 0
2050 1.693332359803224 -3.052857416705377 0
2051 1.816986506025609 -2.94576445763829 0
2052 1.654916405088701 -1.474733785043103 0
2053 1.659410175619868 -2.647946249625939 0
2054 -1.294936967833066 -3.247135498486561 0
2055 4.447857191973652 -3.456699443973818 0
2056 0.001449338821654524 -3.738705935150934 0
2057 -1.660670025050037 -3.032742462458998 0
2058 -6.687371773644369 -2.223109701931094 0
2059 -7.780613393072643 -2.657286543189969 0
2060 1.625758713343297 -2.804999999999962 0
2061 1.907573460059802 -2.810682322049407 0
2062 11.23034706340161 -1.749868383434912 0
2063 13.90681943516336 -23.11710057906458 0
2064 13.19764255379723 -22.38825406897811 0
2065 13.50137733362694 -21.47422220372571 0
2066 -1.511545916934158 -3.183827884585476 0
2067 1.807466178065774 -7.312026988375377 0
2068 0.9196930252253711 -6.641756851531186 0
2069 14.01703899213675 -10.32974373328105 0
2070 4.407862462722866 -5.846522850093415 0
2071 -2.285769474406309 -0.2123830939025737 0
2072 14.07372282430481 -12.33840208189925 0
2073 13.11460094159234 -12.84895345196692 0
2074 -13.6145746909409 -13.36609997653631 0
2075 -13.16032569503288 -14.14864679840793 0
2076 -12.78570772544945 -15.0417801854821 0
2077 5.25948994041587 -7.32192840498471 0
2078 0.9180105141374737 -7.785429626630702 0
2079 1.846302911973307 -5.276633874927944 0
2080 6.993603794129962 -8.324171573262131 0
2081 5.260619559856869 -15.32388254999222 0
2082 3.529143599820639 -11.32364278618797 0
2083 13.10953408547216 -9.835093356896154 0
2084 14.04933509782826 -8.350717285849246 0
2085 12.20484508186922 -9.331519119195505 0
2086 2.663075206658728 -9.823078921964523 0
2087 2.663043968739801 -10.82333522454994 0
2088 -11.1909072531965 -16.82084496787726 0
2089 -11.98391770864476 -16.31798542751512 0
2090 -12.04727583049242 -17.32022686246386 0
2091 -12.9208557462854 -16.74648763139693 0
2092 -12.86514086955497 -17.8141855688238 0
2093 -9.462453884281178 -16.82118297615048 0
2094 4.393057982567201 -7.821504854737849 0
2095 -5.998545854835543 -17.82186218021896 0
2096 -6.864668693003332 -18.32169326644127 0
2097 -6.864863451824503 -19.32169386634919 0
2098 -5.132422797091363 -17.32203116054232 0
2099 -4.266300528794261 -16.82219867669424 0
2100 -4.266106548505507 -15.82219798888112 0
2101 -3.400178224470893 -16.32236632519378 0
2102 -0.8016121189052374 -13.82287751323939 0
2103 -0.8018075197743226 -14.82287740526847 0
2104 3.529209428198218 -10.32349683465433 0
2105 -1.667931581317547 -15.32270716042705 0
2106 -12.04832846815349 -18.31954927884501 0
2107 -12.89324928870614 -18.82019321926414 0
2108 -0.8014188620797609 -12.82287452568881 0
2109 6.127359476234447 -9.823924033836438 0
2110 0.06493443686681763 -10.32272718507227 0
2111 -0.8010402587300925 -10.82285024032041 0
2112 -1.666982053253018 -10.32265303884935 0
2113 3.529035296874183 -12.32369592690669 0
2114 2.662915615713316 -12.82364711803414 0
2115 0.06486726855879235 -11.32297923100083 0
2116 -1.66675506896265 -9.322298156246891 0
2117 -2.532876561111001 -9.822410387709574 0
2118 -3.398799172269723 -9.322296795954932 0
2119 -3.399002367563768 -10.32233553255336 0
2120 0.0645098765707644 -13.32304670796617 0
2121 -2.534249849144938 -16.8225367717802 0
2122 -2.587308628208249 -6.681682426495842 0
2123 3.528899187152919 -14.32366968124688 0
2124 3.528552309186697 -15.32360356097209 0
2125 0.06412508055574617 -15.32304792219521 0
2126 -2.539435344494834 -27.82305768843427 0
2127 -2.536591119713061 -28.82253918658613 0
2128 -1.579561693849849 -29.46568489327115 0
2129 -3.432790847529347 -28.39227175565331 0
2130 -4.319194159850367 -28.85796389701853 0
2131 -4.306248577933364 -27.88539580206376 0
2132 -5.148679495721349 -28.3080511147613 0
2133 -6.029027289553902 -27.81099186894598 0
2134 -5.986347611046531 -28.89232214278817 0
2135 -6.922813716239236 -28.26835280487497 0
2136 -6.993425890862935 -29.26591389443907 0
2137 -7.927836934253607 -28.81661613085691 0
2138 -7.766550582411254 -27.75478637223255 0
2139 -8.546713373890425 -28.09945013496143 0
2140 -6.004892108305866 -26.8164205449756 0
2141 -2.538787343518594 -26.82564601856721 0
2142 -3.401542733869239 -23.32237021596559 0
2143 -5.133363319656192 -7.327039154667574 0
2144 -5.139852972880653 -6.338614926875442 0
2145 -9.482019609528574 -2.859797608737878 0
2146 -10.3097984393587 -2.36134692481245 0
2147 -9.363342104029227 -1.82947628853837 0
2148 7.85768851876489 -27.82578653243384 0
2149 8.714270824460451 -28.38023180104251 0
2150 7.797124806609673 -28.81302222931772 0
2151 9.571737812426708 -29.09935933911086 0
2152 9.727774498385291 -28.0829679106727 0
2153 10.48388099613117 -28.87196918729335 0
2154 10.45727927922171 -13.32607204307447 0
2155 -12.9285053041155 -26.820510319657 0
2156 -7.730791238967335 -18.82152478008522 0
2157 -7.730597276720097 -17.82152303618252 0
2158 -0.8027832672908541 -19.8228775002528 0
2159 0.06333974026867896 -19.32304659244615 0
2160 6.991347607984924 -20.3243991782137 0
2161 -0.8033689562795541 -22.82287745177282 0
2162 -1.669296727824105 -22.32270838587449 0
2163 12.205996498209 -24.3170909534744 0
2164 12.18551320582186 -20.31099534238233 0
2165 -8.596719857574811 -18.32135446683213 0
2166 -8.597695057539575 -23.32135576345995 0
2167 9.591495298335783 -9.824996081762649 0
2168 -12.92420821592663 -4.820505324938816 0
2169 -12.86612830723086 -5.820516706238902 0
2170 -12.0487636837436 -6.320676616735875 0
2171 -12.85407063373777 -6.820519084215444 0
2172 -12.04529833141751 -7.320677313797812 0
2173 -12.851613882674 -7.820519583964844 0
2174 -12.03858361554297 -8.310535524084697 0
2175 -11.18713474947514 -7.819154685381512 0
2176 -11.18276625917541 -8.808730683275282 0
2177 -12.94617738126539 -8.976807711675557 0
2178 -13.73366548441802 -6.331571522118562 0
2179 -13.70557929274427 -8.216017335490356 0
2180 3.527246059157761 -20.323722876616 0
2181 3.527441298319842 -19.32372289787091 0
2182 -9.463818060558724 -23.8211866785113 0
2183 -8.582023152274084 -26.29365856415204 0
2184 7.860199045261067 -5.824562520489392 0
2185 6.994056344362281 -6.3243706467137 0
2186 0.06275404673994486 -22.32304653672201 0
2187 2.662191255385902 -15.8235361185816 0
2188 -4.266494850241324 -17.82220033137227 0
2189 -5.133398276990787 -22.32203208411384 0
2190 9.590107361232526 -16.82490695856603 0
2191 11.3228656360196 -17.82424044049527 0
2192 -7.729231460299954 -5.823218361331609 0
2193 -6.86915121252218 -5.333849769136933 0
2194 -6.015021738233131 -5.854444797102035 0
2195 -6.053456440935751 -4.870770714960216 0
2196 -6.001612249830026 -6.830890266799527 0
2197 6.993127569185091 -11.32423542431683 0
2198 0.9292675125659147 -19.82321565954506 0
2199 1.795390515711504 -19.32338474469547 0
2200 13.052256314285 -26.82558258226799 0
2201 13.09567058453062 -27.75504413231943 0
2202 12.1746519656478 -28.24689278046227 0
2203 14.05733276129489 -28.09263628079682 0
2204 11.34956893766093 -27.7577271046736 0
2205 6.991738776352887 -18.32440043868885 0
2206 -9.461867335803305 -13.82118283440135 0
2207 -0.8039546507163033 -25.82287739459982 0
2208 10.45896332367878 -2.325075822919743 0
2209 -6.862910825260695 -9.321691104530391 0
2210 -5.997570156971499 -12.82186053459209 0
2211 -6.863693359166925 -13.3216911048822 0
2212 -4.265714951569009 -13.8221991562505 0
2213 -5.131838270545442 -14.32202980903355 0
2214 -10.32720801851369 -10.32101348097397 0
2215 -9.461084816371676 -9.821182910970304 0
2216 4.394098073103034 -16.82380337445703 0
2217 8.724181687257637 -16.32474152736434 0
2218 8.723398382499603 -20.32473732904146 0
2219 9.589130922559608 -21.82490637587486 0
2220 -12.92752914672086 -21.82051041494532 0
2221 -4.267912740852363 -24.8222907441507 0
2222 -7.723147484846836 -25.8055557342029 0
2223 8.723007919543067 -22.3247372909265 0
2224 -6.865058604350641 -20.32169395075215 0
2225 -7.730986386384967 -19.82152487112235 0
2226 -12.49913674007882 -29.70316266261658 0
2227 7.856494453562821 -24.82456816786114 0
2228 3.526660364382761 -23.32372281934627 0
2229 -0.80258806159284 -18.82287748672431 0
2230 0.9294627440154095 -18.82321567855575 0
2231 2.661123055856245 -20.82355379158614 0
2232 -2.533859776617133 -14.82253748689047 0
2233 -2.534834059063068 -19.82253932060348 0
2234 -3.400957043795139 -20.32237026589332 0
2235 -5.998935604766421 -19.82186303088828 0
2236 -8.597499826061636 -22.32135578251594 0
2237 2.661513539557681 -18.82355383563176 0
2238 6.125419837443701 -19.82423011260796 0
2239 5.258906370469834 -22.32406098925843 0
2240 6.124834141984085 -22.82423005514244 0
2241 0.9286818182806554 -22.82321560261359 0
2242 9.615337056977992 -26.87652427849138 0
2243 -11.19606406659762 -24.82084850861303 0
2244 11.32380891810061 -24.82385736937302 0
2245 0.06255881526104731 -23.32304651766436 0
2246 -1.66734557371122 -12.32270724391262 0
2247 0.04867266653929668 -28.26151654197734 0
2248 -8.595352873915122 -11.32135230251937 0
2249 0.4899512443646206 -29.6955557997188 0
2250 -10.5 -29.64584228350257 0
2251 -9.499976152596105 -29.66753423152228 0
2252 -9.992381368661732 -28.81646292772954 0
2253 2.449908595000462 -29.68614258667314 0
2254 3.479533011158611 -29.47524458485656 0
2255 5.505681593395289 -29.6524227741713 0
2256 5.009553992472282 -28.83084264666974 0
2257 12.50151912040931 -29.68653924563068 0
2258 2.661318287277278 -19.82355381062725 0
2259 -5.133597204211368 -23.32203846351392 0
2260 -8.595157244056049 -10.32135232165535 0
2261 -6.863106462268317 -10.32169112314018 0
2262 10.45837794274667 -5.325075734023562 0
2263 -6.863889015612493 -14.32169108565462 0
2264 -8.596330826216468 -16.32135224354472 0
2265 -1.670077653735773 -26.32270830965064 0
2266 -5.999521895940799 -22.82186406561911 0
2267 6.125615188118203 -18.82423033585762 0
2268 10.45770886836462 -12.32618773898486 0
2269 11.32218537631413 -15.82553528491605 0
2270 9.590772705257526 -13.82507451685579 0
2271 4.392392904442721 -24.82389186617966 0
2272 0.9296581539708959 -17.8232157483033 0
2273 -10.32747692829941 -14.31913665278861 0
2274 -7.732366540583804 -3.812305966863732 0
2275 -10.32916016289084 -20.32101763412335 0
2276 9.591305337733838 -10.82501362083403 0
2277 10.45520371704529 -24.32484422028948 0
2278 -5.999720925847574 -23.82187062270878 0
2279 8.726614542401579 -3.324915656126709 0
2280 6.990371450543295 -25.32439908291192 0
2281 6.994851360972459 -5.324385582950214 0
2282 9.589326154038774 -20.8249063949326 0
2283 12.19062363694603 -4.325413935501924 0
2284 -9.463622829080077 -22.82118669756849 0
2285 -12.05582237782623 -24.32878354657213 0
2286 4.392588135922985 -23.82389188523771 0
2287 -5.997765827175801 -13.82186049577356 0
2288 1.794219126863206 -25.32338463038974 0
2289 10.45802016306125 -7.325130601973487 0
2290 -10.32622986921844 -5.321013576654318 0
2291 -4.267678677378599 -23.82222353450799 0
2292 -1.669101496343361 -21.32270840493524 0
2293 -11.18999192792178 -2.832585098831931 0
2294 12.2343759368133 -22.35951224457249 0
2295 -8.594765983995853 -8.321352358129268 0
2296 -10.32788870596624 -13.31930759832056 0
2297 -7.729034038212686 -9.821521731942603 0
2298 9.589912059523364 -17.8249068178103 0
2299 -10.329355382859 -21.32101763374642 0
2300 9.589716668117582 -18.82490652163069 0
2301 5.25832067598326 -25.32406093207119 0
2302 5.258711138944632 -23.32406097018752 0
2303 -8.594961613494519 -9.321352337058023 0
2304 -2.536724307551351 -25.82355524656269 0
2305 7.006757896342394 -2.345013501313538 0
2306 7.860984777578209 -1.824568606187439 0
2307 8.726175693623871 -2.326013384953786 0
2308 8.700477663399283 -1.378589505482395 0
2309 -1.668906274999051 -20.32270840759772 0
2310 1.794127793479707 -26.32320473566127 0
2311 8.723593630805768 -19.3247373772594 0
2312 7.857470635483478 -19.82456830563353 0
2313 6.124248447523808 -25.82422999796272 0
2314 6.991543003014748 -19.32439947982262 0
2315 11.32523449335924 -6.82562594999197 0
2316 -11.1831259829414 -14.81000088922025 0
2317 -2.535419730852002 -22.82253930091099 0
2318 -11.15656626804919 -1.750187047794794 0
2319 -9.460889186512885 -8.821182930107749 0
2320 11.32553545502818 -5.825549891012223 0
2321 -10.32955060564105 -22.32101762584873 0
2322 -10.32974583351144 -23.32101761102997 0
2323 -10.35636150477309 -27.27094153930146 0
2324 -11.19073430640073 -5.820844463337529 0
2325 -11.18749628317522 -6.820563362525803 0
2326 11.32452783296232 -10.82908204851762 0
2327 -10.32535184324745 -7.32077899210352 0
2328 12.19167592720973 -5.325706313423257 0
2329 10.4561854609798 -17.32490836261347 0
2330 11.32320854489685 -16.82409372116263 0
2331 2.660072881369491 -26.82334382227433 0
2332 9.590943126834592 -12.82500561805855 0
2333 -3.401794172269647 -24.32246750629758 0
2334 10.45837565195867 -11.32702765703718 0
2335 -13.01480644310386 -23.89945953327353 0
2336 5.258125444504323 -26.32406091301352 0
2337 -11.19484059285554 -23.82219921043756 0
2338 13.08294580200238 -4.846667356275889 0
2339 -11.13375758163442 -9.80869333107098 0
2340 5.25793021302538 -27.32406089395588 0
2341 12.19127957100347 -16.32241568578459 0
2342 -10.3239746639428 -8.318673956648777 0
2343 2.6597564354459 -27.8235536581659 0
2344 -10.31494675435848 -9.316579548841176 0
2345 13.11897922474785 -15.79871043469078 0
2346 -2.535984796762672 -24.82280345161316 0
2347 -4.264930332454163 -9.822181577833474 0
2348 -3.399200113576851 -11.3223632866092 0
2349 -1.667154726825282 -11.32269794078814 0
2350 -4.26512726445768 -10.82218996336916 0
2351 -2.533077268574504 -10.82253831042009 0
2352 -0.8012323970345149 -11.82285661700247 0
2353 -12.89534105274347 -19.8205027658529 0
2354 -10.32797670597489 -17.32101481610645 0
2355 -8.596525470710162 -17.32135321407132 0
2356 -6.864474408977484 -17.32169210442767 0
2357 -5.132034023862328 -15.32202963980075 0
2358 -4.265910897766023 -14.82219866224445 0
2359 -0.8020022158685128 -15.82287725076157 0
2360 -2.534054988004642 -15.82253699593342 0
2361 -3.39998351737654 -15.32236733827548 0
2362 7.859899360593515 -7.824568508625869 0
2363 6.993464372429818 -9.324198759190718 0
2364 5.260689295431189 -6.323935632575258 0
2365 6.992664760669304 -14.32432154749004 0
2366 2.662763382244491 -13.82357531320249 0
2367 6.127215669292065 -10.82395295095508 0
2368 6.127309855922318 -6.823751405831031 0
2369 6.127109217915232 -11.82399795745983 0
2370 6.126326748367942 -15.82436572475623 0
2371 6.993585743072246 -7.324185729679559 0
2372 6.127035355939887 -12.82406008308841 0
2373 4.394504741028364 -15.82368828478624 0
2374 6.992861739748568 -13.32431516521504 0
2375 1.684413589231736 -0.573028376067608 0
2376 6.126617601650509 -14.82413905396399 0
2377 14.04029414270769 -17.2555374578527 0
2378 14.02729771566587 -3.414220845544278 0
2379 14.04797772872044 -19.2283398242364 0
2380 -2.035562241050405 -2.669849338953227 0
2381 -2.166854287466717 -2.885490345837738 0
2382 2.013671389245903 -3.253103279247902 0
2383 2.387207805923576 -3.323274787441889 0
2384 -14.14794274788951 -10.33064516129032 0
2385 -14.21275448495386 -19.02322855021618 0
2386 -14.22124228511047 -27.94003685544843 0
2387 -14.21275430292723 -3.612451366034993 0
2388 -14.17707215209026 -15.26996415069854 0
2389 -14.32830641901817 -17.24661025518576 0
2390 -14.19821023663227 -22.9898179995278 0
2391 14.08437274775611 -15.2623123117153 0
2392 13.97373064891508 -14.2838735502614 0
2393 -14.2145071045766 -21.00530737491719 0
2394 12.20813207118525 -10.33110557998573 0
2395 1.622510499358136 -3.170541511600833 0
2396 1.395934381163482 -3.327445577011396 0
2397 9.568463913632611 -1.881201458086528 0
2398 -5.74885555552707 -0.8947684178826343 0
2399 10.67363577394598 -0.8367626381427762 0
2400 7.783071095982221 -0.86654584956419 0
2401 12.57945939143099 -0.821031933336581 0
2402 -7.799293461885619 -0.8539515745565573 0
2403 -10.65293197831298 -0.8257419844558918 0
2404 -8.75381964197107 -0.8771154388218925 0
2405 -8.344948697043108 -1.763052500751293 0
2406 -12.57391018908266 -0.8404221632467941 0
2407 -14.26583271512782 -5.525622491754433 0
2408 -11.0961144219714 -28.77437214229604 0
2409 0.04321317955026505 -7.285005192906645 0
2410 3.106372685088715 -2.334811356542371 0
2411 6.078783347974705 -28.78167450714793 0
2412 0.1897368091846839 -3.208083287614269 0
2413 0.3207807069783003 -3.213060526497555 0
2414 0.4459684517615481 -3.346440598594322 0
2415 0.3386618770370614 -3.526414400457362 0
2416 0.5740853389582119 -3.565023470701684 0
2417 0.6426995135575848 -3.347181447084836 0
2418 0.7826086956521743 -3.075306556850821 0
2419 0.5574598415519298 -3.207451943436842 0
2420 -12.94355283286428 -28.82555122710185 0
2421 -3.611315446291265 -5.365159918342419 0
2422 -6.875007380278118 -27.29000704528411 0
2423 1.346617495885587 -3.195305707810528 0
2424 14.00367019695874 -5.374579777245435 0
2425 -1.698548809112021 -0.8643853870722804 0
2426 -1.788845620076582 -0.7155963201542974 0
2427 13.03152871853707 -28.79034170971331 0
2428 0.965526737959257 -28.8206880447542 0
2429 -0.04503446351741813 -6.323024904817858 0
2430 1.647754952133271 -1.614182213415578 0
2431 -1.973162757232129 -2.244998373090757 0
2432 -4.717139406242456 -0.6894222506782004 0
2433 3.679757810115842 -1.297361819724212 0
2434 -14.0574242801846 -28.93133468931273 0
2435 -7.717232571856703 -26.77701530825316 0
2436 7.5 -29.69913063015929 0
2437 2.451305255163516 -0.5942564370575347 0
2438 14.14567920190206 -29.06732903336821 0
2439 -1.562343004823136 -0.09498138715088089 0
2440 1.561824957749637 -0.09466680235069624 0
2441 -11.94841149880849 -9.350187218772607 0
2442 -6.887100491850651 -4.332927252778436 0
2443 2.128756825019495 -1.008871673264489 0
2444 -14.05888017140398 -1.589746625305006 0
2445 14.16550549727466 -1.467923828755254 0
2446 -0.778413521110342 -28.7592935524665 0
2447 13.08100933640259 -13.84339559185413 0
2448 -2.28075202036592 -5.685011213714246 0
2449 1.688170664287633 -4.414716425095637 0
2450 -9.484781596299545 -27.85519675971281 0
2451 -13.35639933375973 -9.838709677419345 0
2452 -0.6333777145753516 -4.449783316403865 0
2453 1.835854288857167 -2.036775705336371 0
2454 -1.966681118914268 -1.939615343777088 0
2455 -2.082519038121168 -1.124431065080858 0
2456 0.6154705532655589 -3.846163471078093 0
2457 -14.29123175865392 -26.00329088965492 0
2458 2.694228069593168 -28.75072839576161 0
2459 -8.592953738145074 -27.26272376913209 0
2460 2.895233852908566 -0.6889157493055045 0
2461 0.7048469140992984 -3.179896856933601 0
2462 0.8098438519973168 -3.298080348501394 0
2463 1.047303913099565 -3.081592625557278 0
2464 1.005417141926896 -3.171818887847746 0
2465 1.128103928744437 -3.164852230497418 0
2466 1.068303180718602 -3.288962444265236 0
2467 1.226302451110731 -3.272556443861204 0
2468 -2.518210417078397 -29.76671452865215 0
2469 -1.792755170167724 -1.472511779504112 0
2470 -1.697321937071585 -1.587959688598833 0
2471 -1.739998998468283 -1.743332473728199 0
2472 -0.8798534058470953 -3.065650372761638 0
2473 -0.901618477184528 -3.158975361548055 0
2474 -1.042729383867772 -3.165765411752323 0
2475 -13.38223945936735 -15.74193548387097 0
2476 -0.521376058978575 -3.077857230559935 0
2477 -0.3416640654018366 -3.079287601341543 0
2478 -0.7820121431409208 -3.100780329389105 0
2479 0.5151033835389909 -3.092153976290373 0
2480 0.359506132862552 -3.093241511327587 0
2481 0.1586198267796456 -3.093494942941295 0
2482 0.003841568732886599 -3.084802933583617 0
2483 -0.04193773667043468 -3.182398980507797 0
2484 -0.1724637681159348 -3.078402734271833 0
2485 -0.6071858649022079 -3.078133686836239 0
2486 -0.6797992611914618 -3.158149464962552 0
2487 0.6956521739130438 -3.075306556850755 0
2488 0.869737010412285 -3.079411471326015 0
2489 11.36290565945252 -28.68536062986434 0
2490 2.020718464324089 -2.031694260445487 0
2491 -1.740994549799938 -2.550165669396691 0
2492 14.25472764058587 -21.15322580645161 0
2493 5.288271006123245 -3.226544984384287 0
2494 10.43859712386688 -29.74813615154227 0
2495 -2.208580294599783 -3.84306896517211 0
2496 -1.667127047966052 -0.6272773071603748 0
2497 -0.4548648702110114 -3.848693942079748 0
2498 1.202424458228286 -3.081982571226851 0
2499 1.125566460014457 -3.065685485456308 0
2500 -1.202429274334554 -3.069761267439363 0
2501 -1.375000000000001 -3.072168783648605 0
2502 1.375 -3.072168783648609 0
2503 -1.041666666666667 -3.072168783648609 0
2504 4.390710861612808 -4.911914850774664 0
2505 14.04659154412284 -26.18870692529042 0
2506 -1.894453520316356 -2.524054770641177 0
2507 -1.779417978927876 -3.619600456648074 0
2508 -4.088782331998488 -1.394529788801615 0
2509 -2.278017312540199 -2.602754226954062 0
2510 -11.94967109897779 -15.32917164264814 0
2511 -0.4759141840153037 -3.168095166810783 0
2512 2.337626840150767 -0.2569658077073846 0
2513 -1.914972893409442 -1.772103589412529 0
2514 1.057722526502333 -5.158853688369422 0
2515 1.251492800931361 -5.823903984379092 0
2516 -1.642283643207124 -1.996880268567477 0
2517 -1.658996818334147 -1.876279487630196 0
2518 -1.640345077021281 -1.150297897095168 0
2519 1.383490243195475 -3.533875761407218 0
2520 -4.51740835471283 -29.75114445444057 0
2521 -2.384829807709961 -0.4913419230424569 0
2522 1.776813535284043 -0.9904317547797046 0
2523 1.971688040065921 -0.3845185093330912 0
2524 -0.2293634037802627 -3.152301823147056 0
2525 12.90619097034626 -20.91865932706254 0
2526 0.773017721143386 -3.452918539758562 0
2527 -5.246859551361766 -4.440937585987433 0
2528 -7.374695254287403 -1.644468337929501 0
2529 1.661067083865273 -0.450641105444225 0
2530 -1.623951226129506 -3.149241703521239 0
2531 -8.997897852512759 -28.90331960851451 0
2532 1.589075079871846 -2.03857247865785 0
2533 2.268234898279625 -2.028391700529422 0
2534 1.24471678448235 -3.164493377473145 0
2535 1.641667888169144 -1.81489451447068 0
2536 1.565118940037242 -0.8830343705995514 0
2537 -1.558111439789538 -0.7404728372059743 0
2538 1.560621778264911 -0.3150000000000261 0
2539 -1.593984721967636 -0.3006169024017336 0
2540 -1.677864890353288 -0.3927269270489226 0
2541 1.578038657539364 -0.5207270344301431 0
2542 -1.558130672726362 -0.5168333333333521 0
2543 -1.564343685625436 -0.1731064771148265 0
2544 1.562841365307437 -0.1737672319495402 0
2545 -1.584108649671056 -0.8563995176325001 0
2546 -1.569478426616502 -0.3825020992234691 0
2547 1.573051236768339 -0.3902223050856009 0
2548 1.656257856194444 -0.3386939218005942 0
2549 1.580281058967916 -0.7342806819736918 0
2550 1.579606746042095 -0.6045437687138104 0
2551 -1.576190880934484 -0.5832367501559386 0
2552 3.791833872438199 -3.61345535790568 0
2553 2.124029039736608 -2.223180522920565 0
2554 1.883936865537054 -0.2597153842555677 0
2555 -2.26325683896296 -3.510821104193681 0
2556 -5.224380041611022 -5.46913538915801 0
2557 4.188666808576345 -28.85748675003058 0
2558 1.560478838010991 -1.020628213091708 0
2559 -1.561892945587544 -1.026235220608406 0
2560 0.07384632498605587 -3.158352717727869 0
2561 -7.684223948138634 -29.74818623622834 0
2562 -3.057010177462947 -1.384948527427383 0
2563 0.9471354598763372 -3.409558641778407 0
2564 5.821249103580343 -0.6481302918069893 0
2565 -4.373932851268525 -5.963352058444723 0
2566 -3.239885315388028 -2.22628392533278 0
2567 -1.822039704209767 -1.905010477883669 0
2568 -6.293229183452779 -29.78011616978383 0
2569 12.0886922268992 -1.507171285296403 0
2570 -1.965556018630976 -0.7604005302131469 0
2571 -1.555332646278942 -2.250569719890933 0
2572 -1.569183838126439 -1.800570390795524 0
2573 1.550850238132208 -1.800978902894155 0
2574 1.571909998462373 -2.500877024250897 0
2575 1.645342082854831 -2.54332422299666 0
2576 -1.583840433299057 -1.600157506534467 0
2577 -1.644195185603453 -1.680218505200877 0
2578 1.555997898784886 -1.603323725370471 0
2579 -1.567507087205996 -2.633920965984696 0
2580 -1.555656944182676 -1.272470691545484 0
2581 1.554940780508023 -1.148915660082675 0
2582 1.56505887713652 -1.309788463970284 0
2583 1.556291651245907 -1.862500000000114 0
2584 -1.55522820679863 -2.449799429058075 0
2585 -1.55488464923186 -2.776540660082654 0
2586 1.556291651245755 -1.472500000000124 0
2587 -1.567546656450485 -1.464713476002125 0
2588 1.567743681164131 -1.666853169357323 0
2589 1.55092074222205 -2.829271216717276 0
2590 1.548248006227129 -2.776270910010116 0
2591 -1.557562021883023 -1.404012415091398 0
2592 -1.556064474107962 -2.117837418283903 0
2593 -1.559747171018269 -1.868437062853985 0
2594 -1.570246804048321 -2.311377873761634 0
2595 -1.658862194066179 -2.352924422507119 0
2596 -12.07301082544166 -1.504267396199136 0
2597 -1.225630462284305 -4.014528221615198 0
2598 0.8260869565219259 -3.173031451887031 0
2599 1.987241622098878 -2.986879319892665 0
2600 1.645186737987883 -1.360051514693685 0
2601 -3.530206705448687 -3.233495180897656 0
2602 1.9076704711456 -4.150191055547458 0
2603 -1.642770928189972 -0.7617960079932828 0
2604 2.641190244154339 -1.219506253526035 0
2605 2.667382828594263 -2.31023273004406 0
2606 1.856817234522241 -3.093774688751189 0
2607 1.76127657148824 -2.835733636869715 0
2608 -10.20807590591859 -1.524398833894718 0
2609 -1.637170374216217 -0.5144997744552064 0
2610 -10.45244851923643 -28.11008589162945 0
2611 -1.647462144526778 -1.504999999999649 0
2612 2.453113032257332 -3.712403134215531 0
2613 -1.178501574558711 -3.16040648372039 0
2614 1.773458996239454 -2.15598172772564 0
2615 6.989710702051133 -1.541608149659336 0
2616 -3.225031859827043 -4.743232973261474 0
2617 -3.484660279544808 -1.221160321610054 0
2618 -1.894495399849245 -2.079037491668704 0
2619 -14.26527598688498 -29.76949256837279 0
2620 10.32046901269798 -1.556305482200287 0
2621 -13.51987434508587 -14.81479289233424 0
2622 5.39127711204682 -28.09286337118049 0
2623 -8.717078067891876 -2.505292158959797 0
2624 9.499999999999998 -29.902410594561 0
2625 10.58941689182422 -28.09043700029567 0
2626 14.282717456958 -29.78721996418471 0
2627 -14.29192100416808 -0.7117532854779842 0
2628 14.33005732472742 -0.6703853016538428 0
2629 2.605771164210899 -0.8928711207565136 0
2630 8.693182924766747 -0.5870118708222183 0
2631 -1.540974242870079 -0.04124534678772029 0
2632 1.540844731101704 -0.04116670058767369 0
2633 7.037651907641419 -29.08867969240878 0
2634 4.298092970746739 -1.088240336848983 0
2635 -1.61110913234467 -3.738608315385285 0
2636 -1.880850412019643 -3.902162065208755 0
2637 -1.404193047352002 -3.813693837140423 0
2638 1.776421353558518 -0.3589880417821369 0
2639 2.000000000000008 -29.05780915084596 0
2640 -12.60447834774495 -15.83547207418265 0
2641 3.435913892973904 -0.7642333062170419 0
2642 -0.3903312704819088 -4.213837656524017 0
2643 0.4392214883804357 -3.169847812679368 0
2644 6.277676033619506 -2.081975405369455 0
2645 -1.620813322599974 -2.567590553970856 0
2646 -12.00000000000001 -29.07100720439971 0
2647 7.736331285514428e-15 -29.07241633158391 0
2648 12.76919909512863 -21.77044914356162 0
2649 -0.6491583531940612 -3.308993128570183 0
2650 4.586442261516584 -0.569578373347376 0
2651 1.624684193356346 -1.950175017257429 0
2652 -1.643154073032715 -1.053495360464957 0
2653 -11.74831315101977 -10.32073547037445 0
2654 -1.640213920810385 -1.763545460240369 0
2655 -2.168285511645312 -1.286955536668174 0
2656 -1.55022193383051 -2.573802303991112 0
2657 12.08390581197901 -29.01495033428487 0
2658 2.506793579365636 -2.062554517077 0
2659 -13.47198148931773 -26.32040420646673 0
2660 3.611191391312513 -1.878152726150651 0
2661 -6.401634668828122 -1.488635764363938 0
2662 1.762156829383722 -4.75465618453109 0
2663 -1.148833369476276 -4.653449464190764 0
2664 -2.256211842484476 -2.283380231310543 0
2665 -13.46432780383875 -27.32040571976478 0
2666 12.89265796542869 -23.06817974015456 0
2667 1.65386227310849 -0.6741012971835261 0
2668 1.551125933628948 -1.9896661133688 0
2669 -2.901072860950102 -0.6535698569187591 0
2670 -13.61177289597815 -24.67154573607498 0
2671 -1.626804321515777 -0.2162693354851317 0
2672 -14.26345711248593 -25.05878007790418 0
2673 -0.5744506989444986 -3.182470382764365 0
2674 -0.135552275643658 -3.153410114199342 0
2675 -2.370197607075898 -3.029025625916525 0
2676 -13.51187356742416 -23.2422334888747 0
2677 -1.767257348981854 -2.427644365771265 0
2678 -2.01245212137861 -1.607235585334074 0
2679 -13.47150513958297 -22.33353523785746 0
2680 -13.44672125043114 -21.32040904277231 0
2681 1.101254270785241 -3.65880435507902 0
2682 -13.49647846495363 -2.385624450629631 0
2683 0.1457993243796458 -4.066309732201566 0
2684 -13.44453584033916 -20.32040949019271 0
2685 -5.028389969259223 -29.11122707881989 0
2686 -13.48812383384566 -5.287278043456334 0
2687 -13.4738185711722 -3.297654926355161 0
2688 -13.46115336286716 -19.33929710440908 0
2689 -3.688699307105772 -2.013177838796267 0
2690 -13.46409157475253 -4.297600879521987 0
2691 -13.44080570967101 -18.32040839819529 0
2692 -1.069861881347275 -3.409953908025571 0
2693 -13.5346538497726 -17.37843419442586 0
2694 -1.391434116334334 -3.169509402397297 0
2695 -12.74846951703742 -13.51320607934697 0
2696 -13.43553775465829 -7.32040534145009 0
2697 1.633981635912177 -1.714072075203182 0
2698 -14.49299273619193 -6.395161290322582 0
2699 2.34156350233873 -0.8732822468715327 0
2700 -14.44705093748068 -8.331516634296745 0
2701 13.643658630551 -20.71890934218285 0
2702 -14.38810963587549 -13.1866825883126 0
2703 -14.49579204300032 -12.2983870967742 0
2704 1.626826056869889 -0.2312469473991374 0
2705 -1.388561895673969 -4.311086729973372 0
2706 -2.976615738565515 -5.858016736085522 0
2707 0.9175593112583622 -3.152887807492316 0
2708 0.92905765038324 -3.249056596962024 0
2709 -13.48904507869355 -28.24342249545112 0
2710 -1.798667967369008 -4.324951011915061 0
2711 -1.896140702486337 -2.389641889103819 0
2712 1.443653476077397 -1.149744392846534 0
2713 1.056346523922606 -1.145255607153473 0
2714 1.27698680941073 -1.114543334200356 0
2715 1.220566547713283 -1.179185757558258 0
2716 1.128844724519412 -1.176750334974873 0
2717 1.370805755069732 -1.118068106704957 0
2718 1.385743205191188 -1.19349399186847 0
2719 1.114198541407003 -1.101475748411508 0
2720 1.192877214952849 -1.111992529190834 0
2721 1.306239275119711 -1.182548531722006 0
2722 1.050775679732588 -1.092346271112994 0
2723 1.05370491635507 -1.198401188425668 0
2724 1.446225179562759 -1.096562499910299 0
2725 1.44921266958705 -1.202647676943002 0
2726 -1.056346523922599 -1.149744392846568 0
2727 -1.443653476077391 -1.145255607153464 0
2728 -1.223013190589266 -1.114543334200361 0
2729 -1.279433452286713 -1.179185757558262 0
2730 -1.371155275480586 -1.176750334974862 0
2731 -1.129194244930266 -1.118068106704962 0
2732 -1.114256794808811 -1.193493991868504 0
2733 -1.385801458592996 -1.101475748411506 0
2734 -1.307122785047149 -1.111992529190834 0
2735 -1.193760724880287 -1.182548531722018 0
2736 -1.050787330412949 -1.202647676943013 0
2737 -1.446295083644928 -1.198401188425665 0
2738 -1.44922432026741 -1.092346271112994 0
2739 -1.05377482043724 -1.096562499910307 0
2740 1.443653476077382 -1.344744392846525 0
2741 1.0563465239226 -1.340255607153477 0
2742 1.276986809410723 -1.309543334200338 0
2743 1.220566547713278 -1.374185757558237 0
2744 1.12884472451941 -1.371750334974855 0
2745 1.370805755069729 -1.313068106704931 0
2746 1.385743205191178 -1.388493991868458 0
2747 1.114198541407001 -1.296475748411501 0
2748 1.192877214952846 -1.306992529190822 0
2749 1.306239275119707 -1.377548531721995 0
2750 1.053704916355069 -1.393401188425667 0
2751 1.050775679732587 -1.287346271112996 0
2752 1.446225179562756 -1.291562499910292 0
2753 1.449212669587046 -1.397647676942997 0
2754 -1.056346523922612 -1.344744392846527 0
2755 -1.443653476077413 -1.340255607153434 0
2756 -1.223013190589278 -1.30954333420034 0
2757 -1.279433452286724 -1.374185757558237 0
2758 -1.37115527548059 -1.371750334974832 0
2759 -1.12919424493027 -1.313068106704931 0
2760 -1.114256794808814 -1.388493991868458 0
2761 -1.385801458593013 -1.296475748411465 0
2762 -1.307122785047156 -1.306992529190813 0
2763 -1.193760724880292 -1.377548531721995 0
2764 -1.446295083644934 -1.393401188425653 0
2765 -1.449224320267418 -1.28734627111298 0
2766 -1.053774820437243 -1.291562499910292 0
2767 -1.050787330412952 -1.397647676942997 0
2768 1.44365347607739 -1.539744392846551 0
2769 1.056346523922613 -1.535255607153438 0
2770 1.276986809410723 -1.50454333420036 0
2771 1.220566547713289 -1.569185757558234 0
2772 1.128844724519414 -1.566750334974854 0
2773 1.37080575506973 -1.508068106704949 0
2774 1.385743205191187 -1.583493991868465 0
2775 1.114198541407004 -1.491475748411503 0
2776 1.30623927511971 -1.572548531722003 0
2777 1.192877214952849 -1.501992529190826 0
2778 1.05077567973259 -1.482346271112988 0
2779 1.053704916355072 -1.588401188425657 0
2780 1.446225179562757 -1.486562499910299 0
2781 1.449212669587049 -1.592647676943002 0
2782 -1.056346523922617 -1.535255607153436 0
2783 -1.443653476077398 -1.539744392846547 0
2784 -1.276986809410731 -1.504543334200363 0
2785 -1.220566547713295 -1.569185757558236 0
2786 -1.128844724519416 -1.566750334974852 0
2787 -1.370805755069733 -1.50806810670494 0
2788 -1.385743205191189 -1.583493991868464 0
2789 -1.114198541407005 -1.491475748411499 0
2790 -1.306239275119713 -1.572548531722003 0
2791 -1.192877214952852 -1.501992529190828 0
2792 -1.446225179562759 -1.486562499910297 0
2793 -1.449212669587051 -1.592647676943002 0
2794 -1.050775679732591 -1.482346271112988 0
2795 -1.053704916355073 -1.588401188425657 0
2796 1.443653476077388 -1.734744392846558 0
2797 1.056346523922608 -1.730255607153463 0
2798 1.276986809410721 -1.699543334200371 0
2799 1.220566547713287 -1.764185757558248 0
2800 1.128844724519411 -1.761750334974868 0
2801 1.37080575506973 -1.703068106704951 0
2802 1.385743205191186 -1.778493991868473 0
2803 1.114198541407003 -1.686475748411524 0
2804 1.192877214952848 -1.696992529190835 0
2805 1.306239275119709 -1.767548531722007 0
2806 1.05370491635507 -1.783401188425664 0
2807 1.050775679732589 -1.677346271112997 0
2808 1.446225179562757 -1.681562499910301 0
2809 1.449212669587048 -1.787647676943003 0
2810 -1.056346523922608 -1.734744392846558 0
2811 -1.4436534760774 -1.730255607153463 0
2812 -1.27698680941073 -1.765456665799631 0
2813 -1.220566547713285 -1.700814242441764 0
2814 -1.370805755069736 -1.761931893295067 0
2815 -1.128844724519413 -1.703249665025147 0
2816 -1.114198541407003 -1.778524251588506 0
2817 -1.385743205191189 -1.686506008131559 0
2818 -1.19287721495285 -1.768007470809174 0
2819 -1.306239275119712 -1.697451468278004 0
2820 -1.050775679732589 -1.787653728887014 0
2821 -1.446225179562761 -1.783437500089706 0
2822 -1.449212669587051 -1.677352323057004 0
2823 -1.05370491635507 -1.681598811574339 0
2824 1.443653476077387 -1.929744392846578 0
2825 1.05634652392261 -1.925255607153487 0
2826 1.27698680941072 -1.894543334200378 0
2827 1.220566547713291 -1.959185757558263 0
2828 1.128844724519409 -1.956750334974879 0
2829 1.370805755069729 -1.898068106704976 0
2830 1.114198541407003 -1.881475748411537 0
2831 1.385743205191186 -1.973493991868477 0
2832 1.192877214952848 -1.891992529190844 0
2833 1.30623927511971 -1.962548531722017 0
2834 1.050775679732589 -1.872346271113004 0
2835 1.449212669587048 -1.98264767694301 0
2836 1.05370491635507 -1.978401188425675 0
2837 1.446225179562757 -1.876562499910312 0
2838 -1.056346523922606 -1.925255607153492 0
2839 -1.443653476077402 -1.929744392846587 0
2840 -1.276986809410729 -1.894543334200385 0
2841 -1.220566547713283 -1.959185757558258 0
2842 -1.128844724519412 -1.95675033497489 0
2843 -1.370805755069733 -1.898068106704972 0
2844 -1.114198541407003 -1.881475748411539 0
2845 -1.385743205191195 -1.973493991868486 0
2846 -1.192877214952849 -1.891992529190844 0
2847 -1.306239275119712 -1.962548531722017 0
2848 -1.44622517956276 -1.876562499910312 0
2849 -1.050775679732588 -1.872346271113004 0
2850 -1.05370491635507 -1.978401188425675 0
2851 -1.449212669587053 -1.982647676943014 0
2852 1.443653476077404 -2.12474439284652 0
2853 1.056346523922595 -2.120255607153467 0
2854 1.276986809410738 -2.089543334200352 0
2855 1.220566547713287 -2.154185757558245 0
2856 1.370805755069734 -2.093068106704926 0
2857 1.1288447245194 -2.151750334974871 0
2858 1.38574320519119 -2.168493991868464 0
2859 1.114198541406999 -2.076475748411486 0
2860 1.192877214952848 -2.086992529190827 0
2861 1.306239275119713 -2.157548531722 0
2862 1.449212669587052 -2.177647676942996 0
2863 1.446225179562761 -2.071562499910288 0
2864 1.050775679732585 -2.067346271112989 0
2865 1.053704916355066 -2.173401188425668 0
2866 -1.056346523922603 -2.12025560715345 0
2867 -1.443653476077394 -2.1247443928465 0
2868 -1.276986809410728 -2.089543334200346 0
2869 -1.22056654771328 -2.154185757558244 0
2870 -1.370805755069732 -2.093068106704932 0
2871 -1.128844724519411 -2.151750334974857 0
2872 -1.385743205191187 -2.168493991868441 0
2873 -1.114198541407002 -2.076475748411479 0
2874 -1.192877214952848 -2.086992529190823 0
2875 -1.30623927511971 -2.157548531721996 0
2876 -1.446225179562759 -2.071562499910286 0
2877 -1.44921266958705 -2.177647676942989 0
2878 -1.050775679732588 -2.067346271112987 0
2879 -1.05370491635507 -2.173401188425663 0
2880 1.056346523922583 -2.315255607153516 0
2881 1.443653476077383 -2.319744392846573 0
2882 1.276986809410716 -2.284543334200377 0
2883 1.220566547713269 -2.349185757558246 0
2884 1.128844724519398 -2.346750334974894 0
2885 1.370805755069729 -2.28806810670495 0
2886 1.114198541406997 -2.271475748411547 0
2887 1.385743205191185 -2.363493991868472 0
2888 1.192877214952841 -2.281992529190845 0
2889 1.306239275119705 -2.352548531722007 0
2890 1.050775679732582 -2.262346271113014 0
2891 1.053704916355063 -2.368401188425681 0
2892 1.446225179562756 -2.266562499910304 0
2893 1.449212669587047 -2.372647676943009 0
2894 -1.056346523922577 -2.315255607153464 0
2895 -1.443653476077384 -2.319744392846628 0
2896 -1.276986809410718 -2.284543334200377 0
2897 -1.220566547713269 -2.349185757558244 0
2898 -1.128844724519406 -2.346750334974884 0
2899 -1.370805755069729 -2.288068106704991 0
2900 -1.11419854140698 -2.271475748411486 0
2901 -1.385743205191185 -2.3634939918685 0
2902 -1.306239275119705 -2.352548531722018 0
2903 -1.19287721495284 -2.281992529190834 0
2904 -1.053704916355063 -2.36840118842567 0
2905 -1.050775679732578 -2.262346271112991 0
2906 -1.449212669587047 -2.372647676943025 0
2907 -1.446225179562756 -2.266562499910323 0
2908 1.443653476077398 -2.514744392846552 0
2909 1.056346523922593 -2.510255607153487 0
2910 1.276986809410731 -2.47954333420037 0
2911 1.220566547713283 -2.544185757558271 0
2912 1.370805755069733 -2.483068106704955 0
2913 1.128844724519399 -2.541750334974893 0
2914 1.114198541406998 -2.46647574841149 0
2915 1.385743205191188 -2.558493991868485 0
2916 1.306239275119711 -2.547548531722015 0
2917 1.192877214952846 -2.476992529190838 0
2918 1.050775679732585 -2.457346271112996 0
2919 1.053704916355065 -2.563401188425674 0
2920 1.44622517956276 -2.461562499910301 0
2921 1.449212669587051 -2.567647676943007 0
2922 -1.056346523922601 -2.510255607153473 0
2923 -1.443653476077405 -2.514744392846557 0
2924 -1.276986809410725 -2.479543334200367 0
2925 -1.220566547713277 -2.544185757558264 0
2926 -1.370805755069733 -2.483068106704948 0
2927 -1.128844724519411 -2.541750334974886 0
2928 -1.114198541407001 -2.466475748411487 0
2929 -1.385743205191203 -2.558493991868493 0
2930 -1.306239275119712 -2.547548531722015 0
2931 -1.192877214952847 -2.476992529190836 0
2932 -1.053704916355069 -2.563401188425672 0
2933 -1.446225179562761 -2.461562499910301 0
2934 -1.449212669587055 -2.567647676943011 0
2935 -1.050775679732587 -2.457346271112991 0
2936 1.443653476077412 -2.709744392846517 0
2937 1.056346523922617 -2.705255607153443 0
2938 1.276986809410738 -2.674543334200351 0
2939 1.220566547713302 -2.739185757558253 0
2940 1.128844724519412 -2.736750334974861 0
2941 1.370805755069736 -2.678068106704936 0
2942 1.385743205191198 -2.75349399186848 0
2943 1.114198541407005 -2.661475748411485 0
2944 1.306239275119717 -2.742548531722004 0
2945 1.192877214952854 -2.671992529190828 0
2946 1.050775679732591 -2.652346271112984 0
2947 1.053704916355072 -2.758401188425662 0
2948 1.446225179562763 -2.656562499910288 0
2949 1.449212669587055 -2.762647676942999 0
2950 -1.056346523922624 -2.705255607153422 0
2951 -1.443653476077403 -2.709744392846499 0
2952 -1.27698680941073 -2.674543334200347 0
2953 -1.220566547713301 -2.739185757558252 0
2954 -1.370805755069733 -2.67806810670492 0
2955 -1.128844724519418 -2.736750334974838 0
2956 -1.385743205191195 -2.753493991868474 0
2957 -1.114198541407007 -2.661475748411474 0
2958 -1.306239275119715 -2.742548531721999 0
2959 -1.192877214952853 -2.67199252919082 0
2960 -1.050775679732592 -2.652346271112979 0
2961 -1.053704916355075 -2.758401188425653 0
2962 -1.44622517956276 -2.656562499910283 0
2963 -1.449212669587053 -2.762647676942997 0
2964 1.443653476077386 -2.904744392846581 0
2965 1.056346523922609 -2.900255607153438 0
2966 1.276986809410719 -2.869543334200365 0
2967 1.220566547713288 -2.934185757558243 0
2968 1.128844724519411 -2.931750334974856 0
2969 1.370805755069729 -2.873068106704958 0
2970 1.114198541407003 -2.856475748411487 0
2971 1.385743205191186 -2.948493991868482 0
2972 1.192877214952848 -2.866992529190828 0
2973 1.306239275119709 -2.937548531722012 0
2974 1.446225179562757 -2.851562499910306 0
2975 1.050775679732589 -2.847346271112984 0
2976 1.05370491635507 -2.953401188425659 0
2977 1.449212669587048 -2.957647676943012 0
2978 -1.056346523922613 -2.900255607153426 0
2979 -1.443653476077384 -2.904744392846544 0
2980 -1.276986809410714 -2.869543334200362 0
2981 -1.220566547713287 -2.934185757558243 0
2982 -1.370805755069728 -2.873068106704929 0
2983 -1.128844724519414 -2.931750334974842 0
2984 -1.114198541407004 -2.856475748411482 0
2985 -1.385743205191188 -2.948493991868464 0
2986 -1.192877214952848 -2.866992529190821 0
2987 -1.306239275119708 -2.937548531722001 0
2988 -1.446225179562755 -2.851562499910294 0
2989 -1.05077567973259 -2.847346271112983 0
2990 -1.449212669587048 -2.957647676943003 0
2991 -1.053704916355072 -2.953401188425653 0
$EndNodes
$Elements
5910
1 1 2 10 37 1 89
2 1 2 10 37 89 90
3 1 2 10 37 90 91
4 1 2 10 37 91 92
5 1 2 10 37 92 93
6 1 2 10 37 93 94
7 1 2 10 37 94 95
8 1 2 10 37 95 96
9 1 2 10 37 96 97
10 1 2 10 37 97 98
11 1 2 10 37 98 99
12 1 2 10 37 99 100
13 1 2 10 37 100 101
14 1 2 10 37 101 102
15 1 2 10 37 102 103
16 1 2 10 37 103 104
17 1 2 10 37 104 105
18 1 2 10 37 105 106
19 1 2 10 37 106 107
20 1 2 10 37 107 108
21 1 2 10 37 108 109
22 1 2 10 37 109 110
23 1 2 10 37 110 111
24 1 2 10 37 111 112
25 1 2 10 37 112 113
26 1 2 10 37 113 114
27 1 2 10 37 114 115
28 1 2 10 37 115 116
29 1 2 10 37 116 117
30 1 2 10 37 117 118
31 1 2 10 37 118 119
32 1 2 10 37 119 120
33 1 2 10 37 120 121
34 1 2 10 37 121 12
35 1 2 20 52 13 254
36 1 2 20 52 254 255
37 1 2 20 52 255 256
38 1 2 20 52 256 257
39 1 2 20 52 257 258
40 1 2 20 52 258 259
41 1 2 20 52 259 260
42 1 2 20 52 260 261
43 1 2 20 52 261 262
44 1 2 20 52 262 263
45 1 2 20 52 263 264
46 1 2 20 52 264 265
47 1 2 20 52 265 266
48 1 2 20 52 266 267
49 1 2 20 52 267 268
50 1 2 20 52 268 269
51 1 2 20 52 269 270
52 1 2 20 52 270 271
53 1 2 20 52 271 272
54 1 2 20 52 272 273
55 1 2 20 52 273 274
56 1 2 20 52 274 275
57 1 2 20 52 275 14
58 1 2 20 54 15 276
59 1 2 20 54 276 277
60 1 2 20 54 277 278
61 1 2 20 54 278 279
62 1 2 20 54 279 280
63 1 2 20 54 280 281
64 1 2 20 54 281 282
65 1 2 20 54 282 283
66 1 2 20 54 283 284
67 1 2 20 54 284 285
68 1 2 20 54 285 286
69 1 2 20 54 286 287
70 1 2 20 54 287 288
71 1 2 20 54 288 289
72 1 2 20 54 289 290
73 1 2 20 54 290 291
74 1 2 20 54 291 292
75 1 2 20 54 292 293
76 1 2 20 54 293 294
77 1 2 20 54 294 295
78 1 2 20 54 295 296
79 1 2 20 54 296 297
80 1 2 20 54 297 16
81 1 2 20 57 19 305
82 1 2 20 57 305 306
83 1 2 20 57 306 18
84 1 2 20 59 20 312
85 1 2 20 59 312 313
86 1 2 20 59 313 21
87 1 2 20 65 18 333
88 1 2 20 65 333 334
89 1 2 20 65 334 24
90 1 2 20 66 25 335
91 1 2 20 66 335 336
92 1 2 20 66 336 20
93 1 2 20 71 24 351
94 1 2 20 71 351 352
95 1 2 20 71 352 28
96 1 2 20 72 29 353
97 1 2 20 72 353 354
98 1 2 20 72 354 25
99 1 2 20 77 28 369
100 1 2 20 77 369 370
101 1 2 20 77 370 32
102 1 2 20 78 33 371
103 1 2 20 78 371 372
104 1 2 20 78 372 29
105 1 2 20 83 32 387
106 1 2 20 83 387 388
107 1 2 20 83 388 36
108 1 2 20 84 37 389
109 1 2 20 84 389 390
110 1 2 20 84 390 33
111 1 2 20 89 36 405
112 1 2 20 89 405 406
113 1 2 20 89 406 40
114 1 2 20 90 41 407
115 1 2 20 90 407 408
116 1 2 20 90 408 37
117 1 2 20 95 40 423
118 1 2 20 95 423 424
119 1 2 20 95 424 44
120 1 2 20 96 45 425
121 1 2 20 96 425 426
122 1 2 20 96 426 41
123 1 2 20 101 44 441
124 1 2 20 101 441 442
125 1 2 20 101 442 48
126 1 2 20 102 49 443
127 1 2 20 102 443 444
128 1 2 20 102 444 45
129 1 2 20 107 48 459
130 1 2 20 107 459 460
131 1 2 20 107 460 52
132 1 2 20 108 53 461
133 1 2 20 108 461 462
134 1 2 20 108 462 49
135 1 2 20 113 52 477
136 1 2 20 113 477 478
137 1 2 20 113 478 15
138 1 2 20 114 16 479
139 1 2 20 114 479 480
140 1 2 20 114 480 53
141 1 2 20 117 14 19
142 1 2 20 118 21 13
143 1 2 15 119 57 488
144 1 2 15 119 488 489
145 1 2 15 119 489 490
146 1 2 15 119 490 491
147 1 2 15 119 491 492
148 1 2 15 119 492 493
149 1 2 15 119 493 494
150 1 2 15 119 494 495
151 1 2 15 119 495 496
152 1 2 15 119 496 497
153 1 2 15 119 497 498
154 1 2 15 119 498 499
155 1 2 15 119 499 500
156 1 2 15 119 500 501
157 1 2 15 119 501 502
158 1 2 15 119 502 503
159 1 2 15 119 503 504
160 1 2 15 119 504 505
161 1 2 15 119 505 506
162 1 2 15 119 506 507
163 1 2 15 119 507 508
164 1 2 15 119 508 509
165 1 2 15 119 509 510
166 1 2 15 119 510 511
167 1 2 15 119 511 512
168 1 2 15 119 512 513
169 1 2 15 119 513 514
170 1 2 15 119 514 515
171 1 2 15 119 515 516
172 1 2 15 119 516 517
173 1 2 15 119 517 58
174 1 2 10 120 1 518
175 1 2 10 120 518 519
176 1 2 10 120 519 520
177 1 2 10 120 520 521
178 1 2 10 120 521 522
179 1 2 10 120 522 523
180 1 2 10 120 523 524
181 1 2 10 120 524 525
182 1 2 10 120 525 526
183 1 2 10 120 526 527
184 1 2 10 120 527 528
185 1 2 10 120 528 529
186 1 2 10 120 529 530
187 1 2 10 120 530 531
188 1 2 10 120 531 532
189 1 2 10 120 532 533
190 1 2 10 120 533 534
191 1 2 10 120 534 535
192 1 2 10 120 535 57
193 1 2 10 121 59 536
194 1 2 10 121 536 537
195 1 2 10 121 537 538
196 1 2 10 121 538 539
197 1 2 10 121 539 540
198 1 2 10 121 540 541
199 1 2 10 121 541 542
200 1 2 10 121 542 543
201 1 2 10 121 543 544
202 1 2 10 121 544 545
203 1 2 10 121 545 546
204 1 2 10 121 546 547
205 1 2 10 121 547 548
206 1 2 10 121 548 549
207 1 2 10 121 549 550
208 1 2 10 121 550 551
209 1 2 10 121 551 552
210 1 2 10 121 552 553
211 1 2 10 121 553 12
212 1 2 16 122 60 554
213 1 2 16 122 554 555
214 1 2 16 122 555 556
215 1 2 16 122 556 557
216 1 2 16 122 557 558
217 1 2 16 122 558 559
218 1 2 16 122 559 560
219 1 2 16 122 560 561
220 1 2 16 122 561 562
221 1 2 16 122 562 563
222 1 2 16 122 563 564
223 1 2 16 122 564 565
224 1 2 16 122 565 566
225 1 2 16 122 566 567
226 1 2 16 122 567 568
227 1 2 16 122 568 569
228 1 2 16 122 569 570
229 1 2 16 122 570 571
230 1 2 16 122 571 572
231 1 2 16 122 572 573
232 1 2 16 122 573 574
233 1 2 16 122 574 575
234 1 2 16 122 575 576
235 1 2 16 122 576 577
236 1 2 16 122 577 578
237 1 2 16 122 578 579
238 1 2 16 122 579 580
239 1 2 16 122 580 581
240 1 2 16 122 581 582
241 1 2 16 122 582 583
242 1 2 16 122 583 59
243 1 2 11 123 58 584
244 1 2 11 123 584 585
245 1 2 11 123 585 586
246 1 2 11 123 586 587
247 1 2 11 123 587 588
248 1 2 11 123 588 589
249 1 2 11 123 589 590
250 1 2 11 123 590 591
251 1 2 11 123 591 592
252 1 2 11 123 592 593
253 1 2 11 123 593 594
254 1 2 11 123 594 595
255 1 2 11 123 595 596
256 1 2 11 123 596 597
257 1 2 11 123 597 598
258 1 2 11 123 598 599
259 1 2 11 123 599 600
260 1 2 11 123 600 601
261 1 2 11 123 601 602
262 1 2 11 123 602 603
263 1 2 11 123 603 604
264 1 2 11 123 604 605
265 1 2 11 123 605 606
266 1 2 11 123 606 607
267 1 2 11 123 607 608
268 1 2 11 123 608 609
269 1 2 11 123 609 610
270 1 2 11 123 610 611
271 1 2 11 123 611 612
272 1 2 11 123 612 60
273 1 2 21 124 61 613
274 1 2 21 124 613 614
275 1 2 21 124 614 615
276 1 2 21 124 615 616
277 1 2 21 124 616 617
278 1 2 21 124 617 618
279 1 2 21 124 618 619
280 1 2 21 124 619 620
281 1 2 21 124 620 621
282 1 2 21 124 621 622
283 1 2 21 124 622 623
284 1 2 21 124 623 624
285 1 2 21 124 624 625
286 1 2 21 124 625 626
287 1 2 21 124 626 627
288 1 2 21 124 627 628
289 1 2 21 124 628 629
290 1 2 21 124 629 630
291 1 2 21 124 630 631
292 1 2 21 124 631 632
293 1 2 21 124 632 633
294 1 2 21 124 633 634
295 1 2 21 124 634 62
296 1 2 21 125 63 635
297 1 2 21 125 635 636
298 1 2 21 125 636 637
299 1 2 21 125 637 638
300 1 2 21 125 638 639
301 1 2 21 125 639 640
302 1 2 21 125 640 641
303 1 2 21 125 641 642
304 1 2 21 125 642 643
305 1 2 21 125 643 644
306 1 2 21 125 644 645
307 1 2 21 125 645 646
308 1 2 21 125 646 647
309 1 2 21 125 647 648
310 1 2 21 125 648 649
311 1 2 21 125 649 650
312 1 2 21 125 650 651
313 1 2 21 125 651 652
314 1 2 21 125 652 653
315 1 2 21 125 653 654
316 1 2 21 125 654 655
317 1 2 21 125 655 656
318 1 2 21 125 656 61
319 1 2 21 126 62 657
320 1 2 21 126 657 658
321 1 2 21 126 658 659
322 1 2 21 126 659 660
323 1 2 21 126 660 661
324 1 2 21 126 661 662
325 1 2 21 126 662 663
326 1 2 21 126 663 664
327 1 2 21 126 664 665
328 1 2 21 126 665 666
329 1 2 21 126 666 667
330 1 2 21 126 667 668
331 1 2 21 126 668 669
332 1 2 21 126 669 670
333 1 2 21 126 670 671
334 1 2 21 126 671 672
335 1 2 21 126 672 673
336 1 2 21 126 673 674
337 1 2 21 126 674 675
338 1 2 21 126 675 676
339 1 2 21 126 676 677
340 1 2 21 126 677 678
341 1 2 21 126 678 64
342 1 2 21 127 64 679
343 1 2 21 127 679 680
344 1 2 21 127 680 681
345 1 2 21 127 681 682
346 1 2 21 127 682 683
347 1 2 21 127 683 684
348 1 2 21 127 684 685
349 1 2 21 127 685 686
350 1 2 21 127 686 687
351 1 2 21 127 687 688
352 1 2 21 127 688 689
353 1 2 21 127 689 690
354 1 2 21 127 690 691
355 1 2 21 127 691 692
356 1 2 21 127 692 693
357 1 2 21 127 693 694
358 1 2 21 127 694 695
359 1 2 21 127 695 696
360 1 2 21 127 696 697
361 1 2 21 127 697 698
362 1 2 21 127 698 699
363 1 2 21 127 699 700
364 1 2 21 127 700 63
365 2 2 1 11 850 854 667
366 2 2 1 11 852 855 689
367 2 2 1 11 849 853 645
368 2 2 1 11 851 856 623
369 2 2 1 11 810 855 852
370 2 2 1 11 811 854 850
371 2 2 1 11 809 856 851
372 2 2 1 11 812 853 849
373 2 2 1 11 742 810 743
374 2 2 1 11 708 809 709
375 2 2 1 11 725 811 726
376 2 2 1 11 759 812 760
377 2 2 1 11 699 776 698
378 2 2 1 11 642 796 641
379 2 2 1 11 644 803 643
380 2 2 1 11 669 808 668
381 2 2 1 11 671 798 670
382 2 2 1 11 684 787 683
383 2 2 1 11 615 813 614
384 2 2 1 11 677 773 676
385 2 2 1 11 662 788 661
386 2 2 1 11 687 822 686
387 2 2 1 11 659 830 658
388 2 2 1 11 640 785 639
389 2 2 1 11 655 774 654
390 2 2 1 11 674 834 673
391 2 2 1 11 675 784 674
392 2 2 1 11 686 793 685
393 2 2 1 11 688 801 687
394 2 2 1 11 691 806 690
395 2 2 1 11 693 797 692
396 2 2 1 11 695 791 694
397 2 2 1 11 697 781 696
398 2 2 1 11 633 775 632
399 2 2 1 11 637 817 636
400 2 2 1 11 658 771 657
401 2 2 1 11 660 780 659
402 2 2 1 11 618 786 617
403 2 2 1 11 630 814 629
404 2 2 1 11 670 828 669
405 2 2 1 11 696 816 695
406 2 2 1 11 672 829 671
407 2 2 1 11 680 769 679
408 2 2 1 11 614 772 613
409 2 2 1 11 621 820 620
410 2 2 1 11 652 821 651
411 2 2 1 11 620 795 619
412 2 2 1 11 622 802 621
413 2 2 1 11 625 805 624
414 2 2 1 11 627 799 626
415 2 2 1 11 629 790 628
416 2 2 1 11 631 782 630
417 2 2 1 11 647 807 646
418 2 2 1 11 649 800 648
419 2 2 1 11 651 792 650
420 2 2 1 11 653 783 652
421 2 2 1 11 664 794 663
422 2 2 1 11 666 804 665
423 2 2 1 11 616 778 615
424 2 2 1 11 694 819 693
425 2 2 1 11 663 837 662
426 2 2 1 11 639 843 638
427 2 2 1 11 681 815 680
428 2 2 1 11 619 833 618
429 2 2 1 11 673 789 672
430 2 2 1 11 685 824 684
431 2 2 1 11 626 823 625
432 2 2 1 11 648 835 647
433 2 2 1 11 665 836 664
434 2 2 1 11 692 825 691
435 2 2 1 11 698 826 697
436 2 2 1 11 682 779 681
437 2 2 1 11 628 832 627
438 2 2 1 11 676 818 675
439 2 2 1 11 636 770 635
440 2 2 1 11 638 777 637
441 2 2 1 11 650 831 649
442 2 2 1 11 654 842 653
443 2 2 1 11 617 838 616
444 2 2 1 11 661 839 660
445 2 2 1 11 643 827 642
446 2 2 1 11 632 841 631
447 2 2 1 11 641 844 640
448 2 2 1 11 683 840 682
449 2 2 1 11 776 826 698
450 2 2 1 11 777 817 637
451 2 2 1 11 773 818 676
452 2 2 1 11 781 816 696
453 2 2 1 11 629 814 790
454 2 2 1 11 785 843 639
455 2 2 1 11 780 830 659
456 2 2 1 11 779 815 681
457 2 2 1 11 783 821 652
458 2 2 1 11 658 830 771
459 2 2 1 11 778 813 615
460 2 2 1 11 782 814 630
461 2 2 1 11 642 827 796
462 2 2 1 11 801 822 687
463 2 2 1 11 636 817 770
464 2 2 1 11 791 819 694
465 2 2 1 11 662 837 788
466 2 2 1 11 784 834 674
467 2 2 1 11 787 840 683
468 2 2 1 11 793 824 685
469 2 2 1 11 614 813 772
470 2 2 1 11 800 835 648
471 2 2 1 11 792 831 650
472 2 2 1 11 804 836 665
473 2 2 1 11 680 815 769
474 2 2 1 11 775 841 632
475 2 2 1 11 797 825 692
476 2 2 1 11 620 820 795
477 2 2 1 11 640 844 785
478 2 2 1 11 647 835 807
479 2 2 1 11 651 821 792
480 2 2 1 11 664 836 794
481 2 2 1 11 669 828 808
482 2 2 1 11 686 822 793
483 2 2 1 11 691 825 806
484 2 2 1 11 693 819 797
485 2 2 1 11 695 816 791
486 2 2 1 11 697 826 781
487 2 2 1 11 618 833 786
488 2 2 1 11 799 823 626
489 2 2 1 11 790 832 628
490 2 2 1 11 673 834 789
491 2 2 1 11 684 824 787
492 2 2 1 11 774 842 654
493 2 2 1 11 786 838 617
494 2 2 1 11 795 833 619
495 2 2 1 11 802 820 621
496 2 2 1 11 649 831 800
497 2 2 1 11 788 839 661
498 2 2 1 11 671 829 798
499 2 2 1 11 675 818 784
500 2 2 1 11 796 844 641
501 2 2 1 11 794 837 663
502 2 2 1 11 798 828 670
503 2 2 1 11 616 838 778
504 2 2 1 11 789 829 672
505 2 2 1 11 625 823 805
506 2 2 1 11 627 832 799
507 2 2 1 11 631 841 782
508 2 2 1 11 653 842 783
509 2 2 1 11 660 839 780
510 2 2 1 11 638 843 777
511 2 2 1 11 682 840 779
512 2 2 1 11 803 827 643
513 2 2 1 11 633 846 775
514 2 2 1 11 677 848 773
515 2 2 1 11 699 845 776
516 2 2 1 11 655 847 774
517 2 2 1 11 668 850 667
518 2 2 1 11 690 852 689
519 2 2 1 11 624 851 623
520 2 2 1 11 646 849 645
521 2 2 1 11 645 853 644
522 2 2 1 11 689 855 688
523 2 2 1 11 623 856 622
524 2 2 1 11 667 854 666
525 2 2 1 11 809 858 709
526 2 2 1 11 811 857 726
527 2 2 1 11 810 859 743
528 2 2 1 11 812 860 760
529 2 2 1 11 708 862 809
530 2 2 1 11 725 863 811
531 2 2 1 11 742 864 810
532 2 2 1 11 759 861 812
533 2 2 1 11 700 845 699
534 2 2 1 11 634 846 633
535 2 2 1 11 656 847 655
536 2 2 1 11 678 848 677
537 2 2 1 11 771 896 846
538 2 2 1 11 770 895 845
539 2 2 1 11 769 894 848
540 2 2 1 11 772 893 847
541 2 2 1 11 826 925 918
542 2 2 1 11 841 924 915
543 2 2 1 11 917 927 778
544 2 2 1 11 920 928 777
545 2 2 1 11 919 926 780
546 2 2 1 11 842 922 916
547 2 2 1 11 914 921 779
548 2 2 1 11 818 923 913
549 2 2 1 11 64 931 678
550 2 2 1 11 63 932 700
551 2 2 1 11 61 930 656
552 2 2 1 11 657 929 62
553 2 2 1 11 679 931 64
554 2 2 1 11 62 929 634
555 2 2 1 11 613 930 61
556 2 2 1 11 635 932 63
557 2 2 1 11 784 913 912
558 2 2 1 11 783 916 909
559 2 2 1 11 906 917 838
560 2 2 1 11 782 915 910
561 2 2 1 11 905 914 840
562 2 2 1 11 781 918 911
563 2 2 1 11 907 919 839
564 2 2 1 11 908 920 843
565 2 2 1 11 774 922 842
566 2 2 1 11 775 924 841
567 2 2 1 11 776 925 826
568 2 2 1 11 773 923 818
569 2 2 1 11 777 928 817
570 2 2 1 11 780 926 830
571 2 2 1 11 778 927 813
572 2 2 1 11 779 921 815
573 2 2 1 11 834 912 904
574 2 2 1 11 821 909 903
575 2 2 1 11 899 908 785
576 2 2 1 11 898 905 787
577 2 2 1 11 814 910 901
578 2 2 1 11 900 906 786
579 2 2 1 11 897 907 788
580 2 2 1 11 816 911 902
581 2 2 1 11 843 920 777
582 2 2 1 11 818 913 784
583 2 2 1 11 840 914 779
584 2 2 1 11 826 918 781
585 2 2 1 11 838 917 778
586 2 2 1 11 841 915 782
587 2 2 1 11 839 919 780
588 2 2 1 11 842 916 783
589 2 2 1 11 790 901 891
590 2 2 1 11 789 904 889
591 2 2 1 11 791 902 890
592 2 2 1 11 792 903 892
593 2 2 1 11 885 897 837
594 2 2 1 11 887 898 824
595 2 2 1 11 886 900 833
596 2 2 1 11 888 899 844
597 2 2 1 11 783 909 821
598 2 2 1 11 784 912 834
599 2 2 1 11 781 911 816
600 2 2 1 11 782 910 814
601 2 2 1 11 787 905 840
602 2 2 1 11 785 908 843
603 2 2 1 11 786 906 838
604 2 2 1 11 788 907 839
605 2 2 1 11 832 891 883
606 2 2 1 11 831 892 884
607 2 2 1 11 879 885 794
608 2 2 1 11 829 889 882
609 2 2 1 11 877 888 796
610 2 2 1 11 819 890 881
611 2 2 1 11 880 886 795
612 2 2 1 11 878 887 793
613 2 2 1 11 799 883 874
614 2 2 1 11 798 882 873
615 2 2 1 11 800 884 876
616 2 2 1 11 870 880 820
617 2 2 1 11 869 879 836
618 2 2 1 11 871 877 827
619 2 2 1 11 872 878 822
620 2 2 1 11 797 881 875
621 2 2 1 11 834 904 789
622 2 2 1 11 816 902 791
623 2 2 1 11 814 901 790
624 2 2 1 11 821 903 792
625 2 2 1 11 837 897 788
626 2 2 1 11 844 899 785
627 2 2 1 11 833 900 786
628 2 2 1 11 824 898 787
629 2 2 1 11 811 863 854
630 2 2 1 11 809 862 856
631 2 2 1 11 810 864 855
632 2 2 1 11 812 861 853
633 2 2 1 11 835 876 867
634 2 2 1 11 823 874 868
635 2 2 1 11 828 873 866
636 2 2 1 11 861 871 803
637 2 2 1 11 862 870 802
638 2 2 1 11 863 869 804
639 2 2 1 11 864 872 801
640 2 2 1 11 825 875 865
641 2 2 1 11 770 934 895
642 2 2 1 11 771 935 896
643 2 2 1 11 769 933 894
644 2 2 1 11 772 936 893
645 2 2 1 11 852 859 810
646 2 2 1 11 849 860 812
647 2 2 1 11 851 858 809
648 2 2 1 11 850 857 811
649 2 2 1 11 790 891 832
650 2 2 1 11 792 892 831
651 2 2 1 11 789 889 829
652 2 2 1 11 791 890 819
653 2 2 1 11 793 887 824
654 2 2 1 11 795 886 833
655 2 2 1 11 794 885 837
656 2 2 1 11 796 888 844
657 2 2 1 11 808 866 857
658 2 2 1 11 807 867 860
659 2 2 1 11 805 868 858
660 2 2 1 11 806 865 859
661 2 2 1 11 743 859 744
662 2 2 1 11 709 858 710
663 2 2 1 11 726 857 727
664 2 2 1 11 760 860 761
665 2 2 1 11 831 884 800
666 2 2 1 11 836 879 794
667 2 2 1 11 832 883 799
668 2 2 1 11 820 880 795
669 2 2 1 11 827 877 796
670 2 2 1 11 819 881 797
671 2 2 1 11 829 882 798
672 2 2 1 11 822 878 793
673 2 2 1 11 807 849 646
674 2 2 1 11 808 850 668
675 2 2 1 11 805 851 624
676 2 2 1 11 806 852 690
677 2 2 1 11 741 864 742
678 2 2 1 11 724 863 725
679 2 2 1 11 758 861 759
680 2 2 1 11 707 862 708
681 2 2 1 11 710 868 711
682 2 2 1 11 744 865 745
683 2 2 1 11 761 867 762
684 2 2 1 11 727 866 728
685 2 2 1 11 859 865 744
686 2 2 1 11 857 866 727
687 2 2 1 11 858 868 710
688 2 2 1 11 860 867 761
689 2 2 1 11 728 873 729
690 2 2 1 11 740 872 741
691 2 2 1 11 723 869 724
692 2 2 1 11 706 870 707
693 2 2 1 11 745 875 746
694 2 2 1 11 711 874 712
695 2 2 1 11 757 871 758
696 2 2 1 11 762 876 763
697 2 2 1 11 799 874 823
698 2 2 1 11 800 876 835
699 2 2 1 11 797 875 825
700 2 2 1 11 798 873 828
701 2 2 1 11 802 870 820
702 2 2 1 11 803 871 827
703 2 2 1 11 804 869 836
704 2 2 1 11 801 872 822
705 2 2 1 11 688 855 801
706 2 2 1 11 644 853 803
707 2 2 1 11 666 854 804
708 2 2 1 11 622 856 802
709 2 2 1 11 707 870 862
710 2 2 1 11 741 872 864
711 2 2 1 11 758 871 861
712 2 2 1 11 724 869 863
713 2 2 1 11 867 876 762
714 2 2 1 11 865 875 745
715 2 2 1 11 868 874 711
716 2 2 1 11 866 873 728
717 2 2 1 11 756 877 757
718 2 2 1 11 746 881 747
719 2 2 1 11 739 878 740
720 2 2 1 11 712 883 713
721 2 2 1 11 722 879 723
722 2 2 1 11 729 882 730
723 2 2 1 11 705 880 706
724 2 2 1 11 763 884 764
725 2 2 1 11 828 866 808
726 2 2 1 11 835 867 807
727 2 2 1 11 825 865 806
728 2 2 1 11 823 868 805
729 2 2 1 11 755 888 756
730 2 2 1 11 704 886 705
731 2 2 1 11 738 887 739
732 2 2 1 11 747 890 748
733 2 2 1 11 721 885 722
734 2 2 1 11 730 889 731
735 2 2 1 11 713 891 714
736 2 2 1 11 764 892 765
737 2 2 1 11 873 882 729
738 2 2 1 11 706 880 870
739 2 2 1 11 740 878 872
740 2 2 1 11 874 883 712
741 2 2 1 11 723 879 869
742 2 2 1 11 875 881 746
743 2 2 1 11 876 884 763
744 2 2 1 11 757 877 871
745 2 2 1 11 703 900 704
746 2 2 1 11 754 899 755
747 2 2 1 11 720 897 721
748 2 2 1 11 737 898 738
749 2 2 1 11 714 901 715
750 2 2 1 11 748 902 749
751 2 2 1 11 765 903 766
752 2 2 1 11 731 904 732
753 2 2 1 11 756 888 877
754 2 2 1 11 705 886 880
755 2 2 1 11 722 885 879
756 2 2 1 11 881 890 747
757 2 2 1 11 739 887 878
758 2 2 1 11 884 892 764
759 2 2 1 11 882 889 730
760 2 2 1 11 883 891 713
761 2 2 1 11 736 905 737
762 2 2 1 11 702 906 703
763 2 2 1 11 719 907 720
764 2 2 1 11 749 911 750
765 2 2 1 11 715 910 716
766 2 2 1 11 753 908 754
767 2 2 1 11 766 909 767
768 2 2 1 11 732 912 733
769 2 2 1 11 738 898 887
770 2 2 1 11 704 900 886
771 2 2 1 11 721 897 885
772 2 2 1 11 890 902 748
773 2 2 1 11 892 903 765
774 2 2 1 11 891 901 714
775 2 2 1 11 755 899 888
776 2 2 1 11 889 904 731
777 2 2 1 11 733 913 734
778 2 2 1 11 752 920 753
779 2 2 1 11 750 918 751
780 2 2 1 11 767 916 768
781 2 2 1 11 716 915 717
782 2 2 1 11 735 914 736
783 2 2 1 11 701 917 702
784 2 2 1 11 718 919 719
785 2 2 1 11 703 906 900
786 2 2 1 11 720 907 897
787 2 2 1 11 737 905 898
788 2 2 1 11 754 908 899
789 2 2 1 11 904 912 732
790 2 2 1 11 902 911 749
791 2 2 1 11 901 910 715
792 2 2 1 11 903 909 766
793 2 2 1 11 67 921 735
794 2 2 1 11 65 927 701
795 2 2 1 11 66 926 718
796 2 2 1 11 751 925 68
797 2 2 1 11 734 923 67
798 2 2 1 11 768 922 65
799 2 2 1 11 717 924 66
800 2 2 1 11 68 928 752
801 2 2 1 11 736 914 905
802 2 2 1 11 910 915 716
803 2 2 1 11 912 913 733
804 2 2 1 11 909 916 767
805 2 2 1 11 911 918 750
806 2 2 1 11 702 917 906
807 2 2 1 11 719 919 907
808 2 2 1 11 753 920 908
809 2 2 1 11 701 927 917
810 2 2 1 11 718 926 919
811 2 2 1 11 752 928 920
812 2 2 1 11 915 924 717
813 2 2 1 11 918 925 751
814 2 2 1 11 735 921 914
815 2 2 1 11 913 923 734
816 2 2 1 11 916 922 768
817 2 2 1 11 846 896 775
818 2 2 1 11 845 895 776
819 2 2 1 11 847 893 774
820 2 2 1 11 848 894 773
821 2 2 1 11 771 929 657
822 2 2 1 11 769 931 679
823 2 2 1 11 770 932 635
824 2 2 1 11 772 930 613
825 2 2 1 11 815 933 769
826 2 2 1 11 813 936 772
827 2 2 1 11 830 935 771
828 2 2 1 11 817 934 770
829 2 2 1 11 854 863 804
830 2 2 1 11 853 861 803
831 2 2 1 11 856 862 802
832 2 2 1 11 855 864 801
833 2 2 1 11 805 858 851
834 2 2 1 11 807 860 849
835 2 2 1 11 808 857 850
836 2 2 1 11 806 859 852
837 2 2 1 11 634 929 846
838 2 2 1 11 700 932 845
839 2 2 1 11 656 930 847
840 2 2 1 11 678 931 848
841 2 2 1 11 67 923 894
842 2 2 1 11 65 922 893
843 2 2 1 11 66 924 896
844 2 2 1 11 68 925 895
845 2 2 1 11 894 923 773
846 2 2 1 11 893 922 774
847 2 2 1 11 896 924 775
848 2 2 1 11 895 925 776
849 2 2 1 11 848 931 769
850 2 2 1 11 845 932 770
851 2 2 1 11 846 929 771
852 2 2 1 11 847 930 772
853 2 2 1 11 895 934 68
854 2 2 1 11 893 936 65
855 2 2 1 11 894 933 67
856 2 2 1 11 896 935 66
857 2 2 1 11 68 934 928
858 2 2 1 11 66 935 926
859 2 2 1 11 65 936 927
860 2 2 1 11 67 933 921
861 2 2 1 11 926 935 830
862 2 2 1 11 927 936 813
863 2 2 1 11 928 934 817
864 2 2 1 11 921 933 815
865 2 2 101 101 991 967 1001
866 2 2 101 101 957 967 991
867 2 2 101 101 953 968 1002
868 2 2 101 101 988 953 1002
869 2 2 101 101 958 966 977
870 2 2 101 101 977 966 1000
871 2 2 101 101 965 951 980
872 2 2 101 101 976 965 980
873 2 2 101 101 970 972 996
874 2 2 101 101 969 971 983
875 2 2 101 101 944 970 996
876 2 2 101 101 941 969 983
877 2 2 101 101 967 945 1001
878 2 2 101 101 965 952 993
879 2 2 101 101 954 950 999
880 2 2 101 101 949 953 988
881 2 2 101 101 945 963 985
882 2 2 101 101 955 948 997
883 2 2 101 101 947 964 989
884 2 2 101 101 956 946 998
885 2 2 101 101 960 940 994
886 2 2 101 101 942 957 991
887 2 2 101 101 939 962 990
888 2 2 101 101 941 959 992
889 2 2 101 101 961 944 996
890 2 2 101 101 958 943 995
891 2 2 101 101 940 961 994
892 2 2 101 101 959 939 992
893 2 2 101 101 962 942 990
894 2 2 101 101 943 960 995
895 2 2 101 101 963 947 985
896 2 2 101 101 948 956 997
897 2 2 101 101 950 955 999
898 2 2 101 101 964 949 989
899 2 2 101 101 952 954 993
900 2 2 101 101 946 966 998
901 2 2 101 101 966 946 1000
902 2 2 101 101 952 965 976
903 2 2 101 101 950 954 974
904 2 2 101 101 953 949 987
905 2 2 101 101 964 947 984
906 2 2 101 101 946 956 973
907 2 2 101 101 948 955 975
908 2 2 101 101 962 939 981
909 2 2 101 101 963 945 986
910 2 2 101 101 940 960 978
911 2 2 101 101 943 958 977
912 2 2 101 101 939 959 981
913 2 2 101 101 944 961 979
914 2 2 101 101 957 942 982
915 2 2 101 101 968 951 1002
916 2 2 101 101 959 941 983
917 2 2 101 101 961 940 979
918 2 2 101 101 960 943 978
919 2 2 101 101 942 962 982
920 2 2 101 101 956 948 973
921 2 2 101 101 947 963 984
922 2 2 101 101 949 964 987
923 2 2 101 101 955 950 975
924 2 2 101 101 954 952 974
925 2 2 101 101 945 967 986
926 2 2 101 101 951 968 980
927 2 2 101 101 103 104 968
928 2 2 101 101 96 97 967
929 2 2 101 101 129 130 966
930 2 2 101 101 112 113 946
931 2 2 101 101 110 111 948
932 2 2 101 101 106 107 952
933 2 2 101 101 108 109 950
934 2 2 101 101 93 94 962
935 2 2 101 101 115 116 943
936 2 2 101 101 117 118 940
937 2 2 101 101 119 120 944
938 2 2 101 101 98 99 963
939 2 2 101 101 100 101 964
940 2 2 101 101 91 92 959
941 2 2 101 101 102 103 953
942 2 2 101 101 145 146 945
943 2 2 101 101 95 96 957
944 2 2 101 101 143 144 947
945 2 2 101 101 137 138 965
946 2 2 101 101 141 142 949
947 2 2 101 101 126 127 960
948 2 2 101 101 128 129 958
949 2 2 101 101 138 139 951
950 2 2 101 101 148 149 942
951 2 2 101 101 150 151 939
952 2 2 101 101 152 153 941
953 2 2 101 101 131 132 956
954 2 2 101 101 133 134 955
955 2 2 101 101 124 125 961
956 2 2 101 101 135 136 954
957 2 2 101 101 953 103 968
958 2 2 101 101 957 96 967
959 2 2 101 101 958 129 966
960 2 2 101 101 138 951 965
961 2 2 101 101 937 969 1003
962 2 2 101 101 938 970 1004
963 2 2 101 101 969 154 1003
964 2 2 101 101 970 121 1004
965 2 2 101 101 120 121 970
966 2 2 101 101 153 154 969
967 2 2 101 101 944 120 970
968 2 2 101 101 941 153 969
969 2 2 101 101 968 104 980
970 2 2 101 101 967 97 986
971 2 2 101 101 119 944 979
972 2 2 101 101 91 959 983
973 2 2 101 101 93 962 981
974 2 2 101 101 102 953 987
975 2 2 101 101 964 101 987
976 2 2 101 101 950 109 975
977 2 2 101 101 110 948 975
978 2 2 101 101 943 116 978
979 2 2 101 101 106 952 976
980 2 2 101 101 963 99 984
981 2 2 101 101 940 118 979
982 2 2 101 101 98 963 986
983 2 2 101 101 100 964 984
984 2 2 101 101 95 957 982
985 2 2 101 101 952 107 974
986 2 2 101 101 108 950 974
987 2 2 101 101 112 946 973
988 2 2 101 101 115 943 977
989 2 2 101 101 962 94 982
990 2 2 101 101 948 111 973
991 2 2 101 101 117 940 978
992 2 2 101 101 959 92 981
993 2 2 101 101 966 130 998
994 2 2 101 101 946 113 1000
995 2 2 101 101 951 139 1002
996 2 2 101 101 152 941 992
997 2 2 101 101 126 960 994
998 2 2 101 101 124 961 996
999 2 2 101 101 956 132 997
1000 2 2 101 101 137 965 993
1001 2 2 101 101 942 149 990
1002 2 2 101 101 954 136 993
1003 2 2 101 101 133 955 997
1004 2 2 101 101 143 947 989
1005 2 2 101 101 939 151 992
1006 2 2 101 101 949 142 989
1007 2 2 101 101 131 956 998
1008 2 2 101 101 135 954 999
1009 2 2 101 101 955 134 999
1010 2 2 101 101 960 127 995
1011 2 2 101 101 128 958 995
1012 2 2 101 101 141 949 988
1013 2 2 101 101 145 945 985
1014 2 2 101 101 947 144 985
1015 2 2 101 101 148 942 991
1016 2 2 101 101 961 125 994
1017 2 2 101 101 150 939 990
1018 2 2 101 101 945 146 1001
1019 2 2 101 101 154 2 1003
1020 2 2 101 101 11 122 1006
1021 2 2 101 101 1 89 1005
1022 2 2 101 101 121 12 1004
1023 2 2 101 101 972 938 1006
1024 2 2 101 101 971 937 1005
1025 2 2 101 101 69 70 937
1026 2 2 101 101 87 88 938
1027 2 2 101 101 89 90 971
1028 2 2 101 101 122 123 972
1029 2 2 101 101 969 937 971
1030 2 2 101 101 970 938 972
1031 2 2 101 101 90 91 983
1032 2 2 101 101 109 110 975
1033 2 2 101 101 104 105 980
1034 2 2 101 101 97 98 986
1035 2 2 101 101 101 102 987
1036 2 2 101 101 105 106 976
1037 2 2 101 101 118 119 979
1038 2 2 101 101 94 95 982
1039 2 2 101 101 107 108 974
1040 2 2 101 101 99 100 984
1041 2 2 101 101 114 115 977
1042 2 2 101 101 116 117 978
1043 2 2 101 101 92 93 981
1044 2 2 101 101 111 112 973
1045 2 2 101 101 139 140 1002
1046 2 2 101 101 113 114 1000
1047 2 2 101 101 136 137 993
1048 2 2 101 101 142 143 989
1049 2 2 101 101 130 131 998
1050 2 2 101 101 123 124 996
1051 2 2 101 101 132 133 997
1052 2 2 101 101 151 152 992
1053 2 2 101 101 127 128 995
1054 2 2 101 101 140 141 988
1055 2 2 101 101 125 126 994
1056 2 2 101 101 134 135 999
1057 2 2 101 101 149 150 990
1058 2 2 101 101 147 148 991
1059 2 2 101 101 144 145 985
1060 2 2 101 101 146 147 1001
1061 2 2 101 101 971 90 983
1062 2 2 101 101 972 123 996
1063 2 2 101 101 105 976 980
1064 2 2 101 101 114 977 1000
1065 2 2 101 101 140 988 1002
1066 2 2 101 101 147 991 1001
1067 2 2 101 101 122 972 1006
1068 2 2 101 101 89 971 1005
1069 2 2 101 101 2 69 1003
1070 2 2 101 101 12 87 1004
1071 2 2 101 101 70 1 1005
1072 2 2 101 101 88 11 1006
1073 2 2 101 101 69 937 1003
1074 2 2 101 101 938 88 1006
1075 2 2 101 101 87 938 1004
1076 2 2 101 101 937 70 1005
1077 2 2 102 102 1034 1047 1061
1078 2 2 102 102 1021 1034 1061
1079 2 2 102 102 1018 1036 1046
1080 2 2 102 102 1018 1046 1068
1081 2 2 102 102 1037 1011 1044
1082 2 2 102 102 1044 1011 1062
1083 2 2 102 102 1011 1038 1045
1084 2 2 102 102 1011 1045 1062
1085 2 2 102 102 1014 1035 1043
1086 2 2 102 102 1014 1043 1065
1087 2 2 102 102 1039 1041 1054
1088 2 2 102 102 1042 1040 1057
1089 2 2 102 102 1027 1039 1054
1090 2 2 102 102 1040 1020 1057
1091 2 2 102 102 1012 1035 1052
1092 2 2 102 102 1037 1010 1050
1093 2 2 102 102 1013 1038 1051
1094 2 2 102 102 1016 1036 1055
1095 2 2 102 102 1036 1016 1046
1096 2 2 102 102 1010 1037 1044
1097 2 2 102 102 1038 1013 1045
1098 2 2 102 102 1035 1012 1043
1099 2 2 102 102 1034 1023 1047
1100 2 2 102 102 1023 1013 1051
1101 2 2 102 102 1022 1017 1056
1102 2 2 102 102 1024 1009 1049
1103 2 2 102 102 1015 1027 1054
1104 2 2 102 102 1020 1022 1057
1105 2 2 102 102 1023 1034 1069
1106 2 2 102 102 1018 1031 1060
1107 2 2 102 102 1028 1024 1049
1108 2 2 102 102 1031 1026 1060
1109 2 2 102 102 1033 1029 1048
1110 2 2 102 102 1029 1012 1052
1111 2 2 102 102 1032 1015 1053
1112 2 2 102 102 1010 1028 1050
1113 2 2 102 102 1026 1019 1058
1114 2 2 102 102 1025 1016 1055
1115 2 2 102 102 1030 1021 1061
1116 2 2 102 102 1019 1030 1058
1117 2 2 102 102 1014 1032 1053
1118 2 2 102 102 1017 1025 1056
1119 2 2 102 102 1009 1033 1048
1120 2 2 102 102 1013 1023 1069
1121 2 2 102 102 1017 1022 1070
1122 2 2 102 102 1022 1020 1070
1123 2 2 102 102 1016 1025 1067
1124 2 2 102 102 1019 1026 1071
1125 2 2 102 102 1027 1015 1066
1126 2 2 102 102 1026 1031 1071
1127 2 2 102 102 1009 1024 1059
1128 2 2 102 102 1021 1030 1072
1129 2 2 102 102 1030 1019 1072
1130 2 2 102 102 1024 1028 1063
1131 2 2 102 102 1028 1010 1063
1132 2 2 102 102 1031 1018 1068
1133 2 2 102 102 1029 1033 1064
1134 2 2 102 102 1015 1032 1066
1135 2 2 102 102 1012 1029 1064
1136 2 2 102 102 1025 1017 1067
1137 2 2 102 102 1032 1014 1065
1138 2 2 102 102 1033 1009 1059
1139 2 2 102 102 140 139 1011
1140 2 2 102 102 143 142 1028
1141 2 2 102 102 130 129 1018
1142 2 2 102 102 145 144 1009
1143 2 2 102 102 137 136 1023
1144 2 2 102 102 147 146 1029
1145 2 2 102 102 150 149 1014
1146 2 2 102 102 152 151 1015
1147 2 2 102 102 132 131 1026
1148 2 2 102 102 134 133 1030
1149 2 2 102 102 178 179 1033
1150 2 2 102 102 125 124 1022
1151 2 2 102 102 127 126 1025
1152 2 2 102 102 176 177 1024
1153 2 2 102 102 174 175 1010
1154 2 2 102 102 170 171 1013
1155 2 2 102 102 180 181 1012
1156 2 2 102 102 183 184 1032
1157 2 2 102 102 185 186 1027
1158 2 2 102 102 158 159 1017
1159 2 2 102 102 156 157 1020
1160 2 2 102 102 163 164 1031
1161 2 2 102 102 165 166 1019
1162 2 2 102 102 167 168 1021
1163 2 2 102 102 160 161 1016
1164 2 2 102 102 168 169 1034
1165 2 2 102 102 129 128 1036
1166 2 2 102 102 141 140 1037
1167 2 2 102 102 139 138 1038
1168 2 2 102 102 149 148 1035
1169 2 2 102 102 1021 168 1034
1170 2 2 102 102 1018 129 1036
1171 2 2 102 102 1011 139 1038
1172 2 2 102 102 140 1011 1037
1173 2 2 102 102 1014 149 1035
1174 2 2 102 102 1040 1008 1075
1175 2 2 102 102 1007 1039 1074
1176 2 2 102 102 155 1040 1075
1177 2 2 102 102 1039 187 1074
1178 2 2 102 102 155 156 1040
1179 2 2 102 102 186 187 1039
1180 2 2 102 102 156 1020 1040
1181 2 2 102 102 1027 186 1039
1182 2 2 102 102 1012 181 1043
1183 2 2 102 102 174 1010 1044
1184 2 2 102 102 1013 171 1045
1185 2 2 102 102 1016 161 1046
1186 2 2 102 102 158 1017 1070
1187 2 2 102 102 170 1013 1069
1188 2 2 102 102 185 1027 1066
1189 2 2 102 102 1020 157 1070
1190 2 2 102 102 1033 179 1064
1191 2 2 102 102 163 1031 1068
1192 2 2 102 102 1032 184 1066
1193 2 2 102 102 160 1016 1067
1194 2 2 102 102 165 1019 1071
1195 2 2 102 102 180 1012 1064
1196 2 2 102 102 1019 166 1072
1197 2 2 102 102 1010 175 1063
1198 2 2 102 102 176 1024 1063
1199 2 2 102 102 178 1033 1059
1200 2 2 102 102 167 1021 1072
1201 2 2 102 102 1024 177 1059
1202 2 2 102 102 1031 164 1071
1203 2 2 102 102 183 1032 1065
1204 2 2 102 102 1009 144 1049
1205 2 2 102 102 1017 159 1067
1206 2 2 102 102 1022 124 1057
1207 2 2 102 102 152 1015 1054
1208 2 2 102 102 1025 126 1056
1209 2 2 102 102 132 1026 1058
1210 2 2 102 102 134 1030 1061
1211 2 2 102 102 1029 146 1048
1212 2 2 102 102 1030 133 1058
1213 2 2 102 102 130 1018 1060
1214 2 2 102 102 137 1023 1051
1215 2 2 102 102 1028 142 1050
1216 2 2 102 102 143 1028 1049
1217 2 2 102 102 1015 151 1053
1218 2 2 102 102 127 1025 1055
1219 2 2 102 102 1026 131 1060
1220 2 2 102 102 1023 136 1047
1221 2 2 102 102 125 1022 1056
1222 2 2 102 102 147 1029 1052
1223 2 2 102 102 150 1014 1053
1224 2 2 102 102 145 1009 1048
1225 2 2 102 102 1034 169 1069
1226 2 2 102 102 1036 128 1055
1227 2 2 102 102 1038 138 1051
1228 2 2 102 102 141 1037 1050
1229 2 2 102 102 1035 148 1052
1230 2 2 102 102 10 155 1075
1231 2 2 102 102 122 11 1076
1232 2 2 102 102 2 154 1073
1233 2 2 102 102 187 3 1074
1234 2 2 102 102 1041 1007 1073
1235 2 2 102 102 1008 1042 1076
1236 2 2 102 102 71 72 1007
1237 2 2 102 102 85 86 1008
1238 2 2 102 102 123 122 1042
1239 2 2 102 102 154 153 1041
1240 2 2 102 102 1039 1007 1041
1241 2 2 102 102 1008 1040 1042
1242 2 2 102 102 181 182 1043
1243 2 2 102 102 171 172 1045
1244 2 2 102 102 173 174 1044
1245 2 2 102 102 161 162 1046
1246 2 2 102 102 162 163 1068
1247 2 2 102 102 179 180 1064
1248 2 2 102 102 172 173 1062
1249 2 2 102 102 175 176 1063
1250 2 2 102 102 166 167 1072
1251 2 2 102 102 157 158 1070
1252 2 2 102 102 182 183 1065
1253 2 2 102 102 184 185 1066
1254 2 2 102 102 177 178 1059
1255 2 2 102 102 169 170 1069
1256 2 2 102 102 159 160 1067
1257 2 2 102 102 164 165 1071
1258 2 2 102 102 128 127 1055
1259 2 2 102 102 126 125 1056
1260 2 2 102 102 135 134 1061
1261 2 2 102 102 124 123 1057
1262 2 2 102 102 133 132 1058
1263 2 2 102 102 146 145 1048
1264 2 2 102 102 144 143 1049
1265 2 2 102 102 138 137 1051
1266 2 2 102 102 131 130 1060
1267 2 2 102 102 151 150 1053
1268 2 2 102 102 153 152 1054
1269 2 2 102 102 142 141 1050
1270 2 2 102 102 136 135 1047
1271 2 2 102 102 148 147 1052
1272 2 2 102 102 123 1042 1057
1273 2 2 102 102 1041 153 1054
1274 2 2 102 102 1043 182 1065
1275 2 2 102 102 1045 172 1062
1276 2 2 102 102 173 1044 1062
1277 2 2 102 102 1046 162 1068
1278 2 2 102 102 1047 135 1061
1279 2 2 102 102 154 1041 1073
1280 2 2 102 102 1042 122 1076
1281 2 2 102 102 3 71 1074
1282 2 2 102 102 11 85 1076
1283 2 2 102 102 72 2 1073
1284 2 2 102 102 86 10 1075
1285 2 2 102 102 85 1008 1076
1286 2 2 102 102 1007 72 1073
1287 2 2 102 102 1008 86 1075
1288 2 2 102 102 71 1007 1074
1289 2 2 103 103 1079 1122 1123
1290 2 2 103 103 1105 1079 1123
1291 2 2 103 103 1092 1141 1142
1292 2 2 103 103 1107 1092 1142
1293 2 2 103 103 1113 1099 1126
1294 2 2 103 103 1108 1099 1113
1295 2 2 103 103 1104 1106 1114
1296 2 2 103 103 1104 1114 1115
1297 2 2 103 103 1110 1111 1121
1298 2 2 103 103 1109 1112 1138
1299 2 2 103 103 1085 1110 1121
1300 2 2 103 103 1089 1109 1138
1301 2 2 103 103 1108 1091 1136
1302 2 2 103 103 1079 1106 1122
1303 2 2 103 103 1085 1094 1133
1304 2 2 103 103 1090 1099 1139
1305 2 2 103 103 1098 1088 1137
1306 2 2 103 103 1100 1090 1139
1307 2 2 103 103 1103 1089 1138
1308 2 2 103 103 1080 1093 1128
1309 2 2 103 103 1086 1101 1135
1310 2 2 103 103 1096 1083 1132
1311 2 2 103 103 1101 1107 1142
1312 2 2 103 103 1092 1100 1141
1313 2 2 103 103 1093 1081 1134
1314 2 2 103 103 1081 1097 1134
1315 2 2 103 103 1097 1086 1135
1316 2 2 103 103 1083 1095 1131
1317 2 2 103 103 1095 1082 1131
1318 2 2 103 103 1091 1102 1136
1319 2 2 103 103 1082 1105 1123
1320 2 2 103 103 1102 1087 1140
1321 2 2 103 103 1087 1098 1140
1322 2 2 103 103 1091 1108 1113
1323 2 2 103 103 1094 1084 1133
1324 2 2 103 103 1088 1103 1137
1325 2 2 103 103 1084 1096 1132
1326 2 2 103 103 1104 1080 1128
1327 2 2 103 103 1088 1098 1129
1328 2 2 103 103 1093 1080 1116
1329 2 2 103 103 1106 1079 1114
1330 2 2 103 103 1102 1091 1130
1331 2 2 103 103 1083 1096 1120
1332 2 2 103 103 1087 1102 1130
1333 2 2 103 103 1086 1097 1118
1334 2 2 103 103 1097 1081 1118
1335 2 2 103 103 1089 1103 1125
1336 2 2 103 103 1098 1087 1129
1337 2 2 103 103 1105 1082 1119
1338 2 2 103 103 1084 1094 1117
1339 2 2 103 103 1099 1090 1126
1340 2 2 103 103 1100 1092 1127
1341 2 2 103 103 1081 1093 1116
1342 2 2 103 103 1107 1101 1124
1343 2 2 103 103 1094 1085 1121
1344 2 2 103 103 1095 1083 1120
1345 2 2 103 103 1090 1100 1127
1346 2 2 103 103 1082 1095 1119
1347 2 2 103 103 1101 1086 1124
1348 2 2 103 103 1096 1084 1117
1349 2 2 103 103 1103 1088 1125
1350 2 2 103 103 1080 1104 1115
1351 2 2 103 103 179 178 1105
1352 2 2 103 103 173 172 1081
1353 2 2 103 103 171 170 1086
1354 2 2 103 103 178 177 1079
1355 2 2 103 103 175 174 1080
1356 2 2 103 103 181 180 1095
1357 2 2 103 103 183 182 1096
1358 2 2 103 103 185 184 1094
1359 2 2 103 103 159 158 1088
1360 2 2 103 103 157 156 1089
1361 2 2 103 103 166 165 1090
1362 2 2 103 103 169 168 1107
1363 2 2 103 103 163 162 1091
1364 2 2 103 103 168 167 1092
1365 2 2 103 103 161 160 1087
1366 2 2 103 103 206 207 1093
1367 2 2 103 103 208 209 1104
1368 2 2 103 103 192 193 1098
1369 2 2 103 103 194 195 1102
1370 2 2 103 103 202 203 1101
1371 2 2 103 103 204 205 1097
1372 2 2 103 103 212 213 1082
1373 2 2 103 103 214 215 1083
1374 2 2 103 103 216 217 1084
1375 2 2 103 103 218 219 1085
1376 2 2 103 103 190 191 1103
1377 2 2 103 103 197 198 1099
1378 2 2 103 103 199 200 1100
1379 2 2 103 103 209 210 1106
1380 2 2 103 103 196 197 1108
1381 2 2 103 103 178 1079 1105
1382 2 2 103 103 168 1092 1107
1383 2 2 103 103 1104 209 1106
1384 2 2 103 103 197 1099 1108
1385 2 2 103 103 1077 1109 1146
1386 2 2 103 103 1078 1110 1144
1387 2 2 103 103 1109 155 1146
1388 2 2 103 103 1110 220 1144
1389 2 2 103 103 156 155 1109
1390 2 2 103 103 219 220 1110
1391 2 2 103 103 1089 156 1109
1392 2 2 103 103 1085 219 1110
1393 2 2 103 103 1079 177 1114
1394 2 2 103 103 163 1091 1113
1395 2 2 103 103 185 1094 1121
1396 2 2 103 103 1080 174 1116
1397 2 2 103 103 157 1089 1125
1398 2 2 103 103 1090 165 1126
1399 2 2 103 103 1096 182 1120
1400 2 2 103 103 166 1090 1127
1401 2 2 103 103 1086 170 1124
1402 2 2 103 103 159 1088 1129
1403 2 2 103 103 169 1107 1124
1404 2 2 103 103 1091 162 1130
1405 2 2 103 103 1092 167 1127
1406 2 2 103 103 173 1081 1116
1407 2 2 103 103 179 1105 1119
1408 2 2 103 103 181 1095 1120
1409 2 2 103 103 1088 158 1125
1410 2 2 103 103 1094 184 1117
1411 2 2 103 103 171 1086 1118
1412 2 2 103 103 1081 172 1118
1413 2 2 103 103 1095 180 1119
1414 2 2 103 103 161 1087 1130
1415 2 2 103 103 1087 160 1129
1416 2 2 103 103 175 1080 1115
1417 2 2 103 103 183 1096 1117
1418 2 2 103 103 192 1098 1137
1419 2 2 103 103 218 1085 1133
1420 2 2 103 103 1083 215 1132
1421 2 2 103 103 1102 195 1136
1422 2 2 103 103 190 1103 1138
1423 2 2 103 103 202 1101 1142
1424 2 2 103 103 1084 217 1133
1425 2 2 103 103 208 1104 1128
1426 2 2 103 103 1100 200 1141
1427 2 2 103 103 1093 207 1128
1428 2 2 103 103 212 1082 1123
1429 2 2 103 103 1101 203 1135
1430 2 2 103 103 194 1102 1140
1431 2 2 103 103 1097 205 1134
1432 2 2 103 103 1099 198 1139
1433 2 2 103 103 204 1097 1135
1434 2 2 103 103 206 1093 1134
1435 2 2 103 103 214 1083 1131
1436 2 2 103 103 199 1100 1139
1437 2 2 103 103 1082 213 1131
1438 2 2 103 103 1103 191 1137
1439 2 2 103 103 1098 193 1140
1440 2 2 103 103 216 1084 1132
1441 2 2 103 103 196 1108 1136
1442 2 2 103 103 1106 210 1122
1443 2 2 103 103 220 4 1144
1444 2 2 103 103 9 188 1145
1445 2 2 103 103 3 187 1143
1446 2 2 103 103 155 10 1146
1447 2 2 103 103 1111 1078 1143
1448 2 2 103 103 1112 1077 1145
1449 2 2 103 103 83 84 1077
1450 2 2 103 103 73 74 1078
1451 2 2 103 103 187 186 1111
1452 2 2 103 103 188 189 1112
1453 2 2 103 103 1110 1078 1111
1454 2 2 103 103 1109 1077 1112
1455 2 2 103 103 177 176 1114
1456 2 2 103 103 164 163 1113
1457 2 2 103 103 186 185 1121
1458 2 2 103 103 170 169 1124
1459 2 2 103 103 165 164 1126
1460 2 2 103 103 167 166 1127
1461 2 2 103 103 158 157 1125
1462 2 2 103 103 176 175 1115
1463 2 2 103 103 174 173 1116
1464 2 2 103 103 180 179 1119
1465 2 2 103 103 182 181 1120
1466 2 2 103 103 172 171 1118
1467 2 2 103 103 184 183 1117
1468 2 2 103 103 160 159 1129
1469 2 2 103 103 162 161 1130
1470 2 2 103 103 195 196 1136
1471 2 2 103 103 211 212 1123
1472 2 2 103 103 191 192 1137
1473 2 2 103 103 189 190 1138
1474 2 2 103 103 200 201 1141
1475 2 2 103 103 201 202 1142
1476 2 2 103 103 207 208 1128
1477 2 2 103 103 215 216 1132
1478 2 2 103 103 217 218 1133
1479 2 2 103 103 193 194 1140
1480 2 2 103 103 205 206 1134
1481 2 2 103 103 203 204 1135
1482 2 2 103 103 210 211 1122
1483 2 2 103 103 213 214 1131
1484 2 2 103 103 198 199 1139
1485 2 2 103 103 1111 186 1121
1486 2 2 103 103 1112 189 1138
1487 2 2 103 103 1114 176 1115
1488 2 2 103 103 164 1113 1126
1489 2 2 103 103 1141 201 1142
1490 2 2 103 103 1122 211 1123
1491 2 2 103 103 188 1112 1145
1492 2 2 103 103 187 1111 1143
1493 2 2 103 103 74 3 1143
1494 2 2 103 103 10 83 1146
1495 2 2 103 103 4 73 1144
1496 2 2 103 103 84 9 1145
1497 2 2 103 103 83 1077 1146
1498 2 2 103 103 1078 74 1143
1499 2 2 103 103 1077 84 1145
1500 2 2 103 103 73 1078 1144
1501 2 2 104 104 1187 1158 1197
1502 2 2 104 104 1174 1158 1187
1503 2 2 104 104 1186 1169 1199
1504 2 2 104 104 1177 1169 1186
1505 2 2 104 104 1151 1176 1184
1506 2 2 104 104 1151 1184 1202
1507 2 2 104 104 1183 1150 1196
1508 2 2 104 104 1175 1150 1183
1509 2 2 104 104 1157 1185 1211
1510 2 2 104 104 1157 1178 1185
1511 2 2 104 104 1179 1182 1209
1512 2 2 104 104 1181 1180 1206
1513 2 2 104 104 1160 1179 1209
1514 2 2 104 104 1180 1155 1206
1515 2 2 104 104 1164 1175 1183
1516 2 2 104 104 1175 1164 1190
1517 2 2 104 104 1158 1178 1197
1518 2 2 104 104 1156 1176 1195
1519 2 2 104 104 1176 1156 1184
1520 2 2 104 104 1178 1158 1185
1521 2 2 104 104 1160 1174 1187
1522 2 2 104 104 1177 1159 1207
1523 2 2 104 104 1174 1160 1209
1524 2 2 104 104 1163 1156 1195
1525 2 2 104 104 1164 1149 1190
1526 2 2 104 104 1165 1155 1193
1527 2 2 104 104 1167 1159 1201
1528 2 2 104 104 1153 1166 1192
1529 2 2 104 104 1154 1165 1193
1530 2 2 104 104 1151 1172 1189
1531 2 2 104 104 1171 1153 1191
1532 2 2 104 104 1173 1152 1188
1533 2 2 104 104 1152 1171 1191
1534 2 2 104 104 1162 1168 1203
1535 2 2 104 104 1170 1162 1200
1536 2 2 104 104 1161 1170 1200
1537 2 2 104 104 1169 1161 1199
1538 2 2 104 104 1168 1163 1203
1539 2 2 104 104 1159 1177 1186
1540 2 2 104 104 1157 1167 1201
1541 2 2 104 104 1172 1150 1189
1542 2 2 104 104 1166 1154 1192
1543 2 2 104 104 1149 1173 1188
1544 2 2 104 104 1156 1163 1208
1545 2 2 104 104 1161 1169 1210
1546 2 2 104 104 1155 1165 1206
1547 2 2 104 104 1170 1161 1210
1548 2 2 104 104 1168 1162 1212
1549 2 2 104 104 1163 1168 1208
1550 2 2 104 104 1162 1170 1212
1551 2 2 104 104 1149 1164 1194
1552 2 2 104 104 1159 1167 1207
1553 2 2 104 104 1166 1153 1198
1554 2 2 104 104 1165 1154 1205
1555 2 2 104 104 1152 1173 1204
1556 2 2 104 104 1172 1151 1202
1557 2 2 104 104 1167 1157 1211
1558 2 2 104 104 1171 1152 1204
1559 2 2 104 104 1153 1171 1198
1560 2 2 104 104 1150 1172 1196
1561 2 2 104 104 1154 1166 1205
1562 2 2 104 104 1173 1149 1194
1563 2 2 104 104 244 245 1173
1564 2 2 104 104 206 205 1151
1565 2 2 104 104 211 210 1149
1566 2 2 104 104 194 193 1157
1567 2 2 104 104 203 202 1163
1568 2 2 104 104 208 207 1150
1569 2 2 104 104 213 212 1152
1570 2 2 104 104 215 214 1153
1571 2 2 104 104 217 216 1154
1572 2 2 104 104 219 218 1155
1573 2 2 104 104 201 200 1162
1574 2 2 104 104 190 189 1160
1575 2 2 104 104 196 195 1159
1576 2 2 104 104 199 198 1161
1577 2 2 104 104 242 243 1164
1578 2 2 104 104 239 240 1172
1579 2 2 104 104 236 237 1156
1580 2 2 104 104 246 247 1171
1581 2 2 104 104 248 249 1166
1582 2 2 104 104 250 251 1165
1583 2 2 104 104 224 225 1158
1584 2 2 104 104 230 231 1169
1585 2 2 104 104 232 233 1170
1586 2 2 104 104 234 235 1168
1587 2 2 104 104 227 228 1167
1588 2 2 104 104 223 224 1174
1589 2 2 104 104 229 230 1177
1590 2 2 104 104 209 208 1175
1591 2 2 104 104 205 204 1176
1592 2 2 104 104 193 192 1178
1593 2 2 104 104 224 1158 1174
1594 2 2 104 104 230 1169 1177
1595 2 2 104 104 208 1150 1175
1596 2 2 104 104 1151 205 1176
1597 2 2 104 104 1157 193 1178
1598 2 2 104 104 1180 1147 1213
1599 2 2 104 104 1148 1179 1216
1600 2 2 104 104 220 1180 1213
1601 2 2 104 104 1179 188 1216
1602 2 2 104 104 189 188 1179
1603 2 2 104 104 220 219 1180
1604 2 2 104 104 1160 189 1179
1605 2 2 104 104 219 1155 1180
1606 2 2 104 104 242 1164 1183
1607 2 2 104 104 196 1159 1186
1608 2 2 104 104 1158 225 1185
1609 2 2 104 104 1156 237 1184
1610 2 2 104 104 190 1160 1187
1611 2 2 104 104 236 1156 1208
1612 2 2 104 104 1165 251 1206
1613 2 2 104 104 1167 228 1207
1614 2 2 104 104 248 1166 1198
1615 2 2 104 104 1171 247 1198
1616 2 2 104 104 1173 245 1204
1617 2 2 104 104 244 1173 1194
1618 2 2 104 104 1172 240 1196
1619 2 2 104 104 250 1165 1205
1620 2 2 104 104 1164 243 1194
1621 2 2 104 104 239 1172 1202
1622 2 2 104 104 246 1171 1204
1623 2 2 104 104 234 1168 1212
1624 2 2 104 104 1168 235 1208
1625 2 2 104 104 1170 233 1212
1626 2 2 104 104 1169 231 1210
1627 2 2 104 104 227 1167 1211
1628 2 2 104 104 232 1170 1210
1629 2 2 104 104 1166 249 1205
1630 2 2 104 104 1149 210 1190
1631 2 2 104 104 1161 198 1199
1632 2 2 104 104 1159 195 1201
1633 2 2 104 104 199 1161 1200
1634 2 2 104 104 215 1153 1192
1635 2 2 104 104 1162 200 1200
1636 2 2 104 104 201 1162 1203
1637 2 2 104 104 1163 202 1203
1638 2 2 104 104 1155 218 1193
1639 2 2 104 104 203 1163 1195
1640 2 2 104 104 1152 212 1188
1641 2 2 104 104 217 1154 1193
1642 2 2 104 104 206 1151 1189
1643 2 2 104 104 1153 214 1191
1644 2 2 104 104 194 1157 1201
1645 2 2 104 104 213 1152 1191
1646 2 2 104 104 1154 216 1192
1647 2 2 104 104 1150 207 1189
1648 2 2 104 104 211 1149 1188
1649 2 2 104 104 223 1174 1209
1650 2 2 104 104 229 1177 1207
1651 2 2 104 104 1178 192 1197
1652 2 2 104 104 1176 204 1195
1653 2 2 104 104 209 1175 1190
1654 2 2 104 104 188 9 1216
1655 2 2 104 104 4 220 1213
1656 2 2 104 104 8 221 1215
1657 2 2 104 104 253 5 1214
1658 2 2 104 104 1182 1148 1215
1659 2 2 104 104 1147 1181 1214
1660 2 2 104 104 75 76 1147
1661 2 2 104 104 81 82 1148
1662 2 2 104 104 252 253 1181
1663 2 2 104 104 221 222 1182
1664 2 2 104 104 1179 1148 1182
1665 2 2 104 104 1147 1180 1181
1666 2 2 104 104 225 226 1185
1667 2 2 104 104 241 242 1183
1668 2 2 104 104 237 238 1184
1669 2 2 104 104 197 196 1186
1670 2 2 104 104 191 190 1187
1671 2 2 104 104 228 229 1207
1672 2 2 104 104 240 241 1196
1673 2 2 104 104 243 244 1194
1674 2 2 104 104 245 246 1204
1675 2 2 104 104 247 248 1198
1676 2 2 104 104 249 250 1205
1677 2 2 104 104 238 239 1202
1678 2 2 104 104 222 223 1209
1679 2 2 104 104 226 227 1211
1680 2 2 104 104 235 236 1208
1681 2 2 104 104 251 252 1206
1682 2 2 104 104 233 234 1212
1683 2 2 104 104 231 232 1210
1684 2 2 104 104 198 197 1199
1685 2 2 104 104 200 199 1200
1686 2 2 104 104 202 201 1203
1687 2 2 104 104 212 211 1188
1688 2 2 104 104 210 209 1190
1689 2 2 104 104 204 203 1195
1690 2 2 104 104 192 191 1197
1691 2 2 104 104 216 215 1192
1692 2 2 104 104 218 217 1193
1693 2 2 104 104 195 194 1201
1694 2 2 104 104 207 206 1189
1695 2 2 104 104 214 213 1191
1696 2 2 104 104 252 1181 1206
1697 2 2 104 104 1182 222 1209
1698 2 2 104 104 241 1183 1196
1699 2 2 104 104 1185 226 1211
1700 2 2 104 104 1184 238 1202
1701 2 2 104 104 197 1186 1199
1702 2 2 104 104 191 1187 1197
1703 2 2 104 104 221 1182 1215
1704 2 2 104 104 1181 253 1214
1705 2 2 104 104 5 75 1214
1706 2 2 104 104 9 81 1216
1707 2 2 104 104 82 8 1215
1708 2 2 104 104 76 4 1213
1709 2 2 104 104 81 1148 1216
1710 2 2 104 104 75 1147 1214
1711 2 2 104 104 1147 76 1213
1712 2 2 104 104 1148 82 1215
1713 2 2 105 105 13 21 1260
1714 2 2 105 105 19 14 1261
1715 2 2 105 105 237 236 1248
1716 2 2 105 105 238 237 1247
1717 2 2 105 105 237 1248 1249
1718 2 2 105 105 1247 237 1249
1719 2 2 105 105 236 235 1246
1720 2 2 105 105 239 238 1245
1721 2 2 105 105 236 1246 1248
1722 2 2 105 105 1245 238 1247
1723 2 2 105 105 240 239 1243
1724 2 2 105 105 235 234 1244
1725 2 2 105 105 234 233 1242
1726 2 2 105 105 241 240 1241
1727 2 2 105 105 235 1244 1246
1728 2 2 105 105 1243 239 1245
1729 2 2 105 105 233 232 1240
1730 2 2 105 105 242 241 1239
1731 2 2 105 105 234 1242 1244
1732 2 2 105 105 1241 240 1243
1733 2 2 105 105 232 231 1238
1734 2 2 105 105 243 242 1237
1735 2 2 105 105 233 1240 1242
1736 2 2 105 105 1239 241 1241
1737 2 2 105 105 231 230 1236
1738 2 2 105 105 244 243 1235
1739 2 2 105 105 232 1238 1240
1740 2 2 105 105 1237 242 1239
1741 2 2 105 105 230 229 1234
1742 2 2 105 105 245 244 1233
1743 2 2 105 105 231 1236 1238
1744 2 2 105 105 1235 243 1237
1745 2 2 105 105 249 248 1225
1746 2 2 105 105 226 225 1226
1747 2 2 105 105 229 228 1232
1748 2 2 105 105 246 245 1231
1749 2 2 105 105 230 1234 1236
1750 2 2 105 105 1233 244 1235
1751 2 2 105 105 247 246 1229
1752 2 2 105 105 228 227 1230
1753 2 2 105 105 229 1232 1234
1754 2 2 105 105 1231 245 1233
1755 2 2 105 105 1229 246 1231
1756 2 2 105 105 228 1230 1232
1757 2 2 105 105 248 1223 1225
1758 2 2 105 105 1224 226 1226
1759 2 2 105 105 1257 1227 1259
1760 2 2 105 105 1228 1256 1258
1761 2 2 105 105 1220 1257 1259
1762 2 2 105 105 1256 1219 1258
1763 2 2 105 105 21 321 1260
1764 2 2 105 105 311 19 1261
1765 2 2 105 105 14 275 1224
1766 2 2 105 105 254 13 1223
1767 2 2 105 105 226 1224 1267
1768 2 2 105 105 1223 248 1266
1769 2 2 105 105 1251 1220 1259
1770 2 2 105 105 1219 1250 1258
1771 2 2 105 105 1220 1251 1252
1772 2 2 105 105 1250 1219 1253
1773 2 2 105 105 251 250 1228
1774 2 2 105 105 224 223 1227
1775 2 2 105 105 249 1225 1254
1776 2 2 105 105 1226 225 1255
1777 2 2 105 105 275 274 1230
1778 2 2 105 105 255 254 1229
1779 2 2 105 105 274 273 1232
1780 2 2 105 105 256 255 1231
1781 2 2 105 105 257 256 1233
1782 2 2 105 105 273 272 1234
1783 2 2 105 105 258 257 1235
1784 2 2 105 105 272 271 1236
1785 2 2 105 105 259 258 1237
1786 2 2 105 105 271 270 1238
1787 2 2 105 105 260 259 1239
1788 2 2 105 105 270 269 1240
1789 2 2 105 105 261 260 1241
1790 2 2 105 105 269 268 1242
1791 2 2 105 105 268 267 1244
1792 2 2 105 105 262 261 1243
1793 2 2 105 105 263 262 1245
1794 2 2 105 105 267 266 1246
1795 2 2 105 105 266 265 1248
1796 2 2 105 105 264 263 1247
1797 2 2 105 105 265 264 1249
1798 2 2 105 105 323 324 1219
1799 2 2 105 105 308 309 1220
1800 2 2 105 105 321 322 1221
1801 2 2 105 105 310 311 1222
1802 2 2 105 105 1230 274 1232
1803 2 2 105 105 255 1229 1231
1804 2 2 105 105 1232 273 1234
1805 2 2 105 105 256 1231 1233
1806 2 2 105 105 1234 272 1236
1807 2 2 105 105 257 1233 1235
1808 2 2 105 105 258 1235 1237
1809 2 2 105 105 1236 271 1238
1810 2 2 105 105 259 1237 1239
1811 2 2 105 105 1238 270 1240
1812 2 2 105 105 260 1239 1241
1813 2 2 105 105 1240 269 1242
1814 2 2 105 105 1242 268 1244
1815 2 2 105 105 261 1241 1243
1816 2 2 105 105 262 1243 1245
1817 2 2 105 105 1244 267 1246
1818 2 2 105 105 263 1245 1247
1819 2 2 105 105 1246 266 1248
1820 2 2 105 105 1248 265 1249
1821 2 2 105 105 264 1247 1249
1822 2 2 105 105 1221 1228 1254
1823 2 2 105 105 1227 1222 1255
1824 2 2 105 105 1228 250 1254
1825 2 2 105 105 224 1227 1255
1826 2 2 105 105 251 1228 1258
1827 2 2 105 105 1227 223 1259
1828 2 2 105 105 5 253 1262
1829 2 2 105 105 221 8 1263
1830 2 2 105 105 253 252 1250
1831 2 2 105 105 222 221 1251
1832 2 2 105 105 1224 275 1230
1833 2 2 105 105 254 1223 1229
1834 2 2 105 105 14 1224 1226
1835 2 2 105 105 1223 13 1225
1836 2 2 105 105 1250 1218 1262
1837 2 2 105 105 1217 1251 1263
1838 2 2 105 105 1226 1255 1261
1839 2 2 105 105 1254 1225 1260
1840 2 2 105 105 1222 1227 1257
1841 2 2 105 105 1228 1221 1256
1842 2 2 105 105 1219 324 1253
1843 2 2 105 105 308 1220 1252
1844 2 2 105 105 324 325 1253
1845 2 2 105 105 307 308 1252
1846 2 2 105 105 1250 252 1258
1847 2 2 105 105 222 1251 1259
1848 2 2 105 105 323 1219 1256
1849 2 2 105 105 1220 309 1257
1850 2 2 105 105 310 1222 1257
1851 2 2 105 105 1221 322 1256
1852 2 2 105 105 1221 1254 1260
1853 2 2 105 105 1255 1222 1261
1854 2 2 105 105 225 224 1255
1855 2 2 105 105 250 249 1254
1856 2 2 105 105 253 1250 1262
1857 2 2 105 105 1251 221 1263
1858 2 2 105 105 77 78 1218
1859 2 2 105 105 79 80 1217
1860 2 2 105 105 252 251 1258
1861 2 2 105 105 223 222 1259
1862 2 2 105 105 322 323 1256
1863 2 2 105 105 309 310 1257
1864 2 2 105 105 7 307 1264
1865 2 2 105 105 325 6 1265
1866 2 2 105 105 1252 1217 1264
1867 2 2 105 105 1218 1253 1265
1868 2 2 105 105 1253 325 1265
1869 2 2 105 105 307 1252 1264
1870 2 2 105 105 1251 1217 1252
1871 2 2 105 105 1218 1250 1253
1872 2 2 105 105 14 1226 1261
1873 2 2 105 105 1225 13 1260
1874 2 2 105 105 227 226 1267
1875 2 2 105 105 248 247 1266
1876 2 2 105 105 1229 1223 1266
1877 2 2 105 105 1224 1230 1267
1878 2 2 105 105 247 1229 1266
1879 2 2 105 105 1230 227 1267
1880 2 2 105 105 321 1221 1260
1881 2 2 105 105 1222 311 1261
1882 2 2 105 105 78 5 1262
1883 2 2 105 105 8 79 1263
1884 2 2 105 105 1218 78 1262
1885 2 2 105 105 79 1217 1263
1886 2 2 105 105 6 77 1265
1887 2 2 105 105 80 7 1264
1888 2 2 105 105 1217 80 1264
1889 2 2 105 105 77 1218 1265
1890 2 2 6 116 2152 2242 1800
1891 2 2 6 116 1685 2274 2059
1892 2 2 6 116 1930 1931 1928
1893 2 2 6 116 597 2128 596
1894 2 2 6 116 1378 1974 1489
1895 2 2 6 116 1273 2128 597
1896 2 2 6 116 1927 2514 2079
1897 2 2 6 116 1489 2662 2079
1898 2 2 6 116 1999 2524 2047
1899 2 2 6 116 2127 2129 1330
1900 2 2 6 116 1949 2649 1884
1901 2 2 6 116 434 2574 1279
1902 2 2 6 116 1285 1654 396
1903 2 2 6 116 39 1359 1317
1904 2 2 6 116 1651 1983 487
1905 2 2 6 116 320 1648 1288
1906 2 2 6 116 1279 1359 417
1907 2 2 6 116 30 2576 1315
1908 2 2 6 116 1282 1772 452
1909 2 2 6 116 1771 2582 327
1910 2 2 6 116 1354 2443 1352
1911 2 2 6 116 1971 2036 1302
1912 2 2 6 116 1302 2036 559
1913 2 2 6 116 1378 2612 1974
1914 2 2 6 116 2018 2555 1851
1915 2 2 6 116 1728 2493 1963
1916 2 2 6 116 1699 1764 1719
1917 2 2 6 116 1924 2526 2416
1918 2 2 6 116 1968 2055 1456
1919 2 2 6 116 2200 2505 1872
1920 2 2 6 116 1845 2469 1996
1921 2 2 6 116 1274 2693 2091
1922 2 2 6 116 1689 2042 1754
1923 2 2 6 116 1975 2054 1877
1924 2 2 6 116 1851 2555 1856
1925 2 2 6 116 1883 1940 1879
1926 2 2 6 116 2091 2475 1274
1927 2 2 6 116 1300 2151 2149
1928 2 2 6 116 1963 2493 1784
1929 2 2 6 116 2396 2467 1925
1930 2 2 6 116 1967 2039 1277
1931 2 2 6 116 2003 2570 2029
1932 2 2 6 116 1596 2663 1620
1933 2 2 6 116 2054 2613 1270
1934 2 2 6 116 1870 2694 2066
1935 2 2 6 116 2003 2029 2028
1936 2 2 6 116 2200 2201 1325
1937 2 2 6 116 2396 2519 1931
1938 2 2 6 116 2129 2130 1330
1939 2 2 6 116 2177 2451 2043
1940 2 2 6 116 1930 1934 1931
1941 2 2 6 116 1362 2614 1978
1942 2 2 6 116 1362 1978 1360
1943 2 2 6 116 1652 1862 1695
1944 2 2 6 116 1350 1984 1348
1945 2 2 6 116 1646 2601 1957
1946 2 2 6 116 2437 2512 1993
1947 2 2 6 116 2201 2203 1325
1948 2 2 6 116 1957 2045 1646
1949 2 2 6 116 1373 2383 1376
1950 2 2 6 116 1297 2425 2021
1951 2 2 6 116 2047 2477 1309
1952 2 2 6 116 2059 2274 1916
1953 2 2 6 116 2177 2179 1339
1954 2 2 6 116 1600 2383 1371
1955 2 2 6 116 2043 2441 2177
1956 2 2 6 116 559 2036 558
1957 2 2 6 116 1297 2545 2425
1958 2 2 6 116 1868 2458 2254
1959 2 2 6 116 1933 2050 2048
1960 2 2 6 116 1489 2079 1380
1961 2 2 6 116 1356 1989 1987
1962 2 2 6 116 1339 2451 2177
1963 2 2 6 116 1302 2037 1971
1964 2 2 6 116 1883 2007 1940
1965 2 2 6 116 1694 2242 2152
1966 2 2 6 116 1922 1923 1921
1967 2 2 6 116 1277 2038 1967
1968 2 2 6 116 1926 1928 1923
1969 2 2 6 116 1619 2663 1596
1970 2 2 6 116 1785 1921 1723
1971 2 2 6 116 1657 2683 1725
1972 2 2 6 116 1726 2416 2415
1973 2 2 6 116 2149 2150 1300
1974 2 2 6 116 1722 1723 1657
1975 2 2 6 116 1921 2681 1924
1976 2 2 6 116 1371 2383 1373
1977 2 2 6 116 1987 2522 1356
1978 2 2 6 116 1656 1657 1619
1979 2 2 6 116 1325 2505 2200
1980 2 2 6 116 1381 2504 1379
1981 2 2 6 116 1923 2681 1921
1982 2 2 6 116 1844 2711 2431
1983 2 2 6 116 2252 2531 2450
1984 2 2 6 116 2007 2486 2478
1985 2 2 6 116 1723 2683 1657
1986 2 2 6 116 1934 2395 1931
1987 2 2 6 116 2053 2060 1939
1988 2 2 6 116 570 2392 569
1989 2 2 6 116 1874 2444 2020
1990 2 2 6 116 1338 1981 1980
1991 2 2 6 116 2416 2456 1924
1992 2 2 6 116 1921 2456 1723
1993 2 2 6 116 1659 2041 2023
1994 2 2 6 116 1498 1619 1596
1995 2 2 6 116 1877 2054 1870
1996 2 2 6 116 1779 2044 2003
1997 2 2 6 116 2079 2662 1927
1998 2 2 6 116 1282 2060 2053
1999 2 2 6 116 579 2424 578
2000 2 2 6 116 1350 2522 1984
2001 2 2 6 116 1719 2655 1779
2002 2 2 6 116 1764 2678 1719
2003 2 2 6 116 1699 1765 1764
2004 2 2 6 116 1275 2345 1995
2005 2 2 6 116 1456 2504 1968
2006 2 2 6 116 2024 2338 1320
2007 2 2 6 116 1343 2536 1985
2008 2 2 6 116 1974 2602 1489
2009 2 2 6 116 2345 2391 1860
2010 2 2 6 116 1363 2575 2053
2011 2 2 6 116 1870 2066 1853
2012 2 2 6 116 2153 2494 1323
2013 2 2 6 116 1884 2649 1883
2014 2 2 6 116 2427 2438 2203
2015 2 2 6 116 1351 2600 2052
2016 2 2 6 116 1323 2489 2153
2017 2 2 6 116 2426 2496 2030
2018 2 2 6 116 1298 2014 2013
2019 2 2 6 116 1642 2675 1644
2020 2 2 6 116 2007 2478 2473
2021 2 2 6 116 1276 2009 2008
2022 2 2 6 116 561 2063 560
2023 2 2 6 116 2068 2515 1724
2024 2 2 6 116 55 2048 471
2025 2 2 6 116 1275 2391 2345
2026 2 2 6 116 1724 2429 2068
2027 2 2 6 116 1659 2445 2041
2028 2 2 6 116 1379 2504 1456
2029 2 2 6 116 2021 2652 1297
2030 2 2 6 116 2017 2083 1340
2031 2 2 6 116 1690 2042 1689
2032 2 2 6 116 2149 2152 1800
2033 2 2 6 116 1351 2052 1938
2034 2 2 6 116 1363 2053 1939
2035 2 2 6 116 2002 2521 1319
2036 2 2 6 116 1657 2452 1619
2037 2 2 6 116 2389 2693 1274
2038 2 2 6 116 2254 2557 1868
2039 2 2 6 116 1928 2519 1923
2040 2 2 6 116 2061 2599 1369
2041 2 2 6 116 1624 1642 1626
2042 2 2 6 116 574 2069 573
2043 2 2 6 116 1784 2644 1963
2044 2 2 6 116 2412 2413 1294
2045 2 2 6 116 1765 2454 1764
2046 2 2 6 116 1976 2497 1725
2047 2 2 6 116 1725 2056 1976
2048 2 2 6 116 2050 2395 1934
2049 2 2 6 116 1723 2456 1726
2050 2 2 6 116 2539 2671 2031
2051 2 2 6 116 2047 2524 2477
2052 2 2 6 116 572 2072 571
2053 2 2 6 116 2030 2540 2027
2054 2 2 6 116 1271 2479 2419
2055 2 2 6 116 1298 2025 2014
2056 2 2 6 116 1335 2447 2392
2057 2 2 6 116 1807 2073 2008
2058 2 2 6 116 576 2084 575
2059 2 2 6 116 2027 2540 2031
2060 2 2 6 116 2040 2651 1979
2061 2 2 6 116 1850 2057 1696
2062 2 2 6 116 1754 2042 1967
2063 2 2 6 116 2073 2447 1335
2064 2 2 6 116 2383 2612 1376
2065 2 2 6 116 1881 1883 1879
2066 2 2 6 116 1624 2555 1642
2067 2 2 6 116 2444 2682 2020
2068 2 2 6 116 2469 2678 1935
2069 2 2 6 116 2147 2405 2404
2070 2 2 6 116 1933 2395 2050
2071 2 2 6 116 2031 2540 2539
2072 2 2 6 116 1980 2379 1338
2073 2 2 6 116 1719 2678 1845
2074 2 2 6 116 2055 2493 1728
2075 2 2 6 116 578 2424 2025
2076 2 2 6 116 2599 2606 2382
2077 2 2 6 116 1642 1644 1643
2078 2 2 6 116 2034 2641 547
2079 2 2 6 116 1929 1930 1928
2080 2 2 6 116 2274 2442 1916
2081 2 2 6 116 2382 2606 1934
2082 2 2 6 116 2563 2681 1925
2083 2 2 6 116 1999 2047 1950
2084 2 2 6 116 2450 2531 2139
2085 2 2 6 116 2466 2563 1925
2086 2 2 6 116 1320 2378 2024
2087 2 2 6 116 2201 2427 2203
2088 2 2 6 116 1995 2377 1275
2089 2 2 6 116 567 2377 566
2090 2 2 6 116 2542 2609 2551
2091 2 2 6 116 2418 2487 2461
2092 2 2 6 116 1938 1964 1758
2093 2 2 6 116 2046 2615 1293
2094 2 2 6 116 1294 2481 2412
2095 2 2 6 116 2003 2521 2002
2096 2 2 6 116 1353 1938 1758
2097 2 2 6 116 1281 2430 2052
2098 2 2 6 116 1330 2468 2127
2099 2 2 6 116 2147 2404 1307
2100 2 2 6 116 581 2378 580
2101 2 2 6 116 1940 2474 1975
2102 2 2 6 116 1304 2603 2537
2103 2 2 6 116 1344 2603 2545
2104 2 2 6 116 1931 2519 1928
2105 2 2 6 116 2029 2426 2030
2106 2 2 6 116 1621 2710 1622
2107 2 2 6 116 1760 2073 1807
2108 2 2 6 116 565 2379 564
2109 2 2 6 116 2496 2603 1304
2110 2 2 6 116 1290 2379 2019
2111 2 2 6 116 2046 2644 2615
2112 2 2 6 116 1376 2612 1378
2113 2 2 6 116 2035 2617 2004
2114 2 2 6 116 2137 2531 1303
2115 2 2 6 116 398 2532 35
2116 2 2 6 116 578 2025 577
2117 2 2 6 116 2010 2056 1726
2118 2 2 6 116 2059 2623 1685
2119 2 2 6 116 1338 2377 1981
2120 2 2 6 116 2023 2378 1659
2121 2 2 6 116 2404 2405 2402
2122 2 2 6 116 569 2392 2391
2123 2 2 6 116 1335 2392 570
2124 2 2 6 116 1340 2084 2017
2125 2 2 6 116 1309 2511 2047
2126 2 2 6 116 2541 2550 2375
2127 2 2 6 116 1932 2502 1994
2128 2 2 6 116 1853 2530 1850
2129 2 2 6 116 2008 2072 1276
2130 2 2 6 116 1620 2710 1621
2131 2 2 6 116 2583 2651 2535
2132 2 2 6 116 1958 2398 1956
2133 2 2 6 116 2431 2664 1844
2134 2 2 6 116 1301 2670 2335
2135 2 2 6 116 2029 2030 2027
2136 2 2 6 116 1916 2442 1752
2137 2 2 6 116 2335 2676 1301
2138 2 2 6 116 2413 2480 1294
2139 2 2 6 116 1276 2069 2009
2140 2 2 6 116 1644 2509 1697
2141 2 2 6 116 2013 2084 1298
2142 2 2 6 116 1341 2399 2062
2143 2 2 6 116 1856 2636 2507
2144 2 2 6 116 2001 2560 2481
2145 2 2 6 116 1369 2599 1600
2146 2 2 6 116 560 2063 1302
2147 2 2 6 116 1334 2063 561
2148 2 2 6 116 1318 2512 2437
2149 2 2 6 116 1281 2578 2430
2150 2 2 6 116 1279 2574 1361
2151 2 2 6 116 1653 1983 1651
2152 2 2 6 116 1359 1978 1317
2153 2 2 6 116 1329 2671 2539
2154 2 2 6 116 2044 2570 2003
2155 2 2 6 116 577 2025 1298
2156 2 2 6 116 2405 2528 2402
2157 2 2 6 116 1644 1697 1645
2158 2 2 6 116 1498 1596 1472
2159 2 2 6 116 2136 2561 591
2160 2 2 6 116 2391 2392 1860
2161 2 2 6 116 591 2568 2136
2162 2 2 6 116 1273 2446 2128
2163 2 2 6 116 2417 2419 2414
2164 2 2 6 116 2041 2445 1875
2165 2 2 6 116 2617 2689 1716
2166 2 2 6 116 2000 2483 1999
2167 2 2 6 116 1958 2432 2398
2168 2 2 6 116 1340 2083 2069
2169 2 2 6 116 1925 2681 2519
2170 2 2 6 116 2419 2461 1271
2171 2 2 6 116 573 2069 1276
2172 2 2 6 116 1340 2069 574
2173 2 2 6 116 1977 1999 1950
2174 2 2 6 116 1862 1937 1695
2175 2 2 6 116 1779 2003 2002
2176 2 2 6 116 549 2512 1318
2177 2 2 6 116 1719 1779 1778
2178 2 2 6 116 1852 1853 1850
2179 2 2 6 116 1699 1719 1700
2180 2 2 6 116 1697 1699 1698
2181 2 2 6 116 1938 2430 1964
2182 2 2 6 116 1785 1922 1921
2183 2 2 6 116 1922 1926 1923
2184 2 2 6 116 1726 2415 2010
2185 2 2 6 116 1722 1785 1723
2186 2 2 6 116 1950 2047 1949
2187 2 2 6 116 1620 1621 1596
2188 2 2 6 116 1697 2664 1699
2189 2 2 6 116 1276 2072 572
2190 2 2 6 116 571 2072 1335
2191 2 2 6 116 2151 2494 2153
2192 2 2 6 116 1656 1722 1657
2193 2 2 6 116 1884 1950 1949
2194 2 2 6 116 1881 1884 1883
2195 2 2 6 116 1850 2530 2057
2196 2 2 6 116 575 2084 1340
2197 2 2 6 116 1298 2084 576
2198 2 2 6 116 2020 2406 1874
2199 2 2 6 116 1320 2424 579
2200 2 2 6 116 1985 1986 1343
2201 2 2 6 116 2128 2468 596
2202 2 2 6 116 1498 1656 1619
2203 2 2 6 116 1726 2456 2416
2204 2 2 6 116 1622 2495 1624
2205 2 2 6 116 2514 2515 2079
2206 2 2 6 116 551 2032 1327
2207 2 2 6 116 1319 2071 522
2208 2 2 6 116 1925 2519 2396
2209 2 2 6 116 2075 2076 1905
2210 2 2 6 116 1280 2651 2583
2211 2 2 6 116 2027 2031 2026
2212 2 2 6 116 1622 1624 1623
2213 2 2 6 116 1297 2652 2559
2214 2 2 6 116 2054 2694 1870
2215 2 2 6 116 1968 2493 2055
2216 2 2 6 116 2254 2458 2253
2217 2 2 6 116 1741 2131 1822
2218 2 2 6 116 1872 2505 2036
2219 2 2 6 116 2008 2073 2072
2220 2 2 6 116 1992 2375 1988
2221 2 2 6 116 1875 2401 2041
2222 2 2 6 116 1771 2600 2582
2223 2 2 6 116 2318 2403 1342
2224 2 2 6 116 1774 2438 2427
2225 2 2 6 116 1943 2408 1857
2226 2 2 6 116 2416 2417 2414
2227 2 2 6 116 2529 2541 2375
2228 2 2 6 116 1356 2443 1989
2229 2 2 6 116 2005 2564 545
2230 2 2 6 116 2338 2424 1320
2231 2 2 6 116 2529 2547 1313
2232 2 2 6 116 2420 2434 1773
2233 2 2 6 116 1901 2163 2037
2234 2 2 6 116 2037 2163 1971
2235 2 2 6 116 545 2650 2005
2236 2 2 6 116 1355 2006 1358
2237 2 2 6 116 1765 2664 2431
2238 2 2 6 116 1695 1937 1848
2239 2 2 6 116 2139 2531 2137
2240 2 2 6 116 1286 2611 2576
2241 2 2 6 116 566 2377 1338
2242 2 2 6 116 1275 2377 567
2243 2 2 6 116 2399 2620 2062
2244 2 2 6 116 1779 2455 2044
2245 2 2 6 116 1425 2364 2070
2246 2 2 6 116 2151 2624 2494
2247 2 2 6 116 1845 2678 2469
2248 2 2 6 116 580 2378 1320
2249 2 2 6 116 1659 2378 581
2250 2 2 6 116 556 2203 555
2251 2 2 6 116 1994 2502 2423
2252 2 2 6 116 1378 1489 1380
2253 2 2 6 116 2461 2598 2418
2254 2 2 6 116 1871 2410 1914
2255 2 2 6 116 1994 2396 1931
2256 2 2 6 116 1338 2379 565
2257 2 2 6 116 564 2379 1290
2258 2 2 6 116 1757 2133 2132
2259 2 2 6 116 2019 2379 1980
2260 2 2 6 116 2006 2533 1358
2261 2 2 6 116 1931 2395 1994
2262 2 2 6 116 2151 2152 2149
2263 2 2 6 116 1967 2042 2039
2264 2 2 6 116 1926 1929 1928
2265 2 2 6 116 1270 2694 2054
2266 2 2 6 116 1726 2683 1723
2267 2 2 6 116 1325 2203 556
2268 2 2 6 116 2518 2652 1947
2269 2 2 6 116 1642 1643 1626
2270 2 2 6 116 2551 2609 2496
2271 2 2 6 116 2014 2025 2016
2272 2 2 6 116 2308 2400 2306
2273 2 2 6 116 1924 2456 1921
2274 2 2 6 116 1367 2614 1362
2275 2 2 6 116 2070 2504 1381
2276 2 2 6 116 1642 2555 2018
2277 2 2 6 116 2024 2378 2023
2278 2 2 6 116 2039 2384 1277
2279 2 2 6 116 2011 2412 2000
2280 2 2 6 116 2423 2467 2396
2281 2 2 6 116 2070 2364 1969
2282 2 2 6 116 1977 2000 1999
2283 2 2 6 116 2439 2631 518
2284 2 2 6 116 553 2632 2440
2285 2 2 6 116 1981 2377 1995
2286 2 2 6 116 2060 2607 1939
2287 2 2 6 116 2091 2640 2475
2288 2 2 6 116 1757 2132 2131
2289 2 2 6 116 2129 2131 2130
2290 2 2 6 116 1313 2541 2529
2291 2 2 6 116 2195 2556 2527
2292 2 2 6 116 1963 2644 2046
2293 2 2 6 116 1924 2681 2563
2294 2 2 6 116 2038 2702 2074
2295 2 2 6 116 1822 2131 2129
2296 2 2 6 116 1757 2131 1741
2297 2 2 6 116 1957 2689 2045
2298 2 2 6 116 2038 2703 2702
2299 2 2 6 116 2007 2473 1940
2300 2 2 6 116 1380 2079 1382
2301 2 2 6 116 1431 2409 1436
2302 2 2 6 116 1303 2561 2137
2303 2 2 6 116 1996 2655 1845
2304 2 2 6 116 2420 2709 2434
2305 2 2 6 116 1844 2664 2509
2306 2 2 6 116 1621 2448 1596
2307 2 2 6 116 1783 2443 1354
2308 2 2 6 116 1855 2411 1948
2309 2 2 6 116 1279 1360 1359
2310 2 2 6 116 1282 2053 1772
2311 2 2 6 116 1867 2557 2256
2312 2 2 6 116 1302 2063 2037
2313 2 2 6 116 1310 2617 2035
2314 2 2 6 116 2019 2701 1290
2315 2 2 6 116 1285 2516 1654
2316 2 2 6 116 1648 2518 1288
2317 2 2 6 116 2516 2517 1920
2318 2 2 6 116 1943 2646 2408
2319 2 2 6 116 1389 2078 1391
2320 2 2 6 116 2495 2636 1856
2321 2 2 6 116 1653 2057 1983
2322 2 2 6 116 2450 2459 1692
2323 2 2 6 116 1990 1992 1988
2324 2 2 6 116 2562 2617 1716
2325 2 2 6 116 1699 2664 1765
2326 2 2 6 116 1915 2629 2604
2327 2 2 6 116 1425 2070 1383
2328 2 2 6 116 1327 2523 1993
2329 2 2 6 116 2031 2671 1917
2330 2 2 6 116 12 2632 553
2331 2 2 6 116 518 2631 1
2332 2 2 6 116 1363 1939 1365
2333 2 2 6 116 1351 1938 1353
2334 2 2 6 116 1353 1758 1355
2335 2 2 6 116 1319 2521 2071
2336 2 2 6 116 1471 1498 1472
2337 2 2 6 116 2473 2474 1940
2338 2 2 6 116 2056 2683 1726
2339 2 2 6 116 2538 2704 1328
2340 2 2 6 116 2507 2636 2635
2341 2 2 6 116 2067 2078 1389
2342 2 2 6 116 1369 1600 1371
2343 2 2 6 116 1364 2553 1367
2344 2 2 6 116 2308 2397 1306
2345 2 2 6 116 1326 2027 2026
2346 2 2 6 116 2036 2505 558
2347 2 2 6 116 2017 2084 2013
2348 2 2 6 116 2078 2409 1431
2349 2 2 6 116 2649 2673 2486
2350 2 2 6 116 519 1917 518
2351 2 2 6 116 553 1918 552
2352 2 2 6 116 525 1310 524
2353 2 2 6 116 547 1311 546
2354 2 2 6 116 523 1319 522
2355 2 2 6 116 549 1318 548
2356 2 2 6 116 551 1327 550
2357 2 2 6 116 521 1326 520
2358 2 2 6 116 1964 2040 1965
2359 2 2 6 116 1391 2078 1431
2360 2 2 6 116 2068 2429 2409
2361 2 2 6 116 1646 2045 1750
2362 2 2 6 116 2318 2608 2403
2363 2 2 6 116 2151 2153 2152
2364 2 2 6 116 2042 2043 2039
2365 2 2 6 116 2018 2675 1642
2366 2 2 6 116 2527 2556 1714
2367 2 2 6 116 2480 2643 2012
2368 2 2 6 116 2010 2011 2000
2369 2 2 6 116 2410 2660 1914
2370 2 2 6 116 2455 2655 1996
2371 2 2 6 116 1725 2642 1657
2372 2 2 6 116 1386 2067 1389
2373 2 2 6 116 1952 2420 1943
2374 2 2 6 116 2133 2134 2132
2375 2 2 6 116 1869 1870 1853
2376 2 2 6 116 1979 2453 2040
2377 2 2 6 116 2058 2059 1916
2378 2 2 6 116 1757 2140 2133
2379 2 2 6 116 1696 2057 1653
2380 2 2 6 116 1622 1623 1621
2381 2 2 6 116 1712 2085 1816
2382 2 2 6 116 1760 2447 2073
2383 2 2 6 116 2032 2554 1327
2384 2 2 6 116 1436 2409 1471
2385 2 2 6 116 2256 2622 1867
2386 2 2 6 116 2450 2610 2252
2387 2 2 6 116 1777 2648 2525
2388 2 2 6 116 1498 2429 1656
2389 2 2 6 116 2083 2394 2009
2390 2 2 6 116 2411 2633 1948
2391 2 2 6 116 1947 2652 2021
2392 2 2 6 116 2501 2694 1270
2393 2 2 6 116 2052 2430 1938
2394 2 2 6 116 1601 2140 1638
2395 2 2 6 116 1751 2058 1916
2396 2 2 6 116 1334 2064 2063
2397 2 2 6 116 1336 2075 2074
2398 2 2 6 116 1384 2067 1386
2399 2 2 6 116 2085 2394 2083
2400 2 2 6 116 1713 2085 1712
2401 2 2 6 116 1937 2380 1848
2402 2 2 6 116 2423 2502 1268
2403 2 2 6 116 1816 2085 2017
2404 2 2 6 116 520 2026 519
2405 2 2 6 116 524 2035 523
2406 2 2 6 116 2481 2560 2412
2407 2 2 6 116 2025 2424 2016
2408 2 2 6 116 2060 2589 1366
2409 2 2 6 116 1282 2590 2060
2410 2 2 6 116 1905 2695 2075
2411 2 2 6 116 2130 2520 1330
2412 2 2 6 116 1425 2094 2077
2413 2 2 6 116 1638 2140 1757
2414 2 2 6 116 1617 2140 1601
2415 2 2 6 116 2072 2073 1335
2416 2 2 6 116 2131 2132 2130
2417 2 2 6 116 2069 2083 2009
2418 2 2 6 116 1656 2429 1724
2419 2 2 6 116 2077 2364 1425
2420 2 2 6 116 2398 2432 526
2421 2 2 6 116 2448 2706 2122
2422 2 2 6 116 1334 2065 2064
2423 2 2 6 116 1753 2448 1621
2424 2 2 6 116 1385 2094 1425
2425 2 2 6 116 1299 2696 2178
2426 2 2 6 116 2364 2368 1970
2427 2 2 6 116 2497 2642 1725
2428 2 2 6 116 2133 2135 2134
2429 2 2 6 116 1415 2187 2124
2430 2 2 6 116 2216 2373 1794
2431 2 2 6 116 1415 2124 2123
2432 2 2 6 116 1401 2366 1399
2433 2 2 6 116 1969 2364 1970
2434 2 2 6 116 1561 2363 1577
2435 2 2 6 116 2124 2187 1794
2436 2 2 6 116 1397 2114 1435
2437 2 2 6 116 1633 2371 2362
2438 2 2 6 116 2077 2368 2364
2439 2 2 6 116 1533 2376 2370
2440 2 2 6 116 1787 2094 1662
2441 2 2 6 116 1399 2366 2114
2442 2 2 6 116 1833 2113 1836
2443 2 2 6 116 1794 2373 2124
2444 2 2 6 116 1399 2114 1397
2445 2 2 6 116 1577 2363 2109
2446 2 2 6 116 2082 2087 1435
2447 2 2 6 116 2135 2136 2134
2448 2 2 6 116 2077 2094 1787
2449 2 2 6 116 1415 2366 1401
2450 2 2 6 116 2082 2104 2087
2451 2 2 6 116 1435 2114 2113
2452 2 2 6 116 1836 2113 1886
2453 2 2 6 116 2082 2113 1833
2454 2 2 6 116 2123 2366 1415
2455 2 2 6 116 1435 2113 2082
2456 2 2 6 116 1662 2094 1387
2457 2 2 6 116 1568 2362 2080
2458 2 2 6 116 1568 2363 1561
2459 2 2 6 116 1665 2373 2216
2460 2 2 6 116 2080 2363 1568
2461 2 2 6 116 2362 2371 2080
2462 2 2 6 116 2017 2085 2083
2463 2 2 6 116 2372 2374 1578
2464 2 2 6 116 2087 2104 2086
2465 2 2 6 116 1393 2086 1390
2466 2 2 6 116 1912 2374 2372
2467 2 2 6 116 2135 2137 2136
2468 2 2 6 116 1393 2087 2086
2469 2 2 6 116 1390 2086 1388
2470 2 2 6 116 1665 2370 2081
2471 2 2 6 116 1676 2104 1831
2472 2 2 6 116 1970 2368 2185
2473 2 2 6 116 2135 2138 2137
2474 2 2 6 116 1831 2104 2082
2475 2 2 6 116 1661 2104 1676
2476 2 2 6 116 1577 2367 2197
2477 2 2 6 116 1686 2106 1762
2478 2 2 6 116 2088 2090 1688
2479 2 2 6 116 1829 2354 1609
2480 2 2 6 116 1413 2121 1416
2481 2 2 6 116 2093 2354 1829
2482 2 2 6 116 2157 2355 2165
2483 2 2 6 116 1435 2087 1395
2484 2 2 6 116 1395 2087 1393
2485 2 2 6 116 1420 2101 2099
2486 2 2 6 116 2095 2356 2096
2487 2 2 6 116 2106 2107 1762
2488 2 2 6 116 1735 2355 2157
2489 2 2 6 116 2092 2107 2106
2490 2 2 6 116 2095 2098 1729
2491 2 2 6 116 2099 2188 1420
2492 2 2 6 116 1729 2356 2095
2493 2 2 6 116 1729 2098 1788
2494 2 2 6 116 1688 2106 1686
2495 2 2 6 116 2090 2106 1688
2496 2 2 6 116 2138 2139 2137
2497 2 2 6 116 1420 2121 2101
2498 2 2 6 116 1688 2354 2088
2499 2 2 6 116 1416 2121 1420
2500 2 2 6 116 1582 2121 1413
2501 2 2 6 116 1609 2354 1688
2502 2 2 6 116 1408 2359 1410
2503 2 2 6 116 1402 2125 1404
2504 2 2 6 116 2098 2188 2099
2505 2 2 6 116 2165 2355 1829
2506 2 2 6 116 1829 2355 2093
2507 2 2 6 116 2098 2099 1788
2508 2 2 6 116 2102 2103 1504
2509 2 2 6 116 2096 2356 2157
2510 2 2 6 116 2157 2356 1735
2511 2 2 6 116 1398 2120 1400
2512 2 2 6 116 2105 2360 1582
2513 2 2 6 116 1404 2125 1408
2514 2 2 6 116 1504 2125 1402
2515 2 2 6 116 1405 2352 2108
2516 2 2 6 116 1504 2120 2102
2517 2 2 6 116 2125 2359 1408
2518 2 2 6 116 2357 2358 2213
2519 2 2 6 116 2103 2125 1504
2520 2 2 6 116 1582 2360 2121
2521 2 2 6 116 1394 2115 1396
2522 2 2 6 116 1400 2120 1504
2523 2 2 6 116 1405 2120 1398
2524 2 2 6 116 2107 2353 1762
2525 2 2 6 116 2108 2120 1405
2526 2 2 6 116 2115 2352 1405
2527 2 2 6 116 2099 2100 1788
2528 2 2 6 116 2370 2376 2081
2529 2 2 6 116 1410 2359 1582
2530 2 2 6 116 1396 2115 1405
2531 2 2 6 116 2110 2115 1394
2532 2 2 6 116 1664 2110 1422
2533 2 2 6 116 1664 2111 2110
2534 2 2 6 116 2102 2120 2108
2535 2 2 6 116 2099 2101 2100
2536 2 2 6 116 1786 2109 1887
2537 2 2 6 116 1422 2110 1392
2538 2 2 6 116 1440 2118 2117
2539 2 2 6 116 2232 2361 2360
2540 2 2 6 116 1437 2116 1432
2541 2 2 6 116 2348 2351 2119
2542 2 2 6 116 1440 2117 2116
2543 2 2 6 116 1664 2112 2111
2544 2 2 6 116 2111 2115 2110
2545 2 2 6 116 1444 2118 1441
2546 2 2 6 116 1441 2118 1440
2547 2 2 6 116 1440 2116 1437
2548 2 2 6 116 2113 2114 1886
2549 2 2 6 116 1432 2116 1664
2550 2 2 6 116 2348 2350 1501
2551 2 2 6 116 2119 2351 2117
2552 2 2 6 116 2118 2119 2117
2553 2 2 6 116 1664 2116 2112
2554 2 2 6 116 1444 2347 2118
2555 2 2 6 116 2116 2117 2112
2556 2 2 6 116 1439 2122 1442
2557 2 2 6 116 1442 2122 1955
2558 2 2 6 116 1438 2122 1439
2559 2 2 6 116 2100 2358 2357
2560 2 2 6 116 2123 2124 1885
2561 2 2 6 116 1838 2123 1885
2562 2 2 6 116 1822 2129 2126
2563 2 2 6 116 2126 2141 1822
2564 2 2 6 116 2194 2196 2144
2565 2 2 6 116 1895 2141 2126
2566 2 2 6 116 1667 2317 1675
2567 2 2 6 116 1675 2317 2142
2568 2 2 6 116 1445 2143 1449
2569 2 2 6 116 2144 2196 2143
2570 2 2 6 116 1897 2292 2162
2571 2 2 6 116 1587 2346 1588
2572 2 2 6 116 2265 2304 2141
2573 2 2 6 116 2162 2292 1894
2574 2 2 6 116 1895 2265 2141
2575 2 2 6 116 1588 2304 2265
2576 2 2 6 116 2143 2196 1449
2577 2 2 6 116 1499 2165 1500
2578 2 2 6 116 1443 2143 1445
2579 2 2 6 116 1948 2148 1798
2580 2 2 6 116 2148 2150 2149
2581 2 2 6 116 1403 2187 1415
2582 2 2 6 116 2158 2229 1418
2583 2 2 6 116 2159 2229 2158
2584 2 2 6 116 2162 2317 1667
2585 2 2 6 116 1545 2276 1556
2586 2 2 6 116 2336 2340 1799
2587 2 2 6 116 1897 2162 2161
2588 2 2 6 116 2156 2165 1499
2589 2 2 6 116 1499 2225 2156
2590 2 2 6 116 2142 2333 1675
2591 2 2 6 116 1865 2155 1768
2592 2 2 6 116 1581 2229 2159
2593 2 2 6 116 1560 2270 1539
2594 2 2 6 116 2145 2146 1717
2595 2 2 6 116 2161 2186 1897
2596 2 2 6 116 1478 2225 1499
2597 2 2 6 116 1948 2150 2148
2598 2 2 6 116 2159 2230 1581
2599 2 2 6 116 1500 2165 1829
2600 2 2 6 116 1900 2277 2244
2601 2 2 6 116 1682 2145 1717
2602 2 2 6 116 1775 2164 2019
2603 2 2 6 116 1894 2317 2162
2604 2 2 6 116 1908 2337 2322
2605 2 2 6 116 1556 2276 2167
2606 2 2 6 116 1694 2204 1693
2607 2 2 6 116 1805 2272 2230
2608 2 2 6 116 1541 2332 1543
2609 2 2 6 116 1793 2292 1897
2610 2 2 6 116 1805 2230 2199
2611 2 2 6 116 1768 2155 1769
2612 2 2 6 116 1798 2148 1796
2613 2 2 6 116 2184 2281 2185
2614 2 2 6 116 1588 2346 2304
2615 2 2 6 116 2322 2337 1598
2616 2 2 6 116 2279 2307 1749
2617 2 2 6 116 1793 2309 2292
2618 2 2 6 116 1904 2316 2273
2619 2 2 6 116 2175 2327 2325
2620 2 2 6 116 2166 2182 1486
2621 2 2 6 116 1705 2164 1707
2622 2 2 6 116 2158 2309 1793
2623 2 2 6 116 1898 2282 2218
2624 2 2 6 116 1672 2270 1560
2625 2 2 6 116 1707 2164 1775
2626 2 2 6 116 2146 2293 1717
2627 2 2 6 116 2207 2265 1791
2628 2 2 6 116 1803 2299 2275
2629 2 2 6 116 2199 2237 1805
2630 2 2 6 116 1475 2211 1468
2631 2 2 6 116 1523 1524 1522
2632 2 2 6 116 1738 2186 1666
2633 2 2 6 116 1796 2148 1800
2634 2 2 6 116 1459 1477 1458
2635 2 2 6 116 1564 2207 1632
2636 2 2 6 116 1598 2243 1597
2637 2 2 6 116 2199 2258 2237
2638 2 2 6 116 1449 2196 1453
2639 2 2 6 116 1559 1564 1558
2640 2 2 6 116 1686 1687 1608
2641 2 2 6 116 1615 2277 1900
2642 2 2 6 116 1693 2204 1781
2643 2 2 6 116 1980 1981 1776
2644 2 2 6 116 2141 2304 1821
2645 2 2 6 116 2185 2281 1970
2646 2 2 6 116 2146 2318 2293
2647 2 2 6 116 2206 2296 2273
2648 2 2 6 116 1526 1529 1525
2649 2 2 6 116 1529 1898 1590
2650 2 2 6 116 1539 2270 1541
2651 2 2 6 116 1631 1677 1605
2652 2 2 6 116 1615 1702 1616
2653 2 2 6 116 1770 1865 1768
2654 2 2 6 116 1470 2194 2193
2655 2 2 6 116 1802 2311 2300
2656 2 2 6 116 1433 2235 2224
2657 2 2 6 116 1453 2196 1470
2658 2 2 6 116 1523 2205 1671
2659 2 2 6 116 1549 2241 1552
2660 2 2 6 116 2093 2264 1730
2661 2 2 6 116 1426 2235 1427
2662 2 2 6 116 2241 2245 1552
2663 2 2 6 116 1554 2227 1580
2664 2 2 6 116 1556 2167 1562
2665 2 2 6 116 1737 1738 1666
2666 2 2 6 116 1803 2275 1687
2667 2 2 6 116 2163 2244 1782
2668 2 2 6 116 1513 2180 1515
2669 2 2 6 116 1763 1960 1804
2670 2 2 6 116 1781 2204 2202
2671 2 2 6 116 1847 2283 2024
2672 2 2 6 116 2263 2287 2211
2673 2 2 6 116 1486 1490 1485
2674 2 2 6 116 1496 1617 1601
2675 2 2 6 116 1792 2159 2158
2676 2 2 6 116 2219 2282 1898
2677 2 2 6 116 589 2251 588
2678 2 2 6 116 1607 2281 2184
2679 2 2 6 116 2119 2350 2348
2680 2 2 6 116 2175 2325 2172
2681 2 2 6 116 2237 2258 2181
2682 2 2 6 116 1470 2193 2192
2683 2 2 6 116 1481 2192 1584
2684 2 2 6 116 1514 2238 1512
2685 2 2 6 116 2180 2231 1535
2686 2 2 6 116 2219 2223 1586
2687 2 2 6 116 1707 1775 1709
2688 2 2 6 116 1793 1897 1738
2689 2 2 6 116 1807 2008 1820
2690 2 2 6 116 1490 2222 1485
2691 2 2 6 116 1486 2182 1491
2692 2 2 6 116 1562 2167 1570
2693 2 2 6 116 1583 2245 2161
2694 2 2 6 116 1616 2219 1586
2695 2 2 6 116 1597 2243 1658
2696 2 2 6 116 2182 2322 1598
2697 2 2 6 116 1632 2207 1791
2698 2 2 6 116 1658 1770 1768
2699 2 2 6 116 1674 2154 1672
2700 2 2 6 116 1846 2208 1720
2701 2 2 6 116 1834 2307 2279
2702 2 2 6 116 1900 2163 1901
2703 2 2 6 116 1897 2186 1738
2704 2 2 6 116 1763 1804 1803
2705 2 2 6 116 1781 2202 2201
2706 2 2 6 116 1791 2265 1895
2707 2 2 6 116 1804 1828 1827
2708 2 2 6 116 1960 2220 1804
2709 2 2 6 116 1828 1909 1908
2710 2 2 6 116 1303 2251 589
2711 2 2 6 116 1458 1460 1452
2712 2 2 6 116 1473 2248 1488
2713 2 2 6 116 1510 1513 1512
2714 2 2 6 116 1516 2239 1519
2715 2 2 6 116 1535 1536 1517
2716 2 2 6 116 2230 2272 1581
2717 2 2 6 116 2273 2316 1731
2718 2 2 6 116 1900 2244 2163
2719 2 2 6 116 1278 2254 602
2720 2 2 6 116 1510 2181 1513
2721 2 2 6 116 1530 2223 1529
2722 2 2 6 116 1580 1795 1630
2723 2 2 6 116 1982 2191 1776
2724 2 2 6 116 2227 2280 1795
2725 2 2 6 116 1799 2340 1855
2726 2 2 6 116 2224 2235 2097
2727 2 2 6 116 1513 2181 2180
2728 2 2 6 116 1563 2276 1545
2729 2 2 6 116 2062 2208 1846
2730 2 2 6 116 1769 1943 1857
2731 2 2 6 116 1427 1429 1428
2732 2 2 6 116 1468 2211 1466
2733 2 2 6 116 1467 2248 1473
2734 2 2 6 116 1476 1483 1475
2735 2 2 6 116 1478 1499 1493
2736 2 2 6 116 1730 2264 1484
2737 2 2 6 116 1491 2182 1598
2738 2 2 6 116 1584 1594 1495
2739 2 2 6 116 1513 1515 1514
2740 2 2 6 116 1525 2160 1518
2741 2 2 6 116 1566 1586 1553
2742 2 2 6 116 1584 2192 1859
2743 2 2 6 116 1585 2190 1614
2744 2 2 6 116 1615 1616 1586
2745 2 2 6 116 1898 2218 1590
2746 2 2 6 116 2325 2327 1599
2747 2 2 6 116 1603 1690 1689
2748 2 2 6 116 1658 1701 1618
2749 2 2 6 116 1740 2221 1637
2750 2 2 6 116 1671 1811 1802
2751 2 2 6 116 1780 1782 1677
2752 2 2 6 116 1768 1769 1701
2753 2 2 6 116 1821 1911 1740
2754 2 2 6 116 1790 2232 2105
2755 2 2 6 116 2261 2297 1809
2756 2 2 6 116 1842 1972 1962
2757 2 2 6 116 2273 2296 1904
2758 2 2 6 116 2092 2106 2090
2759 2 2 6 116 2156 2225 2097
2760 2 2 6 116 1404 1407 1406
2761 2 2 6 116 1889 1890 1426
2762 2 2 6 116 1450 2209 1447
2763 2 2 6 116 1460 2166 1469
2764 2 2 6 116 1473 1474 1468
2765 2 2 6 116 1579 1730 1484
2766 2 2 6 116 1532 1553 1530
2767 2 2 6 116 1561 1577 1555
2768 2 2 6 116 1603 2214 1690
2769 2 2 6 116 1731 1891 1730
2770 2 2 6 116 2145 2147 2146
2771 2 2 6 116 1430 1906 1893
2772 2 2 6 116 1451 1459 1458
2773 2 2 6 116 1459 1478 1477
2774 2 2 6 116 1487 2296 2206
2775 2 2 6 116 1537 2227 1532
2776 2 2 6 116 1535 2231 1546
2777 2 2 6 116 1549 1552 1551
2778 2 2 6 116 1570 2167 1668
2779 2 2 6 116 1731 1892 1891
2780 2 2 6 116 1754 1843 1755
2781 2 2 6 116 1816 1817 1815
2782 2 2 6 116 1410 1412 1409
2783 2 2 6 116 1423 2188 1889
2784 2 2 6 116 1462 2192 1481
2785 2 2 6 116 1466 2211 2210
2786 2 2 6 116 1507 1794 1505
2787 2 2 6 116 1527 1528 1524
2788 2 2 6 116 1529 1590 1525
2789 2 2 6 116 1744 1745 1537
2790 2 2 6 116 2270 2332 1541
2791 2 2 6 116 1559 1565 1564
2792 2 2 6 116 1587 1588 1565
2793 2 2 6 116 1584 1859 1610
2794 2 2 6 116 1613 1673 1672
2795 2 2 6 116 1824 2271 1641
2796 2 2 6 116 1668 2167 1899
2797 2 2 6 116 1739 2258 2199
2798 2 2 6 116 1790 2105 2103
2799 2 2 6 116 1797 1798 1796
2800 2 2 6 116 1898 2223 2219
2801 2 2 6 116 1959 2335 1909
2802 2 2 6 116 1449 1450 1447
2803 2 2 6 116 1502 1635 1501
2804 2 2 6 116 1545 1556 1555
2805 2 2 6 116 1636 1732 1635
2806 2 2 6 116 2194 2195 2193
2807 2 2 6 116 2295 2319 2303
2808 2 2 6 116 1411 1505 1406
2809 2 2 6 116 1408 1410 1409
2810 2 2 6 116 1413 1414 1412
2811 2 2 6 116 1428 2234 1424
2812 2 2 6 116 1433 1451 1434
2813 2 2 6 116 1451 1458 1452
2814 2 2 6 116 1458 2236 1460
2815 2 2 6 116 1496 1497 1479
2816 2 2 6 116 1523 1527 1524
2817 2 2 6 116 1671 1801 1527
2818 2 2 6 116 1554 1566 1553
2819 2 2 6 116 1597 1658 1618
2820 2 2 6 116 1800 2242 1630
2821 2 2 6 116 1671 2205 1811
2822 2 2 6 116 2154 2270 1672
2823 2 2 6 116 1686 1762 1687
2824 2 2 6 116 1708 1814 1706
2825 2 2 6 116 1755 1905 1904
2826 2 2 6 116 1795 1797 1796
2827 2 2 6 116 2300 2311 1814
2828 2 2 6 116 2192 2193 1859
2829 2 2 6 116 2189 2266 2259
2830 2 2 6 116 1505 2187 1406
2831 2 2 6 116 1417 2233 1418
2832 2 2 6 116 1423 1424 1421
2833 2 2 6 116 1515 2180 1535
2834 2 2 6 116 1546 2231 1639
2835 2 2 6 116 1606 1607 1576
2836 2 2 6 116 1584 1610 1594
2837 2 2 6 116 1667 1675 1587
2838 2 2 6 116 1636 2212 1734
2839 2 2 6 116 1733 1789 1732
2840 2 2 6 116 1747 2260 2215
2841 2 2 6 116 1894 2292 1902
2842 2 2 6 116 2161 2245 2186
2843 2 2 6 116 2174 2175 2172
2844 2 2 6 116 1557 2288 1812
2845 2 2 6 116 2184 2185 1633
2846 2 2 6 116 1806 2154 1674
2847 2 2 6 116 1678 2279 1749
2848 2 2 6 116 1680 1721 1720
2849 2 2 6 116 1790 2102 1789
2850 2 2 6 116 1892 2088 1891
2851 2 2 6 116 585 1773 584
2852 2 2 6 116 587 1322 586
2853 2 2 6 116 590 1303 589
2854 2 2 6 116 593 1289 592
2855 2 2 6 116 595 1330 594
2856 2 2 6 116 598 1273 597
2857 2 2 6 116 600 1331 599
2858 2 2 6 116 602 2254 601
2859 2 2 6 116 603 1278 602
2860 2 2 6 116 605 1332 604
2861 2 2 6 116 607 1300 606
2862 2 2 6 116 610 1323 609
2863 2 2 6 116 612 1774 611
2864 2 2 6 116 1411 1805 1506
2865 2 2 6 116 1416 1417 1414
2866 2 2 6 116 1890 2235 1426
2867 2 2 6 116 1433 1434 1429
2868 2 2 6 116 1457 1670 1450
2869 2 2 6 116 1670 2209 1450
2870 2 2 6 116 1455 1463 1454
2871 2 2 6 116 1482 1501 1463
2872 2 2 6 116 1465 1467 1466
2873 2 2 6 116 1467 1473 1468
2874 2 2 6 116 1470 2196 2194
2875 2 2 6 116 1476 1579 1484
2876 2 2 6 116 1508 2181 1510
2877 2 2 6 116 1553 2223 1530
2878 2 2 6 116 1539 1541 1540
2879 2 2 6 116 1552 1558 1551
2880 2 2 6 116 1565 2207 1564
2881 2 2 6 116 1583 1667 1587
2882 2 2 6 116 1631 1694 1693
2883 2 2 6 116 1634 1729 1663
2884 2 2 6 116 1639 1737 1666
2885 2 2 6 116 1668 1899 1713
2886 2 2 6 116 1894 1902 1669
2887 2 2 6 116 1689 1754 1691
2888 2 2 6 116 1703 1705 1704
2889 2 2 6 116 1705 1707 1706
2890 2 2 6 116 1777 2164 1705
2891 2 2 6 116 1872 1971 1782
2892 2 2 6 116 1842 1962 1840
2893 2 2 6 116 1967 2038 1843
2894 2 2 6 116 1892 2089 2088
2895 2 2 6 116 2169 2178 2171
2896 2 2 6 116 2199 2230 2198
2897 2 2 6 116 1479 2278 1461
2898 2 2 6 116 1487 2206 1474
2899 2 2 6 116 1495 1599 1494
2900 2 2 6 116 1496 2222 1617
2901 2 2 6 116 1515 1535 1517
2902 2 2 6 116 1541 1543 1542
2903 2 2 6 116 1555 2197 1544
2904 2 2 6 116 1550 2228 1547
2905 2 2 6 116 1559 2245 1583
2906 2 2 6 116 1610 1685 1682
2907 2 2 6 116 1638 1740 1637
2908 2 2 6 116 1639 2231 1739
2909 2 2 6 116 1813 1824 1641
2910 2 2 6 116 1712 1816 1815
2911 2 2 6 116 1761 1860 1759
2912 2 2 6 116 1792 2198 2159
2913 2 2 6 116 1827 2299 1803
2914 2 2 6 116 1822 2141 1821
2915 2 2 6 116 1840 1841 1823
2916 2 2 6 116 2097 2225 2224
2917 2 2 6 116 1423 1889 1426
2918 2 2 6 116 1427 1428 1424
2919 2 2 6 116 1427 2235 1433
2920 2 2 6 116 1452 2266 1434
2921 2 2 6 116 1469 2166 1486
2922 2 2 6 116 1478 1493 1492
2923 2 2 6 116 1491 1598 1597
2924 2 2 6 116 1499 1500 1493
2925 2 2 6 116 1500 1609 1608
2926 2 2 6 116 1520 2216 1509
2927 2 2 6 116 1510 1512 1511
2928 2 2 6 116 1517 2239 1516
2929 2 2 6 116 2160 2238 1518
2930 2 2 6 116 1519 1526 1525
2931 2 2 6 116 1521 2205 1523
2932 2 2 6 116 1523 1671 1527
2933 2 2 6 116 1539 1540 1534
2934 2 2 6 116 1538 1585 1560
2935 2 2 6 116 1541 1542 1540
2936 2 2 6 116 1543 1544 1542
2937 2 2 6 116 1545 1555 1544
2938 2 2 6 116 1544 2197 1578
2939 2 2 6 116 1586 2223 1553
2940 2 2 6 116 1562 1568 1561
2941 2 2 6 116 1580 1595 1567
2942 2 2 6 116 1571 1572 1569
2943 2 2 6 116 1570 1668 1612
2944 2 2 6 116 1580 2227 1795
2945 2 2 6 116 1585 1614 1613
2946 2 2 6 116 2218 2312 1590
2947 2 2 6 116 1618 1692 1593
2948 2 2 6 116 1595 1631 1605
2949 2 2 6 116 1630 2242 1595
2950 2 2 6 116 1601 1638 1637
2951 2 2 6 116 1606 1678 1607
2952 2 2 6 116 1687 2275 1608
2953 2 2 6 116 1609 1688 1686
2954 2 2 6 116 1815 2289 1612
2955 2 2 6 116 1615 1900 1702
2956 2 2 6 116 1703 1704 1616
2957 2 2 6 116 1631 1693 1677
2958 2 2 6 116 1668 1713 1712
2959 2 2 6 116 1671 1802 1801
2960 2 2 6 116 1760 1806 1674
2961 2 2 6 116 1782 2244 1677
2962 2 2 6 116 1680 1808 1721
2963 2 2 6 116 1763 1803 1687
2964 2 2 6 116 1693 1781 1780
2965 2 2 6 116 1707 1708 1706
2966 2 2 6 116 1776 2191 1709
2967 2 2 6 116 1721 2283 1847
2968 2 2 6 116 1733 1790 1789
2969 2 2 6 116 1769 2155 1952
2970 2 2 6 116 1770 1954 1865
2971 2 2 6 116 1981 1982 1776
2972 2 2 6 116 1781 2201 2200
2973 2 2 6 116 2190 2217 1801
2974 2 2 6 116 1802 2300 2298
2975 2 2 6 116 1817 2315 1815
2976 2 2 6 116 1816 2017 2013
2977 2 2 6 116 1826 1867 1825
2978 2 2 6 116 1825 2340 2336
2979 2 2 6 116 1828 1908 1827
2980 2 2 6 116 1828 2220 1959
2981 2 2 6 116 1873 2062 1846
2982 2 2 6 116 2097 2235 1890
2983 2 2 6 116 2186 2245 2241
2984 2 2 6 116 2251 2252 2250
2985 2 2 6 116 1406 2187 1403
2986 2 2 6 116 1445 1446 1444
2987 2 2 6 116 1500 1829 1609
2988 2 2 6 116 2238 2267 1512
2989 2 2 6 116 1640 2228 1550
2990 2 2 6 116 1585 1613 1560
2991 2 2 6 116 1564 1632 1604
2992 2 2 6 116 1680 2262 1808
2993 2 2 6 116 1762 1763 1687
2994 2 2 6 116 1707 1709 1708
2995 2 2 6 116 1775 1776 1709
2996 2 2 6 116 1709 2191 1818
2997 2 2 6 116 1720 2208 1834
2998 2 2 6 116 1741 1821 1740
2999 2 2 6 116 1742 2284 2236
3000 2 2 6 116 1743 2287 2263
3001 2 2 6 116 1434 2266 2189
3002 2 2 6 116 1445 1447 1446
3003 2 2 6 116 1447 2209 1448
3004 2 2 6 116 1462 1480 1457
3005 2 2 6 116 1482 2210 1903
3006 2 2 6 116 1485 2222 1496
3007 2 2 6 116 1511 1520 1509
3008 2 2 6 116 1528 1534 1533
3009 2 2 6 116 1532 2227 1554
3010 2 2 6 116 1537 2280 2227
3011 2 2 6 116 1556 1562 1561
3012 2 2 6 116 1634 1663 1589
3013 2 2 6 116 1636 1733 1732
3014 2 2 6 116 2161 2162 1667
3015 2 2 6 116 1718 1840 1823
3016 2 2 6 116 1807 1820 1819
3017 2 2 6 116 1889 2098 2095
3018 2 2 6 116 2096 2097 1890
3019 2 2 6 116 2169 2171 2170
3020 2 2 6 116 2181 2258 2180
3021 2 2 6 116 585 2226 1773
3022 2 2 6 116 587 2250 1322
3023 2 2 6 116 588 2251 2250
3024 2 2 6 116 598 2249 1273
3025 2 2 6 116 600 2253 1331
3026 2 2 6 116 601 2254 2253
3027 2 2 6 116 603 2255 1278
3028 2 2 6 116 610 2257 1323
3029 2 2 6 116 1469 1486 1485
3030 2 2 6 116 1478 1492 1477
3031 2 2 6 116 1486 1491 1490
3032 2 2 6 116 1491 1597 1593
3033 2 2 6 116 1601 1637 1497
3034 2 2 6 116 1516 1518 1514
3035 2 2 6 116 1810 2239 1517
3036 2 2 6 116 1519 1525 1518
3037 2 2 6 116 1538 2217 1585
3038 2 2 6 116 1639 1666 1548
3039 2 2 6 116 1595 1605 1567
3040 2 2 6 116 1588 2265 2207
3041 2 2 6 116 1637 2221 1746
3042 2 2 6 116 1641 2271 1640
3043 2 2 6 116 1673 1674 1672
3044 2 2 6 116 1693 1780 1677
3045 2 2 6 116 1754 1755 1691
3046 2 2 6 116 1900 1901 1702
3047 2 2 6 116 1792 1793 1738
3048 2 2 6 116 2259 2278 1746
3049 2 2 6 116 1797 1799 1798
3050 2 2 6 116 1804 2220 1828
3051 2 2 6 116 1954 1998 1865
3052 2 2 6 116 2167 2276 1899
3053 2 2 6 116 2014 2016 2015
3054 2 2 6 116 2157 2165 2156
3055 2 2 6 116 1417 1418 1414
3056 2 2 6 116 1416 1420 1419
3057 2 2 6 116 1419 2188 1423
3058 2 2 6 116 1424 2234 1421
3059 2 2 6 116 1430 1893 1669
3060 2 2 6 116 1809 2248 1467
3061 2 2 6 116 1473 1487 1474
3062 2 2 6 116 1481 1584 1495
3063 2 2 6 116 1488 1602 1487
3064 2 2 6 116 1794 2187 1505
3065 2 2 6 116 1506 1508 1507
3066 2 2 6 116 1557 1641 1640
3067 2 2 6 116 1563 2334 2276
3068 2 2 6 116 1573 1611 1575
3069 2 2 6 116 1579 1731 1730
3070 2 2 6 116 1603 1689 1602
3071 2 2 6 116 2315 2320 1611
3072 2 2 6 116 1911 2221 1740
3073 2 2 6 116 1790 2103 2102
3074 2 2 6 116 1866 1961 1910
3075 2 2 6 116 1906 2142 1893
3076 2 2 6 116 1418 2309 2158
3077 2 2 6 116 1448 1455 1454
3078 2 2 6 116 1453 1457 1450
3079 2 2 6 116 1453 1470 1462
3080 2 2 6 116 1465 1466 1464
3081 2 2 6 116 1467 1468 1466
3082 2 2 6 116 1474 1476 1475
3083 2 2 6 116 1476 1484 1483
3084 2 2 6 116 1488 1747 1603
3085 2 2 6 116 1535 1546 1536
3086 2 2 6 116 1546 1548 1547
3087 2 2 6 116 1564 1604 1558
3088 2 2 6 116 1559 1583 1565
3089 2 2 6 116 1562 1570 1569
3090 2 2 6 116 1570 1612 1571
3091 2 2 6 116 1574 1633 1572
3092 2 2 6 116 1689 1691 1602
3093 2 2 6 116 1632 1791 1756
3094 2 2 6 116 1732 1736 1635
3095 2 2 6 116 2295 2303 1670
3096 2 2 6 116 1721 1847 1846
3097 2 2 6 116 1819 2268 1806
3098 2 2 6 116 1816 2013 1817
3099 2 2 6 116 2038 2074 1843
3100 2 2 6 116 1903 2213 2212
3101 2 2 6 116 2089 2090 2088
3102 2 2 6 116 1404 1408 1407
3103 2 2 6 116 1414 2229 1412
3104 2 2 6 116 1445 1449 1447
3105 2 2 6 116 1448 1454 1446
3106 2 2 6 116 1449 1453 1450
3107 2 2 6 116 1453 1462 1457
3108 2 2 6 116 1470 2192 1462
3109 2 2 6 116 1464 1482 1463
3110 2 2 6 116 1466 2210 1464
3111 2 2 6 116 1465 1809 1467
3112 2 2 6 116 1474 1475 1468
3113 2 2 6 116 1473 1488 1487
3114 2 2 6 116 1476 2206 1579
3115 2 2 6 116 1481 1495 1494
3116 2 2 6 116 1482 1502 1501
3117 2 2 6 116 1484 1503 1483
3118 2 2 6 116 1502 1636 1635
3119 2 2 6 116 1503 1634 1589
3120 2 2 6 116 1801 2217 1527
3121 2 2 6 116 1538 1539 1534
3122 2 2 6 116 1577 2197 1555
3123 2 2 6 116 1579 2273 1731
3124 2 2 6 116 1610 1682 1594
3125 2 2 6 116 1747 2214 1603
3126 2 2 6 116 1678 1684 1607
3127 2 2 6 116 2271 2286 1640
3128 2 2 6 116 1729 1788 1663
3129 2 2 6 116 1759 1760 1674
3130 2 2 6 116 1682 1717 1683
3131 2 2 6 116 1685 2145 1682
3132 2 2 6 116 1748 1766 1684
3133 2 2 6 116 1755 1904 1691
3134 2 2 6 116 1866 1910 1710
3135 2 2 6 116 1718 1842 1840
3136 2 2 6 116 1891 2093 1730
3137 2 2 6 116 1734 2232 1733
3138 2 2 6 116 1766 1968 1767
3139 2 2 6 116 2102 2108 1789
3140 2 2 6 116 1792 2158 1793
3141 2 2 6 116 1799 1855 1798
3142 2 2 6 116 1821 2304 1911
3143 2 2 6 116 2169 2170 1841
3144 2 2 6 116 1847 2023 1873
3145 2 2 6 116 1864 2144 2143
3146 2 2 6 116 2023 2041 1873
3147 2 2 6 116 1905 2316 1904
3148 2 2 6 116 1909 2335 2285
3149 2 2 6 116 1910 2331 2310
3150 2 2 6 116 1973 2020 1972
3151 2 2 6 116 2171 2172 2170
3152 2 2 6 116 2171 2173 2172
3153 2 2 6 116 2173 2174 2172
3154 2 2 6 116 2211 2287 2210
3155 2 2 6 116 1512 2267 1511
3156 2 2 6 116 1585 2217 2190
3157 2 2 6 116 1682 1683 1594
3158 2 2 6 116 1668 1712 1612
3159 2 2 6 116 1673 1759 1674
3160 2 2 6 116 1766 1767 1684
3161 2 2 6 116 1737 1792 1738
3162 2 2 6 116 1747 2215 2214
3163 2 2 6 116 1769 1952 1943
3164 2 2 6 116 1791 1895 1858
3165 2 2 6 116 1828 1959 1909
3166 2 2 6 116 2170 2324 1841
3167 2 2 6 116 1895 1896 1858
3168 2 2 6 116 1895 2126 1896
3169 2 2 6 116 2126 2127 1896
3170 2 2 6 116 2096 2156 2097
3171 2 2 6 116 1412 1581 1409
3172 2 2 6 116 1410 1582 1413
3173 2 2 6 116 1421 2233 1417
3174 2 2 6 116 1429 1430 1428
3175 2 2 6 116 1455 1465 1464
3176 2 2 6 116 1460 2236 2166
3177 2 2 6 116 1469 1479 1461
3178 2 2 6 116 1485 1496 1479
3179 2 2 6 116 1503 1589 1483
3180 2 2 6 116 1496 1601 1497
3181 2 2 6 116 1805 2237 1506
3182 2 2 6 116 1508 1510 1509
3183 2 2 6 116 1513 1514 1512
3184 2 2 6 116 1515 1516 1514
3185 2 2 6 116 1536 1810 1517
3186 2 2 6 116 2239 2240 1519
3187 2 2 6 116 1522 1665 1520
3188 2 2 6 116 1528 1533 1524
3189 2 2 6 116 1590 2160 1525
3190 2 2 6 116 1526 1530 1529
3191 2 2 6 116 1528 2217 1538
3192 2 2 6 116 1531 1532 1530
3193 2 2 6 116 1532 1554 1553
3194 2 2 6 116 1548 1549 1547
3195 2 2 6 116 1549 1550 1547
3196 2 2 6 116 1562 1569 1568
3197 2 2 6 116 1570 1571 1569
3198 2 2 6 116 1571 1573 1572
3199 2 2 6 116 1796 1800 1630
3200 2 2 6 116 1638 1741 1740
3201 2 2 6 116 1812 1813 1641
3202 2 2 6 116 1902 2234 1669
3203 2 2 6 116 1680 1720 1679
3204 2 2 6 116 1721 1846 1720
3205 2 2 6 116 1789 2246 1732
3206 2 2 6 116 1739 2198 1737
3207 2 2 6 116 1741 1822 1821
3208 2 2 6 116 1748 1784 1766
3209 2 2 6 116 1969 1970 1767
3210 2 2 6 116 2108 2246 1789
3211 2 2 6 116 1855 1948 1798
3212 2 2 6 116 2148 2149 1800
3213 2 2 6 116 1813 1825 1824
3214 2 2 6 116 2008 2009 1820
3215 2 2 6 116 2127 2128 1896
3216 2 2 6 116 2096 2157 2156
3217 2 2 6 116 2173 2179 2177
3218 2 2 6 116 1477 2236 1458
3219 2 2 6 116 1492 1742 1477
3220 2 2 6 116 1497 2278 1479
3221 2 2 6 116 1637 1746 1497
3222 2 2 6 116 1546 1547 1536
3223 2 2 6 116 1612 2289 1571
3224 2 2 6 116 1575 1592 1576
3225 2 2 6 116 1592 1679 1606
3226 2 2 6 116 1614 2269 1613
3227 2 2 6 116 1702 1703 1616
3228 2 2 6 116 1636 1734 1733
3229 2 2 6 116 1756 1866 1710
3230 2 2 6 116 1733 2232 1790
3231 2 2 6 116 1791 1858 1756
3232 2 2 6 116 1813 1826 1825
3233 2 2 6 116 1981 1995 1982
3234 2 2 6 116 2091 2092 2090
3235 2 2 6 116 1407 1411 1406
3236 2 2 6 116 1494 1591 1480
3237 2 2 6 116 1599 2327 1494
3238 2 2 6 116 1503 2264 1735
3239 2 2 6 116 1548 2241 1549
3240 2 2 6 116 1606 2279 1678
3241 2 2 6 116 1842 1973 1972
3242 2 2 6 116 2209 2297 2261
3243 2 2 6 116 1420 2188 1419
3244 2 2 6 116 1447 1448 1446
3245 2 2 6 116 1461 2266 1452
3246 2 2 6 116 1480 2295 1457
3247 2 2 6 116 1500 1608 1493
3248 2 2 6 116 1665 2216 1520
3249 2 2 6 116 1526 2240 1531
3250 2 2 6 116 1528 1538 1534
3251 2 2 6 116 1549 1551 1550
3252 2 2 6 116 1567 2277 1566
3253 2 2 6 116 1609 1686 1608
3254 2 2 6 116 1611 2320 2262
3255 2 2 6 116 1775 1980 1776
3256 2 2 6 116 2286 2302 1810
3257 2 2 6 116 2236 2284 2166
3258 2 2 6 116 2238 2314 2267
3259 2 2 6 116 1322 2226 586
3260 2 2 6 116 1332 2255 604
3261 2 2 6 116 2255 2256 1278
3262 2 2 6 116 1411 1506 1505
3263 2 2 6 116 1488 2248 1747
3264 2 2 6 116 1546 1639 1548
3265 2 2 6 116 1613 1672 1560
3266 2 2 6 116 1588 2207 1565
3267 2 2 6 116 1575 2262 1592
3268 2 2 6 116 1592 1680 1679
3269 2 2 6 116 1678 1749 1748
3270 2 2 6 116 1737 2198 1792
3271 2 2 6 116 2310 2331 1812
3272 2 2 6 116 1826 1868 1867
3273 2 2 6 116 1847 1873 1846
3274 2 2 6 116 2126 2129 2127
3275 2 2 6 116 1331 2249 599
3276 2 2 6 116 1457 2295 1670
3277 2 2 6 116 1459 2225 1478
3278 2 2 6 116 1460 1469 1461
3279 2 2 6 116 1465 2261 1809
3280 2 2 6 116 1469 1485 1479
3281 2 2 6 116 1481 1494 1480
3282 2 2 6 116 1608 2275 1493
3283 2 2 6 116 1515 1517 1516
3284 2 2 6 116 1519 2240 1526
3285 2 2 6 116 1531 1537 1532
3286 2 2 6 116 1544 1578 1542
3287 2 2 6 116 1543 1545 1544
3288 2 2 6 116 1571 2289 1573
3289 2 2 6 116 1576 2184 1574
3290 2 2 6 116 1611 2262 1575
3291 2 2 6 116 1712 1815 1612
3292 2 2 6 116 1632 1756 1710
3293 2 2 6 116 1639 1739 1737
3294 2 2 6 116 1901 2294 1702
3295 2 2 6 116 2231 2258 1739
3296 2 2 6 116 2210 2287 1903
3297 2 2 6 116 2189 2259 1906
3298 2 2 6 116 2198 2230 2159
3299 2 2 6 116 2266 2278 2259
3300 2 2 6 116 586 2226 585
3301 2 2 6 116 588 2250 587
3302 2 2 6 116 599 2249 598
3303 2 2 6 116 601 2253 600
3304 2 2 6 116 604 2255 603
3305 2 2 6 116 611 2257 610
3306 2 2 6 116 1443 1445 1444
3307 2 2 6 116 1462 1481 1480
3308 2 2 6 116 1475 2263 2211
3309 2 2 6 116 1903 2212 1502
3310 2 2 6 116 1743 2263 1589
3311 2 2 6 116 1739 2199 2198
3312 2 2 6 116 1858 2247 1756
3313 2 2 6 116 1968 1969 1767
3314 2 2 6 116 1903 2287 2213
3315 2 2 6 116 1418 2229 1414
3316 2 2 6 116 1423 1426 1424
3317 2 2 6 116 1430 1669 1428
3318 2 2 6 116 1430 2189 1906
3319 2 2 6 116 1455 1464 1463
3320 2 2 6 116 1464 2210 1482
3321 2 2 6 116 1508 2237 2181
3322 2 2 6 116 1510 1511 1509
3323 2 2 6 116 1511 1521 1520
3324 2 2 6 116 1521 1523 1522
3325 2 2 6 116 1527 2217 1528
3326 2 2 6 116 1531 1744 1537
3327 2 2 6 116 1538 1560 1539
3328 2 2 6 116 1552 1559 1558
3329 2 2 6 116 1573 1575 1574
3330 2 2 6 116 1663 1743 1589
3331 2 2 6 116 1692 2183 1593
3332 2 2 6 116 1704 2219 1616
3333 2 2 6 116 1718 1823 1683
3334 2 2 6 116 1703 1777 1705
3335 2 2 6 116 1744 1907 1745
3336 2 2 6 116 2240 2302 1744
3337 2 2 6 116 1756 2247 1866
3338 2 2 6 116 1780 1872 1782
3339 2 2 6 116 2013 2014 1817
3340 2 2 6 116 2095 2096 1890
3341 2 2 6 116 2292 2309 1902
3342 2 2 6 116 2298 2329 2190
3343 2 2 6 116 1434 2189 1429
3344 2 2 6 116 1460 1461 1452
3345 2 2 6 116 2224 2225 1459
3346 2 2 6 116 1742 2236 1477
3347 2 2 6 116 1593 2183 1490
3348 2 2 6 116 1746 2278 1497
3349 2 2 6 116 1511 2267 1521
3350 2 2 6 116 1516 1519 1518
3351 2 2 6 116 1529 2223 1898
3352 2 2 6 116 1547 2228 1536
3353 2 2 6 116 1745 2280 1537
3354 2 2 6 116 1543 2332 1563
3355 2 2 6 116 1551 1557 1550
3356 2 2 6 116 1552 2245 1559
3357 2 2 6 116 1554 1567 1566
3358 2 2 6 116 1556 1561 1555
3359 2 2 6 116 1566 2277 1615
3360 2 2 6 116 1573 1574 1572
3361 2 2 6 116 1573 2289 1611
3362 2 2 6 116 1575 1576 1574
3363 2 2 6 116 1574 2184 1633
3364 2 2 6 116 1592 1606 1576
3365 2 2 6 116 1592 2262 1680
3366 2 2 6 116 1632 1710 1604
3367 2 2 6 116 2244 2277 1605
3368 2 2 6 116 1613 2269 1673
3369 2 2 6 116 1673 1761 1759
3370 2 2 6 116 1678 1748 1684
3371 2 2 6 116 1720 1834 1679
3372 2 2 6 116 1769 1857 1701
3373 2 2 6 116 1705 1706 1704
3374 2 2 6 116 1704 2282 2219
3375 2 2 6 116 1709 1818 1708
3376 2 2 6 116 1760 1807 1806
3377 2 2 6 116 1775 2019 1980
3378 2 2 6 116 1971 2163 1782
3379 2 2 6 116 1795 2280 1797
3380 2 2 6 116 1797 2313 1799
3381 2 2 6 116 1801 2298 2190
3382 2 2 6 116 1804 1827 1803
3383 2 2 6 116 1807 1819 1806
3384 2 2 6 116 1806 2268 2154
3385 2 2 6 116 2218 2282 1814
3386 2 2 6 116 1814 2311 2218
3387 2 2 6 116 2014 2015 1817
3388 2 2 6 116 1908 2321 1827
3389 2 2 6 116 1847 2024 2023
3390 2 2 6 116 1889 2095 1890
3391 2 2 6 116 2271 2301 1907
3392 2 2 6 116 1909 2337 1908
3393 2 2 6 116 2016 2328 2015
3394 2 2 6 116 2166 2284 2182
3395 2 2 6 116 2180 2258 2231
3396 2 2 6 116 2267 2314 2205
3397 2 2 6 116 1407 2272 1411
3398 2 2 6 116 1416 1419 1417
3399 2 2 6 116 1419 1423 1421
3400 2 2 6 116 1491 1593 1490
3401 2 2 6 116 1506 1507 1505
3402 2 2 6 116 1518 2238 1514
3403 2 2 6 116 1526 1531 1530
3404 2 2 6 116 1557 1640 1550
3405 2 2 6 116 1554 1580 1567
3406 2 2 6 116 1580 1630 1595
3407 2 2 6 116 1597 1618 1593
3408 2 2 6 116 1795 1796 1630
3409 2 2 6 116 1638 1757 1741
3410 2 2 6 116 1893 1894 1669
3411 2 2 6 116 1970 2281 1767
3412 2 2 6 116 1811 2312 2311
3413 2 2 6 116 2015 2315 1817
3414 2 2 6 116 2233 2234 1902
3415 2 2 6 116 1906 2291 2142
3416 2 2 6 116 1474 2206 1476
3417 2 2 6 116 1409 2272 1407
3418 2 2 6 116 1581 2272 1409
3419 2 2 6 116 1413 1416 1414
3420 2 2 6 116 1427 1433 1429
3421 2 2 6 116 1482 1903 1502
3422 2 2 6 116 1502 2212 1636
3423 2 2 6 116 1508 1509 1507
3424 2 2 6 116 1543 1563 1545
3425 2 2 6 116 1583 1587 1565
3426 2 2 6 116 2329 2330 1614
3427 2 2 6 116 1640 2286 2228
3428 2 2 6 116 1717 1718 1683
3429 2 2 6 116 1889 2188 2098
3430 2 2 6 116 1410 1413 1412
3431 2 2 6 116 1864 2143 1443
3432 2 2 6 116 2206 2273 1579
3433 2 2 6 116 1732 2246 1736
3434 2 2 6 116 1749 2307 2306
3435 2 2 6 116 1426 1427 1424
3436 2 2 6 116 1429 2189 1430
3437 2 2 6 116 1451 1452 1434
3438 2 2 6 116 2209 2261 1448
3439 2 2 6 116 1507 2216 1794
3440 2 2 6 116 1521 1522 1520
3441 2 2 6 116 1521 2267 2205
3442 2 2 6 116 2268 2334 1563
3443 2 2 6 116 1595 2242 1631
3444 2 2 6 116 1677 2244 1605
3445 2 2 6 116 1658 2243 1770
3446 2 2 6 116 1808 2283 1721
3447 2 2 6 116 2248 2260 1747
3448 2 2 6 116 1408 1409 1407
3449 2 2 6 116 2233 2309 1418
3450 2 2 6 116 1448 2261 1455
3451 2 2 6 116 1455 2261 1465
3452 2 2 6 116 1591 2295 1480
3453 2 2 6 116 1488 1603 1602
3454 2 2 6 116 2275 2299 1492
3455 2 2 6 116 1495 2290 1599
3456 2 2 6 116 1558 2288 1551
3457 2 2 6 116 1823 2290 1683
3458 2 2 6 116 1731 2316 1892
3459 2 2 6 116 2213 2287 1743
3460 2 2 6 116 1754 1967 1843
3461 2 2 6 116 1809 2260 2248
3462 2 2 6 116 1815 2315 2289
3463 2 2 6 116 2089 2091 2090
3464 2 2 6 116 2170 2325 2324
3465 2 2 6 116 2174 2176 2175
3466 2 2 6 116 2303 2319 2215
3467 2 2 6 116 1412 2229 1581
3468 2 2 6 116 1419 1421 1417
3469 2 2 6 116 1421 2234 2233
3470 2 2 6 116 2183 2222 1490
3471 2 2 6 116 1594 2290 1495
3472 2 2 6 116 1566 1615 1586
3473 2 2 6 116 1607 2184 1576
3474 2 2 6 116 1583 2161 1667
3475 2 2 6 116 1658 1768 1701
3476 2 2 6 116 2186 2241 1666
3477 2 2 6 116 1746 2291 2259
3478 2 2 6 116 1781 2200 1780
3479 2 2 6 116 1826 2343 1868
3480 2 2 6 116 1872 2036 1971
3481 2 2 6 116 2173 2177 2174
3482 2 2 6 116 2311 2312 2218
3483 2 2 6 116 1433 2224 1451
3484 2 2 6 116 1461 2278 2266
3485 2 2 6 116 1531 2240 1744
3486 2 2 6 116 1910 2310 1710
3487 2 2 6 116 1744 2302 1907
3488 2 2 6 116 1810 2302 2239
3489 2 2 6 116 1824 2301 2271
3490 2 2 6 116 1893 2317 1894
3491 2 2 6 116 1907 2286 2271
3492 2 2 6 116 1774 2257 611
3493 2 2 6 116 1411 2272 1805
3494 2 2 6 116 1669 2234 1428
3495 2 2 6 116 1589 2263 1483
3496 2 2 6 116 1484 2264 1503
3497 2 2 6 116 1506 2237 1508
3498 2 2 6 116 1509 2216 1507
3499 2 2 6 116 1684 2281 1607
3500 2 2 6 116 1673 2269 1761
3501 2 2 6 116 1907 2301 1745
3502 2 2 6 116 1492 2299 1742
3503 2 2 6 116 2168 2169 1841
3504 2 2 6 116 1483 2263 1475
3505 2 2 6 116 1666 2241 1548
3506 2 2 6 116 1710 2310 1604
3507 2 2 6 116 2307 2308 2306
3508 2 2 6 116 1503 1735 1634
3509 2 2 6 116 1605 2277 1567
3510 2 2 6 116 1590 2312 2160
3511 2 2 6 116 1683 2290 1594
3512 2 2 6 116 1770 2285 1954
3513 2 2 6 116 1809 2297 2260
3514 2 2 6 116 1812 2331 1813
3515 2 2 6 116 1818 2329 2298
3516 2 2 6 116 2160 2314 2238
3517 2 2 6 116 2239 2302 2240
3518 2 2 6 116 2301 2336 2313
3519 2 2 6 116 1404 1406 1403
3520 2 2 6 116 1536 2228 1810
3521 2 2 6 116 1631 2242 1694
3522 2 2 6 116 1670 2297 2209
3523 2 2 6 116 1802 2298 1801
3524 2 2 6 116 1811 2314 2312
3525 2 2 6 116 1911 2333 2221
3526 2 2 6 116 1604 2288 1558
3527 2 2 6 116 1679 2279 1606
3528 2 2 6 116 2190 2329 1614
3529 2 2 6 116 1767 2281 1684
3530 2 2 6 116 1703 2294 1777
3531 2 2 6 116 1708 2300 1814
3532 2 2 6 116 1899 2326 1713
3533 2 2 6 116 1780 2200 1872
3534 2 2 6 116 1811 2311 1802
3535 2 2 6 116 2262 2320 1808
3536 2 2 6 116 1842 2293 1973
3537 2 2 6 116 2293 2318 1973
3538 2 2 6 116 1442 1955 1864
3539 2 2 6 116 1451 2224 1459
3540 2 2 6 116 1551 2288 1557
3541 2 2 6 116 1610 2274 1685
3542 2 2 6 116 2205 2314 1811
3543 2 2 6 116 1962 2168 1840
3544 2 2 6 116 1899 2334 2326
3545 2 2 6 116 2326 2334 1819
3546 2 2 6 116 1493 2275 1492
3547 2 2 6 116 1718 2293 1842
3548 2 2 6 116 2268 2332 2154
3549 2 2 6 116 1859 2274 1610
3550 2 2 6 116 1670 2303 2297
3551 2 2 6 116 2228 2286 1810
3552 2 2 6 116 2243 2337 2285
3553 2 2 6 116 1904 2296 1691
3554 2 2 6 116 1717 2293 1718
3555 2 2 6 116 1841 2324 1823
3556 2 2 6 116 2297 2303 2260
3557 2 2 6 116 1602 2296 1487
3558 2 2 6 116 2289 2315 1611
3559 2 2 6 116 2280 2313 1797
3560 2 2 6 116 1813 2331 1826
3561 2 2 6 116 1825 2336 1824
3562 2 2 6 116 2260 2303 2215
3563 2 2 6 116 1834 2279 1679
3564 2 2 6 116 2259 2291 1906
3565 2 2 6 116 2312 2314 2160
3566 2 2 6 116 1557 1812 1641
3567 2 2 6 116 1563 2332 2268
3568 2 2 6 116 1814 2282 1706
3569 2 2 6 116 1745 2313 2280
3570 2 2 6 116 1907 2302 2286
3571 2 2 6 116 1818 2300 1708
3572 2 2 6 116 1902 2309 2233
3573 2 2 6 116 2290 2324 1599
3574 2 2 6 116 2142 2317 1893
3575 2 2 6 116 1591 2319 2295
3576 2 2 6 116 1604 2310 2288
3577 2 2 6 116 1706 2282 1704
3578 2 2 6 116 1598 2337 2243
3579 2 2 6 116 1614 2330 2269
3580 2 2 6 116 1701 2323 1618
3581 2 2 6 116 2301 2313 1745
3582 2 2 6 116 1749 2306 2305
3583 2 2 6 116 2243 2285 1770
3584 2 2 6 116 1820 2326 1819
3585 2 2 6 116 1819 2334 2268
3586 2 2 6 116 1824 2336 2301
3587 2 2 6 116 1827 2321 2299
3588 2 2 6 116 1982 2330 2191
3589 2 2 6 116 2015 2320 2315
3590 2 2 6 116 1840 2168 1841
3591 2 2 6 116 2172 2325 2170
3592 2 2 6 116 2291 2333 2142
3593 2 2 6 116 2191 2330 2329
3594 2 2 6 116 1691 2296 1602
3595 2 2 6 116 2285 2337 1909
3596 2 2 6 116 2330 2341 2269
3597 2 2 6 116 1702 2294 1703
3598 2 2 6 116 2221 2333 2291
3599 2 2 6 116 1675 2346 1587
3600 2 2 6 116 2221 2291 1746
3601 2 2 6 116 2298 2300 1818
3602 2 2 6 116 2313 2336 1799
3603 2 2 6 116 2342 2344 2319
3604 2 2 6 116 2016 2338 2328
3605 2 2 6 116 2299 2321 1742
3606 2 2 6 116 1823 2324 2290
3607 2 2 6 116 1403 1415 1401
3608 2 2 6 116 1742 2321 2284
3609 2 2 6 116 1494 2327 1591
3610 2 2 6 116 2288 2310 1812
3611 2 2 6 116 2191 2329 1818
3612 2 2 6 116 2276 2334 1899
3613 2 2 6 116 1908 2322 2321
3614 2 2 6 116 2283 2338 2024
3615 2 2 6 116 2154 2332 2270
3616 2 2 6 116 2324 2325 1599
3617 2 2 6 116 1443 1444 1441
3618 2 2 6 116 2327 2342 1591
3619 2 2 6 116 1857 2323 1701
3620 2 2 6 116 1867 2340 1825
3621 2 2 6 116 2319 2344 2215
3622 2 2 6 116 2214 2339 1690
3623 2 2 6 116 2175 2342 2327
3624 2 2 6 116 2284 2322 2182
3625 2 2 6 116 1402 1404 1403
3626 2 2 6 116 2176 2342 2175
3627 2 2 6 116 2015 2328 2320
3628 2 2 6 116 1442 1864 1443
3629 2 2 6 116 1591 2342 2319
3630 2 2 6 116 1749 2305 1748
3631 2 2 6 116 2269 2341 1761
3632 2 2 6 116 1911 2346 2333
3633 2 2 6 116 2285 2335 1954
3634 2 2 6 116 1995 2341 1982
3635 2 2 6 116 1618 2323 1692
3636 2 2 6 116 2328 2338 2283
3637 2 2 6 116 2176 2344 2342
3638 2 2 6 116 1748 2305 1784
3639 2 2 6 116 2321 2322 2284
3640 2 2 6 116 2339 2344 2176
3641 2 2 6 116 2214 2344 2339
3642 2 2 6 116 2331 2343 1826
3643 2 2 6 116 1982 2341 2330
3644 2 2 6 116 2333 2346 1675
3645 2 2 6 116 1761 2345 1860
3646 2 2 6 116 2215 2344 2214
3647 2 2 6 116 1808 2328 2283
3648 2 2 6 116 1961 2343 1910
3649 2 2 6 116 2320 2328 1808
3650 2 2 6 116 1995 2345 2341
3651 2 2 6 116 2341 2345 1761
3652 2 2 6 116 1910 2343 2331
3653 2 2 6 116 2304 2346 1911
3654 2 2 6 116 1885 2081 1839
3655 2 2 6 116 1442 1443 1441
3656 2 2 6 116 1402 1403 1401
3657 2 2 6 116 1400 1504 1402
3658 2 2 6 116 1400 1402 1401
3659 2 2 6 116 1439 1442 1441
3660 2 2 6 116 1886 2123 1838
3661 2 2 6 116 1839 1912 1837
3662 2 2 6 116 1838 1885 1839
3663 2 2 6 116 1472 2122 1438
3664 2 2 6 116 1836 1886 1838
3665 2 2 6 116 1838 1839 1837
3666 2 2 6 116 1400 1401 1399
3667 2 2 6 116 1439 1441 1440
3668 2 2 6 116 1398 1400 1399
3669 2 2 6 116 1439 1440 1437
3670 2 2 6 116 1836 1838 1837
3671 2 2 6 116 1471 1472 1438
3672 2 2 6 116 1438 1439 1437
3673 2 2 6 116 1396 1405 1398
3674 2 2 6 116 1398 1399 1397
3675 2 2 6 116 1436 1471 1438
3676 2 2 6 116 1836 1837 1835
3677 2 2 6 116 1833 1836 1835
3678 2 2 6 116 1396 1398 1397
3679 2 2 6 116 1436 1438 1437
3680 2 2 6 116 1397 1435 1395
3681 2 2 6 116 1831 2082 1833
3682 2 2 6 116 1436 1437 1432
3683 2 2 6 116 1833 1835 1832
3684 2 2 6 116 1396 1397 1395
3685 2 2 6 116 1432 1664 1422
3686 2 2 6 116 1831 1833 1832
3687 2 2 6 116 1394 1396 1395
3688 2 2 6 116 1431 1436 1432
3689 2 2 6 116 1888 2077 1787
3690 2 2 6 116 1887 2080 1888
3691 2 2 6 116 2246 2349 1736
3692 2 2 6 116 2118 2347 2119
3693 2 2 6 116 1392 2110 1394
3694 2 2 6 116 1394 1395 1393
3695 2 2 6 116 1831 1832 1830
3696 2 2 6 116 1431 1432 1422
3697 2 2 6 116 1887 1888 1787
3698 2 2 6 116 1446 2347 1444
3699 2 2 6 116 1454 2347 1446
3700 2 2 6 116 1635 2348 1501
3701 2 2 6 116 2347 2350 2119
3702 2 2 6 116 1501 2350 1463
3703 2 2 6 116 1736 2351 2348
3704 2 2 6 116 1830 2109 1786
3705 2 2 6 116 1676 1831 1830
3706 2 2 6 116 1392 1394 1393
3707 2 2 6 116 1786 1887 1787
3708 2 2 6 116 1391 1431 1422
3709 2 2 6 116 2112 2349 2111
3710 2 2 6 116 1454 2350 2347
3711 2 2 6 116 1736 2348 1635
3712 2 2 6 116 2349 2351 1736
3713 2 2 6 116 1463 2350 1454
3714 2 2 6 116 2111 2352 2115
3715 2 2 6 116 2117 2351 2112
3716 2 2 6 116 2349 2352 2111
3717 2 2 6 116 2112 2351 2349
3718 2 2 6 116 2108 2352 2246
3719 2 2 6 116 1391 1422 1392
3720 2 2 6 116 1676 1830 1786
3721 2 2 6 116 1786 1787 1662
3722 2 2 6 116 1392 1393 1390
3723 2 2 6 116 2246 2352 2349
3724 2 2 6 116 1762 2353 1763
3725 2 2 6 116 2088 2354 1891
3726 2 2 6 116 1582 2359 2105
3727 2 2 6 116 2093 2355 2264
3728 2 2 6 116 1763 2353 1960
3729 2 2 6 116 1891 2354 2093
3730 2 2 6 116 2360 2361 2101
3731 2 2 6 116 1735 2356 1634
3732 2 2 6 116 2100 2357 1788
3733 2 2 6 116 1391 1392 1390
3734 2 2 6 116 1676 1786 1662
3735 2 2 6 116 1788 2357 1663
3736 2 2 6 116 1743 2357 2213
3737 2 2 6 116 2264 2355 1735
3738 2 2 6 116 2213 2358 2212
3739 2 2 6 116 1634 2356 1729
3740 2 2 6 116 2105 2359 2103
3741 2 2 6 116 1663 2357 1743
3742 2 2 6 116 2212 2358 1734
3743 2 2 6 116 1734 2361 2232
3744 2 2 6 116 2101 2361 2100
3745 2 2 6 116 2103 2359 2125
3746 2 2 6 116 2121 2360 2101
3747 2 2 6 116 2100 2361 2358
3748 2 2 6 116 2086 2104 1661
3749 2 2 6 116 1389 1391 1390
3750 2 2 6 116 1661 1676 1662
3751 2 2 6 116 2232 2360 2105
3752 2 2 6 116 2358 2361 1734
3753 2 2 6 116 2081 2373 1665
3754 2 2 6 116 1388 2086 1661
3755 2 2 6 116 1661 1662 1387
3756 2 2 6 116 1389 1390 1388
3757 2 2 6 116 2368 2371 2185
3758 2 2 6 116 2367 2369 2197
3759 2 2 6 116 1388 1661 1387
3760 2 2 6 116 1386 1389 1388
3761 2 2 6 116 2185 2371 1633
3762 2 2 6 116 2109 2367 1577
3763 2 2 6 116 2197 2369 1578
3764 2 2 6 116 1633 2362 1572
3765 2 2 6 116 1569 2362 1568
3766 2 2 6 116 1887 2363 2080
3767 2 2 6 116 2369 2372 1578
3768 2 2 6 116 1540 2365 1534
3769 2 2 6 116 2114 2366 1886
3770 2 2 6 116 1886 2366 2123
3771 2 2 6 116 1572 2362 1569
3772 2 2 6 116 1830 2367 2109
3773 2 2 6 116 1540 2374 2365
3774 2 2 6 116 2068 2078 2067
3775 2 2 6 116 1386 1388 1387
3776 2 2 6 116 1387 2094 1385
3777 2 2 6 116 1533 2370 1524
3778 2 2 6 116 1522 2370 1665
3779 2 2 6 116 2109 2363 1887
3780 2 2 6 116 1534 2365 1533
3781 2 2 6 116 1912 2372 1837
3782 2 2 6 116 1885 2373 2081
3783 2 2 6 116 2365 2374 1912
3784 2 2 6 116 1578 2374 1542
3785 2 2 6 116 1832 2367 1830
3786 2 2 6 116 1839 2376 1912
3787 2 2 6 116 1888 2368 2077
3788 2 2 6 116 1832 2369 2367
3789 2 2 6 116 1888 2371 2368
3790 2 2 6 116 1835 2369 1832
3791 2 2 6 116 1524 2370 1522
3792 2 2 6 116 2080 2371 1888
3793 2 2 6 116 1835 2372 2369
3794 2 2 6 116 2365 2376 1533
3795 2 2 6 116 1912 2376 2365
3796 2 2 6 116 1837 2372 1835
3797 2 2 6 116 2124 2373 1885
3798 2 2 6 116 1542 2374 1540
3799 2 2 6 116 2081 2376 1839
3800 2 2 6 116 1942 2068 2067
3801 2 2 6 116 1386 1387 1385
3802 2 2 6 116 2432 2508 1310
3803 2 2 6 116 1942 2515 2068
3804 2 2 6 116 547 2641 1311
3805 2 2 6 116 1384 1386 1385
3806 2 2 6 116 1385 1425 1383
3807 2 2 6 116 1942 2067 1384
3808 2 2 6 116 1939 2607 2061
3809 2 2 6 116 1956 2058 1751
3810 2 2 6 116 1750 1958 1956
3811 2 2 6 116 1751 1916 1752
3812 2 2 6 116 2401 2569 2041
3813 2 2 6 116 1713 2394 2085
3814 2 2 6 116 2009 2394 1820
3815 2 2 6 116 2326 2394 1713
3816 2 2 6 116 2686 2690 1321
3817 2 2 6 116 2307 2397 2308
3818 2 2 6 116 2208 2397 1834
3819 2 2 6 116 1947 2021 1997
3820 2 2 6 116 1925 2467 2466
3821 2 2 6 116 1382 1942 1384
3822 2 2 6 116 1384 1385 1383
3823 2 2 6 116 2026 2031 1917
3824 2 2 6 116 1820 2394 2326
3825 2 2 6 116 1751 1752 1647
3826 2 2 6 116 1750 1956 1751
3827 2 2 6 116 1834 2397 2307
3828 2 2 6 116 2150 2436 1300
3829 2 2 6 116 2576 2577 1315
3830 2 2 6 116 1940 2692 1879
3831 2 2 6 116 2407 2686 1321
3832 2 2 6 116 2139 2459 2450
3833 2 2 6 116 1849 1850 1696
3834 2 2 6 116 2252 2408 2250
3835 2 2 6 116 2028 2029 2027
3836 2 2 6 116 505 2389 504
3837 2 2 6 116 516 2386 515
3838 2 2 6 116 560 1302 559
3839 2 2 6 116 573 1276 572
3840 2 2 6 116 575 1340 574
3841 2 2 6 116 580 1320 579
3842 2 2 6 116 582 1659 581
3843 2 2 6 116 492 1321 491
3844 2 2 6 116 497 1339 496
3845 2 2 6 116 499 1277 498
3846 2 2 6 116 502 1336 501
3847 2 2 6 116 490 1660 489
3848 2 2 6 116 495 1299 494
3849 2 2 6 116 503 2388 502
3850 2 2 6 116 504 1274 503
3851 2 2 6 116 506 1333 505
3852 2 2 6 116 510 1337 509
3853 2 2 6 116 511 2390 510
3854 2 2 6 116 512 1301 511
3855 2 2 6 116 557 1325 556
3856 2 2 6 116 562 1334 561
3857 2 2 6 116 566 1338 565
3858 2 2 6 116 568 1275 567
3859 2 2 6 116 569 2391 568
3860 2 2 6 116 571 1335 570
3861 2 2 6 116 577 1298 576
3862 2 2 6 116 509 2393 508
3863 2 2 6 116 498 2384 497
3864 2 2 6 116 507 2385 506
3865 2 2 6 116 491 2387 490
3866 2 2 6 116 508 1291 507
3867 2 2 6 116 515 1324 514
3868 2 2 6 116 564 1290 563
3869 2 2 6 116 1644 1645 1643
3870 2 2 6 116 471 2048 1366
3871 2 2 6 116 2178 2698 1299
3872 2 2 6 116 2453 2614 1367
3873 2 2 6 116 2255 2411 2256
3874 2 2 6 116 2691 2693 1333
3875 2 2 6 116 1624 1626 1625
3876 2 2 6 116 2016 2424 2338
3877 2 2 6 116 2122 2706 1955
3878 2 2 6 116 1304 2551 2496
3879 2 2 6 116 1368 2553 1364
3880 2 2 6 116 1752 2442 2195
3881 2 2 6 116 2567 2618 1920
3882 2 2 6 116 1331 2428 2249
3883 2 2 6 116 1986 2549 1343
3884 2 2 6 116 1300 2624 2151
3885 2 2 6 116 527 2398 526
3886 2 2 6 116 493 2407 492
3887 2 2 6 116 2387 2690 2687
3888 2 2 6 116 1758 2006 1355
3889 2 2 6 116 1356 2522 1350
3890 2 2 6 116 2308 2630 2400
3891 2 2 6 116 541 1306 540
3892 2 2 6 116 544 1293 543
3893 2 2 6 116 528 1292 527
3894 2 2 6 116 537 1875 536
3895 2 2 6 116 539 1341 538
3896 2 2 6 116 531 1307 530
3897 2 2 6 116 533 1342 532
3898 2 2 6 116 529 2402 528
3899 2 2 6 116 530 2404 529
3900 2 2 6 116 535 1874 534
3901 2 2 6 116 532 2403 531
3902 2 2 6 116 543 2400 542
3903 2 2 6 116 534 2406 533
3904 2 2 6 116 538 2401 537
3905 2 2 6 116 540 2399 539
3906 2 2 6 116 2250 2408 1322
3907 2 2 6 116 1333 2693 2389
3908 2 2 6 116 2068 2409 2078
3909 2 2 6 116 2525 2648 2065
3910 2 2 6 116 2133 2422 2135
3911 2 2 6 116 2140 2422 2133
3912 2 2 6 116 1289 2685 2134
3913 2 2 6 116 2134 2685 2132
3914 2 2 6 116 490 2387 1660
3915 2 2 6 116 1333 2389 505
3916 2 2 6 116 515 2386 1324
3917 2 2 6 116 504 2389 1274
3918 2 2 6 116 1291 2385 507
3919 2 2 6 116 1274 2388 503
3920 2 2 6 116 1337 2393 509
3921 2 2 6 116 1301 2390 511
3922 2 2 6 116 497 2384 1339
3923 2 2 6 116 502 2388 1336
3924 2 2 6 116 506 2385 1333
3925 2 2 6 116 510 2390 1337
3926 2 2 6 116 568 2391 1275
3927 2 2 6 116 1277 2384 498
3928 2 2 6 116 508 2393 1291
3929 2 2 6 116 1321 2387 491
3930 2 2 6 116 2061 2607 2051
3931 2 2 6 116 1964 1965 1758
3932 2 2 6 116 1976 1977 1950
3933 2 2 6 116 2247 2428 1866
3934 2 2 6 116 1321 2690 2387
3935 2 2 6 116 1774 2427 2257
3936 2 2 6 116 1373 1376 1375
3937 2 2 6 116 492 2407 1321
3938 2 2 6 116 2461 2487 1271
3939 2 2 6 116 1917 2439 518
3940 2 2 6 116 553 2440 1918
3941 2 2 6 116 1753 2616 2421
3942 2 2 6 116 2566 2689 1957
3943 2 2 6 116 552 2032 551
3944 2 2 6 116 548 2034 547
3945 2 2 6 116 522 2071 521
3946 2 2 6 116 2382 2383 1600
3947 2 2 6 116 2135 2422 2138
3948 2 2 6 116 550 2512 549
3949 2 2 6 116 1310 2035 524
3950 2 2 6 116 1326 2026 520
3951 2 2 6 116 1332 2411 2255
3952 2 2 6 116 1382 1384 1383
3953 2 2 6 116 1383 2070 1381
3954 2 2 6 116 2688 2691 2385
3955 2 2 6 116 1319 2669 2002
3956 2 2 6 116 2226 2420 1773
3957 2 2 6 116 2545 2603 2425
3958 2 2 6 116 1944 2382 1930
3959 2 2 6 116 2460 2629 1915
3960 2 2 6 116 1750 1751 1647
3961 2 2 6 116 1660 2687 2682
3962 2 2 6 116 1978 1979 1317
3963 2 2 6 116 2548 2704 2538
3964 2 2 6 116 2183 2435 2222
3965 2 2 6 116 1617 2422 2140
3966 2 2 6 116 605 2436 1332
3967 2 2 6 116 1300 2436 606
3968 2 2 6 116 2059 2528 2405
3969 2 2 6 116 1750 2045 1958
3970 2 2 6 116 2195 2527 1752
3971 2 2 6 116 2076 2510 1905
3972 2 2 6 116 2177 2441 2174
3973 2 2 6 116 2176 2441 2339
3974 2 2 6 116 2529 2548 2547
3975 2 2 6 116 2195 2442 2193
3976 2 2 6 116 1859 2442 2274
3977 2 2 6 116 1779 2002 1778
3978 2 2 6 116 2203 2438 555
3979 2 2 6 116 2540 2546 2539
3980 2 2 6 116 1312 2546 2540
3981 2 2 6 116 1858 2446 2247
3982 2 2 6 116 2128 2446 1896
3983 2 2 6 116 1759 2447 1760
3984 2 2 6 116 1697 1698 1645
3985 2 2 6 116 1719 1778 1700
3986 2 2 6 116 2385 2691 1333
3987 2 2 6 116 1699 1700 1698
3988 2 2 6 116 1984 1985 1296
3989 2 2 6 116 517 2434 516
3990 2 2 6 116 1868 2557 1867
3991 2 2 6 116 1692 2459 2183
3992 2 2 6 116 1293 2400 543
3993 2 2 6 116 537 2401 1875
3994 2 2 6 116 1292 2398 527
3995 2 2 6 116 1306 2399 540
3996 2 2 6 116 528 2402 1292
3997 2 2 6 116 1341 2401 538
3998 2 2 6 116 1307 2404 530
3999 2 2 6 116 533 2406 1342
4000 2 2 6 116 539 2399 1341
4001 2 2 6 116 531 2403 1307
4002 2 2 6 116 529 2404 2402
4003 2 2 6 116 1342 2403 532
4004 2 2 6 116 1874 2406 534
4005 2 2 6 116 2387 2687 1660
4006 2 2 6 116 2471 2577 2470
4007 2 2 6 116 1293 2564 2046
4008 2 2 6 116 1646 1750 1647
4009 2 2 6 116 489 2444 488
4010 2 2 6 116 583 2445 582
4011 2 2 6 116 2179 2700 1339
4012 2 2 6 116 2556 2565 1714
4013 2 2 6 116 2441 2653 2339
4014 2 2 6 116 1331 2639 2428
4015 2 2 6 116 1929 1944 1930
4016 2 2 6 116 2576 2611 2470
4017 2 2 6 116 2028 2521 2003
4018 2 2 6 116 1994 2423 2396
4019 2 2 6 116 2684 2688 1291
4020 2 2 6 116 519 2026 1917
4021 2 2 6 116 523 2035 1319
4022 2 2 6 116 2202 2427 2201
4023 2 2 6 116 1961 2458 2343
4024 2 2 6 116 2405 2623 2059
4025 2 2 6 116 1367 2490 2453
4026 2 2 6 116 2519 2681 1923
4027 2 2 6 116 1600 2599 2382
4028 2 2 6 116 595 2468 1330
4029 2 2 6 116 1866 2428 1961
4030 2 2 6 116 2039 2451 2384
4031 2 2 6 116 1382 2079 1942
4032 2 2 6 116 1963 2046 2005
4033 2 2 6 116 514 2457 513
4034 2 2 6 116 1848 2381 1849
4035 2 2 6 116 2422 2435 2138
4036 2 2 6 116 2457 2672 513
4037 2 2 6 116 1291 2688 2385
4038 2 2 6 116 1766 2493 1968
4039 2 2 6 116 1323 2494 609
4040 2 2 6 116 2392 2447 1860
4041 2 2 6 116 2479 2643 2419
4042 2 2 6 116 1296 2558 1984
4043 2 2 6 116 2517 2593 2572
4044 2 2 6 116 1752 2527 1647
4045 2 2 6 116 1617 2435 2422
4046 2 2 6 116 2402 2528 1292
4047 2 2 6 116 526 2432 525
4048 2 2 6 116 1892 2510 2089
4049 2 2 6 116 1905 2510 2316
4050 2 2 6 116 1863 2594 2571
4051 2 2 6 116 2587 2591 1861
4052 2 2 6 116 2416 2526 2417
4053 2 2 6 116 2680 2684 2393
4054 2 2 6 116 1277 2703 2038
4055 2 2 6 116 2420 2646 1943
4056 2 2 6 116 1852 1869 1853
4057 2 2 6 116 1330 2520 594
4058 2 2 6 116 593 2520 1289
4059 2 2 6 116 1930 2382 1934
4060 2 2 6 116 1879 2692 1877
4061 2 2 6 116 558 2505 557
4062 2 2 6 116 2137 2561 2136
4063 2 2 6 116 1714 2421 1628
4064 2 2 6 116 1876 1877 1870
4065 2 2 6 116 1777 2525 2164
4066 2 2 6 116 2021 2425 2022
4067 2 2 6 116 2011 2415 2414
4068 2 2 6 116 2393 2684 1291
4069 2 2 6 116 1332 2633 2411
4070 2 2 6 116 2415 2416 2414
4071 2 2 6 116 2491 2645 1650
4072 2 2 6 116 2251 2531 2252
4073 2 2 6 116 1334 2492 2065
4074 2 2 6 116 2428 2639 1961
4075 2 2 6 116 1472 2448 2122
4076 2 2 6 116 2222 2435 1617
4077 2 2 6 116 606 2436 605
4078 2 2 6 116 1290 2492 563
4079 2 2 6 116 562 2492 1334
4080 2 2 6 116 2043 2653 2441
4081 2 2 6 116 2679 2680 1337
4082 2 2 6 116 2089 2640 2091
4083 2 2 6 116 56 1983 1913
4084 2 2 6 116 1878 1879 1877
4085 2 2 6 116 2528 2661 1292
4086 2 2 6 116 2183 2459 2435
4087 2 2 6 116 1871 2605 2410
4088 2 2 6 116 1849 2381 2018
4089 2 2 6 116 2147 2623 2405
4090 2 2 6 116 1856 2555 2495
4091 2 2 6 116 555 2438 554
4092 2 2 6 116 1342 2596 2318
4093 2 2 6 116 2043 2451 2039
4094 2 2 6 116 2413 2643 2480
4095 2 2 6 116 2174 2441 2176
4096 2 2 6 116 2193 2442 1859
4097 2 2 6 116 2194 2556 2195
4098 2 2 6 116 1278 2557 2254
4099 2 2 6 116 1880 1881 1879
4100 2 2 6 116 1963 2005 1953
4101 2 2 6 116 1975 2613 2054
4102 2 2 6 116 516 2434 2386
4103 2 2 6 116 1896 2446 1858
4104 2 2 6 116 1860 2447 1759
4105 2 2 6 116 1714 2565 2421
4106 2 2 6 116 584 2619 58
4107 2 2 6 116 591 2561 590
4108 2 2 6 116 2508 2689 2617
4109 2 2 6 116 58 2619 517
4110 2 2 6 116 1306 2630 2308
4111 2 2 6 116 1955 2565 1864
4112 2 2 6 116 592 2568 591
4113 2 2 6 116 2323 2450 1692
4114 2 2 6 116 1935 2471 2470
4115 2 2 6 116 1596 2448 1472
4116 2 2 6 116 1337 2680 2393
4117 2 2 6 116 1376 1378 1377
4118 2 2 6 116 2041 2569 1873
4119 2 2 6 116 1471 2429 1498
4120 2 2 6 116 2062 2620 2208
4121 2 2 6 116 2523 2638 1992
4122 2 2 6 116 2146 2608 2318
4123 2 2 6 116 2676 2679 2390
4124 2 2 6 116 1660 2444 489
4125 2 2 6 116 582 2445 1659
4126 2 2 6 116 2179 2696 1299
4127 2 2 6 116 1949 2673 2649
4128 2 2 6 116 1958 2508 2432
4129 2 2 6 116 2075 2695 2074
4130 2 2 6 116 1867 2622 2340
4131 2 2 6 116 1650 2645 1649
4132 2 2 6 116 2145 2623 2147
4133 2 2 6 116 607 2624 1300
4134 2 2 6 116 2635 2636 1711
4135 2 2 6 116 2000 2560 2483
4136 2 2 6 116 2178 2696 2171
4137 2 2 6 116 2173 2696 2179
4138 2 2 6 116 2074 2695 1843
4139 2 2 6 116 1755 2695 1905
4140 2 2 6 116 2169 2686 2178
4141 2 2 6 116 2335 2670 1954
4142 2 2 6 116 1998 2672 2457
4143 2 2 6 116 1998 2659 1865
4144 2 2 6 116 1934 2606 2050
4145 2 2 6 116 2021 2022 1997
4146 2 2 6 116 2517 2567 1920
4147 2 2 6 116 1851 1852 1850
4148 2 2 6 116 2390 2679 1337
4149 2 2 6 116 2550 2667 2375
4150 2 2 6 116 1654 2516 1655
4151 2 2 6 116 1288 2518 1346
4152 2 2 6 116 2525 2701 2019
4153 2 2 6 116 2470 2577 2576
4154 2 2 6 116 546 2650 545
4155 2 2 6 116 2384 2451 1339
4156 2 2 6 116 2063 2666 2037
4157 2 2 6 116 1660 2682 2444
4158 2 2 6 116 1964 2535 2040
4159 2 2 6 116 2409 2429 1471
4160 2 2 6 116 2152 2625 1694
4161 2 2 6 116 2127 2468 2128
4162 2 2 6 116 1917 2543 2439
4163 2 2 6 116 2440 2544 1918
4164 2 2 6 116 1918 2704 2033
4165 2 2 6 116 2343 2458 1868
4166 2 2 6 116 2047 2511 1949
4167 2 2 6 116 2074 2702 1336
4168 2 2 6 116 2178 2686 2407
4169 2 2 6 116 1988 2667 1986
4170 2 2 6 116 2138 2459 2139
4171 2 2 6 116 2064 2666 2063
4172 2 2 6 116 60 2626 612
4173 2 2 6 116 2294 2666 2064
4174 2 2 6 116 554 2626 60
4175 2 2 6 116 1299 2700 2179
4176 2 2 6 116 2408 2646 1322
4177 2 2 6 116 1968 2504 1969
4178 2 2 6 116 488 2627 57
4179 2 2 6 116 59 2628 583
4180 2 2 6 116 1944 2383 2382
4181 2 2 6 116 596 2468 595
4182 2 2 6 116 57 2627 535
4183 2 2 6 116 536 2628 59
4184 2 2 6 116 2426 2603 2496
4185 2 2 6 116 1646 1647 1629
4186 2 2 6 116 1301 2676 2390
4187 2 2 6 116 1882 2642 2497
4188 2 2 6 116 1624 1625 1623
4189 2 2 6 116 1901 2666 2294
4190 2 2 6 116 1324 2457 514
4191 2 2 6 116 499 2703 1277
4192 2 2 6 116 1336 2702 501
4193 2 2 6 116 1871 2658 2605
4194 2 2 6 116 1339 2700 496
4195 2 2 6 116 495 2700 1299
4196 2 2 6 116 1299 2698 494
4197 2 2 6 116 2011 2413 2412
4198 2 2 6 116 1627 1646 1629
4199 2 2 6 116 512 2672 1301
4200 2 2 6 116 1725 2683 2056
4201 2 2 6 116 2204 2489 2202
4202 2 2 6 116 2226 2646 2420
4203 2 2 6 116 2414 2643 2413
4204 2 2 6 116 1939 2061 1365
4205 2 2 6 116 2375 2667 1988
4206 2 2 6 116 2421 2565 1955
4207 2 2 6 116 493 2698 2407
4208 2 2 6 116 2435 2459 2138
4209 2 2 6 116 544 2564 1293
4210 2 2 6 116 2425 2603 2426
4211 2 2 6 116 2427 2657 2257
4212 2 2 6 116 1305 2667 2550
4213 2 2 6 116 1382 1383 1381
4214 2 2 6 116 1784 2493 1766
4215 2 2 6 116 1913 2530 2066
4216 2 2 6 116 2046 2564 2005
4217 2 2 6 116 609 2494 608
4218 2 2 6 116 2482 2560 2001
4219 2 2 6 116 1845 2655 1719
4220 2 2 6 116 1274 2475 2388
4221 2 2 6 116 1627 2601 1646
4222 2 2 6 116 1301 2672 2670
4223 2 2 6 116 563 2492 562
4224 2 2 6 116 2407 2698 2178
4225 2 2 6 116 2535 2651 2040
4226 2 2 6 116 541 2630 1306
4227 2 2 6 116 2400 2630 542
4228 2 2 6 116 2012 2643 2479
4229 2 2 6 116 1690 2653 2042
4230 2 2 6 116 1317 2532 398
4231 2 2 6 116 2495 2555 1624
4232 2 2 6 116 2004 2669 2035
4233 2 2 6 116 2020 2596 2406
4234 2 2 6 116 2465 2534 2498
4235 2 2 6 116 2421 2616 1628
4236 2 2 6 116 1918 2033 2032
4237 2 2 6 116 1941 2613 2474
4238 2 2 6 116 1985 2536 1296
4239 2 2 6 116 1977 2010 2000
4240 2 2 6 116 2462 2598 2461
4241 2 2 6 116 1969 2504 2070
4242 2 2 6 116 2318 2596 1973
4243 2 2 6 116 2247 2647 2428
4244 2 2 6 116 2049 2060 1366
4245 2 2 6 116 2316 2510 1892
4246 2 2 6 116 1324 2665 2659
4247 2 2 6 116 2202 2657 2427
4248 2 2 6 116 2045 2508 1958
4249 2 2 6 116 557 2505 1325
4250 2 2 6 116 2010 2415 2011
4251 2 2 6 116 2457 2659 1998
4252 2 2 6 116 2134 2568 1289
4253 2 2 6 116 2136 2568 2134
4254 2 2 6 116 2381 2509 1644
4255 2 2 6 116 2323 2610 2450
4256 2 2 6 116 1993 2512 1327
4257 2 2 6 116 2397 2620 1306
4258 2 2 6 116 2489 2625 2153
4259 2 2 6 116 2509 2664 1697
4260 2 2 6 116 2425 2426 2022
4261 2 2 6 116 594 2520 593
4262 2 2 6 116 1975 2692 1940
4263 2 2 6 116 2469 2611 1861
4264 2 2 6 116 1643 2601 1626
4265 2 2 6 116 2498 2499 2465
4266 2 2 6 116 2164 2525 2019
4267 2 2 6 116 1489 2602 2449
4268 2 2 6 116 1977 2056 2010
4269 2 2 6 116 1378 1380 1379
4270 2 2 6 116 1346 1861 1345
4271 2 2 6 116 1360 1978 1359
4272 2 2 6 116 1279 1361 1360
4273 2 2 6 116 1287 1862 1652
4274 2 2 6 116 1283 1349 1348
4275 2 2 6 116 1655 1863 1316
4276 2 2 6 116 1652 1653 1651
4277 2 2 6 116 1348 1984 1347
4278 2 2 6 116 2474 2613 1975
4279 2 2 6 116 1361 2575 1363
4280 2 2 6 116 1936 2595 1863
4281 2 2 6 116 2386 2665 1324
4282 2 2 6 116 2421 2706 1753
4283 2 2 6 116 1728 1963 1953
4284 2 2 6 116 1268 2534 2423
4285 2 2 6 116 2058 2528 2059
4286 2 2 6 116 2582 2600 1349
4287 2 2 6 116 1629 1714 1628
4288 2 2 6 116 1884 1976 1950
4289 2 2 6 116 1326 2028 2027
4290 2 2 6 116 1915 2641 2460
4291 2 2 6 116 1990 2523 1992
4292 2 2 6 116 472 1932 55
4293 2 2 6 116 56 1854 485
4294 2 2 6 116 1285 2517 2516
4295 2 2 6 116 2419 2643 2414
4296 2 2 6 116 2540 2609 1312
4297 2 2 6 116 1727 2410 1374
4298 2 2 6 116 1306 2620 2399
4299 2 2 6 116 1945 2553 1368
4300 2 2 6 116 2474 2503 1941
4301 2 2 6 116 1785 1927 1922
4302 2 2 6 116 1862 2491 1937
4303 2 2 6 116 2428 2647 2249
4304 2 2 6 116 1989 2443 1991
4305 2 2 6 116 1937 2506 2380
4306 2 2 6 116 1849 1851 1850
4307 2 2 6 116 2037 2666 1901
4308 2 2 6 116 2204 2625 2489
4309 2 2 6 116 1303 2531 2251
4310 2 2 6 116 2411 2622 2256
4311 2 2 6 116 2011 2414 2413
4312 2 2 6 116 1922 2449 1926
4313 2 2 6 116 1656 1724 1722
4314 2 2 6 116 2554 2638 2523
4315 2 2 6 116 1973 2596 2020
4316 2 2 6 116 2400 2615 2306
4317 2 2 6 116 1983 2057 1913
4318 2 2 6 116 2572 2654 2517
4319 2 2 6 116 1655 2516 1920
4320 2 2 6 116 1346 2518 1947
4321 2 2 6 116 276 1295 15
4322 2 2 6 116 16 1308 297
4323 2 2 6 116 1681 1727 1374
4324 2 2 6 116 2574 2575 1361
4325 2 2 6 116 1863 2595 2594
4326 2 2 6 116 1861 2611 2587
4327 2 2 6 116 2494 2624 608
4328 2 2 6 116 1728 1953 1727
4329 2 2 6 116 1629 2527 1714
4330 2 2 6 116 1314 2573 2535
4331 2 2 6 116 1376 1377 1375
4332 2 2 6 116 2417 2462 2461
4333 2 2 6 116 1915 2604 1715
4334 2 2 6 116 2062 2569 1341
4335 2 2 6 116 2533 2658 1358
4336 2 2 6 116 1976 2056 1977
4337 2 2 6 116 1311 2641 2433
4338 2 2 6 116 1914 1915 1715
4339 2 2 6 116 1727 2660 2410
4340 2 2 6 116 1357 1783 1354
4341 2 2 6 116 1370 1945 1368
4342 2 2 6 116 297 2472 296
4343 2 2 6 116 278 2418 277
4344 2 2 6 116 286 2001 285
4345 2 2 6 116 284 1294 283
4346 2 2 6 116 280 1271 279
4347 2 2 6 116 282 2012 281
4348 2 2 6 116 288 1269 287
4349 2 2 6 116 290 1951 289
4350 2 2 6 116 292 1309 291
4351 2 2 6 116 295 1272 294
4352 2 2 6 116 293 2476 292
4353 2 2 6 116 281 2479 280
4354 2 2 6 116 287 2482 286
4355 2 2 6 116 277 2488 276
4356 2 2 6 116 283 2480 282
4357 2 2 6 116 289 2484 288
4358 2 2 6 116 294 2485 293
4359 2 2 6 116 279 2487 278
4360 2 2 6 116 291 2477 290
4361 2 2 6 116 296 2478 295
4362 2 2 6 116 285 2481 284
4363 2 2 6 116 2471 2567 2517
4364 2 2 6 116 1352 1356 1350
4365 2 2 6 116 1364 1367 1362
4366 2 2 6 116 1947 1997 1996
4367 2 2 6 116 1346 1947 1946
4368 2 2 6 116 1655 1920 1919
4369 2 2 6 116 15 2463 476
4370 2 2 6 116 2007 2649 2486
4371 2 2 6 116 1380 1382 1381
4372 2 2 6 116 2544 2704 1918
4373 2 2 6 116 1986 2667 2549
4374 2 2 6 116 1307 2608 2147
4375 2 2 6 116 1869 1876 1870
4376 2 2 6 116 1855 2622 2411
4377 2 2 6 116 2058 2661 2528
4378 2 2 6 116 2066 2530 1853
4379 2 2 6 116 2386 2709 2665
4380 2 2 6 116 2144 2556 2194
4381 2 2 6 116 2256 2557 1278
4382 2 2 6 116 1293 2615 2400
4383 2 2 6 116 2417 2461 2419
4384 2 2 6 116 2252 2610 2408
4385 2 2 6 116 1935 2513 2471
4386 2 2 6 116 1993 2523 1990
4387 2 2 6 116 2398 2661 1956
4388 2 2 6 116 1324 2659 2457
4389 2 2 6 116 1365 2061 1369
4390 2 2 6 116 2434 2709 2386
4391 2 2 6 116 2446 2647 2247
4392 2 2 6 116 1626 1627 1625
4393 2 2 6 116 2144 2565 2556
4394 2 2 6 116 2467 2534 2465
4395 2 2 6 116 1374 2410 1372
4396 2 2 6 116 2042 2653 2043
4397 2 2 6 116 2410 2605 1372
4398 2 2 6 116 2075 2621 2076
4399 2 2 6 116 2466 2467 2465
4400 2 2 6 116 590 2561 1303
4401 2 2 6 116 2153 2625 2152
4402 2 2 6 116 1349 2600 1351
4403 2 2 6 116 1644 2675 2381
4404 2 2 6 116 1864 2565 2144
4405 2 2 6 116 1873 2569 2062
4406 2 2 6 116 1647 2527 1629
4407 2 2 6 116 2051 2599 2061
4408 2 2 6 116 1289 2568 592
4409 2 2 6 116 474 1268 473
4410 2 2 6 116 482 1941 481
4411 2 2 6 116 484 1270 483
4412 2 2 6 116 476 2499 475
4413 2 2 6 116 481 2503 16
4414 2 2 6 116 475 2498 474
4415 2 2 6 116 483 2500 482
4416 2 2 6 116 473 2502 472
4417 2 2 6 116 485 2501 484
4418 2 2 6 116 2511 2673 1949
4419 2 2 6 116 1917 2671 2543
4420 2 2 6 116 2431 2618 1765
4421 2 2 6 116 2454 2618 2567
4422 2 2 6 116 2578 2588 2430
4423 2 2 6 116 1854 2694 2501
4424 2 2 6 116 1876 1878 1877
4425 2 2 6 116 2408 2610 1857
4426 2 2 6 116 1308 2474 2473
4427 2 2 6 116 1966 2663 2452
4428 2 2 6 116 1878 1880 1879
4429 2 2 6 116 545 2564 544
4430 2 2 6 116 2483 2560 2482
4431 2 2 6 116 2510 2640 2089
4432 2 2 6 116 1880 1882 1881
4433 2 2 6 116 1987 1988 1986
4434 2 2 6 116 1953 2660 1727
4435 2 2 6 116 1948 2633 2150
4436 2 2 6 116 2464 2465 2463
4437 2 2 6 116 2380 2506 1844
4438 2 2 6 116 2403 2608 1307
4439 2 2 6 116 2076 2621 2475
4440 2 2 6 116 2475 2621 2388
4441 2 2 6 116 1367 2553 2490
4442 2 2 6 116 1336 2621 2075
4443 2 2 6 116 2147 2608 2146
4444 2 2 6 116 1979 2532 1317
4445 2 2 6 116 1989 1990 1988
4446 2 2 6 116 2460 2641 2034
4447 2 2 6 116 1991 1993 1990
4448 2 2 6 116 1919 1936 1863
4449 2 2 6 116 1361 1363 1362
4450 2 2 6 116 1695 1696 1653
4451 2 2 6 116 1946 2469 1861
4452 2 2 6 116 1349 1351 1350
4453 2 2 6 116 1883 2649 2007
4454 2 2 6 116 1363 1365 1364
4455 2 2 6 116 1351 1353 1352
4456 2 2 6 116 1957 2601 1643
4457 2 2 6 116 1365 1369 1368
4458 2 2 6 116 1353 1355 1354
4459 2 2 6 116 1857 2610 2323
4460 2 2 6 116 2055 2552 1456
4461 2 2 6 116 1369 1371 1370
4462 2 2 6 116 1355 1358 1357
4463 2 2 6 116 2508 2617 1310
4464 2 2 6 116 1358 1871 1715
4465 2 2 6 116 2520 2685 1289
4466 2 2 6 116 2029 2570 2426
4467 2 2 6 116 1371 1373 1372
4468 2 2 6 116 2380 2381 1848
4469 2 2 6 116 1848 1849 1696
4470 2 2 6 116 1992 2529 2375
4471 2 2 6 116 2470 2611 2469
4472 2 2 6 116 1378 1379 1377
4473 2 2 6 116 2306 2615 2305
4474 2 2 6 116 1681 2055 1728
4475 2 2 6 116 1862 2645 2491
4476 2 2 6 116 1882 2497 1881
4477 2 2 6 116 1985 1987 1986
4478 2 2 6 116 2423 2534 2467
4479 2 2 6 116 1341 2569 2401
4480 2 2 6 116 1965 2006 1758
4481 2 2 6 116 1292 2661 2398
4482 2 2 6 116 1933 2048 55
4483 2 2 6 116 2033 2554 2032
4484 2 2 6 116 1283 2582 1349
4485 2 2 6 116 1287 2579 1862
4486 2 2 6 116 1861 2591 1345
4487 2 2 6 116 1863 2571 1316
4488 2 2 6 116 1844 2509 2380
4489 2 2 6 116 2057 2530 1913
4490 2 2 6 116 612 2626 1774
4491 2 2 6 116 2406 2596 1342
4492 2 2 6 116 2444 2627 488
4493 2 2 6 116 583 2628 2445
4494 2 2 6 116 1623 1753 1621
4495 2 2 6 116 1373 1375 1374
4496 2 2 6 116 2208 2620 2397
4497 2 2 6 116 1984 2558 1347
4498 2 2 6 116 2340 2622 1855
4499 2 2 6 116 1685 2623 2145
4500 2 2 6 116 525 2432 1310
4501 2 2 6 116 608 2624 607
4502 2 2 6 116 1851 1856 1852
4503 2 2 6 116 1961 2639 2458
4504 2 2 6 116 2388 2621 1336
4505 2 2 6 116 1285 2593 2517
4506 2 2 6 116 1694 2625 2204
4507 2 2 6 116 2615 2644 2305
4508 2 2 6 116 1773 2619 584
4509 2 2 6 116 2064 2648 2294
4510 2 2 6 116 517 2619 2434
4511 2 2 6 116 1645 1957 1643
4512 2 2 6 116 2048 2049 1366
4513 2 2 6 116 1627 1629 1628
4514 2 2 6 116 2436 2633 1332
4515 2 2 6 116 2257 2657 1323
4516 2 2 6 116 2437 2460 1318
4517 2 2 6 116 2022 2044 1997
4518 2 2 6 116 2002 2004 1778
4519 2 2 6 116 2380 2509 2381
4520 2 2 6 116 1935 2470 2469
4521 2 2 6 116 1927 2449 1922
4522 2 2 6 116 1700 1716 1698
4523 2 2 6 116 2417 2526 2462
4524 2 2 6 116 2040 2453 1965
4525 2 2 6 116 2253 2639 1331
4526 2 2 6 116 1308 2503 2474
4527 2 2 6 116 1380 1381 1379
4528 2 2 6 116 1852 2507 1869
4529 2 2 6 116 2048 2050 2049
4530 2 2 6 116 2305 2644 1784
4531 2 2 6 116 2294 2648 1777
4532 2 2 6 116 1929 1974 1944
4533 2 2 6 116 2465 2499 2463
4534 2 2 6 116 2065 2648 2064
4535 2 2 6 116 1322 2646 2226
4536 2 2 6 116 2249 2647 1273
4537 2 2 6 116 1273 2647 2446
4538 2 2 6 116 1997 2455 1996
4539 2 2 6 116 2079 2515 1942
4540 2 2 6 116 1379 1456 1377
4541 2 2 6 116 2339 2653 1690
4542 2 2 6 116 542 2630 541
4543 2 2 6 116 1865 2659 2155
4544 2 2 6 116 1881 2497 1884
4545 2 2 6 116 2659 2665 2155
4546 2 2 6 116 1765 2618 2454
4547 2 2 6 116 1956 2661 2058
4548 2 2 6 116 1984 2522 1985
4549 2 2 6 116 1924 2563 2526
4550 2 2 6 116 1724 2514 1722
4551 2 2 6 116 2155 2665 1952
4552 2 2 6 116 1681 1728 1727
4553 2 2 6 116 1880 1966 1882
4554 2 2 6 116 2132 2685 2130
4555 2 2 6 116 2597 2637 1711
4556 2 2 6 116 1954 2670 1998
4557 2 2 6 116 1627 1628 1625
4558 2 2 6 116 1914 2433 1915
4559 2 2 6 116 1959 2676 2335
4560 2 2 6 116 1959 2679 2676
4561 2 2 6 116 2220 2679 1959
4562 2 2 6 116 2220 2680 2679
4563 2 2 6 116 1960 2680 2220
4564 2 2 6 116 1849 2018 1851
4565 2 2 6 116 1960 2684 2680
4566 2 2 6 116 2020 2682 1972
4567 2 2 6 116 2353 2684 1960
4568 2 2 6 116 2682 2687 1972
4569 2 2 6 116 2353 2688 2684
4570 2 2 6 116 2168 2686 2169
4571 2 2 6 116 1972 2687 1962
4572 2 2 6 116 2107 2688 2353
4573 2 2 6 116 2168 2690 2686
4574 2 2 6 116 2687 2690 1962
4575 2 2 6 116 2107 2691 2688
4576 2 2 6 116 1962 2690 2168
4577 2 2 6 116 2092 2691 2107
4578 2 2 6 116 2092 2693 2691
4579 2 2 6 116 2091 2693 2092
4580 2 2 6 116 1843 2695 1755
4581 2 2 6 116 2412 2560 2000
4582 2 2 6 116 2171 2696 2173
4583 2 2 6 116 1994 2395 1933
4584 2 2 6 116 2005 2634 1953
4585 2 2 6 116 2150 2633 2436
4586 2 2 6 116 1947 1996 1946
4587 2 2 6 116 1935 2678 2513
4588 2 2 6 116 2517 2654 2471
4589 2 2 6 116 1966 2452 1882
4590 2 2 6 116 1655 1919 1863
4591 2 2 6 116 1346 1946 1861
4592 2 2 6 116 1361 1362 1360
4593 2 2 6 116 1652 1695 1653
4594 2 2 6 116 1349 1350 1348
4595 2 2 6 116 2491 2677 2506
4596 2 2 6 116 1875 2628 536
4597 2 2 6 116 535 2627 1874
4598 2 2 6 116 513 2672 512
4599 2 2 6 116 1722 2514 1785
4600 2 2 6 116 2464 2466 2465
4601 2 2 6 116 494 2698 493
4602 2 2 6 116 496 2700 495
4603 2 2 6 116 501 2702 500
4604 2 2 6 116 500 2703 499
4605 2 2 6 116 1877 2692 1975
4606 2 2 6 116 1987 1989 1988
4607 2 2 6 116 1989 1991 1990
4608 2 2 6 116 2035 2669 1319
4609 2 2 6 116 1991 2437 1993
4610 2 2 6 116 1363 1364 1362
4611 2 2 6 116 1351 1352 1350
4612 2 2 6 116 1695 1848 1696
4613 2 2 6 116 1919 2431 1936
4614 2 2 6 116 1353 1354 1352
4615 2 2 6 116 1365 1368 1364
4616 2 2 6 116 1369 1370 1368
4617 2 2 6 116 1355 1357 1354
4618 2 2 6 116 1371 1372 1370
4619 2 2 6 116 1358 1715 1357
4620 2 2 6 116 1871 1914 1715
4621 2 2 6 116 1373 1374 1372
4622 2 2 6 116 2050 2051 2049
4623 2 2 6 116 1918 2032 552
4624 2 2 6 116 521 2071 1326
4625 2 2 6 116 1318 2034 548
4626 2 2 6 116 2066 2694 1854
4627 2 2 6 116 1375 1681 1374
4628 2 2 6 116 1290 2701 2492
4629 2 2 6 116 2702 2703 500
4630 2 2 6 116 1681 2552 2055
4631 2 2 6 116 1974 2612 1944
4632 2 2 6 116 2449 2602 1926
4633 2 2 6 116 1326 2071 2028
4634 2 2 6 116 1966 2705 2663
4635 2 2 6 116 1884 2497 1976
4636 2 2 6 116 2636 2710 1711
4637 2 2 6 116 56 1913 1854
4638 2 2 6 116 1932 1933 55
4639 2 2 6 116 2513 2567 2471
4640 2 2 6 116 1327 2512 550
4641 2 2 6 116 2496 2609 2030
4642 2 2 6 116 2434 2619 1773
4643 2 2 6 116 2052 2600 1771
4644 2 2 6 116 2445 2628 1875
4645 2 2 6 116 1874 2627 2444
4646 2 2 6 116 2670 2672 1998
4647 2 2 6 116 1952 2709 2420
4648 2 2 6 116 2535 2697 1314
4649 2 2 6 116 1936 2677 2595
4650 2 2 6 116 77 2559 6
4651 2 2 6 116 7 2558 80
4652 2 2 6 116 74 2542 73
4653 2 2 6 116 5 2545 78
4654 2 2 6 116 84 2541 83
4655 2 2 6 116 4 1304 76
4656 2 2 6 116 8 1343 82
4657 2 2 6 116 3 1312 74
4658 2 2 6 116 83 1313 10
4659 2 2 6 116 86 2538 85
4660 2 2 6 116 2 1329 72
4661 2 2 6 116 75 1344 5
4662 2 2 6 116 79 2536 8
4663 2 2 6 116 85 1328 11
4664 2 2 6 116 70 2439 69
4665 2 2 6 116 76 2537 75
4666 2 2 6 116 78 1297 77
4667 2 2 6 116 80 1296 79
4668 2 2 6 116 88 2440 87
4669 2 2 6 116 81 1305 9
4670 2 2 6 116 72 2539 71
4671 2 2 6 116 11 2544 88
4672 2 2 6 116 69 2543 2
4673 2 2 6 116 73 2551 4
4674 2 2 6 116 9 2550 84
4675 2 2 6 116 82 2549 81
4676 2 2 6 116 10 2547 86
4677 2 2 6 116 71 2546 3
4678 2 2 6 116 2045 2689 2508
4679 2 2 6 116 2549 2667 1305
4680 2 2 6 116 2430 2697 1964
4681 2 2 6 116 2491 2506 1937
4682 2 2 6 116 1878 2597 1880
4683 2 2 6 116 1774 2626 2438
4684 2 2 6 116 1358 2658 1871
4685 2 2 6 116 2433 2634 1311
4686 2 2 6 116 2030 2609 2540
4687 2 2 6 116 2033 2704 2548
4688 2 2 6 116 1724 2515 2514
4689 2 2 6 116 2597 2705 1966
4690 2 2 6 116 2052 2586 1281
4691 2 2 6 116 1650 2584 1284
4692 2 2 6 116 1649 2584 1650
4693 2 2 6 116 1346 2580 1288
4694 2 2 6 116 1347 2581 1348
4695 2 2 6 116 1348 2581 1283
4696 2 2 6 116 1345 2580 1346
4697 2 2 6 116 1652 2585 1287
4698 2 2 6 116 1655 2592 1654
4699 2 2 6 116 1771 2586 2052
4700 2 2 6 116 1651 2585 1652
4701 2 2 6 116 1316 2592 1655
4702 2 2 6 116 2453 2490 1965
4703 2 2 6 116 1785 2514 1927
4704 2 2 6 116 2438 2626 554
4705 2 2 6 116 1622 2636 2495
4706 2 2 6 116 1944 2612 2383
4707 2 2 6 116 1955 2706 2421
4708 2 2 6 116 1856 2507 1852
4709 2 2 6 116 2044 2455 1997
4710 2 2 6 116 2588 2697 2430
4711 2 2 6 116 2049 2607 2060
4712 2 2 6 116 2076 2640 2510
4713 2 2 6 116 2452 2663 1619
4714 2 2 6 116 1626 2601 1627
4715 2 2 6 116 2490 2533 2006
4716 2 2 6 116 2071 2521 2028
4717 2 2 6 116 2595 2677 1650
4718 2 2 6 116 1965 2490 2006
4719 2 2 6 116 2472 2478 296
4720 2 2 6 116 278 2487 2418
4721 2 2 6 116 280 2479 1271
4722 2 2 6 116 282 2480 2012
4723 2 2 6 116 288 2484 1269
4724 2 2 6 116 286 2482 2001
4725 2 2 6 116 292 2476 1309
4726 2 2 6 116 1272 2485 294
4727 2 2 6 116 1271 2487 279
4728 2 2 6 116 2012 2479 281
4729 2 2 6 116 1294 2480 283
4730 2 2 6 116 1269 2482 287
4731 2 2 6 116 2418 2488 277
4732 2 2 6 116 1951 2484 289
4733 2 2 6 116 2001 2481 285
4734 2 2 6 116 1309 2477 291
4735 2 2 6 116 284 2481 1294
4736 2 2 6 116 290 2477 1951
4737 2 2 6 116 295 2478 1272
4738 2 2 6 116 293 2485 2476
4739 2 2 6 116 2433 2641 1915
4740 2 2 6 116 1308 2472 297
4741 2 2 6 116 276 2488 1295
4742 2 2 6 116 1979 2614 2453
4743 2 2 6 116 1926 2602 1929
4744 2 2 6 116 1295 2463 15
4745 2 2 6 116 2458 2639 2253
4746 2 2 6 116 2665 2709 1952
4747 2 2 6 116 2022 2570 2044
4748 2 2 6 116 2573 2583 2535
4749 2 2 6 116 2426 2570 2022
4750 2 2 6 116 1308 2473 2472
4751 2 2 6 116 1318 2460 2034
4752 2 2 6 116 16 2503 1308
4753 2 2 6 116 2476 2511 1309
4754 2 2 6 116 1269 2483 2482
4755 2 2 6 116 1272 2486 2485
4756 2 2 6 116 2418 2598 2488
4757 2 2 6 116 1951 2524 2484
4758 2 2 6 116 1778 2562 1700
4759 2 2 6 116 1323 2657 2489
4760 2 2 6 116 1698 2566 1645
4761 2 2 6 116 2483 2674 1999
4762 2 2 6 116 2454 2513 1764
4763 2 2 6 116 1284 2595 1650
4764 2 2 6 116 2053 2575 1772
4765 2 2 6 116 1913 2066 1854
4766 2 2 6 116 1932 1994 1933
4767 2 2 6 116 1985 2522 1987
4768 2 2 6 116 2506 2711 1844
4769 2 2 6 116 2475 2640 2076
4770 2 2 6 116 1978 2614 1979
4771 2 2 6 116 42 2571 433
4772 2 2 6 116 34 2593 397
4773 2 2 6 116 378 2572 34
4774 2 2 6 116 435 2574 434
4775 2 2 6 116 360 2576 30
4776 2 2 6 116 17 1283 299
4777 2 2 6 116 31 2573 363
4778 2 2 6 116 43 1279 417
4779 2 2 6 116 47 1772 435
4780 2 2 6 116 50 2579 469
4781 2 2 6 116 54 1651 487
4782 2 2 6 116 486 1983 56
4783 2 2 6 116 451 1649 450
4784 2 2 6 116 469 1287 468
4785 2 2 6 116 471 1366 470
4786 2 2 6 116 298 1347 7
4787 2 2 6 116 23 1771 327
4788 2 2 6 116 345 1281 344
4789 2 2 6 116 319 1288 22
4790 2 2 6 116 27 2578 345
4791 2 2 6 116 343 1345 342
4792 2 2 6 116 361 1286 360
4793 2 2 6 116 363 1314 362
4794 2 2 6 116 379 1315 378
4795 2 2 6 116 381 1280 380
4796 2 2 6 116 397 1285 396
4797 2 2 6 116 414 1316 42
4798 2 2 6 116 6 1648 320
4799 2 2 6 116 416 1359 39
4800 2 2 6 116 399 1317 398
4801 2 2 6 116 38 1654 415
4802 2 2 6 116 432 1284 46
4803 2 2 6 116 453 1282 452
4804 2 2 6 116 342 2591 26
4805 2 2 6 116 51 2590 453
4806 2 2 6 116 470 2589 51
4807 2 2 6 116 380 2583 31
4808 2 2 6 116 326 2582 17
4809 2 2 6 116 22 2580 343
4810 2 2 6 116 468 2585 54
4811 2 2 6 116 415 2592 414
4812 2 2 6 116 362 2588 27
4813 2 2 6 116 299 2581 298
4814 2 2 6 116 46 2584 451
4815 2 2 6 116 26 2587 361
4816 2 2 6 116 344 2586 23
4817 2 2 6 116 433 2594 432
4818 2 2 6 116 2051 2606 2599
4819 2 2 6 116 1295 2464 2463
4820 2 2 6 116 2677 2711 2506
4821 2 2 6 116 1377 2552 1375
4822 2 2 6 116 2532 2668 35
4823 2 2 6 116 1357 2604 1783
4824 2 2 6 116 1370 2605 1945
4825 2 2 6 116 2130 2685 2520
4826 2 2 6 116 2033 2638 2554
4827 2 2 6 116 2463 2499 476
4828 2 2 6 116 2526 2563 2462
4829 2 2 6 116 1622 2710 2636
4830 2 2 6 116 2437 2629 2460
4831 2 2 6 116 1991 2699 2437
4832 2 2 6 116 2498 2534 1268
4833 2 2 6 116 2500 2613 1941
4834 2 2 6 116 1648 2652 2518
4835 2 2 6 116 1880 2597 1966
4836 2 2 6 116 1711 2705 2597
4837 2 2 6 116 1920 2618 1919
4838 2 2 6 116 1268 2502 473
4839 2 2 6 116 474 2498 1268
4840 2 2 6 116 482 2500 1941
4841 2 2 6 116 1941 2503 481
4842 2 2 6 116 1270 2500 483
4843 2 2 6 116 484 2501 1270
4844 2 2 6 116 475 2499 2498
4845 2 2 6 116 2605 2658 1945
4846 2 2 6 116 1456 2552 1377
4847 2 2 6 116 2490 2553 2533
4848 2 2 6 116 2489 2657 2202
4849 2 2 6 116 2492 2701 2065
4850 2 2 6 116 450 2656 50
4851 2 2 6 116 2529 2638 2548
4852 2 2 6 116 2050 2606 2051
4853 2 2 6 116 2381 2675 2018
4854 2 2 6 116 1711 2637 2635
4855 2 2 6 116 1625 2616 1623
4856 2 2 6 116 1375 2552 1681
4857 2 2 6 116 1657 2642 2452
4858 2 2 6 116 1650 2677 2491
4859 2 2 6 116 2452 2642 1882
4860 2 2 6 116 2471 2654 2577
4861 2 2 6 116 472 2502 1932
4862 2 2 6 116 1854 2501 485
4863 2 2 6 116 2065 2701 2525
4864 2 2 6 116 2598 2708 2707
4865 2 2 6 116 2004 2617 2562
4866 2 2 6 116 1700 2562 1716
4867 2 2 6 116 1628 2616 1625
4868 2 2 6 116 1645 2566 1957
4869 2 2 6 116 2464 2708 2466
4870 2 2 6 116 2051 2607 2049
4871 2 2 6 116 1929 2602 1974
4872 2 2 6 116 2433 2660 1953
4873 2 2 6 116 1 2631 70
4874 2 2 6 116 87 2632 12
4875 2 2 6 116 2004 2562 1778
4876 2 2 6 116 1716 2566 1698
4877 2 2 6 116 2604 2629 1783
4878 2 2 6 116 2577 2654 1315
4879 2 2 6 116 2002 2669 2004
4880 2 2 6 116 1878 2637 2597
4881 2 2 6 116 2443 2699 1991
4882 2 2 6 116 35 2668 381
4883 2 2 6 116 1936 2711 2677
4884 2 2 6 116 1623 2616 1753
4885 2 2 6 116 1372 2605 1370
4886 2 2 6 116 1715 2604 1357
4887 2 2 6 116 1312 2609 2542
4888 2 2 6 116 2547 2548 2538
4889 2 2 6 116 2454 2567 2513
4890 2 2 6 116 2513 2678 1764
4891 2 2 6 116 1979 2651 2532
4892 2 2 6 116 2466 2708 2563
4893 2 2 6 116 1753 2706 2448
4894 2 2 6 116 1919 2618 2431
4895 2 2 6 116 2548 2638 2033
4896 2 2 6 116 2579 2645 1862
4897 2 2 6 116 2437 2699 2629
4898 2 2 6 116 1327 2554 2523
4899 2 2 6 116 2537 2603 1344
4900 2 2 6 116 1869 2635 1876
4901 2 2 6 116 1953 2634 2433
4902 2 2 6 116 1280 2668 2651
4903 2 2 6 116 1314 2697 2588
4904 2 2 6 116 2507 2635 1869
4905 2 2 6 116 1876 2637 1878
4906 2 2 6 116 2594 2595 1284
4907 2 2 6 116 1772 2575 2574
4908 2 2 6 116 1311 2650 546
4909 2 2 6 116 2587 2611 1286
4910 2 2 6 116 1945 2658 2533
4911 2 2 6 116 1914 2660 2433
4912 2 2 6 116 2563 2708 2462
4913 2 2 6 116 2449 2662 1489
4914 2 2 6 116 1999 2674 2524
4915 2 2 6 116 1964 2697 2535
4916 2 2 6 116 1992 2638 2529
4917 2 2 6 116 2462 2708 2598
4918 2 2 6 116 1711 2710 2705
4919 2 2 6 116 2651 2668 2532
4920 2 2 6 116 2533 2553 1945
4921 2 2 6 116 2629 2699 1783
4922 2 2 6 116 2431 2711 1936
4923 2 2 6 116 1315 2654 2572
4924 2 2 6 116 2663 2705 1620
4925 2 2 6 116 2559 2652 1648
4926 2 2 6 116 1716 2689 2566
4927 2 2 6 116 2598 2707 2488
4928 2 2 6 116 1269 2674 2483
4929 2 2 6 116 2476 2673 2511
4930 2 2 6 116 2486 2673 2485
4931 2 2 6 116 2524 2674 2484
4932 2 2 6 116 1927 2662 2449
4933 2 2 6 116 2635 2637 1876
4934 2 2 6 116 2485 2673 2476
4935 2 2 6 116 2484 2674 1269
4936 2 2 6 116 1312 2542 74
4937 2 2 6 116 83 2541 1313
4938 2 2 6 116 81 2549 1305
4939 2 2 6 116 78 2545 1297
4940 2 2 6 116 1296 2536 79
4941 2 2 6 116 75 2537 1344
4942 2 2 6 116 85 2538 1328
4943 2 2 6 116 88 2544 2440
4944 2 2 6 116 1329 2539 72
4945 2 2 6 116 2439 2543 69
4946 2 2 6 116 3 2546 1312
4947 2 2 6 116 8 2536 1343
4948 2 2 6 116 1304 2537 76
4949 2 2 6 116 1313 2547 10
4950 2 2 6 116 4 2551 1304
4951 2 2 6 116 1344 2545 5
4952 2 2 6 116 1305 2550 9
4953 2 2 6 116 1328 2544 11
4954 2 2 6 116 2 2543 1329
4955 2 2 6 116 86 2547 2538
4956 2 2 6 116 2542 2551 73
4957 2 2 6 116 84 2550 2541
4958 2 2 6 116 2539 2546 71
4959 2 2 6 116 1343 2549 82
4960 2 2 6 116 1783 2699 2443
4961 2 2 6 116 1295 2707 2464
4962 2 2 6 116 1779 2655 2455
4963 2 2 6 116 2543 2671 1329
4964 2 2 6 116 80 2558 1296
4965 2 2 6 116 1297 2559 77
4966 2 2 6 116 2488 2707 1295
4967 2 2 6 116 2440 2632 87
4968 2 2 6 116 70 2631 2439
4969 2 2 6 116 1347 2558 7
4970 2 2 6 116 6 2559 1648
4971 2 2 6 116 2707 2708 2464
4972 2 2 6 116 1328 2704 2544
4973 2 2 6 116 1316 2571 42
4974 2 2 6 116 2572 2593 34
4975 2 2 6 116 469 2579 1287
4976 2 2 6 116 343 2580 1345
4977 2 2 6 116 1315 2572 378
4978 2 2 6 116 363 2573 1314
4979 2 2 6 116 31 2583 2573
4980 2 2 6 116 451 2584 1649
4981 2 2 6 116 453 2590 1282
4982 2 2 6 116 432 2594 1284
4983 2 2 6 116 397 2593 1285
4984 2 2 6 116 23 2586 1771
4985 2 2 6 116 1286 2576 360
4986 2 2 6 116 345 2578 1281
4987 2 2 6 116 27 2588 2578
4988 2 2 6 116 17 2582 1283
4989 2 2 6 116 1772 2574 435
4990 2 2 6 116 26 2591 2587
4991 2 2 6 116 54 2585 1651
4992 2 2 6 116 298 2581 1347
4993 2 2 6 116 1345 2591 342
4994 2 2 6 116 1366 2589 470
4995 2 2 6 116 414 2592 1316
4996 2 2 6 116 1654 2592 415
4997 2 2 6 116 2589 2590 51
4998 2 2 6 116 1283 2581 299
4999 2 2 6 116 1287 2585 468
5000 2 2 6 116 1280 2583 380
5001 2 2 6 116 361 2587 1286
5002 2 2 6 116 1314 2588 362
5003 2 2 6 116 1288 2580 22
5004 2 2 6 116 1284 2584 46
5005 2 2 6 116 1281 2586 344
5006 2 2 6 116 2571 2594 433
5007 2 2 6 116 2634 2650 1311
5008 2 2 6 116 1649 2656 450
5009 2 2 6 116 50 2656 2579
5010 2 2 6 116 381 2668 1280
5011 2 2 6 116 2645 2656 1649
5012 2 2 6 116 2579 2656 2645
5013 2 2 6 116 2005 2650 2634
5014 2 2 6 116 2705 2710 1620
5015 2 2 6 116 2060 2590 2589
5016 2 2 6 116 30 1315 379
5017 2 2 6 116 396 1654 38
5018 2 2 6 116 39 1317 399
5019 2 2 6 116 434 1279 43
5020 2 2 6 116 452 1772 47
5021 2 2 6 116 320 1288 319
5022 2 2 6 116 327 2582 326
5023 2 2 6 116 417 1359 416
5024 2 2 6 116 487 1983 486
5025 2 2 6 116 1270 2613 2500
5026 2 2 6 116 2478 2486 1272
5027 2 2 6 116 1352 2443 1356
5028 2 2 6 116 1996 2469 1946
5029 2 2 6 116 2477 2524 1951
5030 2 2 6 116 2473 2478 2472
5031 2 2 106 117 2717 2718 2721
5032 2 2 106 117 2716 2719 2720
5033 2 2 106 117 2714 2717 2721
5034 2 2 106 117 2715 2716 2720
5035 2 2 106 117 309 308 2714
5036 2 2 106 117 302 303 2715
5037 2 2 106 117 2715 2714 2721
5038 2 2 106 117 2714 2715 2720
5039 2 2 106 117 303 304 2716
5040 2 2 106 117 308 307 2717
5041 2 2 106 117 2716 304 2723
5042 2 2 106 117 2717 307 2724
5043 2 2 106 117 304 18 2723
5044 2 2 106 117 307 7 2724
5045 2 2 106 117 19 311 2722
5046 2 2 106 117 17 300 2725
5047 2 2 106 117 2713 2716 2723
5048 2 2 106 117 2712 2717 2724
5049 2 2 106 117 2715 303 2716
5050 2 2 106 117 2714 308 2717
5051 2 2 106 117 309 2714 2720
5052 2 2 106 117 302 2715 2721
5053 2 2 106 117 298 299 2712
5054 2 2 106 117 306 305 2713
5055 2 2 106 117 300 301 2718
5056 2 2 106 117 311 310 2719
5057 2 2 106 117 2718 2712 2725
5058 2 2 106 117 2719 2713 2722
5059 2 2 106 117 310 309 2720
5060 2 2 106 117 301 302 2721
5061 2 2 106 117 2719 310 2720
5062 2 2 106 117 2718 301 2721
5063 2 2 106 117 311 2719 2722
5064 2 2 106 117 300 2718 2725
5065 2 2 106 117 2717 2712 2718
5066 2 2 106 117 2716 2713 2719
5067 2 2 106 117 18 306 2723
5068 2 2 106 117 305 19 2722
5069 2 2 106 117 7 298 2724
5070 2 2 106 117 299 17 2725
5071 2 2 106 117 306 2713 2723
5072 2 2 106 117 298 2712 2724
5073 2 2 106 117 2712 299 2725
5074 2 2 106 117 2713 305 2722
5075 2 2 106 118 2731 2732 2735
5076 2 2 106 118 2730 2733 2734
5077 2 2 106 118 2728 2731 2735
5078 2 2 106 118 2729 2730 2734
5079 2 2 106 118 323 322 2728
5080 2 2 106 118 316 317 2729
5081 2 2 106 118 2729 2728 2735
5082 2 2 106 118 2728 2729 2734
5083 2 2 106 118 317 318 2730
5084 2 2 106 118 322 321 2731
5085 2 2 106 118 2730 318 2737
5086 2 2 106 118 2731 321 2739
5087 2 2 106 118 20 314 2736
5088 2 2 106 118 6 325 2738
5089 2 2 106 118 321 21 2739
5090 2 2 106 118 318 22 2737
5091 2 2 106 118 2727 2730 2737
5092 2 2 106 118 2726 2731 2739
5093 2 2 106 118 2728 322 2731
5094 2 2 106 118 2729 317 2730
5095 2 2 106 118 323 2728 2734
5096 2 2 106 118 316 2729 2735
5097 2 2 106 118 313 312 2726
5098 2 2 106 118 319 320 2727
5099 2 2 106 118 325 324 2733
5100 2 2 106 118 314 315 2732
5101 2 2 106 118 2732 2726 2736
5102 2 2 106 118 2733 2727 2738
5103 2 2 106 118 324 323 2734
5104 2 2 106 118 315 316 2735
5105 2 2 106 118 2733 324 2734
5106 2 2 106 118 2732 315 2735
5107 2 2 106 118 314 2732 2736
5108 2 2 106 118 325 2733 2738
5109 2 2 106 118 2731 2726 2732
5110 2 2 106 118 2730 2727 2733
5111 2 2 106 118 320 6 2738
5112 2 2 106 118 22 319 2737
5113 2 2 106 118 21 313 2739
5114 2 2 106 118 312 20 2736
5115 2 2 106 118 2726 312 2736
5116 2 2 106 118 2727 320 2738
5117 2 2 106 118 319 2727 2737
5118 2 2 106 118 313 2726 2739
5119 2 2 107 119 2744 2747 2748
5120 2 2 107 119 2745 2746 2749
5121 2 2 107 119 2743 2744 2748
5122 2 2 107 119 2742 2745 2749
5123 2 2 107 119 302 301 2742
5124 2 2 107 119 330 331 2743
5125 2 2 107 119 2742 2743 2748
5126 2 2 107 119 2743 2742 2749
5127 2 2 107 119 331 332 2744
5128 2 2 107 119 301 300 2745
5129 2 2 107 119 2745 300 2752
5130 2 2 107 119 2744 332 2750
5131 2 2 107 119 332 24 2750
5132 2 2 107 119 23 328 2753
5133 2 2 107 119 300 17 2752
5134 2 2 107 119 18 304 2751
5135 2 2 107 119 2741 2744 2750
5136 2 2 107 119 2740 2745 2752
5137 2 2 107 119 2743 331 2744
5138 2 2 107 119 2742 301 2745
5139 2 2 107 119 330 2743 2749
5140 2 2 107 119 302 2742 2748
5141 2 2 107 119 334 333 2741
5142 2 2 107 119 326 327 2740
5143 2 2 107 119 328 329 2746
5144 2 2 107 119 304 303 2747
5145 2 2 107 119 2746 2740 2753
5146 2 2 107 119 2747 2741 2751
5147 2 2 107 119 329 330 2749
5148 2 2 107 119 303 302 2748
5149 2 2 107 119 2746 329 2749
5150 2 2 107 119 2747 303 2748
5151 2 2 107 119 304 2747 2751
5152 2 2 107 119 328 2746 2753
5153 2 2 107 119 2744 2741 2747
5154 2 2 107 119 2745 2740 2746
5155 2 2 107 119 327 23 2753
5156 2 2 107 119 333 18 2751
5157 2 2 107 119 17 326 2752
5158 2 2 107 119 24 334 2750
5159 2 2 107 119 2740 327 2753
5160 2 2 107 119 334 2741 2750
5161 2 2 107 119 2741 333 2751
5162 2 2 107 119 326 2740 2752
5163 2 2 107 120 2758 2761 2762
5164 2 2 107 120 2759 2760 2763
5165 2 2 107 120 2757 2758 2762
5166 2 2 107 120 2756 2759 2763
5167 2 2 107 120 316 315 2756
5168 2 2 107 120 339 340 2757
5169 2 2 107 120 2756 2757 2762
5170 2 2 107 120 2757 2756 2763
5171 2 2 107 120 340 341 2758
5172 2 2 107 120 315 314 2759
5173 2 2 107 120 2759 314 2766
5174 2 2 107 120 2758 341 2764
5175 2 2 107 120 22 318 2765
5176 2 2 107 120 25 337 2767
5177 2 2 107 120 341 26 2764
5178 2 2 107 120 314 20 2766
5179 2 2 107 120 2754 2759 2766
5180 2 2 107 120 2755 2758 2764
5181 2 2 107 120 2757 340 2758
5182 2 2 107 120 2756 315 2759
5183 2 2 107 120 339 2757 2763
5184 2 2 107 120 316 2756 2762
5185 2 2 107 120 336 335 2754
5186 2 2 107 120 342 343 2755
5187 2 2 107 120 337 338 2760
5188 2 2 107 120 318 317 2761
5189 2 2 107 120 2761 2755 2765
5190 2 2 107 120 2760 2754 2767
5191 2 2 107 120 338 339 2763
5192 2 2 107 120 317 316 2762
5193 2 2 107 120 2760 338 2763
5194 2 2 107 120 2761 317 2762
5195 2 2 107 120 318 2761 2765
5196 2 2 107 120 337 2760 2767
5197 2 2 107 120 2758 2755 2761
5198 2 2 107 120 2759 2754 2760
5199 2 2 107 120 335 25 2767
5200 2 2 107 120 26 342 2764
5201 2 2 107 120 20 336 2766
5202 2 2 107 120 343 22 2765
5203 2 2 107 120 2755 343 2765
5204 2 2 107 120 2754 335 2767
5205 2 2 107 120 342 2755 2764
5206 2 2 107 120 336 2754 2766
5207 2 2 108 121 2773 2774 2776
5208 2 2 108 121 2772 2775 2777
5209 2 2 108 121 2770 2773 2776
5210 2 2 108 121 2771 2772 2777
5211 2 2 108 121 348 349 2771
5212 2 2 108 121 330 329 2770
5213 2 2 108 121 2770 2771 2777
5214 2 2 108 121 2771 2770 2776
5215 2 2 108 121 349 350 2772
5216 2 2 108 121 329 328 2773
5217 2 2 108 121 2772 350 2779
5218 2 2 108 121 2773 328 2780
5219 2 2 108 121 350 28 2779
5220 2 2 108 121 27 346 2781
5221 2 2 108 121 24 332 2778
5222 2 2 108 121 328 23 2780
5223 2 2 108 121 2769 2772 2779
5224 2 2 108 121 2768 2773 2780
5225 2 2 108 121 2771 349 2772
5226 2 2 108 121 2770 329 2773
5227 2 2 108 121 348 2771 2776
5228 2 2 108 121 330 2770 2777
5229 2 2 108 121 352 351 2769
5230 2 2 108 121 344 345 2768
5231 2 2 108 121 346 347 2774
5232 2 2 108 121 332 331 2775
5233 2 2 108 121 2774 2768 2781
5234 2 2 108 121 2775 2769 2778
5235 2 2 108 121 347 348 2776
5236 2 2 108 121 331 330 2777
5237 2 2 108 121 2774 347 2776
5238 2 2 108 121 2775 331 2777
5239 2 2 108 121 346 2774 2781
5240 2 2 108 121 332 2775 2778
5241 2 2 108 121 2773 2768 2774
5242 2 2 108 121 2772 2769 2775
5243 2 2 108 121 345 27 2781
5244 2 2 108 121 28 352 2779
5245 2 2 108 121 351 24 2778
5246 2 2 108 121 23 344 2780
5247 2 2 108 121 2768 345 2781
5248 2 2 108 121 352 2769 2779
5249 2 2 108 121 2769 351 2778
5250 2 2 108 121 344 2768 2780
5251 2 2 108 122 2788 2787 2790
5252 2 2 108 122 2789 2786 2791
5253 2 2 108 122 2787 2784 2790
5254 2 2 108 122 2786 2785 2791
5255 2 2 108 122 356 357 2785
5256 2 2 108 122 340 339 2784
5257 2 2 108 122 2785 2784 2791
5258 2 2 108 122 2784 2785 2790
5259 2 2 108 122 355 356 2786
5260 2 2 108 122 341 340 2787
5261 2 2 108 122 355 2786 2795
5262 2 2 108 122 341 2787 2792
5263 2 2 108 122 359 30 2793
5264 2 2 108 122 29 355 2795
5265 2 2 108 122 337 25 2794
5266 2 2 108 122 26 341 2792
5267 2 2 108 122 2786 2782 2795
5268 2 2 108 122 2787 2783 2792
5269 2 2 108 122 340 2784 2787
5270 2 2 108 122 356 2785 2786
5271 2 2 108 122 2785 357 2790
5272 2 2 108 122 2784 339 2791
5273 2 2 108 122 354 353 2782
5274 2 2 108 122 360 361 2783
5275 2 2 108 122 358 359 2788
5276 2 2 108 122 338 337 2789
5277 2 2 108 122 2783 2788 2793
5278 2 2 108 122 2782 2789 2794
5279 2 2 108 122 357 358 2790
5280 2 2 108 122 339 338 2791
5281 2 2 108 122 358 2788 2790
5282 2 2 108 122 338 2789 2791
5283 2 2 108 122 2788 359 2793
5284 2 2 108 122 2789 337 2794
5285 2 2 108 122 2782 2786 2789
5286 2 2 108 122 2783 2787 2788
5287 2 2 108 122 361 26 2792
5288 2 2 108 122 353 29 2795
5289 2 2 108 122 25 354 2794
5290 2 2 108 122 30 360 2793
5291 2 2 108 122 360 2783 2793
5292 2 2 108 122 2782 353 2795
5293 2 2 108 122 354 2782 2794
5294 2 2 108 122 2783 361 2792
5295 2 2 109 123 2801 2802 2805
5296 2 2 109 123 2800 2803 2804
5297 2 2 109 123 2798 2801 2805
5298 2 2 109 123 2799 2800 2804
5299 2 2 109 123 348 347 2798
5300 2 2 109 123 366 367 2799
5301 2 2 109 123 2799 2798 2805
5302 2 2 109 123 2798 2799 2804
5303 2 2 109 123 367 368 2800
5304 2 2 109 123 347 346 2801
5305 2 2 109 123 2800 368 2806
5306 2 2 109 123 2801 346 2808
5307 2 2 109 123 31 364 2809
5308 2 2 109 123 368 32 2806
5309 2 2 109 123 346 27 2808
5310 2 2 109 123 28 350 2807
5311 2 2 109 123 2797 2800 2806
5312 2 2 109 123 2796 2801 2808
5313 2 2 109 123 2799 367 2800
5314 2 2 109 123 2798 347 2801
5315 2 2 109 123 348 2798 2804
5316 2 2 109 123 366 2799 2805
5317 2 2 109 123 362 363 2796
5318 2 2 109 123 370 369 2797
5319 2 2 109 123 364 365 2802
5320 2 2 109 123 350 349 2803
5321 2 2 109 123 2802 2796 2809
5322 2 2 109 123 2803 2797 2807
5323 2 2 109 123 349 348 2804
5324 2 2 109 123 365 366 2805
5325 2 2 109 123 2802 365 2805
5326 2 2 109 123 2803 349 2804
5327 2 2 109 123 364 2802 2809
5328 2 2 109 123 350 2803 2807
5329 2 2 109 123 2800 2797 2803
5330 2 2 109 123 2801 2796 2802
5331 2 2 109 123 369 28 2807
5332 2 2 109 123 27 362 2808
5333 2 2 109 123 363 31 2809
5334 2 2 109 123 32 370 2806
5335 2 2 109 123 2796 363 2809
5336 2 2 109 123 370 2797 2806
5337 2 2 109 123 362 2796 2808
5338 2 2 109 123 2797 369 2807
5339 2 2 109 124 2815 2816 2818
5340 2 2 109 124 2814 2817 2819
5341 2 2 109 124 2813 2815 2818
5342 2 2 109 124 2812 2814 2819
5343 2 2 109 124 357 356 2813
5344 2 2 109 124 375 376 2812
5345 2 2 109 124 2812 2813 2818
5346 2 2 109 124 2813 2812 2819
5347 2 2 109 124 376 377 2814
5348 2 2 109 124 356 355 2815
5349 2 2 109 124 2814 377 2821
5350 2 2 109 124 2815 355 2823
5351 2 2 109 124 33 373 2820
5352 2 2 109 124 377 34 2821
5353 2 2 109 124 355 29 2823
5354 2 2 109 124 30 359 2822
5355 2 2 109 124 2811 2814 2821
5356 2 2 109 124 2810 2815 2823
5357 2 2 109 124 2812 376 2814
5358 2 2 109 124 2813 356 2815
5359 2 2 109 124 357 2813 2819
5360 2 2 109 124 375 2812 2818
5361 2 2 109 124 372 371 2810
5362 2 2 109 124 378 379 2811
5363 2 2 109 124 373 374 2816
5364 2 2 109 124 359 358 2817
5365 2 2 109 124 2816 2810 2820
5366 2 2 109 124 2817 2811 2822
5367 2 2 109 124 358 357 2819
5368 2 2 109 124 374 375 2818
5369 2 2 109 124 2816 374 2818
5370 2 2 109 124 2817 358 2819
5371 2 2 109 124 373 2816 2820
5372 2 2 109 124 359 2817 2822
5373 2 2 109 124 2815 2810 2816
5374 2 2 109 124 2814 2811 2817
5375 2 2 109 124 379 30 2822
5376 2 2 109 124 29 372 2823
5377 2 2 109 124 371 33 2820
5378 2 2 109 124 34 378 2821
5379 2 2 109 124 2810 371 2820
5380 2 2 109 124 378 2811 2821
5381 2 2 109 124 372 2810 2823
5382 2 2 109 124 2811 379 2822
5383 2 2 110 125 2829 2831 2833
5384 2 2 110 125 2828 2830 2832
5385 2 2 110 125 2826 2829 2833
5386 2 2 110 125 2827 2828 2832
5387 2 2 110 125 366 365 2826
5388 2 2 110 125 384 385 2827
5389 2 2 110 125 2827 2826 2833
5390 2 2 110 125 2826 2827 2832
5391 2 2 110 125 365 364 2829
5392 2 2 110 125 385 386 2828
5393 2 2 110 125 2828 386 2836
5394 2 2 110 125 2829 364 2837
5395 2 2 110 125 386 36 2836
5396 2 2 110 125 35 382 2835
5397 2 2 110 125 364 31 2837
5398 2 2 110 125 32 368 2834
5399 2 2 110 125 2825 2828 2836
5400 2 2 110 125 2824 2829 2837
5401 2 2 110 125 2826 365 2829
5402 2 2 110 125 2827 385 2828
5403 2 2 110 125 366 2826 2832
5404 2 2 110 125 384 2827 2833
5405 2 2 110 125 380 381 2824
5406 2 2 110 125 388 387 2825
5407 2 2 110 125 368 367 2830
5408 2 2 110 125 382 383 2831
5409 2 2 110 125 2831 2824 2835
5410 2 2 110 125 2830 2825 2834
5411 2 2 110 125 367 366 2832
5412 2 2 110 125 383 384 2833
5413 2 2 110 125 2830 367 2832
5414 2 2 110 125 2831 383 2833
5415 2 2 110 125 382 2831 2835
5416 2 2 110 125 368 2830 2834
5417 2 2 110 125 2829 2824 2831
5418 2 2 110 125 2828 2825 2830
5419 2 2 110 125 381 35 2835
5420 2 2 110 125 387 32 2834
5421 2 2 110 125 31 380 2837
5422 2 2 110 125 36 388 2836
5423 2 2 110 125 388 2825 2836
5424 2 2 110 125 2824 381 2835
5425 2 2 110 125 380 2824 2837
5426 2 2 110 125 2825 387 2834
5427 2 2 110 126 2845 2843 2847
5428 2 2 110 126 2844 2842 2846
5429 2 2 110 126 2843 2840 2847
5430 2 2 110 126 2842 2841 2846
5431 2 2 110 126 376 375 2840
5432 2 2 110 126 392 393 2841
5433 2 2 110 126 2840 2841 2847
5434 2 2 110 126 2841 2840 2846
5435 2 2 110 126 377 376 2843
5436 2 2 110 126 391 392 2842
5437 2 2 110 126 391 2842 2850
5438 2 2 110 126 377 2843 2848
5439 2 2 110 126 37 391 2850
5440 2 2 110 126 395 38 2851
5441 2 2 110 126 34 377 2848
5442 2 2 110 126 373 33 2849
5443 2 2 110 126 2842 2838 2850
5444 2 2 110 126 2843 2839 2848
5445 2 2 110 126 376 2840 2843
5446 2 2 110 126 392 2841 2842
5447 2 2 110 126 2840 375 2846
5448 2 2 110 126 2841 393 2847
5449 2 2 110 126 390 389 2838
5450 2 2 110 126 396 397 2839
5451 2 2 110 126 374 373 2844
5452 2 2 110 126 394 395 2845
5453 2 2 110 126 2839 2845 2851
5454 2 2 110 126 2838 2844 2849
5455 2 2 110 126 375 374 2846
5456 2 2 110 126 393 394 2847
5457 2 2 110 126 374 2844 2846
5458 2 2 110 126 394 2845 2847
5459 2 2 110 126 2845 395 2851
5460 2 2 110 126 2844 373 2849
5461 2 2 110 126 2839 2843 2845
5462 2 2 110 126 2838 2842 2844
5463 2 2 110 126 397 34 2848
5464 2 2 110 126 33 390 2849
5465 2 2 110 126 389 37 2850
5466 2 2 110 126 38 396 2851
5467 2 2 110 126 2838 389 2850
5468 2 2 110 126 396 2839 2851
5469 2 2 110 126 2839 397 2848
5470 2 2 110 126 390 2838 2849
5471 2 2 111 127 2856 2858 2861
5472 2 2 111 127 2857 2859 2860
5473 2 2 111 127 2854 2856 2861
5474 2 2 111 127 2855 2857 2860
5475 2 2 111 127 384 383 2854
5476 2 2 111 127 402 403 2855
5477 2 2 111 127 2854 2855 2860
5478 2 2 111 127 2855 2854 2861
5479 2 2 111 127 403 404 2857
5480 2 2 111 127 383 382 2856
5481 2 2 111 127 2857 404 2865
5482 2 2 111 127 2856 382 2863
5483 2 2 111 127 404 40 2865
5484 2 2 111 127 382 35 2863
5485 2 2 111 127 36 386 2864
5486 2 2 111 127 39 400 2862
5487 2 2 111 127 2853 2857 2865
5488 2 2 111 127 2852 2856 2863
5489 2 2 111 127 2854 383 2856
5490 2 2 111 127 2855 403 2857
5491 2 2 111 127 402 2855 2861
5492 2 2 111 127 384 2854 2860
5493 2 2 111 127 406 405 2853
5494 2 2 111 127 398 399 2852
5495 2 2 111 127 400 401 2858
5496 2 2 111 127 386 385 2859
5497 2 2 111 127 2859 2853 2864
5498 2 2 111 127 2858 2852 2862
5499 2 2 111 127 401 402 2861
5500 2 2 111 127 385 384 2860
5501 2 2 111 127 2858 401 2861
5502 2 2 111 127 2859 385 2860
5503 2 2 111 127 386 2859 2864
5504 2 2 111 127 400 2858 2862
5505 2 2 111 127 2857 2853 2859
5506 2 2 111 127 2856 2852 2858
5507 2 2 111 127 399 39 2862
5508 2 2 111 127 35 398 2863
5509 2 2 111 127 405 36 2864
5510 2 2 111 127 40 406 2865
5511 2 2 111 127 2853 405 2864
5512 2 2 111 127 398 2852 2863
5513 2 2 111 127 2852 399 2862
5514 2 2 111 127 406 2853 2865
5515 2 2 111 128 2872 2870 2875
5516 2 2 111 128 2873 2871 2874
5517 2 2 111 128 2870 2868 2875
5518 2 2 111 128 2871 2869 2874
5519 2 2 111 128 394 393 2868
5520 2 2 111 128 410 411 2869
5521 2 2 111 128 2869 2868 2874
5522 2 2 111 128 2868 2869 2875
5523 2 2 111 128 409 410 2871
5524 2 2 111 128 395 394 2870
5525 2 2 111 128 409 2871 2879
5526 2 2 111 128 395 2870 2876
5527 2 2 111 128 391 37 2878
5528 2 2 111 128 41 409 2879
5529 2 2 111 128 38 395 2876
5530 2 2 111 128 413 42 2877
5531 2 2 111 128 2871 2866 2879
5532 2 2 111 128 2870 2867 2876
5533 2 2 111 128 410 2869 2871
5534 2 2 111 128 394 2868 2870
5535 2 2 111 128 2869 411 2875
5536 2 2 111 128 2868 393 2874
5537 2 2 111 128 408 407 2866
5538 2 2 111 128 414 415 2867
5539 2 2 111 128 412 413 2872
5540 2 2 111 128 392 391 2873
5541 2 2 111 128 2866 2873 2878
5542 2 2 111 128 2867 2872 2877
5543 2 2 111 128 411 412 2875
5544 2 2 111 128 393 392 2874
5545 2 2 111 128 412 2872 2875
5546 2 2 111 128 392 2873 2874
5547 2 2 111 128 2873 391 2878
5548 2 2 111 128 2872 413 2877
5549 2 2 111 128 2867 2870 2872
5550 2 2 111 128 2866 2871 2873
5551 2 2 111 128 415 38 2876
5552 2 2 111 128 37 408 2878
5553 2 2 111 128 42 414 2877
5554 2 2 111 128 407 41 2879
5555 2 2 111 128 408 2866 2878
5556 2 2 111 128 2866 407 2879
5557 2 2 111 128 2867 415 2876
5558 2 2 111 128 414 2867 2877
5559 2 2 112 129 2884 2886 2888
5560 2 2 112 129 2885 2887 2889
5561 2 2 112 129 2883 2884 2888
5562 2 2 112 129 2882 2885 2889
5563 2 2 112 129 402 401 2882
5564 2 2 112 129 420 421 2883
5565 2 2 112 129 2882 2883 2888
5566 2 2 112 129 2883 2882 2889
5567 2 2 112 129 401 400 2885
5568 2 2 112 129 421 422 2884
5569 2 2 112 129 2885 400 2892
5570 2 2 112 129 2884 422 2891
5571 2 2 112 129 422 44 2891
5572 2 2 112 129 43 418 2893
5573 2 2 112 129 400 39 2892
5574 2 2 112 129 40 404 2890
5575 2 2 112 129 2881 2885 2892
5576 2 2 112 129 2880 2884 2891
5577 2 2 112 129 2883 421 2884
5578 2 2 112 129 2882 401 2885
5579 2 2 112 129 420 2883 2889
5580 2 2 112 129 402 2882 2888
5581 2 2 112 129 416 417 2881
5582 2 2 112 129 424 423 2880
5583 2 2 112 129 404 403 2886
5584 2 2 112 129 418 419 2887
5585 2 2 112 129 2887 2881 2893
5586 2 2 112 129 2886 2880 2890
5587 2 2 112 129 419 420 2889
5588 2 2 112 129 403 402 2888
5589 2 2 112 129 2886 403 2888
5590 2 2 112 129 2887 419 2889
5591 2 2 112 129 418 2887 2893
5592 2 2 112 129 404 2886 2890
5593 2 2 112 129 2885 2881 2887
5594 2 2 112 129 2884 2880 2886
5595 2 2 112 129 423 40 2890
5596 2 2 112 129 39 416 2892
5597 2 2 112 129 417 43 2893
5598 2 2 112 129 44 424 2891
5599 2 2 112 129 424 2880 2891
5600 2 2 112 129 2881 417 2893
5601 2 2 112 129 416 2881 2892
5602 2 2 112 129 2880 423 2890
5603 2 2 112 130 2900 2898 2903
5604 2 2 112 130 2901 2899 2902
5605 2 2 112 130 2898 2897 2903
5606 2 2 112 130 2899 2896 2902
5607 2 2 112 130 412 411 2896
5608 2 2 112 130 428 429 2897
5609 2 2 112 130 2897 2896 2903
5610 2 2 112 130 2896 2897 2902
5611 2 2 112 130 413 412 2899
5612 2 2 112 130 427 428 2898
5613 2 2 112 130 413 2899 2907
5614 2 2 112 130 427 2898 2904
5615 2 2 112 130 409 41 2905
5616 2 2 112 130 431 46 2906
5617 2 2 112 130 45 427 2904
5618 2 2 112 130 42 413 2907
5619 2 2 112 130 2898 2894 2904
5620 2 2 112 130 2899 2895 2907
5621 2 2 112 130 428 2897 2898
5622 2 2 112 130 412 2896 2899
5623 2 2 112 130 2897 429 2902
5624 2 2 112 130 2896 411 2903
5625 2 2 112 130 426 425 2894
5626 2 2 112 130 432 433 2895
5627 2 2 112 130 410 409 2900
5628 2 2 112 130 430 431 2901
5629 2 2 112 130 2895 2901 2906
5630 2 2 112 130 2894 2900 2905
5631 2 2 112 130 429 430 2902
5632 2 2 112 130 411 410 2903
5633 2 2 112 130 410 2900 2903
5634 2 2 112 130 430 2901 2902
5635 2 2 112 130 2900 409 2905
5636 2 2 112 130 2901 431 2906
5637 2 2 112 130 2895 2899 2901
5638 2 2 112 130 2894 2898 2900
5639 2 2 112 130 433 42 2907
5640 2 2 112 130 46 432 2906
5641 2 2 112 130 425 45 2904
5642 2 2 112 130 41 426 2905
5643 2 2 112 130 432 2895 2906
5644 2 2 112 130 2894 425 2904
5645 2 2 112 130 426 2894 2905
5646 2 2 112 130 2895 433 2907
5647 2 2 113 131 2913 2914 2917
5648 2 2 113 131 2912 2915 2916
5649 2 2 113 131 2911 2913 2917
5650 2 2 113 131 2910 2912 2916
5651 2 2 113 131 438 439 2911
5652 2 2 113 131 420 419 2910
5653 2 2 113 131 2911 2910 2916
5654 2 2 113 131 2910 2911 2917
5655 2 2 113 131 419 418 2912
5656 2 2 113 131 439 440 2913
5657 2 2 113 131 2913 440 2919
5658 2 2 113 131 2912 418 2920
5659 2 2 113 131 44 422 2918
5660 2 2 113 131 440 48 2919
5661 2 2 113 131 47 436 2921
5662 2 2 113 131 418 43 2920
5663 2 2 113 131 2909 2913 2919
5664 2 2 113 131 2908 2912 2920
5665 2 2 113 131 2910 419 2912
5666 2 2 113 131 2911 439 2913
5667 2 2 113 131 420 2910 2917
5668 2 2 113 131 438 2911 2916
5669 2 2 113 131 434 435 2908
5670 2 2 113 131 442 441 2909
5671 2 2 113 131 422 421 2914
5672 2 2 113 131 436 437 2915
5673 2 2 113 131 2914 2909 2918
5674 2 2 113 131 2915 2908 2921
5675 2 2 113 131 421 420 2917
5676 2 2 113 131 437 438 2916
5677 2 2 113 131 2914 421 2917
5678 2 2 113 131 2915 437 2916
5679 2 2 113 131 422 2914 2918
5680 2 2 113 131 436 2915 2921
5681 2 2 113 131 2912 2908 2915
5682 2 2 113 131 2913 2909 2914
5683 2 2 113 131 43 434 2920
5684 2 2 113 131 435 47 2921
5685 2 2 113 131 441 44 2918
5686 2 2 113 131 48 442 2919
5687 2 2 113 131 2909 441 2918
5688 2 2 113 131 434 2908 2920
5689 2 2 113 131 442 2909 2919
5690 2 2 113 131 2908 435 2921
5691 2 2 113 132 2928 2927 2931
5692 2 2 113 132 2929 2926 2930
5693 2 2 113 132 2927 2925 2931
5694 2 2 113 132 2926 2924 2930
5695 2 2 113 132 446 447 2925
5696 2 2 113 132 430 429 2924
5697 2 2 113 132 2924 2925 2930
5698 2 2 113 132 2925 2924 2931
5699 2 2 113 132 431 430 2926
5700 2 2 113 132 445 446 2927
5701 2 2 113 132 431 2926 2933
5702 2 2 113 132 445 2927 2932
5703 2 2 113 132 49 445 2932
5704 2 2 113 132 427 45 2935
5705 2 2 113 132 46 431 2933
5706 2 2 113 132 449 50 2934
5707 2 2 113 132 2926 2923 2933
5708 2 2 113 132 2927 2922 2932
5709 2 2 113 132 446 2925 2927
5710 2 2 113 132 430 2924 2926
5711 2 2 113 132 2924 429 2931
5712 2 2 113 132 2925 447 2930
5713 2 2 113 132 444 443 2922
5714 2 2 113 132 450 451 2923
5715 2 2 113 132 428 427 2928
5716 2 2 113 132 448 449 2929
5717 2 2 113 132 2923 2929 2934
5718 2 2 113 132 2922 2928 2935
5719 2 2 113 132 429 428 2931
5720 2 2 113 132 447 448 2930
5721 2 2 113 132 428 2928 2931
5722 2 2 113 132 448 2929 2930
5723 2 2 113 132 2929 449 2934
5724 2 2 113 132 2928 427 2935
5725 2 2 113 132 2923 2926 2929
5726 2 2 113 132 2922 2927 2928
5727 2 2 113 132 451 46 2933
5728 2 2 113 132 45 444 2935
5729 2 2 113 132 443 49 2932
5730 2 2 113 132 50 450 2934
5731 2 2 113 132 444 2922 2935
5732 2 2 113 132 2923 451 2933
5733 2 2 113 132 2922 443 2932
5734 2 2 113 132 450 2923 2934
5735 2 2 114 133 2941 2942 2944
5736 2 2 114 133 2940 2943 2945
5737 2 2 114 133 2938 2941 2944
5738 2 2 114 133 2939 2940 2945
5739 2 2 114 133 456 457 2939
5740 2 2 114 133 438 437 2938
5741 2 2 114 133 2939 2938 2944
5742 2 2 114 133 2938 2939 2945
5743 2 2 114 133 457 458 2940
5744 2 2 114 133 437 436 2941
5745 2 2 114 133 2940 458 2947
5746 2 2 114 133 2941 436 2948
5747 2 2 114 133 48 440 2946
5748 2 2 114 133 51 454 2949
5749 2 2 114 133 458 52 2947
5750 2 2 114 133 436 47 2948
5751 2 2 114 133 2937 2940 2947
5752 2 2 114 133 2936 2941 2948
5753 2 2 114 133 2938 437 2941
5754 2 2 114 133 2939 457 2940
5755 2 2 114 133 438 2938 2945
5756 2 2 114 133 456 2939 2944
5757 2 2 114 133 452 453 2936
5758 2 2 114 133 460 459 2937
5759 2 2 114 133 454 455 2942
5760 2 2 114 133 440 439 2943
5761 2 2 114 133 2942 2936 2949
5762 2 2 114 133 2943 2937 2946
5763 2 2 114 133 439 438 2945
5764 2 2 114 133 455 456 2944
5765 2 2 114 133 2942 455 2944
5766 2 2 114 133 2943 439 2945
5767 2 2 114 133 454 2942 2949
5768 2 2 114 133 440 2943 2946
5769 2 2 114 133 2940 2937 2943
5770 2 2 114 133 2941 2936 2942
5771 2 2 114 133 47 452 2948
5772 2 2 114 133 459 48 2946
5773 2 2 114 133 52 460 2947
5774 2 2 114 133 453 51 2949
5775 2 2 114 133 2937 459 2946
5776 2 2 114 133 2936 453 2949
5777 2 2 114 133 460 2937 2947
5778 2 2 114 133 452 2936 2948
5779 2 2 114 134 2956 2954 2958
5780 2 2 114 134 2957 2955 2959
5781 2 2 114 134 2954 2952 2958
5782 2 2 114 134 2955 2953 2959
5783 2 2 114 134 464 465 2953
5784 2 2 114 134 448 447 2952
5785 2 2 114 134 2952 2953 2958
5786 2 2 114 134 2953 2952 2959
5787 2 2 114 134 463 464 2955
5788 2 2 114 134 449 448 2954
5789 2 2 114 134 463 2955 2961
5790 2 2 114 134 449 2954 2962
5791 2 2 114 134 445 49 2960
5792 2 2 114 134 50 449 2962
5793 2 2 114 134 467 54 2963
5794 2 2 114 134 53 463 2961
5795 2 2 114 134 2955 2950 2961
5796 2 2 114 134 2954 2951 2962
5797 2 2 114 134 448 2952 2954
5798 2 2 114 134 464 2953 2955
5799 2 2 114 134 2952 447 2959
5800 2 2 114 134 2953 465 2958
5801 2 2 114 134 462 461 2950
5802 2 2 114 134 468 469 2951
5803 2 2 114 134 466 467 2956
5804 2 2 114 134 446 445 2957
5805 2 2 114 134 2950 2957 2960
5806 2 2 114 134 2951 2956 2963
5807 2 2 114 134 447 446 2959
5808 2 2 114 134 465 466 2958
5809 2 2 114 134 466 2956 2958
5810 2 2 114 134 446 2957 2959
5811 2 2 114 134 2956 467 2963
5812 2 2 114 134 2957 445 2960
5813 2 2 114 134 2950 2955 2957
5814 2 2 114 134 2951 2954 2956
5815 2 2 114 134 469 50 2962
5816 2 2 114 134 49 462 2960
5817 2 2 114 134 461 53 2961
5818 2 2 114 134 54 468 2963
5819 2 2 114 134 462 2950 2960
5820 2 2 114 134 2951 469 2962
5821 2 2 114 134 468 2951 2963
5822 2 2 114 134 2950 461 2961
5823 2 2 115 135 2968 2970 2972
5824 2 2 115 135 2969 2971 2973
5825 2 2 115 135 2967 2968 2972
5826 2 2 115 135 2966 2969 2973
5827 2 2 115 135 474 475 2967
5828 2 2 115 135 456 455 2966
5829 2 2 115 135 2966 2967 2972
5830 2 2 115 135 2967 2966 2973
5831 2 2 115 135 455 454 2969
5832 2 2 115 135 475 476 2968
5833 2 2 115 135 2968 476 2976
5834 2 2 115 135 2969 454 2974
5835 2 2 115 135 55 472 2977
5836 2 2 115 135 52 458 2975
5837 2 2 115 135 476 15 2976
5838 2 2 115 135 454 51 2974
5839 2 2 115 135 2965 2968 2976
5840 2 2 115 135 2964 2969 2974
5841 2 2 115 135 2966 455 2969
5842 2 2 115 135 2967 475 2968
5843 2 2 115 135 474 2967 2973
5844 2 2 115 135 456 2966 2972
5845 2 2 115 135 478 477 2965
5846 2 2 115 135 470 471 2964
5847 2 2 115 135 458 457 2970
5848 2 2 115 135 472 473 2971
5849 2 2 115 135 2971 2964 2977
5850 2 2 115 135 2970 2965 2975
5851 2 2 115 135 473 474 2973
5852 2 2 115 135 457 456 2972
5853 2 2 115 135 2971 473 2973
5854 2 2 115 135 2970 457 2972
5855 2 2 115 135 458 2970 2975
5856 2 2 115 135 472 2971 2977
5857 2 2 115 135 2968 2965 2970
5858 2 2 115 135 2969 2964 2971
5859 2 2 115 135 471 55 2977
5860 2 2 115 135 51 470 2974
5861 2 2 115 135 477 52 2975
5862 2 2 115 135 15 478 2976
5863 2 2 115 135 2964 471 2977
5864 2 2 115 135 2965 477 2975
5865 2 2 115 135 478 2965 2976
5866 2 2 115 135 470 2964 2974
5867 2 2 115 136 2984 2983 2986
5868 2 2 115 136 2985 2982 2987
5869 2 2 115 136 2983 2981 2986
5870 2 2 115 136 2982 2980 2987
5871 2 2 115 136 482 483 2981
5872 2 2 115 136 466 465 2980
5873 2 2 115 136 2981 2980 2986
5874 2 2 115 136 2980 2981 2987
5875 2 2 115 136 467 466 2982
5876 2 2 115 136 481 482 2983
5877 2 2 115 136 467 2982 2988
5878 2 2 115 136 481 2983 2991
5879 2 2 115 136 463 53 2989
5880 2 2 115 136 54 467 2988
5881 2 2 115 136 485 56 2990
5882 2 2 115 136 16 481 2991
5883 2 2 115 136 2982 2979 2988
5884 2 2 115 136 2983 2978 2991
5885 2 2 115 136 482 2981 2983
5886 2 2 115 136 466 2980 2982
5887 2 2 115 136 2981 483 2987
5888 2 2 115 136 2980 465 2986
5889 2 2 115 136 486 487 2979
5890 2 2 115 136 480 479 2978
5891 2 2 115 136 484 485 2985
5892 2 2 115 136 464 463 2984
5893 2 2 115 136 2978 2984 2989
5894 2 2 115 136 2979 2985 2990
5895 2 2 115 136 483 484 2987
5896 2 2 115 136 465 464 2986
5897 2 2 115 136 484 2985 2987
5898 2 2 115 136 464 2984 2986
5899 2 2 115 136 2985 485 2990
5900 2 2 115 136 2984 463 2989
5901 2 2 115 136 2978 2983 2984
5902 2 2 115 136 2979 2982 2985
5903 2 2 115 136 479 16 2991
5904 2 2 115 136 53 480 2989
5905 2 2 115 136 487 54 2988
5906 2 2 115 136 56 486 2990
5907 2 2 115 136 2979 487 2988
5908 2 2 115 136 480 2978 2989
5909 2 2 115 136 486 2979 2990
5910 2 2 115 136 2978 479 2991
$EndElements
