$MeshFormat
2.2 0 8
$EndMeshFormat
$PhysicalNames
13
1 10 "top"
1 11 "bottom"
1 15 "left"
1 16 "right"
1 20 "soil_inner_wall"
1 21 "concrete_outer_wall"
2 1 "concrete"
2 6 "native_soil"
2 101 "layer_1"
2 102 "layer_2"
2 103 "layer_3"
2 104 "layer_4"
2 105 "layer_5"
$EndPhysicalNames
$Nodes
3125
1 -15 0 0
2 -15 -30.5 0
3 -1.5 -0 0
4 -1.5 -0.6 0
5 -1.5 -1.2 0
6 -1.5 -1.8 0
7 -1.5 -2.4 0
8 -1.5 -3 0
9 -1 -3 0
10 1 -3 0
11 1.5 -3 0
12 1.5 -2.4 0
13 1.5 -1.8 0
14 1.5 -1.2 0
15 1.5 -0.6 0
16 1.5 -0 0
17 15 0 0
18 15 -30.5 0
19 1 -1.2 0
20 1 -1 0
21 -1 -1 0
22 -1 -1.2 0
23 -1 -1.8 0
24 1 -1.8 0
25 -1 -2.4 0
26 1 -2.4 0
27 -1 -1 0
28 1 -1 0
29 -1 -3 0
30 1 -3 0
31 -0.8 -1.2 0
32 0.8 -1.2 0
33 0.8 -2.8 0
34 -0.8 -2.8 0
35 -15 -0.9838709677419355 0
36 -15 -1.967741935483871 0
37 -15 -2.951612903225806 0
38 -15 -3.935483870967742 0
39 -15 -4.919354838709678 0
40 -15 -5.903225806451613 0
41 -15 -6.887096774193548 0
42 -15 -7.870967741935484 0
43 -15 -8.85483870967742 0
44 -15 -9.838709677419356 0
45 -15 -10.82258064516129 0
46 -15 -11.80645161290323 0
47 -15 -12.79032258064516 0
48 -15 -13.7741935483871 0
49 -15 -14.75806451612903 0
50 -15 -15.74193548387097 0
51 -15 -16.7258064516129 0
52 -15 -17.70967741935484 0
53 -15 -18.69354838709678 0
54 -15 -19.67741935483871 0
55 -15 -20.66129032258064 0
56 -15 -21.64516129032258 0
57 -15 -22.62903225806452 0
58 -15 -23.61290322580645 0
59 -15 -24.59677419354839 0
60 -15 -25.58064516129032 0
61 -15 -26.56451612903226 0
62 -15 -27.54838709677419 0
63 -15 -28.53225806451613 0
64 -15 -29.51612903225806 0
65 -1.592116055135985 0 0
66 -1.716759337557786 0 0
67 -1.885415624171138 0 0
68 -2.113626341161407 0 0
69 -2.422420888300358 0 0
70 -2.840254410307281 0 0
71 -3.405629683661385 0 0
72 -4.170645573715625 0 0
73 -5.138909468378323 0 0
74 -6.12501852154049 0 0
75 -7.111127574702657 0 0
76 -8.097236627864824 0 0
77 -9.083345681026991 0 0
78 -10.06945473418916 0 0
79 -11.05556378735133 0 0
80 -12.0416728405135 0 0
81 -13.02778189367567 0 0
82 -14.01389094683783 0 0
83 -1.5 -0.5250000000000001 0
84 -1.5 -0.4500000000000003 0
85 -1.5 -0.3750000000000004 0
86 -1.5 -0.3000000000000004 0
87 -1.5 -0.2250000000000004 0
88 -1.5 -0.1500000000000002 0
89 -1.5 -0.07500000000000007 0
90 -1.5 -1.125 0
91 -1.5 -1.05 0
92 -1.5 -0.9750000000000003 0
93 -1.5 -0.9000000000000004 0
94 -1.5 -0.8250000000000004 0
95 -1.5 -0.7500000000000002 0
96 -1.5 -0.675 0
97 -1.5 -1.725 0
98 -1.5 -1.65 0
99 -1.5 -1.575 0
100 -1.5 -1.5 0
101 -1.5 -1.425 0
102 -1.5 -1.35 0
103 -1.5 -1.275 0
104 -1.5 -2.325 0
105 -1.5 -2.25 0
106 -1.5 -2.175 0
107 -1.5 -2.1 0
108 -1.5 -2.025 0
109 -1.5 -1.95 0
110 -1.5 -1.875 0
111 -1.5 -2.925 0
112 -1.5 -2.85 0
113 -1.5 -2.775 0
114 -1.5 -2.7 0
115 -1.5 -2.625 0
116 -1.5 -2.55 0
117 -1.5 -2.475 0
118 -1.071428571428572 -3 0
119 -1.142857142857143 -3 0
120 -1.214285714285714 -3 0
121 -1.285714285714286 -3 0
122 -1.357142857142857 -3 0
123 -1.428571428571429 -3 0
124 0.92 -3 0
125 0.84 -3 0
126 0.76 -3 0
127 0.6799999999999999 -3 0
128 0.6 -3 0
129 0.52 -3 0
130 0.4399999999999999 -3 0
131 0.36 -3 0
132 0.28 -3 0
133 0.2 -3 0
134 0.12 -3 0
135 0.04000000000000004 -3 0
136 -0.04000000000000004 -3 0
137 -0.1200000000000001 -3 0
138 -0.2 -3 0
139 -0.28 -3 0
140 -0.3600000000000001 -3 0
141 -0.4399999999999999 -3 0
142 -0.52 -3 0
143 -0.6000000000000001 -3 0
144 -0.6799999999999999 -3 0
145 -0.76 -3 0
146 -0.8400000000000001 -3 0
147 -0.9199999999999999 -3 0
148 1.428571428571429 -3 0
149 1.357142857142857 -3 0
150 1.285714285714286 -3 0
151 1.214285714285714 -3 0
152 1.142857142857143 -3 0
153 1.071428571428571 -3 0
154 1.5 -2.475 0
155 1.5 -2.55 0
156 1.5 -2.625 0
157 1.5 -2.7 0
158 1.5 -2.774999999999999 0
159 1.5 -2.85 0
160 1.5 -2.925 0
161 1.5 -1.875 0
162 1.5 -1.95 0
163 1.5 -2.024999999999999 0
164 1.5 -2.1 0
165 1.5 -2.174999999999999 0
166 1.5 -2.25 0
167 1.5 -2.325 0
168 1.5 -1.275 0
169 1.5 -1.35 0
170 1.5 -1.425 0
171 1.5 -1.5 0
172 1.5 -1.575 0
173 1.5 -1.65 0
174 1.5 -1.725 0
175 1.5 -0.6749999999999998 0
176 1.5 -0.7499999999999997 0
177 1.5 -0.8249999999999995 0
178 1.5 -0.8999999999999995 0
179 1.5 -0.9749999999999995 0
180 1.5 -1.05 0
181 1.5 -1.125 0
182 1.5 -0.07499999999999989 0
183 1.5 -0.1499999999999997 0
184 1.5 -0.2249999999999996 0
185 1.5 -0.2999999999999995 0
186 1.5 -0.3749999999999996 0
187 1.5 -0.4499999999999997 0
188 1.5 -0.5249999999999999 0
189 14.01389094683783 0 0
190 13.02778189367566 0 0
191 12.04167284051348 0 0
192 11.05556378735131 0 0
193 10.06945473418914 0 0
194 9.083345681026969 0 0
195 8.097236627864799 0 0
196 7.111127574702627 0 0
197 6.125018521540454 0 0
198 5.138909468378284 0 0
199 4.170645573715587 0 0
200 3.405629683661353 0 0
201 2.840254410307249 0 0
202 2.422420888300339 0 0
203 2.113626341161396 0 0
204 1.885415624171129 0 0
205 1.716759337557788 0 0
206 1.592116055135984 0 0
207 15 -29.51612903225806 0
208 15 -28.53225806451613 0
209 15 -27.54838709677419 0
210 15 -26.56451612903226 0
211 15 -25.58064516129032 0
212 15 -24.59677419354839 0
213 15 -23.61290322580645 0
214 15 -22.62903225806452 0
215 15 -21.64516129032258 0
216 15 -20.66129032258064 0
217 15 -19.67741935483871 0
218 15 -18.69354838709678 0
219 15 -17.70967741935484 0
220 15 -16.7258064516129 0
221 15 -15.74193548387097 0
222 15 -14.75806451612903 0
223 15 -13.7741935483871 0
224 15 -12.79032258064516 0
225 15 -11.80645161290322 0
226 15 -10.82258064516129 0
227 15 -9.838709677419356 0
228 15 -8.85483870967742 0
229 15 -7.870967741935484 0
230 15 -6.887096774193548 0
231 15 -5.903225806451612 0
232 15 -4.919354838709676 0
233 15 -3.93548387096774 0
234 15 -2.951612903225808 0
235 15 -1.967741935483872 0
236 15 -0.9838709677419359 0
237 -14 -30.5 0
238 -13 -30.5 0
239 -12 -30.5 0
240 -11 -30.5 0
241 -10 -30.5 0
242 -9 -30.5 0
243 -8 -30.5 0
244 -7 -30.5 0
245 -6 -30.5 0
246 -5 -30.5 0
247 -4 -30.5 0
248 -3 -30.5 0
249 -2 -30.5 0
250 -1 -30.5 0
251 0 -30.5 0
252 1 -30.5 0
253 2 -30.5 0
254 3 -30.5 0
255 4 -30.5 0
256 5 -30.5 0
257 6 -30.5 0
258 7 -30.5 0
259 8 -30.5 0
260 9 -30.5 0
261 10 -30.5 0
262 11 -30.5 0
263 12 -30.5 0
264 13 -30.5 0
265 14 -30.5 0
266 1.421052631578947 -0.6 0
267 1.342105263157895 -0.6 0
268 1.263157894736842 -0.6 0
269 1.184210526315789 -0.6 0
270 1.105263157894737 -0.6 0
271 1.026315789473684 -0.6 0
272 0.9473684210526315 -0.6 0
273 0.868421052631579 -0.6 0
274 0.7894736842105263 -0.6 0
275 0.7105263157894737 -0.6 0
276 0.6315789473684211 -0.6 0
277 0.5526315789473685 -0.6 0
278 0.4736842105263159 -0.6 0
279 0.3947368421052631 -0.6 0
280 0.3157894736842106 -0.6 0
281 0.236842105263158 -0.6 0
282 0.1578947368421053 -0.6 0
283 0.07894736842105265 -0.6 0
284 0 -0.6 0
285 -0.07894736842105265 -0.6 0
286 -0.1578947368421053 -0.6 0
287 -0.2368421052631577 -0.6 0
288 -0.3157894736842104 -0.6 0
289 -0.3947368421052631 -0.6 0
290 -0.4736842105263157 -0.6 0
291 -0.5526315789473681 -0.6 0
292 -0.6315789473684212 -0.6 0
293 -0.7105263157894739 -0.6 0
294 -0.7894736842105261 -0.6 0
295 -0.8684210526315788 -0.6 0
296 -0.9473684210526314 -0.6 0
297 -1.026315789473684 -0.6 0
298 -1.105263157894737 -0.6 0
299 -1.184210526315789 -0.6 0
300 -1.263157894736842 -0.6 0
301 -1.342105263157895 -0.6 0
302 -1.421052631578947 -0.6 0
303 1.428571428571429 -1.2 0
304 1.357142857142857 -1.2 0
305 1.285714285714286 -1.2 0
306 1.214285714285714 -1.2 0
307 1.142857142857143 -1.2 0
308 1.071428571428571 -1.2 0
309 1 -1.066666666666667 0
310 1 -1.133333333333334 0
311 -0.92 -1 0
312 -0.84 -1 0
313 -0.76 -1 0
314 -0.6799999999999999 -1 0
315 -0.6 -1 0
316 -0.52 -1 0
317 -0.4399999999999999 -1 0
318 -0.36 -1 0
319 -0.28 -1 0
320 -0.2 -1 0
321 -0.12 -1 0
322 -0.04000000000000004 -1 0
323 0.04000000000000004 -1 0
324 0.1200000000000001 -1 0
325 0.2 -1 0
326 0.28 -1 0
327 0.3600000000000001 -1 0
328 0.4399999999999999 -1 0
329 0.52 -1 0
330 0.6000000000000001 -1 0
331 0.6799999999999999 -1 0
332 0.76 -1 0
333 0.8400000000000001 -1 0
334 0.9199999999999999 -1 0
335 -1 -1.133333333333333 0
336 -1 -1.066666666666666 0
337 -1.071428571428572 -1.2 0
338 -1.142857142857143 -1.2 0
339 -1.214285714285714 -1.2 0
340 -1.285714285714286 -1.2 0
341 -1.357142857142857 -1.2 0
342 -1.428571428571429 -1.2 0
343 -1 -1.725 0
344 -1 -1.65 0
345 -1 -1.575000000000001 0
346 -1 -1.500000000000001 0
347 -1 -1.425000000000001 0
348 -1 -1.350000000000001 0
349 -1 -1.275 0
350 -1.071428571428572 -1.8 0
351 -1.142857142857143 -1.8 0
352 -1.214285714285714 -1.8 0
353 -1.285714285714286 -1.8 0
354 -1.357142857142857 -1.8 0
355 -1.428571428571429 -1.8 0
356 1.428571428571429 -1.8 0
357 1.357142857142857 -1.8 0
358 1.285714285714286 -1.8 0
359 1.214285714285714 -1.8 0
360 1.142857142857143 -1.8 0
361 1.071428571428571 -1.8 0
362 1 -1.275 0
363 1 -1.35 0
364 1 -1.425 0
365 1 -1.5 0
366 1 -1.575 0
367 1 -1.649999999999999 0
368 1 -1.725 0
369 -1 -2.325 0
370 -1 -2.25 0
371 -1 -2.175000000000001 0
372 -1 -2.100000000000001 0
373 -1 -2.025000000000001 0
374 -1 -1.95 0
375 -1 -1.875 0
376 -1.071428571428572 -2.4 0
377 -1.142857142857143 -2.4 0
378 -1.214285714285714 -2.4 0
379 -1.285714285714286 -2.4 0
380 -1.357142857142857 -2.4 0
381 -1.428571428571429 -2.4 0
382 1.428571428571429 -2.4 0
383 1.357142857142857 -2.4 0
384 1.285714285714286 -2.4 0
385 1.214285714285714 -2.4 0
386 1.142857142857143 -2.4 0
387 1.071428571428571 -2.4 0
388 1 -1.875 0
389 1 -1.949999999999999 0
390 1 -2.024999999999999 0
391 1 -2.099999999999999 0
392 1 -2.174999999999999 0
393 1 -2.249999999999999 0
394 1 -2.324999999999999 0
395 -1 -2.925 0
396 -1 -2.85 0
397 -1 -2.775 0
398 -1 -2.7 0
399 -1 -2.625 0
400 -1 -2.55 0
401 -1 -2.475 0
402 1 -2.475 0
403 1 -2.55 0
404 1 -2.624999999999999 0
405 1 -2.699999999999999 0
406 1 -2.774999999999999 0
407 1 -2.85 0
408 1 -2.925 0
409 -1.421052631578947 0 0
410 -1.342105263157895 0 0
411 -1.263157894736842 0 0
412 -1.184210526315789 0 0
413 -1.105263157894737 0 0
414 -1.026315789473684 0 0
415 -0.9473684210526315 0 0
416 -0.868421052631579 0 0
417 -0.7894736842105263 0 0
418 -0.7105263157894737 0 0
419 -0.6315789473684211 0 0
420 -0.5526315789473685 0 0
421 -0.4736842105263159 0 0
422 -0.3947368421052631 0 0
423 -0.3157894736842106 0 0
424 -0.236842105263158 0 0
425 -0.1578947368421053 0 0
426 -0.07894736842105265 0 0
427 0 0 0
428 0.07894736842105265 0 0
429 0.1578947368421053 0 0
430 0.2368421052631577 0 0
431 0.3157894736842104 0 0
432 0.3947368421052631 0 0
433 0.4736842105263157 0 0
434 0.5526315789473681 0 0
435 0.6315789473684212 0 0
436 0.7105263157894739 0 0
437 0.7894736842105261 0 0
438 0.8684210526315788 0 0
439 0.9473684210526314 0 0
440 1.026315789473684 0 0
441 1.105263157894737 0 0
442 1.184210526315789 0 0
443 1.263157894736842 0 0
444 1.342105263157895 0 0
445 1.421052631578947 0 0
446 -0.92 -1 0
447 -0.84 -1 0
448 -0.76 -1 0
449 -0.6799999999999999 -1 0
450 -0.6 -1 0
451 -0.52 -1 0
452 -0.4399999999999999 -1 0
453 -0.36 -1 0
454 -0.28 -1 0
455 -0.2 -1 0
456 -0.12 -1 0
457 -0.04000000000000004 -1 0
458 0.04000000000000004 -1 0
459 0.1200000000000001 -1 0
460 0.2 -1 0
461 0.28 -1 0
462 0.3600000000000001 -1 0
463 0.4399999999999999 -1 0
464 0.52 -1 0
465 0.6000000000000001 -1 0
466 0.6799999999999999 -1 0
467 0.76 -1 0
468 0.8400000000000001 -1 0
469 0.9199999999999999 -1 0
470 -1 -2.92 0
471 -1 -2.84 0
472 -1 -2.76 0
473 -1 -2.68 0
474 -1 -2.6 0
475 -1 -2.52 0
476 -1 -2.44 0
477 -1 -2.36 0
478 -1 -2.28 0
479 -1 -2.2 0
480 -1 -2.12 0
481 -1 -2.04 0
482 -1 -1.96 0
483 -1 -1.88 0
484 -1 -1.8 0
485 -1 -1.72 0
486 -1 -1.64 0
487 -1 -1.56 0
488 -1 -1.48 0
489 -1 -1.4 0
490 -1 -1.32 0
491 -1 -1.24 0
492 -1 -1.16 0
493 -1 -1.08 0
494 1 -1.08 0
495 1 -1.16 0
496 1 -1.24 0
497 1 -1.32 0
498 1 -1.4 0
499 1 -1.48 0
500 1 -1.56 0
501 1 -1.64 0
502 1 -1.72 0
503 1 -1.8 0
504 1 -1.88 0
505 1 -1.96 0
506 1 -2.04 0
507 1 -2.12 0
508 1 -2.2 0
509 1 -2.28 0
510 1 -2.36 0
511 1 -2.44 0
512 1 -2.52 0
513 1 -2.6 0
514 1 -2.68 0
515 1 -2.76 0
516 1 -2.84 0
517 1 -2.92 0
518 0.92 -3 0
519 0.84 -3 0
520 0.76 -3 0
521 0.6799999999999999 -3 0
522 0.6 -3 0
523 0.52 -3 0
524 0.4399999999999999 -3 0
525 0.36 -3 0
526 0.28 -3 0
527 0.2 -3 0
528 0.12 -3 0
529 0.04000000000000004 -3 0
530 -0.04000000000000004 -3 0
531 -0.1200000000000001 -3 0
532 -0.2 -3 0
533 -0.28 -3 0
534 -0.3600000000000001 -3 0
535 -0.4399999999999999 -3 0
536 -0.52 -3 0
537 -0.6000000000000001 -3 0
538 -0.6799999999999999 -3 0
539 -0.76 -3 0
540 -0.8400000000000001 -3 0
541 -0.9199999999999999 -3 0
542 -0.72 -1.2 0
543 -0.6399999999999999 -1.2 0
544 -0.5599999999999998 -1.2 0
545 -0.4799999999999996 -1.2 0
546 -0.3999999999999995 -1.2 0
547 -0.3199999999999992 -1.2 0
548 -0.2399999999999991 -1.2 0
549 -0.1599999999999989 -1.2 0
550 -0.07999999999999885 -1.2 0
551 1.110223024625157e-15 -1.2 0
552 0.08000000000000118 -1.2 0
553 0.1600000000000013 -1.2 0
554 0.2400000000000013 -1.2 0
555 0.3200000000000012 -1.2 0
556 0.400000000000001 -1.2 0
557 0.4800000000000011 -1.2 0
558 0.5600000000000009 -1.2 0
559 0.6400000000000008 -1.2 0
560 0.7200000000000004 -1.2 0
561 0.8 -1.28 0
562 0.8 -1.36 0
563 0.8 -1.44 0
564 0.8 -1.52 0
565 0.8 -1.600000000000001 0
566 0.8 -1.680000000000001 0
567 0.8 -1.760000000000001 0
568 0.8 -1.840000000000001 0
569 0.8 -1.920000000000001 0
570 0.8 -2.000000000000001 0
571 0.8 -2.080000000000001 0
572 0.8 -2.160000000000001 0
573 0.8 -2.240000000000001 0
574 0.8 -2.320000000000001 0
575 0.8 -2.400000000000001 0
576 0.8 -2.480000000000001 0
577 0.8 -2.56 0
578 0.8 -2.64 0
579 0.8 -2.72 0
580 0.72 -2.8 0
581 0.6399999999999999 -2.8 0
582 0.5599999999999998 -2.8 0
583 0.4799999999999996 -2.8 0
584 0.3999999999999995 -2.8 0
585 0.3199999999999992 -2.8 0
586 0.2399999999999991 -2.8 0
587 0.1599999999999989 -2.8 0
588 0.07999999999999885 -2.8 0
589 -1.110223024625157e-15 -2.8 0
590 -0.08000000000000118 -2.8 0
591 -0.1600000000000013 -2.8 0
592 -0.2400000000000013 -2.8 0
593 -0.3200000000000012 -2.8 0
594 -0.400000000000001 -2.8 0
595 -0.4800000000000011 -2.8 0
596 -0.5600000000000009 -2.8 0
597 -0.6400000000000008 -2.8 0
598 -0.7200000000000004 -2.8 0
599 -0.8 -2.72 0
600 -0.8 -2.64 0
601 -0.8 -2.56 0
602 -0.8 -2.48 0
603 -0.8 -2.399999999999999 0
604 -0.8 -2.319999999999999 0
605 -0.8 -2.239999999999999 0
606 -0.8 -2.159999999999999 0
607 -0.8 -2.079999999999999 0
608 -0.8 -1.999999999999999 0
609 -0.8 -1.919999999999999 0
610 -0.8 -1.839999999999999 0
611 -0.8 -1.759999999999999 0
612 -0.8 -1.679999999999999 0
613 -0.8 -1.599999999999999 0
614 -0.8 -1.519999999999999 0
615 -0.8 -1.439999999999999 0
616 -0.8 -1.36 0
617 -0.8 -1.28 0
618 -0.8796610104575298 -2.932496516792408 0
619 -0.9320709062521066 -1.120098911077159 0
620 0.8757705729547297 -2.924169578704172 0
621 0.9320709062521066 -1.120098911077159 0
622 -0.8692820323027546 -1.399999999999999 0
623 0.6800000000000003 -1.132659893761954 0
624 0.9307179676972452 -2.4 0
625 0.9340067729047125 -2.64 0
626 -0.6800000000000003 -2.867340106238046 0
627 0.4410994891694425 -1.133333333333333 0
628 -0.4000000000000004 -2.930717967697245 0
629 -0.8676404211592852 -1.239606992492483 0
630 0.8692820323027548 -2.76 0
631 -0.9339737481819894 -2.795679411175489 0
632 -0.930717967697245 -2.24 0
633 -0.7956791653875739 -1.066026101394671 0
634 0.7577697480139435 -2.868227351801291 0
635 0.2000000000000008 -1.132659893761954 0
636 0.5610994891694421 -1.066666666666667 0
637 -0.24 -2.930717967697245 0
638 -0.5603926747033722 -2.932359570563499 0
639 -0.867340106238046 -1.799999999999999 0
640 -0.8676404294365004 -1.560392674703371 0
641 -0.04109948916944112 -1.133333333333334 0
642 0.08000000000000002 -2.930717967697245 0
643 0.8666666666666664 -2.518900510830559 0
644 0.7947925436899363 -1.065278248987272 0
645 0.8659932155071852 -1.239999534074197 0
646 -0.930717967697245 -2.64 0
647 -0.930717967697245 -2.4 0
648 -0.9333333333333329 -1.681099489169442 0
649 0.9326598937619536 -1.36 0
650 0.930717967697245 -1.76 0
651 0.6403926747033719 -2.932359570563499 0
652 -0.08000000000000007 -2.930717967697245 0
653 -0.24 -1.069282032302755 0
654 -0.9307179676972448 -2.08 0
655 0.2403926747033719 -2.932359570563499 0
656 -0.6396073252966277 -1.067640429436501 0
657 0.48 -2.930717967697245 0
658 -0.4 -1.069282032302755 0
659 -0.518900510830558 -1.133333333333334 0
660 0.3610994891694415 -2.866666666666666 0
661 0.3200000000000003 -1.065993227095287 0
662 -0.9323595705634993 -1.919607325296627 0
663 0.9307179676972449 -1.6 0
664 0.9307179676972449 -1.92 0
665 -0.8659932270952871 -2.52 0
666 0.865993227095287 -1.48 0
667 0.9307179676972448 -2.08 0
668 0.9307179676972448 -2.24 0
669 0.08000000000000033 -1.065993227095287 0
670 0.8726106455742154 -2.839815171999448 0
671 -0.9325682805960797 -2.719279901862581 0
672 1.52655665885959e-16 -2.930717967697245 0
673 -0.3200000000000006 -2.930717967697245 0
674 0.5600333907060688 -2.931524744888955 0
675 0.9307179676972452 -2.32 0
676 -0.9307179676972452 -2.32 0
677 -0.4800333907060692 -2.931524744888955 0
678 -0.3200000000000001 -1.069282032302755 0
679 -0.16 -1.069282032302755 0
680 0.9307179676972449 -1.84 0
681 -0.9307179676972446 -2.16 0
682 -0.9315247448889556 -1.999966609293931 0
683 0.9307179676972447 -2 0
684 0.930717967697245 -2.16 0
685 -0.7192144151140335 -1.067158093855655 0
686 0.1600333907060689 -2.931524744888956 0
687 -0.1600000000000002 -2.930717967697245 0
688 -0.868475254407199 -1.319966580994258 0
689 -0.8684752551110441 -1.480033390706068 0
690 -0.7993937571582009 -2.933312636559195 0
691 0.9307179676972445 -1.680000000000001 0
692 -0.6000654457838956 -2.866616886360899 0
693 0.9328974390606517 -2.479816751805093 0
694 0.6001832481949074 -1.13322109340477 0
695 0.1194502554152798 -1.132772133690517 0
696 -0.08018324819490666 -1.067102560939349 0
697 -0.9334953535676634 -1.600248693978802 0
698 -0.8666168863608992 -1.879934554216104 0
699 0.4001832481949068 -2.932897439060651 0
700 0.3606806361525122 -1.132809506528226 0
701 0.8671904934717737 -2.599319363847489 0
702 0.7955936456726138 -2.933626840218868 0
703 -0.9326223388010901 -2.563298467508326 0
704 0.6796937371195524 -2.86676476062144 0
705 -0.9332849360864884 -1.199950518002471 0
706 0.8674795646514111 -2.680861391174699 0
707 0.9326739555860906 -1.200565686184144 0
708 0.9327807345566668 -1.28009420337639 0
709 -0.5997513060211974 -1.133495353567664 0
710 0.7551282202986688 -1.131661373108342 0
711 -0.7598989595263671 -2.866775730693515 0
712 0.2802486939788018 -2.866504646432336 0
713 0.9326223388010898 -1.523298467508326 0
714 -0.4798167518050929 -1.067102560939348 0
715 0.9327721336905169 -1.440549744584721 0
716 -0.9326223388010899 -2.476701532491674 0
717 0.4803664963898142 -1.066666666666667 0
718 0.03972512770764021 -1.132909339433985 0
719 0.2801134393587527 -1.132803328311707 0
720 -0.8667789065952294 -1.720183248194906 0
721 0.8704653011655541 -1.159058990662212 0
722 -0.8711785426372206 -1.158648330247668 0
723 -0.3600000000000009 -2.865358983848623 0
724 -0.841119877448028 -2.871110225183009 0
725 0.5199999999999997 -2.865358983848623 0
726 0.9354140057269366 -2.799969195333241 0
727 0.12 -2.865358983848623 0
728 -0.7554819368801973 -1.132173618682313 0
729 0.8653587102879806 -2.360000000000001 0
730 -0.9346410161513772 -1.36 0
731 -0.5200585132373023 -2.865800207964127 0
732 -0.2800000000000011 -2.865358983848622 0
733 -0.934641016151378 -1.44 0
734 -0.9341881031628161 -1.279943344224906 0
735 -0.2000000000000011 -2.865358983848622 0
736 0.8653589382551822 -2.28 0
737 0.8653589838486223 -1.72 0
738 -0.8677806015657465 -2.755493138090856 0
739 -0.04000000000000087 -2.865358983848622 0
740 -0.8653587102879807 -2.359999999999999 0
741 -0.8653589382551822 -2.28 0
742 0.6000199670881654 -2.866001343320419 0
743 0.2000573774989995 -2.865664599719513 0
744 -0.1999999999999995 -1.134641289712019 0
745 -0.2799999999999995 -1.134641061744818 0
746 -0.9343354002804862 -1.520057377498999 0
747 0.8653587102879803 -1.640000000000001 0
748 0.8653589838486224 -1.8 0
749 0.8653589838486224 -2.120000000000001 0
750 -0.865358983848622 -2.68 0
751 -0.6799999999999995 -1.134641016151377 0
752 0.8653589838486225 -1.88 0
753 0.8653589762497158 -2.200000000000001 0
754 0.8653589838486223 -1.960000000000001 0
755 0.8653589838486223 -2.04 0
756 -0.4399999999999998 -2.865358983848623 0
757 -0.3599999999999997 -1.134641297310926 0
758 -0.8653589762497156 -2.199999999999999 0
759 -0.8653589838486219 -2.039999999999999 0
760 -0.8658002079641272 -1.959941486762697 0
761 0.03999999999999919 -2.865358983848622 0
762 -0.120000000000001 -2.865358983848622 0
763 -0.8653589825821377 -2.119999999999999 0
764 0.7199999999999999 -1.065357342484773 0
765 0.9334602286839673 -2.559672771080523 0
766 -0.7199693147249655 -2.934391685086839 0
767 -0.9346426575152278 -1.76 0
768 0.8653573424847718 -2.440000000000001 0
769 0.6400000000000001 -1.065357342484772 0
770 0.5204581204872679 -1.133314626678573 0
771 0.2400049215326406 -1.065559937616362 0
772 -0.0002596016094512053 -1.066556410133659 0
773 0.9346426575152282 -2.72 0
774 -0.5596793156589126 -1.066928612879475 0
775 0.7192202149416049 -2.933823916814482 0
776 0.320320684341087 -2.933071387120525 0
777 -0.4399999999999994 -1.134642657515228 0
778 -0.8653573424847715 -2.44 0
779 0.400255550203782 -1.066150042331782 0
780 0.8653573424847711 -1.56 0
781 0.8655585842470535 -1.400023850504335 0
782 -0.8653573424847714 -2.6 0
783 0.8657696191143828 -1.320009998975759 0
784 0.1599669082208407 -1.065651386292807 0
785 -0.6400712392020388 -2.933451374708214 0
786 -0.9334932034462785 -1.839923646585455 0
787 0.4399999999999995 -2.865357342484771 0
788 -0.8668746704887877 -1.640320684341086 0
789 -0.1199999999999989 -1.134642657515229 0
790 -0.9268699390233687 -2.874667047793968 0
791 -0.8746304137529997 -1.073081803452857 0
792 0.8742609111155702 -1.073195993323369 0
793 0.9376064138485793 -2.877632867478742 0
794 -0.941435935394489 -1.058564064605511 0
795 0.9414359353944897 -1.058564064605511 0
796 -0.941435935394489 -2.941435935394489 0
797 0.9418432588355952 -2.941843258835595 0
798 0.8200215530670103 -2.874721453292518 0
799 0.8159767781020764 -1.126672753416052 0
800 -0.8747825967677889 -2.817999515507068 0
801 -0.8179980407795768 -1.125216500692174 0
802 1.143416840457326 -0.06714210482081029 0
803 0.7464236360479874 -0.06811095078548846 0
804 -0.7589289453929715 -0.5359279120733671 0
805 -1.143848894587688 -0.5305977189298368 0
806 0.430544694250508 -0.5331798268244121 0
807 -0.4289089684529301 -0.0660695285404671 0
808 -0.2038414056946537 -0.534680214152818 0
809 0.2054682842540086 -0.06089913358313126 0
810 0.9856328262950369 -0.5318057525331294 0
811 -0.9839992356870173 -0.06644944124075991 0
812 0.03405334040768069 -0.5341266113030851 0
813 -1.428593845266057 -0.2639190547854575 0
814 1.428015429097609 -0.3303606790007816 0
815 -0.5210343206855691 -0.5354008871071549 0
816 0.668439570817613 -0.5325977288949968 0
817 0.5082286609236745 -0.06870786446762622 0
818 -0.66680510000688 -0.06746218285837458 0
819 -0.03242640871121775 -0.061442813103465 0
820 1.223519792196436 -0.5313829616084487 0
821 -1.221896275975367 -0.06684870187789826 0
822 0.9846185609986638 -0.06752535941718385 0
823 -0.1910228889711353 -0.06181369249328483 0
824 -0.9968235158650791 -0.5364430433802561 0
825 -0.8254019594723139 -0.0676573845035584 0
826 0.3640647149753924 -0.06054449378362925 0
827 0.1926498656181935 -0.5337514635581879 0
828 0.8270361812731111 -0.5322039803153853 0
829 -0.3624378747493609 -0.5350430813355089 0
830 1.430433940251914 -0.1865312076070822 0
831 -1.429108102664972 -0.4094990092676625 0
832 1.303477770269833 -0.06715554056218842 0
833 -1.302127352548666 -0.5308967014463395 0
834 1.378717727558309 -0.5332812397483959 0
835 -1.381260479197318 -0.06146504080059501 0
836 1.30225979884812 -0.5314843503571112 0
837 1.263157894736681 -0.4623475410826074 0
838 1.183403762376049 -0.4625448192617938 0
839 1.222917692740738 -0.3932208673190072 0
840 1.142932884903552 -0.3935747733603563 0
841 1.182589382888512 -0.3241322532480169 0
842 1.102588094796377 -0.3244998051683474 0
843 1.26257842008359 -0.3237753950183198 0
844 1.222265282476702 -0.2546750375249101 0
845 1.062904893165197 -0.3937059016988975 0
846 1.0225836919931 -0.3248276266841792 0
847 1.062264783614628 -0.2553993896222089 0
848 0.9822645781746752 -0.2557660214221116 0
849 0.9425827862373098 -0.3252308132666499 0
850 0.9022649542719789 -0.2561390869259164 0
851 0.8625832535310778 -0.3256049487427415 0
852 0.8222656561165622 -0.2565083832863131 0
853 0.7825840100299036 -0.3259736167781977 0
854 0.7422664608181426 -0.2568761400747785 0
855 0.7025848318721803 -0.3263411169710935 0
856 0.6622672935611335 -0.2572434456636312 0
857 0.6225856692842234 -0.326708347326246 0
858 0.5822681335703551 -0.2576106310470578 0
859 0.5425865105022557 -0.3270755126741314 0
860 0.5022689754227825 -0.2579777855604561 0
861 0.4625873526618643 -0.3274426620425537 0
862 0.4222698177393548 -0.258344932265608 0
863 0.3825881950557673 -0.3278098074463252 0
864 0.3422706601723299 -0.2587120770085747 0
865 0.3025890375081153 -0.3281769518622148 0
866 0.2622715026344327 -0.2590792212598458 0
867 0.2225898799750547 -0.3285440960315071 0
868 0.1822723451038392 -0.2594463653880421 0
869 0.1425907224456787 -0.3289112401392096 0
870 0.1022731875750341 -0.2598135094854825 0
871 0.06259156491719302 -0.3292783842315767 0
872 0.02227403004667344 -0.2601806535752473 0
873 -0.01740759261107918 -0.3296455283200679 0
874 -0.05772512748153624 -0.2605477976630759 0
875 -0.09740675013929641 -0.3300126724075323 0
876 -0.137724285009716 -0.2609149417504533 0
877 -0.1774059076674957 -0.3303798164947374 0
878 -0.2177234425378671 -0.2612820858375464 0
879 -0.2574050651956858 -0.3307469605818323 0
880 -0.2977226000660564 -0.2616492299246147 0
881 -0.337404222723885 -0.3311141046688988 0
882 -0.3777217575942662 -0.2620163740117363 0
883 -0.4174033802520881 -0.3314812487560452 0
884 -0.457720915122439 -0.2623835180988454 0
885 -0.4974025377802602 -0.3318483928431757 0
886 -0.5377200726506339 -0.2627506621859634 0
887 -0.5774016953084178 -0.3322155369303115 0
888 -0.6177192301788298 -0.2631178062730974 0
889 -0.6574008528366113 -0.3325826810174242 0
890 -0.697718387706995 -0.2634849503602226 0
891 -0.7374000103648291 -0.3329498251045599 0
892 -0.777717545235203 -0.2638520944473264 0
893 -0.8173991678930319 -0.3333169691916957 0
894 -0.8577167027634391 -0.2642192385344622 0
895 -0.8973983254211724 -0.3336841132787711 0
896 -0.9377158602916095 -0.2645863826216495 0
897 -0.977397482949343 -0.3340512573659069 0
898 -1.017715017819771 -0.2649535267087906 0
899 -1.057396640477557 -0.3344184014530569 0
900 -1.097714175347944 -0.2653206707959015 0
901 -1.137395798005763 -0.3347855455402478 0
902 -1.177713332876105 -0.2656878148830497 0
903 -1.217394955533988 -0.335152689627348 0
904 -1.257712490404277 -0.2660549589701215 0
905 -0.8570807905508767 -0.4027818439359816 0
906 0.8619472687586842 -0.1870437024525877 0
907 -0.6170833179661563 -0.4016804116746222 0
908 0.621949756085275 -0.1881457586977433 0
909 -0.05708921526887011 -0.3991104030647676 0
910 0.06195565270443985 -0.1907157788310165 0
911 0.3429065723774385 -0.3972746825375921 0
912 0.5829040453043758 -0.3961732444784243 0
913 -0.3380314183493439 -0.1944508070543236 0
914 -0.578030186167506 -0.1952700133448921 0
915 -1.138027316443726 -0.1971803252038011 0
916 0.9028988933429116 -0.3942912639038632 0
917 0.742899795935448 -0.3948789235196379 0
918 -1.299356780979221 -0.3351531554209526 0
919 0.1029040179330732 -0.3972688000772688 0
920 -0.8980342376339232 -0.1951215078772908 0
921 1.302263325865319 -0.2543121468027234 0
922 -0.7380359225773279 -0.1943872197030156 0
923 -0.2970931609145676 -0.3988013824589274 0
924 -0.4570919923270017 -0.3994231588118176 0
925 -0.09803278228226342 -0.1936028927855968 0
926 -1.097087078910628 -0.4019623557228584 0
927 -1.257412900060485 -0.4025495113033948 0
928 0.3019642927669508 -0.1920476925859305 0
929 0.4619630834733271 -0.1914170370719059 0
930 1.261962347647743 -0.1881801583023357 0
931 1.181963070586714 -0.1889657631189827 0
932 1.0219588512064 -0.1891206448261045 0
933 -1.342103917064139 -0.4034584719011658 0
934 -1.338779853681134 -0.266186223023972 0
935 -1.29803002527458 -0.1969572283128631 0
936 1.344850983042361 -0.188907940593344 0
937 1.222296236696641 -0.1178900893291139 0
938 1.343156645085418 -0.3248419994131986 0
939 -1.378029182802818 -0.1973243723999829 0
940 -1.381467613183325 -0.3359526523998806 0
941 -1.366269555457416 -0.4731132664033773 0
942 1.30260713672988 -0.3933033161506749 0
943 1.103829696401476 -0.4625743927203256 0
944 1.101964314808446 -0.1898690220012309 0
945 1.063023255910844 -0.1190602131574856 0
946 1.142265282521711 -0.2553575169864288 0
947 1.382427181593192 -0.2559692522376373 0
948 1.382844220972271 -0.114497151886658 0
949 0.9828998002426849 -0.3939567821127934 0
950 0.9442907163274602 -0.462779555413702 0
951 0.9419616645940645 -0.1899570156713661 0
952 0.9016288508480245 -0.1175794627056046 0
953 0.8104332625997476 -0.1245241503691261 0
954 0.7800943237169202 -0.19118923534446 0
955 0.822898927798966 -0.3944975818436092 0
956 0.7848746571396172 -0.4631285084594481 0
957 -0.2580302199148056 -0.1945283678916816 0
958 -0.3040415803823081 -0.1307113593778091 0
959 0.1419654765668855 -0.1926727842340803 0
960 0.09419240247373364 -0.1251512951164493 0
961 0.01447499876576613 -0.1264982780617139 0
962 0.6629002068310195 -0.3951528005715854 0
963 0.6254628045287577 -0.464321826948888 0
964 0.5466228080256417 -0.4647459585583658 0
965 -0.6970901952485626 -0.4003654536939276 0
966 -0.648484601287395 -0.4692630430172251 0
967 -0.5687667042675535 -0.4682397497954831 0
968 -1.177143759379543 -0.4016646708862197 0
969 -1.217522492273012 -0.4743252348255584 0
970 -0.8180350801057256 -0.1947543637900306 0
971 -0.4980287977397616 -0.1953889729216609 0
972 -0.5429898485403932 -0.130928113077001 0
973 -0.1370943063836257 -0.3981846435153145 0
974 -0.09094258931121321 -0.4671968031813982 0
975 -0.01122420335352134 -0.4664057412012816 0
976 0.4229021779605775 -0.3961335804720285 0
977 0.3863405841991601 -0.4651300508319025 0
978 0.3078220656049027 -0.4656464111983905 0
979 -0.2170955316864618 -0.3981012281851246 0
980 -0.2513264389368643 -0.4655226946340179 0
981 0.02382859293654172 -0.3971509929432155 0
982 -1.058025682380747 -0.1973528076695423 0
983 -1.100536049834225 -0.131492224298432 0
984 -0.3770945621891267 -0.3986796236200512 0
985 -0.4107417777548578 -0.4659132262787331 0
986 -0.7770906394025215 -0.4004522474364016 0
987 -0.8092700956089042 -0.4690449778236392 0
988 -0.8861808142291278 -0.4699651932240627 0
989 -1.017088970759022 -0.401366556852377 0
990 -1.058134321197446 -0.4739205639317579 0
991 0.5419641817658908 -0.1914727186694201 0
992 0.5712636935840901 -0.1258474487900809 0
993 0.6616313780591674 -0.1186808954768068 0
994 -0.01922584358433317 -0.1944052378693524 0
995 0.381967252070895 -0.1925089358107073 0
996 0.4276912731529107 -0.1195160239920821 0
997 -0.6580325658466226 -0.1949350642465788 0
998 -0.9780298124631315 -0.196269307036891 0
999 -0.4180289896986813 -0.195163572865809 0
1000 -1.218028211399532 -0.1971688910745346 0
1001 0.2219682730642722 -0.1930985560560146 0
1002 0.2548531372087778 -0.1283852409335875 0
1003 0.2636691146036263 -0.3964821061936732 0
1004 0.1830298740760112 -0.3966536021197271 0
1005 0.1472334451836448 -0.4645677757774038 0
1006 0.5034674745753649 -0.3954887468818011 0
1007 -0.5357591349532735 -0.3991134100281037 0
1008 -0.1780290632268229 -0.1945968323617517 0
1009 -0.9353263882971008 -0.4005810493920272 0
1010 0.7016522655553904 -0.1910899808358248 0
1011 -0.1436851911246283 -0.129370944150466 0
1012 1.341617330503096 -0.4629592676657488 0
1013 1.426628259448563 -0.4730669787837716 0
1014 -1.301979710819497 -0.06753505091409728 0
1015 1.144736842105264 -0.5316295733852883 0
1016 -0.7448045147528033 -0.06740783944419348 0
1017 -0.9036358789216505 -0.06719526208928528 0
1018 -0.3496830040637972 -0.06480299670977629 0
1019 1.064831439057464 -0.5313153988741952 0
1020 -0.587578997311704 -0.06517082663171436 0
1021 1.02406489524822 -0.4626896305588417 0
1022 0.9059928194412097 -0.5314148889203061 0
1023 1.38092806984417 -0.3980761282674745 0
1024 0.8646653658872125 -0.463052629809388 0
1025 0.7472592879988463 -0.5315790679632642 0
1026 -1.1426697276909 -0.06543753213565218 0
1027 0.7053060538752169 -0.4636098093929739 0
1028 0.5903507423813799 -0.5333927498028075 0
1029 0.5095059978547813 -0.5321133430418143 0
1030 0.4665639561443389 -0.4644652511017195 0
1031 0.352878693841083 -0.5341755071234413 0
1032 0.2715301798086842 -0.5324691511015303 0
1033 -1.430077026371721 -0.1198172685091414 0
1034 -1.178902220269253 -0.1325684071295541 0
1035 0.2276557574825104 -0.4649284183248223 0
1036 0.112329290412522 -0.532273825233835 0
1037 -1.341282392628633 -0.1295384808979261 0
1038 -1.260019806061143 -0.1317694600344801 0
1039 0.06818741391999018 -0.4652989577560174 0
1040 -0.04424697888494758 -0.5343602540798429 0
1041 -0.1254464460213625 -0.5329037119151021 0
1042 -1.0642895774619 -0.06390678103696601 0
1043 -0.1709577863390302 -0.4660982159306286 0
1044 -0.2845074078676439 -0.5327433304982261 0
1045 -1.01912244969354 -0.1334117668886901 0
1046 -0.3305335370687368 -0.4661172231375783 0
1047 -0.9388012284981688 -0.1338902591288438 0
1048 -0.4432405979819363 -0.5329384008057669 0
1049 -0.8583117135672198 -0.1345688786767933 0
1050 -0.4894390879950319 -0.4668381388045102 0
1051 -0.77887609924179 -0.1340124875135409 0
1052 -0.5989247973558758 -0.5356217388251281 0
1053 -0.6201713686671189 -0.1328047107935575 0
1054 -0.6808756706451917 -0.533705418669113 0
1055 -0.6990413079194188 -0.1339489393874516 0
1056 -0.7286233579309244 -0.4681265087856143 0
1057 -0.8344813110863973 -0.5376349950466413 0
1058 -0.5073499898247912 -0.06616523533506857 0
1059 -0.918347843456313 -0.5342800938910042 0
1060 -0.9709822052261241 -0.4672007258023356 0
1061 -0.4597503313751334 -0.1335855394551118 0
1062 -1.066077135803727 -0.5481922652483675 0
1063 -0.3817115691672289 -0.13195510485704 0
1064 -1.138747309269663 -0.4564941088592462 0
1065 -0.2692804297902499 -0.06536871624964746 0
1066 -1.222173432092399 -0.5471639310403464 0
1067 -1.446495330231565 -0.1901515279563704 0
1068 -1.297087243480744 -0.4568686371759654 0
1069 -0.224014895568325 -0.1293983187541095 0
1070 -0.110379737888203 -0.06458557934111298 0
1071 -0.06487916080414659 -0.1283176242186173 0
1072 0.04560156893015228 -0.06140900944741645 0
1073 -1.437020573435464 -0.4915381696815171 0
1074 0.1273007986360244 -0.06371468251701984 0
1075 0.1742913953672837 -0.1273202820733808 0
1076 -1.385623701883394 -0.54031337719071 0
1077 0.2864532446973674 -0.06409640274899431 0
1078 1.448175310188543 -0.2595722277690999 0
1079 0.3388772118190956 -0.1303789275042675 0
1080 0.4336811403367112 -0.04975367644866679 0
1081 0.5022221785799786 -0.139392218598223 0
1082 0.597314228814359 -0.05888607215027619 0
1083 0.6694949012158817 -0.04913558368251358 0
1084 0.7400469731958426 -0.138719042562343 0
1085 0.8349701080226777 -0.05818725737734454 0
1086 0.9074013987107152 -0.04865841590002695 0
1087 1.378883362373151 -0.04711251531137428 0
1088 0.9826382367115993 -0.1366485391555496 0
1089 1.064527520947051 -0.05074553547909488 0
1090 1.142532743691994 -0.1365854384855254 0
1091 1.223311853695286 -0.05043754694242431 0
1092 1.30308631172577 -0.1353261761347273 0
1093 1.444473109422239 -0.404282772192218 0
1094 -1.448699417143316 -0.3370529594933025 0
1095 1.451643017422199 -0.1159876487203544 0
1096 1.441587192847794 -0.5425640811138805 0
1097 1.444936925886807 -0.05390988410802677 0
1098 -1.444949592183354 -0.05389655116428749 0
1099 -1.445166835121977 -0.5463321256130254 0
1100 -1.25 -3.069290289971342 0
1101 -0.008000000000011576 -3.059105625842195 0
1102 1.324842119607921 -3.052502796135606 0
1103 -0.64 -3.069282032302755 0
1104 0.6399999999999999 -3.069282032302755 0
1105 -0.632896517594034 -29.69868675423559 0
1106 -14.19655852665377 -16.23387096774194 0
1107 14.23542862305352 -16.20905462974162 0
1108 14.14794274788951 -11.31451612903226 0
1109 -14.01836127840675 -11.30651120576776 0
1110 4.515298244110683 -29.59674472356662 0
1111 -5.527192285574089 -29.66177574913155 0
1112 14.12944684976838 -20.13607757922414 0
1113 -14.12604466360597 -20.15121426817697 0
1114 1.580632875015005 -2.213728138217753 0
1115 1.564951905283833 -2.737499999999997 0
1116 1.580437051885599 -1.757606251731387 0
1117 1.575099600347254 -1.395475327351051 0
1118 -1.564951905283833 -2.212500000000002 0
1119 -1.594846885315863 -2.736394963602006 0
1120 -1.564951905283833 -1.762499999999998 0
1121 -1.564951905283833 -1.387500000000005 0
1122 0.96 -3.065570494857965 0
1123 -0.3200000000000001 -3.069282032302755 0
1124 0.3199999999999868 -3.072585956212285 0
1125 -1.574343843719896 -1.094451275287161 0
1126 1.556277549630817 -1.09500000000002 0
1127 1.577563326478923 -0.7906918619609939 0
1128 -1.567304293296569 -0.785122220761437 0
1129 -6.618073048121573 -0.8539954909402567 0
1130 6.637196400492376 -0.8438390341404443 0
1131 -0.96 -3.065570494857965 0
1132 14.08659044756369 -7.325666484730963 0
1133 -14.20073525896958 -7.379032258064516 0
1134 8.490865714302492 -29.63924827852187 0
1135 -14.19781406820129 -24.0911226727994 0
1136 14.10143726732492 -24.27285522540162 0
1137 -8.623157984296711 -29.5845790250433 0
1138 -9.581040605787113 -0.8126126364431201 0
1139 9.576967582080549 -0.8037165492164817 0
1140 1.580097631932676 -0.5564756645534175 0
1141 -1.57236393778226 -0.5599103018901346 0
1142 1.590702753464195 -1.985338311673395 0
1143 -1.564951905283833 -1.987500000000015 0
1144 -1.558641852911625 -2.509724375371725 0
1145 1.564951905283833 -2.43749999999998 0
1146 -3.838284616824001 -0.6365751221071445 0
1147 3.746309328531334 -0.5365056489133533 0
1148 14.25750558236156 -4.50691163811014 0
1149 -14.2214643151887 -4.450946876832161 0
1150 2.631337649303794 -0.3146391834915718 0
1151 -2.587289729166973 -0.3349952190966725 0
1152 -11.57314796962707 -29.54329874982205 0
1153 11.49975437201188 -29.57239748041841 0
1154 1.55558205217404 -0.3299999999999628 0
1155 -1.556277549630841 -0.3449999999999722 0
1156 -14.14794274788951 -27.05645161290322 0
1157 14.09631082280082 -27.07237350872298 0
1158 1.975799620199564 -0.1604272356552539 0
1159 -1.990555137847568 -0.1684081385563445 0
1160 -3.34322621894675 -29.5795163081219 0
1161 1.561819002414316 -29.68242165468166 0
1162 6.5 -29.63397459621556 0
1163 -11.68015284978963 -0.9465806899896929 0
1164 11.54215982134768 -0.8880934853672429 0
1165 -14.11908268449307 -18.26038695136049 0
1166 14.20172479968283 -22.13688340645047 0
1167 14.19643826752863 -13.28225806451613 0
1168 -14.04872237401933 -14.11407742877144 0
1169 -14.15139442198328 -22.1774366388325 0
1170 14.11599461761195 -18.22510257980322 0
1171 -14.11098610712042 -9.246316748649694 0
1172 14.23672786159878 -9.341824230650845 0
1173 1.564951905283833 -2.587499999999977 0
1174 -1.564951905283833 -2.362500000000047 0
1175 -1.590798692567998 -1.244776142937567 0
1176 1.554655891745493 -1.244999999999996 0
1177 1.564951905283833 -1.612500000000017 0
1178 -1.571083547038401 -1.610895144674295 0
1179 1.584777016512232 -0.9290740964685824 0
1180 -1.578552716643333 -0.9392756133721392 0
1181 1.116200663535269 -3.077315076424401 0
1182 -1.112863625206852 -3.072305667164382 0
1183 13.97805756256047 -2.42947096768234 0
1184 -13.99077234320858 -2.442346137062037 0
1185 -1.58125024785547 -0.1789762688524146 0
1186 1.580996129874549 -0.1783638068616646 0
1187 -13.50001996478037 -29.6636662849318 0
1188 13.5 -29.63397459621556 0
1189 -13.43740374269306 -0.8331313334970005 0
1190 13.57149232601962 -0.833950817898323 0
1191 -1.643626147783417 -0.09751249003554818 0
1192 1.639860233060948 -0.09456823607595766 0
1193 -1.801087480864462 -0.1236130946981593 0
1194 -1.858828191943637 -0.3183573854455233 0
1195 -2.06694467640266 -0.369990547991474 0
1196 -1.896970416443037 -0.5372784785743736 0
1197 -2.13004543695278 -0.5878087751300374 0
1198 -1.974288094054004 -0.74845911625642 0
1199 -2.211043186247936 -0.8213362035743685 0
1200 -2.030089352301575 -1.008430570171502 0
1201 -2.297106618740403 -1.076191172525355 0
1202 -2.078913656404284 -1.261965100574756 0
1203 -2.38514012189925 -1.348700184932312 0
1204 -2.195530296162332 -1.556466852862684 0
1205 -2.478418960140516 -1.646817930793752 0
1206 -2.203599724988717 -1.887371557652781 0
1207 -2.589028889965862 -1.972844960047267 0
1208 -2.353754287601669 -2.207877789409064 0
1209 -2.708781235869358 -2.322399427931646 0
1210 -2.370775099175108 -2.599147090862845 0
1211 -2.875194773535597 -2.666428454253598 0
1212 -2.562028736612898 -3.001704224231368 0
1213 -2.999068324616763 -3.120278738047292 0
1214 -2.654625673593312 -3.488821275215981 0
1215 -3.183054750062791 -3.597128773723572 0
1216 -2.819028489350628 -4.045523196406254 0
1217 -3.397001836526299 -4.136283891798239 0
1218 -2.93599985997022 -4.660959136967346 0
1219 -3.720036151804982 -4.838768980168352 0
1220 -3.119243409118394 -5.469055818923518 0
1221 -4.025071764677175 -5.68457480983391 0
1222 -3.3539235706908 -6.380204431075986 0
1223 -4.310034684166212 -6.602289297532835 0
1224 -3.621217871803565 -7.321810698588408 0
1225 -2.658518117051665 -7.086815561293021 0
1226 -2.927249600829548 -8.03980246763982 0
1227 -1.959730623566434 -7.800042201116796 0
1228 -2.231922152045279 -8.757861869717505 0
1229 -1.261584842072774 -8.515565914111573 0
1230 -1.5364791128678 -9.476266956680679 0
1231 -0.5661219997394503 -9.234025482002135 0
1232 -0.8414642145271847 -10.19521594112266 0
1233 0.1288217578686933 -9.953065593956179 0
1234 -0.1466072038368127 -10.91435214366316 0
1235 -1.11685256408184 -11.15645484609775 0
1236 -0.4220458354455619 -11.87564929500684 0
1237 -1.392292806192174 -12.11775377515389 0
1238 -0.6974947277875965 -12.83695821665309 0
1239 -1.667743408686926 -13.07906465847807 0
1240 -0.9729470570314446 -13.79827109238198 0
1241 -0.002697486516763954 -13.55616363890256 0
1242 -0.2781508870680139 -14.51747773908179 0
1243 -1.248400324636933 -14.75958504911095 0
1244 -0.5741237543508921 -15.49861486964214 0
1245 -1.573025694595275 -15.73794426807099 0
1246 0.4132251772576363 -15.23998844266431 0
1247 0.1166822505645927 -16.2216762994823 0
1248 1.106786087983873 -15.96038847401812 0
1249 0.7938886045353765 -16.9578757876186 0
1250 1.798444531246913 -16.68262640308768 0
1251 1.485229969887883 -17.68042003297412 0
1252 2.49214175441828 -17.40289476665909 0
1253 2.773705795231511 -16.4356773931418 0
1254 2.185882219477215 -18.39396942469017 0
1255 1.286113978594596 -18.52857836075754 0
1256 -3.903219019252749 -8.277375833758368 0
1257 3.18773056708274 -18.12133574060189 0
1258 2.881786295666385 -19.11210582812118 0
1259 0.4042811767257206 -8.991743337584698 0
1260 1.09910998115526 -9.710914009171709 0
1261 1.374562947474261 -8.749600151988652 0
1262 2.069366791651023 -9.468798384262573 0
1263 2.322999828074604 -8.528564124396794 0
1264 3.03597949455513 -9.230204363772625 0
1265 3.882843253082637 -18.84023665915787 0
1266 3.607442437793559 -19.80150000002321 0
1267 4.585420181182734 -19.55192668563684 0
1268 4.859577032711742 -18.5918651179345 0
1269 4.30849481900681 -20.51374920939357 0
1270 3.339717092239356 -20.75534839650835 0
1271 5.279970777592968 -20.27121837695329 0
1272 3.315341533052165 -8.273952345327746 0
1273 4.009304871191105 -8.986598482507631 0
1274 5.04028022145079 -21.19704451394472 0
1275 5.980890639905692 -20.98445424031731 0
1276 4.312376929661665 -8.032801220499842 0
1277 4.984531308721243 -8.744400733485678 0
1278 5.26081440136764 -7.783071301693606 0
1279 5.951186221133902 -8.500694905386428 0
1280 5.675783997639686 -9.462058344255372 0
1281 4.57006021714359 -7.081003326827963 0
1282 6.206693931887793 -7.558879170655661 0
1283 5.742445361028612 -21.91000721726614 0
1284 6.645160509677627 -9.219575893179286 0
1285 6.369852404613643 -10.18095277531325 0
1286 6.677935416640638 -21.70162530838845 0
1287 6.946452420814991 -20.74705911184414 0
1288 -4.985395445169154 -5.881111627035558 0
1289 1.650024522432796 -7.78827701838066 0
1290 -2.360931452095344 -5.166018648604926 0
1291 6.435321691942183 -22.63123718084826 0
1292 5.463035418536676 -22.80542035369685 0
1293 7.372786213897676 -22.42083011782342 0
1294 7.339980624409844 -9.938793308989261 0
1295 7.064531068961218 -10.90010941442247 0
1296 7.107728758741541 -23.37211796685281 0
1297 6.094282279551462 -11.14221707584447 0
1298 6.789058724283962 -11.86141572805391 0
1299 7.759304950373271 -11.61930696525526 0
1300 7.483847689371286 -12.58061975985894 0
1301 8.06385971172349 -23.14364908950851 0
1302 -2.362539126072225 -12.3598574936128 0
1303 8.4540960021864 -12.33851189365955 0
1304 8.178641602917931 -13.29982591785848 0
1305 7.818501158590369 -24.07589251638368 0
1306 -3.447435171088768 -2.691629832683638 0
1307 8.760697880314058 -23.86088605719415 0
1308 9.030581185600152 -22.90495337817208 0
1309 7.208392006204848 -13.54193323240802 0
1310 7.903187524586661 -14.26114007995385 0
1311 8.873436929617519 -14.0190326830446 0
1312 8.59798324283013 -14.98034701337383 0
1313 2.763556531064403 -10.18859093979951 0
1314 8.485584646847563 -24.82187207848811 0
1315 7.617879411260574 -25.01888819690174 0
1316 9.451215388935559 -24.5842268213137 0
1317 9.568232681171265 -14.73823963077694 0
1318 9.292779065192899 -15.69955399153054 0
1319 6.932937981363112 -14.50324741748613 0
1320 -5.283101247551582 -6.817945467797795 0
1321 -5.960671821074685 -6.081570782785439 0
1322 -6.260992234547342 -7.031881950943152 0
1323 -6.937042701910837 -6.295209655317855 0
1324 -7.237507263034061 -7.24775098067693 0
1325 -7.913323157270385 -6.511389017063227 0
1326 -8.213599085177979 -7.465126768251213 0
1327 -7.523167957451443 -8.20375782086434 0
1328 -8.51142933293475 -8.419322250173842 0
1329 -7.820419773126487 -9.158800910787461 0
1330 -8.810783772548087 -9.373433412449081 0
1331 -8.119978392380968 -10.11507185537902 0
1332 -9.11077671756709 -10.32773511933491 0
1333 -8.42007775478387 -11.06940531963751 0
1334 -8.889515274416066 -6.728244281137314 0
1335 -9.410966203856702 -11.28174567016546 0
1336 -8.735020413214244 -12.0187335590102 0
1337 -7.74247535674217 -11.81380257643472 0
1338 -8.058806484256959 -12.75693928502648 0
1339 -9.038042424787685 -12.97188086518015 0
1340 -8.362206109146651 -13.7088913097867 0
1341 -7.3860273654233 -13.49200460261593 0
1342 -7.686814305890974 -14.44554547189513 0
1343 -8.663184769380017 -14.66233687255247 0
1344 -7.987282674382802 -15.39928123286923 0
1345 -8.963537415009366 -15.61614116001231 0
1346 -8.287593611777986 -16.35310926324149 0
1347 -7.311396953456242 -16.1362154991745 0
1348 -7.611666126908436 -17.09006785990633 0
1349 -8.587863898145091 -17.30696097562411 0
1350 -7.911930138586642 -18.04392322772535 0
1351 -6.935735154210386 -17.82702848847036 0
1352 -7.235996785700666 -18.780885242912 0
1353 -6.259801869103155 -18.56399046417125 0
1354 -6.560063115191905 -19.51784744313569 0
1355 -7.536258129606935 -19.73474216489102 0
1356 -6.860324315232728 -20.4717044489262 0
1357 -5.884129321720513 -20.25480971499354 0
1358 -6.184390483081903 -21.20866674331748 0
1359 -5.208195486606919 -20.99177201111083 0
1360 -7.160585484593344 -21.42556147259003 0
1361 -5.508456641027941 -21.94562904347801 0
1362 -4.532261642902433 -21.72873431223291 0
1363 -4.832522795891639 -22.68259134543421 0
1364 -3.856327797252409 -22.46569661448839 0
1365 -4.156588949917351 -23.41955364787859 0
1366 -3.180393951138465 -23.20265891701414 0
1367 -5.132783948761744 -23.63644837870488 0
1368 -4.23200049045692 -20.77487727871486 0
1369 -3.480655103726088 -24.15651595044937 0
1370 -2.504460104911039 -23.939621219606 0
1371 -2.2041989523506 -22.98576418615491 0
1372 -1.528265106096138 -23.72272648876252 0
1373 -1.828526258656552 -24.67658352221363 0
1374 -0.8523312598309543 -24.45968879137638 0
1375 -7.613039653553244 -5.557633418030672 0
1376 -1.228003953531925 -22.76886945531362 0
1377 -4.216319304228914 -4.231721025801221 0
1378 -2.242639102147932 -3.848780842231962 0
1379 -9.789144451391124 -9.590067572122505 0
1380 -7.116204582201812 -9.911573378136499 0
1381 -2.637991926131853 -13.32117091061445 0
1382 -3.33278791152419 -12.60196405442833 0
1383 -3.608241417744468 -13.56327828543695 0
1384 6.238142101894838 -13.78404041479301 0
1385 -5.959540730245643 -17.61013342273726 0
1386 -8.888125873869489 -18.26081752952577 0
1387 -9.564059582940676 -17.52385530683682 0
1388 -9.864320849831197 -18.4777122736828 0
1389 -9.639456012429743 -14.87918764839699 0
1390 8.322529599028169 -15.94166136217253 0
1391 9.017325457304057 -16.66086835575996 0
1392 1.385548807609271 -14.9958773420875 0
1393 7.615414014100223 -8.977470257647395 0
1394 -0.2510056034767422 -17.22753671074358 0
1395 9.843686273952464 -13.77692526005625 0
1396 8.853608722239329 -11.23469816889098 0
1397 9.175048712140887 -25.54623014201331 0
1398 10.14440955040157 -25.30498130174236 0
1399 10.41971506541791 -24.34381002415718 0
1400 9.987574918983931 -16.41876098319097 0
1401 9.71212132004511 -17.38007535126593 0
1402 -1.152592412393381 -25.41354582482631 0
1403 -0.1763974135664629 -25.19665109398984 0
1404 0.1238637389960789 -24.24279406053996 0
1405 0.7997975852608673 -24.97975636315359 0
1406 -2.128787411220669 -25.63044055566256 0
1407 10.53848210935855 -14.49613224381726 0
1408 1.100058737823353 -24.02589932970369 0
1409 1.77599258408818 -24.76286163231735 0
1410 1.475731431525696 -25.71671866576725 0
1411 2.451926430353016 -25.499823934931 0
1412 10.81393571136153 -13.53481787705887 0
1413 -10.5402546922851 -17.74074997328928 0
1414 9.868688982414321 -26.26655357516016 0
1415 -10.84051587152413 -18.69460699119827 0
1416 -10.16458202144835 -19.43156929603205 0
1417 8.741871856720305 -17.62218272312814 0
1418 9.436667722199228 -18.34138971981048 0
1419 10.40691718507961 -18.09928234775732 0
1420 10.1314635880147 -19.06059671663743 0
1421 5.96268840595277 -14.74535474118878 0
1422 5.267892546619423 -14.02614774714699 0
1423 8.898395022269854 -26.50870390891605 0
1424 -0.4766585661288783 -26.15050812743977 0
1425 11.11421928207997 -25.06329879645787 0
1426 2.076253736650663 -23.80900459886744 0
1427 1.400319890385826 -23.07204229625378 0
1428 -6.710709647565182 -14.22859938430802 0
1429 2.151665277790532 -26.4536809683809 0
1430 3.127860276617852 -26.23678623754466 0
1431 -6.410463551752956 -13.27473379139964 0
1432 -2.609282747268237 -1.120470841006675 0
1433 -11.14077702345145 -19.6484640250182 0
1434 -10.46484317708074 -20.38542632769352 0
1435 11.10171305095117 -18.81848934460837 0
1436 10.82625945402577 -19.77980371354842 0
1437 11.37716664783159 -17.85717497564898 0
1438 11.38959966431804 -24.10205519354053 0
1439 -0.9852751373077484 -7.553284193261493 0
1440 -2.506635562965754 -9.718268973476782 0
1441 9.856009991036537 -20.02191108555482 0
1442 10.55080585711639 -20.74111808249536 0
1443 0.5482054597950538 -11.63353984209763 0
1444 -5.283607031122691 -18.34709563963068 0
1445 -4.983345854036562 -17.39323862046748 0
1446 -4.307412028208096 -18.13020091117555 0
1447 -1.903937799796474 -22.03190715270014 0
1448 -0.9277428009705475 -21.81501242186308 0
1449 -1.603676647235569 -21.07805011924932 0
1450 -11.44103817653206 -20.60232105816625 0
1451 -10.76510433024123 -21.33928336079504 0
1452 11.50873157319405 -14.25402487217447 0
1453 3.428121429180337 -25.28292920409476 0
1454 4.104055275445173 -26.01989150670842 0
1455 2.827599124055369 -27.19064327099456 0
1456 9.615609870536959 -27.20625287503726 0
1457 10.56697682811989 -26.98238713357641 0
1458 -2.845233230134048 -1.667721655343987 0
1459 -0.6274816484085131 -20.86115538841291 0
1460 -1.303415494673427 -20.12419308579921 0
1461 -4.007150874964403 -17.1763438781225 0
1462 -3.331217032715009 -17.91330617839688 0
1463 -4.672670538206851 -16.42982979974558 0
1464 11.52105532009692 -20.49901071048523 0
1465 -11.51644971334288 -17.95764469117477 0
1466 -11.21618856003939 -17.00378765815656 0
1467 11.78418517022431 -13.29271050327947 0
1468 11.06224447387126 -12.46269268142112 0
1469 11.24560172320478 -21.46032507943958 0
1470 8.46641825898978 -18.58349709172226 0
1471 7.771622392923991 -17.86429009478775 0
1472 4.992438928348525 -14.98746210691557 0
1473 4.297643065817458 -14.26825511149983 0
1474 4.573096663299602 -13.30694074279899 0
1475 3.602847197445741 -13.54904811357455 0
1476 5.687234796880248 -15.7066691049096 0
1477 3.878300793954443 -12.58773374445545 0
1478 2.908051330429692 -12.82984111623176 0
1479 -9.788909331409577 -21.12238862996131 0
1480 -10.08917048407099 -22.07624566335357 0
1481 -11.06536548293043 -22.29314039417113 0
1482 -10.38943163667108 -23.03010269678157 0
1483 -9.413236637844671 -22.81320796594478 0
1484 -9.713497790413564 -23.76706499939094 0
1485 -10.68969278924311 -23.9839597302259 0
1486 -10.0137589429787 -24.72092203283929 0
1487 -9.037563944151453 -24.504027302003 0
1488 -9.337825096714379 -25.45788433545264 0
1489 -8.361630097887154 -25.24098960461633 0
1490 -10.31402009554186 -25.6747790662888 0
1491 -8.661891250449708 -26.19484663806618 0
1492 -7.685696251622426 -25.9779519072299 0
1493 -8.061368945324702 -24.28713257116641 0
1494 -7.987368060514841 -26.92545988992583 0
1495 -7.009997514745923 -26.71385603471786 0
1496 -8.96376642890101 -27.14133105117948 0
1497 -6.709540437693197 -25.76088081387267 0
1498 -6.033613122244688 -26.49781372273281 0
1499 -7.305279044820307 -27.80906534679824 0
1500 -2.221138844968944 -2.944829107723208 0
1501 -1.557830597469277 -2.970951110544522 0
1502 -1.569347052890221 -3.049004151713433 0
1503 -1.648454899972919 -2.972385253800716 0
1504 -1.663122322118195 -3.108119230816158 0
1505 -1.554042158286908 -3.169688611447388 0
1506 -1.669031449790387 -3.248492245350034 0
1507 -1.52295123010675 -3.317510018498913 0
1508 -1.66839336242935 -3.418481667576129 0
1509 -1.496309429582046 -3.501383459677402 0
1510 -1.818879981745289 -3.323152456878207 0
1511 -1.387880899235822 -3.086770359836184 0
1512 -1.359296397968454 -3.370722424334522 0
1513 -1.304857954006984 -3.575846177520884 0
1514 -1.482081315055253 -3.730493614148644 0
1515 -1.236374063784549 -3.836755283186516 0
1516 -1.022169849596109 -3.641088136656551 0
1517 -0.9478850518106055 -3.943541045033669 0
1518 -0.7179370982599615 -3.665813404894822 0
1519 -0.6419826398340286 -4.045303050784524 0
1520 -0.4076611540967375 -3.816254587838605 0
1521 -0.3171318617059587 -4.189398891947445 0
1522 -0.030986346728766 -3.839185336373886 0
1523 0.07120536498783184 -4.291485727752448 0
1524 0.3469549756988184 -4.022793556054721 0
1525 0.4747560441419421 -4.435721460785526 0
1526 0.799752264348877 -4.04943665563537 0
1527 0.8645122202418265 -4.637408695770056 0
1528 1.323109582004291 -4.256365754497809 0
1529 1.399222093229576 -4.791611944152013 0
1530 1.835063605654278 -4.45491661784013 0
1531 1.93792250947518 -5.006833805356624 0
1532 2.380736940817654 -4.604675183063684 0
1533 -0.2452740900952313 -4.598569933647784 0
1534 2.161814505859498 -3.997927639057218 0
1535 2.762960434732154 -4.176641029969822 0
1536 2.615145284607086 -3.595229569114839 0
1537 3.169258486368525 -3.793231515436176 0
1538 3.052955339241174 -3.233420601751568 0
1539 3.604974540232138 -3.390896947481778 0
1540 3.802439061651589 -4.051118387690277 0
1541 4.370999272603336 -3.539745634736761 0
1542 0.9251447185713264 -5.324191607052033 0
1543 2.561620329190897 -5.263654336630585 0
1544 4.583662758896461 -4.364605834914812 0
1545 5.265598321619044 -3.664450248850976 0
1546 3.432480316896378 -2.793148603333584 0
1547 2.847543597744804 -2.710916869117751 0
1548 5.507953212795702 -4.659255832931825 0
1549 6.2155647761507 -3.887294022549863 0
1550 6.467407007086656 -4.919860589264959 0
1551 7.185524525638077 -4.23574303592205 0
1552 7.430718276967468 -5.202873935393338 0
1553 8.147762938216813 -4.507208346519402 0
1554 8.399303216724666 -5.455883773870671 0
1555 9.111129335553695 -4.775858785997972 0
1556 9.362853722864134 -5.724068104212167 0
1557 10.07384342775613 -5.0465740734767 0
1558 10.31963718509099 -6.015721408343081 0
1559 9.82699168462667 -4.081240750965698 0
1560 10.78938939126625 -4.352903193387972 0
1561 7.911466711594036 -3.517348568563264 0
1562 9.615760221613685 -6.627851426059214 0
1563 10.56744026968453 -6.973882447119664 0
1564 11.28140432330074 -6.288985577272527 0
1565 11.5154719457253 -7.246672232080241 0
1566 10.80935615214611 -7.953874537730466 0
1567 -1.192139404617322 -4.173920856699109 0
1568 2.189784101208648 -3.516561590949632 0
1569 2.002025232378944 -5.743957625840411 0
1570 4.747587693677357 -2.683630502282391 0
1571 1.245005029304258 -3.856608673477547 0
1572 10.54343528506052 -3.38436999687092 0
1573 11.50579163564807 -3.656160767696093 0
1574 11.77206307129198 -8.231158204470162 0
1575 11.0553953853479 -8.927732439646393 0
1576 3.243591429707646 -2.238504171129517 0
1577 2.641479477432711 -2.207979515719234 0
1578 2.403093595619265 -2.587276178511466 0
1579 2.261473000965899 -2.094660678795885 0
1580 2.459320055905802 -1.826229384926606 0
1581 2.099909657106264 -1.684240887325881 0
1582 2.323743746439295 -1.488866553011418 0
1583 2.678380161566141 -1.470615502452628 0
1584 10.12634575639172 -8.662549030426627 0
1585 10.34437836785936 -9.626926024263035 0
1586 11.30209883600709 -9.897959080789489 0
1587 1.851404125228049 -27.40753800183081 0
1588 4.404316428007661 -25.06603447325852 0
1589 5.080250274272491 -25.80299677587217 0
1590 4.779989121710008 -26.75685380932207 0
1591 5.756184120537326 -26.53995907848583 0
1592 8.739088873933198 -27.44051881033368 0
1593 0.2661328416210302 -3.65008157383077 0
1594 5.455922967974848 -27.49381611193573 0
1595 2.337699475336091 -22.89074864284474 0
1596 1.700581042948308 -22.11818526280388 0
1597 12.12718484140355 -12.28281999483518 0
1598 -3.621345475348641 -16.19078661553499 0
1599 12.08433464973096 -24.82132100809444 0
1600 -5.632276267835786 -5.148881061867097 0
1601 2.008496130949736 -1.423867662190119 0
1602 2.190371472482173 -1.227621285395347 0
1603 2.020621861609153 -2.377915047539673 0
1604 -5.704634002457738 -14.01341348137086 0
1605 -5.350803785625803 -13.06387482594218 0
1606 12.22969375775298 -6.549349016549881 0
1607 2.771627627982964 -6.068229713803049 0
1608 -0.4868583851775758 -3.519489754028204 0
1609 -2.012530240430376 -2.146380792579787 0
1610 6.405379068558827 -27.30144600911696 0
1611 -12.19238356244828 -17.2206823869063 0
1612 -11.89212241068269 -16.26682535299215 0
1613 12.06709643858298 -18.57498765456155 0
1614 12.34660509821758 -17.61483521728375 0
1615 5.380511426834983 -24.84913974242228 0
1616 -5.571290561882288 -7.782749564851196 0
1617 10.58768404773838 -10.58840265261344 0
1618 12.21585118618674 -21.21821770743006 0
1619 -12.10875944382464 -19.86794396312918 0
1620 -12.41586441227535 -20.81964665688648 0
1621 10.31472421867928 -27.9212879716147 0
1622 11.22533385040274 -27.68952245548469 0
1623 1.977772201825039 -2.015733936701025 0
1624 9.584595599331001 -3.11605303840015 0
1625 -3.057334314177408 -11.64064971837971 0
1626 -4.027583672917826 -11.88275694003452 0
1627 -3.752130003446796 -10.92144252084267 0
1628 -4.723144662656656 -11.16428908939678 0
1629 -4.447053356531493 -10.2023586840063 0
1630 11.94039758888171 -22.17953207471861 0
1631 11.7515258556234 -4.625487441495094 0
1632 9.580556394129822 -20.9832254545029 0
1633 7.496168764510277 -18.82560449401012 0
1634 6.801372924556 -18.10639747178504 0
1635 4.716985331866491 -15.94877647604613 0
1636 3.32739358325128 -14.51036248459414 0
1637 10.97014807188288 -22.42163948508557 0
1638 -2.91344555004551 -14.28248527729086 0
1639 -6.069557716853695 -12.33439125953895 0
1640 11.80887088573486 -25.78264517053313 0
1641 12.77909631372247 -25.54056104868717 0
1642 8.885760528034382 -20.26401845755566 0
1643 4.479727969147525 -27.71071084277198 0
1644 3.045979499831807 -23.59804338093573 0
1645 3.338814342646304 -22.57275777721746 0
1646 -3.631478185223811 -18.86716321187806 0
1647 -2.65528318720321 -18.65026848057184 0
1648 -2.355022034515223 -17.69641144719505 0
1649 -1.679088188354972 -18.43337374974777 0
1650 -2.279610493500758 -20.34108781663546 0
1651 11.23327797559548 -15.21533924082529 0
1652 12.2035274386022 -14.9732318688264 0
1653 7.076826525800944 -17.14508309861598 0
1654 5.411781175326319 -16.66798349495435 0
1655 -6.029913438405029 -14.96577667862611 0
1656 -5.029818270634701 -14.74542983406992 0
1657 -5.733320404069915 -25.54409875909144 0
1658 -5.057382385339055 -26.28107984104759 0
1659 -5.357642842490514 -27.23494000438792 0
1660 -4.38143856143812 -27.01808705078461 0
1661 -6.409248989399384 -24.80716013477924 0
1662 -4.081179071815018 -26.06422253281416 0
1663 -3.405243839767397 -26.80119107252834 0
1664 7.745588545493593 -6.087711524502989 0
1665 12.3555057614245 -23.8591876143157 0
1666 1.937352994221429 -1.207125347750541 0
1667 2.033834422705692 -0.9835778321863611 0
1668 2.351812887548548 -0.9977080643844225 0
1669 2.199746924629252 -0.7524857175517781 0
1670 -1.779734110829399 -3.044885792710728 0
1671 -1.76955985864055 -2.891235835330786 0
1672 12.52413678484823 -26.64064487899577 0
1673 8.292114799537254 -9.670186073285718 0
1674 -0.3318558456445407 -19.91154984761987 0
1675 0.347940792118938 -20.64496923968607 0
1676 2.523192962708413 -28.12584454074796 0
1677 1.940886107309087 -0.740952310594114 0
1678 -4.686948466752005 -27.96573553469815 0
1679 -1.942166585039695 -1.485113817439878 0
1680 1.747799471383086 -3.837280633031803 0
1681 1.778078124929572 -3.443060731916997 0
1682 5.751281888182055 -5.797929707696335 0
1683 -1.858088188441636 -1.262916526159692 0
1684 2.43869146572252 -2.926090489087921 0
1685 1.90975227510455 -1.704529322399765 0
1686 11.26002320243425 -2.686957882364904 0
1687 12.22236059764154 -2.958816143548042 0
1688 -2.279358619950709 -3.248966807059825 0
1689 -5.418089285604617 -10.44522579899381 0
1690 -12.45767435715522 -18.1919740605842 0
1691 12.46044477728351 -20.24430760481158 0
1692 -1.828404552502015 -3.543260507841856 0
1693 -5.141721700878908 -9.483028493370838 0
1694 2.105508870058899 -2.802811542944992 0
1695 1.572210586151329 -2.957139636590078 0
1696 1.56389856865896 -3.044376830511915 0
1697 1.658493917866234 -2.998717103558795 0
1698 1.473329999330121 -3.068436945781446 0
1699 1.542867749837543 -3.146068355773405 0
1700 1.435287785317628 -3.162204944926032 0
1701 1.503976982654964 -3.265592048636895 0
1702 1.351857270437711 -3.276015246888097 0
1703 1.459392975394688 -3.421189087351626 0
1704 3.837027178953158 -4.854517719821697 0
1705 -1.792147160045253 -1.004744354964746 0
1706 8.610306929752209 -21.22533282093666 0
1707 6.525919305296764 -19.06771185978102 0
1708 4.441531706102422 -16.91009086890632 0
1709 3.183504927103769 -11.86852674718392 0
1710 4.15375439011151 -11.62641937518594 0
1711 2.213255464055336 -12.11063411916471 0
1712 1.937801867156256 -13.07194848811605 0
1713 -10.91592741166473 -16.04993062226696 0
1714 -11.59186125892888 -15.31296831907115 0
1715 -12.54740670154777 -15.52905933384048 0
1716 -12.26435351249234 -14.57587206377969 0
1717 -11.29102650758285 -14.35908896017494 0
1718 -11.96705595364498 -13.62213037846901 0
1719 -10.9911636875091 -13.40524743050698 0
1720 -11.66727280006882 -12.66829194955769 0
1721 -12.64338813239842 -12.88518357963752 0
1722 -12.34319336858405 -11.93132913015131 0
1723 -11.36700943454793 -11.71443482997533 0
1724 -12.0429436496393 -10.97747254171733 0
1725 -11.06674981875052 -10.76057785632923 0
1726 -11.74268434120875 -10.02361558004423 0
1727 5.818806136669413 -12.10352175750886 0
1728 11.92807384159956 -15.93454623773327 0
1729 0.7243860441209869 -22.33507999364013 0
1730 9.424343974057026 -12.09640388096724 0
1731 1.644336258157345 -2.885923522788762 0
1732 1.771476381306549 -2.92680957954024 0
1733 1.771430987187775 -2.793234989348012 0
1734 1.784421276069206 -3.067234632132772 0
1735 -12.67157496371676 -10.25540100412595 0
1736 -12.39084511257107 -9.295395848741631 0
1737 -11.43779434282029 -9.071215641796528 0
1738 -12.11295671478973 -8.334496188399555 0
1739 -11.14049050842745 -8.116427686407743 0
1740 -11.81691724105239 -7.379310230144467 0
1741 -10.84142580317309 -7.162193938906082 0
1742 -11.51755910951213 -6.425168923551736 0
1743 -10.54151434623881 -6.208226548877461 0
1744 -11.21750674305807 -5.471246118481572 0
1745 -10.241346357207 -5.254340093905396 0
1746 -10.91729591543545 -4.517373219507929 0
1747 -9.941109335149834 -4.300475704660789 0
1748 -10.61704717211384 -3.563512315838279 0
1749 -9.640854241493336 -3.346616939965386 0
1750 -11.59324283605768 -3.780406865639732 0
1751 -12.19371150031112 -5.688137828020791 0
1752 -8.964920794580641 -4.08357888910081 0
1753 -8.66466066374351 -3.129721754169061 0
1754 -7.988727177997104 -3.866683887006943 0
1755 -7.688466132136409 -2.912826902296519 0
1756 -7.012532363741586 -3.64978918473744 0
1757 -6.710554411733644 -2.703659227406689 0
1758 -10.30801652600417 -2.598083348376488 0
1759 -6.009856697022386 -3.442428171701271 0
1760 -5.729659847995109 -2.489641292194833 0
1761 -8.360088513699477 -2.195269632647275 0
1762 -10.16560922284038 -7.899119269986059 0
1763 1.780825457978143 -1.477086931136469 0
1764 -1.93886549544807 -1.81714874081554 0
1765 7.879629163029497 -26.72551425536161 0
1766 -2.078884261812838 -2.536484813493884 0
1767 -0.08333806286091199 -3.563551269192015 0
1768 0.1730521911766316 -3.404604883950242 0
1769 0.1680000000000144 -3.058533654873763 0
1770 0.7498618706894464 -3.715568381997935 0
1771 1.025812416587948 -3.546985753893829 0
1772 -1.805713589320714 -2.032497376679524 0
1773 -5.675441711073579 -28.0914908853526 0
1774 1.61726733526502 -3.220983396985316 0
1775 8.585659435643697 -8.735361149161175 0
1776 7.890864243122107 -8.016154441627044 0
1777 11.51932948129748 -10.83710197264811 0
1778 12.25907835112039 -10.16479673475339 0
1779 3.85134331728145 -2.318732399587196 0
1780 3.990256044462208 -23.39738392723859 0
1781 2.01841518189377 -0.5541497979025873 0
1782 1.812246420787879 -0.5896064152851608 0
1783 -1.774835946403212 -0.6894040870072686 0
1784 -0.7686107950772657 -3.429488967130869 0
1785 -1.015314704153409 -3.37046487199151 0
1786 -0.5481016777769075 -3.313929627068925 0
1787 -0.48 -3.069282032302755 0
1788 3.55780845098251 -1.678589765750353 0
1789 4.421522549257229 -1.832480012625322 0
1790 5.38918487326469 -1.847148553086182 0
1791 6.207422950351046 -28.18970112846436 0
1792 7.132785028821368 -28.05046941098441 0
1793 -13.16630513477655 -8.590424608905611 0
1794 9.626984132608328 -10.34397520647548 0
1795 12.44340414443763 -11.25587212529112 0
1796 5.931987962455713 -2.731810933756432 0
1797 12.71716389757437 -13.04020881480551 0
1798 6.792490065802938 -26.37323103365593 0
1799 13.25178573595253 -10.4845514627127 0
1800 12.82821342868974 -15.76858329090766 0
1801 13.25637451013277 -14.82657010343562 0
1802 -1.76244332813266 -0.4403120187715697 0
1803 13.23337072784181 -20.91972640972948 0
1804 -5.066150157107842 -3.157738080433019 0
1805 -4.785166085992721 -2.248892026276796 0
1806 -5.277579017520509 -1.518864230111497 0
1807 1.742318371845793 -0.7257000469930013 0
1808 1.821005938774031 -0.8871747237625058 0
1809 1.931088004856101 -2.973333700991324 0
1810 1.93528407055 -3.158835184505268 0
1811 1.545586470151399 -28.33638645187996 0
1812 0.874283042648369 -27.6202646354336 0
1813 0.5749479738382525 -28.57828976611697 0
1814 -0.1042552291784388 -27.8266128150735 0
1815 -13.21892891733882 -17.49041413720883 0
1816 4.379261983340799 -22.51095094690672 0
1817 -1.366765295319049 -17.47944290168693 0
1818 -0.6696132306335529 -18.23066744877053 0
1819 8.790342717655516 -7.824708502136896 0
1820 -1.411019547992855 -3.212146300997164 0
1821 -1.262818462212875 -3.254893808627477 0
1822 12.88845538105339 -9.518768964802407 0
1823 0.6180956782866238 -19.7394954394972 0
1824 1.503697033680149 -20.52629504475192 0
1825 2.152007993963958 -3.066531213530791 0
1826 1.276759719930804 -3.43855310895734 0
1827 1.194055942745099 -3.289144503946051 0
1828 0.9269820024269526 -3.280104224745171 0
1829 0.7999999999999999 -3.069282032302755 0
1830 1.383936095509156 -3.609550070523643 0
1831 -1.760526344989385 -1.400281387934541 0
1832 -1.747326497887048 -1.571682505336424 0
1833 11.96155680644439 -1.97677985666655 0
1834 12.88011146976147 -2.225702924437305 0
1835 13.17135605087519 -3.180703974650136 0
1836 -3.883695015082229 -14.52459262147872 0
1837 2.041948957812626 -6.795308697323357 0
1838 1.205559731580952 -6.128796219857385 0
1839 0.3067086363014576 -5.878134581703547 0
1840 0.4150829515517668 -6.813257983599765 0
1841 -0.553874421251071 -6.568013100196593 0
1842 2.954350900683639 -6.839547861385743 0
1843 2.51648681864936 -0.741351307738416 0
1844 -13.31145610631673 -12.11964329464857 0
1845 -13.59300302490417 -13.08976552969862 0
1846 -0.5348433369305835 -5.593742709615823 0
1847 -1.275482109583602 -5.962151545330016 0
1848 -1.288898565674486 -5.065468765500558 0
1849 2.378661453094677 -3.252045753622943 0
1850 -1.703159980218487 -0.2299980666982435 0
1851 -1.964333474034968 -16.72322911220942 0
1852 3.760713417426044 -6.38623193261293 0
1853 -4.46219751214643 -1.310649608411508 0
1854 1.793260766149315 -0.1310705157771661 0
1855 1.836138581499695 -0.2790492352804872 0
1856 1.70163527233295 -0.2263232947537013 0
1857 3.130202495734945 -0.4327834041651037 0
1858 3.313680117472154 -1.000131549635377 0
1859 -3.122942046984333 -0.4143800476204476 0
1860 -3.340286586882041 -0.9856921561818819 0
1861 2.246306723289401 -0.2210737698880987 0
1862 2.284865432993398 -0.4918787970739338 0
1863 13.04479892943926 -12.1634268881069 0
1864 6.93352152297286 -3.197976819158065 0
1865 7.721155882436404 -2.537883639403759 0
1866 -3.228439301063905 -15.22856823346296 0
1867 13.04719397975298 -18.36715190877224 0
1868 13.30680813343855 -17.40848165252197 0
1869 13.62943025275495 -19.19143774546247 0
1870 -1.953177516535103 -2.95610596945702 0
1871 -1.896303768517032 -2.788701203842557 0
1872 -1.739211658625545 -2.724858284603654 0
1873 -1.882513894214941 -2.607400539293785 0
1874 -1.945159470779623 -2.389347977308656 0
1875 -1.782554227944734 -2.456774407887902 0
1876 -1.780433246295284 -2.286084636928342 0
1877 4.611839887653657 -0.6415921357669809 0
1878 -3.925738404350723 -2.035919857639206 0
1879 -4.627215215278833 -13.79614116099099 0
1880 0.3371054875344904 -18.09436500064105 0
1881 1.707875684005788 -0.3696900639277043 0
1882 10.9277790645203 -28.69769710032624 0
1883 12.02412073862585 -28.43018296629027 0
1884 9.950459472727955 -28.79678212431338 0
1885 12.53383042965756 -29.48240221872324 0
1886 13.26030049848579 -28.65042355519343 0
1887 12.75394632288616 -27.68408776474462 0
1888 -2.317103979670581 -6.062027283537079 0
1889 2.741770978940529 -1.072822243152359 0
1890 -6.110025545490577 -9.713877631692856 0
1891 -6.415330083992406 -10.66386674688565 0
1892 -6.810971908833468 -8.959656710030673 0
1893 -13.0799256822259 -20.04692327042886 0
1894 -13.37650812715434 -21.0067569353495 0
1895 -12.67798249164786 -21.73480825750045 0
1896 -13.63551762082344 -19.21140780125274 0
1897 13.46194585821182 -26.2832916678501 0
1898 13.69259704523071 -25.30620983571687 0
1899 -13.23310529252377 -14.82773212114423 0
1900 10.8214718516347 -11.51792087668837 0
1901 -2.223015143708976 -0.1964394194174268 0
1902 1.489692007899363 -3.969909688733672 0
1903 -0.9402130032037199 -16.50358913178444 0
1904 -5.009030162451376 -12.12184494423921 0
1905 -2.41390031173752 -0.6215447429419747 0
1906 -2.315620958397169 -4.447708777440951 0
1907 -1.840456268796757 -4.199126282317236 0
1908 10.94969123840627 -1.730935759932194 0
1909 12.53472736709458 -1.130727872899822 0
1910 -4.13916639190414 -2.937747940713447 0
1911 -5.202936087384339 -4.131938350957327 0
1912 4.773852966922336 -5.260831525895876 0
1913 -7.431766344363512 -10.86691539375506 0
1914 -4.599302800308267 -7.551629923092525 0
1915 -4.314826723791457 -15.43916171283875 0
1916 8.044052467663965 -7.023424816359128 0
1917 -4.86833887054982 -8.523131919731574 0
1918 5.579302684782586 -0.8948613530588609 0
1919 6.810911313061844 -5.881673842731809 0
1920 -6.301206072491135 -4.386216841246108 0
1921 -4.173038908459536 -9.240802836359276 0
1922 -5.711090515282677 -11.40382641195908 0
1923 -0.3129997832227414 -8.294278730337149 0
1924 -6.626171683130032 -5.345526329922174 0
1925 -8.589249001837857 -5.774422239434946 0
1926 -3.203123577119616 -8.999039996816949 0
1927 8.865962174120529 -3.810048430912238 0
1928 -2.781915310053694 -10.67937652558628 0
1929 0.6560878309297481 -7.878987418941224 0
1930 10.69479169862977 -23.38285989271014 0
1931 9.305258125586693 -21.94438967762731 0
1932 7.915709503217681 -20.50593017733744 0
1933 11.99514203239117 -5.591892525317276 0
1934 12.9539835623287 -5.874497841212733 0
1935 13.14264202581674 -6.86811827589497 0
1936 14.00306046837425 -6.193022051270049 0
1937 13.30667413144956 -7.894351764795869 0
1938 12.69306856210412 -4.891976282757424 0
1939 5.830907276756495 -18.34871368338523 0
1940 3.746272412865897 -16.19133155349088 0
1941 7.64082533403366 -21.46669326613119 0
1942 3.467910032769942 -17.15545594430758 0
1943 5.555376680103404 -19.31007701798862 0
1944 3.051399304332355 -15.47219916314899 0
1945 -9.565419052856047 -5.991302886337124 0
1946 11.03515703590478 -5.320260703215443 0
1947 1.243005212252892 -12.35274238272746 0
1948 0.9675521807608498 -13.3140560735932 0
1949 1.518458685061876 -11.39142816387727 0
1950 1.662123910051073 -14.03347957172222 0
1951 -9.189315279483353 -7.682155160844061 0
1952 10.2912177975935 -2.438794686738369 0
1953 9.382505102196443 -2.261052197871988 0
1954 0.8236503124668235 -10.67223541766379 0
1955 -1.811738575056663 -10.43735423815623 0
1956 12.44594732362875 -3.901940426011617 0
1957 0.2727541338431456 -12.59485157483013 0
1958 -9.488751708170966 -8.636160246882087 0
1959 -2.235760810570664 -14.99267401726672 0
1960 3.733611498530438 -9.946916967933294 0
1961 -10.08915719709365 -10.54406454206217 0
1962 1.793808560376112 -10.43021444415774 0
1963 4.704661583709387 -9.703790637200655 0
1964 -9.714525773757293 -12.2346171142714 0
1965 -10.76529305684874 -9.807067501345273 0
1966 -2.087112115939 -11.39857443283111 0
1967 -1.946048179517222 -14.03887516752384 0
1968 9.300174876883561 -9.403348729526378 0
1969 -10.01490415059115 -13.18844683456892 0
1970 7.220946693809006 -19.78669058130336 0
1971 -10.31523778782102 -14.14222771430525 0
1972 0.6912669503490086 -14.27617380134193 0
1973 -3.476676219164835 -9.96012799994994 0
1974 11.99739974759491 -9.223222683102776 0
1975 5.136075369244306 -17.62954149633191 0
1976 -4.325943694257082 -12.8383100351787 0
1977 5.208194426466052 -28.57882488805619 0
1978 4.06370594774534 -28.65211678473126 0
1979 3.542313669974313 -29.58854317916096 0
1980 5.557169117944992 -29.63224166290296 0
1981 2.573156752433026 -29.63679614798269 0
1982 -10.61554023204398 -15.09607319251064 0
1983 -9.939708867519805 -15.83303729015793 0
1984 -12.76250392763014 -7.61122308461627 0
1985 2.627522751605028 -20.05654483586772 0
1986 2.454839809027948 -21.09036801429653 0
1987 1.67986592489677 -19.33381308066018 0
1988 -7.305110945541785 -4.604398329129044 0
1989 4.663186072593255 -24.14796795226941 0
1990 5.495334653718128 -23.87161083822597 0
1991 6.226385198727938 -24.57425331934971 0
1992 -1.979349340934851 -19.38723078318755 0
1993 -2.955544339630635 -19.60412551410042 0
1994 11.53337866838584 -26.74399682295491 0
1995 1.175315931671152 -26.66988101634491 0
1996 8.242813648981221 -25.7485809541405 0
1997 11.65248507592235 -16.89582187562014 0
1998 12.58070596859857 -16.6998627829463 0
1999 -11.73448589590016 -21.54987247541954 0
2000 -12.03383960348758 -22.50260676149743 0
2001 -13.15978005261733 -22.63494710407871 0
2002 -12.35963153611512 -23.44312837268291 0
2003 -8.737302791587327 -23.55017026855406 0
2004 -7.761107792761959 -23.33327553771667 0
2005 -8.437041639025114 -22.596313235104 0
2006 -9.63835525359182 -26.41051259884635 0
2007 -10.61432608215685 -26.62843130472933 0
2008 -11.29022256671132 -25.89163966462346 0
2009 -11.59048496466415 -26.8454910093231 0
2010 -12.26641279154233 -26.10855620233571 0
2011 -10.91455132596436 -27.5824523638117 0
2012 -11.89073739949421 -27.79938786402482 0
2013 -11.96615063574875 -25.15470375149017 0
2014 -12.91955461363762 -25.37877687925667 0
2015 -13.34975211540711 -26.40249516952338 0
2016 -11.22352158567013 -28.54953070907068 0
2017 -10.23831450910296 -28.32299362743347 0
2018 -12.18592994554916 -28.74205214686247 0
2019 -12.86772188743173 -27.9956069398335 0
2020 -13.91853893828875 -25.58850095618389 0
2021 -10.44163546793526 -29.47705880954938 0
2022 -9.55646421114669 -29.05864699144937 0
2023 -9.299536120774579 -28.08378042469292 0
2024 13.05289974486436 -24.56883965967037 0
2025 -1.003083550414539 -19.1740732018802 0
2026 5.124009749831791 -11.38431453681593 0
2027 11.79256561445189 -19.53633847225201 0
2028 5.506487839563175 -6.858298813585341 0
2029 0.1985503155031914 -26.88420752529748 0
2030 -0.7775854389221775 -27.10136890202536 0
2031 -1.080951726877469 -28.04125041089964 0
2032 -1.753854146827791 -27.31793188467519 0
2033 -2.054127584236671 -28.27173362676069 0
2034 -1.340258322183283 -28.96445190865502 0
2035 -2.294530499045877 -29.18285352028107 0
2036 -3.029570868908562 -28.49201165601203 0
2037 -4.044180766214643 -28.71112517782305 0
2038 -4.5 -29.62908157402003 0
2039 -11.36730813941983 -23.24229873607007 0
2040 -11.28487175554518 -2.803495770566112 0
2041 -12.26782731757651 -3.039601514040575 0
2042 -12.54422106551491 -3.973736005211606 0
2043 -11.96891896462855 -2.089586471503834 0
2044 -12.91750736198711 -2.304599465154158 0
2045 -12.65433465096504 -1.401321653365546 0
2046 -10.96058958046904 -1.790346418511101 0
2047 6.513598796758206 -12.8227273769377 0
2048 -9.112975485257452 -21.85935093250929 0
2049 -8.812714332699274 -20.90549389905689 0
2050 8.190983313098666 -19.54479307099837 0
2051 -12.47277291030533 -6.649325240971713 0
2052 -13.25873471195589 -5.843074838093218 0
2053 -7.073977061851488 -12.54994066684545 0
2054 9.726149979467998 -23.62341382870472 0
2055 -3.93173933831962 -19.82102024501726 0
2056 -4.757115553586787 -25.32724836836945 0
2057 -2.72955828644954 -27.53703586374781 0
2058 0.4241248915585163 -23.28893702709004 0
2059 -12.61388906016703 -24.41846111154614 0
2060 10.83942403285607 -26.02397713340414 0
2061 -9.263792823632013 -16.56999948669518 0
2062 -10.23998865634695 -16.78689338956712 0
2063 10.95780185104145 -16.17664715480322 0
2064 -3.255805492280137 -20.55798254749964 0
2065 4.022022104413669 -15.22973114928259 0
2066 5.543346715451063 -13.06483362393673 0
2067 -10.9899554697159 -24.93780978442151 0
2068 -12.95827138166383 -13.85246018358342 0
2069 -9.331979600707303 -2.423024122334729 0
2070 -9.339020534042159 -13.92541028492647 0
2071 2.078838109511132 -15.7165397678216 0
2072 2.75110937697447 -24.54695582029852 0
2073 3.717986553241965 -24.33679618662419 0
2074 9.161217233562216 -19.30270102371317 0
2075 0.04832343813966693 -21.5982357880448 0
2076 12.84419757207951 -21.9147694207593 0
2077 12.59283075534023 -22.88937850483387 0
2078 1.024647196683472 -21.38122296019022 0
2079 -13.21634711416628 -3.213413418582268 0
2080 -5.583868143236075 -19.30095269664496 0
2081 0.4993898807109276 -25.93295379866547 0
2082 -4.907934327532983 -20.0379149814543 0
2083 -2.804721257479326 -24.89347825305249 0
2084 -1.452914526948613 -26.36712848189138 0
2085 -11.80570391589726 -18.91573161455816 0
2086 -2.964521134540842 -16.93452676379555 0
2087 -6.635472043455941 -16.87317259580151 0
2088 -6.334371358293259 -15.91936867427104 0
2089 2.488590448583714 -11.14943446539126 0
2090 7.498477619050414 -29.6564423530373 0
2091 7.999999999999992 -28.76794919243113 0
2092 8.990530805436485 -28.85126280699421 0
2093 -7.010081396332248 -15.18246449019067 0
2094 -8.21219193991204 -18.99777988322638 0
2095 -9.188387007370441 -19.21467457408031 0
2096 -0.2518304146586857 -22.55199440731299 0
2097 -0.5520736839271845 -23.50583503839925 0
2098 -11.66443793840162 -24.19672691440612 0
2099 2.632560336499485 -13.79119160094737 0
2100 -2.880132798581988 -22.24880188356074 0
2101 7.627733788125959 -15.22245438894006 0
2102 6.657484282643452 -15.46456174268845 0
2103 3.803794122882689 -26.97374854015832 0
2104 3.476002071251783 -27.88845559009417 0
2105 6.917564437229275 -8.261620303960502 0
2106 8.034752241867324 -10.65798988707327 0
2107 10.68234449981734 -17.13796044804776 0
2108 10.11913984015188 -12.81561087791422 0
2109 8.047075992549788 -16.90297572721081 0
2110 -5.657403182750137 -16.65469373052335 0
2111 0.4658780461628542 -29.52202110173101 0
2112 -7.520526330716114 -29.62574200102019 0
2113 -7.946343753986952 -28.74339596462743 0
2114 -6.991090866687053 -28.81053575475767 0
2115 -5.808717794776539 -22.8994860762369 0
2116 -6.484651639602451 -22.16252377446152 0
2117 -4.607673175607212 -19.08405794763347 0
2118 -5.339833918680239 -15.69237673834579 0
2119 -6.315508486672777 -27.42266015500135 0
2120 9.148890770480536 -13.05771841891672 0
2121 10.2630247668906 -15.45744554082404 0
2122 7.352280141447755 -16.18376873673956 0
2123 4.848550816262642 -12.34562661277056 0
2124 -12.56667124575905 -27.06242556141117 0
2125 7.088274540090737 -7.356957672022595 0
2126 -11.88928008044886 -4.730342934785867 0
2127 -2.579871646047597 -21.29494485009447 0
2128 6.106498988703715 -17.38726589098034 0
2129 12.47316905218517 -14.02682328515143 0
2130 -12.96743047694544 -11.18921322975758 0
2131 6.382017651800405 -16.42588867814805 0
2132 -6.533688144819093 -29.66004919812922 0
2133 -9.488648175029251 -20.16853159873557 0
2134 -3.55606664477996 -21.51183958098604 0
2135 -7.385443111404066 -25.0240588119991 0
2136 -9.944808286748597 -27.3615835617822 0
2137 -8.512453166350584 -19.9516368736384 0
2138 -12.8084975208659 -16.49578719107194 0
2139 10.27537813830519 -21.70240742963864 0
2140 -7.836519319157937 -20.68859917679256 0
2141 6.006231567843733 -25.5869540393078 0
2142 -12.81411786373254 -4.871882574624934 0
2143 -7.322666766012529 -1.774476479812396 0
2144 -8.089212576168123 -1.208923357737749 0
2145 -7.085174679764498 -24.07023454005826 0
2146 -8.136780483488838 -21.64245620338655 0
2147 -7.460846638901129 -22.37941850502316 0
2148 -6.784912915579467 -23.11638025716505 0
2149 -6.108980571614509 -23.85333579984196 0
2150 -5.433049928335064 -24.59028368700969 0
2151 -4.456851623440049 -24.37340383604947 0
2152 -2.42922343687706 -26.58351052416729 0
2153 -3.780917503349269 -25.11036737120558 0
2154 -3.712823464921711 -27.75419772593233 0
2155 -3.105012086751456 -25.8472017182384 0
2156 -10.38991437154135 -11.49780620525414 0
2157 5.399633000361296 -10.42307306259744 0
2158 -10.69079836966928 -12.45147406068908 0
2159 3.458704297035942 -10.90749891694148 0
2160 4.42906241993006 -10.66533558277912 0
2161 -10.46451388174982 -8.853342986423366 0
2162 11.65721225674619 -23.13910879420074 0
2163 10.00038453324544 -22.66327728198974 0
2164 2.356310675209099 -14.75327498838697 0
2165 8.337269583432313 -22.18430805836653 0
2166 6.25159275292047 -20.02786853136462 0
2167 4.162611326832298 -17.87475430454001 0
2168 -9.865466496501291 -6.945207014348018 0
2169 -8.287705223231686 -4.820691934353224 0
2170 -9.264958294143842 -5.037468624632048 0
2171 4.058800529430513 -21.60482758860965 0
2172 -6.562472853805391 -7.980656807679815 0
2173 9.736553749242354 -7.642662875762039 0
2174 8.590385716857963 -0.792074051967127 0
2175 7.607385087080864 -0.8369476103879645 0
2176 7.16567743316496 -1.652970103546712 0
2177 -14.20520505359436 -5.405186414853157 0
2178 -14.13697999895688 -10.21669220367006 0
2179 -13.94415349593878 -28.04606449081061 0
2180 -14.15540836761254 -8.340741445821607 0
2181 -14.1479427478895 -15.25 0
2182 -14.1479427478895 -17.21774193548387 0
2183 -14.13326014881799 -23.1335095315887 0
2184 14.15999651971532 -28.12145534256138 0
2185 14.14794274788952 -23.12096774193549 0
2186 14.20978805503771 -15.25728154155104 0
2187 14.17193875934707 -14.278760220401 0
2188 14.03175398431255 -12.20860693887701 0
2189 14.18594131525868 -8.353795729325348 0
2190 14.13018607507288 -3.496094932094207 0
2191 -14.1734428554946 -6.384118810974933 0
2192 14.16634007161071 -21.16677981342916 0
2193 10.54467630718884 -0.8323212366469956 0
2194 -10.55843235727591 -0.8771100626253627 0
2195 -1.659600284040645 -6.843778699382694 0
2196 3.127211066371483 -21.62763975463257 0
2197 -1.918429503407713 -3.163165321040374 0
2198 -1.828657387063358 -4.774359826218211 0
2199 -1.709419271099543 -1.250933000563052 0
2200 13.29662640371069 -23.59242470596818 0
2201 8.681275635348989 -2.898574916122225 0
2202 12.71705362099417 -19.31030180974288 0
2203 14.1990411830978 -10.28862544019324 0
2204 -12.5533897000231 -29.63699627561367 0
2205 -13.32431871720697 -23.73314278458848 0
2206 -0.05477144207399487 -18.97895027745462 0
2207 -2.045963346033783 -3.421509753528971 0
2208 -8.358949175627709 -27.89330303457322 0
2209 -14.15927338164 -3.478341064564278 0
2210 1.254871587842863 -3.194982304994159 0
2211 -1.888540525687244 -1.666810047963075 0
2212 -1.755102439048763 -1.739979595403469 0
2213 -5.844136906906742 -8.740516854559493 0
2214 9.919915143106531 -11.30307849749231 0
2215 0.2288624505482143 -5.099139478986149 0
2216 -6.750937336866381 -11.61183297880424 0
2217 -6.215082847723794 -1.672690595948161 0
2218 -1.64952222971113 -2.838265050192049 0
2219 -1.648784268898802 -2.62933674824944 0
2220 -12.74363039539527 -19.14390769830111 0
2221 -2.597904315025716 -15.96795483505677 0
2222 8.131653023830449 -1.566319936173002 0
2223 -9.95908729057961 -1.676084836055452 0
2224 -3.270957465711138 -2.183334083742769 0
2225 -3.310579695876087 -1.63955511724123 0
2226 9.445194285814972 -29.66561669005342 0
2227 -14.15728028722933 -29.01122850500534 0
2228 14.18247970640449 -29.00048763074405 0
2229 -1.642758004341576 -1.467833537330886 0
2230 13.6077688210942 -5.162699346975652 0
2231 14.20442787546324 -1.42740194857287 0
2232 -14.17553638431034 -1.523600031859365 0
2233 10.49664202504295 -29.63569405160561 0
2234 -4.650212657468228 -4.985057301899687 0
2235 3.026476346560789 -1.812468921715357 0
2236 3.023068287503985 -4.781233488556955 0
2237 -5.099513769258603 -28.82024176748188 0
2238 -1.483067528242359 -3.091904266187328 0
2239 -1.307517557246443 -3.141009136864557 0
2240 -1.178571428571429 -3.143814390847917 0
2241 -1.047038059631348 -3.146204980244832 0
2242 14.22359630755752 -17.21774193548387 0
2243 -14.22006307027672 -12.37036682386161 0
2244 -0.352922629305353 -28.77188545945195 0
2245 1.662367096044365 -0.8464905908901272 0
2246 1.685804056079785 -0.974768830851886 0
2247 1.811948995356007 -1.063861359592513 0
2248 1.755756362694913 -1.226360856782549 0
2249 1.681866916751263 -0.6062002026492479 0
2250 -0.8763860914206973 -3.074497672470484 0
2251 -0.9265640524639238 -3.160612890614317 0
2252 -0.8010417361409543 -3.152637447547328 0
2253 -0.8763370585466199 -3.295178462912709 0
2254 -0.7136918775060999 -3.297257379970437 0
2255 13.38813281212958 -13.70749051149247 0
2256 -0.3920000000000079 -3.0591056258422 0
2257 -0.3862612534952165 -3.149022882366918 0
2258 -0.16 -3.069282032302755 0
2259 -0.2443218869075208 -3.150472286235267 0
2260 -0.3054181226446301 -3.270857030972998 0
2261 -0.1626541125191866 -3.263497869424542 0
2262 -0.2055430338531711 -3.413075733095251 0
2263 0.8830661155060581 -3.075583138585301 0
2264 0.8433789309059471 -3.167874211217892 0
2265 0.7183183021956425 -3.151775468640704 0
2266 0.785074068192938 -3.285722528101516 0
2267 0.6364411556283356 -3.273645477055876 0
2268 0.4800000000000143 -3.069608162659483 0
2269 0.6886720060580145 -3.39745393203019 0
2270 0.5328623152276527 -3.403165097391833 0
2271 0.4795364036899027 -3.23896871694566 0
2272 0.3583160603276667 -3.376665060126726 0
2273 0.2429482391292953 -3.241002905838711 0
2274 0.105759927571615 -3.233905570337416 0
2275 -0.01409105189272426 -3.370693937957055 0
2276 0.7196636604391284 -3.058067906649244 0
2277 0.5600000000000026 -3.072407415688053 0
2278 0.2413333333333344 -3.070868571485349 0
2279 -0.08117758097293662 -3.070859180954013 0
2280 -0.03774296380258685 -3.161995036864004 0
2281 -0.2408643773815042 -3.057807270168157 0
2282 -0.5520000000000111 -3.0591056258422 0
2283 -0.5323375616103203 -3.155074150582248 0
2284 -0.4283429673969615 -3.255725628475139 0
2285 -0.72 -3.069282032302736 0
2286 -0.7999999999999999 -3.069282032302755 0
2287 0.4000000000000014 -3.073275476711355 0
2288 0.3600817044027319 -3.175763243018746 0
2289 0.08400242339558618 -3.095377728240102 0
2290 -1.822678665846073 -0.8465878384539263 0
2291 -1.694475958654649 -0.9095989404424625 0
2292 -13.40012226899104 -6.956290329109356 0
2293 12.44564206546421 -7.564761694657657 0
2294 12.64931497463235 -8.544564792665064 0
2295 -0.6693854466866176 -3.166800653222968 0
2296 -2.793925055662822 -0.7737983860386546 0
2297 -1.182127451226115 -3.414203547338207 0
2298 1.144384353784045 -3.178078452143225 0
2299 1.562713628423818 -2.887138856694 0
2300 -1.564951905283833 -2.887499999999955 0
2301 1.564951905283833 -0.6374999999999833 0
2302 1.659283184773491 -0.4857956586787058 0
2303 -1.572665780410478 -0.6426834162032886 0
2304 -1.654753152950225 -0.6036208805303893 0
2305 -1.633557566734652 -0.7074722581392745 0
2306 1.564951905283948 -1.537499999999875 0
2307 1.660552921922511 -1.568454621227207 0
2308 1.64719490181038 -1.466309804670404 0
2309 1.683440226773441 -1.354767027693804 0
2310 1.633765188908364 -1.675526584958195 0
2311 1.677471715771641 -1.780244747907382 0
2312 1.586235946702029 -1.838589053429235 0
2313 1.675986652793198 -1.904224506349257 0
2314 1.700910572473681 -2.028859174060557 0
2315 1.833174234523533 -1.337841565110695 0
2316 1.589956158143473 -2.071933118329284 0
2317 1.673872337141116 -2.150883074411906 0
2318 1.658285521504038 -2.289961676224108 0
2319 1.797850323327765 -2.236870662217237 0
2320 1.760575391515615 -2.402900323642992 0
2321 1.822349458340488 -2.09491146255205 0
2322 2.004985776812823 -2.208371535642581 0
2323 -1.564951905283833 -1.912499999999907 0
2324 -1.664700943812891 -1.953976096742206 0
2325 -1.650267365462138 -2.063351856695078 0
2326 -1.647068485025679 -1.839457642196857 0
2327 -1.794385692712148 -1.897196443980558 0
2328 -1.561446907087682 -1.321455228587501 0
2329 -1.646170626825614 -1.156959201460401 0
2330 -1.664130140081866 -1.063090328327334 0
2331 1.561940392585112 -0.111090797737317 0
2332 1.564951905283825 -0.7125000000000696 0
2333 -1.564951905283738 -0.1125000000000576 0
2334 -1.55470552808834 -0.7120555790207987 0
2335 1.564951905283779 -1.162500000000078 0
2336 1.654723774641284 -1.115713006746729 0
2337 1.564951905283833 -2.81250000000011 0
2338 -1.564951905283833 -2.13749999999996 0
2339 -1.651483937586588 -2.174999999999899 0
2340 -1.634705309721941 -2.286242988776124 0
2341 -1.56264098143799 -2.657604530264477 0
2342 -1.552921824057921 -2.287248597755234 0
2343 -1.573604440910368 -1.689990334989915 0
2344 -1.657722952419133 -1.65324421895237 0
2345 1.556277549630828 -2.655000000000046 0
2346 1.642103658714892 -2.645523190715361 0
2347 1.645507791778583 -2.511799169498465 0
2348 1.76890297279238 -2.565510812602154 0
2349 1.906574557122196 -2.486595461915833 0
2350 1.902753920743578 -2.670597064867479 0
2351 2.091270938726896 -2.557351318649228 0
2352 1.576095227837688 -1.31587372584081 0
2353 1.564951905283761 -2.287499999999939 0
2354 -1.584527881776359 -0.861749953151536 0
2355 -1.582028619215236 -0.2756623892584322 0
2356 1.564941487807104 -0.8582513098639417 0
2357 1.581036650780704 -0.259947850269203 0
2358 -1.554532362981812 -1.463566707466201 0
2359 1.590814182362808 -0.3997122460866205 0
2360 1.580263732810686 -1.023259322344536 0
2361 -1.576343229968144 -1.016136202831104 0
2362 -1.563971849649264 -1.163133135545614 0
2363 -1.564951905283881 -0.4124999999999943 0
2364 -1.653119645469256 -0.3630569553191894 0
2365 -1.564951905283613 -2.587499999999935 0
2366 1.558436850949323 -1.68509040524135 0
2367 1.573278878276358 -2.356660279370661 0
2368 1.648629908037678 -2.399938642687175 0
2369 1.566038999813795 -0.4833967138637476 0
2370 -1.558022344321103 -0.4913744226461887 0
2371 1.55508232046925 -2.512359833899684 0
2372 -1.556034235205961 -2.06267037133901 0
2373 -1.563826649736491 -2.814297377098761 0
2374 -1.56495190528365 -1.53750000000012 0
2375 -1.573063858295469 -2.440974375371827 0
2376 -1.555394459118669 -1.837891528439354 0
2377 1.561124036000279 -1.463702564491973 0
2378 -9.012952507397204 -1.52487557098673 0
2379 1.804766131104171 -1.801369278580466 0
2380 1.213754057676487 -3.116796840882584 0
2381 1.040128894775012 -3.137241742029129 0
2382 -13.30415412902891 -9.648550380852127 0
2383 -14.22713934987708 -21.19674685210971 0
2384 8.681469319211207 -6.324586226551375 0
2385 7.000000000000009 -28.89748205105525 0
2386 -1.319501300224138 -3.060611508393414 0
2387 -1.038266051253354 -3.056816228453435 0
2388 1.037026671595346 -3.057692175448262 0
2389 1.392945083715879 -3.071695991397752 0
2390 -1.179388681151999 -3.058446894687139 0
2391 1.661168328336983 -3.109199016209203 0
2392 4.742661879595859 -6.173086433170802 0
2393 13.36924135605347 -4.163895437001685 0
2394 -1.666502333588697 -2.388533047637178 0
2395 -13.50290057188649 -24.67930748396068 0
2396 -13.20141588015874 -28.84926910717623 0
2397 -13.41888340041949 -15.84370934423525 0
2398 2.122814099501556 -3.28607061003229 0
2399 -1.763882491848012 -1.140347836232603 0
2400 -2.017314875914176 -3.784148628753909 0
2401 6.232446886585032 -1.726879854151036 0
2402 9.971400618082097 -1.582633503426091 0
2403 0.599999999999935 -3.156964064605502 0
2404 -13.23496679504117 -18.45961812974147 0
2405 13.23394924572857 -19.96037022979411 0
2406 0.6222345206033326 -3.564053199914682 0
2407 -5.631963994959406 -0.6955068552233037 0
2408 2.473281353943082 -1.243939147277013 0
2409 14.29000736836224 -26.00832613433559 0
2410 -1.470437567520102 -4.037442284968092 0
2411 6.380458784429294 -6.694452607034252 0
2412 3.753158304245974 -7.350663425298703 0
2413 -1.675926510198114 -0.8032788528994637 0
2414 13.44603042748125 -22.54963213020466 0
2415 1.902632908453178 -2.825430103918579 0
2416 -0.2908108187603131 -3.613328452033365 0
2417 2.537154330026343 -7.65270471537359 0
2418 -0.9896542424607074 -3.253096644580848 0
2419 -0.1490727212833601 -7.440669307844445 0
2420 -3.818290120721723 -3.639892674490916 0
2421 -6.086901189086144 -28.86931765858926 0
2422 9.368989737239424 -28.0659444921345 0
2423 -2.284239059593782 -0.4221557409155157 0
2424 -1.644766037914005 -1.347685314400781 0
2425 1.768165980867906 -1.651546186817885 0
2426 -2.282979416837585 -3.621429444537867 0
2427 -13.37524829848524 -27.31260875489638 0
2428 1.210735722829795 -7.075085402853196 0
2429 2.866695612020156 -0.7123455376365655 0
2430 0.9418679517491415 -3.162300976995205 0
2431 1.626040205080956 -3.572513344565433 0
2432 3.341271964899168 -5.501348413971931 0
2433 1.8285769947122 -1.951834767293864 0
2434 -8.77275759964885 -0.7092823130335191 0
2435 -4.753263363924049 -0.6935993026422445 0
2436 -1.591391111764666 -29.81004792883683 0
2437 7.933817970679362 -27.72853140866545 0
2438 13.28495582051855 -27.10070285914507 0
2439 -13.41763373251098 -4.129956236375381 0
2440 13.31938555932102 -11.31295071629026 0
2441 -1.491089488107932 -4.431537305792371 0
2442 -1.048631358029557 -4.58735382260309 0
2443 3.087424817581227 -28.76075067647569 0
2444 -2.146829253976927 -2.334331352535838 0
2445 1.755018635122232 -3.243584795780473 0
2446 8.800368259846827 -10.3572471505153 0
2447 2.026362059512712 -0.3551798882986326 0
2448 0.4448461595051384 -3.55389903330723 0
2449 0.5017739171856116 -3.776142913415313 0
2450 -0.649910611291514 -4.960029428468562 0
2451 -0.6499884329116811 -4.461621007599781 0
2452 7.228820259378399 -27.23583842355687 0
2453 1.97744138806514 -1.830342470209633 0
2454 1.954262357552492 -3.379114190640262 0
2455 13.47937084129056 -8.913671441298259 0
2456 -1.770763737226684 -3.175915171305437 0
2457 -7.415637144094918 -0.7451390091529486 0
2458 -9.512373230957007 -29.84408208709985 0
2459 2.106279791724906 -28.90702693906964 0
2460 4.069999953954198 -1.178078615162404 0
2461 7.44786721237698 -25.85555900177786 0
2462 -8.787875122893936 -28.73235723541551 0
2463 12.00173106207407 -27.3983190582155 0
2464 1.654080709793074 -2.766979169168025 0
2465 13.43792933407266 -16.55165388241847 0
2466 13.48653038042905 -12.85466233986976 0
2467 4.037557977222959 -2.960455568793432 0
2468 9.307815307163372 -8.453726057402623 0
2469 1.648006450302689 -0.2999999999998835 0
2470 -0.373635139558342 -3.393820940956569 0
2471 11.59472695852892 -11.67128153017678 0
2472 1.651335486607928 -0.7500000000001474 0
2473 -13.43511089663282 -1.700999724187621 0
2474 -1.748359744493701 -0.5560154552448822 0
2475 -2.960519629012444 -1.290446412395506 0
2476 3.318950689841883 -4.331348428294985 0
2477 -14.38573201704273 -13.28225806451613 0
2478 1.566904434920038 -1.91116455306453 0
2479 1.568892274059919 -2.14230886619179 0
2480 0.1907195146940419 -3.143991207413102 0
2481 1.623295709741239 -3.361153900872791 0
2482 -1.636928814681157 -3.607822322980802 0
2483 -1.712603899078244 -3.817048940168425 0
2484 -14.32385071567531 -24.90727009355653 0
2485 6.718827272558615 -2.385144962260739 0
2486 -0.8826828141282181 -4.245289307947143 0
2487 -2.465051583931384 -0.8826682692174064 0
2488 1.054625365552745 -3.244900619085088 0
2489 0.8624496353450233 -3.467554610528893 0
2490 -2.673530223934032 -1.415886102117286 0
2491 6.991782969840901 -24.223589808012 0
2492 -2.941249035109446 -2.001320074422534 0
2493 -13.53254394959071 -7.870967741935481 0
2494 0.1323874423956892 -4.606229150292979 0
2495 -1.908892934601301 -1.119891193522559 0
2496 -1.785693658855996 -5.462279825266009 0
2497 -14.27078734774134 -26.28535373354014 0
2498 -1.772626007928996 -2.151399085392276 0
2499 10.25113022050632 -12.03854960187428 0
2500 1.631603898162766 -1.23670243617733 0
2501 1.493974857047196 -5.399078240451693 0
2502 1.751666952040127 -2.680993326562591 0
2503 14.29123078076104 -29.79158647634318 0
2504 -14.26527598688498 -29.76949256837279 0
2505 14.39862901100869 -5.39196306667758 0
2506 6.29986819932434 -23.51323586649675 0
2507 -12.54345858024348 -0.6027171605294406 0
2508 -1.649639398803923 -2.512335465741661 0
2509 -1.74409401969957 -2.582530865303376 0
2510 14.27773917644233 -0.7216631736808612 0
2511 13.43376332017988 -1.609450906298129 0
2512 -14.27773917644232 -0.7216631736808701 0
2513 -3.517402951678837 -3.197335591931774 0
2514 6.824801866850391 -25.32598864682957 0
2515 -3.804072147923931 -1.302092097201989 0
2516 3.063623211104424 -1.406925596541214 0
2517 1.17458353745716 -3.611525600812442 0
2518 4.79487737511438 -23.35089469107984 0
2519 -0.1371793088404462 -3.143221281156116 0
2520 -1.648356717889601 -0.9792161399371437 0
2521 2.680546313622814 -3.155232249046147 0
2522 -13.41705349500905 -10.54492220213458 0
2523 1.259277319696859 -3.061013514505081 0
2524 -6.511076684661655 -28.18879493601868 0
2525 4.093574948337958 -5.654223292406357 0
2526 -13.47490711887058 -21.7893028803867 0
2527 9.04581339757717 -1.525809976706105 0
2528 -1.117078805102517 -3.266187180879371 0
2529 -14.42051069893083 -19.18894895884191 0
2530 4.945234831839134 -21.98516529566485 0
2531 6.09455729895242 -28.98644486533887 0
2532 14.4236602174795 -19.18528428181669 0
2533 -0.9042181583776314 -3.501159199973534 0
2534 -13.57978961303622 -16.7258064516129 0
2535 8.921257740907192 -7.028577714304081 0
2536 2.134334520539392 -1.920131874052624 0
2537 -2.116808961691349 -3.116382548695157 0
2538 4.913211006383175 -1.288700239883404 0
2539 2.446936424638771 -22.05419870353392 0
2540 14.45382408803058 -25.08870967741936 0
2541 13.59286028618472 -21.64336900128069 0
2542 0.4428876172079363 -3.140037858273468 0
2543 -4.488437395685 -3.572146194345464 0
2544 -2.5 -29.95440562433615 0
2545 1.837041146527794 -0.4357891305637249 0
2546 0.271016558311878 -3.140842376793637 0
2547 -2.077362666217741 -2.748207516711158 0
2548 0.5124848041795582 -3.135597243634432 0
2549 -1.560138821640628 -0.05700249800712243 0
2550 1.558783336156409 -0.0561318067626555 0
2551 -13.5979715611261 -4.924783449040294 0
2552 2.237154108527791 -2.338925712476344 0
2553 1.754418002639458 -21.39034583148844 0
2554 -2.051102052890299 -1.695363308026657 0
2555 1.177212946229243 -28.98368483347492 0
2556 1.89812158207751 -2.34253060619166 0
2557 1.754743762286785 -4.118264167662351 0
2558 13.51110199688133 -27.7258086060735 0
2559 1.498494561835364 -3.76917248206642 0
2560 0.08758990429062377 -3.562505738954806 0
2561 0.9722773460269936 -3.720251801656399 0
2562 13.6096228416973 -9.797685353800091 0
2563 13.59354679019728 -15.72262868961088 0
2564 1.184032423999422 -3.05040064657782 0
2565 -1.644859151204726 -0.4895414334860515 0
2566 -1.650354337234084 -1.740372222679406 0
2567 -1.636768581393962 -1.568231081258817 0
2568 7.213857130147886 -6.608844092530154 0
2569 1.919619885669205 -3.625027557587849 0
2570 -1.952901849006178 -1.977670115257929 0
2571 1.91126787102771 -1.566236594277481 0
2572 -1.74438778644101 -0.3379311065586315 0
2573 8.621968342415535 -2.149063621581936 0
2574 1.634780880221651 -0.6779623203686587 0
2575 0.7158198478246913 -18.95691579464298 0
2576 -2.151743112753167 -4.072020818828289 0
2577 -2.445774561157286 -3.932279363214985 0
2578 8.605035536885438 -28.17511286328828 0
2579 1.075029110527565 -3.391140244903344 0
2580 1.324553561102678 -3.137438691025604 0
2581 -0.6222655256525079 -3.438935402999476 0
2582 -1.436912096101527 -0.9471849452712178 0
2583 1.436912096101498 -0.9471849452712231 0
2584 -1.136499124752751 -0.6768164133646017 0
2585 1.147023195223062 -0.6784154401450966 0
2586 0.9868418566756026 -0.6670766726579913 0
2587 -0.9868421052631577 -0.66837042661456 0
2588 1.252010195249079 -1.14622534349586 0
2589 -1.25201019524911 -1.1462253434959 0
2590 -0.8373446850540993 -0.6772675688377987 0
2591 0.828967867940066 -0.667009568019612 0
2592 -0.665789473684173 -0.6640406134409353 0
2593 0.6710526315789416 -0.666421493901197 0
2594 -0.5139212045106524 -0.6689009844788742 0
2595 0.5131578947368404 -0.66837042661456 0
2596 0.3514386696237846 -0.6660037805609633 0
2597 -0.3557916031227695 -0.6688972685322021 0
2598 -0.1976620017348834 -0.6688949038388809 0
2599 0.1973684210526327 -0.66837042661456 0
2600 -0.03953240034701129 -0.6688938903988717 0
2601 -1.438383678007513 -0.7968234404985335 0
2602 1.438383678007489 -0.7968234404985068 0
2603 0.07999999999999236 -0.930717967697209 0
2604 0.9681624836825728 -0.9257194094350787 0
2605 1.044291052766278 -0.9446583896060723 0
2606 -0.9586428729562886 -0.93553730177182 0
2607 -1.037408979499222 -0.9482725760333608 0
2608 0.7149351125669809 -0.9322064158611276 0
2609 -0.719032307309176 -0.9312766653327778 0
2610 -0.5600000000000027 -0.9307179676972819 0
2611 0.5599999999999952 -0.9325911586124604 0
2612 0.4000000000000196 -0.9320121762673441 0
2613 -0.4000000000000102 -0.9307179676972535 0
2614 -0.2400000000000129 -0.9307179676972872 0
2615 0.2399999999999944 -0.930717967697106 0
2616 -0.08000000000001545 -0.9307179676972535 0
2617 -1.057346052242158 -1.021249840369805 0
2618 -1.115356635637466 -0.9678411583000823 0
2619 1.058493064453328 -1.020647475965275 0
2620 1.117610984697794 -0.9672607878660386 0
2621 1.105128898877888 -0.8913141687545618 0
2622 1.176962132632957 -0.9161477913316034 0
2623 -1.096809734132098 -0.8883818983262444 0
2624 -1.17506453230251 -0.916084845342656 0
2625 1.303928790857615 -0.6677842693660097 0
2626 -1.303928790857581 -0.667784269365999 0
2627 -1.001397222159939 -0.8638931646737902 0
2628 -0.9164122691979388 -0.8689976180735073 0
2629 1.028011010154309 -0.8558401508090014 0
2630 0.939140736881401 -0.8506168054429946 0
2631 1.426241970199316 -1.077601249668561 0
2632 -1.426241970199327 -1.077601249668582 0
2633 -1.162743024943216 -0.8371181580478684 0
2634 -1.237351725823259 -0.8660727359413123 0
2635 -1.249948060874167 -0.9442309878931763 0
2636 1.166598297683838 -0.8411500279905404 0
2637 1.238310538001747 -0.8667552052632068 0
2638 1.250424129625629 -0.9443552237782775 0
2639 -1.129889696773809 -1.060897375439231 0
2640 1.130375605526859 -1.060728413319433 0
2641 -1.075471887699184 -0.8104875936732903 0
2642 -1.215546507541512 -0.789295333112463 0
2643 1.221885520443466 -0.7903682132889998 0
2644 1.305058267517451 -0.8075793762939369 0
2645 -1.30401572107736 -0.8073286120799068 0
2646 -0.9482284065969957 -0.7995295530139526 0
2647 -0.8746633091608091 -0.8052292580399261 0
2648 -0.8344664111536937 -0.8700664110649754 0
2649 -0.7974393786696177 -0.8063649649204034 0
2650 0.9851531569962937 -0.7837862592133575 0
2651 0.904819023016312 -0.7791618758908907 0
2652 0.8587402665463727 -0.8445922978161704 0
2653 1.064687809335258 -0.7797937373829225 0
2654 0.8248803354715544 -0.7746558743122094 0
2655 0.7800852041581445 -0.8346063635351442 0
2656 0.7451627832133139 -0.7702522446143014 0
2657 0.7005841112765528 -0.8285741067290751 0
2658 -0.910169496286622 -0.730083433311183 0
2659 -1.107142857142858 -1.138141042586826 0
2660 1.107142857142858 -1.138141042586826 0
2661 0.6655582402283337 -0.7648069488892766 0
2662 0.6250834699429488 -0.8215091064023223 0
2663 0.5865488494506472 -0.7607899379744332 0
2664 0.549726855041394 -0.8187753629098538 0
2665 -1.135040453345183 -0.758880453103199 0
2666 0.7971078232164763 -0.9145361381507637 0
2667 -1.054008549612389 -0.7271099518492274 0
2668 1.145499640816318 -0.7647583656399064 0
2669 0.5049706080413298 -0.7458785808816479 0
2670 0.4703135198239801 -0.8127074024614327 0
2671 0.43065905185955 -0.7491319841447357 0
2672 0.3846638151837853 -0.7967434666333517 0
2673 -0.4799999999999999 -0.930717967697289 0
2674 -0.4400000000000225 -0.861435935394514 0
2675 -0.3600000000000501 -0.8614359353944927 0
2676 -0.400000000000085 -0.7944476630013675 0
2677 -0.3200000000000812 -0.7948299563196137 0
2678 -0.4800000000000701 -0.7948135454518415 0
2679 -0.437703333421369 -0.7222087928215473 0
2680 -0.2800000000000325 -0.8618819442658445 0
2681 -0.2400000000000268 -0.794978449964173 0
2682 -0.2785384849044799 -0.7222975188111604 0
2683 0.4800000000000012 -0.9340884514653958 0
2684 -0.1599999999999999 -0.9307179676972872 0
2685 -0.1200000000000305 -0.8614359353945105 0
2686 -0.04000000000008015 -0.8614359353944394 0
2687 -0.08000000000019633 -0.7944625819721534 0
2688 -1.691933630236046e-13 -0.7948473617853988 0
2689 0.03999999999991355 -0.8618848451766787 0
2690 0.07999999999981949 -0.7926776311708252 0
2691 0.03999999999972573 -0.7228718707887865 0
2692 0.1326315789472386 -0.7279793942451231 0
2693 0.1621052631577591 -0.7953966482031838 0
2694 0.1199999999999021 -0.8614359353942369 0
2695 0.2003508771929128 -0.8619763929127195 0
2696 0.2357795962708821 -0.7955601907388115 0
2697 0.2767042036504839 -0.8658348302145082 0
2698 0.1600584795321336 -0.9308080439502131 0
2699 -0.6398387178848546 -0.9308110839698287 0
2700 -0.5999731196474353 -0.8614514547733076 0
2701 -3.16182265554706e-14 -0.9307927859942637 0
2702 0.6355032690458836 -0.9373517244697105 0
2703 0.3194507006084761 -0.9338774386765998 0
2704 -0.3200000000000176 -0.9307923025091469 0
2705 -0.6782688772338945 -0.8646533217748207 0
2706 -0.6447576765448412 -0.7973954606019333 0
2707 -0.1600000000000954 -0.7953136439064252 0
2708 -0.1198369524128312 -0.7227226919673999 0
2709 -0.5199955199412526 -0.8618817956843756 0
2710 -0.5607877193555779 -0.7958250153900153 0
2711 -0.5999999999997251 -0.7228718707891044 0
2712 -0.1999999999999868 -0.8617149118869829 0
2713 1.3103633191038 -0.8940307220595756 0
2714 1.322398878248962 -0.9742551206047718 0
2715 1.26845072775081 -1.023505148033131 0
2716 1.336456868560961 -1.053113446567052 0
2717 1.373547290360477 -0.8455595065365102 0
2718 -1.309950414542151 -0.8938544771561077 0
2719 -1.322360310407763 -0.9742420843357014 0
2720 -1.268364954985402 -1.023482269340832 0
2721 -1.336456868560926 -1.053113446567165 0
2722 -1.37330471519354 -0.8454883383502647 0
2723 1.064229070626931 -0.6663882653083828 0
2724 1.382107679633082 -0.6619722132412917 0
2725 1.346095459430716 -0.7280189807120205 0
2726 -1.382107679633072 -0.6619722132412917 0
2727 -1.345921701690681 -0.7279771866763411 0
2728 0.9080531986624193 -0.6650507990528176 0
2729 0.7500017431563778 -0.6648495175765863 0
2730 -1.225126137919695 -0.6675018554683199 0
2731 -0.7505223597897119 -0.6686164243427015 0
2732 -0.695053490137902 -0.7318753380499849 0
2733 1.223684210526315 -0.6683704266145192 0
2734 0.279204310532415 -0.6661200050142337 0
2735 0.315789473684161 -0.7376524589172959 0
2736 0.592105263157894 -0.6660366883633024 0
2737 1.44146563681766 -1.011881437502169 0
2738 1.374435900927977 -1.134781890631334 0
2739 -1.441465636817693 -1.01188143750217 0
2740 -1.374435900927993 -1.134781890631402 0
2741 0.4343481699103832 -0.679008218300531 0
2742 -1.178571428571428 -1.138141042586945 0
2743 1.178571428571428 -1.138141042586945 0
2744 -0.7747865899355016 -0.7394991831383475 0
2745 -1.430123231657709 -0.7190443992757025 0
2746 1.430140962039327 -0.7190486639732114 0
2747 1.191682689915129 -0.997163908068087 0
2748 -1.190816073305028 -0.9972537867326636 0
2749 -0.8770996814804439 -0.9348860937762069 0
2750 0.8871918850544704 -0.922577441807503 0
2751 -0.7944814528766408 -0.9343857157671387 0
2752 -0.9100291520576178 -0.6551442857527086 0
2753 1.221146543208509 -1.079027068086871 0
2754 -1.220906826853771 -1.079066395102267 0
2755 -1.057249466275828 -1.095432266239859 0
2756 1.057521619769865 -1.095303711819138 0
2757 1.436464501683555 -0.8735042785587055 0
2758 -1.436424072489086 -0.8734924171943348 0
2759 1.267640367165767 -0.731676421342577 0
2760 -1.26628773602611 -0.7316113014823635 0
2761 -0.7554577936373961 -0.8681268808624019 0
2762 -1.061785745399344 -0.6544593583656777 0
2763 1.024685571637717 -0.7257049635007924 0
2764 -0.9851150322002135 -0.7381161876853106 0
2765 0.9464077275555693 -0.7239177818902274 0
2766 0.3558230318907707 -0.8698913211705808 0
2767 -0.5927842409020679 -0.6511626937417816 0
2768 -0.7242939676931922 -0.8013191915579849 0
2769 -0.518482451457479 -0.7409240417862772 0
2770 -0.4351674387372739 -0.6520014091665232 0
2771 -0.3584066842897569 -0.7405362398971782 0
2772 -0.2769247337419002 -0.6520179382364475 0
2773 -0.1187746919515767 -0.6521022972410293 0
2774 0.1077192982455469 -0.6623863529560055 0
2775 -0.1992074878104634 -0.7408414416976079 0
2776 0.1971765158630112 -0.7424000047588493 0
2777 0.0374268532638628 -0.6508304228287329 0
2778 -0.03987387055209646 -0.7407596793825224 0
2779 -1.192019324657139 -0.7280981460296516 0
2780 0.8676126639148305 -0.7218722534273425 0
2781 0.4351333944830773 -0.8711301626081038 0
2782 1.369943945631867 -0.926457779045986 0
2783 -1.369943945631934 -0.9264577790459896 0
2784 0.3043553853356713 -0.7992361859683363 0
2785 1.09309511973621 -0.7253564668506716 0
2786 0.7878586182476087 -0.7191061210446019 0
2787 0.5184920899749428 -0.879271442794586 0
2788 1.303150698074354 -1.106059595291736 0
2789 -1.303136576826331 -1.106060308897517 0
2790 1.201146586834986 -0.7267177734062216 0
2791 0.7085354939654872 -0.7163331074494685 0
2792 1.445577289019966 -1.145606134555006 0
2793 -1.44557728901999 -1.145606134555031 0
2794 0.5954838593293708 -0.8809550371047941 0
2795 -0.8436322938826514 -0.7495299429219955 0
2796 1.444949592183295 -0.6538965511643795 0
2797 -1.444949592183298 -0.6538965511643759 0
2798 -1.382079587601374 -1.00244862616152 0
2799 1.382082867179716 -1.002449734687779 0
2800 0.6294053428881231 -0.7139107939804994 0
2801 0.2568854375383604 -0.7284092949969807 0
2802 -1.376032315515241 -0.785965721321114 0
2803 1.376032315515295 -0.7859657213210873 0
2804 0.665234284135323 -0.8781131290781428 0
2805 1.10446427085711 -0.8282500334168681 0
2806 -1.047164178969451 -1.153381328432001 0
2807 1.047218609668259 -1.153355617547859 0
2808 1.321428571428572 -1.15982638129041 0
2809 -1.321428571428572 -1.159826381290442 0
2810 0.3800684293172661 -0.7251264886229265 0
2811 0.7369753604749482 -0.8765072747607352 0
2812 0.5526315789474352 -0.7090765873053009 0
2813 -1.011275632543757 -0.7885216968067539 0
2814 -1.246965739045146 -1.737831012006378 0
2815 -1.247940718575108 -1.263403468407905 0
2816 -1.439810889556106 -1.465043973976748 0
2817 -1.066118275364158 -1.463279893055654 0
2818 -1.439358038935286 -1.6194998295096 0
2819 -1.064930170410676 -1.61388792046116 0
2820 -1.059965795499197 -1.311585846379471 0
2821 -1.429896536267147 -1.311807742938004 0
2822 -1.106729205276765 -1.738452387539056 0
2823 -1.394421485238606 -1.739916090537051 0
2824 -1.066109433962128 -1.386831045512874 0
2825 -1.134394511958576 -1.425213447051632 0
2826 -1.134102007276009 -1.503887944111352 0
2827 -1.202917221292634 -1.4662130040383 0
2828 -1.202008212213286 -1.546116834979774 0
2829 -1.271291562778613 -1.507733933843781 0
2830 -1.272836437069893 -1.427732815495702 0
2831 -1.269858604802162 -1.587156429673026 0
2832 -1.203181044768196 -1.621971328998418 0
2833 -1.339430176186628 -1.549320744248726 0
2834 -1.329858284203699 -1.632878528185394 0
2835 -1.205688512849096 -1.388776271460003 0
2836 -1.278354663131089 -1.335577784521048 0
2837 -1.34287250697992 -1.389175177232193 0
2838 -1.348235986214797 -1.310975104577883 0
2839 -1.341302608112616 -1.469162148184928 0
2840 -1.137874479387992 -1.336048874932269 0
2841 -1.435048094716187 -1.387500000000065 0
2842 -1.44056215932448 -1.54333969236991 0
2843 -1.06626299875153 -1.539388032940771 0
2844 -1.323250490157028 -1.721658691816501 0
2845 -1.175473935389028 -1.737632394750801 0
2846 -1.177224954663579 -1.262921483341501 0
2847 -1.267661358542105 -1.664393072106851 0
2848 -1.134777899463524 -1.583557166015689 0
2849 -1.136603411254388 -1.667066451903656 0
2850 -1.106887525741072 -1.259921461000166 0
2851 -1.390881896873841 -1.256401853336625 0
2852 -1.059490336241221 -1.688923583847789 0
2853 -1.443525476120765 -1.693082616145885 0
2854 -1.211852259606098 -1.318768273556845 0
2855 -1.321428571428572 -1.251184024502043 0
2856 -1.380634387811413 -1.674004075803035 0
2857 -1.212154957327715 -1.686463965560469 0
2858 -1.388283567667848 -1.35419041682596 0
2859 -1.051637970260826 -1.747334586146197 0
2860 -1.448362029739259 -1.747334586146154 0
2861 -1.448959125047022 -1.25142324093475 0
2862 -1.051361415245663 -1.252402028125086 0
2863 -1.385630622677238 -1.430023279502052 0
2864 -1.383138525226863 -1.510240564358243 0
2865 -1.384230806790128 -1.588796728782688 0
2866 1.246965739045182 -1.262168987993512 0
2867 1.247940718575204 -1.736596531591974 0
2868 1.066118275364181 -1.536720106944326 0
2869 1.439810889556059 -1.534956026023181 0
2870 1.439358038935289 -1.380500170490372 0
2871 1.064930170410613 -1.386112079538858 0
2872 1.429896536267123 -1.68819225706191 0
2873 1.059965795499213 -1.688414153620496 0
2874 1.106729205276722 -1.261547612460943 0
2875 1.394421485238635 -1.260083909462935 0
2876 1.066109433962133 -1.613168954487085 0
2877 1.134394511958613 -1.57478655294827 0
2878 1.134102007275989 -1.496112055888636 0
2879 1.202917221292649 -1.53378699596156 0
2880 1.202008212213191 -1.453883165020148 0
2881 1.271291562778603 -1.492266066155992 0
2882 1.272836437069971 -1.572267184504081 0
2883 1.269858604802071 -1.412843570326791 0
2884 1.203181044768055 -1.378028671001578 0
2885 1.339430176186549 -1.450679255750977 0
2886 1.329858284203654 -1.367121471814396 0
2887 1.205688512849203 -1.611223728539855 0
2888 1.278354663131227 -1.664422215478766 0
2889 1.34287250698009 -1.610824822767521 0
2890 1.348235986214902 -1.689024895421881 0
2891 1.341302608112716 -1.530837851814759 0
2892 1.13787447938807 -1.663951125067632 0
2893 1.066262998751498 -1.460611967059265 0
2894 1.440562159324411 -1.456660307629937 0
2895 1.435048094716167 -1.612500000000052 0
2896 1.177224954663671 -1.737078516658428 0
2897 1.323250490157071 -1.278341308183441 0
2898 1.17547393538893 -1.262367605249203 0
2899 1.267661358542136 -1.335606927892997 0
2900 1.134777899463375 -1.416442833984505 0
2901 1.136603411254323 -1.332933548096339 0
2902 1.390881896873837 -1.743598146663253 0
2903 1.106887525741099 -1.740078538999761 0
2904 1.44352547612082 -1.306917383854103 0
2905 1.059490336241135 -1.311076416152169 0
2906 1.211852259606377 -1.681231726443084 0
2907 1.321428571428572 -1.748815975497701 0
2908 1.380634387811575 -1.325995924196995 0
2909 1.212154957327878 -1.313536034439323 0
2910 1.388283567667743 -1.64580958317382 0
2911 1.448362029739334 -1.252665413853705 0
2912 1.051637970260696 -1.252665413853688 0
2913 1.44895912504693 -1.748576759065161 0
2914 1.051361415245704 -1.747597971874891 0
2915 1.385630622677251 -1.56997672049774 0
2916 1.383138525226671 -1.489759435641304 0
2917 1.38423080679005 -1.411203271217071 0
2918 -1.247999000506941 -2.336574687569946 0
2919 -1.246965739045319 -1.862168987993666 0
2920 -1.439794741749905 -2.134903918508233 0
2921 -1.066118275364186 -2.13672010694442 0
2922 -1.06493017041071 -1.986112079538845 0
2923 -1.439358038935298 -1.980500170490551 0
2924 -1.05998727183259 -2.288427379611887 0
2925 -1.429927974908336 -2.288129327330665 0
2926 -1.106729205276783 -1.861547612460942 0
2927 -1.394421485238583 -1.860083909462976 0
2928 -1.066134489684435 -2.213184384810383 0
2929 -1.134487722611962 -2.174710488053282 0
2930 -1.134117542385013 -2.096099378406322 0
2931 -1.202966495872277 -2.133774663147726 0
2932 -1.202019013828288 -2.053878996637817 0
2933 -1.271284963694638 -2.092233596929216 0
2934 -1.272901175189203 -2.172196734743656 0
2935 -1.269859305224331 -2.012837464059086 0
2936 -1.203182961774663 -1.978026958559933 0
2937 -1.339430176186963 -2.050679255752033 0
2938 -1.329858367587579 -1.96712074487839 0
2939 -1.205802808339725 -2.211213142911495 0
2940 -1.278460874112498 -2.264344613486013 0
2941 -1.342956569142966 -2.210652220744976 0
2942 -1.34842704847852 -2.288861602374464 0
2943 -1.341202937413428 -2.130659537647439 0
2944 -1.137935803637902 -2.26395108354858 0
2945 -1.435048094716215 -2.212500000000082 0
2946 -1.066264848169296 -2.060610457835189 0
2947 -1.440560277655106 -2.056645073940548 0
2948 -1.3232505020691 -1.878341204335509 0
2949 -1.177274094285479 -2.337084486330781 0
2950 -1.175473935389209 -1.862367605249204 0
2951 -1.267661523309548 -1.93560640253526 0
2952 -1.134779727886171 -2.016441615111148 0
2953 -1.136603946315787 -1.932933129337069 0
2954 -1.390900817018808 -2.343566406470973 0
2955 -1.106903232908352 -2.340080819255119 0
2956 -1.059490381739634 -1.911076380543387 0
2957 -1.443525476120732 -1.906917383854164 0
2958 -1.211992002418684 -2.281260813300598 0
2959 -1.321428571428572 -2.348668933614469 0
2960 -1.380634391945739 -1.925995888153736 0
2961 -1.212154957328184 -1.91353603443951 0
2962 -1.38827440923703 -2.245580705116859 0
2963 -1.05163797026083 -1.852665413853892 0
2964 -1.44836202973917 -1.85266541385389 0
2965 -1.448961746807991 -2.348571830393666 0
2966 -1.051361415245617 -2.347597971874986 0
2967 -1.38552887805039 -2.16970337003071 0
2968 -1.383143383016512 -2.089720141018637 0
2969 -1.38423117150912 -2.011196688920947 0
2970 1.246965739045322 -1.862168987993639 0
2971 1.247940718575083 -2.336596531592139 0
2972 1.066118275364176 -2.136720106944372 0
2973 1.439810889556104 -2.134956026023445 0
2974 1.439358038935253 -1.980500170490506 0
2975 1.064930170410697 -1.986112079538827 0
2976 1.42989653626712 -2.288192257062056 0
2977 1.059965795499176 -2.288414153620522 0
2978 1.394421485238576 -1.860083909462961 0
2979 1.106729205276776 -1.861547612460949 0
2980 1.066109433962104 -2.213168954487122 0
2981 1.134394511958575 -2.17478655294839 0
2982 1.134102007276068 -2.096112055888709 0
2983 1.202917221292665 -2.133786995961875 0
2984 1.20200821221347 -2.053883165020391 0
2985 1.271291562778694 -2.092266066156505 0
2986 1.27283643706984 -2.17226718450452 0
2987 1.269858604802459 -2.012843570327233 0
2988 1.203181044768512 -1.978028671001642 0
2989 1.339430176186845 -2.050679255751721 0
2990 1.329858284203911 -1.967121471814881 0
2991 1.205688512849042 -2.211223728540105 0
2992 1.278354663131047 -2.264422215479085 0
2993 1.342872506979819 -2.210824822768039 0
2994 1.348235986214768 -2.28902489542228 0
2995 1.341302608112457 -2.130837851815324 0
2996 1.137874479387971 -2.263951125067733 0
2997 1.435048094716215 -2.212500000000082 0
2998 1.440562159324497 -2.056660307630301 0
2999 1.066262998751555 -2.060611967059245 0
3000 1.177224954663564 -2.337078516658508 0
3001 1.323250490157121 -1.878341308183561 0
3002 1.175473935389202 -1.862367605249181 0
3003 1.267661358542495 -1.935606927893236 0
3004 1.134777899463644 -2.016442833984314 0
3005 1.136603411254564 -1.932933548096333 0
3006 1.390881896873827 -2.343598146663386 0
3007 1.106887525741067 -2.340078538999817 0
3008 1.443525476120713 -1.906917383854154 0
3009 1.059490336241233 -1.911076416152198 0
3010 1.211852259606058 -2.281231726443218 0
3011 1.321428571428572 -2.348815975498033 0
3012 1.380634387811306 -1.925995924197036 0
3013 1.212154957328318 -1.913536034439435 0
3014 1.38828356766777 -2.245809583174154 0
3015 1.448362029739169 -1.852665413853893 0
3016 1.05163797026083 -1.852665413853892 0
3017 1.448959125046944 -2.348576759065253 0
3018 1.051361415245678 -2.347597971874928 0
3019 1.385630622677164 -2.169976720498244 0
3020 1.383138525226921 -2.089759435642312 0
3021 1.384230806790193 -2.011203271217624 0
3022 -1.251174687979145 -2.936734236561835 0
3023 -1.240150871472204 -2.465083152270363 0
3024 -1.060157696564682 -2.66004743592301 0
3025 -1.4338817246358 -2.661720106944312 0
3026 -1.435048094716167 -2.812500000000046 0
3027 -1.076321341925072 -2.817522499960402 0
3028 -1.059277484921851 -2.510383755289057 0
3029 -1.44050658060478 -2.511336009444005 0
3030 -1.107142857142858 -2.938141042586826 0
3031 -1.393180222880907 -2.938786674693819 0
3032 -1.432960531284013 -2.738203427757664 0
3033 -1.365071424087954 -2.699606879042715 0
3034 -1.367088351131906 -2.620709868207316 0
3035 -1.297160075808131 -2.658737302412735 0
3036 -1.295415096162845 -2.738611944164877 0
3037 -1.227192877802728 -2.69733263972223 0
3038 -1.225642009793378 -2.777309206265809 0
3039 -1.228712134272715 -2.617517302576678 0
3040 -1.292757484577972 -2.816068838199937 0
3041 -1.157226178133719 -2.735976586279589 0
3042 -1.155662995408612 -2.81596123877125 0
3043 -1.296406873865678 -2.582688849089354 0
3044 -1.158790128814907 -2.655991948800194 0
3045 -1.160365264707041 -2.576005090692878 0
3046 -1.218911433557429 -2.86417917905716 0
3047 -1.229581747928467 -2.54115801032901 0
3048 -1.169458597750108 -2.501021517972463 0
3049 -1.363967624562824 -2.777455918099179 0
3050 -1.361874231105149 -2.864841759508586 0
3051 -1.064951905283833 -2.737499999999986 0
3052 -1.434947604875953 -2.586996195015264 0
3053 -1.059131206468545 -2.582634415853445 0
3054 -1.322466761756108 -2.93730041895742 0
3055 -1.179538163113242 -2.936775717706658 0
3056 -1.321428571428572 -2.461858957413154 0
3057 -1.363195180167969 -2.534046294227496 0
3058 -1.393247200444979 -2.459940548201621 0
3059 -1.061845632253938 -2.891618806753275 0
3060 -1.440690337851451 -2.888084089109917 0
3061 -1.111382118751522 -2.46142476592148 0
3062 -1.135985662649802 -2.878575966680653 0
3063 -1.285714285714304 -2.883439842980277 0
3064 -1.290152648972578 -2.516967052665875 0
3065 -1.178571428571428 -2.442917839900019 0
3066 -1.112296246750784 -2.771275560414175 0
3067 -1.05163797026071 -2.947334586146237 0
3068 -1.448362029739291 -2.947334586146241 0
3069 -1.448638584754264 -2.45240202812507 0
3070 -1.048417635020389 -2.449361704242108 0
3071 -1.114359771674575 -2.695130804692539 0
3072 -1.116682597146007 -2.615153810845593 0
3073 -1.115632088467224 -2.538222717399471 0
3074 1.248825643574985 -2.46326576331043 0
3075 1.259840479083355 -2.934913542330808 0
3076 1.06611827536415 -2.738279893055591 0
3077 1.439840432714509 -2.739955335898006 0
3078 1.064951905283832 -2.587500000000018 0
3079 1.423678658074671 -2.582477500039071 0
3080 1.440721571815613 -2.889616813202334 0
3081 1.059472597952577 -2.888650932333496 0
3082 1.106819777118989 -2.461213325306101 0
3083 1.392857142857142 -2.461858957413174 0
3084 1.067039468715926 -2.661796572242189 0
3085 1.134928575911975 -2.700393120956875 0
3086 1.132898153930625 -2.779285755326676 0
3087 1.202806654325744 -2.741258213767495 0
3088 1.204579358859169 -2.661387308531189 0
3089 1.272799661712881 -2.702668058720738 0
3090 1.274356286804999 -2.622690785411313 0
3091 1.271246197597785 -2.782480812258099 0
3092 1.207241771534374 -2.583931035683253 0
3093 1.342773821865896 -2.664023413718949 0
3094 1.344337004590601 -2.584038761227314 0
3095 1.203550039796047 -2.817290329843543 0
3096 1.341203923123538 -2.744017472984872 0
3097 1.339627682612313 -2.824001869214923 0
3098 1.281088264194615 -2.535820801718586 0
3099 1.270397392845405 -2.858835996151488 0
3100 1.330531748834337 -2.898981399290598 0
3101 1.13603132729274 -2.622543936330542 0
3102 1.138125512890284 -2.53515820167892 0
3103 1.440866222632049 -2.817369488475812 0
3104 1.435048094716262 -2.662500000000055 0
3105 1.065045486325733 -2.812999649423501 0
3106 1.32046184177114 -2.463224279067909 0
3107 1.178571428571428 -2.938141042586869 0
3108 1.177533250835489 -2.46269957455247 0
3109 1.13678777489886 -2.865942725476012 0
3110 1.106746488492373 -2.940055445378558 0
3111 1.059309651041948 -2.511915909206181 0
3112 1.438154367745997 -2.508381193246608 0
3113 1.388615991444042 -2.938575581262731 0
3114 1.364014301949674 -2.521424030646344 0
3115 1.214285714285817 -2.516560157019365 0
3116 1.209829423039019 -2.883024727277743 0
3117 1.321428571428572 -2.957088382947388 0
3118 1.38770343020362 -2.628724845274286 0
3119 1.051637970260819 -2.452665413853719 0
3120 1.448362029739181 -2.452665413853719 0
3121 1.051361415245659 -2.947597971874959 0
3122 1.451581798366217 -2.950638478893012 0
3123 1.385634023282542 -2.704876987799826 0
3124 1.383312383571851 -2.784855027588028 0
3125 1.384361886020957 -2.861784792774952 0
$EndNodes
$Elements
6170
1 1 2 15 1 1 35
2 1 2 15 1 35 36
3 1 2 15 1 36 37
4 1 2 15 1 37 38
5 1 2 15 1 38 39
6 1 2 15 1 39 40
7 1 2 15 1 40 41
8 1 2 15 1 41 42
9 1 2 15 1 42 43
10 1 2 15 1 43 44
11 1 2 15 1 44 45
12 1 2 15 1 45 46
13 1 2 15 1 46 47
14 1 2 15 1 47 48
15 1 2 15 1 48 49
16 1 2 15 1 49 50
17 1 2 15 1 50 51
18 1 2 15 1 51 52
19 1 2 15 1 52 53
20 1 2 15 1 53 54
21 1 2 15 1 54 55
22 1 2 15 1 55 56
23 1 2 15 1 56 57
24 1 2 15 1 57 58
25 1 2 15 1 58 59
26 1 2 15 1 59 60
27 1 2 15 1 60 61
28 1 2 15 1 61 62
29 1 2 15 1 62 63
30 1 2 15 1 63 64
31 1 2 15 1 64 2
32 1 2 10 2 3 65
33 1 2 10 2 65 66
34 1 2 10 2 66 67
35 1 2 10 2 67 68
36 1 2 10 2 68 69
37 1 2 10 2 69 70
38 1 2 10 2 70 71
39 1 2 10 2 71 72
40 1 2 10 2 72 73
41 1 2 10 2 73 74
42 1 2 10 2 74 75
43 1 2 10 2 75 76
44 1 2 10 2 76 77
45 1 2 10 2 77 78
46 1 2 10 2 78 79
47 1 2 10 2 79 80
48 1 2 10 2 80 81
49 1 2 10 2 81 82
50 1 2 10 2 82 1
51 1 2 20 9 10 124
52 1 2 20 9 124 125
53 1 2 20 9 125 126
54 1 2 20 9 126 127
55 1 2 20 9 127 128
56 1 2 20 9 128 129
57 1 2 20 9 129 130
58 1 2 20 9 130 131
59 1 2 20 9 131 132
60 1 2 20 9 132 133
61 1 2 20 9 133 134
62 1 2 20 9 134 135
63 1 2 20 9 135 136
64 1 2 20 9 136 137
65 1 2 20 9 137 138
66 1 2 20 9 138 139
67 1 2 20 9 139 140
68 1 2 20 9 140 141
69 1 2 20 9 141 142
70 1 2 20 9 142 143
71 1 2 20 9 143 144
72 1 2 20 9 144 145
73 1 2 20 9 145 146
74 1 2 20 9 146 147
75 1 2 20 9 147 9
76 1 2 10 16 17 189
77 1 2 10 16 189 190
78 1 2 10 16 190 191
79 1 2 10 16 191 192
80 1 2 10 16 192 193
81 1 2 10 16 193 194
82 1 2 10 16 194 195
83 1 2 10 16 195 196
84 1 2 10 16 196 197
85 1 2 10 16 197 198
86 1 2 10 16 198 199
87 1 2 10 16 199 200
88 1 2 10 16 200 201
89 1 2 10 16 201 202
90 1 2 10 16 202 203
91 1 2 10 16 203 204
92 1 2 10 16 204 205
93 1 2 10 16 205 206
94 1 2 10 16 206 16
95 1 2 16 17 18 207
96 1 2 16 17 207 208
97 1 2 16 17 208 209
98 1 2 16 17 209 210
99 1 2 16 17 210 211
100 1 2 16 17 211 212
101 1 2 16 17 212 213
102 1 2 16 17 213 214
103 1 2 16 17 214 215
104 1 2 16 17 215 216
105 1 2 16 17 216 217
106 1 2 16 17 217 218
107 1 2 16 17 218 219
108 1 2 16 17 219 220
109 1 2 16 17 220 221
110 1 2 16 17 221 222
111 1 2 16 17 222 223
112 1 2 16 17 223 224
113 1 2 16 17 224 225
114 1 2 16 17 225 226
115 1 2 16 17 226 227
116 1 2 16 17 227 228
117 1 2 16 17 228 229
118 1 2 16 17 229 230
119 1 2 16 17 230 231
120 1 2 16 17 231 232
121 1 2 16 17 232 233
122 1 2 16 17 233 234
123 1 2 16 17 234 235
124 1 2 16 17 235 236
125 1 2 16 17 236 17
126 1 2 11 18 2 237
127 1 2 11 18 237 238
128 1 2 11 18 238 239
129 1 2 11 18 239 240
130 1 2 11 18 240 241
131 1 2 11 18 241 242
132 1 2 11 18 242 243
133 1 2 11 18 243 244
134 1 2 11 18 244 245
135 1 2 11 18 245 246
136 1 2 11 18 246 247
137 1 2 11 18 247 248
138 1 2 11 18 248 249
139 1 2 11 18 249 250
140 1 2 11 18 250 251
141 1 2 11 18 251 252
142 1 2 11 18 252 253
143 1 2 11 18 253 254
144 1 2 11 18 254 255
145 1 2 11 18 255 256
146 1 2 11 18 256 257
147 1 2 11 18 257 258
148 1 2 11 18 258 259
149 1 2 11 18 259 260
150 1 2 11 18 260 261
151 1 2 11 18 261 262
152 1 2 11 18 262 263
153 1 2 11 18 263 264
154 1 2 11 18 264 265
155 1 2 11 18 265 18
156 1 2 20 21 20 309
157 1 2 20 21 309 310
158 1 2 20 21 310 19
159 1 2 20 22 21 311
160 1 2 20 22 311 312
161 1 2 20 22 312 313
162 1 2 20 22 313 314
163 1 2 20 22 314 315
164 1 2 20 22 315 316
165 1 2 20 22 316 317
166 1 2 20 22 317 318
167 1 2 20 22 318 319
168 1 2 20 22 319 320
169 1 2 20 22 320 321
170 1 2 20 22 321 322
171 1 2 20 22 322 323
172 1 2 20 22 323 324
173 1 2 20 22 324 325
174 1 2 20 22 325 326
175 1 2 20 22 326 327
176 1 2 20 22 327 328
177 1 2 20 22 328 329
178 1 2 20 22 329 330
179 1 2 20 22 330 331
180 1 2 20 22 331 332
181 1 2 20 22 332 333
182 1 2 20 22 333 334
183 1 2 20 22 334 20
184 1 2 20 23 22 335
185 1 2 20 23 335 336
186 1 2 20 23 336 21
187 1 2 20 25 23 343
188 1 2 20 25 343 344
189 1 2 20 25 344 345
190 1 2 20 25 345 346
191 1 2 20 25 346 347
192 1 2 20 25 347 348
193 1 2 20 25 348 349
194 1 2 20 25 349 22
195 1 2 20 28 19 362
196 1 2 20 28 362 363
197 1 2 20 28 363 364
198 1 2 20 28 364 365
199 1 2 20 28 365 366
200 1 2 20 28 366 367
201 1 2 20 28 367 368
202 1 2 20 28 368 24
203 1 2 20 31 25 369
204 1 2 20 31 369 370
205 1 2 20 31 370 371
206 1 2 20 31 371 372
207 1 2 20 31 372 373
208 1 2 20 31 373 374
209 1 2 20 31 374 375
210 1 2 20 31 375 23
211 1 2 20 34 24 388
212 1 2 20 34 388 389
213 1 2 20 34 389 390
214 1 2 20 34 390 391
215 1 2 20 34 391 392
216 1 2 20 34 392 393
217 1 2 20 34 393 394
218 1 2 20 34 394 26
219 1 2 20 36 9 395
220 1 2 20 36 395 396
221 1 2 20 36 396 397
222 1 2 20 36 397 398
223 1 2 20 36 398 399
224 1 2 20 36 399 400
225 1 2 20 36 400 401
226 1 2 20 36 401 25
227 1 2 20 37 26 402
228 1 2 20 37 402 403
229 1 2 20 37 403 404
230 1 2 20 37 404 405
231 1 2 20 37 405 406
232 1 2 20 37 406 407
233 1 2 20 37 407 408
234 1 2 20 37 408 10
235 1 2 10 38 3 409
236 1 2 10 38 409 410
237 1 2 10 38 410 411
238 1 2 10 38 411 412
239 1 2 10 38 412 413
240 1 2 10 38 413 414
241 1 2 10 38 414 415
242 1 2 10 38 415 416
243 1 2 10 38 416 417
244 1 2 10 38 417 418
245 1 2 10 38 418 419
246 1 2 10 38 419 420
247 1 2 10 38 420 421
248 1 2 10 38 421 422
249 1 2 10 38 422 423
250 1 2 10 38 423 424
251 1 2 10 38 424 425
252 1 2 10 38 425 426
253 1 2 10 38 426 427
254 1 2 10 38 427 428
255 1 2 10 38 428 429
256 1 2 10 38 429 430
257 1 2 10 38 430 431
258 1 2 10 38 431 432
259 1 2 10 38 432 433
260 1 2 10 38 433 434
261 1 2 10 38 434 435
262 1 2 10 38 435 436
263 1 2 10 38 436 437
264 1 2 10 38 437 438
265 1 2 10 38 438 439
266 1 2 10 38 439 440
267 1 2 10 38 440 441
268 1 2 10 38 441 442
269 1 2 10 38 442 443
270 1 2 10 38 443 444
271 1 2 10 38 444 445
272 1 2 10 38 445 16
273 1 2 21 39 27 446
274 1 2 21 39 446 447
275 1 2 21 39 447 448
276 1 2 21 39 448 449
277 1 2 21 39 449 450
278 1 2 21 39 450 451
279 1 2 21 39 451 452
280 1 2 21 39 452 453
281 1 2 21 39 453 454
282 1 2 21 39 454 455
283 1 2 21 39 455 456
284 1 2 21 39 456 457
285 1 2 21 39 457 458
286 1 2 21 39 458 459
287 1 2 21 39 459 460
288 1 2 21 39 460 461
289 1 2 21 39 461 462
290 1 2 21 39 462 463
291 1 2 21 39 463 464
292 1 2 21 39 464 465
293 1 2 21 39 465 466
294 1 2 21 39 466 467
295 1 2 21 39 467 468
296 1 2 21 39 468 469
297 1 2 21 39 469 28
298 1 2 21 40 29 470
299 1 2 21 40 470 471
300 1 2 21 40 471 472
301 1 2 21 40 472 473
302 1 2 21 40 473 474
303 1 2 21 40 474 475
304 1 2 21 40 475 476
305 1 2 21 40 476 477
306 1 2 21 40 477 478
307 1 2 21 40 478 479
308 1 2 21 40 479 480
309 1 2 21 40 480 481
310 1 2 21 40 481 482
311 1 2 21 40 482 483
312 1 2 21 40 483 484
313 1 2 21 40 484 485
314 1 2 21 40 485 486
315 1 2 21 40 486 487
316 1 2 21 40 487 488
317 1 2 21 40 488 489
318 1 2 21 40 489 490
319 1 2 21 40 490 491
320 1 2 21 40 491 492
321 1 2 21 40 492 493
322 1 2 21 40 493 27
323 1 2 21 41 28 494
324 1 2 21 41 494 495
325 1 2 21 41 495 496
326 1 2 21 41 496 497
327 1 2 21 41 497 498
328 1 2 21 41 498 499
329 1 2 21 41 499 500
330 1 2 21 41 500 501
331 1 2 21 41 501 502
332 1 2 21 41 502 503
333 1 2 21 41 503 504
334 1 2 21 41 504 505
335 1 2 21 41 505 506
336 1 2 21 41 506 507
337 1 2 21 41 507 508
338 1 2 21 41 508 509
339 1 2 21 41 509 510
340 1 2 21 41 510 511
341 1 2 21 41 511 512
342 1 2 21 41 512 513
343 1 2 21 41 513 514
344 1 2 21 41 514 515
345 1 2 21 41 515 516
346 1 2 21 41 516 517
347 1 2 21 41 517 30
348 1 2 21 42 30 518
349 1 2 21 42 518 519
350 1 2 21 42 519 520
351 1 2 21 42 520 521
352 1 2 21 42 521 522
353 1 2 21 42 522 523
354 1 2 21 42 523 524
355 1 2 21 42 524 525
356 1 2 21 42 525 526
357 1 2 21 42 526 527
358 1 2 21 42 527 528
359 1 2 21 42 528 529
360 1 2 21 42 529 530
361 1 2 21 42 530 531
362 1 2 21 42 531 532
363 1 2 21 42 532 533
364 1 2 21 42 533 534
365 1 2 21 42 534 535
366 1 2 21 42 535 536
367 1 2 21 42 536 537
368 1 2 21 42 537 538
369 1 2 21 42 538 539
370 1 2 21 42 539 540
371 1 2 21 42 540 541
372 1 2 21 42 541 29
373 2 2 1 11 618 790 724
374 2 2 1 11 721 792 621
375 2 2 1 11 619 791 722
376 2 2 1 11 670 793 620
377 2 2 1 11 721 799 792
378 2 2 1 11 713 715 499
379 2 2 1 11 496 708 707
380 2 2 1 11 475 716 703
381 2 2 1 11 552 718 695
382 2 2 1 11 555 719 700
383 2 2 1 11 701 706 578
384 2 2 1 11 790 800 724
385 2 2 1 11 791 801 722
386 2 2 1 11 620 798 670
387 2 2 1 11 666 715 713
388 2 2 1 11 703 716 665
389 2 2 1 11 695 718 669
390 2 2 1 11 707 708 645
391 2 2 1 11 700 719 661
392 2 2 1 11 625 706 701
393 2 2 1 11 487 746 697
394 2 2 1 11 705 734 491
395 2 2 1 11 711 724 34
396 2 2 1 11 712 743 586
397 2 2 1 11 596 731 692
398 2 2 1 11 704 742 581
399 2 2 1 11 609 760 698
400 2 2 1 11 543 751 709
401 2 2 1 11 520 775 702
402 2 2 1 11 525 776 699
403 2 2 1 11 717 779 463
404 2 2 1 11 714 774 451
405 2 2 1 11 720 788 612
406 2 2 1 11 457 772 696
407 2 2 1 11 512 765 693
408 2 2 1 11 558 770 694
409 2 2 1 11 531 687 652
410 2 2 1 11 535 677 628
411 2 2 1 11 522 674 651
412 2 2 1 11 527 686 655
413 2 2 1 11 529 672 642
414 2 2 1 11 533 673 637
415 2 2 1 11 523 674 522
416 2 2 1 11 534 673 533
417 2 2 1 11 536 677 535
418 2 2 1 11 540 690 539
419 2 2 1 11 530 672 529
420 2 2 1 11 532 687 531
421 2 2 1 11 501 691 663
422 2 2 1 11 448 685 633
423 2 2 1 11 618 690 540
424 2 2 1 11 449 685 448
425 2 2 1 11 505 683 664
426 2 2 1 11 504 680 503
427 2 2 1 11 656 685 449
428 2 2 1 11 472 671 631
429 2 2 1 11 614 689 615
430 2 2 1 11 480 681 479
431 2 2 1 11 506 683 505
432 2 2 1 11 550 641 551
433 2 2 1 11 664 680 504
434 2 2 1 11 616 688 617
435 2 2 1 11 632 676 478
436 2 2 1 11 33 634 580
437 2 2 1 11 493 619 492
438 2 2 1 11 498 649 497
439 2 2 1 11 556 627 557
440 2 2 1 11 610 639 611
441 2 2 1 11 613 640 614
442 2 2 1 11 654 681 480
443 2 2 1 11 662 682 482
444 2 2 1 11 667 683 506
445 2 2 1 11 668 684 508
446 2 2 1 11 481 654 480
447 2 2 1 11 502 691 501
448 2 2 1 11 507 667 506
449 2 2 1 11 509 668 508
450 2 2 1 11 563 666 564
451 2 2 1 11 601 665 602
452 2 2 1 11 646 671 473
453 2 2 1 11 637 687 532
454 2 2 1 11 455 653 454
455 2 2 1 11 459 669 458
456 2 2 1 11 462 661 461
457 2 2 1 11 465 636 464
458 2 2 1 11 468 644 467
459 2 2 1 11 479 681 632
460 2 2 1 11 481 682 654
461 2 2 1 11 483 662 482
462 2 2 1 11 486 648 485
463 2 2 1 11 501 663 500
464 2 2 1 11 505 664 504
465 2 2 1 11 507 684 667
466 2 2 1 11 519 620 518
467 2 2 1 11 524 657 523
468 2 2 1 11 527 655 526
469 2 2 1 11 531 652 530
470 2 2 1 11 533 637 532
471 2 2 1 11 537 638 536
472 2 2 1 11 553 635 554
473 2 2 1 11 32 645 561
474 2 2 1 11 653 678 454
475 2 2 1 11 472 631 471
476 2 2 1 11 474 646 473
477 2 2 1 11 477 647 476
478 2 2 1 11 479 632 478
479 2 2 1 11 503 650 502
480 2 2 1 11 657 674 523
481 2 2 1 11 584 660 585
482 2 2 1 11 615 622 616
483 2 2 1 11 482 682 481
484 2 2 1 11 638 677 536
485 2 2 1 11 630 670 33
486 2 2 1 11 453 658 452
487 2 2 1 11 454 678 453
488 2 2 1 11 456 679 455
489 2 2 1 11 624 675 510
490 2 2 1 11 528 686 527
491 2 2 1 11 529 642 528
492 2 2 1 11 535 628 534
493 2 2 1 11 541 618 540
494 2 2 1 11 510 675 509
495 2 2 1 11 652 672 530
496 2 2 1 11 544 659 545
497 2 2 1 11 559 623 560
498 2 2 1 11 503 680 650
499 2 2 1 11 622 688 616
500 2 2 1 11 448 633 447
501 2 2 1 11 450 656 449
502 2 2 1 11 453 678 658
503 2 2 1 11 455 679 653
504 2 2 1 11 473 671 472
505 2 2 1 11 508 684 507
506 2 2 1 11 522 651 521
507 2 2 1 11 615 689 622
508 2 2 1 11 617 629 31
509 2 2 1 11 509 675 668
510 2 2 1 11 477 676 647
511 2 2 1 11 495 621 494
512 2 2 1 11 650 691 502
513 2 2 1 11 640 689 614
514 2 2 1 11 628 673 534
515 2 2 1 11 617 688 629
516 2 2 1 11 642 686 528
517 2 2 1 11 597 626 598
518 2 2 1 11 579 630 33
519 2 2 1 11 478 676 477
520 2 2 1 11 511 624 510
521 2 2 1 11 514 625 513
522 2 2 1 11 576 643 577
523 2 2 1 11 702 775 634
524 2 2 1 11 648 788 720
525 2 2 1 11 659 774 714
526 2 2 1 11 627 779 717
527 2 2 1 11 699 776 660
528 2 2 1 11 696 772 641
529 2 2 1 11 693 765 643
530 2 2 1 11 694 770 636
531 2 2 1 11 690 724 711
532 2 2 1 11 655 743 712
533 2 2 1 11 629 734 705
534 2 2 1 11 651 742 704
535 2 2 1 11 697 746 640
536 2 2 1 11 692 731 638
537 2 2 1 11 709 751 656
538 2 2 1 11 698 760 662
539 2 2 1 11 496 707 495
540 2 2 1 11 520 702 519
541 2 2 1 11 596 692 597
542 2 2 1 11 457 696 456
543 2 2 1 11 487 697 486
544 2 2 1 11 492 705 491
545 2 2 1 11 497 708 496
546 2 2 1 11 552 695 553
547 2 2 1 11 500 713 499
548 2 2 1 11 452 714 451
549 2 2 1 11 464 717 463
550 2 2 1 11 499 715 498
551 2 2 1 11 609 698 610
552 2 2 1 11 476 716 475
553 2 2 1 11 578 706 579
554 2 2 1 11 580 704 581
555 2 2 1 11 525 699 524
556 2 2 1 11 512 693 511
557 2 2 1 11 554 719 555
558 2 2 1 11 555 700 556
559 2 2 1 11 585 712 586
560 2 2 1 11 611 720 612
561 2 2 1 11 475 703 474
562 2 2 1 11 577 701 578
563 2 2 1 11 558 694 559
564 2 2 1 11 551 718 552
565 2 2 1 11 543 709 544
566 2 2 1 11 560 710 32
567 2 2 1 11 598 711 34
568 2 2 1 11 629 722 31
569 2 2 1 11 32 721 645
570 2 2 1 11 537 785 638
571 2 2 1 11 661 771 461
572 2 2 1 11 659 777 545
573 2 2 1 11 690 766 539
574 2 2 1 11 665 778 602
575 2 2 1 11 462 779 661
576 2 2 1 11 465 769 636
577 2 2 1 11 644 764 467
578 2 2 1 11 450 774 656
579 2 2 1 11 550 789 641
580 2 2 1 11 648 767 485
581 2 2 1 11 627 770 557
582 2 2 1 11 669 772 458
583 2 2 1 11 576 768 643
584 2 2 1 11 625 765 513
585 2 2 1 11 666 780 564
586 2 2 1 11 601 782 665
587 2 2 1 11 514 773 625
588 2 2 1 11 459 784 669
589 2 2 1 11 483 786 662
590 2 2 1 11 655 776 526
591 2 2 1 11 645 783 561
592 2 2 1 11 563 781 666
593 2 2 1 11 651 775 521
594 2 2 1 11 584 787 660
595 2 2 1 11 613 788 640
596 2 2 1 11 471 790 470
597 2 2 1 11 469 792 468
598 2 2 1 11 447 791 446
599 2 2 1 11 726 793 670
600 2 2 1 11 705 722 629
601 2 2 1 11 645 721 707
602 2 2 1 11 711 766 690
603 2 2 1 11 643 768 693
604 2 2 1 11 701 765 625
605 2 2 1 11 713 780 666
606 2 2 1 11 714 777 659
607 2 2 1 11 717 770 627
608 2 2 1 11 718 772 669
609 2 2 1 11 636 769 694
610 2 2 1 11 710 764 644
611 2 2 1 11 720 767 648
612 2 2 1 11 656 774 709
613 2 2 1 11 660 787 699
614 2 2 1 11 665 782 703
615 2 2 1 11 708 783 645
616 2 2 1 11 661 779 700
617 2 2 1 11 716 778 665
618 2 2 1 11 666 781 715
619 2 2 1 11 641 789 696
620 2 2 1 11 625 773 706
621 2 2 1 11 638 785 692
622 2 2 1 11 704 775 651
623 2 2 1 11 712 776 655
624 2 2 1 11 719 771 661
625 2 2 1 11 669 784 695
626 2 2 1 11 640 788 697
627 2 2 1 11 662 786 698
628 2 2 1 11 524 699 657
629 2 2 1 11 643 701 577
630 2 2 1 11 559 694 623
631 2 2 1 11 486 697 648
632 2 2 1 11 556 700 627
633 2 2 1 11 456 696 679
634 2 2 1 11 553 695 635
635 2 2 1 11 623 710 560
636 2 2 1 11 511 693 624
637 2 2 1 11 495 707 621
638 2 2 1 11 660 712 585
639 2 2 1 11 610 698 639
640 2 2 1 11 634 704 580
641 2 2 1 11 663 713 500
642 2 2 1 11 635 719 554
643 2 2 1 11 649 708 497
644 2 2 1 11 597 692 626
645 2 2 1 11 619 705 492
646 2 2 1 11 519 702 620
647 2 2 1 11 641 718 551
648 2 2 1 11 544 709 659
649 2 2 1 11 579 706 630
650 2 2 1 11 647 716 476
651 2 2 1 11 658 714 452
652 2 2 1 11 498 715 649
653 2 2 1 11 474 703 646
654 2 2 1 11 639 720 611
655 2 2 1 11 636 717 464
656 2 2 1 11 626 711 598
657 2 2 1 11 781 783 649
658 2 2 1 11 626 785 766
659 2 2 1 11 639 786 767
660 2 2 1 11 623 769 764
661 2 2 1 11 635 784 771
662 2 2 1 11 679 789 744
663 2 2 1 11 646 782 750
664 2 2 1 11 624 768 729
665 2 2 1 11 757 777 658
666 2 2 1 11 630 773 726
667 2 2 1 11 747 780 663
668 2 2 1 11 657 787 725
669 2 2 1 11 740 778 647
670 2 2 1 11 729 736 675
671 2 2 1 11 727 761 588
672 2 2 1 11 681 763 758
673 2 2 1 11 673 732 637
674 2 2 1 11 566 747 737
675 2 2 1 11 573 753 736
676 2 2 1 11 737 747 691
677 2 2 1 11 594 756 595
678 2 2 1 11 758 763 606
679 2 2 1 11 604 741 605
680 2 2 1 11 683 755 754
681 2 2 1 11 587 727 588
682 2 2 1 11 652 739 672
683 2 2 1 11 689 733 622
684 2 2 1 11 624 729 675
685 2 2 1 11 646 750 671
686 2 2 1 11 682 759 654
687 2 2 1 11 691 747 663
688 2 2 1 11 593 732 723
689 2 2 1 11 595 756 731
690 2 2 1 11 687 762 652
691 2 2 1 11 622 733 730
692 2 2 1 11 642 761 727
693 2 2 1 11 652 762 739
694 2 2 1 11 654 763 681
695 2 2 1 11 684 749 667
696 2 2 1 11 676 741 740
697 2 2 1 11 682 760 759
698 2 2 1 11 685 751 728
699 2 2 1 11 736 753 668
700 2 2 1 11 574 736 729
701 2 2 1 11 582 742 725
702 2 2 1 11 587 743 727
703 2 2 1 11 728 751 542
704 2 2 1 11 548 745 744
705 2 2 1 11 488 746 487
706 2 2 1 11 732 735 637
707 2 2 1 11 662 760 682
708 2 2 1 11 572 753 573
709 2 2 1 11 605 758 606
710 2 2 1 11 685 728 633
711 2 2 1 11 672 761 642
712 2 2 1 11 676 740 647
713 2 2 1 11 667 755 683
714 2 2 1 11 675 736 668
715 2 2 1 11 547 745 548
716 2 2 1 11 637 735 687
717 2 2 1 11 686 743 655
718 2 2 1 11 739 761 672
719 2 2 1 11 516 726 515
720 2 2 1 11 542 751 543
721 2 2 1 11 754 755 570
722 2 2 1 11 581 742 582
723 2 2 1 11 603 740 604
724 2 2 1 11 740 741 604
725 2 2 1 11 739 762 590
726 2 2 1 11 491 734 490
727 2 2 1 11 588 761 589
728 2 2 1 11 630 726 670
729 2 2 1 11 632 741 676
730 2 2 1 11 678 757 658
731 2 2 1 11 664 752 680
732 2 2 1 11 749 755 667
733 2 2 1 11 582 725 583
734 2 2 1 11 593 723 594
735 2 2 1 11 595 731 596
736 2 2 1 11 723 732 673
737 2 2 1 11 730 733 489
738 2 2 1 11 568 752 569
739 2 2 1 11 569 754 570
740 2 2 1 11 573 736 574
741 2 2 1 11 688 734 629
742 2 2 1 11 490 730 489
743 2 2 1 11 490 734 730
744 2 2 1 11 548 744 549
745 2 2 1 11 671 738 631
746 2 2 1 11 674 742 651
747 2 2 1 11 653 745 678
748 2 2 1 11 744 745 653
749 2 2 1 11 671 750 738
750 2 2 1 11 565 747 566
751 2 2 1 11 679 744 653
752 2 2 1 11 31 728 542
753 2 2 1 11 34 738 599
754 2 2 1 11 731 756 677
755 2 2 1 11 546 757 547
756 2 2 1 11 738 750 599
757 2 2 1 11 618 724 690
758 2 2 1 11 650 737 691
759 2 2 1 11 489 733 488
760 2 2 1 11 586 743 587
761 2 2 1 11 591 735 592
762 2 2 1 11 622 730 688
763 2 2 1 11 628 723 673
764 2 2 1 11 680 748 650
765 2 2 1 11 656 751 685
766 2 2 1 11 574 729 575
767 2 2 1 11 683 754 664
768 2 2 1 11 735 762 687
769 2 2 1 11 752 754 569
770 2 2 1 11 589 739 590
771 2 2 1 11 567 748 568
772 2 2 1 11 571 749 572
773 2 2 1 11 590 762 591
774 2 2 1 11 608 760 609
775 2 2 1 11 650 748 737
776 2 2 1 11 664 754 752
777 2 2 1 11 680 752 748
778 2 2 1 11 571 755 749
779 2 2 1 11 592 732 593
780 2 2 1 11 677 756 628
781 2 2 1 11 642 727 686
782 2 2 1 11 668 753 684
783 2 2 1 11 745 757 678
784 2 2 1 11 730 734 688
785 2 2 1 11 566 737 567
786 2 2 1 11 570 755 571
787 2 2 1 11 599 750 600
788 2 2 1 11 657 725 674
789 2 2 1 11 725 742 674
790 2 2 1 11 748 752 568
791 2 2 1 11 592 735 732
792 2 2 1 11 759 760 608
793 2 2 1 11 606 763 607
794 2 2 1 11 607 759 608
795 2 2 1 11 589 761 739
796 2 2 1 11 632 758 741
797 2 2 1 11 689 746 733
798 2 2 1 11 681 758 632
799 2 2 1 11 759 763 654
800 2 2 1 11 591 762 735
801 2 2 1 11 607 763 759
802 2 2 1 11 547 757 745
803 2 2 1 11 638 731 677
804 2 2 1 11 640 746 689
805 2 2 1 11 741 758 605
806 2 2 1 11 733 746 488
807 2 2 1 11 727 743 686
808 2 2 1 11 723 756 594
809 2 2 1 11 737 748 567
810 2 2 1 11 684 753 749
811 2 2 1 11 628 756 723
812 2 2 1 11 749 753 572
813 2 2 1 11 744 789 549
814 2 2 1 11 546 777 757
815 2 2 1 11 725 787 583
816 2 2 1 11 729 768 575
817 2 2 1 11 603 778 740
818 2 2 1 11 726 773 515
819 2 2 1 11 750 782 600
820 2 2 1 11 565 780 747
821 2 2 1 11 467 764 466
822 2 2 1 11 513 765 512
823 2 2 1 11 575 768 576
824 2 2 1 11 485 767 484
825 2 2 1 11 764 769 466
826 2 2 1 11 461 771 460
827 2 2 1 11 458 772 457
828 2 2 1 11 515 773 514
829 2 2 1 11 557 770 558
830 2 2 1 11 767 786 484
831 2 2 1 11 451 774 450
832 2 2 1 11 771 784 460
833 2 2 1 11 521 775 520
834 2 2 1 11 539 766 538
835 2 2 1 11 526 776 525
836 2 2 1 11 562 783 781
837 2 2 1 11 460 784 459
838 2 2 1 11 463 779 462
839 2 2 1 11 466 769 465
840 2 2 1 11 564 780 565
841 2 2 1 11 545 777 546
842 2 2 1 11 602 778 603
843 2 2 1 11 600 782 601
844 2 2 1 11 549 789 550
845 2 2 1 11 561 783 562
846 2 2 1 11 562 781 563
847 2 2 1 11 583 787 584
848 2 2 1 11 484 786 483
849 2 2 1 11 538 785 537
850 2 2 1 11 766 785 538
851 2 2 1 11 612 788 613
852 2 2 1 11 633 791 447
853 2 2 1 11 468 792 644
854 2 2 1 11 631 790 471
855 2 2 1 11 516 793 726
856 2 2 1 11 517 793 516
857 2 2 1 11 707 721 621
858 2 2 1 11 619 722 705
859 2 2 1 11 696 789 679
860 2 2 1 11 694 769 623
861 2 2 1 11 706 773 630
862 2 2 1 11 634 775 704
863 2 2 1 11 647 778 716
864 2 2 1 11 692 785 626
865 2 2 1 11 698 786 639
866 2 2 1 11 649 783 708
867 2 2 1 11 663 780 713
868 2 2 1 11 709 774 659
869 2 2 1 11 693 768 624
870 2 2 1 11 700 779 627
871 2 2 1 11 699 787 657
872 2 2 1 11 626 766 711
873 2 2 1 11 697 788 648
874 2 2 1 11 703 782 646
875 2 2 1 11 715 781 649
876 2 2 1 11 695 784 635
877 2 2 1 11 658 777 714
878 2 2 1 11 643 765 701
879 2 2 1 11 623 764 710
880 2 2 1 11 660 776 712
881 2 2 1 11 639 767 720
882 2 2 1 11 641 772 718
883 2 2 1 11 636 770 717
884 2 2 1 11 635 771 719
885 2 2 1 11 27 794 493
886 2 2 1 11 470 796 29
887 2 2 1 11 29 796 541
888 2 2 1 11 446 794 27
889 2 2 1 11 28 795 469
890 2 2 1 11 494 795 28
891 2 2 1 11 30 797 517
892 2 2 1 11 518 797 30
893 2 2 1 11 792 799 644
894 2 2 1 11 702 798 620
895 2 2 1 11 631 800 790
896 2 2 1 11 633 801 791
897 2 2 1 11 33 798 634
898 2 2 1 11 670 798 33
899 2 2 1 11 710 799 32
900 2 2 1 11 724 800 34
901 2 2 1 11 34 800 738
902 2 2 1 11 722 801 31
903 2 2 1 11 31 801 728
904 2 2 1 11 32 799 721
905 2 2 1 11 791 794 446
906 2 2 1 11 469 795 792
907 2 2 1 11 790 796 470
908 2 2 1 11 620 797 518
909 2 2 1 11 541 796 618
910 2 2 1 11 493 794 619
911 2 2 1 11 621 795 494
912 2 2 1 11 792 795 621
913 2 2 1 11 618 796 790
914 2 2 1 11 619 794 791
915 2 2 1 11 793 797 620
916 2 2 1 11 517 797 793
917 2 2 1 11 634 798 702
918 2 2 1 11 644 799 710
919 2 2 1 11 738 800 631
920 2 2 1 11 728 801 633
921 2 2 101 101 939 1033 1037
922 2 2 101 101 933 831 940
923 2 2 101 101 814 938 947
924 2 2 101 101 990 805 1064
925 2 2 101 101 805 990 1062
926 2 2 101 101 988 1059 1060
927 2 2 101 101 1059 824 1060
928 2 2 101 101 187 188 1013
929 2 2 101 101 996 817 1081
930 2 2 101 101 817 996 1080
931 2 2 101 101 1033 939 1067
932 2 2 101 101 831 933 941
933 2 2 101 101 969 833 1068
934 2 2 101 101 833 969 1066
935 2 2 101 101 813 934 940
936 2 2 101 101 1002 1077 1079
937 2 2 101 101 966 1054 1056
938 2 2 101 101 1077 826 1079
939 2 2 101 101 1054 804 1056
940 2 2 101 101 1033 835 1037
941 2 2 101 101 934 813 939
942 2 2 101 101 832 948 1092
943 2 2 101 101 993 803 1084
944 2 2 101 101 960 1074 1075
945 2 2 101 101 1074 809 1075
946 2 2 101 101 803 993 1083
947 2 2 101 101 1013 188 1096
948 2 2 101 101 985 1048 1050
949 2 2 101 101 1048 815 1050
950 2 2 101 101 948 832 1087
951 2 2 101 101 830 936 948
952 2 2 101 101 918 933 940
953 2 2 101 101 980 1044 1046
954 2 2 101 101 1044 829 1046
955 2 2 101 101 936 830 947
956 2 2 101 101 1011 1070 1071
957 2 2 101 101 1070 819 1071
958 2 2 101 101 934 918 940
959 2 2 101 101 952 822 1088
960 2 2 101 101 974 1041 1043
961 2 2 101 101 822 952 1086
962 2 2 101 101 814 947 1078
963 2 2 101 101 1041 808 1043
964 2 2 101 101 958 1065 1069
965 2 2 101 101 988 987 1057
966 2 2 101 101 833 941 1068
967 2 2 101 101 1065 823 1069
968 2 2 101 101 988 1057 1059
969 2 2 101 101 952 953 1085
970 2 2 101 101 938 814 1023
971 2 2 101 101 952 1085 1086
972 2 2 101 101 945 802 1090
973 2 2 101 101 1005 1036 1039
974 2 2 101 101 802 945 1089
975 2 2 101 101 966 967 1052
976 2 2 101 101 1036 812 1039
977 2 2 101 101 966 1052 1054
978 2 2 101 101 972 1058 1061
979 2 2 101 101 993 992 1082
980 2 2 101 101 941 833 1076
981 2 2 101 101 1058 807 1061
982 2 2 101 101 978 1032 1035
983 2 2 101 101 993 1082 1083
984 2 2 101 101 1032 827 1035
985 2 2 101 101 937 832 1092
986 2 2 101 101 805 969 1064
987 2 2 101 101 832 937 1091
988 2 2 101 101 969 805 1066
989 2 2 101 101 964 1029 1030
990 2 2 101 101 824 990 1060
991 2 2 101 101 974 975 1040
992 2 2 101 101 1029 806 1030
993 2 2 101 101 990 824 1062
994 2 2 101 101 974 1040 1041
995 2 2 101 101 804 987 1056
996 2 2 101 101 948 936 1092
997 2 2 101 101 956 1025 1027
998 2 2 101 101 802 937 1090
999 2 2 101 101 987 804 1057
1000 2 2 101 101 960 961 1072
1001 2 2 101 101 1025 816 1027
1002 2 2 101 101 815 967 1050
1003 2 2 101 101 978 977 1031
1004 2 2 101 101 941 933 1068
1005 2 2 101 101 960 1072 1074
1006 2 2 101 101 983 1042 1045
1007 2 2 101 101 950 1022 1024
1008 2 2 101 101 937 802 1091
1009 2 2 101 101 829 985 1046
1010 2 2 101 101 978 1031 1032
1011 2 2 101 101 822 945 1088
1012 2 2 101 101 967 815 1052
1013 2 2 101 101 964 963 1028
1014 2 2 101 101 1022 828 1024
1015 2 2 101 101 1042 811 1045
1016 2 2 101 101 808 980 1043
1017 2 2 101 101 943 1019 1021
1018 2 2 101 101 985 829 1048
1019 2 2 101 101 812 975 1039
1020 2 2 101 101 964 1028 1029
1021 2 2 101 101 945 822 1089
1022 2 2 101 101 843 938 942
1023 2 2 101 101 839 843 942
1024 2 2 101 101 1061 807 1063
1025 2 2 101 101 836 837 1012
1026 2 2 101 101 944 931 946
1027 2 2 101 101 931 844 946
1028 2 2 101 101 840 838 943
1029 2 2 101 101 844 841 946
1030 2 2 101 101 847 944 946
1031 2 2 101 101 842 847 946
1032 2 2 101 101 916 849 949
1033 2 2 101 101 916 949 950
1034 2 2 101 101 921 936 947
1035 2 2 101 101 849 846 949
1036 2 2 101 101 850 906 951
1037 2 2 101 101 951 906 952
1038 2 2 101 101 848 850 951
1039 2 2 101 101 952 906 953
1040 2 2 101 101 852 854 954
1041 2 2 101 101 906 852 954
1042 2 2 101 101 953 906 954
1043 2 2 101 101 954 854 1010
1044 2 2 101 101 917 853 955
1045 2 2 101 101 917 955 956
1046 2 2 101 101 853 851 955
1047 2 2 101 101 854 856 1010
1048 2 2 101 101 912 857 962
1049 2 2 101 101 912 962 963
1050 2 2 101 101 857 855 962
1051 2 2 101 101 901 926 968
1052 2 2 101 101 959 910 960
1053 2 2 101 101 922 892 970
1054 2 2 101 101 957 913 958
1055 2 2 101 101 870 910 959
1056 2 2 101 101 893 891 986
1057 2 2 101 101 880 913 957
1058 2 2 101 101 965 907 966
1059 2 2 101 101 891 965 986
1060 2 2 101 101 889 907 965
1061 2 2 101 101 903 901 968
1062 2 2 101 101 873 871 981
1063 2 2 101 101 923 879 979
1064 2 2 101 101 971 914 972
1065 2 2 101 101 863 861 976
1066 2 2 101 101 871 919 981
1067 2 2 101 101 879 877 979
1068 2 2 101 101 886 914 971
1069 2 2 101 101 892 894 970
1070 2 2 101 101 887 885 1007
1071 2 2 101 101 976 861 1006
1072 2 2 101 101 923 979 980
1073 2 2 101 101 881 923 984
1074 2 2 101 101 912 963 964
1075 2 2 101 101 960 910 961
1076 2 2 101 101 973 909 974
1077 2 2 101 101 865 911 1003
1078 2 2 101 101 909 873 981
1079 2 2 101 101 872 874 994
1080 2 2 101 101 883 881 984
1081 2 2 101 101 894 920 970
1082 2 2 101 101 927 903 968
1083 2 2 101 101 874 925 994
1084 2 2 101 101 875 909 973
1085 2 2 101 101 905 893 986
1086 2 2 101 101 966 907 967
1087 2 2 101 101 918 903 927
1088 2 2 101 101 975 909 981
1089 2 2 101 101 894 896 920
1090 2 2 101 101 904 903 918
1091 2 2 101 101 880 882 913
1092 2 2 101 101 877 875 973
1093 2 2 101 101 865 863 911
1094 2 2 101 101 870 872 910
1095 2 2 101 101 870 871 872
1096 2 2 101 101 878 877 879
1097 2 2 101 101 898 897 899
1098 2 2 101 101 885 924 1007
1099 2 2 101 101 891 889 965
1100 2 2 101 101 855 917 962
1101 2 2 101 101 866 865 867
1102 2 2 101 101 880 881 882
1103 2 2 101 101 886 888 914
1104 2 2 101 101 927 968 969
1105 2 2 101 101 888 890 997
1106 2 2 101 101 864 863 865
1107 2 2 101 101 890 889 891
1108 2 2 101 101 884 883 885
1109 2 2 101 101 875 873 909
1110 2 2 101 101 874 873 875
1111 2 2 101 101 856 855 857
1112 2 2 101 101 877 973 979
1113 2 2 101 101 892 893 894
1114 2 2 101 101 886 887 888
1115 2 2 101 101 876 875 877
1116 2 2 101 101 856 858 908
1117 2 2 101 101 885 883 924
1118 2 2 101 101 860 862 929
1119 2 2 101 101 911 863 976
1120 2 2 101 101 894 893 895
1121 2 2 101 101 924 883 984
1122 2 2 101 101 908 992 993
1123 2 2 101 101 890 922 997
1124 2 2 101 101 862 863 864
1125 2 2 101 101 859 857 912
1126 2 2 101 101 900 902 915
1127 2 2 101 101 856 857 858
1128 2 2 101 101 868 867 869
1129 2 2 101 101 888 889 890
1130 2 2 101 101 895 893 905
1131 2 2 101 101 884 886 971
1132 2 2 101 101 882 883 884
1133 2 2 101 101 860 861 862
1134 2 2 101 101 868 870 959
1135 2 2 101 101 898 900 982
1136 2 2 101 101 974 909 975
1137 2 2 101 101 894 895 896
1138 2 2 101 101 901 899 926
1139 2 2 101 101 860 859 861
1140 2 2 101 101 872 873 874
1141 2 2 101 101 902 903 904
1142 2 2 101 101 878 880 957
1143 2 2 101 101 900 901 902
1144 2 2 101 101 890 892 922
1145 2 2 101 101 904 934 935
1146 2 2 101 101 982 915 983
1147 2 2 101 101 902 901 903
1148 2 2 101 101 935 934 939
1149 2 2 101 101 892 891 893
1150 2 2 101 101 859 912 1006
1151 2 2 101 101 889 887 907
1152 2 2 101 101 896 897 898
1153 2 2 101 101 900 915 982
1154 2 2 101 101 886 885 887
1155 2 2 101 101 884 885 886
1156 2 2 101 101 900 899 901
1157 2 2 101 101 880 879 881
1158 2 2 101 101 874 875 876
1159 2 2 101 101 862 861 863
1160 2 2 101 101 866 867 868
1161 2 2 101 101 870 869 871
1162 2 2 101 101 924 984 985
1163 2 2 101 101 898 899 900
1164 2 2 101 101 888 887 889
1165 2 2 101 101 858 859 860
1166 2 2 101 101 858 857 859
1167 2 2 101 101 872 871 873
1168 2 2 101 101 890 891 892
1169 2 2 101 101 928 1001 1002
1170 2 2 101 101 868 869 870
1171 2 2 101 101 874 876 925
1172 2 2 101 101 867 865 1003
1173 2 2 101 101 864 865 866
1174 2 2 101 101 858 860 991
1175 2 2 101 101 989 897 1009
1176 2 2 101 101 876 877 878
1177 2 2 101 101 878 879 880
1178 2 2 101 101 882 881 883
1179 2 2 101 101 881 879 923
1180 2 2 101 101 864 928 995
1181 2 2 101 101 908 991 992
1182 2 2 101 101 908 858 991
1183 2 2 101 101 864 866 928
1184 2 2 101 101 911 978 1003
1185 2 2 101 101 904 918 934
1186 2 2 101 101 871 869 919
1187 2 2 101 101 918 927 933
1188 2 2 101 101 896 895 897
1189 2 2 101 101 907 887 1007
1190 2 2 101 101 911 976 977
1191 2 2 101 101 860 929 991
1192 2 2 101 101 869 867 1004
1193 2 2 101 101 911 977 978
1194 2 2 101 101 855 853 917
1195 2 2 101 101 861 859 1006
1196 2 2 101 101 862 864 995
1197 2 2 101 101 928 866 1001
1198 2 2 101 101 910 872 994
1199 2 2 101 101 905 986 987
1200 2 2 101 101 912 964 1006
1201 2 2 101 101 919 1004 1005
1202 2 2 101 101 854 855 856
1203 2 2 101 101 905 987 988
1204 2 2 101 101 904 935 1000
1205 2 2 101 101 919 869 1004
1206 2 2 101 101 929 995 996
1207 2 2 101 101 914 888 997
1208 2 2 101 101 867 1003 1004
1209 2 2 101 101 926 989 990
1210 2 2 101 101 884 971 999
1211 2 2 101 101 929 862 995
1212 2 2 101 101 866 868 1001
1213 2 2 101 101 882 884 999
1214 2 2 101 101 913 882 999
1215 2 2 101 101 967 907 1007
1216 2 2 101 101 898 982 998
1217 2 2 101 101 920 896 998
1218 2 2 101 101 961 910 994
1219 2 2 101 101 868 959 1001
1220 2 2 101 101 915 902 1000
1221 2 2 101 101 902 904 1000
1222 2 2 101 101 896 898 998
1223 2 2 101 101 926 899 989
1224 2 2 101 101 899 897 989
1225 2 2 101 101 854 853 855
1226 2 2 101 101 925 876 1008
1227 2 2 101 101 878 957 1008
1228 2 2 101 101 897 895 1009
1229 2 2 101 101 876 878 1008
1230 2 2 101 101 905 988 1009
1231 2 2 101 101 895 905 1009
1232 2 2 101 101 852 853 854
1233 2 2 101 101 850 852 906
1234 2 2 101 101 851 916 955
1235 2 2 101 101 852 851 853
1236 2 2 101 101 856 908 1010
1237 2 2 101 101 851 849 916
1238 2 2 101 101 850 851 852
1239 2 2 101 101 908 993 1010
1240 2 2 101 101 850 849 851
1241 2 2 101 101 944 932 945
1242 2 2 101 101 932 848 951
1243 2 2 101 101 848 849 850
1244 2 2 101 101 847 932 944
1245 2 2 101 101 930 931 937
1246 2 2 101 101 847 848 932
1247 2 2 101 101 848 846 849
1248 2 2 101 101 930 844 931
1249 2 2 101 101 847 846 848
1250 2 2 101 101 938 921 947
1251 2 2 101 101 921 930 936
1252 2 2 101 101 921 844 930
1253 2 2 101 101 846 845 949
1254 2 2 101 101 842 846 847
1255 2 2 101 101 843 921 938
1256 2 2 101 101 845 840 943
1257 2 2 101 101 843 844 921
1258 2 2 101 101 842 845 846
1259 2 2 101 101 842 840 845
1260 2 2 101 101 843 841 844
1261 2 2 101 101 841 842 946
1262 2 2 101 101 841 840 842
1263 2 2 101 101 839 841 843
1264 2 2 101 101 839 840 841
1265 2 2 101 101 839 838 840
1266 2 2 101 101 837 839 942
1267 2 2 101 101 925 1008 1011
1268 2 2 101 101 837 838 839
1269 2 2 101 101 827 1005 1035
1270 2 2 101 101 1019 810 1021
1271 2 2 101 101 980 808 1044
1272 2 2 101 101 837 820 838
1273 2 2 101 101 837 942 1012
1274 2 2 101 101 940 831 1094
1275 2 2 101 101 806 977 1030
1276 2 2 101 101 810 950 1021
1277 2 2 101 101 834 836 1012
1278 2 2 101 101 828 956 1024
1279 2 2 101 101 816 963 1027
1280 2 2 101 101 943 838 1015
1281 2 2 101 101 803 953 1084
1282 2 2 101 101 269 270 1015
1283 2 2 101 101 267 268 836
1284 2 2 101 101 410 411 1014
1285 2 2 101 101 417 418 1016
1286 2 2 101 101 271 272 810
1287 2 2 101 101 278 279 806
1288 2 2 101 101 275 276 816
1289 2 2 101 101 273 274 828
1290 2 2 101 101 293 294 804
1291 2 2 101 101 298 299 805
1292 2 2 101 101 268 269 820
1293 2 2 101 101 281 282 827
1294 2 2 101 101 283 284 812
1295 2 2 101 101 288 289 829
1296 2 2 101 101 296 297 824
1297 2 2 101 101 286 287 808
1298 2 2 101 101 290 291 815
1299 2 2 101 101 421 422 807
1300 2 2 101 101 266 267 834
1301 2 2 101 101 300 301 833
1302 2 2 101 101 418 419 818
1303 2 2 101 101 414 415 811
1304 2 2 101 101 436 437 803
1305 2 2 101 101 441 442 802
1306 2 2 101 101 416 417 825
1307 2 2 101 101 429 430 809
1308 2 2 101 101 433 434 817
1309 2 2 101 101 409 410 835
1310 2 2 101 101 411 412 821
1311 2 2 101 101 424 425 823
1312 2 2 101 101 426 427 819
1313 2 2 101 101 431 432 826
1314 2 2 101 101 439 440 822
1315 2 2 101 101 443 444 832
1316 2 2 101 101 415 416 1017
1317 2 2 101 101 422 423 1018
1318 2 2 101 101 807 1018 1063
1319 2 2 101 101 845 943 1021
1320 2 2 101 101 950 949 1021
1321 2 2 101 101 975 812 1040
1322 2 2 101 101 836 820 837
1323 2 2 101 101 1013 1012 1023
1324 2 2 101 101 942 938 1023
1325 2 2 101 101 1005 827 1036
1326 2 2 101 101 270 271 1019
1327 2 2 101 101 834 1012 1013
1328 2 2 101 101 916 950 1024
1329 2 2 101 101 956 955 1024
1330 2 2 101 101 834 267 836
1331 2 2 101 101 268 820 836
1332 2 2 101 101 820 269 1015
1333 2 2 101 101 835 410 1014
1334 2 2 101 101 411 821 1014
1335 2 2 101 101 825 417 1016
1336 2 2 101 101 418 818 1016
1337 2 2 101 101 811 415 1017
1338 2 2 101 101 416 825 1017
1339 2 2 101 101 807 422 1018
1340 2 2 101 101 838 820 1015
1341 2 2 101 101 943 1015 1019
1342 2 2 101 101 818 1053 1055
1343 2 2 101 101 977 806 1031
1344 2 2 101 101 953 803 1085
1345 2 2 101 101 1051 1016 1055
1346 2 2 101 101 1015 270 1019
1347 2 2 101 101 271 810 1019
1348 2 2 101 101 950 810 1022
1349 2 2 101 101 419 420 1020
1350 2 2 101 101 949 845 1021
1351 2 2 101 101 963 816 1028
1352 2 2 101 101 956 828 1025
1353 2 2 101 101 917 956 1027
1354 2 2 101 101 963 962 1027
1355 2 2 101 101 818 419 1020
1356 2 2 101 101 1049 825 1051
1357 2 2 101 101 817 992 1081
1358 2 2 101 101 810 272 1022
1359 2 2 101 101 273 828 1022
1360 2 2 101 101 818 1020 1053
1361 2 2 101 101 272 273 1022
1362 2 2 101 101 1047 1017 1049
1363 2 2 101 101 977 976 1030
1364 2 2 101 101 1006 964 1030
1365 2 2 101 101 1016 818 1055
1366 2 2 101 101 828 274 1025
1367 2 2 101 101 275 816 1025
1368 2 2 101 101 1045 811 1047
1369 2 2 101 101 1012 942 1023
1370 2 2 101 101 955 916 1024
1371 2 2 101 101 821 412 1026
1372 2 2 101 101 825 1016 1051
1373 2 2 101 101 983 915 1034
1374 2 2 101 101 1003 978 1035
1375 2 2 101 101 1005 1004 1035
1376 2 2 101 101 826 996 1079
1377 2 2 101 101 816 276 1028
1378 2 2 101 101 992 817 1082
1379 2 2 101 101 1017 825 1049
1380 2 2 101 101 975 981 1039
1381 2 2 101 101 919 1005 1039
1382 2 2 101 101 278 806 1029
1383 2 2 101 101 274 275 1025
1384 2 2 101 101 86 87 813
1385 2 2 101 101 185 186 814
1386 2 2 101 101 84 85 831
1387 2 2 101 101 183 184 830
1388 2 2 101 101 811 1017 1047
1389 2 2 101 101 412 413 1026
1390 2 2 101 101 806 279 1031
1391 2 2 101 101 962 917 1027
1392 2 2 101 101 1037 1014 1038
1393 2 2 101 101 809 1002 1075
1394 2 2 101 101 973 974 1043
1395 2 2 101 101 980 979 1043
1396 2 2 101 101 982 983 1045
1397 2 2 101 101 281 827 1032
1398 2 2 101 101 985 984 1046
1399 2 2 101 101 923 980 1046
1400 2 2 101 101 996 826 1080
1401 2 2 101 101 283 812 1036
1402 2 2 101 101 827 282 1036
1403 2 2 101 101 821 1034 1038
1404 2 2 101 101 967 1007 1050
1405 2 2 101 101 924 985 1050
1406 2 2 101 101 939 813 1067
1407 2 2 101 101 276 277 1028
1408 2 2 101 101 972 914 1053
1409 2 2 101 101 821 1026 1034
1410 2 2 101 101 812 284 1040
1411 2 2 101 101 987 986 1056
1412 2 2 101 101 965 966 1056
1413 2 2 101 101 1014 821 1038
1414 2 2 101 101 819 961 1071
1415 2 2 101 101 277 278 1029
1416 2 2 101 101 286 808 1041
1417 2 2 101 101 414 811 1042
1418 2 2 101 101 1002 809 1077
1419 2 2 101 101 990 989 1060
1420 2 2 101 101 1009 988 1060
1421 2 2 101 101 971 972 1061
1422 2 2 101 101 835 1014 1037
1423 2 2 101 101 958 913 1063
1424 2 2 101 101 808 287 1044
1425 2 2 101 101 288 829 1044
1426 2 2 101 101 969 968 1064
1427 2 2 101 101 926 990 1064
1428 2 2 101 101 976 1006 1030
1429 2 2 101 101 1026 983 1034
1430 2 2 101 101 1028 277 1029
1431 2 2 101 101 927 969 1068
1432 2 2 101 101 957 958 1069
1433 2 2 101 101 1011 1008 1069
1434 2 2 101 101 823 1011 1069
1435 2 2 101 101 188 15 1096
1436 2 2 101 101 290 815 1048
1437 2 2 101 101 829 289 1048
1438 2 2 101 101 15 266 1096
1439 2 2 101 101 961 994 1071
1440 2 2 101 101 925 1011 1071
1441 2 2 101 101 815 291 1052
1442 2 2 101 101 279 280 1031
1443 2 2 101 101 293 804 1054
1444 2 2 101 101 1020 972 1053
1445 2 2 101 101 1018 958 1063
1446 2 2 101 101 959 960 1075
1447 2 2 101 101 1002 1001 1075
1448 2 2 101 101 804 294 1057
1449 2 2 101 101 961 819 1072
1450 2 2 101 101 928 1002 1079
1451 2 2 101 101 996 995 1079
1452 2 2 101 101 421 807 1058
1453 2 2 101 101 296 824 1059
1454 2 2 101 101 280 281 1032
1455 2 2 101 101 929 996 1081
1456 2 2 101 101 992 991 1081
1457 2 2 101 101 824 297 1062
1458 2 2 101 101 298 805 1062
1459 2 2 101 101 915 1000 1034
1460 2 2 101 101 953 954 1084
1461 2 2 101 101 1010 993 1084
1462 2 2 101 101 831 941 1073
1463 2 2 101 101 1004 1003 1035
1464 2 2 101 101 424 823 1065
1465 2 2 101 101 1018 423 1065
1466 2 2 101 101 300 833 1066
1467 2 2 101 101 805 299 1066
1468 2 2 101 101 951 952 1088
1469 2 2 101 101 945 932 1088
1470 2 2 101 101 1026 413 1042
1471 2 2 101 101 1011 823 1070
1472 2 2 101 101 1031 280 1032
1473 2 2 101 101 937 931 1090
1474 2 2 101 101 944 945 1090
1475 2 2 101 101 823 425 1070
1476 2 2 101 101 426 819 1070
1477 2 2 101 101 1020 420 1058
1478 2 2 101 101 930 937 1092
1479 2 2 101 101 947 830 1078
1480 2 2 101 101 935 939 1037
1481 2 2 101 101 1034 1000 1038
1482 2 2 101 101 819 427 1072
1483 2 2 101 101 282 283 1036
1484 2 2 101 101 935 1037 1038
1485 2 2 101 101 429 809 1074
1486 2 2 101 101 958 1018 1065
1487 2 2 101 101 833 301 1076
1488 2 2 101 101 809 430 1077
1489 2 2 101 101 431 826 1077
1490 2 2 101 101 1000 935 1038
1491 2 2 101 101 981 919 1039
1492 2 2 101 101 983 1026 1042
1493 2 2 101 101 433 817 1080
1494 2 2 101 101 826 432 1080
1495 2 2 101 101 972 1020 1058
1496 2 2 101 101 817 434 1082
1497 2 2 101 101 88 89 1033
1498 2 2 101 101 436 803 1083
1499 2 2 101 101 803 437 1085
1500 2 2 101 101 439 822 1086
1501 2 2 101 101 284 285 1040
1502 2 2 101 101 813 940 1094
1503 2 2 101 101 832 444 1087
1504 2 2 101 101 822 440 1089
1505 2 2 101 101 441 802 1089
1506 2 2 101 101 802 442 1091
1507 2 2 101 101 443 832 1091
1508 2 2 101 101 285 286 1041
1509 2 2 101 101 1073 941 1076
1510 2 2 101 101 413 414 1042
1511 2 2 101 101 979 973 1043
1512 2 2 101 101 998 982 1045
1513 2 2 101 101 1040 285 1041
1514 2 2 101 101 998 1045 1047
1515 2 2 101 101 287 288 1044
1516 2 2 101 101 984 923 1046
1517 2 2 101 101 920 998 1047
1518 2 2 101 101 830 948 1095
1519 2 2 101 101 920 1047 1049
1520 2 2 101 101 970 920 1049
1521 2 2 101 101 289 290 1048
1522 2 2 101 101 834 1013 1096
1523 2 2 101 101 970 1049 1051
1524 2 2 101 101 1007 924 1050
1525 2 2 101 101 922 970 1051
1526 2 2 101 101 922 1051 1055
1527 2 2 101 101 445 16 1097
1528 2 2 101 101 1073 1076 1099
1529 2 2 101 101 3 409 1098
1530 2 2 101 101 291 292 1052
1531 2 2 101 101 914 997 1053
1532 2 2 101 101 1053 997 1055
1533 2 2 101 101 997 922 1055
1534 2 2 101 101 302 4 1099
1535 2 2 101 101 292 293 1054
1536 2 2 101 101 986 965 1056
1537 2 2 101 101 16 182 1097
1538 2 2 101 101 89 3 1098
1539 2 2 101 101 1052 292 1054
1540 2 2 101 101 294 295 1057
1541 2 2 101 101 4 83 1099
1542 2 2 101 101 813 87 1067
1543 2 2 101 101 420 421 1058
1544 2 2 101 101 295 296 1059
1545 2 2 101 101 989 1009 1060
1546 2 2 101 101 999 971 1061
1547 2 2 101 101 187 1013 1093
1548 2 2 101 101 999 1061 1063
1549 2 2 101 101 84 831 1073
1550 2 2 101 101 913 999 1063
1551 2 2 101 101 1057 295 1059
1552 2 2 101 101 968 926 1064
1553 2 2 101 101 297 298 1062
1554 2 2 101 101 186 187 1093
1555 2 2 101 101 185 814 1078
1556 2 2 101 101 830 184 1078
1557 2 2 101 101 933 927 1068
1558 2 2 101 101 423 424 1065
1559 2 2 101 101 299 300 1066
1560 2 2 101 101 1008 957 1069
1561 2 2 101 101 86 813 1094
1562 2 2 101 101 831 85 1094
1563 2 2 101 101 425 426 1070
1564 2 2 101 101 994 925 1071
1565 2 2 101 101 183 830 1095
1566 2 2 101 101 88 1033 1067
1567 2 2 101 101 948 1087 1097
1568 2 2 101 101 427 428 1072
1569 2 2 101 101 87 88 1067
1570 2 2 101 101 1001 959 1075
1571 2 2 101 101 428 429 1074
1572 2 2 101 101 1072 428 1074
1573 2 2 101 101 995 928 1079
1574 2 2 101 101 301 302 1076
1575 2 2 101 101 430 431 1077
1576 2 2 101 101 991 929 1081
1577 2 2 101 101 432 433 1080
1578 2 2 101 101 83 84 1073
1579 2 2 101 101 1095 948 1097
1580 2 2 101 101 434 435 1082
1581 2 2 101 101 954 1010 1084
1582 2 2 101 101 435 436 1083
1583 2 2 101 101 184 185 1078
1584 2 2 101 101 437 438 1085
1585 2 2 101 101 932 951 1088
1586 2 2 101 101 1082 435 1083
1587 2 2 101 101 438 439 1086
1588 2 2 101 101 444 445 1087
1589 2 2 101 101 931 944 1090
1590 2 2 101 101 440 441 1089
1591 2 2 101 101 936 930 1092
1592 2 2 101 101 1085 438 1086
1593 2 2 101 101 1013 1023 1093
1594 2 2 101 101 442 443 1091
1595 2 2 101 101 814 186 1093
1596 2 2 101 101 1023 814 1093
1597 2 2 101 101 85 86 1094
1598 2 2 101 101 182 183 1095
1599 2 2 101 101 409 835 1098
1600 2 2 101 101 266 834 1096
1601 2 2 101 101 835 1033 1098
1602 2 2 101 101 1033 89 1098
1603 2 2 101 101 1076 302 1099
1604 2 2 101 101 1087 445 1097
1605 2 2 101 101 83 1073 1099
1606 2 2 101 101 182 1095 1097
1607 2 2 6 102 1774 2481 2445
1608 2 2 6 102 1824 1986 1985
1609 2 2 6 102 2179 2396 2019
1610 2 2 6 102 241 2021 240
1611 2 2 6 102 1808 2247 1667
1612 2 2 6 102 2313 2478 1142
1613 2 2 6 102 1176 2500 2335
1614 2 2 6 102 1131 2387 2241
1615 2 2 6 102 1876 2498 1609
1616 2 2 6 102 1677 1808 1667
1617 2 2 6 102 1577 1578 1547
1618 2 2 6 102 1578 1694 1684
1619 2 2 6 102 1525 2215 1527
1620 2 2 6 102 1841 2195 1439
1621 2 2 6 102 230 1936 1132
1622 2 2 6 102 2274 2280 2275
1623 2 2 6 102 1396 2214 1794
1624 2 2 6 102 2274 2480 2289
1625 2 2 6 102 264 1885 263
1626 2 2 6 102 2275 2280 2261
1627 2 2 6 102 1876 2394 2340
1628 2 2 6 102 1874 1876 1609
1629 2 2 6 102 1794 2446 1396
1630 2 2 6 102 1119 2219 1872
1631 2 2 6 102 1249 1880 1251
1632 2 2 6 102 1168 2068 1845
1633 2 2 6 102 1533 2450 2215
1634 2 2 6 102 2272 2288 2273
1635 2 2 6 102 1688 2537 1500
1636 2 2 6 102 1549 1796 1545
1637 2 2 6 102 2207 2400 1692
1638 2 2 6 102 1985 1987 1824
1639 2 2 6 102 1501 2300 1503
1640 2 2 6 102 2271 2288 2272
1641 2 2 6 102 1878 1910 1306
1642 2 2 6 102 1766 2444 1210
1643 2 2 6 102 2227 2396 2179
1644 2 2 6 102 1536 1568 1534
1645 2 2 6 102 1850 2364 2355
1646 2 2 6 102 1679 1683 1202
1647 2 2 6 102 2320 2368 2347
1648 2 2 6 102 1886 1887 1883
1649 2 2 6 102 1163 2045 2043
1650 2 2 6 102 1786 2470 2284
1651 2 2 6 102 1593 2272 1768
1652 2 2 6 102 1787 2283 2257
1653 2 2 6 102 1103 2295 2283
1654 2 2 6 102 1694 1825 1684
1655 2 2 6 102 1119 2341 2219
1656 2 2 6 102 1503 2300 2218
1657 2 2 6 102 2207 2426 2400
1658 2 2 6 102 1767 2416 1522
1659 2 2 6 102 1770 2449 1526
1660 2 2 6 102 1872 2218 1119
1661 2 2 6 102 2245 2356 1179
1662 2 2 6 102 1110 1980 1977
1663 2 2 6 102 1785 2297 1516
1664 2 2 6 102 1129 2457 2143
1665 2 2 6 102 1977 1978 1110
1666 2 2 6 102 1817 1818 1394
1667 2 2 6 102 1705 2290 1200
1668 2 2 6 102 2274 2289 2280
1669 2 2 6 102 191 1909 190
1670 2 2 6 102 231 1936 230
1671 2 2 6 102 1764 2327 2212
1672 2 2 6 102 1816 2171 1645
1673 2 2 6 102 2171 2196 1645
1674 2 2 6 102 1581 2571 1685
1675 2 2 6 102 1679 1831 1683
1676 2 2 6 102 1577 2552 1578
1677 2 2 6 102 1570 1789 1779
1678 2 2 6 102 1549 1864 1796
1679 2 2 6 102 2043 2046 1163
1680 2 2 6 102 1779 2467 1570
1681 2 2 6 102 2246 2360 2336
1682 2 2 6 102 1169 2183 2001
1683 2 2 6 102 1306 2224 1878
1684 2 2 6 102 2143 2217 1129
1685 2 2 6 102 2113 2114 1499
1686 2 2 6 102 1885 1886 1883
1687 2 2 6 102 1834 1835 1183
1688 2 2 6 102 1609 2498 1772
1689 2 2 6 102 1511 2238 1820
1690 2 2 6 102 1782 1807 1677
1691 2 2 6 102 1254 1987 1258
1692 2 2 6 102 8 2238 123
1693 2 2 6 102 1136 2024 1898
1694 2 2 6 102 2035 2036 1160
1695 2 2 6 102 1793 2180 1171
1696 2 2 6 102 1209 2224 1211
1697 2 2 6 102 1781 1782 1677
1698 2 2 6 102 2217 2407 1129
1699 2 2 6 102 1568 2569 1534
1700 2 2 6 102 1806 2407 2217
1701 2 2 6 102 2431 2569 1681
1702 2 2 6 102 2296 2475 1432
1703 2 2 6 102 1500 2547 1210
1704 2 2 6 102 241 2458 2021
1705 2 2 6 102 1153 1883 1882
1706 2 2 6 102 1153 1885 1883
1707 2 2 6 102 1813 2244 2111
1708 2 2 6 102 1875 2394 1876
1709 2 2 6 102 1204 1679 1202
1710 2 2 6 102 1184 2079 2044
1711 2 2 6 102 2086 2221 1598
1712 2 2 6 102 1208 1609 1206
1713 2 2 6 102 164 2316 163
1714 2 2 6 102 1520 1608 1518
1715 2 2 6 102 1212 1500 1210
1716 2 2 6 102 1210 2547 1766
1717 2 2 6 102 1524 1593 1522
1718 2 2 6 102 1601 2571 1581
1719 2 2 6 102 1666 2315 1601
1720 2 2 6 102 2412 2417 1272
1721 2 2 6 102 2246 2336 2247
1722 2 2 6 102 1528 1571 1526
1723 2 2 6 102 1198 1783 1196
1724 2 2 6 102 1842 2417 2412
1725 2 2 6 102 1857 2429 1858
1726 2 2 6 102 2311 2425 2310
1727 2 2 6 102 1516 2297 1513
1728 2 2 6 102 1579 2552 1577
1729 2 2 6 102 1171 2382 1793
1730 2 2 6 102 2347 2348 2320
1731 2 2 6 102 1906 2577 1216
1732 2 2 6 102 1847 2195 1841
1733 2 2 6 102 1578 2351 1694
1734 2 2 6 102 1536 1849 1568
1735 2 2 6 102 1593 2560 1522
1736 2 2 6 102 1571 2561 1526
1737 2 2 6 102 161 2312 13
1738 2 2 6 102 257 1980 256
1739 2 2 6 102 1597 1863 1795
1740 2 2 6 102 1115 2464 2346
1741 2 2 6 102 1525 2494 2215
1742 2 2 6 102 1188 1885 264
1743 2 2 6 102 263 1885 1153
1744 2 2 6 102 1602 1666 1601
1745 2 2 6 102 1191 1850 1185
1746 2 2 6 102 2335 2500 2336
1747 2 2 6 102 240 2021 1152
1748 2 2 6 102 1783 2474 1196
1749 2 2 6 102 1582 1601 1581
1750 2 2 6 102 1394 1903 1817
1751 2 2 6 102 1394 1880 1249
1752 2 2 6 102 1251 1880 1255
1753 2 2 6 102 1609 2570 1206
1754 2 2 6 102 255 1979 254
1755 2 2 6 102 1132 1936 1935
1756 2 2 6 102 1899 2068 1168
1757 2 2 6 102 1499 2208 2113
1758 2 2 6 102 1179 2246 2245
1759 2 2 6 102 2111 2244 1105
1760 2 2 6 102 2241 2251 1131
1761 2 2 6 102 2028 2411 1682
1762 2 2 6 102 1142 2314 2313
1763 2 2 6 102 2188 2440 1863
1764 2 2 6 102 1578 1684 1547
1765 2 2 6 102 1623 2322 1579
1766 2 2 6 102 1608 2581 1518
1767 2 2 6 102 1850 2355 1185
1768 2 2 6 102 1828 2430 2264
1769 2 2 6 102 2283 2295 1786
1770 2 2 6 102 1679 2554 2211
1771 2 2 6 102 1873 1875 1874
1772 2 2 6 102 1581 2536 1580
1773 2 2 6 102 1526 2561 1770
1774 2 2 6 102 1838 2501 1542
1775 2 2 6 102 1522 2560 1767
1776 2 2 6 102 2247 2336 2248
1777 2 2 6 102 1186 1856 1192
1778 2 2 6 102 1598 2221 1866
1779 2 2 6 102 2379 2425 2311
1780 2 2 6 102 1854 1855 1158
1781 2 2 6 102 1857 1858 1147
1782 2 2 6 102 1186 2357 1856
1783 2 2 6 102 2445 2481 1681
1784 2 2 6 102 1180 2354 2291
1785 2 2 6 102 1601 2315 1763
1786 2 2 6 102 2019 2427 2179
1787 2 2 6 102 1210 2444 1208
1788 2 2 6 102 1108 2440 2188
1789 2 2 6 102 1669 1677 1667
1790 2 2 6 102 1439 2419 1841
1791 2 2 6 102 1694 2415 1809
1792 2 2 6 102 1196 1802 1194
1793 2 2 6 102 2406 2489 2269
1794 2 2 6 102 1108 2203 1799
1795 2 2 6 102 2036 2037 1160
1796 2 2 6 102 2197 2537 2207
1797 2 2 6 102 1604 1879 1605
1798 2 2 6 102 1844 2130 1109
1799 2 2 6 102 1526 2449 1524
1800 2 2 6 102 1576 1577 1547
1801 2 2 6 102 1522 2416 1520
1802 2 2 6 102 1206 2570 1764
1803 2 2 6 102 1164 1909 191
1804 2 2 6 102 190 1909 1190
1805 2 2 6 102 1200 2290 1198
1806 2 2 6 102 1845 2477 1168
1807 2 2 6 102 1244 1903 1247
1808 2 2 6 102 1818 1880 1394
1809 2 2 6 102 1799 2440 1108
1810 2 2 6 102 1542 1839 1838
1811 2 2 6 102 1803 2192 1112
1812 2 2 6 102 2215 2494 1533
1813 2 2 6 102 1795 2471 1597
1814 2 2 6 102 1255 1987 1254
1815 2 2 6 102 1258 1987 1985
1816 2 2 6 102 2001 2526 1169
1817 2 2 6 102 1759 1920 1911
1818 2 2 6 102 1815 2182 1165
1819 2 2 6 102 1170 1868 1867
1820 2 2 6 102 1580 2536 1579
1821 2 2 6 102 1798 2452 1765
1822 2 2 6 102 1879 1976 1605
1823 2 2 6 102 1765 2461 1798
1824 2 2 6 102 1833 1909 1164
1825 2 2 6 102 1854 1856 1855
1826 2 2 6 102 1534 2569 1680
1827 2 2 6 102 1851 1903 1245
1828 2 2 6 102 1929 2428 1840
1829 2 2 6 102 1781 2545 1782
1830 2 2 6 102 1112 2405 1803
1831 2 2 6 102 2199 2424 1175
1832 2 2 6 102 1545 1796 1570
1833 2 2 6 102 2218 2373 1119
1834 2 2 6 102 2523 2580 1102
1835 2 2 6 102 1289 2417 1837
1836 2 2 6 102 1825 1849 1684
1837 2 2 6 102 1836 1879 1656
1838 2 2 6 102 1764 2212 2211
1839 2 2 6 102 1570 1790 1789
1840 2 2 6 102 1212 1688 1500
1841 2 2 6 102 1165 2404 1815
1842 2 2 6 102 2317 2479 1114
1843 2 2 6 102 1527 2215 1542
1844 2 2 6 102 1835 2190 1183
1845 2 2 6 102 1876 2340 2339
1846 2 2 6 102 1164 1908 1833
1847 2 2 6 102 1518 2581 1784
1848 2 2 6 102 1532 1534 1530
1849 2 2 6 102 1667 2247 1666
1850 2 2 6 102 1772 2325 2324
1851 2 2 6 102 1866 1915 1598
1852 2 2 6 102 1898 2540 1136
1853 2 2 6 102 1873 2509 1875
1854 2 2 6 102 1979 1981 254
1855 2 2 6 102 2016 2018 1152
1856 2 2 6 102 1834 1909 1833
1857 2 2 6 102 1871 2547 1870
1858 2 2 6 102 1162 1980 257
1859 2 2 6 102 256 1980 1110
1860 2 2 6 102 1571 2559 1830
1861 2 2 6 102 2312 2478 2313
1862 2 2 6 102 1546 1547 1538
1863 2 2 6 102 1656 1879 1604
1864 2 2 6 102 1840 2419 1929
1865 2 2 6 102 1820 2239 1511
1866 2 2 6 102 1183 2511 1834
1867 2 2 6 102 200 1857 1147
1868 2 2 6 102 1151 1901 69
1869 2 2 6 102 202 1861 1150
1870 2 2 6 102 204 1854 1158
1871 2 2 6 102 2248 2500 2309
1872 2 2 6 102 2197 2207 1510
1873 2 2 6 102 1656 1915 1836
1874 2 2 6 102 1603 2552 2322
1875 2 2 6 102 1682 2392 2028
1876 2 2 6 102 1881 2469 2359
1877 2 2 6 102 2239 2240 1100
1878 2 2 6 102 1682 2411 1919
1879 2 2 6 102 2044 2473 1184
1880 2 2 6 102 1214 1688 1212
1881 2 2 6 102 1987 2575 1823
1882 2 2 6 102 1785 2533 2253
1883 2 2 6 102 1179 2360 2246
1884 2 2 6 102 2264 2266 1828
1885 2 2 6 102 2230 2393 1938
1886 2 2 6 102 2183 2205 2001
1887 2 2 6 102 2380 2580 2523
1888 2 2 6 102 1113 1894 1893
1889 2 2 6 102 1110 1979 255
1890 2 2 6 102 1547 2521 1538
1891 2 2 6 102 1768 2560 1593
1892 2 2 6 102 1281 2392 1852
1893 2 2 6 102 1194 1850 1193
1894 2 2 6 102 2040 2046 2043
1895 2 2 6 102 1758 2046 2040
1896 2 2 6 102 1184 2209 2079
1897 2 2 6 102 2363 2565 2370
1898 2 2 6 102 1136 2200 2024
1899 2 2 6 102 1534 2557 1530
1900 2 2 6 102 1574 2294 2293
1901 2 2 6 102 76 2434 2144
1902 2 2 6 102 1832 2229 1831
1903 2 2 6 102 2144 2457 76
1904 2 2 6 102 2215 2450 1846
1905 2 2 6 102 2212 2344 1832
1906 2 2 6 102 1806 2435 2407
1907 2 2 6 102 1861 1862 1150
1908 2 2 6 102 1605 1976 1904
1909 2 2 6 102 1881 2359 2302
1910 2 2 6 102 1846 1848 1847
1911 2 2 6 102 1853 2435 1806
1912 2 2 6 102 1770 2489 2406
1913 2 2 6 102 1763 2308 2307
1914 2 2 6 102 2353 2367 2318
1915 2 2 6 102 2491 2514 1315
1916 2 2 6 102 2273 2480 2274
1917 2 2 6 102 1862 2447 1781
1918 2 2 6 102 1860 2296 1859
1919 2 2 6 102 1873 1874 1766
1920 2 2 6 102 1561 1864 1551
1921 2 2 6 102 1551 1864 1549
1922 2 2 6 102 1152 2021 2016
1923 2 2 6 102 1991 2514 2491
1924 2 2 6 102 2280 2519 2261
1925 2 2 6 102 2327 2570 1772
1926 2 2 6 102 1218 1906 1216
1927 2 2 6 102 1837 2428 1289
1928 2 2 6 102 1247 1903 1394
1929 2 2 6 102 1245 1903 1244
1930 2 2 6 102 2273 2274 1768
1931 2 2 6 102 2177 2191 2052
1932 2 2 6 102 1255 2575 1987
1933 2 2 6 102 1824 1987 1823
1934 2 2 6 102 1861 2447 1862
1935 2 2 6 102 1911 1920 1600
1936 2 2 6 102 1669 1781 1677
1937 2 2 6 102 1759 1911 1804
1938 2 2 6 102 1380 1891 1890
1939 2 2 6 102 1867 1869 1170
1940 2 2 6 102 1535 1536 1534
1941 2 2 6 102 1160 2544 2035
1942 2 2 6 102 1593 2448 2272
1943 2 2 6 102 2186 2187 1801
1944 2 2 6 102 123 2238 1511
1945 2 2 6 102 2172 2213 1616
1946 2 2 6 102 1851 2221 2086
1947 2 2 6 102 2253 2533 1784
1948 2 2 6 102 1605 1904 1639
1949 2 2 6 102 1673 2446 1968
1950 2 2 6 102 1672 2463 1887
1951 2 2 6 102 1836 1915 1866
1952 2 2 6 102 2143 2457 2144
1953 2 2 6 102 2350 2502 1733
1954 2 2 6 102 1860 2475 2296
1955 2 2 6 102 1503 2218 1671
1956 2 2 6 102 1140 2301 2249
1957 2 2 6 102 1333 1913 1331
1958 2 2 6 102 1887 2438 1672
1959 2 2 6 102 1679 1832 1831
1960 2 2 6 102 1608 2470 1786
1961 2 2 6 102 2022 2458 1137
1962 2 2 6 102 1144 2508 2365
1963 2 2 6 102 1875 1876 1874
1964 2 2 6 102 1680 2569 2431
1965 2 2 6 102 1329 1892 1327
1966 2 2 6 102 2237 2421 1111
1967 2 2 6 102 1211 2224 1306
1968 2 2 6 102 1730 2214 1396
1969 2 2 6 102 1577 1580 1579
1970 2 2 6 102 1888 2195 1847
1971 2 2 6 102 1151 2423 1901
1972 2 2 6 102 1846 2450 1848
1973 2 2 6 102 1915 2118 1463
1974 2 2 6 102 2229 2358 1121
1975 2 2 6 102 1192 2331 1186
1976 2 2 6 102 1185 2333 1191
1977 2 2 6 102 1816 2518 1292
1978 2 2 6 102 1163 2507 2045
1979 2 2 6 102 1290 1906 1218
1980 2 2 6 102 1292 2530 1816
1981 2 2 6 102 1821 2239 1820
1982 2 2 6 102 1904 1922 1639
1983 2 2 6 102 2211 2212 1832
1984 2 2 6 102 1809 1825 1694
1985 2 2 6 102 1109 2243 1844
1986 2 2 6 102 1817 1903 1851
1987 2 2 6 102 163 2316 1142
1988 2 2 6 102 1882 2233 1153
1989 2 2 6 102 1170 2242 1868
1990 2 2 6 102 1820 2238 1505
1991 2 2 6 102 2283 2284 2257
1992 2 2 6 102 1245 2221 1851
1993 2 2 6 102 1114 2318 2317
1994 2 2 6 102 1673 1968 1775
1995 2 2 6 102 1579 2536 1623
1996 2 2 6 102 1935 1937 1132
1997 2 2 6 102 1834 2511 1909
1998 2 2 6 102 1685 2453 1581
1999 2 2 6 102 1772 2570 1609
2000 2 2 6 102 1209 2492 2224
2001 2 2 6 102 261 2233 2226
2002 2 2 6 102 2364 2565 2363
2003 2 2 6 102 2322 2552 1579
2004 2 2 6 102 1792 2385 2091
2005 2 2 6 102 2178 2382 1171
2006 2 2 6 102 1765 2437 1592
2007 2 2 6 102 1380 1913 1891
2008 2 2 6 102 1891 2216 1922
2009 2 2 6 102 1765 2452 2437
2010 2 2 6 102 1137 2462 2022
2011 2 2 6 102 1910 2513 1306
2012 2 2 6 102 1824 2553 1986
2013 2 2 6 102 2272 2273 1768
2014 2 2 6 102 1602 1667 1666
2015 2 2 6 102 13 2312 1116
2016 2 2 6 102 1582 1602 1601
2017 2 2 6 102 1847 2496 1888
2018 2 2 6 102 1580 1582 1581
2019 2 2 6 102 1782 2249 1807
2020 2 2 6 102 1805 1910 1878
2021 2 2 6 102 1802 2572 1194
2022 2 2 6 102 2491 2506 1991
2023 2 2 6 102 1702 2210 1827
2024 2 2 6 102 1991 2506 1990
2025 2 2 6 102 1683 2495 1202
2026 2 2 6 102 1784 2533 1518
2027 2 2 6 102 1512 1821 1820
2028 2 2 6 102 2018 2204 1152
2029 2 2 6 102 1512 1820 1507
2030 2 2 6 102 1148 2393 2230
2031 2 2 6 102 2431 2559 1680
2032 2 2 6 102 1220 1888 1290
2033 2 2 6 102 2021 2458 2022
2034 2 2 6 102 1380 1892 1329
2035 2 2 6 102 1577 2235 1580
2036 2 2 6 102 1156 2427 2015
2037 2 2 6 102 1830 2517 1571
2038 2 2 6 102 1561 1865 1864
2039 2 2 6 102 1528 1902 1571
2040 2 2 6 102 1890 1892 1380
2041 2 2 6 102 2293 2294 1937
2042 2 2 6 102 1807 1808 1677
2043 2 2 6 102 1763 2571 1601
2044 2 2 6 102 1127 2356 2245
2045 2 2 6 102 1684 2521 1547
2046 2 2 6 102 1853 2515 1146
2047 2 2 6 102 1337 1913 1333
2048 2 2 6 102 1331 1913 1380
2049 2 2 6 102 1175 2329 2199
2050 2 2 6 102 1893 1896 1113
2051 2 2 6 102 1807 2245 1808
2052 2 2 6 102 2267 2403 2271
2053 2 2 6 102 2178 2522 2382
2054 2 2 6 102 2290 2413 1783
2055 2 2 6 102 2365 2508 2219
2056 2 2 6 102 2307 2425 1763
2057 2 2 6 102 2252 2295 2285
2058 2 2 6 102 1113 2383 1894
2059 2 2 6 102 1598 1915 1463
2060 2 2 6 102 1656 2118 1915
2061 2 2 6 102 1892 2213 2172
2062 2 2 6 102 2015 2497 1156
2063 2 2 6 102 1852 2412 1281
2064 2 2 6 102 1204 2554 1679
2065 2 2 6 102 1121 2424 2229
2066 2 2 6 102 2285 2286 2252
2067 2 2 6 102 1922 2216 1639
2068 2 2 6 102 2249 2302 1140
2069 2 2 6 102 1516 2533 1785
2070 2 2 6 102 2291 2520 1180
2071 2 2 6 102 1200 2495 1705
2072 2 2 6 102 1917 1921 1256
2073 2 2 6 102 1146 1860 1859
2074 2 2 6 102 1159 1194 1193
2075 2 2 6 102 1763 2309 2308
2076 2 2 6 102 1198 2290 1783
2077 2 2 6 102 1188 1886 1885
2078 2 2 6 102 1892 2172 1327
2079 2 2 6 102 1788 2460 1858
2080 2 2 6 102 2489 2561 1771
2081 2 2 6 102 1968 2446 1794
2082 2 2 6 102 2037 2154 1678
2083 2 2 6 102 2036 2154 2037
2084 2 2 6 102 1536 2521 1849
2085 2 2 6 102 1202 2495 1200
2086 2 2 6 102 1208 2444 1609
2087 2 2 6 102 1664 2568 1916
2088 2 2 6 102 2357 2469 1856
2089 2 2 6 102 1518 2533 1516
2090 2 2 6 102 70 1151 69
2091 2 2 6 102 202 1150 201
2092 2 2 6 102 200 1147 199
2093 2 2 6 102 72 1146 71
2094 2 2 6 102 206 1192 205
2095 2 2 6 102 66 1191 65
2096 2 2 6 102 204 1158 203
2097 2 2 6 102 68 1159 67
2098 2 2 6 102 1916 2568 2125
2099 2 2 6 102 1580 2235 1583
2100 2 2 6 102 1784 2254 2253
2101 2 2 6 102 1671 2218 1872
2102 2 2 6 102 1770 2561 2489
2103 2 2 6 102 1877 1918 198
2104 2 2 6 102 1805 1878 1853
2105 2 2 6 102 1773 2421 2237
2106 2 2 6 102 2130 2522 1109
2107 2 2 6 102 254 1981 253
2108 2 2 6 102 253 1981 1161
2109 2 2 6 102 1165 2529 1896
2110 2 2 6 102 206 2550 1192
2111 2 2 6 102 1191 2549 65
2112 2 2 6 102 2400 2426 1378
2113 2 2 6 102 2046 2194 1163
2114 2 2 6 102 2016 2021 2017
2115 2 2 6 102 1168 2181 1899
2116 2 2 6 102 2367 2368 2318
2117 2 2 6 102 1680 2557 1534
2118 2 2 6 102 1826 2579 2517
2119 2 2 6 102 1914 1917 1256
2120 2 2 6 102 1884 2233 1882
2121 2 2 6 102 1520 2416 1608
2122 2 2 6 102 1937 2189 1132
2123 2 2 6 102 1693 1921 1917
2124 2 2 6 102 1570 1796 1790
2125 2 2 6 102 1870 2547 1500
2126 2 2 6 102 1546 1576 1547
2127 2 2 6 102 1194 2572 1850
2128 2 2 6 102 1524 2449 1593
2129 2 2 6 102 1214 2577 2426
2130 2 2 6 102 2226 2233 1884
2131 2 2 6 102 1858 2516 1788
2132 2 2 6 102 1979 2443 1981
2133 2 2 6 102 2191 2292 2052
2134 2 2 6 102 2354 2413 2291
2135 2 2 6 102 1801 2563 2186
2136 2 2 6 102 1542 2215 1839
2137 2 2 6 102 1616 2213 1917
2138 2 2 6 102 2021 2022 2017
2139 2 2 6 102 2091 2437 1792
2140 2 2 6 102 1786 2581 1608
2141 2 2 6 102 1873 2547 1871
2142 2 2 6 102 67 1193 66
2143 2 2 6 102 71 1859 70
2144 2 2 6 102 1978 1979 1110
2145 2 2 6 102 1616 1914 1320
2146 2 2 6 102 1764 2570 2327
2147 2 2 6 102 1150 1862 1843
2148 2 2 6 102 1896 2404 1165
2149 2 2 6 102 2392 2525 1852
2150 2 2 6 102 1214 2426 1688
2151 2 2 6 102 2037 2038 1160
2152 2 2 6 102 1206 2554 1204
2153 2 2 6 102 1616 1917 1914
2154 2 2 6 102 1843 2429 1150
2155 2 2 6 102 1105 2244 2034
2156 2 2 6 102 1528 2557 1902
2157 2 2 6 102 1818 2206 1880
2158 2 2 6 102 1837 2417 1842
2159 2 2 6 102 1702 1827 1826
2160 2 2 6 102 1791 2385 1792
2161 2 2 6 102 2403 2548 2271
2162 2 2 6 102 1839 1846 1841
2163 2 2 6 102 2316 2479 2317
2164 2 2 6 102 2324 2327 1772
2165 2 2 6 102 1112 2532 1869
2166 2 2 6 102 1671 1872 1871
2167 2 2 6 102 1320 1914 1223
2168 2 2 6 102 2443 2459 1981
2169 2 2 6 102 1609 2444 1874
2170 2 2 6 102 2267 2271 2270
2171 2 2 6 102 1544 1912 1548
2172 2 2 6 102 11 1698 1696
2173 2 2 6 102 1786 2295 2254
2174 2 2 6 102 1689 1922 1628
2175 2 2 6 102 247 2038 246
2176 2 2 6 102 1562 2535 2173
2177 2 2 6 102 1767 2275 2262
2178 2 2 6 102 1220 1290 1218
2179 2 2 6 102 2247 2248 1666
2180 2 2 6 102 1867 2202 1869
2181 2 2 6 102 2022 2023 2017
2182 2 2 6 102 1891 1922 1689
2183 2 2 6 102 1628 1922 1904
2184 2 2 6 102 1805 1853 1806
2185 2 2 6 102 1886 2228 2184
2186 2 2 6 102 2173 2535 1819
2187 2 2 6 102 246 2038 1111
2188 2 2 6 102 1160 2038 247
2189 2 2 6 102 2447 2545 1781
2190 2 2 6 102 1224 1914 1256
2191 2 2 6 102 1552 1919 1664
2192 2 2 6 102 2262 2275 2261
2193 2 2 6 102 2219 2509 1872
2194 2 2 6 102 1550 1919 1552
2195 2 2 6 102 1869 2405 1112
2196 2 2 6 102 1920 1924 1600
2197 2 2 6 102 1921 1926 1256
2198 2 2 6 102 1496 2136 2023
2199 2 2 6 102 2023 2136 2017
2200 2 2 6 102 1600 1924 1321
2201 2 2 6 102 1256 1926 1226
2202 2 2 6 102 1559 1927 1555
2203 2 2 6 102 1924 1988 1375
2204 2 2 6 102 1926 1973 1440
2205 2 2 6 102 1624 1927 1559
2206 2 2 6 102 1920 1988 1924
2207 2 2 6 102 1921 1973 1926
2208 2 2 6 102 1555 1927 1553
2209 2 2 6 102 1228 1926 1440
2210 2 2 6 102 1323 1924 1375
2211 2 2 6 102 1259 1923 1231
2212 2 2 6 102 1259 1929 1923
2213 2 2 6 102 1231 1923 1229
2214 2 2 6 102 1988 2169 1375
2215 2 2 6 102 1743 2168 1945
2216 2 2 6 102 1928 1955 1440
2217 2 2 6 102 1375 2169 1925
2218 2 2 6 102 1743 1945 1745
2219 2 2 6 102 1440 1973 1928
2220 2 2 6 102 1925 1945 1334
2221 2 2 6 102 1762 2168 1741
2222 2 2 6 102 1945 2168 1334
2223 2 2 6 102 1325 1925 1334
2224 2 2 6 102 1440 1955 1230
2225 2 2 6 102 1438 2162 1930
2226 2 2 6 102 1573 1956 1687
2227 2 2 6 102 1930 2162 1637
2228 2 2 6 102 2054 2163 1308
2229 2 2 6 102 1301 2165 1293
2230 2 2 6 102 1308 2163 1931
2231 2 2 6 102 2169 2170 1925
2232 2 2 6 102 1293 1941 1286
2233 2 2 6 102 1293 2165 1941
2234 2 2 6 102 1289 1929 1261
2235 2 2 6 102 1261 1929 1259
2236 2 2 6 102 1951 1958 1328
2237 2 2 6 102 1970 2050 1633
2238 2 2 6 102 1925 2170 1945
2239 2 2 6 102 1271 1943 1267
2240 2 2 6 102 1951 2168 1762
2241 2 2 6 102 1627 1973 1629
2242 2 2 6 102 1933 1938 1631
2243 2 2 6 102 1286 1941 1287
2244 2 2 6 102 2077 2162 1665
2245 2 2 6 102 1687 1956 1835
2246 2 2 6 102 1631 1956 1573
2247 2 2 6 102 1665 2162 1438
2248 2 2 6 102 1287 1941 1932
2249 2 2 6 102 1975 2128 1654
2250 2 2 6 102 1637 2163 1930
2251 2 2 6 102 1930 2163 2054
2252 2 2 6 102 1267 1943 1268
2253 2 2 6 102 1257 1942 1252
2254 2 2 6 102 1741 2168 1743
2255 2 2 6 102 1932 1970 1287
2256 2 2 6 102 1268 1943 1939
2257 2 2 6 102 1707 2166 1970
2258 2 2 6 102 1308 2165 1301
2259 2 2 6 102 1762 1958 1951
2260 2 2 6 102 1931 2165 1308
2261 2 2 6 102 1631 1946 1933
2262 2 2 6 102 1252 1942 1253
2263 2 2 6 102 1940 1944 1253
2264 2 2 6 102 1707 1970 1633
2265 2 2 6 102 1932 2050 1970
2266 2 2 6 102 1939 1975 1268
2267 2 2 6 102 1253 1942 1940
2268 2 2 6 102 1708 2167 1975
2269 2 2 6 102 1326 1951 1328
2270 2 2 6 102 1943 2166 1707
2271 2 2 6 102 1928 1973 1627
2272 2 2 6 102 1629 1973 1921
2273 2 2 6 102 2071 2164 1392
2274 2 2 6 102 1564 1946 1558
2275 2 2 6 102 1939 2128 1975
2276 2 2 6 102 1708 1975 1654
2277 2 2 6 102 1944 2065 1636
2278 2 2 6 102 1392 2164 1950
2279 2 2 6 102 1271 2166 1943
2280 2 2 6 102 1938 1956 1631
2281 2 2 6 102 1942 2167 1708
2282 2 2 6 102 1940 2065 1944
2283 2 2 6 102 1955 1966 1235
2284 2 2 6 102 1950 1972 1392
2285 2 2 6 102 1948 1957 1241
2286 2 2 6 102 1933 1946 1564
2287 2 2 6 102 1947 1957 1948
2288 2 2 6 102 1257 2167 1942
2289 2 2 6 102 1558 1946 1557
2290 2 2 6 102 1250 2071 1248
2291 2 2 6 102 1241 1972 1948
2292 2 2 6 102 1246 1972 1242
2293 2 2 6 102 1443 1957 1947
2294 2 2 6 102 1928 1966 1955
2295 2 2 6 102 1948 1972 1950
2296 2 2 6 102 1947 1949 1443
2297 2 2 6 102 1232 1955 1235
2298 2 2 6 102 1944 2164 2071
2299 2 2 6 102 1636 2164 1944
2300 2 2 6 102 1949 1954 1443
2301 2 2 6 102 1944 2071 1253
2302 2 2 6 102 1253 2071 1250
2303 2 2 6 102 1248 2071 1392
2304 2 2 6 102 1392 1972 1246
2305 2 2 6 102 1242 1972 1241
2306 2 2 6 102 1954 1962 1260
2307 2 2 6 102 1560 1946 1631
2308 2 2 6 102 1557 1946 1560
2309 2 2 6 102 1949 1962 1954
2310 2 2 6 102 1233 1954 1260
2311 2 2 6 102 1970 2166 1287
2312 2 2 6 102 1975 2167 1268
2313 2 2 6 102 1443 1954 1234
2314 2 2 6 102 1908 1952 1686
2315 2 2 6 102 1958 2161 1379
2316 2 2 6 102 1762 2161 1958
2317 2 2 6 102 1686 1952 1572
2318 2 2 6 102 1330 1958 1379
2319 2 2 6 102 1241 1957 1238
2320 2 2 6 102 1238 1957 1236
2321 2 2 6 102 1725 1965 1726
2322 2 2 6 102 1302 1966 1625
2323 2 2 6 102 1961 1965 1725
2324 2 2 6 102 1726 1965 1737
2325 2 2 6 102 1625 1966 1928
2326 2 2 6 102 1379 1965 1961
2327 2 2 6 102 1379 1961 1332
2328 2 2 6 102 1237 1966 1302
2329 2 2 6 102 1260 1962 1262
2330 2 2 6 102 1243 1959 1245
2331 2 2 6 102 1949 2089 1962
2332 2 2 6 102 1379 2161 1965
2333 2 2 6 102 1243 1967 1959
2334 2 2 6 102 1962 2089 1313
2335 2 2 6 102 1725 2156 1961
2336 2 2 6 102 1240 1967 1243
2337 2 2 6 102 2089 2159 1313
2338 2 2 6 102 1277 1963 1280
2339 2 2 6 102 1960 1963 1273
2340 2 2 6 102 1273 1963 1277
2341 2 2 6 102 1313 2159 1960
2342 2 2 6 102 1723 2158 2156
2343 2 2 6 102 1264 1960 1273
2344 2 2 6 102 1239 1967 1240
2345 2 2 6 102 1963 2157 1280
2346 2 2 6 102 1778 1974 1586
2347 2 2 6 102 1961 2156 1335
2348 2 2 6 102 2156 2158 1964
2349 2 2 6 102 1971 2070 1969
2350 2 2 6 102 1822 1974 1778
2351 2 2 6 102 2157 2160 2026
2352 2 2 6 102 1723 2156 1725
2353 2 2 6 102 1586 1974 1575
2354 2 2 6 102 1969 2070 1339
2355 2 2 6 102 1719 1971 1969
2356 2 2 6 102 1964 1969 1339
2357 2 2 6 102 1336 1964 1339
2358 2 2 6 102 1959 1967 1638
2359 2 2 6 102 1280 2157 1285
2360 2 2 6 102 1964 2158 1969
2361 2 2 6 102 1660 2154 1663
2362 2 2 6 102 1638 1967 1381
2363 2 2 6 102 1971 1982 1389
2364 2 2 6 102 1389 2070 1971
2365 2 2 6 102 1904 1976 1626
2366 2 2 6 102 1663 2154 2057
2367 2 2 6 102 1585 1968 1794
2368 2 2 6 102 1314 1996 1397
2369 2 2 6 102 1982 1983 1389
2370 2 2 6 102 1626 1976 1382
2371 2 2 6 102 1713 1983 1982
2372 2 2 6 102 1717 1982 1971
2373 2 2 6 102 1780 2073 1989
2374 2 2 6 102 2002 2098 2039
2375 2 2 6 102 2029 2030 1814
2376 2 2 6 102 2003 2005 1483
2377 2 2 6 102 1647 1993 1992
2378 2 2 6 102 1713 2062 1983
2379 2 2 6 102 2002 2039 2000
2380 2 2 6 102 1641 2024 1599
2381 2 2 6 102 1812 2029 1814
2382 2 2 6 102 1895 2001 2000
2383 2 2 6 102 2059 2098 2002
2384 2 2 6 102 1622 1994 1457
2385 2 2 6 102 2040 2041 1750
2386 2 2 6 102 2011 2136 2007
2387 2 2 6 102 1728 1998 1800
2388 2 2 6 102 2005 2048 1483
2389 2 2 6 102 1498 2119 1659
2390 2 2 6 102 2017 2136 2011
2391 2 2 6 102 2012 2018 2016
2392 2 2 6 102 1400 2107 2063
2393 2 2 6 102 1989 2073 1588
2394 2 2 6 102 1397 1996 1423
2395 2 2 6 102 1898 2024 1641
2396 2 2 6 102 1646 1993 1647
2397 2 2 6 102 1424 2084 2030
2398 2 2 6 102 1466 2062 1713
2399 2 2 6 102 1718 2068 1716
2400 2 2 6 102 1742 2051 1740
2401 2 2 6 102 2030 2084 2032
2402 2 2 6 102 2026 2123 1727
2403 2 2 6 102 1338 2053 1337
2404 2 2 6 102 1422 2066 1474
2405 2 2 6 102 1652 2129 1452
2406 2 2 6 102 1469 1618 1464
2407 2 2 6 102 1483 2048 1480
2408 2 2 6 102 1714 1982 1717
2409 2 2 6 102 1368 2064 2055
2410 2 2 6 102 2042 2126 1750
2411 2 2 6 102 1423 1592 1456
2412 2 2 6 102 2000 2039 1481
2413 2 2 6 102 1710 2123 2026
2414 2 2 6 102 1940 1942 1708
2415 2 2 6 102 1740 2051 1984
2416 2 2 6 102 1413 2062 1466
2417 2 2 6 102 1384 2066 1422
2418 2 2 6 102 1387 1413 1388
2419 2 2 6 102 1425 2060 1640
2420 2 2 6 102 1484 2003 1483
2421 2 2 6 102 1644 2073 1780
2422 2 2 6 102 1716 2068 1899
2423 2 2 6 102 1349 1386 1350
2424 2 2 6 102 1610 1798 1591
2425 2 2 6 102 1594 1977 1791
2426 2 2 6 102 1659 1773 1678
2427 2 2 6 102 1729 2078 2075
2428 2 2 6 102 1756 1988 1920
2429 2 2 6 102 1639 2053 1431
2430 2 2 6 102 1410 1995 1429
2431 2 2 6 102 1644 1645 1595
2432 2 2 6 102 2103 2104 1643
2433 2 2 6 102 2075 2096 1729
2434 2 2 6 102 1738 1984 1793
2435 2 2 6 102 2055 2064 1993
2436 2 2 6 102 1266 1270 1269
2437 2 2 6 102 1398 1399 1316
2438 2 2 6 102 1346 1349 1348
2439 2 2 6 102 2087 2088 1347
2440 2 2 6 102 1370 2083 1373
2441 2 2 6 102 1447 2100 1371
2442 2 2 6 102 1403 1404 1374
2443 2 2 6 102 1423 1765 1592
2444 2 2 6 102 1424 2030 2029
2445 2 2 6 102 1488 1489 1487
2446 2 2 6 102 1495 2119 1498
2447 2 2 6 102 1499 2119 1495
2448 2 2 6 102 1383 1976 1879
2449 2 2 6 102 2047 2066 1384
2450 2 2 6 102 1620 1999 1450
2451 2 2 6 102 1460 2025 1992
2452 2 2 6 102 1490 2006 1488
2453 2 2 6 102 1728 2063 1997
2454 2 2 6 102 2007 2136 2006
2455 2 2 6 102 1266 1985 1270
2456 2 2 6 102 1357 2082 2080
2457 2 2 6 102 2150 2151 1367
2458 2 2 6 102 1409 1426 1408
2459 2 2 6 102 1498 1658 1657
2460 2 2 6 102 1642 2074 2050
2461 2 2 6 102 1658 2056 1657
2462 2 2 6 102 1660 1662 1658
2463 2 2 6 102 1997 1998 1728
2464 2 2 6 102 1315 1996 1314
2465 2 2 6 102 1374 2097 1372
2466 2 2 6 102 1674 2025 1460
2467 2 2 6 102 1647 1992 1649
2468 2 2 6 102 1748 2040 1750
2469 2 2 6 102 2030 2031 1814
2470 2 2 6 102 1373 2083 1406
2471 2 2 6 102 1431 2053 1341
2472 2 2 6 102 1454 1588 1453
2473 2 2 6 102 1647 1649 1648
2474 2 2 6 102 1346 2061 1349
2475 2 2 6 102 1362 2134 1368
2476 2 2 6 102 1398 2060 1425
2477 2 2 6 102 1476 2102 1421
2478 2 2 6 102 1459 1675 1674
2479 2 2 6 102 1633 2050 1470
2480 2 2 6 102 1678 2154 1660
2481 2 2 6 102 1995 2081 2029
2482 2 2 6 102 2032 2057 2033
2483 2 2 6 102 1284 2105 1279
2484 2 2 6 102 1992 2025 1649
2485 2 2 6 102 1895 2000 1999
2486 2 2 6 102 1348 2087 1347
2487 2 2 6 102 1349 1387 1386
2488 2 2 6 102 1352 2094 1355
2489 2 2 6 102 2061 2062 1387
2490 2 2 6 102 1416 2095 1388
2491 2 2 6 102 1451 1479 1434
2492 2 2 6 102 1486 2067 1490
2493 2 2 6 102 1594 1610 1591
2494 2 2 6 102 1791 1792 1610
2495 2 2 6 102 2075 2078 1675
2496 2 2 6 102 2012 2019 2018
2497 2 2 6 102 1460 1650 1449
2498 2 2 6 102 1706 1931 1632
2499 2 2 6 102 1646 2117 2055
2500 2 2 6 102 1801 2129 1652
2501 2 2 6 102 1714 1717 1716
2502 2 2 6 102 1491 1492 1489
2503 2 2 6 102 1799 1822 1778
2504 2 2 6 102 2013 2014 2010
2505 2 2 6 102 1283 1286 1275
2506 2 2 6 102 1305 1307 1301
2507 2 2 6 102 2101 2122 1390
2508 2 2 6 102 1425 1599 1438
2509 2 2 6 102 1466 1612 1611
2510 2 2 6 102 1466 1713 1612
2511 2 2 6 102 1481 1482 1480
2512 2 2 6 102 1482 1485 1484
2513 2 2 6 102 1490 2007 2006
2514 2 2 6 102 1490 2067 2008
2515 2 2 6 102 1599 2024 1665
2516 2 2 6 102 1644 1780 1645
2517 2 2 6 102 1851 2086 1648
2518 2 2 6 102 1992 1993 1650
2519 2 2 6 102 1713 1982 1714
2520 2 2 6 102 1721 2068 1718
2521 2 2 6 102 2041 2042 1750
2522 2 2 6 102 1421 2102 1319
2523 2 2 6 102 2108 2120 1395
2524 2 2 6 102 1401 2107 1400
2525 2 2 6 102 1409 2072 1426
2526 2 2 6 102 1436 2027 1435
2527 2 2 6 102 1452 2129 1467
2528 2 2 6 102 1472 1635 1476
2529 2 2 6 102 1643 2104 1978
2530 2 2 6 102 1729 2096 2058
2531 2 2 6 102 1738 1793 1736
2532 2 2 6 102 1740 1984 1738
2533 2 2 6 102 1754 1988 1756
2534 2 2 6 102 2032 2033 2031
2535 2 2 6 102 1303 1396 1299
2536 2 2 6 102 1317 1395 1311
2537 2 2 6 102 1428 1431 1341
2538 2 2 6 102 1345 2061 1346
2539 2 2 6 102 1350 1351 1348
2540 2 2 6 102 1361 1362 1359
2541 2 2 6 102 1363 1364 1362
2542 2 2 6 102 1407 2121 1651
2543 2 2 6 102 1410 2081 1995
2544 2 2 6 102 1441 1642 1632
2545 2 2 6 102 1442 2139 1469
2546 2 2 6 102 1477 1710 1709
2547 2 2 6 102 1649 1818 1817
2548 2 2 6 102 1728 1800 1652
2549 2 2 6 102 2063 2107 1997
2550 2 2 6 102 2087 2110 2088
2551 2 2 6 102 1481 2039 1482
2552 2 2 6 102 1999 2000 1481
2553 2 2 6 102 1487 2003 1484
2554 2 2 6 102 1485 2067 1486
2555 2 2 6 102 1486 1490 1488
2556 2 2 6 102 1489 1493 1487
2557 2 2 6 102 1661 2135 1497
2558 2 2 6 102 1615 1990 1989
2559 2 2 6 102 1844 1845 1721
2560 2 2 6 102 1727 2047 1298
2561 2 2 6 102 1408 2058 1404
2562 2 2 6 102 1426 2072 1644
2563 2 2 6 102 1435 2027 1613
2564 2 2 6 102 1469 1630 1618
2565 2 2 6 102 1471 1653 1634
2566 2 2 6 102 1661 2145 2135
2567 2 2 6 102 1726 1736 1735
2568 2 2 6 102 1727 2066 2047
2569 2 2 6 102 1749 1758 1748
2570 2 2 6 102 2112 2132 2114
2571 2 2 6 102 1296 1301 1293
2572 2 2 6 102 1310 1312 1311
2573 2 2 6 102 1319 2102 2101
2574 2 2 6 102 1339 2070 1340
2575 2 2 6 102 1343 2070 1389
2576 2 2 6 102 1346 1348 1347
2577 2 2 6 102 1349 2061 1387
2578 2 2 6 102 1358 1361 1359
2579 2 2 6 102 1363 1365 1364
2580 2 2 6 102 1383 1836 1638
2581 2 2 6 102 1388 2095 1386
2582 2 2 6 102 1415 1416 1388
2583 2 2 6 102 1460 1992 1650
2584 2 2 6 102 1463 2118 2110
2585 2 2 6 102 1480 2048 1479
2586 2 2 6 102 1895 1999 1620
2587 2 2 6 102 1659 2119 1773
2588 2 2 6 102 1845 2068 1721
2589 2 2 6 102 1737 1739 1738
2590 2 2 6 102 2001 2002 2000
2591 2 2 6 102 2012 2124 2019
2592 2 2 6 102 1249 1251 1250
2593 2 2 6 102 1300 1309 1304
2594 2 2 6 102 1673 1775 1393
2595 2 2 6 102 1461 2086 1598
2596 2 2 6 102 1467 1597 1468
2597 2 2 6 102 2072 2073 1644
2598 2 2 6 102 1662 2056 1658
2599 2 2 6 102 1730 2120 2108
2600 2 2 6 102 1741 1742 1740
2601 2 2 6 102 1743 1744 1742
2602 2 2 6 102 238 1187 237
2603 2 2 6 102 240 1152 239
2604 2 2 6 102 243 1137 242
2605 2 2 6 102 246 1111 245
2606 2 2 6 102 248 1160 247
2607 2 2 6 102 251 1105 250
2608 2 2 6 102 253 1161 252
2609 2 2 6 102 256 1110 255
2610 2 2 6 102 258 1162 257
2611 2 2 6 102 260 1134 259
2612 2 2 6 102 263 1153 262
2613 2 2 6 102 265 1188 264
2614 2 2 6 102 1243 1245 1244
2615 2 2 6 102 1251 1252 1250
2616 2 2 6 102 1340 1341 1338
2617 2 2 6 102 1344 2093 1342
2618 2 2 6 102 2063 2121 1400
2619 2 2 6 102 1426 1644 1595
2620 2 2 6 102 1430 1454 1453
2621 2 2 6 102 1441 2074 1642
2622 2 2 6 102 2039 2098 1485
2623 2 2 6 102 1488 2006 1491
2624 2 2 6 102 1493 2004 2003
2625 2 2 6 102 1649 2025 1818
2626 2 2 6 102 2008 2009 2007
2627 2 2 6 102 2043 2045 2044
2628 2 2 6 102 1274 1283 1275
2629 2 2 6 102 1278 2028 1281
2630 2 2 6 102 1393 2105 1284
2631 2 2 6 102 1285 1297 1295
2632 2 2 6 102 1291 1296 1293
2633 2 2 6 102 1297 1727 1298
2634 2 2 6 102 1300 1304 1303
2635 2 2 6 102 1305 1314 1307
2636 2 2 6 102 1342 2093 1428
2637 2 2 6 102 1354 2080 1353
2638 2 2 6 102 1365 1366 1364
2639 2 2 6 102 1404 2097 1374
2640 2 2 6 102 1397 1423 1414
2641 2 2 6 102 1467 1468 1412
2642 2 2 6 102 1413 1465 1415
2643 2 2 6 102 1415 2085 1433
2644 2 2 6 102 1433 1619 1450
2645 2 2 6 102 1472 2065 1635
2646 2 2 6 102 1636 2065 1473
2647 2 2 6 102 2049 2133 1479
2648 2 2 6 102 1611 1815 1690
2649 2 2 6 102 1621 1882 1622
2650 2 2 6 102 1629 1921 1693
2651 2 2 6 102 1866 1959 1638
2652 2 2 6 102 1655 2093 2088
2653 2 2 6 102 2088 2118 1655
2654 2 2 6 102 1717 1718 1716
2655 2 2 6 102 1723 1725 1724
2656 2 2 6 102 1726 1737 1736
2657 2 2 6 102 1751 2051 1742
2658 2 2 6 102 1755 1761 1753
2659 2 2 6 102 2008 2010 2009
2660 2 2 6 102 1365 1369 1366
2661 2 2 6 102 1402 1403 1374
2662 2 2 6 102 1410 1429 1411
2663 2 2 6 102 1648 2086 1462
2664 2 2 6 102 1712 2099 1478
2665 2 2 6 102 1617 1777 1586
2666 2 2 6 102 1675 2078 1824
2667 2 2 6 102 1995 2029 1812
2668 2 2 6 102 2064 2134 2127
2669 2 2 6 102 1266 1267 1265
2670 2 2 6 102 1314 1316 1307
2671 2 2 6 102 1397 1398 1316
2672 2 2 6 102 1340 1342 1341
2673 2 2 6 102 1413 1415 1388
2674 2 2 6 102 1398 1425 1399
2675 2 2 6 102 1414 2060 1398
2676 2 2 6 102 1405 1409 1408
2677 2 2 6 102 1415 1433 1416
2678 2 2 6 102 1433 2085 1619
2679 2 2 6 102 1450 1451 1434
2680 2 2 6 102 1479 2133 1434
2681 2 2 6 102 1450 1999 1451
2682 2 2 6 102 1477 1478 1475
2683 2 2 6 102 1635 1654 1476
2684 2 2 6 102 1485 1486 1484
2685 2 2 6 102 1486 1488 1487
2686 2 2 6 102 1587 1995 1812
2687 2 2 6 102 1635 2065 1940
2688 2 2 6 102 1800 1801 1652
2689 2 2 6 102 1890 1891 1689
2690 2 2 6 102 1775 1819 1776
2691 2 2 6 102 2008 2013 2010
2692 2 2 6 102 1399 2054 1316
2693 2 2 6 102 1349 1350 1348
2694 2 2 6 102 1368 2134 2064
2695 2 2 6 102 1438 1930 1399
2696 2 2 6 102 1930 2054 1399
2697 2 2 6 102 1425 1640 1599
2698 2 2 6 102 1448 2096 2075
2699 2 2 6 102 1454 1590 1589
2700 2 2 6 102 1621 1622 1457
2701 2 2 6 102 1691 2027 1464
2702 2 2 6 102 1482 1483 1480
2703 2 2 6 102 1486 1487 1484
2704 2 2 6 102 1590 1594 1591
2705 2 2 6 102 1640 1641 1599
2706 2 2 6 102 1629 1689 1628
2707 2 2 6 102 1722 1844 1721
2708 2 2 6 102 1819 1916 1776
2709 2 2 6 102 2016 2017 2011
2710 2 2 6 102 2040 2043 2041
2711 2 2 6 102 243 2112 1137
2712 2 2 6 102 244 2132 2112
2713 2 2 6 102 251 2111 1105
2714 2 2 6 102 258 2090 1162
2715 2 2 6 102 1134 2092 2091
2716 2 2 6 102 1248 1392 1246
2717 2 2 6 102 1251 1254 1252
2718 2 2 6 102 1277 1279 1278
2719 2 2 6 102 1294 1393 1284
2720 2 2 6 102 1295 2106 1294
2721 2 2 6 102 1294 1673 1393
2722 2 2 6 102 1294 2106 1673
2723 2 2 6 102 1300 1303 1299
2724 2 2 6 102 1303 1730 1396
2725 2 2 6 102 1361 2115 1363
2726 2 2 6 102 1363 1367 1365
2727 2 2 6 102 1372 2097 1376
2728 2 2 6 102 1391 2109 1417
2729 2 2 6 102 1776 2105 1393
2730 2 2 6 102 1418 1419 1401
2731 2 2 6 102 1407 1452 1412
2732 2 2 6 102 1417 1471 1470
2733 2 2 6 102 1420 1435 1419
2734 2 2 6 102 1420 2074 1441
2735 2 2 6 102 1435 1613 1437
2736 2 2 6 102 1442 1464 1436
2737 2 2 6 102 1630 2076 1618
2738 2 2 6 102 1618 1803 1691
2739 2 2 6 102 1627 1628 1626
2740 2 2 6 102 1634 1939 1707
2741 2 2 6 102 1651 2121 2063
2742 2 2 6 102 1727 2123 2066
2743 2 2 6 102 1758 2040 1748
2744 2 2 6 102 1752 1754 1753
2745 2 2 6 102 1761 2069 1753
2746 2 2 6 102 1756 1759 1757
2747 2 2 6 102 2082 2117 2080
2748 2 2 6 102 2112 2114 2113
2749 2 2 6 102 1244 1247 1246
2750 2 2 6 102 1297 1298 1295
2751 2 2 6 102 1298 1300 1299
2752 2 2 6 102 1300 2047 1309
2753 2 2 6 102 1309 2047 1384
2754 2 2 6 102 1317 1407 1395
2755 2 2 6 102 1390 1391 1318
2756 2 2 6 102 1342 1428 1341
2757 2 2 6 102 1346 1347 1344
2758 2 2 6 102 1350 1352 1351
2759 2 2 6 102 1352 1353 1351
2760 2 2 6 102 1353 1444 1385
2761 2 2 6 102 1358 1359 1357
2762 2 2 6 102 1361 1363 1362
2763 2 2 6 102 1369 1370 1366
2764 2 2 6 102 1384 1422 1421
2765 2 2 6 102 1445 2110 1385
2766 2 2 6 102 1391 1401 1400
2767 2 2 6 102 1417 1418 1401
2768 2 2 6 102 2058 2097 1404
2769 2 2 6 102 1417 2109 1471
2770 2 2 6 102 1470 2074 1418
2771 2 2 6 102 1423 1996 1765
2772 2 2 6 102 1605 1639 1431
2773 2 2 6 102 1441 1442 1436
2774 2 2 6 102 1614 1997 1437
2775 2 2 6 102 1444 1446 1445
2776 2 2 6 102 1461 1463 1445
2777 2 2 6 102 1446 1646 1462
2778 2 2 6 102 1454 1589 1588
2779 2 2 6 102 1994 2060 1457
2780 2 2 6 102 1467 1797 1597
2781 2 2 6 102 1474 1475 1473
2782 2 2 6 102 1495 1498 1497
2783 2 2 6 102 1498 1659 1658
2784 2 2 6 102 1587 1812 1811
2785 2 2 6 102 1596 2078 1729
2786 2 2 6 102 1655 1656 1604
2787 2 2 6 102 1868 1998 1614
2788 2 2 6 102 1634 2128 1939
2789 2 2 6 102 1642 2050 1932
2790 2 2 6 102 1649 1817 1648
2791 2 2 6 102 1659 1678 1660
2792 2 2 6 102 1711 1947 1712
2793 2 2 6 102 1719 1720 1718
2794 2 2 6 102 1720 1721 1718
2795 2 2 6 102 1739 1740 1738
2796 2 2 6 102 1746 2126 1744
2797 2 2 6 102 1745 1747 1746
2798 2 2 6 102 1776 2125 2105
2799 2 2 6 102 2055 2117 2082
2800 2 2 6 102 1247 1249 1248
2801 2 2 6 102 1282 2028 1278
2802 2 2 6 102 1283 1292 1291
2803 2 2 6 102 1341 2053 1338
2804 2 2 6 102 1340 1343 1342
2805 2 2 6 102 1376 2096 1448
2806 2 2 6 102 1383 1879 1836
2807 2 2 6 102 1385 2110 2087
2808 2 2 6 102 1387 1388 1386
2809 2 2 6 102 2029 2081 1424
2810 2 2 6 102 1428 2093 1655
2811 2 2 6 102 1448 2075 1459
2812 2 2 6 102 1590 1643 1594
2813 2 2 6 102 1642 1706 1632
2814 2 2 6 102 1717 1719 1718
2815 2 2 6 102 1244 1246 1242
2816 2 2 6 102 1247 1248 1246
2817 2 2 6 102 1280 1285 1284
2818 2 2 6 102 1347 2093 1344
2819 2 2 6 102 1352 1355 1354
2820 2 2 6 102 1356 1360 1358
2821 2 2 6 102 1366 2100 1364
2822 2 2 6 102 1371 2100 1366
2823 2 2 6 102 2055 2082 1368
2824 2 2 6 102 1370 1372 1371
2825 2 2 6 102 1373 1374 1372
2826 2 2 6 102 1387 2062 1413
2827 2 2 6 102 1427 2058 1408
2828 2 2 6 102 1413 1466 1465
2829 2 2 6 102 1446 1461 1445
2830 2 2 6 102 1446 1462 1461
2831 2 2 6 102 1451 1480 1479
2832 2 2 6 102 1459 1674 1460
2833 2 2 6 102 1459 2075 1675
2834 2 2 6 102 1461 1598 1463
2835 2 2 6 102 1647 1648 1462
2836 2 2 6 102 1690 2085 1465
2837 2 2 6 102 1493 2003 1487
2838 2 2 6 102 1594 1791 1610
2839 2 2 6 102 1817 1851 1648
2840 2 2 6 102 1993 2064 1650
2841 2 2 6 102 1714 1716 1715
2842 2 2 6 102 1720 1722 1721
2843 2 2 6 102 1747 1752 1749
2844 2 2 6 102 1752 1753 1749
2845 2 2 6 102 1754 1756 1755
2846 2 2 6 102 1756 1920 1759
2847 2 2 6 102 1759 1760 1757
2848 2 2 6 102 1812 1814 1813
2849 2 2 6 102 2004 2005 2003
2850 2 2 6 102 2009 2011 2007
2851 2 2 6 102 2012 2016 2011
2852 2 2 6 102 2013 2059 2014
2853 2 2 6 102 2127 2134 2100
2854 2 2 6 102 2102 2122 2101
2855 2 2 6 102 1269 1274 1271
2856 2 2 6 102 1985 1986 1270
2857 2 2 6 102 1274 1275 1271
2858 2 2 6 102 1279 1282 1278
2859 2 2 6 102 1285 1295 1294
2860 2 2 6 102 1307 1308 1301
2861 2 2 6 102 1457 2060 1414
2862 2 2 6 102 1428 1655 1604
2863 2 2 6 102 1599 1665 1438
2864 2 2 6 102 1474 2123 1477
2865 2 2 6 102 2066 2123 1474
2866 2 2 6 102 1475 2099 1636
2867 2 2 6 102 1640 1994 1672
2868 2 2 6 102 1897 1898 1641
2869 2 2 6 102 1780 1816 1645
2870 2 2 6 102 1646 2055 1993
2871 2 2 6 102 1675 1823 1674
2872 2 2 6 102 1675 1824 1823
2873 2 2 6 102 1741 1743 1742
2874 2 2 6 102 1743 1745 1744
2875 2 2 6 102 1750 2126 1746
2876 2 2 6 102 1747 1749 1748
2877 2 2 6 102 1749 2069 1758
2878 2 2 6 102 1754 1755 1753
2879 2 2 6 102 1296 1305 1301
2880 2 2 6 102 1303 2120 1730
2881 2 2 6 102 1319 2101 1310
2882 2 2 6 102 1312 1318 1317
2883 2 2 6 102 1314 1397 1316
2884 2 2 6 102 1317 2121 1407
2885 2 2 6 102 1343 1345 1344
2886 2 2 6 102 1389 1983 1345
2887 2 2 6 102 1353 1385 1351
2888 2 2 6 102 1357 2080 1354
2889 2 2 6 102 1359 2082 1357
2890 2 2 6 102 1362 1368 1359
2891 2 2 6 102 1386 2095 2094
2892 2 2 6 102 1397 1414 1398
2893 2 2 6 102 1407 1651 1452
2894 2 2 6 102 1423 1456 1414
2895 2 2 6 102 1472 1476 1421
2896 2 2 6 102 1422 1474 1473
2897 2 2 6 102 1433 1450 1434
2898 2 2 6 102 1446 2117 1646
2899 2 2 6 102 1456 1621 1457
2900 2 2 6 102 1462 2086 1461
2901 2 2 6 102 1475 1636 1473
2902 2 2 6 102 1474 1477 1475
2903 2 2 6 102 1477 1709 1478
2904 2 2 6 102 2048 2049 1479
2905 2 2 6 102 2135 2145 1493
2906 2 2 6 102 1587 1811 1676
2907 2 2 6 102 1615 1989 1588
2908 2 2 6 102 1625 1627 1626
2909 2 2 6 102 1629 1693 1689
2910 2 2 6 102 1640 1672 1641
2911 2 2 6 102 1651 1728 1652
2912 2 2 6 102 1693 1890 1689
2913 2 2 6 102 1709 2089 1711
2914 2 2 6 102 1711 1949 1947
2915 2 2 6 102 1744 1751 1742
2916 2 2 6 102 1804 1805 1760
2917 2 2 6 102 1805 1806 1760
2918 2 2 6 102 1777 1795 1778
2919 2 2 6 102 1280 1284 1279
2920 2 2 6 102 1279 2105 1282
2921 2 2 6 102 1297 2026 1727
2922 2 2 6 102 1310 1311 1304
2923 2 2 6 102 1309 1319 1310
2924 2 2 6 102 1312 1390 1318
2925 2 2 6 102 1400 2121 1318
2926 2 2 6 102 1384 1421 1319
2927 2 2 6 102 1340 2070 1343
2928 2 2 6 102 1343 1389 1345
2929 2 2 6 102 1370 1371 1366
2930 2 2 6 102 1373 1406 1402
2931 2 2 6 102 1390 2109 1391
2932 2 2 6 102 1391 1417 1401
2933 2 2 6 102 1407 1412 1395
2934 2 2 6 102 1419 2107 1401
2935 2 2 6 102 1452 1467 1412
2936 2 2 6 102 1435 1437 1419
2937 2 2 6 102 1420 1441 1436
2938 2 2 6 102 1422 1472 1421
2939 2 2 6 102 1428 1604 1431
2940 2 2 6 102 1613 1614 1437
2941 2 2 6 102 1441 1632 1442
2942 2 2 6 102 1448 1459 1449
2943 2 2 6 102 1471 1634 1633
2944 2 2 6 102 1478 2099 1475
2945 2 2 6 102 1627 1629 1628
2946 2 2 6 102 2122 2131 1653
2947 2 2 6 102 1655 2118 1656
2948 2 2 6 102 1711 2089 1949
2949 2 2 6 102 1947 1948 1712
2950 2 2 6 102 2043 2044 2041
2951 2 2 6 102 2049 2140 2137
2952 2 2 6 102 1376 1448 1447
2953 2 2 6 102 1444 1445 1385
2954 2 2 6 102 1430 1453 1411
2955 2 2 6 102 1429 1455 1430
2956 2 2 6 102 1604 1605 1431
2957 2 2 6 102 1476 2131 2102
2958 2 2 6 102 1711 1712 1478
2959 2 2 6 102 1482 1484 1483
2960 2 2 6 102 1491 1494 1492
2961 2 2 6 102 1494 1499 1495
2962 2 2 6 102 1653 2128 1634
2963 2 2 6 102 1635 1940 1708
2964 2 2 6 102 1836 1866 1638
2965 2 2 6 102 1659 1660 1658
2966 2 2 6 102 1948 1950 1712
2967 2 2 6 102 1720 1723 1722
2968 2 2 6 102 1725 1726 1724
2969 2 2 6 102 1737 1738 1736
2970 2 2 6 102 2033 2035 2034
2971 2 2 6 102 1254 1258 1257
2972 2 2 6 102 2105 2125 1282
2973 2 2 6 102 1316 2054 1307
2974 2 2 6 102 1425 1438 1399
2975 2 2 6 102 1426 1595 1427
2976 2 2 6 102 1442 1469 1464
2977 2 2 6 102 1471 2109 1653
2978 2 2 6 102 1713 1714 1612
2979 2 2 6 102 1939 1943 1707
2980 2 2 6 102 1756 1757 1755
2981 2 2 6 102 1759 1804 1760
2982 2 2 6 102 1795 1799 1778
2983 2 2 6 102 1134 2090 259
2984 2 2 6 102 1249 1250 1248
2985 2 2 6 102 1309 1310 1304
2986 2 2 6 102 1343 1344 1342
2987 2 2 6 102 2088 2093 1347
2988 2 2 6 102 1385 2087 1351
2989 2 2 6 102 1360 2116 1358
2990 2 2 6 102 1368 2082 1359
2991 2 2 6 102 1372 1376 1371
2992 2 2 6 102 1456 1457 1414
2993 2 2 6 102 1434 2133 1416
2994 2 2 6 102 1729 2058 1427
2995 2 2 6 102 1429 1587 1455
2996 2 2 6 102 1451 1999 1481
2997 2 2 6 102 1646 1647 1462
2998 2 2 6 102 1709 1711 1478
2999 2 2 6 102 1490 2008 2007
3000 2 2 6 102 1657 1661 1497
3001 2 2 6 102 1714 1715 1612
3002 2 2 6 102 1615 1991 1990
3003 2 2 6 102 1893 1894 1620
3004 2 2 6 102 1882 1883 1622
3005 2 2 6 102 1640 2060 1994
3006 2 2 6 102 1739 1741 1740
3007 2 2 6 102 1745 1746 1744
3008 2 2 6 102 1744 2126 1751
3009 2 2 6 102 1747 1748 1746
3010 2 2 6 102 1748 1750 1746
3011 2 2 6 102 2014 2020 2015
3012 2 2 6 102 1161 2111 252
3013 2 2 6 102 1299 2106 1295
3014 2 2 6 102 1307 2054 1308
3015 2 2 6 102 1395 2120 1311
3016 2 2 6 102 1411 2072 1409
3017 2 2 6 102 1449 2127 1447
3018 2 2 6 102 1467 2129 1797
3019 2 2 6 102 1471 1633 1470
3020 2 2 6 102 1473 2065 1472
3021 2 2 6 102 1482 2039 1485
3022 2 2 6 102 1491 2006 1496
3023 2 2 6 102 1494 1495 1492
3024 2 2 6 102 1498 1657 1497
3025 2 2 6 102 1589 1615 1588
3026 2 2 6 102 1614 1998 1997
3027 2 2 6 102 1617 1900 1777
3028 2 2 6 102 1628 1904 1626
3029 2 2 6 102 1634 1707 1633
3030 2 2 6 102 1651 2063 1728
3031 2 2 6 102 1932 1941 1706
3032 2 2 6 102 1950 2099 1712
3033 2 2 6 102 1726 1735 1724
3034 2 2 6 102 2042 2142 2126
3035 2 2 6 102 244 2112 243
3036 2 2 6 102 245 2132 244
3037 2 2 6 102 252 2111 251
3038 2 2 6 102 259 2090 258
3039 2 2 6 102 1278 1281 1276
3040 2 2 6 102 1298 1299 1295
3041 2 2 6 102 1352 1354 1353
3042 2 2 6 102 1355 1356 1354
3043 2 2 6 102 1356 1358 1357
3044 2 2 6 102 1370 1373 1372
3045 2 2 6 102 1376 1447 1371
3046 2 2 6 102 1625 1626 1382
3047 2 2 6 102 1405 1408 1404
3048 2 2 6 102 1426 1427 1408
3049 2 2 6 102 1444 2117 1446
3050 2 2 6 102 1588 2073 1453
3051 2 2 6 102 1625 1928 1627
3052 2 2 6 102 1739 1762 1741
3053 2 2 6 102 1753 2069 1749
3054 2 2 6 102 2033 2057 2036
3055 2 2 6 102 1267 1268 1265
3056 2 2 6 102 1286 1287 1275
3057 2 2 6 102 1277 1280 1279
3058 2 2 6 102 1298 2047 1300
3059 2 2 6 102 1305 1315 1314
3060 2 2 6 102 1309 1384 1319
3061 2 2 6 102 1312 1317 1311
3062 2 2 6 102 1391 1400 1318
3063 2 2 6 102 1390 2122 2109
3064 2 2 6 102 1775 1776 1393
3065 2 2 6 102 1405 1410 1409
3066 2 2 6 102 1468 2108 1412
3067 2 2 6 102 1422 1473 1472
3068 2 2 6 102 1997 2107 1437
3069 2 2 6 102 1491 1496 1494
3070 2 2 6 102 1777 1778 1586
3071 2 2 6 102 1613 1867 1614
3072 2 2 6 102 1642 1932 1706
3073 2 2 6 102 1643 1978 1977
3074 2 2 6 102 1916 2125 1776
3075 2 2 6 102 2005 2146 2048
3076 2 2 6 102 1134 2091 2090
3077 2 2 6 102 1258 1266 1265
3078 2 2 6 102 1258 1985 1266
3079 2 2 6 102 1376 2097 2096
3080 2 2 6 102 1402 1424 1403
3081 2 2 6 102 1410 1411 1409
3082 2 2 6 102 1429 1430 1411
3083 2 2 6 102 1453 2072 1411
3084 2 2 6 102 1430 2103 1454
3085 2 2 6 102 1651 1652 1452
3086 2 2 6 102 1587 1676 1455
3087 2 2 6 102 2050 2074 1470
3088 2 2 6 102 1488 1491 1489
3089 2 2 6 102 1717 1971 1719
3090 2 2 6 102 1723 1724 1722
3091 2 2 6 102 1751 2052 2051
3092 2 2 6 102 2033 2036 2035
3093 2 2 6 102 1283 1291 1286
3094 2 2 6 102 1345 1346 1344
3095 2 2 6 102 1983 2061 1345
3096 2 2 6 102 1417 1470 1418
3097 2 2 6 102 1418 2074 1420
3098 2 2 6 102 1448 1449 1447
3099 2 2 6 102 1459 1460 1449
3100 2 2 6 102 1797 1863 1597
3101 2 2 6 102 1867 1868 1614
3102 2 2 6 102 1894 1895 1620
3103 2 2 6 102 1931 2139 1632
3104 2 2 6 102 2030 2032 2031
3105 2 2 6 102 2110 2118 2088
3106 2 2 6 102 1252 1253 1250
3107 2 2 6 102 1254 1257 1252
3108 2 2 6 102 1373 1402 1374
3109 2 2 6 102 1595 1596 1427
3110 2 2 6 102 1585 1794 1617
3111 2 2 6 102 2126 2142 1751
3112 2 2 6 102 2112 2113 1137
3113 2 2 6 102 1363 2115 1367
3114 2 2 6 102 1369 2083 1370
3115 2 2 6 102 1412 2108 1395
3116 2 2 6 102 1418 1420 1419
3117 2 2 6 102 1420 1436 1435
3118 2 2 6 102 1455 2103 1430
3119 2 2 6 102 2080 2117 1444
3120 2 2 6 102 1455 2104 2103
3121 2 2 6 102 1477 2123 1710
3122 2 2 6 102 1590 2103 1643
3123 2 2 6 102 1643 1977 1594
3124 2 2 6 102 1619 1893 1620
3125 2 2 6 102 1621 1884 1882
3126 2 2 6 102 1630 2077 2076
3127 2 2 6 102 1635 1708 1654
3128 2 2 6 102 2008 2067 2013
3129 2 2 6 102 2044 2079 2041
3130 2 2 6 102 1258 1265 1257
3131 2 2 6 102 1495 1497 1492
3132 2 2 6 102 2056 2151 2150
3133 2 2 6 102 1251 1255 1254
3134 2 2 6 102 1403 1405 1404
3135 2 2 6 102 1618 1691 1464
3136 2 2 6 102 1466 1611 1465
3137 2 2 6 102 1722 2130 1844
3138 2 2 6 102 2133 2137 2095
3139 2 2 6 102 1243 1244 1242
3140 2 2 6 102 1247 1394 1249
3141 2 2 6 102 1353 2080 1444
3142 2 2 6 102 1433 1434 1416
3143 2 2 6 102 2064 2127 1650
3144 2 2 6 102 1660 1663 1662
3145 2 2 6 102 1266 1269 1267
3146 2 2 6 102 1269 1271 1267
3147 2 2 6 102 2009 2124 2012
3148 2 2 6 102 1396 2106 1299
3149 2 2 6 102 1672 1897 1641
3150 2 2 6 102 1983 2062 2061
3151 2 2 6 102 1277 1278 1276
3152 2 2 6 102 1285 1294 1284
3153 2 2 6 102 1311 2120 1304
3154 2 2 6 102 1356 1357 1354
3155 2 2 6 102 1361 2116 2115
3156 2 2 6 102 1383 1638 1381
3157 2 2 6 102 1596 1729 1427
3158 2 2 6 102 1463 2110 1445
3159 2 2 6 102 1469 1637 1630
3160 2 2 6 102 1469 2139 1637
3161 2 2 6 102 1590 1591 1589
3162 2 2 6 102 1716 1899 1715
3163 2 2 6 102 2010 2124 2009
3164 2 2 6 102 2009 2012 2011
3165 2 2 6 102 2014 2015 2010
3166 2 2 6 102 2015 2124 2010
3167 2 2 6 102 2013 2098 2059
3168 2 2 6 102 2067 2098 2013
3169 2 2 6 102 2049 2137 2133
3170 2 2 6 102 1304 2120 1303
3171 2 2 6 102 1318 2121 1317
3172 2 2 6 102 1724 2130 1722
3173 2 2 6 102 1312 2101 1390
3174 2 2 6 102 1356 2140 1360
3175 2 2 6 102 1654 2131 1476
3176 2 2 6 102 1653 2131 2128
3177 2 2 6 102 2033 2034 2031
3178 2 2 6 102 1382 1976 1383
3179 2 2 6 102 1424 2081 1403
3180 2 2 6 102 1437 2107 1419
3181 2 2 6 102 1291 1293 1286
3182 2 2 6 102 1355 2140 1356
3183 2 2 6 102 2137 2140 1355
3184 2 2 6 102 1447 2127 2100
3185 2 2 6 102 2005 2147 2146
3186 2 2 6 102 1111 2132 245
3187 2 2 6 102 1310 2101 1312
3188 2 2 6 102 1386 2094 1350
3189 2 2 6 102 1416 2133 2095
3190 2 2 6 102 1676 2104 1455
3191 2 2 6 102 1735 2130 1724
3192 2 2 6 102 2094 2137 1355
3193 2 2 6 102 1429 1995 1587
3194 2 2 6 102 1619 1620 1450
3195 2 2 6 102 1451 1481 1480
3196 2 2 6 102 1611 1690 1465
3197 2 2 6 102 2041 2079 2042
3198 2 2 6 102 1339 1340 1338
3199 2 2 6 102 1751 2142 2052
3200 2 2 6 102 1350 2094 1352
3201 2 2 6 102 1403 2081 1405
3202 2 2 6 102 2128 2131 1654
3203 2 2 6 102 1364 2134 1362
3204 2 2 6 102 2100 2134 1364
3205 2 2 6 102 1615 2141 1991
3206 2 2 6 102 1618 2076 1803
3207 2 2 6 102 2096 2097 2058
3208 2 2 6 102 1351 2087 1348
3209 2 2 6 102 1465 2085 1415
3210 2 2 6 102 2109 2122 1653
3211 2 2 6 102 1812 1813 1811
3212 2 2 6 102 2102 2131 2122
3213 2 2 6 102 1406 2084 1402
3214 2 2 6 102 1402 2084 1424
3215 2 2 6 102 1632 2139 1442
3216 2 2 6 102 1358 2116 1361
3217 2 2 6 102 1405 2081 1410
3218 2 2 6 102 2006 2136 1496
3219 2 2 6 102 2095 2137 2094
3220 2 2 6 102 1454 2103 1590
3221 2 2 6 102 1464 2027 1436
3222 2 2 6 102 1453 2073 2072
3223 2 2 6 102 1485 2098 2067
3224 2 2 6 102 1585 1617 1586
3225 2 2 6 102 1611 2138 1815
3226 2 2 6 102 1612 2138 1611
3227 2 2 6 102 2048 2146 2049
3228 2 2 6 102 1497 2135 1492
3229 2 2 6 102 2004 2148 2147
3230 2 2 6 102 1798 2141 1591
3231 2 2 6 102 1715 2138 1612
3232 2 2 6 102 1591 2141 1589
3233 2 2 6 102 1589 2141 1615
3234 2 2 6 102 1650 2127 1449
3235 2 2 6 102 2049 2146 2140
3236 2 2 6 102 1492 2135 1489
3237 2 2 6 102 2153 2155 2083
3238 2 2 6 102 1662 2155 2153
3239 2 2 6 102 1489 2135 1493
3240 2 2 6 102 1493 2145 2004
3241 2 2 6 102 2143 2144 1761
3242 2 2 6 102 2056 2150 1657
3243 2 2 6 102 1382 1383 1381
3244 2 2 6 102 2147 2148 2116
3245 2 2 6 102 1240 1243 1242
3246 2 2 6 102 2057 2152 1663
3247 2 2 6 102 2145 2149 2148
3248 2 2 6 102 2116 2148 2115
3249 2 2 6 102 1302 1625 1382
3250 2 2 6 102 2004 2147 2005
3251 2 2 6 102 1273 1277 1276
3252 2 2 6 102 2146 2147 1360
3253 2 2 6 102 1336 1339 1338
3254 2 2 6 102 1406 2155 2152
3255 2 2 6 102 2032 2152 2057
3256 2 2 6 102 2140 2146 1360
3257 2 2 6 102 1755 2143 1761
3258 2 2 6 102 1360 2147 2116
3259 2 2 6 102 1367 2151 1365
3260 2 2 6 102 1757 2143 1755
3261 2 2 6 102 1585 1586 1575
3262 2 2 6 102 2148 2149 2115
3263 2 2 6 102 1661 2149 2145
3264 2 2 6 102 1584 1968 1585
3265 2 2 6 102 2145 2148 2004
3266 2 2 6 102 2115 2149 1367
3267 2 2 6 102 1657 2150 1661
3268 2 2 6 102 1406 2152 2084
3269 2 2 6 102 2152 2155 1663
3270 2 2 6 102 1369 2153 2083
3271 2 2 6 102 1365 2151 1369
3272 2 2 6 102 1663 2155 1662
3273 2 2 6 102 1661 2150 2149
3274 2 2 6 102 2084 2152 2032
3275 2 2 6 102 2149 2150 1367
3276 2 2 6 102 1662 2153 2056
3277 2 2 6 102 1336 1338 1337
3278 2 2 6 102 1273 1276 1272
3279 2 2 6 102 1381 1967 1239
3280 2 2 6 102 1240 1242 1241
3281 2 2 6 102 2083 2155 1406
3282 2 2 6 102 1302 1382 1381
3283 2 2 6 102 2057 2154 2036
3284 2 2 6 102 2151 2153 1369
3285 2 2 6 102 2056 2153 2151
3286 2 2 6 102 1584 1585 1575
3287 2 2 6 102 1935 1936 1934
3288 2 2 6 102 1963 2160 2157
3289 2 2 6 102 1285 2157 1297
3290 2 2 6 102 1969 2158 1719
3291 2 2 6 102 1719 2158 1720
3292 2 2 6 102 1262 1962 1313
3293 2 2 6 102 1336 1337 1333
3294 2 2 6 102 1302 1381 1239
3295 2 2 6 102 1313 1960 1264
3296 2 2 6 102 1335 1964 1336
3297 2 2 6 102 1240 1241 1238
3298 2 2 6 102 1960 2160 1963
3299 2 2 6 102 1264 1273 1272
3300 2 2 6 102 1297 2157 2026
3301 2 2 6 102 1335 2156 1964
3302 2 2 6 102 1720 2158 1723
3303 2 2 6 102 1575 1974 1574
3304 2 2 6 102 1566 1584 1575
3305 2 2 6 102 1934 1938 1933
3306 2 2 6 102 1687 1835 1834
3307 2 2 6 102 1606 1935 1934
3308 2 2 6 102 1709 2159 2089
3309 2 2 6 102 2026 2160 1710
3310 2 2 6 102 1335 1336 1333
3311 2 2 6 102 1262 1313 1264
3312 2 2 6 102 1239 1240 1238
3313 2 2 6 102 1264 1272 1263
3314 2 2 6 102 1237 1302 1239
3315 2 2 6 102 1332 1961 1335
3316 2 2 6 102 2159 2160 1960
3317 2 2 6 102 1710 2159 1709
3318 2 2 6 102 1566 1575 1574
3319 2 2 6 102 1687 1834 1833
3320 2 2 6 102 1833 1908 1686
3321 2 2 6 102 1606 1934 1933
3322 2 2 6 102 1710 2160 2159
3323 2 2 6 102 1263 1289 1261
3324 2 2 6 102 1262 1264 1263
3325 2 2 6 102 1332 1335 1333
3326 2 2 6 102 1237 1239 1238
3327 2 2 6 102 1566 1574 1565
3328 2 2 6 102 1606 1933 1564
3329 2 2 6 102 1687 1833 1686
3330 2 2 6 102 1965 2161 1737
3331 2 2 6 102 1737 2161 1739
3332 2 2 6 102 1330 1379 1332
3333 2 2 6 102 1262 1263 1261
3334 2 2 6 102 1235 1966 1237
3335 2 2 6 102 1237 1238 1236
3336 2 2 6 102 1332 1333 1331
3337 2 2 6 102 1236 1957 1443
3338 2 2 6 102 1563 1566 1565
3339 2 2 6 102 1952 1953 1624
3340 2 2 6 102 1573 1687 1686
3341 2 2 6 102 1565 1606 1564
3342 2 2 6 102 1739 2161 1762
3343 2 2 6 102 1236 1443 1234
3344 2 2 6 102 1330 1332 1331
3345 2 2 6 102 1235 1237 1236
3346 2 2 6 102 1260 1262 1261
3347 2 2 6 102 1331 1380 1329
3348 2 2 6 102 1563 1565 1564
3349 2 2 6 102 1560 1631 1573
3350 2 2 6 102 1573 1686 1572
3351 2 2 6 102 1572 1952 1624
3352 2 2 6 102 1330 1331 1329
3353 2 2 6 102 1260 1261 1259
3354 2 2 6 102 1328 1958 1330
3355 2 2 6 102 1235 1236 1234
3356 2 2 6 102 1560 1573 1572
3357 2 2 6 102 1572 1624 1559
3358 2 2 6 102 1563 1564 1558
3359 2 2 6 102 1233 1260 1259
3360 2 2 6 102 1234 1954 1233
3361 2 2 6 102 1232 1235 1234
3362 2 2 6 102 1328 1330 1329
3363 2 2 6 102 1560 1572 1559
3364 2 2 6 102 1562 1563 1558
3365 2 2 6 102 1630 2162 2077
3366 2 2 6 102 1328 1329 1327
3367 2 2 6 102 1232 1234 1233
3368 2 2 6 102 1233 1259 1231
3369 2 2 6 102 1556 1562 1558
3370 2 2 6 102 1557 1560 1559
3371 2 2 6 102 1637 2162 1630
3372 2 2 6 102 2139 2163 1637
3373 2 2 6 102 2099 2164 1636
3374 2 2 6 102 1706 2165 1931
3375 2 2 6 102 1275 2166 1271
3376 2 2 6 102 1265 2167 1257
3377 2 2 6 102 1931 2163 2139
3378 2 2 6 102 1950 2164 2099
3379 2 2 6 102 1232 1233 1231
3380 2 2 6 102 1334 1951 1326
3381 2 2 6 102 1326 1328 1327
3382 2 2 6 102 1230 1955 1232
3383 2 2 6 102 1941 2165 1706
3384 2 2 6 102 1287 2166 1275
3385 2 2 6 102 1268 2167 1265
3386 2 2 6 102 1556 1558 1557
3387 2 2 6 102 1557 1559 1555
3388 2 2 6 102 1325 1334 1326
3389 2 2 6 102 1326 1327 1324
3390 2 2 6 102 1375 1925 1325
3391 2 2 6 102 1230 1232 1231
3392 2 2 6 102 1334 2168 1951
3393 2 2 6 102 1556 1557 1555
3394 2 2 6 102 1754 2169 1988
3395 2 2 6 102 1325 1326 1324
3396 2 2 6 102 1228 1440 1230
3397 2 2 6 102 1230 1231 1229
3398 2 2 6 102 1323 1375 1325
3399 2 2 6 102 1229 1923 1439
3400 2 2 6 102 1945 2170 1745
3401 2 2 6 102 1745 2170 1747
3402 2 2 6 102 1554 1556 1555
3403 2 2 6 102 1752 2169 1754
3404 2 2 6 102 1752 2170 2169
3405 2 2 6 102 1747 2170 1752
3406 2 2 6 102 1228 1230 1229
3407 2 2 6 102 1229 1439 1227
3408 2 2 6 102 1323 1325 1324
3409 2 2 6 102 1552 1664 1554
3410 2 2 6 102 1553 1927 1561
3411 2 2 6 102 1554 1555 1553
3412 2 2 6 102 1323 1324 1322
3413 2 2 6 102 1228 1229 1227
3414 2 2 6 102 1226 1926 1228
3415 2 2 6 102 1321 1924 1323
3416 2 2 6 102 1553 1561 1551
3417 2 2 6 102 1552 1554 1553
3418 2 2 6 102 1321 1323 1322
3419 2 2 6 102 1226 1228 1227
3420 2 2 6 102 1322 1616 1320
3421 2 2 6 102 1552 1553 1551
3422 2 2 6 102 1226 1227 1225
3423 2 2 6 102 1321 1322 1320
3424 2 2 6 102 1224 1256 1226
3425 2 2 6 102 1288 1600 1321
3426 2 2 6 102 1682 1919 1550
3427 2 2 6 102 1550 1552 1551
3428 2 2 6 102 1548 1912 1682
3429 2 2 6 102 1288 1321 1320
3430 2 2 6 102 1224 1226 1225
3431 2 2 6 102 1548 1682 1550
3432 2 2 6 102 1550 1551 1549
3433 2 2 6 102 2187 2255 1801
3434 2 2 6 102 2052 2551 2177
3435 2 2 6 102 1224 1225 1222
3436 2 2 6 102 1223 1914 1224
3437 2 2 6 102 1288 1320 1223
3438 2 2 6 102 1269 2171 1274
3439 2 2 6 102 1157 2558 2184
3440 2 2 6 102 1322 2172 1616
3441 2 2 6 102 1104 2403 2265
3442 2 2 6 102 1327 2172 1324
3443 2 2 6 102 1548 1550 1549
3444 2 2 6 102 1562 2173 1563
3445 2 2 6 102 1566 2173 1584
3446 2 2 6 102 1187 2396 2227
3447 2 2 6 102 1532 1535 1534
3448 2 2 6 102 1561 2201 1865
3449 2 2 6 102 1146 1859 71
3450 2 2 6 102 1159 1193 67
3451 2 2 6 102 1270 2171 1269
3452 2 2 6 102 1324 2172 1322
3453 2 2 6 102 2198 2496 1848
3454 2 2 6 102 1195 1196 1194
3455 2 2 6 102 2464 2502 2346
3456 2 2 6 102 1222 1888 1220
3457 2 2 6 102 1563 2173 1566
3458 2 2 6 102 198 1918 197
3459 2 2 6 102 2114 2524 1499
3460 2 2 6 102 2339 2498 1876
3461 2 2 6 102 1758 2223 2046
3462 2 2 6 102 1692 2483 2482
3463 2 2 6 102 1223 1224 1222
3464 2 2 6 102 1221 1288 1223
3465 2 2 6 102 1796 2401 1790
3466 2 2 6 102 2438 2558 1157
3467 2 2 6 102 1197 1198 1196
3468 2 2 6 102 1913 2216 1891
3469 2 2 6 102 197 1130 196
3470 2 2 6 102 194 1139 193
3471 2 2 6 102 195 2174 194
3472 2 2 6 102 190 1190 189
3473 2 2 6 102 192 1164 191
3474 2 2 6 102 75 1129 74
3475 2 2 6 102 78 1138 77
3476 2 2 6 102 80 1163 79
3477 2 2 6 102 82 1189 81
3478 2 2 6 102 196 2175 195
3479 2 2 6 102 2348 2349 2320
3480 2 2 6 102 1199 1200 1198
3481 2 2 6 102 209 2184 208
3482 2 2 6 102 43 2180 42
3483 2 2 6 102 52 2182 51
3484 2 2 6 102 63 2179 62
3485 2 2 6 102 213 1136 212
3486 2 2 6 102 226 1108 225
3487 2 2 6 102 228 1172 227
3488 2 2 6 102 233 1148 232
3489 2 2 6 102 235 1183 234
3490 2 2 6 102 39 1149 38
3491 2 2 6 102 41 2191 40
3492 2 2 6 102 44 1171 43
3493 2 2 6 102 46 1109 45
3494 2 2 6 102 49 1168 48
3495 2 2 6 102 37 1184 36
3496 2 2 6 102 42 1133 41
3497 2 2 6 102 50 2181 49
3498 2 2 6 102 51 1106 50
3499 2 2 6 102 53 1165 52
3500 2 2 6 102 57 1169 56
3501 2 2 6 102 58 2183 57
3502 2 2 6 102 59 1135 58
3503 2 2 6 102 210 1157 209
3504 2 2 6 102 215 1166 214
3505 2 2 6 102 219 1170 218
3506 2 2 6 102 221 1107 220
3507 2 2 6 102 222 2186 221
3508 2 2 6 102 223 2187 222
3509 2 2 6 102 224 1167 223
3510 2 2 6 102 230 1132 229
3511 2 2 6 102 40 2177 39
3512 2 2 6 102 45 2178 44
3513 2 2 6 102 55 1113 54
3514 2 2 6 102 62 1156 61
3515 2 2 6 102 217 1112 216
3516 2 2 6 102 229 2189 228
3517 2 2 6 102 225 2188 224
3518 2 2 6 102 234 2190 233
3519 2 2 6 102 214 2185 213
3520 2 2 6 102 1201 1202 1200
3521 2 2 6 102 1164 2193 1908
3522 2 2 6 102 1548 1549 1545
3523 2 2 6 102 1439 2195 1227
3524 2 2 6 102 1203 1204 1202
3525 2 2 6 102 1887 2463 1883
3526 2 2 6 102 1507 1820 1505
3527 2 2 6 102 2194 2223 1138
3528 2 2 6 102 1270 2196 2171
3529 2 2 6 102 1782 2302 2249
3530 2 2 6 102 1205 1206 1204
3531 2 2 6 102 1193 1850 1191
3532 2 2 6 102 1289 2428 1929
3533 2 2 6 102 1130 2176 2175
3534 2 2 6 102 1831 2199 1683
3535 2 2 6 102 1902 2559 1571
3536 2 2 6 102 1912 2392 1682
3537 2 2 6 102 1207 1208 1206
3538 2 2 6 102 216 2192 215
3539 2 2 6 102 1530 2557 1528
3540 2 2 6 102 205 1854 204
3541 2 2 6 102 69 1901 68
3542 2 2 6 102 203 1861 202
3543 2 2 6 102 201 1857 200
3544 2 2 6 102 1142 2316 2314
3545 2 2 6 102 1209 1210 1208
3546 2 2 6 102 1517 1518 1516
3547 2 2 6 102 1519 1520 1518
3548 2 2 6 102 1842 1852 1607
3549 2 2 6 102 1927 2201 1561
3550 2 2 6 102 1953 2201 1624
3551 2 2 6 102 2024 2200 1665
3552 2 2 6 102 1691 2202 2027
3553 2 2 6 102 1613 2202 1867
3554 2 2 6 102 1211 1212 1210
3555 2 2 6 102 1893 2220 1896
3556 2 2 6 102 193 2193 192
3557 2 2 6 102 1521 1522 1520
3558 2 2 6 102 2092 2226 1884
3559 2 2 6 102 79 2194 78
3560 2 2 6 102 2225 2492 1458
3561 2 2 6 102 2309 2315 2248
3562 2 2 6 102 2336 2500 2248
3563 2 2 6 102 1523 1524 1522
3564 2 2 6 102 194 2174 1139
3565 2 2 6 102 195 2175 2174
3566 2 2 6 102 1130 2175 196
3567 2 2 6 102 1537 1538 1536
3568 2 2 6 102 2266 2489 1828
3569 2 2 6 102 1525 1526 1524
3570 2 2 6 102 1219 2234 1221
3571 2 2 6 102 2034 2436 1105
3572 2 2 6 102 238 2204 1187
3573 2 2 6 102 1152 2204 239
3574 2 2 6 102 2002 2205 2059
3575 2 2 6 102 2380 2564 1181
3576 2 2 6 102 2025 2206 1818
3577 2 2 6 102 1823 2206 1674
3578 2 2 6 102 2302 2545 1881
3579 2 2 6 102 1527 1528 1526
3580 2 2 6 102 1986 2196 1270
3581 2 2 6 102 2023 2208 1496
3582 2 2 6 102 1494 2208 1499
3583 2 2 6 102 1337 2216 1913
3584 2 2 6 102 1839 2215 1846
3585 2 2 6 102 1157 2184 209
3586 2 2 6 102 1165 2182 52
3587 2 2 6 102 62 2179 1156
3588 2 2 6 102 1183 2190 234
3589 2 2 6 102 39 2177 1149
3590 2 2 6 102 42 2180 1133
3591 2 2 6 102 51 2182 1106
3592 2 2 6 102 1171 2180 43
3593 2 2 6 102 1106 2181 50
3594 2 2 6 102 1135 2183 58
3595 2 2 6 102 1167 2187 223
3596 2 2 6 102 1133 2191 41
3597 2 2 6 102 44 2178 1171
3598 2 2 6 102 40 2191 2177
3599 2 2 6 102 49 2181 1168
3600 2 2 6 102 57 2183 1169
3601 2 2 6 102 221 2186 1107
3602 2 2 6 102 222 2187 2186
3603 2 2 6 102 228 2189 1172
3604 2 2 6 102 1109 2178 45
3605 2 2 6 102 1108 2188 225
3606 2 2 6 102 1132 2189 229
3607 2 2 6 102 1166 2185 214
3608 2 2 6 102 213 2185 1136
3609 2 2 6 102 224 2188 1167
3610 2 2 6 102 233 2190 1148
3611 2 2 6 102 1980 2531 1977
3612 2 2 6 102 66 1193 1191
3613 2 2 6 102 70 1859 1151
3614 2 2 6 102 192 2193 1164
3615 2 2 6 102 1139 2193 193
3616 2 2 6 102 2351 2552 1603
3617 2 2 6 102 78 2194 1138
3618 2 2 6 102 1163 2194 79
3619 2 2 6 102 2046 2223 2194
3620 2 2 6 102 197 1918 1130
3621 2 2 6 102 1192 2550 2331
3622 2 2 6 102 2333 2549 1191
3623 2 2 6 102 1112 2192 216
3624 2 2 6 102 215 2192 1166
3625 2 2 6 102 1986 2553 2539
3626 2 2 6 102 1617 2214 1900
3627 2 2 6 102 2053 2216 1337
3628 2 2 6 102 2325 2498 2339
3629 2 2 6 102 1135 2205 2183
3630 2 2 6 102 1227 2195 1225
3631 2 2 6 102 2576 2577 1906
3632 2 2 6 102 1806 2217 1760
3633 2 2 6 102 1757 2217 2143
3634 2 2 6 102 1865 2222 2176
3635 2 2 6 102 1841 2419 1840
3636 2 2 6 102 1500 2537 1870
3637 2 2 6 102 1839 1841 1840
3638 2 2 6 102 1704 1912 1544
3639 2 2 6 102 1863 2466 2188
3640 2 2 6 102 1986 2539 2196
3641 2 2 6 102 2020 2484 60
3642 2 2 6 102 1690 2220 2085
3643 2 2 6 102 1619 2220 1893
3644 2 2 6 102 1569 2501 1838
3645 2 2 6 102 60 2497 2020
3646 2 2 6 102 1221 1223 1222
3647 2 2 6 102 1665 2200 2077
3648 2 2 6 102 1225 2195 1888
3649 2 2 6 102 1959 2221 1245
3650 2 2 6 102 1858 2460 1147
3651 2 2 6 102 1935 2293 1937
3652 2 2 6 102 1134 2226 2092
3653 2 2 6 102 261 2226 260
3654 2 2 6 102 1600 2234 1911
3655 2 2 6 102 1529 1530 1528
3656 2 2 6 102 1624 2201 1927
3657 2 2 6 102 1934 2230 1938
3658 2 2 6 102 2027 2202 1613
3659 2 2 6 102 1890 2213 1892
3660 2 2 6 102 1815 2404 1690
3661 2 2 6 102 2254 2581 1786
3662 2 2 6 102 1184 2473 2232
3663 2 2 6 102 1468 2471 1900
3664 2 2 6 102 2231 2511 1183
3665 2 2 6 102 1977 2531 1791
3666 2 2 6 102 1782 2545 2302
3667 2 2 6 102 1888 2496 1290
3668 2 2 6 102 1766 2547 1873
3669 2 2 6 102 1225 1888 1222
3670 2 2 6 102 262 2233 261
3671 2 2 6 102 1290 2496 2198
3672 2 2 6 102 1538 2521 1536
3673 2 2 6 102 1678 2237 2037
3674 2 2 6 102 1583 2516 1889
3675 2 2 6 102 2517 2579 1771
3676 2 2 6 102 1172 2203 227
3677 2 2 6 102 226 2203 1108
3678 2 2 6 102 2298 2380 1181
3679 2 2 6 102 1906 2198 1907
3680 2 2 6 102 208 2228 207
3681 2 2 6 102 64 2227 63
3682 2 2 6 102 1509 1512 1507
3683 2 2 6 102 1545 1570 1541
3684 2 2 6 102 36 2232 35
3685 2 2 6 102 236 2231 235
3686 2 2 6 102 37 2209 1184
3687 2 2 6 102 1149 2209 38
3688 2 2 6 102 2265 2276 1104
3689 2 2 6 102 2258 2281 2259
3690 2 2 6 102 2205 2395 2059
3691 2 2 6 102 239 2204 238
3692 2 2 6 102 2001 2205 2002
3693 2 2 6 102 2185 2200 1136
3694 2 2 6 102 1515 1516 1513
3695 2 2 6 102 1674 2206 2025
3696 2 2 6 102 2176 2222 2175
3697 2 2 6 102 1814 2244 1813
3698 2 2 6 102 2034 2244 2031
3699 2 2 6 102 1288 2234 1600
3700 2 2 6 102 1800 2563 1801
3701 2 2 6 102 1432 2487 2296
3702 2 2 6 102 1835 2393 2190
3703 2 2 6 102 1496 2208 1494
3704 2 2 6 102 227 2203 226
3705 2 2 6 102 1544 1548 1545
3706 2 2 6 102 2190 2393 1148
3707 2 2 6 102 1844 2243 1845
3708 2 2 6 102 1693 2213 1890
3709 2 2 6 102 1917 2213 1693
3710 2 2 6 102 1825 2398 1849
3711 2 2 6 102 1574 2293 1565
3712 2 2 6 102 1606 2293 1935
3713 2 2 6 102 1974 2294 1574
3714 2 2 6 102 1803 2405 1691
3715 2 2 6 102 1188 2228 1886
3716 2 2 6 102 2052 2292 2051
3717 2 2 6 102 1114 2353 2318
3718 2 2 6 102 1790 2401 1918
3719 2 2 6 102 38 2209 37
3720 2 2 6 102 1870 2537 2197
3721 2 2 6 102 1794 2214 1617
3722 2 2 6 102 1639 2216 2053
3723 2 2 6 102 1827 2579 1826
3724 2 2 6 102 1760 2217 1757
3725 2 2 6 102 1846 1847 1841
3726 2 2 6 102 1842 2412 1852
3727 2 2 6 102 1157 2409 1897
3728 2 2 6 102 1916 2384 1664
3729 2 2 6 102 2037 2237 2038
3730 2 2 6 102 1856 1881 1855
3731 2 2 6 102 1569 1838 1837
3732 2 2 6 102 2144 2378 1761
3733 2 2 6 102 2179 2427 1156
3734 2 2 6 102 1213 1214 1212
3735 2 2 6 102 1856 2469 1881
3736 2 2 6 102 2085 2220 1619
3737 2 2 6 102 2035 2436 2034
3738 2 2 6 102 1793 2382 1736
3739 2 2 6 102 1900 2499 1468
3740 2 2 6 102 1764 2554 1206
3741 2 2 6 102 1733 2415 2350
3742 2 2 6 102 199 1877 198
3743 2 2 6 102 1664 2384 1554
3744 2 2 6 102 1556 2384 1562
3745 2 2 6 102 2091 2385 2090
3746 2 2 6 102 1107 2242 220
3747 2 2 6 102 219 2242 1170
3748 2 2 6 102 1839 1840 1838
3749 2 2 6 102 1884 2422 2092
3750 2 2 6 102 46 2243 1109
3751 2 2 6 102 1196 2474 1802
3752 2 2 6 102 1135 2395 2205
3753 2 2 6 102 1699 2391 1696
3754 2 2 6 102 1938 2393 1956
3755 2 2 6 102 1866 2221 1959
3756 2 2 6 102 2014 2395 2020
3757 2 2 6 102 1597 2471 1468
3758 2 2 6 102 1837 1842 1607
3759 2 2 6 102 1801 2255 2129
3760 2 2 6 102 2023 2462 2208
3761 2 2 6 102 1911 2234 1377
3762 2 2 6 102 2069 2223 1758
3763 2 2 6 102 1788 2235 1576
3764 2 2 6 102 1377 2234 1219
3765 2 2 6 102 2176 2485 1865
3766 2 2 6 102 1772 2498 2325
3767 2 2 6 102 231 2505 1936
3768 2 2 6 102 1502 2238 8
3769 2 2 6 102 1146 2435 1853
3770 2 2 6 102 2274 2275 1768
3771 2 2 6 102 2142 2551 2052
3772 2 2 6 102 1865 2485 1864
3773 2 2 6 102 260 2226 1134
3774 2 2 6 102 1221 1222 1220
3775 2 2 6 102 2125 2411 1282
3776 2 2 6 102 1937 2455 2189
3777 2 2 6 102 1276 2412 1272
3778 2 2 6 102 1936 2230 1934
3779 2 2 6 102 2301 2574 2249
3780 2 2 6 102 1848 2441 2198
3781 2 2 6 102 1181 2381 2298
3782 2 2 6 102 1290 2198 1906
3783 2 2 6 102 2175 2222 2174
3784 2 2 6 102 1272 2417 1263
3785 2 2 6 102 1877 2538 1918
3786 2 2 6 102 1929 2419 1923
3787 2 2 6 102 1783 2413 2305
3788 2 2 6 102 1804 1910 1805
3789 2 2 6 102 1111 2421 2132
3790 2 2 6 102 1592 2422 1456
3791 2 2 6 102 1621 2422 1884
3792 2 2 6 102 1151 2296 1905
3793 2 2 6 102 2302 2369 1140
3794 2 2 6 102 1978 2443 1979
3795 2 2 6 102 1169 2383 56
3796 2 2 6 102 55 2383 1113
3797 2 2 6 102 2015 2427 2124
3798 2 2 6 102 1679 2211 1832
3799 2 2 6 102 1153 2233 262
3800 2 2 6 102 1981 2459 1161
3801 2 2 6 102 1763 2315 2309
3802 2 2 6 102 2184 2228 208
3803 2 2 6 102 63 2227 2179
3804 2 2 6 102 1990 2506 1292
3805 2 2 6 102 1105 2436 250
3806 2 2 6 102 2042 2439 2142
3807 2 2 6 102 237 2504 2
3808 2 2 6 102 18 2503 265
3809 2 2 6 102 2430 2488 2381
3810 2 2 6 102 1292 2518 1990
3811 2 2 6 102 1907 2576 1906
3812 2 2 6 102 2 2504 64
3813 2 2 6 102 207 2503 18
3814 2 2 6 102 2104 2443 1978
3815 2 2 6 102 2207 2537 1688
3816 2 2 6 102 2314 2433 2313
3817 2 2 6 102 2350 2415 1694
3818 2 2 6 102 1396 2446 2106
3819 2 2 6 102 1918 2401 1130
3820 2 2 6 102 2426 2577 1378
3821 2 2 6 102 2129 2255 1797
3822 2 2 6 102 1513 2297 1512
3823 2 2 6 102 1610 2452 1798
3824 2 2 6 102 235 2231 1183
3825 2 2 6 102 1184 2232 36
3826 2 2 6 102 1109 2522 2178
3827 2 2 6 102 1221 2234 1288
3828 2 2 6 102 1668 1669 1667
3829 2 2 6 102 1137 2458 242
3830 2 2 6 102 1996 2461 1765
3831 2 2 6 102 2181 2397 1899
3832 2 2 6 102 77 2434 76
3833 2 2 6 102 1994 2463 1672
3834 2 2 6 102 1883 2463 1622
3835 2 2 6 102 2330 2520 1705
3836 2 2 6 102 2208 2462 2113
3837 2 2 6 102 1998 2465 1800
3838 2 2 6 102 1848 2442 2441
3839 2 2 6 102 1777 2471 1795
3840 2 2 6 102 2038 2237 1111
3841 2 2 6 102 1129 2407 74
3842 2 2 6 102 2223 2378 1138
3843 2 2 6 102 2204 2396 1187
3844 2 2 6 102 1305 2491 1315
3845 2 2 6 102 2254 2295 2252
3846 2 2 6 102 1869 2532 1170
3847 2 2 6 102 2171 2530 1274
3848 2 2 6 102 1468 2499 2108
3849 2 2 6 102 210 2409 1157
3850 2 2 6 102 1773 2237 1678
3851 2 2 6 102 1872 1873 1871
3852 2 2 6 102 1292 2506 1291
3853 2 2 6 102 2035 2544 2436
3854 2 2 6 102 1791 2531 2385
3855 2 2 6 102 1780 2518 1816
3856 2 2 6 102 1990 2518 1989
3857 2 2 6 102 1816 2530 2171
3858 2 2 6 102 1895 2526 2001
3859 2 2 6 102 1283 2530 1292
3860 2 2 6 102 2078 2553 1824
3861 2 2 6 102 76 2457 75
3862 2 2 6 102 1849 2398 1568
3863 2 2 6 102 248 2544 1160
3864 2 2 6 102 1645 2539 1595
3865 2 2 6 102 1886 2558 1887
3866 2 2 6 102 2031 2244 1814
3867 2 2 6 102 1698 1699 1696
3868 2 2 6 102 2069 2378 2223
3869 2 2 6 102 1680 2559 1902
3870 2 2 6 102 220 2242 219
3871 2 2 6 102 2400 2483 1692
3872 2 2 6 102 2020 2497 2015
3873 2 2 6 102 2271 2272 2270
3874 2 2 6 102 47 2243 46
3875 2 2 6 102 1531 1532 1530
3876 2 2 6 102 1899 2397 1715
3877 2 2 6 102 1107 2465 2242
3878 2 2 6 102 60 2484 59
3879 2 2 6 102 1 2512 82
3880 2 2 6 102 189 2510 17
3881 2 2 6 102 35 2512 1
3882 2 2 6 102 17 2510 236
3883 2 2 6 102 1685 2425 2379
3884 2 2 6 102 61 2497 60
3885 2 2 6 102 1672 2438 1897
3886 2 2 6 102 2309 2352 1117
3887 2 2 6 102 1149 2439 2209
3888 2 2 6 102 1909 2511 1190
3889 2 2 6 102 1896 2529 1113
3890 2 2 6 102 2210 2580 2380
3891 2 2 6 102 2045 2507 1189
3892 2 2 6 102 1519 2451 1521
3893 2 2 6 102 2318 2368 2320
3894 2 2 6 102 2196 2539 1645
3895 2 2 6 102 1863 2440 1795
3896 2 2 6 102 2200 2414 2077
3897 2 2 6 102 2308 2309 1117
3898 2 2 6 102 1116 2311 2310
3899 2 2 6 102 1889 2516 1858
3900 2 2 6 102 2245 2472 1127
3901 2 2 6 102 2185 2414 2200
3902 2 2 6 102 2262 2416 1767
3903 2 2 6 102 2051 2292 1984
3904 2 2 6 102 1565 2293 1606
3905 2 2 6 102 1822 2294 1974
3906 2 2 6 102 1576 2235 1577
3907 2 2 6 102 1168 2477 48
3908 2 2 6 102 80 2507 1163
3909 2 2 6 102 1189 2507 81
3910 2 2 6 102 1908 2402 1952
3911 2 2 6 102 1796 2485 2401
3912 2 2 6 102 1540 1704 1544
3913 2 2 6 102 1148 2505 232
3914 2 2 6 102 2359 2369 2302
3915 2 2 6 102 1167 2255 2187
3916 2 2 6 102 2018 2396 2204
3917 2 2 6 102 1113 2529 54
3918 2 2 6 102 53 2529 1165
3919 2 2 6 102 1170 2532 218
3920 2 2 6 102 217 2532 1112
3921 2 2 6 102 1872 2509 1873
3922 2 2 6 102 1539 1546 1538
3923 2 2 6 102 1821 2240 2239
3924 2 2 6 102 2243 2477 1845
3925 2 2 6 102 1136 2540 212
3926 2 2 6 102 1535 1537 1536
3927 2 2 6 102 2489 2579 1828
3928 2 2 6 102 2259 2519 2258
3929 2 2 6 102 1897 2409 1898
3930 2 2 6 102 1705 2520 2291
3931 2 2 6 102 2241 2418 2251
3932 2 2 6 102 1952 2402 1953
3933 2 2 6 102 1133 2292 2191
3934 2 2 6 102 1850 2572 2364
3935 2 2 6 102 2209 2439 2079
3936 2 2 6 102 1544 1545 1541
3937 2 2 6 102 1216 2577 1214
3938 2 2 6 102 2459 2555 1161
3939 2 2 6 102 1169 2526 2383
3940 2 2 6 102 1715 2397 2138
3941 2 2 6 102 1732 2415 1733
3942 2 2 6 102 2193 2402 1908
3943 2 2 6 102 2184 2558 1886
3944 2 2 6 102 2111 2555 1813
3945 2 2 6 102 1858 2429 1889
3946 2 2 6 102 1779 1788 1576
3947 2 2 6 102 1761 2378 2069
3948 2 2 6 102 1681 2454 2445
3949 2 2 6 102 1125 2361 2330
3950 2 2 6 102 1192 1856 1854
3951 2 2 6 102 65 2549 3
3952 2 2 6 102 16 2550 206
3953 2 2 6 102 73 2435 72
3954 2 2 6 102 1215 1216 1214
3955 2 2 6 102 1736 2382 1735
3956 2 2 6 102 2240 2241 1182
3957 2 2 6 102 2340 2394 1174
3958 2 2 6 102 2347 2368 1145
3959 2 2 6 102 2325 2339 2338
3960 2 2 6 102 1905 2423 1151
3961 2 2 6 102 1704 2476 2236
3962 2 2 6 102 1570 2467 1541
3963 2 2 6 102 1504 1505 1502
3964 2 2 6 102 1554 2384 1556
3965 2 2 6 102 1774 2391 1699
3966 2 2 6 102 2262 2470 2416
3967 2 2 6 102 1125 2330 2329
3968 2 2 6 102 2090 2385 1162
3969 2 2 6 102 1793 2493 2180
3970 2 2 6 102 2265 2403 2267
3971 2 2 6 102 2291 2413 2290
3972 2 2 6 102 56 2383 55
3973 2 2 6 102 2242 2465 1868
3974 2 2 6 102 1569 1837 1607
3975 2 2 6 102 1880 2575 1255
3976 2 2 6 102 1540 2476 1704
3977 2 2 6 102 9 1131 147
3978 2 2 6 102 124 1122 10
3979 2 2 6 102 1874 2444 1766
3980 2 2 6 102 2028 2392 1281
3981 2 2 6 102 1864 2485 1796
3982 2 2 6 102 1956 2393 1835
3983 2 2 6 102 2230 2505 1148
3984 2 2 6 102 2275 2560 1768
3985 2 2 6 102 1705 2291 2290
3986 2 2 6 102 2348 2350 2349
3987 2 2 6 102 2059 2395 2014
3988 2 2 6 102 2019 2396 2018
3989 2 2 6 102 2255 2466 1797
3990 2 2 6 102 2296 2487 1905
3991 2 2 6 102 1897 2438 1157
3992 2 2 6 102 2222 2527 2174
3993 2 2 6 102 1878 2515 1853
3994 2 2 6 102 72 2435 1146
3995 2 2 6 102 1968 2468 1775
3996 2 2 6 102 2294 2455 1937
3997 2 2 6 102 1690 2404 2220
3998 2 2 6 102 1130 2401 2176
3999 2 2 6 102 1159 1195 1194
4000 2 2 6 102 2241 2387 1182
4001 2 2 6 102 1691 2405 2202
4002 2 2 6 102 2454 2569 1568
4003 2 2 6 102 2202 2405 1869
4004 2 2 6 102 2375 2508 1144
4005 2 2 6 102 2224 2492 2225
4006 2 2 6 102 1681 2569 2454
4007 2 2 6 102 1584 2468 1968
4008 2 2 6 102 1838 2428 1837
4009 2 2 6 102 1377 2543 1911
4010 2 2 6 102 1578 2552 2351
4011 2 2 6 102 1786 2284 2283
4012 2 2 6 102 147 2250 146
4013 2 2 6 102 1505 2238 1502
4014 2 2 6 102 74 2407 73
4015 2 2 6 102 1499 2524 2119
4016 2 2 6 102 1798 2514 2141
4017 2 2 6 102 2113 2462 1137
4018 2 2 6 102 1128 2413 2354
4019 2 2 6 102 126 1829 125
4020 2 2 6 102 130 2268 129
4021 2 2 6 102 140 1123 139
4022 2 2 6 102 142 1787 141
4023 2 2 6 102 146 2286 145
4024 2 2 6 102 136 1101 135
4025 2 2 6 102 132 1124 131
4026 2 2 6 102 134 1769 133
4027 2 2 6 102 138 2258 137
4028 2 2 6 102 144 1103 143
4029 2 2 6 102 128 1104 127
4030 2 2 6 102 131 2287 130
4031 2 2 6 102 135 2289 134
4032 2 2 6 102 125 2263 124
4033 2 2 6 102 127 2276 126
4034 2 2 6 102 129 2277 128
4035 2 2 6 102 133 2278 132
4036 2 2 6 102 137 2279 136
4037 2 2 6 102 141 2256 140
4038 2 2 6 102 139 2281 138
4039 2 2 6 102 143 2282 142
4040 2 2 6 102 145 2285 144
4041 2 2 6 102 2077 2414 2076
4042 2 2 6 102 1106 2397 2181
4043 2 2 6 102 1195 1197 1196
4044 2 2 6 102 1219 1221 1220
4045 2 2 6 102 1700 2580 1702
4046 2 2 6 102 47 2477 2243
4047 2 2 6 102 1197 1199 1198
4048 2 2 6 102 2420 2513 1910
4049 2 2 6 102 1784 2581 2254
4050 2 2 6 102 1199 1201 1200
4051 2 2 6 102 1512 2297 1821
4052 2 2 6 102 1201 1203 1202
4053 2 2 6 102 1694 2351 2350
4054 2 2 6 102 2269 2489 2266
4055 2 2 6 102 1203 1205 1204
4056 2 2 6 102 1139 2402 2193
4057 2 2 6 102 1167 2466 2255
4058 2 2 6 102 164 2479 2316
4059 2 2 6 102 1205 1207 1206
4060 2 2 6 102 1207 1209 1208
4061 2 2 6 102 2318 2320 2319
4062 2 2 6 102 1517 1519 1518
4063 2 2 6 102 1209 1211 1210
4064 2 2 6 102 1519 1521 1520
4065 2 2 6 102 2173 2468 1584
4066 2 2 6 102 1282 2411 2028
4067 2 2 6 102 1774 2445 2391
4068 2 2 6 102 1521 1523 1522
4069 2 2 6 102 1281 2412 1276
4070 2 2 6 102 1515 1517 1516
4071 2 2 6 102 1523 1525 1524
4072 2 2 6 102 1211 1213 1212
4073 2 2 6 102 1525 1527 1526
4074 2 2 6 102 211 2409 210
4075 2 2 6 102 1698 1700 1699
4076 2 2 6 102 1503 1671 1670
4077 2 2 6 102 2402 2527 1953
4078 2 2 6 102 1527 1529 1528
4079 2 2 6 102 1669 1862 1781
4080 2 2 6 102 1911 2543 1804
4081 2 2 6 102 1819 2468 2173
4082 2 2 6 102 1852 2432 1607
4083 2 2 6 102 1116 2312 2311
4084 2 2 6 102 2292 2493 1984
4085 2 2 6 102 1848 2496 1847
4086 2 2 6 102 2409 2540 1898
4087 2 2 6 102 1795 2440 1799
4088 2 2 6 102 1133 2493 2292
4089 2 2 6 102 1731 2464 2337
4090 2 2 6 102 1145 2371 2347
4091 2 2 6 102 1117 2377 2308
4092 2 2 6 102 1174 2342 2340
4093 2 2 6 102 2326 2376 1120
4094 2 2 6 102 1128 2334 2305
4095 2 2 6 102 2310 2366 1116
4096 2 2 6 102 2338 2372 2325
4097 2 2 6 102 1532 2236 1535
4098 2 2 6 102 1907 2441 2410
4099 2 2 6 102 2248 2315 1666
4100 2 2 6 102 2305 2413 1128
4101 2 2 6 102 1783 2305 2304
4102 2 2 6 102 161 2478 2312
4103 2 2 6 102 2201 2573 1865
4104 2 2 6 102 1263 2417 1289
4105 2 2 6 102 2382 2522 1735
4106 2 2 6 102 1859 2296 1151
4107 2 2 6 102 1458 2475 2225
4108 2 2 6 102 2321 2433 2314
4109 2 2 6 102 1509 1513 1512
4110 2 2 6 102 1855 2545 2447
4111 2 2 6 102 1161 2555 2111
4112 2 2 6 102 2317 2321 2314
4113 2 2 6 102 2258 2519 2279
4114 2 2 6 102 2398 2454 1568
4115 2 2 6 102 1697 1731 1695
4116 2 2 6 102 1923 2419 1439
4117 2 2 6 102 2397 2534 2138
4118 2 2 6 102 1732 1733 1731
4119 2 2 6 102 1698 2389 1700
4120 2 2 6 102 2383 2526 1894
4121 2 2 6 102 1217 1218 1216
4122 2 2 6 102 2132 2421 2114
4123 2 2 6 102 1456 2422 1621
4124 2 2 6 102 1166 2414 2185
4125 2 2 6 102 2144 2434 2378
4126 2 2 6 102 1671 1871 1870
4127 2 2 6 102 1529 1531 1530
4128 2 2 6 102 2124 2427 2019
4129 2 2 6 102 11 1695 160
4130 2 2 6 102 111 1501 8
4131 2 2 6 102 2271 2542 2288
4132 2 2 6 102 2212 2327 2326
4133 2 2 6 102 1702 2580 2210
4134 2 2 6 102 1790 2538 1789
4135 2 2 6 102 1828 2488 2430
4136 2 2 6 102 1918 2538 1790
4137 2 2 6 102 1889 2408 1583
4138 2 2 6 102 2220 2404 1896
4139 2 2 6 102 2465 2563 1800
4140 2 2 6 102 2229 2424 1831
4141 2 2 6 102 2425 2571 1763
4142 2 2 6 102 2416 2470 1608
4143 2 2 6 102 2348 2502 2350
4144 2 2 6 102 1788 2516 2235
4145 2 2 6 102 2245 2246 1808
4146 2 2 6 102 250 2436 249
4147 2 2 6 102 2439 2551 2142
4148 2 2 6 102 2437 2452 1792
4149 2 2 6 102 2079 2439 2042
4150 2 2 6 102 1865 2573 2222
4151 2 2 6 102 160 2299 159
4152 2 2 6 102 2239 2386 1511
4153 2 2 6 102 1100 2386 2239
4154 2 2 6 102 172 2306 171
4155 2 2 6 102 4 2303 96
4156 2 2 6 102 85 2363 84
4157 2 2 6 102 101 2358 100
4158 2 2 6 102 99 1178 98
4159 2 2 6 102 106 1118 105
4160 2 2 6 102 107 2338 106
4161 2 2 6 102 112 2300 111
4162 2 2 6 102 114 1119 113
4163 2 2 6 102 156 1173 155
4164 2 2 6 102 95 1128 94
4165 2 2 6 102 181 1126 180
4166 2 2 6 102 88 1185 87
4167 2 2 6 102 168 1176 14
4168 2 2 6 102 163 1142 162
4169 2 2 6 102 102 1121 101
4170 2 2 6 102 110 2323 109
4171 2 2 6 102 117 1144 116
4172 2 2 6 102 13 1116 174
4173 2 2 6 102 109 1143 108
4174 2 2 6 102 159 2337 158
4175 2 2 6 102 166 1114 165
4176 2 2 6 102 173 1177 172
4177 2 2 6 102 186 1154 185
4178 2 2 6 102 179 1179 178
4179 2 2 6 102 86 1155 85
4180 2 2 6 102 15 1140 188
4181 2 2 6 102 93 1180 92
4182 2 2 6 102 91 1125 90
4183 2 2 6 102 184 1186 183
4184 2 2 6 102 83 1141 4
4185 2 2 6 102 97 1120 6
4186 2 2 6 102 175 2301 15
4187 2 2 6 102 170 1117 169
4188 2 2 6 102 177 1127 176
4189 2 2 6 102 5 1175 103
4190 2 2 6 102 104 1174 7
4191 2 2 6 102 154 1145 12
4192 2 2 6 102 108 2372 107
4193 2 2 6 102 158 1115 157
4194 2 2 6 102 96 2334 95
4195 2 2 6 102 176 2332 175
4196 2 2 6 102 115 2341 114
4197 2 2 6 102 103 2328 102
4198 2 2 6 102 178 2356 177
4199 2 2 6 102 187 2359 186
4200 2 2 6 102 14 2335 181
4201 2 2 6 102 94 2354 93
4202 2 2 6 102 90 2362 5
4203 2 2 6 102 167 2353 166
4204 2 2 6 102 105 2342 104
4205 2 2 6 102 180 2360 179
4206 2 2 6 102 92 2361 91
4207 2 2 6 102 169 2352 168
4208 2 2 6 102 183 2331 182
4209 2 2 6 102 89 2333 88
4210 2 2 6 102 174 2366 173
4211 2 2 6 102 12 2367 167
4212 2 2 6 102 185 2357 184
4213 2 2 6 102 87 2355 86
4214 2 2 6 102 113 2373 112
4215 2 2 6 102 155 2371 154
4216 2 2 6 102 84 2370 83
4217 2 2 6 102 188 2369 187
4218 2 2 6 102 157 2345 156
4219 2 2 6 102 100 2374 99
4220 2 2 6 102 6 2376 110
4221 2 2 6 102 116 2365 115
4222 2 2 6 102 98 2343 97
4223 2 2 6 102 7 2375 117
4224 2 2 6 102 171 2377 170
4225 2 2 6 102 2198 2441 1907
4226 2 2 6 102 1602 1668 1667
4227 2 2 6 102 1537 1539 1538
4228 2 2 6 102 2253 2418 1785
4229 2 2 6 102 1797 2466 1863
4230 2 2 6 102 2391 2445 1734
4231 2 2 6 102 2260 2261 2259
4232 2 2 6 102 2265 2267 2266
4233 2 2 6 102 2267 2270 2269
4234 2 2 6 102 1580 1583 1582
4235 2 2 6 102 1676 2443 2104
4236 2 2 6 102 2141 2514 1991
4237 2 2 6 102 2410 2483 1907
4238 2 2 6 102 1138 2434 77
4239 2 2 6 102 2106 2446 1673
4240 2 2 6 102 2214 2499 1900
4241 2 2 6 102 1139 2527 2402
4242 2 2 6 102 1701 1774 1699
4243 2 2 6 102 2240 2528 2241
4244 2 2 6 102 1792 2452 1610
4245 2 2 6 102 1676 2459 2443
4246 2 2 6 102 1506 1507 1505
4247 2 2 6 102 2253 2254 2252
4248 2 2 6 102 1592 2578 2422
4249 2 2 6 102 1106 2534 2397
4250 2 2 6 102 1829 2265 2264
4251 2 2 6 102 2257 2259 1123
4252 2 2 6 102 1213 1215 1214
4253 2 2 6 102 1540 1544 1541
4254 2 2 6 102 2433 2453 2379
4255 2 2 6 102 2395 2484 2020
4256 2 2 6 102 2246 2247 1808
4257 2 2 6 102 1177 2310 2307
4258 2 2 6 102 2323 2326 2324
4259 2 2 6 102 2324 2325 1143
4260 2 2 6 102 2339 2340 1118
4261 2 2 6 102 2304 2305 2303
4262 2 2 6 102 2307 2308 2306
4263 2 2 6 102 2346 2347 1173
4264 2 2 6 102 1506 1510 1508
4265 2 2 6 102 2222 2573 2527
4266 2 2 6 102 1189 2473 2045
4267 2 2 6 102 2414 2541 2076
4268 2 2 6 102 1158 2447 1861
4269 2 2 6 102 2206 2575 1880
4270 2 2 6 102 242 2458 241
4271 2 2 6 102 2407 2435 73
4272 2 2 6 102 1831 2424 2199
4273 2 2 6 102 2119 2524 1773
4274 2 2 6 102 1811 2459 1676
4275 2 2 6 102 1315 2461 1996
4276 2 2 6 102 2189 2455 1172
4277 2 2 6 102 1668 1843 1669
4278 2 2 6 102 2022 2462 2023
4279 2 2 6 102 2251 2252 2250
4280 2 2 6 102 2263 2430 1122
4281 2 2 6 102 1219 1220 1218
4282 2 2 6 102 1162 2531 1980
4283 2 2 6 102 1622 2463 1994
4284 2 2 6 102 1181 2388 2381
4285 2 2 6 102 1868 2465 1998
4286 2 2 6 102 211 2540 2409
4287 2 2 6 102 1775 2468 1819
4288 2 2 6 102 1840 2428 1838
4289 2 2 6 102 2436 2544 249
4290 2 2 6 102 1733 2464 1731
4291 2 2 6 102 1900 2471 1777
4292 2 2 6 102 1546 1779 1576
4293 2 2 6 102 2381 2388 1122
4294 2 2 6 102 1984 2493 1793
4295 2 2 6 102 1166 2541 2414
4296 2 2 6 102 2045 2473 2044
4297 2 2 6 102 1217 1377 1219
4298 2 2 6 102 118 2387 9
4299 2 2 6 102 122 2386 121
4300 2 2 6 102 120 2390 119
4301 2 2 6 102 148 1698 11
4302 2 2 6 102 123 1511 122
4303 2 2 6 102 150 1102 149
4304 2 2 6 102 153 1181 152
4305 2 2 6 102 119 1182 118
4306 2 2 6 102 121 1100 120
4307 2 2 6 102 10 2388 153
4308 2 2 6 102 149 2389 148
4309 2 2 6 102 75 2457 1129
4310 2 2 6 102 2212 2566 2344
4311 2 2 6 102 2508 2509 2219
4312 2 2 6 102 1815 2534 2182
4313 2 2 6 102 1569 1607 1543
4314 2 2 6 102 2225 2515 1878
4315 2 2 6 102 1704 2525 1912
4316 2 2 6 102 2257 2284 2260
4317 2 2 6 102 1697 1734 1732
4318 2 2 6 102 1150 2429 1857
4319 2 2 6 102 1296 2491 1305
4320 2 2 6 102 2318 2319 2317
4321 2 2 6 102 1521 2451 1533
4322 2 2 6 102 1843 1862 1669
4323 2 2 6 102 2138 2534 1815
4324 2 2 6 102 1912 2525 2392
4325 2 2 6 102 48 2477 47
4326 2 2 6 102 1809 2415 1732
4327 2 2 6 102 1681 2481 2431
4328 2 2 6 102 1146 2515 1860
4329 2 2 6 102 2455 2562 1172
4330 2 2 6 102 1700 1702 1701
4331 2 2 6 102 1531 1543 1532
4332 2 2 6 102 1731 2299 1695
4333 2 2 6 102 2108 2499 1730
4334 2 2 6 102 1296 2506 2491
4335 2 2 6 102 1870 2197 1670
4336 2 2 6 102 2394 2508 2375
4337 2 2 6 102 1802 2565 2364
4338 2 2 6 102 2092 2578 2091
4339 2 2 6 102 1811 2555 2459
4340 2 2 6 102 1855 2447 1158
4341 2 2 6 102 2236 2432 1704
4342 2 2 6 102 2188 2466 1167
4343 2 2 6 102 2232 2512 35
4344 2 2 6 102 236 2510 2231
4345 2 2 6 102 1702 1826 1703
4346 2 2 6 102 1120 2566 2326
4347 2 2 6 102 2288 2546 2273
4348 2 2 6 102 1291 2506 1296
4349 2 2 6 102 1187 2504 237
4350 2 2 6 102 265 2503 1188
4351 2 2 6 102 1688 2426 2207
4352 2 2 6 102 1510 2207 1692
4353 2 2 6 102 2228 2503 207
4354 2 2 6 102 64 2504 2227
4355 2 2 6 102 2125 2568 2411
4356 2 2 6 102 59 2484 1135
4357 2 2 6 102 1779 1789 1788
4358 2 2 6 102 2329 2362 1125
4359 2 2 6 102 1175 2362 2329
4360 2 2 6 102 1822 2562 2455
4361 2 2 6 102 1731 2337 2299
4362 2 2 6 102 2316 2317 2314
4363 2 2 6 102 1848 2450 2442
4364 2 2 6 102 2240 2390 1100
4365 2 2 6 102 1182 2390 2240
4366 2 2 6 102 2210 2298 1827
4367 2 2 6 102 1508 1509 1507
4368 2 2 6 102 2384 2535 1562
4369 2 2 6 102 232 2505 231
4370 2 2 6 102 81 2507 80
4371 2 2 6 102 1730 2499 2214
4372 2 2 6 102 1989 2518 1780
4373 2 2 6 102 1156 2497 61
4374 2 2 6 102 1734 1810 1809
4375 2 2 6 102 2252 2286 2250
4376 2 2 6 102 2259 2281 1123
4377 2 2 6 102 1829 2276 2265
4378 2 2 6 102 1767 2560 2275
4379 2 2 6 102 2076 2541 1803
4380 2 2 6 102 1215 2420 1217
4381 2 2 6 102 1735 2522 2130
4382 2 2 6 102 1504 1506 1505
4383 2 2 6 102 2180 2493 1133
4384 2 2 6 102 1215 1217 1216
4385 2 2 6 102 1894 2526 1895
4386 2 2 6 102 1902 2557 1680
4387 2 2 6 102 1274 2530 1283
4388 2 2 6 102 1919 2568 1664
4389 2 2 6 102 2261 2519 2259
4390 2 2 6 102 1819 2535 1916
4391 2 2 6 102 1122 2430 2381
4392 2 2 6 102 1190 2510 189
4393 2 2 6 102 82 2512 1189
4394 2 2 6 102 1936 2505 2230
4395 2 2 6 102 1531 1569 1543
4396 2 2 6 102 2308 2377 2306
4397 2 2 6 102 2340 2342 1118
4398 2 2 6 102 2323 2376 2326
4399 2 2 6 102 1177 2366 2310
4400 2 2 6 102 2347 2371 1173
4401 2 2 6 102 2305 2334 2303
4402 2 2 6 102 2325 2372 1143
4403 2 2 6 102 1810 2398 1825
4404 2 2 6 102 1595 2539 1596
4405 2 2 6 102 54 2529 53
4406 2 2 6 102 249 2544 248
4407 2 2 6 102 1543 2432 2236
4408 2 2 6 102 2539 2553 1596
4409 2 2 6 102 1514 1515 1513
4410 2 2 6 102 1503 1504 1502
4411 2 2 6 102 1696 2391 1697
4412 2 2 6 102 218 2532 217
4413 2 2 6 102 1501 1502 8
4414 2 2 6 102 11 1696 1695
4415 2 2 6 102 2279 2519 2280
4416 2 2 6 102 2319 2321 2317
4417 2 2 6 102 1668 1889 1843
4418 2 2 6 102 1596 2553 2078
4419 2 2 6 102 2210 2380 2298
4420 2 2 6 102 1813 2555 1811
4421 2 2 6 102 2312 2313 2311
4422 2 2 6 102 1799 2562 1822
4423 2 2 6 102 1823 2575 2206
4424 2 2 6 102 1953 2573 2201
4425 2 2 6 102 1537 1540 1539
4426 2 2 6 102 212 2540 211
4427 2 2 6 102 1607 2432 1543
4428 2 2 6 102 1147 1877 199
4429 2 2 6 102 1671 1870 1670
4430 2 2 6 102 2174 2527 1139
4431 2 2 6 102 1697 1732 1731
4432 2 2 6 102 2330 2399 2329
4433 2 2 6 102 2350 2351 2349
4434 2 2 6 102 1697 2391 1734
4435 2 2 6 102 1509 1514 1513
4436 2 2 6 102 1217 1219 1218
4437 2 2 6 102 1527 1542 1529
4438 2 2 6 102 1521 1533 1523
4439 2 2 6 102 1205 1458 1207
4440 2 2 6 102 1201 1432 1203
4441 2 2 6 102 1197 1905 1199
4442 2 2 6 102 1211 1306 1213
4443 2 2 6 102 1540 1541 1539
4444 2 2 6 102 1515 1567 1517
4445 2 2 6 102 1803 2541 2192
4446 2 2 6 102 1700 1701 1699
4447 2 2 6 102 2441 2442 1567
4448 2 2 6 102 1150 1857 201
4449 2 2 6 102 1192 1854 205
4450 2 2 6 102 68 1901 1159
4451 2 2 6 102 1158 1861 203
4452 2 2 6 102 2249 2574 1807
4453 2 2 6 102 165 2479 164
4454 2 2 6 102 1510 2456 2197
4455 2 2 6 102 2267 2269 2266
4456 2 2 6 102 2260 2262 2261
4457 2 2 6 102 2270 2406 2269
4458 2 2 6 102 2182 2534 1106
4459 2 2 6 102 162 2478 161
4460 2 2 6 102 2310 2425 2307
4461 2 2 6 102 2326 2327 2324
4462 2 2 6 102 2346 2348 2347
4463 2 2 6 102 2265 2266 2264
4464 2 2 6 102 2257 2260 2259
4465 2 2 6 102 1506 2456 1510
4466 2 2 6 102 1506 1508 1507
4467 2 2 6 102 1510 1692 1508
4468 2 2 6 102 2229 2374 2358
4469 2 2 6 102 2251 2253 2252
4470 2 2 6 102 1159 1901 1195
4471 2 2 6 102 2192 2541 1166
4472 2 2 6 102 1503 1670 1504
4473 2 2 6 102 1543 2236 1532
4474 2 2 6 102 1172 2562 2203
4475 2 2 6 102 1514 2410 1515
4476 2 2 6 102 1734 1809 1732
4477 2 2 6 102 1810 1825 1809
4478 2 2 6 102 1702 1703 1701
4479 2 2 6 102 2378 2434 1138
4480 2 2 6 102 1826 1830 1703
4481 2 2 6 102 2177 2551 1149
4482 2 2 6 102 1217 2420 1377
4483 2 2 6 102 2309 2500 2352
4484 2 2 6 102 2313 2379 2311
4485 2 2 6 102 2186 2563 1107
4486 2 2 6 102 2232 2473 1189
4487 2 2 6 102 2461 2514 1798
4488 2 2 6 102 1822 2455 2294
4489 2 2 6 102 2264 2430 2263
4490 2 2 6 102 1821 2528 2240
4491 2 2 6 102 2343 2566 1120
4492 2 2 6 102 2250 2286 146
4493 2 2 6 102 1101 2289 135
4494 2 2 6 102 1124 2287 131
4495 2 2 6 102 130 2287 2268
4496 2 2 6 102 134 2289 1769
4497 2 2 6 102 2258 2279 137
4498 2 2 6 102 1104 2276 127
4499 2 2 6 102 2268 2277 129
4500 2 2 6 102 1769 2278 133
4501 2 2 6 102 1787 2256 141
4502 2 2 6 102 1829 2263 125
4503 2 2 6 102 140 2256 1123
4504 2 2 6 102 126 2276 1829
4505 2 2 6 102 128 2277 1104
4506 2 2 6 102 132 2278 1124
4507 2 2 6 102 136 2279 1101
4508 2 2 6 102 1123 2281 139
4509 2 2 6 102 1103 2282 143
4510 2 2 6 102 138 2281 2258
4511 2 2 6 102 144 2285 1103
4512 2 2 6 102 142 2282 1787
4513 2 2 6 102 145 2286 2285
4514 2 2 6 102 2329 2399 2199
4515 2 2 6 102 1188 2503 2228
4516 2 2 6 102 2227 2504 1187
4517 2 2 6 102 2401 2485 2176
4518 2 2 6 102 2231 2510 1190
4519 2 2 6 102 1189 2512 2232
4520 2 2 6 102 2385 2531 1162
4521 2 2 6 102 2197 2456 1670
4522 2 2 6 102 2304 2474 1783
4523 2 2 6 102 2326 2566 2212
4524 2 2 6 102 2319 2322 2321
4525 2 2 6 102 2241 2528 2418
4526 2 2 6 102 2364 2572 1802
4527 2 2 6 102 1623 2453 2433
4528 2 2 6 102 2272 2448 2270
4529 2 2 6 102 1190 2511 2231
4530 2 2 6 102 1771 2579 2489
4531 2 2 6 102 1582 2408 1602
4532 2 2 6 102 1501 1503 1502
4533 2 2 6 102 1696 1697 1695
4534 2 2 6 102 1734 2445 1810
4535 2 2 6 102 1810 2454 2398
4536 2 2 6 102 1131 2250 147
4537 2 2 6 102 124 2263 1122
4538 2 2 6 102 2224 2225 1878
4539 2 2 6 102 1826 2517 1830
4540 2 2 6 102 2379 2453 1685
4541 2 2 6 102 2203 2562 1799
4542 2 2 6 102 2370 2565 1141
4543 2 2 6 102 2406 2449 1770
4544 2 2 6 102 151 2523 150
4545 2 2 6 102 1852 2525 2432
4546 2 2 6 102 1849 2521 1684
4547 2 2 6 102 1889 2429 1843
4548 2 2 6 102 1583 2408 1582
4549 2 2 6 102 2225 2475 1860
4550 2 2 6 102 2389 2580 1700
4551 2 2 6 102 2361 2520 2330
4552 2 2 6 102 2199 2399 1683
4553 2 2 6 102 1539 2467 1546
4554 2 2 6 102 1514 2483 2410
4555 2 2 6 102 1830 2431 1703
4556 2 2 6 102 1131 2251 2250
4557 2 2 6 102 2349 2351 1603
4558 2 2 6 102 2431 2481 1703
4559 2 2 6 102 2297 2528 1821
4560 2 2 6 102 2235 2516 1583
4561 2 2 6 102 2279 2280 1101
4562 2 2 6 102 2277 2403 1104
4563 2 2 6 102 2256 2257 1123
4564 2 2 6 102 1829 2264 2263
4565 2 2 6 102 2285 2295 1103
4566 2 2 6 102 2282 2283 1787
4567 2 2 6 102 1124 2288 2287
4568 2 2 6 102 2442 2486 1567
4569 2 2 6 102 2304 2565 2474
4570 2 2 6 102 2448 2449 2406
4571 2 2 6 102 1533 2451 2450
4572 2 2 6 102 9 2387 1131
4573 2 2 6 102 1122 2388 10
4574 2 2 6 102 1102 2580 2389
4575 2 2 6 102 1135 2484 2395
4576 2 2 6 102 2349 2556 2320
4577 2 2 6 102 1546 2467 1779
4578 2 2 6 102 2450 2451 2442
4579 2 2 6 102 1593 2449 2448
4580 2 2 6 102 1832 2567 2229
4581 2 2 6 102 1215 2513 2420
4582 2 2 6 102 2344 2566 2343
4583 2 2 6 102 1807 2472 2245
4584 2 2 6 102 1860 2515 2225
4585 2 2 6 102 1733 2502 2464
4586 2 2 6 102 152 2564 151
4587 2 2 6 102 2410 2441 1567
4588 2 2 6 102 1773 2524 2421
4589 2 2 6 102 2313 2433 2379
4590 2 2 6 102 2270 2448 2406
4591 2 2 6 102 2299 2337 159
4592 2 2 6 102 1177 2306 172
4593 2 2 6 102 167 2367 2353
4594 2 2 6 102 2303 2334 96
4595 2 2 6 102 158 2337 1115
4596 2 2 6 102 109 2323 1143
4597 2 2 6 102 2358 2374 100
4598 2 2 6 102 102 2328 1121
4599 2 2 6 102 175 2332 2301
4600 2 2 6 102 104 2342 1174
4601 2 2 6 102 93 2354 1180
4602 2 2 6 102 1117 2352 169
4603 2 2 6 102 1178 2343 98
4604 2 2 6 102 154 2371 1145
4605 2 2 6 102 181 2335 1126
4606 2 2 6 102 1125 2362 90
4607 2 2 6 102 1119 2373 113
4608 2 2 6 102 86 2355 1155
4609 2 2 6 102 106 2338 1118
4610 2 2 6 102 2363 2370 84
4611 2 2 6 102 117 2375 1144
4612 2 2 6 102 1179 2356 178
4613 2 2 6 102 1141 2303 4
4614 2 2 6 102 1116 2366 174
4615 2 2 6 102 114 2341 1119
4616 2 2 6 102 1154 2357 185
4617 2 2 6 102 15 2301 1140
4618 2 2 6 102 156 2345 1173
4619 2 2 6 102 107 2372 2338
4620 2 2 6 102 1155 2363 85
4621 2 2 6 102 187 2369 2359
4622 2 2 6 102 179 2360 1179
4623 2 2 6 102 186 2359 1154
4624 2 2 6 102 1180 2361 92
4625 2 2 6 102 1120 2376 6
4626 2 2 6 102 177 2356 1127
4627 2 2 6 102 1121 2358 101
4628 2 2 6 102 115 2365 2341
4629 2 2 6 102 1143 2372 108
4630 2 2 6 102 91 2361 1125
4631 2 2 6 102 1127 2332 176
4632 2 2 6 102 1126 2360 180
4633 2 2 6 102 95 2334 1128
4634 2 2 6 102 1186 2331 183
4635 2 2 6 102 1128 2354 94
4636 2 2 6 102 166 2353 1114
4637 2 2 6 102 88 2333 1185
4638 2 2 6 102 1118 2342 105
4639 2 2 6 102 1176 2335 14
4640 2 2 6 102 1175 2328 103
4641 2 2 6 102 170 2377 1117
4642 2 2 6 102 184 2357 1186
4643 2 2 6 102 5 2362 1175
4644 2 2 6 102 173 2366 1177
4645 2 2 6 102 1115 2345 157
4646 2 2 6 102 1185 2355 87
4647 2 2 6 102 168 2352 1176
4648 2 2 6 102 1144 2365 116
4649 2 2 6 102 83 2370 1141
4650 2 2 6 102 1140 2369 188
4651 2 2 6 102 2306 2377 171
4652 2 2 6 102 1145 2367 12
4653 2 2 6 102 1173 2371 155
4654 2 2 6 102 97 2343 1120
4655 2 2 6 102 112 2373 2300
4656 2 2 6 102 110 2376 2323
4657 2 2 6 102 99 2374 1178
4658 2 2 6 102 1174 2375 7
4659 2 2 6 102 1515 2410 1567
4660 2 2 6 102 1178 2344 2343
4661 2 2 6 102 1177 2307 2306
4662 2 2 6 102 2337 2464 1115
4663 2 2 6 102 2328 2424 1121
4664 2 2 6 102 2323 2324 1143
4665 2 2 6 102 2345 2346 1173
4666 2 2 6 102 2335 2336 1126
4667 2 2 6 102 2338 2339 1118
4668 2 2 6 102 1141 2304 2303
4669 2 2 6 102 1155 2364 2363
4670 2 2 6 102 1174 2394 2375
4671 2 2 6 102 1145 2368 2367
4672 2 2 6 102 1602 2408 1668
4673 2 2 6 102 1887 2558 2438
4674 2 2 6 102 1907 2483 2400
4675 2 2 6 102 1127 2472 2332
4676 2 2 6 102 1141 2565 2304
4677 2 2 6 102 1769 2480 2278
4678 2 2 6 102 1789 2460 1788
4679 2 2 6 102 2300 2373 2218
4680 2 2 6 102 1149 2551 2439
4681 2 2 6 102 1695 2299 160
4682 2 2 6 102 111 2300 1501
4683 2 2 6 102 3 2549 89
4684 2 2 6 102 182 2550 16
4685 2 2 6 102 1685 2571 2425
4686 2 2 6 102 1195 2423 1197
4687 2 2 6 102 1705 2399 2330
4688 2 2 6 102 1531 2501 1569
4689 2 2 6 102 1668 2408 1889
4690 2 2 6 102 2341 2365 2219
4691 2 2 6 102 1789 2538 2460
4692 2 2 6 102 2422 2578 2092
4693 2 2 6 102 1519 2486 2451
4694 2 2 6 102 2321 2322 1623
4695 2 2 6 102 2236 2476 1535
4696 2 2 6 102 1535 2476 1537
4697 2 2 6 102 1509 2482 1514
4698 2 2 6 102 1916 2535 2384
4699 2 2 6 102 2381 2488 2298
4700 2 2 6 102 2251 2418 2253
4701 2 2 6 102 2460 2538 1877
4702 2 2 6 102 1701 2481 1774
4703 2 2 6 102 1114 2479 165
4704 2 2 6 102 1142 2478 162
4705 2 2 6 102 2418 2528 1785
4706 2 2 6 102 1541 2467 1539
4707 2 2 6 102 1147 2460 1877
4708 2 2 6 102 2229 2567 2374
4709 2 2 6 102 1804 2543 1910
4710 2 2 6 102 1901 2423 1195
4711 2 2 6 102 1771 2561 2517
4712 2 2 6 102 2284 2470 2260
4713 2 2 6 102 2091 2578 2437
4714 2 2 6 102 1107 2563 2465
4715 2 2 6 102 89 2549 2333
4716 2 2 6 102 2331 2550 182
4717 2 2 6 102 1785 2528 2297
4718 2 2 6 102 1154 2469 2357
4719 2 2 6 102 2211 2554 1764
4720 2 2 6 102 1705 2495 2399
4721 2 2 6 102 2344 2567 1832
4722 2 2 6 102 1504 2456 1506
4723 2 2 6 102 1537 2476 1540
4724 2 2 6 102 1670 2456 1504
4725 2 2 6 102 1182 2387 118
4726 2 2 6 102 121 2386 1100
4727 2 2 6 102 1511 2386 122
4728 2 2 6 102 1100 2390 120
4729 2 2 6 102 148 2389 1698
4730 2 2 6 102 153 2388 1181
4731 2 2 6 102 1102 2389 149
4732 2 2 6 102 119 2390 1182
4733 2 2 6 102 1881 2545 1855
4734 2 2 6 102 2346 2502 2348
4735 2 2 6 102 2320 2556 2319
4736 2 2 6 102 1508 2482 1509
4737 2 2 6 102 2482 2483 1514
4738 2 2 6 102 2411 2568 1919
4739 2 2 6 102 1197 2423 1905
4740 2 2 6 102 2399 2495 1683
4741 2 2 6 102 1205 2490 1458
4742 2 2 6 102 1201 2487 1432
4743 2 2 6 102 2421 2524 2114
4744 2 2 6 102 2374 2567 1178
4745 2 2 6 102 1910 2543 2420
4746 2 2 6 102 1199 2487 1201
4747 2 2 6 102 1203 2490 1205
4748 2 2 6 102 1517 2486 1519
4749 2 2 6 102 2474 2565 1802
4750 2 2 6 102 1207 2492 1209
4751 2 2 6 102 1315 2514 2461
4752 2 2 6 102 1523 2494 1525
4753 2 2 6 102 1703 2481 1701
4754 2 2 6 102 2527 2573 1953
4755 2 2 6 102 1807 2574 2472
4756 2 2 6 102 1692 2482 1508
4757 2 2 6 102 2445 2454 1810
4758 2 2 6 102 150 2523 1102
4759 2 2 6 102 1529 2501 1531
4760 2 2 6 102 2432 2525 1704
4761 2 2 6 102 1178 2567 2344
4762 2 2 6 102 1181 2564 152
4763 2 2 6 102 2260 2470 2262
4764 2 2 6 102 2475 2490 1432
4765 2 2 6 102 1213 2513 1215
4766 2 2 6 102 2298 2488 1827
4767 2 2 6 102 2352 2500 1176
4768 2 2 6 102 2319 2556 2322
4769 2 2 6 102 1567 2486 1517
4770 2 2 6 102 1905 2487 1199
4771 2 2 6 102 1432 2490 1203
4772 2 2 6 102 1458 2492 1207
4773 2 2 6 102 1533 2494 1523
4774 2 2 6 102 1542 2501 1529
4775 2 2 6 102 1306 2513 1213
4776 2 2 6 102 2271 2548 2542
4777 2 2 6 102 2322 2556 1603
4778 2 2 6 102 1828 2579 2488
4779 2 2 6 102 1875 2508 2394
4780 2 2 6 102 1623 2433 2321
4781 2 2 6 102 1180 2520 2361
4782 2 2 6 102 1623 2536 2453
4783 2 2 6 102 2451 2486 2442
4784 2 2 6 102 1875 2509 2508
4785 2 2 6 102 2437 2578 1592
4786 2 2 6 102 151 2564 2523
4787 2 2 6 102 1458 2490 2475
4788 2 2 6 102 2287 2542 2268
4789 2 2 6 102 2288 2542 2287
4790 2 2 6 102 1124 2546 2288
4791 2 2 6 102 2278 2546 1124
4792 2 2 6 102 2277 2548 2403
4793 2 2 6 102 1603 2556 2349
4794 2 2 6 102 2488 2579 1827
4795 2 2 6 102 2268 2548 2277
4796 2 2 6 102 1378 2576 2400
4797 2 2 6 102 2480 2546 2278
4798 2 2 6 102 2472 2574 2332
4799 2 2 6 102 2400 2576 1907
4800 2 2 6 102 1830 2559 2431
4801 2 2 6 102 2420 2543 1377
4802 2 2 6 102 2332 2574 2301
4803 2 2 6 102 2517 2561 1571
4804 2 2 6 102 2542 2548 2268
4805 2 2 6 102 2453 2536 1581
4806 2 2 6 102 2273 2546 2480
4807 2 2 6 102 1378 2577 2576
4808 2 2 6 102 2523 2564 2380
4809 2 2 6 102 2280 2289 1101
4810 2 2 6 102 1103 2283 2282
4811 2 2 6 102 1115 2346 2345
4812 2 2 6 102 2336 2360 1126
4813 2 2 6 102 2359 2469 1154
4814 2 2 6 102 2355 2364 1155
4815 2 2 6 102 1175 2424 2328
4816 2 2 6 102 2289 2480 1769
4817 2 2 6 102 1787 2257 2256
4818 2 2 102 103 2592 2732 2711
4819 2 2 102 103 2711 2732 2706
4820 2 2 102 103 2627 2641 2623
4821 2 2 102 103 2665 2667 2584
4822 2 2 102 103 2595 2741 2669
4823 2 2 102 103 2629 2630 2604
4824 2 2 102 103 332 2666 2608
4825 2 2 102 103 2641 2665 2633
4826 2 2 102 103 2669 2741 2671
4827 2 2 102 103 2720 2789 2754
4828 2 2 102 103 2753 2788 2715
4829 2 2 102 103 333 2666 332
4830 2 2 102 103 2667 2762 2584
4831 2 2 102 103 2623 2641 2633
4832 2 2 102 103 2607 2617 21
4833 2 2 102 103 20 2619 2605
4834 2 2 102 103 2607 2627 2623
4835 2 2 102 103 2721 2798 2632
4836 2 2 102 103 2631 2799 2716
4837 2 2 102 103 2639 2742 2659
4838 2 2 102 103 2660 2743 2640
4839 2 2 102 103 2754 2789 2589
4840 2 2 102 103 2588 2788 2753
4841 2 2 102 103 2607 2618 2617
4842 2 2 102 103 2619 2620 2605
4843 2 2 102 103 303 2738 304
4844 2 2 102 103 341 2740 342
4845 2 2 102 103 2605 2629 2604
4846 2 2 102 103 334 2750 333
4847 2 2 102 103 2716 2738 2631
4848 2 2 102 103 2632 2740 2721
4849 2 2 102 103 2659 2755 2639
4850 2 2 102 103 2640 2756 2660
4851 2 2 102 103 333 2750 2666
4852 2 2 102 103 2633 2665 2642
4853 2 2 102 103 2692 2774 2691
4854 2 2 102 103 2774 2777 2691
4855 2 2 102 103 2745 2802 2727
4856 2 2 102 103 2725 2803 2746
4857 2 2 102 103 2711 2769 2594
4858 2 2 102 103 2594 2767 2711
4859 2 2 102 103 2658 2752 2587
4860 2 2 102 103 2587 2764 2658
4861 2 2 102 103 2590 2752 2658
4862 2 2 102 103 303 2792 2738
4863 2 2 102 103 2740 2793 342
4864 2 2 102 103 2639 2754 2742
4865 2 2 102 103 2743 2753 2640
4866 2 2 102 103 2658 2795 2590
4867 2 2 102 103 2679 2771 2597
4868 2 2 102 103 2737 2799 2631
4869 2 2 102 103 2632 2798 2739
4870 2 2 102 103 2744 2768 2732
4871 2 2 102 103 2597 2770 2679
4872 2 2 102 103 2649 2768 2744
4873 2 2 102 103 2726 2745 2727
4874 2 2 102 103 2725 2746 2724
4875 2 2 102 103 2639 2755 2617
4876 2 2 102 103 2619 2756 2640
4877 2 2 102 103 2665 2779 2642
4878 2 2 102 103 2682 2775 2598
4879 2 2 102 103 2598 2772 2682
4880 2 2 102 103 2708 2778 2600
4881 2 2 102 103 2600 2773 2708
4882 2 2 102 103 2717 2782 2757
4883 2 2 102 103 2758 2783 2722
4884 2 2 102 103 2600 2778 2691
4885 2 2 102 103 2672 2810 2735
4886 2 2 102 103 2691 2777 2600
4887 2 2 102 103 2666 2811 2608
4888 2 2 102 103 2735 2784 2672
4889 2 2 102 103 2645 2760 2727
4890 2 2 102 103 2725 2759 2644
4891 2 2 102 103 2692 2776 2599
4892 2 2 102 103 2598 2775 2708
4893 2 2 102 103 2629 2650 2630
4894 2 2 102 103 2641 2667 2665
4895 2 2 102 103 2601 2802 2745
4896 2 2 102 103 2746 2803 2602
4897 2 2 102 103 2599 2774 2692
4898 2 2 102 103 2708 2773 2598
4899 2 2 102 103 2582 2783 2758
4900 2 2 102 103 2757 2782 2583
4901 2 2 102 103 2620 2621 2605
4902 2 2 102 103 2607 2623 2618
4903 2 2 102 103 2618 2639 2617
4904 2 2 102 103 2619 2640 2620
4905 2 2 102 103 2721 2789 2720
4906 2 2 102 103 2715 2788 2716
4907 2 2 102 103 2597 2771 2682
4908 2 2 102 103 2682 2772 2597
4909 2 2 102 103 2594 2769 2679
4910 2 2 102 103 2604 2750 334
4911 2 2 102 103 2766 2784 2697
4912 2 2 102 103 2672 2784 2766
4913 2 2 102 103 2679 2770 2594
4914 2 2 102 103 2582 2798 2783
4915 2 2 102 103 2782 2799 2583
4916 2 2 102 103 2766 2781 2672
4917 2 2 102 103 20 2604 334
4918 2 2 102 103 311 2606 21
4919 2 2 102 103 312 2751 2749
4920 2 2 102 103 2668 2790 2585
4921 2 2 102 103 2630 2750 2604
4922 2 2 102 103 2629 2653 2650
4923 2 2 102 103 2650 2651 2630
4924 2 2 102 103 2642 2760 2645
4925 2 2 102 103 2644 2759 2643
4926 2 2 102 103 2672 2781 2670
4927 2 2 102 103 2587 2762 2667
4928 2 2 102 103 2732 2768 2706
4929 2 2 102 103 2621 2629 2605
4930 2 2 102 103 2620 2622 2621
4931 2 2 102 103 2623 2624 2618
4932 2 2 102 103 2711 2767 2592
4933 2 2 102 103 2651 2652 2630
4934 2 2 102 103 2623 2633 2624
4935 2 2 102 103 2622 2636 2621
4936 2 2 102 103 2651 2654 2652
4937 2 2 102 103 2633 2634 2624
4938 2 2 102 103 2622 2637 2636
4939 2 2 102 103 2654 2655 2652
4940 2 2 102 103 2634 2635 2624
4941 2 2 102 103 2622 2638 2637
4942 2 2 102 103 2633 2642 2634
4943 2 2 102 103 2637 2643 2636
4944 2 2 102 103 2654 2656 2655
4945 2 2 102 103 2655 2666 2652
4946 2 2 102 103 2637 2644 2643
4947 2 2 102 103 2643 2668 2636
4948 2 2 102 103 2642 2645 2634
4949 2 2 102 103 2656 2657 2655
4950 2 2 102 103 2656 2661 2657
4951 2 2 102 103 2661 2662 2657
4952 2 2 102 103 2661 2663 2662
4953 2 2 102 103 2663 2664 2662
4954 2 2 102 103 2663 2669 2664
4955 2 2 102 103 2669 2670 2664
4956 2 2 102 103 2669 2671 2670
4957 2 2 102 103 2671 2672 2670
4958 2 2 102 103 327 2703 326
4959 2 2 102 103 2615 2697 2695
4960 2 2 102 103 325 2698 324
4961 2 2 102 103 2615 2703 2697
4962 2 2 102 103 326 2703 2615
4963 2 2 102 103 2612 2703 327
4964 2 2 102 103 2695 2698 2615
4965 2 2 102 103 2615 2698 325
4966 2 2 102 103 2689 2701 2603
4967 2 2 102 103 2680 2712 2681
4968 2 2 102 103 324 2698 2603
4969 2 2 102 103 2603 2694 2689
4970 2 2 102 103 2686 2701 2689
4971 2 2 102 103 2694 2695 2693
4972 2 2 102 103 2690 2694 2693
4973 2 2 102 103 2699 2705 2609
4974 2 2 102 103 2616 2701 2686
4975 2 2 102 103 2613 2704 2675
4976 2 2 102 103 2695 2696 2693
4977 2 2 102 103 2690 2693 2692
4978 2 2 102 103 2695 2697 2696
4979 2 2 102 103 2614 2712 2680
4980 2 2 102 103 2676 2679 2678
4981 2 2 102 103 2675 2704 2680
4982 2 2 102 103 2680 2704 2614
4983 2 2 102 103 2686 2688 2687
4984 2 2 102 103 2603 2698 2694
4985 2 2 102 103 2690 2691 2688
4986 2 2 102 103 2680 2681 2677
4987 2 2 102 103 2700 2705 2699
4988 2 2 102 103 2690 2692 2691
4989 2 2 102 103 2613 2674 2673
4990 2 2 102 103 2610 2700 2699
4991 2 2 102 103 314 2609 313
4992 2 2 102 103 316 2610 315
4993 2 2 102 103 320 2614 319
4994 2 2 102 103 324 2603 323
4995 2 2 102 103 326 2615 325
4996 2 2 102 103 328 2612 327
4997 2 2 102 103 330 2611 329
4998 2 2 102 103 332 2608 331
4999 2 2 102 103 318 2613 317
5000 2 2 102 103 322 2616 321
5001 2 2 102 103 2616 2685 2684
5002 2 2 102 103 2689 2690 2688
5003 2 2 102 103 2686 2689 2688
5004 2 2 102 103 2616 2686 2685
5005 2 2 102 103 2676 2678 2674
5006 2 2 102 103 2613 2675 2674
5007 2 2 102 103 2681 2682 2677
5008 2 2 102 103 2675 2677 2676
5009 2 2 102 103 2689 2694 2690
5010 2 2 102 103 2611 2683 329
5011 2 2 102 103 328 2683 2612
5012 2 2 102 103 320 2684 2614
5013 2 2 102 103 322 2701 2616
5014 2 2 102 103 2603 2701 323
5015 2 2 102 103 2616 2684 321
5016 2 2 102 103 2614 2704 319
5017 2 2 102 103 330 2702 2611
5018 2 2 102 103 314 2699 2609
5019 2 2 102 103 316 2673 2610
5020 2 2 102 103 318 2704 2613
5021 2 2 102 103 2608 2702 331
5022 2 2 102 103 2610 2699 315
5023 2 2 102 103 2613 2673 317
5024 2 2 102 103 2674 2709 2673
5025 2 2 102 103 2686 2687 2685
5026 2 2 102 103 2675 2676 2674
5027 2 2 102 103 2681 2712 2707
5028 2 2 102 103 329 2683 328
5029 2 2 102 103 323 2701 322
5030 2 2 102 103 321 2684 320
5031 2 2 102 103 2687 2708 2707
5032 2 2 102 103 2675 2680 2677
5033 2 2 102 103 319 2704 318
5034 2 2 102 103 317 2673 316
5035 2 2 102 103 331 2702 330
5036 2 2 102 103 315 2699 314
5037 2 2 102 103 2610 2709 2700
5038 2 2 102 103 2678 2709 2674
5039 2 2 102 103 2694 2698 2695
5040 2 2 102 103 2700 2706 2705
5041 2 2 102 103 2673 2709 2610
5042 2 2 102 103 2685 2712 2684
5043 2 2 102 103 2710 2711 2706
5044 2 2 102 103 2684 2712 2614
5045 2 2 102 103 2687 2707 2685
5046 2 2 102 103 2678 2710 2709
5047 2 2 102 103 2709 2710 2700
5048 2 2 102 103 2707 2712 2685
5049 2 2 102 103 2700 2710 2706
5050 2 2 102 103 2715 2716 2714
5051 2 2 102 103 2719 2721 2720
5052 2 2 102 103 2648 2649 2647
5053 2 2 102 103 2719 2720 2635
5054 2 2 102 103 2638 2715 2714
5055 2 2 102 103 2647 2658 2646
5056 2 2 102 103 2628 2648 2647
5057 2 2 102 103 2713 2717 2644
5058 2 2 102 103 2645 2722 2718
5059 2 2 102 103 2638 2714 2713
5060 2 2 102 103 2718 2719 2635
5061 2 2 102 103 2638 2713 2637
5062 2 2 102 103 2634 2718 2635
5063 2 2 102 103 2645 2718 2634
5064 2 2 102 103 2637 2713 2644
5065 2 2 102 103 2628 2647 2646
5066 2 2 102 103 2781 2787 2670
5067 2 2 102 103 2751 2761 2648
5068 2 2 102 103 2628 2646 2627
5069 2 2 102 103 2653 2805 2668
5070 2 2 102 103 2739 2798 2582
5071 2 2 102 103 2583 2799 2737
5072 2 2 102 103 272 2586 271
5073 2 2 102 103 293 2592 292
5074 2 2 102 103 295 2590 294
5075 2 2 102 103 270 2585 269
5076 2 2 102 103 278 2595 277
5077 2 2 102 103 299 2584 298
5078 2 2 102 103 274 2591 273
5079 2 2 102 103 268 2625 267
5080 2 2 102 103 282 2599 281
5081 2 2 102 103 285 2600 284
5082 2 2 102 103 289 2597 288
5083 2 2 102 103 297 2587 296
5084 2 2 102 103 301 2626 300
5085 2 2 102 103 280 2596 279
5086 2 2 102 103 287 2598 286
5087 2 2 102 103 291 2594 290
5088 2 2 102 103 276 2593 275
5089 2 2 102 103 267 2724 266
5090 2 2 102 103 273 2728 272
5091 2 2 102 103 271 2723 270
5092 2 2 102 103 300 2730 299
5093 2 2 102 103 281 2734 280
5094 2 2 102 103 294 2731 293
5095 2 2 102 103 275 2729 274
5096 2 2 102 103 269 2733 268
5097 2 2 102 103 302 2726 301
5098 2 2 102 103 277 2736 276
5099 2 2 102 103 2749 2751 2648
5100 2 2 102 103 2726 2727 2626
5101 2 2 102 103 2731 2732 2592
5102 2 2 102 103 2625 2725 2724
5103 2 2 102 103 2734 2735 2596
5104 2 2 102 103 2670 2787 2664
5105 2 2 102 103 2585 2785 2668
5106 2 2 102 103 2644 2803 2725
5107 2 2 102 103 2727 2802 2645
5108 2 2 102 103 2584 2779 2665
5109 2 2 102 103 2648 2761 2649
5110 2 2 102 103 2593 2729 275
5111 2 2 102 103 2625 2724 267
5112 2 2 102 103 270 2723 2585
5113 2 2 102 103 272 2728 2586
5114 2 2 102 103 301 2726 2626
5115 2 2 102 103 2591 2728 273
5116 2 2 102 103 2586 2723 271
5117 2 2 102 103 2595 2736 277
5118 2 2 102 103 274 2729 2591
5119 2 2 102 103 293 2731 2592
5120 2 2 102 103 268 2733 2625
5121 2 2 102 103 2626 2730 300
5122 2 2 102 103 299 2730 2584
5123 2 2 102 103 2590 2731 294
5124 2 2 102 103 2585 2733 269
5125 2 2 102 103 2599 2734 281
5126 2 2 102 103 280 2734 2596
5127 2 2 102 103 276 2736 2593
5128 2 2 102 103 2606 2628 2627
5129 2 2 102 103 2747 2753 2715
5130 2 2 102 103 2720 2754 2748
5131 2 2 102 103 2640 2747 2620
5132 2 2 102 103 2618 2748 2639
5133 2 2 102 103 2596 2741 279
5134 2 2 102 103 278 2741 2595
5135 2 2 102 103 2667 2764 2587
5136 2 2 102 103 20 2605 2604
5137 2 2 102 103 2606 2607 21
5138 2 2 102 103 2787 2794 2664
5139 2 2 102 103 2638 2747 2715
5140 2 2 102 103 2720 2748 2635
5141 2 2 102 103 279 2741 278
5142 2 2 102 103 2624 2748 2618
5143 2 2 102 103 2620 2747 2622
5144 2 2 102 103 2652 2750 2630
5145 2 2 102 103 2606 2749 2628
5146 2 2 102 103 178 2583 179
5147 2 2 102 103 94 2601 95
5148 2 2 102 103 180 2631 181
5149 2 2 102 103 176 2602 177
5150 2 2 102 103 92 2582 93
5151 2 2 102 103 90 2632 91
5152 2 2 102 103 179 2737 180
5153 2 2 102 103 91 2739 92
5154 2 2 102 103 2731 2744 2732
5155 2 2 102 103 313 2751 312
5156 2 2 102 103 2664 2794 2662
5157 2 2 102 103 2784 2801 2696
5158 2 2 102 103 2735 2801 2784
5159 2 2 102 103 295 2752 2590
5160 2 2 102 103 2587 2752 296
5161 2 2 102 103 2640 2753 2747
5162 2 2 102 103 2748 2754 2639
5163 2 2 102 103 2703 2766 2697
5164 2 2 102 103 2679 2769 2678
5165 2 2 102 103 2710 2769 2711
5166 2 2 102 103 2676 2771 2679
5167 2 2 102 103 2682 2771 2677
5168 2 2 102 103 2681 2775 2682
5169 2 2 102 103 2693 2776 2692
5170 2 2 102 103 2708 2775 2707
5171 2 2 102 103 2687 2778 2708
5172 2 2 102 103 2691 2778 2688
5173 2 2 102 103 2628 2749 2648
5174 2 2 102 103 2706 2768 2705
5175 2 2 102 103 2668 2785 2653
5176 2 2 102 103 2606 2627 2607
5177 2 2 102 103 2671 2810 2672
5178 2 2 102 103 2585 2790 2733
5179 2 2 102 103 2627 2813 2641
5180 2 2 102 103 337 2659 338
5181 2 2 102 103 339 2589 340
5182 2 2 102 103 305 2588 306
5183 2 2 102 103 307 2660 308
5184 2 2 102 103 338 2742 339
5185 2 2 102 103 306 2743 307
5186 2 2 102 103 297 2762 2587
5187 2 2 102 103 2584 2762 298
5188 2 2 102 103 2601 2758 2722
5189 2 2 102 103 2717 2757 2602
5190 2 2 102 103 2733 2759 2625
5191 2 2 102 103 2626 2760 2730
5192 2 2 102 103 2622 2747 2638
5193 2 2 102 103 2635 2748 2624
5194 2 2 102 103 311 2749 2606
5195 2 2 102 103 312 2749 311
5196 2 2 102 103 2590 2744 2731
5197 2 2 102 103 2713 2782 2717
5198 2 2 102 103 2722 2783 2718
5199 2 2 102 103 2583 2737 179
5200 2 2 102 103 92 2739 2582
5201 2 2 102 103 180 2737 2631
5202 2 2 102 103 2632 2739 91
5203 2 2 102 103 291 2767 2594
5204 2 2 102 103 2592 2767 292
5205 2 2 102 103 2666 2750 2652
5206 2 2 102 103 289 2770 2597
5207 2 2 102 103 2594 2770 290
5208 2 2 102 103 287 2772 2598
5209 2 2 102 103 2597 2772 288
5210 2 2 102 103 2598 2773 286
5211 2 2 102 103 285 2773 2600
5212 2 2 102 103 282 2774 2599
5213 2 2 102 103 2600 2777 284
5214 2 2 102 103 2655 2811 2666
5215 2 2 102 103 2649 2795 2647
5216 2 2 102 103 175 2746 176
5217 2 2 102 103 95 2745 96
5218 2 2 102 103 2668 2805 2636
5219 2 2 102 103 2658 2764 2646
5220 2 2 102 103 2596 2810 2741
5221 2 2 102 103 2608 2804 2702
5222 2 2 102 103 2760 2779 2730
5223 2 2 102 103 181 2792 14
5224 2 2 102 103 5 2793 90
5225 2 2 102 103 14 2792 303
5226 2 2 102 103 342 2793 5
5227 2 2 102 103 2609 2751 313
5228 2 2 102 103 176 2746 2602
5229 2 2 102 103 2601 2745 95
5230 2 2 102 103 2741 2810 2671
5231 2 2 102 103 2629 2805 2653
5232 2 2 102 103 2621 2805 2629
5233 2 2 102 103 2645 2802 2722
5234 2 2 102 103 2717 2803 2644
5235 2 2 102 103 2599 2801 2734
5236 2 2 102 103 2608 2811 2804
5237 2 2 102 103 296 2752 295
5238 2 2 102 103 2609 2761 2751
5239 2 2 102 103 2742 2754 2589
5240 2 2 102 103 2588 2753 2743
5241 2 2 102 103 309 2619 20
5242 2 2 102 103 21 2617 336
5243 2 2 102 103 2582 2758 93
5244 2 2 102 103 178 2757 2583
5245 2 2 102 103 2602 2757 177
5246 2 2 102 103 94 2758 2601
5247 2 2 102 103 2744 2795 2649
5248 2 2 102 103 266 2796 15
5249 2 2 102 103 4 2797 302
5250 2 2 102 103 2730 2779 2584
5251 2 2 102 103 177 2757 178
5252 2 2 102 103 93 2758 94
5253 2 2 102 103 15 2796 175
5254 2 2 102 103 96 2797 4
5255 2 2 102 103 2705 2761 2609
5256 2 2 102 103 2625 2759 2725
5257 2 2 102 103 2727 2760 2626
5258 2 2 102 103 2641 2813 2667
5259 2 2 102 103 298 2762 297
5260 2 2 102 103 339 2742 2589
5261 2 2 102 103 307 2743 2660
5262 2 2 102 103 2588 2743 306
5263 2 2 102 103 2659 2742 338
5264 2 2 102 103 2723 2785 2585
5265 2 2 102 103 2653 2763 2650
5266 2 2 102 103 2590 2795 2744
5267 2 2 102 103 2738 2792 2631
5268 2 2 102 103 2632 2793 2740
5269 2 2 102 103 2586 2763 2723
5270 2 2 102 103 2650 2765 2651
5271 2 2 102 103 310 2756 309
5272 2 2 102 103 336 2755 335
5273 2 2 102 103 2612 2766 2703
5274 2 2 102 103 2642 2779 2760
5275 2 2 102 103 2728 2765 2586
5276 2 2 102 103 2678 2769 2710
5277 2 2 102 103 2677 2771 2676
5278 2 2 102 103 2707 2775 2681
5279 2 2 102 103 2696 2776 2693
5280 2 2 102 103 2688 2778 2687
5281 2 2 102 103 292 2767 291
5282 2 2 102 103 2646 2813 2627
5283 2 2 102 103 290 2770 289
5284 2 2 102 103 288 2772 287
5285 2 2 102 103 286 2773 285
5286 2 2 102 103 283 2774 282
5287 2 2 102 103 284 2777 283
5288 2 2 102 103 2728 2780 2765
5289 2 2 102 103 2776 2801 2599
5290 2 2 102 103 2612 2781 2766
5291 2 2 102 103 283 2777 2774
5292 2 2 102 103 2765 2780 2651
5293 2 2 102 103 2722 2802 2601
5294 2 2 102 103 2602 2803 2717
5295 2 2 102 103 2586 2765 2763
5296 2 2 102 103 2763 2765 2650
5297 2 2 102 103 2651 2780 2654
5298 2 2 102 103 308 2807 19
5299 2 2 102 103 22 2806 337
5300 2 2 102 103 2683 2781 2612
5301 2 2 102 103 2591 2780 2728
5302 2 2 102 103 2718 2783 2719
5303 2 2 102 103 2714 2782 2713
5304 2 2 102 103 2591 2786 2780
5305 2 2 102 103 335 2806 22
5306 2 2 102 103 19 2807 310
5307 2 2 102 103 2780 2786 2654
5308 2 2 102 103 2683 2787 2781
5309 2 2 102 103 2654 2786 2656
5310 2 2 102 103 2697 2784 2696
5311 2 2 102 103 2783 2798 2719
5312 2 2 102 103 2714 2799 2782
5313 2 2 102 103 2611 2787 2683
5314 2 2 102 103 2733 2790 2759
5315 2 2 102 103 305 2808 2588
5316 2 2 102 103 2589 2809 340
5317 2 2 102 103 2729 2786 2591
5318 2 2 102 103 2761 2768 2649
5319 2 2 102 103 2656 2791 2661
5320 2 2 102 103 2611 2794 2787
5321 2 2 102 103 2643 2790 2668
5322 2 2 102 103 2669 2812 2595
5323 2 2 102 103 2786 2791 2656
5324 2 2 102 103 2729 2791 2786
5325 2 2 102 103 2667 2813 2764
5326 2 2 102 103 2724 2796 266
5327 2 2 102 103 302 2797 2726
5328 2 2 102 103 2702 2794 2611
5329 2 2 102 103 2661 2800 2663
5330 2 2 102 103 2647 2795 2658
5331 2 2 102 103 309 2756 2619
5332 2 2 102 103 2617 2755 336
5333 2 2 102 103 2719 2798 2721
5334 2 2 102 103 2716 2799 2714
5335 2 2 102 103 2662 2804 2657
5336 2 2 102 103 2593 2791 2729
5337 2 2 102 103 2636 2805 2621
5338 2 2 102 103 2663 2812 2669
5339 2 2 102 103 2791 2800 2661
5340 2 2 102 103 2705 2768 2761
5341 2 2 102 103 2734 2801 2735
5342 2 2 102 103 2657 2811 2655
5343 2 2 102 103 2738 2808 304
5344 2 2 102 103 341 2809 2740
5345 2 2 102 103 2593 2800 2791
5346 2 2 102 103 2735 2810 2596
5347 2 2 102 103 2740 2789 2721
5348 2 2 102 103 2716 2788 2738
5349 2 2 102 103 2800 2812 2663
5350 2 2 102 103 2736 2800 2593
5351 2 2 102 103 2736 2812 2800
5352 2 2 102 103 2804 2811 2657
5353 2 2 102 103 2595 2812 2736
5354 2 2 102 103 2763 2785 2723
5355 2 2 102 103 2653 2785 2763
5356 2 2 102 103 90 2793 2632
5357 2 2 102 103 2631 2792 181
5358 2 2 102 103 304 2808 305
5359 2 2 102 103 340 2809 341
5360 2 2 102 103 2759 2790 2643
5361 2 2 102 103 2696 2801 2776
5362 2 2 102 103 2726 2797 2745
5363 2 2 102 103 2746 2796 2724
5364 2 2 102 103 2588 2808 2788
5365 2 2 102 103 2789 2809 2589
5366 2 2 102 103 175 2796 2746
5367 2 2 102 103 2745 2797 96
5368 2 2 102 103 2660 2807 308
5369 2 2 102 103 337 2806 2659
5370 2 2 102 103 2764 2813 2646
5371 2 2 102 103 2755 2806 335
5372 2 2 102 103 310 2807 2756
5373 2 2 102 103 2794 2804 2662
5374 2 2 102 103 2702 2804 2794
5375 2 2 102 103 2756 2807 2660
5376 2 2 102 103 2659 2806 2755
5377 2 2 102 103 2788 2808 2738
5378 2 2 102 103 2740 2809 2789
5379 2 2 103 104 2844 2847 2834
5380 2 2 103 104 2834 2856 2844
5381 2 2 103 104 2815 2855 2836
5382 2 2 103 104 2836 2855 2838
5383 2 2 103 104 2840 2850 2846
5384 2 2 103 104 2846 2854 2840
5385 2 2 103 104 2820 2850 2840
5386 2 2 103 104 2849 2857 2845
5387 2 2 103 104 2822 2849 2845
5388 2 2 103 104 2814 2847 2844
5389 2 2 103 104 2826 2848 2843
5390 2 2 103 104 2824 2840 2825
5391 2 2 103 104 2829 2839 2833
5392 2 2 103 104 2835 2836 2830
5393 2 2 103 104 2830 2839 2829
5394 2 2 103 104 2827 2835 2830
5395 2 2 103 104 2836 2837 2830
5396 2 2 103 104 2837 2839 2830
5397 2 2 103 104 2836 2838 2837
5398 2 2 103 104 2833 2834 2831
5399 2 2 103 104 2831 2832 2828
5400 2 2 103 104 2829 2833 2831
5401 2 2 103 104 2829 2831 2828
5402 2 2 103 104 2827 2830 2829
5403 2 2 103 104 2827 2829 2828
5404 2 2 103 104 2825 2835 2827
5405 2 2 103 104 2827 2828 2826
5406 2 2 103 104 2825 2827 2826
5407 2 2 103 104 2825 2826 2817
5408 2 2 103 104 2838 2851 2821
5409 2 2 103 104 2821 2858 2838
5410 2 2 103 104 2825 2840 2835
5411 2 2 103 104 2856 2865 2818
5412 2 2 103 104 2843 2848 2819
5413 2 2 103 104 2848 2849 2819
5414 2 2 103 104 2820 2840 2824
5415 2 2 103 104 2831 2847 2832
5416 2 2 103 104 2828 2848 2826
5417 2 2 103 104 102 2821 103
5418 2 2 103 104 348 2824 347
5419 2 2 103 104 100 2816 101
5420 2 2 103 104 347 2817 346
5421 2 2 103 104 349 2820 348
5422 2 2 103 104 98 2818 99
5423 2 2 103 104 345 2819 344
5424 2 2 103 104 101 2841 102
5425 2 2 103 104 346 2843 345
5426 2 2 103 104 99 2842 100
5427 2 2 103 104 2836 2854 2815
5428 2 2 103 104 2849 2852 2819
5429 2 2 103 104 2834 2847 2831
5430 2 2 103 104 2832 2849 2848
5431 2 2 103 104 2824 2825 2817
5432 2 2 103 104 2832 2848 2828
5433 2 2 103 104 2832 2857 2849
5434 2 2 103 104 351 2845 352
5435 2 2 103 104 353 2844 354
5436 2 2 103 104 354 2823 355
5437 2 2 103 104 340 2815 339
5438 2 2 103 104 350 2822 351
5439 2 2 103 104 352 2814 353
5440 2 2 103 104 339 2846 338
5441 2 2 103 104 2826 2843 2817
5442 2 2 103 104 2820 2824 348
5443 2 2 103 104 102 2841 2821
5444 2 2 103 104 100 2842 2816
5445 2 2 103 104 2817 2843 346
5446 2 2 103 104 347 2824 2817
5447 2 2 103 104 2816 2841 101
5448 2 2 103 104 345 2843 2819
5449 2 2 103 104 2818 2842 99
5450 2 2 103 104 2840 2854 2835
5451 2 2 103 104 2853 2856 2818
5452 2 2 103 104 98 2853 2818
5453 2 2 103 104 2819 2852 344
5454 2 2 103 104 2834 2865 2856
5455 2 2 103 104 342 2851 341
5456 2 2 103 104 338 2850 337
5457 2 2 103 104 344 2852 343
5458 2 2 103 104 97 2853 98
5459 2 2 103 104 2844 2856 2823
5460 2 2 103 104 2822 2852 2849
5461 2 2 103 104 352 2845 2814
5462 2 2 103 104 2822 2845 351
5463 2 2 103 104 2814 2844 353
5464 2 2 103 104 354 2844 2823
5465 2 2 103 104 2815 2846 339
5466 2 2 103 104 343 2859 23
5467 2 2 103 104 6 2860 97
5468 2 2 103 104 22 2862 349
5469 2 2 103 104 103 2861 5
5470 2 2 103 104 355 2860 6
5471 2 2 103 104 23 2859 350
5472 2 2 103 104 337 2862 22
5473 2 2 103 104 5 2861 342
5474 2 2 103 104 2846 2850 338
5475 2 2 103 104 2842 2865 2864
5476 2 2 103 104 2835 2854 2836
5477 2 2 103 104 2816 2864 2863
5478 2 2 103 104 340 2855 2815
5479 2 2 103 104 341 2855 340
5480 2 2 103 104 2818 2865 2842
5481 2 2 103 104 2841 2863 2858
5482 2 2 103 104 2851 2855 341
5483 2 2 103 104 2847 2857 2832
5484 2 2 103 104 2838 2858 2837
5485 2 2 103 104 2863 2864 2839
5486 2 2 103 104 2858 2863 2837
5487 2 2 103 104 2839 2864 2833
5488 2 2 103 104 2837 2863 2839
5489 2 2 103 104 2864 2865 2833
5490 2 2 103 104 2833 2865 2834
5491 2 2 103 104 2815 2854 2846
5492 2 2 103 104 2842 2864 2816
5493 2 2 103 104 2814 2857 2847
5494 2 2 103 104 2838 2855 2851
5495 2 2 103 104 2821 2861 103
5496 2 2 103 104 349 2862 2820
5497 2 2 103 104 2816 2863 2841
5498 2 2 103 104 2841 2858 2821
5499 2 2 103 104 2845 2857 2814
5500 2 2 103 104 2823 2856 2853
5501 2 2 103 104 2823 2860 355
5502 2 2 103 104 350 2859 2822
5503 2 2 103 104 2852 2859 343
5504 2 2 103 104 97 2860 2853
5505 2 2 103 104 342 2861 2851
5506 2 2 103 104 2850 2862 337
5507 2 2 103 104 2822 2859 2852
5508 2 2 103 104 2853 2860 2823
5509 2 2 103 104 2851 2861 2821
5510 2 2 103 104 2820 2862 2850
5511 2 2 103 105 2897 2899 2886
5512 2 2 103 105 2886 2908 2897
5513 2 2 103 105 2867 2907 2888
5514 2 2 103 105 2888 2907 2890
5515 2 2 103 105 2892 2903 2896
5516 2 2 103 105 2896 2906 2892
5517 2 2 103 105 2873 2903 2892
5518 2 2 103 105 2901 2909 2898
5519 2 2 103 105 2874 2901 2898
5520 2 2 103 105 2866 2899 2897
5521 2 2 103 105 2878 2900 2893
5522 2 2 103 105 2876 2892 2877
5523 2 2 103 105 2881 2891 2885
5524 2 2 103 105 2887 2888 2882
5525 2 2 103 105 2882 2891 2881
5526 2 2 103 105 2879 2887 2882
5527 2 2 103 105 2888 2889 2882
5528 2 2 103 105 2889 2891 2882
5529 2 2 103 105 2888 2890 2889
5530 2 2 103 105 2885 2886 2883
5531 2 2 103 105 2881 2885 2883
5532 2 2 103 105 2883 2884 2880
5533 2 2 103 105 2879 2882 2881
5534 2 2 103 105 2881 2883 2880
5535 2 2 103 105 2879 2881 2880
5536 2 2 103 105 2879 2880 2878
5537 2 2 103 105 2877 2887 2879
5538 2 2 103 105 2877 2879 2878
5539 2 2 103 105 2877 2878 2868
5540 2 2 103 105 2890 2902 2872
5541 2 2 103 105 2872 2910 2890
5542 2 2 103 105 2877 2892 2887
5543 2 2 103 105 2908 2917 2870
5544 2 2 103 105 2893 2900 2871
5545 2 2 103 105 2900 2901 2871
5546 2 2 103 105 2873 2892 2876
5547 2 2 103 105 2883 2899 2884
5548 2 2 103 105 2880 2900 2878
5549 2 2 103 105 367 2876 366
5550 2 2 103 105 368 2873 367
5551 2 2 103 105 169 2870 170
5552 2 2 103 105 171 2869 172
5553 2 2 103 105 172 2895 173
5554 2 2 103 105 364 2871 363
5555 2 2 103 105 173 2872 174
5556 2 2 103 105 366 2868 365
5557 2 2 103 105 170 2894 171
5558 2 2 103 105 365 2893 364
5559 2 2 103 105 2888 2906 2867
5560 2 2 103 105 2901 2905 2871
5561 2 2 103 105 2886 2899 2883
5562 2 2 103 105 2884 2901 2900
5563 2 2 103 105 2876 2877 2868
5564 2 2 103 105 2884 2900 2880
5565 2 2 103 105 2884 2909 2901
5566 2 2 103 105 359 2896 360
5567 2 2 103 105 306 2866 305
5568 2 2 103 105 308 2874 307
5569 2 2 103 105 304 2875 303
5570 2 2 103 105 358 2867 359
5571 2 2 103 105 305 2897 304
5572 2 2 103 105 307 2898 306
5573 2 2 103 105 2878 2893 2868
5574 2 2 103 105 366 2876 2868
5575 2 2 103 105 2869 2895 172
5576 2 2 103 105 2873 2876 367
5577 2 2 103 105 2868 2893 365
5578 2 2 103 105 2870 2894 170
5579 2 2 103 105 171 2894 2869
5580 2 2 103 105 173 2895 2872
5581 2 2 103 105 364 2893 2871
5582 2 2 103 105 2892 2906 2887
5583 2 2 103 105 2904 2908 2870
5584 2 2 103 105 169 2904 2870
5585 2 2 103 105 2871 2905 363
5586 2 2 103 105 2886 2917 2908
5587 2 2 103 105 356 2902 357
5588 2 2 103 105 360 2903 361
5589 2 2 103 105 363 2905 362
5590 2 2 103 105 168 2904 169
5591 2 2 103 105 2897 2908 2875
5592 2 2 103 105 2874 2905 2901
5593 2 2 103 105 2867 2896 359
5594 2 2 103 105 2866 2897 305
5595 2 2 103 105 306 2898 2866
5596 2 2 103 105 2874 2898 307
5597 2 2 103 105 304 2897 2875
5598 2 2 103 105 362 2912 19
5599 2 2 103 105 14 2911 168
5600 2 2 103 105 174 2913 13
5601 2 2 103 105 24 2914 368
5602 2 2 103 105 303 2911 14
5603 2 2 103 105 19 2912 308
5604 2 2 103 105 13 2913 356
5605 2 2 103 105 361 2914 24
5606 2 2 103 105 2896 2903 360
5607 2 2 103 105 2894 2917 2916
5608 2 2 103 105 2887 2906 2888
5609 2 2 103 105 2869 2916 2915
5610 2 2 103 105 358 2907 2867
5611 2 2 103 105 357 2907 358
5612 2 2 103 105 2870 2917 2894
5613 2 2 103 105 2895 2915 2910
5614 2 2 103 105 2902 2907 357
5615 2 2 103 105 2899 2909 2884
5616 2 2 103 105 2890 2910 2889
5617 2 2 103 105 2915 2916 2891
5618 2 2 103 105 2910 2915 2889
5619 2 2 103 105 2891 2916 2885
5620 2 2 103 105 2889 2915 2891
5621 2 2 103 105 2916 2917 2885
5622 2 2 103 105 2885 2917 2886
5623 2 2 103 105 2867 2906 2896
5624 2 2 103 105 2894 2916 2869
5625 2 2 103 105 2866 2909 2899
5626 2 2 103 105 2890 2907 2902
5627 2 2 103 105 2872 2913 174
5628 2 2 103 105 368 2914 2873
5629 2 2 103 105 2869 2915 2895
5630 2 2 103 105 2895 2910 2872
5631 2 2 103 105 2898 2909 2866
5632 2 2 103 105 2875 2908 2904
5633 2 2 103 105 2875 2911 303
5634 2 2 103 105 308 2912 2874
5635 2 2 103 105 2905 2912 362
5636 2 2 103 105 168 2911 2904
5637 2 2 103 105 356 2913 2902
5638 2 2 103 105 2903 2914 361
5639 2 2 103 105 2874 2912 2905
5640 2 2 103 105 2904 2911 2875
5641 2 2 103 105 2902 2913 2872
5642 2 2 103 105 2873 2914 2903
5643 2 2 104 108 2938 2951 2948
5644 2 2 104 108 2948 2960 2938
5645 2 2 104 108 2940 2959 2918
5646 2 2 104 108 2942 2959 2940
5647 2 2 104 108 2949 2955 2944
5648 2 2 104 108 2944 2958 2949
5649 2 2 104 108 2944 2955 2924
5650 2 2 104 108 2950 2961 2953
5651 2 2 104 108 2950 2953 2926
5652 2 2 104 108 2948 2951 2919
5653 2 2 104 108 2946 2952 2930
5654 2 2 104 108 2929 2944 2928
5655 2 2 104 108 2931 2939 2929
5656 2 2 104 108 2934 2943 2941
5657 2 2 104 108 2933 2943 2934
5658 2 2 104 108 2941 2942 2940
5659 2 2 104 108 2934 2941 2940
5660 2 2 104 108 2934 2940 2939
5661 2 2 104 108 2937 2943 2933
5662 2 2 104 108 2935 2938 2937
5663 2 2 104 108 2935 2937 2933
5664 2 2 104 108 2932 2936 2935
5665 2 2 104 108 2934 2939 2931
5666 2 2 104 108 2932 2935 2933
5667 2 2 104 108 2933 2934 2931
5668 2 2 104 108 2932 2933 2931
5669 2 2 104 108 2930 2932 2931
5670 2 2 104 108 2930 2931 2929
5671 2 2 104 108 2921 2930 2929
5672 2 2 104 108 2939 2944 2929
5673 2 2 104 108 2925 2954 2942
5674 2 2 104 108 2923 2969 2960
5675 2 2 104 108 2928 2944 2924
5676 2 2 104 108 2922 2952 2946
5677 2 2 104 108 2942 2962 2925
5678 2 2 104 108 2922 2953 2952
5679 2 2 104 108 2936 2951 2935
5680 2 2 104 108 2930 2952 2932
5681 2 2 104 108 374 2922 373
5682 2 2 104 108 104 2925 105
5683 2 2 104 108 106 2920 107
5684 2 2 104 108 370 2924 369
5685 2 2 104 108 372 2921 371
5686 2 2 104 108 108 2923 109
5687 2 2 104 108 371 2928 370
5688 2 2 104 108 105 2945 106
5689 2 2 104 108 107 2947 108
5690 2 2 104 108 373 2946 372
5691 2 2 104 108 2918 2958 2940
5692 2 2 104 108 2922 2956 2953
5693 2 2 104 108 2935 2951 2938
5694 2 2 104 108 2952 2953 2936
5695 2 2 104 108 2921 2929 2928
5696 2 2 104 108 2932 2952 2936
5697 2 2 104 108 2953 2961 2936
5698 2 2 104 108 354 2948 353
5699 2 2 104 108 352 2950 351
5700 2 2 104 108 355 2927 354
5701 2 2 104 108 351 2926 350
5702 2 2 104 108 353 2919 352
5703 2 2 104 108 378 2918 379
5704 2 2 104 108 377 2949 378
5705 2 2 104 108 2921 2946 2930
5706 2 2 104 108 2921 2928 371
5707 2 2 104 108 106 2945 2920
5708 2 2 104 108 2920 2947 107
5709 2 2 104 108 372 2946 2921
5710 2 2 104 108 370 2928 2924
5711 2 2 104 108 2925 2945 105
5712 2 2 104 108 108 2947 2923
5713 2 2 104 108 2922 2946 373
5714 2 2 104 108 2939 2958 2944
5715 2 2 104 108 2923 2960 2957
5716 2 2 104 108 374 2956 2922
5717 2 2 104 108 2923 2957 109
5718 2 2 104 108 2960 2969 2938
5719 2 2 104 108 380 2954 381
5720 2 2 104 108 376 2955 377
5721 2 2 104 108 109 2957 110
5722 2 2 104 108 375 2956 374
5723 2 2 104 108 2927 2960 2948
5724 2 2 104 108 2953 2956 2926
5725 2 2 104 108 2927 2948 354
5726 2 2 104 108 353 2948 2919
5727 2 2 104 108 2919 2950 352
5728 2 2 104 108 351 2950 2926
5729 2 2 104 108 378 2949 2918
5730 2 2 104 108 23 2963 375
5731 2 2 104 108 110 2964 6
5732 2 2 104 108 7 2965 104
5733 2 2 104 108 369 2966 25
5734 2 2 104 108 350 2963 23
5735 2 2 104 108 6 2964 355
5736 2 2 104 108 381 2965 7
5737 2 2 104 108 25 2966 376
5738 2 2 104 108 377 2955 2949
5739 2 2 104 108 2968 2969 2947
5740 2 2 104 108 2940 2958 2939
5741 2 2 104 108 2918 2959 379
5742 2 2 104 108 2967 2968 2920
5743 2 2 104 108 379 2959 380
5744 2 2 104 108 2947 2969 2923
5745 2 2 104 108 2962 2967 2945
5746 2 2 104 108 380 2959 2954
5747 2 2 104 108 2936 2961 2951
5748 2 2 104 108 2941 2962 2942
5749 2 2 104 108 2941 2967 2962
5750 2 2 104 108 2943 2967 2941
5751 2 2 104 108 2943 2968 2967
5752 2 2 104 108 2937 2968 2943
5753 2 2 104 108 2937 2969 2968
5754 2 2 104 108 2938 2969 2937
5755 2 2 104 108 2949 2958 2918
5756 2 2 104 108 2920 2968 2947
5757 2 2 104 108 2951 2961 2919
5758 2 2 104 108 2954 2959 2942
5759 2 2 104 108 2945 2967 2920
5760 2 2 104 108 104 2965 2925
5761 2 2 104 108 2924 2966 369
5762 2 2 104 108 2925 2962 2945
5763 2 2 104 108 2919 2961 2950
5764 2 2 104 108 2957 2960 2927
5765 2 2 104 108 2926 2963 350
5766 2 2 104 108 355 2964 2927
5767 2 2 104 108 2957 2964 110
5768 2 2 104 108 375 2963 2956
5769 2 2 104 108 376 2966 2955
5770 2 2 104 108 2954 2965 381
5771 2 2 104 108 2956 2963 2926
5772 2 2 104 108 2927 2964 2957
5773 2 2 104 108 2955 2966 2924
5774 2 2 104 108 2925 2965 2954
5775 2 2 104 109 3001 3003 2990
5776 2 2 104 109 2990 3012 3001
5777 2 2 104 109 2971 3011 2992
5778 2 2 104 109 2992 3011 2994
5779 2 2 104 109 2996 3007 3000
5780 2 2 104 109 3000 3010 2996
5781 2 2 104 109 2977 3007 2996
5782 2 2 104 109 3005 3013 3002
5783 2 2 104 109 2979 3005 3002
5784 2 2 104 109 2970 3003 3001
5785 2 2 104 109 2982 3004 2999
5786 2 2 104 109 2980 2996 2981
5787 2 2 104 109 2985 2995 2989
5788 2 2 104 109 2991 2992 2986
5789 2 2 104 109 2986 2995 2985
5790 2 2 104 109 2983 2991 2986
5791 2 2 104 109 2992 2993 2986
5792 2 2 104 109 2992 2994 2993
5793 2 2 104 109 2993 2995 2986
5794 2 2 104 109 2989 2990 2987
5795 2 2 104 109 2987 2988 2984
5796 2 2 104 109 2985 2989 2987
5797 2 2 104 109 2985 2987 2984
5798 2 2 104 109 2983 2986 2985
5799 2 2 104 109 2983 2985 2984
5800 2 2 104 109 2983 2984 2982
5801 2 2 104 109 2981 2991 2983
5802 2 2 104 109 2981 2983 2982
5803 2 2 104 109 2981 2982 2972
5804 2 2 104 109 2994 3006 2976
5805 2 2 104 109 2976 3014 2994
5806 2 2 104 109 2981 2996 2991
5807 2 2 104 109 3012 3021 2974
5808 2 2 104 109 2999 3004 2975
5809 2 2 104 109 3004 3005 2975
5810 2 2 104 109 2977 2996 2980
5811 2 2 104 109 2987 3003 2988
5812 2 2 104 109 2984 3004 2982
5813 2 2 104 109 393 2980 392
5814 2 2 104 109 166 2976 167
5815 2 2 104 109 394 2977 393
5816 2 2 104 109 392 2972 391
5817 2 2 104 109 390 2975 389
5818 2 2 104 109 162 2974 163
5819 2 2 104 109 164 2973 165
5820 2 2 104 109 165 2997 166
5821 2 2 104 109 391 2999 390
5822 2 2 104 109 163 2998 164
5823 2 2 104 109 2992 3010 2971
5824 2 2 104 109 3005 3009 2975
5825 2 2 104 109 2990 3003 2987
5826 2 2 104 109 2988 3005 3004
5827 2 2 104 109 2980 2981 2972
5828 2 2 104 109 2988 3004 2984
5829 2 2 104 109 2988 3013 3005
5830 2 2 104 109 360 3002 359
5831 2 2 104 109 385 3000 386
5832 2 2 104 109 358 3001 357
5833 2 2 104 109 359 2970 358
5834 2 2 104 109 361 2979 360
5835 2 2 104 109 357 2978 356
5836 2 2 104 109 384 2971 385
5837 2 2 104 109 2982 2999 2972
5838 2 2 104 109 2973 2997 165
5839 2 2 104 109 392 2980 2972
5840 2 2 104 109 2977 2980 393
5841 2 2 104 109 2972 2999 391
5842 2 2 104 109 2974 2998 163
5843 2 2 104 109 166 2997 2976
5844 2 2 104 109 164 2998 2973
5845 2 2 104 109 390 2999 2975
5846 2 2 104 109 2996 3010 2991
5847 2 2 104 109 3008 3012 2974
5848 2 2 104 109 162 3008 2974
5849 2 2 104 109 2975 3009 389
5850 2 2 104 109 2990 3021 3012
5851 2 2 104 109 382 3006 383
5852 2 2 104 109 386 3007 387
5853 2 2 104 109 389 3009 388
5854 2 2 104 109 161 3008 162
5855 2 2 104 109 3001 3012 2978
5856 2 2 104 109 2979 3009 3005
5857 2 2 104 109 359 3002 2970
5858 2 2 104 109 2979 3002 360
5859 2 2 104 109 2971 3000 385
5860 2 2 104 109 2970 3001 358
5861 2 2 104 109 357 3001 2978
5862 2 2 104 109 13 3015 161
5863 2 2 104 109 388 3016 24
5864 2 2 104 109 26 3018 394
5865 2 2 104 109 167 3017 12
5866 2 2 104 109 356 3015 13
5867 2 2 104 109 24 3016 361
5868 2 2 104 109 387 3018 26
5869 2 2 104 109 12 3017 382
5870 2 2 104 109 3000 3007 386
5871 2 2 104 109 2998 3021 3020
5872 2 2 104 109 2991 3010 2992
5873 2 2 104 109 2973 3020 3019
5874 2 2 104 109 384 3011 2971
5875 2 2 104 109 383 3011 384
5876 2 2 104 109 2974 3021 2998
5877 2 2 104 109 2997 3019 3014
5878 2 2 104 109 3006 3011 383
5879 2 2 104 109 3003 3013 2988
5880 2 2 104 109 2994 3014 2993
5881 2 2 104 109 3019 3020 2995
5882 2 2 104 109 3014 3019 2993
5883 2 2 104 109 2995 3020 2989
5884 2 2 104 109 2993 3019 2995
5885 2 2 104 109 3020 3021 2989
5886 2 2 104 109 2989 3021 2990
5887 2 2 104 109 2971 3010 3000
5888 2 2 104 109 2998 3020 2973
5889 2 2 104 109 2970 3013 3003
5890 2 2 104 109 2994 3011 3006
5891 2 2 104 109 2976 3017 167
5892 2 2 104 109 394 3018 2977
5893 2 2 104 109 2973 3019 2997
5894 2 2 104 109 2997 3014 2976
5895 2 2 104 109 3002 3013 2970
5896 2 2 104 109 2978 3012 3008
5897 2 2 104 109 2978 3015 356
5898 2 2 104 109 361 3016 2979
5899 2 2 104 109 3009 3016 388
5900 2 2 104 109 161 3015 3008
5901 2 2 104 109 382 3017 3006
5902 2 2 104 109 3007 3018 387
5903 2 2 104 109 2979 3016 3009
5904 2 2 104 109 3008 3015 2978
5905 2 2 104 109 3006 3017 2976
5906 2 2 104 109 2977 3018 3007
5907 2 2 105 111 3042 3062 3027
5908 2 2 105 111 3027 3062 3059
5909 2 2 105 111 3056 3058 3057
5910 2 2 105 111 3047 3048 3023
5911 2 2 105 111 3022 3055 3046
5912 2 2 105 111 3055 3062 3046
5913 2 2 105 111 3057 3064 3056
5914 2 2 105 111 3031 3054 3050
5915 2 2 105 111 3026 3060 3050
5916 2 2 105 111 3026 3050 3049
5917 2 2 105 111 3048 3065 3023
5918 2 2 105 111 3032 3049 3033
5919 2 2 105 111 3035 3043 3034
5920 2 2 105 111 3057 3058 3029
5921 2 2 105 111 3044 3045 3039
5922 2 2 105 111 3037 3044 3039
5923 2 2 105 111 3038 3046 3042
5924 2 2 105 111 3041 3044 3037
5925 2 2 105 111 3038 3042 3041
5926 2 2 105 111 3040 3046 3038
5927 2 2 105 111 3039 3043 3035
5928 2 2 105 111 3036 3040 3038
5929 2 2 105 111 3038 3041 3037
5930 2 2 105 111 3037 3039 3035
5931 2 2 105 111 3036 3038 3037
5932 2 2 105 111 3036 3037 3035
5933 2 2 105 111 3033 3036 3035
5934 2 2 105 111 3033 3035 3034
5935 2 2 105 111 3054 3063 3050
5936 2 2 105 111 3050 3060 3031
5937 2 2 105 111 3039 3047 3043
5938 2 2 105 111 3033 3049 3036
5939 2 2 105 111 3045 3048 3047
5940 2 2 105 111 3049 3050 3040
5941 2 2 105 111 3027 3066 3042
5942 2 2 105 111 3026 3049 3032
5943 2 2 105 111 3033 3034 3025
5944 2 2 105 111 3045 3047 3039
5945 2 2 105 111 3036 3049 3040
5946 2 2 105 111 113 3032 114
5947 2 2 105 111 112 3026 113
5948 2 2 105 111 398 3051 397
5949 2 2 105 111 399 3024 398
5950 2 2 105 111 116 3029 117
5951 2 2 105 111 401 3028 400
5952 2 2 105 111 114 3025 115
5953 2 2 105 111 397 3027 396
5954 2 2 105 111 115 3052 116
5955 2 2 105 111 400 3053 399
5956 2 2 105 111 3046 3062 3042
5957 2 2 105 111 3032 3033 3025
5958 2 2 105 111 3034 3057 3052
5959 2 2 105 111 3052 3057 3029
5960 2 2 105 111 3043 3057 3034
5961 2 2 105 111 379 3023 378
5962 2 2 105 111 122 3031 123
5963 2 2 105 111 118 3030 119
5964 2 2 105 111 120 3022 121
5965 2 2 105 111 380 3056 379
5966 2 2 105 111 119 3055 120
5967 2 2 105 111 121 3054 122
5968 2 2 105 111 3034 3052 3025
5969 2 2 105 111 3026 3032 113
5970 2 2 105 111 114 3032 3025
5971 2 2 105 111 397 3051 3027
5972 2 2 105 111 3024 3051 398
5973 2 2 105 111 3025 3052 115
5974 2 2 105 111 399 3053 3024
5975 2 2 105 111 116 3052 3029
5976 2 2 105 111 3028 3053 400
5977 2 2 105 111 3050 3063 3040
5978 2 2 105 111 3059 3062 3030
5979 2 2 105 111 112 3060 3026
5980 2 2 105 111 3027 3059 396
5981 2 2 105 111 3043 3064 3057
5982 2 2 105 111 381 3058 380
5983 2 2 105 111 111 3060 112
5984 2 2 105 111 396 3059 395
5985 2 2 105 111 3046 3063 3022
5986 2 2 105 111 377 3061 376
5987 2 2 105 111 379 3056 3023
5988 2 2 105 111 3022 3054 121
5989 2 2 105 111 120 3055 3022
5990 2 2 105 111 122 3054 3031
5991 2 2 105 111 3030 3055 119
5992 2 2 105 111 395 3067 9
5993 2 2 105 111 8 3068 111
5994 2 2 105 111 117 3069 7
5995 2 2 105 111 25 3070 401
5996 2 2 105 111 9 3067 118
5997 2 2 105 111 123 3068 8
5998 2 2 105 111 7 3069 381
5999 2 2 105 111 376 3070 25
6000 2 2 105 111 380 3058 3056
6001 2 2 105 111 3053 3073 3072
6002 2 2 105 111 3040 3063 3046
6003 2 2 105 111 3024 3072 3071
6004 2 2 105 111 3023 3064 3047
6005 2 2 105 111 3023 3065 378
6006 2 2 105 111 3047 3064 3043
6007 2 2 105 111 3061 3073 3028
6008 2 2 105 111 3051 3071 3066
6009 2 2 105 111 3028 3073 3053
6010 2 2 105 111 3048 3073 3061
6011 2 2 105 111 3042 3066 3041
6012 2 2 105 111 3066 3071 3041
6013 2 2 105 111 3041 3071 3044
6014 2 2 105 111 3071 3072 3044
6015 2 2 105 111 3044 3072 3045
6016 2 2 105 111 3072 3073 3045
6017 2 2 105 111 3045 3073 3048
6018 2 2 105 111 377 3065 3061
6019 2 2 105 111 3053 3072 3024
6020 2 2 105 111 3030 3062 3055
6021 2 2 105 111 378 3065 377
6022 2 2 105 111 401 3070 3028
6023 2 2 105 111 3029 3069 117
6024 2 2 105 111 3022 3063 3054
6025 2 2 105 111 3024 3071 3051
6026 2 2 105 111 3056 3064 3023
6027 2 2 105 111 3051 3066 3027
6028 2 2 105 111 3061 3065 3048
6029 2 2 105 111 118 3067 3030
6030 2 2 105 111 3031 3068 123
6031 2 2 105 111 111 3068 3060
6032 2 2 105 111 3059 3067 395
6033 2 2 105 111 381 3069 3058
6034 2 2 105 111 3028 3070 3061
6035 2 2 105 111 3030 3067 3059
6036 2 2 105 111 3060 3068 3031
6037 2 2 105 111 3061 3070 376
6038 2 2 105 111 3058 3069 3029
6039 2 2 105 112 3079 3114 3094
6040 2 2 105 112 3112 3114 3079
6041 2 2 105 112 3109 3110 3107
6042 2 2 105 112 3075 3100 3099
6043 2 2 105 112 3098 3106 3074
6044 2 2 105 112 3098 3114 3106
6045 2 2 105 112 3107 3116 3109
6046 2 2 105 112 3102 3108 3082
6047 2 2 105 112 3102 3111 3078
6048 2 2 105 112 3101 3102 3078
6049 2 2 105 112 3075 3117 3100
6050 2 2 105 112 3085 3101 3084
6051 2 2 105 112 3087 3095 3091
6052 2 2 105 112 3081 3110 3109
6053 2 2 105 112 3089 3096 3093
6054 2 2 105 112 3090 3098 3092
6055 2 2 105 112 3094 3098 3090
6056 2 2 105 112 3091 3097 3096
6057 2 2 105 112 3093 3094 3090
6058 2 2 105 112 3090 3092 3088
6059 2 2 105 112 3091 3096 3089
6060 2 2 105 112 3089 3093 3090
6061 2 2 105 112 3089 3090 3088
6062 2 2 105 112 3087 3091 3089
6063 2 2 105 112 3087 3089 3088
6064 2 2 105 112 3087 3088 3085
6065 2 2 105 112 3086 3095 3087
6066 2 2 105 112 3086 3087 3085
6067 2 2 105 112 3095 3099 3091
6068 2 2 105 112 3102 3115 3108
6069 2 2 105 112 3082 3111 3102
6070 2 2 105 112 3088 3101 3085
6071 2 2 105 112 3099 3100 3097
6072 2 2 105 112 3092 3102 3101
6073 2 2 105 112 3094 3118 3079
6074 2 2 105 112 3084 3101 3078
6075 2 2 105 112 3076 3086 3085
6076 2 2 105 112 3091 3099 3097
6077 2 2 105 112 3092 3101 3088
6078 2 2 105 112 157 3077 158
6079 2 2 105 112 406 3076 405
6080 2 2 105 112 159 3080 160
6081 2 2 105 112 408 3081 407
6082 2 2 105 112 404 3078 403
6083 2 2 105 112 155 3079 156
6084 2 2 105 112 405 3084 404
6085 2 2 105 112 156 3104 157
6086 2 2 105 112 158 3103 159
6087 2 2 105 112 407 3105 406
6088 2 2 105 112 3094 3114 3098
6089 2 2 105 112 3076 3085 3084
6090 2 2 105 112 3105 3109 3086
6091 2 2 105 112 3081 3109 3105
6092 2 2 105 112 3086 3109 3095
6093 2 2 105 112 385 3074 384
6094 2 2 105 112 387 3082 386
6095 2 2 105 112 383 3083 382
6096 2 2 105 112 150 3075 151
6097 2 2 105 112 386 3108 385
6098 2 2 105 112 384 3106 383
6099 2 2 105 112 151 3107 152
6100 2 2 105 112 3076 3105 3086
6101 2 2 105 112 3079 3104 156
6102 2 2 105 112 3077 3103 158
6103 2 2 105 112 404 3084 3078
6104 2 2 105 112 3076 3084 405
6105 2 2 105 112 406 3105 3076
6106 2 2 105 112 157 3104 3077
6107 2 2 105 112 3081 3105 407
6108 2 2 105 112 159 3103 3080
6109 2 2 105 112 3092 3115 3102
6110 2 2 105 112 3083 3114 3112
6111 2 2 105 112 3078 3111 403
6112 2 2 105 112 155 3112 3079
6113 2 2 105 112 3109 3116 3095
6114 2 2 105 112 152 3110 153
6115 2 2 105 112 154 3112 155
6116 2 2 105 112 403 3111 402
6117 2 2 105 112 3074 3115 3098
6118 2 2 105 112 148 3113 149
6119 2 2 105 112 3074 3106 384
6120 2 2 105 112 383 3106 3083
6121 2 2 105 112 3082 3108 386
6122 2 2 105 112 385 3108 3074
6123 2 2 105 112 3075 3107 151
6124 2 2 105 112 12 3120 154
6125 2 2 105 112 402 3119 26
6126 2 2 105 112 10 3121 408
6127 2 2 105 112 160 3122 11
6128 2 2 105 112 382 3120 12
6129 2 2 105 112 26 3119 387
6130 2 2 105 112 153 3121 10
6131 2 2 105 112 11 3122 148
6132 2 2 105 112 3107 3110 152
6133 2 2 105 112 3124 3125 3103
6134 2 2 105 112 3098 3115 3092
6135 2 2 105 112 3123 3124 3077
6136 2 2 105 112 3099 3116 3075
6137 2 2 105 112 3095 3116 3099
6138 2 2 105 112 150 3117 3075
6139 2 2 105 112 3080 3125 3113
6140 2 2 105 112 3118 3123 3104
6141 2 2 105 112 3103 3125 3080
6142 2 2 105 112 3113 3125 3100
6143 2 2 105 112 3093 3118 3094
6144 2 2 105 112 3093 3123 3118
6145 2 2 105 112 3096 3123 3093
6146 2 2 105 112 3096 3124 3123
6147 2 2 105 112 3097 3124 3096
6148 2 2 105 112 3097 3125 3124
6149 2 2 105 112 3100 3125 3097
6150 2 2 105 112 3113 3117 149
6151 2 2 105 112 3077 3124 3103
6152 2 2 105 112 3106 3114 3083
6153 2 2 105 112 149 3117 150
6154 2 2 105 112 3080 3122 160
6155 2 2 105 112 408 3121 3081
6156 2 2 105 112 3108 3115 3074
6157 2 2 105 112 3104 3123 3077
6158 2 2 105 112 3075 3116 3107
6159 2 2 105 112 3079 3118 3104
6160 2 2 105 112 3100 3117 3113
6161 2 2 105 112 3083 3120 382
6162 2 2 105 112 387 3119 3082
6163 2 2 105 112 154 3120 3112
6164 2 2 105 112 3111 3119 402
6165 2 2 105 112 3110 3121 153
6166 2 2 105 112 3113 3122 3080
6167 2 2 105 112 3112 3120 3083
6168 2 2 105 112 3082 3119 3111
6169 2 2 105 112 148 3122 3113
6170 2 2 105 112 3081 3121 3110
$EndElements
