$MeshFormat
4.1 0 8
$EndMeshFormat
$PhysicalNames
8
1 4 "top"
1 5 "bottom"
1 6 "left"
1 7 "right"
1 8 "wall"
2 1 "fill"
2 2 "native"
2 3 "concrete"
$EndPhysicalNames
$Entities
14 15 3 0
5 -1.445864354493096 -7.465836324729025 0 0 
6 1.445864354493096 -7.465836324729025 0 0 
7 1.445864354493096 -10.13529760623351 0 0 
8 -1.445864354493096 -10.13529760623351 0 0 
17 -1.000969445891678 -7.910731233330443 0 0 
18 1.000969445891678 -7.910731233330443 0 0 
19 1.000969445891678 -9.69040269763209 0 0 
20 -1.000969445891678 -9.69040269763209 0 0 
21 -15.90450789942406 -4.471735548228025 0 0 
22 -15.90450789942406 0 0 0 
23 15.90450789942406 0 0 0 
24 15.90450789942406 -4.471735548228025 0 0 
25 -15.90450789942406 -30.5 0 0 
26 15.90450789942406 -30.5 0 0 
5 -1.445864454493097 -7.465836424729026 -1e-07 1.445864454493097 -7.465836224729025 1e-07 0 2 5 -6 
6 1.445864254493096 -10.13529770623351 -1e-07 1.445864454493097 -7.465836224729025 1e-07 0 2 6 -7 
7 -1.445864454493097 -10.13529770623351 -1e-07 1.445864454493097 -10.13529750623351 1e-07 0 2 7 -8 
8 -1.445864454493097 -10.13529770623351 -1e-07 -1.445864254493096 -7.465836224729025 1e-07 0 2 8 -5 
17 -1.000969545891678 -7.910731333330443 -1e-07 1.000969545891678 -7.910731133330443 1e-07 1 8 2 17 -18 
18 1.000969345891678 -9.690402797632089 -1e-07 1.000969545891678 -7.910731133330443 1e-07 1 8 2 18 -19 
19 -1.000969545891678 -9.690402797632089 -1e-07 1.000969545891678 -9.69040259763209 1e-07 1 8 2 19 -20 
20 -1.000969545891678 -9.690402797632089 -1e-07 -1.000969345891678 -7.910731133330443 1e-07 1 8 2 20 -17 
100 -15.90450799942406 -4.471735648228026 -1e-07 15.90450799942406 -4.471735448228025 1e-07 0 2 21 -24 
101 -15.90450799942406 -4.471735648228026 -1e-07 -15.90450779942406 9.999999983634211e-08 1e-07 1 6 2 21 -22 
102 15.90450779942406 -4.471735648228026 -1e-07 15.90450799942406 9.999999983634211e-08 1e-07 1 7 2 23 -24 
103 -15.90450799942406 -1e-07 -1e-07 15.90450799942406 1e-07 1e-07 1 4 2 22 -23 
104 -15.90450799942406 -30.5000001 -1e-07 -15.90450779942406 -4.471735448228024 1e-07 1 6 2 25 -21 
105 -15.90450799942406 -30.5000001 -1e-07 15.90450799942406 -30.4999999 1e-07 1 5 2 26 -25 
106 15.90450779942406 -30.5000001 -1e-07 15.90450799942406 -4.471735448228024 1e-07 1 7 2 24 -26 
5 -1.445864454493097 -10.13529770623351 -1e-07 1.445864454493097 -7.465836224729025 1e-07 1 3 8 5 6 7 8 -17 -20 -19 -18 
6 -15.90450799942406 -4.471735648228026 -1e-07 15.90450799942406 9.999999983634211e-08 1e-07 1 1 4 101 103 102 -100 
7 -15.90450799942406 -30.5000001 -1e-07 15.90450799942406 -4.471735448228024 1e-07 1 2 8 104 100 106 105 -5 -8 -7 -6 
$EndEntities
$Nodes
32 5911 1 5911
0 5 0 1
1
-1.445864354493096 -7.465836324729025 0
0 6 0 1
2
1.445864354493096 -7.465836324729025 0
0 7 0 1
3
1.445864354493096 -10.13529760623351 0
0 8 0 1
4
-1.445864354493096 -10.13529760623351 0
0 17 0 1
5
-1.000969445891678 -7.910731233330443 0
0 18 0 1
6
1.000969445891678 -7.910731233330443 0
0 19 0 1
7
1.000969445891678 -9.69040269763209 0
0 20 0 1
8
-1.000969445891678 -9.69040269763209 0
0 21 0 1
9
-15.90450789942406 -4.471735548228025 0
0 22 0 1
10
-15.90450789942406 0 0
0 23 0 1
11
15.90450789942406 0 0
0 24 0 1
12
15.90450789942406 -4.471735548228025 0
0 25 0 1
13
-15.90450789942406 -30.5 0
0 26 0 1
14
15.90450789942406 -30.5 0
1 5 0 57
15
16
17
18
19
20
21
22
23
24
25
26
27
28
29
30
31
32
33
34
35
36
37
38
39
40
41
42
43
44
45
46
47
48
49
50
51
52
53
54
55
56
57
58
59
60
61
62
63
64
65
66
67
68
69
70
71
-1.396006962958852 -7.465836324729025 0
-1.346149571424607 -7.465836324729025 0
-1.296292179890362 -7.465836324729025 0
-1.246434788356118 -7.465836324729025 0
-1.196577396821873 -7.465836324729025 0
-1.146720005287628 -7.465836324729025 0
-1.096862613753383 -7.465836324729025 0
-1.047005222219139 -7.465836324729025 0
-0.9971478306848941 -7.465836324729025 0
-0.9472904391506495 -7.465836324729025 0
-0.8974330476164047 -7.465836324729025 0
-0.84757565608216 -7.465836324729025 0
-0.7977182645479153 -7.465836324729025 0
-0.7478608730136707 -7.465836324729025 0
-0.6980034814794258 -7.465836324729025 0
-0.6481460899451812 -7.465836324729025 0
-0.5982886984109366 -7.465836324729025 0
-0.5484313068766917 -7.465836324729025 0
-0.498573915342447 -7.465836324729025 0
-0.4487165238082025 -7.465836324729025 0
-0.3988591322739576 -7.465836324729025 0
-0.349001740739713 -7.465836324729025 0
-0.2991443492054682 -7.465836324729025 0
-0.2492869576712236 -7.465836324729025 0
-0.1994295661369789 -7.465836324729025 0
-0.1495721746027341 -7.465836324729025 0
-0.09971478306848947 -7.465836324729025 0
-0.04985739153424484 -7.465836324729025 0
0 -7.465836324729025 0
0.04985739153424484 -7.465836324729025 0
0.09971478306848924 -7.465836324729025 0
0.1495721746027341 -7.465836324729025 0
0.1994295661369787 -7.465836324729025 0
0.2492869576712233 -7.465836324729025 0
0.2991443492054682 -7.465836324729025 0
0.349001740739713 -7.465836324729025 0
0.3988591322739576 -7.465836324729025 0
0.4487165238082025 -7.465836324729025 0
0.4985739153424471 -7.465836324729025 0
0.5484313068766915 -7.465836324729025 0
0.5982886984109363 -7.465836324729025 0
0.6481460899451812 -7.465836324729025 0
0.698003481479426 -7.465836324729025 0
0.7478608730136704 -7.465836324729025 0
0.7977182645479153 -7.465836324729025 0
0.8475756560821601 -7.465836324729025 0
0.8974330476164045 -7.465836324729025 0
0.9472904391506494 -7.465836324729025 0
0.9971478306848942 -7.465836324729025 0
1.047005222219139 -7.465836324729025 0
1.096862613753383 -7.465836324729025 0
1.146720005287628 -7.465836324729025 0
1.196577396821873 -7.465836324729025 0
1.246434788356118 -7.465836324729025 0
1.296292179890362 -7.465836324729025 0
1.346149571424607 -7.465836324729025 0
1.396006962958852 -7.465836324729025 0
1 6 0 53
72
73
74
75
76
77
78
79
80
81
82
83
84
85
86
87
88
89
90
91
92
93
94
95
96
97
98
99
100
101
102
103
104
105
106
107
108
109
110
111
112
113
114
115
116
117
118
119
120
121
122
123
124
1.445864354493096 -7.515270792905034 0
1.445864354493096 -7.564705261081043 0
1.445864354493096 -7.614139729257052 0
1.445864354493096 -7.663574197433061 0
1.445864354493096 -7.71300866560907 0
1.445864354493096 -7.762443133785079 0
1.445864354493096 -7.811877601961088 0
1.445864354493096 -7.861312070137097 0
1.445864354493096 -7.910746538313106 0
1.445864354493096 -7.960181006489115 0
1.445864354493096 -8.009615474665123 0
1.445864354493096 -8.059049942841133 0
1.445864354493096 -8.108484411017141 0
1.445864354493096 -8.157918879193151 0
1.445864354493096 -8.207353347369159 0
1.445864354493096 -8.256787815545168 0
1.445864354493096 -8.306222283721176 0
1.445864354493096 -8.355656751897186 0
1.445864354493096 -8.405091220073196 0
1.445864354493096 -8.454525688249204 0
1.445864354493096 -8.503960156425213 0
1.445864354493096 -8.553394624601221 0
1.445864354493096 -8.602829092777231 0
1.445864354493096 -8.652263560953239 0
1.445864354493096 -8.701698029129249 0
1.445864354493096 -8.751132497305257 0
1.445864354493096 -8.800566965481266 0
1.445864354493096 -8.850001433657276 0
1.445864354493096 -8.899435901833284 0
1.445864354493096 -8.948870370009294 0
1.445864354493096 -8.998304838185302 0
1.445864354493096 -9.047739306361311 0
1.445864354493096 -9.097173774537319 0
1.445864354493096 -9.146608242713329 0
1.445864354493096 -9.196042710889337 0
1.445864354493096 -9.245477179065347 0
1.445864354493096 -9.294911647241356 0
1.445864354493096 -9.344346115417364 0
1.445864354493096 -9.393780583593374 0
1.445864354493096 -9.443215051769382 0
1.445864354493096 -9.492649519945392 0
1.445864354493096 -9.542083988121401 0
1.445864354493096 -9.591518456297409 0
1.445864354493096 -9.640952924473417 0
1.445864354493096 -9.690387392649427 0
1.445864354493096 -9.739821860825437 0
1.445864354493096 -9.789256329001445 0
1.445864354493096 -9.838690797177454 0
1.445864354493096 -9.888125265353462 0
1.445864354493096 -9.937559733529472 0
1.445864354493096 -9.986994201705482 0
1.445864354493096 -10.03642866988149 0
1.445864354493096 -10.0858631380575 0
1 7 0 57
125
126
127
128
129
130
131
132
133
134
135
136
137
138
139
140
141
142
143
144
145
146
147
148
149
150
151
152
153
154
155
156
157
158
159
160
161
162
163
164
165
166
167
168
169
170
171
172
173
174
175
176
177
178
179
180
181
1.396006962958852 -10.13529760623351 0
1.346149571424607 -10.13529760623351 0
1.296292179890362 -10.13529760623351 0
1.246434788356118 -10.13529760623351 0
1.196577396821873 -10.13529760623351 0
1.146720005287628 -10.13529760623351 0
1.096862613753383 -10.13529760623351 0
1.047005222219139 -10.13529760623351 0
0.9971478306848941 -10.13529760623351 0
0.9472904391506495 -10.13529760623351 0
0.8974330476164047 -10.13529760623351 0
0.84757565608216 -10.13529760623351 0
0.7977182645479153 -10.13529760623351 0
0.7478608730136707 -10.13529760623351 0
0.6980034814794258 -10.13529760623351 0
0.6481460899451812 -10.13529760623351 0
0.5982886984109366 -10.13529760623351 0
0.5484313068766917 -10.13529760623351 0
0.498573915342447 -10.13529760623351 0
0.4487165238082025 -10.13529760623351 0
0.3988591322739576 -10.13529760623351 0
0.349001740739713 -10.13529760623351 0
0.2991443492054682 -10.13529760623351 0
0.2492869576712236 -10.13529760623351 0
0.1994295661369789 -10.13529760623351 0
0.1495721746027341 -10.13529760623351 0
0.09971478306848947 -10.13529760623351 0
0.04985739153424484 -10.13529760623351 0
0 -10.13529760623351 0
-0.04985739153424484 -10.13529760623351 0
-0.09971478306848924 -10.13529760623351 0
-0.1495721746027341 -10.13529760623351 0
-0.1994295661369787 -10.13529760623351 0
-0.2492869576712233 -10.13529760623351 0
-0.2991443492054682 -10.13529760623351 0
-0.349001740739713 -10.13529760623351 0
-0.3988591322739576 -10.13529760623351 0
-0.4487165238082025 -10.13529760623351 0
-0.4985739153424471 -10.13529760623351 0
-0.5484313068766915 -10.13529760623351 0
-0.5982886984109363 -10.13529760623351 0
-0.6481460899451812 -10.13529760623351 0
-0.698003481479426 -10.13529760623351 0
-0.7478608730136704 -10.13529760623351 0
-0.7977182645479153 -10.13529760623351 0
-0.8475756560821601 -10.13529760623351 0
-0.8974330476164045 -10.13529760623351 0
-0.9472904391506494 -10.13529760623351 0
-0.9971478306848942 -10.13529760623351 0
-1.047005222219139 -10.13529760623351 0
-1.096862613753383 -10.13529760623351 0
-1.146720005287628 -10.13529760623351 0
-1.196577396821873 -10.13529760623351 0
-1.246434788356118 -10.13529760623351 0
-1.296292179890362 -10.13529760623351 0
-1.346149571424607 -10.13529760623351 0
-1.396006962958852 -10.13529760623351 0
1 8 0 53
182
183
184
185
186
187
188
189
190
191
192
193
194
195
196
197
198
199
200
201
202
203
204
205
206
207
208
209
210
211
212
213
214
215
216
217
218
219
220
221
222
223
224
225
226
227
228
229
230
231
232
233
234
-1.445864354493096 -10.0858631380575 0
-1.445864354493096 -10.03642866988149 0
-1.445864354493096 -9.98699420170548 0
-1.445864354493096 -9.937559733529472 0
-1.445864354493096 -9.888125265353462 0
-1.445864354493096 -9.838690797177454 0
-1.445864354493096 -9.789256329001445 0
-1.445864354493096 -9.739821860825437 0
-1.445864354493096 -9.690387392649427 0
-1.445864354493096 -9.640952924473417 0
-1.445864354493096 -9.591518456297409 0
-1.445864354493096 -9.5420839881214 0
-1.445864354493096 -9.492649519945392 0
-1.445864354493096 -9.443215051769382 0
-1.445864354493096 -9.393780583593374 0
-1.445864354493096 -9.344346115417364 0
-1.445864354493096 -9.294911647241356 0
-1.445864354493096 -9.245477179065347 0
-1.445864354493096 -9.196042710889337 0
-1.445864354493096 -9.146608242713329 0
-1.445864354493096 -9.097173774537319 0
-1.445864354493096 -9.047739306361311 0
-1.445864354493096 -8.998304838185302 0
-1.445864354493096 -8.948870370009294 0
-1.445864354493096 -8.899435901833284 0
-1.445864354493096 -8.850001433657276 0
-1.445864354493096 -8.800566965481266 0
-1.445864354493096 -8.751132497305257 0
-1.445864354493096 -8.701698029129249 0
-1.445864354493096 -8.652263560953239 0
-1.445864354493096 -8.602829092777231 0
-1.445864354493096 -8.553394624601221 0
-1.445864354493096 -8.503960156425213 0
-1.445864354493096 -8.454525688249204 0
-1.445864354493096 -8.405091220073196 0
-1.445864354493096 -8.355656751897186 0
-1.445864354493096 -8.306222283721176 0
-1.445864354493096 -8.256787815545168 0
-1.445864354493096 -8.207353347369159 0
-1.445864354493096 -8.157918879193151 0
-1.445864354493096 -8.108484411017141 0
-1.445864354493096 -8.059049942841131 0
-1.445864354493096 -8.009615474665123 0
-1.445864354493096 -7.960181006489115 0
-1.445864354493096 -7.910746538313106 0
-1.445864354493096 -7.861312070137097 0
-1.445864354493096 -7.811877601961088 0
-1.445864354493096 -7.762443133785078 0
-1.445864354493096 -7.71300866560907 0
-1.445864354493096 -7.663574197433061 0
-1.445864354493096 -7.614139729257052 0
-1.445864354493096 -7.564705261081043 0
-1.445864354493096 -7.515270792905034 0
1 17 0 40
235
236
237
238
239
240
241
242
243
244
245
246
247
248
249
250
251
252
253
254
255
256
257
258
259
260
261
262
263
264
265
266
267
268
269
270
271
272
273
274
-0.9521416680433038 -7.910731233330443 0
-0.9033138901949292 -7.910731233330443 0
-0.8544861123465548 -7.910731233330443 0
-0.8056583344981803 -7.910731233330443 0
-0.7568305566498057 -7.910731233330443 0
-0.7080027788014313 -7.910731233330443 0
-0.6591750009530568 -7.910731233330443 0
-0.6103472231046824 -7.910731233330443 0
-0.5615194452563079 -7.910731233330443 0
-0.5126916674079334 -7.910731233330443 0
-0.463863889559559 -7.910731233330443 0
-0.4150361117111845 -7.910731233330443 0
-0.36620833386281 -7.910731233330443 0
-0.3173805560144357 -7.910731233330443 0
-0.2685527781660613 -7.910731233330443 0
-0.2197250003176868 -7.910731233330443 0
-0.1708972224693124 -7.910731233330443 0
-0.1220694446209379 -7.910731233330443 0
-0.07324166677256339 -7.910731233330443 0
-0.02441388892418883 -7.910731233330443 0
0.02441388892418583 -7.910731233330443 0
0.07324166677256039 -7.910731233330443 0
0.1220694446209352 -7.910731233330443 0
0.1708972224693099 -7.910731233330443 0
0.2197250003176847 -7.910731233330443 0
0.2685527781660595 -7.910731233330443 0
0.317380556014434 -7.910731233330443 0
0.3662083338628086 -7.910731233330443 0
0.4150361117111834 -7.910731233330443 0
0.4638638895595582 -7.910731233330443 0
0.5126916674079329 -7.910731233330443 0
0.5615194452563077 -7.910731233330443 0
0.6103472231046823 -7.910731233330443 0
0.6591750009530568 -7.910731233330443 0
0.7080027788014311 -7.910731233330443 0
0.7568305566498057 -7.910731233330443 0
0.80565833449818 -7.910731233330443 0
0.8544861123465548 -7.910731233330443 0
0.9033138901949291 -7.910731233330443 0
0.9521416680433039 -7.910731233330443 0
1 18 0 35
275
276
277
278
279
280
281
282
283
284
285
286
287
288
289
290
291
292
293
294
295
296
297
298
299
300
301
302
303
304
305
306
307
308
309
1.000969445891678 -7.960166551783266 0
1.000969445891678 -8.009601870236089 0
1.000969445891678 -8.059037188688913 0
1.000969445891678 -8.108472507141737 0
1.000969445891678 -8.15790782559456 0
1.000969445891678 -8.207343144047384 0
1.000969445891678 -8.256778462500208 0
1.000969445891678 -8.30621378095303 0
1.000969445891678 -8.355649099405854 0
1.000969445891678 -8.405084417858678 0
1.000969445891678 -8.4545197363115 0
1.000969445891678 -8.503955054764324 0
1.000969445891678 -8.553390373217148 0
1.000969445891678 -8.60282569166997 0
1.000969445891678 -8.652261010122794 0
1.000969445891678 -8.701696328575618 0
1.000969445891678 -8.751131647028441 0
1.000969445891678 -8.800566965481265 0
1.000969445891678 -8.850002283934089 0
1.000969445891678 -8.899437602386911 0
1.000969445891678 -8.948872920839735 0
1.000969445891678 -8.998308239292559 0
1.000969445891678 -9.047743557745383 0
1.000969445891678 -9.097178876198207 0
1.000969445891678 -9.146614194651029 0
1.000969445891678 -9.196049513103853 0
1.000969445891678 -9.245484831556677 0
1.000969445891678 -9.294920150009501 0
1.000969445891678 -9.344355468462325 0
1.000969445891678 -9.393790786915147 0
1.000969445891678 -9.443226105367971 0
1.000969445891678 -9.492661423820795 0
1.000969445891678 -9.542096742273619 0
1.000969445891678 -9.591532060726443 0
1.000969445891678 -9.640967379179266 0
1 19 0 40
310
311
312
313
314
315
316
317
318
319
320
321
322
323
324
325
326
327
328
329
330
331
332
333
334
335
336
337
338
339
340
341
342
343
344
345
346
347
348
349
0.9521416680433038 -9.69040269763209 0
0.9033138901949292 -9.69040269763209 0
0.8544861123465548 -9.69040269763209 0
0.8056583344981803 -9.69040269763209 0
0.7568305566498057 -9.69040269763209 0
0.7080027788014313 -9.69040269763209 0
0.6591750009530568 -9.69040269763209 0
0.6103472231046824 -9.69040269763209 0
0.5615194452563079 -9.69040269763209 0
0.5126916674079334 -9.69040269763209 0
0.463863889559559 -9.69040269763209 0
0.4150361117111845 -9.69040269763209 0
0.36620833386281 -9.69040269763209 0
0.3173805560144357 -9.69040269763209 0
0.2685527781660613 -9.69040269763209 0
0.2197250003176868 -9.69040269763209 0
0.1708972224693124 -9.69040269763209 0
0.1220694446209379 -9.69040269763209 0
0.07324166677256339 -9.69040269763209 0
0.02441388892418883 -9.69040269763209 0
-0.02441388892418583 -9.69040269763209 0
-0.07324166677256039 -9.69040269763209 0
-0.1220694446209352 -9.69040269763209 0
-0.1708972224693099 -9.69040269763209 0
-0.2197250003176847 -9.69040269763209 0
-0.2685527781660595 -9.69040269763209 0
-0.317380556014434 -9.69040269763209 0
-0.3662083338628086 -9.69040269763209 0
-0.4150361117111834 -9.69040269763209 0
-0.4638638895595582 -9.69040269763209 0
-0.5126916674079329 -9.69040269763209 0
-0.5615194452563077 -9.69040269763209 0
-0.6103472231046823 -9.69040269763209 0
-0.6591750009530568 -9.69040269763209 0
-0.7080027788014311 -9.69040269763209 0
-0.7568305566498057 -9.69040269763209 0
-0.80565833449818 -9.69040269763209 0
-0.8544861123465548 -9.69040269763209 0
-0.9033138901949291 -9.69040269763209 0
-0.9521416680433039 -9.69040269763209 0
1 20 0 35
350
351
352
353
354
355
356
357
358
359
360
361
362
363
364
365
366
367
368
369
370
371
372
373
374
375
376
377
378
379
380
381
382
383
384
-1.000969445891678 -9.640967379179266 0
-1.000969445891678 -9.591532060726443 0
-1.000969445891678 -9.542096742273619 0
-1.000969445891678 -9.492661423820795 0
-1.000969445891678 -9.443226105367973 0
-1.000969445891678 -9.393790786915149 0
-1.000969445891678 -9.344355468462325 0
-1.000969445891678 -9.294920150009503 0
-1.000969445891678 -9.245484831556679 0
-1.000969445891678 -9.196049513103855 0
-1.000969445891678 -9.146614194651033 0
-1.000969445891678 -9.097178876198209 0
-1.000969445891678 -9.047743557745385 0
-1.000969445891678 -8.998308239292562 0
-1.000969445891678 -8.948872920839738 0
-1.000969445891678 -8.899437602386914 0
-1.000969445891678 -8.850002283934092 0
-1.000969445891678 -8.800566965481268 0
-1.000969445891678 -8.751131647028444 0
-1.000969445891678 -8.701696328575622 0
-1.000969445891678 -8.652261010122798 0
-1.000969445891678 -8.602825691669974 0
-1.000969445891678 -8.55339037321715 0
-1.000969445891678 -8.503955054764326 0
-1.000969445891678 -8.454519736311504 0
-1.000969445891678 -8.40508441785868 0
-1.000969445891678 -8.355649099405856 0
-1.000969445891678 -8.306213780953032 0
-1.000969445891678 -8.256778462500208 0
-1.000969445891678 -8.207343144047385 0
-1.000969445891678 -8.157907825594561 0
-1.000969445891678 -8.108472507141737 0
-1.000969445891678 -8.059037188688913 0
-1.000969445891678 -8.009601870236089 0
-1.000969445891678 -7.960166551783266 0
1 100 0 31
385
386
387
388
389
390
391
392
393
394
395
396
397
398
399
400
401
402
403
404
405
406
407
408
409
410
411
412
413
414
415
-14.91047615571006 -4.471735548228025 0
-13.91644441199605 -4.471735548228025 0
-12.92241266828205 -4.471735548228025 0
-11.92838092456805 -4.471735548228025 0
-10.93434918085404 -4.471735548228025 0
-9.940317437140038 -4.471735548228025 0
-8.946285693426034 -4.471735548228025 0
-7.952253949712031 -4.471735548228025 0
-6.958222205998027 -4.471735548228025 0
-5.964190462284023 -4.471735548228025 0
-4.970158718570019 -4.471735548228025 0
-3.976126974856015 -4.471735548228025 0
-2.982095231142011 -4.471735548228025 0
-1.988063487428008 -4.471735548228025 0
-0.9940317437140038 -4.471735548228025 0
0 -4.471735548228025 0
0.9940317437140038 -4.471735548228025 0
1.988063487428008 -4.471735548228025 0
2.982095231142011 -4.471735548228025 0
3.976126974856015 -4.471735548228025 0
4.970158718570019 -4.471735548228025 0
5.964190462284023 -4.471735548228025 0
6.958222205998027 -4.471735548228025 0
7.952253949712031 -4.471735548228025 0
8.946285693426034 -4.471735548228025 0
9.940317437140038 -4.471735548228025 0
10.93434918085404 -4.471735548228025 0
11.92838092456805 -4.471735548228025 0
12.92241266828205 -4.471735548228025 0
13.91644441199605 -4.471735548228025 0
14.91047615571006 -4.471735548228025 0
1 101 0 4
416
417
418
419
-15.90450789942406 -3.577388438582421 0
-15.90450789942406 -2.683041328936817 0
-15.90450789942406 -1.788694219291209 0
-15.90450789942406 -0.8943471096456044 0
1 102 0 4
420
421
422
423
15.90450789942406 -0.894347109645605 0
15.90450789942406 -1.78869421929121 0
15.90450789942406 -2.683041328936815 0
15.90450789942406 -3.57738843858242 0
1 103 0 31
424
425
426
427
428
429
430
431
432
433
434
435
436
437
438
439
440
441
442
443
444
445
446
447
448
449
450
451
452
453
454
-14.91047615571006 0 0
-13.91644441199605 0 0
-12.92241266828205 0 0
-11.92838092456805 0 0
-10.93434918085404 0 0
-9.940317437140038 0 0
-8.946285693426034 0 0
-7.952253949712031 0 0
-6.958222205998027 0 0
-5.964190462284023 0 0
-4.970158718570019 0 0
-3.976126974856015 0 0
-2.982095231142011 0 0
-1.988063487428008 0 0
-0.9940317437140038 0 0
0 0 0
0.9940317437140038 0 0
1.988063487428008 0 0
2.982095231142011 0 0
3.976126974856015 0 0
4.970158718570019 0 0
5.964190462284023 0 0
6.958222205998027 0 0
7.952253949712031 0 0
8.946285693426034 0 0
9.940317437140038 0 0
10.93434918085404 0 0
11.92838092456805 0 0
12.92241266828205 0 0
13.91644441199605 0 0
14.91047615571006 0 0
1 104 0 26
455
456
457
458
459
460
461
462
463
464
465
466
467
468
469
470
471
472
473
474
475
476
477
478
479
480
-15.90450789942406 -29.53599020548993 0
-15.90450789942406 -28.57198041097985 0
-15.90450789942406 -27.60797061646978 0
-15.90450789942406 -26.64396082195971 0
-15.90450789942406 -25.67995102744963 0
-15.90450789942406 -24.71594123293956 0
-15.90450789942406 -23.75193143842949 0
-15.90450789942406 -22.78792164391941 0
-15.90450789942406 -21.82391184940934 0
-15.90450789942406 -20.85990205489927 0
-15.90450789942406 -19.8958922603892 0
-15.90450789942406 -18.93188246587912 0
-15.90450789942406 -17.96787267136905 0
-15.90450789942406 -17.00386287685897 0
-15.90450789942406 -16.0398530823489 0
-15.90450789942406 -15.07584328783883 0
-15.90450789942406 -14.11183349332876 0
-15.90450789942406 -13.14782369881868 0
-15.90450789942406 -12.18381390430861 0
-15.90450789942406 -11.21980410979854 0
-15.90450789942406 -10.25579431528846 0
-15.90450789942406 -9.291784520778389 0
-15.90450789942406 -8.327774726268316 0
-15.90450789942406 -7.363764931758244 0
-15.90450789942406 -6.399755137248171 0
-15.90450789942406 -5.435745342738098 0
1 105 0 31
481
482
483
484
485
486
487
488
489
490
491
492
493
494
495
496
497
498
499
500
501
502
503
504
505
506
507
508
509
510
511
14.91047615571006 -30.5 0
13.91644441199605 -30.5 0
12.92241266828205 -30.5 0
11.92838092456805 -30.5 0
10.93434918085404 -30.5 0
9.940317437140038 -30.5 0
8.946285693426034 -30.5 0
7.952253949712031 -30.5 0
6.958222205998027 -30.5 0
5.964190462284023 -30.5 0
4.970158718570019 -30.5 0
3.976126974856015 -30.5 0
2.982095231142011 -30.5 0
1.988063487428008 -30.5 0
0.9940317437140038 -30.5 0
0 -30.5 0
-0.9940317437140038 -30.5 0
-1.988063487428008 -30.5 0
-2.982095231142011 -30.5 0
-3.976126974856015 -30.5 0
-4.970158718570019 -30.5 0
-5.964190462284023 -30.5 0
-6.958222205998027 -30.5 0
-7.952253949712031 -30.5 0
-8.946285693426034 -30.5 0
-9.940317437140038 -30.5 0
-10.93434918085404 -30.5 0
-11.92838092456805 -30.5 0
-12.92241266828205 -30.5 0
-13.91644441199605 -30.5 0
-14.91047615571006 -30.5 0
1 106 0 26
512
513
514
515
516
517
518
519
520
521
522
523
524
525
526
527
528
529
530
531
532
533
534
535
536
537
15.90450789942406 -5.435745342738098 0
15.90450789942406 -6.399755137248172 0
15.90450789942406 -7.363764931758245 0
15.90450789942406 -8.327774726268318 0
15.90450789942406 -9.291784520778391 0
15.90450789942406 -10.25579431528847 0
15.90450789942406 -11.21980410979854 0
15.90450789942406 -12.18381390430861 0
15.90450789942406 -13.14782369881868 0
15.90450789942406 -14.11183349332876 0
15.90450789942406 -15.07584328783883 0
15.90450789942406 -16.03985308234891 0
15.90450789942406 -17.00386287685897 0
15.90450789942406 -17.96787267136905 0
15.90450789942406 -18.93188246587912 0
15.90450789942406 -19.8958922603892 0
15.90450789942406 -20.85990205489927 0
15.90450789942406 -21.82391184940934 0
15.90450789942406 -22.78792164391941 0
15.90450789942406 -23.75193143842949 0
15.90450789942406 -24.71594123293956 0
15.90450789942406 -25.67995102744964 0
15.90450789942406 -26.64396082195971 0
15.90450789942406 -27.60797061646978 0
15.90450789942406 -28.57198041097985 0
15.90450789942406 -29.53599020548993 0
2 5 0 1860
538
539
540
541
542
543
544
545
546
547
548
549
550
551
552
553
554
555
556
557
558
559
560
561
562
563
564
565
566
567
568
569
570
571
572
573
574
575
576
577
578
579
580
581
582
583
584
585
586
587
588
589
590
591
592
593
594
595
596
597
598
599
600
601
602
603
604
605
606
607
608
609
610
611
612
613
614
615
616
617
618
619
620
621
622
623
624
625
626
627
628
629
630
631
632
633
634
635
636
637
638
639
640
641
642
643
644
645
646
647
648
649
650
651
652
653
654
655
656
657
658
659
660
661
662
663
664
665
666
667
668
669
670
671
672
673
674
675
676
677
678
679
680
681
682
683
684
685
686
687
688
689
690
691
692
693
694
695
696
697
698
699
700
701
702
703
704
705
706
707
708
709
710
711
712
713
714
715
716
717
718
719
720
721
722
723
724
725
726
727
728
729
730
731
732
733
734
735
736
737
738
739
740
741
742
743
744
745
746
747
748
749
750
751
752
753
754
755
756
757
758
759
760
761
762
763
764
765
766
767
768
769
770
771
772
773
774
775
776
777
778
779
780
781
782
783
784
785
786
787
788
789
790
791
792
793
794
795
796
797
798
799
800
801
802
803
804
805
806
807
808
809
810
811
812
813
814
815
816
817
818
819
820
821
822
823
824
825
826
827
828
829
830
831
832
833
834
835
836
837
838
839
840
841
842
843
844
845
846
847
848
849
850
851
852
853
854
855
856
857
858
859
860
861
862
863
864
865
866
867
868
869
870
871
872
873
874
875
876
877
878
879
880
881
882
883
884
885
886
887
888
889
890
891
892
893
894
895
896
897
898
899
900
901
902
903
904
905
906
907
908
909
910
911
912
913
914
915
916
917
918
919
920
921
922
923
924
925
926
927
928
929
930
931
932
933
934
935
936
937
938
939
940
941
942
943
944
945
946
947
948
949
950
951
952
953
954
955
956
957
958
959
960
961
962
963
964
965
966
967
968
969
970
971
972
973
974
975
976
977
978
979
980
981
982
983
984
985
986
987
988
989
990
991
992
993
994
995
996
997
998
999
1000
1001
1002
1003
1004
1005
1006
1007
1008
1009
1010
1011
1012
1013
1014
1015
1016
1017
1018
1019
1020
1021
1022
1023
1024
1025
1026
1027
1028
1029
1030
1031
1032
1033
1034
1035
1036
1037
1038
1039
1040
1041
1042
1043
1044
1045
1046
1047
1048
1049
1050
1051
1052
1053
1054
1055
1056
1057
1058
1059
1060
1061
1062
1063
1064
1065
1066
1067
1068
1069
1070
1071
1072
1073
1074
1075
1076
1077
1078
1079
1080
1081
1082
1083
1084
1085
1086
1087
1088
1089
1090
1091
1092
1093
1094
1095
1096
1097
1098
1099
1100
1101
1102
1103
1104
1105
1106
1107
1108
1109
1110
1111
1112
1113
1114
1115
1116
1117
1118
1119
1120
1121
1122
1123
1124
1125
1126
1127
1128
1129
1130
1131
1132
1133
1134
1135
1136
1137
1138
1139
1140
1141
1142
1143
1144
1145
1146
1147
1148
1149
1150
1151
1152
1153
1154
1155
1156
1157
1158
1159
1160
1161
1162
1163
1164
1165
1166
1167
1168
1169
1170
1171
1172
1173
1174
1175
1176
1177
1178
1179
1180
1181
1182
1183
1184
1185
1186
1187
1188
1189
1190
1191
1192
1193
1194
1195
1196
1197
1198
1199
1200
1201
1202
1203
1204
1205
1206
1207
1208
1209
1210
1211
1212
1213
1214
1215
1216
1217
1218
1219
1220
1221
1222
1223
1224
1225
1226
1227
1228
1229
1230
1231
1232
1233
1234
1235
1236
1237
1238
1239
1240
1241
1242
1243
1244
1245
1246
1247
1248
1249
1250
1251
1252
1253
1254
1255
1256
1257
1258
1259
1260
1261
1262
1263
1264
1265
1266
1267
1268
1269
1270
1271
1272
1273
1274
1275
1276
1277
1278
1279
1280
1281
1282
1283
1284
1285
1286
1287
1288
1289
1290
1291
1292
1293
1294
1295
1296
1297
1298
1299
1300
1301
1302
1303
1304
1305
1306
1307
1308
1309
1310
1311
1312
1313
1314
1315
1316
1317
1318
1319
1320
1321
1322
1323
1324
1325
1326
1327
1328
1329
1330
1331
1332
1333
1334
1335
1336
1337
1338
1339
1340
1341
1342
1343
1344
1345
1346
1347
1348
1349
1350
1351
1352
1353
1354
1355
1356
1357
1358
1359
1360
1361
1362
1363
1364
1365
1366
1367
1368
1369
1370
1371
1372
1373
1374
1375
1376
1377
1378
1379
1380
1381
1382
1383
1384
1385
1386
1387
1388
1389
1390
1391
1392
1393
1394
1395
1396
1397
1398
1399
1400
1401
1402
1403
1404
1405
1406
1407
1408
1409
1410
1411
1412
1413
1414
1415
1416
1417
1418
1419
1420
1421
1422
1423
1424
1425
1426
1427
1428
1429
1430
1431
1432
1433
1434
1435
1436
1437
1438
1439
1440
1441
1442
1443
1444
1445
1446
1447
1448
1449
1450
1451
1452
1453
1454
1455
1456
1457
1458
1459
1460
1461
1462
1463
1464
1465
1466
1467
1468
1469
1470
1471
1472
1473
1474
1475
1476
1477
1478
1479
1480
1481
1482
1483
1484
1485
1486
1487
1488
1489
1490
1491
1492
1493
1494
1495
1496
1497
1498
1499
1500
1501
1502
1503
1504
1505
1506
1507
1508
1509
1510
1511
1512
1513
1514
1515
1516
1517
1518
1519
1520
1521
1522
1523
1524
1525
1526
1527
1528
1529
1530
1531
1532
1533
1534
1535
1536
1537
1538
1539
1540
1541
1542
1543
1544
1545
1546
1547
1548
1549
1550
1551
1552
1553
1554
1555
1556
1557
1558
1559
1560
1561
1562
1563
1564
1565
1566
1567
1568
1569
1570
1571
1572
1573
1574
1575
1576
1577
1578
1579
1580
1581
1582
1583
1584
1585
1586
1587
1588
1589
1590
1591
1592
1593
1594
1595
1596
1597
1598
1599
1600
1601
1602
1603
1604
1605
1606
1607
1608
1609
1610
1611
1612
1613
1614
1615
1616
1617
1618
1619
1620
1621
1622
1623
1624
1625
1626
1627
1628
1629
1630
1631
1632
1633
1634
1635
1636
1637
1638
1639
1640
1641
1642
1643
1644
1645
1646
1647
1648
1649
1650
1651
1652
1653
1654
1655
1656
1657
1658
1659
1660
1661
1662
1663
1664
1665
1666
1667
1668
1669
1670
1671
1672
1673
1674
1675
1676
1677
1678
1679
1680
1681
1682
1683
1684
1685
1686
1687
1688
1689
1690
1691
1692
1693
1694
1695
1696
1697
1698
1699
1700
1701
1702
1703
1704
1705
1706
1707
1708
1709
1710
1711
1712
1713
1714
1715
1716
1717
1718
1719
1720
1721
1722
1723
1724
1725
1726
1727
1728
1729
1730
1731
1732
1733
1734
1735
1736
1737
1738
1739
1740
1741
1742
1743
1744
1745
1746
1747
1748
1749
1750
1751
1752
1753
1754
1755
1756
1757
1758
1759
1760
1761
1762
1763
1764
1765
1766
1767
1768
1769
1770
1771
1772
1773
1774
1775
1776
1777
1778
1779
1780
1781
1782
1783
1784
1785
1786
1787
1788
1789
1790
1791
1792
1793
1794
1795
1796
1797
1798
1799
1800
1801
1802
1803
1804
1805
1806
1807
1808
1809
1810
1811
1812
1813
1814
1815
1816
1817
1818
1819
1820
1821
1822
1823
1824
1825
1826
1827
1828
1829
1830
1831
1832
1833
1834
1835
1836
1837
1838
1839
1840
1841
1842
1843
1844
1845
1846
1847
1848
1849
1850
1851
1852
1853
1854
1855
1856
1857
1858
1859
1860
1861
1862
1863
1864
1865
1866
1867
1868
1869
1870
1871
1872
1873
1874
1875
1876
1877
1878
1879
1880
1881
1882
1883
1884
1885
1886
1887
1888
1889
1890
1891
1892
1893
1894
1895
1896
1897
1898
1899
1900
1901
1902
1903
1904
1905
1906
1907
1908
1909
1910
1911
1912
1913
1914
1915
1916
1917
1918
1919
1920
1921
1922
1923
1924
1925
1926
1927
1928
1929
1930
1931
1932
1933
1934
1935
1936
1937
1938
1939
1940
1941
1942
1943
1944
1945
1946
1947
1948
1949
1950
1951
1952
1953
1954
1955
1956
1957
1958
1959
1960
1961
1962
1963
1964
1965
1966
1967
1968
1969
1970
1971
1972
1973
1974
1975
1976
1977
1978
1979
1980
1981
1982
1983
1984
1985
1986
1987
1988
1989
1990
1991
1992
1993
1994
1995
1996
1997
1998
1999
2000
2001
2002
2003
2004
2005
2006
2007
2008
2009
2010
2011
2012
2013
2014
2015
2016
2017
2018
2019
2020
2021
2022
2023
2024
2025
2026
2027
2028
2029
2030
2031
2032
2033
2034
2035
2036
2037
2038
2039
2040
2041
2042
2043
2044
2045
2046
2047
2048
2049
2050
2051
2052
2053
2054
2055
2056
2057
2058
2059
2060
2061
2062
2063
2064
2065
2066
2067
2068
2069
2070
2071
2072
2073
2074
2075
2076
2077
2078
2079
2080
2081
2082
2083
2084
2085
2086
2087
2088
2089
2090
2091
2092
2093
2094
2095
2096
2097
2098
2099
2100
2101
2102
2103
2104
2105
2106
2107
2108
2109
2110
2111
2112
2113
2114
2115
2116
2117
2118
2119
2120
2121
2122
2123
2124
2125
2126
2127
2128
2129
2130
2131
2132
2133
2134
2135
2136
2137
2138
2139
2140
2141
2142
2143
2144
2145
2146
2147
2148
2149
2150
2151
2152
2153
2154
2155
2156
2157
2158
2159
2160
2161
2162
2163
2164
2165
2166
2167
2168
2169
2170
2171
2172
2173
2174
2175
2176
2177
2178
2179
2180
2181
2182
2183
2184
2185
2186
2187
2188
2189
2190
2191
2192
2193
2194
2195
2196
2197
2198
2199
2200
2201
2202
2203
2204
2205
2206
2207
2208
2209
2210
2211
2212
2213
2214
2215
2216
2217
2218
2219
2220
2221
2222
2223
2224
2225
2226
2227
2228
2229
2230
2231
2232
2233
2234
2235
2236
2237
2238
2239
2240
2241
2242
2243
2244
2245
2246
2247
2248
2249
2250
2251
2252
2253
2254
2255
2256
2257
2258
2259
2260
2261
2262
2263
2264
2265
2266
2267
2268
2269
2270
2271
2272
2273
2274
2275
2276
2277
2278
2279
2280
2281
2282
2283
2284
2285
2286
2287
2288
2289
2290
2291
2292
2293
2294
2295
2296
2297
2298
2299
2300
2301
2302
2303
2304
2305
2306
2307
2308
2309
2310
2311
2312
2313
2314
2315
2316
2317
2318
2319
2320
2321
2322
2323
2324
2325
2326
2327
2328
2329
2330
2331
2332
2333
2334
2335
2336
2337
2338
2339
2340
2341
2342
2343
2344
2345
2346
2347
2348
2349
2350
2351
2352
2353
2354
2355
2356
2357
2358
2359
2360
2361
2362
2363
2364
2365
2366
2367
2368
2369
2370
2371
2372
2373
2374
2375
2376
2377
2378
2379
2380
2381
2382
2383
2384
2385
2386
2387
2388
2389
2390
2391
2392
2393
2394
2395
2396
2397
1.40022361988293 -9.861901325689175 0
-1.400548085408364 -9.862016449480464 0
-1.400229988543112 -7.739227734227939 0
1.400554713775817 -7.739112513669064 0
-1.129080212639572 -7.512615902827276 0
1.129080212639569 -7.512615902827275 0
-1.129078046345183 -10.08851544421817 0
1.129078046345177 -10.08851544421817 0
0.9764696646298532 -7.868466731090713 0
1.025439538300001 -7.868412591387546 0
-0.9764696646298525 -7.868466731090714 0
-1.025439538300001 -7.868412591387546 0
-0.9764696646298534 -9.73266719987182 0
-1.025439538300001 -9.732721339574987 0
0.9764696646298529 -9.73266719987182 0
1.025439538300001 -9.732721339574987 0
0.8297181331417784 -7.868643550539327 0
-0.8297181331417776 -9.732490380423208 0
-0.8297181331417779 -7.868643550539325 0
0.8297181331417771 -9.73249038042321 0
0.6828992807932939 -7.868880107488947 0
-0.6828992807932919 -9.732253823473592 0
-0.6828992807932943 -7.868880107488945 0
0.6828992807932914 -9.732253823473593 0
0.5357862598995067 -9.73223153381176 0
-0.5357862598995078 -7.868902397150778 0
0.5357925177253794 -7.868923324692447 0
-0.5357925177253775 -9.732210606270092 0
-0.3888590153516447 -7.869074743974865 0
0.3888590153516422 -9.73205918698768 0
0.3888656662478756 -7.869073336017884 0
-0.388865666247875 -9.732060594944658 0
-0.2419090248223398 -7.869199275060288 0
0.2419191562085342 -7.869208515247171 0
0.2419090248223365 -9.731934655902259 0
-0.2419191562085328 -9.73192541571537 0
-0.09499693302684016 -7.869326363678257 0
0.09499693320088114 -7.869326363189121 0
0.09499693302683834 -9.731807567284294 0
-0.09499693320088129 -9.731807567773421 0
1.397503798786028 -8.829257172015991 0
-1.397503798786015 -8.829257172015994 0
-1.39752325492099 -8.670300487683569 0
1.397523254921001 -8.670300487683567 0
1.4030528492301 -8.973587604097299 0
-1.4030528492301 -8.973587604097297 0
1.406171080952795 -8.526349769710139 0
-1.406171028181018 -8.52634963916919 0
1.4030528492301 -9.121891008625324 0
-1.4030528492301 -9.121891008625324 0
1.407805901565997 -8.381568347783523 0
-1.407805928721493 -8.381568275297138 0
1.397778129431733 -9.266003822383869 0
-1.397288379726132 -9.264116605991015 0
1.394847392067844 -8.232894003795998 0
-1.394847296226109 -8.232894175367198 0
1.398028199643288 -9.42501367140202 0
-1.39774929798731 -9.42342856816979 0
1.403698337463298 -8.083655763932596 0
-1.403696686586851 -8.083641535886535 0
1.406524322393563 -9.568830494278352 0
-1.406524322393562 -9.56883049427835 0
1.4030528492301 -7.935463772401111 0
-1.4030528492301 -7.935463772401111 0
-1.4017709234356 -9.715117819838309 0
1.401769106964612 -9.715120966058354 0
-0.02488842110043411 -7.50899542154292 0
0.02486440636630117 -10.09212738066771 0
-0.1726188299590254 -7.505025704411061 0
0.1726217863277051 -10.09610722642605 0
-0.170792840113936 -10.09502402104946 0
0.1708239564555336 -7.506123469566138 0
-0.3242260844990642 -7.509111785584263 0
0.324226084499064 -10.09202214537827 0
-0.3241376555436676 -10.09138128639427 0
0.3240203594450631 -7.509002561546811 0
-0.4736078220944489 -7.508978067046828 0
0.4736078220944492 -10.09215586391571 0
0.4738019922536814 -7.509227987580857 0
-0.4739863227128312 -10.09197536888605 0
-0.6231471830592858 -7.50903391067121 0
0.6234777635084784 -7.509164981559918 0
0.6231471830592871 -10.09210002029132 0
-0.6234777634681716 -10.09196894919482 0
0.7727584411594111 -7.508972668904195 0
-0.7727521866431133 -7.508978075914241 0
-0.7727584411595864 -10.09216126205824 0
0.7727521866432904 -10.09215585504819 0
0.9223617433835271 -7.509014092364108 0
-0.9223617433835271 -10.09211983859842 0
-0.9223617433835272 -7.509014092364108 0
0.9223617433835272 -10.09211983859842 0
1.044981374287183 -7.990824788094077 0
-1.044981542130977 -7.990823608092507 0
-1.045551860260248 -9.611783985046062 0
1.045556391001703 -9.611784377600101 0
-1.043781687515996 -9.467943764594384 0
1.043781687515998 -9.467943764594384 0
1.046303209693076 -8.177341350640585 0
-1.046303209693068 -8.177341350640587 0
-1.04378333182763 -9.319636786270681 0
1.043781800225787 -9.31963756897391 0
1.045348560315821 -8.326940308869117 0
-1.045348560315801 -8.326940308869123 0
-1.043782465626576 -9.171331360402368 0
1.043781766734653 -9.171331597996314 0
-1.043781676715847 -8.479237433505956 0
1.043782049331726 -8.479237554916734 0
-1.043781867699378 -9.023025674369638 0
1.043781730033446 -9.023025793942718 0
1.043781819716497 -8.627543512881616 0
-1.043781727933226 -8.627543338243441 0
-1.043781682466876 -8.874719882648993 0
1.043781682466876 -8.874719882648989 0
-1.000969420212181 -9.775076488792939 0
-1.049954919169672 -9.77510730475764 0
1.000969420212181 -7.826057442169593 0
1.049954919169672 -7.826026626204893 0
-1.000969420212181 -7.826057442169593 0
-1.049954919169672 -7.826026626204893 0
1.000969420212181 -9.775076488792941 0
1.049954919169671 -9.77510730475764 0
-1.02543456761717 -9.817558286336492 0
-1.07451393762615 -9.817571306113431 0
-1.099044158693568 -9.775066983633396 0
-1.02543456761717 -7.78357564462604 0
-1.074514554242656 -7.783560861966531 0
-1.099045742430611 -7.826065317245389 0
1.02543456761717 -7.78357564462604 0
1.074514554242656 -7.783560861966532 0
1.099045739315137 -7.826068078200258 0
1.02543456761717 -9.817558286336492 0
1.07451393762615 -9.817571306113429 0
1.099044162212429 -9.775070279652873 0
1.123629725904483 -9.817567543651606 0
-1.123629725904483 -9.817567543651606 0
-1.12363342602233 -7.783564253767633 0
1.123633426022331 -7.783564253767634 0
-1.278561766825416 -10.08887240354475 0
-1.278565163252405 -7.512258495719552 0
1.2785617668254 -10.08887240354477 0
1.278565163252404 -7.51225849571955 0
-1.148174468940062 -7.826140563375963 0
1.148177272166359 -7.826142450100066 0
1.148169294131543 -9.774996360739143 0
-1.148169294131544 -9.774996360739143 0
0.9762742356221868 -9.817516047800313 0
1.000796302053929 -9.860061077858301 0
0.9516427425895782 -9.86005669988525 0
0.9762742356221876 -7.783617883162222 0
1.000796780209125 -7.741071911857184 0
0.9516428222821106 -7.741077074202776 0
-0.9762742356221861 -7.783617883162222 0
-1.000796780209124 -7.741071911857183 0
-0.9516428222821096 -7.741077074202776 0
-0.9762742356221877 -9.817516047800313 0
-1.00079630205393 -9.860061077858301 0
-0.9516427425895786 -9.86005669988525 0
1.172801376582714 -9.817554469837479 0
-1.172801376582714 -9.817554469837477 0
-1.17281073403823 -7.78357908687819 0
1.172811201242613 -7.783579401332205 0
-1.148201150655256 -9.860183838409402 0
1.148201150655252 -9.8601838384094 0
-1.148207506664112 -7.740946378276693 0
1.148207584531508 -7.740946430685695 0
-1.197370833909742 -7.826199827040599 0
1.197371223246728 -7.826200089085612 0
1.197477287912749 -9.860158962779115 0
-1.197477287912751 -9.860158962779112 0
1.19748804529198 -7.740970982683976 0
-1.197487954446686 -7.740970921540142 0
1.172716515284289 -7.868797248275604 0
-1.172715986305881 -7.86879412919255 0
-1.197356065405459 -9.774939950390642 0
-1.172705194779223 -9.732345750179951 0
1.19735606540546 -9.774939950390642 0
1.172705198298085 -9.732349046199429 0
1.022072072270469 -7.506935322138157 0
0.07478498178739618 -7.506424832983527 0
-1.022071515558926 -10.09420019300112 0
-0.0747849818261202 -10.09470517919751 0
1.022071515558924 -10.09420019300112 0
-1.02207207227047 -7.506935322138159 0
-1.399395649124411 -9.954601934775152 0
1.399067618533691 -9.954482467320421 0
-1.399074271370864 -7.646645419143268 0
1.399402565565317 -7.646525766884122 0
1.043975583992575 -8.083229930068999 0
-1.04397558399257 -8.083229930068999 0
-1.043781697908882 -8.775849371070628 0
1.043781671994048 -8.775849342165552 0
-0.0005104644176913669 -7.86989422171972 0
0.0005104644176931594 -9.731239709242818 0
-1.398122372596257 -7.831838920776667 0
1.398122372596253 -7.831838920776665 0
-1.172810075332336 -9.902872751869413 0
1.172810075332329 -9.902872751869415 0
-1.17281816612078 -7.698255605218511 0
1.17281819423956 -7.698255624143983 0
-0.976196022824368 -7.698438800413684 0
-0.9269907610959502 -7.698455073380337 0
0.9761960228243677 -7.698438800413684 0
0.9269907610959508 -7.698455073380336 0
-0.9761954514182719 -9.902694671313668 0
-0.926990652579514 -9.90267875489725 0
0.9761954514182709 -9.902694671313668 0
0.9269906525795136 -9.90267875489725 0
-1.221953418114694 -7.868860785566039 0
-1.197265859568125 -7.911494496421335 0
1.221950323086338 -7.86885667795099 0
1.197265533375051 -7.911492957452154 0
-1.221955075346491 -9.732279792544261 0
-1.197253275419383 -9.689629446126435 0
1.221955075932969 -9.732280341880843 0
1.197253276103609 -9.689630087019111 0
1.222195889461534 -9.902838437828743 0
-1.22219588946154 -9.902838437828734 0
-1.22220590951559 -7.698288668375256 0
1.222205929342933 -7.698288681720138 0
-1.246570113498213 -9.689565094349337 0
-1.221842752912818 -9.646870062361245 0
1.246570113709999 -9.689565292720882 0
1.221842753062157 -9.646870202238617 0
-1.246643861368641 -9.774870659394706 0
1.246643861438461 -9.774870724791921 0
1.19751161635768 -9.94562405564726 0
1.148076333161839 -9.945633944487067 0
-1.19751161635769 -9.945624055647256 0
-1.14807633316185 -9.945633944487067 0
1.197519757743747 -7.655502515572444 0
1.148083242303387 -7.655493515026203 0
-1.197519749752728 -7.655502510194054 0
-1.14808323628509 -7.65549351097556 0
1.246657038990144 -7.826289674649558 0
-1.246658873983711 -7.82629111308721 0
-1.246558596677928 -7.911567640912295 0
-1.221848244980301 -7.95424259117407 0
1.246556645066817 -7.911565900785149 0
1.221847865346274 -7.954242044658015 0
1.246922496326077 -9.94559726722434 0
-1.246922496326089 -9.945597267224329 0
1.246931851461048 -7.655528313371435 0
-1.246931846824655 -7.655528310250892 0
0.9024266049949086 -9.859983121514688 0
0.8777375842313484 -9.902609163812091 0
0.8531801000020828 -9.859914867596101 0
0.8284716734786813 -9.899698532777698 0
0.8039136611832362 -9.859367094719353 0
0.7789979843261059 -9.898944507414869 0
0.8432295930348077 -9.948148686075612 0
-0.902426604994909 -9.859983121514686 0
-0.8777375842313483 -9.902609163812089 0
-0.8531801000020836 -9.8599148675961 0
-0.8284716727511784 -9.899698991498456 0
-0.8039136610619864 -9.85936717117281 0
-0.7789968257166269 -9.898944385133241 0
-0.8432249175216865 -9.948149546374086 0
-0.9024266209990721 -7.741150787376466 0
-0.8777375842313465 -7.698524767150446 0
-0.8531801026694423 -7.741219059687871 0
-0.8284716739233221 -7.701435397623687 0
-0.8039136617019025 -7.741766835536566 0
-0.7789979844854134 -7.702189423389083 0
-0.8432295872459701 -7.652985248001362 0
0.902426620999073 -7.741150787376466 0
0.8777375842313468 -7.698524767150446 0
0.8531801026694438 -7.741219059687872 0
0.8284716731958195 -7.701434938902931 0
0.8039136615806532 -7.741766759083109 0
0.7789968258759212 -7.702189545670722 0
0.8432249117327826 -7.65298438770397 0
0.7546279343592457 -9.859070941734894 0
0.7296867818730403 -9.901566566243453 0
0.705384541019468 -9.859383960749357 0
0.6806233728452311 -9.899329478390051 0
0.6561218795175948 -9.859038830710389 0
0.6310648522013557 -9.898652030585135 0
0.7028839118301387 -9.943137226443374 0
-0.7546277412374585 -9.859070934096863 0
-0.7296853988439786 -9.901565874392084 0
-0.7053842783276614 -9.859383844167787 0
-0.6806231236209903 -9.899313479474827 0
-0.6561217941982546 -9.859036144794253 0
-0.6311215890275498 -9.898665913809353 0
-0.7029670135362905 -9.943125297573122 0
-0.7546279344722415 -7.742062989083447 0
-0.729686781917098 -7.699567364669392 0
-0.7053845410456436 -7.741749970180869 0
-0.6806233728569351 -7.701804452558823 0
-0.6561218795239081 -7.742095100244492 0
-0.6310648522043572 -7.702481900373853 0
-0.7028839118053515 -7.657996704525576 0
0.754627741350452 -7.742062996721479 0
0.7296853988880203 -7.69956805652077 0
0.7053842783538331 -7.74175008676244 0
0.6806231236326488 -7.701820451446783 0
0.6561217942045592 -7.742097786156082 0
0.6311215890065217 -7.702468017130949 0
0.7029670134535136 -7.658008633351866 0
0.6067836135270992 -9.858840823740353 0
0.5817317767855895 -9.901253927832659 0
0.5575188755701488 -9.859181849986825 0
0.5327822120279657 -9.899161324183629 0
0.5082903616004849 -9.858837401579876 0
0.4831331664040457 -9.898441126367944 0
0.5530475817210164 -9.942093191109409 0
-0.6068106548169787 -9.858825977679404 0
-0.5818025073258223 -9.901286628899047 0
-0.5575645360335451 -9.859154699642037 0
-0.5328017417573495 -9.899079092386874 0
-0.5083129924189217 -9.858805757322886 0
-0.4832355239297301 -9.898394099008389 0
-0.5548091567228137 -9.942815153545574 0
-0.6067836135286517 -7.742293107220323 0
-0.581731776786347 -7.699880003128984 0
-0.5575188755705337 -7.74195208097526 0
-0.5327822120281545 -7.701972606778692 0
-0.5082903616005809 -7.742296529382561 0
-0.4831331664040929 -7.70269280459455 0
-0.553047581721152 -7.659040739852971 0
0.606810654814525 -7.7423079532774 0
0.5818025072979293 -7.699847302072715 0
0.5575645360284878 -7.741979231321089 0
0.5328017417517054 -7.702054838481481 0
0.5083129924171388 -7.742328173624061 0
0.483235523926943 -7.702739831840846 0
0.5548091565925433 -7.658318777229253 0
0.4589707744470262 -9.858590968433605 0
0.4337887506657803 -9.900954516965699 0
0.409717587508103 -9.858894433977177 0
0.387261883123364 -9.900299305728685 0
0.3608774515226966 -9.858809465597417 0
0.3396340869893366 -9.908846704234008 0
0.416535927764606 -9.939874990808603 0
-0.4589913919497753 -9.858584489610145 0
-0.4339044460427882 -9.901000708168283 0
-0.4097413475859247 -9.858908651489626 0
-0.3849788963200124 -9.898794931470169 0
-0.3605021688875755 -9.8585620718097 0
-0.3353379459878109 -9.898058691727119 0
-0.4053604425677759 -9.941517700986052 0
0.458991391949014 -7.74254944133092 0
0.4339044460407988 -7.700133222772609 0
0.4097413475854665 -7.742225279465734 0
0.3872440178226284 -7.700800933540735 0
0.3608796891379353 -7.742315514826378 0
0.3394725660330322 -7.692270485708644 0
0.4155633838036257 -7.652829580978026 0
-0.4589707744470512 -7.742542962528922 0
-0.433788750665792 -7.700179413996843 0
-0.4097175875081104 -7.742239496985373 0
-0.3872618831233646 -7.70083462523387 0
-0.3608774515226995 -7.742324465365142 0
-0.339634086989336 -7.692287226728547 0
-0.4165359277646071 -7.661258940153946 0
0.3119322555707107 -9.860191774527225 0
0.2866836678395029 -9.90244696462503 0
0.2621310011351517 -9.859295882120071 0
0.237301089451538 -9.901774719613467 0
0.2127417295594848 -9.858981962531656 0
0.1879944347137477 -9.901551391120311 0
0.264749153931852 -9.951413282322658 0
-0.3111712515661716 -9.858333659528101 0
-0.2859931995599488 -9.900695513439967 0
-0.2619179206049285 -9.858661744302449 0
-0.2372399452606512 -9.90159705737172 0
-0.2127072903896872 -9.858832999742798 0
-0.1879785042567017 -9.901496953246564 0
-0.2650467069219534 -9.950682144861192 0
0.311394333141246 -7.741792964959443 0
0.2865711250264303 -7.698803207154629 0
0.262019816800844 -7.74206977496127 0
0.2372638015940086 -7.69941720607248 0
0.2127282491445659 -7.742213918016893 0
0.1879859734380742 -7.69960253092912 0
0.2645134441963494 -7.649739534343839 0
-0.3119322555707129 -7.74094215643534 0
-0.2866836678395021 -7.698686966337535 0
-0.2621310011351539 -7.741838048842498 0
-0.2373010894515373 -7.699359211349101 0
-0.2127417295594868 -7.742151968430916 0
-0.1879944347137468 -7.699582539842263 0
-0.2647491539318529 -7.649720648639901 0
-0.1634270378356485 -9.858815704646261 0
-0.1387102887924972 -9.901445255047623 0
-0.1141577849065123 -9.858752526210225 0
-0.0894391785812773 -9.901363905264834 0
0.1634317758250228 -7.742297982984673 0
0.1387123233209546 -7.699679560895183 0
0.1141589136594836 -7.742376511693769 0
0.08943917858127606 -7.699770025697724 0
0.1634354325599317 -9.858849604673365 0
0.138711935483624 -9.90145473368402 0
0.1141594579432122 -9.858759755749643 0
0.08943917784965362 -9.901363905459487 0
0.1140101503814817 -9.944136254128326 0
0.06465064793543 -9.944059474141012 0
-0.1634354325599331 -7.742284326289209 0
-0.1387119354836225 -7.699679197278558 0
-0.1141594579432133 -7.742374175212933 0
-0.08943917784965259 -7.699770025503089 0
-0.1140101503814781 -7.656997676834251 0
-0.0646506479354271 -7.657074456821567 0
-0.06638793676056622 -9.857816986319964 0
0.06638812488606108 -7.743316129132833 0
0.1140102157967495 -7.656997738207599 0
-0.1140098767086758 -9.944134673584999 0
-1.271194335121467 -9.646811898675452 0
-1.246463451765496 -9.604091116195621 0
-1.197084898876114 -9.604159956512419 0
-1.221713306642511 -9.561355701271278 0
-1.172309609972569 -9.561434852789812 0
-1.196944707104808 -9.518610341729568 0
-1.246355683361211 -9.518539200687179 0
-1.221585631385037 -9.475783081407807 0
1.271194335181657 -9.646811955050275 0
1.246463451800423 -9.604091148904324 0
1.19708489890683 -9.604159985276763 0
1.221713306653461 -9.561355711516788 0
1.172311518672753 -9.561432990633895 0
1.196945025223341 -9.518610033077833 0
1.246355736382802 -9.518539150952812 0
1.221585693241737 -9.47578302167679 0
0.9516172883398328 -9.945414912686237 0
1.000865714557166 -9.945393428428684 0
-0.9516172883398321 -9.945414912686237 0
-1.000865714557168 -9.945393428428682 0
0.9516172883398294 -7.655719018276296 0
1.000866257221783 -7.655739881565051 0
-0.9516172883398299 -7.655719018276297 0
-1.000866257221784 -7.655739881565053 0
-1.271177001323928 -7.95430854066114 0
-1.246449848757286 -7.997017164561311 0
-1.197095305945631 -7.996939113389484 0
-1.220354029377696 -8.038958480314173 0
1.271176723794749 -7.954308268441709 0
1.24644973923009 -7.997017028105394 0
1.197095224418765 -7.996938999560823 0
1.220353997535361 -8.038958438600078 0
-1.270998356765175 -9.475713518538635 0
-1.246230072445162 -9.432951190853796 0
-1.196811374190429 -9.433024614641077 0
-1.221456250673429 -9.390185837092098 0
-1.270881077304365 -9.390114561051359 0
-1.24610707355973 -9.34734504989046 0
-1.196678196195763 -9.347417811956586 0
-1.221329588982893 -9.304574126673902 0
1.270998361749151 -9.475713513789515 0
1.24623008358529 -9.432951180107109 0
1.19681137419045 -9.433024614641075 0
1.221456252530138 -9.390185835300983 0
1.27088107947052 -9.390114558961729 0
1.246106937257767 -9.347344929460004 0
1.196678173788238 -9.347417791586322 0
1.221329425558873 -9.304573983423451 0
1.172871046003549 -9.305207050884283 0
1.196712480328862 -9.261895430607794 0
1.246009034248408 -9.26174442654021 0
1.221234279795109 -9.218974102165364 0
1.270645135109485 -9.21888836533852 0
1.245862444731684 -9.176113051413335 0
1.196428874490463 -9.176186257606936 0
1.221075402203518 -9.133335199345668 0
1.172544348400639 -9.132886900286374 0
1.196445361439163 -9.09047391551195 0
1.245753807060918 -9.090472999426513 0
1.22097759142341 -9.047696085481849 0
1.270384861681806 -9.047638335030937 0
1.2456071909388 -9.004861957177074 0
1.196173335181976 -9.004935038187064 0
1.220823051857347 -8.962089116819246 0
1.172302930986163 -8.962689295205172 0
1.196193433786315 -8.919402680930851 0
1.245500820620719 -8.919256302859347 0
1.220724027647861 -8.876483872527416 0
1.270138144711342 -8.876398816829907 0
1.245354575506684 -8.833622255841377 0
1.198349399578138 -8.835093454078706 0
1.220974309961292 -8.791077694506267 0
1.270070865982833 -8.790809838760691 0
1.245300458656816 -8.74804072130347 0
1.19586740962351 -8.748115022037076 0
1.220440274996428 -8.705219951651628 0
1.172181995230986 -8.705970191047927 0
1.195855495395002 -8.662557589564377 0
1.245126907758265 -8.662390288808785 0
1.220351503306759 -8.619618254946916 0
1.269759956641146 -8.619529850727895 0
1.244975648553283 -8.576752679500581 0
1.195532532353598 -8.576821138692772 0
1.218683582123202 -8.534844998263234 0
-1.172871192205863 -9.305207144452011 0
-1.196712531933231 -9.261895470077491 0
-1.246009207058911 -9.261744576777234 0
-1.221234317197567 -9.218974133783153 0
-1.270645109594541 -9.218888430725311 0
-1.245862446712914 -9.176113067580765 0
-1.196428881054389 -9.17618626557114 0
-1.221075402203484 -9.13333519934567 0
-1.172544470453757 -9.132886831537446 0
-1.196445381781323 -9.090473904053797 0
-1.245753840778529 -9.090473014966486 0
-1.22097760043335 -9.047696086162155 0
-1.270384871429938 -9.047638340276944 0
-1.245607194065123 -9.004861958164794 0
-1.196173337204666 -9.004935038465069 0
-1.220823052715495 -8.962089117030201 0
-1.172302931466285 -8.962689295286667 0
-1.196193434009341 -8.919402680979596 0
-1.245500820800895 -8.919256302902633 0
-1.220724027715043 -8.876483872542758 0
-1.270138149967323 -8.876398819840135 0
-1.245354581608634 -8.833622259346095 0
-1.198349401776262 -8.835093455338544 0
-1.220974311344622 -8.791077695300363 0
-1.270070872445136 -8.790809842477618 0
-1.245300459964406 -8.748040722055311 0
-1.195867410071981 -8.748115022294735 0
-1.220440274996405 -8.705219951651634 0
-1.172182009091636 -8.705970199022948 0
-1.19585549770509 -8.662557590893551 0
-1.24512690814326 -8.662390289030318 0
-1.220351503755923 -8.619618255205371 0
-1.269759956780156 -8.619529850807897 0
-1.244975648651294 -8.576752679556993 0
-1.195532532353573 -8.576821138692777 0
-1.218683619474285 -8.534844976643559 0
-1.269372196118097 -8.534045651901604 0
-1.244548503630668 -8.491294031328419 0
-1.193602247791037 -8.492242646499562 0
-1.219710460024565 -8.448551547640808 0
-1.171418199391097 -8.447962741798626 0
-1.195316769727596 -8.405552027287877 0
-1.244661833504844 -8.405530744231742 0
-1.219931078651358 -8.362727061777118 0
-1.269358543687202 -8.362657653918784 0
-1.244583542378282 -8.319879927665268 0
-1.195153371646594 -8.319952444535769 0
-1.219804525787963 -8.277107046328315 0
-1.170376696819008 -8.277179671968398 0
-1.195028491394964 -8.234338648674925 0
-1.244451296164512 -8.234265895170156 0
-1.221021197487427 -8.19399780387706 0
-1.270663527363542 -8.192615309190094 0
1.2693721898766 -8.534045655495479 0
1.244548501002132 -8.49129401331761 0
1.193602203793017 -8.492242668730116 0
1.219710456890367 -8.44855152613103 0
1.171418227647244 -8.447962720998385 0
1.195316771863844 -8.405552023690081 0
1.244661837975416 -8.405530717834081 0
1.219931079752519 -8.362727056777873 0
1.269358418249323 -8.362657563675047 0
1.244583521655521 -8.319879911791435 0
1.195153368376352 -8.319952441056918 0
1.219804522931683 -8.277107044024421 0
1.170376695797948 -8.277179671004602 0
1.19502849074877 -8.234338648130306 0
1.244451295580795 -8.234265894695405 0
1.22102119728247 -8.193997803707161 0
1.270663527232125 -8.192615309082653 0
-1.294014337872692 -8.31980648690055 0
1.294014152930202 -8.319806391697519 0
-1.268747454672949 -8.037153388427058 0
1.268749748754714 -8.037154699193884 0
-0.06490610638383967 -7.742465081620894 0
0.0649061063838386 -9.858668849341685 0
1.27159290524101 -9.902780230852576 0
-1.271592905241015 -9.90278023085256 0
-1.271603910740211 -7.698345566790254 0
1.271603912820458 -7.698345568190372 0
1.151275127347954 -9.26419650688633 0
-1.151275511389989 -9.264196088332422 0
-0.06624128845841415 -9.943160483217644 0
0.06624134497309105 -7.657973194549922 0
-1.294185093608246 -8.491103679175984 0
1.294185233553947 -8.491103576083876 0
1.171490525000129 -8.039179159736628 0
-1.171490543894991 -8.039179185660423 0
1.172119594883942 -8.195953113274339 0
-1.172119595025777 -8.195953113393431 0
-1.29487961273487 -9.347654570735802 0
1.2955359561744 -9.347274602858988 0
-0.0913185574319912 -7.615416028179052 0
0.09131801151444739 -9.985718216475718 0
-1.294680565070421 -8.747935968671301 0
1.294680563775455 -8.747935967926502 0
1.148323051348231 -7.911222089364462 0
-1.148323038748559 -7.911216310672325 0
1.148095925930142 -9.689802539796787 0
-1.148094930689332 -9.689801526118448 0
-0.04546716230143268 -7.618053037252173 0
0.04545840297592803 -9.983078551970589 0
1.145490368363123 -8.40544666006147 0
-1.145490162945956 -8.40544666897712 0
-1.295888234937771 -7.911613057259423 0
1.295886482006849 -7.911611922838551 0
-0.1390464197329362 -7.614367368972738 0
0.1390463287466838 -9.98676661427187 0
1.147294529372368 -9.091757545968521 0
-1.147294837815231 -9.091757406212869 0
1.147593094445685 -9.346983000571727 0
-1.147593875672316 -9.346982620671659 0
-1.294915388054545 -8.919171872871292 0
1.294915387148539 -8.919171872362369 0
-1.295291515627984 -9.176037611389088 0
1.29529151934395 -9.176037457841673 0
-1.172810904332892 -9.98846711512447 0
-1.12280417250002 -9.990681331087316 0
1.172810904332879 -9.988467115124472 0
1.122804172500008 -9.990681331087318 0
-1.172817609094797 -7.612658992398982 0
-1.122809945026668 -7.61044698313912 0
1.17281761142968 -7.612658993970485 0
1.122809946418862 -7.610446984076144 0
-1.295764536537006 -9.518474463905944 0
1.295764536537021 -9.51847446390595 0
-0.9761556483659204 -9.988186351302771 0
0.9761556483659157 -9.988186351302771 0
-0.9761561243908347 -7.612947188198211 0
0.9761561243908332 -7.612947188198211 0
1.147536920650859 -9.51868817694772 0
-1.14753659729848 -9.518685848670806 0
1.195229210741526 -8.08148333545865 0
-1.195229219197716 -8.08148334673163 0
1.150705828756024 -8.920483804674157 0
-1.150705828873203 -8.920483804695868 0
-1.2959190754761 -9.689524923890879 0
-1.320560806732569 -9.646763156692607 0
1.29591907552143 -9.689524966348612 0
1.320560806750159 -9.646763173164706 0
1.148008107032232 -8.488647011257171 0
-1.148008048212267 -8.48864682248664 0
1.296346941014867 -9.945552645005874 0
-1.296360437827374 -9.945563535659375 0
1.296370682777135 -7.655560973663135 0
-1.296357220395559 -7.655571850420889 0
1.364724098803149 -7.51038151739374 0
1.364721854935473 -10.09074866963193 0
-1.364721854935481 -10.09074866963192 0
-1.364724098803151 -7.510381517393741 0
1.146515845101817 -8.081798533231966 0
-1.14651584966032 -8.08179853943143 0
1.151166785840891 -8.666164807226391 0
-1.151166728758453 -8.666164791120902 0
-0.1881071994144624 -9.816229138079736 0
0.1881540475301819 -7.784888631926325 0
0.1881456388055668 -9.816271562691185 0
-0.1881456388055719 -7.784862368271388 0
1.146519653357706 -8.748225701030311 0
-1.146519676477123 -8.748225726940182 0
0.3361706088274948 -9.816590193773735 0
-0.3359569401421672 -9.816338687823185 0
0.3360080117259632 -7.784687789839921 0
-0.3361706088275002 -7.78454373718883 0
0.4837601101949863 -9.816581654243443 0
-0.4837635333932233 -9.816572976438621 0
0.483763533393009 -7.784560954520774 0
-0.4837601101950003 -7.784552276719098 0
0.09158824602866826 -7.615568449531869 0
0.1390913793866431 -7.614392783902479 0
-0.09159042080333503 -9.985563898492721 0
-0.1390916853344127 -9.986740630042087 0
0.631545262784299 -9.816847406535985 0
-0.6315672345209508 -9.816806260589079 0
-0.6315452627847786 -7.784286524425982 0
0.6315672345212792 -7.784327670371937 0
0.7793941894079613 -9.817016832388429 0
-0.7793941664028396 -9.817016840580738 0
-0.7793941894831611 -7.784117098472824 0
0.7793941664780385 -7.784117090280514 0
1.148189767689181 -9.603967222545513 0
-1.148183896487126 -9.603969060363291 0
-1.146274929321086 -8.31970398211439 0
-1.1210384952451 -8.277196995120628 0
1.146274928605893 -8.319703981373944 0
1.121038494955752 -8.277196994836579 0
1.295420198635603 -9.261659925037895 0
-1.295414698285522 -9.261656558465681 0
-1.294136123151617 -8.234389707927576 0
-1.317767175943493 -8.192194056974961 0
-1.295220547069379 -8.149700024153008 0
1.294136123032454 -8.234389707830545 0
1.317767231663588 -8.192194024630892 0
1.295220556334191 -8.149700018744424 0
-1.29413829604694 -8.405433301520155 0
1.294138293375282 -8.405432939832084 0
-1.29453640116397 -8.662302445164578 0
-1.319186078541766 -8.619451667138014 0
1.294536401076652 -8.662302445114321 0
1.319186078504062 -8.619451667116303 0
1.295037511012145 -9.004790963749141 0
1.31981735852087 -9.047566056103699 0
-1.295037513157867 -9.004790964788096 0
-1.319817390830436 -9.04756607460086 0
-1.151856678196237 -9.00872530048755 0
1.151856678521564 -9.008725278498446 0
-1.150985161118295 -9.17509122468851 0
1.15098487188028 -9.175091576748908 0
1.147303409047782 -7.995579969341322 0
-1.147303425784733 -7.995579992633401 0
-0.92566645482068 -9.988884346480088 0
0.9256675232099744 -9.988883737121828 0
0.9256664930670456 -7.612249511530111 0
-0.9256675614564016 -7.612250120887116 0
-1.271696600669575 -9.990954577070259 0
1.271694351200805 -9.990952761961356 0
-1.271703090172274 -7.610173425280131 0
1.271705334675267 -7.61017161300726 0
0.8779723818592133 -7.783743189834359 0
0.8779723787472911 -9.81739073683652 0
-0.8779723818592104 -7.783743189834358 0
-0.8779723787472922 -9.817390736836519 0
-1.098651694369853 -7.655222772953393 0
1.098651695604932 -7.65522277378467 0
-1.098646159155125 -9.945905386871395 0
1.098646159155113 -9.945905386871395 0
-1.073112765135761 -7.60757397634167 0
1.073112765573638 -7.607573976636384 0
-1.073108628933428 -9.993557951099767 0
1.07310862893342 -9.993557951099769 0
-1.320417015497566 -9.475644261615855 0
1.320417015921388 -9.475644261212025 0
-1.319566003578853 -8.876321719873641 0
1.319565997337101 -8.876321716286657 0
1.320538596426056 -9.989171605023733 0
-1.32054538004911 -9.989178790258128 0
1.320554780743405 -7.611944877571498 0
-1.320547999140609 -7.611952162726916 0
-0.1199569392949888 -7.575532485255981 0
0.1199620052314582 -10.02560116830098 0
-1.317371733759619 -7.953944254048546 0
1.317373076901772 -7.95394515317777 0
1.32100091585127 -9.90272111840531 0
1.296251219755478 -9.86000232340532 0
-1.321240786114751 -9.902862312211404 0
-1.296291198132722 -9.86002585570632 0
-1.321012170552438 -7.698403528232789 0
-1.296263558759934 -7.741124126584499 0
1.321252231606888 -7.698262121370848 0
1.296303569282377 -7.741100559007526 0
-1.318496923800442 -8.791259350431593 0
-1.352324162513973 -8.749008088987491 0
1.318496917292806 -8.791259346687514 0
1.352324161399323 -8.749008088346221 0
1.052206298281553 -7.909580089925983 0
-1.052206512181727 -7.909575958872527 0
-1.052760609493183 -9.692271692290793 0
1.0527656389073 -9.692272120508715 0
-1.339092558761234 -8.151387351534879 0
1.339092632419749 -8.151387260356302 0
-1.317827280495659 -8.53453853959846 0
1.317827302779709 -8.534538523015421 0
-1.318629907586405 -9.39101634040613 0
-1.347121073571063 -9.346766098762252 0
1.319519631108104 -9.390501282288067 0
1.352861306596591 -9.346363184672722 0
1.32021044395652 -8.107892401387248 0
-1.320209645577029 -8.107882732857339 0
-0.0895735379056931 -9.81607433607536 0
-0.04226157018610674 -9.815236759755207 0
0.08957353790569267 -7.785059594887198 0
0.04226158618317352 -7.785897101861282 0
0.08962312415346903 -9.816579379837069 0
-0.08962312415347246 -7.784554551125505 0
-0.04305186789547787 -7.78669421764392 0
0.04305186789547594 -9.814439713318647 0
0.01819536824059564 -9.857140782310339 0
-0.0181953682405962 -7.743993148652236 0
0.02092372670286861 -9.940661778255398 0
-0.02092518659045126 -7.66047176241721 0
-0.04739119593752075 -9.98201058157083 0
0.04738236151378745 -7.619123248846218 0
-1.339619268738621 -8.494001308121129 0
1.339619573120904 -8.494001408498658 0
-1.343276431733154 -8.918480998323936 0
1.343276430541879 -8.91848099764128 0
0.1182293119869267 -7.576684190755349 0
-0.1182257213680595 -10.02444699242198 0
-1.345314621307462 -9.517510959189819 0
-1.319252908197475 -9.560346403014861 0
1.345314621378107 -9.517510959122518 0
1.319252908209257 -9.560346403003651 0
-1.269853818998374 -8.112095205522747 0
1.269853915146536 -8.112096355894332 0
-0.958221881913345 -10.02874113664292 0
-0.9019636063231723 -10.03107302933289 0
0.958222059978223 -10.02874103508322 0
0.9019636063231627 -10.03107302933288 0
-0.9582221144400296 -7.572392764420536 0
-0.901963497006286 -7.570060912343773 0
0.9582219363751362 -7.572392662861036 0
0.901963497006284 -7.570060912343774 0
-1.370322374400184 -9.473342268365183 0
1.370208601287977 -9.474114662338467 0
-1.000807389832941 -10.02582558788514 0
1.000807415270775 -10.02582557337661 0
-1.00080830578755 -7.575308927318279 0
1.000808280349706 -7.575308912809777 0
-1.148442417853548 -10.03633530428563 0
-1.197599250209014 -10.03289204227035 0
1.148442417853536 -10.03633530428563 0
1.197599250208999 -10.03289204227036 0
-1.148447496845738 -7.564793115722615 0
-1.197605194028303 -7.568234165980366 0
1.148447497466914 -7.564793116140702 0
1.197605194156546 -7.568234166066681 0
0.1636782950534904 -7.572832607210028 0
0.1875971306983161 -7.61483440824501 0
0.2179490997633941 -7.571662166603465 0
-0.1636781514687171 -10.02830191319466 0
-0.1876000510836713 -9.986301174992571 0
-0.2130376787013038 -10.0298848958356 0
-0.1663505036685569 -7.575930961163007 0
-0.1881209769437515 -7.615004002494913 0
-0.2185547526495331 -7.572256526791467 0
0.1663526047779654 -10.02520270702351 0
0.1881212162441298 -9.986129903408846 0
0.21855508699379 -10.02887736305182 0
-1.352781640909279 -7.911730014024261 0
-1.320604408088154 -7.868883623204947 0
1.352781618595556 -7.91173013860853 0
1.320604408088156 -7.868883623204942 0
-1.17197197112289 -8.124314562738084 0
-1.122560395905402 -8.123178195010579 0
1.171971970558261 -8.124314561980045 0
1.122560395051553 -8.123178193850997 0
-1.353540359390395 -9.001832032223078 0
-1.366688293862462 -9.047150755769923 0
-1.353225164460965 -9.093316753184267 0
1.353540354468223 -9.001832029432199 0
1.366688288543659 -9.04715075272877 0
1.353225041230385 -9.093316618966838 0
-1.297526727018835 -10.0368405852708 0
-1.345187389667316 -10.03470821151166 0
1.297525221503511 -10.0368390852136 0
1.345186684808589 -10.03470747296647 0
-1.297532703771758 -7.564287801360464 0
-1.345194499284373 -7.566416452509923 0
1.297534208122721 -7.564286285122414 0
1.345195203872276 -7.566415704092108 0
-1.35419584915171 -9.690981567368752 0
-1.32063671399927 -9.732274058777003 0
-1.368058654587422 -9.636384240225649 0
1.354195589664845 -9.69098202524731 0
1.32063671399927 -9.73227405877701 0
1.368058611342546 -9.636384319284094 0
-1.368288749057265 -8.87521208909709 0
1.368288747818441 -8.87521208838548 0
-1.34395753036004 -8.66271245155637 0
-1.369180015389595 -8.620946727581865 0
1.343957530349427 -8.662712451550249 0
1.369180015385503 -8.620946727579499 0
-1.341367611060911 -8.23404963244851 0
1.341367682776021 -8.234049560794883 0
-1.346840494718519 -9.860444045596605 0
-1.321058843417775 -9.817397326695016 0
-1.370264436224047 -9.817122385968302 0
1.346506314138929 -9.860263092857036 0
1.320897411421899 -9.817186985200708 0
1.370264436224059 -9.817122385968338 0
1.346851534819395 -7.740680302276765 0
1.321063624134273 -7.78373912460558 0
1.37027396629163 -7.783997569259085 0
-1.346517082162353 -7.740861425428418 0
-1.320911282809732 -7.783936015950673 0
-1.370273966291642 -7.783997569259078 0
1.397206734302719 -8.921212212990852 0
-1.397206734649871 -8.921212213190035 0
-1.173597392654169 -7.529687224862167 0
-1.097781774524956 -7.559214210582499 0
1.173597392804052 -7.529687224963046 0
1.097781774816769 -7.559214210778903 0
-1.17359460511165 -10.07144363355974 0
-1.097777998519763 -10.04191926196252 0
1.173594605111643 -10.07144363355975 0
1.097777998519754 -10.04191926196252 0
1.095919449399882 -8.081828917338791 0
-1.095919450301936 -8.081828918565302 0
1.321443280746091 -10.07220761418906 0
-1.321443722820907 -10.07220806190952 0
1.321447909941607 -7.528919800290456 0
-1.321447468153834 -7.52892025322163 0
1.097874583499427 -8.32159166928078 0
1.073200079425721 -8.279374253779965 0
1.077560265365312 -8.360154801240672 0
1.098849311994417 -8.237061687778228 0
-1.097874583666832 -8.321591669451534 0
-1.073200079501825 -8.279374253855771 0
-1.077560068310474 -8.360154781989554 0
-1.098849312055304 -8.23706168783821 0
1.397858985512606 -10.04892178668441 0
-1.397859086206711 -10.04892189219086 0
1.397862941718961 -7.552206869101066 0
-1.397862841063547 -7.552206976017897 0
-1.247828279288004 -10.04037391483807 0
1.247827832266074 -10.04037352017545 0
1.247834352824194 -7.560756943457196 0
-1.24783390651679 -7.560757339698223 0
-0.06812053214749519 -9.774083514758376 0
0.06812053481367493 -7.827050404646497 0
0.06897516293358649 -9.772895861476936 0
-0.06897516293358749 -7.828238069485619 0
-1.370607564735388 -7.695884789870753 0
1.371260931317004 -7.695584298189489 0
1.370597990257284 -9.905241593058189 0
-1.371250828129929 -9.905541738668846 0
1.073355988842769 -8.127777328369932 0
1.072305288595819 -8.036723087987951 0
1.098340839931778 -8.166831555785548 0
-1.073355989135415 -8.127777328767616 0
-1.072305316720125 -8.036722891525443 0
-1.098340839981507 -8.166831555853109 0
1.220431239496159 -8.118022471121915 0
-1.220431224974917 -8.11802228139849 0
1.047158694849072 -8.234293521087896 0
-1.047158694868636 -8.234293521107293 0
1.216034905806408 -10.08772625525982 0
-1.216034969666689 -10.08772631164019 0
1.216037569895705 -7.513404472097544 0
-1.216037506097772 -7.513404528676663 0
-1.071933917986261 -7.512385154170103 0
1.071933917986261 -7.512385154170095 0
-1.071933917986261 -10.08875196391749 0
1.07193391798626 -10.08875196391749 0
-1.121995800799678 -8.037961397583127 0
-1.097983140744489 -7.994320893598646 0
1.121995789263566 -8.037961420886571 0
1.097982907553201 -7.994322499679719 0
0.8287467029580917 -7.783907532084134 0
0.804670659094437 -7.826408366365007 0
0.7553967789956113 -7.826577789885448 0
0.7304398016131463 -7.784176915788762 0
0.6810922056572675 -7.784235820423135 0
0.6573755471532217 -7.826684504547914 0
0.6083319536251638 -7.826670910126021 0
0.8287467057502941 -9.817226383307755 0
0.8046706633814562 -9.774725560620157 0
0.7553967813099729 -9.774556140033644 0
0.7304398817662628 -9.816957034291454 0
0.6810886150563995 -9.816905438458781 0
0.6573712867635776 -9.774457505392087 0
0.6082980728228908 -9.774497377594988 0
-0.8287467018958996 -9.817226397415382 0
-0.8046706589048709 -9.774725564336812 0
-0.7553967789730944 -9.774556141046309 0
-0.7304398015736648 -9.816957015122348 0
-0.6810922056452178 -9.816898110523161 0
-0.6573755471511562 -9.774449426411666 0
-0.6083319536247631 -9.774463020835771 0
-0.8287467068124856 -7.783907546191761 0
-0.8046706635710223 -7.826408370081663 0
-0.7553967813324909 -7.826577790898114 0
-0.7304398818057463 -7.784176896619657 0
-0.6810886150684775 -7.784228492488431 0
-0.6573712867656738 -7.826676425567803 0
-0.60829807282332 -7.826636553367016 0
-0.1388597360111748 -9.816652428653249 0
-0.1659567089424482 -9.773915994842959 0
-0.2151981768938593 -9.774108922919952 0
0.138868521820852 -7.784474619418192 0
0.1659659812633476 -7.827214095478322 0
0.2152075302999645 -7.827021674442969 0
0.1388760848842543 -9.816750528178144 0
0.1659658403357155 -9.773939415364964 0
0.2151830204467027 -9.774144189503474 0
-0.1388760848842578 -7.784383402784426 0
-0.1659658403357186 -7.827194515597598 0
-0.2151830204467075 -7.826989741459085 0
-0.5825214610313213 -7.784155811977145 0
-0.5330643570776669 -7.784212880695363 0
-0.5096802627791519 -7.826678618169138 0
-0.4609778841403772 -7.826864243715132 0
-0.4348140291534061 -7.784356818026501 0
-0.3853741463289326 -7.784319288558831 0
-0.3622929944113284 -7.826810793646133 0
-0.3136974073064948 -7.827004049186479 0
-0.2872829633604962 -7.784028590363206 0
-0.2379532008817803 -7.784139835357825 0
-0.5825665619415508 -9.816935681573749 0
-0.5330900841351709 -9.8168866006637 0
-0.5096916746350515 -9.774433217512762 0
-0.4609853347978383 -9.774266744804223 0
-0.4348296849149551 -9.816777852616681 0
-0.3852892079783147 -9.816734887177491 0
-0.3622509075140797 -9.77426827764636 0
-0.3136824794089243 -9.774051277448471 0
-0.2871039128544011 -9.816612194364234 0
-0.2378883567880608 -9.816759349716239 0
0.5825665619404226 -7.784198249387555 0
0.5330900841338089 -7.78424733029561 0
0.5096916746347909 -7.826700713448719 0
0.4609853347977602 -7.826867186157619 0
0.4348296849147044 -7.784356078340445 0
0.3853606399505565 -7.784338410845304 0
0.36227132477342 -7.826837638942987 0
0.3136943942161152 -7.827060075568633 0
0.2871685735480657 -7.784265111695195 0
0.2379289763157761 -7.784246990519488 0
0.5825214610308471 -9.816978118984824 0
0.5330643570775042 -9.816921050266991 0
0.5096802627791213 -9.774455312793373 0
0.4609778841403678 -9.774269687247408 0
0.434814029153395 -9.816777112936045 0
0.3853741463289255 -9.816814642403724 0
0.3622929944113233 -9.77432313731642 0
0.3136974073064902 -9.774129881776076 0
0.2872829633604908 -9.817105340599358 0
0.2379532008817753 -9.816994095604739 0
-0.9270739469764974 -7.783689913347451 0
-0.9027738016719473 -7.826231971277791 0
-0.9270739305083973 -9.817443987075494 0
-0.9027737993409948 -9.774901955538168 0
0.9270739305083959 -9.817443987075494 0
0.9027737993409934 -9.774901955538169 0
0.9270739469765 -7.78368991334745 0
0.9027738016719502 -7.82623197127779 0
0.02492898328957291 -7.508546991392651 0
-2.347961072495972e-08 -7.552094522179607 0
-0.05012271415063205 -7.544279886756534 0
-0.0747089428979149 -7.507086543851433 0
-0.1244206538068306 -7.506837175158625 0
0.05001256928153708 -7.547832438668097 0
-0.1222055444438747 -10.09704682867458 0
0.1222169752754168 -7.504087598851129 0
-0.9722482849080485 -7.507377166833979 0
0.9722482607542445 -10.09375682594688 0
0.972248284908049 -7.507377166833979 0
-0.9722482607542452 -10.09375682594688 0
-0.02494546709105417 -10.09258443164765 0
-3.742053840446755e-05 -10.04903940877073 0
0.05010842595680455 -10.0568422810466 0
0.0747093344391425 -10.09402399881604 0
0.1244293643519652 -10.09429208194472 0
-0.05003663815047664 -10.05329905126663 0
-1.246870265749805 -7.741079828845561 0
1.246872006486094 -7.741078809665693 0
1.246857386447013 -9.860047454795659 0
-1.246859120896948 -9.860048475737486 0
-0.4238276352431443 -7.508994997551497 0
-0.4487169254279814 -7.552072750769312 0
-0.4984257395406752 -7.552074413674459 0
-0.3989901917117916 -7.552116127733805 0
-0.4735482910786691 -7.592425664539588 0
-0.5231955698376877 -7.591893200863074 0
-0.5481062016018391 -7.551561112898166 0
-0.5728081066064923 -7.593584729462529 0
-0.5015543122541403 -7.631104253724937 0
-0.5980064421518279 -7.551767706279938 0
-0.6230178590679425 -7.592098499544022 0
-0.3740310541404431 -7.509012852046461 0
-0.3492298338882761 -7.552156139717983 0
-0.3001561536363206 -7.551938163559456 0
-0.324592860246523 -7.592556183525792 0
-0.2708123587225092 -7.593693787323744 0
-0.2751665558424345 -7.508693736943495 0
-0.2224367810823901 -7.515930387682626 0
-0.4238627030353516 -7.595115586474529 0
-0.3741818314783427 -7.591963361540909 0
-0.3474759195976095 -7.636475291729024 0
0.7229696493716696 -7.508992457822583 0
0.7478726279741046 -7.552058447849877 0
0.7975700557989636 -7.552071941104405 0
0.6981800478957308 -7.552107510621676 0
0.7727060323503979 -7.592260567610856 0
0.8220055827798143 -7.596691115389794 0
0.7904775971821066 -7.632149529913065 0
0.8549305928978169 -7.554332017292963 0
0.8721056761713919 -7.608233179956905 0
0.7230805162767423 -7.595089415273134 0
0.6734411082839853 -7.592289940546413 0
0.6485064311746467 -7.551721687824102 0
0.6238223812395113 -7.591911606053087 0
0.650526649279217 -7.63283001209231 0
0.673213910562522 -7.508943214547722 0
0.5988569343556118 -7.551711263338627 0
0.5742253799514475 -7.59539188946378 0
0.5492649669410741 -7.552400032962631 0
0.524603763895503 -7.592657142019647 0
0.499192858393548 -7.551962787436181 0
0.4739868144158797 -7.592049084884232 0
0.5016893749120742 -7.633150328661083 0
0.5241101526152168 -7.509346257312691 0
0.8725418239744038 -7.508992457822583 0
-0.7229719715032565 -7.508994999075824 0
-0.7478750483727223 -7.552071142119422 0
-0.7975725455980128 -7.552074191282652 0
-0.772715197622746 -7.592265910117369 0
-0.6981531920427806 -7.552100804663882 0
-0.8220141365841538 -7.596689904014275 0
-0.7904849201189862 -7.632150434741215 0
-0.8549263107879483 -7.554335221937124 0
-0.8721103587123478 -7.608235714018686 0
-0.6731412857660521 -7.508997319287452 0
-0.6481337808294186 -7.551525319713889 0
-0.673098118740699 -7.591647192032773 0
-0.6499796603210812 -7.632813500292915 0
-0.7230419353568174 -7.591666841160515 0
0.2219177550569971 -7.515965053063729 0
0.2743750830956053 -7.509377728252627 0
0.2998426883511298 -7.551740759568056 0
0.3489426582058276 -7.552053829776114 0
0.3241186864309726 -7.59244710931428 0
0.3714122866285265 -7.593282793612061 0
0.3981205531339309 -7.551863217708311 0
0.2704275113812355 -7.593504488332381 0
0.3429685558789557 -7.636226215948265 0
0.4201400892450449 -7.599107326241987 0
0.4480982911801159 -7.552240285336262 0
-0.8725043518492825 -7.509014092364108 0
0.4238276352431443 -10.09213893341104 0
0.448716925427981 -10.04906118019322 0
0.4984257395406753 -10.04905951728807 0
0.3989901917117912 -10.04901780322873 0
0.4735482910786679 -10.00870826642295 0
0.5231955698376864 -10.00924073009946 0
0.5481062016018403 -10.04957281806437 0
0.5728081066064911 -10.0075492015 0
0.5015543122541203 -9.970029677237582 0
0.5980064421518292 -10.04936622468259 0
0.623017859067944 -10.00903543141851 0
0.374031054140443 -10.09212107891607 0
0.3492298338882759 -10.04897779124455 0
0.3001561536363226 -10.04919576740308 0
0.3245928602465231 -10.00857774743674 0
0.2708124064859759 -10.00744013776462 0
0.2751665558424367 -10.09244019401904 0
0.2224372511842412 -10.08520339453067 0
0.4238627030353508 -10.00601834448801 0
0.3741818314783422 -10.00917056942163 0
0.3474759195976097 -9.964658639233518 0
-0.7229696493716691 -10.09214147313995 0
-0.7478726280029708 -10.04907548316691 0
-0.7975700556740775 -10.04906198990073 0
-0.6981800479374758 -10.0490264203023 0
-0.7727060322947589 -10.00887336351236 0
-0.8220055853721003 -10.00444281722221 0
-0.7904775985963846 -9.96898440193136 0
-0.8549306148000022 -10.04680191822203 0
-0.8721057087231372 -9.992900761354401 0
-0.7230805164496704 -10.00604451578928 0
-0.6734411084748579 -10.00884399031104 0
-0.6485064312156459 -10.04941224293649 0
-0.6238223814428605 -10.00922232464037 0
-0.6505266495266701 -9.968303918754582 0
-0.6732139105695949 -10.0921907163401 0
-0.5988569344126415 -10.04942266722294 0
-0.5742253801673217 -10.00574204094495 0
-0.5492649669788321 -10.04873389734276 0
-0.5246037641037861 -10.0084767882287 0
-0.4993282672497012 -10.04921233130981 0
-0.4746548874635487 -10.00890719288059 0
-0.5018987564195693 -9.967924047330037 0
-0.5241373412355181 -10.09179707905528 0
-0.8725418239744033 -10.09214147313995 0
-0.4238606700605861 -10.09213563341552 0
-0.4487165472878141 -10.04903940878293 0
-0.3989925298989965 -10.04906233721718 0
-0.4249640757272064 -10.00679655325603 0
-0.3749879669608941 -10.00810070899281 0
-0.3495307872189167 -10.04855484617362 0
-0.3254169945501764 -10.00763116984941 0
-0.3524556856516383 -9.965557293955987 0
-0.2997092767828387 -10.04652248034011 0
-0.2758716817782495 -10.00302063981201 0
-0.275148948923006 -10.09155492008396 0
-0.3740637526226395 -10.0919548859446 0
0.7229719715032861 -10.09213893188669 0
0.7478750484015828 -10.04906278889737 0
0.7975725454731122 -10.04905973972246 0
0.7727151975670743 -10.00886802100584 0
0.6981531920764144 -10.04903312632434 0
0.8220141391763829 -10.00444402859716 0
0.7904849215332195 -9.968983497102915 0
0.8549263326901914 -10.04679871357478 0
0.872110391263868 -9.992898227287473 0
0.6731412857716632 -10.09213661167936 0
0.648133780835961 -10.04960861125364 0
0.6730981187992413 -10.00948673896358 0
0.6499796603436848 -9.968320430681102 0
0.7230419354717853 -10.00946708988463 0
0.8725043518492825 -10.09211983859842 0
-1.403060818478744 -7.886015501081554 0
1.403060818478744 -7.886015501081554 0
-0.9518814715721218 -9.775017540210163 0
0.9518814715721209 -9.775017540210163 0
0.951881474705298 -7.826116384971344 0
-0.9518814747052968 -7.826116384971344 0
1.397937583646548 -9.769302512621138 0
-1.397937843142398 -9.769302063161124 0
1.40389597089007 -7.984898240577119 0
-1.403895432113199 -7.984887097885656 0
-1.403303741020109 -8.034293935610213 0
-1.363597150972713 -8.010939760452988 0
-1.352365949871682 -8.065226706350627 0
-0.04301941434062739 -7.701502289899641 0
0.04301917102603106 -9.89963157601461 0
0.4234929226313464 -7.50908336360344 0
-0.8238491427063575 -10.09179364263133 0
0.8238491390767784 -7.509340289097032 0
1.403304449421928 -8.034314139920371 0
1.363602142590246 -8.010957143612137 0
1.352369100605312 -8.065236638752951 0
0.5233807519101694 -10.09225385775511 0
-0.5233807519101679 -7.508880073207424 0
0.8238415562143252 -10.09178822656848 0
-0.8238415525847387 -7.509345705159363 0
-1.122984755465082 -9.561467958098184 0
-1.099419014040379 -9.51984839084945 0
-1.121129300382213 -9.47033820376973 0
-1.074687928848548 -9.563851543221288 0
-1.048003506125151 -9.519238714221057 0
-1.09954458532891 -9.606181561075889 0
-1.079826589610324 -9.650609487236798 0
1.122990494477105 -9.561470253213415 0
1.099420258032317 -9.519856878180422 0
1.121127688519028 -9.470341279344849 0
1.07469340630455 -9.563855088791351 0
1.04800472588884 -9.519246320107671 0
1.147690416157816 -8.236319357259708 0
-1.147690416517697 -8.2363193575883 0
-1.34575828624272 -7.653181758865353 0
1.345748855894527 -9.947943104954156 0
1.270765351098011 -9.304504799946404 0
-1.269998681219945 -9.304948033222663 0
1.317992857603701 -8.362117900539019 0
1.338685674238181 -8.316291344667551 0
1.340431571020722 -8.405299520709166 0
-1.317993020679412 -8.362118069344806 0
-1.338685843159737 -8.316291331326058 0
-1.340431385526941 -8.405299414493838 0
1.317705679806773 -8.448707216187401 0
1.366741291051911 -8.452972568694404 0
-1.31770541825025 -8.448707101265981 0
-1.366741104056058 -8.452972392438994 0
1.34418431049299 -8.577925201540294 0
-1.344184306785941 -8.577925204308148 0
-1.319309838483609 -8.705073185310328 0
1.319309838483632 -8.705073185310326 0
-1.320068742678539 -9.217612133247091 0
-1.343622684720313 -9.176401134127234 0
-1.369501833357965 -9.218737783150116 0
-1.397476875980715 -9.173911540866161 0
-1.319942448986987 -9.133188762949789 0
1.320071600572483 -9.218811682543388 0
1.34362311472878 -9.176600652860637 0
1.368689016292994 -9.219941695457507 0
1.397360807033615 -9.174111944745221 0
1.344848376448696 -9.261584357266855 0
1.319942085062486 -9.133188553551465 0
1.269158333767319 -8.448436664897681 0
1.344217335123415 -8.833472059147695 0
-1.344217335123388 -8.833472059147702 0
-1.269899074637011 -8.705160426980578 0
1.269899074124541 -8.705160426685838 0
-1.269158267510919 -8.448436734193848 0
1.043781657514967 -8.82528461549366 0
1.08591586653924 -8.850002225259324 0
1.082851720636469 -8.899437439285048 0
1.043158030189054 -8.92415511377345 0
1.082587743065601 -8.947506975141799 0
1.043010059123897 -8.973362886568381 0
1.083011814930418 -8.996118121587649 0
1.083479429900003 -9.043388084856383 0
1.043262608735831 -9.071735131156363 0
1.094440238192462 -9.09394433338578 0
1.085712051607828 -8.801898555378653 0
1.125658411920294 -8.823921711537675 0
1.094247322776862 -8.749614960430144 0
1.045057260887077 -8.726161276806343 0
1.085217217152063 -8.698529644333892 0
1.043764866167878 -8.676408855534458 0
1.083148968682103 -8.650786321342958 0
1.085529254527582 -8.601761280139119 0
1.043604500292252 -8.577930779436947 0
1.084959968297774 -8.553183840086554 0
1.133496730335338 -8.577624382144931 0
1.043480048224537 -8.528608881152982 0
1.084251899509478 -8.503932519396592 0
1.083729097028789 -8.45696153409664 0
1.041607479050648 -8.431183006251445 0
1.045002897746874 -9.121236361831015 0
1.08489502721458 -9.147373540511781 0
1.082766768397173 -9.196175608892251 0
1.043143990197985 -9.220787766451654 0
1.082380476413054 -9.245508871419469 0
1.042973213486288 -9.270209908558776 0
1.082735286761938 -9.292998600305699 0
1.094553178737218 -9.345305697144054 0
1.045108417134489 -9.369230864062244 0
1.085475665337895 -9.396989824702318 0
1.043783225825674 -9.4185062735848 0
-1.043781660294538 -8.82528463576249 0
-1.085915864693146 -8.850002250481134 0
-1.082851720328781 -8.899437443488686 0
-1.043158004310885 -8.924155147340775 0
-1.082587724537861 -8.947506929912814 0
-1.043010086330696 -8.973362780305063 0
-1.083011870189609 -8.996118012833977 0
-1.083479695961441 -9.043388001498764 0
-1.043262996678529 -9.071735030305449 0
-1.09444083552874 -9.093944103775918 0
-1.045003387743723 -9.121236105687808 0
-1.084895642134945 -9.147373165307538 0
-1.082767555409741 -9.19617515940069 0
-1.043144788178894 -9.220787577451526 0
-1.082381663882901 -9.245507862765447 0
-1.04297418100322 -9.27020916589426 0
-1.082736486296872 -9.292997642027819 0
-1.094555032986533 -9.345304937457092 0
-1.045110321112622 -9.369230188367627 0
-1.08547897415366 -9.396988887939848 0
-1.043787592241238 -9.418505582056305 0
-1.085712062261409 -8.801898590775973 0
-1.125658411663358 -8.823921725066475 0
-1.094247377931822 -8.749614993922005 0
-1.045057346313421 -8.726161321255693 0
-1.085217270393042 -8.698529596078243 0
-1.043764877631524 -8.676408738937749 0
-1.083148834647451 -8.650786162383939 0
-1.085528908446017 -8.601760937398319 0
1.294217581141298 -8.577040596232662 0
-1.294217577895485 -8.577040598885185 0
-1.043781664400738 -8.528672695410449 0
-1.084415874265061 -8.503955056245195 0
-1.083748168252527 -8.456964093747752 0
-1.084626014538148 -8.553212884764154 0
-1.041610431245033 -8.431183396553775 0
-1.294640644420629 -8.833647341852798 0
1.294640639325697 -8.83364733892564 0
-1.043523762180262 -8.578002355081299 0
-1.133462465023496 -8.577626967897938 0
1.406676320305505 -8.133071497698909 0
1.405387731685255 -8.180683607105225 0
-1.397640715760055 -8.578117055559579 0
1.404611939137518 -8.28433038203819 0
1.40740061929641 -8.332287852412492 0
1.4030528492301 -8.726415263217254 0
-1.404783812331253 -8.180705535304723 0
-1.406964452359436 -8.132747553782414 0
-1.398236830493041 -9.517015936698213 0
1.403052849230101 -8.775849731393262 0
-1.403052849230101 -8.775849731393262 0
-1.403052849230101 -8.726415263217254 0
-1.40714089137942 -8.331816913583422 0
-1.405293283514343 -8.2844766778114 0
1.403052849230101 -9.31962888132936 0
1.403052849230101 -9.369063349505369 0
-1.4030528492301 -9.31962888132936 0
-1.360990897184735 -9.296652037608803 0
-1.399998206546471 -9.370562712732989 0
1.397640723827877 -8.578117073812541 0
1.398220577201392 -9.517126278684783 0
1.17059206017991 -8.620550376697363 0
1.165111051309617 -8.536146012463441 0
-1.170587945993804 -8.620550666389752 0
-1.165108236786065 -8.53614607246786 0
-1.319689948705528 -8.961943625216712 0
1.319689948705557 -8.961943625216707 0
-1.175394910133362 -8.878056289441501 0
1.175394908529165 -8.878056288544068 0
-1.270262319583242 -8.962018973495621 0
1.270262318380518 -8.962018973030647 0
-1.167603011648569 -8.796060929700523 0
1.167603009285234 -8.796060920799961 0
-1.173027889199276 -9.048826968734843 0
1.173027831169243 -9.048826973869938 0
1.320190554713013 -9.304430932357878 0
1.270514616002119 -9.133260220703768 0
-1.270514712313948 -9.133260303928958 0
-1.296606404800134 -9.090907208317883 0
1.296606294926431 -9.090907130630537 0
-1.171091609857309 -8.362388236403438 0
1.171091643968837 -8.36238823278144 0
-1.173154850857419 -9.219378650858902 0
1.173154701025904 -9.219378864082074 0
-1.269274216267979 -8.277067826092475 0
1.26927418139725 -8.277067807100385 0
-1.17317125213812 -9.389547615903536 0
1.173170066051227 -9.389548285415326 0
-1.270896156318935 -9.561140963319787 0
1.270896165165479 -9.561140962187894 0
1.171900348198026 -9.47492425528525 0
-1.171901229834918 -9.474922992872926 0
-1.295370828591715 -9.433042460112171 0
1.295519118964348 -9.432956614094284 0
-1.317076871094799 -8.276097677746042 0
1.317076826706491 -8.276097653382495 0
1.151001647799447 -9.428972074330684 0
-1.123451601586107 -7.698235930623085 0
-1.074172883491055 -7.698382641063787 0
1.123451615067005 -7.698235939696465 0
1.074172884742412 -7.69838264190602 0
1.123466952219948 -9.902910901931177 0
1.07424288263216 -9.902755577521591 0
-1.123466952219956 -9.902910901931179 0
-1.074242882632167 -9.902755577521592 0
1.345965280545202 -7.653085140079432 0
-1.345955692421596 -9.948039585414048 0
-1.345068541951618 -9.43281488820725 0
1.34499481486934 -9.432557044794581 0
1.09955174168569 -9.60618141751366 0
1.079840880424117 -9.650608317567482 0
-1.151003354170428 -9.428970913800415 0
1.271257611076165 -7.868936832804208 0
-1.271259052807617 -7.8689382347172 0
1.292105145417418 -7.994954113460639 0
-1.292100646792774 -7.994951523789671 0
-1.29559481709662 -9.603858294753994 0
1.295594818591794 -9.603858312156081 0
-1.123540778460501 -9.733000074350974 0
1.123543593118741 -9.733001965133331 0
0.5731622347712808 -10.09218527677833 0
-0.5731622347712757 -7.508948654184207 0
-1.271270786809809 -9.732231126329825 0
1.271270786849438 -9.732231163448175 0
1.123603189995477 -7.868629636707108 0
-1.123602651129738 -7.868624624746457 0
1.173084355318234 -9.646638880373482 0
-1.173082039281151 -9.646639563995258 0
1.172795235784987 -7.953760026451012 0
-1.172795367700194 -7.953759433769986 0
-1.340593180142198 -9.599207106213466 0
1.340593173188811 -9.599207125033704 0
-0.2214724732556031 -10.08475504130481 0
-0.04523365951436372 -9.898361555073105 0
0.04523370028772613 -7.702772197771998 0
-1.222027151733945 -7.783626069263414 0
1.222027188746706 -7.783625990304357 0
1.222010986583843 -9.817508747866704 0
-1.222011061829402 -9.817508789322719 0
-1.271522317047564 -7.783743775635967 0
1.271469032809713 -7.783707892604795 0
1.271430563299002 -9.817393684426284 0
-1.271464433298802 -9.817432829558939 0
0.8995571191063911 -7.654360989666344 0
-0.899557101036033 -9.946772914267358 0
0.8995588387765574 -9.946772246980082 0
-0.8995588568469743 -7.654361656952374 0
0.1634038785406041 -9.944031352560362 0
-0.1634038538215822 -7.657102582939416 0
0.1633082387623853 -7.657054862598619 0
-0.1633074510880064 -9.944073836730656 0
-1.099046023323376 -7.740982099249516 0
1.099046028947748 -7.740982103035027 0
0.3737395610716398 -7.508945937015454 0
-1.099039288448111 -9.860153130326472 0
1.099039288448109 -9.860153130326468 0
1.222402350381747 -7.610475424240917 0
-1.222401899398258 -7.610475790633775 0
-1.222394857863877 -9.990651495362455 0
1.222394408448752 -9.990651127067206 0
1.07492547507376 -9.733542780639203 0
-1.074921519530073 -9.73354122163977 0
-1.074860675693205 -7.868302084281812 0
1.074860711252476 -7.868306822661598 0
1.100050805833766 -7.910430728404592 0
-1.100050939464109 -7.910426075055087 0
1.296098550540741 -7.826342748654528 0
-1.296082587147132 -7.826382017775681 0
0.2126134290674758 -9.944926256117199 0
-0.2126133850642432 -7.656207671425101 0
0.2124387900319662 -7.656201453770328 0
-0.212525695010462 -9.944789126493065 0
-1.345539588146013 -7.826499344058089 0
1.345539588145999 -7.826499344058083 0
-1.04984966873496 -7.741032908262411 0
1.049849669880915 -7.741032909033701 0
-1.049859551885842 -9.860101226836315 0
1.049859551885839 -9.860101226836312 0
-1.296099991516989 -9.77481008510453 0
1.296067441202621 -9.774768521085967 0
1.34552531020766 -9.774654509871704 0
-1.345525310207641 -9.774654509871691 0
-0.9275800825086572 -9.73262922384985 0
0.9275800834193461 -7.868504705458083 0
0.9275800825086569 -9.73262922384985 0
-0.9275800834193452 -7.868504705458083 0
-0.5737601991548181 -10.0919342067183 0
0.5737569624339423 -7.509200843641606 0
-1.08152313447059 -9.442625806810607 0
1.081521036706807 -9.442627696860107 0
-0.8787115538989813 -9.732566734452503 0
0.878711553898981 -9.732566734452503 0
0.8787115542848916 -7.868567195819415 0
-0.8787115542848907 -7.868567195819416 0
-0.853816821801764 -9.774920822693687 0
0.8538168226446865 -7.826213106976873 0
0.8538168227935465 -9.774920820571749 0
-0.8538168236364677 -7.826213109098811 0
-1.025237405171352 -7.698495979701458 0
1.025237405456745 -7.698495979893545 0
-1.025291638636843 -9.90268859718562 0
1.02529163863684 -9.90268859718562 0
-1.049515418930974 -7.654780188712772 0
1.049515419465924 -7.654780189072824 0
-0.7807818549822245 -9.732420237657747 0
0.7807818561178017 -9.732420236869528 0
-0.7807818561531492 -7.868713694044425 0
0.7807818550175718 -7.868713693256205 0
-1.049534002139027 -9.946361256009162 0
1.049534002139021 -9.946361256009162 0
-1.025051508196042 -7.613265880651273 0
1.025051508196039 -7.613265880651272 0
-0.7319694500017409 -9.732327613952457 0
0.7319694504151278 -9.732327613738066 0
-0.7319694504220184 -7.868806317215023 0
0.7319694500086309 -7.868806317000632 0
-1.025048988919435 -9.987866594947919 0
1.02504898891943 -9.987866594947917 0
-0.7066154963802452 -9.774652889460125 0
0.7066145716143482 -9.774654725752756 0
-0.7066145716242404 -7.826479205196733 0
0.7066154963901297 -7.826481041489218 0
0.634004033102999 -9.732248921633854 0
-0.6340103899679074 -9.732241849010579 0
-0.6340040331034204 -7.868885009328153 0
0.6340103899683189 -7.868892081951339 0
1.042788699540896 -7.55719237202415 0
-1.042788702062138 -7.5571923734545 0
1.04278653559452 -10.04394352760085 0
-1.042786532998828 -10.04394352908131 0
0.5846332516579908 -9.732593617026124 0
-0.5846529103158629 -9.732573783879733 0
-0.5846332516581326 -7.868540313936235 0
0.5846529103159999 -7.868560147082578 0
0.5589972775446433 -9.774612835079676 0
-0.5589972775448501 -7.826521095882613 0
-0.559020950396296 -9.774583818455968 0
0.5590209503959276 -7.826550112505489 0
-1.408413925296958 -8.478637129754327 0
1.408413990518623 -8.478637199520954 0
0.7589565329127952 -9.93678315348496 0
-0.7589565326815104 -7.664350777651022 0
-0.7589663063365599 -9.936781923577353 0
0.7589663060955929 -7.664352007551363 0
0.487418646759863 -9.731854229819003 0
-0.487418646759868 -7.869279701143532 0
-0.4874216372764427 -9.731840484632681 0
0.4874216372764024 -7.86929344632965 0
0.4377033524387383 -9.732485315305656 0
-0.4377033524387423 -7.868648615656882 0
-0.4377113931534991 -9.732483189630745 0
0.4377113931534803 -7.868650741331642 0
-0.4116553657677602 -9.774431924470026 0
0.4116706739729661 -7.826687231939314 0
0.411670236970732 -9.774454847032821 0
-0.4116702369707385 -7.826679083929724 0
-0.612222933872959 -9.936448665503102 0
0.6122229337453875 -7.664685265359692 0
-1.124128516085339 -7.952911656565221 0
1.124128316349545 -7.95291414079411 0
-0.3406739616656024 -9.731604663369628 0
0.3406778107211418 -7.869523244697837 0
0.3406799573678149 -9.731619501991178 0
-0.3406799573678164 -7.869514428971367 0
0.2907424292767322 -9.732442511852732 0
-0.2907424292767357 -7.868691419109814 0
-0.2907507620057632 -9.732416308447654 0
0.2907533893162198 -7.868712855708134 0
0.2644613410157546 -9.774458445873107 0
-0.2644613410157591 -7.826675485089449 0
-0.2644238073599236 -9.774312244768653 0
0.2644453366507792 -7.826752537196932 0
-0.6115626286963718 -7.664826979651126 0
0.6115626286994904 -9.936306951312558 0
1.4072246600699 -9.615955142318345 0
-1.407224665218098 -9.615955132906624 0
-0.1933632663961596 -9.73182664118931 0
0.1933663706839939 -7.869306094066417 0
0.1933605736561465 -9.731837962353254 0
-0.1933605736561484 -7.869295968609293 0
-0.463806333134892 -9.93595797067313 0
0.4652412824455162 -7.663967262629368 0
-0.1435997848679139 -9.732457256175611 0
0.1436018476360361 -7.868675835395583 0
0.1436008579185883 -9.732463046342861 0
-0.1436008579185897 -7.868670884619686 0
-0.1168512055126011 -9.774165183046495 0
0.1168545594400807 -7.826966818835819 0
0.1170063338754086 -9.774072633080712 0
-0.117006333875411 -7.827061297881849 0
1.316883249582937 -8.02845455571607 0
-1.316879121119948 -8.028448404043843 0
-0.04650179946559951 -9.732163859531031 0
0.04650179990996516 -7.86897006950523 0
0.04752904289160845 -9.730826931338687 0
-0.04752904289160818 -7.870306999623852 0
1.100868503945257 -9.69077182816827 0
-1.100862818180924 -9.690771889021081 0
-0.3167400095686023 -9.936709651958747 0
-0.02123012778215054 -9.77288089571981 0
0.02123013005687054 -7.828253025382019 0
-0.4653166032495963 -7.66501945061686 0
0.4653166032495835 -9.936114480345671 0
-1.125246763655105 -9.647256034022149 0
1.125253095180308 -9.647254523195123 0
-1.076376427857611 -7.951753373428097 0
1.076375252951039 -7.951761633439098 0
-0.3076614420615135 -7.659953573857964 0
0.3076614420615138 -9.94118035710459 0
1.123553941201729 -9.220269280520638 0
-1.123554528951055 -9.22026857820272 0
1.124383346851293 -8.36094723372835 0
-1.124383346851265 -8.360947233728353 0
0.3065382041327798 -7.659934074096562 0
1.127612010346557 -8.876887220135758 0
-1.12761201125089 -8.876887226980381 0
-1.403838959063675 -9.072511208052871 0
1.403838943760179 -9.072511191712564 0
-0.2318674614796953 -7.617119531892162 0
0.2318675565384557 -9.984014388288609 0
-1.366632956404554 -8.116467484777809 0
1.366585887069427 -8.116527045820696 0
-1.40373630240537 -9.022304355249984 0
1.403736299364364 -9.022304352610416 0
1.369256672210646 -9.996766896748607 0
-1.369347081592924 -9.996804226282052 0
1.369354596178203 -7.604321140667219 0
-1.369264116954362 -7.60435854258974 0
-0.2347417891375042 -9.993887362998116 0
0.2315506112966555 -7.617008916022975 0
-0.2574253203866375 -7.548502520460158 0
0.2574254908285533 -10.05263137135385 0
-1.316934375961941 -9.305489285007967 0
0.2569024275296724 -7.548450039164051 0
1.364197389561148 -8.702610820862999 0
-1.364197389619719 -8.702610820896709 0
1.362885214690752 -7.963128625573963 0
-1.362883155694844 -7.96312411351278 0
-0.2538390166186876 -10.04505335283176 0
1.364535360152833 -9.392709839942407 0
1.366988456199661 -8.358853486057495 0
-1.366951393701404 -8.358786194831682 0
-1.122828128880836 -8.632278219496504 0
1.122834648639052 -8.632277829174905 0
-1.409074000214305 -8.430163625526392 0
1.409074040777749 -8.430163700115781 0
1.127187472600355 -9.133954914216233 0
-1.12718795654376 -9.133954592063182 0
1.123831327113207 -8.968478896144497 0
-1.123831310625873 -8.968478883937806 0
-1.405044889271807 -9.668073178435122 0
1.405044708629723 -9.668073492429068 0
-1.36312487422194 -8.795247872683788 0
1.363124873133051 -8.795247872057308 0
1.364021761180942 -7.864993505545955 0
-1.364021765643689 -7.864993480629103 0
-1.364013327987324 -9.736466003803375 0
1.364012860896587 -9.736466814515103 0
1.127301385437197 -9.305271467020923 0
-1.127302212806504 -9.305271060973297 0
1.091121024939638 -8.405650078443232 0
-1.091124082693505 -8.405650516320403 0
1.036973564066609 -8.380366758632265 0
-1.036973564066597 -8.380366758632269 0
1.363746243284027 -9.299602235602137 0
-1.34445430293819 -9.25603471676739 0
1.362141048412663 -8.193198259500047 0
-1.362089501999944 -8.193200277105422 0
-1.362710319636665 -8.95817986122406 0
1.362710319636683 -8.95817986122405 0
1.12908611399011 -9.386580064368609 0
-1.129088047448238 -9.386578944041228 0
1.362775185382212 -9.13693935769307 0
-1.36277546447977 -9.136939961580445 0
-1.410763405530917 -8.627546326865236 0
1.410763405530929 -8.627546326865236 0
-1.409448890605569 -10.00505618916723 0
1.409406182374233 -10.00504017870859 0
1.40945443618818 -7.596070561337847 0
-1.40941169393576 -7.596086598184632 0
-1.361194452276638 -8.272916566220424 0
1.361194396553587 -8.272916534170905 0
-0.02313940120282645 -7.828895094529392 0
0.0231394015819464 -9.772238834789706 0
-1.126702202863603 -8.445933215810822 0
1.126700471675393 -8.445932932263181 0
1.129051982785352 -9.051871295025382 0
-1.129052130745378 -9.05187138015698 0
1.128548863089597 -8.709381657184677 0
-1.128548945805118 -8.709381704777131 0
-1.361457545446716 -8.537827773614161 0
1.36145754544673 -8.537827773614168 0
-1.41127438065451 -8.874798086272314 0
1.411274380571954 -8.874798086224898 0
1.411491140292309 -9.912842499441467 0
-1.411486830391427 -9.467932285857387 0
1.411486830391436 -9.467932285857387 0
-1.411498605031438 -7.688291431521065 0
-1.121329590138897 -8.523137543021653 0
1.121364148031714 -8.523128574429691 0
-1.411329854318905 -9.219972244273809 0
1.411378487744557 -9.220533172289032 0
-1.363475434285864 -9.557907207293114 0
1.363474051618978 -9.557916591708787 0
-1.412054117136389 -9.814313015887322 0
1.412039443144343 -9.81397356308945 0
1.412044125862093 -7.787160367873083 0
-1.4120441258621 -7.787160367873083 0
1.126163569584694 -8.197667121571046 0
-1.126163569636743 -8.197667121619968 0
-1.124793318950891 -8.783838790124658 0
1.124793336319642 -8.783838773609954 0
1.24535123735959 -8.154251960067109 0
-1.245351217426608 -8.154251737665598 0
-1.412361629658964 -9.912842499441467 0
1.412369762527717 -7.688291431521066 0
1.242858661285867 -8.077160842351962 0
-1.242858379803394 -8.077160533081157 0
0.0004403959080970127 -7.787786367506738 0
-0.000440393687750995 -9.813347553830791 0
1.147678893112714 -8.161170724719025 0
-1.147678893389722 -8.161170725077893 0
-0.02409804189586265 -9.854171620048037 0
0.02409805261692876 -7.746962264380166 0
1.196429022115523 -8.157951772478265 0
-1.196429016571223 -8.157951704025093 0
1.033394446059117 -8.133190166368149 0
-1.03339444605911 -8.13319016636815 0
0.000724678171551439 -7.704442947004082 0
-0.0007247784939351251 -9.896690942656859 0
1.295154186555314 -8.071332582216074 0
-1.295152395007229 -8.071327828380461 0
1.03320623581652 -9.56681440150003 0
-1.033202437305795 -9.566814401500032 0
-1.361320235235884 -9.393634380932857 0
-0.0231111994016974 -9.940337758390477 0
0.02310948317742102 -7.660796011997166 0
-7.08819303628123e-10 -9.981141209569021 0
7.088212846245436e-10 -7.619992721393564 0
1.081043657194407 -9.482571092005298 0
-1.081042331501784 -9.482565290929381 0
1.032034450874849 -8.281496121726619 0
-1.032034450874825 -8.281496121726621 0
1.031207207894234 -8.034319529462502 0
-1.031207207894234 -8.034319529462502 0
-1.409295284485588 -7.502293519162953 0
-1.409295284485586 -10.09884041179958 0
1.409295284485587 -7.502293519162954 0
1.409295284485588 -10.09884041179958 0
1.037096990687759 -7.947027127096558 0
-1.037096990687758 -7.947027127096558 0
-1.036815493275655 -9.654913822923406 0
1.03681673499626 -9.654913804759236 0
1.080630943150921 -8.201669535423084 0
-1.080630943169513 -8.20166953544307 0
0.07427925115112172 -10.02267383599834 0
-0.07428430664596711 -7.578458221263298 0
0.07681529594312465 -7.578565304984112 0
-0.07682874019385384 -10.02256090071559 0
0.02490144652822859 -7.58150999495671 0
0.02414354017561133 -10.01898361794576 0
-0.02500288786102068 -10.01877835459581 0
-0.02416212655676545 -7.582398063966981 0
0.09678658658161363 -7.542850349455854 0
-0.0967903310494929 -10.05828366732576 0
-0.0993031961362441 -7.538561886630644 0
0.09932029994275539 -10.06256778494461 0
-0.141039002021208 -10.05890369422082 0
0.1410426313015622 -7.542239509416397 0
-0.1479427330509417 -7.538233648800033 0
0.1479497663320428 -10.06289878702208 0
0.3009852944397937 -7.625301896670027 0
0.1882423999133747 -7.543553887259176 0
-0.1837864207696492 -10.05886137900173 0
-0.1875495415444441 -7.543012851372195 0
0.1875502128899969 -10.0581209261173 0
0.4534839160353289 -7.626356083280086 0
-0.2997643819492667 -7.622597735854814 0
0.2997643819492678 -9.978536195107736 0
-0.4472317489119263 -7.626160061183598 0
0.4472317489119219 -9.974973869778939 0
0.3740131724469694 -7.662984173672881 0
0.3848194976006244 -7.628886018090644 0
-0.3977518765832368 -7.627113165811249 0
0.397751876583237 -9.974020765151295 0
-0.3777319388116308 -7.663593849931328 0
0.3777319388116307 -9.937540081031221 0
-0.5943525062178724 -7.625723985713596 0
0.5943525062209175 -9.975409945250426 0
1.379754352543772 -8.408187176373401 0
-1.379754334225127 -8.408187047345494 0
1.113642430470658 -9.425102187921313 0
-1.113644562125026 -9.425100551272365 0
-0.4465906284237841 -9.975003678741505 0
-0.5081709449053096 -7.672757170813515 0
0.5081709449053134 -9.928376760149028 0
-1.113639243110277 -8.674049334126526 0
1.113640012886984 -8.674049319924123 0
-0.5489916153274689 -7.620269381923421 0
0.5489916153280463 -9.980864549039374 0
0.594182993705469 -7.627414792364227 0
-0.5941829939158906 -9.973719138353717 0
1.330746499153528 -7.98937503381439 0
-1.330739007293159 -7.989369116345714 0
1.375776217085072 -8.312935919869327 0
-1.375853172806309 -8.312857536754597 0
-0.7430235950746262 -9.975702819994737 0
0.743023594776332 -7.625431111136719 0
0.7410534345397657 -9.97457347407183 0
-0.7410534342284719 -7.626560457120211 0
-0.4000357492751816 -9.979247156544947 0
1.161058544236058 -8.842154088799743 0
-1.161058551255746 -8.842154092838703 0
-0.6559778953433003 -7.672963191612753 0
0.6559778953433049 -9.928170739349781 0
0.5494914614247085 -7.621351203987238 0
-0.5494914617627191 -9.97978272673372 0
0.6980114121969232 -9.980996992008903 0
-0.6980114120904842 -7.620136939026398 0
-1.376480574343874 -8.497957648619559 0
1.376480696218193 -8.497957744007664 0
0.698607776413958 -7.620729822480088 0
-0.6986077766124231 -9.980404108484551 0
0.5081717322770751 -7.673256111740688 0
-0.5081717322779835 -9.927877818646909 0
0.6559780457184696 -7.673058376507557 0
-0.6559780457187288 -9.928075554291395 0
1.112381679131693 -9.270201958048142 0
-1.112382604460832 -9.270200015413645 0
-1.112482858572831 -8.480406209993426 0
1.112475210878501 -8.480404599456032 0
-0.304232169107446 -9.975237541107798 0
-0.8028096386622462 -9.92873688231753 0
0.8028096383064978 -7.672397049054831 0
0.8028098180865145 -9.928734801065668 0
-0.8028098177312765 -7.672399130306987 0
-0.3603681487106065 -9.927404475597577 0
1.376707383743903 -8.156416070602326 0
-1.376357167485516 -8.155763751287909 0
0.8974330476164035 -10.06651818104534 0
-0.8974330476164042 -7.53461574802525 0
-0.8974406602330015 -10.0665156373711 0
0.8974406602338181 -7.534618291712959 0
-0.9432095533037665 -10.06411602931248 0
0.9432086682380841 -10.0641163200404 0
0.9432095496480367 -7.537017866766753 0
-0.9432086645822606 -7.537017576037204 0
-0.994508020599509 -10.06361926138942 0
0.9945079793599985 -10.06361927190808 0
-0.9945082034332995 -7.537514835059447 0
0.9945082446773366 -7.537514845581264 0
1.111933964216044 -9.17133157756729 0
-1.111934355538208 -9.171331045959432 0
-1.321298478981781 -10.10790776827732 0
1.321298446760582 -10.10790773564465 0
-1.321299163065424 -7.493221133247696 0
1.321299195265699 -7.493221100235218 0
-1.172032529417942 -10.10671776336039 0
1.172032522901585 -10.1067177576073 0
-1.172033293731002 -7.494412761827746 0
1.172033300256289 -7.49441275606466 0
-1.114548880086671 -9.018123063466842 0
1.114548969270384 -9.018123034173206 0
1.111698791808652 -8.9241549828503 0
-1.111698791808637 -8.9241549828503 0
-1.377356876165774 -9.594363026263519 0
1.377356670735297 -9.594364382221531 0
2 6 0 147
2398
2399
2400
2401
2402
2403
2404
2405
2406
2407
2408
2409
2410
2411
2412
2413
2414
2415
2416
2417
2418
2419
2420
2421
2422
2423
2424
2425
2426
2427
2428
2429
2430
2431
2432
2433
2434
2435
2436
2437
2438
2439
2440
2441
2442
2443
2444
2445
2446
2447
2448
2449
2450
2451
2452
2453
2454
2455
2456
2457
2458
2459
2460
2461
2462
2463
2464
2465
2466
2467
2468
2469
2470
2471
2472
2473
2474
2475
2476
2477
2478
2479
2480
2481
2482
2483
2484
2485
2486
2487
2488
2489
2490
2491
2492
2493
2494
2495
2496
2497
2498
2499
2500
2501
2502
2503
2504
2505
2506
2507
2508
2509
2510
2511
2512
2513
2514
2515
2516
2517
2518
2519
2520
2521
2522
2523
2524
2525
2526
2527
2528
2529
2530
2531
2532
2533
2534
2535
2536
2537
2538
2539
2540
2541
2542
2543
2544
-15.17599192192629 -2.236786225774168 0
15.17472987854779 -2.23622826142913 0
-12.43030132910929 -0.8601703209387495 0
-10.43999749927282 -0.8671763221204536 0
-8.452075756958548 -0.8759706866598407 0
-6.462200042993794 -0.8710414245168572 0
-4.492652146148806 -1.019974437615208 0
-2.485079356838622 -0.8608567436368926 0
-0.4970158723427979 -0.8608567425049483 0
1.491047615571 -3.610878805608852 0
3.612036613970963 -3.582412181704383 0
5.462986141645819 -3.587852974203992 0
7.45523807785503 -3.610878806003555 0
9.443301565283035 -3.610878806003555 0
11.41586238643481 -3.579123146164951 0
12.43030132910929 -0.8601703209387388 0
-7.455238077855029 -3.610878806003555 0
6.444464629671712 -0.8654700634354846 0
-5.46717459042702 -3.610878806003555 0
-3.566815585116287 -3.606300158029054 0
-1.482697459695293 -3.590352961052734 0
2.48507935928501 -0.8608567422244704 0
4.511020326655468 -0.795553893311947 0
8.452075756958546 -0.8759706866597945 0
-11.41586238643482 -3.57912314616496 0
-9.443301565283035 -3.610878806003555 0
10.43999749927282 -0.8671763221204252 0
13.4362136315829 -3.582439552038039 0
-13.43656185556737 -3.582444164582681 0
-14.45251636446998 -0.9017596724658201 0
14.45251636446998 -0.9017596724658219 0
-13.42821539862217 -0.8633288733931845 0
-12.93212101869215 -1.715466808443107 0
-11.94049142052023 -1.724339537806882 0
-12.44504372956946 -2.575663500366415 0
-13.43238070849977 -2.564802005591229 0
-11.45653040889063 -2.587008195089002 0
-10.94815448952765 -1.732330236298974 0
-10.46412140051699 -2.601432467362418 0
-9.954825064217939 -1.744233938195229 0
13.42821539862217 -0.8633288733931828 0
12.93212101869213 -1.715466808443107 0
11.94049142052021 -1.724339537806864 0
12.44504372956942 -2.57566350036641 0
13.43238070849973 -2.564802005591266 0
11.45653040889059 -2.587008195088972 0
10.94815448952763 -1.732330236298926 0
10.46412140051695 -2.601432467362338 0
9.954825064217923 -1.744233938195142 0
13.86521011681243 -1.75320930533535 0
-13.86584019404393 -1.753767269680386 0
14.49767806622022 -3.698397231716845 0
-14.49904504138223 -3.699008086164778 0
-12.42764133989027 -3.637162569381811 0
12.42762623229688 -3.637162369267944 0
9.47065920635883 -2.614470489473954 0
8.96108380233794 -1.754121608234755 0
8.476820002238842 -2.627360639158306 0
7.96882121897047 -1.773003686605222 0
-9.470659206358864 -2.614470489474062 0
-8.961083802337956 -1.754121608234874 0
-8.476820002238878 -2.627360639158455 0
-7.967707601797309 -1.766115275583392 0
-7.458260372859534 -0.9015377900849657 0
-6.96115316378522 -1.755892493209927 0
-5.987147842983206 -1.723874779949778 0
-6.427972100680086 -2.62596230044524 0
-5.364975529799509 -2.47366460933535 0
-4.483012822585777 -3.048106083225306 0
-4.546857306797386 -2.130054680566262 0
7.447171992229062 -0.8773594481904112 0
6.913990284681046 -1.74357624324951 0
5.937656195796924 -1.687749532604087 0
6.360444490680937 -2.579902480418692 0
5.305309368301407 -2.455806863496051 0
4.519593622839301 -3.067574618762626 0
4.38382561107761 -2.203886966521942 0
7.419385440280605 -2.610163583581064 0
6.461206334141026 -3.56967222182004 0
-9.449097542225555 -0.8735837592017326 0
9.44909754222555 -0.8735837592016864 0
-10.43733330899704 -3.595226460889934 0
10.43733330899704 -3.595226460889842 0
-11.43535130599507 -0.8646466572382749 0
11.43535130599507 -0.8646466572382501 0
-5.50783202680072 -0.8734698801111573 0
0.4970158718569985 -3.610878805937777 0
1.031456033883493 -2.771628987705935 0
1.994300868667146 -2.753623217043268 0
0.06950225214881245 -2.691378721057355 0
1.535748850975268 -2.028909862709162 0
2.485079359284993 -1.889165321554605 0
2.98209522840741 -2.750022062200264 0
3.479111098213473 -1.889165324317537 0
2.508273174197756 -3.606734560502138 0
1.491047615571006 -0.8608567422244633 0
3.487626154356242 -0.8812175896587817 0
-1.491047615652144 -0.8608567425115226 0
-1.988063489462797 -1.721713481065915 0
-2.959156294469098 -1.708469683157848 0
-2.485079359284986 -2.582570209724379 0
-3.497992065421378 -2.572770892160312 0
-1.457776776475747 -2.545545534795412 0
-3.479111088320721 -0.8608567506990052 0
-2.491827175890938 -3.667707070905298 0
0.4970158717760394 -0.8014417869439647 0
0.03000489684497592 -1.684316286211384 0
-0.9834857882581717 -1.649894880134005 0
-0.4466161814431274 -3.619290864753022 0
-6.461206334141024 -3.615466062411269 0
8.449269821569036 -3.616309402148357 0
-8.449269821569034 -3.616309402148435 0
-7.486516872470007 -2.62892305828511 0
5.483205716487749 -0.8221440423239539 0
15.14477223248297 -3.130214883759621 0
14.30835610110826 -2.677562292039227 0
-15.21415939235722 -1.372108443567246 0
15.21394905179414 -1.372015449509739 0
-15.14856402936505 -3.13021488375961 0
-14.30941311777091 -2.677809634279598 0
-3.795153780231478 -1.658425288839728 0
4.953803970908592 -1.576940443267354 0
3.795332434901751 -2.69861223070135 0
-5.170642947824477 -1.625928638585089 0
-0.7661364165664506 -2.907656517820573 0
0.7291238576163609 -2.082724477331661 0
-4.478222733113997 -3.873866283323521 0
4.491019156745367 -3.866569151850229 0
-15.26657372885139 -0.6335789264747618 0
15.26654368019951 -0.6335656416094082 0
15.23964282857053 -3.838004190332951 0
-15.27342020506109 -3.870016500992572 0
4.13306723218846 -1.482650076687651 0
-14.60750807361177 -1.777644804404321 0
14.60750807361178 -1.777644804404316 0
12.94434072339553 -3.081877844808831 0
-12.94434072339561 -3.081877844808783 0
-2.982095217071632 -3.096724507863957 0
2.982095230178333 -1.375011031889546 0
-1.988063498542556 -3.09672450786398 0
1.988063487427986 -1.375011031889535 0
-6.957733346286537 -3.120307556786294 0
7.950178335485878 -3.116178107722821 0
11.95655804935833 -3.084186816372256 0
-11.95655804935837 -3.084186816372247 0
1.012667197912722 -1.40421292111988 0
-0.5859890824610887 -2.275850418206922 0
2 7 0 3367
2545
2546
2547
2548
2549
2550
2551
2552
2553
2554
2555
2556
2557
2558
2559
2560
2561
2562
2563
2564
2565
2566
2567
2568
2569
2570
2571
2572
2573
2574
2575
2576
2577
2578
2579
2580
2581
2582
2583
2584
2585
2586
2587
2588
2589
2590
2591
2592
2593
2594
2595
2596
2597
2598
2599
2600
2601
2602
2603
2604
2605
2606
2607
2608
2609
2610
2611
2612
2613
2614
2615
2616
2617
2618
2619
2620
2621
2622
2623
2624
2625
2626
2627
2628
2629
2630
2631
2632
2633
2634
2635
2636
2637
2638
2639
2640
2641
2642
2643
2644
2645
2646
2647
2648
2649
2650
2651
2652
2653
2654
2655
2656
2657
2658
2659
2660
2661
2662
2663
2664
2665
2666
2667
2668
2669
2670
2671
2672
2673
2674
2675
2676
2677
2678
2679
2680
2681
2682
2683
2684
2685
2686
2687
2688
2689
2690
2691
2692
2693
2694
2695
2696
2697
2698
2699
2700
2701
2702
2703
2704
2705
2706
2707
2708
2709
2710
2711
2712
2713
2714
2715
2716
2717
2718
2719
2720
2721
2722
2723
2724
2725
2726
2727
2728
2729
2730
2731
2732
2733
2734
2735
2736
2737
2738
2739
2740
2741
2742
2743
2744
2745
2746
2747
2748
2749
2750
2751
2752
2753
2754
2755
2756
2757
2758
2759
2760
2761
2762
2763
2764
2765
2766
2767
2768
2769
2770
2771
2772
2773
2774
2775
2776
2777
2778
2779
2780
2781
2782
2783
2784
2785
2786
2787
2788
2789
2790
2791
2792
2793
2794
2795
2796
2797
2798
2799
2800
2801
2802
2803
2804
2805
2806
2807
2808
2809
2810
2811
2812
2813
2814
2815
2816
2817
2818
2819
2820
2821
2822
2823
2824
2825
2826
2827
2828
2829
2830
2831
2832
2833
2834
2835
2836
2837
2838
2839
2840
2841
2842
2843
2844
2845
2846
2847
2848
2849
2850
2851
2852
2853
2854
2855
2856
2857
2858
2859
2860
2861
2862
2863
2864
2865
2866
2867
2868
2869
2870
2871
2872
2873
2874
2875
2876
2877
2878
2879
2880
2881
2882
2883
2884
2885
2886
2887
2888
2889
2890
2891
2892
2893
2894
2895
2896
2897
2898
2899
2900
2901
2902
2903
2904
2905
2906
2907
2908
2909
2910
2911
2912
2913
2914
2915
2916
2917
2918
2919
2920
2921
2922
2923
2924
2925
2926
2927
2928
2929
2930
2931
2932
2933
2934
2935
2936
2937
2938
2939
2940
2941
2942
2943
2944
2945
2946
2947
2948
2949
2950
2951
2952
2953
2954
2955
2956
2957
2958
2959
2960
2961
2962
2963
2964
2965
2966
2967
2968
2969
2970
2971
2972
2973
2974
2975
2976
2977
2978
2979
2980
2981
2982
2983
2984
2985
2986
2987
2988
2989
2990
2991
2992
2993
2994
2995
2996
2997
2998
2999
3000
3001
3002
3003
3004
3005
3006
3007
3008
3009
3010
3011
3012
3013
3014
3015
3016
3017
3018
3019
3020
3021
3022
3023
3024
3025
3026
3027
3028
3029
3030
3031
3032
3033
3034
3035
3036
3037
3038
3039
3040
3041
3042
3043
3044
3045
3046
3047
3048
3049
3050
3051
3052
3053
3054
3055
3056
3057
3058
3059
3060
3061
3062
3063
3064
3065
3066
3067
3068
3069
3070
3071
3072
3073
3074
3075
3076
3077
3078
3079
3080
3081
3082
3083
3084
3085
3086
3087
3088
3089
3090
3091
3092
3093
3094
3095
3096
3097
3098
3099
3100
3101
3102
3103
3104
3105
3106
3107
3108
3109
3110
3111
3112
3113
3114
3115
3116
3117
3118
3119
3120
3121
3122
3123
3124
3125
3126
3127
3128
3129
3130
3131
3132
3133
3134
3135
3136
3137
3138
3139
3140
3141
3142
3143
3144
3145
3146
3147
3148
3149
3150
3151
3152
3153
3154
3155
3156
3157
3158
3159
3160
3161
3162
3163
3164
3165
3166
3167
3168
3169
3170
3171
3172
3173
3174
3175
3176
3177
3178
3179
3180
3181
3182
3183
3184
3185
3186
3187
3188
3189
3190
3191
3192
3193
3194
3195
3196
3197
3198
3199
3200
3201
3202
3203
3204
3205
3206
3207
3208
3209
3210
3211
3212
3213
3214
3215
3216
3217
3218
3219
3220
3221
3222
3223
3224
3225
3226
3227
3228
3229
3230
3231
3232
3233
3234
3235
3236
3237
3238
3239
3240
3241
3242
3243
3244
3245
3246
3247
3248
3249
3250
3251
3252
3253
3254
3255
3256
3257
3258
3259
3260
3261
3262
3263
3264
3265
3266
3267
3268
3269
3270
3271
3272
3273
3274
3275
3276
3277
3278
3279
3280
3281
3282
3283
3284
3285
3286
3287
3288
3289
3290
3291
3292
3293
3294
3295
3296
3297
3298
3299
3300
3301
3302
3303
3304
3305
3306
3307
3308
3309
3310
3311
3312
3313
3314
3315
3316
3317
3318
3319
3320
3321
3322
3323
3324
3325
3326
3327
3328
3329
3330
3331
3332
3333
3334
3335
3336
3337
3338
3339
3340
3341
3342
3343
3344
3345
3346
3347
3348
3349
3350
3351
3352
3353
3354
3355
3356
3357
3358
3359
3360
3361
3362
3363
3364
3365
3366
3367
3368
3369
3370
3371
3372
3373
3374
3375
3376
3377
3378
3379
3380
3381
3382
3383
3384
3385
3386
3387
3388
3389
3390
3391
3392
3393
3394
3395
3396
3397
3398
3399
3400
3401
3402
3403
3404
3405
3406
3407
3408
3409
3410
3411
3412
3413
3414
3415
3416
3417
3418
3419
3420
3421
3422
3423
3424
3425
3426
3427
3428
3429
3430
3431
3432
3433
3434
3435
3436
3437
3438
3439
3440
3441
3442
3443
3444
3445
3446
3447
3448
3449
3450
3451
3452
3453
3454
3455
3456
3457
3458
3459
3460
3461
3462
3463
3464
3465
3466
3467
3468
3469
3470
3471
3472
3473
3474
3475
3476
3477
3478
3479
3480
3481
3482
3483
3484
3485
3486
3487
3488
3489
3490
3491
3492
3493
3494
3495
3496
3497
3498
3499
3500
3501
3502
3503
3504
3505
3506
3507
3508
3509
3510
3511
3512
3513
3514
3515
3516
3517
3518
3519
3520
3521
3522
3523
3524
3525
3526
3527
3528
3529
3530
3531
3532
3533
3534
3535
3536
3537
3538
3539
3540
3541
3542
3543
3544
3545
3546
3547
3548
3549
3550
3551
3552
3553
3554
3555
3556
3557
3558
3559
3560
3561
3562
3563
3564
3565
3566
3567
3568
3569
3570
3571
3572
3573
3574
3575
3576
3577
3578
3579
3580
3581
3582
3583
3584
3585
3586
3587
3588
3589
3590
3591
3592
3593
3594
3595
3596
3597
3598
3599
3600
3601
3602
3603
3604
3605
3606
3607
3608
3609
3610
3611
3612
3613
3614
3615
3616
3617
3618
3619
3620
3621
3622
3623
3624
3625
3626
3627
3628
3629
3630
3631
3632
3633
3634
3635
3636
3637
3638
3639
3640
3641
3642
3643
3644
3645
3646
3647
3648
3649
3650
3651
3652
3653
3654
3655
3656
3657
3658
3659
3660
3661
3662
3663
3664
3665
3666
3667
3668
3669
3670
3671
3672
3673
3674
3675
3676
3677
3678
3679
3680
3681
3682
3683
3684
3685
3686
3687
3688
3689
3690
3691
3692
3693
3694
3695
3696
3697
3698
3699
3700
3701
3702
3703
3704
3705
3706
3707
3708
3709
3710
3711
3712
3713
3714
3715
3716
3717
3718
3719
3720
3721
3722
3723
3724
3725
3726
3727
3728
3729
3730
3731
3732
3733
3734
3735
3736
3737
3738
3739
3740
3741
3742
3743
3744
3745
3746
3747
3748
3749
3750
3751
3752
3753
3754
3755
3756
3757
3758
3759
3760
3761
3762
3763
3764
3765
3766
3767
3768
3769
3770
3771
3772
3773
3774
3775
3776
3777
3778
3779
3780
3781
3782
3783
3784
3785
3786
3787
3788
3789
3790
3791
3792
3793
3794
3795
3796
3797
3798
3799
3800
3801
3802
3803
3804
3805
3806
3807
3808
3809
3810
3811
3812
3813
3814
3815
3816
3817
3818
3819
3820
3821
3822
3823
3824
3825
3826
3827
3828
3829
3830
3831
3832
3833
3834
3835
3836
3837
3838
3839
3840
3841
3842
3843
3844
3845
3846
3847
3848
3849
3850
3851
3852
3853
3854
3855
3856
3857
3858
3859
3860
3861
3862
3863
3864
3865
3866
3867
3868
3869
3870
3871
3872
3873
3874
3875
3876
3877
3878
3879
3880
3881
3882
3883
3884
3885
3886
3887
3888
3889
3890
3891
3892
3893
3894
3895
3896
3897
3898
3899
3900
3901
3902
3903
3904
3905
3906
3907
3908
3909
3910
3911
3912
3913
3914
3915
3916
3917
3918
3919
3920
3921
3922
3923
3924
3925
3926
3927
3928
3929
3930
3931
3932
3933
3934
3935
3936
3937
3938
3939
3940
3941
3942
3943
3944
3945
3946
3947
3948
3949
3950
3951
3952
3953
3954
3955
3956
3957
3958
3959
3960
3961
3962
3963
3964
3965
3966
3967
3968
3969
3970
3971
3972
3973
3974
3975
3976
3977
3978
3979
3980
3981
3982
3983
3984
3985
3986
3987
3988
3989
3990
3991
3992
3993
3994
3995
3996
3997
3998
3999
4000
4001
4002
4003
4004
4005
4006
4007
4008
4009
4010
4011
4012
4013
4014
4015
4016
4017
4018
4019
4020
4021
4022
4023
4024
4025
4026
4027
4028
4029
4030
4031
4032
4033
4034
4035
4036
4037
4038
4039
4040
4041
4042
4043
4044
4045
4046
4047
4048
4049
4050
4051
4052
4053
4054
4055
4056
4057
4058
4059
4060
4061
4062
4063
4064
4065
4066
4067
4068
4069
4070
4071
4072
4073
4074
4075
4076
4077
4078
4079
4080
4081
4082
4083
4084
4085
4086
4087
4088
4089
4090
4091
4092
4093
4094
4095
4096
4097
4098
4099
4100
4101
4102
4103
4104
4105
4106
4107
4108
4109
4110
4111
4112
4113
4114
4115
4116
4117
4118
4119
4120
4121
4122
4123
4124
4125
4126
4127
4128
4129
4130
4131
4132
4133
4134
4135
4136
4137
4138
4139
4140
4141
4142
4143
4144
4145
4146
4147
4148
4149
4150
4151
4152
4153
4154
4155
4156
4157
4158
4159
4160
4161
4162
4163
4164
4165
4166
4167
4168
4169
4170
4171
4172
4173
4174
4175
4176
4177
4178
4179
4180
4181
4182
4183
4184
4185
4186
4187
4188
4189
4190
4191
4192
4193
4194
4195
4196
4197
4198
4199
4200
4201
4202
4203
4204
4205
4206
4207
4208
4209
4210
4211
4212
4213
4214
4215
4216
4217
4218
4219
4220
4221
4222
4223
4224
4225
4226
4227
4228
4229
4230
4231
4232
4233
4234
4235
4236
4237
4238
4239
4240
4241
4242
4243
4244
4245
4246
4247
4248
4249
4250
4251
4252
4253
4254
4255
4256
4257
4258
4259
4260
4261
4262
4263
4264
4265
4266
4267
4268
4269
4270
4271
4272
4273
4274
4275
4276
4277
4278
4279
4280
4281
4282
4283
4284
4285
4286
4287
4288
4289
4290
4291
4292
4293
4294
4295
4296
4297
4298
4299
4300
4301
4302
4303
4304
4305
4306
4307
4308
4309
4310
4311
4312
4313
4314
4315
4316
4317
4318
4319
4320
4321
4322
4323
4324
4325
4326
4327
4328
4329
4330
4331
4332
4333
4334
4335
4336
4337
4338
4339
4340
4341
4342
4343
4344
4345
4346
4347
4348
4349
4350
4351
4352
4353
4354
4355
4356
4357
4358
4359
4360
4361
4362
4363
4364
4365
4366
4367
4368
4369
4370
4371
4372
4373
4374
4375
4376
4377
4378
4379
4380
4381
4382
4383
4384
4385
4386
4387
4388
4389
4390
4391
4392
4393
4394
4395
4396
4397
4398
4399
4400
4401
4402
4403
4404
4405
4406
4407
4408
4409
4410
4411
4412
4413
4414
4415
4416
4417
4418
4419
4420
4421
4422
4423
4424
4425
4426
4427
4428
4429
4430
4431
4432
4433
4434
4435
4436
4437
4438
4439
4440
4441
4442
4443
4444
4445
4446
4447
4448
4449
4450
4451
4452
4453
4454
4455
4456
4457
4458
4459
4460
4461
4462
4463
4464
4465
4466
4467
4468
4469
4470
4471
4472
4473
4474
4475
4476
4477
4478
4479
4480
4481
4482
4483
4484
4485
4486
4487
4488
4489
4490
4491
4492
4493
4494
4495
4496
4497
4498
4499
4500
4501
4502
4503
4504
4505
4506
4507
4508
4509
4510
4511
4512
4513
4514
4515
4516
4517
4518
4519
4520
4521
4522
4523
4524
4525
4526
4527
4528
4529
4530
4531
4532
4533
4534
4535
4536
4537
4538
4539
4540
4541
4542
4543
4544
4545
4546
4547
4548
4549
4550
4551
4552
4553
4554
4555
4556
4557
4558
4559
4560
4561
4562
4563
4564
4565
4566
4567
4568
4569
4570
4571
4572
4573
4574
4575
4576
4577
4578
4579
4580
4581
4582
4583
4584
4585
4586
4587
4588
4589
4590
4591
4592
4593
4594
4595
4596
4597
4598
4599
4600
4601
4602
4603
4604
4605
4606
4607
4608
4609
4610
4611
4612
4613
4614
4615
4616
4617
4618
4619
4620
4621
4622
4623
4624
4625
4626
4627
4628
4629
4630
4631
4632
4633
4634
4635
4636
4637
4638
4639
4640
4641
4642
4643
4644
4645
4646
4647
4648
4649
4650
4651
4652
4653
4654
4655
4656
4657
4658
4659
4660
4661
4662
4663
4664
4665
4666
4667
4668
4669
4670
4671
4672
4673
4674
4675
4676
4677
4678
4679
4680
4681
4682
4683
4684
4685
4686
4687
4688
4689
4690
4691
4692
4693
4694
4695
4696
4697
4698
4699
4700
4701
4702
4703
4704
4705
4706
4707
4708
4709
4710
4711
4712
4713
4714
4715
4716
4717
4718
4719
4720
4721
4722
4723
4724
4725
4726
4727
4728
4729
4730
4731
4732
4733
4734
4735
4736
4737
4738
4739
4740
4741
4742
4743
4744
4745
4746
4747
4748
4749
4750
4751
4752
4753
4754
4755
4756
4757
4758
4759
4760
4761
4762
4763
4764
4765
4766
4767
4768
4769
4770
4771
4772
4773
4774
4775
4776
4777
4778
4779
4780
4781
4782
4783
4784
4785
4786
4787
4788
4789
4790
4791
4792
4793
4794
4795
4796
4797
4798
4799
4800
4801
4802
4803
4804
4805
4806
4807
4808
4809
4810
4811
4812
4813
4814
4815
4816
4817
4818
4819
4820
4821
4822
4823
4824
4825
4826
4827
4828
4829
4830
4831
4832
4833
4834
4835
4836
4837
4838
4839
4840
4841
4842
4843
4844
4845
4846
4847
4848
4849
4850
4851
4852
4853
4854
4855
4856
4857
4858
4859
4860
4861
4862
4863
4864
4865
4866
4867
4868
4869
4870
4871
4872
4873
4874
4875
4876
4877
4878
4879
4880
4881
4882
4883
4884
4885
4886
4887
4888
4889
4890
4891
4892
4893
4894
4895
4896
4897
4898
4899
4900
4901
4902
4903
4904
4905
4906
4907
4908
4909
4910
4911
4912
4913
4914
4915
4916
4917
4918
4919
4920
4921
4922
4923
4924
4925
4926
4927
4928
4929
4930
4931
4932
4933
4934
4935
4936
4937
4938
4939
4940
4941
4942
4943
4944
4945
4946
4947
4948
4949
4950
4951
4952
4953
4954
4955
4956
4957
4958
4959
4960
4961
4962
4963
4964
4965
4966
4967
4968
4969
4970
4971
4972
4973
4974
4975
4976
4977
4978
4979
4980
4981
4982
4983
4984
4985
4986
4987
4988
4989
4990
4991
4992
4993
4994
4995
4996
4997
4998
4999
5000
5001
5002
5003
5004
5005
5006
5007
5008
5009
5010
5011
5012
5013
5014
5015
5016
5017
5018
5019
5020
5021
5022
5023
5024
5025
5026
5027
5028
5029
5030
5031
5032
5033
5034
5035
5036
5037
5038
5039
5040
5041
5042
5043
5044
5045
5046
5047
5048
5049
5050
5051
5052
5053
5054
5055
5056
5057
5058
5059
5060
5061
5062
5063
5064
5065
5066
5067
5068
5069
5070
5071
5072
5073
5074
5075
5076
5077
5078
5079
5080
5081
5082
5083
5084
5085
5086
5087
5088
5089
5090
5091
5092
5093
5094
5095
5096
5097
5098
5099
5100
5101
5102
5103
5104
5105
5106
5107
5108
5109
5110
5111
5112
5113
5114
5115
5116
5117
5118
5119
5120
5121
5122
5123
5124
5125
5126
5127
5128
5129
5130
5131
5132
5133
5134
5135
5136
5137
5138
5139
5140
5141
5142
5143
5144
5145
5146
5147
5148
5149
5150
5151
5152
5153
5154
5155
5156
5157
5158
5159
5160
5161
5162
5163
5164
5165
5166
5167
5168
5169
5170
5171
5172
5173
5174
5175
5176
5177
5178
5179
5180
5181
5182
5183
5184
5185
5186
5187
5188
5189
5190
5191
5192
5193
5194
5195
5196
5197
5198
5199
5200
5201
5202
5203
5204
5205
5206
5207
5208
5209
5210
5211
5212
5213
5214
5215
5216
5217
5218
5219
5220
5221
5222
5223
5224
5225
5226
5227
5228
5229
5230
5231
5232
5233
5234
5235
5236
5237
5238
5239
5240
5241
5242
5243
5244
5245
5246
5247
5248
5249
5250
5251
5252
5253
5254
5255
5256
5257
5258
5259
5260
5261
5262
5263
5264
5265
5266
5267
5268
5269
5270
5271
5272
5273
5274
5275
5276
5277
5278
5279
5280
5281
5282
5283
5284
5285
5286
5287
5288
5289
5290
5291
5292
5293
5294
5295
5296
5297
5298
5299
5300
5301
5302
5303
5304
5305
5306
5307
5308
5309
5310
5311
5312
5313
5314
5315
5316
5317
5318
5319
5320
5321
5322
5323
5324
5325
5326
5327
5328
5329
5330
5331
5332
5333
5334
5335
5336
5337
5338
5339
5340
5341
5342
5343
5344
5345
5346
5347
5348
5349
5350
5351
5352
5353
5354
5355
5356
5357
5358
5359
5360
5361
5362
5363
5364
5365
5366
5367
5368
5369
5370
5371
5372
5373
5374
5375
5376
5377
5378
5379
5380
5381
5382
5383
5384
5385
5386
5387
5388
5389
5390
5391
5392
5393
5394
5395
5396
5397
5398
5399
5400
5401
5402
5403
5404
5405
5406
5407
5408
5409
5410
5411
5412
5413
5414
5415
5416
5417
5418
5419
5420
5421
5422
5423
5424
5425
5426
5427
5428
5429
5430
5431
5432
5433
5434
5435
5436
5437
5438
5439
5440
5441
5442
5443
5444
5445
5446
5447
5448
5449
5450
5451
5452
5453
5454
5455
5456
5457
5458
5459
5460
5461
5462
5463
5464
5465
5466
5467
5468
5469
5470
5471
5472
5473
5474
5475
5476
5477
5478
5479
5480
5481
5482
5483
5484
5485
5486
5487
5488
5489
5490
5491
5492
5493
5494
5495
5496
5497
5498
5499
5500
5501
5502
5503
5504
5505
5506
5507
5508
5509
5510
5511
5512
5513
5514
5515
5516
5517
5518
5519
5520
5521
5522
5523
5524
5525
5526
5527
5528
5529
5530
5531
5532
5533
5534
5535
5536
5537
5538
5539
5540
5541
5542
5543
5544
5545
5546
5547
5548
5549
5550
5551
5552
5553
5554
5555
5556
5557
5558
5559
5560
5561
5562
5563
5564
5565
5566
5567
5568
5569
5570
5571
5572
5573
5574
5575
5576
5577
5578
5579
5580
5581
5582
5583
5584
5585
5586
5587
5588
5589
5590
5591
5592
5593
5594
5595
5596
5597
5598
5599
5600
5601
5602
5603
5604
5605
5606
5607
5608
5609
5610
5611
5612
5613
5614
5615
5616
5617
5618
5619
5620
5621
5622
5623
5624
5625
5626
5627
5628
5629
5630
5631
5632
5633
5634
5635
5636
5637
5638
5639
5640
5641
5642
5643
5644
5645
5646
5647
5648
5649
5650
5651
5652
5653
5654
5655
5656
5657
5658
5659
5660
5661
5662
5663
5664
5665
5666
5667
5668
5669
5670
5671
5672
5673
5674
5675
5676
5677
5678
5679
5680
5681
5682
5683
5684
5685
5686
5687
5688
5689
5690
5691
5692
5693
5694
5695
5696
5697
5698
5699
5700
5701
5702
5703
5704
5705
5706
5707
5708
5709
5710
5711
5712
5713
5714
5715
5716
5717
5718
5719
5720
5721
5722
5723
5724
5725
5726
5727
5728
5729
5730
5731
5732
5733
5734
5735
5736
5737
5738
5739
5740
5741
5742
5743
5744
5745
5746
5747
5748
5749
5750
5751
5752
5753
5754
5755
5756
5757
5758
5759
5760
5761
5762
5763
5764
5765
5766
5767
5768
5769
5770
5771
5772
5773
5774
5775
5776
5777
5778
5779
5780
5781
5782
5783
5784
5785
5786
5787
5788
5789
5790
5791
5792
5793
5794
5795
5796
5797
5798
5799
5800
5801
5802
5803
5804
5805
5806
5807
5808
5809
5810
5811
5812
5813
5814
5815
5816
5817
5818
5819
5820
5821
5822
5823
5824
5825
5826
5827
5828
5829
5830
5831
5832
5833
5834
5835
5836
5837
5838
5839
5840
5841
5842
5843
5844
5845
5846
5847
5848
5849
5850
5851
5852
5853
5854
5855
5856
5857
5858
5859
5860
5861
5862
5863
5864
5865
5866
5867
5868
5869
5870
5871
5872
5873
5874
5875
5876
5877
5878
5879
5880
5881
5882
5883
5884
5885
5886
5887
5888
5889
5890
5891
5892
5893
5894
5895
5896
5897
5898
5899
5900
5901
5902
5903
5904
5905
5906
5907
5908
5909
5910
5911
-0.473645219575321 -10.1763452210152 0
0.4237878280410801 -10.17787159349579 0
1.224600770612191 -10.1802319175557 0
-1.225835845264262 -10.18624297904775 0
-0.02492869576712241 -10.17847537386859 0
0.8267156691134874 -10.17634289602346 0
-0.8712888101737017 -10.17939212017612 0
-15.1599315754083 -19.38632190166349 0
15.0307444097788 -19.40180691297539 0
4.489567607978091 -29.77659148495076 0
-4.454839697386743 -29.6520971420157 0
1.488675859756093 -9.863408031265458 0
1.487689240283885 -9.270771121143191 0
1.490399394189277 -8.676305954917613 0
1.491505394925992 -8.130770549751237 0
1.490256493588685 -7.68829143152109 0
1.492845403758819 -9.567069444284375 0
1.489827931096299 -8.971544614913984 0
-1.49087296744859 -9.861841768577326 0
-1.487808546313957 -9.270194413153355 0
-1.491694195514081 -8.67581194265566 0
-1.489796543752867 -8.135856683235041 0
-1.490321138420721 -7.695630442436109 0
-1.492612477962657 -8.972347209160619 0
-1.489136933297656 -9.573043863995165 0
-1.492140205176816 -8.429245721335587 0
1.495040878419479 -8.427231452154713 0
15.12339134222156 -15.56030124978825 0
-15.10101487493107 -15.56028800148073 0
-8.449269821569033 -5.332592290452496 0
8.491342763456675 -5.341652852998468 0
0.4721691998399593 -29.7140295705779 0
-0.6730747857123029 -10.17642146562511 0
1.026746133094831 -10.18018099661187 0
0.1769725543617872 -10.18113682675455 0
0.6232173941780589 -10.17847537386859 0
-0.2703756131890296 -10.17686076349816 0
1.497971387990331 -7.938367128404091 0
-1.495907060680453 -7.933581863604759 0
-8.358124508621882 -29.68255585767354 0
8.449131877386099 -29.71034467339519 0
-15.12314658893497 -11.70541159282656 0
15.11694190149101 -11.71137153622221 0
-14.96860078572831 -23.37877486734476 0
15.02164107906392 -23.15468527861345 0
5.446187622770304 -5.31208610439497 0
-5.404934570178769 -5.262921521532235 0
-11.45882759499796 -29.633272879578 0
-11.4841929424786 -5.377151180779524 0
11.38953156144414 -29.67084766473017 0
11.40872197589411 -5.218871651834567 0
0.473645219575324 -7.422658557093943 0
0.8226469603150377 -7.422658557093943 0
1.171648701054751 -7.422658557093943 0
0.1265744021926057 -7.410775866682378 0
-0.2173327041993436 -7.40952289758739 0
-0.5733600026438221 -7.420473490990432 0
-0.924866232313144 -7.417316966447919 0
-1.216520353435557 -7.428998680736719 0
14.87048849841954 -8.937015709524085 0
-15.07873883705355 -8.863955542842525 0
-15.08731496907672 -26.17321425059768 0
15.06965092788132 -26.16195592470467 0
-3.581556268224705 -5.305896551655096 0
3.282038282181415 -5.196777691574248 0
-15.08918810862152 -17.47317961241437 0
-15.11312814994274 -13.7124527900449 0
15.12911241572036 -17.46668192450418 0
2.48507935928501 -29.63914325777553 0
-6.461206334141024 -29.63914325777553 0
-2.515958763774603 -29.66291330837043 0
6.420082369667468 -29.66961782698048 0
15.10880017686809 -13.5809435719874 0
-15.14953543149402 -21.3914716299686 0
15.05125959539665 -21.41888845970598 0
13.36096376139763 -5.298036613202253 0
-13.45041917740027 -5.285921465421451 0
13.41336551294154 -29.61987707057053 0
-13.41583363663095 -29.63951269135953 0
1.518814892438322 -5.276798351380091 0
-1.416683016199328 -5.196097193013937 0
-15.14682124288714 -6.854018572956454 0
15.06965092788132 -6.881760034503209 0
15.12796437125403 -28.03098915797945 0
-15.09882264900492 -28.03778521712146 0
-2.569967933930333 -5.18549672611757 0
-3.024243869047456 -6.055934675323734 0
-3.597928678232535 -5.931445590621207 0
-3.313464324037266 -6.481202458435403 0
-3.855276380203382 -6.519972309128311 0
-3.534777489583374 -7.029562692120633 0
-4.056187253231264 -7.031855567296205 0
-3.796994943453789 -7.453688926161077 0
-4.246962634698061 -7.488034483336208 0
-3.967408269507117 -7.855173955710351 0
-4.41521484041033 -7.913957944298298 0
-4.100414735382681 -8.277423050018726 0
-4.579906710668683 -8.326653612508164 0
-4.339709303736629 -8.652514913360577 0
-4.736660122724624 -8.717445311290437 0
-4.493109636781162 -9.024969974364945 0
-4.880134303367453 -9.091247541834056 0
-4.607217302374753 -9.405660824734952 0
-5.019119849657522 -9.45736559247959 0
-4.80460473235706 -9.755983085187236 0
-5.180156717355351 -9.809067373287274 0
-4.949348369174843 -10.11528608636639 0
-5.332561617537333 -10.1653579008564 0
-5.092636960343807 -10.47854919594045 0
-5.488326583058805 -10.53141260146472 0
-5.234293673374371 -10.85959088794595 0
-5.650963855095828 -10.91201224538286 0
-5.385718265124864 -11.25435267163633 0
-5.825682689725727 -11.29420229741613 0
-5.590773163300677 -11.68799250900584 0
-5.122286986152173 -11.60168597793562 0
-5.274286124194268 -11.99549957723967 0
-4.869099032101946 -11.95007484431756 0
-5.008318070022828 -12.33674192776332 0
-4.602702342356614 -12.29276629387007 0
-4.738857305357753 -12.6726875941221 0
-4.314991042844549 -12.61325778087488 0
-4.468151807556754 -13.00580839818394 0
-4.066003115759832 -12.95852806549168 0
-4.202917747135722 -13.34213011183678 0
-3.794275721204734 -13.28122583058442 0
-3.934625223577327 -13.67550724664485 0
-3.504361672095505 -13.60446460383144 0
-3.661414141374626 -14.00847758761971 0
-3.233473537762125 -13.929785389843 0
-3.392319474549578 -14.34500846545744 0
-2.964031338539694 -14.27923588234935 0
-3.121174873464334 -14.69042213843889 0
-2.682653116027276 -14.61339750736096 0
-2.84207420299413 -15.03957876792838 0
-2.390637081323489 -14.96994721801636 0
-2.55677881193926 -15.4024542946321 0
-2.09055376890369 -15.32961095645322 0
-2.262480408122579 -15.77397131869976 0
-1.7732802755704 -15.69771848008183 0
-2.764008464848033 -15.87521645290886 0
-4.114236688161191 -14.12963010271258 0
-1.96718777769624 -16.15810782369868 0
-1.451678067281808 -16.08091654887537 0
-1.654946470856276 -16.56217740530523 0
-1.131025231906733 -16.4800191837336 0
-0.9423486834753478 -15.99728859755213 0
-0.6212010347769037 -16.39574991997952 0
-0.4408460746154066 -15.90778789722964 0
-0.1151727104014001 -16.30655465501653 0
0.08204283857917898 -15.83488358765668 0
0.3925460574431441 -16.22488833100343 0
0.5896954520103812 -15.75369157081528 0
0.8934371694521659 -16.11695115851873 0
1.083212552673712 -15.65569654979346 0
1.392560062587362 -16.0294941800871 0
1.575879536025895 -15.57542345388337 0
1.899522085694225 -15.97411438774611 0
2.08762033744752 -15.48289500860643 0
2.419975843872998 -15.88963797575162 0
2.593382350127727 -15.40124299613752 0
2.229997432377122 -16.3928380491342 0
-0.2951573718914796 -16.7850881744471 0
2.7691905295305 -16.30078278779723 0
2.572250157594046 -16.82126251804848 0
3.129295869895786 -16.7256102640601 0
-5.378954485061961 -12.43139457686509 0
2.946850494893437 -17.25042108984203 0
3.508548762369673 -17.16362065979137 0
-2.245331453718685 -14.57446008818124 0
3.319410597955275 -17.70746868608775 0
3.899264706933653 -17.61894909256833 0
4.076921183954658 -17.07140644096773 0
3.682658037991598 -18.19178204218947 0
4.299839718561971 -18.09216024948304 0
0.7754719362170521 -15.28211149668206 0
4.080986451477846 -18.68763678358934 0
4.736420280360069 -18.56685801303081 0
-3.085379417059587 -13.49890432724492 0
2.273899992545014 -15.00050722082884 0
2.771565612079842 -14.9212907027777 0
3.461057756201181 -18.72957535126537 0
4.494624958415821 -19.19497861185778 0
-6.094941625415362 -10.94875800389672 0
5.171916415897153 -19.06967341494817 0
2.450912096353219 -14.53555519854696 0
2.941637347022364 -14.44635152128465 0
-4.580202646963989 -9.992076757766965 0
4.934918172366801 -19.70809136519309 0
5.596162145992441 -19.60658938571227 0
5.8402098929121 -18.95268332826288 0
2.621374643187589 -14.07411099176791 0
3.12484611113168 -13.98844053812322 0
-3.864529092457098 -12.58610407419135 0
5.372127673946599 -20.251195049912 0
6.047406300925893 -20.14989760286341 0
2.737732526840914 -13.57843084438802 0
3.301729973573622 -13.50538417893822 0
5.802841665282631 -20.79349746426212 0
5.097552874056896 -20.80092524949686 0
6.518209456091646 -20.70734166481246 0
-5.394958793068636 -9.482068420963435 0
2.961948062522997 -13.13076345168092 0
3.4714840413051 -13.03123190706235 0
2.514138885189592 -13.17166321117522 0
3.832028382693723 -13.43934308855862 0
4.037587025408291 -12.91966012071457 0
4.399796672457719 -13.35510102951623 0
4.611749608439941 -12.80454376669249 0
4.98900590746259 -13.26074383055243 0
5.192891357432655 -12.68703110750617 0
5.597122253256656 -13.15870320640387 0
4.759953987571305 -12.28406790876984 0
5.805784485176601 -12.56635237504376 0
6.22912739741177 -13.05776485761985 0
6.447946216607831 -12.43682156624253 0
6.886738048397992 -12.9510358904873 0
7.09693854648153 -12.32088264992839 0
-4.080582394882728 -8.929792877669531 0
6.160318091377266 -21.4493323411411 0
6.997967150899745 -21.28639877498833 0
7.247847991016564 -20.58649176751648 0
2.662613803763077 -12.79128747472904 0
2.266843028785558 -12.86411213797443 0
-6.280775588839757 -11.37855227730952 0
-6.572988440967142 -10.99087165176899 0
-6.771732373216378 -11.475041309511 0
-7.090268582720832 -11.03984105812215 0
-7.300570124727562 -11.5250944755743 0
-7.630624663837729 -11.08761936681343 0
-7.859233434448575 -11.614383090566 0
-8.205332582892396 -11.14242889589383 0
-8.438356085521507 -11.68078066782245 0
-8.083713274083912 -12.16218930071781 0
7.567387105199522 -12.82816327983583 0
7.808209650548586 -12.04249932215803 0
-8.675905585423061 -12.23564153983124 0
-8.305606331836767 -12.7212797031007 0
2.385550055964659 -12.51586511191072 0
2.038514855283453 -12.56854301596958 0
-8.913316310155858 -12.80084502762063 0
-8.523356701147042 -13.31232036954767 0
2.139495067586915 -12.26020881737072 0
1.835308059144012 -12.30135423650635 0
-5.011442924025431 -8.370175695545392 0
6.751164030446104 -21.99376274086196 0
7.518029768083696 -21.86843379270211 0
-8.806214470055195 -11.19972226294092 0
1.957924704868697 -12.01858323795642 0
1.65861613699941 -12.05387193109087 0
1.540964730421629 -12.3376148446252 0
1.365528977905718 -12.13304786058055 0
1.252334656387526 -12.37746688623425 0
1.082553097687384 -12.16331082267874 0
0.9790189158684866 -12.41610922203775 0
0.8074728474077679 -12.19986039166622 0
0.70742500328302 -12.45497032232157 0
0.5349852987645718 -12.24256403732187 0
0.4224080064127862 -12.49699403841221 0
0.2692951020540075 -12.27737773314779 0
0.3757626521820951 -12.05580987587187 0
0.120898185346073 -12.0908519689515 0
0.01643458315899708 -12.30276687467189 0
-0.1250251524358568 -12.10349781232567 0
-0.0182441405720076 -11.88345731711457 0
-0.261199272719019 -11.90878084575337 0
-0.3625424885002203 -12.11632026470755 0
-0.4816011485994683 -11.93188237988798 0
-0.5952750925672263 -12.13210902482415 0
-0.709241736074619 -11.90104161128832 0
-0.3784068313286942 -11.74959827249594 0
1.217567386930978 -11.92263018607139 0
2.21999446164189 -11.96031214559743 0
-0.8301210269281529 -12.15024774383667 0
-0.9630483302811375 -11.95075827997833 0
-0.6962851106275509 -12.35368040109784 0
-9.160429557856816 -13.38759736516855 0
-8.75412783478448 -13.91936937178007 0
6.641297403279236 -11.82637311764184 0
7.325141240802464 -13.4872042205636 0
8.03925798647775 -13.37020451165161 0
2.057853127823101 -11.74209983338768 0
2.305127906818016 -11.67281484471152 0
7.773521100092165 -14.03845386606638 0
8.491767042531194 -13.923393610171 0
-1.067918658367615 -12.16901851337835 0
-1.196437305695766 -11.96993554967945 0
-1.102157147158363 -11.75363243711637 0
-1.321658740487623 -11.77824837224935 0
-1.23102434406496 -11.58438924768059 0
-1.434825535015624 -11.6004786685941 0
-1.533030014248385 -11.78675067693646 0
-1.639541701420366 -11.61053599871154 0
-1.337365834246426 -11.42314125940591 0
-1.746560027725299 -11.79367384544222 0
-1.859094340217233 -11.61047856590869 0
-9.4145306960004 -13.98803798632863 0
-9.004269526327828 -14.52703129547306 0
8.229641835021827 -14.6034319175645 0
7.247163997637268 -22.60768853350917 0
6.472977444707543 -22.7402989344458 0
8.038100998523777 -22.47801468937077 0
2.123769442652436 -11.46419645567101 0
2.382211007873456 -11.41195326975371 0
-9.684855912012608 -14.60620441282248 0
-9.258334826045836 -15.14470869697574 0
-8.589576721918531 -15.05700356138911 0
-8.835447698968697 -15.67438142447638 0
-8.174693204557222 -15.58109644939007 0
-8.422452936824865 -16.20264059388571 0
-7.766028716016958 -16.10130525870823 0
-8.00716344940995 -16.72623075403138 0
-8.680178894387772 -16.83165436977644 0
-8.252153179411625 -17.36913714193687 0
-7.57440311961648 -17.25962201466728 0
-7.818167987993792 -17.90862351878754 0
-7.132858606201938 -17.79948567696902 0
-7.381759952112955 -18.43767425725929 0
-6.71078764439148 -18.3540128797431 0
-6.927430161509389 -18.96787917806008 0
-6.266286751731801 -18.89695372104546 0
-6.481744134081332 -19.52801707896426 0
-5.796148145860493 -19.42814132137151 0
-6.048087125187251 -20.09567477031518 0
-5.338435338767708 -19.98220011110022 0
-6.72936394315541 -20.18319452882911 0
-5.563515506907708 -20.63793082289712 0
-4.854043319350871 -20.54218374624776 0
-5.095939746422085 -21.20893882477442 0
-4.370307696667872 -21.11248145280976 0
-8.046496705380829 -18.52591431894179 0
-4.663722529337874 -21.81614344088607 0
-3.904920585731956 -21.6969537380321 0
-5.529531509707559 -21.87421090618938 0
-4.18428703149185 -22.41234156806934 0
-3.428229326681516 -22.28807591478343 0
-3.155012454304116 -21.57397494688522 0
-2.676696538186464 -22.16154519670412 0
-2.410394907039785 -21.44775280916722 0
-1.928327426237392 -22.02950756491934 0
-2.187600861028728 -22.75154401919445 0
-1.42780791334098 -22.61879374830217 0
-1.674198024222952 -21.3209936090197 0
2.216932856937845 -11.21923808948701 0
2.456046754700708 -11.16874535808529 0
2.306201314185296 -10.99271093559376 0
2.53009156231635 -10.93690114076614 0
2.381393967528283 -10.76212704361276 0
2.606281135466644 -10.70483851027156 0
2.444046851023586 -10.53283553345096 0
2.688961670357966 -10.46684471391749 0
2.507709451438104 -10.27003844700576 0
2.77622498155725 -10.21083737533764 0
2.558911241207545 -10.01761068795716 0
2.863334130164411 -9.942924789375468 0
2.63100161360077 -9.705111617022986 0
2.963092658716904 -9.65392764815129 0
2.759885375863119 -9.425195281395862 0
3.07780978880418 -9.35473527289925 0
2.861137225328554 -9.113863732703702 0
3.196468711719873 -9.042577589710948 0
2.922425619670761 -8.768788992534226 0
3.32081438457153 -9.621000091015313 0
2.085318649820267 -11.02613569337942 0
8.946643637252798 -14.49448844464638 0
9.261137454980229 -13.86865245466851 0
8.695059348288737 -15.18747010861381 0
-1.691141209478798 -23.35513612966995 0
-0.9077041859549679 -23.21952917795615 0
3.324577463013929 -8.706309271769596 0
3.066231413225186 -8.420426287884601 0
-7.388662205907303 -10.60630705854513 0
2.963489023816573 -10.43060401232422 0
0.8757491708254503 -12.63759779580857 0
-9.536741903351857 -12.88219957571079 0
6.964231951329629 -23.36185996931119 0
6.192727395920474 -23.50389346255544 0
-9.947112411488954 -15.22879694359882 0
-1.973680756794804 -11.80540830951719 0
-2.092610813975434 -11.6062664678777 0
-1.978265945219813 -11.42669628760582 0
-2.209565046395912 -11.41011372306441 0
-2.069354069784621 -11.21596320986582 0
-2.315988226361042 -11.21265781808983 0
-2.212566571937895 -11.01814978308137 0
-2.42797259785222 -11.01926326107705 0
-2.324282317134008 -10.83546878592465 0
-2.540769334726567 -10.8324586641572 0
-2.434591622636546 -10.6501983122669 0
-2.649603264637137 -10.64796693233514 0
-2.542877826230308 -10.46522865256656 0
-2.761959766495049 -10.83622128722462 0
-2.001547786241185 -11.0020695710813 0
-2.757978674869772 -10.46309432466415 0
-2.64998513759678 -10.27888944443638 0
9.438388428718865 -15.0569395833166 0
9.17405707742607 -15.76992122803926 0
-3.589098470517019 -7.781939180193716 0
-2.445725658437377 -10.28407930417452 0
-2.546690356223036 -10.11178682807668 0
-1.49080792760185 -10.10946596060937 0
-1.486822217188281 -10.16273380212235 0
-1.37107826719173 -10.17794126833774 0
-1.538978817821672 -10.13521717055819 0
-1.540257100590393 -10.19569831789229 0
-1.597044529247282 -10.16383992734534 0
-1.59795530617504 -10.23324035967338 0
-1.185447573744461 -23.97273899549994 0
-0.3948267441419534 -23.83007838528754 0
-1.971117584132193 -24.10903088168691 0
-0.11887604488644 -23.07760390773523 0
0.3957895200935735 -23.68774009208691 0
-2.868850128655026 -10.27202800928648 0
-4.639210687729244 -19.8890594693505 0
2.715519661812944 -11.12071289375759 0
-1.661329745740664 -10.19660393520531 0
-1.663445158234284 -10.27530790248312 0
-1.59223753270274 -10.31261530521093 0
-6.514938495631537 -17.68045562994134 0
-1.658660460899778 -10.12128785516934 0
-1.862496219730372 -12.00171634141428 0
3.458454124419057 -8.319730524083685 0
3.742373503472267 -8.648163286583205 0
9.917514471773888 -15.66209923087114 0
9.658712479829521 -16.38142180470702 0
-7.525254961622493 -15.49952823295536 0
2.45419145237695 -17.3999335493519 0
0.6632141468548545 -22.93659609361236 0
1.192304772317919 -23.54217409450239 0
-2.094923770130309 -12.01926605614742 0
-1.958817854163457 -12.2373077645054 0
-2.441693620706758 -11.39387742872493 0
6.683082991352516 -24.13198203308357 0
5.856600985870068 -24.26744949952669 0
0.9129815016299225 -24.30849576639573 0
5.373121495919017 -13.71745584017694 0
-1.15367437922682 -11.40703906390137 0
-1.249617720903487 -11.26058107485329 0
-1.085108232982574 -11.24649741660442 0
-1.176658673423688 -11.11175940654207 0
-1.021446755204283 -11.09853965212093 0
-1.106569712015911 -10.97984936394711 0
-0.9668287193655563 -10.96660772866698 0
-1.037809847170309 -10.86054297892262 0
-0.9110673166383785 -10.84612252781071 0
-0.8365266759644818 -10.94940728695821 0
-0.7813401766969925 -10.83369529122408 0
-0.7111377371444525 -10.93347457117388 0
-0.6579632356820359 -10.82237283910535 0
-0.5889215280833731 -10.91832135333982 0
-0.5452116818521664 -10.80977708750045 0
-0.4699059930886343 -10.90261940200961 0
-0.4302914064292944 -10.78204455935683 0
-0.3532016416126015 -10.88308884846221 0
-0.305135078153281 -10.7775491857437 0
-0.2356066060401529 -10.86830200612974 0
-0.1875839258793857 -10.76551613488749 0
-0.1193656614997318 -10.85758536166089 0
-0.07332210235832784 -10.75688276016346 0
-0.005002782389692749 -10.84318452729113 0
0.04075718684516839 -10.74416469035962 0
0.108809014993455 -10.82916025019409 0
0.1523656680705734 -10.72690335799494 0
0.2216875663409243 -10.8162628038053 0
0.2662133996328426 -10.71003993985369 0
0.3407264523800576 -10.79733182304912 0
0.2914558820362796 -10.91166068272988 0
0.4120148351017934 -10.89469511374442 0
0.4599564553685328 -10.7791015598889 0
0.5320199612630254 -10.87588984090009 0
0.5782259586756311 -10.76318074752168 0
0.6527164662407745 -10.85777067484097 0
0.6986075071060278 -10.74469119281104 0
0.7733529768693364 -10.83666914822597 0
0.6120522526765072 -10.97372808333303 0
0.8205935885750486 -10.72502585325934 0
0.8959577809323155 -10.81923931602132 0
-1.172069516530371 -10.86314518913062 0
0.943658559717755 -10.70579565590042 0
1.019856959415508 -10.8027972304171 0
-0.9787413326087017 -10.74340118957984 0
7.95829557683853 -15.31298008612025 0
-10.37886717062488 -14.68366453030507 0
-10.66167745606821 -15.33458161822512 0
1.067153273664221 -10.66898374232897 0
1.143790756594899 -10.77675800858721 0
1.189911936624902 -10.66497705701609 0
-1.461911552945723 -24.74001336118747 0
-2.268326910859944 -24.88240604609683 0
-1.72917868352226 -10.15583934548941 0
-1.726182274412816 -10.07152735889655 0
-1.662752543976425 -10.36012742091274 0
-1.585203679386064 -10.4038730120936 0
-0.6094682446834896 -10.72168911213102 0
-0.03996464067112813 -10.94943724000147 0
-0.3698607767053657 -10.67306702192398 0
3.888235026393969 -8.209469463219737 0
4.210991675184547 -8.599029571098185 0
-0.1349839389393896 -10.66592606786453 0
10.43767487552758 -16.24730802942633 0
10.16147673457007 -16.99121045131192 0
10.71327755603293 -15.50319802318748 0
0.9612490911750027 -10.91797080282674 0
2.069953086034762 -13.24578885960933 0
2.249621204937676 -10.61337031292943 0
0.5109160546089672 -10.67036925642196 0
-2.1537855158618 -20.75771584934212 0
-1.426555001400053 -20.6374396956439 0
-1.890201581366044 -20.09143548857444 0
-1.194528063749051 -19.9777855269137 0
0.08709491699491308 -10.65110797820868 0
-7.919578886724678 -13.23049164668926 0
1.269363043635423 -10.7608717720759 0
1.31815391131805 -10.62231762570098 0
1.37107826719173 -10.17847537386859 0
1.477605957393965 -22.61141919056148 0
6.389268294725896 -24.91473645550224 0
7.209750514186795 -24.78523763228511 0
5.555013471724129 -25.04608821666601 0
-1.8085855380376 -10.11549948113483 0
-1.804246376525091 -10.0169368242644 0
9.377197032884643 -17.12199335169801 0
9.878185463961907 -17.74323362268309 0
10.67489660378572 -17.6138653214863 0
10.38414856007808 -18.37832383231086 0
3.205553612508103 -14.8197211722905 0
3.17460747423452 -8.039950199908597 0
-2.232247072365074 -12.24909386605768 0
-2.060922494630413 -12.48346723655706 0
2.712740127683736 -8.504851715169735 0
-3.062955224681156 -6.925612280572764 0
0.7442220736739609 -10.62412097503898 0
2.567652333364086 -9.201719465350603 0
-11.10550986304303 -14.76111525065501 0
-11.39232068919021 -15.45457333788117 0
4.363293326693506 -8.104577449505694 0
4.736294862362072 -8.527429033222651 0
-1.662207357262273 -10.45567795864345 0
-1.750106952087195 -10.40511487874737 0
-1.569143115342005 -10.50361621768022 0
-1.502077027799976 -10.43918385606506 0
5.469171328624378 -23.53004169718547 0
2.393355015755689 -9.830734799885366 0
-1.763968310369172 -25.51803465871312 0
-2.578439667159432 -25.66333655093709 0
-10.9365158405775 -16.00197991117063 0
-0.2135972012280945 -15.41843693601381 0
1.726369138840853 -24.15736574368057 0
1.43998398558616 -24.94092138903339 0
-4.675605960855327 -11.59019744373067 0
11.19715494717753 -18.24889247582092 0
10.89854739162575 -19.02157223044622 0
-1.894137063404465 -10.06179726541046 0
-1.887164056836145 -9.95752499569231 0
-0.6372895109881029 -11.02722532215455 0
-1.635327515876812 -19.45130861461807 0
-0.9699975636449325 -19.33905314564628 0
-0.5306805592050319 -19.84825579755716 0
-0.3051296300019847 -19.22214957271001 0
0.1186738100250762 -19.71899956835464 0
2.757884178650496 -12.37069309345778 0
6.924350317016438 -25.58143328345077 0
7.770158883209088 -25.44768008629287 0
0.9789673341943659 -10.6148938683473 0
1.394754371815859 -10.74150505762804 0
1.448226517897449 -10.61807525308022 0
1.330067146411372 -10.86351593621003 0
4.946632430053586 -7.886516091130969 0
5.313223625088826 -8.408131140503508 0
5.086700470506765 -8.97982361893132 0
5.71654060140098 -8.887456680896202 0
5.951283528702255 -8.28837085684472 0
6.382503001731761 -8.798741928414092 0
-11.68605905665879 -16.16069358487956 0
-11.2118654352669 -16.6987335504576 0
-5.561135177057806 -18.74487558340217 0
6.619271930415617 -8.13753651061581 0
7.087797824351028 -8.697198365970685 0
1.876119990427499 -11.53042686469777 0
-1.800040565862367 -9.915098855204237 0
-1.878039800985822 -9.849581073970061 0
-1.489528855606107 -9.712190583786869 0
-1.983564737986909 -9.900521090112905 0
-1.969052961507882 -9.784675566993222 0
-1.867862201080773 -9.742517477072557 0
-1.953094026306591 -9.66932322810851 0
-2.066107472281559 -9.714501910659486 0
-2.04583220616928 -9.591301788476031 0
-2.16790562406034 -9.637371864173559 0
-2.148950606521219 -9.510294732483985 0
-2.282196632644875 -9.553415505637943 0
-2.237076186501605 -9.397767013134775 0
-2.410368365280367 -9.460833190192428 0
-2.383873733644187 -9.295095155413481 0
-2.224357558397441 -9.227666441194955 0
-2.35811340861727 -9.128927048273255 0
-2.201105775255789 -9.065739039429314 0
-2.328703059941012 -8.962005943386805 0
-2.494130378654989 -9.026616833996719 0
-2.174129781277018 -8.906498611283697 0
-2.297197842442158 -8.797958814507705 0
-2.124343191359474 -8.74771445659356 0
-2.265893598377758 -8.635287074178329 0
-2.109109400640975 -8.582416137171592 0
-2.240115389407361 -8.471940045188756 0
-2.061201104342071 -8.422723581876433 0
-2.210258751382072 -8.307811717283702 0
-2.40528825174891 -8.525206019339162 0
-1.927856583800049 -9.546747601294051 0
-1.496349414337494 -9.421316632454142 0
-2.055218840572352 -8.253065946957335 0
-2.186820180737919 -8.139508016790346 0
-2.057380563317681 -9.012732776864558 0
-2.00553321456715 -8.090697296634868 0
-2.156806731643194 -7.969188662378304 0
-1.979095882474003 -7.893378806693706 0
-2.128231553286759 -7.796449563710036 0
-2.314443216202648 -7.864284317923095 0
-1.995110026986699 -8.66720170601767 0
-1.972861323091326 -7.721496573313391 0
-2.101557018236711 -7.625411923659504 0
-1.945124010610044 -7.567000227090334 0
-1.492798666476767 -7.492878882872779 0
-1.488219947750318 -7.433767637918972 0
-2.075747783342791 -7.455065234845176 0
8.310556088561572 -21.72182879608523 0
8.840389202656148 -22.33841055745034 0
4.338491787734089 -19.8862251155507 0
11.48917471916275 -17.47454142528219 0
-8.944230188432162 -17.48098197737204 0
4.932794618512491 -17.96750300442767 0
9.092968581001893 -17.85882666313317 0
-1.317414709122128 -16.97761645084696 0
-1.860290021317976 -17.0572048357108 0
0.3461372765729641 -19.10225916215408 0
0.7665288133186667 -19.59793445424009 0
-3.075245887779407 -25.01486600117378 0
-3.410340183573279 -25.80403595823084 0
-3.885912447552831 -25.13839394124693 0
-4.248128421909946 -25.94011548693921 0
-4.753059057496528 -25.26984726714947 0
-5.100798591634599 -26.07990596402758 0
-5.656583671134731 -25.40704672720036 0
-5.96874861651371 -26.22000713864934 0
-6.524269028847722 -25.54027061833104 0
-1.661143506318896 -10.56147177362059 0
-1.915718811489365 -7.403826609143844 0
-2.046662111771036 -7.278867746135436 0
-1.846871642485036 -7.20856230973302 0
-2.023467680380689 -7.067146559021479 0
-1.804668669218753 -6.974293581011761 0
-6.833880138975378 -26.37149937910561 0
-7.401510259883435 -25.67708580605327 0
-7.0337245011056 -24.72071555332914 0
-7.959533721150001 -24.96956795425746 0
-8.287538937717535 -25.81228704200919 0
-8.843962976282221 -25.1086022329406 0
-8.534935026756639 -24.28057185415253 0
-9.397967603772239 -24.40835289759429 0
-9.082725231855481 -23.58003735779754 0
-9.941403315491812 -23.70913842000101 0
-9.62306910136353 -22.89137396029853 0
-10.28104283555768 -24.52353778461625 0
-10.48054917009818 -23.01855338479776 0
-10.16415259356827 -22.20656462088301 0
-11.01914404196951 -22.33341785577525 0
-10.69077343341054 -21.53072492961444 0
-9.185991302787627 -25.9460460425055 0
-11.35018022439061 -23.14822617124934 0
-9.850119674702455 -21.4060657320329 0
-10.37129046571216 -20.74725250855413 0
-11.20791910706576 -20.85472759228944 0
-8.55371952646037 -10.63731247664307 0
-9.183794268276094 -10.69376536918795 0
-8.904884970573303 -10.08269855995051 0
-9.586493738910699 -10.15532284989272 0
-9.288754664416462 -9.509065615666529 0
-10.01106975201432 -9.587966708010141 0
-10.29831981253426 -10.25951785080291 0
-10.75254158083016 -9.665100882700525 0
-11.05284417117024 -10.37807151001688 0
-9.711074134093693 -8.930028367270022 0
-8.97150927491982 -8.851704932440256 0
-11.52587399155856 -9.747196721588562 0
-11.20633829755853 -9.021062058086894 0
-1.557780993502909 -10.61379945233301 0
-1.333069891125052 -11.12204743470788 0
0.3670405158775552 -11.0134314138475 0
-2.551820085538956 -9.356237122010477 0
-11.83453906503643 -10.47641075481117 0
-11.86169966265074 -14.84995043363905 0
-11.51234605924339 -14.02153791359027 0
1.229969988255836 -10.54624473696076 0
-2.362927297307797 -12.50177860287807 0
-2.519872140900057 -12.25171277192754 0
-2.204656752617996 -12.75245925882526 0
-1.884933501999032 -12.72943481052005 0
-2.05566694126782 -13.02379147871087 0
-1.720957201397165 -12.99329143911581 0
-4.643645880055754 -13.36340560594658 0
-4.690247436743285 -7.545618505067473 0
-3.290907260732133 -15.10910698524103 0
-10.88897817901682 -20.08124474883039 0
-8.801768446592869 -22.72789277305102 0
0.7730860880926662 -16.6496702790555 0
-11.98994391696014 -16.87639116415646 0
-9.397055872948652 -8.248147950600622 0
-8.654302027042569 -8.19847164540414 0
2.26215256605546 -24.78521253188702 0
1.986266790423886 -25.58058808763899 0
1.144649836428248 -25.73503180777086 0
5.47982784643474 -9.479195604613402 0
-11.72445293570904 -20.18702062957649 0
10.0881907072778 -19.14073112285471 0
10.58292787114382 -19.80715037631326 0
11.42406088423254 -19.6758749877568 0
11.09970413987844 -20.47520640463273 0
-1.962171389037622 -8.33573711809612 0
-1.494471093757944 -8.285386857769199 0
-0.3811086776308513 -10.99223589259095 0
1.517157925047095 -10.73177497831923 0
1.574326551598243 -10.60419067160431 0
-2.979728982937103 -10.46722688721262 0
-3.100267506044021 -10.26163712986641 0
-3.222870594631079 -10.48221541953273 0
-3.349449288415281 -10.25593040656489 0
-3.485547009210865 -10.48247896972169 0
-3.218838832698583 -10.04780223615403 0
-3.477957789962042 -10.03772656523314 0
-3.342354575499804 -9.819896487149602 0
-3.347056748197973 -10.71105758850897 0
-3.617282962488391 -10.71395798782267 0
-3.475550689804747 -10.96782538393015 0
-2.133447028945014 -26.31859752728018 0
4.031121078137113 -7.709728758505356 0
7.344118557167662 -7.993127669798815 0
7.828636401578657 -8.5719182646021 0
7.554867551439759 -9.283404453936669 0
8.314309593972474 -9.16616818186821 0
8.597440243042847 -8.434894089532449 0
9.103429211134543 -9.05135891728354 0
9.395394438853202 -8.295322192325589 0
9.913388240923634 -8.932999442972632 0
9.607779865809896 -9.711611573391917 0
10.43010703666599 -9.595810128655231 0
10.74119821908429 -8.802182680600341 0
11.26963427681271 -9.467553309449048 0
10.94707030119779 -10.26575630500554 0
11.595823336483 -8.664383688801683 0
11.79208431528171 -10.14447457063323 0
11.46393278940325 -10.93649152251213 0
10.62518350303805 -11.05119091376048 0
11.13519488074917 -11.71817005496588 0
7.47358020969826 -26.26045343518622 0
8.342624782278889 -26.11125915823567 0
6.606900386882386 -26.39988193157237 0
8.610245446679645 -25.30095534839383 0
9.214533243836588 -25.9640739914708 0
9.458489491188617 -25.14545043809094 0
10.0927234788475 -25.81487579993445 0
10.36672282006988 -24.97797929839258 0
10.98837654209304 -25.66045137266887 0
11.29990865253777 -24.80443853891124 0
-5.67198603865767 -10.23065868608969 0
-1.48793668367485 -10.01102834372931 0
12.02172604217289 -18.11528746614767 0
-11.34873987056783 -11.11056640695532 0
2.539618350973163 -24.00100107465803 0
0.5490121168635765 -20.23157409409455 0
1.214906423663534 -20.10575943228378 0
-2.663655051089982 -12.51646782381614 0
-2.820671105290558 -12.25687646866917 0
-1.88736219811009 -13.2968318174483 0
-1.53877018691282 -13.26218051771088 0
12.32342284982708 -17.33207020014889 0
2.564064956640499 -11.61642368799881 0
9.799413525316387 -26.64238828714928 0
-12.05654692812089 -20.9736856427869 0
1.702613444868209 -26.38601394515835 0
2.525747053195407 -26.23457642599205 0
0.8458599374845911 -26.54407741579125 0
-2.005648589707569 -6.812026917368083 0
-12.14229245224034 -11.21591052436561 0
-2.271212642791165 -19.57874673782199 0
1.969839400570276 -14.61857828450777 0
-0.9819936856818825 -11.38345118852775 0
-1.897649333203123 -10.17100380731646 0
-1.988639061523671 -10.11686198593372 0
-1.994322508257594 -10.23179606066021 0
11.96182047992404 -20.3403617488165 0
11.64362062946551 -21.14012633194023 0
-3.703834291376021 -26.59125597006097 0
11.98077666539022 -11.61467349443352 0
11.64489647042457 -12.40035623399648 0
-12.01865311177837 -9.098704684787716 0
1.498435241587556 -10.50418634214737 0
1.619811763199432 -10.48364256940301 0
1.492552774332929 -10.10863907875741 0
1.489010783642479 -10.16545811793596 0
1.547351808794461 -10.13337233866934 0
-1.565047270950057 -15.20614696365901 0
-2.581282202291947 -9.531054192152201 0
-2.732898992230449 -9.417984954439749 0
1.482411394854667 -10.01255311136117 0
-1.871138470794361 -8.011315399857928 0
-2.248336895921763 -7.51439757462944 0
11.9002354076308 -25.50206840944868 0
11.5823348904668 -26.36943099948852 0
-12.69960655786937 -10.57837353583273 0
-2.332228781257991 -8.202526566156434 0
12.06572530908564 -24.73214097476976 0
0.9795139067456917 -18.97803517127355 0
-1.659992355379927 -10.67770275792413 0
-1.760417301523124 -10.61907031028318 0
-1.550562851906019 -7.467833723341299 0
-1.486377294834588 -10.22069106118528 0
-7.1274772045591 -15.99772917910475 0
-6.893890704891441 -15.42199173844024 0
-6.512027842643371 -15.89856972215784 0
-6.289887277337122 -15.33809508998282 0
-5.920142033260837 -15.73521119117571 0
-6.657229176289967 -14.86936966053354 0
-6.076557442158563 -14.79111641678736 0
-6.422524460868138 -14.33964512355243 0
-11.67808602026504 -8.324810596317231 0
-1.488675859756093 -7.589422495169052 0
-3.612113517886486 -9.807187586910285 0
-3.469804907743229 -9.585110713163095 0
-8.247957280445972 -8.778194694590804 0
-7.937818324679456 -8.162767690141836 0
-7.553305810373766 -8.720764499492628 0
-7.260831384844555 -8.127020007056283 0
8.602894756175171 -17.25496520345676 0
8.321691378226422 -17.97150800068373 0
7.843220144899788 -17.38076882656494 0
-1.741693389694718 -6.719735945248932 0
-12.33579460019074 -14.21176143400613 0
1.699184072758734 -10.58101151894558 0
1.747111455706559 -10.45521439462468 0
6.851424212937109 -7.418770289053199 0
-1.688101501079094 -13.56571878768328 0
-1.342824402849873 -13.53851766953883 0
-1.19517021091261 -13.23102172500851 0
-0.9929675379907273 -13.5068633925113 0
-1.145497461035642 -13.82967221601977 0
-0.7901316409902718 -13.79255444010643 0
-0.6431924242358151 -13.46995976409286 0
-0.4370555455985543 -13.75299002202387 0
-0.2988294155632651 -13.43051475042213 0
-0.08398618418636865 -13.71308489649086 0
-0.9392002683957897 -14.12590410428927 0
-0.2261852488004577 -14.04715516157186 0
0.1394392161675216 -14.00230188768928 0
0.2779402870607751 -13.66211803130922 0
0.5070864218716814 -13.95133042507438 0
-6.96829678244914 -11.99719521830946 0
1.549913804610779 -10.20948625829442 0
1.612474929012084 -10.16722664265284 0
-9.542678872387619 -20.6316052971157 0
10.60157528563805 -24.17346778140672 0
-1.575587911651668 -6.95187015510545 0
-1.454105265945681 -6.684817044822077 0
-1.201584212219092 -6.887150090499366 0
-1.173299399506631 -6.56000450426134 0
-0.9584045818809188 -6.755521922139508 0
-0.873182073359176 -6.465882602208969 0
-0.6384720081803528 -6.742598005404682 0
-0.5524317468783841 -6.362456749521845 0
-0.3129082126901798 -6.585783496171619 0
-0.2074447904933164 -6.240195127472891 0
0.04647656196095717 -6.516216400386501 0
1.609156027964808 -10.08776933434329 0
1.68649459884219 -10.12448177632668 0
1.678957215101909 -10.03752714307742 0
1.76761469684674 -10.07557887491374 0
1.746593391693809 -9.964152197497112 0
1.484702238624343 -9.724863553531204 0
1.864917523861458 -10.01711028748278 0
1.854298353834781 -9.897484428714895 0
1.880750040604223 -10.14476995162992 0
-1.510973070819726 -17.48948425017177 0
-2.062774956656507 -17.57183803282481 0
12.49904887621629 -12.30235643775245 0
12.15359265950035 -13.09068992731844 0
-5.196977170978236 -24.6090538251938 0
-11.45063676862412 -17.42811857831567 0
-12.1826644123136 -17.60670016331672 0
4.851649705898506 -9.570622702783295 0
5.253457874502711 -10.06147754348257 0
4.651992323807718 -10.13419884714329 0
1.746662047891823 -9.845378066514545 0
1.84274931751272 -9.777498958211346 0
5.861758952711043 -9.983505077607521 0
-1.551665900155601 -10.73272976822004 0
-7.614222280959397 -7.561146758302184 0
-6.942501476321168 -7.532003107143593 0
-1.550413963263397 -7.391108799634611 0
-1.361470447391992 -7.410834414352871 0
1.42563279194283 -12.61292659683192 0
-5.419433078130148 -26.86256166598891 0
7.068684794086041 -14.11043342822844 0
-12.47705915913825 -16.25848171747877 0
-1.448848295042397 -10.66500648849286 0
1.47151903850688 -10.24448004256752 0
-8.614536167957036 -26.66400600633872 0
-9.530981536074719 -26.79900145381659 0
-3.822492701422 -10.94278433327093 0
-3.628933955109555 -11.22792890362802 0
-3.31639200373918 -11.22351190642095 0
-3.457475996698056 -11.49033235032943 0
0.5667670402351759 -18.4931306027077 0
-1.974940318570185 -6.498840828957251 0
0.6497373267839589 -13.60716648672801 0
0.8764247862357248 -13.89870034016586 0
1.022062105645904 -13.55205396753811 0
1.736708399849693 -9.733289924378589 0
1.828708135159035 -9.661858555659858 0
1.488675859756093 -9.418497817681384 0
-0.952849892047178 -21.18689096384647 0
-6.917178571017981 -8.66996930667681 0
-12.54306721878243 -8.416657422949262 0
8.029018400629662 -9.882088920435971 0
1.990416822292462 -10.07351390632068 0
-2.410750781343878 -17.12722087339989 0
-2.62456274671241 -17.65173713702703 0
-2.980607068075812 -17.19153782465097 0
-3.198302356341891 -17.73230568807156 0
-3.562304902785098 -17.26098226827234 0
-3.788303274848225 -17.81673483653837 0
-4.148213068103662 -17.33854552620734 0
-3.921974165647816 -16.78985787743236 0
-2.188321963293507 -9.760085345524608 0
-4.502158137153449 -16.86381460759333 0
-4.265100410161389 -16.32866899354541 0
-2.047332831755075 -13.62840926654492 0
3.080088494391623 -24.62774046388764 0
7.165506824790631 -27.0944001071414 0
6.275469308775046 -27.22001001357731 0
-12.58274137538416 -20.29419671784911 0
11.04304987263788 -7.985737661048129 0
11.92372018998307 -7.855158484947803 0
-2.260276977680568 -7.179659793518669 0
-1.848856855266262 -7.666952129649481 0
1.408200932914119 -27.21497465625775 0
0.5414305353292603 -27.37415051922713 0
1.719687019776062 -9.628246297537558 0
1.799618548245405 -9.538840080028315 0
1.928466544819795 -9.590149843700459 0
1.90864273111082 -9.46171672880806 0
1.786298722178304 -9.419483747224781 0
1.884347804520481 -9.336386723125646 0
1.488675859756093 -9.121891008625319 0
1.768542253667216 -9.297994331267617 0
1.859853904964368 -9.215382902774415 0
1.743086304506883 -9.188336384645302 0
1.816908950971488 -9.086883252384151 0
1.957102839492167 -9.132040262575318 0
1.925831499356566 -9.000905264257293 0
2.013835771811557 -9.374920619883355 0
1.803838190802487 -8.959693592024038 0
1.893665550198844 -8.869081277183435 0
1.490386884089409 -8.82883583696135 0
2.033269220618609 -8.90448488666385 0
1.986411062906189 -8.763959716784917 0
1.833367930825682 -8.744656372838433 0
1.934548568292583 -8.631034350828266 0
1.801503199759295 -8.612612561534256 0
1.886163970414143 -8.502686379485898 0
2.026882228280661 -8.519278724392352 0
1.974581829148201 -8.381797882109645 0
1.818080968858579 -8.378651028524956 0
1.912667232071237 -8.258350931208946 0
1.488675859756093 -8.281505049633175 0
2.063588207462371 -8.261628590873878 0
1.973031919150052 -8.117369168617071 0
2.163548196921441 -8.124934693453588 0
2.0821440625647 -7.970005433277972 0
1.914207173006636 -7.958317014913225 0
1.999720595063141 -7.821417943964743 0
2.189781245874288 -7.817452545417007 0
2.083039896047381 -7.664640360867859 0
2.322187681768957 -7.635885072321588 0
2.148281476813235 -7.441978001721743 0
2.46258842971038 -7.407125651237561 0
2.238380435558233 -7.10653595737277 0
2.66796045633288 -7.098384231988488 0
2.452008099045024 -6.759621700785505 0
2.015670502202509 -6.760995412492509 0
2.405828536849136 -7.853256653947251 0
1.841318130423676 -7.830033594126891 0
1.777527334495361 -8.24887498122083 0
5.024425110526954 -10.59817238089645 0
4.458775820144619 -10.64396511726847 0
-9.074756189625198 -7.558662890940703 0
10.30592195803596 -11.81459711668639 0
-5.86445238592808 -14.25809954934013 0
-5.521491773546777 -14.66424485186369 0
-6.20252113883879 -13.82792452449429 0
0.1661679073575308 -6.125046944688838 0
0.3959079537702602 -6.457140109631 0
2.144688295311928 -8.791437108509326 0
12.50623704086639 -21.01618817850191 0
12.21480771473677 -21.81443240593517 0
2.908259026693701 -6.729831421446868 0
-11.6330121208521 -11.83244042543683 0
-12.35586783503085 -11.97697806403804 0
-3.415864395637304 -18.29636619754329 0
-9.430055484075696 -11.30172286286174 0
3.327393218543274 -16.18160460704231 0
-3.733391066818019 -10.46112551102211 0
-2.97300533243532 -12.52762386154812 0
-3.160214847220868 -12.25133159335259 0
12.47958735501398 -8.542685658698076 0
0.3809497741185429 -6.742928369542357 0
0.6282552840700164 -6.716318952158613 0
0.9913844863670622 -20.75778508673061 0
1.675653605889879 -20.62694048622851 0
1.894070637552552 -19.97069910034939 0
2.359525311783887 -20.48875224402923 0
9.77132459915736 -19.9182298856023 0
1.917696539883827 -7.445393543458017 0
1.494281508102696 -7.537294405921502 0
12.84305680409853 -11.50046855706343 0
-1.65444418008753 -10.80356852075327 0
-3.777838282557567 -11.50753658041503 0
4.196370002988931 -13.89411000502833 0
-2.763169946897679 -9.609211595055172 0
12.86465991208064 -17.98499290012782 0
1.771944516845891 -7.942302773330705 0
12.50186438570669 -26.21181612215688 0
12.1785464270039 -27.09427890199285 0
-7.298641541988202 -6.955561710455333 0
-2.22202600878276 -10.6647945475394 0
11.37631993305134 -22.05652782782222 0
-9.838479312831502 -7.59720593736845 0
-3.154542590582779 -11.47422020878924 0
8.878362483874428 -7.678933154641916 0
11.30975970116147 -13.18502325124852 0
-0.003364067627918916 -14.35513594930066 0
-0.3672236389396286 -6.882581210320982 0
1.697640552052339 -7.824116767160762 0
-6.986147955501274 -14.40279976943897 0
12.82016015730886 -20.20347767941889 0
-1.308802578626706 -12.18751125731486 0
-1.17157998859156 -12.39977127383855 0
-0.4995565714310589 -13.15937140187928 0
-0.1736250156542691 -13.12384550195662 0
7.574528820048529 -18.08148228727829 0
7.109166256211643 -17.49769588228241 0
8.0434250130478 -18.67547673029196 0
-6.611866477520237 -6.932079607746171 0
-12.1793877774732 -7.604068515749889 0
0.616635329929043 -6.935382025549115 0
0.6751948166578177 -7.417519856636278 0
0.8554984715541138 -6.894793591576079 0
0.957544383719815 -6.632281012737934 0
1.10753257129631 -6.907841625443966 0
1.276579139699202 -6.585554003517041 0
0.33738767411366 -7.071065436884094 0
0.2742156534383454 -7.42090531675888 0
1.036003784587163 -6.280154172044986 0
11.81080541988315 -13.86189258516925 0
12.65807099717517 -13.78506635556203 0
12.34590163039634 -14.53113046733667 0
3.348540991200412 -23.808377960971 0
-4.408716805749026 -6.640566699722015 0
1.239829801321672 -13.84555999008959 0
1.084301316492411 -14.13241330274689 0
0.2338428046822738 -11.02996683615678 0
0.3202717130783725 -11.14369431702643 0
0.1690147439311898 -11.15917132597953 0
0.2590079668096773 -11.28329771182334 0
0.416235532042785 -11.26140241265577 0
0.1026509908429037 -11.29847272140902 0
0.3535802146758268 -11.41597448338226 0
0.5283110419506625 -11.39113473282796 0
12.79203558220353 -7.722323494984745 0
2.13904108752461 -21.15889122373923 0
2.841061643249533 -21.01843756117594 0
2.606183686743888 -21.7359254818592 0
3.362239434659192 -21.57361327868146 0
-6.262411579033188 -7.606269708429599 0
1.717494238138593 -8.696800716278361 0
1.687019991815415 -8.596920719879321 0
1.491744917230876 -8.534612249579578 0
-3.699699882994105 -23.01806735356202 0
-12.91323245469276 -21.09686190286805 0
13.21287971579793 -17.17732811063562 0
-4.744819228362091 -17.41461006509783 0
-1.644410542020534 -10.04027249493506 0
8.560700514052566 -23.11433356623896 0
4.014678534932047 -9.027374867958313 0
1.195638351171978 -18.37545000233953 0
-2.346317173862577 -13.00408680931183 0
1.703560517112338 -8.337298909051363 0
-5.930216646423927 -6.918480074877664 0
-1.314554974382248 -14.16455305731201 0
-4.001928961375422 -18.37119783352871 0
-3.64078206682856 -18.92195369941079 0
-0.9945595220472065 -25.37574209822444 0
-1.440223714144041 -10.7865739776781 0
13.17822281773986 -14.47532208382978 0
2.009585308687915 -10.22774963444568 0
-0.7125477888741415 -18.75368945673717 0
1.985884282931618 -9.824804634615061 0
-5.102714655157772 -16.92242428498953 0
-9.519888937568243 -6.871165304027624 0
-9.382416350746984 -16.92256504024746 0
-9.657822240467713 -17.5905388479457 0
2.6514343447459 -6.305185704759069 0
-1.095764688503252 -14.48077246661983 0
3.618641093608433 -12.47925297059373 0
-2.357844094439225 -10.11331606601102 0
13.07186668458243 -21.7056412979955 0
12.77263778145716 -22.51956504958354 0
13.11198383925919 -26.93423635968619 0
0.4574694340419893 -11.55978182627725 0
0.6401446229949301 -11.53428028886051 0
0.7093617179206477 -11.36120763175466 0
0.8241714122495203 -11.49731040027057 0
0.8939876971664134 -11.32906771855577 0
1.009377358027861 -11.46091909982843 0
1.080565351021934 -11.29629033464421 0
1.198950679703125 -11.43988045161919 0
1.265983951399928 -11.26675349764574 0
1.671243591196564 -8.245092465794038 0
-0.9783003059524253 -7.012768430028395 0
-1.071933917986261 -7.422658557093943 0
-1.278397747927209 -7.089189256773599 0
7.370018510352675 -16.8153363901239 0
6.654922381934268 -16.93442666080918 0
6.926862795757596 -16.24952892435329 0
6.215887606457458 -16.38015276482825 0
6.467474691583297 -15.72013449028766 0
5.788184703552331 -15.83846407787735 0
6.001347303058592 -15.22816336275387 0
5.366354714403132 -15.32013582411072 0
5.535057004244369 -16.4754200702979 0
-0.545012346239739 -5.849601605241501 0
-7.182152585850329 -9.221013777304769 0
-6.58821739479609 -9.167239461008034 0
-1.475814129228147 -7.357682261837645 0
-1.554880059576156 -7.294833535643629 0
1.612752072595923 -10.24658120630434 0
1.391063427535322 -11.41539645396547 0
1.442988539111499 -11.22478959825447 0
-2.254412656620064 -18.08415479201552 0
-4.830520213709279 -10.80813536374529 0
-6.362616379960934 -8.658519045791603 0
-2.661669553546686 -11.99763031244972 0
-13.08214012730325 -7.699844032013582 0
-11.40183375975456 -19.41297828417007 0
-10.59521323607696 -19.34460315129031 0
12.6319721579172 -16.5806332401984 0
1.836328512646313 -10.5603765640192 0
1.790236664431633 -10.69926304242395 0
-1.632443858042415 -7.432530816820939 0
-1.614781195991201 -7.51544268247099 0
-6.030794132827575 -16.35481410942825 0
-2.941779259955509 -9.499587643707102 0
-2.89307577842427 -9.290041507277884 0
1.680536540909315 -9.365831076037802 0
4.134103045234963 -10.23970673143443 0
3.954146509708246 -10.7099544889467 0
4.25377126963006 -11.10265717676555 0
3.772807747156892 -11.15485339800391 0
4.048581481099074 -11.54722953559797 0
3.595862280690567 -11.59286035840004 0
0.4113191102878022 -13.3323482463101 0
-8.939084967261216 -27.57625032051411 0
-9.864149950504892 -27.72657249813717 0
-10.46104374744029 -26.93783168999618 0
1.021641482050598 -7.101537156487948 0
1.311575731891214 -7.060921568412455 0
1.376064006345167 -7.427913613695891 0
0.9776789510299934 -7.403861750734612 0
-10.35778582091097 -6.94613530824361 0
9.116780801133041 -21.56606246531718 0
-2.448504473363214 -9.951619638429822 0
0.7875706226771662 -11.65443889348878 0
-5.676751266231975 -13.749899927325 0
-5.999016336379666 -13.33371973628303 0
-6.524055835931553 -13.4026500633644 0
-6.316224850341509 -12.9107412040805 0
-9.033573916081266 -21.27461699934184 0
-8.740973897557119 -20.51286853871242 0
-8.234591071494396 -21.14022083768496 0
0.1631983449873084 -22.38294487165868 0
9.804945823261031 -11.16465510573003 0
9.500215198342909 -11.91559742365786 0
9.009932879285142 -11.25484490712987 0
-9.236871561965225 -19.88789858844964 0
-10.87153560134626 -11.73709105074681 0
-11.14344707430907 -12.43847135037411 0
-3.747595807441721 -9.558341255741436 0
-3.585578507604732 -9.310817401580078 0
-3.902195717521522 -9.808937501902061 0
-3.601588047783936 -11.77955130533427 0
0.7776339385273642 -17.90860301768889 0
0.1778863963112774 -18.01803333643502 0
6.401239080961616 -17.60072773705958 0
-6.973010675641476 -6.305700396106147 0
-0.3622856691708156 -12.86599579828435 0
-0.6795114596885703 -12.89088503808735 0
2.239920769524652 -8.291093210759172 0
7.285771116260568 -9.994324447550088 0
7.754589027218324 -10.62109146960623 0
-4.4737648868197 -23.14110911592294 0
7.300325845304245 -18.78333326080154 0
-10.80622808693632 -27.8228028553344 0
-11.39936186986039 -27.06641713134437 0
-11.7428396535856 -27.92236274347374 0
-12.34385924370102 -27.17391425646978 0
-11.98391352023626 -26.3129577964299 0
-12.88461876369192 -26.40987961496589 0
-12.5700409505821 -25.56387393583232 0
13.36784589517783 -12.20614624815138 0
-13.45209864604048 -20.40107005380456 0
-13.09496131868025 -19.63165197963127 0
1.646302958168384 -9.801762575749454 0
-2.332052079774182 -6.708320511771918 0
1.652142815753682 -18.84303089759058 0
-3.947238179128075 -11.82228069073886 0
8.531592242228227 -20.8342538904961 0
0.2748761368012099 -11.58099913575791 0
10.97489455076674 -13.94547921703747 0
3.940987925269949 -24.47966636550983 0
-6.841518502479516 -12.97461607295211 0
5.708818096505822 -26.52742827723717 0
5.382326953503396 -27.3533819675081 0
4.822448460329917 -26.66715810188327 0
4.494240679268416 -27.50448474232118 0
9.384931108758533 -22.97400526002268 0
-8.026034493046474 -27.39237736599197 0
-0.03740314537476317 -12.77822895791918 0
13.51351929827518 -16.32277315213022 0
11.25432084279692 -27.20650156407713 0
-13.35759304629517 -27.18250424127231 0
2.573460092156492 -19.82903889806209 0
3.63790912226408 -25.26215214184512 0
3.102277564708693 -22.27169405041582 0
3.904460101310398 -22.17966010643883 0
2.129232711074431 -10.13897147774479 0
-6.821064796990192 -9.693933668752123 0
1.748380293465805 -7.710945080246193 0
-1.341878660372174 -10.7132939200445 0
-1.353393212151423 -10.600565707915 0
-1.251376088400226 -10.64405148231847 0
-1.262744773329977 -10.54100181835442 0
-1.022781370743023 -10.18228494102986 0
-1.168879291174194 -10.5816286790223 0
-1.178668066139466 -10.48625757925802 0
-1.094049213850372 -10.52360694402359 0
-1.264816329554298 -10.44668264919111 0
-1.103011595888414 -10.43624438262017 0
-1.024917993886479 -10.47072627129677 0
-1.03198118014719 -10.39005152325288 0
-0.9560533858661857 -10.42170513410995 0
-1.103972570318808 -10.35413048336356 0
-0.9478798641046611 -10.5025942124255 0
-0.8797574621524237 -10.45280175590562 0
-0.871152171422451 -10.53593401682692 0
-0.8056054298403901 -10.48364188546389 0
-0.8144853188458124 -10.40415720509856 0
-0.7432489633588868 -10.43278035690687 0
-0.7536547180259623 -10.35841392095775 0
-0.6852867658756969 -10.38464772691045 0
-0.6717966235384232 -10.46040719808343 0
-0.610064374532739 -10.39844882653563 0
-0.7690815912144041 -10.18021533750969 0
-1.121791309520505 -10.17728634820475 0
-0.5989468460040167 -10.48696434272258 0
-0.540454643478223 -10.43301974612159 0
-0.5440012924823772 -10.35758319441033 0
-0.4792396981265681 -10.38458336415872 0
-0.5733600026438141 -10.17899110884646 0
-0.9669184159612598 -10.34420750431034 0
-0.47168193438013 -10.46013048810298 0
-0.4101704817053463 -10.40838623827167 0
-0.4248571296969792 -10.33724549914633 0
-0.3567405749774017 -10.35793634452716 0
-0.3400138331558377 -10.42927705466986 0
-0.286934936598814 -10.37684370704732 0
-0.3739304365068353 -10.17720824037067 0
-0.2680345276755109 -10.44852377578075 0
-0.2161068548273151 -10.39520320496036 0
-0.8216874862695503 -10.33049279274791 0
-0.2346266753049722 -10.32696456994248 0
-0.1707044273112259 -10.34524627902335 0
-0.1454722294372415 -10.4112423557821 0
-0.101977238322966 -10.34960113555613 0
-0.07565693232986402 -10.42709237501031 0
-0.02563009461336329 -10.37333177094677 0
-0.1241837487909668 -10.18011839704645 0
-0.002480477035214905 -10.44549337895138 0
0.04709541994809471 -10.38989465318038 0
0.07779048027201498 -10.17949606062126 0
-0.7945989056241763 -10.5676882810845 0
0.02502081675085009 -10.32251881109137 0
0.09546582190810622 -10.33671559876191 0
0.1184904241700909 -10.40346916183502 0
0.1660555418393705 -10.34970949935295 0
0.189685854038841 -10.41769599507543 0
0.238120682543184 -10.36258780382638 0
0.2621623277805875 -10.43213219303493 0
0.3116518164120529 -10.375733866044 0
0.3214168313106628 -10.17240732293076 0
0.3361513831834996 -10.44676571192959 0
0.3840781282738557 -10.38630634350268 0
0.4117629393340497 -10.45868814925687 0
0.4622751982188015 -10.38652561277405 0
0.4949683842363043 -10.47367565471675 0
0.5393444124548622 -10.41266025911575 0
0.5217101276004552 -10.33863165256205 0
0.5864680023678635 -10.35688565614379 0
0.6138666783528193 -10.42739394651781 0
0.6621304778236891 -10.36785854945569 0
0.7229321772465485 -10.17736674991777 0
0.5230180126380876 -10.18016430993961 0
0.6899674112570225 -10.4382803194755 0
0.7388769787527356 -10.37805668215317 0
0.766898119136548 -10.45317610791993 0
0.8146982428525682 -10.38765482787751 0
0.208060022181958 -10.48781327529048 0
0.3535489751819872 -10.31564603814888 0
0.3599193590051328 -10.52221356029891 0
0.786426261003663 -10.31979305619172 0
0.8594277452320034 -10.32786645758968 0
0.9181208869262851 -10.17721040921919 0
0.8883675855345762 -10.39564609141205 0
0.9327037921343342 -10.33468724979186 0
0.9629743581505115 -10.40140629170812 0
1.007790174236288 -10.34060961009373 0
1.038871982006727 -10.40951762127803 0
1.084582618155852 -10.34696075541865 0
1.124443525135747 -10.17977088800179 0
-0.6984241430780164 -10.31390058749984 0
-0.3234698611597424 -10.50516600607498 0
0.2157667313332678 -10.29733912530509 0
-0.05496678111514031 -10.50356458593456 0
0.6398842871001291 -10.50136701152405 0
1.119911460090482 -10.41652466691304 0
1.160341057797042 -10.35134815300849 0
-1.43537366018374 -12.4280289085225 0
-11.8837453050113 -22.45585212224106 0
-12.23527171283781 -23.25869243524643 0
-12.76270554734987 -22.57158430859904 0
-13.13036815997412 -23.40789158846172 0
10.00186526250185 -12.56966807116428 0
-11.72231094292438 -23.91949982276891 0
0.6335872373078437 -10.30131720589141 0
3.11746396612132 -7.139448215044467 0
3.407992462786663 -6.736244365671865 0
1.391543861244733 -13.49750386762332 0
1.612884150957743 -13.83901989599401 0
12.78405381937668 -27.83094796236001 0
-5.539716172271664 -13.30564118577833 0
-10.15744055858543 -28.70074211281859 0
-8.268665867557257 -10.11522575824491 0
-3.70746704848338 -16.25767062149826 0
-4.041385327205727 -15.81585233331457 0
-4.59087559691627 -15.87889984432943 0
-4.368812534327032 -15.37806395288025 0
12.25263499146326 -6.990077384976843 0
-0.984496273445628 -17.36509314847248 0
-0.1918145863905685 -10.2809640695786 0
1.640017932426896 -7.93473755406719 0
1.482432511876657 -8.034472482539703 0
1.490665040590941 -7.836594836049091 0
1.697966704598368 -8.037510513146005 0
2.195053605654695 -8.953308127105899 0
2.349195577989808 -8.83209573165057 0
-1.273093776388393 -12.6766716962046 0
-9.184141753356391 -18.1185205659451 0
9.695512522005824 -7.518081872286994 0
-0.02443927850067944 -26.71021870265718 0
-0.334959355117573 -27.53178177645937 0
7.60270664206999 -7.266502242701358 0
7.092745215050188 -6.684026541903318 0
6.347949910137445 -6.801106206937231 0
9.159654054759347 -6.862313452320963 0
10.011366420828 -6.702915991468853 0
1.117201230744658 -28.0495348451913 0
1.978763189900298 -27.89251771838939 0
-8.713546327231473 -6.848019201026613 0
-12.68690565342682 -14.97204403243964 0
-13.11385948317494 -14.32571744428604 0
-12.82165769364104 -13.56109834671245 0
-13.46917230247328 -15.07375573338158 0
-12.87970185120387 -9.188527908411226 0
6.748945758944826 -28.06905831886595 0
7.737685859153741 -27.81777190854793 0
13.39078940674513 -26.01023261785045 0
-1.475609905033045 -14.50682784584066 0
-0.2451546808662069 -10.52525423381075 0
0.3406561302254492 -20.87263474597971 0
1.513252457424197 -6.240051335849913 0
-0.3748495832767755 -10.28993823872005 0
-2.64467693775668 -9.952033342469733 0
-4.043607287813416 -9.544061734161833 0
-1.743152838917177 -14.17095682385732 0
-0.3799934109374355 -14.39748830192019 0
-4.89432338641292 -15.43762908436963 0
-4.673513070593931 -14.95189584760116 0
13.33575481218633 -8.456418682075192 0
13.02267317713686 -9.254852549685827 0
-2.271911979903028 -10.28074315305409 0
0.02405354812008152 -6.838792114215437 0
-1.446565325626885 -6.275430602576932 0
-2.296890190536236 -6.281500459577483 0
1.374335281538876 -17.78574786742062 0
-13.44279740953729 -25.64535306930502 0
-4.17121783947461 -14.90365264768414 0
-0.658947349546351 -10.54042101335679 0
1.540190308236446 -10.39988513070863 0
1.438579007258626 -10.42131721501525 0
-1.124669135555767 -7.228857535270851 0
13.60829758691854 -13.63351396424109 0
-9.994771200808353 -6.1643669142547 0
1.162036841440708 -13.21408488847766 0
1.507052004327936 -13.17270125855227 0
-12.68182139424983 -6.873929545605627 0
3.672708513507041 -10.34575254535706 0
0.9776687818506691 -10.28085329209595 0
-4.128979042035268 -5.436036845532087 0
1.658124642687008 -7.73414431376525 0
1.697391885403034 -7.610048917463294 0
-5.345821383375907 -17.48024923307426 0
13.63924480064149 -22.38412413480675 0
13.33172267981216 -23.33216876379945 0
-2.804211291569927 -12.8022194068534 0
-3.135773784063314 -12.8236554147071 0
-7.020165944502317 -13.52308938457136 0
3.291604624759354 -11.19854936487415 0
-2.9363467690468 -9.726643456885874 0
-3.030222046594181 -11.22120633360641 0
-6.337096166249457 -10.53150453388418 0
-1.145473892144023 -10.67411842322478 0
-11.61665311415901 -25.44405210192955 0
-8.468142584872613 -19.79459933056989 0
3.574448080728784 -20.86622651997386 0
7.759747892914501 -19.35892923983936 0
8.523016717443907 -19.32049809828944 0
0.7857410509867966 -11.19716086852722 0
-0.6852145663787739 -6.951980128535299 0
-0.772789568780793 -7.422658557093943 0
-0.5002521601241632 -7.112741887217673 0
-0.3760081272081457 -7.417607845841302 0
-0.5873988644244681 -10.56743998780777 0
6.549302957474272 -6.064710605883075 0
1.611911708230754 -8.67561715839182 0
1.64276342168407 -8.762197293436994 0
-13.67291894234632 -22.66693737775862 0
3.185564077462818 -11.60501244618491 0
-0.4397709605904073 -10.27235369330804 0
11.24009856471433 -16.1054535144507 0
5.153274459920029 -28.16752694697717 0
2.268577832621879 -8.660806184263542 0
1.601420863947168 -8.325909909227725 0
1.638533584222087 -8.408445719645576 0
13.19636899502327 -6.973051434288525 0
-0.8594969961664927 -10.62472338013393 0
-0.7684693142493713 -10.64950973833963 0
-3.123827019147821 -9.36281415722549 0
-3.07753745289342 -9.13745702320178 0
-2.829902322393101 -9.056309991849538 0
-3.036051384455503 -8.898530002115312 0
-2.805635279754998 -8.810836520865561 0
-2.991459990010432 -8.640578763902351 0
-3.247447835072515 -8.738504535342264 0
-3.202672128969255 -8.466942227242432 0
-2.935796263690388 -8.372589874265529 0
-3.474367002265383 -8.578192786324223 0
-1.79676424930496 -7.534429586160633 0
-11.79758023245024 -6.796419055138504 0
1.935879192791421 -10.67441042885836 0
3.921279775071778 -26.78570119641823 0
3.612436653513934 -27.6350652792683 0
0.009323672256227824 -11.17573642743512 0
-0.05603089607977636 -11.31328227655617 0
-0.1498287763736502 -11.18842995100885 0
-0.2156443707815908 -11.32057085839493 0
-0.1476760709506435 -11.44107538841761 0
-3.980031569440022 -23.7531943716783 0
1.127772192570395 -10.2861820011509 0
1.203742763711201 -10.28105329225225 0
1.234842293991739 -10.35452130897459 0
1.274565372077574 -10.29258277725487 0
1.151344357836289 -11.13417051217881 0
-0.1438971134906369 -14.71500854484496 0
0.2430153497607976 -14.65652395886938 0
-0.4994000810759572 -14.75586489035676 0
-2.847960552389531 -11.46744516391756 0
7.017260591240562 -10.66487243710382 0
13.70112140163894 -11.39495541563181 0
1.158100141448144 -7.233004425245948 0
13.7190247344532 -17.85315295567978 0
13.40962285152182 -18.65287671902479 0
1.597364440098565 -8.58693289854533 0
0.9194956322469858 -10.46429054963337 0
-13.69357406857221 -13.70772033218769 0
9.093953489877988 -23.76595181914404 0
2.399006336833177 -5.268185009042323 0
-3.037914352061966 -18.75076319067364 0
-3.238402427199842 -19.39189482272029 0
9.174367238917407 -12.62074768786171 0
0.6476702847027513 -6.030533148736607 0
-6.299623736044872 -9.613796391856079 0
14.06868372080044 -14.45943032924321 0
0.3780836015921143 -17.49485895391918 0
-3.148850188090421 -8.19075539086635 0
-2.88025603216984 -8.103236531241814 0
-13.3441429060112 -12.89057763481271 0
-4.097185941377455 -11.48585724448071 0
-1.537034710110123 -10.08144157094815 0
-3.217501686321317 -23.62083112899081 0
0.8129843911096594 -21.46792783115475 0
0.07352900726475367 -10.27521732295268 0
8.279240169741243 -23.87476078289055 0
7.00797041479642 -19.44394967324239 0
1.878135314135422 -10.42920270943693 0
1.775195719031798 -10.33546198355359 0
-4.966945199820964 -18.02170429205874 0
-5.648056654581356 -7.499938983446029 0
-5.300372805671357 -6.958317301369704 0
-2.702518080593284 -16.69226523243519 0
-3.030764573828233 -11.7324492567805 0
-1.450167457510683 -7.254142599800538 0
-7.423867443848876 -9.710745318710801 0
1.594175135279859 -10.00694924376499 0
-1.896161286896675 -10.29064556824843 0
-1.987562722678248 -10.35859420262501 0
1.600367900656481 -7.846621815531 0
-9.83359078383139 -18.32765224447332 0
-0.2490919485378017 -10.26086925752787 0
1.319986210205266 -11.59087869127257 0
1.520951027029047 -11.57179382625082 0
13.17782798461326 -10.68154440093383 0
14.03908325202326 -10.62939694191712 0
5.564709524431467 -14.73547543480412 0
4.945234059886462 -14.83603954017377 0
4.733021900247664 -15.41209323336602 0
4.352570950640312 -14.93368807275312 0
4.135033992035956 -15.5018451079956 0
4.507606006254586 -15.99363956584334 0
1.882408493544124 -10.82442322186042 0
1.72410132441605 -10.8502497425044 0
2.0341581833126 -10.81504254697201 0
-0.3051094919028129 -11.20410226142248 0
-0.374577366631719 -11.33239221336985 0
-0.4646983167329569 -11.2126128252661 0
-0.5338499695433711 -11.35118879019908 0
-13.67153984448288 -6.888569423544636 0
-1.829465858734748 -7.872512866527105 0
-1.751634514290933 -7.963818553587646 0
-1.76624549405178 -8.080422901371129 0
-1.668873561388183 -8.034991661653589 0
-1.67041518143372 -8.140558680562712 0
-1.489793666375287 -8.034332708753123 0
-1.647252221959544 -7.935205553616763 0
-1.492732088774109 -7.835959680251719 0
-1.778497972716883 -8.183367582678446 0
-1.687678431685225 -8.243013181088269 0
-1.609803133230656 -8.208834783301823 0
-1.615484810573687 -8.291831274038019 0
-1.686553222144362 -8.334846517840063 0
-1.61567283356248 -8.374765931566106 0
-1.686987032382825 -8.420401266037523 0
-1.604010959153181 -8.458635734898735 0
-1.684379725723566 -8.505047466097848 0
-1.491435409638697 -8.576669099145533 0
-1.601246571645124 -8.549133388339289 0
-1.681479541551329 -8.594250749725875 0
-1.488675859756093 -8.825284199569266 0
-1.762782764658259 -8.548322149531776 0
-1.760082745932412 -8.640221718439605 0
-1.678980820933176 -8.684015361276527 0
-1.758219465841312 -8.735193025992547 0
-1.674896626154235 -8.772043618661735 0
-1.748575644503003 -8.82306221046449 0
-1.669306852369147 -8.861015222078104 0
-1.489318864136143 -9.121891008625326 0
-1.742739749711345 -8.911857002637074 0
-1.664093703993162 -8.949597434685266 0
-1.732584630328385 -8.999575174889378 0
-1.658320876865066 -9.037025816665444 0
-1.726178881551078 -9.086345377659804 0
-1.652150080204471 -9.125156875649756 0
-1.721998374365905 -9.177422021164773 0
-1.796112566123454 -9.130123113277325 0
-1.796254676325646 -9.228543600699689 0
-1.712939376063552 -9.26896624663372 0
-1.786773985550455 -9.32256158999261 0
-1.70330481537285 -9.357810624132764 0
-1.876946860210352 -9.281479568122309 0
-1.826182938681704 -8.873299953863462 0
-1.775587518826084 -9.413412736650397 0
-1.680629028015217 -9.445871124005105 0
-1.635027224989275 -9.306768751046395 0
-1.763374453750565 -9.503340890152876 0
-1.680005544505637 -9.533387613604624 0
-1.612025648489949 -9.491239565792558 0
-1.595963467500233 -9.567254362415039 0
-1.666393920980897 -9.613596176580156 0
-1.594480927992074 -9.645992950499656 0
-1.651576164210913 -9.694119793892392 0
-1.590453315143114 -8.904179818037012 0
-1.603776827449103 -8.726100803687789 0
-1.726838277441891 -9.66504342315217 0
-1.710808441163727 -9.745816556812613 0
-1.634791997244451 -9.772183531024748 0
-1.591444266616047 -9.070808262640586 0
-1.582296422012284 -9.153287867311395 0
-0.2050640087219254 -10.22323189786606 0
-3.50586362194718 -8.848014429931956 0
4.541065628307017 -11.49146802215916 0
0.007616359293322158 -10.26406878557708 0
7.44897548497651 -28.66949299649012 0
2.136323112213763 -10.31604053956342 0
-1.690958345670749 -9.824750870594663 0
-1.619052507558032 -9.84903444824154 0
-1.669694413523685 -9.904226997509753 0
-1.601105462975773 -9.92058650157802 0
-1.558821660394565 -9.795672102080278 0
0.2426614044844203 -5.645410451752834 0
1.81765768320692 -10.9818967341335 0
1.656255495354112 -11.01006679343812 0
1.76296653641151 -11.12062141614739 0
-14.00021834962421 -7.819240948161963 0
6.683188845776158 -15.09101814666515 0
7.888206300210258 -6.503293473584929 0
-13.072346014439 -24.82745933842218 0
-13.9577048296245 -24.96105352482487 0
2.103892643629387 -9.963461712097928 0
-1.847616413938311 -8.595157962704246 0
-7.608589967831687 -6.409246141585736 0
-1.061934021932045 -17.84774811994627 0
4.165072087112986 -23.68357446291107 0
1.309960986189291 -10.35918982799404 0
1.3496879900747 -10.29277880427729 0
-11.13812489843367 -18.72928492696636 0
-11.90025062234483 -18.74698159712899 0
1.392976262090355 -10.51577876588207 0
-3.763325923396205 -8.726648082118317 0
1.08467832399381 -10.48651657945798 0
-1.766040168766045 -8.382440306992406 0
-1.836891684129367 -8.474759068542259 0
3.811699991957957 -9.82057334077842 0
-1.544717407768046 -8.505889073828317 0
1.603452523546342 -8.028869395562856 0
1.634138787063369 -8.103798020794112 0
12.81637561865835 -15.27279563161182 0
0.8298014220725777 -10.26312810158575 0
0.765940977431666 -10.26195164501726 0
-10.09948456080766 -17.01406625561198 0
-9.786961296012656 -16.381536928666 0
-2.769942509166091 -11.209979498952 0
-5.111635851019384 -15.95121443126177 0
-1.008822695702282 -12.6235243894759 0
13.67987613853582 -27.65530779747304 0
1.554371351702869 -8.751791458516871 0
1.584518095932296 -8.820824774533421 0
1.66676582277053 -8.842924042166256 0
1.604629124960983 -8.89263625055664 0
-0.27843060189977 -12.56859599758908 0
9.450420720466457 -6.023440280148101 0
-13.79611763824934 -21.18183259264815 0
-8.356528698105244 -28.26012557322763 0
-7.423338476796843 -28.11459229049694 0
0.02432249275491384 -10.52156763859625 0
-0.03772166039409491 -10.57937761088205 0
-4.253394601373247 -18.89941076696743 0
-2.706117241645986 -8.271185466018888 0
-2.630453298268884 -8.02328334157864 0
-2.799536359845201 -7.817749134344048 0
12.33029104157681 -23.23577861333411 0
1.608837573384292 -7.620975119937725 0
1.628801773671257 -7.522403694710242 0
-3.195447626307631 -7.340141375255331 0
-2.844096068134752 -7.256776921359988 0
-10.46269090986074 -12.37695271806127 0
-10.75156811659889 -13.00465318134525 0
-0.8749767819835662 -26.87377899132445 0
-1.214252559479397 -27.70444489318663 0
-0.6456025196117445 -28.3714671027982 0
-1.46499025268367 -28.63093031120517 0
-1.987823057593641 -27.92082780344919 0
1.576388444604656 -8.237507316284228 0
1.665567332558447 -9.264212181813949 0
1.640771499793738 -9.167463839018104 0
1.589967910544917 -9.333511415199597 0
1.602649392024368 -9.418677224004266 0
1.700204677141485 -9.090014416437374 0
1.600195343635712 -9.082846135256579 0
1.655066031823725 -9.007769575477095 0
1.641360888513175 -9.694417037042609 0
1.624700416797159 -9.602941037807296 0
1.692781769072186 -9.53604855196749 0
-2.758567432633583 -6.503828474613409 0
1.576086602160549 -9.237252434415819 0
-5.619683217684787 -6.386165443360829 0
-14.14559202922183 -12.86150913436818 0
-13.80857347504725 -12.14525047273988 0
-10.87035300177498 -8.29190264520032 0
-1.58644708229098 -8.004786302916607 0
-1.602494544588802 -8.084841520843966 0
-5.783328980591986 -8.068652941196557 0
-4.304109035019074 -11.75408008503122 0
-2.031740247943145 -8.873779193340077 0
2.481368146871827 -9.455523090465844 0
2.308550829919586 -9.260903216026268 0
2.23349101724819 -9.503893136087946 0
1.888575512193137 -21.86152299174595 0
2.62892712418308 -8.903545056101116 0
-2.184183477545374 -10.12097603991303 0
-7.542998322125815 -5.723296868957954 0
4.56832326333218 -5.27872496558347 0
4.904529566735951 -6.00911008502702 0
4.141357036435929 -6.034762394955303 0
4.529488017840774 -6.663577696754148 0
5.182886889991787 -6.722044832164141 0
-2.039886776354002 -18.98835267804381 0
1.667308001982325 -9.893729673075235 0
0.8108101485486612 -7.082076467443462 0
0.5867962608227167 -7.177924450243115 0
-1.596341926949296 -8.992455234498399 0
-8.949238689651853 -19.21829160549731 0
-1.596869463749483 -8.80428283508958 0
1.759528778762487 -8.504752317014159 0
-3.471912311715767 -15.72589770093948 0
-0.1555504145595449 -17.609483516458 0
1.406943841090401 -11.75618395609321 0
1.672161864702701 -11.74448216485084 0
-4.214468895126938 -9.813167666201281 0
-4.006077918369688 -10.07891402180066 0
-6.608779373687461 -5.71074177109127 0
-11.42801547180725 -13.15990066960721 0
3.411745474183513 -12.00635025985306 0
0.3684519770287159 -11.73386528632007 0
-1.620762238175518 -9.379776325303066 0
-1.553164776272248 -9.332845579566412 0
-1.57609364478203 -9.268524191326064 0
1.550112081464138 -7.756638535608798 0
-14.25013812124947 -20.45308725627648 0
-1.957480857142227 -8.547427591371974 0
14.28152171779697 -18.55046248354975 0
13.98698833390857 -19.38560992676659 0
14.47046520714436 -20.08073885800081 0
7.467887953789835 -11.26406729236465 0
1.256290898971778 -10.44215931210792 0
11.46363637970497 -15.3498013476005 0
1.557978451220946 -9.661368710518815 0
1.567352751555749 -9.742327688147249 0
1.56574609616584 -9.827385629667223 0
-1.323209048464065 -10.86061557735821 0
-1.43223814023625 -10.91353082302338 0
-1.848287308059681 -6.188628634795997 0
-5.212767292590934 -13.71463360241136 0
-0.6218988306089211 -11.23517885418216 0
-0.693772856938527 -11.36778664401823 0
-0.6047529451964357 -11.50326654649169 0
-0.7744219937758319 -11.20478899460468 0
-0.7652601950723307 -11.51722858908469 0
-1.720984836775751 -7.848168623321561 0
-1.613231131567321 -7.835388163559645 0
-1.677799371803652 -7.75159584024702 0
-1.594710153265467 -7.747636676227433 0
-1.64029408302465 -7.670152457848713 0
-1.541447007222029 -8.757010351239016 0
0.8749769245006522 -10.6114542164487 0
2.303508173795574 -10.02838930422531 0
4.529874933818133 -25.1353281601067 0
-0.9520403149122447 -29.24331354974895 0
-2.327296486302175 -10.47821401951157 0
-2.545424431878038 -9.807496407251449 0
-0.2965768367943469 -10.5902717122736 0
-0.387901412402323 -10.56623972737027 0
-0.4649641666591918 -10.63298124985566 0
-1.543911576024502 -12.19572598403155 0
-1.747469147801434 -12.42438997760047 0
3.456952643105451 -10.76796609686502 0
3.089391690852222 -10.87804405593897 0
-0.8942309797424524 -10.36655543323242 0
-0.8878638270293722 -10.29671834285587 0
-0.9555988992354865 -10.27105162210205 0
-0.8319060211760343 -10.26593721482924 0
-3.748313135504411 -12.13083113210278 0
-2.115605264983564 -10.83866574881464 0
-2.033362975716992 -10.67107170407807 0
-1.913105580569621 -10.82365332499975 0
-1.818971138282457 -10.97496065248296 0
-1.870912342326053 -11.1410660269991 0
-1.696602801109738 -11.10384346021652 0
-1.730042730378544 -11.27116750958895 0
-1.56532269219084 -11.2182466769958 0
-2.137983332520125 -10.52295069005221 0
-3.683786673380613 -8.107412848535324 0
1.579274049475845 -9.0070223747718 0
7.656847487015322 -16.09479349864377 0
2.82233249549109 -23.14319154115843 0
1.706895323383428 -28.75556871916883 0
-0.2530459753885487 -11.07086008264045 0
-0.6757490619238947 -11.673705201272 0
8.229622857952485 -19.99045030401951 0
1.052406724761073 -10.2762061270132 0
10.27622001892429 -5.888930640831473 0
10.86644928552244 -6.5620003731393 0
2.006323753532911 -11.28133397639392 0
13.87312350402698 -9.127868624695898 0
1.319285221501999 -10.22612263884455 0
-2.082582261409204 -9.157749845116275 0
-2.098223900232558 -9.294355528323958 0
-1.949877861838521 -9.104867997692565 0
0.6268563885342641 -10.6570044925441 0
0.5496543434254862 -10.55923420111924 0
8.357295231958116 -28.4939865329873 0
8.655583731563061 -27.63770965318116 0
9.26270826050219 -28.25479921340396 0
-1.922285571289808 -8.957716113665928 0
8.521586200678289 -10.57872908457342 0
12.74047421043821 -6.12969662608972 0
-1.600570086751331 -8.64159409877267 0
-1.981292251135766 -10.51360009617209 0
2.35908784886568 -8.131639006231135 0
-1.187690653139085 -10.38850088798525 0
-1.268156470093008 -10.3606273481066 0
-1.34129938744394 -10.40430468209853 0
-1.334266198134297 -10.32504800539773 0
-1.276286206155174 -10.28727262066294 0
-1.1709042169791 -10.30672868015414 0
-1.110544956729187 -10.27195833008182 0
-1.170053035443652 -10.25072399069028 0
-1.399887690308926 -10.36302012664196 0
-1.394679135604544 -10.29109843310902 0
-1.452500248975877 -10.32082190061886 0
-1.336686437091501 -10.26045933788072 0
-1.044606022104634 -10.31352680081746 0
-1.049735649726652 -10.23908658175042 0
2.617542070706303 -28.60168321489076 0
3.248080266673665 -29.15196291313359 0
-1.584628281104066 -9.720115562211426 0
-0.762332884916762 -10.28152151122777 0
-0.6993545002785213 -10.25278570589347 0
-0.648342119897807 -10.27122523898984 0
1.821702784315416 -8.063496519774933 0
-1.546994866031166 -9.511111735920419 0
-1.550460626238782 -9.455313810539923 0
-12.31508038341805 -6.022208522400106 0
-2.272308836928923 -9.974498995797486 0
0.9042498321489969 -10.27232984082617 0
13.99205765299156 -21.58221802389651 0
3.625637515806011 -22.95296547808369 0
4.410539916110188 -22.84323695274028 0
4.670164547021908 -22.08045789058488 0
5.223662371991062 -22.64837409702888 0
5.439780387765912 -21.89497666001796 0
4.107111385232729 -21.47491130788151 0
1.446058023908948 -6.843383891237222 0
1.524797041350599 -7.095572299574039 0
1.408788729127113 -7.236364832425535 0
1.563456237181476 -7.282144149243578 0
1.698314133761867 -7.168800262685515 0
0.9697312680204402 -11.16048573515861 0
-1.567905616129491 -7.899455085534912 0
-1.741562225991266 -7.379080961470861 0
-2.657746824924708 -6.939416369708226 0
-5.703201051387683 -16.95322315251094 0
-1.560979576611864 -7.15547434256259 0
14.54532499770845 -22.27947655763292 0
4.319803253832143 -20.68212227235308 0
0.2834300050471815 -10.30813912243924 0
0.2566451751862739 -10.24810071818604 0
0.3192638150122752 -10.25839601679046 0
0.3830740805480071 -10.2627295057542 0
0.4184766034602676 -10.32002771918427 0
0.4470033394806219 -10.25972637461461 0
-0.4911242025887653 -10.31486294481409 0
-0.545812319662679 -10.29015473016133 0
-2.950862438530357 -13.12381439538917 0
-3.389465208161679 -13.16082063427772 0
-2.706950285747333 -13.42216115626296 0
-2.825961521835949 -13.82822111695084 0
-2.480086402985977 -14.18094917655116 0
-3.486165639207968 -12.75330925115111 0
-1.262195433635405 -14.85843368550331 0
0.7123446997719386 -10.30322924390186 0
0.6694799834382996 -10.25300466962134 0
0.4543199081980723 -10.60386925178888 0
0.3856095083760152 -10.68115050573863 0
2.971387698048347 -11.97233633736654 0
-6.635415976910167 -12.47063884745673 0
-6.144440133861361 -12.4442209151097 0
-7.175134293361091 -12.53528251054963 0
2.144540732421601 -14.20406544871686 0
2.275878916109537 -13.83472638553318 0
-2.730134026795572 -8.543301937437183 0
-2.608433831797549 -8.738092876956243 0
1.155859773827067 -10.22842316808271 0
-2.113290669064641 -9.973808686288688 0
-1.877181582291015 -8.70757685547831 0
-1.638269125527865 -9.216566307598477 0
-0.8468923424935917 -10.72974384363883 0
-0.3046213957560745 -10.3095556069053 0
-0.3254846558406819 -10.24478152366691 0
0.08793079768324737 -15.0588973148946 0
0.1948102531284277 -10.63369886477958 0
0.2951621214318119 -10.60862523171954 0
-4.189851149648845 -12.16693515721566 0
-0.04245364770796688 -10.30511212323302 0
-0.04840827726006702 -10.23444305174526 0
-0.09753221811072083 -10.27407062748205 0
1.904964028916476 -7.703676294525368 0
-1.544049295940635 -8.332124052941099 0
1.784819545868765 -15.07781155975484 0
1.549168536849276 -14.63167010531337 0
1.267140392048808 -15.08689736812506 0
0.8895264611351092 -14.87012813003611 0
0.5994842231864758 -11.21336649616282 0
-4.469817433876289 -14.46748739010569 0
-6.055410016350888 -9.114628061057354 0
-5.90027657085598 -8.598821274293758 0
1.652905531977276 -8.498768706124798 0
-0.4954048714781934 -10.25494119091323 0
9.397797936197135 -20.77773307739976 0
9.930631115673689 -21.41290626648791 0
-1.286151574445243 -10.22089561147709 0
0.9146770422320032 -11.97925920550626 0
0.6470096812127126 -12.03567525240349 0
0.9930100068747425 -11.76616251648881 0
0.146583030355782 -10.27689055077757 0
-0.8815605587974532 -11.69263932599759 0
1.556438789106136 -9.156491417455907 0
-3.49585362779188 -12.39488028286537 0
1.534790056066679 -9.051438279565749 0
0.1254941972142447 -10.54664359454681 0
-0.5299499206603918 -12.61331992110718 0
-14.00860648027789 -23.43160618349017 0
0.1052977689511657 -10.22527017596943 0
-1.908554952262632 -8.220290643132676 0
-0.5082177442046515 -18.13787191379818 0
3.16303691223034 -12.30253083949453 0
3.880263923582504 -12.01917629244693 0
2.649829507076098 -12.05536726831109 0
4.351332020934822 -9.710130805354078 0
0.8590389628712877 -11.0367829460425 0
0.1762083477139427 -13.06868006059388 0
0.2980922633211993 -12.7672842486035 0
-2.334827163818995 -9.816237329455561 0
0.1503629772136887 -11.74055679546471 0
0.0880309150120369 -11.58570476811587 0
-3.197504442335472 -10.97221240820953 0
1.322506286495075 -11.09424092819213 0
2.318089191224751 -22.50009798139866 0
-1.781399963517517 -9.810314719068625 0
0.7913404548428319 -13.28058004836207 0
0.5372148050034532 -13.0229224551157 0
0.8709144094013125 -10.21514437445493 0
1.556528391763369 -8.401762369437057 0
-6.390282708997616 -11.90707835746097 0
-1.667265268771997 -7.244985142007083 0
-1.532937459265052 -9.027615284834278 0
1.893766734622401 -12.90278833502913 0
-1.391956508567937 -12.96938932022979 0
-1.252789764035515 -10.98959326418725 0
-10.11840076677931 -11.65739432079013 0
1.652746491167465 -10.35939582089712 0
-2.536800391740332 -7.770943748143971 0
10.49714395890625 -13.2484932643509 0
10.13380413372775 -14.05962997925234 0
-4.990277607439713 -14.55106342233437 0
-4.87721902916554 -14.10795219326112 0
0.8152033045995155 -5.38445075560027 0
2.835018545608671 -8.178831672324023 0
2.878471643548895 -7.818145800524141 0
-4.965904863641845 -11.21186913061658 0
-4.560046956353287 -11.15197024552194 0
-4.444614315911666 -10.76518524408293 0
-4.191841970622551 -11.10298580437112 0
-4.107304946267558 -10.71747698061103 0
-4.321924511598291 -10.4871336452064 0
-0.6383405681236319 -10.32780025599223 0
-1.529760839903498 -11.02931398422606 0
-0.8947176149388588 -10.22996666065864 0
-0.9485378560900104 -10.214428336551 0
-0.1176750682676818 -10.56758170058052 0
-6.664129977651984 -8.140675096081207 0
-0.7433252605518685 -15.55355241077165 0
-3.26470939806153 -16.66578644111289 0
-2.417295113071324 -13.73725329470333 0
-2.135283655479731 -13.99257120206448 0
-3.817070124867664 -15.28131561778276 0
-1.459295192215301 -10.53636730844651 0
4.800111724783844 -7.246113274292957 0
5.41091242000737 -7.368843065790477 0
-0.2496896883452476 -10.67898152666283 0
-10.82164601914384 -6.129944799098066 0
1.560885147975157 -8.511260434273966 0
0.198658315934198 -10.23556558299459 0
3.649328945261093 -7.296180039323131 0
-0.8425398723370111 -13.19980023778107 0
-0.7138739073285675 -5.154486986365267 0
-1.255523849293816 -15.62680862037965 0
-10.58581398093937 -10.98475491936869 0
-4.785723879153987 -23.85442077797819 0
-5.271254963461144 -23.27370387628693 0
0.5648220167103457 -10.29060365208339 0
0.6083052057530565 -10.23572055925196 0
-8.515187878509026 -21.89382588915268 0
-7.721927928833304 -21.76087514911999 0
-7.520546277368356 -20.98170320510691 0
-6.987488744923612 -21.60613165268006 0
-7.220694301463506 -22.3749344544455 0
-6.411101983103312 -22.21197494744759 0
-6.668744124621468 -22.9588442396611 0
-7.482600327247439 -23.17174608603291 0
-6.973340282007115 -23.77069297172561 0
-6.133066700361568 -23.53605521445902 0
-6.301917661534403 -21.40831751659368 0
-9.784376377064467 -19.16985849351382 0
1.593975327678524 -9.512854362240979 0
1.516543820650525 -9.778368300685512 0
1.553453685830665 -8.100082289279921 0
3.204477247615121 -7.604008159573804 0
0.7976526970150191 -10.54319312806991 0
-0.173331211297827 -11.73455772815992 0
-5.612913617236524 -18.06231178719186 0
-1.380045422363911 -18.90898648575914 0
13.47529754273271 -28.53357708703304 0
12.52520062196096 -28.74841682338232 0
14.25825709070927 -29.08734996192781 0
1.557618913119124 -7.908975786861586 0
0.9440766353127852 -17.2635070572732 0
1.543548408384947 -17.19811166948315 0
-5.851028794342494 -12.88580363779028 0
1.218953189411837 -10.97696665897747 0
0.2340593271375263 -10.18643002158165 0
-15.0964114799998 -16.52326956543009 0
-14.29668377491479 -16.99517765242053 0
-14.28657549044292 -17.90738630418184 0
-13.55411131090836 -17.44425826965975 0
-13.55642869643743 -18.31675848434035 0
-13.47987068397376 -16.46043886725701 0
-14.32570061966787 -18.95201899261147 0
15.11059798561915 -16.52214597153622 0
14.2059014680838 -17.03333029325498 0
2.482154441175914 -8.679816234655316 0
2.367753945252022 -8.458910751493345 0
-5.719625250511235 -15.17982906010688 0
1.524557391968631 -9.206953340130951 0
-1.038577918171423 -12.9185931980749 0
-1.57563063272295 -12.70353435869887 0
-9.407101196473233 -5.311691997775389 0
7.612407365580228 -5.278142408868394 0
2.110017062582322 -19.3290188386251 0
2.787175760971737 -19.18405384410777 0
3.238515065836907 -19.68297145551871 0
2.284287576129991 -18.7281299834643 0
1.812872710236916 -18.23803077435229 0
2.451586560623416 -18.10327504456452 0
-14.35215582765567 -16.04065213345685 0
-2.890118827036433 -20.8778656879284 0
-3.624431697047481 -20.99830138535557 0
-3.311118374677834 -20.18366367466875 0
-4.117204906532439 -20.40604055910815 0
-3.969587400246071 -19.57954708856365 0
-2.553498839975009 -20.19673414063477 0
14.99703075680163 -14.52454038693228 0
-15.11142232194641 -14.6210577664979 0
-7.930952536659327 -14.98175681350626 0
-8.342928003463649 -14.45229167004379 0
-7.609357247861563 -14.35249886709319 0
-8.091393426428649 -13.85994926223199 0
8.690893275912005 -11.99950501249418 0
8.217741823772192 -11.32693891259991 0
10.11965438099961 -10.38577225884821 0
-8.003512866912212 -20.38052697342465 0
-7.805475369767296 -19.68838925347472 0
-3.310754625425474 -9.220279561106706 0
5.963985443172687 -17.0325154542687 0
5.277871714311252 -17.0457367804153 0
5.593900005101579 -17.67907012559026 0
4.888614343172858 -16.49163539158848 0
6.129322010811181 -18.25746890300118 0
9.309510747639958 -10.47895114546092 0
-0.6340004669099641 -22.48133425614468 0
-0.325857980891188 -21.75718716751261 0
-3.474566440796369 -29.65609329951257 0
-3.955094428548988 -28.82338522190808 0
-4.911035367431082 -28.81019168298804 0
-4.418678486815136 -27.9955871389496 0
-3.542198308088267 -28.06317811432661 0
-5.349849007099095 -28.03795710689134 0
-5.86962767119971 -28.80774850739892 0
-6.313067717991644 -27.93482915692146 0
1.130649938111843 -10.57394715571008 0
4.212132251567286 -25.93783469010962 0
5.130242395925197 -25.82702471792359 0
4.894330684830531 -24.22595029416904 0
6.832840236220027 -9.381844739652315 0
1.470559721241831 -10.33140835144953 0
-3.177493043320413 -16.13734054066335 0
-6.937391073641589 -17.12528252370831 0
-1.349485107383492 -10.49430311024599 0
-15.02023317081926 -12.7655449702728 0
0.9192246657546593 -22.1924204766254 0
5.759169016412453 -6.15085889027613 0
6.568478869784279 -10.07842128681724 0
6.307545440665266 -10.78527889257589 0
5.603800031905462 -10.62211931422395 0
5.816022919394577 -11.16383747155908 0
-5.357159892483836 -14.17431559108928 0
8.891185197591188 -16.51916404831103 0
8.336857890257418 -12.68812125124003 0
-0.1483765404889271 -10.23692663023628 0
-4.647736473265655 -10.40146194752582 0
5.464324438250952 -29.71099087091738 0
5.916336274095915 -28.79106789179536 0
-5.133664434194144 -19.34593394763495 0
-1.850372530496283 -9.468999940891507 0
9.950357031845179 -23.56917754608787 0
10.21106768847989 -22.79797884357088 0
10.81579703862988 -12.48938466540207 0
-11.05314998018699 -26.18059273655286 0
1.250891406580238 -10.23408530277339 0
1.734461402091749 -14.24316607231662 0
-7.355075519727671 -16.61085062499146 0
15.09864014639207 -12.66808314695058 0
0.08062570992092941 -11.03510400430892 0
-1.548473509286956 -11.40399376003857 0
-1.959068098193639 -14.90626279720735 0
-3.079301608244032 -28.87524955187873 0
-3.060736237921537 -10.72391359865552 0
-0.2096032260581905 -12.31937340988353 0
-10.11568237092058 -26.07085604827144 0
1.721385961725613 -8.155188159342192 0
-8.4908962714093 -9.484869151863721 0
-1.157173617274942 -21.89911788495749 0
2.012719984373623 -23.32587493765993 0
-6.068022464570309 -24.72519594131729 0
-7.379979408083333 -29.66037053039437 0
-2.38195209064508 -11.99859231889704 0
-2.511891079991454 -11.75682949787143 0
10.78692081252537 -21.26173016314083 0
-15.12867446515497 -22.33238277189501 0
6.563804804669888 -18.86679778671011 0
7.394489769409101 -14.74812323253154 0
8.414627341909934 -15.92780496940322 0
1.428415104675265 -19.46736750908043 0
3.044198085696971 -20.34334227894463 0
7.429792497984425 -29.61426490331124 0
-5.44531085358171 -29.65176629212866 0
-5.917151152312605 -12.04276053173145 0
-2.977480918179006 -10.0877724774615 0
-3.079546284182309 -7.90393907749629 0
-15.11173526549812 -18.43644365801989 0
14.32181724924589 -13.13693141960372 0
-10.46351962470941 -5.31747361402687 0
-15.08098804388936 -10.74944958321113 0
-14.26660386384895 -11.29902289993104 0
-14.26855989743832 -10.30448543633378 0
-15.0784091818846 -9.80319696891123 0
-14.26360432556128 -9.393472920648774 0
14.96917506362808 -10.66154848041869 0
15.15332261507958 -9.790780944695678 0
-12.44701425570592 -29.64090670740684 0
-13.00401198634105 -28.81872567978852 0
-13.96965971190592 -28.91582541346277 0
-14.41071538445336 -29.69829009666337 0
5.136473111979157 -15.92189802718064 0
0.4624870717809989 -11.11745193184882 0
3.903518122729346 -16.05842458544002 0
3.534504820778097 -15.64906478739092 0
14.34832204935566 -15.94767212507019 0
-12.2391541198297 -19.51914083415318 0
-5.462884982151152 -16.43683962405913 0
9.456292035035498 -29.70436218304599 0
10.44834646727103 -29.66654154797643 0
10.91768226088134 -28.75530708565742 0
-9.379344533790061 -29.52035049998488 0
-10.45193473934422 -29.62837111214204 0
-9.212352900865357 -28.4536547706476 0
6.644206392205115 -13.59962297722613 0
6.388955144060243 -14.1825715211111 0
7.238847454624968 -15.51450908883743 0
-14.43014029464745 -5.411951493971454 0
14.4202949507567 -5.426968421021343 0
13.72815429214169 -6.229693605876353 0
14.15293283354363 -7.000176440853922 0
14.80831951656083 -7.795647557323174 0
-0.7356794101786368 -20.51356608907407 0
0.3033896429696232 -25.89331975889827 0
11.61391839350846 -23.91263046345064 0
11.50917744218747 -22.94651560489045 0
-10.06990144870387 -19.97707713129233 0
-7.802068431945553 -9.277930721346543 0
-1.557422101094449 -8.590709912610272 0
-1.043909809887607 -11.55425519102169 0
15.06198272347521 -24.21237015352074 0
14.2083321669391 -23.76866193533101 0
14.26800334891456 -24.70229796493228 0
13.48753449914316 -24.39868002049583 0
15.07746324479028 -25.18349670290061 0
-15.23381924788179 -24.25656090345237 0
-14.96479715933577 -25.11092522356564 0
-5.309011474708337 -7.990832494273825 0
5.306192000790817 -12.06916517116279 0
5.994181554426071 -11.95917541691142 0
1.746076705756844 -13.4383137719021 0
1.777199127019673 -8.853274996990022 0
14.14861070757177 -26.72424311920038 0
-14.95789625094494 -7.848151085110904 0
-0.06597906444161947 -18.61798031783398 0
-1.537566633778685 -9.672903134946008 0
-1.538172513228919 -9.608308788115089 0
-2.96892114833909 -7.584105713328696 0
-15.07430086585437 -27.1205284960783 0
-14.28162029175926 -26.70260636497706 0
-14.28564924109423 -27.5722403200822 0
6.849749177622889 -18.17916510587905 0
-1.077283714998007 -10.61127700885144 0
-0.8823803002866849 -11.08097483688588 0
10.21764825890888 -20.62310804412828 0
15.10290647477206 -27.1204431903218 0
0.5457074320022028 -10.23147897513512 0
-7.518062950978107 -12.07693832109485 0
9.590233549166165 -18.48618743746747 0
-1.719764099395632 -9.976377208380773 0
10.80460164866887 -14.74220626202412 0
-9.331533073545245 -22.0658863095961 0
-2.428499156681017 -9.64796279525415 0
8.129798906324012 -16.66547215608394 0
-1.834678516037256 -9.639275640955006 0
-13.88611051268281 -19.73062615035467 0
-7.270151856720884 -14.93978915995728 0
-2.02164518175137 -9.475067965845025 0
0.04604907841560356 -13.39261473103835 0
-7.101705293690672 -27.23261876959301 0
-1.503465943713431 -9.479181899308337 0
4.558185735822554 -14.36564775260937 0
3.998142667008513 -14.42683794799493 0
-1.554490308258125 -9.874968658773135 0
-1.540111416651265 -9.941036135658567 0
-1.57823542481662 -9.988547984835815 0
0.6264248319084943 -25.08253642800929 0
1.874740373027034 -5.801404989319229 0
8.814272336644134 -9.811484637168997 0
-4.880058518368281 -18.66652057286562 0
-0.2921211197295494 -11.56015048635028 0
12.12689899140057 -9.345675256885045 0
14.25790017634188 -12.18455158700174 0
11.74503749645498 -28.07413470674236 0
12.26605148291191 -19.54265140889229 0
-8.326947902370975 -7.554187048334605 0
2.036511086967801 -16.93482608367444 0
-2.17288722329513 -16.63442882283698 0
-7.728690779939516 -12.62736406166849 0
3.092570497023258 -18.19411643707284 0
12.80564045879725 -25.1578891166013 0
-7.721143090729873 -26.51788411390562 0
-6.722412332395643 -16.4758423599046 0
-12.17821255075462 -24.71420497027332 0
-0.5235026111095678 -10.17611718066487 0
-0.07446794658156179 -10.18067625665609 0
-0.7211504158755289 -10.17596641411764 0
-0.4237878280410801 -10.17847537386857 0
-0.3907916755433775 -10.22791058087064 0
1.273960791764307 -10.18006195569662 0
1.176481719736905 -10.17979690474397 0
1.07451213914488 -10.17888356559307 0
1.098357847058659 -10.22782047257555 0
0.4735644531634107 -10.17717095529395 0
-0.8192821613182744 -10.18045357776152 0
0.5744946749765056 -10.18273907177705 0
0.9756022824759137 -10.18150268888124 0
0.6730747857123038 -10.17540853193329 0
0.7734676869138639 -10.17635039190985 0
0.3734877342298476 -10.175319774783 0
0.02542942792889626 -10.17792675107363 0
-1.172370326500631 -10.17687882300838 0
-0.3212178586868369 -10.18661553233214 0
-0.623217394178059 -10.17869308284062 0
-0.6045009986630179 -10.22426971089386 0
1.444302313573105 -29.66613167046738 0
-11.10881261847762 -28.74956969670305 0
-13.54251828921164 -10.80880660491104 0
-13.43291799610773 -9.878997610714801 0
-10.65179921539745 -25.34174739052253 0
0.1644868660221956 -12.51527519858059 0
3.075109050370509 -26.90810782813709 0
-10.74474291345742 -14.09481221021844 0
-9.746074384119632 -25.23319039940843 0
-12.59025458136569 -12.77694908244479 0
3.400971152232693 -10.01086504754997 0
3.717081658434583 -9.388823827264877 0
13.61947859100843 -15.35389356631028 0
5.43523398673246 -18.39696343921532 0
-3.306494343283535 -11.74657355786482 0
-3.416678161752101 -12.04359797923411 0
11.72627636074457 -18.8932971181508 0
13.40693832558502 -20.92655264616228 0
-1.549916310519368 -8.851585750177879 0
-1.523892253011255 -8.915338080220403 0
2.808009703995016 -25.41247633463446 0
4.279155350793528 -28.29587776454843 0
2.985235565361477 -11.31545281714807 0
13.01021997487807 -12.99233694083179 0
10.68113801543366 -26.5017039370816 0
-11.53721647599909 -21.6557512157715 0
7.76853346953154 -21.14250533228447 0
-2.887170632693353 -26.4563679733157 0
0.2360187266574723 -28.20397324185475 0
-5.803883501351531 -22.70275137343187 0
5.997238423543083 -13.64271423999081 0
9.657602917826109 -22.18797855579771 0
6.052432160463311 -25.71609881372536 0
12.31433879158111 -10.81712541460463 0
-1.560319660052419 -7.671479619080728 0
-10.81486171772918 -23.81808530137902 0
-11.35477609972064 -7.58774061369925 0
-0.6798668946737219 -24.58933711435948 0
-5.567986668520769 -9.020091819569942 0
0.1183967471125287 -24.44434051649003 0
4.772888584115823 -13.81009251106279 0
-4.549783471209249 -26.70726530010207 0
8.047619320188605 -26.9503362135372 0
7.756152974463509 -23.22804272317706 0
10.96492253329738 -16.85775044059625 0
8.811397925233496 -18.59049574560917 0
-14.32497735910849 -15.07168156791211 0
-13.3934048902373 -8.479350298640924 0
-4.828266335792133 -16.4015377744778 0
-2.690891669102257 -9.232580782755601 0
4.479251130517711 -9.114211074917872 0
3.792514040282911 -19.3671131398898 0
-2.945626952211229 -22.88365073160401 0
-12.81258695642346 -18.77370500333572 0
-1.511912771689517 -13.85519887380109 0
4.492746782460798 -17.51270770531541 0
3.697218007263919 -16.61842561246636 0
-4.987740737028276 -22.53671004679775 0
-1.224341509533194 -10.75227085834284 0
-4.987547077023132 -6.375596377130503 0
-8.48813093035632 -18.00046345285743 0
1.546385658873619 -8.643208267967641 0
1.584130555031776 -10.86094048773757 0
1.491415077129199 -11.02565637303955 0
-2.117615977911302 -10.27990104826739 0
-0.4711426861776392 -10.54485357278488 0
9.298593342725013 -19.25971087026432 0
-6.203566153851805 -20.71924896455242 0
-1.549222752382955 -8.254355018932706 0
-1.535702095857051 -8.183882174733458 0
-1.422569470512634 -11.98141986870836 0
-9.157486463198662 -6.130571728118914 0
-8.000762928144173 -22.55882476468862 0
1.234280849463164 -5.835565458821851 0
1.949965752432244 -6.30223175017913 0
6.120128552102467 -9.392397246992196 0
-10.28092533842261 -17.79823997077458 0
-10.06580427629857 -14.0616147586524 0
6.06461155754255 -7.542279862619767 0
-9.090363004108042 -16.29773283009193 0
-12.19362617094909 -15.57830804696333 0
1.580578927033108 -8.161662166553791 0
-4.359448565512486 -17.88737079924904 0
11.7824352970908 -16.71760489767055 0
1.474194490853567 -21.28353635122732 0
-6.794423717349905 -28.78516323387038 0
0.3681776438383525 -14.29971480508026 0
-1.07250646328601 -10.18205190251363 0
-12.77275255203315 -17.08703263911649 0
-9.278035585637873 -12.30935793320741 0
-3.903658570217826 -11.25341857323316 0
-14.40037520899781 -14.19487908356281 0
8.994709498307889 -20.07991597526442 0
1.752834961627549 -7.517395480373399 0
1.67466522575102 -7.382377315485938 0
1.564803918897253 -7.419218171805175 0
1.480115188123948 -7.360474051864359 0
1.551924464873236 -9.593127788747235 0
10.2152627452217 -8.150138491047693 0
-5.101100959519912 -12.79087535801014 0
-3.735745896060223 -10.04230190949157 0
-1.538189788798931 -7.541373652366114 0
-1.594357152567043 -7.599186075529477 0
-1.679601913785629 -7.576052350388576 0
-9.035597430680927 -11.75889699563424 0
0.0720596730944937 -10.46014752826488 0
-1.548977090649569 -8.401714823119452 0
1.428278093600344 -10.18116570213994 0
1.393745616967254 -10.23348236896826 0
1.678447859961169 -16.50191213408283 0
1.231733066040694 -16.78921009502814 0
-12.90984663659476 -11.37489069092763 0
-1.013105635387585 -10.55428907733381 0
-0.9887117239809807 -10.64459928731609 0
-3.67769712615195 -14.75427241460329 0
12.38388422601235 -29.67707176317716 0
-13.09155276929533 -15.74550743468454 0
-0.1944832847607232 -10.46633392264759 0
2.381840546534318 -9.044299705567289 0
-1.489427019929804 -10.05942630012037 0
-0.9963059776619591 -10.22755779590142 0
-1.428850057469466 -10.18497075305385 0
-1.494979185708753 -9.367616395992345 0
-1.553281295115483 -9.398686865004422 0
14.25930439761856 -25.66043845780501 0
-8.262398686218894 -23.4236742363296 0
-1.66799172961832 -10.93815695331998 0
1.321353206354601 -10.17105103617535 0
8.931197739461885 -26.79618385478209 0
-1.490329906719758 -9.764751785032995 0
-1.635434599243654 -17.98579003574465 0
-0.795176099510261 -10.22417808351406 0
-7.960175001531772 -10.63436692790933 0
-1.550823883462218 -7.806711071453287 0
-1.527188672743151 -7.741057346127951 0
12.56184855561121 -18.76847187889146 0
-9.777461406647717 -13.47299893319544 0
-3.795991010877897 -14.35573365182409 0
-12.40105233078207 -21.77002556651513 0
10.48304721590258 -22.05378718041482 0
-2.83845286874152 -18.17831066241375 0
-4.356562446448403 -13.7142074954459 0
-1.319530774749961 -10.17591108604612 0
-4.817090010513494 -13.03028679963743 0
-12.39854876225906 -9.828035202691034 0
-1.489656375568885 -9.962742519294963 0
-1.494476629485509 -9.911045680197823 0
-6.715617361735752 -13.91718365555848 0
-2.214562830352939 -5.802086905094685 0
2.951819204720324 -15.79762240866712 0
-1.385831756879127 -7.345917892209991 0
-1.300548704661951 -7.363436498728798 0
-1.32428966847495 -7.239948545872851 0
-1.21557403270255 -7.292355499743362 0
-0.8064385009003814 -16.86811090193923 0
6.313566839450065 -5.247352588449655 0
1.005811181374329 -10.22685779522464 0
0.2172225193056113 -16.6866775897026 0
-6.270271004391024 -27.0316362444965 0
1.527713536167295 -8.58027867265349 0
-0.5863166354228385 -14.0899166120321 0
-7.366228345551463 -13.11841143106018 0
0.9420612290295842 -10.22564973345035 0
3.363364492744013 -26.09014143618943 0
8.099845670019729 -7.842465257464883 0
-6.825674840165369 -10.56097839237791 0
-2.079532755471666 -9.833930917333591 0
-1.489846946275089 -9.171325476801353 0
-1.489310636332456 -9.069102536861475 0
1.717931174370023 -12.57781193718083 0
-6.313532064248636 -16.97838287050895 0
-0.09842710748425804 -20.35834479334771 0
-5.13904245257316 -8.803674181474175 0
-10.43696526290539 -9.006867041644227 0
-1.975110078805433 -9.220495494445817 0
1.545814691983855 -10.06896595218941 0
-3.005846965697222 -15.46060466526091 0
-1.489036797720261 -8.876205614591175 0
3.698492979572013 -20.15593981912421 0
-7.696658684567329 -24.12525021185806 0
-9.867146341919238 -10.84207969548402 0
-1.41439683033221 -11.26246728802095 0
1.488675859756105 -9.912842499441492 0
1.544384169307873 -9.881106227973412 0
1.542343116023453 -9.949678319300412 0
-1.488675859756085 -9.813973563089451 0
-1.493086044519557 -8.228400221271809 0
-1.488675859756083 -8.330939517809155 0
-2.754277789192689 -10.11132086114423 0
-2.935964386572444 -11.99108926429212 0
-1.490881705684455 -8.528758416823107 0
-7.524168780973518 -13.68190560992923 0
-2.450180846244504 -23.47679141460129 0
-6.279971654492836 -6.342859073971489 0
-2.302498174849937 -13.3114112600664 0
3.655207489930119 -13.94478007909109 0
1.305594396714094 -12.91162402962112 0
1.538525741377232 -8.871311258009731 0
1.547744126558087 -8.943470400286309 0
2.910596676426005 -5.687259718971236 0
1.488675859756069 -9.962276967617477 0
-14.98069345632411 -28.97548862664883 0
-15.18514056001746 -5.950174696135665 0
-3.173844392597525 -9.61376785755297 0
-1.488675859756093 -9.616235690385453 0
1.497192148099203 -9.619951247147114 0
1.488675859756013 -9.517366754033436 0
3.105934682013407 -12.68429328950306 0
7.48512157799125 -24.00897349521663 0
15.17394027037951 -5.957510599004671 0
12.65202471310696 -10.02750535567645 0
-2.500969921494782 -12.76109039632466 0
-0.6597789435907412 -10.63595714137695 0
12.14968030819768 -15.88177144501826 0
4.787279822600012 -11.06078716678661 0
5.064736238216575 -11.52510057844749 0
1.494642371468764 -9.67373839988009 0
-0.1751640501076055 -10.181040330736 0
1.481863438841774 -8.874747513276589 0
1.493312989865894 -8.776551497827217 0
0.6302172987573771 -12.726910937378 0
1.48998591240552 -9.369063349505359 0
1.538812559230398 -9.39378058359339 0
1.533933198197541 -9.467313287933161 0
1.480602725339168 -9.467808486272551 0
1.48991109493893 -8.726445020242222 0
1.496857427830916 -8.48101927815533 0
1.488138496683849 -8.232070581457155 0
1.488675859756083 -8.330939517809155 0
-4.254784466514231 -9.284783164445479 0
0.7673964193616355 -14.23637051755487 0
-1.488675859756089 -8.083767176929147 0
-1.488675859756023 -7.984898240577129 0
-1.488675859756038 -9.220759944977383 0
-1.492977098448084 -9.317470966435376 0
1.490074350186601 -9.319724999327669 0
2.068147163439366 -9.043797200726008 0
2.112221861455703 -9.19073229410534 0
1.489022122287089 -8.182230930722163 0
1.488202586542458 -9.023298069610169 0
1.488675859756037 -8.924153135921301 0
1.579283935366452 -11.37165727277491 0
-1.491956715720983 -8.727200096808629 0
-1.545308216721887 -8.695494623300563 0
1.489575415214307 -8.622166234659739 0
-1.495780813817869 -8.623922342463592 0
10.36523693170956 -27.30727541672628 0
-4.85499240724137 -7.961804606035304 0
-2.84200138537212 -10.62768460601841 0
-1.48701060180299 -7.54018122510989 0
2.24788463588966 -27.05802420589284 0
1.492294023052565 -7.786192934843708 0
1.496718569702621 -7.886218071650356 0
15.14922393619378 -18.4261323922684 0
1.490506962402379 -8.081658830934265 0
1.488675859756091 -7.984898240577129 0
-1.750455209580896 -9.583841902083744 0
-2.73880202450193 -24.25707448504174 0
2.039521277671539 -9.511294483275945 0
2.070625453672408 -9.662142087056175 0
4.280867649690246 -16.54075410352623 0
-0.3946425856027692 -10.48199730575204 0
1.492666380162108 -7.736597227829497 0
9.709576789323151 -13.26135288882804 0
-1.802859789526637 -10.23420632977144 0
-6.573236209739355 -10.09066767512199 0
-0.759821305644296 -11.04717089844173 0
-1.536574077584287 -9.194648192278478 0
1.129790745906124 -12.65623688242334 0
-1.492375289921414 -8.479484124151782 0
1.489882200304845 -8.380117762335212 0
-1.494261860084883 -8.375795347862612 0
6.293124194494616 -19.51469153643719 0
3.677021434362678 -15.00219865278818 0
-0.9304868072711698 -11.22961900701975 0
-3.224067555331081 -27.27629576308536 0
1.537803814005785 -9.29426407110385 0
-0.5044782935602804 -11.01315338758743 0
11.59310562901084 -14.60708019172685 0
0.9188491019271482 -12.92142243388378 0
-2.208835042598061 -11.81338879119514 0
-9.523485851427715 -15.75834071009469 0
-13.84242581683272 -6.032947220016222 0
-0.9239362810950321 -12.37992275600638 0
-5.556143791879329 -9.860088066997946 0
-5.828562710158593 -9.517732904083068 0
8.835494067081191 -13.28874540073681 0
-3.916719823571192 -9.273092833713218 0
-3.72434112505012 -9.030904917644197 0
8.585853459103355 -6.260801279063816 0
3.584442322629567 -7.885548593294733 0
4.236680663990898 -7.218090205051361 0
1.539036171628252 -8.30622228372116 0
0.1281218311168012 -10.17909474734457 0
4.202575450252389 -12.40122052064588 0
-2.323733640137389 -11.60159217870123 0
5.162572412983772 -14.27103907171616 0
0.1697102773681275 -10.92359569050297 0
-0.1712513386579191 -10.96286081004413 0
3.575264794520205 -9.023038759536339 0
0.5658345996970355 -10.48416489700643 0
-13.32120259435088 -21.85191445832678 0
-3.278605233115463 -8.989974905425015 0
13.11333232018738 -19.44430695688483 0
1.169549560018153 -10.48016406500873 0
-1.494608598715959 -7.884385433109404 0
-4.535821233250497 -7.115690265171185 0
-0.432805456363507 -11.46614420744264 0
8.018270866873806 -24.67195783055229 0
-5.885644945725808 -10.58071019707575 0
0.04827717395169617 -10.22274829397969 0
1.482302524296745 -7.643800410162656 0
-2.536020852575077 -7.211949236906399 0
-2.629191793697968 -7.493153584406431 0
1.488675859756089 -10.0611459039695 0
-1.546054084024207 -10.86731233787014 0
-0.445347740052225 -12.35056650320156 0
2.245904032737898 -9.721546154680594 0
-1.493014465930567 -7.640671776745377 0
3.088043280769138 -15.30816185890245 0
0.4948598506132087 -10.99302424873071 0
0.8437235215486596 -10.46262324503932 0
-1.698465568094406 -7.484074818859884 0
-2.446591803808876 -16.23864550891383 0
-0.7320998535178536 -10.51279223417908 0
1.488675859756053 -7.589422495169059 0
1.552369557882872 -7.572129829941217 0
-3.422578048561925 -8.297968451045392 0
0.1886399317504569 -11.43127378770712 0
0.5837994839054398 -11.70315404983356 0
-3.504078403744869 -24.35402506547629 0
1.899053445858905 -17.63068390033235 0
15.05202205839628 -29.03346213512784 0
-0.5133152113393644 -26.02605561673965 0
10.52510709341911 -7.362723550181453 0
-1.646330934969456 -11.99059690289464 0
-0.1899217343449411 -25.23522192212019 0
-1.481500011625415 -9.666533945248236 0
0.2848842063529098 -10.5056748258938 0
-1.391190326068672 -10.22887161727442 0
-1.875287983452053 -10.41754614863609 0
-7.967042264687761 -6.996054104192153 0
3.161032104118594 -6.26792673683911 0
-2.516377516512859 -9.187905934581792 0
-1.737663341211003 -10.31075737664268 0
-2.724505605919465 -9.78871268920275 0
9.846778550131248 -28.91118863119464 0
9.517099284428596 -27.45478018492975 0
1.221506092588995 -7.422658557093975 0
1.196577396821923 -7.367432108236028 0
1.071933917986261 -7.422658557093943 0
1.263632959806128 -7.371066775556808 0
1.122502522180613 -7.371850651431662 0
0.8725043518492821 -7.422658557093975 0
0.8475756560822062 -7.367518368815942 0
0.7725997943834962 -7.370366126421972 0
0.8105237021370675 -7.294759148011301 0
0.8975494386019652 -7.294216210245974 0
0.7137532429328393 -7.304103938950636 0
0.917723553277354 -7.369009922121861 0
0.9901473420424405 -7.314428045620436 0
0.7727516139013335 -7.429471178013588 0
0.5235026111095694 -7.422658557093973 0
0.4985739153424944 -7.36761636817614 0
0.3739304365068353 -7.422658557093943 0
0.5725964807530061 -7.372190128328214 0
0.4238858898410409 -7.3707981043844 0
0.458756729951031 -7.294785699831932 0
0.3685087899894873 -7.293935190419205 0
0.4090344511022265 -7.193258221763562 0
0.284713789202322 -7.201900367986868 0
0.1799044224776113 -7.09536329253574 0
-0.07537322781515693 -7.42076789192534 0
0.1491589118267242 -7.246342884448563 0
0.04408554222173204 -7.144907882509347 0
0.009547540389286076 -7.279641633735882 0
-0.08144908432460705 -7.189700521122365 0
0.02376894835207887 -7.425852823269153 0
-0.1017594939990235 -7.304580956531867 0
-0.1874653963741938 -7.229500148121581 0
-0.1832285110365611 -7.099488583013791 0
0.2672915184447743 -7.313884427142835 0
-0.2918317195056576 -7.17300591683245 0
-0.3331953265936413 -7.280467740643416 0
0.1796173860289598 -7.355561247890434 0
-0.1843097492612401 -7.337430669783846 0
-0.2762915422939172 -7.361662439078507 0
-0.159821549591277 -7.395350129815421 0
0.1745008703698564 -7.422658557093972 0
0.08964640733462771 -7.34840239574218 0
-1.170817744529165 -7.421601542721101 0
-0.5202010467873683 -7.418613283529952 0
-0.5473377067292468 -7.36336449551398 0
-0.6730747857123036 -7.422658557093943 0
-0.4730011159695622 -7.369485926198475 0
-0.501945513975129 -7.29065910067936 0
-0.5974098946197892 -7.301113016408613 0
-0.4227155792707725 -7.299718650182182 0
1.121933552052527 -7.42976808301552 0
-0.6232173941780603 -7.420075103957041 0
-0.6505004151700151 -7.363061399313327 0
-0.6864038157962168 -7.289606343730384 0
-0.6387161268940227 -7.198903910421173 0
-0.744529982858829 -7.204893903587143 0
-0.836464440219348 -7.291075321363176 0
-0.887493931041752 -7.177707268127262 0
-0.9410808161144353 -7.280856417777835 0
-0.7228861930440472 -7.372297141924098 0
-0.7891491038167542 -7.052777660236144 0
-1.024101345303405 -7.183621392964186 0
-0.8779909887886284 -7.427848748558497 0
-0.8804407250038487 -7.366613426739177 0
-1.27136348412324 -7.422658557093974 0
-0.2732257196685086 -7.425103308643584 0
-0.9722191349177716 -7.42265855709397 0
0.423807440401072 -7.429557573606068 0
1.542341500177927 -8.456293322584159 0
2.825036238008023 -7.4524055632074 0
-0.4734398016282212 -7.424175509968339 0
-4.289770307577927 -6.106304550515944 0
-4.792800082404403 -5.692765457199423 0
-1.77486373165255 -8.284560626501101 0
0.5732072982656524 -7.429835978394842 0
-12.08232436068918 -13.41979769553011 0
8.847798590402862 -24.5171969674104 0
-0.1277053487165339 -10.48459873128982 0
-1.864491994557355 -9.379530466768099 0
-1.983341859292828 -9.357410432590525 0
-0.02203151730659899 -7.416325317370378 0
-0.04562072769848094 -7.358359748798282 0
3.305214485298841 -10.43985362795288 0
-0.3204455366425657 -7.417235155283031 0
-0.4237878280410801 -7.422658557093973 0
2.02082279568862 -7.22814391349088 0
0.2158850976302705 -6.916202543026298 0
0.2210562318860854 -7.416773133057777 0
0.3240730449725899 -7.420190833767444 0
-1.811594427740707 -8.973692209662486 0
-1.858146413894605 -9.051874140784399 0
1.269817379259818 -7.429611307840561 0
-4.350963754727745 -24.4964892081205 0
0.8060700996711847 -28.86002719980301 0
-0.7229229804060481 -7.429857381114007 0
-0.8226469603150384 -7.422658557093971 0
0.6232173941780587 -7.422658557093971 0
0.6503303028736732 -7.362445939725998 0
0.6042883134856598 -7.281870633784831 0
0.7229321772465478 -7.422658557093973 0
1.227261323774868 -7.294076055793187 0
8.369104768339515 -7.069051476629644 0
-0.06982356559888024 -29.00508142079797 0
0.1427580341399257 -10.46315391100253 0
12.34287172699255 -5.29324364872272 0
11.71624658931137 -6.19124037269861 0
-1.825156719784119 -13.84257099079022 0
1.103655122976696 -10.89324732347591 0
-1.12165281676625 -7.420188859520218 0
-1.093514367790914 -7.364900999225414 0
-1.028991718872595 -7.377664451866247 0
-1.023459564936132 -7.430930843102441 0
-0.548691936448569 -10.22723886007365 0
1.65040936976186 -10.7172201731695 0
-12.07998838596356 -28.78745424430744 0
1.02641774243477 -7.424302085032648 0
1.046195869521559 -7.372031047994955 0
0.9223617433835267 -7.422658557093973 0
13.68317194258355 -20.14884911238515 0
0.5082444109546804 -10.27499527719055 0
0.7182423061409071 -10.50907569197991 0
1.486318554642406 -7.490292621435334 0
1.685190870324049 -8.92948028672739 0
-0.7098517132840638 -10.7325408927049 0
-5.190482181123101 -15.05253932438368 0
-1.589225486338602 -10.10425408978287 0
1.348339345183667 -10.43202465773 0
1.555989270985974 -10.31100930888216 0
0.7398560837074026 -10.95151767843068 0
-15.12648739553558 -20.40740585259973 0
0.5071990509896095 -14.96111021026183 0
0.6938079179158886 -11.0804923356459 0
1.688467159424971 -6.912385983171216 0
1.657307171984999 -6.608733244611223 0
1.428228159370871 -7.420353770716982 0
1.390520003098244 -7.361653229350774 0
-1.669435147339932 -26.99967895874921 0
1.542327367529139 -7.861312070137158 0
-10.12573834059022 -8.304781796980897 0
5.30666837914732 -11.1028631206995 0
-1.085605109913233 -10.76170617911394 0
-0.2672507445107921 -21.02471301404839 0
-3.599354330269835 -10.25729938978506 0
-1.491049633576533 -8.77815159255338 0
3.940098385197538 -6.753775250203443 0
-11.21081339608705 -24.62685456191493 0
1.32353036853369 -7.408930212864604 0
-0.224358261904101 -10.1753698468002 0
-1.096862613753358 -10.22305833162976 0
-1.052697191564362 -15.20733892979441 0
-2.644727421070569 -11.01784349660289 0
-1.747416275132013 -8.466194051440365 0
-1.887856913222626 -10.67532273355149 0
1.002511368247872 -10.47499446152266 0
2.662179026865156 -11.36957864572819 0
-0.5182379072375506 -10.71241011115698 0
-14.33071488452218 -21.86793211689504 0
13.50798242085202 -9.923919455787177 0
-1.539690452124223 -10.26510541105906 0
-0.452249300917911 -10.22031635185861 0
-1.773612518206775 -10.74344819113266 0
-2.640131637449587 -11.54232447881204 0
-0.203833676321071 -10.59734462106547 0
-1.421609684681325 -7.109184669641429 0
0.3468370620985703 -15.38773537388826 0
-0.3566635647484889 -7.356330742292253 0
9.71981611817043 -24.35820397508876 0
-1.71889534364697 -10.23454297791839 0
2.073680052807258 -8.652128428529526 0
-0.09723770477508491 -11.06758904957567 0
-1.554474164168206 -5.785331888967022 0
-1.036829651123329 -6.124865223311117 0
-1.847887543884519 -14.54780295779395 0
0.03024418402756698 -11.44102575214126 0
-0.6550052257235182 -10.21958079020768 0
-2.937890925737736 -10.99175856640702 0
-1.225518601400456 -10.24778454488471 0
2.818435704842984 -27.74907160599444 0
-1.991256780622117 -10.01294118183862 0
2.285221747517628 -10.40831977582933 0
5.906425969681662 -27.93806077593306 0
4.329787937773957 -11.91001813431583 0
1.768526963563668 -10.21049489691425 0
0.965580156184637 -7.216100779877413 0
-1.752317401103133 -10.5037963954428 0
-1.758340302845309 -11.4377532253982 0
-0.5597433817698515 -15.17194301958638 0
1.777330727974515 -11.29949657759158 0
-1.538155082779924 -8.645506583960552 0
0.6720112699418284 -10.5793231771114 0
-0.0985937462464487 -10.22124699263323 0
-4.49999750867064 -9.700130262075925 0
-1.490272738503148 -7.782629122212697 0
-2.321227927555101 -8.03475211266211 0
-7.726780974401275 -10.16426156424687 0
-1.64547755272863 -9.966389241141574 0
6.745453819902651 -20.06089919821162 0
9.443301565283033 -5.168006377370279 0
1.974317941916309 -9.253247090807694 0
11.37197911172378 -7.248386399607293 0
-1.881312136306032 -9.181182031985298 0
2.130022334529083 -9.810183560112444 0
2.129820839073483 -8.402400110192755 0
2.867456067516611 -10.66577384518889 0
1.973508617408113 -10.53334410724738 0
3.425300716798629 -14.37607162218971 0
5.767645569357492 -14.2069815045264 0
1.933505658433231 -9.705701821463817 0
-3.08114145746122 -9.876882930056432 0
-10.2187289702585 -15.8508708371821 0
-0.7365973010391192 -14.43902662573005 0
0.4931942343891713 -10.22218261898317 0
-7.093318382917652 -10.13304146774226 0
-1.044292410312797 -7.299900033874563 0
-1.481317856509272 -9.023021835080598 0
6.007702870047297 -22.24153563734156 0
-2.4545172033723 -8.854216581013407 0
-2.642351292746531 -13.06824364385011 0
-5.928691211054892 -17.5607565093624 0
1.188187054173839 -10.40894350120255 0
-0.9354506933569106 -10.58610162884034 0
-4.002622907157801 -27.35065419143328 0
-1.425534599783589 -7.413312475962922 0
-12.67141488330989 -27.99749668001481 0
-7.791203749306383 -28.8826217703988 0
-1.644572210005011 -29.72778072369924 0
-1.315164877498431 -7.425720423926739 0
1.089603812971237 -7.298164320596393 0
-8.293935162346871 -6.214855048547022 0
-7.584685698662916 -19.05921244683105 0
-2.538235142421892 -11.202004630644 0
-14.22327250119401 -25.82779025112468 0
-2.364346058742535 -8.366934338165828 0
-2.635342473248738 -8.929008578287114 0
-2.426528859419098 -18.60297574446801 0
-12.4813956669162 -5.236987342531499 0
-0.7688902063530322 -12.58329421441094 0
14.43863710504864 -15.13944007387316 0
-0.02528021287697816 -10.67470534059215 0
1.60216539894837 -12.88046399413395 0
-1.539554739558917 -8.059049942841188 0
-1.482062678623134 -8.182682261160522 0
0.7977182645478644 -10.21974150195957 0
0.6572246894968772 -14.59724725639153 0
3.075660786484321 -10.1529219701046 0
2.792152924681746 -10.89680686936802 0
-2.295368436628613 -7.692731030160547 0
-2.194631220609131 -10.39486290280608 0
-2.282941162401339 -9.684881013884759 0
-1.274849032541189 -10.1707289778076 0
1.492813482893001 -7.433952517145359 0
2.274124750988687 -10.21432243454713 0
1.533355616089541 -9.534557087640259 0
0.06283551584433822 -10.91609634245972 0
-1.585466079936722 -10.04623618327252 0
-11.87215357400902 -12.60075621457185 0
1.416760600107612 -10.29106421923412 0
-5.451848178545943 -8.475374734392275 0
-1.536157158783197 -9.098218867164396 0
-12.62392205506732 -24.0245540194087 0
1.959881925309941 -9.955274993846269 0
1.058804771298288 -11.02503237734748 0
-0.7986687019029242 -7.365586345445603 0
14.11933760831936 -8.392204949004775 0
1.550254669159281 -7.974075497639602 0
0.8752288525062601 -10.53177876532314 0
1.67668288199449 -10.20527480159863 0
1.602888151744602 -9.927262249905194 0
0.2897975600221579 -10.20669227737499 0
-1.324950333670709 -26.18531464183851 0
-2.442841544383468 -7.584899052897227 0
1.618373385224548 -11.175381338541 0
3.439012865628935 -28.41459509246177 0
0.3490017407396379 -7.367307369531829 0
2.537998730778083 -8.267011273087341 0
2.605943498395 -7.982700954498302 0
10.86919658637585 -27.87876198421721 0
0.87215193382793 -10.16785857843292 0
-5.615723782934894 -23.99479525743089 0
2.000515791786922 -10.38595699802085 0
-8.256272469316437 -19.14766835824601 0
1.490352954522702 -9.075096884845339 0
-1.534783711912972 -8.454525688249257 0
9.571825723722711 -14.50010958218833 0
1.67481736292403 -9.451178763548473 0
-2.771396963962989 -11.74796132902056 0
-10.48156144893208 -16.50373315370509 0
-1.543274228332927 -7.963382208572604 0
15.19359931736652 -20.40586332847341 0
-1.219269104497513 -7.19125056027587 0
-0.9722673096456382 -10.17330593244788 0
4.934735595785614 -28.99011869234281 0
0.06438524136187516 -6.990597190083873 0
-1.5268386937582 -9.14787428243619 0
-1.544251361089574 -8.118307995740338 0
1.388981275009288 -10.35463051261671 0
-1.784317479848233 -9.720593563412194 0
-0.8424741414234261 -10.21598553138791 0
2.240077978215049 -7.97945766646539 0
0.06811531519565854 -7.411496347975255 0
0.02015926989608845 -7.367325799210784 0
2.86999621480185 -11.58418384762566 0
7.481875966423917 -19.99463150195548 0
-1.775395121622553 -7.756847950987274 0
-13.08425495735831 -6.089658335262987 0
-14.23613214863924 -8.587611155862257 0
-1.825461511915301 -8.792964197026034 0
-1.913012513789454 -8.829976744227459 0
-2.432540987979497 -8.686580514397484 0
-2.550343052493703 -8.408911408580853 0
-13.51213574537514 -24.13709365696025 0
-4.304458427569339 -10.18214822207792 0
-4.019616765783339 -10.41089889612861 0
-0.7227788733056988 -10.58127368166739 0
-5.921920411340095 -5.802871365961515 0
10.86932041297759 -22.64034745653925 0
10.78526092134246 -23.34199339027865 0
0.03348989205659027 -17.13267860036699 0
-0.2819949334097402 -10.21602019983617 0
-0.06476018099699579 -7.073529589215171 0
-0.1527606073275107 -6.945982332929162 0
-0.3087452848770338 -29.79248490822497 0
-1.49425872750629 -9.526803419051488 0
-0.8431640471893178 -11.36787571769359 0
-0.5316822362696472 -10.50843634149209 0
-0.9223617433835269 -10.17117474425858 0
0.5106972261282676 -7.084034454134395 0
14.34260237411754 -28.31570427352634 0
1.489643474153391 -9.174791110798706 0
-1.865994020878561 -8.117218764735011 0
-1.736451932467951 -7.659338385880284 0
6.815409191768432 -11.30598969833058 0
1.714521876186553 -8.425583336072171 0
13.64225442224373 -25.18590763553698 0
-6.11389812798953 -18.29660961587311 0
14.18105588956365 -22.97168278953396 0
-6.043326807418254 -10.0478762769856 0
1.828790616696464 -7.292086218867631 0
0.2396119305493775 -10.55939321457751 0
3.377487867610074 -9.286035108085347 0
10.06370540003645 -28.05059114788289 0
-9.541072010848403 -11.8845311659861 0
1.891333168912338 -10.29384057593894 0
14.33284025571729 -20.81152359450646 0
4.812578752387306 -20.26571181050114 0
0.8537462218880858 -7.203480997028882 0
0.3758753878986259 -10.59566335913785 0
-3.25020264614387 -12.55016008072486 0
1.726068744109954 -8.783656417818953 0
-8.708031628022791 -18.6183759177296 0
-2.206090051817847 -7.358538418744341 0
7.348751288167524 -5.992230789450135 0
-2.212906903141905 -28.91438724184386 0
1.112855919499408 -11.59957528621111 0
-1.418201489251374 -10.43770442413289 0
5.873248282258151 -22.93282876571143 0
-1.529485584344944 -9.98699420170546 0
-4.656034737668826 -5.068188066442303 0
0.8458909791110689 -10.91243597830944 0
-10.59762062837219 -7.603428518840817 0
14.44765018344932 -11.24789591352739 0
-7.133832860195985 -19.59329989681321 0
1.147270395760214 -14.55050905229662 0
-12.91332166962249 -17.8979767608121 0
-0.9055872649627192 -14.79324170688226 0
1.30524283227828 -10.49802050676517 0
2.234244762203901 -9.110161006061633 0
2.146508822120019 -9.336487657027394 0
-0.5514330574413565 -11.12235970082995 0
-13.61494841310415 -28.12946517014794 0
4.649993233294267 -17.02074916781452 0
-14.4528244555333 -22.77431978168031 0
-4.91806890559573 -27.40263277599815 0
0.3201703455914389 -5.033085811046879 0
-10.12410652866695 -12.94323148143442 0
2.714190843007009 -11.81971087428739 0
1.529328909274644 -9.342068883745974 0
-7.347895359005751 -20.26881824007731 0
1.534066414839088 -8.802986790473046 0
2.583342671380065 -7.691586615956041 0
14.34389352590554 -9.833950646350925 0
-1.532175067520636 -9.733126633611516 0
-13.53515762077836 -19.0809521220547 0
-11.59464312453556 -18.16230635482858 0
-1.69311832157943 -6.473490611280239 0
-10.73607193339641 -17.22106418018023 0
10.08368789201256 -14.99477009719459 0
3.130476429120311 -9.878076211767358 0
-9.843440189774862 -12.35742239488558 0
-2.636416859323809 -19.16728509653344 0
-5.15690355417609 -7.565830812707703 0
-1.479454047536073 -8.922439435162955 0
1.482777246632901 -9.811327597219742 0
-5.200248413437508 -9.170889511264239 0
-13.10803463852461 -12.16637938043799 0
1.536544612672067 -7.651421148199174 0
5.537332712278918 -7.898828203377889 0
-0.1252664553117823 -7.426239979492592 0
0.2101250627518582 -21.40073084235192 0
-2.46754550891604 -7.942895742842026 0
-0.472283686272252 -17.2441600322536 0
14.41346028385306 -29.8725822615031 0
10.43733330899705 -5.084774874898716 0
-1.792317162676978 -18.4998304981962 0
-1.137720308575902 -7.098806210968712 0
4.83609866823292 -21.44452765524024 0
-10.39112375154073 -13.52284127513756 0
1.816544193943504 -7.61592896405485 0
4.475567844731788 -7.633005155697267 0
1.974926950203081 -13.65482400975772 0
-2.202091010543965 -6.946766021623599 0
-1.82534745873301 -9.548441195075437 0
0.4041785411412535 -10.2175858661548 0
-0.2788428478660147 -10.9554695279735 0
7.851894505430548 -20.50966655925441 0
1.32002984933158 -7.305904994258805 0
0.5282880338458121 -7.306791783815116 0
0.5072247296968692 -7.217496088954466 0
-2.39183863885376 -7.388927663774549 0
-1.516906254004392 -10.34383082714821 0
0.4914652841585379 -11.88797483135341 0
-4.386535845984006 -11.42176404440802 0
-1.543506136995752 -8.963688402866984 0
0.6544161701122244 -10.21072140837298 0
0.3485364270440341 -10.2155217939647 0
-1.765797931647932 -10.8601704448416 0
-10.43831995824062 -18.64377523079319 0
13.56462018742451 -7.6895980472938 0
14.4539849751833 -17.841756784944 0
-2.446171371169514 -27.18388469186508 0
15.31012559778725 -22.30591674666438 0
-5.39766858482288 -15.56303827860098 0
-1.148983529159164 -18.39762046533067 0
1.547819198314436 -7.810934498098199 0
2.852921920574467 -17.73104296138381 0
8.892202643169229 -29.03080476474003 0
-2.073101224030962 -10.16333364047359 0
12.6304396988369 -24.11154797174298 0
-10.93408484016881 -18.02281584211471 0
0.001597197629345032 -10.21553245124885 0
-3.490606045675527 -9.09262155533289 0
5.583349649891642 -11.60234481754874 0
-1.54093352872964 -7.854931939169033 0
-0.2903919822544783 -7.014860723639845 0
0.4815950434942856 -17.03865015976887 0
-0.5012060854249967 -11.62153244623951 0
-1.99140678608055 -5.285019108268958 0
6.19700608844266 -14.67043735124095 0
6.71573783948354 -28.92234268002223 0
-9.317784257469025 -18.70594318715244 0
-5.345377071726237 -5.904064033036901 0
-2.601355925867198 -6.086847062568692 0
-1.684870857190324 -7.088023270076373 0
1.536358314168808 -9.103179581993391 0
-14.39849073934764 -7.155605937046836 0
-0.5628687596965134 -10.64623880052824 0
-1.537454083186803 -7.614139729257085 0
1.062811373629472 -7.204452339020424 0
1.599231133951746 -8.458920960905507 0
1.480152515519734 -8.578656174854251 0
1.85168043056594 -8.170291489300393 0
-1.527526708358887 -9.286902465909298 0
-1.190521801077198 -10.21468761955686 0
2.469800522384932 -11.87089340309404 0
-0.3980566005752984 -11.11132173589838 0
11.74219015419717 -28.94950006356591 0
-14.40669777846829 -24.22054439870564 0
0.4487165238082265 -10.21410640770161 0
15.19762701978292 -5.183090068303249 0
-15.17527904037781 -29.77855035655743 0
-15.19914190639913 -5.18149407133194 0
1.685169509100043 -11.50357134123318 0
0.7422953344778874 -11.8526783857345 0
3.659875959929665 -6.30428483127247 0
-2.180529714725946 -9.879444408502497 0
0.4483017309983001 -6.910988630215815 0
2.084797586976397 -10.66264377651683 0
-2.768228285820196 -28.10744349953791 0
1.644857491131363 -8.174176965350663 0
-0.1116603321250312 -5.844531508447192 0
-0.1346191392695796 -5.333141985180285 0
-14.53405973660143 -12.19354552558406 0
-12.37361173215276 -18.28642038707932 0
-3.265708757866677 -7.692874187110083 0
-2.550652935870264 -8.577076599641575 0
-0.5979257210536552 -10.2752194190648 0
-0.1778296645299032 -10.52923830070884 0
-1.858773308548496 -8.352566573699344 0
1.533132734805943 -10.01303296128595 0
-13.60896795527478 -11.48228902386261 0
-0.1032376261512972 -7.376568340526454 0
2.239054196452726 -9.87904615910908 0
-3.356779789830771 -7.99916783351412 0
12.04064678260191 -22.5145639003131 0
-0.740878282353939 -10.21908406409692 0
0.7545788195946495 -7.197772267856308 0
2.209380408913855 -10.83003786767152 0
7.165948549173524 -11.7519624160847 0
-1.851434370087341 -10.54586713681713 0
-4.008084747897199 -8.590811058240387 0
-1.440511228273066 -10.25377043482202 0
-6.848463023306556 -20.86123568463992 0
-2.802129828793531 -19.70366489447585 0
1.915860921459905 -11.11123975503837 0
12.95024346412165 -15.90772857702065 0
-1.530921464994471 -8.55257136178048 0
-0.6364964280828244 -17.6408713461857 0
1.53859584158709 -8.694673572007233 0
-1.375581713231083 -11.01237530681273 0
4.788982437077625 -23.41232602642518 0
0.7432889389937127 -6.412828196898598 0
-1.208130920080598 -7.373058497541805 0
12.12779770461167 -15.18155747580888 0
-4.901116616492349 -7.193612011457294 0
-6.305931883481407 -5.140322427837468 0
3.527832898974375 -5.820395719553639 0
-11.55471898418506 -6.140763462838594 0
1.449154433572323 -10.8686533454339 0
0.7478608730136989 -10.21405599109131 0
0.9518023881873767 -10.53882469391902 0
-1.934291073160051 -9.441774743088382 0
5.467318337343125 -21.27665187403166 0
15.20130290031515 -29.80538467195443 0
0.2485570077637148 -7.375058184128934 0
-0.4287614104135147 -7.209491778988946 0
-1.603836748194563 -14.82859675598482 0
-0.5492409726703346 -11.77555198223675 0
7.985312235303608 -5.875224160793147 0
-1.137832613060487 -7.317517551678628 0
4.103110643805223 -9.385066925077258 0
-1.629313075129046 -7.348507851115425 0
0.2368825755222783 -11.9146179816646 0
2.332711348053874 -5.980787518153551 0
14.46219704307714 -27.55353950161685 0
-10.96555926252953 -13.56074904997975 0
1.541194591885931 -7.496803928631026 0
-1.525039653217105 -9.837631218581837 0
1.532349037621179 -8.204696281625953 0
1.531487908320044 -8.157918879193202 0
-0.06890310483030618 -12.49684808772885 0
-0.01383862459431164 -11.71608294209575 0
-1.002632992937998 -10.27908606097634 0
1.736902128071153 -9.017466177928959 0
-1.735062940852559 -9.879198275042075 0
-1.146720005287651 -10.21311379739459 0
1.697180825670669 -10.27144174185359 0
-1.386256964484995 -6.944442243368384 0
1.260511674103314 -7.201490838337529 0
-0.2657413959762586 -15.0240301411393 0
1.532401586511316 -8.034301490830934 0
13.67490630966144 -12.82025783695056 0
-0.8219746133059419 -6.896319019617675 0
4.02921795788458 -29.06920939746302 0
-2.496181935650487 -8.178492050242856 0
-0.9638468626232954 -7.360091215445053 0
3.499488944339228 -29.88301768391956 0
-11.08068796413049 -6.867405292976473 0
-1.581834220162151 -9.215788108023235 0
-2.68008924414193 -5.727287380068615 0
1.213165851806045 -10.8542719398653 0
5.740292191091258 -6.876766219286663 0
1.531856684731145 -7.706247978071405 0
-6.000933060635277 -11.66211719458478 0
-1.532776407210072 -8.806556422845041 0
0.1534857073727094 -10.21915690005015 0
1.041554402939311 -10.55958717068962 0
6.746464928354841 -14.56051673595544 0
-1.595429154809714 -8.14618327183813 0
-13.74354578850131 -15.67840714733842 0
0.275393639598035 -10.16608049570404 0
1.65649442941194 -9.968518796218888 0
-1.226846207310197 -10.31925788662843 0
0.4740994781088014 -10.311662899729 0
-1.534597583802177 -10.02894576410194 0
-1.479902251730643 -7.73895374203418 0
1.210072672920159 -11.72708612722742 0
-0.1524777024338901 -6.742378867290642 0
-0.9205953998061385 -10.67183632456806 0
-0.4104352430476099 -7.373160344321636 0
-0.5462579107789616 -7.19830197366057 0
-1.934427121168174 -8.433297456856907 0
1.475150402978793 -9.768727528252668 0
-5.585806483148384 -12.13183271648365 0
3.13650078211794 -10.636448327654 0
-1.533085509492891 -9.242802885944636 0
2.162348054955971 -8.546438769810598 0
-0.6689729396917016 -11.12734475404261 0
2.42132054460622 -12.21167194848851 0
0.7093528215499137 -7.366237331043894 0
2.94417743012571 -11.07457077028499 0
-13.58007582081747 -9.162250128240325 0
-1.055163154728989 -10.68702041761722 0
1.394652600578844 -14.20705640312619 0
1.947080786268763 -10.95174759027674 0
2.888737015472981 -18.69215472116892 0
-1.529549115262827 -8.00928988073213 0
-1.7629995132965 -12.17906609050489 0
-1.814204955502703 -10.3386557821464 0
14.4125476212968 -13.81830934645558 0
0.4404660569716382 -10.52748659299009 0
1.862643449359852 -11.82116391874907 0
-0.3517548949573625 -10.20969576682859 0
0.5756828928759748 -11.0777087590203 0
-1.053374617011834 -5.622076579379771 0
-4.49235516929008 -18.36924085293391 0
2.397903635653071 -9.638165578185447 0
1.153695495736508 -7.118207992158048 0
4.985539114138159 -17.45672934856198 0
0.6742015612249722 -7.068630849240764 0
-0.8703687474551451 -12.76061319002215 0
-1.487197095642429 -10.28084392696669 0
-3.320481958642337 -9.425923942583099 0
-3.850125558707902 -10.6852609155052 0
-6.422177050820239 -24.15322585902532 0
-4.79507998924626 -13.71222860362074 0
1.741882887114357 -9.483745717817946 0
-2.3976375490997 -6.997222386705763 0
1.321091534482728 -21.86758968812066 0
0.0347819467385997 -10.59468043256519 0
-1.53355213163356 -9.559971408488222 0
-4.824522162322942 -6.820436518888638 0
1.052591354179908 -10.21783758974879 0
-0.9080124765030801 -11.50372178064044 0
-1.884131519049002 -11.2949018171642 0
-4.547075220232103 -11.96922604370044 0
1.204707732563065 -10.22044443858876 0
-1.457700253007681 -10.38323657960079 0
-2.07285929450302 -14.29193873452962 0
-0.5267957634466746 -6.983108030866704 0
-0.626552063113286 -7.093676888736544 0
-8.577568696945301 -28.93788761920323 0
1.924942359562905 -13.9700043556218 0
-4.315294770508701 -9.545047086371122 0
3.931410446469886 -5.380731743901945 0
-1.881135008237778 -7.782237665434191 0
-0.1745008703698565 -7.431654868892701 0
-0.5983650826681868 -7.37361750123668 0
1.524917602058806 -8.252400302544334 0
-3.187604968927975 -11.95842000388483 0
0.6980034814794033 -10.21099790718971 0
-14.59623180254131 -19.862783427785 0
1.910838698867825 -7.035097453798544 0
-13.7838396209699 -14.48256599412593 0
1.530518805512784 -8.353227311885817 0
-5.09612024823445 -13.27840715046486 0
7.981009904002235 -29.11014735441312 0
1.484211198661689 -9.222951994878281 0
-5.683871849690807 -21.2045805658642 0
1.617273480475111 -8.957274237222794 0
6.240412953846008 -11.5357812568402 0
2.12166467680675 -10.48661258501787 0
-0.6978926419887621 -10.20876768798816 0
-0.2438045907943512 -10.21097392215579 0
-5.458234648283156 -12.91907920176272 0
1.611112127693787 -9.863607726348585 0
-2.070094242557353 -10.07758430688953 0
2.683209354395345 -8.711350520292791 0
-3.734699500540579 -12.96312503457547 0
0.2926277930718124 -7.379469226265983 0
-7.576057715360997 -5.024257813570049 0
1.36975749569523 -10.97693510125145 0
-1.603971529960105 -9.435252446170638 0
-1.590582920946117 -7.9479562841372 0
10.98488023772923 -5.841690737867122 0
-5.768046483162953 -27.46177125262374 0
0.664438040836271 -7.233582206462806 0
-1.450213305064126 -11.14213312438072 0
-2.083817100970915 -10.41398178798455 0
-3.742092855147334 -8.429742712713729 0
-14.52256092694004 -6.400096813437102 0
-0.25461874680573 -7.27641338289196 0
2.416692266552558 -10.13412022596382 0
-3.818837195460222 -10.2501079456456 0
-0.06856307830126626 -11.59052029944802 0
-0.5873084412124372 -10.32875364110693 0
-14.45804034456076 -13.4786603717648 0
0.7187260030270014 -10.24864789136429 0
-1.784923383927645 -9.048322003254679 0
1.589703855768729 -7.698291547198471 0
-0.2925648768914019 -11.42406663079506 0
-5.562493152894993 -16.01685648796018 0
-2.853071579592643 -9.923894292870088 0
-0.4986987879059125 -10.21099176090511 0
1.193060699761481 -16.39098912236635 0
-5.254842504938895 -18.37393502482853 0
2.376190323605109 -8.287163560392749 0
-4.582692757425382 -19.33247708739778 0
-0.1448508267566513 -10.30053505448264 0
-1.919347220089563 -8.629341028893052 0
-1.346149571424583 -10.21245862110943 0
-2.109960621756721 -9.411334707864313 0
-1.146389692445483 -7.379453490137433 0
-2.633903798474032 -11.35963492467822 0
1.527967749947873 -8.999354747829603 0
-1.993415203194416 -8.772109959763869 0
1.524243926704065 -9.716133330552573 0
-0.5217526607051243 -10.58742585108216 0
1.519625438502647 -9.832319157362271 0
-6.982972646499065 -5.145914149851611 0
-7.942455797832451 -9.750606502882569 0
1.472054941189048 -11.94406882501698 0
0.1845934924013352 -6.727616807128015 0
-2.613893505203031 -9.674237119115311 0
1.159424872957958 -7.309453208472561 0
-14.40136160967866 -28.28999868626703 0
-0.4008761124473528 -7.062631591311101 0
-3.083781302266289 -5.537865330017423 0
-3.118072272667678 -5.011442603159022 0
4.800347158531935 -11.85596396297102 0
1.528121345895437 -9.24828695983701 0
-3.476405457545698 -7.459641272168168 0
-6.216440588450782 -8.232064407394034 0
-7.161719280017045 -13.98449477463572 0
1.652289487895102 -7.667161999189552 0
2.28035800929591 -6.421764417273954 0
6.956450131334023 -5.410834388175857 0
-3.103806640034407 -15.80734845733071 0
-2.810468868297991 -16.29788340290352 0
1.974105227120885 -7.574323432925567 0
-4.476422885628073 -14.04475990120652 0
-0.4468346083953934 -10.69779426231403 0
0.9062533582058796 -7.024135615499862 0
0.4900935178261626 -21.88119145306412 0
-13.60540034783055 -26.37358907347779 0
-0.08149172501774739 -10.62236972292511 0
2.326619282671476 -13.45879288659975 0
0.9453970638657396 -11.59568123925754 0
-5.756084672592504 -12.49483485098925 0
-2.63332887198239 -9.086484424294152 0
14.5388596569365 -6.352042305405121 0
-14.53059869421012 -21.0603458896776 0
1.607294705157188 -7.778457912893748 0
3.255743941888306 -19.21377766653875 0
1.781097812205762 -13.16311150680451 0
-0.7567843240544697 -7.318215068459252 0
-4.089136805558387 -14.53152231763485 0
-0.9281155854527093 -10.31745192309346 0
$EndNodes
$Elements
13 11822 1 11822
1 17 1 41
1 5 235 
2 235 236 
3 236 237 
4 237 238 
5 238 239 
6 239 240 
7 240 241 
8 241 242 
9 242 243 
10 243 244 
11 244 245 
12 245 246 
13 246 247 
14 247 248 
15 248 249 
16 249 250 
17 250 251 
18 251 252 
19 252 253 
20 253 254 
21 254 255 
22 255 256 
23 256 257 
24 257 258 
25 258 259 
26 259 260 
27 260 261 
28 261 262 
29 262 263 
30 263 264 
31 264 265 
32 265 266 
33 266 267 
34 267 268 
35 268 269 
36 269 270 
37 270 271 
38 271 272 
39 272 273 
40 273 274 
41 274 6 
1 18 1 36
42 6 275 
43 275 276 
44 276 277 
45 277 278 
46 278 279 
47 279 280 
48 280 281 
49 281 282 
50 282 283 
51 283 284 
52 284 285 
53 285 286 
54 286 287 
55 287 288 
56 288 289 
57 289 290 
58 290 291 
59 291 292 
60 292 293 
61 293 294 
62 294 295 
63 295 296 
64 296 297 
65 297 298 
66 298 299 
67 299 300 
68 300 301 
69 301 302 
70 302 303 
71 303 304 
72 304 305 
73 305 306 
74 306 307 
75 307 308 
76 308 309 
77 309 7 
1 19 1 41
78 7 310 
79 310 311 
80 311 312 
81 312 313 
82 313 314 
83 314 315 
84 315 316 
85 316 317 
86 317 318 
87 318 319 
88 319 320 
89 320 321 
90 321 322 
91 322 323 
92 323 324 
93 324 325 
94 325 326 
95 326 327 
96 327 328 
97 328 329 
98 329 330 
99 330 331 
100 331 332 
101 332 333 
102 333 334 
103 334 335 
104 335 336 
105 336 337 
106 337 338 
107 338 339 
108 339 340 
109 340 341 
110 341 342 
111 342 343 
112 343 344 
113 344 345 
114 345 346 
115 346 347 
116 347 348 
117 348 349 
118 349 8 
1 20 1 36
119 8 350 
120 350 351 
121 351 352 
122 352 353 
123 353 354 
124 354 355 
125 355 356 
126 356 357 
127 357 358 
128 358 359 
129 359 360 
130 360 361 
131 361 362 
132 362 363 
133 363 364 
134 364 365 
135 365 366 
136 366 367 
137 367 368 
138 368 369 
139 369 370 
140 370 371 
141 371 372 
142 372 373 
143 373 374 
144 374 375 
145 375 376 
146 376 377 
147 377 378 
148 378 379 
149 379 380 
150 380 381 
151 381 382 
152 382 383 
153 383 384 
154 384 5 
1 101 1 5
155 9 416 
156 416 417 
157 417 418 
158 418 419 
159 419 10 
1 102 1 5
160 11 420 
161 420 421 
162 421 422 
163 422 423 
164 423 12 
1 103 1 32
165 10 424 
166 424 425 
167 425 426 
168 426 427 
169 427 428 
170 428 429 
171 429 430 
172 430 431 
173 431 432 
174 432 433 
175 433 434 
176 434 435 
177 435 436 
178 436 437 
179 437 438 
180 438 439 
181 439 440 
182 440 441 
183 441 442 
184 442 443 
185 443 444 
186 444 445 
187 445 446 
188 446 447 
189 447 448 
190 448 449 
191 449 450 
192 450 451 
193 451 452 
194 452 453 
195 453 454 
196 454 11 
1 104 1 27
197 13 455 
198 455 456 
199 456 457 
200 457 458 
201 458 459 
202 459 460 
203 460 461 
204 461 462 
205 462 463 
206 463 464 
207 464 465 
208 465 466 
209 466 467 
210 467 468 
211 468 469 
212 469 470 
213 470 471 
214 471 472 
215 472 473 
216 473 474 
217 474 475 
218 475 476 
219 476 477 
220 477 478 
221 478 479 
222 479 480 
223 480 9 
1 105 1 32
224 14 481 
225 481 482 
226 482 483 
227 483 484 
228 484 485 
229 485 486 
230 486 487 
231 487 488 
232 488 489 
233 489 490 
234 490 491 
235 491 492 
236 492 493 
237 493 494 
238 494 495 
239 495 496 
240 496 497 
241 497 498 
242 498 499 
243 499 500 
244 500 501 
245 501 502 
246 502 503 
247 503 504 
248 504 505 
249 505 506 
250 506 507 
251 507 508 
252 508 509 
253 509 510 
254 510 511 
255 511 13 
1 106 1 27
256 12 512 
257 512 513 
258 513 514 
259 514 515 
260 515 516 
261 516 517 
262 517 518 
263 518 519 
264 519 520 
265 520 521 
266 521 522 
267 522 523 
268 523 524 
269 524 525 
270 525 526 
271 526 527 
272 527 528 
273 528 529 
274 529 530 
275 530 531 
276 531 532 
277 532 533 
278 533 534 
279 534 535 
280 535 536 
281 536 537 
282 537 14 
2 5 2 4098
283 723 1761 1444 
284 724 1760 1442 
285 580 1389 1388 
286 1390 1391 581 
287 795 1676 1675 
288 809 1605 1604 
289 1711 1712 788 
290 1628 1629 802 
291 1876 1880 1283 
292 1881 1882 1281 
293 1733 2262 1297 
294 1296 2261 1741 
295 2143 2192 1133 
296 1132 2191 2142 
297 1366 2153 583 
298 582 2154 1369 
299 1445 1937 722 
300 587 2147 1368 
301 1371 2148 586 
302 1443 1936 725 
303 2122 2262 1733 
304 1741 2261 2121 
305 1259 2059 2048 
306 2047 2060 1258 
307 2042 2057 1257 
308 1256 2058 2041 
309 595 1938 1332 
310 1333 1939 594 
311 1885 1886 1295 
312 1870 1894 1064 
313 1028 1892 1815 
314 601 1721 1358 
315 1360 1722 600 
316 1435 1990 1245 
317 1244 1989 1434 
318 1437 1988 1246 
319 1247 1987 1436 
320 1444 2225 723 
321 1442 2228 724 
322 1338 1413 544 
323 545 1415 1340 
324 542 1409 1342 
325 1344 1411 543 
326 1675 1678 795 
327 1604 1607 809 
328 788 1714 1711 
329 802 1631 1628 
330 1415 2059 1259 
331 1258 2060 1413 
332 1257 2057 1411 
333 1409 2058 1256 
334 602 2181 1380 
335 1383 2182 603 
336 580 2205 1389 
337 1391 2206 581 
338 2159 2169 1703 
339 1149 1415 1259 
340 1258 1413 1147 
341 1257 1411 1153 
342 1151 1409 1256 
343 544 1412 1338 
344 1340 1414 545 
345 1342 1408 542 
346 543 1410 1344 
347 1351 2169 2159 
348 1446 1448 636 
349 637 1451 1449 
350 1064 1895 1870 
351 1815 1893 1028 
352 1178 1431 1373 
353 1375 1430 1177 
354 1377 1433 1179 
355 1176 1432 1379 
356 722 2245 1445 
357 725 2246 1443 
358 1372 1434 676 
359 678 1435 1374 
360 677 1437 1376 
361 1378 1436 679 
362 1373 1419 1178 
363 1177 1418 1375 
364 1179 1421 1377 
365 1379 1420 1176 
366 676 1419 1372 
367 1374 1418 678 
368 1376 1421 677 
369 679 1420 1378 
370 630 1467 1447 
371 1450 1465 631 
372 586 2203 1371 
373 1368 2204 587 
374 583 2199 1366 
375 1369 2200 582 
376 1357 2150 1664 
377 1354 2149 1593 
378 1664 2162 1357 
379 1593 2161 1354 
380 1887 1888 1293 
381 579 1791 1386 
382 1387 1790 578 
383 1728 2012 1396 
384 733 2004 1402 
385 1405 2003 732 
386 1399 2011 1727 
387 197 1889 196 
388 594 2227 1333 
389 1332 2226 595 
390 590 1787 1785 
391 1644 2160 1348 
392 1348 2164 1644 
393 1293 1889 1887 
394 1804 2217 1138 
395 1139 2218 1840 
396 1713 1714 1327 
397 1630 1631 1329 
398 1325 1678 1677 
399 1331 1607 1606 
400 632 1751 1749 
401 1756 1940 633 
402 1281 2183 1881 
403 1880 2184 1283 
404 124 1430 123 
405 183 1431 182 
406 73 1432 72 
407 234 1433 233 
408 1780 2196 591 
409 1340 1415 1149 
410 1147 1413 1338 
411 1153 1411 1344 
412 1342 1409 1151 
413 1428 2192 2143 
414 2142 2191 1424 
415 636 2257 1446 
416 1449 2258 637 
417 1029 1893 1085 
418 1068 1895 1065 
419 1140 2201 1827 
420 1848 2202 1141 
421 1341 1990 1435 
422 1434 1989 1339 
423 1343 1988 1437 
424 1436 1987 1345 
425 1374 1435 1245 
426 1244 1434 1372 
427 1247 1436 1378 
428 1376 1437 1246 
429 1295 2195 1885 
430 1435 1456 1341 
431 1339 1457 1434 
432 1345 1458 1436 
433 1437 1459 1343 
434 2192 2215 1133 
435 1132 2216 2191 
436 206 1407 205 
437 101 1406 100 
438 124 2279 1430 
439 1431 2277 182 
440 234 2276 1433 
441 1432 2278 72 
442 205 1407 583 
443 582 1406 101 
444 1963 2169 1351 
445 1341 1456 1414 
446 1412 1457 1339 
447 1410 1458 1345 
448 1343 1459 1408 
449 1385 2182 1383 
450 1380 2181 1382 
451 2048 2059 1335 
452 1334 2060 2047 
453 1337 2057 2042 
454 2041 2058 1336 
455 201 1781 200 
456 106 1786 105 
457 1807 2219 1188 
458 1189 2220 1854 
459 600 2167 1360 
460 1358 2168 601 
461 640 1423 1422 
462 1426 1427 641 
463 1431 2156 1373 
464 1375 2155 1430 
465 1377 2158 1433 
466 1432 2157 1379 
467 1721 2186 1358 
468 1360 2185 1722 
469 1354 2161 1595 
470 1357 2162 1666 
471 587 1781 201 
472 105 1786 586 
473 1637 2164 1348 
474 1380 2187 602 
475 603 2188 1383 
476 592 2212 1393 
477 1392 2211 593 
478 1598 2138 892 
479 1669 2139 871 
480 539 1396 1394 
481 1397 1399 538 
482 541 1402 1400 
483 1403 1405 540 
484 885 2144 1645 
485 914 2160 1644 
486 1283 2165 1876 
487 1882 2166 1281 
488 1297 2151 1733 
489 1741 2152 1296 
490 1593 2149 921 
491 1664 2150 900 
492 1367 2153 1366 
493 1369 2154 1370 
494 1389 1873 1775 
495 1774 1890 1391 
496 1351 2304 1963 
497 1711 1714 1713 
498 1628 1631 1630 
499 1677 1678 1675 
500 1606 1607 1604 
501 1827 2189 1140 
502 1141 2190 1848 
503 1348 2303 1637 
504 1368 2147 1367 
505 1370 2148 1371 
506 1644 2302 914 
507 1873 2221 1775 
508 1774 2222 1890 
509 1431 2207 2156 
510 2155 2208 1430 
511 2158 2210 1433 
512 1432 2209 2157 
513 1595 2305 1354 
514 1666 2306 1357 
515 1242 1974 1607 
516 1240 1975 1678 
517 1646 2307 886 
518 1631 1977 1243 
519 1714 1976 1241 
520 892 2316 1598 
521 871 2317 1669 
522 886 2313 1646 
523 1645 2312 885 
524 1887 1889 197 
525 196 1889 595 
526 921 2308 1593 
527 900 2309 1664 
528 1886 2170 1295 
529 593 2198 1392 
530 1393 2197 592 
531 1749 2264 632 
532 633 2263 1756 
533 1802 2217 1804 
534 1840 2218 1838 
535 1396 2235 1728 
536 1402 2237 733 
537 732 2238 1405 
538 1727 2236 1399 
539 1318 1879 1332 
540 1333 1891 1320 
541 1138 2177 1804 
542 1840 2178 1139 
543 2163 2196 1217 
544 1785 2232 590 
545 591 2231 1780 
546 1657 2326 844 
547 1586 2325 858 
548 844 2330 1657 
549 858 2329 1586 
550 1386 2223 579 
551 578 2224 1387 
552 1028 1893 1029 
553 1085 1893 1170 
554 1065 1895 1064 
555 1171 1895 1068 
556 1394 1445 539 
557 1400 1443 541 
558 1318 2233 1879 
559 1891 2234 1320 
560 1447 2274 630 
561 631 2275 1450 
562 907 2159 1703 
563 538 1444 1397 
564 540 1442 1403 
565 581 2165 1390 
566 1388 2166 580 
567 723 2155 1761 
568 724 2158 1760 
569 1937 2156 722 
570 591 2196 1888 
571 1936 2157 725 
572 879 2367 1701 
573 1701 2341 879 
574 579 2183 1791 
575 1790 2184 578 
576 640 2272 1423 
577 1427 2273 641 
578 115 2182 2105 
579 2106 2181 191 
580 1827 2201 1829 
581 1850 2202 1848 
582 1188 2242 1807 
583 1854 2241 1189 
584 306 1757 307 
585 352 1750 353 
586 816 2348 1718 
587 830 2349 1635 
588 1620 2346 865 
589 1691 2347 851 
590 2148 2154 103 
591 203 2153 2147 
592 865 2354 1620 
593 851 2355 1691 
594 1703 2362 907 
595 1678 1975 795 
596 1607 1974 809 
597 788 1976 1714 
598 802 1977 1631 
599 1635 2344 830 
600 1718 2345 816 
601 1240 1678 1325 
602 1242 1607 1331 
603 1327 1714 1241 
604 1329 1631 1243 
605 1939 2170 594 
606 590 2195 1787 
607 1940 1941 633 
608 632 1752 1751 
609 1854 2220 1856 
610 1809 2219 1807 
611 726 1447 1416 
612 1417 1450 727 
613 595 2265 1938 
614 1180 1466 1116 
615 1117 1464 1181 
616 1888 2196 2163 
617 635 1757 306 
618 1447 1467 1466 
619 1464 1465 1450 
620 2113 2117 1497 
621 2114 2118 1500 
622 1503 2119 2115 
623 1506 2120 2116 
624 353 1750 634 
625 1612 2352 837 
626 1683 2353 823 
627 837 2356 1612 
628 823 2357 1683 
629 577 2117 2113 
630 575 2118 2114 
631 2115 2119 576 
632 2116 2120 574 
633 1728 2187 2012 
634 733 2185 2004 
635 2003 2186 732 
636 2011 2188 1727 
637 1874 2212 592 
638 593 2211 1884 
639 1416 1446 726 
640 727 1449 1417 
641 636 1454 280 
642 379 1455 637 
643 1422 1424 640 
644 641 1428 1426 
645 1129 2134 2128 
646 2127 2135 1128 
647 22 1460 21 
648 65 1461 64 
649 175 1462 174 
650 132 1463 131 
651 585 2221 1873 
652 1890 2222 584 
653 1870 2173 1894 
654 1892 2174 1815 
655 1545 2099 2095 
656 1515 2100 2096 
657 280 1454 281 
658 378 1455 379 
659 545 1463 1415 
660 1413 1462 544 
661 542 1460 1409 
662 1411 1461 543 
663 2097 2101 1525 
664 2098 2102 1535 
665 2095 2099 572 
666 2096 2100 570 
667 2244 2256 1081 
668 1098 2255 2243 
669 795 2363 1676 
670 809 2364 1605 
671 573 2101 2097 
672 571 2102 2098 
673 1712 2365 788 
674 1629 2366 802 
675 19 1459 18 
676 68 1458 67 
677 178 1457 177 
678 129 1456 128 
679 159 1704 158 
680 539 2235 1396 
681 1399 2236 538 
682 1239 1464 1117 
683 1116 1466 1238 
684 1541 2085 2079 
685 1511 2086 2080 
686 541 2237 1402 
687 1405 2238 540 
688 1416 1466 1180 
689 1181 1464 1417 
690 2081 2083 1521 
691 2082 2084 1531 
692 1677 2372 1325 
693 1606 2373 1331 
694 1327 2370 1713 
695 1329 2371 1630 
696 2105 2182 1385 
697 1382 2181 2106 
698 2079 2085 567 
699 2080 2086 566 
700 569 2083 2081 
701 568 2084 2082 
702 1646 1647 1619 
703 731 2130 2123 
704 730 2131 2124 
705 1618 1647 616 
706 1498 2107 1497 
707 1501 2108 1500 
708 1503 2109 1504 
709 1506 2110 1507 
710 1619 1647 1618 
711 1699 1702 612 
712 721 1460 22 
713 21 1460 542 
714 64 1461 716 
715 543 1461 65 
716 174 1462 718 
717 544 1462 175 
718 131 1463 545 
719 720 1463 132 
720 1879 2233 599 
721 598 2234 1891 
722 1370 2154 2148 
723 2147 2153 1367 
724 2107 2113 1497 
725 2108 2114 1500 
726 1503 2115 2109 
727 1506 2116 2110 
728 1702 1704 612 
729 18 1459 677 
730 679 1458 68 
731 676 1457 178 
732 128 1456 678 
733 612 1704 159 
734 1495 2066 2063 
735 1481 2065 2061 
736 678 1456 1435 
737 1434 1457 676 
738 1436 1458 679 
739 677 1459 1437 
740 1819 2193 2191 
741 2192 2194 1866 
742 1278 1443 1400 
743 1274 1445 1394 
744 2062 2067 1488 
745 2064 2068 1474 
746 2061 2065 562 
747 2063 2066 563 
748 1888 2163 1293 
749 1690 1695 1689 
750 612 1705 1699 
751 565 2067 2062 
752 564 2068 2064 
753 1545 2093 1544 
754 1515 2094 1514 
755 1524 2091 1525 
756 1534 2092 1535 
757 1877 2198 593 
758 592 2197 1872 
759 1689 1695 617 
760 582 2200 1406 
761 1407 2199 583 
762 1697 1698 1696 
763 1545 2095 2093 
764 1515 2096 2094 
765 2091 2097 1525 
766 2092 2098 1535 
767 1826 2189 1827 
768 1848 2190 1847 
769 1704 1963 158 
770 2376 2381 1330 
771 1328 2380 2377 
772 1326 2379 2375 
773 2374 2378 1324 
774 1659 1718 1717 
775 1588 1635 1634 
776 1453 2256 2244 
777 2243 2255 1452 
778 1330 2381 1337 
779 1336 2380 1328 
780 1335 2379 1326 
781 1324 2378 1334 
782 1659 1717 1716 
783 1588 1634 1633 
784 1472 2052 1473 
785 1494 2051 1493 
786 1480 2050 1479 
787 1486 2049 1487 
788 617 1692 1689 
789 616 1621 1618 
790 163 1692 617 
791 53 1621 616 
792 1690 1697 1695 
793 1695 1697 1696 
794 1465 2136 631 
795 630 2137 1467 
796 1658 1716 620 
797 1587 1633 618 
798 1438 2117 577 
799 1439 2118 575 
800 576 2119 1440 
801 574 2120 1441 
802 1498 2101 573 
803 1501 2102 571 
804 1941 2135 2127 
805 2128 2134 1752 
806 1659 1716 1658 
807 1588 1633 1587 
808 1329 2377 2371 
809 1327 2375 2370 
810 2373 2376 1331 
811 2372 2374 1325 
812 572 2099 1504 
813 570 2100 1507 
814 561 2050 1480 
815 560 2051 1494 
816 1487 2049 559 
817 1473 2052 558 
818 1520 2077 1521 
819 1530 2078 1531 
820 1331 2376 1330 
821 1328 2377 1329 
822 1326 2375 1327 
823 1325 2374 1324 
824 1541 2075 1540 
825 1511 2076 1510 
826 1755 2322 1927 
827 1942 2323 1748 
828 1447 1466 1416 
829 1417 1464 1450 
830 2123 2130 1438 
831 2124 2131 1439 
832 1103 2261 2247 
833 2248 2262 1102 
834 2020 2322 1755 
835 1748 2323 2019 
836 587 2204 1781 
837 1786 2203 586 
838 2077 2081 1521 
839 2078 2082 1531 
840 1541 2079 2075 
841 1511 2080 2076 
842 1278 1936 1443 
843 1274 1937 1445 
844 1699 1705 1696 
845 577 2123 1438 
846 575 2124 1439 
847 1440 2125 576 
848 1441 2126 574 
849 1524 2083 569 
850 1534 2084 568 
851 567 2085 1544 
852 566 2086 1514 
853 1482 2025 1483 
854 1476 2027 1475 
855 1468 2026 1469 
856 1490 2028 1489 
857 165 2017 164 
858 55 2018 54 
859 1487 2054 1488 
860 1481 2053 1480 
861 1495 2055 1494 
862 1473 2056 1474 
863 164 1692 163 
864 54 1621 53 
865 616 1736 52 
866 1647 1736 616 
867 2179 2393 1801 
868 1837 2392 2180 
869 573 2107 1498 
870 571 2108 1501 
871 1504 2109 572 
872 1507 2110 570 
873 721 2058 1460 
874 1461 2057 716 
875 1462 2060 718 
876 720 2059 1463 
877 557 2027 1476 
878 1483 2025 555 
879 1469 2026 554 
880 556 2028 1490 
881 1520 2067 565 
882 1530 2068 564 
883 620 1951 1658 
884 618 1952 1587 
885 2054 2062 1488 
886 1481 2061 2053 
887 2056 2064 1474 
888 1495 2063 2055 
889 562 2065 1540 
890 563 2066 1510 
891 38 1594 37 
892 148 1665 147 
893 38 1595 1594 
894 148 1666 1665 
895 849 1519 1195 
896 863 1529 1196 
897 912 1537 1185 
898 905 1527 1184 
899 884 1533 1192 
900 877 1523 1191 
901 1202 1479 814 
902 821 1486 1203 
903 835 1472 1205 
904 1204 1493 828 
905 1190 1543 870 
906 1193 1513 891 
907 206 2223 1407 
908 1406 2224 100 
909 1519 1520 1195 
910 1529 1530 1196 
911 1677 1737 1693 
912 1606 1738 1622 
913 1533 1534 1192 
914 1523 1524 1191 
915 106 2232 1786 
916 1781 2231 200 
917 1190 1544 1543 
918 1193 1514 1513 
919 1486 1487 1203 
920 1472 1473 1205 
921 1202 1480 1479 
922 1204 1494 1493 
923 1312 2350 1773 
924 1771 2351 1313 
925 1720 1744 1713 
926 1648 1745 1630 
927 690 1726 656 
928 684 1724 658 
929 652 1723 693 
930 654 1725 687 
931 1194 1540 1539 
932 1197 1510 1509 
933 1185 1537 1501 
934 1184 1527 1498 
935 1194 1539 842 
936 1197 1509 856 
937 1187 1517 919 
938 1186 1547 898 
939 1698 1699 1696 
940 164 2017 1692 
941 54 2018 1621 
942 621 1684 1681 
943 619 1613 1610 
944 610 1590 1589 
945 611 1661 1660 
946 620 1716 1715 
947 618 1633 1632 
948 1504 1547 1186 
949 1507 1517 1187 
950 31 1952 618 
951 141 1951 620 
952 826 1493 1492 
953 1471 1472 833 
954 812 1479 1478 
955 1485 1486 819 
956 40 1560 606 
957 56 1613 619 
958 166 1684 621 
959 611 1660 146 
960 610 1589 36 
961 618 1632 30 
962 620 1715 140 
963 889 1513 1512 
964 868 1543 1542 
965 52 1736 51 
966 150 1572 607 
967 610 1591 1590 
968 611 1662 1661 
969 826 1492 824 
970 831 1471 833 
971 812 1478 810 
972 817 1485 819 
973 1206 1476 1475 
974 1468 1469 1209 
975 1482 1483 1207 
976 1208 1490 1489 
977 889 1512 887 
978 868 1542 866 
979 1532 1533 882 
980 1522 1523 875 
981 1526 1527 903 
982 1536 1537 910 
983 819 1486 821 
984 828 1493 826 
985 833 1472 835 
986 814 1479 812 
987 891 1513 889 
988 870 1543 868 
989 1518 1519 847 
990 1528 1529 861 
991 882 1533 884 
992 875 1523 877 
993 903 1527 905 
994 910 1537 912 
995 606 1595 39 
996 607 1666 149 
997 861 1529 863 
998 847 1519 849 
999 1206 1475 786 
1000 1208 1489 800 
1001 807 1468 1209 
1002 793 1482 1207 
1003 1571 1572 151 
1004 1303 1505 938 
1005 1302 1502 932 
1006 924 1496 1298 
1007 928 1499 1300 
1008 1477 2036 1476 
1009 1483 2035 1484 
1010 1469 2038 1470 
1011 1491 2037 1490 
1012 1548 1726 690 
1013 1552 1724 684 
1014 693 1723 1550 
1015 687 1725 1554 
1016 873 1522 875 
1017 880 1532 882 
1018 550 1723 652 
1019 656 1726 548 
1020 546 1725 654 
1021 658 1724 552 
1022 901 1526 903 
1023 908 1536 910 
1024 1717 1719 1710 
1025 1634 1636 1627 
1026 147 1665 611 
1027 37 1594 610 
1028 1559 1560 41 
1029 845 1518 847 
1030 859 1528 861 
1031 1696 1705 1694 
1032 1544 2093 567 
1033 1514 2094 566 
1034 569 2091 1524 
1035 568 2092 1534 
1036 1581 1597 1596 
1037 1652 1668 1667 
1038 1693 1737 170 
1039 1622 1738 60 
1040 167 1684 166 
1041 57 1613 56 
1042 51 1984 50 
1043 152 1571 151 
1044 1681 1685 621 
1045 1610 1614 619 
1046 1568 1573 1569 
1047 1556 1561 1557 
1048 717 1561 1556 
1049 1568 1569 605 
1050 39 1595 38 
1051 149 1666 148 
1052 136 1744 1720 
1053 26 1745 1648 
1054 1579 1596 1582 
1055 1650 1667 1653 
1056 1591 1592 1590 
1057 1662 1663 1661 
1058 1655 1951 1742 
1059 1584 1952 1743 
1060 1694 1705 161 
1061 692 1548 690 
1062 686 1552 684 
1063 687 1554 689 
1064 693 1550 695 
1065 1520 1521 1195 
1066 1530 1531 1196 
1067 1534 1535 1192 
1068 1524 1525 1191 
1069 1202 1481 1480 
1070 1204 1495 1494 
1071 1473 1474 1205 
1072 1487 1488 1203 
1073 1193 1515 1514 
1074 1190 1545 1544 
1075 1239 1465 1464 
1076 1466 1467 1238 
1077 842 1539 840 
1078 856 1509 854 
1079 919 1517 917 
1080 898 1547 896 
1081 1190 1546 1545 
1082 1193 1516 1515 
1083 151 1572 150 
1084 1204 1508 1495 
1085 1202 1538 1481 
1086 1578 1579 614 
1087 1649 1650 615 
1088 1623 1624 623 
1089 1706 1707 625 
1090 42 1559 41 
1091 36 1589 35 
1092 146 1660 145 
1093 30 1632 29 
1094 140 1715 139 
1095 41 1560 40 
1096 1197 1511 1510 
1097 1194 1541 1540 
1098 628 1564 24 
1099 45 1563 717 
1100 62 1566 626 
1101 172 1567 627 
1102 153 1568 605 
1103 608 1562 156 
1104 717 1556 44 
1105 629 1565 134 
1106 48 1638 1637 
1107 1679 1680 1673 
1108 1608 1609 1602 
1109 1658 1951 1655 
1110 1587 1952 1584 
1111 1206 1477 1476 
1112 1469 1470 1209 
1113 1208 1491 1490 
1114 1483 1484 1207 
1115 1698 1701 1700 
1116 1592 1598 1597 
1117 1663 1669 1668 
1118 1652 1667 1650 
1119 1581 1596 1579 
1120 1579 1582 1580 
1121 1650 1653 1651 
1122 1707 1709 1708 
1123 1624 1626 1625 
1124 1698 1700 1699 
1125 1600 1608 1602 
1126 1671 1679 1673 
1127 840 1539 1538 
1128 854 1509 1508 
1129 917 1517 1516 
1130 896 1547 1546 
1131 1653 1657 1654 
1132 1582 1586 1583 
1133 1642 1645 1641 
1134 144 1649 615 
1135 34 1578 614 
1136 28 1623 623 
1137 138 1706 625 
1138 47 1637 609 
1139 135 1720 629 
1140 25 1648 628 
1141 1640 1641 1639 
1142 1626 1629 1628 
1143 1709 1712 1711 
1144 1604 1605 1603 
1145 1675 1676 1674 
1146 1672 1674 1671 
1147 1601 1603 1600 
1148 1554 1555 1248 
1149 1250 1549 1548 
1150 1550 1551 1251 
1151 1249 1553 1552 
1152 1502 1503 1186 
1153 1505 1506 1187 
1154 1184 1497 1496 
1155 1185 1500 1499 
1156 1305 1440 1302 
1157 1304 1441 1303 
1158 1300 1439 1301 
1159 1298 1438 1299 
1160 719 1573 1568 
1161 1556 1557 604 
1162 613 1639 1638 
1163 617 1695 1694 
1164 624 1671 1670 
1165 622 1600 1599 
1166 1627 1636 1624 
1167 1710 1719 1707 
1168 1609 1612 1611 
1169 1680 1683 1682 
1170 1569 1570 605 
1171 1633 1634 1627 
1172 1716 1717 1710 
1173 784 1249 782 
1174 789 1251 791 
1175 798 1250 796 
1176 803 1248 805 
1177 807 1209 831 
1178 793 1207 817 
1179 810 1206 786 
1180 824 1208 800 
1181 1651 1742 615 
1182 1580 1743 614 
1183 838 1202 814 
1184 835 1205 859 
1185 852 1204 828 
1186 821 1203 845 
1187 863 1196 880 
1188 866 1194 842 
1189 849 1195 873 
1190 887 1197 856 
1191 1688 1691 1690 
1192 1617 1620 1619 
1193 877 1191 901 
1194 884 1192 908 
1195 894 1190 870 
1196 915 1193 891 
1197 905 1184 922 
1198 912 1185 926 
1199 930 1186 898 
1200 936 1187 919 
1201 1104 1303 938 
1202 1105 1302 932 
1203 928 1300 943 
1204 924 1298 942 
1205 1708 1744 625 
1206 1625 1745 623 
1207 624 1737 1672 
1208 622 1738 1601 
1209 1670 1684 167 
1210 1599 1613 57 
1211 1736 1984 51 
1212 1662 1664 1663 
1213 1591 1593 1592 
1214 1592 1597 1590 
1215 1663 1668 1661 
1216 796 1548 692 
1217 695 1550 789 
1218 689 1554 803 
1219 782 1552 686 
1220 786 1475 784 
1221 791 1482 793 
1222 805 1468 807 
1223 800 1489 798 
1224 840 1538 838 
1225 854 1508 852 
1226 917 1516 915 
1227 896 1546 894 
1228 932 1502 930 
1229 938 1505 936 
1230 926 1499 928 
1231 922 1496 924 
1232 1672 1737 1677 
1233 1601 1738 1606 
1234 1578 1581 1579 
1235 1649 1652 1650 
1236 1650 1651 615 
1237 1579 1580 614 
1238 1623 1627 1624 
1239 1706 1710 1707 
1240 1707 1708 625 
1241 1624 1625 623 
1242 1655 1742 1651 
1243 1584 1743 1580 
1244 1713 1744 1708 
1245 1630 1745 1625 
1246 709 1574 756 
1247 757 1575 708 
1248 1661 1668 1652 
1249 1590 1597 1581 
1250 706 1576 754 
1251 755 1577 707 
1252 1653 1654 1651 
1253 1582 1583 1580 
1254 1624 1636 1626 
1255 1707 1719 1709 
1256 1709 1711 1708 
1257 1626 1628 1625 
1258 1640 1642 1641 
1259 1641 1644 1639 
1260 1603 1608 1600 
1261 1674 1679 1671 
1262 1506 1507 1187 
1263 1503 1504 1186 
1264 1184 1498 1497 
1265 1185 1501 1500 
1266 1672 1675 1674 
1267 1601 1604 1603 
1268 1557 1558 604 
1269 613 1640 1639 
1270 1695 1696 1694 
1271 1600 1602 1599 
1272 1671 1673 1670 
1273 624 1672 1671 
1274 622 1601 1600 
1275 1251 1482 791 
1276 1248 1468 805 
1277 798 1489 1250 
1278 784 1475 1249 
1279 838 1538 1202 
1280 852 1508 1204 
1281 915 1516 1193 
1282 894 1546 1190 
1283 1184 1496 922 
1284 1185 1499 926 
1285 936 1505 1187 
1286 930 1502 1186 
1287 1104 1304 1303 
1288 1105 1305 1302 
1289 1298 1299 942 
1290 1300 1301 943 
1291 1250 1548 796 
1292 1249 1552 782 
1293 789 1550 1251 
1294 803 1554 1248 
1295 1389 2205 1873 
1296 1890 2206 1391 
1297 773 1970 1966 
1298 1967 1971 772 
1299 1209 1471 831 
1300 824 1492 1208 
1301 1207 1485 817 
1302 810 1478 1206 
1303 181 1178 180 
1304 126 1177 125 
1305 71 1176 70 
1306 16 1179 15 
1307 756 1574 1108 
1308 1109 1575 757 
1309 754 1576 1106 
1310 1107 1577 755 
1311 155 1562 719 
1312 23 1564 721 
1313 133 1565 720 
1314 43 1556 604 
1315 624 1670 168 
1316 617 1694 162 
1317 609 1563 46 
1318 622 1599 58 
1319 719 1568 154 
1320 716 1566 63 
1321 718 1567 173 
1322 613 1638 49 
1323 160 1705 612 
1324 627 1693 171 
1325 626 1622 61 
1326 1966 1970 1574 
1327 1575 1971 1967 
1328 887 1512 1197 
1329 866 1542 1194 
1330 559 2049 2043 
1331 2044 2050 561 
1332 558 2052 2046 
1333 2045 2051 560 
1334 600 1722 80 
1335 226 1721 601 
1336 1968 1972 1576 
1337 1577 1973 1969 
1338 53 616 52 
1339 34 614 33 
1340 31 618 30 
1341 28 623 27 
1342 47 609 46 
1343 56 619 55 
1344 64 716 63 
1345 45 717 44 
1346 66 543 65 
1347 35 1578 34 
1348 145 1649 144 
1349 59 622 58 
1350 62 626 61 
1351 169 624 168 
1352 172 627 171 
1353 21 542 20 
1354 29 1623 28 
1355 37 610 36 
1356 40 606 39 
1357 131 545 130 
1358 139 1706 138 
1359 147 611 146 
1360 150 607 149 
1361 25 628 24 
1362 135 629 134 
1363 163 617 162 
1364 43 604 42 
1365 153 605 152 
1366 50 613 49 
1367 160 612 159 
1368 144 615 143 
1369 138 625 137 
1370 141 620 140 
1371 23 721 22 
1372 133 720 132 
1373 157 608 156 
1374 166 621 165 
1375 174 718 173 
1376 155 719 154 
1377 176 544 175 
1378 48 1637 47 
1379 136 1720 135 
1380 26 1648 25 
1381 1477 2044 2036 
1382 2035 2043 1484 
1383 1491 2045 2037 
1384 2038 2046 1470 
1385 763 1972 1968 
1386 1969 1973 762 
1387 1401 2004 1997 
1388 1108 1574 1277 
1389 1279 1575 1109 
1390 1998 2003 1404 
1391 605 1571 152 
1392 735 1932 701 
1393 700 1934 734 
1394 1106 1576 1273 
1395 1275 1577 1107 
1396 703 1930 737 
1397 736 1928 702 
1398 117 1727 603 
1399 1196 1532 880 
1400 1195 1522 873 
1401 1191 1526 901 
1402 1192 1536 908 
1403 1135 1943 1361 
1404 1108 1277 1276 
1405 1278 1279 1109 
1406 179 676 178 
1407 69 679 68 
1408 18 677 17 
1409 128 678 127 
1410 1274 1275 1107 
1411 1106 1273 1272 
1412 81 1729 600 
1413 1203 1518 845 
1414 1205 1528 859 
1415 1549 1726 1548 
1416 1550 1723 1551 
1417 1554 1725 1555 
1418 1553 1724 1552 
1419 1731 1733 597 
1420 32 1952 31 
1421 142 1951 141 
1422 1359 1944 1134 
1423 1700 1703 1702 
1424 46 1563 45 
1425 156 1562 155 
1426 63 1566 62 
1427 162 1694 161 
1428 173 1567 172 
1429 44 1556 43 
1430 154 1568 153 
1431 24 1564 23 
1432 134 1565 133 
1433 58 1599 57 
1434 168 1670 167 
1435 49 1638 48 
1436 161 1705 160 
1437 171 1693 170 
1438 61 1622 60 
1439 1609 1611 1610 
1440 1680 1682 1681 
1441 223 1731 597 
1442 120 538 119 
1443 230 540 229 
1444 77 541 76 
1445 187 539 186 
1446 1589 1590 1581 
1447 1660 1661 1652 
1448 1632 1633 1627 
1449 1715 1716 1710 
1450 610 1594 1591 
1451 611 1665 1662 
1452 1654 1656 1655 
1453 1583 1585 1584 
1454 1643 1646 1642 
1455 139 1715 1706 
1456 29 1632 1623 
1457 145 1660 1649 
1458 35 1589 1578 
1459 604 1559 42 
1460 732 1721 227 
1461 79 1722 733 
1462 1278 1400 1279 
1463 1277 1403 1276 
1464 799 800 798 
1465 785 786 784 
1466 805 807 806 
1467 791 793 792 
1468 797 798 796 
1469 803 805 804 
1470 789 791 790 
1471 783 784 782 
1472 793 817 794 
1473 807 831 808 
1474 801 824 800 
1475 787 810 786 
1476 1682 1686 1685 
1477 1611 1615 1614 
1478 817 819 818 
1479 831 833 832 
1480 825 826 824 
1481 811 812 810 
1482 602 1728 189 
1483 827 828 826 
1484 813 814 812 
1485 833 835 834 
1486 819 821 820 
1487 226 601 225 
1488 117 603 116 
1489 190 602 189 
1490 81 600 80 
1491 835 859 836 
1492 829 852 828 
1493 821 845 822 
1494 815 838 814 
1495 1686 1688 1687 
1496 1615 1617 1616 
1497 1688 1690 1689 
1498 1617 1619 1618 
1499 853 854 852 
1500 859 861 860 
1501 845 847 846 
1502 839 840 838 
1503 1585 1588 1587 
1504 1656 1659 1658 
1505 861 863 862 
1506 855 856 854 
1507 841 842 840 
1508 847 849 848 
1509 849 873 850 
1510 857 887 856 
1511 843 866 842 
1512 863 880 864 
1513 867 868 866 
1514 873 875 874 
1515 880 882 881 
1516 888 889 887 
1517 875 877 876 
1518 882 884 883 
1519 890 891 889 
1520 869 870 868 
1521 884 908 885 
1522 892 915 891 
1523 871 894 870 
1524 877 901 878 
1525 908 910 909 
1526 895 896 894 
1527 901 903 902 
1528 916 917 915 
1529 918 919 917 
1530 910 912 911 
1531 897 898 896 
1532 903 905 904 
1533 905 922 906 
1534 912 926 913 
1535 899 930 898 
1536 920 936 919 
1537 931 932 930 
1538 937 938 936 
1539 926 928 927 
1540 922 924 923 
1541 924 942 925 
1542 928 943 929 
1543 939 1104 938 
1544 933 1105 932 
1545 1273 1397 1272 
1546 1274 1394 1275 
1547 1277 1404 1403 
1548 1400 1401 1279 
1549 765 1932 735 
1550 734 1934 767 
1551 737 1930 769 
1552 771 1928 736 
1553 1739 1741 1740 
1554 621 2017 165 
1555 619 2018 55 
1556 1739 1740 1729 
1557 1394 1395 1275 
1558 1273 1398 1397 
1559 118 1727 117 
1560 769 1253 1153 
1561 1151 1252 771 
1562 1149 1255 765 
1563 767 1254 1147 
1564 601 1730 225 
1565 228 732 227 
1566 79 733 78 
1567 1540 2075 562 
1568 1510 2076 563 
1569 82 1739 1729 
1570 1136 1979 1353 
1571 1137 1978 1356 
1572 1350 1981 1201 
1573 1347 1980 1199 
1574 960 1920 957 
1575 949 1919 952 
1576 80 1722 79 
1577 227 1721 226 
1578 1930 1931 1253 
1579 1252 1929 1928 
1580 1255 1933 1932 
1581 1934 1935 1254 
1582 745 782 686 
1583 695 789 743 
1584 739 796 692 
1585 689 803 741 
1586 1730 1732 1731 
1587 1130 1309 941 
1588 1131 1308 935 
1589 1137 1356 1355 
1590 1136 1353 1352 
1591 1346 1347 1199 
1592 1349 1350 1201 
1593 957 1920 955 
1594 947 1919 949 
1595 82 1729 81 
1596 1135 1361 1360 
1597 1358 1359 1134 
1598 596 1741 1739 
1599 224 1731 223 
1600 1746 1751 1211 
1601 189 1728 188 
1602 1108 1276 1175 
1603 1174 1278 1109 
1604 1730 1731 224 
1605 1106 1272 1172 
1606 1173 1274 1107 
1607 169 1737 624 
1608 59 1738 622 
1609 1297 1322 1220 
1610 1223 1323 1296 
1611 1166 1381 1380 
1612 1383 1384 1168 
1613 615 1742 143 
1614 614 1743 33 
1615 1213 1759 1429 
1616 1425 1758 1215 
1617 625 1744 137 
1618 623 1745 27 
1619 83 1739 82 
1620 596 1739 83 
1621 354 1851 355 
1622 1096 1098 1097 
1623 1080 1081 1079 
1624 634 1851 354 
1625 1093 1094 1092 
1626 1075 1077 1076 
1627 1077 1079 1078 
1628 1095 1096 1094 
1629 1320 1321 1155 
1630 1154 1319 1318 
1631 170 1737 169 
1632 60 1738 59 
1633 780 1109 757 
1634 756 1108 781 
1635 754 1106 778 
1636 779 1107 755 
1637 638 1848 1847 
1638 1099 1223 1222 
1639 1219 1220 1082 
1640 33 1743 32 
1641 143 1742 142 
1642 1096 1097 1094 
1643 1077 1080 1079 
1644 137 1744 136 
1645 27 1745 26 
1646 355 1849 356 
1647 1933 1986 1932 
1648 1934 1985 1935 
1649 355 1851 1849 
1650 1732 1733 1731 
1651 1288 1297 1220 
1652 1223 1296 1289 
1653 1930 1983 1931 
1654 1929 1982 1928 
1655 225 1730 224 
1656 275 630 276 
1657 383 631 384 
1658 305 1830 635 
1659 1531 1532 1196 
1660 1521 1522 1195 
1661 638 1847 1846 
1662 357 1846 358 
1663 1096 1118 1098 
1664 1081 1119 1079 
1665 1535 1536 1192 
1666 1525 1526 1191 
1667 1827 1829 1828 
1668 1080 1082 1081 
1669 1098 1099 1097 
1670 638 1846 357 
1671 1488 1518 1203 
1672 1474 1528 1205 
1673 1074 1075 1073 
1674 1090 1092 1091 
1675 1849 1850 1848 
1676 1090 1093 1092 
1677 1075 1076 1073 
1678 642 1843 1842 
1679 1077 1078 1076 
1680 1093 1095 1094 
1681 1824 1826 1825 
1682 950 1211 948 
1683 956 1210 958 
1684 304 1830 305 
1685 302 1825 639 
1686 358 1846 1844 
1687 1825 1826 639 
1688 358 1844 359 
1689 1077 1915 1080 
1690 1097 1916 1094 
1691 277 726 278 
1692 381 727 382 
1693 356 1849 638 
1694 642 1842 1841 
1695 950 1746 1211 
1696 1827 1828 639 
1697 1826 1827 639 
1698 1766 1771 1770 
1699 360 1841 361 
1700 1115 1789 1770 
1701 1767 1768 1100 
1702 85 1871 84 
1703 1092 1101 1091 
1704 1074 1100 1075 
1705 84 1871 596 
1706 642 1841 360 
1707 638 1849 1848 
1708 221 1877 220 
1709 301 1825 302 
1710 645 1818 1817 
1711 220 1877 593 
1712 1787 1906 1216 
1713 1215 1758 1095 
1714 1078 1759 1213 
1715 592 1872 86 
1716 85 1872 1871 
1717 597 1878 222 
1718 1115 1770 1313 
1719 286 1816 287 
1720 645 1817 1816 
1721 361 1841 1839 
1722 1820 1821 643 
1723 221 1878 1877 
1724 284 1819 285 
1725 361 1839 362 
1726 194 1879 193 
1727 113 1891 112 
1728 1155 1920 960 
1729 952 1919 1154 
1730 359 1844 642 
1731 598 1891 113 
1732 193 1879 599 
1733 645 1816 286 
1734 1768 1925 1100 
1735 300 1823 301 
1736 591 1888 1887 
1737 299 1820 643 
1738 1804 1821 1820 
1739 1821 1822 643 
1740 1090 1912 1093 
1741 1076 1911 1073 
1742 1844 1845 1843 
1743 287 1816 1813 
1744 1312 1773 1772 
1745 646 1838 1837 
1746 1101 1765 1764 
1747 639 1828 303 
1748 1822 1824 1823 
1749 1093 1912 1214 
1750 1212 1911 1076 
1751 642 1844 1843 
1752 1101 1926 1765 
1753 296 1800 647 
1754 1371 1910 1231 
1755 1783 1787 1216 
1756 287 1813 288 
1757 1799 1801 1800 
1758 1800 1801 647 
1759 370 1857 649 
1760 303 1828 304 
1761 1770 1789 1225 
1762 646 1837 1836 
1763 1823 1825 301 
1764 109 1886 1885 
1765 1856 1858 1857 
1766 1788 1910 1371 
1767 1368 1909 1782 
1768 1312 1772 1114 
1769 285 1819 645 
1770 1233 1909 1368 
1771 369 1857 370 
1772 1281 1776 1124 
1773 1125 1777 1283 
1774 1224 1767 1074 
1775 648 1811 1810 
1776 1770 1771 1313 
1777 1857 1858 649 
1778 1032 1763 1217 
1779 648 1812 1811 
1780 198 1887 197 
1781 109 1885 108 
1782 1290 1861 1775 
1783 1774 1860 1291 
1784 362 1839 646 
1785 295 1800 296 
1786 1801 1802 647 
1787 1772 1794 1114 
1788 646 1836 363 
1789 762 1953 750 
1790 752 1954 763 
1791 108 1885 590 
1792 591 1887 198 
1793 1776 1792 1124 
1794 1125 1793 1777 
1795 1836 1837 1835 
1796 645 1819 1818 
1797 1855 1857 369 
1798 648 1810 289 
1799 364 1836 1834 
1800 298 1820 299 
1801 288 1813 648 
1802 1092 1916 1101 
1803 1100 1915 1075 
1804 1834 1836 1835 
1805 368 1855 369 
1806 218 1883 217 
1807 1859 1870 1865 
1808 1764 1766 1225 
1809 1865 1869 1859 
1810 1084 1789 1115 
1811 1822 1823 643 
1812 1805 1806 1796 
1813 297 1803 298 
1814 1790 1868 1282 
1815 1795 1805 1796 
1816 1839 1840 1838 
1817 88 1874 87 
1818 364 1834 365 
1819 294 1798 295 
1820 1074 1767 1100 
1821 1054 1867 1280 
1822 217 1883 589 
1823 1315 1897 1143 
1824 1142 1896 1314 
1825 1280 1867 1791 
1826 1802 1804 1803 
1827 650 1832 1831 
1828 1795 1796 651 
1829 1072 1794 1224 
1830 1282 1868 1018 
1831 290 1810 1808 
1832 1224 1769 1767 
1833 1846 1847 1845 
1834 363 1836 364 
1835 1143 1901 1012 
1836 1048 1900 1142 
1837 643 1823 300 
1838 1086 1789 1084 
1839 1798 1800 295 
1840 218 1884 1883 
1841 1066 1861 1290 
1842 1291 1860 1083 
1843 649 1869 371 
1844 87 1874 592 
1845 110 1886 109 
1846 1213 1429 1427 
1847 1423 1425 1215 
1848 646 1839 1838 
1849 1859 1869 649 
1850 1841 1842 1840 
1851 86 1872 85 
1852 1858 1859 649 
1853 1810 1811 1809 
1854 593 1884 219 
1855 650 1833 1832 
1856 1796 1797 651 
1857 1832 1853 1852 
1858 1060 1792 1226 
1859 1228 1793 1024 
1860 290 1808 291 
1861 1862 1863 644 
1862 222 1878 221 
1863 289 1810 290 
1864 88 1875 1874 
1865 1808 1810 1809 
1866 374 1866 375 
1867 1852 1854 728 
1868 1229 1860 1774 
1869 1775 1861 1227 
1870 650 1831 366 
1871 293 1795 651 
1872 1051 1867 1054 
1873 729 1805 1795 
1874 1832 1852 1831 
1875 1026 1860 1229 
1876 1227 1861 1062 
1877 1055 1792 1057 
1878 1021 1793 1019 
1879 1224 1794 1772 
1880 1069 1794 1072 
1881 1024 1793 1021 
1882 1057 1792 1060 
1883 1124 1792 1055 
1884 1019 1793 1125 
1885 1831 1852 728 
1886 1226 1792 1776 
1887 1777 1793 1228 
1888 373 1862 644 
1889 588 1875 89 
1890 594 1886 110 
1891 1834 1835 1833 
1892 1797 1799 1798 
1893 1290 1312 1114 
1894 1115 1313 1291 
1895 1226 1227 1062 
1896 1026 1229 1228 
1897 1226 1388 1227 
1898 1229 1390 1228 
1899 1814 1815 1812 
1900 1388 1389 1227 
1901 1229 1391 1390 
1902 1026 1228 1024 
1903 1060 1226 1062 
1904 1072 1224 1074 
1905 1091 1225 1089 
1906 1066 1290 1114 
1907 1115 1291 1083 
1908 1829 1830 1828 
1909 729 1807 1805 
1910 1862 1869 1865 
1911 728 1855 368 
1912 1862 1865 1863 
1913 1114 1794 1067 
1914 1863 1864 644 
1915 1018 1868 1015 
1916 1280 1281 1124 
1917 1125 1283 1282 
1918 1802 1803 647 
1919 1125 1282 1018 
1920 1054 1280 1124 
1921 1090 1091 1089 
1922 1072 1074 1073 
1923 1084 1115 1083 
1924 1066 1114 1067 
1925 1067 1794 1069 
1926 367 1831 728 
1927 729 1795 292 
1928 1025 1026 1024 
1929 1060 1062 1061 
1930 1089 1789 1086 
1931 1063 1861 1066 
1932 1083 1860 1027 
1933 648 1813 1812 
1934 1088 1089 1086 
1935 1069 1072 1071 
1936 1803 1820 298 
1937 1370 1371 1231 
1938 1233 1368 1367 
1939 1063 1066 1065 
1940 1029 1083 1027 
1941 1387 1406 1315 
1942 1314 1407 1386 
1943 1014 1143 1012 
1944 1048 1142 1050 
1945 1263 1315 1143 
1946 1142 1314 1262 
1947 372 1862 373 
1948 302 639 303 
1949 367 728 368 
1950 305 635 306 
1951 370 649 371 
1952 308 633 309 
1953 350 632 351 
1954 353 634 354 
1955 359 642 360 
1956 362 646 363 
1957 373 644 374 
1958 293 651 294 
1959 356 638 357 
1960 365 650 366 
1961 291 729 292 
1962 279 636 280 
1963 285 645 286 
1964 288 648 289 
1965 282 640 283 
1966 299 643 300 
1967 379 637 380 
1968 296 647 297 
1969 376 641 377 
1970 365 1834 650 
1971 651 1798 294 
1972 1314 1386 1262 
1973 1263 1387 1315 
1974 1057 1060 1059 
1975 1023 1024 1021 
1976 1813 1814 1812 
1977 1019 1125 1018 
1978 1054 1124 1055 
1979 1142 1262 1050 
1980 1014 1263 1143 
1981 1226 1776 1388 
1982 1390 1777 1228 
1983 1225 1789 1089 
1984 1772 1773 1769 
1985 1854 1856 1855 
1986 1808 1809 1807 
1987 292 1795 293 
1988 366 1831 367 
1989 1229 1774 1391 
1990 1389 1775 1227 
1991 1051 1054 1053 
1992 1017 1018 1015 
1993 1027 1860 1026 
1994 1062 1861 1063 
1995 644 1866 374 
1996 291 1808 729 
1997 1816 1817 1814 
1998 1072 1073 1071 
1999 1088 1090 1089 
2000 1062 1063 1061 
2001 1025 1027 1026 
2002 1029 1084 1083 
2003 1066 1067 1065 
2004 647 1803 297 
2005 1060 1061 1059 
2006 1023 1025 1024 
2007 1048 1050 1049 
2008 1013 1014 1012 
2009 1050 1867 1051 
2010 219 1884 218 
2011 1797 1798 651 
2012 650 1834 1833 
2013 1386 1791 1262 
2014 1263 1790 1387 
2015 89 1875 88 
2016 371 1869 372 
2017 372 1869 1862 
2018 1011 1012 1009 
2019 1045 1048 1047 
2020 1854 1855 728 
2021 1017 1019 1018 
2022 1054 1055 1053 
2023 1236 1913 1036 
2024 1000 1914 1237 
2025 1015 1868 1014 
2026 1864 1866 644 
2027 1799 1800 1798 
2028 1014 1868 1263 
2029 1263 1868 1790 
2030 729 1808 1807 
2031 1050 1051 1049 
2032 1013 1015 1014 
2033 1813 1816 1814 
2034 1856 1857 1855 
2035 1067 1069 1068 
2036 1085 1086 1084 
2037 1897 1901 1143 
2038 1142 1900 1896 
2039 1233 1367 1366 
2040 1369 1370 1231 
2041 1063 1065 1064 
2042 1028 1029 1027 
2043 1087 1088 1086 
2044 1069 1071 1070 
2045 1824 1825 1823 
2046 1262 1867 1050 
2047 998 1783 1216 
2048 1022 1023 1021 
2049 1057 1059 1058 
2050 1091 1764 1225 
2051 97 1876 96 
2052 209 1881 208 
2053 1804 1820 1803 
2054 1048 1049 1047 
2055 1011 1013 1012 
2056 98 1880 97 
2057 210 1882 209 
2058 213 1873 212 
2059 94 1890 93 
2060 1849 1851 1850 
2061 84 596 83 
2062 93 584 92 
2063 111 594 110 
2064 102 582 101 
2065 87 592 86 
2066 96 581 95 
2067 105 586 104 
2068 211 580 210 
2069 220 593 219 
2070 193 599 192 
2071 202 587 201 
2072 90 588 89 
2073 99 578 98 
2074 108 590 107 
2075 199 591 198 
2076 208 579 207 
2077 223 597 222 
2078 217 589 216 
2079 196 595 195 
2080 205 583 204 
2081 214 585 213 
2082 114 598 113 
2083 1791 1867 1262 
2084 1782 1909 1908 
2085 1055 1057 1056 
2086 1020 1021 1019 
2087 1051 1053 1052 
2088 1016 1017 1015 
2089 1230 1231 1006 
2090 1042 1233 1232 
2091 1067 1068 1065 
2092 1029 1085 1084 
2093 1025 1028 1027 
2094 1063 1064 1061 
2095 998 1216 996 
2096 1032 1217 1034 
2097 1839 1841 1840 
2098 1085 1087 1086 
2099 1069 1070 1068 
2100 1087 1132 1088 
2101 1071 1133 1070 
2102 1022 1182 1023 
2103 1059 1183 1058 
2104 1017 1020 1019 
2105 1055 1056 1053 
2106 1230 1369 1231 
2107 1233 1366 1232 
2108 1051 1052 1049 
2109 1013 1016 1015 
2110 1057 1058 1056 
2111 1020 1022 1021 
2112 97 1880 1876 
2113 209 1882 1881 
2114 1070 1171 1068 
2115 1085 1170 1087 
2116 96 1876 581 
2117 208 1881 579 
2118 1366 1896 1232 
2119 1230 1897 1369 
2120 1007 1230 1006 
2121 1042 1232 1043 
2122 578 1880 98 
2123 580 1882 210 
2124 585 1873 213 
2125 93 1890 584 
2126 1023 1892 1025 
2127 1061 1894 1059 
2128 1785 1787 1783 
2129 1020 1188 1022 
2130 1058 1189 1056 
2131 1053 1902 1052 
2132 1016 1903 1017 
2133 1766 1770 1225 
2134 1182 1892 1023 
2135 1059 1894 1183 
2136 1008 1235 1010 
2137 1046 1234 1044 
2138 1844 1846 1845 
2139 1224 1772 1769 
2140 1017 1903 1020 
2141 1056 1902 1053 
2142 1064 1894 1061 
2143 1025 1892 1028 
2144 1010 1011 1009 
2145 1045 1047 1046 
2146 1012 1901 1009 
2147 1045 1900 1048 
2148 1037 1040 1039 
2149 1003 1004 1001 
2150 1908 1909 1040 
2151 1049 1898 1047 
2152 1011 1899 1013 
2153 1166 1953 1381 
2154 1384 1954 1168 
2155 1010 1164 1011 
2156 1047 1165 1046 
2157 1071 1911 1133 
2158 1132 1912 1088 
2159 1005 1007 1006 
2160 1042 1043 1041 
2161 1020 1903 1188 
2162 1189 1902 1056 
2163 1232 1900 1043 
2164 1007 1901 1230 
2165 1047 1898 1165 
2166 1164 1899 1011 
2167 1052 1898 1049 
2168 1013 1899 1016 
2169 1000 1237 1002 
2170 1038 1236 1036 
2171 1042 1909 1233 
2172 1896 1900 1232 
2173 1230 1901 1897 
2174 1008 1009 1007 
2175 1043 1045 1044 
2176 565 2077 1520 
2177 564 2078 1530 
2178 1043 1044 1041 
2179 1005 1008 1007 
2180 1045 1046 1044 
2181 1008 1010 1009 
2182 1043 1900 1045 
2183 1009 1901 1007 
2184 1005 1006 1004 
2185 1040 1042 1041 
2186 1004 1910 1907 
2187 1002 1003 1001 
2188 1037 1039 1038 
2189 1828 1830 304 
2190 1231 1910 1006 
2191 1040 1041 1039 
2192 1003 1005 1004 
2193 1008 1905 1235 
2194 1234 1904 1044 
2195 1002 1138 1003 
2196 1039 1139 1038 
2197 1041 1904 1039 
2198 1003 1905 1005 
2199 1145 1788 1784 
2200 1779 1782 1144 
2201 1039 1904 1139 
2202 1138 1905 1003 
2203 1907 1910 1788 
2204 1782 1908 1144 
2205 1216 1762 996 
2206 1145 1783 998 
2207 1034 1144 1035 
2208 999 1145 998 
2209 1040 1909 1042 
2210 1004 1907 1001 
2211 1037 1908 1040 
2212 1217 1778 1034 
2213 1778 1780 1779 
2214 1784 1785 1783 
2215 1005 1905 1008 
2216 1044 1904 1041 
2217 1035 1037 1036 
2218 1000 1001 999 
2219 1001 1907 999 
2220 1035 1908 1037 
2221 1080 1915 1218 
2222 1221 1916 1097 
2223 1778 1779 1144 
2224 1145 1784 1783 
2225 1784 1786 1785 
2226 1780 1781 1779 
2227 1037 1038 1036 
2228 1000 1002 1001 
2229 1035 1036 1033 
2230 997 1000 999 
2231 999 1907 1145 
2232 1144 1908 1035 
2233 985 1763 1032 
2234 1034 1035 1033 
2235 997 999 998 
2236 1145 1907 1788 
2237 1034 1778 1144 
2238 1006 1910 1004 
2239 1429 1455 1427 
2240 1423 1454 1425 
2241 1101 1764 1091 
2242 1197 1512 1511 
2243 1194 1542 1541 
2244 1075 1915 1077 
2245 1094 1916 1092 
2246 992 1140 994 
2247 1030 1141 984 
2248 1032 1034 1033 
2249 997 998 996 
2250 1216 1906 1762 
2251 984 1917 981 
2252 989 1918 992 
2253 995 996 993 
2254 985 1032 1031 
2255 1073 1911 1071 
2256 1088 1912 1090 
2257 983 1763 985 
2258 1762 1906 1121 
2259 1078 1213 1212 
2260 1214 1215 1095 
2261 1252 1928 771 
2262 769 1930 1253 
2263 988 1918 989 
2264 981 1917 980 
2265 1422 1423 1215 
2266 1213 1427 1426 
2267 994 1110 995 
2268 1031 1111 1030 
2269 1255 1932 765 
2270 767 1934 1254 
2271 985 1031 1030 
2272 994 995 993 
2273 991 1762 1121 
2274 972 1960 1239 
2275 1238 1959 976 
2276 1032 1033 1031 
2277 995 997 996 
2278 997 1914 1000 
2279 1036 1913 1033 
2280 1121 1906 1295 
2281 993 1762 991 
2282 1031 1913 1111 
2283 1110 1914 995 
2284 1033 1913 1031 
2285 995 1914 997 
2286 1116 1238 976 
2287 972 1239 1117 
2288 1095 1758 1096 
2289 1079 1759 1078 
2290 996 1762 993 
2291 1213 1426 1212 
2292 1214 1422 1215 
2293 992 994 993 
2294 985 1030 984 
2295 982 1292 1120 
2296 1121 1294 990 
2297 1223 1289 1222 
2298 1219 1288 1220 
2299 1121 1295 1294 
2300 1292 1293 1120 
2301 1120 1763 983 
2302 992 993 991 
2303 983 985 984 
2304 989 992 991 
2305 983 984 981 
2306 1078 1212 1076 
2307 1093 1214 1095 
2308 1321 1920 1155 
2309 1154 1919 1319 
2310 1099 1222 1221 
2311 1218 1219 1082 
2312 991 1121 990 
2313 982 1120 983 
2314 1609 1610 1602 
2315 1680 1681 1673 
2316 1141 1917 984 
2317 992 1918 1140 
2318 1404 1405 1403 
2319 1400 1402 1401 
2320 1915 1925 1218 
2321 1221 1926 1916 
2322 1080 1218 1082 
2323 1099 1221 1097 
2324 1749 1751 1746 
2325 1362 1453 1163 
2326 1162 1452 1364 
2327 1470 1471 1209 
2328 1206 1478 1477 
2329 1208 1492 1491 
2330 1484 1485 1207 
2331 1218 1925 1392 
2332 1393 1926 1221 
2333 1294 1924 990 
2334 982 1923 1292 
2335 961 988 987 
2336 979 980 953 
2337 952 1154 978 
2338 986 1155 960 
2339 1096 1758 1118 
2340 1119 1759 1079 
2341 1700 1702 1699 
2342 982 983 981 
2343 989 991 990 
2344 1218 1392 1219 
2345 1222 1393 1221 
2346 979 982 981 
2347 989 990 987 
2348 978 979 953 
2349 961 987 986 
2350 1154 1318 1260 
2351 1261 1320 1155 
2352 1449 1451 1363 
2353 1365 1448 1446 
2354 1398 1399 1397 
2355 1394 1396 1395 
2356 1100 1925 1915 
2357 1916 1926 1101 
2358 1261 1333 1320 
2359 1318 1332 1260 
2360 979 981 980 
2361 988 989 987 
2362 158 1963 157 
2363 1154 1260 978 
2364 986 1261 1155 
2365 949 952 951 
2366 959 960 957 
2367 961 986 960 
2368 952 978 953 
2369 952 953 951 
2370 959 961 960 
2371 1277 1970 1404 
2372 1401 1971 1279 
2373 1755 1921 1160 
2374 1169 1383 1168 
2375 1166 1380 1167 
2376 1181 1417 1363 
2377 1365 1416 1180 
2378 1210 1753 958 
2379 1161 1746 950 
2380 951 1161 950 
2381 958 1160 959 
2382 1161 1748 1747 
2383 1754 1755 1160 
2384 979 1923 982 
2385 990 1924 987 
2386 1755 1927 1921 
2387 978 1923 979 
2388 987 1924 986 
2389 959 1921 961 
2390 758 1166 946 
2391 954 1168 760 
2392 1570 1571 605 
2393 1753 1756 1754 
2394 1747 1749 1746 
2395 953 1922 951 
2396 1365 1446 1416 
2397 1417 1449 1363 
2398 1260 1923 978 
2399 986 1924 1261 
2400 50 1984 613 
2401 1160 1921 959 
2402 1181 1362 1163 
2403 1162 1364 1180 
2404 961 1921 988 
2405 1181 1363 1362 
2406 1364 1365 1180 
2407 1753 1754 1160 
2408 1161 1747 1746 
2409 1747 1750 1749 
2410 1756 1757 1754 
2411 1174 1936 1278 
2412 760 1954 752 
2413 750 1953 758 
2414 1270 1358 1134 
2415 1135 1360 1271 
2416 1397 1444 1272 
2417 958 959 957 
2418 949 951 950 
2419 951 1922 1161 
2420 1553 2015 1724 
2421 1723 2013 1551 
2422 1549 2016 1726 
2423 1725 2014 1555 
2424 988 1927 1918 
2425 970 1134 774 
2426 776 1135 974 
2427 1173 1937 1274 
2428 980 1922 953 
2429 977 1162 1116 
2430 1117 1163 973 
2431 1921 1927 988 
2432 1308 1735 935 
2433 1309 1734 941 
2434 1403 1442 1276 
2435 1294 1939 1924 
2436 1923 1938 1292 
2437 1706 1715 1710 
2438 1623 1632 1627 
2439 1578 1589 1581 
2440 1649 1660 1652 
2441 1210 1940 1753 
2442 975 1103 977 
2443 973 1102 971 
2444 157 1963 608 
2445 1321 1948 1920 
2446 1919 1947 1319 
2447 958 1753 1160 
2448 1654 1655 1651 
2449 1583 1584 1580 
2450 1161 1922 1748 
2451 1673 1684 1670 
2452 1602 1613 1599 
2453 1640 1643 1642 
2454 1711 1713 1708 
2455 1628 1630 1625 
2456 1117 1181 1163 
2457 1162 1180 1116 
2458 1672 1677 1675 
2459 1601 1606 1604 
2460 1558 1559 604 
2461 1104 1307 1304 
2462 1105 1306 1305 
2463 1260 1938 1923 
2464 1924 1939 1261 
2465 980 1942 1922 
2466 1332 1938 1260 
2467 1261 1939 1333 
2468 1917 1942 980 
2469 972 1117 973 
2470 977 1116 976 
2471 949 950 948 
2472 956 958 957 
2473 1922 1942 1748 
2474 1166 1167 946 
2475 954 1169 1168 
2476 761 956 955 
2477 947 948 759 
2478 1773 2350 2069 
2479 1151 1256 1252 
2480 1253 1257 1153 
2481 947 1947 1919 
2482 1920 1948 955 
2483 1254 1258 1147 
2484 1149 1259 1255 
2485 956 1957 1210 
2486 1211 1958 948 
2487 1169 1385 1383 
2488 1380 1382 1167 
2489 2070 2351 1771 
2490 185 722 184 
2491 122 723 121 
2492 75 725 74 
2493 232 724 231 
2494 753 1957 761 
2495 759 1958 751 
2496 746 773 704 
2497 705 772 748 
2498 761 955 954 
2499 946 947 759 
2500 1273 1972 1398 
2501 1395 1973 1275 
2502 972 973 971 
2503 975 977 976 
2504 947 949 948 
2505 956 957 955 
2506 1128 1957 753 
2507 751 1958 1129 
2508 776 1943 1135 
2509 970 1270 1134 
2510 1135 1271 974 
2511 709 1966 1574 
2512 1575 1967 708 
2513 1753 1940 1756 
2514 946 1947 947 
2515 955 1948 954 
2516 1104 1734 1307 
2517 1105 1735 1306 
2518 975 976 777 
2519 775 972 971 
2520 1611 1614 1610 
2521 1682 1685 1681 
2522 780 1174 1109 
2523 1108 1175 781 
2524 1997 2004 1361 
2525 1359 2003 1998 
2526 1106 1172 778 
2527 779 1173 1107 
2528 805 806 804 
2529 797 799 798 
2530 783 785 784 
2531 791 792 790 
2532 2024 2028 556 
2533 2022 2027 557 
2534 554 2026 2023 
2535 555 2025 2021 
2536 1643 1647 1646 
2537 1585 1587 1584 
2538 1656 1658 1655 
2539 793 794 792 
2540 799 801 800 
2541 807 808 806 
2542 785 787 786 
2543 817 818 794 
2544 831 832 808 
2545 801 825 824 
2546 787 811 810 
2547 683 1949 662 
2548 833 834 832 
2549 819 820 818 
2550 825 827 826 
2551 811 813 812 
2552 1134 1944 774 
2553 1686 1687 1685 
2554 1615 1616 1614 
2555 827 829 828 
2556 835 836 834 
2557 821 822 820 
2558 813 815 814 
2559 1688 1689 1687 
2560 1617 1618 1616 
2561 859 860 836 
2562 815 839 838 
2563 829 853 852 
2564 845 846 822 
2565 861 862 860 
2566 839 841 840 
2567 847 848 846 
2568 853 855 854 
2569 863 864 862 
2570 855 857 856 
2571 849 850 848 
2572 841 843 842 
2573 843 867 866 
2574 880 881 864 
2575 873 874 850 
2576 857 888 887 
2577 867 869 868 
2578 882 883 881 
2579 888 890 889 
2580 875 876 874 
2581 869 871 870 
2582 890 892 891 
2583 884 885 883 
2584 877 878 876 
2585 908 909 885 
2586 892 916 915 
2587 871 895 894 
2588 901 902 878 
2589 903 904 902 
2590 895 897 896 
2591 916 918 917 
2592 910 911 909 
2593 912 913 911 
2594 905 906 904 
2595 918 920 919 
2596 897 899 898 
2597 926 927 913 
2598 922 923 906 
2599 899 931 930 
2600 920 937 936 
2601 924 925 923 
2602 928 929 927 
2603 931 933 932 
2604 937 939 938 
2605 939 1734 1104 
2606 933 1735 1105 
2607 943 1965 929 
2608 942 1964 925 
2609 661 662 653 
2610 659 671 670 
2611 789 790 743 
2612 739 797 796 
2613 745 783 782 
2614 803 804 741 
2615 681 1955 668 
2616 671 682 672 
2617 673 683 662 
2618 746 1944 773 
2619 1742 1951 142 
2620 1743 1952 32 
2621 1102 1946 971 
2622 975 1945 1103 
2623 1167 1947 946 
2624 954 1948 1169 
2625 1353 1354 1352 
2626 1356 1357 1355 
2627 1349 1351 1350 
2628 1346 1348 1347 
2629 761 954 760 
2630 758 946 759 
2631 974 975 777 
2632 775 971 970 
2633 706 1968 1576 
2634 1577 1969 707 
2635 712 762 750 
2636 752 763 714 
2637 657 665 664 
2638 667 668 655 
2639 682 714 696 
2640 697 712 683 
2641 675 681 668 
2642 665 680 674 
2643 1321 1962 1948 
2644 1947 1961 1319 
2645 680 704 698 
2646 699 705 681 
2647 775 970 774 
2648 776 974 777 
2649 1271 1945 974 
2650 970 1946 1270 
2651 772 1943 748 
2652 974 1945 975 
2653 971 1946 970 
2654 758 1953 1166 
2655 1168 1954 760 
2656 748 776 749 
2657 747 774 746 
2658 774 1944 746 
2659 711 1127 747 
2660 749 1126 710 
2661 1395 2012 2009 
2662 2010 2011 1398 
2663 776 777 749 
2664 747 775 774 
2665 748 1943 776 
2666 665 1956 680 
2667 671 1950 682 
2668 680 698 674 
2669 675 699 681 
2670 1276 1760 1175 
2671 1272 1761 1172 
2672 761 1957 956 
2673 948 1958 759 
2674 673 697 683 
2675 682 696 672 
2676 751 1129 713 
2677 715 1128 753 
2678 1948 1962 1169 
2679 1167 1961 1947 
2680 1266 1936 1174 
2681 1265 1937 1173 
2682 753 761 760 
2683 758 759 751 
2684 680 711 704 
2685 705 710 681 
2686 682 715 714 
2687 712 713 683 
2688 711 747 746 
2689 748 749 710 
2690 1444 1761 1272 
2691 1175 1760 1267 
2692 346 555 347 
2693 318 562 319 
2694 315 561 316 
2695 321 567 322 
2696 331 577 332 
2697 337 569 338 
2698 340 565 341 
2699 349 550 8 
2700 329 731 330 
2701 334 573 335 
2702 343 559 344 
2703 312 557 313 
2704 327 576 328 
2705 324 572 325 
2706 7 552 310 
2707 271 554 272 
2708 243 563 244 
2709 240 560 241 
2710 246 566 247 
2711 256 575 257 
2712 262 568 263 
2713 265 564 266 
2714 254 730 255 
2715 274 546 6 
2716 252 574 253 
2717 259 571 260 
2718 268 558 269 
2719 237 556 238 
2720 249 570 250 
2721 5 548 235 
2722 1442 1760 1276 
2723 1169 1962 1385 
2724 1382 1961 1167 
2725 1172 1761 1264 
2726 661 673 662 
2727 671 672 670 
2728 665 674 664 
2729 667 675 668 
2730 976 1959 777 
2731 775 1960 972 
2732 753 760 752 
2733 750 758 751 
2734 711 746 704 
2735 705 748 710 
2736 749 1959 1126 
2737 1127 1960 747 
2738 1267 1377 1376 
2739 1378 1379 1266 
2740 1264 1375 1374 
2741 1372 1373 1265 
2742 777 1959 749 
2743 747 1960 775 
2744 1574 1970 1277 
2745 1279 1971 1575 
2746 1175 1267 1246 
2747 1247 1266 1174 
2748 1244 1265 1173 
2749 1172 1264 1245 
2750 1150 1151 771 
2751 769 1153 1152 
2752 767 1147 1146 
2753 1148 1149 765 
2754 773 1966 704 
2755 705 1967 772 
2756 768 780 757 
2757 756 781 770 
2758 737 769 768 
2759 770 771 736 
2760 754 778 764 
2761 766 779 755 
2762 734 767 766 
2763 764 765 735 
2764 675 703 699 
2765 698 702 674 
2766 715 752 714 
2767 712 750 713 
2768 737 757 708 
2769 709 756 736 
2770 706 754 735 
2771 734 755 707 
2772 696 701 672 
2773 673 700 697 
2774 750 751 713 
2775 715 753 752 
2776 652 693 660 
2777 663 690 656 
2778 669 684 658 
2779 654 687 666 
2780 5 549 548 
2781 7 553 552 
2782 550 551 8 
2783 546 547 6 
2784 1576 1972 1273 
2785 1275 1973 1577 
2786 1150 1343 1342 
2787 1344 1345 1152 
2788 704 1966 698 
2789 699 1967 705 
2790 1148 1341 1340 
2791 1338 1339 1146 
2792 966 1242 1159 
2793 1158 1243 968 
2794 1157 1241 962 
2795 964 1240 1156 
2796 934 935 933 
2797 940 941 939 
2798 929 1113 944 
2799 925 1112 945 
2800 698 709 702 
2801 703 708 699 
2802 780 1247 1174 
2803 1175 1246 781 
2804 693 695 694 
2805 687 689 688 
2806 691 692 690 
2807 685 686 684 
2808 1328 1329 1243 
2809 1242 1331 1330 
2810 1326 1327 1241 
2811 1240 1325 1324 
2812 1172 1245 778 
2813 779 1244 1173 
2814 712 1969 762 
2815 763 1968 714 
2816 695 743 742 
2817 689 741 740 
2818 738 739 692 
2819 744 745 686 
2820 696 706 701 
2821 700 707 697 
2822 1640 1984 1643 
2823 1157 1335 1326 
2824 1324 1334 1156 
2825 1158 1336 1328 
2826 1330 1337 1159 
2827 1123 1131 935 
2828 1122 1130 941 
2829 1112 1310 1200 
2830 1113 1311 1198 
2831 940 1136 1122 
2832 934 1137 1123 
2833 1198 1199 944 
2834 1200 1201 945 
2835 1137 1355 1269 
2836 1136 1352 1268 
2837 1316 1346 1199 
2838 1317 1349 1201 
2839 714 1968 696 
2840 697 1969 712 
2841 710 1955 681 
2842 711 1956 1127 
2843 744 963 962 
2844 964 965 742 
2845 738 969 968 
2846 966 967 740 
2847 1954 2010 763 
2848 762 2009 1953 
2849 713 1949 683 
2850 1401 1997 1971 
2851 1970 1998 1404 
2852 1610 1613 1602 
2853 1681 1684 1673 
2854 941 1734 939 
2855 935 1735 933 
2856 925 1964 1112 
2857 929 1965 1113 
2858 657 664 663 
2859 660 661 653 
2860 666 667 655 
2861 659 670 669 
2862 715 1950 1128 
2863 1378 1420 1379 
2864 1377 1421 1376 
2865 1372 1419 1373 
2866 1375 1418 1374 
2867 680 1956 711 
2868 674 1982 664 
2869 667 1983 675 
2870 553 1991 659 
2871 653 1992 551 
2872 1126 1955 710 
2873 553 659 658 
2874 652 653 551 
2875 654 655 547 
2876 549 657 656 
2877 1150 1342 1151 
2878 1153 1344 1152 
2879 1148 1340 1149 
2880 1147 1338 1146 
2881 769 1152 768 
2882 770 1150 771 
2883 792 795 790 
2884 783 788 785 
2885 797 802 799 
2886 806 809 804 
2887 767 1146 766 
2888 764 1148 765 
2889 2009 2012 1381 
2890 1384 2011 2010 
2891 549 1993 657 
2892 655 1994 547 
2893 811 816 813 
2894 825 830 827 
2895 834 837 832 
2896 820 823 818 
2897 613 1984 1640 
2898 1643 1736 1647 
2899 1689 1692 1687 
2900 1618 1621 1616 
2901 839 844 841 
2902 853 858 855 
2903 848 851 846 
2904 862 865 860 
2905 867 872 869 
2906 876 879 874 
2907 883 886 881 
2908 888 893 890 
2909 911 914 909 
2910 904 907 902 
2911 895 900 897 
2912 916 921 918 
2913 929 944 927 
2914 925 945 923 
2915 931 934 933 
2916 937 940 939 
2917 698 1966 709 
2918 708 1967 699 
2919 756 770 736 
2920 737 768 757 
2921 734 766 755 
2922 754 764 735 
2923 1267 1376 1246 
2924 1247 1378 1266 
2925 682 1950 715 
2926 1244 1372 1265 
2927 1264 1374 1245 
2928 661 1985 673 
2929 672 1986 670 
2930 1343 1408 1342 
2931 1344 1410 1345 
2932 1338 1412 1339 
2933 1341 1414 1340 
2934 703 737 708 
2935 709 736 702 
2936 700 734 707 
2937 706 735 701 
2938 1129 1949 713 
2939 696 1968 706 
2940 707 1969 697 
2941 1944 1998 773 
2942 1158 1328 1243 
2943 1242 1330 1159 
2944 1157 1326 1241 
2945 1240 1324 1156 
2946 693 694 660 
2947 687 688 666 
2948 663 691 690 
2949 669 685 684 
2950 691 738 692 
2951 689 740 688 
2952 695 742 694 
2953 685 744 686 
2954 744 962 745 
2955 741 966 740 
2956 738 968 739 
2957 743 964 742 
2958 1955 1995 1994 
2959 940 1122 941 
2960 934 1123 935 
2961 1112 1200 945 
2962 1113 1198 944 
2963 1136 1268 1122 
2964 1137 1269 1123 
2965 1198 1316 1199 
2966 1200 1317 1201 
2967 964 1156 965 
2968 963 1157 962 
2969 969 1158 968 
2970 966 1159 967 
2971 772 1997 1943 
2972 652 660 653 
2973 654 666 655 
2974 657 663 656 
2975 659 669 658 
2976 550 652 551 
2977 549 656 548 
2978 546 654 547 
2979 553 658 552 
2980 1243 1977 968 
2981 966 1974 1242 
2982 964 1975 1240 
2983 1241 1976 962 
2984 1993 1996 1956 
2985 1643 1984 1736 
2986 763 2010 1972 
2987 1973 2009 762 
2988 703 1983 1930 
2989 1928 1982 702 
2990 773 1998 1970 
2991 1971 1997 772 
2992 700 1985 1934 
2993 1932 1986 701 
2994 1704 2169 1963 
2995 702 1982 674 
2996 675 1983 703 
2997 1949 1992 662 
2998 1955 1994 668 
2999 673 1985 700 
3000 701 1986 672 
3001 804 1974 741 
3002 790 1975 743 
3003 745 1976 783 
3004 739 1977 797 
3005 1553 2022 2015 
3006 1549 2024 2016 
3007 2013 2021 1551 
3008 2014 2023 1555 
3009 1972 2010 1398 
3010 1395 2009 1973 
3011 899 1978 931 
3012 920 1979 937 
3013 927 1980 913 
3014 923 1981 906 
3015 671 1991 1950 
3016 1480 2053 561 
3017 1494 2055 560 
3018 559 2054 1487 
3019 558 2056 1473 
3020 665 1993 1956 
3021 780 1987 1247 
3022 1246 1988 781 
3023 779 1989 1244 
3024 1245 1990 778 
3025 768 1987 780 
3026 781 1988 770 
3027 766 1989 779 
3028 778 1990 764 
3029 1933 2008 1986 
3030 1985 2007 1935 
3031 1150 1988 1343 
3032 1345 1987 1152 
3033 1983 2006 1931 
3034 1929 2005 1982 
3035 1148 1990 1341 
3036 1339 1989 1146 
3037 659 1991 671 
3038 662 1992 653 
3039 741 1974 966 
3040 968 1977 739 
3041 743 1975 964 
3042 962 1976 745 
3043 1994 1995 1284 
3044 1475 2027 1249 
3045 1251 2025 1482 
3046 1489 2028 1250 
3047 1248 2026 1468 
3048 934 1978 1137 
3049 940 1979 1136 
3050 1199 1980 944 
3051 1201 1981 945 
3052 657 1993 665 
3053 668 1994 655 
3054 1285 1996 1993 
3055 1943 1997 1361 
3056 1360 2167 1271 
3057 1270 2168 1358 
3058 547 1284 6 
3059 5 1285 549 
3060 1359 1998 1944 
3061 551 1286 8 
3062 7 1287 553 
3063 1979 2000 1353 
3064 1978 1999 1356 
3065 1350 2002 1981 
3066 1347 2001 1980 
3067 809 1974 804 
3068 795 1975 790 
3069 797 1977 802 
3070 783 1976 788 
3071 634 2019 1851 
3072 931 1978 934 
3073 937 1979 940 
3074 944 1980 927 
3075 945 1981 923 
3076 1830 2020 635 
3077 1152 1987 768 
3078 770 1988 1150 
3079 1146 1989 766 
3080 764 1990 1148 
3081 550 2013 1723 
3082 546 2014 1725 
3083 1724 2015 552 
3084 1726 2016 548 
3085 667 2006 1983 
3086 1982 2005 664 
3087 1476 2036 557 
3088 555 2035 1483 
3089 1490 2037 556 
3090 554 2038 1469 
3091 661 2007 1985 
3092 1986 2008 670 
3093 1287 1991 553 
3094 551 1992 1286 
3095 1285 1993 549 
3096 547 1994 1284 
3097 274 2014 546 
3098 548 2016 235 
3099 349 2013 550 
3100 552 2015 310 
3101 1953 2009 1381 
3102 1384 2010 1954 
3103 900 1999 897 
3104 921 2000 918 
3105 911 2001 914 
3106 904 2002 907 
3107 1404 2003 1405 
3108 1402 2004 1401 
3109 897 1999 899 
3110 918 2000 920 
3111 913 2001 911 
3112 906 2002 904 
3113 663 2005 691 
3114 688 2006 666 
3115 694 2007 660 
3116 669 2008 685 
3117 664 2005 663 
3118 666 2006 667 
3119 920 2000 1979 
3120 899 1999 1978 
3121 1980 2001 913 
3122 1981 2002 906 
3123 660 2007 661 
3124 670 2008 669 
3125 1553 2027 2022 
3126 1549 2028 2024 
3127 2021 2025 1551 
3128 2023 2026 1555 
3129 1732 2122 1733 
3130 1741 2121 1740 
3131 1956 1996 1127 
3132 348 2013 349 
3133 310 2015 311 
3134 273 2014 274 
3135 235 2016 236 
3136 1687 2017 1685 
3137 1616 2018 1614 
3138 1126 1995 1955 
3139 1685 2017 621 
3140 1614 2018 619 
3141 1396 2012 1395 
3142 1398 2011 1399 
3143 555 2021 347 
3144 554 2023 272 
3145 312 2022 557 
3146 237 2024 556 
3147 1493 2051 1492 
3148 1471 2052 1472 
3149 1479 2050 1478 
3150 1485 2049 1486 
3151 1519 2067 1520 
3152 1529 2068 1530 
3153 1256 2033 1252 
3154 1253 2034 1257 
3155 1254 2039 1258 
3156 1259 2040 1255 
3157 967 2030 740 
3158 738 2029 969 
3159 965 2031 742 
3160 744 2032 963 
3161 2043 2049 1484 
3162 1477 2050 2044 
3163 2046 2052 1470 
3164 1491 2051 2045 
3165 1879 2226 1332 
3166 1333 2227 1891 
3167 273 2023 2014 
3168 348 2021 2013 
3169 2015 2022 311 
3170 2016 2024 236 
3171 347 2021 348 
3172 272 2023 273 
3173 236 2024 237 
3174 311 2022 312 
3175 1851 2019 1850 
3176 1829 2020 1830 
3177 694 2031 2007 
3178 2008 2032 685 
3179 2005 2029 691 
3180 688 2030 2006 
3181 1692 2017 1687 
3182 1621 2018 1616 
3183 1540 2065 1539 
3184 1510 2066 1509 
3185 271 2038 554 
3186 346 2035 555 
3187 557 2036 313 
3188 556 2037 238 
3189 1962 2397 1385 
3190 1382 2396 1961 
3191 1538 2065 1481 
3192 1508 2066 1495 
3193 2039 2047 1258 
3194 1259 2048 2040 
3195 1864 2215 2192 
3196 1256 2041 2033 
3197 2034 2042 1257 
3198 2191 2216 1818 
3199 1929 2029 2005 
3200 2006 2030 1931 
3201 2007 2031 1935 
3202 1933 2032 2008 
3203 559 2043 344 
3204 558 2046 269 
3205 240 2045 560 
3206 315 2044 561 
3207 1249 2027 1553 
3208 1555 2026 1248 
3209 1551 2025 1251 
3210 1250 2028 1549 
3211 1158 2041 1336 
3212 1337 2042 1159 
3213 1157 2048 1335 
3214 1334 2047 1156 
3215 1804 2177 1821 
3216 1842 2178 1840 
3217 2174 2328 1811 
3218 1858 2327 2173 
3219 967 2034 2030 
3220 2029 2033 969 
3221 965 2039 2031 
3222 2032 2040 963 
3223 1533 2084 1534 
3224 1523 2083 1524 
3225 691 2029 738 
3226 740 2030 688 
3227 742 2031 694 
3228 685 2032 744 
3229 1544 2085 1543 
3230 1514 2086 1513 
3231 1488 2067 1518 
3232 1474 2068 1528 
3233 1430 2279 1177 
3234 1178 2277 1431 
3235 1504 2099 1547 
3236 1507 2100 1517 
3237 1537 2102 1501 
3238 1527 2101 1498 
3239 1433 2276 1179 
3240 1176 2278 1432 
3241 561 2053 316 
3242 560 2055 241 
3243 268 2056 558 
3244 343 2054 559 
3245 313 2036 314 
3246 345 2035 346 
3247 238 2037 239 
3248 270 2038 271 
3249 1252 2033 1929 
3250 1931 2034 1253 
3251 1935 2039 1254 
3252 1255 2040 1933 
3253 2030 2034 1931 
3254 1929 2033 2029 
3255 2031 2039 1935 
3256 1933 2040 2032 
3257 318 2061 562 
3258 565 2062 341 
3259 564 2064 266 
3260 243 2063 563 
3261 215 2069 214 
3262 92 2070 91 
3263 1799 2179 1801 
3264 1837 2180 1835 
3265 1542 2085 1541 
3266 1512 2086 1511 
3267 345 2043 2035 
3268 2036 2044 314 
3269 2037 2045 239 
3270 270 2046 2038 
3271 1521 2083 1522 
3272 1531 2084 1532 
3273 344 2043 345 
3274 314 2044 315 
3275 269 2046 270 
3276 239 2045 240 
3277 2033 2041 969 
3278 967 2042 2034 
3279 965 2047 2039 
3280 2040 2048 963 
3281 787 2071 811 
3282 801 2072 825 
3283 818 2073 794 
3284 832 2074 808 
3285 2191 2193 1424 
3286 1546 2099 1545 
3287 1516 2100 1515 
3288 1428 2194 2192 
3289 562 2075 319 
3290 563 2076 244 
3291 265 2078 564 
3292 340 2077 565 
3293 1853 2343 1902 
3294 1903 2342 1806 
3295 969 2041 1158 
3296 1159 2042 967 
3297 1156 2047 965 
3298 963 2048 1157 
3299 246 2080 566 
3300 321 2079 567 
3301 569 2081 338 
3302 568 2082 263 
3303 1525 2101 1526 
3304 1535 2102 1536 
3305 1960 2089 1239 
3306 1238 2090 1959 
3307 1239 2089 1465 
3308 1467 2090 1238 
3309 1385 2397 2105 
3310 2106 2396 1382 
3311 1422 2142 1424 
3312 1428 2143 1426 
3313 846 2087 822 
3314 860 2088 836 
3315 1484 2049 1485 
3316 1478 2050 1477 
3317 1492 2051 1491 
3318 1470 2052 1471 
3319 1996 2089 1127 
3320 1440 2119 1302 
3321 1441 2120 1303 
3322 1298 2117 1438 
3323 1300 2118 1439 
3324 1408 2390 542 
3325 543 2391 1410 
3326 544 2388 1412 
3327 1414 2389 545 
3328 1126 2090 1995 
3329 1497 2117 1496 
3330 1500 2118 1499 
3331 1505 2120 1506 
3332 1502 2119 1503 
3333 337 2091 569 
3334 262 2092 568 
3335 567 2093 322 
3336 566 2094 247 
3337 324 2095 572 
3338 249 2096 570 
3339 573 2097 335 
3340 571 2098 260 
3341 352 2264 1750 
3342 1411 2057 1461 
3343 1460 2058 1409 
3344 1413 2060 1462 
3345 1463 2059 1415 
3346 1757 2263 307 
3347 115 2105 114 
3348 192 2106 191 
3349 1940 2135 1941 
3350 1752 2134 1751 
3351 316 2053 317 
3352 342 2054 343 
3353 241 2055 242 
3354 267 2056 268 
3355 829 2103 853 
3356 815 2104 839 
3357 1448 2284 636 
3358 637 2285 1451 
3359 259 2108 571 
3360 334 2107 573 
3361 572 2109 325 
3362 570 2110 250 
3363 874 2111 850 
3364 881 2112 864 
3365 1941 2127 1287 
3366 317 2061 318 
3367 341 2062 342 
3368 242 2063 243 
3369 266 2064 267 
3370 577 2113 332 
3371 575 2114 257 
3372 327 2115 576 
3373 252 2116 574 
3374 1286 2128 1752 
3375 2053 2061 317 
3376 2055 2063 242 
3377 342 2062 2054 
3378 267 2064 2056 
3379 2339 2348 816 
3380 2340 2349 830 
3381 823 2353 2337 
3382 837 2352 2338 
3383 731 2123 330 
3384 331 2123 577 
3385 730 2124 255 
3386 256 2124 575 
3387 329 2125 731 
3388 576 2125 328 
3389 254 2126 730 
3390 574 2126 253 
3391 1539 2065 1538 
3392 1509 2066 1508 
3393 1518 2067 1519 
3394 1528 2068 1529 
3395 2171 2335 1875 
3396 1883 2336 2172 
3397 1751 2134 1211 
3398 1210 2135 1940 
3399 1595 2161 1594 
3400 1666 2162 1665 
3401 1958 2134 1129 
3402 1128 2135 1957 
3403 902 2129 878 
3404 857 2132 888 
3405 843 2133 867 
3406 214 2069 585 
3407 584 2070 92 
3408 2070 2176 91 
3409 215 2175 2069 
3410 1950 2127 1128 
3411 1129 2128 1949 
3412 811 2071 816 
3413 825 2072 830 
3414 319 2075 320 
3415 244 2076 245 
3416 823 2073 818 
3417 837 2074 832 
3418 339 2077 340 
3419 264 2078 265 
3420 1902 2241 1853 
3421 1806 2242 1903 
3422 1287 2127 1991 
3423 1132 2142 1912 
3424 1911 2143 1133 
3425 1214 2142 1422 
3426 1426 2143 1212 
3427 2075 2079 320 
3428 2076 2080 245 
3429 320 2079 321 
3430 245 2080 246 
3431 338 2081 339 
3432 263 2082 264 
3433 1992 2128 1286 
3434 339 2081 2077 
3435 264 2082 2078 
3436 892 2138 916 
3437 871 2139 895 
3438 1353 2149 1354 
3439 1356 2150 1357 
3440 1703 2169 1702 
3441 1806 2145 1796 
3442 1832 2146 1853 
3443 1351 2159 1350 
3444 1914 2140 1237 
3445 1348 2160 1347 
3446 1236 2141 1913 
3447 1638 2164 1637 
3448 203 2147 202 
3449 104 2148 103 
3450 2071 2339 816 
3451 2072 2340 830 
3452 1522 2083 1523 
3453 1532 2084 1533 
3454 1543 2085 1542 
3455 1513 2086 1512 
3456 823 2337 2073 
3457 837 2338 2074 
3458 1421 2386 677 
3459 679 2387 1420 
3460 676 2384 1419 
3461 1418 2385 678 
3462 2173 2327 1183 
3463 1182 2328 2174 
3464 909 2144 885 
3465 1164 2145 1899 
3466 1898 2146 1165 
3467 1177 2385 1418 
3468 1419 2384 1178 
3469 1644 2164 1639 
3470 1179 2386 1421 
3471 1420 2387 1176 
3472 204 2153 203 
3473 103 2154 102 
3474 1995 2137 1284 
3475 1285 2136 1996 
3476 1760 2158 1267 
3477 1761 2155 1264 
3478 1430 2208 123 
3479 183 2207 1431 
3480 1433 2210 233 
3481 73 2209 1432 
3482 1266 2157 1936 
3483 1265 2156 1937 
3484 2247 2261 1323 
3485 1322 2262 2248 
3486 1996 2136 2089 
3487 1763 2163 1217 
3488 1293 2163 1120 
3489 1591 2161 1593 
3490 1662 2162 1664 
3491 2180 2392 1234 
3492 1235 2393 2179 
3493 2090 2137 1995 
3494 1424 2193 640 
3495 641 2194 1428 
3496 1127 2089 1960 
3497 1959 2090 1126 
3498 851 2087 846 
3499 865 2088 860 
3500 538 2225 1444 
3501 540 2228 1442 
3502 336 2091 337 
3503 261 2092 262 
3504 322 2093 323 
3505 247 2094 248 
3506 1881 2183 579 
3507 578 2184 1880 
3508 1777 2165 1283 
3509 1281 2166 1776 
3510 1740 2167 1729 
3511 1323 2243 1452 
3512 1453 2244 1322 
3513 1730 2168 1732 
3514 323 2095 324 
3515 248 2096 249 
3516 335 2097 336 
3517 260 2098 261 
3518 336 2097 2091 
3519 261 2098 2092 
3520 2093 2095 323 
3521 2094 2096 248 
3522 1452 2247 1323 
3523 1322 2248 1453 
3524 19 2390 1459 
3525 1458 2391 67 
3526 1457 2388 177 
3527 129 2389 1456 
3528 851 2347 2332 
3529 865 2346 2331 
3530 1305 2214 1440 
3531 1304 2213 1441 
3532 1547 2099 1546 
3533 1517 2100 1516 
3534 1526 2101 1527 
3535 1536 2102 1537 
3536 1733 2151 597 
3537 1295 2170 1294 
3538 2129 2367 878 
3539 596 2152 1741 
3540 843 2326 2133 
3541 857 2325 2132 
3542 1769 2172 1767 
3543 1764 2171 1766 
3544 1771 2176 2070 
3545 2069 2175 1773 
3546 721 2380 2058 
3547 2057 2381 716 
3548 2060 2378 718 
3549 720 2379 2059 
3550 921 2149 2000 
3551 900 2150 1999 
3552 114 2105 598 
3553 599 2106 192 
3554 1445 2245 539 
3555 1443 2246 541 
3556 853 2103 858 
3557 839 2104 844 
3558 589 2175 216 
3559 90 2176 588 
3560 1620 2307 1619 
3561 333 2107 334 
3562 258 2108 259 
3563 325 2109 326 
3564 250 2110 251 
3565 2002 2159 907 
3566 2001 2160 914 
3567 1812 2174 1811 
3568 1858 2173 1859 
3569 1895 2229 1870 
3570 1815 2230 1893 
3571 1496 2117 1298 
3572 1499 2118 1300 
3573 1302 2119 1502 
3574 1303 2120 1505 
3575 332 2113 333 
3576 257 2114 258 
3577 326 2115 327 
3578 251 2116 252 
3579 333 2113 2107 
3580 258 2114 2108 
3581 2109 2115 326 
3582 2110 2116 251 
3583 879 2111 874 
3584 886 2112 881 
3585 1237 2177 1002 
3586 1038 2178 1236 
3587 1010 2179 1164 
3588 1165 2180 1046 
3589 191 2181 190 
3590 116 2182 115 
3591 2286 2291 1131 
3592 1765 2335 2171 
3593 2172 2336 1768 
3594 1446 2257 726 
3595 727 2258 1449 
3596 1280 2183 1281 
3597 1283 2184 1282 
3598 1293 2265 1889 
3599 2287 2293 1130 
3600 879 2341 2324 
3601 994 2189 1110 
3602 1111 2190 1030 
3603 1885 2195 590 
3604 1311 2290 2288 
3605 2269 2293 2290 
3606 284 2193 1819 
3607 1866 2194 375 
3608 640 2193 283 
3609 376 2194 641 
3610 2291 2292 2268 
3611 1310 2292 2289 
3612 2111 2355 850 
3613 2112 2354 864 
3614 1906 2195 1295 
3615 330 2123 331 
3616 255 2124 256 
3617 328 2125 329 
3618 253 2126 254 
3619 1945 2121 1103 
3620 1102 2122 1946 
3621 588 2171 1875 
3622 1883 2172 589 
3623 1217 2196 1778 
3624 829 2344 2103 
3625 815 2345 2104 
3626 1456 2389 1414 
3627 1412 2388 1457 
3628 1410 2391 1458 
3629 1459 2390 1408 
3630 1219 2198 1288 
3631 1289 2197 1222 
3632 1406 2200 1315 
3633 1314 2199 1407 
3634 851 2332 2087 
3635 865 2331 2088 
3636 1366 2199 1896 
3637 1897 2200 1369 
3638 1927 2201 1918 
3639 1917 2202 1942 
3640 1381 2187 1380 
3641 1383 2188 1384 
3642 1361 2185 1360 
3643 1358 2186 1359 
3644 1782 2204 1368 
3645 1784 2203 1786 
3646 1781 2204 1779 
3647 1371 2203 1788 
3648 1873 2205 212 
3649 94 2206 1890 
3650 211 2205 580 
3651 581 2206 95 
3652 1926 2212 1765 
3653 1768 2211 1925 
3654 1070 2215 1171 
3655 1170 2216 1087 
3656 726 2274 1447 
3657 1450 2275 727 
3658 1905 2217 1235 
3659 1234 2218 1904 
3660 1022 2219 1182 
3661 1183 2220 1058 
3662 1290 2221 1312 
3663 1313 2222 1291 
3664 1438 2130 1299 
3665 1439 2131 1301 
3666 2088 2356 836 
3667 2087 2357 822 
3668 1659 2319 1718 
3669 1588 2318 1635 
3670 1718 2348 1717 
3671 1635 2349 1634 
3672 120 2225 538 
3673 230 2228 540 
3674 1991 2127 1950 
3675 579 2223 207 
3676 99 2224 578 
3677 907 2129 902 
3678 1949 2128 1992 
3679 194 2226 1879 
3680 1891 2227 112 
3681 595 2226 195 
3682 111 2227 594 
3683 2089 2136 1465 
3684 1467 2137 2090 
3685 888 2132 893 
3686 867 2133 872 
3687 723 2225 121 
3688 724 2228 231 
3689 1870 2229 1865 
3690 1814 2230 1815 
3691 1305 2250 2214 
3692 1304 2249 2213 
3693 199 2231 591 
3694 590 2232 107 
3695 77 2237 541 
3696 540 2238 229 
3697 187 2235 539 
3698 538 2236 119 
3699 1728 2235 188 
3700 118 2236 1727 
3701 228 2238 732 
3702 733 2237 78 
3703 1211 2134 1958 
3704 1957 2135 1210 
3705 1321 2234 1962 
3706 1961 2233 1319 
3707 2318 2329 858 
3708 2319 2330 844 
3709 184 2207 183 
3710 123 2208 122 
3711 1693 2372 1677 
3712 1622 2373 1606 
3713 1425 2239 1758 
3714 1759 2240 1429 
3715 233 2210 232 
3716 74 2209 73 
3717 539 2245 186 
3718 541 2246 76 
3719 1713 2370 1720 
3720 1630 2371 1648 
3721 1807 2242 1805 
3722 1852 2241 1854 
3723 1223 2243 1323 
3724 1322 2244 1220 
3725 1098 2243 1099 
3726 1082 2244 1081 
3727 2073 2363 794 
3728 2074 2364 808 
3729 787 2365 2071 
3730 801 2366 2072 
3731 185 2245 722 
3732 75 2246 725 
3733 1162 2247 1452 
3734 1453 2248 1163 
3735 1103 2247 977 
3736 973 2248 1102 
3737 732 2186 1721 
3738 1722 2185 733 
3739 1727 2188 603 
3740 2112 2307 1620 
3741 602 2187 1728 
3742 1701 2367 2129 
3743 1425 2284 2239 
3744 2240 2285 1429 
3745 2133 2326 1657 
3746 2132 2325 1586 
3747 943 2254 1965 
3748 942 2253 1964 
3749 6 2280 275 
3750 384 2281 5 
3751 8 2282 350 
3752 309 2283 7 
3753 1451 2252 1363 
3754 1365 2251 1448 
3755 1913 2141 1111 
3756 726 2257 278 
3757 381 2258 727 
3758 1110 2140 1914 
3759 279 2257 636 
3760 637 2258 380 
3761 4 2277 181 
3762 2 2278 71 
3763 15 2276 1 
3764 125 2279 3 
3765 308 2263 633 
3766 632 2264 351 
3767 1732 2334 2122 
3768 182 2277 4 
3769 1 2276 234 
3770 72 2278 2 
3771 3 2279 124 
3772 2121 2333 1740 
3773 1308 2260 1735 
3774 1309 2259 1734 
3775 1292 2265 1293 
3776 916 2138 921 
3777 895 2139 900 
3778 1822 2140 1824 
3779 1845 2141 1843 
3780 1750 2264 1749 
3781 1306 2250 1305 
3782 1307 2249 1304 
3783 1113 2267 1311 
3784 1112 2266 1310 
3785 1756 2263 1757 
3786 1912 2142 1214 
3787 1212 2143 1911 
3788 5 2281 1285 
3789 1284 2280 6 
3790 7 2283 1287 
3791 1286 2282 8 
3792 597 2151 1878 
3793 1871 2152 596 
3794 2253 2260 1964 
3795 2254 2259 1965 
3796 1691 2355 2111 
3797 1620 2354 2112 
3798 282 2272 640 
3799 641 2273 377 
3800 717 2294 1561 
3801 2058 2380 1336 
3802 1337 2381 2057 
3803 2104 2345 1718 
3804 2103 2344 1635 
3805 1334 2378 2060 
3806 2059 2379 1335 
3807 1598 2316 2314 
3808 1669 2317 2315 
3809 2310 2314 893 
3810 2311 2315 872 
3811 1582 2310 1586 
3812 1653 2311 1657 
3813 1309 2267 2259 
3814 1308 2266 2260 
3815 719 2295 1573 
3816 1605 2338 1603 
3817 1676 2337 1674 
3818 1626 2340 1629 
3819 1709 2339 1712 
3820 383 2275 631 
3821 630 2274 276 
3822 1454 2272 281 
3823 378 2273 1455 
3824 1669 2315 1668 
3825 1598 2314 1597 
3826 727 2275 382 
3827 277 2274 726 
3828 1570 2297 1571 
3829 16 2386 1179 
3830 1176 2387 70 
3831 1688 2347 1691 
3832 1617 2346 1620 
3833 126 2385 1177 
3834 1178 2384 180 
3835 635 2270 1757 
3836 1691 2324 1690 
3837 2266 2268 1310 
3838 2267 2269 1311 
3839 1645 2302 1641 
3840 1701 2362 1700 
3841 542 2390 20 
3842 66 2391 543 
3843 545 2389 130 
3844 176 2388 544 
3845 1683 2332 1682 
3846 1612 2331 1611 
3847 1663 2309 1669 
3848 1592 2308 1598 
3849 1750 2271 634 
3850 69 2387 679 
3851 677 2386 17 
3852 1609 2352 1612 
3853 1680 2353 1683 
3854 179 2384 676 
3855 678 2385 127 
3856 1657 2330 1654 
3857 1586 2329 1583 
3858 914 2144 909 
3859 1558 2296 1559 
3860 1796 2145 1797 
3861 1833 2146 1832 
3862 1612 2356 2088 
3863 1683 2357 2087 
3864 1306 2253 2250 
3865 1307 2254 2249 
3866 1889 2265 595 
3867 202 2147 587 
3868 586 2148 104 
3869 1902 2343 1052 
3870 1016 2342 1903 
3871 1676 2363 2073 
3872 1605 2364 2074 
3873 2071 2365 1712 
3874 2072 2366 1629 
3875 879 2324 2111 
3876 1288 2151 1297 
3877 1296 2152 1289 
3878 1876 2165 581 
3879 580 2166 1882 
3880 788 2365 785 
3881 802 2366 799 
3882 792 2363 795 
3883 806 2364 809 
3884 876 2367 879 
3885 1123 2286 1131 
3886 1122 2287 1130 
3887 1311 2288 1198 
3888 1310 2289 1200 
3889 820 2357 823 
3890 834 2356 837 
3891 848 2355 851 
3892 862 2354 865 
3893 830 2344 827 
3894 816 2345 813 
3895 583 2153 204 
3896 102 2154 582 
3897 890 2316 892 
3898 869 2317 871 
3899 885 2312 883 
3900 1264 2155 1375 
3901 1373 2156 1265 
3902 1379 2157 1266 
3903 1267 2158 1377 
3904 844 2326 841 
3905 858 2325 855 
3906 2000 2149 1353 
3907 1999 2150 1356 
3908 2103 2318 858 
3909 2104 2319 844 
3910 1698 2341 1701 
3911 1718 2319 2104 
3912 1635 2318 2103 
3913 1639 2164 1638 
3914 1594 2161 1591 
3915 1665 2162 1662 
3916 1350 2159 2002 
3917 1120 2163 1763 
3918 1347 2160 2001 
3919 1702 2169 1704 
3920 1646 2313 1642 
3921 1786 2232 1785 
3922 1780 2231 1781 
3923 594 2170 1886 
3924 1769 2321 2172 
3925 2171 2320 1766 
3926 886 2307 2112 
3927 1629 2340 2072 
3928 1712 2339 2071 
3929 2074 2338 1605 
3930 2073 2337 1676 
3931 1390 2165 1777 
3932 1776 2166 1388 
3933 1407 2223 1386 
3934 1387 2224 1406 
3935 1561 2294 2288 
3936 1729 2167 600 
3937 601 2168 1730 
3938 1573 2295 2289 
3939 2286 2297 1570 
3940 2087 2332 1683 
3941 2088 2331 1612 
3942 2287 2296 1558 
3943 1423 2272 1454 
3944 1455 2273 1427 
3945 2140 2382 1237 
3946 1236 2383 2141 
3947 1164 2394 2145 
3948 2146 2395 1165 
3949 2111 2324 1691 
3950 1455 2285 637 
3951 636 2284 1454 
3952 1757 2270 1754 
3953 1747 2271 1750 
3954 1294 2170 1939 
3955 2126 2213 730 
3956 2125 2214 731 
3957 2129 2362 1701 
3958 1765 2171 1764 
3959 1767 2172 1768 
3960 1586 2310 2132 
3961 1657 2311 2133 
3962 2132 2310 893 
3963 2133 2311 872 
3964 1859 2173 1870 
3965 1815 2174 1812 
3966 1893 2230 1170 
3967 1171 2229 1895 
3968 1894 2173 1183 
3969 1182 2174 1892 
3970 216 2175 215 
3971 91 2176 90 
3972 1268 2300 2296 
3973 1189 2241 1902 
3974 1903 2242 1188 
3975 1269 2301 2297 
3976 606 2305 1595 
3977 607 2306 1666 
3978 1637 2303 609 
3979 1598 2308 2138 
3980 1669 2309 2139 
3981 1963 2304 608 
3982 608 2298 1562 
3983 2144 2302 1645 
3984 609 2299 1563 
3985 1355 2301 1269 
3986 1352 2300 1268 
3987 1002 2177 1138 
3988 1139 2178 1038 
3989 609 2303 2299 
3990 608 2304 2298 
3991 1235 2179 1010 
3992 1046 2180 1234 
3993 907 2362 2129 
3994 1871 2368 2152 
3995 2151 2369 1878 
3996 190 2181 602 
3997 603 2182 116 
3998 1945 2333 2121 
3999 2122 2334 1946 
4000 1791 2183 1280 
4001 1282 2184 1790 
4002 1140 2189 994 
4003 1030 2190 1141 
4004 1819 2191 1818 
4005 1864 2192 1866 
4006 1288 2369 2151 
4007 2152 2368 1289 
4008 283 2193 284 
4009 375 2194 376 
4010 1359 2186 2003 
4011 2004 2185 1361 
4012 1787 2195 1906 
4013 2012 2187 1381 
4014 1384 2188 2011 
4015 2138 2308 921 
4016 2139 2309 900 
4017 1110 2358 2140 
4018 2141 2359 1111 
4019 1778 2196 1780 
4020 1822 2382 2140 
4021 2141 2383 1843 
4022 2140 2358 1824 
4023 1845 2359 2141 
4024 2240 2252 1451 
4025 1448 2251 2239 
4026 1222 2197 1393 
4027 1392 2198 1219 
4028 1896 2199 1314 
4029 1315 2200 1897 
4030 1806 2342 2145 
4031 2146 2343 1853 
4032 1918 2201 1140 
4033 2145 2394 1797 
4034 1833 2395 2146 
4035 1141 2202 1917 
4036 914 2302 2144 
4037 232 2210 724 
4038 725 2209 74 
4039 722 2207 184 
4040 122 2208 723 
4041 1441 2213 2126 
4042 1440 2214 2125 
4043 1788 2203 1784 
4044 1779 2204 1782 
4045 212 2205 211 
4046 95 2206 94 
4047 1925 2211 1392 
4048 1393 2212 1926 
4049 2172 2321 589 
4050 588 2320 2171 
4051 1133 2215 1070 
4052 1087 2216 1132 
4053 1138 2217 1905 
4054 1904 2218 1139 
4055 1188 2219 1022 
4056 1058 2220 1189 
4057 1775 2221 1290 
4058 1291 2222 1774 
4059 1429 2285 1455 
4060 1454 2284 1425 
4061 207 2223 206 
4062 100 2224 99 
4063 121 2225 120 
4064 195 2226 194 
4065 112 2227 111 
4066 231 2228 230 
4067 2239 2284 1448 
4068 1451 2285 2240 
4069 1865 2229 1863 
4070 1817 2230 1814 
4071 200 2231 199 
4072 107 2232 106 
4073 1319 2233 1318 
4074 1320 2234 1321 
4075 1362 2256 1453 
4076 1452 2255 1364 
4077 188 2235 187 
4078 119 2236 118 
4079 78 2237 77 
4080 229 2238 228 
4081 1570 2291 2286 
4082 1758 2239 1118 
4083 1119 2240 1759 
4084 1558 2293 2287 
4085 2288 2290 1561 
4086 1853 2241 1852 
4087 1805 2242 1806 
4088 2289 2292 1573 
4089 1099 2243 1223 
4090 1220 2244 1082 
4091 186 2245 185 
4092 2230 2361 1170 
4093 76 2246 75 
4094 1171 2360 2229 
4095 977 2247 1162 
4096 1163 2248 973 
4097 1619 2307 1646 
4098 2214 2250 2130 
4099 2213 2249 2131 
4100 1287 2283 1941 
4101 1752 2282 1286 
4102 1941 2283 633 
4103 632 2282 1752 
4104 1740 2333 2167 
4105 1748 2271 1747 
4106 1754 2270 1755 
4107 2168 2334 1732 
4108 1364 2251 1365 
4109 1363 2252 1362 
4110 1299 2253 942 
4111 1301 2254 943 
4112 2019 2271 1748 
4113 1755 2270 2020 
4114 1118 2255 1098 
4115 1081 2256 1119 
4116 278 2257 279 
4117 380 2258 381 
4118 1734 2259 1307 
4119 1735 2260 1306 
4120 1323 2261 1296 
4121 1297 2262 1322 
4122 307 2263 308 
4123 2249 2254 1301 
4124 2250 2253 1299 
4125 351 2264 352 
4126 2179 2394 1164 
4127 1165 2395 2180 
4128 1306 2260 2253 
4129 1307 2259 2254 
4130 2178 2383 1236 
4131 1237 2382 2177 
4132 2259 2267 1965 
4133 2260 2266 1964 
4134 1938 2265 1292 
4135 2145 2342 1899 
4136 1898 2343 2146 
4137 731 2214 2130 
4138 730 2213 2131 
4139 1817 2361 2230 
4140 2229 2360 1863 
4141 1964 2266 1112 
4142 1965 2267 1113 
4143 1131 2268 1308 
4144 1130 2269 1309 
4145 1308 2268 2266 
4146 1309 2269 2267 
4147 634 2271 2019 
4148 2020 2270 635 
4149 2157 2209 725 
4150 724 2210 2158 
4151 723 2208 2155 
4152 2156 2207 722 
4153 281 2272 282 
4154 377 2273 378 
4155 1111 2359 2190 
4156 2189 2358 1110 
4157 2121 2261 1103 
4158 1102 2262 2122 
4159 382 2275 383 
4160 276 2274 277 
4161 2198 2369 1288 
4162 1289 2368 2197 
4163 1766 2320 1771 
4164 1773 2321 1769 
4165 181 2277 1178 
4166 71 2278 1176 
4167 1179 2276 15 
4168 1177 2279 125 
4169 1961 2396 2233 
4170 2234 2397 1962 
4171 1170 2361 2216 
4172 2215 2360 1171 
4173 275 2280 630 
4174 631 2281 384 
4175 633 2283 309 
4176 350 2282 632 
4177 1364 2255 2251 
4178 2252 2256 1362 
4179 2251 2255 1118 
4180 1119 2256 2252 
4181 2137 2280 1284 
4182 1285 2281 2136 
4183 2324 2341 1697 
4184 2221 2350 1312 
4185 1313 2351 2222 
4186 2212 2335 1765 
4187 1768 2336 2211 
4188 1183 2327 2220 
4189 2219 2328 1182 
4190 1234 2392 2218 
4191 2217 2393 1235 
4192 1927 2322 2201 
4193 2202 2323 1942 
4194 2296 2300 1560 
4195 1560 2300 606 
4196 1572 2301 607 
4197 1561 2290 1557 
4198 2297 2301 1572 
4199 1573 2292 1569 
4200 1697 2341 1698 
4201 2290 2293 1557 
4202 1569 2292 2291 
4203 1690 2324 1697 
4204 1801 2393 1802 
4205 1838 2392 1837 
4206 1563 2294 717 
4207 1269 2286 1123 
4208 1268 2287 1122 
4209 1198 2288 1316 
4210 1569 2291 1570 
4211 1200 2289 1317 
4212 2176 2320 588 
4213 589 2321 2175 
4214 1557 2293 1558 
4215 1571 2297 1572 
4216 1559 2296 1560 
4217 2130 2250 1299 
4218 2131 2249 1301 
4219 1562 2295 719 
4220 1641 2302 1644 
4221 1596 2310 1582 
4222 1667 2311 1653 
4223 1596 2314 2310 
4224 1667 2315 2311 
4225 1593 2308 1592 
4226 1664 2309 1663 
4227 1597 2314 1596 
4228 1668 2315 1667 
4229 1642 2313 1645 
4230 2314 2316 893 
4231 2315 2317 872 
4232 1717 2348 1719 
4233 1634 2349 1636 
4234 1317 2298 1349 
4235 1316 2299 1346 
4236 2298 2304 1349 
4237 2299 2303 1346 
4238 1346 2303 1348 
4239 1349 2304 1351 
4240 1354 2305 1352 
4241 1357 2306 1355 
4242 1585 2329 2318 
4243 1656 2330 2319 
4244 1719 2348 2339 
4245 1636 2349 2340 
4246 1585 2318 1588 
4247 1656 2319 1659 
4248 2370 2375 629 
4249 2371 2377 628 
4250 627 2374 2372 
4251 626 2376 2373 
4252 1567 2374 627 
4253 629 2375 1565 
4254 1566 2376 626 
4255 628 2377 1564 
4256 1583 2329 1585 
4257 1654 2330 1656 
4258 2331 2346 1615 
4259 2332 2347 1686 
4260 1611 2331 1615 
4261 1682 2332 1686 
4262 1674 2337 1679 
4263 1603 2338 1608 
4264 1719 2339 1709 
4265 1636 2340 1626 
4266 1679 2353 1680 
4267 1608 2352 1609 
4268 1720 2370 629 
4269 1648 2371 628 
4270 2338 2352 1608 
4271 2337 2353 1679 
4272 1567 2378 2374 
4273 2375 2379 1565 
4274 1566 2381 2376 
4275 2377 2380 1564 
4276 883 2312 886 
4277 1856 2327 1858 
4278 1811 2328 1809 
4279 1615 2346 1617 
4280 1686 2347 1688 
4281 1700 2362 1703 
4282 627 2372 1693 
4283 626 2373 1622 
4284 1565 2379 720 
4285 718 2378 1567 
4286 1564 2380 721 
4287 716 2381 1566 
4288 1875 2335 1874 
4289 1884 2336 1883 
4290 893 2316 890 
4291 872 2317 869 
4292 1899 2342 1016 
4293 1052 2343 1898 
4294 1271 2333 1945 
4295 1946 2334 1270 
4296 1824 2358 1826 
4297 1847 2359 1845 
4298 1818 2361 1817 
4299 1863 2360 1864 
4300 855 2325 857 
4301 841 2326 843 
4302 1872 2368 1871 
4303 1878 2369 1877 
4304 180 2384 179 
4305 127 2385 126 
4306 70 2387 69 
4307 17 2386 16 
4308 177 2388 176 
4309 130 2389 129 
4310 20 2390 19 
4311 67 2391 66 
4312 1843 2383 1842 
4313 1821 2382 1822 
4314 1797 2394 1799 
4315 1835 2395 1833 
4316 827 2344 829 
4317 813 2345 815 
4318 864 2354 862 
4319 850 2355 848 
4320 2019 2323 1850 
4321 836 2356 834 
4322 822 2357 820 
4323 1829 2322 2020 
4324 794 2363 792 
4325 808 2364 806 
4326 785 2365 787 
4327 799 2366 801 
4328 878 2367 876 
4329 2167 2333 1271 
4330 1270 2334 2168 
4331 2268 2292 1310 
4332 2269 2290 1311 
4333 1130 2293 2269 
4334 1131 2291 2268 
4335 2136 2281 631 
4336 630 2280 2137 
4337 2288 2294 1316 
4338 2289 2295 1317 
4339 2069 2350 585 
4340 584 2351 2070 
4341 1119 2252 2240 
4342 2239 2251 1118 
4343 1269 2297 2286 
4344 1268 2296 2287 
4345 1799 2394 2179 
4346 2180 2395 1835 
4347 2177 2382 1821 
4348 1842 2383 2178 
4349 2105 2397 598 
4350 599 2396 2106 
4351 1771 2320 2176 
4352 2175 2321 1773 
4353 2190 2359 1847 
4354 1826 2358 2189 
4355 1877 2369 2198 
4356 2197 2368 1872 
4357 1802 2393 2217 
4358 2218 2392 1838 
4359 2201 2322 1829 
4360 1850 2323 2202 
4361 1864 2360 2215 
4362 2216 2361 1818 
4363 1874 2335 2212 
4364 2211 2336 1884 
4365 585 2350 2221 
4366 2222 2351 584 
4367 1809 2328 2219 
4368 2220 2327 1856 
4369 2233 2396 599 
4370 598 2397 2234 
4371 2295 2298 1317 
4372 2294 2299 1316 
4373 1562 2298 2295 
4374 1563 2299 2294 
4375 1352 2305 2300 
4376 1355 2306 2301 
4377 2300 2305 606 
4378 2301 2306 607 
4379 1645 2313 2312 
4380 2312 2313 886 
2 6 2 366
4381 2412 2445 2443 
4382 2434 2436 2422 
4383 2412 2480 2445 
4384 2436 2479 2422 
4385 2411 2455 2453 
4386 2457 2459 2423 
4387 2464 2465 2416 
4388 2411 2508 2455 
4389 2459 2509 2423 
4390 2459 2510 2509 
4391 2509 2510 2414 
4392 2409 2472 2471 
4393 2445 2480 2453 
4394 2457 2479 2436 
4395 2453 2480 2411 
4396 2423 2479 2457 
4397 2416 2507 2464 
4398 2475 2476 2471 
4399 2471 2476 2409 
4400 2410 2476 2475 
4401 2466 2499 2417 
4402 2442 2513 2425 
4403 2426 2517 2433 
4404 2425 2513 2449 
4405 2450 2517 2426 
4406 2467 2499 2466 
4407 2404 2518 2467 
4408 2467 2521 2404 
4409 2417 2524 2466 
4410 2409 2473 2472 
4411 2473 2525 2408 
4412 2467 2518 2499 
4413 2408 2520 2473 
4414 2433 2517 2448 
4415 432 2461 431 
4416 447 2468 446 
4417 2403 2463 2462 
4418 2447 2513 2442 
4419 2456 2475 2469 
4420 2402 2460 2458 
4421 2454 2456 2421 
4422 2469 2475 2471 
4423 2456 2469 2468 
4424 2403 2462 2461 
4425 2455 2475 2456 
4426 406 2476 407 
4427 2464 2510 2462 
4428 2403 2461 432 
4429 431 2461 2402 
4430 2421 2468 447 
4431 446 2468 2415 
4432 2465 2466 2416 
4433 430 2477 429 
4434 449 2478 448 
4435 2458 2477 2402 
4436 2421 2478 2454 
4437 2402 2461 2460 
4438 2456 2468 2421 
4439 2473 2474 2472 
4440 407 2476 2410 
4441 2409 2476 406 
4442 386 2450 2426 
4443 2401 2437 2435 
4444 2444 2446 2424 
4445 434 2483 433 
4446 410 2480 411 
4447 389 2479 390 
4448 2463 2464 2462 
4449 429 2477 2401 
4450 2402 2477 430 
4451 448 2478 2421 
4452 2424 2478 449 
4453 2425 2449 414 
4454 425 2427 424 
4455 454 2428 453 
4456 2439 2447 2442 
4457 2433 2448 2430 
4458 2400 2430 2429 
4459 2438 2439 2413 
4460 2426 2451 387 
4461 413 2452 2425 
4462 2401 2477 2437 
4463 2446 2478 2424 
4464 2435 2481 2401 
4465 2424 2482 2444 
4466 2400 2429 426 
4467 452 2438 2413 
4468 385 2450 386 
4469 2403 2483 2463 
4470 2428 2438 453 
4471 425 2429 2427 
4472 2404 2483 434 
4473 433 2483 2403 
4474 2429 2448 2427 
4475 2428 2447 2438 
4476 386 2426 387 
4477 413 2425 414 
4478 414 2449 415 
4479 2439 2442 2441 
4480 2432 2433 2430 
4481 2411 2480 410 
4482 411 2480 2412 
4483 2422 2479 389 
4484 390 2479 2423 
4485 2438 2447 2439 
4486 2430 2448 2429 
4487 2465 2467 2466 
4488 428 2481 427 
4489 451 2482 450 
4490 388 2451 2422 
4491 2412 2452 412 
4492 387 2451 388 
4493 412 2452 413 
4494 2463 2465 2464 
4495 2454 2478 2446 
4496 2437 2477 2458 
4497 2439 2441 2440 
4498 2431 2432 2430 
4499 2444 2482 2440 
4500 2431 2481 2435 
4501 2440 2482 2413 
4502 2400 2481 2431 
4503 427 2481 2400 
4504 2401 2481 428 
4505 2413 2482 451 
4506 450 2482 2424 
4507 426 2429 425 
4508 453 2438 452 
4509 2461 2462 2460 
4510 2468 2469 2415 
4511 2439 2440 2413 
4512 2400 2431 2430 
4513 2469 2470 2415 
4514 2469 2471 2470 
4515 2471 2472 2470 
4516 2496 2497 2405 
4517 2496 2498 2497 
4518 435 2501 2404 
4519 2498 2499 2497 
4520 2489 2491 2490 
4521 436 2501 435 
4522 2497 2501 2405 
4523 2488 2489 2486 
4524 2504 2505 2406 
4525 2489 2490 2486 
4526 2408 2492 2490 
4527 402 2492 403 
4528 2406 2505 2495 
4529 403 2492 2408 
4530 2407 2492 402 
4531 439 2503 2406 
4532 2503 2504 2406 
4533 440 2503 439 
4534 2485 2486 2407 
4535 2484 2485 2407 
4536 388 2422 389 
4537 390 2423 391 
4538 392 2414 393 
4539 394 2416 395 
4540 396 2417 397 
4541 398 2418 399 
4542 401 2407 402 
4543 403 2408 404 
4544 405 2409 406 
4545 407 2410 408 
4546 409 2411 410 
4547 411 2412 412 
4548 433 2403 432 
4549 435 2404 434 
4550 437 2405 436 
4551 439 2406 438 
4552 442 2419 441 
4553 444 2420 443 
4554 446 2415 445 
4555 448 2421 447 
4556 450 2424 449 
4557 452 2413 451 
4558 2495 2496 2405 
4559 427 2400 426 
4560 429 2401 428 
4561 431 2402 430 
4562 2485 2488 2486 
4563 2484 2487 2485 
4564 2418 2506 399 
4565 2420 2494 443 
4566 442 2494 2419 
4567 437 2495 2405 
4568 2419 2493 441 
4569 398 2502 2418 
4570 2406 2495 438 
4571 399 2506 400 
4572 401 2484 2407 
4573 2417 2502 397 
4574 2484 2506 2487 
4575 438 2495 437 
4576 441 2493 440 
4577 443 2494 442 
4578 2493 2503 440 
4579 400 2506 2484 
4580 400 2484 401 
4581 397 2502 398 
4582 2486 2492 2407 
4583 2495 2505 2496 
4584 2490 2492 2486 
4585 2405 2501 436 
4586 2496 2500 2498 
4587 2496 2505 2500 
4588 2458 2460 2459 
4589 2455 2456 2454 
4590 2453 2455 2454 
4591 2458 2459 2457 
4592 2453 2454 2446 
4593 2437 2458 2457 
4594 2437 2457 2436 
4595 2445 2453 2446 
4596 2435 2437 2436 
4597 2445 2446 2444 
4598 2431 2434 2432 
4599 2441 2443 2440 
4600 2443 2445 2444 
4601 2435 2436 2434 
4602 2414 2507 393 
4603 394 2507 2416 
4604 2410 2508 408 
4605 409 2508 2411 
4606 392 2509 2414 
4607 2423 2509 391 
4608 2431 2435 2434 
4609 2443 2444 2440 
4610 393 2507 394 
4611 408 2508 409 
4612 391 2509 392 
4613 2460 2510 2459 
4614 2462 2510 2460 
4615 2470 2511 2415 
4616 2415 2511 445 
4617 444 2511 2420 
4618 2517 2531 2448 
4619 2447 2532 2513 
4620 418 2398 417 
4621 422 2399 421 
4622 445 2511 444 
4623 423 2512 422 
4624 421 2515 420 
4625 419 2514 418 
4626 417 2516 416 
4627 2500 2522 2418 
4628 2504 2523 2487 
4629 422 2512 2399 
4630 418 2514 2398 
4631 2399 2515 421 
4632 2512 2513 2399 
4633 2398 2516 417 
4634 2499 2518 2497 
4635 2501 2518 2404 
4636 2398 2517 2516 
4637 2404 2521 2483 
4638 2409 2525 2473 
4639 2466 2524 2416 
4640 2474 2519 2472 
4641 2418 2522 2506 
4642 2487 2523 2485 
4643 2505 2544 2500 
4644 2503 2543 2504 
4645 2416 2524 395 
4646 396 2524 2417 
4647 2472 2519 2470 
4648 405 2525 2409 
4649 2408 2525 404 
4650 2449 2513 2512 
4651 415 2528 12 
4652 11 2527 454 
4653 424 2526 10 
4654 9 2529 385 
4655 2465 2521 2467 
4656 2463 2521 2465 
4657 2516 2517 2450 
4658 2490 2520 2408 
4659 2511 2519 2420 
4660 12 2528 423 
4661 420 2527 11 
4662 10 2526 419 
4663 416 2529 9 
4664 2433 2534 2426 
4665 2425 2533 2442 
4666 2474 2520 2491 
4667 2491 2520 2490 
4668 2464 2539 2510 
4669 2455 2540 2475 
4670 2513 2532 2399 
4671 2448 2531 2427 
4672 2428 2532 2447 
4673 2398 2531 2517 
4674 2500 2544 2522 
4675 2504 2543 2523 
4676 2497 2518 2501 
4677 2494 2530 2491 
4678 2473 2520 2474 
4679 2427 2526 424 
4680 454 2527 2428 
4681 2449 2528 415 
4682 385 2529 2450 
4683 2519 2530 2420 
4684 2470 2519 2511 
4685 2420 2530 2494 
4686 2427 2531 2514 
4687 2515 2532 2428 
4688 2499 2535 2417 
4689 2491 2536 2494 
4690 2418 2537 2500 
4691 2487 2544 2504 
4692 2443 2541 2412 
4693 2422 2542 2434 
4694 2483 2521 2463 
4695 2506 2522 2487 
4696 2485 2523 2488 
4697 395 2524 396 
4698 2426 2534 2451 
4699 2452 2533 2425 
4700 2474 2530 2519 
4701 404 2525 405 
4702 2475 2540 2410 
4703 2432 2534 2433 
4704 2442 2533 2441 
4705 2412 2541 2452 
4706 2451 2542 2422 
4707 2491 2530 2474 
4708 2534 2542 2451 
4709 2452 2541 2533 
4710 2512 2528 2449 
4711 2432 2542 2534 
4712 2533 2541 2441 
4713 2514 2526 2427 
4714 2428 2527 2515 
4715 2410 2540 2508 
4716 2488 2543 2538 
4717 2489 2536 2491 
4718 2489 2538 2536 
4719 2417 2535 2502 
4720 2536 2538 2419 
4721 2494 2536 2419 
4722 2488 2538 2489 
4723 2419 2538 2493 
4724 2502 2537 2418 
4725 2498 2535 2499 
4726 2500 2537 2498 
4727 2498 2537 2535 
4728 2535 2537 2502 
4729 2538 2543 2493 
4730 2414 2539 2507 
4731 2504 2544 2505 
4732 2493 2543 2503 
4733 2450 2529 2516 
4734 2441 2541 2443 
4735 2434 2542 2432 
4736 2508 2540 2455 
4737 2507 2539 2464 
4738 2510 2539 2414 
4739 423 2528 2512 
4740 419 2526 2514 
4741 2515 2527 420 
4742 2516 2529 416 
4743 2514 2531 2398 
4744 2399 2532 2515 
4745 2522 2544 2487 
4746 2523 2543 2488 
2 7 2 7076
4747 2620 4731 4365 
4748 3058 5540 4187 
4749 4180 5403 4260 
4750 3765 4410 4243 
4751 3780 4839 4717 
4752 4802 5612 4745 
4753 2898 4315 3087 
4754 2609 4047 403 
4755 3040 4321 4320 
4756 4448 5493 4079 
4757 2819 4475 2814 
4758 3957 4941 4535 
4759 3558 5876 3544 
4760 4192 4837 2907 
4761 5362 5446 4172 
4762 4235 5103 4244 
4763 3150 4289 3148 
4764 3009 4433 3010 
4765 4491 4500 4490 
4766 5068 5446 5362 
4767 2918 5106 5047 
4768 4182 4642 3771 
4769 4007 5488 5039 
4770 4810 5776 4448 
4771 4219 5140 4511 
4772 4830 4971 3353 
4773 4260 5403 2574 
4774 2814 4475 4347 
4775 4270 4505 4156 
4776 3047 5436 4489 
4777 4365 4731 4005 
4778 4257 4497 3060 
4779 4320 4539 3040 
4780 4457 4895 3263 
4781 3073 4324 3241 
4782 5057 5537 5418 
4783 4446 5298 2991 
4784 3793 4647 3798 
4785 4607 4609 4049 
4786 4272 4845 4151 
4787 4419 5747 3855 
4788 4308 4309 4104 
4789 4315 5666 3087 
4790 4759 5140 4219 
4791 4988 5018 3056 
4792 3009 4451 4433 
4793 4359 5774 3856 
4794 3951 4318 2943 
4795 3978 4326 4325 
4796 4339 4673 4338 
4797 4652 4653 3437 
4798 4676 5075 2936 
4799 5047 5106 4500 
4800 4007 5298 4446 
4801 4558 4856 4561 
4802 3597 5650 3559 
4803 2975 4324 3073 
4804 4130 4270 4156 
4805 4273 5507 3515 
4806 4403 4404 3718 
4807 3853 4419 3855 
4808 4975 5345 4301 
4809 3150 5755 4289 
4810 3059 4935 4354 
4811 4235 4244 4233 
4812 4262 4264 4263 
4813 4293 4618 2780 
4814 2907 4838 4192 
4815 4541 4986 3629 
4816 4125 4272 4151 
4817 5050 5427 5033 
4818 4723 4724 3902 
4819 3355 5612 4802 
4820 3577 4333 4332 
4821 2672 4424 2723 
4822 3317 5021 3242 
4823 5232 5236 3671 
4824 4490 4500 3713 
4825 4591 5760 5377 
4826 2936 5350 4676 
4827 2898 5846 4315 
4828 3765 4243 3954 
4829 4364 4618 3751 
4830 4233 4234 3499 
4831 5357 5517 4066 
4832 2553 4291 4290 
4833 3798 4647 4371 
4834 4557 4562 2878 
4835 4527 5500 2551 
4836 4522 4523 3451 
4837 3780 5679 4839 
4838 3123 5362 4352 
4839 4651 4652 3437 
4840 4274 4535 3246 
4841 3060 5792 4257 
4842 4659 5486 4524 
4843 3917 4594 4507 
4844 4923 5310 4404 
4845 3249 4937 4576 
4846 515 4733 514 
4847 2622 4573 4572 
4848 3401 5302 3448 
4849 3424 5517 5357 
4850 3656 5034 4485 
4851 5153 5570 5152 
4852 3941 4900 4789 
4853 3609 4396 4182 
4854 2604 5555 4353 
4855 3083 5359 5167 
4856 3902 4725 4723 
4857 3979 5030 3704 
4858 4122 4444 4120 
4859 4543 5117 4567 
4860 3942 4810 4448 
4861 4956 5012 4168 
4862 3977 5018 4988 
4863 4240 4241 3490 
4864 2567 4961 4861 
4865 3040 4322 4321 
4866 4447 4448 4079 
4867 4461 5537 4460 
4868 3821 4327 3802 
4869 4526 5142 4300 
4870 2832 4475 2819 
4871 3643 4609 4216 
4872 3237 5131 4294 
4873 2732 5486 4659 
4874 3410 5346 3412 
4875 4484 5607 4181 
4876 3512 4273 3515 
4877 4191 5662 4190 
4878 149 4580 2579 
4879 3070 5380 5100 
4880 3448 4935 4934 
4881 2748 5034 3656 
4882 4425 5392 5021 
4883 3022 4508 4299 
4884 3058 4187 3110 
4885 4262 4263 4261 
4886 4285 5061 4949 
4887 4562 5676 4894 
4888 5211 5262 5215 
4889 4460 5537 4459 
4890 4561 4856 4549 
4891 3978 4325 3710 
4892 4577 4937 4936 
4893 3409 3671 3407 
4894 3050 4359 4358 
4895 4210 5116 2575 
4896 4106 5248 4483 
4897 4473 5647 3724 
4898 3123 4352 2847 
4899 2670 4424 2672 
4900 5039 5298 4007 
4901 3735 4618 4364 
4902 3719 5321 5310 
4903 4389 4679 3914 
4904 4907 4943 3930 
4905 2622 4942 4573 
4906 3714 4725 3715 
4907 3885 5364 4359 
4908 4259 5611 4891 
4909 4049 5677 4607 
4910 5021 5392 3638 
4911 4374 5351 4376 
4912 3671 5579 3407 
4913 4555 5676 4562 
4914 4509 5007 3552 
4915 4501 5417 2550 
4916 4489 5436 4407 
4917 3873 4989 4501 
4918 3246 5003 4274 
4919 2624 4516 401 
4920 4983 4989 4818 
4921 4547 5007 4509 
4922 4278 5486 2732 
4923 4408 5132 2583 
4924 4576 5619 3249 
4925 2946 4948 3360 
4926 3408 5346 3410 
4927 4363 5482 4140 
4928 4672 5344 3039 
4929 4375 4382 4381 
4930 2732 5366 4278 
4931 4331 4477 2738 
4932 3237 5540 3058 
4933 3979 5383 5030 
4934 3429 5267 3185 
4935 5100 5380 4784 
4936 3076 4314 3020 
4937 4577 4936 4798 
4938 4690 4728 4174 
4939 148 4580 149 
4940 5033 5051 5050 
4941 4354 4954 3059 
4942 5200 5216 5202 
4943 3010 4433 3013 
4944 3656 4485 4282 
4945 4157 4445 4132 
4946 4233 4244 4234 
4947 4099 4308 4104 
4948 4369 4374 3803 
4949 5178 5590 5321 
4950 4708 5555 2604 
4951 5100 5146 3070 
4952 4354 4935 4184 
4953 2780 5672 4293 
4954 3046 4772 4295 
4955 5537 5767 4459 
4956 3780 4589 3632 
4957 2574 5834 4260 
4958 5197 5208 5200 
4959 4878 5005 4600 
4960 3413 3584 3411 
4961 2878 4856 4557 
4962 3076 4568 4314 
4963 4776 5083 4153 
4964 4375 4381 3803 
4965 3799 4369 3803 
4966 3959 4510 3341 
4967 5023 5106 5095 
4968 4188 5115 2763 
4969 4454 4807 2549 
4970 3895 4431 4430 
4971 3573 3911 3585 
4972 4511 5421 3162 
4973 4331 4452 3767 
4974 4754 4951 2607 
4975 5187 5291 3720 
4976 2578 4983 4818 
4977 2738 4452 4331 
4978 5186 5187 3720 
4979 3968 4349 3877 
4980 3049 5671 5651 
4981 5238 5437 5270 
4982 4765 5093 4306 
4983 3911 4077 3585 
4984 194 4782 195 
4985 4178 5435 3649 
4986 4941 5910 4964 
4987 2780 4618 4617 
4988 3934 4971 4830 
4989 3632 4589 4041 
4990 2575 5372 4210 
4991 4348 4919 3768 
4992 3717 5896 3601 
4993 3577 4332 2931 
4994 4258 4945 3916 
4995 5002 5663 4074 
4996 4459 5767 4669 
4997 4382 4914 3794 
4998 4591 5377 3749 
4999 4716 5146 5100 
5000 4885 5315 3022 
5001 3075 4224 4223 
5002 4551 4817 2580 
5003 3148 4289 3163 
5004 4449 5339 3091 
5005 4282 4486 3656 
5006 3981 5511 5136 
5007 3063 4641 4316 
5008 2723 4424 4423 
5009 4240 4296 4241 
5010 3629 5053 4541 
5011 2769 4503 2771 
5012 3779 5714 4832 
5013 3584 5803 3411 
5014 3559 5650 3558 
5015 3692 4521 4520 
5016 3764 4298 4297 
5017 4772 5105 4295 
5018 4528 5500 4527 
5019 2582 5079 4575 
5020 4367 5842 4076 
5021 2763 5674 4188 
5022 4745 5508 4802 
5023 3026 4691 4343 
5024 3997 5331 5128 
5025 3448 4934 3343 
5026 4402 4403 3718 
5027 4480 5143 4209 
5028 4182 5684 4642 
5029 3951 5422 4318 
5030 3639 4003 3670 
5031 3091 5339 2695 
5032 4296 5043 5032 
5033 4978 5686 5239 
5034 3025 4446 2989 
5035 2738 4477 4428 
5036 3767 4452 4252 
5037 4203 4594 3917 
5038 4673 5360 4338 
5039 4330 4386 3831 
5040 4344 4396 3609 
5041 3957 5910 4941 
5042 3678 4728 3676 
5043 3751 4618 4293 
5044 3573 3585 3534 
5045 4535 4941 3246 
5046 3786 4398 4397 
5047 4049 4609 3643 
5048 4194 5439 3911 
5049 3627 3995 3628 
5050 4316 4642 3063 
5051 3172 5005 4878 
5052 3050 4358 3015 
5053 4476 5503 3496 
5054 3421 5870 4565 
5055 5090 5113 4050 
5056 5418 5537 4461 
5057 4396 4397 4182 
5058 4563 5601 4078 
5059 4356 5865 3136 
5060 5250 5430 4281 
5061 4440 4441 4012 
5062 3497 4233 3499 
5063 4432 5774 4359 
5064 2744 5580 4414 
5065 3895 4551 4431 
5066 4092 5671 2908 
5067 3671 5235 5232 
5068 3883 4416 4415 
5069 4190 5326 4191 
5070 4661 5355 3935 
5071 4058 5596 4522 
5072 3911 5439 4575 
5073 4072 5338 4979 
5074 2590 4982 4650 
5075 4344 4497 3785 
5076 4548 5267 3429 
5077 4003 4232 3670 
5078 3706 4235 4233 
5079 4522 4917 4058 
5080 3305 5341 3404 
5081 4559 5006 4952 
5082 4153 5471 4776 
5083 4366 5363 5070 
5084 4838 5704 4192 
5085 5248 5662 4483 
5086 4256 5086 5085 
5087 5388 5729 5285 
5088 4214 4932 4479 
5089 4104 4249 4101 
5090 2943 4318 2935 
5091 4953 5142 4526 
5092 3407 5579 3673 
5093 4521 4659 4524 
5094 3522 3573 3534 
5095 3139 4356 3136 
5096 4334 4335 2937 
5097 5211 5215 2599 
5098 2608 3969 396 
5099 3982 5315 4885 
5100 3779 4832 4491 
5101 5095 5106 2918 
5102 4324 4595 3241 
5103 4501 4989 4394 
5104 4290 5080 2553 
5105 4329 4528 4527 
5106 4213 4781 4638 
5107 4886 5246 3610 
5108 2910 5090 4513 
5109 3785 4396 4344 
5110 4120 4444 4179 
5111 3985 4401 3625 
5112 4254 4255 3077 
5113 4345 4383 2613 
5114 3460 4240 3490 
5115 4078 5624 4563 
5116 3764 4297 4240 
5117 2631 2633 2632 
5118 4197 4394 3872 
5119 4551 5598 4431 
5120 4116 4366 4117 
5121 3959 5302 4510 
5122 4318 4340 3577 
5123 3446 4915 4586 
5124 4309 4408 4104 
5125 3040 4539 2999 
5126 4098 4099 3349 
5127 4294 5540 3237 
5128 4023 5344 4672 
5129 4442 4814 3880 
5130 2832 4741 4475 
5131 4777 5815 4587 
5132 4405 4923 4404 
5133 3995 4043 3628 
5134 2604 4733 515 
5135 3895 4430 3861 
5136 3771 4642 4316 
5137 4510 5302 3688 
5138 3504 5297 4753 
5139 3158 5504 4483 
5140 4253 5482 4363 
5141 3639 3670 3535 
5142 3076 5295 4568 
5143 3935 5623 4661 
5144 4101 4250 4102 
5145 4329 4527 4328 
5146 5257 5419 4837 
5147 4650 4982 3994 
5148 4414 5580 4401 
5149 3279 5117 4543 
5150 4426 4427 2676 
5151 3544 5876 3415 
5152 195 4782 3154 
5153 4537 4538 3112 
5154 2720 4460 2699 
5155 2989 4446 2991 
5156 3349 5504 3158 
5157 3242 5021 3638 
5158 2674 4426 2676 
5159 4181 5681 4484 
5160 4587 5815 2552 
5161 3818 4422 4421 
5162 3968 4983 4349 
5163 5131 5394 4294 
5164 3988 4489 4407 
5165 5031 5164 4757 
5166 4508 5683 4299 
5167 4366 5070 4152 
5168 4533 4534 4427 
5169 4192 4488 3707 
5170 4453 4454 4161 
5171 4104 5837 4249 
5172 2720 4461 4460 
5173 4115 5072 4740 
5174 3085 4536 3084 
5175 5197 5200 5198 
5176 5321 5590 5310 
5177 4099 4101 4100 
5178 4149 4385 4150 
5179 3648 5607 4484 
5180 3515 3639 3535 
5181 4586 4943 3446 
5182 5212 5665 5214 
5183 497 5400 4317 
5184 4224 5140 4759 
5185 2607 4767 4754 
5186 3692 4520 4519 
5187 3075 4223 2635 
5188 4975 5621 5345 
5189 4491 5047 4500 
5190 4197 4501 4394 
5191 4254 4256 4255 
5192 3627 3628 3511 
5193 4132 4445 4133 
5194 3509 3627 3511 
5195 3612 5537 5057 
5196 2910 5113 5090 
5197 4471 5647 4473 
5198 4603 5158 2971 
5199 4299 4885 3022 
5200 5293 5518 4844 
5201 2613 4827 4345 
5202 3953 5346 3408 
5203 3166 3487 3164 
5204 4958 5472 4816 
5205 3786 4397 4396 
5206 2619 4413 4395 
5207 3076 5364 5295 
5208 3559 3599 3597 
5209 4332 4334 2937 
5210 3411 5803 3989 
5211 4893 4919 3987 
5212 3996 4205 3995 
5213 2803 5047 4491 
5214 4259 4891 3951 
5215 3263 5014 4457 
5216 3599 5783 3597 
5217 3916 4590 4258 
5218 4836 5430 5250 
5219 3601 5781 3717 
5220 4174 5741 4690 
5221 4083 5555 4707 
5222 4805 5320 3983 
5223 3519 4389 3522 
5224 3601 4402 3718 
5225 3856 5127 4359 
5226 2746 5112 4865 
5227 2548 5351 4470 
5228 4724 4828 3902 
5229 5520 5896 5358 
5230 3437 4902 4651 
5231 3265 5288 4889 
5232 2563 4973 4785 
5233 4565 5756 3421 
5234 3883 4415 3848 
5235 3435 3764 3460 
5236 3914 4194 3911 
5237 4768 4817 4551 
5238 4317 5496 497 
5239 5595 5706 4283 
5240 3988 4407 3665 
5241 2800 4472 4471 
5242 4481 5641 2588 
5243 2553 4292 4291 
5244 4417 4418 3869 
5245 3843 4453 4161 
5246 4374 5746 5351 
5247 4209 5143 4677 
5248 3494 3706 3497 
5249 5438 5602 4733 
5250 4299 5683 4300 
5251 5046 5052 4205 
5252 4277 5775 2794 
5253 2925 5360 2840 
5254 4197 5417 4501 
5255 3446 4943 4907 
5256 4393 4443 4259 
5257 4423 4425 2723 
5258 4234 4476 4238 
5259 5359 5673 5167 
5260 3420 4267 3435 
5261 3105 4487 4434 
5262 4 4948 2946 
5263 4651 4902 4643 
5264 4318 5422 4340 
5265 5651 5671 4092 
5266 3868 5513 4479 
5267 4426 4533 4427 
5268 5346 5778 3683 
5269 5136 5511 3308 
5270 3448 5431 4935 
5271 5200 5202 5201 
5272 2633 3075 2635 
5273 4733 5602 4732 
5274 3656 5121 2751 
5275 2678 4427 2714 
5276 3586 4778 4615 
5277 3914 4679 4195 
5278 4250 5742 4102 
5279 3855 5747 3858 
5280 4253 4363 3157 
5281 2908 5768 4092 
5282 4116 4740 4366 
5283 3692 4659 4521 
5284 2925 5798 5360 
5285 4429 5324 3345 
5286 4296 5032 4924 
5287 4375 5719 5323 
5288 4472 5647 4471 
5289 3704 5030 4008 
5290 4683 5788 5453 
5291 4341 5843 2641 
5292 2579 4580 4542 
5293 4564 5427 5050 
5294 4435 4437 3400 
5295 4865 5432 4999 
5296 4515 4655 4302 
5297 3400 4503 4435 
5298 2571 5097 4502 
5299 3706 4233 3497 
5300 4406 4921 4405 
5301 2736 4439 2741 
5302 4359 5127 3885 
5303 4168 5556 4956 
5304 4560 5006 4559 
5305 5030 5383 3274 
5306 4281 5709 3236 
5307 3802 4327 3805 
5308 4168 5711 4785 
5309 4346 5639 3264 
5310 4343 4728 3026 
5311 4134 5375 5265 
5312 5196 5197 3603 
5313 3448 5302 4644 
5314 5324 5539 5361 
5315 3094 5596 4252 
5316 3657 4393 4259 
5317 4617 4657 2780 
5318 3764 4240 3460 
5319 3198 5006 4560 
5320 4013 4440 4012 
5321 5231 5238 5233 
5322 4192 5704 4488 
5323 4098 4308 4099 
5324 4099 4104 4101 
5325 3821 5911 4327 
5326 3042 4877 3636 
5327 4029 4814 4442 
5328 2902 4254 3077 
5329 2986 4508 3022 
5330 3476 5649 4492 
5331 4829 4830 3353 
5332 3160 3349 3158 
5333 4948 5675 3360 
5334 514 4733 2627 
5335 4276 5875 2816 
5336 3942 4448 4447 
5337 3084 4536 3230 
5338 3985 4414 4401 
5339 4486 5121 3656 
5340 5391 5408 4441 
5341 4149 4757 4385 
5342 3479 4534 4533 
5343 4470 5864 4969 
5344 2588 5641 4747 
5345 4252 5799 3094 
5346 4212 4725 3714 
5347 4191 5755 5662 
5348 4376 5719 4375 
5349 4924 5427 4564 
5350 4544 4594 3748 
5351 3160 5809 4098 
5352 4707 5555 4708 
5353 2900 4254 2902 
5354 3081 4877 3042 
5355 3404 5341 4664 
5356 4798 5158 4577 
5357 3264 5588 4346 
5358 4347 5701 2814 
5359 5400 5527 4230 
5360 4753 5297 4207 
5361 5393 5509 2963 
5362 4477 4842 3556 
5363 4557 4856 4558 
5364 3544 3559 3558 
5365 3154 4782 4391 
5366 402 4047 2624 
5367 3768 5589 4348 
5368 4625 4840 3175 
5369 4140 5264 4363 
5370 4471 4473 2816 
5371 3236 5250 4281 
5372 4978 5401 3442 
5373 3573 4389 3914 
5374 3711 4486 3712 
5375 2722 4840 2729 
5376 5111 5511 5112 
5377 3796 4369 3799 
5378 4482 5137 3841 
5379 3703 4719 4411 
5380 2590 4262 4261 
5381 3056 5018 4616 
5382 4268 5783 3599 
5383 4497 4682 3060 
5384 3715 4725 3902 
5385 4748 5641 4177 
5386 2771 4503 3400 
5387 5235 5804 5230 
5388 2937 4336 2927 
5389 4102 4108 4107 
5390 4949 4950 4285 
5391 5208 5211 5200 
5392 5707 5889 4901 
5393 396 5882 2608 
5394 4451 5165 3870 
5395 4414 5005 3172 
5396 3818 4421 3819 
5397 4152 4313 4272 
5398 4062 4474 3844 
5399 4523 5787 3451 
5400 4641 4859 3773 
5401 3712 4486 4282 
5402 4594 5784 3748 
5403 4062 4482 4474 
5404 3791 4647 3793 
5405 4355 4356 3139 
5406 4374 4375 3803 
5407 3442 5397 4977 
5408 3125 4498 3124 
5409 4930 5505 4018 
5410 3814 4958 4816 
5411 3713 4780 4490 
5412 4722 5451 4795 
5413 4496 4890 3690 
5414 402 2624 401 
5415 399 2625 398 
5416 4364 4628 3735 
5417 5212 5214 2600 
5418 2548 5637 5351 
5419 4683 5453 3429 
5420 3707 4488 3434 
5421 4317 5400 4230 
5422 2971 5158 4798 
5423 2816 5750 4276 
5424 3766 4602 4601 
5425 4400 5390 4399 
5426 2549 5614 4454 
5427 4400 5696 2764 
5428 4205 5682 3995 
5429 2583 5462 4408 
5430 4474 4542 3883 
5431 3166 4018 3487 
5432 4747 5641 4748 
5433 4785 4973 4786 
5434 3963 4701 4596 
5435 4428 5832 2738 
5436 4359 5364 4358 
5437 3577 4340 4333 
5438 2590 4261 405 
5439 2701 4460 4458 
5440 4224 4759 4223 
5441 3160 4098 3349 
5442 3499 4237 3500 
5443 4691 4775 4343 
5444 4415 4417 3869 
5445 404 2609 403 
5446 3158 4483 3155 
5447 4560 5788 3198 
5448 4285 4950 4284 
5449 3649 5376 4178 
5450 2764 5390 4400 
5451 4570 5509 5393 
5452 3155 3262 3150 
5453 3835 4455 4453 
5454 4241 4924 4564 
5455 3942 4447 3825 
5456 4243 4410 3075 
5457 4264 5319 4263 
5458 4251 5432 4465 
5459 4484 4756 3648 
5460 3710 4325 3708 
5461 3766 4601 4598 
5462 3056 4616 2786 
5463 4649 5792 3060 
5464 4168 4785 4165 
5465 4174 4728 3678 
5466 4340 4367 4333 
5467 4564 5050 4236 
5468 3503 5542 5085 
5469 5204 5475 5474 
5470 4099 4100 3349 
5471 3146 4253 3144 
5472 5211 5698 5262 
5473 3803 4381 3801 
5474 5410 5479 2621 
5475 4970 5819 4926 
5476 4525 5849 3813 
5477 4330 4958 4386 
5478 4638 4912 4213 
5479 4378 4380 4372 
5480 2637 2942 2639 
5481 4839 5412 4717 
5482 3979 5856 5383 
5483 2641 5843 5674 
5484 3451 4917 4522 
5485 4066 5720 5357 
5486 3412 5346 3683 
5487 4128 4270 4130 
5488 5001 5254 4356 
5489 3123 5775 4277 
5490 2900 5780 4254 
5491 2639 4341 2641 
5492 2592 4828 4724 
5493 4861 5145 2567 
5494 4886 5247 5246 
5495 4146 4390 4147 
5496 5357 5720 5441 
5497 4113 4193 4116 
5498 4451 5521 4433 
5499 4511 5445 5421 
5500 3157 4357 4355 
5501 3479 5021 3317 
5502 4513 5458 2910 
5503 4143 4285 4284 
5504 3706 4236 4235 
5505 4101 4102 4100 
5506 3713 4500 4499 
5507 4333 4334 4332 
5508 4889 5288 4091 
5509 3782 4762 4761 
5510 4476 5628 4238 
5511 3911 4575 4077 
5512 4138 4284 4142 
5513 2798 4471 2816 
5514 4123 4272 4125 
5515 4297 5870 4296 
5516 2892 3049 2894 
5517 4712 5028 4711 
5518 4795 5640 4722 
5519 3605 5685 4051 
5520 4201 5350 5325 
5521 4076 5167 4367 
5522 2984 4508 2986 
5523 3129 4498 3125 
5524 3943 5172 4319 
5525 4238 4478 4342 
5526 3435 4267 3764 
5527 4004 5507 4466 
5528 3831 4386 3810 
5529 4908 5653 4232 
5530 3490 4242 3491 
5531 4340 5842 4367 
5532 3871 4430 4198 
5533 4673 5008 2838 
5534 3193 4504 4409 
5535 3340 3960 3959 
5536 3908 5374 5280 
5537 2942 4341 2639 
5538 5122 5336 2976 
5539 2898 3087 2900 
5540 4434 4485 3105 
5541 3420 5745 4267 
5542 4043 4986 4541 
5543 4108 4109 4107 
5544 4422 4467 4421 
5545 4628 4790 3288 
5546 4147 4758 4149 
5547 3148 3163 3146 
5548 3175 5782 4625 
5549 4249 4250 4101 
5550 4645 5892 4532 
5551 4615 4778 4613 
5552 4244 4476 4234 
5553 3085 5529 4536 
5554 3634 5300 2964 
5555 3683 5778 4545 
5556 4409 5705 3701 
5557 3625 4401 3786 
5558 3869 4419 3853 
5559 4310 4311 4309 
5560 3708 3967 3707 
5561 3692 4519 2655 
5562 3416 5002 4074 
5563 4143 4445 4286 
5564 2888 2908 2890 
5565 3617 4462 3620 
5566 4234 4238 4237 
5567 4298 4565 4297 
5568 2902 3077 2904 
5569 4443 4993 3127 
5570 2552 4699 4587 
5571 4078 5601 4903 
5572 4492 5649 4393 
5573 3685 4464 4052 
5574 3894 5320 4805 
5575 4117 4366 4121 
5576 4602 5158 4603 
5577 4121 4152 4123 
5578 5222 5699 5224 
5579 3634 5429 5300 
5580 4236 5459 4564 
5581 4237 5717 3500 
5582 2599 5216 5211 
5583 5390 5530 4399 
5584 2701 4458 2703 
5585 3671 5726 5235 
5586 4256 5144 5086 
5587 3832 4447 4079 
5588 3624 4497 4257 
5589 3780 4717 4589 
5590 3999 4810 3942 
5591 3794 4947 4382 
5592 4532 5892 4070 
5593 3340 3959 3341 
5594 3987 4919 4348 
5595 5279 5280 2595 
5596 4758 5031 4757 
5597 2631 4243 2633 
5598 4157 5732 4445 
5599 4339 5008 4673 
5600 3144 3157 3141 
5601 5172 5877 4319 
5602 4474 5739 4542 
5603 5604 5652 5102 
5604 4240 4297 4296 
5605 4506 4996 2784 
5606 4392 5479 5410 
5607 3601 5896 3599 
5608 3141 4355 3139 
5609 3522 3534 3523 
5610 3765 5791 4410 
5611 4130 4156 4132 
5612 3541 4655 4514 
5613 5093 5761 4306 
5614 3822 5088 4892 
5615 3688 5302 3401 
5616 5172 5856 3979 
5617 4861 4961 4311 
5618 4374 4376 4375 
5619 4933 5457 4113 
5620 4789 4900 2624 
5621 4109 4895 4457 
5622 3995 5682 4888 
5623 2749 2768 2767 
5624 4051 4900 3605 
5625 2958 4608 2872 
5626 3127 5353 4443 
5627 4243 5626 3954 
5628 3086 5684 4399 
5629 5085 5542 4256 
5630 4125 4151 4128 
5631 3345 5324 4546 
5632 2600 5213 5212 
5633 3050 4432 4359 
5634 4142 4146 4145 
5635 2892 5671 3049 
5636 4155 4168 4165 
5637 4627 4689 2735 
5638 3657 4259 3951 
5639 5601 5613 4903 
5640 3708 4325 3967 
5641 3191 4018 3166 
5642 2769 5737 4503 
5643 4404 5722 3718 
5644 3712 3978 3710 
5645 4306 5101 4765 
5646 5819 5828 4926 
5647 3785 4497 3624 
5648 2794 5875 4277 
5649 400 5655 4545 
5650 4771 5718 4166 
5651 2559 5081 4566 
5652 2906 3074 2915 
5653 3627 3996 3995 
5654 3701 5149 4409 
5655 4292 5518 5293 
5656 2574 4898 4596 
5657 4824 5493 4448 
5658 3341 4510 3383 
5659 4450 4451 3009 
5660 4136 4143 4138 
5661 4630 4681 3463 
5662 4029 4442 4030 
5663 3519 5635 4389 
5664 4089 4713 4626 
5665 4438 4439 2736 
5666 3798 4369 3796 
5667 2741 2749 2747 
5668 4353 5438 2604 
5669 4865 5112 4464 
5670 3937 4951 4754 
5671 3343 4934 3 
5672 4550 4551 3895 
5673 4514 4655 4515 
5674 5202 5256 5205 
5675 3157 4363 4357 
5676 4133 4445 4136 
5677 4255 4945 3077 
5678 4979 5338 3673 
5679 5311 5444 4227 
5680 4448 5776 4824 
5681 3537 3708 3707 
5682 2699 4460 2701 
5683 3031 3237 3058 
5684 4016 4440 4013 
5685 4372 4373 4370 
5686 4032 4354 4184 
5687 3626 5886 4530 
5688 4427 5802 2714 
5689 2784 2787 2783 
5690 3509 5523 3627 
5691 4960 5617 4309 
5692 4331 4842 4477 
5693 4003 5119 4232 
5694 3345 4546 2684 
5695 5160 5163 4735 
5696 3859 4550 3895 
5697 4365 5280 5279 
5698 3930 4943 3933 
5699 3713 4499 3457 
5700 3110 4187 3340 
5701 3515 3535 3516 
5702 3837 4453 3843 
5703 2768 4506 2784 
5704 5209 5845 5210 
5705 4479 5513 4450 
5706 4421 4467 3999 
5707 2788 2793 2787 
5708 3813 5849 3818 
5709 2768 2783 2767 
5710 2929 2937 2927 
5711 3676 4728 4343 
5712 5171 5772 5091 
5713 4150 4385 4155 
5714 3020 4314 3023 
5715 4193 5680 4116 
5716 4629 4681 4630 
5717 4111 4933 4113 
5718 4238 4342 4239 
5719 4152 4272 4123 
5720 4458 4460 4459 
5721 4251 5886 3626 
5722 3063 4859 4641 
5723 4521 4522 4520 
5724 4608 4609 4607 
5725 3877 4349 3879 
5726 3537 3707 3434 
5727 4380 4470 4373 
5728 3626 4530 3440 
5729 4047 4789 2624 
5730 4255 5541 4945 
5731 3144 4253 3157 
5732 4309 5617 4408 
5733 4749 5432 4251 
5734 3791 3793 3792 
5735 3023 3108 3029 
5736 3793 3796 3795 
5737 4151 4270 4128 
5738 3470 4532 4070 
5739 2786 4616 2822 
5740 4452 5799 4252 
5741 5104 5639 5543 
5742 3893 4666 4512 
5743 4779 5865 5254 
5744 3639 4004 4003 
5745 4241 4564 4242 
5746 4507 4594 3387 
5747 3996 4206 4205 
5748 4109 4457 4111 
5749 2670 5832 4424 
5750 4439 5900 2741 
5751 4372 4380 4373 
5752 2826 3123 2847 
5753 4143 4284 4138 
5754 4737 5490 3578 
5755 2730 4438 2736 
5756 4349 4814 4029 
5757 5368 5728 5574 
5758 2768 2784 2783 
5759 4488 4877 3432 
5760 4146 4147 4145 
5761 5028 5879 4711 
5762 5287 5660 4826 
5763 3871 4197 3872 
5764 4156 4157 4132 
5765 3585 5906 3970 
5766 5128 5331 4211 
5767 3585 3970 3789 
5768 3835 5862 4455 
5769 4236 5049 4235 
5770 4056 4217 4016 
5771 2749 2767 2747 
5772 4513 5561 5458 
5773 3978 5764 4326 
5774 3048 5584 4752 
5775 3649 5382 5086 
5776 3051 4610 3053 
5777 4686 5107 4685 
5778 3573 3914 3911 
5779 2984 2986 2985 
5780 4609 5861 4216 
5781 4217 4440 4016 
5782 2908 5671 2890 
5783 404 5808 2609 
5784 3053 4610 3328 
5785 4018 5505 3487 
5786 3433 4653 3536 
5787 2986 2988 2987 
5788 5231 5437 5238 
5789 3657 3951 2943 
5790 4493 5706 2809 
5791 3077 4945 4258 
5792 3793 3798 3796 
5793 3143 5408 5391 
5794 4004 4502 4003 
5795 3955 4602 3637 
5796 3275 4495 3277 
5797 3617 4714 4462 
5798 3798 4370 4369 
5799 2988 3025 2989 
5800 3888 4595 4324 
5801 5027 5663 3348 
5802 3866 5148 4568 
5803 2763 5114 5056 
5804 3872 4394 3875 
5805 4386 4387 3881 
5806 3175 4840 2722 
5807 2931 4332 2929 
5808 2635 2637 2636 
5809 4030 4668 4032 
5810 3509 3511 3510 
5811 3578 5668 4737 
5812 2982 2984 2983 
5813 3164 5809 3160 
5814 3219 4680 3903 
5815 2643 2763 2645 
5816 5202 5205 5203 
5817 3055 4479 4450 
5818 3880 4812 4442 
5819 4210 5372 4350 
5820 4021 4640 3775 
5821 4491 4832 2803 
5822 4422 5660 5287 
5823 4030 5800 4668 
5824 3048 5900 5584 
5825 4277 5646 3123 
5826 4223 5885 2635 
5827 4543 4567 3896 
5828 4627 4763 4689 
5829 4590 4591 3074 
5830 4146 4391 4390 
5831 3688 5720 4510 
5832 3029 4639 3031 
5833 4435 4503 4436 
5834 3221 4680 3219 
5835 2655 4519 2657 
5836 4231 5652 5604 
5837 4355 5001 4356 
5838 4479 5793 4214 
5839 3522 4389 3573 
5840 3924 4650 3994 
5841 2958 4609 4608 
5842 4399 5530 3086 
5843 3015 4358 3017 
5844 3875 3968 3877 
5845 3354 5728 5368 
5846 4383 4384 2613 
5847 2929 4332 2937 
5848 3879 4349 4029 
5849 3957 4535 3907 
5850 4378 5166 4380 
5851 4516 5548 401 
5852 3017 3076 3020 
5853 4027 5848 4792 
5854 3712 3998 3978 
5855 4121 4366 4152 
5856 4646 4997 2963 
5857 3157 4355 3141 
5858 3191 4409 4018 
5859 3075 4410 4224 
5860 3248 4773 4552 
5861 2944 3657 2943 
5862 3193 4409 3191 
5863 3875 4394 3968 
5864 2784 2788 2787 
5865 3261 4766 3259 
5866 3796 3799 3797 
5867 4921 5512 4920 
5868 3799 3803 3801 
5869 5354 5426 2896 
5870 4640 4641 3775 
5871 2633 2635 2634 
5872 3914 4195 4194 
5873 2676 4427 2678 
5874 4637 4695 2614 
5875 4465 5432 4865 
5876 4441 5408 4012 
5877 5166 5675 4948 
5878 2933 3577 2931 
5879 2723 4426 2674 
5880 3007 4450 3009 
5881 4502 5243 2571 
5882 4328 4330 3831 
5883 3879 4029 3887 
5884 4538 5571 3112 
5885 4563 4738 3697 
5886 3029 5740 4639 
5887 4997 5393 2963 
5888 2847 4352 2888 
5889 3405 5627 3195 
5890 3519 3522 3521 
5891 3023 4314 3108 
5892 399 4545 2625 
5893 3801 4381 3821 
5894 398 2630 397 
5895 4686 5336 5122 
5896 4536 5529 4647 
5897 4668 4811 4354 
5898 2820 5143 4480 
5899 3370 5631 4928 
5900 3861 4430 3865 
5901 4743 4745 3974 
5902 4344 4682 4497 
5903 3447 3791 3790 
5904 4068 4251 3626 
5905 2838 2982 2981 
5906 3858 4550 3859 
5907 4284 5836 4142 
5908 3648 4756 3103 
5909 3985 5005 4414 
5910 3013 3050 3015 
5911 395 2591 394 
5912 406 2590 405 
5913 5012 5711 4168 
5914 2805 5706 5595 
5915 4079 4158 3910 
5916 3808 3831 3810 
5917 3387 4544 3388 
5918 3308 5511 5111 
5919 2798 2816 2796 
5920 3398 4780 3713 
5921 3917 4595 3888 
5922 3995 4888 4043 
5923 4772 5561 4513 
5924 3505 4753 3509 
5925 4596 4701 390 
5926 3810 4386 3881 
5927 4992 5092 3981 
5928 4521 4523 4522 
5929 4507 4595 3917 
5930 4500 5106 4499 
5931 2574 5403 4898 
5932 5072 5363 4740 
5933 5079 5312 4575 
5934 5233 5729 5388 
5935 4849 5329 2959 
5936 4416 4417 4415 
5937 3043 5899 5413 
5938 3230 4536 3447 
5939 4846 5597 4151 
5940 3025 5752 4446 
5941 5222 5754 5699 
5942 5319 5648 4263 
5943 3723 4393 3657 
5944 3865 4430 3871 
5945 3865 3871 3867 
5946 3883 4542 4416 
5947 3697 5601 4563 
5948 4957 5607 5578 
5949 3434 4488 3432 
5950 4380 5864 4470 
5951 2984 2985 2983 
5952 4143 4286 4285 
5953 4488 5704 4877 
5954 3969 5532 396 
5955 4364 4790 4628 
5956 4437 4769 3400 
5957 3871 4198 4197 
5958 4670 4804 4646 
5959 2732 4659 2651 
5960 3383 4510 4066 
5961 3005 3055 3007 
5962 4242 5790 3491 
5963 2684 4546 2688 
5964 2993 3038 2995 
5965 2872 4608 2874 
5966 2835 2838 2834 
5967 2826 2847 2827 
5968 4336 5798 2927 
5969 5448 5833 5208 
5970 2833 2834 2832 
5971 4686 5122 5107 
5972 3654 5889 5707 
5973 2633 4243 3075 
5974 4147 5794 4758 
5975 4977 4978 3442 
5976 5670 5840 5783 
5977 2847 2888 2848 
5978 3504 5717 5297 
5979 3275 4676 4495 
5980 2997 3040 2999 
5981 4932 5278 4479 
5982 2788 2794 2793 
5983 2939 2943 2935 
5984 4411 4997 3703 
5985 3848 4415 3850 
5986 3584 5751 5495 
5987 2935 4318 2933 
5988 3077 4258 2904 
5989 3001 3043 3003 
5990 5159 5502 2628 
5991 4195 4566 4194 
5992 2986 2987 2985 
5993 3110 3340 3266 
5994 3564 4766 4468 
5995 2933 4318 3577 
5996 3512 3515 3514 
5997 4408 5617 5132 
5998 4789 4901 3941 
5999 3013 4433 3050 
6000 3824 3999 3942 
6001 2632 5881 2631 
6002 4575 5439 2582 
6003 3859 3895 3861 
6004 2793 2826 2817 
6005 3464 3685 3684 
6006 4136 4445 4143 
6007 3821 5716 4329 
6008 3562 4692 4598 
6009 5560 5613 3430 
6010 3799 3801 3800 
6011 4369 5746 4374 
6012 3832 4079 3910 
6013 3801 3821 3802 
6014 4056 4218 4217 
6015 2593 4701 4540 
6016 3786 4401 4398 
6017 2988 2989 2987 
6018 4365 5279 2620 
6019 3387 4594 4544 
6020 4598 4692 3766 
6021 3843 4062 3844 
6022 2838 2981 2834 
6023 3026 4728 4690 
6024 4656 4775 4691 
6025 4593 5503 4476 
6026 4761 5898 3782 
6027 2773 4769 2775 
6028 3640 4068 3626 
6029 3843 4161 4062 
6030 3768 4919 4468 
6031 4534 5802 4427 
6032 3017 4358 3076 
6033 3376 3464 3375 
6034 405 4261 404 
6035 3620 4462 3663 
6036 2982 2983 2981 
6037 3810 3881 3811 
6038 4151 5597 4270 
6039 3541 4592 3367 
6040 3665 4407 3667 
6041 3808 3810 3809 
6042 4205 5553 5046 
6043 4466 5633 4004 
6044 3155 4483 3262 
6045 3637 4602 3766 
6046 4422 5287 4467 
6047 4395 5518 2619 
6048 4155 4385 4168 
6049 2904 4258 2906 
6050 5372 5577 4350 
6051 2800 4471 2798 
6052 4062 5137 4482 
6053 3497 3499 3498 
6054 3832 3910 3833 
6055 3663 3988 3665 
6056 4619 4628 3288 
6057 3825 4447 3827 
6058 2808 2809 2806 
6059 3101 4571 3648 
6060 3278 5444 5311 
6061 3685 4052 3788 
6062 3844 4474 3846 
6063 4386 5669 4387 
6064 2637 2639 2638 
6065 3726 4578 3901 
6066 3811 4525 3813 
6067 4285 5636 5061 
6068 4626 4713 3682 
6069 4093 4346 4025 
6070 2822 4616 4614 
6071 2794 5775 2793 
6072 4196 5679 5040 
6073 2804 2805 2802 
6074 5053 5243 4541 
6075 5231 5233 5232 
6076 4642 5684 3086 
6077 3494 3497 3495 
6078 3827 4447 3832 
6079 3855 3858 3857 
6080 2625 5621 398 
6081 3846 4474 3883 
6082 2999 4539 3001 
6083 3540 4655 3541 
6084 3232 4714 3614 
6085 3824 3942 3825 
6086 3850 4415 3869 
6087 4736 5491 4737 
6088 2693 4531 3091 
6089 3693 4464 3685 
6090 5280 5374 4351 
6091 5265 5375 4357 
6092 3846 3883 3848 
6093 4684 4912 2614 
6094 2812 2815 2810 
6095 4753 5523 3509 
6096 3667 4033 3669 
6097 5689 5873 393 
6098 5254 5865 4356 
6099 5325 5350 2936 
6100 4566 5713 2559 
6101 3494 5459 3706 
6102 3055 4450 3007 
6103 5638 5762 2817 
6104 4565 5870 4297 
6105 4644 5431 3448 
6106 3437 4653 3433 
6107 2802 4472 2800 
6108 3374 3375 3373 
6109 4262 4265 4264 
6110 3564 4919 4893 
6111 3980 4201 4037 
6112 398 5621 2630 
6113 3472 4532 3470 
6114 4781 4985 4638 
6115 4029 4030 3887 
6116 3793 3795 3792 
6117 3709 3710 3708 
6118 3553 4716 4715 
6119 5230 5804 5229 
6120 3553 4976 4716 
6121 3667 4407 4033 
6122 4892 5088 4321 
6123 2835 4673 2838 
6124 4522 5596 4520 
6125 4576 4937 4577 
6126 3673 5464 4979 
6127 4623 4625 4624 
6128 3433 3434 3432 
6129 3511 4273 3512 
6130 4050 4657 4617 
6131 3850 3869 3853 
6132 3505 3509 3508 
6133 4033 4579 4496 
6134 3496 5628 4476 
6135 3791 3792 3790 
6136 2810 4569 2809 
6137 4950 5836 4284 
6138 4246 5850 4648 
6139 4265 4537 4264 
6140 2831 2832 2819 
6141 5335 5600 4334 
6142 2724 3329 2730 
6143 4992 5387 5092 
6144 2888 2890 2889 
6145 4582 4604 4586 
6146 2859 4670 4646 
6147 3747 4209 3779 
6148 3960 4644 3959 
6149 2886 4681 4629 
6150 5260 5816 3529 
6151 2971 5609 4603 
6152 4261 5808 404 
6153 2834 4741 2832 
6154 3835 4453 3837 
6155 3663 4462 3988 
6156 4661 5466 4001 
6157 5086 5376 3649 
6158 3267 4676 3269 
6159 2573 4604 4581 
6160 3048 4506 2768 
6161 3536 3537 3434 
6162 2815 4569 2810 
6163 4512 4666 3582 
6164 3827 3832 3830 
6165 2633 2634 2632 
6166 4002 5760 4591 
6167 2639 2641 2640 
6168 2729 4840 2735 
6169 3435 3460 3436 
6170 3819 3824 3823 
6171 5484 5728 5407 
6172 4072 4979 4977 
6173 5527 5652 4231 
6174 3460 3490 3461 
6175 2573 4873 4604 
6176 4672 5124 3613 
6177 3447 4536 3791 
6178 4833 4990 4021 
6179 3612 5767 5537 
6180 3837 3843 3840 
6181 3796 3797 3795 
6182 4572 4574 2622 
6183 4391 4950 3154 
6184 523 4588 2572 
6185 2573 4581 469 
6186 3871 3872 3867 
6187 4457 5098 4933 
6188 3805 3808 3807 
6189 3628 4466 4273 
6190 3178 4799 2689 
6191 4328 4527 4330 
6192 2978 4642 3086 
6193 4232 5653 3670 
6194 3748 4480 3747 
6195 3750 4651 4643 
6196 4605 4610 3051 
6197 4234 4237 3499 
6198 466 4699 2552 
6199 3997 5546 5331 
6200 4574 5502 5159 
6201 3206 4773 3248 
6202 3644 5163 5160 
6203 2805 4472 2802 
6204 4220 5612 4736 
6205 5040 5687 4196 
6206 3775 4641 3773 
6207 3367 4592 3364 
6208 4367 5327 4333 
6209 2714 4674 2680 
6210 4684 5399 4912 
6211 5361 5539 4036 
6212 3813 3818 3817 
6213 3590 4544 3748 
6214 3464 4530 3693 
6215 4468 4919 3564 
6216 4425 5021 4533 
6217 4607 5677 4610 
6218 3146 5869 4253 
6219 3590 3747 3591 
6220 4439 5806 5584 
6221 4308 4310 4309 
6222 2666 2738 2668 
6223 2808 2810 2809 
6224 4676 5350 4495 
6225 3737 4547 4509 
6226 2779 4657 2825 
6227 3453 3980 3580 
6228 4977 5397 3686 
6229 5333 5785 5594 
6230 3533 5554 5450 
6231 4302 5789 4515 
6232 2804 2806 2805 
6233 2643 5674 2763 
6234 3805 4327 3808 
6235 4116 5680 4740 
6236 4413 5605 2589 
6237 3464 3684 3375 
6238 4247 5656 4703 
6239 3405 5338 4412 
6240 2703 4458 2724 
6241 3400 4769 2773 
6242 494 4827 2613 
6243 5453 5788 4561 
6244 2697 2720 2699 
6245 2641 2643 2642 
6246 3256 3432 3114 
6247 3277 4495 3453 
6248 2645 5056 2647 
6249 3967 5257 4837 
6250 3851 5599 5443 
6251 3231 4508 2984 
6252 3500 3504 3502 
6253 4221 5570 5153 
6254 4382 5323 4914 
6255 3172 5519 4414 
6256 4581 4604 4582 
6257 3669 4496 3690 
6258 3677 4623 3682 
6259 5413 5793 3055 
6260 5587 5642 4420 
6261 2780 4657 2779 
6262 4513 5090 4512 
6263 5494 5495 5467 
6264 2575 4597 408 
6265 3223 5007 4547 
6266 4952 5006 3202 
6267 4221 5153 4222 
6268 4230 5527 4231 
6269 3043 5413 3003 
6270 4327 4328 3831 
6271 4658 5044 3838 
6272 3697 4738 3247 
6273 5197 5198 3603 
6274 4494 5155 3769 
6275 4470 5424 2548 
6276 3980 5350 4201 
6277 4073 4739 3684 
6278 4687 4766 3261 
6279 2822 4614 2842 
6280 2672 2723 2674 
6281 4165 4167 4166 
6282 4960 5367 4105 
6283 2874 4608 4606 
6284 4831 4835 4678 
6285 3223 4547 3225 
6286 4896 5013 4895 
6287 2939 2944 2943 
6288 4147 4149 4148 
6289 4445 5732 4286 
6290 3819 4421 3824 
6291 4839 5679 4196 
6292 2747 5034 2748 
6293 3416 4074 3418 
6294 2635 5885 2637 
6295 4311 4960 4309 
6296 3005 5413 3055 
6297 2986 3022 2988 
6298 5407 5728 3354 
6299 3185 5267 3183 
6300 4895 5013 3263 
6301 3685 3788 3684 
6302 3165 3166 3164 
6303 4039 5535 4794 
6304 470 4612 2573 
6305 2572 4611 522 
6306 4928 5076 3370 
6307 4172 5678 5362 
6308 3684 4739 3375 
6309 3289 4619 3288 
6310 2826 5775 3123 
6311 3153 4776 3130 
6312 3001 4539 3043 
6313 2664 5799 4452 
6314 4053 5773 4611 
6315 4503 4696 4436 
6316 2547 4811 4668 
6317 4370 5746 4369 
6318 3391 3590 3393 
6319 4615 5887 3586 
6320 3459 4499 3964 
6321 3858 3859 3857 
6322 2660 3094 2662 
6323 5373 5542 3503 
6324 3968 4989 4983 
6325 4467 5334 3999 
6326 4033 4496 3669 
6327 4077 5906 3585 
6328 4326 5758 4325 
6329 2643 2645 2644 
6330 4032 4668 4354 
6331 2589 5510 4413 
6332 3929 5403 5168 
6333 2926 2927 2925 
6334 4316 4641 4640 
6335 4111 4113 4112 
6336 2555 4632 4631 
6337 3457 4499 3459 
6338 4155 4165 4164 
6339 5272 5273 5185 
6340 394 5689 393 
6341 5328 5740 5694 
6342 4418 5587 4420 
6343 4623 4624 3682 
6344 403 4047 402 
6345 2853 4613 2970 
6346 2894 5354 2896 
6347 2689 4799 2687 
6348 3907 4535 3905 
6349 2649 2732 2651 
6350 2816 5875 2796 
6351 2568 5389 4505 
6352 3453 4495 3980 
6353 3409 5726 3671 
6354 4585 5538 4880 
6355 3863 4817 4768 
6356 2795 2796 2794 
6357 2693 3091 2695 
6358 4102 4107 4106 
6359 2581 5493 4824 
6360 2657 4519 2660 
6361 5327 5335 4334 
6362 4519 4520 3094 
6363 5206 5845 5209 
6364 3340 3341 3266 
6365 3464 3693 3685 
6366 4181 5607 4957 
6367 3967 4192 3707 
6368 3388 4544 3391 
6369 4371 4372 4370 
6370 4241 4242 3490 
6371 4277 5875 4276 
6372 4689 4763 3753 
6373 5358 5896 3717 
6374 5305 5339 4449 
6375 4109 4111 4110 
6376 3374 3376 3375 
6377 400 4545 399 
6378 3063 4642 2978 
6379 2691 4531 2693 
6380 3124 4771 3065 
6381 4023 4672 3615 
6382 5211 5216 5200 
6383 3731 4620 4554 
6384 3108 5740 3029 
6385 4648 5850 2611 
6386 3252 3373 3227 
6387 4403 4405 4404 
6388 3241 4595 3243 
6389 3124 5718 4771 
6390 3259 4766 3564 
6391 4113 4116 4114 
6392 2666 4452 2738 
6393 3329 4669 4438 
6394 4267 5829 3764 
6395 3724 5901 4473 
6396 4459 4669 3329 
6397 4392 5410 2593 
6398 3491 3494 3493 
6399 4534 5281 3945 
6400 3398 3713 3457 
6401 4039 4794 3761 
6402 3747 3779 3591 
6403 3161 3164 3160 
6404 2831 2833 2832 
6405 3074 4517 2915 
6406 4173 5480 4755 
6407 2833 2835 2834 
6408 2645 2647 2646 
6409 4613 4778 2970 
6410 392 2574 391 
6411 409 2575 408 
6412 4108 4895 4109 
6413 3747 4480 4209 
6414 5014 5098 4457 
6415 3799 3800 3797 
6416 4136 4138 4137 
6417 3227 4680 3221 
6418 3843 3844 3840 
6419 2888 4352 2908 
6420 3595 3626 3440 
6421 2688 4546 2691 
6422 4377 4378 4372 
6423 3980 4037 3580 
6424 3329 4438 2730 
6425 2555 4631 500 
6426 5011 5663 5027 
6427 3691 5578 5409 
6428 5443 5599 4417 
6429 4381 5716 3821 
6430 2975 5771 4324 
6431 3406 5721 3405 
6432 3031 4639 3237 
6433 2874 4606 2877 
6434 4792 5848 4569 
6435 4625 5782 4624 
6436 3634 5370 4787 
6437 4244 4593 4476 
6438 4043 4466 3628 
6439 3905 4274 3904 
6440 2995 5330 2997 
6441 4337 4526 4339 
6442 3207 4835 4831 
6443 2590 4650 4262 
6444 3971 5888 4221 
6445 2982 3231 2984 
6446 3693 4465 4464 
6447 4121 4123 4122 
6448 2749 3048 2768 
6449 3072 4685 2974 
6450 4424 5832 4428 
6451 4043 4541 4466 
6452 4138 4142 4141 
6453 3318 4507 3387 
6454 2797 2798 2796 
6455 3590 3591 3393 
6456 3590 3748 3747 
6457 4736 5612 3355 
6458 3832 3833 3830 
6459 4256 5542 4255 
6460 4498 5718 3124 
6461 4602 4603 4601 
6462 3122 4643 3117 
6463 2664 4452 2666 
6464 4202 4875 4719 
6465 2883 4605 3051 
6466 3948 3957 3907 
6467 4118 5004 4845 
6468 2793 2817 2787 
6469 2574 4596 391 
6470 2748 3656 2751 
6471 4559 4952 4899 
6472 3726 3901 3725 
6473 3970 5888 3789 
6474 3675 4623 3677 
6475 3420 3435 3423 
6476 3347 4876 3233 
6477 4398 4399 4397 
6478 4320 5337 4539 
6479 2627 4733 4732 
6480 3147 3148 3146 
6481 4142 4145 4144 
6482 2861 4646 2963 
6483 4128 4130 4129 
6484 3905 4535 4274 
6485 2944 3723 3657 
6486 3292 4619 3289 
6487 4576 4577 3955 
6488 3748 5411 4480 
6489 4542 4580 4416 
6490 3034 5091 3064 
6491 3542 3725 3540 
6492 3615 4672 3613 
6493 5240 5258 5213 
6494 2637 2638 2636 
6495 3100 4571 3101 
6496 5168 5403 4180 
6497 3459 3964 3898 
6498 3801 3802 3800 
6499 3737 4509 4225 
6500 3130 4776 3129 
6501 2928 2929 2927 
6502 4958 5669 4386 
6503 3824 3825 3823 
6504 4021 4990 4640 
6505 4323 4897 3588 
6506 3376 4530 3464 
6507 3087 5780 2900 
6508 5156 5647 5595 
6509 4123 4125 4124 
6510 4453 4455 4454 
6511 2635 2636 2634 
6512 5224 5699 5210 
6513 4130 4132 4131 
6514 3038 5298 5039 
6515 5024 5067 5045 
6516 3737 4225 3738 
6517 3404 5491 4736 
6518 4387 4388 3881 
6519 3948 4463 3957 
6520 4617 4618 3735 
6521 5114 5115 3740 
6522 3368 3540 3367 
6523 3478 3905 3904 
6524 2605 4706 4705 
6525 3145 3146 3144 
6526 3269 4676 3275 
6527 4142 5836 4146 
6528 3478 3904 3475 
6529 4189 5131 4639 
6530 4827 5268 4345 
6531 3554 5787 5487 
6532 5195 5448 5208 
6533 4464 5112 4052 
6534 4125 4128 4127 
6535 5369 5387 2916 
6536 2724 2730 2725 
6537 4588 4717 2572 
6538 3628 4273 3511 
6539 3126 5556 4757 
6540 4335 4953 4337 
6541 4581 4582 2610 
6542 4635 4675 4632 
6543 4296 4924 4241 
6544 4001 5355 4661 
6545 4479 5278 3868 
6546 4436 4578 3728 
6547 3750 4643 3282 
6548 4720 5610 5173 
6549 3515 5507 3639 
6550 4632 4675 4631 
6551 3362 3364 3363 
6552 3159 3160 3158 
6553 2735 4840 4627 
6554 3810 3811 3809 
6555 3391 4544 3590 
6556 2554 4660 491 
6557 3818 3819 3817 
6558 3120 4662 2867 
6559 4899 4952 3248 
6560 2989 2991 2990 
6561 3053 3100 3054 
6562 3142 3144 3141 
6563 2558 5071 4888 
6564 2970 3362 3361 
6565 5360 5798 4338 
6566 4624 4626 3682 
6567 4540 4701 3963 
6568 3808 3809 3807 
6569 4300 5683 4526 
6570 2614 4912 4637 
6571 3743 4576 3955 
6572 2649 5366 2732 
6573 3366 3367 3364 
6574 2991 5298 2993 
6575 3225 4547 3311 
6576 2605 4705 476 
6577 2886 4629 2913 
6578 4995 5433 4505 
6579 3262 5755 3150 
6580 4156 5433 4157 
6581 2647 2649 2648 
6582 3718 5781 3601 
6583 3723 4492 4393 
6584 2730 2736 2731 
6585 3051 3053 3052 
6586 4736 4737 4220 
6587 4322 4892 4321 
6588 3252 3374 3373 
6589 2924 2925 2840 
6590 3364 4592 3365 
6591 3022 5315 2988 
6592 3728 4578 3726 
6593 3035 4771 3634 
6594 3614 4714 3617 
6595 4521 4524 4523 
6596 4466 5507 4273 
6597 4845 5004 4846 
6598 3140 3141 3139 
6599 3311 4547 3737 
6600 4093 5639 4346 
6601 4435 4436 3728 
6602 2991 2993 2992 
6603 5487 5787 4523 
6604 3455 3743 3637 
6605 4849 5476 5329 
6606 4150 4155 4154 
6607 3640 4069 4068 
6608 3711 3712 3710 
6609 2569 5794 5497 
6610 3060 4682 2973 
6611 3744 4054 3743 
6612 4536 4647 3791 
6613 3734 4617 3735 
6614 3282 4643 3122 
6615 4367 5673 5327 
6616 2555 4695 4633 
6617 4589 4717 4588 
6618 3383 4066 4065 
6619 4626 5087 4089 
6620 3411 5726 3409 
6621 2917 5419 5257 
6622 4442 5800 4030 
6623 2703 2724 2705 
6624 2619 5605 4413 
6625 4750 5883 5042 
6626 3311 3737 3549 
6627 3114 4877 3081 
6628 5115 5615 3740 
6629 3373 4739 4680 
6630 2736 2741 2737 
6631 2973 4682 3092 
6632 4050 5113 4657 
6633 2612 4589 4588 
6634 3101 3648 3103 
6635 2993 2995 2994 
6636 4086 4087 4085 
6637 2614 4695 502 
6638 4418 4420 4419 
6639 3901 4302 3725 
6640 4587 4699 4583 
6641 2660 4519 3094 
6642 4596 4898 3963 
6643 4598 4601 4599 
6644 2741 2747 2742 
6645 2995 2997 2996 
6646 3540 3541 3367 
6647 2612 4588 524 
6648 468 4581 2610 
6649 3053 3054 3052 
6650 4583 4699 2610 
6651 2969 4656 2941 
6652 3541 5299 4592 
6653 2997 2999 2998 
6654 4391 4782 4390 
6655 2930 2931 2929 
6656 4545 5655 3683 
6657 4801 5769 4603 
6658 2853 2970 2855 
6659 3135 4774 3137 
6660 4289 5863 3163 
6661 3328 4266 3100 
6662 4702 4703 2586 
6663 2851 4613 2853 
6664 4266 4571 3100 
6665 3100 3101 3054 
6666 5173 5515 4722 
6667 3413 5751 3584 
6668 4490 4780 3591 
6669 4722 5515 5451 
6670 3542 3726 3725 
6671 4924 5032 2561 
6672 2890 2892 2891 
6673 4221 4222 3971 
6674 3694 4686 4685 
6675 2911 4691 3026 
6676 3179 3455 3356 
6677 2653 4659 3692 
6678 4731 4732 4005 
6679 3967 4837 4192 
6680 3156 3158 3155 
6681 4430 5851 4198 
6682 3132 4779 3153 
6683 4133 4136 4135 
6684 4633 4695 4637 
6685 3475 4532 3472 
6686 4113 5457 4193 
6687 4614 4615 4613 
6688 2999 3001 3000 
6689 3681 4085 4084 
6690 4238 4239 4237 
6691 3013 3015 3014 
6692 3679 3681 3680 
6693 5345 5621 2625 
6694 3466 3750 3282 
6695 3591 4780 3393 
6696 4438 5806 4439 
6697 3035 3634 2964 
6698 2828 4690 3445 
6699 4328 5911 4329 
6700 4458 4459 3329 
6701 3368 3542 3540 
6702 4482 5739 4474 
6703 2883 3051 2887 
6704 2881 4605 2883 
6705 4607 4610 4605 
6706 4719 4875 3650 
6707 3677 3679 3678 
6708 4282 4434 3998 
6709 3239 4685 3072 
6710 3582 4666 3338 
6711 3407 5721 3406 
6712 3537 3709 3708 
6713 4890 5835 5692 
6714 4564 5459 4242 
6715 2942 5667 4341 
6716 3562 4598 3783 
6717 4038 4652 4651 
6718 3128 3129 3125 
6719 5497 5794 4390 
6720 3187 4683 3429 
6721 3751 4038 3750 
6722 4727 4857 4726 
6723 2651 4659 2653 
6724 3051 3052 2887 
6725 3929 4797 3538 
6726 4117 4121 4120 
6727 2869 4662 2958 
6728 3745 4623 3675 
6729 3001 3003 3002 
6730 2678 2714 2680 
6731 3592 3593 3379 
6732 3102 4734 3054 
6733 3007 3009 3008 
6734 3539 3734 3733 
6735 4054 4576 3743 
6736 4314 5694 3108 
6737 3132 3153 3130 
6738 3264 5639 5104 
6739 3736 3984 3730 
6740 3675 3677 3676 
6741 3743 3955 3637 
6742 3841 5120 4482 
6743 3556 5522 4477 
6744 4656 4691 2941 
6745 3593 3675 3674 
6746 4785 4786 4167 
6747 2932 2933 2931 
6748 3314 4692 3562 
6749 3215 3403 3214 
6750 3005 3007 3006 
6751 3682 4713 3679 
6752 3906 3907 3905 
6753 3362 3366 3364 
6754 4086 4088 4087 
6755 4434 5476 3998 
6756 2972 4649 3060 
6757 3137 4774 3346 
6758 3681 4086 4085 
6759 3366 3368 3367 
6760 5354 5825 4163 
6761 4792 5620 5134 
6762 3770 4513 4512 
6763 4890 5692 4889 
6764 3455 3637 3356 
6765 3003 3005 3004 
6766 3362 3363 3361 
6767 3964 3965 3898 
6768 3378 3379 3377 
6769 2815 4792 4569 
6770 2826 2827 2817 
6771 2586 4648 473 
6772 523 2572 522 
6773 470 2573 469 
6774 3984 4621 4620 
6775 4222 5710 4922 
6776 2859 4646 2861 
6777 4086 4713 4089 
6778 2970 3361 2855 
6779 3455 3744 3743 
6780 2842 4614 2851 
6781 3623 4693 3985 
6782 2691 4546 4531 
6783 4787 5429 3634 
6784 3681 4713 4086 
6785 2861 2963 2863 
6786 2799 2800 2798 
6787 3256 3433 3432 
6788 3744 4275 4054 
6789 4667 4678 3716 
6790 4399 5684 4397 
6791 3734 3735 3733 
6792 3301 5251 3303 
6793 525 2612 524 
6794 468 2610 467 
6795 2580 5598 4551 
6796 3477 3478 3475 
6797 4050 4617 3734 
6798 3904 4645 4532 
6799 4069 5565 4068 
6800 3677 3682 3679 
6801 2639 2640 2638 
6802 3403 3730 3729 
6803 4598 4599 3783 
6804 2611 4612 471 
6805 521 4611 2617 
6806 4098 5478 4308 
6807 408 4597 407 
6808 3054 4734 3052 
6809 4038 4651 3750 
6810 4582 4584 4583 
6811 3998 4849 3978 
6812 4454 5365 4807 
6813 3151 3155 3150 
6814 4158 5044 4658 
6815 4629 4630 3732 
6816 2847 2848 2827 
6817 3470 4070 3468 
6818 3703 5855 4719 
6819 466 2552 465 
6820 527 2553 526 
6821 3595 3640 3626 
6822 2660 2662 2661 
6823 5056 5114 3944 
6824 3098 3124 3065 
6825 3529 5816 3532 
6826 3364 3365 3363 
6827 499 4631 2615 
6828 3694 4685 3239 
6829 3243 4595 4507 
6830 3303 5341 3305 
6831 3770 4512 3582 
6832 3149 3150 3148 
6833 5200 5201 5198 
6834 3206 3248 3204 
6835 2955 3732 2972 
6836 2809 5706 2806 
6837 4068 4749 4251 
6838 4606 4607 4605 
6839 3947 3948 3907 
6840 3539 3733 3296 
6841 3455 4756 3744 
6842 4582 4586 4584 
6843 2807 2808 2806 
6844 3500 5717 3504 
6845 4660 4661 2616 
6846 3737 3738 3549 
6847 3893 4050 3734 
6848 2753 2757 2755 
6849 3744 4756 4484 
6850 3340 4187 3960 
6851 3415 5751 3413 
6852 2761 4726 2759 
6853 4283 5706 4493 
6854 3450 4678 3212 
6855 4702 4704 4703 
6856 476 4705 475 
6857 4586 4915 4584 
6858 4225 4226 3738 
6859 3268 4697 2957 
6860 3029 3031 3030 
6861 4505 5597 2568 
6862 4811 4954 4354 
6863 3039 5428 4672 
6864 5289 5398 3756 
6865 3243 4507 3318 
6866 4783 4784 3570 
6867 4165 4785 4167 
6868 2763 5115 5114 
6869 3023 3029 3024 
6870 3732 4649 2972 
6871 5205 5665 5212 
6872 3170 4853 3768 
6873 5082 5724 3912 
6874 2691 2693 2692 
6875 4279 5486 4278 
6876 3696 3697 3247 
6877 4394 4989 3968 
6878 3736 4271 3984 
6879 3745 4625 4623 
6880 4538 5735 4905 
6881 4249 5415 4250 
6882 3373 4680 3227 
6883 3020 3023 3021 
6884 5092 5511 3981 
6885 4375 5323 4382 
6886 4631 4675 2615 
6887 2682 4674 3345 
6888 3730 4620 3731 
6889 4603 5769 4601 
6890 4552 4899 3248 
6891 4451 5513 5165 
6892 3297 3539 3296 
6893 3755 4667 3716 
6894 519 4671 2587 
6895 3312 4344 3609 
6896 3211 3214 3209 
6897 2877 4606 2881 
6898 2801 2802 2800 
6899 3593 3745 3675 
6900 2934 2935 2933 
6901 4741 5797 4475 
6902 2867 4662 2869 
6903 2555 4633 4632 
6904 3515 3516 3514 
6905 3440 4530 3376 
6906 5202 5203 5201 
6907 3176 3377 3066 
6908 3031 3058 3057 
6909 4274 4645 3904 
6910 4387 5349 4388 
6911 5304 5905 2618 
6912 3378 3592 3379 
6913 4158 4658 3910 
6914 3272 4697 3268 
6915 3316 3694 3239 
6916 3403 3736 3730 
6917 3858 5294 4550 
6918 3391 3393 3392 
6919 3380 3405 3195 
6920 3794 5465 4947 
6921 3735 4628 3733 
6922 5056 5807 2647 
6923 3532 5308 4901 
6924 4582 4583 2610 
6925 4781 4803 3196 
6926 3474 3475 3472 
6927 2803 2804 2802 
6928 3808 4327 3831 
6929 3053 3328 3100 
6930 3466 3751 3750 
6931 4614 4616 4615 
6932 2554 5730 5727 
6933 2783 3105 2767 
6934 4514 4515 4463 
6935 2550 5452 4501 
6936 3716 4678 3450 
6937 4633 4634 4632 
6938 3593 3674 3379 
6939 3408 3409 3407 
6940 2913 4629 2955 
6941 3066 4656 2969 
6942 2657 2660 2659 
6943 3211 3215 3214 
6944 3362 4778 3366 
6945 3679 3680 3678 
6946 3522 3523 3521 
6947 4398 4400 4399 
6948 472 4648 2611 
6949 2662 2664 2663 
6950 2738 5832 2668 
6951 5173 5610 4362 
6952 501 2555 500 
6953 492 2554 491 
6954 2618 4688 463 
6955 499 2615 498 
6956 494 2613 493 
6957 496 2576 495 
6958 2693 2695 2694 
6959 3731 4554 4553 
6960 3606 3770 3582 
6961 3403 4738 3736 
6962 3681 4084 3680 
6963 2856 4670 2859 
6964 4890 5446 3690 
6965 3318 3387 3386 
6966 3989 5726 3411 
6967 3925 5276 5116 
6968 4406 5512 4921 
6969 4389 5635 4679 
6970 3675 3676 3674 
6971 3015 3017 3016 
6972 4980 5686 4978 
6973 4414 5519 2744 
6974 2653 3692 2655 
6975 3904 4532 3475 
6976 3886 5131 4189 
6977 4715 4716 4088 
6978 2809 5715 4493 
6979 3103 4756 3179 
6980 2641 2642 2640 
6981 3736 4738 4563 
6982 3677 3678 3676 
6983 488 4694 2585 
6984 3017 3020 3018 
6985 2741 5900 2749 
6986 3295 3296 3292 
6987 490 4660 2616 
6988 3010 3013 3012 
6989 3593 4763 3745 
6990 2599 5474 5216 
6991 3176 3378 3377 
6992 2611 4918 4612 
6993 3824 4421 3999 
6994 3403 3729 3214 
6995 4122 5481 4444 
6996 3447 3790 3645 
6997 4024 4025 4023 
6998 3984 4620 3730 
6999 2851 4614 4613 
7000 3924 5735 4650 
7001 3539 4666 3893 
7002 2688 2691 2690 
7003 5474 5475 5216 
7004 4514 5299 3541 
7005 3120 4791 4662 
7006 3696 4185 3697 
7007 4555 4562 4557 
7008 3183 5157 3181 
7009 4026 4093 4025 
7010 3428 3582 3338 
7011 4418 4419 3869 
7012 4721 4722 2594 
7013 3388 3391 3390 
7014 3273 4927 3371 
7015 2695 2697 2696 
7016 474 4702 2586 
7017 2851 2853 2852 
7018 2865 3120 2867 
7019 2782 3056 2786 
7020 4209 5714 3779 
7021 2869 2958 2872 
7022 3101 3103 3102 
7023 3745 4763 4627 
7024 3067 4770 3176 
7025 5091 5772 4075 
7026 3779 4491 4490 
7027 524 4588 523 
7028 469 4581 468 
7029 5025 5067 5024 
7030 3468 4799 3178 
7031 3663 3665 3664 
7032 3730 3731 3729 
7033 2775 4769 2778 
7034 5757 5902 4696 
7035 3527 5893 3565 
7036 3092 4682 3312 
7037 4844 5518 4395 
7038 3377 4656 3066 
7039 2938 2939 2935 
7040 3198 4683 3189 
7041 521 2617 520 
7042 472 2611 471 
7043 4310 4312 4311 
7044 2697 2699 2698 
7045 4504 5705 4409 
7046 5255 5475 5204 
7047 4288 5905 5304 
7048 4647 5529 4371 
7049 3674 4775 3379 
7050 4634 4635 4632 
7051 3324 4990 4833 
7052 2811 2812 2810 
7053 2837 4673 2835 
7054 471 4612 470 
7055 522 4611 521 
7056 4627 4840 4625 
7057 4483 5662 3262 
7058 4502 5818 4003 
7059 4849 5764 3978 
7060 2881 2883 2882 
7061 2941 4691 2911 
7062 3903 4959 3217 
7063 3506 5553 5024 
7064 2955 4629 3732 
7065 2643 2644 2642 
7066 4549 5453 4561 
7067 3366 4778 3586 
7068 3296 4619 3292 
7069 2584 4684 504 
7070 2617 4671 520 
7071 2888 2889 2848 
7072 4454 5614 4161 
7073 4094 4095 4093 
7074 2699 2701 2700 
7075 2724 4458 3329 
7076 2680 4674 2682 
7077 3729 4773 3214 
7078 3377 4775 4656 
7079 3203 3204 3202 
7080 409 5372 2575 
7081 3511 3512 3510 
7082 3539 3893 3734 
7083 3189 4683 3187 
7084 4584 4585 4583 
7085 4856 4884 4549 
7086 3058 3110 3109 
7087 4730 4731 2620 
7088 3205 3206 3204 
7089 3665 3667 3666 
7090 2664 2666 2665 
7091 3369 4863 4248 
7092 4329 4947 4528 
7093 4335 4337 4336 
7094 4343 4775 3674 
7095 391 4596 390 
7096 2842 2851 2850 
7097 2593 5691 4392 
7098 3433 3536 3434 
7099 4667 4831 4678 
7100 2883 2887 2884 
7101 4207 4208 4206 
7102 2782 4800 3056 
7103 2795 2797 2796 
7104 2881 4606 4605 
7105 4501 5452 3873 
7106 4330 5472 4958 
7107 3939 5337 4320 
7108 3778 4803 4781 
7109 2877 2881 2880 
7110 3647 5517 3424 
7111 5538 5657 4880 
7112 5202 5475 5256 
7113 3209 4773 3206 
7114 3955 5158 4602 
7115 3187 3429 3185 
7116 4139 5254 5001 
7117 3312 4682 4344 
7118 4552 4773 3729 
7119 3725 4655 3540 
7120 529 2619 528 
7121 464 2618 463 
7122 3026 4690 2843 
7123 4018 5149 4930 
7124 3760 3983 3758 
7125 3751 4293 4038 
7126 2666 2668 2667 
7127 3037 3085 3084 
7128 4087 4784 4783 
7129 3453 3580 3454 
7130 3375 4739 3373 
7131 2843 4690 2828 
7132 4512 5090 3893 
7133 3952 5751 3415 
7134 500 4631 499 
7135 3872 3875 3874 
7136 4550 4768 4551 
7137 4749 5074 2789 
7138 475 4702 474 
7139 4533 5021 3479 
7140 4671 4794 2587 
7141 3103 3179 3104 
7142 4465 5886 4251 
7143 3964 5106 5023 
7144 3247 4738 3215 
7145 4606 4608 4607 
7146 4633 4636 4634 
7147 3208 3209 3206 
7148 2682 3345 2684 
7149 3445 4727 4726 
7150 4739 5874 4680 
7151 490 2616 489 
7152 503 2614 502 
7153 3138 3139 3136 
7154 2668 2670 2669 
7155 4263 5808 4261 
7156 3230 3447 3438 
7157 4846 5566 2568 
7158 4493 4494 3769 
7159 4554 4555 4553 
7160 491 4660 490 
7161 3297 4666 3539 
7162 485 4721 2594 
7163 4717 5412 2572 
7164 3179 3356 3180 
7165 2645 2646 2644 
7166 2788 2795 2794 
7167 4096 4303 4095 
7168 3277 3453 3452 
7169 3201 3202 3199 
7170 2813 2814 2812 
7171 4064 4689 3753 
7172 4845 4846 4151 
7173 3562 3783 3563 
7174 2824 4726 2761 
7175 4327 5911 4328 
7176 503 4684 2614 
7177 4709 5289 2592 
7178 3197 3198 3189 
7179 501 4695 2555 
7180 4462 5306 3988 
7181 3945 5802 4534 
7182 4001 5466 4848 
7183 4335 4336 2937 
7184 4489 5533 3047 
7185 2955 2972 2956 
7186 3295 3297 3296 
7187 2853 2855 2854 
7188 3478 3906 3905 
7189 4055 4056 4016 
7190 4612 4873 2573 
7191 4794 5535 2587 
7192 4744 4745 4743 
7193 2828 3445 2824 
7194 4265 4538 4537 
7195 2670 2672 2671 
7196 3773 4859 3300 
7197 3603 5501 5196 
7198 3875 3877 3876 
7199 4087 5100 4784 
7200 511 4712 510 
7201 2972 3060 2973 
7202 473 4648 472 
7203 3733 4628 4619 
7204 3753 4763 3592 
7205 3758 4667 3755 
7206 4416 5443 4417 
7207 4304 4306 4303 
7208 3428 3606 3582 
7209 2695 5339 2697 
7210 2623 4710 4709 
7211 4410 5139 4224 
7212 4469 4766 4687 
7213 2587 4707 518 
7214 3618 4023 3615 
7215 3509 3510 3508 
7216 4761 4762 4760 
7217 3394 3398 3397 
7218 4334 5600 4335 
7219 4742 4743 2589 
7220 2818 2819 2814 
7221 2672 2674 2673 
7222 4568 5295 3866 
7223 3210 3211 3209 
7224 390 4701 389 
7225 3877 3879 3878 
7226 3288 4790 3285 
7227 4388 5349 4826 
7228 2649 2651 2650 
7229 3170 3768 3722 
7230 505 4723 2584 
7231 2983 3330 2981 
7232 4509 5563 4225 
7233 516 4708 2604 
7234 2906 5831 3074 
7235 5573 5897 4630 
7236 3094 5799 2662 
7237 2913 2955 2953 
7238 3445 4726 2824 
7239 3216 3247 3215 
7240 3759 3760 3758 
7241 3398 3457 3399 
7242 2616 4694 489 
7243 2610 4699 467 
7244 5064 5542 5373 
7245 3193 5627 4504 
7246 3760 4805 3983 
7247 4425 4426 2723 
7248 3667 3669 3668 
7249 3620 3663 3662 
7250 3609 4182 3771 
7251 2585 4720 487 
7252 4597 5890 407 
7253 2576 5268 4827 
7254 3111 5835 4579 
7255 3920 4735 3325 
7256 3974 5510 4743 
7257 3594 3753 3592 
7258 3305 3404 3307 
7259 3859 3861 3860 
7260 3705 4876 3347 
7261 525 5080 2612 
7262 2623 4711 4710 
7263 3679 4713 3681 
7264 3312 3609 3480 
7265 2592 4724 507 
7266 4200 4906 3652 
7267 2911 3026 2843 
7268 407 5890 4982 
7269 3798 4371 4370 
7270 2617 4700 4671 
7271 3585 3789 3534 
7272 4003 5818 5119 
7273 3325 4735 3255 
7274 5187 5632 5402 
7275 2830 2831 2819 
7276 462 4688 2588 
7277 5340 5753 5224 
7278 3314 3562 3561 
7279 4611 5412 4053 
7280 4742 4744 4743 
7281 3936 4869 4361 
7282 3623 3985 3625 
7283 3384 4905 3924 
7284 3879 3887 3886 
7285 463 4688 462 
7286 3757 3758 3755 
7287 4715 4883 3553 
7288 4776 5471 3129 
7289 3881 4525 3811 
7290 2553 5080 526 
7291 4755 5629 4173 
7292 3093 4788 2979 
7293 3474 3477 3475 
7294 3983 4667 3758 
7295 3463 5316 4630 
7296 414 4730 2620 
7297 4483 5504 4106 
7298 3105 5762 4487 
7299 4720 4721 486 
7300 4319 4492 3723 
7301 3961 5579 5236 
7302 4725 5805 4723 
7303 518 4707 517 
7304 2701 2703 2702 
7305 4011 4012 4010 
7306 487 4720 486 
7307 3257 3696 3247 
7308 474 2586 473 
7309 519 2587 518 
7310 2757 4750 2755 
7311 2623 4709 509 
7312 4152 5070 4313 
7313 3067 3176 3066 
7314 3986 4064 3753 
7315 3410 3411 3409 
7316 4804 4997 4646 
7317 3956 4176 3760 
7318 3774 3775 3773 
7319 3948 4514 4463 
7320 3690 5446 5068 
7321 4707 4708 517 
7322 4652 4654 4653 
7323 506 4723 505 
7324 4368 5473 3533 
7325 3844 3846 3845 
7326 520 4671 519 
7327 2647 2648 2646 
7328 3912 5724 5081 
7329 3457 3459 3458 
7330 506 4724 4723 
7331 3865 3867 3866 
7332 2914 5126 2905 
7333 4770 4893 4872 
7334 3733 4619 3296 
7335 3850 3853 3852 
7336 3479 5281 4534 
7337 3092 3312 3253 
7338 3906 3947 3907 
7339 3776 4021 3775 
7340 3215 4738 3403 
7341 3853 3855 3854 
7342 2878 4884 4856 
7343 3848 3850 3849 
7344 3727 3728 3726 
7345 4838 5126 3636 
7346 2607 4746 533 
7347 2621 4729 386 
7348 3052 3463 2887 
7349 2924 2926 2925 
7350 4861 5631 5145 
7351 3770 4772 4513 
7352 3482 3773 3300 
7353 2619 5518 5463 
7354 3833 3835 3834 
7355 3861 3865 3864 
7356 4630 5897 3732 
7357 3045 3066 2969 
7358 4760 4762 2629 
7359 5251 5341 3303 
7360 3669 3690 3689 
7361 4643 4902 3117 
7362 415 4730 414 
7363 397 5882 396 
7364 3069 4770 3067 
7365 3259 3564 3258 
7366 4390 5794 4147 
7367 2757 5883 4750 
7368 3893 5090 4050 
7369 488 2585 487 
7370 505 2584 504 
7371 3953 5559 4301 
7372 504 4684 503 
7373 2978 3086 2921 
7374 3846 3848 3847 
7375 4035 5305 4449 
7376 486 4721 485 
7377 4489 5306 5303 
7378 533 4746 532 
7379 2989 2990 2987 
7380 2859 2861 2860 
7381 3096 3258 3069 
7382 3101 3102 3054 
7383 4872 4893 3987 
7384 489 4694 488 
7385 3050 4433 4432 
7386 508 4709 2592 
7387 3287 3288 3285 
7388 387 2621 386 
7389 414 2620 413 
7390 3870 5774 5521 
7391 3201 3203 3202 
7392 4189 5740 5328 
7393 510 2623 509 
7394 483 2622 482 
7395 3670 4679 3535 
7396 2861 2863 2862 
7397 5828 5902 2711 
7398 3394 4780 3398 
7399 386 4729 385 
7400 4147 4148 4145 
7401 4604 5743 4586 
7402 389 2593 388 
7403 412 2595 411 
7404 4030 4032 4031 
7405 2588 4747 461 
7406 510 4712 2623 
7407 517 4708 516 
7408 3311 3549 3327 
7409 3197 3199 3198 
7410 461 4747 460 
7411 3203 3205 3204 
7412 3404 4736 3307 
7413 3757 3759 3758 
7414 3345 5700 4429 
7415 3432 4877 3114 
7416 4517 4518 3071 
7417 3921 4227 3920 
7418 485 2594 484 
7419 508 2592 507 
7420 531 4742 2589 
7421 3988 5306 4489 
7422 5233 5388 5236 
7423 3592 4763 3593 
7424 3578 4687 3335 
7425 475 4705 4702 
7426 507 4724 506 
7427 3338 4666 3297 
7428 4409 5149 4018 
7429 3179 4756 3455 
7430 509 4709 508 
7431 5362 5678 4352 
7432 3762 3763 3483 
7433 2851 2852 2850 
7434 4465 4865 4464 
7435 502 4695 501 
7436 532 4742 531 
7437 3759 3956 3760 
7438 4517 5450 4518 
7439 2553 5463 4292 
7440 4716 5100 4088 
7441 4208 5024 4206 
7442 2624 4900 4516 
7443 3564 4893 3258 
7444 2970 4778 3362 
7445 2939 5015 2944 
7446 3855 3857 3856 
7447 4199 4200 3652 
7448 2856 2859 2858 
7449 3825 3827 3826 
7450 3251 3252 3227 
7451 3291 3292 3289 
7452 3835 3837 3836 
7453 3439 3440 3376 
7454 3936 4361 4360 
7455 4425 4533 4426 
7456 4747 4748 460 
7457 462 2588 461 
7458 531 2589 530 
7459 4786 4787 4167 
7460 3837 3840 3839 
7461 5440 5694 4314 
7462 3731 4553 4552 
7463 3120 5509 4570 
7464 467 4699 466 
7465 2881 2882 2880 
7466 3412 3413 3411 
7467 3537 5041 3709 
7468 2660 2661 2659 
7469 3226 3227 3221 
7470 4589 5603 4041 
7471 3205 3208 3206 
7472 4337 4339 4338 
7473 2623 4712 4711 
7474 3225 3311 3234 
7475 2884 4681 2886 
7476 3489 3920 3325 
7477 3255 4788 3093 
7478 5205 5212 5206 
7479 5116 5276 4175 
7480 4723 5805 2584 
7481 4230 4231 4228 
7482 4524 5487 4523 
7483 2863 2865 2864 
7484 3182 3183 3181 
7485 2838 5008 2982 
7486 460 4748 459 
7487 3599 5896 4268 
7488 3379 4775 3377 
7489 3335 4687 3261 
7490 2815 5620 4792 
7491 3214 4773 3209 
7492 459 4748 2606 
7493 4637 4638 4636 
7494 4592 5606 3365 
7495 3283 3466 3282 
7496 2915 4517 3071 
7497 3219 3903 3217 
7498 3211 3216 3215 
7499 3956 4177 4176 
7500 4784 5022 3570 
7501 3258 4770 3069 
7502 4543 5118 3279 
7503 4599 4600 3783 
7504 3089 3181 3033 
7505 2760 4751 2823 
7506 4696 5902 4436 
7507 3768 4468 3722 
7508 4086 4089 4088 
7509 3637 3766 3356 
7510 3547 3578 3335 
7511 3974 4220 3659 
7512 3772 4435 3728 
7513 3384 3924 3923 
7514 3819 3823 3822 
7515 4412 5627 3405 
7516 477 2605 476 
7517 516 2604 515 
7518 3827 3830 3829 
7519 3107 3301 3299 
7520 5362 5646 5068 
7521 3204 4952 3202 
7522 3208 3210 3209 
7523 3184 3185 3183 
7524 2606 4761 4760 
7525 3762 4777 3763 
7526 3949 3950 3557 
7527 2783 5762 3105 
7528 3736 4563 4271 
7529 2955 2956 2953 
7530 3430 5558 3431 
7531 389 4701 2593 
7532 459 2606 458 
7533 534 2607 533 
7534 4555 4557 4556 
7535 4705 4706 4704 
7536 4087 4783 4085 
7537 532 4746 4742 
7538 2853 2854 2852 
7539 2849 4904 2841 
7540 2926 2928 2927 
7541 3478 4875 3906 
7542 4248 5000 3229 
7543 3504 3505 3502 
7544 478 4755 477 
7545 4494 5348 5155 
7546 4620 5552 4554 
7547 2649 2650 2648 
7548 3103 3104 3102 
7549 3294 3295 3292 
7550 4735 4788 3255 
7551 3574 3937 3660 
7552 3371 4927 3741 
7553 3763 4718 3483 
7554 458 4760 457 
7555 535 4767 534 
7556 4165 4166 4164 
7557 3319 3698 3632 
7558 3609 3771 3480 
7559 3950 4793 3557 
7560 5330 5895 2997 
7561 2797 2799 2798 
7562 5078 5089 4287 
7563 4089 4715 4088 
7564 2691 2692 2690 
7565 2883 2884 2882 
7566 3052 4734 3463 
7567 3043 5337 4529 
7568 5058 5469 5415 
7569 3378 3594 3592 
7570 3427 3428 3338 
7571 3387 3388 3386 
7572 3355 4802 3351 
7573 3938 3945 3641 
7574 2972 2973 2956 
7575 3745 4627 4625 
7576 3337 3338 3297 
7577 3312 3480 3253 
7578 3811 3813 3812 
7579 4009 4010 3705 
7580 479 2626 478 
7581 514 2627 513 
7582 3482 3774 3773 
7583 4070 4799 3468 
7584 3802 3805 3804 
7585 457 2629 456 
7586 536 2628 535 
7587 2892 2894 2893 
7588 3600 3601 3599 
7589 4149 4150 4148 
7590 4015 4016 4013 
7591 2991 2992 2990 
7592 3607 3608 3606 
7593 5333 5594 2962 
7594 3037 5594 3085 
7595 4742 4746 4744 
7596 4549 4884 3752 
7597 477 4755 2605 
7598 4417 5599 4418 
7599 3301 3303 3302 
7600 3756 3757 3755 
7601 3414 3415 3413 
7602 3646 4196 3608 
7603 3774 3776 3775 
7604 4548 4549 3752 
7605 3715 3716 3450 
7606 4302 4655 3725 
7607 3934 4874 3465 
7608 5167 5772 3083 
7609 2662 2663 2661 
7610 4567 5244 3896 
7611 3186 3187 3185 
7612 3754 3755 3716 
7613 3391 3392 3390 
7614 3778 4213 4212 
7615 4069 5688 5565 
7616 4219 4511 4218 
7617 534 4767 2607 
7618 2606 4760 458 
7619 4177 5485 4176 
7620 4703 5664 4247 
7621 4206 5553 4205 
7622 3776 4022 4021 
7623 3757 3782 3759 
7624 2592 5289 4828 
7625 4558 4561 4560 
7626 3562 3563 3561 
7627 3709 3711 3710 
7628 3096 3259 3258 
7629 4411 5393 4997 
7630 2865 2867 2866 
7631 3270 3272 3268 
7632 3216 3257 3247 
7633 3163 5869 3146 
7634 4411 4719 3650 
7635 4585 4587 4583 
7636 3744 4484 4275 
7637 3779 4490 3591 
7638 3179 3180 3104 
7639 4361 4362 4360 
7640 3696 4186 4185 
7641 3361 4670 2855 
7642 2674 2676 2675 
7643 3870 5521 4451 
7644 3449 3778 3714 
7645 2771 3400 2773 
7646 2993 2994 2992 
7647 3426 3468 3178 
7648 4423 5392 4425 
7649 3676 4343 3674 
7650 3307 4736 3355 
7651 3303 3305 3304 
7652 5450 5554 4518 
7653 4155 4164 4154 
7654 495 4827 494 
7655 3575 3781 3352 
7656 2626 4755 478 
7657 3459 3898 3611 
7658 4073 5387 5369 
7659 2552 5304 465 
7660 3813 3817 3816 
7661 3351 4802 3574 
7662 3731 4552 3729 
7663 457 4760 2629 
7664 2628 4767 535 
7665 3651 3929 3538 
7666 3045 3067 3066 
7667 3257 4718 3696 
7668 3491 5790 3494 
7669 4633 4637 4636 
7670 4562 5822 2878 
7671 5789 5819 3244 
7672 2778 4800 2782 
7673 4046 4063 3635 
7674 5195 5208 5197 
7675 4871 4910 3173 
7676 3594 3986 3753 
7677 4920 5512 3565 
7678 3660 4204 3900 
7679 3660 4754 4204 
7680 5501 5783 4269 
7681 4706 4830 4704 
7682 2836 2837 2835 
7683 4637 4912 4638 
7684 3937 4754 3660 
7685 2995 2996 2994 
7686 4371 4377 4372 
7687 3497 3498 3495 
7688 3983 5320 4831 
7689 3966 4019 3596 
7690 3805 3807 3806 
7691 3305 3307 3306 
7692 4057 4836 3932 
7693 3833 5862 3835 
7694 3921 4228 4227 
7695 3200 3201 3199 
7696 3281 3282 3122 
7697 3696 4718 4186 
7698 4678 4835 3212 
7699 4357 5001 4355 
7700 2997 2998 2996 
7701 3489 3921 3920 
7702 2867 2869 2868 
7703 4505 5433 4156 
7704 4217 5484 4440 
7705 3542 3727 3726 
7706 3469 3470 3468 
7707 3169 3191 3166 
7708 4463 5894 2686 
7709 3680 4174 3678 
7710 3307 3355 3351 
7711 4329 5911 3821 
7712 3465 4874 3695 
7713 5454 5517 3647 
7714 2855 2856 2854 
7715 3778 4781 4213 
7716 4572 4573 3900 
7717 2709 4798 2706 
7718 3563 4693 3623 
7719 4921 4922 4405 
7720 4704 4829 4703 
7721 2664 2665 2663 
7722 3499 3500 3498 
7723 3180 4692 3314 
7724 2928 2930 2929 
7725 2804 2807 2806 
7726 4138 4141 4137 
7727 406 4982 2590 
7728 3188 3189 3187 
7729 3273 3274 3272 
7730 4010 4876 3705 
7731 2869 2872 2871 
7732 4591 5449 3074 
7733 3754 3756 3755 
7734 4109 4110 4107 
7735 3393 3394 3392 
7736 3781 4851 3352 
7737 3487 5809 3164 
7738 3078 4834 3027 
7739 4506 5414 4996 
7740 2855 4670 2856 
7741 2686 5910 4463 
7742 3089 3182 3181 
7743 4905 5735 3924 
7744 2894 2896 2895 
7745 4290 4291 4042 
7746 2872 2874 2873 
7747 3945 4881 3641 
7748 4363 5265 4357 
7749 3741 4279 4278 
7750 2944 5015 3943 
7751 2999 3000 2998 
7752 2718 4801 2715 
7753 4204 4572 3900 
7754 3698 3780 3632 
7755 3334 3587 3546 
7756 3888 4323 3588 
7757 3658 4395 3973 
7758 3196 3197 3189 
7759 2896 2898 2897 
7760 3596 4863 3369 
7761 4702 4705 4704 
7762 3777 4665 4664 
7763 2576 4827 495 
7764 5591 5592 5273 
7765 3715 3754 3716 
7766 2844 2845 2790 
7767 3182 3184 3183 
7768 2898 2900 2899 
7769 2724 2725 2705 
7770 4770 4872 3176 
7771 3574 3660 3575 
7772 3949 4353 3950 
7773 3303 3304 3302 
7774 3307 3351 3306 
7775 3301 3302 3299 
7776 3660 3900 3575 
7777 3366 3586 3368 
7778 4032 4184 4183 
7779 3201 4835 3203 
7780 2874 2877 2876 
7781 2582 5439 5082 
7782 2859 2860 2858 
7783 3890 3891 3889 
7784 2900 2902 2901 
7785 4969 5424 4470 
7786 2861 2862 2860 
7787 2745 2766 2765 
7788 2863 2864 2862 
7789 3369 4248 3229 
7790 3305 3306 3304 
7791 4063 4870 3635 
7792 4555 4556 4553 
7793 2604 5438 4733 
7794 3211 4852 3216 
7795 3170 3722 3171 
7796 3567 4082 4039 
7797 3199 5006 3198 
7798 2877 2880 2879 
7799 4176 4805 3760 
7800 2920 2921 2845 
7801 2791 3170 2846 
7802 3260 4796 3334 
7803 4102 4106 4100 
7804 3184 3186 3185 
7805 3183 5267 5157 
7806 4041 4042 3572 
7807 2666 2667 2665 
7808 3428 3607 3606 
7809 2668 2669 2667 
7810 3630 4060 4028 
7811 3494 3495 3493 
7812 3906 4875 4202 
7813 3928 4383 4345 
7814 2779 2824 2761 
7815 3287 3289 3288 
7816 2887 4681 2884 
7817 3295 3337 3297 
7818 3291 3294 3292 
7819 4537 5118 4264 
7820 4113 4114 4112 
7821 3213 3889 3210 
7822 3607 3646 3608 
7823 3488 3928 3927 
7824 3200 3212 3201 
7825 3365 3703 3363 
7826 3715 3902 3754 
7827 4142 4144 4141 
7828 2958 5861 4609 
7829 2693 2694 2692 
7830 2607 4951 4746 
7831 2670 2671 2669 
7832 3203 4835 3207 
7833 3213 3894 3890 
7834 2884 2886 2885 
7835 483 4942 2622 
7836 2775 2778 2777 
7837 3633 3650 3477 
7838 3068 3173 3095 
7839 4680 5874 3903 
7840 5258 5340 5213 
7841 3771 4316 3784 
7842 3778 4212 3714 
7843 3712 4282 3998 
7844 4391 5836 4950 
7845 3203 3207 3205 
7846 2676 2678 2677 
7847 3608 5687 5105 
7848 3032 3644 3088 
7849 4434 5550 5476 
7850 4216 5861 4791 
7851 3197 3200 3199 
7852 5214 5810 2600 
7853 2930 2932 2931 
7854 3695 4173 4097 
7855 2973 3092 2979 
7856 3351 3352 3306 
7857 2886 2913 2912 
7858 3254 3324 3323 
7859 2913 2953 2952 
7860 2902 2904 2903 
7861 2756 2980 2754 
7862 3983 4831 4667 
7863 3001 3002 3000 
7864 3260 3261 3259 
7865 3092 3253 3093 
7866 2733 3172 2727 
7867 4136 4137 4135 
7868 2594 4942 484 
7869 3481 3482 3300 
7870 3471 3472 3470 
7871 4288 4777 3762 
7872 3095 3096 3069 
7873 2672 2673 2671 
7874 2695 2696 2694 
7875 3574 4802 3937 
7876 2729 2735 2734 
7877 3575 4795 3781 
7878 2674 2675 2673 
7879 2743 2744 2739 
7880 4000 4910 4871 
7881 2865 2866 2864 
7882 4745 5612 3974 
7883 3551 4048 3643 
7884 4037 4071 3580 
7885 3892 3997 3891 
7886 2983 5101 3330 
7887 5466 5727 4848 
7888 3449 4803 3778 
7889 2932 2934 2933 
7890 3173 3319 3310 
7891 3485 3557 3293 
7892 3473 3474 3472 
7893 4557 4558 4556 
7894 3334 4796 3587 
7895 3466 4364 3751 
7896 3337 3427 3338 
7897 3788 4073 3684 
7898 3236 4834 3078 
7899 3200 3449 3212 
7900 3943 4319 3723 
7901 2829 2843 2828 
7902 2719 3175 2722 
7903 2697 2698 2696 
7904 3783 4693 3563 
7905 2763 5056 2645 
7906 3972 4411 3650 
7907 2699 2700 2698 
7908 3714 3715 3450 
7909 4703 5656 2586 
7910 3061 3063 2978 
7911 3351 3574 3352 
7912 3062 3107 3106 
7913 3298 3300 3106 
7914 4064 5099 4689 
7915 3449 3450 3212 
7916 3107 3299 3298 
7917 2808 2811 2810 
7918 4573 4795 3900 
7919 2977 3062 3061 
7920 2909 2911 2843 
7921 4041 4290 4042 
7922 4130 4131 4129 
7923 2977 2978 2921 
7924 2968 2969 2941 
7925 4726 4857 2759 
7926 3186 3188 3187 
7927 4468 4766 4469 
7928 3319 3632 3572 
7929 3311 3327 3234 
7930 4693 5005 3985 
7931 3304 3321 3302 
7932 3044 3045 2969 
7933 3260 4843 4796 
7934 5558 5657 3431 
7935 3319 4910 3698 
7936 3068 3069 3067 
7937 2940 2941 2911 
7938 3334 3335 3261 
7939 3774 4001 3776 
7940 2721 2726 2718 
7941 3356 4692 3180 
7942 4123 4124 4122 
7943 3322 3483 3257 
7944 5230 5909 5231 
7945 2842 2850 2849 
7946 4176 5434 4805 
7947 3055 5793 4479 
7948 2799 2801 2800 
7949 3196 4803 3197 
7950 3115 3256 3114 
7951 3254 3255 3093 
7952 3574 3575 3352 
7953 3658 3659 3547 
7954 4082 4083 4039 
7955 3973 3974 3659 
7956 4211 4288 3762 
7957 3546 3547 3335 
7958 4090 4091 3700 
7959 4377 4379 4378 
7960 2890 2891 2889 
7961 3096 3260 3259 
7962 2778 2782 2781 
7963 3631 3762 3483 
7964 4395 4413 3973 
7965 2814 5701 2812 
7966 3009 3010 3008 
7967 2822 2842 2841 
7968 2713 2717 2716 
7969 3323 3325 3255 
7970 3028 3090 3079 
7971 3003 3004 3002 
7972 4229 4230 4228 
7973 3235 3236 3078 
7974 3365 5855 3703 
7975 3504 4753 3505 
7976 3488 3489 3325 
7977 2825 2828 2824 
7978 2904 2906 2905 
7979 3173 3310 3095 
7980 3621 3949 3557 
7981 3449 3714 3450 
7982 3007 3008 3006 
7983 5016 5460 3694 
7984 2952 2954 2912 
7985 3213 3890 3889 
7986 3646 4839 4196 
7987 2807 4677 2808 
7988 3285 4790 3283 
7989 3771 3784 3480 
7990 2867 2868 2866 
7991 2801 2803 2802 
7992 3027 4904 2849 
7993 3128 3130 3129 
7994 4325 5257 3967 
7995 4455 5862 4658 
7996 3110 3266 3265 
7997 4132 4133 4131 
7998 2808 4677 2811 
7999 3890 3892 3891 
8000 2869 2871 2868 
8001 3188 3196 3189 
8002 3013 3014 3012 
8003 3088 3089 3033 
8004 4468 4469 3722 
8005 3260 3334 3261 
8006 3481 3936 3935 
8007 3032 3033 2954 
8008 3197 4803 3200 
8009 4226 4281 3738 
8010 3090 3119 3118 
8011 2712 2971 2709 
8012 3119 3430 3250 
8013 2872 2873 2871 
8014 3216 4852 3322 
8015 3005 3006 3004 
8016 4128 4129 4127 
8017 3920 5160 4735 
8018 3283 4790 3466 
8019 3208 3213 3210 
8020 2678 2680 2679 
8021 5439 5724 5082 
8022 3319 3572 3310 
8023 3254 4847 3324 
8024 3378 4872 3594 
8025 3632 4041 3572 
8026 2874 2876 2873 
8027 3892 4481 3997 
8028 5516 5563 4509 
8029 3068 3095 3069 
8030 3543 3544 3415 
8031 3625 3786 3785 
8032 3936 4360 4162 
8033 3529 3532 3531 
8034 4755 5480 2605 
8035 3709 5041 4160 
8036 3428 4850 3607 
8037 2782 2786 2785 
8038 3987 4348 3986 
8039 2566 5469 5058 
8040 2708 3553 2710 
8041 3098 3125 3124 
8042 4149 4758 4757 
8043 3928 4345 3927 
8044 2968 3046 3044 
8045 3525 5893 3527 
8046 3549 3550 3327 
8047 4045 4057 3932 
8048 3921 4229 4228 
8049 3546 3658 3547 
8050 3182 3336 3184 
8051 2726 4801 2718 
8052 4487 5762 5638 
8053 3658 3973 3659 
8054 407 4982 406 
8055 2877 2879 2876 
8056 4652 5824 4654 
8057 3900 4795 3575 
8058 3393 4780 3394 
8059 4697 5015 2957 
8060 2973 2979 2956 
8061 2934 2938 2935 
8062 4037 5460 4071 
8063 2927 5798 2925 
8064 4516 4900 4051 
8065 2880 3630 2879 
8066 3931 3932 3381 
8067 3334 3546 3335 
8068 3210 4852 3211 
8069 4022 4833 4021 
8070 2702 4936 2700 
8071 3253 3254 3093 
8072 3453 3454 3452 
8073 3630 3752 2879 
8074 4316 4640 3784 
8075 3427 4850 3428 
8076 4700 4794 4671 
8077 3186 3444 3188 
8078 3460 3461 3436 
8079 3092 3093 2979 
8080 2701 2702 2700 
8081 2886 2912 2885 
8082 3170 3171 2846 
8083 2971 4798 2709 
8084 4660 5466 4661 
8085 4121 4122 4120 
8086 3962 4053 3646 
8087 464 5304 2618 
8088 3281 3283 3282 
8089 3091 5723 4449 
8090 144 2546 145 
8091 153 2549 154 
8092 128 2547 129 
8093 132 2578 133 
8094 149 2579 150 
8095 166 2577 167 
8096 162 2545 163 
8097 158 2581 159 
8098 140 2580 141 
8099 136 2550 137 
8100 170 2551 171 
8101 177 2548 178 
8102 4125 4127 4124 
8103 3216 3322 3257 
8104 4350 4351 3926 
8105 3398 3399 3397 
8106 3415 5876 3952 
8107 3490 3491 3461 
8108 3171 3635 2846 
8109 3570 4867 4783 
8110 2913 2952 2912 
8111 3607 3962 3646 
8112 3563 3623 3622 
8113 3483 4718 3257 
8114 4111 4112 4110 
8115 3623 3625 3624 
8116 4313 5738 4272 
8117 2968 3044 2969 
8118 3045 3068 3067 
8119 4437 4800 4769 
8120 3435 3436 3423 
8121 3790 4885 4299 
8122 2844 2920 2845 
8123 3180 3314 3313 
8124 3481 3935 3482 
8125 3777 4046 3635 
8126 4503 5737 4696 
8127 3323 3488 3325 
8128 2882 4879 2880 
8129 4333 5327 4334 
8130 3254 3323 3255 
8131 3062 3106 3061 
8132 4657 5113 2825 
8133 2786 2822 2821 
8134 2920 2977 2921 
8135 3488 3927 3489 
8136 3485 3621 3557 
8137 3298 3481 3300 
8138 3314 3561 3560 
8139 2876 2878 2873 
8140 3212 4835 3201 
8141 2651 2653 2652 
8142 3274 5383 3272 
8143 4116 4117 4114 
8144 4312 4861 4311 
8145 3631 4211 3762 
8146 2829 2909 2843 
8147 4246 4247 4057 
8148 3777 4664 4046 
8149 3727 3772 3728 
8150 3286 3287 3285 
8151 2789 5432 4749 
8152 4028 4548 3752 
8153 4611 5773 2617 
8154 3486 5593 5139 
8155 3658 4844 4395 
8156 3032 3088 3033 
8157 3088 3278 3089 
8158 4718 4880 4186 
8159 3068 4871 3173 
8160 3322 3631 3483 
8161 3107 3298 3106 
8162 3331 4075 3333 
8163 2952 3032 2954 
8164 3176 4872 3378 
8165 2954 5084 5019 
8166 2829 2910 2909 
8167 2940 2968 2941 
8168 3295 4860 3337 
8169 4085 5123 4084 
8170 2909 2940 2911 
8171 3171 3777 3635 
8172 2884 2885 2882 
8173 3361 4804 4670 
8174 5409 5578 4266 
8175 2977 3061 2978 
8176 2600 5240 5213 
8177 3145 3147 3146 
8178 3891 4965 3889 
8179 4480 5411 2820 
8180 3587 4844 3546 
8181 3754 4828 3756 
8182 4553 4899 4552 
8183 4765 5101 2985 
8184 5159 5576 4574 
8185 2825 2829 2828 
8186 2703 2705 2704 
8187 2752 4867 3570 
8188 3936 4162 3935 
8189 4720 5173 4721 
8190 5026 5169 3654 
8191 3337 3567 3427 
8192 3567 3761 3427 
8193 3294 4860 3295 
8194 3046 4295 4000 
8195 527 5463 2553 
8196 3889 4852 3210 
8197 3630 4028 3752 
8198 2751 5121 2753 
8199 3594 3987 3986 
8200 2760 2823 2762 
8201 4457 4933 4111 
8202 4019 4863 3596 
8203 4558 4560 4559 
8204 3290 3291 3289 
8205 3463 4681 2887 
8206 2856 2858 2857 
8207 3777 4858 4665 
8208 3485 3908 3621 
8209 4024 4026 4025 
8210 4558 4559 4556 
8211 4586 5743 4943 
8212 3477 4875 3478 
8213 3770 5105 4772 
8214 3174 3918 3653 
8215 3046 4000 3044 
8216 3695 4097 3966 
8217 4935 5431 4184 
8218 3724 5647 5156 
8219 4387 5826 5349 
8220 3374 3439 3376 
8221 3624 4257 3622 
8222 2706 4936 2702 
8223 3426 3469 3468 
8224 3200 4803 3449 
8225 393 5873 5834 
8226 3902 4828 3754 
8227 3291 4793 3294 
8228 3966 4392 4019 
8229 3742 4842 4331 
8230 4477 5522 4428 
8231 4102 5742 4108 
8232 4730 5904 4731 
8233 3772 4437 4435 
8234 4672 5428 5124 
8235 3908 4005 3621 
8236 3551 4967 4048 
8237 4545 5778 2625 
8238 3457 3458 3399 
8239 2906 2915 2914 
8240 3064 5091 3331 
8241 5105 5687 4295 
8242 2791 2846 2844 
8243 3290 3293 3291 
8244 3650 4875 3477 
8245 3908 4365 4005 
8246 3284 3285 3283 
8247 3618 4024 4023 
8248 2833 2836 2835 
8249 3290 3484 3293 
8250 2705 4976 2704 
8251 2868 2870 2866 
8252 3142 3145 3144 
8253 2885 4879 2882 
8254 4148 5083 4145 
8255 2791 4853 3170 
8256 3339 3934 3465 
8257 5336 5460 4037 
8258 3795 3982 3792 
8259 2678 2679 2677 
8260 3776 4848 4022 
8261 4689 5099 2735 
8262 456 5028 455 
8263 4769 4800 2778 
8264 2730 2731 2725 
8265 4229 4317 4230 
8266 5091 5342 5171 
8267 3576 3595 3440 
8268 2703 2704 2702 
8269 3095 4843 3096 
8270 3480 4847 3253 
8271 480 5029 479 
8272 4026 4094 4093 
8273 2791 2844 2790 
8274 2765 2791 2790 
8275 2584 5399 4684 
8276 3140 3142 3141 
8277 3341 3383 3382 
8278 3484 3485 3293 
8279 5297 5717 4239 
8280 3096 4843 3260 
8281 3474 3633 3477 
8282 4869 4955 4361 
8283 4384 5730 2613 
8284 4836 5250 3932 
8285 2779 2825 2824 
8286 513 5036 512 
8287 3567 4039 3761 
8288 3162 5574 4511 
8289 3630 4879 4060 
8290 3089 4854 3182 
8291 3489 4855 3921 
8292 2591 5532 5247 
8293 4600 4693 3783 
8294 2766 4853 2765 
8295 3073 3241 3240 
8296 2745 2765 2764 
8297 3594 4872 3987 
8298 3293 4793 3291 
8299 3181 5084 3033 
8300 3663 3664 3662 
8301 3786 4396 3785 
8302 4053 4839 3646 
8303 3563 3622 3561 
8304 5185 5763 5272 
8305 2765 2790 2764 
8306 3430 3431 3250 
8307 5035 5135 3062 
8308 3459 3611 3458 
8309 2754 4867 2752 
8310 3177 3909 3425 
8311 3177 3178 2689 
8312 4335 5600 4953 
8313 3665 3666 3664 
8314 2704 4976 2708 
8315 2963 5509 2863 
8316 3651 4898 3929 
8317 2676 2677 2675 
8318 3607 4850 3962 
8319 2862 2875 2860 
8320 3560 3940 3313 
8321 3722 4858 3171 
8322 3790 4299 3645 
8323 3119 3250 3118 
8324 3653 4199 3652 
8325 2752 3570 2750 
8326 4176 5485 5434 
8327 3557 4793 3293 
8328 3924 3994 3923 
8329 3766 4692 3356 
8330 5210 5699 5209 
8331 3763 4880 4718 
8332 2762 2779 2761 
8333 5310 5590 4404 
8334 4912 5399 4213 
8335 3306 4851 3304 
8336 2856 2857 2854 
8337 3844 3845 3840 
8338 2740 2745 2743 
8339 2760 2761 2759 
8340 2734 2740 2739 
8341 3032 4864 3644 
8342 2729 2734 2733 
8343 4976 5146 4716 
8344 3363 4804 3361 
8345 2632 3969 2608 
8346 2745 2764 2743 
8347 2740 2743 2739 
8348 3567 4860 4082 
8349 2734 2739 2733 
8350 3625 3785 3624 
8351 4070 5150 4799 
8352 3180 3313 3104 
8353 4337 4953 4526 
8354 3284 3581 3286 
8355 3469 3471 3470 
8356 4469 4858 3722 
8357 3174 3652 2857 
8358 5023 5095 3443 
8359 3447 3645 3438 
8360 4782 5497 4390 
8361 3352 4851 3306 
8362 3250 3446 3118 
8363 3908 5280 4365 
8364 3581 3925 3919 
8365 4554 5676 4555 
8366 3253 4847 3254 
8367 2729 2733 2727 
8368 2842 2849 2841 
8369 4440 5659 4441 
8370 3633 3972 3650 
8371 4622 5786 3740 
8372 2850 2922 2849 
8373 2758 2759 2756 
8374 2907 5514 4838 
8375 3466 4790 4364 
8376 2680 2682 2681 
8377 3241 3243 3242 
8378 4048 4049 3643 
8379 3015 3016 3014 
8380 5210 5340 5224 
8381 3310 4843 3095 
8382 2594 5640 4942 
8383 3300 4859 3106 
8384 3090 5461 3119 
8385 3238 3239 3072 
8386 3797 4764 3795 
8387 2688 2690 2689 
8388 4025 5344 4023 
8389 2811 2813 2812 
8390 2684 2688 2687 
8391 2722 2729 2727 
8392 3207 4862 3205 
8393 2680 2681 2679 
8394 4873 5743 4604 
8395 3042 3636 2967 
8396 3623 3624 3622 
8397 3243 3318 3317 
8398 3213 4862 3894 
8399 2865 5509 3120 
8400 3205 4862 3208 
8401 161 4809 162 
8402 159 4824 160 
8403 3964 5023 3965 
8404 4704 4830 4829 
8405 3695 3966 3596 
8406 3471 3473 3472 
8407 3061 4859 3063 
8408 3546 4844 3658 
8409 154 4807 155 
8410 3974 5612 4220 
8411 3090 3118 3079 
8412 4579 5734 3111 
8413 395 5532 2591 
8414 2953 4864 2952 
8415 393 5834 392 
8416 3925 4210 3926 
8417 3997 5128 3891 
8418 2782 2785 2781 
8419 165 4825 166 
8420 163 4806 164 
8421 4710 5398 5289 
8422 3608 5105 3606 
8423 4687 4966 4469 
8424 3314 3560 3313 
8425 3304 4851 3321 
8426 2719 2722 2721 
8427 2716 2719 2718 
8428 3927 4855 3489 
8429 2713 2716 2715 
8430 2713 2715 2712 
8431 3138 3140 3139 
8432 2716 2718 2715 
8433 2755 2756 2754 
8434 2719 2721 2718 
8435 2722 2727 2721 
8436 5433 5468 4157 
8437 2651 2652 2650 
8438 2710 2713 2712 
8439 2813 2818 2814 
8440 2710 2712 2709 
8441 169 4816 170 
8442 167 4808 168 
8443 4001 4848 3776 
8444 3278 4854 3089 
8445 152 4822 153 
8446 3172 4878 2727 
8447 3235 3381 3236 
8448 3918 4078 3653 
8449 4947 5465 4528 
8450 3119 5560 3430 
8451 3287 3290 3289 
8452 141 4817 142 
8453 143 4815 144 
8454 2608 5881 2632 
8455 3113 3114 3081 
8456 4094 4096 4095 
8457 145 4821 146 
8458 3337 4860 3567 
8459 5166 5864 4380 
8460 3695 4874 4173 
8461 4788 4866 2979 
8462 2818 2830 2819 
8463 3226 3251 3227 
8464 2750 5022 2742 
8465 3906 4202 3947 
8466 2653 2655 2654 
8467 2756 4857 2980 
8468 2682 2684 2683 
8469 2688 2689 2687 
8470 3872 3874 3867 
8471 4903 5613 5560 
8472 5585 5791 3765 
8473 4933 5098 2570 
8474 2708 2710 2709 
8475 4834 4904 3027 
8476 4282 4485 4434 
8477 3761 4850 3427 
8478 2956 4866 2953 
8479 3784 4847 3480 
8480 3833 3834 3830 
8481 3065 4771 3035 
8482 3930 3933 3931 
8483 139 4819 140 
8484 137 4820 138 
8485 176 4823 177 
8486 3348 5663 5141 
8487 2719 4882 3175 
8488 2822 2841 2821 
8489 2684 2687 2683 
8490 2551 5472 4527 
8491 2655 2657 2656 
8492 4280 5020 3746 
8493 3182 4854 3336 
8494 4787 5370 4167 
8495 133 4818 134 
8496 3371 3372 3274 
8497 3633 4067 3972 
8498 4431 5851 4430 
8499 2657 2659 2658 
8500 4556 4899 4553 
8501 3107 5135 3301 
8502 2630 5882 397 
8503 4301 5345 3953 
8504 3318 3386 3385 
8505 5205 5206 5203 
8506 5080 5603 2612 
8507 3931 4045 3932 
8508 2690 3177 2689 
8509 2720 5305 4461 
8510 4257 4911 3622 
8511 2980 4867 2754 
8512 4388 5660 4525 
8513 4252 5596 4058 
8514 2620 5279 413 
8515 4757 5164 3126 
8516 3560 4061 3940 
8517 4042 4962 3572 
8518 3921 4855 4229 
8519 2922 3027 2849 
8520 2786 2821 2785 
8521 412 5279 2595 
8522 3299 4869 3298 
8523 3281 3284 3283 
8524 3473 4909 3474 
8525 3284 4991 3581 
8526 3044 4871 3045 
8527 5019 5084 4060 
8528 2708 2709 2706 
8529 2880 4879 3630 
8530 4096 4304 4303 
8531 4045 4246 4057 
8532 3481 4869 3936 
8533 2967 5126 2914 
8534 3388 3390 3389 
8535 3235 3930 3381 
8536 4791 5861 4662 
8537 4715 5087 4883 
8538 3284 3286 3285 
8539 3171 4858 3777 
8540 3315 3316 3239 
8541 2774 2916 2772 
8542 3965 4752 3898 
8543 3045 4871 3068 
8544 3028 3079 3078 
8545 4349 5796 4814 
8546 2762 2780 2779 
8547 2760 2762 2761 
8548 3225 3234 3228 
8549 2778 2781 2777 
8550 3859 3860 3857 
8551 2704 2708 2706 
8552 3825 3826 3823 
8553 3270 3273 3272 
8554 2858 3174 2857 
8555 4341 5667 5154 
8556 2758 2760 2759 
8557 3208 4862 3213 
8558 4658 5365 4455 
8559 2922 3028 3027 
8560 2588 5546 4481 
8561 3223 3225 3224 
8562 2736 2737 2731 
8563 3134 4779 3132 
8564 3667 3668 3666 
8565 3258 4893 4770 
8566 2765 4853 2791 
8567 3583 4035 4034 
8568 5011 5442 4074 
8569 2720 5339 5305 
8570 4694 5623 4162 
8571 2721 4878 2726 
8572 5228 5909 5230 
8573 131 4813 132 
8574 129 4812 130 
8575 2770 3981 2728 
8576 3643 4216 3642 
8577 2803 4832 2804 
8578 2713 4883 2717 
8579 3465 3695 3596 
8580 4469 4966 4858 
8581 4033 5436 4579 
8582 3106 4859 3061 
8583 2682 2683 2681 
8584 4455 5365 4454 
8585 3425 3426 3178 
8586 3184 4868 3186 
8587 3703 4804 3363 
8588 3327 3353 3234 
8589 2755 2758 2756 
8590 3174 3653 3652 
8591 3220 3223 3222 
8592 2773 2775 2774 
8593 2683 2685 2681 
8594 2953 4866 4864 
8595 4159 5115 4188 
8596 2759 4857 2756 
8597 4067 4570 3972 
8598 2981 4741 2834 
8599 3581 3919 3286 
8600 3888 4324 4323 
8601 2952 4864 3032 
8602 4653 5314 3536 
8603 3112 5583 4537 
8604 3819 3822 3817 
8605 3739 3740 3372 
8606 2663 2711 2661 
8607 3248 4952 3204 
8608 3028 3078 3027 
8609 2619 5463 528 
8610 4385 5556 4168 
8611 3925 3926 3919 
8612 2979 4866 2956 
8613 3802 3804 3800 
8614 4097 5844 5109 
8615 3116 4905 3121 
8616 3635 4870 2846 
8617 3586 4974 3368 
8618 4685 5107 2974 
8619 2717 4882 2716 
8620 4319 4774 4492 
8621 4767 5708 4754 
8622 3186 4868 3444 
8623 3589 4203 3917 
8624 4292 5293 4291 
8625 2742 5022 2737 
8626 2830 3588 2831 
8627 3471 3551 3473 
8628 3948 5299 4514 
8629 4518 5244 4567 
8630 2821 2919 2785 
8631 3079 3235 3078 
8632 4170 4171 4091 
8633 4295 5040 4000 
8634 3429 5453 4548 
8635 4690 5741 3445 
8636 3909 4181 3425 
8637 4750 4751 2758 
8638 2753 2755 2754 
8639 3336 4868 3184 
8640 4968 5894 5789 
8641 5525 5593 3486 
8642 4210 4350 3926 
8643 3426 3691 3469 
8644 3232 5147 4714 
8645 4323 5162 4897 
8646 3551 3643 3642 
8647 3930 3931 3381 
8648 3552 5516 4509 
8649 4424 4428 3976 
8650 4800 4988 3056 
8651 2758 4751 2760 
8652 2775 2777 2776 
8653 2694 2707 2692 
8654 3454 4841 3742 
8655 5261 5650 3603 
8656 3173 4910 3319 
8657 4293 5506 4038 
8658 2753 2754 2752 
8659 4961 5367 4960 
8660 3228 3229 3224 
8661 3686 5397 3168 
8662 3555 3556 3316 
8663 3023 3024 3021 
8664 3752 4884 2879 
8665 4000 4871 3044 
8666 484 4942 483 
8667 3394 3397 3396 
8668 4262 4650 4265 
8669 3542 4974 3727 
8670 4826 5660 4388 
8671 2741 2742 2737 
8672 3580 4841 3454 
8673 4293 5672 5506 
8674 3811 3812 3809 
8675 4052 5092 3788 
8676 160 3828 161 
8677 3298 4869 3481 
8678 155 3838 156 
8679 3017 3018 3016 
8680 2704 2706 2702 
8681 2771 2773 2772 
8682 4858 4966 4665 
8683 2846 4870 2844 
8684 2844 4870 2920 
8685 4841 4842 3742 
8686 3741 4927 4279 
8687 3553 4883 2710 
8688 4843 4962 4796 
8689 4228 5311 4227 
8690 3020 3021 3018 
8691 3321 4955 3302 
8692 4727 5381 4857 
8693 4915 5538 4584 
8694 2839 2840 2837 
8695 3177 3425 3178 
8696 3252 4797 3374 
8697 2860 4887 2858 
8698 3121 3384 3280 
8699 3669 3689 3668 
8700 4258 5831 2906 
8701 3225 3228 3224 
8702 3031 3057 3030 
8703 164 3820 165 
8704 3551 3642 3473 
8705 3290 4925 3484 
8706 3898 3899 3611 
8707 3029 3030 3024 
8708 4337 4338 4336 
8709 2747 2748 2742 
8710 4877 5704 3636 
8711 3251 3538 3252 
8712 4499 5106 3964 
8713 168 3814 169 
8714 4346 5344 4025 
8715 4163 5454 3647 
8716 151 3841 152 
8717 5543 5639 4095 
8718 4502 5633 5243 
8719 4798 4936 2706 
8720 3280 3281 3122 
8721 3196 4985 4781 
8722 3256 3437 3433 
8723 2879 4884 2876 
8724 4559 4899 4556 
8725 2767 5034 2747 
8726 2755 4750 2758 
8727 4531 5361 3091 
8728 3488 5077 3928 
8729 5159 5697 5576 
8730 2698 3249 2696 
8731 4616 5018 4615 
8732 3848 3849 3847 
8733 4388 4525 3881 
8734 492 5730 2554 
8735 2613 5730 493 
8736 2876 4884 2878 
8737 4888 5071 4986 
8738 4000 5040 4910 
8739 3372 5030 3274 
8740 3202 5006 3199 
8741 3853 3854 3852 
8742 4195 4908 4566 
8743 2987 4765 2985 
8744 142 3863 143 
8745 2938 2957 2939 
8746 3850 3852 3849 
8747 146 3851 147 
8748 4166 5370 4771 
8749 536 5159 2628 
8750 3058 3109 3057 
8751 4091 5288 3700 
8752 5324 5361 4531 
8753 3474 4909 3633 
8754 4942 5640 4573 
8755 3174 4887 3918 
8756 3161 3165 3164 
8757 3727 3977 3772 
8758 4312 4929 4861 
8759 2792 3217 2776 
8760 4658 5862 3910 
8761 3368 4974 3542 
8762 4746 4951 4744 
8763 3835 3836 3834 
8764 4171 4889 4091 
8765 3115 4902 3256 
8766 3267 5075 4676 
8767 2792 3552 3218 
8768 2567 5749 4961 
8769 3439 3576 3440 
8770 2954 5019 2912 
8771 3846 3847 3845 
8772 3269 3275 3271 
8773 3310 4962 4843 
8774 2653 2654 2652 
8775 4063 5135 5035 
8776 5521 5774 4432 
8777 2977 5035 3062 
8778 3302 4955 3299 
8779 3837 3839 3836 
8780 2871 4894 2868 
8781 3855 3856 3854 
8782 4371 5529 4377 
8783 4407 5436 4033 
8784 2727 4878 2721 
8785 498 5400 497 
8786 4291 5130 4042 
8787 3147 3149 3148 
8788 2616 5623 4694 
8789 2673 2686 2671 
8790 3827 3829 3826 
8791 138 3862 139 
8792 2669 3244 2667 
8793 175 3815 176 
8794 3102 4998 4734 
8795 4200 5108 4906 
8796 5629 5844 4097 
8797 3940 4998 3313 
8798 3177 4981 3909 
8799 3299 4955 4869 
8800 2716 4882 2719 
8801 3188 4985 3196 
8802 134 3873 135 
8803 2784 4996 2788 
8804 3622 4911 3561 
8805 5191 5448 5193 
8806 3891 5128 4965 
8807 3940 5316 4998 
8808 4624 5545 4626 
8809 3168 5397 1 
8810 3923 4175 3922 
8811 3275 3277 3276 
8812 5123 5381 4084 
8813 2655 2656 2654 
8814 2825 5113 2829 
8815 3742 4331 3767 
8816 3465 3596 3369 
8817 2657 2658 2656 
8818 3324 5077 3323 
8819 5003 5891 4274 
8820 4833 5077 3324 
8821 3339 3369 3229 
8822 4030 4031 3887 
8823 2710 4883 2713 
8824 2923 2924 2840 
8825 2692 4981 2690 
8826 3561 4911 3560 
8827 4034 4036 3946 
8828 4320 4321 3882 
8829 3861 3864 3860 
8830 5081 5724 4566 
8831 156 5044 157 
8832 3236 5709 4834 
8833 2777 2792 2776 
8834 3583 3946 3396 
8835 3767 4058 3569 
8836 387 5410 2621 
8837 2854 4906 2852 
8838 2593 5410 388 
8839 2775 2776 2774 
8840 3277 3452 3451 
8841 3339 3465 3369 
8842 3545 5343 4002 
8843 2753 5121 2757 
8844 3578 4966 4687 
8845 3749 5860 4591 
8846 3110 3265 3109 
8847 5552 5676 4554 
8848 2785 4916 2781 
8849 4679 5635 3535 
8850 4161 5137 4062 
8851 174 4914 175 
8852 3875 3876 3874 
8853 3223 3224 3222 
8854 4847 4990 3324 
8855 4215 4529 3884 
8856 5495 5618 3584 
8857 2707 4981 2692 
8858 5119 5812 4232 
8859 3929 5168 4797 
8860 2868 4894 2870 
8861 3703 4997 4804 
8862 3538 4797 3252 
8863 3813 3816 3812 
8864 3228 3339 3229 
8865 2748 2751 2750 
8866 3572 4962 3310 
8867 3394 3396 3392 
8868 3388 3389 3386 
8869 4260 4280 3746 
8870 3653 4903 4199 
8871 4664 5491 3404 
8872 5383 5856 4697 
8873 3159 3161 3160 
8874 127 4811 128 
8875 4071 5460 5016 
8876 4880 5557 4585 
8877 3721 4540 3963 
8878 3381 5250 3236 
8879 4063 5035 4870 
8880 2677 4941 2675 
8881 3395 3641 3389 
8882 2944 3943 3723 
8883 2679 3246 2677 
8884 2875 4887 2860 
8885 3865 3866 3864 
8886 3950 5037 4793 
8887 2751 2753 2752 
8888 2773 2774 2772 
8889 2735 5099 2734 
8890 3121 3122 3117 
8891 4056 4219 4218 
8892 3805 3806 3804 
8893 5101 5498 3330 
8894 4836 5569 3550 
8895 3556 5016 3316 
8896 5192 5272 5271 
8897 5727 5730 4384 
8898 2751 2752 2750 
8899 3243 3317 3242 
8900 3454 3742 3569 
8901 4729 5844 5029 
8902 173 3794 174 
8903 4014 4159 4017 
8904 4740 5680 4115 
8905 2858 4887 3174 
8906 3652 4906 2857 
8907 3588 4897 2831 
8908 3642 4909 3473 
8909 3784 4990 4847 
8910 3516 5635 3519 
8911 3241 3242 3240 
8912 3655 3938 3641 
8913 4268 5896 5520 
8914 3086 5530 2921 
8915 5109 5844 4729 
8916 5036 5904 4730 
8917 162 4809 2545 
8918 2581 4824 159 
8919 3318 3385 3317 
8920 3218 3219 3217 
8921 2549 4807 154 
8922 130 3880 131 
8923 3287 4925 3290 
8924 3795 4764 3982 
8925 2545 4806 163 
8926 166 4825 2577 
8927 3384 3922 3280 
8928 4669 5767 3899 
8929 4015 4055 4016 
8930 3877 3878 3876 
8931 4207 5523 4753 
8932 2577 4808 167 
8933 170 4816 2551 
8934 3807 3842 3806 
8935 4574 5576 2622 
8936 529 5605 2619 
8937 153 4822 2549 
8938 3611 3612 3458 
8939 3981 5136 2728 
8940 4035 4449 4034 
8941 3565 5582 4920 
8942 3286 4925 3287 
8943 3165 3169 3166 
8944 4048 5564 4049 
8945 3238 3315 3239 
8946 2580 4817 141 
8947 144 4815 2546 
8948 3444 4985 3188 
8949 3721 3963 3651 
8950 2546 4821 145 
8951 3579 3721 3651 
8952 4876 5170 3233 
8953 4011 4013 4012 
8954 4177 5406 4748 
8955 3220 3221 3219 
8956 3374 4797 3439 
8957 3222 3226 3221 
8958 2769 2771 2770 
8959 3113 3115 3114 
8960 2629 5028 456 
8961 479 5029 2626 
8962 2708 4976 3553 
8963 3741 4278 3944 
8964 2792 3218 3217 
8965 3339 4971 3934 
8966 3256 4902 3437 
8967 3220 3222 3221 
8968 2985 5101 2983 
8969 2636 3610 2634 
8970 4078 4903 3653 
8971 3690 5068 3689 
8972 3276 3554 3271 
8973 140 4819 2580 
8974 2550 4820 137 
8975 4088 5100 4087 
8976 2836 2839 2837 
8977 177 4823 2548 
8978 3218 3220 3219 
8979 3879 3886 3878 
8980 3384 3923 3922 
8981 3116 3117 3115 
8982 5052 5682 4205 
8983 3633 4909 4067 
8984 3121 3280 3122 
8985 2578 4818 133 
8986 4853 5589 3768 
8987 3121 4905 3384 
8988 4110 5248 4107 
8989 179 4969 180 
8990 4163 5825 5454 
8991 4009 4011 4010 
8992 2627 5036 513 
8993 12 5643 415 
8994 4901 5308 3941 
8995 2864 5536 5404 
8996 3975 4423 3976 
8997 3898 4752 3899 
8998 4238 5628 4478 
8999 3431 4915 3250 
9000 3250 4915 3446 
9001 2817 5762 2787 
9002 3156 3159 3158 
9003 3579 3651 3538 
9004 13 5644 511 
9005 512 5643 12 
9006 385 5645 9 
9007 3118 4907 3079 
9008 3385 3479 3317 
9009 3315 3975 3555 
9010 3242 3638 3240 
9011 3446 4907 3118 
9012 4640 4990 3784 
9013 4198 5417 4197 
9014 3807 5151 3842 
9015 4218 5728 4217 
9016 4789 5707 4901 
9017 3727 4974 3977 
9018 2857 4906 2854 
9019 3331 5091 4075 
9020 4795 5451 3781 
9021 455 5644 13 
9022 3560 4911 4061 
9023 9 5645 480 
9024 3390 3395 3389 
9025 4926 5828 2711 
9026 3397 3583 3396 
9027 3984 5455 4621 
9028 3941 5308 3602 
9029 126 4954 127 
9030 4064 5371 5099 
9031 3269 3270 3268 
9032 3386 4881 3385 
9033 3322 4965 3631 
9034 3711 5356 4486 
9035 2595 5577 411 
9036 3353 4938 4829 
9037 3536 5041 3537 
9038 3431 5538 4915 
9039 4888 5682 2558 
9040 3273 3371 3274 
9041 132 4813 2578 
9042 2547 4812 129 
9043 3990 5437 5234 
9044 3315 3555 3316 
9045 3568 5142 4953 
9046 2850 5108 2922 
9047 3294 5037 4860 
9048 4351 5161 3926 
9049 3116 3121 3117 
9050 150 5120 151 
9051 4737 5668 4220 
9052 5112 5511 4052 
9053 3961 5703 4980 
9054 2795 3443 2797 
9055 2799 2918 2801 
9056 3996 4207 4206 
9057 3038 5330 2995 
9058 3049 5354 2894 
9059 4325 5758 5257 
9060 2665 4926 2663 
9061 4998 5316 4734 
9062 4291 5293 5130 
9063 4852 4965 3322 
9064 2885 5019 4879 
9065 3113 3116 3115 
9066 3583 4034 3946 
9067 5148 5440 4568 
9068 4910 5040 3698 
9069 3235 4907 3930 
9070 3117 4902 3115 
9071 3321 5174 4955 
9072 2975 3073 3072 
9073 3073 3240 3238 
9074 5506 5824 4652 
9075 3079 4907 3235 
9076 2988 5315 3025 
9077 2982 5008 3231 
9078 4612 4918 4873 
9079 4639 5131 3237 
9080 3581 5276 3925 
9081 3104 4998 3102 
9082 3151 3156 3155 
9083 4153 5083 4148 
9084 2790 5390 2764 
9085 3830 4944 3829 
9086 2771 2772 2770 
9087 3606 5105 3770 
9088 3840 4932 3839 
9089 2912 5019 2885 
9090 4744 5508 4745 
9091 3149 3151 3150 
9092 3071 5117 2966 
9093 3244 5819 4970 
9094 2690 4981 3177 
9095 3756 5398 3757 
9096 3198 5788 4683 
9097 3693 5886 4465 
9098 3251 3579 3538 
9099 5108 5384 2922 
9100 5024 5045 3506 
9101 5018 5887 4615 
9102 3550 4938 3327 
9103 5594 5801 3085 
9104 5461 5560 3119 
9105 3010 3012 3011 
9106 5584 5900 4439 
9107 3589 3888 3588 
9108 3399 4913 3397 
9109 4071 4841 3580 
9110 4310 5505 4312 
9111 4312 4930 4929 
9112 4 2945 182 
9113 2745 5371 2766 
9114 4055 4698 4056 
9115 3073 3238 3072 
9116 3316 5016 3694 
9117 4542 5739 2579 
9118 3395 3655 3641 
9119 2916 4992 2772 
9120 2566 5416 4896 
9121 195 3154 196 
9122 4870 5035 2920 
9123 3655 4429 3938 
9124 4171 4890 4889 
9125 4450 5513 4451 
9126 3313 4998 3104 
9127 4928 5631 4929 
9128 2993 5298 3038 
9129 2595 5838 5577 
9130 2644 2789 2642 
9131 3661 3769 3619 
9132 4879 5019 4060 
9133 4539 5337 3043 
9134 2568 5597 4846 
9135 2831 4897 2833 
9136 3371 3741 3739 
9137 4283 4493 3769 
9138 3889 4965 4852 
9139 3454 3569 3452 
9140 3548 3896 3530 
9141 2804 4832 2807 
9142 148 5744 4580 
9143 3789 5888 3971 
9144 5463 5518 4292 
9145 5482 5869 4444 
9146 125 3059 126 
9147 189 3126 190 
9148 3570 5022 2750 
9149 3583 4913 4035 
9150 2919 4916 2785 
9151 3533 5450 4368 
9152 2840 5360 2837 
9153 2915 3071 2966 
9154 3281 4991 3284 
9155 3589 5110 4203 
9156 2932 2936 2934 
9157 4979 4980 4978 
9158 190 5164 191 
9159 4361 5174 4362 
9160 2920 5035 2977 
9161 5329 5476 3320 
9162 3614 3617 3616 
9163 182 4946 183 
9164 4326 5420 5378 
9165 4345 5268 3927 
9166 2926 2976 2928 
9167 3963 4898 3651 
9168 4735 5163 4788 
9169 5299 5606 4592 
9170 4286 5636 4285 
9171 3275 3276 3271 
9172 5121 5356 2757 
9173 3767 4252 4058 
9174 2975 3072 2974 
9175 2622 5576 482 
9176 188 4956 189 
9177 4042 5130 4962 
9178 4603 5609 4801 
9179 4485 5034 3105 
9180 3137 3346 3233 
9181 4757 5556 4385 
9182 2839 2923 2840 
9183 3353 4971 3234 
9184 3704 3705 3347 
9185 4108 4896 4895 
9186 3330 4741 2981 
9187 4529 5252 3884 
9188 4793 5037 3294 
9189 2671 4968 2669 
9190 4358 5364 3076 
9191 3640 4245 4069 
9192 3277 3451 3276 
9193 4150 4154 4153 
9194 3919 4925 3286 
9195 2667 4970 2665 
9196 3549 5430 3550 
9197 3792 4885 3790 
9198 3742 3767 3569 
9199 2714 5347 4674 
9200 3616 3618 3615 
9201 2569 5031 4758 
9202 2770 4992 3981 
9203 2589 5605 530 
9204 3617 3620 3619 
9205 180 2947 181 
9206 3426 4957 3691 
9207 3234 4971 3228 
9208 3614 3615 3613 
9209 3494 5790 5459 
9210 5221 5259 5245 
9211 3620 3662 3661 
9212 4423 4424 3976 
9213 184 4972 185 
9214 3516 3519 3518 
9215 4090 4170 4091 
9216 4883 5087 2717 
9217 4600 5005 4693 
9218 3074 5449 4517 
9219 5478 5505 4310 
9220 196 4949 197 
9221 3267 3268 2957 
9222 3571 3979 3704 
9223 4279 5487 5486 
9224 3327 4938 3353 
9225 3028 5384 3090 
9226 183 3309 184 
9227 2646 4999 2644 
9228 4177 5641 5485 
9229 3636 5126 2967 
9230 3232 3613 3011 
9231 3826 5088 3823 
9232 3781 5073 4851 
9233 3589 3917 3888 
9234 526 5080 525 
9235 3935 5355 3482 
9236 2731 3070 2725 
9237 3740 5786 3372 
9238 2621 5109 4729 
9239 2833 4897 2836 
9240 4478 5868 4342 
9241 3550 5430 4836 
9242 4579 5835 4496 
9243 4470 5351 4373 
9244 4220 5668 3659 
9245 2663 4926 2711 
9246 2650 2746 2648 
9247 4382 5716 4381 
9248 3346 3571 3347 
9249 4860 5037 4082 
9250 4236 5050 5049 
9251 5662 5755 3262 
9252 4305 4307 4304 
9253 2696 4984 2694 
9254 3269 3271 3270 
9255 3425 4957 3426 
9256 4306 5498 5101 
9257 4060 5157 4028 
9258 2830 3589 3588 
9259 3127 3128 3125 
9260 2694 4984 2707 
9261 4075 5167 4076 
9262 4904 4963 2841 
9263 4162 5623 3935 
9264 3452 4917 3451 
9265 2579 5120 150 
9266 4492 5423 3476 
9267 4799 5150 2687 
9268 2591 5689 394 
9269 2965 2975 2974 
9270 4056 4698 4219 
9271 3975 3976 3555 
9272 2892 2893 2891 
9273 2675 4964 2673 
9274 3774 5355 4001 
9275 3928 5352 4383 
9276 2990 4765 2987 
9277 2781 4931 2777 
9278 4347 4475 4307 
9279 2951 2962 2961 
9280 2813 2820 2818 
9281 5193 5242 5191 
9282 2774 4959 2916 
9283 3741 3944 3739 
9284 2658 2728 2656 
9285 3359 4928 3702 
9286 4710 5289 4709 
9287 3389 4881 3386 
9288 200 4994 201 
9289 3512 3514 3513 
9290 4379 5675 4378 
9291 4784 5380 5022 
9292 128 4811 2547 
9293 3131 3132 3130 
9294 4057 5569 4836 
9295 3828 4809 161 
9296 160 4824 3828 
9297 2960 2964 2950 
9298 2841 4963 2821 
9299 3267 3269 3268 
9300 2793 5775 2826 
9301 187 5012 188 
9302 155 4807 3838 
9303 3874 5148 3867 
9304 191 5031 192 
9305 3469 4967 3471 
9306 2994 3099 2992 
9307 4986 5634 3629 
9308 4193 5096 5017 
9309 4014 5129 4159 
9310 3534 4456 3523 
9311 2852 5108 2850 
9312 3323 5077 3488 
9313 4229 5277 4317 
9314 4181 4957 3425 
9315 2998 3264 2996 
9316 185 4973 186 
9317 3371 3739 3372 
9318 4311 4961 4960 
9319 2839 2965 2923 
9320 3033 5084 2954 
9321 4495 5350 3980 
9322 4255 5542 5064 
9323 3820 4825 165 
9324 164 4806 3820 
9325 3249 4984 2696 
9326 2748 2750 2742 
9327 3280 4991 3281 
9328 4406 5816 5512 
9329 5049 5551 4235 
9330 3602 4402 3601 
9331 3471 4967 3551 
9332 2640 3245 2638 
9333 3041 3279 3080 
9334 3133 3134 3132 
9335 3860 5127 3857 
9336 5606 5855 3365 
9337 3814 4816 169 
9338 168 4808 3814 
9339 3220 5007 3223 
9340 3989 5804 5235 
9341 3841 4822 152 
9342 4939 4940 4764 
9343 201 4126 202 
9344 3392 4987 3390 
9345 4443 5830 4259 
9346 2821 4963 2919 
9347 202 4995 203 
9348 181 4948 4 
9349 3772 4988 4437 
9350 2777 4931 2792 
9351 3689 4081 4080 
9352 4805 5434 3894 
9353 3228 4971 3339 
9354 3397 4913 3583 
9355 4965 5128 3631 
9356 3691 4967 3469 
9357 4075 4076 3333 
9358 4905 5571 4538 
9359 4771 5370 3634 
9360 3519 3521 3520 
9361 3863 4815 143 
9362 142 4817 3863 
9363 2916 5387 4992 
9364 5192 5271 5249 
9365 4222 4922 4921 
9366 146 4821 3851 
9367 207 4118 208 
9368 5692 5835 3111 
9369 5371 5477 2766 
9370 4776 5586 5083 
9371 3797 4939 4764 
9372 2687 5150 2683 
9373 4145 5083 4144 
9374 4665 5491 4664 
9375 3800 4939 3797 
9376 4953 5600 3568 
9377 3485 5374 3908 
9378 3380 3406 3405 
9379 3229 5000 3224 
9380 4888 4986 4043 
9381 2658 2769 2728 
9382 2681 5003 2679 
9383 4962 5130 4796 
9384 4133 4135 4134 
9385 3230 3438 3357 
9386 4089 5087 4715 
9387 3894 5434 3890 
9388 2792 4931 3552 
9389 3217 4959 2776 
9390 3748 5784 5411 
9391 4906 5108 2852 
9392 4024 4027 4026 
9393 2734 5099 2740 
9394 3064 3065 3035 
9395 5351 5746 4373 
9396 5789 5894 4515 
9397 4668 5800 2547 
9398 206 5004 207 
9399 4896 5416 5013 
9400 4851 5073 3321 
9401 3010 3011 3008 
9402 3004 3039 3002 
9403 3602 5308 4402 
9404 3034 3035 2964 
9405 186 2563 187 
9406 119 2556 120 
9407 2744 5519 2739 
9408 4437 4988 4800 
9409 4248 5313 5000 
9410 4170 4172 4171 
9411 3097 3098 3065 
9412 5783 5840 4269 
9413 2647 5366 2649 
9414 218 3263 219 
9415 3829 3939 3882 
9416 4578 5828 3901 
9417 2962 3037 3036 
9418 2637 5885 2942 
9419 4540 5691 2593 
9420 3664 3724 3662 
9421 3862 4819 139 
9422 138 4820 3862 
9423 4353 5332 3950 
9424 3839 4932 4214 
9425 3839 4214 3884 
9426 4227 5160 3920 
9427 3815 4823 176 
9428 497 5496 496 
9429 4955 5174 4361 
9430 2829 5113 2910 
9431 5231 5232 5230 
9432 3641 4881 3389 
9433 4032 4183 4031 
9434 3950 5332 5037 
9435 194 5497 4782 
9436 3886 5394 5131 
9437 5077 5352 3928 
9438 212 4115 213 
9439 213 5017 214 
9440 3383 4065 3699 
9441 134 4818 3873 
9442 3823 5088 3822 
9443 2948 4059 2945 
9444 4215 5793 5413 
9445 4721 5173 4722 
9446 2572 5412 4611 
9447 2685 5003 2681 
9448 197 5061 198 
9449 4290 5603 5080 
9450 3576 3746 3595 
9451 3037 3084 3082 
9452 4287 5906 5608 
9453 3084 3230 3190 
9454 4096 4305 4304 
9455 3062 5135 3107 
9456 3899 5806 4669 
9457 3816 3993 3958 
9458 3547 5668 3578 
9459 5396 5547 4868 
9460 5188 5274 5182 
9461 3829 4944 3939 
9462 4058 4917 3569 
9463 5234 5269 3990 
9464 2697 5339 2720 
9465 4579 5436 5282 
9466 3680 5622 4174 
9467 4348 5477 3986 
9468 2769 2770 2728 
9469 4801 5609 2715 
9470 2626 5629 4755 
9471 3644 5444 3088 
9472 3129 5471 4498 
9473 3246 4941 2677 
9474 4081 4277 4276 
9475 3244 4970 2667 
9476 537 5159 536 
9477 209 5069 210 
9478 4577 5158 3955 
9479 217 5014 218 
9480 5097 5818 4502 
9481 3922 4991 3280 
9482 2686 4968 2671 
9483 3977 4988 3772 
9484 199 5060 200 
9485 5256 5475 5255 
9486 2669 4968 3244 
9487 208 5318 209 
9488 3390 4987 3395 
9489 3842 4007 4006 
9490 3341 3382 3266 
9491 4743 5510 2589 
9492 3834 4944 3830 
9493 2965 2974 2923 
9494 3181 5157 5084 
9495 4020 4090 3700 
9496 5569 5664 4938 
9497 3638 5392 5038 
9498 5041 5042 4160 
9499 4925 5161 3484 
9500 4991 5276 3581 
9501 3505 3508 3507 
9502 3523 4456 3525 
9503 3897 4543 3896 
9504 4854 5102 3336 
9505 3526 5554 3533 
9506 2654 3308 2652 
9507 5102 5652 4635 
9508 4916 4931 2781 
9509 2938 3267 2957 
9510 2776 4959 2774 
9511 3689 4080 3668 
9512 4866 5163 4864 
9513 4473 5750 2816 
9514 4008 4009 3705 
9515 4159 4188 4017 
9516 3845 4932 3840 
9517 5037 5332 4082 
9518 3829 3882 3826 
9519 3782 5898 3759 
9520 120 5009 121 
9521 3838 5044 156 
9522 2864 5404 2862 
9523 4299 4300 3645 
9524 3683 5655 5654 
9525 3224 5000 3222 
9526 3816 3958 3812 
9527 3418 5745 3420 
9528 158 5322 2581 
9529 3842 4006 3806 
9530 3709 4160 3711 
9531 4225 5549 4226 
9532 3631 5128 4211 
9533 4245 4886 4069 
9534 3946 4987 3396 
9535 3903 5369 4959 
9536 3925 5116 4210 
9537 3135 3136 3134 
9538 3571 3704 3347 
9539 3839 3884 3836 
9540 2890 5671 2892 
9541 3550 5569 4938 
9542 4698 4759 4219 
9543 3576 4180 3746 
9544 192 2569 193 
9545 113 2561 114 
9546 4600 5907 4878 
9547 4117 4120 4119 
9548 3192 3193 3191 
9549 3131 3476 3133 
9550 2673 4964 2686 
9551 3661 4283 3769 
9552 4546 5324 4531 
9553 4298 5829 5010 
9554 5307 5308 3532 
9555 4732 5602 4005 
9556 4270 5597 4505 
9557 3273 5317 4927 
9558 5139 5140 4224 
9559 4012 5408 4010 
9560 2957 5015 2939 
9561 4203 5784 4594 
9562 3849 3868 3847 
9563 4305 4347 4307 
9564 3614 3616 3615 
9565 3003 5413 3005 
9566 4105 5617 4960 
9567 2946 3360 2949 
9568 2805 5595 4472 
9569 3960 5470 4644 
9570 4572 5502 4574 
9571 481 5697 14 
9572 211 5072 212 
9573 4874 5765 5480 
9574 2631 5626 4243 
9575 219 5013 220 
9576 3617 3619 3616 
9577 3982 4885 3792 
9578 3854 3870 3852 
9579 3620 3661 3619 
9580 3569 4917 3452 
9581 2665 4970 4926 
9582 4749 5565 5074 
9583 4796 5130 3587 
9584 3552 5007 3218 
9585 112 5033 113 
9586 4571 5607 3648 
9587 114 5032 115 
9588 2788 4996 2795 
9589 4281 5430 3738 
9590 3809 5151 3807 
9591 3222 5000 3226 
9592 4785 5711 2563 
9593 3880 4813 131 
9594 130 4812 3880 
9595 3137 3138 3136 
9596 3973 5510 3974 
9597 4002 4591 4590 
9598 104 3496 105 
9599 111 5051 112 
9600 4493 5715 4494 
9601 3012 3232 3011 
9602 2896 5846 2898 
9603 2980 5381 5123 
9604 98 3506 99 
9605 3232 3614 3613 
9606 109 5048 110 
9607 3218 5007 3220 
9608 110 3462 111 
9609 3346 3347 3233 
9610 99 5045 100 
9611 5092 5387 3788 
9612 3857 5127 3856 
9613 115 5043 116 
9614 4530 5886 3693 
9615 4779 5695 3153 
9616 4999 5568 4865 
9617 5040 5679 3698 
9618 5670 5783 4268 
9619 97 5046 98 
9620 121 5027 122 
9621 3704 4008 3705 
9622 3396 4987 3392 
9623 4941 4964 2675 
9624 14 5697 537 
9625 4496 5835 4890 
9626 5130 5293 3587 
9627 3939 4320 3882 
9628 5135 5251 3301 
9629 5038 5392 3975 
9630 151 5120 3841 
9631 3993 5039 3958 
9632 3344 5002 3416 
9633 3140 3143 3142 
9634 4321 5088 3882 
9635 2618 5331 4688 
9636 5042 5616 4750 
9637 92 3629 93 
9638 3016 3019 3014 
9639 4505 5389 4995 
9640 4004 5633 4502 
9641 2801 5047 2803 
9642 102 5066 103 
9643 108 5062 109 
9644 3458 5057 3399 
9645 3 4934 125 
9646 87 3517 88 
9647 5177 5291 5179 
9648 3401 3448 3343 
9649 4014 4015 4013 
9650 116 3421 117 
9651 4007 4446 4006 
9652 3804 4939 3800 
9653 100 5067 101 
9654 3500 3502 3501 
9655 223 4103 224 
9656 2733 5519 3172 
9657 3336 5396 4868 
9658 3359 3702 3701 
9659 4214 4215 3884 
9660 2772 4992 2770 
9661 3545 4002 3916 
9662 96 5052 97 
9663 4896 5469 2566 
9664 4696 5737 2659 
9665 227 4105 228 
9666 2848 3320 2827 
9667 3137 3233 3138 
9668 4892 5499 3822 
9669 3919 5161 4925 
9670 2659 5757 4696 
9671 3932 5250 3381 
9672 214 5096 215 
9673 94 5071 95 
9674 3947 5299 3948 
9675 2968 5561 3046 
9676 4908 5713 4566 
9677 5110 5411 4203 
9678 198 2564 199 
9679 107 2557 108 
9680 5327 5673 3358 
9681 88 5055 89 
9682 2894 2895 2893 
9683 4707 5535 4083 
9684 4011 4014 4013 
9685 216 5098 217 
9686 3024 3047 3021 
9687 5064 5541 4255 
9688 3112 3113 3081 
9689 86 5054 87 
9690 204 2568 205 
9691 101 2562 102 
9692 3828 4810 4809 
9693 4408 5837 4104 
9694 175 4914 3815 
9695 157 5322 158 
9696 3109 3111 3057 
9697 3720 5292 5186 
9698 3565 5260 3527 
9699 4398 5580 4400 
9700 4748 5406 2606 
9701 4164 4498 4154 
9702 2896 2897 2895 
9703 4097 5479 3966 
9704 210 2565 211 
9705 95 2558 96 
9706 2898 2899 2897 
9707 2910 5458 2909 
9708 4428 5522 3976 
9709 413 5279 412 
9710 2900 2901 2899 
9711 3638 5038 3240 
9712 2902 2903 2901 
9713 4081 4276 4080 
9714 4231 5311 4228 
9715 4570 5393 3972 
9716 4054 5619 4576 
9717 5548 5655 400 
9718 4831 5320 3207 
9719 2679 5003 3246 
9720 3128 3131 3130 
9721 2904 2905 2903 
9722 3357 3358 3190 
9723 5345 5346 3953 
9724 122 3348 123 
9725 3046 5561 4772 
9726 3867 5148 3866 
9727 4150 4153 4148 
9728 3612 5057 3458 
9729 4010 5903 4876 
9730 3945 5281 4881 
9731 3098 3127 3125 
9732 2906 2914 2905 
9733 2562 5067 5025 
9734 2923 5107 2924 
9735 3864 3885 3860 
9736 234 3167 1 
9737 4005 5602 3621 
9738 4774 5877 3346 
9739 3154 4950 4949 
9740 5084 5157 4060 
9741 5233 5236 5232 
9742 3820 4826 4825 
9743 4008 4622 4009 
9744 4444 5869 3163 
9745 91 5053 92 
9746 3315 5038 3975 
9747 4788 5163 4866 
9748 3841 5137 4822 
9749 2641 5674 2643 
9750 4429 5539 5324 
9751 3595 5020 3640 
9752 4144 4663 4141 
9753 2915 2966 2914 
9754 4867 5123 4783 
9755 2796 5875 2794 
9756 2683 5150 2685 
9757 4639 5740 4189 
9758 4201 5867 4037 
9759 4296 5870 5043 
9760 89 5097 90 
9761 3838 5365 4658 
9762 3491 3493 3492 
9763 78 3913 79 
9764 5241 5286 5285 
9765 4864 5163 3644 
9766 3270 5317 3273 
9767 3794 4914 174 
9768 3342 5002 3344 
9769 3344 3416 3402 
9770 4200 5384 5108 
9771 82 3912 83 
9772 4190 5248 4110 
9773 2606 5406 4761 
9774 3739 5114 3740 
9775 3882 5088 3826 
9776 2966 5117 3041 
9777 3135 3137 3136 
9778 465 5304 464 
9779 3673 5721 3407 
9780 3240 5038 3238 
9781 4783 5123 4085 
9782 4020 4092 4090 
9783 3438 3568 3357 
9784 4028 5267 4548 
9785 4351 5374 5161 
9786 4171 5446 4890 
9787 4865 5568 2746 
9788 4 2946 2945 
9789 4137 4139 4135 
9790 4700 5773 3962 
9791 3116 5571 4905 
9792 3554 5317 3271 
9793 5608 5906 4077 
9794 4046 5251 4063 
9795 3689 5068 4081 
9796 4833 5352 5077 
9797 3133 3135 3134 
9798 4957 5578 3691 
9799 2548 5424 178 
9800 3699 3700 3382 
9801 2934 5075 2938 
9802 2870 5536 2866 
9803 3238 5038 3315 
9804 136 5452 2550 
9805 2980 5123 4867 
9806 3887 5394 3886 
9807 3416 3418 3417 
9808 4654 5314 4653 
9809 3926 5161 3919 
9810 3131 3133 3132 
9811 5063 5541 5064 
9812 5352 5447 4383 
9813 2565 5363 5072 
9814 4079 5827 4158 
9815 5140 5445 4511 
9816 2705 5146 4976 
9817 5358 5632 5187 
9818 4462 5777 5306 
9819 3406 3408 3407 
9820 3383 3699 3382 
9821 4837 5562 2907 
9822 77 5078 78 
9823 5467 5495 3952 
9824 3467 4178 3787 
9825 4187 5301 3960 
9826 2918 5047 2801 
9827 3230 3357 3190 
9828 4922 4923 4405 
9829 3922 5276 4991 
9830 4180 4260 3746 
9831 3084 3190 3082 
9832 222 5058 223 
9833 2878 5822 2873 
9834 3399 5057 4913 
9835 90 2571 91 
9836 215 2570 216 
9837 3876 4044 3874 
9838 4175 5276 3922 
9839 4677 5143 2811 
9840 3080 3081 3042 
9841 4511 5574 4218 
9842 224 5059 225 
9843 3105 5034 2767 
9844 2820 5411 5110 
9845 5574 5728 4218 
9846 226 5132 227 
9847 85 5065 86 
9848 4133 4134 4131 
9849 2959 5764 4849 
9850 3127 4993 3128 
9851 4014 4017 4015 
9852 3927 5268 4855 
9853 4076 4891 3333 
9854 127 4954 4811 
9855 5025 5823 4342 
9856 3420 3423 3422 
9857 2712 5609 2971 
9858 3037 3082 3036 
9859 5564 5677 4049 
9860 3207 5320 4862 
9861 4644 5302 3959 
9862 3699 4020 3700 
9863 4127 4140 4124 
9864 4654 5824 5616 
9865 3418 3420 3419 
9866 4987 5385 3395 
9867 5486 5487 4524 
9868 5044 5322 157 
9869 3153 5695 4663 
9870 4818 4989 3873 
9871 3587 5293 4844 
9872 2797 5095 2799 
9873 3769 5155 3619 
9874 3962 5725 4700 
9875 4204 5502 4572 
9876 4368 5450 5449 
9877 4529 5899 3043 
9878 4107 5248 4106 
9879 2996 5104 2994 
9880 5206 5209 5207 
9881 4648 5656 4246 
9882 3080 3112 3081 
9883 123 5141 124 
9884 4626 5545 5087 
9885 2992 5093 2990 
9886 83 5081 84 
9887 203 5389 204 
9888 2962 3036 2961 
9889 5480 5765 4706 
9890 2795 4996 3443 
9891 2764 5696 2743 
9892 5179 5225 5177 
9893 3896 5244 3530 
9894 4383 5447 4384 
9895 5616 5824 4751 
9896 79 5079 80 
9897 5099 5371 2740 
9898 4100 5504 3349 
9899 4792 5854 4027 
9900 3886 4189 3878 
9901 81 5082 82 
9902 2644 4999 2789 
9903 4828 5289 3756 
9904 3041 3042 2967 
9905 396 5532 395 
9906 233 5076 234 
9907 5578 5607 4571 
9908 2636 5133 3610 
9909 4179 4191 4119 
9910 2605 5480 4706 
9911 3064 3097 3065 
9912 2818 5110 2830 
9913 4791 5779 4216 
9914 4759 5658 4223 
9915 3331 3333 3332 
9916 2551 5500 171 
9917 3885 5127 3860 
9918 4167 5370 4166 
9919 2554 5466 4660 
9920 3034 3064 3035 
9921 3571 5172 3979 
9922 4587 5557 4777 
9923 3064 3331 3097 
9924 2964 5300 2950 
9925 76 5089 77 
9926 5622 5741 4174 
9927 5456 5628 3496 
9928 2997 5895 3040 
9929 4855 5277 4229 
9930 2642 5074 2640 
9931 3613 5124 3011 
9932 4578 5902 5828 
9933 4768 5386 3863 
9934 4610 5677 3328 
9935 5683 5841 4526 
9936 4082 5332 4083 
9937 5275 5722 5590 
9938 2725 5146 2705 
9939 4094 5134 4096 
9940 4067 5779 4791 
9941 2615 5527 5400 
9942 2806 5706 2805 
9943 3082 3083 3036 
9944 2632 5246 3969 
9945 4044 5148 3874 
9946 3070 5146 2725 
9947 3002 5125 3000 
9948 4467 5857 5334 
9949 3812 5151 3809 
9950 401 5548 400 
9951 4061 5792 4649 
9952 2960 3034 2964 
9953 2615 5400 498 
9954 4117 4119 4114 
9955 4306 5761 4303 
9956 3822 5499 3817 
9957 3266 5288 3265 
9958 2966 2967 2914 
9959 5660 5849 4525 
9960 4510 5720 4066 
9961 2575 5702 4597 
9962 2924 5122 2926 
9963 4271 5455 3984 
9964 228 5367 229 
9965 3787 4163 3647 
9966 220 5416 221 
9967 2951 5333 2962 
9968 3008 5124 3006 
9969 5157 5267 4028 
9970 3167 4928 3359 
9971 3251 5313 3579 
9972 3880 4814 4813 
9973 3763 5557 4880 
9974 5160 5444 3644 
9975 4046 5341 5251 
9976 4074 5663 5011 
9977 3443 5095 2797 
9978 5144 5376 5086 
9979 4881 5281 3385 
9980 2974 5107 2923 
9981 4575 5312 4077 
9982 2652 5111 2650 
9983 3358 5335 5327 
9984 3999 5334 4810 
9985 4732 5904 2627 
9986 2811 5143 2813 
9987 2966 3041 2967 
9988 5025 5868 2562 
9989 4734 5316 3463 
9990 4420 5386 5294 
9991 2547 5800 4812 
9992 3041 3080 3042 
9993 5330 5630 4322 
9994 3482 5355 3774 
9995 4634 5396 4635 
9996 2612 5603 4589 
9997 4036 5385 3946 
9998 4254 5780 4256 
9999 4862 5320 3894 
10000 84 2559 85 
10001 221 2566 222 
10002 2762 5672 2780 
10003 3153 5586 4776 
10004 4845 5738 4118 
10005 3136 5865 3134 
10006 4373 5746 4370 
10007 2561 5427 4924 
10008 4566 5724 4194 
10009 5425 5710 5296 
10010 4569 5715 2809 
10011 2891 2959 2889 
10012 80 2582 81 
10013 225 2583 226 
10014 4664 5341 4046 
10015 4527 5472 4330 
10016 3036 5171 2961 
10017 5594 5785 4379 
10018 3909 5681 4181 
10019 3385 5281 3479 
10020 3059 4954 126 
10021 2830 5110 3589 
10022 2930 5325 2932 
10023 5314 5616 5042 
10024 2936 5075 2934 
10025 230 2567 231 
10026 75 2560 76 
10027 5404 5536 4621 
10028 5246 5247 3969 
10029 4896 5742 5469 
10030 180 4969 2947 
10031 2799 5095 2918 
10032 3014 5147 3012 
10033 124 3342 3 
10034 3034 5342 5091 
10035 4928 4929 3702 
10036 5109 5479 4097 
10037 5107 5122 2924 
10038 231 5145 232 
10039 4112 4190 4110 
10040 4486 5356 5121 
10041 5000 5313 3226 
10042 2726 5907 5769 
10043 2946 2949 2948 
10044 4922 5425 4923 
10045 410 5372 409 
10046 4573 5640 4795 
10047 3147 3152 3149 
10048 5153 5710 4222 
10049 5125 5344 4346 
10050 3938 5347 3945 
10051 3151 3354 3156 
10052 4319 5877 4774 
10053 232 3370 233 
10054 4809 5334 2545 
10055 5331 5546 4688 
10056 5595 5647 4472 
10057 2656 5136 2654 
10058 2926 5122 2976 
10059 2949 2951 2950 
10060 2951 2961 2960 
10061 2638 5133 2636 
10062 3746 5020 3595 
10063 2951 2960 2950 
10064 4216 5779 3642 
10065 3645 5142 3438 
10066 4183 4294 4031 
10067 3135 5423 4774 
10068 5236 5579 3671 
10069 3694 5460 4686 
10070 3467 3647 3424 
10071 4487 5550 4434 
10072 5268 5277 4855 
10073 3962 5773 4053 
10074 2932 5325 2936 
10075 2845 5390 2790 
10076 4276 5750 4080 
10077 3226 5313 3251 
10078 2945 4946 182 
10079 5241 5729 2602 
10080 2949 2950 2948 
10081 2820 5110 2818 
10082 3640 5020 4245 
10083 5273 5592 4269 
10084 5070 5363 2565 
10085 3818 5849 4422 
10086 5049 5050 3462 
10087 3946 5385 4987 
10088 4120 4179 4119 
10089 3278 5604 4854 
10090 4518 4567 3071 
10091 3944 5114 3739 
10092 4064 5477 5371 
10093 3842 5488 4007 
10094 5073 5174 3321 
10095 3618 5348 4024 
10096 2903 2907 2901 
10097 2938 5075 3267 
10098 3126 5164 190 
10099 3901 5828 5819 
10100 5506 5672 2823 
10101 4889 5692 3265 
10102 3512 3513 3510 
10103 3408 3410 3409 
10104 2946 2948 2945 
10105 4303 5543 4095 
10106 3873 5452 135 
10107 4307 5498 4304 
10108 4313 5070 5069 
10109 5216 5475 5202 
10110 5041 5314 5042 
10111 189 4956 3126 
10112 5141 5663 5002 
10113 2813 5143 2820 
10114 4825 5349 2577 
10115 3516 3518 3514 
10116 3548 3897 3896 
10117 5313 5534 3579 
10118 5161 5374 3484 
10119 3154 4949 196 
10120 4548 5453 4549 
10121 3272 5383 4697 
10122 3536 5314 5041 
10123 4711 5544 4710 
10124 4269 5592 5501 
10125 4930 5149 3702 
10126 3571 5877 5172 
10127 3443 5414 5023 
10128 3724 5156 3662 
10129 5264 5265 4363 
10130 3636 5704 4838 
10131 4475 5797 4307 
10132 4022 5352 4833 
10133 5691 5731 4019 
10134 5208 5698 5211 
10135 5419 5562 4837 
10136 74 5138 75 
10137 4644 5470 5431 
10138 5085 5086 3492 
10139 3788 5387 4073 
10140 3159 3162 3161 
10141 3271 5317 3270 
10142 178 5424 179 
10143 2629 5879 5028 
10144 5151 5488 3842 
10145 4621 5455 5404 
10146 3131 4993 3476 
10147 4444 5863 4179 
10148 183 4946 3309 
10149 2740 5371 2745 
10150 5227 5234 5228 
10151 3616 5155 3618 
10152 3931 5817 4045 
10153 5449 5860 4368 
10154 2994 5104 3099 
10155 4397 5684 4182 
10156 5144 5666 5376 
10157 5087 5545 2717 
10158 3128 4993 3131 
10159 4663 5586 3153 
10160 4159 5615 5115 
10161 3331 3332 3097 
10162 3662 5156 3661 
10163 3138 5170 3140 
10164 3757 5398 3782 
10165 3169 3192 3191 
10166 3555 5522 3556 
10167 4287 5608 5078 
10168 3264 5104 2996 
10169 496 5496 2576 
10170 4352 5678 2908 
10171 4184 5470 4183 
10172 3309 4972 184 
10173 3099 5093 2992 
10174 4802 5508 3937 
10175 2897 2917 2895 
10176 2990 5093 4765 
10177 3505 3507 3502 
10178 3484 5374 3485 
10179 392 5834 2574 
10180 3012 5147 3232 
10181 388 5410 387 
10182 4624 5782 5545 
10183 2871 5822 4894 
10184 2647 5807 5366 
10185 191 5164 5031 
10186 5024 5553 4206 
10187 410 5577 5372 
10188 2789 5074 2642 
10189 3410 3412 3411 
10190 4213 5399 4212 
10191 3956 5406 4177 
10192 4348 5589 5477 
10193 5063 5064 3501 
10194 3233 5170 3138 
10195 188 5012 4956 
10196 3559 3600 3599 
10197 179 5424 4969 
10198 2661 5757 2659 
10199 5010 5011 5009 
10200 5022 5380 2737 
10201 2976 5405 2928 
10202 4183 5470 5301 
10203 3422 3424 3419 
10204 4232 5712 4908 
10205 3994 5526 3923 
10206 3249 5858 4937 
10207 4059 4946 2945 
10208 5481 5482 4444 
10209 5414 5908 3965 
10210 4009 5129 4011 
10211 3738 5430 3549 
10212 2698 5858 3249 
10213 4095 5639 4093 
10214 4208 5025 5024 
10215 3495 3503 3493 
10216 3500 3501 3498 
10217 5408 5903 4010 
10218 5384 5461 3090 
10219 4972 4973 185 
10220 4179 4289 4191 
10221 4108 5742 4896 
10222 4580 5443 4416 
10223 4081 5646 4277 
10224 2659 5737 2658 
10225 2728 5136 2656 
10226 173 5465 3794 
10227 2812 5701 2815 
10228 4850 5725 3962 
10229 5247 5625 2591 
10230 3972 5393 4411 
10231 3782 5544 4762 
10232 2726 5769 4801 
10233 2640 5074 3245 
10234 4096 5134 4305 
10235 3039 5125 3002 
10236 4275 5492 4054 
10237 5630 5871 4322 
10238 3814 5669 4958 
10239 3438 5142 3568 
10240 4550 5294 4768 
10241 3011 5124 3008 
10242 3382 5288 3266 
10243 3764 5829 4298 
10244 4894 5822 4562 
10245 2922 5384 3028 
10246 3041 5117 3279 
10247 3852 5165 3849 
10248 3412 3414 3413 
10249 4063 5251 5135 
10250 4891 5422 3951 
10251 103 5456 104 
10252 2837 5360 4673 
10253 5309 5425 2 
10254 2578 5796 4983 
10255 5221 5753 5259 
10256 4129 5264 4127 
10257 5074 5565 3245 
10258 3436 3649 3423 
10259 4045 5817 4918 
10260 5111 5112 2746 
10261 4520 5596 3094 
10262 3491 3492 3461 
10263 2836 5162 2839 
10264 4570 5859 3120 
10265 3545 3915 3507 
10266 5001 5375 4139 
10267 4740 5363 4366 
10268 4857 5381 2980 
10269 18 2603 19 
10270 31 2601 32 
10271 24 2602 25 
10272 52 2596 53 
10273 38 2600 39 
10274 45 2599 46 
10275 66 2598 67 
10276 59 2597 60 
10277 5254 5695 4779 
10278 4024 5348 4027 
10279 3328 5564 4266 
10280 3740 5615 4622 
10281 3918 5624 4078 
10282 4634 5547 5396 
10283 4787 5748 5429 
10284 32 5218 33 
10285 4481 5546 3997 
10286 2650 5111 2746 
10287 2845 5530 5390 
10288 4967 5409 4048 
10289 3576 5168 4180 
10290 3958 5151 3812 
10291 2839 5162 2965 
10292 73 5152 74 
10293 3439 5168 3576 
10294 4567 5117 3071 
10295 3049 5825 5354 
10296 201 4994 4126 
10297 53 5189 54 
10298 44 5474 45 
10299 3414 3543 3415 
10300 4540 5731 5691 
10301 30 5226 31 
10302 4071 5813 4841 
10303 2862 5404 2875 
10304 4834 5581 4904 
10305 25 5237 26 
10306 51 5242 52 
10307 2947 4948 181 
10308 37 5240 38 
10309 46 5215 47 
10310 135 5452 136 
10311 3467 5435 4178 
10312 2787 5762 2783 
10313 4208 5823 5025 
10314 5010 5829 5442 
10315 33 5245 34 
10316 3700 5288 3382 
10317 4679 5653 4195 
10318 4797 5168 3439 
10319 3836 5252 3834 
10320 5501 5592 5196 
10321 2576 5277 5268 
10322 3916 4945 3915 
10323 5016 5813 4071 
10324 36 5258 37 
10325 43 5204 44 
10326 4022 5447 5352 
10327 42 5255 43 
10328 34 5259 35 
10329 4207 5297 4208 
10330 23 5241 24 
10331 19 5217 20 
10332 47 5262 48 
10333 41 5199 42 
10334 4874 5480 4173 
10335 5353 5830 4443 
10336 29 5220 30 
10337 5694 5740 3108 
10338 5193 5448 5195 
10339 60 5180 61 
10340 4669 5806 4438 
10341 4163 5426 5354 
10342 4806 5287 3820 
10343 3074 5831 4590 
10344 4949 5061 197 
10345 35 3992 36 
10346 26 5270 27 
10347 5178 5321 5266 
10348 50 5191 51 
10349 3528 5554 3526 
10350 3816 5499 3993 
10351 54 5249 55 
10352 49 5263 50 
10353 48 3604 49 
10354 3419 5357 3417 
10355 4506 5908 5414 
10356 4126 4995 202 
10357 3523 3524 3521 
10358 28 5269 29 
10359 4622 5129 4009 
10360 58 5188 59 
10361 4863 5534 4248 
10362 4568 5440 4314 
10363 2552 5815 5304 
10364 55 5271 56 
10365 3851 5744 147 
10366 2611 5850 4918 
10367 5577 5838 4350 
10368 4436 5902 4578 
10369 2563 5012 187 
10370 67 5175 68 
10371 57 5274 58 
10372 4225 5563 5549 
10373 4897 5162 2836 
10374 3531 3654 3548 
10375 3975 5392 4423 
10376 65 5225 66 
10377 27 3990 28 
10378 4873 5817 3933 
10379 4810 5334 4809 
10380 3112 5571 3113 
10381 2737 5380 2731 
10382 56 3598 57 
10383 186 4973 2563 
10384 4135 5375 4134 
10385 3847 5278 3845 
10386 4936 5858 2700 
10387 4443 5649 4993 
10388 4141 5253 4137 
10389 20 5283 21 
10390 22 5286 23 
10391 4393 5649 4443 
10392 4034 5723 4036 
10393 5118 5319 4264 
10394 3019 5147 3014 
10395 2870 5552 5536 
10396 3519 3520 3518 
10397 4758 5794 2569 
10398 3140 5170 3143 
10399 3508 3545 3507 
10400 2731 5380 3070 
10401 4248 5534 5313 
10402 61 5292 62 
10403 3654 5707 5026 
10404 3910 5862 3833 
10405 4401 5580 4398 
10406 4777 5557 3763 
10407 4002 4590 3916 
10408 3619 5155 3616 
10409 4898 5403 3929 
10410 200 5060 4994 
10411 4674 5700 3345 
10412 207 5004 4118 
10413 3661 5156 4283 
10414 4118 5318 208 
10415 3627 5523 3996 
10416 4300 5142 3645 
10417 4937 5858 4936 
10418 4178 4315 3787 
10419 3502 5063 3501 
10420 2579 5739 5120 
10421 3937 5508 4951 
10422 4675 5652 5527 
10423 4838 5514 5126 
10424 21 3672 22 
10425 3514 5377 3513 
10426 3543 4051 3544 
10427 3030 5282 3024 
10428 5303 5533 4489 
10429 4463 5910 3957 
10430 4324 5771 4323 
10431 3884 5252 3836 
10432 5155 5348 3618 
10433 4983 5796 4349 
10434 3890 5434 3892 
10435 4053 5412 4839 
10436 62 3720 63 
10437 3308 5111 2652 
10438 4011 5129 4014 
10439 5227 5228 5223 
10440 63 5290 64 
10441 2570 5457 4933 
10442 528 5463 527 
10443 2634 5246 2632 
10444 64 5177 65 
10445 3870 5165 3852 
10446 3018 5303 3016 
10447 3706 5459 4236 
10448 4246 5656 4247 
10449 3535 5635 3516 
10450 4794 5725 3761 
10451 3858 5747 5294 
10452 3949 5438 4353 
10453 192 5031 2569 
10454 4650 5735 4265 
10455 3493 5085 3492 
10456 4006 5395 3806 
10457 5305 5418 4461 
10458 2685 5892 4645 
10459 4727 5622 5381 
10460 5229 5804 5754 
10461 125 4934 3059 
10462 72 3566 73 
10463 3933 5743 4873 
10464 4842 5813 3556 
10465 4266 5578 4571 
10466 4901 5889 3532 
10467 4051 5685 3544 
10468 4826 5349 4825 
10469 3520 3749 3518 
10470 172 5465 173 
10471 3868 5278 3847 
10472 209 5318 5069 
10473 4914 5323 3815 
10474 5167 5673 4367 
10475 4038 5506 4652 
10476 3467 3787 3647 
10477 4015 5154 4055 
10478 5274 5763 5182 
10479 2863 5509 2865 
10480 4996 5414 3443 
10481 4098 5809 5478 
10482 4070 5892 5150 
10483 3004 5428 3039 
10484 3418 3419 3417 
10485 2654 5136 3308 
10486 3040 5895 4322 
10487 2807 5714 4677 
10488 4115 5017 213 
10489 3326 3765 3456 
10490 218 5014 3263 
10491 3849 5165 3868 
10492 5015 5856 3943 
10493 3048 5908 4506 
10494 3395 5385 3655 
10495 5406 5898 4761 
10496 4199 5461 4200 
10497 4139 5375 4135 
10498 4649 5897 4061 
10499 2586 5656 4648 
10500 3195 5627 3193 
10501 3806 5395 3804 
10502 3088 5444 3278 
10503 3420 3422 3419 
10504 2928 5405 2930 
10505 3531 3548 3530 
10506 2556 5009 120 
10507 4183 5301 4294 
10508 2947 5166 4948 
10509 4418 5599 5587 
10510 3954 5626 4975 
10511 3142 5391 3145 
10512 3834 5252 4944 
10513 4774 5423 4492 
10514 4227 5444 5160 
10515 3866 5295 3864 
10516 3245 5133 2638 
10517 4754 5708 4204 
10518 3167 5076 4928 
10519 4326 5764 5420 
10520 4786 5531 4787 
10521 2584 5805 5399 
10522 3899 5767 3611 
10523 4645 5891 2685 
10524 17 5239 18 
10525 3006 5428 3004 
10526 2646 5568 4999 
10527 5356 5883 2757 
10528 3402 3688 3401 
10529 5442 5745 4074 
10530 4791 5859 4067 
10531 4995 5389 203 
10532 3194 3195 3193 
10533 2948 5300 4059 
10534 3087 5666 5144 
10535 4302 5819 5789 
10536 68 5266 69 
10537 4584 5538 4585 
10538 3986 5477 4064 
10539 3263 5013 219 
10540 5580 5696 4400 
10541 5512 5816 5260 
10542 3165 3350 3169 
10543 4968 5789 3244 
10544 2909 5458 2940 
10545 4342 5823 4239 
10546 69 5321 70 
10547 5311 5604 3278 
10548 3098 5353 3127 
10549 5303 5306 3019 
10550 3416 3417 3402 
10551 212 5072 4115 
10552 4700 5725 4794 
10553 3845 5278 4932 
10554 4675 5527 2615 
10555 4887 5524 3918 
10556 3947 5606 5299 
10557 171 5500 172 
10558 3024 5282 3047 
10559 70 3719 71 
10560 2550 5417 4820 
10561 2662 5799 2664 
10562 4848 5447 4022 
10563 5187 5402 5291 
10564 3820 5287 4826 
10565 5690 5808 4263 
10566 2587 5535 4707 
10567 2889 5329 2848 
10568 3192 3194 3193 
10569 5434 5485 3892 
10570 4621 5552 4620 
10571 4959 5369 2916 
10572 3358 5359 3190 
10573 3344 3401 3343 
10574 4752 5908 3048 
10575 4635 5652 4675 
10576 4515 5894 4463 
10577 4807 5365 3838 
10578 3039 5344 5125 
10579 3565 5512 5260 
10580 3523 3525 3524 
10581 3901 5819 4302 
10582 4939 5395 4940 
10583 5337 5661 4529 
10584 3097 5353 3098 
10585 2668 5832 2670 
10586 3143 5391 3142 
10587 5017 5096 214 
10588 5259 5753 3992 
10589 3545 3916 3915 
10590 5253 5254 4139 
10591 5674 5843 4188 
10592 4498 5471 4154 
10593 4403 4406 4405 
10594 5192 5273 5272 
10595 198 5061 2564 
10596 113 5033 2561 
10597 5060 5094 4994 
10598 5821 5884 2557 
10599 5102 5396 3336 
10600 2561 5032 114 
10601 3943 5856 5172 
10602 2998 5588 3264 
10603 4731 5904 4732 
10604 4526 5841 4339 
10605 5009 5027 121 
10606 3083 5171 3036 
10607 3016 5303 3019 
10608 4636 5547 4634 
10609 4185 5601 3697 
10610 4066 5517 4065 
10611 3897 5319 4543 
10612 3422 3467 3424 
10613 3192 3486 3194 
10614 2564 5060 199 
10615 3598 5763 5274 
10616 3804 5395 4939 
10617 217 5098 5014 
10618 3670 5653 4679 
10619 3892 5485 4481 
10620 4420 5747 4419 
10621 4981 5575 3909 
10622 4929 4930 3702 
10623 4017 5154 4015 
10624 210 5069 2565 
10625 4073 5874 4739 
10626 105 5503 106 
10627 2930 5405 5325 
10628 3915 5541 5063 
10629 4114 5326 4112 
10630 4191 5326 4119 
10631 3878 5328 3876 
10632 112 5051 5033 
10633 5447 5727 4384 
10634 4323 5771 5162 
10635 4688 5546 2588 
10636 3342 3343 3 
10637 4848 5727 5447 
10638 3556 5813 5016 
10639 4654 5616 5314 
10640 5032 5043 115 
10641 3702 5149 3701 
10642 2746 5568 2648 
10643 4272 5738 4845 
10644 3462 5051 111 
10645 2921 5530 2845 
10646 3610 5246 2634 
10647 3506 5045 99 
10648 98 5046 3506 
10649 110 5048 3462 
10650 2621 5479 5109 
10651 4543 5319 5118 
10652 3344 3402 3401 
10653 3954 4301 3456 
10654 5116 5702 2575 
10655 4808 5669 3814 
10656 3451 5787 3276 
10657 5050 5051 3462 
10658 3691 5409 4967 
10659 109 5062 5048 
10660 3863 5386 4815 
10661 4433 5521 4432 
10662 3864 5295 3885 
10663 4036 5539 5385 
10664 5045 5067 100 
10665 116 5043 3421 
10666 2565 5072 211 
10667 4137 5253 4139 
10668 4080 5528 3668 
10669 4304 5498 4306 
10670 97 5052 5046 
10671 3342 5141 5002 
10672 4913 5418 4035 
10673 193 5497 194 
10674 5124 5428 3006 
10675 4413 5510 3973 
10676 5162 5771 2965 
10677 4185 5613 5601 
10678 4160 5356 3711 
10679 5316 5573 4630 
10680 204 5389 2568 
10681 5126 5514 2905 
10682 2557 5062 108 
10683 5499 5871 3993 
10684 4964 5910 2686 
10685 3360 5333 2949 
10686 4158 5322 5044 
10687 5023 5414 3965 
10688 3517 5055 88 
10689 2571 5243 5053 
10690 4663 5253 4141 
10691 3977 5887 5018 
10692 2562 5066 102 
10693 5139 5593 5140 
10694 87 5054 3517 
10695 5195 5197 5196 
10696 101 5067 2562 
10697 4750 5616 4751 
10698 4662 5861 2958 
10699 5222 5224 5221 
10700 3424 5357 3419 
10701 3600 3602 3601 
10702 3966 5479 4392 
10703 122 5027 3348 
10704 3956 5898 5406 
10705 4661 5623 2616 
10706 2870 5676 5552 
10707 3817 5499 3816 
10708 3518 5377 3514 
10709 4635 5396 5102 
10710 2558 5052 96 
10711 2895 5378 2893 
10712 5043 5870 3421 
10713 4891 5611 3333 
10714 4918 5817 4873 
10715 2739 5519 2733 
10716 2585 5610 4720 
10717 4694 5820 2585 
10718 5069 5070 2565 
10719 95 5071 2558 
10720 4031 5394 3887 
10721 4977 4979 4978 
10722 5193 5195 5194 
10723 4357 5375 5001 
10724 4927 5847 4279 
10725 511 5644 4712 
10726 5381 5622 4084 
10727 3949 5602 5438 
10728 4127 5264 4140 
10729 4719 5855 4202 
10730 3639 5507 4004 
10731 4274 5891 4645 
10732 4714 5777 4462 
10733 5011 5027 5009 
10734 4006 5752 5395 
10735 4585 5557 4587 
10736 5174 5515 4362 
10737 5484 5659 4440 
10738 3342 3344 3343 
10739 4140 5482 5481 
10740 5182 5185 5183 
10741 2848 5329 3320 
10742 92 5053 3629 
10743 4911 5792 4061 
10744 205 5566 206 
10745 4186 5558 4185 
10746 4934 4935 3059 
10747 411 5577 410 
10748 3047 5533 3021 
10749 5285 5729 5241 
10750 4172 5446 4171 
10751 4247 5569 4057 
10752 3913 5312 5079 
10753 5531 5748 4787 
10754 2950 5300 2948 
10755 3526 3533 3524 
10756 3357 5335 3358 
10757 3521 5473 3520 
10758 5294 5386 4768 
10759 5013 5416 220 
10760 4312 5505 4930 
10761 4271 5524 5455 
10762 4764 5766 3982 
10763 3231 5683 4508 
10764 482 5576 481 
10765 5139 5791 3486 
10766 3958 5488 5151 
10767 3507 5063 3502 
10768 5055 5097 89 
10769 4601 5769 4599 
10770 4816 5472 2551 
10771 5137 5614 4822 
10772 5348 5848 4027 
10773 4072 4977 3686 
10774 4092 5768 4090 
10775 4305 5620 4347 
10776 5094 5759 5732 
10777 5103 5884 4244 
10778 5458 5561 2940 
10779 4199 5560 5461 
10780 3732 5897 4649 
10781 4677 5714 4209 
10782 4189 5328 3878 
10783 4083 5535 4039 
10784 5426 5846 2896 
10785 5010 5442 5011 
10786 5277 5496 4317 
10787 3476 5423 3133 
10788 16 5401 17 
10789 5219 5811 5223 
10790 3568 5335 3357 
10791 5184 5187 5186 
10792 4420 5642 5386 
10793 4909 5779 4067 
10794 4036 5723 5361 
10795 4722 5640 2594 
10796 5086 5382 3492 
10797 4280 5489 5020 
10798 4027 5854 4026 
10799 5184 5186 5181 
10800 4065 5379 3699 
10801 5057 5418 4913 
10802 5219 5221 5218 
10803 2949 5333 2951 
10804 3876 5328 4044 
10805 3687 5705 4504 
10806 223 5058 4103 
10807 5219 5223 5222 
10808 4231 5604 5311 
10809 206 5566 5004 
10810 5295 5364 3885 
10811 3664 5901 3724 
10812 3133 5423 3135 
10813 530 5605 529 
10814 4103 5059 224 
10815 215 5096 2570 
10816 5069 5318 4313 
10817 227 5132 4105 
10818 4256 5780 5144 
10819 4154 5471 4153 
10820 4298 5872 4565 
10821 2866 5536 2864 
10822 2569 5497 193 
10823 2596 5193 5190 
10824 2570 5098 216 
10825 5524 5624 3918 
10826 3530 5244 3528 
10827 3503 5085 3493 
10828 3687 4504 4412 
10829 3326 5585 3765 
10830 4813 5796 2578 
10831 4812 5800 4442 
10832 86 5065 5054 
10833 4105 5367 228 
10834 5190 5192 5189 
10835 5455 5524 2875 
10836 104 5456 3496 
10837 5030 5786 4008 
10838 118 5567 119 
10839 3510 5343 3508 
10840 4563 5624 4271 
10841 5220 5234 5227 
10842 3578 5490 4966 
10843 3080 5583 3112 
10844 2597 5182 5181 
10845 3654 5169 3548 
10846 5198 5261 3603 
10847 172 5500 5465 
10848 4478 5628 5456 
10849 2 5296 72 
10850 3326 3380 3195 
10851 5385 5539 3655 
10852 5699 5754 3991 
10853 5066 5456 103 
10854 3145 5483 3147 
10855 5273 5840 5185 
10856 5171 5342 2961 
10857 5284 5285 3672 
10858 4308 5478 4310 
10859 2571 5053 91 
10860 78 5078 3913 
10861 2940 5561 2968 
10862 3938 5700 5347 
10863 5083 5586 4144 
10864 3548 5169 3897 
10865 4729 5645 385 
10866 2556 5010 5009 
10867 3993 5630 5039 
10868 5183 5184 5181 
10869 90 5097 2571 
10870 415 5643 4730 
10871 3558 5650 5261 
10872 3348 5141 123 
10873 2628 5708 4767 
10874 3156 5368 3159 
10875 4951 5508 4744 
10876 40 5572 41 
10877 4084 5622 3680 
10878 4878 5907 2726 
10879 3781 5451 5073 
10880 119 5567 2556 
10881 4162 5820 4694 
10882 4200 5461 5384 
10883 3765 3954 3456 
10884 5181 5186 5180 
10885 3923 5526 4175 
10886 234 5076 3167 
10887 3699 5379 4020 
10888 3915 5063 3507 
10889 4379 5785 5675 
10890 4279 5847 5487 
10891 4966 5490 4665 
10892 4164 5718 4498 
10893 3147 5483 3152 
10894 3332 5353 3097 
10895 4222 4920 3971 
10896 5064 5373 3501 
10897 5125 5588 3000 
10898 3190 5359 3082 
10899 5048 5049 3462 
10900 3913 5079 79 
10901 3265 5692 3109 
10902 3912 5081 83 
10903 3508 5343 3545 
10904 4193 5457 5096 
10905 82 5082 3912 
10906 3111 5734 3057 
10907 4041 5603 4290 
10908 4124 5481 4122 
10909 3579 5534 3721 
10910 3498 5373 3495 
10911 5769 5907 4599 
10912 4974 5887 3977 
10913 3520 4368 3749 
10914 4751 5824 2823 
10915 4929 5631 4861 
10916 4196 5687 3608 
10917 4829 5664 4703 
10918 4295 5687 5040 
10919 5291 5402 5179 
10920 3976 5522 3555 
10921 3496 5503 105 
10922 4186 5657 5558 
10923 2557 5103 5062 
10924 4529 5661 5252 
10925 4863 5731 5534 
10926 4212 5805 4725 
10927 4737 5491 5490 
10928 3123 5646 5362 
10929 2717 5545 4882 
10930 4074 5745 3418 
10931 4362 5610 4360 
10932 3461 5382 3436 
10933 5228 5230 5229 
10934 4126 5433 4995 
10935 2961 5342 2960 
10936 93 5634 94 
10937 2960 5342 3034 
10938 2568 5566 205 
10939 2917 5378 2895 
10940 3854 5774 3870 
10941 4119 5326 4114 
10942 2602 5729 5238 
10943 2962 5594 3037 
10944 2715 5609 2712 
10945 4035 5418 5305 
10946 5129 5615 4159 
10947 2959 5329 2889 
10948 4484 5681 4275 
10949 4980 5464 3961 
10950 4280 5873 5689 
10951 4065 5517 5454 
10952 3621 5602 3949 
10953 2766 5589 4853 
10954 5039 5488 3958 
10955 4112 5326 4190 
10956 2598 5179 5176 
10957 4984 5492 2707 
10958 3517 5119 5055 
10959 4061 5573 3940 
10960 77 5089 5078 
10961 2648 5568 2646 
10962 5236 5388 3961 
10963 3828 5776 4810 
10964 3529 3531 3530 
10965 5036 5643 512 
10966 5028 5644 455 
10967 5206 5207 5203 
10968 4892 5871 5499 
10969 480 5645 5029 
10970 4140 5481 4124 
10971 3789 4456 3534 
10972 4044 5440 5148 
10973 4020 5651 4092 
10974 3998 5476 4849 
10975 3354 5368 3156 
10976 5312 5608 4077 
10977 1 5397 15 
10978 4868 5547 3444 
10979 4294 5394 4031 
10980 493 5730 492 
10981 3082 5359 3083 
10982 4638 5839 4636 
10983 4918 5850 4045 
10984 3659 5668 3547 
10985 2875 5524 4887 
10986 3151 5407 3354 
10987 3113 5571 3116 
10988 3320 5638 2827 
10989 3161 5421 3165 
10990 4075 5772 5167 
10991 5058 5415 4103 
10992 4094 5854 5134 
10993 4947 5716 4382 
10994 3149 5407 3151 
10995 4052 5511 5092 
10996 221 5416 2566 
10997 5285 5286 3672 
10998 2907 5562 2901 
10999 3698 5679 3780 
11000 4202 5606 3947 
11001 2566 5058 222 
11002 3159 5368 3162 
11003 4173 5629 4097 
11004 2576 5496 5277 
11005 4940 5752 3025 
11006 2559 5065 85 
11007 5492 5575 2707 
11008 4045 5850 4246 
11009 3445 5741 4727 
11010 3655 5539 4429 
11011 4591 5860 5449 
11012 225 5059 2583 
11013 4999 5432 2789 
11014 2554 5727 5466 
11015 5357 5441 3417 
11016 4247 5664 5569 
11017 2583 5132 226 
11018 3529 3530 3528 
11019 4362 5515 5173 
11020 3605 3941 3602 
11021 5395 5752 4940 
11022 3629 5634 93 
11023 15 3442 16 
11024 5296 5710 3566 
11025 3610 5795 4886 
11026 2617 5773 4700 
11027 3194 3326 3195 
11028 5120 5739 4482 
11029 2596 5242 5193 
11030 84 5081 2559 
11031 5754 5804 3991 
11032 4903 5560 4199 
11033 94 5634 5071 
11034 3749 5377 3518 
11035 4146 5836 4391 
11036 5213 5340 5210 
11037 4706 5765 4830 
11038 5221 5245 5218 
11039 4880 5657 4186 
11040 3940 5573 5316 
11041 5334 5857 2545 
11042 80 5079 2582 
11043 4599 5907 4600 
11044 2582 5082 81 
11045 2597 5188 5182 
11046 4068 5565 4749 
11047 4590 5831 4258 
11048 5026 5690 5169 
11049 4169 4516 4051 
11050 124 5141 3342 
11051 4916 5516 4931 
11052 5192 5249 5189 
11053 3597 5783 5501 
11054 4217 5728 5484 
11055 5220 5269 5234 
11056 4710 5544 5398 
11057 3021 5533 3018 
11058 5201 5467 5198 
11059 3954 4975 4301 
11060 5347 5700 4674 
11061 3527 3529 3528 
11062 5247 5532 3969 
11063 5176 5178 5175 
11064 3421 5756 117 
11065 2598 5225 5179 
11066 3649 5435 3423 
11067 3120 5859 4791 
11068 5349 5826 2577 
11069 4226 5709 4281 
11070 5853 5906 4287 
11071 2560 5089 76 
11072 3370 5076 233 
11073 3167 3168 1 
11074 5534 5731 3721 
11075 3565 5893 5582 
11076 5282 5436 3047 
11077 3000 5588 2998 
11078 4301 5559 3456 
11079 3668 5528 3666 
11080 5391 5483 3145 
11081 4931 5516 3552 
11082 5477 5589 2766 
11083 5257 5758 2917 
11084 4065 5454 5379 
11085 5118 5583 3279 
11086 3018 5533 5303 
11087 4106 5504 4100 
11088 3326 3456 3380 
11089 107 5821 2557 
11090 3423 5435 3422 
11091 4402 5307 4403 
11092 4727 5741 5622 
11093 5186 5292 5180 
11094 3441 3686 3168 
11095 71 5309 2 
11096 3359 3701 3441 
11097 3152 5407 3149 
11098 3163 5863 4444 
11099 2903 5514 2907 
11100 5549 5563 2919 
11101 4379 5801 5594 
11102 5547 5839 3444 
11103 4963 5549 2919 
11104 4019 5731 4863 
11105 5483 5659 3152 
11106 5443 5744 3851 
11107 3787 5426 4163 
11108 5544 5879 4762 
11109 4752 5584 3899 
11110 5020 5489 4245 
11111 4762 5879 2629 
11112 4622 5615 5129 
11113 5610 5820 4360 
11114 3939 5661 5337 
11115 147 5744 148 
11116 2546 5587 4821 
11117 5575 5681 3909 
11118 2827 5638 2817 
11119 5182 5763 5185 
11120 5300 5429 4059 
11121 4841 5813 4842 
11122 5294 5747 4420 
11123 3525 3527 3526 
11124 2707 5575 4981 
11125 4353 5555 5332 
11126 2823 5672 2762 
11127 3162 5421 3161 
11128 2893 5420 2891 
11129 5224 5753 5221 
11130 3406 3953 3408 
11131 2567 5145 231 
11132 2743 5696 2744 
11133 5431 5470 4184 
11134 4806 5857 5287 
11135 3934 5765 4874 
11136 4686 5460 5336 
11137 5223 5811 5227 
11138 4222 4921 4920 
11139 4392 5691 4019 
11140 232 5145 3370 
11141 5590 5722 4404 
11142 3982 5766 5315 
11143 3513 5343 3510 
11144 4494 5848 5348 
11145 4134 5852 4131 
11146 4278 5807 3944 
11147 4175 5702 5116 
11148 4886 5795 4069 
11149 2905 5514 2903 
11150 4275 5575 5492 
11151 3527 3528 3526 
11152 2899 5419 2897 
11153 3605 4900 3941 
11154 4541 5633 4466 
11155 4834 5709 5581 
11156 3167 3359 3168 
11157 4244 5884 4593 
11158 2897 5419 2917 
11159 4037 5867 5336 
11160 4329 5716 4947 
11161 5325 5405 4201 
11162 3495 5373 3503 
11163 2919 5563 4916 
11164 2609 5808 5690 
11165 4118 5738 5318 
11166 4786 4973 4972 
11167 4008 5786 4622 
11168 4819 5598 2580 
11169 3996 5523 4207 
11170 5421 5445 3350 
11171 3543 4169 4051 
11172 4985 5839 4638 
11173 4249 5770 5415 
11174 4822 5614 2549 
11175 75 5138 2560 
11176 5010 5872 4298 
11177 2891 5420 2959 
11178 4561 5788 4560 
11179 3525 3526 3524 
11180 3412 3683 3414 
11181 5732 5759 4286 
11182 5404 5455 2875 
11183 5017 5680 4193 
11184 3759 5898 3956 
11185 229 5749 230 
11186 5073 5515 5174 
11187 4945 5541 3915 
11188 3531 5889 3654 
11189 5253 5695 5254 
11190 4266 5564 5409 
11191 4636 5839 5547 
11192 4916 5563 5516 
11193 4830 5765 3934 
11194 3430 5613 5558 
11195 3533 5473 3524 
11196 5343 5760 4002 
11197 3436 5382 3649 
11198 4342 5868 5025 
11199 4307 5797 5498 
11200 117 5756 118 
11201 5033 5427 2561 
11202 5386 5642 4815 
11203 2744 5696 5580 
11204 3527 5260 3529 
11205 3721 5731 4540 
11206 3992 5753 5340 
11207 3279 5583 3080 
11208 3524 5473 3521 
11209 3231 5841 5683 
11210 3019 5777 5147 
11211 2585 5820 5610 
11212 3687 4072 3686 
11213 4938 5664 4829 
11214 3501 5373 3498 
11215 5265 5852 4134 
11216 3566 5710 5153 
11217 3030 5734 5282 
11218 4271 5624 5524 
11219 5232 5235 5230 
11220 5272 5763 3598 
11221 5066 5868 4478 
11222 3025 5766 4940 
11223 5367 5749 229 
11224 4663 5695 5253 
11225 3492 5382 3461 
11226 4144 5586 4663 
11227 5178 5266 5175 
11228 4854 5604 5102 
11229 5323 5719 3815 
11230 5490 5491 4665 
11231 4815 5642 2546 
11232 4129 5852 5264 
11233 4593 5884 5821 
11234 2658 5737 2769 
11235 5089 5736 4287 
11236 4821 5599 3851 
11237 3600 3605 3602 
11238 3346 5877 3571 
11239 4161 5614 5137 
11240 5004 5566 4846 
11241 4823 5637 2548 
11242 4894 5676 2870 
11243 5184 5358 5187 
11244 5536 5552 4621 
11245 5252 5661 4944 
11246 4412 5338 4072 
11247 4886 5625 5247 
11248 4403 5307 4406 
11249 2873 5822 2871 
11250 5039 5630 3038 
11251 4288 5815 4777 
11252 4265 5735 4538 
11253 5264 5852 5265 
11254 3965 5908 4752 
11255 5195 5196 5194 
11256 3544 5685 3559 
11257 4360 5820 4162 
11258 5219 5222 5221 
11259 5150 5892 2685 
11260 5347 5802 3945 
11261 3761 5725 4850 
11262 4882 5782 3175 
11263 4712 5644 5028 
11264 3249 5619 4984 
11265 4047 5707 4789 
11266 3165 5421 3350 
11267 3944 5807 5056 
11268 2901 5562 2899 
11269 5228 5229 5223 
11270 230 5749 2567 
11271 2711 5757 2661 
11272 4904 5581 4963 
11273 5193 5194 5190 
11274 5703 5866 5686 
11275 5301 5470 3960 
11276 2749 5900 3048 
11277 5147 5777 4714 
11278 5154 5667 4055 
11279 4211 5905 4288 
11280 106 5821 107 
11281 4169 5548 4516 
11282 5029 5645 4729 
11283 74 5152 5138 
11284 2965 5771 2975 
11285 5165 5513 3868 
11286 4257 5792 4911 
11287 4449 5723 4034 
11288 5059 5462 2583 
11289 5417 5693 4820 
11290 4730 5643 5036 
11291 5094 5732 4157 
11292 5104 5543 3099 
11293 3359 3441 3168 
11294 4350 5838 4351 
11295 4956 5556 3126 
11296 4429 5700 3938 
11297 5244 5554 3528 
11298 5182 5183 5181 
11299 4923 5425 5309 
11300 4170 5678 4172 
11301 5275 5590 5178 
11302 5287 5857 4467 
11303 4697 5856 5015 
11304 5465 5500 4528 
11305 4698 5667 5658 
11306 5528 5750 4473 
11307 3586 5887 4974 
11308 4315 5426 3787 
11309 4832 5714 2807 
11310 4994 5468 4126 
11311 5322 5827 2581 
11312 5284 5388 5285 
11313 3532 5816 5307 
11314 5183 5520 5184 
11315 3933 5817 3931 
11316 3333 5611 3332 
11317 3152 5484 5407 
11318 39 5810 40 
11319 5378 5420 2893 
11320 5094 5468 4994 
11321 3402 5441 3688 
11322 5134 5854 4792 
11323 5550 5638 3320 
11324 5429 5748 4059 
11325 3611 5767 3612 
11326 2947 5864 5166 
11327 2601 5218 32 
11328 5451 5515 5073 
11329 5415 5469 4250 
11330 5366 5807 4278 
11331 2596 5189 53 
11332 45 5474 2599 
11333 31 5226 2601 
11334 2602 5237 25 
11335 52 5242 2596 
11336 3897 5648 5319 
11337 2556 5872 5010 
11338 38 5240 2600 
11339 2599 5215 46 
11340 4943 5743 3933 
11341 4166 5718 4164 
11342 4017 5843 5154 
11343 3192 5525 3486 
11344 24 5241 2602 
11345 2603 5217 19 
11346 2546 5642 5587 
11347 5218 5245 33 
11348 2597 5180 60 
11349 2609 5690 5026 
11350 3422 5435 3467 
11351 4239 5717 4237 
11352 5361 5723 3091 
11353 5204 5474 44 
11354 3109 5692 3111 
11355 59 5188 2597 
11356 5301 5540 4294 
11357 37 5258 5240 
11358 5220 5226 30 
11359 2598 5175 67 
11360 5215 5262 47 
11361 5189 5249 54 
11362 4711 5879 5544 
11363 5245 5259 34 
11364 66 5225 2598 
11365 5237 5270 26 
11366 5191 5242 51 
11367 4346 5588 5125 
11368 4067 5859 4570 
11369 43 5255 5204 
11370 5545 5782 4882 
11371 5046 5553 3506 
11372 5199 5255 42 
11373 5503 5821 106 
11374 3992 5258 36 
11375 35 5259 3992 
11376 5587 5599 4821 
11377 4055 5667 4698 
11378 48 5262 3604 
11379 50 5263 5191 
11380 29 5269 5220 
11381 3604 5263 49 
11382 3487 5505 5478 
11383 4984 5619 5492 
11384 5249 5271 55 
11385 23 5286 5241 
11386 5217 5283 20 
11387 27 5270 3990 
11388 5332 5555 4083 
11389 58 5274 5188 
11390 2700 5858 2698 
11391 3990 5269 28 
11392 5180 5292 61 
11393 56 5271 3598 
11394 4944 5661 3939 
11395 3598 5274 57 
11396 4441 5659 5483 
11397 5485 5641 4481 
11398 5398 5544 3782 
11399 3559 5685 3600 
11400 3328 5677 5564 
11401 5008 5841 3231 
11402 3971 5582 3789 
11403 5096 5457 2570 
11404 5071 5634 4986 
11405 3520 5473 4368 
11406 4446 5752 4006 
11407 3417 5441 3402 
11408 3566 5152 73 
11409 118 5756 5567 
11410 3330 5797 4741 
11411 5042 5883 4160 
11412 21 5283 3672 
11413 3672 5286 22 
11414 3994 5890 5526 
11415 5378 5758 4326 
11416 5282 5734 4579 
11417 3687 4412 4072 
11418 4946 5748 3309 
11419 5177 5225 65 
11420 4975 5733 2630 
11421 3276 5787 3554 
11422 62 5292 3720 
11423 18 5239 2603 
11424 3309 5531 4972 
11425 4820 5693 3862 
11426 2630 5621 4975 
11427 5476 5550 3320 
11428 5712 5713 4908 
11429 4478 5456 5066 
11430 5140 5593 5445 
11431 5528 5901 3666 
11432 5184 5520 5358 
11433 3332 5830 5353 
11434 4456 5893 3525 
11435 4982 5890 3994 
11436 5304 5815 4288 
11437 3720 5290 63 
11438 3642 5779 4909 
11439 3057 5734 3030 
11440 4979 5464 4980 
11441 5026 5707 4047 
11442 64 5290 5177 
11443 5445 5593 3350 
11444 5413 5899 4215 
11445 2899 5562 5419 
11446 4090 5768 4170 
11447 3038 5630 5330 
11448 4126 5468 5433 
11449 5175 5266 68 
11450 537 5697 5159 
11451 3444 5839 4985 
11452 3856 5774 3854 
11453 4698 5658 4759 
11454 5543 5761 3099 
11455 5156 5595 4283 
11456 5138 5570 2560 
11457 41 5572 5199 
11458 4338 5798 4336 
11459 4269 5840 5273 
11460 4940 5766 4764 
11461 3441 3687 3686 
11462 5489 5625 4245 
11463 4179 5863 4289 
11464 4202 5855 5606 
11465 5029 5844 2626 
11466 5176 5275 5178 
11467 5315 5766 3025 
11468 5209 5618 5207 
11469 3815 5719 4823 
11470 4275 5681 5575 
11471 4195 5653 4908 
11472 4504 5627 4412 
11473 4339 5841 5008 
11474 5060 5759 5094 
11475 4026 5854 4094 
11476 4190 5662 5248 
11477 2577 5826 4808 
11478 4377 5801 4379 
11479 5068 5646 4081 
11480 5449 5450 4517 
11481 4044 5694 5440 
11482 5658 5885 4223 
11483 3566 5153 5152 
11484 4170 5768 5678 
11485 5203 5494 5201 
11486 4160 5883 5356 
11487 4814 5796 4813 
11488 5134 5620 4305 
11489 4214 5793 4215 
11490 4235 5551 5103 
11491 3372 5786 5030 
11492 3380 5559 3406 
11493 5318 5738 4313 
11494 5409 5564 4048 
11495 4402 5308 5307 
11496 2627 5904 5036 
11497 2545 5857 4806 
11498 2600 5810 39 
11499 2601 5219 5218 
11500 5498 5797 3330 
11501 5266 5321 69 
11502 4245 5625 4886 
11503 4260 5873 4280 
11504 5199 5256 5255 
11505 5492 5619 4054 
11506 3992 5340 5258 
11507 4824 5776 3828 
11508 2596 5190 5189 
11509 4169 5655 5548 
11510 3666 5901 3664 
11511 3568 5600 5335 
11512 70 5321 3719 
11513 5351 5637 4376 
11514 5220 5227 5226 
11515 5263 5448 5191 
11516 5369 5874 4073 
11517 4823 5719 5637 
11518 4351 5838 5280 
11519 5495 5751 3952 
11520 4580 5744 5443 
11521 5648 5690 4263 
11522 5420 5764 2959 
11523 4518 5554 5244 
11524 5271 5272 3598 
11525 2597 5181 5180 
11526 5620 5701 4347 
11527 4215 5899 4529 
11528 5133 5795 3610 
11529 4537 5583 5118 
11530 4131 5852 4129 
11531 5270 5437 3990 
11532 2602 5238 5237 
11533 3134 5865 4779 
11534 3431 5657 5538 
11535 4963 5581 5549 
11536 4819 5814 5598 
11537 3169 5525 3192 
11538 5309 5310 4923 
11539 4441 5483 5391 
11540 5487 5847 3554 
11541 5368 5574 3162 
11542 3358 5673 5359 
11543 5061 5636 2564 
11544 3350 5525 3169 
11545 5132 5617 4105 
11546 5336 5867 2976 
11547 5062 5551 5048 
11548 4188 5843 4017 
11549 2711 5902 5757 
11550 5283 5284 3672 
11551 3405 5721 5338 
11552 5198 5467 5261 
11553 5399 5805 4212 
11554 5290 5291 5177 
11555 5145 5631 3370 
11556 2598 5176 5175 
11557 5306 5777 3019 
11558 5678 5768 2908 
11559 2591 5625 5489 
11560 3862 5814 4819 
11561 4157 5468 5094 
11562 5235 5726 3989 
11563 5803 5880 3991 
11564 5169 5648 3897 
11565 4322 5871 4892 
11566 2685 5891 5003 
11567 5376 5666 4178 
11568 5207 5495 5494 
11569 5048 5551 5049 
11570 4267 5745 5442 
11571 3532 5889 3531 
11572 5626 5733 4975 
11573 5377 5760 3513 
11574 5502 5708 2628 
11575 5103 5551 5062 
11576 17 5401 5239 
11577 4289 5755 4191 
11578 5239 5401 4978 
11579 5297 5823 4208 
11580 72 5296 3566 
11581 2581 5827 5493 
11582 3584 5880 5803 
11583 3143 5903 5408 
11584 3913 5608 5312 
11585 2603 5686 5217 
11586 2976 5867 5405 
11587 4080 5750 5528 
11588 5834 5873 4260 
11589 2686 5894 4968 
11590 4178 5666 4315 
11591 4187 5540 5301 
11592 4076 5842 4891 
11593 3456 5559 3380 
11594 4322 5895 5330 
11595 4059 5748 4946 
11596 2 5425 5296 
11597 4115 5680 5017 
11598 5493 5827 4079 
11599 3350 5593 5525 
11600 5478 5809 3487 
11601 3554 5847 5317 
11602 4993 5649 3476 
11603 40 5810 5572 
11604 4198 5693 5417 
11605 4040 5722 5275 
11606 3600 5685 3605 
11607 4972 5531 4786 
11608 2563 5711 5012 
11609 5415 5770 4103 
11610 3099 5761 5093 
11611 5280 5838 2595 
11612 5437 5909 5234 
11613 3486 5585 3194 
11614 5328 5694 4044 
11615 5693 5814 3862 
11616 4891 5842 5422 
11617 5190 5591 5192 
11618 5658 5667 2942 
11619 4473 5901 5528 
11620 5243 5633 4541 
11621 5331 5905 4211 
11622 4922 5710 5425 
11623 2823 5824 5506 
11624 4597 5702 5526 
11625 5201 5494 5467 
11626 5549 5581 4226 
11627 5154 5843 4341 
11628 5379 5651 4020 
11629 5262 5698 3604 
11630 4378 5675 5166 
11631 4920 5582 3971 
11632 2558 5682 5052 
11633 3517 5812 5119 
11634 3152 5659 5484 
11635 5078 5608 3913 
11636 5558 5613 4185 
11637 5256 5665 5205 
11638 5119 5818 5055 
11639 3245 5688 5133 
11640 5581 5709 4226 
11641 4303 5761 5543 
11642 5462 5837 4408 
11643 5065 5712 5054 
11644 4194 5724 5439 
11645 2618 5905 5331 
11646 2564 5759 5060 
11647 3406 5559 3953 
11648 5207 5494 5203 
11649 3194 5585 3326 
11650 4969 5864 2947 
11651 4204 5708 5502 
11652 2714 5802 5347 
11653 4410 5791 5139 
11654 3719 5309 71 
11655 5185 5670 5183 
11656 5526 5702 4175 
11657 4103 5770 5059 
11658 5576 5697 481 
11659 5345 5778 5346 
11660 5059 5770 5462 
11661 4422 5849 5660 
11662 4253 5869 5482 
11663 5307 5816 4406 
11664 5238 5729 5233 
11665 4980 5703 5686 
11666 2557 5884 5103 
11667 3083 5772 5171 
11668 2815 5701 5620 
11669 3543 5654 4169 
11670 5567 5872 2556 
11671 5637 5719 4376 
11672 3442 5401 16 
11673 3789 5582 4456 
11674 5144 5780 3087 
11675 5736 5853 4287 
11676 2559 5713 5065 
11677 5654 5655 4169 
11678 5598 5814 4431 
11679 4876 5903 5170 
11680 5169 5690 5648 
11681 5212 5845 5206 
11682 5529 5801 4377 
11683 5618 5880 3584 
11684 5234 5909 5228 
11685 4487 5638 5550 
11686 5192 5591 5273 
11687 5054 5812 3517 
11688 5422 5842 4340 
11689 5636 5759 2564 
11690 5411 5784 4203 
11691 3414 5654 3543 
11692 5464 5579 3961 
11693 3513 5760 5343 
11694 3360 5785 5333 
11695 3903 5874 5369 
11696 5179 5878 5176 
11697 5565 5688 3245 
11698 5317 5847 4927 
11699 5338 5721 3673 
11700 4961 5749 5367 
11701 4808 5826 5669 
11702 4593 5821 5503 
11703 4158 5827 5322 
11704 4239 5823 5297 
11705 5223 5754 5222 
11706 15 5397 3442 
11707 5454 5825 5379 
11708 4040 5781 5722 
11709 2562 5868 5066 
11710 5194 5591 5190 
11711 5055 5818 5097 
11712 5693 5851 5814 
11713 5170 5903 3143 
11714 5207 5618 5495 
11715 5567 5756 4565 
11716 3970 5906 5853 
11717 3309 5748 5531 
11718 5441 5720 3688 
11719 5284 5703 5388 
11720 5489 5689 2591 
11721 5572 5665 5199 
11722 5196 5592 5194 
11723 2560 5736 5089 
11724 4069 5795 5688 
11725 3719 5310 5309 
11726 5213 5845 5212 
11727 2626 5844 5629 
11728 3701 5705 3441 
11729 3993 5871 5630 
11730 5194 5592 5591 
11731 5185 5840 5670 
11732 2942 5885 5658 
11733 3486 5791 5585 
11734 3683 5654 3414 
11735 2917 5758 5378 
11736 5405 5867 4201 
11737 5459 5790 4242 
11738 3603 5650 5501 
11739 4565 5872 5567 
11740 5526 5890 4597 
11741 5584 5806 3899 
11742 5402 5878 5179 
11743 5284 5866 5703 
11744 5183 5670 5520 
11745 4569 5848 5715 
11746 5570 5736 2560 
11747 5261 5467 3952 
11748 5611 5830 3332 
11749 4280 5689 5489 
11750 5199 5665 5256 
11751 5712 5812 5054 
11752 5065 5713 5712 
11753 5469 5742 4250 
11754 5229 5754 5223 
11755 5402 5632 4040 
11756 4221 5853 5570 
11757 3717 5632 5358 
11758 5176 5878 5275 
11759 5208 5833 5698 
11760 5688 5795 5133 
11761 5379 5825 5651 
11762 3673 5579 5464 
11763 5669 5826 4387 
11764 3441 5705 3687 
11765 4315 5846 5426 
11766 4061 5897 5573 
11767 4259 5830 5611 
11768 5632 5781 4040 
11769 3085 5801 5529 
11770 5675 5785 3360 
11771 5209 5880 5618 
11772 5715 5848 4494 
11773 3991 5804 5803 
11774 4286 5759 5636 
11775 5210 5845 5213 
11776 4368 5860 3749 
11777 5214 5665 5572 
11778 5226 5811 2601 
11779 2601 5811 5219 
11780 5227 5811 5226 
11781 5501 5650 3597 
11782 5263 5833 5448 
11783 3604 5833 5263 
11784 5261 5876 3558 
11785 5388 5703 3961 
11786 2631 5733 5626 
11787 5733 5881 2630 
11788 2625 5778 5345 
11789 5462 5770 4249 
11790 5217 5866 5283 
11791 3952 5876 5261 
11792 5275 5878 4040 
11793 5570 5853 5736 
11794 5283 5866 5284 
11795 5881 5882 2630 
11796 5442 5829 4267 
11797 4249 5837 5462 
11798 5698 5833 3604 
11799 4221 5888 5853 
11800 4198 5851 5693 
11801 5686 5866 5217 
11802 5520 5670 4268 
11803 3717 5781 5632 
11804 5651 5825 3049 
11805 5572 5810 5214 
11806 5582 5893 4456 
11807 5231 5909 5437 
11808 5814 5851 4431 
11809 5699 5880 5209 
11810 4232 5812 5712 
11811 4040 5878 5402 
11812 2631 5881 5733 
11813 2608 5882 5881 
11814 5722 5781 3718 
11815 3991 5880 5699 
11816 5803 5804 3989 
11817 5853 5888 3970 
11818 5239 5686 2603 
11819 2609 5026 4047 
11820 3720 5291 5290 
11821 5152 5570 5138 
11822 5238 5270 5237 
$EndElements
