$MeshFormat
2.2 0 8
$EndMeshFormat
$PhysicalNames
7
1 3 "left"
1 4 "bottom"
1 5 "right"
1 6 "top"
1 7 "wall"
2 1 "ground"
2 2 "concrete"
$EndPhysicalNames
$Nodes
3278
1 -11 0 0
2 11 0 0
3 11 -35 0
4 -11 -35 0
5 -1 -2 0
6 1 -2 0
7 1 -4 0
8 -1 -4 0
9 -0.8 -2.2 0
10 0.8 -2.2 0
11 0.8 -3.8 0
12 -0.8 -3.8 0
13 -11 -0.9999999999971422 0
14 -11 -1.999999999994025 0
15 -11 -2.999999999990895 0
16 -11 -3.999999999987764 0
17 -11 -4.99999999998463 0
18 -11 -5.999999999981499 0
19 -11 -6.999999999978367 0
20 -11 -7.999999999975144 0
21 -11 -8.999999999969736 0
22 -11 -9.99999999996407 0
23 -11 -10.9999999999584 0
24 -11 -11.99999999995274 0
25 -11 -12.99999999994707 0
26 -11 -13.99999999994141 0
27 -11 -14.99999999993574 0
28 -11 -15.99999999993007 0
29 -11 -16.99999999992441 0
30 -11 -17.99999999992382 0
31 -11 -18.9999999999283 0
32 -11 -19.99999999993278 0
33 -11 -20.99999999993726 0
34 -11 -21.99999999994174 0
35 -11 -22.99999999994623 0
36 -11 -23.99999999995071 0
37 -11 -24.99999999995518 0
38 -11 -25.99999999995967 0
39 -11 -26.99999999996415 0
40 -11 -27.99999999996863 0
41 -11 -28.99999999997311 0
42 -11 -29.99999999997759 0
43 -11 -30.99999999998207 0
44 -11 -31.99999999998655 0
45 -11 -32.99999999999103 0
46 -11 -33.99999999999552 0
47 -10.00000000000404 -35 0
48 -9.000000000008075 -35 0
49 -8.000000000012115 -35 0
50 -7.000000000016152 -35 0
51 -6.000000000020187 -35 0
52 -5.000000000024222 -35 0
53 -4.000000000028257 -35 0
54 -3.000000000032294 -35 0
55 -2.000000000036328 -35 0
56 -1.000000000040364 -35 0
57 -4.405364961712621e-11 -35 0
58 0.9999999999596376 -35 0
59 1.999999999963674 -35 0
60 2.999999999967708 -35 0
61 3.999999999971743 -35 0
62 4.999999999975781 -35 0
63 5.999999999979821 -35 0
64 6.999999999983856 -35 0
65 7.999999999987889 -35 0
66 8.999999999991928 -35 0
67 9.999999999995964 -35 0
68 11 -33.99999999999576 0
69 11 -32.99999999999152 0
70 11 -31.99999999998862 0
71 11 -30.99999999999449 0
72 11 -30.0000000000004 0
73 11 -29.00000000000631 0
74 11 -28.00000000001222 0
75 11 -27.00000000001813 0
76 11 -26.00000000002403 0
77 11 -25.00000000002994 0
78 11 -24.00000000003585 0
79 11 -23.00000000004175 0
80 11 -22.00000000004766 0
81 11 -21.00000000005356 0
82 11 -20.00000000005947 0
83 11 -19.00000000006537 0
84 11 -18.00000000007128 0
85 11 -17.00000000007211 0
86 11 -16.00000000006787 0
87 11 -15.00000000006362 0
88 11 -14.00000000005938 0
89 11 -13.00000000005515 0
90 11 -12.0000000000509 0
91 11 -11.00000000004666 0
92 11 -10.00000000004242 0
93 11 -9.000000000038174 0
94 11 -8.000000000033932 0
95 11 -7.000000000029694 0
96 11 -6.000000000025452 0
97 11 -5.00000000002121 0
98 11 -4.000000000016968 0
99 11 -3.000000000012722 0
100 11 -2.000000000008477 0
101 11 -1.000000000004242 0
102 10.00000000000404 0 0
103 9.000000000008075 0 0
104 8.000000000012115 0 0
105 7.000000000016152 0 0
106 6.000000000020187 0 0
107 5.000000000024222 0 0
108 4.000000000028257 0 0
109 3.000000000032294 0 0
110 2.000000000036328 0 0
111 1.000000000040364 0 0
112 4.405364961712621e-11 0 0
113 -0.9999999999596376 0 0
114 -1.999999999963674 0 0
115 -2.999999999967708 0 0
116 -3.999999999971743 0 0
117 -4.999999999975781 0 0
118 -5.999999999979821 0 0
119 -6.999999999983856 0 0
120 -7.999999999987889 0 0
121 -8.999999999991928 0 0
122 -9.999999999995964 0 0
123 1 -2.05 0
124 1 -2.1 0
125 1 -2.149999999999999 0
126 1 -2.2 0
127 1 -2.25 0
128 1 -2.299999999999999 0
129 1 -2.349999999999999 0
130 1 -2.399999999999999 0
131 1 -2.449999999999999 0
132 1 -2.499999999999999 0
133 1 -2.549999999999999 0
134 1 -2.599999999999999 0
135 1 -2.649999999999999 0
136 1 -2.699999999999999 0
137 1 -2.749999999999999 0
138 1 -2.799999999999999 0
139 1 -2.85 0
140 1 -2.899999999999999 0
141 1 -2.949999999999999 0
142 1 -3 0
143 1 -3.05 0
144 1 -3.1 0
145 1 -3.149999999999999 0
146 1 -3.2 0
147 1 -3.25 0
148 1 -3.3 0
149 1 -3.35 0
150 1 -3.399999999999999 0
151 1 -3.45 0
152 1 -3.5 0
153 1 -3.55 0
154 1 -3.6 0
155 1 -3.65 0
156 1 -3.7 0
157 1 -3.75 0
158 1 -3.8 0
159 1 -3.85 0
160 1 -3.9 0
161 1 -3.95 0
162 0.9500000000001386 -4 0
163 0.9000000000002774 -4 0
164 0.850000000000416 -4 0
165 0.8000000000005547 -4 0
166 0.7500000000006934 -4 0
167 0.7000000000008322 -4 0
168 0.6500000000009709 -4 0
169 0.6000000000011096 -4 0
170 0.5500000000012482 -4 0
171 0.500000000001387 -4 0
172 0.4500000000015257 -4 0
173 0.4000000000016644 -4 0
174 0.3500000000018031 -4 0
175 0.3000000000019418 -4 0
176 0.2500000000020806 -4 0
177 0.2000000000022192 -4 0
178 0.1500000000023578 -4 0
179 0.1000000000024964 -4 0
180 0.05000000000263527 -4 0
181 2.752242878045763e-12 -4 0
182 -0.04999999999736482 -4 0
183 -0.09999999999750342 -4 0
184 -0.149999999997642 -4 0
185 -0.1999999999977808 -4 0
186 -0.2499999999979194 -4 0
187 -0.2999999999980583 -4 0
188 -0.3499999999981969 -4 0
189 -0.3999999999983355 -4 0
190 -0.4499999999984743 -4 0
191 -0.4999999999986129 -4 0
192 -0.5499999999987515 -4 0
193 -0.5999999999988903 -4 0
194 -0.6499999999990291 -4 0
195 -0.699999999999168 -4 0
196 -0.7499999999993066 -4 0
197 -0.7999999999994454 -4 0
198 -0.849999999999584 -4 0
199 -0.8999999999997226 -4 0
200 -0.9499999999998614 -4 0
201 -1 -3.95 0
202 -1 -3.9 0
203 -1 -3.850000000000001 0
204 -1 -3.8 0
205 -1 -3.75 0
206 -1 -3.700000000000001 0
207 -1 -3.650000000000001 0
208 -1 -3.600000000000001 0
209 -1 -3.550000000000001 0
210 -1 -3.500000000000001 0
211 -1 -3.450000000000001 0
212 -1 -3.400000000000001 0
213 -1 -3.350000000000001 0
214 -1 -3.300000000000001 0
215 -1 -3.250000000000001 0
216 -1 -3.200000000000001 0
217 -1 -3.15 0
218 -1 -3.100000000000001 0
219 -1 -3.050000000000001 0
220 -1 -3 0
221 -1 -2.95 0
222 -1 -2.9 0
223 -1 -2.850000000000001 0
224 -1 -2.8 0
225 -1 -2.75 0
226 -1 -2.7 0
227 -1 -2.65 0
228 -1 -2.600000000000001 0
229 -1 -2.55 0
230 -1 -2.5 0
231 -1 -2.45 0
232 -1 -2.4 0
233 -1 -2.35 0
234 -1 -2.3 0
235 -1 -2.25 0
236 -1 -2.2 0
237 -1 -2.15 0
238 -1 -2.1 0
239 -1 -2.05 0
240 -0.9500000000001386 -2 0
241 -0.9000000000002774 -2 0
242 -0.850000000000416 -2 0
243 -0.8000000000005547 -2 0
244 -0.7500000000006934 -2 0
245 -0.7000000000008322 -2 0
246 -0.6500000000009709 -2 0
247 -0.6000000000011096 -2 0
248 -0.5500000000012482 -2 0
249 -0.500000000001387 -2 0
250 -0.4500000000015257 -2 0
251 -0.4000000000016644 -2 0
252 -0.3500000000018031 -2 0
253 -0.3000000000019418 -2 0
254 -0.2500000000020806 -2 0
255 -0.2000000000022192 -2 0
256 -0.1500000000023578 -2 0
257 -0.1000000000024964 -2 0
258 -0.05000000000263527 -2 0
259 -2.752242878045763e-12 -2 0
260 0.04999999999736482 -2 0
261 0.09999999999750342 -2 0
262 0.149999999997642 -2 0
263 0.1999999999977808 -2 0
264 0.2499999999979194 -2 0
265 0.2999999999980583 -2 0
266 0.3499999999981969 -2 0
267 0.3999999999983355 -2 0
268 0.4499999999984743 -2 0
269 0.4999999999986129 -2 0
270 0.5499999999987515 -2 0
271 0.5999999999988903 -2 0
272 0.6499999999990291 -2 0
273 0.699999999999168 -2 0
274 0.7499999999993066 -2 0
275 0.7999999999994454 -2 0
276 0.849999999999584 -2 0
277 0.8999999999997226 -2 0
278 0.9499999999998614 -2 0
279 0.8 -2.249999999999843 0
280 0.8 -2.299999999999686 0
281 0.8 -2.349999999999702 0
282 0.8 -2.399999999999631 0
283 0.8 -2.449999999999561 0
284 0.8 -2.499999999999404 0
285 0.8 -2.549999999999247 0
286 0.8 -2.599999999999089 0
287 0.8 -2.649999999998932 0
288 0.8 -2.699999999998774 0
289 0.8 -2.749999999998617 0
290 0.8 -2.79999999999846 0
291 0.8 -2.849999999998302 0
292 0.8 -2.899999999998145 0
293 0.8 -2.949999999998075 0
294 0.8 -2.999999999998004 0
295 0.8 -3.049999999998107 0
296 0.8 -3.09999999999821 0
297 0.8 -3.1499999999984 0
298 0.8 -3.199999999998503 0
299 0.8 -3.249999999998693 0
300 0.8 -3.299999999998709 0
301 0.8 -3.349999999998812 0
302 0.8 -3.399999999999002 0
303 0.8 -3.449999999999192 0
304 0.8 -3.499999999999295 0
305 0.8 -3.549999999999311 0
306 0.8 -3.599999999999414 0
307 0.8 -3.649999999999604 0
308 0.8 -3.699999999999794 0
309 0.8 -3.749999999999897 0
310 0.750000000000099 -3.8 0
311 0.7000000000002413 -3.8 0
312 0.6500000000003403 -3.8 0
313 0.6000000000004175 -3.8 0
314 0.5500000000005382 -3.8 0
315 0.5000000000006803 -3.8 0
316 0.4500000000008227 -3.8 0
317 0.400000000000965 -3.8 0
318 0.3500000000011074 -3.8 0
319 0.3000000000012499 -3.8 0
320 0.2500000000013923 -3.8 0
321 0.2000000000015564 -3.8 0
322 0.1500000000017205 -3.8 0
323 0.1000000000018629 -3.8 0
324 0.05000000000200533 -3.8 0
325 2.126077092157175e-12 -3.8 0
326 -0.04999999999799198 -3.8 0
327 -0.09999999999813158 -3.8 0
328 -0.1499999999982495 -3.8 0
329 -0.1999999999983892 -3.8 0
330 -0.2499999999985287 -3.8 0
331 -0.2999999999986902 -3.8 0
332 -0.3499999999988082 -3.8 0
333 -0.3999999999989261 -3.8 0
334 -0.4499999999990443 -3.8 0
335 -0.4999999999991622 -3.8 0
336 -0.5499999999993235 -3.8 0
337 -0.5999999999994847 -3.8 0
338 -0.6499999999996029 -3.8 0
339 -0.6999999999997208 -3.8 0
340 -0.7499999999998388 -3.8 0
341 -0.8 -3.750000000000157 0
342 -0.8 -3.700000000000314 0
343 -0.8 -3.650000000000298 0
344 -0.8 -3.600000000000369 0
345 -0.8 -3.550000000000439 0
346 -0.8 -3.500000000000596 0
347 -0.8 -3.450000000000753 0
348 -0.8 -3.400000000000911 0
349 -0.8 -3.350000000001068 0
350 -0.8 -3.300000000001226 0
351 -0.8 -3.250000000001383 0
352 -0.8 -3.20000000000154 0
353 -0.8 -3.150000000001698 0
354 -0.8 -3.100000000001855 0
355 -0.8 -3.050000000001925 0
356 -0.8 -3.000000000001996 0
357 -0.8 -2.950000000001893 0
358 -0.8 -2.90000000000179 0
359 -0.8 -2.8500000000016 0
360 -0.8 -2.800000000001497 0
361 -0.8 -2.750000000001307 0
362 -0.8 -2.700000000001291 0
363 -0.8 -2.650000000001188 0
364 -0.8 -2.600000000000998 0
365 -0.8 -2.550000000000808 0
366 -0.8 -2.500000000000705 0
367 -0.8 -2.450000000000689 0
368 -0.8 -2.400000000000586 0
369 -0.8 -2.350000000000396 0
370 -0.8 -2.300000000000206 0
371 -0.8 -2.250000000000103 0
372 -0.750000000000099 -2.2 0
373 -0.7000000000002413 -2.2 0
374 -0.6500000000003403 -2.2 0
375 -0.6000000000004175 -2.2 0
376 -0.5500000000005382 -2.2 0
377 -0.5000000000006803 -2.2 0
378 -0.4500000000008227 -2.2 0
379 -0.400000000000965 -2.2 0
380 -0.3500000000011074 -2.2 0
381 -0.3000000000012499 -2.2 0
382 -0.2500000000013923 -2.2 0
383 -0.2000000000015564 -2.2 0
384 -0.1500000000017205 -2.2 0
385 -0.1000000000018629 -2.2 0
386 -0.05000000000200533 -2.2 0
387 -2.126077092157175e-12 -2.2 0
388 0.04999999999799198 -2.2 0
389 0.09999999999813158 -2.2 0
390 0.1499999999982495 -2.2 0
391 0.1999999999983892 -2.2 0
392 0.2499999999985287 -2.2 0
393 0.2999999999986902 -2.2 0
394 0.3499999999988082 -2.2 0
395 0.3999999999989261 -2.2 0
396 0.4499999999990443 -2.2 0
397 0.4999999999991622 -2.2 0
398 0.5499999999993235 -2.2 0
399 0.5999999999994847 -2.2 0
400 0.6499999999996029 -2.2 0
401 0.6999999999997208 -2.2 0
402 0.7499999999998388 -2.2 0
403 -0.02237329453125028 -4.047550666683759 0
404 0.7739838479446416 -4.044149492940027 0
405 -0.7749999999993762 -4.041816251539794 0
406 0.3750000000017337 -4.0433012701891 0
407 -0.3749999999982662 -4.043301270189341 0
408 -10.17884862827795 -14.59065035195154 0
409 10.16513052110753 -14.47322428922744 0
410 10.10724466060537 -23.50168408867733 0
411 -10.1499396638002 -19.54052002681262 0
412 -10.05632801368688 -24.43359045808871 0
413 -10.13397459622047 -10.49999999996123 0
414 10.14189766795595 -10.45583599351314 0
415 1.053670678148599 -3.773557828956152 0
416 1.045285818365915 -3.275000000000004 0
417 1.045331463220961 -2.825 0
418 1.043301270189222 -2.374999999999998 0
419 1.04460115298508 -3.524999999999997 0
420 -1.050404838740928 -3.779818528531714 0
421 -1.049047309603314 -3.275234057333778 0
422 -1.050391026000567 -2.826504149285878 0
423 -1.045888612081805 -2.374999999999998 0
424 -1.046266244765506 -3.524100685690764 0
425 0.584349074909329 -34.18164558641865 0
426 10.13414332084531 -18.49126221851257 0
427 0.1750000000022885 -4.043301270189101 0
428 0.5720203294462064 -4.043761550253205 0
429 -0.5749999999988209 -4.043301270189341 0
430 1.051023928272955 -3.073703632755894 0
431 -1.039044720782906 -3.07423852269535 0
432 1.050527348382773 -2.628503493451674 0
433 -1.053250860750897 -2.6228566583658 0
434 -10.15225307755202 -6.528919218369452 0
435 10.20683407423004 -6.518195213636552 0
436 10.13397459622068 -27.50000000001517 0
437 -3.507825117587987 -34.12933716039396 0
438 5.475973671576928 -0.7986228213768443 0
439 -5.462392248140892 -0.8050622393441089 0
440 4.499999999973762 -34.14750589018422 0
441 -10.13307484262099 -28.50292928581793 0
442 10.20736906717041 -30.4542499275682 0
443 -6.475300924057333 -34.15576623008575 0
444 3.599857037815682 -0.7648709381704509 0
445 -3.548064589144758 -0.6885979710919768 0
446 -10.09122159171497 -3.467596086426186 0
447 10.18093441257884 -3.667475951581114 0
448 7.52896305854419 -34.13870889633511 0
449 -10.13369348128163 -31.50084625301087 0
450 -0.4791666666681108 -1.951567457762437 0
451 -0.2300000000021368 -1.961781551897809 0
452 -0.7213238274264803 -1.948723404653284 0
453 0.02916666666398264 -1.951583983961573 0
454 0.2748411294476082 -1.957377826018412 0
455 0.5291666666653596 -1.949395237504391 0
456 0.770833333332698 -1.949983241995732 0
457 -7.500511311456046 -0.7488694190043036 0
458 7.472179404083178 -0.8556881437339013 0
459 10.05028448693485 -8.487559501234189 0
460 -10.16128695303273 -8.462068042257608 0
461 10.13397459621189 -12.50000000005302 0
462 -10.16530164580183 -16.4781300450533 0
463 -10.22625015475208 -12.48653179496455 0
464 10.16739131713697 -16.57000107683017 0
465 10.13397459622067 -20.5000000000565 0
466 2.499999999965816 -34.15334801024996 0
467 -10.20743511190465 -26.49354040100009 0
468 -10.0314427151287 -22.6144593001809 0
469 10.08578639475041 -25.42608539097874 0
470 -1.51195588276709 -34.14087732833056 0
471 10.14312533763991 -32.55862769258925 0
472 -8.587219390896887 -34.10274182287037 0
473 1.403998054671264 -0.6542311322123533 0
474 -1.458606574557367 -0.716483798285366 0
475 -9.518513933682183 -0.8496552997859538 0
476 10.21474444171962 -1.450264642458166 0
477 9.505776326670413 -34.15129527952146 0
478 -10.15310926515618 -33.49555680429297 0
479 -2.491330109033891 -0.5574228986682421 0
480 -2.061095558103848 -1.366986683708674 0
481 2.474590854531698 -0.6424840497608425 0
482 2.008037481746706 -1.382525685601022 0
483 -4.551879396024073 -0.8360728205128957 0
484 -5.028791957210409 -1.606374789083357 0
485 -5.826942372815608 -1.579420447227791 0
486 -5.369799226734995 -2.255557604691323 0
487 -6.099031421393348 -2.280041805996132 0
488 -5.68392704826688 -2.874599795519421 0
489 -5.026697927700216 -2.86841289402865 0
490 -5.303355844917946 -3.416220141374801 0
491 -4.703355513809997 -3.388381313351944 0
492 -4.954196226005488 -3.89915412873561 0
493 -4.349644962849414 -3.887144125494311 0
494 -4.637889810826505 -4.331434719250481 0
495 -4.159291858505106 -4.34436236025345 0
496 -4.372099065616967 -4.724308330546021 0
497 -3.946750360534326 -4.709699839844329 0
498 -4.12727633572145 -5.079409372620872 0
499 -3.716114749071581 -5.058206114221261 0
500 -3.921629727074072 -5.43966514561278 0
501 -3.505760955338324 -5.407981253124384 0
502 -3.702333408112461 -5.784666879147193 0
503 -3.271397216485337 -5.739646724875869 0
504 -3.448895514942794 -6.110730719070605 0
505 -3.037001851357385 -6.073429837024 0
506 -3.20992324886991 -6.454762786544423 0
507 -2.790953115160929 -6.422704420515756 0
508 -2.974963307011413 -6.814546642436483 0
509 -2.561442709059182 -6.777963035148741 0
510 -2.733253249101621 -7.187105729219945 0
511 -2.246649007659459 -7.108960593570173 0
512 -2.474619057645839 -7.569543293069452 0
513 -1.98954966305996 -7.54759482974217 0
514 -2.21652405566128 -7.982090187193683 0
515 -1.728470516563763 -7.949858300667593 0
516 -1.935786104042796 -8.416063639176416 0
517 -1.455121563126222 -8.372773808329413 0
518 -1.652323124141758 -8.874926776196851 0
519 -1.033515028820593 -8.764337176296284 0
520 -1.338197101951474 -9.350801023354112 0
521 -0.7159454131167476 -9.310433695578114 0
522 -1.019078106109244 -9.870522850228717 0
523 -0.3967170935607275 -9.825526369979002 0
524 -0.6730705708411149 -10.4023312827914 0
525 -0.1094770034804852 -9.274208468663067 0
526 0.2181797578564761 -9.777524791996688 0
527 0.4907217867366563 -9.223669351080956 0
528 0.8298279952350944 -9.723011826508491 0
529 1.1022722341516 -9.170314929024302 0
530 -1.326270177250282 -10.44190443534195 0
531 -0.9626757977453766 -10.99858586686432 0
532 1.449000265543521 -9.671548195267087 0
533 1.721457387136918 -9.147111603997509 0
534 -2.946887260550272 -7.618159562437752 0
535 -1.51452876964112 -7.522054927307617 0
536 -1.634040283462701 -11.02948335724921 0
537 -1.266387887487889 -11.61261436208778 0
538 2.08007667236762 -9.637497341478172 0
539 2.400980141972735 -8.987466517058145 0
540 -3.921930821406019 -6.216187311353519 0
541 1.370169999722302 -8.61807046843284 0
542 -1.972973504845932 -11.6445566399607 0
543 -1.58450938045953 -12.2428904363434 0
544 -0.8723442562182894 -12.20136631061813 0
545 -1.19355292562775 -12.85033907086889 0
546 -0.4512122366008784 -12.80361479808913 0
547 -0.7573369354995497 -13.45306712916872 0
548 -0.02053085368538048 -13.42261950772205 0
549 -0.3354798052328259 -14.09036261272735 0
550 0.4060517718470711 -14.06426332100609 0
551 0.05737914730465209 -14.76678717276508 0
552 -0.8270770689596215 -14.75688055735236 0
553 -0.3207251271523798 -15.47258299621357 0
554 0.5925055995957021 -15.47578949577813 0
555 0.1322163297297218 -16.15775018734829 0
556 -0.81698149375399 -16.21134228306012 0
557 -0.2496737732041996 -16.8988137290575 0
558 0.5693370832030432 -16.85766061824997 0
559 0.2146728576100552 -17.59221904652011 0
560 -0.6116698990799252 -17.64133583577303 0
561 -0.1571597215971916 -18.34505185448933 0
562 -0.978055308518929 -18.40455866619292 0
563 -0.5366487026704808 -19.11112064545733 0
564 0.3166212073407752 -19.05717527205677 0
565 -0.06786276438282186 -19.83513107622141 0
566 0.8066542848172571 -19.77971750608974 0
567 0.4123593475276304 -20.56964526977765 0
568 -0.4691918113974072 -20.61853447439941 0
569 0.01368764009652779 -21.36436250341641 0
570 -0.8784976551781016 -21.41185452111316 0
571 -0.3903153791518131 -22.16728860103442 0
572 0.5334852768646989 -22.07232371293185 0
573 0.1412833547488224 -22.89580503305448 0
574 -0.7950769516302139 -22.97346248093813 0
575 -0.3068924415035653 -23.74362817306534 0
576 0.7040292470297731 -23.60502160711768 0
577 -2.298622904221781 -12.27910174814054 0
578 2.737005712619033 -9.57570921141582 0
579 3.056499092224354 -8.984040172422793 0
580 -1.222307519535769 -23.79480028058727 0
581 -0.7050505669121463 -24.5504450504125 0
582 -2.417236018611621 -6.39554417116697 0
583 -2.692896138638508 -11.66981432035379 0
584 -3.76662403155031 -4.381266996814288 0
585 -1.648208483296389 -24.61638114364938 0
586 -3.02420839794973 -12.31314313022955 0
587 3.394185421262062 -9.533208512246658 0
588 3.687940395710551 -8.916153824461865 0
589 3.343236159533217 -8.390871086972369 0
590 -1.121371684584421 -25.38886779768563 0
591 -3.110328197298401 -5.336740709958312 0
592 -2.0763644428464 -25.44965249574179 0
593 -4.847805567923225 -4.777839725132554 0
594 3.952423637685567 -8.310514924202014 0
595 3.580007352540105 -7.791402555011698 0
596 4.198384649637155 -7.721271889883885 0
597 3.843091793207192 -7.241272453418748 0
598 4.44216936875129 -7.175988165401616 0
599 4.080258407297772 -6.726564891284995 0
600 3.532812915514289 -6.768007316860276 0
601 3.756999606117546 -6.301245402090868 0
602 3.273328548280244 -6.338350750450239 0
603 3.483674524906363 -5.896655481484824 0
604 3.983164745705198 -5.881095364729443 0
605 3.675387338974636 -5.457203469180697 0
606 3.037404587214292 -5.968351443232164 0
607 -3.427720448668382 -11.68482005934801 0
608 4.211758287955212 -5.418581469232721 0
609 -2.148016805340114 -23.83891169702746 0
610 -3.766827369400384 -12.35082069839078 0
611 -1.564531957079884 -26.23945776031804 0
612 -0.6042876826224373 -26.17751733297834 0
613 -2.511451592850394 -26.29135813095374 0
614 4.086909191456856 -9.480548292251182 0
615 3.788262172244009 -10.1239649012591 0
616 -4.1786161584206 -11.70555871665671 0
617 4.808794393788631 -7.656917433619534 0
618 4.514631707672199 -10.06624644327189 0
619 4.192539425834611 -10.74086243825105 0
620 -1.050676309795499 -27.03303685649944 0
621 -0.100917739121398 -26.98124044492652 0
622 -4.528296163409691 -12.39173650370064 0
623 -4.092316058898497 -13.04346256059064 0
624 5.062461580849721 -7.129870175923117 0
625 3.84027830103664 -4.920697889972868 0
626 4.416279770697813 -4.87339940913271 0
627 4.949503779570269 -10.67776032440968 0
628 4.614483701762729 -11.37718474942422 0
629 -0.5362869751995794 -27.83294529991209 0
630 0.4190817138229878 -27.78063756232141 0
631 -4.853268084913405 -13.10844257980054 0
632 -4.426204691477709 -13.76967012724616 0
633 -4.912330318479951 -11.72466119151505 0
634 5.446747476771209 -7.599952105898019 0
635 5.71071633742918 -7.033253067341048 0
636 -5.992726075870008 -3.467074925326517 0
637 2.836112854746574 -6.317791355519525 0
638 2.621006069855802 -6.007134646344521 0
639 2.435765689119654 -6.329254835143033 0
640 2.235215870991166 -6.013485075511054 0
641 2.451358078049264 -5.680161939162451 0
642 2.068518968480027 -5.718643657530955 0
643 2.201518688496698 -5.437202918350033 0
644 1.894421234772057 -5.449949453182398 0
645 1.76028556412501 -5.705761971037338 0
646 2.02829910945753 -5.193131832446116 0
647 1.605584095934462 -5.426926362430102 0
648 1.479809982230629 -5.705494056303185 0
649 1.33433661567857 -5.475891126411739 0
650 1.20448884142638 -5.719164752064743 0
651 1.065864287556169 -5.491029493472623 0
652 0.9336071450089999 -5.725971652843782 0
653 0.796596972182365 -5.463545781102297 0
654 0.6657880946847086 -5.728745186133442 0
655 0.5305836754820767 -5.504229990281062 0
656 0.400427558762968 -5.737047893356958 0
657 0.2700113966616216 -5.475165211983018 0
658 0.529554188601664 -5.964754169894332 0
659 0.122803271565605 -5.740111027369086 0
660 0.006992933543967647 -5.517291366502648 0
661 0.1075206531824909 -5.303282728945805 0
662 -0.1261972304249196 -5.3207345640422 0
663 -0.2357450917971028 -5.521442177486598 0
664 -0.3534687449373365 -5.316298077449822 0
665 1.184408918431186 -5.267767335566607 0
666 -0.4701490978975357 -5.515786524776339 0
667 -0.5876271680941654 -5.310498732425274 0
668 -0.2594572791924167 -5.142275792538728 0
669 1.354798443288161 -5.967698771441745 0
670 -0.704957027557373 -5.508401483553394 0
671 -0.812228556050518 -5.301886539413387 0
672 -0.7118277541384741 -5.116435257929917 0
673 -0.9216192060097947 -5.108023516068448 0
674 -0.5895967019948656 -5.727377921461769 0
675 -1.035472167567299 -5.289955520089711 0
676 -1.125935773101971 -5.091285921193792 0
677 -1.004690830226312 -4.910609578980364 0
678 -1.207318953748829 -4.90398422831598 0
679 -0.973807008913282 -4.045539112378396 0
680 -1.02832514890333 -4.04616166536653 0
681 -1.048398130939956 -3.929423340525944 0
682 -0.9958812944841959 -4.098429299794021 0
683 -1.061076247075309 -4.097375101113238 0
684 -1.32814486841933 -5.064859405282904 0
685 -1.40589831922117 -4.876933577700894 0
686 -1.024017816324152 -4.157589303819181 0
687 -1.09901949614528 -4.156001170387412 0
688 -1.133781667169469 -4.090002784344267 0
689 -1.179657382089915 -4.156799821964495 0
690 -1.217934726971168 -4.075755431826375 0
691 -1.27220911665756 -4.159257173964376 0
692 -1.317098975921582 -4.063745706710253 0
693 -1.379641417872253 -4.157738949940538 0
694 -1.433587054948646 -4.053863678881195 0
695 -1.501975031391006 -4.15780296384263 0
696 -1.562506640259155 -4.041421538268033 0
697 -1.638230092768248 -4.157116204876588 0
698 -1.701353712650643 -4.029560829194407 0
699 -1.616372711344513 -3.914792464201918 0
700 -1.766273421581832 -3.893270434942875 0
701 -1.657375006750219 -3.764183698830665 0
702 -1.830301458464341 -3.746817835559674 0
703 -1.743019611936465 -3.611469179908422 0
704 -1.915647856454708 -3.597442282230574 0
705 -1.818310104019799 -3.451102211609325 0
706 -2.001382949676802 -3.437150532027838 0
707 -1.892573206021296 -3.28922986229669 0
708 -1.873188898703769 -4.023117744630174 0
709 -2.10899801984882 -3.593850946816375 0
710 -2.203982542327653 -3.411975347591347 0
711 -4.582689879889521 -11.05741303752911 0
712 -5.310577593501561 -11.07415915841033 0
713 -4.989176567880338 -10.42908560554496 0
714 -1.532904106149898 -5.042546456420074 0
715 1.771310551464887 -10.18147612331562 0
716 -5.225565894156723 -13.82854921500348 0
717 -4.805258459437719 -14.51072978642041 0
718 -1.061962193957535 -4.222594382237176 0
719 -0.9792108414987255 -4.221388712131001 0
720 -5.714728513272716 -10.44414276811573 0
721 -5.390374708637015 -9.803780706578067 0
722 5.39128306831275 -11.31497056698729 0
723 5.050584105286999 -12.02752049597733 0
724 5.726642894329978 -10.60290299850484 0
725 4.088727108254566 -4.379550566939729 0
726 4.665164508371267 -4.326366943392593 0
727 -0.01415269562830314 -28.63512553687795 0
728 0.9435565004700412 -28.58213611985434 0
729 1.375701911181192 -27.72551495450984 0
730 1.902961192311992 -28.52493894188885 0
731 2.336739326439435 -27.66572205837241 0
732 2.865669776171026 -28.46981457073335 0
733 3.300966364581809 -27.60744506119005 0
734 -0.9738897302941876 -28.68729693406359 0
735 3.832114752195952 -28.41192402933301 0
736 4.267369997645291 -27.55305665236567 0
737 4.823873218276953 -28.34728205673076 0
738 3.735613604781742 -26.74180284814102 0
739 4.7036427057156 -26.68517868379847 0
740 4.173635486619062 -25.87131547741562 0
741 5.135053539618758 -25.81901353746013 0
742 4.610495190308649 -25.00521043121879 0
743 -2.329171813544725 -3.595021206973162 0
744 -2.432300859918398 -3.383617065846203 0
745 -4.412376832441086 -2.856636529263227 0
746 -5.650101784378325 -14.54874286309517 0
747 -5.190329135824374 -15.26630909466117 0
748 4.161484944820742 -12.11867360484487 0
749 4.699630293485304 -12.74369804477775 0
750 5.49004105497478 -12.69518072314396 0
751 5.13840656295093 -13.42587673038868 0
752 6.117473761857148 -7.534802147994925 0
753 6.385169224533584 -6.865388458977225 0
754 -6.106363859588241 -9.818009780957878 0
755 -5.786100212253466 -9.171503071597749 0
756 4.339742398774966 -13.48994145860579 0
757 4.763954309760019 -14.18097808925591 0
758 5.569083378780471 -14.1742863391718 0
759 5.233155780407126 -14.88744060142454 0
760 -6.120667769019832 -11.17175647217605 0
761 0.6103176991108822 -5.290496093662547 0
762 -1.696232436754378 -3.309382872864756 0
763 -1.783088486704185 -3.147651629164467 0
764 -1.367595226556689 -3.966476789725686 0
765 3.418812852298596 -29.26544246902519 0
766 -2.183910044453186 -8.839528992782062 0
767 -1.019169392913024 -4.295053201030504 0
768 -0.928806059041262 -4.290544556063216 0
769 4.363237723507218 -14.93774514570711 0
770 4.845846226014812 -15.65188088694824 0
771 5.716870809851142 -15.59959559781958 0
772 5.325532782857638 -16.37890339689872 0
773 5.554613676285562 -24.94994761962491 0
774 5.038925880801708 -24.14936621223344 0
775 -6.04038856939792 -13.77175929691182 0
776 -0.4471875308949481 -29.49365140776331 0
777 -1.404252620077728 -29.54089442025493 0
778 4.450044473849365 -16.42332302947763 0
779 4.924526882432543 -17.16348390977676 0
780 5.811634752987095 -17.12099414058616 0
781 5.403233276927006 -17.91686660168402 0
782 0.7384469466842568 -13.36710125214673 0
783 0.1741715955294163 -8.765841084238104 0
784 -5.999686575635511 -15.30386152351409 0
785 -5.556497908894424 -16.04716815041614 0
786 -4.708119222790886 -15.99139801271555 0
787 -5.099784808538957 -16.77503191965777 0
788 -5.966640218947699 -16.83649681336557 0
789 -5.493707702278731 -17.57997582103782 0
790 -1.600336741897337 -4.856434278686667 0
791 -1.746840779770475 -5.018501382035367 0
792 -1.659722212535992 -5.230523065929171 0
793 -1.806904834140197 -4.790570156206391 0
794 4.280088930381445 -3.858753845365054 0
795 3.680981532991354 -3.906372148142721 0
796 4.904890734376721 -3.765320457202405 0
797 5.309676734222757 -4.284278876263557 0
798 -6.495586028866813 -9.195933538289925 0
799 -6.175591153746366 -8.552372528961785 0
800 4.046295526686564 -17.20012873159116 0
801 -1.588869555513967 -3.612996277946815 0
802 -1.615890767864188 -3.156588628904385 0
803 -1.685732959813482 -3.015803985712529 0
804 -1.85303426259731 -2.986697671118364 0
805 -1.716170510237595 -2.842219591311846 0
806 -1.052084226437465 -2.120373951839483 0
807 -1.939593700113461 -2.806464250250594 0
808 -1.806428868278009 -2.644042415719666 0
809 -2.038504294461509 -2.578173407542164 0
810 2.303324681432785 -5.172906506093391 0
811 2.136211368465757 -4.943069750925773 0
812 5.936203760197682 -24.11591223177165 0
813 5.45561950682221 -23.29998336813727 0
814 -2.576116845565809 -3.599617595406579 0
815 -2.690484662837716 -3.350657593918764 0
816 -2.451619954236757 -3.783913401202917 0
817 4.51350817139336 -23.35210563791552 0
818 4.941010299675469 -22.50272383619267 0
819 5.842915095839679 -22.46919489361256 0
820 6.122356439406914 -25.6913873584433 0
821 -6.379053751031728 -17.62363922091322 0
822 -5.863878602199563 -18.36280324728309 0
823 -4.985619936314455 -18.3312251421462 0
824 -5.35507986103257 -19.12219879865433 0
825 -4.479854886542018 -19.0863258407678 0
826 -4.884149920519326 -19.91292876199933 0
827 -5.899371186328541 -19.89413001507264 0
828 -5.286646818968006 -20.75331672341161 0
829 -6.234310950664405 -20.8137786983074 0
830 -5.684851962401245 -21.61361430519267 0
831 5.590069569093029 -3.665661253739887 0
832 6.013139728164482 -4.2338857348776 0
833 -0.846150997867101 -5.727631501671751 0
834 -0.7115019519883713 -5.973284905030393 0
835 6.820379332853038 -7.45003162954222 0
836 -3.02582598689208 -25.49549858702115 0
837 -3.460877665986559 -26.34042595848784 0
838 -3.977842962741668 -25.53977402496029 0
839 -4.416343462377337 -26.39028701468764 0
840 -4.925771055459689 -25.58979486767935 0
841 -5.360559304258553 -26.4483339264158 0
842 -4.850701841485027 -27.25076711608146 0
843 -5.801871914227232 -27.30965053664209 0
844 -5.287266227248079 -28.11869773917241 0
845 -5.875943498568219 -25.70104747099953 0
846 -1.531313224366959 -3.045591463815765 0
847 -6.904915982532615 -8.601154099338528 0
848 -6.545620650907471 -7.946655272148265 0
849 -5.853408472747655 -7.923881201751157 0
850 -6.210966363274725 -7.347257093973837 0
851 -6.901204164260756 -7.358889213022855 0
852 -6.558917329787832 -6.756265445189096 0
853 1.482291276127249 -29.38140528428656 0
854 1.295490435226099 -20.51754601117117 0
855 -1.006844900609529 -5.968468644375616 0
856 -1.467272430274136 -17.66722942027386 0
857 6.179993395939622 -11.25731556489379 0
858 6.509423871338942 -10.53462963493829 0
859 6.304023242790336 -17.87473258894527 0
860 -6.261030865183786 -28.16824552526463 0
861 -5.731304470521096 -28.98811674926998 0
862 -1.323698754263384 -4.253796248693545 0
863 -1.902280703599879 -5.207590788763556 0
864 -0.9722026378740858 -4.375124027687496 0
865 -0.8744458362624693 -4.368341833285091 0
866 7.101241126992342 -6.744033369666938 0
867 2.419894494809173 -4.907803156296772 0
868 2.241007935567795 -4.688273997523783 0
869 1.98178907150444 -4.721843775646479 0
870 2.070400778928319 -4.489849844703339 0
871 1.837257784100565 -4.525060025887272 0
872 1.916739164998857 -4.314428786635991 0
873 1.709688567473564 -4.346803420677858 0
874 1.046031117478751 -3.973504924566804 0
875 1.045068433076888 -4.028060815906685 0
876 0.9293455641449619 -4.048205476938359 0
877 1.75519130784083 -4.131684123469383 0
878 1.094986189738251 -3.999838495799104 0
879 1.098555309226028 -4.063467189155456 0
880 1.986586361707268 -4.107661019941325 0
881 1.84292677475826 -3.931264364311286 0
882 2.05957595554616 -3.903059139293544 0
883 1.914535673127626 -3.722276104433284 0
884 2.144261482571236 -3.680115413790198 0
885 1.968066344030569 -3.480355363468183 0
886 2.234876661454175 -3.441461918617868 0
887 2.074117910124098 -3.236487376125082 0
888 2.345342207416672 -3.182673400130121 0
889 1.158029251971262 -4.03005234136613 0
890 1.159761557895469 -4.102879325938477 0
891 1.07949047858928 -4.135670574302915 0
892 1.159361894526161 -4.185609962185207 0
893 1.081112239535273 -4.224880255778862 0
894 1.160580198565623 -4.278646716736255 0
895 1.07152969819632 -4.325402479114532 0
896 1.160639407503996 -4.38747306716741 0
897 1.057520072302414 -4.441529493014314 0
898 0.9611732835458695 -4.372742680443713 0
899 0.9484581935790344 -4.493144189105031 0
900 0.8432887175521642 -4.430260198220754 0
901 0.835680453796233 -4.547025309358705 0
902 0.7431884936067662 -4.475385263745583 0
903 1.160530334447598 -4.511030008764048 0
904 0.7221185805920785 -4.597747034862286 0
905 0.624583235412822 -4.506659047857021 0
906 0.6054002638927731 -4.647333224291514 0
907 0.5010184060851192 -4.57032435879354 0
908 1.762919860242636 -3.573811470708663 0
909 1.231285414417052 -4.064352194684854 0
910 1.222579741159299 -3.977458082761459 0
911 2.147810556208538 -2.966663162639389 0
912 2.459882738735176 -2.887069875730253 0
913 3.849087310598567 -3.41476642759434 0
914 0.5105176484507701 -4.447738248022215 0
915 0.4001200640317232 -4.497353319501177 0
916 0.3818912255361903 -4.622069730842086 0
917 0.2829382322930845 -4.542920507045609 0
918 0.256173893561494 -4.671691923182428 0
919 0.1593353220045557 -4.585400781672805 0
920 0.1955312949583148 -4.454325670726224 0
921 0.06952836329842678 -4.503196860598711 0
922 1.876087013811964 -3.057322377948775 0
923 1.947162102434947 -2.772503172903177 0
924 1.043301270189222 -2.124999999999999 0
925 -5.037783818249855 -9.146591104763608 0
926 -6.652612883287553 -29.0005870949445 0
927 -6.122459744942175 -29.82463394921069 0
928 -5.187848310262107 -29.80363137356798 0
929 -3.923620326717503 -14.47378303243262 0
930 1.174971439145943 -13.98575775628301 0
931 0.09893110778265475 -4.392219837263072 0
932 -0.01201887804445468 -4.413032480382234 0
933 -0.2284009768973034 -4.051733338831381 0
934 -0.03681873414874602 -4.536441363433552 0
935 -0.1208740900792169 -4.460127687294152 0
936 -0.1463889484943477 -4.57392627909801 0
937 -0.234485871055876 -4.494889789716045 0
938 -0.260066488075389 -4.612280370606609 0
939 -0.3469783515029466 -4.528825332005678 0
940 0.1908625998106506 -4.348213066882999 0
941 -0.1295624058223481 -4.042704019920119 0
942 -0.316440107552782 -4.405241969000795 0
943 -0.4248734517869069 -4.444196316444132 0
944 -0.4570336097342727 -4.558690336678525 0
945 -0.8674272856599274 -6.233809265365241 0
946 -0.547763382697128 -6.236182629141727 0
947 0.3657705082198257 -4.758648068985027 0
948 5.887963042825534 -18.68676870750285 0
949 4.98487266366781 -18.68958628096901 0
950 -6.925381769461887 -9.941052624439694 0
951 -1.468325301970248 -3.163550047578802 0
952 -1.038889751771414 -2.224436518790173 0
953 1.051753784438424 -2.218420917882844 0
954 -3.413033422252598 -6.844018865867324 0
955 -0.2705747927458948 -10.94377033829173 0
956 0.82838400454984 -4.676554892647846 0
957 1.691589391667279 -19.71986279673204 0
958 -0.8843334896258596 -30.35661683031077 0
959 -1.821665048504217 -30.42725488534114 0
960 -4.263834510051979 -20.72902838077009 0
961 6.985775095402595 -11.19958460052425 0
962 -1.569089189644972 -4.283263020210075 0
963 -7.250477379642193 -6.755832427885143 0
964 -6.902391109262683 -6.144792773214875 0
965 6.69465460786674 -17.07765575705768 0
966 6.323014255330802 -3.562090662347323 0
967 6.770232292435319 -4.175300590198849 0
968 2.330482216570387 -4.431424628236925 0
969 3.577592017519243 -16.46418676004204 0
970 -4.41130449991471 -5.459340567336036 0
971 -6.645515823762531 -21.66869043563092 0
972 1.524968902392942 -13.30961848202193 0
973 6.805483295325605 -18.64163211181345 0
974 -0.8747170172916607 -4.043451246229714 0
975 2.186763174080791 -20.46377482810755 0
976 -4.236448333272265 -10.42600005779925 0
977 -0.7148273384390028 -6.521369147652796 0
978 -0.3615815411013282 -6.518140316691127 0
979 -0.5466096252103253 -6.832130404904864 0
980 -0.1641710088294637 -6.829119495967992 0
981 -1.604531545413123 -2.671980291356558 0
982 -1.670518180001979 -2.486123797901572 0
983 -1.799605630974403 -5.440626894424486 0
984 -1.421453187489323 -19.24200673620174 0
985 -6.793170496049034 -18.4833612890972 0
986 -0.0600727163947309 -4.655256888132494 0
987 1.307985052702184 -4.016931192527822 0
988 1.291189322000328 -3.910475401235342 0
989 7.096266751066452 -3.459366814679656 0
990 -0.3650274845791347 -7.169912025159936 0
991 0.03249625257862649 -7.166550373704628 0
992 -5.649862894795943 -30.68904579372463 0
993 -6.702869910821496 -30.624118533396 0
994 -0.1143109005488943 -4.361925815365066 0
995 3.215563686108401 -25.91958436138582 0
996 7.327263500592818 -10.50306166744665 0
997 1.039059070042465 -3.874938185216172 0
998 -0.4053992351927946 -4.341469670286535 0
999 -0.4990725072777636 -4.370082646081806 0
1000 1.679241015434243 -2.829571387596955 0
1001 1.758604338013218 -2.595271337347331 0
1002 2.006760864832811 -2.494436891012588 0
1003 1.654855117231298 -3.065942854984794 0
1004 2.957576627132039 -7.920735134972812 0
1005 -7.623184227692978 -6.143813937223144 0
1006 -7.263632431691214 -5.506951896601994 0
1007 -4.440709781267604 -24.75098297052227 0
1008 -1.725006127152912 -4.28390228320406 0
1009 -5.5491323589334 -7.3409035911126 0
1010 -2.857282514915827 -3.59933231323181 0
1011 -2.994758733694927 -3.325613071632498 0
1012 -2.799521137247974 -3.063568976290937 0
1013 -6.949686260666127 -16.80735533273159 0
1014 0.7511703344371574 -4.351463909704671 0
1015 -6.824083393482066 -27.4419881579159 0
1016 -2.065108039088947 -5.416110211076788 0
1017 -2.162750895222333 -5.166964830849515 0
1018 3.192406259850323 -17.22321173071487 0
1019 -8.009971323100858 -5.50800857309456 0
1020 -7.620993969736763 -4.828482405393441 0
1021 -1.393731652510802 -3.061772482565082 0
1022 0.1163486853775589 -4.292036949723188 0
1023 -1.18282750708972 -6.222213943501718 0
1024 1.301174687028515 -4.118372428514969 0
1025 1.741061014195595 -4.731768326203673 0
1026 -7.654792209349443 -7.398224087586758 0
1027 -0.8434989786676583 -4.275801947634718 0
1028 -0.9200418465636082 -4.462894302908909 0
1029 -1.025671843754917 -4.471123109901597 0
1030 7.559050437933443 -7.366134896851673 0
1031 4.748193498980978 -5.337425096910009 0
1032 -1.462722593029791 -13.55918730827723 0
1033 7.582641857524731 -4.092697461379605 0
1034 2.425522243819028 -3.677485868295529 0
1035 -4.222277657271307 -16.7171918350286 0
1036 -4.321246719957624 -28.0626120259872 0
1037 5.857261642916752 -8.107353822076293 0
1038 0.1981128441899693 -4.259642603533361 0
1039 -7.162433921009397 -20.8436550871262 0
1040 -3.131292055539193 -3.013827957159647 0
1041 -2.912229900561049 -2.731920721695582 0
1042 -1.478559263307034 -2.520023458382601 0
1043 -1.546834825950716 -2.343438815007726 0
1044 -1.742192739524273 -2.296617645843566 0
1045 -1.586284894380972 -2.155503987499339 0
1046 -1.324835927506717 -3.164576304251248 0
1047 -1.405164404572925 -3.268712279875644 0
1048 6.38225940296692 -19.46593542882219 0
1049 1.082149380152264 -12.66026305358366 0
1050 1.856068341778718 -12.60708196482727 0
1051 -6.177600667963672 -6.124151831405263 0
1052 -0.4820740881072941 -4.2651275882335 0
1053 0.3578299463164354 -26.06770536558151 0
1054 2.682019863690727 -3.216735533256191 0
1055 2.830827883058958 -2.815151523514178 0
1056 -6.098035198750603 -22.47357925389235 0
1057 -7.070327414427524 -22.52655773678313 0
1058 1.894548851161847 -13.8990940461623 0
1059 1.539724156086631 -2.634723472230358 0
1060 1.595107444156056 -2.435911400487585 0
1061 7.315792874495868 -19.42083532467811 0
1062 -0.8078535510586204 -4.454493887898246 0
1063 3.99809995562878 -22.56207795514388 0
1064 4.414696864553827 -21.72236139882822 0
1065 3.575095322936551 -23.40203452843913 0
1066 -4.660154139574935 -30.63209872349752 0
1067 -5.125785825608078 -31.52216338258148 0
1068 -4.12529727568274 -31.45944794581905 0
1069 0.2264783146678511 -4.812202809399172 0
1070 7.813266990284863 -11.12131107830273 0
1071 7.45652430946182 -11.89358464993838 0
1072 -5.091200805592223 -22.42158635446696 0
1073 -0.3907038527244487 -4.248582481730319 0
1074 -1.999200309300807 -10.45704030446069 0
1075 2.05260475105453 -6.349263076788029 0
1076 2.261440461655761 -6.68032401475013 0
1077 1.852276505759499 -6.692970510948954 0
1078 -3.284171969478764 -2.666839827880793 0
1079 7.841299160410768 -6.673527559803146 0
1080 -3.048631163885962 -2.332656460786334 0
1081 -3.488419268204383 -2.268479472745774 0
1082 3.469257457383565 -10.73155840764205 0
1083 7.258397450003469 -8.063893842123157 0
1084 2.071371606550594 -7.047742983278283 0
1085 1.645803766403307 -7.06156258595234 0
1086 5.085169564588235 -3.034647156719676 0
1087 -1.30711104195316 -31.23593231458689 0
1088 -0.3434489538620304 -31.17551751644536 0
1089 -3.326768761163554 -3.316394795540323 0
1090 -0.5713102864151893 -4.299406934807389 0
1091 1.398147036073436 -3.966877523301515 0
1092 1.393999874612303 -3.848203412192937 0
1093 1.289007709010922 -3.796942956593954 0
1094 1.383013391043025 -3.731289383361682 0
1095 1.261784805468861 -3.686016478495932 0
1096 1.367838280091446 -3.616880749999832 0
1097 2.607013650809445 -5.155340169993456 0
1098 2.73600098919562 -4.853387444844248 0
1099 2.580912331162597 -19.66120710359577 0
1100 -1.289685152613138 -3.273664189574294 0
1101 -1.347703945830306 -3.365648675150664 0
1102 -1.245013076621422 -3.368239921374446 0
1103 -1.296336707293917 -3.454044100635048 0
1104 -1.03340239970206 -3.421810051393543 0
1105 3.016267170543343 -22.62565433827668 0
1106 1.261602506991363 -4.323201248615315 0
1107 7.925765879676375 -3.345191945926603 0
1108 -0.861737800954944 -4.562236336800967 0
1109 2.724257565915642 -16.49197429353646 0
1110 -1.429435572656452 -2.702214572517688 0
1111 1.413551016814036 -2.498128698003913 0
1112 1.454716811459105 -2.324177436833048 0
1113 1.604433067959151 -2.260143984850093 0
1114 1.457627081525484 -2.120052801821577 0
1115 1.360746439477259 -2.652793112392658 0
1116 1.052396059330235 -17.53650345450689 0
1117 1.263850554005006 -3.573298816056992 0
1118 1.357115865764192 -3.502907469197745 0
1119 1.243549419777023 -3.452723835798214 0
1120 1.342938652718699 -3.38841229666302 0
1121 1.044805240888821 -3.424999999999997 0
1122 0.2298205022693207 -6.816586493970081 0
1123 0.43267195965399 -7.153498088972906 0
1124 0.6180110391181045 -6.801422927047707 0
1125 1.870664718058372 -7.440727887022433 0
1126 6.470923071570558 -4.824006664851074 0
1127 -1.330890397457365 -2.585078352242074 0
1128 -1.291127219536208 -2.700613277508544 0
1129 1.434829859501402 -7.464965209725874 0
1130 6.894635737502953 -20.22205656636078 0
1131 0.3510634018535329 -4.909358726894655 0
1132 7.60597210882481 -18.67808954697475 0
1133 -0.4470625471080371 -4.188778874825727 0
1134 0.4154870372022377 -4.380298118455626 0
1135 0.5114368236164011 -4.339203099863828 0
1136 0.4362638585835428 -4.279971600508188 0
1137 0.5162019726580342 -4.243370707174124 0
1138 0.4772814868179836 -4.034917295028238 0
1139 6.634223955166503 -2.864329047496065 0
1140 -1.2719043881252 -3.068736327490718 0
1141 -0.1677610200886293 -7.534969841839698 0
1142 -1.935515460387664 -5.669424287880516 0
1143 8.030883990151732 -7.987448849456886 0
1144 -1.538461460727872 -5.458733515852078 0
1145 -1.914906952260329 -28.73034048980966 0
1146 -1.40493717777198 -2.226887554262433 0
1147 -1.437530434344124 -2.035505813811254 0
1148 0.1321080202987273 -4.207800033877099 0
1149 0.07500000000257011 -4.042959505880633 0
1150 0.05561674657970585 -4.23529871165034 0
1151 -2.227933057246201 -5.683314330332272 0
1152 1.420185511153271 -11.98047937656775 0
1153 -8.416435188290258 -4.842873020398041 0
1154 -8.004494167468398 -4.12535010890992 0
1155 -6.519308499981734 -23.34441664736152 0
1156 -7.510758694794078 -23.38885188028923 0
1157 8.138283156080798 -10.43594572167648 0
1158 -1.277663074729696 -4.732632491071715 0
1159 -5.209998819381081 -7.879313591662824 0
1160 -4.913557419249855 -7.314558473767962 0
1161 -4.592959335081007 -7.816821972251887 0
1162 7.830245412771091 -20.2107850057168 0
1163 7.263879311922964 -21.10980716007152 0
1164 -0.4749999999985439 -4.042181702562213 0
1165 1.252260550246697 -3.335692460575463 0
1166 1.330536216884729 -3.273943216261012 0
1167 1.225219793313167 -3.227433270941348 0
1168 1.044446819695995 -3.174999999999993 0
1169 1.322155132811428 -3.162876469112109 0
1170 -1.807922339510293 -2.075585259295705 0
1171 -6.860743583672172 -4.857013084591783 0
1172 1.445378231835744 -3.3194068004149 0
1173 0.2007116530910435 -4.180393336889821 0
1174 0.2750000000020112 -4.0433012701891 0
1175 -0.7396752443862683 -4.549062548955561 0
1176 -0.7976735914703068 -4.67038155449668 0
1177 -1.318272035709198 -2.971726375017199 0
1178 -1.213219713056845 -2.991109629290583 0
1179 -1.043301270189222 -2.924999999999998 0
1180 0.9955136731728463 -4.173542083748606 0
1181 1.177390542725758 -3.625508831205886 0
1182 1.496649110588593 -3.772220369584434 0
1183 -0.7882136070199868 -31.99792078556166 0
1184 -1.769849143500783 -32.10202217050397 0
1185 0.1927891282173239 -31.98587951859693 0
1186 -2.084588555712603 -3.013996323375066 0
1187 2.631180927663865 -23.45301292176197 0
1188 -5.243206529655458 -6.809716424587869 0
1189 2.179400896333191 -11.92027131960259 0
1190 2.619935897327308 -12.54979851914157 0
1191 1.733274068842446 -2.099134619156962 0
1192 1.523690599699354 -1.900506926377604 0
1193 1.310535349613074 -1.974467261530539 0
1194 1.352889898594742 -1.763289111285476 0
1195 0.9904385563954647 -1.939630010053889 0
1196 6.011840964153266 -9.901202072971415 0
1197 0.4461532253193803 -4.195017902577558 0
1198 -1.108849448153201 -4.295260725899051 0
1199 6.013402231033965 -20.21222478720918 0
1200 1.260632614515759 -2.538350858370151 0
1201 1.043301270189222 -2.524999999999995 0
1202 -1.159231642381872 -4.011133717506994 0
1203 5.947369607016658 -6.342230043673457 0
1204 -4.567803359721702 -32.35745047842893 0
1205 -1.64478542420972 -4.427118476821387 0
1206 -1.822107176785041 -4.426285886384093 0
1207 -8.19037507747381 -22.48683625424771 0
1208 1.387952082920656 -6.687497596625741 0
1209 -0.9180604829997121 -6.821307994593734 0
1210 3.110663572926424 -15.73930172440605 0
1211 2.287170843878603 -15.76074554489073 0
1212 8.425134539624603 -4.036192487611556 0
1213 8.073079691116174 -4.759108819170181 0
1214 8.926234978626582 -4.739472083537222 0
1215 8.292641298207197 -11.8686598327072 0
1216 7.916780801230455 -12.60250268535205 0
1217 -3.111833192922211 -11.02346867700206 0
1218 -1.461258889802587 -3.375324769269325 0
1219 -8.385937450707603 -6.144120735980067 0
1220 0.3746213453635546 -4.225387824238811 0
1221 -3.839693308141801 -15.9318362070858 0
1222 -3.360370374419564 -16.65194569232028 0
1223 -2.975988639972621 -15.88423438597708 0
1224 -1.200941293271225 -3.448154343721631 0
1225 -1.232848934112403 -3.540157126731787 0
1226 -1.337885010472981 -3.552319329807063 0
1227 -1.28932754264762 -3.626914945981675 0
1228 -1.197487457866191 -3.628290521925493 0
1229 -1.243038241748693 -3.70343702873249 0
1230 -1.336464270382949 -3.712068553382772 0
1231 -1.043279580032495 -3.674999999999997 0
1232 -4.214459326151466 -29.75644000574114 0
1233 -0.5955176511353454 -7.531390714186309 0
1234 1.805552569783973 -26.8421961158813 0
1235 -4.091846619105367 -18.269466280173 0
1236 -3.582273192569606 -19.02593611185914 0
1237 8.331251960145304 -21.0223084600997 0
1238 7.914269783931823 -21.87423799455847 0
1239 8.900097325973201 -21.81737041815708 0
1240 8.462154695428209 -22.69352340290544 0
1241 1.043301270189222 -3.674999999999996 0
1242 1.21004187994835 -3.106908586199994 0
1243 1.317368594670749 -3.05180411133191 0
1244 1.218714450689236 -2.996281895870486 0
1245 1.043610359581537 -2.924999999999998 0
1246 1.293018363822155 -2.936547216261157 0
1247 4.803709981582618 -9.399100439858776 0
1248 2.074132635066194 -18.92985819169281 0
1249 3.053977562747034 -18.69410140096959 0
1250 3.57088809001943 -19.52385856946524 0
1251 -5.557165211228907 -32.38935826298045 0
1252 -3.211899190852173 -18.20180648232425 0
1253 7.680933821485143 -8.697823592256317 0
1254 0.6307030250468469 -31.11864099152669 0
1255 1.173557748375388 -31.93669969031476 0
1256 1.611168511172562 -31.06144178978897 0
1257 2.155365583710573 -31.88101732339339 0
1258 0.6613209284489162 -12.04910362328079 0
1259 1.000981626029072 -11.39805976665655 0
1260 -0.375848942493572 -4.15754060856641 0
1261 -0.3152137905192106 -4.219130789196529 0
1262 -1.318386802535159 -20.680753866233 0
1263 -1.770325097578844 -21.46360179413469 0
1264 -2.260487939752457 -20.54894464536724 0
1265 -2.688928981145304 -21.47488816770283 0
1266 -2.94188651171335 -27.13933617416402 0
1267 1.785482981426685 -21.2665777714864 0
1268 2.590842047787805 -31.00590295678029 0
1269 3.137674489528683 -31.82467427225457 0
1270 3.573479625520726 -30.9484542201957 0
1271 4.121404755764109 -31.76786258259961 0
1272 4.563977851741816 -30.88642815666986 0
1273 5.107821084496545 -31.70954613712239 0
1274 5.551320240417219 -30.82632981046632 0
1275 6.094096060984414 -31.64142248100325 0
1276 6.538849628641481 -30.76543200541741 0
1277 7.082551620233497 -31.58203789941451 0
1278 7.527151506839999 -30.70687370653875 0
1279 6.982855717874875 -29.88100722503891 0
1280 7.970692518194136 -29.8234505221536 0
1281 7.425686379703365 -28.99657440494515 0
1282 8.073585486990037 -31.53541924718 0
1283 8.413806078176442 -28.93810390066927 0
1284 7.868319318616828 -28.11224306910673 0
1285 6.883280859730506 -28.17119720344126 0
1286 5.583385926822454 -32.5225773428505 0
1287 7.324598482967968 -27.2892095886645 0
1288 8.302614490106729 -27.2254905585651 0
1289 7.751469617316122 -26.37890566066952 0
1290 1.224921249193408 -2.662502137090626 0
1291 1.051071327385813 -2.720170160118337 0
1292 -0.6444983389804883 -4.652798196828591 0
1293 -0.38919656371723 -7.926687953841969 0
1294 -1.263286167814473 -2.088751631006657 0
1295 -1.291119931172446 -1.917702071539029 0
1296 -1.465348417251583 -1.841952303563348 0
1297 -1.307647217037085 -1.724127887899571 0
1298 -0.9250000000002081 -1.956698729810898 0
1299 -1.248816057960479 -2.247322538089027 0
1300 -4.663951031725192 -6.780990377585094 0
1301 -4.955448259232226 -6.308566849280636 0
1302 2.503993458765404 -7.017588844477237 0
1303 -8.490702118696609 -23.44395333151415 0
1304 -7.948738501454535 -24.25818747924285 0
1305 -0.3007321721176627 -4.144323612862888 0
1306 -0.2434496842693299 -4.191690267092679 0
1307 -0.2533039757628247 -4.267465790429895 0
1308 8.509996008160993 -8.694217122948505 0
1309 8.780200438822488 -7.912334551110324 0
1310 0.5156656664525271 -4.152510913076853 0
1311 0.5850495274595717 -4.203696346413174 0
1312 0.67497552589097 -4.043854405664567 0
1313 -3.583036753191241 -32.2843143189105 0
1314 -0.5934604771780553 -4.399977050274145 0
1315 7.088043196119591 -12.65883713244309 0
1316 7.557971885296896 -13.38656682523107 0
1317 8.505994488030863 -13.39411982799987 0
1318 8.020933905339346 -14.16973593397985 0
1319 -0.2100996549681559 -6.220205142019714 0
1320 -2.564778344840547 -12.93183693019678 0
1321 1.183259888865455 -2.902581191187272 0
1322 1.584626453687406 -4.198583048883444 0
1323 0.1979695345816597 -4.966730715781396 0
1324 0.3328752972771658 -5.064967961652898 0
1325 -1.180122757853128 -3.278844291921406 0
1326 -1.04476855518763 -3.174999999999994 0
1327 -0.6609445976706873 -4.328251360701054 0
1328 -0.6363348930347493 -4.237123409000385 0
1329 -0.6792221295104832 -4.047819446637066 0
1330 2.558017963268408 -2.507772037058418 0
1331 2.990056553471105 -2.406777057759338 0
1332 2.698258338498729 -2.058888165110921 0
1333 3.16620741515916 -1.949790879862712 0
1334 3.50500269865152 -2.337739121726772 0
1335 7.371704462794826 -6.060088005594667 0
1336 7.174158137350291 -14.20462074149662 0
1337 7.646198157205651 -14.9498591595591 0
1338 8.496160483901019 -14.93032994968083 0
1339 8.138399657920361 -15.71571091615911 0
1340 -1.478940876408484 -4.412749605694549 0
1341 2.960481801043921 -5.151098016764574 0
1342 3.098233762133845 -4.795107333941659 0
1343 3.72169737433462 -1.834922823184185 0
1344 4.113309882233999 -2.286605655306773 0
1345 4.327952601041403 -1.687578504853554 0
1346 -1.201350156284502 -2.611645823294257 0
1347 -1.043301270189222 -2.524999999999997 0
1348 -1.238679696126008 -2.508875982150502 0
1349 -1.167928384914908 -2.72999648502305 0
1350 -1.24330252058152 -2.899738269487228 0
1351 -3.211205033149633 -1.89202254193849 0
1352 -2.706066216078882 -1.987893990372037 0
1353 -3.723119132596825 -1.81483338630918 0
1354 -1.302435720824467 -5.947907900165418 0
1355 -1.506818943058345 -6.206511218042936 0
1356 0.07202117488760967 -7.9160386896498 0
1357 0.4918005042263368 -4.997762904272381 0
1358 -0.7263155847531333 -4.793988598238933 0
1359 -0.5719005046017057 -4.791134443814099 0
1360 -0.1815849103307486 -4.236952189924278 0
1361 -0.1736600220166107 -4.160712626872031 0
1362 -0.1124187764250295 -4.206384456846211 0
1363 -1.283546390946105 -3.789684015499922 0
1364 -1.180722607975909 -3.784223993660641 0
1365 -1.382083469461276 -3.79783978275567 0
1366 -1.227924683295402 -3.86448893142202 0
1367 1.52685713428158 -4.362481742626613 0
1368 -1.044844703693665 -2.724999999999996 0
1369 6.330955942762707 -27.35606527156567 0
1370 7.370315267061878 -22.79376959862413 0
1371 7.990014455163013 -23.56162718140262 0
1372 2.845952695751066 -4.49254017584109 0
1373 3.148478548372644 -24.2386576465057 0
1374 2.212191463518274 -24.28299412006337 0
1375 -5.033962275984613 -33.25693448105997 0
1376 6.906100136219138 -8.801077842026146 0
1377 -2.520423183715305 -16.58796550709221 0
1378 -2.17343900909625 -15.85908264745369 0
1379 -2.598579400295802 -15.13664697308465 0
1380 -1.182229920532853 -3.067361929074062 0
1381 -1.124780618585277 -1.823640543415527 0
1382 -1.138514181342532 -1.60245344675313 0
1383 -0.6542607750081608 -0.7769629037870885 0
1384 0.226570914079422 -0.7967491003906276 0
1385 -0.9379210941951875 -1.699508008454463 0
1386 3.603362486547738 -32.63333521507543 0
1387 1.159368775590167 -3.534026539352286 0
1388 2.736723320766806 -21.16831239393592 0
1389 0.07078917487102242 -4.147605465598633 0
1390 1.478796407712238 -3.55032007373643 0
1391 2.034592290352905 -22.68969196029123 0
1392 -0.9224278548023446 -4.667519991546631 0
1393 7.597461441707542 -32.40426067279797 0
1394 -0.9016000670301016 -1.458114909965782 0
1395 -0.7248894287244823 -1.592959209094434 0
1396 0.6081320230009265 -10.29051995399055 0
1397 8.54365141830371 -5.444960724716505 0
1398 0.06015295307669839 -4.84894989670401 0
1399 -1.36963065782761 -6.50844060173878 0
1400 -1.710856380245235 -6.494262175384521 0
1401 -2.193209505507924 -22.260663251477 0
1402 -3.10843992067631 -22.31112495052365 0
1403 4.991936267726087 -30.00129431463702 0
1404 -2.593615523851293 -2.829875467362751 0
1405 -1.155225516928384 -3.858190362387643 0
1406 1.152983155959986 -1.833451266938014 0
1407 1.183949796728165 -1.663888658771678 0
1408 0.9954898829289052 -1.698005553432197 0
1409 1.049901907049549 -1.482916579946013 0
1410 0.7743941246711303 -1.585301922597397 0
1411 1.370201696537072 -1.505953576824862 0
1412 0.8013521493451625 -1.327119711623685 0
1413 0.2757838276098091 -4.312680312887511 0
1414 3.084557480469688 -3.141323106047547 0
1415 1.464168027466812 -2.777664330530865 0
1416 -3.171544045688116 -31.43284071318494 0
1417 -1.149796794954021 -1.982644422741588 0
1418 1.665005624907728 -32.70873710067006 0
1419 8.692118289943714 -26.31813319665637 0
1420 8.134691727387938 -25.40297506616259 0
1421 2.946649496121766 -11.85190696883527 0
1422 2.483375398167408 -11.2889581863644 0
1423 0.3847248925470447 -4.150949273555857 0
1424 0.01488171033507033 -5.001048503317445 0
1425 -0.08470291294084115 -4.900071392872395 0
1426 -1.866051194916588 -6.167120646266574 0
1427 7.27018217070319 -15.702260318661 0
1428 -2.896123022574798 -1.517325024395265 0
1429 8.760902712102594 -3.222317298922371 0
1430 8.256789923874152 -2.527318765687557 0
1431 1.658486228129077 -7.849035158768267 0
1432 1.185567300295047 -7.855071666672202 0
1433 2.926928521593108 -3.513375856050501 0
1434 -0.9356430765413785 -4.096381144263622 0
1435 2.116418153750055 -7.830832243858203 0
1436 -8.82226197935246 -4.129084150827371 0
1437 -8.424718079467535 -3.410813975176056 0
1438 -7.57869306863301 -3.401820824887533 0
1439 -7.988717451302178 -2.67920646644217 0
1440 -8.824426751157237 -2.670453845849968 0
1441 -9.299284210629695 -4.965861914719024 0
1442 -1.318039446029339 -2.35237611862123 0
1443 2.652141810545283 -15.06700802271413 0
1444 0.005844223207975341 -4.175804757219612 0
1445 1.29079563366299 -2.391750778644963 0
1446 1.314641384589157 -2.239270859426184 0
1447 1.203486965118425 -2.289781061288459 0
1448 1.219357405259213 -2.183283656002789 0
1449 1.146317863440366 -2.448553394593812 0
1450 1.726078896228484 -3.235055895743038 0
1451 1.848722336077486 -15.11118809713605 0
1452 1.298701710783773 -16.71641579086918 0
1453 1.854408417287461 -17.42233128949409 0
1454 -1.550845958492873 -6.828414410923282 0
1455 8.579113567016316 -32.34637434726115 0
1456 1.145957614832815 -3.449567103323722 0
1457 1.127936771407897 -3.344328428757836 0
1458 -0.1049521594595573 -4.132477454813929 0
1459 -1.340157753453547 -2.870736592485957 0
1460 -8.397967962635953 -1.878769989371579 0
1461 -1.510247399408627 -1.629310370370607 0
1462 2.216889039166383 -4.061421665299735 0
1463 0.4052333985090549 -6.445699459718006 0
1464 0.7796075350723445 -6.492616797083103 0
1465 -0.3444379040249264 -32.89494213693389 0
1466 8.755360812862506 -20.09023734971077 0
1467 -1.119102695404159 -3.000929982148135 0
1468 -1.151211656310692 -2.926152663200865 0
1469 2.831786535442394 -1.577970498019298 0
1470 1.152251382229002 -1.968135880622221 0
1471 0.9895780318115706 -4.054269441051842 0
1472 -2.731818691980556 -18.98734774134191 0
1473 0.5085070709441476 -1.390476893913726 0
1474 0.5081175444986447 -1.660106044341662 0
1475 0.286021273420913 -1.529038617205657 0
1476 1.287439822602029 -2.769189420477666 0
1477 -1.061565141184335 -2.024736118871651 0
1478 -1.054211878554952 -1.936333672409398 0
1479 -1.117128288085152 -2.088242028994985 0
1480 4.76713998375654 -2.297736690741567 0
1481 1.040676942430565 -2.025420924941427 0
1482 -1.043428805806894 -3.987362452349895 0
1483 1.099499471404483 -3.944776190137524 0
1484 0.8311986625105974 -7.138854322005321 0
1485 0.6437433233644017 -7.5153913015118 0
1486 9.023637557179853 -31.48621232054186 0
1487 -0.4343806620135039 -4.129472976106738 0
1488 -0.4954668276159496 -4.134450961292157 0
1489 9.387420821697152 -5.437853995165053 0
1490 2.752673712794787 -5.447129434101829 0
1491 -1.909531806371605 -4.230255665467064 0
1492 -2.02115267206752 -4.426430920280446 0
1493 -2.128348428315828 -4.227071835380581 0
1494 -2.248075768877559 -4.430266227640022 0
1495 -2.351137273577465 -4.207182874509838 0
1496 -2.504690409464331 -4.409317042553721 0
1497 -2.379266664525931 -4.653641330936755 0
1498 -2.655104744035673 -4.641868053417414 0
1499 -2.787450364636332 -4.37983738858886 0
1500 -2.953586784065051 -4.632472567338316 0
1501 -3.091171716156936 -4.353123951140973 0
1502 -2.52809469405314 -4.881164212549985 0
1503 -3.266918584767661 -4.635407565662155 0
1504 -2.907916152818185 -4.109182532284501 0
1505 -3.235522251315093 -4.009896057245025 0
1506 -6.481899806272483 -1.679841435795809 0
1507 9.035625817325425 -15.64147381842194 0
1508 8.649524365579197 -16.46124754862431 0
1509 -1.559685822361237 -4.560164790025598 0
1510 -0.03333425024391139 -4.245430234909373 0
1511 1.405094297805449 -2.97953252191599 0
1512 -3.015493098220235 -19.79290419827831 0
1513 0.3203331348986244 -4.18544013118643 0
1514 0.5889708993628587 -4.133523736096517 0
1515 0.6520383234946091 -4.168868451572211 0
1516 0.6548995027292109 -4.245862252339371 0
1517 0.7194259655567261 -4.204378697567289 0
1518 0.7201803404386428 -4.129488313359877 0
1519 0.7832700803357751 -4.164470114661619 0
1520 0.7882001812284161 -4.261081270240921 0
1521 0.8533496642890566 -4.202208882768552 0
1522 0.8475386813305574 -4.114450271759401 0
1523 -0.8311655165253109 -7.911118680305783 0
1524 8.878463998094542 -29.83238538943853 0
1525 9.39633381138416 -28.98630473202178 0
1526 -7.158639507043748 -2.77162310552965 0
1527 9.108179377619862 -2.442901771555851 0
1528 8.599208748719404 -1.66499994674659 0
1529 3.231669883795446 -4.429905783775618 0
1530 2.985096154776126 -4.139183351655969 0
1531 -1.536157451952339 -2.820151189863777 0
1532 8.880638665378521 -6.115460073311791 0
1533 1.191326874095431 -3.762047408728192 0
1534 1.201405474230272 -3.852868948090241 0
1535 0.9543937869806377 -4.10656263445577 0
1536 -0.9762752115430567 -1.851469248723114 0
1537 0.3035703467332135 -1.755083718681903 0
1538 0.08977317839290612 -1.678923812533584 0
1539 0.04152166069646317 -1.414554235133132 0
1540 -0.1236128608301635 -1.597335156645565 0
1541 -0.2177564271844518 -1.338657709998067 0
1542 -0.715231211426183 -4.25400647214795 0
1543 -0.694345073817054 -4.165727878085604 0
1544 -0.6183114778115226 -4.159221105140885 0
1545 -0.7666363614055327 -4.18890229148074 0
1546 -0.5618612295983133 -4.217025512826448 0
1547 0.8596233520002511 -4.280719028391421 0
1548 -1.1467362765552 -3.373028272095652 0
1549 -4.019553443390572 -2.367322239288416 0
1550 -0.7563745194887195 -4.124099994690337 0
1551 -0.8154177462199991 -4.138266216296461 0
1552 -2.196613357780531 -4.031433884519362 0
1553 1.162363689794111 -2.580179772492893 0
1554 1.102963187379488 -3.595390241828026 0
1555 0.9435932348027298 -5.270109118026371 0
1556 1.020825803889624 -5.059846390476112 0
1557 1.273315327983279 -5.061061046154951 0
1558 1.147841476745249 -4.891346410130621 0
1559 1.364539713238421 -4.85129628084769 0
1560 1.481055760647633 -5.041825609089402 0
1561 0.9661868467392725 -4.869995555433397 0
1562 1.054438794227448 -4.724746846136864 0
1563 0.800304899561382 -5.085809958219267 0
1564 0.6965336833541154 -1.786979821560124 0
1565 0.6218119104448145 -1.948624734011697 0
1566 -4.68966506726864 -2.324720339198186 0
1567 -1.693078124460832 -15.13560715379585 0
1568 -2.215248102089768 -14.4532911558167 0
1569 -1.172749549803273 -2.835923154049272 0
1570 0.007407634990859097 -4.102888712474114 0
1571 1.621220596729473 -4.528082697389854 0
1572 1.416288889644272 -4.520174528716561 0
1573 -0.4863715914939847 -5.095888336538755 0
1574 -0.3448291615205491 -4.967397707286737 0
1575 -0.627791368450893 -8.34650564045155 0
1576 -1.662405117771778 -16.64160205481129 0
1577 0.4429918697343783 -4.120030216431195 0
1578 3.638278161709821 -17.97502181179385 0
1579 9.76427189414043 -4.632479239922246 0
1580 0.3249988952113627 -4.102260959793534 0
1581 1.844728345263906 -4.954771630738437 0
1582 1.77044867578618 -5.208126261520432 0
1583 -3.093973593381785 -4.936213879053049 0
1584 -2.007495126980698 -2.293299426802219 0
1585 -2.07888552539735 -1.993103828224355 0
1586 -4.163951228608089 -3.37729722412067 0
1587 -3.906690057558926 -2.937651430771868 0
1588 -3.872599540259837 -3.771602704067801 0
1589 -2.3455094514407 -2.17754815921742 0
1590 0.5976795929755868 -4.386085672198743 0
1591 3.389051357918349 -12.48554426771859 0
1592 3.088098690827693 -13.08519414619219 0
1593 -0.06768377960845914 -1.784080754882566 0
1594 -0.1236392449170504 -1.943366465838573 0
1595 -0.2548663160199022 -1.765982783193061 0
1596 -0.31802895893628 -1.941088821569608 0
1597 -0.3488954925030008 -1.564428187689911 0
1598 -0.4149950492924901 -1.742614328801665 0
1599 -0.5707095713049311 -1.389662592132448 0
1600 1.754841062667271 -1.814296016560172 0
1601 2.03787005346818 -1.962843285351004 0
1602 1.855587723370337 -8.263317789740254 0
1603 2.384267690971559 -8.287771602079076 0
1604 -1.218767114831756 -3.198251894956025 0
1605 -1.13908762865445 -3.203529352983474 0
1606 0.1437431699483338 -4.13610391895391 0
1607 3.280516389582173 -7.325508499203534 0
1608 -4.851957443008227 -8.386318796414606 0
1609 -4.247922282640641 -8.32799232863209 0
1610 -4.017780813488253 -7.764799513029743 0
1611 -3.67231547255703 -8.259963329578893 0
1612 -3.905045577530045 -8.810429180110527 0
1613 -3.317113215594172 -8.75277930568422 0
1614 -3.559462151572178 -9.305217550763189 0
1615 -4.172963845150268 -9.366391325555941 0
1616 -2.979537508307815 -9.265866155452846 0
1617 -3.209060061020304 -9.820298697912154 0
1618 -2.57666161942536 -9.751876689364707 0
1619 0.1635987817258519 -1.82818231756529 0
1620 0.1249999999975727 -1.956698729810658 0
1621 0.3124050558211365 -4.420099928271477 0
1622 -1.20233254921941 -2.35344718435462 0
1623 -1.143811786580242 -2.277333428228518 0
1624 -0.7596442187829768 -4.339465292918664 0
1625 -3.652671026268858 -21.53247919667833 0
1626 -4.031574237092081 -22.36951939612514 0
1627 -3.530650281384871 -23.14031610437022 0
1628 -4.48347113742193 -23.19102666710168 0
1629 -1.156242844013095 -2.529513872622134 0
1630 1.224161150616601 -4.728544985232059 0
1631 -8.961019833358671 -24.33175008306181 0
1632 -8.382412767800302 -25.14225000792776 0
1633 -7.412315550518304 -25.06204289570791 0
1634 -7.855258811899267 -25.94755450314143 0
1635 -8.794753442845227 -26.01777225883413 0
1636 -8.336640425691337 -26.81525431966503 0
1637 -2.282050021112182 -3.193317659633955 0
1638 0.2030385069197293 -4.10608070567332 0
1639 -0.2063300575919833 -4.395377908110601 0
1640 1.118341612675071 -3.80307530039595 0
1641 -5.509569662341261 -23.25828190500072 0
1642 -5.954763097300748 -24.08219674033578 0
1643 7.402520361282257 -9.351206506385585 0
1644 1.433908076691913 -15.83270745749266 0
1645 1.150159170823299 -3.168968213644453 0
1646 -1.100324171924381 -3.966463376712713 0
1647 1.729365467824445 -3.773495259683274 0
1648 1.673990619485825 -3.939162915180981 0
1649 -9.480209054009691 -23.52042098323325 0
1650 -1.111058510630543 -4.758027530064331 0
1651 -1.17257779972947 -4.59722742106488 0
1652 -1.316376297648172 -4.57731977667078 0
1653 -1.229776742163889 -4.474436302828663 0
1654 4.450733745161468 -0.8483418679862423 0
1655 2.996500151151933 -6.825147051284332 0
1656 -1.654001912092705 -3.47947690242082 0
1657 -1.433531038273665 -3.713426534433303 0
1658 0.8588990282322484 -1.808519817250543 0
1659 0.8737837051408555 -1.962572116527278 0
1660 -1.192395671979638 -1.251111824392634 0
1661 1.102854736667163 -3.728085101991771 0
1662 -4.430593233191727 -6.29745903046988 0
1663 -4.121977893223062 -6.74114900647873 0
1664 8.96727376067677 -23.51925375931301 0
1665 8.54928322378013 -24.45666940743164 0
1666 7.443596927827305 -24.51194777252365 0
1667 7.11416404433993 -25.55299668628751 0
1668 1.513765134587803 -4.697975626504277 0
1669 -1.839295077020917 -1.823135430600843 0
1670 3.148491379266495 -5.53902916458612 0
1671 -3.138080739464162 -8.165211014928335 0
1672 -3.051904912993435 -14.44501260045806 0
1673 -0.694906055609771 -4.428984869646208 0
1674 -0.6253354213495154 -4.514280967285695 0
1675 0.739609869939831 -8.716870912544213 0
1676 -1.12006741879136 -3.449910847828344 0
1677 -1.148961006403853 -3.509854331205637 0
1678 0.4393946462523566 -5.329430251864944 0
1679 -4.701249979286399 -5.86551593263851 0
1680 -5.228492664866073 -5.854174851170582 0
1681 -4.939984913843277 -5.330338269173666 0
1682 -5.495584076957222 -5.388885860435201 0
1683 1.453450952054795 -4.208469849417996 0
1684 6.482970295729054 -0.8195054989275804 0
1685 5.94901221193989 -1.576924465951457 0
1686 5.874566595079937 -28.24679694484692 0
1687 0.9255378366924871 -4.227492077828106 0
1688 -1.518098407046995 -3.483782686362892 0
1689 -0.8485833880196589 -1.827610866289664 0
1690 -0.6642593743003197 -1.774847416872096 0
1691 -0.5716885578207734 -1.948914335979609 0
1692 -0.8283690554317956 -1.931495307809224 0
1693 -4.347796233228895 -7.26238450468585 0
1694 -3.758854854260273 -7.187064359209029 0
1695 9.524427583448663 -24.44239230180365 0
1696 -10.16099384755403 -7.481555930536813 0
1697 -9.362466343497456 -7.95833185632695 0
1698 -9.34009278570276 -8.874836119445742 0
1699 -8.609121028663898 -8.400236962152869 0
1700 -8.536804491918762 -9.248237941185097 0
1701 -8.536984033317625 -7.494869561158018 0
1702 -9.245040291880505 -9.73269810545651 0
1703 -8.456464113687982 -10.10873384566054 0
1704 -7.732267247301639 -8.720085544359938 0
1705 10.15178709621205 -7.469147845021716 0
1706 10.14719981751833 -9.487389818362953 0
1707 9.388940513893347 -9.968736366097275 0
1708 9.380161954249511 -10.89304217210047 0
1709 10.15733433075595 -11.47733125912414 0
1710 9.219506903729568 -11.89577930465014 0
1711 8.061733926245896 -33.25466293281171 0
1712 -1.16014958349318 -2.178176620081345 0
1713 -0.1070364005722351 -12.12721351190752 0
1714 6.807452553876384 -1.60460091194202 0
1715 1.112015561288007 -3.10183700220428 0
1716 1.102688798493863 -2.998651655627798 0
1717 -9.182908570972028 -10.59515329170967 0
1718 -8.399489643060635 -10.97196157615389 0
1719 -9.098755273915142 -11.46511952850655 0
1720 -8.328762225418318 -11.84663310854754 0
1721 -7.623341153889866 -11.33821780596554 0
1722 -7.544515105232385 -12.20449849274143 0
1723 -8.255695701783761 -12.7126688284961 0
1724 -7.473449038057464 -13.06550373049008 0
1725 -8.178576664968782 -13.58808896789434 0
1726 -6.774839273324647 -12.53892280626482 0
1727 -7.416588839641294 -13.88641079067462 0
1728 -8.110814140899203 -14.46484563685443 0
1729 -8.942828166839556 -13.28596420712256 0
1730 -7.271932801346577 -14.83139593724816 0
1731 -7.995008543976853 -15.39527005614972 0
1732 -8.810526611452714 -15.00758196320108 0
1733 -8.733415213323614 -15.91654523770539 0
1734 -7.908264313255895 -16.31437245089187 0
1735 -8.649251821792708 -16.84515893301834 0
1736 -9.622614278091612 -15.52115286813564 0
1737 -7.83278027914505 -17.23159836050491 0
1738 -8.599360532663457 -17.78268010148185 0
1739 -7.151171706404897 -15.81536232163815 0
1740 -9.409509882932081 -17.23144599624919 0
1741 -9.38341378997597 -18.1578920190306 0
1742 -8.492168625784181 -18.68753676776303 0
1743 9.443634192505431 -22.62311165636641 0
1744 10.01775212024695 -21.62808067840319 0
1745 0.004008044221635352 -6.496344813559894 0
1746 0.1289914808180466 -6.217041754592625 0
1747 -6.772752759970211 -3.39872301247258 0
1748 -7.09347740939771 -4.088839590168357 0
1749 -6.370006444008864 -4.331540450908872 0
1750 -6.212840283177703 -4.926500324081961 0
1751 -5.75269662775597 -4.492161053613239 0
1752 -2.293812387325232 -18.16285980667232 0
1753 0.4404626668448713 -1.813441028072834 0
1754 0.3791666666649443 -1.951555629401176 0
1755 -2.181942879668609 -19.70490783093976 0
1756 -10.27187691518114 -11.49968395791465 0
1757 -1.939227357865354 -6.810526705370168 0
1758 -0.9014773984399713 -4.215120933282043 0
1759 -1.503632204363305 -3.820325421635413 0
1760 -2.88730155384619 -5.693578793616274 0
1761 -2.698700597129981 -5.345629310124462 0
1762 -2.621126224987723 -6.011517158159498 0
1763 -2.243577076010569 -6.03605263337079 0
1764 -3.840830826869368 -11.03752280715809 0
1765 -5.885406045043101 -6.782949743875765 0
1766 -2.701833638296304 -10.35478561159178 0
1767 -9.36535754844258 -7.065645154325098 0
1768 -9.296145260854841 -6.097533645879604 0
1769 -10.12781708654089 -5.539161837170361 0
1770 -1.157941255994098 -3.700690206488973 0
1771 -1.126201961513183 -3.642546713870322 0
1772 9.298901056653762 -9.101195635498632 0
1773 3.494647678395781 -14.99056344798429 0
1774 3.072556644304085 -14.37517738558447 0
1775 3.945289342988729 -14.25911688473564 0
1776 0.5434710801618513 -4.091514802216669 0
1777 -4.324523321918194 -1.703876315476837 0
1778 -10.27874330563364 -13.50897394213502 0
1779 10.14744518384337 -13.47666825787172 0
1780 9.370677466628642 -13.90121941220077 0
1781 1.761345816991714 -11.33862698794155 0
1782 0.9849740884674076 -6.785761510967871 0
1783 1.111245180091036 -2.671428396640687 0
1784 1.164399269318588 -2.750679708383271 0
1785 1.842854231042635 -6.034165199347586 0
1786 9.343849072334738 -12.94035017315832 0
1787 0.2167687335530315 -11.4973300407962 0
1788 -10.17838991278797 -4.508984571839062 0
1789 -3.258948866951709 -20.67578125398926 0
1790 -10.15970969003689 -9.455425509939069 0
1791 8.552807774913497 -9.691688694895111 0
1792 2.608785593623098 -4.24220212751266 0
1793 10.0218013475216 -15.55606795638517 0
1794 -0.1245914879863027 -5.752718615049804 0
1795 -7.686452499568172 -10.47657130415407 0
1796 -6.93106391017499 -10.8437983074028 0
1797 -7.751632739867814 -9.614179733450994 0
1798 -6.845424795079976 -11.68694458526944 0
1799 -6.096189606451014 -12.06414344495539 0
1800 -6.069119994968718 -12.89765863377062 0
1801 -0.6554243524535431 -4.099236620901209 0
1802 3.368146159555668 -3.47347104745166 0
1803 -4.654161622410983 -21.58221255507635 0
1804 -6.551395361479528 -5.529987758401 0
1805 -8.517908520951032 -0.9321528126849684 0
1806 -9.339533490080507 -25.23110086900983 0
1807 -0.2340272787310264 -4.120381421354157 0
1808 -0.2849417517563393 -4.082499682277074 0
1809 -0.1636575489888579 -4.090426293930474 0
1810 -0.3464900827959274 -4.099498459219036 0
1811 2.72215313899913 -25.0752614200742 0
1812 1.758232262524499 -25.11648913498426 0
1813 -1.104161792499855 -3.750988479785196 0
1814 10.11838818763832 -2.500201548463199 0
1815 -2.873806420860344 -17.38141241804447 0
1816 1.652580866077177 -6.376181573434198 0
1817 1.277500345279658 -6.300778113511664 0
1818 3.97367194870214 -15.70116683242756 0
1819 2.746091252405501 -3.839708454807109 0
1820 -1.166865255625776 -3.928474738124974 0
1821 -1.25074729817068 -3.971555301100087 0
1822 10.13918655991884 -17.49097261412663 0
1823 9.26878284660658 -17.95308601883622 0
1824 9.232768634888103 -19.04759705233818 0
1825 3.389889124717456 -21.81956131478681 0
1826 3.821971983325968 -20.99980444628561 0
1827 4.789147112113204 -20.94826484370507 0
1828 4.223065459428026 -20.17784158133749 0
1829 10.17477334060633 -19.5070811868521 0
1830 -9.302685515708909 -1.873718252746131 0
1831 -6.878356100994052 -25.81586901727212 0
1832 -1.098456660686135 -3.310836149890848 0
1833 -1.080480371010669 -3.360702450339462 0
1834 5.343653604629783 -21.7103649200044 0
1835 6.328179009956161 -21.64930157665201 0
1836 -3.452095405220264 -15.18330342475871 0
1837 -3.585657993708136 -13.7364440873378 0
1838 -6.492058482780545 -0.8915790151911532 0
1839 -10.18665232545693 -2.43771836011587 0
1840 1.485295630501863 -4.081009663973413 0
1841 2.036188441635297 -30.18947421066567 0
1842 -1.476989599376192 -14.3200895961883 0
1843 -1.12279606080487 -2.65042984538409 0
1844 2.771740461336358 -26.79425167906784 0
1845 2.257643294569414 -25.94749357470721 0
1846 1.309725671376882 -26.00001243351977 0
1847 0.8003713205856304 -25.20580133982273 0
1848 -0.1799455560074799 -25.30848196676623 0
1849 1.18216796647701 -18.99884802124102 0
1850 -0.8121893118988583 -4.940258697447809 0
1851 1.319248418873008 -10.73103932019152 0
1852 -1.244763476704982 -5.264178047601476 0
1853 -1.160121746531548 -5.476414031120334 0
1854 6.765015296810119 -26.47307545004197 0
1855 -2.738938066528288 -8.671216719092929 0
1856 6.43642483885569 -29.05624882391911 0
1857 5.426066620756034 -29.12257189291835 0
1858 5.987908885711897 -29.94214734539952 0
1859 6.434527887183303 -23.29918164415774 0
1860 -7.736106193125096 -18.17479170530643 0
1861 -7.610186250980203 -19.09179467234954 0
1862 -8.401958024401146 -19.60752503832188 0
1863 -6.753416216545177 -19.44307560218049 0
1864 5.250634888404281 -27.49534851174721 0
1865 3.985305685427293 -30.073000193531 0
1866 -3.694466102751266 -30.59146127634307 0
1867 -3.271095194910638 -29.69135499358313 0
1868 -3.79558897466554 -28.87466210764898 0
1869 -3.504544139154819 -24.71206212769464 0
1870 -6.97004593875848 -24.17829522410591 0
1871 4.359157332034984 -8.843351487996118 0
1872 5.047005952757494 -8.74685834119528 0
1873 5.508348580745283 -9.316027060748507 0
1874 -2.66330789023627 -13.73119139976455 0
1875 1.552767097269143 -34.20854702658605 0
1876 3.499999999970055 -34.16896589878466 0
1877 -0.4385627239454914 -33.99164066679699 0
1878 -10.13679117044384 -32.49883572184755 0
1879 -9.269013451323964 -31.99891644516284 0
1880 -9.268601771939856 -31.00194676596852 0
1881 -8.409222433138869 -31.49998954919539 0
1882 -8.41021991390356 -30.50427027412183 0
1883 -9.268497750957119 -30.00651345209066 0
1884 -8.419674960997082 -29.51429747154474 0
1885 -8.389139176831739 -32.46819064529587 0
1886 -7.590626847138204 -31.99037903755915 0
1887 -7.541710504397408 -32.992593479856 0
1888 -7.600794737629801 -30.06954300159904 0
1889 -6.667132014224884 -32.4485927836599 0
1890 -9.269397550536471 -29.00864916095206 0
1891 -8.360023443166112 -28.42649776229916 0
1892 -9.184656245171347 -33.15001521523662 0
1893 -10.13377280912685 -29.50368224565727 0
1894 10.01549197805446 -31.48603234022559 0
1895 6.504827176408059 -34.15278568201762 0
1896 7.054494727833295 -33.2896188784553 0
1897 5.500410474163384 -34.15767124581662 0
1898 -10.14626235044116 -27.49907508757736 0
1899 -9.280491481373602 -26.94785045678904 0
1900 -9.316526991352237 -27.98077411813453 0
1901 -10.11699928837565 -21.52163976967162 0
1902 -9.202052411160462 -21.99166301946505 0
1903 -9.234274588618726 -21.02826424432869 0
1904 -8.486871716632928 -21.57123509577423 0
1905 -10.13121250584276 -20.52243210955177 0
1906 10.15740182268036 -26.53880516181538 0
1907 -2.503296833415388 -34.13435214560003 0
1908 -1.966068927578154 -33.1372473861943 0
1909 -3.018202556901572 -33.24633920286888 0
1910 -4.043278048157511 -33.22990597710728 0
1911 -4.526937704660551 -34.12097058139386 0
1912 -7.532934478761797 -33.99351480761708 0
1913 5.714403479864432 -4.867576508268993 0
1914 6.111452126522719 -5.570222634463532 0
1915 5.38355555890139 -5.456545524283409 0
1916 5.184157692298927 -6.24872656641319 0
1917 6.654651466000112 -6.161949406352544 0
1918 6.949605546395876 -5.441472651239351 0
1919 -4.756285671467651 -28.93402666689795 0
1920 0.8611623455600119 -26.89955114612339 0
1921 -2.369552673358835 -11.03760054178363 0
1922 -0.6339731704531224 -4.941556432263724 0
1923 -0.3774490024890228 -4.649832628663754 0
1924 -0.2900797683935158 -4.72121334265307 0
1925 -0.401619561088615 -4.798977608507096 0
1926 -3.450440663545496 -7.700023648291913 0
1927 1.686946030755476 -23.50729952560965 0
1928 1.078530173095942 -22.78595701214824 0
1929 8.808489186208275 -28.07822317417953 0
1930 0.09172282599458202 -30.30397046859697 0
1931 -10.13340070462584 -30.50268958297672 0
1932 -4.604988517832269 -17.5161142049021 0
1933 2.338169128565625 -18.0430985403363 0
1934 -1.483574641209662 -27.88102228447807 0
1935 5.478589293194942 -19.43098240600635 0
1936 -3.485411581321648 -10.42029485680195 0
1937 8.468369628671017 -30.6810063034793 0
1938 -5.502189207198098 -8.495602312154984 0
1939 -3.368842603039315 -28.000233267891 0
1940 -6.007854843529375 -33.27286823645193 0
1941 -6.110143406526072 -31.52649665238723 0
1942 4.569329042263064 -32.58018509600609 0
1943 0.3240598145159657 -12.7352739129788 0
1944 6.814193229452096 -14.95236207220957 0
1945 0.6988348411820378 -32.72469712876642 0
1946 2.59356803077112 -32.67170195674142 0
1947 -1.484983050125058 -3.943104348977009 0
1948 4.091912014173481 -24.19735453443241 0
1949 5.086241360812576 -1.600949708633743 0
1950 7.768508287307995 -16.45604021362217 0
1951 8.230796480196839 -17.31943044431049 0
1952 -7.285196046890162 -28.29794760095394 0
1953 -3.914092412475812 -19.87048409127732 0
1954 0.5155719301575897 -29.44013581971868 0
1955 9.192808728135917 -33.16201453107674 0
1956 3.366712613669583 -5.100616685618475 0
1957 6.734273612076102 -13.42684529808442 0
1958 -1.99682734269426 -27.08399421658196 0
1959 -3.893316467426534 -27.19727692621652 0
1960 5.252446318008934 -9.993873223294182 0
1961 -2.574583531221805 -24.66927285359819 0
1962 -4.322785843200426 -15.2283073495141 0
1963 -0.3741042227858938 -5.946601776358898 0
1964 4.517804384764347 -17.94352350718063 0
1965 4.476679534343673 -2.798851273926101 0
1966 5.493590382384527 -2.298956014124164 0
1967 5.684925710836714 -26.61083339382044 0
1968 6.184919489751174 -16.34539899193287 0
1969 -1.288255737396843 -22.21777160937902 0
1970 3.156151184463306 -20.35347316194718 0
1971 0.6814848872879808 -18.28724467622765 0
1972 0.8965869292199783 -21.30679218061632 0
1973 -0.9090011322615179 -19.90598564682924 0
1974 2.360983436722013 -1.710953224631129 0
1975 3.660373010763561 -25.05123064517209 0
1976 6.631112174954026 -11.9479890941387 0
1977 3.845183974183964 -11.35969085250023 0
1978 -0.5437084002027756 -11.56348007176094 0
1979 8.25212800322894 -19.37029677641411 0
1980 -2.462885863986656 -1.610583859387218 0
1981 0.8355789596976029 -14.66715567740177 0
1982 1.307247080598512 -2.115126445826648 0
1983 0.6499979211195681 -4.101153800772943 0
1984 -7.565546282083286 -31.00148877746852 0
1985 1.058624012126716 -30.24993104435859 0
1986 -2.238289095072531 -4.889961932775562 0
1987 -2.136822070405228 -4.632424370976407 0
1988 7.357327756094636 -17.83950587621999 0
1989 -1.636410621797304 -9.911294949948074 0
1990 10.24474524244764 -29.49074990376632 0
1991 -5.524169906247455 -6.305313134897391 0
1992 -8.984331585865545 -12.37517646443261 0
1993 -0.9831990755371436 -1.937660992240188 0
1994 -1.037810880040552 -15.50389006133096 0
1995 -4.650617712173279 -9.820314399881921 0
1996 4.701311747571835 -6.610818061175195 0
1997 4.589047972732052 -5.984844861690556 0
1998 0.8327216418124792 -0.6309417408482528 0
1999 -1.87390283150824 -12.88288197752554 0
2000 -3.72753146339017 -17.45632281879878 0
2001 -5.507342624712714 -34.13442325483192 0
2002 -9.233205330786628 -20.08171146910297 0
2003 3.10044488617952 -10.13189285703234 0
2004 1.225767609264286 -24.36302677361906 0
2005 -1.656435948713051 -5.913231390373322 0
2006 6.204911244832191 -9.181364990121494 0
2007 -0.07499999999743411 -4.043301270189308 0
2008 -0.05372074626910239 -4.091080285963808 0
2009 -5.172747694209783 -4.381819196622939 0
2010 -5.356250165026881 -4.85435279343526 0
2011 -2.217803425712304 -3.805477384740918 0
2012 -2.036168568947889 -3.922675751102076 0
2013 -0.4249999999984052 -4.041398748225134 0
2014 -0.3219053057574628 -4.043509900481851 0
2015 -1.708741674206087 -23.02471854959402 0
2016 2.262629834155689 -13.20977560631044 0
2017 -8.853788234602252 -14.163868907236 0
2018 -0.5249999999986824 -4.043769600706664 0
2019 -0.5474754537986137 -4.090665756835772 0
2020 -0.5991725599097382 -4.095308923071827 0
2021 -0.6264698403117506 -4.047611043466572 0
2022 1.418568019507897 -5.262533171980579 0
2023 4.050402221720837 -18.6990843780077 0
2024 2.451335023997996 -29.32949247329115 0
2025 -0.7261525882460118 -4.043005778978102 0
2026 -0.8249528362148491 -4.043894969572415 0
2027 0.8224287635164529 -4.050833475313413 0
2028 -5.326270358656615 -12.43451667642548 0
2029 9.12172133820469 -25.42069850852848 0
2030 -3.711591090724282 -3.378673406686559 0
2031 -3.487055544117588 -3.71434149515656 0
2032 1.586157822145068 -4.865916059035205 0
2033 0.03269420177817228 -4.324427302690299 0
2034 -2.427147244540766 -27.93684131378938 0
2035 8.548213673262705 -34.11778027329083 0
2036 3.009327279444618 -30.1352944205815 0
2037 9.286597472007374 -20.87574085408801 0
2038 5.836785581298324 -11.9725146903479 0
2039 0.3249997790437705 -4.037772700034346 0
2040 0.2282355380181627 -4.048853811337249 0
2041 -1.095176834393573 -2.875785101365399 0
2042 -1.11114102125244 -2.791915743021781 0
2043 -6.404180155076181 -14.61599062341999 0
2044 0.02543533686121085 -4.043897932683525 0
2045 0.1250000000024271 -4.0433012701891 0
2046 -3.186111104043034 -3.620002832306786 0
2047 -0.9215846792402114 -4.044962219294074 0
2048 -2.614435647052472 -4.166411896991876 0
2049 -2.688485992182725 -3.871112132807097 0
2050 0.8749182153564017 -4.048675230523759 0
2051 0.5250000000013173 -4.0433012701891 0
2052 0.433097255806144 -4.05380724583376 0
2053 -2.617499997487846 -23.07492266321663 0
2054 0.7249367938439408 -4.042809019593711 0
2055 0.6250000000010403 -4.04330127018912 0
2056 -7.560062119497342 -2.070438809760617 0
2057 1.52252539268257 -18.21922968464707 0
2058 9.262371250538919 -3.894454058708618 0
2059 -4.443134593315807 -8.807544547095356 0
2060 0.4220198818319807 -8.301551489219555 0
2061 4.413018232780152 -29.20358582602922 0
2062 2.43811566542195 -10.15142528478896 0
2063 0.1024220574715635 -4.089006056481478 0
2064 -7.285084673104189 -8.003185109415702 0
2065 8.309157110352931 -7.279147922487116 0
2066 9.264285559296514 -6.994928170759937 0
2067 -3.337397721185135 -12.97175462866415 0
2068 6.531876110774089 -8.088892127329748 0
2069 -1.542948944843189 -3.271015707944812 0
2070 0.2634475592607723 -4.097044545318417 0
2071 7.439906501821108 -2.718219813231969 0
2072 -1.040411536627018 -7.520748772744358 0
2073 0.4891508968994706 -4.845052852317267 0
2074 0.6717010707242572 -4.91102424552412 0
2075 9.311784025289311 -27.12528614122141 0
2076 -2.590035937809613 -2.450765147801306 0
2077 -1.043301270189207 -3.625000000000002 0
2078 -1.443812209906188 -4.691519620829313 0
2079 -2.002814479114439 -9.429590458825075 0
2080 -10.2050606362652 -1.489199919232872 0
2081 4.556750722683955 -8.219127902583828 0
2082 0.1267749917385733 -4.711183178203704 0
2083 0.9081009728657601 -4.15331088358093 0
2084 10.17846997716852 -33.50264229071007 0
2085 -9.508957457150041 -34.16735134025959 0
2086 -2.854775835712603 -28.79103144737982 0
2087 -3.885660614084991 -9.859752814785734 0
2088 1.043301270189222 -3.924999999999996 0
2089 1.100646379308932 -3.878112126760425 0
2090 1.165333581410314 -3.923504905298654 0
2091 0.01462356608380011 -10.35738208397574 0
2092 -3.049984120320845 -23.89756713055018 0
2093 -1.043301270189215 -3.224999999999998 0
2094 9.423181665669963 -0.8951283975419281 0
2095 -3.624559857218986 -6.474790047342693 0
2096 -1.049974547132033 -2.975154997024689 0
2097 -1.043301270189211 -2.875000000000006 0
2098 3.851669985786712 -2.815319896920495 0
2099 -2.337507582624285 -29.62453340457185 0
2100 -7.488198066569461 -19.96457305103981 0
2101 1.049877575296861 -3.626366053706336 0
2102 -2.643868197760355 -32.34557493663859 0
2103 -8.232102359110788 -20.6662251231705 0
2104 -1.761457723324753 -7.176007971036881 0
2105 1.045495093587496 -3.474999999999999 0
2106 1.09456958503888 -3.497265607112661 0
2107 1.044797693776213 -3.375 0
2108 1.100628088513352 -3.397564525784467 0
2109 -3.212905459453611 -7.225153134577073 0
2110 0.2563799354094163 -24.46273415180059 0
2111 -7.997018040696946 -6.785357414391672 0
2112 2.645429199338047 -6.654946508060043 0
2113 1.043916096186492 -3.324999999999999 0
2114 6.568664962926764 -32.4692364023561 0
2115 1.051134036369244 -4.568939643419005 0
2116 0.3921625826601327 -4.094069793160689 0
2117 -2.356798938221336 -5.397678704759561 0
2118 -2.755569954761269 -30.52802691511528 0
2119 1.051952956695844 -3.829947240221449 0
2120 1.039965337000997 -3.725328586189583 0
2121 1.10612150660131 -3.657576554030687 0
2122 -1.038539713259151 -3.824203335712313 0
2123 -1.044081523968541 -3.873690859115468 0
2124 -1.048575756001106 -3.725967834719483 0
2125 1.122189493959224 -2.227646622436128 0
2126 -9.206793567376367 -3.425030732295005 0
2127 -1.044695348481863 -2.774714523996409 0
2128 -1.449463672648276 -2.932447847489284 0
2129 1.046336813649737 -2.974775275937962 0
2130 1.045556543776349 -2.875 0
2131 1.097758276378636 -2.850000000000005 0
2132 -5.390289637442615 -24.80957539261161 0
2133 -1.993039249445807 -4.985905768993103 0
2134 -2.801984910237366 -4.883714742110714 0
2135 -8.68155468671665 -5.511679578014259 0
2136 -1.045107184120935 -2.474999999999998 0
2137 -1.346903831594941 -2.461900347723666 0
2138 -1.102189763574174 -33.35432021723231 0
2139 -1.043301270189223 -2.075000000000002 0
2140 1.047911791037691 -2.072799927032932 0
2141 1.096827328734453 -2.100000000000003 0
2142 -0.3275478149816397 -4.305405140243611 0
2143 9.314668617510781 -17.04029848646917 0
2144 -1.399797992668066 -3.47185202340785 0
2145 0.5874590625962163 -4.291012928690147 0
2146 0.6642415428763623 -4.32747072153908 0
2147 -0.4877387978315954 -4.918990905682082 0
2148 -0.5035940495660398 -4.679081420841048 0
2149 0.7880500518222017 -4.103099816991946 0
2150 -4.539694076603926 -5.07424725296183 0
2151 1.106904791992212 -2.324962240915592 0
2152 1.086618648627476 -2.167356417655829 0
2153 -7.963649838347357 -8.003320252934657 0
2154 -1.731897491114412 -4.581322374888453 0
2155 1.522412212088519 -3.92922424415343 0
2156 -4.181506944830898 -5.843805811092986 0
2157 -6.413618970597068 -24.9415044568388 0
2158 -0.1206161988825629 -8.341880266936826 0
2159 -0.4055289028703108 -8.80053438869399 0
2160 5.881403865209366 -2.968893619582315 0
2161 1.045840593642624 -2.774425019061703 0
2162 1.042568771171924 -2.674020410042139 0
2163 -2.244934572027983 -31.3452753225618 0
2164 -7.572707536953267 -21.71651829412176 0
2165 0.1468070301421863 -5.11752828599159 0
2166 6.288141119844875 -12.66496749109507 0
2167 1.043301270189228 -3.574999999999994 0
2168 -1.043301270189211 -3.574999999999998 0
2169 -1.054628279849336 -3.464210850860705 0
2170 -3.977238449379549 -23.94179945636484 0
2171 1.045221829121402 -2.474999999999997 0
2172 1.107662881238798 -2.512562549410466 0
2173 1.080540235586425 -1.91767858648641 0
2174 0.3550190614473957 -4.312279718813827 0
2175 0.7997378091045412 -5.96870036683811 0
2176 -0.9329842095395375 -5.498737348803686 0
2177 2.53035398758619 -4.602605255042579 0
2178 1.077008197851298 -1.119879024470421 0
2179 -1.450867903648382 -3.599869239068331 0
2180 -1.319813767111505 -3.879094957955697 0
2181 -0.9616005428168057 -17.01206466459515 0
2182 -0.3438150540423355 -1.866223184588577 0
2183 8.412840139457721 -0.8419991008614464 0
2184 0.2495995629656401 -7.530606141892491 0
2185 1.085582367241692 -5.982545545950082 0
2186 -7.53367753333192 -29.17343022140519 0
2187 -5.685736274068244 -5.816748138984497 0
2188 -1.258311121387547 -2.800626610869231 0
2189 0.4899712963207316 -4.703108167990186 0
2190 -1.21034818406589 -4.253864633155849 0
2191 -0.7897533142373938 -7.170154118343323 0
2192 1.235725565701586 -7.091019672448671 0
2193 5.039545591839771 -4.857598726375211 0
2194 2.297243690572882 -7.401555674497174 0
2195 2.760604509440138 -7.390123215438343 0
2196 1.59487219619025 -3.659974293367363 0
2197 1.601953417089833 -3.49379964731233 0
2198 -2.560406609499059 -5.638826689686486 0
2199 6.451399117419395 -24.86290271234217 0
2200 -1.047913316998237 -6.51823958705766 0
2201 1.045696871343998 -3.225000000000001 0
2202 1.084472530053626 -3.247449125638009 0
2203 -1.043818343471665 -3.327591983043341 0
2204 1.050090580032636 -3.125090105826688 0
2205 1.048441560470169 -3.024521760720273 0
2206 -1.043301270189203 -3.124999999999993 0
2207 -1.097222843111016 -3.15313364958061 0
2208 -1.052790504475869 -3.028586019224154 0
2209 -3.931047888868383 -1.237479823558409 0
2210 5.933150160510772 -13.44775991546359 0
2211 0.2618224513508045 -4.224752970699729 0
2212 -7.819515491656703 -27.53314908125975 0
2213 -0.1576982234253917 -1.874368295163428 0
2214 0.2653153004099029 -1.204838752085197 0
2215 1.558214795140998 -3.220242974729759 0
2216 1.465867937012143 -3.104942948650087 0
2217 1.527435580699443 -2.927336244083558 0
2218 2.269638104799197 -2.239914116706243 0
2219 -0.8483945558734801 -4.090556245734581 0
2220 -1.266081368782705 -7.926572869614443 0
2221 -1.25853777361376 -7.120140680634698 0
2222 7.738919346335478 -1.807969175388674 0
2223 10.23193404715207 -28.50590928115166 0
2224 -1.044120302091769 -2.273768703697288 0
2225 -1.046795768053283 -2.324794783949547 0
2226 -1.107519477071981 -2.352777219800282 0
2227 -1.138546708728782 -2.438865142069296 0
2228 -1.04924462992601 -2.177832177430087 0
2229 1.054024890096513 -2.274338296872426 0
2230 1.036334740651024 -2.172155467107733 0
2231 6.012863415203709 -33.36004986280564 0
2232 2.231545388379846 -2.644726542675011 0
2233 -1.093367492914759 -3.693475385102849 0
2234 -6.749628785711398 -13.35740550518564 0
2235 -1.938615748028983 -3.141985924707958 0
2236 -2.330004606350122 -2.930528519809908 0
2237 -3.410137551771698 -4.336647256920101 0
2238 6.866989959118703 -9.747089888718188 0
2239 -0.3576594381144196 -5.699164106448499 0
2240 0.04542622939099993 -4.618906875418819 0
2241 -6.357008595377597 -26.5724088000997 0
2242 -1.101847128087127 -5.715629974702366 0
2243 -1.387171461441653 -5.656741223134078 0
2244 0.9405000307939912 -4.627798124852932 0
2245 -0.110690907377287 -4.280480094390954 0
2246 -2.079794229109522 -3.272354137585203 0
2247 0.707042091775366 -4.738267831582919 0
2248 0.8212949104585174 -4.819156649682859 0
2249 1.03753438590444 -2.580700698690333 0
2250 -1.052965581638376 -2.674714417291646 0
2251 -1.040534992954888 -2.577207814792482 0
2252 1.245460985845359 -4.219274442858215 0
2253 -10.20128234094346 -18.54624740299822 0
2254 1.785158465648016 -2.355984400857145 0
2255 -1.437808498569873 -4.266764411884887 0
2256 -2.521329468552947 -3.125260880477086 0
2257 -2.318318184887779 -2.669397984062715 0
2258 -0.1708669401109175 -4.686914654032551 0
2259 -0.9501793093945965 -4.157106612580107 0
2260 -1.922197653857579 -4.610967443362085 0
2261 -3.373812286423981 -1.306065283016927 0
2262 -10.21532104233941 -25.51422311120242 0
2263 3.437888709243555 -4.721273883659916 0
2264 -0.791564973224872 -1.110800842135803 0
2265 -1.603063224016739 -1.280138659981625 0
2266 -4.959340294192284 -24.00564385532281 0
2267 -2.119639005364987 -17.26010278848856 0
2268 -0.860687963862797 -4.787678649390278 0
2269 5.19098524986556 -8.151451884248571 0
2270 7.09582062946414 -21.99299651084315 0
2271 2.467292021301623 -5.38705442928832 0
2272 6.366506384423205 -14.1863045277018 0
2273 -1.09477945548274 -3.548287303218411 0
2274 10.27658075336309 -5.486483106751606 0
2275 -1.86433130810725 -2.447975119321573 0
2276 -6.388396790653111 -2.863556918177412 0
2277 1.384156898661935 -4.342365586889781 0
2278 -7.361170533912633 -26.69623532602388 0
2279 1.043303346518436 -4.080011255579444 0
2280 -0.1743241863407864 -4.036972730536394 0
2281 9.29892275221377 -14.7896421486319 0
2282 5.007201376942896 -33.3966919970481 0
2283 -3.58814739611216 -4.737095324481209 0
2284 7.699585439862085 -5.408439189321158 0
2285 1.046359373485039 -2.425 0
2286 1.040846190455589 -2.324860107557602 0
2287 -1.04418895197689 -2.424999999999998 0
2288 -0.9577725330567249 -4.56092759014061 0
2289 -8.651641240346011 -6.830982579147569 0
2290 -1.771892670761969 -4.146545044652012 0
2291 0.9028594441356637 -4.094240899451643 0
2292 1.09348552899195 -2.745243326314855 0
2293 -2.659335236295902 -8.04449725734135 0
2294 -1.268492159510961 -4.359606438409754 0
2295 2.091394828237545 -10.72675801997121 0
2296 0.941906366971266 -6.245237990289908 0
2297 -1.092923349905693 -2.945206402422356 0
2298 -2.975063603054974 -3.841905173575044 0
2299 -1.101873852398723 -3.080884627702107 0
2300 -1.441964503822524 -5.24938352522332 0
2301 -2.425894431141495 -5.13522685648785 0
2302 0.9003831386296235 -8.211209076300642 0
2303 -5.487647767720632 -3.935972759570491 0
2304 -0.02847222222489402 -1.950731526320143 0
2305 -0.003754008039906481 -1.88030642671574 0
2306 0.0829064670014705 -1.898742611760583 0
2307 0.1742851493277571 -1.911752131538099 0
2308 0.05296812789437259 -1.814047184691553 0
2309 -0.07604124636971125 -1.898258699788559 0
2310 0.07741462673157883 -1.961405065106563 0
2311 0.827255927362949 -1.949198000376212 0
2312 0.4715277777763112 -1.948458188327599 0
2313 0.2247219876691439 -1.949886726306318 0
2314 0.2636523680805038 -1.887769061401043 0
2315 0.3196100273645843 -1.948680198552014 0
2316 0.3552436792810872 -1.876181213067209 0
2317 0.4285667984273712 -1.905072051505956 0
2318 0.5001353365924823 -1.883444253121832 0
2319 0.5730122477029777 -1.900510003686685 0
2320 0.5623554902778864 -1.820659275030538 0
2321 0.6422855552963547 -1.886134172622265 0
2322 -0.4308333333349113 -1.960742066372464 0
2323 -0.4500000000015222 -1.895444144288984 0
2324 -0.5288831130800851 -1.905921249912723 0
2325 -0.6016810194712556 -1.878929853214226 0
2326 -0.2722478529545079 -1.958217813921121 0
2327 -0.2502366293404061 -1.903480168592072 0
2328 -0.185262349614927 -1.947166080248646 0
2329 -0.525947667514321 -1.961280608730954 0
2330 -0.769938576572044 -1.955068342418557 0
2331 -0.7542970117654135 -1.871515616329305 0
2332 -0.6750000000009014 -1.9566987298109 0
2333 -0.4996325635876168 -4.084517085906914 0
2334 -0.556633918428274 -4.148585246640109 0
2335 0.9931486744888964 -1.838268304159767 0
2336 1.271617376804431 -4.445814547914625 0
2337 1.26249721938973 -4.587575600918699 0
2338 -2.028770212023924 -4.086910976219851 0
2339 8.360390015732971 -18.30040490708169 0
2340 0.1748014273979793 -1.963667517531015 0
2341 0.4258522485730872 -1.961017173846946 0
2342 -0.07563054270335749 -1.958471338389455 0
2343 -0.382112891053086 -1.943916369469938 0
2344 -3.501812205378221 -2.98796944728613 0
2345 -0.7964451973564812 -4.086248860889755 0
2346 -0.8828531982059046 -4.139743996940799 0
2347 -9.310327962615263 -19.10357212067155 0
2348 -0.2231996295647885 -4.836054687573459 0
2349 0.677349577622973 -1.949131684679751 0
2350 -1.131967340882364 -4.216904146728797 0
2351 7.174129543641858 -23.67400275110637 0
2352 3.940904189704713 -12.8838307614806 0
2353 -0.6293854236416909 -1.944727147945393 0
2354 -1.663437992448928 -5.627751462332895 0
2355 7.257677983150789 -4.783504229360036 0
2356 1.434020405749616 -22.00183771746546 0
2357 0.6017920727931352 -10.9046197668051 0
2358 0.7186670249341379 -1.902016195231286 0
2359 0.7974449675010602 -1.883045573887739 0
2360 -7.172426317268444 -9.19039714090664 0
2361 2.152819480373801 -4.270139428335621 0
2362 1.46423387712511 -3.666136974009948 0
2363 2.7795474590114 -10.70340543760044 0
2364 1.219408907942511 -4.138097670836344 0
2365 1.195503850823487 -10.11951908385465 0
2366 -1.087694613876876 -4.03308318289894 0
2367 -1.063595470917408 -4.373816880455077 0
2368 1.589068290005193 -5.913785508068251 0
2369 2.442662935934886 -3.981817838828734 0
2370 3.367583685363817 -1.408392763021887 0
2371 1.464883070941771 -3.433709688978035 0
2372 3.242500379649806 -2.747068336558361 0
2373 -6.378920355509161 -10.43812510426184 0
2374 2.399495882259468 -21.92860591604041 0
2375 -1.606133460226921 -1.965466438417608 0
2376 8.573759354270491 -11.10551328019364 0
2377 4.545989264962159 -19.39719443306909 0
2378 -2.068761314123306 -6.432326890972852 0
2379 1.102006184405133 -2.399999999999998 0
2380 1.180487454599854 -2.505890852191814 0
2381 -1.160532821110359 -3.144079931023442 0
2382 -10.26803165078566 -17.52512849018376 0
2383 -0.08440365158701539 -4.780258312594688 0
2384 0.7155875053655745 -4.278051370278265 0
2385 -0.5261976561264576 -4.479848831133463 0
2386 3.999999999971893 -33.44106183358523 0
2387 -1.102314509458775 -3.895406804482767 0
2388 -1.096901864580825 -2.699999999999996 0
2389 -1.372222137739715 -4.358341646795633 0
2390 1.029563452419665 -7.482821145986523 0
2391 -1.16674220041848 -4.375226208738356 0
2392 8.685495795564101 -12.47431423617442 0
2393 0.2473439484935622 -5.974640029761421 0
2394 0.3925567032141062 -6.165152956345239 0
2395 2.977836036667787 -1.040095261249409 0
2396 -0.05604343799310459 -5.15073671536802 0
2397 3.496458264674303 -13.65018785268601 0
2398 3.90811771276326 -1.282706177645269 0
2399 -10.3191206476758 -23.49999999994844 0
2400 -9.022640995511477 -22.79877272660549 0
2401 -1.097674718654334 -3.249219506205892 0
2402 0.8053337600008306 -16.20806470994765 0
2403 -0.06076724096273447 -4.174271999799976 0
2404 -0.5443435038659005 -1.644648192105492 0
2405 9.558986872885063 -7.945590348867232 0
2406 -3.384820896012497 -5.052612038385759 0
2407 -2.874181542169802 -5.117801428678671 0
2408 0.9938087258660089 -4.271897081469803 0
2409 6.023549245260083 -14.90767760686426 0
2410 10.34349172776089 -24.4740323563051 0
2411 -1.096514825091866 -2.5 0
2412 -6.707546068223396 -20.19184249074531 0
2413 0.6377982059233263 -5.097839826599937 0
2414 2.490705289723106 -3.400492425546287 0
2415 -0.8750000000003466 -1.956698729810899 0
2416 8.142896187421421 -6.05743854386973 0
2417 -6.375988855162707 -16.05018958162256 0
2418 -8.306359367215499 -33.3235783074558 0
2419 -0.1884429626261142 -4.313228709964183 0
2420 -6.002834054306797 -5.411215017014047 0
2421 0.4844256873978421 -7.897188555676127 0
2422 2.999999999968114 -33.4734295615051 0
2423 0.585916395828087 -1.053170247238622 0
2424 -1.103177035186269 -2.577914773278497 0
2425 0.9396800388038052 -1.902300890686274 0
2426 -1.096975647366276 -2.153755854315996 0
2427 0.6489981108685177 -6.221043011970983 0
2428 -0.06861271230020362 -5.994535024284521 0
2429 6.265806464483711 -2.26481594022735 0
2430 5.138299725102551 -20.19992660270765 0
2431 10.32296067323456 -22.5361252033751 0
2432 9.336686704727535 -30.70169663502303 0
2433 -7.157632592665893 -17.65282461415988 0
2434 -0.1053785721074599 -4.079997864963527 0
2435 3.639437461679208 -4.372413193102934 0
2436 -1.14667891112452 -3.578189332825277 0
2437 1.652617921795457 -5.051975262683368 0
2438 -1.043722653880144 -4.617440142308247 0
2439 -2.346898701396291 -8.390679359117289 0
2440 -6.826468081713703 -33.37803483306484 0
2441 2.431257186437928 -1.214024894582503 0
2442 3.154949274681556 -3.784797553000956 0
2443 -1.096492928975934 -3.823788909096535 0
2444 0.1500000000023558 -4.083904610339421 0
2445 -2.414889085160916 -4.010327036449926 0
2446 4.222209499644111 -6.279780340359587 0
2447 -1.998052823854612 -3.746251786290614 0
2448 -0.3912641515895124 -1.029442061024798 0
2449 -0.195043595294372 -0.5123235095421285 0
2450 -9.327174561276408 -16.40904269142507 0
2451 -1.131862721276884 -4.480308870175401 0
2452 -0.8315669524822967 -4.201664398128513 0
2453 -0.2749999999979889 -4.035759991205666 0
2454 3.479192263212088 -3.118389762914481 0
2455 -1.57401974438387 -3.382781708085818 0
2456 1.76068011046451 -3.400436770871221 0
2457 2.017127768658138 -16.52433164325279 0
2458 1.191234874855059 -2.073874035604051 0
2459 1.96654031151813 -2.230462662616788 0
2460 6.486881538240008 -15.64855012508734 0
2461 1.091935111588813 -3.151087844735259 0
2462 5.660639236247664 -8.7074964892309 0
2463 -0.4002915316218167 -4.085427190956686 0
2464 -1.234706629973451 -6.802296569493689 0
2465 -2.142201868305095 -2.79971209700809 0
2466 -1.094324356317366 -3.49630553164319 0
2467 8.520497977778616 -6.642155710471117 0
2468 -1.350390582954975 -2.779853397380362 0
2469 4.421235800812025 -3.34987789478573 0
2470 0.5926531239225197 -4.768957264341202 0
2471 1.402523269844067 -8.170552796808327 0
2472 9.492740484273433 -1.790699261353147 0
2473 -3.601524943514031 -4.056303231234537 0
2474 3.141187482568851 -11.29097087224602 0
2475 2.033017144154308 -33.48283534394398 0
2476 5.712212750612569 -20.96186330436399 0
2477 -1.084411003159329 -3.201176501753993 0
2478 -1.655138031568895 -18.50980553705128 0
2479 -5.56684919361887 -11.67798665530621 0
2480 3.338426861584738 -4.126534405935638 0
2481 -1.406985534238882 -3.884524927230804 0
2482 -2.463176229891952 -1.111428677534365 0
2483 -2.962084372839514 -0.8634733091177957 0
2484 0.2604400042112865 -4.155120911179901 0
2485 -1.036166695407755 -3.375000000000003 0
2486 -2.345966995455409 -1.894549808615882 0
2487 -0.55582814584808 -4.587980382790794 0
2488 2.631414291459069 -13.80245815150504 0
2489 9.390835433605291 -32.20785224633892 0
2490 1.092019106992783 -3.047398526827584 0
2491 0.7040181162587631 -4.079477180541292 0
2492 9.494896267542785 -3.123560744369367 0
2493 1.086291124572272 -3.448879447244169 0
2494 -1.995140563915 -5.923507929849914 0
2495 2.503403543757316 -17.1785508850571 0
2496 -10.40189634444943 -15.4999999999329 0
2497 9.396289043937434 -16.33160423005286 0
2498 2.032452656172376 -1.691749874208363 0
2499 1.705631494851581 -1.535802977313275 0
2500 1.567709528088033 -1.194641830299799 0
2501 1.369113911792532 -2.864791516332767 0
2502 -0.9866415224664005 -4.767206021628406 0
2503 -0.5340270100019288 -1.807067530865864 0
2504 0.9229448558933379 -4.74728682937917 0
2505 0.5970657471562399 -4.082439980442241 0
2506 1.086894400229304 -2.950442545095407 0
2507 1.142451769816709 -2.961347830475916 0
2508 1.172872331589819 -2.823473625910665 0
2509 -2.2384945510652 -6.694257925816951 0
2510 -6.942340046600428 -31.50228993293665 0
2511 -0.7102531105858486 -4.092892473646807 0
2512 -1.593692342803968 -2.932080895156819 0
2513 0.4669522804382529 -5.165846762742206 0
2514 1.149062793251491 -4.629273668052212 0
2515 -2.665920412801479 -5.08670850214682 0
2516 0.7233699871776567 -1.960226224381353 0
2517 0.5747981649621586 -1.959705995040554 0
2518 2.280430982302939 -14.45724418242059 0
2519 -0.03100698116214341 -4.135627446125381 0
2520 -2.13923084087004 -13.43393637132643 0
2521 2.51558848540037 -7.74249055613943 0
2522 -10.26794919242866 -34.26794919242641 0
2523 10.26794919242816 -34.26794919242815 0
2524 6.952797278751047 -16.39346501054651 0
2525 -10.27661307488721 -0.7233869251108886 0
2526 10.27304073544912 -0.7269592645531417 0
2527 -0.9043365155396268 -1.902861888640329 0
2528 -9.552016587842262 -4.081287592746421 0
2529 1.162526564813426 -33.4403053483196 0
2530 6.232157674197967 -8.577237054156914 0
2531 9.547753491683897 -20.00362785008054 0
2532 6.442461808205721 -20.83105067893149 0
2533 1.095564045088599 -3.200791802034624 0
2534 1.160341727349368 -3.695109095452111 0
2535 -1.088834348523704 -2.226471900363344 0
2536 -9.567506913708677 -26.0408974193671 0
2537 1.381077569944306 -4.099586571211275 0
2538 -9.641177761711093 -11.97106686081118 0
2539 -9.605525468770585 -13.95160178816901 0
2540 1.106665204871906 -2.036378637256167 0
2541 0.05621084083944518 -4.085271534623677 0
2542 -0.6760967799696975 -1.889986835744111 0
2543 -2.496372343565817 -9.191615803103524 0
2544 1.099921873107998 -2.910728594459766 0
2545 2.79916146995858 -5.745893211247224 0
2546 0.7444527357585109 -4.079883507151083 0
2547 1.581989063859983 -5.191590090316637 0
2548 -0.2613635341235809 -4.337258952373243 0
2549 -3.647696368555742 -2.622556925485225 0
2550 1.104506306965575 -3.295489786538404 0
2551 -1.042734969141145 -8.264261634999494 0
2552 1.560617321391378 -14.52348839975754 0
2553 -2.012878615927912 -0.838743453029712 0
2554 1.951299812414575 -0.9001876855909835 0
2555 9.61655063285993 -28.0584010510882 0
2556 1.219372082977354 -15.18545177349657 0
2557 2.84046777271145 -8.536835496759952 0
2558 -6.640592018725174 -15.32335999748859 0
2559 1.97806225941138 -8.715134969562106 0
2560 1.606885817189293 -3.830822635165525 0
2561 7.970625520250839 -9.278404484724653 0
2562 -1.059585906731807 -0.7698177899559246 0
2563 1.091655632634709 -2.595591025904401 0
2564 0.3037904457757672 -33.43097655255149 0
2565 1.420411553218776 -3.213755954544287 0
2566 7.407017414084856 -17.10388966988089 0
2567 8.821976441774146 -10.41242375117038 0
2568 -1.354496529845716 -5.421090068586256 0
2569 -0.4549619308059727 -4.086241444174973 0
2570 -1.535298967982371 -3.713056215102392 0
2571 1.175064220054949 -3.303737732601553 0
2572 -1.595867706230769 -20.02058534982246 0
2573 -8.622639566647999 -27.54070514762951 0
2574 1.103281243857096 -2.794803613278416 0
2575 0.6848466773561155 -4.406142971072354 0
2576 -0.892638505430527 -4.083018970492558 0
2577 3.511871579264171 -11.8684507024075 0
2578 0.4895845598290335 -4.082680290462635 0
2579 1.178912950810102 -3.381402905912685 0
2580 6.605555308457966 -22.5126222167264 0
2581 -0.1666071069078079 -4.999012417514193 0
2582 5.018358147007451 -5.762560757263602 0
2583 -0.5065027137928511 -4.192688793136424 0
2584 0.8560627062746107 -4.949166559867152 0
2585 1.355413950089258 -4.680971250840665 0
2586 -0.04142542410736337 -4.32222667519492 0
2587 -2.174141780711397 -9.983133210765191 0
2588 -1.628527419883874 -4.696002244127284 0
2589 9.471339159005501 -26.15794984623012 0
2590 1.088960794236568 -3.545336477658593 0
2591 -6.810115547612524 -2.182226940037613 0
2592 1.339737482687454 -4.209161104944092 0
2593 2.262870165723708 -3.854038291860957 0
2594 0.315553244104094 -4.255240528521353 0
2595 -2.102118453557254 -1.70577424184848 0
2596 9.239673772691431 -8.428179431931778 0
2597 -9.637234098023521 -12.97816939124185 0
2598 -6.111029776081237 -19.05813965986528 0
2599 -1.322693609604204 -1.515499367993398 0
2600 -3.72960650673873 -6.811755569724444 0
2601 -1.248900446339696 -2.423092954983863 0
2602 -6.001251124626164 -3.995669882814666 0
2603 -1.082193969264356 -2.447773028413858 0
2604 0.01614369082874792 -4.726550755937541 0
2605 1.089513626338148 -2.452223188800855 0
2606 -2.053157398348252 -18.96107726043126 0
2607 1.06176205358556 -1.981207339893352 0
2608 -4.007747968502239 -0.6905376537908203 0
2609 -1.636470066945979 -1.767971793538134 0
2610 -1.767581366473745 -1.573955343442987 0
2611 -1.339186668296915 -4.464556195602308 0
2612 -1.089409963826204 -2.74710477061645 0
2613 7.708338381990968 -9.894576126272115 0
2614 -5.487386217011545 -13.22287968627815 0
2615 -9.414260644239022 -14.64697117573865 0
2616 -7.14130543909662 -1.47510571266753 0
2617 -1.088015564245858 -2.2976648290316 0
2618 6.977261764336637 -2.251986977657216 0
2619 -7.874673329719553 -1.406374481106656 0
2620 -1.221468527302349 -32.65301447167084 0
2621 -2.016928669424501 -4.795094922368349 0
2622 1.601917396168323 -4.066273189675208 0
2623 5.547806223932775 -5.908956035955717 0
2624 -2.25997259911606 -2.433836825085165 0
2625 -6.425048123591288 -3.805053973472571 0
2626 1.525841803726793 -6.136784221267162 0
2627 2.350327853133711 -4.197401137642735 0
2628 -6.761356164132867 -14.0616168142063 0
2629 1.146321927871491 -3.035404249534343 0
2630 0.9175777974275581 -4.302371291103465 0
2631 1.261140863734398 -2.859316594033905 0
2632 1.069519958524807 -6.502601072810235 0
2633 -0.9562038313179708 -14.02699832860946 0
2634 -1.219011983321701 -3.122278200413517 0
2635 0.9204701376742285 -1.950661023380419 0
2636 1.085728078303156 -3.349999999999995 0
2637 -1.492299970982182 -15.89108554755967 0
2638 -1.426594058739299 -2.386078672286969 0
2639 -6.88376312802081 -29.73170839708977 0
2640 1.220127029700053 -3.916076834346423 0
2641 -0.7528450831352875 -4.077612671948959 0
2642 -2.413260741935888 -5.842427702887261 0
2643 1.145336440277095 -3.974660387667798 0
2644 -9.647346645719491 -11.11713309215938 0
2645 -1.085210684127942 -3.408632068830452 0
2646 0.8487365804213159 -7.792336349229459 0
2647 1.541450950470004 -1.703969721672278 0
2648 1.139164344383202 -3.240644988566398 0
2649 6.687942008714893 -24.14706268044462 0
2650 0.2895273298394494 -5.214583538400531 0
2651 0.8695889674525246 -1.909382903684744 0
2652 -1.42690071661459 -2.823037559248463 0
2653 -5.750382319640014 -5.032133455931712 0
2654 8.713094683135427 -14.23592063659146 0
2655 1.89427239894235 -3.29748173792487 0
2656 0.8404890517257164 -4.340941147092231 0
2657 -1.898639144298358 -3.869751638508389 0
2658 10.4888110735618 -4.514912447863616 0
2659 -0.02262174523984256 -1.071255873473202 0
2660 1.008228246993586 -4.114212206637153 0
2661 1.59286475361689 -3.350441963008213 0
2662 9.603151974793063 -6.110584111924988 0
2663 0.2478744214345736 -4.382991846781073 0
2664 -0.7847624792846288 -1.741761112249123 0
2665 -3.946831775696389 -4.09295528217368 0
2666 2.661249599707412 -3.574826369469089 0
2667 -0.7795180319547148 -4.252151003136321 0
2668 -1.078304562083432 -3.648573683568685 0
2669 2.985999443446569 -17.83241963797857 0
2670 1.213796131222802 -2.453370777297063 0
2671 -1.433192465491443 -4.524760893848111 0
2672 1.190747089895043 -2.382308002684575 0
2673 9.612719764764858 -29.89307731756357 0
2674 -9.526116414723745 -2.790948742744027 0
2675 -1.369615153085119 -3.640919720534629 0
2676 -1.964745706126573 -13.90960912812991 0
2677 0.7759236039206641 -5.238793489921792 0
2678 -1.086199356412772 -3.602094884938419 0
2679 1.143245550287085 -2.15043214633976 0
2680 -1.084508867418632 -2.405630770040489 0
2681 5.322059084312118 -6.710816001890482 0
2682 0.8718470106566272 -3.955587574761307 0
2683 -0.8718470106566392 -2.044412425238697 0
2684 0.955587574761311 -2.128152989343588 0
2685 -0.9555875747613065 -3.871847010656408 0
2686 0.1789397471653442 -3.84385583085548 0
2687 -0.1789397471653458 -2.156144169144517 0
2688 0.2750000000013211 -3.843301270189089 0
2689 -0.2750000000013211 -2.156698729810911 0
2690 0.7230662432704419 -3.842184815220657 0
2691 -0.7230662432704481 -2.157815184779341 0
2692 0.0698013603168416 -3.844190716312045 0
2693 -0.06980136031683949 -2.155809283687951 0
2694 0.8380327267433911 -2.227003930546087 0
2695 -0.83803272674339 -3.772996069453916 0
2696 0.3750000000010362 -3.843301270189099 0
2697 -0.3750000000010362 -2.156698729810901 0
2698 0.4750000000007516 -3.843301270189101 0
2699 -0.475000000000751 -2.156698729810901 0
2700 0.5750000000004811 -3.843301270189109 0
2701 -0.5750000000004789 -2.15669872981089 0
2702 0.8433012701890856 -2.474999999999486 0
2703 -0.8433012701890856 -3.525000000000518 0
2704 0.8433012701891234 -2.324999999999695 0
2705 -0.8433012701891234 -3.675000000000309 0
2706 0.8433012701890856 -2.574999999999167 0
2707 -0.8433012701890856 -3.42500000000083 0
2708 -0.955809283687963 -2.230198639685181 0
2709 0.9558092836879643 -3.769801360314815 0
2710 0.8433012701890856 -2.674999999998854 0
2711 -0.8433012701890856 -3.32500000000115 0
2712 0.8433012701890856 -2.774999999998538 0
2713 -0.8433012701890856 -3.225000000001462 0
2714 -0.0249999999972686 -3.956698729810786 0
2715 0.02499999999727136 -2.043301270189213 0
2716 0.8433012701890858 -2.874999999998222 0
2717 -0.8433012701890858 -3.125000000001778 0
2718 0.9566987298107782 -3.525000000000002 0
2719 -0.9566987298107782 -2.474999999999998 0
2720 0.9566987298107782 -3.674999999999997 0
2721 -0.9566987298107782 -2.324999999999999 0
2722 0.7749999999999196 -2.156698729810795 0
2723 -0.7749999999999063 -3.843301270189208 0
2724 0.843301270189204 -2.974999999998015 0
2725 -0.8433012701891803 -3.025000000001955 0
2726 0.9566987298107782 -3.275000000000002 0
2727 -0.9566987298107782 -2.725000000000001 0
2728 0.9566987298107782 -3.424999999999999 0
2729 -0.9566987298107782 -2.574999999999997 0
2730 0.9566987298107782 -3.175000000000004 0
2731 -0.9566987298107782 -2.824999999999996 0
2732 0.9566987298107782 -3.075000000000001 0
2733 -0.9566987298107782 -2.924999999999999 0
2734 -0.4749999999991153 -3.843301270189338 0
2735 0.4749999999991154 -2.156698729810658 0
2736 -0.6749999999996618 -3.843301270189324 0
2737 0.6749999999996618 -2.156698729810676 0
2738 -0.37499999999886 -3.843301270189341 0
2739 0.3749999999987479 -2.153299968138906 0
2740 -0.1249999999981473 -3.843301270189332 0
2741 0.1249999999981849 -2.156698729810679 0
2742 -0.2749999999985839 -3.843301270189407 0
2743 0.2749999999986152 -2.156698729810664 0
2744 -0.5749999999994067 -3.843301270189338 0
2745 0.574999999999403 -2.156698729810656 0
2746 0.8230166263406883 -2.154997263244105 0
2747 -0.8230166263406877 -3.845002736755891 0
2748 0.9566987298107782 -3.874999999999996 0
2749 -0.9566987298107782 -2.125 0
2750 0.6250000000010402 -3.956698729810898 0
2751 -0.6250000000010402 -2.043301270189102 0
2752 0.775000000000624 -3.956698729810898 0
2753 -0.775000000000624 -2.043301270189102 0
2754 -0.9566987298107782 -3.625000000000001 0
2755 0.9566987298107782 -2.374999999999998 0
2756 -0.8433012701893149 -2.625000000001091 0
2757 0.8433012701893159 -3.374999999998904 0
2758 0.1250000000024271 -3.956698729810898 0
2759 -0.1250000000024271 -2.043301270189102 0
2760 0.225000000002147 -3.956698729810898 0
2761 -0.2250000000021475 -2.043301270189103 0
2762 0.325000000001871 -3.956698729810896 0
2763 -0.325000000001869 -2.043301270189108 0
2764 0.430198639686694 -3.955809283687899 0
2765 -0.4301986396866956 -2.0441907163121 0
2766 0.5250000000013174 -3.956698729810898 0
2767 -0.5250000000013174 -2.043301270189102 0
2768 0.9558092836878709 -2.280198639685139 0
2769 -0.9558092836878671 -3.719801360314866 0
2770 -0.8433012701893416 -2.375000000000473 0
2771 0.8433012701893541 -3.624999999999577 0
2772 -0.2249999999978501 -3.956698729810658 0
2773 0.2249999999978501 -2.043301270189342 0
2774 -0.9566987298107821 -3.474999999999995 0
2775 0.9566987298106994 -2.525000000000047 0
2776 0.8433012701892952 -3.724999999999886 0
2777 -0.8433012701893016 -2.275000000000112 0
2778 0.9566987298107349 -2.625000000000054 0
2779 -0.9566987298107741 -3.375000000000024 0
2780 -0.8749999999996538 -3.956698729810658 0
2781 0.8749999999996537 -2.043301270189342 0
2782 0.8433012701892859 -3.47499999999922 0
2783 -0.8433012701892826 -2.525000000000779 0
2784 0.9566987298107793 -2.725000000000021 0
2785 -0.9566987298107739 -3.275000000000004 0
2786 -0.5249999999986823 -3.956698729810658 0
2787 0.5249999999986823 -2.043301270189342 0
2788 -0.7289397471629735 -3.956144169144447 0
2789 0.7289397471629723 -2.043855830855553 0
2790 0.9566987298107847 -2.824999999999991 0
2791 -0.9566987298107767 -3.175000000000015 0
2792 -0.4249999999984049 -3.956698729810658 0
2793 0.4301986396836794 -2.044190716312066 0
2794 -0.6198013603138884 -3.955809283687956 0
2795 0.6198013603138871 -2.044190716312042 0
2796 -0.3249999999981275 -3.956698729810658 0
2797 0.3198013603130626 -2.044190716312047 0
2798 0.8433012701892655 -3.224999999998611 0
2799 -0.8433012701892727 -2.775000000001394 0
2800 0.9558092836879579 -2.930198639684845 0
2801 -0.9558092836879186 -3.069801360315136 0
2802 0.8433012701893079 -3.124999999998308 0
2803 -0.8433012701893016 -2.875000000001718 0
2804 0.02499999999793295 -2.156698729810779 0
2805 -0.02499999999793295 -3.843301270189221 0
2806 -0.7974011840226966 -3.885576541254926 0
2807 0.7974011840226987 -2.114423458745073 0
2808 -0.1305156460267889 -3.957738249888882 0
2809 0.1305156460268303 -2.042261750111135 0
2810 0.7460215006351042 -2.112866834750529 0
2811 -0.7460215006351056 -3.887133165249469 0
2812 -0.8499999999998844 -3.886602540378483 0
2813 -0.8749999999998943 -3.843301270189255 0
2814 0.84999999999988 -2.113397459621511 0
2815 0.8749999999998929 -2.156698729810737 0
2816 -0.7749999999998071 -3.929903810567716 0
2817 0.774999999999805 -2.070096189432282 0
2818 0.9095690489196664 -2.117110143419833 0
2819 -0.9095690489196625 -3.882889856580159 0
2820 -0.02500000000270042 -2.043301270189152 0
2821 -2.784644043130058e-12 -2.084483984532481 0
2822 0.05551564602658536 -2.085260369465273 0
2823 -0.05393974716615732 -2.086940921876721 0
2824 -0.02500000000284638 -2.129903810567456 0
2825 0.02500000000270467 -3.95669872981085 0
2826 2.794348664495831e-12 -3.915516015467519 0
2827 -0.05551564602655588 -3.914739630534713 0
2828 0.05393974716616337 -3.913059078123282 0
2829 0.02500000000286555 -3.87009618943255 0
2830 0.8433012701892482 -3.274999999998681 0
2831 0.8844839845326137 -3.249999999998669 0
2832 0.884130891891672 -3.299999999998752 0
2833 0.8841308918916508 -3.199999999998547 0
2834 0.9299038105677637 -3.224999999998714 0
2835 -0.8433012701892483 -2.725000000001315 0
2836 -0.8844839845326156 -2.750000000001318 0
2837 -0.8841308918916762 -2.700000000001234 0
2838 -0.8841308918916599 -2.800000000001456 0
2839 -0.9299038105677699 -2.775000000001271 0
2840 0.8411827143433617 -3.774999999999935 0
2841 0.8408296217023725 -3.824999999999907 0
2842 0.7995880585855938 -3.853867513459361 0
2843 0.8434256983147753 -3.87459664903822 0
2844 0.8807092200028577 -3.841599441506305 0
2845 0.88694092187684 -3.753939747163602 0
2846 0.8845403814490949 -3.700656624527183 0
2847 0.8008027698844435 -3.906825859350273 0
2848 0.929903810567829 -3.725000000000045 0
2849 0.88660254037842 -3.899999999999742 0
2850 0.8433012701893192 -3.574999999999401 0
2851 0.8866025403786267 -3.59999999999947 0
2852 0.8844839845326611 -3.549999999999353 0
2853 0.9240486009447586 -3.566666666666255 0
2854 0.9299950023968298 -3.623809523809358 0
2855 -0.8433012701893038 -2.425000000000601 0
2856 -0.8866025403786143 -2.400000000000549 0
2857 -0.8844839845327168 -2.350000000000355 0
2858 -0.8844839845326541 -2.450000000000649 0
2859 -0.9299038105679064 -2.375000000000548 0
2860 -0.8411827143433643 -2.225000000000068 0
2861 -0.8408296217023827 -2.1750000000001 0
2862 -0.7995880585856092 -2.146132486540641 0
2863 -0.8434256983148006 -2.125403350961787 0
2864 -0.8807092200028702 -2.158400558493704 0
2865 -0.8869409218768413 -2.246060252836396 0
2866 -0.8008027698844671 -2.093174140649728 0
2867 -0.8866025403784539 -2.100000000000283 0
2868 -0.884187288808081 -2.29934337547288 0
2869 -0.929903810567829 -2.274999999999932 0
2870 -0.8433012701894352 -2.325000000000216 0
2871 0.8433012701893341 -3.424999999999064 0
2872 0.8844839845326953 -3.399999999999024 0
2873 0.8841308918916716 -3.449999999999164 0
2874 0.8858375063231257 -3.349999999998869 0
2875 0.9284523490752983 -3.380515646028331 0
2876 0.9281945556276689 -3.320272303402797 0
2877 -0.8433012701893281 -2.575000000000929 0
2878 -0.8844839845326923 -2.600000000000967 0
2879 -0.8841308918916675 -2.550000000000832 0
2880 -0.885837506323129 -2.650000000001119 0
2881 -0.9299038105679122 -2.625000000001048 0
2882 -0.9238622464953508 -2.683333333334116 0
2883 -0.8837189504771692 -2.500000000000735 0
2884 -0.9299038105677976 -2.525000000000726 0
2885 0.883718950477173 -3.499999999999268 0
2886 0.9299038105678024 -3.474999999999276 0
2887 0.07726825369866529 -2.158008306695331 0
2888 0.1014289920175218 -2.112352091794961 0
2889 0.1525064190354411 -2.11453280853492 0
2890 -0.8433012701891522 -3.625000000000345 0
2891 -0.8844839845324476 -3.650000000000352 0
2892 -0.8813798334004821 -3.604166666666966 0
2893 -0.8869409218766586 -3.703939747163868 0
2894 -0.929903810567462 -3.675000000000341 0
2895 0.8429575770344173 -3.675109437420979 0
2896 -0.07726825369862875 -3.841991693304657 0
2897 -0.1014289920174659 -3.887647908205032 0
2898 -0.1525064190353536 -3.885467191465129 0
2899 0.8433012701891484 -2.374999999999649 0
2900 0.8844839845324475 -2.349999999999646 0
2901 0.881379833400422 -2.39583333333306 0
2902 0.8869409218766591 -2.296060252836137 0
2903 0.9299038105674624 -2.324999999999666 0
2904 -0.8428893287748075 -2.825000000001557 0
2905 -0.8840033862157624 -2.850000000001617 0
2906 -0.8840507921721665 -2.900000000001802 0
2907 -0.9299038105678704 -2.875000000001742 0
2908 0.8433012701893186 -3.074999999998199 0
2909 0.8844839845326886 -3.099999999998257 0
2910 0.8841308918916707 -3.049999999998103 0
2911 0.8837189504771963 -3.149999999998395 0
2912 0.9299038105678727 -3.124999999998299 0
2913 0.842889328774777 -3.024999999998053 0
2914 0.8861219420615696 -2.999999999997981 0
2915 0.8858655666667086 -2.951084617518495 0
2916 0.9299038105677748 -3.024999999997911 0
2917 0.9262065159716885 -2.971151635117888 0
2918 -0.1754177365044787 -3.84311204537047 0
2919 -0.2004873592555107 -3.884263222244104 0
2920 -0.175822534750241 -3.929289840535925 0
2921 0.8429974469538756 -3.52499999999931 0
2922 0.8840982078234598 -3.649929264292754 0
2923 -0.8429974469538738 -2.475000000000695 0
2924 0.8430689347740137 -3.174999999998459 0
2925 -0.9566987298107845 -3.425000000000013 0
2926 -0.9155160154674529 -3.400000000000031 0
2927 -0.915869108108419 -3.350000000000025 0
2928 -0.8700961894324133 -3.375000000000052 0
2929 -0.9158691081084354 -3.45 0
2930 -0.9159279568819203 -3.499999999999966 0
2931 -0.8700961894324197 -3.474999999999982 0
2932 -0.9571106712252535 -3.325000000000005 0
2933 -0.9159966137843406 -3.300000000000008 0
2934 -0.9159492078279154 -3.249999999999997 0
2935 -0.8700961894324076 -3.274999999999973 0
2936 -0.9571204793541704 -3.524999999999972 0
2937 -0.9187591150923842 -3.545833333333357 0
2938 -0.8433012701892162 -2.975000000001947 0
2939 -0.8866025403783935 -3.000000000001988 0
2940 -0.8858864172809348 -3.048915382481415 0
2941 -0.9262662122729302 -3.028848364882071 0
2942 -0.9303118040150028 -2.975549766412558 0
2943 -0.8428759788215225 -2.925000000001849 0
2944 -0.9571240211785091 -3.225000000000004 0
2945 -0.9160121887297962 -3.200000000000023 0
2946 -0.9159518036521398 -3.150000000000023 0
2947 -0.8700961894324142 -3.17500000000006 0
2948 -0.95669872981072 -3.12500000000004 0
2949 -0.91854455694304 -3.103300226719529 0
2950 -0.07683854867382081 -3.959214234155223 0
2951 0.9566987298107863 -2.775000000000008 0
2952 0.9155160154674589 -2.799999999999994 0
2953 0.9158691081084294 -2.849999999999979 0
2954 0.8700961894324217 -2.82499999999998 0
2955 0.9158691081084345 -2.750000000000021 0
2956 0.9159279568819121 -2.700000000000058 0
2957 0.8700961894324174 -2.725000000000044 0
2958 0.9571204793541606 -2.67500000000004 0
2959 0.9160080566013735 -2.650000000000087 0
2960 0.9159511149640001 -2.600000000000121 0
2961 0.8700961894323594 -2.625000000000139 0
2962 0.9571243390344699 -2.575000000000066 0
2963 0.9160125595617298 -2.550000000000122 0
2964 0.9159518654573326 -2.500000000000133 0
2965 0.8700961894322498 -2.525000000000119 0
2966 0.9571244641166148 -2.475000000000076 0
2967 0.918763763981888 -2.454166666666736 0
2968 0.9589736464730374 -2.427962698145106 0
2969 0.9566987298107593 -2.874999999999952 0
2970 0.9185307743524274 -2.896699773280444 0
2971 -0.958972207531094 -3.572037301854966 0
2972 -0.9586690446361961 -2.175866439947526 0
2973 -0.9133974596215837 -2.199999999999982 0
2974 0.8427618230988936 -3.324999999998788 0
2975 0.9614588464742686 -3.924418632934669 0
2976 0.6250000000003565 -3.843301270189105 0
2977 0.6000000000004274 -3.884483984532387 0
2978 0.6500000000003229 -3.88413089189141 0
2979 0.5500000000005546 -3.884130891891413 0
2980 0.5750000000004978 -3.929903810567334 0
2981 -0.6250000000003575 -2.156698729810888 0
2982 -0.6000000000004173 -2.115516015467609 0
2983 -0.6500000000003254 -2.115869108108583 0
2984 -0.5500000000005461 -2.115869108108584 0
2985 -0.5750000000004838 -2.070096189432669 0
2986 0.07683854867383173 -2.040785765844774 0
2987 0.9586690446361954 -3.824133560052472 0
2988 0.9133974596215856 -3.800000000000013 0
2989 -0.9614588464742742 -2.075581367065326 0
2990 -0.9573993574940679 -3.823963073250036 0
2991 -0.9566672600708408 -3.773960738927498 0
2992 -0.9124376501981385 -3.799662496598677 0
2993 -0.9150141071152706 -3.747629607945171 0
2994 0.8194843539705028 -2.04226175011125 0
2995 -0.819484353970502 -3.957738249888749 0
2996 0.9244186329344637 -2.038541153525801 0
2997 -0.924418632934462 -3.961458846474198 0
2998 -0.225150849292317 -3.842879846363821 0
2999 -0.250106368090324 -3.884023860872797 0
3000 -0.3000177280139716 -3.884054204615141 0
3001 -0.2749999999986546 -3.92990381056821 0
3002 0.2249999999984704 -2.15669872981066 0
3003 0.249999999998557 -2.115516015467265 0
3004 0.2989153824781831 -2.114205495630318 0
3005 0.2749999999986364 -2.070096189431991 0
3006 0.2004177365045942 -2.116058332927191 0
3007 0.9573993574940768 -2.176036926749964 0
3008 0.9566672600708479 -2.226039261072504 0
3009 0.9124376501981535 -2.200337503401327 0
3010 0.9150141071152796 -2.252370392054834 0
3011 -0.5249999999992575 -3.843301270189348 0
3012 -0.5499999999993457 -3.884483984532743 0
3013 -0.6039397471630441 -3.886940921876877 0
3014 -0.5749999999994323 -3.929903810568026 0
3015 -0.499999999999199 -3.884130891891751 0
3016 -0.4499999999990546 -3.884072043118246 0
3017 -0.4749999999991265 -3.929903810568029 0
3018 0.5249999999992548 -2.156698729810654 0
3019 0.5499999999993326 -2.115516015467254 0
3020 0.6039397471630381 -2.113059078123113 0
3021 0.5749999999994035 -2.070096189431966 0
3022 0.4999999999991889 -2.115869108108251 0
3023 0.4510846175195093 -2.114220814448896 0
3024 0.4749999999991083 -2.07009618943198 0
3025 0.8411212421415392 -2.422037301854569 0
3026 0.6746777072119889 -3.842703252946563 0
3027 0.6996239917472071 -3.885904853595258 0
3028 0.666603998624995 -3.923873471040519 0
3029 0.7227357070709157 -3.930230943280229 0
3030 0.7538765984717312 -3.882190486235579 0
3031 -0.674677707211994 -2.157296747053433 0
3032 -0.6996239917472213 -2.114095146404742 0
3033 -0.6666039986249993 -2.076126528959477 0
3034 -0.7227357070709246 -2.069769056719773 0
3035 -0.7538765984717447 -2.11780951376442 0
3036 -0.8418723394549198 -3.072550976714493 0
3037 -0.3250029546679492 -3.842876547562102 0
3038 -0.3500034471128869 -3.883988474800947 0
3039 -0.4000005745179417 -3.883626557393041 0
3040 -0.3749999999988791 -3.929903810568036 0
3041 0.1754873592555549 -2.157331433513908 0
3042 0.1758199456970558 -2.070722117099776 0
3043 -0.8411212421415627 -3.577962698145415 0
3044 0.175000000002288 -3.958817285656724 0
3045 0.1948013603168728 -3.91281066433389 0
3046 0.2491335600545161 -3.915418216252974 0
3047 0.2250000000021368 -3.870096189432703 0
3048 0.2748555933440815 -3.957035522582761 0
3049 0.2998315255676894 -3.91590894036813 0
3050 0.3499719209294201 -3.915934595592005 0
3051 0.3250000000018717 -3.870096189432696 0
3052 -0.1750000000022881 -2.041182714343276 0
3053 -0.1948013603168753 -2.087189335666108 0
3054 -0.2491335600545157 -2.084581783747031 0
3055 -0.2250000000021433 -2.129903810567297 0
3056 -0.2748555933440804 -2.042964477417244 0
3057 -0.2998315255676838 -2.084091059631876 0
3058 -0.3499719209294181 -2.084065404407999 0
3059 -0.3250000000018564 -2.129903810567317 0
3060 0.3749999999983016 -2.043597752230246 0
3061 0.3966997732793064 -2.081930580735562 0
3062 0.3527501889309702 -2.08115192079504 0
3063 0.1247901845815595 -3.843541937987306 0
3064 0.1500000000017104 -3.886602540378165 0
3065 -0.1247901845815595 -2.156458062012688 0
3066 -0.1500000000017144 -2.11339745962183 0
3067 -0.8427618230988947 -2.675000000001206 0
3068 0.525000000000615 -3.84288932877464 0
3069 0.5000000000006817 -3.884003386215499 0
3070 0.4510846175213212 -3.885773653755079 0
3071 0.4750000000007271 -3.929903810567307 0
3072 -0.5250000000006121 -2.15711067122536 0
3073 -0.5000000000006763 -2.115996613784501 0
3074 -0.4510846175213183 -2.114226346244922 0
3075 -0.4750000000007296 -2.070096189432694 0
3076 0.3750000000017337 -3.956698729810881 0
3077 0.3966950934370027 -3.918541688933068 0
3078 -0.3750000000017333 -2.043301270189121 0
3079 -0.3966950934370049 -2.081458311066932 0
3080 -0.6747901845788765 -3.956458062012505 0
3081 -0.6999999999991735 -3.913397459621317 0
3082 -0.646780681484004 -3.915724593609677 0
3083 0.6747901845788761 -2.043541937987493 0
3084 0.6999999999991734 -2.086602540378683 0
3085 0.6467806814840066 -2.084275406390321 0
3086 0.6256566245268 -2.158760888740238 0
3087 0.4274490232882099 -3.841853545533964 0
3088 -0.9240486009447559 -2.433333333333746 0
3089 -0.4250000249243213 -3.843062373191279 0
3090 0.427449023286342 -2.157579072221282 0
3091 0.3225509767113053 -2.157576519084879 0
3092 -0.6256566245267987 -3.841239111259756 0
3093 -0.8240968682310804 -2.043695909217808 0
3094 0.8240968682310684 -3.956304090782192 0
3095 -0.4274490232882089 -2.158146454466037 0
3096 -0.8403610206853773 -3.725322636103123 0
3097 -0.07565662452981828 -2.041239111259704 0
3098 0.8403610206853784 -2.274677363896882 0
3099 -0.0967806814868188 -2.115724593610008 0
3100 0.07565662452981953 -3.958760888740295 0
3101 0.8418688643525485 -2.927449023285467 0
3102 0.09678068148681995 -3.884275406389984 0
3103 -0.8840558101781077 -2.95009162773701 0
3104 0.7243369167723395 -2.158728848178169 0
3105 -0.7243369167723396 -3.841271151821829 0
3106 0.9541910399056284 -2.07760749529723 0
3107 -0.9541910399056264 -3.922392504702764 0
3108 -0.9227735216897468 -2.050942333240397 0
3109 0.922773521689735 -3.949057666759602 0
3110 -0.8458053921647148 -2.081323009218135 0
3111 0.8458053921646892 -3.91867699078187 0
3112 0.92199872627462 -2.15566725854509 0
3113 -0.921998726274614 -3.844332741454907 0
3114 0.8701429744410601 -2.20107620420487 0
3115 -0.8701429744410527 -3.79892379579513 0
3116 0.1489602720651577 -3.928207602975284 0
3117 -0.1489602720651597 -2.071792397024713 0
3118 0.108389554208683 -3.921267374402984 0
3119 0.2250000000014744 -3.830589935114136 0
3120 -0.2250000000014744 -2.169410064885859 0
3121 -0.1083895542086826 -2.078732625597013 0
3122 0.274793017125507 -3.882964161135119 0
3123 -0.2747930171255041 -2.117035838864886 0
3124 0.3250000000011787 -3.830589935114129 0
3125 -0.4750000000014563 -2.030589935114127 0
3126 0.4750000000014564 -3.969410064885872 0
3127 -0.3250000000011787 -2.169410064885878 0
3128 0.3728966480824433 -3.884604838890384 0
3129 -0.3728966480824435 -2.11539516110962 0
3130 0.681556617616586 -3.96336886816959 0
3131 -0.5250000000007508 -2.08307187418951 0
3132 0.6233207997254566 -3.915818177568509 0
3133 0.5250000000007556 -3.91692812581049 0
3134 -0.6815566176165883 -2.03663113183041 0
3135 -0.6233207997254533 -2.084181822431488 0
3136 -0.5750000000011792 -2.030589935114112 0
3137 0.5750000000011793 -3.969410064885886 0
3138 -0.7258584649379325 -2.029940291747857 0
3139 0.7258584649379303 -3.970059708252144 0
3140 0.0250000000020657 -3.830589935114037 0
3141 -0.0250000000020657 -2.169410064885958 0
3142 -0.8830718741893332 -3.325000000000242 0
3143 -0.8830910091223239 -3.225000000000303 0
3144 0.8829757545259636 -2.774999999999716 0
3145 -0.8829757545259614 -3.425000000000178 0
3146 -0.8846077069003104 -3.127098672074211 0
3147 0.8845939243096896 -2.872901327925773 0
3148 -0.8846349513830867 -3.522777550791079 0
3149 0.8305899351139774 -2.824999999998374 0
3150 -0.8305899351139865 -3.475000000000677 0
3151 0.8830859325074295 -2.674999999999837 0
3152 0.8305899351139757 -2.724999999998701 0
3153 -0.8305899351139781 -3.175000000001617 0
3154 -0.8305899351139659 -3.375000000000981 0
3155 -0.8305899351139725 -3.275000000001308 0
3156 0.8771549001766534 -2.241920941156689 0
3157 -0.877154900176648 -3.758079058843314 0
3158 -0.9694100648859839 -3.67500000000001 0
3159 0.9694100648859849 -2.324999999999998 0
3160 0.8305899351139469 -2.62499999999901 0
3161 0.9154437471749534 -2.372777550790763 0
3162 -0.9154437471750012 -3.627222449209279 0
3163 0.883091464715885 -2.574999999999934 0
3164 0.920364298191117 -3.856788833593085 0
3165 -0.9203642981911273 -2.143211166406915 0
3166 0.9295795873088638 -3.901053026657419 0
3167 -0.9636328941436545 -3.016533248601629 0
3168 0.8726119875094036 -3.799107837733952 0
3169 0.8305899351138767 -2.524999999999323 0
3170 -0.8726119875094085 -2.20089216226605 0
3171 -0.9295795873088761 -2.098946973342584 0
3172 0.8846390310208714 -2.477222449209008 0
3173 -0.9701286855938872 -2.973416603002838 0
3174 0.02382503364410235 -2.115520363061028 0
3175 -0.02382503364407107 -3.884479636938959 0
3176 0.9635549458522639 -2.983558379133437 0
3177 0.9168712386630524 -3.174999999998792 0
3178 -0.9158159326596382 -2.726666666667589 0
3179 -0.9169281258107681 -2.825000000001217 0
3180 -0.917004189348785 -2.925128278830622 0
3181 0.9166823944860992 -3.274054460679787 0
3182 0.9694100648861548 -3.224999999999992 0
3183 0.9700314972461634 -3.02671167582627 0
3184 0.9157708152666347 -3.523333333332831 0
3185 -0.915770815266631 -2.476666666667171 0
3186 -0.9170355248574623 -2.324868675094743 0
3187 -0.9694100648861579 -2.774999999999999 0
3188 -0.9170242454741695 -2.575000000000714 0
3189 0.9167339531756492 -3.426103129205158 0
3190 -0.969410064886174 -2.525000000000004 0
3191 0.9694100648861793 -3.474999999999996 0
3192 -0.9694100648861925 -2.274999999999999 0
3193 0.9694100648861862 -3.725000000000001 0
3194 0.9170242454741571 -3.074999999998514 0
3195 -0.9633435343682795 -2.418055555555715 0
3196 -0.8956165144950199 -3.923668140466145 0
3197 0.963358733006433 -3.581746031745936 0
3198 -0.774999999999376 -3.969410064886148 0
3199 0.774999999999376 -2.030589935113845 0
3200 0.9694100648862126 -3.124999999999993 0
3201 -0.9694100648862144 -2.875000000000007 0
3202 0.895616514495023 -2.07633185953385 0
3203 0.9700104930428082 -3.626111111111058 0
3204 -0.8501086987068149 -3.927290284224538 0
3205 0.8501086987068152 -2.072709715775461 0
3206 -0.9699892149493929 -2.373611111111252 0
3207 -0.9712025210529879 -2.62500000000021 0
3208 0.9604937456816733 -3.349999999998904 0
3209 -0.9652680313873842 -2.670039682539926 0
3210 0.9170472264095983 -3.674879082525868 0
3211 -0.1004154792773317 -3.927657708776837 0
3212 0.1004154792773666 -2.072342291223158 0
3213 -0.6990716834811748 -3.871798850436988 0
3214 0.6990716834811779 -2.128201149563008 0
3215 0.3749214231718658 -2.113325323216125 0
3216 -0.6584081227756428 -3.878733701165656 0
3217 0.1749999999977114 -2.030589935113686 0
3218 0.6584081227756429 -2.12126629883434 0
3219 -0.4250001149026814 -3.916840990291601 0
3220 0.2749999999979889 -2.030589935113681 0
3221 0.4749999999985435 -2.030589935113679 0
3222 0.2252475364393387 -2.083138785023113 0
3223 -0.4749999999985435 -3.96941006488633 0
3224 -0.5749999999988209 -3.969410064886331 0
3225 0.5249999999991432 -2.082975754525759 0
3226 -0.5249999999991571 -3.917024245474241 0
3227 -0.3749999999982662 -3.969410064886326 0
3228 0.5749999999988209 -2.030589935113666 0
3229 -0.325004235024504 -3.916909806072599 0
3230 -0.1749999999977114 -3.969410064886366 0
3231 -0.2749999999979889 -3.969410064886429 0
3232 -0.2252832524185161 -3.916835892806338 0
3233 -0.7633974596216934 -2.163397459621612 0
3234 0.7633974596216928 -3.836602540378378 0
3235 0.9633974596214244 -2.036602540378543 0
3236 -0.9633974596214252 -3.963397459621467 0
3237 0.9633974596215497 -3.963397459621518 0
3238 -0.9633974596215625 -2.036602540378478 0
3239 -0.7644803946469144 -2.080804817131998 0
3240 0.7644803946468988 -3.919195182868005 0
3241 -0.1871852768715197 -2.121658693749938 0
3242 0.1871852768715161 -3.878341306250059 0
3243 -0.8802740636550013 -3.561949113488776 0
3244 -0.9193499412970116 -3.588517382293435 0
3245 0.4352706151056523 -3.918521605431398 0
3246 -0.4352706151056569 -2.081478394568598 0
3247 -0.4116315344670733 -2.119543515460962 0
3248 0.4116315344670747 -3.88045648453904 0
3249 0.06247223906141743 -3.878316644628647 0
3250 -0.06247223906141764 -2.121683355371353 0
3251 0.8802748058766403 -2.438050886511211 0
3252 0.9691289649135499 -3.381103129205447 0
3253 -0.9214962146182716 -3.712874520983665 0
3254 0.9214962146182692 -2.287125479016339 0
3255 -0.05660758507693091 -3.874432027834517 0
3256 0.05660758507696156 -2.125567972165475 0
3257 -0.737490311949265 -3.921644651145737 0
3258 0.7374903119492637 -2.078355348854261 0
3259 0.9212549209293585 -3.763609522203638 0
3260 -0.9212549209293501 -2.236390477796368 0
3261 0.9193507543984745 -2.411482617706675 0
3262 0.1321372964108431 -2.082442211752789 0
3263 0.4118993335831684 -2.118837515508838 0
3264 0.4351463068829747 -2.081336217633709 0
3265 -0.1321378142214362 -3.917560179774361 0
3266 -0.8183988473399411 -3.917422285262882 0
3267 0.8183988473399403 -2.082577714737116 0
3268 0.880696171449395 -2.911727556776117 0
3269 -0.8807005839407211 -3.08827244322381 0
3270 0.9172583604683646 -2.934238419979482 0
3271 -0.9172684361823895 -3.065761580020487 0
3272 0.9690774062240242 -3.319054460680341 0
3273 0.3380405310876821 -2.118769783204862 0
3274 0.314809219855014 -2.081273410704823 0
3275 -0.6124722390586194 -3.92168335537134 0
3276 0.6124722390586239 -2.078316644628658 0
3277 0.8380997580445739 -2.189791200600053 0
3278 -0.8380997580445734 -3.81020879939994 0
$EndNodes
$Elements
6556
1 1 2 3 1 1 13
2 1 2 3 1 13 14
3 1 2 3 1 14 15
4 1 2 3 1 15 16
5 1 2 3 1 16 17
6 1 2 3 1 17 18
7 1 2 3 1 18 19
8 1 2 3 1 19 20
9 1 2 3 1 20 21
10 1 2 3 1 21 22
11 1 2 3 1 22 23
12 1 2 3 1 23 24
13 1 2 3 1 24 25
14 1 2 3 1 25 26
15 1 2 3 1 26 27
16 1 2 3 1 27 28
17 1 2 3 1 28 29
18 1 2 3 1 29 30
19 1 2 3 1 30 31
20 1 2 3 1 31 32
21 1 2 3 1 32 33
22 1 2 3 1 33 34
23 1 2 3 1 34 35
24 1 2 3 1 35 36
25 1 2 3 1 36 37
26 1 2 3 1 37 38
27 1 2 3 1 38 39
28 1 2 3 1 39 40
29 1 2 3 1 40 41
30 1 2 3 1 41 42
31 1 2 3 1 42 43
32 1 2 3 1 43 44
33 1 2 3 1 44 45
34 1 2 3 1 45 46
35 1 2 3 1 46 4
36 1 2 4 2 4 47
37 1 2 4 2 47 48
38 1 2 4 2 48 49
39 1 2 4 2 49 50
40 1 2 4 2 50 51
41 1 2 4 2 51 52
42 1 2 4 2 52 53
43 1 2 4 2 53 54
44 1 2 4 2 54 55
45 1 2 4 2 55 56
46 1 2 4 2 56 57
47 1 2 4 2 57 58
48 1 2 4 2 58 59
49 1 2 4 2 59 60
50 1 2 4 2 60 61
51 1 2 4 2 61 62
52 1 2 4 2 62 63
53 1 2 4 2 63 64
54 1 2 4 2 64 65
55 1 2 4 2 65 66
56 1 2 4 2 66 67
57 1 2 4 2 67 3
58 1 2 5 3 3 68
59 1 2 5 3 68 69
60 1 2 5 3 69 70
61 1 2 5 3 70 71
62 1 2 5 3 71 72
63 1 2 5 3 72 73
64 1 2 5 3 73 74
65 1 2 5 3 74 75
66 1 2 5 3 75 76
67 1 2 5 3 76 77
68 1 2 5 3 77 78
69 1 2 5 3 78 79
70 1 2 5 3 79 80
71 1 2 5 3 80 81
72 1 2 5 3 81 82
73 1 2 5 3 82 83
74 1 2 5 3 83 84
75 1 2 5 3 84 85
76 1 2 5 3 85 86
77 1 2 5 3 86 87
78 1 2 5 3 87 88
79 1 2 5 3 88 89
80 1 2 5 3 89 90
81 1 2 5 3 90 91
82 1 2 5 3 91 92
83 1 2 5 3 92 93
84 1 2 5 3 93 94
85 1 2 5 3 94 95
86 1 2 5 3 95 96
87 1 2 5 3 96 97
88 1 2 5 3 97 98
89 1 2 5 3 98 99
90 1 2 5 3 99 100
91 1 2 5 3 100 101
92 1 2 5 3 101 2
93 1 2 6 4 2 102
94 1 2 6 4 102 103
95 1 2 6 4 103 104
96 1 2 6 4 104 105
97 1 2 6 4 105 106
98 1 2 6 4 106 107
99 1 2 6 4 107 108
100 1 2 6 4 108 109
101 1 2 6 4 109 110
102 1 2 6 4 110 111
103 1 2 6 4 111 112
104 1 2 6 4 112 113
105 1 2 6 4 113 114
106 1 2 6 4 114 115
107 1 2 6 4 115 116
108 1 2 6 4 116 117
109 1 2 6 4 117 118
110 1 2 6 4 118 119
111 1 2 6 4 119 120
112 1 2 6 4 120 121
113 1 2 6 4 121 122
114 1 2 6 4 122 1
115 1 2 7 9 10 279
116 1 2 7 9 279 280
117 1 2 7 9 280 281
118 1 2 7 9 281 282
119 1 2 7 9 282 283
120 1 2 7 9 283 284
121 1 2 7 9 284 285
122 1 2 7 9 285 286
123 1 2 7 9 286 287
124 1 2 7 9 287 288
125 1 2 7 9 288 289
126 1 2 7 9 289 290
127 1 2 7 9 290 291
128 1 2 7 9 291 292
129 1 2 7 9 292 293
130 1 2 7 9 293 294
131 1 2 7 9 294 295
132 1 2 7 9 295 296
133 1 2 7 9 296 297
134 1 2 7 9 297 298
135 1 2 7 9 298 299
136 1 2 7 9 299 300
137 1 2 7 9 300 301
138 1 2 7 9 301 302
139 1 2 7 9 302 303
140 1 2 7 9 303 304
141 1 2 7 9 304 305
142 1 2 7 9 305 306
143 1 2 7 9 306 307
144 1 2 7 9 307 308
145 1 2 7 9 308 309
146 1 2 7 9 309 11
147 1 2 7 10 11 310
148 1 2 7 10 310 311
149 1 2 7 10 311 312
150 1 2 7 10 312 313
151 1 2 7 10 313 314
152 1 2 7 10 314 315
153 1 2 7 10 315 316
154 1 2 7 10 316 317
155 1 2 7 10 317 318
156 1 2 7 10 318 319
157 1 2 7 10 319 320
158 1 2 7 10 320 321
159 1 2 7 10 321 322
160 1 2 7 10 322 323
161 1 2 7 10 323 324
162 1 2 7 10 324 325
163 1 2 7 10 325 326
164 1 2 7 10 326 327
165 1 2 7 10 327 328
166 1 2 7 10 328 329
167 1 2 7 10 329 330
168 1 2 7 10 330 331
169 1 2 7 10 331 332
170 1 2 7 10 332 333
171 1 2 7 10 333 334
172 1 2 7 10 334 335
173 1 2 7 10 335 336
174 1 2 7 10 336 337
175 1 2 7 10 337 338
176 1 2 7 10 338 339
177 1 2 7 10 339 340
178 1 2 7 10 340 12
179 1 2 7 11 12 341
180 1 2 7 11 341 342
181 1 2 7 11 342 343
182 1 2 7 11 343 344
183 1 2 7 11 344 345
184 1 2 7 11 345 346
185 1 2 7 11 346 347
186 1 2 7 11 347 348
187 1 2 7 11 348 349
188 1 2 7 11 349 350
189 1 2 7 11 350 351
190 1 2 7 11 351 352
191 1 2 7 11 352 353
192 1 2 7 11 353 354
193 1 2 7 11 354 355
194 1 2 7 11 355 356
195 1 2 7 11 356 357
196 1 2 7 11 357 358
197 1 2 7 11 358 359
198 1 2 7 11 359 360
199 1 2 7 11 360 361
200 1 2 7 11 361 362
201 1 2 7 11 362 363
202 1 2 7 11 363 364
203 1 2 7 11 364 365
204 1 2 7 11 365 366
205 1 2 7 11 366 367
206 1 2 7 11 367 368
207 1 2 7 11 368 369
208 1 2 7 11 369 370
209 1 2 7 11 370 371
210 1 2 7 11 371 9
211 1 2 7 12 9 372
212 1 2 7 12 372 373
213 1 2 7 12 373 374
214 1 2 7 12 374 375
215 1 2 7 12 375 376
216 1 2 7 12 376 377
217 1 2 7 12 377 378
218 1 2 7 12 378 379
219 1 2 7 12 379 380
220 1 2 7 12 380 381
221 1 2 7 12 381 382
222 1 2 7 12 382 383
223 1 2 7 12 383 384
224 1 2 7 12 384 385
225 1 2 7 12 385 386
226 1 2 7 12 386 387
227 1 2 7 12 387 388
228 1 2 7 12 388 389
229 1 2 7 12 389 390
230 1 2 7 12 390 391
231 1 2 7 12 391 392
232 1 2 7 12 392 393
233 1 2 7 12 393 394
234 1 2 7 12 394 395
235 1 2 7 12 395 396
236 1 2 7 12 396 397
237 1 2 7 12 397 398
238 1 2 7 12 398 399
239 1 2 7 12 399 400
240 1 2 7 12 400 401
241 1 2 7 12 401 402
242 1 2 7 12 402 10
243 2 2 1 1 1479 1294 1712
244 2 2 1 1 502 500 2156
245 2 2 1 1 540 1662 1663
246 2 2 1 1 2218 1002 2232
247 2 2 1 1 1979 1824 2339
248 2 2 1 1 1417 1294 1479
249 2 2 1 1 1792 968 2177
250 2 2 1 1 1441 1768 2135
251 2 2 1 1 1039 2103 2164
252 2 2 1 1 540 1663 2095
253 2 2 1 1 1768 1441 1769
254 2 2 1 1 873 1367 1571
255 2 2 1 1 1381 1417 1478
256 2 2 1 1 81 465 1744
257 2 2 1 1 1922 1573 2147
258 2 2 1 1 1705 435 2066
259 2 2 1 1 925 1615 2059
260 2 2 1 1 1417 1477 1478
261 2 2 1 1 1581 1025 2032
262 2 2 1 1 1902 1207 1904
263 2 2 1 1 472 1892 2085
264 2 2 1 1 109 481 2395
265 2 2 1 1 1573 668 1574
266 2 2 1 1 2027 1522 2050
267 2 2 1 1 415 1640 1661
268 2 2 1 1 1193 1406 1470
269 2 2 1 1 1260 1810 2463
270 2 2 1 1 1563 1556 2584
271 2 2 1 1 2091 955 2357
272 2 2 1 1 1532 2066 2662
273 2 2 1 1 1479 806 2139
274 2 2 1 1 406 1580 2116
275 2 2 1 1 1482 1646 2366
276 2 2 1 1 1828 1250 1970
277 2 2 1 1 1807 933 1808
278 2 2 1 1 2172 1201 2563
279 2 2 1 1 2103 1904 2164
280 2 2 1 1 1549 745 1587
281 2 2 1 1 2438 1029 2451
282 2 2 1 1 1294 1146 1299
283 2 2 1 1 1826 1828 1970
284 2 2 1 1 1412 2178 2423
285 2 2 1 1 1701 1026 2111
286 2 2 1 1 950 1795 1796
287 2 2 1 1 1555 1556 1563
288 2 2 1 1 1512 1264 1755
289 2 2 1 1 2183 458 2222
290 2 2 1 1 1661 1241 2120
291 2 2 1 1 1294 1299 1712
292 2 2 1 1 1596 2182 2343
293 2 2 1 1 1086 1480 1965
294 2 2 1 1 1646 1202 2366
295 2 2 1 1 1604 1325 1605
296 2 2 1 1 2261 1428 2483
297 2 2 1 1 2169 1104 2645
298 2 2 1 1 1615 925 1995
299 2 2 1 1 1892 472 2418
300 2 2 1 1 608 604 1997
301 2 2 1 1 483 484 1777
302 2 2 1 1 1951 1988 2339
303 2 2 1 1 1704 847 2064
304 2 2 1 1 1115 1111 1200
305 2 2 1 1 1685 1949 1966
306 2 2 1 1 474 114 2553
307 2 2 1 1 110 473 2554
308 2 2 1 1 1809 1458 2434
309 2 2 1 1 1477 1417 1479
310 2 2 1 1 1640 415 2119
311 2 2 1 1 1291 1783 2162
312 2 2 1 1 1325 1832 2401
313 2 2 1 1 80 81 1744
314 2 2 1 1 438 1654 1949
315 2 2 1 1 1413 1621 2174
316 2 2 1 1 1376 2006 2238
317 2 2 1 1 1180 1535 2083
318 2 2 1 1 1571 1367 1572
319 2 2 1 1 1580 406 2039
320 2 2 1 1 960 1789 1953
321 2 2 1 1 1578 1249 2023
322 2 2 1 1 1510 1362 2245
323 2 2 1 1 960 1625 1789
324 2 2 1 1 1264 1512 1789
325 2 2 1 1 1528 2183 2222
326 2 2 1 1 1388 1826 1970
327 2 2 1 1 2066 435 2662
328 2 2 1 1 1487 1260 2463
329 2 2 1 1 1207 1902 2400
330 2 2 1 1 1445 1446 1447
331 2 2 1 1 1536 1478 1993
332 2 2 1 1 1420 1665 1666
333 2 2 1 1 469 1695 2029
334 2 2 1 1 1361 1458 1809
335 2 2 1 1 1388 1825 1826
336 2 2 1 1 1593 1595 2213
337 2 2 1 1 877 1648 2622
338 2 2 1 1 1115 1200 1290
339 2 2 1 1 112 1384 1998
340 2 2 1 1 672 1573 1922
341 2 2 1 1 1074 1766 1921
342 2 2 1 1 1605 1325 2401
343 2 2 1 1 162 876 1471
344 2 2 1 1 1105 1825 2374
345 2 2 1 1 1138 2052 2578
346 2 2 1 1 1329 1801 2021
347 2 2 1 1 1679 970 1681
348 2 2 1 1 403 1570 2044
349 2 2 1 1 1175 1292 1674
350 2 2 1 1 2076 2257 2624
351 2 2 1 1 1362 1510 2403
352 2 2 1 1 1420 1666 1667
353 2 2 1 1 701 1759 2570
354 2 2 1 1 1249 1250 2023
355 2 2 1 1 1581 2032 2437
356 2 2 1 1 1243 1169 2216
357 2 2 1 1 1480 1086 1966
358 2 2 1 1 413 1702 1790
359 2 2 1 1 2288 1029 2438
360 2 2 1 1 1387 1119 1456
361 2 2 1 1 701 699 1759
362 2 2 1 1 1381 1295 1417
363 2 2 1 1 1576 856 2181
364 2 2 1 1 1595 1598 2182
365 2 2 1 1 1710 1708 2376
366 2 2 1 1 865 1062 1624
367 2 2 1 1 2251 1347 2424
368 2 2 1 1 483 1777 2209
369 2 2 1 1 1583 1503 2406
370 2 2 1 1 484 1566 1777
371 2 2 1 1 1695 1665 2029
372 2 2 1 1 1988 1132 2339
373 2 2 1 1 1575 519 2159
374 2 2 1 1 1655 1302 2195
375 2 2 1 1 1445 1112 1446
376 2 2 1 1 1715 430 2204
377 2 2 1 1 1821 1366 2180
378 2 2 1 1 1665 1420 2029
379 2 2 1 1 1059 1111 1115
380 2 2 1 1 1198 2190 2391
381 2 2 1 1 664 668 1573
382 2 2 1 1 1460 1805 1830
383 2 2 1 1 1586 493 1588
384 2 2 1 1 1681 970 2150
385 2 2 1 1 1769 1441 1788
386 2 2 1 1 856 1576 2267
387 2 2 1 1 925 1608 1938
388 2 2 1 1 1031 608 1997
389 2 2 1 1 1837 1874 2067
390 2 2 1 1 1746 1463 2394
391 2 2 1 1 444 109 2395
392 2 2 1 1 597 600 1607
393 2 2 1 1 1677 1225 2436
394 2 2 1 1 1511 2216 2217
395 2 2 1 1 661 657 2650
396 2 2 1 1 988 1534 2640
397 2 2 1 1 573 576 1928
398 2 2 1 1 1466 1824 1979
399 2 2 1 1 201 681 1482
400 2 2 1 1 1874 1320 2067
401 2 2 1 1 1349 1569 2042
402 2 2 1 1 941 1809 2434
403 2 2 1 1 1951 1823 2143
404 2 2 1 1 1174 1580 2039
405 2 2 1 1 113 114 474
406 2 2 1 1 110 111 473
407 2 2 1 1 2052 1577 2578
408 2 2 1 1 1621 1134 2174
409 2 2 1 1 2182 1596 2327
410 2 2 1 1 933 1807 1809
411 2 2 1 1 1027 865 1624
412 2 2 1 1 1594 2213 2328
413 2 2 1 1 2387 2123 2443
414 2 2 1 1 1111 1112 1445
415 2 2 1 1 1290 1200 1553
416 2 2 1 1 871 873 1571
417 2 2 1 1 1734 1013 1739
418 2 2 1 1 1607 600 1655
419 2 2 1 1 877 881 1648
420 2 2 1 1 1570 403 2008
421 2 2 1 1 1042 1110 1127
422 2 2 1 1 1995 976 2087
423 2 2 1 1 576 1927 1928
424 2 2 1 1 1446 1114 1982
425 2 2 1 1 1572 2277 2336
426 2 2 1 1 602 637 1655
427 2 2 1 1 1643 1376 2238
428 2 2 1 1 1702 413 1717
429 2 2 1 1 1127 1128 1346
430 2 2 1 1 7 162 1471
431 2 2 1 1 641 1490 2271
432 2 2 1 1 657 1678 2650
433 2 2 1 1 1795 950 1797
434 2 2 1 1 1671 534 1926
435 2 2 1 1 1410 1474 1564
436 2 2 1 1 1090 1052 1546
437 2 2 1 1 1147 1146 1294
438 2 2 1 1 1191 2254 2459
439 2 2 1 1 881 1647 1648
440 2 2 1 1 1127 1110 1128
441 2 2 1 1 1681 593 2010
442 2 2 1 1 922 1000 1003
443 2 2 1 1 1226 2144 2179
444 2 2 1 1 412 1631 1649
445 2 2 1 1 1179 2041 2297
446 2 2 1 1 2247 2074 2248
447 2 2 1 1 438 107 1654
448 2 2 1 1 1657 2179 2570
449 2 2 1 1 1805 475 1830
450 2 2 1 1 2005 2243 2354
451 2 2 1 1 1410 1564 1658
452 2 2 1 1 1503 2283 2406
453 2 2 1 1 1346 1128 1349
454 2 2 1 1 1567 552 1842
455 2 2 1 1 1615 1995 2087
456 2 2 1 1 1713 1787 1978
457 2 2 1 1 1112 1114 1446
458 2 2 1 1 1535 1180 2660
459 2 2 1 1 1000 1059 1415
460 2 2 1 1 1089 2031 2046
461 2 2 1 1 1476 1784 2508
462 2 2 1 1 8 201 1482
463 2 2 1 1 1924 1925 2348
464 2 2 1 1 2191 1209 2221
465 2 2 1 1 1042 981 1110
466 2 2 1 1 745 1549 1566
467 2 2 1 1 2397 1592 2488
468 2 2 1 1 1556 1561 2584
469 2 2 1 1 484 486 1566
470 2 2 1 1 1825 1388 2374
471 2 2 1 1 647 644 1582
472 2 2 1 1 1372 1792 2177
473 2 2 1 1 1687 1180 2083
474 2 2 1 1 1548 1224 1676
475 2 2 1 1 1100 1325 1604
476 2 2 1 1 1546 1052 2583
477 2 2 1 1 935 994 1639
478 2 2 1 1 1445 1447 2672
479 2 2 1 1 1347 2411 2424
480 2 2 1 1 1569 1349 2188
481 2 2 1 1 2041 1179 2097
482 2 2 1 1 1102 1224 1548
483 2 2 1 1 1428 2482 2483
484 2 2 1 1 1114 1193 1982
485 2 2 1 1 2005 1354 2243
486 2 2 1 1 1774 2397 2488
487 2 2 1 1 1745 1463 1746
488 2 2 1 1 1059 1060 1111
489 2 2 1 1 1426 1763 2378
490 2 2 1 1 1695 469 2410
491 2 2 1 1 1813 420 2124
492 2 2 1 1 1181 1387 1554
493 2 2 1 1 2212 1015 2278
494 2 2 1 1 1674 1292 2487
495 2 2 1 1 1949 1480 1966
496 2 2 1 1 1621 1413 2663
497 2 2 1 1 1656 801 1688
498 2 2 1 1 1215 1710 2376
499 2 2 1 1 1161 1610 1693
500 2 2 1 1 2123 2122 2443
501 2 2 1 1 2125 953 2229
502 2 2 1 1 1295 1294 1417
503 2 2 1 1 1477 1479 2139
504 2 2 1 1 1537 1538 1619
505 2 2 1 1 1817 669 2185
506 2 2 1 1 981 805 1531
507 2 2 1 1 1046 1604 2634
508 2 2 1 1 1587 2030 2344
509 2 2 1 1 703 801 1656
510 2 2 1 1 1186 1637 2246
511 2 2 1 1 1730 1731 1739
512 2 2 1 1 1583 591 2407
513 2 2 1 1 473 111 1998
514 2 2 1 1 2096 1467 2208
515 2 2 1 1 1801 2020 2021
516 2 2 1 1 1025 1571 1668
517 2 2 1 1 1522 2027 2149
518 2 2 1 1 1589 1352 2076
519 2 2 1 1 1299 1622 1623
520 2 2 1 1 600 602 1655
521 2 2 1 1 1114 1192 1193
522 2 2 1 1 1132 1979 2339
523 2 2 1 1 806 1479 2426
524 2 2 1 1 997 2088 2089
525 2 2 1 1 1000 1001 1059
526 2 2 1 1 552 1567 1994
527 2 2 1 1 1783 1291 2292
528 2 2 1 1 1013 1734 1737
529 2 2 1 1 491 493 1586
530 2 2 1 1 2202 2550 2648
531 2 2 1 1 2046 1505 2298
532 2 2 1 1 2264 1599 2448
533 2 2 1 1 507 582 1762
534 2 2 1 1 1626 1072 1628
535 2 2 1 1 682 686 2259
536 2 2 1 1 1409 1411 2178
537 2 2 1 1 1577 2052 2116
538 2 2 1 1 1241 1661 2121
539 2 2 1 1 17 1769 1788
540 2 2 1 1 591 1583 2406
541 2 2 1 1 1589 2076 2624
542 2 2 1 1 519 521 2159
543 2 2 1 1 1625 960 1803
544 2 2 1 1 1091 1840 2155
545 2 2 1 1 1341 1490 1670
546 2 2 1 1 2235 1186 2246
547 2 2 1 1 1026 1701 2153
548 2 2 1 1 1823 1951 2339
549 2 2 1 1 1813 1364 2443
550 2 2 1 1 461 90 1709
551 2 2 1 1 1606 1173 1638
552 2 2 1 1 1877 1465 2138
553 2 2 1 1 479 115 2483
554 2 2 1 1 1694 1926 2109
555 2 2 1 1 1117 1119 1387
556 2 2 1 1 2074 2247 2470
557 2 2 1 1 1348 1629 2227
558 2 2 1 1 1299 1442 1622
559 2 2 1 1 2258 2348 2383
560 2 2 1 1 1611 1671 1926
561 2 2 1 1 1676 2169 2645
562 2 2 1 1 2327 451 2328
563 2 2 1 1 1447 1446 1448
564 2 2 1 1 2094 1528 2472
565 2 2 1 1 955 1787 2357
566 2 2 1 1 1689 1692 2331
567 2 2 1 1 1915 1913 2193
568 2 2 1 1 753 866 1917
569 2 2 1 1 1596 2326 2327
570 2 2 1 1 1704 2064 2153
571 2 2 1 1 1824 1466 2531
572 2 2 1 1 1762 582 1763
573 2 2 1 1 898 2408 2630
574 2 2 1 1 1031 1915 2193
575 2 2 1 1 1387 1456 2106
576 2 2 1 1 1851 1396 2357
577 2 2 1 1 760 1798 1799
578 2 2 1 1 1528 2094 2183
579 2 2 1 1 2089 1640 2119
580 2 2 1 1 2207 2206 2299
581 2 2 1 1 1550 1543 2511
582 2 2 1 1 997 2089 2119
583 2 2 1 1 954 1694 2109
584 2 2 1 1 1140 1046 2634
585 2 2 1 1 1543 1801 2511
586 2 2 1 1 1396 1851 2365
587 2 2 1 1 1511 1243 2216
588 2 2 1 1 1321 2131 2544
589 2 2 1 1 1789 1512 1953
590 2 2 1 1 2258 1924 2348
591 2 2 1 1 2323 2322 2343
592 2 2 1 1 1317 1780 1786
593 2 2 1 1 540 502 2156
594 2 2 1 1 1330 2218 2232
595 2 2 1 1 1474 1475 1537
596 2 2 1 1 1197 1310 1577
597 2 2 1 1 2031 1505 2046
598 2 2 1 1 1056 1155 1641
599 2 2 1 1 1408 1410 1658
600 2 2 1 1 1709 1708 1710
601 2 2 1 1 1693 1610 1694
602 2 2 1 1 1089 2030 2031
603 2 2 1 1 1364 1405 2443
604 2 2 1 1 1465 1877 2564
605 2 2 1 1 1178 1380 1467
606 2 2 1 1 1424 1425 2581
607 2 2 1 1 1741 1740 2382
608 2 2 1 1 483 439 484
609 2 2 1 1 2253 1741 2382
610 2 2 1 1 1095 1117 1181
611 2 2 1 1 1225 1228 2436
612 2 2 1 1 2023 1250 2377
613 2 2 1 1 1538 1540 1593
614 2 2 1 1 1766 1074 2587
615 2 2 1 1 828 830 1803
616 2 2 1 1 1490 641 2545
617 2 2 1 1 2141 2458 2540
618 2 2 1 1 427 1638 2040
619 2 2 1 1 764 692 1821
620 2 2 1 1 920 917 1621
621 2 2 1 1 1434 682 2259
622 2 2 1 1 898 895 2408
623 2 2 1 1 1580 1174 2070
624 2 2 1 1 1148 1173 1606
625 2 2 1 1 1654 1345 1949
626 2 2 1 1 988 1093 1534
627 2 2 1 1 1624 1062 1673
628 2 2 1 1 1607 1655 2195
629 2 2 1 1 1603 539 2557
630 2 2 1 1 1766 1217 1921
631 2 2 1 1 1289 1667 1854
632 2 2 1 1 708 1491 2290
633 2 2 1 1 1787 955 1978
634 2 2 1 1 1491 708 2338
635 2 2 1 1 1396 2091 2357
636 2 2 1 1 1093 1095 1533
637 2 2 1 1 1783 432 2162
638 2 2 1 1 1835 1163 2532
639 2 2 1 1 1163 1835 2270
640 2 2 1 1 2206 431 2299
641 2 2 1 1 500 970 2156
642 2 2 1 1 1817 2185 2296
643 2 2 1 1 764 1821 2180
644 2 2 1 1 2072 2191 2221
645 2 2 1 1 1394 1599 2264
646 2 2 1 1 1020 1171 1748
647 2 2 1 1 2196 1182 2560
648 2 2 1 1 2151 2379 2672
649 2 2 1 1 1731 1734 1739
650 2 2 1 1 2253 411 2347
651 2 2 1 1 1224 1225 1677
652 2 2 1 1 2307 1620 2340
653 2 2 1 1 433 1843 2250
654 2 2 1 1 2155 1840 2622
655 2 2 1 1 115 116 445
656 2 2 1 1 108 109 444
657 2 2 1 1 1021 1046 1140
658 2 2 1 1 2237 584 2283
659 2 2 1 1 1952 1015 2212
660 2 2 1 1 1974 1601 2218
661 2 2 1 1 539 1603 2559
662 2 2 1 1 1325 1102 1548
663 2 2 1 1 1021 951 1046
664 2 2 1 1 1348 2227 2601
665 2 2 1 1 1319 978 1745
666 2 2 1 1 2002 1903 2103
667 2 2 1 1 1178 1140 1380
668 2 2 1 1 922 923 1000
669 2 2 1 1 1533 1095 2534
670 2 2 1 1 1447 1448 2125
671 2 2 1 1 445 2261 2483
672 2 2 1 1 2482 480 2553
673 2 2 1 1 2227 1622 2601
674 2 2 1 1 461 1709 1710
675 2 2 1 1 415 1661 2120
676 2 2 1 1 1095 1181 2534
677 2 2 1 1 1577 1310 2578
678 2 2 1 1 1713 1258 1787
679 2 2 1 1 1531 805 2512
680 2 2 1 1 1671 1855 2293
681 2 2 1 1 1228 1770 1771
682 2 2 1 1 1053 1846 1847
683 2 2 1 1 2173 1195 2607
684 2 2 1 1 1631 412 1806
685 2 2 1 1 869 1025 1581
686 2 2 1 1 2393 659 2428
687 2 2 1 1 846 951 1021
688 2 2 1 1 2293 1855 2439
689 2 2 1 1 1648 1647 2560
690 2 2 1 1 1639 994 2419
691 2 2 1 1 1925 1574 2348
692 2 2 1 1 1181 1117 1387
693 2 2 1 1 898 2630 2656
694 2 2 1 1 1053 1847 1848
695 2 2 1 1 871 872 873
696 2 2 1 1 2050 1522 2291
697 2 2 1 1 448 1711 1896
698 2 2 1 1 1072 1626 1803
699 2 2 1 1 1715 2204 2461
700 2 2 1 1 1692 2330 2331
701 2 2 1 1 647 1582 2547
702 2 2 1 1 755 925 1938
703 2 2 1 1 1014 1520 2384
704 2 2 1 1 1705 2066 2405
705 2 2 1 1 929 1672 1837
706 2 2 1 1 1672 929 1836
707 2 2 1 1 1136 1137 1197
708 2 2 1 1 869 870 871
709 2 2 1 1 1249 1578 2669
710 2 2 1 1 982 981 1042
711 2 2 1 1 968 1792 2627
712 2 2 1 1 1051 1765 1991
713 2 2 1 1 1534 1533 1640
714 2 2 1 1 1289 1420 1667
715 2 2 1 1 1587 1586 2030
716 2 2 1 1 1193 1470 2458
717 2 2 1 1 1025 1668 2032
718 2 2 1 1 1134 1135 1136
719 2 2 1 1 1046 1100 1604
720 2 2 1 1 846 802 951
721 2 2 1 1 468 1649 2400
722 2 2 1 1 623 632 1837
723 2 2 1 1 1701 2111 2289
724 2 2 1 1 1580 2070 2484
725 2 2 1 1 1200 1111 1445
726 2 2 1 1 1579 447 2058
727 2 2 1 1 2537 1024 2592
728 2 2 1 1 1808 933 2453
729 2 2 1 1 1689 2331 2664
730 2 2 1 1 1813 2124 2233
731 2 2 1 1 1381 1478 1536
732 2 2 1 1 642 645 1785
733 2 2 1 1 1908 1184 2102
734 2 2 1 1 1052 1073 1133
735 2 2 1 1 1045 1043 1146
736 2 2 1 1 1200 1445 2670
737 2 2 1 1 1664 410 1743
738 2 2 1 1 1022 1038 1148
739 2 2 1 1 1327 1624 1673
740 2 2 1 1 1004 1603 2557
741 2 2 1 1 814 1010 2049
742 2 2 1 1 1741 2253 2347
743 2 2 1 1 2182 2323 2343
744 2 2 1 1 873 877 1322
745 2 2 1 1 1197 1137 1310
746 2 2 1 1 1663 1693 1694
747 2 2 1 1 2179 801 2570
748 2 2 1 1 572 573 1928
749 2 2 1 1 1100 1102 1325
750 2 2 1 1 1564 2358 2359
751 2 2 1 1 1133 1260 1487
752 2 2 1 1 1820 1366 1821
753 2 2 1 1 1229 1364 1770
754 2 2 1 1 1136 1135 1137
755 2 2 1 1 931 940 1022
756 2 2 1 1 1416 2102 2163
757 2 2 1 1 1667 820 1854
758 2 2 1 1 2169 1676 2466
759 2 2 1 1 1410 1473 1474
760 2 2 1 1 920 1621 2663
761 2 2 1 1 595 597 1607
762 2 2 1 1 2144 1688 2179
763 2 2 1 1 881 883 1647
764 2 2 1 1 2190 2294 2391
765 2 2 1 1 117 439 483
766 2 2 1 1 593 1681 2150
767 2 2 1 1 1314 1327 1673
768 2 2 1 1 1234 1846 1920
769 2 2 1 1 1744 465 2037
770 2 2 1 1 978 980 1745
771 2 2 1 1 1851 1781 2295
772 2 2 1 1 1914 1917 1918
773 2 2 1 1 760 1796 1798
774 2 2 1 1 847 1704 2360
775 2 2 1 1 1642 2132 2266
776 2 2 1 1 1158 1650 1651
777 2 2 1 1 1763 582 2378
778 2 2 1 1 1608 925 2059
779 2 2 1 1 1591 1592 2352
780 2 2 1 1 1685 438 1949
781 2 2 1 1 1350 1468 1569
782 2 2 1 1 1395 1385 2664
783 2 2 1 1 1511 2217 2501
784 2 2 1 1 1154 1020 1748
785 2 2 1 1 1580 1423 2116
786 2 2 1 1 489 490 491
787 2 2 1 1 556 1576 2181
788 2 2 1 1 1093 1533 1534
789 2 2 1 1 1148 1038 1173
790 2 2 1 1 1219 1768 2289
791 2 2 1 1 1476 1290 1784
792 2 2 1 1 119 457 1838
793 2 2 1 1 1022 940 1038
794 2 2 1 1 783 527 1675
795 2 2 1 1 108 444 1654
796 2 2 1 1 1555 665 1556
797 2 2 1 1 1520 1014 2656
798 2 2 1 1 950 1796 2373
799 2 2 1 1 1133 1073 1260
800 2 2 1 1 2415 1692 2527
801 2 2 1 1 1203 753 1917
802 2 2 1 1 1348 1346 1629
803 2 2 1 1 1545 1543 1550
804 2 2 1 1 873 1322 1367
805 2 2 1 1 883 908 1647
806 2 2 1 1 1641 1155 1642
807 2 2 1 1 745 491 1586
808 2 2 1 1 1167 1242 1645
809 2 2 1 1 1711 1393 1896
810 2 2 1 1 410 1664 1695
811 2 2 1 1 115 445 2483
812 2 2 1 1 1748 1171 1749
813 2 2 1 1 2396 1424 2581
814 2 2 1 1 1696 460 1697
815 2 2 1 1 1957 2210 2272
816 2 2 1 1 1415 1115 1476
817 2 2 1 1 1618 2079 2543
818 2 2 1 1 1566 1549 1777
819 2 2 1 1 1126 1914 1918
820 2 2 1 1 2030 1089 2344
821 2 2 1 1 2040 1638 2070
822 2 2 1 1 2098 913 2469
823 2 2 1 1 642 643 644
824 2 2 1 1 1700 1703 1797
825 2 2 1 1 1667 1666 2199
826 2 2 1 1 1142 2005 2354
827 2 2 1 1 1134 914 1135
828 2 2 1 1 1641 1642 2266
829 2 2 1 1 1423 1197 1577
830 2 2 1 1 1532 1397 2416
831 2 2 1 1 1753 1537 2316
832 2 2 1 1 491 492 493
833 2 2 1 1 640 642 1785
834 2 2 1 1 1052 998 1073
835 2 2 1 1 1452 1453 2457
836 2 2 1 1 1909 1313 1910
837 2 2 1 1 1543 1328 1544
838 2 2 1 1 90 91 1709
839 2 2 1 1 762 705 1656
840 2 2 1 1 1561 1558 1562
841 2 2 1 1 1350 1178 1468
842 2 2 1 1 1532 2416 2467
843 2 2 1 1 2352 1592 2397
844 2 2 1 1 931 920 940
845 2 2 1 1 1576 556 2637
846 2 2 1 1 640 641 642
847 2 2 1 1 1389 2063 2541
848 2 2 1 1 653 651 1555
849 2 2 1 1 642 641 643
850 2 2 1 1 590 612 1848
851 2 2 1 1 1220 1197 1423
852 2 2 1 1 1757 511 2104
853 2 2 1 1 1697 1701 1767
854 2 2 1 1 715 1851 2295
855 2 2 1 1 458 1684 1714
856 2 2 1 1 816 814 2049
857 2 2 1 1 1660 474 2265
858 2 2 1 1 1177 1140 1178
859 2 2 1 1 644 643 646
860 2 2 1 1 1072 1056 1641
861 2 2 1 1 811 869 1581
862 2 2 1 1 2088 1483 2089
863 2 2 1 1 1542 1328 1543
864 2 2 1 1 1389 1148 1606
865 2 2 1 1 1668 1559 2032
866 2 2 1 1 114 115 479
867 2 2 1 1 109 110 481
868 2 2 1 1 493 494 495
869 2 2 1 1 1534 1640 2089
870 2 2 1 1 1434 2346 2576
871 2 2 1 1 602 603 606
872 2 2 1 1 1305 1807 1808
873 2 2 1 1 1111 1060 1112
874 2 2 1 1 811 868 869
875 2 2 1 1 1160 1161 1693
876 2 2 1 1 1228 1229 1770
877 2 2 1 1 1385 1381 1536
878 2 2 1 1 2208 1467 2299
879 2 2 1 1 447 1579 2658
880 2 2 1 1 692 690 1821
881 2 2 1 1 651 649 665
882 2 2 1 1 2076 1404 2257
883 2 2 1 1 1794 1963 2428
884 2 2 1 1 471 1955 2084
885 2 2 1 1 999 998 1052
886 2 2 1 1 2457 1453 2495
887 2 2 1 1 1761 2117 2301
888 2 2 1 1 1319 1745 1746
889 2 2 1 1 1474 1537 1753
890 2 2 1 1 644 646 1582
891 2 2 1 1 1651 2438 2451
892 2 2 1 1 883 885 908
893 2 2 1 1 1404 1012 2256
894 2 2 1 1 2210 758 2272
895 2 2 1 1 2207 2299 2381
896 2 2 1 1 1046 1047 1100
897 2 2 1 1 915 914 1134
898 2 2 1 1 1341 1670 1956
899 2 2 1 1 1572 1367 2277
900 2 2 1 1 960 828 1803
901 2 2 1 1 1704 1700 1797
902 2 2 1 1 1688 801 2179
903 2 2 1 1 600 601 602
904 2 2 1 1 1364 1366 1405
905 2 2 1 1 1513 1423 1580
906 2 2 1 1 632 929 1837
907 2 2 1 1 2236 1404 2256
908 2 2 1 1 1503 2237 2283
909 2 2 1 1 640 638 641
910 2 2 1 1 1174 2040 2070
911 2 2 1 1 661 2165 2396
912 2 2 1 1 1628 1072 1641
913 2 2 1 1 1556 1558 1561
914 2 2 1 1 1444 1389 1570
915 2 2 1 1 1067 992 1941
916 2 2 1 1 1003 1000 2217
917 2 2 1 1 1150 1148 1389
918 2 2 1 1 414 1706 1707
919 2 2 1 1 1663 1694 2600
920 2 2 1 1 942 937 1639
921 2 2 1 1 1346 1349 1843
922 2 2 1 1 1807 1361 1809
923 2 2 1 1 993 1888 1984
924 2 2 1 1 943 942 998
925 2 2 1 1 921 920 931
926 2 2 1 1 655 653 761
927 2 2 1 1 1660 2264 2562
928 2 2 1 1 646 811 1581
929 2 2 1 1 2540 1470 2607
930 2 2 1 1 667 664 1573
931 2 2 1 1 657 655 1678
932 2 2 1 1 902 900 1014
933 2 2 1 1 705 703 1656
934 2 2 1 1 1712 1623 2535
935 2 2 1 1 2027 404 2149
936 2 2 1 1 2458 2141 2679
937 2 2 1 1 1553 2172 2563
938 2 2 1 1 664 662 668
939 2 2 1 1 1158 678 1650
940 2 2 1 1 1100 1101 1102
941 2 2 1 1 1682 1681 2010
942 2 2 1 1 1025 871 1571
943 2 2 1 1 1127 1346 1348
944 2 2 1 1 660 657 661
945 2 2 1 1 1927 576 2004
946 2 2 1 1 1696 1697 1767
947 2 2 1 1 1590 905 2575
948 2 2 1 1 495 497 584
949 2 2 1 1 1963 1794 2239
950 2 2 1 1 1980 480 2482
951 2 2 1 1 678 677 1650
952 2 2 1 1 1250 1828 2377
953 2 2 1 1 676 673 677
954 2 2 1 1 477 1955 2035
955 2 2 1 1 1102 1103 1224
956 2 2 1 1 458 105 1684
957 2 2 1 1 1690 2331 2542
958 2 2 1 1 1638 427 2444
959 2 2 1 1 1749 1171 1750
960 2 2 1 1 1403 1857 2061
961 2 2 1 1 869 871 1025
962 2 2 1 1 519 1575 2551
963 2 2 1 1 1683 2537 2592
964 2 2 1 1 607 1217 1764
965 2 2 1 1 2079 1618 2587
966 2 2 1 1 2550 1457 2571
967 2 2 1 1 1952 1891 2186
968 2 2 1 1 1506 485 1838
969 2 2 1 1 671 667 672
970 2 2 1 1 937 935 1639
971 2 2 1 1 20 460 1696
972 2 2 1 1 459 94 1705
973 2 2 1 1 1471 876 1535
974 2 2 1 1 830 1072 1803
975 2 2 1 1 495 496 497
976 2 2 1 1 1804 1051 2420
977 2 2 1 1 651 665 1555
978 2 2 1 1 802 762 2069
979 2 2 1 1 414 92 1706
980 2 2 1 1 484 485 486
981 2 2 1 1 1824 1823 2339
982 2 2 1 1 1673 1175 1674
983 2 2 1 1 486 488 489
984 2 2 1 1 1059 1001 1060
985 2 2 1 1 672 667 1573
986 2 2 1 1 1570 1389 2541
987 2 2 1 1 485 439 1838
988 2 2 1 1 1549 1587 2549
989 2 2 1 1 1310 1776 2578
990 2 2 1 1 1004 595 1607
991 2 2 1 1 1573 1574 2147
992 2 2 1 1 2226 2227 2680
993 2 2 1 1 2213 1594 2309
994 2 2 1 1 1202 688 2366
995 2 2 1 1 1750 1171 1804
996 2 2 1 1 1002 2218 2459
997 2 2 1 1 430 1715 2490
998 2 2 1 1 114 479 2553
999 2 2 1 1 481 110 2554
1000 2 2 1 1 489 491 745
1001 2 2 1 1 1914 1203 1917
1002 2 2 1 1 17 18 1769
1003 2 2 1 1 22 413 1790
1004 2 2 1 1 1670 1490 2545
1005 2 2 1 1 768 1027 1758
1006 2 2 1 1 1110 981 1531
1007 2 2 1 1 1780 1779 1786
1008 2 2 1 1 1327 1090 1328
1009 2 2 1 1 445 116 2608
1010 2 2 1 1 1652 1651 1653
1011 2 2 1 1 646 1581 1582
1012 2 2 1 1 803 802 846
1013 2 2 1 1 685 678 1158
1014 2 2 1 1 589 595 1004
1015 2 2 1 1 2005 1142 2494
1016 2 2 1 1 1702 1698 1790
1017 2 2 1 1 1640 1533 1661
1018 2 2 1 1 1862 2002 2103
1019 2 2 1 1 795 913 1802
1020 2 2 1 1 1258 1713 1943
1021 2 2 1 1 1764 1217 1936
1022 2 2 1 1 1644 554 2402
1023 2 2 1 1 1912 1887 2418
1024 2 2 1 1 763 762 802
1025 2 2 1 1 1051 2187 2420
1026 2 2 1 1 1260 1305 1810
1027 2 2 1 1 748 1591 2352
1028 2 2 1 1 1369 1854 1967
1029 2 2 1 1 1051 852 1765
1030 2 2 1 1 2404 1690 2503
1031 2 2 1 1 1749 1750 1751
1032 2 2 1 1 597 599 600
1033 2 2 1 1 1556 1557 1558
1034 2 2 1 1 790 685 2078
1035 2 2 1 1 1891 1952 2212
1036 2 2 1 1 1955 1711 2035
1037 2 2 1 1 1698 460 1790
1038 2 2 1 1 1467 2096 2297
1039 2 2 1 1 428 1776 2505
1040 2 2 1 1 1892 478 2085
1041 2 2 1 1 757 756 1775
1042 2 2 1 1 1367 1322 1683
1043 2 2 1 1 1328 1090 1546
1044 2 2 1 1 1310 1311 1514
1045 2 2 1 1 1603 1004 2521
1046 2 2 1 1 922 1450 2655
1047 2 2 1 1 1075 1785 1816
1048 2 2 1 1 907 905 914
1049 2 2 1 1 2226 1622 2227
1050 2 2 1 1 1313 1204 1910
1051 2 2 1 1 660 661 662
1052 2 2 1 1 1290 1553 1783
1053 2 2 1 1 1251 1889 1940
1054 2 2 1 1 1771 2233 2668
1055 2 2 1 1 1000 1415 2217
1056 2 2 1 1 2008 1458 2519
1057 2 2 1 1 2430 1827 2476
1058 2 2 1 1 1252 1752 1815
1059 2 2 1 1 914 905 1590
1060 2 2 1 1 1846 1053 1920
1061 2 2 1 1 2216 1003 2217
1062 2 2 1 1 1689 1536 2527
1063 2 2 1 1 1239 1240 1743
1064 2 2 1 1 935 932 994
1065 2 2 1 1 1229 1363 1364
1066 2 2 1 1 1218 1688 2144
1067 2 2 1 1 1370 1859 2351
1068 2 2 1 1 491 490 492
1069 2 2 1 1 919 917 920
1070 2 2 1 1 1306 1361 1807
1071 2 2 1 1 2151 2125 2229
1072 2 2 1 1 554 1644 2556
1073 2 2 1 1 637 606 638
1074 2 2 1 1 1988 1951 2566
1075 2 2 1 1 2333 1488 2569
1076 2 2 1 1 489 488 490
1077 2 2 1 1 1623 1622 2226
1078 2 2 1 1 1217 1766 1936
1079 2 2 1 1 1225 1227 1228
1080 2 2 1 1 1476 2508 2631
1081 2 2 1 1 1854 820 1967
1082 2 2 1 1 1649 468 2399
1083 2 2 1 1 1193 1194 1406
1084 2 2 1 1 2241 1831 2278
1085 2 2 1 1 1684 1685 1714
1086 2 2 1 1 2507 1321 2544
1087 2 2 1 1 922 1003 1450
1088 2 2 1 1 1178 1467 1468
1089 2 2 1 1 1513 1580 2484
1090 2 2 1 1 1537 2314 2316
1091 2 2 1 1 1703 1795 1797
1092 2 2 1 1 887 911 922
1093 2 2 1 1 1836 929 1962
1094 2 2 1 1 745 1586 1587
1095 2 2 1 1 1146 1043 2638
1096 2 2 1 1 1552 2011 2445
1097 2 2 1 1 1299 1146 1442
1098 2 2 1 1 24 463 1756
1099 2 2 1 1 939 937 942
1100 2 2 1 1 793 2154 2260
1101 2 2 1 1 1771 1770 2233
1102 2 2 1 1 473 1998 2178
1103 2 2 1 1 1208 1782 2192
1104 2 2 1 1 639 638 640
1105 2 2 1 1 116 117 483
1106 2 2 1 1 1629 1346 2424
1107 2 2 1 1 2101 1241 2121
1108 2 2 1 1 1537 1619 2314
1109 2 2 1 1 412 1649 2399
1110 2 2 1 1 584 497 2283
1111 2 2 1 1 1240 1664 1743
1112 2 2 1 1 985 1861 1863
1113 2 2 1 1 816 2049 2445
1114 2 2 1 1 808 805 981
1115 2 2 1 1 1182 2196 2362
1116 2 2 1 1 591 1760 1761
1117 2 2 1 1 655 761 1678
1118 2 2 1 1 900 898 2656
1119 2 2 1 1 1847 2004 2110
1120 2 2 1 1 995 1811 1845
1121 2 2 1 1 1450 2215 2661
1122 2 2 1 1 1564 1474 2320
1123 2 2 1 1 493 492 494
1124 2 2 1 1 2550 2571 2648
1125 2 2 1 1 1736 408 2496
1126 2 2 1 1 1510 2245 2586
1127 2 2 1 1 1122 1124 1463
1128 2 2 1 1 1793 1507 2497
1129 2 2 1 1 1508 1951 2143
1130 2 2 1 1 703 701 801
1131 2 2 1 1 421 1832 2203
1132 2 2 1 1 2004 576 2110
1133 2 2 1 1 1759 699 1947
1134 2 2 1 1 1015 2241 2278
1135 2 2 1 1 1686 737 1857
1136 2 2 1 1 1115 1290 1476
1137 2 2 1 1 1591 748 2577
1138 2 2 1 1 1361 1362 1458
1139 2 2 1 1 616 607 1764
1140 2 2 1 1 980 1122 1745
1141 2 2 1 1 676 677 678
1142 2 2 1 1 932 931 2033
1143 2 2 1 1 600 599 601
1144 2 2 1 1 1889 1251 1941
1145 2 2 1 1 1545 1550 1551
1146 2 2 1 1 1405 1820 2387
1147 2 2 1 1 1000 923 1001
1148 2 2 1 1 2217 1415 2501
1149 2 2 1 1 671 672 673
1150 2 2 1 1 2277 1106 2336
1151 2 2 1 1 1706 459 1772
1152 2 2 1 1 932 2033 2586
1153 2 2 1 1 871 870 872
1154 2 2 1 1 1850 672 1922
1155 2 2 1 1 737 1686 1864
1156 2 2 1 1 1133 1487 1488
1157 2 2 1 1 1301 1300 1662
1158 2 2 1 1 673 672 1850
1159 2 2 1 1 2331 1690 2664
1160 2 2 1 1 589 594 595
1161 2 2 1 1 1588 493 2665
1162 2 2 1 1 873 872 877
1163 2 2 1 1 1547 1520 2656
1164 2 2 1 1 1482 681 1646
1165 2 2 1 1 1234 1845 1846
1166 2 2 1 1 1260 1261 1305
1167 2 2 1 1 1558 1559 1630
1168 2 2 1 1 2049 2048 2445
1169 2 2 1 1 1515 1517 1518
1170 2 2 1 1 1310 1514 1776
1171 2 2 1 1 1515 1518 1983
1172 2 2 1 1 1519 1521 1522
1173 2 2 1 1 1059 1115 1415
1174 2 2 1 1 1684 438 1685
1175 2 2 1 1 431 2208 2299
1176 2 2 1 1 866 1335 1917
1177 2 2 1 1 1838 457 2616
1178 2 2 1 1 1772 1308 1791
1179 2 2 1 1 1896 2114 2231
1180 2 2 1 1 2102 1184 2163
1181 2 2 1 1 1798 1726 1799
1182 2 2 1 1 1811 1812 1845
1183 2 2 1 1 1538 1593 2308
1184 2 2 1 1 581 590 1848
1185 2 2 1 1 998 942 2142
1186 2 2 1 1 2019 2020 2334
1187 2 2 1 1 1955 471 2489
1188 2 2 1 1 602 601 603
1189 2 2 1 1 1864 1369 1967
1190 2 2 1 1 1244 1321 2507
1191 2 2 1 1 769 757 1775
1192 2 2 1 1 869 868 870
1193 2 2 1 1 1686 1369 1864
1194 2 2 1 1 117 118 439
1195 2 2 1 1 106 107 438
1196 2 2 1 1 1688 1218 2455
1197 2 2 1 1 1820 1646 2387
1198 2 2 1 1 1542 1543 1545
1199 2 2 1 1 1662 540 2156
1200 2 2 1 1 1965 2098 2469
1201 2 2 1 1 2041 422 2042
1202 2 2 1 1 1438 1154 1748
1203 2 2 1 1 1768 1767 2289
1204 2 2 1 1 1637 1186 2236
1205 2 2 1 1 1809 941 2280
1206 2 2 1 1 1488 1487 2569
1207 2 2 1 1 602 606 637
1208 2 2 1 1 106 438 1684
1209 2 2 1 1 1770 1364 1813
1210 2 2 1 1 1022 1148 1150
1211 2 2 1 1 595 596 597
1212 2 2 1 1 1299 1623 1712
1213 2 2 1 1 1602 541 2559
1214 2 2 1 1 1136 1197 1220
1215 2 2 1 1 725 794 795
1216 2 2 1 1 1122 1463 1745
1217 2 2 1 1 1325 1548 1832
1218 2 2 1 1 707 705 762
1219 2 2 1 1 1305 1306 1807
1220 2 2 1 1 501 503 591
1221 2 2 1 1 605 625 1956
1222 2 2 1 1 409 1779 1780
1223 2 2 1 1 1722 1726 1798
1224 2 2 1 1 495 494 496
1225 2 2 1 1 1235 1252 2000
1226 2 2 1 1 850 849 1009
1227 2 2 1 1 1492 1494 1987
1228 2 2 1 1 1220 1423 1513
1229 2 2 1 1 1837 1672 1874
1230 2 2 1 1 1434 2259 2346
1231 2 2 1 1 1199 2430 2476
1232 2 2 1 1 1242 1243 1244
1233 2 2 1 1 962 1340 2255
1234 2 2 1 1 1204 1375 1910
1235 2 2 1 1 529 541 1675
1236 2 2 1 1 2263 625 2435
1237 2 2 1 1 612 1053 1848
1238 2 2 1 1 649 647 2022
1239 2 2 1 1 2117 1761 2198
1240 2 2 1 1 1188 1160 1300
1241 2 2 1 1 1327 1328 1542
1242 2 2 1 1 1554 1387 2590
1243 2 2 1 1 1349 2042 2612
1244 2 2 1 1 1151 1763 2494
1245 2 2 1 1 964 1051 1804
1246 2 2 1 1 1244 1246 1321
1247 2 2 1 1 1248 1933 2057
1248 2 2 1 1 887 922 2655
1249 2 2 1 1 497 498 499
1250 2 2 1 1 1815 1752 2267
1251 2 2 1 1 1009 1159 1160
1252 2 2 1 1 795 1802 2442
1253 2 2 1 1 1527 1814 2472
1254 2 2 1 1 1045 1146 1147
1255 2 2 1 1 915 1134 1621
1256 2 2 1 1 783 1675 2060
1257 2 2 1 1 999 1052 1090
1258 2 2 1 1 1184 1908 2620
1259 2 2 1 1 432 1783 2563
1260 2 2 1 1 653 1555 2677
1261 2 2 1 1 674 834 1963
1262 2 2 1 1 2154 793 2588
1263 2 2 1 1 985 1860 1861
1264 2 2 1 1 2114 1286 2231
1265 2 2 1 1 1189 1422 1781
1266 2 2 1 1 1543 1544 1801
1267 2 2 1 1 484 439 485
1268 2 2 1 1 26 408 1778
1269 2 2 1 1 409 88 1779
1270 2 2 1 1 1389 1606 2063
1271 2 2 1 1 527 529 1675
1272 2 2 1 1 434 1696 1767
1273 2 2 1 1 589 1004 2557
1274 2 2 1 1 2165 1424 2396
1275 2 2 1 1 1167 1169 1242
1276 2 2 1 1 2199 1666 2649
1277 2 2 1 1 1904 1207 2164
1278 2 2 1 1 1619 2306 2307
1279 2 2 1 1 1859 1370 2580
1280 2 2 1 1 1526 1438 1747
1281 2 2 1 1 992 993 1941
1282 2 2 1 1 775 1800 2234
1283 2 2 1 1 408 1736 2615
1284 2 2 1 1 1556 665 1557
1285 2 2 1 1 921 931 932
1286 2 2 1 1 1046 951 1047
1287 2 2 1 1 943 998 999
1288 2 2 1 1 907 914 915
1289 2 2 1 1 1697 460 1698
1290 2 2 1 1 1463 1124 1464
1291 2 2 1 1 1692 1689 2527
1292 2 2 1 1 1697 1698 1699
1293 2 2 1 1 1251 1067 1941
1294 2 2 1 1 91 414 1709
1295 2 2 1 1 1150 1389 1444
1296 2 2 1 1 1306 1360 1361
1297 2 2 1 1 1572 2336 2337
1298 2 2 1 1 1610 1611 1926
1299 2 2 1 1 1202 1646 1820
1300 2 2 1 1 1406 1408 2335
1301 2 2 1 1 2248 2074 2584
1302 2 2 1 1 1888 993 2639
1303 2 2 1 1 636 1747 2625
1304 2 2 1 1 525 527 783
1305 2 2 1 1 1593 1540 1595
1306 2 2 1 1 1675 541 2302
1307 2 2 1 1 848 799 849
1308 2 2 1 1 591 503 1760
1309 2 2 1 1 1171 1006 1804
1310 2 2 1 1 919 920 921
1311 2 2 1 1 677 1850 2268
1312 2 2 1 1 1349 1128 2188
1313 2 2 1 1 645 644 647
1314 2 2 1 1 2213 2327 2328
1315 2 2 1 1 623 1837 2067
1316 2 2 1 1 113 1383 2449
1317 2 2 1 1 111 112 1998
1318 2 2 1 1 755 721 925
1319 2 2 1 1 529 533 541
1320 2 2 1 1 505 507 1762
1321 2 2 1 1 1562 1558 1630
1322 2 2 1 1 1252 1815 2000
1323 2 2 1 1 1093 1094 1095
1324 2 2 1 1 662 661 2396
1325 2 2 1 1 497 496 498
1326 2 2 1 1 796 1086 2469
1327 2 2 1 1 1662 1300 1663
1328 2 2 1 1 1165 1166 1167
1329 2 2 1 1 982 1042 1043
1330 2 2 1 1 1479 1712 2426
1331 2 2 1 1 1158 1651 1652
1332 2 2 1 1 939 942 943
1333 2 2 1 1 1021 1140 1177
1334 2 2 1 1 1857 737 2061
1335 2 2 1 1 1009 1188 1765
1336 2 2 1 1 2069 762 2455
1337 2 2 1 1 1626 1625 1803
1338 2 2 1 1 1010 1011 2046
1339 2 2 1 1 1655 637 2112
1340 2 2 1 1 507 509 582
1341 2 2 1 1 1773 769 1775
1342 2 2 1 1 1780 1317 2654
1343 2 2 1 1 434 19 1696
1344 2 2 1 1 95 435 1705
1345 2 2 1 1 1454 2104 2221
1346 2 2 1 1 1636 1635 1899
1347 2 2 1 1 93 459 1706
1348 2 2 1 1 606 603 1670
1349 2 2 1 1 493 495 2665
1350 2 2 1 1 1760 505 1762
1351 2 2 1 1 690 1202 1821
1352 2 2 1 1 1763 1426 2494
1353 2 2 1 1 918 919 2082
1354 2 2 1 1 1442 1146 2638
1355 2 2 1 1 606 1670 2545
1356 2 2 1 1 976 1764 1936
1357 2 2 1 1 1926 534 2109
1358 2 2 1 1 597 598 599
1359 2 2 1 1 53 437 1911
1360 2 2 1 1 1452 1644 2402
1361 2 2 1 1 486 487 488
1362 2 2 1 1 1863 1861 2100
1363 2 2 1 1 769 1773 1818
1364 2 2 1 1 1534 2089 2090
1365 2 2 1 1 1106 2277 2592
1366 2 2 1 1 1752 856 2267
1367 2 2 1 1 925 721 1995
1368 2 2 1 1 1242 1244 2629
1369 2 2 1 1 659 1794 2428
1370 2 2 1 1 1740 462 2382
1371 2 2 1 1 2224 952 2535
1372 2 2 1 1 1779 461 1786
1373 2 2 1 1 1095 1096 1117
1374 2 2 1 1 1730 1739 2558
1375 2 2 1 1 1983 1312 2055
1376 2 2 1 1 1301 1662 1679
1377 2 2 1 1 1009 849 1159
1378 2 2 1 1 486 489 1566
1379 2 2 1 1 1119 1120 1165
1380 2 2 1 1 1510 1444 2403
1381 2 2 1 1 1188 1300 1301
1382 2 2 1 1 1795 1721 1796
1383 2 2 1 1 713 711 976
1384 2 2 1 1 511 513 2104
1385 2 2 1 1 413 23 1756
1386 2 2 1 1 1707 1706 1772
1387 2 2 1 1 1391 1105 2374
1388 2 2 1 1 1177 1178 1350
1389 2 2 1 1 1644 1452 2457
1390 2 2 1 1 2190 1198 2350
1391 2 2 1 1 2099 1867 2118
1392 2 2 1 1 2250 1843 2388
1393 2 2 1 1 1100 1047 1101
1394 2 2 1 1 1313 1909 2102
1395 2 2 1 1 116 483 2608
1396 2 2 1 1 521 525 2159
1397 2 2 1 1 964 852 1051
1398 2 2 1 1 1117 1118 1119
1399 2 2 1 1 2095 1663 2600
1400 2 2 1 1 1814 476 2472
1401 2 2 1 1 1297 1295 1381
1402 2 2 1 1 1228 1227 1229
1403 2 2 1 1 536 1074 1921
1404 2 2 1 1 1562 2115 2244
1405 2 2 1 1 848 849 850
1406 2 2 1 1 1416 1313 2102
1407 2 2 1 1 1714 1685 2429
1408 2 2 1 1 1239 1743 1744
1409 2 2 1 1 1697 1699 1701
1410 2 2 1 1 1711 448 2035
1411 2 2 1 1 1302 1655 2112
1412 2 2 1 1 1352 1080 2076
1413 2 2 1 1 1390 2196 2197
1414 2 2 1 1 1161 1609 1610
1415 2 2 1 1 1569 1468 2041
1416 2 2 1 1 1902 468 2400
1417 2 2 1 1 713 976 1995
1418 2 2 1 1 1142 1151 2494
1419 2 2 1 1 1165 1167 2571
1420 2 2 1 1 995 740 1975
1421 2 2 1 1 1933 1453 2057
1422 2 2 1 1 542 536 1921
1423 2 2 1 1 1799 1800 2028
1424 2 2 1 1 2060 1356 2158
1425 2 2 1 1 1903 1904 2103
1426 2 2 1 1 1102 1101 1103
1427 2 2 1 1 461 1710 1786
1428 2 2 1 1 1159 849 1938
1429 2 2 1 1 87 409 1793
1430 2 2 1 1 1009 1160 1188
1431 2 2 1 1 1077 1075 1816
1432 2 2 1 1 648 647 649
1433 2 2 1 1 1608 1159 1938
1434 2 2 1 1 534 1671 2293
1435 2 2 1 1 1507 1793 2281
1436 2 2 1 1 1346 1843 2424
1437 2 2 1 1 462 1736 2496
1438 2 2 1 1 1147 1294 1295
1439 2 2 1 1 1486 1894 2432
1440 2 2 1 1 1584 809 2275
1441 2 2 1 1 579 588 589
1442 2 2 1 1 845 2132 2157
1443 2 2 1 1 1699 1700 1704
1444 2 2 1 1 1405 2387 2443
1445 2 2 1 1 1022 1150 2033
1446 2 2 1 1 95 96 435
1447 2 2 1 1 18 19 434
1448 2 2 1 1 1518 1519 2149
1449 2 2 1 1 1181 1554 2121
1450 2 2 1 1 1224 1103 1225
1451 2 2 1 1 1811 995 1975
1452 2 2 1 1 20 21 460
1453 2 2 1 1 93 94 459
1454 2 2 1 1 2022 647 2547
1455 2 2 1 1 546 548 1943
1456 2 2 1 1 22 23 413
1457 2 2 1 1 91 92 414
1458 2 2 1 1 1554 2101 2121
1459 2 2 1 1 719 768 1758
1460 2 2 1 1 1718 1721 1795
1461 2 2 1 1 650 649 651
1462 2 2 1 1 1557 665 2022
1463 2 2 1 1 641 638 2545
1464 2 2 1 1 1039 2100 2103
1465 2 2 1 1 1051 1991 2187
1466 2 2 1 1 1364 1363 1366
1467 2 2 1 1 1707 1772 1791
1468 2 2 1 1 1586 1588 2030
1469 2 2 1 1 1611 1613 1671
1470 2 2 1 1 457 120 1805
1471 2 2 1 1 1150 1510 2033
1472 2 2 1 1 1310 1137 1311
1473 2 2 1 1 768 865 1027
1474 2 2 1 1 917 915 1621
1475 2 2 1 1 652 651 653
1476 2 2 1 1 407 1810 2014
1477 2 2 1 1 1160 1159 1161
1478 2 2 1 1 905 902 2575
1479 2 2 1 1 414 1707 1708
1480 2 2 1 1 959 2099 2118
1481 2 2 1 1 1747 1438 1748
1482 2 2 1 1 850 1009 1765
1483 2 2 1 1 2456 1450 2661
1484 2 2 1 1 1713 546 1943
1485 2 2 1 1 1636 2212 2278
1486 2 2 1 1 677 2268 2502
1487 2 2 1 1 1595 1597 1598
1488 2 2 1 1 654 653 655
1489 2 2 1 1 1054 2414 2666
1490 2 2 1 1 434 1767 1768
1491 2 2 1 1 820 1667 2199
1492 2 2 1 1 1618 1766 2587
1493 2 2 1 1 711 616 1764
1494 2 2 1 1 637 638 639
1495 2 2 1 1 1265 1264 1789
1496 2 2 1 1 656 655 657
1497 2 2 1 1 2243 1144 2354
1498 2 2 1 1 994 932 2586
1499 2 2 1 1 1258 1152 1259
1500 2 2 1 1 474 1660 2562
1501 2 2 1 1 1558 1557 1559
1502 2 2 1 1 486 485 487
1503 2 2 1 1 1208 1077 1816
1504 2 2 1 1 463 25 1778
1505 2 2 1 1 89 461 1779
1506 2 2 1 1 2020 1544 2334
1507 2 2 1 1 1928 1391 2356
1508 2 2 1 1 659 657 660
1509 2 2 1 1 712 711 713
1510 2 2 1 1 1996 1916 1997
1511 2 2 1 1 501 591 2406
1512 2 2 1 1 18 434 1769
1513 2 2 1 1 1727 1730 2628
1514 2 2 1 1 1305 1808 1810
1515 2 2 1 1 2302 541 2471
1516 2 2 1 1 1172 2215 2565
1517 2 2 1 1 1839 1830 2080
1518 2 2 1 1 1747 636 2276
1519 2 2 1 1 1645 1242 1715
1520 2 2 1 1 2011 816 2445
1521 2 2 1 1 2221 1209 2464
1522 2 2 1 1 1625 1265 1789
1523 2 2 1 1 1085 1077 1208
1524 2 2 1 1 717 747 1962
1525 2 2 1 1 436 1906 2075
1526 2 2 1 1 799 755 1938
1527 2 2 1 1 1913 797 2193
1528 2 2 1 1 1375 1940 2001
1529 2 2 1 1 760 1799 2479
1530 2 2 1 1 24 25 463
1531 2 2 1 1 89 90 461
1532 2 2 1 1 1909 1908 2102
1533 2 2 1 1 1221 1836 1962
1534 2 2 1 1 1555 1563 2677
1535 2 2 1 1 458 1714 2222
1536 2 2 1 1 1560 1557 2022
1537 2 2 1 1 503 505 1760
1538 2 2 1 1 1776 428 2051
1539 2 2 1 1 1832 1833 2203
1540 2 2 1 1 1157 1791 2613
1541 2 2 1 1 1020 1006 1171
1542 2 2 1 1 1887 1912 2440
1543 2 2 1 1 988 1092 1093
1544 2 2 1 1 1632 1631 1806
1545 2 2 1 1 1049 1152 1258
1546 2 2 1 1 763 802 803
1547 2 2 1 1 1699 1698 1700
1548 2 2 1 1 1635 1632 1806
1549 2 2 1 1 595 594 596
1550 2 2 1 1 1514 1311 1515
1551 2 2 1 1 1203 1914 2623
1552 2 2 1 1 1038 940 1413
1553 2 2 1 1 1258 1259 1787
1554 2 2 1 1 891 2279 2660
1555 2 2 1 1 1772 459 2596
1556 2 2 1 1 437 1910 1911
1557 2 2 1 1 1997 604 2446
1558 2 2 1 1 5 240 1993
1559 2 2 1 1 1658 1564 2359
1560 2 2 1 1 677 673 1850
1561 2 2 1 1 1049 1050 1152
1562 2 2 1 1 1049 1258 1943
1563 2 2 1 1 589 588 594
1564 2 2 1 1 1135 914 1590
1565 2 2 1 1 52 53 1911
1566 2 2 1 1 460 21 1790
1567 2 2 1 1 1845 1812 1846
1568 2 2 1 1 1260 1073 1261
1569 2 2 1 1 922 911 923
1570 2 2 1 1 1300 1160 1693
1571 2 2 1 1 2356 1391 2374
1572 2 2 1 1 2252 1106 2592
1573 2 2 1 1 1210 969 1818
1574 2 2 1 1 1974 482 2498
1575 2 2 1 1 663 662 664
1576 2 2 1 1 472 1912 2418
1577 2 2 1 1 1748 1749 2625
1578 2 2 1 1 1683 1840 2537
1579 2 2 1 1 1494 1497 1987
1580 2 2 1 1 787 789 1932
1581 2 2 1 1 976 1936 2087
1582 2 2 1 1 1270 1865 2036
1583 2 2 1 1 1730 2043 2628
1584 2 2 1 1 513 515 535
1585 2 2 1 1 720 713 721
1586 2 2 1 1 1768 1219 2135
1587 2 2 1 1 19 20 1696
1588 2 2 1 1 94 95 1705
1589 2 2 1 1 92 93 1706
1590 2 2 1 1 795 794 913
1591 2 2 1 1 1721 1722 1798
1592 2 2 1 1 1470 1406 2173
1593 2 2 1 1 511 1757 2509
1594 2 2 1 1 1559 1668 2585
1595 2 2 1 1 1047 951 2069
1596 2 2 1 1 707 762 763
1597 2 2 1 1 1518 1517 1519
1598 2 2 1 1 1085 1208 2192
1599 2 2 1 1 1352 1589 2486
1600 2 2 1 1 1703 1718 1795
1601 2 2 1 1 1610 1609 1611
1602 2 2 1 1 970 1679 2156
1603 2 2 1 1 119 120 457
1604 2 2 1 1 104 105 458
1605 2 2 1 1 642 644 645
1606 2 2 1 1 908 885 2456
1607 2 2 1 1 1474 1473 1475
1608 2 2 1 1 1544 1328 1546
1609 2 2 1 1 1042 1127 2137
1610 2 2 1 1 1601 1191 2459
1611 2 2 1 1 464 1793 2497
1612 2 2 1 1 2066 1309 2405
1613 2 2 1 1 929 717 1962
1614 2 2 1 1 1911 1375 2001
1615 2 2 1 1 754 721 755
1616 2 2 1 1 107 108 1654
1617 2 2 1 1 462 1740 2450
1618 2 2 1 1 834 946 1963
1619 2 2 1 1 420 1813 2443
1620 2 2 1 1 1774 1775 2397
1621 2 2 1 1 105 106 1684
1622 2 2 1 1 1208 1816 1817
1623 2 2 1 1 1379 1567 1568
1624 2 2 1 1 1773 1210 1818
1625 2 2 1 1 2388 1349 2612
1626 2 2 1 1 1035 787 1932
1627 2 2 1 1 808 981 982
1628 2 2 1 1 1152 1189 1781
1629 2 2 1 1 1189 1421 1422
1630 2 2 1 1 1496 1495 2048
1631 2 2 1 1 80 1744 2431
1632 2 2 1 1 1376 1083 2068
1633 2 2 1 1 426 1822 1823
1634 2 2 1 1 1439 1438 1526
1635 2 2 1 1 597 596 598
1636 2 2 1 1 100 476 1814
1637 2 2 1 1 1568 1567 1842
1638 2 2 1 1 26 27 408
1639 2 2 1 1 87 88 409
1640 2 2 1 1 1654 444 2398
1641 2 2 1 1 1648 2155 2622
1642 2 2 1 1 1736 462 2450
1643 2 2 1 1 1372 1530 1792
1644 2 2 1 1 23 24 1756
1645 2 2 1 1 446 16 1788
1646 2 2 1 1 852 850 1765
1647 2 2 1 1 465 82 1829
1648 2 2 1 1 522 520 1989
1649 2 2 1 1 439 118 1838
1650 2 2 1 1 675 673 676
1651 2 2 1 1 15 446 1839
1652 2 2 1 1 1196 1873 1960
1653 2 2 1 1 525 526 527
1654 2 2 1 1 583 542 1921
1655 2 2 1 1 1358 1850 1922
1656 2 2 1 1 1865 765 2036
1657 2 2 1 1 1718 1720 1721
1658 2 2 1 1 724 1196 1960
1659 2 2 1 1 1256 1841 1985
1660 2 2 1 1 1799 1726 1800
1661 2 2 1 1 464 86 1793
1662 2 2 1 1 893 891 1180
1663 2 2 1 1 1203 1916 2681
1664 2 2 1 1 2132 1642 2157
1665 2 2 1 1 1379 1378 1567
1666 2 2 1 1 633 616 711
1667 2 2 1 1 1642 1155 1870
1668 2 2 1 1 521 523 525
1669 2 2 1 1 1135 1590 2145
1670 2 2 1 1 798 755 799
1671 2 2 1 1 1857 1403 1858
1672 2 2 1 1 1075 640 1785
1673 2 2 1 1 1384 112 2449
1674 2 2 1 1 16 17 1788
1675 2 2 1 1 2227 1629 2411
1676 2 2 1 1 832 797 1913
1677 2 2 1 1 666 664 667
1678 2 2 1 1 1361 1360 1362
1679 2 2 1 1 541 1602 2471
1680 2 2 1 1 2591 1506 2616
1681 2 2 1 1 782 972 1049
1682 2 2 1 1 2151 418 2379
1683 2 2 1 1 639 640 1075
1684 2 2 1 1 1910 1375 1911
1685 2 2 1 1 1223 1378 1379
1686 2 2 1 1 1843 433 2424
1687 2 2 1 1 946 978 1319
1688 2 2 1 1 1345 1654 2398
1689 2 2 1 1 1453 1933 2495
1690 2 2 1 1 1259 1152 1781
1691 2 2 1 1 1211 1443 1451
1692 2 2 1 1 82 83 1829
1693 2 2 1 1 1437 1154 1438
1694 2 2 1 1 1722 1724 1726
1695 2 2 1 1 761 653 2677
1696 2 2 1 1 1671 1613 1855
1697 2 2 1 1 2074 1563 2584
1698 2 2 1 1 1006 964 1804
1699 2 2 1 1 1211 1210 1443
1700 2 2 1 1 1796 1721 1798
1701 2 2 1 1 1195 2173 2335
1702 2 2 1 1 1134 1136 2174
1703 2 2 1 1 1890 1891 1900
1704 2 2 1 1 847 799 848
1705 2 2 1 1 1109 1210 1211
1706 2 2 1 1 2231 1286 2282
1707 2 2 1 1 1746 2393 2428
1708 2 2 1 1 499 500 501
1709 2 2 1 1 1126 832 1913
1710 2 2 1 1 1647 2196 2560
1711 2 2 1 1 1832 1548 1833
1712 2 2 1 1 724 858 1196
1713 2 2 1 1 1871 1872 2081
1714 2 2 1 1 1447 2151 2672
1715 2 2 1 1 1844 995 1845
1716 2 2 1 1 1292 2148 2487
1717 2 2 1 1 1387 2106 2590
1718 2 2 1 1 1841 853 1985
1719 2 2 1 1 976 711 1764
1720 2 2 1 1 1221 1222 1223
1721 2 2 1 1 1676 1224 1677
1722 2 2 1 1 607 583 1217
1723 2 2 1 1 25 26 1778
1724 2 2 1 1 88 89 1779
1725 2 2 1 1 441 1890 1900
1726 2 2 1 1 1223 1377 1378
1727 2 2 1 1 1218 1047 2069
1728 2 2 1 1 670 667 671
1729 2 2 1 1 1760 1762 2198
1730 2 2 1 1 1825 1064 1826
1731 2 2 1 1 1322 877 2622
1732 2 2 1 1 1109 969 1210
1733 2 2 1 1 426 84 1822
1734 2 2 1 1 1235 1236 1252
1735 2 2 1 1 527 528 529
1736 2 2 1 1 1152 1050 1189
1737 2 2 1 1 1252 1472 1752
1738 2 2 1 1 786 1035 1221
1739 2 2 1 1 1292 1359 2148
1740 2 2 1 1 969 778 1818
1741 2 2 1 1 121 475 1805
1742 2 2 1 1 2224 2535 2617
1743 2 2 1 1 980 991 1122
1744 2 2 1 1 1180 891 2660
1745 2 2 1 1 1865 1403 2061
1746 2 2 1 1 1305 1261 1306
1747 2 2 1 1 1052 1133 2583
1748 2 2 1 1 1633 1831 2157
1749 2 2 1 1 1041 1012 1404
1750 2 2 1 1 28 29 462
1751 2 2 1 1 646 810 811
1752 2 2 1 1 447 99 1814
1753 2 2 1 1 1894 442 2432
1754 2 2 1 1 120 121 1805
1755 2 2 1 1 1063 1064 1825
1756 2 2 1 1 1443 1773 1774
1757 2 2 1 1 694 692 764
1758 2 2 1 1 823 825 1235
1759 2 2 1 1 1234 731 1844
1760 2 2 1 1 1846 1812 1847
1761 2 2 1 1 2006 1196 2238
1762 2 2 1 1 86 87 1793
1763 2 2 1 1 1571 1572 1668
1764 2 2 1 1 85 86 464
1765 2 2 1 1 1259 1781 1851
1766 2 2 1 1 1049 972 1050
1767 2 2 1 1 1868 1036 1919
1768 2 2 1 1 1018 969 1109
1769 2 2 1 1 2072 1233 2191
1770 2 2 1 1 1467 1380 2299
1771 2 2 1 1 762 1656 2455
1772 2 2 1 1 1933 1249 2669
1773 2 2 1 1 418 2151 2286
1774 2 2 1 1 946 1319 1963
1775 2 2 1 1 1351 1080 1352
1776 2 2 1 1 1390 2197 2371
1777 2 2 1 1 1518 2149 2546
1778 2 2 1 1 1038 1413 2211
1779 2 2 1 1 98 99 447
1780 2 2 1 1 15 16 446
1781 2 2 1 1 603 605 1670
1782 2 2 1 1 564 566 1849
1783 2 2 1 1 1899 1635 2536
1784 2 2 1 1 731 733 1844
1785 2 2 1 1 1800 775 2614
1786 2 2 1 1 85 464 1822
1787 2 2 1 1 426 1823 1824
1788 2 2 1 1 435 96 2274
1789 2 2 1 1 817 818 1063
1790 2 2 1 1 800 778 969
1791 2 2 1 1 957 1248 1849
1792 2 2 1 1 2056 2591 2616
1793 2 2 1 1 1234 1844 1845
1794 2 2 1 1 411 32 1905
1795 2 2 1 1 694 764 1947
1796 2 2 1 1 1782 1208 2632
1797 2 2 1 1 1063 818 1064
1798 2 2 1 1 1221 1223 1836
1799 2 2 1 1 566 957 1849
1800 2 2 1 1 1871 1247 1872
1801 2 2 1 1 14 15 1839
1802 2 2 1 1 1755 1264 2572
1803 2 2 1 1 1537 1475 1538
1804 2 2 1 1 1801 1544 2020
1805 2 2 1 1 1903 1902 1904
1806 2 2 1 1 1105 1063 1825
1807 2 2 1 1 686 719 2259
1808 2 2 1 1 1721 1720 1722
1809 2 2 1 1 1122 1123 1124
1810 2 2 1 1 1036 1939 1959
1811 2 2 1 1 1086 1965 2469
1812 2 2 1 1 21 22 1790
1813 2 2 1 1 1221 1035 1222
1814 2 2 1 1 774 813 817
1815 2 2 1 1 1235 825 1236
1816 2 2 1 1 817 813 818
1817 2 2 1 1 441 41 1893
1818 2 2 1 1 619 1082 1977
1819 2 2 1 1 1379 1568 1672
1820 2 2 1 1 1252 1236 1472
1821 2 2 1 1 1890 441 1893
1822 2 2 1 1 740 742 1975
1823 2 2 1 1 548 782 1943
1824 2 2 1 1 778 770 1818
1825 2 2 1 1 1601 1974 2498
1826 2 2 1 1 544 1713 1978
1827 2 2 1 1 948 949 1935
1828 2 2 1 1 1065 1063 1105
1829 2 2 1 1 1223 1222 1377
1830 2 2 1 1 1525 1524 2673
1831 2 2 1 1 1901 1902 1903
1832 2 2 1 1 957 1099 1248
1833 2 2 1 1 953 2125 2152
1834 2 2 1 1 1680 1679 1681
1835 2 2 1 1 1378 1377 1576
1836 2 2 1 1 1403 1274 1858
1837 2 2 1 1 633 711 712
1838 2 2 1 1 827 1863 2412
1839 2 2 1 1 1211 1451 1644
1840 2 2 1 1 99 100 1814
1841 2 2 1 1 738 740 995
1842 2 2 1 1 899 898 900
1843 2 2 1 1 1379 1672 1836
1844 2 2 1 1 770 769 1818
1845 2 2 1 1 1816 1785 2626
1846 2 2 1 1 789 823 1932
1847 2 2 1 1 1831 845 2157
1848 2 2 1 1 2314 454 2315
1849 2 2 1 1 844 861 1919
1850 2 2 1 1 818 819 1834
1851 2 2 1 1 1604 1605 2381
1852 2 2 1 1 499 498 500
1853 2 2 1 1 1856 1857 1858
1854 2 2 1 1 1187 1105 1391
1855 2 2 1 1 747 786 1962
1856 2 2 1 1 1834 819 1835
1857 2 2 1 1 1425 1398 2383
1858 2 2 1 1 739 736 1864
1859 2 2 1 1 1901 468 1902
1860 2 2 1 1 1232 1866 1867
1861 2 2 1 1 961 857 1976
1862 2 2 1 1 800 969 1018
1863 2 2 1 1 1285 1686 1856
1864 2 2 1 1 1694 1610 1926
1865 2 2 1 1 1939 1266 1959
1866 2 2 1 1 1426 1355 2005
1867 2 2 1 1 685 1158 2078
1868 2 2 1 1 490 488 636
1869 2 2 1 1 1355 1354 2005
1870 2 2 1 1 1826 1827 1828
1871 2 2 1 1 1274 1276 1858
1872 2 2 1 1 1869 836 1961
1873 2 2 1 1 32 33 1905
1874 2 2 1 1 1195 2335 2425
1875 2 2 1 1 1036 844 1919
1876 2 2 1 1 774 812 813
1877 2 2 1 1 1232 1066 1866
1878 2 2 1 1 1907 1908 1909
1879 2 2 1 1 740 741 742
1880 2 2 1 1 1281 1285 1856
1881 2 2 1 1 2041 1468 2297
1882 2 2 1 1 1217 583 1921
1883 2 2 1 1 2178 1998 2423
1884 2 2 1 1 1812 1374 2004
1885 2 2 1 1 1856 1686 1857
1886 2 2 1 1 41 42 1893
1887 2 2 1 1 1232 1867 1868
1888 2 2 1 1 736 737 1864
1889 2 2 1 1 1443 1210 1773
1890 2 2 1 1 1062 1175 1673
1891 2 2 1 1 742 773 774
1892 2 2 1 1 733 738 1844
1893 2 2 1 1 709 2011 2447
1894 2 2 1 1 1914 1913 1915
1895 2 2 1 1 1272 1403 1865
1896 2 2 1 1 1007 838 1869
1897 2 2 1 1 817 1063 1065
1898 2 2 1 1 1774 1773 1775
1899 2 2 1 1 1126 1913 1914
1900 2 2 1 1 1223 1379 1836
1901 2 2 1 1 849 799 1938
1902 2 2 1 1 1670 605 1956
1903 2 2 1 1 1285 1287 1369
1904 2 2 1 1 618 627 1960
1905 2 2 1 1 1256 1268 1841
1906 2 2 1 1 1053 621 1920
1907 2 2 1 1 738 739 740
1908 2 2 1 1 625 725 2435
1909 2 2 1 1 100 101 476
1910 2 2 1 1 1574 668 2581
1911 2 2 1 1 838 836 1869
1912 2 2 1 1 1253 1083 1376
1913 2 2 1 1 1232 1868 1919
1914 2 2 1 1 1119 1165 2579
1915 2 2 1 1 1281 1284 1285
1916 2 2 1 1 1990 1525 2673
1917 2 2 1 1 1382 1381 1385
1918 2 2 1 1 1187 1391 1927
1919 2 2 1 1 1248 1099 1249
1920 2 2 1 1 1369 1287 1854
1921 2 2 1 1 1526 1747 2276
1922 2 2 1 1 1279 1281 1856
1923 2 2 1 1 1068 1416 1866
1924 2 2 1 1 1287 1289 1854
1925 2 2 1 1 729 1234 1920
1926 2 2 1 1 437 1909 1910
1927 2 2 1 1 742 774 1948
1928 2 2 1 1 738 995 1844
1929 2 2 1 1 1286 1942 2282
1930 2 2 1 1 1036 1868 1939
1931 2 2 1 1 2282 1942 2386
1932 2 2 1 1 1927 1391 1928
1933 2 2 1 1 1285 1284 1287
1934 2 2 1 1 901 900 902
1935 2 2 1 1 1633 1634 1831
1936 2 2 1 1 1236 825 1953
1937 2 2 1 1 1899 1898 1900
1938 2 2 1 1 1270 1272 1865
1939 2 2 1 1 1011 1089 2046
1940 2 2 1 1 851 850 852
1941 2 2 1 1 83 426 1829
1942 2 2 1 1 1884 1882 1888
1943 2 2 1 1 1065 1105 1187
1944 2 2 1 1 1066 1068 1866
1945 2 2 1 1 1880 1881 1882
1946 2 2 1 1 1276 1279 1858
1947 2 2 1 1 1880 1879 1881
1948 2 2 1 1 1907 470 1908
1949 2 2 1 1 84 85 1822
1950 2 2 1 1 1285 1369 1686
1951 2 2 1 1 1304 1632 1633
1952 2 2 1 1 928 1066 1232
1953 2 2 1 1 1337 1336 1944
1954 2 2 1 1 467 1898 1899
1955 2 2 1 1 1878 478 1892
1956 2 2 1 1 437 1907 1909
1957 2 2 1 1 42 43 1931
1958 2 2 1 1 684 678 685
1959 2 2 1 1 83 84 426
1960 2 2 1 1 1423 1577 2116
1961 2 2 1 1 34 468 1901
1962 2 2 1 1 33 34 1901
1963 2 2 1 1 776 958 1930
1964 2 2 1 1 1272 1274 1403
1965 2 2 1 1 1506 1838 2616
1966 2 2 1 1 729 731 1234
1967 2 2 1 1 1427 1337 1944
1968 2 2 1 1 1826 1064 1827
1969 2 2 1 1 1747 1748 2625
1970 2 2 1 1 1048 948 1935
1971 2 2 1 1 1240 1238 1370
1972 2 2 1 1 1559 1560 2032
1973 2 2 1 1 1665 1371 1666
1974 2 2 1 1 897 895 898
1975 2 2 1 1 449 1879 1880
1976 2 2 1 1 1068 1313 1416
1977 2 2 1 1 1415 1476 2501
1978 2 2 1 1 1161 1608 1609
1979 2 2 1 1 733 736 738
1980 2 2 1 1 1014 900 2656
1981 2 2 1 1 2178 1411 2500
1982 2 2 1 1 1890 1884 1891
1983 2 2 1 1 1279 1856 1858
1984 2 2 1 1 1279 1280 1281
1985 2 2 1 1 861 928 1919
1986 2 2 1 1 121 122 475
1987 2 2 1 1 1489 1397 1532
1988 2 2 1 1 1883 1882 1884
1989 2 2 1 1 765 2024 2036
1990 2 2 1 1 614 1247 1871
1991 2 2 1 1 1512 1236 1953
1992 2 2 1 1 1895 448 1896
1993 2 2 1 1 1893 42 1931
1994 2 2 1 1 830 1056 1072
1995 2 2 1 1 81 82 465
1996 2 2 1 1 1881 1885 1886
1997 2 2 1 1 449 1878 1879
1998 2 2 1 1 1316 1315 1957
1999 2 2 1 1 1898 441 1900
2000 2 2 1 1 916 915 917
2001 2 2 1 1 1276 1278 1279
2002 2 2 1 1 621 630 1920
2003 2 2 1 1 629 620 1934
2004 2 2 1 1 1021 1177 2128
2005 2 2 1 1 63 1895 1897
2006 2 2 1 1 501 502 503
2007 2 2 1 1 958 1088 1930
2008 2 2 1 1 1881 1879 1885
2009 2 2 1 1 118 119 1838
2010 2 2 1 1 823 824 825
2011 2 2 1 1 1472 1512 1755
2012 2 2 1 1 2009 1751 2010
2013 2 2 1 1 612 621 1053
2014 2 2 1 1 1281 1283 1284
2015 2 2 1 1 817 1065 1948
2016 2 2 1 1 1304 1633 1870
2017 2 2 1 1 840 838 1007
2018 2 2 1 1 1339 1337 1427
2019 2 2 1 1 1254 1255 1256
2020 2 2 1 1 1450 1003 2215
2021 2 2 1 1 64 448 1895
2022 2 2 1 1 63 64 1895
2023 2 2 1 1 1256 1257 1268
2024 2 2 1 1 1879 1878 1892
2025 2 2 1 1 1700 1702 1703
2026 2 2 1 1 1088 1185 1254
2027 2 2 1 1 1886 1887 1889
2028 2 2 1 1 1287 1288 1289
2029 2 2 1 1 1289 1419 1420
2030 2 2 1 1 742 741 773
2031 2 2 1 1 740 739 741
2032 2 2 1 1 440 62 1897
2033 2 2 1 1 62 63 1897
2034 2 2 1 1 1130 1048 1199
2035 2 2 1 1 1216 1071 1315
2036 2 2 1 1 1992 2538 2597
2037 2 2 1 1 2098 1334 2372
2038 2 2 1 1 1633 1632 1634
2039 2 2 1 1 712 713 720
2040 2 2 1 1 1336 1316 1957
2041 2 2 1 1 934 932 935
2042 2 2 1 1 1214 1213 1397
2043 2 2 1 1 1613 1616 1855
2044 2 2 1 1 738 736 739
2045 2 2 1 1 1880 1882 1883
2046 2 2 1 1 425 58 1875
2047 2 2 1 1 57 58 425
2048 2 2 1 1 69 70 471
2049 2 2 1 1 466 60 1876
2050 2 2 1 1 59 466 1875
2051 2 2 1 1 57 425 1877
2052 2 2 1 1 471 70 1894
2053 2 2 1 1 470 56 1877
2054 2 2 1 1 56 57 1877
2055 2 2 1 1 70 71 1894
2056 2 2 1 1 58 59 1875
2057 2 2 1 1 59 60 466
2058 2 2 1 1 449 44 1878
2059 2 2 1 1 71 442 1894
2060 2 2 1 1 61 440 1876
2061 2 2 1 1 66 67 477
2062 2 2 1 1 60 61 1876
2063 2 2 1 1 45 478 1878
2064 2 2 1 1 45 46 478
2065 2 2 1 1 40 441 1898
2066 2 2 1 1 64 65 448
2067 2 2 1 1 61 62 440
2068 2 2 1 1 43 44 449
2069 2 2 1 1 44 45 1878
2070 2 2 1 1 467 39 1898
2071 2 2 1 1 40 41 441
2072 2 2 1 1 38 39 467
2073 2 2 1 1 39 40 1898
2074 2 2 1 1 36 37 412
2075 2 2 1 1 34 35 468
2076 2 2 1 1 31 32 411
2077 2 2 1 1 74 75 436
2078 2 2 1 1 75 76 1906
2079 2 2 1 1 76 77 469
2080 2 2 1 1 78 79 410
2081 2 2 1 1 436 75 1906
2082 2 2 1 1 55 56 470
2083 2 2 1 1 76 469 1906
2084 2 2 1 1 54 55 1907
2085 2 2 1 1 53 54 437
2086 2 2 1 1 50 51 443
2087 2 2 1 1 55 470 1907
2088 2 2 1 1 71 72 442
2089 2 2 1 1 437 54 1907
2090 2 2 1 1 49 50 1912
2091 2 2 1 1 48 49 472
2092 2 2 1 1 50 443 1912
2093 2 2 1 1 472 49 1912
2094 2 2 1 1 1847 1812 2004
2095 2 2 1 1 1606 1638 2444
2096 2 2 1 1 1896 1393 2114
2097 2 2 1 1 1519 1522 2149
2098 2 2 1 1 1268 1269 1270
2099 2 2 1 1 818 813 819
2100 2 2 1 1 1332 1974 2218
2101 2 2 1 1 962 1205 1340
2102 2 2 1 1 1279 1278 1280
2103 2 2 1 1 826 828 960
2104 2 2 1 1 928 1232 1919
2105 2 2 1 1 1318 1316 1336
2106 2 2 1 1 904 902 905
2107 2 2 1 1 774 773 812
2108 2 2 1 1 630 728 729
2109 2 2 1 1 861 927 928
2110 2 2 1 1 1272 1273 1274
2111 2 2 1 1 665 649 2022
2112 2 2 1 1 734 629 1934
2113 2 2 1 1 1270 1271 1272
2114 2 2 1 1 1883 1884 1890
2115 2 2 1 1 1065 1373 1948
2116 2 2 1 1 842 844 1036
2117 2 2 1 1 1886 1885 1887
2118 2 2 1 1 928 992 1066
2119 2 2 1 1 1672 1568 1874
2120 2 2 1 1 33 1901 1905
2121 2 2 1 1 1212 1033 1213
2122 2 2 1 1 782 1049 1943
2123 2 2 1 1 823 1235 1932
2124 2 2 1 1 786 787 1035
2125 2 2 1 1 1287 1284 1288
2126 2 2 1 1 779 778 800
2127 2 2 1 1 789 822 823
2128 2 2 1 1 1781 1422 2295
2129 2 2 1 1 1281 1280 1283
2130 2 2 1 1 411 1905 2002
2131 2 2 1 1 1885 1879 1892
2132 2 2 1 1 777 734 1145
2133 2 2 1 1 1066 1067 1068
2134 2 2 1 1 1064 818 1834
2135 2 2 1 1 1901 1903 1905
2136 2 2 1 1 1274 1275 1276
2137 2 2 1 1 699 696 1947
2138 2 2 1 1 2255 1340 2389
2139 2 2 1 1 630 729 1920
2140 2 2 1 1 1374 1187 1927
2141 2 2 1 1 1765 1188 1991
2142 2 2 1 1 1088 1254 1930
2143 2 2 1 1 43 449 1931
2144 2 2 1 1 1703 1717 1718
2145 2 2 1 1 1240 1370 1371
2146 2 2 1 1 536 530 1074
2147 2 2 1 1 627 724 1960
2148 2 2 1 1 1268 1257 1269
2149 2 2 1 1 1495 1493 1552
2150 2 2 1 1 1873 1196 2006
2151 2 2 1 1 1256 1255 1257
2152 2 2 1 1 948 781 949
2153 2 2 1 1 1880 1883 1931
2154 2 2 1 1 1193 1192 1194
2155 2 2 1 1 1276 1277 1278
2156 2 2 1 1 1282 1455 1486
2157 2 2 1 1 1254 1185 1255
2158 2 2 1 1 1314 1090 1327
2159 2 2 1 1 1274 1273 1275
2160 2 2 1 1 1339 1427 1950
2161 2 2 1 1 1564 2321 2358
2162 2 2 1 1 842 1036 1959
2163 2 2 1 1 1272 1271 1273
2164 2 2 1 1 1883 1893 1931
2165 2 2 1 1 1916 1203 2623
2166 2 2 1 1 414 1708 1709
2167 2 2 1 1 1599 1395 2404
2168 2 2 1 1 1282 1277 1393
2169 2 2 1 1 1270 1269 1271
2170 2 2 1 1 104 458 2183
2171 2 2 1 1 1683 1322 1840
2172 2 2 1 1 1276 1275 1277
2173 2 2 1 1 1282 1486 1937
2174 2 2 1 1 1883 1890 1893
2175 2 2 1 1 1278 1277 1282
2176 2 2 1 1 928 927 992
2177 2 2 1 1 1071 961 1976
2178 2 2 1 1 1373 1187 1374
2179 2 2 1 1 2284 1213 2355
2180 2 2 1 1 1068 1204 1313
2181 2 2 1 1 1455 1393 1711
2182 2 2 1 1 729 730 731
2183 2 2 1 1 449 1880 1931
2184 2 2 1 1 1314 1673 1674
2185 2 2 1 1 1634 1635 1636
2186 2 2 1 1 1282 1393 1455
2187 2 2 1 1 690 688 1202
2188 2 2 1 1 1066 992 1067
2189 2 2 1 1 1811 1374 1812
2190 2 2 1 1 564 1849 1971
2191 2 2 1 1 1199 1048 1935
2192 2 2 1 1 772 770 778
2193 2 2 1 1 1289 1288 1419
2194 2 2 1 1 1284 1283 1929
2195 2 2 1 1 1514 1515 1983
2196 2 2 1 1 729 728 730
2197 2 2 1 1 1283 1524 1525
2198 2 2 1 1 1932 1235 2000
2199 2 2 1 1 14 1839 2080
2200 2 2 1 1 1275 1273 1286
2201 2 2 1 1 731 732 733
2202 2 2 1 1 1283 1280 1524
2203 2 2 1 1 544 546 1713
2204 2 2 1 1 1017 1986 2301
2205 2 2 1 1 1304 1631 1632
2206 2 2 1 1 1248 1249 1933
2207 2 2 1 1 2238 996 2613
2208 2 2 1 1 1204 1067 1251
2209 2 2 1 1 1204 1251 1375
2210 2 2 1 1 877 880 881
2211 2 2 1 1 1068 1067 1204
2212 2 2 1 1 992 927 993
2213 2 2 1 1 590 611 612
2214 2 2 1 1 733 735 736
2215 2 2 1 1 1283 1525 1929
2216 2 2 1 1 861 926 927
2217 2 2 1 1 735 732 765
2218 2 2 1 1 1375 1251 1940
2219 2 2 1 1 1271 1269 1386
2220 2 2 1 1 958 1087 1088
2221 2 2 1 1 774 817 1948
2222 2 2 1 1 1088 1183 1185
2223 2 2 1 1 957 975 1099
2224 2 2 1 1 844 860 861
2225 2 2 1 1 736 735 737
2226 2 2 1 1 612 620 621
2227 2 2 1 1 783 2060 2158
2228 2 2 1 1 570 568 1262
2229 2 2 1 1 1278 1282 1937
2230 2 2 1 1 1145 734 1934
2231 2 2 1 1 733 732 735
2232 2 2 1 1 621 629 630
2233 2 2 1 1 630 727 728
2234 2 2 1 1 731 730 732
2235 2 2 1 1 906 905 907
2236 2 2 1 1 837 836 838
2237 2 2 1 1 1737 1738 1860
2238 2 2 1 1 856 1752 2478
2239 2 2 1 1 426 1824 1829
2240 2 2 1 1 1288 1284 1929
2241 2 2 1 1 1280 1278 1937
2242 2 2 1 1 1718 1719 1720
2243 2 2 1 1 1738 1741 1742
2244 2 2 1 1 1634 1632 1635
2245 2 2 1 1 613 592 836
2246 2 2 1 1 782 930 972
2247 2 2 1 1 813 812 1859
2248 2 2 1 1 1257 1255 1418
2249 2 2 1 1 1189 1190 1421
2250 2 2 1 1 1183 1087 1184
2251 2 2 1 1 1722 1723 1724
2252 2 2 1 1 1156 1303 1304
2253 2 2 1 1 1155 1156 1870
2254 2 2 1 1 747 785 786
2255 2 2 1 1 1400 1355 1426
2256 2 2 1 1 860 843 1015
2257 2 2 1 1 1023 855 1354
2258 2 2 1 1 530 522 1989
2259 2 2 1 1 727 629 734
2260 2 2 1 1 1405 1366 1820
2261 2 2 1 1 776 734 777
2262 2 2 1 1 759 757 769
2263 2 2 1 1 1785 2368 2626
2264 2 2 1 1 842 843 844
2265 2 2 1 1 577 542 583
2266 2 2 1 1 1247 618 1960
2267 2 2 1 1 1784 1783 2292
2268 2 2 1 1 839 841 842
2269 2 2 1 1 861 860 926
2270 2 2 1 1 826 960 1953
2271 2 2 1 1 1888 1882 1984
2272 2 2 1 1 1524 1280 1937
2273 2 2 1 1 1734 1735 1737
2274 2 2 1 1 1647 908 2196
2275 2 2 1 1 839 838 840
2276 2 2 1 1 1664 1371 1665
2277 2 2 1 1 1472 1236 1512
2278 2 2 1 1 1065 1187 1373
2279 2 2 1 1 949 781 1964
2280 2 2 1 1 1263 1262 1264
2281 2 2 1 1 844 843 860
2282 2 2 1 1 1881 1886 1984
2283 2 2 1 1 1738 1742 1860
2284 2 2 1 1 773 741 820
2285 2 2 1 1 566 854 957
2286 2 2 1 1 1424 1398 1425
2287 2 2 1 1 825 824 826
2288 2 2 1 1 1185 1183 1465
2289 2 2 1 1 786 1221 1962
2290 2 2 1 1 1273 1271 1942
2291 2 2 1 1 585 580 609
2292 2 2 1 1 1088 1087 1183
2293 2 2 1 1 837 838 839
2294 2 2 1 1 958 777 959
2295 2 2 1 1 720 721 754
2296 2 2 1 1 841 840 845
2297 2 2 1 1 621 620 629
2298 2 2 1 1 1860 1742 1861
2299 2 2 1 1 630 629 727
2300 2 2 1 1 1262 568 1973
2301 2 2 1 1 1254 1256 1985
2302 2 2 1 1 1497 1986 1987
2303 2 2 1 1 1156 1304 1870
2304 2 2 1 1 1373 1374 1811
2305 2 2 1 1 776 777 958
2306 2 2 1 1 727 734 776
2307 2 2 1 1 751 749 756
2308 2 2 1 1 2313 454 2314
2309 2 2 1 1 612 611 620
2310 2 2 1 1 1727 1728 1730
2311 2 2 1 1 839 840 841
2312 2 2 1 1 1239 1238 1240
2313 2 2 1 1 791 793 2133
2314 2 2 1 1 558 1116 1452
2315 2 2 1 1 613 837 1266
2316 2 2 1 1 613 836 837
2317 2 2 1 1 918 917 919
2318 2 2 1 1 1286 1273 1942
2319 2 2 1 1 739 1864 1967
2320 2 2 1 1 967 832 1126
2321 2 2 1 1 1269 1257 1946
2322 2 2 1 1 842 841 843
2323 2 2 1 1 730 728 853
2324 2 2 1 1 503 504 505
2325 2 2 1 1 628 619 1977
2326 2 2 1 1 958 959 1087
2327 2 2 1 1 1455 1711 1955
2328 2 2 1 1 1849 1248 2057
2329 2 2 1 1 1724 1725 1727
2330 2 2 1 1 1255 1185 1945
2331 2 2 1 1 590 592 611
2332 2 2 1 1 1056 1057 1155
2333 2 2 1 1 1271 1386 1942
2334 2 2 1 1 723 628 748
2335 2 2 1 1 1731 1733 1734
2336 2 2 1 1 1948 1373 1975
2337 2 2 1 1 823 822 824
2338 2 2 1 1 548 550 782
2339 2 2 1 1 721 713 1995
2340 2 2 1 1 1377 1222 1815
2341 2 2 1 1 1304 1303 1631
2342 2 2 1 1 611 592 613
2343 2 2 1 1 1402 1265 1625
2344 2 2 1 1 1386 1269 1946
2345 2 2 1 1 529 532 533
2346 2 2 1 1 800 1018 1578
2347 2 2 1 1 590 585 592
2348 2 2 1 1 754 755 798
2349 2 2 1 1 581 585 590
2350 2 2 1 1 1240 1371 1664
2351 2 2 1 1 573 575 576
2352 2 2 1 1 1664 1665 1695
2353 2 2 1 1 573 571 574
2354 2 2 1 1 1041 1404 2076
2355 2 2 1 1 632 717 929
2356 2 2 1 1 1185 1465 1945
2357 2 2 1 1 525 523 526
2358 2 2 1 1 2173 1406 2335
2359 2 2 1 1 1631 1303 1649
2360 2 2 1 1 570 1262 1263
2361 2 2 1 1 1156 1057 1207
2362 2 2 1 1 1257 1418 1946
2363 2 2 1 1 1237 1163 1238
2364 2 2 1 1 2495 1933 2669
2365 2 2 1 1 1373 1811 1975
2366 2 2 1 1 830 971 1056
2367 2 2 1 1 1965 1344 2098
2368 2 2 1 1 562 560 856
2369 2 2 1 1 853 1954 1985
2370 2 2 1 1 772 778 779
2371 2 2 1 1 1497 1502 1986
2372 2 2 1 1 1418 1255 1945
2373 2 2 1 1 569 571 572
2374 2 2 1 1 936 935 937
2375 2 2 1 1 575 580 581
2376 2 2 1 1 1155 1057 1156
2377 2 2 1 1 52 1911 2001
2378 2 2 1 1 957 854 975
2379 2 2 1 1 741 739 1967
2380 2 2 1 1 1402 1626 1627
2381 2 2 1 1 860 1015 1952
2382 2 2 1 1 1318 1336 1337
2383 2 2 1 1 619 615 1082
2384 2 2 1 1 1827 1064 1834
2385 2 2 1 1 1156 1207 1303
2386 2 2 1 1 581 580 585
2387 2 2 1 1 776 1930 1954
2388 2 2 1 1 575 574 580
2389 2 2 1 1 728 727 1954
2390 2 2 1 1 828 829 830
2391 2 2 1 1 1249 1099 1250
2392 2 2 1 1 1810 1808 2014
2393 2 2 1 1 926 860 1952
2394 2 2 1 1 72 73 1990
2395 2 2 1 1 1611 1612 1613
2396 2 2 1 1 569 570 571
2397 2 2 1 1 573 574 575
2398 2 2 1 1 1456 1119 2579
2399 2 2 1 1 826 827 828
2400 2 2 1 1 742 1948 1975
2401 2 2 1 1 836 592 1961
2402 2 2 1 1 819 813 1859
2403 2 2 1 1 1793 409 2281
2404 2 2 1 1 825 826 1953
2405 2 2 1 1 766 1855 2543
2406 2 2 1 1 2042 422 2127
2407 2 2 1 1 933 1809 2280
2408 2 2 1 1 779 800 1964
2409 2 2 1 1 853 728 1954
2410 2 2 1 1 1627 1626 1628
2411 2 2 1 1 1758 1027 2452
2412 2 2 1 1 1263 1265 1401
2413 2 2 1 1 567 565 568
2414 2 2 1 1 1402 1625 1626
2415 2 2 1 1 1237 1238 1239
2416 2 2 1 1 1216 1315 1316
2417 2 2 1 1 1480 1344 1965
2418 2 2 1 1 1099 975 1970
2419 2 2 1 1 971 829 1039
2420 2 2 1 1 561 563 564
2421 2 2 1 1 1056 971 1057
2422 2 2 1 1 1110 1531 2652
2423 2 2 1 1 572 571 573
2424 2 2 1 1 1954 1930 1985
2425 2 2 1 1 1791 2561 2613
2426 2 2 1 1 952 2228 2535
2427 2 2 1 1 1861 1742 1862
2428 2 2 1 1 931 1022 2033
2429 2 2 1 1 2024 1841 2036
2430 2 2 1 1 727 776 1954
2431 2 2 1 1 1263 1264 1265
2432 2 2 1 1 839 842 1959
2433 2 2 1 1 1481 2540 2607
2434 2 2 1 1 1162 1130 1163
2435 2 2 1 1 2012 708 2657
2436 2 2 1 1 1934 620 1958
2437 2 2 1 1 975 1267 1388
2438 2 2 1 1 820 741 1967
2439 2 2 1 1 786 785 787
2440 2 2 1 1 1955 477 2084
2441 2 2 1 1 620 611 1958
2442 2 2 1 1 566 565 567
2443 2 2 1 1 790 2078 2588
2444 2 2 1 1 975 854 1267
2445 2 2 1 1 1162 1237 1466
2446 2 2 1 1 837 839 1959
2447 2 2 1 1 51 52 2001
2448 2 2 1 1 569 568 570
2449 2 2 1 1 830 829 971
2450 2 2 1 1 585 609 1961
2451 2 2 1 1 1942 1386 2386
2452 2 2 1 1 1433 1054 2666
2453 2 2 1 1 1266 837 1959
2454 2 2 1 1 611 613 1958
2455 2 2 1 1 613 1266 1958
2456 2 2 1 1 1452 1116 1453
2457 2 2 1 1 826 824 827
2458 2 2 1 1 828 827 829
2459 2 2 1 1 1061 1048 1130
2460 2 2 1 1 1499 1496 2048
2461 2 2 1 1 1069 918 2082
2462 2 2 1 1 1401 1265 1402
2463 2 2 1 1 798 799 847
2464 2 2 1 1 1501 1499 1504
2465 2 2 1 1 1737 1735 1738
2466 2 2 1 1 646 643 810
2467 2 2 1 1 561 562 563
2468 2 2 1 1 567 568 569
2469 2 2 1 1 592 585 1961
2470 2 2 1 1 2595 1669 2610
2471 2 2 1 1 1700 1698 1702
2472 2 2 1 1 1315 1071 1976
2473 2 2 1 1 1863 827 2598
2474 2 2 1 1 1643 2238 2613
2475 2 2 1 1 759 769 770
2476 2 2 1 1 1791 1157 2567
2477 2 2 1 1 1508 1339 1950
2478 2 2 1 1 505 506 507
2479 2 2 1 1 1800 1726 2234
2480 2 2 1 1 1323 1069 1398
2481 2 2 1 1 795 2442 2480
2482 2 2 1 1 645 647 648
2483 2 2 1 1 938 937 939
2484 2 2 1 1 551 553 554
2485 2 2 1 1 1868 1867 2086
2486 2 2 1 1 765 1865 2061
2487 2 2 1 1 1311 1137 2145
2488 2 2 1 1 724 857 858
2489 2 2 1 1 566 567 854
2490 2 2 1 1 2172 1449 2605
2491 2 2 1 1 821 788 1013
2492 2 2 1 1 555 557 558
2493 2 2 1 1 973 1061 1132
2494 2 2 1 1 541 533 2559
2495 2 2 1 1 586 583 607
2496 2 2 1 1 564 565 566
2497 2 2 1 1 972 930 1058
2498 2 2 1 1 564 563 565
2499 2 2 1 1 780 859 965
2500 2 2 1 1 973 948 1048
2501 2 2 1 1 1162 1163 1237
2502 2 2 1 1 1253 1376 1643
2503 2 2 1 1 1572 2337 2585
2504 2 2 1 1 963 852 964
2505 2 2 1 1 751 756 757
2506 2 2 1 1 1940 443 2001
2507 2 2 1 1 859 781 948
2508 2 2 1 1 2386 1386 2422
2509 2 2 1 1 1250 1099 1970
2510 2 2 1 1 614 618 1247
2511 2 2 1 1 537 543 544
2512 2 2 1 1 800 1578 1964
2513 2 2 1 1 555 553 556
2514 2 2 1 1 559 557 560
2515 2 2 1 1 780 779 781
2516 2 2 1 1 853 1841 2024
2517 2 2 1 1 1734 1733 1735
2518 2 2 1 1 782 550 930
2519 2 2 1 1 627 722 724
2520 2 2 1 1 811 867 868
2521 2 2 1 1 975 1388 1970
2522 2 2 1 1 434 1768 1769
2523 2 2 1 1 789 821 822
2524 2 2 1 1 558 559 1116
2525 2 2 1 1 781 779 1964
2526 2 2 1 1 1074 530 1989
2527 2 2 1 1 1268 1270 2036
2528 2 2 1 1 563 562 984
2529 2 2 1 1 1722 1720 1723
2530 2 2 1 1 746 716 775
2531 2 2 1 1 1061 1130 1162
2532 2 2 1 1 551 549 552
2533 2 2 1 1 1822 464 2143
2534 2 2 1 1 558 557 559
2535 2 2 1 1 555 556 557
2536 2 2 1 1 559 560 561
2537 2 2 1 1 1663 1300 1693
2538 2 2 1 1 574 571 1969
2539 2 2 1 1 66 477 2035
2540 2 2 1 1 448 65 2035
2541 2 2 1 1 1882 1881 1984
2542 2 2 1 1 1776 1514 2505
2543 2 2 1 1 554 553 555
2544 2 2 1 1 1739 1013 2417
2545 2 2 1 1 1613 1614 1616
2546 2 2 1 1 1507 1339 1508
2547 2 2 1 1 571 570 1969
2548 2 2 1 1 1718 1717 1719
2549 2 2 1 1 561 560 562
2550 2 2 1 1 772 779 780
2551 2 2 1 1 599 598 1996
2552 2 2 1 1 1730 1728 1731
2553 2 2 1 1 848 850 851
2554 2 2 1 1 550 549 551
2555 2 2 1 1 723 748 749
2556 2 2 1 1 787 788 789
2557 2 2 1 1 1727 1725 1728
2558 2 2 1 1 648 649 650
2559 2 2 1 1 973 1048 1061
2560 2 2 1 1 1161 1159 1608
2561 2 2 1 1 1508 1950 1951
2562 2 2 1 1 1738 1740 1741
2563 2 2 1 1 1738 1735 1740
2564 2 2 1 1 771 770 772
2565 2 2 1 1 551 552 553
2566 2 2 1 1 1189 1050 1190
2567 2 2 1 1 1259 1851 2357
2568 2 2 1 1 1724 1723 1725
2569 2 2 1 1 650 651 652
2570 2 2 1 1 570 1263 1969
2571 2 2 1 1 2104 535 2221
2572 2 2 1 1 567 569 1972
2573 2 2 1 1 2131 1321 2508
2574 2 2 1 1 569 572 1972
2575 2 2 1 1 1338 1337 1339
2576 2 2 1 1 1703 1702 1717
2577 2 2 1 1 652 653 654
2578 2 2 1 1 822 821 985
2579 2 2 1 1 635 753 1203
2580 2 2 1 1 765 732 2024
2581 2 2 1 1 660 662 663
2582 2 2 1 1 1263 1401 1969
2583 2 2 1 1 2252 1024 2364
2584 2 2 1 1 1354 855 2242
2585 2 2 1 1 881 882 883
2586 2 2 1 1 859 948 973
2587 2 2 1 1 780 781 859
2588 2 2 1 1 748 628 1977
2589 2 2 1 1 654 655 656
2590 2 2 1 1 1699 1704 2153
2591 2 2 1 1 787 785 788
2592 2 2 1 1 1317 1316 1318
2593 2 2 1 1 501 500 502
2594 2 2 1 1 660 663 1794
2595 2 2 1 1 577 583 586
2596 2 2 1 1 2383 1398 2604
2597 2 2 1 1 1437 1438 1439
2598 2 2 1 1 858 961 996
2599 2 2 1 1 609 580 2015
2600 2 2 1 1 789 788 821
2601 2 2 1 1 656 657 659
2602 2 2 1 1 698 696 699
2603 2 2 1 1 1421 1190 1591
2604 2 2 1 1 1374 1927 2004
2605 2 2 1 1 759 770 771
2606 2 2 1 1 854 567 1972
2607 2 2 1 1 610 607 616
2608 2 2 1 1 1414 1054 1433
2609 2 2 1 1 771 772 1968
2610 2 2 1 1 442 72 1990
2611 2 2 1 1 1239 1744 2037
2612 2 2 1 1 1930 1254 1985
2613 2 2 1 1 2030 1588 2031
2614 2 2 1 1 758 757 759
2615 2 2 1 1 1222 1035 2000
2616 2 2 1 1 1801 1329 2511
2617 2 2 1 1 565 563 1973
2618 2 2 1 1 559 561 1971
2619 2 2 1 1 866 1079 1335
2620 2 2 1 1 1318 1337 1338
2621 2 2 1 1 537 542 543
2622 2 2 1 1 1007 1869 2170
2623 2 2 1 1 1957 1315 2166
2624 2 2 1 1 1616 1617 1618
2625 2 2 1 1 972 1058 2016
2626 2 2 1 1 548 549 550
2627 2 2 1 1 1267 854 1972
2628 2 2 1 1 410 1695 2410
2629 2 2 1 1 2049 1010 2298
2630 2 2 1 1 730 853 2024
2631 2 2 1 1 747 784 785
2632 2 2 1 1 1301 1679 1680
2633 2 2 1 1 1261 1073 2142
2634 2 2 1 1 527 526 528
2635 2 2 1 1 2539 1729 2597
2636 2 2 1 1 574 1969 2015
2637 2 2 1 1 1338 1339 1507
2638 2 2 1 1 750 749 751
2639 2 2 1 1 529 528 532
2640 2 2 1 1 996 1070 1157
2641 2 2 1 1 1551 1550 2345
2642 2 2 1 1 1027 1624 2667
2643 2 2 1 1 1731 1732 1733
2644 2 2 1 1 1215 1071 1216
2645 2 2 1 1 751 757 758
2646 2 2 1 1 622 616 633
2647 2 2 1 1 1733 1732 1736
2648 2 2 1 1 603 604 605
2649 2 2 1 1 568 565 1973
2650 2 2 1 1 561 564 1971
2651 2 2 1 1 708 2012 2338
2652 2 2 1 1 1872 1247 1873
2653 2 2 1 1 1216 1316 1317
2654 2 2 1 1 1116 559 1971
2655 2 2 1 1 717 746 747
2656 2 2 1 1 1731 1728 1732
2657 2 2 1 1 496 494 593
2658 2 2 1 1 507 508 509
2659 2 2 1 1 780 965 1968
2660 2 2 1 1 1162 1466 1979
2661 2 2 1 1 533 538 539
2662 2 2 1 1 723 749 750
2663 2 2 1 1 1035 1932 2000
2664 2 2 1 1 524 531 955
2665 2 2 1 1 1439 1526 2056
2666 2 2 1 1 563 984 1973
2667 2 2 1 1 1005 964 1006
2668 2 2 1 1 1070 961 1071
2669 2 2 1 1 1774 2488 2518
2670 2 2 1 1 1969 1401 2015
2671 2 2 1 1 1214 1397 1489
2672 2 2 1 1 772 780 1968
2673 2 2 1 1 68 69 2084
2674 2 2 1 1 47 48 2085
2675 2 2 1 1 1468 1467 2297
2676 2 2 1 1 659 660 1794
2677 2 2 1 1 724 722 857
2678 2 2 1 1 548 547 549
2679 2 2 1 1 1867 1866 2118
2680 2 2 1 1 704 703 705
2681 2 2 1 1 700 699 701
2682 2 2 1 1 1132 1061 1979
2683 2 2 1 1 1761 2301 2515
2684 2 2 1 1 443 51 2001
2685 2 2 1 1 1212 1213 1214
2686 2 2 1 1 747 746 784
2687 2 2 1 1 858 857 961
2688 2 2 1 1 2320 2319 2321
2689 2 2 1 1 1723 1720 1992
2690 2 2 1 1 1290 1783 1784
2691 2 2 1 1 1855 1616 2543
2692 2 2 1 1 722 628 723
2693 2 2 1 1 1145 1934 2034
2694 2 2 1 1 1591 1190 1592
2695 2 2 1 1 2422 1946 2475
2696 2 2 1 1 459 1705 2405
2697 2 2 1 1 551 554 1981
2698 2 2 1 1 735 765 2061
2699 2 2 1 1 1725 1723 1729
2700 2 2 1 1 1082 615 2003
2701 2 2 1 1 951 802 2069
2702 2 2 1 1 489 745 1566
2703 2 2 1 1 1637 2236 2256
2704 2 2 1 1 1061 1162 1979
2705 2 2 1 1 539 578 579
2706 2 2 1 1 1720 1719 1992
2707 2 2 1 1 1694 954 2600
2708 2 2 1 1 543 542 577
2709 2 2 1 1 610 622 623
2710 2 2 1 1 1611 1609 1612
2711 2 2 1 1 632 716 717
2712 2 2 1 1 1464 1124 1782
2713 2 2 1 1 2075 1906 2589
2714 2 2 1 1 531 536 537
2715 2 2 1 1 1815 1222 2000
2716 2 2 1 1 547 545 1032
2717 2 2 1 1 594 588 1871
2718 2 2 1 1 1229 1230 1363
2719 2 2 1 1 1098 1372 2177
2720 2 2 1 1 2071 1430 2222
2721 2 2 1 1 2011 2012 2447
2722 2 2 1 1 2417 784 2558
2723 2 2 1 1 671 673 675
2724 2 2 1 1 556 553 1994
2725 2 2 1 1 1990 73 2223
2726 2 2 1 1 717 716 746
2727 2 2 1 1 1420 1419 2029
2728 2 2 1 1 503 502 504
2729 2 2 1 1 544 543 545
2730 2 2 1 1 550 551 1981
2731 2 2 1 1 544 545 546
2732 2 2 1 1 2053 1627 2092
2733 2 2 1 1 579 587 588
2734 2 2 1 1 537 536 542
2735 2 2 1 1 623 631 632
2736 2 2 1 1 973 1132 1988
2737 2 2 1 1 1905 1903 2002
2738 2 2 1 1 1579 1489 2274
2739 2 2 1 1 509 510 511
2740 2 2 1 1 965 859 1988
2741 2 2 1 1 546 547 548
2742 2 2 1 1 505 504 506
2743 2 2 1 1 537 544 1978
2744 2 2 1 1 996 961 1070
2745 2 2 1 1 1656 1688 2455
2746 2 2 1 1 732 730 2024
2747 2 2 1 1 1288 1929 2075
2748 2 2 1 1 1796 760 2373
2749 2 2 1 1 610 616 622
2750 2 2 1 1 1538 1539 1540
2751 2 2 1 1 801 701 2570
2752 2 2 1 1 1430 1527 1528
2753 2 2 1 1 1763 1151 2642
2754 2 2 1 1 2324 2323 2503
2755 2 2 1 1 1402 1627 2053
2756 2 2 1 1 1386 1946 2422
2757 2 2 1 1 1070 1071 1215
2758 2 2 1 1 2142 942 2548
2759 2 2 1 1 422 2041 2097
2760 2 2 1 1 587 578 2003
2761 2 2 1 1 1050 972 2016
2762 2 2 1 1 1237 1239 2037
2763 2 2 1 1 1019 1006 1020
2764 2 2 1 1 1458 2403 2519
2765 2 2 1 1 586 607 610
2766 2 2 1 1 1869 1961 2092
2767 2 2 1 1 1521 1687 2083
2768 2 2 1 1 581 1848 2110
2769 2 2 1 1 1638 1173 2484
2770 2 2 1 1 627 619 628
2771 2 2 1 1 930 550 1981
2772 2 2 1 1 470 1877 2138
2773 2 2 1 1 1958 1266 2034
2774 2 2 1 1 1143 1083 1253
2775 2 2 1 1 580 574 2015
2776 2 2 1 1 632 631 716
2777 2 2 1 1 531 537 1978
2778 2 2 1 1 2098 2372 2454
2779 2 2 1 1 553 552 1994
2780 2 2 1 1 1030 835 1083
2781 2 2 1 1 959 777 2099
2782 2 2 1 1 2538 463 2597
2783 2 2 1 1 627 628 722
2784 2 2 1 1 1372 1529 1530
2785 2 2 1 1 623 622 631
2786 2 2 1 1 1603 1602 2559
2787 2 2 1 1 1177 1459 2128
2788 2 2 1 1 1354 2242 2243
2789 2 2 1 1 1266 1939 2034
2790 2 2 1 1 1964 1578 2023
2791 2 2 1 1 1225 1226 1227
2792 2 2 1 1 614 587 615
2793 2 2 1 1 1122 991 1123
2794 2 2 1 1 1753 2316 2317
2795 2 2 1 1 588 587 614
2796 2 2 1 1 949 1964 2023
2797 2 2 1 1 1124 1484 1782
2798 2 2 1 1 1393 1277 2114
2799 2 2 1 1 1934 1958 2034
2800 2 2 1 1 1457 2108 2579
2801 2 2 1 1 546 545 547
2802 2 2 1 1 1493 1491 2338
2803 2 2 1 1 1145 2034 2086
2804 2 2 1 1 859 973 1988
2805 2 2 1 1 539 579 2557
2806 2 2 1 1 65 66 2035
2807 2 2 1 1 702 701 703
2808 2 2 1 1 851 852 963
2809 2 2 1 1 955 531 1978
2810 2 2 1 1 467 1899 2536
2811 2 2 1 1 912 1330 2232
2812 2 2 1 1 490 636 2303
2813 2 2 1 1 2071 2222 2618
2814 2 2 1 1 1956 625 2263
2815 2 2 1 1 1598 2404 2503
2816 2 2 1 1 579 578 587
2817 2 2 1 1 1093 1092 1094
2818 2 2 1 1 2011 1552 2012
2819 2 2 1 1 883 884 885
2820 2 2 1 1 1275 1286 2114
2821 2 2 1 1 1841 1268 2036
2822 2 2 1 1 1873 1247 1960
2823 2 2 1 1 1894 1486 2489
2824 2 2 1 1 577 586 1320
2825 2 2 1 1 1729 1723 1992
2826 2 2 1 1 1701 1699 2153
2827 2 2 1 1 1336 1957 2272
2828 2 2 1 1 513 535 2104
2829 2 2 1 1 459 2405 2596
2830 2 2 1 1 942 1639 2548
2831 2 2 1 1 618 619 627
2832 2 2 1 1 1743 410 2431
2833 2 2 1 1 2086 1867 2099
2834 2 2 1 1 994 2245 2419
2835 2 2 1 1 1208 1817 2632
2836 2 2 1 1 1917 1335 1918
2837 2 2 1 1 712 720 760
2838 2 2 1 1 1986 1502 2301
2839 2 2 1 1 1107 1429 1430
2840 2 2 1 1 507 506 508
2841 2 2 1 1 539 538 578
2842 2 2 1 1 2299 1380 2381
2843 2 2 1 1 531 530 536
2844 2 2 1 1 1806 412 2262
2845 2 2 1 1 1613 1612 1614
2846 2 2 1 1 1213 1033 2355
2847 2 2 1 1 588 614 1871
2848 2 2 1 1 1095 1094 1096
2849 2 2 1 1 618 615 619
2850 2 2 1 1 1098 1342 1372
2851 2 2 1 1 1406 1407 1408
2852 2 2 1 1 1124 1123 1484
2853 2 2 1 1 1525 1990 2223
2854 2 2 1 1 845 840 2132
2855 2 2 1 1 1359 1925 2148
2856 2 2 1 1 575 581 2110
2857 2 2 1 1 1143 1308 1309
2858 2 2 1 1 1724 1727 2234
2859 2 2 1 1 1398 1069 2082
2860 2 2 1 1 1704 1797 2360
2861 2 2 1 1 1653 1651 2451
2862 2 2 1 1 533 532 538
2863 2 2 1 1 1504 1499 2048
2864 2 2 1 1 663 664 666
2865 2 2 1 1 1616 1614 1617
2866 2 2 1 1 1895 1896 2231
2867 2 2 1 1 1830 475 2080
2868 2 2 1 1 1715 1242 2629
2869 2 2 1 1 1190 1050 2016
2870 2 2 1 1 848 851 2064
2871 2 2 1 1 1630 1559 2585
2872 2 2 1 1 723 750 2038
2873 2 2 1 1 1679 1662 2156
2874 2 2 1 1 706 705 707
2875 2 2 1 1 462 29 2382
2876 2 2 1 1 752 634 1037
2877 2 2 1 1 1983 1518 2491
2878 2 2 1 1 1751 1750 2653
2879 2 2 1 1 181 182 403
2880 2 2 1 1 479 2482 2553
2881 2 2 1 1 74 436 2223
2882 2 2 1 1 1918 2284 2355
2883 2 2 1 1 966 989 1139
2884 2 2 1 1 1107 1033 1212
2885 2 2 1 1 1466 1237 2037
2886 2 2 1 1 1430 1429 1527
2887 2 2 1 1 598 617 624
2888 2 2 1 1 1016 863 1017
2889 2 2 1 1 1548 1676 2645
2890 2 2 1 1 524 522 530
2891 2 2 1 1 177 178 427
2892 2 2 1 1 408 27 2496
2893 2 2 1 1 1125 1085 1129
2894 2 2 1 1 1431 1129 1432
2895 2 2 1 1 845 1831 2241
2896 2 2 1 1 521 522 523
2897 2 2 1 1 1976 857 2038
2898 2 2 1 1 714 685 790
2899 2 2 1 1 1618 1617 1766
2900 2 2 1 1 1515 1516 1517
2901 2 2 1 1 188 189 407
2902 2 2 1 1 614 615 618
2903 2 2 1 1 1516 1311 2145
2904 2 2 1 1 746 775 2043
2905 2 2 1 1 1971 1849 2057
2906 2 2 1 1 173 174 406
2907 2 2 1 1 524 530 531
2908 2 2 1 1 509 508 510
2909 2 2 1 1 31 411 2253
2910 2 2 1 1 1946 1418 2475
2911 2 2 1 1 1317 1786 2392
2912 2 2 1 1 666 667 670
2913 2 2 1 1 754 798 950
2914 2 2 1 1 192 193 429
2915 2 2 1 1 609 2015 2053
2916 2 2 1 1 1710 1215 2392
2917 2 2 1 1 1244 1243 1246
2918 2 2 1 1 1784 2292 2574
2919 2 2 1 1 169 170 428
2920 2 2 1 1 1087 959 2163
2921 2 2 1 1 1116 1971 2057
2922 2 2 1 1 511 512 513
2923 2 2 1 1 784 746 2043
2924 2 2 1 1 1143 1253 1308
2925 2 2 1 1 1238 1163 2270
2926 2 2 1 1 196 197 405
2927 2 2 1 1 1728 1725 2017
2928 2 2 1 1 165 166 404
2929 2 2 1 1 791 790 793
2930 2 2 1 1 722 723 2038
2931 2 2 1 1 792 983 1144
2932 2 2 1 1 622 633 2028
2933 2 2 1 1 2034 1939 2086
2934 2 2 1 1 1732 1728 2017
2935 2 2 1 1 518 516 766
2936 2 2 1 1 1207 1057 2164
2937 2 2 1 1 624 634 635
2938 2 2 1 1 635 752 753
2939 2 2 1 1 609 2053 2092
2940 2 2 1 1 2458 1470 2540
2941 2 2 1 1 519 520 521
2942 2 2 1 1 1463 1464 2427
2943 2 2 1 1 1167 1166 1169
2944 2 2 1 1 1766 1617 1936
2945 2 2 1 1 725 795 2435
2946 2 2 1 1 1153 1020 1154
2947 2 2 1 1 1242 1169 1243
2948 2 2 1 1 2176 1853 2242
2949 2 2 1 1 2506 2507 2544
2950 2 2 1 1 719 1758 2259
2951 2 2 1 1 1592 1190 2016
2952 2 2 1 1 676 678 684
2953 2 2 1 1 1428 1352 1980
2954 2 2 1 1 1383 113 2562
2955 2 2 1 1 1440 1460 1830
2956 2 2 1 1 182 183 2007
2957 2 2 1 1 557 556 2181
2958 2 2 1 1 1829 1824 2531
2959 2 2 1 1 940 920 2663
2960 2 2 1 1 1023 1354 1355
2961 2 2 1 1 523 522 524
2962 2 2 1 1 1031 1997 2582
2963 2 2 1 1 511 510 512
2964 2 2 1 1 753 835 866
2965 2 2 1 1 1863 2100 2412
2966 2 2 1 1 543 577 1999
2967 2 2 1 1 538 532 715
2968 2 2 1 1 737 735 2061
2969 2 2 1 1 856 560 2181
2970 2 2 1 1 773 820 2199
2971 2 2 1 1 1030 1083 1143
2972 2 2 1 1 1401 1402 2053
2973 2 2 1 1 1214 1489 1579
2974 2 2 1 1 857 722 2038
2975 2 2 1 1 1440 1439 1460
2976 2 2 1 1 2215 2216 2565
2977 2 2 1 1 989 967 1033
2978 2 2 1 1 866 1030 1079
2979 2 2 1 1 38 467 2262
2980 2 2 1 1 412 37 2262
2981 2 2 1 1 1799 2028 2479
2982 2 2 1 1 545 543 1999
2983 2 2 1 1 598 596 617
2984 2 2 1 1 2197 2456 2661
2985 2 2 1 1 1680 1681 1682
2986 2 2 1 1 2038 750 2166
2987 2 2 1 1 1306 1307 1360
2988 2 2 1 1 1850 1358 2268
2989 2 2 1 1 1935 2377 2430
2990 2 2 1 1 1792 1530 1819
2991 2 2 1 1 963 964 1005
2992 2 2 1 1 1453 1116 2057
2993 2 2 1 1 521 520 522
2994 2 2 1 1 1076 1075 1077
2995 2 2 1 1 971 1039 2164
2996 2 2 1 1 709 743 2011
2997 2 2 1 1 2122 420 2443
2998 2 2 1 1 675 676 1852
2999 2 2 1 1 2010 1751 2653
3000 2 2 1 1 1576 1377 2267
3001 2 2 1 1 517 518 519
3002 2 2 1 1 984 1755 2572
3003 2 2 1 1 1612 1609 2059
3004 2 2 1 1 615 587 2003
3005 2 2 1 1 2070 1638 2484
3006 2 2 1 1 515 516 517
3007 2 2 1 1 482 2441 2554
3008 2 2 1 1 1831 1634 2278
3009 2 2 1 1 1848 1847 2110
3010 2 2 1 1 1307 1261 2142
3011 2 2 1 1 1669 1170 2375
3012 2 2 1 1 1725 1729 2017
3013 2 2 1 1 796 831 1086
3014 2 2 1 1 2044 1570 2541
3015 2 2 1 1 792 1144 2300
3016 2 2 1 1 1397 1213 2284
3017 2 2 1 1 921 932 934
3018 2 2 1 1 1500 1503 1583
3019 2 2 1 1 1188 1301 1991
3020 2 2 1 1 2015 1401 2053
3021 2 2 1 1 907 915 916
3022 2 2 1 1 605 608 625
3023 2 2 1 1 1117 1096 1118
3024 2 2 1 1 885 886 887
3025 2 2 1 1 1563 2074 2413
3026 2 2 1 1 2216 1169 2565
3027 2 2 1 1 1107 1212 1429
3028 2 2 1 1 180 181 2044
3029 2 2 1 1 2031 1588 2473
3030 2 2 1 1 1797 950 2360
3031 2 2 1 1 176 177 2040
3032 2 2 1 1 846 1021 2128
3033 2 2 1 1 98 447 2658
3034 2 2 1 1 863 791 2133
3035 2 2 1 1 1925 1359 2147
3036 2 2 1 1 1015 843 2241
3037 2 2 1 1 1996 1997 2446
3038 2 2 1 1 528 526 1396
3039 2 2 1 1 1327 1542 1624
3040 2 2 1 1 866 835 1030
3041 2 2 1 1 753 752 835
3042 2 2 1 1 178 179 2045
3043 2 2 1 1 174 175 2039
3044 2 2 1 1 1935 949 2377
3045 2 2 1 1 1443 1774 2518
3046 2 2 1 1 1150 1444 1510
3047 2 2 1 1 847 848 2064
3048 2 2 1 1 635 634 752
3049 2 2 1 1 1492 1987 2260
3050 2 2 1 1 631 622 2028
3051 2 2 1 1 2082 919 2240
3052 2 2 1 1 1419 1288 2075
3053 2 2 1 1 725 726 794
3054 2 2 1 1 28 462 2496
3055 2 2 1 1 2228 2426 2535
3056 2 2 1 1 1900 1891 2573
3057 2 2 1 1 183 184 941
3058 2 2 1 1 189 190 2013
3059 2 2 1 1 1004 1607 2195
3060 2 2 1 1 858 996 2238
3061 2 2 1 1 1119 1118 1120
3062 2 2 1 1 1609 1608 2059
3063 2 2 1 1 1523 1233 2072
3064 2 2 1 1 1986 1017 2133
3065 2 2 1 1 191 192 2018
3066 2 2 1 1 1884 1888 2186
3067 2 2 1 1 1153 1436 1441
3068 2 2 1 1 482 1974 2441
3069 2 2 1 1 1165 1120 1166
3070 2 2 1 1 1767 1701 2289
3071 2 2 1 1 1579 2274 2658
3072 2 2 1 1 1614 1612 1615
3073 2 2 1 1 674 1963 2239
3074 2 2 1 1 1371 1370 2351
3075 2 2 1 1 2145 1590 2146
3076 2 2 1 1 13 14 2080
3077 2 2 1 1 841 845 2241
3078 2 2 1 1 1032 545 1999
3079 2 2 1 1 1032 1842 2633
3080 2 2 1 1 513 514 515
3081 2 2 1 1 625 626 725
3082 2 2 1 1 519 518 520
3083 2 2 1 1 69 471 2084
3084 2 2 1 1 48 472 2085
3085 2 2 1 1 1436 1154 1437
3086 2 2 1 1 743 814 816
3087 2 2 1 1 2056 1526 2591
3088 2 2 1 1 1084 1077 1085
3089 2 2 1 1 989 1033 1107
3090 2 2 1 1 172 173 2052
3091 2 2 1 1 193 194 2021
3092 2 2 1 1 187 188 2014
3093 2 2 1 1 939 943 944
3094 2 2 1 1 197 198 2026
3095 2 2 1 1 1567 1378 2637
3096 2 2 1 1 517 516 518
3097 2 2 1 1 170 171 2051
3098 2 2 1 1 195 196 2025
3099 2 2 1 1 1501 1504 1505
3100 2 2 1 1 899 900 901
3101 2 2 1 1 168 169 2055
3102 2 2 1 1 512 510 534
3103 2 2 1 1 1459 1350 2188
3104 2 2 1 1 166 167 2054
3105 2 2 1 1 1112 1113 1114
3106 2 2 1 1 1005 1006 1019
3107 2 2 1 1 999 1090 1314
3108 2 2 1 1 1651 1650 2438
3109 2 2 1 1 2115 1562 2514
3110 2 2 1 1 2108 1456 2579
3111 2 2 1 1 1519 1520 1521
3112 2 2 1 1 1574 1925 2147
3113 2 2 1 1 2132 1007 2266
3114 2 2 1 1 524 955 2091
3115 2 2 1 1 851 963 1026
3116 2 2 1 1 577 1320 1999
3117 2 2 1 1 696 694 1947
3118 2 2 1 1 515 514 516
3119 2 2 1 1 743 816 2011
3120 2 2 1 1 1301 1680 1991
3121 2 2 1 1 1126 1918 2355
3122 2 2 1 1 897 898 899
3123 2 2 1 1 851 1026 2064
3124 2 2 1 1 102 103 2094
3125 2 2 1 1 1005 1019 1219
3126 2 2 1 1 525 783 2159
3127 2 2 1 1 1137 1135 2145
3128 2 2 1 1 1870 1633 2157
3129 2 2 1 1 966 832 967
3130 2 2 1 1 1341 1097 1490
3131 2 2 1 1 1470 2173 2607
3132 2 2 1 1 944 2385 2487
3133 2 2 1 1 901 902 904
3134 2 2 1 1 1939 1868 2086
3135 2 2 1 1 1043 1042 2638
3136 2 2 1 1 1559 1557 1560
3137 2 2 1 1 1151 2117 2198
3138 2 2 1 1 603 601 604
3139 2 2 1 1 1497 1498 1502
3140 2 2 1 1 1810 407 2463
3141 2 2 1 1 175 176 1174
3142 2 2 1 1 1019 1020 1153
3143 2 2 1 1 676 684 1852
3144 2 2 1 1 487 485 1506
3145 2 2 1 1 2411 1629 2424
3146 2 2 1 1 610 623 2067
3147 2 2 1 1 179 180 1149
3148 2 2 1 1 1785 645 2368
3149 2 2 1 1 1522 1521 2083
3150 2 2 1 1 1141 1293 1356
3151 2 2 1 1 1989 520 2079
3152 2 2 1 1 1458 2008 2434
3153 2 2 1 1 509 511 2509
3154 2 2 1 1 777 1145 2099
3155 2 2 1 1 513 512 514
3156 2 2 1 1 904 905 906
3157 2 2 1 1 504 502 540
3158 2 2 1 1 1707 1791 2567
3159 2 2 1 1 749 748 2352
3160 2 2 1 1 1340 1205 1509
3161 2 2 1 1 1886 1889 2510
3162 2 2 1 1 190 191 1164
3163 2 2 1 1 1264 1262 2572
3164 2 2 1 1 1889 1941 2510
3165 2 2 1 1 1650 677 2502
3166 2 2 1 1 624 617 634
3167 2 2 1 1 1131 1324 1357
3168 2 2 1 1 947 1131 2073
3169 2 2 1 1 526 523 2091
3170 2 2 1 1 934 935 936
3171 2 2 1 1 1966 1086 2160
3172 2 2 1 1 1437 1439 1440
3173 2 2 1 1 2019 1488 2333
3174 2 2 1 1 1073 998 2142
3175 2 2 1 1 185 186 933
3176 2 2 1 1 916 917 918
3177 2 2 1 1 980 990 991
3178 2 2 1 1 1861 1862 2100
3179 2 2 1 1 2065 1309 2066
3180 2 2 1 1 2094 103 2183
3181 2 2 1 1 1131 1357 2073
3182 2 2 1 1 831 797 832
3183 2 2 1 1 36 412 2399
3184 2 2 1 1 468 35 2399
3185 2 2 1 1 834 945 946
3186 2 2 1 1 1961 609 2092
3187 2 2 1 1 1128 1110 2468
3188 2 2 1 1 198 199 974
3189 2 2 1 1 751 758 2210
3190 2 2 1 1 636 488 2276
3191 2 2 1 1 1963 1319 2428
3192 2 2 1 1 194 195 1329
3193 2 2 1 1 164 165 2027
3194 2 2 1 1 1323 1398 1424
3195 2 2 1 1 1505 2031 2473
3196 2 2 1 1 1976 2038 2166
3197 2 2 1 1 469 77 2410
3198 2 2 1 1 78 410 2410
3199 2 2 1 1 1862 1742 2347
3200 2 2 1 1 171 172 1138
3201 2 2 1 1 1083 835 2068
3202 2 2 1 1 508 506 954
3203 2 2 1 1 598 624 1996
3204 2 2 1 1 594 1871 2081
3205 2 2 1 1 1994 1567 2637
3206 2 2 1 1 1714 2429 2618
3207 2 2 1 1 1212 1214 2058
3208 2 2 1 1 978 979 980
3209 2 2 1 1 1488 2019 2334
3210 2 2 1 1 556 1994 2637
3211 2 2 1 1 199 200 2047
3212 2 2 1 1 1823 1822 2143
3213 2 2 1 1 1125 1129 1431
3214 2 2 1 1 1756 463 2538
3215 2 2 1 1 167 168 1312
3216 2 2 1 1 793 2260 2621
3217 2 2 1 1 966 967 989
3218 2 2 1 1 409 1780 2281
3219 2 2 1 1 671 675 2176
3220 2 2 1 1 1993 1298 2527
3221 2 2 1 1 1521 1547 1687
3222 2 2 1 1 112 113 2449
3223 2 2 1 1 1561 1562 2504
3224 2 2 1 1 1211 1644 2457
3225 2 2 1 1 2128 1531 2512
3226 2 2 1 1 1494 1496 1497
3227 2 2 1 1 1891 1884 2186
3228 2 2 1 1 1877 425 2564
3229 2 2 1 1 1396 526 2091
3230 2 2 1 1 1761 1760 2198
3231 2 2 1 1 809 1584 2624
3232 2 2 1 1 1153 1154 1436
3233 2 2 1 1 946 977 978
3234 2 2 1 1 200 8 679
3235 2 2 1 1 2017 1729 2539
3236 2 2 1 1 1037 2269 2462
3237 2 2 1 1 2003 578 2062
3238 2 2 1 1 410 79 2431
3239 2 2 1 1 796 726 797
3240 2 2 1 1 1832 421 2401
3241 2 2 1 1 967 1126 2355
3242 2 2 1 1 1107 1430 2071
3243 2 2 1 1 1615 1612 2059
3244 2 2 1 1 1141 990 1233
3245 2 2 1 1 1866 1416 2118
3246 2 2 1 1 1277 1275 2114
3247 2 2 1 1 966 1139 2160
3248 2 2 1 1 1460 1439 2056
3249 2 2 1 1 669 1817 2626
3250 2 2 1 1 2073 1357 2074
3251 2 2 1 1 936 937 938
3252 2 2 1 1 2152 2125 2679
3253 2 2 1 1 2385 1674 2487
3254 2 2 1 1 1885 1892 2418
3255 2 2 1 1 2305 1593 2309
3256 2 2 1 1 576 575 2110
3257 2 2 1 1 684 685 714
3258 2 2 1 1 1830 1839 2674
3259 2 2 1 1 1007 2170 2266
3260 2 2 1 1 1319 1746 2428
3261 2 2 1 1 1908 470 2138
3262 2 2 1 1 831 832 966
3263 2 2 1 1 1869 2092 2170
3264 2 2 1 1 1668 1572 2585
3265 2 2 1 1 586 610 2067
3266 2 2 1 1 1303 1207 2400
3267 2 2 1 1 1751 2009 2303
3268 2 2 1 1 558 1452 2402
3269 2 2 1 1 411 2002 2347
3270 2 2 1 1 938 939 1923
3271 2 2 1 1 1429 1212 2058
3272 2 2 1 1 1143 1309 2065
3273 2 2 1 1 1750 1804 2420
3274 2 2 1 1 1752 1472 2606
3275 2 2 1 1 833 2176 2242
3276 2 2 1 1 840 1007 2132
3277 2 2 1 1 1678 761 2513
3278 2 2 1 1 1293 1233 1523
3279 2 2 1 1 979 977 1209
3280 2 2 1 1 1433 1819 2442
3281 2 2 1 1 1125 1431 1435
3282 2 2 1 1 877 872 880
3283 2 2 1 1 1827 1834 2476
3284 2 2 1 1 1448 1446 1982
3285 2 2 1 1 2002 1862 2347
3286 2 2 1 1 1500 1499 1501
3287 2 2 1 1 1320 586 2067
3288 2 2 1 1 870 868 968
3289 2 2 1 1 829 827 2412
3290 2 2 1 1 2172 1553 2380
3291 2 2 1 1 1084 1085 1125
3292 2 2 1 1 939 944 1923
3293 2 2 1 1 639 1075 1076
3294 2 2 1 1 1292 1358 1359
3295 2 2 1 1 1101 1047 1218
3296 2 2 1 1 1912 443 2440
3297 2 2 1 1 794 726 796
3298 2 2 1 1 578 538 2062
3299 2 2 1 1 1145 2086 2099
3300 2 2 1 1 163 164 2050
3301 2 2 1 1 959 2118 2163
3302 2 2 1 1 985 1863 2598
3303 2 2 1 1 1782 1484 2192
3304 2 2 1 1 1563 2413 2677
3305 2 2 1 1 1202 1820 1821
3306 2 2 1 1 635 1203 2681
3307 2 2 1 1 554 555 2402
3308 2 2 1 1 719 767 768
3309 2 2 1 1 1498 1496 1499
3310 2 2 1 1 46 4 2522
3311 2 2 1 1 4 47 2522
3312 2 2 1 1 3 68 2523
3313 2 2 1 1 67 3 2523
3314 2 2 1 1 1175 1176 1292
3315 2 2 1 1 768 864 865
3316 2 2 1 1 1184 1087 2163
3317 2 2 1 1 796 797 831
3318 2 2 1 1 1595 2182 2327
3319 2 2 1 1 1642 1870 2157
3320 2 2 1 1 1139 989 2071
3321 2 2 1 1 668 662 2396
3322 2 2 1 1 1013 1737 2433
3323 2 2 1 1 599 1996 2446
3324 2 2 1 1 523 524 2091
3325 2 2 1 1 1775 756 2397
3326 2 2 1 1 1173 1038 2211
3327 2 2 1 1 1010 2046 2298
3328 2 2 1 1 1225 1103 1226
3329 2 2 1 1 494 492 2009
3330 2 2 1 1 752 1037 2068
3331 2 2 1 1 1833 1548 2645
3332 2 2 1 1 1017 863 2133
3333 2 2 1 1 425 1875 2529
3334 2 2 1 1 1524 1937 2432
3335 2 2 1 1 865 1028 1062
3336 2 2 1 1 515 517 2220
3337 2 2 1 1 1791 1308 2561
3338 2 2 1 1 1062 1108 1175
3339 2 2 1 1 1788 1441 2528
3340 2 2 1 1 1081 1353 1549
3341 2 2 1 1 206 207 1231
3342 2 2 1 1 1484 1123 1485
3343 2 2 1 1 1141 1356 2184
3344 2 2 1 1 1977 1082 2474
3345 2 2 1 1 1957 2166 2210
3346 2 2 1 1 1835 819 2580
3347 2 2 1 1 1376 2068 2530
3348 2 2 1 1 2081 1872 2269
3349 2 2 1 1 1079 1030 2065
3350 2 2 1 1 1840 1091 2537
3351 2 2 1 1 1013 788 2417
3352 2 2 1 1 686 718 719
3353 2 2 1 1 535 2072 2221
3354 2 2 1 1 1455 1955 2489
3355 2 2 1 1 1214 1579 2058
3356 2 2 1 1 1685 1966 2429
3357 2 2 1 1 793 790 2588
3358 2 2 1 1 207 208 2077
3359 2 2 1 1 1923 944 2148
3360 2 2 1 1 725 626 726
3361 2 2 1 1 500 498 970
3362 2 2 1 1 1500 1501 1503
3363 2 2 1 1 1770 1813 2233
3364 2 2 1 1 1076 1084 1302
3365 2 2 1 1 1057 971 2164
3366 2 2 1 1 538 715 2062
3367 2 2 1 1 1350 1569 2188
3368 2 2 1 1 1454 1400 1757
3369 2 2 1 1 805 803 2512
3370 2 2 1 1 101 2 2526
3371 2 2 1 1 2 102 2526
3372 2 2 1 1 1158 1652 2078
3373 2 2 1 1 1399 1355 1400
3374 2 2 1 1 704 705 706
3375 2 2 1 1 1030 1143 2065
3376 2 2 1 1 698 699 700
3377 2 2 1 1 654 656 658
3378 2 2 1 1 211 212 1104
3379 2 2 1 1 572 1928 2356
3380 2 2 1 1 945 855 1023
3381 2 2 1 1 991 990 1141
3382 2 2 1 1 811 810 867
3383 2 2 1 1 835 752 2068
3384 2 2 1 1 674 670 833
3385 2 2 1 1 993 927 2639
3386 2 2 1 1 834 833 855
3387 2 2 1 1 1229 1227 1230
3388 2 2 1 1 2499 482 2500
3389 2 2 1 1 471 1894 2489
3390 2 2 1 1 2141 924 2152
3391 2 2 1 1 1627 1628 2170
3392 2 2 1 1 1344 1334 2098
3393 2 2 1 1 1180 1687 2408
3394 2 2 1 1 1076 1077 1084
3395 2 2 1 1 122 1 2525
3396 2 2 1 1 1 13 2525
3397 2 2 1 1 1645 1715 2461
3398 2 2 1 1 890 879 891
3399 2 2 1 1 744 710 1637
3400 2 2 1 1 497 499 2283
3401 2 2 1 1 1819 1530 2442
3402 2 2 1 1 103 104 2183
3403 2 2 1 1 2242 1853 2243
3404 2 2 1 1 1842 552 2633
3405 2 2 1 1 1851 715 2365
3406 2 2 1 1 596 594 2081
3407 2 2 1 1 702 703 704
3408 2 2 1 1 695 694 696
3409 2 2 1 1 758 759 2409
3410 2 2 1 1 980 979 990
3411 2 2 1 1 1500 1583 2134
3412 2 2 1 1 403 182 2007
3413 2 2 1 1 560 557 2181
3414 2 2 1 1 1293 1523 1575
3415 2 2 1 1 1936 1617 2087
3416 2 2 1 1 162 163 876
3417 2 2 1 1 435 2274 2662
3418 2 2 1 1 1306 1261 1307
3419 2 2 1 1 643 641 2271
3420 2 2 1 1 1498 1499 1500
3421 2 2 1 1 518 766 2079
3422 2 2 1 1 1497 1496 1498
3423 2 2 1 1 785 784 2417
3424 2 2 1 1 926 1952 2186
3425 2 2 1 1 161 7 874
3426 2 2 1 1 1465 1183 2620
3427 2 2 1 1 907 916 2189
3428 2 2 1 1 1141 1233 1293
3429 2 2 1 1 1628 1641 2266
3430 2 2 1 1 714 791 792
3431 2 2 1 1 679 682 1434
3432 2 2 1 1 1435 1602 1603
3433 2 2 1 1 1435 1431 1602
3434 2 2 1 1 562 856 2478
3435 2 2 1 1 1216 1317 2392
3436 2 2 1 1 626 608 1031
3437 2 2 1 1 1157 1070 2376
3438 2 2 1 1 2160 1139 2429
3439 2 2 1 1 989 1107 2071
3440 2 2 1 1 804 803 805
3441 2 2 1 1 1564 2320 2321
3442 2 2 1 1 812 773 2199
3443 2 2 1 1 520 518 2079
3444 2 2 1 1 181 403 2044
3445 2 2 1 1 605 604 608
3446 2 2 1 1 1345 1344 1480
3447 2 2 1 1 1114 1191 1192
3448 2 2 1 1 2092 1627 2170
3449 2 2 1 1 714 790 791
3450 2 2 1 1 1515 1311 1516
3451 2 2 1 1 887 888 911
3452 2 2 1 1 1023 1355 1399
3453 2 2 1 1 700 701 702
3454 2 2 1 1 216 217 1326
3455 2 2 1 1 496 593 2150
3456 2 2 1 1 1196 858 2238
3457 2 2 1 1 177 427 2040
3458 2 2 1 1 1436 1437 2126
3459 2 2 1 1 978 977 979
3460 2 2 1 1 1437 1440 2126
3461 2 2 1 1 1505 1504 2298
3462 2 2 1 1 427 178 2045
3463 2 2 1 1 221 222 1179
3464 2 2 1 1 1044 1043 1045
3465 2 2 1 1 160 161 2088
3466 2 2 1 1 1037 634 2269
3467 2 2 1 1 617 596 2081
3468 2 2 1 1 1414 1433 1802
3469 2 2 1 1 1819 1034 2369
3470 2 2 1 1 625 608 626
3471 2 2 1 1 1617 1614 2087
3472 2 2 1 1 406 174 2039
3473 2 2 1 1 775 716 2614
3474 2 2 1 1 1740 1735 2450
3475 2 2 1 1 1494 1493 1495
3476 2 2 1 1 792 863 983
3477 2 2 1 1 407 189 2013
3478 2 2 1 1 1426 2005 2494
3479 2 2 1 1 1726 1724 2234
3480 2 2 1 1 1366 1363 2180
3481 2 2 1 1 1129 1085 2192
3482 2 2 1 1 1582 1581 2437
3483 2 2 1 1 695 697 962
3484 2 2 1 1 1972 572 2356
3485 2 2 1 1 902 1014 2575
3486 2 2 1 1 983 1016 1142
3487 2 2 1 1 1739 2417 2558
3488 2 2 1 1 73 74 2223
3489 2 2 1 1 593 494 2009
3490 2 2 1 1 192 429 2018
3491 2 2 1 1 1716 2129 2205
3492 2 2 1 1 1399 1400 1454
3493 2 2 1 1 1363 1230 1365
3494 2 2 1 1 946 945 977
3495 2 2 1 1 834 855 945
3496 2 2 1 1 881 880 882
3497 2 2 1 1 203 204 2122
3498 2 2 1 1 188 407 2014
3499 2 2 1 1 1330 1331 1332
3500 2 2 1 1 1383 2264 2448
3501 2 2 1 1 173 406 2052
3502 2 2 1 1 1891 2212 2573
3503 2 2 1 1 205 206 2124
3504 2 2 1 1 155 156 1241
3505 2 2 1 1 2019 429 2020
3506 2 2 1 1 1859 812 2649
3507 2 2 1 1 429 193 2021
3508 2 2 1 1 159 160 997
3509 2 2 1 1 1519 1517 1520
3510 2 2 1 1 1897 1895 2231
3511 2 2 1 1 1011 815 1012
3512 2 2 1 1 2367 2391 2451
3513 2 2 1 1 1454 1757 2104
3514 2 2 1 1 220 221 2096
3515 2 2 1 1 1016 1017 2117
3516 2 2 1 1 2508 1784 2574
3517 2 2 1 1 1759 1947 2481
3518 2 2 1 1 912 1055 1330
3519 2 2 1 1 428 170 2051
3520 2 2 1 1 1504 2048 2049
3521 2 2 1 1 1029 2367 2451
3522 2 2 1 1 1432 2302 2471
3523 2 2 1 1 666 670 674
3524 2 2 1 1 846 2128 2512
3525 2 2 1 1 792 791 863
3526 2 2 1 1 1873 2006 2462
3527 2 2 1 1 405 197 2026
3528 2 2 1 1 183 941 2007
3529 2 2 1 1 169 428 2055
3530 2 2 1 1 1315 1976 2166
3531 2 2 1 1 1733 1736 2450
3532 2 2 1 1 2283 499 2406
3533 2 2 1 1 196 405 2025
3534 2 2 1 1 827 824 2598
3535 2 2 1 1 1136 1220 2174
3536 2 2 1 1 1980 1352 2486
3537 2 2 1 1 687 683 688
3538 2 2 1 1 1614 1615 2087
3539 2 2 1 1 506 504 2095
3540 2 2 1 1 552 549 2633
3541 2 2 1 1 1394 1385 1395
3542 2 2 1 1 983 863 1016
3543 2 2 1 1 1372 1342 1529
3544 2 2 1 1 1220 1513 2594
3545 2 2 1 1 810 643 2271
3546 2 2 1 1 750 751 2210
3547 2 2 1 1 670 671 2176
3548 2 2 1 1 674 833 834
3549 2 2 1 1 404 166 2054
3550 2 2 1 1 480 1980 2595
3551 2 2 1 1 1569 2041 2042
3552 2 2 1 1 697 696 698
3553 2 2 1 1 593 2009 2010
3554 2 2 1 1 1925 1923 2148
3555 2 2 1 1 1676 1677 2466
3556 2 2 1 1 1622 1442 2601
3557 2 2 1 1 154 155 2101
3558 2 2 1 1 2413 761 2677
3559 2 2 1 1 2100 1862 2103
3560 2 2 1 1 1142 1016 1151
3561 2 2 1 1 1153 1441 2135
3562 2 2 1 1 1351 1352 1428
3563 2 2 1 1 648 650 669
3564 2 2 1 1 875 7 1471
3565 2 2 1 1 1176 1108 1392
3566 2 2 1 1 1562 1630 2514
3567 2 2 1 1 1332 1469 1974
3568 2 2 1 1 822 985 2598
3569 2 2 1 1 1330 1332 2218
3570 2 2 1 1 1983 2055 2505
3571 2 2 1 1 638 606 2545
3572 2 2 1 1 150 151 1121
3573 2 2 1 1 693 692 694
3574 2 2 1 1 1345 1480 1949
3575 2 2 1 1 1367 1683 2277
3576 2 2 1 1 1392 2438 2502
3577 2 2 1 1 2269 1872 2462
3578 2 2 1 1 591 1761 2407
3579 2 2 1 1 1408 1409 1410
3580 2 2 1 1 1494 1495 1496
3581 2 2 1 1 1127 1348 2137
3582 2 2 1 1 1005 1219 2111
3583 2 2 1 1 156 157 2120
3584 2 2 1 1 1228 1771 2436
3585 2 2 1 1 158 159 2119
3586 2 2 1 1 947 918 1069
3587 2 2 1 1 1131 1069 1323
3588 2 2 1 1 202 203 2123
3589 2 2 1 1 208 209 2168
3590 2 2 1 1 1011 1040 1089
3591 2 2 1 1 1206 1008 1491
3592 2 2 1 1 1430 1528 2222
3593 2 2 1 1 679 8 680
3594 2 2 1 1 1317 1318 2654
3595 2 2 1 1 210 211 2169
3596 2 2 1 1 1982 1193 2458
3597 2 2 1 1 2048 1495 2445
3598 2 2 1 1 1177 1350 1459
3599 2 2 1 1 1312 1983 2491
3600 2 2 1 1 691 693 862
3601 2 2 1 1 1553 1200 2380
3602 2 2 1 1 906 907 2189
3603 2 2 1 1 704 706 709
3604 2 2 1 1 1755 984 2606
3605 2 2 1 1 510 508 2109
3606 2 2 1 1 1362 1360 2245
3607 2 2 1 1 843 841 2241
3608 2 2 1 1 498 496 2150
3609 2 2 1 1 675 1853 2176
3610 2 2 1 1 2064 1026 2153
3611 2 2 1 1 149 150 2107
3612 2 2 1 1 896 895 897
3613 2 2 1 1 901 904 956
3614 2 2 1 1 165 404 2027
3615 2 2 1 1 2348 1425 2383
3616 2 2 1 1 2630 1547 2656
3617 2 2 1 1 1897 2231 2282
3618 2 2 1 1 534 510 2109
3619 2 2 1 1 1966 2160 2429
3620 2 2 1 1 1492 1491 1493
3621 2 2 1 1 30 31 2253
3622 2 2 1 1 1562 2244 2504
3623 2 2 1 1 1570 2008 2519
3624 2 2 1 1 1916 1996 2681
3625 2 2 1 1 695 696 697
3626 2 2 1 1 1552 1493 2338
3627 2 2 1 1 868 867 2177
3628 2 2 1 1 425 2529 2564
3629 2 2 1 1 1174 176 2040
3630 2 2 1 1 1998 1384 2423
3631 2 2 1 1 175 1174 2039
3632 2 2 1 1 760 720 2373
3633 2 2 1 1 2513 1324 2650
3634 2 2 1 1 1149 180 2044
3635 2 2 1 1 1977 2474 2577
3636 2 2 1 1 184 185 2280
3637 2 2 1 1 1363 1365 2180
3638 2 2 1 1 1924 1923 1925
3639 2 2 1 1 179 1149 2045
3640 2 2 1 1 145 146 1168
3641 2 2 1 1 675 1852 1853
3642 2 2 1 1 883 882 884
3643 2 2 1 1 2552 1981 2556
3644 2 2 1 1 709 710 743
3645 2 2 1 1 894 893 895
3646 2 2 1 1 2182 1598 2323
3647 2 2 1 1 1343 1334 1344
3648 2 2 1 1 1028 864 1029
3649 2 2 1 1 1026 963 2111
3650 2 2 1 1 1842 1032 2676
3651 2 2 1 1 947 2073 2189
3652 2 2 1 1 950 798 2360
3653 2 2 1 1 1944 1336 2272
3654 2 2 1 1 814 815 1010
3655 2 2 1 1 157 158 415
3656 2 2 1 1 204 205 420
3657 2 2 1 1 938 1923 1924
3658 2 2 1 1 963 1005 2111
3659 2 2 1 1 1343 1344 1345
3660 2 2 1 1 743 744 814
3661 2 2 1 1 1989 2079 2587
3662 2 2 1 1 1783 1553 2563
3663 2 2 1 1 934 936 986
3664 2 2 1 1 1359 1358 1922
3665 2 2 1 1 190 1164 2013
3666 2 2 1 1 1080 1041 2076
3667 2 2 1 1 1164 191 2018
3668 2 2 1 1 1449 2172 2380
3669 2 2 1 1 1802 913 2454
3670 2 2 1 1 1502 1498 2134
3671 2 2 1 1 2196 1390 2362
3672 2 2 1 1 2265 1461 2599
3673 2 2 1 1 213 214 2203
3674 2 2 1 1 201 202 681
3675 2 2 1 1 637 639 2112
3676 2 2 1 1 916 918 947
3677 2 2 1 1 225 226 1368
3678 2 2 1 1 1778 408 2539
3679 2 2 1 1 1292 1176 1358
3680 2 2 1 1 153 154 2167
3681 2 2 1 1 1792 1819 2369
3682 2 2 1 1 2009 492 2303
3683 2 2 1 1 37 38 2262
3684 2 2 1 1 1370 1238 2270
3685 2 2 1 1 2332 2353 2542
3686 2 2 1 1 1167 1645 2648
3687 2 2 1 1 1516 2145 2146
3688 2 2 1 1 140 141 1245
3689 2 2 1 1 151 152 2105
3690 2 2 1 1 919 921 2240
3691 2 2 1 1 874 7 875
3692 2 2 1 1 754 950 2373
3693 2 2 1 1 488 487 2276
3694 2 2 1 1 1544 1546 2334
3695 2 2 1 1 1787 1259 2357
3696 2 2 1 1 229 230 1347
3697 2 2 1 1 2106 1456 2493
3698 2 2 1 1 889 909 910
3699 2 2 1 1 141 142 2129
3700 2 2 1 1 1086 831 2160
3701 2 2 1 1 1219 1019 2135
3702 2 2 1 1 237 238 806
3703 2 2 1 1 124 125 924
3704 2 2 1 1 1526 2276 2591
3705 2 2 1 1 766 516 2439
3706 2 2 1 1 1843 1349 2388
3707 2 2 1 1 715 532 2365
3708 2 2 1 1 198 974 2026
3709 2 2 1 1 2028 633 2479
3710 2 2 1 1 1624 1542 2667
3711 2 2 1 1 1940 1889 2440
3712 2 2 1 1 1492 1493 1494
3713 2 2 1 1 194 1329 2021
3714 2 2 1 1 954 506 2095
3715 2 2 1 1 768 767 864
3716 2 2 1 1 517 519 2551
3717 2 2 1 1 1329 195 2025
3718 2 2 1 1 215 216 2093
3719 2 2 1 1 1138 172 2052
3720 2 2 1 1 2028 1800 2614
3721 2 2 1 1 892 891 893
3722 2 2 1 1 1377 1815 2267
3723 2 2 1 1 680 8 1482
3724 2 2 1 1 1199 1935 2430
3725 2 2 1 1 171 1138 2051
3726 2 2 1 1 807 805 808
3727 2 2 1 1 504 540 2095
3728 2 2 1 1 1175 1108 1176
3729 2 2 1 1 217 218 2206
3730 2 2 1 1 1855 766 2439
3731 2 2 1 1 2196 908 2197
3732 2 2 1 1 2186 1888 2639
3733 2 2 1 1 1233 990 2191
3734 2 2 1 1 865 864 1028
3735 2 2 1 1 947 1069 1131
3736 2 2 1 1 709 706 710
3737 2 2 1 1 1131 1323 1324
3738 2 2 1 1 693 694 695
3739 2 2 1 1 1040 1012 1041
3740 2 2 1 1 1380 1140 2634
3741 2 2 1 1 528 1396 2365
3742 2 2 1 1 1062 1028 1108
3743 2 2 1 1 1082 2003 2363
3744 2 2 1 1 874 878 1483
3745 2 2 1 1 1312 168 2055
3746 2 2 1 1 222 223 2097
3747 2 2 1 1 870 968 2361
3748 2 2 1 1 1503 1501 2237
3749 2 2 1 1 167 1312 2054
3750 2 2 1 1 910 987 988
3751 2 2 1 1 988 1091 1092
3752 2 2 1 1 1356 1293 2158
3753 2 2 1 1 1744 1743 2431
3754 2 2 1 1 944 943 2385
3755 2 2 1 1 433 2251 2424
3756 2 2 1 1 1501 1505 2237
3757 2 2 1 1 1634 1636 2278
3758 2 2 1 1 219 220 2208
3759 2 2 1 1 30 2253 2382
3760 2 2 1 1 1490 1097 2271
3761 2 2 1 1 535 515 2220
3762 2 2 1 1 831 966 2160
3763 2 2 1 1 96 97 2274
3764 2 2 1 1 2118 1416 2163
3765 2 2 1 1 712 760 2479
3766 2 2 1 1 698 700 708
3767 2 2 1 1 1585 1170 1669
3768 2 2 1 1 579 589 2557
3769 2 2 1 1 1973 984 2572
3770 2 2 1 1 1365 1657 1759
3771 2 2 1 1 2222 1714 2618
3772 2 2 1 1 1521 1520 1547
3773 2 2 1 1 797 726 2193
3774 2 2 1 1 1549 1353 1777
3775 2 2 1 1 2138 1465 2620
3776 2 2 1 1 2192 1484 2390
3777 2 2 1 1 440 1897 2282
3778 2 2 1 1 1860 985 2433
3779 2 2 1 1 962 1008 1205
3780 2 2 1 1 2500 482 2554
3781 2 2 1 1 2211 1413 2594
3782 2 2 1 1 1444 1570 2519
3783 2 2 1 1 1466 2037 2531
3784 2 2 1 1 508 954 2109
3785 2 2 1 1 1019 1153 2135
3786 2 2 1 1 991 1141 2184
3787 2 2 1 1 895 893 2408
3788 2 2 1 1 148 149 2113
3789 2 2 1 1 1365 1230 1657
3790 2 2 1 1 1123 991 2184
3791 2 2 1 1 2075 1929 2555
3792 2 2 1 1 136 137 1291
3793 2 2 1 1 1081 1549 2549
3794 2 2 1 1 2073 2074 2470
3795 2 2 1 1 743 710 744
3796 2 2 1 1 719 718 767
3797 2 2 1 1 1637 710 2246
3798 2 2 1 1 547 1032 2633
3799 2 2 1 1 1308 1253 2561
3800 2 2 1 1 1435 1603 2521
3801 2 2 1 1 2377 1828 2430
3802 2 2 1 1 146 147 2201
3803 2 2 1 1 403 2007 2008
3804 2 2 1 1 763 803 804
3805 2 2 1 1 833 670 2176
3806 2 2 1 1 1333 1331 1334
3807 2 2 1 1 1915 1031 2582
3808 2 2 1 1 2058 447 2492
3809 2 2 1 1 152 153 419
3810 2 2 1 1 209 210 424
3811 2 2 1 1 896 897 903
3812 2 2 1 1 1297 1381 1382
3813 2 2 1 1 144 145 2204
3814 2 2 1 1 1419 2075 2589
3815 2 2 1 1 132 133 1201
3816 2 2 1 1 512 534 2293
3817 2 2 1 1 783 2158 2159
3818 2 2 1 1 814 744 815
3819 2 2 1 1 1513 2211 2594
3820 2 2 1 1 974 199 2047
3821 2 2 1 1 1458 1362 2403
3822 2 2 1 1 1010 815 1011
3823 2 2 1 1 1757 1400 2378
3824 2 2 1 1 2473 1588 2665
3825 2 2 1 1 2158 1575 2159
3826 2 2 1 1 1209 977 2200
3827 2 2 1 1 885 884 886
3828 2 2 1 1 492 490 2303
3829 2 2 1 1 2020 429 2021
3830 2 2 1 1 1805 1460 2619
3831 2 2 1 1 867 1097 1098
3832 2 2 1 1 2018 429 2019
3833 2 2 1 1 1125 1435 2194
3834 2 2 1 1 142 143 2205
3835 2 2 1 1 224 225 2127
3836 2 2 1 1 139 140 2130
3837 2 2 1 1 1440 1830 2674
3838 2 2 1 1 1308 1772 2596
3839 2 2 1 1 689 691 2190
3840 2 2 1 1 867 810 1097
3841 2 2 1 1 985 821 2433
3842 2 2 1 1 941 184 2280
3843 2 2 1 1 1078 1041 1080
3844 2 2 1 1 1666 1371 2351
3845 2 2 1 1 1338 1507 2281
3846 2 2 1 1 200 679 2047
3847 2 2 1 1 1786 1710 2392
3848 2 2 1 1 1302 2194 2195
3849 2 2 1 1 1001 923 1002
3850 2 2 1 1 1332 1333 1469
3851 2 2 1 1 1874 1568 2676
3852 2 2 1 1 916 947 2189
3853 2 2 1 1 894 896 1106
3854 2 2 1 1 2270 1835 2580
3855 2 2 1 1 1498 1500 2134
3856 2 2 1 1 1081 1080 1351
3857 2 2 1 1 756 749 2352
3858 2 2 1 1 1163 1130 2532
3859 2 2 1 1 1385 1536 1689
3860 2 2 1 1 691 690 692
3861 2 2 1 1 2166 750 2210
3862 2 2 1 1 689 688 690
3863 2 2 1 1 2395 481 2441
3864 2 2 1 1 1206 1491 1492
3865 2 2 1 1 1024 2252 2592
3866 2 2 1 1 2456 885 2655
3867 2 2 1 1 131 132 2171
3868 2 2 1 1 1839 446 2674
3869 2 2 1 1 1098 1097 1341
3870 2 2 1 1 682 680 683
3871 2 2 1 1 1991 1680 2187
3872 2 2 1 1 236 237 2228
3873 2 2 1 1 2072 535 2220
3874 2 2 1 1 125 126 2230
3875 2 2 1 1 1794 663 2239
3876 2 2 1 1 639 1076 2112
3877 2 2 1 1 2037 465 2531
3878 2 2 1 1 652 654 2175
3879 2 2 1 1 2052 406 2116
3880 2 2 1 1 440 2282 2386
3881 2 2 1 1 897 899 2115
3882 2 2 1 1 2170 1628 2266
3883 2 2 1 1 686 683 687
3884 2 2 1 1 1103 1101 2144
3885 2 2 1 1 137 138 2161
3886 2 2 1 1 499 501 2406
3887 2 2 1 1 2306 1619 2308
3888 2 2 1 1 878 875 879
3889 2 2 1 1 634 617 2269
3890 2 2 1 1 1742 1741 2347
3891 2 2 1 1 2272 758 2409
3892 2 2 1 1 1342 1341 1956
3893 2 2 1 1 1619 2307 2314
3894 2 2 1 1 164 2027 2050
3895 2 2 1 1 2045 1149 2063
3896 2 2 1 1 1151 1016 2117
3897 2 2 1 1 123 124 2140
3898 2 2 1 1 1011 1012 1040
3899 2 2 1 1 1098 1341 1342
3900 2 2 1 1 2478 1752 2606
3901 2 2 1 1 1680 1682 2187
3902 2 2 1 1 234 235 2224
3903 2 2 1 1 679 680 682
3904 2 2 1 1 930 1981 2552
3905 2 2 1 1 885 887 2655
3906 2 2 1 1 889 879 890
3907 2 2 1 1 631 2028 2614
3908 2 2 1 1 1332 1331 1333
3909 2 2 1 1 1076 1302 2112
3910 2 2 1 1 1914 1915 2623
3911 2 2 1 1 1410 1412 1473
3912 2 2 1 1 1293 1575 2158
3913 2 2 1 1 686 687 718
3914 2 2 1 1 1112 1060 1113
3915 2 2 1 1 185 933 2280
3916 2 2 1 1 679 1434 2047
3917 2 2 1 1 891 879 2279
3918 2 2 1 1 968 868 2177
3919 2 2 1 1 1717 413 2644
3920 2 2 1 1 480 2265 2553
3921 2 2 1 1 1333 1334 1343
3922 2 2 1 1 650 652 2185
3923 2 2 1 1 979 1209 2191
3924 2 2 1 1 147 148 416
3925 2 2 1 1 214 215 421
3926 2 2 1 1 1360 1307 2419
3927 2 2 1 1 1205 1008 1206
3928 2 2 1 1 2218 1601 2459
3929 2 2 1 1 682 683 686
3930 2 2 1 1 226 227 2250
3931 2 2 1 1 2198 1762 2642
3932 2 2 1 1 514 512 2293
3933 2 2 1 1 1814 1527 2492
3934 2 2 1 1 1918 1335 2284
3935 2 2 1 1 1517 1516 2384
3936 2 2 1 1 1320 1874 2520
3937 2 2 1 1 1509 1205 2154
3938 2 2 1 1 2184 1356 2421
3939 2 2 1 1 143 144 430
3940 2 2 1 1 218 219 431
3941 2 2 1 1 887 886 888
3942 2 2 1 1 228 229 2251
3943 2 2 1 1 2051 1138 2578
3944 2 2 1 1 1101 1218 2144
3945 2 2 1 1 1584 1585 1589
3946 2 2 1 1 2089 1483 2090
3947 2 2 1 1 617 2081 2269
3948 2 2 1 1 1267 2356 2374
3949 2 2 1 1 1097 810 2271
3950 2 2 1 1 962 697 1008
3951 2 2 1 1 1996 624 2681
3952 2 2 1 1 2274 97 2658
3953 2 2 1 1 1522 2083 2291
3954 2 2 1 1 894 895 896
3955 2 2 1 1 855 833 2242
3956 2 2 1 1 2101 1554 2167
3957 2 2 1 1 1600 2498 2499
3958 2 2 1 1 230 231 2136
3959 2 2 1 1 138 139 417
3960 2 2 1 1 223 224 422
3961 2 2 1 1 1817 1816 2626
3962 2 2 1 1 1889 1887 2440
3963 2 2 1 1 1485 1123 2184
3964 2 2 1 1 926 2186 2639
3965 2 2 1 1 2281 1780 2654
3966 2 2 1 1 1395 1690 2404
3967 2 2 1 1 1081 1351 1353
3968 2 2 1 1 1481 2140 2540
3969 2 2 1 1 2307 2313 2314
3970 2 2 1 1 413 1756 2644
3971 2 2 1 1 1012 815 2256
3972 2 2 1 1 2488 1058 2518
3973 2 2 1 1 1330 1055 1331
3974 2 2 1 1 1094 1092 1182
3975 2 2 1 1 1267 1972 2356
3976 2 2 1 1 1023 1399 2200
3977 2 2 1 1 29 30 2382
3978 2 2 1 1 1033 967 2355
3979 2 2 1 1 1388 1267 2374
3980 2 2 1 1 135 136 2162
3981 2 2 1 1 691 692 693
3982 2 2 1 1 1078 1080 1081
3983 2 2 1 1 668 2396 2581
3984 2 2 1 1 238 239 2139
3985 2 2 1 1 794 796 2469
3986 2 2 1 1 691 862 2190
3987 2 2 1 1 2273 2436 2678
3988 2 2 1 1 756 2352 2397
3989 2 2 1 1 2152 924 2230
3990 2 2 1 1 970 498 2150
3991 2 2 1 1 912 888 1054
3992 2 2 1 1 133 134 2249
3993 2 2 1 1 1084 1125 2194
3994 2 2 1 1 1777 1353 2209
3995 2 2 1 1 945 1023 2200
3996 2 2 1 1 1040 1041 1078
3997 2 2 1 1 1323 1424 2165
3998 2 2 1 1 921 934 2240
3999 2 2 1 1 1876 440 2386
4000 2 2 1 1 1762 1763 2642
4001 2 2 1 1 626 1031 2193
4002 2 2 1 1 726 626 2193
4003 2 2 1 1 2026 974 2219
4004 2 2 1 1 983 1142 2354
4005 2 2 1 1 798 847 2360
4006 2 2 1 1 1302 1084 2194
4007 2 2 1 1 892 894 2252
4008 2 2 1 1 999 1314 2385
4009 2 2 1 1 1359 1922 2147
4010 2 2 1 1 235 236 952
4011 2 2 1 1 126 127 953
4012 2 2 1 1 2351 1859 2649
4013 2 2 1 1 654 658 2175
4014 2 2 1 1 1070 1215 2376
4015 2 2 1 1 446 1788 2528
4016 2 2 1 1 1055 1054 1414
4017 2 2 1 1 1429 2058 2492
4018 2 2 1 1 1329 2025 2511
4019 2 2 1 1 2134 1583 2407
4020 2 2 1 1 2300 1144 2568
4021 2 2 1 1 2277 1683 2592
4022 2 2 1 1 706 707 2246
4023 2 2 1 1 2571 1457 2579
4024 2 2 1 1 1592 2016 2488
4025 2 2 1 1 1357 1324 2513
4026 2 2 1 1 436 2075 2555
4027 2 2 1 1 663 666 2239
4028 2 2 1 1 1397 2284 2416
4029 2 2 1 1 821 1013 2433
4030 2 2 1 1 1906 469 2589
4031 2 2 1 1 886 884 1034
4032 2 2 1 1 990 979 2191
4033 2 2 1 1 695 962 2255
4034 2 2 1 1 892 893 894
4035 2 2 1 1 1653 2294 2611
4036 2 2 1 1 767 718 1198
4037 2 2 1 1 127 128 2229
4038 2 2 1 1 1118 1096 1390
4039 2 2 1 1 1461 2265 2610
4040 2 2 1 1 1908 2138 2620
4041 2 2 1 1 1950 1427 2524
4042 2 2 1 1 867 1098 2177
4043 2 2 1 1 2371 2197 2661
4044 2 2 1 1 2060 2302 2421
4045 2 2 1 1 2215 1003 2216
4046 2 2 1 1 1778 2539 2597
4047 2 2 1 1 872 870 2361
4048 2 2 1 1 1947 764 2481
4049 2 2 1 1 1144 983 2354
4050 2 2 1 1 1231 207 2077
4051 2 2 1 1 911 888 912
4052 2 2 1 1 1441 1436 2528
4053 2 2 1 1 882 880 1462
4054 2 2 1 1 1314 1674 2385
4055 2 2 1 1 720 754 2373
4056 2 2 1 1 943 999 2385
4057 2 2 1 1 687 688 689
4058 2 2 1 1 457 1805 2619
4059 2 2 1 1 876 163 2050
4060 2 2 1 1 187 2014 2453
4061 2 2 1 1 6 123 1481
4062 2 2 1 1 1876 2386 2422
4063 2 2 1 1 1427 1944 2460
4064 2 2 1 1 2079 766 2543
4065 2 2 1 1 2394 1463 2427
4066 2 2 1 1 748 1977 2577
4067 2 2 1 1 1593 2213 2309
4068 2 2 1 1 35 36 2399
4069 2 2 1 1 988 987 1091
4070 2 2 1 1 532 528 2365
4071 2 2 1 1 903 897 2115
4072 2 2 1 1 1749 1751 2602
4073 2 2 1 1 1226 1103 2144
4074 2 2 1 1 447 1814 2492
4075 2 2 1 1 1356 2060 2421
4076 2 2 1 1 1540 1541 1597
4077 2 2 1 1 1485 2184 2421
4078 2 2 1 1 2296 2175 2427
4079 2 2 1 1 2078 1509 2588
4080 2 2 1 1 689 690 691
4081 2 2 1 1 604 601 2446
4082 2 2 1 1 987 909 1024
4083 2 2 1 1 2062 715 2295
4084 2 2 1 1 1432 1129 2390
4085 2 2 1 1 1092 1091 2155
4086 2 2 1 1 804 807 1186
4087 2 2 1 1 2294 2389 2611
4088 2 2 1 1 240 1298 1993
4089 2 2 1 1 1649 1303 2400
4090 2 2 1 1 889 910 2643
4091 2 2 1 1 1365 1759 2481
4092 2 2 1 1 977 945 2200
4093 2 2 1 1 890 891 892
4094 2 2 1 1 1652 1653 2611
4095 2 2 1 1 910 909 987
4096 2 2 1 1 1392 1108 2288
4097 2 2 1 1 480 2595 2610
4098 2 2 1 1 874 875 878
4099 2 2 1 1 77 78 2410
4100 2 2 1 1 2508 1321 2631
4101 2 2 1 1 2265 480 2610
4102 2 2 1 1 2220 517 2551
4103 2 2 1 1 1406 1194 1407
4104 2 2 1 1 1531 2128 2652
4105 2 2 1 1 1729 1992 2597
4106 2 2 1 1 1400 1426 2378
4107 2 2 1 1 889 890 909
4108 2 2 1 1 582 509 2509
4109 2 2 1 1 878 879 889
4110 2 2 1 1 555 558 2402
4111 2 2 1 1 933 186 2453
4112 2 2 1 1 688 683 2366
4113 2 2 1 1 910 2090 2643
4114 2 2 1 1 1523 2072 2220
4115 2 2 1 1 130 131 2285
4116 2 2 1 1 1504 2049 2298
4117 2 2 1 1 1166 1120 1172
4118 2 2 1 1 982 1043 1044
4119 2 2 1 1 2314 2315 2316
4120 2 2 1 1 1324 1323 2165
4121 2 2 1 1 2175 658 2427
4122 2 2 1 1 1104 2485 2645
4123 2 2 1 1 1129 2192 2390
4124 2 2 1 1 1669 2375 2609
4125 2 2 1 1 761 2413 2513
4126 2 2 1 1 1602 1431 2471
4127 2 2 1 1 1039 829 2412
4128 2 2 1 1 2006 1376 2530
4129 2 2 1 1 452 2332 2542
4130 2 2 1 1 1619 1538 2308
4131 2 2 1 1 1736 1732 2615
4132 2 2 1 1 803 846 2512
4133 2 2 1 1 206 1231 2124
4134 2 2 1 1 1595 1540 1597
4135 2 2 1 1 2012 1552 2338
4136 2 2 1 1 1535 876 2291
4137 2 2 1 1 1491 1008 2290
4138 2 2 1 1 601 599 2446
4139 2 2 1 1 912 1054 1055
4140 2 2 1 1 666 674 2239
4141 2 2 1 1 233 234 2225
4142 2 2 1 1 658 656 2393
4143 2 2 1 1 1887 1885 2418
4144 2 2 1 1 134 135 432
4145 2 2 1 1 227 228 433
4146 2 2 1 1 669 650 2185
4147 2 2 1 1 899 901 2244
4148 2 2 1 1 2408 1687 2630
4149 2 2 1 1 949 2023 2377
4150 2 2 1 1 1454 2221 2464
4151 2 2 1 1 1447 2125 2151
4152 2 2 1 1 1215 1216 2392
4153 2 2 1 1 463 1778 2597
4154 2 2 1 1 2060 1675 2302
4155 2 2 1 1 2200 1399 2464
4156 2 2 1 1 1597 1541 1599
4157 2 2 1 1 466 1876 2422
4158 2 2 1 1 1042 2137 2638
4159 2 2 1 1 2143 464 2497
4160 2 2 1 1 1944 2409 2460
4161 2 2 1 1 956 2247 2248
4162 2 2 1 1 231 232 2287
4163 2 2 1 1 2213 1595 2327
4164 2 2 1 1 1737 1860 2433
4165 2 2 1 1 161 874 2088
4166 2 2 1 1 707 763 2235
4167 2 2 1 1 1987 1986 2621
4168 2 2 1 1 1597 1599 2404
4169 2 2 1 1 714 792 2300
4170 2 2 1 1 759 771 2409
4171 2 2 1 1 1205 1206 2154
4172 2 2 1 1 1828 1827 2430
4173 2 2 1 1 2346 2219 2576
4174 2 2 1 1 1950 2524 2566
4175 2 2 1 1 1605 2207 2381
4176 2 2 1 1 953 2152 2230
4177 2 2 1 1 1951 1950 2566
4178 2 2 1 1 79 80 2431
4179 2 2 1 1 1109 1211 2457
4180 2 2 1 1 2438 1650 2502
4181 2 2 1 1 904 906 2247
4182 2 2 1 1 469 2029 2589
4183 2 2 1 1 1227 1226 2675
4184 2 2 1 1 2260 1987 2621
4185 2 2 1 1 2065 2066 2467
4186 2 2 1 1 645 648 2368
4187 2 2 1 1 874 1483 2088
4188 2 2 1 1 128 129 2286
4189 2 2 1 1 788 785 2417
4190 2 2 1 1 2077 208 2168
4191 2 2 1 1 1246 1243 1511
4192 2 2 1 1 2436 1771 2678
4193 2 2 1 1 1937 1486 2432
4194 2 2 1 1 1981 554 2556
4195 2 2 1 1 239 5 1477
4196 2 2 1 1 1997 1916 2582
4197 2 2 1 1 2117 1017 2301
4198 2 2 1 1 1338 2281 2654
4199 2 2 1 1 1422 1421 2474
4200 2 2 1 1 466 2422 2475
4201 2 2 1 1 1034 1819 2666
4202 2 2 1 1 2083 1535 2291
4203 2 2 1 1 997 160 2088
4204 2 2 1 1 211 1104 2169
4205 2 2 1 1 2323 1598 2503
4206 2 2 1 1 495 584 2665
4207 2 2 1 1 221 1179 2096
4208 2 2 1 1 1986 2133 2621
4209 2 2 1 1 1209 2200 2464
4210 2 2 1 1 1082 2363 2474
4211 2 2 1 1 1109 2457 2495
4212 2 2 1 1 652 2175 2185
4213 2 2 1 1 744 1637 2256
4214 2 2 1 1 2078 1652 2671
4215 2 2 1 1 186 187 2453
4216 2 2 1 1 934 986 2240
4217 2 2 1 1 1852 684 2300
4218 2 2 1 1 1551 2219 2346
4219 2 2 1 1 1636 1899 2573
4220 2 2 1 1 901 956 2244
4221 2 2 1 1 443 1940 2440
4222 2 2 1 1 936 938 2258
4223 2 2 1 1 155 1241 2101
4224 2 2 1 1 2003 2062 2363
4225 2 2 1 1 1708 1707 2567
4226 2 2 1 1 1130 1199 2532
4227 2 2 1 1 1776 2051 2578
4228 2 2 1 1 2124 1231 2233
4229 2 2 1 1 862 693 2255
4230 2 2 1 1 923 911 2232
4231 2 2 1 1 2262 467 2536
4232 2 2 1 1 2111 1219 2289
4233 2 2 1 1 1941 993 2510
4234 2 2 1 1 938 1924 2258
4235 2 2 1 1 1471 1535 2660
4236 2 2 1 1 894 1106 2252
4237 2 2 1 1 1241 156 2120
4238 2 2 1 1 1516 2146 2384
4239 2 2 1 1 203 2122 2123
4240 2 2 1 1 1834 1835 2476
4241 2 2 1 1 807 808 809
4242 2 2 1 1 648 669 2368
4243 2 2 1 1 465 1829 2531
4244 2 2 1 1 656 659 2393
4245 2 2 1 1 1817 2296 2632
4246 2 2 1 1 159 997 2119
4247 2 2 1 1 1176 1392 2268
4248 2 2 1 1 704 709 2447
4249 2 2 1 1 1999 1320 2520
4250 2 2 1 1 1451 1443 2518
4251 2 2 1 1 1635 1806 2536
4252 2 2 1 1 2409 771 2460
4253 2 2 1 1 804 805 807
4254 2 2 1 1 956 904 2247
4255 2 2 1 1 2066 1532 2467
4256 2 2 1 1 2369 1462 2627
4257 2 2 1 1 1029 864 2367
4258 2 2 1 1 68 2084 2523
4259 2 2 1 1 47 2085 2522
4260 2 2 1 1 1929 1525 2555
4261 2 2 1 1 1875 466 2475
4262 2 2 1 1 1735 1733 2450
4263 2 2 1 1 1568 1842 2676
4264 2 2 1 1 1018 1109 2495
4265 2 2 1 1 2149 404 2546
4266 2 2 1 1 204 420 2122
4267 2 2 1 1 514 2293 2439
4268 2 2 1 1 913 2098 2454
4269 2 2 1 1 880 872 2361
4270 2 2 1 1 420 205 2124
4271 2 2 1 1 1514 1983 2505
4272 2 2 1 1 1226 2179 2675
4273 2 2 1 1 1334 1331 2372
4274 2 2 1 1 2237 1505 2473
4275 2 2 1 1 2185 2175 2296
4276 2 2 1 1 710 706 2246
4277 2 2 1 1 216 1326 2093
4278 2 2 1 1 150 1121 2107
4279 2 2 1 1 1545 1551 2452
4280 2 2 1 1 2421 2302 2646
4281 2 2 1 1 1448 1982 2458
4282 2 2 1 1 27 28 2496
4283 2 2 1 1 771 1968 2460
4284 2 2 1 1 1326 217 2206
4285 2 2 1 1 684 714 2300
4286 2 2 1 1 1872 1873 2462
4287 2 2 1 1 1335 1079 2416
4288 2 2 1 1 2452 1027 2667
4289 2 2 1 1 2245 994 2586
4290 2 2 1 1 476 2094 2472
4291 2 2 1 1 1484 1485 2390
4292 2 2 1 1 1296 1295 1297
4293 2 2 1 1 1486 1455 2489
4294 2 2 1 1 986 936 2258
4295 2 2 1 1 129 130 418
4296 2 2 1 1 232 233 423
4297 2 2 1 1 1427 2460 2524
4298 2 2 1 1 2361 968 2627
4299 2 2 1 1 693 695 2255
4300 2 2 1 1 1179 222 2097
4301 2 2 1 1 516 514 2439
4302 2 2 1 1 444 2370 2398
4303 2 2 1 1 154 2101 2167
4304 2 2 1 1 405 2026 2345
4305 2 2 1 1 911 912 2232
4306 2 2 1 1 1173 2211 2484
4307 2 2 1 1 1984 1886 2510
4308 2 2 1 1 1246 1511 2501
4309 2 2 1 1 1584 1170 1585
4310 2 2 1 1 212 213 2485
4311 2 2 1 1 697 698 2290
4312 2 2 1 1 475 122 2525
4313 2 2 1 1 2215 1172 2661
4314 2 2 1 1 476 101 2526
4315 2 2 1 1 1451 2552 2556
4316 2 2 1 1 893 1180 2408
4317 2 2 1 1 1520 1517 2384
4318 2 2 1 1 2115 899 2244
4319 2 2 1 1 157 415 2120
4320 2 2 1 1 1206 1492 2260
4321 2 2 1 1 2321 1565 2349
4322 2 2 1 1 415 158 2119
4323 2 2 1 1 2474 1421 2577
4324 2 2 1 1 2425 1658 2651
4325 2 2 1 1 533 539 2559
4326 2 2 1 1 2211 1513 2484
4327 2 2 1 1 1551 2346 2452
4328 2 2 1 1 984 562 2478
4329 2 2 1 1 2100 1039 2412
4330 2 2 1 1 698 708 2290
4331 2 2 1 1 1044 1170 1584
4332 2 2 1 1 1182 1092 2155
4333 2 2 1 1 2016 1058 2488
4334 2 2 1 1 1616 1618 2543
4335 2 2 1 1 1089 1040 2344
4336 2 2 1 1 1121 151 2105
4337 2 2 1 1 689 2190 2350
4338 2 2 1 1 993 1984 2510
4339 2 2 1 1 681 202 2123
4340 2 2 1 1 1392 2288 2438
4341 2 2 1 1 220 2096 2208
4342 2 2 1 1 2168 424 2273
4343 2 2 1 1 1218 2069 2455
4344 2 2 1 1 2190 862 2294
4345 2 2 1 1 1644 1451 2556
4346 2 2 1 1 2507 1716 2629
4347 2 2 1 1 1358 1176 2268
4348 2 2 1 1 862 2255 2389
4349 2 2 1 1 1028 1029 2288
4350 2 2 1 1 1646 681 2387
4351 2 2 1 1 707 2235 2246
4352 2 2 1 1 1060 1001 2254
4353 2 2 1 1 1104 212 2485
4354 2 2 1 1 1418 1945 2529
4355 2 2 1 1 2533 2202 2648
4356 2 2 1 1 2154 1206 2260
4357 2 2 1 1 815 744 2256
4358 2 2 1 1 1661 1533 2534
4359 2 2 1 1 478 46 2522
4360 2 2 1 1 477 67 2523
4361 2 2 1 1 2096 1179 2297
4362 2 2 1 1 446 2126 2674
4363 2 2 1 1 1660 2265 2599
4364 2 2 1 1 2209 1353 2261
4365 2 2 1 1 2234 1727 2628
4366 2 2 1 1 1495 1552 2445
4367 2 2 1 1 879 875 2279
4368 2 2 1 1 259 260 453
4369 2 2 1 1 274 275 456
4370 2 2 1 1 269 270 455
4371 2 2 1 1 264 265 454
4372 2 2 1 1 249 250 450
4373 2 2 1 1 254 255 451
4374 2 2 1 1 244 245 452
4375 2 2 1 1 2336 903 2337
4376 2 2 1 1 2305 2306 2308
4377 2 2 1 1 2140 2141 2540
4378 2 2 1 1 2223 436 2555
4379 2 2 1 1 2462 2006 2530
4380 2 2 1 1 1157 2376 2567
4381 2 2 1 1 1691 2325 2353
4382 2 2 1 1 2236 1186 2465
4383 2 2 1 1 268 269 2312
4384 2 2 1 1 633 712 2479
4385 2 2 1 1 258 259 2304
4386 2 2 1 1 1343 1345 2398
4387 2 2 1 1 260 261 2310
4388 2 2 1 1 265 266 2315
4389 2 2 1 1 263 264 2313
4390 2 2 1 1 255 256 2328
4391 2 2 1 1 253 254 2326
4392 2 2 1 1 2582 1916 2623
4393 2 2 1 1 1114 1113 1191
4394 2 2 1 1 424 2169 2466
4395 2 2 1 1 876 2050 2291
4396 2 2 1 1 267 268 2341
4397 2 2 1 1 257 258 2342
4398 2 2 1 1 262 263 2340
4399 2 2 1 1 1326 2206 2207
4400 2 2 1 1 2348 1574 2581
4401 2 2 1 1 1164 2018 2333
4402 2 2 1 1 261 262 1620
4403 2 2 1 1 266 267 1754
4404 2 2 1 1 250 251 2322
4405 2 2 1 1 251 252 2343
4406 2 2 1 1 256 257 1594
4407 2 2 1 1 252 253 1596
4408 2 2 1 1 1524 2432 2673
4409 2 2 1 1 273 274 2516
4410 2 2 1 1 270 271 2517
4411 2 2 1 1 1001 1002 2254
4412 2 2 1 1 2318 2319 2320
4413 2 2 1 1 1378 1576 2637
4414 2 2 1 1 248 249 2329
4415 2 2 1 1 1528 1527 2472
4416 2 2 1 1 245 246 2332
4417 2 2 1 1 2276 487 2591
4418 2 2 1 1 1529 1342 2263
4419 2 2 1 1 2520 1874 2676
4420 2 2 1 1 1245 141 2129
4421 2 2 1 1 1507 1508 2497
4422 2 2 1 1 1147 1295 1296
4423 2 2 1 1 1472 1755 2606
4424 2 2 1 1 1096 1094 2362
4425 2 2 1 1 272 273 2349
4426 2 2 1 1 271 272 1565
4427 2 2 1 1 246 247 2353
4428 2 2 1 1 2125 1448 2679
4429 2 2 1 1 2273 424 2466
4430 2 2 1 1 1593 2305 2308
4431 2 2 1 1 1899 1900 2573
4432 2 2 1 1 209 424 2168
4433 2 2 1 1 1509 2078 2671
4434 2 2 1 1 1108 1028 2288
4435 2 2 1 1 2128 1459 2652
4436 2 2 1 1 1018 2495 2669
4437 2 2 1 1 804 1186 2235
4438 2 2 1 1 149 2107 2113
4439 2 2 1 1 1262 1973 2572
4440 2 2 1 1 1353 1351 2261
4441 2 2 1 1 424 210 2169
4442 2 2 1 1 247 248 1691
4443 2 2 1 1 1058 930 2552
4444 2 2 1 1 2345 1550 2641
4445 2 2 1 1 243 244 2330
4446 2 2 1 1 1342 1956 2263
4447 2 2 1 1 1459 2188 2468
4448 2 2 1 1 2303 636 2602
4449 2 2 1 1 2294 862 2389
4450 2 2 1 1 808 982 2275
4451 2 2 1 1 97 98 2658
4452 2 2 1 1 2524 965 2566
4453 2 2 1 1 1168 146 2201
4454 2 2 1 1 896 903 2336
4455 2 2 1 1 1600 1191 1601
4456 2 2 1 1 2018 2019 2333
4457 2 2 1 1 2245 1360 2419
4458 2 2 1 1 1527 1429 2492
4459 2 2 1 1 145 1168 2204
4460 2 2 1 1 1195 6 2607
4461 2 2 1 1 1538 1475 1539
4462 2 2 1 1 1523 2220 2551
4463 2 2 1 1 1192 1191 1600
4464 2 2 1 1 275 276 2311
4465 2 2 1 1 2416 1079 2467
4466 2 2 1 1 1852 2300 2568
4467 2 2 1 1 1678 2513 2650
4468 2 2 1 1 2074 1357 2413
4469 2 2 1 1 875 1471 2279
4470 2 2 1 1 2131 2508 2574
4471 2 2 1 1 419 153 2167
4472 2 2 1 1 1944 2272 2409
4473 2 2 1 1 1044 1045 1170
4474 2 2 1 1 1431 1432 2471
4475 2 2 1 1 2243 1853 2568
4476 2 2 1 1 2363 1422 2474
4477 2 2 1 1 2107 1121 2108
4478 2 2 1 1 152 419 2105
4479 2 2 1 1 2062 2295 2363
4480 2 2 1 1 2244 956 2504
4481 2 2 1 1 986 2258 2383
4482 2 2 1 1 910 988 2640
4483 2 2 1 1 483 2209 2608
4484 2 2 1 1 2032 1560 2437
4485 2 2 1 1 1002 923 2232
4486 2 2 1 1 225 1368 2127
4487 2 2 1 1 2008 2007 2434
4488 2 2 1 1 1106 896 2336
4489 2 2 1 1 2335 1658 2425
4490 2 2 1 1 2319 1565 2321
4491 2 2 1 1 1351 1428 2261
4492 2 2 1 1 140 1245 2130
4493 2 2 1 1 2045 2063 2444
4494 2 2 1 1 1945 1465 2564
4495 2 2 1 1 242 243 1692
4496 2 2 1 1 1333 1343 2370
4497 2 2 1 1 2129 142 2205
4498 2 2 1 1 1802 1433 2442
4499 2 2 1 1 2105 419 2106
4500 2 2 1 1 2460 1968 2524
4501 2 2 1 1 1464 1782 2632
4502 2 2 1 1 1657 1230 2675
4503 2 2 1 1 1120 1118 2371
4504 2 2 1 1 1540 1539 1541
4505 2 2 1 1 2419 1307 2548
4506 2 2 1 1 2082 2240 2604
4507 2 2 1 1 763 804 2235
4508 2 2 1 1 2033 1510 2586
4509 2 2 1 1 906 2189 2470
4510 2 2 1 1 1968 965 2524
4511 2 2 1 1 2007 941 2434
4512 2 2 1 1 996 1157 2613
4513 2 2 1 1 2248 1561 2504
4514 2 2 1 1 2259 1758 2346
4515 2 2 1 1 819 1859 2580
4516 2 2 1 1 213 2203 2485
4517 2 2 1 1 1469 1333 2370
4518 2 2 1 1 237 806 2228
4519 2 2 1 1 924 125 2230
4520 2 2 1 1 1421 1591 2577
4521 2 2 1 1 2026 2219 2345
4522 2 2 1 1 864 767 2367
4523 2 2 1 1 2207 1605 2477
4524 2 2 1 1 683 680 2366
4525 2 2 1 1 1404 2236 2257
4526 2 2 1 1 1008 697 2290
4527 2 2 1 1 1040 1078 2344
4528 2 2 1 1 427 2045 2444
4529 2 2 1 1 784 2043 2558
4530 2 2 1 1 1584 1589 2624
4531 2 2 1 1 1133 1488 2583
4532 2 2 1 1 1183 1184 2620
4533 2 2 1 1 1732 2017 2615
4534 2 2 1 1 2148 944 2487
4535 2 2 1 1 927 926 2639
4536 2 2 1 1 124 924 2140
4537 2 2 1 1 1054 888 2414
4538 2 2 1 1 276 277 1659
4539 2 2 1 1 214 421 2203
4540 2 2 1 1 2370 1343 2398
4541 2 2 1 1 1340 1509 2671
4542 2 2 1 1 2449 2448 2659
4543 2 2 1 1 824 822 2598
4544 2 2 1 1 1578 1018 2669
4545 2 2 1 1 1368 226 2250
4546 2 2 1 1 2084 477 2523
4547 2 2 1 1 2085 478 2522
4548 2 2 1 1 1399 1454 2464
4549 2 2 1 1 1382 1385 1394
4550 2 2 1 1 1792 2369 2627
4551 2 2 1 1 1488 2334 2583
4552 2 2 1 1 1541 1539 2659
4553 2 2 1 1 1079 2065 2467
4554 2 2 1 1 892 2252 2364
4555 2 2 1 1 809 808 2275
4556 2 2 1 1 229 1347 2251
4557 2 2 1 1 421 215 2093
4558 2 2 1 1 2370 444 2395
4559 2 2 1 1 1370 2270 2580
4560 2 2 1 1 1691 2324 2325
4561 2 2 1 1 1414 1802 2454
4562 2 2 1 1 2042 2127 2612
4563 2 2 1 1 913 794 2469
4564 2 2 1 1 1462 880 2361
4565 2 2 1 1 2014 1808 2453
4566 2 2 1 1 132 1201 2171
4567 2 2 1 1 1291 137 2161
4568 2 2 1 1 1462 2361 2627
4569 2 2 1 1 1992 1719 2538
4570 2 2 1 1 1347 230 2136
4571 2 2 1 1 1408 1407 1409
4572 2 2 1 1 218 431 2206
4573 2 2 1 1 1253 1643 2561
4574 2 2 1 1 1560 2022 2547
4575 2 2 1 1 1587 2344 2549
4576 2 2 1 1 1144 2243 2568
4577 2 2 1 1 1321 1246 2631
4578 2 2 1 1 2274 1489 2662
4579 2 2 1 1 431 219 2208
4580 2 2 1 1 965 1988 2566
4581 2 2 1 1 1598 1597 2404
4582 2 2 1 1 1398 2082 2604
4583 2 2 1 1 806 238 2139
4584 2 2 1 1 718 687 2350
4585 2 2 1 1 223 422 2097
4586 2 2 1 1 416 148 2113
4587 2 2 1 1 549 547 2633
4588 2 2 1 1 2367 1198 2391
4589 2 2 1 1 1974 1469 2441
4590 2 2 1 1 2133 793 2621
4591 2 2 1 1 147 416 2201
4592 2 2 1 1 1469 2395 2441
4593 2 2 1 1 1024 909 2364
4594 2 2 1 1 1055 1414 2372
4595 2 2 1 1 407 2013 2463
4596 2 2 1 1 2295 1422 2363
4597 2 2 1 1 1094 1182 2362
4598 2 2 1 1 1074 1989 2587
4599 2 2 1 1 2108 1457 2636
4600 2 2 1 1 1198 718 2350
4601 2 2 1 1 430 144 2204
4602 2 2 1 1 2201 416 2202
4603 2 2 1 1 1489 1532 2662
4604 2 2 1 1 1368 2250 2388
4605 2 2 1 1 716 631 2614
4606 2 2 1 1 1034 884 2593
4607 2 2 1 1 1318 1338 2654
4608 2 2 1 1 702 704 2447
4609 2 2 1 1 445 2209 2261
4610 2 2 1 1 658 2393 2394
4611 2 2 1 1 2187 1682 2420
4612 2 2 1 1 624 635 2681
4613 2 2 1 1 2337 903 2514
4614 2 2 1 1 680 1482 2366
4615 2 2 1 1 2080 475 2525
4616 2 2 1 1 2529 1945 2564
4617 2 2 1 1 143 430 2205
4618 2 2 1 1 136 1291 2162
4619 2 2 1 1 2043 1730 2558
4620 2 2 1 1 1508 2143 2497
4621 2 2 1 1 1536 1993 2527
4622 2 2 1 1 1032 1999 2520
4623 2 2 1 1 2312 455 2318
4624 2 2 1 1 1542 1545 2667
4625 2 2 1 1 2441 481 2554
4626 2 2 1 1 2094 476 2526
4627 2 2 1 1 2063 1149 2541
4628 2 2 1 1 422 224 2127
4629 2 2 1 1 417 139 2130
4630 2 2 1 1 584 2473 2665
4631 2 2 1 1 1645 2533 2648
4632 2 2 1 1 241 242 2415
4633 2 2 1 1 1201 133 2249
4634 2 2 1 1 2029 1419 2589
4635 2 2 1 1 1469 2370 2395
4636 2 2 1 1 1331 1055 2372
4637 2 2 1 1 1915 2582 2623
4638 2 2 1 1 1545 2452 2667
4639 2 2 1 1 1390 1096 2362
4640 2 2 1 1 2538 1719 2644
4641 2 2 1 1 2279 1471 2660
4642 2 2 1 1 767 1198 2367
4643 2 2 1 1 138 417 2161
4644 2 2 1 1 708 700 2657
4645 2 2 1 1 442 1990 2673
4646 2 2 1 1 2485 1833 2645
4647 2 2 1 1 13 2080 2525
4648 2 2 1 1 687 689 2350
4649 2 2 1 1 487 1506 2591
4650 2 2 1 1 1719 1717 2644
4651 2 2 1 1 2126 446 2528
4652 2 2 1 1 102 2094 2526
4653 2 2 1 1 2353 2325 2542
4654 2 2 1 1 1819 1433 2666
4655 2 2 1 1 2197 908 2456
4656 2 2 1 1 952 236 2228
4657 2 2 1 1 1525 2223 2555
4658 2 2 1 1 126 953 2230
4659 2 2 1 1 1291 2161 2292
4660 2 2 1 1 1529 2263 2435
4661 2 2 1 1 1118 1390 2371
4662 2 2 1 1 2068 1037 2530
4663 2 2 1 1 1113 1060 2254
4664 2 2 1 1 1716 2205 2490
4665 2 2 1 1 417 2130 2131
4666 2 2 1 1 1436 2126 2528
4667 2 2 1 1 681 2123 2387
4668 2 2 1 1 2189 2073 2470
4669 2 2 1 1 235 952 2224
4670 2 2 1 1 909 890 2364
4671 2 2 1 1 2284 1335 2416
4672 2 2 1 1 1309 1308 2596
4673 2 2 1 1 2179 1657 2675
4674 2 2 1 1 2063 1606 2444
4675 2 2 1 1 1045 1147 2375
4676 2 2 1 1 2240 986 2604
4677 2 2 1 1 1408 1658 2335
4678 2 2 1 1 890 892 2364
4679 2 2 1 1 1044 1584 2275
4680 2 2 1 1 1347 2136 2411
4681 2 2 1 1 1483 878 2643
4682 2 2 1 1 1411 2499 2500
4683 2 2 1 1 974 2047 2576
4684 2 2 1 1 2043 775 2628
4685 2 2 1 1 1530 1529 2480
4686 2 2 1 1 1428 1980 2482
4687 2 2 1 1 1481 123 2140
4688 2 2 1 1 1296 1297 1461
4689 2 2 1 1 277 278 2635
4690 2 2 1 1 1172 1120 2371
4691 2 2 1 1 658 2394 2427
4692 2 2 1 1 2146 1014 2384
4693 2 2 1 1 1666 2351 2649
4694 2 2 1 1 1502 2134 2515
4695 2 2 1 1 2055 428 2505
4696 2 2 1 1 2468 1110 2652
4697 2 2 1 1 131 2171 2285
4698 2 2 1 1 1589 1585 2486
4699 2 2 1 1 1575 1523 2551
4700 2 2 1 1 1756 2538 2644
4701 2 2 1 1 1165 2571 2579
4702 2 2 1 1 2171 1201 2172
4703 2 2 1 1 1757 2378 2509
4704 2 2 1 1 2372 1414 2454
4705 2 2 1 1 2054 1312 2491
4706 2 2 1 1 2498 482 2499
4707 2 2 1 1 2228 806 2426
4708 2 2 1 1 2535 1623 2617
4709 2 2 1 1 2129 1716 2506
4710 2 2 1 1 1410 1409 1412
4711 2 2 1 1 2165 661 2650
4712 2 2 1 1 953 127 2229
4713 2 2 1 1 240 241 1298
4714 2 2 1 1 956 2248 2504
4715 2 2 1 1 456 2311 2359
4716 2 2 1 1 421 2093 2401
4717 2 2 1 1 1539 2214 2659
4718 2 2 1 1 234 2224 2225
4719 2 2 1 1 1456 2108 2493
4720 2 2 1 1 2346 1758 2452
4721 2 2 1 1 982 1044 2275
4722 2 2 1 1 1091 987 2537
4723 2 2 1 1 2389 1340 2611
4724 2 2 1 1 886 1034 2414
4725 2 2 1 1 1806 2262 2536
4726 2 2 1 1 2325 1690 2542
4727 2 2 1 1 227 433 2250
4728 2 2 1 1 1170 1045 2375
4729 2 2 1 1 433 228 2251
4730 2 2 1 1 1407 1194 1411
4731 2 2 1 1 1307 2142 2548
4732 2 2 1 1 1172 2371 2661
4733 2 2 1 1 2212 1636 2573
4734 2 2 1 1 2317 2312 2318
4735 2 2 1 1 2137 1348 2601
4736 2 2 1 1 2140 924 2141
4737 2 2 1 1 2180 1365 2481
4738 2 2 1 1 1682 2010 2653
4739 2 2 1 1 2318 455 2319
4740 2 2 1 1 1139 2071 2618
4741 2 2 1 1 1385 1689 2664
4742 2 2 1 1 2136 231 2287
4743 2 2 1 1 432 135 2162
4744 2 2 1 1 2090 1483 2643
4745 2 2 1 1 2344 1078 2549
4746 2 2 1 1 2090 910 2640
4747 2 2 1 1 134 432 2249
4748 2 2 1 1 1529 2435 2480
4749 2 2 1 1 1462 2369 2593
4750 2 2 1 1 1690 2325 2503
4751 2 2 1 1 2204 1168 2461
4752 2 2 1 1 2257 2236 2465
4753 2 2 1 1 2247 906 2470
4754 2 2 1 1 2334 1546 2583
4755 2 2 1 1 1561 2248 2584
4756 2 2 1 1 1413 940 2663
4757 2 2 1 1 1473 1412 2423
4758 2 2 1 1 1477 5 1478
4759 2 2 1 1 2174 1220 2594
4760 2 2 1 1 1412 1409 2178
4761 2 2 1 1 1464 2296 2427
4762 2 2 1 1 2195 2194 2521
4763 2 2 1 1 888 886 2414
4764 2 2 1 1 405 2345 2641
4765 2 2 1 1 1384 2449 2659
4766 2 2 1 1 6 1481 2607
4767 2 2 1 1 239 1477 2139
4768 2 2 1 1 1474 1753 2320
4769 2 2 1 1 584 2237 2473
4770 2 2 1 1 882 1462 2593
4771 2 2 1 1 473 2178 2500
4772 2 2 1 1 1078 1081 2549
4773 2 2 1 1 1166 1172 2565
4774 2 2 1 1 2491 1518 2546
4775 2 2 1 1 1853 1852 2568
4776 2 2 1 1 1186 807 2465
4777 2 2 1 1 423 2225 2226
4778 2 2 1 1 2121 1661 2534
4779 2 2 1 1 1192 1600 2647
4780 2 2 1 1 2229 128 2286
4781 2 2 1 1 2319 455 2517
4782 2 2 1 1 2302 1432 2646
4783 2 2 1 1 1623 2226 2617
4784 2 2 1 1 1164 2333 2569
4785 2 2 1 1 1600 1601 2498
4786 2 2 1 1 903 2115 2514
4787 2 2 1 1 1149 2044 2541
4788 2 2 1 1 2219 1551 2345
4789 2 2 1 1 2482 479 2483
4790 2 2 1 1 278 6 1195
4791 2 2 1 1 1630 2337 2514
4792 2 2 1 1 1475 1473 2214
4793 2 2 1 1 1565 2319 2517
4794 2 2 1 1 987 1024 2537
4795 2 2 1 1 2254 1002 2459
4796 2 2 1 1 2376 1708 2567
4797 2 2 1 1 404 2054 2546
4798 2 2 1 1 2233 1231 2668
4799 2 2 1 1 2331 452 2542
4800 2 2 1 1 418 2285 2379
4801 2 2 1 1 2194 1435 2521
4802 2 2 1 1 1382 1394 1660
4803 2 2 1 1 1244 2507 2629
4804 2 2 1 1 1151 2198 2642
4805 2 2 1 1 2151 2229 2286
4806 2 2 1 1 1687 1547 2630
4807 2 2 1 1 1004 2195 2521
4808 2 2 1 1 2393 1746 2394
4809 2 2 1 1 809 2257 2465
4810 2 2 1 1 2214 1473 2423
4811 2 2 1 1 2265 474 2553
4812 2 2 1 1 2296 1464 2632
4813 2 2 1 1 1478 5 1993
4814 2 2 1 1 1759 1657 2570
4815 2 2 1 1 2301 1502 2515
4816 2 2 1 1 2168 2273 2678
4817 2 2 1 1 1169 1166 2565
4818 2 2 1 1 1840 1322 2622
4819 2 2 1 1 2306 453 2310
4820 2 2 1 1 2013 1164 2569
4821 2 2 1 1 2312 2317 2341
4822 2 2 1 1 702 2447 2657
4823 2 2 1 1 2219 974 2576
4824 2 2 1 1 2304 2309 2342
4825 2 2 1 1 2407 1761 2515
4826 2 2 1 1 1460 2056 2619
4827 2 2 1 1 2429 1139 2618
4828 2 2 1 1 1620 2306 2310
4829 2 2 1 1 2317 1754 2341
4830 2 2 1 1 1326 2207 2477
4831 2 2 1 1 1600 2499 2647
4832 2 2 1 1 2309 1594 2342
4833 2 2 1 1 1014 2146 2575
4834 2 2 1 1 2358 456 2359
4835 2 2 1 1 1181 2121 2534
4836 2 2 1 1 1509 2154 2588
4837 2 2 1 1 1199 2476 2532
4838 2 2 1 1 1449 2379 2605
4839 2 2 1 1 2126 1440 2674
4840 2 2 1 1 1448 2458 2679
4841 2 2 1 1 1585 1669 2595
4842 2 2 1 1 2369 1034 2593
4843 2 2 1 1 2146 1590 2575
4844 2 2 1 1 1690 1395 2664
4845 2 2 1 1 884 882 2593
4846 2 2 1 1 2463 2013 2569
4847 2 2 1 1 1413 2174 2594
4848 2 2 1 1 450 2324 2329
4849 2 2 1 1 2294 1653 2391
4850 2 2 1 1 812 2199 2649
4851 2 2 1 1 1659 2635 2651
4852 2 2 1 1 2321 2349 2358
4853 2 2 1 1 2257 809 2624
4854 2 2 1 1 2047 1434 2576
4855 2 2 1 1 1660 1394 2264
4856 2 2 1 1 2379 1449 2672
4857 2 2 1 1 2268 1392 2502
4858 2 2 1 1 2305 453 2306
4859 2 2 1 1 2141 2152 2679
4860 2 2 1 1 2025 405 2641
4861 2 2 1 1 700 702 2657
4862 2 2 1 1 2304 2305 2309
4863 2 2 1 1 954 2095 2600
4864 2 2 1 1 2324 1691 2329
4865 2 2 1 1 2316 1754 2317
4866 2 2 1 1 418 130 2285
4867 2 2 1 1 2155 1648 2560
4868 2 2 1 1 1147 1296 2375
4869 2 2 1 1 423 233 2225
4870 2 2 1 1 1539 1475 2214
4871 2 2 1 1 2561 1643 2613
4872 2 2 1 1 1599 1541 2448
4873 2 2 1 1 807 809 2465
4874 2 2 1 1 764 2180 2481
4875 2 2 1 1 2227 2411 2603
4876 2 2 1 1 775 2234 2628
4877 2 2 1 1 232 423 2287
4878 2 2 1 1 2093 1326 2477
4879 2 2 1 1 2435 795 2480
4880 2 2 1 1 2134 2407 2515
4881 2 2 1 1 450 2323 2324
4882 2 2 1 1 129 418 2286
4883 2 2 1 1 2188 1128 2468
4884 2 2 1 1 1534 2090 2640
4885 2 2 1 1 2054 2491 2546
4886 2 2 1 1 2203 1833 2485
4887 2 2 1 1 2378 582 2509
4888 2 2 1 1 2413 1357 2513
4889 2 2 1 1 1037 2462 2530
4890 2 2 1 1 1604 2381 2634
4891 2 2 1 1 878 889 2643
4892 2 2 1 1 2273 1677 2436
4893 2 2 1 1 1230 1227 2675
4894 2 2 1 1 2390 1485 2646
4895 2 2 1 1 2105 2106 2493
4896 2 2 1 1 2337 1630 2585
4897 2 2 1 1 2475 1418 2529
4898 2 2 1 1 1753 2318 2320
4899 2 2 1 1 2108 1121 2493
4900 2 2 1 1 1425 2348 2581
4901 2 2 1 1 1677 2273 2466
4902 2 2 1 1 1121 2105 2493
4903 2 2 1 1 1182 2155 2560
4904 2 2 1 1 1432 2390 2646
4905 2 2 1 1 473 2500 2554
4906 2 2 1 1 2167 1554 2590
4907 2 2 1 1 986 2383 2604
4908 2 2 1 1 2442 1530 2480
4909 2 2 1 1 2405 1309 2596
4910 2 2 1 1 1639 2419 2548
4911 2 2 1 1 2506 1716 2507
4912 2 2 1 1 2325 2324 2503
4913 2 2 1 1 2401 2093 2477
4914 2 2 1 1 1605 2401 2477
4915 2 2 1 1 2486 1585 2595
4916 2 2 1 1 456 2358 2516
4917 2 2 1 1 1245 2129 2506
4918 2 2 1 1 2611 1340 2671
4919 2 2 1 1 2106 419 2590
4920 2 2 1 1 2017 2539 2615
4921 2 2 1 1 2391 1653 2451
4922 2 2 1 1 2205 430 2490
4923 2 2 1 1 2358 2349 2516
4924 2 2 1 1 2107 2108 2636
4925 2 2 1 1 1875 2475 2529
4926 2 2 1 1 2518 1058 2552
4927 2 2 1 1 2368 669 2626
4928 2 2 1 1 269 455 2312
4929 2 2 1 1 259 453 2304
4930 2 2 1 1 453 260 2310
4931 2 2 1 1 454 265 2315
4932 2 2 1 1 2437 1560 2547
4933 2 2 1 1 264 454 2313
4934 2 2 1 1 451 255 2328
4935 2 2 1 1 254 451 2326
4936 2 2 1 1 2201 2202 2533
4937 2 2 1 1 2426 1712 2535
4938 2 2 1 1 2476 1835 2532
4939 2 2 1 1 1368 2388 2612
4940 2 2 1 1 268 2312 2341
4941 2 2 1 1 450 250 2322
4942 2 2 1 1 258 2304 2342
4943 2 2 1 1 274 456 2516
4944 2 2 1 1 455 270 2517
4945 2 2 1 1 263 2313 2340
4946 2 2 1 1 261 1620 2310
4947 2 2 1 1 266 1754 2315
4948 2 2 1 1 2499 1411 2647
4949 2 2 1 1 249 450 2329
4950 2 2 1 1 256 1594 2328
4951 2 2 1 1 1596 253 2326
4952 2 2 1 1 1754 267 2341
4953 2 2 1 1 452 245 2332
4954 2 2 1 1 1620 262 2340
4955 2 2 1 1 1442 2137 2601
4956 2 2 1 1 1594 257 2342
4957 2 2 1 1 1324 2165 2650
4958 2 2 1 1 2322 251 2343
4959 2 2 1 1 252 1596 2343
4960 2 2 1 1 2137 1442 2638
4961 2 2 1 1 2249 432 2563
4962 2 2 1 1 2447 2012 2657
4963 2 2 1 1 244 452 2330
4964 2 2 1 1 1751 2303 2602
4965 2 2 1 1 2349 273 2516
4966 2 2 1 1 271 1565 2517
4967 2 2 1 1 2380 1200 2670
4968 2 2 1 1 2202 416 2550
4969 2 2 1 1 2403 1444 2519
4970 2 2 1 1 1298 2415 2527
4971 2 2 1 1 2332 246 2353
4972 2 2 1 1 1168 2201 2533
4973 2 2 1 1 1691 248 2329
4974 2 2 1 1 1565 272 2349
4975 2 2 1 1 456 275 2311
4976 2 2 1 1 1231 2077 2668
4977 2 2 1 1 247 1691 2353
4978 2 2 1 1 1485 2421 2646
4979 2 2 1 1 1297 1382 2599
4980 2 2 1 1 2420 1682 2653
4981 2 2 1 1 2113 2107 2636
4982 2 2 1 1 2056 2616 2619
4983 2 2 1 1 1582 2437 2547
4984 2 2 1 1 416 2113 2550
4985 2 2 1 1 2131 2130 2544
4986 2 2 1 1 1692 243 2330
4987 2 2 1 1 2209 445 2608
4988 2 2 1 1 1383 2448 2449
4989 2 2 1 1 1246 2501 2631
4990 2 2 1 1 1451 2518 2552
4991 2 2 1 1 2432 442 2673
4992 2 2 1 1 2304 453 2305
4993 2 2 1 1 2130 1245 2544
4994 2 2 1 1 2315 1754 2316
4995 2 2 1 1 2326 451 2327
4996 2 2 1 1 419 2167 2590
4997 2 2 1 1 1384 2214 2423
4998 2 2 1 1 2461 1168 2533
4999 2 2 1 1 276 1659 2311
5000 2 2 1 1 450 2322 2323
5001 2 2 1 1 1487 2463 2569
5002 2 2 1 1 2077 2168 2678
5003 2 2 1 1 2127 1368 2612
5004 2 2 1 1 1194 1192 2647
5005 2 2 1 1 2292 2161 2574
5006 2 2 1 1 2501 1476 2631
5007 2 2 1 1 2264 1383 2562
5008 2 2 1 1 417 2131 2574
5009 2 2 1 1 1749 2602 2625
5010 2 2 1 1 2359 2311 2651
5011 2 2 1 1 2511 2025 2641
5012 2 2 1 1 2330 452 2331
5013 2 2 1 1 984 2478 2606
5014 2 2 1 1 1461 1297 2599
5015 2 2 1 1 2161 417 2574
5016 2 2 1 1 2226 2225 2617
5017 2 2 1 1 242 1692 2415
5018 2 2 1 1 2616 457 2619
5019 2 2 1 1 2414 1034 2666
5020 2 2 1 1 2411 2136 2603
5021 2 2 1 1 1382 1660 2599
5022 2 2 1 1 2379 2285 2605
5023 2 2 1 1 2311 1659 2651
5024 2 2 1 1 2668 2077 2678
5025 2 2 1 1 2171 2172 2605
5026 2 2 1 1 2381 1380 2634
5027 2 2 1 1 2225 2224 2617
5028 2 2 1 1 2670 1445 2672
5029 2 2 1 1 2539 408 2615
5030 2 2 1 1 1750 2420 2653
5031 2 2 1 1 1450 2456 2655
5032 2 2 1 1 1659 277 2635
5033 2 2 1 1 1459 2468 2652
5034 2 2 1 1 1411 1194 2647
5035 2 2 1 1 1296 1461 2609
5036 2 2 1 1 423 2226 2680
5037 2 2 1 1 2550 2113 2636
5038 2 2 1 1 1245 2506 2544
5039 2 2 1 1 2285 2171 2605
5040 2 2 1 1 2136 2287 2603
5041 2 2 1 1 1032 2520 2676
5042 2 2 1 1 2448 1541 2659
5043 2 2 1 1 1298 241 2415
5044 2 2 1 1 2602 636 2625
5045 2 2 1 1 2635 2425 2651
5046 2 2 1 1 2214 1384 2659
5047 2 2 1 1 2375 1296 2609
5048 2 2 1 1 1753 2317 2318
5049 2 2 1 1 1645 2461 2533
5050 2 2 1 1 1457 2550 2636
5051 2 2 1 1 2571 1167 2648
5052 2 2 1 1 1550 2511 2641
5053 2 2 1 1 1980 2486 2595
5054 2 2 1 1 278 1195 2635
5055 2 2 1 1 2227 2603 2680
5056 2 2 1 1 1449 2380 2670
5057 2 2 1 1 2609 1461 2610
5058 2 2 1 1 1716 2490 2629
5059 2 2 1 1 2287 423 2680
5060 2 2 1 1 2490 1715 2629
5061 2 2 1 1 1771 2668 2678
5062 2 2 1 1 1652 2611 2671
5063 2 2 1 1 2603 2287 2680
5064 2 2 1 1 1669 2609 2610
5065 2 2 1 1 1658 2359 2651
5066 2 2 1 1 2313 2307 2340
5067 2 2 1 1 1195 2425 2635
5068 2 2 1 1 1449 2670 2672
5069 2 2 1 1 113 474 2562
5070 2 2 1 1 1191 1113 2254
5071 2 2 1 1 1201 2249 2563
5072 2 2 1 1 1394 1395 1599
5073 2 2 1 1 1409 1407 1411
5074 2 2 1 1 2306 1620 2307
5075 2 2 2 2 2683 2867 3108
5076 2 2 2 2 2682 2849 3109
5077 2 2 2 2 2684 2818 3106
5078 2 2 2 2 2685 2819 3107
5079 2 2 2 2 3108 2867 3171
5080 2 2 2 2 3109 2849 3166
5081 2 2 2 2 3106 2818 3202
5082 2 2 2 2 3107 2819 3196
5083 2 2 2 2 2752 2847 3094
5084 2 2 2 2 2753 2866 3093
5085 2 2 2 2 2866 2753 3239
5086 2 2 2 2 2847 2752 3240
5087 2 2 2 2 2862 2866 3035
5088 2 2 2 2 2842 2847 3030
5089 2 2 2 2 3114 3009 3156
5090 2 2 2 2 3115 2992 3157
5091 2 2 2 2 3009 3010 3156
5092 2 2 2 2 2992 2993 3157
5093 2 2 2 2 2849 2844 3164
5094 2 2 2 2 2849 3164 3166
5095 2 2 2 2 2867 2864 3165
5096 2 2 2 2 2867 3165 3171
5097 2 2 2 2 2818 2814 3202
5098 2 2 2 2 2819 2812 3196
5099 2 2 2 2 3202 2814 3205
5100 2 2 2 2 3196 2812 3204
5101 2 2 2 2 3134 3034 3138
5102 2 2 2 2 3033 3034 3134
5103 2 2 2 2 3066 3117 3121
5104 2 2 2 2 3064 3116 3118
5105 2 2 2 2 3099 3066 3121
5106 2 2 2 2 3102 3064 3118
5107 2 2 2 2 3130 3029 3139
5108 2 2 2 2 3028 3029 3130
5109 2 2 2 2 2854 3197 3203
5110 2 2 2 2 2859 3195 3206
5111 2 2 2 2 2859 3088 3195
5112 2 2 2 2 2854 2853 3197
5113 2 2 2 2 3081 3213 3216
5114 2 2 2 2 3082 3081 3216
5115 2 2 2 2 3084 3214 3218
5116 2 2 2 2 3085 3084 3218
5117 2 2 2 2 3207 2881 3209
5118 2 2 2 2 2881 2882 3209
5119 2 2 2 2 2942 2941 3167
5120 2 2 2 2 2942 3167 3173
5121 2 2 2 2 2916 2917 3176
5122 2 2 2 2 2916 3176 3183
5123 2 2 2 2 3094 2847 3111
5124 2 2 2 2 3093 2866 3110
5125 2 2 2 2 2842 3030 3234
5126 2 2 2 2 2862 3035 3233
5127 2 2 2 2 2867 2683 3110
5128 2 2 2 2 2849 2682 3111
5129 2 2 2 2 2818 2684 3112
5130 2 2 2 2 2819 2685 3113
5131 2 2 2 2 3009 2815 3112
5132 2 2 2 2 2992 2813 3113
5133 2 2 2 2 2997 3107 3196
5134 2 2 2 2 2975 3109 3166
5135 2 2 2 2 2996 3106 3202
5136 2 2 2 2 2989 3108 3171
5137 2 2 2 2 2916 2732 3194
5138 2 2 2 2 2942 2733 3180
5139 2 2 2 2 2733 2942 3173
5140 2 2 2 2 2732 2916 3183
5141 2 2 2 2 2954 2712 3144
5142 2 2 2 2 2907 2731 3179
5143 2 2 2 2 2947 2713 3143
5144 2 2 2 2 2712 2954 3149
5145 2 2 2 2 2912 2730 3177
5146 2 2 2 2 2713 2947 3153
5147 2 2 2 2 2731 2907 3201
5148 2 2 2 2 2935 2711 3142
5149 2 2 2 2 2730 2912 3200
5150 2 2 2 2 2957 2710 3151
5151 2 2 2 2 2710 2957 3152
5152 2 2 2 2 2711 2935 3155
5153 2 2 2 2 2961 2706 3163
5154 2 2 2 2 2726 2834 3182
5155 2 2 2 2 2706 2961 3160
5156 2 2 2 2 2834 2726 3181
5157 2 2 2 2 2727 2839 3187
5158 2 2 2 2 2839 2727 3178
5159 2 2 2 2 2928 2707 3145
5160 2 2 2 2 2766 3071 3133
5161 2 2 2 2 2767 3075 3131
5162 2 2 2 2 3071 2766 3126
5163 2 2 2 2 3075 2767 3125
5164 2 2 2 2 2688 3051 3122
5165 2 2 2 2 2829 2805 3140
5166 2 2 2 2 3051 2688 3124
5167 2 2 2 2 2707 2928 3154
5168 2 2 2 2 2689 3059 3123
5169 2 2 2 2 2824 2804 3141
5170 2 2 2 2 3064 3045 3116
5171 2 2 2 2 3059 2689 3127
5172 2 2 2 2 3066 3053 3117
5173 2 2 2 2 3055 2687 3120
5174 2 2 2 2 2751 2985 3135
5175 2 2 2 2 2985 2751 3136
5176 2 2 2 2 3047 2686 3119
5177 2 2 2 2 2875 2728 3189
5178 2 2 2 2 2750 2980 3132
5179 2 2 2 2 2980 2750 3137
5180 2 2 2 2 2881 2729 3188
5181 2 2 2 2 3029 2752 3139
5182 2 2 2 2 3034 2753 3138
5183 2 2 2 2 2805 2829 3175
5184 2 2 2 2 2804 2824 3174
5185 2 2 2 2 2931 2703 3148
5186 2 2 2 2 2729 2881 3207
5187 2 2 2 2 2703 2931 3150
5188 2 2 2 2 2702 2965 3169
5189 2 2 2 2 2888 2822 3212
5190 2 2 2 2 2965 2702 3172
5191 2 2 2 2 2897 2827 3211
5192 2 2 2 2 2854 2720 3210
5193 2 2 2 2 2886 2718 3184
5194 2 2 2 2 2884 2719 3185
5195 2 2 2 2 2719 2884 3190
5196 2 2 2 2 2718 2886 3191
5197 2 2 2 2 2859 2721 3186
5198 2 2 2 2 2754 2894 3158
5199 2 2 2 2 2755 2903 3159
5200 2 2 2 2 2894 2754 3162
5201 2 2 2 2 2903 2755 3161
5202 2 2 2 2 2720 2854 3203
5203 2 2 2 2 2772 3001 3232
5204 2 2 2 2 2721 2859 3206
5205 2 2 2 2 2816 2788 3198
5206 2 2 2 2 2817 2789 3199
5207 2 2 2 2 3005 2773 3220
5208 2 2 2 2 3084 2810 3214
5209 2 2 2 2 2773 3005 3222
5210 2 2 2 2 3081 2811 3213
5211 2 2 2 2 2786 3014 3226
5212 2 2 2 2 3014 2786 3224
5213 2 2 2 2 3040 2796 3227
5214 2 2 2 2 2796 3040 3229
5215 2 2 2 2 2792 3017 3219
5216 2 2 2 2 3017 2792 3223
5217 2 2 2 2 3042 2809 3217
5218 2 2 2 2 3021 2787 3228
5219 2 2 2 2 2787 3021 3225
5220 2 2 2 2 3024 2793 3221
5221 2 2 2 2 3001 2772 3231
5222 2 2 2 2 2721 2869 3186
5223 2 2 2 2 2845 2988 3168
5224 2 2 2 2 2865 2973 3170
5225 2 2 2 2 2920 2808 3230
5226 2 2 2 2 2844 2988 3164
5227 2 2 2 2 2869 2721 3192
5228 2 2 2 2 2864 2973 3165
5229 2 2 2 2 2720 2848 3210
5230 2 2 2 2 2993 2893 3157
5231 2 2 2 2 2848 2720 3193
5232 2 2 2 2 3010 2902 3156
5233 2 2 2 2 2988 2844 3168
5234 2 2 2 2 2973 2864 3170
5235 2 2 2 2 2709 2848 3193
5236 2 2 2 2 2903 2768 3159
5237 2 2 2 2 2708 2869 3192
5238 2 2 2 2 2894 2769 3158
5239 2 2 2 2 3033 2751 3135
5240 2 2 2 2 2751 3033 3134
5241 2 2 2 2 3028 2750 3132
5242 2 2 2 2 3047 2688 3122
5243 2 2 2 2 2688 3047 3119
5244 2 2 2 2 2750 3028 3130
5245 2 2 2 2 2689 3055 3120
5246 2 2 2 2 3055 2689 3123
5247 2 2 2 2 2697 3059 3127
5248 2 2 2 2 3059 2697 3129
5249 2 2 2 2 2696 3051 3124
5250 2 2 2 2 2980 2766 3133
5251 2 2 2 2 2766 2980 3137
5252 2 2 2 2 2985 2767 3131
5253 2 2 2 2 3051 2696 3128
5254 2 2 2 2 2767 2985 3136
5255 2 2 2 2 2765 3075 3125
5256 2 2 2 2 2764 3071 3126
5257 2 2 2 2 2823 3099 3121
5258 2 2 2 2 2828 3102 3118
5259 2 2 2 2 2994 2817 3199
5260 2 2 2 2 2707 2931 3145
5261 2 2 2 2 2995 2816 3198
5262 2 2 2 2 2693 2824 3141
5263 2 2 2 2 2931 2707 3150
5264 2 2 2 2 2692 2829 3140
5265 2 2 2 2 2719 3088 3185
5266 2 2 2 2 2706 2965 3163
5267 2 2 2 2 2718 2853 3184
5268 2 2 2 2 2711 2928 3142
5269 2 2 2 2 3088 2719 3195
5270 2 2 2 2 2853 2718 3197
5271 2 2 2 2 2728 2886 3189
5272 2 2 2 2 2772 2920 3230
5273 2 2 2 2 2729 2884 3188
5274 2 2 2 2 2965 2706 3169
5275 2 2 2 2 2920 2772 3232
5276 2 2 2 2 2928 2711 3154
5277 2 2 2 2 2886 2728 3191
5278 2 2 2 2 3042 2773 3222
5279 2 2 2 2 2884 2729 3190
5280 2 2 2 2 3024 2787 3225
5281 2 2 2 2 2773 3042 3217
5282 2 2 2 2 2787 3024 3221
5283 2 2 2 2 3017 2786 3226
5284 2 2 2 2 2786 3017 3223
5285 2 2 2 2 3020 3085 3218
5286 2 2 2 2 2795 3021 3228
5287 2 2 2 2 3013 3082 3216
5288 2 2 2 2 2794 3014 3224
5289 2 2 2 2 2792 3040 3227
5290 2 2 2 2 3040 2792 3219
5291 2 2 2 2 2797 3005 3220
5292 2 2 2 2 2710 2961 3151
5293 2 2 2 2 2961 2710 3160
5294 2 2 2 2 2727 2882 3178
5295 2 2 2 2 3001 2796 3229
5296 2 2 2 2 2796 3001 3231
5297 2 2 2 2 2726 2876 3181
5298 2 2 2 2 2713 2935 3143
5299 2 2 2 2 2712 2957 3144
5300 2 2 2 2 2935 2713 3155
5301 2 2 2 2 2957 2712 3152
5302 2 2 2 2 2731 2839 3179
5303 2 2 2 2 2730 2834 3177
5304 2 2 2 2 2882 2727 3209
5305 2 2 2 2 2717 2947 3146
5306 2 2 2 2 2839 2731 3187
5307 2 2 2 2 2834 2730 3182
5308 2 2 2 2 2716 2954 3147
5309 2 2 2 2 2947 2717 3153
5310 2 2 2 2 2954 2716 3149
5311 2 2 2 2 2733 2907 3180
5312 2 2 2 2 2732 2912 3194
5313 2 2 2 2 2912 2732 3200
5314 2 2 2 2 2907 2733 3201
5315 2 2 2 2 2941 2801 3167
5316 2 2 2 2 2917 2800 3176
5317 2 2 2 2 2815 3009 3114
5318 2 2 2 2 2813 2992 3115
5319 2 2 2 2 130 131 2968
5320 2 2 2 2 2771 2851 2922
5321 2 2 2 2 131 2966 2968
5322 2 2 2 2 2755 130 2968
5323 2 2 2 2 2742 2999 3000
5324 2 2 2 2 2880 2837 2882
5325 2 2 2 2 2775 2963 2964
5326 2 2 2 2 2910 2914 2916
5327 2 2 2 2 131 132 2966
5328 2 2 2 2 2874 2832 2876
5329 2 2 2 2 2911 2833 2924
5330 2 2 2 2 2838 2904 2905
5331 2 2 2 2 2851 2854 2922
5332 2 2 2 2 2895 2771 2922
5333 2 2 2 2 2857 2868 2870
5334 2 2 2 2 2775 2962 2963
5335 2 2 2 2 295 294 2913
5336 2 2 2 2 2832 2874 2974
5337 2 2 2 2 330 329 2998
5338 2 2 2 2 294 2724 2913
5339 2 2 2 2 2910 2913 2914
5340 2 2 2 2 2742 2998 2999
5341 2 2 2 2 2880 2756 3067
5342 2 2 2 2 2883 2858 2923
5343 2 2 2 2 2837 2880 3067
5344 2 2 2 2 2874 2757 2974
5345 2 2 2 2 369 2770 2870
5346 2 2 2 2 2885 2852 2921
5347 2 2 2 2 133 134 2962
5348 2 2 2 2 2782 303 2871
5349 2 2 2 2 307 2771 2895
5350 2 2 2 2 2871 2872 2873
5351 2 2 2 2 2877 2878 2879
5352 2 2 2 2 2775 133 2962
5353 2 2 2 2 2783 365 2877
5354 2 2 2 2 329 2918 2998
5355 2 2 2 2 2782 2871 2873
5356 2 2 2 2 2799 360 2904
5357 2 2 2 2 370 369 2870
5358 2 2 2 2 2858 2855 2923
5359 2 2 2 2 183 2808 2950
5360 2 2 2 2 2838 2799 2904
5361 2 2 2 2 2783 2877 2879
5362 2 2 2 2 2914 2915 2917
5363 2 2 2 2 261 2809 2986
5364 2 2 2 2 299 298 2798
5365 2 2 2 2 361 360 2799
5366 2 2 2 2 2742 3000 3037
5367 2 2 2 2 3037 3000 3038
5368 2 2 2 2 2770 2857 2870
5369 2 2 2 2 132 2775 2966
5370 2 2 2 2 2778 2958 2959
5371 2 2 2 2 10 402 2722
5372 2 2 2 2 12 340 2723
5373 2 2 2 2 2852 2850 2921
5374 2 2 2 2 2742 330 2998
5375 2 2 2 2 2778 2959 2960
5376 2 2 2 2 368 367 2855
5377 2 2 2 2 308 307 2895
5378 2 2 2 2 306 305 2850
5379 2 2 2 2 11 309 2840
5380 2 2 2 2 9 371 2860
5381 2 2 2 2 214 2785 2932
5382 2 2 2 2 2906 2803 2943
5383 2 2 2 2 303 302 2871
5384 2 2 2 2 2899 2901 3025
5385 2 2 2 2 2927 2932 2933
5386 2 2 2 2 2778 135 2958
5387 2 2 2 2 2890 2892 3043
5388 2 2 2 2 326 325 2805
5389 2 2 2 2 388 387 2804
5390 2 2 2 2 181 182 2714
5391 2 2 2 2 259 260 2715
5392 2 2 2 2 2855 367 2923
5393 2 2 2 2 2802 2911 2924
5394 2 2 2 2 2946 2948 2949
5395 2 2 2 2 329 328 2918
5396 2 2 2 2 365 364 2877
5397 2 2 2 2 2913 2724 2914
5398 2 2 2 2 2964 2963 2965
5399 2 2 2 2 281 280 2704
5400 2 2 2 2 343 342 2705
5401 2 2 2 2 2756 363 3067
5402 2 2 2 2 2740 2896 2897
5403 2 2 2 2 9 2860 2861
5404 2 2 2 2 2850 305 2921
5405 2 2 2 2 2906 2943 3103
5406 2 2 2 2 11 2840 2841
5407 2 2 2 2 297 296 2802
5408 2 2 2 2 359 358 2803
5409 2 2 2 2 2833 2798 2924
5410 2 2 2 2 2934 2944 2945
5411 2 2 2 2 299 2798 2830
5412 2 2 2 2 361 2799 2835
5413 2 2 2 2 2932 2785 2933
5414 2 2 2 2 2770 368 2855
5415 2 2 2 2 218 2801 2948
5416 2 2 2 2 2771 306 2850
5417 2 2 2 2 297 2802 2924
5418 2 2 2 2 2983 3032 3033
5419 2 2 2 2 2754 208 2971
5420 2 2 2 2 213 214 2932
5421 2 2 2 2 2916 2914 2917
5422 2 2 2 2 2757 301 2974
5423 2 2 2 2 2798 298 2924
5424 2 2 2 2 2740 327 2896
5425 2 2 2 2 140 2800 2969
5426 2 2 2 2 2840 2776 2845
5427 2 2 2 2 134 2778 2962
5428 2 2 2 2 2803 358 2943
5429 2 2 2 2 2969 2800 2970
5430 2 2 2 2 2830 2798 2831
5431 2 2 2 2 2835 2799 2836
5432 2 2 2 2 2983 3031 3032
5433 2 2 2 2 2953 2969 2970
5434 2 2 2 2 2782 2885 2921
5435 2 2 2 2 217 218 2948
5436 2 2 2 2 302 301 2757
5437 2 2 2 2 307 306 2771
5438 2 2 2 2 364 363 2756
5439 2 2 2 2 369 368 2770
5440 2 2 2 2 2877 2756 2878
5441 2 2 2 2 2871 2757 2872
5442 2 2 2 2 2951 2952 2955
5443 2 2 2 2 2925 2926 2929
5444 2 2 2 2 2991 2769 2993
5445 2 2 2 2 2948 2801 2949
5446 2 2 2 2 2925 2779 2926
5447 2 2 2 2 302 2757 2871
5448 2 2 2 2 2738 3037 3038
5449 2 2 2 2 357 356 2938
5450 2 2 2 2 2784 2951 2955
5451 2 2 2 2 2860 2777 2865
5452 2 2 2 2 2934 2785 2944
5453 2 2 2 2 2783 2883 2923
5454 2 2 2 2 2908 295 2913
5455 2 2 2 2 3000 2999 3001
5456 2 2 2 2 2889 3006 3041
5457 2 2 2 2 364 2756 2877
5458 2 2 2 2 181 2714 2825
5459 2 2 2 2 259 2715 2820
5460 2 2 2 2 2960 2959 2961
5461 2 2 2 2 135 136 2958
5462 2 2 2 2 309 2776 2840
5463 2 2 2 2 388 2804 2887
5464 2 2 2 2 212 2779 2925
5465 2 2 2 2 3039 3016 3089
5466 2 2 2 2 356 2725 2938
5467 2 2 2 2 304 303 2782
5468 2 2 2 2 366 365 2783
5469 2 2 2 2 3011 2734 3015
5470 2 2 2 2 205 2769 2991
5471 2 2 2 2 2738 3038 3039
5472 2 2 2 2 3015 2734 3016
5473 2 2 2 2 3008 2768 3010
5474 2 2 2 2 2978 3027 3028
5475 2 2 2 2 2784 137 2951
5476 2 2 2 2 2820 2821 2823
5477 2 2 2 2 304 2782 2921
5478 2 2 2 2 2775 2964 2966
5479 2 2 2 2 2771 2850 2851
5480 2 2 2 2 2825 2826 2828
5481 2 2 2 2 3006 2889 3042
5482 2 2 2 2 389 388 2887
5483 2 2 2 2 9 2861 2862
5484 2 2 2 2 360 359 2904
5485 2 2 2 2 2770 2855 2856
5486 2 2 2 2 2782 2873 2885
5487 2 2 2 2 2983 2981 3031
5488 2 2 2 2 3006 3002 3041
5489 2 2 2 2 366 2783 2923
5490 2 2 2 2 209 2936 2971
5491 2 2 2 2 11 2841 2842
5492 2 2 2 2 2902 2704 3098
5493 2 2 2 2 2785 215 2944
5494 2 2 2 2 371 2777 2860
5495 2 2 2 2 209 210 2936
5496 2 2 2 2 359 2803 2904
5497 2 2 2 2 276 2781 2994
5498 2 2 2 2 198 2780 2995
5499 2 2 2 2 2933 2785 2934
5500 2 2 2 2 2978 3026 3027
5501 2 2 2 2 10 2722 2746
5502 2 2 2 2 12 2723 2747
5503 2 2 2 2 3018 2735 3022
5504 2 2 2 2 3022 2735 3023
5505 2 2 2 2 328 2740 2918
5506 2 2 2 2 2783 2879 2883
5507 2 2 2 2 2910 2908 2913
5508 2 2 2 2 2978 2976 3026
5509 2 2 2 2 2708 236 2972
5510 2 2 2 2 2909 2908 2910
5511 2 2 2 2 2944 2791 2945
5512 2 2 2 2 2956 2955 2957
5513 2 2 2 2 2741 389 2887
5514 2 2 2 2 2708 2972 2973
5515 2 2 2 2 2893 2705 3096
5516 2 2 2 2 2952 2953 2954
5517 2 2 2 2 2926 2779 2927
5518 2 2 2 2 2933 2934 2935
5519 2 2 2 2 2856 2855 2858
5520 2 2 2 2 139 140 2969
5521 2 2 2 2 127 2768 3008
5522 2 2 2 2 2890 2705 2891
5523 2 2 2 2 2774 2925 2929
5524 2 2 2 2 2825 2714 2826
5525 2 2 2 2 2820 2715 2821
5526 2 2 2 2 2851 2850 2852
5527 2 2 2 2 2926 2927 2928
5528 2 2 2 2 2951 2790 2952
5529 2 2 2 2 2930 2929 2931
5530 2 2 2 2 208 209 2971
5531 2 2 2 2 2872 2874 2875
5532 2 2 2 2 2938 2725 2939
5533 2 2 2 2 2914 2724 2915
5534 2 2 2 2 2784 2955 2956
5535 2 2 2 2 2872 2757 2874
5536 2 2 2 2 2781 277 2996
5537 2 2 2 2 2777 370 2870
5538 2 2 2 2 2878 2880 2881
5539 2 2 2 2 2945 2946 2947
5540 2 2 2 2 2780 199 2997
5541 2 2 2 2 2981 374 3031
5542 2 2 2 2 3016 2734 3089
5543 2 2 2 2 2779 213 2932
5544 2 2 2 2 2746 2814 2815
5545 2 2 2 2 2802 2908 2909
5546 2 2 2 2 2904 2803 2905
5547 2 2 2 2 2945 2791 2946
5548 2 2 2 2 2747 2812 2813
5549 2 2 2 2 182 183 2950
5550 2 2 2 2 2709 2987 2988
5551 2 2 2 2 398 397 3018
5552 2 2 2 2 260 261 2986
5553 2 2 2 2 2878 2756 2880
5554 2 2 2 2 3027 2690 3030
5555 2 2 2 2 2802 296 2908
5556 2 2 2 2 335 2734 3011
5557 2 2 2 2 2709 158 2987
5558 2 2 2 2 336 335 3011
5559 2 2 2 2 397 2735 3018
5560 2 2 2 2 2802 2909 2911
5561 2 2 2 2 2741 2887 2888
5562 2 2 2 2 2990 204 2991
5563 2 2 2 2 2748 160 2975
5564 2 2 2 2 2881 2880 2882
5565 2 2 2 2 343 2705 2890
5566 2 2 2 2 2911 2909 2912
5567 2 2 2 2 2774 2929 2930
5568 2 2 2 2 204 205 2991
5569 2 2 2 2 2774 211 2925
5570 2 2 2 2 2952 2790 2953
5571 2 2 2 2 2899 2704 2900
5572 2 2 2 2 3068 2979 3069
5573 2 2 2 2 2749 238 2989
5574 2 2 2 2 138 2790 2951
5575 2 2 2 2 216 2791 2944
5576 2 2 2 2 2845 2846 2848
5577 2 2 2 2 2738 3039 3089
5578 2 2 2 2 2857 2856 2859
5579 2 2 2 2 331 330 2742
5580 2 2 2 2 393 392 2743
5581 2 2 2 2 2905 2906 2907
5582 2 2 2 2 2875 2874 2876
5583 2 2 2 2 159 160 2748
5584 2 2 2 2 237 238 2749
5585 2 2 2 2 2705 342 3096
5586 2 2 2 2 3002 391 3041
5587 2 2 2 2 2791 217 2948
5588 2 2 2 2 237 2749 2972
5589 2 2 2 2 296 295 2908
5590 2 2 2 2 2939 2725 2940
5591 2 2 2 2 3080 3081 3082
5592 2 2 2 2 2990 2991 2992
5593 2 2 2 2 276 277 2781
5594 2 2 2 2 198 199 2780
5595 2 2 2 2 2936 2937 2971
5596 2 2 2 2 355 354 3036
5597 2 2 2 2 3007 3008 3009
5598 2 2 2 2 2851 2852 2853
5599 2 2 2 2 3083 3084 3085
5600 2 2 2 2 2865 2868 2869
5601 2 2 2 2 159 2748 2987
5602 2 2 2 2 160 161 2975
5603 2 2 2 2 199 200 2997
5604 2 2 2 2 277 278 2996
5605 2 2 2 2 2704 280 3098
5606 2 2 2 2 2862 2863 2866
5607 2 2 2 2 3033 3032 3034
5608 2 2 2 2 2976 312 3026
5609 2 2 2 2 211 212 2925
5610 2 2 2 2 3032 2691 3035
5611 2 2 2 2 298 297 2924
5612 2 2 2 2 2842 2841 2843
5613 2 2 2 2 3028 3027 3029
5614 2 2 2 2 132 133 2775
5615 2 2 2 2 210 211 2774
5616 2 2 2 2 2700 2979 3068
5617 2 2 2 2 2862 2861 2863
5618 2 2 2 2 3009 3008 3010
5619 2 2 2 2 251 252 3078
5620 2 2 2 2 2763 3057 3058
5621 2 2 2 2 124 125 2684
5622 2 2 2 2 136 137 2784
5623 2 2 2 2 202 203 2685
5624 2 2 2 2 214 215 2785
5625 2 2 2 2 275 276 2994
5626 2 2 2 2 134 135 2778
5627 2 2 2 2 197 198 2995
5628 2 2 2 2 212 213 2779
5629 2 2 2 2 3023 2735 3090
5630 2 2 2 2 374 373 3031
5631 2 2 2 2 2842 2843 2847
5632 2 2 2 2 138 139 2790
5633 2 2 2 2 216 217 2791
5634 2 2 2 2 281 2704 2899
5635 2 2 2 2 2830 2831 2832
5636 2 2 2 2 137 138 2951
5637 2 2 2 2 2966 2964 2967
5638 2 2 2 2 2764 3076 3077
5639 2 2 2 2 2992 2991 2993
5640 2 2 2 2 173 174 3076
5641 2 2 2 2 2938 2939 3103
5642 2 2 2 2 136 2784 2958
5643 2 2 2 2 2828 2826 2829
5644 2 2 2 2 203 204 2990
5645 2 2 2 2 2778 2960 2962
5646 2 2 2 2 375 374 2981
5647 2 2 2 2 2885 2873 2886
5648 2 2 2 2 2765 3078 3079
5649 2 2 2 2 2685 203 2990
5650 2 2 2 2 2905 2803 2906
5651 2 2 2 2 2698 3069 3070
5652 2 2 2 2 373 2691 3031
5653 2 2 2 2 337 336 2744
5654 2 2 2 2 399 398 2745
5655 2 2 2 2 2698 3068 3069
5656 2 2 2 2 2836 2799 2838
5657 2 2 2 2 2823 2821 2824
5658 2 2 2 2 2962 2960 2963
5659 2 2 2 2 2763 3056 3057
5660 2 2 2 2 2684 125 3007
5661 2 2 2 2 2883 2879 2884
5662 2 2 2 2 2776 308 2895
5663 2 2 2 2 282 2899 3025
5664 2 2 2 2 2939 2942 3103
5665 2 2 2 2 238 239 2989
5666 2 2 2 2 3060 3061 3062
5667 2 2 2 2 309 308 2776
5668 2 2 2 2 371 370 2777
5669 2 2 2 2 2835 2836 2837
5670 2 2 2 2 127 128 2768
5671 2 2 2 2 129 130 2755
5672 2 2 2 2 205 206 2769
5673 2 2 2 2 207 208 2754
5674 2 2 2 2 215 216 2944
5675 2 2 2 2 157 158 2709
5676 2 2 2 2 235 236 2708
5677 2 2 2 2 2851 2853 2854
5678 2 2 2 2 293 292 3101
5679 2 2 2 2 3026 2690 3027
5680 2 2 2 2 3012 3011 3015
5681 2 2 2 2 2724 293 3101
5682 2 2 2 2 2700 2977 2979
5683 2 2 2 2 3031 2691 3032
5684 2 2 2 2 2958 2956 2959
5685 2 2 2 2 393 2743 3091
5686 2 2 2 2 2859 2856 3088
5687 2 2 2 2 253 254 3056
5688 2 2 2 2 126 127 3008
5689 2 2 2 2 3007 126 3008
5690 2 2 2 2 2770 2856 2857
5691 2 2 2 2 2915 2724 3101
5692 2 2 2 2 3080 2788 3081
5693 2 2 2 2 2745 3018 3019
5694 2 2 2 2 2765 251 3078
5695 2 2 2 2 210 2774 2936
5696 2 2 2 2 2699 3073 3074
5697 2 2 2 2 392 391 3002
5698 2 2 2 2 311 2690 3026
5699 2 2 2 2 3072 2984 3073
5700 2 2 2 2 3083 2789 3084
5701 2 2 2 2 252 2763 3078
5702 2 2 2 2 354 2717 3036
5703 2 2 2 2 236 237 2972
5704 2 2 2 2 2699 3072 3073
5705 2 2 2 2 2764 173 3076
5706 2 2 2 2 3015 3016 3017
5707 2 2 2 2 313 312 2976
5708 2 2 2 2 2831 2798 2833
5709 2 2 2 2 2701 2982 2984
5710 2 2 2 2 174 2762 3076
5711 2 2 2 2 314 313 2700
5712 2 2 2 2 376 375 2701
5713 2 2 2 2 2701 2984 3072
5714 2 2 2 2 140 141 2800
5715 2 2 2 2 218 219 2801
5716 2 2 2 2 2763 253 3056
5717 2 2 2 2 312 311 3026
5718 2 2 2 2 2795 3083 3085
5719 2 2 2 2 2856 2858 3088
5720 2 2 2 2 2794 3080 3082
5721 2 2 2 2 400 399 3086
5722 2 2 2 2 2762 175 3048
5723 2 2 2 2 2744 3013 3092
5724 2 2 2 2 2813 2812 2819
5725 2 2 2 2 2815 2814 2818
5726 2 2 2 2 2744 3011 3012
5727 2 2 2 2 3022 3023 3024
5728 2 2 2 2 3019 3018 3022
5729 2 2 2 2 2797 3060 3062
5730 2 2 2 2 2762 3048 3049
5731 2 2 2 2 2940 2725 3036
5732 2 2 2 2 376 2701 3072
5733 2 2 2 2 2831 2833 2834
5734 2 2 2 2 2797 266 3060
5735 2 2 2 2 3070 3069 3071
5736 2 2 2 2 320 319 2688
5737 2 2 2 2 382 381 2689
5738 2 2 2 2 254 2761 3056
5739 2 2 2 2 377 376 3072
5740 2 2 2 2 2760 3044 3045
5741 2 2 2 2 2761 3052 3053
5742 2 2 2 2 158 159 2987
5743 2 2 2 2 2700 2976 2977
5744 2 2 2 2 283 282 3025
5745 2 2 2 2 2836 2838 2839
5746 2 2 2 2 2737 400 3086
5747 2 2 2 2 178 2758 3044
5748 2 2 2 2 2743 3004 3091
5749 2 2 2 2 2762 3049 3050
5750 2 2 2 2 3058 3057 3059
5751 2 2 2 2 2745 398 3018
5752 2 2 2 2 2890 2891 2892
5753 2 2 2 2 2936 2930 2937
5754 2 2 2 2 345 344 3043
5755 2 2 2 2 344 2890 3043
5756 2 2 2 2 331 2742 3037
5757 2 2 2 2 2790 139 2969
5758 2 2 2 2 3046 3045 3047
5759 2 2 2 2 399 2745 3086
5760 2 2 2 2 266 267 3060
5761 2 2 2 2 2763 3058 3078
5762 2 2 2 2 256 2759 3052
5763 2 2 2 2 3039 3038 3040
5764 2 2 2 2 3029 3027 3030
5765 2 2 2 2 3074 3073 3075
5766 2 2 2 2 2794 194 3080
5767 2 2 2 2 2795 272 3083
5768 2 2 2 2 3054 3053 3055
5769 2 2 2 2 2979 2977 2980
5770 2 2 2 2 175 176 3048
5771 2 2 2 2 267 2793 3060
5772 2 2 2 2 194 195 3080
5773 2 2 2 2 272 273 3083
5774 2 2 2 2 178 179 2758
5775 2 2 2 2 256 257 2759
5776 2 2 2 2 327 326 2896
5777 2 2 2 2 3013 3012 3014
5778 2 2 2 2 3060 2793 3061
5779 2 2 2 2 3050 3049 3051
5780 2 2 2 2 2891 2705 2893
5781 2 2 2 2 2760 3045 3046
5782 2 2 2 2 2761 3053 3054
5783 2 2 2 2 2760 177 3044
5784 2 2 2 2 2761 255 3052
5785 2 2 2 2 2984 2982 2985
5786 2 2 2 2 189 190 2792
5787 2 2 2 2 267 268 2793
5788 2 2 2 2 385 384 3065
5789 2 2 2 2 3034 3032 3035
5790 2 2 2 2 2701 2981 2982
5791 2 2 2 2 183 184 2808
5792 2 2 2 2 191 192 2786
5793 2 2 2 2 195 196 2788
5794 2 2 2 2 261 262 2809
5795 2 2 2 2 269 270 2787
5796 2 2 2 2 273 274 2789
5797 2 2 2 2 2699 377 3072
5798 2 2 2 2 337 2744 3092
5799 2 2 2 2 3078 3058 3079
5800 2 2 2 2 2743 392 3002
5801 2 2 2 2 2745 3019 3020
5802 2 2 2 2 3020 3019 3021
5803 2 2 2 2 3048 3046 3049
5804 2 2 2 2 2977 2976 2978
5805 2 2 2 2 2982 2981 2983
5806 2 2 2 2 176 177 2760
5807 2 2 2 2 254 255 2761
5808 2 2 2 2 363 362 3067
5809 2 2 2 2 2900 2704 2902
5810 2 2 2 2 195 2788 3080
5811 2 2 2 2 273 2789 3083
5812 2 2 2 2 2899 2900 2901
5813 2 2 2 2 314 2700 3068
5814 2 2 2 2 2843 2844 2849
5815 2 2 2 2 3003 3002 3006
5816 2 2 2 2 384 2687 3065
5817 2 2 2 2 2738 332 3037
5818 2 2 2 2 185 186 2772
5819 2 2 2 2 187 188 2796
5820 2 2 2 2 263 264 2773
5821 2 2 2 2 265 266 2797
5822 2 2 2 2 172 173 2764
5823 2 2 2 2 250 251 2765
5824 2 2 2 2 2743 3003 3004
5825 2 2 2 2 2927 2779 2932
5826 2 2 2 2 174 175 2762
5827 2 2 2 2 252 253 2763
5828 2 2 2 2 165 166 2752
5829 2 2 2 2 243 244 2753
5830 2 2 2 2 2740 2897 2898
5831 2 2 2 2 177 178 3044
5832 2 2 2 2 255 256 3052
5833 2 2 2 2 2698 3070 3087
5834 2 2 2 2 2743 3002 3003
5835 2 2 2 2 300 299 2830
5836 2 2 2 2 362 361 2835
5837 2 2 2 2 324 323 2692
5838 2 2 2 2 386 385 2693
5839 2 2 2 2 311 310 2690
5840 2 2 2 2 318 317 2696
5841 2 2 2 2 373 372 2691
5842 2 2 2 2 380 379 2697
5843 2 2 2 2 316 315 2698
5844 2 2 2 2 378 377 2699
5845 2 2 2 2 391 390 3041
5846 2 2 2 2 2863 2864 2867
5847 2 2 2 2 3004 3003 3005
5848 2 2 2 2 2744 336 3011
5849 2 2 2 2 125 126 3007
5850 2 2 2 2 332 331 3037
5851 2 2 2 2 170 171 2766
5852 2 2 2 2 248 249 2767
5853 2 2 2 2 193 194 2794
5854 2 2 2 2 271 272 2795
5855 2 2 2 2 2760 3046 3048
5856 2 2 2 2 168 169 2750
5857 2 2 2 2 246 247 2751
5858 2 2 2 2 2699 3074 3095
5859 2 2 2 2 176 2760 3048
5860 2 2 2 2 2745 3020 3086
5861 2 2 2 2 3056 3054 3057
5862 2 2 2 2 2761 3054 3056
5863 2 2 2 2 152 153 2718
5864 2 2 2 2 230 231 2719
5865 2 2 2 2 2698 315 3068
5866 2 2 2 2 396 395 3090
5867 2 2 2 2 2784 2956 2958
5868 2 2 2 2 2918 2919 2998
5869 2 2 2 2 3063 2686 3064
5870 2 2 2 2 147 148 2726
5871 2 2 2 2 225 226 2727
5872 2 2 2 2 328 327 2740
5873 2 2 2 2 333 332 2738
5874 2 2 2 2 335 334 2734
5875 2 2 2 2 339 338 2736
5876 2 2 2 2 390 389 2741
5877 2 2 2 2 395 394 2739
5878 2 2 2 2 397 396 2735
5879 2 2 2 2 401 400 2737
5880 2 2 2 2 2820 2823 3097
5881 2 2 2 2 3065 2687 3066
5882 2 2 2 2 378 2699 3095
5883 2 2 2 2 2774 2930 2936
5884 2 2 2 2 305 304 2921
5885 2 2 2 2 367 366 2923
5886 2 2 2 2 165 2752 3094
5887 2 2 2 2 243 2753 3093
5888 2 2 2 2 2744 3012 3013
5889 2 2 2 2 394 393 3091
5890 2 2 2 2 315 314 3068
5891 2 2 2 2 2693 385 3065
5892 2 2 2 2 322 321 2686
5893 2 2 2 2 384 383 2687
5894 2 2 2 2 242 243 3093
5895 2 2 2 2 2696 317 3087
5896 2 2 2 2 2762 3050 3076
5897 2 2 2 2 316 2698 3087
5898 2 2 2 2 2998 2919 2999
5899 2 2 2 2 2697 379 3095
5900 2 2 2 2 164 165 3094
5901 2 2 2 2 2865 2777 2868
5902 2 2 2 2 322 2686 3063
5903 2 2 2 2 163 164 2682
5904 2 2 2 2 241 242 2683
5905 2 2 2 2 2735 396 3090
5906 2 2 2 2 282 281 2899
5907 2 2 2 2 344 343 2890
5908 2 2 2 2 2946 2791 2948
5909 2 2 2 2 2953 2790 2969
5910 2 2 2 2 317 316 3087
5911 2 2 2 2 301 300 2974
5912 2 2 2 2 3076 3050 3077
5913 2 2 2 2 379 378 3095
5914 2 2 2 2 395 2739 3090
5915 2 2 2 2 2825 2828 3100
5916 2 2 2 2 2739 394 3091
5917 2 2 2 2 2919 2898 2920
5918 2 2 2 2 2759 257 3097
5919 2 2 2 2 2683 242 3093
5920 2 2 2 2 2682 164 3094
5921 2 2 2 2 323 322 3063
5922 2 2 2 2 2692 323 3063
5923 2 2 2 2 294 293 2724
5924 2 2 2 2 356 355 2725
5925 2 2 2 2 2700 313 2976
5926 2 2 2 2 2701 375 2981
5927 2 2 2 2 2734 334 3089
5928 2 2 2 2 390 2741 3041
5929 2 2 2 2 2843 2841 2844
5930 2 2 2 2 333 2738 3089
5931 2 2 2 2 2939 2940 2941
5932 2 2 2 2 257 258 3097
5933 2 2 2 2 2966 2967 2968
5934 2 2 2 2 2845 2776 2846
5935 2 2 2 2 334 333 3089
5936 2 2 2 2 145 146 2730
5937 2 2 2 2 223 224 2731
5938 2 2 2 2 2736 338 3092
5939 2 2 2 2 150 151 2728
5940 2 2 2 2 228 229 2729
5941 2 2 2 2 2830 2832 2974
5942 2 2 2 2 2863 2861 2864
5943 2 2 2 2 143 144 2732
5944 2 2 2 2 155 156 2720
5945 2 2 2 2 221 222 2733
5946 2 2 2 2 233 234 2721
5947 2 2 2 2 2846 2895 2922
5948 2 2 2 2 2918 2898 2919
5949 2 2 2 2 179 180 3100
5950 2 2 2 2 2758 179 3100
5951 2 2 2 2 180 181 2825
5952 2 2 2 2 258 259 2820
5953 2 2 2 2 338 337 3092
5954 2 2 2 2 2747 2806 2812
5955 2 2 2 2 2741 2888 2889
5956 2 2 2 2 2746 2807 2814
5957 2 2 2 2 2891 2893 2894
5958 2 2 2 2 2741 2889 3041
5959 2 2 2 2 2740 2898 2918
5960 2 2 2 2 292 291 2716
5961 2 2 2 2 354 353 2717
5962 2 2 2 2 2811 2723 3105
5963 2 2 2 2 279 10 2694
5964 2 2 2 2 341 12 2695
5965 2 2 2 2 284 283 2702
5966 2 2 2 2 286 285 2706
5967 2 2 2 2 288 287 2710
5968 2 2 2 2 290 289 2712
5969 2 2 2 2 346 345 2703
5970 2 2 2 2 348 347 2707
5971 2 2 2 2 350 349 2711
5972 2 2 2 2 352 351 2713
5973 2 2 2 2 2900 2902 2903
5974 2 2 2 2 2810 2722 3104
5975 2 2 2 2 180 2825 3100
5976 2 2 2 2 2693 3065 3099
5977 2 2 2 2 342 341 3096
5978 2 2 2 2 3065 3066 3099
5979 2 2 2 2 258 2820 3097
5980 2 2 2 2 2939 2941 2942
5981 2 2 2 2 326 2805 2896
5982 2 2 2 2 300 2830 2974
5983 2 2 2 2 362 2835 3067
5984 2 2 2 2 358 357 2943
5985 2 2 2 2 3063 3064 3102
5986 2 2 2 2 2725 355 3036
5987 2 2 2 2 2692 3063 3102
5988 2 2 2 2 2835 2837 3067
5989 2 2 2 2 2868 2777 2870
5990 2 2 2 2 280 279 3098
5991 2 2 2 2 292 2716 3101
5992 2 2 2 2 2826 2714 2827
5993 2 2 2 2 2702 283 3025
5994 2 2 2 2 2806 2811 2816
5995 2 2 2 2 357 2938 2943
5996 2 2 2 2 2821 2715 2822
5997 2 2 2 2 2703 345 3043
5998 2 2 2 2 2807 2810 2817
5999 2 2 2 2 341 2695 3096
6000 2 2 2 2 2722 402 3104
6001 2 2 2 2 2943 2938 3103
6002 2 2 2 2 2846 2776 2895
6003 2 2 2 2 2723 340 3105
6004 2 2 2 2 401 2737 3104
6005 2 2 2 2 279 2694 3098
6006 2 2 2 2 2715 260 2986
6007 2 2 2 2 339 2736 3105
6008 2 2 2 2 2807 2722 2810
6009 2 2 2 2 2714 182 2950
6010 2 2 2 2 2806 2723 2811
6011 2 2 2 2 2747 2723 2806
6012 2 2 2 2 2746 2722 2807
6013 2 2 2 2 2827 2714 2950
6014 2 2 2 2 2822 2715 2986
6015 2 2 2 2 402 401 3104
6016 2 2 2 2 340 339 3105
6017 2 2 2 2 2728 2875 3252
6018 2 2 2 2 2687 3055 3241
6019 2 2 2 2 2686 3047 3242
6020 2 2 2 2 2822 2888 3256
6021 2 2 2 2 2827 2897 3255
6022 2 2 2 2 2809 3042 3262
6023 2 2 2 2 2788 2816 3257
6024 2 2 2 2 2789 2817 3258
6025 2 2 2 2 2808 2920 3265
6026 2 2 2 2 2973 2865 3260
6027 2 2 2 2 2988 2845 3259
6028 2 2 2 2 2902 3010 3254
6029 2 2 2 2 2893 2993 3253
6030 2 2 2 2 2816 2995 3266
6031 2 2 2 2 2817 2994 3267
6032 2 2 2 2 3102 2828 3249
6033 2 2 2 2 3099 2823 3250
6034 2 2 2 2 3085 3020 3276
6035 2 2 2 2 3082 3013 3275
6036 2 2 2 2 2876 2726 3272
6037 2 2 2 2 3045 3064 3242
6038 2 2 2 2 3053 3066 3241
6039 2 2 2 2 2810 3084 3258
6040 2 2 2 2 2811 3081 3257
6041 2 2 2 2 2793 3024 3264
6042 2 2 2 2 2848 2709 3259
6043 2 2 2 2 2768 2903 3254
6044 2 2 2 2 2769 2894 3253
6045 2 2 2 2 2869 2708 3260
6046 2 2 2 2 3075 2765 3246
6047 2 2 2 2 3071 2764 3245
6048 2 2 2 2 2824 2693 3250
6049 2 2 2 2 2829 2692 3249
6050 2 2 2 2 3021 2795 3276
6051 2 2 2 2 3014 2794 3275
6052 2 2 2 2 3005 2797 3274
6053 2 2 2 2 2801 2941 3271
6054 2 2 2 2 2800 2917 3270
6055 2 2 2 2 201 202 3107
6056 2 2 2 2 123 124 3106
6057 2 2 2 2 162 163 3109
6058 2 2 2 2 240 241 3108
6059 2 2 2 2 2752 3029 3240
6060 2 2 2 2 2753 3034 3239
6061 2 2 2 2 124 2684 3106
6062 2 2 2 2 202 2685 3107
6063 2 2 2 2 241 2683 3108
6064 2 2 2 2 163 2682 3109
6065 2 2 2 2 2866 2863 3110
6066 2 2 2 2 2847 2843 3111
6067 2 2 2 2 2922 2854 3210
6068 2 2 2 2 2882 2837 3178
6069 2 2 2 2 2876 2832 3181
6070 2 2 2 2 2869 2868 3186
6071 2 2 2 2 2910 2916 3194
6072 2 2 2 2 2905 2907 3179
6073 2 2 2 2 2857 2859 3186
6074 2 2 2 2 2965 2963 3163
6075 2 2 2 2 2911 2912 3177
6076 2 2 2 2 2872 2875 3189
6077 2 2 2 2 3001 2999 3232
6078 2 2 2 2 2933 2935 3142
6079 2 2 2 2 2834 2833 3177
6080 2 2 2 2 2804 387 3141
6081 2 2 2 2 2805 325 3140
6082 2 2 2 2 2878 2881 3188
6083 2 2 2 2 2839 2838 3179
6084 2 2 2 2 2928 2927 3142
6085 2 2 2 2 2947 2946 3146
6086 2 2 2 2 2907 2906 3180
6087 2 2 2 2 2983 3033 3135
6088 2 2 2 2 3088 2858 3185
6089 2 2 2 2 2954 2953 3147
6090 2 2 2 2 2961 2959 3151
6091 2 2 2 2 2952 2954 3144
6092 2 2 2 2 2935 2934 3143
6093 2 2 2 2 2926 2928 3145
6094 2 2 2 2 2957 2955 3144
6095 2 2 2 2 2931 2929 3145
6096 2 2 2 2 2886 2873 3189
6097 2 2 2 2 2853 2852 3184
6098 2 2 2 2 2884 2879 3188
6099 2 2 2 2 2945 2947 3143
6100 2 2 2 2 2827 2950 3211
6101 2 2 2 2 2930 2931 3148
6102 2 2 2 2 3071 3069 3133
6103 2 2 2 2 2978 3028 3132
6104 2 2 2 2 3103 2942 3180
6105 2 2 2 2 2822 2986 3212
6106 2 2 2 2 2988 2987 3164
6107 2 2 2 2 2956 2957 3151
6108 2 2 2 2 3051 3049 3122
6109 2 2 2 2 3046 3047 3122
6110 2 2 2 2 2984 2985 3131
6111 2 2 2 2 2840 2845 3168
6112 2 2 2 2 3059 3057 3123
6113 2 2 2 2 382 2689 3120
6114 2 2 2 2 207 2754 3158
6115 2 2 2 2 320 2688 3119
6116 2 2 2 2 3045 3044 3116
6117 2 2 2 2 3053 3052 3117
6118 2 2 2 2 3075 3073 3131
6119 2 2 2 2 3006 3042 3222
6120 2 2 2 2 2973 2972 3165
6121 2 2 2 2 2980 2977 3132
6122 2 2 2 2 2979 2980 3133
6123 2 2 2 2 3058 3059 3129
6124 2 2 2 2 380 2697 3127
6125 2 2 2 2 250 2765 3125
6126 2 2 2 2 172 2764 3126
6127 2 2 2 2 129 2755 3159
6128 2 2 2 2 2768 128 3159
6129 2 2 2 2 2801 219 3167
6130 2 2 2 2 2860 2865 3170
6131 2 2 2 2 318 2696 3124
6132 2 2 2 2 2766 171 3126
6133 2 2 2 2 2767 249 3125
6134 2 2 2 2 2753 244 3138
6135 2 2 2 2 2752 166 3139
6136 2 2 2 2 246 2751 3134
6137 2 2 2 2 168 2750 3130
6138 2 2 2 2 2688 319 3124
6139 2 2 2 2 248 2767 3136
6140 2 2 2 2 2689 381 3127
6141 2 2 2 2 170 2766 3137
6142 2 2 2 2 2687 383 3120
6143 2 2 2 2 2751 247 3136
6144 2 2 2 2 2686 321 3119
6145 2 2 2 2 3054 3055 3123
6146 2 2 2 2 2750 169 3137
6147 2 2 2 2 2985 2982 3135
6148 2 2 2 2 2893 3096 3157
6149 2 2 2 2 2800 141 3176
6150 2 2 2 2 2769 206 3158
6151 2 2 2 2 2912 2909 3194
6152 2 2 2 2 2960 2961 3163
6153 2 2 2 2 275 2994 3199
6154 2 2 2 2 197 2995 3198
6155 2 2 2 2 2902 3098 3156
6156 2 2 2 2 324 2692 3140
6157 2 2 2 2 386 2693 3141
6158 2 2 2 2 3050 3051 3128
6159 2 2 2 2 221 2733 3173
6160 2 2 2 2 157 2709 3193
6161 2 2 2 2 2848 2846 3210
6162 2 2 2 2 2788 196 3198
6163 2 2 2 2 2885 2886 3184
6164 2 2 2 2 2789 274 3199
6165 2 2 2 2 147 2726 3182
6166 2 2 2 2 235 2708 3192
6167 2 2 2 2 143 2732 3183
6168 2 2 2 2 2716 291 3149
6169 2 2 2 2 2707 347 3150
6170 2 2 2 2 348 2707 3154
6171 2 2 2 2 230 2719 3190
6172 2 2 2 2 152 2718 3191
6173 2 2 2 2 288 2710 3152
6174 2 2 2 2 2713 351 3155
6175 2 2 2 2 352 2713 3153
6176 2 2 2 2 2883 2884 3185
6177 2 2 2 2 225 2727 3187
6178 2 2 2 2 346 2703 3150
6179 2 2 2 2 350 2711 3155
6180 2 2 2 2 3022 3024 3225
6181 2 2 2 2 2710 287 3160
6182 2 2 2 2 286 2706 3160
6183 2 2 2 2 2717 353 3153
6184 2 2 2 2 3017 3016 3219
6185 2 2 2 2 2836 2839 3178
6186 2 2 2 2 3015 3017 3226
6187 2 2 2 2 2712 289 3152
6188 2 2 2 2 290 2712 3149
6189 2 2 2 2 145 2730 3200
6190 2 2 2 2 2964 2965 3172
6191 2 2 2 2 2727 226 3209
6192 2 2 2 2 2720 156 3193
6193 2 2 2 2 3014 3012 3226
6194 2 2 2 2 3086 3020 3218
6195 2 2 2 2 223 2731 3201
6196 2 2 2 2 2706 285 3169
6197 2 2 2 2 2731 224 3187
6198 2 2 2 2 2721 234 3192
6199 2 2 2 2 2719 231 3195
6200 2 2 2 2 2711 349 3154
6201 2 2 2 2 2728 151 3191
6202 2 2 2 2 2718 153 3197
6203 2 2 2 2 191 2786 3223
6204 2 2 2 2 269 2787 3221
6205 2 2 2 2 228 2729 3207
6206 2 2 2 2 189 2792 3227
6207 2 2 2 2 2809 262 3217
6208 2 2 2 2 2793 268 3221
6209 2 2 2 2 263 2773 3217
6210 2 2 2 2 2792 190 3223
6211 2 2 2 2 2891 2894 3162
6212 2 2 2 2 265 2797 3220
6213 2 2 2 2 2729 229 3190
6214 2 2 2 2 284 2702 3169
6215 2 2 2 2 3021 3019 3225
6216 2 2 2 2 2786 192 3224
6217 2 2 2 2 2796 188 3227
6218 2 2 2 2 2773 264 3220
6219 2 2 2 2 2787 270 3228
6220 2 2 2 2 2730 146 3182
6221 2 2 2 2 193 2794 3224
6222 2 2 2 2 233 2721 3206
6223 2 2 2 2 2808 184 3230
6224 2 2 2 2 271 2795 3228
6225 2 2 2 2 185 2772 3230
6226 2 2 2 2 3000 3001 3229
6227 2 2 2 2 2844 2841 3168
6228 2 2 2 2 3092 3013 3216
6229 2 2 2 2 2732 144 3200
6230 2 2 2 2 2733 222 3201
6231 2 2 2 2 2824 2821 3174
6232 2 2 2 2 3005 3003 3222
6233 2 2 2 2 2829 2826 3175
6234 2 2 2 2 187 2796 3231
6235 2 2 2 2 2831 2834 3181
6236 2 2 2 2 3039 3040 3219
6237 2 2 2 2 2772 186 3231
6238 2 2 2 2 2864 2861 3170
6239 2 2 2 2 155 2720 3203
6240 2 2 2 2 3040 3038 3229
6241 2 2 2 2 2900 2903 3161
6242 2 2 2 2 3097 2823 3121
6243 2 2 2 2 2919 2920 3232
6244 2 2 2 2 3100 2828 3118
6245 2 2 2 2 2810 3104 3214
6246 2 2 2 2 2811 3105 3213
6247 2 2 2 2 161 7 3237
6248 2 2 2 2 278 6 3235
6249 2 2 2 2 7 162 3237
6250 2 2 2 2 239 5 3238
6251 2 2 2 2 200 8 3236
6252 2 2 2 2 6 123 3235
6253 2 2 2 2 5 240 3238
6254 2 2 2 2 8 201 3236
6255 2 2 2 2 3030 2690 3234
6256 2 2 2 2 3035 2691 3233
6257 2 2 2 2 372 9 3233
6258 2 2 2 2 9 2862 3233
6259 2 2 2 2 310 11 3234
6260 2 2 2 2 11 2842 3234
6261 2 2 2 2 2755 2968 3261
6262 2 2 2 2 2887 2804 3256
6263 2 2 2 2 2754 2971 3244
6264 2 2 2 2 2896 2805 3255
6265 2 2 2 2 2703 3043 3243
6266 2 2 2 2 2702 3025 3251
6267 2 2 2 2 3090 2739 3263
6268 2 2 2 2 2889 2888 3262
6269 2 2 2 2 2696 3087 3248
6270 2 2 2 2 149 150 3252
6271 2 2 2 2 148 149 3272
6272 2 2 2 2 2697 3095 3247
6273 2 2 2 2 2739 3091 3273
6274 2 2 2 2 2812 2806 3266
6275 2 2 2 2 3036 2717 3269
6276 2 2 2 2 2898 2897 3265
6277 2 2 2 2 2814 2807 3267
6278 2 2 2 2 3101 2716 3268
6279 2 2 2 2 2682 3094 3111
6280 2 2 2 2 2683 3093 3110
6281 2 2 2 2 2684 3007 3112
6282 2 2 2 2 2685 2990 3113
6283 2 2 2 2 3007 3009 3112
6284 2 2 2 2 2990 2992 3113
6285 2 2 2 2 2863 2867 3110
6286 2 2 2 2 2843 2849 3111
6287 2 2 2 2 2815 2818 3112
6288 2 2 2 2 2813 2819 3113
6289 2 2 2 2 2747 2813 3278
6290 2 2 2 2 2746 2815 3277
6291 2 2 2 2 2694 3114 3156
6292 2 2 2 2 2695 3115 3157
6293 2 2 2 2 3161 2755 3261
6294 2 2 2 2 2804 3174 3256
6295 2 2 2 2 2805 3175 3255
6296 2 2 2 2 2888 3212 3262
6297 2 2 2 2 3172 2702 3251
6298 2 2 2 2 3162 2754 3244
6299 2 2 2 2 2739 3215 3263
6300 2 2 2 2 2897 3211 3265
6301 2 2 2 2 3208 149 3252
6302 2 2 2 2 3148 2703 3243
6303 2 2 2 2 3215 2739 3273
6304 2 2 2 2 3204 2812 3266
6305 2 2 2 2 3205 2814 3267
6306 2 2 2 2 149 3208 3272
6307 2 2 2 2 2717 3146 3269
6308 2 2 2 2 3128 2696 3248
6309 2 2 2 2 3129 2697 3247
6310 2 2 2 2 2716 3147 3268
6311 2 2 2 2 3035 2866 3239
6312 2 2 2 2 3030 2847 3240
6313 2 2 2 2 3034 3035 3239
6314 2 2 2 2 3029 3030 3240
6315 2 2 2 2 201 3107 3236
6316 2 2 2 2 123 3106 3235
6317 2 2 2 2 240 3108 3238
6318 2 2 2 2 162 3109 3237
6319 2 2 2 2 2868 2857 3186
6320 2 2 2 2 2838 2905 3179
6321 2 2 2 2 2833 2911 3177
6322 2 2 2 2 2927 2933 3142
6323 2 2 2 2 2946 2949 3146
6324 2 2 2 2 2953 2970 3147
6325 2 2 2 2 3116 2758 3118
6326 2 2 2 2 2934 2945 3143
6327 2 2 2 2 2873 2872 3189
6328 2 2 2 2 3117 2759 3121
6329 2 2 2 2 3044 2758 3116
6330 2 2 2 2 3052 2759 3117
6331 2 2 2 2 2879 2878 3188
6332 2 2 2 2 383 382 3120
6333 2 2 2 2 3049 3046 3122
6334 2 2 2 2 321 320 3119
6335 2 2 2 2 2955 2952 3144
6336 2 2 2 2 2929 2926 3145
6337 2 2 2 2 3057 3054 3123
6338 2 2 2 2 3069 2979 3133
6339 2 2 2 2 3079 3058 3129
6340 2 2 2 2 2759 3097 3121
6341 2 2 2 2 319 318 3124
6342 2 2 2 2 2977 2978 3132
6343 2 2 2 2 171 172 3126
6344 2 2 2 2 3073 2984 3131
6345 2 2 2 2 2982 2983 3135
6346 2 2 2 2 249 250 3125
6347 2 2 2 2 381 380 3127
6348 2 2 2 2 2758 3100 3118
6349 2 2 2 2 167 168 3130
6350 2 2 2 2 3077 3050 3128
6351 2 2 2 2 245 246 3134
6352 2 2 2 2 169 170 3137
6353 2 2 2 2 245 3134 3138
6354 2 2 2 2 247 248 3136
6355 2 2 2 2 167 3130 3139
6356 2 2 2 2 244 245 3138
6357 2 2 2 2 166 167 3139
6358 2 2 2 2 2906 3103 3180
6359 2 2 2 2 387 386 3141
6360 2 2 2 2 325 324 3140
6361 2 2 2 2 2937 2930 3148
6362 2 2 2 2 2959 2956 3151
6363 2 2 2 2 3165 2749 3171
6364 2 2 2 2 347 346 3150
6365 2 2 2 2 2858 2883 3185
6366 2 2 2 2 353 352 3153
6367 2 2 2 2 291 290 3149
6368 2 2 2 2 289 288 3152
6369 2 2 2 2 351 350 3155
6370 2 2 2 2 2963 2960 3163
6371 2 2 2 2 2852 2885 3184
6372 2 2 2 2 349 348 3154
6373 2 2 2 2 206 207 3158
6374 2 2 2 2 128 129 3159
6375 2 2 2 2 2987 2748 3164
6376 2 2 2 2 2972 2749 3165
6377 2 2 2 2 287 286 3160
6378 2 2 2 2 2950 2808 3211
6379 2 2 2 2 3164 2748 3166
6380 2 2 2 2 2748 2975 3166
6381 2 2 2 2 2749 2989 3171
6382 2 2 2 2 2986 2809 3212
6383 2 2 2 2 2901 2900 3161
6384 2 2 2 2 2841 2840 3168
6385 2 2 2 2 2861 2860 3170
6386 2 2 2 2 2892 2891 3162
6387 2 2 2 2 2967 2964 3172
6388 2 2 2 2 219 220 3167
6389 2 2 2 2 285 284 3169
6390 2 2 2 2 3098 2694 3156
6391 2 2 2 2 3096 2695 3157
6392 2 2 2 2 220 221 3173
6393 2 2 2 2 2781 3202 3205
6394 2 2 2 2 141 142 3176
6395 2 2 2 2 3167 220 3173
6396 2 2 2 2 2826 2827 3175
6397 2 2 2 2 2821 2822 3174
6398 2 2 2 2 2837 2836 3178
6399 2 2 2 2 2780 3196 3204
6400 2 2 2 2 2832 2831 3181
6401 2 2 2 2 2780 2997 3196
6402 2 2 2 2 2995 2780 3204
6403 2 2 2 2 2909 2910 3194
6404 2 2 2 2 2994 2781 3205
6405 2 2 2 2 2781 2996 3202
6406 2 2 2 2 146 147 3182
6407 2 2 2 2 142 143 3183
6408 2 2 2 2 224 225 3187
6409 2 2 2 2 229 230 3190
6410 2 2 2 2 3213 2736 3216
6411 2 2 2 2 151 152 3191
6412 2 2 2 2 156 157 3193
6413 2 2 2 2 234 235 3192
6414 2 2 2 2 3176 142 3183
6415 2 2 2 2 2875 2876 3208
6416 2 2 2 2 196 197 3198
6417 2 2 2 2 3197 154 3203
6418 2 2 2 2 231 232 3195
6419 2 2 2 2 274 275 3199
6420 2 2 2 2 144 145 3200
6421 2 2 2 2 153 154 3197
6422 2 2 2 2 222 223 3201
6423 2 2 2 2 3195 232 3206
6424 2 2 2 2 2846 2922 3210
6425 2 2 2 2 154 155 3203
6426 2 2 2 2 227 228 3207
6427 2 2 2 2 232 233 3206
6428 2 2 2 2 3214 2737 3218
6429 2 2 2 2 226 227 3209
6430 2 2 2 2 227 3207 3209
6431 2 2 2 2 3104 2737 3214
6432 2 2 2 2 3105 2736 3213
6433 2 2 2 2 3016 3039 3219
6434 2 2 2 2 3062 3061 3215
6435 2 2 2 2 3038 3000 3229
6436 2 2 2 2 262 263 3217
6437 2 2 2 2 3019 3022 3225
6438 2 2 2 2 2737 3086 3218
6439 2 2 2 2 264 265 3220
6440 2 2 2 2 268 269 3221
6441 2 2 2 2 3012 3015 3226
6442 2 2 2 2 3003 3006 3222
6443 2 2 2 2 188 189 3227
6444 2 2 2 2 190 191 3223
6445 2 2 2 2 2736 3092 3216
6446 2 2 2 2 192 193 3224
6447 2 2 2 2 270 271 3228
6448 2 2 2 2 184 185 3230
6449 2 2 2 2 186 187 3231
6450 2 2 2 2 2999 2919 3232
6451 2 2 2 2 2975 161 3237
6452 2 2 2 2 2996 278 3235
6453 2 2 2 2 2997 200 3236
6454 2 2 2 2 2989 239 3238
6455 2 2 2 2 2691 372 3233
6456 2 2 2 2 2690 310 3234
6457 2 2 2 2 3024 3023 3264
6458 2 2 2 2 3081 2788 3257
6459 2 2 2 2 3084 2789 3258
6460 2 2 2 2 3066 2687 3241
6461 2 2 2 2 3064 2686 3242
6462 2 2 2 2 2845 2848 3259
6463 2 2 2 2 2865 2869 3260
6464 2 2 2 2 2903 2902 3254
6465 2 2 2 2 2894 2893 3253
6466 2 2 2 2 3020 3021 3276
6467 2 2 2 2 3013 3014 3275
6468 2 2 2 2 3004 3005 3274
6469 2 2 2 2 2823 2824 3250
6470 2 2 2 2 2828 2829 3249
6471 2 2 2 2 3074 3075 3246
6472 2 2 2 2 3070 3071 3245
6473 2 2 2 2 2917 2915 3270
6474 2 2 2 2 2941 2940 3271
6475 2 2 2 2 10 2746 3277
6476 2 2 2 2 12 2747 3278
6477 2 2 2 2 2694 10 3277
6478 2 2 2 2 2695 12 3278
6479 2 2 2 2 3043 2892 3243
6480 2 2 2 2 3025 2901 3251
6481 2 2 2 2 3055 3053 3241
6482 2 2 2 2 3047 3045 3242
6483 2 2 2 2 2993 2769 3253
6484 2 2 2 2 2971 2937 3244
6485 2 2 2 2 3010 2768 3254
6486 2 2 2 2 2764 3077 3245
6487 2 2 2 2 2765 3079 3246
6488 2 2 2 2 2897 2896 3255
6489 2 2 2 2 2888 2887 3256
6490 2 2 2 2 3087 3070 3248
6491 2 2 2 2 3095 3074 3247
6492 2 2 2 2 150 2728 3252
6493 2 2 2 2 2693 3099 3250
6494 2 2 2 2 2708 2973 3260
6495 2 2 2 2 2692 3102 3249
6496 2 2 2 2 2709 2988 3259
6497 2 2 2 2 2968 2967 3261
6498 2 2 2 2 3023 3090 3263
6499 2 2 2 2 3042 2889 3262
6500 2 2 2 2 2817 2810 3258
6501 2 2 2 2 3061 2793 3264
6502 2 2 2 2 2816 2811 3257
6503 2 2 2 2 2920 2898 3265
6504 2 2 2 2 2970 2800 3270
6505 2 2 2 2 2949 2801 3271
6506 2 2 2 2 2807 2817 3267
6507 2 2 2 2 2806 2816 3266
6508 2 2 2 2 2940 3036 3269
6509 2 2 2 2 2726 148 3272
6510 2 2 2 2 2794 3082 3275
6511 2 2 2 2 2797 3062 3274
6512 2 2 2 2 3091 3004 3273
6513 2 2 2 2 2795 3085 3276
6514 2 2 2 2 2915 3101 3268
6515 2 2 2 2 2815 3114 3277
6516 2 2 2 2 2813 3115 3278
6517 2 2 2 2 3107 2997 3236
6518 2 2 2 2 3106 2996 3235
6519 2 2 2 2 3108 2989 3238
6520 2 2 2 2 3109 2975 3237
6521 2 2 2 2 3268 2970 3270
6522 2 2 2 2 2915 3268 3270
6523 2 2 2 2 3269 2949 3271
6524 2 2 2 2 2940 3269 3271
6525 2 2 2 2 3246 3079 3247
6526 2 2 2 2 3074 3246 3247
6527 2 2 2 2 3070 3245 3248
6528 2 2 2 2 3245 3077 3248
6529 2 2 2 2 3243 2892 3244
6530 2 2 2 2 2937 3243 3244
6531 2 2 2 2 3062 3273 3274
6532 2 2 2 2 3273 3004 3274
6533 2 2 2 2 3251 2901 3261
6534 2 2 2 2 2967 3251 3261
6535 2 2 2 2 3023 3263 3264
6536 2 2 2 2 3263 3061 3264
6537 2 2 2 2 3174 2822 3256
6538 2 2 2 2 2875 3208 3252
6539 2 2 2 2 3175 2827 3255
6540 2 2 2 2 2967 3172 3251
6541 2 2 2 2 2901 3161 3261
6542 2 2 2 2 2937 3148 3243
6543 2 2 2 2 2892 3162 3244
6544 2 2 2 2 3212 2809 3262
6545 2 2 2 2 3215 3061 3263
6546 2 2 2 2 3211 2808 3265
6547 2 2 2 2 2995 3204 3266
6548 2 2 2 2 2994 3205 3267
6549 2 2 2 2 3077 3128 3248
6550 2 2 2 2 3079 3129 3247
6551 2 2 2 2 3062 3215 3273
6552 2 2 2 2 3208 2876 3272
6553 2 2 2 2 3146 2949 3269
6554 2 2 2 2 3147 2970 3268
6555 2 2 2 2 3114 2694 3277
6556 2 2 2 2 3115 2695 3278
$EndElements
