$MeshFormat
4.1 0 8
$EndMeshFormat
$PhysicalNames
7
1 3 "left"
1 4 "bottom"
1 5 "right"
1 6 "top"
1 7 "wall"
2 1 "ground"
2 2 "concrete"
$EndPhysicalNames
$Entities
12 12 2 0
1 -9.9 0 0 0 
2 9.9 0 0 0 
3 9.9 -35 0 0 
4 -9.9 -35 0 0 
5 -0.9 -1 0 0 
6 0.9 -1 0 0 
7 0.9 -2.8 0 0 
8 -0.9 -2.8 0 0 
9 -0.8 -1.1 0 0 
10 0.8 -1.1 0 0 
11 0.8 -2.7 0 0 
12 -0.8 -2.7 0 0 
1 -9.9 -35 0 -9.9 0 0 1 3 2 1 -4 
2 -9.9 -35 0 9.9 -35 0 1 4 2 4 -3 
3 9.9 -35 0 9.9 0 0 1 5 2 3 -2 
4 -9.9 0 0 9.9 0 0 1 6 2 2 -1 
5 0.9 -2.8 0 0.9 -1 0 0 2 6 -7 
6 -0.9 -2.8 0 0.9 -2.8 0 0 2 7 -8 
7 -0.9 -2.8 0 -0.9 -1 0 0 2 8 -5 
8 -0.9 -1 0 0.9 -1 0 0 2 5 -6 
9 0.8 -2.7 0 0.8 -1.1 0 1 7 2 10 -11 
10 -0.8 -2.7 0 0.8 -2.7 0 1 7 2 11 -12 
11 -0.8 -2.7 0 -0.8 -1.1 0 1 7 2 12 -9 
12 -0.8 -1.1 0 0.8 -1.1 0 1 7 2 9 -10 
1 -9.9 -35 0 9.9 0 0 1 1 8 4 1 2 3 -7 -6 -5 -8 
2 -0.9 -2.8 0 0.9 -1 0 1 2 8 8 5 6 7 -11 -10 -9 -12 
$EndEntities
$Nodes
26 2235 1 2235
0 1 0 1
1
-9.9 0 0
0 2 0 1
2
9.9 0 0
0 3 0 1
3
9.9 -35 0
0 4 0 1
4
-9.9 -35 0
0 5 0 1
5
-0.9 -1 0
0 6 0 1
6
0.9 -1 0
0 7 0 1
7
0.9 -2.8 0
0 8 0 1
8
-0.9 -2.8 0
0 9 0 1
9
-0.8 -1.1 0
0 10 0 1
10
0.8 -1.1 0
0 11 0 1
11
0.8 -2.7 0
0 12 0 1
12
-0.8 -2.7 0
1 1 0 34
13
14
15
16
17
18
19
20
21
22
23
24
25
26
27
28
29
30
31
32
33
34
35
36
37
38
39
40
41
42
43
44
45
46
-9.9 -0.9999999999971422 0
-9.9 -1.999999999994025 0
-9.9 -2.999999999990895 0
-9.9 -3.999999999987764 0
-9.9 -4.99999999998463 0
-9.9 -5.999999999981499 0
-9.9 -6.999999999978367 0
-9.9 -7.999999999975144 0
-9.9 -8.999999999969736 0
-9.9 -9.99999999996407 0
-9.9 -10.9999999999584 0
-9.9 -11.99999999995274 0
-9.9 -12.99999999994707 0
-9.9 -13.99999999994141 0
-9.9 -14.99999999993574 0
-9.9 -15.99999999993007 0
-9.9 -16.99999999992441 0
-9.9 -17.99999999992382 0
-9.9 -18.9999999999283 0
-9.9 -19.99999999993278 0
-9.9 -20.99999999993726 0
-9.9 -21.99999999994174 0
-9.9 -22.99999999994623 0
-9.9 -23.99999999995071 0
-9.9 -24.99999999995518 0
-9.9 -25.99999999995967 0
-9.9 -26.99999999996415 0
-9.9 -27.99999999996863 0
-9.9 -28.99999999997311 0
-9.9 -29.99999999997759 0
-9.9 -30.99999999998207 0
-9.9 -31.99999999998655 0
-9.9 -32.99999999999103 0
-9.9 -33.99999999999552 0
1 2 0 19
47
48
49
50
51
52
53
54
55
56
57
58
59
60
61
62
63
64
65
-8.910000000001665 -35 0
-7.920000000003677 -35 0
-6.930000000005897 -35 0
-5.940000000009192 -35 0
-4.950000000012142 -35 0
-3.960000000015091 -35 0
-2.970000000018249 -35 0
-1.980000000021302 -35 0
-0.9900000000247022 -35 0
-2.810196519931196e-11 -35 0
0.9899999999734259 -35 0
1.979999999976343 -35 0
2.969999999978842 -35 0
3.959999999981273 -35 0
4.949999999984048 -35 0
5.939999999986828 -35 0
6.929999999989805 -35 0
7.919999999993065 -35 0
8.909999999996186 -35 0
1 3 0 34
66
67
68
69
70
71
72
73
74
75
76
77
78
79
80
81
82
83
84
85
86
87
88
89
90
91
92
93
94
95
96
97
98
99
9.9 -33.99999999999576 0
9.9 -32.99999999999152 0
9.9 -31.99999999998862 0
9.9 -30.99999999999449 0
9.9 -30.0000000000004 0
9.9 -29.00000000000631 0
9.9 -28.00000000001222 0
9.9 -27.00000000001813 0
9.9 -26.00000000002403 0
9.9 -25.00000000002994 0
9.9 -24.00000000003585 0
9.9 -23.00000000004175 0
9.9 -22.00000000004766 0
9.9 -21.00000000005356 0
9.9 -20.00000000005947 0
9.9 -19.00000000006537 0
9.9 -18.00000000007128 0
9.9 -17.00000000007211 0
9.9 -16.00000000006787 0
9.9 -15.00000000006362 0
9.9 -14.00000000005938 0
9.9 -13.00000000005515 0
9.9 -12.0000000000509 0
9.9 -11.00000000004666 0
9.9 -10.00000000004242 0
9.9 -9.000000000038174 0
9.9 -8.000000000033932 0
9.9 -7.000000000029694 0
9.9 -6.000000000025452 0
9.9 -5.00000000002121 0
9.9 -4.000000000016968 0
9.9 -3.000000000012722 0
9.9 -2.000000000008477 0
9.9 -1.000000000004242 0
1 4 0 19
100
101
102
103
104
105
106
107
108
109
110
111
112
113
114
115
116
117
118
8.910000000001665 0 0
7.920000000003677 0 0
6.930000000005897 0 0
5.940000000009192 0 0
4.950000000012142 0 0
3.960000000015091 0 0
2.970000000018249 0 0
1.980000000021302 0 0
0.9900000000247022 0 0
2.810196519931196e-11 0 0
-0.9899999999734259 0 0
-1.979999999976343 0 0
-2.969999999978842 0 0
-3.959999999981273 0 0
-4.949999999984048 0 0
-5.939999999986828 0 0
-6.929999999989805 0 0
-7.919999999993065 0 0
-8.909999999996186 0 0
1 5 0 35
119
120
121
122
123
124
125
126
127
128
129
130
131
132
133
134
135
136
137
138
139
140
141
142
143
144
145
146
147
148
149
150
151
152
153
0.9 -1.049999999999954 0
0.9 -1.099999999999817 0
0.9 -1.149999999999704 0
0.9 -1.1999999999996 0
0.9 -1.249999999999487 0
0.9 -1.299999999999408 0
0.9 -1.349999999999246 0
0.9 -1.399999999999157 0
0.9 -1.449999999999112 0
0.9 -1.499999999999042 0
0.9 -1.549999999998803 0
0.9 -1.599999999998613 0
0.9 -1.649999999998476 0
0.9 -1.699999999998363 0
0.9 -1.749999999998187 0
0.9 -1.799999999998064 0
0.9 -1.849999999997989 0
0.9 -1.899999999997876 0
0.9 -1.949999999998028 0
0.9 -1.999999999998257 0
0.9 -2.04999999999836 0
0.9 -2.099999999998493 0
0.9 -2.149999999998731 0
0.9 -2.199999999998931 0
0.9 -2.249999999999064 0
0.9 -2.299999999999245 0
0.9 -2.349999999999502 0
0.9 -2.3999999999995 0
0.9 -2.449999999999585 0
0.9 -2.499999999999669 0
0.9 -2.549999999999685 0
0.9 -2.599999999999751 0
0.9 -2.649999999999835 0
0.9 -2.699999999999909 0
0.9 -2.749999999999916 0
1 6 0 35
154
155
156
157
158
159
160
161
162
163
164
165
166
167
168
169
170
171
172
173
174
175
176
177
178
179
180
181
182
183
184
185
186
187
188
0.8500000000001205 -2.8 0
0.8000000000002193 -2.8 0
0.7500000000003254 -2.8 0
0.7000000000004555 -2.8 0
0.6500000000005591 -2.8 0
0.6000000000007013 -2.8 0
0.5500000000008652 -2.8 0
0.5000000000009859 -2.8 0
0.4500000000011279 -2.8 0
0.40000000000127 -2.8 0
0.3500000000014121 -2.8 0
0.3000000000015542 -2.8 0
0.2500000000016963 -2.8 0
0.2000000000018384 -2.8 0
0.1500000000019804 -2.8 0
0.1000000000021226 -2.8 0
0.05000000000226468 -2.8 0
2.406741472782414e-12 -2.8 0
-0.04999999999771609 -2.8 0
-0.09999999999783638 -2.8 0
-0.1499999999979832 -2.8 0
-0.199999999998106 -2.8 0
-0.2499999999982386 -2.8 0
-0.299999999998395 -2.8 0
-0.3499999999985178 -2.8 0
-0.3999999999986404 -2.8 0
-0.4499999999988066 -2.8 0
-0.4999999999989294 -2.8 0
-0.5499999999990522 -2.8 0
-0.5999999999991895 -2.8 0
-0.6499999999993412 -2.8 0
-0.6999999999994641 -2.8 0
-0.7499999999995869 -2.8 0
-0.7999999999997539 -2.8 0
-0.8499999999998772 -2.8 0
1 7 0 35
189
190
191
192
193
194
195
196
197
198
199
200
201
202
203
204
205
206
207
208
209
210
211
212
213
214
215
216
217
218
219
220
221
222
223
-0.9 -2.75000000000021 0
-0.9 -2.700000000000332 0
-0.9 -2.650000000000484 0
-0.9 -2.600000000000732 0
-0.9 -2.550000000000874 0
-0.9 -2.500000000000997 0
-0.9 -2.450000000001217 0
-0.9 -2.400000000001417 0
-0.9 -2.350000000001539 0
-0.9 -2.300000000001701 0
-0.9 -2.250000000001949 0
-0.9 -2.200000000002082 0
-0.9 -2.150000000002205 0
-0.9 -2.10000000000226 0
-0.9 -2.050000000002335 0
-0.9 -2.0000000000024 0
-0.9 -1.95000000000246 0
-0.9 -1.900000000002559 0
-0.9 -1.850000000002393 0
-0.9 -1.800000000002145 0
-0.9 -1.750000000002061 0
-0.9 -1.700000000001938 0
-0.9 -1.650000000001771 0
-0.9 -1.600000000001649 0
-0.9 -1.550000000001526 0
-0.9 -1.500000000001379 0
-0.9 -1.450000000001237 0
-0.9 -1.400000000001095 0
-0.9 -1.350000000000948 0
-0.9 -1.300000000000825 0
-0.9 -1.250000000000702 0
-0.9 -1.200000000000536 0
-0.9 -1.150000000000413 0
-0.9 -1.10000000000029 0
-0.9 -1.050000000000143 0
1 8 0 35
224
225
226
227
228
229
230
231
232
233
234
235
236
237
238
239
240
241
242
243
244
245
246
247
248
249
250
251
252
253
254
255
256
257
258
-0.8500000000001205 -1 0
-0.8000000000002193 -1 0
-0.7500000000003254 -1 0
-0.7000000000004555 -1 0
-0.6500000000005591 -1 0
-0.6000000000007013 -1 0
-0.5500000000008652 -1 0
-0.5000000000009859 -1 0
-0.4500000000011279 -1 0
-0.40000000000127 -1 0
-0.3500000000014121 -1 0
-0.3000000000015542 -1 0
-0.2500000000016963 -1 0
-0.2000000000018384 -1 0
-0.1500000000019804 -1 0
-0.1000000000021226 -1 0
-0.05000000000226468 -1 0
-2.406741472782414e-12 -1 0
0.04999999999771609 -1 0
0.09999999999783638 -1 0
0.1499999999979832 -1 0
0.199999999998106 -1 0
0.2499999999982386 -1 0
0.299999999998395 -1 0
0.3499999999985178 -1 0
0.3999999999986404 -1 0
0.4499999999988066 -1 0
0.4999999999989294 -1 0
0.5499999999990522 -1 0
0.5999999999991895 -1 0
0.6499999999993412 -1 0
0.6999999999994641 -1 0
0.7499999999995869 -1 0
0.7999999999997539 -1 0
0.8499999999998772 -1 0
1 9 0 31
259
260
261
262
263
264
265
266
267
268
269
270
271
272
273
274
275
276
277
278
279
280
281
282
283
284
285
286
287
288
289
0.8 -1.149999999999846 0
0.8 -1.199999999999734 0
0.8 -1.249999999999623 0
0.8 -1.299999999999642 0
0.8 -1.349999999999574 0
0.8 -1.39999999999942 0
0.8 -1.449999999999265 0
0.8 -1.499999999999111 0
0.8 -1.549999999998956 0
0.8 -1.599999999998801 0
0.8 -1.649999999998647 0
0.8 -1.699999999998492 0
0.8 -1.749999999998338 0
0.8 -1.799999999998183 0
0.8 -1.849999999998072 0
0.8 -1.899999999997961 0
0.8 -1.94999999999811 0
0.8 -1.999999999998259 0
0.8 -2.049999999998365 0
0.8 -2.099999999998384 0
0.8 -2.149999999998577 0
0.8 -2.199999999998769 0
0.8 -2.249999999998874 0
0.8 -2.29999999999898 0
0.8 -2.349999999999086 0
0.8 -2.399999999999192 0
0.8 -2.449999999999384 0
0.8 -2.499999999999576 0
0.8 -2.549999999999683 0
0.8 -2.599999999999701 0
0.8 -2.649999999999807 0
1 10 0 31
290
291
292
293
294
295
296
297
298
299
300
301
302
303
304
305
306
307
308
309
310
311
312
313
314
315
316
317
318
319
320
0.750000000000099 -2.7 0
0.7000000000002413 -2.7 0
0.6500000000003403 -2.7 0
0.6000000000004175 -2.7 0
0.5500000000005382 -2.7 0
0.5000000000006803 -2.7 0
0.4500000000008227 -2.7 0
0.400000000000965 -2.7 0
0.3500000000011074 -2.7 0
0.3000000000012499 -2.7 0
0.2500000000013923 -2.7 0
0.2000000000015564 -2.7 0
0.1500000000017205 -2.7 0
0.1000000000018629 -2.7 0
0.05000000000200533 -2.7 0
2.126077092157175e-12 -2.7 0
-0.04999999999799198 -2.7 0
-0.09999999999813158 -2.7 0
-0.1499999999982495 -2.7 0
-0.1999999999983892 -2.7 0
-0.2499999999985287 -2.7 0
-0.2999999999986902 -2.7 0
-0.3499999999988082 -2.7 0
-0.3999999999989261 -2.7 0
-0.4499999999990443 -2.7 0
-0.4999999999991622 -2.7 0
-0.5499999999993235 -2.7 0
-0.5999999999994847 -2.7 0
-0.6499999999996029 -2.7 0
-0.6999999999997208 -2.7 0
-0.7499999999998388 -2.7 0
1 11 0 31
321
322
323
324
325
326
327
328
329
330
331
332
333
334
335
336
337
338
339
340
341
342
343
344
345
346
347
348
349
350
351
-0.8 -2.650000000000154 0
-0.8 -2.600000000000309 0
-0.8 -2.550000000000463 0
-0.8 -2.500000000000618 0
-0.8 -2.450000000000772 0
-0.8 -2.400000000000927 0
-0.8 -2.350000000000908 0
-0.8 -2.300000000001063 0
-0.8 -2.250000000001217 0
-0.8 -2.200000000001198 0
-0.8 -2.150000000001353 0
-0.8 -2.100000000001507 0
-0.8 -2.050000000001662 0
-0.8 -2.000000000001817 0
-0.8 -1.950000000001928 0
-0.8 -1.900000000002039 0
-0.8 -1.85000000000189 0
-0.8 -1.800000000001784 0
-0.8 -1.750000000001635 0
-0.8 -1.700000000001573 0
-0.8 -1.65000000000138 0
-0.8 -1.600000000001274 0
-0.8 -1.550000000001169 0
-0.8 -1.50000000000102 0
-0.8 -1.45000000000087 0
-0.8 -1.400000000000765 0
-0.8 -1.350000000000659 0
-0.8 -1.30000000000051 0
-0.8 -1.250000000000361 0
-0.8 -1.200000000000255 0
-0.8 -1.150000000000149 0
1 12 0 31
352
353
354
355
356
357
358
359
360
361
362
363
364
365
366
367
368
369
370
371
372
373
374
375
376
377
378
379
380
381
382
-0.750000000000099 -1.1 0
-0.7000000000002413 -1.1 0
-0.6500000000003403 -1.1 0
-0.6000000000004175 -1.1 0
-0.5500000000005382 -1.1 0
-0.5000000000006803 -1.1 0
-0.4500000000008227 -1.1 0
-0.400000000000965 -1.1 0
-0.3500000000011074 -1.1 0
-0.3000000000012499 -1.1 0
-0.2500000000013923 -1.1 0
-0.2000000000015564 -1.1 0
-0.1500000000017205 -1.1 0
-0.1000000000018629 -1.1 0
-0.05000000000200533 -1.1 0
-2.126077092157175e-12 -1.1 0
0.04999999999799198 -1.1 0
0.09999999999813158 -1.1 0
0.1499999999982495 -1.1 0
0.1999999999983892 -1.1 0
0.2499999999985287 -1.1 0
0.2999999999986902 -1.1 0
0.3499999999988082 -1.1 0
0.3999999999989261 -1.1 0
0.4499999999990443 -1.1 0
0.4999999999991622 -1.1 0
0.5499999999993235 -1.1 0
0.5999999999994847 -1.1 0
0.6499999999996029 -1.1 0
0.6999999999997208 -1.1 0
0.7499999999998388 -1.1 0
2 1 0 1713
383
384
385
386
387
388
389
390
391
392
393
394
395
396
397
398
399
400
401
402
403
404
405
406
407
408
409
410
411
412
413
414
415
416
417
418
419
420
421
422
423
424
425
426
427
428
429
430
431
432
433
434
435
436
437
438
439
440
441
442
443
444
445
446
447
448
449
450
451
452
453
454
455
456
457
458
459
460
461
462
463
464
465
466
467
468
469
470
471
472
473
474
475
476
477
478
479
480
481
482
483
484
485
486
487
488
489
490
491
492
493
494
495
496
497
498
499
500
501
502
503
504
505
506
507
508
509
510
511
512
513
514
515
516
517
518
519
520
521
522
523
524
525
526
527
528
529
530
531
532
533
534
535
536
537
538
539
540
541
542
543
544
545
546
547
548
549
550
551
552
553
554
555
556
557
558
559
560
561
562
563
564
565
566
567
568
569
570
571
572
573
574
575
576
577
578
579
580
581
582
583
584
585
586
587
588
589
590
591
592
593
594
595
596
597
598
599
600
601
602
603
604
605
606
607
608
609
610
611
612
613
614
615
616
617
618
619
620
621
622
623
624
625
626
627
628
629
630
631
632
633
634
635
636
637
638
639
640
641
642
643
644
645
646
647
648
649
650
651
652
653
654
655
656
657
658
659
660
661
662
663
664
665
666
667
668
669
670
671
672
673
674
675
676
677
678
679
680
681
682
683
684
685
686
687
688
689
690
691
692
693
694
695
696
697
698
699
700
701
702
703
704
705
706
707
708
709
710
711
712
713
714
715
716
717
718
719
720
721
722
723
724
725
726
727
728
729
730
731
732
733
734
735
736
737
738
739
740
741
742
743
744
745
746
747
748
749
750
751
752
753
754
755
756
757
758
759
760
761
762
763
764
765
766
767
768
769
770
771
772
773
774
775
776
777
778
779
780
781
782
783
784
785
786
787
788
789
790
791
792
793
794
795
796
797
798
799
800
801
802
803
804
805
806
807
808
809
810
811
812
813
814
815
816
817
818
819
820
821
822
823
824
825
826
827
828
829
830
831
832
833
834
835
836
837
838
839
840
841
842
843
844
845
846
847
848
849
850
851
852
853
854
855
856
857
858
859
860
861
862
863
864
865
866
867
868
869
870
871
872
873
874
875
876
877
878
879
880
881
882
883
884
885
886
887
888
889
890
891
892
893
894
895
896
897
898
899
900
901
902
903
904
905
906
907
908
909
910
911
912
913
914
915
916
917
918
919
920
921
922
923
924
925
926
927
928
929
930
931
932
933
934
935
936
937
938
939
940
941
942
943
944
945
946
947
948
949
950
951
952
953
954
955
956
957
958
959
960
961
962
963
964
965
966
967
968
969
970
971
972
973
974
975
976
977
978
979
980
981
982
983
984
985
986
987
988
989
990
991
992
993
994
995
996
997
998
999
1000
1001
1002
1003
1004
1005
1006
1007
1008
1009
1010
1011
1012
1013
1014
1015
1016
1017
1018
1019
1020
1021
1022
1023
1024
1025
1026
1027
1028
1029
1030
1031
1032
1033
1034
1035
1036
1037
1038
1039
1040
1041
1042
1043
1044
1045
1046
1047
1048
1049
1050
1051
1052
1053
1054
1055
1056
1057
1058
1059
1060
1061
1062
1063
1064
1065
1066
1067
1068
1069
1070
1071
1072
1073
1074
1075
1076
1077
1078
1079
1080
1081
1082
1083
1084
1085
1086
1087
1088
1089
1090
1091
1092
1093
1094
1095
1096
1097
1098
1099
1100
1101
1102
1103
1104
1105
1106
1107
1108
1109
1110
1111
1112
1113
1114
1115
1116
1117
1118
1119
1120
1121
1122
1123
1124
1125
1126
1127
1128
1129
1130
1131
1132
1133
1134
1135
1136
1137
1138
1139
1140
1141
1142
1143
1144
1145
1146
1147
1148
1149
1150
1151
1152
1153
1154
1155
1156
1157
1158
1159
1160
1161
1162
1163
1164
1165
1166
1167
1168
1169
1170
1171
1172
1173
1174
1175
1176
1177
1178
1179
1180
1181
1182
1183
1184
1185
1186
1187
1188
1189
1190
1191
1192
1193
1194
1195
1196
1197
1198
1199
1200
1201
1202
1203
1204
1205
1206
1207
1208
1209
1210
1211
1212
1213
1214
1215
1216
1217
1218
1219
1220
1221
1222
1223
1224
1225
1226
1227
1228
1229
1230
1231
1232
1233
1234
1235
1236
1237
1238
1239
1240
1241
1242
1243
1244
1245
1246
1247
1248
1249
1250
1251
1252
1253
1254
1255
1256
1257
1258
1259
1260
1261
1262
1263
1264
1265
1266
1267
1268
1269
1270
1271
1272
1273
1274
1275
1276
1277
1278
1279
1280
1281
1282
1283
1284
1285
1286
1287
1288
1289
1290
1291
1292
1293
1294
1295
1296
1297
1298
1299
1300
1301
1302
1303
1304
1305
1306
1307
1308
1309
1310
1311
1312
1313
1314
1315
1316
1317
1318
1319
1320
1321
1322
1323
1324
1325
1326
1327
1328
1329
1330
1331
1332
1333
1334
1335
1336
1337
1338
1339
1340
1341
1342
1343
1344
1345
1346
1347
1348
1349
1350
1351
1352
1353
1354
1355
1356
1357
1358
1359
1360
1361
1362
1363
1364
1365
1366
1367
1368
1369
1370
1371
1372
1373
1374
1375
1376
1377
1378
1379
1380
1381
1382
1383
1384
1385
1386
1387
1388
1389
1390
1391
1392
1393
1394
1395
1396
1397
1398
1399
1400
1401
1402
1403
1404
1405
1406
1407
1408
1409
1410
1411
1412
1413
1414
1415
1416
1417
1418
1419
1420
1421
1422
1423
1424
1425
1426
1427
1428
1429
1430
1431
1432
1433
1434
1435
1436
1437
1438
1439
1440
1441
1442
1443
1444
1445
1446
1447
1448
1449
1450
1451
1452
1453
1454
1455
1456
1457
1458
1459
1460
1461
1462
1463
1464
1465
1466
1467
1468
1469
1470
1471
1472
1473
1474
1475
1476
1477
1478
1479
1480
1481
1482
1483
1484
1485
1486
1487
1488
1489
1490
1491
1492
1493
1494
1495
1496
1497
1498
1499
1500
1501
1502
1503
1504
1505
1506
1507
1508
1509
1510
1511
1512
1513
1514
1515
1516
1517
1518
1519
1520
1521
1522
1523
1524
1525
1526
1527
1528
1529
1530
1531
1532
1533
1534
1535
1536
1537
1538
1539
1540
1541
1542
1543
1544
1545
1546
1547
1548
1549
1550
1551
1552
1553
1554
1555
1556
1557
1558
1559
1560
1561
1562
1563
1564
1565
1566
1567
1568
1569
1570
1571
1572
1573
1574
1575
1576
1577
1578
1579
1580
1581
1582
1583
1584
1585
1586
1587
1588
1589
1590
1591
1592
1593
1594
1595
1596
1597
1598
1599
1600
1601
1602
1603
1604
1605
1606
1607
1608
1609
1610
1611
1612
1613
1614
1615
1616
1617
1618
1619
1620
1621
1622
1623
1624
1625
1626
1627
1628
1629
1630
1631
1632
1633
1634
1635
1636
1637
1638
1639
1640
1641
1642
1643
1644
1645
1646
1647
1648
1649
1650
1651
1652
1653
1654
1655
1656
1657
1658
1659
1660
1661
1662
1663
1664
1665
1666
1667
1668
1669
1670
1671
1672
1673
1674
1675
1676
1677
1678
1679
1680
1681
1682
1683
1684
1685
1686
1687
1688
1689
1690
1691
1692
1693
1694
1695
1696
1697
1698
1699
1700
1701
1702
1703
1704
1705
1706
1707
1708
1709
1710
1711
1712
1713
1714
1715
1716
1717
1718
1719
1720
1721
1722
1723
1724
1725
1726
1727
1728
1729
1730
1731
1732
1733
1734
1735
1736
1737
1738
1739
1740
1741
1742
1743
1744
1745
1746
1747
1748
1749
1750
1751
1752
1753
1754
1755
1756
1757
1758
1759
1760
1761
1762
1763
1764
1765
1766
1767
1768
1769
1770
1771
1772
1773
1774
1775
1776
1777
1778
1779
1780
1781
1782
1783
1784
1785
1786
1787
1788
1789
1790
1791
1792
1793
1794
1795
1796
1797
1798
1799
1800
1801
1802
1803
1804
1805
1806
1807
1808
1809
1810
1811
1812
1813
1814
1815
1816
1817
1818
1819
1820
1821
1822
1823
1824
1825
1826
1827
1828
1829
1830
1831
1832
1833
1834
1835
1836
1837
1838
1839
1840
1841
1842
1843
1844
1845
1846
1847
1848
1849
1850
1851
1852
1853
1854
1855
1856
1857
1858
1859
1860
1861
1862
1863
1864
1865
1866
1867
1868
1869
1870
1871
1872
1873
1874
1875
1876
1877
1878
1879
1880
1881
1882
1883
1884
1885
1886
1887
1888
1889
1890
1891
1892
1893
1894
1895
1896
1897
1898
1899
1900
1901
1902
1903
1904
1905
1906
1907
1908
1909
1910
1911
1912
1913
1914
1915
1916
1917
1918
1919
1920
1921
1922
1923
1924
1925
1926
1927
1928
1929
1930
1931
1932
1933
1934
1935
1936
1937
1938
1939
1940
1941
1942
1943
1944
1945
1946
1947
1948
1949
1950
1951
1952
1953
1954
1955
1956
1957
1958
1959
1960
1961
1962
1963
1964
1965
1966
1967
1968
1969
1970
1971
1972
1973
1974
1975
1976
1977
1978
1979
1980
1981
1982
1983
1984
1985
1986
1987
1988
1989
1990
1991
1992
1993
1994
1995
1996
1997
1998
1999
2000
2001
2002
2003
2004
2005
2006
2007
2008
2009
2010
2011
2012
2013
2014
2015
2016
2017
2018
2019
2020
2021
2022
2023
2024
2025
2026
2027
2028
2029
2030
2031
2032
2033
2034
2035
2036
2037
2038
2039
2040
2041
2042
2043
2044
2045
2046
2047
2048
2049
2050
2051
2052
2053
2054
2055
2056
2057
2058
2059
2060
2061
2062
2063
2064
2065
2066
2067
2068
2069
2070
2071
2072
2073
2074
2075
2076
2077
2078
2079
2080
2081
2082
2083
2084
2085
2086
2087
2088
2089
2090
2091
2092
2093
2094
2095
-0.02499999999765147 -2.844032308181699 0
0.6750000000005061 -2.843871484959112 0
-0.6749999999994026 -2.843301270189328 0
0.3252913765312185 -2.847006791748957 0
-0.3249999999984564 -2.843301270189328 0
-9.064862871750101 -12.52036233021568 0
9.080559364009556 -11.48080388775252 0
9.03368354056099 -16.59361415827322 0
9.033886195993057 -24.50082425682478 0
-9.033974596211682 -20.49999999993502 0
-9.064539893455789 -25.46709395217542 0
-9.033974596220467 -16.49999999992724 0
9.057957944881494 -20.49999999522573 0
-9.041263127299011 -8.509675225471314 0
0.4591200716240945 -34.20610816185051 0
9.063802196684946 -7.51673535500089 0
-9.068033028369472 -5.488393503703205 0
0.9568864836631412 -2.527206213135791 0
0.9419031218034264 -2.126496644691685 0
0.9374060013681025 -1.775310205164952 0
0.9393715163605523 -1.429206807323337 0
0.9515779285160735 -2.329254774640853 0
0.9541449564412946 -1.22992940333486 0
-0.9478905404850103 -2.522268494070377 0
-0.9476639013459187 -2.121288005752052 0
-0.9433012701892949 -1.775000000002103 0
-0.9434118954823294 -1.42323337923712 0
-0.9526467883583978 -2.322425967748186 0
-0.960211047124504 -1.222927185412095 0
-3.477591212692312 -34.15844969819322 0
9.133257034895751 -28.49724492415038 0
-9.095861626002076 -28.4990347659305 0
3.55340863168436 -34.18204058006946 0
4.387727613112113 -0.8095188876627426 0
-4.39156363533008 -0.7644625023200602 0
8.956322493781689 -4.497561421228014 0
9.073523240366129 -31.55984266904663 0
-9.03385121014448 -31.50170086625702 0
6.654578614784096 -0.7945350374661655 0
-6.39106363830502 -0.8041384971834032 0
-6.468068597461113 -34.06150113679453 0
6.434999999988316 -34.14263485025091 0
-9.044917873971801 -3.516556949685163 0
9.041173543265916 -9.455677337485355 0
9.036942704354594 -13.44980584264972 0
-9.070904435426366 -10.44537170940552 0
-9.072352699391299 -18.50000080865593 0
-9.034569903883197 -22.49698260774608 0
-9.068278719335199 -14.44041242669345 0
9.020047331561475 -22.50706037298945 0
9.033974596220679 -18.50000000006832 0
9.011878578964955 -26.51633963454736 0
-1.485070131092442 -34.14248463038129 0
2.460661002544219 -0.9366485877397613 0
-2.5167949985599 -0.8574324618249293 0
8.879398742484648 -2.389371273585222 0
-0.4642857142868039 -0.937434544989048 0
-0.6821676941808645 -0.9396993929166089 0
-0.2750000000016253 -0.9566987298109011 0
-0.07500000000219365 -0.9566987298109011 0
0.1408338087294345 -0.944118824190943 0
0.3249999999984564 -0.9566987298106718 0
0.5319859939457581 -0.9410018888058214 0
9.06000805636241 -33.50236688210524 0
-9.056581659924031 -33.4603641228383 0
-8.981033007427609 -1.592117787336912 0
1.648899334875745 -0.7159488529753287 0
-1.695191490024271 -0.714641978939362 0
8.30288273496021 -0.8430016929918642 0
3.526834271733685 -0.7867304742200868 0
3.991294191996448 -1.480038193675422 0
4.704588062152143 -1.537615235929175 0
4.282281134638036 -2.083666198823462 0
3.633642606285348 -2.043166705588212 0
3.915642268880358 -2.555918336870134 0
3.401565459177128 -2.543748759124604 0
3.612495051540828 -2.958638379952926 0
3.11697264298585 -2.918326659363249 0
3.343516220987906 -3.302819034591606 0
2.95378977832365 -3.290689745735113 0
3.124770165014662 -3.620248324883157 0
2.714791535645066 -3.590366908832927 0
2.913358720808642 -3.915721674379969 0
2.551419084238964 -3.920170938730186 0
2.722720062759475 -4.210279330146689 0
2.365014256323588 -4.195382326803339 0
2.524357633964375 -4.512616874729019 0
2.159720174890202 -4.489662083526181 0
2.321359828479805 -4.818200222891086 0
1.945768314691413 -4.79382796182845 0
2.113378076136204 -5.135631389121429 0
1.727974639328414 -5.104030916926064 0
1.897621280270509 -5.465211388139429 0
1.489617442367412 -5.437458615482747 0
1.67139565388768 -5.81771504801926 0
1.235097552030844 -5.785059969478888 0
1.432383854549032 -6.183448018202274 0
0.9801326920625903 -6.152427798530267 0
1.168393583042044 -6.585803496361009 0
0.6082382521945457 -6.520224067699834 0
0.8852392733055635 -7.014014202945363 0
0.3614871094123937 -6.987110338842456 0
0.5992683296434398 -7.476942283013836 0
0.04380262663246685 -7.435572263296171 0
0.2894111065580284 -7.960389876383935 0
-0.2447228345356519 -6.861997074418036 0
-0.5162083355449297 -7.375763237831408 0
-0.8011179675237675 -6.865767930581765 0
1.850155551542767 -6.216415642616418 0
2.698763764720486 -4.852098963141934 0
3.505771173448413 -3.670256364043968 0
0.8750401138614625 -7.992338262586637 0
0.5544745033150391 -8.500302929735208 0
-1.097611643766791 -7.322721980205888 0
-1.319031778525823 -6.822619630826204 0
1.185313625642004 -8.530704162532848 0
0.8362360630855574 -9.067050272961339 0
0.7718553827811199 -5.723270592033371 0
1.49221528060869 -9.094858076004423 0
1.127966205052895 -9.650535238198897 0
0.4679550106290313 -9.609013969716308 0
0.7624513010885869 -10.21739615796489 0
0.06924082297097729 -10.1680132995166 0
0.3847660846645901 -10.80454398764052 0
-0.3278465920847436 -10.75799887127495 0
-0.01032446380215701 -11.40958456713353 0
0.8371507775903364 -11.46957379456335 0
0.3342286816741298 -12.08540003452943 0
-0.4056252545320645 -12.02287205830815 0
-0.08205356934177045 -12.71672622782097 0
0.7650694761053746 -12.810787441955 0
0.2583152989434719 -13.41781295331277 0
-1.685122549197271 -7.288285523864345 0
-1.871509783354003 -6.651970694721536 0
-0.5139002998394823 -13.36303928499767 0
-0.158346667196104 -14.0912546919102 0
0.6359431425272755 -14.13894541291758 0
0.2127054918176438 -14.84015727656692 0
-0.588223218451323 -14.77774597666065 0
-0.2251358390376622 -15.53841204737247 0
0.7136973991724738 -15.6705301982977 0
0.1324643946444651 -16.31733884225644 0
1.794050225765457 -9.687892882561046 0
-0.6771501613457493 -16.26326896217334 0
-0.3293887991903748 -17.0577672259842 0
0.5426374252987062 -17.09676839839307 0
0.06890774432139099 -17.84788446941319 0
-2.313772382217381 -7.234141071383322 0
-2.564241813124206 -6.636188932920285 0
-0.8216812253223097 -17.80631572801679 0
-0.4130310128574053 -18.60417714040522 0
0.486771692228686 -18.64448250777537 0
0.001486575234252866 -19.40793770551769 0
0.9093063928695413 -19.44757414913664 0
0.4194448215230777 -20.21646766786783 0
-0.4870869562340948 -20.17208733269117 0
-0.06206803718571372 -20.98618750602209 0
0.8412386850907532 -21.02756599708127 0
0.3509993461056142 -21.81135912621579 0
-0.5354031551465259 -21.80240314144664 0
-0.1344694159175403 -22.6103917571015 0
0.7907650096275607 -22.6319029088173 0
0.285372421035338 -23.43410141485902 0
-0.6056717252333103 -23.44883737354729 0
-0.2262473291969566 -24.22842766530367 0
0.7202556444537295 -24.27190486262755 0
0.2094116506681856 -25.07288945610957 0
-0.7250094137193309 -25.06452380959037 0
1.583696230575852 -4.76874402360705 0
1.161092925295812 -25.11574273029393 0
-0.3004795206917946 -25.88397261075557 0
2.15066637223013 -9.111103876030613 0
2.4770259419161 -9.723011169393924 0
-1.26022549417907 -25.86293023992732 0
-2.198464226618645 -6.095140574793422 0
-2.817895222646999 -6.058993010741659 0
2.859270154181996 -9.119162388974436 0
-2.967744109142964 -7.174502761759896 0
-2.469746461201206 -5.536620554872036 0
-3.088917981707871 -5.487743578249527 0
3.187170620626606 -9.758245140666453 0
2.607910007670888 -3.266228324706879 0
-0.8191304346881154 -26.69316489445831 0
-1.782798716175197 -26.64698828807781 0
-2.223819966725939 -25.78275901856232 0
-2.727115468063723 -5.002437957992457 0
-2.116122597090239 -5.068839247766255 0
3.581780888680088 -9.133725438257848 0
-3.37186761993686 -4.897336177008891 0
-3.77301151108769 -5.442255337995506 0
-2.962570486570254 -4.375316039345966 0
4.496486249747756 -2.62424434862665 0
-2.693712974137246 -7.783322051905964 0
-3.415138520538495 -7.699953807199977 0
-3.108627230896536 -8.347263118765005 0
-3.847824710935832 -8.268165277154178 0
-3.523038510271237 -8.946309210135309 0
-1.341607302252026 -27.49888197421634 0
-0.37414205945856 -27.54241270024905 0
-2.30823034860268 -27.45208076835015 0
3.913304541222684 -9.796126418611626 0
3.50344461427043 -10.42696599666186 0
4.312466609069595 -9.166359272455137 0
-4.250530312789818 -8.892108748730516 0
-3.917138217701799 -9.585720975801198 0
-4.560366586756881 -8.202186344336253 0
4.264164904150515 -10.47727266622891 0
3.820445772222262 -11.13751853361017 0
-4.070108606072785 -4.800606430633705 0
-4.506555303074956 -5.396094986746525 0
-1.864534222264717 -28.31519714999893 0
-2.836317521281334 -28.26681931296774 0
3.973059121870564 -8.508373208473811 0
4.695854461892807 -8.51554473995313 0
4.363162291089569 -7.889667897988979 0
4.648468762911684 -11.17197766755724 0
4.187412819331289 -11.86870784774744 0
-4.812216015868827 -4.705759658332181 0
-4.693983182950534 -9.522198056359118 0
-4.348773072480987 -10.25211243925119 0
5.110690827481162 -7.939942784213612 0
4.744526780045918 -7.291946288271327 0
-2.389640676192422 -29.13456412619901 0
-3.364592297301906 -29.08872710289701 0
-3.811901944532919 -28.21722136053067 0
-4.342482293434399 -29.04172763696367 0
2.982149151808157 -2.519276275999721 0
5.484887595737129 -7.345521275461349 0
5.112978449285608 -6.689520319146617 0
-4.790212965241457 -28.16944387952628 0
5.79182144369285 -6.720470479713041 0
5.467756583401313 -6.082029402168843 0
5.034947501554139 -11.90105091298684 0
4.560830521302293 -12.62043705005655 0
-5.27166872561871 -5.326005755991942 0
-5.159651315818754 -10.17268414883766 0
-4.817445519511239 -10.91184188611141 0
-3.987289613918028 -10.9821510610733 0
-4.451905128817189 -11.66353545639638 0
5.49727211091596 -8.597564459719951 0
4.32060828163567 -6.637858127198464 0
5.484060773989063 -11.221955357444 0
1.975240419965923 -4.191774572833368 0
-5.29326708634798 -11.5963334194579 0
-4.936581605749108 -12.3605056754278 0
-4.078879024298126 -12.42237369131394 0
-4.563532810221573 -13.13156361548098 0
-5.592487632670573 -4.604962262541912 0
-1.415520962714518 -29.17778442158787 0
-4.351112561467573 -4.106539169783441 0
1.672220434299752 -24.31018422597921 0
2.116718742265813 -25.15718027368545 0
2.631827915320563 -24.34415203459017 0
3.078412770271543 -25.19890250124838 0
3.596047968717062 -24.38099117195125 0
4.045055485422118 -25.24099758854493 0
3.524306684376035 -26.05927037144196 0
4.495848867430317 -26.1028090035904 0
3.971835201963574 -26.92526458818055 0
4.563837494064725 -24.42215998822537 0
4.112863980913097 -23.56147992438989 0
4.948515090440968 -26.96831513799333 0
4.422480771910129 -27.79334770814309 0
-1.312998542561798 -18.56183457455061 0
-1.725239797334904 -17.78019213854024 0
-2.21991818013897 -18.52124016393105 0
-2.636346404649483 -17.73147488906595 0
-3.134282696214283 -18.47808767666249 0
-3.553094796538945 -17.6588770553958 0
-4.053888030001259 -18.42674770223556 0
-3.63388211102976 -19.2561803966731 0
-4.660223382020782 -17.58771173138791 0
-4.566588941887777 -19.2126545109945 0
-4.136995086693563 -20.0539316485474 0
-2.911716153963319 -16.94896027655237 0
-3.893090586803876 -29.9135397162605 0
-4.874587884287299 -29.86728454148312 0
-1.381969369034437 -7.797551683617479 0
1.39612424318997 -18.67802641730959 0
1.823960163618321 -19.48803001181506 0
2.317893646925501 -18.70470716664736 0
2.746446562618719 -19.52770200965388 0
3.247128902697164 -18.73579724914416 0
3.682874522731384 -19.55006871376015 0
4.183272343719387 -18.77080996683032 0
3.746254651294212 -17.94052669905564 0
4.655991372870204 -19.53127284124361 0
4.682516412421392 -17.97714682249504 0
4.239900512242873 -17.15139242415068 0
3.461513636056599 -27.75048498040235 0
3.905970908821353 -28.62494270366296 0
4.877426633417532 -28.66430212428024 0
4.348400664026407 -29.49343106176648 0
3.393409759647879 -29.45528178825535 0
-1.941302851803536 -30.00124011687571 0
-0.9650491799333831 -30.04528582353473 0
-5.086214583431103 -20.00519885359558 0
-4.649826449699519 -20.8567003848493 0
5.4329968006644 -12.65356875697512 0
4.967825208128614 -13.3741441454317 0
-5.493176111116975 -9.43504899278344 0
-5.431743699792681 -13.07222726227004 0
-5.048929234991459 -13.86245338302373 0
5.330351515112046 -29.53627832982721 0
5.08226429875903 -23.60087732866726 0
4.075123461576241 -13.34187959951258 0
5.177618162308766 -17.1813992807343 0
4.799452085584774 -30.36758660081212 0
-3.705551579656018 -13.18678647865431 0
-3.153554389884445 -9.646516997332229 0
1.522061082109832 -7.005916335087445 0
6.161789435854875 -6.109152964432013 0
5.829943878856987 -5.492998088364539 0
5.142425622903997 -5.463065728142935 0
5.476628190171238 -4.887925834259965 0
6.178663865220697 -7.339755751732978 0
5.473141397379398 -26.14238423427872 0
2.303667415468729 -5.489851159112397 0
-5.594565403168065 -20.81674087352124 0
-5.168950433341408 -21.66494588229032 0
-4.207540814884056 -21.71082417486721 0
-4.728231864847832 -22.52028009072059 0
-5.517275432993929 -19.15510797472508 0
-0.9925821044348767 -6.332576369654507 0
5.844191716929647 -13.42552983576346 0
3.664334352102506 -7.843133215935563 0
5.625794927181682 -18.01542069674426 0
6.194037185223278 -4.88553205915708 0
-4.424933578791496 -30.74149900830007 0
-5.403395526755353 -30.6984149342037 0
-0.6432690456226253 -10.10761670318247 0
-1.05228872678858 -10.70939911423062 0
-6.065568888511622 -5.248449517659932 0
-5.979979636741676 -10.0973847246294 0
-5.696466163634293 -22.47617832962606 0
-5.250791514869553 -23.33937759236202 0
3.207275053389926 -20.30061509377327 0
5.815371180973743 -4.271387966099527 0
3.294334785416158 -11.84584143313382 0
3.049826688949347 -4.217507850463003 0
-5.739133667770713 -5.981477804675234 0
5.785435823496394 -30.41139705170438 0
-3.228914965568519 -12.48091750276407 0
-5.817700725404267 -29.8501861871889 0
5.928519941987646 -27.01021102534026 0
-6.22457358118022 -23.29476702033376 0
-5.789264197045235 -24.13414962219757 0
-5.911223027691708 -13.81801765950993 0
-5.565555422885727 -14.59568396987221 0
-3.764007758511449 -22.5637148060107 0
6.553810350542948 -4.253856557348614 0
6.175545304944564 -3.622440950838929 0
4.489127726384241 -14.10293116398168 0
3.602965271561784 -14.05845088118564 0
-6.325373604960224 -9.356188195446961 0
5.253502197058975 -31.24345579170086 0
4.266603635729701 -31.19872000966697 0
-1.492612922538865 -30.87033503852132 0
-0.5145433093821137 -30.91514672262635 0
0.01381628219542608 -30.08801442452943 0
0.4545841835727027 -30.95284806296063 0
3.345016878431577 -17.09664512041485 0
-6.400110722144757 -4.504447288727904 0
-5.906081630356818 -3.846230521761775 0
-6.547292132293443 -5.905309044830457 0
6.317574777544428 -12.68026135136199 0
-6.207416114611157 -6.652337387523067 0
-7.018519195716264 -6.586767825616981 0
-4.258591459307421 -27.34431776289035 0
-5.237626226407118 -27.29582903454215 0
4.814247130735131 -4.902178574499498 0
1.601368579574111 -25.96629701990089 0
4.630236234655397 -22.74338743824958 0
5.600946110763185 -22.78016400964425 0
6.056100709292711 -23.63843408263151 0
-4.95569377613193 -31.57246371694949 0
-5.893939023701682 -31.46848728255021 0
-6.243113926479062 -13.01623408271777 0
6.125190905093644 -17.20901304933261 0
-4.683708515087942 -14.60745949265488 0
-3.186055980834175 -20.10341573226365 0
-4.863896784749184 -24.15320208522715 0
-3.973790830849391 -31.61475837251415 0
6.241531088360965 -31.28865013013993 0
6.774218718293875 -30.45407162304721 0
-2.851697165648812 -13.23915640783697 0
5.670270975910741 -16.39855919329916 0
3.666080965595334 -22.70405149543912 0
2.092728094746032 -10.24488662915161 0
-6.425836937384418 -14.56428619569274 0
-6.075526858019552 -15.35753399895621 0
-0.05462357889042951 -8.457288021958414 0
6.954174970077966 -4.905099548111567 0
6.455446580323066 -26.18101146649631 0
-6.73030653097823 -3.74073224666957 0
-3.654420990811098 -7.091315594732612 0
6.940177209453136 -3.599282610315353 0
-6.755072455065642 -24.11826911856743 0
-6.41781552076886 -24.92401255800614 0
6.62248096680093 -16.4060990498145 0
6.72633799115899 -13.4620783167921 0
6.578531148893868 -18.05060548829421 0
-6.672137168059875 -22.42543106934498 0
3.999506758075179 -14.82743108734291 0
3.12835812997814 -14.77337449650158 0
2.733200148663157 -14.00426591808388 0
4.720685854666531 -32.07541120577255 0
3.73369902432295 -32.03006920423975 0
-6.797716849746366 -10.01168828530979 0
6.550676725603759 -22.79872055532951 0
6.115982011024698 -21.94996612463633 0
6.913397550021847 -27.05352126184926 0
4.505018775497563 -5.39310750540106 0
4.219062550889647 -4.906921086168883 0
3.928104659793386 -5.352746180405274 0
4.488878284449278 -4.404574249890797 0
0.9902400205015056 -30.13169468963402 0
1.398191716613923 -31.02263096510632 0
-1.366861064961856 -10.04999638283249 0
-1.753576586235138 -10.68288992525089 0
-2.379792013443267 -12.54982650138834 0
-6.225017078899754 -3.060350747732582 0
-7.119942911127247 -3.015437194896815 0
-0.06889216328557723 -31.76054952454782 0
-6.972361334681958 -15.30706504286138 0
-6.569424436986514 -16.14834685256074 0
-6.682689702970379 -7.3272549453722 0
6.536993356843057 -2.93007978820153 0
6.244563351136997 -14.18995143526822 0
7.207329392148262 -14.13685441859264 0
-7.364388891557166 -4.450417513611858 0
7.207443358150808 -12.69567148325384 0
2.478567597523103 -8.555401525641452 0
-4.704111249334446 -26.4719203846057 0
-7.166625024454031 -9.238279151097105 0
7.067188905488434 -21.96792659123697 0
6.604009579183163 -21.13593777080048 0
-7.511200752742216 -7.270452134023095 0
-5.401872722116805 -6.720705858935585 0
7.180934573906728 -23.59980845773914 0
2.077279789283015 -14.68530814372854 0
-4.503825923211844 -32.44885327740122 0
-3.246806279920583 -21.75492288256144 0
-2.805476675246258 -22.60523381898344 0
-5.396647107064176 -3.176803118037056 0
5.415079298304811 -3.754663260926095 0
0.5416823596187881 -29.26193718314656 0
-3.319875875968724 -23.41522780722818 0
2.189754405353874 -23.48740148283173 0
-0.9601077961061467 -9.458223470674358 0
-1.679113320519072 -9.418908908898654 0
1.939562729971333 -17.85596531468476 0
-5.772498707306898 -28.12053497501124 0
-6.221710502312509 -27.24413588341898 0
-6.756939830953559 -28.03719238700907 0
-7.209226496473446 -27.18697585675103 0
5.858054420935241 -28.70638394730266 0
6.792507624197382 -11.9127752376507 0
-5.842959234797242 -8.749066273479066 0
-3.322386043557121 -13.95139467441511 0
-2.463873675654019 -14.00184394822087 0
-2.935590458115791 -14.72293352258074 0
-5.701543174008034 -2.391252887757819 0
-4.899062096584364 -2.540864176300602 0
4.18694945281611 -21.89191948358954 0
-1.785826247536266 -19.33199405502142 0
6.067658260676977 -18.86423270120275 0
7.035680046229687 -18.87250545744534 0
2.604716409907777 -15.48888421173255 0
-2.760410095603876 -11.78556992742792 0
1.508905090095798 -29.3102786973259 0
1.066563300107996 -28.44007866265222 0
-6.469187901128707 -10.78490522480939 0
-7.447182294886616 -10.62102202828869 0
1.504406592940798 -8.00097571877102 0
7.346720160897346 -2.905124568878771 0
-5.602405169909517 -16.23282993608943 0
-6.186582075114949 -17.02519746241514 0
-7.103720940566102 -16.94190218715695 0
-6.687245832871833 -17.79851127737493 0
3.279847271419342 -31.15229217261946 0
2.757548287223548 -31.99079742266165 0
-1.456604056202369 -11.31295847737236 0
-3.504305596646755 -32.46528171995066 0
-7.34104205665173 -5.892353949121198 0
5.667092291836084 -21.09973516800199 0
4.863687015946269 -14.88005056083013 0
-2.378484554974703 -23.46460790242904 0
7.218116217195651 -31.32466865217987 0
7.79578454987732 -30.47968677555964 0
7.309948402417008 -29.61958588991447 0
6.694401586031669 -32.19612360748315 0
-2.307468897423459 -21.80754477162508 0
-6.993971090295817 -11.47839992401894 0
3.674464112655678 -4.912519854137193 0
3.393542265560168 -5.363195547195975 0
3.697162347193458 -5.856256425351215 0
3.108723115960214 -5.812130378113398 0
3.33320654691345 -6.279951348212498 0
-7.427574954877159 -24.93933313042886 0
-7.711045451169444 -24.05078297105641 0
-7.412892692396974 -14.44126757097644 0
2.824776844812999 -6.258232636920667 0
3.042890860325144 -6.74017785242031 0
3.219583264155758 -21.85215014332815 0
7.629426434888694 -32.17011451451651 0
-2.958425389107711 -24.25039143094489 0
-2.096130048765032 -14.75514058876283 0
-7.92452964422624 -11.45400855253361 0
-7.510087318881194 -12.19259533829215 0
2.509149601194471 -6.713033011333786 0
2.738081676862888 -7.210634764462957 0
7.372714001310077 -26.20296321413563 0
-2.468917569734368 -30.82582327599639 0
-2.019795520009182 -31.68323124572842 0
-2.413206150952725 -8.352327551262409 0
-3.726184693783244 -26.52512113421982 0
7.723979963378172 -3.628637030939474 0
5.994448091415062 -25.31754096058194 0
7.512652339582553 -18.06103206380333 0
3.844787674495746 -16.33314236697204 0
-2.549359457285322 -15.47827061613468 0
-3.415338330559772 -15.38419449813218 0
-4.171536825227014 -25.65031752392143 0
-4.178757089901998 -6.03246765826604 0
2.015488280514202 -28.50364796606631 0
1.559341828184913 -27.62479911714239 0
-7.49086684644949 -17.64222729683573 0
-7.222330330198182 -18.59635544656822 0
6.919909282637001 -2.204385587713062 0
6.068840750668514 -2.227415210223692 0
1.814785949251643 -13.81351016800454 0
2.333846294740404 -13.22180750114562 0
-7.932268956320432 -15.3278706433786 0
7.520793957488113 -21.16022011464056 0
7.681664093753687 -11.91494989837901 0
7.233516936169732 -11.12102849483967 0
-1.674354700383552 -13.99960443840682 0
-3.531972185217305 -0.8186987405739476 0
-3.947200509263245 -1.440824543755169 0
-3.249186730113538 -1.530692066115902 0
-3.656501181416325 -2.057150481893399 0
-2.932579779556637 -2.066668474802545 0
-3.329197722478083 -2.594194279309391 0
-2.722698067598824 -2.56254997761002 0
-2.422540741338451 -2.167557747319339 0
-2.251275825596661 -2.54309897927474 0
-2.029196923079665 -2.25925516561064 0
-1.852862828023545 -2.54961215261023 0
-2.047346152220889 -2.838600804094217 0
-1.705360329501915 -2.820303122134681 0
-0.9502020956389974 -2.725923228855726 0
-1.860490406940726 -3.087449185736049 0
-1.548691777492613 -3.061937000518737 0
-1.699867161840029 -3.321365910702895 0
-1.431581475444006 -3.303313154903647 0
-1.553998831257475 -3.537785310833373 0
-1.308572849578849 -3.516299542857902 0
-1.408437299541651 -3.750981179941169 0
-1.129361545439753 -3.696370648231368 0
-1.261161697668387 -3.976671733919317 0
-0.9879851838583944 -3.949207822090296 0
-0.8549847159538808 -3.698911330496596 0
-0.6869848421882744 -3.888412339300849 0
-0.81114775463081 -4.152127557491518 0
-0.5400869885153452 -4.126507576420387 0
-0.4275381102685167 -3.890079509553903 0
-0.2849474431732163 -4.089431641933968 0
-0.1838498989802164 -3.818632607219684 0
-0.03461873697542323 -4.039116895925543 0
0.06264250476541224 -3.814528483080144 0
-0.3598777829099893 -4.348378601991501 0
0.2064000589205315 -3.999157850264636 0
0.2778365399152798 -3.776476983641242 0
0.1507938790460617 -3.615859451873421 0
0.3474299745116357 -3.554498972996821 0
0.4778340982721554 -3.725519012036203 0
0.5418833032715464 -3.542279313481169 0
0.6667434773065857 -3.685645186654713 0
0.7199449439326973 -3.509611060138184 0
0.8497093469479947 -3.645749906264046 0
0.9042052400594175 -3.450528437333217 0
0.8750000000000603 -2.843301270189117 0
0.9290889605574242 -2.846079459658503 0
0.9502113986982691 -2.726304002965048 0
0.9003181722120264 -2.897156850775191 0
0.9652219887297233 -2.899568230199456 0
0.8097149126320822 -3.87588486672483 0
-0.3488772676707494 -3.653678743025413 0
1.031788061232936 -3.601564184841456 0
1.094634390223748 -3.424364330537126 0
0.2066806569551991 -3.432606591878397 0
0.929789189273458 -2.959550976266562 0
1.007303274178974 -2.963480358149519 0
1.043513555174435 -2.889625398562402 0
1.09255587424363 -2.961261083056533 0
1.137084405570301 -2.876801369690833 0
1.199187466977289 -2.962688436312331 0
1.253677854898415 -2.853134697849088 0
1.32506919868364 -2.962904799512363 0
1.385676645764661 -2.835111387428755 0
1.466944278378711 -2.961111076002022 0
1.53290061488766 -2.826393151169821 0
1.44130016858245 -2.699924562269307 0
1.604209376699196 -2.689526183005573 0
1.505088520361646 -2.548289354965022 0
1.68155648795978 -2.539187047256469 0
1.571659087992451 -2.385831195547985 0
1.75845932653078 -2.366477646565054 0
1.641092662504867 -2.216596025043319 0
1.626580989698218 -2.959444218764629 0
1.879281840040117 -2.537646385445661 0
1.95957710387221 -2.337485652650703 0
1.546856551174859 -3.10753137843261 0
1.214632922350343 -3.562426027918869 0
0.6003588451427304 -3.380544271785616 0
0.8553103821637351 -2.953610034919988 0
-0.9433012701890068 -2.625000000000609 0
1.728426761925013 -3.106264332489032 0
-1.720044169758931 -2.270709977233799 0
-1.209065350363472 -3.270335343957433 0
1.444064993348317 -2.252631084227957 0
1.524177285034352 -2.075282929919396 0
1.707985835873719 -2.036952526024125 0
1.559483870477107 -1.871688681571231 0
-1.830998941539147 -2.023626067621803 0
1.187972576820324 -2.769592915776581 0
0.1201008543202333 -4.24289015683885 0
0.8891792673657933 -3.026619691979553 0
0.7993545541751735 -3.013442818889109 0
-2.166710125992877 -3.130486116020032 0
1.162531961142506 -3.7569240739976 0
1.0476591995337 -3.055676259195901 0
-1.549323650724617 -4.003450860406855 0
-1.382436362586209 -4.261909896168131 0
-1.540409339914571 -2.048358496094442 0
-1.651266769837737 -1.798167184770677 0
-1.470915804229362 -2.273967543915977 0
1.356168719562712 -2.109310783785418 0
0.9450049294072098 -1.924999999997961 0
1.632620298682651 -3.279832468928871 0
-1.823416771154037 -3.566387968837717 0
1.835423298650176 -3.273332337536548 0
1.934935266966166 -3.08223444740627 0
-1.462572584959992 -2.853980840531185 0
1.289095134313625 -2.240340658917472 0
1.801752291990291 -1.83049812893667 0
1.36723160260501 -3.712994618004066 0
1.306364375172449 -3.917539452741153 0
0.05144032029274295 -3.466842704198996 0
0.1139740343096022 -3.316231240421794 0
0.1750000000019094 -2.843301270189099 0
-0.02423124457358691 -3.332642497911564 0
0.07500000000219378 -2.844087944632434 0
0.03665330745230626 -3.199391998236769 0
-0.1727115118025052 -2.844255585634921 0
-0.09296398073278654 -3.218773162042782 0
0.1714378877316831 -3.186600919693657 0
-0.04887430298781085 -3.112792102110753 0
-0.1614925450713285 -3.108499623246435 0
-0.2098646106808612 -3.221321259591292 0
-0.2707183224221759 -3.12610974646323 0
-0.5249999999989908 -2.843301270189328 0
-0.3233072727298633 -3.227175511637649 0
-0.3847866188912213 -3.114264895372061 0
-0.4387675090475181 -3.230167689572776 0
-0.4967942275006152 -3.13282371360693 0
-0.5582460895425853 -3.238542739854781 0
-0.8753597672286644 -2.844833872303264 0
-0.9366343288564216 -2.843090852745135 0
-0.9013160096097834 -2.899816787978241 0
-0.9762718100316184 -2.897402497301533 0
-0.9325082226566389 -2.966907207738981 0
-0.8458951589792598 -2.953078997853611 0
-0.8863971468705293 -3.042238950891987 0
-1.016996769888524 -2.970758393176666 0
-1.063216923573659 -2.885485737506791 0
-1.115047657393952 -2.973432907659513 0
2.102959926603434 -2.529906042806763 0
2.19614714102442 -2.278560726220952 0
-0.7935793271833665 -3.036400606420639 0
-0.8337388107829313 -3.127150755419603 0
0.8471553379639585 -3.10626583331099 0
0.74822593066668 -3.097378110066229 0
0.4779478643299516 -2.849701600574168 0
-1.342233678520851 -2.126001647261472 0
-0.9452824208356168 -1.925000000002493 0
-0.9433012701891614 -2.025000000002366 0
0.374987436808626 -4.186322494455561 0
0.2856035225475248 -4.458462351437274 0
0.5713543183137118 -4.395378185209056 0
0.4820075814129373 -4.685859547942923 0
0.168588174915362 -4.744697898200132 0
-1.270068640559271 -2.296583698213734 0
1.642803859850331 -1.650011704213354 0
1.38381462801017 -1.700007260974979 0
0.9483531487126597 -1.562705320743616 0
1.47341521011396 -1.485053437218365 0
1.255306835053293 -3.073599478711028 0
-2.929603889830308 -3.080460716569956 0
1.214842674329733 -2.129510463698094 0
-0.454401013791263 -3.03560066108408 0
-0.5460452065863973 -3.043555980335681 0
-0.4249999999987236 -2.843301270189328 0
-1.936079070424524 -1.760177166668484 0
1.361169292150723 -2.563275081266827 0
-0.1034477687638362 -3.02717958136602 0
-0.01500370296047573 -3.018021415036614 0
0.7855417014964325 -3.209463670107948 0
1.153197510619967 -2.242755540470386 0
0.7061349313155523 -3.012617504480881 0
0.6531953154291444 -3.088021881395858 0
0.6177375765415716 -3.004918137732771 0
0.5623308166018514 -3.077268053026616 0
0.5750000000007818 -2.842276465030743 0
0.7845887893586175 -4.622622231387107 0
1.734669821859457 -3.465165811983826 0
1.981265396059552 -3.458405023347104 0
0.7764051526935171 -2.846219911762127 0
-1.380359396809026 -2.43100306150179 0
-1.209402676023942 -2.43757272107691 0
1.740864887928869 -1.375008331578366 0
-1.708250162920652 -4.287034512034326 0
-1.517936197776653 -4.574933018905799 0
1.281394162130434 -1.508455674424611 0
1.322809825778543 -1.335777912763693 0
1.215361144681436 -1.726049192291703 0
0.5318396308236354 -2.995308154153975 0
0.4740997045210767 -3.066042271767076 0
0.4447975558700051 -2.973291292290562 0
0.3878872798867755 -3.05147379332542 0
0.4245208837672959 -3.145937838077075 0
0.3834263500215085 -4.998045469496921 0
0.04549506486511046 -5.057400943941684 0
-0.7749999999996705 -2.844726942225983 0
-1.16933596120915 -2.153094274683078 0
-1.225684221030415 -2.014136794785163 0
0.8496224827295513 -4.336197616784663 0
-0.2621309894882309 -3.313756640087751 0
-0.491727135923858 -3.350031535950628 0
-0.628973135712394 -3.355138981647521 0
0.918111362895302 -3.203979415631469 0
-1.164498188408411 -2.873242134451496 0
-1.092846727616202 -2.787127268252293 0
-1.289902801829362 -2.563536073548472 0
-1.150531695936123 -2.553774909427708 0
0.3509333551144636 -2.962971212291946 0
0.3020264953028988 -3.040221540545645 0
0.2686315252646848 -2.966041318104316 0
-1.745439415971041 -1.518163068721165 0
-1.492446230189664 -1.62290930038337 0
-0.9433012701893282 -1.62500000000171 0
-0.9506293172157394 -1.53045272005075 0
-1.235851871709045 -2.975600845200617 0
1.538148439322499 -3.882883714179736 0
1.434435879345769 -4.125628232742578 0
1.264005763915697 -2.005263770859257 0
1.128253779936925 -2.027630588439251 0
0.9447165045548731 -2.0249999999983 0
1.257515309641156 -3.374669926775851 0
1.226063739159867 -2.349756440619475 0
1.118216213394006 -2.35835588052056 0
0.9433012701892574 -2.424999999999542 0
1.178285762222411 -2.451906822418656 0
-3.574269667224924 -3.1051734956284 0
0.2194463394685219 -3.031115930778484 0
-0.9527462835147702 -3.134105631351919 0
-0.8828689876297099 -3.242498053926683 0
-1.090080927773614 -2.467422788706762 0
-0.9531935269212172 -2.430949372207563 0
2.366657256825807 -2.510666121693405 0
2.489027190890342 -2.255088444519106 0
2.29339282252764 -1.990932981316335 0
2.63425522470697 -1.946624218961812 0
2.251772831643141 -2.754699785389271 0
-1.45198066224706 -2.574575616709885 0
1.068716542085441 -2.451540294166202 0
1.128831884141895 -2.538272389622034 0
0.9434728271448386 -2.619396775305745 0
0.1864813632560318 -2.957573277306953 0
0.1274108472634228 -3.039842631284025 0
-0.1015763878670398 -3.469958458940877 0
-1.135230029060656 -4.518692196438598 0
-1.303010834806338 -4.873777675695058 0
-0.9301877681820082 -4.831196397891277 0
-1.083589685942849 -5.193787410292272 0
-0.6910199199397452 -5.153703853438019 0
-0.8485228679824683 -5.528037687612855 0
-1.322581802356667 -5.575009344720091 0
-0.4468195981985877 -5.480646557134891 0
-0.07188295261824892 -2.954431206689927 0
-0.1437541524916559 -2.956786582471788 0
0.009685691851114939 -2.940206056685791 0
0.2869910299315463 -5.335484882778686 0
-1.204956345010526 -2.769231616577145 0
0.599618070221185 -3.166567725731936 0
1.094182415355548 -1.593151950743732 0
0.9433012701890865 -1.674999999998421 0
-0.50255921307021 -2.956217936069786 0
-0.5889153720309215 -2.964554793320308 0
-0.4110196376152441 -2.955931991666163 0
-0.6318346555166476 -3.032544009196986 0
-0.6695288752390495 -2.960173556321976 0
-1.517029223058497 -1.35070714992182 0
-1.263267103660188 -1.348168887561935 0
-1.351788307437706 -1.15093771512727 0
-0.9415900516074611 -1.065913589919607 0
-1.214478917610305 -1.604605071210156 0
-0.5539068666046827 -3.480852321500331 0
1.057957631559904 -2.288212248756088 0
0.9452897275426194 -2.224999999998996 0
1.853510907058995 -3.670143501727855 0
2.102231154625394 -3.680114906629077 0
-1.089600365562926 -2.037027826676377 0
-1.123414208232063 -1.919073050448548 0
-1.25956754540849 -1.882812963085139 0
2.411866472709784 -1.659981520414287 0
2.833457658986264 -1.568120488885532 0
-1.137465205241794 -2.27554001667904 0
-0.9388514941871728 -2.225096180835827 0
1.085297991522022 -4.542018601002636 0
1.007429984815161 -4.839082094466168 0
1.137417304830655 -1.387742906571263 0
1.176565412099798 -1.207741462263694 0
0.9425859913029774 -1.062931943828136 0
0.9546769666548636 -1.328476591919886 0
1.373592205739779 -1.155365666816782 0
1.235356837703811 -1.013815904174413 0
2.520887537069416 -2.750116966475009 0
0.4013608871560499 -2.907711120679124 0
-1.837357375826856 -1.217457194178622 0
1.078423460804546 -3.970795834771316 0
7.824130801255265 -2.235151981669172 0
1.164848535609584 -1.922934002306744 0
1.291578400574473 -1.853438273596126 0
1.087427473100754 -1.793082147809063 0
-0.1713907629763546 -4.80274969303377 0
4.190211354969219 -32.85699817591449 0
5.15913688141554 -33.00944712443432 0
-1.068350635867048 -2.19996199974274 0
-1.306334391085812 -8.877057239922465 0
1.059103384644225 -1.938929951253096 0
1.103384507229848 -2.132735272974658 0
3.59880684843545 -6.772793797383714 0
6.099422688374935 -20.32007768667352 0
5.204909687246184 -0.8588421897838933 0
-6.670259145367203 -26.36235084597905 0
-7.499791586875691 -26.44355870049985 0
-8.199883560763078 -27.14312225957585 0
-5.189626960073042 -1.736025805221186 0
6.168854976733257 -15.60878940713847 0
7.160208538297462 -15.62867115140653 0
7.542393383841803 -16.4114799694956 0
8.07313636253453 -15.60387966328384 0
-2.732822455178737 -1.619506753877414 0
-2.043710526161455 -24.28517166653117 0
-1.889982863488603 -3.931287014474272 0
-2.086686437986047 -4.290284405475767 0
-2.32465711332306 -3.952636851419336 0
-1.153526915114748 -1.204888675435891 0
-1.205284254700618 -1.022137118446941 0
8.039657491995596 -27.02915464623479 0
7.381049061694071 -27.91722207535558 0
8.278464340800356 -29.64658120645075 0
0.4412886893303201 -3.408683145636179 0
-5.698048814543167 -17.90994943228926 0
-7.144761643197325 -7.976521710791186 0
2.167767462312529 -7.179209823908871 0
-0.9524383538649341 -2.781835461785217 0
0.9447764264239131 -2.786650922298323 0
1.004723604970655 -2.752221363197562 0
-1.153117276582079 -1.799643494208803 0
0.668964959403343 -2.943705513379634 0
0.7477967391025154 -2.943971921324024 0
2.236861334664114 -3.454876568560064 0
1.653647491225998 -15.52250115631542 0
2.109188976293482 -16.23601190024757 0
1.002209396587888 -2.686584347608608 0
0.04410967343105633 -3.086815444352262 0
-1.717951897335857 -15.51287566360748 0
-0.3160683361835833 -3.035976747788214 0
1.058874398940406 -2.713185656880781 0
7.115987643338897 -33.10333805765035 0
0.5896905041210625 -2.926471889433997 0
-0.7295309750564751 -3.501929543076705 0
-0.6333185903941472 -3.648647417794383 0
-0.9252972155481634 -3.511757084514839 0
-1.878984478500917 -5.546161432089952 0
1.019347361097945 -2.360519717840597 0
1.139563788651136 -3.265293445006971 0
-5.121212831141492 -25.69279087287069 0
-0.7197775245068365 -3.113385428891295 0
1.045175159699293 -2.058637137324885 0
1.979348191685824 -2.063526714874854 0
-0.2361723315945956 -3.032019476027497 0
-0.2788118548068274 -2.958000560393227 0
0.0978944496871853 -2.945570439444538 0
-1.056498277570957 -2.552867691829747 0
-1.086144179002852 -2.647377197969303 0
-0.6340993621640358 -5.974805838817612 0
-0.1560901792854019 -5.830737620672114 0
-0.2356345615875393 -6.331987818226299 0
-3.201597885304909 -3.715797390427348 0
-1.065414779259133 -1.841660413884656 0
-1.060429721341851 -1.726307053034266 0
0.2436860115248888 -3.28326717521479 0
0.1675796713690503 -6.199258350994304 0
2.404585085186998 -7.646064885108176 0
0.5108488203585616 -2.914529699114058 0
1.55755104359601 -3.436474518345934 0
0.2259801639582787 -2.893274036749634 0
-8.158137355741681 -8.019377254313298 0
-8.335080746826222 -7.040072684734708 0
0.6539266292462161 -5.288733058021482 0
-1.108496132831068 -1.347958264408449 0
-0.9418170204008978 -1.32730929953493 0
1.070241583375349 -2.63457422865492 0
-2.2970229927865 -16.22488553061321 0
4.561427620071077 -33.75159481511827 0
1.416861227008805 -2.425597583876512 0
-1.61494416346133 -6.029078011238155 0
4.699790038375721 -6.014298878111619 0
1.029389523998032 -2.546982947319782 0
1.157610105797503 -2.624861515026849 0
0.2729749418962184 -3.187468138114169 0
0.3798933262038689 -3.260078123526066 0
0.4797369059593864 -3.227414482416684 0
3.185649896735084 -2.184796411222129 0
8.171136919893197 -12.85323142945488 0
-1.172211143289721 -3.091062944515092 0
-1.327373767209253 -3.111259551448717 0
2.385986746043713 -3.008562596517692 0
2.827443653340393 -5.344407167449213 0
0.7585414609651294 -3.357155618954129 0
-0.1190834240386203 -2.892244785341933 0
2.773440447755867 -3.00830497788025 0
-1.029908785103938 -2.288796191609425 0
7.413704745566942 -1.414847759981316 0
8.114060776188735 -18.95860590585571 0
7.463639808347932 -19.71993170215215 0
3.94754124099633 -4.460009150892 0
4.178411844538152 -4.001629112760114 0
4.70908163420101 -3.893523086992759 0
4.311342005775123 -3.494299990121089 0
1.090056424982313 -1.074004023083338 0
1.110781448475961 -0.9364013896128068 0
1.163178814420328 -4.252360664857108 0
1.42969643103414 -4.422568884614603 0
1.510486031760224 -13.18558289673316 0
2.01168443136433 -12.52236000456574 0
2.801789833963718 -12.54361265581125 0
2.44686542112122 -11.81723093531505 0
1.599245624925442 -11.84592462495511 0
2.900066432105081 -11.10754906022668 0
-1.037089403469819 -1.962302446446907 0
-0.6265117805593077 -2.89399168357512 0
-4.556862012250902 -3.295442815636114 0
-5.349532321598361 -0.9095320517201596 0
3.183007379928524 -8.425840107905572 0
9.062578075550842 -8.506589042596843 0
8.243761315230248 -8.973686478422914 0
8.213403277094738 -9.915452690537446 0
7.455264975230547 -9.384339822352727 0
7.486648292259448 -8.517089581193652 0
6.750249224202541 -8.951948102927549 0
6.699980388228608 -9.745430107641457 0
6.713443578134003 -8.052102723556009 0
7.511069594816909 -7.586792406821939 0
5.921560444196287 -9.272089937915831 0
5.922829283893527 -10.06356699439869 0
5.290703989906852 -9.72682477486185 0
9.058746952271767 -10.47812696142056 0
-9.063407895698878 -9.481037541589815 0
-8.273034001519918 -10.02973005688561 0
-8.161691371023208 -9.073789271463948 0
0.4281884660594198 -3.941961278124046 0
0.6378115922376414 -4.098095824338004 0
-1.286182528911839 -1.726378691669109 0
1.78947626402404 -4.490462699091037 0
3.996783728662744 -7.277437581988181 0
-9.062553317267231 -4.49812332038701 0
-8.258434872797466 -4.929942632321486 0
-8.242181658976074 -4.011836422926641 0
-8.082534084663346 -3.026075569974046 0
5.119880953139201 -4.352375495444773 0
-2.670322515516806 -3.576158720038364 0
-9.012071676189111 -2.540947872418768 0
-8.163945091071911 -2.110936927531569 0
-8.080075014735041 -1.151139159564333 0
-7.32908787253082 -1.663570357451276 0
4.917318557556706 -2.178764495348686 0
5.043011949095281 -2.776708528417581 0
1.062148162579612 -5.389542916729586 0
-8.919691572784515 -11.47345979378195 0
2.069069659919913 -11.2117401877686 0
0.3017482591799662 -2.906936547515226 0
3.392415334794412 -1.541540120015556 0
9.064770983452359 -6.541625417716813 0
8.269254920205002 -7.061995616201266 0
8.263609116840705 -6.114283331983851 0
7.559364983741863 -6.615272599869066 0
7.442841883122043 -5.626073048703645 0
8.244447801548786 -5.20743382747204 0
8.088006912463799 -21.98570986904639 0
-1.004440893617469 -2.751342561323701 0
-0.9999013929661444 -2.678702510858185 0
1.077585261144204 -1.289184068073706 0
4.166871172457367 -6.124096264555429 0
-3.60453564128456 -11.73065322790293 0
-3.019947541963727 -11.03733641114028 0
1.302266011850142 -2.703827144583144 0
-9.097532873346651 -6.527486867137981 0
-1.4316618732999 -1.842608252513231 0
8.158608927053697 -11.02112867144718 0
-9.056016946969109 -13.48934905783238 0
-8.075159622977537 -12.9514399539068 0
1.289700879625091 -5.060360458555113 0
3.156982700498415 -4.915095551030795 0
-8.12794939884219 -16.94801733343579 0
6.330730575693234 -11.23259498086389 0
-2.737630950238178 -20.9569234071873 0
-1.828774906924241 -20.97256188649341 0
1.436340041220497 -3.279013407698595 0
9.037822121415017 -3.474793805389716 0
-0.2396999817347603 -9.539476933643202 0
2.707823090760471 -22.66575683246418 0
2.227981049027246 -21.84832042925792 0
1.741079864676712 -22.64711829591997 0
1.373701646683459 -16.18011316820784 0
1.44973446967838 -16.96412476103729 0
1.10237468285842 -14.87864925605321 0
0.6036441234355794 -27.5795858118972 0
3.682657575303846 -12.58567353182945 0
-0.4023491494603932 -3.47409523636157 0
4.74949609675005 -16.38906942215229 0
-0.7529381273708778 -2.949727964681167 0
-2.00541642229824 -13.28208069348301 0
-1.57554529624522 -12.59480027395381 0
9.100552317591351 -14.48720337760427 0
8.208404452482563 -14.02407709840564 0
1.074281194006851 -2.791340642309164 0
-0.5391885780476644 -4.837693340078472 0
8.272852399124565 -8.027148080039584 0
2.84737296248044 -17.88821998117769 0
-8.218761106375364 -13.91693480477437 0
-7.485813926800765 -13.59777565090562 0
3.14952237247226 -23.52215522655237 0
-8.205680766948047 -5.939797861208235 0
5.725663133829247 -3.018092726734317 0
-8.929828374739332 -15.4150168201099 0
-3.989018762224778 -33.30577612487828 0
-4.948315131223947 -33.3282659826051 0
1.985883266337247 -2.749738689837133 0
-0.534767098293074 -8.934979314665952 0
-0.8614186848099256 -8.260529714864484 0
0.2915144588124924 -5.781732153317583 0
7.411416196988377 -10.27677370126607 0
-5.819800165059893 -7.392565681349403 0
-4.989338335681813 -7.462020384170772 0
-4.472458591109368 -6.766149067813428 0
5.148888637801584 -21.92142634621941 0
4.69265430536255 -21.07252827215775 0
-3.196170573107869 -25.71965033099687 0
0.08748734824433396 -28.39736736977974 0
-0.4376712585345169 -29.21866582152062 0
-1.903372732252637 -22.65511596228936 0
-0.7509846459084581 -4.587195645905214 0
-1.079713670376079 -1.083516703973093 0
-1.057738223915932 -0.9349371352100282 0
-1.158469642048088 -0.8079935353827408 0
-9.038438545537874 -32.49385623339114 0
-8.170981304703766 -32.00008514535271 0
-8.168843935362112 -31.00438090900082 0
-7.350854218906345 -31.5801806574047 0
-7.323039251898678 -32.52494677837385 0
-7.230075501321232 -30.57554511855104 0
-8.153848656159811 -30.0202213793567 0
-7.303314268748089 -29.51330640716516 0
-8.158645124287931 -28.89053586353709 0
-8.176778170909095 -32.99465648671808 0
-7.306065829156923 -33.49385186853729 0
-6.487426398933275 -33.01481077257161 0
-8.277134333541815 -34.07612533964691 0
9.083764815545702 -32.53091643939725 0
0.141219615616928 -26.72917298253864 0
9.039464930558919 -17.54286689986988 0
-9.039735283413844 -29.48574246109681 0
3.013775876940606 -26.86911564973582 0
-3.836295181696834 -16.85130077386255 0
-2.121666835234333 -10.03871260725565 0
-2.399164457137467 -9.314300874171799 0
-4.293450592985294 -23.3695178123561 0
8.894174059115054 -30.50161715406222 0
-3.280938718408943 -27.3996676305018 0
9.034154461052752 -27.5003115350429 0
9.055025674127949 -19.49310100867384 0
1.941982569681604 -30.20438861631976 0
3.202662537957599 -32.82401327084202 0
2.217855555862319 -32.76392775217322 0
9.052539660879678 -25.50288860417355 0
8.275350094160489 -25.00760265122552 0
8.177002801411465 -24.01171010691122 0
9.033940976608202 -23.50534658902207 0
1.80206911464827 -31.91382536288326 0
1.286880074928395 -32.67364947446243 0
1.82381316016196 -33.47003171870644 0
-9.04040258621283 -19.49999404586817 0
-8.175586557577581 -20.00743499100932 0
-8.172842722583594 -20.99639721967789 0
-7.370487809363425 -20.48518723291399 0
-7.21541093996102 -21.5415328093215 0
-8.168431828541962 -21.98568218630277 0
-8.206538561357736 -19.0254051395999 0
-9.072059566867475 -17.49133716588043 0
-2.267531376492443 -20.12383117579526 0
-9.086672183823385 -23.49933891327077 0
-8.168987418931438 -23.10794119420259 0
-9.110911884416321 -24.49425548974553 0
9.062101628182392 -21.49879500119556 0
-9.044100863829005 -26.49628123231359 0
-3.689922364949025 -20.90757149673778 0
-2.474744497295017 -34.14648396047631 0
-2.003133527001861 -33.30121809039692 0
-1.022867857291386 -33.30808935777626 0
-0.4953342898037998 -34.14244148627952 0
-0.08001141075528335 -33.34695145855235 0
3.829051407487468 -30.3301860740714 0
-0.04221930775605173 -3.64528681027327 0
7.424999999991435 -34.14263485025072 0
6.156283845842088 -33.17667825476614 0
-5.682505165651905 -26.47274637118648 0
5.704256908895961 -32.16496101904949 0
-5.589586857843101 -32.49119926830395 0
-9.035841384952592 -21.49630696219135 0
-0.5581227781982919 -2.900748353201499 0
9.091201273453535 -12.46298836562458 0
-2.916360925765199 -29.95606453110594 0
-9.032713180846706 -30.50200760261183 0
6.904649597206615 -25.3722057640136 0
-7.68460152845282 -27.98759206954247 0
6.315582052839486 -29.58006685148539 0
-0.8909980761633338 -28.35838490622543 0
-1.041585561408681 -31.70108085095058 0
-5.317387456265255 -28.99895119426171 0
-1.189832881174185 -17.03418512290587 0
1.233241296574494 -23.46376886517246 0
1.711818019036176 -4.039870024367427 0
5.402272419760489 -27.83641351608786 0
-3.510430992239455 -10.3460542621915 0
-6.139148062902565 -21.62220356609615 0
0.6503820197623658 -25.92098178805922 0
0.9611383617855742 -17.8856663056335 0
5.014507992859635 -25.28182014997921 0
8.99766669336061 -15.54493684854603 0
2.253937275285056 -20.27991075927148 0
-4.768803140028373 -16.66591643303553 0
-4.773875426356962 -15.90827297716335 0
-7.200513818735067 -23.24799551538379 0
2.563495653880734 -26.0075180076638 0
8.160669644006727 -23.03689004563347 0
-3.952124874862983 -24.19992756665948 0
6.921055723393824 -7.110242026029363 0
-3.447348076535963 -30.78337392000327 0
1.000300377351865 -2.474354593089949 0
-0.8918722295072767 -19.36256715910277 0
-6.412756883876799 -29.02101843655051 0
-2.753023836133979 -26.58771119511812 0
-1.676601693375767 -4.925432917795757 0
1.331527282643048 -20.25164130803282 0
-2.993643793981797 -31.63878676723252 0
-6.650436821702504 -2.225359531105629 0
6.383066125339519 -27.87780284460076 0
5.536845082399801 -24.4587721361564 0
-1.034217297117543 -3.274587883974013 0
9.054858399270588 -5.560150666407896 0
-4.150331462606696 -2.65396941102534 0
-0.3139774552474224 -5.120042668944189 0
-5.99882078774357 -20.03574539327285 0
8.15911820326264 -33.09301328873963 0
-5.102567826613145 -3.95595625768208 0
-4.185460832352024 -13.90101920103445 0
-5.770182346045502 -12.30319874924659 0
5.123954345379668 -18.81153682751124 0
-3.646336830582243 -4.249260832150283 0
-2.704582765374316 -19.30245820005783 0
6.847957071052208 -28.74906974112657 0
1.080364529460063 -10.78984328121618 0
-2.999416460995974 -33.30624361051626 0
1.805808765629175 -8.554237129697231 0
7.768755521152873 -28.81926948711414 0
5.352538262167602 -14.14498560525501 0
7.06519985517224 -17.23344681282794 0
-0.6059733237147913 -3.131813507537835 0
3.022247971235637 -7.737144045929147 0
5.15577313167914 -10.46614665558358 0
-7.506774068294569 -16.10718874676435 0
-5.428158811203145 -34.17303368825915 0
-4.938723655978308 -6.035777751919796 0
6.509911908007647 -24.49180030685312 0
1.26684615266445 -21.84505404368229 0
-2.042278814444239 -7.8011896889618 0
0.8008862980890687 -2.901996032321032 0
-5.992274004716204 -1.590809438828086 0
5.89880300894044 -11.93370109954709 0
3.190982806118488 -13.29307914036798 0
-0.7285059887152465 -11.35436402766698 0
-6.878300525214164 -5.182911962995176 0
2.415192787197009 -34.24479183037069 0
0.1715958196852273 -9.018018573780068 0
1.089678868110953 -26.75781592875674 0
-5.639426359804451 -10.85019451585622 0
-0.07818057067122447 -2.845000758598699 0
-0.4562761427091233 -2.904366463550862 0
-0.2749999999983169 -2.843301270189333 0
-0.3038610009426002 -2.899489186235293 0
-0.2467271455540508 -2.899100508742633 0
-0.3613090239807853 -2.900516608049245 0
-0.3781926427299105 -2.846291318269394 0
0.2713366332790802 -2.848419774367152 0
0.3752753772820935 -2.847753474202916 0
-3.225680140369295 -6.573334560119442 0
-0.6253023561112724 -2.836118844790755 0
-0.7249999999995309 -2.844408279147518 0
-0.6998297971946277 -2.896410051182329 0
0.7252341921159293 -2.844452961016287 0
-5.017183375407699 -8.825659688439908 0
-2.763803257779282 -10.34640954888579 0
-3.793481901803808 -14.64436037523451 0
2.054483227403932 -26.81075397894774 0
-0.3224720750103045 -7.875056904444079 0
-4.919602558477098 -18.43768090797199 0
1.005089078576244 -3.30218510455891 0
-0.6764578702393612 -3.230569293311166 0
-0.7712150244835247 -3.342345848599743 0
-7.380409049352419 -19.59056917256896 0
2.084784479516009 -1.758872546578426 0
2.146955209587022 -1.382824293223453 0
1.95041790418842 -1.036535909544787 0
4.104395145396432 -3.031744926433658 0
-6.267277683036125 -30.64136513039522 0
3.376860311864136 -4.437982534279709 0
3.683522455347201 -21.07789774932412 0
1.415715533080778 -10.22343889649771 0
-4.226589750813536 -7.540455557156514 0
0.02500000000231964 -2.844336434937946 0
0.05000000000225014 -2.891110094429858 0
-3.886638497741013 -3.641662716698935 0
8.125080902735576 -17.16722994304344 0
1.234386946685415 -2.576300060282639 0
1.765913964191204 -21.0518244965177 0
5.900151804148304 -8.019441331249077 0
0.4269037490645671 -2.850373926568161 0
1.24910753984021 -0.4489950113617542 0
0.7835163018433327 -0.9120524969869657 0
-4.458847319561902 -34.16092091565595 0
-2.209784826204042 -11.27562782386007 0
9.068352393142053 -1.506303059796283 0
-6.31483348287637 -8.040151252264318 0
2.793474709816046 -10.337455443379 0
-9.091308751770015 -27.50473820670368 0
-6.309387410093499 -18.59833548935153 0
3.67878992890409 -4.061883382499318 0
-0.5749999999991209 -2.843301270189327 0
-0.4771837350194797 -2.847170225874919 0
-0.2249999999981723 -2.843301270189326 0
0.2250000000017673 -2.843301270189093 0
0.1250000000020518 -2.844444591926958 0
0.1517259961512659 -2.895163108100623 0
1.593297209437416 -3.646523406381407 0
0.5266424624636015 -2.847109387830661 0
0.6250000000006315 -2.842439303720076 0
2.511574653499901 -27.69407001432689 0
6.578862302572078 -5.527517336842665 0
8.440506908111708 -34.16738184304489 0
-0.0634311030940454 -4.498067977604676 0
-0.04741020924536271 -2.893783896313622 0
2.957805215652673 -28.57764112416943 0
3.486575373498563 -15.5470455967933 0
0.82500000000017 -2.843301270189124 0
-8.34718443585334 -24.79256011449512 0
5.198034754544283 -20.28293438166814 0
5.379549763895793 -34.08009390937389 0
1.290986352114144 -2.4547777450007 0
3.793064697585355 -3.361930436751859 0
-0.8250599612046203 -2.845288715333443 0
2.450697657351477 -29.39417383390745 0
0.0584529780941191 -3.009200069495722 0
-1.000602124032988 -2.485799087948431 0
-1.014520085738409 -2.413722616964546 0
1.185152318860125 -7.498420659599685 0
-1.589092778022532 -2.44849490835248 0
-6.127565973708048 -11.54148436628391 0
0.9433012701891241 -1.874999999997935 0
0.9984530801349853 -1.898050581549753 0
1.005606313142106 -1.838931799019439 0
2.886595028516708 -30.313804811308 0
-2.514280687592663 -32.47901213429102 0
8.043503943133899 -4.364182121417046 0
0.9517701028023385 -2.381008219880275 0
3.343857572937394 -7.263553543019978 0
-0.7999999999997431 -2.894901559798379 0
8.204777870887813 -3.062898226583111 0
0.9453487246170639 -1.974999999998126 0
1.003816104256009 -1.999987685977049 0
0.9493590100651252 -2.080663311358191 0
2.352188376454639 -31.1298140718277 0
-1.364760823870757 -20.14620321307263 0
0.9512588627355418 -2.1723299780252 0
0.9945857387088423 -2.1964893250372 0
0.9443432182622494 -2.275184592124034 0
1.035049696472525 -3.175902095675263 0
4.362076992798833 -15.60091759772499 0
5.529958907684699 -1.704217168298469 0
1.818773332953485 -2.906596358171066 0
0.8775120502485025 -31.80688461048226 0
-0.8227878950241756 -12.64354214848303 0
0.9731361025544685 -2.57930376966618 0
4.939798058322614 -3.377793615273626 0
-1.639225934412534 -2.636599266520386 0
2.483816205606284 -5.14635759342093 0
-0.9467418703638303 -2.376038505645057 0
-0.9403372382878431 -2.477803390845717 0
1.413807495245981 -1.963955721308805 0
1.984027404127362 -6.708436973517619 0
1.752732859154529 -7.522260376192072 0
2.376934675792937 -3.674146124462795 0
7.308806202327396 -4.268369825034942 0
-0.949247562516063 -2.178644181794255 0
-0.9372010888119064 -1.880000000002459 0
-0.9972197308632551 -1.892803689587776 0
-0.9451224158855036 -1.976339534885244 0
2.595668187836279 -5.819902447884514 0
-0.9489000290320191 -2.577048130754952 0
-0.9386809517588297 -2.675925147943067 0
-0.9514558139820706 -20.9949013359028 0
-2.36320261243512 -4.660315715665543 0
2.110549566920044 -5.834106493673703 0
2.921585193792705 -4.524263517298524 0
-1.883728299965917 -11.92736784911665 0
2.979777713031666 -16.28290125554661 0
1.793355067643932 -2.710041132344962 0
5.253370102103166 -15.62911544523332 0
0.9529767548960262 -1.61805343018578 0
1.009416488539704 -1.645557882028342 0
0.9929144944982824 -1.701690069439854 0
1.074909405923726 -1.689219990074119 0
1.00916641877667 -1.569813726386948 0
0.9859604546005422 -1.512058365713199 0
1.067429445050438 -1.5036229735421 0
-9.092323358068487 -7.575673225526455 0
-1.765889461126375 -8.351510251737299 0
2.445108954981146 -17.05397805551813 0
2.946849733346411 -1.108879801487586 0
0.9448119275220095 -2.673274071500019 0
-1.531657229936618 -32.49509048025024 0
0.9400976262408527 -2.475312161244907 0
-0.1245548423664882 -4.243577054858906 0
0.6836041386393009 -4.913366416462218 0
-7.220277939694002 -0.8495659790298893 0
1.02219236705161 -1.353470156515487 0
-1.341477202770886 -2.712727918739718 0
-5.424080196763315 -8.111941604006619 0
0.8645479441653252 -4.085322230400576 0
-0.185047764915142 -2.898912706934735 0
-1.420108320699686 -21.80772076752517 0
2.652662476460335 -2.493096311809977 0
-2.075140780273602 -1.454542793843068 0
1.427251253923076 -0.9470870733990868 0
1.616158437359073 -1.123395946256286 0
7.454954494016858 -24.67001299885043 0
-1.104919681045818 -4.211393760934302 0
8.141172785393419 -31.32520942738025 0
2.726368843566065 -21.06845311191211 0
2.312387859405654 -6.258354534324451 0
-0.9455778952792375 -1.675000000001858 0
-0.9989019220663671 -1.65000000000178 0
-0.9879297933044731 -1.582759433688543 0
-1.019530485204109 -1.51030544408487 0
-1.071420266126992 -1.612958237286213 0
-1.142056983675078 -1.490571559257893 0
-0.9363720761419082 -1.577642430748836 0
-1.102027119380884 -5.954198581085909 0
8.312890069801242 -28.12492468058393 0
-1.47509070336222 -5.219518705082398 0
-1.004243558682986 -2.605165921902282 0
3.265372254464847 -3.943186473527895 0
6.860610810190069 -6.243624693988702 0
-0.04881444652037711 -5.434340804464857 0
-2.440388087295198 -2.884803694513304 0
-1.384150515737724 -0.8613704630200157 0
-0.1239951013016339 -2.83630022591511 0
2.21867918652506 -3.929339557280797 0
0.661083517862137 -3.270016290435488 0
-0.9548436663678684 -2.268633207394704 0
-6.614371508613544 -12.23001735262217 0
0.8742977687985051 -3.304662449317135 0
-1.201822663424616 -2.661317622077412 0
0.9378888998542978 -1.117586388765424 0
-1.497655787178613 -23.4540482452004 0
0.5715445825687836 -6.080003242229224 0
-2.318094243318439 -1.784491041498914 0
0.1689316533929921 -3.102385961742092 0
-6.503846513641932 -20.77412306797504 0
1.019382428091487 -12.13856832018858 0
0.605702968804559 -3.865736327562998 0
2.138751800600031 -2.973118264521968 0
2.125960372562526 -3.213944553916293 0
-1.145466131780832 -11.97598413915016 0
-1.246965182800885 -13.29141726229369 0
1.387124067770916 -3.102677186805343 0
0.5185757561974942 -3.156155863215192 0
-0.5732371557180292 -32.50999442777158 0
0.9864335485520129 -3.77018377331985 0
-1.016113522738052 -22.62975287451839 0
0.9429209584252215 -1.281681199050611 0
0.9551052300879853 -1.383595154714427 0
5.732558088177893 -14.89665374935016 0
1.083035677404762 -1.868359389840801 0
0.6898470649104231 -3.171693994363373 0
0.9534243595670555 -3.104738906170422 0
1.148816971426969 -3.13416956810614 0
-7.507870815460413 -3.648899789615786 0
-4.394320237157564 -2.023867153089188 0
-1.004200798500147 -2.151690966953168 0
-0.9980658186916627 -2.077728034501178 0
0.7087737271342001 -0.4419718717655014 0
0.9361870100392263 -0.6882658977110041 0
0.2073622032134116 -0.4646244191665624 0
-0.3242916876214895 -0.4241694434534555 0
-0.8008012577028399 -0.4679123239567105 0
-0.8250000000001699 -0.9566987298108762 0
-0.9519203572480728 -1.127652264986927 0
4.186725410707592 -20.30255284198784 0
7.548688166863375 -13.45211123116382 0
7.640526394644661 -14.88539511705332 0
8.285149475205275 -25.99115402515 0
-8.295686906232318 -12.13056183491187 0
-1.016412341465201 -2.822013490043304 0
-0.9378061980453485 -2.074803208052038 0
-1.288031605931979 -0.4750965339767789 0
1.033713146762963 -1.185762593307767 0
9.146264829888722 -29.4776353680947 0
0.9433012701891252 -1.824999999998024 0
0.9433012701890697 -1.724999999998275 0
-0.9433012701893303 -1.825000000002271 0
-0.9353684149397916 -1.720000000001982 0
-1.034952017754512 -1.260386770488129 0
-3.982442881926557 -16.0267044808461 0
-0.959910441150957 -1.282861625517962 0
-1.018365988551042 -1.167767371470986 0
-1.296032862969253 -2.858348562516158 0
-0.1943910454670032 -3.60087414728534 0
1.939204185029825 -3.908931597645462 0
-1.094913509253862 -2.369824395849852 0
-2.033915843283326 -16.98986815911143 0
0.3509218510527583 -2.894475829287634 0
-1.911466616930746 -4.634473302940574 0
0.9992678849302151 -2.299999999999319 0
-0.2101556668855189 -2.960195498425684 0
0.002455096522534107 -2.882693758109783 0
-1.641545989064171 -1.028145179504871 0
0.4545594930347248 -2.898120304714215 0
-1.134277387480188 -24.26692504017375 0
0.3237957317051825 -3.38782680185045 0
-0.7135317019633556 -3.018446313102412 0
0.376033375915709 -32.56548976440147 0
-0.1456180655973741 -3.325626311106555 0
-1.939835033577811 -3.34411602505649 0
-2.169703528693634 -3.574012138654172 0
8.324160727476778 -20.00000015076844 0
0.7000000000004437 -2.889906702247398 0
-3.483844090387147 -6.020236295034398 0
-1.69499694794446 -25.09674678807835 0
-6.741747869164465 -8.656633096795632 0
2.197042798583131 -0.6492824942167827 0
-1.05889469323721 -3.064677938451371 0
-8.327068389768732 -10.80471842817908 0
-0.3623669011507451 -3.343939707039139 0
6.692340123523087 -14.89105254646822 0
-3.165362499703051 -16.15238602935685 0
-8.327432809809093 -15.9932770183216 0
-0.9125771116754606 -14.02851779675103 0
1.815485031318132 -2.202025870789183 0
0.9653487670302507 -3.02548969355081 0
4.608348747347468 -9.844165344682672 0
1.276351655555003 -4.759318971278148 0
-2.061993856649599 -0.9911077190604072 0
0.6450780313723818 -2.887653607148991 0
-0.9433012701893283 -1.175000000000475 0
-6.537521259989536 -32.10533244105171 0
-1.645031883233277 -3.757978466898677 0
-2.653472060643337 -25.06918328831773 0
-1.100434018295409 -3.447537661981503 0
0.1000000000021382 -2.886815032986558 0
-2.905961295936507 -1.111441565969762 0
1.004758279226918 -2.127498136638623 0
0.9958024456680439 -1.102128168089684 0
2.805305091949442 -2.217505582707502 0
-7.682304703776897 -6.545888890940843 0
-4.294088466579247 -15.31020607946456 0
6.405082408345621 -1.583462059440466 0
5.585764880013693 -19.52955023547195 0
2.55995801543474 -1.331290938350124 0
0.7500644764002949 -2.885309505734174 0
0.9936009549771667 -2.827581002704235 0
2.361534246848869 -3.279195024690363 0
-1.325900004454467 -14.75072834907209 0
1.270777835627328 -3.204903835517321 0
-3.650267853769632 -25.02131924950065 0
-0.3438345165123695 -2.963218703445433 0
-7.485096234845873 -22.46171655491112 0
8.371251074892996 -18.00593355583782 0
7.623183555316946 -4.864653280353929 0
-7.380253752033885 -34.32629566899575 0
-1.15426165350683 -1.68995242844531 0
-0.2585595905524935 -3.458518551428077 0
6.382788255670462 -6.70464918317922 0
6.534229643433108 -19.59169085765212 0
7.409495352293888 -22.6778111037971 0
2.066692795354 -8.046716498481818 0
-0.9695086232335344 -3.035737624322185 0
-0.9815303672689091 -15.4712703423538 0
-2.849154305804394 -8.929573448223335 0
1.683849237927847 -2.817938612287539 0
-2.71683674760635 -3.984637551726283 0
-7.56341301450494 -8.586392048305914 0
0.9987340459617436 -2.627932912569857 0
-2.068810347770974 -8.873946379035994 0
0.9697350820002794 -13.55456809903339 0
-0.9991266189451928 -2.351083281853327 0
-2.475345629465764 -3.249184277159165 0
-7.263251527263839 -28.68992903276085 0
6.995717892717054 -20.39550632534317 0
-7.52411802271703 -9.867918987666847 0
6.617663307413219 -10.51318906261178 0
-0.7505535849128901 -2.886034959407075 0
5.049451564174534 -9.107771743352753 0
-4.600784686468571 -24.97397838713605 0
1.003969409002464 -1.004683661937272 0
0.9575870859073446 -0.8646863610641855 0
0.6312171613005769 -0.7864579128121161 0
0.3881461417133856 -0.6860916084510297 0
0.422988885794875 -0.8505039899395377 0
0.4259949759473074 -0.9496409217112062 0
-1.372029262036212 -2.970248977058426 0
1.591592834542602 -6.547997393230568 0
-2.08995109434659 -1.977392712244766 0
-5.263098922145576 -15.32158915369228 0
-8.346175821746424 -18.00882557353564 0
-6.717895265908392 -13.77147855513859 0
-0.9573381058225252 -1.471693073259381 0
-0.5046849148315293 -2.89084413593234 0
-0.8359360216332775 -7.726324704192668 0
7.444233219064166 -0.6104768980878691 0
-6.563293172365782 -19.36795016739266 0
-8.192658965100332 -25.83138200196677 0
0.1301624118565749 -6.604385056263522 0
-3.803032180515781 -6.496700635193185 0
5.456958659766889 -2.381039625804549 0
-6.122126078661598 -25.7439065788454 0
-0.8500000000000141 -2.887269917673037 0
0.9535915747877666 -1.16423442558284 0
8.331079409811647 -20.95117909506695 0
-1.064251389840123 -2.717161510921122 0
-1.463522473026697 -16.23475655811504 0
0.9391657811527749 -1.480616664089764 0
-5.485850016472488 -24.93700668404717 0
-7.075202205117785 -12.9051976928047 0
1.642736012986713 -4.276198668136576 0
1.884189906836771 -1.603235256475705 0
8.458568652463876 -11.99408903378436 0
3.893475930050226 -3.71799985723527 0
-1.065910715966186 -2.123900620511308 0
-1.359964901321205 -1.981137701698965 0
0.9346958768931954 -1.521076070108885 0
-2.879015165202047 -0.6265381285130081 0
-0.4078468324043394 -2.890628761188466 0
-1.019516776404324 -1.422186888274261 0
-5.784311159332916 -33.41376216970686 0
-7.13276758251812 -25.72127685884678 0
0.5574545409923516 -2.883247390831496 0
-7.609569422633713 -5.279084783851591 0
-1.003713398849454 -2.012884345136863 0
0.9346990826724895 -2.57518135162143 0
0.9903452446118985 -1.947393643755197 0
0.8918058786416267 -33.44365240456 0
-6.606225012477302 -29.92028425597016 0
0.3360387019606124 -3.118871006280761 0
-0.9728659088402398 -0.677439992836079 0
-0.9996049468455481 -1.793461859418837 0
1.054695304455245 -2.205239373899182 0
-1.000395107041163 -1.095047352838253 0
-0.990900490423706 -2.21880378805502 0
1.008870978002555 -1.437089966484902 0
-0.06201033410408253 -0.670542653908337 0
0.1638669343878007 -0.7084707565542264 0
0.04077858560317193 -0.8517647649913518 0
0.2384300363490008 -0.8500206598921476 0
0.02499999999765468 -0.9566987298107875 0
1.443325225894545 -34.27664587547809 0
-8.802308140026502 -0.7640239367380716 0
-2.42981343205445 -1.288107805795758 0
1.311044934807256 -14.22280119793334 0
1.059087107134113 -2.00629634074857 0
-9.168915189064842 -34.2662760371726 0
9.168915189064514 -34.26627603717376 0
-0.5186394384512588 -0.663375110360752 0
-0.2936688762809159 -0.6856879151433267 0
-0.1735572321126994 -0.8447019359174124 0
-0.375000000001341 -0.8348220279461688 0
-0.1747114464240674 -0.951619879107843 0
-0.3728571428584904 -0.9457910605492237 0
-0.7532243729813095 -0.7508622977585122 0
-0.5652758595124082 -0.837626867789862 0
-0.5750000000007833 -0.9566987298109201 0
-7.481064668905084 -2.368208655175246 0
-0.9958874105881272 -1.035882956388196 0
-0.9434183188104536 -3.362756539598323 0
1.179046354555895 -1.82201397332448 0
9.187211939256061 -0.7111837708090351 0
8.302621801876302 -1.612296152494819 0
3.823331039327079 -6.334191192540263 0
5.946905923613958 -0.9882112909977988 0
-2.490790679584166 -4.252638112726579 0
0.5060363995682307 -5.544362492112283 0
1.378006673002754 -3.506909725440297 0
-1.001332276455181 -1.335950474704126 0
0.227986106639231 -0.9407979915959892 0
-4.563690177383038 -1.447848295873267 0
0.8966934994600804 -5.109015381574563 0
6.151822208290788 -8.611128166503933 0
0.2451426699588211 -3.111110582859134 0
2.813590434382932 -33.48629808831736 0
2.459606360124375 -3.452962590250606 0
8.431102820817157 -32.03226237782383 0
0.9993565842431791 -2.248354256635803 0
2.987889886899531 -1.894619954520201 0
2.755946858253967 -0.5736918151954649 0
8.341971896016082 -16.28080183786211 0
-0.7768116435284727 -3.211189876029698 0
0.9963940570107552 -2.421274826801657 0
0.9998943502561947 -1.284345715738203 0
2.794354173966695 -2.743975497578201 0
-8.484744747873666 -27.9796856331009 0
0.8504748434742033 -2.884607762578268 0
1.730600346952873 -3.834989316067778 0
-0.3781678514983767 -4.601478579776659 0
-0.9911808475327818 -2.549300951684701 0
1.754146312761727 -10.74311523193794 0
1.159255839670668 -1.521954221944155 0
-5.407089032077065 -17.11383001285234 0
0.5649563598032689 -3.254782172400426 0
-0.4889578734955885 -3.598427450859715 0
-8.484960274838784 -23.98897573655409 0
4.57900668166744 -3.060958281774521 0
1.969585916714232 -2.927921939984109 0
3.664260115813038 -33.42018898605232 0
0.5984446152974418 -2.87641773123306 0
1.508349487341794 -1.287373839568543 0
-1.509723519904145 -2.70526618862735 0
-0.6188045667185045 -6.485092711018698 0
1.000427466462317 -1.77655102583221 0
1.386855079055737 -12.57705925282861 0
-1.39942982389326 -6.399346872550729 0
-8.339357008929012 -14.66690424971158 0
2.66568371265061 -8.083069748701487 0
1.223595787252196 -0.8021714986140829 0
1.412171098576933 -1.847272484362785 0
-0.6031363185980795 -4.364075071208892 0
-0.3853595162991169 -3.016615029138332 0
0.1097086738542921 -3.123007391061761 0
-1.180522826550283 -2.347976273085135 0
-2.618819391734879 -9.82655706522235 0
-0.9510129947904553 -1.376446673625413 0
-6.744217865251811 -20.06108205792971 0
7.727078359168305 -20.44536747759425 0
-1.323754650718048 -1.515890285560592 0
-6.683203644570763 -1.46504851094329 0
7.673381467167555 -25.5048213420433 0
-0.9445496912976231 -0.8546552818330393 0
0.9895650115604436 -2.05835725425941 0
-2.620097059366425 -1.910675421157323 0
8.399948180627069 -3.788099143375711 0
1.467995380931496 -11.21203942408824 0
8.43941724503749 -14.93381833380375 0
1.133862636693835 -2.704071473929827 0
1.208265238989895 -2.679195785941672 0
-1.085426953504543 -3.166953948449966 0
4.454999999982661 -34.48030232104761 0
-1.058416266554197 -1.903587210597036 0
-0.1704207519508422 -3.01635315598423 0
-1.796785450989427 -5.220570361529586 0
0.8016918126630993 -2.957413980076615 0
-0.9805306951103483 -1.723294818743471 0
1.330526847188887 -2.342093018442657 0
4.18287138344854 -5.710414800167992 0
-1.13792375599795 -2.721258016202129 0
1.207448457770953 -1.623599009711353 0
-4.065109737305018 -3.16843397832494 0
-0.9064348576794027 -4.363429331936356 0
2.402229291777706 -10.73053902224135 0
5.894187651573887 -10.72617382806544 0
0.5073932628580826 -3.321731811033483 0
-6.655933537390983 -31.27418212599058 0
3.31930984111121 -1.895482628975211 0
-0.5063374933479698 -3.734863535616878 0
-2.350499251731834 -0.5316200480562843 0
1.138668071318498 -3.036582451386248 0
-0.9856854739807297 -1.953866003211857 0
8.524272721124259 -28.94899118992875 0
0.8113282428262851 -16.46088788202032 0
1.245600632435773 -4.066581046278039 0
-2.350810545093189 -10.70788840345855 0
2 2 0 140
2096
2097
2098
2099
2100
2101
2102
2103
2104
2105
2106
2107
2108
2109
2110
2111
2112
2113
2114
2115
2116
2117
2118
2119
2120
2121
2122
2123
2124
2125
2126
2127
2128
2129
2130
2131
2132
2133
2134
2135
2136
2137
2138
2139
2140
2141
2142
2143
2144
2145
2146
2147
2148
2149
2150
2151
2152
2153
2154
2155
2156
2157
2158
2159
2160
2161
2162
2163
2164
2165
2166
2167
2168
2169
2170
2171
2172
2173
2174
2175
2176
2177
2178
2179
2180
2181
2182
2183
2184
2185
2186
2187
2188
2189
2190
2191
2192
2193
2194
2195
2196
2197
2198
2199
2200
2201
2202
2203
2204
2205
2206
2207
2208
2209
2210
2211
2212
2213
2214
2215
2216
2217
2218
2219
2220
2221
2222
2223
2224
2225
2226
2227
2228
2229
2230
2231
2232
2233
2234
2235
-0.8566987298109345 -2.725000000000268 0
0.8566987298108969 -1.074999999999885 0
0.8523836525590596 -1.525061941108193 0
-0.8250000000001699 -1.043301270189124 0
0.8250000000001699 -2.756698729810876 0
0.8506958577674817 -1.724999999998309 0
-0.8522763674107408 -2.625000000000481 0
0.8506958577674752 -1.624999999998592 0
0.8506958577674674 -1.824999999998058 0
0.8522763674107317 -1.274999999999502 0
0.8506958577674438 -1.174999999999706 0
-0.8523836525590442 -2.474938058891769 0
0.6749380588912115 -2.752383652559017 0
-0.6749380588912115 -1.047616347440983 0
0.1750000000017022 -2.749304142232512 0
-0.1750000000017018 -1.050695857767488 0
0.8499464694471084 -1.425121404573393 0
-0.07506194111123463 -1.052383652559019 0
0.07506194111123449 -2.747616347440981 0
-0.2750000000013953 -1.050695857767488 0
0.2749380588921401 -2.747616347440945 0
0.5750619411099648 -2.752383652559059 0
-0.5750619411099649 -1.047616347440941 0
-0.3750000000011086 -1.050695857767488 0
0.3750000000011982 -2.751812352155641 0
0.4751734351067598 -2.748086077196937 0
-0.4751214045750034 -1.050053530552845 0
-0.8506958577675183 -2.375000000001342 0
-0.8523836525591346 -2.275061941110914 0
0.8522763674106831 -1.924999999997987 0
0.02482656489188405 -1.048086077196857 0
0.8456351251193113 -2.674824126021427 0
-0.02482656489188435 -2.751913922803143 0
-0.8476163474409868 -1.975061941111234 0
0.8506958577674537 -2.524999999999648 0
-0.8493041422324717 -2.075000000001753 0
0.8493041422325441 -2.074999999998404 0
-0.7748241260214239 -2.745566453356613 0
0.7748241260214253 -1.054433546643387 0
-0.85181235215562 -1.875000000002213 0
-0.8499464694471733 -2.175121404575755 0
-0.8455664533566281 -1.125175873978572 0
0.852383358144107 -2.374937391172142 0
0.8476232297909574 -2.225047667724225 0
-0.8493041422325289 -1.675000000001565 0
-0.84761634744101 -1.774938058892557 0
-0.4749999999990507 -2.74930414223255 0
0.4749999999990507 -1.05069585776745 0
-0.8477236325893386 -1.225000000000388 0
0.6749999999996019 -1.050695857767452 0
-0.6749999999996019 -2.749304142232547 0
-0.8476163474410656 -1.375061941110024 0
-0.1248265648922028 -2.748086077196997 0
0.1248265648922027 -1.051913922803003 0
0.3749999999987974 -1.050695857767449 0
-0.2749999999985338 -2.747723632589348 0
-0.3749999999987977 -2.74930414223255 0
0.2749999999985336 -1.052276367410651 0
-0.8493041422325356 -1.575000000001308 0
0.574999999999334 -1.050695857767446 0
-0.574999999999334 -2.749304142232552 0
-0.8493041422325438 -1.475000000001033 0
-0.8494732184905872 -2.574878595426463 0
0.8481385438834455 -2.324979735017364 0
0.8489661058350338 -1.324999999999513 0
-0.7749132824471928 -1.051763723595512 0
0.7749132824471929 -2.748236276404488 0
-0.850526781509387 -1.275121404574713 0
-0.2248785954242045 -2.750526781509385 0
0.2248785954242042 -1.049473218490614 0
0.8489661058350862 -1.974999999998163 0
0.8502319525891582 -1.774999999998189 0
0.8502319525891593 -1.674999999998479 0
0.850790776836416 -2.125122713299968 0
0.8488921582879673 -1.224999999999593 0
0.8492092231635621 -2.474877286698136 0
0.8488921582879654 -1.874999999997986 0
0.8489049303294263 -1.575007373940345 0
0.1250073739434423 -2.751095069670556 0
-0.1250073739434421 -1.048904930329444 0
0.8507852623232602 -2.624979062621398 0
-0.3250000000013046 -1.050231952589162 0
-0.4250202340967162 -1.050124898053389 0
0.6250000000005635 -2.749105858280819 0
-0.625000000000564 -1.05089414171918 0
0.2249926260599859 -2.751095069670551 0
-0.2250000000015967 -1.050231952589163 0
-0.8489049303294675 -2.424992626059589 0
0.8498187625470237 -1.37502023409505 0
0.8502468533484523 -2.574996510436645 0
-0.8489049303295088 -2.325007373943025 0
0.8497117080112716 -2.024999999998301 0
0.848123057673044 -1.124999999999874 0
-0.7249790626213293 -2.750851034660471 0
0.7249790626213296 -1.049148965339528 0
-0.8510950696705094 -2.025007373943494 0
-0.8519351628645502 -1.175014955270523 0
-0.5249999999991419 -2.74976804741085 0
0.5249999999991419 -1.050231952589149 0
-0.8497680474108439 -1.625000000001491 0
-0.8498751019466075 -2.125020234097472 0
-0.8510950696705049 -1.724992626060137 0
-0.4249999999988776 -2.749768047410849 0
0.4249999999988776 -1.05023195258915 0
-0.3249999999986576 -2.75110784171199 0
0.3249999999986569 -1.048892158288009 0
-0.6249999999994257 -2.74976804741085 0
0.6249999999994257 -1.05023195258915 0
-0.8497680474108465 -1.525000000001239 0
-0.8510950696705252 -1.425007373942501 0
-0.8482574547514551 -2.675000000000181 0
0.8509792627513134 -2.274953060128059 0
-0.8487239507722544 -2.225229948995731 0
-0.8499047832661049 -1.82498967648383 0
-0.5252299489949123 -1.051276049227842 0
0.5250392293699656 -2.750078288292666 0
0.3249896764831103 -2.749904783266097 0
0.07494218829596046 -1.049999999999976 0
-0.07494218829596053 -2.750000000000023 0
0.8487239507720676 -1.475229948993278 0
-0.7249752235565874 -1.049896678506082 0
0.7249752235565876 -2.750103321493917 0
0.02503922937135883 -2.749921711707354 0
-0.02503922937135889 -1.050078288292646 0
0.4250289058520239 -2.749983071558763 0
-0.8503094785082717 -2.524969442386864 0
0.1749508600515225 -1.050231190215603 0
-0.1749508600515225 -2.749768809784396 0
-0.8496905214917421 -1.325030557614613 0
-0.8499047832661011 -1.925010323520405 0
0.8497356677712287 -2.175028396836534 0
0.8502654302179449 -2.42496911297799 0
0.820946175145828 -1.043096686078809 0
0.8569033139211496 -2.720946175145781 0
-0.8209461751457916 -2.756903313921207 0
-0.8569033139212235 -1.079053824854189 0
0.8633974596216084 -1.036602540378347 0
0.8633974596216771 -2.763397459621618 0
-0.8633974596216459 -2.763397459621734 0
-0.8633974596216825 -1.036602540378387 0
$EndNodes
$Elements
10 4470 1 4470
1 1 1 35
1 1 13 
2 13 14 
3 14 15 
4 15 16 
5 16 17 
6 17 18 
7 18 19 
8 19 20 
9 20 21 
10 21 22 
11 22 23 
12 23 24 
13 24 25 
14 25 26 
15 26 27 
16 27 28 
17 28 29 
18 29 30 
19 30 31 
20 31 32 
21 32 33 
22 33 34 
23 34 35 
24 35 36 
25 36 37 
26 37 38 
27 38 39 
28 39 40 
29 40 41 
30 41 42 
31 42 43 
32 43 44 
33 44 45 
34 45 46 
35 46 4 
1 2 1 20
36 4 47 
37 47 48 
38 48 49 
39 49 50 
40 50 51 
41 51 52 
42 52 53 
43 53 54 
44 54 55 
45 55 56 
46 56 57 
47 57 58 
48 58 59 
49 59 60 
50 60 61 
51 61 62 
52 62 63 
53 63 64 
54 64 65 
55 65 3 
1 3 1 35
56 3 66 
57 66 67 
58 67 68 
59 68 69 
60 69 70 
61 70 71 
62 71 72 
63 72 73 
64 73 74 
65 74 75 
66 75 76 
67 76 77 
68 77 78 
69 78 79 
70 79 80 
71 80 81 
72 81 82 
73 82 83 
74 83 84 
75 84 85 
76 85 86 
77 86 87 
78 87 88 
79 88 89 
80 89 90 
81 90 91 
82 91 92 
83 92 93 
84 93 94 
85 94 95 
86 95 96 
87 96 97 
88 97 98 
89 98 99 
90 99 2 
1 4 1 20
91 2 100 
92 100 101 
93 101 102 
94 102 103 
95 103 104 
96 104 105 
97 105 106 
98 106 107 
99 107 108 
100 108 109 
101 109 110 
102 110 111 
103 111 112 
104 112 113 
105 113 114 
106 114 115 
107 115 116 
108 116 117 
109 117 118 
110 118 1 
1 9 1 32
111 10 259 
112 259 260 
113 260 261 
114 261 262 
115 262 263 
116 263 264 
117 264 265 
118 265 266 
119 266 267 
120 267 268 
121 268 269 
122 269 270 
123 270 271 
124 271 272 
125 272 273 
126 273 274 
127 274 275 
128 275 276 
129 276 277 
130 277 278 
131 278 279 
132 279 280 
133 280 281 
134 281 282 
135 282 283 
136 283 284 
137 284 285 
138 285 286 
139 286 287 
140 287 288 
141 288 289 
142 289 11 
1 10 1 32
143 11 290 
144 290 291 
145 291 292 
146 292 293 
147 293 294 
148 294 295 
149 295 296 
150 296 297 
151 297 298 
152 298 299 
153 299 300 
154 300 301 
155 301 302 
156 302 303 
157 303 304 
158 304 305 
159 305 306 
160 306 307 
161 307 308 
162 308 309 
163 309 310 
164 310 311 
165 311 312 
166 312 313 
167 313 314 
168 314 315 
169 315 316 
170 316 317 
171 317 318 
172 318 319 
173 319 320 
174 320 12 
1 11 1 32
175 12 321 
176 321 322 
177 322 323 
178 323 324 
179 324 325 
180 325 326 
181 326 327 
182 327 328 
183 328 329 
184 329 330 
185 330 331 
186 331 332 
187 332 333 
188 333 334 
189 334 335 
190 335 336 
191 336 337 
192 337 338 
193 338 339 
194 339 340 
195 340 341 
196 341 342 
197 342 343 
198 343 344 
199 344 345 
200 345 346 
201 346 347 
202 347 348 
203 348 349 
204 349 350 
205 350 351 
206 351 9 
1 12 1 32
207 9 352 
208 352 353 
209 353 354 
210 354 355 
211 355 356 
212 356 357 
213 357 358 
214 358 359 
215 359 360 
216 360 361 
217 361 362 
218 362 363 
219 363 364 
220 364 365 
221 365 366 
222 366 367 
223 367 368 
224 368 369 
225 369 370 
226 370 371 
227 371 372 
228 372 373 
229 373 374 
230 374 375 
231 375 376 
232 376 377 
233 377 378 
234 378 379 
235 379 380 
236 380 381 
237 381 382 
238 382 10 
2 1 2 3680
239 226 440 1813 
240 1400 1623 1720 
241 107 1857 2020 
242 1112 1291 1844 
243 942 1269 1875 
244 1003 1312 1313 
245 1293 1034 1650 
246 942 945 1269 
247 427 1311 1422 
248 1175 1279 1628 
249 610 603 1633 
250 6 1207 1921 
251 103 1228 2005 
252 1350 1381 1383 
253 408 1828 2076 
254 578 576 1626 
255 1687 401 1878 
256 1437 660 1733 
257 1286 1197 2072 
258 938 1003 1313 
259 1068 1020 1076 
260 1364 813 1365 
261 1413 823 1985 
262 1248 705 1613 
263 1226 623 2004 
264 822 1484 1542 
265 1079 1725 1729 
266 693 1250 1706 
267 945 1267 1269 
268 1 13 1983 
269 438 1215 1684 
270 1687 1878 2063 
271 970 1214 1795 
272 1495 911 1931 
273 1271 1192 1840 
274 705 1248 1643 
275 1118 1076 1201 
276 911 910 1931 
277 708 1362 1682 
278 1068 1076 1118 
279 1412 528 1534 
280 1350 1383 1544 
281 1271 404 1681 
282 1623 722 1720 
283 523 1258 1413 
284 1107 1205 2032 
285 1360 1190 2059 
286 926 924 1558 
287 1215 438 2003 
288 5 1813 2062 
289 623 1226 1362 
290 118 1 1983 
291 1299 1160 1305 
292 1144 1192 1271 
293 1329 1214 1745 
294 1223 1437 1733 
295 1052 1251 1820 
296 1502 1231 1938 
297 1319 410 1776 
298 1396 1344 1439 
299 1294 396 1357 
300 1112 1110 1291 
301 1309 1308 2085 
302 930 931 1002 
303 1092 1083 1225 
304 434 1244 1477 
305 1258 523 1411 
306 928 929 930 
307 1118 1201 1222 
308 1133 1019 1395 
309 1512 1221 1664 
310 1171 1270 1303 
311 1034 1293 1648 
312 1267 945 1268 
313 1728 1727 2044 
314 1265 424 1511 
315 1009 981 1393 
316 1258 823 1413 
317 1092 1225 1973 
318 930 929 931 
319 1018 1002 1020 
320 1231 1230 1938 
321 1018 1020 1068 
322 1597 1599 1892 
323 945 946 1268 
324 416 452 453 
325 1054 1052 1820 
326 623 611 1304 
327 1147 926 1558 
328 1103 1128 1151 
329 103 104 1228 
330 958 1247 1846 
331 1440 1640 1744 
332 1314 564 1318 
333 1218 1109 1728 
334 1359 970 1787 
335 1393 1631 2069 
336 1237 925 2064 
337 1619 436 1620 
338 1431 1374 1700 
339 1808 109 1810 
340 995 1062 1276 
341 828 1431 1700 
342 722 1623 1768 
343 396 1294 1732 
344 1749 1213 1869 
345 817 1357 1916 
346 928 927 929 
347 573 1285 1566 
348 1423 1253 1887 
349 1475 872 1754 
350 1285 573 1907 
351 1422 1311 1816 
352 1119 1118 1196 
353 1078 1109 1217 
354 1248 654 2033 
355 654 1248 1613 
356 445 1923 1925 
357 882 1938 1962 
358 822 1542 1901 
359 1651 1292 2008 
360 1162 1293 1650 
361 933 936 1027 
362 1279 1175 1669 
363 1308 1114 1970 
364 1088 988 1302 
365 974 958 1846 
366 925 927 928 
367 882 1662 1938 
368 698 1349 1544 
369 936 938 1313 
370 400 1305 1546 
371 424 1265 1512 
372 1189 5 1999 
373 1712 1827 1972 
374 1265 1511 1561 
375 1381 1350 1425 
376 1078 1107 2080 
377 1270 1171 1766 
378 1269 1267 1616 
379 1268 946 2088 
380 813 1364 1964 
381 1067 1291 1652 
382 1246 872 1475 
383 1437 774 1612 
384 557 516 1303 
385 1107 1108 1205 
386 1244 434 1818 
387 1356 856 1916 
388 1253 1252 1887 
389 981 983 1393 
390 398 1381 1425 
391 488 1284 2043 
392 1250 693 1707 
393 1284 488 1939 
394 492 1315 1400 
395 1083 1140 1225 
396 1442 778 1940 
397 1152 1670 1704 
398 778 1442 1626 
399 1830 1471 1862 
400 828 1325 1367 
401 1305 400 1699 
402 1468 390 1630 
403 1289 482 1782 
404 1109 1078 2080 
405 1188 1187 1242 
406 576 778 1626 
407 1214 970 1745 
408 1151 1128 1280 
409 1319 1836 1912 
410 1376 891 1859 
411 1850 1013 1851 
412 1561 1511 1656 
413 1436 774 1437 
414 1073 1120 1359 
415 1471 657 1862 
416 1110 1266 1291 
417 1140 1224 1986 
418 1078 1080 1107 
419 1305 1699 1909 
420 856 1356 1859 
421 1330 1203 1868 
422 1030 1651 2008 
423 1670 1152 1671 
424 1333 721 1334 
425 1002 931 1673 
426 1315 700 1714 
427 590 584 1336 
428 1225 1140 1275 
429 1028 1083 1092 
430 970 1359 1745 
431 1307 1308 1970 
432 1556 1875 2000 
433 1211 1314 1318 
434 834 1412 1534 
435 1438 1176 1770 
436 1028 1021 1083 
437 112 921 1958 
438 1394 1295 1430 
439 1430 1295 1881 
440 700 1315 1702 
441 416 105 452 
442 1623 1644 1768 
443 891 1376 1819 
444 720 828 1367 
445 1972 408 2076 
446 1338 385 1606 
447 1308 1247 2085 
448 1334 721 1336 
449 1025 1100 1789 
450 1695 913 1883 
451 1163 1261 2053 
452 113 417 921 
453 1493 785 1532 
454 1851 1013 1913 
455 153 7 1252 
456 1360 1133 1395 
457 1378 1129 1838 
458 47 48 1465 
459 919 1396 1439 
460 457 456 458 
461 8 189 1251 
462 921 417 922 
463 1120 1329 1745 
464 189 934 1251 
465 923 925 1237 
466 1085 1084 1181 
467 442 1991 1993 
468 1263 1277 1278 
469 1171 1303 1764 
470 418 1385 1557 
471 439 233 1994 
472 234 441 1994 
473 441 237 1993 
474 238 442 1993 
475 231 439 1997 
476 440 228 1997 
477 243 443 1981 
478 442 241 1981 
479 1630 390 2021 
480 1144 1092 1192 
481 444 249 1926 
482 250 445 1926 
483 1089 1090 1173 
484 1296 500 1375 
485 455 453 456 
486 1234 1817 1861 
487 1004 1021 1028 
488 1140 1216 1224 
489 1076 1103 2054 
490 1076 1102 1103 
491 482 1289 1939 
492 957 958 974 
493 404 1271 1840 
494 1640 841 1744 
495 698 610 1633 
496 1159 1144 1271 
497 923 924 925 
498 1312 1003 2070 
499 1823 405 2024 
500 1362 1226 1682 
501 951 1510 1834 
502 1393 1088 1631 
503 1311 427 1518 
504 1239 1024 1851 
505 1297 1187 1762 
506 453 452 1379 
507 95 418 1557 
508 389 89 1354 
509 967 153 1252 
510 1303 516 2046 
511 623 1304 1390 
512 892 1398 1950 
513 1384 775 1655 
514 439 1996 1997 
515 1996 440 1997 
516 1283 1438 1770 
517 977 1423 1887 
518 1221 1301 1664 
519 568 561 569 
520 1039 1037 1041 
521 1062 1155 1276 
522 1539 1538 1830 
523 921 922 923 
524 1330 551 1361 
525 1602 1212 1634 
526 1035 1033 1037 
527 1538 1471 1830 
528 1103 1127 1128 
529 1243 1242 1450 
530 449 107 1635 
531 1394 19 1732 
532 1329 1203 1330 
533 1368 1241 1851 
534 1042 1041 1089 
535 1556 1003 1875 
536 1436 1407 1591 
537 603 622 1633 
538 1110 1095 1266 
539 949 951 971 
540 938 940 1003 
541 452 106 2020 
542 1512 874 1514 
543 1222 1201 1319 
544 1032 974 1033 
545 1743 1177 1779 
546 1129 1212 1838 
547 632 1339 1562 
548 1095 1093 1255 
549 455 456 457 
550 1316 1091 1775 
551 459 458 460 
552 1088 1302 1665 
553 1196 1118 1955 
554 1083 1139 1140 
555 1725 1726 1729 
556 931 932 933 
557 433 1321 1478 
558 410 1319 1912 
559 1179 1728 2080 
560 960 962 998 
561 1019 1018 1395 
562 470 625 1361 
563 1772 1452 1822 
564 1784 1163 2053 
565 625 1529 1951 
566 1242 1187 1297 
567 953 956 957 
568 1282 706 2043 
569 1278 1597 1892 
570 1160 1299 1306 
571 401 1690 1878 
572 1357 1356 1916 
573 1359 1120 1745 
574 1269 1616 2000 
575 1093 1012 1256 
576 1405 1142 2008 
577 1295 1394 1732 
578 588 578 1626 
579 528 1412 2093 
580 1256 1012 2075 
581 1354 1344 1396 
582 611 614 1304 
583 1212 1112 1844 
584 1254 1197 1286 
585 1320 451 1936 
586 774 1436 1591 
587 962 964 1316 
588 385 1338 1604 
589 1173 1090 1175 
590 1129 1112 1212 
591 1049 1047 1084 
592 721 590 1336 
593 1361 625 1951 
594 1364 1430 1964 
595 823 914 1985 
596 451 1320 2003 
597 1879 1780 1944 
598 1261 1163 1669 
599 1205 1206 1389 
600 958 960 1247 
601 1037 1033 1040 
602 957 956 958 
603 1351 622 1919 
604 1181 1084 1183 
605 1398 1428 1950 
606 1044 1042 1277 
607 551 1330 1868 
608 990 1004 1302 
609 1127 1743 1779 
610 1038 1647 1746 
611 1809 1636 1922 
612 436 1619 1885 
613 925 926 927 
614 1047 1044 1263 
615 1695 1883 2005 
616 1326 1666 1954 
617 461 460 462 
618 1418 1185 1606 
619 1146 1144 1159 
620 708 597 1362 
621 1270 557 1303 
622 1162 1131 1293 
623 1817 812 1861 
624 1837 1527 1947 
625 1089 1041 1090 
626 1085 1181 1182 
627 460 458 609 
628 47 1465 1987 
629 444 1925 1980 
630 1095 1255 1266 
631 1340 422 1585 
632 954 1657 1739 
633 509 1335 2066 
634 971 951 1834 
635 1357 817 1908 
636 1339 827 1562 
637 815 559 1341 
638 1143 1092 1144 
639 834 1426 1734 
640 1401 1496 1931 
641 1449 2029 2051 
642 1430 867 1964 
643 1395 1018 1956 
644 1132 1019 1133 
645 914 1331 1911 
646 1263 1044 1277 
647 1174 1173 1317 
648 1038 1317 1773 
649 898 1905 1910 
650 1182 1181 1517 
651 1463 423 1464 
652 1671 1152 1703 
653 561 557 1270 
654 1008 1002 1018 
655 1335 509 1786 
656 1836 1671 1912 
657 1007 1078 2050 
658 1299 1305 1909 
659 1047 1263 2052 
660 1184 1274 1575 
661 1444 1663 1815 
662 1026 1025 1789 
663 1091 1316 1778 
664 1493 1532 1785 
665 1027 936 1927 
666 1024 1239 1873 
667 1119 1196 1197 
668 1784 1040 2014 
669 454 453 455 
670 936 1313 1927 
671 1218 1728 2044 
672 1004 1005 1021 
673 1378 386 1601 
674 1205 1108 1206 
675 1173 1175 1658 
676 1197 1196 1337 
677 1049 1084 1085 
678 421 103 2005 
679 1293 1378 1601 
680 1131 1129 1378 
681 457 458 459 
682 1775 1091 1801 
683 1366 805 1998 
684 616 599 1415 
685 951 953 1510 
686 1084 1047 2052 
687 1399 1204 2012 
688 1284 1282 2043 
689 1726 1179 1729 
690 1214 1329 2094 
691 1401 394 1496 
692 1032 1164 1510 
693 1371 117 1983 
694 1294 1295 1732 
695 805 1366 1804 
696 988 990 1302 
697 1187 1186 2059 
698 1274 1184 1847 
699 1599 1183 1892 
700 1089 1173 1174 
701 89 90 1354 
702 1068 1118 1119 
703 1039 1041 1042 
704 105 106 452 
705 933 935 936 
706 415 1301 2039 
707 1290 1250 1707 
708 1301 415 2071 
709 112 113 921 
710 1291 1067 1844 
711 115 422 1340 
712 1673 931 1701 
713 1300 1837 1947 
714 426 1342 1343 
715 1035 1037 1039 
716 424 1512 1664 
717 1138 1329 1330 
718 914 1911 1985 
719 1277 1042 2073 
720 1764 1303 2046 
721 1118 1222 1955 
722 1254 1286 1287 
723 960 998 1247 
724 419 1475 1754 
725 1349 1350 1544 
726 1478 1321 1852 
727 1255 1093 1256 
728 1340 1232 2011 
729 1604 1338 1645 
730 1121 1860 1898 
731 389 1354 1396 
732 1232 1340 1585 
733 1032 1033 1035 
734 1033 974 1288 
735 569 561 1270 
736 1160 1159 1305 
737 721 1333 1415 
738 957 974 1032 
739 1968 397 1982 
740 1183 1599 1959 
741 1076 1020 1102 
742 1412 834 1734 
743 1329 1138 2094 
744 1905 1473 1910 
745 1349 698 1633 
746 1078 1217 2050 
747 1657 954 2029 
748 998 962 1316 
749 1783 1749 1984 
750 1749 1869 1984 
751 1338 1517 1645 
752 573 1718 2006 
753 1206 1327 1823 
754 1451 5 2062 
755 1206 1210 1327 
756 464 462 564 
757 1442 907 1580 
758 697 720 1367 
759 104 416 1228 
760 1041 1037 1261 
761 1336 584 1641 
762 973 1142 1272 
763 964 973 1614 
764 459 460 461 
765 887 1624 1755 
766 1742 1208 1798 
767 1718 569 1839 
768 1355 428 1356 
769 957 1032 1510 
770 492 1400 1720 
771 1558 924 1805 
772 1085 1184 1575 
773 1185 1182 1338 
774 573 568 1718 
775 417 1340 2011 
776 919 918 1396 
777 1759 1760 1761 
778 1690 1691 1878 
779 559 570 1341 
780 1488 1968 1982 
781 1647 1598 1746 
782 923 922 924 
783 426 91 1342 
784 1364 399 1430 
785 1334 1336 1377 
786 104 105 416 
787 1342 398 1425 
788 1300 657 1837 
789 983 986 1393 
790 1441 1440 1744 
791 246 444 2010 
792 443 245 2010 
793 1315 492 1702 
794 1363 399 1364 
795 936 937 938 
796 1221 1512 1514 
797 795 753 796 
798 1287 1286 1972 
799 564 1314 1888 
800 986 988 1088 
801 491 1706 1756 
802 1499 883 1540 
803 113 114 417 
804 22 428 1355 
805 1708 464 2016 
806 1040 1307 2014 
807 1279 1162 1650 
808 1265 874 1512 
809 1326 1621 1666 
810 1477 1244 1765 
811 1392 852 1638 
812 587 602 1531 
813 448 1369 1370 
814 17 399 1363 
815 1316 964 1778 
816 585 1867 1919 
817 1186 1133 2059 
818 931 933 1701 
819 1375 1399 2012 
820 1186 1187 1188 
821 693 1706 1928 
822 942 944 945 
823 1389 1206 1823 
824 1696 1435 1723 
825 1325 828 1700 
826 1728 1109 2080 
827 441 1992 1994 
828 1992 439 1994 
829 797 796 877 
830 696 753 795 
831 416 453 454 
832 946 949 2088 
833 979 1009 1423 
834 990 992 1004 
835 921 923 1877 
836 599 721 1415 
837 1217 1109 2001 
838 949 950 951 
839 1081 1803 1890 
840 1315 878 1400 
841 1341 708 1576 
842 405 1797 2024 
843 706 1282 1764 
844 1270 1766 2074 
845 1007 1077 1078 
846 1317 1038 1746 
847 1188 1242 1243 
848 927 1082 1771 
849 1386 432 1501 
850 1314 1788 1789 
851 448 14 1369 
852 995 1276 1865 
853 1717 1404 1747 
854 1352 1353 1577 
855 462 460 1318 
856 1049 1085 1575 
857 1544 1769 1899 
858 951 952 953 
859 840 1402 1586 
860 657 1300 1862 
861 1224 1216 1800 
862 474 551 1399 
863 1124 1091 1778 
864 1213 1843 1869 
865 1432 916 2047 
866 463 462 464 
867 1107 1080 1108 
868 458 456 1310 
869 964 1614 1778 
870 1185 1338 1606 
871 1292 1405 2008 
872 696 697 753 
873 953 955 956 
874 1353 1351 1919 
875 1247 1308 1846 
876 1706 893 1756 
877 1925 444 1926 
878 445 1925 1926 
879 1323 798 1324 
880 461 462 463 
881 1363 1364 1365 
882 1882 762 1930 
883 1290 1707 1902 
884 448 1370 1371 
885 620 1391 1392 
886 117 1371 1741 
887 1762 1760 1960 
888 821 1442 1580 
889 623 1390 2004 
890 1287 1758 1761 
891 763 1497 1567 
892 1441 588 1626 
893 551 472 1361 
894 1811 110 1812 
895 910 1401 1931 
896 1663 669 1815 
897 796 798 1323 
898 1544 1383 1769 
899 1942 1273 1949 
900 569 1550 1839 
901 933 1027 2042 
902 1040 1288 1307 
903 1339 632 1629 
904 542 1717 1747 
905 1384 1655 1769 
906 1849 1121 1898 
907 1294 1357 1908 
908 1278 1277 1841 
909 1028 1092 1143 
910 1103 1151 1836 
911 1355 1356 1357 
912 470 468 625 
913 106 107 2020 
914 880 878 1315 
915 1368 1851 1913 
916 795 796 797 
917 931 929 932 
918 466 464 1708 
919 1365 813 1804 
920 107 449 1857 
921 1594 1317 1658 
922 1922 1328 2049 
923 1402 624 1586 
924 417 114 1340 
925 946 948 949 
926 1190 1762 2059 
927 895 1244 1818 
928 604 611 623 
929 1102 1020 1673 
930 24 388 1376 
931 692 587 1531 
932 411 1829 1831 
933 1392 1638 2095 
934 1449 1424 2029 
935 1416 971 1898 
936 925 924 926 
937 1319 1776 1975 
938 1179 1726 1728 
939 1114 1308 1309 
940 958 959 960 
941 1164 1849 1898 
942 1433 412 1570 
943 1094 1093 1095 
944 111 450 1822 
945 1400 877 1623 
946 1464 1515 1872 
947 1484 822 1752 
948 1042 1089 2073 
949 498 501 1571 
950 1111 1110 1112 
951 1113 1112 1129 
952 977 979 1423 
953 1515 1464 1961 
954 877 796 1323 
955 439 1992 1996 
956 500 478 1375 
957 398 1380 1381 
958 810 913 1431 
959 614 696 1304 
960 1406 438 1684 
961 1289 1284 1939 
962 614 695 696 
963 595 597 708 
964 1133 1360 2059 
965 1714 700 1719 
966 688 616 1415 
967 1219 1424 1559 
968 1096 1095 1110 
969 94 95 1557 
970 797 877 878 
971 1192 1092 1973 
972 460 609 2025 
973 1181 1183 1595 
974 857 498 1571 
975 1140 1139 1216 
976 960 961 962 
977 1803 1272 1890 
978 1159 1271 2023 
979 1287 1972 2076 
980 1083 1021 1139 
981 1375 476 1399 
982 1385 418 1680 
983 1163 1162 1279 
984 474 472 551 
985 1305 1159 1546 
986 986 1088 1393 
987 1000 1388 1716 
988 500 1296 2007 
989 1143 1144 1146 
990 1628 1279 1876 
991 1103 1102 1127 
992 1130 1129 1131 
993 92 398 1342 
994 852 803 1721 
995 1297 1762 1960 
996 930 1002 1008 
997 781 1942 1949 
998 1009 1393 2069 
999 396 1355 1357 
1000 90 426 1354 
1001 396 21 1355 
1002 1517 1181 1934 
1003 427 87 1518 
1004 1381 1382 1383 
1005 1066 1012 1093 
1006 866 1433 1570 
1007 620 621 1391 
1008 1317 1173 1658 
1009 1148 1131 1162 
1010 796 753 798 
1011 571 573 1566 
1012 1624 719 1755 
1013 456 453 1379 
1014 736 688 1587 
1015 753 697 1367 
1016 597 604 1362 
1017 398 93 1380 
1018 570 595 1341 
1019 831 1410 1528 
1020 1165 1167 1449 
1021 1146 1159 1160 
1022 531 516 557 
1023 1396 918 1953 
1024 1318 460 2025 
1025 846 827 1339 
1026 1771 1082 1913 
1027 117 118 1983 
1028 388 1397 1398 
1029 1405 1792 1890 
1030 1843 450 1869 
1031 472 470 1361 
1032 1151 1280 1670 
1033 962 963 964 
1034 706 1764 2046 
1035 1293 1131 1378 
1036 1410 544 1528 
1037 17 18 399 
1038 92 93 398 
1039 14 15 1369 
1040 425 1363 1365 
1041 20 21 396 
1042 1497 848 1567 
1043 1368 1285 1907 
1044 1548 1460 1969 
1045 388 25 1397 
1046 692 1531 1609 
1047 558 557 561 
1048 832 1407 1436 
1049 519 520 1413 
1050 1158 1102 1673 
1051 620 1392 1531 
1052 1576 708 1682 
1053 1597 1278 1598 
1054 497 490 706 
1055 880 1315 1714 
1056 621 628 1391 
1057 1266 1255 1870 
1058 1405 996 1792 
1059 720 734 828 
1060 1175 1090 1669 
1061 775 1384 1895 
1062 1448 1781 1796 
1063 1658 1175 1842 
1064 938 939 940 
1065 1071 1073 1359 
1066 1347 1346 1349 
1067 1460 1548 1914 
1068 1218 1800 2001 
1069 1345 1346 1347 
1070 1371 1370 1372 
1071 1314 1789 1888 
1072 763 1403 1497 
1073 785 1493 1893 
1074 1383 1382 1384 
1075 425 16 1363 
1076 1434 1579 1637 
1077 1061 994 1435 
1078 1788 1435 2038 
1079 595 596 597 
1080 399 18 1394 
1081 1202 1710 1975 
1082 564 462 1318 
1083 1636 1809 1923 
1084 1345 1343 1346 
1085 6 1921 1922 
1086 520 523 1413 
1087 827 746 1562 
1088 428 23 1376 
1089 1776 1202 1975 
1090 883 1499 2036 
1091 428 1376 1859 
1092 1762 1187 2059 
1093 597 603 604 
1094 604 623 1362 
1095 1120 1203 1329 
1096 1234 1236 1817 
1097 426 1343 1344 
1098 1056 1418 1683 
1099 432 1386 1542 
1100 602 620 1531 
1101 989 987 1723 
1102 1004 992 1005 
1103 90 91 426 
1104 446 1466 1561 
1105 438 1639 2003 
1106 878 877 1400 
1107 1539 1882 1930 
1108 115 116 422 
1109 1344 1343 1345 
1110 505 503 1407 
1111 1184 1182 1185 
1112 1381 1380 1382 
1113 1398 1427 1428 
1114 1323 1324 1644 
1115 933 932 935 
1116 22 23 428 
1117 964 972 973 
1118 1247 998 2085 
1119 803 1419 1420 
1120 446 1561 1656 
1121 1331 513 1911 
1122 1335 1334 1377 
1123 418 96 1406 
1124 833 832 1223 
1125 1800 1216 2001 
1126 1242 1297 1829 
1127 1714 1719 1756 
1128 1280 1128 1281 
1129 1177 1743 1833 
1130 1634 1212 1844 
1131 1056 1063 1418 
1132 421 1320 1936 
1133 604 610 611 
1134 466 1708 1774 
1135 916 1432 1863 
1136 1298 1831 2009 
1137 1212 1602 1838 
1138 1433 1434 1637 
1139 102 103 421 
1140 1100 1257 1789 
1141 803 768 1419 
1142 1332 1334 1335 
1143 821 1441 1442 
1144 696 695 697 
1145 1185 1418 1847 
1146 1358 1071 1359 
1147 1860 1416 1898 
1148 832 713 1407 
1149 688 1415 1587 
1150 1421 427 1422 
1151 550 1845 1855 
1152 1043 1042 1044 
1153 831 1408 1410 
1154 1124 1614 1693 
1155 1246 1475 1824 
1156 1073 1098 1120 
1157 1082 1285 1368 
1158 490 488 2043 
1159 1874 889 1891 
1160 1595 1086 1646 
1161 907 1442 1940 
1162 1403 763 1503 
1163 911 1495 1617 
1164 1132 1133 1186 
1165 86 427 1421 
1166 1331 915 1332 
1167 1348 1347 1351 
1168 1376 388 1819 
1169 455 574 1373 
1170 845 827 846 
1171 1291 1266 1963 
1172 1255 1256 1853 
1173 945 944 946 
1174 88 89 389 
1175 1302 1004 2077 
1176 725 803 852 
1177 973 1272 1614 
1178 713 505 1407 
1179 16 17 1363 
1180 914 915 1331 
1181 1792 1081 1890 
1182 480 478 500 
1183 91 92 1342 
1184 1343 1342 1425 
1185 595 708 1341 
1186 562 561 568 
1187 588 1441 1744 
1188 1412 1411 2093 
1189 1397 431 1427 
1190 1072 1010 1657 
1191 927 926 1082 
1192 554 559 815 
1193 24 25 388 
1194 21 22 1355 
1195 924 922 1805 
1196 834 663 1426 
1197 1223 1436 1437 
1198 570 585 595 
1199 15 16 425 
1200 801 713 832 
1201 1418 1606 1918 
1202 1341 1576 2048 
1203 1867 1353 1919 
1204 1408 831 1429 
1205 1386 1501 1945 
1206 1410 1409 1582 
1207 1079 1729 1730 
1208 914 788 915 
1209 1891 1543 1920 
1210 1048 1047 1049 
1211 1582 1409 1632 
1212 663 665 1426 
1213 399 1394 1430 
1214 1000 1715 1767 
1215 1352 1351 1353 
1216 1332 1333 1334 
1217 1445 899 1549 
1218 26 431 1397 
1219 1932 760 1950 
1220 93 94 1380 
1221 840 919 1402 
1222 1046 1044 1047 
1223 689 769 1417 
1224 725 768 803 
1225 478 476 1375 
1226 1321 1322 1852 
1227 390 84 1536 
1228 1241 1239 1851 
1229 1546 1145 1738 
1230 1018 1068 1956 
1231 953 957 1510 
1232 812 1422 1816 
1233 1008 1018 1019 
1234 949 948 950 
1235 1037 1040 2053 
1236 1414 581 1446 
1237 431 27 1432 
1238 955 1071 1358 
1239 1443 868 1444 
1240 1391 852 1392 
1241 1128 1127 1779 
1242 841 683 1608 
1243 95 96 418 
1244 823 788 914 
1245 804 746 827 
1246 821 1440 1441 
1247 1494 430 1499 
1248 1167 1169 1424 
1249 1427 884 1428 
1250 843 920 1419 
1251 86 87 427 
1252 455 457 574 
1253 628 691 725 
1254 1321 433 1894 
1255 23 24 1376 
1256 1078 1077 1080 
1257 1157 1061 1435 
1258 501 554 1571 
1259 768 843 1419 
1260 425 1365 1366 
1261 1004 1028 2077 
1262 793 868 1443 
1263 1878 1275 2063 
1264 628 725 1391 
1265 97 438 1406 
1266 581 1414 1467 
1267 748 840 1586 
1268 1299 1264 2068 
1269 489 488 490 
1270 1856 1249 1908 
1271 1938 1230 1962 
1272 1345 1347 1348 
1273 1379 452 1735 
1274 567 1445 1549 
1275 494 857 1672 
1276 668 671 744 
1277 744 671 903 
1278 817 1856 1908 
1279 1398 1397 1427 
1280 1424 1169 1559 
1281 486 484 488 
1282 656 680 1503 
1283 1464 423 1961 
1284 787 736 788 
1285 25 26 1397 
1286 454 455 1373 
1287 1223 832 1436 
1288 464 564 2016 
1289 108 109 1808 
1290 468 466 1774 
1291 1991 441 1993 
1292 1561 1466 2017 
1293 928 930 1929 
1294 879 878 880 
1295 465 464 466 
1296 1446 581 1524 
1297 1231 1502 1642 
1298 15 425 1369 
1299 763 656 1503 
1300 801 832 833 
1301 696 795 1304 
1302 676 1668 1678 
1303 723 749 821 
1304 635 637 1429 
1305 843 890 920 
1306 26 27 431 
1307 1447 1446 1524 
1308 665 668 1426 
1309 1237 1783 1984 
1310 967 1252 1253 
1311 1461 414 1469 
1312 940 942 1875 
1313 414 41 1469 
1314 85 86 1421 
1315 571 568 573 
1316 1869 450 2089 
1317 18 19 1394 
1318 1125 1059 1126 
1319 1543 764 1920 
1320 1489 1490 1495 
1321 1040 1033 1288 
1322 847 1443 1444 
1323 678 742 1447 
1324 1407 503 1591 
1325 631 678 1447 
1326 390 1536 2021 
1327 831 635 1429 
1328 1492 1493 1785 
1329 1678 1479 1688 
1330 1020 1002 1673 
1331 810 912 913 
1332 1461 1522 2026 
1333 96 97 1406 
1334 513 1331 2045 
1335 1090 1041 1261 
1336 1349 1346 1350 
1337 1403 875 1404 
1338 13 448 1983 
1339 1104 1619 1620 
1340 97 98 438 
1341 430 1494 1516 
1342 651 657 1471 
1343 1292 1023 1405 
1344 637 643 1429 
1345 951 950 952 
1346 1398 892 1819 
1347 770 847 887 
1348 882 883 1662 
1349 953 952 955 
1350 825 1403 1503 
1351 668 670 671 
1352 1101 1584 1661 
1353 1490 1491 1492 
1354 1348 1351 1352 
1355 725 691 768 
1356 1566 1285 1629 
1357 979 981 1009 
1358 672 1654 1659 
1359 769 782 1233 
1360 1536 1236 2021 
1361 825 875 1403 
1362 825 826 875 
1363 400 1546 1738 
1364 1408 887 1409 
1365 13 14 448 
1366 1332 915 1333 
1367 725 852 1391 
1368 114 115 1340 
1369 723 821 1580 
1370 1638 852 1721 
1371 1139 1021 1705 
1372 651 649 657 
1373 643 755 770 
1374 787 788 823 
1375 1286 1712 1972 
1376 41 42 1469 
1377 597 596 603 
1378 703 732 825 
1379 1497 1404 1689 
1380 1373 574 1374 
1381 607 594 1476 
1382 668 744 1426 
1383 109 110 1811 
1384 938 937 939 
1385 622 1351 2013 
1386 793 819 868 
1387 595 585 596 
1388 450 1772 1822 
1389 1973 1691 2018 
1390 28 394 1432 
1391 27 28 1432 
1392 1479 800 1688 
1393 770 755 847 
1394 1452 1451 2062 
1395 643 770 1429 
1396 1438 500 2007 
1397 889 1543 1891 
1398 429 1489 1495 
1399 1489 392 1490 
1400 661 834 1534 
1401 1472 833 1473 
1402 770 887 1408 
1403 654 1538 2033 
1404 770 1408 1429 
1405 845 846 1232 
1406 553 565 1467 
1407 689 761 769 
1408 594 582 1476 
1409 1490 392 1491 
1410 825 732 826 
1411 756 793 1443 
1412 840 918 919 
1413 958 956 959 
1414 633 831 1528 
1415 875 826 1448 
1416 476 474 1399 
1417 441 1991 1992 
1418 463 464 465 
1419 1492 1491 1493 
1420 1408 1409 1410 
1421 680 703 1503 
1422 737 683 841 
1423 868 819 1227 
1424 42 43 1520 
1425 1079 1730 1957 
1426 742 829 1447 
1427 665 667 668 
1428 854 909 1414 
1429 748 814 840 
1430 565 581 1467 
1431 906 899 1445 
1432 34 430 1516 
1433 816 751 899 
1434 1483 391 1484 
1435 718 764 1474 
1436 1457 1454 1462 
1437 430 1498 1499 
1438 420 1453 1454 
1439 1670 406 1704 
1440 1454 1453 1462 
1441 692 1473 1905 
1442 1238 889 1874 
1443 1225 1275 1878 
1444 932 929 1771 
1445 829 853 854 
1446 1469 42 1520 
1447 816 899 906 
1448 1462 447 1465 
1449 1457 1462 1463 
1450 826 870 1448 
1451 804 827 845 
1452 1379 1200 2019 
1453 77 432 1485 
1454 854 908 909 
1455 690 675 1509 
1456 1414 909 1592 
1457 1157 1435 1788 
1458 1482 391 1483 
1459 604 603 610 
1460 936 935 937 
1461 751 607 1476 
1462 1487 1486 1697 
1463 1455 1454 1456 
1464 829 854 1446 
1465 1942 781 1962 
1466 641 639 1470 
1467 420 44 1453 
1468 742 799 829 
1469 643 687 755 
1470 631 1447 1524 
1471 68 419 1466 
1472 675 676 1509 
1473 859 1538 1539 
1474 1415 1333 1587 
1475 88 389 1518 
1476 903 671 1417 
1477 1453 447 1462 
1478 672 641 1470 
1479 1457 1463 1464 
1480 1455 1456 1458 
1481 420 1454 1455 
1482 907 592 1580 
1483 821 749 1440 
1484 467 466 468 
1485 1470 639 1541 
1486 433 82 1468 
1487 661 663 834 
1488 1494 1491 1516 
1489 1456 1454 1457 
1490 854 1414 1446 
1491 1491 392 1516 
1492 76 77 1485 
1493 633 635 831 
1494 1505 435 1506 
1495 45 46 447 
1496 66 67 446 
1497 45 447 1453 
1498 446 67 1466 
1499 100 101 451 
1500 829 799 853 
1501 671 689 1417 
1502 846 1339 1558 
1503 637 642 643 
1504 790 739 863 
1505 829 1446 1447 
1506 826 830 870 
1507 1403 1404 1497 
1508 83 390 1468 
1509 83 84 390 
1510 1463 1462 1465 
1511 1506 1507 1508 
1512 430 35 1498 
1513 35 36 1498 
1514 419 69 1475 
1515 1229 836 1513 
1516 1459 1458 1460 
1517 854 853 908 
1518 37 393 1500 
1519 1855 1238 1874 
1520 81 433 1478 
1521 752 751 816 
1522 703 704 732 
1523 899 751 1476 
1524 1498 36 1500 
1525 718 729 764 
1526 43 44 420 
1527 68 69 419 
1528 73 434 1477 
1529 393 38 1502 
1530 38 39 1502 
1531 1485 432 1542 
1532 790 863 864 
1533 1504 435 1505 
1534 69 70 1475 
1535 81 82 433 
1536 44 45 1453 
1537 67 68 1466 
1538 739 690 1509 
1539 788 736 1587 
1540 40 41 414 
1541 413 72 1477 
1542 71 72 413 
1543 82 83 1468 
1544 703 825 1503 
1545 793 818 819 
1546 591 571 1566 
1547 395 80 1478 
1548 80 81 1478 
1549 73 74 434 
1550 860 862 1248 
1551 75 391 1482 
1552 738 690 739 
1553 72 73 1477 
1554 434 74 1482 
1555 790 864 1480 
1556 36 37 1500 
1557 394 29 1496 
1558 32 392 1489 
1559 1480 864 1481 
1560 1507 397 1508 
1561 645 641 672 
1562 612 607 751 
1563 870 889 1238 
1564 30 429 1496 
1565 429 31 1489 
1566 756 792 793 
1567 30 31 429 
1568 32 33 392 
1569 28 29 394 
1570 29 30 1496 
1571 31 32 1489 
1572 34 35 430 
1573 74 75 1482 
1574 432 78 1501 
1575 79 395 1501 
1576 79 80 395 
1577 77 78 432 
1578 78 79 1501 
1579 37 38 393 
1580 75 76 391 
1581 33 34 1516 
1582 711 758 765 
1583 789 739 790 
1584 43 420 1520 
1585 55 56 1507 
1586 863 739 1509 
1587 1455 1458 1459 
1588 1481 864 1486 
1589 899 1476 1549 
1590 680 702 703 
1591 678 741 742 
1592 1506 435 1507 
1593 838 836 1229 
1594 56 57 397 
1595 54 55 435 
1596 53 54 1504 
1597 52 53 412 
1598 675 673 676 
1599 56 397 1507 
1600 767 872 873 
1601 767 873 1523 
1602 1221 1220 1301 
1603 59 60 415 
1604 1388 1000 1767 
1605 699 901 1535 
1606 888 874 1265 
1607 699 776 901 
1608 1459 1460 1461 
1609 1484 391 1485 
1610 1220 790 1480 
1611 765 866 1552 
1612 735 688 736 
1613 738 739 789 
1614 773 808 859 
1615 742 743 799 
1616 765 824 866 
1617 63 64 1511 
1618 871 766 874 
1619 653 656 763 
1620 593 605 631 
1621 1481 1486 1487 
1622 54 435 1504 
1623 816 906 1273 
1624 412 53 1504 
1625 789 790 1220 
1626 1672 857 1707 
1627 49 50 423 
1628 62 63 424 
1629 435 55 1507 
1630 765 758 824 
1631 1481 1487 1488 
1632 789 1220 1221 
1633 671 670 689 
1634 1433 824 1434 
1635 874 766 1514 
1636 847 755 1443 
1637 391 76 1485 
1638 645 672 673 
1639 643 642 687 
1640 866 824 1433 
1641 612 751 752 
1642 1689 1404 1717 
1643 724 690 738 
1644 668 667 670 
1645 1419 920 1791 
1646 1244 794 1245 
1647 565 580 581 
1648 871 874 888 
1649 1320 421 1883 
1650 631 677 678 
1651 799 743 800 
1652 853 799 1479 
1653 742 741 743 
1654 544 1410 1582 
1655 711 712 758 
1656 873 872 1246 
1657 424 63 1511 
1658 826 732 830 
1659 801 833 1472 
1660 724 738 766 
1661 1455 1459 1520 
1662 755 687 756 
1663 1493 1491 1494 
1664 1422 812 1817 
1665 392 33 1516 
1666 678 740 741 
1667 769 761 782 
1668 1495 1490 1617 
1669 686 675 690 
1670 755 756 1443 
1671 1459 1461 1469 
1672 738 789 1514 
1673 799 800 1479 
1674 786 736 787 
1675 758 712 759 
1676 838 1229 1230 
1677 766 738 1514 
1678 824 758 1515 
1679 420 1455 1520 
1680 654 651 1471 
1681 606 608 658 
1682 767 871 872 
1683 712 659 726 
1684 743 741 806 
1685 1167 1424 1449 
1686 752 816 1513 
1687 901 776 1521 
1688 789 1221 1514 
1689 724 766 767 
1690 631 605 677 
1691 758 759 1515 
1692 674 686 839 
1693 767 766 871 
1694 600 591 632 
1695 685 731 762 
1696 1459 1469 1520 
1697 658 659 711 
1698 836 752 1513 
1699 674 673 675 
1700 870 830 889 
1701 1434 824 1515 
1702 686 690 724 
1703 740 677 896 
1704 644 641 645 
1705 678 677 740 
1706 1205 1742 1976 
1707 1233 782 1234 
1708 606 594 607 
1709 835 752 836 
1710 1781 546 1796 
1711 851 823 1258 
1712 711 659 712 
1713 674 675 686 
1714 653 763 1567 
1715 608 607 612 
1716 740 896 897 
1717 682 616 688 
1718 658 608 659 
1719 645 673 674 
1720 704 718 1474 
1721 793 792 818 
1722 612 752 835 
1723 1344 1345 1439 
1724 554 815 1571 
1725 606 607 608 
1726 729 780 781 
1727 593 594 605 
1728 837 836 838 
1729 605 594 606 
1730 835 836 837 
1731 703 702 704 
1732 838 1230 1231 
1733 566 556 567 
1734 593 631 1524 
1735 494 498 857 
1736 638 636 639 
1737 640 639 641 
1738 1369 1366 1370 
1739 548 552 633 
1740 816 1273 1513 
1741 837 838 1522 
1742 640 644 699 
1743 711 765 1545 
1744 580 582 593 
1745 1259 1258 1411 
1746 565 566 580 
1747 581 580 1524 
1748 768 842 843 
1749 769 1233 1724 
1750 640 641 644 
1751 84 85 1536 
1752 699 727 776 
1753 895 794 1244 
1754 718 728 729 
1755 776 727 794 
1756 732 704 1474 
1757 677 605 1519 
1758 776 794 895 
1759 806 741 1525 
1760 87 88 1518 
1761 699 644 727 
1762 553 556 565 
1763 85 1421 1536 
1764 605 606 1519 
1765 648 647 649 
1766 606 658 1519 
1767 741 740 1525 
1768 839 686 1523 
1769 819 818 917 
1770 674 839 1530 
1771 633 634 635 
1772 593 582 594 
1773 580 566 582 
1774 843 844 890 
1775 565 556 566 
1776 686 724 1523 
1777 724 767 1523 
1778 602 619 620 
1779 838 1231 1522 
1780 781 780 882 
1781 726 659 1526 
1782 1519 658 1545 
1783 635 636 637 
1784 882 780 883 
1785 704 717 718 
1786 896 677 1519 
1787 637 638 642 
1788 1321 850 1322 
1789 740 897 1525 
1790 608 612 1526 
1791 650 649 651 
1792 659 608 1526 
1793 781 882 1962 
1794 896 1519 1545 
1795 549 547 550 
1796 637 636 638 
1797 776 895 1521 
1798 545 543 546 
1799 612 835 1526 
1800 628 629 691 
1801 634 552 754 
1802 638 639 640 
1803 580 593 1524 
1804 621 627 628 
1805 545 547 548 
1806 729 728 780 
1807 1568 873 1572 
1808 633 552 634 
1809 1338 1182 1517 
1810 553 550 556 
1811 728 717 785 
1812 756 757 792 
1813 644 645 1530 
1814 635 634 636 
1815 645 674 1530 
1816 1474 764 1543 
1817 646 532 647 
1818 1146 1160 1631 
1819 611 613 614 
1820 1484 1485 1542 
1821 1264 1423 2068 
1822 548 549 552 
1823 553 1467 1533 
1824 548 547 549 
1825 830 732 1474 
1826 549 550 553 
1827 537 535 538 
1828 756 687 757 
1829 890 904 1262 
1830 664 662 1537 
1831 666 664 719 
1832 718 717 728 
1833 545 546 547 
1834 1319 1201 1836 
1835 1526 835 1548 
1836 1245 794 1554 
1837 534 536 661 
1838 840 814 918 
1839 727 644 1530 
1840 792 757 822 
1841 541 543 544 
1842 859 808 860 
1843 1165 1449 2082 
1844 469 468 470 
1845 1434 1515 1961 
1846 726 1526 1548 
1847 541 539 542 
1848 536 535 537 
1849 426 1344 1354 
1850 568 569 1718 
1851 527 526 1527 
1852 704 702 717 
1853 548 633 1528 
1854 544 543 545 
1855 749 809 1440 
1856 549 553 1533 
1857 917 818 1386 
1858 1517 1045 1645 
1859 572 907 1854 
1860 1592 909 1611 
1861 544 545 1528 
1862 658 711 1545 
1863 537 539 540 
1864 1307 1288 1308 
1865 784 709 849 
1866 529 527 532 
1867 1535 901 1555 
1868 654 1471 1538 
1869 599 590 721 
1870 881 880 885 
1871 1245 1568 1572 
1872 412 1504 1570 
1873 541 542 543 
1874 1330 1361 1951 
1875 552 549 1533 
1876 537 538 539 
1877 540 539 541 
1878 680 701 702 
1879 661 662 663 
1880 1444 868 1663 
1881 1798 403 1976 
1882 1530 839 1554 
1883 1476 582 1549 
1884 719 664 1537 
1885 545 548 1528 
1886 639 636 1541 
1887 642 638 1535 
1888 1066 1093 1094 
1889 640 699 1535 
1890 1731 1205 1976 
1891 679 655 705 
1892 702 701 1532 
1893 529 533 534 
1894 656 679 680 
1895 862 910 911 
1896 1120 1098 1203 
1897 1200 1379 1735 
1898 582 566 1549 
1899 661 536 662 
1900 638 640 1535 
1901 1380 94 1557 
1902 609 458 1310 
1903 1271 1681 2023 
1904 534 533 535 
1905 835 837 1548 
1906 1619 1104 1952 
1907 727 1530 1554 
1908 1333 915 1587 
1909 754 552 1533 
1910 529 532 533 
1911 653 655 656 
1912 566 567 1549 
1913 685 762 1563 
1914 534 535 536 
1915 592 617 1580 
1916 735 736 786 
1917 665 666 667 
1918 575 898 1583 
1919 652 651 654 
1920 883 780 1540 
1921 579 587 692 
1922 717 702 1532 
1923 787 823 851 
1924 785 717 1532 
1925 887 847 1624 
1926 889 830 1543 
1927 815 1341 2048 
1928 646 647 648 
1929 784 850 902 
1930 663 664 665 
1931 636 634 1541 
1932 532 527 1527 
1933 1652 1291 1963 
1934 1240 1718 1839 
1935 648 649 650 
1936 634 754 1541 
1937 667 666 669 
1938 728 785 1540 
1939 647 532 1527 
1940 617 715 723 
1941 1426 744 1734 
1942 784 849 850 
1943 689 709 761 
1944 780 728 1540 
1945 423 50 1579 
1946 1545 765 1552 
1947 575 577 898 
1948 794 727 1554 
1949 687 642 1555 
1950 1442 1441 1626 
1951 1251 934 1387 
1952 897 896 1552 
1953 680 679 701 
1954 1126 1059 1820 
1955 682 688 735 
1956 656 655 679 
1957 888 1265 1561 
1958 528 527 529 
1959 1523 873 1568 
1960 663 662 664 
1961 830 1474 1543 
1962 851 1258 1259 
1963 1259 1411 1412 
1964 665 664 666 
1965 902 850 1321 
1966 757 687 1555 
1967 646 648 848 
1968 642 1535 1555 
1969 1515 759 1872 
1970 890 844 904 
1971 533 532 646 
1972 797 878 879 
1973 1845 1238 1855 
1974 1435 994 1723 
1975 1245 1554 1568 
1976 768 691 842 
1977 714 713 801 
1978 412 1433 1637 
1979 524 527 528 
1980 531 557 558 
1981 600 632 1562 
1982 843 842 844 
1983 650 652 653 
1984 940 941 942 
1985 650 651 652 
1986 58 59 1590 
1987 528 529 1534 
1988 1346 1343 1425 
1989 1262 904 1300 
1990 535 533 1547 
1991 507 505 713 
1992 896 1545 1552 
1993 1111 1112 1113 
1994 828 734 1431 
1995 534 661 1534 
1996 670 667 1565 
1997 653 652 655 
1998 877 1323 1623 
1999 910 861 1401 
2000 807 772 884 
2001 860 861 862 
2002 689 670 709 
2003 1011 1065 1802 
2004 973 997 1142 
2005 784 902 1574 
2006 761 709 784 
2007 809 820 1249 
2008 1234 1235 1236 
2009 749 750 809 
2010 529 534 1534 
2011 1654 908 1659 
2012 538 535 1547 
2013 723 747 749 
2014 730 684 760 
2015 1504 1505 1570 
2016 614 694 695 
2017 1554 839 1568 
2018 1280 1281 1767 
2019 1537 662 1551 
2020 1198 1197 1254 
2021 632 591 1566 
2022 536 537 1551 
2023 1196 1807 1965 
2024 1059 1054 1820 
2025 697 710 720 
2026 862 861 910 
2027 524 526 527 
2028 1113 1129 1130 
2029 986 987 988 
2030 1208 1742 2024 
2031 1099 1023 1292 
2032 628 627 629 
2033 537 540 1551 
2034 1347 1349 2013 
2035 1094 1095 1096 
2036 423 1463 1896 
2037 839 1523 1568 
2038 691 629 1563 
2039 524 522 526 
2040 901 1521 1581 
2041 1096 1110 1111 
2042 1560 705 1937 
2043 860 808 861 
2044 1668 1479 1678 
2045 773 807 808 
2046 520 522 523 
2047 709 670 1565 
2048 1384 1382 1385 
2049 572 592 907 
2050 904 844 905 
2051 533 646 1547 
2052 873 1246 1572 
2053 1276 1155 1618 
2054 1470 1611 1654 
2055 667 669 1565 
2056 679 705 1560 
2057 1222 1319 1975 
2058 1933 409 1960 
2059 1234 782 1235 
2060 425 1366 1369 
2061 662 536 1551 
2062 1211 1157 1314 
2063 757 1555 1581 
2064 849 709 1565 
2065 783 707 811 
2066 620 619 621 
2067 886 885 893 
2068 1023 996 1405 
2069 541 544 1582 
2070 1116 1075 1219 
2071 431 1432 2047 
2072 971 1834 1898 
2073 1324 1325 1326 
2074 1724 1233 1799 
2075 735 786 869 
2076 1241 1368 1907 
2077 681 707 748 
2078 748 783 814 
2079 842 691 1563 
2080 701 679 1560 
2081 514 518 519 
2082 1401 861 1578 
2083 1148 1162 1163 
2084 1263 1278 1892 
2085 1710 1806 1975 
2086 731 772 773 
2087 50 51 1579 
2088 685 730 731 
2089 807 884 916 
2090 646 848 1547 
2091 716 683 737 
2092 1555 901 1581 
2093 791 737 817 
2094 523 522 524 
2095 574 457 1621 
2096 52 412 1637 
2097 804 845 1553 
2098 98 99 1639 
2099 876 891 892 
2100 1324 1326 1954 
2101 1761 1760 1762 
2102 618 601 683 
2103 629 684 685 
2104 712 726 1622 
2105 1502 39 1642 
2106 1435 1696 2038 
2107 1631 1306 2069 
2108 802 801 1472 
2109 40 414 1642 
2110 1283 1289 1438 
2111 1075 1072 1657 
2112 809 1249 1640 
2113 1248 862 1643 
2114 598 615 624 
2115 1232 846 1805 
2116 960 959 961 
2117 998 1316 1775 
2118 918 814 1311 
2119 1345 1348 1439 
2120 1249 820 1294 
2121 650 653 1567 
2122 471 470 472 
2123 1030 1137 1651 
2124 894 893 1250 
2125 501 525 554 
2126 1130 1131 1148 
2127 773 772 807 
2128 809 750 820 
2129 520 518 521 
2130 1109 1218 2001 
2131 502 499 503 
2132 848 648 1567 
2133 783 811 812 
2134 915 788 1587 
2135 611 610 613 
2136 761 784 1574 
2137 629 627 684 
2138 782 761 1574 
2139 685 684 730 
2140 1791 920 1864 
2141 716 791 855 
2142 1611 909 1654 
2143 731 730 772 
2144 681 616 682 
2145 554 555 559 
2146 589 598 1577 
2147 648 650 1567 
2148 629 685 1563 
2149 749 747 750 
2150 1153 1061 1157 
2151 855 856 876 
2152 627 626 1564 
2153 962 961 963 
2154 1470 1541 1611 
2155 1708 1195 1774 
2156 506 508 509 
2157 520 521 522 
2158 621 626 627 
2159 486 488 489 
2160 723 715 747 
2161 822 757 1581 
2162 745 630 746 
2163 705 655 1613 
2164 510 512 513 
2165 465 466 467 
2166 777 746 804 
2167 540 541 1582 
2168 748 707 783 
2169 673 672 1659 
2170 1352 1577 2084 
2171 514 512 517 
2172 994 989 1723 
2173 514 517 518 
2174 714 801 802 
2175 913 1695 1941 
2176 682 735 1573 
2177 1509 676 1678 
2178 1758 1287 2076 
2179 507 713 714 
2180 64 65 1656 
2181 1686 1224 1967 
2182 760 684 1564 
2183 983 985 986 
2184 681 682 707 
2185 500 1438 1782 
2186 617 723 1580 
2187 414 1461 2026 
2188 876 856 891 
2189 705 1643 1937 
2190 519 518 520 
2191 1293 1601 1648 
2192 61 62 1664 
2193 506 507 508 
2194 1533 1467 1592 
2195 1201 1076 2054 
2196 102 421 1936 
2197 621 619 626 
2198 754 1533 1592 
2199 59 415 1590 
2200 716 737 791 
2201 602 618 619 
2202 559 563 570 
2203 861 808 1578 
2204 107 108 1635 
2205 1467 1414 1592 
2206 750 747 867 
2207 586 578 588 
2208 615 599 616 
2209 510 508 511 
2210 903 1417 1694 
2211 811 707 1573 
2212 800 1486 1688 
2213 1235 782 1574 
2214 570 583 585 
2215 745 777 813 
2216 652 654 1613 
2217 808 807 1578 
2218 855 791 856 
2219 501 499 502 
2220 467 468 469 
2221 917 1386 1945 
2222 389 1396 1953 
2223 513 512 514 
2224 1404 875 1747 
2225 457 459 1621 
2226 684 627 1564 
2227 888 1561 2017 
2228 618 683 716 
2229 714 802 865 
2230 504 506 1569 
2231 1165 1166 1167 
2232 615 616 681 
2233 1693 1015 1802 
2234 1902 815 2048 
2235 720 733 734 
2236 598 624 1577 
2237 617 630 715 
2238 1169 1172 1559 
2239 1428 1932 1950 
2240 1486 864 1688 
2241 1579 51 1637 
2242 1167 1168 1169 
2243 1306 1299 2068 
2244 1570 1505 1679 
2245 19 20 1732 
2246 1281 1388 1767 
2247 1490 1492 1617 
2248 879 880 881 
2249 1409 887 1755 
2250 707 682 1573 
2251 1350 1346 1425 
2252 744 903 1722 
2253 735 869 1573 
2254 847 1444 1624 
2255 506 505 507 
2256 964 963 972 
2257 908 853 1668 
2258 1743 1027 1833 
2259 498 495 499 
2260 587 601 602 
2261 1143 1146 1665 
2262 510 511 512 
2263 530 560 575 
2264 746 630 1562 
2265 1013 932 1771 
2266 473 472 474 
2267 583 563 584 
2268 1223 1733 1910 
2269 807 916 1578 
2270 1085 1182 1184 
2271 1349 1633 2013 
2272 598 599 615 
2273 592 600 617 
2274 1660 851 1722 
2275 777 804 805 
2276 602 601 618 
2277 1146 1631 1665 
2278 1680 900 1709 
2279 1486 800 1697 
2280 787 851 1660 
2281 495 487 774 
2282 891 856 1859 
2283 579 586 587 
2284 905 844 1610 
2285 1039 1042 1043 
2286 598 590 599 
2287 554 525 555 
2288 800 743 1697 
2289 587 586 601 
2290 754 1592 1611 
2291 745 746 777 
2292 570 563 583 
2293 530 531 560 
2294 617 600 630 
2295 1696 1723 1906 
2296 1161 1736 1909 
2297 1552 866 1679 
2298 509 508 510 
2299 844 842 1610 
2300 1169 1170 1172 
2301 655 652 1613 
2302 942 943 944 
2303 956 955 1358 
2304 798 753 1367 
2305 715 630 745 
2306 1679 1505 1737 
2307 845 1232 1585 
2308 681 748 1586 
2309 504 505 506 
2310 842 1563 1610 
2311 469 470 471 
2312 498 499 501 
2313 1448 870 1781 
2314 805 804 1553 
2315 1431 913 1941 
2316 1370 1366 1998 
2317 1541 754 1611 
2318 589 584 590 
2319 1294 820 1295 
2320 559 555 563 
2321 1172 1283 1770 
2322 489 490 496 
2323 530 516 531 
2324 1204 1399 1868 
2325 759 712 1622 
2326 504 503 505 
2327 1324 798 1325 
2328 579 578 586 
2329 1563 762 1610 
2330 1296 1375 2012 
2331 624 615 1586 
2332 475 474 476 
2333 1505 1506 1737 
2334 540 1582 1632 
2335 577 578 579 
2336 833 1223 1910 
2337 1172 1282 1283 
2338 1553 1372 1998 
2339 1531 1392 1609 
2340 438 98 1639 
2341 1382 1380 1557 
2342 1332 1335 2045 
2343 657 649 1837 
2344 589 590 598 
2345 1032 1035 1164 
2346 1571 815 1902 
2347 1003 940 1875 
2348 1317 1594 1773 
2349 116 117 1741 
2350 576 560 778 
2351 1995 440 1996 
2352 575 576 577 
2353 506 509 1569 
2354 515 516 530 
2355 485 487 494 
2356 502 503 504 
2357 583 584 589 
2358 61 1664 2071 
2359 569 1270 2074 
2360 1017 1106 1165 
2361 496 490 497 
2362 630 600 1562 
2363 511 508 1588 
2364 51 52 1637 
2365 626 619 1593 
2366 603 596 622 
2367 1423 1009 2068 
2368 1015 1693 1803 
2369 494 495 498 
2370 555 525 771 
2371 456 1379 2087 
2372 592 591 600 
2373 577 576 578 
2374 496 515 660 
2375 683 601 1608 
2376 716 855 1593 
2377 871 888 1754 
2378 171 172 383 
2379 988 989 990 
2380 881 885 886 
2381 1283 1284 1289 
2382 501 502 525 
2383 1735 436 1885 
2384 508 507 1588 
2385 110 111 1822 
2386 1399 551 1868 
2387 697 695 710 
2388 572 591 592 
2389 542 539 1717 
2390 615 681 1586 
2391 803 1420 1721 
2392 177 178 387 
2393 494 487 495 
2394 164 165 386 
2395 1304 795 2078 
2396 575 560 576 
2397 747 715 1589 
2398 1421 1422 2067 
2399 619 618 1593 
2400 1482 1483 1818 
2401 886 893 894 
2402 515 497 516 
2403 894 1250 1290 
2404 909 908 1654 
2405 184 185 385 
2406 1217 1139 1705 
2407 157 158 384 
2408 39 40 1642 
2409 946 947 948 
2410 1553 845 1585 
2411 1219 1075 1657 
2412 485 486 487 
2413 1662 883 2036 
2414 925 928 2064 
2415 734 810 1431 
2416 503 499 1591 
2417 507 714 1588 
2418 1574 902 1630 
2419 499 495 1591 
2420 626 1593 1674 
2421 394 1401 1863 
2422 862 911 1643 
2423 471 472 473 
2424 647 1527 1837 
2425 1475 70 1824 
2426 1082 1368 1913 
2427 865 802 1638 
2428 866 1570 1679 
2429 614 613 694 
2430 745 813 1589 
2431 71 413 1824 
2432 714 865 1588 
2433 625 468 1774 
2434 618 716 1593 
2435 1671 1703 1912 
2436 386 1378 1838 
2437 693 1672 1707 
2438 1115 1176 1296 
2439 672 1470 1654 
2440 1551 540 1632 
2441 1537 1551 1632 
2442 2015 415 2039 
2443 1813 1995 2062 
2444 586 588 1608 
2445 170 171 1627 
2446 720 710 733 
2447 841 1608 1744 
2448 1390 1304 2078 
2449 715 745 1589 
2450 1337 1196 1965 
2451 1841 1277 2073 
2452 1677 1218 2044 
2453 867 747 1589 
2454 893 885 1756 
2455 734 779 810 
2456 1980 443 2010 
2457 444 1980 2010 
2458 955 1010 1071 
2459 515 530 1583 
2460 572 571 591 
2461 1200 1735 1885 
2462 543 542 1796 
2463 1511 64 1656 
2464 868 1227 1663 
2465 1593 855 1674 
2466 1506 1508 1794 
2467 477 476 478 
2468 1389 1823 2024 
2469 676 673 1659 
2470 1406 1684 2065 
2471 786 787 1660 
2472 1660 903 1694 
2473 601 586 1608 
2474 848 1497 1689 
2475 473 474 475 
2476 869 786 1694 
2477 929 927 1771 
2478 1440 809 1640 
2479 481 483 693 
2480 737 841 1856 
2481 1522 1461 1914 
2482 1500 393 1662 
2483 660 1437 1935 
2484 744 1722 1734 
2485 1590 415 2015 
2486 1737 1506 1794 
2487 967 1253 1260 
2488 526 1904 1947 
2489 912 1215 1320 
2490 853 1479 1668 
2491 1163 1279 1669 
2492 1082 1147 1285 
2493 879 1390 2078 
2494 1979 1977 1991 
2495 485 484 486 
2496 1235 1574 1630 
2497 556 550 1855 
2498 483 482 484 
2499 1456 1457 1872 
2500 517 512 1698 
2501 62 424 1664 
2502 1206 1209 1210 
2503 666 719 1815 
2504 495 774 1591 
2505 475 476 477 
2506 1244 1245 1765 
2507 481 480 482 
2508 894 1290 1576 
2509 660 515 1583 
2510 1632 1409 1755 
2511 1659 908 1668 
2512 940 939 941 
2513 1071 1072 1073 
2514 451 101 1936 
2515 530 575 1583 
2516 58 1590 1982 
2517 1383 1384 1769 
2518 1385 1382 1557 
2519 547 546 1845 
2520 858 779 900 
2521 1577 1353 1867 
2522 855 876 1674 
2523 429 1495 1931 
2524 169 170 1036 
2525 774 487 1612 
2526 1124 1693 1802 
2527 1360 1254 1897 
2528 734 733 779 
2529 973 972 997 
2530 172 173 1594 
2531 1073 1074 1098 
2532 1100 1195 1257 
2533 859 1539 1930 
2534 484 482 1939 
2535 496 497 515 
2536 905 1830 1862 
2537 692 1609 2055 
2538 810 858 912 
2539 890 1262 1889 
2540 1420 1698 1790 
2541 881 886 1226 
2542 1358 1359 1787 
2543 20 396 1732 
2544 558 561 562 
2545 1116 1219 1559 
2546 1664 1301 2071 
2547 483 484 485 
2548 710 695 1655 
2549 1043 1044 1046 
2550 701 1560 1785 
2551 158 159 1653 
2552 178 179 1600 
2553 1099 1292 1651 
2554 560 531 1603 
2555 1005 1007 1705 
2556 165 166 1601 
2557 1174 1317 1746 
2558 481 482 483 
2559 163 164 1602 
2560 479 478 480 
2561 863 1678 1688 
2562 863 1509 1678 
2563 1087 1749 1783 
2564 1546 1159 2023 
2565 726 1548 1969 
2566 1328 1210 2049 
2567 773 859 1930 
2568 1283 1282 1284 
2569 1377 1336 2083 
2570 1547 848 1689 
2571 695 694 1655 
2572 1145 1546 2023 
2573 1458 1456 2086 
2574 1584 1101 1886 
2575 416 454 1228 
2576 1465 447 1987 
2577 1829 411 1832 
2578 1190 1761 1762 
2579 1390 879 2004 
2580 183 184 1604 
2581 1616 1150 2000 
2582 176 177 1596 
2583 990 991 992 
2584 579 692 1905 
2585 1721 1420 1790 
2586 949 971 2088 
2587 156 157 1607 
2588 1320 1215 2003 
2589 487 486 1612 
2590 1366 1365 1804 
2591 584 563 1641 
2592 1048 1049 1050 
2593 46 4 1987 
2594 3 66 1988 
2595 613 610 698 
2596 864 863 1688 
2597 461 463 493 
2598 4 47 1987 
2599 65 3 1988 
2600 733 710 775 
2601 479 480 481 
2602 1767 1715 2030 
2603 168 169 1649 
2604 1493 1494 1893 
2605 1167 1166 1168 
2606 502 504 1625 
2607 1046 1047 1048 
2608 1169 1168 1170 
2609 1794 1508 1848 
2610 897 1552 1679 
2611 778 560 1603 
2612 166 167 1648 
2613 504 1569 1625 
2614 912 858 1215 
2615 1335 1786 2045 
2616 811 1799 1861 
2617 903 1660 1722 
2618 1021 1005 1705 
2619 162 163 1634 
2620 1192 1973 2018 
2621 1884 1227 1900 
2622 1172 1170 1282 
2623 1510 1164 1834 
2624 182 183 1645 
2625 1322 850 1900 
2626 175 176 1647 
2627 1031 1014 1214 
2628 876 892 1777 
2629 1614 1124 1778 
2630 509 510 1786 
2631 1428 884 1932 
2632 819 917 1915 
2633 1499 1498 2036 
2634 469 471 492 
2635 1590 1488 1982 
2636 902 1321 1894 
2637 1311 814 1816 
2638 1017 1165 1753 
2639 1581 1521 1752 
2640 1609 1392 2095 
2641 1537 1632 1755 
2642 525 502 1625 
2643 743 806 1697 
2644 1564 626 1674 
2645 810 779 858 
2646 477 478 479 
2647 406 1670 2030 
2648 393 1502 1938 
2649 719 1624 1815 
2650 1979 443 1980 
2651 867 1430 1881 
2652 1624 1444 1815 
2653 792 822 1901 
2654 422 116 1741 
2655 538 1547 1689 
2656 418 1406 2065 
2657 885 880 1714 
2658 477 479 491 
2659 397 57 1982 
2660 942 941 943 
2661 181 182 1045 
2662 1538 859 2033 
2663 1386 818 1901 
2664 1266 1870 2040 
2665 1417 769 1724 
2666 521 518 1864 
2667 841 1640 1856 
2668 185 186 1605 
2669 486 489 1612 
2670 388 1398 1819 
2671 174 175 1038 
2672 1513 1273 1942 
2673 589 1577 1867 
2674 1450 1242 1832 
2675 1165 1106 1166 
2676 1272 1142 1890 
2677 859 860 2033 
2678 1752 1521 2061 
2679 563 555 1641 
2680 1411 523 2093 
2681 167 168 1034 
2682 1288 974 1846 
2683 762 731 1930 
2684 897 1679 1737 
2685 1195 1194 1835 
2686 1640 1249 1856 
2687 99 2 2002 
2688 562 568 571 
2689 1090 1261 1669 
2690 1155 1199 1618 
2691 161 162 1067 
2692 783 812 1816 
2693 1487 1697 1848 
2694 1548 837 1914 
2695 1473 692 2055 
2696 1300 904 1862 
2697 1542 1386 1901 
2698 1067 1634 1844 
2699 2 100 2002 
2700 706 490 2043 
2701 1437 1612 1935 
2702 160 161 1652 
2703 180 181 1646 
2704 415 60 2071 
2705 1050 1049 1575 
2706 1481 1488 2015 
2707 159 160 1097 
2708 521 1864 1889 
2709 555 771 1641 
2710 538 1689 1717 
2711 1620 436 1857 
2712 173 174 1773 
2713 1301 1220 2039 
2714 1371 1372 1741 
2715 771 525 1625 
2716 986 985 987 
2717 1422 1817 2067 
2718 1322 1900 1915 
2719 1314 1157 1788 
2720 179 180 1086 
2721 526 522 1904 
2722 1424 1219 2029 
2723 1598 1278 1841 
2724 1056 1683 1943 
2725 884 772 1932 
2726 1250 893 1706 
2727 1142 1405 1890 
2728 1149 1858 2070 
2729 473 475 700 
2730 1823 1879 1944 
2731 1127 1158 1743 
2732 1622 1458 2086 
2733 1402 919 1917 
2734 1219 1657 2029 
2735 539 538 1717 
2736 1760 1933 1960 
2737 1618 1199 1619 
2738 1065 1124 1802 
2739 450 111 2089 
2740 999 968 2027 
2741 946 944 947 
2742 1854 907 1940 
2743 775 710 1655 
2744 512 511 1698 
2745 49 423 1896 
2746 7 154 965 
2747 1153 1157 1211 
2748 154 155 1661 
2749 1326 1325 1700 
2750 1203 1098 1204 
2751 813 777 1804 
2752 1644 493 1768 
2753 155 156 1101 
2754 898 577 1905 
2755 1261 1037 2053 
2756 1074 1072 1075 
2757 1348 1352 1917 
2758 1164 1035 1849 
2759 875 1448 1747 
2760 950 948 954 
2761 562 571 572 
2762 1788 1026 1789 
2763 1073 1072 1074 
2764 884 1427 2047 
2765 955 952 1010 
2766 851 1259 1722 
2767 531 558 1603 
2768 1831 1829 2009 
2769 869 1724 1799 
2770 1525 897 1737 
2771 1742 1798 1976 
2772 1115 1296 1740 
2773 1065 1012 1066 
2774 1115 1075 1116 
2775 1011 999 1012 
2776 1071 1010 1072 
2777 1583 898 1733 
2778 1174 1841 2073 
2779 1483 1484 1752 
2780 1170 1168 1171 
2781 911 1617 1937 
2782 676 1659 1668 
2783 988 987 989 
2784 1761 1190 1897 
2785 1122 1191 1416 
2786 1488 1590 2015 
2787 1285 1147 1629 
2788 513 514 1911 
2789 1275 1140 1986 
2790 188 8 1051 
2791 1259 1412 1734 
2792 485 494 1672 
2793 805 1553 1998 
2794 919 1439 1917 
2795 1387 934 1388 
2796 1663 1227 1884 
2797 1879 1327 1921 
2798 872 871 1754 
2799 1030 1031 1137 
2800 993 984 996 
2801 730 760 1932 
2802 171 383 1627 
2803 413 1477 1765 
2804 1565 669 1884 
2805 1681 1145 2023 
2806 585 583 1867 
2807 975 968 999 
2808 1287 1761 1897 
2809 1137 1138 1529 
2810 1211 1318 2025 
2811 1123 1050 1615 
2812 1420 1419 1791 
2813 542 1747 1796 
2814 523 524 2093 
2815 1483 1752 2061 
2816 245 246 2010 
2817 609 1310 1880 
2818 1774 1195 1835 
2819 1063 1064 1274 
2820 482 480 1782 
2821 1575 1274 1615 
2822 516 497 2046 
2823 1621 459 1666 
2824 1257 1195 1708 
2825 1325 798 1367 
2826 1722 1259 1734 
2827 786 1660 1694 
2828 187 188 1667 
2829 1374 1431 1941 
2830 1643 911 1937 
2831 136 137 1022 
2832 150 151 1161 
2833 1115 1116 1176 
2834 1100 1099 1194 
2835 465 467 722 
2836 1005 1006 1007 
2837 719 1537 1755 
2838 1623 1323 1644 
2839 750 867 1881 
2840 1160 1306 1631 
2841 1001 1025 1026 
2842 1190 1360 1897 
2843 1401 1578 1863 
2844 146 147 1145 
2845 1074 1075 1115 
2846 137 138 1685 
2847 1799 1233 1861 
2848 997 1014 1030 
2849 1290 1902 2048 
2850 869 1694 1724 
2851 870 1238 1781 
2852 383 172 1594 
2853 811 1573 1799 
2854 1086 1595 1959 
2855 454 1373 1695 
2856 1525 1737 1794 
2857 449 1750 1751 
2858 1245 1572 1765 
2859 1166 1106 1550 
2860 912 1320 1883 
2861 1295 820 1881 
2862 1356 428 1859 
2863 1379 2019 2087 
2864 1468 1630 1894 
2865 916 884 2047 
2866 1889 1262 1904 
2867 1260 1264 1299 
2868 1114 1309 1793 
2869 1418 1063 1847 
2870 186 187 1117 
2871 1137 1031 1138 
2872 856 791 1916 
2873 1674 876 1777 
2874 138 139 1141 
2875 1105 1016 1239 
2876 1063 1274 1847 
2877 822 1581 1752 
2878 405 1823 1944 
2879 865 1638 1721 
2880 387 178 1600 
2881 1698 511 1790 
2882 660 1583 1733 
2883 693 483 1672 
2884 944 943 1753 
2885 483 485 1672 
2886 386 165 1601 
2887 1339 1629 2081 
2888 459 461 1666 
2889 1082 926 1147 
2890 164 386 1602 
2891 1532 701 1785 
2892 1122 1416 1860 
2893 1025 1023 1099 
2894 1030 1014 1031 
2895 894 1576 1682 
2896 384 158 1653 
2897 858 900 1684 
2898 1056 1057 1063 
2899 1104 1620 1751 
2900 1644 1324 1954 
2901 1614 1272 1693 
2902 1597 387 1599 
2903 1194 1099 1651 
2904 1125 1126 1177 
2905 1438 1289 1782 
2906 177 387 1596 
2907 981 982 983 
2908 963 961 970 
2909 1620 449 1751 
2910 1036 170 1627 
2911 1158 1673 1701 
2912 1151 1670 1671 
2913 546 1781 1845 
2914 142 143 1193 
2915 1001 996 1023 
2916 886 894 1682 
2917 943 941 1016 
2918 184 385 1604 
2919 806 1525 1794 
2920 1100 1194 1195 
2921 1053 1055 1056 
2922 517 1791 1864 
2923 993 1001 1696 
2924 1205 1389 1742 
2925 546 543 1796 
2926 1178 1793 2034 
2927 157 384 1607 
2928 969 976 977 
2929 865 1721 1790 
2930 959 956 1358 
2931 1279 1650 1876 
2932 510 513 1786 
2933 1215 858 1684 
2934 1472 1609 2095 
2935 1017 1105 1106 
2936 1564 1674 1777 
2937 1810 1811 1977 
2938 189 190 934 
2939 1384 1385 1895 
2940 900 779 1709 
2941 1465 48 1896 
2942 669 1663 1884 
2943 1025 1099 1100 
2944 1917 1352 2084 
2945 1226 886 1682 
2946 632 1566 1629 
2947 434 1482 1818 
2948 982 980 1081 
2949 1500 1662 2036 
2950 983 984 985 
2951 802 1472 2095 
2952 1062 1061 1153 
2953 1596 1597 1598 
2954 943 1016 1017 
2955 596 585 1919 
2956 985 984 993 
2957 1207 1879 1921 
2958 1070 1807 1821 
2959 1372 1553 2060 
2960 151 152 1736 
2961 1680 1709 1895 
2962 760 1564 1777 
2963 467 469 1720 
2964 1050 1575 1615 
2965 1119 1197 1198 
2966 797 879 2078 
2967 195 196 1152 
2968 1750 449 2049 
2969 669 666 1815 
2970 771 2031 2083 
2971 1461 1460 1914 
2972 190 191 1716 
2973 1176 1438 2007 
2974 147 148 1738 
2975 983 982 984 
2976 70 71 1824 
2977 385 185 1605 
2978 1608 588 1744 
2979 1017 1016 1105 
2980 698 1544 1899 
2981 1123 1615 1616 
2982 921 1877 1958 
2983 480 500 1782 
2984 1148 1163 1784 
2985 1657 1010 1739 
2986 1001 1023 1025 
2987 806 1794 1848 
2988 199 200 1202 
2989 1094 1096 1178 
2990 1087 1019 1132 
2991 649 647 1837 
2992 1111 1113 1114 
2993 205 206 1069 
2994 1058 1054 1059 
2995 814 783 1816 
2996 1875 1269 2000 
2997 111 112 2089 
2998 990 989 991 
2999 1214 1014 1795 
3000 997 972 1014 
3001 947 944 1753 
3002 1680 418 2065 
3003 1045 1517 1934 
3004 892 891 1819 
3005 169 1036 1649 
3006 1081 980 2090 
3007 481 693 1928 
3008 1631 1088 1665 
3009 2029 954 2051 
3010 191 192 1000 
3011 777 805 1804 
3012 2051 947 2082 
3013 993 996 1001 
3014 1432 394 1863 
3015 995 994 1061 
3016 1053 1056 1943 
3017 1655 694 1769 
3018 1062 1154 1155 
3019 7 965 966 
3020 1445 1874 1891 
3021 1235 1630 2021 
3022 1143 1665 2077 
3023 1039 1043 1849 
3024 1267 1123 1616 
3025 1707 857 1902 
3026 1573 869 1799 
3027 194 195 1704 
3028 1488 1487 1968 
3029 471 473 1702 
3030 1904 1262 1947 
3031 1729 1179 1731 
3032 979 980 981 
3033 1529 625 1835 
3034 1601 166 1648 
3035 1070 1713 1965 
3036 779 733 1709 
3037 981 980 982 
3038 163 1602 1634 
3039 733 775 1709 
3040 1098 1074 1740 
3041 1232 1805 2011 
3042 395 1478 1852 
3043 1150 1616 2022 
3044 550 547 1845 
3045 192 193 1715 
3046 135 136 1675 
3047 1594 173 1773 
3048 1374 574 2037 
3049 1595 1646 1934 
3050 1736 1260 1909 
3051 991 989 994 
3052 923 1237 1877 
3053 1577 624 2084 
3054 488 484 1939 
3055 1122 1050 1123 
3056 145 146 1681 
3057 423 1579 1961 
3058 183 1604 1645 
3059 567 556 1855 
3060 1065 1091 1124 
3061 176 1596 1647 
3062 1228 454 1695 
3063 729 781 1949 
3064 1527 526 1947 
3065 129 130 1079 
3066 1127 1102 1158 
3067 1494 1499 1893 
3068 1035 1039 1849 
3069 1116 1559 1770 
3070 1218 1677 1800 
3071 1224 1686 1986 
3072 496 660 1935 
3073 206 207 1711 
3074 1451 1450 1999 
3075 1853 1256 1886 
3076 1204 1098 1740 
3077 517 1698 1791 
3078 152 153 967 
3079 475 477 1719 
3080 159 1097 1653 
3081 143 144 1692 
3082 967 1260 1736 
3083 1445 567 1874 
3084 1205 1731 2032 
3085 130 131 1725 
3086 148 149 400 
3087 193 194 406 
3088 493 1644 1954 
3089 1809 1922 2049 
3090 477 491 1719 
3091 1233 1234 1861 
3092 179 1086 1600 
3093 1599 387 1600 
3094 1147 1558 2081 
3095 1694 1417 1724 
3096 1878 1691 1973 
3097 817 737 1856 
3098 1034 168 1649 
3099 1695 1373 1941 
3100 1191 1123 1267 
3101 204 205 1713 
3102 511 1588 1790 
3103 131 132 1180 
3104 196 197 1703 
3105 1045 182 1645 
3106 167 1034 1648 
3107 1457 1464 1872 
3108 461 493 1666 
3109 1864 920 1889 
3110 1065 1066 1091 
3111 1001 1026 1696 
3112 1011 1012 1065 
3113 1826 402 2044 
3114 1814 1832 1871 
3115 2031 1377 2083 
3116 1038 175 1647 
3117 463 465 1768 
3118 905 1610 1882 
3119 469 492 1720 
3120 1067 162 1634 
3121 812 811 1861 
3122 1618 1619 1952 
3123 1588 865 1790 
3124 198 199 1776 
3125 7 966 1252 
3126 1701 933 2042 
3127 1960 409 2056 
3128 1176 1116 1770 
3129 210 211 1757 
3130 1043 1046 1121 
3131 383 1594 1658 
3132 1499 1540 1893 
3133 492 471 1702 
3134 1807 1196 1955 
3135 1184 1185 1847 
3136 879 881 2004 
3137 174 1038 1773 
3138 1254 1287 1897 
3139 1387 1126 1820 
3140 1005 992 1006 
3141 904 905 1862 
3142 764 729 1949 
3143 473 700 1702 
3144 1007 1029 1077 
3145 1101 156 1607 
3146 139 140 1687 
3147 935 932 1013 
3148 1569 509 2066 
3149 1051 8 1052 
3150 181 1045 1646 
3151 211 212 1134 
3152 952 950 1739 
3153 913 912 1883 
3154 1048 1050 1122 
3155 975 999 1011 
3156 518 517 1864 
3157 1281 1128 1779 
3158 161 1067 1652 
3159 1260 1253 1264 
3160 1596 387 1597 
3161 857 1571 1902 
3162 1062 1153 1154 
3163 1003 1556 2070 
3164 141 142 1690 
3165 1097 160 1652 
3166 1923 1808 1924 
3167 1240 1239 1241 
3168 846 1558 1805 
3169 48 49 1896 
3170 583 589 1867 
3171 1052 8 1251 
3172 1793 1309 2034 
3173 995 1061 1062 
3174 567 1855 1874 
3175 1198 1254 1360 
3176 1388 934 1716 
3177 1388 1281 1946 
3178 624 1402 2084 
3179 1086 180 1646 
3180 977 978 979 
3181 1216 1139 1217 
3182 1858 1149 1903 
3183 1264 1253 1423 
3184 943 1017 1753 
3185 395 1852 1945 
3186 1178 1775 1801 
3187 1036 1627 1628 
3188 1282 1170 1764 
3189 1584 999 2027 
3190 1327 1328 1921 
3191 1765 1572 2092 
3192 449 1635 2049 
3193 920 890 1889 
3194 562 572 1854 
3195 1719 491 1756 
3196 413 1765 2092 
3197 1460 1458 1969 
3198 1746 1598 1841 
3199 200 201 1710 
3200 950 954 1739 
3201 1074 1115 1740 
3202 1559 1172 1770 
3203 203 204 1070 
3204 966 968 969 
3205 700 475 1719 
3206 996 984 1792 
3207 969 975 976 
3208 906 1445 1891 
3209 885 1714 1756 
3210 1806 407 1807 
3211 1723 987 1906 
3212 1168 1166 1766 
3213 1596 1598 1647 
3214 820 750 1881 
3215 991 994 995 
3216 422 1741 2060 
3217 1181 1595 1934 
3218 1473 833 1910 
3219 1747 1448 1796 
3220 1171 1168 1766 
3221 1239 1016 1873 
3222 1191 1267 1268 
3223 1105 1239 1240 
3224 433 1468 1894 
3225 1578 916 1863 
3226 849 1884 1900 
3227 1122 1123 1191 
3228 1060 1136 1312 
3229 939 937 1024 
3230 1060 1059 1125 
3231 613 698 1899 
3232 1170 1171 1764 
3233 519 1413 1985 
3234 1311 1518 1953 
3235 1463 1465 1896 
3236 1010 952 1739 
3237 965 154 1661 
3238 1153 1211 1748 
3239 144 145 404 
3240 197 198 410 
3241 1616 1615 2022 
3242 1155 1156 1199 
3243 1612 489 1935 
3244 134 135 1825 
3245 155 1101 1661 
3246 1802 1015 1866 
3247 493 463 1768 
3248 1741 1372 2060 
3249 119 120 1207 
3250 1327 1210 1328 
3251 966 965 968 
3252 1372 1370 1998 
3253 906 1891 1920 
3254 207 208 1827 
3255 1965 1713 2091 
3256 1034 1649 1650 
3257 1748 609 1880 
3258 972 963 1795 
3259 1540 785 1893 
3260 849 1565 1884 
3261 1698 1420 1791 
3262 978 976 1015 
3263 1335 1377 2066 
3264 132 133 1826 
3265 1103 1836 2054 
3266 1807 1070 1965 
3267 722 467 1720 
3268 1706 491 1928 
3269 969 968 975 
3270 1595 1183 1959 
3271 1011 1802 1866 
3272 1633 622 2013 
3273 209 210 1828 
3274 1298 2009 2056 
3275 1150 1149 1556 
3276 1769 694 1899 
3277 818 792 1901 
3278 948 947 2051 
3279 1783 928 1929 
3280 1351 1347 2013 
3281 403 1948 1976 
3282 186 1117 1605 
3283 202 203 1821 
3284 1063 1057 1064 
3285 1064 1057 1149 
3286 850 849 1900 
3287 961 959 1787 
3288 1155 1154 1156 
3289 1256 1584 1886 
3290 1958 437 2089 
3291 1243 1450 1451 
3292 1900 1227 1915 
3293 491 479 1928 
3294 918 1311 1953 
3295 1646 1045 1934 
3296 1487 1848 1968 
3297 1227 819 1915 
3298 1029 1006 1276 
3299 1273 906 1920 
3300 1138 1330 1951 
3301 1310 456 2087 
3302 969 977 1887 
3303 1759 1135 1760 
3304 837 1522 1914 
3305 1251 1387 1820 
3306 922 417 2011 
3307 1166 1550 1766 
3308 1308 1288 1846 
3309 124 125 1208 
3310 1945 1852 2058 
3311 1697 806 1848 
3312 1096 1111 1793 
3313 1522 1231 2026 
3314 1589 813 1964 
3315 993 1696 1906 
3316 1808 1810 1924 
3317 977 976 978 
3318 1249 1294 1908 
3319 1008 1019 1087 
3320 1639 99 2002 
3321 1043 1121 1849 
3322 1556 1149 2070 
3323 385 1605 1606 
3324 1496 429 1931 
3325 1151 1671 1836 
3326 1848 1508 1968 
3327 1206 1108 1209 
3328 1600 1086 1959 
3329 522 521 1904 
3330 1064 1149 1150 
3331 1834 1164 1898 
3332 402 1825 2044 
3333 979 978 980 
3334 514 519 1911 
3335 1693 1272 1803 
3336 1603 558 1854 
3337 101 102 1936 
3338 577 579 1905 
3339 1811 1812 1989 
3340 188 1051 1667 
3341 1242 1829 1832 
3342 1610 762 1882 
3343 1607 384 1853 
3344 222 223 1189 
3345 731 773 1930 
3346 1183 1084 2052 
3347 1203 1204 1868 
3348 1066 1094 1801 
3349 1229 1942 1962 
3350 1229 1513 1942 
3351 1439 1348 1917 
3352 1126 1387 1946 
3353 1458 1622 1969 
3354 1056 1055 1057 
3355 1331 1332 2045 
3356 1427 431 2047 
3357 1501 395 1945 
3358 1781 1238 1845 
3359 448 1371 1983 
3360 1518 389 1953 
3361 1199 1156 1200 
3362 140 141 401 
3363 201 202 407 
3364 997 1030 2008 
3365 791 817 1916 
3366 1948 1730 1976 
3367 1022 137 1685 
3368 1456 1872 2086 
3369 1053 1052 1054 
3370 963 970 1795 
3371 1550 1106 1839 
3372 574 1621 2037 
3373 1091 1066 1801 
3374 772 730 1932 
3375 1915 917 2058 
3376 1117 187 1667 
3377 1260 1299 1909 
3378 1230 1229 1962 
3379 970 961 1787 
3380 1656 65 1988 
3381 2009 1960 2056 
3382 1833 1027 1927 
3383 436 1735 2020 
3384 1012 999 2075 
3385 212 213 1763 
3386 1014 972 1795 
3387 497 706 2046 
3388 1684 900 2065 
3389 1161 1699 1966 
3390 1508 397 1968 
3391 1210 1750 2049 
3392 1055 1054 1058 
3393 1262 1300 1947 
3394 133 134 402 
3395 208 209 408 
3396 1154 1153 1748 
3397 1336 1641 2083 
3398 984 982 1792 
3399 138 1141 1685 
3400 1824 413 2092 
3401 149 150 1966 
3402 1466 419 2017 
3403 1726 1180 1727 
3404 1602 386 1838 
3405 1058 1060 1858 
3406 1675 1676 1677 
3407 217 218 1298 
3408 1630 902 1894 
3409 1622 726 1969 
3410 1276 1006 1865 
3411 694 613 1899 
3412 465 722 1768 
3413 57 58 1982 
3414 1051 1052 1053 
3415 1830 905 1882 
3416 1080 1077 1104 
3417 1818 1483 2061 
3418 447 46 1987 
3419 66 446 1988 
3420 1106 1105 1839 
3421 982 1081 1792 
3422 992 991 1865 
3423 622 596 1919 
3424 987 985 1906 
3425 1312 1136 1313 
3426 1132 1186 1213 
3427 959 1358 1787 
3428 100 451 2002 
3429 1138 1031 2094 
3430 1161 151 1736 
3431 1053 1054 1055 
3432 625 1774 1835 
3433 1087 1132 1749 
3434 1777 892 1950 
3435 558 562 1854 
3436 1385 1680 1895 
3437 1627 383 1842 
3438 941 939 1873 
3439 479 481 1928 
3440 1029 1276 1618 
3441 1754 888 2017 
3442 1145 147 1738 
3443 1231 1642 2026 
3444 971 1416 2035 
3445 1007 1006 1029 
3446 860 1248 2033 
3447 1579 1434 1961 
3448 1216 1217 2001 
3449 521 1889 1904 
3450 1480 1481 2015 
3451 1832 411 1871 
3452 1733 898 1910 
3453 1060 1312 1858 
3454 1178 1096 1793 
3455 1705 1007 2050 
3456 443 1979 1981 
3457 795 797 2078 
3458 1642 414 2026 
3459 1117 1667 1683 
3460 1449 2051 2082 
3461 1785 1560 2057 
3462 1480 2015 2039 
3463 1236 1536 2067 
3464 1111 1114 1793 
3465 1619 1199 1885 
3466 1174 1746 1841 
3467 1058 1059 1060 
3468 1060 1125 1136 
3469 1621 1326 2037 
3470 1699 1161 1909 
3471 136 1022 1675 
3472 1498 1500 2036 
3473 1402 1917 2084 
3474 1807 407 1821 
3475 1730 1729 1731 
3476 1094 1178 1801 
3477 451 1639 2002 
3478 934 190 1716 
3479 1603 1854 1940 
3480 1016 941 1873 
3481 146 1145 1681 
3482 1911 519 1985 
3483 1220 1480 2039 
3484 1199 1200 1885 
3485 985 993 1906 
3486 1068 1119 1956 
3487 937 935 1850 
3488 1609 1472 2055 
3489 1198 1360 1395 
3490 1553 1585 2060 
3491 489 496 1935 
3492 1758 1134 1759 
3493 1087 1783 1929 
3494 150 1161 1966 
3495 120 121 1780 
3496 1599 1600 1959 
3497 1832 1814 1974 
3498 60 61 2071 
3499 1699 400 1966 
3500 1558 1339 2081 
3501 1046 1048 1860 
3502 1727 1826 2044 
3503 1907 573 2006 
3504 1536 1421 2067 
3505 1006 992 1865 
3506 1135 1759 1763 
3507 1175 1628 1842 
3508 384 1653 1870 
3509 1789 1257 1888 
3510 1822 1452 1971 
3511 1373 1374 1941 
3512 1089 1174 2073 
3513 191 1000 1716 
3514 1700 1374 2037 
3515 1236 1235 2021 
3516 1662 393 1938 
3517 1685 1141 1686 
3518 1775 1178 2034 
3519 112 1958 2089 
3520 127 128 1948 
3521 195 1152 1704 
3522 1015 976 1866 
3523 449 1620 1857 
3524 1193 143 1692 
3525 1521 895 2061 
3526 1709 775 1895 
3527 1760 1135 1933 
3528 1013 1771 1913 
3529 1114 1113 1970 
3530 867 1589 1964 
3531 1105 1240 1839 
3532 1539 1830 1882 
3533 1639 451 2003 
3534 881 1226 2004 
3535 221 222 1814 
3536 383 1658 1842 
3537 524 528 2093 
3538 1197 1337 2072 
3539 1141 139 1687 
3540 1753 1165 2082 
3541 213 214 1135 
3542 771 1625 2031 
3543 152 967 1736 
3544 1803 1081 2090 
3545 1125 1177 1833 
3546 778 1603 1940 
3547 1224 1676 1967 
3548 1786 513 2045 
3549 1000 192 1715 
3550 446 1656 1988 
3551 148 400 1738 
3552 1670 1280 2030 
3553 1529 1138 1951 
3554 1665 1302 2077 
3555 1649 1036 1876 
3556 1472 1473 2055 
3557 1069 206 1711 
3558 1152 196 1703 
3559 142 1193 1690 
3560 1617 1492 2057 
3561 1726 1727 1728 
3562 1550 569 2074 
3563 1148 1784 2014 
3564 1825 1677 2044 
3565 1628 1627 1842 
3566 1727 1180 1826 
3567 205 1069 1713 
3568 1048 1122 1860 
3569 406 194 1704 
3570 1119 1198 1956 
3571 199 1202 1776 
3572 998 1775 2034 
3573 1210 1209 1750 
3574 125 126 1798 
3575 193 406 1715 
3576 1572 1246 2092 
3577 1024 1850 1851 
3578 1677 1676 1800 
3579 1275 1686 2063 
3580 1121 1046 1860 
3581 1675 1022 1676 
3582 1079 130 1725 
3583 1731 1179 2032 
3584 1188 1243 1772 
3585 1296 1176 2007 
3586 1772 450 1843 
3587 1690 1193 1691 
3588 1113 1130 1970 
3589 1661 1584 2027 
3590 1651 1137 2028 
3591 1132 1213 1749 
3592 1923 1924 1925 
3593 1225 1878 1973 
3594 123 124 1797 
3595 1137 1529 2028 
3596 976 975 1866 
3597 131 1180 1725 
3598 760 1777 1950 
3599 400 149 1966 
3600 935 1013 1850 
3601 216 217 2056 
3602 1202 200 1710 
3603 1920 764 1949 
3604 1186 1188 1843 
3605 991 995 1865 
3606 1036 1628 1876 
3607 1718 1240 2006 
3608 1692 404 1840 
3609 1026 1788 2038 
3610 1650 1649 1876 
3611 1149 1057 1903 
3612 975 1011 1866 
3613 1676 1224 1800 
3614 1194 1651 2028 
3615 1142 997 2008 
3616 1154 1748 1880 
3617 1758 1759 1761 
3618 1683 1418 1918 
3619 1191 1268 2035 
3620 218 219 1831 
3621 1869 437 1984 
3622 1853 384 1870 
3623 128 129 1957 
3624 1666 493 1954 
3625 930 1008 1929 
3626 1130 1148 2014 
3627 966 969 1887 
3628 1750 1209 1751 
3629 1015 1803 2090 
3630 939 1024 1873 
3631 1058 1858 1903 
3632 1638 802 2095 
3633 211 1134 1757 
3634 1156 1154 1880 
3635 1675 1677 1825 
3636 1635 1808 1809 
3637 1177 1126 2079 
3638 1158 1701 2042 
3639 404 145 1681 
3640 135 1675 1825 
3641 1326 1700 2037 
3642 1070 204 1713 
3643 759 1622 2086 
3644 1585 422 2060 
3645 1101 1607 1886 
3646 1257 1708 2016 
3647 900 1680 2065 
3648 144 404 1692 
3649 214 215 1933 
3650 1740 1296 2012 
3651 419 1754 2017 
3652 1686 1275 1986 
3653 1576 1290 2048 
3654 1925 1924 1980 
3655 1711 207 1827 
3656 1028 1143 2077 
3657 121 122 1944 
3658 1625 1569 2031 
3659 1064 1150 2022 
3660 1136 1125 1833 
3661 197 410 1703 
3662 1806 1222 1975 
3663 1069 1711 1712 
3664 410 198 1776 
3665 1748 1211 2025 
3666 1024 937 1850 
3667 1735 452 2020 
3668 1806 1807 1955 
3669 220 221 1871 
3670 1180 132 1826 
3671 1877 1237 1984 
3672 1759 1134 1763 
3673 1104 1751 2041 
3674 210 1757 1828 
3675 1710 407 1806 
3676 1725 1180 1726 
3677 1108 1080 2041 
3678 1877 437 1958 
3679 1835 1194 2028 
3680 1607 1853 1886 
3681 1387 1388 1946 
3682 1150 1556 2000 
3683 1840 1192 2018 
3684 1080 1104 2041 
3685 1252 966 1887 
3686 1097 1652 1963 
3687 1757 1134 1758 
3688 1823 1327 1879 
3689 203 1070 1821 
3690 1204 1740 2012 
3691 954 948 2051 
3692 968 965 2027 
3693 1492 1785 2057 
3694 1450 1832 1974 
3695 1222 1806 1955 
3696 1742 1389 2024 
3697 140 401 1687 
3698 1584 1256 2075 
3699 1629 1147 2081 
3700 401 141 1690 
3701 1641 771 2083 
3702 1246 1824 2092 
3703 1198 1395 1956 
3704 1605 1117 1918 
3705 1134 212 1763 
3706 1281 1779 2079 
3707 1970 1130 2014 
3708 1743 1158 2042 
3709 1883 421 2005 
3710 201 407 1710 
3711 1077 1029 1952 
3712 1805 922 2011 
3713 980 978 2090 
3714 129 1079 1957 
3715 1606 1605 1918 
3716 126 127 403 
3717 215 216 409 
3718 1228 1695 2005 
3719 1241 1907 2006 
3720 1213 1186 1843 
3721 1817 1236 2067 
3722 1104 1077 1952 
3723 1031 1214 2094 
3724 1880 1310 2019 
3725 1416 1191 2035 
3726 895 1818 2061 
3727 1156 1880 2019 
3728 1200 1156 2019 
3729 1872 759 2086 
3730 1703 410 1912 
3731 917 1945 2058 
3732 1273 1920 1949 
3733 1027 1743 2042 
3734 1055 1058 1903 
3735 402 134 1825 
3736 1117 1683 1918 
3737 407 202 1821 
3738 208 408 1827 
3739 1667 1051 1943 
3740 1274 1064 2022 
3741 133 402 1826 
3742 122 123 405 
3743 219 220 411 
3744 1240 1241 2006 
3745 1313 1136 1927 
3746 1812 1822 1971 
3747 1529 1835 2028 
3748 1653 1097 2040 
3749 408 209 1828 
3750 1051 1053 1943 
3751 1057 1055 1903 
3752 1615 1274 2022 
3753 1870 1653 2040 
3754 609 1748 2025 
3755 999 1584 2075 
3756 1683 1667 1943 
3757 1730 1731 1976 
3758 1992 1989 1996 
3759 1008 1087 1929 
3760 928 1783 2064 
3761 1217 1705 2050 
3762 1280 1767 2030 
3763 1029 1618 1952 
3764 1829 1297 2009 
3765 1136 1833 1927 
3766 1022 1685 1967 
3767 1852 1322 2058 
3768 1971 1452 2062 
3769 1207 120 1780 
3770 998 2034 2085 
3771 1188 1772 1843 
3772 1827 408 1972 
3773 965 1661 2027 
3774 1974 1189 1999 
3775 2032 1179 2080 
3776 1888 1257 2016 
3777 1751 1209 2041 
3778 1207 1780 1879 
3779 1712 1337 2091 
3780 243 244 443 
3781 247 248 444 
3782 251 252 445 
3783 231 232 439 
3784 239 240 442 
3785 235 236 441 
3786 237 238 1993 
3787 233 234 1994 
3788 227 228 440 
3789 229 230 1997 
3790 224 225 1813 
3791 437 1877 1984 
3792 241 242 1981 
3793 947 1753 2082 
3794 1209 1108 2041 
3795 1892 1183 2052 
3796 249 250 1926 
3797 1685 1686 1967 
3798 1686 1141 2063 
3799 1797 1208 2024 
3800 1097 1963 2040 
3801 1322 1915 2058 
3802 1715 406 2030 
3803 1766 1550 2074 
3804 1676 1022 1967 
3805 1937 1617 2057 
3806 1946 1281 2079 
3807 1696 1026 2038 
3808 1963 1266 2040 
3809 222 1189 1814 
3810 1691 1193 2018 
3811 403 127 1948 
3812 1692 1840 2018 
3813 1208 125 1798 
3814 1377 2031 2066 
3815 213 1135 1763 
3816 1450 1974 1999 
3817 978 1015 2090 
3818 1635 1809 2049 
3819 1814 1189 1974 
3820 1255 1853 1870 
3821 124 1208 1797 
3822 1193 1692 2018 
3823 564 1888 2016 
3824 1141 1687 2063 
3825 1243 1452 1772 
3826 1243 1451 1452 
3827 256 257 1636 
3828 971 2035 2088 
3829 2035 1268 2088 
3830 1978 1977 1979 
3831 1560 1937 2057 
3832 217 1298 2056 
3833 1263 1892 2052 
3834 1307 1970 2014 
3835 1337 1712 2072 
3836 1298 218 1831 
3837 1713 1069 2091 
3838 1040 1784 2053 
3839 1924 1978 1980 
3840 1069 1712 2091 
3841 1337 1965 2091 
3842 1126 1946 2079 
3843 1990 1989 1992 
3844 1836 1201 2054 
3845 2068 1009 2069 
3846 437 1869 2089 
3847 1977 1990 1991 
3848 1712 1286 2072 
3849 1783 1237 2064 
3850 1780 121 1944 
3851 1921 1328 1922 
3852 1306 2068 2069 
3853 2031 1569 2066 
3854 1135 214 1933 
3855 1858 1312 2070 
3856 2019 1310 2087 
3857 221 1814 1871 
3858 1757 1758 2076 
3859 1810 109 1811 
3860 1779 1177 2079 
3861 1948 128 1957 
3862 1828 1757 2076 
3863 2034 1309 2085 
3864 126 403 1798 
3865 1978 1979 1980 
3866 409 216 2056 
3867 405 123 1797 
3868 215 409 1933 
3869 1635 108 1808 
3870 219 411 1831 
3871 1107 2032 2080 
3872 1991 1990 1992 
3873 122 405 1944 
3874 411 220 1871 
3875 1297 1960 2009 
3876 1809 1808 1923 
3877 1810 1977 1978 
3878 1812 110 1822 
3879 1989 1812 1995 
3880 1989 1995 1996 
3881 1977 1811 1990 
3882 1811 1989 1990 
3883 1730 1948 1957 
3884 1924 1810 1978 
3885 1995 1971 2062 
3886 1812 1971 1995 
3887 223 5 1189 
3888 5 224 1813 
3889 5 1451 1999 
3890 6 119 1207 
3891 258 6 1922 
3892 225 226 1813 
3893 226 227 440 
3894 228 229 1997 
3895 230 231 1997 
3896 232 233 439 
3897 234 235 441 
3898 236 237 441 
3899 238 239 442 
3900 240 241 442 
3901 242 243 1981 
3902 244 245 443 
3903 246 247 444 
3904 248 249 444 
3905 250 251 445 
3906 252 253 445 
3907 253 254 445 
3908 254 255 1636 
3909 445 254 1923 
3910 254 1636 1923 
3911 255 256 1636 
3912 257 258 1636 
3913 1636 258 1922 
3914 1857 436 2020 
3915 1813 440 1995 
3916 1979 442 1981 
3917 442 1979 1991 
3918 1712 1711 1827 
2 2 2 552
3919 327 326 2123 
3920 322 321 2102 
3921 329 328 2124 
3922 267 266 2098 
3923 325 324 2107 
3924 192 193 2158 
3925 271 270 2101 
3926 269 268 2103 
3927 167 168 2110 
3928 237 238 2111 
3929 262 261 2105 
3930 356 355 2118 
3931 294 293 2117 
3932 235 236 2115 
3933 165 166 2116 
3934 200 201 2136 
3935 233 234 2119 
3936 169 170 2114 
3937 239 240 2113 
3938 298 297 2120 
3939 161 162 2121 
3940 231 232 2122 
3941 354 353 2109 
3942 292 291 2108 
3943 124 125 2160 
3944 126 127 2112 
3945 273 272 2104 
3946 260 259 2106 
3947 155 156 2162 
3948 225 226 2161 
3949 204 205 2129 
3950 202 203 2131 
3951 306 305 2128 
3952 368 367 2126 
3953 337 336 2135 
3954 275 274 2125 
3955 151 152 2127 
3956 287 286 2130 
3957 284 283 2138 
3958 186 187 2133 
3959 256 257 2134 
3960 289 288 2176 
3961 139 140 2132 
3962 221 222 2137 
3963 210 211 2140 
3964 137 138 2166 
3965 208 209 2141 
3966 219 220 2144 
3967 216 217 2147 
3968 243 244 2149 
3969 212 213 2154 
3970 173 174 2148 
3971 142 143 2139 
3972 349 348 2163 
3973 248 249 2150 
3974 250 251 2143 
3975 254 255 2145 
3976 178 179 2152 
3977 180 181 2142 
3978 184 185 2146 
3979 176 177 2151 
3980 246 247 2153 
3981 372 371 2165 
3982 310 309 2164 
3983 214 215 2157 
3984 182 183 2156 
3985 252 253 2155 
3986 2158 193 2221 
3987 2120 297 2220 
3988 2162 156 2217 
3989 2161 226 2216 
3990 298 2120 2212 
3991 200 2136 2208 
3992 231 2122 2210 
3993 161 2121 2211 
3994 2112 127 2215 
3995 2126 367 2219 
3996 2128 305 2218 
3997 2135 336 2225 
3998 337 2135 2209 
3999 2163 348 2224 
4000 2165 371 2222 
4001 243 2149 2213 
4002 2164 309 2223 
4003 173 2148 2214 
4004 147 2171 2227 
4005 279 2169 2226 
4006 146 147 2227 
4007 280 279 2226 
4008 193 194 2221 
4009 336 335 2225 
4010 297 296 2220 
4011 127 128 2215 
4012 226 227 2216 
4013 156 157 2217 
4014 305 304 2218 
4015 367 366 2219 
4016 230 231 2210 
4017 160 161 2211 
4018 299 298 2212 
4019 348 347 2224 
4020 371 370 2222 
4021 309 308 2223 
4022 199 200 2208 
4023 242 243 2213 
4024 172 173 2214 
4025 338 337 2209 
4026 2096 12 2230 
4027 2097 10 2228 
4028 2099 9 2231 
4029 2100 11 2229 
4030 282 281 2207 
4031 190 191 2206 
4032 120 121 2188 
4033 129 130 2173 
4034 133 134 2167 
4035 131 132 2168 
4036 303 302 2174 
4037 365 364 2175 
4038 158 159 2179 
4039 228 229 2180 
4040 363 362 2182 
4041 301 300 2181 
4042 122 123 2170 
4043 195 196 2183 
4044 264 263 2184 
4045 359 358 2178 
4046 361 360 2177 
4047 135 136 2172 
4048 197 198 2186 
4049 334 333 2191 
4050 149 150 2185 
4051 332 331 2196 
4052 277 276 2187 
4053 147 148 2171 
4054 279 278 2169 
4055 376 375 2199 
4056 314 313 2198 
4057 380 379 2203 
4058 351 350 2192 
4059 318 317 2202 
4060 374 373 2201 
4061 312 311 2200 
4062 382 381 2190 
4063 340 339 2197 
4064 320 319 2189 
4065 346 345 2205 
4066 378 377 2194 
4067 316 315 2193 
4068 342 341 2195 
4069 344 343 2204 
4070 144 145 2159 
4071 12 2096 2206 
4072 327 2123 2186 
4073 325 2107 2183 
4074 202 2131 2196 
4075 267 2098 2173 
4076 10 2097 2188 
4077 271 2101 2167 
4078 269 2103 2168 
4079 167 2110 2181 
4080 235 2115 2177 
4081 2124 328 2186 
4082 237 2111 2182 
4083 233 2119 2178 
4084 204 2129 2191 
4085 239 2113 2175 
4086 169 2114 2174 
4087 2101 270 2168 
4088 292 2108 2179 
4089 354 2109 2180 
4090 126 2112 2184 
4091 260 2106 2170 
4092 2111 238 2175 
4093 2123 326 2183 
4094 2110 168 2174 
4095 2138 283 2159 
4096 2104 272 2167 
4097 2103 268 2173 
4098 273 2104 2172 
4099 2105 261 2170 
4100 2119 234 2177 
4101 2122 232 2178 
4102 2115 236 2182 
4103 2116 166 2181 
4104 2118 355 2180 
4105 2117 293 2179 
4106 2160 125 2184 
4107 2136 201 2196 
4108 2131 203 2191 
4109 2106 259 2188 
4110 2125 274 2172 
4111 2102 321 2206 
4112 2130 286 2171 
4113 287 2130 2185 
4114 186 2133 2189 
4115 256 2134 2190 
4116 2132 140 2169 
4117 221 2137 2192 
4118 2176 288 2185 
4119 210 2140 2197 
4120 139 2132 2187 
4121 212 2154 2195 
4122 248 2150 2201 
4123 178 2152 2200 
4124 216 2147 2205 
4125 214 2157 2204 
4126 254 2145 2203 
4127 184 2146 2202 
4128 180 2142 2198 
4129 250 2143 2199 
4130 182 2156 2193 
4131 252 2155 2194 
4132 2141 209 2197 
4133 2166 138 2187 
4134 2140 211 2195 
4135 2144 220 2192 
4136 2145 255 2190 
4137 2146 185 2189 
4138 2142 181 2193 
4139 2143 251 2194 
4140 2154 213 2204 
4141 2152 179 2198 
4142 2150 249 2199 
4143 2151 177 2200 
4144 2153 247 2201 
4145 2156 183 2202 
4146 2155 253 2203 
4147 2157 215 2205 
4148 2139 143 2207 
4149 322 2102 2158 
4150 2102 192 2158 
4151 2105 124 2160 
4152 262 2105 2160 
4153 2100 155 2162 
4154 2099 225 2161 
4155 11 2100 2162 
4156 9 2099 2161 
4157 219 2144 2163 
4158 2144 349 2163 
4159 275 2125 2166 
4160 246 2153 2165 
4161 176 2151 2164 
4162 2153 372 2165 
4163 2151 310 2164 
4164 151 2127 2176 
4165 2125 137 2166 
4166 2127 289 2176 
4167 329 2124 2208 
4168 294 2117 2211 
4169 356 2118 2210 
4170 165 2116 2212 
4171 2098 266 2215 
4172 208 2141 2209 
4173 306 2128 2214 
4174 368 2126 2213 
4175 2109 353 2216 
4176 2108 291 2217 
4177 2114 170 2218 
4178 2113 240 2219 
4179 2107 324 2221 
4180 2121 162 2220 
4181 2129 205 2225 
4182 2148 174 2223 
4183 2149 244 2222 
4184 2147 217 2224 
4185 284 2138 2227 
4186 142 2139 2226 
4187 2159 282 2207 
4188 144 2159 2207 
4189 2096 190 2206 
4190 2097 120 2188 
4191 191 2102 2206 
4192 2098 129 2173 
4193 2101 133 2167 
4194 121 2106 2188 
4195 130 2103 2173 
4196 132 2101 2168 
4197 134 2104 2167 
4198 2103 131 2168 
4199 2106 122 2170 
4200 123 2105 2170 
4201 2104 135 2172 
4202 302 2110 2174 
4203 364 2111 2175 
4204 229 2118 2180 
4205 159 2117 2179 
4206 263 2160 2184 
4207 2110 301 2181 
4208 2111 363 2182 
4209 2108 158 2179 
4210 2109 228 2180 
4211 2114 303 2174 
4212 362 2115 2182 
4213 2107 195 2183 
4214 2113 365 2175 
4215 300 2116 2181 
4216 358 2122 2178 
4217 2119 359 2178 
4218 360 2119 2177 
4219 2112 264 2184 
4220 2115 361 2177 
4221 196 2123 2183 
4222 136 2125 2172 
4223 198 2124 2186 
4224 2123 197 2186 
4225 2130 149 2185 
4226 148 2130 2171 
4227 2129 334 2191 
4228 333 2131 2191 
4229 2132 277 2187 
4230 145 2138 2159 
4231 150 2176 2185 
4232 278 2132 2169 
4233 331 2136 2196 
4234 276 2166 2187 
4235 2131 332 2196 
4236 2143 376 2199 
4237 375 2150 2199 
4238 313 2152 2198 
4239 2142 314 2198 
4240 350 2144 2192 
4241 381 2145 2190 
4242 319 2146 2189 
4243 377 2143 2194 
4244 2145 380 2203 
4245 315 2142 2193 
4246 339 2141 2197 
4247 2146 318 2202 
4248 2140 340 2197 
4249 2150 374 2201 
4250 2152 312 2200 
4251 311 2151 2200 
4252 373 2153 2201 
4253 379 2155 2203 
4254 317 2156 2202 
4255 341 2140 2195 
4256 2154 342 2195 
4257 2147 346 2205 
4258 2137 351 2192 
4259 343 2154 2204 
4260 345 2157 2205 
4261 2155 378 2194 
4262 2156 316 2193 
4263 2133 320 2189 
4264 2134 382 2190 
4265 2157 344 2204 
4266 281 2139 2207 
4267 194 2107 2221 
4268 128 2098 2215 
4269 296 2121 2220 
4270 335 2129 2225 
4271 304 2114 2218 
4272 366 2113 2219 
4273 157 2108 2217 
4274 227 2109 2216 
4275 2124 199 2208 
4276 2118 230 2210 
4277 2117 160 2211 
4278 2116 299 2212 
4279 347 2147 2224 
4280 370 2149 2222 
4281 308 2148 2223 
4282 2126 242 2213 
4283 2141 338 2209 
4284 2128 172 2214 
4285 2138 146 2227 
4286 2139 280 2226 
4287 2127 152 2229 
4288 2134 257 2228 
4289 2133 187 2230 
4290 2137 222 2231 
4291 12 2133 2230 
4292 10 2134 2228 
4293 9 2137 2231 
4294 11 2127 2229 
4295 2169 141 2226 
4296 2171 285 2227 
4297 201 202 2196 
4298 328 327 2186 
4299 283 282 2159 
4300 203 204 2191 
4301 326 325 2183 
4302 234 235 2177 
4303 232 233 2178 
4304 125 126 2184 
4305 293 292 2179 
4306 355 354 2180 
4307 166 167 2181 
4308 236 237 2182 
4309 238 239 2175 
4310 168 169 2174 
4311 209 210 2197 
4312 270 269 2168 
4313 272 271 2167 
4314 213 214 2204 
4315 211 212 2195 
4316 261 260 2170 
4317 268 267 2173 
4318 185 186 2189 
4319 255 256 2190 
4320 220 221 2192 
4321 179 180 2198 
4322 249 250 2199 
4323 274 273 2172 
4324 181 182 2193 
4325 251 252 2194 
4326 177 178 2200 
4327 247 248 2201 
4328 215 216 2205 
4329 183 184 2202 
4330 253 254 2203 
4331 140 141 2169 
4332 286 285 2171 
4333 288 287 2185 
4334 138 139 2187 
4335 259 10 2188 
4336 321 12 2206 
4337 143 144 2207 
4338 330 329 2208 
4339 2136 330 2208 
4340 207 208 2209 
4341 2135 207 2209 
4342 295 294 2211 
4343 2121 295 2211 
4344 357 356 2210 
4345 2122 357 2210 
4346 2120 164 2212 
4347 164 165 2212 
4348 307 306 2214 
4349 369 368 2213 
4350 2148 307 2214 
4351 2149 369 2213 
4352 266 265 2215 
4353 265 2112 2215 
4354 290 2162 2217 
4355 352 2161 2216 
4356 353 352 2216 
4357 291 290 2217 
4358 241 2126 2219 
4359 171 2128 2218 
4360 170 171 2218 
4361 240 241 2219 
4362 163 2120 2220 
4363 162 163 2220 
4364 323 2158 2221 
4365 324 323 2221 
4366 174 175 2223 
4367 244 245 2222 
4368 175 2164 2223 
4369 245 2165 2222 
4370 217 218 2224 
4371 218 2163 2224 
4372 206 2135 2225 
4373 205 206 2225 
4374 141 142 2226 
4375 285 284 2227 
4376 152 153 2229 
4377 257 258 2228 
4378 187 188 2230 
4379 222 223 2231 
4380 11 289 2127 
4381 206 207 2135 
4382 136 137 2125 
4383 241 242 2126 
4384 171 172 2128 
4385 341 340 2140 
4386 12 320 2133 
4387 10 382 2134 
4388 9 351 2137 
4389 263 262 2160 
4390 189 190 2096 
4391 339 338 2141 
4392 123 124 2105 
4393 276 275 2166 
4394 134 135 2104 
4395 196 197 2123 
4396 157 158 2108 
4397 227 228 2109 
4398 311 310 2151 
4399 373 372 2153 
4400 150 151 2176 
4401 352 9 2161 
4402 290 11 2162 
4403 121 122 2106 
4404 335 334 2129 
4405 130 131 2103 
4406 317 316 2156 
4407 379 378 2155 
4408 154 155 2100 
4409 224 225 2099 
4410 345 344 2157 
4411 323 322 2158 
4412 300 299 2116 
4413 119 120 2097 
4414 362 361 2115 
4415 175 176 2164 
4416 245 246 2165 
4417 163 164 2120 
4418 304 303 2114 
4419 296 295 2121 
4420 360 359 2119 
4421 366 365 2113 
4422 358 357 2122 
4423 148 149 2130 
4424 313 312 2152 
4425 375 374 2150 
4426 308 307 2148 
4427 315 314 2142 
4428 319 318 2146 
4429 370 369 2149 
4430 377 376 2143 
4431 381 380 2145 
4432 218 219 2163 
4433 347 346 2147 
4434 350 349 2144 
4435 343 342 2154 
4436 132 133 2101 
4437 364 363 2111 
4438 302 301 2110 
4439 281 280 2139 
4440 331 330 2136 
4441 159 160 2117 
4442 229 230 2118 
4443 194 195 2107 
4444 333 332 2131 
4445 265 264 2112 
4446 128 129 2098 
4447 278 277 2132 
4448 198 199 2124 
4449 191 192 2102 
4450 145 146 2138 
4451 153 7 2233 
4452 6 119 2232 
4453 188 8 2234 
4454 7 154 2233 
4455 223 5 2235 
4456 8 189 2234 
4457 258 6 2232 
4458 5 224 2235 
4459 2229 153 2233 
4460 2230 188 2234 
4461 2228 258 2232 
4462 2231 223 2235 
4463 154 2100 2233 
4464 189 2096 2234 
4465 119 2097 2232 
4466 224 2099 2235 
4467 2096 2230 2234 
4468 2100 2229 2233 
4469 2097 2228 2232 
4470 2099 2231 2235 
$EndElements
