$MeshFormat
2.2 0 8
$EndMeshFormat
$PhysicalNames
8
1 10 "top"
1 11 "bottom"
1 12 "left"
1 13 "right"
2 1 "concrete"
2 2 "side_fill"
2 3 "top_fill"
2 6 "native_soil"
$EndPhysicalNames
$Nodes
5366
1 -11 -7 0
2 -1 -7 0
3 1 -7 0
4 11 -7 0
5 11 -30.5 0
6 -11 -30.5 0
7 -11 -5 0
8 -1 -5 0
9 1 -5 0
10 11 -5 0
11 -11 0 0
12 11 0 0
13 -0.8 -5.2 0
14 0.8 -5.2 0
15 0.8 -6.800000000000001 0
16 -0.8 -6.800000000000001 0
17 -9.52145655678083 -7 0
18 -8.042913113561657 -7 0
19 -6.564369670342491 -7 0
20 -5.088965571813115 -7 0
21 -3.878127738367215 -7 0
22 -3.013649671494233 -7 0
23 -2.396280887336447 -7 0
24 -1.641240746990112 -7 0
25 -1.140660043018318 -7 0
26 -10.26072827839042 -7 0
27 -8.782184835171243 -7 0
28 -7.303641391952074 -7 0
29 -5.826667621077803 -7 0
30 -4.483546655090165 -7 0
31 -3.445888704930724 -7 0
32 -2.70496527941534 -7 0
33 -2.01876081716328 -7 0
34 -1.390950395004214 -7 0
35 -1.070330021509159 -7 0
36 -0.9499999999999993 -7 0
37 -0.9000000000000004 -7 0
38 -0.8499999999999996 -7 0
39 -0.8000000000000007 -7 0
40 -0.75 -7 0
41 -0.6999999999999993 -7 0
42 -0.6500000000000004 -7 0
43 -0.5999999999999996 -7 0
44 -0.5500000000000007 -7 0
45 -0.5 -7 0
46 -0.4499999999999993 -7 0
47 -0.4000000000000004 -7 0
48 -0.3499999999999996 -7 0
49 -0.3000000000000007 -7 0
50 -0.25 -7 0
51 -0.1999999999999993 -7 0
52 -0.1500000000000004 -7 0
53 -0.09999999999999964 -7 0
54 -0.05000000000000071 -7 0
55 0 -7 0
56 0.05000000000000071 -7 0
57 0.09999999999999964 -7 0
58 0.1500000000000004 -7 0
59 0.1999999999999993 -7 0
60 0.25 -7 0
61 0.3000000000000007 -7 0
62 0.3499999999999996 -7 0
63 0.4000000000000004 -7 0
64 0.4499999999999993 -7 0
65 0.5 -7 0
66 0.5500000000000007 -7 0
67 0.5999999999999996 -7 0
68 0.6500000000000004 -7 0
69 0.6999999999999993 -7 0
70 0.75 -7 0
71 0.8000000000000007 -7 0
72 0.8499999999999996 -7 0
73 0.9000000000000004 -7 0
74 0.9499999999999993 -7 0
75 -0.9749999999999996 -7 0
76 -0.9250000000000007 -7 0
77 -0.875 -7 0
78 -0.8249999999999993 -7 0
79 -0.7750000000000004 -7 0
80 -0.7249999999999996 -7 0
81 -0.6750000000000007 -7 0
82 -0.625 -7 0
83 -0.5749999999999993 -7 0
84 -0.5250000000000004 -7 0
85 -0.4749999999999996 -7 0
86 -0.4250000000000007 -7 0
87 -0.375 -7 0
88 -0.3249999999999993 -7 0
89 -0.2750000000000004 -7 0
90 -0.2249999999999996 -7 0
91 -0.1750000000000007 -7 0
92 -0.125 -7 0
93 -0.07499999999999929 -7 0
94 -0.02500000000000036 -7 0
95 0.02500000000000036 -7 0
96 0.07499999999999929 -7 0
97 0.125 -7 0
98 0.1750000000000007 -7 0
99 0.2249999999999996 -7 0
100 0.2750000000000004 -7 0
101 0.3249999999999993 -7 0
102 0.375 -7 0
103 0.4250000000000007 -7 0
104 0.4749999999999996 -7 0
105 0.5250000000000004 -7 0
106 0.5749999999999993 -7 0
107 0.625 -7 0
108 0.6750000000000007 -7 0
109 0.7249999999999996 -7 0
110 0.7750000000000004 -7 0
111 0.8249999999999993 -7 0
112 0.875 -7 0
113 0.9250000000000007 -7 0
114 0.9749999999999996 -7 0
115 1.140660043018318 -7 0
116 1.641240746990112 -7 0
117 2.396280887336451 -7 0
118 3.013649671494241 -7 0
119 3.878127738367231 -7 0
120 5.088965571813144 -7 0
121 6.564369670342515 -7 0
122 8.042913113561678 -7 0
123 9.521456556780841 -7 0
124 1.070330021509159 -7 0
125 1.390950395004214 -7 0
126 2.018760817163281 -7 0
127 2.704965279415346 -7 0
128 3.445888704930736 -7 0
129 4.483546655090189 -7 0
130 5.826667621077831 -7 0
131 7.303641391952098 -7 0
132 8.782184835171257 -7 0
133 10.26072827839042 -7 0
134 11 -8.468750000000004 0
135 11 -9.937500000000007 0
136 11 -11.40625000000001 0
137 11 -12.87500000000001 0
138 11 -14.34375000000001 0
139 11 -15.81250000000002 0
140 11 -17.28125000000003 0
141 11 -18.75000000000004 0
142 11 -20.21875000000003 0
143 11 -21.68750000000003 0
144 11 -23.15625000000002 0
145 11 -24.62500000000001 0
146 11 -26.09375000000001 0
147 11 -27.56250000000001 0
148 11 -29.03125 0
149 11 -7.734375000000002 0
150 11 -9.203125000000004 0
151 11 -10.67187500000001 0
152 11 -12.14062500000001 0
153 11 -13.60937500000001 0
154 11 -15.07812500000002 0
155 11 -16.54687500000002 0
156 11 -18.01562500000003 0
157 11 -19.48437500000003 0
158 11 -20.95312500000003 0
159 11 -22.42187500000002 0
160 11 -23.89062500000002 0
161 11 -25.35937500000001 0
162 11 -26.82812500000001 0
163 11 -28.29687500000001 0
164 11 -29.765625 0
165 9.533333333333331 -30.5 0
166 8.066666666666661 -30.5 0
167 6.599999999999993 -30.5 0
168 5.133333333333326 -30.5 0
169 3.666666666666654 -30.5 0
170 2.19999999999998 -30.5 0
171 0.7333333333333076 -30.5 0
172 -0.7333333333333663 -30.5 0
173 -2.200000000000029 -30.5 0
174 -3.666666666666691 -30.5 0
175 -5.133333333333354 -30.5 0
176 -6.600000000000016 -30.5 0
177 -8.066666666666677 -30.5 0
178 -9.533333333333339 -30.5 0
179 10.26666666666667 -30.5 0
180 8.799999999999995 -30.5 0
181 7.333333333333327 -30.5 0
182 5.866666666666659 -30.5 0
183 4.39999999999999 -30.5 0
184 2.933333333333316 -30.5 0
185 1.466666666666644 -30.5 0
186 -2.842170943040401e-14 -30.5 0
187 -1.466666666666697 -30.5 0
188 -2.93333333333336 -30.5 0
189 -4.400000000000023 -30.5 0
190 -5.866666666666685 -30.5 0
191 -7.333333333333346 -30.5 0
192 -8.800000000000008 -30.5 0
193 -10.26666666666667 -30.5 0
194 -11 -29.03125 0
195 -11 -27.56249999999999 0
196 -11 -26.09374999999999 0
197 -11 -24.62499999999999 0
198 -11 -23.15624999999999 0
199 -11 -21.68749999999998 0
200 -11 -20.21874999999997 0
201 -11 -18.74999999999996 0
202 -11 -17.28124999999997 0
203 -11 -15.81249999999997 0
204 -11 -14.34374999999998 0
205 -11 -12.87499999999999 0
206 -11 -11.40624999999999 0
207 -11 -9.937499999999993 0
208 -11 -8.468749999999996 0
209 -11 -29.765625 0
210 -11 -28.296875 0
211 -11 -26.82812499999999 0
212 -11 -25.35937499999999 0
213 -11 -23.89062499999999 0
214 -11 -22.42187499999998 0
215 -11 -20.95312499999998 0
216 -11 -19.48437499999997 0
217 -11 -18.01562499999997 0
218 -11 -16.54687499999997 0
219 -11 -15.07812499999998 0
220 -11 -13.60937499999998 0
221 -11 -12.14062499999999 0
222 -11 -10.67187499999999 0
223 -11 -9.203124999999993 0
224 -11 -7.734374999999996 0
225 -9.52145655678083 -5 0
226 -8.042913113561657 -5 0
227 -6.564369670342491 -5 0
228 -5.088965571813115 -5 0
229 -3.878127738367215 -5 0
230 -3.013649671494233 -5 0
231 -2.396280887336447 -5 0
232 -1.641240746990112 -5 0
233 -1.140660043018318 -5 0
234 -10.26072827839042 -5 0
235 -8.782184835171243 -5 0
236 -7.303641391952074 -5 0
237 -5.826667621077803 -5 0
238 -4.483546655090165 -5 0
239 -3.445888704930724 -5 0
240 -2.70496527941534 -5 0
241 -2.01876081716328 -5 0
242 -1.390950395004214 -5 0
243 -1.070330021509159 -5 0
244 -1 -5.05 0
245 -1 -5.1 0
246 -1 -5.15 0
247 -1 -5.2 0
248 -1 -5.25 0
249 -1 -5.3 0
250 -1 -5.35 0
251 -1 -5.4 0
252 -1 -5.45 0
253 -1 -5.5 0
254 -1 -5.55 0
255 -1 -5.6 0
256 -1 -5.65 0
257 -1 -5.7 0
258 -1 -5.75 0
259 -1 -5.8 0
260 -1 -5.85 0
261 -1 -5.9 0
262 -1 -5.95 0
263 -1 -6 0
264 -1 -6.05 0
265 -1 -6.1 0
266 -1 -6.15 0
267 -1 -6.2 0
268 -1 -6.25 0
269 -1 -6.3 0
270 -1 -6.35 0
271 -1 -6.4 0
272 -1 -6.45 0
273 -1 -6.5 0
274 -1 -6.55 0
275 -1 -6.6 0
276 -1 -6.65 0
277 -1 -6.7 0
278 -1 -6.75 0
279 -1 -6.8 0
280 -1 -6.85 0
281 -1 -6.9 0
282 -1 -6.95 0
283 -1 -5.025 0
284 -1 -5.075 0
285 -1 -5.125 0
286 -1 -5.175 0
287 -1 -5.225 0
288 -1 -5.275 0
289 -1 -5.325 0
290 -1 -5.375 0
291 -1 -5.425 0
292 -1 -5.475 0
293 -1 -5.525 0
294 -1 -5.575 0
295 -1 -5.625 0
296 -1 -5.675 0
297 -1 -5.725 0
298 -1 -5.775 0
299 -1 -5.825 0
300 -1 -5.875 0
301 -1 -5.925 0
302 -1 -5.975 0
303 -1 -6.025 0
304 -1 -6.075 0
305 -1 -6.125 0
306 -1 -6.175 0
307 -1 -6.225 0
308 -1 -6.275 0
309 -1 -6.325 0
310 -1 -6.375 0
311 -1 -6.425 0
312 -1 -6.475 0
313 -1 -6.525 0
314 -1 -6.575 0
315 -1 -6.625 0
316 -1 -6.675 0
317 -1 -6.725 0
318 -1 -6.775 0
319 -1 -6.825 0
320 -1 -6.875 0
321 -1 -6.925 0
322 -1 -6.975 0
323 -11 -5.999999999999999 0
324 -11 -6.499999999999999 0
325 -11 -5.499999999999999 0
326 1.140660043018318 -5 0
327 1.641240746990112 -5 0
328 2.396280887336451 -5 0
329 3.013649671494241 -5 0
330 3.878127738367231 -5 0
331 5.088965571813146 -5 0
332 6.564369670342517 -5 0
333 8.04291311356168 -5 0
334 9.521456556780839 -5 0
335 1.070330021509159 -5 0
336 1.390950395004215 -5 0
337 2.018760817163281 -5 0
338 2.704965279415346 -5 0
339 3.445888704930736 -5 0
340 4.483546655090189 -5 0
341 5.826667621077831 -5 0
342 7.303641391952098 -5 0
343 8.782184835171259 -5 0
344 10.26072827839042 -5 0
345 11 -6.000000000000001 0
346 11 -5.500000000000001 0
347 11 -6.500000000000001 0
348 1 -6.95 0
349 1 -6.9 0
350 1 -6.85 0
351 1 -6.8 0
352 1 -6.75 0
353 1 -6.7 0
354 1 -6.65 0
355 1 -6.6 0
356 1 -6.55 0
357 1 -6.5 0
358 1 -6.45 0
359 1 -6.4 0
360 1 -6.35 0
361 1 -6.3 0
362 1 -6.25 0
363 1 -6.2 0
364 1 -6.15 0
365 1 -6.1 0
366 1 -6.05 0
367 1 -6 0
368 1 -5.95 0
369 1 -5.9 0
370 1 -5.85 0
371 1 -5.8 0
372 1 -5.75 0
373 1 -5.7 0
374 1 -5.65 0
375 1 -5.6 0
376 1 -5.55 0
377 1 -5.5 0
378 1 -5.45 0
379 1 -5.4 0
380 1 -5.35 0
381 1 -5.3 0
382 1 -5.25 0
383 1 -5.2 0
384 1 -5.15 0
385 1 -5.1 0
386 1 -5.05 0
387 1 -6.975 0
388 1 -6.925 0
389 1 -6.875 0
390 1 -6.825 0
391 1 -6.775 0
392 1 -6.725 0
393 1 -6.675 0
394 1 -6.625 0
395 1 -6.575 0
396 1 -6.525 0
397 1 -6.475 0
398 1 -6.425 0
399 1 -6.375 0
400 1 -6.325 0
401 1 -6.275 0
402 1 -6.225 0
403 1 -6.175 0
404 1 -6.125 0
405 1 -6.075 0
406 1 -6.025 0
407 1 -5.975 0
408 1 -5.925 0
409 1 -5.875 0
410 1 -5.825 0
411 1 -5.775 0
412 1 -5.725 0
413 1 -5.675 0
414 1 -5.625 0
415 1 -5.575 0
416 1 -5.525 0
417 1 -5.475 0
418 1 -5.425 0
419 1 -5.375 0
420 1 -5.325 0
421 1 -5.275 0
422 1 -5.225 0
423 1 -5.175 0
424 1 -5.125 0
425 1 -5.075 0
426 1 -5.025 0
427 -9.533333333333331 0 0
428 -8.066666666666661 0 0
429 -6.599999999999993 0 0
430 -5.133333333333326 0 0
431 -3.666666666666654 0 0
432 -2.19999999999998 0 0
433 -0.7333333333333076 0 0
434 0.7333333333333663 0 0
435 2.200000000000029 0 0
436 3.666666666666691 0 0
437 5.133333333333354 0 0
438 6.600000000000016 0 0
439 8.066666666666677 0 0
440 9.533333333333339 0 0
441 -10.26666666666667 0 0
442 -8.799999999999995 0 0
443 -7.333333333333327 0 0
444 -5.866666666666659 0 0
445 -4.39999999999999 0 0
446 -2.933333333333316 0 0
447 -1.466666666666644 0 0
448 2.842170943040401e-14 0 0
449 1.466666666666697 0 0
450 2.93333333333336 0 0
451 4.400000000000023 0 0
452 5.866666666666685 0 0
453 7.333333333333346 0 0
454 8.800000000000008 0 0
455 10.26666666666667 0 0
456 11 -1.249999999999998 0
457 11 -2.499999999999994 0
458 11 -3.749999999999995 0
459 11 -0.6249999999999992 0
460 11 -1.874999999999996 0
461 11 -3.124999999999994 0
462 11 -4.374999999999997 0
463 0.9499999999999993 -5 0
464 0.9000000000000004 -5 0
465 0.8499999999999996 -5 0
466 0.8000000000000007 -5 0
467 0.75 -5 0
468 0.6999999999999993 -5 0
469 0.6500000000000004 -5 0
470 0.5999999999999996 -5 0
471 0.5500000000000007 -5 0
472 0.5 -5 0
473 0.4499999999999993 -5 0
474 0.4000000000000004 -5 0
475 0.3499999999999996 -5 0
476 0.3000000000000007 -5 0
477 0.25 -5 0
478 0.1999999999999993 -5 0
479 0.1500000000000004 -5 0
480 0.09999999999999964 -5 0
481 0.05000000000000071 -5 0
482 0 -5 0
483 -0.05000000000000071 -5 0
484 -0.09999999999999964 -5 0
485 -0.1500000000000004 -5 0
486 -0.1999999999999993 -5 0
487 -0.25 -5 0
488 -0.3000000000000007 -5 0
489 -0.3499999999999996 -5 0
490 -0.4000000000000004 -5 0
491 -0.4499999999999993 -5 0
492 -0.5 -5 0
493 -0.5500000000000007 -5 0
494 -0.5999999999999996 -5 0
495 -0.6500000000000004 -5 0
496 -0.6999999999999993 -5 0
497 -0.75 -5 0
498 -0.8000000000000007 -5 0
499 -0.8499999999999996 -5 0
500 -0.9000000000000004 -5 0
501 -0.9499999999999993 -5 0
502 0.9749999999999996 -5 0
503 0.9250000000000007 -5 0
504 0.875 -5 0
505 0.8249999999999993 -5 0
506 0.7750000000000004 -5 0
507 0.7249999999999996 -5 0
508 0.6750000000000007 -5 0
509 0.625 -5 0
510 0.5749999999999993 -5 0
511 0.5250000000000004 -5 0
512 0.4749999999999996 -5 0
513 0.4250000000000007 -5 0
514 0.375 -5 0
515 0.3249999999999993 -5 0
516 0.2750000000000004 -5 0
517 0.2249999999999996 -5 0
518 0.1750000000000007 -5 0
519 0.125 -5 0
520 0.07499999999999929 -5 0
521 0.02500000000000036 -5 0
522 -0.02500000000000036 -5 0
523 -0.07499999999999929 -5 0
524 -0.125 -5 0
525 -0.1750000000000007 -5 0
526 -0.2249999999999996 -5 0
527 -0.2750000000000004 -5 0
528 -0.3249999999999993 -5 0
529 -0.375 -5 0
530 -0.4250000000000007 -5 0
531 -0.4749999999999996 -5 0
532 -0.5250000000000004 -5 0
533 -0.5749999999999993 -5 0
534 -0.625 -5 0
535 -0.6750000000000007 -5 0
536 -0.7249999999999996 -5 0
537 -0.7750000000000004 -5 0
538 -0.8249999999999993 -5 0
539 -0.875 -5 0
540 -0.9250000000000007 -5 0
541 -0.9749999999999996 -5 0
542 -11 -3.750000000000002 0
543 -11 -2.500000000000006 0
544 -11 -1.250000000000005 0
545 -11 -4.375000000000001 0
546 -11 -3.125000000000004 0
547 -11 -1.875000000000006 0
548 -11 -0.6250000000000027 0
549 -0.75 -5.2 0
550 -0.6999999999999998 -5.2 0
551 -0.6499999999999998 -5.2 0
552 -0.5999999999999996 -5.2 0
553 -0.5499999999999996 -5.2 0
554 -0.4999999999999995 -5.2 0
555 -0.4499999999999994 -5.2 0
556 -0.3999999999999992 -5.2 0
557 -0.3499999999999991 -5.2 0
558 -0.299999999999999 -5.2 0
559 -0.2499999999999991 -5.2 0
560 -0.1999999999999993 -5.2 0
561 -0.1499999999999992 -5.2 0
562 -0.09999999999999931 -5.2 0
563 -0.04999999999999938 -5.2 0
564 5.551115123125783e-16 -5.2 0
565 0.0500000000000006 -5.2 0
566 0.1000000000000006 -5.2 0
567 0.1500000000000006 -5.2 0
568 0.2000000000000008 -5.2 0
569 0.2500000000000007 -5.2 0
570 0.3000000000000007 -5.2 0
571 0.3500000000000005 -5.2 0
572 0.4000000000000006 -5.2 0
573 0.4500000000000006 -5.2 0
574 0.5000000000000004 -5.2 0
575 0.5500000000000005 -5.2 0
576 0.6000000000000003 -5.2 0
577 0.6500000000000004 -5.2 0
578 0.7000000000000002 -5.2 0
579 0.7500000000000002 -5.2 0
580 -0.775 -5.2 0
581 -0.7249999999999999 -5.2 0
582 -0.6749999999999998 -5.2 0
583 -0.6249999999999998 -5.2 0
584 -0.5749999999999996 -5.2 0
585 -0.5249999999999996 -5.2 0
586 -0.4749999999999995 -5.2 0
587 -0.4249999999999993 -5.2 0
588 -0.3749999999999992 -5.2 0
589 -0.3249999999999991 -5.2 0
590 -0.2749999999999991 -5.2 0
591 -0.2249999999999992 -5.2 0
592 -0.1749999999999993 -5.2 0
593 -0.1249999999999993 -5.2 0
594 -0.0749999999999994 -5.2 0
595 -0.02499999999999947 -5.2 0
596 0.02500000000000058 -5.2 0
597 0.07500000000000062 -5.2 0
598 0.1250000000000006 -5.2 0
599 0.1750000000000007 -5.2 0
600 0.2250000000000008 -5.2 0
601 0.2750000000000006 -5.2 0
602 0.3250000000000006 -5.2 0
603 0.3750000000000007 -5.2 0
604 0.4250000000000005 -5.2 0
605 0.4750000000000005 -5.2 0
606 0.5250000000000006 -5.2 0
607 0.5750000000000004 -5.2 0
608 0.6250000000000002 -5.2 0
609 0.6750000000000003 -5.2 0
610 0.7250000000000003 -5.2 0
611 0.7750000000000001 -5.2 0
612 0.8 -5.25 0
613 0.8 -5.300000000000001 0
614 0.8 -5.350000000000001 0
615 0.8 -5.4 0
616 0.8 -5.450000000000001 0
617 0.8 -5.500000000000001 0
618 0.8 -5.550000000000001 0
619 0.8 -5.600000000000001 0
620 0.8 -5.650000000000001 0
621 0.8 -5.700000000000001 0
622 0.8 -5.750000000000002 0
623 0.8 -5.800000000000001 0
624 0.8 -5.850000000000001 0
625 0.8 -5.900000000000001 0
626 0.8 -5.950000000000001 0
627 0.8 -6.000000000000001 0
628 0.8 -6.050000000000001 0
629 0.8 -6.100000000000001 0
630 0.8 -6.150000000000001 0
631 0.8 -6.200000000000001 0
632 0.8 -6.250000000000002 0
633 0.8 -6.300000000000002 0
634 0.8 -6.350000000000001 0
635 0.8 -6.400000000000001 0
636 0.8 -6.450000000000001 0
637 0.8 -6.500000000000001 0
638 0.8 -6.550000000000001 0
639 0.8 -6.600000000000001 0
640 0.8 -6.650000000000001 0
641 0.8 -6.700000000000001 0
642 0.8 -6.750000000000001 0
643 0.8 -5.225000000000001 0
644 0.8 -5.275 0
645 0.8 -5.325 0
646 0.8 -5.375000000000001 0
647 0.8 -5.425000000000001 0
648 0.8 -5.475000000000001 0
649 0.8 -5.525 0
650 0.8 -5.575000000000001 0
651 0.8 -5.625000000000001 0
652 0.8 -5.675000000000002 0
653 0.8 -5.725000000000001 0
654 0.8 -5.775000000000001 0
655 0.8 -5.825000000000001 0
656 0.8 -5.875000000000001 0
657 0.8 -5.925000000000001 0
658 0.8 -5.975000000000001 0
659 0.8 -6.025000000000001 0
660 0.8 -6.075000000000001 0
661 0.8 -6.125000000000001 0
662 0.8 -6.175000000000002 0
663 0.8 -6.225000000000001 0
664 0.8 -6.275000000000001 0
665 0.8 -6.325000000000001 0
666 0.8 -6.375000000000001 0
667 0.8 -6.425000000000001 0
668 0.8 -6.475000000000001 0
669 0.8 -6.525 0
670 0.8 -6.575000000000001 0
671 0.8 -6.625000000000001 0
672 0.8 -6.675000000000001 0
673 0.8 -6.725000000000001 0
674 0.8 -6.775 0
675 0.75 -6.800000000000001 0
676 0.6999999999999998 -6.800000000000001 0
677 0.6499999999999998 -6.800000000000001 0
678 0.5999999999999996 -6.800000000000001 0
679 0.5499999999999996 -6.800000000000001 0
680 0.4999999999999995 -6.800000000000001 0
681 0.4499999999999994 -6.800000000000001 0
682 0.3999999999999992 -6.800000000000001 0
683 0.3499999999999991 -6.800000000000001 0
684 0.299999999999999 -6.800000000000001 0
685 0.2499999999999991 -6.800000000000001 0
686 0.1999999999999993 -6.800000000000001 0
687 0.1499999999999992 -6.800000000000001 0
688 0.09999999999999931 -6.800000000000001 0
689 0.04999999999999938 -6.800000000000001 0
690 -5.551115123125783e-16 -6.800000000000001 0
691 -0.0500000000000006 -6.800000000000001 0
692 -0.1000000000000006 -6.800000000000001 0
693 -0.1500000000000006 -6.800000000000001 0
694 -0.2000000000000008 -6.800000000000001 0
695 -0.2500000000000007 -6.800000000000001 0
696 -0.3000000000000007 -6.800000000000001 0
697 -0.3500000000000005 -6.800000000000001 0
698 -0.4000000000000006 -6.800000000000001 0
699 -0.4500000000000006 -6.800000000000001 0
700 -0.5000000000000004 -6.800000000000001 0
701 -0.5500000000000005 -6.800000000000001 0
702 -0.6000000000000003 -6.800000000000001 0
703 -0.6500000000000004 -6.800000000000001 0
704 -0.7000000000000002 -6.800000000000001 0
705 -0.7500000000000002 -6.800000000000001 0
706 0.775 -6.800000000000001 0
707 0.7249999999999999 -6.800000000000001 0
708 0.6749999999999998 -6.800000000000001 0
709 0.6249999999999998 -6.800000000000001 0
710 0.5749999999999996 -6.800000000000001 0
711 0.5249999999999996 -6.800000000000001 0
712 0.4749999999999995 -6.800000000000001 0
713 0.4249999999999993 -6.800000000000001 0
714 0.3749999999999992 -6.800000000000001 0
715 0.3249999999999991 -6.800000000000001 0
716 0.2749999999999991 -6.800000000000001 0
717 0.2249999999999992 -6.800000000000001 0
718 0.1749999999999993 -6.800000000000001 0
719 0.1249999999999993 -6.800000000000001 0
720 0.0749999999999994 -6.800000000000001 0
721 0.02499999999999947 -6.800000000000001 0
722 -0.02500000000000058 -6.800000000000001 0
723 -0.07500000000000062 -6.800000000000001 0
724 -0.1250000000000006 -6.800000000000001 0
725 -0.1750000000000007 -6.800000000000001 0
726 -0.2250000000000008 -6.800000000000001 0
727 -0.2750000000000006 -6.800000000000001 0
728 -0.3250000000000006 -6.800000000000001 0
729 -0.3750000000000007 -6.800000000000001 0
730 -0.4250000000000005 -6.800000000000001 0
731 -0.4750000000000005 -6.800000000000001 0
732 -0.5250000000000006 -6.800000000000001 0
733 -0.5750000000000004 -6.800000000000001 0
734 -0.6250000000000002 -6.800000000000001 0
735 -0.6750000000000003 -6.800000000000001 0
736 -0.7250000000000003 -6.800000000000001 0
737 -0.7750000000000001 -6.800000000000001 0
738 -0.8 -6.750000000000001 0
739 -0.8 -6.7 0
740 -0.8 -6.65 0
741 -0.8 -6.600000000000001 0
742 -0.8 -6.55 0
743 -0.8 -6.5 0
744 -0.8 -6.45 0
745 -0.8 -6.399999999999999 0
746 -0.8 -6.35 0
747 -0.8 -6.3 0
748 -0.8 -6.25 0
749 -0.8 -6.199999999999999 0
750 -0.8 -6.149999999999999 0
751 -0.8 -6.1 0
752 -0.8 -6.05 0
753 -0.8 -6 0
754 -0.8 -5.95 0
755 -0.8 -5.899999999999999 0
756 -0.8 -5.85 0
757 -0.8 -5.799999999999999 0
758 -0.8 -5.75 0
759 -0.8 -5.699999999999999 0
760 -0.8 -5.649999999999999 0
761 -0.8 -5.6 0
762 -0.8 -5.55 0
763 -0.8 -5.5 0
764 -0.8 -5.45 0
765 -0.8 -5.4 0
766 -0.8 -5.35 0
767 -0.8 -5.3 0
768 -0.8 -5.25 0
769 -0.8 -6.775 0
770 -0.8 -6.725000000000001 0
771 -0.8 -6.675000000000001 0
772 -0.8 -6.625 0
773 -0.8 -6.575 0
774 -0.8 -6.525 0
775 -0.8 -6.475 0
776 -0.8 -6.425 0
777 -0.8 -6.375 0
778 -0.8 -6.324999999999999 0
779 -0.8 -6.274999999999999 0
780 -0.8 -6.225 0
781 -0.8 -6.175 0
782 -0.8 -6.125 0
783 -0.8 -6.075 0
784 -0.8 -6.025 0
785 -0.8 -5.975 0
786 -0.8 -5.925 0
787 -0.8 -5.875 0
788 -0.8 -5.824999999999999 0
789 -0.8 -5.774999999999999 0
790 -0.8 -5.725 0
791 -0.8 -5.675 0
792 -0.8 -5.625 0
793 -0.8 -5.574999999999999 0
794 -0.8 -5.525 0
795 -0.8 -5.475 0
796 -0.8 -5.425 0
797 -0.8 -5.375 0
798 -0.8 -5.325 0
799 -0.8 -5.275 0
800 -0.8 -5.225 0
801 -0.02500000000000036 -7.043301270189222 0
802 -1.298810190801028 -7.309112271668759 0
803 1.321886853281959 -7.450143429397421 0
804 0.34375 -7.077788452641915 0
805 -0.3960486683541786 -7.129917798657692 0
806 0.625 -7.043301270189222 0
807 0.03150002670357991 -29.21145735328038 0
808 9.574515796416041 -18.01400590579966 0
809 -9.905801262975967 -17.96590769860063 0
810 3.581704350580204 -7.999968407365074 0
811 -3.429884824665273 -8.044193317332754 0
812 -0.7133413352619183 -7.154663379921535 0
813 9.772499317792366 -22.42129653408317 0
814 -9.679246156612702 -22.40558321008872 0
815 -9.786534250875143 -13.6128958767516 0
816 9.796265393672666 -13.54798759870271 0
817 -0.8054773336088454 -7.040652455784178 0
818 0.8210953769262808 -7.048228772251989 0
819 -4.421437074204302 -29.34633331036119 0
820 4.492065282957991 -29.17018934143133 0
821 5.590986772499944 -8.04075552851489 0
822 -5.826667621077803 -8.16317687690079 0
823 -9.575548604680623 -25.35042099544969 0
824 9.756868128712336 -25.35937500000001 0
825 0.1705357142857142 -7.067934971941154 0
826 0.1051935068828863 -7.379779199626103 0
827 0.5024234693877551 -7.05205977752443 0
828 -9.713969320829655 -10.7332225598957 0
829 9.833921013273789 -10.77220985659681 0
830 -7.414558314227092 -29.06912523258456 0
831 7.336471540831295 -29.29590688713172 0
832 9.72802518819161 -28.296875 0
833 -9.728025188191605 -28.296875 0
834 8.849832521829384 -8.262131027292989 0
835 -8.692133382966645 -8.357641861794182 0
836 0.7250000000000001 -7.267852540378442 0
837 0.4447959265844968 -8.275975680352431 0
838 -0.7575499067270718 -7.649657102166543 0
839 -0.7272049538653935 -9.263174741089415 0
840 0.6335943551075289 -9.828587359623681 0
841 -0.5711015666504413 -10.78377524453112 0
842 0.8044901725795596 -11.37617834841758 0
843 -0.3957250465142246 -12.28779451175613 0
844 0.9830567939222913 -12.87952384943295 0
845 -0.2157290376482739 -13.78173877174581 0
846 1.164185543835258 -14.37043399103766 0
847 -0.03445208749820534 -15.27192380785326 0
848 1.345771029272472 -15.85936275064041 0
849 0.1470748786354631 -16.76108943603083 0
850 1.527338162597885 -17.34836545444113 0
851 0.3286406289221008 -18.25009724348699 0
852 1.708911944492412 -18.83734055583237 0
853 0.5102139717887412 -19.73907414519965 0
854 1.890486580370998 -20.32631213856905 0
855 -0.8700591025548983 -19.15183801163542 0
856 -0.6884842742646096 -20.64080884802273 0
857 -1.414751620160063 -14.6845772832416 0
858 -2.068757384423047 -20.05357291524128 0
859 -1.887182324325139 -21.54254275893534 0
860 2.726036163992013 -16.44663140174034 0
861 -3.267455401578053 -20.95530669555987 0
862 -3.449030521371978 -19.46633710374368 0
863 -3.085880297532136 -22.44427635063414 0
864 -1.70560724018112 -23.03151249713771 0
865 -1.776063489417641 -11.70188568932832 0
866 2.36294254524719 -13.46836232969342 0
867 3.089184603191459 -19.42457834329508 0
868 3.270759653360424 -20.9135482207457 0
869 4.469457598243094 -20.01181474635321 0
870 4.651032699661146 -21.50078441293514 0
871 3.45233475922602 -22.40251786899213 0
872 4.832607817035003 -22.98975401381153 0
873 3.633909874454258 -23.89148747878143 0
874 -4.647728483986328 -20.368070655307 0
875 -4.829303597367586 -18.87910103803209 0
876 -2.904305188564367 -23.93324598449878 0
877 -4.284578248871239 -23.34600985053105 0
878 5.014182933740905 -24.47872361746238 0
879 -1.524032130954223 -24.52048212983076 0
880 5.849730644900923 -20.59905093701398 0
881 5.668155528327099 -19.11008133282705 0
882 -4.103003133855744 -24.83497945886846 0
883 -6.028001542893032 -19.78083451510254 0
884 -5.483276193647313 -24.2477433227355 0
885 -6.209576659212681 -18.29186491221367 0
886 -5.01087871643744 -17.39013144707916 0
887 -6.39115177604667 -16.80289531158815 0
888 -5.192453865482967 -15.9011618511049 0
889 3.815484991113932 -25.38045708262437 0
890 2.435211931468441 -24.79322094543408 0
891 2.616787048417119 -26.28219054807649 0
892 -5.301701077326245 -25.73671292697488 0
893 2.00876555720034 -10.42123154196641 0
894 5.19575805069704 -25.96769322007381 0
895 -6.572726897962326 -15.31392571050296 0
896 -5.374028988245567 -14.41219224994309 0
897 6.212880876387816 -23.57699015221776 0
898 -6.754302016344438 -13.82495610847656 0
899 -5.555638639179309 -12.9232268589667 0
900 -6.93588288883282 -12.33598720799087 0
901 -5.737220470685402 -11.43425807540446 0
902 -3.921428017658364 -26.32394906565942 0
903 7.048428585882663 -19.69731747862278 0
904 6.866853468599439 -18.20834787735743 0
905 -3.812180730847525 -16.48839763577551 0
906 5.486580408904822 -17.62111174036799 0
907 6.685278350986761 -16.71937827744862 0
908 5.305005290446336 -16.13214214015275 0
909 6.503703233794568 -15.23040867517694 0
910 5.123430173166843 -14.64317253813539 0
911 6.322128116711575 -13.74143907285923 0
912 4.941854803082705 -13.15420296666491 0
913 6.14055295751267 -12.25246947562499 0
914 4.760279636864483 -11.66523337027791 0
915 1.236513988741097 -25.69495441101301 0
916 1.054938871003999 -24.20598480842914 0
917 -5.846426426909152 -21.26980411963558 0
918 -7.226699486305624 -20.68256798182875 0
919 -7.037725043930386 -22.17063526031625 0
920 -4.175374180622899 -13.51031620805299 0
921 7.883976293573038 -15.81764481245173 0
922 -6.681974137025964 -25.1494767892808 0
923 -7.09922609711154 -10.84479428220732 0
924 7.218023455515778 -21.17137141286831 0
925 -7.759724031623387 -16.18815694068937 0
926 -6.500333362636269 -26.63829206632127 0
927 5.944867900036828 -10.7966646421063 0
928 4.563399633172063 -10.21055833422691 0
929 8.418716945824158 -20.29763368554174 0
930 1.430036436102181 -27.15584233181652 0
931 0.05175459725664953 -26.56392591412883 0
932 7.338333782232764 -11.27105960584647 0
933 7.059488387742026 -9.907750754716155 0
934 2.758656613117611 -27.71916616655668 0
935 -7.880672080197749 -26.05121025448307 0
936 -8.101404563931007 -24.52834955501241 0
937 0.7244421967037542 -7.088455743422152 0
938 -0.9325546104872988 -7.135135895343552 0
939 0.04595487019476674 -7.103486542054032 0
940 -0.1424247477325303 -7.133866500233594 0
941 -0.5667057014775955 -7.133462611535112 0
942 -8.333652200926817 -11.58979805403906 0
943 -5.827355020007183 -9.837321399578004 0
944 -4.479647943858508 -10.4538863484343 0
945 -7.299027358222 -9.358047300223843 0
946 1.732864488078905 -8.718712314101079 0
947 -7.660232267231589 -27.47929987461173 0
948 1.4852113701885 -28.49654556707389 0
949 -9.224850278946709 -26.82812499999999 0
950 3.170256701780304 -9.306833584501019 0
951 -8.418749761619992 -21.5625167333999 0
952 -8.551971917698806 -20.1094583419173 0
953 -1.949575328032302 -10.20230574500983 0
954 -2.131849652742448 -8.551978443366069 0
955 -3.268691657726556 -9.510374515425504 0
956 -9.592604280332743 -23.85557681069108 0
957 3.380006880615195 -11.07799719610511 0
958 -1.595662841594147 -13.19358858659259 0
959 -2.976156561687692 -12.60728503120872 0
960 -3.13454141613198 -11.08287529975194 0
961 2.182828821951923 -11.96921476150039 0
962 3.7431665054634 -14.05588005791818 0
963 -1.233192267037457 -16.1737928700048 0
964 -2.613471475756193 -15.58658073178372 0
965 -2.794862127373275 -14.09696270794985 0
966 -1.051629355699918 -17.66284253176972 0
967 2.544472335625652 -14.95759608917368 0
968 4.106307660150684 -17.03387426089266 0
969 -2.250331616012192 -18.56459867676457 0
970 -0.32533418751629 -23.61874866394364 0
971 0.691788737190032 -21.22804519126063 0
972 -0.1414359795702633 -25.10225794426027 0
973 -1.339746740672953 -26.00308135576087 0
974 -1.030800341136227 -27.75778230695385 0
975 -2.519022985726302 -26.95335030113299 0
976 -2.31449203578314 -28.26425989872509 0
977 -3.774086993177286 -27.99930244809563 0
978 -5.120125960106089 -27.22568253306289 0
979 0.8733637710942929 -22.71701513608682 0
980 2.072061719269819 -21.81528164983974 0
981 2.907609683196733 -17.93560790468959 0
982 3.561846532204149 -12.56514844702665 0
983 -0.5069092530004723 -22.12977884923114 0
984 -5.663618089089333 -22.75862333304479 0
985 6.02930905207633 -22.08553460269028 0
986 7.371339233364756 -22.63973361032911 0
987 7.521141930302031 -24.11952156826239 0
988 -6.862369735128061 -23.65707540498581 0
989 4.287882465646399 -18.52284520812706 0
990 -4.46594782466104 -21.85701516745207 0
991 8.27323750734528 -18.82353523852411 0
992 -2.718589699571992 -25.42818138262521 0
993 2.253636814377144 -23.30425134338412 0
994 -7.589849719210791 -17.7046287773526 0
995 7.460227361731729 -12.83379738579802 0
996 8.736111645531869 -11.95317498284402 0
997 7.640781409431982 -14.34728849913112 0
998 3.924735175132086 -15.54488939257643 0
999 8.115042178176566 -17.34152068571051 0
1000 9.56006312448395 -16.33347409206727 0
1001 8.938364773988887 -14.76594813505746 0
1002 3.956513066848949 -26.81565771472832 0
1003 5.251476096074606 -27.68443676002206 0
1004 6.576031110327119 -26.55492935732816 0
1005 -7.377266601839738 -19.22498691414327 0
1006 -7.88547362059383 -14.75316207623906 0
1007 -8.90650309044238 -15.58680892377968 0
1008 -8.337942748690358 -13.22617357345815 0
1009 6.382453992403985 -25.05850896790802 0
1010 7.668808366266863 -25.59897923133443 0
1011 7.7976806985283 -27.01410993173313 0
1012 -3.630605475867247 -17.9773666355769 0
1013 -2.431901820203421 -17.07559651361253 0
1014 -3.99372856138807 -14.99926856410168 0
1015 -4.343096535360964 -12.00197463696985 0
1016 -6.29178101938286 -28.02962280128494 0
1017 7.224192400659916 -8.449715597301239 0
1018 9.696615473799854 -19.4971981147845 0
1019 9.791675514754058 -23.89055613500992 0
1020 9.767114340530767 -26.82812500000001 0
1021 5.918597703026468 -29.18591913648486 0
1022 -9.720934727832063 -12.16663803554701 0
1023 9.737704502811328 -20.96773458981806 0
1024 2.863475018522896 -29.17177861648828 0
1025 -4.552632287070915 -8.957711416275671 0
1026 -8.282016590259147 -23.0299561624157 0
1027 -9.748024370898156 -20.91136388090097 0
1028 4.484881814614905 -8.779074818540145 0
1029 6.823169126733281 -28.007470207352 0
1030 9.768444113782538 -9.273132632710857 0
1031 -9.785068015241468 -9.304161951679967 0
1032 8.774709767916253 -29.38779138104288 0
1033 -8.881689563215858 -29.32550068623573 0
1034 -8.48717939588302 -10.03127766830668 0
1035 8.525759376017042 -21.77566997210674 0
1036 -9.838178389457441 -19.48437499999997 0
1037 8.546555948538881 -9.937779364451828 0
1038 -1.478469107416547 -29.29133970808784 0
1039 -5.848795153163941 -29.32706824694875 0
1040 -8.83552290737139 -17.07841124538678 0
1041 0.3642646256471458 -27.85998403593707 0
1042 5.692743214486885 -9.473518867781488 0
1043 8.624600442751333 -23.21985450235612 0
1044 -8.683098466425687 -18.59462799623342 0
1045 -7.285022229234119 -7.975773207783762 0
1046 10.07325961049567 -12.11092448762871 0
1047 -2.93333333333336 -29.49974409017693 0
1048 2.652252819405564 -7.928551695004245 0
1049 8.710959101469697 -24.68833767106701 0
1050 -9.927117239059921 -16.41322791127461 0
1051 4.524933249575086 -7.763959750884021 0
1052 -2.677143510169451 -7.559251321046959 0
1053 3.864437215504411 -28.11224571984533 0
1054 -4.555255608598864 -7.833016322101843 0
1055 8.514350116871427 -13.48963932030667 0
1056 8.148214450125026 -28.28464998593481 0
1057 -9.92329442989659 -14.94116052883682 0
1058 -9.915984006360274 -8.08141798416853 0
1059 9.915984006360281 -8.08141798416853 0
1060 -9.951973589563016 -29.45211223956629 0
1061 9.925004266862725 -29.42444722771351 0
1062 -5.091245240006895 -28.38560186795068 0
1063 8.7743220673155 -26.1752378056891 0
1064 -1.874750101899813 -7.522481870535707 0
1065 2.018760817163281 -7.545795864058286 0
1066 -8.622549610013714 -28.16255665711633 0
1067 10.10229283819403 -14.99427283226107 0
1068 1.465222527848498 -29.67308165320337 0
1069 8.892751554381574 -27.43867323707725 0
1070 -8.939815814186403 -14.32579069070991 0
1071 -0.6621278041023336 -7.391559856850828 0
1072 -0.481377184915887 -7.131690205096401 0
1073 -0.5767992875406251 -7.389787450412118 0
1074 -0.7234845403564838 -29.25139853068411 0
1075 -1.254634724276387 -28.52456100752084 0
1076 -0.4996501572163234 -28.48461983011711 0
1077 -10.11242513947336 -26.46093749999999 0
1078 -10.11242513947336 -27.19531249999999 0
1079 7.942444865385823 -10.60441948514915 0
1080 8.641333797035376 -10.94547717364792 0
1081 8.037222713882317 -11.61211729434525 0
1082 5.585036899550538 -28.43517794825346 0
1083 5.205331492992229 -29.1780542389581 0
1084 4.871770689516298 -28.4273130507267 0
1085 -0.7594093344353818 -7.097657917852857 0
1086 -0.7527386668044224 -7.020326227892088 0
1087 -0.7066706676309589 -7.077331689960769 0
1088 8.698194235184133 -9.099955195872408 0
1089 7.885374174599399 -9.193747480876533 0
1090 8.03701246124465 -8.355923312297115 0
1091 -0.3332678577445405 -27.80888317144546 0
1092 0.1978823261753629 -28.53572069460873 0
1093 -8.838476584305816 -24.93938527523105 0
1094 -7.991038322064378 -25.28977990474775 0
1095 -8.728110342439185 -25.70081562496638 0
1096 -7.89310337705251 -9.694662484265262 0
1097 -8.589656389424832 -9.19445976505043 0
1098 -7.995580370594323 -8.857844581009012 0
1099 7.803022168140453 -9.922765059583991 0
1100 7.141840394200971 -9.178733176008697 0
1101 -5.189993653539049 -9.397516407926837 0
1102 -4.516140115464712 -9.705798882354987 0
1103 -5.153501481932846 -10.14560387400615 0
1104 -2.700270655234502 -9.031176479395786 0
1105 -3.349288241195914 -8.77728391637913 0
1106 -2.78086723870386 -8.298085880349412 0
1107 -9.136123705562245 -9.667719809993322 0
1108 -9.238600699104056 -8.830901906737076 0
1109 6.376115801114455 -9.69063481124882 0
1110 6.458467807573401 -8.961617232541364 0
1111 4.178251249231201 -28.64121753063833 0
1112 4.557956655789509 -27.8983412399337 0
1113 -5.189649954074358 -8.560444146588232 0
1114 -5.827011320542493 -9.000249138239397 0
1115 9.190238480906334 -10.35499461052432 0
1116 9.285016329402829 -11.36269241972041 0
1117 -6.563191189114592 -9.597684349900923 0
1118 -6.562847489649902 -8.760612088562317 0
1119 -8.552761179572229 -26.43966762724153 0
1120 -9.400199441813665 -26.08927299772484 0
1121 5.641864993493415 -8.75713719814819 0
1122 6.40758958657993 -8.245235562908064 0
1123 -3.910661972398735 -9.234042965850588 0
1124 -3.991258555868094 -8.500952366804214 0
1125 -9.753734489353603 -12.8897669561493 0
1126 -9.029438738261209 -12.69640580450258 0
1127 -9.062238499782751 -13.41953472510487 0
1128 -9.476437733569156 -27.5625 0
1129 -10.3640125940958 -27.92968749999999 0
1130 -10.28777430234031 -25.72208549772484 0
1131 10.28003156224197 -16.80736204603365 0
1132 10.28003156224197 -16.07298704603365 0
1133 -10.29630214016637 -23.50591340534553 0
1134 -10.29630214016637 -24.24028840534554 0
1135 -9.02729346437944 -11.87821804479303 0
1136 -8.335797474808587 -12.40798581374861 0
1137 9.155307755272046 -13.51881345950469 0
1138 8.625230881201649 -12.72140715157534 0
1139 9.266188519602267 -12.75058129077336 0
1140 9.404685628013768 -12.03204973523637 0
1141 9.934762502084165 -12.82945604316571 0
1142 -0.6400235183697569 -7.144062995728323 0
1143 -0.7354456209944951 -7.40216024104404 0
1144 8.194139842760922 -18.08252796211731 0
1145 8.844778987296303 -17.67776329575508 0
1146 8.923876651880661 -18.41877057216188 0
1147 -3.353710163255323 -28.74952326913628 0
1148 -3.677385203768831 -29.42303870026906 0
1149 -4.097762033690794 -28.67281787922841 0
1150 8.837552651330258 -16.83749738888889 0
1151 9.567289460449995 -17.17373999893346 0
1152 4.033293082597554 -8.38952161295261 0
1153 3.827569258197604 -9.042954201520583 0
1154 3.375980526180254 -8.653400995933048 0
1155 1.183229421593217 -9.273649836862379 0
1156 1.870815022639623 -9.569971928033745 0
1157 1.321179956153935 -10.12490945079504 0
1158 -8.13647409281824 -18.14962838679302 0
1159 -8.759310686898537 -17.8365196208101 0
1160 -8.212686313291091 -17.39152001136969 0
1161 -9.584076442506683 -24.60299890307039 0
1162 -8.847004422131874 -24.19196318285175 0
1163 -7.29202479372806 -8.666910254003803 0
1164 -6.555844925155961 -8.069475042342276 0
1165 2.911254760592934 -8.617692639752633 0
1166 3.116978584992884 -7.96426005118466 0
1167 10.28725789820802 -17.64762795289984 0
1168 -3.874169800792532 -9.982130431929903 0
1169 7.198911084987396 -10.58940518028131 0
1170 6.037322611403944 -27.84595348368703 0
1171 6.370883414879875 -28.59669467191843 0
1172 -2.62391268455825 -28.88200199445101 0
1173 -3.044289514480213 -28.13178117341036 0
1174 2.451560594929604 -9.012772949301048 0
1175 2.589511129490322 -9.864032563233714 0
1176 -9.635925218472723 -23.1305800103899 0
1177 -10.33962307830635 -22.78091660504435 0
1178 -10.28777430234031 -24.98771049772484 0
1179 -7.988577806100382 -8.166707534788973 0
1180 9.635565635107948 -18.75560201029208 0
1181 8.984926490572567 -19.16036667665431 0
1182 -9.294449864700827 -18.28026784741703 0
1183 -9.370662085173677 -17.5221594719937 0
1184 -1.896480571599844 -28.77779980340647 0
1185 -1.672646188459683 -28.01102110283947 0
1186 -9.717452024330859 -11.44993029772135 0
1187 -9.023810760878236 -11.16151030696738 0
1188 2.832951245449902 -7.464275847502122 0
1189 2.524266853371007 -7.464275847502122 0
1190 -9.100574358356337 -10.38225011410119 0
1191 -8.410415798404919 -10.81053786117287 0
1192 -6.976006643307224 -27.75446133794834 0
1193 -6.853169666804976 -28.54937401693475 0
1194 -7.537395290729341 -28.27421255359815 0
1195 -8.44254127308915 -27.15371243730586 0
1196 -7.770452173714669 -26.7652550645474 0
1197 -10.46164721494829 -15.3768302644184 0
1198 -9.925205834478255 -15.67719422005572 0
1199 -10.46355861952996 -16.11286395563729 0
1200 8.722019709028494 -16.0755594522595 0
1201 7.999509235874802 -16.57958274908112 0
1202 -8.350383175939569 -22.2962364479078 0
1203 -8.980631373435925 -22.71776968625221 0
1204 -9.048997959116347 -21.98404997174431 0
1205 1.088830207331701 -8.497343997226755 0
1206 0.5391951408460128 -9.052281519988057 0
1207 -0.2692367080433544 -7.131892149445644 0
1208 -0.4499873272298011 -7.391761801200069 0
1209 -9.414898760169486 -15.26398472630825 0
1210 -9.416810164751151 -16.00001841752715 0
1211 -8.018553962120404 -28.61584094485045 0
1212 -8.141390938622651 -27.82092826586403 0
1213 8.411170533780963 -15.29179647375459 0
1214 9.249213949236418 -15.54971111356236 0
1215 9.057666209812005 -19.89741590016312 0
1216 8.345977226584719 -19.56058446203292 0
1217 -0.8229479728746085 -7.144899637632545 0
1218 -0.8690159720480721 -7.087894175563864 0
1219 -8.937310435295945 -23.44276648655339 0
1220 -3.053514167417362 -7.801722319189857 0
1221 -2.40449658145595 -8.055614882206514 0
1222 9.831177981338989 -15.66387346216417 0
1223 10.55114641909702 -15.40338641613054 0
1224 0.9247379979178229 -28.17826480150548 0
1225 0.7583556984460399 -28.85400146017713 0
1226 3.275131791197749 -10.19241539030306 0
1227 2.694386218907767 -10.74961436903576 0
1228 3.971703256893629 -10.64427776516601 0
1229 3.866828167476183 -9.758695959363962 0
1230 8.289573091710434 -14.55661831709429 0
1231 7.76237885150251 -15.08246665579142 0
1232 -1.429527303303921 -8.907576592227741 0
1233 -1.44469977973476 -8.100817772766305 0
1234 -0.7423774302962327 -8.456415921627979 0
1235 -9.749518668035561 -10.01869225578783 0
1236 -5.457816596445459 -7.581588438450396 0
1237 -6.195518645710147 -7.581588438450396 0
1238 6.077678221421229 -7.520377764257445 0
1239 5.339976172156544 -7.520377764257445 0
1240 9.157500031160708 -9.605455998581341 0
1241 9.30913831780596 -8.767631830001923 0
1242 -3.201616536929268 -10.29662490758872 0
1243 -3.807094679995244 -10.76838082409312 0
1244 -2.542058372082141 -10.64259052238089 0
1245 -2.609133492879429 -9.856340130217665 0
1246 -2.040712490387375 -9.377142094187949 0
1247 -1.338390140948848 -9.732740243049621 0
1248 2.781417851283559 -11.52360597880275 0
1249 2.095797189576132 -11.1952231517334 0
1250 -1.260338447341372 -10.49304049477047 0
1251 -0.6491532602579174 -10.02347499281027 0
1252 -3.738818975746472 -11.5424249683609 0
1253 -4.411372239609736 -11.22793049270208 0
1254 -2.885509344530484 -13.35212386957928 0
1255 -3.485118153998087 -13.80363945800142 0
1256 -3.575765371155295 -13.05880061963085 0
1257 1.493659497265741 -11.67269655495899 0
1258 1.40662786488995 -10.89870494519199 0
1259 -3.659626548524328 -12.30462983408929 0
1260 -3.055348988909836 -11.84508016548033 0
1261 -2.195262484483711 -13.64527564727122 0
1262 -2.285909701640919 -12.90043680890066 0
1263 -1.505207230877105 -13.9390829349171 0
1264 -0.9056959396212103 -13.4876636791692 0
1265 -0.8152403289041685 -14.2331580274937 0
1266 -2.104806873766669 -14.39076999559572 0
1267 -0.9956939440541857 -12.74069154917436 0
1268 -0.3057270420812492 -13.03476664175097 0
1269 -9.713635263755428 -21.65847354549485 0
1270 -9.083387066259075 -21.23694030715044 0
1271 -4.259235357991932 -12.75614542251142 0
1272 2.872337677078036 -12.26718160426352 0
1273 2.96239453872567 -13.01675538836004 0
1274 2.272885683599557 -12.7187885455969 0
1275 3.470926706409672 -11.82157282156588 0
1276 -2.45530245277481 -11.39238049454013 0
1277 -2.376110025552666 -12.15458536026852 0
1278 1.582942807937107 -12.42436930546667 0
1279 1.672999669584741 -13.17394308956318 0
1280 -3.303600018572132 -15.2929246479427 0
1281 -3.394295344380673 -14.54811563602576 0
1282 -2.704166801564734 -14.84177171986679 0
1283 -4.084551371005485 -14.25479238607733 0
1284 -2.014111547958128 -15.13557900751266 0
1285 3.143819420544526 -14.50673807354593 0
1286 2.453707440436421 -14.21297920943355 0
1287 3.053054525355295 -13.7621211938058 0
1288 3.652506518833775 -13.31051425247242 0
1289 1.854328939730455 -14.66401504010567 0
1290 1.763564044541224 -13.91939816036554 0
1291 -2.522686647979807 -16.33108862269813 0
1292 -3.122041275525473 -16.78199707469402 0
1293 -3.212826103301859 -16.03748918377962 0
1294 4.251850667643428 -12.85967570684578 0
1295 4.161063084534316 -12.11519090865228 0
1296 4.851067219973594 -12.40971816847141 0
1297 -1.923331871396825 -15.88018680089426 0
1298 -1.32397194359876 -15.4291850766232 0
1299 -1.832547043620439 -16.62469469180866 0
1300 -3.902954646117798 -15.74383309993859 0
1301 4.342510654273052 -13.60504151229154 0
1302 4.070143258739838 -11.37161528319151 0
1303 -0.6338221772678312 -15.72285833892903 0
1304 -0.7246018538291341 -14.97825054554743 0
1305 3.234603755378869 -15.25124274087506 0
1306 3.32538566956205 -15.99576039715839 0
1307 2.635254249808833 -15.70211374545701 0
1308 3.833950840297743 -14.8003847252473 0
1309 -3.031253648035334 -17.52648157459472 0
1310 -2.341116718107807 -17.82009759518855 0
1311 -2.94046854593972 -18.27098265617073 0
1312 1.945121682449062 -15.40847941990704 0
1313 2.035903596632243 -16.15299707619038 0
1314 -0.960844229127408 -18.40734027170257 0
1315 -0.3614943633889084 -17.95646988762835 0
1316 -0.2707092368163987 -18.70096762756121 0
1317 -1.74176558795167 -17.36921952269113 0
1318 -1.650980485856055 -18.11372060426714 0
1319 -3.721393103357386 -17.2328821356762 0
1320 -1.560195359283545 -18.8582183442 0
1321 -0.4522772385322272 -17.21196598390027 0
1322 0.237857753778782 -17.50559333975891 0
1323 3.506958671673709 -17.48474108279112 0
1324 2.816822923594373 -17.19111965321497 0
1325 3.416171912071349 -16.7402528313165 0
1326 4.015521417641385 -16.28938182673454 0
1327 2.217473922897309 -17.64198667956536 0
1328 2.126687163294949 -16.89749842809073 0
1329 -2.849681068692085 -19.01546789025413 0
1330 -2.15954450021762 -19.30908579600293 0
1331 -2.758893952897512 -19.75995500949248 0
1332 -1.469408243488973 -19.60270546343835 0
1333 4.614870232789211 -15.83851576636459 0
1334 4.524082674149464 -15.09403096535591 0
1335 5.214217731806589 -15.38765733914407 0
1336 -5.210913518716167 -26.48119773001889 0
1337 -5.810229661371179 -26.93198729969208 0
1338 -5.901017219981257 -26.18750249664808 0
1339 -3.146554989451794 -27.47632637461431 0
1340 -3.847757505417825 -27.16162575687753 0
1341 -3.220225501692333 -26.6386496833962 0
1342 -4.447106476641688 -27.61249249057926 0
1343 -4.520776988882226 -26.77481579936116 0
1344 4.70565647529851 -16.58300820052271 0
1345 4.433298339315122 -14.34952629802678 0
1346 -3.539817998619613 -18.72185186966029 0
1347 -4.611564547492304 -26.03033099631715 0
1348 -0.4895228719397886 -27.16085411054134 0
1349 -1.18527354090459 -26.88043183135736 0
1350 -0.6439960717081515 -26.28350363494485 0
1351 -3.320008858615178 -25.87606522414232 0
1352 -2.618806342649147 -26.1907658418791 0
1353 0.5475390045854169 -25.39860617763664 0
1354 0.4567514457168677 -24.65412137634471 0
1355 1.145726429872548 -24.95046960972108 0
1356 -0.740591360121608 -25.55266965001057 0
1357 -0.04484069115680689 -25.83309192919455 0
1358 -0.2333850835432767 -24.36050330410196 0
1359 0.3648023417438543 -23.91236673618639 0
1360 0.6441342929988734 -26.12944016257092 0
1361 -4.229954536617416 -18.42823383680449 0
1362 -4.139167059369782 -19.17271907088788 0
1363 -2.029168220122472 -25.71563136919304 0
1364 -1.929384863199628 -26.47821582844692 0
1365 2.162849266823481 -22.55976649661193 0
1366 1.563500292735718 -23.01063323973547 0
1367 1.472712745182056 -22.26614839296328 0
1368 0.2740147917890014 -23.16788190001523 0
1369 0.9641513210491457 -23.46149997225798 0
1370 -1.774911663431264 -27.35556630404341 0
1371 1.654287842690571 -23.75511807590663 0
1372 1.381925228229925 -21.52166342055018 0
1373 0.7825762541421624 -21.97253016367372 0
1374 0.09243974209477979 -21.67891202024589 0
1375 -0.597696763632541 -21.38529384862693 0
1376 0.001652231462711207 -20.93442701964167 0
1377 2.308260813844572 -18.38647423026098 0
1378 1.618125053545148 -18.09285300513675 0
1379 0.1832272590469103 -22.42339699265898 0
1380 0.6010013544893866 -20.48355966823014 0
1381 -0.08913515123793414 -20.18994149661119 0
1382 -2.416757510754721 -27.60880509992904 0
1383 2.762198239247919 -22.10889975941594 0
1384 2.671410686315121 -21.36441493529272 0
1385 3.361547206293222 -21.65803304486892 0
1386 -0.4161217202583811 -22.87426375658739 0
1387 2.852985786801582 -22.85338460618813 0
1388 1.981274149820408 -21.0707968942044 0
1389 2.580623116865711 -20.61993017965738 0
1390 4.197095062898542 -17.77835973450986 0
1391 3.597746074421566 -18.22922655640832 0
1392 3.688533534418929 -18.97371177571107 0
1393 2.998397143194096 -18.68009312399234 0
1394 -1.106258246590796 -22.58064567318443 0
1395 -1.015470713848705 -23.32513058054068 0
1396 4.97801899698675 -18.81646327047705 0
1397 4.887231437275611 -18.07197847424753 0
1398 5.577367968615961 -18.36559653659752 0
1399 -5.573447141368323 -23.50318332789015 0
1400 -4.974098168980285 -23.05231659178792 0
1401 -4.883927221259276 -23.79687658663327 0
1402 4.796444034527753 -17.32749300063033 0
1403 -6.262993912108697 -23.2078493690153 0
1404 -6.950047389529224 -22.91385533265103 0
1405 -6.35067156650986 -22.46462929668052 0
1406 -1.197045788662806 -21.83616080408324 0
1407 -1.796394782253129 -22.28702762803653 0
1408 4.378670031944747 -19.26732997724014 0
1409 5.068806563285096 -19.56094803959013 0
1410 7.294681344440267 -21.90555251159871 0
1411 6.700324142720543 -22.36263410650969 0
1412 6.623666253796054 -21.6284530077793 0
1413 -5.064782956875186 -22.30781925024843 0
1414 -4.375263036766139 -22.60151250899156 0
1415 -6.172822964387687 -23.95240936386066 0
1416 5.430958434555667 -22.5376443082509 0
1417 6.121094964232073 -22.83126237745402 0
1418 5.522744346711409 -23.28337208301465 0
1419 -4.556838154323684 -21.11254291137954 0
1420 -5.156187125785095 -21.56340964354383 0
1421 -5.24707745544774 -20.81893738747129 0
1422 6.792110054876286 -23.10836188127344 0
1423 5.340170875868738 -21.79315950781271 0
1424 4.741820258348074 -22.24526921337333 0
1425 -5.755022257999242 -22.01421372634019 0
1426 -3.866701613119546 -21.40616093150597 0
1427 -3.95759194278219 -20.66168867543344 0
1428 7.446240581833393 -23.37962758929575 0
1429 6.867011403344923 -23.84825586024007 0
1430 -6.772171936077013 -24.40327609713331 0
1431 -6.082625165336639 -24.69861005600815 0
1432 -7.481887149529534 -24.09271247999911 0
1433 -7.391689350478486 -24.83891317214661 0
1434 -3.775914061096588 -22.15064575904311 0
1435 -3.685229273201688 -22.89514310058259 0
1436 5.939519848488627 -21.34229276985213 0
1437 5.250381672281034 -21.04991767497456 0
1438 -2.121310915263107 -24.97433175622799 0
1439 -1.431889435813588 -25.26178174279581 0
1440 -6.442075735419769 -21.72021968997592 0
1441 -2.811447444068179 -24.680713683562 0
1442 -2.214168659759295 -24.22686405716477 0
1443 -3.410796416713867 -25.13158042074684 0
1444 -3.503654161210055 -24.38411272168362 0
1445 2.344424372922792 -24.0487361444091 0
1446 1.74507540123622 -24.49960287693161 0
1447 7.072242321613276 -14.78884858715403 0
1448 7.193839763683803 -15.52402674381434 0
1449 3.125348461291186 -25.08683901402923 0
1450 3.034560902961349 -24.34235421210775 0
1451 3.724697432784095 -24.6359722807029 0
1452 -6.990500747628731 -17.25376204447037 0
1453 -7.674786875417089 -16.94639285902099 0
1454 -7.075437903835029 -16.49552612613876 0
1455 -7.132212265118005 -21.4266016210725 0
1456 -6.536562956607388 -20.97618605073217 0
1457 -7.728237402775189 -21.86657599685808 0
1458 -7.822724623962808 -21.12254235761433 0
1459 7.660833046613972 -19.26042635857344 0
1460 7.733572765853411 -19.99747558208226 0
1461 -7.19912672766677 -10.10142079121558 0
1462 -6.463290558559361 -10.34105784089266 0
1463 7.400160264581663 -17.03044948157956 0
1464 7.284627322279899 -16.26851154495018 0
1465 6.981454763071778 -14.04436378599518 0
1466 6.412915675253071 -14.48592387401809 0
1467 -7.166225464792856 -15.75104132559616 0
1468 -6.481939337004498 -16.05841051104555 0
1469 3.88599902898144 -26.09805739867635 0
1470 3.286650057633034 -26.5489241314024 0
1471 3.216136019765526 -25.83132381535043 0
1472 -6.154970327761873 -13.37409148372163 0
1473 -5.464833813712438 -13.6677095544549 0
1474 -6.064165502295003 -14.11857417920983 0
1475 2.687721830767365 -27.00067835731658 0
1476 2.094346524609896 -27.4375042491866 0
1477 2.02341174225965 -26.7190164399465 0
1478 5.223617073385823 -26.82606499004793 0
1479 4.603994581461778 -27.25004723737519 0
1480 4.576135558772995 -26.39167546740106 0
1481 7.818370200669968 -20.73450254920503 0
1482 7.133226020699221 -20.43434444574555 0
1483 7.550504385581855 -13.59054294246457 0
1484 6.891177739221652 -13.28761822932863 0
1485 4.414833962427418 -24.92959035004338 0
1486 4.324046404097581 -24.18510554812191 0
1487 -5.610227687825061 -17.84099817964642 0
1488 -4.920091156902513 -18.13461624255563 0
1489 -5.519440128290134 -18.58548297512288 0
1490 -4.865506409901104 -13.21677153350984 0
1491 -4.774701584434233 -13.96125422899804 0
1492 -5.782287745346293 -10.63578973749123 0
1493 -6.418223283898471 -11.13952617880589 0
1494 -4.793139663751528 -24.54136139080198 0
1495 -4.193790691363491 -24.09049465469975 0
1496 -7.190502721417008 -26.34475116040218 0
1497 -7.281323108611856 -25.60034352188194 0
1498 -6.591153749831117 -25.89388442780104 0
1499 -7.080282814933929 -27.0587959704665 0
1500 -6.663514457153382 -14.56944090948976 0
1501 -5.973377943103946 -14.86305898022302 0
1502 -6.336551679759111 -11.88512264169767 0
1503 -5.646429554932356 -12.17874246718558 0
1504 -6.245760764006064 -12.62960703347879 0
1505 7.490947823388002 -17.77493428153397 0
1506 7.57004548797236 -18.51594155794077 0
1507 5.352573768450656 -11.23094900619211 0
1508 6.042710428774749 -11.52456705886565 0
1509 5.450416297188577 -11.95885142295145 0
1510 2.943773344415701 -23.59786941108278 0
1511 3.543122316840139 -23.14700267388678 0
1512 -0.832734055262243 -24.81137003704552 0
1513 -4.502317298165246 -16.1947797434402 0
1514 -4.411529723642483 -16.93926454142733 0
1515 -5.101666290960203 -16.64564664909203 0
1516 1.835862960104769 -25.24408767822354 0
1517 5.395792849675579 -16.87662694026037 0
1518 5.995141820716548 -16.42576020880069 0
1519 6.085929379945791 -17.17024500890831 0
1520 5.541203880297688 -12.70333622114495 0
1521 6.231340537112122 -12.99695427424211 0
1522 5.63199145989714 -13.44782101976207 0
1523 4.661839635018273 -10.93789585225241 0
1524 5.254133766604445 -10.5036114881666 0
1525 -3.594441718717803 -23.63962791751491 0
1526 6.53387705020835 -20.88521117494115 0
1527 -5.283241426864267 -15.15667705052399 0
1528 -5.882590381722647 -15.60754378080393 0
1529 -5.991837607176104 -25.44309485812784 0
1530 -8.111708184642094 -13.98966782484861 0
1531 -7.546122382517398 -13.52556484096736 0
1532 -7.319887818469134 -14.28905909235781 0
1533 -7.01755449297218 -11.5903907450991 0
1534 6.957641027241051 -18.95283267799011 0
1535 6.800390159622199 -12.5431334307115 0
1536 6.641600841134796 -11.03386212397639 0
1537 6.739443369872717 -11.76176454073573 0
1538 1.333275212421639 -26.42539837141477 0
1539 1.926650518579108 -25.98857247954475 0
1540 6.951797961353008 -24.58901526808521 0
1541 6.2976674343959 -24.31774956006289 0
1542 7.399280571982247 -12.05242849582225 0
1543 -1.614819685567671 -23.77599731348424 0
1544 -2.304956214372743 -23.48237924081825 0
1545 5.61353190506436 -24.02785688484007 0
1546 4.923395375387954 -23.73423881563696 0
1547 -5.33786501343968 -20.07445258520477 0
1548 -5.428652570130309 -19.32996777656732 0
1549 -4.738516040676958 -19.62358584666955 0
1550 5.104970492218973 -25.2232084187681 0
1551 4.505621520905486 -25.67407515134909 0
1552 -0.9246831592352563 -24.0696153968872 0
1553 -4.702352105590994 -25.28584619292167 0
1554 -5.392488635486779 -24.99222812485519 0
1555 -4.012215575757054 -25.57946426226394 0
1556 -6.627350514599328 -20.23170124846565 0
1557 -5.937213984901092 -20.52531931736906 0
1558 2.52599948994278 -25.53770574675528 0
1559 3.35758483998328 -27.2674119406425 0
1560 -7.634767544879819 -11.96289263101497 0
1561 -7.716439149019179 -11.21729616812319 0
1562 -5.108434207271955 -10.94407221191938 0
1563 -7.964619259769272 -19.66722262803028 0
1564 -7.301983044072681 -19.95377744798601 0
1565 -7.889335702002215 -20.39601316187303 0
1566 -8.333113561032883 -15.88748293223453 0
1567 -8.395988355518105 -15.16998550000937 0
1568 -7.822598826108608 -15.47065950846422 0
1569 2.121933991653056 -28.10785586681528 0
1570 1.457623903145341 -27.8261939494452 0
1571 6.26750449846327 -18.65921460509224 0
1572 6.358292057104881 -19.40369940572491 0
1573 6.7760659097931 -17.46386307740303 0
1574 6.176716938752131 -17.91472980886271 0
1575 5.722779144939208 -14.19230580549731 0
1576 5.813566703480705 -14.93679060665617 0
1577 5.032642488124774 -13.89868775240015 0
1578 6.502178143889427 -10.35220769841123 0
1579 -6.702634072366385 -19.50291071462291 0
1580 -6.793421630526209 -18.75842591317847 0
1581 -6.118789101052856 -19.03634971365811 0
1582 -5.791802820764818 -16.35202858134652 0
1583 -5.701015246242055 -17.09651337933365 0
1584 -7.229100259278078 -15.03354389337101 0
1585 -8.4853608396594 -20.8359875376586 0
1586 -2.995092743048251 -23.18876116756646 0
1587 -6.899713189211736 -17.99824684478314 0
1588 -6.300364217629676 -17.54738011190091 0
1589 5.88589458051208 -26.26131128870098 0
1590 5.913753603200862 -27.11968305867511 0
1591 5.904354262120452 -15.68127540766485 0
1592 6.594490792390665 -15.97489347631278 0
1593 0.7408955166794154 -26.85988412297267 0
1594 -6.845092452588629 -13.08047165823372 0
1595 6.449079615391793 -20.14818420781838 0
1596 -7.483558160525265 -18.46480784574794 0
1597 8.098169503631798 -12.39348618432102 0
1598 -7.636912818761589 -12.78108039072451 0
1599 -4.048379502679153 -19.91720387952534 0
1600 5.758943086614011 -19.85456613492052 0
1601 -2.395743768856628 -22.73789442388593 0
1602 4.23325884574463 -23.44062074629648 0
1603 4.142471288130512 -22.69613594140183 0
1604 5.698318463072445 -24.7686162926852 0
1605 5.789106021550513 -25.51310109399092 0
1606 6.479242551365552 -25.80671916261809 0
1607 5.159594121572008 -20.3054328416836 0
1608 -3.358242961475015 -20.21082189965177 0
1609 -2.486531310928638 -21.99340955478474 0
1610 -3.176667849555094 -21.69979152309701 0
1611 4.051683729443583 -21.95165114096364 0
1612 7.733244532397581 -26.30654458153378 0
1613 7.186855904427709 -26.78451964453065 0
1614 7.12241973829699 -26.07695429433129 0
1615 7.025631179335424 -25.32874409962123 0
1616 7.594975148284448 -24.85925039979841 0
1617 -2.66810639300055 -20.50443980540057 0
1618 3.960896176510785 -21.20716631684042 0
1619 -2.577318862951596 -21.2489247272476 0
1620 4.56024514895212 -20.75629957964418 0
1621 -1.287833299294874 -21.09167580347903 0
1622 3.870108625801759 -20.46268148354946 0
1623 3.779321100717276 -19.71819654482415 0
1624 -1.977969854374093 -20.79805783708831 0
1625 -1.378620829343828 -20.347190881632 0
1626 3.179972128275941 -20.16906328202039 0
1627 -0.7792716884097539 -19.89632342982907 0
1628 1.291137658780515 -20.77717866491484 0
1629 2.399048273841935 -19.13095944956372 0
1630 2.489835591781229 -19.87544524093207 0
1631 1.200350276079869 -20.03269314188435 0
1632 -0.1799225653830785 -19.44545607841754 0
1633 1.799699262431705 -19.58182634720071 0
1634 1.109562958140577 -19.28820735051601 0
1635 0.419427300355421 -18.99458569434332 0
1636 1.018776286707257 -18.54371889965968 0
1637 -4.320742096152344 -17.68374904132803 0
1638 0.9279893957599927 -17.79923134896406 0
1639 -1.142410811368687 -16.91831770088725 0
1640 -0.5430586942009968 -16.46744115301782 0
1641 0.8372065206166739 -17.05472744523598 0
1642 1.436554595935179 -16.60386410254076 0
1643 0.05631139556862889 -16.01650662194205 0
1644 0.7464229539539677 -16.31022609333562 0
1645 -4.683878774816819 -14.70573040702238 0
1646 -4.593091213435518 -15.45021520760329 0
1647 0.6556594708871334 -15.56564327924683 0
1648 1.254978286553865 -15.11489837083904 0
1649 0.5648667281685261 -14.82117889944546 0
1650 -0.1250905625732396 -14.52683128979953 0
1651 1.073621168878774 -13.62497892023531 0
1652 0.4742282530934919 -14.07608638139174 0
1653 -1.685863165505894 -12.44773713796046 0
1654 -1.862819408724971 -10.95209571716907 0
1655 0.3836638781370087 -13.33063131058938 0
1656 0.8937734832509254 -12.12785109892526 0
1657 -1.085894267965933 -11.99484010054223 0
1658 -1.173582528034041 -11.24283046692972 0
1659 0.2936658737040334 -12.58365918059454 0
1660 -5.040158503023183 -11.71811635618716 0
1661 -4.949367587270136 -12.46260074796828 0
1662 -0.4834133065823329 -11.53578487814363 0
1663 0.2043825630326674 -11.83198643008686 0
1664 -6.396057191009564 -27.33395743380311 0
1665 0.1166943029645591 -11.07997679647435 0
1666 0.7190422638435443 -10.60238285402063 0
1667 -5.705953489744474 -27.62765266717392 0
1668 8.077565763151703 -13.91846390971889 0
1669 8.726357445430157 -14.12779372768206 0
1670 0.03124639422854381 -10.3061813020774 0
1671 1.475216949018499 -29.08481361013863 0
1672 0.7483612772760391 -29.44226950324187 0
1673 -0.0468052993789323 -9.545881050356549 0
1674 7.633552757110797 -7.72485779865062 0
1675 6.894281035501216 -7.72485779865062 0
1676 1.527375670680432 -8.08442787174925 0
1677 0.8833413899332281 -7.863059554874926 0
1678 -8.367523248264151 -7.678820930897091 0
1679 -9.106794969873738 -7.678820930897091 0
1680 9.185644539305112 -7.631065513646494 0
1681 8.446372817695531 -7.631065513646494 0
1682 10.28725789820802 -18.38200295289985 0
1683 -10.3640125940958 -28.6640625 0
1684 -10.33962307830635 -22.04654160504435 0
1685 10.39813269683633 -13.94586879935136 0
1686 10.39813269683633 -13.21149379935136 0
1687 10.41696050663689 -11.08922992829841 0
1688 10.41696050663689 -10.35485492829841 0
1689 10.37843406435617 -25.72656250000001 0
1690 10.37843406435617 -24.99218750000001 0
1691 10.34830773689993 -19.85797405739227 0
1692 10.34830773689993 -19.12359905739227 0
1693 10.38624965889618 -22.7887732670416 0
1694 10.38624965889618 -22.0543982670416 0
1695 10.39583775737703 -24.25777806750497 0
1696 10.39583775737703 -23.52340306750497 0
1697 10.38355717026538 -27.19531250000001 0
1698 10.38355717026538 -26.46093750000001 0
1699 -10.45290063148798 -17.6235788493003 0
1700 -10.45290063148798 -18.3579538493003 0
1701 -10.39326712543757 -13.24394793837579 0
1702 -10.39326712543757 -13.97832293837579 0
1703 -10.35698466041483 -10.33536127994785 0
1704 -10.35698466041483 -11.06973627994784 0
1705 10.3640125940958 -28.6640625 0
1706 10.3640125940958 -27.92968750000001 0
1707 -8.191710577095076 -23.77915285871406 0
1708 -0.3509166533148932 -29.85572867664019 0
1709 0.3824166800184438 -29.85572867664019 0
1710 6.968235770415644 -29.89795344356586 0
1711 7.701569103748978 -29.89795344356586 0
1712 5.525965518179897 -29.84295956824243 0
1713 6.259298851513231 -29.84295956824243 0
1714 4.079365974812323 -29.83509467071566 0
1715 4.812699308145659 -29.83509467071566 0
1716 -4.777385203768828 -29.92316665518059 0
1717 -4.044051870435497 -29.92316665518059 0
1718 -7.740612490446884 -29.78456261629228 0
1719 -7.007279157113554 -29.78456261629228 0
1720 -10.36046736391603 -11.7864440177735 0
1721 -10.36046736391603 -12.5208190177735 0
1722 -7.659870817094767 -22.60029571136597 0
1723 -7.572193162693604 -23.34351578370076 0
1724 9.717159988305591 -20.23246635230128 0
1725 9.078210724317742 -20.6326841376799 0
1726 10.36885225140566 -21.32761729490905 0
1727 10.36885225140566 -20.59324229490905 0
1728 4.524140723893484 -9.494816576383526 0
1729 -8.923699944480212 -27.49534082855816 0
1730 9.761991234621551 -26.09375000000001 0
1731 9.747569764361188 -27.56250000000001 0
1732 9.782087416273212 -23.15592633454654 0
1733 9.774271821733198 -24.62496556750497 0
1734 2.531737509261438 -29.83588930824414 0
1735 3.265070842594775 -29.83588930824414 0
1736 9.953590311884728 -11.44156717211276 0
1737 2.811065815820254 -28.44547239152248 0
1738 2.174343194355698 -28.83416209178108 0
1739 9.755101910301846 -21.69451556195062 0
1740 6.627534621928882 -29.24091301180829 0
1741 -0.1412045136404484 -8.769575210720923 0
1742 7.31042491263079 -27.51079006954257 0
1743 6.699600118530199 -27.28119978234008 0
1744 9.367315083830777 -14.15696786688008 0
1745 2.192558653742235 -8.323632004552662 0
1746 -9.149998144298481 -20.51041111140913 0
1747 3.677770150740443 -29.1709839789598 0
1748 -7.79320274649728 -10.438035975257 0
1749 -10.37401218544908 -20.56505694045048 0
1750 -10.37401218544908 -21.29943194045048 0
1751 7.871891415766409 -21.47352069248753 0
1752 7.948549304690899 -22.20770179121792 0
1753 -2.566666666666695 -29.99987204508847 0
1754 -2.205901220374954 -29.39554189913239 0
1755 -1.839234553708288 -29.89566985404392 0
1756 10.38422205689127 -9.605316316355431 0
1757 10.38422205689127 -8.870941316355431 0
1758 -10.39253400762073 -8.886455975839983 0
1759 -10.39253400762073 -9.620830975839979 0
1760 7.079820333782288 -28.65168854724186 0
1761 8.420688217291456 -29.94389569052144 0
1762 9.154021550624792 -29.94389569052144 0
1763 -9.207511448274598 -29.91275034311786 0
1764 -8.474178114941267 -29.91275034311786 0
1765 8.461462109020641 -28.83622068348885 0
1766 8.938119819158318 -28.29076249296741 0
1767 9.251367478053933 -28.84233319052144 0
1768 -8.752119586614786 -28.74402867167603 0
1769 -8.148123938721476 -29.19731295941015 0
1770 -8.297623469497388 -16.63328409303807 0
1771 0.2080096114518977 -27.21195497503295 0
1772 0.8971505308746636 -27.50791318387679 0
1773 8.5204830022533 -27.86166161150603 0
1774 9.310388371286592 -27.86777411853863 0
1775 -4.756341157105599 -28.86596758915594 0
1776 -4.43266611659209 -28.19245215802316 0
1777 -1.105901220374957 -29.89566985404392 0
1778 5.818805557261856 -10.13509175494389 0
1779 -8.030182534132713 -18.90980745518835 0
1780 -9.871989826216705 -18.7251413493003 0
1781 -10.41908919472872 -19.11718749999997 0
1782 5.088812514550895 -9.126296843160816 0
1783 5.037934293557425 -8.409915173527517 0
1784 -6.070288086273401 -28.67834552411685 0
1785 -6.631676733695516 -29.19809673976665 0
1786 -5.491064243248648 -29.91353412347437 0
1787 -5.135116113684122 -29.33670077865497 0
1788 -6.224397576581978 -29.91353412347437 0
1789 -10.41908919472872 -19.85156249999997 0
1790 -9.793101380177799 -20.19786944045047 0
1791 9.520328806091459 -14.88011048365926 0
1792 3.311546914311011 -27.915705943201 0
1793 3.363956117013654 -28.6420121681668 0
1794 -7.663967671397888 -7.48788660389188 0
1795 8.4722381609206 -21.03665182882424 0
1796 8.575179909384188 -22.49776223723143 0
1797 7.997969838058045 -22.92979405634261 0
1798 3.91047514117668 -27.46395171728683 0
1799 0.6137117346938776 -7.159956158951436 0
1800 0.534375 -7.172820496510179 0
1801 0.4230867346938775 -7.064924115083173 0
1802 7.987288739301578 -13.16171835305234 0
1803 9.801182563528164 -10.02267124465383 0
1804 -5.105685600056492 -27.80564220050679 0
1805 8.055590654373773 -29.3418491340873 0
1806 -9.195075153578124 -19.79691667095863 0
1807 -9.718720281570551 -7.540708992084266 0
1808 -10.45799200318014 -7.540708992084266 0
1809 10.45799200318014 -7.540708992084266 0
1810 9.718720281570562 -7.540708992084266 0
1811 8.072871186526683 -23.66968803530925 0
1812 -10.45799200318014 -8.275083992084262 0
1813 10.45799200318014 -8.275083992084266 0
1814 10.53662980524783 -12.49296224381436 0
1815 10.53662980524783 -11.75858724381436 0
1816 -8.638879281438381 -13.77598213208403 0
1817 -9.363175032530773 -13.96934328373075 0
1818 9.149129346904704 -22.09848325309495 0
1819 9.131731939414184 -21.3717022809624 0
1820 -10.46164721494829 -14.6424552644184 0
1821 5.128071423829474 -9.842038601004198 0
1822 -10.47598679478151 -29.24168111978314 0
1823 -10.47598679478151 -29.97605611978314 0
1824 10.46250213343136 -29.96222361385676 0
1825 10.46250213343136 -29.22784861385676 0
1826 -9.742653461448178 -29.97605611978314 0
1827 9.729168800098028 -29.96222361385676 0
1828 -3.300000000000026 -29.99987204508847 0
1829 -10.46355861952996 -16.84723895563729 0
1830 -9.916459251017944 -17.18956780493762 0
1831 9.949279115933347 -14.27113021548189 0
1832 -2.003299877321131 -8.037230156950887 0
1833 -1.316150004313442 -7.586069486351125 0
1834 10.55114641909702 -14.66901141613054 0
1835 1.099277930590903 -30.08654082660168 0
1836 -9.175287399102659 -28.22971582855816 0
1837 -0.1563769900712875 -7.962816391259487 0
1838 -8.871012998906885 -16.33261008458323 0
1839 1.832611263924239 -30.08654082660168 0
1840 2.164348773185697 -29.42243013484582 0
1841 9.19854988027185 -22.82057551821964 0
1842 -6.924695949788305 -7.48788660389188 0
1843 8.667779772110515 -23.95409608671157 0
1844 8.116050515885863 -24.4039296196647 0
1845 8.18988373386828 -25.14365845120072 0
1846 -9.260638427941565 -19.0395014981167 0
1847 -8.617535192062245 -19.35204316907536 0
1848 7.972947574326663 -27.64937995883397 0
1849 7.485691788429154 -28.14606009664341 0
1850 1.231273448150139 -7.225071714698711 0
1851 1.16094342664098 -7.225071714698711 0
1852 9.208137978752696 -23.55520531868302 0
1853 5.057960011037515 -7.902357639699456 0
1854 4.806949410694115 -7.38197987544201 0
1855 -4.822110590205989 -7.41650816105092 0
1856 -5.190961614838333 -7.998096599501316 0
1857 -9.381320073215655 -16.7458195783307 0
1858 8.221565216791182 -25.88710851851177 0
1859 8.286001382921899 -26.59467386871112 0
1860 8.7426405843926 -25.43178773837806 0
1861 0.5848979632922484 -7.771914110365437 0
1862 1.02344342664098 -7.358997984887932 0
1863 4.201530493971159 -7.38197987544201 0
1864 9.251317308111878 -24.28944690303847 0
1865 4.504907532094995 -8.271517284712083 0
1866 -4.216691673483039 -7.41650816105092 0
1867 7.742342995478161 -28.79027843653326 0
1868 -8.412644717390116 -14.53947638347448 0
1869 -0.8450522586071854 -7.392396498755048 0
1870 8.833536810848537 -26.80695552138318 0
1871 8.345216126454936 -27.22639158440519 0
1872 0.8625 -7.133926270189221 0
1873 0.8374999999999997 -7.133926270189221 0
1874 -8.92315945231439 -14.9562998072448 0
1875 9.233913615091016 -25.02385633553352 0
1876 1.67032383522262 -7.497969646727853 0
1877 1.875812652621093 -8.132254089079684 0
1878 -4.553943947834889 -8.395363869188756 0
1879 -5.691513129694878 -28.20761233461781 0
1880 9.842214060071409 -8.677275308439693 0
1881 -9.85052601080087 -8.692789967924249 0
1882 9.349857017389489 -29.4061193043782 0
1883 -9.416831576389438 -29.38880646290101 0
1884 9.265595098013918 -25.76730640284456 0
1885 -5.470020196585418 -28.85633505744972 0
1886 -9.854914340385866 -14.27702820279421 0
1887 -9.30405869466346 -8.219529922981355 0
1888 9.382908264094834 -8.17177450573076 0
1889 9.826514727527169 -28.86066111385676 0
1890 -9.83999938887731 -28.87449361978314 0
1891 9.270718203923135 -26.50168140284456 0
1892 9.329932947456172 -27.13339911853863 0
1893 -1.58678014635042 -7.415797071102233 0
1894 -1.02818004876405 -7.479384686917651 0
1895 -3.992570216632068 -7.938604819717298 0
1896 -9.304857375703731 -28.81118784311786 0
1897 4.053318800077645 -7.881964079124547 0
1898 -0.3261781999220927 -7.514718150896323 0
1899 0.2749947167336916 -7.827877439989267 0
1900 3.297677011037222 -7.499984203682537 0
1901 3.729916044473718 -7.499984203682537 0
1902 -3.221767248079753 -7.522096658666378 0
1903 -3.654006281516244 -7.522096658666378 0
1904 -1.757995424444962 -7.261240935267853 0
1905 -2.13551549461813 -7.261240935267853 0
1906 2.207520852249866 -7.272897932029142 0
1907 1.830000782076697 -7.272897932029142 0
1908 -9.431555122041496 -14.63347560977337 0
1909 -0.5083528507387973 -7.066731305767556 0
1910 -0.423024334177089 -7.064958899328847 0
1911 0.5637117346938776 -7.047680523856826 0
1912 0.5262117346938779 -7.026029888762215 0
1913 0.5875000000000004 -7.021650635094611 0
1914 0.2571428571428571 -7.072861712291534 0
1915 0.2102678571428571 -7.033967485970578 0
1916 0.296875 -7.038894226320958 0
1917 0.4512117346938777 -7.026029888762215 0
1918 0.3718750000000002 -7.038894226320958 0
1919 0.4150967534414431 -7.323815870002273 0
1920 -0.01861562042482202 -7.256822849929849 0
1921 -0.1962123738662652 -7.066933250116797 0
1922 -0.3230243341770893 -7.064958899328847 0
1923 -2.275946806034632 -7.540866595791332 0
1924 -0.9662773052436494 -7.067567947671776 0
1925 -1.036607326752808 -7.067567947671776 0
1926 0.7730476884631404 -7.158040656315215 0
1927 0.88554768846314 -7.024114386125994 0
1928 -0.5333528507387977 -7.066731305767556 0
1929 0.01250000000000018 -7.021650635094611 0
1930 -0.01250000000000018 -7.021650635094611 0
1931 0.5012117346938776 -7.026029888762215 0
1932 -0.8277386668044225 -7.020326227892088 0
1933 -0.8527386668044229 -7.020326227892088 0
1934 0.1602678571428572 -7.033967485970578 0
1935 0.1352678571428569 -7.033967485970578 0
1936 0.3468749999999998 -7.038894226320958 0
1937 0.8605476884631406 -7.024114386125994 0
1938 0.8355476884631402 -7.024114386125994 0
1939 -0.7777386668044227 -7.020326227892088 0
1940 -0.8027386668044231 -7.020326227892088 0
1941 0.1852678571428567 -7.033967485970578 0
1942 0.3218750000000004 -7.038894226320958 0
1943 0.8105476884631407 -7.024114386125994 0
1944 0.7855476884631404 -7.024114386125994 0
1945 -0.6816706676309594 -7.077331689960769 0
1946 -0.558352850738798 -7.066731305767556 0
1947 -0.5833528507387975 -7.066731305767556 0
1948 -0.3980243341770895 -7.064958899328847 0
1949 -0.3480243341770897 -7.064958899328847 0
1950 -0.3730243341770891 -7.064958899328847 0
1951 -0.03750000000000053 -7.021650635094611 0
1952 -0.0625 -7.021650635094611 0
1953 0.4762117346938772 -7.026029888762215 0
1954 0.6124999999999998 -7.021650635094611 0
1955 0.6624999999999996 -7.021650635094611 0
1956 0.6375000000000002 -7.021650635094611 0
1957 2.335506818284423 -7.737173779531265 0
1958 -0.1712123738662648 -7.066933250116797 0
1959 -2.536712198752949 -7.279625660523479 0
1960 -2.845396590831842 -7.279625660523479 0
1961 0.2244717534414432 -7.228783826134009 0
1962 -1.219735116909673 -7.15455613583438 0
1963 -1.47002546889557 -7.15455613583438 0
1964 1.481563800136036 -7.225071714698711 0
1965 -1.115682400644163 -7.222124083506156 0
1966 0.1378646105843002 -7.223857085783628 0
1967 0.675 -7.155576905283832 0
1968 -0.1462123738662653 -7.066933250116797 0
1969 -0.9412773052436491 -7.067567947671776 0
1970 -0.656670667630959 -7.077331689960769 0
1971 -0.121212373866265 -7.066933250116797 0
1972 0.7372210983518771 -7.044227871711076 0
1973 0.7122210983518767 -7.044227871711076 0
1974 -0.9162773052436496 -7.067567947671776 0
1975 0.07297743509738319 -7.051743271027016 0
1976 0.04797743509738372 -7.051743271027016 0
1977 0.6747210983518771 -7.065878506805687 0
1978 0.7247210983518771 -7.178154141900297 0
1979 0.07557418853882651 -7.241632870840068 0
1980 0.1082452922402404 -7.085710756997592 0
1981 0.7727687868150175 -7.06834225783707 0
1982 0.01047743509738319 -7.073393906121627 0
1983 -0.08371237386626534 -7.088583885211408 0
1984 -0.0482349387688818 -7.118676521143813 0
1985 -1.051751936226859 -6.104017857142857 0
1986 -1.043301270189222 -5.825 0
1987 -1.043301270189222 -5.625 0
1988 -1.045363218349316 -6.281752232142857 0
1989 -1.078046196161928 -6.463344029017857 0
1990 -1.047612834494139 -5.297776967930029 0
1991 -1.050636440108127 -6.725 0
1992 -1.359786484548649 -6.154094100482549 0
1993 -1.051252377865972 -5.481825281132862 0
1994 -2.782347702267217 -6.334243262630005 0
1995 -1.283518440328257 -5.565748264773778 0
1996 -4.483546655090165 -5.898638145276963 0
1997 -1.112933568091242 -5.730511920843888 0
1998 -1.121342459202991 -5.949005655213332 0
1999 -1.066089196108083 -6.627224004836309 0
2000 -1.071778613384873 -6.853571428571429 0
2001 -1.28079797653259 -6.731670654839942 0
2002 -1.129903810567646 -5.175000000000001 0
2003 -3.445888704930724 -5.641658508755309 0
2004 -5.826667621077803 -6 0
2005 -2.026700051149901 -5.727727417731785 0
2006 -7.303641391952074 -6 0
2007 -8.782184835171243 -6 0
2008 -10.00089534455322 -6 0
2009 -1.91452564147082 -6.491289239280714 0
2010 -1.042720170968805 -6.936224489795919 0
2011 -2.732973403435704 -5.54072583782342 0
2012 -1.022681609174658 -6.240876116071428 0
2013 -1.048557577288087 -6.192885044642857 0
2014 -1.02587596811343 -6.152008928571428 0
2015 -1.025626188932986 -5.440912640566431 0
2016 -1.049432606180055 -5.389801124531445 0
2017 -1.023806417247069 -5.348888483965014 0
2018 -1.039023098080964 -6.431672014508928 0
2019 -1.061704707255622 -6.372548130580357 0
2020 -1.022681609174658 -6.340876116071429 0
2021 -10.50044767227661 -5.999999999999999 0
2022 -10.50044767227661 -6.5 0
2023 -10.50044767227661 -5.5 0
2024 -1.070330021509159 -5.025 0
2025 -4.78625611345164 -6.449319072638481 0
2026 -4.18083719672869 -6.449319072638481 0
2027 -9.761175950667024 -6.5 0
2028 -9.761175950667024 -5.5 0
2029 -3.66200822164897 -6.320829254377655 0
2030 -3.11411820359897 -5.987950885692658 0
2031 -3.330237720317216 -6.667121631315003 0
2032 -3.964717680010444 -5.770148327016137 0
2033 -1.135281926792982 -5.0875 0
2034 -1.385572278778879 -5.0875 0
2035 -6.195518645710147 -6.5 0
2036 -5.457816596445459 -6.5 0
2037 -5.457816596445459 -5.5 0
2038 -6.195518645710147 -5.5 0
2039 -4.18083719672869 -5.449319072638481 0
2040 -4.78625611345164 -5.449319072638481 0
2041 -5.155107138083983 -5.949319072638481 0
2042 -7.673277252756866 -6.5 0
2043 -6.934005531147283 -6.5 0
2044 -6.934005531147283 -5.5 0
2045 -7.673277252756866 -5.5 0
2046 -9.151820695976037 -6.5 0
2047 -8.41254897436645 -6.5 0
2048 -8.41254897436645 -5.5 0
2049 -9.151820695976037 -5.5 0
2050 -8.042913113561658 -6 0
2051 -6.565154506514938 -6 0
2052 -1.833970399070006 -5.363863708865892 0
2053 -2.211490469243174 -5.363863708865892 0
2054 -1.057249392176839 -6.894897959183673 0
2055 -1.091690106993561 -6.968112244897959 0
2056 -1.106219328201595 -6.926785714285714 0
2057 -2.155403264403633 -6.745644619640357 0
2058 -1.777883194230466 -6.745644619640357 0
2059 -3.229769188212479 -5.320829254377655 0
2060 -3.66200822164897 -5.320829254377655 0
2061 -1.047276824027596 -5.553412640566431 0
2062 -1.025626188932986 -5.515912640566431 0
2063 -1.021650635094611 -5.5875 0
2064 -1.058362818108105 -6.676112002418154 0
2065 -1.033044598054042 -6.638612002418155 0
2066 -1.025318220054063 -6.6875 0
2067 -9.391540089862232 -6 0
2068 -2.564627145386075 -5.27036291891171 0
2069 -2.873311537464968 -5.27036291891171 0
2070 -1.023806417247069 -5.273888483965015 0
2071 -1.023806417247069 -5.248888483965015 0
2072 -1.021650635094611 -5.6125 0
2073 -1.022681609174658 -6.265876116071428 0
2074 -1.025626188932986 -5.490912640566431 0
2075 -1.021650635094611 -5.6625 0
2076 -1.021650635094611 -5.6375 0
2077 -1.021650635094611 -5.8125 0
2078 -1.021650635094611 -5.7875 0
2079 -1.02587596811343 -6.077008928571429 0
2080 -1.02587596811343 -6.052008928571428 0
2081 -1.039023098080964 -6.506672014508928 0
2082 -1.039023098080964 -6.481672014508929 0
2083 -1.025318220054063 -6.7625 0
2084 -1.025318220054063 -6.7375 0
2085 -1.021650635094611 -5.8625 0
2086 -1.021650635094611 -5.8375 0
2087 -1.02587596811343 -6.127008928571429 0
2088 -1.02587596811343 -6.102008928571428 0
2089 -1.033044598054042 -6.613612002418154 0
2090 -1.035889306692436 -6.876785714285714 0
2091 -1.035889306692436 -6.851785714285715 0
2092 -1.023806417247069 -5.323888483965015 0
2093 -1.023806417247069 -5.298888483965015 0
2094 -1.022681609174658 -6.315876116071428 0
2095 -1.022681609174658 -6.290876116071429 0
2096 -1.025626188932986 -5.46591264056643 0
2097 -1.039023098080964 -6.456672014508928 0
2098 -1.025318220054063 -6.7125 0
2099 -1.173443586320337 -6.679447329838125 0
2100 -1.179422086347259 -6.5975073419289 0
2101 -1.072067696135006 -6.545284016927083 0
2102 -1.117138013647116 -5.83975878802861 0
2103 -1.202430449765624 -5.757376959993556 0
2104 -1.198226004209749 -5.648130092808834 0
2105 -1.206711125447951 -5.37037413238689 0
2106 -1.462379593659184 -5.282874132386889 0
2107 -1.021360085484402 -6.968112244897959 0
2108 -1.021360085484402 -6.943112244897959 0
2109 -2.897998686880725 -6.667121631315003 0
2110 -2.589314294801832 -6.667121631315003 0
2111 -1.655109245739079 -5.646737841252782 0
2112 -1.597661809001705 -6.611479947060328 0
2113 -1.461019361761351 -6.865835327419971 0
2114 -3.089431054183214 -5.591192173289365 0
2115 -2.75766055285146 -5.937484550226713 0
2116 -1.210729009775454 -6.865835327419971 0
2117 -2.379836727292802 -5.634226627777602 0
2118 -2.404523876708558 -6.030985340180895 0
2119 -1.97061284631036 -6.10950832850625 0
2120 -2.348436671869018 -6.412766250955359 0
2121 -1.240564471875819 -6.051549877847941 0
2122 -1.321652462438453 -5.859921182628164 0
2123 -1.637156063009734 -6.322691669881632 0
2124 -1.693243267849275 -5.940910759107167 0
2125 -1.218916340355289 -6.308719064750203 0
2126 -1.202574851448983 -6.217923166312703 0
2127 -1.32029223054062 -6.442882377661245 0
2128 -1.167385409097115 -5.52378677295332 0
2129 -1.165565637411198 -5.431762616351904 0
2130 -1.064951905283823 -5.1375 0
2131 -1.070330021509159 -5.05 0
2132 -1.064951905283823 -5.162500000000001 0
2133 -1.060671229601495 -5.949502827606667 0
2134 -1.060671229601495 -5.924502827606666 0
2135 -1.088758322530892 -5.236388483965015 0
2136 -1.033044598054042 -6.588612002418155 0
2137 -1.035889306692436 -6.826785714285714 0
2138 -1.0612075267465 -6.789285714285715 0
2139 -1.021360085484402 -6.918112244897959 0
2140 -1.082321864696106 -5.887002827606667 0
2141 -1.056466784045621 -5.740255960421944 0
2142 -1.056466784045621 -5.715255960421944 0
2143 -1.060671229601495 -5.974502827606666 0
2144 -1.064951905283823 -5.1875 0
2145 -1.165717208320358 -6.728335327419971 0
2146 -1.078117419140232 -5.777755960421945 0
2147 -1.176288294958731 -6.792621041705685 0
2148 -1.205769210387754 -6.129055978812703 0
2149 -1.078117419140232 -5.677755960421944 0
2150 -1.086547197714925 -6.026511756178095 0
2151 -1.16340985525874 -5.59537413238689 0
2152 1.043301270189222 -6.075 0
2153 1.047612834494139 -5.80108418367347 0
2154 1.044404527648868 -5.602775373542274 0
2155 1.043301270189222 -6.275 0
2156 1.043301270189222 -6.475 0
2157 1.050636440108127 -5.275 0
2158 1.043301270189222 -6.725 0
2159 1.267852540378443 -6.175 0
2160 1.056253888948337 -5.421709883998828 0
2161 2.782347702267225 -5.664251814345272 0
2162 1.309235213321159 -5.590621098634538 0
2163 4.483546655090188 -6.101361854723028 0
2164 1.108397690153554 -6.171355685131195 0
2165 1.113141633526532 -5.941776847413214 0
2166 1.076524837250814 -5.158333333333333 0
2167 1.247653070466284 -5.230810514818192 0
2168 1.129903810567646 -6.824999999999999 0
2169 1.155289747686793 -6.573884353161555 0
2170 1.100191141651699 -6.354106126356403 0
2171 3.445888704930737 -6.358341491244684 0
2172 5.82666762107783 -6.000000000000001 0
2173 1.995248245891093 -6.338916580803537 0
2174 7.303641391952096 -6.000000000000001 0
2175 8.782184835171259 -6.000000000000001 0
2176 10.00089534455322 -6 0
2177 1.898700889364081 -5.628131582297224 0
2178 2.726683042383949 -6.472301977278699 0
2179 1.022202263824434 -5.651387686771137 0
2180 1.046008681071504 -5.701929778607871 0
2181 1.023806417247069 -5.750542091836735 0
2182 1.028126944474169 -5.460854941999414 0
2183 1.050329208298603 -5.512242628770551 0
2184 1.022202263824434 -5.551387686771137 0
2185 10.50044767227661 -6.5 0
2186 10.50044767227661 -6 0
2187 10.50044767227661 -5.5 0
2188 1.070330021509159 -6.975 0
2189 1.070330021509159 -5.025 0
2190 4.786256113451667 -5.550680927361514 0
2191 4.18083719672871 -5.550680927361514 0
2192 9.761175950667031 -5.5 0
2193 9.761175950667031 -6.5 0
2194 3.662008221648984 -5.679170745622343 0
2195 3.114118203598981 -6.011296652794979 0
2196 3.330237720317228 -5.332125907172636 0
2197 3.964717680010462 -6.229851672983856 0
2198 1.135281926792982 -6.9125 0
2199 1.385572278778879 -6.9125 0
2200 1.142596779127219 -6.699442176580777 0
2201 1.398265247338452 -6.786942176580777 0
2202 5.457816596445487 -6.5 0
2203 6.195518645710172 -6.5 0
2204 6.195518645710173 -5.5 0
2205 5.457816596445488 -5.5 0
2206 4.18083719672871 -6.550680927361514 0
2207 4.786256113451666 -6.550680927361514 0
2208 1.108592440134567 -5.079166666666667 0
2209 1.038262418625408 -5.129166666666666 0
2210 1.070330021509159 -5.05 0
2211 5.155107138084009 -6.050680927361515 0
2212 1.575268996788943 -6.456400466982545 0
2213 1.818244496440602 -6.669458290401768 0
2214 7.673277252756888 -5.5 0
2215 6.934005531147307 -5.5 0
2216 6.934005531147306 -6.5 0
2217 7.673277252756887 -6.5 0
2218 8.412548974366469 -6.5 0
2219 9.151820695976049 -6.5 0
2220 9.151820695976049 -5.5 0
2221 8.412548974366469 -5.5 0
2222 8.042913113561678 -6.000000000000001 0
2223 6.565154506514963 -6.000000000000001 0
2224 2.195764566613772 -6.669458290401768 0
2225 2.147490888350266 -5.314065791148613 0
2226 1.769970818177097 -5.314065791148613 0
2227 3.229769188212488 -6.679170745622343 0
2228 3.662008221648984 -6.679170745622343 0
2229 1.053445164528232 -5.348354941999414 0
2230 1.028126944474169 -5.385854941999414 0
2231 1.025318220054063 -5.3125 0
2232 9.391540089862241 -6 0
2233 2.5614819648602 -6.736150988639349 0
2234 2.870166356939095 -6.736150988639349 0
2235 1.021650635094611 -6.7375 0
2236 1.021650635094611 -6.7625 0
2237 1.021650635094611 -6.4875 0
2238 1.021650635094611 -6.5125 0
2239 1.021650635094611 -6.0375 0
2240 1.021650635094611 -6.0625 0
2241 1.023806417247069 -5.775542091836734 0
2242 1.023806417247069 -5.800542091836735 0
2243 1.022202263824434 -5.626387686771137 0
2244 1.021650635094611 -6.2375 0
2245 1.021650635094611 -6.2625 0
2246 1.022202263824434 -5.576387686771137 0
2247 1.022202263824434 -5.601387686771137 0
2248 1.028126944474169 -5.435854941999414 0
2249 1.025318220054063 -5.2375 0
2250 1.025318220054063 -5.2625 0
2251 1.021650635094611 -6.0875 0
2252 1.021650635094611 -6.1125 0
2253 1.023806417247069 -5.825542091836735 0
2254 1.023806417247069 -5.850542091836735 0
2255 1.028126944474169 -5.410854941999414 0
2256 1.038262418625408 -5.154166666666667 0
2257 1.021650635094611 -6.6875 0
2258 1.021650635094611 -6.7125 0
2259 1.021650635094611 -6.4375 0
2260 1.021650635094611 -6.4625 0
2261 1.021650635094611 -6.2875 0
2262 1.021650635094611 -6.3125 0
2263 1.025318220054063 -5.2875 0
2264 1.127740444669247 -6.463995239758979 0
2265 1.18402184101507 -6.264553063178202 0
2266 1.211571144032618 -6.374442176580778 0
2267 1.631550393134768 -6.256958290401768 0
2268 2.897998686880733 -5.332125907172636 0
2269 2.589314294801838 -5.332125907172636 0
2270 1.190497086952488 -6.058388423706607 0
2271 1.211188423423845 -5.766198973023877 0
2272 1.288543876849801 -5.882810549317269 0
2273 3.086285873657343 -6.415321734261692 0
2274 2.754515372325587 -6.068276895811985 0
2275 1.60396805134262 -5.609376340465881 0
2276 1.475237980155636 -5.29531054931727 0
2277 1.444446908728198 -5.115405257409096 0
2278 1.194156556742302 -5.115405257409096 0
2279 1.278444141893722 -5.410715806726365 0
2280 2.360965644137521 -6.405609279041117 0
2281 2.388797974079159 -6.001584197574404 0
2282 1.946974567627587 -5.983524081550381 0
2283 2.340524295815653 -5.646191698321249 0
2284 1.583276714871262 -5.901565791148612 0
2285 1.176819870485014 -5.596698236088407 0
2286 1.178424023907649 -5.695852641154004 0
2287 1.064951905283823 -6.8625 0
2288 1.070330021509159 -6.95 0
2289 1.064951905283823 -6.837499999999999 0
2290 1.056570816763266 -5.945888423706608 0
2291 1.056570816763266 -5.970888423706607 0
2292 1.077644873843397 -6.586942176580777 0
2293 1.077644873843397 -6.611942176580778 0
2294 1.080377234010335 -5.871430515543341 0
2295 1.038262418625408 -5.179166666666667 0
2296 1.06358063867947 -5.216666666666667 0
2297 1.078221451857877 -6.008388423706608 0
2298 1.099295508938008 -6.649442176580777 0
2299 1.050095570825849 -6.352053063178202 0
2300 1.050095570825849 -6.377053063178201 0
2301 1.054198845076777 -6.160677842565597 0
2302 1.054198845076777 -6.185677842565598 0
2303 1.056570816763266 -5.920888423706607 0
2304 1.077644873843397 -6.561942176580778 0
2305 1.064951905283823 -6.8125 0
2306 1.149144755287205 -5.252905257409096 0
2307 1.151953479707311 -5.32626019940851 0
2308 1.110769661840044 -6.056566266272205 0
2309 1.075849480171388 -6.123177842565598 0
2310 1.086602540378434 -6.774999999999999 0
2311 1.162088953858549 -5.194571924075762 0
2312 1.182744551134748 -5.506165491316684 0
2313 1.07174620592046 -6.414553063178202 0
2314 1.075849480171388 -6.223177842565597 0
2315 1.07174620592046 -6.314553063178201 0
2316 1.099295508938008 -6.524442176580777 0
2317 1.104294415902626 -6.262730905743799 0
2318 1.188125115265999 -6.173177842565598 0
2319 0.02916666666666635 -4.926490396477445 0
2320 -0.4249999999999998 -4.956698729810779 0
2321 0.4804664723032069 -4.940332019155587 0
2322 1.390950395004215 -4.674863295287096 0
2323 -1.382192055634685 -4.614509648013827 0
2324 -2.567360262895709 -4.234210055352204 0
2325 2.673455056483812 -4.206871740804649 0
2326 2.936539900133539e-14 -1.223557176071861 0
2327 -0.5875 -4.95569311490539 0
2328 -0.7020833333333334 -4.940756550722955 0
2329 0.6222094960433154 -4.947025458369703 0
2330 0.802095913631711 -4.951946509919077 0
2331 -0.5730344236210034 -4.699284034205373 0
2332 -4.483546655090165 -4.101361854723037 0
2333 4.483546655090189 -4.101361854723027 0
2334 0.6630446956401352 -4.694753001764125 0
2335 7.327198476509932 -1.243220756532477 0
2336 -7.327198476509913 -1.243220756532481 0
2337 2.934328723975347 -1.232261308637729 0
2338 -2.934328723975304 -1.232261308637736 0
2339 8.85336865426985 -3.95678664904156 0
2340 -8.85336865426984 -3.956786649041561 0
2341 9.822657171184961 -1.870132774298233 0
2342 -9.822657171184954 -1.870132774298239 0
2343 1.961964377503671 -3.345042379496338 0
2344 -1.74468773634044 -3.342154863663509 0
2345 0.9373108299543071 -4.826201212945715 0
2346 -0.2747543029526257 -4.918103619181061 0
2347 -0.09632345453574516 -4.947092684410008 0
2348 0.001433105126773022 -4.600957899957914 0
2349 -0.4107121169438162 -3.67621892892737 0
2350 0.1507999673990627 -4.901563135069892 0
2351 -0.8946637265736278 -4.906818779117769 0
2352 3.314499517187948 -3.273280728249904 0
2353 4.859017632760583 -2.584687024929751 0
2354 5.834721323342966 -3.815282727400946 0
2355 -3.268303597937739 -3.276773699494867 0
2356 -4.854303763449321 -2.585043450567005 0
2357 -5.833935678457737 -3.815342131673825 0
2358 -1.466832565106974 -1.163814066896355 0
2359 -5.832147497307515 -1.254302898769603 0
2360 1.466832565107028 -1.180604227479863 0
2361 5.832933142192748 -1.254243494496722 0
2362 7.336114817364585 -3.790642731385922 0
2363 -7.335983876550364 -3.79065263209807 0
2364 -4.39999999999999 -1.229195884329842 0
2365 4.400000000000023 -1.22919588432983 0
2366 8.377628308315295 -2.524501021078733 0
2367 -8.37760960248468 -2.524502435466188 0
2368 -9.885727284388313 -3.162736976467666 0
2369 9.885730402026754 -3.162736740736419 0
2370 0.7333333333333673 -2.450871417748931 0
2371 -8.899021986141033 -1.043809327716152 0
2372 8.899025103779477 -1.043809091984907 0
2373 -6.617678271438768 -2.516324027137985 0
2374 6.618444319739559 -2.516266104604335 0
2375 -0.8481498475096357 -2.338925319288113 0
2376 0.3250000000000001 -4.783493649053891 0
2377 2.20000000000003 -2.176935462420658 0
2378 -2.289513392104553 -2.220178828491997 0
2379 1.814564625863473 -4.317066933373708 0
2380 0.8240988050535692 -4.152163190950565 0
2381 3.472655727724683 -4.316302864755516 0
2382 -3.442197585157012 -4.322469121914022 0
2383 3.689610022808241 -2.070927791542629 0
2384 -3.689610022808202 -2.070927791542627 0
2385 -10.0521104990878 -4.173904725101846 0
2386 10.05211112261549 -4.173904677955595 0
2387 -10.05100249813187 -0.8327884204028795 0
2388 10.05100312165956 -0.8327883732566277 0
2389 0.7121527048375131 -4.94948598414439 0
2390 0.7510479568158551 -4.975973254959539 0
2391 0.6611047480216574 -4.973512729184852 0
2392 -0.7010416666666663 -4.970378275361478 0
2393 -0.6447916666666667 -4.948224832814172 0
2394 -0.6437499999999996 -4.977846557452695 0
2395 -9.131668443436496 -2.843619705966927 0
2396 -9.854192227786633 -2.516434875382953 0
2397 -9.100133386834816 -2.197317604882214 0
2398 9.854193786605858 -2.516434757517326 0
2399 9.131679355171023 -2.843618880907576 0
2400 9.100142739750128 -2.197316897688483 0
2401 6.225688730966153 -1.885254799550529 0
2402 5.738730976250071 -2.550476564767043 0
2403 5.345975387476665 -1.919465259713237 0
2404 -5.735991017444045 -2.550683738852495 0
2405 -6.224912884373142 -1.885313462953794 0
2406 -5.343225630378418 -1.919673174668304 0
2407 -9.369547969329076 -3.559761812754613 0
2408 -8.615489128377259 -3.240644542253874 0
2409 9.369549528148301 -3.559761694888989 0
2410 8.615498481292573 -3.240643835060147 0
2411 -9.360839578662993 -1.456971051007196 0
2412 -8.638315794312856 -1.78415588159117 0
2413 8.638326706047387 -1.78415505653182 0
2414 9.360841137482218 -1.45697093314157 0
2415 6.226582821541262 -3.165774416002641 0
2416 5.346869478051774 -3.199984876165349 0
2417 -6.225806974948252 -3.165833079405905 0
2418 -5.344119720953529 -3.200192791120415 0
2419 5.461843447578056 -4.407641363700473 0
2420 6.199545496842742 -4.407641363700473 0
2421 -6.199152674400114 -4.407671065836912 0
2422 -5.461450625135425 -4.407671065836912 0
2423 -5.116073748653752 -1.241749391549723 0
2424 -4.627151881724656 -1.907119667448423 0
2425 4.629508816380303 -1.90694145462979 0
2426 5.116466571096385 -1.241719689413276 0
2427 -1.077699926642128 -3.509186896295439 0
2428 -0.8964520862892509 -4.145364288470599 0
2429 -1.563439895987563 -3.978332255838668 0
2430 5.159133989216578 -3.958322291061987 0
2431 4.786256113451667 -4.550680927361514 0
2432 -5.15874116677395 -3.958351993198431 0
2433 -4.78625611345164 -4.550680927361519 0
2434 4.086758574974265 -2.928983876589827 0
2435 4.671282143925386 -3.343024439826389 0
2436 3.899023086139068 -3.687321291486465 0
2437 -4.668925209269743 -3.343202652645021 0
2438 -4.061303680693531 -2.930908575030936 0
2439 -3.875925126513952 -3.689067777108952 0
2440 6.585418070353775 -3.802962729393434 0
2441 6.950242243853551 -4.395321365692961 0
2442 -6.950176773446428 -4.395326316049035 0
2443 -6.58495977750405 -3.802997381885947 0
2444 -9.187412605525335 -4.478393324520781 0
2445 -8.448140883915748 -4.478393324520781 0
2446 8.448140883915766 -4.478393324520781 0
2447 9.187412605525346 -4.478393324520781 0
2448 0.3666666666666978 -0.6117785880359303 0
2449 -0.3666666666666391 -0.6117785880359303 0
2450 -2.567164361987642 -0.616130654318868 0
2451 -3.300497695320979 -0.616130654318868 0
2452 -1.100082949220141 -0.5819070334481773 0
2453 -1.833416282553477 -0.5819070334481773 0
2454 -6.963599238254954 -0.6216103782662405 0
2455 -7.696932571588287 -0.6216103782662405 0
2456 -5.48274041532042 -0.6271514493848018 0
2457 -6.216073748653754 -0.6271514493848018 0
2458 1.833416282553529 -0.5903021137399316 0
2459 1.100082949220197 -0.5903021137399316 0
2460 3.300497695321019 -0.6161306543188643 0
2461 2.567164361987689 -0.6161306543188643 0
2462 7.696932571588304 -0.6216103782662386 0
2463 6.963599238254973 -0.6216103782662386 0
2464 6.216466571096381 -0.6271217472483612 0
2465 5.483133237763051 -0.6271217472483612 0
2466 -7.68944849505601 -4.395326316049035 0
2467 7.689513965463132 -4.395321365692961 0
2468 -9.936829834658409 -1.35146059735056 0
2469 -9.475012242136449 -0.9382988740595157 0
2470 9.475014112719517 -0.9382987326207672 0
2471 9.93683014642226 -1.351460573777431 0
2472 2.638231947345809 -3.309161553873121 0
2473 2.99397728683588 -3.740076234527276 0
2474 2.317709716993742 -3.775957060150494 0
2475 -2.917831930416724 -3.755491877423536 0
2476 -2.506495667139089 -3.309464281579188 0
2477 -2.156023999618074 -3.788182459507857 0
2478 -2.200580644541139 -1.198037687767045 0
2479 -0.7334162825534725 -1.193685621484108 0
2480 0.7334162825535288 -1.202080701775862 0
2481 -6.579672986908714 -1.248761827651042 0
2482 2.200580644541188 -1.206432768058796 0
2483 6.58006580935134 -1.2487321255146 0
2484 -1.296418791925038 -2.840540091475811 0
2485 -0.629430982226726 -3.007572124107742 0
2486 -3.667164361987647 -1.230728596483789 0
2487 -4.033333333333322 -0.614597942164921 0
2488 -4.766666666666658 -0.614597942164921 0
2489 4.033333333333356 -0.6145979421649148 0
2490 3.667164361987685 -1.230728596483779 0
2491 4.766666666666689 -0.6145979421649148 0
2492 -2.481820575116078 -4.617105027676102 0
2493 -1.974776159265197 -4.424359851683016 0
2494 -1.889236471485566 -4.807254824006914 0
2495 -8.094676265410101 -3.873719640569815 0
2496 8.094741735817218 -3.873714690213741 0
2497 9.792168227496447 -0.4163941866283141 0
2498 9.216179218556409 -0.5219045459924536 0
2499 -9.792167915732598 -0.4163942102014397 0
2500 -9.216177659737182 -0.521904663858076 0
2501 -1.138427891104157 -4.760664213565798 0
2502 -0.947331863286814 -4.953409389558884 0
2503 -1.191096027817343 -4.807254824006914 0
2504 -8.482844326403846 -0.521904663858076 0
2505 8.482845885223078 -0.5219045459924536 0
2506 -0.7983735299534807 -4.923787664920362 0
2507 -0.7338490750973157 -4.803051406661571 0
2508 -0.6375588784771684 -4.820020292464164 0
2509 -9.452739576678818 -4.065345687071703 0
2510 -9.968918891738054 -3.668320850784756 0
2511 9.968920762321121 -3.668320709346007 0
2512 9.452739888442668 -4.065345663498578 0
2513 -0.4918732702824098 -4.187751481566371 0
2514 -0.9776132396278444 -4.6568968411096 0
2515 -7.856796739517522 -3.157577533782129 0
2516 7.85687156283994 -3.157571876232327 0
2517 -0.05740825708813424 -2.394898368518522 0
2518 0.1613106081947755 -3.063545173338151 0
2519 -9.786783527934313 -4.586952362550923 0
2520 9.786783839698163 -4.586952338977797 0
2521 -6.972438373974341 -1.879772391835233 0
2522 6.972821398124745 -1.879743430568406 0
2523 4.18083719672871 -4.550680927361514 0
2524 -4.18083719672869 -4.550680927361519 0
2525 -8.113110231325473 -1.143515042124317 0
2526 8.113111790144705 -1.143514924258692 0
2527 1.100082949220198 -1.815737822614397 0
2528 0.3666666666666983 -1.837214296910396 0
2529 7.852413392412613 -1.883860888805605 0
2530 -7.852404039497297 -1.883861595999335 0
2531 6.977279568552072 -3.153454417995128 0
2532 -6.976831073994566 -3.153488329618027 0
2533 7.498036314027427 -2.520383562841534 0
2534 -7.497643936961724 -2.520413231302086 0
2535 -10.44286364219416 -2.831368488233836 0
2536 -10.44286364219416 -3.456368488233834 0
2537 -10.41132858559248 -1.560066387149122 0
2538 -10.41132858559248 -2.185066387149123 0
2539 10.44286520101338 -3.456368370368207 0
2540 10.44286520101338 -2.831368370368206 0
2541 10.41132858559248 -2.185066387149114 0
2542 10.41132858559248 -1.560066387149116 0
2543 -0.4240749237548032 -1.781241247679987 0
2544 0.4127659550901712 -4.37656054545424 0
2545 0.5745494025267847 -4.467828420002228 0
2546 0.1632165525633866 -4.692225774505902 0
2547 -2.778908495021146 -2.748476263993432 0
2548 -2.017100564222496 -2.781166846077753 0
2549 2.08098218875185 -2.760988920958498 0
2550 2.757249758593989 -2.725108095335281 0
2551 -1.568831619807094 -2.279552073890055 0
2552 -10.5260552495439 -4.586952362550923 0
2553 10.52605556130774 -4.586952338977797 0
2554 -3.47895681037297 -2.673850745518747 0
2555 -2.989561707456377 -2.145553310017312 0
2556 2.944805011404136 -2.123931626981643 0
2557 3.502054769998094 -2.672104259896266 0
2558 -1.261426049326502 -4.807254824006914 0
2559 -10.52550124906593 -0.4163942102014397 0
2560 10.52550156082978 -0.4163941866283141 0
2561 1.466666666666699 -2.313903440084795 0
2562 1.347648855418519 -2.897956898622635 0
2563 1.833416282553529 -1.678769844950261 0
2564 -1.157491206308305 -1.751369693092234 0
2565 0.7435717503468522 -4.423458096357345 0
2566 0.4940223478200677 -4.739123325409007 0
2567 3.978101191407436 -4.208832359739271 0
2568 3.393577622456315 -3.79479179650271 0
2569 -3.355250591547375 -3.799621410704444 0
2570 -3.962872120123588 -4.21191548831853 0
2571 -1.878172978605764 -1.691996447694176 0
2572 0.8807048175039383 -4.48918220194814 0
2573 0.8001777627972212 -4.76047710735492 0
2574 -4.271956893128761 -2.327985621054816 0
2575 4.274313827784412 -2.32780740823619 0
2576 0.7787160691934683 -3.301517304349749 0
2577 0.2066933440548765 -3.914191059938968 0
2578 -3.311969373391753 -1.651594550090181 0
2579 -2.611921058039929 -1.726220068564866 0
2580 3.311969373391794 -1.651594550090179 0
2581 2.567164361987689 -1.704598385529194 0
2582 -3.00477892402636 -4.278339588633113 0
2583 3.073055392104248 -4.261587302780082 0
2584 2.244009841173642 -4.261969337089178 0
2585 1.888264501683572 -3.831054656435023 0
2586 1.107524600028892 -4.413513243118831 0
2587 1.164130612479261 -4.750532254116406 0
2588 -4.044805011404096 -1.650061837936234 0
2589 4.044805011404132 -1.650061837936229 0
2590 -0.2046395059085216 -4.138588414442642 0
2591 -10.5260552495439 -3.961952362550924 0
2592 10.52605556130774 -3.961952338977795 0
2593 -10.52550124906593 -1.041394210201442 0
2594 10.52550156082978 -1.041394186628313 0
2595 1.319331715458521 -4.234615062162137 0
2596 1.39303159127862 -3.748602785223452 0
2597 1.602757510433844 -4.495965114330402 0
2598 1.727902686426793 -4.658533466686854 0
2599 2.105422756599962 -4.658533466686854 0
2600 3.243152699609462 -4.658151432377758 0
2601 3.675391733045957 -4.658151432377758 0
2602 -3.660162661762113 -4.661234560957011 0
2603 -3.227923628325622 -4.661234560957011 0
2604 -0.54375 -4.977846557452695 0
2605 -0.5062499999999999 -4.956195922358084 0
2606 -0.4624999999999999 -4.978349364905389 0
2607 0.5513379841732612 -4.943678738762645 0
2608 0.5861047480216581 -4.973512729184852 0
2609 0.5152332361516039 -4.970166009577794 0
2610 -0.1855388787441854 -4.932598151795535 0
2611 -0.1481617272678722 -4.973546342205005 0
2612 -0.2373771514763125 -4.95905180959053 0
2613 0.9686554149771536 -4.913100606472858 0
2614 1.038985436486313 -4.913100606472858 0
2615 -0.2858006592471152 -4.650120967081643 0
2616 0.8260479568158553 -4.975973254959539 0
2617 0.8510479568158557 -4.975973254959539 0
2618 -0.1231617272678728 -4.973546342205005 0
2619 -0.0981617272678724 -4.973546342205005 0
2620 -0.4125000000000001 -4.978349364905389 0
2621 -0.3874999999999997 -4.978349364905389 0
2622 -0.6187500000000001 -4.977846557452695 0
2623 -0.5937499999999998 -4.977846557452695 0
2624 0.4902332361516035 -4.970166009577794 0
2625 -0.7260416666666667 -4.970378275361478 0
2626 0.7760479568158555 -4.975973254959539 0
2627 0.8010479568158558 -4.975973254959539 0
2628 -0.07316172726787293 -4.973546342205005 0
2629 -0.04816172726787258 -4.973546342205005 0
2630 -0.4374999999999996 -4.978349364905389 0
2631 -0.5687500000000003 -4.977846557452695 0
2632 0.636104748021658 -4.973512729184852 0
2633 0.6111047480216576 -4.973512729184852 0
2634 -0.8723318632868138 -4.953409389558884 0
2635 -0.8473318632868143 -4.953409389558884 0
2636 -0.9223318632868136 -4.953409389558884 0
2637 -0.8973318632868141 -4.953409389558884 0
2638 0.4402332361516036 -4.970166009577794 0
2639 0.4652332361516031 -4.970166009577794 0
2640 0.03958333333333353 -4.963245198238722 0
2641 0.06458333333333299 -4.963245198238722 0
2642 0.175399983699531 -4.950781567534946 0
2643 0.2003999836995313 -4.950781567534946 0
2644 -0.2623771514763128 -4.95905180959053 0
2645 2.534867971910131 -4.603435870402325 0
2646 2.843552363989026 -4.603435870402325 0
2647 -2.790504967194971 -4.617105027676102 0
2648 -1.511716401312399 -4.807254824006914 0
2649 1.265805219011267 -4.837431647643548 0
2650 1.516095570997164 -4.837431647643548 0
2651 -0.5802672118105017 -4.827488574555382 0
2652 0.6426270958417253 -4.820889230066914 0
2653 0.7325703046359231 -4.823349755841601 0
2654 0.1503999836995315 -4.950781567534946 0
2655 -0.2873771514763132 -4.95905180959053 0
2656 0.3374999999999999 -4.891746824526946 0
2657 0.3625000000000003 -4.891746824526946 0
2658 0.2875000000000001 -4.891746824526946 0
2659 0.3125000000000004 -4.891746824526946 0
2660 0.9436554149771532 -4.913100606472858 0
2661 0.8697033717930091 -4.889073861432396 0
2662 -0.0335783939345394 -4.936791540443727 0
2663 0.01458333333333317 -4.963245198238722 0
2664 -0.7510416666666671 -4.970378275361478 0
2665 0.9186554149771538 -4.913100606472858 0
2666 -0.3123771514763126 -4.95905180959053 0
2667 0.1253999836995311 -4.950781567534946 0
2668 0.4027332361516035 -4.861912834104739 0
2669 -0.1366605989129263 -4.759530759569487 0
2670 -0.4238943632868145 -4.808693826693217 0
2671 -0.04744517470448607 -4.774025292183961 0
2672 -0.3498771514763127 -4.93740117449592 0
2673 0.0899833170328645 -4.914026765773668 0
2674 0.2378999836995314 -4.842528392061892 0
2675 -0.4990172118105016 -4.827991382008076 0
2676 0.571755583971671 -4.817542510459856 0
2677 0.01529988589671968 -4.763724148217679 0
2678 0.07611653626291784 -4.751260517513903 0
2679 -0.8785698770022838 -5.049468861046458 0
2680 0.8785698770022835 -5.049468861046458 0
2681 0.8749999999999991 -6.956698729810778 0
2682 -0.8745913491193609 -6.956934664506719 0
2683 0.6249999999999997 -5.043301270189222 0
2684 -0.6746783255246122 -5.046871467507189 0
2685 0.3249999999999998 -5.041182714343336 0
2686 -0.07499999999999998 -5.043301270189222 0
2687 -0.5750000000000007 -5.043301270189221 0
2688 -0.3749999999999997 -5.043301270189221 0
2689 0.5250000000000005 -5.156698729810778 0
2690 -0.8433012701892211 -5.774999999999999 0
2691 -0.625 -6.958817285656665 0
2692 -0.3749999999999996 -6.958817285656665 0
2693 0.8433012701892213 -5.775000000000001 0
2694 0.02500000000000058 -5.156698729810778 0
2695 -0.1249999999999996 -6.958817285656665 0
2696 0.1250000000000002 -6.958817285656665 0
2697 0.1249999999999998 -5.043301270189222 0
2698 0.6249999999999997 -6.958817285656665 0
2699 0.3750000000000002 -6.958817285656665 0
2700 -0.1749999999999998 -5.043301270189221 0
2701 -0.4749999999999994 -5.156698729810778 0
2702 0.4249999999999996 -5.043301270189222 0
2703 -0.7746465412507697 -5.046177291933336 0
2704 0.7750000000000006 -5.043301270189222 0
2705 -0.5250000000000005 -6.843301270189222 0
2706 -0.269484353970916 -6.842261750111243 0
2707 0.2249999999999994 -6.843301270189222 0
2708 -0.9588172856566649 -5.625 0
2709 -0.9588172856566649 -5.875 0
2710 -0.9566987298107782 -6.125 0
2711 -0.8441907163120795 -6.219801360314799 0
2712 -0.8438558308554938 -6.428939747163632 0
2713 -0.8438558308554942 -6.571060252836369 0
2714 -0.8472435286060681 -6.730531135175908 0
2715 -0.02500000000000037 -6.843301270189222 0
2716 -0.9566987298107782 -5.175000000000001 0
2717 0.9566987298107782 -5.225 0
2718 -0.956144169144506 -5.271060252836368 0
2719 -0.9566987298107783 -5.375 0
2720 -0.8425851470918098 -5.476084617520478 0
2721 -0.9566987298107782 -5.975 0
2722 -0.8411827143433347 -6.324999999999999 0
2723 0.9566987298107781 -5.425 0
2724 -0.9555601813373313 -6.825513315498097 0
2725 0.9576108593389213 -6.773420145314172 0
2726 0.9566987298107782 -6.675 0
2727 0.8441907163120798 -6.4698013603148 0
2728 0.8422617501112425 -6.380515646029085 0
2729 0.8433012701892219 -6.125000000000001 0
2730 0.8433012701892219 -5.975000000000001 0
2731 0.8422617501112426 -5.880515646029085 0
2732 0.8433012701892219 -5.625000000000001 0
2733 0.8422617501112426 -5.330515646029085 0
2734 0.4749999999999994 -6.843301270189222 0
2735 0.8422617501112426 -6.580515646029085 0
2736 0.9566987298107782 -6.275 0
2737 0.7750000000000001 -6.956698729810778 0
2738 -0.7749999999999999 -6.956698729810778 0
2739 0.9566987298107782 -5.525 0
2740 0.2249999999999995 -5.043301270189223 0
2741 -0.2749999999999998 -5.046700031861059 0
2742 0.9551851937522278 -6.879336282735329 0
2743 0.9566987298107782 -5.125 0
2744 0.2750000000000007 -5.156698729810778 0
2745 -0.219801360314798 -5.15580928368792 0
2746 0.6750000000000003 -5.156698729810778 0
2747 -0.1805156460290848 -6.842261750111243 0
2748 -0.4250000000000006 -6.843301270189222 0
2749 -0.1249999999999993 -5.156698729810778 0
2750 0.07499999999999936 -6.843301270189222 0
2751 0.3249999999999991 -6.843301270189222 0
2752 0.9577382498887566 -5.730515646029085 0
2753 0.9566987298107782 -6.075 0
2754 -0.9588172856566652 -5.525 0
2755 -0.9566987298107782 -6.475 0
2756 -0.9574107147894899 -6.677793356582542 0
2757 -0.8433012701892219 -6.075 0
2758 -0.8433012701892219 -5.575 0
2759 0.5250000000000001 -6.956698729810778 0
2760 -0.9588172856566649 -6.375 0
2761 -0.8422617501112426 -5.930515646029084 0
2762 -0.9566987298107781 -5.725000000000001 0
2763 -0.7250000000000001 -6.843301270189222 0
2764 -0.843301270189222 -5.225000000000001 0
2765 -0.8433012701892219 -5.175000000000001 0
2766 -0.9566987298107782 -6.275 0
2767 0.9566987298107781 -6.425 0
2768 0.9566987298107782 -6.175 0
2769 0.9566987298107782 -5.925 0
2770 0.8441907163120796 -5.4698013603148 0
2771 0.8417582756498395 -6.72621337843627 0
2772 -0.843855830855494 -5.678939747163632 0
2773 -0.8443419817259008 -5.324682993656117 0
2774 0.1750000000000007 -5.156698729810778 0
2775 0.843855830855494 -6.221060252836369 0
2776 0.3801986396852017 -5.15580928368792 0
2777 0.9561441691445057 -5.821060252836369 0
2778 0.958817285656665 -6.525 0
2779 -0.3289397471636305 -5.156144169144506 0
2780 -0.7252699054676762 -5.157503051310609 0
2781 0.7185650796327347 -6.84135919065946 0
2782 -0.6210602528363686 -5.156144169144506 0
2783 0.5694843539709152 -6.842261750111243 0
2784 -0.4749999999999996 -6.956698729810778 0
2785 -0.2249999999999996 -6.956698729810778 0
2786 0.02500000000000036 -6.956698729810778 0
2787 0.2750000000000003 -6.956698729810778 0
2788 0.8433012701892219 -5.225000000000001 0
2789 0.845002736755865 -5.17698337365924 0
2790 -0.958817285656665 -6.574999999999999 0
2791 0.9566987298107782 -5.625 0
2792 0.956698729810778 -5.325 0
2793 0.5250000000000004 -5.043301270189221 0
2794 0.02500000000000036 -5.043301270189221 0
2795 -0.4750000000000001 -5.043301270189222 0
2796 -0.6289397471636319 -6.843855830855494 0
2797 0.7684219106122061 -5.158388651291522 0
2798 -0.8029706255743656 -5.148105913045805 0
2799 -0.9547151376279602 -6.92040871904713 0
2800 -0.957738072124161 -5.079756525469325 0
2801 -0.8444014008940355 -5.125732255379161 0
2802 -0.8846673396500259 -5.150122042563194 0
2803 0.8847675622936642 -5.20033056227654 0
2804 0.8853008805740675 -5.255562869211448 0
2805 0.8844617326128674 -5.150385655989297 0
2806 0.8433012701892217 -5.125 0
2807 -0.800960712128617 -5.095788249369424 0
2808 0.9299038105676656 -5.175 0
2809 -0.8838968220058978 -5.101903042351871 0
2810 -0.9269300827209921 -5.126655583753949 0
2811 0.8830011852531379 -5.101303525256925 0
2812 -0.5250000000000011 -5.043301270189222 0
2813 -0.550000000000002 -5.086602540378443 0
2814 -0.6000000000000021 -5.086602540378442 0
2815 -0.5777594158701364 -5.127462195874556 0
2816 -0.5250000000000027 -5.129903810567665 0
2817 0.9247881315359554 -6.957661397747207 0
2818 0.907769393998681 -6.909258613733947 0
2819 0.8512948989997777 -6.912707651973623 0
2820 0.8749999999999954 -6.870096189432336 0
2821 0.8196693395423101 -6.869221260549849 0
2822 0.8486937770658629 -6.82577173665769 0
2823 0.8984268063972009 -6.826659098183866 0
2824 0.8768240515039325 -6.774166440737551 0
2825 0.8250000000000001 -5.043301270189221 0
2826 0.8000000000000015 -5.086602540378443 0
2827 0.7484961595937665 -5.085020333376344 0
2828 0.7247493599322947 -5.043037569022205 0
2829 0.6997075865876768 -5.084176333171039 0
2830 0.7232247565669641 -5.128064063895169 0
2831 0.6749094910866615 -5.042852952126818 0
2832 0.6499361796123886 -5.084004896987588 0
2833 0.5999893632687308 -5.086169599813299 0
2834 0.624999999999997 -5.129903810567665 0
2835 0.5666648938781221 -5.124329536824771 0
2836 -0.4249999999999997 -5.043301270189222 0
2837 -0.3999999999999991 -5.086602540378443 0
2838 -0.3499999999999991 -5.086602540378442 0
2839 -0.3722405841298642 -5.127462195874556 0
2840 -0.424999999999998 -5.129903810567666 0
2841 -0.825 -5.043301270189222 0
2842 -0.7469596408403886 -5.085416498263321 0
2843 -0.7262737180819407 -5.04284494485325 0
2844 -0.7249999999999999 -6.956698729810778 0
2845 -0.7499999999999996 -6.915516015467443 0
2846 -0.7999999999999994 -6.913750552262536 0
2847 -0.6999999999999994 -6.915869108108424 0
2848 -0.7749999999999986 -6.870096189432334 0
2849 -0.8272682537005969 -6.871464615090461 0
2850 -0.850309933803326 -6.913723701787397 0
2851 -0.8754296979173193 -6.870378634069661 0
2852 -0.8464459649023574 -6.82311202828686 0
2853 -0.9007358502257744 -6.825868614530584 0
2854 -0.8759131745600934 -6.779481713895809 0
2855 -0.9254912030090823 -6.871761123794505 0
2856 -0.9250136474756061 -6.780737757119469 0
2857 -0.9006911992304707 -6.737904753716459 0
2858 -0.8826432253486632 -6.690463662638639 0
2859 -0.95348094271247 -6.732205252483814 0
2860 -0.525 -6.956698729810778 0
2861 -0.4999999999999997 -6.915516015467443 0
2862 -0.5555156460290844 -6.914739630534662 0
2863 -0.4499999999999991 -6.915869108108424 0
2864 -0.4749999999999996 -6.870096189432334 0
2865 -0.2750000000000003 -6.956698729810778 0
2866 -0.2477317462994014 -6.914707036506187 0
2867 -0.3013031748708301 -6.913237241035187 0
2868 -0.2018902114171649 -6.914925299320292 0
2869 -0.2249999999999998 -6.870096189432334 0
2870 -0.02500000000000035 -6.956698729810778 0
2871 -2.139492287038062e-17 -6.915516015467443 0
2872 -0.05551564602908461 -6.914739630534663 0
2873 0.0500000000000005 -6.915869108108424 0
2874 0.0250000000000002 -6.870096189432334 0
2875 0.2249999999999996 -6.956698729810778 0
2876 0.2499999999999998 -6.915516015467443 0
2877 0.1944843539709152 -6.914739630534663 0
2878 0.3000000000000004 -6.915869108108424 0
2879 0.2749999999999997 -6.870096189432334 0
2880 0.4749999999999998 -6.956698729810778 0
2881 0.4999999999999999 -6.915516015467443 0
2882 0.4444843539709155 -6.914739630534662 0
2883 0.5477317462994018 -6.915060129147168 0
2884 0.5242044452485096 -6.87072155941398 0
2885 0.4240807256618191 -6.959394073449831 0
2886 0.7249999999999996 -6.956698729810778 0
2887 0.7499999999999999 -6.913397459621557 0
2888 0.694484353970915 -6.914436979699536 0
2889 0.4749999999999998 -5.043301270189222 0
2890 0.4499999999999988 -5.086602540378443 0
2891 0.3960602528363679 -5.087157101044715 0
2892 0.4205534964664257 -5.126417484149592 0
2893 0.4743647852094898 -5.130333414283114 0
2894 -0.1749999999999993 -6.956698729810778 0
2895 0.07500000000000043 -6.957463763866238 0
2896 -0.1486428190886793 -6.913571072272329 0
2897 0.1055156460290845 -6.915202013754994 0
2898 -0.125 -5.043301270189221 0
2899 -0.15 -5.084483984532556 0
2900 -0.1989153824795225 -5.085794504369488 0
2901 -0.1749999999999999 -5.129903810567665 0
2902 0.3250000000000004 -6.957463763866238 0
2903 0.3555156460290847 -6.915202013754994 0
2904 0.574621957716567 -6.957328934039362 0
2905 0.6012491688303391 -6.913680362851681 0
2906 0.1749999999999996 -5.043301270189222 0
2907 0.1999999999999995 -5.084483984532557 0
2908 0.2499999999999993 -5.084130891891577 0
2909 0.2249999999999988 -5.129903810567666 0
2910 0.1499999999999992 -5.084130891891576 0
2911 0.09999999999999921 -5.086190598963965 0
2912 0.1305156460290834 -5.128452349075208 0
2913 0.07027230340364203 -5.128598090074409 0
2914 -0.6749999999999995 -6.957463763866238 0
2915 -0.6448013603147985 -6.913273047554157 0
2916 -0.6749999999999988 -6.870096189432335 0
2917 -0.4499999999999997 -5.084483984532557 0
2918 -0.5000000000000011 -5.084130891891576 0
2919 -0.07726825370059884 -6.841991693304592 0
2920 -0.9566987298107785 -5.425000000000001 0
2921 -0.9133974596215565 -5.4 0
2922 -0.9125080134986985 -5.455198639685202 0
2923 -0.9155160154674432 -5.350000000000001 0
2924 -0.8715870334221083 -5.369439067350362 0
2925 -0.8750660367470584 -5.420772951172594 0
2926 -0.9566987298107783 -5.775 0
2927 -0.9155160154674431 -5.750000000000001 0
2928 -0.9147396305346617 -5.805515646029084 0
2929 -0.9128106643338245 -5.694801360314798 0
2930 -0.8700961894323342 -5.725000000000001 0
2931 -0.9570518224517591 -5.925 0
2932 -0.9133974596215564 -5.9 0
2933 -0.9566987298107783 -6.025 0
2934 -0.9133974596215563 -6 0
2935 -0.9155160154674429 -6.05 0
2936 -0.8759513990553518 -6.033333333333333 0
2937 -0.8691630841968041 -5.978922643080859 0
2938 -0.9566987298107785 -6.175 0
2939 -0.9133974596215563 -6.15 0
2940 -0.9128428989552838 -6.203939747163632 0
2941 -0.8735825158504068 -6.179446503533574 0
2942 -0.8696665857168853 -6.125635214790511 0
2943 -0.9570518224517595 -6.525 0
2944 -0.9134563083950532 -6.5 0
2945 -0.9125164204663404 -6.444801360314798 0
2946 -0.8700961894323342 -6.475000000000001 0
2947 -0.8725428082728495 -6.527759415870134 0
2948 0.956850751398802 -6.724736690885695 0
2949 0.9155413523987802 -6.699956115147616 0
2950 0.9137547750844266 -6.649992685857936 0
2951 0.8700961894323342 -6.675000000000001 0
2952 0.8724326370096787 -6.622373967184576 0
2953 0.9151559970128897 -6.601829362541017 0
2954 0.9591703782976461 -6.475 0
2955 0.9130951079845562 -6.453939747163632 0
2956 0.9146566445666873 -6.40292487822787 0
2957 0.8708847869449367 -6.425685180476864 0
2958 0.9588172856566649 -6.225 0
2959 0.9128106643338245 -6.205198639685202 0
2960 0.915418216252821 -6.150866439947534 0
2961 0.8700961894323342 -6.175 0
2962 0.9566987298107782 -5.975 0
2963 0.9155160154674429 -5.95 0
2964 0.915869108108424 -6 0
2965 0.9150601291471682 -5.902268253700599 0
2966 0.8707215594139792 -5.925795554751491 0
2967 0.9588172856566649 -5.475 0
2968 0.9130590781232315 -5.453939747163632 0
2969 0.9133410627051686 -5.400656624527272 0
2970 0.8700961894323341 -5.425000000000001 0
2971 0.8723974573855922 -5.372430424554418 0
2972 0.9602585598710234 -5.072215946380878 0
2973 0.8433936969669331 -6.27434337547273 0
2974 0.8866025403784434 -6.250000000000003 0
2975 0.8811158278593587 -6.308223895912123 0
2976 -0.8404675935322978 -6.624591536455318 0
2977 -0.8866025403784435 -6.600000000000001 0
2978 -0.4249999999999992 -6.957463763866238 0
2979 -0.3944843539709148 -6.915202013754994 0
2980 0.958008306695409 -5.277268253700599 0
2981 0.9123578790963419 -5.301435738188461 0
2982 -0.1262973166216142 -6.840791198182901 0
2983 -0.1007933285849485 -6.885993452301901 0
2984 -0.9132190300845382 -6.555592841952364 0
2985 -0.5759192743381808 -6.959394073449831 0
2986 -0.8249835471537811 -6.956851274727906 0
2987 -0.9005142360322025 -6.915220196865306 0
2988 -0.3252171958118051 -6.959143675199918 0
2989 -0.07591927433818083 -6.959394073449831 0
2990 0.1740807256618191 -6.959394073449831 0
2991 0.6740807256618186 -6.959343631643977 0
2992 -0.02500000000000005 -5.043301270189222 0
2993 -0.05000000000000075 -5.086602540378443 0
2994 4.75892473576304e-16 -5.084483984532556 0
2995 -0.02500000000000139 -5.129903810567665 0
2996 -0.08333333333333344 -5.124401693585629 0
2997 0.2749999999999997 -5.042536236133763 0
2998 0.3055156460290843 -5.084797986245006 0
2999 0.8433012701892213 -5.725000000000001 0
3000 0.8852929634938121 -5.7522682537006 0
3001 0.8867627589648129 -5.69869682512917 0
3002 0.8871042287432774 -5.803944768520104 0
3003 0.9285403392394584 -5.776112703012308 0
3004 0.8410930757244773 -5.826576735758199 0
3005 -0.8419916933045903 -5.827268253700598 0
3006 -0.9566987298107789 -5.325 0
3007 -0.9574049150927404 -5.575 0
3008 -0.9133974596215564 -5.550000000000001 0
3009 -0.9570518224517591 -6.075 0
3010 -0.959170378297646 -6.325 0
3011 -0.9133974596215564 -6.35 0
3012 0.9571106712252559 -6.025 0
3013 0.9589905390029944 -5.675919274338181 0
3014 0.9133974596215564 -5.65 0
3015 0.9188995766035926 -5.591666666666667 0
3016 -0.6750000000000003 -5.156698729810778 0
3017 -0.6531402014048656 -5.118306551902505 0
3018 -0.7077590404831035 -5.114905252458646 0
3019 0.8434495112096979 -5.524133560052467 0
3020 0.8866025403784437 -5.500000000000001 0
3021 0.8820421497301592 -5.556800037786523 0
3022 0.8412094174410633 -5.674782804188196 0
3023 -0.8409220484800658 -6.375656624527272 0
3024 -0.8866025403784432 -6.399999999999999 0
3025 -0.8433012701892213 -6.274999999999999 0
3026 -0.8866025403784434 -6.299999999999999 0
3027 -0.8407911981828997 -5.876297316621613 0
3028 -0.8859869961879741 -5.850843797917343 0
3029 -0.8410633604937665 -5.525180769586746 0
3030 -0.8866025403784434 -5.5 0
3031 -0.5779248782278706 -6.842084120082303 0
3032 -0.6004894146263311 -6.886110160686918 0
3033 0.9149079182581296 -5.352188718245624 0
3034 0.3281346936481329 -5.157860065674932 0
3035 0.3514156045998271 -5.11457506911634 0
3036 -0.8841614510778206 -5.2000203404272 0
3037 -0.8866025403784442 -5.25 0
3038 -0.9299038105676659 -5.225 0
3039 -0.9587248588789525 -6.225656624527272 0
3040 0.8407925176962758 -5.276846419206755 0
3041 0.3743433754727277 -5.040922048480065 0
3042 0.4998941308682489 -5.084555585151797 0
3043 -0.9592890424607647 -6.625465559430424 0
3044 -0.9133974596215563 -6.65 0
3045 0.9570513719531453 -6.625303674733159 0
3046 0.9569085939683 -6.375487479704645 0
3047 0.9124762067064633 -6.350035110864033 0
3048 0.9570355225826557 -6.125144406657922 0
3049 0.9159089403679666 -6.100168474434243 0
3050 0.914296638062849 -6.050028079072374 0
3051 0.8700961894323342 -6.075 0
3052 0.9566987298107783 -5.875 0
3053 0.9569410734308088 -5.375474223795483 0
3054 0.1727317462994008 -6.841991693304592 0
3055 -0.9590725790830241 -5.674133560052466 0
3056 0.958698720863736 -6.325087098428113 0
3057 0.8411577020174815 -6.525052834390648 0
3058 0.8866025403784433 -6.500000000000002 0
3059 0.8761601109023975 -6.016671346512062 0
3060 -0.9590235384384433 -6.424133560052466 0
3061 0.9494844558564186 -6.826429791456092 0
3062 0.9566987298107785 -6.575 0
3063 0.9136040290855565 -6.548634126392087 0
3064 0.959734305153671 -5.573611111111111 0
3065 -0.3240807256618197 -6.841009460997006 0
3066 -0.8412751411210471 -5.625656624527272 0
3067 -0.8866025403784434 -5.649999999999999 0
3068 -0.8421651452273708 -5.272678911908755 0
3069 -0.2747901845797374 -5.156458062012589 0
3070 -0.2968248293584239 -5.118266440602807 0
3071 0.7713749852816365 -6.844519901300865 0
3072 -0.3725785339097047 -6.841609725105889 0
3073 -0.3488982333511908 -6.88574798692752 0
3074 0.6240807256618188 -6.841009460997006 0
3075 0.673726693579383 -6.842566858744267 0
3076 0.6499999999999985 -6.886602540378445 0
3077 0.1268902114171647 -6.841773430490487 0
3078 0.1499999999999993 -6.886602540378444 0
3079 -0.914610367740429 -5.952922027547408 0
3080 0.9126997803069787 -5.850324753579581 0
3081 0.4227317462994011 -6.841991693304592 0
3082 0.3768902114171651 -6.841773430490487 0
3083 0.4000000000000002 -6.886602540378446 0
3084 -0.2527360623754931 -5.118890218468495 0
3085 0.8404473560720338 -5.575988932973166 0
3086 -0.9158563562626794 -6.100105869131752 0
3087 -0.1013888888888889 -5.08321387239457 0
3088 -0.9193703667915676 -5.608333333333333 0
3089 0.9180841293230843 -6.747966710661677 0
3090 0.5749982272114554 -5.043229113428364 0
3091 0.07500000000000021 -5.043232613286808 0
3092 -0.327268253700598 -5.04255815358323 0
3093 -0.2225509767126553 -5.042423480915071 0
3094 -0.9593940734498301 -5.82591927433818 0
3095 -0.6226781338868377 -5.042586726190918 0
3096 -0.9590221372771698 -5.475866439947533 0
3097 -0.8842365588590457 -6.246798522932145 0
3098 -0.9186596445434867 -5.303140201404864 0
3099 0.8401104133734428 -6.327180486235656 0
3100 0.8252158164999623 -6.956583761869456 0
3101 0.04921205056727422 -5.083833172089884 0
3102 0.5485911025377601 -5.083129596816633 0
3103 0.7993633425070079 -6.915236064722153 0
3104 0.9285221619287501 -5.039682470616506 0
3105 0.9584064988185529 -6.925448712042481 0
3106 -0.9225480947161667 -5.041885662013574 0
3107 -0.9234920963952238 -6.958980410858111 0
3108 -0.8395818011929395 -6.674822357881767 0
3109 -0.8466702385311873 -5.082681273827779 0
3110 0.8459744664889289 -5.081135239374209 0
3111 -0.9222328808146081 -6.699332257233062 0
3112 -0.8338142804950026 -6.775 0
3113 0.833455220843927 -6.775230311166302 0
3114 -0.9671533043948748 -6.873536631667946 0
3115 0.9162980947161652 -6.865072142074249 0
3116 -0.762657247889132 -5.126305649891381 0
3117 -0.9672477254919206 -6.775521512363236 0
3118 0.9197386822857698 -6.789954847160488 0
3119 0.802767617322987 -5.127095873076386 0
3120 -0.8725385240147802 -6.647975511395145 0
3121 -0.9208690635965633 -6.258565815770508 0
3122 0.0999999999999957 -5.160493745681566 0
3123 0.4748729570418984 -5.171288441795998 0
3124 0.5799601064140621 -5.165110273549518 0
3125 -0.3810928965825581 -5.165417190023746 0
3126 -0.5689071034174412 -5.165417190023745 0
3127 0.3504669757876014 -5.073726983845892 0
3128 0.02389687079418318 -5.116703557415058 0
3129 0.9202834700526094 -6.293057684200711 0
3130 0.5229029824987242 -5.115809372577419 0
3131 -0.9260694872865067 -5.501213015926547 0
3132 -0.600345139061679 -6.926466839576447 0
3133 0.9216810160622535 -5.541179635927384 0
3134 -0.8737414606403688 -6.350131324905454 0
3135 0.8727660118484415 -6.548973161287917 0
3136 -0.8844796369388634 -5.773825033646535 0
3137 0.8726992708903345 -5.849995918012938 0
3138 -0.6754334572097495 -5.08402551387752 0
3139 -0.8363382921655456 -6.166647179773147 0
3140 -0.9269844322338969 -5.650324036242942 0
3141 -0.9264670890901373 -5.851455743656921 0
3142 0.6259920212828121 -5.170342562785592 0
3143 0.9273075637331076 -5.699105895385718 0
3144 -0.8796396639008265 -5.593164992976767 0
3145 -0.1749999999999993 -5.169410064886097 0
3146 0.9694100648860989 -5.175000000000001 0
3147 -0.8365009480925464 -6.018709329402365 0
3148 0.4333316464005028 -5.163974770652771 0
3149 0.9153367834723969 -5.125928093877068 0
3150 -0.9273476343409975 -6.301713163154101 0
3151 -0.8305899351139009 -5.725 0
3152 -0.07003968253968222 -5.165118863640096 0
3153 -0.02400793650793637 -5.170344280803708 0
3154 -0.1011742136081786 -6.926503102843077 0
3155 -0.4750000000000002 -5.117024245474049 0
3156 -0.3007367093787382 -6.872570357202475 0
3157 0.8717124223039555 -5.649695925863474 0
3158 -0.274937270247702 -5.086708842584141 0
3159 0.6745737045534053 -5.116569566886447 0
3160 -0.4261749663534644 -6.884642732111127 0
3161 0.07382503364653502 -6.884642732111127 0
3162 0.3238250336465351 -6.884642732111127 0
3163 -0.872800858916763 -5.548669152512703 0
3164 -0.9260714489122898 -6.398786984073452 0
3165 0.1761031292058163 -5.116733953175557 0
3166 -0.5237814206834885 -5.170403946080437 0
3167 -0.828908391080346 -6.475787949432727 0
3168 -0.9164722827654566 -5.175359593348869 0
3169 0.8843136128162931 -5.973493380252711 0
3170 0.9262578682805733 -6.500514774711144 0
3171 0.1498161451323637 -6.92695110875492 0
3172 -0.8295851564801187 -5.975629523702461 0
3173 -0.8840583253383163 -6.076814883451119 0
3174 -0.8720782109687586 -5.899253256554326 0
3175 0.8730822622728762 -6.35023764375492 0
3176 0.9270425380464641 -6.249651264777183 0
3177 0.9273717300062745 -5.499023876618203 0
3178 -0.1492655189325598 -6.872621933459249 0
3179 -0.8395062543184324 -5.400000000000001 0
3180 -0.9694100648860987 -5.124999999999999 0
3181 0.828975368171663 -5.423960272062961 0
3182 0.8287974789470915 -6.075000000000001 0
3183 0.8783000390867532 -5.608191927214972 0
3184 0.8723498698320418 -5.300424313548477 0
3185 -0.9262650716403935 -6.601211680276558 0
3186 0.9694100648860984 -5.775 0
3187 0.835896751944526 -6.633814935535611 0
3188 0.8347346302076676 -6.02996087458477 0
3189 -0.8359005366068374 -6.516601269689872 0
3190 0.8829641611349356 -6.125206982876356 0
3191 0.2261749663534646 -6.884479636938864 0
3192 -0.02382503364653525 -6.884479636938864 0
3193 -0.5238250336465351 -6.884479636938864 0
3194 -0.8849235433207011 -5.326236105743964 0
3195 0.9155851808351034 -5.223900590738316 0
3196 -0.1269444444444443 -5.115740418178239 0
3197 0.7288958245477635 -6.880972574491822 0
3198 0.6489628496926142 -6.926576160046061 0
3199 0.7249999999999999 -5.169410064886099 0
3200 0.8305899351139008 -5.925000000000001 0
3201 0.8305899351139009 -6.175000000000002 0
3202 0.8305899351139009 -6.425000000000001 0
3203 0.8295502434053401 -6.677005662794377 0
3204 -0.8298612296143306 -6.123456478912732 0
3205 0.8844607996615941 -6.724660528996623 0
3206 0.2749999999999991 -6.830589935113902 0
3207 0.2738250336465351 -5.115357267888873 0
3208 -0.7727219044407175 -6.829609968034491 0
3209 0.2250000000000007 -5.169410064886098 0
3210 -0.2250000000000007 -6.830589935113902 0
3211 -0.4750000000000005 -6.830589935113902 0
3212 -0.6750000000000002 -6.830589935113902 0
3213 0.02499999999999942 -6.830589935113902 0
3214 -0.9694100648860992 -5.225 0
3215 -0.4262185793165109 -5.170403946080438 0
3216 0.4757256110022619 -6.884091229098754 0
3217 0.5249999999999994 -6.830589935113902 0
3218 -0.3489805916009481 -6.926429640514857 0
3219 0.8356217941834718 -5.383651057107745 0
3220 0.399816145132364 -6.92695110875492 0
3221 0.6008863894656401 -6.872755739383535 0
3222 -0.7249999999999993 -6.882975754525951 0
3223 0.7738606983757436 -6.884669452137249 0
3224 0.9633974596215561 -6.963397459621556 0
3225 0.9633974596215569 -5.036602540378444 0
3226 -0.9633974596215569 -6.963397459621556 0
3227 -0.9633974596215569 -5.036602540378444 0
3228 -0.7681795557862348 -5.166382922849559 0
3229 -0.9163711131573642 -5.079871995808448 0
3230 0.91997193780056 -5.083944861824005 0
3231 0.7678377656030158 -5.117998942732571 0
3232 -0.61459435115618 -5.117661531920212 0
3233 0.1311031292058162 -5.169128964913511 0
3234 0.8099345254724524 -6.834878224627102 0
3235 -0.2146879239490912 -5.118548528182806 0
3236 -0.3354020805543603 -5.117657438930447 0
3237 0.9171283750639895 -5.731339864651376 0
3238 -0.880978814617583 -5.288072945800802 0
3239 -0.3117196668157958 -5.080957916954687 0
3240 -0.8740998454310621 -5.806490546258712 0
3241 0.06905446068072792 -5.169158113113351 0
3242 -0.8823021745277582 -5.932322714642336 0
3243 -0.878713172494204 -6.212496533486037 0
3244 -0.8752158440999487 -5.460203403568991 0
3245 -0.8787403662099138 -6.562970941988058 0
3246 -0.8323318410327591 -5.366700430942757 0
3247 0.8787450790706589 -6.463609522203593 0
3248 0.878341306250024 -6.212814723130394 0
3249 -0.2688511969039771 -6.882574514857486 0
3250 -0.638276668477005 -5.080750509117666 0
3251 0.3863904777964105 -5.121254920929342 0
3252 0.9218057672364194 -5.811773167740881 0
3253 0.8787450790706585 -5.463609522203592 0
3254 0.4435883422545156 -6.874145272701135 0
3255 -0.8782677452831529 -6.437185276869608 0
3256 -0.9192808414575684 -5.263600464025272 0
3257 -0.878341306250024 -5.687185276869608 0
3258 -0.63730763052619 -6.878333807132226 0
3259 0.1062461782185566 -6.874304397384855 0
3260 0.8826884979739407 -5.881780025214739 0
3261 0.8814545965947982 -5.33345912642475 0
3262 0.8826723301204412 -6.381879691870555 0
3263 0.9255901954023401 -5.256633490367765 0
3264 0.8832440850135619 -6.580465252686936 0
3265 -0.8366409923707843 -5.437115586285255 0
3266 0.3562461782185569 -6.874304397384855 0
3267 -0.3934272175170551 -6.874100745617751 0
3268 -0.23813237822039 -5.081006569883337 0
3269 0.1936782133247559 -6.874222954269157 0
3270 -0.05648045239223351 -6.874101136653849 0
3271 -0.5565509945059642 -6.874142963686394 0
3272 0.689831249505464 -6.875909645256398 0
3273 -0.8069507382072638 -6.837655365992277 0
3274 0.306778195584716 -5.125857823747186 0
3275 0.5687112207629612 -6.882895908181521 0
3276 -0.1810628390934977 -6.88269524891909 0
3277 -0.707688540555935 -5.075896071398748 0
3278 0.8108246549305438 -5.160294315443047 0
3279 0.9567958462853903 -6.902392497388905 0
3280 0.9330879464086169 -6.917353662888214 0
3281 0.9314772938754543 -6.894297448234638 0
3282 -0.7439635766784041 -5.141904350600995 0
3283 -0.7352081441861178 -5.120605451175013 0
3284 -0.7165144729753898 -5.136204151884628 0
3285 -0.8883021868952821 -6.758693233806135 0
3286 -0.8739673639182695 -6.734217944446184 0
3287 -0.8615783515830808 -6.755006424535859 0
3288 -0.9554458287509799 -6.704999304533177 0
3289 -0.976740471356235 -6.716102626241907 0
3290 -0.978705357394745 -6.688896678291271 0
3291 0.9120337443574231 -6.887165377904098 0
3292 0.9357416442341965 -6.872204212404789 0
3293 -0.7548084443647602 -5.10586107407735 0
3294 -0.727359340661746 -5.100160875360984 0
3295 -0.8129803560643085 -5.069544759779323 0
3296 -0.7998232706253848 -5.044739281061279 0
3297 -0.7878036266896933 -5.07098277065138 0
3298 0.8631095376557167 -6.725436953716446 0
3299 0.8806424255827633 -6.749413484867087 0
3300 0.8592911635768861 -6.750189909586911 0
3301 -0.9130027195206424 -6.893490660329905 0
3302 -0.9276146868300814 -6.917814457956218 0
3303 -0.9401031703185212 -6.896084921420817 0
3304 -0.8405289045505353 -6.752765567587955 0
3305 -0.854863727527548 -6.777240856947905 0
3306 0.8551396361739297 -6.774698375951926 0
3307 0.8376067482468832 -6.750721844801287 0
3308 -0.7608030910455792 -5.065796895098329 0
3309 -0.7739601764845028 -5.090602373816372 0
3310 -0.976740471356235 -6.741102626241907 0
3311 -0.939821797802049 -6.688562806907802 0
3312 -0.937856911763539 -6.715768754858438 0
3313 0.8529964706884301 -6.654407467767806 0
3314 0.8541646944771023 -6.628094451360093 0
3315 0.8712644132210065 -6.648686983592288 0
3316 0.8958487493541548 -5.629095963607487 0
3317 0.8985998078451729 -5.59992929694082 0
3318 0.9161485181125745 -5.620833333333334 0
3319 0.8498232164188372 -6.676002831397189 0
3320 0.832723497674933 -6.655410299164994 0
3321 0.4538482158049963 -5.147154092467942 0
3322 0.4269425714334643 -5.145196127401181 0
3323 0.4474591408379577 -5.128375449216353 0
3324 -0.8324044638435917 -6.496194609561299 0
3325 -0.8529983630195859 -6.495800634844937 0
3326 -0.8495022902563401 -6.475393974716363 0
3327 0.8317660545773795 -6.052480437292385 0
3328 0.852415409820001 -6.052480437292385 0
3329 0.8494468341897129 -6.075 0
3330 0.8750062306953543 -5.628943926539223 0
3331 0.892554940962756 -5.649847962931737 0
3332 -0.8530024389412154 -6.146141197281829 0
3333 -0.8549604040079761 -6.173046841653361 0
3334 -0.871624550783646 -6.152540859162042 0
3335 0.8322985811775674 -5.403805664585352 0
3336 0.852858991807903 -5.404325528553873 0
3337 0.8495357788019986 -5.42448013603148 0
3338 0.4541023017212006 -5.167631606224385 0
3339 0.4746188711256941 -5.150810928039556 0
3340 -0.9069750873597204 -6.30085658157705 0
3341 -0.9241083489687805 -6.280139489462305 0
3342 -0.9037358019875034 -6.279282907885253 0
3343 0.9034430052155265 -6.271528842100357 0
3344 0.900699648955984 -6.300640790056417 0
3345 0.8838591841189011 -6.279111947956062 0
3346 0.854009625784532 -5.378040740831081 0
3347 0.8712468234089632 -5.398715212277209 0
3348 -0.4036557379495345 -5.167910568052092 0
3349 -0.4256092896582544 -5.150153878324052 0
3350 -0.403046448291278 -5.147660500295705 0
3351 -0.8497639076656079 -6.124545846851621 0
3352 -0.8330997608899381 -6.14505182934294 0
3353 0.77261784182869 -6.864594676719057 0
3354 0.7513782614617535 -6.882821013314535 0
3355 0.7501354049147 -6.862746237896344 0
3356 0.7237304520902491 -6.861165882575641 0
3357 0.7449700324571856 -6.842939545980163 0
3358 -0.8493741203384614 -5.97727608339166 0
3359 -0.8330430522863326 -5.997169426552413 0
3360 -0.8528320161446752 -5.998815986241611 0
3361 -0.8542216724398435 -6.522180342780003 0
3362 -0.8713194988525919 -6.501379707935068 0
3363 -0.8965185617611915 -5.571582496488384 0
3364 -0.899505015346197 -5.600749163155051 0
3365 -0.916383913206562 -5.579166666666667 0
3366 0.9068225392124538 -6.249825632388593 0
3367 0.9236630040495367 -6.271354474488947 0
3368 -0.02450396825396888 -5.150124045685687 0
3369 -0.0470238095238093 -5.167731572221902 0
3370 -0.04751984126984181 -5.147511337103881 0
3371 0.9041417782203486 -5.520589817963693 0
3372 0.9018615828962063 -5.548989836856953 0
3373 0.8843223450543014 -5.528400018893262 0
3374 -0.8930991592691597 -5.549334576256352 0
3375 -0.8762202614087947 -5.570917072744735 0
3376 0.9069871351923591 -5.499511938309102 0
3377 0.924526373034264 -5.520101756272794 0
3378 -0.3766667403562112 -5.14643969294915 0
3379 -0.3986202920649311 -5.128683003221111 0
3380 -0.07668650793650783 -5.144760278612862 0
3381 -0.05416666666666742 -5.127152752076647 0
3382 -0.8562261735739491 -6.02602133136785 0
3383 -0.872557241626078 -6.006127988207096 0
3384 -0.546953551708722 -5.147660500295705 0
3385 -0.5733332596437888 -5.14643969294915 0
3386 -0.5513797079350695 -5.128683003221111 0
3387 0.8554473705550325 -6.023316110548416 0
3388 0.8731281501673659 -6.045835673256032 0
3389 0.6254960106414045 -5.150123186676629 0
3390 0.6029760638484372 -5.167726418167555 0
3391 0.6024800532070296 -5.147507042058591 0
3392 -0.9025528112278045 -6.252682169351326 0
3393 -0.8854195496187446 -6.273399261466071 0
3394 0.5733125001460921 -5.144719905187144 0
3395 0.5958324469390596 -5.127116673696218 0
3396 -0.5243907103417456 -5.150153878324051 0
3397 -0.5463442620504648 -5.167910568052092 0
3398 -0.9609342210114176 -6.896972675357538 0
3399 -0.9463222537019785 -6.872648877731225 0
3400 -0.891667212289567 -6.714184208177549 0
3401 -0.8649433769773657 -6.710497398907274 0
3402 -0.8238154753299021 -5.089234761598601 0
3403 -0.8358351192655936 -5.0629912720085 0
3404 -0.9131135266174284 -6.848814869162545 0
3405 -0.9405256921732068 -6.848637219646301 0
3406 -0.9281480157815529 -6.82569096501434 0
3407 -0.9402869144064687 -6.803125536308783 0
3408 -0.9128747488506903 -6.803303185825026 0
3409 0.9415973151772541 -6.941555054894844 0
3410 0.9162787627673181 -6.933460005740577 0
3411 0.9328912752862919 -6.845750966765171 0
3412 0.9073624505566831 -6.845865620129057 0
3413 0.9239556311268098 -6.826544444819979 0
3414 0.8992709074014218 -5.066706861435232 0
3415 0.9014865615268489 -5.092624193540464 0
3416 0.8807855311277106 -5.075386193151692 0
3417 -0.900133967581631 -5.09088751908016 0
3418 -0.897470495079824 -5.064670428427453 0
3419 -0.8812333495040908 -5.075685951699165 0
3420 -0.9120031662137131 -6.937100303861709 0
3421 -0.9391036170115921 -6.939694564952621 0
3422 -0.8401301226986799 -6.79905601414343 0
3423 -0.8169071402475013 -6.787500000000001 0
3424 -0.8232229824511788 -6.81155601414343 0
3425 0.8167276104219635 -6.787615155583151 0
3426 0.8410744989548949 -6.800501023911997 0
3427 0.8243468885329315 -6.812885868328846 0
3428 0.9012724644923391 -6.73631361982915 0
3429 0.8974540904135084 -6.761066575699614 0
3430 0.938335333805669 -5.104472430912002 0
3431 0.9401152488357917 -5.078080404102442 0
3432 0.9584786448409008 -5.09860797319044 0
3433 -0.9004634110178498 -6.780109735507638 0
3434 -0.888324512392934 -6.802675164213197 0
3435 -0.8795705321966119 -6.623987755697573 0
3436 -0.8929679918181682 -6.648987755697572 0
3437 -0.8999999999999999 -6.625 0
3438 -0.7504601296663552 -5.044511118393293 0
3439 -0.7366166794611646 -5.064130721558286 0
3440 0.8644878258710333 -5.091219382315567 0
3441 0.8622721717456062 -5.065302050210334 0
3442 -0.8626200577667356 -5.066075067437119 0
3443 -0.8652835302685425 -5.092292158089825 0
3444 0.8229872332444652 -5.083868889876326 0
3445 0.8446378683390754 -5.103067619687105 0
3446 0.8216506350946116 -5.105801270189222 0
3447 0.9176543606364784 -5.104936477850536 0
3448 0.9360177566415875 -5.125464046938534 0
3449 -0.9128524233530384 -6.759321255417964 0
3450 0.9090827443414853 -6.808306972672177 0
3451 0.9346115690710942 -6.80819231930829 0
3452 -0.71313685904097 -5.021422472426625 0
3453 -0.7381368590409704 -5.021422472426625 0
3454 0.9523348248043232 -6.852883037095711 0
3455 0.6747868522767028 -5.136634148348613 0
3456 0.6988992305601847 -5.122316815390809 0
3457 0.6991123782834822 -5.142381396852974 0
3458 0.1533093876174499 -5.122593151125383 0
3459 0.1755515646029085 -5.136716341493168 0
3460 0.1527578230145421 -5.142575539442993 0
3461 -0.0005515646029091055 -5.123303683991362 0
3462 0.02444843539709188 -5.136701143612918 0
3463 -4.059252933785729e-16 -5.143301270189222 0
3464 0.498633883854107 -5.123071393430267 0
3465 0.5239514912493624 -5.136254051194099 0
3466 0.4996823926047451 -5.143516072046946 0
3467 0.6497868522767012 -5.123236688727056 0
3468 0.6499999999999986 -5.143301270189221 0
3469 -0.4749999999999998 -5.136861487642413 0
3470 -0.4499999999999991 -5.123464028020857 0
3471 -0.4499999999999987 -5.143301270189222 0
3472 0.724112378283482 -5.148737064390634 0
3473 0.7000000000000001 -5.163054397348438 0
3474 -0.5000000000000014 -5.123464028020857 0
3475 -0.5000000000000011 -5.143301270189221 0
3476 0.9196764881325648 -6.477227260937388 0
3477 0.9064302043295083 -6.500257387355573 0
3478 0.8998488241814997 -6.476969873581817 0
3479 0.9199266011901444 -6.227424952231193 0
3480 0.899706602356134 -6.227599319842602 0
3481 0.6504960106414062 -5.163520646298185 0
3482 0.8775175861151361 -5.9496444675021 0
3483 0.8638074415027575 -5.974246690126356 0
3484 0.8570114148016006 -5.950397777375746 0
3485 0.4999364785209494 -5.163993585803389 0
3486 0.0004960317460321051 -5.163521505307243 0
3487 0.8372228829846975 -6.198030126418185 0
3488 0.8503430622731176 -6.175000000000001 0
3489 0.8569760101439141 -6.198030126418185 0
3490 0.9226202970200312 -5.150464046938534 0
3491 0.9433012701892218 -5.15 0
3492 -0.9199322743558469 -5.875727871828461 0
3493 -0.9062270426390557 -5.851149770787132 0
3494 -0.8996922279047652 -5.875421898958672 0
3495 0.6717236018317646 -6.920506569872798 0
3496 0.6494814248463063 -6.906589350212252 0
3497 0.6722421769854567 -6.90051976003899 0
3498 -0.499390710341744 -5.163551337945608 0
3499 -0.8363821109679199 -6.452363848298179 0
3500 -0.856976010143914 -6.451969873581816 0
3501 0.8360493745681568 -6.100000000000001 0
3502 0.856698729810778 -6.100000000000001 0
3503 -0.6999999999999991 -6.876535971979143 0
3504 -0.7249999999999996 -6.863138512357587 0
3505 -0.6999999999999995 -6.856698729810779 0
3506 -0.8372228829846975 -5.701969873581816 0
3507 -0.8503430622731176 -5.725000000000001 0
3508 -0.8569760101439141 -5.701969873581816 0
3509 0.8369456026515614 -5.950000000000001 0
3510 0.85065574726394 -5.925397777375745 0
3511 -0.9168559812759236 -6.23125278146707 0
3512 -0.8985397289071648 -6.225369135047888 0
3513 -0.9064338060094186 -6.600605840138279 0
3514 -0.9197420508624659 -6.57840226111446 0
3515 -0.8999107852314909 -6.577796420976182 0
3516 -0.8359234532956806 -5.953072584865772 0
3517 -0.8557124171540234 -5.954719144554971 0
3518 0.876530175283635 -6.100103491438178 0
3519 0.8631327156620787 -6.125103491438178 0
3520 -0.8782552883714048 -5.347837586547163 0
3521 -0.864632762523301 -5.325459549700041 0
3522 -0.8579645075740046 -5.347061030503239 0
3523 -0.8801720005094061 -6.325065662452726 0
3524 -0.8935694601309626 -6.350065662452726 0
3525 -0.8999999999999999 -6.324999999999999 0
3526 -0.4255874831767325 -6.863972001150175 0
3527 -0.450587483176732 -6.877369460771731 0
3528 -0.4500000000000001 -6.856698729810779 0
3529 -0.8399011091408841 -6.046854664701183 0
3530 -0.8596263346222868 -6.054166666666666 0
3531 0.8356542595275898 -6.701609520615324 0
3532 0.8559272325410869 -6.700606689218136 0
3533 -0.9627771170153026 -5.248030126418184 0
3534 -0.9496569377268825 -5.225 0
3535 -0.9430239898560859 -5.248030126418184 0
3536 0.8373903257129903 -6.447400680157401 0
3537 0.8507373610294188 -6.425342590238433 0
3538 0.8575377516285082 -6.447743270395832 0
3539 -0.9198975482838607 -5.67256269827887 0
3540 -0.9067934863061702 -5.65016201812147 0
3541 -0.899706602356134 -5.672400680157399 0
3542 0.3279913109083429 -5.079262485045449 0
3543 0.3509412901937142 -5.094151026481116 0
3544 0.3284656253144557 -5.099686527680673 0
3545 -0.9197334734540316 -5.525606507963274 0
3546 -0.9063360138324751 -5.500606507963274 0
3547 -0.8999999999999999 -5.525 0
3548 -0.9481700738035455 -5.125827791876974 0
3549 -0.9635740685051298 -5.102378262734662 0
3550 -0.9423340774225766 -5.103206054611636 0
3551 0.9630543973484386 -5.15 0
3552 0.9496569377268822 -5.175 0
3553 0.2494125168232669 -5.12263053922827 0
3554 0.2744125168232679 -5.136027998849826 0
3555 0.2499999999999997 -5.143301270189222 0
3556 0.2500000000000007 -5.163054397348438 0
3557 0.2249999999999998 -5.149656937726882 0
3558 -0.1509722222222221 -5.122822114372952 0
3559 -0.1259722222222218 -5.136219573994508 0
3560 -0.1499999999999996 -5.143301270189221 0
3561 -0.5779303925453817 -6.920603235055554 0
3562 -0.600417276844005 -6.906288500131683 0
3563 -0.5780025303277078 -6.90042489561079 0
3564 0.1721502495516394 -6.920845369644791 0
3565 0.1499080725661815 -6.906776824566682 0
3566 0.1722421769854573 -6.900671085456553 0
3567 0.8364258426125717 -6.402757823014543 0
3568 0.8565732685280896 -6.403100413252975 0
3569 -0.9231773995127323 -5.629328684788138 0
3570 -0.9029864535850055 -5.629166666666666 0
3571 -0.7000000000000002 -6.836945602651562 0
3572 -0.6749999999999995 -6.850343062273119 0
3573 -0.4506092896582551 -5.163551337945608 0
3574 -0.8636797977637691 -6.075907441725559 0
3575 -0.880004862196834 -6.055074108392226 0
3576 0.07441251682326719 -6.863972001150175 0
3577 0.04941251682326761 -6.877369460771731 0
3578 0.04999999999999978 -6.856698729810779 0
3579 -0.5000000000000004 -6.836945602651562 0
3580 -0.475 -6.850343062273118 0
3581 -0.5 -6.856698729810779 0
3582 -0.9063369946453665 -6.399393492036726 0
3583 -0.919734454266923 -6.374393492036726 0
3584 -0.8999999999999998 -6.374999999999999 0
3585 0.2505874831767322 -6.877287913185599 0
3586 0.225587483176732 -6.863890453564043 0
3587 0.2499999999999996 -6.856698729810779 0
3588 -0.9630543973484385 -5.15 0
3589 -0.9418144062658851 -5.150827791876974 0
3590 0.8390792510278843 -6.607165290782348 0
3591 0.8573471935604606 -6.60144480660683 0
3592 -0.1499999999999993 -5.163054397348438 0
3593 -0.1749999999999996 -5.149656937726881 0
3594 0.920352511677332 -5.67455294769286 0
3595 0.9070351613489602 -5.698901360257445 0
3596 0.9000801092931847 -5.674348412564585 0
3597 0.9199309486830649 -6.524574450551616 0
3598 0.9001032847319999 -6.524317063196045 0
3599 0.9361419553229409 -5.224450295369158 0
3600 0.9227444957013845 -5.199450295369157 0
3601 0.9433012701892218 -5.199999999999999 0
3602 0.8389417721473572 -5.357083351568415 0
3603 0.8573296037484174 -5.351473035291751 0
3604 -0.883121102139635 -5.621582496488383 0
3605 -0.2472421769854583 -6.836425842612573 0
3606 -0.2250000000000003 -6.850343062273118 0
3607 -0.2472421769854579 -6.856178969771789 0
3608 0.0005874831767324756 -6.877287913185599 0
3609 -0.02441251682326781 -6.863890453564044 0
3610 -7.979727989493313e-17 -6.856698729810779 0
3611 0.4999650281253858 -6.877406394256367 0
3612 0.4753628055011306 -6.863696249643988 0
3613 0.4996022226242545 -6.857011414801601 0
3614 -0.8790326035783663 -5.875048527235835 0
3615 -0.8927378352951575 -5.899626628277163 0
3616 -0.8402645042388126 -6.193224270043973 0
3617 -0.8588866160812432 -6.199623931924187 0
3618 0.8802368618593452 -5.995082363382386 0
3619 0.8597306905458098 -5.995835673256032 0
3620 0.8364258426125717 -5.902757823014543 0
3621 0.8564916547626109 -5.903155600390288 0
3622 0.9489752020627784 -5.775556351506154 0
3623 0.9627771170153021 -5.798030126418184 0
3624 0.9423422541919821 -5.798586477924339 0
3625 0.9630543973484386 -5.2 0
3626 -0.4994125168232674 -6.877287913185599 0
3627 -0.5244125168232678 -6.863890453564043 0
3628 0.2499999999999993 -6.836945602651562 0
3629 0.2749999999999994 -6.850343062273118 0
3630 -0.1051388888888889 -5.120071055881934 0
3631 -0.1041666666666664 -5.140550211698203 0
3632 -0.3550163218730943 -5.160780679584125 0
3633 -0.3505901656467474 -5.141803182509531 0
3634 0.8792375906343842 -5.674196375496322 0
3635 -0.8369456026515609 -5.75 0
3636 -0.8566987298107777 -5.75 0
3637 0.8390179501984447 -6.002480437292386 0
3638 0.4067651430428523 -5.159892027170345 0
3639 0.4003760680758137 -5.141113383918756 0
3640 -0.9192939346893151 -6.421794172194126 0
3641 -0.8995594804223919 -6.422400680157399 0
3642 -0.9203725469812769 -6.32585658157705 0
3643 0.9635741573874275 -5.752757823014543 0
3644 0.9431392945641075 -5.753314174520696 0
3645 0.02499999999999981 -6.850343062273118 0
3646 0.04999999999999939 -6.836945602651562 0
3647 -0.2027578230145428 -6.836425842612573 0
3648 -0.2027578230145423 -6.856178969771789 0
3649 -0.8797016996476033 -5.524334576256352 0
3650 -0.09751984126984076 -5.160908796725437 0
3651 -4.753142324176451e-16 -6.836945602651562 0
3652 0.4999999999999994 -6.836945602651562 0
3653 0.5246022226242545 -6.85065574726394 0
3654 -0.4500000000000005 -6.836945602651562 0
3655 -0.8638904535640423 -5.774412516823267 0
3656 -0.8772879131855988 -5.749412516823268 0
3657 -0.9365855062881174 -5.175179796674435 0
3658 -0.9231880466665612 -5.200179796674434 0
3659 -0.9433012701892221 -5.2 0
3660 0.920215404064753 -5.476481811890918 0
3661 0.8998308092508376 -5.476969873581817 0
3662 -0.07834492981863159 -6.92062136668887 0
3663 -0.1009837710965635 -6.906248277572489 0
3664 -0.07815448730701655 -6.900366541418282 0
3665 0.8772784945469642 -6.699830264498312 0
3666 0.4221502495516397 -6.920845369644791 0
3667 0.3999080725661821 -6.906776824566682 0
3668 0.4222421769854579 -6.900671085456554 0
3669 -0.9206033598123995 -5.828485694843003 0
3670 -0.9003633133613178 -5.828179721973214 0
3671 0.3732636143119846 -5.080442042445304 0
3672 0.3737379287180975 -5.100866085080527 0
3673 -0.3251418832358891 -6.919833440775022 0
3674 -0.3489394124760694 -6.906088813721188 0
3675 -0.3251007041110104 -6.899492613981353 0
3676 -0.1489541690106196 -6.893096502865789 0
3677 -0.1250294237587542 -6.879307692880575 0
3678 -0.1247180738368139 -6.899782262287115 0
3679 0.920290296332923 -5.566423151297025 0
3680 0.9004708631668759 -5.574233352226595 0
3681 -0.8768624555276008 -6.101225049120815 0
3682 -0.8564839279530536 -6.100317607395255 0
3683 -0.8365812499017762 -6.099228239456366 0
3684 0.5472421769854573 -6.836425842612572 0
3685 0.5468443996097124 -6.856491654762611 0
3686 0.8369456026515614 -6.150000000000001 0
3687 0.856698729810778 -6.15 0
3688 -0.1974006801573986 -5.162609674287008 0
3689 -0.1974006801573989 -5.142856547127792 0
3690 -0.8398781837311657 -6.54383076126312 0
3691 -0.8581993195641718 -6.549409834353252 0
3692 -0.9630543973484387 -5.2 0
3693 0.8923538744641919 -5.300930025868469 0
3694 0.8788253752030546 -5.277993591379962 0
3695 0.8988293798352047 -5.278499303699954 0
3696 -0.9198312656309748 -6.625605840138279 0
3697 0.3244125168232671 -6.863972001150175 0
3698 0.2994125168232674 -6.877369460771731 0
3699 0.2999999999999994 -6.856698729810779 0
3700 -0.9217011827432243 -5.151007588551408 0
3701 0.8365830422418713 -5.44688081618888 0
3702 0.8571434528722068 -5.447400680157401 0
3703 -0.1249085163484289 -6.920037087557703 0
3704 -0.6225732496882388 -6.919869943565303 0
3705 -0.6226453874705649 -6.899691604120537 0
3706 0.8927792344896698 -6.350136377309477 0
3707 0.8770990450661175 -6.329230769833521 0
3708 0.896796017282911 -6.329129503388078 0
3709 0.5524800532070313 -5.160904501680148 0
3710 0.5458324469390613 -5.140514133317775 0
3711 0.876530175283635 -6.150103491438178 0
3712 0.8926995255986566 -5.85016033579626 0
3713 0.879901749816806 -5.82697034326652 0
3714 0.899902004525128 -5.827134761049843 0
3715 0.8801710944084562 -5.582495982500747 0
3716 0.746710955306103 -5.163899358088811 0
3717 0.7458233335895851 -5.143226357593346 0
3718 0.2999999999999991 -6.836945602651562 0
3719 0.3776658955807243 -6.921076561254957 0
3720 0.3777578230145424 -6.90090227706672 0
3721 -0.651969873581816 -6.837222882984698 0
3722 -0.6519698735818154 -6.856976010143915 0
3723 -0.9192887503926026 -5.478205827805875 0
3724 -0.899555276938571 -5.477599319842601 0
3725 0.893185020466999 -6.548803643840001 0
3726 0.8796842761134425 -6.524486580643959 0
3727 0.2000000000000007 -5.163054397348438 0
3728 0.1999999999999998 -5.143301270189222 0
3729 -0.880172000509406 -6.375065662452727 0
3730 0.1276658955807241 -6.921076561254957 0
3731 0.1277578230145419 -6.90090227706672 0
3732 -0.3248174713649645 -6.879159172064996 0
3733 -0.3010199421247842 -6.892903799118831 0
3734 0.9163798383795363 -6.321546397532373 0
3735 -0.7738609522203581 -6.849853078733412 0
3736 -0.7488609522203589 -6.836455619111857 0
3737 -0.7499999999999993 -6.856698729810779 0
3738 -0.5949836781269049 -5.160780679584125 0
3739 -0.5994098343532525 -5.141803182509531 0
3740 0.2005515646029076 -5.123318881871612 0
3741 -0.3717324727859315 -6.920815827134926 0
3742 -0.3716912936610528 -6.900475000341257 0
3743 -0.7499999999999989 -6.876535971979143 0
3744 0.7967650189590268 -6.876945356343549 0
3745 0.7955221624119733 -6.856870580925357 0
3746 0.6251060092614766 -6.920128261448871 0
3747 0.6256245844151688 -6.900141451615062 0
3748 0.0470845870989126 -5.122650823744734 0
3749 0.0476361517018213 -5.142648409942594 0
3750 0.6010677791479896 -6.893218051117607 0
3751 0.6254431947328193 -6.87967913988099 0
3752 0.5447839381884232 -5.120069454701095 0
3753 -0.7623232706253849 -5.023088645966668 0
3754 -0.7004760218032764 -5.04485820618022 0
3755 -0.6873391627623058 -5.023435733753594 0
3756 -0.939247295094038 -6.756471504801641 0
3757 -0.9270860709714703 -6.735055003100136 0
3758 -0.9024380530816356 -6.694897959935851 0
3759 -0.9178151702180821 -6.674666128616531 0
3760 -0.8980203424851098 -6.67023183131932 0
3761 -0.9613567428661031 -6.849524973583021 0
3762 0.8230344437561044 -5.126047936538193 0
3763 0.8013838086614942 -5.106849206727414 0
3764 -0.8376467404785535 -6.935287488257652 0
3765 -0.849787448136571 -6.956892969617313 0
3766 -0.8624506414613434 -6.935329183147059 0
3767 -0.1752665152529221 -6.914248185796311 0
3768 -0.1618214095443393 -6.935134901041554 0
3769 -0.1884451057085821 -6.935812014565535 0
3770 -0.4374999999999997 -5.06389262736089 0
3771 -0.4624999999999999 -5.06389262736089 0
3772 -0.4499999999999998 -5.043301270189222 0
3773 0.6748218831000328 -5.084090615079313 0
3774 0.6624228353495251 -5.063428924557203 0
3775 0.6873085388371691 -5.063514642648928 0
3776 -0.4249999999999994 -5.0855432624555 0
3777 -0.4124999999999994 -5.064951905283833 0
3778 0.6624547455433309 -5.021426476063409 0
3779 0.6499547455433305 -5.04307711115802 0
3780 0.6375 -5.021650635094611 0
3781 -0.8124917735768902 -6.935300913495221 0
3782 -0.8251549669016627 -6.913737127024967 0
3783 -0.8754120849177642 -6.914471949326352 0
3784 -0.8879719669747609 -6.892799415467484 0
3785 -0.8628698158603226 -6.892051167928529 0
3786 0.7373746799661474 -5.021518784511103 0
3787 0.712374679966147 -5.021518784511103 0
3788 0.9359244958444692 -5.363831471020553 0
3789 0.9351410680679887 -5.388065424161377 0
3790 0.914124490481649 -5.376422671386448 0
3791 0.8631474494998884 -6.934703190892201 0
3792 0.8795321464992294 -6.910983132853785 0
3793 0.89138469699934 -6.932978671772362 0
3794 -0.8875527925757817 -6.936077430686013 0
3795 -0.3624999999999994 -5.064951905283832 0
3796 -0.3749999999999991 -5.086602540378443 0
3797 -0.3874999999999994 -5.064951905283833 0
3798 0.7366227597630306 -5.064028951199275 0
3799 0.7498746799661477 -5.043169419605714 0
3800 0.7617480797968835 -5.064160801782783 0
3801 0.2374999999999994 -5.0637160810404 0
3802 0.2249999999999994 -5.084307438212067 0
3803 0.2124999999999995 -5.06389262736089 0
3804 0.5611768520079844 -6.936194531593265 0
3805 0.5498109788582836 -6.95701383192507 0
3806 0.536365873149701 -6.935879429478973 0
3807 -0.1999999999999995 -6.956698729810778 0
3808 -0.2134451057085823 -6.935812014565535 0
3809 0.06250000000000047 -6.93666643598733 0
3810 0.05000000000000039 -6.957081246838507 0
3811 0.03750000000000043 -6.936283918959601 0
3812 0.3125000000000004 -6.93666643598733 0
3813 0.3000000000000004 -6.957081246838507 0
3814 0.2875000000000003 -6.936283918959601 0
3815 -0.5125000000000011 -5.063716081040399 0
3816 -0.5250000000000016 -5.08536671613501 0
3817 -0.5375000000000016 -5.064951905283833 0
3818 -0.5375000000000023 -5.108253175473054 0
3819 -0.5638797079350693 -5.1070323681265 0
3820 0.8122895795034851 -6.935909913295804 0
3821 0.8253291207533928 -6.913971858347888 0
3822 0.83825535774987 -6.93464570692154 0
3823 0.6998294255094781 -5.042945260574512 0
3824 0.7122284732599857 -5.063606951096622 0
3825 -0.6874999999999994 -6.93666643598733 0
3826 -0.6999999999999997 -6.957081246838507 0
3827 -0.7124999999999997 -6.936283918959601 0
3828 -0.8136341268502981 -6.892607583676499 0
3829 -0.8011341268502977 -6.870780402261397 0
3830 -0.787499999999999 -6.891923370847436 0
3831 -0.6913795202415518 -5.135801991134712 0
3832 -0.6804496209439845 -5.116605902180575 0
3833 -0.664070100702433 -5.137502640856641 0
3834 0.0777578230145425 -6.915535560931709 0
3835 0.09025782301454247 -6.936332888810616 0
3836 0.9747422279282093 -6.838214895728046 0
3837 0.9747422279282093 -6.813214895728046 0
3838 -0.9004604504632008 -6.871069878932083 0
3839 -0.9364540893572193 -6.087552934565876 0
3840 -0.9362775430367287 -6.112552934565876 0
3841 -0.9568752761312687 -6.1 0
3842 0.9568199016207934 -5.350237111897742 0
3843 0.9358033240344538 -5.338594359122812 0
3844 0.1999999999999995 -5.043301270189223 0
3845 0.1874999999999994 -5.021650635094611 0
3846 0.2124999999999994 -5.021650635094611 0
3847 0.9135664256365753 -6.376479994545952 0
3848 0.9346924003373817 -6.362761295284339 0
3849 0.9357826192674936 -6.389206178966258 0
3850 -0.7999917735768904 -6.956775002269342 0
3851 -0.7874999999999996 -6.935224641036657 0
3852 -0.8733265350845834 -5.395106009261478 0
3853 -0.8942317481843074 -5.410386475586297 0
3854 -0.8924922465218323 -5.384719533675181 0
3855 -0.9151278230010524 -5.777757823014542 0
3856 -0.93571918017272 -5.790257823014542 0
3857 -0.9361073726391107 -5.7625 0
3858 0.6374680898061929 -5.106954353777627 0
3859 0.6124946816343639 -5.108036705190482 0
3860 0.6249627714405597 -5.085087248400444 0
3861 0.6874547455433304 -5.021426476063409 0
3862 0.4363658731497003 -6.820995846652297 0
3863 0.4113658731497002 -6.820995846652297 0
3864 -0.863832950436105 -5.512590384793373 0
3865 -0.8645938437351266 -5.488042308760239 0
3866 -0.8418242537927881 -5.500632693553612 0
3867 0.9359381818899482 -5.464469873581816 0
3868 0.9348789039670048 -5.439469873581816 0
3869 0.9577580077337216 -5.45 0
3870 -0.9362839189596012 -6.337499999999999 0
3871 -0.9361073726391107 -6.3625 0
3872 -0.9589938319771554 -6.35 0
3873 0.9361939993122754 -5.662959637169091 0
3874 0.9350480947161672 -5.6375 0
3875 0.9578446344068863 -5.65045963716909 0
3876 -0.91312017928842 -6.176969873581816 0
3877 -0.9347708143830311 -6.189469873581816 0
3878 -0.9350480947161675 -6.1625 0
3879 -0.8929995583339514 -6.513879707935067 0
3880 -0.8917762489136938 -6.487500000000001 0
3881 0.8914534268830794 -6.190099319842601 0
3882 0.8927572028425776 -6.162933219973767 0
3883 0.9141144402933228 -6.178032539816368 0
3884 -0.06363412685029972 -6.820995846652297 0
3885 -0.08863412685029974 -6.820995846652297 0
3886 -0.3128822882610272 -5.137205304873657 0
3887 -0.2858075069690806 -5.137362251307699 0
3888 -0.301864965871684 -5.156301115578548 0
3889 -0.5504596371690904 -6.958046401630305 0
3890 -0.5657174601836326 -6.937066851992246 0
3891 -0.5402578230145423 -6.93571918017272 0
3892 0.956803661889539 -6.400243739852322 0
3893 0.97845429698415 -6.387743739852323 0
3894 0.978349364905389 -6.4125 0
3895 -0.8422419922662781 -6.3 0
3896 -0.8216506350946107 -6.2875 0
3897 -0.8205913571716674 -6.3125 0
3898 -0.6875 -5.178349364905388 0
3899 -0.6625000000000001 -5.178349364905388 0
3900 0.6868633467896914 -6.821283429372134 0
3901 0.6618633467896914 -6.821283429372134 0
3902 -0.1131486583108074 -6.820395599091451 0
3903 -0.1381486583108074 -6.820395599091451 0
3904 0.3140673468240668 -5.178930032837466 0
3905 0.3390673468240667 -5.178930032837466 0
3906 0.1874999999999996 -5.06389262736089 0
3907 0.9136328986772357 -5.326812228217043 0
3908 0.9345283044535599 -5.313217869094231 0
3909 -0.512500000000002 -5.10701735122962 0
3910 0.9357036546440525 -6.037514039536187 0
3911 0.9150828730856365 -6.025014039536187 0
3912 0.93648988966684 -6.0125 0
3913 0.3884451057085822 -6.820886715245244 0
3914 0.3634451057085821 -6.820886715245244 0
3915 0.5833271285734265 -5.105249568319035 0
3916 -0.6004596371690905 -6.959105679553248 0
3917 -0.5879596371690903 -6.979697036724915 0
3918 -0.6124999999999998 -6.979408642828332 0
3919 -0.4499999999999994 -6.957081246838507 0
3920 -0.4374999999999992 -6.978731881933118 0
3921 -0.4624999999999995 -6.978349364905389 0
3922 0.9071827715902665 -5.162692827994649 0
3923 0.9073356864306649 -5.18766528113827 0
3924 0.8846146474532658 -5.175358109132919 0
3925 -0.9129527365601275 -5.427599319842601 0
3926 -0.9346033716547385 -5.440099319842601 0
3927 -0.9350480947161675 -5.412500000000001 0
3928 -0.9140039136809928 -5.926461013773705 0
3929 -0.9358310950960941 -5.938961013773704 0
3930 -0.9352246410366578 -5.912500000000001 0
3931 0.893118787440711 -5.937897777375746 0
3932 0.8928908442805736 -5.914031904226045 0
3933 0.9152880723073056 -5.926134126850299 0
3934 -0.3999999999999997 -5.043301270189222 0
3935 -0.4874999999999996 -6.892806102449889 0
3936 -0.4624999999999994 -6.89298264877038 0
3937 -0.4749999999999994 -6.915692561787933 0
3938 0.4113658731497006 -6.864297116841518 0
3939 0.3884451057085826 -6.864187985434466 0
3940 0.3998109788582831 -6.841882561897539 0
3941 -0.6371002271206171 -5.137225360523505 0
3942 -0.6480301264181845 -5.156421449477642 0
3943 0.9123940657679779 -6.978830698873604 0
3944 0.9373940657679773 -6.978830698873604 0
3945 0.9582165174822246 -5.599305555555556 0
3946 0.9798671525768354 -5.586805555555555 0
3947 0.9783493649053892 -5.6125 0
3948 0.1625 -5.021650635094611 0
3949 -0.2637631234776152 -5.137674140240542 0
3950 -0.2362687113451455 -5.137349751078208 0
3951 -0.2472957724472677 -5.156133672850254 0
3952 -0.821650635094611 -5.2375 0
3953 -0.821650635094611 -5.2125 0
3954 -0.7875000000000003 -6.978349364905389 0
3955 -0.7625 -6.978349364905389 0
3956 -0.7374999999999999 -6.978349364905389 0
3957 -0.7124999999999996 -6.978349364905389 0
3958 -0.5375000000000003 -6.978349364905389 0
3959 -0.5125 -6.978349364905389 0
3960 -0.4874999999999998 -6.978349364905389 0
3961 -0.2875000000000005 -6.978349364905389 0
3962 -0.2625000000000002 -6.978349364905389 0
3963 -0.2374999999999998 -6.978349364905389 0
3964 -0.2124999999999995 -6.978349364905389 0
3965 -0.03750000000000053 -6.978349364905389 0
3966 -0.01250000000000018 -6.978349364905389 0
3967 0.01250000000000018 -6.978349364905389 0
3968 0.03750000000000053 -6.978349364905389 0
3969 0.2124999999999995 -6.978349364905389 0
3970 0.2374999999999998 -6.978349364905389 0
3971 0.2625000000000002 -6.978349364905389 0
3972 0.2875000000000005 -6.978349364905389 0
3973 0.4624999999999995 -6.978349364905389 0
3974 0.4874999999999999 -6.978349364905389 0
3975 0.5125000000000001 -6.978349364905389 0
3976 0.5375000000000004 -6.978349364905389 0
3977 0.7124999999999995 -6.978349364905389 0
3978 0.7374999999999998 -6.978349364905389 0
3979 0.7625000000000001 -6.978349364905389 0
3980 0.7875000000000004 -6.978349364905389 0
3981 -0.9783493649053892 -5.162500000000001 0
3982 -0.9783493649053892 -5.1875 0
3983 -0.978072084572253 -5.260530126418185 0
3984 -0.978072084572253 -5.285530126418184 0
3985 -0.9794086428283326 -5.5125 0
3986 -0.9794086428283326 -5.5375 0
3987 -0.9783493649053892 -6.0125 0
3988 -0.9783493649053892 -6.0375 0
3989 -0.9783493649053892 -6.2625 0
3990 -0.9783493649053892 -6.2875 0
3991 -0.9795117692192217 -6.412066780026233 0
3992 -0.9795117692192217 -6.437066780026234 0
3993 -0.978705357394745 -6.663896678291271 0
3994 -0.9773575688139802 -6.910204359523565 0
3995 -0.9773575688139802 -6.935204359523565 0
3996 0.979585189148823 -6.4875 0
3997 0.979585189148823 -6.4625 0
3998 0.9793493604318679 -6.337543549214057 0
3999 0.9793493604318679 -6.312543549214056 0
4000 0.9794086428283324 -6.2375 0
4001 0.9794086428283324 -6.2125 0
4002 0.9783493649053892 -6.0875 0
4003 0.9783493649053892 -6.0625 0
4004 0.9783493649053892 -5.9875 0
4005 0.9783493649053892 -5.9625 0
4006 0.9780720845722528 -5.835530126418185 0
4007 0.9780720845722528 -5.810530126418184 0
4008 0.9788691249443783 -5.740257823014542 0
4009 0.9788691249443783 -5.715257823014542 0
4010 0.9798671525768354 -5.561805555555556 0
4011 0.9783493649053889 -5.3375 0
4012 0.9783493649053889 -5.3125 0
4013 0.9783493649053892 -5.2375 0
4014 0.9783493649053892 -5.2125 0
4015 0.7875000000000006 -5.021650635094611 0
4016 0.7625000000000003 -5.021650635094611 0
4017 0.5375000000000005 -5.021650635094611 0
4018 0.5125000000000002 -5.021650635094611 0
4019 0.4874999999999999 -5.021650635094611 0
4020 0.4624999999999995 -5.021650635094611 0
4021 0.2875000000000002 -5.021268118066882 0
4022 0.2624999999999998 -5.021268118066882 0
4023 0.2374999999999997 -5.021650635094611 0
4024 0.03750000000000053 -5.021650635094611 0
4025 0.01250000000000018 -5.021650635094611 0
4026 -0.01250000000000002 -5.021650635094611 0
4027 -0.03750000000000038 -5.021650635094611 0
4028 -0.2624999999999999 -5.02335001593053 0
4029 -0.2875000000000003 -5.02335001593053 0
4030 -0.4624999999999997 -5.021650635094611 0
4031 -0.4875 -5.021650635094611 0
4032 -0.5125000000000006 -5.021650635094611 0
4033 -0.537500000000001 -5.021650635094611 0
4034 -0.7873232706253852 -5.023088645966668 0
4035 0.8211308750556213 -5.315257823014543 0
4036 0.8211308750556213 -5.340257823014543 0
4037 0.8220953581560398 -5.4599006801574 0
4038 0.8220953581560398 -5.4849006801574 0
4039 0.8216506350946109 -5.612500000000001 0
4040 0.8216506350946109 -5.637500000000001 0
4041 0.8211308750556213 -5.865257823014543 0
4042 0.8211308750556213 -5.890257823014543 0
4043 0.8216506350946109 -5.962500000000001 0
4044 0.8216506350946109 -5.987500000000001 0
4045 0.8216506350946109 -6.112500000000002 0
4046 0.8216506350946109 -6.137500000000001 0
4047 0.8211308750556212 -6.365257823014543 0
4048 0.8211308750556212 -6.390257823014544 0
4049 0.82209535815604 -6.459900680157401 0
4050 0.82209535815604 -6.4849006801574 0
4051 0.8208791378249198 -6.713106689218136 0
4052 0.8208791378249198 -6.738106689218136 0
4053 -0.8205913571716674 -6.337499999999999 0
4054 -0.8216506350946109 -6.087499999999999 0
4055 -0.8216506350946109 -6.0625 0
4056 -0.821927915427747 -5.689469873581816 0
4057 -0.821927915427747 -5.664469873581815 0
4058 -0.8216506350946109 -5.5875 0
4059 -0.8216506350946109 -5.5625 0
4060 -0.8212925735459049 -5.488042308760239 0
4061 -0.8212925735459049 -5.463042308760238 0
4062 -0.8221709908629504 -5.337341496828058 0
4063 -0.8221709908629504 -5.312341496828059 0
4064 -0.1874999999999993 -6.978349364905389 0
4065 0.3125000000000006 -6.978731881933118 0
4066 0.06250000000000057 -6.978731881933118 0
4067 -0.1375 -5.063892627360889 0
4068 -0.1624999999999999 -5.063892627360889 0
4069 -0.1499999999999999 -5.043301270189221 0
4070 0.9364722314753111 -6.112656440546083 0
4071 0.9363038350893724 -6.087584237217121 0
4072 0.956867126196717 -6.100072203328962 0
4073 0.9361327431411011 -6.464469873581816 0
4074 0.9348969188976671 -6.439469873581816 0
4075 0.9579345540542121 -6.45 0
4076 0.9358139749952448 -6.215099319842601 0
4077 0.9347546970723013 -6.1900993198426 0
4078 0.9577580077337216 -6.2 0
4079 0.9358794294789732 -5.913634126850299 0
4080 0.9361073726391105 -5.9375 0
4081 0.8648851495247646 -5.188656967967891 0
4082 0.8640344162414431 -5.21266528113827 0
4083 0.8441520034725434 -5.200991686829621 0
4084 -0.8842820808279619 -5.126012542457532 0
4085 -0.8641491114499666 -5.113817648865516 0
4086 -0.8645343702720307 -5.137927148971178 0
4087 0.8627458304699285 -5.540466798919495 0
4088 0.8650260257940707 -5.512066780026235 0
4089 -0.3364894795065052 -6.863378723962263 0
4090 -0.3607383836304477 -6.863678856016704 0
4091 -0.3483296297857622 -6.841309593051447 0
4092 0.95354765759767 -6.799924968385132 0
4093 0.9788054296694606 -6.786710072657086 0
4094 -0.9589449323698445 -5.649566780026233 0
4095 -0.9795362895415121 -5.662066780026233 0
4096 -0.9794086428283324 -5.6375 0
4097 -0.9568752761312687 -6.05 0
4098 -0.9785259112258795 -6.0625 0
4099 0.8735602917315319 -6.826215417420778 0
4100 0.8867134031985981 -6.848377643808101 0
4101 0.8618468885329291 -6.847933963045013 0
4102 -0.9787024575463702 -5.5625 0
4103 -0.9787024575463702 -5.5875 0
4104 -0.9785259112258795 -5.912500000000001 0
4105 -0.9785259112258795 -5.9375 0
4106 0.978425375699401 -6.737368345442848 0
4107 0.978425375699401 -6.712368345442847 0
4108 0.9801292799355117 -5.08610797319044 0
4109 0.9801292799355117 -5.061107973190439 0
4110 0.821724755604849 -5.512066780026235 0
4111 0.821724755604849 -5.537066780026234 0
4112 -0.9347546970723013 -5.7099006801574 0
4113 -0.9141633399006338 -5.7224006801574 0
4114 -0.9361073726391106 -5.737500000000001 0
4115 0.8341815583040866 -6.847496498603769 0
4116 0.8473346697711528 -6.869658724991092 0
4117 -0.938387640942154 -5.591666666666667 0
4118 -0.9390938262241162 -5.616666666666666 0
4119 -0.9581111003747027 -5.6 0
4120 0.7374999999999998 -6.935048094716167 0
4121 0.7625 -6.935048094716167 0
4122 0.7499999999999999 -6.956698729810778 0
4123 -0.01250000000000019 -6.93610737263911 0
4124 0.01250000000000017 -6.93610737263911 0
4125 0 -6.956698729810778 0
4126 0.2374999999999997 -6.93610737263911 0
4127 0.2625000000000001 -6.93610737263911 0
4128 0.2499999999999999 -6.956698729810778 0
4129 0.9351830928958755 -5.28935199594453 0
4130 0.9573535182530934 -5.301134126850299 0
4131 -0.672400680157399 -6.914571077831291 0
4132 -0.659900680157399 -6.935368405710197 0
4133 -0.8611795697312254 -6.801296871091334 0
4134 -0.8735909075640659 -6.824490321408723 0
4135 0.5744904575648704 -6.914370245999424 0
4136 0.5879355632734531 -6.935504648445521 0
4137 0.8421971729568494 -5.8007883678791 0
4138 0.8205465378622387 -5.8132883678791 0
4139 0.8216506350946107 -5.787500000000001 0
4140 -0.422242176985457 -6.915535560931709 0
4141 -0.409742176985457 -6.936332888810616 0
4142 -0.4374999999999991 -6.93666643598733 0
4143 -0.9580464016303042 -5.800459637169091 0
4144 -0.979697036724915 -5.81295963716909 0
4145 -0.9783493649053892 -5.787500000000001 0
4146 -0.8872956745596806 -6.978467332253359 0
4147 -0.8622956745596803 -6.978467332253359 0
4148 -0.6375000000000002 -6.979408642828332 0
4149 -0.3875 -6.979408642828332 0
4150 -0.3624999999999996 -6.979408642828332 0
4151 -0.1375 -6.979408642828332 0
4152 -0.1124999999999996 -6.979408642828332 0
4153 0.1124999999999999 -6.979408642828332 0
4154 0.1375000000000003 -6.979408642828332 0
4155 0.3624999999999999 -6.979408642828332 0
4156 0.3875000000000003 -6.979408642828332 0
4157 0.6124999999999996 -6.979408642828332 0
4158 0.6375 -6.979408642828332 0
4159 0.8624999999999994 -6.978349364905389 0
4160 0.8874999999999997 -6.978349364905389 0
4161 0.8892849385011419 -5.024734430523229 0
4162 0.8642849385011415 -5.024734430523229 0
4163 0.6124999999999996 -5.021650635094611 0
4164 0.387171687736364 -5.020461024240033 0
4165 0.3621716877363637 -5.020461024240033 0
4166 0.1375000000000001 -5.021650635094611 0
4167 0.1124999999999997 -5.021650635094611 0
4168 -0.1124999999999998 -5.021650635094611 0
4169 -0.1375000000000002 -5.021650635094611 0
4170 -0.3624999999999997 -5.021650635094611 0
4171 -0.3875000000000001 -5.021650635094611 0
4172 -0.8642849385011417 -5.024734430523229 0
4173 -0.8892849385011421 -5.024734430523229 0
4174 -0.2613658731497008 -6.935702883158482 0
4175 -0.2363658731497005 -6.935702883158482 0
4176 -0.25 -6.956698729810778 0
4177 -0.1624999999999999 -5.10719389755011 0
4178 -0.1869576912397612 -5.107849157468577 0
4179 -0.1744576912397612 -5.085139244451022 0
4180 -0.4750000000000004 -5.084307438212067 0
4181 -0.4875000000000006 -5.063716081040399 0
4182 -0.8880827740715469 -6.848123624300123 0
4183 -0.9783493649053892 -5.3625 0
4184 -0.9783493649053892 -5.3875 0
4185 -0.9783493649053893 -5.412500000000001 0
4186 -0.9783493649053893 -5.4375 0
4187 -0.9794086428283324 -5.6125 0
4188 -0.9783493649053892 -5.7625 0
4189 -0.9794086428283324 -5.8625 0
4190 -0.9794086428283324 -5.8875 0
4191 -0.9783493649053892 -6.1125 0
4192 -0.9783493649053892 -6.1375 0
4193 -0.9783493649053893 -6.1625 0
4194 -0.9783493649053893 -6.1875 0
4195 -0.9794086428283324 -6.3625 0
4196 -0.9794086428283324 -6.3875 0
4197 -0.9785259112258797 -6.5125 0
4198 -0.9785259112258797 -6.5375 0
4199 -0.9796445212303824 -6.612732779715212 0
4200 -0.9796445212303824 -6.637732779715211 0
4201 0.9775925968761139 -6.889668141367665 0
4202 0.9775925968761139 -6.864668141367664 0
4203 0.9783493649053893 -6.5875 0
4204 0.9783493649053893 -6.5625 0
4205 0.9783493649053892 -5.6375 0
4206 0.9794086428283324 -5.4875 0
4207 0.9794086428283324 -5.4625 0
4208 0.9783493649053892 -5.1375 0
4209 0.9783493649053892 -5.1125 0
4210 0.821927915427747 -6.210530126418186 0
4211 0.821927915427747 -6.235530126418185 0
4212 0.8211308750556213 -6.565257823014543 0
4213 0.8211308750556213 -6.590257823014543 0
4214 -0.8236217643030341 -6.740265567587954 0
4215 -0.8236217643030341 -6.715265567587954 0
4216 -0.8202337967661489 -6.637295768227659 0
4217 -0.8202337967661489 -6.612295768227659 0
4218 -0.8219279154277471 -6.585530126418185 0
4219 -0.8219279154277471 -6.560530126418184 0
4220 -0.8219279154277469 -6.439469873581816 0
4221 -0.8219279154277469 -6.414469873581815 0
4222 -0.8220953581560397 -6.234900680157399 0
4223 -0.8220953581560397 -6.209900680157399 0
4224 -0.8211308750556213 -5.940257823014542 0
4225 -0.8211308750556213 -5.915257823014542 0
4226 0.5238658731497008 -6.915288072307305 0
4227 0.5125 -6.93610737263911 0
4228 0.2750000000000001 -6.915692561787933 0
4229 0.3277578230145425 -6.915535560931709 0
4230 0.3402578230145425 -6.936332888810616 0
4231 0.4495403628309095 -6.958046401630305 0
4232 0.4342825398163673 -6.937066851992246 0
4233 0.4597421769854576 -6.93571918017272 0
4234 0.8861985961185448 -5.778106511110352 0
4235 0.8652027494662493 -5.789472384260052 0
4236 0.8642971168415168 -5.763634126850301 0
4237 -0.9350480947161672 -6.1375 0
4238 -0.9566987298107783 -6.15 0
4239 0.9132000704142 -5.427298185845452 0
4240 0.9350198962579733 -5.412828312263636 0
4241 0.9146480637416035 -6.674974400502776 0
4242 0.9352267524476023 -6.662496342928968 0
4243 0.9361200411047792 -6.687478057573808 0
4244 0.9151027892154078 -6.075098276753308 0
4245 0.9354976839368137 -6.062514039536187 0
4246 -0.8438513355416286 -5.150366127689581 0
4247 -0.8236860132342005 -5.136919084212483 0
4248 -0.8231359478817937 -5.161552956522903 0
4249 -0.8639843049196239 -5.162561021281597 0
4250 0.9138758762756217 -6.428432312695751 0
4251 0.9356776871887327 -6.413962439113935 0
4252 0.9360584730317996 -6.162933219973767 0
4253 0.8850342214338658 -5.227946715743994 0
4254 0.8643010753816447 -5.240281434605724 0
4255 0.9377991532071854 -5.608333333333333 0
4256 -0.9156861858650611 -6.075052934565876 0
4257 -0.9362839189596011 -6.0625 0
4258 0.8930937060470526 -6.636183326521256 0
4259 0.8919254822583804 -6.662496342928968 0
4260 0.9569047005180171 -6 0
4261 0.9362839189596011 -5.9875 0
4262 0.9069166513666354 -5.764190478356454 0
4263 0.9078222839913679 -5.790028735766206 0
4264 -0.5000000000000007 -5.043301270189222 0
4265 -0.2248109788582831 -6.91481616791324 0
4266 0.5623109788582838 -6.978664467019681 0
4267 -0.9566987298107782 -5.75 0
4268 -0.978349364905389 -5.7375 0
4269 -0.9566987298107783 -6 0
4270 -0.9783493649053892 -5.9875 0
4271 -0.9568752761312689 -6.5 0
4272 -0.9783493649053892 -6.4875 0
4273 0.9572308053688616 -6.749078418099933 0
4274 0.9788054296694606 -6.761710072657086 0
4275 0.9568750508819619 -6.60015183736658 0
4276 0.9785256859765726 -6.612651837366579 0
4277 0.9589938319771556 -6.5 0
4278 0.9794086428283325 -6.5125 0
4279 0.9577580077337216 -6.25 0
4280 0.9783493649053892 -6.2625 0
4281 0.9577580077337216 -5.5 0
4282 0.9783493649053892 -5.5125 0
4283 0.8517849385011418 -5.04638506561784 0
4284 0.8374999999999999 -5.021650635094611 0
4285 0.8419484336408658 -5.550061246512817 0
4286 0.8202236780360169 -5.562994466486583 0
4287 0.8422553438151426 -5.649891402094099 0
4288 0.8206047087205317 -5.662391402094099 0
4289 0.02500000000000024 -6.915692561787933 0
4290 0.9785177612913278 -6.137572203328961 0
4291 0.9785177612913278 -6.112572203328961 0
4292 0.9783493649053892 -5.8875 0
4293 0.9783493649053892 -5.8625 0
4294 0.8216968484834666 -6.262171687736366 0
4295 0.8216968484834666 -6.287171687736365 0
4296 0.9568199016207934 -5.400237111897741 0
4297 0.9354030735187859 -6.637648180295548 0
4298 0.9568750508819617 -6.650151837366579 0
4299 0.8630466991351717 -5.266204644209101 0
4300 0.8420468939427488 -5.250923209603378 0
4301 0.01250000000000009 -6.892806102449889 0
4302 0.03750000000000035 -6.89298264877038 0
4303 -0.9376791871771328 -5.314070100702432 0
4304 -0.917087830005465 -5.326570100702432 0
4305 -0.936107372639111 -5.3375 0
4306 -0.8915320226692207 -6.137817607395255 0
4307 -0.8934899877359815 -6.164723251766787 0
4308 0.9359273634118341 -6.588414681270509 0
4309 0.9361036844830175 -6.613566518637088 0
4310 0.8612447529010965 -5.566394485379845 0
4311 -0.6349006801573993 -6.936045166605411 0
4312 -0.6499999999999997 -6.958140524761451 0
4313 0.1249999999999992 -5.08516074542777 0
4314 0.1124999999999995 -5.064745934576592 0
4315 0.1374999999999995 -5.063716081040399 0
4316 0.4624999999999993 -5.064951905283833 0
4317 0.4374999999999992 -5.064951905283833 0
4318 0.4499999999999997 -5.043301270189222 0
4319 0.774248079796884 -5.085811436877394 0
4320 0.787500000000001 -5.064951905283833 0
4321 -0.7624999999999997 -6.93610737263911 0
4322 -0.7374999999999997 -6.93610737263911 0
4323 -0.7499999999999999 -6.956698729810778 0
4324 0.4874999999999998 -6.93610737263911 0
4325 0.4999999999999999 -6.956698729810778 0
4326 -0.5124999999999998 -6.93610737263911 0
4327 -0.4874999999999997 -6.93610737263911 0
4328 -0.4999999999999998 -6.956698729810778 0
4329 0.5124470654341247 -5.063928427670509 0
4330 0.4874470654341243 -5.063928427670509 0
4331 0.5 -5.043301270189222 0
4332 0.1402578230145413 -5.106291620483392 0
4333 0.1152578230145413 -5.107321474019586 0
4334 -0.8638926273608891 -6.312499999999999 0
4335 -0.8649519052838324 -6.287499999999999 0
4336 -0.9350775191029157 -6.4875 0
4337 -0.9352540654234063 -6.5125 0
4338 0.8652291856169687 -6.235530126418186 0
4339 0.8649981186726883 -6.262171687736366 0
4340 0.8436247639112135 -6.247701814154549 0
4341 0.9346992550588785 -5.862662376789791 0
4342 0.9344219747257423 -5.835692503207976 0
4343 0.956421449477642 -5.848030126418184 0
4344 0.8441520034725434 -5.15099168682962 0
4345 0.8638815014010446 -5.137692827994648 0
4346 0.8647322346843662 -5.163684514824268 0
4347 0.8928692600453804 -5.386543524540845 0
4348 0.8917186260687513 -5.412828312263636 0
4349 -0.01250000000000046 -5.107193897550111 0
4350 -0.03750000000000107 -5.108253175473054 0
4351 -0.02500000000000013 -5.085543262455499 0
4352 -0.03750000000000039 -5.064951905283833 0
4353 -0.06250000000000036 -5.064951905283833 0
4354 -0.05000000000000002 -5.043301270189222 0
4355 0.9790041533477045 -5.288634126850299 0
4356 0.3152578230145421 -5.062990350294171 0
4357 0.2902578230145421 -5.063667111189385 0
4358 0.2999999999999998 -5.041859475238549 0
4359 -0.5625000000000013 -5.064951905283833 0
4360 -0.5500000000000009 -5.043301270189222 0
4361 0.8125000000000008 -5.064951905283833 0
4362 0.8000000000000003 -5.043301270189222 0
4363 -0.0511341268502996 -6.842646481746907 0
4364 -0.03750000000000048 -6.821650635094612 0
4365 0.1625000000000006 -5.178349364905389 0
4366 0.1875000000000008 -5.178349364905389 0
4367 0.8216506350946107 -5.712500000000001 0
4368 0.8216506350946107 -5.737500000000002 0
4369 0.8205465378622387 -5.8382883678791 0
4370 -0.1652578230145427 -6.821130875055622 0
4371 -0.1902578230145428 -6.821130875055622 0
4372 -0.8209958466522952 -5.838634126850299 0
4373 -0.8209958466522952 -5.813634126850299 0
4374 -0.9783493649053894 -5.3125 0
4375 -0.9783493649053894 -5.3375 0
4376 -0.9793624294394763 -6.212828312263635 0
4377 -0.9793624294394763 -6.237828312263636 0
4378 0.9785256859765726 -6.63765183736658 0
4379 0.9784705367154044 -5.387737111897741 0
4380 0.9784705367154044 -5.362737111897742 0
4381 0.8203962588481379 -5.263423209603378 0
4382 0.8203962588481379 -5.288423209603378 0
4383 -0.8206375705605236 -5.637828312263636 0
4384 -0.8206375705605236 -5.612828312263636 0
4385 -0.8205316802468833 -5.537590384793373 0
4386 -0.8205316802468833 -5.512590384793373 0
4387 -0.8210825726136854 -5.286339455954377 0
4388 -0.8210825726136854 -5.261339455954377 0
4389 -0.3001085979059027 -6.957921202505348 0
4390 -0.3132601853413176 -6.936190458117553 0
4391 -0.2881515874354152 -6.934967985422983 0
4392 0.4352767482332123 -5.106510012264017 0
4393 0.4083068746513968 -5.106787292597154 0
4394 0.4230301264181834 -5.086879820711579 0
4395 0.6374680898061942 -5.063653083588405 0
4396 -0.05045963716909059 -6.958046401630305 0
4397 -0.06571746018363273 -6.937066851992246 0
4398 -0.04025782301454248 -6.93571918017272 0
4399 -0.9374019068439963 -5.287100227120616 0
4400 -0.9564214494776424 -5.298030126418184 0
4401 -0.9350480947161672 -5.9875 0
4402 -0.9350480947161672 -6.0125 0
4403 0.9378474943310028 -6.760693427987924 0
4404 0.9374674403609431 -6.736351700773686 0
4405 -0.8652291856169687 -5.664469873581815 0
4406 -0.8639388407497453 -5.637828312263635 0
4407 -0.8425654859882705 -5.652298185845452 0
4408 -0.9351354262681488 -6.540296420976182 0
4409 -0.9360181578706016 -6.565296420976182 0
4410 -0.9579345540542122 -6.55 0
4411 0.01250000000000042 -5.063892627360889 0
4412 -0.01249999999999979 -5.06389262736089 0
4413 1.561251128379126e-16 -5.043301270189222 0
4414 0.9576987253372571 -6.300043549214056 0
4415 0.9783493649053892 -6.2875 0
4416 0.978555335612628 -6.0125 0
4417 0.1995403628309094 -6.958046401630305 0
4418 0.1842825398163672 -6.937066851992246 0
4419 0.2097421769854574 -6.93571918017272 0
4420 -0.6874999999999993 -6.978731881933118 0
4421 -0.3501085979059023 -6.958980480428291 0
4422 -0.3376085979059024 -6.979571837599959 0
4423 -0.1004596371690902 -6.959105679553248 0
4424 -0.08795963716909024 -6.979697036724915 0
4425 0.1495403628309097 -6.959105679553248 0
4426 0.1620403628309097 -6.979697036724915 0
4427 0.6495403628309091 -6.959080458650321 0
4428 0.6620403628309095 -6.979671815821988 0
4429 0.3996716877363636 -5.042111659334644 0
4430 0.4125 -5.021650635094611 0
4431 0.1 -5.043266941738015 0
4432 0.08749999999999993 -5.021616306643404 0
4433 -0.1987754883563275 -5.042862375552146 0
4434 -0.2112754883563273 -5.021211740457535 0
4435 -0.1874999999999996 -5.021650635094611 0
4436 -0.8125000000000003 -5.021650635094611 0
4437 0.841752055170188 -6.300761930854193 0
4438 0.8200552066867215 -6.313590243117829 0
4439 -0.3611202920649317 -5.107032368126499 0
4440 -0.3861202920649317 -5.107032368126499 0
4441 -0.7249999999999994 -6.915692561787933 0
4442 0.6995403628309091 -6.958021180727378 0
4443 0.6842825398163668 -6.936890305671756 0
4444 0.7097421769854573 -6.935567854755157 0
4445 0.1498109788582828 -6.841882561897539 0
4446 0.138445105708582 -6.820886715245243 0
4447 0.1613658731497 -6.820995846652296 0
4448 0.97845429698415 -6.362743739852323 0
4449 -0.7001349527338383 -5.157100890560693 0
4450 -0.712634952733838 -5.178751525655304 0
4451 0.8205788510087408 -6.512526417195325 0
4452 0.8205788510087408 -6.537526417195324 0
4453 -0.9146269079421179 -6.125052934565876 0
4454 -0.9356545487756036 -5.963961013773704 0
4455 -0.9140039136809927 -5.976461013773704 0
4456 -0.9346075751385593 -6.459900680157399 0
4457 -0.9129863644306968 -6.472400680157399 0
4458 -0.864951905283833 -5.237500000000001 0
4459 -0.8853819957281324 -5.2250101702136 0
4460 -0.8637313606335213 -5.2125101702136 0
4461 0.9362268694177384 -6.138005423302728 0
4462 0.956867126196717 -6.150072203328961 0
4463 0.9358794294789732 -5.888634126850299 0
4464 0.9566987298107783 -5.9 0
4465 0.9393169408786317 -5.582638888888889 0
4466 0.8937943170112842 -6.612101664862797 0
4467 0.9144553860486582 -6.625911024199477 0
4468 -0.7376349527338382 -5.178751525655304 0
4469 -0.6355301264181842 -5.178072084572253 0
4470 -0.6105301264181842 -5.178072084572253 0
4471 0.7342825398163674 -6.820679595329731 0
4472 0.7092825398163674 -6.820679595329731 0
4473 0.6370403628309094 -6.820504730498503 0
4474 0.6120403628309092 -6.820504730498503 0
4475 0.4488658731497003 -6.842646481746907 0
4476 0.4624999999999994 -6.821650635094612 0
4477 0.2625000000000007 -5.178349364905389 0
4478 0.2875000000000007 -5.178349364905389 0
4479 0.5125000000000004 -5.178349364905389 0
4480 0.5375000000000005 -5.178349364905389 0
4481 -0.2597421769854583 -6.821130875055622 0
4482 -0.2847421769854583 -6.821130875055622 0
4483 -0.5125000000000004 -6.821650635094612 0
4484 -0.5375000000000005 -6.821650635094612 0
4485 -0.6144698735818162 -6.821927915427747 0
4486 -0.6394698735818161 -6.821927915427747 0
4487 -0.7125000000000001 -6.821650635094612 0
4488 -0.7375000000000002 -6.821650635094612 0
4489 0.1613658731497001 -6.864297116841518 0
4490 0.138445105708582 -6.864187985434466 0
4491 -0.8124917735768908 -6.978425637363952 0
4492 -0.6624999999999999 -6.978731881933118 0
4493 -0.5629596371690908 -6.979697036724915 0
4494 -0.4124999999999998 -6.978731881933118 0
4495 -0.3999999999999994 -6.958140524761451 0
4496 -0.3126085979059029 -6.979571837599959 0
4497 -0.1624999999999998 -6.978349364905389 0
4498 -0.1499999999999994 -6.957758007733721 0
4499 -0.06295963716909077 -6.979697036724915 0
4500 0.08750000000000004 -6.978731881933118 0
4501 0.1000000000000003 -6.958140524761451 0
4502 0.1870403628309092 -6.979697036724915 0
4503 0.3375 -6.978731881933118 0
4504 0.3500000000000003 -6.958140524761451 0
4505 0.4370403628309092 -6.979697036724915 0
4506 0.5873109788582833 -6.978664467019681 0
4507 0.5998109788582833 -6.958073109848013 0
4508 0.687040362830909 -6.979671815821988 0
4509 0.837607908249981 -6.978291880934728 0
4510 0.8501079082499807 -6.956641245840117 0
4511 0.8125000000000004 -5.021650635094611 0
4512 0.562499113605728 -5.021614556714182 0
4513 0.5499991136057278 -5.043265191808793 0
4514 0.1499999999999997 -5.043301270189222 0
4515 0.06250000000000046 -5.021616306643404 0
4516 0.05000000000000028 -5.043266941738015 0
4517 -0.1625000000000001 -5.021650635094611 0
4518 -0.3386341268502988 -5.021279076791615 0
4519 -0.3511341268502989 -5.042929711886226 0
4520 -0.4374999999999994 -5.021650635094611 0
4521 -0.5625000000000007 -5.021650635094611 0
4522 -0.8374999999999998 -5.021650635094611 0
4523 -0.8517849385011419 -5.04638506561784 0
4524 -0.8633890971854369 -5.863570557269479 0
4525 -0.8639893447462822 -5.83905602580897 0
4526 -0.841391445743745 -5.851782785161105 0
4527 0.3995403628309097 -6.959105679553248 0
4528 0.4120403628309097 -6.979697036724915 0
4529 0.8631474494998865 -6.891401920702979 0
4530 0.8913846969993382 -6.889677401583141 0
4531 0.1863658731497 -6.820995846652296 0
4532 -0.3394698735818148 -5.178072084572253 0
4533 -0.3144698735818148 -5.178072084572253 0
4534 0.3374999999999991 -6.821650635094612 0
4535 0.3124999999999991 -6.821650635094612 0
4536 0.1624999999999994 -5.063716081040399 0
4537 0.3015673468240668 -5.157279397742855 0
4538 -0.2967825398163678 -6.841635605554124 0
4539 -0.3120403628309102 -6.820504730498503 0
4540 -0.5514624391139356 -6.842692695135763 0
4541 -0.5639624391139355 -6.821042060041152 0
4542 -0.5888797079350692 -5.107032368126498 0
4543 -0.5750000000000021 -5.086602540378443 0
4544 0.6618633467896907 -6.864584699561355 0
4545 0.6370403628309087 -6.863806000687726 0
4546 0.648903709620601 -6.841788159870636 0
4547 0.7856874926408183 -6.822259950650433 0
4548 0.7606874926408183 -6.822259950650433 0
4549 0.3650993198426011 -5.17790464184396 0
4550 0.3900993198426012 -5.17790464184396 0
4551 0.8202236780360169 -5.587994466486584 0
4552 -0.3612892669548526 -6.820804862552944 0
4553 -0.3862892669548527 -6.820804862552944 0
4554 -0.4125000000000006 -6.821650635094612 0
4555 -0.4375000000000006 -6.821650635094612 0
4556 -0.08819444444444446 -5.063257571291896 0
4557 -0.1131944444444445 -5.063257571291896 0
4558 -0.09999999999999999 -5.043301270189222 0
4559 -0.4874999999999995 -5.178349364905389 0
4560 -0.4624999999999994 -5.178349364905389 0
4561 -0.2873950922898683 -5.178229031006295 0
4562 0.4874999999999995 -6.821650635094612 0
4563 0.9143800130492231 -6.575231744466552 0
4564 0.9351513794481675 -6.561817063196044 0
4565 0.01250000000000057 -5.178349364905389 0
4566 0.03750000000000059 -5.178349364905389 0
4567 -0.01250000000000046 -6.821650635094612 0
4568 -0.8914534268830794 -5.7099006801574 0
4569 -0.8928061024498887 -5.737500000000001 0
4570 -0.9795110686385848 -5.487933219973767 0
4571 -0.9589197114669175 -5.500433219973766 0
4572 -0.9577117943448654 -6.250328312263636 0
4573 -0.9583498786251273 -6.651629458006482 0
4574 0.9582165174822246 -5.549305555555556 0
4575 0.9783493649053892 -5.5375 0
4576 0.841709726064362 -6.552784240209866 0
4577 -0.820461024240033 -6.362828312263636 0
4578 -0.8410523814117002 -6.350328312263636 0
4579 -0.2623950922898682 -5.178229031006295 0
4580 -0.4624999999999994 -6.936283918959601 0
4581 -0.5892071464271009 -6.864097140384611 0
4582 -0.6147145808949814 -6.864982995771206 0
4583 -0.6034323126957513 -6.842969975468899 0
4584 0.6961458866060588 -6.841963024701863 0
4585 0.5847421769854575 -6.821130875055622 0
4586 0.5597421769854574 -6.821130875055622 0
4587 -0.07569444444444484 -5.084908206386507 0
4588 -0.1374999999999993 -5.178349364905389 0
4589 -0.1124999999999993 -5.178349364905389 0
4590 0.1988658731497001 -6.842646481746907 0
4591 0.2124999999999994 -6.821650635094612 0
4592 0.113445105708582 -6.820886715245243 0
4593 0.08749999999999933 -6.821650635094612 0
4594 0.06249999999999937 -6.821650635094612 0
4595 0.33977514912398 -5.136217567395637 0
4596 0.3658071221425144 -5.13519217640213 0
4597 0.3541666666666673 -5.156834674681426 0
4598 0.7592109553061032 -5.179194325645762 0
4599 0.7842109553061031 -5.179194325645762 0
4600 -0.9795110686385848 -5.462933219973767 0
4601 -0.2349006801573986 -5.17790464184396 0
4602 -0.2099006801573987 -5.17790464184396 0
4603 0.6625000000000003 -5.178349364905389 0
4604 0.6875000000000002 -5.178349364905389 0
4605 0.2374999999999993 -6.821650635094612 0
4606 -0.3370403628309101 -6.820504730498503 0
4607 -0.5889624391139354 -6.821042060041152 0
4608 0.8640986522338774 -5.815260752139151 0
4609 -0.9361073726391107 -5.362500000000001 0
4610 -0.9144567375444999 -5.375000000000001 0
4611 -0.9350480947161675 -5.3875 0
4612 -0.8637313606335213 -5.1875101702136 0
4613 -0.8844143953639232 -5.175071191495197 0
4614 -0.9361073726391106 -6.037500000000001 0
4615 -0.8912802719091801 -5.989461321540429 0
4616 -0.8946744293384541 -6.016666666666667 0
4617 -0.9357838789171182 -6.214798185845452 0
4618 -0.9577117943448655 -6.200328312263636 0
4619 -0.8928809191786938 -6.541676128911249 0
4620 -0.9133376692397956 -6.527796420976182 0
4621 0.9168127408609322 -6.723961412904647 0
4622 0.9361960518987911 -6.712346403016656 0
4623 0.9156925617879335 -5.975 0
4624 0.9361073726391105 -5.9625 0
4625 0.8650320145770172 -5.711848412564586 0
4626 0.8860278612293125 -5.725482539414886 0
4627 0.8642971168415168 -5.7386341268503 0
4628 0.1003939747163627 -5.128525219574809 0
4629 0.08513615170182062 -5.107394344519187 0
4630 -0.8937870251228784 -5.437985795428898 0
4631 -0.3847421769854572 -6.93700964970583 0
4632 0.237499999999999 -5.107017351229621 0
4633 0.2124999999999991 -5.107193897550112 0
4634 -0.8374917735768903 -6.978425637363952 0
4635 0.8126079082499815 -6.978291880934728 0
4636 0.5874991136057275 -5.021614556714182 0
4637 0.4374999999999994 -5.021650635094611 0
4638 0.3374999999999997 -5.020591357171668 0
4639 0.3125000000000002 -5.020591357171668 0
4640 -0.06250000000000035 -5.021650635094611 0
4641 -0.08749999999999981 -5.021650635094611 0
4642 -0.3136341268502993 -5.021279076791615 0
4643 -0.4125 -5.021650635094611 0
4644 -0.5875000000000001 -5.021650635094611 0
4645 -0.6623391627623063 -5.023435733753594 0
4646 0.7241018730907216 -5.084598333273691 0
4647 -0.1017827851611065 -6.841391445743747 0
4648 0.1749999999999994 -5.084307438212067 0
4649 0.8627589142848977 -6.799969088697621 0
4650 0.8876254289505667 -6.800412769460708 0
4651 -0.2362754883563276 -5.021211740457535 0
4652 0.8200552066867215 -6.338590243117829 0
4653 -0.08903079114277365 -6.863992572803246 0
4654 -0.1135453226032813 -6.863392325242401 0
4655 0.3652578230145425 -6.93700964970583 0
4656 -0.8387890937519614 -6.892594158438929 0
4657 0.8952283744826233 -6.033349712792218 0
4658 0.8960146095054108 -6.008335673256031 0
4659 -0.2747804458669585 -5.118578329535652 0
4660 -0.8014853127871828 -5.174052956522903 0
4661 -0.8216506350946109 -5.1875 0
4662 0.8225013683779325 -5.188491686829621 0
4663 0.8216506350946109 -5.2125 0
4664 -0.9795362895415121 -5.687066780026234 0
4665 -0.9578856544469011 -5.699566780026233 0
4666 -0.978349364905389 -5.7125 0
4667 -0.9568752761312687 -5.95 0
4668 -0.9783493649053892 -5.9625 0
4669 -0.9785259112258795 -6.0875 0
4670 -0.979585189148823 -6.3375 0
4671 -0.9578611341246108 -6.449566780026233 0
4672 -0.9783493649053892 -6.4625 0
4673 -0.9794086428283325 -6.5625 0
4674 0.9567747406047902 -6.699868345442847 0
4675 0.9783493649053892 -6.6875 0
4676 0.9577580077337218 -6.55 0
4677 0.9794086428283325 -6.5375 0
4678 0.978349364905389 -6.4375 0
4679 0.9783493649053892 -6.1875 0
4680 0.9566987298107782 -5.95 0
4681 0.9783493649053892 -5.9375 0
4682 0.9794952695014971 -5.662959637169091 0
4683 0.978349364905389 -5.4375 0
4684 0.9790041533477045 -5.263634126850299 0
4685 0.9573535182530937 -5.2511341268503 0
4686 0.8415271339037592 -5.30368103261792 0
4687 -0.8203955990914499 -5.863148658310807 0
4688 0.4749470654341238 -5.08557906276512 0
4689 0.4871294580388693 -5.107444499717456 0
4690 0.4621823926047443 -5.108467977330779 0
4691 -0.0666666666666671 -5.105502116982036 0
4692 0.1009451057085821 -6.842537350339855 0
4693 -0.1534064813253495 -6.841526474147072 0
4694 -0.1368214095443394 -6.936194178964497 0
4695 -0.3011341268502989 -5.044629092722144 0
4696 -0.6113390669434199 -5.064594633284679 0
4697 -0.5988390669434192 -5.042943998190069 0
4698 -0.5875000000000015 -5.064951905283832 0
4699 0.08749999999999972 -5.064711606125386 0
4700 -0.2107331795960889 -5.06410899264228 0
4701 -0.1869576912397611 -5.064547887279355 0
4702 0.3852018141545478 -5.064039574762391 0
4703 0.4105301264181838 -5.065229185616968 0
4704 -0.7749999999999995 -6.91463328386499 0
4705 0.5367955512688802 -5.063215433502927 0
4706 0.5242426167030045 -5.083842590984215 0
4707 0.0371060252836373 -5.063567221139553 0
4708 0.02460602528363735 -5.08415857831122 0
4709 -0.8226810565113263 -5.110760252374292 0
4710 -0.8019656688514913 -5.121947081207614 0
4711 0.8631512277211798 -5.113151762628463 0
4712 0.8837314589330026 -5.125844590623111 0
4713 0.7358604580803653 -5.106542198635757 0
4714 0.7114661715773205 -5.106120198533104 0
4715 -0.4374999999999989 -5.107193897550111 0
4716 -0.4124999999999985 -5.108253175473054 0
4717 -0.8513489758089581 -6.870921624580062 0
4718 -0.8609378314098384 -6.84674533117826 0
4719 -0.5277578230145421 -6.915127823001052 0
4720 -0.2745174605851157 -6.913972138770687 0
4721 -0.02775782301454232 -6.915127823001052 0
4722 0.2222421769854575 -6.915127823001052 0
4723 0.4722421769854577 -6.915127823001052 0
4724 0.7222421769854575 -6.913917219660546 0
4725 -0.1256944444444444 -5.083848928463563 0
4726 0.2777578230145418 -5.084464439068292 0
4727 0.2624999999999995 -5.06333356401267 0
4728 0.05974217698545813 -5.106215631082146 0
4729 0.07460602528363672 -5.085011885526924 0
4730 -0.9357650753879341 -5.465532539816367 0
4731 -0.9578604335439742 -5.450433219973768 0
4732 -0.9370668519922458 -5.815717460183633 0
4733 0.8936526878218609 -5.362309571400021 0
4734 0.8606131206164007 -6.31770219107389 0
4735 0.8622547624131459 -6.291283635692427 0
4736 -0.0923611111111112 -5.103807782990099 0
4737 0.9355874637850996 -6.337561104646073 0
4738 0.957803657416018 -6.35028728906638 0
4739 0.5967825398163671 -6.841635605554124 0
4740 -0.3987892669548527 -6.842455497647556 0
4741 0.8433012701892213 -5.750000000000001 0
4742 0.8216506350946107 -5.762500000000001 0
4743 0.3509451057085821 -6.842537350339855 0
4744 -0.8426464817469057 -5.801134126850299 0
4745 -0.8216506350946106 -5.7875 0
4746 -0.7624999999999991 -6.892806102449889 0
4747 0.2499999999999996 -5.042918753161493 0
4748 0.8001079082499812 -6.956641245840117 0
4749 -0.8216506350946106 -5.762499999999999 0
4750 -0.6113390669434187 -5.021293363095459 0
4751 -0.636339066943419 -5.021293363095459 0
4752 -0.9354011873571484 -5.5625 0
4753 -0.9566987298107785 -5.350000000000001 0
4754 -0.979697036724915 -5.83795963716909 0
4755 -0.9591056795532475 -5.850459637169091 0
4756 0.8418743131306279 -5.600494466486584 0
4757 0.8206047087205317 -5.687391402094098 0
4758 0.8422553438151423 -5.699891402094099 0
4759 0.8416774129178599 -5.853546190893642 0
4760 -0.842161712193896 -6.597825894645843 0
4761 -0.8216506350946107 -6.262499999999999 0
4762 -0.8437459932506504 -6.2474006801574 0
4763 -0.8422882056551344 -5.600328312263636 0
4764 -0.8427332077082964 -5.248839455954378 0
4765 -0.6874999999999991 -6.89298264877038 0
4766 -0.6599006801573987 -6.891684618493246 0
4767 -0.2363658731497006 -6.892401612969261 0
4768 -0.2134451057085824 -6.892510744376313 0
4769 0.8998940657679773 -6.957180063778993 0
4770 0.5121022226242548 -6.893118787440711 0
4771 0.5359680957739557 -6.892890844280574 0
4772 0.6131245844151694 -6.936248824254172 0
4773 -0.9359416217084243 -5.684467460183632 0
4774 0.8915776337777828 -5.439469873581817 0
4775 -0.2487754883563275 -5.044561756388065 0
4776 0.2624999999999998 -6.892806102449889 0
4777 0.2875000000000001 -6.89298264877038 0
4778 -0.8635350669553707 -6.612295768227659 0
4779 -0.8652291856169689 -6.585530126418185 0
4780 -0.9357699794523919 -6.434467460183632 0
4781 -0.8643838428029076 -5.261339455954378 0
4782 -0.8918867259686165 -5.965922335314134 0
4783 -0.8927614709897823 -6.112870541961131 0
4784 0.8928187709155573 -6.687478057573808 0
4785 0.8919899474647464 -6.439812463820248 0
4786 0.892770715755812 -6.414305029352367 0
4787 0.9156635783103938 -6.125517457190888 0
4788 0.9138799547270735 -5.87629650364009 0
4789 0.8930025649001504 -6.087584237217121 0
4790 0.8921964137475916 -6.062514039536187 0
4791 -0.8423889396677797 -6.402298185845452 0
4792 -0.820461024240033 -6.387828312263636 0
4793 -0.8415264741470712 -5.903406481325349 0
4794 -0.8203955990914499 -5.888148658310806 0
4795 0.9569047005180171 -6.05 0
4796 -0.905798711185509 -5.138388813158572 0
4797 -0.9054134523634449 -5.11427931305291 0
4798 0.6124946816343653 -5.064735435001261 0
4799 -0.843301270189222 -5.2 0
4800 -0.9566987298107784 -5.4 0
4801 -0.8421823153414942 -5.550090384793373 0
4802 -0.8432535634766358 -5.298680952782436 0
4803 0.8216506350946109 -5.237500000000001 0
4804 -0.9788690360620804 -5.064878262734663 0
4805 -0.9788690360620804 -5.089878262734662 0
4806 -0.9794086428283325 -6.5875 0
4807 -0.9777800906686657 -6.812756657749048 0
4808 -0.9777800906686657 -6.837756657749049 0
4809 0.9783493649053892 -6.6625 0
4810 0.9783493649053892 -6.1625 0
4811 0.978555335612628 -6.0375 0
4812 0.9783493649053892 -5.9125 0
4813 0.978349364905389 -5.4125 0
4814 -0.9363432510411605 -6.637732779715211 0
4815 -0.9354040872055231 -6.663896678291271 0
4816 -0.9144567375444996 -6.025 0
4817 -0.8957337072613973 -6.041666666666667 0
4818 0.8639860882029381 -5.686739814658684 0
4819 -0.9581111003747028 -5.55 0
4820 -0.957934554054212 -5.9 0
4821 -0.9579345540542121 -6.3 0
4822 -0.979585189148823 -6.3125 0
4823 -0.9589204120475541 -6.399566780026233 0
4824 -0.9590531640587149 -6.600232779715212 0
4825 0.9583643944458755 -5.703217460183633 0
4826 0.9794952695014971 -5.68795963716909 0
4827 0.8438201137608887 -5.496967460183633 0
4828 0.787181671253504 -6.935967397266466 0
4829 -0.8368571093014772 -6.84728832168866 0
4830 -0.9361073726391107 -5.8875 0
4831 -0.9361073726391108 -5.537500000000001 0
4832 0.8653966283452617 -5.4849006801574 0
4833 0.5999991136057276 -5.043265191808793 0
4834 0.8653966283452615 -6.484900680157401 0
4835 0.8638801211979624 -6.512526417195325 0
4836 0.8426742091647806 -6.497427097352724 0
4837 -0.8932127074028453 -6.191693125348603 0
4838 -0.8913063049493373 -6.4599006801574 0
4839 -0.9082531754730551 -5.2375 0
4840 -0.9070326308227432 -5.2125101702136 0
4841 0.5617946648746077 -5.063179355122498 0
4842 0.8411860817423427 -6.353848066132371 0
4843 0.1152578230145424 -6.93700964970583 0
4844 0.9362106573711108 -6.536817063196043 0
4845 -0.8935515244447758 -5.359719533675181 0
4846 -0.3386341268502986 -5.064580346980836 0
4847 0.8095163410246591 -6.892228662636001 0
4848 0.835482119271044 -6.890964456261736 0
4849 -0.8652291856169685 -6.414469873581815 0
4850 -0.8637622944292545 -6.387828312263635 0
4851 0.06210602528363721 -5.063532892688346 0
4852 0.3496716877363638 -5.041052381411701 0
4853 -0.648678229705725 -5.044729096849053 0
4854 0.5874937952400932 -5.064699356620832 0
4855 0.5576279982079411 -5.103729566820702 0
4856 0.5742902329032454 -5.084649598314966 0
4857 0.7746816712535038 -6.914316762171855 0
4858 -0.8637689145241335 -6.260899261466072 0
4859 -0.8642136375855627 -6.233299941623471 0
4860 0.9242470498646551 -5.061813666220255 0
4861 0.9035460194655168 -5.044575665831482 0
4862 -0.9194596039367655 -5.060878828911011 0
4863 -0.9005589858592253 -5.045677261530017 0
4864 -0.8611125132708013 -6.682643010260203 0
4865 -0.8434126648995037 -6.702676746528837 0
4866 0.1530515646029085 -5.162913847362145 0
4867 0.1308093876174498 -5.148790656994359 0
4868 0.8826738097245511 -6.481804761101798 0
4869 0.8959200935276075 -6.458774634683612 0
4870 -0.8957780357247439 -6.208218140324835 0
4871 -0.8814748656766249 -6.229647528209092 0
4872 0.9228343571517239 -5.753726283831842 0
4873 0.937433312476373 -5.730927755340231 0
4874 0.3290969000922715 -5.120216446431764 0
4875 0.3061469208069002 -5.105327904996096 0
4876 0.8742187478411791 -6.193907361565197 0
4877 0.861098568552759 -6.216937487983381 0
4878 0.6699156247527313 -6.881256092817422 0
4879 0.6921578017381895 -6.895173312477967 0
4880 -0.8741819673577436 -6.456092638434804 0
4881 -0.8610617880693233 -6.43306251201662 0
4882 -0.8742187478411791 -5.706092638434805 0
4883 -0.861098568552759 -5.68306251201662 0
4884 0.1718391066623776 -6.880412747323801 0
4885 0.1940812836478356 -6.89448129240191 0
4886 -0.5785202045661477 -6.880126562186656 0
4887 -0.5560333202675243 -6.894441297110528 0
4888 0.882673809724551 -5.481804761101797 0
4889 0.8959020785969449 -5.458774634683612 0
4890 -0.9245923260126172 -5.244300232012636 0
4891 -0.9377125053010371 -5.26733035843082 0
4892 -0.2469255984519885 -6.87633535214491 0
4893 -0.2691677754374465 -6.862418132484365 0
4894 0.9054455379882038 -5.256098179789606 0
4895 0.918974037249341 -5.279034614278113 0
4896 0.8627529175624022 -6.580490449358011 0
4897 0.8778383610116203 -6.601419609935756 0
4898 -0.83833691137933 -5.345691712299437 0
4899 -0.8519594372274337 -5.368069749146559 0
4900 0.8618581733530204 -5.331987386226918 0
4901 0.8769260269901952 -5.352944775489584 0
4902 0.5690977873669383 -6.862578829146383 0
4903 0.5464578330057355 -6.87680873379775 0
4904 0.9389749681904626 -5.816416710288626 0
4905 0.925173053237939 -5.793942935376595 0
4906 -0.8757326293622811 -5.955622678861597 0
4907 -0.8622819623195004 -5.93141918033571 0
4908 -0.3538213323421123 -5.122559817402502 0
4909 -0.3321709138589954 -5.136900804037476 0
4910 -0.861298098532704 -6.567015597412214 0
4911 -0.8756415872413816 -6.545365178929096 0
4912 -0.8944197379828619 -5.806003096143898 0
4913 -0.880043420809518 -5.828667172088028 0
4914 -0.07863689048859099 -6.880047294477874 0
4915 -0.05599804921065906 -6.894420383594255 0
4916 0.8624670401158419 -6.38119766894982 0
4917 0.8767785585326889 -6.403782436173709 0
4918 0.8624751240425916 -5.881147835621912 0
4919 0.8767050286939599 -5.903787789983115 0
4920 -0.633123688844911 -6.861094818993861 0
4921 -0.6561538152630944 -6.87421499828228 0
4922 0.3558809121238208 -6.894753205569925 0
4923 0.3781230891092785 -6.88045346888165 0
4924 0.4217941711272579 -6.88037390653979 0
4925 0.4440363481127155 -6.894442451617898 0
4926 -0.1807892425612913 -6.862478499515166 0
4927 -0.2030314195467488 -6.876395719175711 0
4928 0.1058809121238205 -6.894753205569925 0
4929 0.128123089109278 -6.880453468881649 0
4930 0.3912253653163892 -5.104206010987029 0
4931 0.3689030411981188 -5.117914995022841 0
4932 -0.3939557857439849 -6.894651379686373 0
4933 -0.3711627254341229 -6.879924366272634 0
4934 0.06966338204218497 -5.14887810159388 0
4935 0.04702723034036425 -5.162928421462064 0
4936 -0.6178273019962743 -5.136902850532358 0
4937 -0.5961768835131582 -5.122561863897384 0
4938 -0.8034753691036319 -6.818827682996139 0
4939 -0.8266983515548105 -6.830383697139569 0
4940 0.7906547553770444 -6.839699062963984 0
4941 0.8148019325073812 -6.852049742588475 0
4942 -0.9370545926407625 -5.079814260638886 0
4943 -0.9216505979391781 -5.103263789781198 0
4944 0.8824719233142337 -6.231407361565198 0
4945 0.8955759852919243 -6.209006681407797 0
4946 -0.895979698147226 -6.559281891970211 0
4947 -0.8826714532941786 -6.581485470994029 0
4948 -0.882435142830798 -6.418592638434803 0
4949 -0.8953920828747466 -6.440993318592203 0
4950 -0.8824719233142337 -5.668592638434803 0
4951 -0.8955759852919243 -5.690993318592203 0
4952 0.9044549979898484 -5.807858968130493 0
4953 0.9172527737716991 -5.831048960660231 0
4954 -0.8938619287993236 -5.457701021627097 0
4955 -0.8809091922391961 -5.480101701784496 0
4956 0.8748149330077978 -6.444647351340229 0
4957 0.8614678976913693 -6.466705441259196 0
4958 0.3832945587408061 -5.138532102308631 0
4959 0.4034719871314181 -5.123836202539467 0
4960 -0.2172446421319446 -5.137178905935363 0
4961 -0.1948439619745456 -5.124226169375235 0
4962 -0.8614519444031418 -6.216148946900418 0
4963 -0.8761478441723054 -6.195971518509806 0
4964 -0.6410544954204942 -6.895803427343192 0
4965 -0.6188985225762605 -6.882221983909572 0
4966 0.8744206342514963 -5.444304761101797 0
4967 0.861467897691369 -5.466705441259196 0
4968 0.8293141512691576 -6.830324980642396 0
4969 0.8049672627362262 -6.817439112313551 0
4970 -0.9367460481976115 -6.979490205429055 0
4971 -0.9117460481976121 -6.979490205429055 0
4972 0.9392610809643747 -5.019841235308252 0
4973 0.9142610809643752 -5.019841235308252 0
4974 -0.9112740473580836 -5.020942831006787 0
4975 -0.9362740473580831 -5.020942831006787 0
4976 -0.8990417227572923 -6.957957537682415 0
4977 0.9792032494092764 -6.93772435602124 0
4978 0.9792032494092764 -6.91272435602124 0
4979 0.7455312610849899 -5.12303150331387 0
4980 0.7681298381076109 -5.138193797012047 0
4981 -0.8197909005964698 -6.662411178940884 0
4982 -0.8400246973626186 -6.649706947168542 0
4983 -0.8197909005964698 -6.687411178940883 0
4984 -0.8565030587735389 -6.636283523925231 0
4985 -0.8455358197126114 -5.10420676460347 0
4986 -0.9614039534146259 -6.800517413930666 0
4987 -0.9461306864837633 -6.778129634741352 0
4988 -0.8169071402475013 -6.762500000000001 0
4989 0.8167276104219635 -6.762615155583152 0
4990 -0.9835766521974374 -6.861768315833973 0
4991 -0.9835766521974374 -6.886768315833973 0
4992 0.8956490473580803 -6.867584165753293 0
4993 0.9386747708123455 -6.78168749623733 0
4994 0.1630515646029078 -5.100432422533567 0
4995 0.01194843539709183 -5.100593770973807 0
4996 0.5113985566834865 -5.100182478864609 0
4997 0.6871406455705411 -5.100372950028743 0
4998 -0.4380874831767317 -6.900255920109776 0
4999 -0.4625 -5.100754115003303 0
5000 -0.3370988937063766 -6.942786657857387 0
5001 0.6622549420828969 -5.100287231937018 0
5002 -0.08854674397317969 -6.942948588146455 0
5003 0.1619484353970914 -6.943172591102375 0
5004 -0.7124999999999994 -6.899422431317188 0
5005 0.4878628055011309 -6.899803622283098 0
5006 -0.5119125168232674 -6.899997826203153 0
5007 0.6615217876772164 -6.942959895845018 0
5008 -0.8999978262031533 -5.761912516823267 0
5009 0.9407076606079623 -5.557395373519247 0
5010 -0.8152949675569505 -5.7375 0
5011 -0.9847050324430493 -5.137499999999999 0
5012 0.8178108970917359 -5.366825528553872 0
5013 0.8152949675569505 -6.162500000000001 0
5014 -0.8182504740462733 -6.034354664701183 0
5015 -0.942443386471586 -5.513106507963274 0
5016 -0.9424443672844773 -6.386893492036727 0
5017 -0.9430285056584605 -5.662228798147704 0
5018 -0.8574620874918517 -6.337565662452727 0
5019 0.9000913604623586 -5.986746690126355 0
5020 -0.7613609522203588 -6.814804984017246 0
5021 0.8565711937641588 -5.288635366377616 0
5022 -0.9003168669216386 -5.187689966888034 0
5023 -0.137781417777087 -6.856706565821075 0
5024 -0.9427770570505791 -6.61333861985349 0
5025 0.899436550751451 -6.112687728655299 0
5026 0.06191251682326776 -6.900255920109776 0
5027 0.5374999999999994 -6.815294967556951 0
5028 -0.9847050324430495 -5.2375 0
5029 0.9847050324430492 -5.7625 0
5030 0.9847050324430495 -5.162500000000001 0
5031 0.8152949675569504 -5.937500000000001 0
5032 0.8152949675569505 -6.437500000000001 0
5033 0.8147751217026701 -6.688502831397189 0
5034 -0.9397969612377579 -6.24211122014889 0
5035 -0.9426421873734011 -5.863227871828461 0
5036 0.5649800532070313 -5.182555136774758 0
5037 0.3119125168232677 -6.900255920109776 0
5038 0.6124835575637295 -6.856882600190271 0
5039 -0.1874999999999993 -5.184705032443048 0
5040 -0.9425474936753666 -6.41146027206296 0
5041 0.9000010760301871 -6.712308322072119 0
5042 0.8991911886938784 -6.138036711411945 0
5043 0.899914814141868 -5.961746690126356 0
5044 0.9430945078314696 -5.487011938309102 0
5045 -0.8569321097052647 -5.536924961049724 0
5046 -0.8604574025109368 -5.60941080875202 0
5047 -0.4381092896582551 -5.185201973040219 0
5048 0.9425375769686192 -6.512757387355572 0
5049 0.2125000000000008 -5.184705032443049 0
5050 -0.08501984126984077 -5.182559431820048 0
5051 -0.9002197793940722 -5.338118052871983 0
5052 0.2874999999999991 -6.815294967556951 0
5053 -0.9847050324430493 -5.1125 0
5054 -0.2125000000000008 -6.815294967556952 0
5055 0.03749999999999939 -6.815294967556952 0
5056 -0.5844535517087204 -5.182708595011873 0
5057 0.4166658232002517 -5.181987385326385 0
5058 -0.4625000000000006 -6.815294967556952 0
5059 -0.4875000000000007 -5.100577568682812 0
5060 0.9001763715643838 -5.212115576507428 0
5061 0.3377334878938006 -5.057454849094614 0
5062 0.9847050324430492 -5.7875 0
5063 0.8152949675569504 -5.912500000000001 0
5064 0.8173673151038339 -6.014980437292386 0
5065 0.8152949675569505 -6.412500000000001 0
5066 0.817948375972263 -6.616907467767806 0
5067 -0.8179502683034188 -6.533300634844936 0
5068 -0.8181691460827728 -6.183323589886573 0
5069 0.8152949675569505 -6.187500000000002 0
5070 -0.814454195540173 -6.462893974716363 0
5071 -0.8147925782400594 -5.962814761851231 0
5072 0.9427141232891096 -6.487757387355572 0
5073 0.9429299118515645 -6.237325632388592 0
5074 0.3624051756301646 -5.057324516162979 0
5075 -0.4875000000000005 -6.815294967556952 0
5076 0.2619125168232672 -5.099744079890225 0
5077 0.4874364785209494 -5.185644220897999 0
5078 0.6379960106414062 -5.185171281392796 0
5079 -0.2375000000000007 -6.815294967556952 0
5080 0.2375000000000007 -5.184705032443049 0
5081 0.4119484353970916 -6.943172591102375 0
5082 0.2624999999999991 -6.815294967556951 0
5083 -0.6875000000000002 -6.815294967556952 0
5084 0.7375 -5.184705032443049 0
5085 -0.01200396825396791 -5.185172140401854 0
5086 0.7125 -5.184705032443049 0
5087 -0.6625000000000003 -6.815294967556952 0
5088 0.01249999999999943 -6.815294967556952 0
5089 -0.1624999999999993 -5.184705032443048 0
5090 -0.01191251682326763 -6.899997826203153 0
5091 0.8144876840858315 -5.43698013603148 0
5092 0.8143987394735458 -6.087500000000001 0
5093 -0.8149306148071653 -6.111728239456365 0
5094 -0.8152949675569505 -5.712499999999999 0
5095 0.5124999999999994 -6.815294967556951 0
5096 0.2380874831767322 -6.899997826203154 0
5097 -0.8999573408004978 -6.088460376291436 0
5098 -0.1384722222222221 -5.100112201355397 0
5099 -0.511890710341744 -5.185201973040219 0
5100 -0.3655464482912786 -5.182708595011873 0
5101 0.8564609198725094 -5.662239365025835 0
5102 -0.5881322066999299 -6.942930456513139 0
5103 -0.942900858945281 -5.637662018121471 0
5104 0.8998992580426322 -5.138156874933182 0
5105 -0.9432590063193218 -6.31335658157705 0
5106 0.9431490513680509 -5.68751258486195 0
5107 -0.8573317545602173 -6.362893974716362 0
5108 0.8569618569329616 -6.537012997839282 0
5109 -0.9005698112077412 -5.162740817956031 0
5110 0.3874080725661821 -6.942884197205792 0
5111 0.8568961733074059 -5.838286326885568 0
5112 0.137408072566182 -6.942884197205792 0
5113 -0.6126725695308395 -6.942642062616556 0
5114 -0.8564347045758292 -5.88777528658797 0
5115 -0.7374999999999994 -6.899245884996697 0
5116 -0.1141666666666666 -5.099477145286405 0
5117 -0.9425458122818382 -5.488539727937041 0
5118 -0.9847050324430495 -5.212499999999999 0
5119 0.9847050324430495 -5.1875 0
5120 -0.9425411786485293 -6.588105840138279 0
5121 0.6369814248463069 -6.942696722851363 0
5122 0.9394910954581727 -6.309072391314412 0
5123 0.8593736975793935 -5.592090430094069 0
5124 -0.3619902958004738 -6.942623463085761 0
5125 -0.9429305812699837 -5.838687508997551 0
5126 -0.8997871704028796 -6.06340744172556 0
5127 0.8565963378231596 -6.338709064995289 0
5128 -0.1130871068040891 -6.942660194249871 0
5129 0.1880515646029079 -5.100608968854058 0
5130 -0.3124087175202789 -6.85678990909974 0
5131 0.7866120204413758 -6.899952758429701 0
5132 0.0365544606807287 -5.100268364752472 0
5133 0.5357470425182422 -5.099469484697026 0
5134 0.9566987298107776 -6.981698729810778 0
5135 0.981698729810778 -6.981698729810778 0
5136 0.981698729810778 -6.956698729810777 0
5137 -0.9816987298107784 -6.981698729810779 0
5138 -0.9566987298107781 -6.981698729810779 0
5139 -0.9566987298107781 -5.018301270189221 0
5140 -0.9816987298107784 -5.018301270189221 0
5141 0.9816987298107784 -5.018301270189221 0
5142 0.9566987298107781 -5.018301270189221 0
5143 -0.9816987298107784 -5.043301270189222 0
5144 -0.9816987298107784 -6.956698729810778 0
5145 0.9816987298107784 -5.043301270189222 0
5146 -0.9836238627459604 -6.787760756181617 0
5147 -0.1914765252553313 -6.898810274119691 0
5148 -0.1648528290910885 -6.898133160595709 0
5149 0.9019455670144012 -5.715018344890273 0
5150 0.9012106692789008 -5.741804059175988 0
5151 -0.2303416774665226 -5.061715025399204 0
5152 -0.2565661891101949 -5.063853300872198 0
5153 0.366568194817861 -6.858038913937671 0
5154 0.340623089109278 -6.858802833787039 0
5155 -0.3830028757133799 -6.85785523536182 0
5156 -0.4092136087585279 -6.858701007903487 0
5157 0.8988743135605544 -5.892024139457669 0
5158 0.8976941391404597 -5.866052389397161 0
5159 0.1155515646029084 -5.184564482456755 0
5160 0.1405515646029084 -5.184564482456755 0
5161 0.7041981645690993 -6.858634417957929 0
5162 0.6817789715424235 -6.859238252000332 0
5163 0.2908890977923584 -5.141278276778983 0
5164 0.3174564446164244 -5.14185894471106 0
5165 -0.8161659205163796 -5.383350215471379 0
5166 -0.8161659205163796 -5.358350215471378 0
5167 0.8981812574264638 -5.342823922335187 0
5168 0.8969062378455701 -5.317447432306606 0
5169 -0.8978498170746573 -5.916161357321168 0
5170 -0.8984562711340935 -5.942622371094872 0
5171 0.8986644873435643 -6.392402285049212 0
5172 0.8975742684134522 -6.365957401367294 0
5173 0.5582214835311815 -6.898978018664344 0
5174 0.5849801947966502 -6.898288135516601 0
5175 -0.8580457693678263 -5.816879399979655 0
5176 -0.8587005578101417 -5.790745273129356 0
5177 0.05952723034036426 -5.184579056556675 0
5178 0.08452723034036427 -5.184579056556675 0
5179 0.2093391066623776 -6.85876211222919 0
5180 0.1832049798120783 -6.858107323786874 0
5181 0.1165681948178607 -6.858038913937671 0
5182 0.09062308910927798 -6.858802833787038 0
5183 -0.8171094959539303 -6.854559990541369 0
5184 -0.7909753691036312 -6.853875777712306 0
5185 -0.2850771858874036 -6.897905877946336 0
5186 -0.2582914716016892 -6.898640775681836 0
5187 -0.04074022619611693 -6.858701203421536 0
5188 -0.06687435304641617 -6.85804641497922 0
5189 -0.2933598334078978 -5.063828974407873 0
5190 -0.3194939602581969 -5.061758035268959 0
5191 0.9417992510488746 -5.266950872034181 0
5192 0.9411444626065592 -5.240816745183882 0
5193 -0.5407754972529824 -6.858722116937808 0
5194 -0.5672379363669174 -6.858113541884348 0
5195 0.8992000410132258 -6.591147307613977 0
5196 0.8984240570495592 -6.564549689539512 0
5197 -0.8626603981717419 -5.30637796972846 0
5198 -0.8615719799224769 -5.280375928854778 0
5199 -0.8183204961853922 -5.443557793142627 0
5200 -0.8183204961853922 -5.418557793142627 0
5201 0.4592941711272575 -6.858723271445179 0
5202 0.4331600442769584 -6.858068483002864 0
5203 -0.6304774011819214 -5.061668617654292 0
5204 -0.6564774970008086 -5.063810988312428 0
5205 -0.7855750906803002 -5.157244417947682 0
5206 -0.7840897778931174 -5.18319146142478 0
5207 -0.7590897778931174 -5.18319146142478 0
5208 0.8354872332444645 -5.062218254781715 0
5209 -0.9114620400225394 -6.718618505474761 0
5210 -0.6911834330402735 -5.061383769452969 0
5211 -0.7169811293189379 -5.059370508125999 0
5212 -0.7818089800088746 -5.111046949630402 0
5213 -0.7273240906981617 -5.080656284831035 0
5214 -0.7077237905195193 -5.095400661928697 0
5215 0.8279136958432044 -5.168638844551144 0
5216 0.8270629625598828 -5.142647157721524 0
5217 -0.7467247306269555 -5.161942987080084 0
5218 -0.7654184018376834 -5.14634428637047 0
5219 0.918911405804427 -6.768960778911083 0
5220 0.8982813668948512 -6.78206064394902 0
5221 0.7839188828015087 -5.102300741555507 0
5222 0.7581669625983911 -5.101509638054457 0
5223 0.8780050484310017 -6.564719206987427 0
5224 0.7093635370266138 -6.878441109874109 0
5225 0.115551564602906 -5.164811355297538 0
5226 0.09999999999999817 -5.180246872840783 0
5227 0.87690223321342 -5.316941719986614 0
5228 -0.1651641790130288 -6.877658591189169 0
5229 -0.8359190476755958 -5.383350215471379 0
5230 -0.8197531271592162 -5.4 0
5231 0.2903016146156255 -5.12060754581803 0
5232 -0.4098010919352597 -6.879371738864439 0
5233 -0.2847939531413577 -6.87757243602998 0
5234 0.2099265898391102 -6.87935129560401 0
5235 0.340035605932546 -6.879473564747991 0
5236 0.8776938844321376 -5.865887971613838 0
5237 0.9222179693985486 -5.715222880018548 0
5238 -0.882951178969142 -5.307154525772383 0
5239 0.8778772961966588 -6.366058667812737 0
5240 0.9205876881187218 -5.24026704055304 0
5241 -0.04015274301938437 -6.879290386796356 0
5242 0.5847988051143007 -6.877825823782528 0
5243 0.0845272303403618 -5.164825929397459 0
5244 -0.5401880140762496 -6.879311300312629 0
5245 -0.7898363213239907 -6.833632667013385 0
5246 0.4596569766283888 -6.879118250899944 0
5247 -0.8771901927482584 -5.915787985598331 0
5248 -0.8380736233446083 -5.418557793142628 0
5249 -0.2933284685317489 -5.083833379769414 0
5250 -0.2749686351238509 -5.0667044372226 0
5251 0.09003560593254581 -6.879473564747991 0
5252 -0.8792897411849627 -5.790157789952623 0
5253 -0.256534824234046 -5.083857706233739 0
5254 -0.6568550628433772 -5.082388011497593 0
5255 -0.6750558913671808 -5.065448490692354 0
5256 -0.9603643341021952 -6.753863382423525 0
5257 -0.9836238627459604 -6.762760756181618 0
5258 -0.8775908746817217 -6.669219587016892 0
5259 -0.8560601626038598 -6.661398934638456 0
5260 -0.7828139367317488 -5.137205781468593 0
5261 0.9459598107751535 -5.038142505497475 0
5262 -0.9429727771688619 -5.039244101196009 0
5263 -0.9434447780083903 -6.961188935239834 0
5264 0.9609019792200545 -6.944423085832018 0
5265 -0.9420231820758879 -6.288356581577051 0
5266 -0.9387838967036708 -6.266782907885254 0
5267 -0.6915962488464265 -5.099465383168083 0
5268 -0.6642868293073075 -5.101166032890012 0
5269 -0.4103296601621896 -6.899922372933061 0
5270 -0.8614704670450242 -5.584082496488383 0
5271 0.3396703398378099 -6.899922372933061 0
5272 0.08967033983780975 -6.899922372933061 0
5273 0.8608006546379876 -5.616595963607486 0
5274 0.857513880979842 -6.564744403658501 0
5275 0.9425229068109321 -5.714810770707402 0
5276 0.8574805105007886 -5.865255782021011 0
5277 0.9418706339286211 -6.262325632388592 0
5278 0.9384910999316938 -6.284028842100356 0
5279 -0.901791593932094 -5.314688153574415 0
5280 -0.5368907103417441 -5.185201973040219 0
5281 -0.5594535517087205 -5.182708595011873 0
5282 0.9420352299085264 -5.512011938309102 0
5283 0.9391898729365158 -5.533089817963692 0
5284 -0.8147925782400594 -5.98781476185123 0
5285 -0.8182504740462733 -6.009354664701182 0
5286 -0.1648905824808223 -6.857441841785247 0
5287 0.4416658232002517 -5.181987385326385 0
5288 0.4624364785209495 -5.185644220897999 0
5289 -0.8181691460827728 -6.158323589886574 0
5290 0.8573058099716422 -5.315469979788781 0
5291 -0.814454195540173 -6.487893974716363 0
5292 0.6129960106414062 -5.185171281392796 0
5293 0.5899800532070312 -5.182555136774758 0
5294 -0.4131092896582551 -5.185201973040219 0
5295 -0.3905464482912787 -5.182708595011873 0
5296 -0.8996096337367625 -5.78967033983781 0
5297 0.8143987394735458 -6.062500000000001 0
5298 -0.8179502683034188 -6.508300634844936 0
5299 0.8575068462465887 -5.637347962931737 0
5300 -0.8571699805400006 -5.914884451291705 0
5301 0.8147751217026701 -6.663502831397189 0
5302 0.817948375972263 -6.641907467767806 0
5303 0.8144876840858315 -5.411980136031481 0
5304 0.2896703398378097 -5.100077627066939 0
5305 -0.0600198412698408 -5.182559431820048 0
5306 -0.03700396825396787 -5.185172140401854 0
5307 0.1152578230145396 -5.144473047378387 0
5308 0.08513615170181887 -5.144545917877988 0
5309 -0.2851105316748271 -6.857416053656859 0
5310 0.4601049824865887 -6.899415429816708 0
5311 -0.5396703398378098 -6.899609633736763 0
5312 0.8178108970917359 -5.391825528553873 0
5313 0.8173673151038339 -6.039980437292385 0
5314 0.5851853717182777 -6.857508744747389 0
5315 -0.2858810498030629 -5.102487641593474 0
5316 -0.2638366663115975 -5.102799530526318 0
5317 -0.03967033983780993 -6.899609633736763 0
5318 0.8576720061920593 -6.365376644892002 0
5319 -0.7863609522203587 -6.814804984017246 0
5320 0.2103296601621899 -6.899609633736763 0
5321 0.7116900892593392 -6.897704777095679 0
5322 0.7394479122738817 -6.897185017056689 0
5323 -0.8580510645529924 -5.561834576256351 0
5324 0.9004430307045854 -5.239731729974881 0
5325 -0.8555466438702704 -5.384719533675181 0
5326 -0.8572861455327454 -5.410386475586298 0
5327 -0.8149306148071653 -6.136728239456366 0
5328 0.8991689843627674 -5.113615809566996 0
5329 0.7619303491878717 -6.899033455879403 0
5330 -0.6915609988828422 -5.079960792638134 0
5331 0.9440927955787557 -6.960529428684382 0
5332 0.9618280097462901 -5.054409243379661 0
5333 -0.9590562986247586 -6.941903089334343 0
5334 -0.9605677658728589 -5.058179532923884 0
5335 -0.3161134549563921 -5.117961939766627 0
5336 -0.6457084349409353 -5.099528530510086 0
5337 -0.6264355098165926 -5.099206020518939 0
5338 -0.6338672762805229 -5.117984041911359 0
5339 -0.9189702430005275 -5.283370332715068 0
5340 -0.8589004955958792 -5.468144010544735 0
5341 -0.9001298280375757 -5.275836704913036 0
5342 -0.8998192295805348 -5.295606573602833 0
5343 -0.2068016532143069 -5.102171516276147 0
5344 -0.3235608736850781 -5.099307677942567 0
5345 -0.3042722480871098 -5.099612178778747 0
5346 0.7896232827713749 -5.159341483367285 0
5347 0.8054123274652719 -5.180147157721524 0
5348 -0.8751409404235035 -5.440488177370793 0
5349 -0.8837906774980135 -5.269036472900401 0
5350 -0.2337119931622921 -5.11871937332565 0
5351 -0.6191383342385035 -5.083676524748054 0
5352 -0.607297175578091 -5.102132036149327 0
5353 -0.2185238803499562 -5.083400537126413 0
5354 -0.3427010402771797 -5.102129989654445 0
5355 -0.9029416909180064 -5.256800232012636 0
5356 -0.839613069731297 -5.456600101902866 0
5357 -0.3308598334078975 -5.083780228666564 0
5358 0.8067961361267654 -5.143695094259717 0
5359 -0.9401430834201638 -5.060821093741449 0
5360 0.9443903608998867 -5.055949208498692 0
5361 0.7853026914630014 -5.122547407904478 0
5362 -0.2264101510847406 -5.099777549033071 0
5363 -0.8558535145589213 -5.428944268728925 0
5364 -0.8559284182353665 -5.448659494927123 0
5365 -0.2454342202979415 -5.099948394175916 0
5366 0.7855947639675965 -5.142742262183955 0
$EndNodes
$Elements
2656
1 8 2 13 4 4 134 149
2 8 2 13 4 134 135 150
3 8 2 13 4 135 136 151
4 8 2 13 4 136 137 152
5 8 2 13 4 137 138 153
6 8 2 13 4 138 139 154
7 8 2 13 4 139 140 155
8 8 2 13 4 140 141 156
9 8 2 13 4 141 142 157
10 8 2 13 4 142 143 158
11 8 2 13 4 143 144 159
12 8 2 13 4 144 145 160
13 8 2 13 4 145 146 161
14 8 2 13 4 146 147 162
15 8 2 13 4 147 148 163
16 8 2 13 4 148 5 164
17 8 2 11 5 5 165 179
18 8 2 11 5 165 166 180
19 8 2 11 5 166 167 181
20 8 2 11 5 167 168 182
21 8 2 11 5 168 169 183
22 8 2 11 5 169 170 184
23 8 2 11 5 170 171 185
24 8 2 11 5 171 172 186
25 8 2 11 5 172 173 187
26 8 2 11 5 173 174 188
27 8 2 11 5 174 175 189
28 8 2 11 5 175 176 190
29 8 2 11 5 176 177 191
30 8 2 11 5 177 178 192
31 8 2 11 5 178 6 193
32 8 2 12 6 6 194 209
33 8 2 12 6 194 195 210
34 8 2 12 6 195 196 211
35 8 2 12 6 196 197 212
36 8 2 12 6 197 198 213
37 8 2 12 6 198 199 214
38 8 2 12 6 199 200 215
39 8 2 12 6 200 201 216
40 8 2 12 6 201 202 217
41 8 2 12 6 202 203 218
42 8 2 12 6 203 204 219
43 8 2 12 6 204 205 220
44 8 2 12 6 205 206 221
45 8 2 12 6 206 207 222
46 8 2 12 6 207 208 223
47 8 2 12 6 208 1 224
48 8 2 12 9 1 323 324
49 8 2 12 9 323 7 325
50 8 2 13 11 10 345 346
51 8 2 13 11 345 4 347
52 8 2 10 13 11 427 441
53 8 2 10 13 427 428 442
54 8 2 10 13 428 429 443
55 8 2 10 13 429 430 444
56 8 2 10 13 430 431 445
57 8 2 10 13 431 432 446
58 8 2 10 13 432 433 447
59 8 2 10 13 433 434 448
60 8 2 10 13 434 435 449
61 8 2 10 13 435 436 450
62 8 2 10 13 436 437 451
63 8 2 10 13 437 438 452
64 8 2 10 13 438 439 453
65 8 2 10 13 439 440 454
66 8 2 10 13 440 12 455
67 8 2 13 14 12 456 459
68 8 2 13 14 456 457 460
69 8 2 13 14 457 458 461
70 8 2 13 14 458 10 462
71 8 2 12 16 7 542 545
72 8 2 12 16 542 543 546
73 8 2 12 16 543 544 547
74 8 2 12 16 544 11 548
75 9 2 6 1 838 941 805 1071 1072 1073
76 9 2 6 1 807 1038 974 1074 1075 1076
77 9 2 6 1 196 949 195 1077 1078 211
78 9 2 6 1 932 1037 996 1079 1080 1081
79 9 2 6 1 1003 1021 820 1082 1083 1084
80 9 2 6 1 812 817 41 1085 1086 1087
81 9 2 6 1 834 1037 1017 1088 1089 1090
82 9 2 6 1 974 1041 807 1091 1092 1076
83 9 2 6 1 823 936 935 1093 1094 1095
84 9 2 6 1 945 1034 835 1096 1097 1098
85 9 2 6 1 1017 1037 933 1089 1099 1100
86 9 2 6 1 943 1025 944 1101 1102 1103
87 9 2 6 1 954 955 811 1104 1105 1106
88 9 2 6 1 835 1034 1031 1097 1107 1108
89 9 2 6 1 933 1042 1017 1109 1110 1100
90 9 2 6 1 820 1053 1003 1111 1112 1084
91 9 2 6 1 822 1025 943 1113 1101 1114
92 9 2 6 1 996 1037 829 1080 1115 1116
93 9 2 6 1 943 945 822 1117 1118 1114
94 9 2 6 1 935 949 823 1119 1120 1095
95 9 2 6 1 1017 1042 821 1110 1121 1122
96 9 2 6 1 955 1025 811 1123 1124 1105
97 9 2 6 1 815 1022 1008 1125 1126 1127
98 9 2 6 1 195 949 833 1078 1128 1129
99 9 2 6 1 823 949 196 1120 1077 1130
100 9 2 6 1 140 1000 139 1131 1132 155
101 9 2 6 1 198 956 197 1133 1134 213
102 9 2 6 1 1008 1022 942 1126 1135 1136
103 9 2 6 1 816 1055 996 1137 1138 1139
104 9 2 6 1 996 1046 816 1140 1141 1139
105 9 2 6 1 812 941 838 1142 1071 1143
106 9 2 6 1 991 999 808 1144 1145 1146
107 9 2 6 1 977 1047 819 1147 1148 1149
108 9 2 6 1 999 1000 808 1150 1151 1145
109 9 2 6 1 810 1028 950 1152 1153 1154
110 9 2 6 1 840 946 893 1155 1156 1157
111 9 2 6 1 994 1044 1040 1158 1159 1160
112 9 2 6 1 823 956 936 1161 1162 1093
113 9 2 6 1 945 1045 822 1163 1164 1118
114 9 2 6 1 950 1048 810 1165 1166 1154
115 9 2 6 1 808 1000 140 1151 1131 1167
116 9 2 6 1 944 1025 955 1102 1123 1168
117 9 2 6 1 933 1037 932 1099 1079 1169
118 9 2 6 1 1003 1029 1021 1170 1171 1082
119 9 2 6 1 976 1047 977 1172 1147 1173
120 9 2 6 1 946 950 893 1174 1175 1156
121 9 2 6 1 814 956 198 1176 1133 1177
122 9 2 6 1 197 956 823 1134 1161 1178
123 9 2 6 1 835 1045 945 1179 1163 1098
124 9 2 6 1 808 1018 991 1180 1181 1146
125 9 2 6 1 1040 1044 809 1159 1182 1183
126 9 2 6 1 974 1038 976 1075 1184 1185
127 9 2 6 1 942 1022 828 1135 1186 1187
128 9 2 6 1 118 1048 117 1188 1189 127
129 9 2 6 1 828 1034 942 1190 1191 1187
130 9 2 6 1 947 1016 830 1192 1193 1194
131 9 2 6 1 947 949 935 1195 1119 1196
132 9 2 6 1 203 1057 1050 1197 1198 1199
133 9 2 6 1 921 1000 999 1200 1150 1201
134 9 2 6 1 951 1026 814 1202 1203 1204
135 9 2 6 1 837 946 840 1205 1155 1206
136 9 2 6 1 805 940 838 1207 1208 1073
137 9 2 6 1 1050 1057 1007 1198 1209 1210
138 9 2 6 1 830 1066 947 1211 1212 1194
139 9 2 6 1 921 1001 1000 1213 1214 1200
140 9 2 6 1 991 1018 929 1181 1215 1216
141 9 2 6 1 812 938 817 1217 1218 1085
142 9 2 6 1 814 1026 956 1203 1219 1176
143 9 2 6 1 811 1052 954 1220 1221 1106
144 9 2 6 1 1000 1067 139 1222 1223 1132
145 9 2 6 1 807 1041 948 1092 1224 1225
146 9 2 6 1 950 957 893 1226 1227 1175
147 9 2 6 1 928 957 950 1228 1226 1229
148 9 2 6 1 997 1001 921 1230 1213 1231
149 9 2 6 1 839 954 838 1232 1233 1234
150 9 2 6 1 1031 1034 828 1107 1190 1235
151 9 2 6 1 20 822 19 1236 1237 29
152 9 2 6 1 121 821 120 1238 1239 130
153 9 2 6 1 1030 1037 834 1240 1088 1241
154 9 2 6 1 955 960 944 1242 1243 1168
155 9 2 6 1 953 960 955 1244 1242 1245
156 9 2 6 1 953 954 839 1246 1232 1247
157 9 2 6 1 957 961 893 1248 1249 1227
158 9 2 6 1 841 953 839 1250 1247 1251
159 9 2 6 1 953 955 954 1245 1104 1246
160 9 2 6 1 960 1015 944 1252 1253 1243
161 9 2 6 1 959 965 920 1254 1255 1256
162 9 2 6 1 893 961 842 1249 1257 1258
163 9 2 6 1 959 1015 960 1259 1252 1260
164 9 2 6 1 958 965 959 1261 1254 1262
165 9 2 6 1 857 958 845 1263 1264 1265
166 9 2 6 1 857 965 958 1266 1261 1263
167 9 2 6 1 845 958 843 1264 1267 1268
168 9 2 6 1 814 1027 951 1269 1270 1204
169 9 2 6 1 920 1015 959 1271 1259 1256
170 9 2 6 1 961 982 866 1272 1273 1274
171 9 2 6 1 957 982 961 1275 1272 1248
172 9 2 6 1 959 960 865 1260 1276 1277
173 9 2 6 1 844 961 866 1278 1274 1279
174 9 2 6 1 964 1014 965 1280 1281 1282
175 9 2 6 1 965 1014 920 1281 1283 1255
176 9 2 6 1 964 965 857 1282 1266 1284
177 9 2 6 1 962 967 866 1285 1286 1287
178 9 2 6 1 866 982 962 1273 1288 1287
179 9 2 6 1 866 967 846 1286 1289 1290
180 9 2 6 1 964 1013 905 1291 1292 1293
181 9 2 6 1 912 982 914 1294 1295 1296
182 9 2 6 1 963 964 857 1297 1284 1298
183 9 2 6 1 963 1013 964 1299 1291 1297
184 9 2 6 1 905 1014 964 1300 1280 1293
185 9 2 6 1 962 982 912 1288 1294 1301
186 9 2 6 1 914 982 957 1295 1275 1302
187 9 2 6 1 847 963 857 1303 1298 1304
188 9 2 6 1 967 998 860 1305 1306 1307
189 9 2 6 1 962 998 967 1308 1305 1285
190 9 2 6 1 1012 1013 969 1309 1310 1311
191 9 2 6 1 848 967 860 1312 1307 1313
192 9 2 6 1 855 966 851 1314 1315 1316
193 9 2 6 1 969 1013 966 1310 1317 1318
194 9 2 6 1 905 1013 1012 1292 1309 1319
195 9 2 6 1 855 969 966 1320 1318 1314
196 9 2 6 1 851 966 849 1315 1321 1322
197 9 2 6 1 968 981 860 1323 1324 1325
198 9 2 6 1 860 998 968 1306 1326 1325
199 9 2 6 1 860 981 850 1324 1327 1328
200 9 2 6 1 862 969 858 1329 1330 1331
201 9 2 6 1 858 969 855 1330 1320 1332
202 9 2 6 1 908 998 910 1333 1334 1335
203 9 2 6 1 892 978 926 1336 1337 1338
204 9 2 6 1 975 977 902 1339 1340 1341
205 9 2 6 1 977 978 902 1342 1343 1340
206 9 2 6 1 968 998 908 1326 1333 1344
207 9 2 6 1 910 998 962 1334 1308 1345
208 9 2 6 1 862 1012 969 1346 1311 1329
209 9 2 6 1 902 978 892 1343 1336 1347
210 9 2 6 1 931 974 973 1348 1349 1350
211 9 2 6 1 902 992 975 1351 1352 1341
212 9 2 6 1 915 972 916 1353 1354 1355
213 9 2 6 1 931 973 972 1350 1356 1357
214 9 2 6 1 916 972 970 1354 1358 1359
215 9 2 6 1 931 972 915 1357 1353 1360
216 9 2 6 1 875 1012 862 1361 1346 1362
217 9 2 6 1 975 992 973 1352 1363 1364
218 9 2 6 1 980 993 979 1365 1366 1367
219 9 2 6 1 970 979 916 1368 1369 1359
220 9 2 6 1 974 975 973 1370 1364 1349
221 9 2 6 1 979 993 916 1366 1371 1369
222 9 2 6 1 971 980 979 1372 1367 1373
223 9 2 6 1 971 983 856 1374 1375 1376
224 9 2 6 1 850 981 852 1327 1377 1378
225 9 2 6 1 979 983 971 1379 1374 1373
226 9 2 6 1 853 971 856 1380 1376 1381
227 9 2 6 1 974 976 975 1185 1382 1370
228 9 2 6 1 871 980 868 1383 1384 1385
229 9 2 6 1 970 983 979 1386 1379 1368
230 9 2 6 1 871 993 980 1387 1365 1383
231 9 2 6 1 868 980 854 1384 1388 1389
232 9 2 6 1 976 977 975 1173 1339 1382
233 9 2 6 1 968 989 981 1390 1391 1323
234 9 2 6 1 981 989 867 1391 1392 1393
235 9 2 6 1 864 983 970 1394 1386 1395
236 9 2 6 1 881 989 906 1396 1397 1398
237 9 2 6 1 884 984 877 1399 1400 1401
238 9 2 6 1 906 989 968 1397 1390 1402
239 9 2 6 1 984 988 919 1403 1404 1405
240 9 2 6 1 859 983 864 1406 1394 1407
241 9 2 6 1 869 989 881 1408 1396 1409
242 9 2 6 1 924 986 985 1410 1411 1412
243 9 2 6 1 984 990 877 1413 1414 1400
244 9 2 6 1 884 988 984 1415 1403 1399
245 9 2 6 1 872 985 897 1416 1417 1418
246 9 2 6 1 874 990 917 1419 1420 1421
247 9 2 6 1 985 986 897 1411 1422 1417
248 9 2 6 1 870 985 872 1423 1416 1424
249 9 2 6 1 917 990 984 1420 1413 1425
250 9 2 6 1 861 990 874 1426 1419 1427
251 9 2 6 1 986 987 897 1428 1429 1422
252 9 2 6 1 922 988 884 1430 1415 1431
253 9 2 6 1 936 988 922 1432 1430 1433
254 9 2 6 1 877 990 863 1414 1434 1435
255 9 2 6 1 880 985 870 1436 1423 1437
256 9 2 6 1 973 992 879 1363 1438 1439
257 9 2 6 1 917 984 919 1425 1405 1440
258 9 2 6 1 879 992 876 1438 1441 1442
259 9 2 6 1 876 992 882 1441 1443 1444
260 9 2 6 1 916 993 890 1371 1445 1446
261 9 2 6 1 909 997 921 1447 1231 1448
262 9 2 6 1 889 890 873 1449 1450 1451
263 9 2 6 1 887 994 925 1452 1453 1454
264 9 2 6 1 917 919 918 1440 1455 1456
265 9 2 6 1 919 951 918 1457 1458 1455
266 9 2 6 1 903 991 929 1459 1216 1460
267 9 2 6 1 923 945 943 1461 1117 1462
268 9 2 6 1 921 999 907 1201 1463 1464
269 9 2 6 1 911 997 909 1465 1447 1466
270 9 2 6 1 887 925 895 1454 1467 1468
271 9 2 6 1 889 1002 891 1469 1470 1471
272 9 2 6 1 898 899 896 1472 1473 1474
273 9 2 6 1 891 934 930 1475 1476 1477
274 9 2 6 1 894 1003 1002 1478 1479 1480
275 9 2 6 1 903 929 924 1460 1481 1482
276 9 2 6 1 995 997 911 1483 1465 1484
277 9 2 6 1 878 889 873 1485 1451 1486
278 9 2 6 1 885 886 875 1487 1488 1489
279 9 2 6 1 899 920 896 1490 1491 1473
280 9 2 6 1 923 943 901 1462 1492 1493
281 9 2 6 1 882 884 877 1494 1401 1495
282 9 2 6 1 926 935 922 1496 1497 1498
283 9 2 6 1 926 947 935 1499 1196 1496
284 9 2 6 1 895 898 896 1500 1474 1501
285 9 2 6 1 900 901 899 1502 1503 1504
286 9 2 6 1 904 999 991 1505 1144 1506
287 9 2 6 1 914 927 913 1507 1508 1509
288 9 2 6 1 873 993 871 1510 1387 1511
289 9 2 6 1 972 973 879 1356 1439 1512
290 9 2 6 1 888 905 886 1513 1514 1515
291 9 2 6 1 915 916 890 1355 1446 1516
292 9 2 6 1 906 908 907 1517 1518 1519
293 9 2 6 1 912 913 911 1520 1521 1522
294 9 2 6 1 912 914 913 1296 1509 1520
295 9 2 6 1 914 928 927 1523 1524 1507
296 9 2 6 1 876 882 877 1444 1495 1525
297 9 2 6 1 924 985 880 1412 1436 1526
298 9 2 6 1 895 896 888 1501 1527 1528
299 9 2 6 1 892 926 922 1338 1498 1529
300 9 2 6 1 1006 1008 898 1530 1531 1532
301 9 2 6 1 900 923 901 1533 1493 1502
302 9 2 6 1 904 991 903 1506 1459 1534
303 9 2 6 1 913 995 911 1535 1484 1521
304 9 2 6 1 927 932 913 1536 1537 1508
305 9 2 6 1 890 993 873 1445 1510 1450
306 9 2 6 1 891 930 915 1477 1538 1539
307 9 2 6 1 987 1009 897 1540 1541 1429
308 9 2 6 1 932 995 913 1542 1535 1537
309 9 2 6 1 864 879 876 1543 1442 1544
310 9 2 6 1 872 897 878 1418 1545 1546
311 9 2 6 1 874 883 875 1547 1548 1549
312 9 2 6 1 878 894 889 1550 1551 1485
313 9 2 6 1 970 972 879 1358 1512 1552
314 9 2 6 1 882 892 884 1553 1554 1494
315 9 2 6 1 882 902 892 1555 1347 1553
316 9 2 6 1 917 918 883 1456 1556 1557
317 9 2 6 1 889 891 890 1471 1558 1449
318 9 2 6 1 891 1002 934 1470 1559 1475
319 9 2 6 1 900 942 923 1560 1561 1533
320 9 2 6 1 943 944 901 1103 1562 1492
321 9 2 6 1 952 1005 918 1563 1564 1565
322 9 2 6 1 935 936 922 1094 1433 1497
323 9 2 6 1 925 1007 1006 1566 1567 1568
324 9 2 6 1 934 948 930 1569 1570 1476
325 9 2 6 1 881 904 903 1571 1534 1572
326 9 2 6 1 906 907 904 1519 1573 1574
327 9 2 6 1 906 968 908 1402 1344 1517
328 9 2 6 1 910 911 909 1575 1466 1576
329 9 2 6 1 910 962 912 1345 1301 1577
330 9 2 6 1 914 957 928 1302 1228 1523
331 9 2 6 1 927 933 932 1578 1169 1536
332 9 2 6 1 881 906 904 1398 1574 1571
333 9 2 6 1 883 1005 885 1579 1580 1581
334 9 2 6 1 887 888 886 1582 1515 1583
335 9 2 6 1 883 885 875 1581 1489 1548
336 9 2 6 1 874 917 883 1421 1557 1547
337 9 2 6 1 918 1005 883 1564 1579 1556
338 9 2 6 1 925 1006 895 1568 1584 1467
339 9 2 6 1 951 952 918 1585 1565 1458
340 9 2 6 1 876 877 863 1525 1435 1586
341 9 2 6 1 885 994 887 1587 1452 1588
342 9 2 6 1 891 915 890 1539 1516 1558
343 9 2 6 1 894 1004 1003 1589 1590 1478
344 9 2 6 1 895 1006 898 1584 1532 1500
345 9 2 6 1 908 909 907 1591 1592 1518
346 9 2 6 1 930 931 915 1593 1360 1538
347 9 2 6 1 864 970 879 1395 1552 1543
348 9 2 6 1 882 992 902 1443 1351 1555
349 9 2 6 1 885 887 886 1588 1583 1487
350 9 2 6 1 887 895 888 1468 1528 1582
351 9 2 6 1 898 900 899 1594 1504 1472
352 9 2 6 1 908 910 909 1335 1576 1591
353 9 2 6 1 910 912 911 1577 1522 1575
354 9 2 6 1 903 924 880 1482 1526 1595
355 9 2 6 1 885 1005 994 1580 1596 1587
356 9 2 6 1 894 1002 889 1480 1469 1551
357 9 2 6 1 932 996 995 1081 1597 1542
358 9 2 6 1 898 1008 900 1531 1598 1594
359 9 2 6 1 907 999 904 1463 1505 1573
360 9 2 6 1 909 921 907 1448 1464 1592
361 9 2 6 1 892 922 884 1529 1431 1554
362 9 2 6 1 900 1008 942 1598 1136 1560
363 9 2 6 1 874 875 862 1549 1362 1599
364 9 2 6 1 881 903 880 1572 1595 1600
365 9 2 6 1 864 876 863 1544 1586 1601
366 9 2 6 1 872 878 873 1546 1486 1602
367 9 2 6 1 872 873 871 1602 1511 1603
368 9 2 6 1 897 1009 878 1541 1604 1545
369 9 2 6 1 894 1009 1004 1605 1606 1589
370 9 2 6 1 878 1009 894 1604 1605 1550
371 9 2 6 1 869 881 880 1409 1600 1607
372 9 2 6 1 861 874 862 1427 1599 1608
373 9 2 6 1 859 864 863 1407 1601 1609
374 9 2 6 1 863 990 861 1434 1426 1610
375 9 2 6 1 870 872 871 1424 1603 1611
376 9 2 6 1 1010 1011 1004 1612 1613 1614
377 9 2 6 1 1009 1010 1004 1615 1614 1606
378 9 2 6 1 987 1010 1009 1616 1615 1540
379 9 2 6 1 861 862 858 1608 1331 1617
380 9 2 6 1 870 871 868 1611 1385 1618
381 9 2 6 1 859 863 861 1609 1610 1619
382 9 2 6 1 869 880 870 1607 1437 1620
383 9 2 6 1 856 983 859 1375 1406 1621
384 9 2 6 1 869 870 868 1620 1618 1622
385 9 2 6 1 867 989 869 1392 1408 1623
386 9 2 6 1 859 861 858 1619 1617 1624
387 9 2 6 1 856 859 858 1621 1624 1625
388 9 2 6 1 867 869 868 1623 1622 1626
389 9 2 6 1 856 858 855 1625 1332 1627
390 9 2 6 1 854 980 971 1388 1372 1628
391 9 2 6 1 852 981 867 1377 1393 1629
392 9 2 6 1 867 868 854 1626 1389 1630
393 9 2 6 1 854 971 853 1628 1380 1631
394 9 2 6 1 853 856 855 1381 1627 1632
395 9 2 6 1 852 867 854 1629 1630 1633
396 9 2 6 1 852 854 853 1633 1631 1634
397 9 2 6 1 853 855 851 1632 1316 1635
398 9 2 6 1 852 853 851 1634 1635 1636
399 9 2 6 1 886 1012 875 1637 1361 1488
400 9 2 6 1 850 852 851 1378 1636 1638
401 9 2 6 1 905 1012 886 1319 1637 1514
402 9 2 6 1 849 966 963 1321 1639 1640
403 9 2 6 1 850 851 849 1638 1322 1641
404 9 2 6 1 848 860 850 1313 1328 1642
405 9 2 6 1 849 963 847 1640 1303 1643
406 9 2 6 1 848 850 849 1642 1641 1644
407 9 2 6 1 966 1013 963 1317 1299 1639
408 9 2 6 1 920 1014 896 1283 1645 1491
409 9 2 6 1 888 1014 905 1646 1300 1513
410 9 2 6 1 848 849 847 1644 1643 1647
411 9 2 6 1 846 967 848 1289 1312 1648
412 9 2 6 1 896 1014 888 1645 1646 1527
413 9 2 6 1 846 848 847 1648 1647 1649
414 9 2 6 1 847 857 845 1304 1265 1650
415 9 2 6 1 844 866 846 1279 1290 1651
416 9 2 6 1 846 847 845 1649 1650 1652
417 9 2 6 1 958 959 865 1262 1277 1653
418 9 2 6 1 865 960 953 1276 1244 1654
419 9 2 6 1 844 846 845 1651 1652 1655
420 9 2 6 1 842 961 844 1257 1278 1656
421 9 2 6 1 843 958 865 1267 1653 1657
422 9 2 6 1 865 953 841 1654 1250 1658
423 9 2 6 1 844 845 843 1655 1268 1659
424 9 2 6 1 944 1015 901 1253 1660 1562
425 9 2 6 1 899 1015 920 1661 1271 1490
426 9 2 6 1 843 865 841 1657 1658 1662
427 9 2 6 1 842 844 843 1656 1659 1663
428 9 2 6 1 901 1015 899 1660 1661 1503
429 9 2 6 1 926 1016 947 1664 1192 1499
430 9 2 6 1 842 843 841 1663 1662 1665
431 9 2 6 1 840 893 842 1157 1258 1666
432 9 2 6 1 978 1016 926 1667 1664 1337
433 9 2 6 1 997 1055 1001 1668 1669 1230
434 9 2 6 1 840 842 841 1666 1665 1670
435 9 2 6 1 948 1068 807 1671 1672 1225
436 9 2 6 1 840 841 839 1670 1251 1673
437 9 2 6 1 122 1017 121 1674 1675 131
438 9 2 6 1 803 946 837 1676 1205 1677
439 9 2 6 1 18 835 17 1678 1679 27
440 9 2 6 1 123 834 122 1680 1681 132
441 9 2 6 1 141 808 140 1682 1167 156
442 9 2 6 1 195 833 194 1129 1683 210
443 9 2 6 1 199 814 198 1684 1177 214
444 9 2 6 1 138 816 137 1685 1686 153
445 9 2 6 1 136 829 135 1687 1688 151
446 9 2 6 1 146 824 145 1689 1690 161
447 9 2 6 1 197 823 196 1178 1130 212
448 9 2 6 1 142 1018 141 1691 1692 157
449 9 2 6 1 144 813 143 1693 1694 159
450 9 2 6 1 145 1019 144 1695 1696 160
451 9 2 6 1 147 1020 146 1697 1698 162
452 9 2 6 1 202 809 201 1699 1700 217
453 9 2 6 1 205 815 204 1701 1702 220
454 9 2 6 1 207 828 206 1703 1704 222
455 9 2 6 1 148 832 147 1705 1706 163
456 9 2 6 1 956 1026 936 1219 1707 1162
457 9 2 6 1 172 807 171 1708 1709 186
458 9 2 6 1 167 831 166 1710 1711 181
459 9 2 6 1 168 1021 167 1712 1713 182
460 9 2 6 1 169 820 168 1714 1715 183
461 9 2 6 1 175 819 174 1716 1717 189
462 9 2 6 1 177 830 176 1718 1719 191
463 9 2 6 1 206 1022 205 1720 1721 221
464 9 2 6 1 919 1026 951 1722 1202 1457
465 9 2 6 1 936 1026 988 1707 1723 1432
466 9 2 6 1 1018 1023 929 1724 1725 1215
467 9 2 6 1 143 1023 142 1726 1727 158
468 9 2 6 1 834 1017 122 1090 1674 1681
469 9 2 6 1 950 1028 928 1153 1728 1229
470 9 2 6 1 947 1066 949 1212 1729 1195
471 9 2 6 1 141 1018 808 1692 1180 1682
472 9 2 6 1 146 1020 824 1698 1730 1689
473 9 2 6 1 832 1020 147 1731 1697 1706
474 9 2 6 1 144 1019 813 1696 1732 1693
475 9 2 6 1 824 1019 145 1733 1695 1690
476 9 2 6 1 170 1024 169 1734 1735 184
477 9 2 6 1 205 1022 815 1721 1125 1701
478 9 2 6 1 828 1022 206 1186 1720 1704
479 9 2 6 1 829 1046 996 1736 1140 1116
480 9 2 6 1 934 1024 948 1737 1738 1569
481 9 2 6 1 142 1023 1018 1727 1724 1691
482 9 2 6 1 813 1023 143 1739 1726 1694
483 9 2 6 1 167 1021 831 1713 1740 1710
484 9 2 6 1 820 1021 168 1083 1712 1715
485 9 2 6 1 837 840 839 1206 1673 1741
486 9 2 6 1 988 1026 919 1723 1722 1404
487 9 2 6 1 1011 1029 1004 1742 1743 1613
488 9 2 6 1 1001 1055 816 1669 1137 1744
489 9 2 6 1 946 1048 950 1745 1165 1174
490 9 2 6 1 951 1027 952 1270 1746 1585
491 9 2 6 1 169 1024 820 1735 1747 1714
492 9 2 6 1 942 1034 923 1191 1748 1561
493 9 2 6 1 200 1027 199 1749 1750 215
494 9 2 6 1 199 1027 814 1750 1269 1684
495 9 2 6 1 924 1035 986 1751 1752 1410
496 9 2 6 1 173 1047 1038 1753 1754 1755
497 9 2 6 1 135 1030 134 1756 1757 150
498 9 2 6 1 208 1031 207 1758 1759 223
499 9 2 6 1 1021 1029 831 1171 1760 1740
500 9 2 6 1 166 1032 165 1761 1762 180
501 9 2 6 1 178 1033 177 1763 1764 192
502 9 2 6 1 1032 1056 832 1765 1766 1767
503 9 2 6 1 1033 1066 830 1768 1211 1769
504 9 2 6 1 994 1040 925 1160 1770 1453
505 9 2 6 1 931 1041 974 1771 1091 1348
506 9 2 6 1 948 1041 930 1224 1772 1570
507 9 2 6 1 121 1017 821 1675 1122 1238
508 9 2 6 1 1056 1069 832 1773 1774 1766
509 9 2 6 1 819 1062 977 1775 1776 1149
510 9 2 6 1 173 1038 172 1755 1777 187
511 9 2 6 1 927 1042 933 1778 1109 1578
512 9 2 6 1 1005 1044 994 1779 1158 1596
513 9 2 6 1 809 1036 201 1780 1781 1700
514 9 2 6 1 821 1042 1028 1121 1782 1783
515 9 2 6 1 1004 1029 1003 1743 1170 1590
516 9 2 6 1 1016 1039 830 1784 1785 1193
517 9 2 6 1 175 1039 819 1786 1787 1716
518 9 2 6 1 830 1039 176 1785 1788 1719
519 9 2 6 1 200 1036 1027 1789 1790 1749
520 9 2 6 1 923 1034 945 1748 1096 1461
521 9 2 6 1 1001 1067 1000 1791 1222 1214
522 9 2 6 1 934 1053 1024 1792 1793 1737
523 9 2 6 1 18 1045 835 1794 1179 1678
524 9 2 6 1 929 1035 924 1795 1751 1481
525 9 2 6 1 1035 1043 986 1796 1797 1752
526 9 2 6 1 1003 1053 1002 1112 1798 1479
527 9 2 6 1 827 836 804 1799 1800 1801
528 9 2 6 1 996 1055 995 1138 1802 1597
529 9 2 6 1 1024 1053 820 1793 1111 1747
530 9 2 6 1 829 1030 135 1803 1756 1688
531 9 2 6 1 207 1031 828 1759 1235 1703
532 9 2 6 1 977 1062 978 1776 1804 1342
533 9 2 6 1 831 1032 166 1805 1761 1711
534 9 2 6 1 177 1033 830 1764 1769 1718
535 9 2 6 1 1027 1036 952 1790 1806 1746
536 9 2 6 1 17 1058 1 1807 1808 26
537 9 2 6 1 4 1059 123 1809 1810 133
538 9 2 6 1 986 1043 987 1797 1811 1428
539 9 2 6 1 201 1036 200 1781 1789 216
540 9 2 6 1 1 1058 208 1808 1812 224
541 9 2 6 1 134 1059 4 1813 1809 149
542 9 2 6 1 816 1046 137 1141 1814 1686
543 9 2 6 1 136 1046 829 1815 1736 1687
544 9 2 6 1 1038 1047 976 1754 1172 1184
545 9 2 6 1 1008 1070 815 1816 1817 1127
546 9 2 6 1 813 1035 1023 1818 1819 1739
547 9 2 6 1 1023 1035 929 1819 1795 1725
548 9 2 6 1 204 1057 203 1820 1197 219
549 9 2 6 1 1028 1042 928 1782 1821 1728
550 9 2 6 1 194 1060 6 1822 1823 209
551 9 2 6 1 5 1061 148 1824 1825 164
552 9 2 6 1 6 1060 178 1823 1826 193
553 9 2 6 1 165 1061 5 1827 1824 179
554 9 2 6 1 819 1047 174 1148 1828 1717
555 9 2 6 1 202 1050 809 1829 1830 1699
556 9 2 6 1 816 1067 1001 1831 1791 1744
557 9 2 6 1 954 1064 838 1832 1833 1233
558 9 2 6 1 138 1067 816 1834 1831 1685
559 9 2 6 1 807 1068 171 1672 1835 1709
560 9 2 6 1 949 1066 833 1729 1836 1128
561 9 2 6 1 837 839 838 1741 1234 1837
562 9 2 6 1 176 1039 175 1788 1786 190
563 9 2 6 1 925 1040 1007 1770 1838 1566
564 9 2 6 1 172 1038 807 1777 1074 1708
565 9 2 6 1 930 1041 931 1772 1771 1593
566 9 2 6 1 170 1068 1024 1839 1840 1734
567 9 2 6 1 813 1043 1035 1841 1796 1818
568 9 2 6 1 822 1045 19 1164 1842 1237
569 9 2 6 1 1043 1049 987 1843 1844 1811
570 9 2 6 1 829 1037 1030 1115 1240 1803
571 9 2 6 1 987 1049 1010 1844 1845 1616
572 9 2 6 1 809 1044 1036 1182 1846 1780
573 9 2 6 1 1024 1068 948 1840 1671 1738
574 9 2 6 1 928 1042 927 1821 1778 1524
575 9 2 6 1 952 1044 1005 1847 1779 1563
576 9 2 6 1 19 1045 18 1842 1794 28
577 9 2 6 1 1011 1056 1029 1848 1849 1742
578 9 2 6 1 115 803 3 1850 1851 124
579 9 2 6 1 1019 1043 813 1852 1841 1732
580 9 2 6 1 821 1051 120 1853 1854 1239
581 9 2 6 1 20 1054 822 1855 1856 1236
582 9 2 6 1 809 1050 1040 1830 1857 1183
583 9 2 6 1 137 1046 136 1814 1815 152
584 9 2 6 1 1010 1063 1011 1858 1859 1612
585 9 2 6 1 1049 1063 1010 1860 1858 1845
586 9 2 6 1 803 837 836 1677 1861 1862
587 9 2 6 1 1036 1044 952 1846 1847 1806
588 9 2 6 1 120 1051 119 1854 1863 129
589 9 2 6 1 1019 1049 1043 1864 1843 1852
590 9 2 6 1 174 1047 173 1828 1753 188
591 9 2 6 1 1028 1051 821 1865 1853 1783
592 9 2 6 1 21 1054 20 1866 1855 30
593 9 2 6 1 1029 1056 831 1849 1867 1760
594 9 2 6 1 1006 1070 1008 1868 1816 1530
595 9 2 6 1 838 938 812 1869 1217 1143
596 9 2 6 1 1002 1053 934 1798 1792 1559
597 9 2 6 1 203 1050 202 1199 1829 218
598 9 2 6 1 1063 1069 1011 1870 1871 1859
599 9 2 6 1 3 836 74 1872 1873 114
600 9 2 6 1 1007 1070 1006 1874 1868 1567
601 9 2 6 1 995 1055 997 1802 1668 1483
602 9 2 6 1 824 1049 1019 1875 1864 1733
603 9 2 6 1 803 1065 946 1876 1877 1676
604 9 2 6 1 822 1054 1025 1856 1878 1113
605 9 2 6 1 978 1062 1016 1804 1879 1667
606 9 2 6 1 1030 1059 134 1880 1813 1757
607 9 2 6 1 208 1058 1031 1812 1881 1758
608 9 2 6 1 1032 1061 165 1882 1827 1762
609 9 2 6 1 178 1060 1033 1826 1883 1763
610 9 2 6 1 824 1063 1049 1884 1860 1875
611 9 2 6 1 1039 1062 819 1885 1775 1787
612 9 2 6 1 815 1057 204 1886 1820 1702
613 9 2 6 1 835 1058 17 1887 1807 1679
614 9 2 6 1 123 1059 834 1810 1888 1680
615 9 2 6 1 148 1061 832 1825 1889 1705
616 9 2 6 1 833 1060 194 1890 1822 1683
617 9 2 6 1 1020 1063 824 1891 1884 1730
618 9 2 6 1 139 1067 138 1223 1834 154
619 9 2 6 1 171 1068 170 1835 1839 185
620 9 2 6 1 1020 1069 1063 1892 1870 1891
621 9 2 6 1 1040 1050 1007 1857 1210 1838
622 9 2 6 1 838 1064 802 1833 1893 1894
623 9 2 6 1 832 1069 1020 1774 1892 1731
624 9 2 6 1 1025 1054 811 1878 1895 1124
625 9 2 6 1 834 1059 1030 1888 1880 1241
626 9 2 6 1 1031 1058 835 1881 1887 1108
627 9 2 6 1 832 1061 1032 1889 1882 1767
628 9 2 6 1 1033 1060 833 1883 1890 1896
629 9 2 6 1 831 1056 1032 1867 1765 1805
630 9 2 6 1 810 1051 1028 1897 1865 1152
631 9 2 6 1 1016 1062 1039 1879 1885 1784
632 9 2 6 1 833 1066 1033 1836 1768 1896
633 9 2 6 1 837 838 826 1837 1898 1899
634 9 2 6 1 810 1048 118 1166 1188 1900
635 9 2 6 1 119 810 118 1901 1900 128
636 9 2 6 1 22 811 21 1902 1903 31
637 9 2 6 1 24 1064 23 1904 1905 33
638 9 2 6 1 117 1065 116 1906 1907 126
639 9 2 6 1 1057 1070 1007 1908 1874 1209
640 9 2 6 1 805 941 46 1072 1909 1910
641 9 2 6 1 806 827 66 1911 1912 1913
642 9 2 6 1 804 825 60 1914 1915 1916
643 9 2 6 1 63 827 804 1917 1801 1918
644 9 2 6 1 836 837 826 1861 1899 1919
645 9 2 6 1 838 940 826 1208 1920 1898
646 9 2 6 1 50 940 805 1921 1207 1922
647 9 2 6 1 1052 1064 954 1923 1832 1221
648 9 2 6 1 1011 1069 1056 1871 1773 1848
649 9 2 6 1 2 938 25 1924 1925 35
650 9 2 6 1 74 836 818 1873 1926 1927
651 9 2 6 1 119 1051 810 1863 1897 1901
652 9 2 6 1 815 1070 1057 1817 1908 1886
653 9 2 6 1 811 1054 21 1895 1866 1903
654 9 2 6 1 46 941 45 1909 1928 85
655 9 2 6 1 56 801 55 1929 1930 95
656 9 2 6 1 66 827 65 1912 1931 105
657 9 2 6 1 38 817 37 1932 1933 77
658 9 2 6 1 58 825 57 1934 1935 97
659 9 2 6 1 63 804 62 1918 1936 102
660 9 2 6 1 73 818 72 1937 1938 112
661 9 2 6 1 40 817 39 1939 1940 79
662 9 2 6 1 60 825 59 1915 1941 99
663 9 2 6 1 61 804 60 1942 1916 100
664 9 2 6 1 71 818 70 1943 1944 110
665 9 2 6 1 42 812 41 1945 1087 81
666 9 2 6 1 44 941 43 1946 1947 83
667 9 2 6 1 47 805 46 1948 1910 86
668 9 2 6 1 49 805 48 1949 1950 88
669 9 2 6 1 54 801 53 1951 1952 93
670 9 2 6 1 64 827 63 1953 1917 103
671 9 2 6 1 67 806 66 1954 1913 106
672 9 2 6 1 69 806 68 1955 1956 108
673 9 2 6 1 1048 1065 117 1957 1906 1189
674 9 2 6 1 946 1065 1048 1877 1957 1745
675 9 2 6 1 51 940 50 1958 1921 90
676 9 2 6 1 23 1052 22 1959 1960 32
677 9 2 6 1 804 836 826 1800 1919 1961
678 9 2 6 1 803 836 3 1862 1872 1851
679 9 2 6 1 22 1052 811 1960 1220 1902
680 9 2 6 1 25 802 24 1962 1963 34
681 9 2 6 1 116 803 115 1964 1850 125
682 9 2 6 1 802 938 838 1965 1869 1894
683 9 2 6 1 23 1064 1052 1905 1923 1959
684 9 2 6 1 25 938 802 1925 1965 1962
685 9 2 6 1 802 1064 24 1893 1904 1963
686 9 2 6 1 116 1065 803 1907 1876 1964
687 9 2 6 1 804 826 825 1961 1966 1914
688 9 2 6 1 806 836 827 1967 1799 1911
689 9 2 6 1 52 940 51 1968 1958 91
690 9 2 6 1 36 938 2 1969 1924 75
691 9 2 6 1 43 941 812 1947 1142 1970
692 9 2 6 1 53 940 52 1971 1968 92
693 9 2 6 1 70 937 69 1972 1973 109
694 9 2 6 1 37 938 36 1974 1969 76
695 9 2 6 1 57 939 56 1975 1976 96
696 9 2 6 1 43 812 42 1970 1945 82
697 9 2 6 1 48 805 47 1950 1948 87
698 9 2 6 1 68 806 67 1956 1954 107
699 9 2 6 1 45 941 44 1928 1946 84
700 9 2 6 1 55 801 54 1930 1951 94
701 9 2 6 1 65 827 64 1931 1953 104
702 9 2 6 1 39 817 38 1940 1932 78
703 9 2 6 1 59 825 58 1941 1934 98
704 9 2 6 1 62 804 61 1936 1942 101
705 9 2 6 1 72 818 71 1938 1943 111
706 9 2 6 1 806 937 836 1977 1978 1967
707 9 2 6 1 826 939 825 1979 1980 1966
708 9 2 6 1 836 937 818 1978 1981 1926
709 9 2 6 1 56 939 801 1976 1982 1929
710 9 2 6 1 818 937 70 1981 1972 1944
711 9 2 6 1 825 939 57 1980 1975 1935
712 9 2 6 1 817 938 37 1218 1974 1933
713 9 2 6 1 801 940 53 1983 1971 1952
714 9 2 6 1 69 937 806 1973 1977 1955
715 9 2 6 1 939 940 801 1984 1983 1982
716 9 2 6 1 826 940 939 1920 1984 1979
717 9 2 6 1 41 817 40 1086 1939 80
718 9 2 6 1 50 805 49 1922 1949 89
719 9 2 6 1 74 818 73 1927 1937 113
720 9 2 2 2 267 1988 1985 2012 2013 2014
721 9 2 2 2 251 1993 1990 2015 2016 2017
722 9 2 2 2 271 1989 1988 2018 2019 2020
723 9 2 2 2 323 2008 1 2021 2022 324
724 9 2 2 2 7 2008 323 2023 2021 325
725 9 2 2 2 8 244 233 283 2024 243
726 9 2 2 2 20 1996 21 2025 2026 30
727 9 2 2 2 1 2008 17 2022 2027 26
728 9 2 2 2 225 2008 7 2028 2023 234
729 9 2 2 2 21 2003 1994 2029 2030 2031
730 9 2 2 2 1996 2003 21 2032 2029 2026
731 9 2 2 2 233 2002 232 2033 2034 242
732 9 2 2 2 19 2004 20 2035 2036 29
733 9 2 2 2 228 2004 227 2037 2038 237
734 9 2 2 2 229 1996 228 2039 2040 238
735 9 2 2 2 20 2004 1996 2036 2041 2025
736 9 2 2 2 18 2006 19 2042 2043 28
737 9 2 2 2 227 2006 226 2044 2045 236
738 9 2 2 2 17 2007 18 2046 2047 27
739 9 2 2 2 226 2007 225 2048 2049 235
740 9 2 2 2 18 2007 2006 2047 2050 2042
741 9 2 2 2 2006 2007 226 2050 2048 2045
742 9 2 2 2 19 2006 2004 2043 2051 2035
743 9 2 2 2 2004 2006 227 2051 2044 2038
744 9 2 2 2 1996 2004 228 2041 2037 2040
745 9 2 2 2 232 2005 231 2052 2053 241
746 9 2 2 2 2000 2010 25 2054 2055 2056
747 9 2 2 2 23 2009 24 2057 2058 33
748 9 2 2 2 230 2003 229 2059 2060 239
749 9 2 2 2 1987 1993 254 2061 2062 2063
750 9 2 2 2 1991 1999 276 2064 2065 2066
751 9 2 2 2 2007 2008 225 2067 2028 2049
752 9 2 2 2 17 2008 2007 2027 2067 2046
753 9 2 2 2 229 2003 1996 2060 2032 2039
754 9 2 2 2 231 2011 230 2068 2069 240
755 9 2 2 2 248 1990 247 2070 2071 287
756 9 2 2 2 255 1987 254 2072 2063 294
757 9 2 2 2 268 1988 267 2073 2012 307
758 9 2 2 2 254 1993 253 2062 2074 293
759 9 2 2 2 257 1987 256 2075 2076 296
760 9 2 2 2 259 1986 258 2077 2078 298
761 9 2 2 2 264 1985 263 2079 2080 303
762 9 2 2 2 274 1989 273 2081 2082 313
763 9 2 2 2 279 1991 278 2083 2084 318
764 9 2 2 2 261 1986 260 2085 2086 300
765 9 2 2 2 266 1985 265 2087 2088 305
766 9 2 2 2 276 1999 275 2065 2089 315
767 9 2 2 2 281 2000 280 2090 2091 320
768 9 2 2 2 250 1990 249 2092 2093 289
769 9 2 2 2 270 1988 269 2094 2095 309
770 9 2 2 2 252 1993 251 2096 2015 291
771 9 2 2 2 272 1989 271 2097 2018 311
772 9 2 2 2 277 1991 276 2098 2066 316
773 9 2 2 2 1999 2001 1989 2099 2100 2101
774 9 2 2 2 1997 1998 1995 2102 2103 2104
775 9 2 2 2 232 2002 1995 2034 2105 2106
776 9 2 2 2 2 2010 282 2107 2108 322
777 9 2 2 2 22 1994 23 2109 2110 32
778 9 2 2 2 1995 2005 232 2111 2052 2106
779 9 2 2 2 24 2009 2001 2058 2112 2113
780 9 2 2 2 2003 2011 1994 2114 2115 2030
781 9 2 2 2 25 2010 2 2055 2107 35
782 9 2 2 2 24 2001 25 2113 2116 34
783 9 2 2 2 1994 2011 2005 2115 2117 2118
784 9 2 2 2 2005 2009 1994 2119 2120 2118
785 9 2 2 2 230 2011 2003 2069 2114 2059
786 9 2 2 2 1995 1998 1992 2103 2121 2122
787 9 2 2 2 2005 2011 231 2117 2068 2053
788 9 2 2 2 1992 2009 2005 2123 2119 2124
789 9 2 2 2 1989 1992 1988 2125 2126 2019
790 9 2 2 2 1992 2005 1995 2124 2111 2122
791 9 2 2 2 1994 2009 23 2120 2057 2110
792 9 2 2 2 1989 2001 1992 2100 2127 2125
793 9 2 2 2 2001 2009 1992 2112 2123 2127
794 9 2 2 2 1993 1995 1990 2128 2129 2016
795 9 2 2 2 245 2002 233 2130 2033 2131
796 9 2 2 2 246 2002 245 2132 2130 285
797 9 2 2 2 262 1998 261 2133 2134 301
798 9 2 2 2 1995 2002 1990 2105 2135 2129
799 9 2 2 2 274 1999 1989 2136 2101 2081
800 9 2 2 2 279 2000 1991 2137 2138 2083
801 9 2 2 2 281 2010 2000 2139 2054 2090
802 9 2 2 2 261 1998 1986 2134 2140 2085
803 9 2 2 2 258 1997 257 2141 2142 297
804 9 2 2 2 263 1998 262 2143 2133 302
805 9 2 2 2 247 2002 246 2144 2132 286
806 9 2 2 2 1991 2001 1999 2145 2099 2064
807 9 2 2 2 1986 1998 1997 2140 2102 2146
808 9 2 2 2 253 1993 252 2074 2096 292
809 9 2 2 2 260 1986 259 2086 2077 299
810 9 2 2 2 265 1985 264 2088 2079 304
811 9 2 2 2 273 1989 272 2082 2097 312
812 9 2 2 2 275 1999 274 2089 2136 314
813 9 2 2 2 278 1991 277 2084 2098 317
814 9 2 2 2 280 2000 279 2091 2137 319
815 9 2 2 2 256 1987 255 2076 2072 295
816 9 2 2 2 249 1990 248 2093 2070 288
817 9 2 2 2 269 1988 268 2095 2073 308
818 9 2 2 2 282 2010 281 2108 2139 321
819 9 2 2 2 25 2001 2000 2116 2147 2056
820 9 2 2 2 1988 1992 1985 2126 2148 2013
821 9 2 2 2 257 1997 1987 2142 2149 2075
822 9 2 2 2 1986 1997 258 2146 2141 2078
823 9 2 2 2 1985 1998 263 2150 2143 2080
824 9 2 2 2 1990 2002 247 2135 2144 2071
825 9 2 2 2 1987 1995 1993 2151 2128 2061
826 9 2 2 2 2000 2001 1991 2147 2145 2138
827 9 2 2 2 1992 1998 1985 2121 2150 2148
828 9 2 2 2 1987 1997 1995 2149 2104 2151
829 9 2 2 2 21 1994 22 2031 2109 31
830 9 2 2 2 251 1990 250 2017 2092 290
831 9 2 2 2 267 1985 266 2014 2087 306
832 9 2 2 2 271 1988 270 2020 2094 310
833 9 2 2 2 233 244 245 2024 284 2131
834 9 2 2 3 373 2154 2153 2179 2180 2181
835 9 2 2 3 377 2160 2154 2182 2183 2184
836 9 2 2 3 4 2176 345 2185 2186 347
837 9 2 2 3 345 2176 10 2186 2187 346
838 9 2 2 3 348 115 3 2188 124 387
839 9 2 2 3 386 9 326 426 335 2189
840 9 2 2 3 331 2163 330 2190 2191 340
841 9 2 2 3 10 2176 334 2187 2192 344
842 9 2 2 3 123 2176 4 2193 2185 133
843 9 2 2 3 330 2171 2161 2194 2195 2196
844 9 2 2 3 2163 2171 330 2197 2194 2191
845 9 2 2 3 115 2168 116 2198 2199 125
846 9 2 2 3 2168 2169 116 2200 2201 2199
847 9 2 2 3 120 2172 121 2202 2203 130
848 9 2 2 3 332 2172 331 2204 2205 341
849 9 2 2 3 119 2163 120 2206 2207 129
850 9 2 2 3 326 2166 385 2208 2209 2210
851 9 2 2 3 331 2172 2163 2205 2211 2190
852 9 2 2 3 2169 2173 116 2212 2213 2201
853 9 2 2 3 333 2174 332 2214 2215 342
854 9 2 2 3 121 2174 122 2216 2217 131
855 9 2 2 3 122 2175 123 2218 2219 132
856 9 2 2 3 334 2175 333 2220 2221 343
857 9 2 2 3 2174 2175 122 2222 2218 2217
858 9 2 2 3 333 2175 2174 2221 2222 2214
859 9 2 2 3 332 2174 2172 2215 2223 2204
860 9 2 2 3 2172 2174 121 2223 2216 2203
861 9 2 2 3 2163 2172 120 2211 2202 2207
862 9 2 2 3 116 2173 117 2213 2224 126
863 9 2 2 3 328 2177 327 2225 2226 337
864 9 2 2 3 118 2171 119 2227 2228 128
865 9 2 2 3 2157 2160 380 2229 2230 2231
866 9 2 2 3 2175 2176 123 2232 2193 2219
867 9 2 2 3 334 2176 2175 2192 2232 2220
868 9 2 2 3 119 2171 2163 2228 2197 2206
869 9 2 2 3 117 2178 118 2233 2234 127
870 9 2 2 3 352 2158 351 2235 2236 391
871 9 2 2 3 357 2156 356 2237 2238 396
872 9 2 2 3 367 2152 366 2239 2240 406
873 9 2 2 3 372 2153 371 2241 2242 411
874 9 2 2 3 374 2154 373 2243 2179 413
875 9 2 2 3 363 2155 362 2244 2245 402
876 9 2 2 3 376 2154 375 2246 2247 415
877 9 2 2 3 378 2160 377 2248 2182 417
878 9 2 2 3 383 2157 382 2249 2250 422
879 9 2 2 3 365 2152 364 2251 2252 404
880 9 2 2 3 370 2153 369 2253 2254 409
881 9 2 2 3 380 2160 379 2230 2255 419
882 9 2 2 3 385 2166 384 2209 2256 424
883 9 2 2 3 354 2158 353 2257 2258 393
884 9 2 2 3 359 2156 358 2259 2260 398
885 9 2 2 3 361 2155 360 2261 2262 400
886 9 2 2 3 381 2157 380 2263 2231 420
887 9 2 2 3 2169 2170 2159 2264 2265 2266
888 9 2 2 3 2159 2173 2169 2267 2212 2266
889 9 2 2 3 329 2161 328 2268 2269 338
890 9 2 2 3 2159 2165 2162 2270 2271 2272
891 9 2 2 3 2171 2178 2161 2273 2274 2195
892 9 2 2 3 327 2177 2162 2226 2275 2276
893 9 2 2 3 327 2167 326 2277 2278 336
894 9 2 2 3 2162 2167 327 2279 2277 2276
895 9 2 2 3 118 2178 2171 2234 2273 2227
896 9 2 2 3 2161 2178 2173 2274 2280 2281
897 9 2 2 3 2173 2177 2161 2282 2283 2281
898 9 2 2 3 2162 2177 2159 2275 2284 2272
899 9 2 2 3 2173 2178 117 2280 2233 2224
900 9 2 2 3 2159 2177 2173 2284 2282 2267
901 9 2 2 3 2154 2162 2153 2285 2286 2180
902 9 2 2 3 2161 2177 328 2283 2225 2269
903 9 2 2 3 349 2168 115 2287 2198 2288
904 9 2 2 3 350 2168 349 2289 2287 389
905 9 2 2 3 368 2165 367 2290 2291 407
906 9 2 2 3 355 2169 354 2292 2293 394
907 9 2 2 3 2162 2165 2153 2271 2294 2286
908 9 2 2 3 383 2166 2157 2295 2296 2249
909 9 2 2 3 367 2165 2152 2291 2297 2239
910 9 2 2 3 354 2169 2158 2293 2298 2257
911 9 2 2 3 360 2170 359 2299 2300 399
912 9 2 2 3 364 2164 363 2301 2302 403
913 9 2 2 3 369 2165 368 2303 2290 408
914 9 2 2 3 356 2169 355 2304 2292 395
915 9 2 2 3 351 2168 350 2305 2289 390
916 9 2 2 3 2157 2167 2160 2306 2307 2229
917 9 2 2 3 2152 2165 2164 2297 2308 2309
918 9 2 2 3 2158 2169 2168 2298 2200 2310
919 9 2 2 3 362 2155 361 2245 2261 401
920 9 2 2 3 379 2160 378 2255 2248 418
921 9 2 2 3 382 2157 381 2250 2263 421
922 9 2 2 3 384 2166 383 2256 2295 423
923 9 2 2 3 375 2154 374 2247 2243 414
924 9 2 2 3 353 2158 352 2258 2235 392
925 9 2 2 3 358 2156 357 2260 2237 397
926 9 2 2 3 366 2152 365 2240 2251 405
927 9 2 2 3 371 2153 370 2242 2253 410
928 9 2 2 3 326 2167 2166 2278 2311 2208
929 9 2 2 3 2160 2162 2154 2312 2285 2183
930 9 2 2 3 2152 2164 364 2309 2301 2252
931 9 2 2 3 359 2170 2156 2300 2313 2259
932 9 2 2 3 363 2164 2155 2302 2314 2244
933 9 2 2 3 2155 2170 360 2315 2299 2262
934 9 2 2 3 2156 2169 356 2316 2304 2238
935 9 2 2 3 2158 2168 351 2310 2305 2236
936 9 2 2 3 2153 2165 369 2294 2303 2254
937 9 2 2 3 2166 2167 2157 2311 2306 2296
938 9 2 2 3 2164 2170 2155 2317 2315 2314
939 9 2 2 3 2156 2170 2169 2313 2264 2316
940 9 2 2 3 2160 2167 2162 2307 2279 2312
941 9 2 2 3 2164 2165 2159 2308 2270 2318
942 9 2 2 3 2159 2170 2164 2265 2317 2318
943 9 2 2 3 330 2161 329 2196 2268 339
944 9 2 2 3 373 2153 372 2181 2241 412
945 9 2 2 3 377 2154 376 2184 2246 416
946 9 2 2 3 349 115 348 2288 2188 388
947 9 2 2 3 386 326 385 2189 2210 425
948 9 2 3 4 2329 2330 468 2389 2390 2391
949 9 2 3 4 496 2328 2327 2392 2393 2394
950 9 2 3 4 2367 2368 2342 2395 2396 2397
951 9 2 3 4 2341 2369 2366 2398 2399 2400
952 9 2 3 4 2361 2374 2353 2401 2402 2403
953 9 2 3 4 2356 2373 2359 2404 2405 2406
954 9 2 3 4 2340 2368 2367 2407 2395 2408
955 9 2 3 4 2366 2369 2339 2399 2409 2410
956 9 2 3 4 2342 2371 2367 2411 2412 2397
957 9 2 3 4 2366 2372 2341 2413 2414 2400
958 9 2 3 4 2353 2374 2354 2402 2415 2416
959 9 2 3 4 2357 2373 2356 2417 2404 2418
960 9 2 3 4 331 2354 332 2419 2420 341
961 9 2 3 4 227 2357 228 2421 2422 237
962 9 2 3 4 2359 2364 2356 2423 2424 2406
963 9 2 3 4 2353 2365 2361 2425 2426 2403
964 9 2 3 4 2344 2349 2323 2427 2428 2429
965 9 2 3 4 2333 2354 331 2430 2419 2431
966 9 2 3 4 228 2357 2332 2422 2432 2433
967 9 2 3 4 2352 2353 2333 2434 2435 2436
968 9 2 3 4 2332 2356 2355 2437 2438 2439
969 9 2 3 4 2354 2362 332 2440 2441 2420
970 9 2 3 4 227 2363 2357 2442 2443 2421
971 9 2 3 4 2353 2354 2333 2416 2430 2435
972 9 2 3 4 2332 2357 2356 2432 2418 2437
973 9 2 3 4 225 2340 226 2444 2445 235
974 9 2 3 4 333 2339 334 2446 2447 343
975 9 2 3 4 434 2326 433 2448 2449 448
976 9 2 3 4 432 2338 431 2450 2451 446
977 9 2 3 4 433 2358 432 2452 2453 447
978 9 2 3 4 429 2336 428 2454 2455 443
979 9 2 3 4 430 2359 429 2456 2457 444
980 9 2 3 4 435 2360 434 2458 2459 449
981 9 2 3 4 436 2337 435 2460 2461 450
982 9 2 3 4 439 2335 438 2462 2463 453
983 9 2 3 4 438 2361 437 2464 2465 452
984 9 2 3 4 226 2363 227 2466 2442 236
985 9 2 3 4 332 2362 333 2441 2467 342
986 9 2 3 4 2342 2387 2371 2468 2469 2411
987 9 2 3 4 2372 2388 2341 2470 2471 2414
988 9 2 3 4 2343 2352 2325 2472 2473 2474
989 9 2 3 4 2324 2355 2344 2475 2476 2477
990 9 2 3 4 432 2358 2338 2453 2478 2450
991 9 2 3 4 2326 2358 433 2479 2452 2449
992 9 2 3 4 434 2360 2326 2459 2480 2448
993 9 2 3 4 429 2359 2336 2457 2481 2454
994 9 2 3 4 2337 2360 435 2482 2458 2461
995 9 2 3 4 2335 2361 438 2483 2464 2463
996 9 2 3 4 2344 2375 2349 2484 2485 2427
997 9 2 3 4 2338 2364 431 2486 2487 2451
998 9 2 3 4 430 2364 2359 2488 2423 2456
999 9 2 3 4 436 2365 2337 2489 2490 2460
1000 9 2 3 4 2361 2365 437 2426 2491 2465
1001 9 2 3 4 231 2324 2323 2492 2493 2494
1002 9 2 3 4 2340 2363 226 2495 2466 2445
1003 9 2 3 4 333 2362 2339 2467 2496 2446
1004 9 2 3 4 431 2364 430 2487 2488 445
1005 9 2 3 4 437 2365 436 2491 2489 451
1006 9 2 3 4 440 2388 2372 2497 2470 2498
1007 9 2 3 4 2371 2387 427 2469 2499 2500
1008 9 2 3 4 2323 2351 8 2501 2502 2503
1009 9 2 3 4 428 2371 427 2504 2500 442
1010 9 2 3 4 440 2372 439 2498 2505 454
1011 9 2 3 4 2328 2351 2331 2506 2507 2508
1012 9 2 3 4 2340 2385 2368 2509 2510 2407
1013 9 2 3 4 2369 2386 2339 2511 2512 2409
1014 9 2 3 4 2323 2349 2331 2428 2513 2514
1015 9 2 3 4 2340 2367 2363 2408 2515 2495
1016 9 2 3 4 2362 2366 2339 2516 2410 2496
1017 9 2 3 4 2349 2375 2370 2485 2517 2518
1018 9 2 3 4 225 2385 2340 2519 2509 2444
1019 9 2 3 4 2339 2386 334 2512 2520 2447
1020 9 2 3 4 2359 2373 2336 2405 2521 2481
1021 9 2 3 4 2335 2374 2361 2522 2401 2483
1022 9 2 3 4 330 2333 331 2523 2431 340
1023 9 2 3 4 228 2332 229 2433 2524 238
1024 9 2 3 4 2324 2344 2323 2477 2429 2493
1025 9 2 3 4 2336 2371 428 2525 2504 2455
1026 9 2 3 4 439 2372 2335 2505 2526 2462
1027 9 2 3 4 2360 2370 2326 2527 2528 2480
1028 9 2 3 4 2335 2372 2366 2526 2413 2529
1029 9 2 3 4 2367 2371 2336 2412 2525 2530
1030 9 2 3 4 2354 2374 2362 2415 2531 2440
1031 9 2 3 4 2363 2373 2357 2532 2417 2443
1032 9 2 3 4 2362 2374 2366 2531 2533 2516
1033 9 2 3 4 2367 2373 2363 2534 2532 2515
1034 9 2 3 4 543 2368 542 2535 2536 546
1035 9 2 3 4 544 2342 543 2537 2538 547
1036 9 2 3 4 458 2369 457 2539 2540 461
1037 9 2 3 4 457 2341 456 2541 2542 460
1038 9 2 3 4 2370 2375 2326 2517 2543 2528
1039 9 2 3 4 2348 2380 2376 2544 2545 2546
1040 9 2 3 4 2355 2378 2344 2547 2548 2476
1041 9 2 3 4 2343 2377 2352 2549 2550 2472
1042 9 2 3 4 2336 2373 2367 2521 2534 2530
1043 9 2 3 4 2366 2374 2335 2533 2522 2529
1044 9 2 3 4 2344 2378 2375 2548 2551 2484
1045 9 2 3 4 7 2385 225 2552 2519 234
1046 9 2 3 4 334 2386 10 2520 2553 344
1047 9 2 3 4 2355 2384 2378 2554 2555 2547
1048 9 2 3 4 2377 2383 2352 2556 2557 2550
1049 9 2 3 4 233 2323 8 2558 2503 243
1050 9 2 3 4 427 2387 11 2499 2559 441
1051 9 2 3 4 12 2388 440 2560 2497 455
1052 9 2 3 4 2370 2377 2343 2561 2549 2562
1053 9 2 3 4 2360 2377 2370 2563 2561 2527
1054 9 2 3 4 2326 2375 2358 2543 2564 2479
1055 9 2 3 4 2376 2380 2334 2545 2565 2566
1056 9 2 3 4 2333 2381 2352 2567 2568 2436
1057 9 2 3 4 2355 2382 2332 2569 2570 2439
1058 9 2 3 4 2375 2378 2358 2551 2571 2564
1059 9 2 3 4 2334 2380 2345 2565 2572 2573
1060 9 2 3 4 2342 2368 543 2396 2535 2538
1061 9 2 3 4 457 2369 2341 2540 2398 2541
1062 9 2 3 4 2356 2384 2355 2574 2554 2438
1063 9 2 3 4 2352 2383 2353 2557 2575 2434
1064 9 2 3 4 2370 2380 2349 2576 2577 2518
1065 9 2 3 4 2378 2384 2338 2555 2578 2579
1066 9 2 3 4 2337 2383 2377 2580 2556 2581
1067 9 2 3 4 2331 2351 2323 2507 2501 2514
1068 9 2 3 4 2358 2378 2338 2571 2579 2478
1069 9 2 3 4 2337 2377 2360 2581 2563 2482
1070 9 2 3 4 2324 2382 2355 2582 2569 2475
1071 9 2 3 4 2352 2381 2325 2568 2583 2473
1072 9 2 3 4 2325 2379 2343 2584 2585 2474
1073 9 2 3 4 2345 2380 2322 2572 2586 2587
1074 9 2 3 4 2338 2384 2364 2578 2588 2486
1075 9 2 3 4 2365 2383 2337 2589 2580 2490
1076 9 2 3 4 2349 2380 2348 2577 2544 2590
1077 9 2 3 4 2364 2384 2356 2588 2574 2424
1078 9 2 3 4 2353 2383 2365 2575 2589 2425
1079 9 2 3 4 2368 2385 542 2510 2591 2536
1080 9 2 3 4 458 2386 2369 2592 2511 2539
1081 9 2 3 4 544 2387 2342 2593 2468 2537
1082 9 2 3 4 2341 2388 456 2471 2594 2542
1083 9 2 3 4 2379 2380 2343 2595 2596 2585
1084 9 2 3 4 2343 2380 2370 2596 2576 2562
1085 9 2 3 4 2322 2380 2379 2586 2595 2597
1086 9 2 3 4 10 2386 458 2553 2592 462
1087 9 2 3 4 542 2385 7 2591 2552 545
1088 9 2 3 4 11 2387 544 2559 2593 548
1089 9 2 3 4 456 2388 12 2594 2560 459
1090 9 2 3 4 327 2379 328 2598 2599 337
1091 9 2 3 4 329 2381 330 2600 2601 339
1092 9 2 3 4 229 2382 230 2602 2603 239
1093 9 2 3 4 492 2327 2320 2604 2605 2606
1094 9 2 3 4 2321 2329 471 2607 2608 2609
1095 9 2 3 4 330 2381 2333 2601 2567 2523
1096 9 2 3 4 2332 2382 229 2570 2602 2524
1097 9 2 3 4 2346 2347 486 2610 2611 2612
1098 9 2 3 4 9 2345 326 2613 2614 335
1099 9 2 3 4 2331 2349 2348 2513 2590 2615
1100 9 2 3 4 465 2330 464 2616 2617 504
1101 9 2 3 4 485 2347 484 2618 2619 524
1102 9 2 3 4 490 2320 489 2620 2621 529
1103 9 2 3 4 495 2327 494 2622 2623 534
1104 9 2 3 4 472 2321 471 2624 2609 511
1105 9 2 3 4 497 2328 496 2625 2392 536
1106 9 2 3 4 467 2330 466 2626 2627 506
1107 9 2 3 4 483 2347 482 2628 2629 522
1108 9 2 3 4 492 2320 491 2606 2630 531
1109 9 2 3 4 493 2327 492 2631 2604 532
1110 9 2 3 4 469 2329 468 2632 2391 508
1111 9 2 3 4 471 2329 470 2608 2633 510
1112 9 2 3 4 499 2351 498 2634 2635 538
1113 9 2 3 4 501 2351 500 2636 2637 540
1114 9 2 3 4 474 2321 473 2638 2639 513
1115 9 2 3 4 481 2319 480 2640 2641 520
1116 9 2 3 4 478 2350 477 2642 2643 517
1117 9 2 3 4 487 2346 486 2644 2612 526
1118 9 2 3 4 328 2325 329 2645 2646 338
1119 9 2 3 4 230 2324 231 2647 2492 240
1120 9 2 3 4 232 2323 233 2648 2558 242
1121 9 2 3 4 326 2322 327 2649 2650 336
1122 9 2 3 4 2325 2381 329 2583 2600 2646
1123 9 2 3 4 230 2382 2324 2603 2582 2647
1124 9 2 3 4 328 2379 2325 2599 2584 2645
1125 9 2 3 4 326 2345 2322 2614 2587 2649
1126 9 2 3 4 2328 2331 2327 2508 2651 2393
1127 9 2 3 4 2329 2334 2330 2652 2653 2389
1128 9 2 3 4 2322 2379 327 2597 2598 2650
1129 9 2 3 4 479 2350 478 2654 2642 518
1130 9 2 3 4 488 2346 487 2655 2644 527
1131 9 2 3 4 475 2376 474 2656 2657 514
1132 9 2 3 4 477 2376 476 2658 2659 516
1133 9 2 3 4 463 2345 9 2660 2613 502
1134 9 2 3 4 476 2376 475 2659 2656 515
1135 9 2 3 4 2334 2345 2330 2573 2661 2653
1136 9 2 3 4 482 2347 2319 2629 2662 2663
1137 9 2 3 4 498 2351 2328 2635 2506 2664
1138 9 2 3 4 464 2345 463 2665 2660 503
1139 9 2 3 4 489 2346 488 2666 2655 528
1140 9 2 3 4 480 2350 479 2667 2654 519
1141 9 2 3 4 474 2376 2321 2657 2668 2638
1142 9 2 3 4 470 2329 469 2633 2632 509
1143 9 2 3 4 500 2351 499 2637 2634 539
1144 9 2 3 4 473 2321 472 2639 2624 512
1145 9 2 3 4 482 2319 481 2663 2640 521
1146 9 2 3 4 498 2328 497 2664 2625 537
1147 9 2 3 4 466 2330 465 2627 2616 505
1148 9 2 3 4 484 2347 483 2619 2628 523
1149 9 2 3 4 491 2320 490 2630 2620 530
1150 9 2 3 4 494 2327 493 2623 2631 533
1151 9 2 3 4 2331 2348 2346 2615 2669 2670
1152 9 2 3 4 2346 2348 2347 2669 2671 2610
1153 9 2 3 4 2330 2345 464 2661 2665 2617
1154 9 2 3 4 2320 2346 489 2672 2666 2621
1155 9 2 3 4 2319 2350 480 2673 2667 2641
1156 9 2 3 4 2350 2376 477 2674 2658 2643
1157 9 2 3 4 2327 2331 2320 2651 2675 2605
1158 9 2 3 4 2321 2334 2329 2676 2652 2607
1159 9 2 3 4 2347 2348 2319 2671 2677 2662
1160 9 2 3 4 2348 2376 2350 2546 2674 2678
1161 9 2 3 4 2331 2346 2320 2670 2672 2675
1162 9 2 3 4 2348 2350 2319 2678 2673 2677
1163 9 2 3 4 2321 2376 2334 2668 2566 2676
1164 9 2 3 4 8 2351 501 2502 2636 541
1165 9 2 3 4 231 2323 232 2494 2648 241
1166 9 2 3 4 468 2330 467 2390 2626 507
1167 9 2 3 4 486 2347 485 2611 2618 525
1168 9 2 3 4 496 2327 495 2394 2622 535
1169 9 2 1 11 2742 3105 2818 3279 3280 3281
1170 9 2 1 11 2780 3116 3018 3282 3283 3284
1171 9 2 1 11 2854 2857 2714 3285 3286 3287
1172 9 2 1 11 2756 2859 277 3288 3289 3290
1173 9 2 1 11 2818 3115 2742 3291 3292 3281
1174 9 2 1 11 3018 3116 2842 3283 3293 3294
1175 9 2 1 11 2807 2841 2703 3295 3296 3297
1176 9 2 1 11 2771 3205 2824 3298 3299 3300
1177 9 2 1 11 2855 2987 2799 3301 3302 3303
1178 9 2 1 11 2714 3112 2854 3304 3305 3287
1179 9 2 1 11 2824 3113 2771 3306 3307 3300
1180 9 2 1 11 2703 2842 2807 3308 3309 3297
1181 9 2 1 11 277 2859 278 3289 3310 317
1182 9 2 1 11 2756 3111 2859 3311 3312 3288
1183 9 2 1 11 2951 3187 2952 3313 3314 3315
1184 9 2 1 11 3014 3183 3015 3316 3317 3318
1185 9 2 1 11 2951 3203 3187 3319 3320 3313
1186 9 2 1 11 2893 3148 2892 3321 3322 3323
1187 9 2 1 11 3167 3189 2946 3324 3325 3326
1188 9 2 1 11 3182 3188 3051 3327 3328 3329
1189 9 2 1 11 3157 3183 3014 3330 3316 3331
1190 9 2 1 11 2942 3139 2941 3332 3333 3334
1191 9 2 1 11 3181 3219 2970 3335 3336 3337
1192 9 2 1 11 3123 3148 2893 3338 3321 3339
1193 9 2 1 11 3026 3150 3121 3340 3341 3342
1194 9 2 1 11 2974 3129 2975 3343 3344 3345
1195 9 2 1 11 2970 3219 2971 3336 3346 3347
1196 9 2 1 11 3125 3215 2840 3348 3349 3350
1197 9 2 1 11 2942 3204 3139 3351 3352 3332
1198 9 2 1 11 3071 3223 3197 3353 3354 3355
1199 9 2 1 11 3071 3197 2781 3355 3356 3357
1200 9 2 1 11 2937 3172 3147 3358 3359 3360
1201 9 2 1 11 2946 3189 2947 3325 3361 3362
1202 9 2 1 11 3008 3144 3088 3363 3364 3365
1203 9 2 1 11 2974 3176 3129 3366 3367 3343
1204 9 2 1 11 2995 3153 3152 3368 3369 3370
1205 9 2 1 11 3020 3133 3021 3371 3372 3373
1206 9 2 1 11 3008 3163 3144 3374 3375 3363
1207 9 2 1 11 3020 3177 3133 3376 3377 3371
1208 9 2 1 11 2839 3125 2840 3378 3350 3379
1209 9 2 1 11 2995 3152 2996 3370 3380 3381
1210 9 2 1 11 2937 3147 2936 3360 3382 3383
1211 9 2 1 11 2816 3126 2815 3384 3385 3386
1212 9 2 1 11 3051 3188 3059 3328 3387 3388
1213 9 2 1 11 2834 3142 3124 3389 3390 3391
1214 9 2 1 11 3026 3121 3097 3342 3392 3393
1215 9 2 1 11 2834 3124 2835 3391 3394 3395
1216 9 2 1 11 2816 3166 3126 3396 3397 3384
1217 9 2 1 11 2799 3114 2855 3398 3399 3303
1218 9 2 1 11 2857 2858 2714 3400 3401 3286
1219 9 2 1 11 2807 3109 2841 3402 3403 3295
1220 9 2 1 11 2853 2855 2724 3404 3405 3406
1221 9 2 1 11 2724 2856 2853 3407 3408 3406
1222 9 2 1 11 2818 3105 2817 3280 3409 3410
1223 9 2 1 11 3061 3115 2823 3411 3412 3413
1224 9 2 1 11 2680 3230 2811 3414 3415 3416
1225 9 2 1 11 2809 3229 2679 3417 3418 3419
1226 9 2 1 11 2987 3107 2799 3420 3421 3302
1227 9 2 1 11 2852 3112 16 3422 3423 3424
1228 9 2 1 11 15 3113 2822 3425 3426 3427
1229 9 2 1 11 2824 3205 3089 3299 3428 3429
1230 9 2 1 11 2743 3230 2972 3430 3431 3432
1231 9 2 1 11 2853 2856 2854 3408 3433 3434
1232 9 2 1 11 2977 3120 3044 3435 3436 3437
1233 9 2 1 11 2703 2843 2842 3438 3439 3308
1234 9 2 1 11 2811 3110 2680 3440 3441 3416
1235 9 2 1 11 2679 3109 2809 3442 3443 3419
1236 9 2 1 11 2826 3110 2806 3444 3445 3446
1237 9 2 1 11 3149 3230 2743 3447 3430 3448
1238 9 2 1 11 2856 2857 2854 3449 3285 3433
1239 9 2 1 11 2823 3118 3061 3450 3451 3413
1240 9 2 1 11 496 2843 497 3452 3453 536
1241 9 2 1 11 2742 3115 3061 3292 3411 3454
1242 9 2 1 11 2746 3159 2830 3455 3456 3457
1243 9 2 1 11 2912 3165 2774 3458 3459 3460
1244 9 2 1 11 2995 3128 2694 3461 3462 3463
1245 9 2 1 11 2893 3130 2689 3464 3465 3466
1246 9 2 1 11 2834 3159 2746 3467 3455 3468
1247 9 2 1 11 2701 3155 2840 3469 3470 3471
1248 9 2 1 11 2830 3199 2746 3472 3473 3457
1249 9 2 1 11 2816 3155 2701 3474 3469 3475
1250 9 2 1 11 2955 3170 3058 3476 3477 3478
1251 9 2 1 11 2959 3176 2974 3479 3366 3480
1252 9 2 1 11 2746 3142 2834 3481 3389 3468
1253 9 2 1 11 2966 3169 2730 3482 3483 3484
1254 9 2 1 11 2689 3123 2893 3485 3339 3466
1255 9 2 1 11 2694 3153 2995 3486 3368 3463
1256 9 2 1 11 2775 3201 2961 3487 3488 3489
1257 9 2 1 11 2808 3149 2743 3490 3448 3491
1258 9 2 1 11 2932 3141 3028 3492 3493 3494
1259 9 2 1 11 2888 3198 3076 3495 3496 3497
1260 9 2 1 11 2701 3166 2816 3498 3396 3475
1261 9 2 1 11 2712 3167 2946 3499 3326 3500
1262 9 2 1 11 2729 3182 3051 3501 3329 3502
1263 9 2 1 11 2916 3222 2763 3503 3504 3505
1264 9 2 1 11 2772 3151 2930 3506 3507 3508
1265 9 2 1 11 2730 3200 2966 3509 3510 3484
1266 9 2 1 11 3097 3121 2940 3392 3511 3512
1267 9 2 1 11 2977 3185 2984 3513 3514 3515
1268 9 2 1 11 2761 3172 2937 3516 3358 3517
1269 9 2 1 11 3051 3190 2729 3518 3519 3502
1270 9 2 1 11 2924 3194 2773 3520 3521 3522
1271 9 2 1 11 3026 3134 3011 3523 3524 3525
1272 9 2 1 11 2748 3160 2864 3526 3527 3528
1273 9 2 1 11 2936 3147 2757 3382 3529 3530
1274 9 2 1 11 2771 3203 2951 3531 3319 3532
1275 9 2 1 11 2718 3214 3038 3533 3534 3535
1276 9 2 1 11 2727 3202 2957 3536 3537 3538
1277 9 2 1 11 2929 3140 3067 3539 3540 3541
1278 9 2 1 11 2998 3127 3035 3542 3543 3544
1279 9 2 1 11 3008 3131 3030 3545 3546 3547
1280 9 2 1 11 2810 3180 2800 3548 3549 3550
1281 9 2 1 11 2743 3146 2808 3551 3552 3491
1282 9 2 1 11 2909 3207 2744 3553 3554 3555
1283 9 2 1 11 2744 3209 2909 3556 3557 3555
1284 9 2 1 11 2901 3196 2749 3558 3559 3560
1285 9 2 1 11 2862 3132 3032 3561 3562 3563
1286 9 2 1 11 2877 3171 3078 3564 3565 3566
1287 9 2 1 11 2957 3202 2728 3537 3567 3568
1288 9 2 1 11 3067 3140 3088 3540 3569 3570
1289 9 2 1 11 2763 3212 2916 3571 3572 3505
1290 9 2 1 11 2840 3215 2701 3349 3573 3471
1291 9 2 1 11 2757 3173 2936 3574 3575 3530
1292 9 2 1 11 2750 3161 2874 3576 3577 3578
1293 9 2 1 11 2705 3211 2864 3579 3580 3581
1294 9 2 1 11 3024 3164 3011 3582 3583 3584
1295 9 2 1 11 2879 3191 2707 3585 3586 3587
1296 9 2 1 11 2716 3180 2810 3588 3548 3589
1297 9 2 1 11 2952 3187 2735 3314 3590 3591
1298 9 2 1 11 2749 3145 2901 3592 3593 3560
1299 9 2 1 11 3014 3143 3001 3594 3595 3596
1300 9 2 1 11 3058 3170 3063 3477 3597 3598
1301 9 2 1 11 2717 3195 2808 3599 3600 3601
1302 9 2 1 11 2971 3219 2733 3346 3602 3603
1303 9 2 1 11 3088 3144 3067 3364 3604 3570
1304 9 2 1 11 2706 3210 2869 3605 3606 3607
1305 9 2 1 11 2874 3192 2715 3608 3609 3610
1306 9 2 1 11 2884 3216 2734 3611 3612 3613
1307 9 2 1 11 3028 3174 2932 3614 3615 3494
1308 9 2 1 11 2941 3139 2711 3333 3616 3617
1309 9 2 1 11 2730 3169 3059 3483 3618 3619
1310 9 2 1 11 2966 3200 2731 3510 3620 3621
1311 9 2 1 11 3003 3186 2777 3622 3623 3624
1312 9 2 1 11 2808 3146 2717 3552 3625 3601
1313 9 2 1 11 2864 3193 2705 3626 3627 3581
1314 9 2 1 11 2707 3206 2879 3628 3629 3587
1315 9 2 1 11 2749 3196 2996 3559 3630 3631
1316 9 2 1 11 2779 3125 2839 3632 3378 3633
1317 9 2 1 11 3001 3157 3014 3634 3331 3596
1318 9 2 1 11 2930 3151 2690 3507 3635 3636
1319 9 2 1 11 3059 3188 2730 3387 3637 3619
1320 9 2 1 11 2892 3148 2776 3322 3638 3639
1321 9 2 1 11 2945 3164 3024 3640 3582 3641
1322 9 2 1 11 3011 3150 3026 3642 3340 3525
1323 9 2 1 11 2752 3186 3003 3643 3622 3644
1324 9 2 1 11 2874 3213 2750 3645 3646 3578
1325 9 2 1 11 2869 3210 2747 3606 3647 3648
1326 9 2 1 11 3030 3163 3008 3649 3374 3547
1327 9 2 1 11 2996 3152 2749 3380 3650 3631
1328 9 2 1 11 2715 3213 2874 3651 3645 3610
1329 9 2 1 11 2734 3217 2884 3652 3653 3613
1330 9 2 1 11 2864 3211 2748 3580 3654 3528
1331 9 2 1 11 2690 3136 2930 3655 3656 3636
1332 9 2 1 11 2716 3168 3038 3657 3658 3659
1333 9 2 1 11 2968 3177 3020 3660 3376 3661
1334 9 2 1 11 2872 3154 2983 3662 3663 3664
1335 9 2 1 11 2951 3205 2771 3665 3298 3532
1336 9 2 1 11 2882 3220 3083 3666 3667 3668
1337 9 2 1 11 3028 3141 2928 3493 3669 3670
1338 9 2 1 11 3035 3127 2891 3543 3671 3672
1339 9 2 1 11 2867 3218 3073 3673 3674 3675
1340 9 2 1 11 2896 3178 2983 3676 3677 3678
1341 9 2 1 11 3021 3133 3015 3372 3679 3680
1342 9 2 1 11 2942 3173 2757 3681 3574 3682
1343 9 2 1 11 2757 3204 2942 3683 3351 3682
1344 9 2 1 11 2884 3217 2783 3653 3684 3685
1345 9 2 1 11 2961 3201 2729 3488 3686 3687
1346 9 2 1 11 2901 3145 2745 3593 3688 3689
1347 9 2 1 11 2947 3189 2713 3361 3690 3691
1348 9 2 1 11 3038 3214 2716 3534 3692 3659
1349 9 2 1 11 2981 3184 2804 3693 3694 3695
1350 9 2 1 11 3044 3185 2977 3696 3513 3437
1351 9 2 1 11 2751 3162 2879 3697 3698 3699
1352 9 2 1 11 2810 3168 2716 3700 3657 3589
1353 9 2 1 11 2770 3181 2970 3701 3337 3702
1354 9 2 1 11 2983 3154 2896 3663 3703 3678
1355 9 2 1 11 3032 3132 2915 3562 3704 3705
1356 9 2 1 11 3047 3175 2975 3706 3707 3708
1357 9 2 1 11 2835 3124 2689 3394 3709 3710
1358 9 2 1 11 2729 3190 2961 3519 3711 3687
1359 9 2 1 11 3080 3137 3002 3712 3713 3714
1360 9 2 1 11 3015 3183 3021 3317 3715 3680
1361 9 2 1 11 2797 3199 2830 3716 3472 3717
1362 9 2 1 11 2879 3206 2751 3629 3718 3699
1363 9 2 1 11 3083 3220 2903 3667 3719 3720
1364 9 2 1 11 2916 3212 2796 3572 3721 3722
1365 9 2 1 11 3030 3131 2922 3546 3723 3724
1366 9 2 1 11 3063 3135 3058 3725 3726 3598
1367 9 2 1 11 2909 3209 2774 3557 3727 3728
1368 9 2 1 11 3011 3134 3024 3524 3729 3584
1369 9 2 1 11 3078 3171 2897 3565 3730 3731
1370 9 2 1 11 3073 3156 2867 3732 3733 3675
1371 9 2 1 11 2975 3129 3047 3344 3734 3708
1372 9 2 1 11 2848 3208 2763 3735 3736 3737
1373 9 2 1 11 2815 3126 2782 3385 3738 3739
1374 9 2 1 11 2774 3165 2909 3459 3740 3728
1375 9 2 1 11 3073 3218 2979 3674 3741 3742
1376 9 2 1 11 2763 3222 2848 3504 3743 3737
1377 9 2 1 11 2821 3223 3071 3744 3353 3745
1378 9 2 1 11 3076 3198 2905 3496 3746 3747
1379 9 2 1 11 2694 3128 2913 3462 3748 3749
1380 9 2 1 11 2905 3221 3076 3750 3751 3747
1381 9 2 1 11 2689 3130 2835 3465 3752 3710
1382 9 2 1 11 497 2843 2703 3453 3438 3753
1383 9 2 1 11 2684 2843 496 3754 3452 3755
1384 9 2 1 11 2856 2859 2857 3756 3757 3449
1385 9 2 1 11 2858 3111 3044 3758 3759 3760
1386 9 2 1 11 2855 3114 2724 3399 3761 3405
1387 9 2 1 11 2806 3119 2826 3762 3763 3446
1388 9 2 1 11 2850 2986 2682 3764 3765 3766
1389 9 2 1 11 2868 2896 2894 3767 3768 3769
1390 9 2 1 11 2836 2917 2795 3770 3771 3772
1391 9 2 1 11 2829 2832 2831 3773 3774 3775
1392 9 2 1 11 2837 2917 2836 3776 3770 3777
1393 9 2 1 11 469 2831 2683 3778 3779 3780
1394 9 2 1 11 2846 2986 2850 3781 3764 3782
1395 9 2 1 11 2850 2987 2851 3783 3784 3785
1396 9 2 1 11 467 2828 468 3786 3787 507
1397 9 2 1 11 3033 3053 2969 3788 3789 3790
1398 9 2 1 11 2681 2819 2818 3791 3792 3793
1399 9 2 1 11 2682 2987 2850 3794 3783 3766
1400 9 2 1 11 2688 2838 2837 3795 3796 3797
1401 9 2 1 11 2827 2828 2704 3798 3799 3800
1402 9 2 1 11 2740 2908 2907 3801 3802 3803
1403 9 2 1 11 2883 2904 2759 3804 3805 3806
1404 9 2 1 11 2868 2894 2785 3769 3807 3808
1405 9 2 1 11 2873 2895 2786 3809 3810 3811
1406 9 2 1 11 2878 2902 2787 3812 3813 3814
1407 9 2 1 11 2812 2918 2813 3815 3816 3817
1408 9 2 1 11 2813 2816 2815 3818 3386 3819
1409 9 2 1 11 3100 3103 2819 3820 3821 3822
1410 9 2 1 11 2829 2831 2828 3775 3823 3824
1411 9 2 1 11 2847 2914 2844 3825 3826 3827
1412 9 2 1 11 2846 2849 2848 3828 3829 3830
1413 9 2 1 11 3016 3018 3017 3831 3832 3833
1414 9 2 1 11 2873 2897 2895 3834 3835 3809
1415 9 2 1 11 350 3061 351 3836 3837 390
1416 9 2 1 11 2851 2987 2855 3784 3301 3838
1417 9 2 1 11 3009 3086 2710 3839 3840 3841
1418 9 2 1 11 2792 3053 3033 3842 3788 3843
1419 9 2 1 11 2740 2906 478 3844 3845 3846
1420 9 2 1 11 2956 3047 3046 3847 3848 3849
1421 9 2 1 11 2738 2986 2846 3850 3781 3851
1422 9 2 1 11 2924 2925 2921 3852 3853 3854
1423 9 2 1 11 2927 2928 2926 3855 3856 3857
1424 9 2 1 11 2832 2834 2833 3858 3859 3860
1425 9 2 1 11 2828 2831 468 3823 3861 3787
1426 9 2 1 11 681 3081 682 3862 3863 713
1427 9 2 1 11 3029 3030 2720 3864 3865 3866
1428 9 2 1 11 2967 2968 2723 3867 3868 3869
1429 9 2 1 11 3010 3011 2760 3870 3871 3872
1430 9 2 1 11 3013 3014 2791 3873 3874 3875
1431 9 2 1 11 2939 2940 2938 3876 3877 3878
1432 9 2 1 11 2946 2947 2944 3362 3879 3880
1433 9 2 1 11 2959 2961 2960 3881 3882 3883
1434 9 2 1 11 691 2919 692 3884 3885 723
1435 9 2 1 11 2779 3070 3069 3886 3887 3888
1436 9 2 1 11 2860 2985 2862 3889 3890 3891
1437 9 2 1 11 2767 3046 359 3892 3893 3894
1438 9 2 1 11 2722 3025 747 3895 3896 3897
1439 9 2 1 11 550 3016 551 3898 3899 582
1440 9 2 1 11 676 3075 677 3900 3901 708
1441 9 2 1 11 692 2982 693 3902 3903 724
1442 9 2 1 11 570 3034 571 3904 3905 602
1443 9 2 1 11 2740 2907 2906 3803 3906 3844
1444 9 2 1 11 2792 3033 2981 3843 3907 3908
1445 9 2 1 11 2813 2918 2816 3816 3909 3818
1446 9 2 1 11 3012 3050 2964 3910 3911 3912
1447 9 2 1 11 682 3082 683 3913 3914 714
1448 9 2 1 11 2834 2835 2833 3395 3915 3859
1449 9 2 1 11 2691 2985 43 3916 3917 3918
1450 9 2 1 11 2784 2978 46 3919 3920 3921
1451 9 2 1 11 2805 2808 2803 3922 3923 3924
1452 9 2 1 11 2921 2922 2920 3925 3926 3927
1453 9 2 1 11 2932 3079 2931 3928 3929 3930
1454 9 2 1 11 2963 2966 2965 3931 3932 3933
1455 9 2 1 11 2688 2837 2836 3797 3777 3934
1456 9 2 1 11 2861 2864 2863 3935 3936 3937
1457 9 2 1 11 3081 3083 3082 3938 3939 3940
1458 9 2 1 11 3016 3017 2782 3833 3941 3942
1459 9 2 1 11 73 2817 74 3943 3944 113
1460 9 2 1 11 2791 3064 375 3945 3946 3947
1461 9 2 1 11 468 2831 469 3861 3778 508
1462 9 2 1 11 478 2906 479 3845 3948 518
1463 9 2 1 11 3081 3082 682 3940 3913 3863
1464 9 2 1 11 3069 3084 2745 3949 3950 3951
1465 9 2 1 11 768 2764 13 3952 3953 800
1466 9 2 1 11 39 2738 40 3954 3955 79
1467 9 2 1 11 40 2844 41 3956 3957 80
1468 9 2 1 11 44 2860 45 3958 3959 84
1469 9 2 1 11 45 2784 46 3960 3921 85
1470 9 2 1 11 49 2865 50 3961 3962 89
1471 9 2 1 11 50 2785 51 3963 3964 90
1472 9 2 1 11 54 2870 55 3965 3966 94
1473 9 2 1 11 55 2786 56 3967 3968 95
1474 9 2 1 11 59 2875 60 3969 3970 99
1475 9 2 1 11 60 2787 61 3971 3972 100
1476 9 2 1 11 64 2880 65 3973 3974 104
1477 9 2 1 11 65 2759 66 3975 3976 105
1478 9 2 1 11 69 2886 70 3977 3978 109
1479 9 2 1 11 70 2737 71 3979 3980 110
1480 9 2 1 11 246 2716 247 3981 3982 286
1481 9 2 1 11 248 2718 249 3983 3984 288
1482 9 2 1 11 253 2754 254 3985 3986 293
1483 9 2 1 11 263 2933 264 3987 3988 303
1484 9 2 1 11 268 2766 269 3989 3990 308
1485 9 2 1 11 271 3060 272 3991 3992 311
1486 9 2 1 11 276 2756 277 3993 3290 316
1487 9 2 1 11 281 2799 282 3994 3995 321
1488 9 2 1 11 357 2954 358 3996 3997 397
1489 9 2 1 11 360 3056 361 3998 3999 400
1490 9 2 1 11 362 2958 363 4000 4001 402
1491 9 2 1 11 365 2753 366 4002 4003 405
1492 9 2 1 11 367 2962 368 4004 4005 407
1493 9 2 1 11 370 2777 371 4006 4007 410
1494 9 2 1 11 372 2752 373 4008 4009 412
1495 9 2 1 11 375 3064 376 3946 4010 415
1496 9 2 1 11 380 2792 381 4011 4012 420
1497 9 2 1 11 382 2717 383 4013 4014 422
1498 9 2 1 11 466 2704 467 4015 4016 506
1499 9 2 1 11 471 2793 472 4017 4018 511
1500 9 2 1 11 472 2889 473 4019 4020 512
1501 9 2 1 11 476 2997 477 4021 4022 516
1502 9 2 1 11 477 2740 478 4023 3846 517
1503 9 2 1 11 481 2794 482 4024 4025 521
1504 9 2 1 11 482 2992 483 4026 4027 522
1505 9 2 1 11 487 2741 488 4028 4029 527
1506 9 2 1 11 491 2795 492 4030 4031 531
1507 9 2 1 11 492 2812 493 4032 4033 532
1508 9 2 1 11 497 2703 498 3753 4034 537
1509 9 2 1 11 613 2733 614 4035 4036 645
1510 9 2 1 11 616 2770 617 4037 4038 648
1511 9 2 1 11 619 2732 620 4039 4040 651
1512 9 2 1 11 624 2731 625 4041 4042 656
1513 9 2 1 11 626 2730 627 4043 4044 658
1514 9 2 1 11 629 2729 630 4045 4046 661
1515 9 2 1 11 634 2728 635 4047 4048 666
1516 9 2 1 11 636 2727 637 4049 4050 668
1517 9 2 1 11 641 2771 642 4051 4052 673
1518 9 2 1 11 746 2722 747 4053 3897 778
1519 9 2 1 11 751 2757 752 4054 4055 783
1520 9 2 1 11 759 2772 760 4056 4057 791
1521 9 2 1 11 761 2758 762 4058 4059 793
1522 9 2 1 11 763 2720 764 4060 4061 795
1523 9 2 1 11 766 2773 767 4062 4063 798
1524 9 2 1 11 2785 2894 51 3807 4064 3964
1525 9 2 1 11 2787 2902 61 3813 4065 3972
1526 9 2 1 11 2786 2895 56 3810 4066 3968
1527 9 2 1 11 2898 2899 2700 4067 4068 4069
1528 9 2 1 11 3048 3049 2753 4070 4071 4072
1529 9 2 1 11 2954 2955 2767 4073 4074 4075
1530 9 2 1 11 2958 2959 2768 4076 4077 4078
1531 9 2 1 11 2963 2965 2769 3933 4079 4080
1532 9 2 1 11 2789 2803 2788 4081 4082 4083
1533 9 2 1 11 2802 2809 2801 4084 4085 4086
1534 9 2 1 11 3020 3021 3019 3373 4087 4088
1535 9 2 1 11 3065 3073 3072 4089 4090 4091
1536 9 2 1 11 351 3061 2725 3837 4092 4093
1537 9 2 1 11 2708 3055 256 4094 4095 4096
1538 9 2 1 11 2933 3009 264 4097 4098 3988
1539 9 2 1 11 2822 2823 2820 4099 4100 4101
1540 9 2 1 11 254 3007 255 4102 4103 294
1541 9 2 1 11 261 2931 262 4104 4105 301
1542 9 2 1 11 352 2948 353 4106 4107 392
1543 9 2 1 11 385 2972 386 4108 4109 425
1544 9 2 1 11 617 3019 618 4110 4111 649
1545 9 2 1 11 2762 2929 2927 4112 4113 4114
1546 9 2 1 11 2821 2822 2820 4115 4101 4116
1547 9 2 1 11 3007 3088 2708 4117 4118 4119
1548 9 2 1 11 2886 2887 2737 4120 4121 4122
1549 9 2 1 11 2870 2871 2786 4123 4124 4125
1550 9 2 1 11 2875 2876 2787 4126 4127 4128
1551 9 2 1 11 2792 2981 2980 3908 4129 4130
1552 9 2 1 11 2847 2915 2914 4131 4132 3825
1553 9 2 1 11 2853 2854 2852 3434 4133 4134
1554 9 2 1 11 2883 2905 2904 4135 4136 3804
1555 9 2 1 11 2693 3004 623 4137 4138 4139
1556 9 2 1 11 2863 2979 2978 4140 4141 4142
1557 9 2 1 11 2926 3094 259 4143 4144 4145
1558 9 2 1 11 37 2682 38 4146 4147 77
1559 9 2 1 11 42 2691 43 4148 3918 82
1560 9 2 1 11 47 2692 48 4149 4150 87
1561 9 2 1 11 52 2695 53 4151 4152 92
1562 9 2 1 11 57 2696 58 4153 4154 97
1563 9 2 1 11 62 2699 63 4155 4156 102
1564 9 2 1 11 67 2698 68 4157 4158 107
1565 9 2 1 11 72 2681 73 4159 4160 112
1566 9 2 1 11 464 2680 465 4161 4162 504
1567 9 2 1 11 469 2683 470 3780 4163 509
1568 9 2 1 11 474 3041 475 4164 4165 514
1569 9 2 1 11 479 2697 480 4166 4167 519
1570 9 2 1 11 484 2898 485 4168 4169 524
1571 9 2 1 11 489 2688 490 4170 4171 529
1572 9 2 1 11 499 2679 500 4172 4173 539
1573 9 2 1 11 2865 2866 2785 4174 4175 4176
1574 9 2 1 11 2899 2901 2900 4177 4178 4179
1575 9 2 1 11 2704 2828 467 3799 3786 4016
1576 9 2 1 11 2917 2918 2795 4180 4181 3771
1577 9 2 1 11 2851 2855 2853 3838 3404 4182
1578 9 2 1 11 250 2719 251 4183 4184 290
1579 9 2 1 11 251 2920 252 4185 4186 291
1580 9 2 1 11 255 2708 256 4187 4096 295
1581 9 2 1 11 258 2926 259 4188 4145 298
1582 9 2 1 11 260 2709 261 4189 4190 300
1583 9 2 1 11 265 2710 266 4191 4192 305
1584 9 2 1 11 266 2938 267 4193 4194 306
1585 9 2 1 11 270 2760 271 4195 4196 310
1586 9 2 1 11 273 2943 274 4197 4198 313
1587 9 2 1 11 275 3043 276 4199 4200 315
1588 9 2 1 11 349 2742 350 4201 4202 389
1589 9 2 1 11 355 3062 356 4203 4204 395
1590 9 2 1 11 374 2791 375 4205 3947 414
1591 9 2 1 11 377 2967 378 4206 4207 417
1592 9 2 1 11 384 2743 385 4208 4209 424
1593 9 2 1 11 631 2775 632 4210 4211 663
1594 9 2 1 11 638 2735 639 4212 4213 670
1595 9 2 1 11 738 2714 739 4214 4215 770
1596 9 2 1 11 740 2976 741 4216 4217 772
1597 9 2 1 11 741 2713 742 4218 4219 773
1598 9 2 1 11 744 2712 745 4220 4221 776
1599 9 2 1 11 748 2711 749 4222 4223 780
1600 9 2 1 11 754 2761 755 4224 4225 786
1601 9 2 1 11 2881 2883 2759 4226 3806 4227
1602 9 2 1 11 2876 2878 2787 4228 3814 4127
1603 9 2 1 11 2878 2903 2902 4229 4230 3812
1604 9 2 1 11 2880 2885 2882 4231 4232 4233
1605 9 2 1 11 3000 3002 2693 4234 4235 4236
1606 9 2 1 11 2710 2939 2938 4237 3878 4238
1607 9 2 1 11 2968 2969 2723 4239 4240 3868
1608 9 2 1 11 2949 2950 2726 4241 4242 4243
1609 9 2 1 11 3049 3050 2753 4244 4245 4071
1610 9 2 1 11 2765 2801 2798 4246 4247 4248
1611 9 2 1 11 2765 2802 2801 4249 4086 4246
1612 9 2 1 11 2955 2956 2767 4250 4251 4074
1613 9 2 1 11 2959 2960 2768 3883 4252 4077
1614 9 2 1 11 2803 2804 2788 4253 4254 4082
1615 9 2 1 11 3014 3015 2791 3318 4255 3874
1616 9 2 1 11 2935 3086 3009 4256 3839 4257
1617 9 2 1 11 2951 2952 2950 3315 4258 4259
1618 9 2 1 11 2962 3012 2964 4260 3912 4261
1619 9 2 1 11 3000 3003 3002 4262 4263 4234
1620 9 2 1 11 2795 2918 2812 4181 3815 4264
1621 9 2 1 11 2866 2868 2785 4265 3808 4175
1622 9 2 1 11 2759 2904 66 3805 4266 3976
1623 9 2 1 11 2762 2926 258 4267 4188 4268
1624 9 2 1 11 2721 2933 263 4269 3987 4270
1625 9 2 1 11 2755 2943 273 4271 4197 4272
1626 9 2 1 11 2725 2948 352 4273 4106 4274
1627 9 2 1 11 3045 3062 355 4275 4203 4276
1628 9 2 1 11 2778 2954 357 4277 3996 4278
1629 9 2 1 11 2736 2958 362 4279 4000 4280
1630 9 2 1 11 2739 2967 377 4281 4206 4282
1631 9 2 1 11 2680 2825 465 4283 4284 4162
1632 9 2 1 11 3019 3085 618 4285 4286 4111
1633 9 2 1 11 2732 3022 620 4287 4288 4040
1634 9 2 1 11 2871 2873 2786 4289 3811 4124
1635 9 2 1 11 364 3048 365 4290 4291 404
1636 9 2 1 11 369 3052 370 4292 4293 409
1637 9 2 1 11 632 2973 633 4294 4295 664
1638 9 2 1 11 2969 3053 2723 3789 4296 4240
1639 9 2 1 11 2950 3045 2726 4297 4298 4242
1640 9 2 1 11 2956 3046 2767 3849 3892 4251
1641 9 2 1 11 2804 3040 2788 4299 4300 4254
1642 9 2 1 11 2871 2874 2873 4301 4302 4289
1643 9 2 1 11 3006 3098 2923 4303 4304 4305
1644 9 2 1 11 2939 2942 2941 4306 3334 4307
1645 9 2 1 11 2953 3062 3045 4308 4275 4309
1646 9 2 1 11 3021 3085 3019 4310 4285 4087
1647 9 2 1 11 2914 2915 2691 4132 4311 4312
1648 9 2 1 11 2910 2911 2697 4313 4314 4315
1649 9 2 1 11 2889 2890 2702 4316 4317 4318
1650 9 2 1 11 2826 2827 2704 4319 3800 4320
1651 9 2 1 11 2738 2845 2844 4321 4322 4323
1652 9 2 1 11 2880 2881 2759 4324 4227 4325
1653 9 2 1 11 2860 2861 2784 4326 4327 4328
1654 9 2 1 11 2793 3042 2889 4329 4330 4331
1655 9 2 1 11 2910 2912 2911 4332 4333 4313
1656 9 2 1 11 2722 3026 3025 4334 4335 3895
1657 9 2 1 11 2755 2944 2943 4336 4337 4271
1658 9 2 1 11 2762 2927 2926 4114 3857 4267
1659 9 2 1 11 2775 2974 2973 4338 4339 4340
1660 9 2 1 11 3052 3080 2777 4341 4342 4343
1661 9 2 1 11 2789 2806 2805 4344 4345 4346
1662 9 2 1 11 2970 2971 2969 3347 4347 4348
1663 9 2 1 11 2994 2995 2993 4349 4350 4351
1664 9 2 1 11 2992 2993 2686 4352 4353 4354
1665 9 2 1 11 2792 2980 381 4130 4355 4012
1666 9 2 1 11 2685 2998 2997 4356 4357 4358
1667 9 2 1 11 2812 2813 2687 3817 4359 4360
1668 9 2 1 11 2825 2826 2704 4361 4320 4362
1669 9 2 1 11 2715 2919 691 4363 3884 4364
1670 9 2 1 11 567 2774 568 4365 4366 599
1671 9 2 1 11 621 2999 622 4367 4368 653
1672 9 2 1 11 623 3004 624 4138 4369 655
1673 9 2 1 11 693 2747 694 4370 4371 725
1674 9 2 1 11 756 3005 757 4372 4373 788
1675 9 2 1 11 249 3006 250 4374 4375 289
1676 9 2 1 11 267 3039 268 4376 4377 307
1677 9 2 1 11 354 3045 355 4378 4276 394
1678 9 2 1 11 379 3053 380 4379 4380 419
1679 9 2 1 11 612 3040 613 4381 4382 644
1680 9 2 1 11 760 3066 761 4383 4384 792
1681 9 2 1 11 762 3029 763 4385 4386 794
1682 9 2 1 11 767 3068 768 4387 4388 799
1683 9 2 1 11 2865 2988 2867 4389 4390 4391
1684 9 2 1 11 2890 2892 2891 4392 4393 4394
1685 9 2 1 11 2831 2832 2683 3774 4395 3779
1686 9 2 1 11 2870 2989 2872 4396 4397 4398
1687 9 2 1 11 2718 3098 3006 4399 4303 4400
1688 9 2 1 11 2721 2934 2933 4401 4402 4269
1689 9 2 1 11 2725 3089 2948 4403 4404 4273
1690 9 2 1 11 2772 3067 3066 4405 4406 4407
1691 9 2 1 11 2943 2984 2790 4408 4409 4410
1692 9 2 1 11 2794 2994 2992 4411 4412 4413
1693 9 2 1 11 361 3056 2736 3999 4414 4415
1694 9 2 1 11 367 3012 2962 4416 4260 4004
1695 9 2 1 11 2875 2990 2877 4417 4418 4419
1696 9 2 1 11 2844 2914 41 3826 4420 3957
1697 9 2 1 11 2692 2988 48 4421 4422 4150
1698 9 2 1 11 2695 2989 53 4423 4424 4152
1699 9 2 1 11 2696 2990 58 4425 4426 4154
1700 9 2 1 11 2698 2991 68 4427 4428 4158
1701 9 2 1 11 2702 3041 474 4429 4164 4430
1702 9 2 1 11 2697 3091 480 4431 4432 4167
1703 9 2 1 11 2700 3093 486 4433 4434 4435
1704 9 2 1 11 2703 2841 498 3296 4436 4034
1705 9 2 1 11 2973 3099 633 4437 4438 4295
1706 9 2 1 11 2838 2839 2837 4439 4440 3796
1707 9 2 1 11 2845 2847 2844 4441 3827 4322
1708 9 2 1 11 2886 2991 2888 4442 4443 4444
1709 9 2 1 11 2795 2812 492 4264 4032 4031
1710 9 2 1 11 3054 3077 687 4445 4446 4447
1711 9 2 1 11 359 3046 360 3893 4448 399
1712 9 2 1 11 2780 3016 550 4449 3898 4450
1713 9 2 1 11 637 3057 638 4451 4452 669
1714 9 2 1 11 2710 3086 2939 3840 4453 4237
1715 9 2 1 11 2721 3079 2934 4454 4455 4401
1716 9 2 1 11 2755 2945 2944 4456 4457 4336
1717 9 2 1 11 2764 3037 3036 4458 4459 4460
1718 9 2 1 11 2960 3048 2768 4461 4462 4252
1719 9 2 1 11 2965 3052 2769 4463 4464 4079
1720 9 2 1 11 3015 3064 2791 4465 3945 4255
1721 9 2 1 11 2952 2953 2950 4466 4467 4258
1722 9 2 1 11 549 2780 550 4468 4450 581
1723 9 2 1 11 551 2782 552 4469 4470 583
1724 9 2 1 11 675 2781 676 4471 4472 707
1725 9 2 1 11 677 3074 678 4473 4474 709
1726 9 2 1 11 2734 3081 681 4475 3862 4476
1727 9 2 1 11 569 2744 570 4477 4478 601
1728 9 2 1 11 574 2689 575 4479 4480 606
1729 9 2 1 11 695 2706 696 4481 4482 727
1730 9 2 1 11 700 2705 701 4483 4484 732
1731 9 2 1 11 702 2796 703 4485 4486 734
1732 9 2 1 11 704 2763 705 4487 4488 736
1733 9 2 1 11 3054 3078 3077 4489 4490 4445
1734 9 2 1 11 39 2986 2738 4491 3850 3954
1735 9 2 1 11 42 2914 2691 4492 4312 4148
1736 9 2 1 11 44 2985 2860 4493 3889 3958
1737 9 2 1 11 47 2978 2692 4494 4495 4149
1738 9 2 1 11 49 2988 2865 4496 4389 3961
1739 9 2 1 11 52 2894 2695 4497 4498 4151
1740 9 2 1 11 54 2989 2870 4499 4396 3965
1741 9 2 1 11 57 2895 2696 4500 4501 4153
1742 9 2 1 11 59 2990 2875 4502 4417 3969
1743 9 2 1 11 62 2902 2699 4503 4504 4155
1744 9 2 1 11 64 2885 2880 4505 4231 3973
1745 9 2 1 11 67 2904 2698 4506 4507 4157
1746 9 2 1 11 69 2991 2886 4508 4442 3977
1747 9 2 1 11 72 3100 2681 4509 4510 4159
1748 9 2 1 11 466 2825 2704 4511 4362 4015
1749 9 2 1 11 471 3090 2793 4512 4513 4017
1750 9 2 1 11 479 2906 2697 3948 4514 4166
1751 9 2 1 11 481 3091 2794 4515 4516 4024
1752 9 2 1 11 485 2898 2700 4169 4069 4517
1753 9 2 1 11 489 3092 2688 4518 4519 4170
1754 9 2 1 11 491 2836 2795 4520 3772 4030
1755 9 2 1 11 493 2812 2687 4033 4360 4521
1756 9 2 1 11 499 2841 2679 4522 4523 4172
1757 9 2 1 11 3027 3028 3005 4524 4525 4526
1758 9 2 1 11 2699 2885 63 4527 4528 4156
1759 9 2 1 11 2738 2844 40 4323 3956 3955
1760 9 2 1 11 2780 3018 3016 3284 3831 4449
1761 9 2 1 11 2819 2820 2818 4529 4530 3792
1762 9 2 1 11 686 3054 687 4531 4447 718
1763 9 2 1 11 557 2779 558 4532 4533 589
1764 9 2 1 11 683 2751 684 4534 4535 715
1765 9 2 1 11 2906 2910 2697 4536 4315 4514
1766 9 2 1 11 2744 3034 570 4537 3904 4478
1767 9 2 1 11 2706 3065 696 4538 4539 4482
1768 9 2 1 11 2705 3031 701 4540 4541 4484
1769 9 2 1 11 2813 2815 2814 3819 4542 4543
1770 9 2 1 11 3075 3076 3074 4544 4545 4546
1771 9 2 1 11 15 3071 675 4547 4548 706
1772 9 2 1 11 571 2776 572 4549 4550 603
1773 9 2 1 11 618 3085 619 4286 4551 650
1774 9 2 1 11 697 3072 698 4552 4553 729
1775 9 2 1 11 698 2748 699 4554 4555 730
1776 9 2 1 11 2686 3087 2898 4556 4557 4558
1777 9 2 1 11 554 2701 555 4559 4560 586
1778 9 2 1 11 2779 3069 558 3888 4561 4533
1779 9 2 1 11 680 2734 681 4562 4476 712
1780 9 2 1 11 2953 3063 3062 4563 4564 4308
1781 9 2 1 11 564 2694 565 4565 4566 596
1782 9 2 1 11 690 2715 691 4567 4364 722
1783 9 2 1 11 2929 2930 2927 4568 4569 4113
1784 9 2 1 11 253 3096 2754 4570 4571 3985
1785 9 2 1 11 268 3039 2766 4377 4572 3989
1786 9 2 1 11 276 3043 2756 4200 4573 3993
1787 9 2 1 11 376 3064 2739 4010 4574 4575
1788 9 2 1 11 638 3057 2735 4452 4576 4212
1789 9 2 1 11 746 3023 2722 4577 4578 4053
1790 9 2 1 11 763 3029 2720 4386 3866 4060
1791 9 2 1 11 558 3069 559 4561 4579 590
1792 9 2 1 11 2681 3100 2819 4510 3822 3791
1793 9 2 1 11 2861 2863 2784 3937 4580 4327
1794 9 2 1 11 3031 3032 2796 4581 4582 4583
1795 9 2 1 11 2794 2992 482 4413 4026 4025
1796 9 2 1 11 2781 3075 676 4584 3900 4472
1797 9 2 1 11 678 2783 679 4585 4586 710
1798 9 2 1 11 2993 3087 2686 4587 4556 4353
1799 9 2 1 11 561 2749 562 4588 4589 593
1800 9 2 1 11 2707 3054 686 4590 4531 4591
1801 9 2 1 11 687 3077 688 4446 4592 719
1802 9 2 1 11 688 2750 689 4593 4594 720
1803 9 2 1 11 3034 3035 2776 4595 4596 4597
1804 9 2 1 11 579 2797 14 4598 4599 611
1805 9 2 1 11 252 3096 253 4600 4570 292
1806 9 2 1 11 559 2745 560 4601 4602 591
1807 9 2 1 11 577 2746 578 4603 4604 609
1808 9 2 1 11 685 2707 686 4605 4591 717
1809 9 2 1 11 696 3065 697 4539 4606 728
1810 9 2 1 11 701 3031 702 4541 4607 733
1811 9 2 1 11 3002 3004 2693 4608 4137 4235
1812 9 2 1 11 2719 2923 2921 4609 4610 4611
1813 9 2 1 11 2765 3036 2802 4612 4613 4249
1814 9 2 1 11 2789 2805 2803 4346 3924 4081
1815 9 2 1 11 2935 3009 2933 4257 4097 4614
1816 9 2 1 11 2934 2937 2936 4615 3383 4616
1817 9 2 1 11 2940 3039 2938 4617 4618 3877
1818 9 2 1 11 2947 2984 2944 4619 4620 3879
1819 9 2 1 11 2948 3089 2949 4404 4621 4622
1820 9 2 1 11 2962 2964 2963 4261 4623 4624
1821 9 2 1 11 2999 3001 3000 4625 4626 4627
1822 9 2 1 11 2912 2913 2911 4628 4629 4333
1823 9 2 1 11 2793 2889 472 4331 4019 4018
1824 9 2 1 11 2921 2925 2922 3853 4630 3925
1825 9 2 1 11 2978 2979 2692 4141 4631 4495
1826 9 2 1 11 2908 2909 2907 4632 4633 3802
1827 9 2 1 11 3065 3072 697 4091 4552 4606
1828 9 2 1 11 38 2986 39 4634 4491 78
1829 9 2 1 11 41 2914 42 4420 4492 81
1830 9 2 1 11 43 2985 44 3917 4493 83
1831 9 2 1 11 46 2978 47 3920 4494 86
1832 9 2 1 11 48 2988 49 4422 4496 88
1833 9 2 1 11 51 2894 52 4064 4497 91
1834 9 2 1 11 53 2989 54 4424 4499 93
1835 9 2 1 11 56 2895 57 4066 4500 96
1836 9 2 1 11 58 2990 59 4426 4502 98
1837 9 2 1 11 61 2902 62 4065 4503 101
1838 9 2 1 11 63 2885 64 4528 4505 103
1839 9 2 1 11 66 2904 67 4266 4506 106
1840 9 2 1 11 68 2991 69 4428 4508 108
1841 9 2 1 11 71 3100 72 4635 4509 111
1842 9 2 1 11 465 2825 466 4284 4511 505
1843 9 2 1 11 470 3090 471 4636 4512 510
1844 9 2 1 11 473 2702 474 4637 4430 513
1845 9 2 1 11 475 2685 476 4638 4639 515
1846 9 2 1 11 480 3091 481 4432 4515 520
1847 9 2 1 11 483 2686 484 4640 4641 523
1848 9 2 1 11 485 2700 486 4517 4435 525
1849 9 2 1 11 488 3092 489 4642 4518 528
1850 9 2 1 11 490 2836 491 4643 4520 530
1851 9 2 1 11 493 2687 494 4521 4644 533
1852 9 2 1 11 495 2684 496 4645 3755 535
1853 9 2 1 11 498 2841 499 4436 4522 538
1854 9 2 1 11 2827 2829 2828 4646 3824 3798
1855 9 2 1 11 2919 2982 692 4647 3902 3885
1856 9 2 1 11 2907 2910 2906 4648 4536 3906
1857 9 2 1 11 2822 2824 2823 4649 4650 4099
1858 9 2 1 11 486 3093 487 4434 4651 526
1859 9 2 1 11 633 3099 634 4438 4652 665
1860 9 2 1 11 2919 2983 2982 4653 4654 4647
1861 9 2 1 11 2953 3045 2950 4309 4297 4467
1862 9 2 1 11 2902 2903 2699 4230 4655 4504
1863 9 2 1 11 2846 2850 2849 3782 4656 3828
1864 9 2 1 11 3050 3059 2964 4657 4658 3911
1865 9 2 1 11 3070 3084 3069 4659 3949 3887
1866 9 2 1 11 2765 2798 13 4248 4660 4661
1867 9 2 1 11 14 2789 2788 4662 4083 4663
1868 9 2 1 11 255 3007 2708 4103 4119 4187
1869 9 2 1 11 257 3055 2762 4664 4665 4666
1870 9 2 1 11 262 2931 2721 4105 4667 4668
1871 9 2 1 11 265 3009 2710 4669 3841 4191
1872 9 2 1 11 270 3010 2760 4670 3872 4195
1873 9 2 1 11 272 3060 2755 3992 4671 4672
1874 9 2 1 11 274 2943 2790 4198 4410 4673
1875 9 2 1 11 353 2948 2726 4107 4674 4675
1876 9 2 1 11 356 3062 2778 4204 4676 4677
1877 9 2 1 11 358 2954 2767 3997 4075 4678
1878 9 2 1 11 363 2958 2768 4001 4078 4679
1879 9 2 1 11 365 3048 2753 4291 4072 4002
1880 9 2 1 11 368 2962 2769 4005 4680 4681
1881 9 2 1 11 370 3052 2777 4293 4343 4006
1882 9 2 1 11 374 3013 2791 4682 3875 4205
1883 9 2 1 11 378 2967 2723 4207 3869 4683
1884 9 2 1 11 380 3053 2792 4380 3842 4011
1885 9 2 1 11 382 2980 2717 4684 4685 4013
1886 9 2 1 11 559 3069 2745 4579 3951 4601
1887 9 2 1 11 571 3034 2776 3905 4597 4549
1888 9 2 1 11 613 3040 2733 4382 4686 4035
1889 9 2 1 11 702 3031 2796 4607 4583 4485
1890 9 2 1 11 756 3027 3005 4687 4526 4372
1891 9 2 1 11 2890 3042 2893 4688 4689 4690
1892 9 2 1 11 2995 2996 2993 3381 4691 4350
1893 9 2 1 11 688 3077 2750 4592 4692 4593
1894 9 2 1 11 693 2982 2747 3903 4693 4370
1895 9 2 1 11 2894 2896 2695 3768 4694 4498
1896 9 2 1 11 2741 3092 488 4695 4642 4029
1897 9 2 1 11 2814 3095 2687 4696 4697 4698
1898 9 2 1 11 2911 3091 2697 4699 4431 4314
1899 9 2 1 11 2900 3093 2700 4700 4433 4701
1900 9 2 1 11 2891 3041 2702 4702 4429 4703
1901 9 2 1 11 2738 2846 2845 3851 4704 4321
1902 9 2 1 11 2863 2978 2784 4142 3919 4580
1903 9 2 1 11 2793 3102 3042 4705 4706 4329
1904 9 2 1 11 2794 3101 2994 4707 4708 4411
1905 9 2 1 11 2801 2807 2798 4709 4710 4247
1906 9 2 1 11 2806 2811 2805 4711 4712 4345
1907 9 2 1 11 2827 2830 2829 4713 4714 4646
1908 9 2 1 11 2840 2917 2837 4715 3776 4716
1909 9 2 1 11 2850 2851 2849 3785 4717 4656
1910 9 2 1 11 2851 2853 2852 4182 4134 4718
1911 9 2 1 11 2860 2862 2861 3891 4719 4326
1912 9 2 1 11 2865 2867 2866 4391 4720 4174
1913 9 2 1 11 2870 2872 2871 4398 4721 4123
1914 9 2 1 11 2875 2877 2876 4419 4722 4126
1915 9 2 1 11 2880 2882 2881 4233 4723 4324
1916 9 2 1 11 2886 2888 2887 4444 4724 4120
1917 9 2 1 11 2889 3042 2890 4330 4688 4316
1918 9 2 1 11 2890 2893 2892 4690 3323 4392
1919 9 2 1 11 2898 3087 2899 4557 4725 4067
1920 9 2 1 11 2997 2998 2908 4357 4726 4727
1921 9 2 1 11 2913 3101 2911 4728 4729 4629
1922 9 2 1 11 2922 3096 2920 4730 4731 3926
1923 9 2 1 11 2928 3094 2926 4732 4143 3856
1924 9 2 1 11 2971 3033 2969 4733 3790 4347
1925 9 2 1 11 2975 3099 2973 4734 4437 4735
1926 9 2 1 11 2992 2994 2993 4412 4351 4352
1927 9 2 1 11 2996 3087 2993 4736 4587 4691
1928 9 2 1 11 3047 3056 3046 4737 4738 3848
1929 9 2 1 11 551 3016 2782 3899 3942 4469
1930 9 2 1 11 675 3071 2781 4548 3357 4471
1931 9 2 1 11 677 3075 3074 3901 4546 4473
1932 9 2 1 11 678 3074 2783 4474 4739 4585
1933 9 2 1 11 698 3072 2748 4553 4740 4554
1934 9 2 1 11 2685 2997 476 4358 4021 4639
1935 9 2 1 11 622 2999 2693 4368 4741 4742
1936 9 2 1 11 683 3082 2751 3914 4743 4534
1937 9 2 1 11 757 3005 2690 4373 4744 4745
1938 9 2 1 11 2846 2848 2845 3830 4746 4704
1939 9 2 1 11 2899 2900 2700 4179 4701 4068
1940 9 2 1 11 2740 2997 2908 4747 4727 3801
1941 9 2 1 11 2737 3100 71 4748 4635 3980
1942 9 2 1 11 622 2693 623 4742 4139 654
1943 9 2 1 11 757 2690 758 4745 4749 789
1944 9 2 1 11 494 3095 495 4750 4751 534
1945 9 2 1 11 2974 2975 2973 3345 4735 4339
1946 9 2 1 11 3008 3088 3007 3365 4117 4752
1947 9 2 1 11 250 3006 2719 4375 4753 4183
1948 9 2 1 11 260 3094 2709 4754 4755 4189
1949 9 2 1 11 619 3085 2732 4551 4756 4039
1950 9 2 1 11 621 3022 2999 4757 4758 4367
1951 9 2 1 11 624 3004 2731 4369 4759 4041
1952 9 2 1 11 741 2976 2713 4217 4760 4218
1953 9 2 1 11 748 3025 2711 4761 4762 4222
1954 9 2 1 11 761 3066 2758 4384 4763 4058
1955 9 2 1 11 768 3068 2764 4388 4764 3952
1956 9 2 1 11 2847 2916 2915 4765 4766 4131
1957 9 2 1 11 2866 2869 2868 4767 4768 4265
1958 9 2 1 11 2686 2898 484 4558 4168 4641
1959 9 2 1 11 2681 2817 73 4769 3943 4160
1960 9 2 1 11 2881 2884 2883 4770 4771 4226
1961 9 2 1 11 2904 2905 2698 4136 4772 4507
1962 9 2 1 11 2931 3079 2721 3929 4454 4667
1963 9 2 1 11 2762 3055 2929 4665 4773 4112
1964 9 2 1 11 2944 2984 2943 4620 4408 4337
1965 9 2 1 11 2968 2970 2969 4774 4348 4239
1966 9 2 1 11 45 2860 2784 3959 4328 3960
1967 9 2 1 11 50 2865 2785 3962 4176 3963
1968 9 2 1 11 55 2870 2786 3966 4125 3967
1969 9 2 1 11 60 2875 2787 3970 4128 3971
1970 9 2 1 11 65 2880 2759 3974 4325 3975
1971 9 2 1 11 70 2886 2737 3978 4122 3979
1972 9 2 1 11 477 2997 2740 4022 4747 4023
1973 9 2 1 11 487 3093 2741 4651 4775 4028
1974 9 2 1 11 2876 2879 2878 4776 4777 4228
1975 9 2 1 11 2976 2977 2713 4778 4779 4760
1976 9 2 1 11 2719 3006 2923 4753 4305 4609
1977 9 2 1 11 2755 3060 2945 4671 4780 4456
1978 9 2 1 11 2764 3068 3037 4764 4781 4458
1979 9 2 1 11 2934 3079 2937 4455 4782 4615
1980 9 2 1 11 2939 3086 2942 4453 4783 4306
1981 9 2 1 11 2949 2951 2950 4784 4259 4241
1982 9 2 1 11 2955 2957 2956 4785 4786 4250
1983 9 2 1 11 2960 3049 3048 4787 4070 4461
1984 9 2 1 11 2965 3080 3052 4788 4341 4463
1985 9 2 1 11 3049 3051 3050 4789 4790 4244
1986 9 2 1 11 2688 2836 490 3934 4643 4171
1987 9 2 1 11 2775 2973 632 4340 4294 4211
1988 9 2 1 11 2712 3023 745 4791 4792 4221
1989 9 2 1 11 2761 3027 755 4793 4794 4225
1990 9 2 1 11 2890 2891 2702 4394 4703 4317
1991 9 2 1 11 256 3055 257 4095 4664 296
1992 9 2 1 11 381 2980 382 4355 4684 421
1993 9 2 1 11 2948 2949 2726 4622 4243 4674
1994 9 2 1 11 2753 3050 3012 4245 3910 4795
1995 9 2 1 11 2802 2810 2809 4796 4797 4084
1996 9 2 1 11 2832 2833 2683 3860 4798 4395
1997 9 2 1 11 2764 2765 13 4799 4661 3953
1998 9 2 1 11 2718 3006 249 4400 4374 3984
1999 9 2 1 11 2719 2920 251 4800 4185 4184
2000 9 2 1 11 2710 2938 266 4238 4193 4192
2001 9 2 1 11 2742 3061 350 3454 3836 4202
2002 9 2 1 11 2772 3066 760 4407 4383 4057
2003 9 2 1 11 2758 3029 762 4801 4385 4059
2004 9 2 1 11 2773 3068 767 4802 4387 4063
2005 9 2 1 11 14 2788 612 4663 4803 643
2006 9 2 1 11 244 2800 245 4804 4805 284
2007 9 2 1 11 257 2762 258 4666 4268 297
2008 9 2 1 11 262 2721 263 4668 4270 302
2009 9 2 1 11 272 2755 273 4672 4272 312
2010 9 2 1 11 274 2790 275 4673 4806 314
2011 9 2 1 11 279 2724 280 4807 4808 319
2012 9 2 1 11 351 2725 352 4093 4274 391
2013 9 2 1 11 353 2726 354 4675 4809 393
2014 9 2 1 11 356 2778 357 4677 4278 396
2015 9 2 1 11 358 2767 359 4678 3894 398
2016 9 2 1 11 361 2736 362 4415 4280 401
2017 9 2 1 11 363 2768 364 4679 4810 403
2018 9 2 1 11 366 3012 367 4811 4416 406
2019 9 2 1 11 368 2769 369 4681 4812 408
2020 9 2 1 11 376 2739 377 4575 4282 416
2021 9 2 1 11 378 2723 379 4683 4813 418
2022 9 2 1 11 2681 2818 2817 3793 3410 4769
2023 9 2 1 11 2999 3000 2693 4627 4236 4741
2024 9 2 1 11 3043 3044 2756 4814 4815 4573
2025 9 2 1 11 2764 3036 2765 4460 4612 4799
2026 9 2 1 11 2962 2963 2769 4624 4080 4680
2027 9 2 1 11 2934 2935 2933 4816 4614 4402
2028 9 2 1 11 2934 2936 2935 4616 4817 4816
2029 9 2 1 11 2999 3022 3001 4758 4818 4625
2030 9 2 1 11 3051 3059 3050 3388 4657 4790
2031 9 2 1 11 2682 2986 38 3765 4634 4147
2032 9 2 1 11 2754 3007 254 4819 4102 3986
2033 9 2 1 11 2709 2931 261 4820 4104 4190
2034 9 2 1 11 2766 3010 269 4821 4822 3990
2035 9 2 1 11 2760 3060 271 4823 3991 4196
2036 9 2 1 11 2790 3043 275 4824 4199 4806
2037 9 2 1 11 2726 3045 354 4298 4378 4809
2038 9 2 1 11 3046 3056 360 4738 3998 4448
2039 9 2 1 11 2768 3048 364 4462 4290 4810
2040 9 2 1 11 2753 3012 366 4795 4811 4003
2041 9 2 1 11 2769 3052 369 4464 4292 4812
2042 9 2 1 11 2752 3013 373 4825 4826 4009
2043 9 2 1 11 2723 3053 379 4296 4379 4813
2044 9 2 1 11 2743 2972 385 3432 4108 4209
2045 9 2 1 11 2788 3040 612 4300 4381 4803
2046 9 2 1 11 2770 3019 617 4827 4110 4038
2047 9 2 1 11 2737 3103 3100 4828 3820 4748
2048 9 2 1 11 2851 2852 2849 4718 4829 4717
2049 9 2 1 11 2839 2840 2837 3379 4716 4440
2050 9 2 1 11 2813 2814 2687 4543 4698 4359
2051 9 2 1 11 2709 2932 2931 4830 3930 4820
2052 9 2 1 11 2754 3008 3007 4831 4752 4819
2053 9 2 1 11 2770 3020 3019 4832 4088 4827
2054 9 2 1 11 2920 3096 252 4731 4600 4186
2055 9 2 1 11 2938 3039 267 4618 4376 4194
2056 9 2 1 11 264 3009 265 4098 4669 304
2057 9 2 1 11 269 3010 270 4822 4670 309
2058 9 2 1 11 373 3013 374 4826 4682 413
2059 9 2 1 11 620 3022 621 4288 4757 652
2060 9 2 1 11 2683 3090 470 4833 4636 4163
2061 9 2 1 11 2719 2921 2920 4611 3927 4800
2062 9 2 1 11 2727 3058 3057 4834 4835 4836
2063 9 2 1 11 2939 2941 2940 4307 4837 3876
2064 9 2 1 11 2945 2946 2944 4838 3880 4457
2065 9 2 1 11 3037 3038 3036 4839 4840 4459
2066 9 2 1 11 3090 3102 2793 4841 4705 4513
2067 9 2 1 11 634 3099 2728 4652 4842 4047
2068 9 2 1 11 2895 2897 2696 3835 4843 4501
2069 9 2 1 11 259 3094 260 4144 4754 299
2070 9 2 1 11 747 3025 748 3896 4761 779
2071 9 2 1 11 755 3027 756 4794 4687 787
2072 9 2 1 11 3062 3063 2778 4564 4844 4676
2073 9 2 1 11 2923 2924 2921 4845 3854 4610
2074 9 2 1 11 2688 3092 2838 4519 4846 3795
2075 9 2 1 11 2819 3103 2821 3821 4847 4848
2076 9 2 1 11 2712 3024 3023 4849 4850 4791
2077 9 2 1 11 2687 3095 494 4697 4750 4644
2078 9 2 1 11 745 3023 746 4792 4577 777
2079 9 2 1 11 3091 3101 2794 4851 4707 4516
2080 9 2 1 11 473 2889 2702 4020 4318 4637
2081 9 2 1 11 475 3041 2685 4165 4852 4638
2082 9 2 1 11 483 2992 2686 4027 4354 4640
2083 9 2 1 11 495 3095 2684 4751 4853 4645
2084 9 2 1 11 2727 3057 637 4836 4451 4050
2085 9 2 1 11 2833 3090 2683 4854 4833 4798
2086 9 2 1 11 2819 2821 2820 4848 4116 4529
2087 9 2 1 11 2835 3102 2833 4855 4856 3915
2088 9 2 1 11 2887 3103 2737 4857 4828 4121
2089 9 2 1 11 2833 3102 3090 4856 4841 4854
2090 9 2 1 11 3025 3097 2711 4858 4859 4762
2091 9 2 1 11 3026 3097 3025 3393 4858 4335
2092 9 2 1 11 2911 3101 3091 4729 4851 4699
2093 9 2 1 11 3044 3111 2756 3759 3311 4815
2094 9 2 1 11 3104 3230 2680 4860 3414 4861
2095 9 2 1 11 2679 3229 3106 3418 4862 4863
2096 9 2 1 11 2858 3108 2714 4864 4865 3401
2097 9 2 1 11 2774 3233 2912 4866 4867 3460
2098 9 2 1 11 3058 3247 2955 4868 4869 3478
2099 9 2 1 11 2940 3243 3097 4870 4871 3512
2100 9 2 1 11 3003 3237 2752 4872 4873 3644
2101 9 2 1 11 3035 3274 2998 4874 4875 3544
2102 9 2 1 11 2961 3248 2775 4876 4877 3489
2103 9 2 1 11 3076 3272 2888 4878 4879 3497
2104 9 2 1 11 2946 3255 2712 4880 4881 3500
2105 9 2 1 11 2930 3257 2772 4882 4883 3508
2106 9 2 1 11 3078 3269 2877 4884 4885 3566
2107 9 2 1 11 3032 3271 2862 4886 4887 3563
2108 9 2 1 11 3020 3253 2968 4888 4889 3661
2109 9 2 1 11 3038 3256 2718 4890 4891 3535
2110 9 2 1 11 2869 3249 2706 4892 4893 3607
2111 9 2 1 11 2804 3263 2981 4894 4895 3695
2112 9 2 1 11 2735 3264 2952 4896 4897 3591
2113 9 2 1 11 2773 3246 2924 4898 4899 3522
2114 9 2 1 11 2733 3261 2971 4900 4901 3603
2115 9 2 1 11 2783 3275 2884 4902 4903 3685
2116 9 2 1 11 2777 3252 3003 4904 4905 3624
2117 9 2 1 11 2937 3242 2761 4906 4907 3517
2118 9 2 1 11 2839 3236 2779 4908 4909 3633
2119 9 2 1 11 2713 3245 2947 4910 4911 3691
2120 9 2 1 11 2928 3240 3028 4912 4913 3670
2121 9 2 1 11 2983 3270 2872 4914 4915 3664
2122 9 2 1 11 2728 3262 2957 4916 4917 3568
2123 9 2 1 11 2731 3260 2966 4918 4919 3621
2124 9 2 1 11 2796 3258 2916 4920 4921 3722
2125 9 2 1 11 2903 3266 3083 4922 4923 3720
2126 9 2 1 11 3083 3254 2882 4924 4925 3668
2127 9 2 1 11 2747 3276 2869 4926 4927 3648
2128 9 2 1 11 2897 3259 3078 4928 4929 3731
2129 9 2 1 11 2891 3251 3035 4930 4931 3672
2130 9 2 1 11 2979 3267 3073 4932 4933 3742
2131 9 2 1 11 2913 3241 2694 4934 4935 3749
2132 9 2 1 11 2782 3232 2815 4936 4937 3739
2133 9 2 1 11 16 3273 2852 4938 4939 3424
2134 9 2 1 11 3071 3234 2821 4940 4941 3745
2135 9 2 1 11 2822 3113 2824 3426 3306 4649
2136 9 2 1 11 2854 3112 2852 3305 3422 4133
2137 9 2 1 11 2800 3229 2810 4942 4943 3550
2138 9 2 1 11 2974 3248 2959 4944 4945 3480
2139 9 2 1 11 2984 3245 2977 4946 4947 3515
2140 9 2 1 11 3024 3255 2945 4948 4949 3641
2141 9 2 1 11 3067 3257 2929 4950 4951 3541
2142 9 2 1 11 3002 3252 3080 4952 4953 3714
2143 9 2 1 11 2922 3244 3030 4954 4955 3724
2144 9 2 1 11 2957 3247 2727 4956 4957 3538
2145 9 2 1 11 2776 3251 2892 4958 4959 3639
2146 9 2 1 11 2745 3235 2901 4960 4961 3689
2147 9 2 1 11 2711 3243 2941 4962 4963 3617
2148 9 2 1 11 2915 3258 3032 4964 4965 3705
2149 9 2 1 11 2970 3253 2770 4966 4967 3702
2150 9 2 1 11 2822 3234 15 4968 4969 3427
2151 9 2 1 11 36 3107 37 4970 4971 76
2152 9 2 1 11 463 3104 464 4972 4973 503
2153 9 2 1 11 500 3106 501 4974 4975 540
2154 9 2 1 11 2682 3107 2987 4976 3420 3794
2155 9 2 1 11 348 3105 349 4977 4978 388
2156 9 2 1 11 2830 3231 2797 4979 4980 3717
2157 9 2 1 11 740 3108 2976 4981 4982 4216
2158 9 2 1 11 2714 3108 739 4865 4983 4215
2159 9 2 1 11 2976 3120 2977 4984 3435 4778
2160 9 2 1 11 2679 3106 500 4863 4974 4173
2161 9 2 1 11 349 3105 2742 4978 3279 4201
2162 9 2 1 11 464 3104 2680 4973 4861 4161
2163 9 2 1 11 37 3107 2682 4971 4976 4146
2164 9 2 1 11 2801 3109 2807 4985 3402 4709
2165 9 2 1 11 2724 3117 2856 4986 4987 3407
2166 9 2 1 11 738 3112 2714 4988 3304 4214
2167 9 2 1 11 2771 3113 642 3307 4989 4052
2168 9 2 1 11 2724 3114 280 3761 4990 4808
2169 9 2 1 11 281 3114 2799 4991 3398 3994
2170 9 2 1 11 2820 3115 2818 4992 3291 4530
2171 9 2 1 11 3061 3118 2725 3451 4993 4092
2172 9 2 1 11 2910 3165 2912 4994 3458 4332
2173 9 2 1 11 2994 3128 2995 4995 3461 4349
2174 9 2 1 11 3042 3130 2893 4996 3464 4689
2175 9 2 1 11 2830 3159 2829 3456 4997 4714
2176 9 2 1 11 2864 3160 2863 3527 4998 3936
2177 9 2 1 11 2840 3155 2917 3470 4999 4715
2178 9 2 1 11 2988 3218 2867 5000 3673 4390
2179 9 2 1 11 2832 3159 2834 5001 3467 3858
2180 9 2 1 11 2989 3154 2872 5002 3662 4397
2181 9 2 1 11 2990 3171 2877 5003 3564 4418
2182 9 2 1 11 2847 3222 2916 5004 3503 4765
2183 9 2 1 11 2881 3216 2884 5005 3611 4770
2184 9 2 1 11 2861 3193 2864 5006 3626 3935
2185 9 2 1 11 2991 3198 2888 5007 3495 4443
2186 9 2 1 11 2930 3136 2927 3656 5008 4569
2187 9 2 1 11 3015 3133 3064 3679 5009 4465
2188 9 2 1 11 2690 3151 758 3635 5010 4749
2189 9 2 1 11 246 3180 2716 5011 3588 3981
2190 9 2 1 11 2733 3219 614 3602 5012 4036
2191 9 2 1 11 2729 3201 630 3686 5013 4046
2192 9 2 1 11 2757 3147 752 3529 5014 4055
2193 9 2 1 11 2754 3131 3008 5015 3545 4831
2194 9 2 1 11 3011 3164 2760 3583 5016 3871
2195 9 2 1 11 3055 3140 2929 5017 3539 4773
2196 9 2 1 11 2722 3134 3026 5018 3523 4334
2197 9 2 1 11 3059 3169 2964 3618 5019 4658
2198 9 2 1 11 2763 3208 705 3736 5020 4488
2199 9 2 1 11 2804 3184 3040 3694 5021 4299
2200 9 2 1 11 3038 3168 3036 3658 5022 4840
2201 9 2 1 11 2983 3178 2982 3677 5023 4654
2202 9 2 1 11 3043 3185 3044 5024 3696 4814
2203 9 2 1 11 3049 3190 3051 5025 3518 4789
2204 9 2 1 11 2874 3161 2873 3577 5026 4302
2205 9 2 1 11 2783 3217 679 3684 5027 4586
2206 9 2 1 11 248 3214 2718 5028 3533 3983
2207 9 2 1 11 372 3186 2752 5029 3643 4008
2208 9 2 1 11 384 3146 2743 5030 3551 4208
2209 9 2 1 11 626 3200 2730 5031 3509 4043
2210 9 2 1 11 636 3202 2727 5032 3536 4049
2211 9 2 1 11 641 3203 2771 5033 3531 4051
2212 9 2 1 11 2940 3121 3039 3511 5034 4617
2213 9 2 1 11 2709 3141 2932 5035 3492 4830
2214 9 2 1 11 2689 3124 575 3709 5036 4480
2215 9 2 1 11 2879 3162 2878 3698 5037 4777
2216 9 2 1 11 3076 3221 3074 3751 5038 4545
2217 9 2 1 11 2745 3145 560 3688 5039 4602
2218 9 2 1 11 3060 3164 2945 5040 3640 4780
2219 9 2 1 11 2949 3205 2951 5041 3665 4784
2220 9 2 1 11 2961 3190 2960 3711 5042 3882
2221 9 2 1 11 2963 3169 2966 5043 3482 3931
2222 9 2 1 11 2967 3177 2968 5044 3660 3867
2223 9 2 1 11 3029 3163 3030 5045 3649 3864
2224 9 2 1 11 3067 3144 3066 3604 5046 4406
2225 9 2 1 11 2701 3215 555 3573 5047 4560
2226 9 2 1 11 3063 3170 2778 3597 5048 4844
2227 9 2 1 11 2774 3209 568 3727 5049 4366
2228 9 2 1 11 2749 3152 562 3650 5050 4589
2229 9 2 1 11 2923 3194 2924 5051 3520 4845
2230 9 2 1 11 2751 3206 684 3718 5052 4535
2231 9 2 1 11 2800 3180 245 3549 5053 4805
2232 9 2 1 11 2747 3210 694 3647 5054 4371
2233 9 2 1 11 2750 3213 689 3646 5055 4594
2234 9 2 1 11 2782 3126 552 3738 5056 4470
2235 9 2 1 11 2776 3148 572 3638 5057 4550
2236 9 2 1 11 2748 3211 699 3654 5058 4555
2237 9 2 1 11 2918 3155 2816 5059 3474 3909
2238 9 2 1 11 2808 3195 2803 3600 5060 3923
2239 9 2 1 11 2685 3127 2998 5061 3542 4356
2240 9 2 1 11 2777 3186 371 3623 5062 4007
2241 9 2 1 11 2731 3200 625 3620 5063 4042
2242 9 2 1 11 2730 3188 627 3637 5064 4044
2243 9 2 1 11 2728 3202 635 3567 5065 4048
2244 9 2 1 11 2735 3187 639 3590 5066 4213
2245 9 2 1 11 2713 3189 742 3690 5067 4219
2246 9 2 1 11 2711 3139 749 3616 5068 4223
2247 9 2 1 11 631 3201 2775 5069 3487 4210
2248 9 2 1 11 744 3167 2712 5070 3499 4220
2249 9 2 1 11 754 3172 2761 5071 3516 4224
2250 9 2 1 11 2954 3170 2955 5072 3476 4073
2251 9 2 1 11 2958 3176 2959 5073 3479 4076
2252 9 2 1 11 2891 3127 3041 3671 5074 4702
2253 9 2 1 11 700 3211 2705 5075 3579 4483
2254 9 2 1 11 2908 3207 2909 5076 3553 4632
2255 9 2 1 11 574 3123 2689 5077 3485 4479
2256 9 2 1 11 577 3142 2746 5078 3481 4603
2257 9 2 1 11 695 3210 2706 5079 3605 4481
2258 9 2 1 11 569 3209 2744 5080 3556 4477
2259 9 2 1 11 2885 3220 2882 5081 3666 4232
2260 9 2 1 11 685 3206 2707 5082 3628 4605
2261 9 2 1 11 704 3212 2763 5083 3571 4487
2262 9 2 1 11 579 3199 2797 5084 3716 4598
2263 9 2 1 11 564 3153 2694 5085 3486 4565
2264 9 2 1 11 2746 3199 578 3473 5086 4604
2265 9 2 1 11 2796 3212 703 3721 5087 4486
2266 9 2 1 11 690 3213 2715 5088 3651 4567
2267 9 2 1 11 561 3145 2749 5089 3592 4588
2268 9 2 1 11 2871 3192 2874 5090 3608 4301
2269 9 2 1 11 616 3181 2770 5091 3701 4037
2270 9 2 1 11 629 3182 2729 5092 3501 4045
2271 9 2 1 11 751 3204 2757 5093 3683 4054
2272 9 2 1 11 759 3151 2772 5094 3506 4056
2273 9 2 1 11 680 3217 2734 5095 3652 4562
2274 9 2 1 11 2876 3191 2879 5096 3585 4776
2275 9 2 1 11 3086 3173 2942 5097 3681 4783
2276 9 2 1 11 2899 3196 2901 5098 3558 4177
2277 9 2 1 11 554 3166 2701 5099 3498 4559
2278 9 2 1 11 557 3125 2779 5100 3632 4532
2279 9 2 1 11 3022 3157 3001 5101 3634 4818
2280 9 2 1 11 2985 3132 2862 5102 3561 3890
2281 9 2 1 11 3088 3140 2708 3569 5103 4118
2282 9 2 1 11 2805 3149 2808 5104 3490 3922
2283 9 2 1 11 3010 3150 3011 5105 3642 3870
2284 9 2 1 11 3013 3143 3014 5106 3594 3873
2285 9 2 1 11 3024 3134 3023 3729 5107 4850
2286 9 2 1 11 3058 3135 3057 3726 5108 4835
2287 9 2 1 11 2802 3168 2810 5109 3700 4796
2288 9 2 1 11 2903 3220 2699 3719 5110 4655
2289 9 2 1 11 3002 3137 3004 3713 5111 4608
2290 9 2 1 11 2897 3171 2696 3730 5112 4843
2291 9 2 1 11 2915 3132 2691 3704 5113 4311
2292 9 2 1 11 3027 3174 3028 5114 3614 4524
2293 9 2 1 11 2848 3222 2845 3743 5115 4746
2294 9 2 1 11 2996 3196 3087 3630 5116 4736
2295 9 2 1 11 2922 3131 3096 3723 5117 4730
2296 9 2 1 11 2716 3214 247 3692 5118 3982
2297 9 2 1 11 2717 3146 383 3625 5119 4014
2298 9 2 1 11 2984 3185 2790 3514 5120 4409
2299 9 2 1 11 2905 3198 2698 3746 5121 4772
2300 9 2 1 11 3047 3129 3056 3734 5122 4737
2301 9 2 1 11 3021 3183 3085 3715 5123 4310
2302 9 2 1 11 2979 3218 2692 3741 5124 4631
2303 9 2 1 11 2928 3141 3094 3669 5125 4732
2304 9 2 1 11 2936 3173 2935 3575 5126 4817
2305 9 2 1 11 2975 3175 3099 3707 5127 4734
2306 9 2 1 11 2896 3154 2695 3703 5128 4694
2307 9 2 1 11 2909 3165 2907 3740 5129 4633
2308 9 2 1 11 3065 3156 3073 5130 3732 4089
2309 9 2 1 11 3103 3223 2821 5131 3744 4847
2310 9 2 1 11 2913 3128 3101 3748 5132 4728
2311 9 2 1 11 2835 3130 3102 3752 5133 4855
2312 9 2 1 11 74 3224 3 5134 5135 114
2313 9 2 1 11 3 3224 348 5135 5136 387
2314 9 2 1 11 2 3226 36 5137 5138 75
2315 9 2 1 11 501 3227 8 5139 5140 541
2316 9 2 1 11 9 3225 463 5141 5142 502
2317 9 2 1 11 8 3227 244 5140 5143 283
2318 9 2 1 11 282 3226 2 5144 5137 322
2319 9 2 1 11 386 3225 9 5145 5141 426
2320 9 2 1 11 279 3117 2724 5146 4986 4807
2321 9 2 1 11 2868 3276 2896 5147 5148 3767
2322 9 2 1 11 3001 3237 3000 5149 5150 4626
2323 9 2 1 11 3093 3268 2741 5151 5152 4775
2324 9 2 1 11 3082 3266 2751 5153 5154 4743
2325 9 2 1 11 3072 3267 2748 5155 5156 4740
2326 9 2 1 11 2965 3260 3080 5157 5158 4788
2327 9 2 1 11 566 3233 567 5159 5160 598
2328 9 2 1 11 2781 3272 3075 5161 5162 4584
2329 9 2 1 11 2744 3274 3034 5163 5164 4537
2330 9 2 1 11 765 3246 766 5165 5166 797
2331 9 2 1 11 3033 3261 2981 5167 5168 3907
2332 9 2 1 11 2932 3242 3079 5169 5170 3928
2333 9 2 1 11 2956 3262 3047 5171 5172 3847
2334 9 2 1 11 2883 3275 2905 5173 5174 4135
2335 9 2 1 11 3005 3240 2690 5175 5176 4744
2336 9 2 1 11 565 3241 566 5177 5178 597
2337 9 2 1 11 2707 3269 3054 5179 5180 4590
2338 9 2 1 11 3077 3259 2750 5181 5182 4692
2339 9 2 1 11 2849 3273 2848 5183 5184 3829
2340 9 2 1 11 2867 3249 2866 5185 5186 4720
2341 9 2 1 11 2715 3270 2919 5187 5188 4363
2342 9 2 1 11 2741 3239 3092 5189 5190 4695
2343 9 2 1 11 2980 3263 2717 5191 5192 4685
2344 9 2 1 11 2705 3271 3031 5193 5194 4540
2345 9 2 1 11 2953 3264 3063 5195 5196 4563
2346 9 2 1 11 2773 3238 3068 5197 5198 4802
2347 9 2 1 11 764 3265 765 5199 5200 796
2348 9 2 1 11 2734 3254 3081 5201 5202 4475
2349 9 2 1 11 3095 3250 2684 5203 5204 4853
2350 9 2 1 11 739 3108 740 4983 4981 771
2351 9 2 1 11 2798 3228 13 5205 5206 4660
2352 9 2 1 11 13 3228 549 5206 5207 580
2353 9 2 1 11 2841 3109 2679 3403 3442 4523
2354 9 2 1 11 2680 3110 2825 3441 5208 4283
2355 9 2 1 11 2825 3110 2826 5208 3444 4361
2356 9 2 1 11 2857 3111 2858 5209 3758 3400
2357 9 2 1 11 2684 3277 2843 5210 5211 3754
2358 9 2 1 11 2842 3116 2807 3293 5212 3309
2359 9 2 1 11 2842 3277 3018 5213 5214 3294
2360 9 2 1 11 2806 3110 2811 3445 3440 4711
2361 9 2 1 11 2809 3109 2801 3443 4985 4085
2362 9 2 1 11 2789 3278 2806 5215 5216 4344
2363 9 2 1 11 2780 3228 3116 5217 5218 3282
2364 9 2 1 11 2859 3111 2857 3312 5209 3757
2365 9 2 1 11 3089 3118 2824 5219 5220 3429
2366 9 2 1 11 2826 3231 2827 5221 5222 4319
2367 9 2 1 11 3063 3264 3135 5196 5223 3725
2368 9 2 1 11 3197 3272 2781 5224 5161 3356
2369 9 2 1 11 3122 3233 566 5225 5159 5226
2370 9 2 1 11 2981 3261 3184 5168 5227 3693
2371 9 2 1 11 2896 3276 3178 5148 5228 3676
2372 9 2 1 11 3179 3246 765 5229 5165 5230
2373 9 2 1 11 3207 3274 2744 5231 5163 3554
2374 9 2 1 11 2748 3267 3160 5156 5232 3526
2375 9 2 1 11 3156 3249 2867 5233 5185 3733
2376 9 2 1 11 3191 3269 2707 5234 5179 3586
2377 9 2 1 11 2751 3266 3162 5154 5235 3697
2378 9 2 1 11 3080 3260 3137 5158 5236 3712
2379 9 2 1 11 3143 3237 3001 5237 5149 3595
2380 9 2 1 11 3194 3238 2773 5238 5197 3521
2381 9 2 1 11 3047 3262 3175 5172 5239 3706
2382 9 2 1 11 2717 3263 3195 5192 5240 3599
2383 9 2 1 11 3192 3270 2715 5241 5187 3609
2384 9 2 1 11 2905 3275 3221 5174 5242 3750
2385 9 2 1 11 566 3241 3122 5178 5243 5226
2386 9 2 1 11 3193 3271 2705 5244 5193 3627
2387 9 2 1 11 2848 3273 3208 5184 5245 3735
2388 9 2 1 11 3216 3254 2734 5246 5201 3612
2389 9 2 1 11 3174 3242 2932 5247 5169 3615
2390 9 2 1 11 765 3265 3179 5200 5248 5230
2391 9 2 1 11 3158 3239 2741 5249 5189 5250
2392 9 2 1 11 2750 3259 3161 5182 5251 3576
2393 9 2 1 11 2690 3240 3136 5176 5252 3655
2394 9 2 1 11 2741 3268 3158 5152 5253 5250
2395 9 2 1 11 2684 3250 3138 5204 5254 5255
2396 9 2 1 11 2824 3118 2823 5220 3450 4650
2397 9 2 1 11 2810 3229 2809 4943 3417 4797
2398 9 2 1 11 2859 3117 278 5256 5257 3310
2399 9 2 1 11 16 3112 738 3423 4988 769
2400 9 2 1 11 642 3113 15 4989 3425 674
2401 9 2 1 11 280 3114 281 4990 4991 320
2402 9 2 1 11 2823 3115 2820 3412 4992 4100
2403 9 2 1 11 278 3117 279 5257 5146 318
2404 9 2 1 11 3044 3120 2858 3436 5258 3760
2405 9 2 1 11 3108 3120 2976 5259 4984 4982
2406 9 2 1 11 2856 3117 2859 4987 5256 3756
2407 9 2 1 11 2807 3116 2798 5212 5260 4710
2408 9 2 1 11 2725 3118 3089 4993 5219 4403
2409 9 2 1 11 463 3225 3104 5142 5261 4972
2410 9 2 1 11 3106 3227 501 5262 5139 4975
2411 9 2 1 11 36 3226 3107 5138 5263 4970
2412 9 2 1 11 348 3224 3105 5136 5264 4977
2413 9 2 1 11 2827 3231 2830 5222 4979 4713
2414 9 2 1 11 3121 3150 2766 3341 5265 5266
2415 9 2 1 11 3018 3138 3017 5267 5268 3832
2416 9 2 1 11 3102 3130 3042 5133 4996 4706
2417 9 2 1 11 3101 3128 2994 5132 4995 4708
2418 9 2 1 11 2829 3159 2832 4997 5001 3773
2419 9 2 1 11 3039 3121 2766 5034 5266 4572
2420 9 2 1 11 2863 3160 2979 4998 5269 4140
2421 9 2 1 11 3066 3144 2758 5046 5270 4763
2422 9 2 1 11 2878 3162 2903 5037 5271 4229
2423 9 2 1 11 2873 3161 2897 5026 5272 3834
2424 9 2 1 11 3085 3183 2732 5123 5273 4756
2425 9 2 1 11 3057 3135 2735 5108 5274 4576
2426 9 2 1 11 2752 3143 3013 5275 5106 4825
2427 9 2 1 11 3096 3131 2754 5117 5015 4571
2428 9 2 1 11 3023 3134 2722 5107 5018 4578
2429 9 2 1 11 3004 3137 2731 5111 5276 4759
2430 9 2 1 11 3129 3176 2736 3367 5277 5278
2431 9 2 1 11 3098 3194 2923 5279 5051 4304
2432 9 2 1 11 3056 3129 2736 5122 5278 4414
2433 9 2 1 11 3126 3166 553 3397 5280 5281
2434 9 2 1 11 3133 3177 2739 3377 5282 5283
2435 9 2 1 11 3089 3205 2949 3428 5041 4621
2436 9 2 1 11 758 3151 759 5010 5094 790
2437 9 2 1 11 3147 3172 753 3359 5284 5285
2438 9 2 1 11 2982 3178 2747 5023 5286 4693
2439 9 2 1 11 573 3148 3123 5287 3338 5288
2440 9 2 1 11 749 3139 750 5068 5289 781
2441 9 2 1 11 3040 3184 2733 5021 5290 4686
2442 9 2 1 11 2708 3140 3055 5103 5017 4094
2443 9 2 1 11 2778 3170 2954 5048 5072 4277
2444 9 2 1 11 743 3167 744 5291 5070 775
2445 9 2 1 11 3124 3142 576 3390 5292 5293
2446 9 2 1 11 245 3180 246 5053 5011 285
2447 9 2 1 11 556 3215 3125 5294 3348 5295
2448 9 2 1 11 2766 3150 3010 5265 5105 4821
2449 9 2 1 11 2927 3136 2928 5008 5296 3855
2450 9 2 1 11 2739 3177 2967 5282 5044 4281
2451 9 2 1 11 2935 3173 3086 5126 5097 4256
2452 9 2 1 11 2960 3190 3049 5042 5025 4787
2453 9 2 1 11 576 3142 577 5292 5078 608
2454 9 2 1 11 628 3182 629 5297 5092 660
2455 9 2 1 11 743 3189 3167 5298 3324 5291
2456 9 2 1 11 753 3172 754 5284 5071 785
2457 9 2 1 11 2732 3157 3022 5299 5101 4287
2458 9 2 1 11 2761 3174 3027 5300 5114 4793
2459 9 2 1 11 3187 3203 640 3320 5301 5302
2460 9 2 1 11 560 3145 561 5039 5089 592
2461 9 2 1 11 2736 3176 2958 5277 5073 4279
2462 9 2 1 11 2732 3183 3157 5273 3330 5299
2463 9 2 1 11 552 3126 553 5056 5281 584
2464 9 2 1 11 553 3166 554 5280 5099 585
2465 9 2 1 11 556 3125 557 5295 5100 588
2466 9 2 1 11 615 3181 616 5303 5091 647
2467 9 2 1 11 575 3124 576 5036 5293 607
2468 9 2 1 11 2917 3155 2918 4999 5059 4180
2469 9 2 1 11 2691 3132 2985 5113 5102 3916
2470 9 2 1 11 2998 3207 2908 5304 5076 4726
2471 9 2 1 11 555 3215 556 5047 5294 587
2472 9 2 1 11 572 3148 573 5057 5287 604
2473 9 2 1 11 684 3206 685 5052 5082 716
2474 9 2 1 11 562 3152 563 5050 5305 594
2475 9 2 1 11 563 3153 564 5306 5085 595
2476 9 2 1 11 689 3213 690 5055 5088 721
2477 9 2 1 11 3152 3153 563 3369 5306 5305
2478 9 2 1 11 2912 3122 2913 5307 5308 4628
2479 9 2 1 11 568 3209 569 5049 5080 600
2480 9 2 1 11 573 3123 574 5288 5077 605
2481 9 2 1 11 694 3210 695 5054 5079 726
2482 9 2 1 11 699 3211 700 5058 5075 731
2483 9 2 1 11 703 3212 704 5087 5083 735
2484 9 2 1 11 2706 3156 3065 5309 5130 4538
2485 9 2 1 11 2882 3216 2881 5310 5005 4723
2486 9 2 1 11 2907 3165 2910 5129 4994 4648
2487 9 2 1 11 2862 3193 2861 5311 5006 4719
2488 9 2 1 11 615 3219 3181 5312 3335 5303
2489 9 2 1 11 628 3188 3182 5313 3327 5297
2490 9 2 1 11 3041 3127 2685 5074 5061 4852
2491 9 2 1 11 2692 3218 2988 5124 5000 4421
2492 9 2 1 11 2695 3154 2989 5128 5002 4423
2493 9 2 1 11 2696 3171 2990 5112 5003 4425
2494 9 2 1 11 3074 3221 2783 5038 5314 4739
2495 9 2 1 11 3070 3158 3084 5315 5316 4659
2496 9 2 1 11 578 3199 579 5086 5084 610
2497 9 2 1 11 2872 3192 2871 5317 5090 4721
2498 9 2 1 11 3087 3196 2899 5116 5098 4725
2499 9 2 1 11 2699 3220 2885 5110 5081 4527
2500 9 2 1 11 3099 3175 2728 5127 5318 4842
2501 9 2 1 11 679 3217 680 5027 5095 711
2502 9 2 1 11 705 3208 16 5020 5319 737
2503 9 2 1 11 2877 3191 2876 5320 5096 4722
2504 9 2 1 11 2888 3197 2887 5321 5322 4724
2505 9 2 1 11 371 3186 372 5062 5029 411
2506 9 2 1 11 2698 3198 2991 5121 5007 4427
2507 9 2 1 11 3144 3163 2758 3375 5323 5270
2508 9 2 1 11 742 3189 743 5067 5298 774
2509 9 2 1 11 3094 3141 2709 5125 5035 4755
2510 9 2 1 11 2760 3164 3060 5016 5040 4823
2511 9 2 1 11 2803 3195 2804 5060 5324 4253
2512 9 2 1 11 627 3188 628 5064 5313 659
2513 9 2 1 11 752 3147 753 5014 5285 784
2514 9 2 1 11 2845 3222 2847 5115 5004 4441
2515 9 2 1 11 2924 3179 2925 5325 5326 3852
2516 9 2 1 11 2964 3169 2963 5019 5043 4623
2517 9 2 1 11 750 3204 751 5327 5093 782
2518 9 2 1 11 3064 3133 2739 5009 5283 4574
2519 9 2 1 11 2790 3185 3043 5120 5024 4824
2520 9 2 1 11 2811 3149 2805 5328 5104 4712
2521 9 2 1 11 2758 3163 3029 5323 5045 4801
2522 9 2 1 11 383 3146 384 5119 5030 423
2523 9 2 1 11 614 3219 615 5012 5312 646
2524 9 2 1 11 640 3203 641 5301 5033 672
2525 9 2 1 11 3139 3204 750 3352 5327 5289
2526 9 2 1 11 247 3214 248 5118 5028 287
2527 9 2 1 11 630 3201 631 5013 5069 662
2528 9 2 1 11 635 3202 636 5065 5032 667
2529 9 2 1 11 625 3200 626 5063 5031 657
2530 9 2 1 11 639 3187 640 5066 5302 671
2531 9 2 1 11 3036 3168 2802 5022 5109 4613
2532 9 2 1 11 2887 3223 3103 5329 5131 4857
2533 9 2 1 11 3197 3223 2887 3354 5329 5322
2534 9 2 1 11 3138 3277 2684 5330 5210 5255
2535 9 2 1 11 549 3228 2780 5207 5217 4468
2536 9 2 1 11 2817 3224 74 5331 5134 3944
2537 9 2 1 11 2972 3225 386 5332 5145 4109
2538 9 2 1 11 2799 3226 282 5333 5144 3995
2539 9 2 1 11 244 3227 2800 5143 5334 4804
2540 9 2 1 11 2775 3248 2974 4877 4944 4338
2541 9 2 1 11 2955 3247 2957 4869 4956 4785
2542 9 2 1 11 2779 3236 3070 4909 5335 3886
2543 9 2 1 11 2712 3255 3024 4881 4948 4849
2544 9 2 1 11 2968 3253 2970 4889 4966 4774
2545 9 2 1 11 3080 3252 2777 4953 4904 4342
2546 9 2 1 11 2772 3257 3067 4883 4950 4405
2547 9 2 1 11 3017 3250 3232 5336 5337 5338
2548 9 2 1 11 2977 3245 2713 4947 4910 4779
2549 9 2 1 11 2718 3256 3098 4891 5339 4399
2550 9 2 1 11 3030 3244 2720 4955 5340 3865
2551 9 2 1 11 3098 3256 3238 5339 5341 5342
2552 9 2 1 11 2901 3235 2900 4961 5343 4178
2553 9 2 1 11 3032 3258 2796 4965 4920 4582
2554 9 2 1 11 2941 3243 2940 4963 4870 4837
2555 9 2 1 11 2892 3251 2891 4959 4930 4393
2556 9 2 1 11 3017 3232 2782 5338 4936 3941
2557 9 2 1 11 3236 3239 3070 5344 5345 5335
2558 9 2 1 11 2821 3234 2822 4941 4968 4115
2559 9 2 1 11 2797 3278 14 5346 5347 4599
2560 9 2 1 11 14 3278 2789 5347 5215 4662
2561 9 2 1 11 2843 3277 2842 5211 5213 3439
2562 9 2 1 11 3081 3254 3083 5202 4924 3938
2563 9 2 1 11 3035 3251 2776 4931 4958 4596
2564 9 2 1 11 2925 3244 2922 5348 4954 4630
2565 9 2 1 11 3073 3267 3072 4933 5155 4090
2566 9 2 1 11 3068 3238 3037 5198 5349 4781
2567 9 2 1 11 3084 3235 2745 5350 4960 3950
2568 9 2 1 11 3083 3266 3082 4923 5153 3939
2569 9 2 1 11 567 3233 2774 5160 4866 4365
2570 9 2 1 11 3232 3250 2814 5337 5351 5352
2571 9 2 1 11 3079 3242 2937 5170 4906 4782
2572 9 2 1 11 2815 3232 2814 4937 5352 4542
2573 9 2 1 11 3034 3274 3035 5164 4874 4595
2574 9 2 1 11 2959 3248 2961 4945 4876 3881
2575 9 2 1 11 3000 3237 3003 5150 4872 4262
2576 9 2 1 11 2947 3245 2984 4911 4946 4619
2577 9 2 1 11 3028 3240 3005 4913 5175 4525
2578 9 2 1 11 2884 3275 2883 4903 5173 4771
2579 9 2 1 11 2929 3257 2930 4951 4882 4568
2580 9 2 1 11 2945 3255 2946 4949 4880 4838
2581 9 2 1 11 2966 3260 2965 4919 5157 3932
2582 9 2 1 11 2900 3268 3093 5353 5151 4700
2583 9 2 1 11 3078 3259 3077 4929 5181 4490
2584 9 2 1 11 2694 3241 565 4935 5177 4566
2585 9 2 1 11 2838 3236 2839 5354 4908 4439
2586 9 2 1 11 2866 3249 2869 5186 4892 4767
2587 9 2 1 11 3003 3252 3002 4905 4952 4263
2588 9 2 1 11 3037 3256 3038 5355 4890 4839
2589 9 2 1 11 3075 3272 3076 5162 4878 4544
2590 9 2 1 11 2957 3262 2956 4917 5171 4786
2591 9 2 1 11 2727 3247 3058 4957 4868 4834
2592 9 2 1 11 2952 3264 2953 4897 5195 4466
2593 9 2 1 11 2981 3263 2980 4895 5191 4129
2594 9 2 1 11 2919 3270 2983 5188 4914 4653
2595 9 2 1 11 2720 3265 764 5356 5199 4061
2596 9 2 1 11 2770 3253 3020 4967 4888 4832
2597 9 2 1 11 2869 3276 2868 4927 5147 4768
2598 9 2 1 11 15 3234 3071 4969 4940 4547
2599 9 2 1 11 2916 3258 2915 4921 4964 4766
2600 9 2 1 11 3238 3256 3037 5341 5355 5349
2601 9 2 1 11 3092 3239 2838 5190 5357 4846
2602 9 2 1 11 3054 3269 3078 5180 4884 4489
2603 9 2 1 11 2971 3261 3033 4901 5167 4733
2604 9 2 1 11 766 3246 2773 5166 4898 4062
2605 9 2 1 11 3031 3271 3032 5194 4886 4581
2606 9 2 1 11 2852 3273 2849 4939 5183 4829
2607 9 2 1 11 2814 3250 3095 5351 5203 4696
2608 9 2 1 11 2838 3239 3236 5357 5344 5354
2609 9 2 1 11 3097 3243 2711 4871 4962 4859
2610 9 2 1 11 2806 3278 3119 5216 5358 3762
2611 9 2 1 11 2800 3227 3106 5334 5262 5359
2612 9 2 1 11 3104 3225 2972 5261 5332 5360
2613 9 2 1 11 3107 3226 2799 5263 5333 3421
2614 9 2 1 11 3105 3224 2817 5264 5331 3409
2615 9 2 1 11 2858 3120 3108 5258 5259 4864
2616 9 2 1 11 3119 3231 2826 5361 5221 3763
2617 9 2 1 11 3235 3268 2900 5362 5353 5343
2618 9 2 1 11 2925 3265 3244 5363 5364 5348
2619 9 2 1 11 3244 3265 2720 5364 5356 5340
2620 9 2 1 11 3084 3268 3235 5365 5362 5350
2621 9 2 1 11 2972 3230 3104 3431 4860 5360
2622 9 2 1 11 3106 3229 2800 4862 4942 5359
2623 9 2 1 11 2811 3230 3149 3415 3447 5328
2624 9 2 1 11 3116 3228 2798 5218 5205 5260
2625 9 2 1 11 2797 3231 3119 4980 5361 5366
2626 9 2 1 11 3137 3260 2731 5236 4918 5276
2627 9 2 1 11 3070 3239 3158 5345 5249 5315
2628 9 2 1 11 2706 3249 3156 4893 5233 5309
2629 9 2 1 11 2882 3254 3216 4925 5246 5310
2630 9 2 1 11 2998 3274 3207 4875 5231 5304
2631 9 2 1 11 2752 3237 3143 4873 5237 5275
2632 9 2 1 11 2912 3233 3122 4867 5225 5307
2633 9 2 1 11 3184 3261 2733 5227 4900 5290
2634 9 2 1 11 3179 3265 2925 5248 5363 5326
2635 9 2 1 11 2924 3246 3179 4899 5229 5325
2636 9 2 1 11 3175 3262 2728 5239 4916 5318
2637 9 2 1 11 2761 3242 3174 4907 5247 5300
2638 9 2 1 11 3178 3276 2747 5228 4926 5286
2639 9 2 1 11 3135 3264 2735 5223 4896 5274
2640 9 2 1 11 3098 3238 3194 5342 5238 5279
2641 9 2 1 11 3195 3263 2804 5240 4894 5324
2642 9 2 1 11 3161 3259 2897 5251 4928 5272
2643 9 2 1 11 2888 3272 3197 4879 5224 5321
2644 9 2 1 11 3221 3275 2783 5242 4902 5314
2645 9 2 1 11 3138 3250 3017 5254 5336 5268
2646 9 2 1 11 2862 3271 3193 4887 5244 5311
2647 9 2 1 11 3162 3266 2903 5235 4922 5271
2648 9 2 1 11 3136 3240 2928 5252 4912 5296
2649 9 2 1 11 2877 3269 3191 4885 5234 5320
2650 9 2 1 11 3160 3267 2979 5232 4932 5269
2651 9 2 1 11 3158 3268 3084 5253 5365 5316
2652 9 2 1 11 2872 3270 3192 4915 5241 5317
2653 9 2 1 11 3122 3241 2913 5243 4934 5308
2654 9 2 1 11 3208 3273 16 5245 4938 5319
2655 9 2 1 11 3018 3277 3138 5214 5330 5267
2656 9 2 1 11 3119 3278 2797 5358 5346 5366
$EndElements
