$MeshFormat
2.2 0 8
$EndMeshFormat
$PhysicalNames
24
1 10 "top"
1 11 "bottom"
1 15 "left"
1 16 "right"
1 22 "interface_soil_boundary"
1 23 "interface_concrete_boundary"
2 1 "concrete"
2 2 "interface"
2 6 "native_soil"
2 101 "layer_1"
2 102 "layer_2"
2 103 "layer_3"
2 104 "layer_4"
2 105 "layer_5"
2 106 "layer_6"
2 107 "layer_7"
2 108 "layer_8"
2 109 "layer_9"
2 110 "layer_10"
2 111 "layer_11"
2 112 "layer_12"
2 113 "layer_13"
2 114 "layer_14"
2 115 "layer_15"
$EndPhysicalNames
$Nodes
9013
1 -1.5 -0 0
2 -1.5 -0.21 0
3 -1.5 -0.42 0
4 -1.5 -0.6300000000000001 0
5 -1.5 -0.8400000000000001 0
6 -1.5 -1.05 0
7 1.5 -1.05 0
8 1.5 -0.8400000000000001 0
9 1.5 -0.6300000000000001 0
10 1.5 -0.42 0
11 1.5 -0.21 0
12 1.5 -0 0
13 1.5 -1.245 0
14 1.05 -1.245 0
15 1.05 -1.05 0
16 -1.05 -1.245 0
17 -1.05 -1.05 0
18 -1.5 -1.245 0
19 1.5 -1.44 0
20 1.05 -1.44 0
21 -1.05 -1.44 0
22 -1.5 -1.44 0
23 1.5 -1.635 0
24 1.05 -1.635 0
25 -1.05 -1.635 0
26 -1.5 -1.635 0
27 1.5 -1.83 0
28 1.05 -1.83 0
29 -1.05 -1.83 0
30 -1.5 -1.83 0
31 1.5 -2.025 0
32 1.05 -2.025 0
33 -1.05 -2.025 0
34 -1.5 -2.025 0
35 1.5 -2.22 0
36 1.05 -2.22 0
37 -1.05 -2.22 0
38 -1.5 -2.22 0
39 1.5 -2.415 0
40 1.05 -2.415 0
41 -1.05 -2.415 0
42 -1.5 -2.415 0
43 1.5 -2.61 0
44 1.05 -2.61 0
45 -1.05 -2.61 0
46 -1.5 -2.61 0
47 1.5 -2.805 0
48 1.05 -2.805 0
49 -1.05 -2.805 0
50 -1.5 -2.805 0
51 1.5 -3 0
52 1.05 -3 0
53 -1.05 -3 0
54 -1.5 -3 0
55 -1 -1 0
56 1 -1 0
57 -1 -3 0
58 1 -3 0
59 -0.9 -1.1 0
60 0.9 -1.1 0
61 0.9 -2.9 0
62 -0.9 -2.9 0
63 1.05 -0.95 0
64 -1.05 -0.95 0
65 -15 0 0
66 -1.05 -3.05 0
67 1.05 -3.05 0
68 15 0 0
69 15 -30.5 0
70 -15 -30.5 0
71 -1.5 -0.1049999999999998 0
72 -1.5 -0.3149999999999998 0
73 -1.5 -0.5249999999999999 0
74 -1.5 -0.735 0
75 -1.5 -0.945 0
76 1.5 -0.9450000000000002 0
77 1.5 -0.7350000000000002 0
78 1.5 -0.5250000000000002 0
79 1.5 -0.3150000000000002 0
80 1.5 -0.1050000000000002 0
81 -1.353997576473106 0 0
82 -1.248450215961046 0 0
83 -1.172148425067412 0 0
84 -1.116988723769412 0 0
85 -1.077112931311571 0 0
86 -1.048266741484304 0 0
87 -1.023308009544202 0 0
88 -0.9983492776040991 0 0
89 -0.9733905456639966 0 0
90 -0.9484318137238942 0 0
91 -0.9234730817837917 0 0
92 -0.8985143498436892 0 0
93 -0.8735556179035867 0 0
94 -0.8485968859634843 0 0
95 -0.8236381540233818 0 0
96 -0.7986794220832794 0 0
97 -0.7737206901431769 0 0
98 -0.7487619582030745 0 0
99 -0.7238032262629719 0 0
100 -0.6988444943228694 0 0
101 -0.673885762382767 0 0
102 -0.6489270304426645 0 0
103 -0.6239682985025621 0 0
104 -0.5990095665624595 0 0
105 -0.5740508346223571 0 0
106 -0.5490921026822546 0 0
107 -0.5241333707421522 0 0
108 -0.4991746388020497 0 0
109 -0.4742159068619471 0 0
110 -0.4492571749218448 0 0
111 -0.4242984429817422 0 0
112 -0.3993397110416397 0 0
113 -0.3743809791015373 0 0
114 -0.3494222471614348 0 0
115 -0.3244635152213324 0 0
116 -0.2995047832812299 0 0
117 -0.2745460513411273 0 0
118 -0.249587319401025 0 0
119 -0.2246285874609224 0 0
120 -0.1996698555208201 0 0
121 -0.1747111235807175 0 0
122 -0.1497523916406149 0 0
123 -0.1247936597005126 0 0
124 -0.09983492776041003 0 0
125 -0.07487619582030769 0 0
126 -0.04991746388020513 0 0
127 -0.02495873194010256 0 0
128 -2.220446049250313e-16 0 0
129 0.02495873194010234 0 0
130 0.04991746388020468 0 0
131 0.07487619582030725 0 0
132 0.09983492776040981 0 0
133 0.1247936597005121 0 0
134 0.1497523916406147 0 0
135 0.1747111235807171 0 0
136 0.1996698555208196 0 0
137 0.2246285874609222 0 0
138 0.2495873194010245 0 0
139 0.2745460513411271 0 0
140 0.2995047832812294 0 0
141 0.324463515221332 0 0
142 0.3494222471614346 0 0
143 0.3743809791015369 0 0
144 0.3993397110416395 0 0
145 0.4242984429817418 0 0
146 0.4492571749218441 0 0
147 0.4742159068619469 0 0
148 0.499174638802049 0 0
149 0.5241333707421516 0 0
150 0.5490921026822542 0 0
151 0.5740508346223567 0 0
152 0.5990095665624589 0 0
153 0.6239682985025619 0 0
154 0.648927030442664 0 0
155 0.6738857623827665 0 0
156 0.6988444943228691 0 0
157 0.7238032262629717 0 0
158 0.7487619582030738 0 0
159 0.7737206901431763 0 0
160 0.7986794220832789 0 0
161 0.8236381540233815 0 0
162 0.8485968859634836 0 0
163 0.8735556179035866 0 0
164 0.8985143498436887 0 0
165 0.9234730817837913 0 0
166 0.9484318137238938 0 0
167 0.9733905456639964 0 0
168 0.9983492776040985 0 0
169 1.023308009544201 0 0
170 1.048266741484304 0 0
171 1.077112931311567 0 0
172 1.116988723769403 0 0
173 1.172148425067398 0 0
174 1.248450215961043 0 0
175 1.353997576473106 0 0
176 1.353997576473106 -0.21 0
177 1.248450215961046 -0.21 0
178 1.172148425067412 -0.21 0
179 1.116988723769412 -0.21 0
180 1.077112931311571 -0.21 0
181 1.048266741484304 -0.21 0
182 1.023308009544202 -0.21 0
183 0.9983492776040991 -0.21 0
184 0.9733905456639966 -0.21 0
185 0.9484318137238942 -0.21 0
186 0.9234730817837917 -0.21 0
187 0.8985143498436892 -0.21 0
188 0.8735556179035867 -0.21 0
189 0.8485968859634843 -0.21 0
190 0.8236381540233818 -0.21 0
191 0.7986794220832794 -0.21 0
192 0.7737206901431769 -0.21 0
193 0.7487619582030745 -0.21 0
194 0.7238032262629719 -0.21 0
195 0.6988444943228694 -0.21 0
196 0.673885762382767 -0.21 0
197 0.6489270304426645 -0.21 0
198 0.6239682985025621 -0.21 0
199 0.5990095665624595 -0.21 0
200 0.5740508346223571 -0.21 0
201 0.5490921026822546 -0.21 0
202 0.5241333707421522 -0.21 0
203 0.4991746388020497 -0.21 0
204 0.4742159068619471 -0.21 0
205 0.4492571749218448 -0.21 0
206 0.4242984429817422 -0.21 0
207 0.3993397110416397 -0.21 0
208 0.3743809791015373 -0.21 0
209 0.3494222471614348 -0.21 0
210 0.3244635152213324 -0.21 0
211 0.2995047832812299 -0.21 0
212 0.2745460513411273 -0.21 0
213 0.249587319401025 -0.21 0
214 0.2246285874609224 -0.21 0
215 0.1996698555208201 -0.21 0
216 0.1747111235807175 -0.21 0
217 0.1497523916406149 -0.21 0
218 0.1247936597005126 -0.21 0
219 0.09983492776041003 -0.21 0
220 0.07487619582030769 -0.21 0
221 0.04991746388020513 -0.21 0
222 0.02495873194010256 -0.21 0
223 2.220446049250313e-16 -0.21 0
224 -0.02495873194010234 -0.21 0
225 -0.04991746388020468 -0.21 0
226 -0.07487619582030725 -0.21 0
227 -0.09983492776040981 -0.21 0
228 -0.1247936597005121 -0.21 0
229 -0.1497523916406147 -0.21 0
230 -0.1747111235807171 -0.21 0
231 -0.1996698555208196 -0.21 0
232 -0.2246285874609222 -0.21 0
233 -0.2495873194010245 -0.21 0
234 -0.2745460513411271 -0.21 0
235 -0.2995047832812294 -0.21 0
236 -0.324463515221332 -0.21 0
237 -0.3494222471614346 -0.21 0
238 -0.3743809791015369 -0.21 0
239 -0.3993397110416395 -0.21 0
240 -0.4242984429817418 -0.21 0
241 -0.4492571749218441 -0.21 0
242 -0.4742159068619469 -0.21 0
243 -0.499174638802049 -0.21 0
244 -0.5241333707421516 -0.21 0
245 -0.5490921026822542 -0.21 0
246 -0.5740508346223567 -0.21 0
247 -0.5990095665624589 -0.21 0
248 -0.6239682985025619 -0.21 0
249 -0.648927030442664 -0.21 0
250 -0.6738857623827665 -0.21 0
251 -0.6988444943228691 -0.21 0
252 -0.7238032262629717 -0.21 0
253 -0.7487619582030738 -0.21 0
254 -0.7737206901431763 -0.21 0
255 -0.7986794220832789 -0.21 0
256 -0.8236381540233815 -0.21 0
257 -0.8485968859634836 -0.21 0
258 -0.8735556179035866 -0.21 0
259 -0.8985143498436887 -0.21 0
260 -0.9234730817837913 -0.21 0
261 -0.9484318137238938 -0.21 0
262 -0.9733905456639964 -0.21 0
263 -0.9983492776040985 -0.21 0
264 -1.023308009544201 -0.21 0
265 -1.048266741484304 -0.21 0
266 -1.077112931311567 -0.21 0
267 -1.116988723769403 -0.21 0
268 -1.172148425067398 -0.21 0
269 -1.248450215961043 -0.21 0
270 -1.353997576473106 -0.21 0
271 1.353997576473106 -0.42 0
272 1.248450215961046 -0.42 0
273 1.172148425067412 -0.42 0
274 1.116988723769412 -0.42 0
275 1.077112931311571 -0.42 0
276 1.048266741484304 -0.42 0
277 1.023308009544202 -0.42 0
278 0.9983492776040991 -0.42 0
279 0.9733905456639966 -0.42 0
280 0.9484318137238942 -0.42 0
281 0.9234730817837917 -0.42 0
282 0.8985143498436892 -0.42 0
283 0.8735556179035867 -0.42 0
284 0.8485968859634843 -0.42 0
285 0.8236381540233818 -0.42 0
286 0.7986794220832794 -0.42 0
287 0.7737206901431769 -0.42 0
288 0.7487619582030745 -0.42 0
289 0.7238032262629719 -0.42 0
290 0.6988444943228694 -0.42 0
291 0.673885762382767 -0.42 0
292 0.6489270304426645 -0.42 0
293 0.6239682985025621 -0.42 0
294 0.5990095665624595 -0.42 0
295 0.5740508346223571 -0.42 0
296 0.5490921026822546 -0.42 0
297 0.5241333707421522 -0.42 0
298 0.4991746388020497 -0.42 0
299 0.4742159068619471 -0.42 0
300 0.4492571749218448 -0.42 0
301 0.4242984429817422 -0.42 0
302 0.3993397110416397 -0.42 0
303 0.3743809791015373 -0.42 0
304 0.3494222471614348 -0.42 0
305 0.3244635152213324 -0.42 0
306 0.2995047832812299 -0.42 0
307 0.2745460513411273 -0.42 0
308 0.249587319401025 -0.42 0
309 0.2246285874609224 -0.42 0
310 0.1996698555208201 -0.42 0
311 0.1747111235807175 -0.42 0
312 0.1497523916406149 -0.42 0
313 0.1247936597005126 -0.42 0
314 0.09983492776041003 -0.42 0
315 0.07487619582030769 -0.42 0
316 0.04991746388020513 -0.42 0
317 0.02495873194010256 -0.42 0
318 2.220446049250313e-16 -0.42 0
319 -0.02495873194010234 -0.42 0
320 -0.04991746388020468 -0.42 0
321 -0.07487619582030725 -0.42 0
322 -0.09983492776040981 -0.42 0
323 -0.1247936597005121 -0.42 0
324 -0.1497523916406147 -0.42 0
325 -0.1747111235807171 -0.42 0
326 -0.1996698555208196 -0.42 0
327 -0.2246285874609222 -0.42 0
328 -0.2495873194010245 -0.42 0
329 -0.2745460513411271 -0.42 0
330 -0.2995047832812294 -0.42 0
331 -0.324463515221332 -0.42 0
332 -0.3494222471614346 -0.42 0
333 -0.3743809791015369 -0.42 0
334 -0.3993397110416395 -0.42 0
335 -0.4242984429817418 -0.42 0
336 -0.4492571749218441 -0.42 0
337 -0.4742159068619469 -0.42 0
338 -0.499174638802049 -0.42 0
339 -0.5241333707421516 -0.42 0
340 -0.5490921026822542 -0.42 0
341 -0.5740508346223567 -0.42 0
342 -0.5990095665624589 -0.42 0
343 -0.6239682985025619 -0.42 0
344 -0.648927030442664 -0.42 0
345 -0.6738857623827665 -0.42 0
346 -0.6988444943228691 -0.42 0
347 -0.7238032262629717 -0.42 0
348 -0.7487619582030738 -0.42 0
349 -0.7737206901431763 -0.42 0
350 -0.7986794220832789 -0.42 0
351 -0.8236381540233815 -0.42 0
352 -0.8485968859634836 -0.42 0
353 -0.8735556179035866 -0.42 0
354 -0.8985143498436887 -0.42 0
355 -0.9234730817837913 -0.42 0
356 -0.9484318137238938 -0.42 0
357 -0.9733905456639964 -0.42 0
358 -0.9983492776040985 -0.42 0
359 -1.023308009544201 -0.42 0
360 -1.048266741484304 -0.42 0
361 -1.077112931311567 -0.42 0
362 -1.116988723769403 -0.42 0
363 -1.172148425067398 -0.42 0
364 -1.248450215961043 -0.42 0
365 -1.353997576473106 -0.42 0
366 1.353997576473106 -0.6300000000000001 0
367 1.248450215961046 -0.6300000000000001 0
368 1.172148425067412 -0.6300000000000001 0
369 1.116988723769412 -0.6300000000000001 0
370 1.077112931311571 -0.6300000000000001 0
371 1.048266741484304 -0.6300000000000001 0
372 1.023308009544202 -0.6300000000000001 0
373 0.9983492776040991 -0.6300000000000001 0
374 0.9733905456639966 -0.6300000000000001 0
375 0.9484318137238942 -0.6300000000000001 0
376 0.9234730817837917 -0.6300000000000001 0
377 0.8985143498436892 -0.6300000000000001 0
378 0.8735556179035867 -0.6300000000000001 0
379 0.8485968859634843 -0.6300000000000001 0
380 0.8236381540233818 -0.6300000000000001 0
381 0.7986794220832794 -0.6300000000000001 0
382 0.7737206901431769 -0.6300000000000001 0
383 0.7487619582030745 -0.6300000000000001 0
384 0.7238032262629719 -0.6300000000000001 0
385 0.6988444943228694 -0.6300000000000001 0
386 0.673885762382767 -0.6300000000000001 0
387 0.6489270304426645 -0.6300000000000001 0
388 0.6239682985025621 -0.6300000000000001 0
389 0.5990095665624595 -0.6300000000000001 0
390 0.5740508346223571 -0.6300000000000001 0
391 0.5490921026822546 -0.6300000000000001 0
392 0.5241333707421522 -0.6300000000000001 0
393 0.4991746388020497 -0.6300000000000001 0
394 0.4742159068619471 -0.6300000000000001 0
395 0.4492571749218448 -0.6300000000000001 0
396 0.4242984429817422 -0.6300000000000001 0
397 0.3993397110416397 -0.6300000000000001 0
398 0.3743809791015373 -0.6300000000000001 0
399 0.3494222471614348 -0.6300000000000001 0
400 0.3244635152213324 -0.6300000000000001 0
401 0.2995047832812299 -0.6300000000000001 0
402 0.2745460513411273 -0.6300000000000001 0
403 0.249587319401025 -0.6300000000000001 0
404 0.2246285874609224 -0.6300000000000001 0
405 0.1996698555208201 -0.6300000000000001 0
406 0.1747111235807175 -0.6300000000000001 0
407 0.1497523916406149 -0.6300000000000001 0
408 0.1247936597005126 -0.6300000000000001 0
409 0.09983492776041003 -0.6300000000000001 0
410 0.07487619582030769 -0.6300000000000001 0
411 0.04991746388020513 -0.6300000000000001 0
412 0.02495873194010256 -0.6300000000000001 0
413 2.220446049250313e-16 -0.6300000000000001 0
414 -0.02495873194010234 -0.6300000000000001 0
415 -0.04991746388020468 -0.6300000000000001 0
416 -0.07487619582030725 -0.6300000000000001 0
417 -0.09983492776040981 -0.6300000000000001 0
418 -0.1247936597005121 -0.6300000000000001 0
419 -0.1497523916406147 -0.6300000000000001 0
420 -0.1747111235807171 -0.6300000000000001 0
421 -0.1996698555208196 -0.6300000000000001 0
422 -0.2246285874609222 -0.6300000000000001 0
423 -0.2495873194010245 -0.6300000000000001 0
424 -0.2745460513411271 -0.6300000000000001 0
425 -0.2995047832812294 -0.6300000000000001 0
426 -0.324463515221332 -0.6300000000000001 0
427 -0.3494222471614346 -0.6300000000000001 0
428 -0.3743809791015369 -0.6300000000000001 0
429 -0.3993397110416395 -0.6300000000000001 0
430 -0.4242984429817418 -0.6300000000000001 0
431 -0.4492571749218441 -0.6300000000000001 0
432 -0.4742159068619469 -0.6300000000000001 0
433 -0.499174638802049 -0.6300000000000001 0
434 -0.5241333707421516 -0.6300000000000001 0
435 -0.5490921026822542 -0.6300000000000001 0
436 -0.5740508346223567 -0.6300000000000001 0
437 -0.5990095665624589 -0.6300000000000001 0
438 -0.6239682985025619 -0.6300000000000001 0
439 -0.648927030442664 -0.6300000000000001 0
440 -0.6738857623827665 -0.6300000000000001 0
441 -0.6988444943228691 -0.6300000000000001 0
442 -0.7238032262629717 -0.6300000000000001 0
443 -0.7487619582030738 -0.6300000000000001 0
444 -0.7737206901431763 -0.6300000000000001 0
445 -0.7986794220832789 -0.6300000000000001 0
446 -0.8236381540233815 -0.6300000000000001 0
447 -0.8485968859634836 -0.6300000000000001 0
448 -0.8735556179035866 -0.6300000000000001 0
449 -0.8985143498436887 -0.6300000000000001 0
450 -0.9234730817837913 -0.6300000000000001 0
451 -0.9484318137238938 -0.6300000000000001 0
452 -0.9733905456639964 -0.6300000000000001 0
453 -0.9983492776040985 -0.6300000000000001 0
454 -1.023308009544201 -0.6300000000000001 0
455 -1.048266741484304 -0.6300000000000001 0
456 -1.077112931311567 -0.6300000000000001 0
457 -1.116988723769403 -0.6300000000000001 0
458 -1.172148425067398 -0.6300000000000001 0
459 -1.248450215961043 -0.6300000000000001 0
460 -1.353997576473106 -0.6300000000000001 0
461 1.353997576473106 -0.8400000000000001 0
462 1.248450215961046 -0.8400000000000001 0
463 1.172148425067412 -0.8400000000000001 0
464 1.116988723769412 -0.8400000000000001 0
465 1.077112931311571 -0.8400000000000001 0
466 1.048266741484304 -0.8400000000000001 0
467 1.023308009544202 -0.8400000000000001 0
468 0.9983492776040991 -0.8400000000000001 0
469 0.9733905456639966 -0.8400000000000001 0
470 0.9484318137238942 -0.8400000000000001 0
471 0.9234730817837917 -0.8400000000000001 0
472 0.8985143498436892 -0.8400000000000001 0
473 0.8735556179035867 -0.8400000000000001 0
474 0.8485968859634843 -0.8400000000000001 0
475 0.8236381540233818 -0.8400000000000001 0
476 0.7986794220832794 -0.8400000000000001 0
477 0.7737206901431769 -0.8400000000000001 0
478 0.7487619582030745 -0.8400000000000001 0
479 0.7238032262629719 -0.8400000000000001 0
480 0.6988444943228694 -0.8400000000000001 0
481 0.673885762382767 -0.8400000000000001 0
482 0.6489270304426645 -0.8400000000000001 0
483 0.6239682985025621 -0.8400000000000001 0
484 0.5990095665624595 -0.8400000000000001 0
485 0.5740508346223571 -0.8400000000000001 0
486 0.5490921026822546 -0.8400000000000001 0
487 0.5241333707421522 -0.8400000000000001 0
488 0.4991746388020497 -0.8400000000000001 0
489 0.4742159068619471 -0.8400000000000001 0
490 0.4492571749218448 -0.8400000000000001 0
491 0.4242984429817422 -0.8400000000000001 0
492 0.3993397110416397 -0.8400000000000001 0
493 0.3743809791015373 -0.8400000000000001 0
494 0.3494222471614348 -0.8400000000000001 0
495 0.3244635152213324 -0.8400000000000001 0
496 0.2995047832812299 -0.8400000000000001 0
497 0.2745460513411273 -0.8400000000000001 0
498 0.249587319401025 -0.8400000000000001 0
499 0.2246285874609224 -0.8400000000000001 0
500 0.1996698555208201 -0.8400000000000001 0
501 0.1747111235807175 -0.8400000000000001 0
502 0.1497523916406149 -0.8400000000000001 0
503 0.1247936597005126 -0.8400000000000001 0
504 0.09983492776041003 -0.8400000000000001 0
505 0.07487619582030769 -0.8400000000000001 0
506 0.04991746388020513 -0.8400000000000001 0
507 0.02495873194010256 -0.8400000000000001 0
508 2.220446049250313e-16 -0.8400000000000001 0
509 -0.02495873194010234 -0.8400000000000001 0
510 -0.04991746388020468 -0.8400000000000001 0
511 -0.07487619582030725 -0.8400000000000001 0
512 -0.09983492776040981 -0.8400000000000001 0
513 -0.1247936597005121 -0.8400000000000001 0
514 -0.1497523916406147 -0.8400000000000001 0
515 -0.1747111235807171 -0.8400000000000001 0
516 -0.1996698555208196 -0.8400000000000001 0
517 -0.2246285874609222 -0.8400000000000001 0
518 -0.2495873194010245 -0.8400000000000001 0
519 -0.2745460513411271 -0.8400000000000001 0
520 -0.2995047832812294 -0.8400000000000001 0
521 -0.324463515221332 -0.8400000000000001 0
522 -0.3494222471614346 -0.8400000000000001 0
523 -0.3743809791015369 -0.8400000000000001 0
524 -0.3993397110416395 -0.8400000000000001 0
525 -0.4242984429817418 -0.8400000000000001 0
526 -0.4492571749218441 -0.8400000000000001 0
527 -0.4742159068619469 -0.8400000000000001 0
528 -0.499174638802049 -0.8400000000000001 0
529 -0.5241333707421516 -0.8400000000000001 0
530 -0.5490921026822542 -0.8400000000000001 0
531 -0.5740508346223567 -0.8400000000000001 0
532 -0.5990095665624589 -0.8400000000000001 0
533 -0.6239682985025619 -0.8400000000000001 0
534 -0.648927030442664 -0.8400000000000001 0
535 -0.6738857623827665 -0.8400000000000001 0
536 -0.6988444943228691 -0.8400000000000001 0
537 -0.7238032262629717 -0.8400000000000001 0
538 -0.7487619582030738 -0.8400000000000001 0
539 -0.7737206901431763 -0.8400000000000001 0
540 -0.7986794220832789 -0.8400000000000001 0
541 -0.8236381540233815 -0.8400000000000001 0
542 -0.8485968859634836 -0.8400000000000001 0
543 -0.8735556179035866 -0.8400000000000001 0
544 -0.8985143498436887 -0.8400000000000001 0
545 -0.9234730817837913 -0.8400000000000001 0
546 -0.9484318137238938 -0.8400000000000001 0
547 -0.9733905456639964 -0.8400000000000001 0
548 -0.9983492776040985 -0.8400000000000001 0
549 -1.023308009544201 -0.8400000000000001 0
550 -1.048266741484304 -0.8400000000000001 0
551 -1.077112931311567 -0.8400000000000001 0
552 -1.116988723769403 -0.8400000000000001 0
553 -1.172148425067398 -0.8400000000000001 0
554 -1.248450215961043 -0.8400000000000001 0
555 -1.353997576473106 -0.8400000000000001 0
556 1.5 -1.1475 0
557 1.355430766567673 -1.245 0
558 1.250526266504608 -1.245 0
559 1.174403888302766 -1.245 0
560 1.119166817506823 -1.245 0
561 1.079084869763274 -1.245 0
562 1.05 -1.074375 0
563 1.05 -1.09875 0
564 1.05 -1.123125 0
565 1.05 -1.1475 0
566 1.05 -1.171875 0
567 1.05 -1.19625 0
568 1.05 -1.220625 0
569 1.355430766567673 -1.05 0
570 1.250526266504608 -1.05 0
571 1.174403888302766 -1.05 0
572 1.119166817506823 -1.05 0
573 1.079084869763274 -1.05 0
574 -1.05 -1.220625 0
575 -1.05 -1.19625 0
576 -1.05 -1.171875 0
577 -1.05 -1.1475 0
578 -1.05 -1.123125 0
579 -1.05 -1.09875 0
580 -1.05 -1.074375 0
581 -1.079084869763274 -1.245 0
582 -1.119166817506823 -1.245 0
583 -1.174403888302765 -1.245 0
584 -1.250526266504608 -1.245 0
585 -1.355430766567673 -1.245 0
586 -1.5 -1.1475 0
587 -1.079084869763274 -1.05 0
588 -1.119166817506823 -1.05 0
589 -1.174403888302765 -1.05 0
590 -1.250526266504608 -1.05 0
591 -1.355430766567673 -1.05 0
592 1.5 -1.3425 0
593 1.355430766567673 -1.44 0
594 1.250526266504608 -1.44 0
595 1.174403888302766 -1.44 0
596 1.119166817506823 -1.44 0
597 1.079084869763274 -1.44 0
598 1.05 -1.269375 0
599 1.05 -1.29375 0
600 1.05 -1.318125 0
601 1.05 -1.3425 0
602 1.05 -1.366875 0
603 1.05 -1.39125 0
604 1.05 -1.415625 0
605 -1.05 -1.415625 0
606 -1.05 -1.39125 0
607 -1.05 -1.366875 0
608 -1.05 -1.3425 0
609 -1.05 -1.318125 0
610 -1.05 -1.29375 0
611 -1.05 -1.269375 0
612 -1.079084869763274 -1.44 0
613 -1.119166817506823 -1.44 0
614 -1.174403888302765 -1.44 0
615 -1.250526266504608 -1.44 0
616 -1.355430766567673 -1.44 0
617 -1.5 -1.3425 0
618 1.5 -1.5375 0
619 1.355430766567673 -1.635 0
620 1.250526266504608 -1.635 0
621 1.174403888302766 -1.635 0
622 1.119166817506823 -1.635 0
623 1.079084869763274 -1.635 0
624 1.05 -1.464375 0
625 1.05 -1.48875 0
626 1.05 -1.513125 0
627 1.05 -1.5375 0
628 1.05 -1.561875 0
629 1.05 -1.58625 0
630 1.05 -1.610625 0
631 -1.05 -1.610625 0
632 -1.05 -1.58625 0
633 -1.05 -1.561875 0
634 -1.05 -1.5375 0
635 -1.05 -1.513125 0
636 -1.05 -1.48875 0
637 -1.05 -1.464375 0
638 -1.079084869763274 -1.635 0
639 -1.119166817506823 -1.635 0
640 -1.174403888302765 -1.635 0
641 -1.250526266504608 -1.635 0
642 -1.355430766567673 -1.635 0
643 -1.5 -1.5375 0
644 1.5 -1.7325 0
645 1.355430766567673 -1.83 0
646 1.250526266504608 -1.83 0
647 1.174403888302766 -1.83 0
648 1.119166817506823 -1.83 0
649 1.079084869763274 -1.83 0
650 1.05 -1.659375 0
651 1.05 -1.68375 0
652 1.05 -1.708125 0
653 1.05 -1.7325 0
654 1.05 -1.756875 0
655 1.05 -1.78125 0
656 1.05 -1.805625 0
657 -1.05 -1.805625 0
658 -1.05 -1.78125 0
659 -1.05 -1.756875 0
660 -1.05 -1.7325 0
661 -1.05 -1.708125 0
662 -1.05 -1.68375 0
663 -1.05 -1.659375 0
664 -1.079084869763274 -1.83 0
665 -1.119166817506823 -1.83 0
666 -1.174403888302765 -1.83 0
667 -1.250526266504608 -1.83 0
668 -1.355430766567673 -1.83 0
669 -1.5 -1.7325 0
670 1.5 -1.9275 0
671 1.355430766567673 -2.025 0
672 1.250526266504608 -2.025 0
673 1.174403888302766 -2.025 0
674 1.119166817506823 -2.025 0
675 1.079084869763274 -2.025 0
676 1.05 -1.854375 0
677 1.05 -1.87875 0
678 1.05 -1.903125 0
679 1.05 -1.9275 0
680 1.05 -1.951875 0
681 1.05 -1.97625 0
682 1.05 -2.000625 0
683 -1.05 -2.000625 0
684 -1.05 -1.97625 0
685 -1.05 -1.951875 0
686 -1.05 -1.9275 0
687 -1.05 -1.903125 0
688 -1.05 -1.87875 0
689 -1.05 -1.854375 0
690 -1.079084869763274 -2.025 0
691 -1.119166817506823 -2.025 0
692 -1.174403888302765 -2.025 0
693 -1.250526266504608 -2.025 0
694 -1.355430766567673 -2.025 0
695 -1.5 -1.9275 0
696 1.5 -2.1225 0
697 1.355430766567673 -2.22 0
698 1.250526266504608 -2.22 0
699 1.174403888302766 -2.22 0
700 1.119166817506823 -2.22 0
701 1.079084869763274 -2.22 0
702 1.05 -2.049375 0
703 1.05 -2.07375 0
704 1.05 -2.098125 0
705 1.05 -2.1225 0
706 1.05 -2.146875 0
707 1.05 -2.17125 0
708 1.05 -2.195625 0
709 -1.05 -2.195625 0
710 -1.05 -2.17125 0
711 -1.05 -2.146875 0
712 -1.05 -2.1225 0
713 -1.05 -2.098125 0
714 -1.05 -2.07375 0
715 -1.05 -2.049375 0
716 -1.079084869763274 -2.22 0
717 -1.119166817506823 -2.22 0
718 -1.174403888302765 -2.22 0
719 -1.250526266504608 -2.22 0
720 -1.355430766567673 -2.22 0
721 -1.5 -2.1225 0
722 1.5 -2.317499999999999 0
723 1.355430766567673 -2.415 0
724 1.250526266504608 -2.415 0
725 1.174403888302766 -2.415 0
726 1.119166817506823 -2.415 0
727 1.079084869763274 -2.415 0
728 1.05 -2.244375 0
729 1.05 -2.26875 0
730 1.05 -2.293125 0
731 1.05 -2.3175 0
732 1.05 -2.341875 0
733 1.05 -2.36625 0
734 1.05 -2.390625 0
735 -1.05 -2.390625 0
736 -1.05 -2.36625 0
737 -1.05 -2.341875 0
738 -1.05 -2.3175 0
739 -1.05 -2.293125 0
740 -1.05 -2.26875 0
741 -1.05 -2.244375 0
742 -1.079084869763274 -2.415 0
743 -1.119166817506823 -2.415 0
744 -1.174403888302765 -2.415 0
745 -1.250526266504608 -2.415 0
746 -1.355430766567673 -2.415 0
747 -1.5 -2.3175 0
748 1.5 -2.5125 0
749 1.355430766567673 -2.61 0
750 1.250526266504608 -2.61 0
751 1.174403888302766 -2.61 0
752 1.119166817506823 -2.61 0
753 1.079084869763274 -2.61 0
754 1.05 -2.439375 0
755 1.05 -2.46375 0
756 1.05 -2.488125 0
757 1.05 -2.5125 0
758 1.05 -2.536875 0
759 1.05 -2.56125 0
760 1.05 -2.585625 0
761 -1.05 -2.585625 0
762 -1.05 -2.56125 0
763 -1.05 -2.536875 0
764 -1.05 -2.5125 0
765 -1.05 -2.488125 0
766 -1.05 -2.46375 0
767 -1.05 -2.439375 0
768 -1.079084869763274 -2.61 0
769 -1.119166817506823 -2.61 0
770 -1.174403888302765 -2.61 0
771 -1.250526266504608 -2.61 0
772 -1.355430766567673 -2.61 0
773 -1.5 -2.5125 0
774 1.5 -2.7075 0
775 1.355430766567673 -2.805 0
776 1.250526266504608 -2.805 0
777 1.174403888302766 -2.805 0
778 1.119166817506823 -2.805 0
779 1.079084869763274 -2.805 0
780 1.05 -2.634375 0
781 1.05 -2.65875 0
782 1.05 -2.683125 0
783 1.05 -2.7075 0
784 1.05 -2.731875 0
785 1.05 -2.75625 0
786 1.05 -2.780625 0
787 -1.05 -2.780625 0
788 -1.05 -2.75625 0
789 -1.05 -2.731875 0
790 -1.05 -2.7075 0
791 -1.05 -2.683125 0
792 -1.05 -2.65875 0
793 -1.05 -2.634375 0
794 -1.079084869763274 -2.805 0
795 -1.119166817506823 -2.805 0
796 -1.174403888302765 -2.805 0
797 -1.250526266504608 -2.805 0
798 -1.355430766567673 -2.805 0
799 -1.5 -2.7075 0
800 1.5 -2.9025 0
801 1.355430766567673 -3 0
802 1.250526266504608 -3 0
803 1.174403888302766 -3 0
804 1.119166817506823 -3 0
805 1.079084869763274 -3 0
806 1.05 -2.829375 0
807 1.05 -2.85375 0
808 1.05 -2.878125 0
809 1.05 -2.9025 0
810 1.05 -2.926875 0
811 1.05 -2.95125 0
812 1.05 -2.975625 0
813 -1.05 -2.975625 0
814 -1.05 -2.95125 0
815 -1.05 -2.926875 0
816 -1.05 -2.9025 0
817 -1.05 -2.878125 0
818 -1.05 -2.85375 0
819 -1.05 -2.829375 0
820 -1.079084869763274 -3 0
821 -1.119166817506823 -3 0
822 -1.174403888302765 -3 0
823 -1.250526266504608 -3 0
824 -1.355430766567673 -3 0
825 -1.5 -2.9025 0
826 -0.975 -1 0
827 -0.95 -1 0
828 -0.925 -1 0
829 -0.9 -1 0
830 -0.875 -1 0
831 -0.85 -1 0
832 -0.825 -1 0
833 -0.8 -1 0
834 -0.775 -1 0
835 -0.75 -1 0
836 -0.725 -1 0
837 -0.7 -1 0
838 -0.675 -1 0
839 -0.65 -1 0
840 -0.625 -1 0
841 -0.6 -1 0
842 -0.575 -1 0
843 -0.55 -1 0
844 -0.525 -1 0
845 -0.5 -1 0
846 -0.475 -1 0
847 -0.45 -1 0
848 -0.425 -1 0
849 -0.4 -1 0
850 -0.375 -1 0
851 -0.35 -1 0
852 -0.325 -1 0
853 -0.3 -1 0
854 -0.275 -1 0
855 -0.25 -1 0
856 -0.225 -1 0
857 -0.2 -1 0
858 -0.175 -1 0
859 -0.15 -1 0
860 -0.125 -1 0
861 -0.09999999999999998 -1 0
862 -0.07499999999999996 -1 0
863 -0.05000000000000004 -1 0
864 -0.02500000000000002 -1 0
865 0 -1 0
866 0.02499999999999991 -1 0
867 0.05000000000000004 -1 0
868 0.07499999999999996 -1 0
869 0.1000000000000001 -1 0
870 0.125 -1 0
871 0.1499999999999999 -1 0
872 0.175 -1 0
873 0.2 -1 0
874 0.2250000000000001 -1 0
875 0.25 -1 0
876 0.2749999999999999 -1 0
877 0.3 -1 0
878 0.325 -1 0
879 0.3500000000000001 -1 0
880 0.375 -1 0
881 0.3999999999999999 -1 0
882 0.425 -1 0
883 0.45 -1 0
884 0.4750000000000001 -1 0
885 0.5 -1 0
886 0.5249999999999999 -1 0
887 0.55 -1 0
888 0.575 -1 0
889 0.6000000000000001 -1 0
890 0.625 -1 0
891 0.6499999999999999 -1 0
892 0.675 -1 0
893 0.7 -1 0
894 0.7250000000000001 -1 0
895 0.75 -1 0
896 0.7749999999999999 -1 0
897 0.8 -1 0
898 0.825 -1 0
899 0.8500000000000001 -1 0
900 0.875 -1 0
901 0.8999999999999999 -1 0
902 0.925 -1 0
903 0.95 -1 0
904 0.9750000000000001 -1 0
905 -1 -2.975 0
906 -1 -2.95 0
907 -1 -2.925 0
908 -1 -2.9 0
909 -1 -2.875 0
910 -1 -2.85 0
911 -1 -2.825 0
912 -1 -2.8 0
913 -1 -2.775 0
914 -1 -2.75 0
915 -1 -2.725 0
916 -1 -2.7 0
917 -1 -2.675 0
918 -1 -2.65 0
919 -1 -2.625 0
920 -1 -2.6 0
921 -1 -2.575 0
922 -1 -2.55 0
923 -1 -2.525 0
924 -1 -2.5 0
925 -1 -2.475 0
926 -1 -2.45 0
927 -1 -2.425 0
928 -1 -2.4 0
929 -1 -2.375 0
930 -1 -2.35 0
931 -1 -2.325 0
932 -1 -2.3 0
933 -1 -2.275 0
934 -1 -2.25 0
935 -1 -2.225 0
936 -1 -2.2 0
937 -1 -2.175 0
938 -1 -2.15 0
939 -1 -2.125 0
940 -1 -2.1 0
941 -1 -2.075 0
942 -1 -2.05 0
943 -1 -2.025 0
944 -1 -2 0
945 -1 -1.975 0
946 -1 -1.95 0
947 -1 -1.925 0
948 -1 -1.9 0
949 -1 -1.875 0
950 -1 -1.85 0
951 -1 -1.825 0
952 -1 -1.8 0
953 -1 -1.775 0
954 -1 -1.75 0
955 -1 -1.725 0
956 -1 -1.7 0
957 -1 -1.675 0
958 -1 -1.65 0
959 -1 -1.625 0
960 -1 -1.6 0
961 -1 -1.575 0
962 -1 -1.55 0
963 -1 -1.525 0
964 -1 -1.5 0
965 -1 -1.475 0
966 -1 -1.45 0
967 -1 -1.425 0
968 -1 -1.4 0
969 -1 -1.375 0
970 -1 -1.35 0
971 -1 -1.325 0
972 -1 -1.3 0
973 -1 -1.275 0
974 -1 -1.25 0
975 -1 -1.225 0
976 -1 -1.2 0
977 -1 -1.175 0
978 -1 -1.15 0
979 -1 -1.125 0
980 -1 -1.1 0
981 -1 -1.075 0
982 -1 -1.05 0
983 -1 -1.025 0
984 1 -1.025 0
985 1 -1.05 0
986 1 -1.075 0
987 1 -1.1 0
988 1 -1.125 0
989 1 -1.15 0
990 1 -1.175 0
991 1 -1.2 0
992 1 -1.225 0
993 1 -1.25 0
994 1 -1.275 0
995 1 -1.3 0
996 1 -1.325 0
997 1 -1.35 0
998 1 -1.375 0
999 1 -1.4 0
1000 1 -1.425 0
1001 1 -1.45 0
1002 1 -1.475 0
1003 1 -1.5 0
1004 1 -1.525 0
1005 1 -1.55 0
1006 1 -1.575 0
1007 1 -1.6 0
1008 1 -1.625 0
1009 1 -1.65 0
1010 1 -1.675 0
1011 1 -1.7 0
1012 1 -1.725 0
1013 1 -1.75 0
1014 1 -1.775 0
1015 1 -1.8 0
1016 1 -1.825 0
1017 1 -1.85 0
1018 1 -1.875 0
1019 1 -1.9 0
1020 1 -1.925 0
1021 1 -1.95 0
1022 1 -1.975 0
1023 1 -2 0
1024 1 -2.025 0
1025 1 -2.05 0
1026 1 -2.075 0
1027 1 -2.1 0
1028 1 -2.125 0
1029 1 -2.15 0
1030 1 -2.175 0
1031 1 -2.2 0
1032 1 -2.225 0
1033 1 -2.25 0
1034 1 -2.275 0
1035 1 -2.3 0
1036 1 -2.325 0
1037 1 -2.35 0
1038 1 -2.375 0
1039 1 -2.4 0
1040 1 -2.425 0
1041 1 -2.45 0
1042 1 -2.475 0
1043 1 -2.5 0
1044 1 -2.525 0
1045 1 -2.55 0
1046 1 -2.575 0
1047 1 -2.6 0
1048 1 -2.625 0
1049 1 -2.65 0
1050 1 -2.675 0
1051 1 -2.7 0
1052 1 -2.725 0
1053 1 -2.75 0
1054 1 -2.775 0
1055 1 -2.8 0
1056 1 -2.825 0
1057 1 -2.85 0
1058 1 -2.875 0
1059 1 -2.9 0
1060 1 -2.925 0
1061 1 -2.95 0
1062 1 -2.975 0
1063 0.975 -3 0
1064 0.95 -3 0
1065 0.925 -3 0
1066 0.9 -3 0
1067 0.875 -3 0
1068 0.85 -3 0
1069 0.825 -3 0
1070 0.8 -3 0
1071 0.775 -3 0
1072 0.75 -3 0
1073 0.725 -3 0
1074 0.7 -3 0
1075 0.675 -3 0
1076 0.65 -3 0
1077 0.625 -3 0
1078 0.6 -3 0
1079 0.575 -3 0
1080 0.55 -3 0
1081 0.525 -3 0
1082 0.5 -3 0
1083 0.475 -3 0
1084 0.45 -3 0
1085 0.425 -3 0
1086 0.4 -3 0
1087 0.375 -3 0
1088 0.35 -3 0
1089 0.325 -3 0
1090 0.3 -3 0
1091 0.275 -3 0
1092 0.25 -3 0
1093 0.225 -3 0
1094 0.2 -3 0
1095 0.175 -3 0
1096 0.15 -3 0
1097 0.125 -3 0
1098 0.09999999999999998 -3 0
1099 0.07499999999999996 -3 0
1100 0.05000000000000004 -3 0
1101 0.02500000000000002 -3 0
1102 0 -3 0
1103 -0.02499999999999991 -3 0
1104 -0.05000000000000004 -3 0
1105 -0.07499999999999996 -3 0
1106 -0.1000000000000001 -3 0
1107 -0.125 -3 0
1108 -0.1499999999999999 -3 0
1109 -0.175 -3 0
1110 -0.2 -3 0
1111 -0.2250000000000001 -3 0
1112 -0.25 -3 0
1113 -0.2749999999999999 -3 0
1114 -0.3 -3 0
1115 -0.325 -3 0
1116 -0.3500000000000001 -3 0
1117 -0.375 -3 0
1118 -0.3999999999999999 -3 0
1119 -0.425 -3 0
1120 -0.45 -3 0
1121 -0.4750000000000001 -3 0
1122 -0.5 -3 0
1123 -0.5249999999999999 -3 0
1124 -0.55 -3 0
1125 -0.575 -3 0
1126 -0.6000000000000001 -3 0
1127 -0.625 -3 0
1128 -0.6499999999999999 -3 0
1129 -0.675 -3 0
1130 -0.7 -3 0
1131 -0.7250000000000001 -3 0
1132 -0.75 -3 0
1133 -0.7749999999999999 -3 0
1134 -0.8 -3 0
1135 -0.825 -3 0
1136 -0.8500000000000001 -3 0
1137 -0.875 -3 0
1138 -0.8999999999999999 -3 0
1139 -0.925 -3 0
1140 -0.95 -3 0
1141 -0.9750000000000001 -3 0
1142 -0.875 -1.1 0
1143 -0.8500000000000001 -1.1 0
1144 -0.8250000000000001 -1.1 0
1145 -0.8000000000000002 -1.1 0
1146 -0.7750000000000001 -1.1 0
1147 -0.7500000000000002 -1.1 0
1148 -0.7250000000000002 -1.1 0
1149 -0.7000000000000002 -1.1 0
1150 -0.6750000000000003 -1.1 0
1151 -0.6500000000000004 -1.1 0
1152 -0.6250000000000002 -1.1 0
1153 -0.6000000000000003 -1.1 0
1154 -0.5750000000000004 -1.1 0
1155 -0.5500000000000005 -1.1 0
1156 -0.5250000000000005 -1.1 0
1157 -0.5000000000000006 -1.1 0
1158 -0.4750000000000006 -1.1 0
1159 -0.4500000000000006 -1.1 0
1160 -0.4250000000000006 -1.1 0
1161 -0.4000000000000007 -1.1 0
1162 -0.3750000000000008 -1.1 0
1163 -0.3500000000000008 -1.1 0
1164 -0.3250000000000008 -1.1 0
1165 -0.3000000000000009 -1.1 0
1166 -0.275000000000001 -1.1 0
1167 -0.250000000000001 -1.1 0
1168 -0.2250000000000011 -1.1 0
1169 -0.2000000000000012 -1.1 0
1170 -0.1750000000000012 -1.1 0
1171 -0.1500000000000012 -1.1 0
1172 -0.1250000000000013 -1.1 0
1173 -0.1000000000000013 -1.1 0
1174 -0.0750000000000014 -1.1 0
1175 -0.05000000000000149 -1.1 0
1176 -0.02500000000000147 -1.1 0
1177 -1.554312234475219e-15 -1.1 0
1178 0.02499999999999847 -1.1 0
1179 0.04999999999999838 -1.1 0
1180 0.0749999999999984 -1.1 0
1181 0.0999999999999982 -1.1 0
1182 0.1249999999999981 -1.1 0
1183 0.1499999999999982 -1.1 0
1184 0.1749999999999984 -1.1 0
1185 0.1999999999999985 -1.1 0
1186 0.2249999999999986 -1.1 0
1187 0.2499999999999988 -1.1 0
1188 0.2749999999999987 -1.1 0
1189 0.2999999999999988 -1.1 0
1190 0.324999999999999 -1.1 0
1191 0.3499999999999991 -1.1 0
1192 0.3749999999999992 -1.1 0
1193 0.3999999999999994 -1.1 0
1194 0.4249999999999995 -1.1 0
1195 0.4499999999999994 -1.1 0
1196 0.4749999999999995 -1.1 0
1197 0.4999999999999997 -1.1 0
1198 0.5249999999999998 -1.1 0
1199 0.5499999999999999 -1.1 0
1200 0.5750000000000001 -1.1 0
1201 0.6000000000000002 -1.1 0
1202 0.6250000000000001 -1.1 0
1203 0.6500000000000002 -1.1 0
1204 0.6750000000000004 -1.1 0
1205 0.7000000000000003 -1.1 0
1206 0.725 -1.1 0
1207 0.7500000000000001 -1.1 0
1208 0.7749999999999998 -1.1 0
1209 0.8000000000000002 -1.1 0
1210 0.8249999999999998 -1.1 0
1211 0.85 -1.1 0
1212 0.8750000000000001 -1.1 0
1213 0.9 -1.125 0
1214 0.9 -1.15 0
1215 0.9 -1.175 0
1216 0.9 -1.2 0
1217 0.9 -1.225 0
1218 0.9 -1.25 0
1219 0.9 -1.275 0
1220 0.9 -1.3 0
1221 0.9 -1.325 0
1222 0.9 -1.35 0
1223 0.9 -1.375 0
1224 0.9 -1.4 0
1225 0.9 -1.425 0
1226 0.9 -1.45 0
1227 0.9 -1.475 0
1228 0.9 -1.5 0
1229 0.9 -1.524999999999999 0
1230 0.9 -1.549999999999999 0
1231 0.9 -1.574999999999999 0
1232 0.9 -1.599999999999999 0
1233 0.9 -1.624999999999999 0
1234 0.9 -1.649999999999999 0
1235 0.9 -1.674999999999999 0
1236 0.9 -1.699999999999999 0
1237 0.9 -1.724999999999999 0
1238 0.9 -1.749999999999999 0
1239 0.9 -1.774999999999999 0
1240 0.9 -1.799999999999999 0
1241 0.9 -1.824999999999999 0
1242 0.9 -1.849999999999999 0
1243 0.9 -1.874999999999999 0
1244 0.9 -1.899999999999999 0
1245 0.9 -1.924999999999998 0
1246 0.9 -1.949999999999998 0
1247 0.9 -1.974999999999999 0
1248 0.9 -1.999999999999998 0
1249 0.9 -2.024999999999999 0
1250 0.9 -2.049999999999998 0
1251 0.9 -2.074999999999998 0
1252 0.9 -2.099999999999998 0
1253 0.9 -2.124999999999998 0
1254 0.9 -2.149999999999999 0
1255 0.9 -2.174999999999999 0
1256 0.9 -2.199999999999998 0
1257 0.9 -2.224999999999999 0
1258 0.9 -2.249999999999999 0
1259 0.9 -2.274999999999999 0
1260 0.9 -2.299999999999999 0
1261 0.9 -2.324999999999999 0
1262 0.9 -2.349999999999999 0
1263 0.9 -2.374999999999999 0
1264 0.9 -2.399999999999999 0
1265 0.9 -2.425 0
1266 0.9 -2.45 0
1267 0.9 -2.475 0
1268 0.9 -2.5 0
1269 0.9 -2.525 0
1270 0.9 -2.55 0
1271 0.9 -2.575 0
1272 0.9 -2.600000000000001 0
1273 0.9 -2.625 0
1274 0.9 -2.65 0
1275 0.9 -2.675000000000001 0
1276 0.9 -2.7 0
1277 0.9 -2.725 0
1278 0.9 -2.75 0
1279 0.9 -2.775 0
1280 0.9 -2.8 0
1281 0.9 -2.825 0
1282 0.9 -2.850000000000001 0
1283 0.9 -2.875 0
1284 0.875 -2.9 0
1285 0.8500000000000001 -2.9 0
1286 0.8250000000000001 -2.9 0
1287 0.8000000000000002 -2.9 0
1288 0.7750000000000001 -2.9 0
1289 0.7500000000000002 -2.9 0
1290 0.7250000000000002 -2.9 0
1291 0.7000000000000002 -2.9 0
1292 0.6750000000000003 -2.9 0
1293 0.6500000000000004 -2.9 0
1294 0.6250000000000002 -2.9 0
1295 0.6000000000000003 -2.9 0
1296 0.5750000000000004 -2.9 0
1297 0.5500000000000005 -2.9 0
1298 0.5250000000000005 -2.9 0
1299 0.5000000000000006 -2.9 0
1300 0.4750000000000006 -2.9 0
1301 0.4500000000000006 -2.9 0
1302 0.4250000000000006 -2.9 0
1303 0.4000000000000007 -2.9 0
1304 0.3750000000000008 -2.9 0
1305 0.3500000000000008 -2.9 0
1306 0.3250000000000008 -2.9 0
1307 0.3000000000000009 -2.9 0
1308 0.275000000000001 -2.9 0
1309 0.250000000000001 -2.9 0
1310 0.2250000000000011 -2.9 0
1311 0.2000000000000012 -2.9 0
1312 0.1750000000000012 -2.9 0
1313 0.1500000000000012 -2.9 0
1314 0.1250000000000013 -2.9 0
1315 0.1000000000000013 -2.9 0
1316 0.0750000000000014 -2.9 0
1317 0.05000000000000149 -2.9 0
1318 0.02500000000000147 -2.9 0
1319 1.554312234475219e-15 -2.9 0
1320 -0.02499999999999847 -2.9 0
1321 -0.04999999999999838 -2.9 0
1322 -0.0749999999999984 -2.9 0
1323 -0.0999999999999982 -2.9 0
1324 -0.1249999999999981 -2.9 0
1325 -0.1499999999999982 -2.9 0
1326 -0.1749999999999984 -2.9 0
1327 -0.1999999999999985 -2.9 0
1328 -0.2249999999999986 -2.9 0
1329 -0.2499999999999988 -2.9 0
1330 -0.2749999999999987 -2.9 0
1331 -0.2999999999999988 -2.9 0
1332 -0.324999999999999 -2.9 0
1333 -0.3499999999999991 -2.9 0
1334 -0.3749999999999992 -2.9 0
1335 -0.3999999999999994 -2.9 0
1336 -0.4249999999999995 -2.9 0
1337 -0.4499999999999994 -2.9 0
1338 -0.4749999999999995 -2.9 0
1339 -0.4999999999999997 -2.9 0
1340 -0.5249999999999998 -2.9 0
1341 -0.5499999999999999 -2.9 0
1342 -0.5750000000000001 -2.9 0
1343 -0.6000000000000002 -2.9 0
1344 -0.6250000000000001 -2.9 0
1345 -0.6500000000000002 -2.9 0
1346 -0.6750000000000004 -2.9 0
1347 -0.7000000000000003 -2.9 0
1348 -0.725 -2.9 0
1349 -0.7500000000000001 -2.9 0
1350 -0.7749999999999998 -2.9 0
1351 -0.8000000000000002 -2.9 0
1352 -0.8249999999999998 -2.9 0
1353 -0.85 -2.9 0
1354 -0.8750000000000001 -2.9 0
1355 -0.9 -2.875 0
1356 -0.9 -2.850000000000001 0
1357 -0.9 -2.825000000000001 0
1358 -0.9 -2.8 0
1359 -0.9 -2.775 0
1360 -0.9 -2.75 0
1361 -0.9 -2.725000000000001 0
1362 -0.9 -2.700000000000001 0
1363 -0.9 -2.675000000000001 0
1364 -0.9 -2.650000000000001 0
1365 -0.9 -2.625000000000001 0
1366 -0.9 -2.600000000000001 0
1367 -0.9 -2.575000000000001 0
1368 -0.9 -2.550000000000001 0
1369 -0.9 -2.525000000000001 0
1370 -0.9 -2.500000000000001 0
1371 -0.9 -2.475000000000001 0
1372 -0.9 -2.450000000000001 0
1373 -0.9 -2.425000000000001 0
1374 -0.9 -2.400000000000001 0
1375 -0.9 -2.375000000000001 0
1376 -0.9 -2.350000000000001 0
1377 -0.9 -2.325000000000001 0
1378 -0.9 -2.300000000000001 0
1379 -0.9 -2.275000000000001 0
1380 -0.9 -2.250000000000001 0
1381 -0.9 -2.225000000000001 0
1382 -0.9 -2.200000000000002 0
1383 -0.9 -2.175000000000002 0
1384 -0.9 -2.150000000000002 0
1385 -0.9 -2.125000000000002 0
1386 -0.9 -2.100000000000002 0
1387 -0.9 -2.075000000000002 0
1388 -0.9 -2.050000000000002 0
1389 -0.9 -2.025000000000002 0
1390 -0.9 -2.000000000000002 0
1391 -0.9 -1.975000000000002 0
1392 -0.9 -1.950000000000002 0
1393 -0.9 -1.925000000000002 0
1394 -0.9 -1.900000000000002 0
1395 -0.9 -1.875000000000002 0
1396 -0.9 -1.850000000000002 0
1397 -0.9 -1.825000000000002 0
1398 -0.9 -1.800000000000002 0
1399 -0.9 -1.775000000000002 0
1400 -0.9 -1.750000000000002 0
1401 -0.9 -1.725000000000002 0
1402 -0.9 -1.700000000000001 0
1403 -0.9 -1.675000000000001 0
1404 -0.9 -1.650000000000001 0
1405 -0.9 -1.625000000000001 0
1406 -0.9 -1.600000000000001 0
1407 -0.9 -1.575000000000001 0
1408 -0.9 -1.550000000000001 0
1409 -0.9 -1.525000000000001 0
1410 -0.9 -1.500000000000001 0
1411 -0.9 -1.475000000000001 0
1412 -0.9 -1.45 0
1413 -0.9 -1.425 0
1414 -0.9 -1.4 0
1415 -0.9 -1.375 0
1416 -0.9 -1.35 0
1417 -0.9 -1.325 0
1418 -0.9 -1.3 0
1419 -0.9 -1.275 0
1420 -0.9 -1.25 0
1421 -0.9 -1.225 0
1422 -0.9 -1.2 0
1423 -0.9 -1.175 0
1424 -0.9 -1.15 0
1425 -0.9 -1.125 0
1426 1.05 -0.975 0
1427 1.05 -1 0
1428 1.05 -1.025 0
1429 -1.025 -0.95 0
1430 -1 -0.95 0
1431 -0.975 -0.95 0
1432 -0.95 -0.95 0
1433 -0.9249999999999999 -0.95 0
1434 -0.8999999999999999 -0.95 0
1435 -0.8749999999999999 -0.95 0
1436 -0.8499999999999999 -0.95 0
1437 -0.8249999999999998 -0.95 0
1438 -0.7999999999999998 -0.95 0
1439 -0.7749999999999997 -0.95 0
1440 -0.7499999999999998 -0.95 0
1441 -0.7249999999999998 -0.95 0
1442 -0.6999999999999997 -0.95 0
1443 -0.6749999999999996 -0.95 0
1444 -0.6499999999999997 -0.95 0
1445 -0.6249999999999996 -0.95 0
1446 -0.5999999999999996 -0.95 0
1447 -0.5749999999999995 -0.95 0
1448 -0.5499999999999996 -0.95 0
1449 -0.5249999999999997 -0.95 0
1450 -0.4999999999999997 -0.95 0
1451 -0.4749999999999996 -0.95 0
1452 -0.4499999999999997 -0.95 0
1453 -0.4249999999999998 -0.95 0
1454 -0.3999999999999998 -0.95 0
1455 -0.3749999999999998 -0.95 0
1456 -0.3499999999999999 -0.95 0
1457 -0.325 -0.95 0
1458 -0.2999999999999999 -0.95 0
1459 -0.2749999999999999 -0.95 0
1460 -0.25 -0.95 0
1461 -0.2249999999999999 -0.95 0
1462 -0.2 -0.95 0
1463 -0.1749999999999999 -0.95 0
1464 -0.15 -0.95 0
1465 -0.1249999999999998 -0.95 0
1466 -0.09999999999999976 -0.95 0
1467 -0.07499999999999984 -0.95 0
1468 -0.04999999999999982 -0.95 0
1469 -0.02499999999999991 -0.95 0
1470 0 -0.95 0
1471 0.02499999999999991 -0.95 0
1472 0.05000000000000004 -0.95 0
1473 0.07499999999999996 -0.95 0
1474 0.09999999999999987 -0.95 0
1475 0.1249999999999998 -0.95 0
1476 0.1499999999999999 -0.95 0
1477 0.1749999999999998 -0.95 0
1478 0.1999999999999997 -0.95 0
1479 0.2249999999999996 -0.95 0
1480 0.2499999999999996 -0.95 0
1481 0.2749999999999997 -0.95 0
1482 0.2999999999999996 -0.95 0
1483 0.3249999999999997 -0.95 0
1484 0.3499999999999996 -0.95 0
1485 0.3749999999999996 -0.95 0
1486 0.3999999999999995 -0.95 0
1487 0.4249999999999994 -0.95 0
1488 0.4499999999999995 -0.95 0
1489 0.4749999999999994 -0.95 0
1490 0.4999999999999996 -0.95 0
1491 0.5249999999999995 -0.95 0
1492 0.5499999999999994 -0.95 0
1493 0.5749999999999995 -0.95 0
1494 0.5999999999999994 -0.95 0
1495 0.6249999999999996 -0.95 0
1496 0.6499999999999995 -0.95 0
1497 0.6749999999999994 -0.95 0
1498 0.6999999999999993 -0.95 0
1499 0.7249999999999994 -0.95 0
1500 0.7499999999999993 -0.95 0
1501 0.7749999999999997 -0.95 0
1502 0.7999999999999996 -0.95 0
1503 0.825 -0.95 0
1504 0.8499999999999999 -0.95 0
1505 0.8749999999999998 -0.95 0
1506 0.8999999999999997 -0.95 0
1507 0.9249999999999996 -0.95 0
1508 0.9499999999999995 -0.95 0
1509 0.9749999999999994 -0.95 0
1510 0.9999999999999998 -0.95 0
1511 1.025 -0.95 0
1512 -1.05 -1.025 0
1513 -1.05 -1 0
1514 -1.05 -0.9750000000000001 0
1515 -1.693756515084548 0 0
1516 -1.95875979436158 0 0
1517 -2.321208278172122 0 0
1518 -2.816933725532568 0 0
1519 -3.494944023834385 0 0
1520 -4.401413633878157 0 0
1521 -5.364921485343782 0 0
1522 -6.328429336809403 0 0
1523 -7.291937188275025 0 0
1524 -8.255445039740646 0 0
1525 -9.218952891206271 0 0
1526 -10.18246074267189 0 0
1527 -11.14596859413751 0 0
1528 -12.10947644560314 0 0
1529 -13.07298429706876 0 0
1530 -14.03649214853438 0 0
1531 -1.05 -3.025 0
1532 1.025 -3.05 0
1533 1 -3.05 0
1534 0.975 -3.05 0
1535 0.95 -3.05 0
1536 0.9249999999999999 -3.05 0
1537 0.8999999999999999 -3.05 0
1538 0.8749999999999999 -3.05 0
1539 0.8499999999999999 -3.05 0
1540 0.8249999999999998 -3.05 0
1541 0.7999999999999998 -3.05 0
1542 0.7749999999999997 -3.05 0
1543 0.7499999999999998 -3.05 0
1544 0.7249999999999998 -3.05 0
1545 0.6999999999999997 -3.05 0
1546 0.6749999999999996 -3.05 0
1547 0.6499999999999997 -3.05 0
1548 0.6249999999999996 -3.05 0
1549 0.5999999999999996 -3.05 0
1550 0.5749999999999995 -3.05 0
1551 0.5499999999999996 -3.05 0
1552 0.5249999999999997 -3.05 0
1553 0.4999999999999997 -3.05 0
1554 0.4749999999999996 -3.05 0
1555 0.4499999999999997 -3.05 0
1556 0.4249999999999998 -3.05 0
1557 0.3999999999999998 -3.05 0
1558 0.3749999999999998 -3.05 0
1559 0.3499999999999999 -3.05 0
1560 0.325 -3.05 0
1561 0.2999999999999999 -3.05 0
1562 0.2749999999999999 -3.05 0
1563 0.25 -3.05 0
1564 0.2249999999999999 -3.05 0
1565 0.2 -3.05 0
1566 0.1749999999999999 -3.05 0
1567 0.15 -3.05 0
1568 0.1249999999999998 -3.05 0
1569 0.09999999999999976 -3.05 0
1570 0.07499999999999984 -3.05 0
1571 0.04999999999999982 -3.05 0
1572 0.02499999999999991 -3.05 0
1573 0 -3.05 0
1574 -0.02499999999999991 -3.05 0
1575 -0.05000000000000004 -3.05 0
1576 -0.07499999999999996 -3.05 0
1577 -0.09999999999999987 -3.05 0
1578 -0.1249999999999998 -3.05 0
1579 -0.1499999999999999 -3.05 0
1580 -0.1749999999999998 -3.05 0
1581 -0.1999999999999997 -3.05 0
1582 -0.2249999999999996 -3.05 0
1583 -0.2499999999999996 -3.05 0
1584 -0.2749999999999997 -3.05 0
1585 -0.2999999999999996 -3.05 0
1586 -0.3249999999999997 -3.05 0
1587 -0.3499999999999996 -3.05 0
1588 -0.3749999999999996 -3.05 0
1589 -0.3999999999999995 -3.05 0
1590 -0.4249999999999994 -3.05 0
1591 -0.4499999999999995 -3.05 0
1592 -0.4749999999999994 -3.05 0
1593 -0.4999999999999996 -3.05 0
1594 -0.5249999999999995 -3.05 0
1595 -0.5499999999999994 -3.05 0
1596 -0.5749999999999995 -3.05 0
1597 -0.5999999999999994 -3.05 0
1598 -0.6249999999999996 -3.05 0
1599 -0.6499999999999995 -3.05 0
1600 -0.6749999999999994 -3.05 0
1601 -0.6999999999999993 -3.05 0
1602 -0.7249999999999994 -3.05 0
1603 -0.7499999999999993 -3.05 0
1604 -0.7749999999999997 -3.05 0
1605 -0.7999999999999996 -3.05 0
1606 -0.825 -3.05 0
1607 -0.8499999999999999 -3.05 0
1608 -0.8749999999999998 -3.05 0
1609 -0.8999999999999997 -3.05 0
1610 -0.9249999999999996 -3.05 0
1611 -0.9499999999999995 -3.05 0
1612 -0.9749999999999994 -3.05 0
1613 -0.9999999999999998 -3.05 0
1614 -1.025 -3.05 0
1615 1.05 -3.024999999999999 0
1616 14.03649214853438 0 0
1617 13.07298429706875 0 0
1618 12.10947644560313 0 0
1619 11.14596859413751 0 0
1620 10.18246074267188 0 0
1621 9.218952891206257 0 0
1622 8.255445039740634 0 0
1623 7.29193718827501 0 0
1624 6.328429336809386 0 0
1625 5.364921485343762 0 0
1626 4.401413633878139 0 0
1627 3.494944023834373 0 0
1628 2.81693372553255 0 0
1629 2.32120827817212 0 0
1630 1.958759794361576 0 0
1631 1.693756515084551 0 0
1632 15 -29.51612903225806 0
1633 15 -28.53225806451613 0
1634 15 -27.54838709677419 0
1635 15 -26.56451612903226 0
1636 15 -25.58064516129032 0
1637 15 -24.59677419354839 0
1638 15 -23.61290322580645 0
1639 15 -22.62903225806452 0
1640 15 -21.64516129032258 0
1641 15 -20.66129032258064 0
1642 15 -19.67741935483871 0
1643 15 -18.69354838709678 0
1644 15 -17.70967741935484 0
1645 15 -16.7258064516129 0
1646 15 -15.74193548387097 0
1647 15 -14.75806451612903 0
1648 15 -13.7741935483871 0
1649 15 -12.79032258064516 0
1650 15 -11.80645161290322 0
1651 15 -10.82258064516129 0
1652 15 -9.838709677419356 0
1653 15 -8.85483870967742 0
1654 15 -7.870967741935484 0
1655 15 -6.887096774193548 0
1656 15 -5.903225806451612 0
1657 15 -4.919354838709676 0
1658 15 -3.93548387096774 0
1659 15 -2.951612903225808 0
1660 15 -1.967741935483872 0
1661 15 -0.9838709677419359 0
1662 -14 -30.5 0
1663 -13 -30.5 0
1664 -12 -30.5 0
1665 -11 -30.5 0
1666 -10 -30.5 0
1667 -9 -30.5 0
1668 -8 -30.5 0
1669 -7 -30.5 0
1670 -6 -30.5 0
1671 -5 -30.5 0
1672 -4 -30.5 0
1673 -3 -30.5 0
1674 -2 -30.5 0
1675 -1 -30.5 0
1676 0 -30.5 0
1677 1 -30.5 0
1678 2 -30.5 0
1679 3 -30.5 0
1680 4 -30.5 0
1681 5 -30.5 0
1682 6 -30.5 0
1683 7 -30.5 0
1684 8 -30.5 0
1685 9 -30.5 0
1686 10 -30.5 0
1687 11 -30.5 0
1688 12 -30.5 0
1689 13 -30.5 0
1690 14 -30.5 0
1691 -15 -0.9838709677419355 0
1692 -15 -1.967741935483871 0
1693 -15 -2.951612903225806 0
1694 -15 -3.935483870967742 0
1695 -15 -4.919354838709678 0
1696 -15 -5.903225806451613 0
1697 -15 -6.887096774193548 0
1698 -15 -7.870967741935484 0
1699 -15 -8.85483870967742 0
1700 -15 -9.838709677419356 0
1701 -15 -10.82258064516129 0
1702 -15 -11.80645161290323 0
1703 -15 -12.79032258064516 0
1704 -15 -13.7741935483871 0
1705 -15 -14.75806451612903 0
1706 -15 -15.74193548387097 0
1707 -15 -16.7258064516129 0
1708 -15 -17.70967741935484 0
1709 -15 -18.69354838709678 0
1710 -15 -19.67741935483871 0
1711 -15 -20.66129032258064 0
1712 -15 -21.64516129032258 0
1713 -15 -22.62903225806452 0
1714 -15 -23.61290322580645 0
1715 -15 -24.59677419354839 0
1716 -15 -25.58064516129032 0
1717 -15 -26.56451612903226 0
1718 -15 -27.54838709677419 0
1719 -15 -28.53225806451613 0
1720 -15 -29.51612903225806 0
1721 -0.9375000000000003 -1.021650635094611 0
1722 0.9332777091166392 -1.01883464395866 0
1723 0.9375000000000004 -2.978349364905389 0
1724 -0.9375000000000004 -2.978349364905389 0
1725 0.9216506350946101 -2.687499999999999 0
1726 -0.92209535815604 -2.365099319842602 0
1727 0.921130875055621 -2.040257823014541 0
1728 0.9219279154277469 -2.185530126418183 0
1729 0.9219279154277467 -2.264469873581815 0
1730 0.7375 -1.078349364905389 0
1731 0.7874999999999993 -1.078349364905389 0
1732 -0.9216506350946108 -1.287500000000001 0
1733 -0.7874999999999993 -2.921650635094611 0
1734 -0.7375000000000008 -2.921650635094611 0
1735 0.9783493649053892 -1.0875 0
1736 -0.9216506350946108 -2.8125 0
1737 0.9783493649053892 -2.4375 0
1738 0.9783493649053897 -2.812499999999999 0
1739 0.6874999999999998 -1.078349364905389 0
1740 -0.4416666666666671 -1.018899576603592 0
1741 0.8875000000000002 -1.078349364905389 0
1742 0.4097421769854572 -1.021130875055621 0
1743 0.8375 -1.078349364905388 0
1744 -0.9787922750011619 -1.087755714263022 0
1745 -0.8136341268502989 -1.020995846652296 0
1746 -0.6875 -1.021650635094611 0
1747 -0.5599006801573991 -1.02209535815604 0
1748 0.6125 -1.021650635094611 0
1749 -0.9780720845722528 -1.389469873581816 0
1750 -0.9783493649053889 -1.2375 0
1751 -0.9783493649053884 -1.1375 0
1752 0.9783493649053892 -1.162500000000001 0
1753 0.9205913571716673 -1.2375 0
1754 0.08749999999999869 -1.078349364905389 0
1755 -0.9211308750556213 -1.990257823014544 0
1756 -0.8875 -1.078349364905389 0
1757 0.9787922750011628 -2.91224428573698 0
1758 -0.1625000000000011 -1.078349364905389 0
1759 -0.9769113540333321 -2.887323270625385 0
1760 -0.9783493649053892 -2.7625 0
1761 -0.9783493649053896 -2.7125 0
1762 -0.9779046418439599 -2.584900680157399 0
1763 -0.921650635094611 -2.537500000000001 0
1764 -0.9216506350946108 -2.487500000000001 0
1765 -0.9211308750556212 -2.434742176985458 0
1766 -0.9219279154277469 -2.310530126418185 0
1767 -0.9783493649053892 -1.5375 0
1768 -0.9783493649053888 -1.337499999999999 0
1769 0.92209535815604 -1.334900680157399 0
1770 0.9216506350946109 -1.587499999999999 0
1771 0.9783493649053894 -1.7875 0
1772 0.9211308750556206 -2.334742176985457 0
1773 0.9216506350946109 -2.4875 0
1774 0.9783493649053892 -2.5375 0
1775 0.978072084572253 -2.610530126418184 0
1776 0.9778290091370503 -2.737658503171939 0
1777 0.9783493649053888 -2.862500000000001 0
1778 0.2605301264181835 -1.078072084572253 0
1779 -0.7625 -1.078349364905389 0
1780 -0.6375000000000003 -1.078349364905389 0
1781 -0.2625000000000007 -1.07834936490539 0
1782 -0.9783493649053892 -1.4375 0
1783 -0.03750000000000174 -1.078349364905389 0
1784 0.9783493649053894 -1.2875 0
1785 0.92209535815604 -1.3900993198426 0
1786 0.9216506350946109 -1.4375 0
1787 0.9216506350946109 -1.487499999999999 0
1788 0.9220953581560415 -1.5349006801574 0
1789 0.9783493649053889 -1.6375 0
1790 0.9216506350946108 -1.687499999999999 0
1791 0.9779046418439596 -1.734900680157399 0
1792 0.4625 -1.021650635094611 0
1793 0.5375 -1.021650635094611 0
1794 -0.212500000000001 -1.078349364905389 0
1795 0.03749999999999862 -1.078349364905389 0
1796 -0.6875000000000004 -2.921650635094611 0
1797 -0.4874999999999999 -1.021650635094611 0
1798 -0.3644698735818175 -1.021927915427747 0
1799 -0.06250000000000008 -2.978349364905389 0
1800 0.3625 -1.021650635094611 0
1801 -0.9783493649053892 -1.4875 0
1802 -0.9783493649053887 -1.187500000000001 0
1803 -0.1125000000000013 -1.078349364905389 0
1804 -0.9216506350946109 -2.662500000000001 0
1805 -0.9216506350946109 -2.262500000000002 0
1806 -0.9216506350946109 -2.212500000000002 0
1807 -0.9783493649053892 -2.1625 0
1808 -0.9783493649053894 -2.1125 0
1809 -0.9783493649053892 -2.0625 0
1810 -0.9783493649053892 -1.8375 0
1811 0.9216506350946112 -1.962499999999998 0
1812 0.9783493649053892 -2.0875 0
1813 -0.1124999999999977 -2.921650635094611 0
1814 0.4375 -2.978349364905389 0
1815 -0.8874999999999985 -2.921650635094611 0
1816 -0.4125000000000001 -2.978349364905389 0
1817 -0.3105301264181839 -1.021927915427747 0
1818 -0.921650635094611 -1.737500000000002 0
1819 -0.9788691249443784 -1.690257823014542 0
1820 0.9216506350946109 -1.837499999999999 0
1821 0.9220953581560397 -1.884900680157398 0
1822 0.8124999999999998 -2.978349364905389 0
1823 0.6902578230145408 -2.978869124944378 0
1824 0.5625 -2.978349364905389 0
1825 0.3124999999999997 -2.978349364905389 0
1826 0.1863658731497013 -2.979004153347704 0
1827 0.0625 -2.978349364905389 0
1828 -0.01249999999999997 -2.978349364905389 0
1829 -0.2376585031719413 -2.97782900913705 0
1830 -0.6125000000000004 -2.978349364905389 0
1831 -0.8375 -2.921650635094611 0
1832 -0.9779046418439588 -1.6099006801574 0
1833 0.8874999999999986 -2.921650635094611 0
1834 -0.9783493649053892 -1.9375 0
1835 0.1625 -1.021650635094611 0
1836 0.2125000000000004 -1.021650635094611 0
1837 0.6124999999999999 -2.978349364905389 0
1838 -0.1625 -2.978349364905389 0
1839 -0.2875000000000003 -2.978349364905389 0
1840 -0.3375000000000001 -2.978349364905389 0
1841 -0.4625 -2.978349364905389 0
1842 -0.5374999999999994 -2.978349364905389 0
1843 0.3124999999999983 -1.078349364905389 0
1844 0.7650993198425997 -2.922095358156044 0
1845 0.4894698735818151 -2.978072084572253 0
1846 0.3624999999999999 -2.978349364905389 0
1847 0.2597421769854574 -2.97886912494438 0
1848 0.1380423087602391 -2.978707426454095 0
1849 -0.9783493649053892 -1.7875 0
1850 -0.9216506350946112 -1.887500000000002 0
1851 0.9783493649053892 -2.3875 0
1852 0.9783493649053896 -2.1375 0
1853 -0.9115083131703795 -1.077498631622068 0
1854 0.9124999999999999 -1.078349364905389 0
1855 -0.9124999999999988 -2.921650635094613 0
1856 0.9115083131703778 -2.922501368377934 0
1857 -0.9750598626452328 -2.939538718445015 0
1858 0.1099006801573991 -1.02209535815604 0
1859 -0.01250000000000001 -1.021650635094611 0
1860 0.9794086428283322 -2.2125 0
1861 0.9788691249443782 -1.915257823014541 0
1862 0.9783493649053892 -1.9875 0
1863 -0.9783493649053896 -2.4125 0
1864 0.9783493649053892 -2.2875 0
1865 -0.3875000000000015 -1.07834936490539 0
1866 0.8124999999999994 -1.021650635094611 0
1867 -0.5125000000000006 -1.078349364905389 0
1868 0.2125000000000009 -2.921650635094612 0
1869 0.0875000000000013 -2.921650635094611 0
1870 0.01053012641818544 -2.921927915427747 0
1871 -0.08490068015739982 -1.02209535815604 0
1872 -0.9216506350946109 -2.612500000000001 0
1873 -0.921650635094611 -1.637500000000001 0
1874 0.92105680254279 -1.138913945399934 0
1875 -0.9794086428283323 -2.6375 0
1876 0.6625000000000001 -1.021650635094611 0
1877 0.9783493649053892 -1.3625 0
1878 -0.8374999999999996 -1.078349364905389 0
1879 -0.5874999999999997 -1.076649984069471 0
1880 -0.2124999999999987 -2.921650635094611 0
1881 0.9208056743542377 -2.884210955306105 0
1882 0.9216506350946109 -2.637500000000001 0
1883 -0.9216506350946109 -2.7375 0
1884 -0.7125000000000001 -1.078349364905389 0
1885 0.6375 -1.078349364905389 0
1886 0.9783493649053892 -1.412499999999999 0
1887 -0.9216506350946109 -1.3625 0
1888 -0.8650993198426004 -1.022095358156041 0
1889 0.9794086428283328 -1.2125 0
1890 0.9220953581560398 -1.184900680157401 0
1891 0.9220953581560419 -2.765099319842599 0
1892 0.9216506350946109 -2.8375 0
1893 -0.9212484743446958 -2.862634952733838 0
1894 -0.9216506350946101 -1.562500000000001 0
1895 0.7124999999999999 -1.021650635094611 0
1896 -0.6652578230145427 -2.978869124944378 0
1897 -0.7124999999999999 -2.978349364905389 0
1898 0.6374999999999998 -2.920591357171667 0
1899 0.3875000000000006 -2.921650635094611 0
1900 -0.9208056743542382 -1.115789044693897 0
1901 0.7624999999999998 -1.021650635094611 0
1902 0.8625000000000002 -1.021650635094611 0
1903 -0.7605301264181847 -2.978072084572253 0
1904 -0.8124999999999993 -2.978349364905389 0
1905 -0.8650993198425999 -2.97790464184396 0
1906 0.4374999999999994 -1.078349364905389 0
1907 0.8374999999999997 -2.921650635094611 0
1908 0.5875000000000008 -2.921650635094611 0
1909 0.5125000000000004 -2.921650635094611 0
1910 -0.4394698735818149 -2.921927915427748 0
1911 -0.9216506350946109 -1.2125 0
1912 0.5126585031719411 -1.07782900913705 0
1913 0.5624999999999992 -1.078349364905389 0
1914 -0.921650635094611 -1.1625 0
1915 0.7124999999999999 -2.921650635094612 0
1916 -0.9783493649053892 -2.837499999999999 0
1917 -0.9783493649053892 -2.5125 0
1918 -0.978072084572253 -2.464469873581816 0
1919 0.9783493649053885 -1.4625 0
1920 0.9787074264540949 -2.661957691239761 0
1921 -0.4625000000000007 -1.078349364905389 0
1922 0.8624999999999992 -2.979408642828332 0
1923 -0.5875000000000006 -2.921650635094611 0
1924 -0.6349006801574005 -2.92209535815604 0
1925 0.978349364905389 -1.5125 0
1926 0.9783493649053892 -1.5625 0
1927 -0.9216506350946112 -1.512500000000002 0
1928 -0.7374999999999996 -1.021650635094611 0
1929 -0.6144698735818157 -1.021927915427747 0
1930 0.9216506350946111 -2.412499999999999 0
1931 0.9216506350946111 -2.5625 0
1932 -0.9216506350946109 -1.462500000000001 0
1933 -0.9216506350946113 -1.4125 0
1934 -0.1875 -1.021650635094611 0
1935 -0.337500000000001 -1.076649984069471 0
1936 0.9216506350946109 -1.762499999999999 0
1937 0.3874999999999991 -1.078349364905389 0
1938 -0.3849006801573988 -2.922095358156041 0
1939 -0.4849006801573991 -2.92209535815604 0
1940 -0.9783493649053892 -2.3375 0
1941 0.9783493649053894 -1.8625 0
1942 -0.2375 -1.021650635094611 0
1943 -0.140099319842601 -1.02209535815604 0
1944 -0.9783493649053892 -2.2875 0
1945 -0.9783493649053894 -2.2375 0
1946 0.9216506350946109 -2.112499999999998 0
1947 -0.9216506350946109 -2.137500000000002 0
1948 0.2854166666666654 -1.019215827926159 0
1949 0.0625 -1.021650635094611 0
1950 0.3375000000000007 -2.921650635094611 0
1951 0.2894698735818164 -2.921927915427748 0
1952 0.1625000000000009 -2.92335001593053 0
1953 -0.03749999999999842 -2.921650635094611 0
1954 -0.264469873581815 -2.921927915427747 0
1955 0.4625000000000005 -2.920591357171667 0
1956 -0.9220953581560397 -2.090099319842602 0
1957 -0.9220953581560399 -2.034900680157401 0
1958 0.7374999999999996 -2.978349364905389 0
1959 0.1374999999999982 -1.078349364905389 0
1960 -0.921650635094611 -1.812500000000002 0
1961 -0.9783493649053893 -2.0125 0
1962 0.1874999999999984 -1.078349364905389 0
1963 -0.3124999999999989 -2.921650635094611 0
1964 0.9783493649053894 -2.3375 0
1965 0.9000000000000002 -1.056698729810778 0
1966 0.9783493649053889 -2.0375 0
1967 -0.9783493649053888 -1.287499999999999 0
1968 0.9211308750556213 -1.290257823014543 0
1969 0.9216506350946109 -1.637499999999999 0
1970 0.9783493649053892 -2.4875 0
1971 -0.9783493649053892 -1.8875 0
1972 -0.9783493649053892 -1.7375 0
1973 0.9788691249443781 -1.690257823014543 0
1974 -0.1152578230145418 -2.978869124944379 0
1975 -0.9216506350946109 -1.937500000000002 0
1976 -0.8998347188617299 -1.056556940930225 0
1977 -0.9216506350946109 -1.687500000000001 0
1978 -0.1624999999999983 -2.921650635094611 0
1979 -0.5402578230145422 -2.921130875055622 0
1980 -0.8999999999999956 -2.943301270189224 0
1981 0.9009688457120261 -2.942788270627461 0
1982 -0.9259470434770976 -2.901485312787183 0
1983 0.9259417988787644 -1.098599391268385 0
1984 0.9363829684974652 -1.078301084150952 0
1985 -0.9801143767324456 -1.036123342782 0
1986 0.9788306988736041 -1.037605934232023 0
1987 0.9801143767324462 -2.963876657218001 0
1988 -0.937133872310419 -2.92220070044702 0
1989 -0.8755423087602358 -2.942943208640513 0
1990 0.8752969097022294 -2.943748340305881 0
1991 -0.873013260995911 -1.056406981224526 0
1992 -0.9248071720053518 -1.057592587373076 0
1993 -0.9374999999999999 -1.078349364905389 0
1994 0.8750000000000009 -1.057758007733721 0
1995 0.9249961931470648 -2.942298281219875 0
1996 0.9375000000000002 -2.921650635094617 0
1997 -0.9494794742694311 -1.059395992601069 0
1998 0.9495109777930499 -2.940585818831093 0
1999 0.9532745873608628 -1.099092471420898 0
2000 -0.9521058753152886 -2.90048035606431 0
2001 0.9124999999999931 -2.964951905283835 0
2002 0.887500000000001 -1.035048094716167 0
2003 -0.9125000000000003 -1.035048094716168 0
2004 -0.8855758175596441 -2.963133106136482 0
2005 -0.9122251167942343 -2.965155902007514 0
2006 0.9161116527430653 -1.037382856054232 0
2007 -0.924893164850775 -2.942367669278962 0
2008 -0.9488845347520464 -2.941028847473843 0
2009 -0.8852550641188626 -1.036772655885481 0
2010 -0.9216506350946108 -2.512500000000001 0
2011 -0.9422419922662784 -2.525000000000001 0
2012 -0.9431247238687313 -2.550000000000002 0
2013 -0.9649519052838328 -2.537500000000002 0
2014 -0.9631547150922219 -2.564488743007048 0
2015 -0.9434075002967407 -2.578041929158406 0
2016 0.8374999999999995 -2.97852591122588 0
2017 0.8249999999999986 -2.957787432120471 0
2018 0.7999999999999985 -2.956880180195729 0
2019 0.8124999999999952 -2.935048094716168 0
2020 0.7855112569929504 -2.936845868724979 0
2021 0.7756384388358195 -2.95732023126042 0
2022 0.8528002386862882 -2.957614432231165 0
2023 0.9216506350946112 -2.437499999999999 0
2024 0.9422419922662786 -2.424999999999998 0
2025 0.9420654459457882 -2.449999999999999 0
2026 0.942065445945788 -2.399999999999998 0
2027 0.9649519052838326 -2.412499999999996 0
2028 0.9216506350946109 -2.5375 0
2029 0.9422419922662787 -2.550000000000001 0
2030 0.9431247238687315 -2.575000000000001 0
2031 0.9420654459457879 -2.525 0
2032 0.9649519052838327 -2.5625 0
2033 0.9637160854950605 -2.588879707935067 0
2034 0.9435442266636134 -2.602796420976182 0
2035 0.9783493649053888 -1.137500000000001 0
2036 0.9577580077337219 -1.150000000000002 0
2037 0.9565295390616169 -1.176969873581818 0
2038 0.935048094716168 -1.162500000000007 0
2039 0.9577725145265317 -1.125556549324641 0
2040 -0.7875000000000002 -1.078349364905389 0
2041 -0.7750000000000006 -1.057758007733721 0
2042 -0.8027578230145417 -1.057369815267331 0
2043 -0.75 -1.057934554054212 0
2044 -0.7625000000000032 -1.035048094716167 0
2045 -0.8375000000000014 -1.021650635094613 0
2046 -0.823783733925733 -1.04210542690282 0
2047 -0.8489416505232069 -1.043962819372887 0
2048 -0.8379332199737661 -2.978275244395151 0
2049 -0.8250722033289599 -2.957745654315349 0
2050 -0.8000120338881584 -2.95793249515115 0
2051 -0.812499999999997 -2.935048094716167 0
2052 -0.8484341238575547 -2.959221550468047 0
2053 -0.9420654459457879 -2.500000000000002 0
2054 -0.9435694469301605 -2.472400680157401 0
2055 -0.9649519052838328 -2.487500000000003 0
2056 -0.9783493649053892 -2.9125 0
2057 -0.9572917508683403 -2.873479820420195 0
2058 -0.9788750440165389 -2.863163665247252 0
2059 -0.9216506350946101 -2.7875 0
2060 -0.9426464817469062 -2.801134126850299 0
2061 -0.9433012701892205 -2.774999999999999 0
2062 -0.9421328608592267 -2.825189021141716 0
2063 -0.9649519052838335 -2.812499999999998 0
2064 0.5874999999999995 -1.078349364905389 0
2065 0.5749999999999987 -1.056698729810778 0
2066 0.5505423087602374 -1.057056791359485 0
2067 0.5999999999999998 -1.057758007733721 0
2068 0.5902578230145414 -1.03571918017272 0
2069 0.5642488820918067 -1.036956869023458 0
2070 0.9216506350946121 -2.712499999999999 0
2071 0.9433012701892216 -2.699999999999997 0
2072 0.943745993250649 -2.672400680157396 0
2073 0.942241992266279 -2.724999999999998 0
2074 0.9642064832889456 -2.715280466324816 0
2075 0.9624669816264693 -2.689613524413698 0
2076 -0.9783493649053893 -2.6875 0
2077 -0.9566987298107787 -2.7 0
2078 -0.956421449477642 -2.726969873581817 0
2079 -0.9564214494776425 -2.673030126418184 0
2080 -0.9375026408566424 -2.710929899297568 0
2081 -0.9379117318800547 -2.688808417252027 0
2082 -0.9783031515165332 -2.437828312263636 0
2083 -0.9573458160216177 -2.423920591860306 0
2084 -0.9568065775125865 -2.399820098643383 0
2085 -0.9342711605414223 -2.410954015198193 0
2086 -0.9367446143371334 -2.385305794355046 0
2087 -0.9565683041047839 -2.371903018842377 0
2088 0.9783493649053892 -2.3125 0
2089 0.9566987298107781 -2.299999999999999 0
2090 0.9562540067493491 -2.272400680157398 0
2091 0.9362310854758652 -2.285899261466071 0
2092 0.9343323115195714 -2.31090523962139 0
2093 0.957234221053661 -2.323600079753266 0
2094 0.9566987298107795 -2.350000000000001 0
2095 0.9783493649053892 -1.3125 0
2096 0.9573535182530938 -1.3011341268503 0
2097 0.9566186205175933 -1.274348412564585 0
2098 0.9564882646248174 -1.327085600811439 0
2099 0.9354399085309444 -1.312827095702426 0
2100 0.8625000000000004 -1.078525911225879 0
2101 0.8500000000000011 -1.057963978440959 0
2102 0.8249999999999998 -1.057968882505418 0
2103 0.8375000000000009 -1.035048094716165 0
2104 0.7124999999999996 -1.078349364905389 0
2105 0.7249999999999989 -1.057758007733721 0
2106 0.7499999999999991 -1.057934554054212 0
2107 0.7374999999999955 -1.035048094716167 0
2108 -0.9783493649053883 -1.1625 0
2109 -0.9577580077337206 -1.15 0
2110 -0.9576663796323179 -1.125751920203117 0
2111 -0.9359702864850407 -1.138372702664869 0
2112 -0.9579345540542115 -1.175000000000001 0
2113 -0.9579639784409603 -1.200000000000001 0
2114 -0.9350480947161662 -1.1875 0
2115 0.9214446643873719 -2.462499999999999 0
2116 0.942001693107833 -2.475 0
2117 0.9649519052838333 -2.462499999999999 0
2118 0.9418194253788079 -2.5 0
2119 -0.5875000000000005 -2.978349364905389 0
2120 -0.600000000000001 -2.957758007733722 0
2121 -0.5750000000000001 -2.957934554054212 0
2122 -0.6269698735818172 -2.956529539061616 0
2123 -0.6125000000000029 -2.935048094716168 0
2124 -0.5624999999999998 -2.978555335612628 0
2125 -0.5511341268502988 -2.957593817411539 0
2126 -0.5243484125645849 -2.9566529489688 0
2127 -0.5628977773757446 -2.935369715684501 0
2128 0.9783493649053882 -2.837499999999999 0
2129 0.957758007733722 -2.824999999999998 0
2130 0.9568752761312722 -2.799999999999996 0
2131 0.9350480947161685 -2.812499999999992 0
2132 0.9368452849077824 -2.785511256992949 0
2133 0.957319897934276 -2.775638438835817 0
2134 0.9579345540542121 -2.85 0
2135 0.9576958040190675 -2.874248079796885 0
2136 0.9359913039041472 -2.861627297335133 0
2137 0.9216506350946112 -2.737499999999999 0
2138 0.9407640372105184 -2.748349886640432 0
2139 -0.9565999983676553 -2.449948661936364 0
2140 -0.921650635094611 -1.437500000000001 0
2141 -0.9422419922662784 -1.450000000000001 0
2142 -0.9420654459457882 -1.475000000000001 0
2143 -0.9649519052838327 -1.462500000000002 0
2144 -0.9420654459457883 -1.425000000000001 0
2145 -0.9433012701892231 -1.400000000000001 0
2146 -0.9649519052838335 -1.412500000000001 0
2147 -0.1875000000000012 -1.078349364905389 0
2148 -0.2000000000000012 -1.057758007733721 0
2149 -0.2250000000000009 -1.057934554054213 0
2150 -0.2124999999999997 -1.035048094716167 0
2151 0.8124999999999997 -1.078561057021162 0
2152 0.7999999999999992 -1.05800498186879 0
2153 0.7749999999999995 -1.058181687117296 0
2154 0.7874999999999985 -1.035048094716167 0
2155 -0.9783493649053892 -2.2625 0
2156 -0.9577580077337219 -2.25 0
2157 -0.9579345540542124 -2.224999999999999 0
2158 -0.9350480947161676 -2.237499999999998 0
2159 -0.9579345540542121 -2.275 0
2160 -0.9564305530698396 -2.302599319842601 0
2161 -0.9350480947161676 -2.2875 0
2162 -0.9783493649053892 -2.1375 0
2163 -0.9577580077337219 -2.125 0
2164 -0.9565295390616162 -2.098030126418184 0
2165 -0.9350480947161678 -2.112499999999997 0
2166 -0.9579345540542122 -2.15 0
2167 -0.9569047005180172 -2.174999999999999 0
2168 -0.9380394523656308 -2.158333333333334 0
2169 -0.9350410307366808 -2.186904761904763 0
2170 -0.9783836933565958 -2.1875 0
2171 0.9783493649053892 -2.1125 0
2172 0.9577580077337219 -2.125 0
2173 0.9568752761312691 -2.150000000000001 0
2174 0.9350480947161677 -2.137500000000002 0
2175 0.9362839145049401 -2.163879707935068 0
2176 0.9564557733363868 -2.177796420976182 0
2177 0.9579345540542122 -2.1 0
2178 0.9569047005180171 -2.075 0
2179 0.9380394523656308 -2.091666666666666 0
2180 0.9346200740334292 -2.064461321540429 0
2181 0.9783836933565953 -2.0625 0
2182 0.9573222313323778 -2.051461013773704 0
2183 0.9566987298107786 -2.024999999999999 0
2184 0.979585189148823 -2.2375 0
2185 0.9566987298107782 -2.225 0
2186 0.9215327298357838 -2.5125 0
2187 0.964951905283833 -2.5125 0
2188 0.9216506350946103 -2.6125 0
2189 -0.9216506350946096 -2.762500000000001 0
2190 -0.9216506350946083 -2.587500000000002 0
2191 -0.3125000000000006 -2.978349364905388 0
2192 -0.3250000000000017 -2.957758007733721 0
2193 -0.350000000000001 -2.95687527613127 0
2194 -0.3375000000000024 -2.935048094716167 0
2195 -0.3644887430070479 -2.93684528490778 0
2196 -0.3780419291584055 -2.956592499703261 0
2197 -0.3000000000000014 -2.957934554054211 0
2198 -0.275000000000001 -2.956698729810777 0
2199 -0.2875000000000009 -2.935048094716166 0
2200 -0.4874999999999999 -2.979408642828333 0
2201 -0.4769698735818158 -2.956529539061616 0
2202 -0.4476820906690865 -2.956229836642326 0
2203 -0.4624999999999985 -2.935048094716167 0
2204 -0.6875000000000007 -1.078349364905389 0
2205 -0.7000000000000004 -1.057758007733722 0
2206 -0.6750000000000003 -1.057934554054211 0
2207 -0.6136341268502992 -1.078720923208385 0
2208 -0.6249999999999996 -1.056698729810778 0
2209 -0.6499999999999999 -1.056904700518016 0
2210 -0.6361202920649323 -1.036286416578643 0
2211 -0.662302898866419 -1.034967143373316 0
2212 -0.6625000000000002 -1.078589664063834 0
2213 -0.2875000000000008 -1.078349364905389 0
2214 -0.2750000000000001 -1.056698729810779 0
2215 -0.3000000000000004 -1.056698729810778 0
2216 -0.2862464807594839 -1.034277175749919 0
2217 -0.2581244134599144 -1.037670666712811 0
2218 0.6874999999999988 -2.92165063509461 0
2219 0.7011341268502963 -2.942646481746906 0
2220 0.674348412564583 -2.943381379482406 0
2221 0.7251890211417141 -2.942132860859229 0
2222 0.7129048064834682 -2.96464172724374 0
2223 0.5625000000000011 -2.921650635094612 0
2224 0.5750000000000015 -2.942241992266279 0
2225 0.5500000000000004 -2.942065445945789 0
2226 0.6000000000000012 -2.942065445945788 0
2227 0.5875000000000022 -2.964951905283833 0
2228 0.5375000000000001 -2.921444664387373 0
2229 0.5249999999999991 -2.943060971030777 0
2230 0.4974006801573987 -2.943711664799444 0
2231 0.5374999999999985 -2.964951905283834 0
2232 0.5108992614660705 -2.963745561836239 0
2233 -0.9216506350946108 -1.712500000000001 0
2234 -0.9426464817469062 -1.7011341268503 0
2235 -0.943381379482406 -1.674348412564585 0
2236 -0.1374999999999978 -2.921650635094611 0
2237 -0.1499999999999978 -2.942241992266279 0
2238 -0.1749999999999984 -2.942065445945788 0
2239 -0.4123950922898685 -2.921770968993706 0
2240 -0.3999999999999994 -2.943301270189222 0
2241 -0.6620667800262339 -2.921724755604848 0
2242 -0.6760619235213394 -2.942658835165278 0
2243 -0.7001769872535576 -2.942134919762288 0
2244 -0.6879016739636493 -2.964642263193099 0
2245 -0.1261341268502969 -2.942469935426416 0
2246 -0.1001620181214707 -2.943646333253551 0
2247 -0.137897777375743 -2.964639220293011 0
2248 0.6124999999999999 -1.07852591122588 0
2249 -0.1874999999999984 -2.921444664387372 0
2250 -0.9783493649053892 -1.9875 0
2251 -0.9573535182530938 -2.0011341268503 0
2252 -0.9565876264782365 -1.975083434322525 0
2253 -0.9564882646248175 -2.027085600811439 0
2254 -0.9354399085309444 -2.012827095702427 0
2255 -0.9783031515165327 -1.362828312263636 0
2256 -0.9577503055022452 -1.350054718710605 0
2257 -0.9568739924260227 -1.3250091197851 0
2258 -0.9350480947161672 -1.337499999999999 0
2259 -0.9378283636430599 -1.308334853297516 0
2260 -0.9593208363350219 -1.373493737793275 0
2261 -0.9783493649053889 -1.2625 0
2262 -0.956698729810778 -1.25 0
2263 -0.9577580077337213 -1.274999999999999 0
2264 -0.937975699527676 -1.266666666666666 0
2265 -0.935002498801653 -1.238095238095239 0
2266 0.9795851891488231 -1.2375 0
2267 0.9566987298107786 -1.225 0
2268 0.9783493649053887 -1.487500000000001 0
2269 0.9577580077337214 -1.500000000000001 0
2270 0.9571027478152565 -1.524457691239763 0
2271 0.9350480947161678 -1.512500000000003 0
2272 0.9579345540542115 -1.475000000000001 0
2273 0.9579639784409599 -1.45 0
2274 0.9350480947161667 -1.462500000000001 0
2275 0.3374999999999985 -1.078349364905389 0
2276 0.3249999999999976 -1.056698729810778 0
2277 0.3011341268502964 -1.057353518253095 0
2278 0.3499999999999986 -1.057758007733721 0
2279 0.3402578230145405 -1.03571918017272 0
2280 0.3152319916441373 -1.037703880867765 0
2281 0.3624999999999989 -1.078525911225879 0
2282 0.3749999999999989 -1.05796397844096 0
2283 0.3988658731496995 -1.05756439302479 0
2284 0.3871022226242537 -1.0353697156845 0
2285 0.920328184178012 -1.26295963716909 0
2286 0.9433012701892219 -1.25 0
2287 0.9216506350946104 -1.712499999999999 0
2288 0.942646481746906 -1.701134126850299 0
2289 0.9433813794824064 -1.674348412564585 0
2290 0.9429148008398451 -1.724506894993852 0
2291 0.964951905283832 -1.712500000000001 0
2292 0.9216506350946105 -1.937499999999998 0
2293 0.9433012701892216 -1.949999999999998 0
2294 0.9426464817469055 -1.926134126850297 0
2295 0.9422419922662797 -1.974999999999997 0
2296 0.9649519052838332 -1.962499999999997 0
2297 0.921474088774121 -1.987499999999998 0
2298 0.9426049638297425 -2.00275782301454 0
2299 -0.9216506350946109 -1.912500000000002 0
2300 -0.9422419922662784 -1.900000000000002 0
2301 -0.9420654459457883 -1.875000000000002 0
2302 -0.9206047087205314 -1.662391402094098 0
2303 0.4123109788582826 -1.078493642107725 0
2304 0.9794952695014972 -1.66295963716909 0
2305 0.9596541239500116 -1.654134674955613 0
2306 0.9564617293217607 -1.626003052434063 0
2307 -0.9421328608592259 -1.725189021141718 0
2308 -0.9420472573779463 -1.750031503523621 0
2309 -0.9646417272437391 -1.712904806483473 0
2310 -0.9214416329593984 -1.762505250587271 0
2311 -0.9419981564418642 -1.775006125685149 0
2312 -0.9649519052838335 -1.762500000000002 0
2313 0.1113658731496994 -1.079004153347705 0
2314 0.09884063547191264 -1.057456209735555 0
2315 0.07480677257865148 -1.057884254387851 0
2316 0.08750000000000166 -1.035048094716167 0
2317 -0.487500000000001 -1.078349364905389 0
2318 -0.5000000000000018 -1.057758007733721 0
2319 -0.525000000000001 -1.056875276131269 0
2320 -0.5125000000000011 -1.035048094716167 0
2321 -0.5394887430070474 -1.036845284907778 0
2322 -0.5493615611641797 -1.05731989793427 0
2323 -0.4750000000000017 -1.057934554054211 0
2324 -0.4500000000000011 -1.057963978440959 0
2325 -0.4630952380952393 -1.036364462322568 0
2326 -0.4375000000000008 -1.078560239677086 0
2327 -0.425000000000001 -1.057314248452194 0
2328 0.01249999999999858 -1.078349364905389 0
2329 0.02499999999999925 -1.056698729810778 0
2330 -1.142315408930727e-15 -1.057758007733721 0
2331 0.01249999999999992 -1.035048094716167 0
2332 0.04166666666666612 -1.037799153207186 0
2333 0.6624999999999999 -1.078349364905389 0
2334 0.65 -1.057758007733721 0
2335 0.6250000000000002 -1.058140524761451 0
2336 0.6375000000000012 -1.035048094716167 0
2337 0.674999999999999 -1.057934554054212 0
2338 0.9205913571716674 -1.612499999999999 0
2339 0.943560810620371 -1.602742613047467 0
2340 0.9422852490048049 -1.575457102174579 0
2341 0.9649519052838333 -1.587500000000001 0
2342 -0.942065445945788 -1.925000000000002 0
2343 -0.9649519052838328 -1.912500000000002 0
2344 -0.9425890919250932 -1.952769742203476 0
2345 -0.1750000000000015 -1.057934554054212 0
2346 -0.1480301264181854 -1.056547553992278 0
2347 -0.1625000000000014 -1.035048094716167 0
2348 -0.4125000000000012 -1.078487097140909 0
2349 -0.4000000000000021 -1.057883549546544 0
2350 -0.3750000000000035 -1.056698729810777 0
2351 -0.3875000000000074 -1.035048094716168 0
2352 0.9216506350946148 -1.562499999999999 0
2353 0.9407712466669397 -1.551726297055331 0
2354 -0.7249999999999994 -1.058140524761452 0
2355 -0.7125000000000006 -1.035048094716167 0
2356 0.9785602396770857 -1.4375 0
2357 0.9580040283007017 -1.424999999999998 0
2358 0.9565546432011043 -1.398030126418183 0
2359 0.9350480947161676 -1.412499999999997 0
2360 0.1875000000000002 -1.021650635094611 0
2361 0.2000000000000007 -1.042241992266278 0
2362 0.225000000000001 -1.043124723868731 0
2363 0.2125000000000022 -1.064951905283832 0
2364 0.2388797079350683 -1.063716085495059 0
2365 0.2527964209761823 -1.043544226663613 0
2366 0.175 -1.042065445945788 0
2367 0.1499999999999998 -1.04203602155904 0
2368 0.162499999999999 -1.064951905283833 0
2369 0.4875000000000002 -1.021650635094611 0
2370 0.4750000000000002 -1.043301270189222 0
2371 0.4480301264181837 -1.043578550522358 0
2372 0.5 -1.042241992266278 0
2373 0.4640701007024324 -1.062497359143358 0
2374 0.4905047664251667 -1.063855833840307 0
2375 -0.06250000000000161 -1.078349364905389 0
2376 -0.05000000000000247 -1.056698729810778 0
2377 -0.07696987358181788 -1.056421449477642 0
2378 -0.06472325176678891 -1.036791257925204 0
2379 -0.03781760739525636 -1.034833292858443 0
2380 -0.02505293456587736 -1.057898753744591 0
2381 -0.9783493649053887 -2.6125 0
2382 -0.956698729810778 -2.625000000000001 0
2383 -0.9578671754832637 -2.598490422654557 0
2384 0.9637431941898129 -1.936283733925732 0
2385 -0.9217709689937045 -2.337604907710132 0
2386 -0.9433012701892215 -2.325000000000002 0
2387 -0.5125264171953234 -2.920578851008742 0
2388 -0.5000000000000003 -2.943301270189222 0
2389 -0.9214446643873722 -1.862500000000002 0
2390 -0.9420016931078333 -1.850000000000002 0
2391 -0.9649519052838337 -1.862500000000005 0
2392 -0.9213986157808494 -1.787501896045405 0
2393 -0.941982803422759 -1.800001336955094 0
2394 -0.9418056516249701 -1.825000222825851 0
2395 -0.9649519052838335 -1.812500000000004 0
2396 -0.9215204303902833 -1.837500009667235 0
2397 -0.921650635094611 -1.537500000000001 0
2398 -0.9422419922662782 -1.550000000000002 0
2399 -0.9431247238687287 -1.575000000000003 0
2400 -0.9649519052838326 -1.562500000000004 0
2401 -0.9631547150922193 -1.589488743007049 0
2402 -0.9434075002967386 -1.603041929158406 0
2403 -0.9420654459457883 -1.525000000000002 0
2404 -0.9418300508518009 -1.500000000000002 0
2405 -0.9649519052838339 -1.512500000000004 0
2406 -0.2378283122636348 -2.921696848483467 0
2407 -0.2250547187106044 -2.942249694497756 0
2408 -0.2484937377932738 -2.940679163664979 0
2409 -0.2000091197850996 -2.942885708415532 0
2410 -0.2152895861099192 -2.964148217640059 0
2411 -0.1851419921133169 -2.964081420436144 0
2412 -0.3375000000000002 -1.021743061872323 0
2413 -0.34842989929757 -1.040862128511699 0
2414 -0.3263084172520273 -1.040455604898779 0
2415 0.3374999999999997 -2.978349364905389 0
2416 0.3249999999999992 -2.957758007733722 0
2417 0.2974006801573988 -2.956405332166913 0
2418 0.3124999999999971 -2.935048094716168 0
2419 0.3499999999999999 -2.957934554054212 0
2420 0.3749999999999999 -2.957963978440961 0
2421 0.3625000000000002 -2.935048094716167 0
2422 -0.3636341268503008 -1.078720923208385 0
2423 -0.03750000000000017 -2.978349364905389 0
2424 -0.05000000000000055 -2.957758007733722 0
2425 -0.07762246528852577 -2.956454626890388 0
2426 -0.06250000000000258 -2.935048094716168 0
2427 -0.02499999999999999 -2.957934554054212 0
2428 0.002599319842600924 -2.95643055306984 0
2429 -0.01250000000000006 -2.935048094716167 0
2430 -0.9794952695014968 -1.66295963716909 0
2431 -0.9783493649053885 -1.6375 0
2432 -0.9578671754832631 -1.623490422654557 0
2433 -0.956576970289159 -1.64975692462689 0
2434 0.9783493649053892 -1.8375 0
2435 0.9577580077337216 -1.85 0
2436 0.9572961637358036 -1.825 0
2437 0.956529539061616 -1.876969873581816 0
2438 0.9350480947161676 -1.862500000000002 0
2439 0.9784489372262271 -1.8125 0
2440 -0.7125294978755934 -2.921456243356789 0
2441 -0.7613658731497008 -2.920995846652295 0
2442 -0.7493603511968169 -2.942931968780516 0
2443 -0.7249278060543288 -2.941953651670702 0
2444 -0.7375000000000053 -2.964951905283834 0
2445 -0.9203860341211479 -1.963421260869672 0
2446 -0.1125000000000001 -1.021798876115087 0
2447 -0.1250000000000001 -1.043301270189222 0
2448 -0.09839926146607267 -1.042130884958475 0
2449 0.9203592550518407 -2.013419274338179 0
2450 0.9783493649053886 -2.6375 0
2451 0.958417873188024 -2.622800212653877 0
2452 0.9563050053901733 -2.648423335021831 0
2453 -0.9213888734146263 -2.837553995645925 0
2454 -0.9426937130750337 -2.853689936825153 0
2455 0.9578741754413654 -1.8 0
2456 0.9579539153388197 -1.775 0
2457 0.9350480947161682 -1.787500000000002 0
2458 0.9783493649053893 -1.7625 0
2459 0.9592686140569993 -1.751650113359567 0
2460 0.699999999999999 -1.058140524761451 0
2461 0.6874999999999959 -1.035048094716167 0
2462 -0.01250000000000149 -1.078349364905389 0
2463 -0.2636605440456234 -2.978917427386314 0
2464 0.2628283122636378 -2.921696848483468 0
2465 0.2749780514579352 -2.943540109277505 0
2466 0.2489169337699629 -2.942693990493098 0
2467 0.2373742076722674 -2.9215571240434 0
2468 0.2247985235737051 -2.94212519380839 0
2469 0.2020497539289519 -2.940670450290631 0
2470 0.23709662912876 -2.96464320883234 0
2471 0.1125000000000014 -2.921650635094611 0
2472 0.1000000000000014 -2.943301270189221 0
2473 0.073030126418185 -2.943578550522358 0
2474 0.125000000000002 -2.943301270189221 0
2475 0.08907010070243374 -2.962497359143358 0
2476 0.1106783501170742 -2.962108007091967 0
2477 0.03717168773636546 -2.920637570560523 0
2478 0.02500000000000149 -2.943301270189222 0
2479 0.1624013636516568 -2.978518173237226 0
2480 0.1733651472382578 -2.958535925023262 0
2481 0.1516998829077614 -2.959593500188946 0
2482 -0.8129596371690901 -1.079520490404425 0
2483 -0.5873950922898692 -1.021770968993705 0
2484 -0.5984124146792122 -1.040866779698596 0
2485 -0.5763680311877459 -1.040554890765752 0
2486 0.66295963716909 -2.979495269501497 0
2487 0.9206375705605232 -2.212171687736363 0
2488 0.9429884512440257 -2.200230316015233 0
2489 0.9204687264715088 -2.237773593553029 0
2490 0.9433012701892215 -2.249999999999999 0
2491 0.4374999999999996 -2.92147408877412 0
2492 0.4499999999999989 -2.943301270189222 0
2493 0.4242106050040683 -2.942682779613123 0
2494 -0.9793639467048428 -2.312933219973767 0
2495 -0.9785844582249408 -1.11266793907769 0
2496 -0.9566987298107763 -1.1 0
2497 0.9795446964030914 -2.187966070162697 0
2498 0.4628283122636357 -2.979362429439476 0
2499 0.4749999999999999 -2.956698729810778 0
2500 -0.3113658731497012 -1.078720923208385 0
2501 0.9217988761150872 -1.3625 0
2502 0.9421365665186099 -1.348409102216891 0
2503 -0.9205913571716673 -2.637500000000001 0
2504 -0.9433012701892215 -2.649999999999999 0
2505 -0.9205494266219924 -2.461607142857144 0
2506 -0.9217988761150867 -2.062500000000002 0
2507 -0.9433012701892215 -2.050000000000003 0
2508 0.9783493649053892 -1.1125 0
2509 0.9795569906906294 -1.187828312263636 0
2510 -0.5123914020940972 -2.979577559008494 0
2511 0.920488931361415 -1.212066780026233 0
2512 0.9433012701892213 -1.200000000000002 0
2513 0.9206047087205317 -1.662391402094097 0
2514 0.9188995766035927 -1.808333333333333 0
2515 -0.4130952380952391 -1.021721451912052 0
2516 0.4124999999999999 -2.979408642828333 0
2517 0.2129242593037416 -2.978260644343778 0
2518 0.03749999999999994 -2.979408642828333 0
2519 0.05000000000000018 -2.956698729810778 0
2520 0.01293321997376671 -2.979540493025334 0
2521 -0.4272442640050666 -2.941569555050671 0
2522 -0.6500412320569714 -2.943425835406723 0
2523 0.6387107330451469 -2.979195137447056 0
2524 0.649999999999999 -2.956698729810778 0
2525 -0.9216389157257818 -2.563006988193068 0
2526 -0.9209958466522964 -1.3886341268503 0
2527 -0.9580028509707872 -2.199900793650793 0
2528 0.3874999999999997 -2.978736785997577 0
2529 -0.9792184802270791 -2.963726031161073 0
2530 0.4249999999999988 -1.056698729810779 0
2531 0.7624999999999997 -1.078467318429528 0
2532 -0.1371716877363655 -1.079383446858583 0
2533 0.06246779542977418 -1.078546952334901 0
2534 0.1374999999999996 -1.021650635094611 0
2535 0.126650113359566 -1.040729708759311 0
2536 0.7375000000000014 -2.921650635094617 0
2537 0.7483813901640517 -2.940745848642678 0
2538 -0.5373935935273637 -1.07848231731272 0
2539 -0.5612417322649578 -1.078846609963522 0
2540 0.9216617034535943 -2.587966070162697 0
2541 -0.9785602396770861 -1.212500000000001 0
2542 -0.2375000000000007 -1.078555335612629 0
2543 -0.437113681778181 -2.979330493966924 0
2544 -0.7374999999999994 -1.078465532613034 0
2545 0.979373565297339 -1.33784760013524 0
2546 0.4367120505672735 -1.020550943887359 0
2547 0.9796012619867073 -1.262391402094097 0
2548 0.978047900848884 -1.610632478707374 0
2549 -0.9789856361256142 -1.96364803257072 0
2550 -0.978378575341263 -1.312501519964183 0
2551 -0.2492707355766532 -1.058435402224942 0
2552 0.1889757525051256 -2.920840606808517 0
2553 -0.9753009192441263 -1.060686470102887 0
2554 -0.9795389757599671 -2.662171687736364 0
2555 -0.9793735652973391 -2.03784760013524 0
2556 -0.9788691249443786 -2.790257823014541 0
2557 0.9205047304985025 -2.362040362830909 0
2558 0.9753054197475014 -2.939310931530281 0
2559 -0.8621688768326515 -1.079360018063958 0
2560 0.4026450523008374 -2.95751755514537 0
2561 0.5125 -1.02147408877412 0
2562 0.6125000000000005 -2.921268118066881 0
2563 0.1363658731497019 -2.921279076791615 0
2564 0.06211696902575936 -2.920468726471509 0
2565 0.8902578230145403 -2.979020450361942 0
2566 -0.7874999999999983 -2.978349364905389 0
2567 -0.776572106350459 -2.95935890350798 0
2568 0.9789297796863373 -1.062517655705337 0
2569 0.9599336449599535 -1.049805256087785 0
2570 -0.9215331908187505 -1.487500000000001 0
2571 -0.9783493649053905 -2.2125 0
2572 0.9785375184626894 -2.163043748523147 0
2573 -0.9579964289816156 -1.225099206349207 0
2574 0.979004153347705 -2.013634126850299 0
2575 0.9795404930253332 -2.262066780026233 0
2576 -0.7868484125645853 -1.021730744387795 0
2577 -0.979362429439476 -2.737828312263636 0
2578 0.05065687244584795 -1.058447036149989 0
2579 0.2379660701626973 -1.021661703453594 0
2580 0.9794670710433038 -1.888287949432726 0
2581 0.5229166666666663 -1.040660492313531 0
2582 0.9440095397461497 -1.373890541053697 0
2583 0.9209314350940658 -1.736283688982009 0
2584 0.9212536802880207 -2.38742339380515 0
2585 0.9423845553436425 -2.372165570790609 0
2586 0.92165063509461 -1.912499999999998 0
2587 -0.088396714717178 -2.979454585681432 0
2588 0.2874999999999981 -1.07834936490539 0
2589 -0.9793804443701385 -2.087171687736364 0
2590 0.9790041533477051 -2.361365873149701 0
2591 0.9243103467589956 -1.058916191750652 0
2592 0.2626965263009242 -1.020227893449155 0
2593 -0.6382879494327267 -2.979467071043303 0
2594 0.4870667800262337 -2.920483209952881 0
2595 0.2866071428571426 -2.979446369894187 0
2596 -0.9584320110505473 -1.299307582174466 0
2597 0.5387509288389952 -1.0789771043111 0
2598 0.9790714896817848 -1.536275488356328 0
2599 0.9785893622893994 -2.887332060922311 0
2600 0.9566987298107781 -2.900000000000002 0
2601 -0.9416768912835289 -2.352119343487301 0
2602 -0.08782831226363759 -1.079362429439477 0
2603 0.9793846283933869 -1.387171687736364 0
2604 0.4135025610176438 -2.920863340502864 0
2605 0.2749999999999998 -1.056698729810781 0
2606 0.6277578230145422 -2.942398993122503 0
2607 0.8636836118006702 -2.921070358338405 0
2608 -0.08554665887955788 -2.921963125944515 0
2609 0.9434226197105635 -1.900060027175919 0
2610 -0.9783456019046917 -2.386953852914294 0
2611 -0.3630069881930678 -2.978361084274218 0
2612 -0.9421400762496286 -2.076600738533929 0
2613 -0.3874999999999998 -2.978349364905391 0
2614 0.7876064064726358 -2.978483190211155 0
2615 -0.9420804628426649 -2.748620292064934 0
2616 -0.9783493649053909 -2.3625 0
2617 0.9784823173127216 -2.787606406472634 0
2618 -0.8637245116436715 -2.92093616972751 0
2619 0.6623914020940971 -2.920428162400041 0
2620 0.920665477681905 -2.662066780026233 0
2621 -0.9216389157257807 -1.588006988193069 0
2622 -0.921650635094607 -1.612500000000001 0
2623 0.7637582677350419 -2.979130041140273 0
2624 0.9790431141414533 -2.763784684930363 0
2625 -0.9637968880597142 -2.980629695063542 0
2626 0.9606604831450545 -1.021966844849573 0
2627 -0.9639462041439415 -1.019345200593637 0
2628 0.9639462041439422 -2.980654799406364 0
2629 0.9582242662302836 -1.073043268745913 0
2630 0.9595614804704985 -2.922758334238595 0
2631 -0.9590829999440046 -2.923383459648903 0
2632 -0.9595542796650991 -1.077237508374473 0
2633 0.9362667098058934 -1.119635525114407 0
2634 -0.9368596188727082 -2.881312502905758 0
2635 0.9364520634618029 -2.901383808661499 0
2636 -0.9364520634618058 -1.098616191338506 0
2637 0.9383922073417513 -1.041721970472054 0
2638 -0.9611785628379852 -2.75308553308457 0
2639 0.9182139508894905 -2.79176842947259 0
2640 -0.6499858815497814 -2.963466923710047 0
2641 0.7917684294725911 -2.918214048192357 0
2642 -0.9604591820207388 -2.070717092114746 0
2643 0.2745116709230166 -1.036326775096661 0
2644 0.6745529476928576 -2.963653781866553 0
2645 -0.9817860491105099 -1.583231570527409 0
2646 -0.9180676834319244 -2.391476521565974 0
2647 -0.960216598789459 -2.345670393721613 0
2648 0.1000000000000015 -2.980246872840783 0
2649 -0.3582315705274077 -2.91821395088949 0
2650 -0.1000542115337838 -2.963358760224348 0
2651 -0.919753127159218 -2.700000000000001 0
2652 0.9802468728407829 -2.699999999999992 0
2653 0.4294759428841506 -2.960719001671646 0
2654 0.9634665955777859 -1.899987799419061 0
2655 0.9642705147188937 -1.374318471041649 0
2656 -0.7869872852401321 -1.042012389449714 0
2657 0.936687514139495 -2.025038509031083 0
2658 0.9366836130024986 -2.349981432189983 0
2659 -0.9396830864849899 -1.629381546073309 0
2660 0.4750000000000006 -1.080246872840783 0
2661 -0.9174440456127944 -1.314980339678276 0
2662 0.963161014330625 -1.249847962931736 0
2663 0.9368763117444608 -1.224913356005247 0
2664 -0.9365769758069816 -1.975061007398836 0
2665 -0.9634422311033699 -2.775007711224537 0
2666 -0.1042829078852553 -1.060436632719774 0
2667 0.8750116423108476 -2.963458410002596 0
2668 0.03501984126984117 -1.017440568179952 0
2669 0.3249999999999976 -1.019753127159217 0
2670 0.9363209972305186 -1.274552947692859 0
2671 -0.9635323467317504 -2.324740586707597 0
2672 0.6119125168232676 -2.957678633944437 0
2673 -0.891733375699413 -2.981816447071835 0
2674 0.9151196612828744 -1.786666666666666 0
2675 0.8133536858945173 -2.914982555600627 0
2676 0.4250183258029709 -1.036558654834048 0
2677 -0.2657284823698997 -1.018148907519049 0
2678 0.9358625428137799 -2.649078159041092 0
2679 -0.5244910591251781 -2.936361710842225 0
2680 0.9416765191005722 -2.837325459467024 0
2681 0.9149825361400539 -2.813353685894517 0
2682 0.9386954013075612 -1.815972222222222 0
2683 0.5749999999999982 -1.019753127159217 0
2684 0.9082315603099509 -1.017760093714335 0
2685 0.9630990345161158 -1.200459637169091 0
2686 -0.9817860491105106 -2.558231570527408 0
2687 -0.9152949675569511 -2.112500000000002 0
2688 -0.9397033797385934 -2.604422058635494 0
2689 0.9415429662537215 -1.437499999999999 0
2690 0.1385493360368241 -1.057698133780656 0
2691 -0.5874686351238508 -1.05664557870793 0
2692 0.2344535517087198 -1.082706807816371 0
2693 -0.9367424872354688 -2.449968445482851 0
2694 -0.05832358988657418 -1.018169146082773 0
2695 0.9847050324430483 -1.7125 0
2696 0.9820448761435122 -1.941923592823378 0
2697 0.9152949675569501 -1.162500000000001 0
2698 -0.3875000000000002 -1.015294967556952 0
2699 0.9847050324430496 -2.4125 0
2700 0.9182675215084368 -2.084354664701181 0
2701 -0.9183376809589788 -2.165873015873017 0
2702 -0.9369501092278874 -1.042355827112652 0
2703 -0.9152949675569508 -2.012500000000002 0
2704 0.1625092900208605 -2.943290292103007 0
2705 -0.941487877262976 -2.2625 0
2706 -0.9635943294075013 -2.049630058612286 0
2707 0.9423001890356546 -1.763549336036825 0
2708 0.9420861487928687 -2.113333333333333 0
2709 0.9152949675569512 -1.5125 0
2710 -0.0624999999999984 -2.915294967556952 0
2711 0.9172931921836291 -2.15945355170872 0
2712 0.9172016907281921 -2.290330282698723 0
2713 0.9152949675569497 -2.8625 0
2714 -0.8124999999999994 -2.915294967556951 0
2715 -0.9415354331144918 -2.212361111111111 0
2716 0.9576757463886652 -2.388072161937762 0
2717 -0.3374626166499434 -1.056630730557376 0
2718 0.9147983843988815 -2.136890710341743 0
2719 -0.9850174638599463 -1.561646314105483 0
2720 -0.6875 -2.98470503244305 0
2721 0.9152949675569508 -1.3125 0
2722 0.9152949675569508 -1.412499999999999 0
2723 0.9152949675569508 -1.862499999999999 0
2724 0.9148036941194975 -2.06281476185123 0
2725 0.3125000000000009 -2.915294967556952 0
2726 -0.6125000000000004 -2.915294967556952 0
2727 -0.2364790298073136 -1.042147870560549 0
2728 -0.7885399113052595 -2.942310027501841 0
2729 0.6130515646029085 -1.041663288495734 0
2730 0.4509608510295571 -2.963686159203302 0
2731 -0.4006083858316809 -2.96392937941034 0
2732 -0.1621079538978112 -2.958275488769322 0
2733 0.3868899626805261 -2.942310560586488 0
2734 0.836920999957615 -2.942294626739549 0
2735 -0.9420861487928687 -2.136666666666666 0
2736 -0.03750000000000032 -2.941487877262976 0
2737 0.9397830298701471 -1.646562923674726 0
2738 0.9584148587919392 -2.4875 0
2739 0.9368189496552115 -2.225035119460925 0
2740 -0.9125000000000002 -1.014398739473546 0
2741 -0.5332315705274078 -1.01821395088949 0
2742 -0.9850174638599466 -2.536646314105482 0
2743 -0.9847050324430494 -2.4875 0
2744 0.9856012605264542 -2.5625 0
2745 -0.9584297344541289 -1.487500000000002 0
2746 0.1624999999999983 -1.08470503244305 0
2747 0.2118907103417435 -1.085201615601119 0
2748 -0.8917257306602437 -1.018052474705206 0
2749 -0.9636363876491795 -1.674518222639557 0
2750 0.9364095124157115 -1.625061717831251 0
2751 -0.9847050324430497 -1.4625 0
2752 -0.1253969444079615 -1.063603653733049 0
2753 0.7875000000000012 -1.015294967556951 0
2754 0.9585121227370244 -2.537500000000001 0
2755 0.9395718197074685 -2.628849687948831 0
2756 0.9420896605175729 -1.838194444444445 0
2757 -0.9630738136131884 -2.649540362830909 0
2758 0.9614236154104108 -1.352863251816538 0
2759 -0.9415323272070012 -1.21263888888889 0
2760 -0.9585121227370241 -2.512500000000002 0
2761 0.213271878044221 -2.95791723458382 0
2762 -0.9146939438057935 -2.412434542749925 0
2763 -0.9152949675569508 -2.287500000000001 0
2764 -0.9152949675569507 -2.237500000000002 0
2765 -0.9150058693580543 -2.188055555555557 0
2766 -0.5002419376480997 -2.963093992011293 0
2767 -0.2875010179095136 -1.014870799739343 0
2768 -0.2125 -1.015294967556951 0
2769 -0.4126190476190502 -1.042674221376157 0
2770 -0.9363890744009743 -2.625884411727099 0
2771 0.0120039682539682 -1.014827859598146 0
2772 0.7375000000000002 -1.015294967556951 0
2773 -0.9847050324430495 -1.9125 0
2774 -0.9847050324430495 -1.7125 0
2775 -0.9148285550847146 -1.337996067935655 0
2776 0.02560650796327385 -2.963075937784701 0
2777 0.5118406710522234 -1.057486751930598 0
2778 -0.7125000000000009 -1.01529496755695 0
2779 0.9850692292665469 -1.963384718564675 0
2780 -0.9183206334968148 -1.259126984126985 0
2781 -0.1999999999999992 -2.980246872840783 0
2782 -0.6405229838706152 -1.017283852984921 0
2783 -0.5116463141054818 -1.014982536140054 0
2784 0.7124999999999978 -1.041529071404423 0
2785 -0.6874605797732841 -1.041471686994405 0
2786 -0.9585121227370245 -1.437500000000001 0
2787 0.9414878772629756 -1.487500000000001 0
2788 0.3629720091277583 -1.041692303425303 0
2789 0.941529950547537 -1.138800859976999 0
2790 0.6624999999999992 -1.041487877262976 0
2791 0.7624999999999984 -1.041572613139691 0
2792 -0.7375000000000006 -1.041564380668522 0
2793 -0.1875000000000007 -1.041487877262976 0
2794 0.1875000000000001 -1.058512122737024 0
2795 -0.9585121227370245 -1.887500000000002 0
2796 0.9630543973484378 -1.675000000000001 0
2797 0.8124999999999997 -1.04154413778023 0
2798 0.08750000000000001 -1.015294967556951 0
2799 -0.9847050324430492 -1.4125 0
2800 0.9847050324430492 -1.5875 0
2801 0.963075937784701 -2.249393492036726 0
2802 -0.01249999999999846 -2.915294967556951 0
2803 -0.8364730126126148 -2.942263714091022 0
2804 0.3625000000000008 -2.915294967556951 0
2805 -0.4624999999999994 -2.915294967556952 0
2806 -0.1625 -1.015294967556951 0
2807 -0.03672823945636612 -1.014930614807166 0
2808 0.3874999999999998 -1.015294967556951 0
2809 0.6374999999999998 -1.015294967556951 0
2810 0.6875000000000001 -1.01529496755695 0
2811 0.8866463120619905 -1.014891764705022 0
2812 -0.1375 -2.984705032443049 0
2813 0.06342606233823343 -1.04216583471116 0
2814 0.9585121227370245 -2.437499999999998 0
2815 -0.9585121227370245 -1.537500000000003 0
2816 0.957551636837116 -2.736870516748426 0
2817 -0.9584121040411721 -1.837500044565172 0
2818 0.5875000000000001 -2.984705032443049 0
2819 0.0494637566360623 -2.936936969510878 0
2820 -0.9847050324430497 -2.812499999999999 0
2821 -0.9577166537049548 -1.936914900661055 0
2822 -0.9584246231340267 -1.737625066229763 0
2823 -0.3366463141054815 -2.914982536140054 0
2824 -0.01257410839222699 -1.041437756829507 0
2825 0.9847050324430489 -2.5125 0
2826 -0.762500000000001 -1.01529496755695 0
2827 0.5167281891746474 -2.98191243068923 0
2828 -0.9847050324430493 -1.8125 0
2829 -0.9847050324430493 -1.7625 0
2830 0.9152949675569496 -1.4625 0
2831 -0.9152949675569493 -1.1375 0
2832 0.4743934920367263 -2.936957246384798 0
2833 -0.942728943409923 -1.28736182042773 0
2834 0.2749699755495697 -2.963263275116594 0
2835 0.9630192587245228 -2.200698561430823 0
2836 -0.8280884338848294 -1.061392008075899 0
2837 -0.7126012934543082 -2.958406420963063 0
2838 -0.5875795554751498 -2.941552201456643 0
2839 0.3374999999999994 -2.941487877262976 0
2840 0.9847050324430491 -2.4625 0
2841 0.9820568893129336 -2.583234972392209 0
2842 -0.9149947534786158 -1.236944444444445 0
2843 -0.9847050324430491 -1.8625 0
2844 -0.9152949675569509 -1.187499999999999 0
2845 0.6503995275346443 -2.936699724397479 0
2846 -0.6630651765474069 -1.01478032629057 0
2847 -0.9847050324430503 -1.5125 0
2848 -0.4208580703806691 -2.960451650027479 0
2849 0.7125000000000009 -2.984705032443051 0
2850 0.5383456378349293 -2.98504274017569 0
2851 -0.9584468270675359 -1.78750149252805 0
2852 -0.4351757369614525 -1.039798448632941 0
2853 -0.9422785622415762 -1.361479031086525 0
2854 -0.94167231561675 -1.162674540532974 0
2855 -0.7375000000000002 -2.98470503244305 0
2856 -0.5624999999999994 -2.915294967556951 0
2857 -0.4876190476190487 -1.041751150784256 0
2858 0.5625000000000006 -2.958512122737025 0
2859 -0.2369001866982184 -2.957532288699552 0
2860 0.9145329754606769 -2.312195539861114 0
2861 0.8625000000000009 -1.041493762140325 0
2862 0.9124999999999996 -2.98470503244305 0
2863 -0.2874999999999988 -2.91529496755695 0
2864 -0.4629859086491742 -1.015339848805523 0
2865 -0.9363793560143394 -1.650675657071777 0
2866 0.2375 -2.98470503244305 0
2867 0.9577551373499835 -1.986912516823266 0
2868 0.8375 -1.01529496755695 0
2869 -0.9580025877011432 -2.837079694057828 0
2870 -0.3125000000000011 -2.941487877262976 0
2871 0.9577396716882841 -1.563625519732589 0
2872 -0.9368381335310699 -2.957728329094582 0
2873 -0.9132916984987296 -2.985064342796948 0
2874 -0.8499424444473196 -1.063894238328531 0
2875 0.7365399969844313 -2.957669962515437 0
2876 0.9369816127515038 -2.957625984319509 0
2877 -0.9816987298107774 -2.981698729810778 0
2878 -0.9816987298107772 -1.018301270189223 0
2879 0.9816987298107773 -1.018301270189223 0
2880 0.9816987298107772 -2.981698729810777 0
2881 -0.9168110273389003 -2.884086553685356 0
2882 0.9166530622454897 -1.116429772356545 0
2883 -0.9578291628079587 -1.039946162080622 0
2884 -0.9580982330561916 -2.960087098850899 0
2885 0.9578371994211277 -2.960049197978604 0
2886 0.9410332867135675 -2.883921014094605 0
2887 -0.9410260807413023 -1.116078985905399 0
2888 0.9414939008615193 -2.767218450012752 0
2889 0.7672216646580203 -2.941492138471264 0
2890 -0.9605960659749379 -1.606573105846479 0
2891 -0.9392712919703715 -2.368606869131831 0
2892 -0.3818318411930783 -2.939544000608671 0
2893 0.9623633808348178 -2.669783380943036 0
2894 0.6281762145765911 -2.962864171846033 0
2895 -0.8672238242686972 -2.958529271107627 0
2896 0.9393725395353301 -1.181804761101797 0
2897 0.9592626790679222 -1.732368108179058 0
2898 0.9392073070488789 -2.268737257377063 0
2899 0.9402307976966489 -1.744189006599062 0
2900 0.06894072367162352 -2.961682479082841 0
2901 -0.9393725395353304 -2.031804761101796 0
2902 0.4029496362006152 -2.937004974188491 0
2903 -0.08145778557238922 -2.939278045201156 0
2904 0.4439407236716209 -1.06168247908284 0
2905 0.006407361565196949 -2.939176958350744 0
2906 -0.939176958350744 -2.306407361565197 0
2907 -0.937180130865496 -2.730202824421912 0
2908 -0.9405777125659862 -2.432989195608511 0
2909 -0.4443047611017926 -2.938976825370061 0
2910 0.5436162417707622 -1.039186696140626 0
2911 0.9407415052891515 -1.532370074647112 0
2912 -0.08124826674301981 -1.03935973762934 0
2913 0.9610231746299405 -1.605695238898206 0
2914 -0.937925330599878 -2.669219844443204 0
2915 0.9628225099592364 -2.371820721175615 0
2916 0.107319546989411 -1.040764240275496 0
2917 -0.8681645446489178 -1.039486271866755 0
2918 -0.9586350202133218 -1.690632678310492 0
2919 -0.3559971792386035 -1.059332780085397 0
2920 0.939135028765525 -1.331091088687684 0
2921 0.1191352109745804 -1.059797277472842 0
2922 -0.5577527660921613 -1.04147255938756 0
2923 0.4937372573770618 -2.960785335662969 0
2924 -0.1431952388982056 -1.039372539535328 0
2925 -0.6318047611017978 -2.939372539535331 0
2926 0.9838340794836202 -2.71664978452862 0
2927 -0.6059962042263178 -1.059334438192324 0
2928 0.2564854709940294 -1.060655036776716 0
2929 0.9394269089548652 -1.393629996828619 0
2930 0.959797259217555 -2.755843189139968 0
2931 0.939372539535329 -1.881804761101795 0
2932 0.3405515646029077 -1.015424588485309 0
2933 0.4563839774176908 -1.081616500723074 0
2934 0.1313200902975131 -2.960893473169806 0
2935 -0.9607983587884754 -2.468579803918896 0
2936 0.9585806577611919 -1.690648072485886 0
2937 -0.6176185344735605 -1.041041126682079 0
2938 -0.4818047611017965 -2.93937253953533 0
2939 -0.368202220767181 -1.040360609750633 0
2940 -0.9391586249998876 -2.093762742622936 0
2941 -0.9586422026535418 -2.790779932217875 0
2942 -0.5690899066230055 -1.059583647372875 0
2943 0.940630439301688 -2.042118312794764 0
2944 0.2935531563714818 -1.038225097833906 0
2945 0.9584296032338891 -1.91554470207711 0
2946 -0.8028022763190581 -1.036842844531991 0
2947 0.4091457197124759 -1.041464473681948 0
2948 -0.7566924421323661 -2.959534218983452 0
2949 -0.6658497068212568 -2.958612596483905 0
2950 -0.5406258397860697 -2.941421813592537 0
2951 0.08138397741769061 -2.981616500723074 0
2952 0.9413727839175543 -1.290624081164943 0
2953 0.9405762001688927 -2.332945629478071 0
2954 0.5905515646029079 -1.015424588485309 0
2955 0.8532403520293604 -2.937275678541922 0
2956 0.530911627908772 -1.059558759988853 0
2957 0.1940974701377844 -2.959776795867435 0
2958 -0.9605960659749397 -2.581573105846478 0
2959 -0.318974211054722 -1.059298211750966 0
2960 -0.9183144158189773 -2.71856400290869 0
2961 0.4916818274000997 -1.083783986705243 0
2962 0.2935871512992869 -2.939230362897083 0
2963 -0.9599768794803132 -1.393562599865224 0
2964 -0.9414177808249754 -1.990872697457727 0
2965 -0.3064023943018586 -1.039902143507704 0
2966 0.9391998806038424 -2.181289067437982 0
2967 -0.2166510873550644 -2.983825755819494 0
2968 -0.9183845258018357 -2.681385036535839 0
2969 0.6906396233211493 -2.958638499056796 0
2970 0.55637512777535 -1.018403142339989 0
2971 -0.7691186445738312 -2.94026933913641 0
2972 -0.2685625998652225 -2.940023120519686 0
2973 0.1440646013970663 -2.940688219055835 0
2974 -0.1845283984226632 -2.984535531636463 0
2975 -0.1159011913791672 -2.958596674828341 0
2976 0.9816777607925471 -2.681435226945291 0
2977 0.1186495243770671 -2.981566677082664 0
2978 0.3065481624775449 -1.018450348925645 0
2979 0.9609375674797377 -2.606251616995828 0
2980 -0.9628456746278575 -1.953183221951555 0
2981 0.1811813637565762 -2.940242339604326 0
2982 0.9628824698487197 -2.003160893337621 0
2983 -0.8557902385279859 -2.940164147691566 0
2984 0.8908070441479273 -2.958793475316343 0
2985 -0.2559073975782853 -2.959599822406026 0
2986 0.259140753378337 -2.958601941732784 0
2987 0.9597780780887183 -1.544197248901767 0
2988 -0.9403324708942653 -1.380855860505246 0
2989 0.7558023114220841 -2.959857292449999 0
2990 -0.9623725784501128 -2.853752988203757 0
2991 0.9434486867576898 -1.060357554241471 0
2992 -0.9198528422784753 -1.094587672534728 0
2993 0.9198528422784735 -2.905412327465272 0
2994 -0.4874646526710618 -0.1905961944122332 0
2995 0.4866952728319982 -0.02161489590637444 0
2996 -0.8602042769213987 -0.1887877248779475 0
2997 -0.6097662164227468 -0.1878156178577193 0
2998 0.6131683224544493 -0.01982599577655009 0
2999 0.8605205845479346 -0.02129393330362106 0
3000 -0.9894287969239728 -0.1892714884210172 0
3001 -0.7387428686827222 -0.1900226287359352 0
3002 0.7379990422906532 -0.01764599990519145 0
3003 0.9867807348048411 -0.0207271541791183 0
3004 -0.3852632984041118 -0.02384556670404869 0
3005 -0.2602013687149907 -0.02238277642938691 0
3006 -0.1378406545337482 -0.02254307324053784 0
3007 -0.01265724151324711 -0.02235671513816229 0
3008 0.1121845102672075 -0.02439899607758278 0
3009 0.2625113229185208 -0.02248027680247944 0
3010 0.3353950515406264 -0.1870425306775427 0
3011 0.4126764251179207 -0.02289127430148596 0
3012 0.1868855599862631 -0.02146507648559037 0
3013 -0.6614063964127157 -0.02161489590637444 0
3014 -0.5362427600386784 -0.02316104325658053 0
3015 -0.7862000561132279 -0.02161489590637444 0
3016 -0.9080884596759666 -0.02109557766150338 0
3017 -1.036233225187258 -0.02134755844722491 0
3018 0.6654553717796464 -0.1858355379839622 0
3019 0.7862000561132279 -0.1883851040936264 0
3020 0.03846451864314589 -0.1891158071474344 0
3021 -0.086791479109543 -0.1909150044605301 0
3022 -0.2116026333156405 -0.1883997535374426 0
3023 -0.3369428811913833 -0.1883851040936264 0
3024 0.5410341789796105 -0.1910223737103749 0
3025 0.9112973547627006 -0.1843716596285674 0
3026 1.036652979097174 -0.18804450362307 0
3027 -0.4612209211820206 -0.01890811247335478 0
3028 0.2100163227619497 -0.189395118475197 0
3029 0.1372860588265759 -0.1892176137543764 0
3030 0.4615765220285878 -0.1887186336741422 0
3031 -0.4091104243845285 -0.18641783650666 0
3032 0.3372317832846551 -0.02053562395997233 0
3033 1.058953067065745 -0.02323199892880012 0
3034 -1.061929978801872 -0.187126138299309 0
3035 1.094643027879147 -0.1830680609873099 0
3036 -1.097050827540491 -0.02975749122866311 0
3037 -0.8111587880533301 -0.1883851040936264 0
3038 0.987438801322477 -0.1891402580443025 0
3039 0.8343919738676605 -0.189622055244719 0
3040 0.08735556179035886 -0.1883851040936264 0
3041 -0.03986288064732865 -0.188267640210352 0
3042 -0.1618490860654981 -0.1862243883896273 0
3043 -0.2893362540480396 -0.1854598189992149 0
3044 -0.6643623948452794 -0.1845948116732465 0
3045 0.2631942757499441 -0.1871103660290547 0
3046 0.4112770085579847 -0.1919239318289794 0
3047 0.7122423367436311 -0.189349978365378 0
3048 0.5820148993957912 -0.1907926517460652 0
3049 -0.5615714686523054 -0.1883851040936264 0
3050 -0.9349853573327437 -0.1902264562703078 0
3051 0.811288414911982 -0.02177961209323165 0
3052 -0.9871288769273063 -0.0206086881966705 0
3053 -0.8360442801381774 -0.02077576576674112 0
3054 0.660032278163347 -0.02258962793574781 0
3055 -0.3150084369751339 -0.01916761437363235 0
3056 -0.1871904895507688 -0.02161489590637444 0
3057 -0.05964916792147433 -0.02209055468203402 0
3058 0.06239682985025596 -0.02161489590637444 0
3059 -0.7121569455621654 -0.01916415713578346 0
3060 -0.5877351367096724 -0.02145023279094715 0
3061 0.5637124853255766 -0.0227040280101658 0
3062 0.9388666074121628 -0.02147195884353792 0
3063 1.146917699470598 -0.04967079975663147 0
3064 -1.136452097302317 -0.1648064701537901 0
3065 -1.196161530680485 -0.05772786151016618 0
3066 1.20534769918195 -0.1558074760838934 0
3067 1.301073285095073 -0.06675617343641704 0
3068 -1.30110022010314 -0.1432468958001394 0
3069 -1.188620527597346 -0.1615062800540983 0
3070 1.19067045615289 -0.04953395868823485 0
3071 1.139313642469074 -0.1655663434773516 0
3072 1.113987145097666 -0.1320312749072272 0
3073 1.06482583901192 -0.1431084461365852 0
3074 1.083512787095221 -0.1157112830758624 0
3075 1.050404222982741 -0.1178016456021318 0
3076 1.058141816934118 -0.08776726468300389 0
3077 1.032138100745674 -0.0948353339301331 0
3078 1.02380480840956 -0.1207743740381524 0
3079 1.006976938154676 -0.1003083472275836 0
3080 0.9981775058412332 -0.1236500917432046 0
3081 0.9821724335357144 -0.1044531316087731 0
3082 0.9733421850055751 -0.1275228143423952 0
3083 0.9575018439225591 -0.1084774021011405 0
3084 0.9662784815064641 -0.08514571049565944 0
3085 0.9416361600532097 -0.08920470893370513 0
3086 0.9328399612901174 -0.1126013624509987 0
3087 0.9169754953184031 -0.09328795421946978 0
3088 0.9081763498480639 -0.1166886865596553 0
3089 0.8923114750302867 -0.09736911922919234 0
3090 0.8835117635685747 -0.1207695101416331 0
3091 0.8676467261410212 -0.1014488596606675 0
3092 0.8588469031933632 -0.1248490482941342 0
3093 0.8429818100956084 -0.1055281483640282 0
3094 0.8341819543944158 -0.1289282438202903 0
3095 0.8183168514266931 -0.1096073046968264 0
3096 0.9011113757530735 -0.07396930400371815 0
3097 0.8271167212562271 -0.0862072552051778 0
3098 0.802451751617562 -0.09028637569325326 0
3099 0.7936518819459246 -0.1136864257445467 0
3100 0.7777867805692298 -0.09436549157738128 0
3101 0.7689869107080367 -0.1177655410102414 0
3102 0.7531218089930543 -0.098444605730581 0
3103 0.7443219390208695 -0.1218446547987266 0
3104 0.7284568372541247 -0.1025237193489978 0
3105 0.7196569672326673 -0.1259237682553458 0
3106 0.7037918654713762 -0.1066028328230324 0
3107 0.7125917355016338 -0.0832027839463958 0
3108 0.6879267637107922 -0.08728189739413317 0
3109 0.6791268936809598 -0.1106819462720381 0
3110 0.6632617919189485 -0.09136101083847414 0
3111 0.6544619218889287 -0.1147610597160984 0
3112 0.6385968201266687 -0.09544012428147397 0
3113 0.6297969500964516 -0.118840173158679 0
3114 0.6139318483342455 -0.09951923772395155 0
3115 0.6051319783039223 -0.122919286601114 0
3116 0.5892668765418306 -0.1035983511662657 0
3117 0.5804670065113445 -0.126998400043437 0
3118 0.5646019047493349 -0.1076774646085177 0
3119 0.6209970800661631 -0.1422402220360155 0
3120 0.5558020347188429 -0.1310775134855646 0
3121 0.5399369329567366 -0.1117565780507004 0
3122 0.5487368029872246 -0.08835652917362147 0
3123 0.5240718311946356 -0.09243564261580062 0
3124 0.5152719611640931 -0.1158356914927516 0
3125 0.4994068594022224 -0.09651475605777549 0
3126 0.4906069893715402 -0.1199148049348562 0
3127 0.4747418876096121 -0.100593869499674 0
3128 0.4659420175788773 -0.1239939183767653 0
3129 0.4500769158170069 -0.1046729829416133 0
3130 0.4588767858475832 -0.08127293406462144 0
3131 0.4342118140550184 -0.08535204750675085 0
3132 0.4254119440245424 -0.1087520963837143 0
3133 0.4095468422625083 -0.08943116094893 0
3134 0.4007469722321746 -0.112831209825984 0
3135 0.3848818704699623 -0.09351027439128679 0
3136 0.3760820004397318 -0.1169103232683373 0
3137 0.3602168986774771 -0.09758938783365601 0
3138 0.3514170286472983 -0.1209894367107989 0
3139 0.3355519268849328 -0.1016685012761087 0
3140 0.3267520568548625 -0.125068550153264 0
3141 0.3108869550924843 -0.1057476147185881 0
3142 0.302087085062449 -0.1291476635957878 0
3143 0.286221983300017 -0.1098267281610852 0
3144 0.2950218533300198 -0.08642667928390857 0
3145 0.2703568815376203 -0.09050579272655845 0
3146 0.2615570115074706 -0.1139058416035077 0
3147 0.2456919097452601 -0.09458490616888682 0
3148 0.2368096315164204 -0.1189022469407881 0
3149 0.2210132032530679 -0.09881690159346235 0
3150 0.2120611218426411 -0.1231343332193298 0
3151 0.196332019363733 -0.1029469908388787 0
3152 0.1875620961299977 -0.126143181930475 0
3153 0.1716920032350066 -0.106856222793283 0
3154 0.2299554936134813 -0.07608140953289677 0
3155 0.1628962924820521 -0.130227958089062 0
3156 0.1470310520772417 -0.1109079664404042 0
3157 0.1558308990003334 -0.08750807486094736 0
3158 0.1311669208129106 -0.0915804245034586 0
3159 0.1223668890330938 -0.114981574464224 0
3160 0.1065019220621773 -0.09565972145985846 0
3161 0.09770204753884085 -0.1190598009226065 0
3162 0.08183697226120243 -0.099738685198977 0
3163 0.07303710112796699 -0.1231387415836735 0
3164 0.05717200412171874 -0.1038177737745265 0
3165 0.04837213417449147 -0.1272178220845159 0
3166 0.03250703364302064 -0.1078968782725713 0
3167 0.02370716340723713 -0.131296928545531 0
3168 0.007842061816196629 -0.1119759919470589 0
3169 0.01664193187546225 -0.08857594287644943 0
3170 -0.00802303991802512 -0.09265505632472326 0
3171 -0.01682290994893918 -0.1160551052026531 0
3172 -0.0326880117040135 -0.09673416972150228 0
3173 -0.0414878817357827 -0.1201342186062657 0
3174 -0.05735298349682212 -0.100813283164797 0
3175 -0.06615285352750211 -0.124213332042082 0
3176 -0.0820179552893005 -0.1048923966060009 0
3177 -0.09081782531970235 -0.1282924454824759 0
3178 -0.1066829270816989 -0.1089715100476205 0
3179 -0.0978830570512686 -0.08557146117066416 0
3180 -0.1225480288438954 -0.08965057461272607 0
3181 -0.131347898874224 -0.1130506234897695 0
3182 -0.1472130006365197 -0.09372968805496029 0
3183 -0.15601287066674 -0.1171297369320605 0
3184 -0.1718779724289572 -0.0978088014972851 0
3185 -0.180677842459279 -0.1212088503742734 0
3186 -0.196542944221331 -0.1018879149394145 0
3187 -0.205342814251782 -0.125287963816394 0
3188 -0.2212079160137769 -0.1059670283814604 0
3189 -0.2300077860443335 -0.1293670772584221 0
3190 -0.2458728878062629 -0.1100461418234246 0
3191 -0.2124080459832811 -0.08256697950445968 0
3192 -0.2546727578369259 -0.1334461907003579 0
3193 -0.2705378595988389 -0.1141252552652556 0
3194 -0.2617379895680814 -0.09072520638836323 0
3195 -0.2864029613606626 -0.09480431983018001 0
3196 -0.2952028313914421 -0.1182043687070404 0
3197 -0.3110679331531967 -0.09888343327190086 0
3198 -0.3198630364118613 -0.1222795679839983 0
3199 -0.3357321104837945 -0.1029618943528803 0
3200 -0.3445134520157372 -0.1263745184756395 0
3201 -0.3603945238346073 -0.1070435385762352 0
3202 -0.3515973154799521 -0.08364181562195228 0
3203 -0.37626230447842 -0.08772107184799438 0
3204 -0.3850621773767443 -0.1111211445221159 0
3205 -0.4009277260968889 -0.0917999578378641 0
3206 -0.4097276710986584 -0.1151999688060421 0
3207 -0.4255928598485373 -0.09587898517780857 0
3208 -0.4343927568726782 -0.1192790197045337 0
3209 -0.4502578776311495 -0.09995807384537159 0
3210 -0.4590577553272476 -0.1233581185932131 0
3211 -0.4749228615324384 -0.1040371807325524 0
3212 -0.4837227335816031 -0.1274372285168521 0
3213 -0.4995878364201476 -0.1081162924953922 0
3214 -0.508387706966826 -0.1315163410924765 0
3215 -0.5242528089940798 -0.1121954055130594 0
3216 -0.4907879674322326 -0.08471624305227543 0
3217 -0.41679300431563 -0.07247892826888425 0
3218 0.3672821304095817 -0.140310372145418 0
3219 1.014947214472733 -0.07679669093770869 0
3220 0.3690167687075739 -0.07418933895645452 0
3221 0.09053819196375265 -0.07538151246788338 0
3222 0.5980667465721847 -0.08019830228917257 0
3223 -0.5330526791549707 -0.1355954543193079 0
3224 -0.5489177809828663 -0.1162745188484635 0
3225 -0.5401179109632158 -0.09287446996551196 0
3226 -0.5647828827902434 -0.09695358338895232 0
3227 -0.5735827528265787 -0.1203536322627183 0
3228 -0.5894478545971442 -0.1010326968234292 0
3229 -0.5982477246300066 -0.1244327456991012 0
3230 -0.6141128263940399 -0.1051118102633382 0
3231 -0.6225224244103698 -0.1281913930191276 0
3232 -0.6383224808370641 -0.1088170465639315 0
3233 -0.6299020419321252 -0.08572856197107015 0
3234 -0.6545543660205833 -0.08979728993685754 0
3235 -0.6618527557612528 -0.1134451844408755 0
3236 -0.6790281137178253 -0.09396617653886707 0
3237 -0.6866870127411945 -0.1179512302697354 0
3238 -0.7036894290257557 -0.09813140757237981 0
3239 -0.7124886896418552 -0.1215458093812813 0
3240 -0.7285432422554928 -0.102144118224782 0
3241 -0.7373745858584944 -0.1255330999703155 0
3242 -0.753276508358167 -0.1061968607266675 0
3243 -0.7444827751175407 -0.08279426121470657 0
3244 -0.7691601520934169 -0.08686855439445296 0
3245 -0.7779620896540026 -0.1102677998946113 0
3246 -0.793830626333724 -0.09094550208075347 0
3247 -0.8026314134383813 -0.1143451899985557 0
3248 -0.818497240532837 -0.09502396734072605 0
3249 -0.8272973842973413 -0.1184239081875127 0
3250 -0.8431626525708219 -0.099102906877226 0
3251 -0.8519625959751422 -0.1225029267702151 0
3252 -0.8678277377184319 -0.1031819755256578 0
3253 -0.8766276266409442 -0.12658201693732 0
3254 -0.8924927382156385 -0.1072610776234306 0
3255 -0.9012926130296846 -0.1306611246099472 0
3256 -0.9171577172249151 -0.1113401882137097 0
3257 -0.8836928698211152 -0.08386102809958018 0
3258 -0.7867664645217614 -0.1336660652734381 0
3259 -0.6955143859862818 -0.1414391796317656 0
3260 0.532871701224925 -0.06903559373886736 0
3261 0.8747120027848014 -0.1441699718341223 0
3262 -0.9259575884576622 -0.1347402366154746 0
3263 -0.9418226908260969 -0.1154193009415678 0
3264 -0.9330228208973593 -0.09201925202440719 0
3265 -0.9576877930080947 -0.09609836534138338 0
3266 -0.9664876630909159 -0.119498414197647 0
3267 -0.9823527649322893 -0.1001774787320642 0
3268 -0.9911526349840122 -0.1235775276005171 0
3269 -1.007017736763424 -0.1042565921596488 0
3270 -1.015817606799443 -0.127656641034271 0
3271 -1.031682708566108 -0.1083357055986465 0
3272 -0.9488879230482812 -0.07269831643646363 0
3273 -1.022882838537166 -0.08493565672103642 0
3274 -1.047000335235746 -0.08922065476272678 0
3275 -1.056347680361947 -0.1124148190403247 0
3276 -1.076175045445545 -0.08624131356934939 0
3277 -0.1400211366839119 -0.1373302636465805 0
3278 0.7619216790312501 -0.07504455687915623 0
3279 -0.393862581831924 -0.1345208979230019 0
3280 0.5064720911335943 -0.1392357403700313 0
3281 -0.1630781023989408 -0.07440875262023283 0
3282 -0.5560623423162682 -0.07307385648124054 0
3283 0.696726633741196 -0.06388184851799217 0
3284 -0.809697491391448 -0.07162387059297792 0
3285 -0.4431926548432057 -0.1426790533403715 0
3286 -0.04848776156015649 -0.07780839439689302 0
3287 0.4166120739942729 -0.1321521452607275 0
3288 0.6703270236512711 -0.1340819951505843 0
3289 0.1135671485523718 -0.1383807414548439 0
3290 0.9240414441451428 -0.1360096884212645 0
3291 0.1399666252422058 -0.06818150292644276 0
3292 -0.6949637381803158 -0.07534583240650861 0
3293 0.7601870407704518 -0.1411655901928395 0
3294 -0.3022680631223741 -0.07548338439501556 0
3295 0.6474349632080926 -0.0722714991550788 0
3296 0.178694573392181 -0.1495187851168751 0
3297 -0.8360975064418927 -0.1418238573741348 0
3298 0.4430116840855627 -0.0619519986297199 0
3299 -0.1895481940654656 -0.1441827218224851 0
3300 -0.5314784231951601 -0.06951531351030837 0
3301 -0.9242081229739354 -0.06870886449128477 0
3302 0.2527571414769533 -0.1373058904805866 0
3303 -0.02562277997424802 -0.1394551540425848 0
3304 -0.1137481588135407 -0.06625052573573953 0
3305 1.013429284704708 -0.1440629421614315 0
3306 -0.7603579711352714 -0.06349993654440311 0
3307 -0.3039971401878773 -0.1415998510584693 0
3308 -0.5823826228684663 -0.1437536811336564 0
3309 0.0007768301174851406 -0.06925500741652257 0
3310 0.02544180191214786 -0.06517589396095147 0
3311 0.1647022281814783 -0.06452982608643509 0
3312 -0.08898714492218734 -0.06275214526055883 0
3313 0.2791567515675029 -0.06710574384949908 0
3314 0.3038217233598803 -0.06302663040663958 0
3315 0.0642176220433785 -0.1464201589915319 0
3316 0.5576027583541446 -0.0653560752049227 0
3317 -0.9753297593338377 -0.1426431365279992 0
3318 -0.5175955239713117 -0.1547629765297724 0
3319 -0.9102695420395337 -0.1529905814644437 0
3320 -0.6458156265599713 -0.06644743752765692 0
3321 -0.6211608431958444 -0.06237669016408276 0
3322 -0.3674431681041233 -0.06443996430517096 0
3323 -0.3427946980777521 -0.06026147786924696 0
3324 0.9504414790448612 -0.06581163758202635 0
3325 -0.9405920764750718 -0.0485411524227839 0
3326 -0.2388912932596984 -0.1522614013419741 0
3327 -0.7355780944324815 -0.06011852249970318 0
3328 0.8112721826244901 -0.06701065094951097 0
3329 0.8360190990977722 -0.06342702817380896 0
3330 0.1503551518219545 -0.04501931704675499 0
3331 0.3178910345822721 -0.1480988328154051 0
3332 0.2932770229920385 -0.1524860847704499 0
3333 -1.08562991396375 -0.1183823222414411 0
3334 -1.105011192210204 -0.09386032550811407 0
3335 -1.036355380700062 -0.06555245780227992 0
3336 -1.014082968510474 -0.06153560784256484 0
3337 -0.07506314803953107 -0.1469456827140529 0
3338 -0.09961769535081305 -0.1516924943590823 0
3339 0.977734067810748 -0.06017717991835525 0
3340 0.7207263216081677 -0.06034902317938773 0
3341 -0.1019542473717526 -0.04334067994028246 0
3342 0.4670699043451761 -0.05837111027842212 0
3343 0.7042222448854738 -0.04109927507784228 0
3344 0.5715732289275154 -0.1498306228023178 0
3345 -0.7492273782253227 -0.04148176659641756 0
3346 -0.9646639981609386 -0.05429745083060311 0
3347 -0.2636853394499126 -0.1555600470611012 0
3348 0.1548784096128336 -0.1529684070569584 0
3349 0.4513294039035583 -0.03992787726931191 0
3350 1.086851928097579 -0.0820969531599669 0
3351 0.1709029777700367 -0.1717800158043836 0
3352 0.5467672744161738 -0.1530572630703126 0
3353 -1.066159700063087 -0.1402519079481692 0
3354 -0.3587562169867538 -0.03885628804734154 0
3355 -0.5417249799296009 -0.1577687590108496 0
3356 0.2871188078723843 -0.04361332941891227 0
3357 0.3090729136873305 -0.1738833417612309 0
3358 -0.2495388839261852 -0.171798598571554 0
3359 -0.6384596472255104 -0.04289051933499266 0
3360 0.009576700150508283 -0.04585495852570354 0
3361 0.03240099906938326 -0.04211981172398893 0
3362 0.04982939029762905 -0.06100366519697431 0
3363 0.5438051476901876 -0.04215174236025909 0
3364 0.5170065994626464 -0.04971465830446498 0
3365 0.9580460998626472 -0.04232743150089746 0
3366 -0.5275270674223826 -0.1741882407055453 0
3367 -0.934873353239563 -0.157439516769232 0
3368 -0.9559531548958435 -0.02997733207960174 0
3369 -0.6117265046688916 -0.03798370709139931 0
3370 -0.596604648209238 -0.0586427905516711 0
3371 -0.01681602412846994 -0.0501622127395418 0
3372 -0.5466995428325387 -0.04862940504113133 0
3373 -0.5216919285241475 -0.04580579168003496 0
3374 -0.03591878367529475 -0.03423378381495468 0
3375 0.1252811789446598 -0.04781850132411947 0
3376 0.6800482084591866 -0.0443635619265379 0
3377 0.3126215933896473 -0.03962658152926402 0
3378 0.3286519055991574 -0.05994648673096847 0
3379 1.162020111023424 -0.1070684491685938 0
3380 -1.138253637939249 -0.03785195801619068 0
3381 -1.166510992391437 -0.1165021940695397 0
3382 -1.091753003768252 -0.1840806457319069 0
3383 1.089227230254919 -0.02539903946104083 0
3384 0.560973814839132 -0.1735665684780745 0
3385 -0.5649428539055678 -0.02648465968772484 0
3386 1.067371680045978 -0.05454306324899605 0
3387 1.039081429071802 -0.04132277492670333 0
3388 -0.1287832745442272 -0.04658842348051628 0
3389 -0.5108245733145274 -0.02283062153169979 0
3390 -0.4969029994891401 -0.04303099199050209 0
3391 0.2606239000818571 -0.0494520082257317 0
3392 0.2433792464566578 -0.03631115013592279 0
3393 -0.3299585260524959 -0.03849951767673332 0
3394 1.038227707881731 -0.1429248321314418 0
3395 0.5251837259952371 -0.02620099832884648 0
3396 1.063202868180857 -0.1875898491750743 0
3397 -1.063482105826201 -0.02494487749012819 0
3398 -1.074499565483827 -0.0541903661557317 0
3399 0.194450033287271 -0.168863106149086 0
3400 -1.036743179737943 -0.1889938967293219 0
3401 0.4273369218322583 -0.0430216006141233 0
3402 -0.6641794872701405 -0.04850697931047243 0
3403 -0.6808553298990075 -0.03529973861026292 0
3404 0.2842383745961236 -0.1730545225886111 0
3405 1.026203484081078 -0.1651785827071883 0
3406 1.001076020731649 -0.1665615601531947 0
3407 -0.5722354800755342 -0.05421012758733568 0
3408 0.2051760035464125 -0.07953878060392405 0
3409 0.2140718621996116 -0.05846926787311979 0
3410 -0.8590278730197325 -0.07978192453993316 0
3411 -0.8748930009523888 -0.06046097876313539 0
3412 -0.8511414577921791 -0.05713191356238312 0
3413 -0.8677900084890608 -0.03819983727522924 0
3414 -0.8919497573581032 -0.04150033517635876 0
3415 0.3443793319894843 -0.07843494736012069 0
3416 0.3533490016452026 -0.05606161740981364 0
3417 0.3778495278541366 -0.05098815906032961 0
3418 0.3592043770908713 -0.03496261366337272 0
3419 0.3839763205525162 -0.02411599676027265 0
3420 0.1894997266733806 -0.06157835060706418 0
3421 -0.6707036993017664 -0.0715795937751178 0
3422 -0.8855183638966735 -0.1494327095378942 0
3423 -0.8973100306802517 -0.17041557898097 0
3424 0.4023112746916541 -0.04619306138695478 0
3425 0.2686222432401263 -0.1566268259155006 0
3426 0.2442965602069594 -0.1652732698313315 0
3427 0.2276255738662519 -0.1439262737942428 0
3428 0.7355220689942175 -0.1452447036890021 0
3429 0.750339921026359 -0.1651296725225517 0
3430 0.7107536227290351 -0.1486981431904137 0
3431 0.7774595558706711 -0.164475106457056 0
3432 0.7244294870081475 -0.1679154185479614 0
3433 -0.4414580028097934 -0.07655802748803886 0
3434 -0.4320454072065045 -0.0533883998623601 0
3435 -0.4565882392921439 -0.05797338413964859 0
3436 -0.4057401011995958 -0.04462148574402214 0
3437 -0.4238582837842787 -0.02975791841518927 0
3438 -0.8114324266600232 -0.137744786675178 0
3439 -0.7945260131734222 -0.15621072397985 0
3440 -0.7707544240763238 -0.1528344741639955 0
3441 -0.7782522405426288 -0.1747074612983628 0
3442 0.7865900773126226 -0.0709861630070705 0
3443 0.771023397755948 -0.05176126044874785 0
3444 0.7962291948876506 -0.04303993253099314 0
3445 0.7754354559348499 -0.02658823946192079 0
3446 0.3936588327131039 -0.07005718446930942 0
3447 -0.8189070699404153 -0.1647448742696938 0
3448 -0.8448974425579721 -0.1652238801208767 0
3449 -0.05030615584613451 -0.1434229844447596 0
3450 -0.05774446747739188 -0.1664411454841908 0
3451 -0.03442265000359201 -0.1628552029108565 0
3452 -0.009033664334636916 -0.159977780849939 0
3453 -0.607090470630737 -0.1471268211901098 0
3454 -0.6317125664564627 -0.1519119080164266 0
3455 -0.5947970040235253 -0.1665383100170441 0
3456 0.03943117517561306 -0.1497647451989561 0
3457 0.05240671198483638 -0.1684625330784737 0
3458 0.5962225494613874 -0.1456568716737365 0
3459 0.6121972100358528 -0.1656402709131122 0
3460 0.6356749793714899 -0.1611146956972362 0
3461 0.6280623117983731 -0.1849612063478006 0
3462 0.4834406323845364 -0.07727685813789265 0
3463 -0.02409985653220766 -0.07383316444495946 0
3464 -0.8997392853821393 -0.06470474466627785 0
3465 0.7371458266191628 -0.07921471845324746 0
3466 0.01486662672154514 -0.1539217179358694 0
3467 -0.7850241744059152 -0.06758366311665043 0
3468 -0.8024974916087679 -0.04479462133897272 0
3469 -0.8280410442736084 -0.05353618375389679 0
3470 -0.7213441135109694 -0.144594785751293 0
3471 -0.7052004393419687 -0.1641263035067126 0
3472 -0.6797867999696608 -0.1620242391526041 0
3473 -0.6893355794187883 -0.1857456406605067 0
3474 -0.6539938440436968 -0.1583672605838267 0
3475 -0.6705118057719798 -0.1373158783226138 0
3476 -0.6360817942715242 -0.1812822969880727 0
3477 -0.4675558151925503 -0.1465103328756907 0
3478 -0.4519925321784714 -0.1660790982348317 0
3479 -0.427043949884209 -0.1633469832406256 0
3480 -0.4184803671871954 -0.1388244657276765 0
3481 -0.4021669089590785 -0.1593894906586932 0
3482 -0.3777826264715805 -0.1545092086670081 0
3483 -0.3832555094185928 -0.1774774311252667 0
3484 -0.3584927980570947 -0.1716894565641987 0
3485 -0.3527414974858686 -0.1491199101963812 0
3486 -0.5156268299941174 -0.08892301080875242 0
3487 -0.1648033822563329 -0.1406053547842632 0
3488 -0.1499618233002701 -0.162065768464732 0
3489 -0.1753422412021558 -0.1639424266554812 0
3490 -0.136864328467117 -0.1853031287909754 0
3491 -0.1255423195320065 -0.1585404457661834 0
3492 -0.187039593640628 -0.1867044184687323 0
3493 -0.9982178667361246 -0.08085654328142589 0
3494 -0.9892301282861404 -0.05865609509418412 0
3495 -1.00122488204343 -0.04034589001845745 0
3496 0.7456135183043928 -0.05650889014800242 0
3497 0.6454641847826311 -0.1380866982978333 0
3498 0.6607344058394731 -0.160238276785174 0
3499 0.7850865813360223 -0.1377512398382414 0
3500 0.8012877481520156 -0.1562099205208671 0
3501 -0.2142711165827122 -0.1479114275081805 0
3502 -0.4658129626477139 -0.08083037914017233 0
3503 -0.07319118625796102 -0.08165499657511077 0
3504 -0.06377348682288736 -0.06052929886867808 0
3505 -0.2793722546874778 -0.1373101776352961 0
3506 -0.2878700502045434 -0.1605963712258589 0
3507 -0.3135142894441268 -0.167243221014715 0
3508 0.1805388133333907 -0.08382637429842354 0
3509 0.4183467122927886 -0.06603111207189549 0
3510 -0.8349279599301045 -0.0760334611111908 0
3511 0.08887931424529502 -0.1423213513440729 0
3512 0.1051895594315195 -0.1650788936433099 0
3513 0.277420414596509 -0.1332165057544863 0
3514 -0.9083855924191837 -0.08798252585311772 0
3515 0.3197189493759931 -0.08254180996272353 0
3516 0.5734127890024688 -0.08434401488278809 0
3517 0.5822805800732059 -0.0613546607726505 0
3518 0.6072534215728469 -0.05826342774309978 0
3519 0.5910509725671805 -0.03762188550819268 0
3520 0.6227714849054053 -0.07630657590880574 0
3521 0.138362012378724 -0.1341946841995973 0
3522 0.3919471022019729 -0.1362312587030559 0
3523 0.3823621071560381 -0.1593360518679177 0
3524 0.3559901084026988 -0.167313997987133 0
3525 0.374347362141672 -0.1830313564572155 0
3526 0.3421304556713652 -0.1445586878310969 0
3527 -0.9735408819242737 -0.07686939111352231 0
3528 0.5310979145475436 -0.1349199103790522 0
3529 0.521758394425283 -0.1580262414606715 0
3530 0.4969404460309631 -0.1639763096614324 0
3531 0.4817265808908201 -0.1435042591224072 0
3532 0.4573226314359479 -0.1470976473116234 0
3533 0.671932486870791 -0.06796664072661684 0
3534 0.654791905455127 -0.04872136282978801 0
3535 0.6356466900220801 -0.03309874757117903 0
3536 -0.277603091329881 -0.07140427095335511 0
3537 -0.2529381195373283 -0.06732515751149393 0
3538 -0.2934681930916809 -0.0520833355182404 0
3539 -0.3691473567302586 -0.1304440756605523 0
3540 0.1311405983915655 -0.156495113691113 0
3541 -0.7197158923798106 -0.07897356212685125 0
3542 -0.8608390011199633 -0.1454404788771519 0
3543 -0.3269322142001575 -0.07956574241180903 0
3544 -0.5671429100370904 -0.1645271136855975 0
3545 -0.2370730177755733 -0.08664609294648784 0
3546 -0.7462515366613849 -0.1484653919040504 0
3547 -0.7620642681883556 -0.1294939486555151 0
3548 -0.2692290732486125 -0.04645592415888977 0
3549 -0.2445371567318015 -0.04333472155346385 0
3550 -0.138274799601023 -0.07027277804120757 0
3551 -0.1552150496077868 -0.04751942188158687 0
3552 -0.1809477227422683 -0.05591326589646073 0
3553 -0.1636772105530248 -0.02143684463792184 0
3554 -0.2283396322825479 -0.06314764622260327 0
3555 -0.2198026046222723 -0.04005947447810954 0
3556 0.4413071264344102 -0.1280236451615906 0
3557 0.6949747496964058 -0.1298986027127338 0
3558 -0.3172562421240895 -0.057669646017807 0
3559 -0.5578006209665954 -0.1397121932100998 0
3560 0.1154819260524644 -0.07192670271953716 0
3561 -0.0008764573745793059 -0.1354268066596731 0
3562 0.006107423551851532 -0.1780970249035665 0
3563 -0.1880771606213329 -0.07862544084749601 0
3564 0.4915065713285166 -0.04992979302883072 0
3565 -0.95064891440622 -0.1386600005846983 0
3566 -0.7106774829846275 -0.05809524733315641 0
3567 0.04126067288607961 -0.0844813116726435 0
3568 0.254199577173457 -0.07239092219516685 0
3569 0.8517987651182503 -0.08223140559541342 0
3570 0.8607016646671959 -0.0594543006140853 0
3571 -0.1154827971123254 -0.1323715589243832 0
3572 -0.959422431489245 -0.1622193984562514 0
3573 0.508050699166247 -0.0724845503139413 0
3574 -0.3917293729139189 -0.06779605461833249 0
3575 0.4069997476548506 -0.1545842964900981 0
3576 0.0658028461971733 -0.07928297630009062 0
3577 -0.4925548366566155 -0.1507154211862201 0
3578 0.6861921254131264 -0.1534029305849689 0
3579 0.8096511838985541 -0.133085238904826 0
3580 -0.6053126998166724 -0.08175419961949615 0
3581 -1.000001768826841 -0.1466796955471601 0
3582 -1.02461747683611 -0.1510566899088133 0
3583 -1.006970809247327 -0.1694120322145718 0
3584 -1.047611111052902 -0.1638255954812387 0
3585 0.4326328662371763 -0.1503368412693291 0
3586 0.09994697669971062 -0.05189580748679745 0
3587 0.08729484030297732 -0.02721454670930257 0
3588 0.07296495931192533 -0.05104895081894689 0
3589 -0.5807409846341833 -0.07761120907535535 0
3590 -0.2047105910249596 -0.05987762572286748 0
3591 0.8261749512672224 -0.1509125233930586 0
3592 0.8500631328823463 -0.1473114142466834 0
3593 0.867146220930736 -0.1668172422941119 0
3594 0.8910200837344746 -0.1635805312286873 0
3595 0.8764694240403649 -0.07818699660367656 0
3596 0.8854072489529958 -0.05562097801002253 0
3597 0.909079657271421 -0.04956743071132053 0
3598 0.8940464066209546 -0.03124894132938039 0
3599 0.8994506242420368 -0.1401050469007057 0
3600 0.9152421013711638 -0.1594118932188593 0
3601 0.9396915634655476 -0.154032763132026 0
3602 0.8853436106508566 -0.1879841283587176 0
3603 0.9256380190185555 -0.06972965168223411 0
3604 0.9486643035723421 -0.1316492888798333 0
3605 0.9643377722117563 -0.1500766210608013 0
3606 0.9516586547157746 -0.1708502618344507 0
3607 0.8349010779440407 -0.02159359213422896 0
3608 1.012171428730113 -0.1881541507546274 0
3609 0.810486660905072 -0.1907229198300069 0
3610 -0.8111587880533313 -0.02161489590631938 0
3611 0.2114803952521701 -0.01931935948878838 0
3612 -0.437107834134166 -0.1877023504258037 0
3613 0.1374331083309266 -0.02348372433251811 0
3614 0.1621844212824165 -0.02262263085707694 0
3615 1.010477667930485 -0.01983255903398451 0
3616 0.9992076041581541 -0.04221137090594418 0
3617 -0.08805598283379867 -0.021321359510031 0
3618 0.1123142937304613 -0.1883851040937685 0
3619 0.486136218696273 -0.1879318102611762 0
3620 0.6875671119795722 -0.1889550411926937 0
3621 -0.2885819521218359 -0.02574486695942291 0
3622 0.436660794398956 -0.1901343131491764 0
3623 0.5151520154650475 -0.1844114823853413 0
3624 -0.9621412786856235 -0.1856237049763205 0
3625 0.7612413241731267 -0.1883851040937703 0
3626 -0.3287421174275805 -0.14544359852189 0
3627 0.934583946670365 -0.04653687464315048 0
3628 -0.8357139337055737 -0.188325333211468 0
3629 -0.754330729415662 -0.1707877654296439 0
3630 1.038869308600468 -0.06779922660667737 0
3631 -0.7756516413861561 -0.04400159829680028 0
3632 0.9908069887453361 -0.08118797822192825 0
3633 -1.094574610163362 -0.1495582738759254 0
3634 0.01247936597005106 -0.02132122869713093 0
3635 0.4721599290007576 -0.1667099066250657 0
3636 -0.4624807850433235 -0.1888414775668803 0
3637 -0.1082656500568444 -0.1819226162784062 0
3638 0.202877853544092 -0.1463509744002902 0
3639 -0.4860887329767741 -0.02084458631181363 0
3640 0.9375983745689417 -0.1900526636271884 0
3641 -0.9164989705487053 -0.04421309531769424 0
3642 -0.7368957472304025 -0.02003997689871895 0
3643 0.07880254095960421 -0.1658215684010393 0
3644 -0.3817864315217007 -0.04791187188378387 0
3645 0.8218234758258304 -0.04348380129034268 0
3646 0.6863651283528183 -0.02087288886414385 0
3647 -1.04048257859926 -0.1317357544749118 0
3648 -0.3127523446372222 -0.1922176288215098 0
3649 -0.2357101603162166 -0.02074103746517153 0
3650 -0.5062251626372204 -0.06562178610417035 0
3651 -0.4817517816182351 -0.06207842938368557 0
3652 -0.9100454153852777 -0.190763469718787 0
3653 0.4377724849415365 -0.02072908201096979 0
3654 -0.1123142937304613 -0.02024116121977926 0
3655 0.6309295346746274 -0.05483083788441512 0
3656 -1.398596916061252 -0.104480588050528 0
3657 1.398593068202958 -0.1055198504118433 0
3658 0.2892477135855932 -0.02034361769146997 0
3659 -0.9822158074178076 -0.1659749093572209 0
3660 -0.7139511933559997 -0.1880885155343144 0
3661 0.7362825922330236 -0.1901001911935154 0
3662 -0.5843896667200805 -0.1878776909423348 0
3663 -0.0635646291888583 -0.1896465609748681 0
3664 -0.9321729261838787 -0.02397119291359928 0
3665 -1.049393489494057 -0.04679844632750019 0
3666 0.9883328905148734 -0.1465266179032394 0
3667 -0.6326628016308091 -0.01999959700364684 0
3668 0.753988854903808 -0.03403007146429182 0
3669 0.2354352234001603 -0.1887023308102762 0
3670 0.8582641892148125 -0.1886436672049001 0
3671 -0.01421346498288604 -0.1893862866256288 0
3672 0.9631616806454428 -0.02037770907716308 0
3673 0.3320959127768586 -0.1641794782144803 0
3674 -0.8717425273746511 -0.1682365995356356 0
3675 1.117541852430504 -0.08984110993708683 0
3676 -0.7303481887202008 -0.1668546384048923 0
3677 0.1858618149349174 -0.1905204130600087 0
3678 0.4474418643471745 -0.1690216459502789 0
3679 -0.4776364628072974 -0.1693432283528562 0
3680 -0.7612413241731268 -0.01925691983418254 0
3681 -0.03936113200006609 -0.05638414607056141 0
3682 0.5676903888020591 -0.04583767837123887 0
3683 0.03849850974017518 -0.02009249515366562 0
3684 -0.2002080260380446 -0.1666990768003416 0
3685 0.175387150752283 -0.04257675448681297 0
3686 -0.5023037680674891 -0.1720772639534598 0
3687 -0.8847394517275593 -0.01927785102625457 0
3688 1.018760406998886 -0.05470158906972244 0
3689 1.050220205835063 -0.1657335846958254 0
3690 0.8473615026163555 -0.04159151747249012 0
3691 0.7113238602929193 -0.0187325030424077 0
3692 0.06271969940013665 -0.1906115600817735 0
3693 -0.3609531245690443 -0.01582534266517754 0
3694 0.9135523958740173 -0.02013764128474271 0
3695 -0.2112914534460889 -0.01977487244589682 0
3696 -0.4712332532093654 -0.03967584911950262 0
3697 -0.6464859795468041 -0.1330081118244699 0
3698 -0.2240123500975183 -0.1693599069968563 0
3699 0.2191169278444474 -0.1670851789100709 0
3700 0.4619373759896498 -0.01954940687571849 0
3701 -0.3380867167212108 -0.1643762580781605 0
3702 -0.2625118681597033 -0.1901446477196274 0
3703 1.034079517719299 -0.01963758432052032 0
3704 0.5869687929235271 -0.1663124276464192 0
3705 -0.07588777694511123 -0.04205906465874243 0
3706 0.9756258865317462 -0.1695518197321331 0
3707 0.1998698822349242 -0.04028684646614522 0
3708 -1.024686431584905 -0.04216818200913153 0
3709 -1.013855287410822 -0.1896596853631145 0
3710 0.3126138777524914 -0.0161011646361402 0
3711 0.700125605199751 -0.1696180765456337 0
3712 -0.4460686135881612 -0.03563841466052153 0
3713 -0.6158896103609992 -0.1669349908138731 0
3714 -0.08257659599630995 -0.1700453430528643 0
3715 -0.611020461614879 -0.01588670737719866 0
3716 -1.011538029460614 -0.01979764697043862 0
3717 -0.6864663412014667 -0.05496546360237708 0
3718 0.842895234237076 -0.1691451461327702 0
3719 -0.7627366334661896 -0.1920102538977275 0
3720 0.1616575459156846 -0.1913423078581928 0
3721 -0.7244130510554402 -0.03954706211223247 0
3722 0.4215523108392542 -0.1721969562382224 0
3723 -1.105964524820434 -0.06211832963386676 0
3724 0.5052908441313194 -0.03195413453833318 0
3725 0.6053701798697609 -0.1879510927755668 0
3726 0.3110923362083395 -0.1952183733811168 0
3727 -0.8854590689768549 -0.190615003175564 0
3728 -1.072110990498136 -0.164913708993442 0
3729 0.5881984363064044 -0.01603038185898242 0
3730 0.4717077056797798 -0.03787861667173331 0
3731 0.2379422311498752 -0.05558269550239636 0
3732 -0.8600259506497824 -0.01856917586903428 0
3733 -0.5136920202754383 -0.1913494231648336 0
3734 -0.2357955298265203 -0.190208306833366 0
3735 -0.1977671329935093 -0.03899258403095374 0
3736 0.3959491259197596 -0.1765713197023437 0
3737 0.8710135442415167 -0.03857682523434747 0
3738 0.0283580284947482 -0.1719062594547704 0
3739 0.05121813765387376 -0.03917596375998933 0
3740 0.7276177320636611 -0.03885416260142094 0
3741 -0.3397603444943658 -0.01872479379381531 0
3742 -1.281083039379413 -0.06311722055355418 0
3743 1.281083039379425 -0.1468827794464733 0
3744 -0.3640379323234757 -0.1928625785688549 0
3745 -1.121501227718702 -0.1202209248536317 0
3746 0.5614331661038291 -0.1950763187869029 0
3747 -0.5395250986751673 -0.1913795872695374 0
3748 -0.4068827011351814 -0.01876487796519477 0
3749 0.2367102783931979 -0.01680725973289299 0
3750 -1.139451386956577 -0.08047617921984518 0
3751 0.9623573460878051 -0.1899325005396815 0
3752 1.000165553178786 -0.06333802085964457 0
3753 0.6782556569342966 -0.1712831733852731 0
3754 0.3382117322019067 -0.04222658465868001 0
3755 0.1483812399741069 -0.1729754222764317 0
3756 0.3564765738222882 -0.1915172519992954 0
3757 0.9781741992541833 -0.03901728130068172 0
3758 -0.977786101084984 -0.0368516595886188 0
3759 -0.4409406872916095 -0.01686088910981276 0
3760 0.6166231537893274 -0.04052992675065781 0
3761 1.109114653910161 -0.05166272269795869 0
3762 -1.230321087685477 -0.1253500753312515 0
3763 1.231440801132301 -0.08767480613727052 0
3764 0.8189859984187084 -0.171896491724997 0
3765 -0.9214719282764074 -0.1720485795008848 0
3766 -0.7871112611652398 -0.1917397360129609 0
3767 -1.028331651407391 -0.1702806948137656 0
3768 -0.05491806947296675 -0.0430593696189927 0
3769 -0.6868380570092917 -0.01600762638817699 0
3770 0.2878712554600845 -0.1942232725522981 0
3771 0.2229223455195968 -0.03804891611963868 0
3772 -1.058613261391169 -0.07050354178748286 0
3773 -0.5884555086179493 -0.04079740581885893 0
3774 -0.03743809791015384 -0.01465454751699546 0
3775 0.8795301006315364 -0.01822393997346872 0
3776 -0.7007225698412307 -0.03752354529584068 0
3777 1.073436337105384 -0.1666254074959568 0
3778 -0.8462678784373797 -0.03738674623445704 0
3779 0.7595779956639352 -0.01506846329036193 0
3780 0.5429029649041478 -0.01798323096643095 0
3781 -0.2734651302077387 -0.1730348581501602 0
3782 0.01957774052596968 -0.1918238183011525 0
3783 -0.3088546700730472 -0.03863299610916826 0
3784 0.6477708198463294 -0.1804299433628351 0
3785 0.5090531335254229 -0.01545668904466169 0
3786 0.9304709418372586 -0.1713493728343742 0
3787 0.389877069613356 -0.1945697736149867 0
3788 0.7987539781359501 -0.1746102348264937 0
3789 0.5370656284690356 -0.1714187446160338 0
3790 -0.7979910745750072 -0.1751575799308984 0
3791 0.3613615765532801 -0.01461847468945976 0
3792 -0.1769595210894716 -0.03709540247065668 0
3793 0.1247936597006552 -0.1752304028478679 0
3794 0.6364115345325283 -0.01378186293359285 0
3795 1.09446242921918 -0.1529480494373345 0
3796 0.7927633962214682 -0.01763556841761726 0
3797 -0.9449892457303209 -0.172882038817658 0
3798 -0.823941085739023 -0.03477850691991335 0
3799 -0.9685155661962456 -0.01722450131218878 0
3800 -0.5494790567078596 -0.1751885003994857 0
3801 -0.3865558866832379 -0.1965479147393587 0
3802 1.020299139847993 -0.03642900887327372 0
3803 -0.6114889325325041 -0.2313651181570702 0
3804 -0.8615607335321248 -0.2315280902637404 0
3805 -0.4866428069611235 -0.231554804141771 0
3806 -0.7375968286857333 -0.2279651198562753 0
3807 -0.9858553410644022 -0.2316359066120874 0
3808 0.3619772012895746 -0.3966453799225942 0
3809 0.2403193582153769 -0.4024538303106038 0
3810 0.1108328768264339 -0.399038461585679 0
3811 -0.009511075619887907 -0.3997032263685618 0
3812 -0.1372730256705634 -0.3983851040936255 0
3813 0.461736540891896 -0.3983851040936255 0
3814 -0.2373340320074312 -0.397702775796672 0
3815 -0.3634152531625381 -0.3996092237051414 0
3816 1.013968664787563 -0.4001323592172987 0
3817 0.9106615751195324 -0.2275675057161131 0
3818 0.8361179511690029 -0.4007245329417994 0
3819 0.7378026104891151 -0.233755850258845 0
3820 0.6609532776040909 -0.3993996436961496 0
3821 0.5857208739559087 -0.3988763654413674 0
3822 -0.286961358618069 -0.2336021512818682 0
3823 -0.411667468648349 -0.232608017630815 0
3824 -0.8117652271113367 -0.3972207075019671 0
3825 0.3125137168901297 -0.2302451914425951 0
3826 0.1871904895507688 -0.2316148959063753 0
3827 0.06239682985025641 -0.2316148959063753 0
3828 -0.0618518626484513 -0.231358086227317 0
3829 -0.1826694085311887 -0.2282274973243172 0
3830 0.4126161024121767 -0.2303263738485697 0
3831 -0.6614063964127153 -0.3983851040936255 0
3832 0.5123689259178444 -0.2308712366292021 0
3833 -0.5632119828615711 -0.399120543385493 0
3834 -0.9109937158137402 -0.3983851040936255 0
3835 -1.035787375514252 -0.3983851040936255 0
3836 1.061989233529492 -0.2347601471295917 0
3837 -0.4633066454686748 -0.3990017063796607 0
3838 0.6373748669785098 -0.2314760312274196 0
3839 0.9834219186161566 -0.2329309347323427 0
3840 0.8116541408870173 -0.2329984423633285 0
3841 0.9359524477538429 -0.3983851040936255 0
3842 0.7609834833564788 -0.4012913391909976 0
3843 -0.7390013947522749 -0.3963213118746225 0
3844 -1.06395120586837 -0.2363504497735249 0
3845 1.098955293616091 -0.3887432674493034 0
3846 -1.095034259343791 -0.3908491793337472 0
3847 0.8858903104234889 -0.3989850686795045 0
3848 -0.5132522384005732 -0.3986952804140245 0
3849 -0.6131509877963215 -0.3988410565805474 0
3850 -0.8610762519335357 -0.3983851040936255 0
3851 -0.3134694284073649 -0.3999096592143445 0
3852 -0.4133609874894865 -0.3993064514823104 0
3853 -0.9587230737127934 -0.4002200376325256 0
3854 0.5108857967236535 -0.3988456353138723 0
3855 0.4112941859716763 -0.3981394826850675 0
3856 0.3108792269974189 -0.3948365863935202 0
3857 0.1857895241796133 -0.3983296314548568 0
3858 0.06539796798788551 -0.4009337423658135 0
3859 -0.05945036968995086 -0.3988845444198201 0
3860 -0.1871904895507683 -0.3983851040936255 0
3861 -0.8115493831728331 -0.2302390042691407 0
3862 0.2624307273312439 -0.2304768128189245 0
3863 0.1372730256705638 -0.2316148959063753 0
3864 0.01247936597005139 -0.2316148959063753 0
3865 -0.1120491753677883 -0.230982258592606 0
3866 -0.6619570743966523 -0.2291816063641292 0
3867 0.6863651283528182 -0.2316148959063753 0
3868 0.5874243254738043 -0.2309670324815141 0
3869 0.4625613367348972 -0.230642066457257 0
3870 -0.3372450670918354 -0.2332464018374534 0
3871 0.362670839938206 -0.2300114086928353 0
3872 -0.2369780735916743 -0.2323758488330601 0
3873 0.8618345292809705 -0.2329056326139458 0
3874 -0.5616541635554924 -0.2312472323766563 0
3875 -0.9361893981753053 -0.2347944061784801 0
3876 0.7106711758665019 -0.3995775232203869 0
3877 -1.141998700267342 -0.2536456665149096 0
3878 1.141740791228786 -0.2540146756024146 0
3879 -1.19482051572795 -0.3565435189822779 0
3880 1.20448322703093 -0.366889746512113 0
3881 1.283391952600155 -0.2735769819793035 0
3882 -1.298975172721315 -0.2681714242924063 0
3883 1.060663025367233 -0.3908134560192096 0
3884 1.081150033805948 -0.3594797597029604 0
3885 1.050162744307571 -0.3604274443873248 0
3886 1.064887081626622 -0.3344181420760179 0
3887 1.037434543445847 -0.3347596737977536 0
3888 1.050585934149845 -0.3097126422848877 0
3889 1.024931582412255 -0.3120350302002777 0
3890 1.011627673043765 -0.3337885577037412 0
3891 0.9998128740241372 -0.3098371338596557 0
3892 0.986562587561879 -0.3314080451899937 0
3893 0.9748334386277172 -0.3089513071105046 0
3894 0.961515609956448 -0.3300768800261515 0
3895 0.9498501443152785 -0.307932889288578 0
3896 0.9365233021718486 -0.329040578904559 0
3897 0.9248667097166848 -0.3069459645083068 0
3898 0.9115384808066348 -0.3280936718295457 0
3899 0.8998844703814104 -0.3059791640885017 0
3900 0.8865564372677996 -0.3271302216357199 0
3901 0.8749028913744628 -0.3050129559468626 0
3902 0.861574966259582 -0.3261641132334709 0
3903 0.8499215157373305 -0.3040464045736684 0
3904 0.8365936245351657 -0.3251975046233362 0
3905 0.8249401955353111 -0.3030797126093603 0
3906 0.8116123135642797 -0.3242307892312688 0
3907 0.7999588896897946 -0.3021129794205279 0
3908 0.7866310101115591 -0.3232640491718115 0
3909 0.7749775874898557 -0.3011462352497229 0
3910 0.7616497085192676 -0.3222973031706768 0
3911 0.7499962862076038 -0.3001794882582072 0
3912 0.7366684073900633 -0.3213305557089932 0
3913 0.7250149851556104 -0.2992127405531591 0
3914 0.711687106376411 -0.3203638078850783 0
3915 0.700025861438495 -0.2984481361466536 0
3916 0.6867045016045408 -0.3194307505505449 0
3917 0.6750430393735122 -0.297520693893695 0
3918 0.6617227298149696 -0.318476168656403 0
3919 0.6500692291369824 -0.2963603810952389 0
3920 0.6367425988271663 -0.3174791875781864 0
3921 0.6250893716160835 -0.2953563334863869 0
3922 0.6117617334255502 -0.3165011841678531 0
3923 0.6001083838121486 -0.2943814930204152 0
3924 0.5867805572412205 -0.3155312115590618 0
3925 0.575127155830614 -0.2934128588786447 0
3926 0.5617992892302242 -0.3145636118045054 0
3927 0.5501458725150561 -0.2924456546000975 0
3928 0.5368179966923259 -0.3135966458364621 0
3929 0.5484714193919723 -0.3357144483964802 0
3930 0.5234901199047984 -0.3347476620026377 0
3931 0.5118366979436429 -0.3126298403583583 0
3932 0.4985088195487378 -0.3337808980615229 0
3933 0.4868553974426413 -0.3116630801594127 0
3934 0.4735275187557662 -0.3328141454091593 0
3935 0.4618740965767665 -0.3106963293885094 0
3936 0.4485462178292503 -0.3318473962097013 0
3937 0.4368927956279016 -0.3097295807645235 0
3938 0.4235649168666118 -0.3308806479436122 0
3939 0.4119114946592839 -0.3087628326539829 0
3940 0.3985836158945351 -0.3299138999185125 0
3941 0.3869301936858082 -0.3077960846689702 0
3942 0.3736081359873287 -0.3287967323615213 0
3943 0.3619498628889052 -0.3068042667828195 0
3944 0.348627966886479 -0.3278007361585491 0
3945 0.3369689122557263 -0.3058284658055026 0
3946 0.32364109188007 -0.3269780242588389 0
3947 0.3119867406656379 -0.3048842150302402 0
3948 0.2986587167971066 -0.3260390318503994 0
3949 0.287005115570116 -0.3039258425369837 0
3950 0.2736771827838346 -0.3250783057376694 0
3951 0.262023721735255 -0.302961494139927 0
3952 0.2486958274923606 -0.3241129613571552 0
3953 0.2370423962306831 -0.3019953800477762 0
3954 0.2237145133763391 -0.3231465529823208 0
3955 0.2120610889770324 -0.3010287943409509 0
3956 0.1987332091647431 -0.3221798886724496 0
3957 0.1870797864160418 -0.3000620873756858 0
3958 0.1737519073858305 -0.3212131614974254 0
3959 0.1620984850426388 -0.2990953497229381 0
3960 0.1487706062100624 -0.3202464187306102 0
3961 0.1371171839677018 -0.2981286043572666 0
3962 0.1237893051847214 -0.3192796720794231 0
3963 0.1121358829675453 -0.297161857058601 0
3964 0.09880800419708899 -0.3183129244582883 0
3965 0.08715458198610471 -0.2961951092759261 0
3966 0.07382670321891868 -0.3173461765948371 0
3967 0.0621732810093584 -0.2952283613722742 0
3968 0.04884540224310511 -0.3163794286710733 0
3969 0.6234151957305257 -0.338617963302223 0
3970 0.03719198003384389 -0.2942616134383993 0
3971 0.02386410126763247 -0.3154126807322566 0
3972 0.01221067905856923 -0.2932948654970282 0
3973 -0.001117199707747836 -0.3144459327896065 0
3974 -0.01277062191665113 -0.2923281175537298 0
3975 -0.02609850068294156 -0.3134791848458995 0
3976 -0.03775192289183021 -0.2913613696096657 0
3977 -0.05107980165811937 -0.3125124369017751 0
3978 -0.06273322386698134 -0.2903946216655893 0
3979 -0.07606110263325129 -0.3115456889577111 0
3980 0.7982844321849452 -0.3453818648177585 0
3981 0.03551752347661538 -0.3375304959686218 0
3982 -0.03942637944920627 -0.3346302521380036 0
3983 -0.08771452484212028 -0.2894278737215767 0
3984 -0.1010424036083565 -0.3105789410136914 0
3985 -0.08938898139935407 -0.3326967562498897 0
3986 -0.1143702823745459 -0.3317300083057795 0
3987 -0.1260237045835291 -0.3096121930696452 0
3988 -0.1393515833497309 -0.3307632603617314 0
3989 -0.1510050055586599 -0.3086454451256131 0
3990 -0.1643328843248866 -0.3297965124177473 0
3991 -0.1759863065337846 -0.3076786971815366 0
3992 -0.1893141853000959 -0.3288297644737526 0
3993 -0.2009676075089977 -0.3067119492375774 0
3994 -0.2142954862753055 -0.3278630165298377 0
3995 -0.225948908484285 -0.3057452012937674 0
3996 -0.2392767872505249 -0.3268962685858465 0
3997 -0.2509302094594694 -0.3047784533497158 0
3998 -0.2642580882256833 -0.3259295206416866 0
3999 -0.2759115104345392 -0.3038117054054936 0
4000 -0.289239389200818 -0.3249627726976296 0
4001 -0.3008928114098238 -0.3028449574615149 0
4002 -0.3142206901759697 -0.3239960247537166 0
4003 -0.325877610484153 -0.3019686023298629 0
4004 -0.3392025741676463 -0.323044342278525 0
4005 -0.3508595916452027 -0.3010194307660576 0
4006 -0.3641840856766014 -0.3220830346426631 0
4007 -0.3758375429745489 -0.2999661261245645 0
4008 -0.3891648634664687 -0.3211027673004061 0
4009 -0.4008181984778096 -0.2989826988311659 0
4010 -0.4141459696654339 -0.3201309862316819 0
4011 -0.4257993594116481 -0.2980123321412957 0
4012 -0.4391272148377444 -0.3191627963090085 0
4013 -0.4507806277461278 -0.2970447407430967 0
4014 -0.4641085010723822 -0.3181956674592765 0
4015 -0.4757619208243115 -0.2960777887388524 0
4016 -0.4890897982747596 -0.3172288220207378 0
4017 -0.5007432198545106 -0.2951109905353135 0
4018 -0.5140710982970491 -0.3162620494507333 0
4019 -0.5257245203467098 -0.2941442301101738 0
4020 -0.5390523990329318 -0.3152952953216452 0
4021 -0.550705821201389 -0.2931774790548118 0
4022 -0.5640336999481487 -0.3143285458277685 0
4023 -0.5756871221463822 -0.2922107303332808 0
4024 -0.5890150009081951 -0.3133617974953147 0
4025 -0.600668423113947 -0.291243982194338 0
4026 -0.6139963018795029 -0.3123950494536984 0
4027 -0.625649724087304 -0.2902772342011968 0
4028 -0.6389776028536478 -0.3114283014850123 0
4029 -0.6506310250620952 -0.2893104862445934 0
4030 -0.6639589038286147 -0.3104615535343935 0
4031 -0.6756123260370669 -0.2883437382970691 0
4032 -0.6889402048037379 -0.3094948055882227 0
4033 -0.6772867825952164 -0.3316126208245791 0
4034 -0.7021610413259829 -0.3305894745213322 0
4035 -0.7139036654047671 -0.3085186579166717 0
4036 -0.727009206752433 -0.329729586750787 0
4037 -0.7388598037261129 -0.3075681533796253 0
4038 -0.7519750958209819 -0.3288599391542668 0
4039 -0.7638343422745415 -0.3066202960607907 0
4040 -0.7771610939702642 -0.3277745117901105 0
4041 -0.7888486323742863 -0.3056369166503412 0
4042 -0.8021820093284507 -0.3267852120310337 0
4043 -0.8138420339340843 -0.3046636381588606 0
4044 -0.8271719294648077 -0.3258136170260766 0
4045 -0.8388267882002248 -0.3036949939461717 0
4046 -0.8521552425154507 -0.3248457451932207 0
4047 -0.8638090000697221 -0.3027277426419683 0
4048 -0.8771370762935964 -0.3238787006759622 0
4049 -0.8887905416609256 -0.3017608613750138 0
4050 -0.9021184756366332 -0.3229118980577361 0
4051 -0.9137718991333064 -0.3007940820971768 0
4052 -0.9270997923470907 -0.3219451413744778 0
4053 -0.9387532121471753 -0.2998273274733929 0
4054 -0.9520810899834915 -0.3209783177477075 0
4055 -0.9637393359706152 -0.298985153396945 0
4056 -0.9770631942102297 -0.320032319500255 0
4057 -0.9887259618691349 -0.2981559939823395 0
4058 -1.002045659776849 -0.3190922598033552 0
4059 -1.013707581177269 -0.2971969033987669 0
4060 -1.027029027612211 -0.318178258339028 0
4061 -0.7755264396400618 -0.2844825527081163 0
4062 -1.037922106200778 -0.2965000851145216 0
4063 -1.052276716277692 -0.3174289100593253 0
4064 -1.063898594896534 -0.2948430643020163 0
4065 -0.9903906016485414 -0.341174252080986 0
4066 -1.08292088054263 -0.3194404549099854 0
4067 -0.6273241806448372 -0.3335461167199085 0
4068 1.014274075672057 -0.2888918657938611 0
4069 -0.9004440205810035 -0.2796430146852735 0
4070 -0.2775637872380612 -0.3465074508405888 0
4071 0.2253547913642999 -0.2807608635548924 0
4072 -0.5773615786989519 -0.3354796127099959 0
4073 0.1604240284083825 -0.3423642342524644 0
4074 0.9730983272120133 -0.3523115705198503 0
4075 0.08548012542750524 -0.3394639918355349 0
4076 0.9381940142248798 -0.2857987336852741 0
4077 -0.5273989768114081 -0.3374131102113438 0
4078 -0.1376771267923827 -0.2874943778334575 0
4079 0.1004824607517828 -0.2750440419927429 0
4080 -0.4774363758466463 -0.3393466315888016 0
4081 -0.1027168601655569 -0.3538478235418481 0
4082 0.2853305959896429 -0.3471963536252609 0
4083 -0.7652990910204679 -0.350030863014549 0
4084 -0.2124292853765468 -0.2833002164912397 0
4085 0.210386631199571 -0.3442977084157839 0
4086 -0.4274737887386216 -0.3412805110249124 0
4087 0.4752019753477271 -0.2895452619652978 0
4088 -0.9404275962167846 -0.3430960825272535 0
4089 -0.02442404412543348 -0.2702103023176559 0
4090 0.6733776648549437 -0.340554891489635 0
4091 -0.262583631668133 -0.2826606381135477 0
4092 -1.025350539687877 -0.2748092670648319 0
4093 -1.040318446161619 -0.3385789772723413 0
4094 0.8881730320525814 -0.2853533765009146 0
4095 -0.3775113482116444 -0.3432181781839496 0
4096 -0.6904897787435523 -0.3526978900312656 0
4097 0.4252393734251888 -0.2876117653525796 0
4098 -0.890465047524165 -0.3450297165812994 0
4099 0.7633241649324906 -0.2790284210959193 0
4100 -0.3130696330385569 -0.2800415419949882 0
4101 0.7233405285829513 -0.3424816231280161 0
4102 0.8382680705340795 -0.2819286569923491 0
4103 1.092388625943625 -0.3279968074494946 0
4104 -0.8405019162319763 -0.3469635077556585 0
4105 -0.3275486661114422 -0.3451496029573455 0
4106 0.3752769331734412 -0.2856740911000593 0
4107 -0.725564787420216 -0.2864098163988498 0
4108 0.3359570843136044 -0.3494573389837647 0
4109 -0.3626105074436551 -0.2782967384574278 0
4110 0.3253144645972579 -0.283737148739247 0
4111 0.3858427290669667 -0.3518929919303808 0
4112 -0.4374527474296038 -0.2758936333961763 0
4113 -0.8254991488545527 -0.2825437920138079 0
4114 0.4352183390769471 -0.3529984631604091 0
4115 0.8482470446368945 -0.3473153253365275 0
4116 0.275351594028115 -0.2818105941210458 0
4117 0.7123437743613162 -0.2771351651205034 0
4118 -0.665608057085745 -0.3536034577487239 0
4119 -0.2026420640662484 -0.3499808317658655 0
4120 0.4851827782931415 -0.3548844830695508 0
4121 -0.5124014178730172 -0.2731165848639066 0
4122 0.6629449366046019 -0.2748127312863637 0
4123 0.898209833035888 -0.3492480355474079 0
4124 -0.1526782074197921 -0.3518819056118954 0
4125 -0.07772421348218973 -0.3545213921195707 0
4126 0.5351516647435162 -0.3566555840015049 0
4127 0.560140528124812 -0.3574269151887233 0
4128 0.6134289517724949 -0.2734193409891503 0
4129 -0.952630124762487 -0.2734711387465349 0
4130 -0.5873438102012998 -0.2703831596256112 0
4131 0.175426363786595 -0.2779442830078818 0
4132 0.5634588842179664 -0.271678760427065 0
4133 0.5384690614926715 -0.2709322192169665 0
4134 -0.6373009289066993 -0.2685638021156223 0
4135 0.05050379450282841 -0.2735256564612207 0
4136 0.5479136799960929 -0.3778730970980817 0
4137 -0.0910634379565477 -0.3759656387780446 0
4138 0.5504517752083777 -0.2510772528460574 0
4139 -0.0744198822774601 -0.2691356482402902 0
4140 -0.09941371133064345 -0.2684926327544375 0
4141 -1.094440490048177 -0.2920456899962254 0
4142 -1.114429115341269 -0.3198504576871066 0
4143 -0.1160447389317285 -0.3749988908338491 0
4144 -0.6789612391537524 -0.3748815033522312 0
4145 -0.7033967447776642 -0.3742150991283459 0
4146 -1.213694195265167 -0.2755785049504134 0
4147 1.198247293897082 -0.2573093202900285 0
4148 1.145248213134402 -0.3786806464478722 0
4149 -1.135858510475932 -0.3857989365928365 0
4150 -0.08680158523865467 -0.2470894597500628 0
4151 1.163685973366265 -0.3183104154098828 0
4152 1.031457153264223 -0.3817535273636743 0
4153 1.022500979342887 -0.3577798167397095 0
4154 1.094169982981462 -0.2374371715265742 0
4155 1.07509390322024 -0.2621113334582859 0
4156 1.043052947835451 -0.2588884941523109 0
4157 1.034834973832377 -0.2322474755738639 0
4158 1.017922084770168 -0.2507301301882361 0
4159 -1.097050827540485 -0.2384563609933483 0
4160 -1.062809942531825 -0.3951825713673962 0
4161 -1.071996834801959 -0.3687956221972186 0
4162 -1.03629679261273 -0.2328504546317411 0
4163 -1.049709667796487 -0.2570003627079558 0
4164 0.9984547097567967 -0.3537611658857838 0
4165 0.98244881942504 -0.374799951852868 0
4166 0.959449054566202 -0.3730870899240095 0
4167 -1.010630533080809 -0.2316414940397777 0
4168 -0.9973261154693435 -0.2534486916088365 0
4169 -0.9733031088369495 -0.2532271760757627 0
4170 -1.015325946876913 -0.340093149703474 0
4171 -1.003623291968113 -0.3622568134952928 0
4172 -0.9786814468869492 -0.3622600880967646 0
4173 -0.9937324838236308 -0.3823634099362039 0
4174 -0.8654836871857349 -0.3459964976139229 0
4175 -0.8809403327281233 -0.3657343941996825 0
4176 -0.906199684149992 -0.3646350204478317 0
4177 -0.8552177672830915 -0.3720625552033123 0
4178 -0.8288490450051529 -0.3690810156834434 0
4179 0.01053622250108859 -0.3365637480259558 0
4180 0.02218964471036243 -0.358681563261916 0
4181 -0.00277352639032134 -0.3572463293437576 0
4182 0.0471993543126077 -0.3589142165859069 0
4183 0.03119384141757609 -0.3797838615966196 0
4184 0.3107159324331457 -0.3488181354865159 0
4185 0.2977181061226111 -0.3705982082832602 0
4186 0.2722579901856983 -0.3684924511951433 0
4187 0.2823493456983855 -0.3957080575176235 0
4188 0.3236046775791556 -0.372276297238022 0
4189 0.3489866436616181 -0.3730632197292234 0
4190 0.3365555853184224 -0.396136913880559 0
4191 0.3737624381859137 -0.3745165924864722 0
4192 -0.2875649326432225 -0.2816938901689827 0
4193 -0.2742370538766263 -0.2605428228771505 0
4194 -0.2492514028653162 -0.2608264283917112 0
4195 -0.2616361047567124 -0.2359389839034591 0
4196 -0.2231239858783831 -0.2547128137034083 0
4197 -0.3002703373218116 -0.2558717450038266 0
4198 -0.3253198934169329 -0.25677336644255 0
4199 0.1104614264052104 -0.3404307397088218 0
4200 0.09716888985760527 -0.3606685445414168 0
4201 0.1221560812034699 -0.3614830820638417 0
4202 0.1354495994998143 -0.341219908302886 0
4203 0.1471041670485937 -0.3633081273395042 0
4204 0.1721246792778298 -0.3632616348216402 0
4205 0.160328236022189 -0.3854741942138471 0
4206 0.131115568324131 -0.3819811752035562 0
4207 -0.6123229976358391 -0.2698896767970389 0
4208 0.7883054660974964 -0.2799951684549455 0
4209 0.7763929118012549 -0.2580138850982401 0
4210 0.7511809800594591 -0.2566135294852145 0
4211 0.8007798437114395 -0.2582209562112254 0
4212 0.76271404696136 -0.2343214565229772 0
4213 0.7257821530908 -0.2552650270899957 0
4214 0.7114254631597347 -0.2331963004031898 0
4215 0.6986905758033523 -0.2543111703594487 0
4216 0.5001832762207463 -0.2905120125514422 0
4217 0.4885163359884825 -0.2687435104940832 0
4218 0.4635327947933506 -0.2678346510674352 0
4219 0.2603918135361685 -0.3462544743660114 0
4220 0.2472570205134614 -0.3659692396699139 0
4221 0.3502959284125841 -0.2846996888084004 0
4222 0.3386420482919653 -0.2625937062395174 0
4223 0.3136607473166584 -0.2616269582962794 0
4224 0.3636233492682087 -0.263560454183251 0
4225 0.3886046502432914 -0.2645272021270433 0
4226 0.4502180479937948 -0.2886463810919988 0
4227 0.438549627386582 -0.2669161327234555 0
4228 0.7483218295919738 -0.3434483709662466 0
4229 0.7350121124144615 -0.3641301318069523 0
4230 0.710029957378096 -0.3631854532377687 0
4231 0.7608431656703516 -0.3641092832438755 0
4232 -0.7904862579401757 -0.3489304684045873 0
4233 -0.7784283794686681 -0.3708341917066402 0
4234 -0.7530449921419204 -0.3727343556580891 0
4235 -0.7637894059342318 -0.3951287213509147 0
4236 -0.7274526658048452 -0.3742146088664562 0
4237 -0.7399557934018555 -0.3511713172443436 0
4238 -0.5024176762211313 -0.3383798681122023 0
4239 -0.4907509189768548 -0.360153098673706 0
4240 -0.4657673346993261 -0.3610608448279162 0
4241 -0.5157284573317986 -0.359089122508049 0
4242 -0.5407059259956111 -0.3580233455202375 0
4243 0.1504391402450354 -0.2771305774465311 0
4244 0.1637729414671929 -0.2558264706327513 0
4245 0.1916515519781401 -0.258369566175265 0
4246 0.2133910913627851 -0.2445910993258007 0
4247 0.5134924069068962 -0.2698454059981188 0
4248 0.02551299258683368 -0.2728044180751219 0
4249 0.03863458323208883 -0.250593239385676 0
4250 -0.1776605539750117 -0.3509421760360834 0
4251 -0.1660073408821685 -0.3730653949459022 0
4252 0.2503645821863534 -0.2809914181226159 0
4253 0.2370980796024884 -0.2583110999531257 0
4254 0.2635042111966117 -0.2611125333789897 0
4255 -0.1626584277674364 -0.2865276298893669 0
4256 -0.1493305490010996 -0.265376562597277 0
4257 -0.1743627249077796 -0.2657244509893353 0
4258 -0.160983971209891 -0.2432587473611125 0
4259 -0.1325414480019659 -0.247041820768839 0
4260 0.4106164014480592 -0.3529587818126583 0
4261 0.4232294740345198 -0.375919211269629 0
4262 0.4475346287583047 -0.3755204948564277 0
4263 0.7734477831349779 -0.3441723009427413 0
4264 0.7859537386251894 -0.365813167114549 0
4265 0.8101494348661272 -0.3662069886356214 0
4266 0.7988169847289193 -0.3838849933194748 0
4267 0.6383318388517947 -0.2743988575507199 0
4268 0.650138645136137 -0.2525502126373791 0
4269 -0.3525301450931202 -0.3441874547991102 0
4270 -0.3408764477080313 -0.3662981593380934 0
4271 -0.3158951467328601 -0.367264907281978 0
4272 -0.3658577486833554 -0.3653314113940827 0
4273 -0.3908390496585917 -0.364364663450143 0
4274 -0.8024715161098356 -0.3708131334256599 0
4275 -0.8375982594409788 -0.3953636409732226 0
4276 -0.4874226450485128 -0.2741486616219078 0
4277 -0.915847474130152 -0.343805313815265 0
4278 -0.9301889338577416 -0.3631719640458524 0
4279 0.5884334125491947 -0.2728205172359779 0
4280 -0.8005132433449187 -0.2835130023576404 0
4281 -0.787189468088543 -0.2634427672014095 0
4282 -0.7629009500811464 -0.263872621624575 0
4283 -0.775641126561058 -0.2455235244595144 0
4284 -0.8121608462669645 -0.2622670176134676 0
4285 -0.8371286511846923 -0.2613352673277269 0
4286 -0.4124714767240063 -0.2768611635221632 0
4287 -0.4241248597279914 -0.2547423352131553 0
4288 -0.4494373080286116 -0.2536449563763341 0
4289 -0.3993456602711491 -0.2551868965780528 0
4290 -0.3867175860410395 -0.2328982244652131 0
4291 -0.3746106097827525 -0.2555776780636219 0
4292 -0.1876397287425219 -0.2855608819451856 0
4293 -0.1992931509515615 -0.263443066709339 0
4294 0.6483961639941276 -0.3395933087018967 0
4295 0.6350921345730161 -0.3601280957411497 0
4296 0.6101088795824157 -0.3592118406402633 0
4297 0.6225811628483313 -0.3793143966886774 0
4298 0.5984375389387289 -0.3375570476498932 0
4299 0.07548241809562403 -0.2745615894412907 0
4300 0.08859810744556851 -0.2521435333988364 0
4301 0.1138103395158652 -0.25389297474484 0
4302 -0.6523012644031345 -0.3325582057196499 0
4303 -0.6406426497936688 -0.3545564818147593 0
4304 -0.6156582273695324 -0.3553571968588649 0
4305 -0.6273006816450214 -0.3765928528998472 0
4306 -0.8504768628697339 -0.2817283730186517 0
4307 -0.8625983387685658 -0.2577480131232974 0
4308 -0.7506524455562731 -0.2855409778902498 0
4309 -0.7380508689509716 -0.2656040133041273 0
4310 -0.7123820072146925 -0.2663166192525406 0
4311 0.5851337594549352 -0.3580853761749978 0
4312 -0.4024925617290664 -0.3422491702829529 0
4313 -0.4158018932557851 -0.3629209666652944 0
4314 -0.4407761351250692 -0.3617718075203342 0
4315 0.000530108121572519 -0.2718785883913135 0
4316 -0.00770393230883152 -0.2504885675779818 0
4317 -0.03607746633412381 -0.2480924870814221 0
4318 -0.4524501818433188 -0.3401869409894598 0
4319 0.5251620170635385 -0.2915449157343915 0
4320 0.1254568521547711 -0.276189337096076 0
4321 -0.8152771123467331 -0.3480644923877421 0
4322 -0.1127034531971922 -0.2886582214890119 0
4323 -0.0144420568282073 -0.3355189190862937 0
4324 -0.02775130211219108 -0.356188486904804 0
4325 -0.1916692507028381 -0.3723950912663572 0
4326 -0.2159699428320322 -0.3711318990581791 0
4327 -0.22762336504136 -0.3490140838220626 0
4328 -0.2433022783377201 -0.369808740608395 0
4329 -0.2604821978688958 -0.3871967684835571 0
4330 -0.2107518430154955 -0.3962679083137566 0
4331 -0.2529706287255229 -0.3473192741851072 0
4332 -0.04944412066922962 -0.2702455364862359 0
4333 -0.06440578947285011 -0.3336146409661591 0
4334 -0.9257960191410253 -0.2779726364952388 0
4335 -0.9145762591337797 -0.2531723766034837 0
4336 -0.3025635875362349 -0.3460187356259894 0
4337 0.698361851271297 -0.3414470781334202 0
4338 0.6850533734582425 -0.3620968139771943 0
4339 0.7379403906345466 -0.2779057286005013 0
4340 0.5101720239572852 -0.3556459358613662 0
4341 0.4977773926622799 -0.3768454227016029 0
4342 -0.05273709720918641 -0.3553378695531677 0
4343 -0.04323361423962167 -0.3770464932115907 0
4344 -0.3876156659456536 -0.277478550262833 0
4345 -0.662821148163379 -0.2681395390119388 0
4346 -0.7006114565209735 -0.2875515934188613 0
4347 -0.6879226564459446 -0.2668746408127429 0
4348 -0.7004319909255936 -0.2474706445218953 0
4349 0.1854132011622782 -0.3431275710881749 0
4350 -0.1238215011766027 -0.268082077082628 0
4351 0.8131445185260973 -0.2808580539283465 0
4352 0.826120972525106 -0.2593362547785496 0
4353 0.8541067865135831 -0.2595594271750166 0
4354 0.8366791301266294 -0.2354898282459974 0
4355 0.8796213251850953 -0.2501843126830003 0
4356 -0.1276966973285287 -0.3528432498822909 0
4357 0.4002580994007622 -0.2866443209956451 0
4358 0.2354143097717376 -0.345032747267755 0
4359 0.2220789715669027 -0.3656546952389235 0
4360 0.197099210310394 -0.3644181929486194 0
4361 0.6600796076632085 -0.3609353528155843 0
4362 -0.4624340394695299 -0.2749266545615558 0
4363 0.5734605153969821 -0.3364797684622793 0
4364 0.3003330180867007 -0.2827741615127728 0
4365 -0.290853429752214 -0.3673494366452381 0
4366 0.0605035592231697 -0.338374894800971 0
4367 -0.5373896394927757 -0.2723286702019294 0
4368 -0.5243676283699188 -0.2519520272481692 0
4369 -0.5623733550343124 -0.27158784094979 0
4370 0.07219206955786259 -0.3595860134788378 0
4371 0.0858487441215839 -0.3827278811778267 0
4372 -0.2373779039553556 -0.2820039585572314 0
4373 -0.5523767894955971 -0.336356222904918 0
4374 -0.8755391533326433 -0.2803499907241509 0
4375 -0.6023407911603218 -0.3344617421886582 0
4376 0.4603122614778945 -0.3539771909241374 0
4377 -0.8871161560459094 -0.2584919395006811 0
4378 -0.8987695782531372 -0.2363741242638113 0
4379 0.2008506783093649 -0.2802040539029598 0
4380 0.006261249050630236 -0.3788603211876094 0
4381 -0.5656866290352128 -0.3570411466069494 0
4382 -0.5906724701605116 -0.3561950387201218 0
4383 -0.5773338049006553 -0.3776714047712062 0
4384 0.2886442401453608 -0.2614141072847822 0
4385 0.4135859512175601 -0.2654939500712281 0
4386 0.8233010007443438 -0.3461331504691323 0
4387 0.8349191546786506 -0.3684664301702654 0
4388 0.8599004556526447 -0.3694331781202518 0
4389 0.8636005422881823 -0.2844322481881747 0
4390 0.8732283922805969 -0.3482818887969703 0
4391 0.8848817561690762 -0.3703999257783348 0
4392 0.9098630570049121 -0.3713666742881401 0
4393 0.9231540185237154 -0.3503832204595945 0
4394 0.913202763311607 -0.2850777024103817 0
4395 0.9277294229319761 -0.2644703085636522 0
4396 0.9516518028883595 -0.2648127873768829 0
4397 0.9437867149586594 -0.2446478536255583 0
4398 0.9013369967306912 -0.262990183151949 0
4399 0.9631892840460067 -0.2868104284338937 0
4400 0.9787151785594568 -0.2613961283882471 0
4401 -0.9653998417343019 -0.341964685030602 0
4402 -0.9538575992500378 -0.3623517722121505 0
4403 0.8604825752078957 -0.4010213019831994 0
4404 -0.83615548493504 -0.2309104934308497 0
4405 -0.6365394441366021 -0.2300424073883303 0
4406 0.735491984504443 -0.4004198821192588 0
4407 -0.8860349838736366 -0.3983851040936859 0
4408 0.4877905642094853 -0.2305140686535907 0
4409 -0.5865372324719305 -0.2311572863912481 0
4410 -0.4888075058159882 -0.3990031506632672 0
4411 -0.4388524944356594 -0.3994106307767389 0
4412 0.235855998772869 -0.2319777596283252 0
4413 0.3879045170350904 -0.2296867908815781 0
4414 0.6127004642076942 -0.2314613837676909 0
4415 0.2879018162517405 -0.2291226736320269 0
4416 -0.2075190833869596 -0.2355627205719752 0
4417 -0.4617381429043625 -0.2316486632831669 0
4418 -0.3888973890934084 -0.3998156828564756 0
4419 -0.7122524736020968 -0.3977898236568027 0
4420 0.386558810509742 -0.3978697687757133 0
4421 0.2155713326775977 -0.4001651539898532 0
4422 -0.161475229835375 -0.3980971420123325 0
4423 0.437859026343438 -0.2301072447819656 0
4424 0.3379146622595255 -0.2293587089623852 0
4425 -0.5387648047160163 -0.3987157822503562 0
4426 -0.2846196668970544 -0.3995063978252897 0
4427 -0.312294159158535 -0.2332489440942851 0
4428 0.9118319062513879 -0.3960932926666239 0
4429 0.4362250745933306 -0.3979940488174591 0
4430 -0.3389421729642755 -0.4002178721351406 0
4431 -0.4367607307972862 -0.2319666336521955 0
4432 0.9617821498888024 -0.3981653039648201 0
4433 -0.9344209020373206 -0.4003089098300485 0
4434 0.6855143158777476 -0.3997860120654373 0
4435 -0.9367770828955555 -0.25778545210283 0
4436 -0.9609111796939449 -0.2315884341030241 0
4437 0.988582121223249 -0.2871581379834875 0
4438 0.9323205750681629 -0.373437290083892 0
4439 -0.6868231120286719 -0.3982951928346008 0
4440 -0.1416720662248743 -0.3741085925015764 0
4441 0.947676814583065 -0.3513894383196767 0
4442 -0.4744620604968321 -0.2530843946236487 0
4443 -1.028745526997793 -0.3607678708124773 0
4444 -0.3620506916566495 -0.2328143925785593 0
4445 0.4725489805410126 -0.3761353077284451 0
4446 0.5608757466233274 -0.3991005472546743 0
4447 0.1612801372669968 -0.2315607771491965 0
4448 0.9640625692012914 -0.2447256867756238 0
4449 1.056869802689484 -0.2860134174678741 0
4450 1.088278271065193 -0.2928733185817833 0
4451 -0.3379441494649664 -0.2788772885159929 0
4452 -1.017863151886926 -0.3822579261047672 0
4453 0.9882783506638242 -0.3981285995216588 0
4454 -0.6533737580811572 -0.3754417501166838 0
4455 -0.1115541759595389 -0.3988362759108384 0
4456 -0.715077538467722 -0.3521029960904229 0
4457 -0.4990974205688523 -0.2525826277571603 0
4458 -0.9768529303387585 -0.2768483933776018 0
4459 0.4860565427471398 -0.3983685783062576 0
4460 0.6617920433405624 -0.2310095197241431 0
4461 0.2563770264938046 -0.3866469485602408 0
4462 0.361130833016985 -0.3509212686083174 0
4463 1.000667876410119 -0.2670619643147578 0
4464 0.1396019250800061 -0.2554112461273803 0
4465 0.5373885313531157 -0.2303692202443468 0
4466 0.8870249241441046 -0.2292163092839559 0
4467 -0.349953250557608 -0.2557118557794951 0
4468 -0.5364973327859681 -0.2309712363251446 0
4469 -1.047110141169115 -0.3767280348153292 0
4470 -0.6380211921467401 -0.398210127281784 0
4471 -0.5113629885976019 -0.2311346839455837 0
4472 0.6880343642685123 -0.2768463505791487 0
4473 -0.08605938827097392 -0.3990659785319188 0
4474 0.5230855491325052 -0.3776652322568914 0
4475 -1.002215331894899 -0.2762354241201201 0
4476 0.6261525849929064 -0.2530457999440898 0
4477 0.110964673923641 -0.2305707754227981 0
4478 1.396067163560837 -0.3150656802036771 0
4479 -1.399079730268124 -0.3098061082285781 0
4480 0.6371692822818333 -0.3992971906313514 0
4481 -1.162178007198341 -0.3041673917152004 0
4482 0.398550673202813 -0.3752161381599883 0
4483 -0.5492457782443524 -0.2515639075654263 0
4484 -0.6017743954107415 -0.3775397812395802 0
4485 0.7876382583524428 -0.2349599855363245 0
4486 0.5359977076499975 -0.3989140853205875 0
4487 -0.06770260373879376 -0.3763378406990441 0
4488 0.6010669882123142 -0.2525215967708583 0
4489 1.010828643574151 -0.2297753702093512 0
4490 0.08733414696003673 -0.226865840945603 0
4491 -0.5742721320432992 -0.251091576462283 0
4492 -0.5880885953590176 -0.3988621309961395 0
4493 0.5725147265302566 -0.3781076647243715 0
4494 -0.03384700185896111 -0.3986148717940665 0
4495 -1.021670487027508 -0.2520573444050385 0
4496 0.5754011423856604 -0.2513132354831065 0
4497 -1.101953836768245 -0.3526339216728225 0
4498 0.06312314662527323 -0.2564877829186791 0
4499 -1.07385581274774 -0.2657702251424787 0
4500 -0.599232900373451 -0.2506462615823999 0
4501 -0.5528728884939742 -0.3777217887037594 0
4502 0.5971722859138202 -0.3785685530015996 0
4503 -0.7886100346430471 -0.394299366579034 0
4504 -0.01847587852839214 -0.3779432881350644 0
4505 0.5623014519542616 -0.230621123509172 0
4506 0.6746609489176639 -0.2535241467488092 0
4507 0.03767739497454087 -0.2267646062396853 0
4508 -0.6243020390046272 -0.2500187172203407 0
4509 0.6098632222643494 -0.3996496968635945 0
4510 1.034011987875776 -0.2801590072691074 0
4511 -0.5275454299918589 -0.3783627412454251 0
4512 0.52616940338438 -0.2510616479446561 0
4513 1.121633354254537 -0.3023684594069458 0
4514 -1.141847997102347 -0.3437988453300473 0
4515 0.01432039559841647 -0.4005511168231948 0
4516 -1.067137095001114 -0.3421694456005149 0
4517 -0.2668357441229244 -0.3664215371026529 0
4518 0.01389062352034298 -0.2554759418672905 0
4519 0.6468630858360932 -0.3792088952885369 0
4520 -0.650018410815724 -0.248789053195555 0
4521 -0.6749194015166853 -0.2479228236383797 0
4522 -0.5032120661005526 -0.3784504660146837 0
4523 0.501394406620432 -0.2507462748854543 0
4524 1.104183260550043 -0.2697609917152022 0
4525 0.04079720341359848 -0.3997717132514502 0
4526 -0.01561647708719326 -0.2295370550831901 0
4527 0.8104643965162981 -0.401737403201869 0
4528 -0.7118232516260495 -0.2284486811466735 0
4529 0.671865487752396 -0.3796303832219028 0
4530 -0.4780076734279964 -0.3791257620718511 0
4531 0.4761443872637392 -0.2499846218906896 0
4532 0.05803055629572855 -0.3788537420664415 0
4533 -0.6869769958617693 -0.228837292611848 0
4534 -0.03768440037801508 -0.2257975256783844 0
4535 1.005992242610014 -0.3765611893666438 0
4536 0.6973187976944426 -0.380609886668271 0
4537 -0.7498881566097243 -0.2461335561120208 0
4538 -0.4534590885647991 -0.3792490035846221 0
4539 0.4511265851528013 -0.2494361606687363 0
4540 -1.010217513141829 -0.4024979562982764 0
4541 0.08735814250332419 -0.4045400170258624 0
4542 -0.7866140156682417 -0.2280265071955423 0
4543 -0.06171898343358389 -0.2531842435570688 0
4544 0.7223652826858132 -0.3812374142606991 0
4545 -0.7250288506687941 -0.2469897723655912 0
4546 -0.4283095294899195 -0.379866135818693 0
4547 0.4261371545953871 -0.2488630177146014 0
4548 0.2136692385234157 -0.2644473365824087 0
4549 1.281083039379493 -0.356882779446412 0
4550 -1.282060026838617 -0.3529262196698966 0
4551 0.1094244320666448 -0.3771798289144641 0
4552 -0.9852643122402058 -0.4030506539381857 0
4553 0.9983111403860104 -0.2483789055665877 0
4554 0.7728556349712496 -0.3832327653317655 0
4555 0.7476226685188556 -0.3820207699249671 0
4556 -1.050147344265883 -0.2777846008663598 0
4557 -0.08708274936712226 -0.2258859609139954 0
4558 0.4009263159493173 -0.2479254309508008 0
4559 -0.4034879023532489 -0.3802430136985091 0
4560 1.035532718889505 -0.4025398685200372 0
4561 -0.7620371293118345 -0.22794145127056 0
4562 0.1398424150207579 -0.4018999568503716 0
4563 -0.8791954278671484 -0.2411077993511253 0
4564 -1.124268046038574 -0.2862202358512853 0
4565 -0.9686841478908239 -0.3816655821205366 0
4566 -0.110925484223131 -0.2523376497897143 0
4567 0.3759064565575013 -0.2473157826863819 0
4568 1.117176915686811 -0.3459298926444117 0
4569 -0.3783292283985009 -0.3809590774460574 0
4570 0.1620847380887785 -0.4051407565038154 0
4571 -0.9166392405381482 -0.2283554506868768 0
4572 -0.9448220687511825 -0.3818698420313105 0
4573 0.7859201019665669 -0.4016910835073517 0
4574 -0.7990118081965477 -0.2465263350695039 0
4575 0.3509109906250938 -0.246758717520084 0
4576 -0.1403920672552396 -0.2275990583278968 0
4577 -0.3533220275920361 -0.3814785467975419 0
4578 1.226178297254785 -0.3145938487275473 0
4579 0.9601987565609711 -0.225511186467223 0
4580 -1.05218532146055 -0.3567863398629143 0
4581 0.8225961545463562 -0.3835935952252765 0
4582 1.071539855501859 -0.3106470031913204 0
4583 0.18487011230001 -0.378276478918826 0
4584 -0.9224847792166287 -0.3831378458798067 0
4585 -0.8241005099532878 -0.2461446917171735 0
4586 0.3258917074361845 -0.2463041840391291 0
4587 -0.3280835860007247 -0.3823124076119502 0
4588 -0.1617017924435302 -0.2238170606026628 0
4589 -0.9527425886992291 -0.249985716026778 0
4590 0.2121492214908711 -0.2241617945397856 0
4591 0.9353461293485938 -0.2257342423990387 0
4592 -0.8978536971847111 -0.3836295706533885 0
4593 -0.2620666853710759 -0.405933885460394 0
4594 0.8476472973199183 -0.3844476749498948 0
4595 0.2065701516688912 -0.3811921455949285 0
4596 -0.8474806473420059 -0.2455752675413621 0
4597 0.3011213282897636 -0.2462935360367755 0
4598 -0.3018750779128129 -0.3830465093348785 0
4599 -0.2801892194181744 -0.381056163464649 0
4600 -0.185338483219388 -0.2480823025462158 0
4601 -0.8749173468306928 -0.3842160904925613 0
4602 0.8726117007831304 -0.3847015830576108 0
4603 0.9001354522219812 -0.2432042545678286 0
4604 0.2313623101893391 -0.3836803355607454 0
4605 0.2758848813292446 -0.2457871956520208 0
4606 -0.8833808107352799 -0.2250834121718324 0
4607 1.037243473415954 -0.297287647177745 0
4608 0.9198327152185725 -0.2447690580040227 0
4609 1.019846372545373 -0.2695068626975985 0
4610 0.2615452330601679 -0.4062250387444344 0
4611 0.8968678099257594 -0.3839223488344778 0
4612 0.2517069647607474 -0.246303510760626 0
4613 -1.106322775328464 -0.2672276356996477 0
4614 0.8768109468216335 -0.269575954470632 0
4615 -0.6117800923341874 -0.607908289155711 0
4616 -0.8610762519335354 -0.6083851040936263 0
4617 -0.4863898002110087 -0.4421560924985215 0
4618 -0.7317648734009481 -0.4444187508300743 0
4619 -0.9866651654376321 -0.4411700971359167 0
4620 0.461736540891896 -0.6083851040936263 0
4621 0.3904532145568347 -0.6090513830965811 0
4622 0.2609021730313604 -0.6064222416961549 0
4623 0.1405711610996666 -0.6087101234534664 0
4624 0.01247936597005139 -0.6083851040936263 0
4625 -0.1106781038066836 -0.6079719190337762 0
4626 -0.2338871703448168 -0.6070876561319363 0
4627 -0.3618072854293813 -0.6076925167074165 0
4628 1.009538277080846 -0.4393657839731659 0
4629 0.9339229338337105 -0.4407262087651986 0
4630 0.8610762519335355 -0.4416148959063744 0
4631 0.7871070762527137 -0.4410356256541306 0
4632 0.7105245359116678 -0.4439008193645542 0
4633 0.6414043396475512 -0.4405477177995927 0
4634 0.5366815596716934 -0.4410642759702164 0
4635 -0.6604764535368406 -0.4417323610203177 0
4636 -0.8139928968749207 -0.4398100018534201 0
4637 -0.5630545077867712 -0.4409432663720665 0
4638 -0.9109937158137401 -0.4416148959063744 0
4639 0.335492541797992 -0.443272179954441 0
4640 0.2121492214908712 -0.4416148959063744 0
4641 0.08835710248071678 -0.4415600078018223 0
4642 -0.03807138453842267 -0.4417787435148206 0
4643 -0.1655717615150619 -0.4410491749647818 0
4644 -0.2875099962313588 -0.4428408610466956 0
4645 -0.4136506935432772 -0.4434855699309495 0
4646 0.5867969764774714 -0.6096824809488943 0
4647 -1.034705669784925 -0.6074810680734153 0
4648 1.062689836397937 -0.6067017854504133 0
4649 -0.4617365408918956 -0.6083851040936263 0
4650 -0.7089373832392427 -0.6094151001547896 0
4651 -0.9598874731229905 -0.6085983792044143 0
4652 0.4367778089517935 -0.4416148959063744 0
4653 0.9102976152406473 -0.6087887568580452 0
4654 0.7353689542122659 -0.6073459519080835 0
4655 0.9862398704145054 -0.6061164075681287 0
4656 0.8361175199934326 -0.6083851040936263 0
4657 0.6589620222519268 -0.6085876200514981 0
4658 -0.5374715685727216 -0.6090501395365244 0
4659 -0.7882665662293817 -0.6093141749028703 0
4660 -1.064118935240958 -0.4442864811568583 0
4661 1.097050827540491 -0.449757491228663 0
4662 -1.093132778495403 -0.5977035660614796 0
4663 -0.9109937158137347 -0.6090158709014304 0
4664 -0.4116777143013409 -0.605049863690887 0
4665 0.3110197059990297 -0.6094530530553541 0
4666 0.1902415508020792 -0.6118331262301933 0
4667 0.06131112255128866 -0.6091306803192786 0
4668 -0.06107281186573581 -0.6113518239871265 0
4669 -0.186138946050287 -0.6087516895913563 0
4670 -0.3118918490540474 -0.6104672287356863 0
4671 -0.6617775688623115 -0.6086371688857763 0
4672 0.5125630351153887 -0.6083336667683223 0
4673 -0.6114889325325019 -0.4409348557403696 0
4674 -0.8562292594053061 -0.4387469185388078 0
4675 0.5865379211103738 -0.442411863432902 0
4676 0.2621071899451989 -0.4406254728617327 0
4677 0.03462416308597864 -0.4383310135670797 0
4678 -0.08692230994455828 -0.4412532302837935 0
4679 -0.2120047434021548 -0.4409713457974167 0
4680 -0.3374088878114045 -0.4385982494641247 0
4681 0.3903257772484738 -0.4403786845276727 0
4682 0.1343547021309117 -0.4413530792576434 0
4683 0.7878893815978014 -0.6089492223006978 0
4684 0.4867257921582746 -0.4403974592318249 0
4685 -1.14044023209248 -0.4722222871547288 0
4686 1.140167831564216 -0.5866826433387562 0
4687 -1.205471201670705 -0.572391920502227 0
4688 1.19757377361336 -0.484788330606289 0
4689 1.298975172721345 -0.5718285757075723 0
4690 -1.298975172721312 -0.4781714242924853 0
4691 1.062836654647978 -0.447653236808172 0
4692 1.074845153706507 -0.4781877012060818 0
4693 1.111437023425133 -0.4849185367894613 0
4694 1.084714480454422 -0.5110088130284751 0
4695 1.053713718958371 -0.5034704477192715 0
4696 1.061795334908179 -0.5338187960639758 0
4697 1.034693400184145 -0.5257369977861881 0
4698 1.026485774115895 -0.4989395718591751 0
4699 1.009150271123449 -0.5198118101932998 0
4700 1.000834826525124 -0.4957375783709761 0
4701 0.9841921561124796 -0.5154522298827118 0
4702 1.016749234250368 -0.5436534860965789 0
4703 0.9757681524606002 -0.4918451080168804 0
4704 0.9595930909649115 -0.5110516758406725 0
4705 0.968054005107573 -0.5345415294651978 0
4706 0.9434721490503337 -0.5301819675300123 0
4707 0.9349678991618605 -0.506679704680371 0
4708 0.9188629227355947 -0.525805602105299 0
4709 0.9103539725449532 -0.5022977973975955 0
4710 0.8942504379910284 -0.5214210765148746 0
4711 0.9519783272670278 -0.5536905547930679 0
4712 0.9027595984553454 -0.5449284151839393 0
4713 0.8781470929623003 -0.5405439959089797 0
4714 0.8696378691801756 -0.5170367022030362 0
4715 0.8535345589813628 -0.5361595726627399 0
4716 0.8450253315142024 -0.5126522749282429 0
4717 0.8289220270516597 -0.5317751347482176 0
4718 0.8204127993407584 -0.5082678365993214 0
4719 0.8043094962341908 -0.5273906934565371 0
4720 0.7958002682680771 -0.5038833958652056 0
4721 0.7796969653290445 -0.5230062523557315 0
4722 0.7711877373644779 -0.4994989547619006 0
4723 0.7550844344692541 -0.51862181115618 0
4724 0.7635936624410765 -0.5421291087343469 0
4725 0.7389811315798811 -0.537744667537595 0
4726 0.7304719036069668 -0.5142373699620926 0
4727 0.714368600718387 -0.5333602263415855 0
4728 0.7058593727454168 -0.5098529287660796 0
4729 0.6897560698571984 -0.5289757851450076 0
4730 0.6812468418840778 -0.5054684875696687 0
4731 0.6651435389960393 -0.5245913439485186 0
4732 0.6983007731398648 -0.5522839382655746 0
4733 0.6566343110228827 -0.5010840463731761 0
4734 0.6405310081347505 -0.5202069027522978 0
4735 0.6320217801615374 -0.4966996051768895 0
4736 0.6159184772735424 -0.515822461555997 0
4737 0.6244277052468435 -0.5393297591313893 0
4738 0.5998151743856195 -0.534945317935188 0
4739 0.5913059464123593 -0.5114380203594457 0
4740 0.575202643524334 -0.5305608767387806 0
4741 0.5666934155512566 -0.5070535791630544 0
4742 0.550590112663053 -0.5261764355424159 0
4743 0.5420808846901379 -0.5026691379667305 0
4744 0.5259775818018155 -0.5217919943459108 0
4745 0.5590993406362623 -0.5496837331180835 0
4746 0.5174683538288268 -0.4982846967702059 0
4747 0.5013650509405081 -0.5174075531491447 0
4748 0.5098742789134355 -0.5409148507249011 0
4749 0.4852617480522621 -0.5365304095282397 0
4750 0.476752520079176 -0.5130231119526609 0
4751 0.4606492171911072 -0.5321459683318164 0
4752 0.4521399892179758 -0.5086386707563033 0
4753 0.4360366863299301 -0.527761527135393 0
4754 0.4275274583567239 -0.5042542295598338 0
4755 0.411424155468668 -0.52337708593892 0
4756 0.4199333834417924 -0.5468843835143886 0
4757 0.3953208525804508 -0.5424999423179582 0
4758 0.3868116246075073 -0.5189926447424256 0
4759 0.3707083217191985 -0.5381155011214709 0
4760 0.3621990937463141 -0.5146082035458264 0
4761 0.3460957908580109 -0.5337310599248184 0
4762 0.3375865628851438 -0.5102237623493195 0
4763 0.3214832599968305 -0.5293466187281552 0
4764 0.3129740320240009 -0.5058393211525694 0
4765 0.2968707291356262 -0.5249621775313464 0
4766 0.3546050188308456 -0.5572383575003794 0
4767 0.2883615011629101 -0.5014548799557907 0
4768 0.2722581982744616 -0.5205777363345128 0
4769 0.2807674262471432 -0.5440850339101004 0
4770 0.256154895385967 -0.5397005927131939 0
4771 0.2476456674133511 -0.516193295137553 0
4772 0.2315423645247965 -0.5353161515161879 0
4773 0.223033136552227 -0.5118088539404742 0
4774 0.206929833663667 -0.5309317103190416 0
4775 0.1984206056910398 -0.5074244127432692 0
4776 0.1823173028025608 -0.5265472691220232 0
4777 0.1738080748299773 -0.5030399715464569 0
4778 0.1577047719414973 -0.5221628279252055 0
4779 0.1662139999141159 -0.5456701255007612 0
4780 0.1416014690530515 -0.541285684303876 0
4781 0.1330922410804256 -0.5177783867280699 0
4782 0.1169889381918512 -0.5369012431066693 0
4783 0.1084797102195025 -0.5133939455308294 0
4784 0.0923764073307097 -0.5325168019092015 0
4785 0.08386717935839942 -0.5090095043334113 0
4786 0.06776387646962354 -0.5281323607118491 0
4787 0.05925464849737023 -0.5046250631360802 0
4788 0.04315134560850876 -0.5237479195145731 0
4789 0.03464211763628272 -0.5002406219388273 0
4790 0.01853881474747621 -0.5193634783173309 0
4791 0.01002958677523112 -0.4958561807416615 0
4792 -0.006073716113508787 -0.5149790371202378 0
4793 0.002435511858806963 -0.5384863346959499 0
4794 -0.02217701900234133 -0.5341018934987982 0
4795 -0.03068624697461004 -0.5105945959230898 0
4796 -0.0467895498634608 -0.529717452301611 0
4797 -0.05529877783578536 -0.5062101547259203 0
4798 -0.07140208072452627 -0.5253330111044399 0
4799 -0.07991130869700902 -0.5018257135288007 0
4800 -0.09601461158562249 -0.5209485699074321 0
4801 -0.1045238395580608 -0.4974412723317325 0
4802 -0.1206271424466474 -0.5165641287104101 0
4803 -0.08750538361298073 -0.5444558674831192 0
4804 0.1008856353030195 -0.5560240994851249 0
4805 0.8128187241712663 -0.5508979911114888 0
4806 0.05166057358077667 -0.5472552170901004 0
4807 -0.01366779102981561 -0.5576091910745404 0
4808 -0.1291363704191068 -0.4930568311347567 0
4809 -0.14523967330777 -0.5121796875134859 0
4810 -0.1367304453351401 -0.5356869850890824 0
4811 -0.161342976196343 -0.5313025438922026 0
4812 -0.1698522041689552 -0.5077952463163999 0
4813 -0.1859555070575091 -0.5269181026952392 0
4814 -0.1944647350300303 -0.5034108051194917 0
4815 -0.2105680379186544 -0.5225336614982901 0
4816 -0.2190772658911754 -0.4990263639225674 0
4817 -0.2351805687798061 -0.5181492203013143 0
4818 -0.2436897967522992 -0.4946419227256111 0
4819 -0.2597930996409256 -0.5137647791042408 0
4820 -0.2512838716684208 -0.5372720766799368 0
4821 -0.2758964025296234 -0.5328876354829415 0
4822 -0.2844056305019554 -0.5093803379070074 0
4823 -0.3005089333907763 -0.5285031942856673 0
4824 -0.3090181613629868 -0.5049958967096586 0
4825 -0.3251214642518597 -0.5241187530881426 0
4826 -0.3336306922239614 -0.5006114555122672 0
4827 -0.3497339951128849 -0.5197343118907334 0
4828 -0.3582432230849426 -0.4962270143148668 0
4829 -0.3743465259739067 -0.5153498706933455 0
4830 -0.3658372980018276 -0.5388571682691392 0
4831 -0.3904498288628216 -0.5344727270716589 0
4832 -0.3989590568349202 -0.5109654294959025 0
4833 -0.4150623597239043 -0.5300882858742213 0
4834 -0.4235715876960565 -0.5065809882983565 0
4835 -0.4396748905849262 -0.5257038446767694 0
4836 -0.4481841185572171 -0.5021965471009615 0
4837 -0.4642874214459652 -0.5213194034794437 0
4838 -0.2673871745570058 -0.5563949330587104 0
4839 -0.2020588099460789 -0.5460409590738191 0
4840 -0.152833748223591 -0.5548098414678968 0
4841 -0.4309962805833648 -0.5482602980651947 0
4842 -0.4727966494182548 -0.4978121059037424 0
4843 -0.4888999523069919 -0.5169349622821926 0
4844 -0.4803907243348021 -0.5404422598579579 0
4845 -0.5050032551958136 -0.5360578186606482 0
4846 -0.5135124831680319 -0.5125505210848953 0
4847 -0.5296157860569 -0.531673377463191 0
4848 -0.5381205812192553 -0.5081411958344084 0
4849 -0.5542275781163828 -0.5272847889236214 0
4850 -0.5627322501449423 -0.5037519160710584 0
4851 -0.5788398421878536 -0.5228988500749647 0
4852 -0.5703313290746284 -0.5464101605882838 0
4853 -0.5949439346140057 -0.5420261386054968 0
4854 -0.6034531750327002 -0.5185189108988606 0
4855 -0.6195566815289005 -0.5376429102499536 0
4856 -0.6280658755668028 -0.5141354221788941 0
4857 -0.6441692067341875 -0.5332584373034503 0
4858 -0.6526784337639663 -0.5097511344363141 0
4859 -0.6687817427194226 -0.5288740248713246 0
4860 -0.677290970035113 -0.5053667236091677 0
4861 -0.6933942738255906 -0.5244895850497482 0
4862 -0.7019035018388136 -0.5009822877031631 0
4863 -0.7180068049502503 -0.5201051453322609 0
4864 -0.4964940272236724 -0.5595651162364277 0
4865 -0.6848850460029704 -0.5479968834688957 0
4866 0.2154390616362694 -0.5544390078947856 0
4867 -0.7265160329009868 -0.4965978476344954 0
4868 -0.7426193358231632 -0.5157207042011205 0
4869 -0.7341101078564902 -0.5392280018084392 0
4870 -0.7587226387203346 -0.5348435606271931 0
4871 -0.7672318666931737 -0.511336263054158 0
4872 -0.783335169583931 -0.5304591194441812 0
4873 -0.7918443975560729 -0.5069518218676503 0
4874 -0.8079477004452805 -0.5260746782482766 0
4875 -0.81645692841739 -0.5025673806723461 0
4876 -0.8325602313064054 -0.5216902370513452 0
4877 -0.824051003333986 -0.5451975346271265 0
4878 -0.8486635341950791 -0.5408130934301152 0
4879 -0.8571727621674252 -0.5173057958542699 0
4880 -0.8732760650562252 -0.53642865223323 0
4881 -0.8817852930288039 -0.5129213546575642 0
4882 -0.8978885959173026 -0.5320442110363697 0
4883 -0.9063978238898687 -0.5085369134608708 0
4884 -0.9225011267785079 -0.5276597698395769 0
4885 -0.9310103547508604 -0.5041524722640141 0
4886 -0.9471136576396398 -0.5232753286426473 0
4887 -0.955622885612043 -0.4997680310668073 0
4888 -0.971726188500767 -0.5188908874453659 0
4889 -0.9632169605283064 -0.542398185021284 0
4890 -0.9878294913894206 -0.5380137438241128 0
4891 -0.9963387193618241 -0.5145064462482303 0
4892 -1.012175585222348 -0.5321336297958226 0
4893 -1.020906844051604 -0.5098727262460407 0
4894 -1.036784300934636 -0.527727771851799 0
4895 -1.044872936154175 -0.5059807655215991 0
4896 -1.062148473521139 -0.5249690236964213 0
4897 -1.071291725165802 -0.4995421859347431 0
4898 -1.092178944604014 -0.522983372239608 0
4899 -0.7757410946673566 -0.4878289654890438 0
4900 -0.7502134107496499 -0.5583508582108507 0
4901 -1.00668086368011 -0.5575363419949255 0
4902 -0.5222056666945065 -0.4873622773833546 0
4903 -0.3166122362795066 -0.5476260506643804 0
4904 -1.053445808306891 -0.5499841689628759 0
4905 0.6727376139111847 -0.4819611899942853 0
4906 -1.029460478195589 -0.4866147074755069 0
4907 -0.6354003105590779 -0.5553080595745623 0
4908 -0.9139918988058906 -0.5511670674151699 0
4909 -0.3819406008905742 -0.5579800246475166 0
4910 0.2391364394407609 -0.4926859975617059 0
4911 0.8620437867579969 -0.5596668694350253 0
4912 -0.6365751307180112 -0.4906282771759205 0
4913 -0.890294521001438 -0.4894140570819197 0
4914 0.8119035711570337 -0.484760539483343 0
4915 0.6083244023591048 -0.5584526155106992 0
4916 0.3536898657734458 -0.4911009059704465 0
4917 -0.4566933465296157 -0.4786892495251305 0
4918 0.6329369332203869 -0.5628370567065808 0
4919 0.3044648040512522 -0.4823320235770083 0
4920 0.4939659292970494 -0.5611763593942509 0
4921 0.1254929172217369 -0.4911734399070244 0
4922 0.5184127442837541 -0.5644640266096204 0
4923 -0.2427631155191398 -0.5607146595997019 0
4924 -0.3573280700295301 -0.5623644658449116 0
4925 -0.1282212173624198 -0.5591942826645564 0
4926 0.01096169353319066 -0.5618984608470896 0
4927 0.8611286335678751 -0.4935294205392395 0
4928 -0.1445674758161131 -0.5794105836225327 0
4929 0.4682432921059858 -0.4895158143771248 0
4930 0.7219626756338203 -0.4907300723871852 0
4931 0.9764995520217392 -0.5580644545342395 0
4932 0.5581157963910701 -0.4839302028510968 0
4933 -0.5864348382312231 -0.5655341748731271 0
4934 -0.7255659456381985 -0.5625391922494725 0
4935 -0.06389815061846724 -0.4832088947097688 0
4936 -0.9395446118259512 -0.4807856782413999 0
4937 -0.8401543062225542 -0.564320391005884 0
4938 -0.8155417753615364 -0.5687048322027106 0
4939 -0.7105842353522651 -0.4784377548745162 0
4940 -0.4698042322900632 -0.5669734040848695 0
4941 0.1898953068003445 -0.4840073309894066 0
4942 0.7474903595525055 -0.5612519651135308 0
4943 0.1652988468574581 -0.4795326739705548 0
4944 -0.7420059808566638 -0.5822319732252907 0
4945 0.7721853627474649 -0.5651734390229812 0
4946 -0.3171816900707665 -0.4817741576576076 0
4947 -0.5616936533865051 -0.5691964031363526 0
4948 -0.4075041264937324 -0.4876593330723082 0
4949 0.4038573677938884 -0.5658540600430353 0
4950 0.4284471592883181 -0.5703661511147811 0
4951 -0.178384373483235 -0.4844167324238651 0
4952 0.07535795138642992 -0.4855022067577295 0
4953 0.1501157416379682 -0.5647646634080541 0
4954 0.2646745501506484 -0.5631493583730176 0
4955 0.2893646489127926 -0.5670983638402731 0
4956 0.9607133548961333 -0.575870012831059 0
4957 0.9360197259204971 -0.5720184516486277 0
4958 0.1748696935736882 -0.5683552222351267 0
4959 0.6171280434146104 -0.5837313914934423 0
4960 -0.1131775980329769 -0.4747453122325709 0
4961 0.9264311559198368 -0.483325976522238 0
4962 0.9018402038254313 -0.478816010969453 0
4963 -0.1688258107306745 -0.5732631692805512 0
4964 -0.5752182491362251 -0.5878973096981426 0
4965 -0.964539144477206 -0.4785452553766376 0
4966 0.2804972520956517 -0.4784907172793424 0
4967 -0.489450559110296 -0.5847279964458032 0
4968 -0.5126447487734348 -0.5778587260987322 0
4969 0.2966254413831827 -0.4601366510813669 0
4970 0.1767145079263939 -0.461216567279207 0
4971 -0.2586675714460109 -0.5784345468744867 0
4972 -0.2828724298589237 -0.5750621451455729 0
4973 -0.7661637545712052 -0.5763950027192166 0
4974 1.091323845134814 -0.5436702364683654 0
4975 -0.8296376017728911 -0.5882680790052639 0
4976 -0.2277509513513589 -0.4764422660907908 0
4977 -0.2522264343060371 -0.4712884917738087 0
4978 1.044883149509007 -0.4744861849519424 0
4979 -0.9503362744710655 -0.4604637384440604 0
4980 -0.1367545131349245 -0.4687626194285563 0
4981 0.9918201942382951 -0.4734983774299124 0
4982 0.9674335598320132 -0.4680707260486905 0
4983 0.02582167843582302 -0.4775726602848529 0
4984 0.001295652008196883 -0.4725513368930034 0
4985 -0.481133168443598 -0.4735637949966165 0
4986 0.9469158134544681 -0.5916644580576822 0
4987 0.5916664569649875 -0.5760874989227514 0
4988 -0.003992524359905645 -0.5859684764475226 0
4989 -0.02920812998988708 -0.5774072766334069 0
4990 1.066676439567037 -0.5633246188092205 0
4991 -0.7358271721856153 -0.4703541387873607 0
4992 0.4123393085268019 -0.5895145374688795 0
4993 0.7559995875250544 -0.5847592626892766 0
4994 0.7302052645914459 -0.5805212826482897 0
4995 0.7104648278568338 -0.5960951756406967 0
4996 -0.2743933113475115 -0.5991001953872281 0
4997 -0.7609419037697032 -0.6030019974804617 0
4998 -0.1215422955025779 -0.4504266771802641 0
4999 0.9850189768954212 -0.4476476389207402 0
5000 -0.1638611620043036 -0.5956361686054521 0
5001 -0.02278674771478841 -0.6013601171370553 0
5002 0.1576553701837496 -0.5873694706592936 0
5003 0.6449540856846148 -0.5865289713478568 0
5004 0.6582410672651628 -0.566651897159117 0
5005 -0.373431372918277 -0.5814873222233192 0
5006 -0.4009373477459174 -0.5786702905586587 0
5007 -1.213528991675469 -0.4890914969741544 0
5008 1.215316976266299 -0.5611963164030236 0
5009 -1.142834136855885 -0.5870513467741532 0
5010 -1.157177734087515 -0.532345758207633 0
5011 0.4379023692501797 -0.5942054647515356 0
5012 0.4532589785890104 -0.5747121054776585 0
5013 0.4783584357237184 -0.5861658512436598 0
5014 1.095971831073979 -0.6017008401225361 0
5015 -1.096925040261141 -0.4494656592121746 0
5016 -1.100513312505768 -0.4881556159276954 0
5017 -0.5040881021405236 -0.6021952701905988 0
5018 1.017725370019958 -0.4754700269744383 0
5019 0.320518469827286 -0.4633325561481278 0
5020 0.9842943252398909 -0.5813716551369268 0
5021 -0.1199079946142653 -0.5842711057855077 0
5022 -0.3477814439929831 -0.5858829592005144 0
5023 1.122677852255277 -0.5226111038219265 0
5024 -0.2337113785148146 -0.4553090449338839 0
5025 -0.2587858126873387 -0.4442540016632037 0
5026 -0.2768741024239245 -0.4661092630690256 0
5027 -0.802789073326332 -0.5903447111627251 0
5028 -1.060761582976807 -0.6083761692965517 0
5029 -1.046910398472723 -0.5916771075561336 0
5030 -1.02360762403671 -0.581484463775281 0
5031 1.035499280406399 -0.6073643667806152 0
5032 -1.036319566432931 -0.4425666491678708 0
5033 -1.046218522409798 -0.4648038125007243 0
5034 -0.3868853900247322 -0.6040090318188884 0
5035 -0.4281051856742697 -0.5842084409236374 0
5036 -0.4653085799434258 -0.4579047929504583 0
5037 -0.5052638652334671 -0.4641197636624721 0
5038 -0.4405900436410114 -0.4595663931463552 0
5039 0.9181545892043769 -0.460264420504803 0
5040 0.8940540934502512 -0.4563020340165327 0
5041 -0.8559740595150599 -0.5842559171673258 0
5042 -0.6025382255842785 -0.5846575054009566 0
5043 -0.3017243532313018 -0.4628403280287898 0
5044 -0.4374579256935442 -0.6068717867056446 0
5045 -0.4513047755703757 -0.5856459668028045 0
5046 1.030391142112414 -0.4481667430055758 0
5047 -1.010764118371118 -0.4415767475219621 0
5048 -0.9983032906319621 -0.4633052585899904 0
5049 1.010874643955435 -0.6083054290960508 0
5050 1.021474196811187 -0.5856623236132581 0
5051 -0.8410694592784784 -0.4981829394754325 0
5052 -0.8250718142288963 -0.4796532047094004 0
5053 -0.8498475050763665 -0.4761846795900979 0
5054 -0.8357644229216622 -0.4561720844129518 0
5055 -0.8657267931110149 -0.4940500045603198 0
5056 -0.8750504527289238 -0.4711333075831732 0
5057 -0.9001411966217474 -0.4651953519986094 0
5058 -0.6612243343968225 -0.4864497027734043 0
5059 -0.6441543747763521 -0.464294560728062 0
5060 -0.618588213482457 -0.4727684039886455 0
5061 0.1255040515453461 -0.5603755024656358 0
5062 0.1087488020493724 -0.5805500365274803 0
5063 0.08482870073785197 -0.5744519798857119 0
5064 0.09329156038571755 -0.598654253439225 0
5065 -0.4321226309695106 -0.4833084254000326 0
5066 0.7882199386999471 -0.5464363886980248 0
5067 0.7961813404817808 -0.5689043652893542 0
5068 0.8195731782406224 -0.5729383235706784 0
5069 -0.03922253795086344 -0.4872392194222144 0
5070 -0.5873489917604439 -0.4993911123952337 0
5071 -0.5707648938135974 -0.4811839853891353 0
5072 0.6479236062131575 -0.4787077606274508 0
5073 0.6226917639318816 -0.4740095447799781 0
5074 0.6635769018601805 -0.4580744581951208 0
5075 0.6888409167996598 -0.4628383336157622 0
5076 -0.2918966974870686 -0.5519345511464415 0
5077 -0.3074427146611952 -0.5705609261856495 0
5078 -0.5940023516039155 -0.4774864396780156 0
5079 0.533472390700678 -0.4797190808212299 0
5080 0.5088459433436148 -0.475412761365277 0
5081 0.3299924879696765 -0.5528539163036896 0
5082 0.338643147641615 -0.5755672718689588 0
5083 0.3621566264173431 -0.5815020840820591 0
5084 0.3470109439158318 -0.5998685114548596 0
5085 0.3141446846143799 -0.570542498652685 0
5086 0.5836194310800551 -0.5538201788199189 0
5087 0.5671838035829737 -0.5721723140117341 0
5088 0.5429301164767304 -0.5686437831019457 0
5089 0.5519148791693627 -0.5901338025548952 0
5090 0.527243515734079 -0.5875728529450122 0
5091 -0.9386044296670784 -0.5467826262182847 0
5092 -0.9306543515717386 -0.5695853778962778 0
5093 -0.9061471983203347 -0.5732146868682744 0
5094 -0.9550455560690697 -0.5655820544827712 0
5095 -0.6858715626690174 -0.4822600392134913 0
5096 -0.6974214851084355 -0.4606165151866399 0
5097 -1.004703481409306 -0.4870895497862566 0
5098 0.2400533302960433 -0.5588136937725743 0
5099 0.2240712716619118 -0.5779002670874256 0
5100 0.2492324591341507 -0.5823505267241345 0
5101 0.2327360247743446 -0.6055758436369665 0
5102 0.6072724512576904 -0.4924513701766156 0
5103 0.598192125899938 -0.4683870397245276 0
5104 -0.9798345789031254 -0.5615337603463573 0
5105 -0.9949630756477499 -0.5826058485053665 0
5106 -1.008238796938424 -0.606309209299237 0
5107 -1.029800011627422 -0.5612493248263206 0
5108 -0.9700782799822689 -0.586082812449197 0
5109 -0.3421399201958686 -0.4771041579361697 0
5110 -0.3673481375956299 -0.4729353447816234 0
5111 0.4928369592153832 -0.494006149268742 0
5112 0.4842307639938113 -0.4710431877410297 0
5113 0.4586779472824688 -0.4649839148831685 0
5114 -0.2031696536285459 -0.4810020378588895 0
5115 -0.1887409621120354 -0.4591135223164642 0
5116 0.5344806957958418 -0.545279137240481 0
5117 -0.4067897688521072 -0.5524780964451264 0
5118 -0.1774277390212076 -0.5503138121767233 0
5119 -0.1933762189237742 -0.568566301210188 0
5120 -0.2181197694537347 -0.5649246557808283 0
5121 -0.2088567898677867 -0.5903311255002635 0
5122 -0.2266623622143058 -0.5416058721556478 0
5123 -0.0381864945695517 -0.5533372880740721 0
5124 -0.05438362477967436 -0.5723476062562618 0
5125 0.3054372061460748 -0.5481481014943768 0
5126 -0.153627151969548 -0.488691485212895 0
5127 -0.01462490571891574 -0.4915308020116278 0
5128 0.214505159175139 -0.4884068081567996 0
5129 0.2305510492323433 -0.4665891226473775 0
5130 0.3790897814082135 -0.5615701603725025 0
5131 0.05055517901562842 -0.4820344263958258 0
5132 0.0682557119553046 -0.4628543847562874 0
5133 0.09168153375962733 -0.4665760689173961 0
5134 0.1114524498746915 -0.4535540874676336 0
5135 0.1304256175443243 -0.4663720712137085 0
5136 -0.8647195788176512 -0.5600713947727627 0
5137 0.4436307612446701 -0.4851313731806126 0
5138 0.4189403519511776 -0.4811841109165425 0
5139 0.4445806450007075 -0.5512539002469126 0
5140 -0.2683023276132263 -0.4902574815286407 0
5141 -0.7094917545501838 -0.5435797580870965 0
5142 -0.7009466219710576 -0.566885501305773 0
5143 -0.6734040545199182 -0.5715954730494079 0
5144 -0.6931325090003309 -0.589348413775646 0
5145 -0.3412247671406792 -0.5432416094666124 0
5146 0.2638564667860631 -0.4971609612420025 0
5147 0.8365161024044397 -0.489144979863692 0
5148 0.8266181397780517 -0.464994779240385 0
5149 0.8003469114328539 -0.4619797302042965 0
5150 0.8532711935699193 -0.4658322082360762 0
5151 0.02705086833678128 -0.5428549139888812 0
5152 0.3290690620602348 -0.4867370295988618 0
5153 0.4029019477568426 -0.4999426515186496 0
5154 0.394169361154304 -0.4776892015638392 0
5155 0.4105090024105402 -0.4572396344088521 0
5156 -0.382961008650107 -0.4919120446500926 0
5157 -0.8813816953908546 -0.5769463116127085 0
5158 -0.332475457887459 -0.5663825751089178 0
5159 -0.2929177108673602 -0.4858929108167906 0
5160 0.1908509417230222 -0.5499175332241801 0
5161 -0.751262215674915 -0.4917573380465861 0
5162 -0.7610725904812603 -0.4686369580635521 0
5163 -0.7841922373176142 -0.4644288433468517 0
5164 -0.7680511925892622 -0.4442036284237059 0
5165 -0.4557781934736363 -0.5448267010550119 0
5166 0.07628083249577422 -0.5515238289579543 0
5167 -0.5211144611948784 -0.5550424672862384 0
5168 0.3782608436166089 -0.4957186094887174 0
5169 0.3695344337116788 -0.4734304859791134 0
5170 0.1996530525340487 -0.5725324252312358 0
5171 -0.9798284399893818 -0.4960543016266925 0
5172 -0.4973019642108084 -0.4920572375522099 0
5173 -0.5296742088789916 -0.4632399917754437 0
5174 -0.5465331559117692 -0.4845506373201527 0
5175 -0.08868228566549932 -0.4797877720137436 0
5176 0.7465752064967052 -0.4951145135801944 0
5177 0.7378004572896486 -0.4730977479246317 0
5178 0.7136149110962949 -0.4676834797931999 0
5179 -0.1121179144739461 -0.5400714262861754 0
5180 -0.7994384724729273 -0.5495819758237683 0
5181 0.7227667019169701 -0.5567190060565324 0
5182 -0.8004672121206726 -0.4841543620797921 0
5183 0.2564735742675547 -0.4747129404132941 0
5184 -0.5456987781337743 -0.5506517881358128 0
5185 -0.8895675053847097 -0.5549787206564218 0
5186 -0.6110041244938273 -0.5609069754847233 0
5187 -0.6285936678962986 -0.5806596858929822 0
5188 -0.6379711110095551 -0.6070047234928602 0
5189 -0.6540352452670968 -0.5877252362083318 0
5190 -0.06287721486512333 -0.5488590650463845 0
5191 -0.7748004484332396 -0.5537866317040709 0
5192 -0.5369661668218646 -0.572779761764469 0
5193 -0.02366787926749458 -0.4632906872350429 0
5194 -0.002265400417734935 -0.4468809036467825 0
5195 0.4691584451640871 -0.5556532659074218 0
5196 0.1491955439689234 -0.498655530350085 0
5197 0.09997048224736943 -0.4898866479553217 0
5198 -0.393576862552842 -0.4641344405599739 0
5199 -0.3752616790294611 -0.4492124191635067 0
5200 -0.6113389563607217 -0.4954880943859301 0
5201 -0.07944354469139682 -0.5675873513041694 0
5202 0.6973770553450758 -0.4864224153543617 0
5203 -0.1037159188806319 -0.5637776758267545 0
5204 0.5827967184393251 -0.4879307227829663 0
5205 0.572746440496022 -0.4646517245464121 0
5206 0.6157444299587351 -0.446601669705343 0
5207 0.6491555033054315 -0.5436192668702589 0
5208 -0.6594742683910624 -0.5506958817835574 0
5209 0.3451806378002801 -0.4675936083956866 0
5210 0.3627615037022272 -0.4472826201494886 0
5211 0.7866533084530023 -0.4812259748540679 0
5212 -0.914907051861753 -0.4850296158858125 0
5213 0.7623981406878851 -0.4771105203924648 0
5214 0.7518550362203018 -0.4524658525823 0
5215 0.6737931579176188 -0.5479546950812075 0
5216 0.0355775209471572 -0.5662643964894336 0
5217 0.06033623785324227 -0.5697436850627593 0
5218 0.04730366166198583 -0.5884143597032203 0
5219 -0.09571467060735442 -0.5870772806871667 0
5220 -0.7899889980341173 -0.5714272726497391 0
5221 0.8371387930331391 -0.5550379369037497 0
5222 0.6827601907801302 -0.569643748466504 0
5223 0.8443058139767421 -0.5830279639942315 0
5224 0.87157041307727 -0.5843031423084923 0
5225 0.8868258585324502 -0.5642394466085072 0
5226 0.8977322189067836 -0.5873121670101806 0
5227 0.8857405086364631 -0.4979179292794864 0
5228 0.8772319347093165 -0.4744065680527179 0
5229 0.9273935731096882 -0.5491767726304673 0
5230 0.9118544504020218 -0.5676915668921509 0
5231 0.9510996919528198 -0.4876545264452972 0
5232 0.561445832837066 -0.4420773323911185 0
5233 0.8118986240780628 -0.6101816248667227 0
5234 0.8610762519335358 -0.6083851040936263 0
5235 -0.8860349838736367 -0.6090651468140766 0
5236 -0.8820113938075715 -0.4451885604115553 0
5237 -0.336638309346673 -0.6087770239891821 0
5238 -0.5871588742429953 -0.4397400836852299 0
5239 -0.6364476644726131 -0.4416148959061523 0
5240 0.6114889325325108 -0.6083851040936263 0
5241 0.2862415814236547 -0.6084641396200929 0
5242 0.2371079534309737 -0.4416148959061506 0
5243 -0.1387915323541567 -0.6068193464597513 0
5244 -0.5624840106627661 -0.6094263533199165 0
5245 0.6866687160445228 -0.6083344125147505 0
5246 0.1620792677450721 -0.4398964326043142 0
5247 -0.06172502662425115 -0.4414739599169799 0
5248 0.8361175199934312 -0.4416148959061559 0
5249 0.511743919522669 -0.4397149569973102 0
5250 -0.9356542436688403 -0.609432829377047 0
5251 0.1340376618112789 -0.5837459274290033 0
5252 0.4625537586386936 -0.440841628400209 0
5253 0.9925205191931425 -0.5388640361463075 0
5254 1.002513226985972 -0.5660518435866884 0
5255 0.2747760459096853 -0.5860050294755652 0
5256 -0.2349467349573687 -0.5830839516046122 0
5257 -0.04928993989852005 -0.4633789257174676 0
5258 0.7621766727536302 -0.6084714326816005 0
5259 -1.110491986311912 -0.5552137256515195 0
5260 0.502800704211398 -0.5843768245462417 0
5261 0.2044299292712815 -0.4646379064410642 0
5262 0.02222636567865302 -0.5864403260524362 0
5263 -0.7096916995899072 -0.4404580132595139 0
5264 0.4874331660815229 -0.6084595843592808 0
5265 0.9584336872211222 -0.4435664235495942 0
5266 0.2071595544387475 -0.5951961132238388 0
5267 -0.1623957773032964 -0.4659377944603005 0
5268 -0.9242390493542223 -0.4622828705680959 0
5269 1.042086392036426 -0.5530754458740379 0
5270 0.9425792696606465 -0.4639347136393042 0
5271 0.3867107297958308 -0.5852935571227746 0
5272 0.3106050281370336 -0.4408625269932855 0
5273 1.142140872968586 -0.4596470689990007 0
5274 0.01823444416313491 -0.4548791374029868 0
5275 -0.3119841492512807 -0.4405259526827674 0
5276 -0.5372042050807811 -0.4406675516353538 0
5277 -0.7176397872889123 -0.5865668814669984 0
5278 0.7061726900527079 -0.5740521706421262 0
5279 -0.7336817066034278 -0.6068693253879243 0
5280 -0.4174888714400747 -0.4676308324219232 0
5281 -0.6718230852589175 -0.4627206704234545 0
5282 1.045946949693277 -0.5822194024111678 0
5283 0.8857404739810941 -0.6088663863937072 0
5284 -0.08589393495354687 -0.6092663079081273 0
5285 0.6348693818527573 -0.6083857545411213 0
5286 1.399079730268149 -0.5301938917713969 0
5287 -1.399079730268129 -0.5198061082286252 0
5288 0.5382483669633755 -0.6093568688383826 0
5289 -0.3220542741491172 -0.5892408628406045 0
5290 -0.9457988310331018 -0.5883479036970378 0
5291 -1.020961576241784 -0.4643261208403882 0
5292 0.6838518233019789 -0.4401588539093808 0
5293 0.1168796288011597 -0.6052767234748639 0
5294 -0.586530200592408 -0.6105182991850491 0
5295 -0.8377099749102281 -0.6094173760734378 0
5296 0.8111587880533314 -0.4394697668417979 0
5297 0.7325816759499338 -0.4386819563761257 0
5298 0.06095598060231917 -0.4401225179534229 0
5299 -0.5126672752071213 -0.4405430509846049 0
5300 0.547805969799126 -0.4618271430013721 0
5301 -0.04557936628086558 -0.5945232103650948 0
5302 0.959386837070749 -0.6103000972107253 0
5303 0.1661729671126763 -0.6092820924031628 0
5304 0.299798945017949 -0.5887139171400744 0
5305 -0.5539284681439989 -0.4617537468306363 0
5306 -1.075220201797686 -0.5671751257011319 0
5307 0.4337071743681301 -0.4660307858591111 0
5308 -0.07471911006811008 -0.461463654313091 0
5309 -0.9632189222173071 -0.4402825201390659 0
5310 -0.2110685417466248 -0.6126369969301457 0
5311 0.7793102429754717 -0.5877341510038718 0
5312 0.1871904895507688 -0.4386925325393936 0
5313 -0.327443711326778 -0.459288912397394 0
5314 0.03689116969768476 -0.6100056850546185 0
5315 -0.9367821428940033 -0.4407740041762676 0
5316 -0.1881396892261578 -0.4362268086157339 0
5317 0.9095879702312422 -0.4387900476673323 0
5318 0.28660266836722 -0.4394720005473616 0
5319 -0.9841512414932545 -0.60726604157637 0
5320 0.4168518092181652 -0.6111462304549633 0
5321 -0.6848062562185367 -0.6097854393852469 0
5322 0.5623865748768019 -0.6102491914968162 0
5323 0.9222896385450849 -0.5897945233474893 0
5324 -0.07034799219642895 -0.5903589300846601 0
5325 -0.4836238288886721 -0.6101584030810798 0
5326 -0.8094968005367053 -0.4634959563934711 0
5327 1.1663294676593 -0.5401198994302554 0
5328 -0.437906579195954 -0.435720079532592 0
5329 0.6706874106762268 -0.5881327537191492 0
5330 -0.6856451533626786 -0.4400776250653546 0
5331 -0.7900821285151676 -0.4405949223409777 0
5332 -0.2971128673004627 -0.593086108428956 0
5333 -0.1405261362712351 -0.4397367116251516 0
5334 -0.3529257807042129 -0.4552349767573141 0
5335 -0.4439447519173908 -0.5654819408874872 0
5336 0.5229873566835663 -0.4591743305848439 0
5337 1.025753999955446 -0.566132500316348 0
5338 -0.9219164388728959 -0.5905536173952122 0
5339 -1.071342370299702 -0.4721278664980169 0
5340 0.3655725973163751 -0.6105045478009412 0
5341 0.6623291715270283 -0.435756205980816 0
5342 -0.5502255056147463 -0.5899216224531365 0
5343 0.7765172309820413 -0.459402995842165 0
5344 -0.812329541796996 -0.611214876716252 0
5345 0.04225726670614817 -0.4607547329520578 0
5346 -0.5779864436921797 -0.459622142243731 0
5347 0.3236565695850305 -0.5926292631870691 0
5348 -0.09858331961557693 -0.4576515730569479 0
5349 -0.2567455074979921 -0.6118473011411361 0
5350 0.1826253647741649 -0.5907614083304775 0
5351 0.2729052916927838 -0.4580437330728415 0
5352 0.4122501485268379 -0.4358466429685777 0
5353 -0.9762769937665254 -0.4604384212966792 0
5354 0.1524297196822775 -0.4612909321899163 0
5355 0.8026096180940664 -0.5903177580348107 0
5356 -0.1842117855153652 -0.5873096908375626 0
5357 0.1118046001295499 -0.4735124630922165 0
5358 0.07127927005880993 -0.5921129806433179 0
5359 1.282249879976558 -0.4869916388153577 0
5360 -1.282514936353407 -0.5633323609280509 0
5361 0.8854145258645025 -0.4379861105983327 0
5362 -1.078697082908328 -0.5440650832503096 0
5363 -0.2130755378017819 -0.4625676433994883 0
5364 0.6913507670820844 -0.5872516521966435 0
5365 0.5758425419124327 -0.5922211743753962 0
5366 -0.6730964675536563 -0.5928165197564184 0
5367 0.4376574221667735 -0.6145641134465301 0
5368 1.15514368784131 -0.4984177775061411 0
5369 -0.0398844739288577 -0.6136624561081874 0
5370 0.9339283354106259 -0.6104342869711559 0
5371 -0.7170578931274343 -0.4588570345876235 0
5372 -0.8356443238377509 -0.434945800961037 0
5373 -0.2914897724648756 -0.6125307065103751 0
5374 -0.4617365408918956 -0.4355484345856659 0
5375 -0.3921198296582549 -0.4385783310642424 0
5376 0.4981514785965538 -0.4568061620377222 0
5377 1.09716630886889 -0.5729337021653702 0
5378 1.122124924564353 -0.5556935366606908 0
5379 -0.8966716083625075 -0.5923767672536755 0
5380 -0.3586224605149037 -0.4365077270839421 0
5381 0.3311145963765318 -0.6123901655394572 0
5382 0.1454094453307376 -0.479382619894924 0
5383 1.0014881766725 -0.5898118366514424 0
5384 -1.052637206445013 -0.485813867586117 0
5385 -0.6006367531847825 -0.4570470606399937 0
5386 -0.4704923913473069 -0.5909300728295612 0
5387 -0.5267258140653917 -0.5940680075467135 0
5388 -0.106335302504727 -0.4378662961042039 0
5389 0.8229009508765852 -0.592970154912015 0
5390 0.6383708669910746 -0.4605256357002574 0
5391 0.7675923983602617 -0.4385808948157166 0
5392 0.01435866724451203 -0.435651393794636 0
5393 -0.7813122911809373 -0.5898405878401345 0
5394 1.006693363621164 -0.4577903581380625 0
5395 0.8742097726027857 -0.4555199181439669 0
5396 0.2118206847115374 -0.6152859810656217 0
5397 -0.006243669144050673 -0.6119852853346757 0
5398 -0.4213521953060607 -0.5653969524534954 0
5399 0.3845692995114963 -0.4603054157814874 0
5400 0.2501708503025102 -0.4558249803469341 0
5401 -0.9860402205751456 -0.4775256398368519 0
5402 -0.1623408979468148 -0.6155877435119166 0
5403 0.08011861531530678 -0.611979582880366 0
5404 -1.120160441920338 -0.514184151836238 0
5405 0.5983783253343107 -0.5945676110726961 0
5406 -0.2361333926183145 -0.4353876074665308 0
5407 0.9693626789620664 -0.5928506267595868 0
5408 0.7112167842896304 -0.615701382481749 0
5409 -0.7496990318279064 -0.4503335899020051 0
5410 1.073690273120224 -0.5853760697917423 0
5411 0.4743750958773871 -0.4550942763060437 0
5412 -0.5189587924690592 -0.612602525236813 0
5413 -0.8597276232302642 -0.4580977783206315 0
5414 -0.2510020893756699 -0.59566664394643 0
5415 -0.8742511879555279 -0.5951372105222656 0
5416 -1.067437057990244 -0.5880199194423099 0
5417 -1.048735764887795 -0.5714872169227885 0
5418 -0.6501931373189069 -0.5681906036929121 0
5419 0.1120307603932099 -0.4340283576577733 0
5420 0.4611415478045718 -0.5906130751377159 0
5421 -0.01937746559348561 -0.4375749926367973 0
5422 0.7283050694609818 -0.4565544753217381 0
5423 -1.026946702970051 -0.5437781220189937 0
5424 -0.6239682985030265 -0.4541595983083333 0
5425 -0.6114979577053627 -0.6507339712700535 0
5426 -0.8562292594046124 -0.648746918566685 0
5427 -0.483881532888402 -0.6485849100527581 0
5428 -0.7317648733920216 -0.6544187508643571 0
5429 -0.9865986431997555 -0.651214240258545 0
5430 0.3640270043356327 -0.6530248157382186 0
5431 0.2371079534309739 -0.6516148959063752 0
5432 0.1125091841953804 -0.6556688509531874 0
5433 -0.0120761613656775 -0.6540717869681476 0
5434 -0.1374758189321667 -0.6524517817859383 0
5435 -0.237107953430974 -0.8183851040936254 0
5436 -0.3868603450715882 -0.6516148959063752 0
5437 0.4608941801730401 -0.6522540499998151 0
5438 -0.3118918490474316 -0.8204672287568879 0
5439 1.009538277080733 -0.6493657839732094 0
5440 0.9339229338333874 -0.650726208765489 0
5441 0.8610762519335357 -0.6516148959063752 0
5442 0.7871070762526114 -0.6510356256544068 0
5443 0.7105245359102873 -0.6539008193663527 0
5444 0.637482023878973 -0.6498894556294985 0
5445 0.5623012203375042 -0.6521784853589789 0
5446 0.311216175541331 -0.8202125530913484 0
5447 0.1655898773662045 -0.8202345119354817 0
5448 -0.8137532658490386 -0.8190825672554123 0
5449 -0.06239682985025596 -0.8183851040936254 0
5450 -0.4357054654186912 -0.8166593140127159 0
5451 -0.5627921129489871 -0.819506286922195 0
5452 -0.6617775688582406 -0.8186371689166787 0
5453 -0.9109937158137307 -0.8190158709071333 0
5454 -1.034705669795735 -0.8174810680830173 0
5455 0.03614699447281365 -0.8183314134829036 0
5456 0.411819077011691 -0.8183851040936254 0
5457 0.5127113191658144 -0.8183433925711352 0
5458 1.062689836397937 -0.8167017854504124 0
5459 -0.2875099962367199 -0.6528408610709313 0
5460 -0.2120047434033104 -0.6509713458274202 0
5461 -0.1638526889329694 -0.8178443703473164 0
5462 0.9102976152409005 -0.8187887568580887 0
5463 0.7353689542128112 -0.817345951909294 0
5464 0.6114889325325108 -0.8183851040936254 0
5465 0.986239870414877 -0.8161164075682379 0
5466 0.8361175199934326 -0.8183851040936254 0
5467 -0.7377331040558733 -0.8177626815474461 0
5468 0.2326837015051323 -0.8159565229428907 0
5469 -1.064118935240991 -0.6542864811567988 0
5470 1.097050827540491 -0.6597574912286639 0
5471 -1.093132778499068 -0.8077035660703089 0
5472 0.3106567455711781 -0.6502662134948878 0
5473 0.1643657870657346 -0.6503216709997215 0
5474 -0.06167964862574588 -0.651372288901868 0
5475 -0.8610762519335357 -0.8183851040936254 0
5476 -0.4866952728319979 -0.8183851040936254 0
5477 0.461736540891896 -0.8183851040936254 0
5478 -0.6117800923340668 -0.8179082891671285 0
5479 0.08654202068851458 -0.8186013069522815 0
5480 -0.3618007366183486 -0.817063641998713 0
5481 0.6879344902922107 -0.8186397309748337 0
5482 0.3623399722572858 -0.8172061011177121 0
5483 -0.01247936597005106 -0.8183851040936254 0
5484 -0.9598874731316229 -0.8185983792264349 0
5485 -0.1106022589628865 -0.8168303700436041 0
5486 0.5615592797910383 -0.8192642905538587 0
5487 -0.8139928968737806 -0.6498100018741617 0
5488 -0.6604764535363531 -0.6517323610394516 0
5489 -0.4385019009527997 -0.6525993614002736 0
5490 -0.3368735725916225 -0.6504580798077431 0
5491 0.7878893815981904 -0.8189492223013772 0
5492 -0.5386927900901706 -0.6512773427419702 0
5493 -0.9359524477538221 -0.6509593418384583 0
5494 0.03930312789536176 -0.6520964135378691 0
5495 0.4111301543104796 -0.6513962206648891 0
5496 0.5117064031308873 -0.6504682796166978 0
5497 -1.140440232091053 -0.6822222871812986 0
5498 1.140167831564144 -0.7966826433386469 0
5499 -1.205471201670977 -0.7823919205030769 0
5500 1.197573773613396 -0.6947883306062472 0
5501 1.298975172721336 -0.7818285757075323 0
5502 -1.298975172721305 -0.6881714242924399 0
5503 1.062836654647994 -0.6576532368081871 0
5504 1.074845153706558 -0.6881877012060436 0
5505 1.111437023425199 -0.6949185367894302 0
5506 1.084714480454464 -0.7210088130284689 0
5507 1.053713718958431 -0.7134704477192386 0
5508 1.061795334908212 -0.7438187960639873 0
5509 1.034693400184117 -0.735736997786173 0
5510 1.02648577411597 -0.708939571859089 0
5511 1.009150271123447 -0.7298118101931941 0
5512 1.000834826525154 -0.7057375783709787 0
5513 0.9841921561125078 -0.7254522298828583 0
5514 1.016749234250114 -0.7536534860965158 0
5515 0.9757681524603854 -0.7018451080170074 0
5516 0.9595930909647872 -0.7210516758410819 0
5517 0.9680540051079115 -0.7445415294654651 0
5518 0.9434721490506053 -0.7401819675308552 0
5519 0.934967899161703 -0.7166797046812601 0
5520 0.9188629227358664 -0.735805602106705 0
5521 0.9103539725450732 -0.712297797398973 0
5522 0.8942504379913455 -0.7314210765165328 0
5523 0.9519783272676556 -0.7636905547937101 0
5524 0.9027595984556436 -0.7549284151855034 0
5525 0.8781470929625481 -0.7505439959106397 0
5526 0.8696378691803814 -0.7270367022049058 0
5527 0.8535345589816852 -0.7461595726648262 0
5528 0.8450253315143201 -0.7226522749305886 0
5529 0.8289220270520069 -0.741775134750581 0
5530 0.8204127993408676 -0.7182678366019388 0
5531 0.8043094962344475 -0.7373906934591332 0
5532 0.7958002682682187 -0.7138833958677715 0
5533 0.7796969653293734 -0.7330062523586474 0
5534 0.7711877373643174 -0.7094989547645891 0
5535 0.7550844344693731 -0.7286218111595097 0
5536 0.7635936624417903 -0.7521291087375541 0
5537 0.7389811315805275 -0.7477446675414097 0
5538 0.7304719036067953 -0.7242373699661329 0
5539 0.7143686007190589 -0.7433602263460095 0
5540 0.705859372745174 -0.7198529287709192 0
5541 0.6897560698576918 -0.7389757851504193 0
5542 0.6812468418838793 -0.7154684875753663 0
5543 0.665143538996356 -0.7345913439547882 0
5544 0.656634311022354 -0.7110840463797388 0
5545 0.6405310081348961 -0.7302069027593667 0
5546 0.6490402361090312 -0.7537142003343718 0
5547 0.6244277052476219 -0.7493297591391013 0
5548 0.6159184772734445 -0.7258224615639683 0
5549 0.5998151743861713 -0.7449453179437509 0
5550 0.5913059464120277 -0.7214380203686463 0
5551 0.5752026435246449 -0.7405608767484715 0
5552 0.5666934155505908 -0.7170535791733013 0
5553 0.5505901126632198 -0.7361764355530696 0
5554 0.5420808846892291 -0.7126691379777892 0
5555 0.5259775818017731 -0.7317919943574331 0
5556 0.5344868097759339 -0.7552992919330457 0
5557 0.5098742789145233 -0.7509148507372103 0
5558 0.5013650509402736 -0.7274075531620596 0
5559 0.4852617480530935 -0.7465304095421086 0
5560 0.4767525200788726 -0.7230231119668762 0
5561 0.4606492171916702 -0.7421459683469322 0
5562 0.4521399892174733 -0.718638670771675 0
5563 0.4360366863302301 -0.7377615271514699 0
5564 0.4275274583561485 -0.7142542295763317 0
5565 0.4114241554687452 -0.733377085955917 0
5566 0.402914927494802 -0.7098697883807326 0
5567 0.3868116246073541 -0.7289926447603143 0
5568 0.3953208525812197 -0.7524999423355005 0
5569 0.3707083217198374 -0.7481155011399636 0
5570 0.3621990937459948 -0.7246082035647383 0
5571 0.3460957908584418 -0.7437310599444089 0
5572 0.3375865628846296 -0.720223762369157 0
5573 0.3214832599971729 -0.7393466187487547 0
5574 0.3129740320231615 -0.715839321173446 0
5575 0.2968707291358668 -0.7349621775531787 0
5576 0.2883615011617059 -0.7114548799778788 0
5577 0.2722581982744187 -0.7305777363577235 0
5578 0.2807674262486897 -0.7540850339328937 0
5579 0.2561548953871783 -0.7497005927378808 0
5580 0.247645667412866 -0.7261932951626928 0
5581 0.2315423645256438 -0.7453161515430295 0
5582 0.2230331365512669 -0.7218088539678345 0
5583 0.2069298336641536 -0.7409317103479758 0
5584 0.1984206056897203 -0.7174244127729601 0
5585 0.1823173028027803 -0.7365472691529362 0
5586 0.1738080748282957 -0.713039971578123 0
5587 0.1577047719412609 -0.7321628279581134 0
5588 0.1491955439668808 -0.7086555303830337 0
5589 0.1330922410798349 -0.7277783867629211 0
5590 0.1416014690542902 -0.7512856843380913 0
5591 0.116988938192774 -0.7469012431428581 0
5592 0.1084797102183964 -0.7233939455677145 0
5593 0.09237640733126976 -0.7425168019476125 0
5594 0.0838671793570063 -0.7190095043726217 0
5595 0.06776387646983686 -0.7381323607525641 0
5596 0.05921018880977728 -0.7148746423916172 0
5597 0.04314393566072626 -0.7337895160930739 0
5598 0.03437370362325498 -0.7117473928181219 0
5599 0.01849284408717856 -0.7296215395906671 0
5600 0.02703914595315686 -0.7529207188978972 0
5601 0.002426367288437562 -0.748537668773249 0
5602 -0.006082901986227091 -0.7250306030434146 0
5603 -0.02218007407552387 -0.7441190435309917 0
5604 -0.03068828713343452 -0.7206060486148225 0
5605 -0.04679039906844718 -0.7397222194556399 0
5606 -0.05529925939779499 -0.7162128580670597 0
5607 -0.07140230251894458 -0.7353342562214404 0
5608 -0.0799114259244641 -0.7118263716399191 0
5609 -0.09601466808930448 -0.7309488871475907 0
5610 -0.08750542999521017 -0.7544561279106574 0
5611 -0.1121179316213052 -0.7500715225997734 0
5612 -0.1206271547224743 -0.7265641976723085 0
5613 -0.1367304502386937 -0.7456870126716382 0
5614 -0.1452396761719584 -0.7221797036410535 0
5615 -0.1613429774906974 -0.7413025512147051 0
5616 -0.1698522048632052 -0.7177952502626788 0
5617 -0.1859555073887909 -0.7369181046118722 0
5618 -0.1944647352023032 -0.7134108061356539 0
5619 -0.2105680380026239 -0.7325336620266221 0
5620 -0.2190772659354482 -0.7090263642199925 0
5621 -0.235180568801426 -0.7281492204795565 0
5622 -0.2020611389100432 -0.7560389983635467 0
5623 -0.2436897967650641 -0.704641922845985 0
5624 -0.2597930996469647 -0.7237647791959017 0
5625 -0.2512838716720311 -0.7472720767658991 0
5626 -0.2758964025306422 -0.742887635554963 0
5627 -0.2844056305042704 -0.719380337977455 0
5628 -0.3005089333909248 -0.738503194353072 0
5629 -0.3090181613647347 -0.7149958967768608 0
5630 -0.3251214642520714 -0.7341187531554247 0
5631 -0.3336306922256914 -0.710611455579814 0
5632 -0.3497339951133629 -0.7297343119589073 0
5633 -0.3412247671397655 -0.7532416095342036 0
5634 -0.3658372980011316 -0.7488571683379668 0
5635 -0.3743465259745814 -0.7253498707626775 0
5636 -0.3904498288624304 -0.7444727271418401 0
5637 -0.3989590568358608 -0.7209654295665171 0
5638 -0.4150623597237195 -0.7400882859457596 0
5639 -0.4235715876971282 -0.7165809883703709 0
5640 -0.4396748905850356 -0.7357038447496045 0
5641 -0.4481841185584354 -0.7121965471741962 0
5642 -0.4642874214463484 -0.7313194035534334 0
5643 -0.4557781934730187 -0.7548267011287848 0
5644 -0.4803907243344228 -0.7504422599325551 0
5645 -0.4888999523075245 -0.7269349623570829 0
5646 -0.5050032551957908 -0.7460578187360625 0
5647 -0.5135124831686646 -0.7225505211604428 0
5648 -0.5296157860568881 -0.7416733775393602 0
5649 -0.5381250140298813 -0.7181660799637655 0
5650 -0.5542283169181317 -0.7372889363427202 0
5651 -0.5627375448910589 -0.7137816387671858 0
5652 -0.5788408477793296 -0.732904495146105 0
5653 -0.5210002977006369 -0.7645841710562458 0
5654 -0.2673871745557648 -0.7663949331266871 0
5655 0.1908265307769532 -0.7600545667280194 0
5656 -0.5873500757522034 -0.7093971975705884 0
5657 -0.6034533786404708 -0.7285200539494312 0
5658 -0.5949441506677535 -0.7520273515249922 0
5659 -0.6195566815288976 -0.7476429103282527 0
5660 -0.6280659095016877 -0.7241356127527148 0
5661 -0.6441692123899055 -0.7432584691314243 0
5662 -0.6526784403629606 -0.7197511715560978 0
5663 -0.6687817432511154 -0.7388740279347346 0
5664 -0.6772909712240983 -0.7153667303594471 0
5665 -0.6933942741124015 -0.7344895867381549 0
5666 -0.7019035020853495 -0.7109822891628781 0
5667 -0.7180068049736045 -0.7301051455418008 0
5668 -0.7094975770006027 -0.7536124431171345 0
5669 -0.7341101078617389 -0.7492280019208373 0
5670 -0.7426193358348826 -0.7257207043452407 0
5671 -0.7587226387229002 -0.7448435607245152 0
5672 -0.767231866696137 -0.7213362631489311 0
5673 -0.7833351695840811 -0.7404591195283121 0
5674 -0.7918443975573802 -0.7169518219529021 0
5675 -0.8079477004453461 -0.7360746783320646 0
5676 -0.8164569284186572 -0.7125673807565764 0
5677 -0.8325602313066958 -0.731690237135691 0
5678 -0.7747898075126157 -0.7637635744686939 0
5679 -0.8240510033333975 -0.7551975347111863 0
5680 -0.8486635341947837 -0.7508130935147825 0
5681 -0.8571727621679331 -0.7273057959393352 0
5682 -0.8732760650560959 -0.7464286523183414 0
5683 -0.8817852930291903 -0.722921354742974 0
5684 -0.8978885959172761 -0.7420442111220389 0
5685 -0.9063978238904127 -0.7185369135466289 0
5686 -0.9225011267785309 -0.7376597699258109 0
5687 -0.9310103547515527 -0.7141524723502748 0
5688 -0.94711365763982 -0.7332753287293698 0
5689 -0.9556228856127251 -0.7097680311536934 0
5690 -0.9717261885010522 -0.7288908875326765 0
5691 -0.9632169605280136 -0.7523981851084045 0
5692 -0.9878294913892294 -0.7480137439118462 0
5693 -0.9963387193623092 -0.7245064463361626 0
5694 -1.012175585221121 -0.7421336298773422 0
5695 -1.020906844051979 -0.719872726333513 0
5696 -1.036784300933265 -0.7377277719326436 0
5697 -1.044872936162381 -0.7159807656026782 0
5698 -1.062148473521804 -0.7349690237848368 0
5699 -1.071291725175647 -0.7095421860015421 0
5700 -1.092178944604161 -0.7329833723171539 0
5701 0.1254981661672683 -0.7704085407179093 0
5702 -0.7757410946696244 -0.6978289655734962 0
5703 0.8128187241716296 -0.7608979911139997 0
5704 -0.4068345497758566 -0.7652928226682558 0
5705 -0.178361432288367 -0.6942879496057337 0
5706 0.4445459143041981 -0.7612688247267467 0
5707 -1.006680863677668 -0.7675363420620016 0
5708 -1.053445808306329 -0.759984169052462 0
5709 -0.03828097260217073 -0.7632284027741374 0
5710 0.07351599813680132 -0.6912428175666818 0
5711 0.6727376139096887 -0.6919611900001268 0
5712 0.6074092492991675 -0.7023151639888585 0
5713 0.07627310444417652 -0.7616396583275762 0
5714 0.5837118714988583 -0.7640681743236453 0
5715 -1.029460478196516 -0.696614707564482 0
5716 -0.6354003114999989 -0.7653080649386563 0
5717 0.3301154623918178 -0.7621635862245881 0
5718 -0.9139918988052491 -0.7611670675011961 0
5719 -0.8902945210022494 -0.6994140571674929 0
5720 0.6972863025132012 -0.7661250127992041 0
5721 0.1899113777151496 -0.6939171151980119 0
5722 0.862043786758506 -0.7696668694369961 0
5723 -0.636575137474602 -0.7006283151772461 0
5724 0.4928558229659956 -0.7039002555869693 0
5725 0.8119035711574969 -0.6947605394860119 0
5726 -0.5712467728640478 -0.6902743411917029 0
5727 0.4939659292984576 -0.7711763594062475 0
5728 -0.1525832229570412 -0.7681788045359479 0
5729 0.2646641233615946 -0.7732078903130102 0
5730 -0.03919589523616519 -0.6970896577184185 0
5731 -0.1292455760870577 -0.7036698689074878 0
5732 -0.4974091802805298 -0.7034276647816782 0
5733 0.01094473983368519 -0.7719936323168266 0
5734 -0.2427631155168417 -0.7707146596600332 0
5735 0.8611286335676857 -0.7035294205415461 0
5736 0.7219626756325043 -0.7007300723913836 0
5737 0.2391364394386988 -0.702685997587535 0
5738 0.9764995520223472 -0.7680644545345743 0
5739 -0.3828557539479783 -0.7018425731872995 0
5740 0.6329369332218633 -0.7728370567141596 0
5741 0.6568355915518584 -0.7766203478839451 0
5742 0.3290750766470016 -0.6959643808402234 0
5743 0.3792175496938349 -0.7716227987152173 0
5744 -0.8401543062216008 -0.7743203910902068 0
5745 0.7474903595538053 -0.7712519651172389 0
5746 -0.685836867681668 -0.6920652752550396 0
5747 0.1501854194607768 -0.7743735195263763 0
5748 0.2893524843251565 -0.7771666510961861 0
5749 0.4436225224491027 -0.6951776225517854 0
5750 0.7721853627486082 -0.7751734390257425 0
5751 -0.3171816900839228 -0.6917741577146472 0
5752 -0.471881496361115 -0.7739495575079864 0
5753 -0.7256008798885777 -0.7727352994964036 0
5754 -0.7009883490274494 -0.777119740692525 0
5755 0.03564086464559062 -0.7759088099078308 0
5756 0.403927451428342 -0.7754606380719657 0
5757 -0.3573280700276096 -0.7723644659132951 0
5758 -0.3327584065039942 -0.7764761128832856 0
5759 -0.1036086970884089 -0.7735787833538819 0
5760 -0.07944616050266876 -0.7775842785943876 0
5761 0.9607133548968811 -0.7858700128316141 0
5762 0.936019725921402 -0.782018451649753 0
5763 -0.7105903468148869 -0.6884720622983362 0
5764 -0.4472689654995747 -0.7783339987040776 0
5765 0.2749850656090598 -0.7963945878421779 0
5766 -0.8154095782343311 -0.7779627295441962 0
5767 0.1336058906208263 -0.7938092194978275 0
5768 0.9264311559193055 -0.69332597652304 0
5769 0.9018402038254064 -0.6888160109708306 0
5770 -0.4321861389921641 -0.6936649345565495 0
5771 -0.4568162237404738 -0.6893790339875903 0
5772 0.5581339216751251 -0.6938284546260824 0
5773 0.5333982414893375 -0.6901353253692406 0
5774 -0.3415186044335459 -0.6881939360173845 0
5775 0.643303469093637 -0.7968393638885196 0
5776 -0.9395962168867904 -0.6912895187119403 0
5777 -0.9646149124864075 -0.6891316664891889 0
5778 0.6479236062117049 -0.688707760633644 0
5779 -0.6974167211813924 -0.6705897724537841 0
5780 -0.2586675714418668 -0.7884345469270908 0
5781 -0.2828724298517321 -0.7850621452069628 0
5782 -0.5950008139731968 -0.6866128317700557 0
5783 1.091323845134752 -0.7536702364683201 0
5784 0.1095521490846409 -0.7882550393884387 0
5785 -0.2277509513626065 -0.6864422661949927 0
5786 -0.2522264343130045 -0.6812884918529374 0
5787 1.044883149509097 -0.6844861849518669 0
5788 -0.5785862763396503 -0.6679851252420406 0
5789 0.6625512408406149 -0.6676430317357447 0
5790 0.9918201942382329 -0.6834983774298919 0
5791 0.9674335598313915 -0.6780707260487144 0
5792 0.3881724578692206 -0.7968091512148909 0
5793 0.9469158134553544 -0.8016644580582462 0
5794 1.066676439567199 -0.7733246188092551 0
5795 -0.4649046807948175 -0.797291957512126 0
5796 0.755999587527356 -0.794759262692704 0
5797 0.7313870566660631 -0.7903748214968953 0
5798 0.6888409167969695 -0.672838333620108 0
5799 -0.2743933113408633 -0.809100195443138 0
5800 0.9850189768952551 -0.6576476389207837 0
5801 -0.8279886073400889 -0.7971819243553568 0
5802 0.02243839350122892 -0.7955539889751044 0
5803 -0.7183049161825787 -0.7966039337087665 0
5804 -0.6929452100634808 -0.8003717092066847 0
5805 -0.6734765996871732 -0.781592460398997 0
5806 -0.005046781642502075 -0.7937761890250172 0
5807 0.2497332429931721 -0.7935100573267739 0
5808 -1.213528991675696 -0.6990914969779816 0
5809 1.215316976266294 -0.7711963164030031 0
5810 -1.142834136857805 -0.7970513467847606 0
5811 -1.157177734090892 -0.7423457582180095 0
5812 0.7114140755100934 -0.8050679511547827 0
5813 0.6915147466689832 -0.7930968763314734 0
5814 0.3607421105412654 -0.7897853416110561 0
5815 0.3431629034490155 -0.8029697370665474 0
5816 -0.7430262907821312 -0.7918610681347058 0
5817 -0.7624542306152221 -0.8068620678507195 0
5818 1.095971831074004 -0.811700840122251 0
5819 -1.096925040261147 -0.6594656592170107 0
5820 -1.100513312504832 -0.6981556159713005 0
5821 0.1126499957944322 -0.8144982788084558 0
5822 0.6172634157117665 -0.7937674709170146 0
5823 -0.09565192793514163 -0.7965917740869664 0
5824 -0.1187703660397069 -0.7922762482146268 0
5825 1.017725370020244 -0.6854700269741141 0
5826 0.9842943252405887 -0.7913716551373824 0
5827 -0.5549268187252159 -0.6712841596439887 0
5828 0.6687397993707138 -0.79845429817302 0
5829 -0.1368179566119217 -0.8115358100174728 0
5830 -0.1569869774640699 -0.794053693731307 0
5831 -0.1803706576867567 -0.7982223839289126 0
5832 1.122677852255249 -0.7326111038218723 0
5833 -0.2337113785187046 -0.6653090449899519 0
5834 -0.2587858126902524 -0.6542540017000391 0
5835 -0.2768741024310646 -0.6761092631165226 0
5836 -1.060761582976774 -0.8183761692964939 0
5837 -1.046910398464624 -0.8016771075654159 0
5838 -1.023607624036994 -0.7914844638161451 0
5839 1.035499280406594 -0.8173643667805148 0
5840 -1.036319566432822 -0.652566649167678 0
5841 -1.046218522418001 -0.6748038125237485 0
5842 -0.3477874970796844 -0.7957326810848286 0
5843 -0.3725219341320992 -0.7928954683063107 0
5844 -0.386554142614682 -0.8153968439501682 0
5845 -0.3973506926212448 -0.7904100304746677 0
5846 -0.4901496460026287 -0.7918551635726256 0
5847 -0.5065638542532783 -0.8051205494652649 0
5848 0.9181545892038715 -0.6702644205055499 0
5849 0.8940540934501061 -0.6663020340177539 0
5850 -0.8562576091097897 -0.7934432474690922 0
5851 -0.3017243532438911 -0.6728403280712314 0
5852 -0.4118493074118692 -0.813507168109119 0
5853 -0.4236801400451161 -0.7892389128451889 0
5854 1.030391142112421 -0.658166743005502 0
5855 1.01087464395566 -0.8183054290955791 0
5856 1.021474196811481 -0.7956623236128184 0
5857 -1.010753031331413 -0.6515841047089204 0
5858 -0.9983032906320255 -0.6733052585897532 0
5859 0.2154390616383416 -0.7644390079232046 0
5860 0.1993357587509481 -0.7835618643029676 0
5861 0.2637489703002341 -0.7070704387826758 0
5862 0.2797199469892893 -0.6879954821575005 0
5863 0.2556464932160998 -0.6845306363675956 0
5864 0.2707419776302099 -0.6674826325889534 0
5865 0.2305545775207707 -0.6755455882700012 0
5866 0.2239482896123675 -0.7879463054985241 0
5867 0.2064233194622626 -0.8064977429451439 0
5868 0.1820551554359587 -0.8014123722364346 0
5869 -0.01458488514106251 -0.701482635898703 0
5870 -0.02375582314374474 -0.677478463708395 0
5871 0.003983206173145663 -0.6810984657019876 0
5872 0.0145197052366264 -0.6538800276433658 0
5873 0.03137379733485323 -0.6738423621870595 0
5874 0.05526259775652363 -0.6707895507028336 0
5875 -0.04977722335951388 -0.6736136840355371 0
5876 -0.2918966974850241 -0.761934551213022 0
5877 -0.3074498592108587 -0.7805154605401654 0
5878 -0.9386044296666094 -0.756782626304874 0
5879 -0.93065435157622 -0.7795853779714683 0
5880 -0.906147198320623 -0.7832146869391661 0
5881 -0.9550455560742623 -0.7755820545631238 0
5882 0.3044648040488618 -0.6923320235977268 0
5883 0.7465752064958562 -0.7051145135835526 0
5884 0.7378004572875657 -0.6830977479278442 0
5885 0.7625044293184892 -0.6869688743194668 0
5886 0.7518658819971074 -0.6624513989027321 0
5887 -0.06296814824397781 -0.7587788152103396 0
5888 -0.05559512317048397 -0.7812951174804095 0
5889 -0.06423170167015113 -0.6931478805889704 0
5890 -0.08853669253251356 -0.6902638210735255 0
5891 -0.9798651456449541 -0.7068036366925892 0
5892 -0.6110041747364371 -0.7709072576092293 0
5893 -0.5864277095581722 -0.7754941573849017 0
5894 -0.6285936751992696 -0.7906597269944253 0
5895 -0.4967308645675199 -0.7686663198572781 0
5896 -0.1537671028438154 -0.6987745664080407 0
5897 -0.161512068355858 -0.6749790771706952 0
5898 -0.1875011097749676 -0.6697568456284806 0
5899 -0.1352499091562958 -0.6805597267616896 0
5900 -0.1180612207266761 -0.6668613741316172 0
5901 -0.5703304176170205 -0.756405044102344 0
5902 -0.5616923133628917 -0.7791888808522298 0
5903 -0.5754202784014099 -0.7980762502337875 0
5904 -0.6025382255828097 -0.7946575054800853 0
5905 -0.6379711122170354 -0.8170047303539718 0
5906 -0.6540473375497404 -0.797724742115042 0
5907 0.05167178812182649 -0.757192263114451 0
5908 0.06035188966809728 -0.7797403435690988 0
5909 -0.3166122362777839 -0.7576260507303356 0
5910 -0.03124447737710739 -0.7854686690946053 0
5911 0.7882199387004962 -0.7564363887007808 0
5912 0.7961813404825918 -0.7789043652914369 0
5913 0.8195731782411029 -0.7829383235727185 0
5914 -0.9798345789028957 -0.7715337604291754 0
5915 -0.9949630756572456 -0.7926058485687708 0
5916 -1.008238796962102 -0.8163092093276809 0
5917 -1.029800011616639 -0.7712493248449039 0
5918 -0.9700782799950849 -0.7960828124981987 0
5919 0.7136149110935291 -0.6776834797979419 0
5920 0.6083960332565703 -0.7687538751559977 0
5921 0.5916733817106222 -0.7861585478660018 0
5922 0.566746704648823 -0.781881509723247 0
5923 -0.8656819901410673 -0.7037984983638808 0
5924 -0.8749981825956754 -0.6808398836506022 0
5925 -0.8499643895170628 -0.6861772732086138 0
5926 -0.9001169228220287 -0.6751478507902728 0
5927 0.1651448340758255 -0.6903972412504 0
5928 0.1405810362868536 -0.6857392317283661 0
5929 0.1780821185368113 -0.6715559331224252 0
5930 0.20457661025303 -0.6742066756429335 0
5931 0.1245654664879178 -0.7043695890078361 0
5932 0.1160737851314539 -0.6807637916121685 0
5933 0.3783023966335184 -0.7054853471851086 0
5934 0.3942569936712658 -0.6871972670411477 0
5935 0.3700677707571011 -0.6807920835753478 0
5936 0.389326505909375 -0.6647883999112132 0
5937 0.3453425320502808 -0.6740708829086053 0
5938 0.353762238786421 -0.7001907767405324 0
5939 -0.381720395570062 -0.7690487804737245 0
5940 -0.7994104172680208 -0.7594244850112517 0
5941 -0.7905480908345635 -0.7814556854159811 0
5942 0.6319882006879818 -0.7068881071557751 0
5943 0.6230960334750817 -0.684606898737627 0
5944 0.5986547357162196 -0.6791072919348267 0
5945 -0.7265456357393651 -0.7067640264179644 0
5946 -0.7358322742237469 -0.6803827797178119 0
5947 -0.7512679998243176 -0.7017898080662235 0
5948 -0.7610744048435645 -0.6786471432749135 0
5949 -0.7841923160354196 -0.6744292853028178 0
5950 -0.7680515080973787 -0.6542053996306549 0
5951 0.2402469962530496 -0.7690200008904053 0
5952 0.08509291139919914 -0.7833566521333601 0
5953 0.354353132945732 -0.7662729201563714 0
5954 0.4199496119215713 -0.7567932832246349 0
5955 0.4285589155150775 -0.7797387955767174 0
5956 0.45311918298523 -0.7845564652169017 0
5957 0.4380109438478224 -0.8031456382856561 0
5958 0.4783584357242969 -0.7961658512500627 0
5959 0.7871322003920217 -0.6912677630111901 0
5960 0.8005518938267135 -0.6722354916367586 0
5961 0.8271750172970366 -0.6753522856336573 0
5962 0.5589556966436249 -0.7594654796317464 0
5963 0.5424023690821914 -0.7781931562991495 0
5964 0.5183835068887528 -0.7744221483127838 0
5965 0.5269696424278214 -0.7973640216483204 0
5966 -0.5466033642280657 -0.694710258330991 0
5967 -0.5220217956127408 -0.6990811663795959 0
5968 -0.5059184082528567 -0.6799203672059217 0
5969 0.214272124528106 -0.697598107239882 0
5970 -0.4074858386961724 -0.6975566726180737 0
5971 -0.4204299868580044 -0.6742784254869729 0
5972 -0.4313831831837201 -0.7605807610069473 0
5973 0.4691584451658616 -0.7656532659228183 0
5974 -0.8894901225254848 -0.7653082290079318 0
5975 -0.6612304482345527 -0.6964840235301306 0
5976 -0.6441552491462451 -0.6742994691479947 0
5977 -0.6184799498160616 -0.6829055273153326 0
5978 -0.8411337429906025 -0.7084332114309486 0
5979 -1.004650585576455 -0.6972924136624599 0
5980 -0.8251468118922411 -0.6899451886352406 0
5981 -0.8357918346488298 -0.6662127383720318 0
5982 0.1662264536542772 -0.7556002151352139 0
5983 -0.391939198825609 -0.6770683653507206 0
5984 -0.2266698076225849 -0.7516454054677588 0
5985 -0.8647852961797255 -0.7698954032789054 0
5986 -0.01366779102716985 -0.7676091911209895 0
5987 0.5174394512899686 -0.708446944276762 0
5988 0.5088396841243279 -0.6854478981620744 0
5989 0.4842225846411926 -0.6810516199287235 0
5990 0.7228778286926453 -0.7668675239209808 0
5991 -0.611487544193037 -0.7053665897558972 0
5992 -0.545679498771342 -0.7605739902311015 0
5993 -0.5367393353959946 -0.7816214823219312 0
5994 0.4188433670917784 -0.6917285458351525 0
5995 0.4347365987769749 -0.6706544311494689 0
5996 0.4682130117862555 -0.6996795489589829 0
5997 0.5827474598528367 -0.6980276558852179 0
5998 -0.203270905077153 -0.6908099400404648 0
5999 -0.1774462790834985 -0.7604254003271667 0
6000 -0.2683023276154544 -0.7002574815917164 0
6001 -0.128221217361095 -0.7691942827182707 0
6002 -0.3581396704592403 -0.7064086440523436 0
6003 -0.7503916056361374 -0.7681146939356367 0
6004 0.01017050001651621 -0.707160989240041 0
6005 0.09966056560028602 -0.6991931664242621 0
6006 0.09146125427014024 -0.6763793504185447 0
6007 0.08680050393211935 -0.6515129982599071 0
6008 -0.9149070518634065 -0.6950296159709222 0
6009 -0.4728171289543335 -0.7079270700429454 0
6010 -0.6844018430593477 -0.7580115973984753 0
6011 -0.8814583656471507 -0.7867409881743761 0
6012 -0.3663760756548958 -0.6845042461360347 0
6013 0.100914052748721 -0.7658378348554109 0
6014 0.697377055343624 -0.6964224153593115 0
6015 0.305413091197096 -0.7582834733764621 0
6016 -0.8004797248508636 -0.6942030997754181 0
6017 0.6736527669702207 -0.7580986415294824 0
6018 -0.1046706339577396 -0.7084808770967239 0
6019 -0.4815781745384358 -0.6858333776335499 0
6020 -0.4650621527243946 -0.6659931241751416 0
6021 -0.2929177108738896 -0.6958929108747398 0
6022 -0.6594058266151822 -0.7606978387131136 0
6023 -0.2180702511429746 -0.774629225094067 0
6024 0.8363774596216813 -0.6990974136020576 0
6025 0.1746162629458135 -0.7784643405161926 0
6026 0.3139135094376879 -0.7798312656434305 0
6027 0.5736002491876676 -0.6750290798055527 0
6028 0.5904362383185582 -0.65270372714083 0
6029 0.837138793033613 -0.7650379369061078 0
6030 0.8533309413892862 -0.6758764853984189 0
6031 0.8443058139771482 -0.7930279639955184 0
6032 0.8715704130781616 -0.794303142309591 0
6033 0.8868258585330897 -0.774239446609954 0
6034 0.8977322189075033 -0.7973121670111762 0
6035 0.8857405086365351 -0.7079179292811997 0
6036 0.8772319347093195 -0.6844065680544116 0
6037 0.9273935731101184 -0.7591767726318075 0
6038 0.9118544504029084 -0.7776915668934414 0
6039 0.9510996919522066 -0.6976545264456888 0
6040 0.1396858478613198 -0.6510690925144011 0
6041 -0.2153267959042675 -0.8182538424878629 0
6042 0.8118986240782184 -0.820181624867157 0
6043 -0.6364476644726131 -0.6516148959060679 0
6044 0.8610762519335358 -0.8183851040936254 0
6045 -0.9112608113100721 -0.6516826407792138 0
6046 0.8364763513267067 -0.6517287398922882 0
6047 -0.3618986061986221 -0.6510029789307659 0
6048 -0.08626166126456539 -0.6498104464811174 0
6049 0.2867599373257417 -0.8189807126317952 0
6050 0.5368300432973178 -0.6506498380997012 0
6051 0.5865296717823085 -0.8190145946783431 0
6052 -0.537576939760161 -0.8201853503801999 0
6053 -0.7856980593363839 -0.8185247042625718 0
6054 -0.03743809791015398 -0.8189648407394134 0
6055 -0.8820386154583548 -0.6551495346680323 0
6056 0.06027715578421403 -0.8188389806441361 0
6057 -0.5105240851412164 -0.6549512720849719 0
6058 -0.9356542436753191 -0.8194328293992967 0
6059 -0.3366382267249278 -0.8186471651946015 0
6060 -0.9617613642857471 -0.6504994668877924 0
6061 -0.8860349838736368 -0.8190651468183763 0
6062 0.4866699900674764 -0.6509824604139425 0
6063 -0.1933933190471928 -0.7788500627336319 0
6064 -0.529781210341711 -0.675204094397909 0
6065 0.460158665803125 -0.6766615650763157 0
6066 0.992520519193377 -0.7488640361459673 0
6067 1.002513226986244 -0.7760518435866359 0
6068 0.2613825530292097 -0.8174736467906083 0
6069 -0.2337233587260844 -0.7946338343847685 0
6070 -0.03743809791015351 -0.6512125406170259 0
6071 0.7621766727539353 -0.8184714326832996 0
6072 -1.110491986314841 -0.7652137256946219 0
6073 0.5027913002614087 -0.7943621875414983 0
6074 0.2121492214908711 -0.6510788579803339 0
6075 0.01247936597005139 -0.8189537429464799 0
6076 -0.7096909055996561 -0.6504535561569789 0
6077 0.4874449756139221 -0.818459166742274 0
6078 0.9584336872205986 -0.6535664235496697 0
6079 -0.1651784785834155 -0.6509202683917685 0
6080 0.2954570279062067 -0.6698100612198381 0
6081 1.042086392036401 -0.7630754458740832 0
6082 -0.925044210726703 -0.6723769118614946 0
6083 0.9425792696601267 -0.6739347136396923 0
6084 0.3872104394562749 -0.8224800712852467 0
6085 1.142140872968643 -0.6696470689989695 0
6086 0.3206530885737338 -0.6733299277861775 0
6087 -0.3119841492512806 -0.6505259526853582 0
6088 0.6165941596628273 -0.6632845260838689 0
6089 -0.7113238602929193 -0.8195206863722238 0
6090 -0.4118190770116903 -0.6504004529460872 0
6091 -0.7669391208164639 -0.7852839382734196 0
6092 -0.6718192196966849 -0.6726989707379385 0
6093 1.045946949693681 -0.7922194024112592 0
6094 0.8857404739812528 -0.8188663863937276 0
6095 -0.08609150670131119 -0.818500678666636 0
6096 0.6353993273858938 -0.8190783145545737 0
6097 0.5370577434038235 -0.8193327788604226 0
6098 1.399079730268141 -0.7401938917713728 0
6099 -1.399079730268117 -0.7298061082285834 0
6100 0.04758644152136855 -0.692709362164674 0
6101 0.3363398068516974 -0.6509219502744621 0
6102 0.5481062457806385 -0.6718902374488405 0
6103 -0.3221036180820298 -0.7992021853899995 0
6104 -0.9457988310393831 -0.798347903746274 0
6105 -1.020950912431205 -0.6743611577028403 0
6106 0.6826755577777038 -0.6502812877689159 0
6107 -0.5865302005924081 -0.8205182992252791 0
6108 -0.8385517957032196 -0.8180154738622516 0
6109 -0.459718321948867 -0.8190637440114408 0
6110 0.8111587880533313 -0.6494697668425999 0
6111 0.7325838451043698 -0.6486790656408346 0
6112 -0.5630536366449509 -0.6494621095947259 0
6113 0.9593868370711072 -0.8203000972108807 0
6114 0.159068259595967 -0.7957835051681457 0
6115 0.2991815281448471 -0.7987743077883316 0
6116 -1.075220201790036 -0.7771751257459538 0
6117 0.4360633102328164 -0.6468609403628349 0
6118 -0.07395857694103156 -0.6714666930074529 0
6119 0.1400675864173558 -0.8188697786438972 0
6120 -0.2046791453430074 -0.7976479170263318 0
6121 0.7793102429763877 -0.7977341510058018 0
6122 0.0466003929416054 -0.7976550577509869 0
6123 -0.1890318383202836 -0.8194147716975468 0
6124 0.1889257860746641 -0.6511938562909023 0
6125 -0.3257166418958225 -0.6701797496113784 0
6126 -0.9507886789647311 -0.6708212703234135 0
6127 -0.187813062172646 -0.6463296919695338 0
6128 0.9095879702311264 -0.6487900476678057 0
6129 0.284750271536496 -0.6494320165942398 0
6130 0.06344451003332294 -0.6501590954066643 0
6131 -0.9841512415023583 -0.8172660416035153 0
6132 0.4140977691344307 -0.7947078654485722 0
6133 0.5507456669039349 -0.7998611021220459 0
6134 -0.6859306012231133 -0.8211448846550233 0
6135 0.9222896385457198 -0.7997945233481296 0
6136 -0.07233465606654238 -0.7991480437837311 0
6137 -0.4425992806535674 -0.6751829759213042 0
6138 -0.8094968005318595 -0.6734959564314718 0
6139 1.166329467659319 -0.7501198994302989 0
6140 -0.5125540209928628 -0.7853108639980544 0
6141 -0.6856440315198198 -0.6500713275177574 0
6142 -0.7900821524545972 -0.6505950567717154 0
6143 0.6605349253660824 -0.8204204370204984 0
6144 -0.2971176707267492 -0.8030789534462208 0
6145 -0.112463684764102 -0.6868849686101619 0
6146 0.5230424958139396 -0.6693165573426505 0
6147 1.025753999955584 -0.7761325003162618 0
6148 -0.9219164388749892 -0.8005536174407446 0
6149 -1.071342370310613 -0.6821278665292692 0
6150 0.3378073407290265 -0.7832092992711424 0
6151 0.6611043230645446 -0.6455627550268321 0
6152 -0.5502973343728041 -0.7999597971043571 0
6153 0.7766125891648616 -0.6694198351087906 0
6154 0.7108960020101973 -0.7843064371406676 0
6155 -0.8023037168520866 -0.7989756917780504 0
6156 -0.1719579486107115 -0.7801501015558721 0
6157 -0.5872724222003413 -0.6485043744577901 0
6158 0.1892685390212714 -0.8225581585362001 0
6159 -0.2569643601058308 -0.8225083455622766 0
6160 0.4096587239519748 -0.6731529729203736 0
6161 -0.4462555147414133 -0.8001175854171123 0
6162 -0.9761923077243412 -0.6705408900905709 0
6163 0.8026096180945501 -0.8003177580360443 0
6164 0.2593354055890256 -0.6490453781764742 0
6165 0.1539006485105706 -0.6701434636459389 0
6166 0.07225019153701333 -0.7998825111778451 0
6167 -0.3506402229838488 -0.6682057807329187 0
6168 0.3365119461605949 -0.8228064424818342 0
6169 1.282249879976535 -0.6969916388153266 0
6170 -1.282514936353436 -0.7733323609282241 0
6171 0.8854145258644154 -0.6479861105988327 0
6172 -1.078697082907434 -0.7540650833190057 0
6173 -0.04806783686040875 -0.8015851620472354 0
6174 0.6778787597562373 -0.7779990389520659 0
6175 -0.2128478176273484 -0.6726578885362642 0
6176 0.5754745564872431 -0.8019912038961756 0
6177 -0.1118206000534446 -0.6469434500491911 0
6178 -0.6727611475008023 -0.8022530029334085 0
6179 0.4367778089517931 -0.8241059974216061 0
6180 1.155143687841495 -0.7084177775060532 0
6181 0.9339283354109248 -0.820434286971274 0
6182 -0.7170590242423407 -0.6688633842982536 0
6183 -0.09732293043141477 -0.6692066099967136 0
6184 -0.8356498061828175 -0.6449539317625739 0
6185 -0.2914907331474801 -0.8225292755292486 0
6186 0.3224015528598793 -0.8009619081678352 0
6187 -0.4617365408918956 -0.6455484346273099 0
6188 0.4981174251886055 -0.6670581184675584 0
6189 1.097166308868929 -0.7829337021652787 0
6190 1.122124924563853 -0.7656935366604802 0
6191 -0.8966843867389788 -0.802342546709653 0
6192 -0.7815886436909439 -0.7982204175161485 0
6193 0.0745071709154201 -0.6665556099393566 0
6194 1.001488176672897 -0.799811836651422 0
6195 -1.052637206452632 -0.6958138676443433 0
6196 -0.6008757700077079 -0.6667695357558205 0
6197 -0.5258975815912001 -0.8029752577104627 0
6198 0.8229009508768904 -0.8029701549130124 0
6199 0.6384069940556208 -0.6708555222037731 0
6200 0.7676136391521663 -0.6485813719331865 0
6201 -0.1380684654682843 -0.7863351056477228 0
6202 1.00669336362109 -0.6677903581379638 0
6203 0.8742097726023138 -0.6655199181447902 0
6204 0.2121492214908711 -0.825617858285165 0
6205 -0.5120929550943719 -0.8244710635446317 0
6206 0.02508028129871876 -0.6937398231814456 0
6207 0.3870635223592145 -0.644532509512608 0
6208 -0.9853693164090737 -0.6874690752003811 0
6209 0.09463677874044964 -0.8011027260171897 0
6210 -0.3733466899777827 -0.6659200335969473 0
6211 0.1308285223538393 -0.6692112532212562 0
6212 0.2493033458903292 -0.6658129148380816 0
6213 -0.02545242727834505 -0.8043880998857222 0
6214 -1.120160441921156 -0.7241841518764769 0
6215 0.5983526593056991 -0.804526444458773 0
6216 -0.2361333926194515 -0.6453876074938734 0
6217 0.9693626789627563 -0.802850626759998 0
6218 0.7114304230266852 -0.8248571845347605 0
6219 -0.7497000649496665 -0.6603393895481382 0
6220 0.4742233933538096 -0.6650818953412561 0
6221 1.07369027312035 -0.7953760697916916 0
6222 -0.4903296841559396 -0.6680888882038154 0
6223 -0.8597446586117394 -0.6680550351778329 0
6224 -0.2507096884814707 -0.8058502940948067 0
6225 -0.874556602436132 -0.8049294148304913 0
6226 -1.067437057984954 -0.7980199194503115 0
6227 -1.048735764869602 -0.7814872169581335 0
6228 -0.6501947907763691 -0.7781904503109143 0
6229 -0.7613988621824624 -0.8263017307573985 0
6230 0.4611415478113716 -0.8006130751435929 0
6231 0.7283057470369345 -0.6665535723445046 0
6232 0.6125139962327992 -0.6438867511189823 0
6233 -1.026946702962454 -0.7537781220663966 0
6234 -0.6239682985028934 -0.6641595983532635 0
6235 -1.073909115126254 -0.9637818038954205 0
6236 1.073909115126243 -0.9637818038953689 0
6237 0.01247936597005204 -0.8616148959063743 0
6238 -0.03743809791015573 -0.8616148959063743 0
6239 0.06239682985025967 -0.8616148959063743 0
6240 -0.08735556179035929 -0.8616148959063743 0
6241 0.1123142937304593 -0.8616148959063743 0
6242 -0.1372730256705669 -0.8616148959063743 0
6243 0.1622317576106669 -0.8616148959063743 0
6244 -0.1871904895507683 -0.8616148959063743 0
6245 0.2121492214908674 -0.8616148959063743 0
6246 -0.2371079534309734 -0.8616148959063743 0
6247 0.2620666853710752 -0.8616148959063743 0
6248 -0.2870254173111783 -0.8616148959063743 0
6249 0.311984149251278 -0.8616148959063743 0
6250 -0.3369428811913833 -0.8616148959063743 0
6251 0.3619016131314856 -0.8616148959063743 0
6252 -0.3868603450715883 -0.8616148959063743 0
6253 0.4118190770116932 -0.8616148959063743 0
6254 -0.4367778089517931 -0.8616148959063743 0
6255 0.4617365408918945 -0.8616148959063743 0
6256 -0.4866952728319979 -0.8616148959063743 0
6257 0.5116540047721011 -0.8616148959063743 0
6258 -0.5366127367122031 -0.8616148959063743 0
6259 0.5615714686523052 -0.8616148959063743 0
6260 -0.5865302005924079 -0.8616148959063743 0
6261 0.6114889325325108 -0.8616148959063743 0
6262 -0.636447664472613 -0.8616148959063743 0
6263 0.6614063964127206 -0.8616148959063743 0
6264 -0.686365128352818 -0.8616148959063743 0
6265 0.7113238602929205 -0.8616148959063743 0
6266 -0.7362825922330229 -0.8616148959063743 0
6267 0.7612413241731262 -0.8616148959063743 0
6268 -0.7862000561132277 -0.8616148959063743 0
6269 0.811158788053331 -0.8616148959063743 0
6270 -0.8361175199934321 -0.8616148959063743 0
6271 0.8610762519335357 -0.8616148959063743 0
6272 -0.8860349838736372 -0.8616148959063743 0
6273 0.9109937158137406 -0.8616148959063743 0
6274 -0.9359524477538427 -0.8616148959063743 0
6275 0.960911179693946 -0.8616148959063743 0
6276 -0.9854901647639978 -0.8636877267848462 0
6277 1.010588798369627 -0.8638123063438385 0
6278 -1.035455373025111 -0.8636289025888839 0
6279 1.073174072594698 -0.9348613288479406 0
6280 1.103352283728963 -0.9522335904452159 0
6281 -1.076345264016621 -0.9332620817307866 0
6282 -1.10032875546255 -0.9502194103665644 0
6283 -0.01249999999980586 -0.9283493649052215 0
6284 0.03750000000013069 -0.9283493649053547 0
6285 -0.06249999999999983 -0.9283493649053884 0
6286 0.08750000000007865 -0.9283493649053298 0
6287 -0.1124999999999182 -0.9283493649053511 0
6288 0.1375000000001323 -0.9283493649053369 0
6289 -0.1625000000000167 -0.9283493649053192 0
6290 0.1875000000000864 -0.9283493649052925 0
6291 -0.2125000000000205 -0.9283493649054702 0
6292 0.237500000000128 -0.9283493649053369 0
6293 -0.2625000000000187 -0.9283493649054364 0
6294 0.2874999999999781 -0.9283493649053298 0
6295 -0.3125000000000007 -0.9283493649054577 0
6296 0.3375000000001758 -0.9283493649051433 0
6297 -0.3625000000000186 -0.9283493649054329 0
6298 0.3875000000001595 -0.9283493649053778 0
6299 -0.4124999999999509 -0.9283493649053813 0
6300 0.437499999999956 -0.9283493649054222 0
6301 -0.4625000000000387 -0.928349364905344 0
6302 0.4874999999998575 -0.9283493649053369 0
6303 -0.5125000000000967 -0.9283493649054471 0
6304 0.5375000000001475 -0.9283493649052073 0
6305 -0.562500000000048 -0.9283493649053707 0
6306 0.5874999999999995 -0.9283493649053884 0
6307 -0.6125000000001276 -0.9283493649053849 0
6308 0.6374999999998257 -0.9283493649052925 0
6309 -0.662500000000096 -0.9283493649054488 0
6310 0.687500000000197 -0.9283493649050989 0
6311 -0.7125000000000595 -0.928349364905376 0
6312 0.7375000000003504 -0.9283493649053991 0
6313 -0.7625000000000812 -0.9283493649054151 0
6314 0.7875000000003493 -0.9283493649051806 0
6315 -0.8124999999999896 -0.928349364905479 0
6316 0.8375000000000854 -0.9283493649055483 0
6317 -0.8624999999998735 -0.9283493649053476 0
6318 0.8874999999999739 -0.9283493649053902 0
6319 -0.9124999999999845 -0.9283493649053298 0
6320 0.937500000000148 -0.928349364905209 0
6321 -0.9624999999999819 -0.9283493649054204 0
6322 0.9875000000001296 -0.9283493649053352 0
6323 -1.012500000000001 -0.9283493649053884 0
6324 1.195794382262516 -0.9085607745047497 0
6325 -1.207944262771417 -0.8979119608280683 0
6326 1.061464642936838 -0.8626232440009627 0
6327 1.049392658179602 -0.9218180765837793 0
6328 1.099125843635048 -1.020049889470085 0
6329 -1.095176583543334 -1.025102990892057 0
6330 -1.093509200159485 -0.8744644992818991 0
6331 1.103193102045197 -0.9132014072471151 0
6332 -1.300386991693876 -0.991723893314699 0
6333 1.30038699169386 -0.9917238933147043 0
6334 -1.050717616872325 -0.920382917615056 0
6335 1.142601988665907 -0.9338386392596476 0
6336 1.214556738987714 -0.9895484277855751 0
6337 -1.206557910749497 -0.9774448879288204 0
6338 1.136995187979494 -0.8834104491933612 0
6339 1.13132575071519 -0.9793612827033371 0
6340 -1.072182993052781 -0.9061792803061213 0
6341 -1.048098761815789 -0.8899942738286182 0
6342 -1.1445685744184 -0.8800369166277964 0
6343 -1.1514310051926 -0.9305330027787573 0
6344 -1.13831351640801 -1.015507861194214 0
6345 1.091111708367441 -0.8752101489537623 0
6346 -1.062413788422233 -0.863437587805187 0
6347 -1.020954708494317 -0.8847168680805932 0
6348 -0.9874999999999977 -0.9283493649054684 0
6349 -0.9750000000000338 -0.9068340850648848 0
6350 -0.9499999999999258 -0.906857129056089 0
6351 -0.966066890743112 -0.8849876385115305 0
6352 -0.6875000000000258 -0.9283493649054684 0
6353 -0.6999999999999627 -0.9068366160061494 0
6354 -0.7250000000001792 -0.9068592381737357 0
6355 -0.7125000000003234 -0.8850480947162644 0
6356 -0.6749999999999896 -0.9068595970386504 0
6357 -0.6500000000001813 -0.9068637608920653 0
6358 -0.6625000000005028 -0.8850480947164066 0
6359 -0.6375000000000991 -0.9283768700856765 0
6360 0.9625000000001638 -0.9283493649052055 0
6361 0.9750000000004004 -0.9068343306037043 0
6362 1.00000000000023 -0.906856433361984 0
6363 0.9910764516675746 -0.8850080814012138 0
6364 0.9500000000002539 -0.9068569307358239 0
6365 0.9249999999999761 -0.9068611696150661 0
6366 0.9374999999997063 -0.8850480947159109 0
6367 0.9124999999999475 -0.9283764382060511 0
6368 0.8999999999997771 -0.9068663883119168 0
6369 0.8749999999995538 -0.9068631928852433 0
6370 0.8874999999992581 -0.8850480947162449 0
6371 0.712500000000295 -0.9283493649052161 0
6372 0.7250000000007015 -0.906836439721495 0
6373 0.7500000000006222 -0.9068590199167623 0
6374 0.7375000000015072 -0.8850480947163746 0
6375 0.700000000000439 -0.906859391373052 0
6376 0.6750000000000966 -0.9068635629213837 0
6377 0.6875000000003144 -0.8850480947156658 0
6378 0.6624999999999652 -0.92837683709039 0
6379 0.6499999999997265 -0.9068688368772211 0
6380 0.6249999999996932 -0.9068654582618798 0
6381 0.6374999999989476 -0.8850480947162005 0
6382 0.8125000000001781 -0.9283493649050811 0
6383 0.8250000000005073 -0.9068356716250818 0
6384 0.8000000000004746 -0.9068584952604013 0
6385 -0.8874999999999493 -0.9283493649053227 0
6386 -0.8999999999999253 -0.9068350294457979 0
6387 -0.8749999999998503 -0.9068577460516689 0
6388 -0.8499999999998337 -0.9068619665680071 0
6389 -0.8624999999997099 -0.8850480947161579 0
6390 -0.5375000000000238 -0.9283493649054702 0
6391 -0.5499999999999607 -0.9068375414995948 0
6392 -0.5750000000001906 -0.9068603934665802 0
6393 -0.5625000000003241 -0.8850480947162644 0
6394 -0.5249999999999891 -0.9068606767810046 0
6395 -0.5000000000001732 -0.9068647907920262 0
6396 -0.5125000000005022 -0.8850480947164066 0
6397 -0.4875000000000523 -0.9283770417356116 0
6398 -0.2375000000000064 -0.9283493649054826 0
6399 -0.2499999999999684 -0.906838712532128 0
6400 -0.2750000000000619 -0.9068619107722711 0
6401 -0.2625000000004176 -0.8850480947162627 0
6402 0.01250000000017302 -0.9283493649051486 0
6403 0.02500000000035334 -0.9068389958461829 0
6404 0.05000000000020619 -0.9068623546312278 0
6405 0.03750000000030135 -0.8850480947161632 0
6406 3.120319396384315e-13 -0.9068623735187025 0
6407 -0.02499999999988175 -0.9068662635016231 0
6408 -0.01249999999987312 -0.885048094715879 0
6409 -0.03749999999997194 -0.9283772871871658 0
6410 -0.05000000000013399 -0.9068715655458881 0
6411 -0.07500000000008983 -0.9068677640269662 0
6412 -0.06250000000050036 -0.8850480947162485 0
6413 0.1125000000001628 -0.9283493649051806 0
6414 0.1250000000003644 -0.9068389328874531 0
6415 0.1500000000001684 -0.9068622308123082 0
6416 0.1375000000004787 -0.885048094716165 0
6417 0.1000000000003348 -0.9068623000668943 0
6418 0.07500000000015589 -0.9068935094713879 0
6419 0.08750000000025292 -0.8850480947159287 0
6420 0.3625000000001837 -0.9283493649051664 0
6421 0.3750000000003877 -0.9068383347794686 0
6422 0.4000000000002694 -0.9068614071024221 0
6423 0.3875000000006454 -0.8850480947162183 0
6424 0.3500000000003641 -0.9068616022741036 0
6425 0.3250000000001554 -0.9068656501784815 0
6426 0.3375000000006095 -0.8850480947157422 0
6427 0.312500000000032 -0.928377184966596 0
6428 0.2999999999998543 -0.9068709615062787 0
6429 0.2749999999999133 -0.9068673548558532 0
6430 0.2874999999993952 -0.885048094716149 0
6431 -0.1374999999999224 -0.9283493649052534 0
6432 -0.1499999999999732 -0.9068389014081397 0
6433 -0.1750000000000199 -0.9068621814947004 0
6434 -0.1625000000001524 -0.8850480947161063 0
6435 -0.1249999999999135 -0.9068622633411163 0
6436 0.5625000000001475 -0.9283493649052126 0
6437 0.5750000000002864 -0.9068374029900887 0
6438 0.5500000000002319 -0.9068605151866329 0
6439 0.5250000000000024 -0.9068646379419771 0
6440 0.5374999999997111 -0.8850480947159109 0
6441 0.512499999999952 -0.9283770162605265 0
6442 0.4999999999998416 -0.906869933627231 0
6443 0.4749999999997039 -0.9068664532212516 0
6444 0.4874999999995707 -0.8850480947162058 0
6445 -0.7875000000000114 -0.9283493649054826 0
6446 -0.7999999999999174 -0.9068358730931365 0
6447 -0.7750000000000019 -0.9068587303066984 0
6448 -0.3375000000000031 -0.9283493649054826 0
6449 -0.349999999999991 -0.9068384229219255 0
6450 -0.3750000000000891 -0.9068615225267216 0
6451 -0.3625000000003243 -0.8850480947162644 0
6452 -0.3249999999999497 -0.9068617051071008 0
6453 0.2125000000001733 -0.9283493649051753 0
6454 0.2250000000003495 -0.9068387691947315 0
6455 0.2000000000003753 -0.9068621090919713 0
6456 0.1750000000001556 -0.9068933436799682 0
6457 0.1875000000006919 -0.8850480947157546 0
6458 -0.4374999999999288 -0.9283493649052588 0
6459 -0.449999999999955 -0.9068380325775731 0
6460 -0.4249999999999355 -0.906861249705468 0
6461 -0.225000000000013 -0.9068620429856225 0
6462 -1.002114311577993 -0.902925882757101 0
6463 -0.4750000000000536 -0.9068933063933127 0
6464 -0.4625000000001416 -0.8850480947161223 0
6465 0.7750000000004051 -0.9068894108574792 0
6466 0.7875000000004837 -0.8850480947157155 0
6467 -0.6250000000001308 -0.9068690390642953 0
6468 -0.6000000000002268 -0.9068925870033464 0
6469 -0.6125000000003261 -0.885048094716371 0
6470 -0.5875000000001561 -0.9283647890708018 0
6471 -0.18750000000003 -0.9283766068527228 0
6472 -0.3000000000000292 -0.9068929396950196 0
6473 -0.3125000000002059 -0.8850480947165167 0
6474 -0.7500000000002276 -0.9068896752843472 0
6475 -0.7625000000006195 -0.8850480947163799 0
6476 -0.7375000000002047 -0.9283646126247422 0
6477 -0.200000000000107 -0.9068978206962228 0
6478 -0.2125000000007044 -0.8850480947164119 0
6479 0.2625000000000364 -0.9283774690795745 0
6480 -0.9374999999999718 -0.9283757647796218 0
6481 -0.2875000000000046 -0.9283648702003831 0
6482 -0.3875000000000215 -0.9283764970247717 0
6483 -0.9249999999999816 -0.9068880863061146 0
6484 -0.9125000000000653 -0.8850480947161454 0
6485 -0.8374999999999388 -0.9283765710316807 0
6486 -0.08750000000000011 -0.928377537274784 0
6487 1.011506036875908 -0.9289495137078614 0
6488 1.025000000000223 -0.906698729810989 0
6489 0.0625000000000248 -0.9283649141766368 0
6490 0.1625000000000234 -0.9283649016119089 0
6491 -0.8249999999999567 -0.906890061555476 0
6492 -0.8125000000004305 -0.8850480947164012 0
6493 0.4624999999998501 -0.9283773188071276 0
6494 0.4499999999997082 -0.9068705321374377 0
6495 0.4125000000000483 -0.9283764777874648 0
6496 -0.3999999999999857 -0.906896981129794 0
6497 -0.4124999999997872 -0.885048094716252 0
6498 0.6124999999999138 -0.9283771529805573 0
6499 0.8624999999998884 -0.9283767754180428 0
6500 -0.09999999999993135 -0.906899081423715 0
6501 -0.1124999999997546 -0.8850480947162094 0
6502 0.2500000000001881 -0.9068947776737879 0
6503 0.2375000000006492 -0.885048094716165 0
6504 0.6000000000000349 -0.9068926387017662 0
6505 0.5875000000002677 -0.8850480947160921 0
6506 0.4249999999999118 -0.906898405024279 0
6507 0.4374999999989706 -0.8850480947165469 0
6508 0.762500000000542 -0.9283645916838026 0
6509 0.8500000000000707 -0.9068900523684942 0
6510 0.837500000001793 -0.8850480947167387 0
6511 1.035787375514253 -0.8616148959066461 0
6512 1.049353269186835 -0.8846092979060813 0
6513 -1.010828643574151 -0.8616080321514659 0
6514 -1.027653603335938 -0.9096936435592404 0
6515 0.9843050122459476 -0.8617898811794582 0
6516 -0.9593265525243182 -0.8617769492446428 0
6517 0.9350021104157517 -0.8612216596203819 0
6518 1.011685813965064 -0.8876550236805851 0
6519 -0.9100397976708011 -0.861220683944147 0
6520 -0.9871399112731062 -0.8864004838037403 0
6521 0.885077484925742 -0.8612197345930657 0
6522 0.9635322367253543 -0.8855138417108517 0
6523 -0.8601151721808408 -0.8612188115673405 0
6524 -0.9385345468477349 -0.8855157963307896 0
6525 0.835152859436007 -0.8612179148673356 0
6526 -0.8101905466909163 -0.8612170444921254 0
6527 0.9134108976393003 -0.8854945959237561 0
6528 0.7852282339459834 -0.8612162004421293 0
6529 -0.8884143230920543 -0.8854940504824143 0
6530 -0.7602659212010398 -0.8612153827182247 0
6531 0.8634177485438372 -0.8854976107289705 0
6532 -1.106394298717073 -0.912449198515322 0
6533 0.7353036084561348 -0.8612145913191469 0
6534 -0.8384211739972882 -0.8854984679078797 0
6535 -0.71034129571105 -0.8612138262455922 0
6536 0.8134245994509139 -0.8854968407993322 0
6537 0.6853789829661131 -0.8612130874969708 0
6538 -0.7884280249024018 -0.8854977161218756 0
6539 -0.6604166702211498 -0.8612123750742811 0
6540 0.7634314503557509 -0.8855008809906337 0
6541 0.6354543574761267 -0.8612116889764536 0
6542 -0.6104920447312343 -0.8612110292043358 0
6543 -0.7384348758086694 -0.8855017047161411 0
6544 0.5855297319862905 -0.8612103957572526 0
6545 0.7134383012618475 -0.8855001777378853 0
6546 -0.5605674192412513 -0.861209788635751 0
6547 -0.6884417267133461 -0.8855009434935202 0
6548 0.5356051064962899 -0.8612092078392148 0
6549 0.6634451521664835 -0.8855032358294679 0
6550 -0.5106427937513562 -0.8612086533684842 0
6551 0.4868562182655127 -0.8576555773057919 0
6552 -0.6384485776192188 -0.8855039487750709 0
6553 -0.4618892327135448 -0.8576555773057741 0
6554 0.6134520030720026 -0.8855057150629566 0
6555 0.4369222471612291 -0.8576555773058594 0
6556 -0.5884554285250805 -0.8855061350702655 0
6557 -0.41195526160931 -0.857655577305799 0
6558 0.3869882760574003 -0.8576555773057919 0
6559 0.5634588539781984 -0.885504361393874 0
6560 -0.3620212905052534 -0.8576555773058026 0
6561 -0.5384622794296445 -0.885504962799029 0
6562 0.337054304953228 -0.8576555773056977 0
6563 -0.3120873194010658 -0.8576555773058541 0
6564 0.5134657048828224 -0.88550710156062 0
6565 0.2871203338488211 -0.8576555773057795 0
6566 -0.2621533482969442 -0.8576555773058026 0
6567 -0.4884691303356049 -0.8855086569976578 0
6568 0.2371863627449078 -0.857655577305783 0
6569 -0.2122193771928376 -0.8576555773058345 0
6570 0.4623473081779697 -0.8890896141395643 0
6571 0.1872523916407527 -0.8576555773056995 0
6572 -0.1622854060885639 -0.8576555773057706 0
6573 0.1373184205365465 -0.857655577305783 0
6574 -0.4373555617903225 -0.8890820735243565 0
6575 -0.1123514349843205 -0.8576555773057919 0
6576 0.08738444943233793 -0.8576555773057351 0
6577 -0.06241746388030547 -0.857655577305799 0
6578 0.03745047832818415 -0.857655577305783 0
6579 -0.01248349277601579 -0.8576555773057226 0
6580 0.412363815402298 -0.889094179493167 0
6581 -0.3873720690143549 -0.8890939177990802 0
6582 0.3623803226266984 -0.889082204478381 0
6583 -0.3373885762383708 -0.8890822426736342 0
6584 0.3123968298502585 -0.8890895394046048 0
6585 -0.2874050834623786 -0.8890931871612899 0
6586 0.2624133370742442 -0.8890946435736637 0
6587 -0.2374215906864154 -0.8890823681713602 0
6588 0.2124298442985867 -0.8890823927250011 0
6589 -0.1874380979103504 -0.8890942175059617 0
6590 0.1624463515224323 -0.8890933319661141 0
6591 -0.1374546051340721 -0.8890824500175878 0
6592 0.112462858746378 -0.8890824636585641 0
6593 -0.08747111235812709 -0.8890955861579037 0
6594 0.06247936597023521 -0.8890933898882167 0
6595 -0.03748761958210899 -0.8890897828772033 0
6596 0.01249587319422913 -0.8890824909406625 0
6597 -1.398761023628944 -0.9457326415043177 0
6598 1.398761023628929 -0.9457326415043212 0
6599 1.073426088338795 -0.9038205238346286 0
6600 1.096618200471569 -0.9853168583130945 0
6601 -1.098075377355302 -0.9891970662091758 0
6602 -1.069562342537837 -0.9879255528720385 0
6603 -1.071650635094588 -1.012499999999793 0
6604 1.068435590138485 -0.9873197324416765 0
6605 1.071599365595751 -1.011640396372332 0
6606 -1.136394619072153 -0.9704996567422413 0
6607 1.152767084057155 -1.008154934666676 0
6608 1.282504296697646 -0.9075321375553358 0
6609 -1.2831534121348 -0.9078012080198619 0
6610 1.170441839297037 -0.9627720107145841 0
6611 1.031536221254866 -0.9317925541688687 0
6612 -1.032133168334814 -0.9317534255415865 0
6613 -1.069051185862572 -0.8835189103054564 0
6614 1.029695153297429 -0.8821429046384726 0
6615 1.04321956688903 -0.9037353228402392 0
6616 1.069962015798814 -1.031338057168483 0
6617 -1.069182417680239 -1.032520598178371 0
6618 1.068771028631278 -0.8820942650242571 0
6619 -1.002947010167666 -0.8788574565134191 0
6620 0.5142731671835665 -3.072351983503101 0
6621 -0.2375000000000305 -3.071763842618024 0
6622 -0.8639455293738078 -3.068879599302328 0
6623 1.036100161844167 -3.074063056653134 0
6624 0.1375000000000224 -3.072777795542683 0
6625 -0.5599999999999999 -3.068313135517322 0
6626 0.7859612365943291 -3.068753581869093 0
6627 -0.489661730403743 -29.64793473413902 0
6628 -14.13437375946286 -16.22851315039016 0
6629 14.1479427478895 -16.23387096774194 0
6630 14.15594596766421 -11.32825533621112 0
6631 -14.1812878238943 -11.31657073020255 0
6632 4.579500848512318 -29.59648420332937 0
6633 -5.5 -29.63397459621556 0
6634 14.09949310011816 -19.96799097979839 0
6635 -14.22604301233078 -20.35188583567633 0
6636 -1.30297851653614 -3.078386937672601 0
6637 -6.836232044367478 -0.8176771179798799 0
6638 6.823464890870888 -0.840158339359391 0
6639 -0.9624999999999994 -3.071650635094612 0
6640 -1.61312117424078 -2.366249999999987 0
6641 -1.584437476868983 -1.878750000000002 0
6642 1.596961006492089 -2.387142857142852 0
6643 1.624100705225089 -1.877836372196951 0
6644 1.289046180261671 -3.092242590837193 0
6645 1.613121174240769 -1.472499999999988 0
6646 1.615196697840303 -1.094231358574872 0
6647 -1.613121174240757 -1.504999999999995 0
6648 -1.615437550398365 -2.776588046968177 0
6649 -1.599874356131266 -1.071674531170155 0
6650 1.615437550398403 -2.744088046968184 0
6651 -14.12141734681066 -7.400752578481727 0
6652 14.08439223697168 -7.311463470918332 0
6653 8.591808454902431 -29.67172338271909 0
6654 -14.2151585425466 -23.9746765186723 0
6655 14.16746398240319 -24.0635833864854 0
6656 -8.568837159653333 -29.54906954159302 0
6657 9.669834505334638 -0.8179099068384978 0
6658 -9.700706816939082 -0.8344222761149922 0
6659 -1.036100161844166 -3.074063056653108 0
6660 0.9649999999999764 -3.068539258075754 0
6661 1.654350784768368 -0.8141898046911233 0
6662 -1.599975103605495 -0.7802150619557722 0
6663 -3.948178828856271 -0.6860999262066603 0
6664 3.860122660078135 -0.7059349634764711 0
6665 14.1767412019928 -4.410154948906863 0
6666 -14.14793836139976 -4.445539341295557 0
6667 -11.51392930627303 -29.61781285597289 0
6668 11.563973484607 -29.63322501658774 0
6669 -1.066158696781049 -3.069953366036717 0
6670 -1.052321908983602 -3.102247035110512 0
6671 1.066158696781025 -3.06995336603681 0
6672 1.052321908983585 -3.102247035110551 0
6673 1.630372558116472 -0.4692494154925271 0
6674 -1.611747906956984 -0.447213784707861 0
6675 2.557006644551085 -0.3713096617167793 0
6676 -2.553288614027422 -0.3688296815095562 0
6677 -14.13977339668825 -27.0263219701512 0
6678 14.22098908185497 -27.03593533418522 0
6679 -3.571503633493141 -29.63668279524821 0
6680 1.622102804094443 -29.51734049680133 0
6681 6.5 -29.63397459621556 0
6682 14.15848208904755 -22.07546471607419 0
6683 -14.06968780366887 -18.19538315093162 0
6684 14.22596327143517 -13.31464333763627 0
6685 -14.18375027694552 -14.23854011775837 0
6686 14.10846526287653 -18.22729102181618 0
6687 -14.1723987574667 -22.1721576295552 0
6688 -14.1479427478895 -9.346774193548388 0
6689 14.13040881213271 -9.406386295721529 0
6690 11.61086775969039 -0.6700776773029737 0
6691 -11.72686145814299 -0.9606608023813781 0
6692 -0.6125000000000501 -3.072777795542628 0
6693 -0.7374999999999994 -3.071650635094612 0
6694 -0.7874999999999995 -3.071650635094612 0
6695 0.4607961814750805 -3.07508071897988 0
6696 0.3124999999999999 -3.071650635094612 0
6697 0.2374999999999999 -3.071650635094612 0
6698 0.3874999999999998 -3.072777795542642 0
6699 -0.2875000000000051 -3.072777795542635 0
6700 -0.4149999999999995 -3.068539258075688 0
6701 -0.4874999999999994 -3.071650635094612 0
6702 -0.3374999999999933 -3.072777795542668 0
6703 -0.6624999999999395 -3.072777795542734 0
6704 0.83808927006905 -3.072897309182352 0
6705 0.7375000000000297 -3.072777795542692 0
6706 0.6385998983901691 -3.076607693257074 0
6707 0.5874999999999997 -3.071650635094612 0
6708 0.6884595422071307 -3.076000917364421 0
6709 -0.1843308441758264 -3.074902893202562 0
6710 -0.9125000000000003 -3.071650635094612 0
6711 0.909119548731515 -3.070396651735759 0
6712 14.10299223292043 -2.558528507312587 0
6713 -14.16669959180536 -2.526548001066606 0
6714 -1.640273605817982 -0.2724288244692499 0
6715 1.622895183723913 -0.2966583682286004 0
6716 1.601058677545186 -1.326250000000009 0
6717 1.756509952267067 -1.391250000000005 0
6718 1.581647894098042 -2.22660546808592 0
6719 1.754199008552555 -2.233606627258457 0
6720 -1.601058677545214 -1.651250000000005 0
6721 -1.756509952267068 -1.586249999999996 0
6722 -1.624100705225102 -2.155913627803036 0
6723 -1.756678826761078 -2.274922702407293 0
6724 1.602627181971531 -1.718440910313843 0
6725 1.781547790823782 -1.790549826518266 0
6726 -1.613121174240733 -2.561249999999992 0
6727 -1.755441233214345 -2.649577170612524 0
6728 1.603178664085307 -2.583390129158722 0
6729 1.780482834077159 -2.632794045714903 0
6730 -1.599166274958118 -1.255060647310017 0
6731 -1.782046815804237 -1.18846116209426 0
6732 1.136974503691203 -3.035622959955337 0
6733 -1.146785352904795 -3.041274345759499 0
6734 -1.77929391346378 -2.890442479540397 0
6735 -1.995964577169175 -2.743401110808465 0
6736 -2.011980908956963 -3.065949208564161 0
6737 -2.320184729946428 -2.845280275054577 0
6738 -2.318161483028525 -3.279628450631661 0
6739 -2.744235849182878 -3.004092056754329 0
6740 -2.716620509696046 -3.516897879383144 0
6741 -2.280756538526355 -3.752145852030862 0
6742 -2.675047877015492 -4.035733795509458 0
6743 -2.140342272092769 -4.298938978271748 0
6744 -2.674961238491333 -4.629031333311191 0
6745 -2.101387959770745 -4.932942435419079 0
6746 -2.779578544631174 -5.390795711026835 0
6747 -2.008278927612921 -5.756201073519778 0
6748 -2.738327061121483 -6.270979822129293 0
6749 -1.879745778058185 -6.69325264851714 0
6750 -2.671693030487223 -7.245744413469705 0
6751 -1.782470649621353 -7.676990697191714 0
6752 -2.59483371113966 -8.237423554070102 0
6753 -1.685096141311519 -8.670297800860666 0
6754 -2.503556783027523 -9.24122870325737 0
6755 -1.597239045209476 -9.667477626896883 0
6756 -0.7764556366548601 -9.096199635512992 0
6757 -0.6909289393920429 -10.0929655975592 0
6758 -1.511755492484427 -10.66432076437139 0
6759 -0.6063945547612134 -11.0893683730661 0
6760 -1.427065714868057 -11.66081280423607 0
6761 -0.521798417922679 -12.08580144191468 0
6762 -1.342474599119647 -12.65724562465538 0
6763 -0.4372385534264399 -13.0822192723844 0
6764 -1.257986643771479 -13.65367288027227 0
6765 -0.3526877038827061 -14.07863880257324 0
6766 -1.173436710482983 -14.6500926432768 0
6767 -0.2681274409248343 -15.07505731679801 0
6768 -1.088922534315819 -15.64651503267841 0
6769 -0.1835715685877727 -16.07147609942522 0
6770 0.1295506304924233 -9.52146156187306 0
6771 0.4679692209146603 -13.50719316874417 0
6772 -1.004367393748964 -16.64293386003941 0
6773 -0.09900960062091924 -17.06789433311274 0
6774 -0.91965079550275 -17.63933896511006 0
6775 -0.0144072250906237 -18.06430912991719 0
6776 0.8062272351972997 -17.49286507073372 0
6777 -1.82498564315734 -17.21433115947571 0
6778 0.8907975973668596 -18.48928258109715 0
6779 1.71143808167427 -17.91783801129775 0
6780 -2.163225457398156 -13.22868246674924 0
6781 -1.740287807165953 -18.21077567660794 0
6782 1.79600438812949 -18.91425586543701 0
6783 2.616644924645228 -18.34281129121227 0
6784 -2.645628382739062 -17.78572352033955 0
6785 -2.56092820332161 -18.78221024492717 0
6786 2.701210288006917 -19.33922922529128 0
6787 -3.414260392578877 -8.807392389560952 0
6788 -3.466260760852983 -18.35705319476693 0
6789 -3.381567436648043 -19.35363400831055 0
6790 3.521850951884318 -18.76778464027093 0
6791 3.606416191277276 -19.76420258485794 0
6792 1.880569659024234 -19.91067380735382 0
6793 -4.286899800374544 -18.92847515732767 0
6794 -4.20220758640421 -19.92507135222685 0
6795 4.427056843733585 -19.19275800080569 0
6796 4.342491644348309 -18.19634005282749 0
6797 4.511622048574989 -20.1891759483214 0
6798 -5.107349211294214 -19.50009133783164 0
6799 -5.192470690216286 -18.50334640006493 0
6800 -5.022752138319499 -20.49653788521844 0
6801 -4.117606656779166 -20.92152448583627 0
6802 -3.580347105988388 -5.811033024711998 0
6803 5.247697505501802 -18.62131341596412 0
6804 5.163132307668512 -17.62489546785438 0
6805 -4.938239817882202 -21.49297190807802 0
6806 -4.033045308477611 -21.91794999989349 0
6807 -5.843457018770686 -21.0680032726019 0
6808 6.068338163964708 -18.04986883140273 0
6809 5.983772965580532 -17.05345088333969 0
6810 -5.75888992908941 -22.06442043260783 0
6811 -6.66412471919033 -21.63950600146701 0
6812 -1.081272199600809 -6.101397969273721 0
6813 6.888978820975368 -17.47842424696444 0
6814 6.804413622349146 -16.48200629892191 0
6815 6.973544019741034 -18.47484219499515 0
6816 -6.579536668642056 -22.6358753644326 0
6817 -3.311711320194247 -3.239408674277225 0
6818 -7.484743537643658 -22.21090372535953 0
6819 -7.56947903728212 -21.21452145809096 0
6820 -7.400173703724356 -23.20731165541082 0
6821 5.89920776721895 -16.05703293527473 0
6822 6.719848423727033 -15.48558835087903 0
6823 5.814642568572143 -15.06061498723394 0
6824 6.635283225007308 -14.48917040284442 0
6825 5.730077369861528 -14.06419703919856 0
6826 6.550718026287043 -13.49275245480986 0
6827 5.64551217114019 -13.06777909116409 0
6828 6.466152827562937 -12.49633450677563 0
6829 7.540489080156004 -14.91414376649004 0
6830 5.560946972416424 -12.07136114312983 0
6831 6.381587628838799 -11.4999165587414 0
6832 7.286793483985335 -11.9248899223872 0
6833 7.202228285261066 -10.92847197435298 0
6834 6.297022430114525 -10.50349861070718 0
6835 7.117663086536787 -9.932054026318754 0
6836 6.212457231390244 -9.507080662672962 0
6837 7.033097887812501 -8.935636078284531 0
6838 6.12789203266596 -8.510662714638745 0
6839 6.94853268908821 -7.939218130250323 0
6840 6.043326833941672 -7.514244766604527 0
6841 6.864008094774136 -6.94285849343431 0
6842 5.958761635217385 -6.51782681857031 0
6843 -6.494968071578843 -23.63228555729307 0
6844 7.794184676268253 -17.90339761059783 0
6845 7.878749875016931 -18.89981555862998 0
6846 7.769180112912164 -7.367783264398268 0
6847 8.022868941683338 -10.35702738996454 0
6848 -8.305379950847765 -22.78233911743026 0
6849 -8.220813971889804 -23.77875537352292 0
6850 7.684672820382927 -6.371448474345101 0
6851 5.138120978795134 -7.089271402958728 0
6852 5.053697503137873 -6.092841251862573 0
6853 8.589825908765791 -6.79634606064911 0
6854 8.699390531460741 -18.32837097423973 0
6855 8.783955730192687 -19.3247889222733 0
6856 4.232938744159766 -6.664296005469273 0
6857 4.148377482187343 -5.667877718461114 0
6858 8.505277740497952 -5.799952569728225 0
6859 7.96331507377171 -19.89623350666161 0
6860 8.868520928925445 -20.3212068703068 0
6861 8.047880272502489 -20.89265145469528 0
6862 8.953086127650121 -21.31762481834098 0
6863 8.132445471227921 -21.8890694027294 0
6864 9.03765132637476 -22.31404276637517 0
6865 8.217010669952455 -22.8854873507636 0
6866 9.122216525099054 -23.31046071440941 0
6867 8.301575868676789 -23.88190529879781 0
6868 7.396370013530245 -23.45693193515201 0
6869 9.206781723823354 -24.30687866244365 0
6870 7.480935212254537 -24.45334988318623 0
6871 6.575729357108 -24.02837651954043 0
6872 -1.610165631553834 -4.594844931714595 0
6873 -9.126019835357527 -23.35378202538634 0
6874 -9.041454445735422 -24.35019955818979 0
6875 9.410461465708732 -6.224894152995828 0
6876 9.495022084958645 -7.22130552453433 0
6877 -2.631214358844876 -2.574668211549113 0
6878 6.660294555832285 -25.02479446757465 0
6879 5.755088700685748 -24.59982110392885 0
6880 4.909436713439403 -14.63564162358697 0
6881 4.969217102767804 -5.096415925052938 0
6882 9.325829434472967 -5.228380228067985 0
6883 9.604596386619807 -18.75334433788446 0
6884 9.520031187896333 -17.75692638985018 0
6885 3.933430450596846 -4.573847271179126 0
6886 3.15940922160744 -5.272754625762953 0
6887 -3.323688221820448 -9.812284936161184 0
6888 -4.228754169121046 -9.387145444385091 0
6889 -4.142747791859379 -10.38566906802863 0
6890 -5.04815865687287 -9.96022397463638 0
6891 -4.963509442435118 -10.95694439512187 0
6892 -5.868665122247569 -10.53183885292273 0
6893 -5.953096581240772 -9.535407639318674 0
6894 -5.784189471468811 -11.52832848923691 0
6895 -6.773779616467161 -10.10678797109078 0
6896 -6.858204332656394 -9.110366082210893 0
6897 -7.678915549001262 -9.681708660062647 0
6898 -7.763343838183944 -8.685282032951246 0
6899 -8.584060345944653 -9.256617526752741 0
6900 -8.499629745071477 -10.25304723958055 0
6901 -8.66849011347281 -8.260188931301361 0
6902 -7.847772035407734 -7.688855536637828 0
6903 -8.752919808043243 -7.263760434205364 0
6904 -7.9322019224458 -6.692426782599661 0
6905 -8.837350181313854 -6.26733103054476 0
6906 -8.016632204221036 -5.695997501179832 0
6907 -9.404777449720608 -9.827952222888626 0
6908 -9.320346947254089 -10.82438180073135 0
6909 -8.921780525278761 -5.270901666037521 0
6910 -9.742498505879768 -5.842235190715392 0
6911 -9.826928860812327 -4.845805811555012 0
6912 0.2988407807348854 -11.5143554432468 0
6913 -1.994359441268097 -15.22152985608217 0
6914 -9.573637898253184 -7.835093812477369 0
6915 7.565500410978828 -25.44976783122046 0
6916 -3.551185447982328 -17.36047222703182 0
6917 -8.136248621018328 -24.77517298845584 0
6918 -8.956889252082719 -25.34661751732737 0
6919 -8.051683397781447 -25.77159088282372 0
6920 -9.862095103002943 -24.92164414442876 0
6921 3.690981393172257 -20.7606205326234 0
6922 4.317484259124742 -7.660715648373206 0
6923 -2.476340227254721 -19.77863451620791 0
6924 9.773726784072618 -20.74618023395259 0
6925 4.740306315994176 -12.64280572751825 0
6926 4.655741117269976 -11.64638777948403 0
6927 -9.210585035468673 -22.357364079937 0
6928 0.6370932729313834 -15.50002946555364 0
6929 3.412279060103514 -7.23574222823175 0
6930 3.496840036006031 -8.232160539871954 0
6931 8.420679422048023 -4.803374368808363 0
6932 -10.03122556346999 -22.92880838535083 0
6933 -10.11579074102192 -21.93239039125167 0
6934 5.83965389941003 -25.59623905196307 0
6935 4.934448044263493 -25.17126568831726 0
6936 9.942857181521353 -22.73901613002102 0
6937 10.23108644514322 -5.653427055184627 0
6938 10.14645265098939 -4.656910598563798 0
6939 -9.777529904419541 -25.9180620927714 0
6940 -8.101062546901519 -4.699568138388628 0
6941 -10.22549515385102 -10.39928611635262 0
6942 -10.14106475033408 -11.39571556032248 0
6943 -9.235916406603492 -11.82081142746737 0
6944 -10.05663434347545 -12.39214500844095 0
6945 -9.15148600918408 -12.81724086165236 0
6946 -9.972203980202645 -13.38857439859777 0
6947 -9.067055642226334 -13.81367025630862 0
6948 -9.887773622045934 -14.38500378203596 0
6949 -8.982625282328206 -14.81009963879167 0
6950 -9.803343263978309 -15.38143316482608 0
6951 -8.8981949266048 -15.80652902167115 0
6952 -9.718912906756687 -16.37786254759236 0
6953 -8.07747693818958 -15.2351954987228 0
6954 -8.813764569388814 -16.80295840441536 0
6955 -9.634482549156573 -17.37429193029593 0
6956 -10.68273575888517 -25.49308872763487 0
6957 -7.05020985627727 -7.119484715290827 0
6958 4.862717538421156 -4.083845246030489 0
6959 4.038010331242887 -3.58831899001825 0
6960 -7.195914209830485 -5.124663994925246 0
6961 -10.64764684075812 -5.417139337108267 0
6962 -10.732077197901 -4.420709954994832 0
6963 -10.53963088646042 -16.94919607346615 0
6964 -10.45518757326361 -17.94559787004536 0
6965 10.42523704304509 -18.18189975349578 0
6966 10.34067184432131 -17.18548180546153 0
6967 -8.729334211860978 -17.79938778712657 0
6968 3.835100460847739 -12.21783236387245 0
6969 2.532079705936524 -17.346393344872 0
6970 4.849882845539215 -24.17484774028305 0
6971 4.029242189116957 -24.74629232467146 0
6972 4.113807387841237 -25.74271027270568 0
6973 3.208601532694701 -25.31773690905987 0
6974 3.124036333970418 -24.32131896102566 0
6975 2.303395677548163 -24.89276354541407 0
6976 2.218830478823882 -23.89634559737986 0
6977 1.398189822401626 -24.46779018176828 0
6978 1.482755021125911 -25.46420812980249 0
6979 0.5775491659793723 -25.0392347661567 0
6980 0.4929839672550892 -24.04281681812247 0
6981 -0.3276566891671658 -24.61426140251089 0
6982 -0.4122218878914474 -23.61784345447667 0
6983 -1.232862544313702 -24.18928803886509 0
6984 -1.14829734558942 -25.18570598689931 0
6985 -2.053503200735958 -24.76073262325351 0
6986 -1.968938002011677 -25.75715057128772 0
6987 -2.874143857158214 -25.33217720764193 0
6988 0.6621143647036566 -26.03565271419091 0
6989 3.293166731418981 -26.31415485709409 0
6990 -10.8773523179885 -12.96347854111157 0
6991 -10.70849160159588 -14.95633730802196 0
6992 6.491164158383712 -23.03195857150622 0
6993 0.4084187685308063 -23.04639887008826 0
6994 -0.4967870866157308 -22.62142550644246 0
6995 -2.789578658433933 -26.32859515567614 0
6996 -3.694784513580469 -25.90362179203034 0
6997 -7.280344564968907 -4.128234615489827 0
6998 0.0311350618860444 -8.503336573145624 0
6999 -6.37519622730531 -4.553330472818129 0
7000 -10.59817056007089 -26.48950667547204 0
7001 -10.93643137251197 -22.50383492146682 0
7002 -11.02099656355215 -21.50741695672623 0
7003 -8.185492901853685 -3.703138759202053 0
7004 -10.2003559058492 -20.93597236955343 0
7005 -7.908616232154834 -17.22805426125252 0
7006 -4.879043557082387 -11.95342100940288 0
7007 -5.699754197631513 -12.52476440016879 0
7008 -4.794606514855401 -12.94985936171793 0
7009 -7.824033414187392 -18.22470265260629 0
7010 -11.10557950296128 -20.51103679657613 0
7011 -4.34475962383683 -8.318421284722449 0
7012 -5.615323265285063 -13.52119453969521 0
7013 -4.710174941810875 -13.94629036502721 0
7014 -5.530892619303646 -14.51762429711358 0
7015 0.07015780151882073 -19.06072709254043 0
7016 3.750535262123468 -11.22141441583823 0
7017 -3.77934971230475 -24.90720384399612 0
7018 -4.599990368727005 -25.47864842838453 0
7019 -4.515425170002727 -26.47506637641876 0
7020 -1.884372803287396 -26.75356851932195 0
7021 11.05172158208321 -5.081974544373114 0
7022 11.13629729346538 -6.078407589434587 0
7023 10.96715546344522 -4.085555275268383 0
7024 -11.04621305818996 -10.97061974244447 0
7025 -11.13064341087141 -9.974190366231745 0
7026 4.198372586565517 -26.7391282207399 0
7027 4.805945791485957 -3.086883064268186 0
7028 5.702331784533101 -3.522960195735436 0
7029 3.377731930143259 -27.31057280512831 0
7030 10.06175758755304 -3.660197302036783 0
7031 11.24587769946831 -17.61045516910729 0
7032 11.16131250074418 -16.61403722107305 0
7033 11.33044289819267 -18.60687311714149 0
7034 10.25610664559767 -16.18906385742725 0
7035 11.07674730202008 -15.61761927303882 0
7036 10.17154144687353 -15.19264590939303 0
7037 10.9921821032958 -14.6212013250046 0
7038 10.08697624814927 -14.1962279613588 0
7039 10.90761690457152 -13.62478337697039 0
7040 10.00241104942499 -13.19981001332459 0
7041 10.82305170584724 -12.62836542893617 0
7042 -3.191219953686473 -4.351567630833193 0
7043 -9.692964704909361 -26.91448003908502 0
7044 -6.459626584421295 -3.55690109074062 0
7045 -11.36033375129068 -17.52049741552706 0
7046 -11.50337641508894 -26.06453331154494 0
7047 -11.5879416137918 -25.06811536346383 0
7048 11.89738795844234 -15.0461746886504 0
7049 -11.55279517761439 -4.992043480858577 0
7050 -11.46836482002978 -5.988472863562192 0
7051 -11.63722553509259 -3.995614098297139 0
7052 -10.81650755540246 -3.424280572402308 0
7053 -11.41881121632825 -27.06095125949944 0
7054 -4.625712168099041 -14.94265160230432 0
7055 -5.446462253384712 -15.51405367911251 0
7056 2.591634637959517 -7.807187136867568 0
7057 2.676199009528374 -8.803605156123986 0
7058 -8.246337655448942 -13.24233673220329 0
7059 2.929894556846042 -11.79285848376192 0
7060 3.014459796282981 -12.78927686218341 0
7061 9.917845850700703 -12.20339206529037 0
7062 10.73848650712296 -11.63194748090195 0
7063 -5.420631025149262 -26.05009301277295 0
7064 -5.336065826424987 -27.04651096080717 0
7065 7.142674417355835 -20.46767809104949 0
7066 4.596187248847243 -21.1855938962244 0
7067 -2.138068399460237 -23.76431467521929 0
7068 0.3238535698065234 -22.04998092205404 0
7069 -0.5813522853400137 -21.62500755840824 0
7070 3.775546592682985 -21.75703848059095 0
7071 -8.644850066115206 -18.79576735872714 0
7072 11.64369236226949 -12.05692084454775 0
7073 11.55912716354521 -11.06050289651353 0
7074 10.65392130839867 -10.63552953286773 0
7075 11.49142463770122 -10.0724564906437 0
7076 10.57216655515444 -9.640506841860908 0
7077 11.42254269404991 -9.095480067354693 0
7078 1.74883099617354 -2.892410478950632 0
7079 2.004069555704667 -2.723067229345061 0
7080 2.01717876530389 -3.04791367901527 0
7081 2.318091144313831 -2.867017463088301 0
7082 2.313205350730359 -3.244544608503318 0
7083 1.948806874198773 -3.389702757970591 0
7084 2.301735753785108 -3.636181565717877 0
7085 1.93472751239891 -3.799421646097548 0
7086 1.617567271017788 -3.595899460942329 0
7087 1.600686307560022 -3.939981387218687 0
7088 1.335142464376258 -3.773952894398445 0
7089 1.304104923938607 -4.078448837871228 0
7090 1.05163261785421 -3.891812741325678 0
7091 1.004615062592425 -4.217319221841134 0
7092 0.7200327115277272 -3.968620001351804 0
7093 1.284951603552945 -4.475943750728153 0
7094 0.6797367503482453 -4.277738876848936 0
7095 0.3654170248785921 -4.14293423726253 0
7096 0.4518777312786508 -3.834425542218796 0
7097 -0.03433084417580702 -3.074902893202584 0
7098 0.03749999999999987 -3.071650635094612 0
7099 -0.1124999999999998 -3.071650635094612 0
7100 0.1566626710761228 -3.884178298362393 0
7101 0.05144024306876722 -4.258570566969773 0
7102 -0.2176179712581705 -3.997157663554262 0
7103 0.0849999999999998 -3.068539258075713 0
7104 -0.32075641627405 -4.401825323953551 0
7105 -0.01642336308687955 -4.623013207295536 0
7106 0.1861723933029382 -3.620263168229583 0
7107 0.4343148278178687 -3.529448900271319 0
7108 1.118716673074461 -3.598612227633856 0
7109 -0.5590398528199525 -4.092544392724383 0
7110 -0.4576047631018775 -3.827099828699463 0
7111 -0.739127262767313 -3.782421875745573 0
7112 -0.6918003593261073 -3.569990869565633 0
7113 -0.9714437207802372 -3.65324694438495 0
7114 -0.4602562305592212 -3.507222511102576 0
7115 -0.8518552370247332 -3.424455418532222 0
7116 3.95837483109479 -2.691623315348885 0
7117 2.271836377191935 -2.421866033355789 0
7118 -11.92620536876276 -21.08244987646344 0
7119 -12.01078880677942 -20.08607077860557 0
7120 11.95693878208356 -5.506964200146859 0
7121 -5.5606451019238 -3.97313828903593 0
7122 -5.639022681197379 -2.983578086345254 0
7123 1.874865517152952 -4.233385631003745 0
7124 12.04150587161683 -6.503384863535734 0
7125 -2.705013459709657 -27.32501310371036 0
7126 -12.40858227017408 -25.63955994776471 0
7127 10.88256846728331 -3.089087882306947 0
7128 11.78780269298118 -3.514117106729179 0
7129 -11.72165589268108 -2.999184715588342 0
7130 1.768394888727889 -0.3884576797721078 0
7131 -1.769570291287775 -0.3875877167721278 0
7132 -11.95136137719836 -10.54552390989075 0
7133 -12.03579173173856 -9.549094531232068 0
7134 -1.027938825831997 -3.868319630922896 0
7135 -1.188079091463757 -3.651115193364719 0
7136 -12.37351315724988 -5.563377006826407 0
7137 -1.79980760456312 -27.74998646735616 0
7138 12.06651835589082 -17.03901058471885 0
7139 -12.28908279965278 -6.559806389548546 0
7140 -5.421365396971745 -4.920331870766258 0
7141 13.5098886398872 -29.54262119588878 0
7142 -13.48984806332699 -29.73131709399799 0
7143 -0.7502504013071321 -4.464992349470119 0
7144 12.86214698187323 -5.931940930889873 0
7145 -6.01278101848531 -19.07522933502459 0
7146 -7.003290024418249 -17.65340562817375 0
7147 -7.739302229004931 -19.22123808213566 0
7148 -3.973810608823769 -12.37853248606632 0
7149 -3.805021001372291 -14.37137512306626 0
7150 -2.332210112472631 -11.23585469245099 0
7151 -3.720557542259943 -15.3677341790178 0
7152 -6.436041006791935 -14.09252838518323 0
7153 -6.604902793123049 -12.09966821667869 0
7154 -6.071277423416511 -8.501134272621863 0
7155 -11.21507375152483 -8.977761006032431 0
7156 -12.12022208445779 -8.552665154996541 0
7157 -11.29950410547776 -7.981331628155784 0
7158 -11.86693101738084 -11.54195329555978 0
7159 -4.430859971278456 -27.47148432445298 0
7160 9.181770393002731 -13.77125459771301 0
7161 -0.97916694814086 -27.17854188296774 0
7162 2.845329714396526 -10.7964396456357 0
7163 5.391816574967989 -10.07852524706138 0
7164 11.22086553032941 -7.074829900483266 0
7165 2.492429645155096 -6.812091925346943 0
7166 1.683987379812649 -7.382434089233962 0
7167 1.583487402994481 -6.389269160043558 0
7168 -7.087868606583045 -16.65676332154671 0
7169 -6.18279073148903 -17.08187266398258 0
7170 9.350900790451268 -15.76409049378145 0
7171 -4.684555567451288 -24.48223048035032 0
7172 -3.21240401031823 -21.34650415450124 0
7173 3.581405217253291 -9.228578489770523 0
7174 1.22905942495306 -22.47495428569984 0
7175 4.257926452670473 -17.199922104196 0
7176 2.472526074996726 -26.8855994414825 0
7177 -1.401992941762269 -22.19645214279666 0
7178 2.870340737579449 -21.33206511694151 0
7179 0.2392883710822406 -21.05356297401982 0
7180 -11.4447767046094 -16.52409485266659 0
7181 -12.26549426445778 -17.09542748454581 0
7182 -12.34992665135776 -16.09900242281587 0
7183 -12.18083360091603 -18.09204832665862 0
7184 12.1384762938455 -7.517617716178058 0
7185 -3.86391491102903 -23.91078589596191 0
7186 -6.241271681571519 -26.62153759716136 0
7187 -6.156706482847238 -27.61795554519558 0
7188 4.6807524479606 -22.18201184422564 0
7189 5.501393104404697 -21.61056725983537 0
7190 -0.665917484064298 -20.62858961037402 0
7191 -6.3258368802958 -25.62511964912715 0
7192 -7.061912337993782 -27.19298218154978 0
7193 -6.98564782810691 -28.20708084273015 0
7194 -7.892237131393039 -27.78505426460875 0
7195 2.109254206140769 -12.36430293513598 0
7196 2.19381935745937 -13.36072165132228 0
7197 3.099025036702066 -13.78569490172768 0
7198 2.278384387228948 -14.35713950136777 0
7199 3.183590214216368 -14.78211284868211 0
7200 2.362949554259129 -15.35355743289057 0
7201 0.7727111136066385 -6.913263450541692 0
7202 -10.28492109577906 -19.93955440240711 0
7203 -9.379715240632528 -20.36452776605292 0
7204 5.620165320841886 -2.530424307376876 0
7205 6.525033958488718 -2.956086865042838 0
7206 6.609855576095652 -3.952051555609611 0
7207 7.430661189684145 -3.381225998369242 0
7208 2.557091273721 -27.88201738951673 0
7209 1.651885418574468 -27.45704402587091 0
7210 12.39933433904533 -10.50154821793124 0
7211 4.278158052507165 -27.72868208578966 0
7212 5.102781819581614 -27.16295757055496 0
7213 -10.91334641616493 -2.454272374138887 0
7214 -9.997857659547059 -2.857350577285256 0
7215 0.7565090660454565 -5.96232684165464 0
7216 -1.071650635094611 -3.037499999999778 0
7217 1.071650635094611 -3.037499999999959 0
7218 5.152202738002057 -28.1179549038343 0
7219 6.002661376097803 -27.58179017429545 0
7220 9.984799347775514 -2.674596690214909 0
7221 -1.28674057665966 -3.89104225256111 0
7222 -1.437941451353004 -3.683022418332412 0
7223 -1.320633671258938 -3.487503311240879 0
7224 -1.526094855360367 -3.467557576080301 0
7225 -1.011978338217673 -3.098268925270123 0
7226 -1.027151921064344 -3.139053409342914 0
7227 -1.077804792126768 -3.140372355729641 0
7228 -1.040176665812289 -3.190230365608127 0
7229 -0.9771506476211248 -3.174935889840661 0
7230 -1.108342764915428 -3.18914885112075 0
7231 -1.062880992780143 -3.255673975569442 0
7232 -1.153994858250851 -3.259283255273459 0
7233 -1.108052068558005 -3.33780735063128 0
7234 1.012595492999764 -3.097038336495761 0
7235 1.029019323010127 -3.137563222086293 0
7236 1.078116025784381 -3.140123991186902 0
7237 1.049111303665972 -3.186939148681585 0
7238 0.9869513101595357 -3.173463295112676 0
7239 1.109366063996381 -3.190062367535376 0
7240 1.015013252711683 -3.243558528233704 0
7241 0.9361702829338451 -3.234699660242143 0
7242 0.9711762357748559 -3.316790245025832 0
7243 0.8785675116848833 -3.304149389872489 0
7244 1.073761765421956 -3.315233296995597 0
7245 0.8594893760717413 -3.217686096294086 0
7246 0.7800023401253139 -3.271042733926302 0
7247 0.8159844567544603 -3.386761730309066 0
7248 0.7053654462566723 -3.35763515903251 0
7249 0.6921997042141808 -3.257077874679577 0
7250 0.7307887436251959 -3.514306838225394 0
7251 1.301417401653907 -3.484486102056866 0
7252 0.6079269178010087 -3.310941040478353 0
7253 0.5740082170212467 -3.238731361771826 0
7254 0.5119719794114066 -3.278491500164417 0
7255 0.476798420461883 -3.197680922662693 0
7256 0.4218023459598446 -3.258564002717391 0
7257 0.398630491257087 -3.183687742842332 0
7258 0.3378441290248096 -3.238152552466644 0
7259 -12.52349975607388 -3.568918982733914 0
7260 -4.768988852880158 -3.381939579112608 0
7261 -4.838583735795588 -2.419971520874057 0
7262 -12.47112328326127 -24.64127282459141 0
7263 2.580609324767478 -3.038356087536876 0
7264 0.3547401085570521 -3.31999649994102 0
7265 0.2665807099463323 -3.28740658763412 0
7266 0.2626889935416577 -3.200152480770001 0
7267 0.1835595747068035 -3.246032366969555 0
7268 0.1851386135758361 -3.342874651358237 0
7269 0.1009294665662578 -3.292023757709734 0
7270 0.10606547539084 -3.202658661066536 0
7271 0.03106214729216676 -3.248817318433776 0
7272 0.01319233832817053 -3.336654709215223 0
7273 -0.06920400995395992 -3.256040521239846 0
7274 -0.08281255360985076 -3.379821032890785 0
7275 -0.1663415347862014 -3.307289855087243 0
7276 -0.1542667968696615 -3.232835179989634 0
7277 -0.2290585371740798 -3.235893647480514 0
7278 -0.2081205762577826 -3.421509823008256 0
7279 -0.06471098151943597 -3.179150534020337 0
7280 -6.529316091334207 -2.578476655452132 0
7281 -0.08102207133223055 -3.513073861483711 0
7282 -13.48979756719141 -0.9187155145267063 0
7283 13.59777440448634 -0.8398539752023346 0
7284 0.9159166861316282 -3.159203422988098 0
7285 7.35075860555005 -2.409276038572363 0
7286 0.02449883941852105 -3.151898099473113 0
7287 0.6363800365984666 -3.16207446533109 0
7288 -1.475002565327642 -3.252048196944562 0
7289 11.69069987102948 -2.544408070414454 0
7290 8.251796493448929 -2.813430942052268 0
7291 8.23996242325391 -1.732794270899447 0
7292 0.9479890264200543 -8.946437675479999 0
7293 1.034496914209763 -9.945876075367654 0
7294 9.749183860832144 -10.21078871205982 0
7295 9.664696730037866 -9.214409521165258 0
7296 -11.66883611485969 -24.07138588612982 0
7297 -12.55140600143664 -23.64449142581738 0
7298 3.26815540412331 -15.77853079378446 0
7299 -3.127839346374877 -22.34292315337198 0
7300 -4.769120766175575 -23.48581253231611 0
7301 2.954905936441977 -22.328483064964 0
7302 -13.20384471697994 -6.108280264034626 0
7303 -0.2299096439786266 -3.159767332001103 0
7304 -0.2922676697851668 -3.1909808103809 0
7305 -0.3187329504259824 -3.264453644320195 0
7306 -0.3759356133048352 -3.206349017694595 0
7307 -0.4005549005547576 -3.289598175844906 0
7308 -0.4617883727224397 -3.22484110196744 0
7309 -0.4872671066114189 -3.313038058655213 0
7310 -0.5464542274035031 -3.251292605219374 0
7311 -0.5314873772023055 -3.154887020390376 0
7312 -0.5874649996137805 -3.187739153364014 0
7313 -0.6302120904788189 -3.255073411743346 0
7314 -0.6730900751194785 -3.188917445852082 0
7315 -0.7107163325808317 -3.263962123593044 0
7316 -0.7546821624677293 -3.194861497043362 0
7317 -0.4488763879493555 -3.149907706556711 0
7318 1.673131302570614 -3.271240579860136 0
7319 0.558215937491007 -3.138674634360097 0
7320 -12.61274444161458 -2.572897532028849 0
7321 -1.586928579749897 -3.951591027647154 0
7322 1.133021182328545 -3.136974435376299 0
7323 1.175466034613221 -3.188462678438809 0
7324 -1.128878817059265 -3.133446801875611 0
7325 -0.3789138925177391 -3.13484552087459 0
7326 12.58205736819126 -2.998898795797549 0
7327 12.64771322467108 -3.951943341530793 0
7328 -0.6628511313620385 -3.336442431787507 0
7329 -0.1511850883934784 -3.13458468150445 0
7330 2.153123625866003 -0.2833542503856066 0
7331 2.246380724068583 -0.7016411121205763 0
7332 2.724173648386779 -0.8159103922251312 0
7333 2.357320381173755 -1.187756038058266 0
7334 2.893068664388822 -1.298312064163708 0
7335 2.524907755594716 -1.685388764736064 0
7336 -2.152503954112053 -0.2829409203510558 0
7337 -2.27163125380764 -0.6175966325891888 0
7338 -2.654509617701482 -0.8221389988648387 0
7339 -2.34385227937235 -1.244983964120118 0
7340 -2.883259155365487 -1.302528257589385 0
7341 -2.52889461746116 -1.688179979376581 0
7342 -3.167978720180417 -1.822392288322259 0
7343 -2.610306213705354 -28.29982819056219 0
7344 -12.7969751695582 -10.16612748180905 0
7345 -1.753194403689638 -3.178460059343147 0
7346 -13.29610396569373 -25.31001353539393 0
7347 12.52388688659541 -1.946270143462952 0
7348 -0.917691405659935 -28.14180121654701 0
7349 -0.07780936903488073 -27.59798881087105 0
7350 3.129021407501 -1.793890644218903 0
7351 0.8477960553410095 -3.141831335003992 0
7352 0.7942673581679529 -3.183609354227009 0
7353 -1.160461774212507 -4.111860293401351 0
7354 -0.7864367864252552 -3.255931838446259 0
7355 -0.8391059593701874 -3.202931992194124 0
7356 -0.8650724229231064 -3.28747787951448 0
7357 -1.424173689045056 -3.100707950753579 0
7358 1.415522438472793 -3.114127931055975 0
7359 1.357740057933277 -3.204808565189902 0
7360 1.511964198926731 -5.400738161656813 0
7361 -1.796815865537515 -0.5904544032283976 0
7362 1.791258943182408 -0.5521876053383821 0
7363 -0.8024909257643313 -3.140816146136387 0
7364 -0.8713650846174632 -3.142273071502741 0
7365 -0.2169228175198898 -3.587649149642413 0
7366 -12.77737624607627 -20.65289278822742 0
7367 -12.86263772125582 -19.6470387718829 0
7368 -12.69997228897614 -21.64991265160547 0
7369 -0.3321341126355486 -3.358284484815243 0
7370 -0.7429963559470222 -3.13523938599373 0
7371 -0.6837411038677841 -3.128338505108307 0
7372 0.4527342463500578 -3.139817060529605 0
7373 2.003519884686006 -1.023797347218586 0
7374 -1.020901256584267 -3.326351259842518 0
7375 -1.046957050474247 -3.426758158432529 0
7376 -0.9089220754520799 -3.198798177228667 0
7377 -1.786808483905082 -0.9739546209306766 0
7378 0.8576349806491091 -3.698802238192606 0
7379 -1.79220688047831 -2.045975001774961 0
7380 -2.019844604094652 -2.183522183107556 0
7381 -2.005151933264759 -1.918909100472899 0
7382 1.797135651535752 -1.994769314376995 0
7383 2.010958946882797 -2.155203349699491 0
7384 -13.23622788769724 -26.24901772948348 0
7385 -0.2771059514803901 -3.131369710087 0
7386 -0.01798281316881172 -28.70257276086036 0
7387 1.730458737444516 -28.45076992208005 0
7388 2.615470456716873 -28.87540032429204 0
7389 -13.11494643001473 -17.65568923906449 0
7390 0.1851110217914202 -3.162874888419887 0
7391 0.1882510987616395 -3.077628752467408 0
7392 0.1261687174391771 -3.133390906849623 0
7393 0.2471096743171014 -3.135693908280118 0
7394 0.2914312465518241 -3.143280689506533 0
7395 -0.5700198134273564 -3.130579482614912 0
7396 -0.5231813941089173 -3.110318670303988 0
7397 1.096522843228176 -3.060471570887888 0
7398 -1.101728553187178 -3.058561657341924 0
7399 0.747366594208399 -5.161181823969189 0
7400 -0.00492095453323016 -5.514903307522246 0
7401 -0.1740574222595564 -6.40588144364145 0
7402 -0.7920055065652457 -5.369070861096212 0
7403 -6.026389764247689 -28.75957355723012 0
7404 -6.952875334313015 -29.0587902128701 0
7405 -0.06356311319667181 -7.496815931870008 0
7406 0.4064615194803253 -3.1228962423463 0
7407 1.015755414274182 -3.42558192836842 0
7408 0.8778955308444404 -3.512381878084502 0
7409 1.198866158882147 -3.055723259108134 0
7410 -1.216267067881717 -3.061318427434362 0
7411 -1.237899863049383 -3.144734634790256 0
7412 -1.346914607830925 -3.193909180508005 0
7413 2.373051079979082 -5.839406153645413 0
7414 2.31581411075345 -5.040093144201649 0
7415 2.849681544982434 -4.45241985904247 0
7416 0.9596014191529347 -3.131272056902965 0
7417 13.49741222923206 -3.4899731457398 0
7418 6.022881777466972 -28.69019671458894 0
7419 6.901465820404111 -28.01168912856028 0
7420 6.826317077887214 -27.01602303750091 0
7421 7.73202544059494 -27.44194264241239 0
7422 7.840573844195346 -28.35235862485737 0
7423 8.647513538277746 -27.84558961802293 0
7424 8.556116715994881 -26.86738438326913 0
7425 9.461897674304357 -27.29183880112249 0
7426 9.554177603272603 -28.27194181867179 0
7427 10.36744241495277 -27.71695547997007 0
7428 10.28111797641845 -26.72468792215796 0
7429 11.18661703819998 -27.14896955410009 0
7430 11.10180750061322 -26.15312804915228 0
7431 12.0070215003885 -26.57808219802855 0
7432 11.92240572027451 -25.58178358136925 0
7433 12.09158805655088 -27.57449694360119 0
7434 11.01720265058046 -25.15680364629713 0
7435 11.83783504094419 -24.58537856315488 0
7436 12.78399420702934 -26.01044929409429 0
7437 10.93262992987045 -24.16040344409607 0
7438 11.75326920668159 -23.58896211447973 0
7439 12.6442398089196 -24.01514420398237 0
7440 12.54296510533915 -23.0201444030668 0
7441 11.66354633841847 -22.59298247383009 0
7442 12.46629770668059 -22.02305623577801 0
7443 11.57943782811535 -21.59652587381753 0
7444 12.39701715741761 -21.02534111962769 0
7445 11.4974961857048 -20.59988528910087 0
7446 12.28954570792578 -20.03086721527394 0
7447 10.42164379802759 -28.66971130682029 0
7448 9.557652071289185 -29.17440719541188 0
7449 -13.27403181475602 -5.038275093063023 0
7450 1.150389931279428 -3.423352263392889 0
7451 1.195794024616382 -3.306077886530431 0
7452 -0.04961839421669445 -3.703217453782315 0
7453 -1.933994032102791 -2.452092315711489 0
7454 0.7982659368357028 -3.133810102304796 0
7455 0.7485982252553801 -3.137108622135383 0
7456 13.28689281494601 -21.53111146045632 0
7457 -10.09711400439812 -1.788544453763997 0
7458 -9.170995793418305 -2.303063926163253 0
7459 -13.13005744837785 -7.092325903069327 0
7460 0.2759888574447091 -3.103547854855822 0
7461 1.540271597992029 -3.14047092833389 0
7462 -3.570311003580865 -6.767602872023504 0
7463 -4.418573913619376 -6.275542816394555 0
7464 -4.413653636525305 -7.265866845579253 0
7465 -5.304963168580253 -6.829867407014639 0
7466 -4.497472799307191 -5.36856229165457 0
7467 -5.247794892429225 -7.905057506803622 0
7468 -4.032324976037852 -2.868579666880798 0
7469 -4.018039415148756 -1.890260575386341 0
7470 -4.865302171832154 -1.434398567863189 0
7471 -2.308835376125753 -2.01435462794066 0
7472 -2.170494059998521 -1.521300035825808 0
7473 -13.57744882734319 -21.19872948699994 0
7474 0.888443343714858 -3.117281023925372 0
7475 -1.256867685020425 -3.249486334988113 0
7476 1.201408051900497 -3.12450014328417 0
7477 4.722811292979526 -2.182763176089459 0
7478 5.330998644557203 -1.601442504862923 0
7479 2.208857651160626 -1.521319371517782 0
7480 0.51096330889913 -3.405596501813205 0
7481 0.6432709117927085 -3.699074813269288 0
7482 -2.009578517013808 -1.090314722205244 0
7483 1.471657646755976 -3.261696225535985 0
7484 2.688806019328684 -2.155873163151581 0
7485 -3.508662813841327 -7.772477508902259 0
7486 -5.700603686499482 -2.013809853977946 0
7487 -5.789152399872208 -0.9396757236761939 0
7488 -13.0017848255799 -18.66319665108839 0
7489 -13.9389358880026 -19.34763614554393 0
7490 9.129108039015138 -2.275616640056505 0
7491 -12.08701986101252 -19.08665930832722 0
7492 8.335968457507473 -3.806834783288192 0
7493 -2.899807365620218 -14.79646109970219 0
7494 -2.815338749806731 -15.79281955765465 0
7495 -6.097979018527904 -18.07850599628125 0
7496 -5.277532334530757 -17.50671103719071 0
7497 -1.468716027437532 -5.232851196115245 0
7498 -2.984223381674543 -13.80004691607648 0
7499 -0.8821793720529147 -8.091427070222736 0
7500 5.785760505280253 -4.521013151738279 0
7501 6.694365047846105 -4.948969030963701 0
7502 -3.636073681690501 -16.36392040674956 0
7503 -3.237785726823633 -10.81042547311081 0
7504 6.39843343138005 -1.799627567384473 0
7505 -2.417705896973023 -10.23859869937477 0
7506 -3.153065959645664 -11.80713747525729 0
7507 7.515505174102226 -4.377766657774988 0
7508 -6.918185057557053 -18.65067517414863 0
7509 -6.833180814613755 -19.64693146558634 0
7510 -7.654623266070873 -20.21770177509639 0
7511 -4.372038473581521 -17.93134988395062 0
7512 5.873574618725055 -5.520633046613153 0
7513 -4.456739206743404 -16.93528560315455 0
7514 -1.909945772442414 -16.21789381520382 0
7515 0.2141748619563802 -10.51782268727508 0
7516 1.119395766854477 -10.94278779589239 0
7517 1.940038790677417 -10.37134277282954 0
7518 9.240977004507169 -4.231510761583912 0
7519 -2.078839833369246 -14.22508097702652 0
7520 -5.144217032169569 -8.943015745932639 0
7521 -2.24778525614815 -12.23227026318139 0
7522 -6.267257523191784 -16.08541004193493 0
7523 -4.058327181111657 -11.38202165116463 0
7524 1.204034077868542 -11.9393088051852 0
7525 -6.68934457345488 -11.10322363575999 0
7526 -7.510052307198749 -11.67457080547051 0
7527 -7.425620234283747 -12.67100246132957 0
7528 0.3834109551834116 -12.5107745024456 0
7529 -7.59448669592431 -10.67813604625889 0
7530 -6.520471799790601 -13.09609843382657 0
7531 -7.341189396165124 -13.66743247293589 0
7532 -7.256758971680274 -14.66386194250894 0
7533 1.373178131990161 -13.93216645075503 0
7534 -11.38393446247981 -6.98490224622442 0
7535 -6.968432878352279 -8.109339218478109 0
7536 -10.39435578672254 -8.406427460225878 0
7537 -3.889385348112633 -13.37495541957473 0
7538 -12.20802855369955 -7.54976677002672 0
7539 -13.04105770572395 -8.097937396712178 0
7540 10.67780300985479 -21.17124946234244 0
7541 10.59383298394477 -20.17478100633662 0
7542 10.11198939746029 -24.73184773591562 0
7543 0.5525281952223278 -14.503611544916 0
7544 0.7216537192839192 -16.4964478238453 0
7545 -9.489207833997423 -8.831522803717377 0
7546 10.02742296574041 -23.73543269675878 0
7547 9.291347225629368 -25.30329589544891 0
7548 10.76302114202328 -22.16761199500572 0
7549 8.843595897688083 -9.785625649352939 0
7550 8.759049861896724 -8.789217214834302 0
7551 12.88566963931892 -27.00542673050304 0
7552 12.91516906898524 -28.0023369842788 0
7553 12.07846071528513 -28.68565122114473 0
7554 -1.716145169414305 -28.73272691104639 0
7555 -2.538639206599119 -29.40854572315719 0
7556 -9.658068166860508 -6.838664548621868 0
7557 -10.47878615040372 -7.409998069374209 0
7558 -13.17064554075534 -16.67033788567864 0
7559 -13.25507589834305 -15.67390850297377 0
7560 -12.42929163491017 -15.10985212972426 0
7561 3.944676990392677 -23.74987437663724 0
7562 10.19656281199561 -25.72824630124734 0
7563 -12.71772085303866 -11.1716251213295 0
7564 -12.66094356697933 -12.14776270597091 0
7565 -11.77804975118029 -12.5441286637992 0
7566 -12.60321863381273 -13.10971621169003 0
7567 -13.44697223864044 -12.72066387500592 0
7568 3.452356437999732 -28.29847682080418 0
7569 3.498021761506746 -29.46017961022583 0
7570 -7.315608029992307 -24.20372855225365 0
7571 7.93832657178023 -9.360620775390942 0
7572 6.744341775324296 -26.02094452791851 0
7573 7.650065609703105 -26.44618577925467 0
7574 -10.76668917457501 -24.4966188578499 0
7575 10.78413497257373 -2.093039537830293 0
7576 -3.610219314856193 -26.90003974006456 0
7577 12.44875472862067 -11.46872227805396 0
7578 12.53265408843146 -12.44234471082664 0
7579 -12.32518456497256 -26.64231342870034 0
7580 -12.23964645496658 -27.63345176595551 0
7581 -11.32007281215355 -28.02728676937996 0
7582 -12.11402687237538 -28.71337891592135 0
7583 -13.06009252912244 -28.20384042816607 0
7584 -10.51124316030901 -27.48091088353111 0
7585 -10.41207862558383 -28.4462347830532 0
7586 -9.605178883077297 -27.90404439883395 0
7587 -9.523834307260616 -28.90731593471514 0
7588 -10.4448984633185 -29.51793766737712 0
7589 -8.70319365083834 -28.33587135032675 0
7590 -7.802056667977508 -28.801210555035 0
7591 4.571175918545724 -10.64996983144981 0
7592 -9.550018519141977 -18.37066040144276 0
7593 -10.37077017128704 -18.94205483887612 0
7594 -11.83382591188327 -22.07819999618681 0
7595 -12.61091380980324 -22.64594750984129 0
7596 5.585958303226835 -22.6069852078613 0
7597 9.833358719906418 -11.2070128743958 0
7598 9.01265300687583 -11.77842516116784 0
7599 7.227239616081132 -21.46409603908362 0
7600 6.322033760916757 -21.03912267543934 0
7601 6.237468562207532 -20.04270472740384 0
7602 9.858024261916153 -21.74262090100632 0
7603 -5.67432713716393 -23.06084093127267 0
7604 -1.48655814048655 -21.20003419476244 0
7605 -1.571125178027061 -20.20361485224914 0
7606 8.928182427898907 -10.78205418748995 0
7607 -0.2430914904428809 -25.61067935054511 0
7608 11.98195315716658 -16.04259263668463 0
7609 12.77383672325385 -15.44624391656902 0
7610 12.7081325771101 -14.48144935951319 0
7611 13.51319427718449 -14.88885068969405 0
7612 -0.8350522521328334 -18.63575362558937 0
7613 5.22268683364473 -8.085689294497289 0
7614 5.47638177369224 -11.07494319509561 0
7615 -11.69732847956061 -13.5357697312622 0
7616 -12.51878827622501 -14.1061455943949 0
7617 5.078567110704987 -16.62847751967092 0
7618 4.173361256001542 -16.20350415627419 0
7619 -1.063732146865134 -26.18212393493353 0
7620 12.15108355461508 -18.03542853275307 0
7621 12.97172421103745 -17.46398394836464 0
7622 13.04238526111368 -18.56703867697233 0
7623 13.74754532938695 -19.08356169217392 0
7624 13.9455470708707 -17.21774193548387 0
7625 1.144494226228776 -21.47853633766563 0
7626 12.98752549998124 -6.924350018739313 0
7627 13.0580398117088 -7.937355771093781 0
7628 13.75857425307078 -6.260869059863289 0
7629 13.56002048665718 -5.222447888305986 0
7630 14.07809355409913 -8.402887162846598 0
7631 13.22522749977858 -8.984585604079646 0
7632 13.2652785760362 -9.945175130722401 0
7633 12.26550592003708 -8.547215388690605 0
7634 5.922461531881454 -26.59093966643073 0
7635 -2.958709055882497 -24.33575925960771 0
7636 -9.00621088188754 -4.274472284637659 0
7637 -2.30719867212659 -21.77147853395567 0
7638 1.626870395882964 -16.92142027343447 0
7639 9.689072509254334 -19.74976984538061 0
7640 -9.946558379694899 -23.92521763368396 0
7641 9.435465989174828 -16.76050844181572 0
7642 8.530260134028914 -16.33553507816988 0
7643 8.445694935304363 -15.33911713013568 0
7644 -7.122185412556561 -6.122000103600753 0
7645 -13.1446577278467 -27.20742248013184 0
7646 -3.296981652172909 -20.35007155803324 0
7647 4.004230865944853 -14.21066826157183 0
7648 11.32206784357297 -8.0873520663785 0
7649 10.40299865651937 -7.648959857013296 0
7650 4.486610778584511 -9.653551878415708 0
7651 3.665970474095174 -10.22499620285603 0
7652 4.402046416809502 -8.657133858325974 0
7653 7.625054278862042 -15.9105617145258 0
7654 8.361129736580043 -14.34269918210146 0
7655 7.455923881432708 -13.91772581845573 0
7656 7.70961947753951 -16.90697966256399 0
7657 9.097207362832059 -12.774837726266 0
7658 8.192001869111118 -12.3498645420514 0
7659 8.276565320944719 -13.34628162283484 0
7660 3.327709268502057 -6.239324675667129 0
7661 -10.30992556444797 -9.402856662574779 0
7662 -10.79279832338751 -13.96006753537587 0
7663 9.266335591726868 -14.76767254574724 0
7664 3.919665665081735 -13.21425029873768 0
7665 7.311804814805814 -22.46051398711781 0
7666 6.406598959636491 -22.03554062347394 0
7667 -7.362318113371527 -3.13480605833967 0
7668 -7.392209797094445 -2.202102987655854 0
7669 9.376105653826045 -26.29902639074337 0
7670 4.824871516910314 -13.63922367362957 0
7671 -12.5 -29.63397459621557 0
7672 7.515301409150404 -29.72200274405325 0
7673 2.785775525285193 -20.33564717005753 0
7674 -8.788836101940877 -27.34174905416945 0
7675 -6.2636667144152 -5.518227092013259 0
7676 5.332262704882178 -19.61773136394273 0
7677 5.416827905576094 -20.61414931181 0
7678 -8.161907314339743 -14.2387660902452 0
7679 -2.222633584109065 -22.767896699527 0
7680 13.06039705611916 -16.45573437016312 0
7681 -11.74221322775388 -23.07401876172338 0
7682 -13.49632052429674 -23.13874932019165 0
7683 -3.513821727638552 -27.87125435005266 0
7684 -4.280441610523739 -28.35608381410629 0
7685 -0.1591676710586943 -26.60617622595558 0
7686 0.9753636076503078 -19.48570046034091 0
7687 5.307251644677155 -9.082107275935345 0
7688 -7.993041646360092 -16.23163197786604 0
7689 0.5 -29.63397459621557 0
7690 3.437285713134588 -17.7713666956294 0
7691 -4.52962238938173 -29.70970570395263 0
7692 5.532283467023852 -29.6452329696327 0
7693 12.52672493584501 -29.62538267538263 0
7694 8.614825332728095 -17.33195302620622 0
7695 -7.146477537704212 -26.19656423567456 0
7696 5.018587544923891 -26.1672067451186 0
7697 1.313624623677342 -23.47137223373406 0
7698 7.37135923488731 -12.92130814455244 0
7699 -5.505196223873542 -25.05367506473874 0
7700 -10.62406082412407 -15.95276579675063 0
7701 1.770191329194729 -8.378061497911911 0
7702 -8.389991514719673 -21.78596544999171 0
7703 -9.295174987143263 -21.36098977697202 0
7704 -8.872503592379051 -26.34341806734683 0
7705 -1.317427740692075 -23.19287008622119 0
7706 4.994001912159609 -15.63205957166931 0
7707 -10.56321648262856 -6.413568720539939 0
7708 1.457740405110265 -14.92858440143153 0
7709 10.31612191268746 -6.650304013274322 0
7710 8.386141117914711 -24.87832312766056 0
7711 -10.96104087309152 -11.96800680194641 0
7712 5.670523501959741 -23.60340315589478 0
7713 4.088796060980847 -15.20708620926148 0
7714 -12.43900692684539 -4.548740776875082 0
7715 11.27088903028923 -28.14607923383799 0
7716 7.0581092185966 -19.47126014301823 0
7717 11.72555020616301 -13.04674720968748 0
7718 12.61359255295366 -13.46318763139943 0
7719 11.80741038375607 -14.04725726520425 0
7720 2.387960876272447 -25.88918149344829 0
7721 3.352720546007094 -16.77494874525133 0
7722 10.50969831966232 -19.17832652090244 0
7723 -5.251500627700709 -28.0429289088414 0
7724 0.7459312875311596 -27.03099607749741 0
7725 0.8348493000439238 -28.02246114381065 0
7726 8.107454669135931 -11.35345552956899 0
7727 6.15290336248231 -19.04628677945447 0
7728 -9.911703898989396 -3.850110350710047 0
7729 -13.10004647114557 -9.130601665932003 0
7730 3.03947113523282 -23.32490101299257 0
7731 11.86481903800541 -4.512679742602321 0
7732 12.70740679154805 -4.918480697250914 0
7733 -10.84865897214424 -23.49998074103412 0
7734 -11.80608625026395 -2.002755332887062 0
7735 -12.59755302507342 -1.551528828456053 0
7736 -8.259335243398109 -2.72190577159231 0
7737 -8.263064726414587 -1.682042382845029 0
7738 -9.088599396515683 -3.285006944931764 0
7739 10.84712446070926 -23.16406814236523 0
7740 2.447514082539777 -16.34997543388983 0
7741 1.567195507200728 -26.46044698038209 0
7742 12.20232906947844 -19.05225041977191 0
7743 1.965134876166241 -20.90709175382689 0
7744 2.134265280084064 -22.89992764934696 0
7745 2.04970008024226 -21.90350970140747 0
7746 1.059928985418292 -20.48211839319878 0
7747 -3.043274234434838 -23.33934127193593 0
7748 -2.391767980064343 -20.77505630161827 0
7749 10.4847909109501 -8.642693636799297 0
7750 12.70263515411644 -25.01377646466698 0
7751 13.51694399042956 -25.48045838642934 0
7752 -1.655702725115127 -19.20719342965355 0
7753 8.674400261428605 -7.792760638577606 0
7754 8.470879455674488 -25.87399723459952 0
7755 0.1547230998027962 -20.05714503213563 0
7756 -0.7504851400845605 -19.6321709085902 0
7757 -4.853683844757008 -22.48939395868264 0
7758 3.860111791587666 -22.75345642860987 0
7759 4.765317646777788 -23.17842979225198 0
7760 -3.948479735208156 -22.91436780202701 0
7761 -11.61265131617048 -14.53264052211831 0
7762 -11.52819978879462 -15.5291155053496 0
7763 7.853764564153072 -8.364206016955995 0
7764 -5.589761640877205 -24.05725771117731 0
7765 9.580159750965217 -8.218224398820681 0
7766 -6.410402263676675 -24.62870213667855 0
7767 -7.968941683198733 -26.77189311436218 0
7768 -7.231042773277433 -25.20014637263914 0
7769 1.542303571667906 -15.92500247184089 0
7770 11.40389086081813 -19.60716392808788 0
7771 -8.330768499511889 -12.245906708952 0
7772 -6.351623496598639 -15.08896161757349 0
7773 -8.415200100260666 -11.24947567141011 0
7774 -7.172337863767236 -15.66030406669215 0
7775 2.760749857243897 -9.800001648913099 0
7776 1.288610991592819 -12.93574458559805 0
7777 2.024657852130629 -11.36784007307346 0
7778 0.8570751329539071 -7.936724869697199 0
7779 1.854944154545705 -9.3742208044377 0
7780 -3.068475640138919 -12.8036282654942 0
7781 7.600024353829689 -5.374707200518582 0
7782 -11.27406306573096 -18.5169442693118 0
7783 -8.474882245522242 -20.78926723815477 0
7784 -11.19023343661585 -19.51480785643641 0
7785 -9.465385251225431 -19.36700519563518 0
7786 -8.560175009978892 -19.79207612988408 0
7787 -5.927937720551718 -20.07165467207278 0
7788 -6.748813457712989 -20.64321300447786 0
7789 6.77923442846255 -5.946073844074196 0
7790 9.167401154967877 -3.243697853205429 0
7791 -4.541120952959815 -15.93873866329327 0
7792 -5.361983833716583 -16.51034528144476 0
7793 -2.730526279636396 -16.78919344774252 0
7794 4.884805635654178 -0.7420639247633627 0
7795 -14.02057270404551 -8.394757752740885 0
7796 -14.05864424300082 -17.20333189788023 0
7797 -14.17064390451293 -10.3307342995474 0
7798 -14.10397602877014 -27.95171312402815 0
7799 -14.1479427478895 -6.395161290322582 0
7800 14.25477949955874 -28.01246050837907 0
7801 14.15898549705458 -23.04840019409043 0
7802 14.18727761694397 -12.30607451015736 0
7803 -14.14705156633524 -15.22701762402115 0
7804 -14.15054873452512 -3.521275164309534 0
7805 -0.627045141718371 -3.132619301456415 0
7806 -1.970929478741361 -3.47438546230029 0
7807 -0.9360135779899329 -3.135133517697765 0
7808 0.3559384578940976 -3.148127577735538 0
7809 0.170167762327324 -3.114222617874093 0
7810 12.55259549344992 -1.015317257297021 0
7811 8.726815571327583 -0.8083221971241272 0
7812 -7.77930252542437 -0.789177494831554 0
7813 10.69654200790822 -0.9995356328431768 0
7814 7.771593716957175 -0.8194990095788448 0
7815 -10.6642146684047 -0.8344222761149869 0
7816 -8.738926163826648 -0.7971830673359932 0
7817 13.20777830580947 -20.48213911484392 0
7818 1.643249360971107 -3.063240571384787 0
7819 3.080736847440561 -0.4444246225023782 0
7820 -3.058428664298514 -0.4295447412590221 0
7821 0.09683303066379725 -3.395392043637496 0
7822 -1.584437476868982 -2.951250000000003 0
7823 -14.17753280758134 -26.0725806451613 0
7824 3.845036291033566 -1.973406486005265 0
7825 -1.093435117300109 -3.097839987405804 0
7826 1.092996378433883 -3.098673816849011 0
7827 -1.545990227926962 -3.111561099257635 0
7828 -13.39017603285277 -13.68188824847642 0
7829 -6.211249732729479 -6.511793211723029 0
7830 -1.697377456909757 -3.66728826601136 0
7831 -1.902926498408549 -3.914011524888998 0
7832 10.46326399217094 -29.62667959786222 0
7833 -14.12895960683754 -5.46830610564618 0
7834 -1.463454832686856 -29.64246337055279 0
7835 4.3388245873183 -28.69077961890159 0
7836 -0.8322639428751393 -3.104480372389979 0
7837 -13.32068894760196 -14.67289203622481 0
7838 0.2764377272827647 -3.387783228140687 0
7839 -1.170989293583133 -3.446783222804312 0
7840 14.12544105165353 -21.06052631401267 0
7841 0.7429342741837925 -3.202998282924256 0
7842 12.35959791037001 -9.529684283381854 0
7843 2.009402896338746 -1.902659744253993 0
7844 -13.98845608687208 -28.95854281459859 0
7845 14.2753415750481 -28.9829429914708 0
7846 -4.489710182055379 -4.386631338571419 0
7847 -0.9772147557982481 -7.077627626786128 0
7848 13.31884055515877 -11.87345588402145 0
7849 13.47380830339736 -13.89630893811967 0
7850 -14.21888774695692 -1.539762875673096 0
7851 14.19276640352322 -1.521751056611524 0
7852 -0.2383881089470261 -3.115418987622112 0
7853 -0.9676766263338323 -3.252352399890786 0
7854 -0.9845518425812146 -3.132614060800886 0
7855 9.931831510623235 -1.730726539330083 0
7856 0.2129485081710553 -3.104208409064507 0
7857 2.312854437857955 -4.080602894921361 0
7858 -14.15916725434668 -24.9569406065659 0
7859 2.279669774751608 -2.03215950863518 0
7860 -3.894501183371937 -3.666111333698236 0
7861 -3.233445859507007 -2.503716645057672 0
7862 -13.29107537245793 -4.087592209614169 0
7863 -3.483153591026683 -1.350737999955417 0
7864 -14.21769950942251 -13.25066591117453 0
7865 -6.142321325297502 -7.496112721988683 0
7866 -1.043542039198666 -4.844134930460687 0
7867 1.094657017360954 -3.024349088473851 0
7868 -1.097159777223029 -3.024972667183508 0
7869 13.30573515586216 -10.90796700137175 0
7870 -0.8868621960404601 -3.073503663484757 0
7871 -0.9019289835291056 -3.103696833039177 0
7872 -0.9360049454374141 -3.096217563640449 0
7873 0.8124999999999998 -3.071650635094612 0
7874 -0.8137106571458563 -3.074529443794738 0
7875 -0.800172026025495 -3.097999996309671 0
7876 -0.7648946043421486 -3.098523384132642 0
7877 -0.9875000000000005 -3.071650635094612 0
7878 0.9884168788265077 -3.07205876430314 0
7879 0.7630445699276824 -3.073565506126201 0
7880 0.7507897956309655 -3.095577809167551 0
7881 0.7039590508406803 -3.113445072137463 0
7882 0.6876689575394804 -3.172633997055852 0
7883 0.6543217042675996 -3.115509615339716 0
7884 0.6060228359561997 -3.131929556004186 0
7885 0.5624999999999999 -3.071650635094612 0
7886 0.5798555629648751 -3.101970644145908 0
7887 0.5367900436873172 -3.097235277844895 0
7888 0.5051856381719593 -3.130377929838943 0
7889 0.5374999999999993 -3.071650635094612 0
7890 -0.5121968990181522 -3.074922130928556 0
7891 -0.7629789208684293 -3.068364930864375 0
7892 -0.1374999999999999 -3.071650635094612 0
7893 -0.1249999999999999 -3.099395020189222 0
7894 -0.08757232345907688 -3.097782169724146 0
7895 -0.1065678624482152 -3.134378892747431 0
7896 -0.159399266994402 -3.093296094996496 0
7897 -0.2625000000000111 -3.072984523537817 0
7898 -0.3125000000000241 -3.073153515691942 0
7899 -0.324572664469458 -3.0963847575382 0
7900 -0.4385718873858712 -3.072348295547375 0
7901 -0.4224917348099171 -3.099348983986623 0
7902 -0.4627411837843605 -3.09876766784971 0
7903 -0.7124999999999989 -3.071650635094732 0
7904 0.06449999999999982 -3.06791698267191 0
7905 0.07609929849487314 -3.09917054775925 0
7906 0.07647955819007878 -3.151092655898301 0
7907 0.6632596601029638 -3.07576101614727 0
7908 0.6152199796780129 -3.069530669708197 0
7909 0.6135866635428092 -3.094533135591616 0
7910 0.4376146540650922 -3.070903875515022 0
7911 0.4124999999999998 -3.071650635094612 0
7912 0.3608157673903579 -3.073724472493186 0
7913 0.3751017248511547 -3.101669992521286 0
7914 0.3398946043421482 -3.098523384132641 0
7915 0.3376420743465012 -3.068779698344088 0
7916 0.2626648095741018 -3.073764425210982 0
7917 0.2125 -3.071650635094732 0
7918 0.1625 -3.071650635094612 0
7919 0.01249999999999995 -3.071650635094612 0
7920 0.02471343540229103 -3.103765573079446 0
7921 -0.01180648051017369 -3.095580225261724 0
7922 -0.01221846389839506 -3.070475750115449 0
7923 -0.04811546484158317 -3.100821319525537 0
7924 -0.0637531054127445 -3.074192836257813 0
7925 -0.08749999999999991 -3.071650635094612 0
7926 -0.1612460222340456 -3.067969924658733 0
7927 -0.196355457676638 -3.109418561984254 0
7928 -0.2124999999999996 -3.071650635094612 0
7929 -0.3624999999999985 -3.07296565561731 0
7930 -0.3874999999999998 -3.071650635094612 0
7931 -0.462762614234046 -3.06855331969834 0
7932 -0.5367297155211784 -3.075303057357855 0
7933 -0.5874999999999996 -3.071650635094734 0
7934 -0.5953441591909939 -3.099977017497158 0
7935 -0.6375000000000112 -3.073153515691942 0
7936 -0.6499999999998944 -3.0993950201893 0
7937 -0.8375000000000006 -3.071650635094612 0
7938 0.4874999999999998 -3.071650635094732 0
7939 0.4743321924745487 -3.103114141803463 0
7940 0.1124999999999998 -3.071650635094731 0
7941 0.9375000000000014 -3.071650635094734 0
7942 0.9236140414457172 -3.104904212990474 0
7943 0.8836636189173639 -3.086350032385591 0
7944 0.7127987483629699 -3.073247480172087 0
7945 -0.9372009890874827 -3.067903766765935 0
7946 -1.012499999999998 -3.071650635094612 0
7947 0.2890481873855458 -3.075410420269574 0
7948 -0.6849999999999364 -3.067679782702953 0
7949 1.012500000000002 -3.071650635094757 0
7950 2.692067879624526 -3.89828794216151 0
7951 13.31558465800909 -22.50526645600176 0
7952 -0.7194386773594497 -3.099895504716889 0
7953 14.14289475194921 -10.37484568110124 0
7954 1.140023737006984 -3.084454784696469 0
7955 -1.131167272088792 -3.086927487753329 0
7956 8.698620918656216 -28.7405745014743 0
7957 14.21292239180529 -26.09926982054026 0
7958 0.8216655109386184 -3.102905614149361 0
7959 1.333041954706735 -3.333750243097978 0
7960 1.470907896624553 -3.441275715408054 0
7961 13.39268639419178 -12.85628442925109 0
7962 -1.227382859764758 -3.352682920137241 0
7963 -0.3283993987939677 -3.135410111761384 0
7964 -1.709465652904771 -2.461307031455206 0
7965 1.738979111451884 -2.441303265660352 0
7966 1.753342139439684 -1.196249999999973 0
7967 -1.737550055106273 -1.819425457987787 0
7968 -1.720719201991349 -1.377459505437541 0
7969 1.712896845480115 -1.606624697679704 0
7970 3.384411667063258 -3.2238603611726 0
7971 -5.314901574817431 -5.88557246464797 0
7972 2.003114584239277 -1.333521701006793 0
7973 2.5 -29.76011630425359 0
7974 3.233446230065696 -2.494493984590344 0
7975 5.849773136912095 -0.7630112700098248 0
7976 12.93046973679206 -28.87613773122098 0
7977 7.13003714186947 -28.92294136290636 0
7978 -13.33345860206208 -3.100750091056881 0
7979 -12.59933455861594 -0.686181029072829 0
7980 -13.30216729128557 -24.23273241910331 0
7981 1.827785735803295 -0.1801256757924428 0
7982 -1.828452651110158 -0.179176932828442 0
7983 13.38531509704406 -1.820272774925369 0
7984 -0.4916375217296122 -3.130381611596205 0
7985 -6.545410514642189 -1.677139701391388 0
7986 -7.599784277787465 -29.71367286732675 0
7987 1.732323977513287 -0.972505957666792 0
7988 3.256813101310762 -3.865691477905262 0
7989 0.9766125389170931 -28.8953952656841 0
7990 -3.380236633727477 -28.76325846903868 0
7991 13.35878057570957 -23.49980087403 0
7992 -14.24019038854988 -12.29060503675719 0
7993 -9.50751398604649 -29.79486462873706 0
7994 -1.175466034613216 -3.188462678438803 0
7995 13.09817946230541 -19.53064134980573 0
7996 -0.4133871904739254 -4.911797044097645 0
7997 0.5796982875477384 -3.535977071108588 0
7998 14.24356895975294 -14.34269017851722 0
7999 1.866148350743346 -0.7397827950399769 0
8000 0.4349198276921578 -3.096776165306613 0
8001 -1.976202685995562 -0.783822593758229 0
8002 -4.933476082804021 -28.9345468811337 0
8003 -13.40319016245063 -2.035033807134699 0
8004 -11.04152455947494 -1.608131047857261 0
8005 11.61464332342581 -1.583851609694598 0
8006 7.304644037931857 -1.527837512880302 0
8007 -14.37677556486201 -23.10550379045802 0
8008 1.704712228559519 -4.689966219734517 0
8009 -1.17875114649274 -3.106497341770627 0
8010 -0.3829688759436481 -3.100726018087295 0
8011 1.60740623910196 -0.1319640073368404 0
8012 -1.610413795335448 -0.127767626216281 0
8013 13.39514788246442 -24.46539082879011 0
8014 -13.47349304511618 -11.79165073621396 0
8015 -0.5749207720849183 -3.334409879548918 0
8016 -0.6026479874307693 -3.453351574600944 0
8017 -0.7350431964722095 -3.434781624425867 0
8018 0.1233431498495081 -3.09749890263662 0
8019 -0.969758117371039 -3.10092255626641 0
8020 -0.5096746075046767 -3.410115096042603 0
8021 0.6214257272830915 -3.429247115573578 0
8022 -2.72861637696003 -2.126615042233619 0
8023 0.3067718499903598 -3.10362130879008 0
8024 -3.233015634263417 -3.856791728356667 0
8025 1.258749384005297 -3.208307017896415 0
8026 0.4340778629768507 -3.334983357656862 0
8027 14.35542913282906 -3.469150675230559 0
8028 2.673657855430085 -2.651021159457132 0
8029 -4.873793703956514 -0.6120348435492069 0
8030 -0.3337543305170858 -3.478162379442253 0
8031 -11.16100121594086 -28.8645301983409 0
8032 -0.2638248053339926 -3.774875296654743 0
8033 0.4433681707878981 -4.570794063256226 0
8034 -2.276950579320529 -2.419990538057927 0
8035 -0.01942440853610931 -3.136855328915251 0
8036 3.549512404023936 -1.356663043933242 0
8037 1.204441805682247 -4.904318467687622 0
8038 14.24240929608972 -15.32498815907874 0
8039 -0.3689947455531862 -3.626372958392921 0
8040 1.9267543056435 -2.434640091839011 0
8041 1.955602391439891 -0.4711787773572276 0
8042 -1.983090556583352 -0.4661136050329535 0
8043 0.9688381331283779 -3.095766684271181 0
8044 -3.601009369065638 -4.95215935829199 0
8045 -6.359014232387965 -29.73306517109067 0
8046 -0.5586637002676726 -3.094282925730884 0
8047 -13.3114108415772 -22.16109931963871 0
8048 14.24439808889673 -24.9413857081345 0
8049 -0.2735029701350645 -3.098706151896913 0
8050 -3.205505971449687 -0.918209984775066 0
8051 0.2260829754988888 -4.975255372723806 0
8052 -1.732797614869336 -0.7786040272312675 0
8053 0.8640224415953228 -3.070139745991671 0
8054 -9.194161500999348 -1.481051221244652 0
8055 -13.03048471033938 -29.04821076977991 0
8056 -13.4934379402083 -10.78447757082249 0
8057 -0.9485744881524238 -28.97242609230645 0
8058 1.130222575031779 -3.249595878990771 0
8059 13.31785878682024 -4.39860000434687 0
8060 5.091318176163817 -28.95074230366233 0
8061 -1.614542432600674 -3.297833153499703 0
8062 -0.768662517798029 -3.333841886049896 0
8063 -0.8609876396760261 -4.093598950752961 0
8064 2.743762708715137 -3.427588475638895 0
8065 -0.250877542255919 -3.31748629094229 0
8066 0.857280040096037 -3.09856751010639 0
8067 0.1880092940460717 -3.466383389625795 0
8068 0.3007720405342593 -3.512901535794128 0
8069 0.05705983728477601 -3.521285910008761 0
8070 0.9118758298665646 -3.389133034332062 0
8071 9.203007454422234 -1.464806728891844 0
8072 13.48965566350262 -26.47593891707476 0
8073 13.54755602010735 -15.66993762064937 0
8074 0.050447782876441 -3.126481719052528 0
8075 1.074665040931126 -3.237318399522504 0
8076 -0.420606881397118 -3.392736784317133 0
8077 14.26527598688498 -29.76949256837279 0
8078 -14.26527598688498 -29.76949256837279 0
8079 1.553864116152809 -4.283545165311267 0
8080 -1.605905212995618 -0.6409267538747585 0
8081 1.634590090972942 -0.6379156600802887 0
8082 -1.433875401999805 -4.212394487946346 0
8083 3.221522844863646 -0.9242490172601858 0
8084 1.811025170794192 -3.127289433974639 0
8085 11.15964620407598 -28.95226927525059 0
8086 -0.9428531930118618 -3.369072905467515 0
8087 -14.40046023123868 -21.19081088257685 0
8088 2.204988293094738 -4.507339575008126 0
8089 -0.8676443012246302 -3.097517118914119 0
8090 -14.29823126085314 -0.7073966643646994 0
8091 14.29823126085314 -0.7073966643646816 0
8092 -0.008256316925849695 -3.194354597505416 0
8093 1.59228937043477 -0.900276659064037 0
8094 -1.619909259751863 -0.8982413735479806 0
8095 0.3852176460113209 -3.415118337269538 0
8096 0.2472423699013935 -3.097773046501207 0
8097 0.00198477124477385 -3.429385543293641 0
8098 2.940653012584128 -2.984510819450557 0
8099 -13.55667135429215 -9.879902594661516 0
8100 0.9163298697993246 -4.582913923110633 0
8101 0.5884859419968405 -3.178125274248643 0
8102 -1.066199592847277 -3.537549564670948 0
8103 14.35881478485439 -5.487894119851616 0
8104 1.586956421255947 -0.9961731557322651 0
8105 -1.729571264099902 -3.43494316985436 0
8106 -1.353759581917196 -3.335234045885397 0
8107 -0.4107053880209261 -3.171229027072387 0
8108 -0.4954513997282083 -3.097208143154614 0
8109 0.04596994067315138 -3.189764266475429 0
8110 13.5495972325582 -27.49364702074377 0
8111 -1.9686404402082 -1.371835462013156 0
8112 1.368994513366567 -3.579847956220798 0
8113 0.6762755047727514 -3.095734402692873 0
8114 -7.363243921588614 -1.43362793694074 0
8115 -0.06527820816088412 -3.129797648986539 0
8116 -1.981026392313481 -1.664873465236646 0
8117 0.3272631655744919 -3.182318658034744 0
8118 -1.614312352448988 -1.999244104461447 0
8119 1.616229509768664 -2.054111188343041 0
8120 -1.598780141245392 -2.266917266042062 0
8121 -1.586601330238045 -1.38400403054951 0
8122 1.584437476868982 -2.853749999999991 0
8123 -1.58443747686902 -1.781250000000005 0
8124 -1.587141600277257 -2.463261406291037 0
8125 1.585729040338483 -1.594013121598707 0
8126 1.593919502965035 -1.201846271714972 0
8127 -1.596799991570689 -2.66098304351614 0
8128 1.960042491091374 -1.615492051146347 0
8129 -13.44509708064147 -20.22266236646286 0
8130 0.9937768677741825 -3.125675097805976 0
8131 -0.7136274243505035 -3.161839208499369 0
8132 -0.9504580842392323 -3.494892272826718 0
8133 -0.1211469079848999 -3.185152203730819 0
8134 0.7829750393118111 -3.097624552978145 0
8135 4.365547821387757 -1.427045683188453 0
8136 -0.3005968308131515 -3.101300340419682 0
8137 -0.3524758052874675 -3.102184976570243 0
8138 0.3999999999999998 -3.093970482877403 0
8139 0.5036162083034784 -3.094945993617026 0
8140 -0.6244778601818641 -3.095584530075488 0
8141 0.725000000000088 -3.093970482877372 0
8142 -0.2473782158164264 -3.090436961663343 0
8143 0.15 -3.093970482877451 0
8144 -0.6855299635378338 -3.089956207225821 0
8145 -0.4914476345360761 -3.172879678538491 0
8146 1.069078504443768 -3.017369817694762 0
8147 -1.069579056416183 -3.017494533436658 0
8148 -0.4155329305989913 -3.134769225028647 0
8149 -0.2249999999999996 -3.093311302641849 0
8150 -1.15559964662532 -4.409551696603684 0
8151 13.21833276279664 -2.562788673447653 0
8152 14.48124641687963 -6.395161290322582 0
8153 -2.235074658453774 -1.768918357634352 0
8154 0.3487864286990927 -3.661262244849102 0
8155 -3.681891264488569 -4.242652277950301 0
8156 -4.077266372835448 -29.09228043412952 0
8157 1.245160828064113 -3.386916623769542 0
8158 -1.734847676760971 -4.194356190093767 0
8159 0.4915896374272118 -3.652037714343418 0
8160 13.62210532395771 -28.52469657940996 0
8161 9.51150250187373 -29.94168259496993 0
8162 -0.5130640207397104 -5.847813395383408 0
8163 -0.5236485196616344 -3.200057351977593 0
8164 2.229238998837809 -1.75846831406319 0
8165 -0.5534052247897456 -3.627743269684521 0
8166 7.955268353754774 -29.08192012320207 0
8167 -2.251154870778168 -0.911771382307526 0
8168 -0.8232879767683052 -3.559964834246827 0
8169 0.5365303542796024 -3.195265637180508 0
8170 0.6330120213427438 -3.2187837930194 0
8171 0.8863611218488403 -3.065377286022603 0
8172 1.583492997980549 -2.951250000000003 0
8173 0.3254700596755834 -3.133583646737954 0
8174 -0.1803204053462306 -3.176275267781797 0
8175 14.4453570909223 -19.15715653228256 0
8176 1.071109369217246 -1.159687500000009 0
8177 1.075947677620687 -1.107594325775917 0
8178 1.14780878779674 -1.203748417124313 0
8179 1.144800068471838 -1.089695007266208 0
8180 1.071393350753566 -1.208045731371623 0
8181 1.306670670261366 -1.127769887887879 0
8182 1.095570388730989 -1.081129311023986 0
8183 1.201803925345777 -1.186100415026559 0
8184 1.212011373175041 -1.1124469493702 0
8185 1.10870813418781 -1.117673820600704 0
8186 1.148528566641282 -1.149384991943448 0
8187 1.401523974211395 -1.137585609560082 0
8188 1.09939575802432 -1.219735903001148 0
8189 1.092118294387955 -1.185100502701633 0
8190 1.070094878127269 -1.086105588129861 0
8191 1.076602353393181 -1.134845345107868 0
8192 1.066924202871753 -1.184191746814653 0
8193 1.103618645532405 -1.153850759125664 0
8194 1.265288600370893 -1.183263450456927 0
8195 1.069974795708232 -1.227681326874551 0
8196 1.068950027324306 -1.068321979830767 0
8197 1.119481632208075 -1.182449728738259 0
8198 -1.071109369217246 -1.159687500000041 0
8199 -1.075947677620836 -1.107594325775974 0
8200 -1.146785352904795 -1.203725654240502 0
8201 -1.146745912042984 -1.090997059389913 0
8202 -1.071393350753551 -1.208045731371595 0
8203 -1.306580319742693 -1.128156065242617 0
8204 -1.095848366384066 -1.081315318470292 0
8205 -1.213092356576765 -1.10902837211297 0
8206 -1.201647548873983 -1.187096519516935 0
8207 -1.114341483655744 -1.121865844126333 0
8208 -1.158754701352239 -1.147898602992099 0
8209 -1.401523974211393 -1.137585609560084 0
8210 -1.096566175699863 -1.22015858191485 0
8211 -1.098675444454985 -1.186264222909072 0
8212 -1.070109350100223 -1.086115271982756 0
8213 -1.068235632885157 -1.184424490856141 0
8214 -1.077541244971199 -1.135544015695501 0
8215 -1.098316619271668 -1.155607950259377 0
8216 -1.265455451653144 -1.182856191374505 0
8217 -1.069408879243338 -1.227765862657293 0
8218 -1.069008517249513 -1.068361118090609 0
8219 -1.126578393992187 -1.16875688608611 0
8220 1.071109369217246 -1.354687499999976 0
8221 1.075947677620825 -1.302594325776106 0
8222 1.147808787796783 -1.398748417124274 0
8223 1.144800068471898 -1.284695007266329 0
8224 1.071393350753549 -1.403045731371538 0
8225 1.306670670261359 -1.322769887887873 0
8226 1.095570388731036 -1.276129311024155 0
8227 1.201803925345826 -1.381100415026557 0
8228 1.212011373175075 -1.307446949370219 0
8229 1.108708134187959 -1.312673820600834 0
8230 1.148528566641279 -1.344384991943484 0
8231 1.401523974211406 -1.332585609560091 0
8232 1.099395758024309 -1.414735903000881 0
8233 1.092118294387814 -1.38010050270152 0
8234 1.070094878127365 -1.281105588130114 0
8235 1.076602353393178 -1.329845345107927 0
8236 1.066924202871722 -1.379191746814605 0
8237 1.103618645532175 -1.348850759125709 0
8238 1.265288600370908 -1.378263450456929 0
8239 1.068950027324335 -1.263321979830854 0
8240 1.069974795708226 -1.422681326874484 0
8241 1.119481632208014 -1.377449728738211 0
8242 -1.071109369217246 -1.330312500000003 0
8243 -1.075947677620859 -1.382405674223838 0
8244 -1.147808787796808 -1.286251582875718 0
8245 -1.144800068471874 -1.400304992733664 0
8246 -1.071393350753568 -1.281954268628358 0
8247 -1.306580319742677 -1.323156065242612 0
8248 -1.095570388731034 -1.408870688975805 0
8249 -1.213398603301902 -1.306418306398182 0
8250 -1.200790015976919 -1.392466266326467 0
8251 -1.108708134187994 -1.372326179399078 0
8252 -1.14858189817815 -1.343105284788113 0
8253 -1.40152397421142 -1.332585609560107 0
8254 -1.099395758024306 -1.270264096999053 0
8255 -1.092118294387879 -1.304899497298454 0
8256 -1.076602353393182 -1.355154654892015 0
8257 -1.066924202871739 -1.305808253185363 0
8258 -1.070094878127369 -1.403894411869816 0
8259 -1.103848939332991 -1.336508575729155 0
8260 -1.265345194418756 -1.380408127593451 0
8261 -1.06997479570823 -1.262318673125483 0
8262 -1.068950027324336 -1.421678020169125 0
8263 -1.119027307725324 -1.307993031114218 0
8264 1.071109369217246 -1.525312499999897 0
8265 1.075947677620904 -1.577405674223954 0
8266 1.146785352904795 -1.4812743457595 0
8267 1.146745912043088 -1.594002940610007 0
8268 1.071393350753551 -1.476954268628312 0
8269 1.306670670261337 -1.517769887887919 0
8270 1.095848366384125 -1.603684681529584 0
8271 1.213301825878211 -1.504742068402443 0
8272 1.206212937141877 -1.581261205528634 0
8273 1.114341483655902 -1.563134155873376 0
8274 1.159550510947289 -1.539122757934718 0
8275 1.401523974211331 -1.527585609560226 0
8276 1.096566175699951 -1.464841418085129 0
8277 1.098675444455004 -1.498735777090975 0
8278 1.070109350100234 -1.598884728017156 0
8279 1.077541244971216 -1.549455984304402 0
8280 1.06823563288516 -1.500575509143836 0
8281 1.098316619271846 -1.529392049740599 0
8282 1.266428493270741 -1.574754632363797 0
8283 1.069408879243355 -1.457234137342688 0
8284 1.069008517249527 -1.616638881909349 0
8285 1.126659599053282 -1.516449375233066 0
8286 -1.071109369217246 -1.525312500000043 0
8287 -1.075947677620916 -1.577405674223867 0
8288 -1.147808787796821 -1.481251582875762 0
8289 -1.144800068471898 -1.595304992733677 0
8290 -1.071393350753544 -1.476954268628498 0
8291 -1.306580319742656 -1.518156065242614 0
8292 -1.095570388731099 -1.603870688975903 0
8293 -1.200790015976811 -1.587466266326308 0
8294 -1.213398603301902 -1.501418306398202 0
8295 -1.108708134187994 -1.56732617939911 0
8296 -1.148581898178128 -1.538105284788141 0
8297 -1.401523974211329 -1.527585609560226 0
8298 -1.099395758024313 -1.465264096999109 0
8299 -1.092118294387799 -1.499899497298518 0
8300 -1.070094878127751 -1.598894411870072 0
8301 -1.076602353393189 -1.550154654892062 0
8302 -1.066924202871718 -1.500808253185413 0
8303 -1.103848939332981 -1.531508575729344 0
8304 -1.26534519441873 -1.575408127593425 0
8305 -1.069974795708226 -1.457318673125521 0
8306 -1.068950027324425 -1.616678020169196 0
8307 -1.119027307725289 -1.502993031114285 0
8308 1.071109369217246 -1.720312499999972 0
8309 1.075947677620908 -1.772405674223826 0
8310 1.146785352904795 -1.6762743457595 0
8311 1.146745912043109 -1.789002940609967 0
8312 1.071393350753541 -1.671954268628378 0
8313 1.306670670261316 -1.712769887887919 0
8314 1.09584836638413 -1.798684681529537 0
8315 1.213301825878203 -1.699742068402447 0
8316 1.206212937141876 -1.77626120552863 0
8317 1.114341483655931 -1.758134155873151 0
8318 1.159550510947246 -1.734122757934649 0
8319 1.401523974211339 -1.722585609560236 0
8320 1.096566175699916 -1.659841418085254 0
8321 1.098675444454936 -1.693735777090872 0
8322 1.077541244971205 -1.744455984304357 0
8323 1.068235632885145 -1.695575509143843 0
8324 1.070109350100217 -1.79388472801697 0
8325 1.098316619271775 -1.724392049740509 0
8326 1.266428493270735 -1.769754632363799 0
8327 1.069408879243346 -1.652234137342724 0
8328 1.069008517249524 -1.8116388819093 0
8329 1.126659599053119 -1.711449375232943 0
8330 -1.071109369217246 -1.744687499999992 0
8331 -1.075947677620771 -1.692594325776055 0
8332 -1.146785352904795 -1.788725654240501 0
8333 -1.146745912043006 -1.675997059389946 0
8334 -1.071393350753536 -1.793045731371716 0
8335 -1.306580319742652 -1.713156065242629 0
8336 -1.095848366384053 -1.666315318470392 0
8337 -1.20154300234512 -1.771482798567312 0
8338 -1.213120357795308 -1.693619931145042 0
8339 -1.11434148365579 -1.70686584412641 0
8340 -1.15874194380051 -1.732728242672527 0
8341 -1.401523974211338 -1.722585609560236 0
8342 -1.096566175699777 -1.805158581914796 0
8343 -1.098675444454944 -1.771264222909071 0
8344 -1.070109350100094 -1.671115271982933 0
8345 -1.068235632885145 -1.769424490856155 0
8346 -1.077541244971157 -1.720544015695523 0
8347 -1.098316619271636 -1.740607950259388 0
8348 -1.265440142591072 -1.767651758990995 0
8349 -1.069008517249484 -1.653361118090663 0
8350 -1.069408879243317 -1.812765862657303 0
8351 -1.126577092201129 -1.753739502380038 0
8352 1.071109369217246 -1.915312499999953 0
8353 1.075947677620854 -1.967405674223926 0
8354 1.146785352904795 -1.871274345759501 0
8355 1.146745912043019 -1.984002940610031 0
8356 1.071393350753524 -1.866954268628302 0
8357 1.306670670261326 -1.907769887887936 0
8358 1.095848366384087 -1.993684681529587 0
8359 1.204723435963087 -1.969212594251513 0
8360 1.212511862465863 -1.894697031735836 0
8361 1.114341483655753 -1.953134155873293 0
8362 1.159170600182011 -1.928773816610772 0
8363 1.401523974211348 -1.917585609560245 0
8364 1.09656617569984 -1.854841418085236 0
8365 1.098675444454908 -1.888735777091043 0
8366 1.07754124497114 -1.939455984304423 0
8367 1.070109350100229 -1.988884728017201 0
8368 1.068235632885136 -1.89057550914386 0
8369 1.098316619271719 -1.919392049740633 0
8370 1.265972600352512 -1.964335902775055 0
8371 1.069008517249518 -2.006638881909359 0
8372 1.069408879243328 -1.847234137342706 0
8373 1.126620832648472 -1.906413768975572 0
8374 -1.071109369217246 -1.939687500000025 0
8375 -1.075947677620846 -1.887594325776011 0
8376 -1.146785352904795 -1.983725654240502 0
8377 -1.146745912042981 -1.870997059389936 0
8378 -1.071393350753553 -1.988045731371631 0
8379 -1.30658031974267 -1.90815606524265 0
8380 -1.095848366384078 -1.861315318470313 0
8381 -1.201543002345118 -1.966482798567338 0
8382 -1.213120357795308 -1.88861993114508 0
8383 -1.114341483655744 -1.90186584412629 0
8384 -1.158741943800575 -1.927728242672497 0
8385 -1.401523974211347 -1.917585609560247 0
8386 -1.096566175699918 -2.000158581914818 0
8387 -1.098675444455012 -1.9662642229091 0
8388 -1.070109350100228 -1.866115271982849 0
8389 -1.068235632885162 -1.964424490856151 0
8390 -1.077541244971211 -1.915544015695506 0
8391 -1.098316619271744 -1.93560795025935 0
8392 -1.265440142591075 -1.962651758991012 0
8393 -1.069408879243349 -2.007765862657291 0
8394 -1.069008517249516 -1.848361118090633 0
8395 -1.126577092201377 -1.948739502379972 0
8396 1.071109369217246 -2.110312499999889 0
8397 1.075947677620661 -2.162405674223962 0
8398 1.146785352904795 -2.066274345759501 0
8399 1.146745912043058 -2.179002940610062 0
8400 1.071393350753552 -2.06195426862848 0
8401 1.306580319742675 -2.141843934757325 0
8402 1.095848366383994 -2.188684681529628 0
8403 1.213092356576775 -2.160971627886825 0
8404 1.201647548874015 -2.082903480483081 0
8405 1.114341483655929 -2.148134155873681 0
8406 1.158754701352418 -2.122101397008031 0
8407 1.401523974211354 -2.13241439043969 0
8408 1.096566175699923 -2.04984141808519 0
8409 1.098675444454994 -2.083735777091103 0
8410 1.070109350099716 -2.183884728016871 0
8411 1.077541244971125 -2.13445598430452 0
8412 1.068235632885158 -2.085575509143895 0
8413 1.098316619271846 -2.114392049740845 0
8414 1.265455451653149 -2.087143808625447 0
8415 1.06940887924335 -2.042234137342733 0
8416 1.069008517249397 -2.2016388819093 0
8417 1.12657839399262 -2.101243113914418 0
8418 -1.071109369217246 -2.134687499999957 0
8419 -1.075947677620827 -2.082594325776048 0
8420 -1.146785352904795 -2.178725654240502 0
8421 -1.146745912043062 -2.065997059389957 0
8422 -1.071393350753565 -2.183045731371735 0
8423 -1.306580319742668 -2.103156065242644 0
8424 -1.095848366384113 -2.056315318470357 0
8425 -1.201543002345166 -2.161482798567317 0
8426 -1.213120357795323 -2.083619931145105 0
8427 -1.114341483655921 -2.096865844126466 0
8428 -1.158741943800635 -2.122728242672476 0
8429 -1.401523974211357 -2.112585609560256 0
8430 -1.09656617569989 -2.195158581914779 0
8431 -1.098675444455052 -2.161264222908986 0
8432 -1.068235632885173 -2.159424490856136 0
8433 -1.070109350100229 -2.061115271982677 0
8434 -1.077541244971205 -2.110544015695494 0
8435 -1.098316619271793 -2.130607950259281 0
8436 -1.265440142591088 -2.157651758991014 0
8437 -1.069008517249523 -2.043361118090607 0
8438 -1.069408879243346 -2.202765862657303 0
8439 -1.126577092201428 -2.143739502379807 0
8440 1.071109369217246 -2.305312499999969 0
8441 1.075947677620748 -2.357405674223989 0
8442 1.146785352904795 -2.261274345759501 0
8443 1.146745912043111 -2.374002940610081 0
8444 1.071393350753556 -2.25695426862838 0
8445 1.306580319742668 -2.33684393475736 0
8446 1.095848366384052 -2.383684681529662 0
8447 1.201543002345202 -2.278517201432702 0
8448 1.213120357795336 -2.356380068854875 0
8449 1.114341483655992 -2.343134155873592 0
8450 1.158741943800665 -2.317271757327603 0
8451 1.401523974211361 -2.327414390439868 0
8452 1.096566175699829 -2.244841418085221 0
8453 1.09867544445499 -2.278735777091049 0
8454 1.077541244971114 -2.329455984304534 0
8455 1.070109350099878 -2.378884728017098 0
8456 1.068235632885158 -2.280575509143878 0
8457 1.098316619271779 -2.309392049740801 0
8458 1.265440142591097 -2.282348241008986 0
8459 1.069408879243332 -2.237234137342718 0
8460 1.069008517249441 -2.396638881909354 0
8461 1.126577092201438 -2.296260497620388 0
8462 -1.071109369217246 -2.305312499999971 0
8463 -1.075947677620923 -2.357405674223909 0
8464 -1.147808787796827 -2.261251582875865 0
8465 -1.144800068471909 -2.375304992733689 0
8466 -1.071393350753528 -2.256954268628416 0
8467 -1.30667067026135 -2.337230112112113 0
8468 -1.095570388731169 -2.383870688975856 0
8469 -1.201803925345849 -2.278899584973479 0
8470 -1.212011373175076 -2.352553050629776 0
8471 -1.108708134188016 -2.347326179399165 0
8472 -1.148528566641306 -2.315615008056609 0
8473 -1.401523974211362 -2.327414390439872 0
8474 -1.099395758024291 -2.245264096999335 0
8475 -1.092118294387646 -2.279899497298729 0
8476 -1.076602353393186 -2.330154654892098 0
8477 -1.070094878127729 -2.378894411870135 0
8478 -1.066924202871684 -2.280808253185423 0
8479 -1.1036186455321 -2.311149240874453 0
8480 -1.265288600370911 -2.281736549543075 0
8481 -1.069974795708218 -2.23731867312555 0
8482 -1.068950027324434 -2.396678020169198 0
8483 -1.119481632208076 -2.282550271262014 0
8484 1.071109369217246 -2.500312499999991 0
8485 1.075947677620897 -2.552405674223913 0
8486 1.146785352904795 -2.4562743457595 0
8487 1.146745912042988 -2.569002940610051 0
8488 1.07139335075356 -2.451954268628375 0
8489 1.30667067026134 -2.49276988788791 0
8490 1.095848366384047 -2.578684681529625 0
8491 1.213301825878182 -2.479742068402446 0
8492 1.206212937141807 -2.556261205528761 0
8493 1.114341483655736 -2.538134155873415 0
8494 1.159550510947217 -2.514122757934764 0
8495 1.401523974211309 -2.50258560956023 0
8496 1.096566175699971 -2.439841418085141 0
8497 1.098675444455028 -2.473735777090909 0
8498 1.077541244971201 -2.524455984304424 0
8499 1.068235632885167 -2.475575509143853 0
8500 1.070109350100025 -2.573884728017072 0
8501 1.098316619271801 -2.504392049740629 0
8502 1.266428493270722 -2.549754632363824 0
8503 1.069408879243361 -2.432234137342704 0
8504 1.069008517249469 -2.591638881909338 0
8505 1.126659599053224 -2.491449375233099 0
8506 -1.071109369217246 -2.500312499999989 0
8507 -1.075947677620908 -2.552405674223898 0
8508 -1.147808787796728 -2.456251582875671 0
8509 -1.144800068471951 -2.570304992733689 0
8510 -1.071393350753564 -2.451954268628416 0
8511 -1.306670670261356 -2.532230112112114 0
8512 -1.095570388731169 -2.578870688975847 0
8513 -1.20180392534587 -2.473899584973463 0
8514 -1.212011373175109 -2.547553050629787 0
8515 -1.108708134188026 -2.542326179399209 0
8516 -1.148528566641182 -2.510615008056474 0
8517 -1.401523974211352 -2.522414390439883 0
8518 -1.099395758024283 -2.440264096999096 0
8519 -1.092118294387748 -2.474899497298491 0
8520 -1.070094878127658 -2.573894411869956 0
8521 -1.066924202871711 -2.475808253185379 0
8522 -1.076602353393169 -2.52515465489209 0
8523 -1.103618645531992 -2.506149240874329 0
8524 -1.265288600370923 -2.476736549543071 0
8525 -1.069974795708224 -2.432318673125501 0
8526 -1.06895002732442 -2.59167802016916 0
8527 -1.119481632207671 -2.477550271261581 0
8528 1.071109369217246 -2.695312500000068 0
8529 1.075947677620809 -2.747405674223948 0
8530 1.146785352904795 -2.6512743457595 0
8531 1.146745912043038 -2.764002940610055 0
8532 1.071393350753564 -2.646954268628267 0
8533 1.306670670261384 -2.687769887887875 0
8534 1.095848366384098 -2.773684681529662 0
8535 1.213301825878242 -2.674742068402388 0
8536 1.206212937141849 -2.751261205528692 0
8537 1.114341483655858 -2.733134155873577 0
8538 1.159550510947132 -2.709122757934658 0
8539 1.401523974211402 -2.697585609560115 0
8540 1.096566175699861 -2.634841418085117 0
8541 1.098675444455032 -2.668735777090854 0
8542 1.068235632885169 -2.670575509143838 0
8543 1.070109350100228 -2.7688847280173 0
8544 1.077541244971236 -2.719455984304473 0
8545 1.098316619271676 -2.699392049740544 0
8546 1.266428493270751 -2.74475463236379 0
8547 1.06940887924334 -2.627234137342677 0
8548 1.06900851724952 -2.78663888190939 0
8549 1.12665959905283 -2.686449375232765 0
8550 -1.071109369217246 -2.695312499999922 0
8551 -1.075947677620952 -2.747405674224051 0
8552 -1.147808787796767 -2.651251582875659 0
8553 -1.144800068471846 -2.765304992733702 0
8554 -1.071393350753563 -2.646954268628267 0
8555 -1.306580319742697 -2.688156065242614 0
8556 -1.095570388731234 -2.773870688975913 0
8557 -1.213398603301899 -2.671418306398156 0
8558 -1.200790015976906 -2.75746626632645 0
8559 -1.108708134187975 -2.737326179399258 0
8560 -1.148581898178159 -2.708105284788159 0
8561 -1.401523974211401 -2.697585609560115 0
8562 -1.099395758024313 -2.635264096998849 0
8563 -1.09211829438789 -2.669899497298372 0
8564 -1.070094878128159 -2.768894411870191 0
8565 -1.06692420287174 -2.670808253185314 0
8566 -1.076602353393236 -2.720154654892106 0
8567 -1.103848939333247 -2.70150857572939 0
8568 -1.265345194418757 -2.745408127593443 0
8569 -1.068950027324534 -2.786678020169221 0
8570 -1.06997479570823 -2.627318673125423 0
8571 -1.119027307725333 -2.672993031114203 0
8572 1.071109369217246 -2.914687500000037 0
8573 1.075947677620834 -2.862594325776149 0
8574 1.147808787796796 -2.958748417124312 0
8575 1.144800068471982 -2.844695007266344 0
8576 1.071393350753556 -2.963045731371539 0
8577 1.30667067026134 -2.882769887887914 0
8578 1.095570388731037 -2.836129311024209 0
8579 1.213099245834068 -2.86780955534554 0
8580 1.203855463655432 -2.943646385305186 0
8581 1.108708134188085 -2.872673820600852 0
8582 1.148977053922483 -2.90480050283697 0
8583 1.401523974211327 -2.892585609560248 0
8584 1.099395758024306 -2.974735903001029 0
8585 1.092118294387832 -2.940100502701624 0
8586 1.076602353393192 -2.889845345107958 0
8587 1.070094878127061 -2.841105588130114 0
8588 1.066924202871727 -2.939191746814638 0
8589 1.10355376849291 -2.909019730609931 0
8590 1.265916482564624 -2.938845165707729 0
8591 1.068950027324274 -2.823321979830864 0
8592 1.069974795708227 -2.982681326874513 0
8593 1.119863050986641 -2.937517809839775 0
8594 -1.071109369217246 -2.890312499999999 0
8595 -1.075947677620849 -2.942405674223911 0
8596 -1.147808787796781 -2.846251582875743 0
8597 -1.144800068471874 -2.960304992733651 0
8598 -1.071393350753558 -2.841954268628422 0
8599 -1.306580319742689 -2.88315606524263 0
8600 -1.095570388731036 -2.968870688975803 0
8601 -1.213398603301909 -2.866418306398186 0
8602 -1.200790015976921 -2.952466266326473 0
8603 -1.108708134187994 -2.932326179399162 0
8604 -1.14858189817813 -2.903105284788163 0
8605 -1.401523974211327 -2.89258560956025 0
8606 -1.099395758024294 -2.830264096999187 0
8607 -1.092118294387811 -2.86489949729854 0
8608 -1.076602353393183 -2.915154654892078 0
8609 -1.066924202871723 -2.865808253185392 0
8610 -1.070094878127318 -2.963894411869985 0
8611 -1.103848939333012 -2.896508575729396 0
8612 -1.26534519441876 -2.940408127593457 0
8613 -1.068950027324326 -2.981678020169158 0
8614 -1.069974795708225 -2.822318673125523 0
8615 -1.119027307725267 -2.867993031114299 0
8616 -1.025549066622776 -2.987936553684845 0
8617 1.026443999519029 -2.037240646258503 0
8618 1.025549066622776 -2.987936553684845 0
8619 -1.026443999519029 -2.012759353741497 0
8620 -1.02644457655891 -1.062239278377793 0
8621 1.02644457655891 -1.062239278377793 0
8622 -1.026464694650702 -2.06172193877551 0
8623 1.026464694650702 -1.98827806122449 0
8624 -1.027668796837983 -3.012466105762613 0
8625 1.026154012032968 -3.01277363723547 0
8626 -1.026506084914048 -1.963796768707483 0
8627 -1.026506084914047 -1.111203231292517 0
8628 -1.026506084914048 -2.938796768707483 0
8629 1.026506084914047 -1.111203231292517 0
8630 1.026506084914048 -2.938796768707483 0
8631 1.026506084914047 -2.086203231292517 0
8632 -1.023969112302875 -1.012549402287141 0
8633 -1.02728666305683 -0.98777767495142 0
8634 1.023969112302875 -1.012549402287141 0
8635 1.027082337616511 -0.9878956422993912 0
8636 0.03741328244705398 -0.97595696140154 0
8637 0.1374690294453763 -0.9738081737205131 0
8638 0.8375753445669033 -0.9750203091001224 0
8639 -0.1875 -0.9738618162946597 0
8640 -0.9869417725157685 -0.9745458024899536 0
8641 -0.2374999999999999 -0.9746520711162816 0
8642 0.9875000000000004 -0.9783493649053892 0
8643 -0.312543358776473 -0.9758818617977345 0
8644 -0.08753097055462347 -0.9738081737205129 0
8645 -0.01253097055462359 -0.9738754720479399 0
8646 0.08743929771293781 -0.9749732347235713 0
8647 0.1874128150444483 -0.9759567553111181 0
8648 0.2624999999999997 -0.9753479288837188 0
8649 0.3124999999999998 -0.9753479288837188 0
8650 0.7624392977129377 -0.9749732347235711 0
8651 0.887586717552945 -0.9740430385984606 0
8652 -0.8125309705546235 -3.02612452795206 0
8653 -0.9869138903188174 -3.025338390582205 0
8654 -0.1374999999999999 -0.9738618162946595 0
8655 -0.9375000000000004 -0.9746520711162814 0
8656 -0.8374392977129379 -0.9749732347235713 0
8657 -0.3625867175529459 -0.9740430385984604 0
8658 -0.5874999999999997 -0.9746520711162816 0
8659 0.4374999999999996 -0.9746520711162814 0
8660 0.4875607022870617 -0.9749732347235711 0
8661 0.5375309705546234 -0.9761918262794873 0
8662 0.5874686955863722 -0.9761916790720431 0
8663 0.6624999999999998 -0.9753479288837188 0
8664 0.7124690294453762 -0.9761918262794875 0
8665 0.5874392977129375 -3.025026765276428 0
8666 -0.03743929771293766 -3.024973234723571 0
8667 -0.08746869558637241 -3.023808320927957 0
8668 -0.1624999999999999 -3.024652071116281 0
8669 -0.2124686955863724 -3.023808320927957 0
8670 -0.2874999999999998 -3.024652071116281 0
8671 -0.3374686955863724 -3.023808320927957 0
8672 -0.4124999999999999 -3.024652071116281 0
8673 -0.4624686955863722 -3.023808320927957 0
8674 -0.5374999999999998 -3.024652071116281 0
8675 -0.6124999999999994 -3.02613818370534 0
8676 -0.7125309705546234 -3.023808173720512 0
8677 -0.9125309705546234 -3.023808173720512 0
8678 -0.4625 -0.9761381837053404 0
8679 -0.8875000000000002 -0.9746520711162814 0
8680 0.1874999999999999 -3.02613818370534 0
8681 0.06249999999999988 -3.02613818370534 0
8682 0.9875000000000002 -3.021650635094611 0
8683 -0.6875433587764725 -0.9741181382022657 0
8684 -0.6374999999999997 -0.9738618162946597 0
8685 0.6874999999999996 -3.02613818370534 0
8686 0.6374999999999997 -3.02613818370534 0
8687 0.2375 -3.025347928883718 0
8688 0.3624999999999998 -0.9761381837053404 0
8689 0.9375309705546238 -0.9761918262794875 0
8690 0.4624999999999997 -3.02613818370534 0
8691 0.3124690294453764 -3.02387547204794 0
8692 0.01253097055462367 -3.026191826279487 0
8693 -0.8625433587764729 -3.025881861797734 0
8694 0.1375309705546235 -3.02612452795206 0
8695 -0.4125309705546233 -0.9761918262794873 0
8696 -0.7874690294453768 -0.9761918262794873 0
8697 -0.7375309705546229 -0.9761918262794871 0
8698 -0.5124925294490604 -0.9761348897378368 0
8699 0.9374690294453769 -3.026191826279487 0
8700 0.7625000000000001 -3.02386181629466 0
8701 0.5124999999999997 -3.02613818370534 0
8702 0.8124999999999996 -3.024652071116281 0
8703 0.3624392977129377 -3.025026765276428 0
8704 0.4124999999999998 -3.02613818370534 0
8705 0.8875104587713153 -3.025343317329214 0
8706 -0.7625607022870621 -3.02497323472357 0
8707 -0.6625607022870618 -3.025026765276428 0
8708 1.026545175718319 -1.939315476190476 0
8709 -1.026545175718319 -2.110684523809524 0
8710 -1.026581967063515 -1.16016581632653 0
8711 -1.026581967063515 -1.914834183673469 0
8712 -1.026581967063515 -2.88983418367347 0
8713 1.026581967063515 -1.16016581632653 0
8714 1.026581967063515 -2.135165816326531 0
8715 1.026581967063515 -2.889834183673468 0
8716 -1.025706790216389 -2.159880952380953 0
8717 1.025706790216389 -1.890119047619048 0
8718 1.025751859614255 -2.184404761904762 0
8719 1.025751859614255 -2.840595238095238 0
8720 -1.025751859614255 -1.865595238095238 0
8721 -1.025751859614255 -1.209404761904762 0
8722 -1.025751859614255 -2.840595238095239 0
8723 1.025751859614255 -1.209404761904762 0
8724 1.025793709769416 -1.841071428571429 0
8725 -1.025793709769416 -2.208928571428571 0
8726 1.025832340681872 -2.233452380952381 0
8727 1.025832340681872 -1.25845238095238 0
8728 -1.025832340681872 -1.816547619047619 0
8729 1.025832340681872 -2.791547619047619 0
8730 -1.025832340681872 -1.258452380952381 0
8731 -1.025832340681872 -2.79154761904762 0
8732 -1.025867752351623 -2.257976190476191 0
8733 1.025867752351623 -1.79202380952381 0
8734 -1.024703670377036 -2.741875 0
8735 1.024703670377036 -1.308125 0
8736 -1.024703670377036 -1.308125 0
8737 -1.024703670377036 -1.766875 0
8738 1.024703670377036 -2.283125 0
8739 1.024703670377036 -2.741875 0
8740 1.028890630782754 -1.7446875 0
8741 -1.028890630782754 -2.3053125 0
8742 -1.028890630782755 -1.354687500000001 0
8743 1.028890630782754 -1.3546875 0
8744 1.028890630782754 -2.3296875 0
8745 -1.028890630782754 -2.6953125 0
8746 -1.028890630782755 -1.7203125 0
8747 1.028890630782754 -2.6953125 0
8748 1.030591993880171 -1.697291666666667 0
8749 -1.030591993880171 -2.352708333333333 0
8750 -1.03065283756729 -1.402291666666667 0
8751 1.030652837567288 -2.377291666666666 0
8752 1.030652837567288 -1.402291666666667 0
8753 1.03065283756729 -2.647708333333333 0
8754 -1.030652837567288 -1.672708333333333 0
8755 -1.030652837567288 -2.647708333333333 0
8756 -1.030718188194194 -2.401875 0
8757 1.030718188194194 -1.648125 0
8758 1.030245927195706 -2.598333333333333 0
8759 1.030245927195704 -2.426666666666666 0
8760 1.030245927195704 -1.451666666666667 0
8761 -1.030245927195704 -1.623333333333334 0
8762 -1.030245927195705 -1.451666666666667 0
8763 -1.030245927195704 -2.598333333333333 0
8764 1.029403901160881 -1.59857307719006 0
8765 -1.02940390116088 -2.45142692280994 0
8766 -1.031405594333372 -1.575179213047993 0
8767 1.029424432045476 -1.500856153685965 0
8768 -1.031405594333373 -1.499820786952007 0
8769 -1.029424432045476 -2.549143846314035 0
8770 1.031405594333372 -2.474820786952007 0
8771 1.031405594333373 -2.550179213047993 0
8772 -1.029446136123478 -2.500285384561987 0
8773 1.029446136123478 -1.549714615438012 0
8774 -1.021125248318523 -1.5375 0
8775 1.021275358825976 -2.5125 0
8776 -0.3874386433492898 -3.025395388418207 0
8777 -0.5124386433492896 -3.025395388418207 0
8778 0.7374999999999994 -3.025516947082469 0
8779 0.8375104587713155 -3.025380291102765 0
8780 0.6374386433492897 -0.9746046115817921 0
8781 -0.7625 -0.9745529291403974 0
8782 0.5624999602548801 -0.9745529116157017 0
8783 0.2874999999999998 -0.9751159762945729 0
8784 0.9124975581210347 -3.024451916170127 0
8785 0.7875032323085699 -0.9754185248655376 0
8786 0.2374386433492898 -0.9746046115817926 0
8787 -0.9124999999999999 -0.9748840237054273 0
8788 -0.6625051617591036 -0.9757164797940312 0
8789 -0.8375088487298923 -3.024281894521055 0
8790 -0.9624302250379538 -3.02438783945049 0
8791 -0.1374386433492899 -3.025395388418207 0
8792 -0.2624386433492898 -3.025395388418207 0
8793 -0.3124962732840917 -3.025547552359985 0
8794 0.4374999999999998 -3.024314034718779 0
8795 0.3374999999999997 -0.9744460791439791 0
8796 -0.1874962732840918 -3.025547552359985 0
8797 -0.7375109134335338 -3.025585768598062 0
8798 0.1625036869707885 -3.024312409033865 0
8799 0.08756070228706221 -3.024736609245319 0
8800 0.2874963130292114 -3.025518572767384 0
8801 -0.4375036869707883 -0.9745465431196658 0
8802 0.6624999999999996 -3.024314034718779 0
8803 0.5374690294453763 -3.023687446435691 0
8804 -0.06248904682134644 -3.025585786122758 0
8805 -0.8624898829521563 -0.9749375509733089 0
8806 0.1124890865664659 -0.9755857685980625 0
8807 -0.1625 -0.9756859652812206 0
8808 -0.03756586404616619 -0.9752656667135606 0
8809 -0.2875051617591038 -0.9744525384047202 0
8810 -0.5624895412286849 -0.9753802911027658 0
8811 -0.2124999999999999 -0.9755539208560216 0
8812 -0.1125036869707884 -0.9754534568803348 0
8813 0.4874999999999997 -3.024540157098933 0
8814 -0.4374962732840917 -3.025547552359985 0
8815 0.4625101170478434 -0.9749375509733089 0
8816 -0.637507226462745 -3.024407845381206 0
8817 -0.4874991106486976 -0.9743136425797909 0
8818 0.7124999999999995 -3.024466200358115 0
8819 0.03750368697078848 -3.024546543119665 0
8820 -0.6124999999999996 -0.9755539208560218 0
8821 -0.2625008602931839 -0.9748507682535004 0
8822 0.6874963130292111 -0.9744524651647106 0
8823 0.2124999999999999 -3.024446079143979 0
8824 0.3874927735372544 -3.024407845381206 0
8825 0.2624993855048685 -3.02514441694185 0
8826 0.6124927735372541 -3.024407845381206 0
8827 0.9625026335505633 -0.9741332888191965 0
8828 0.3874999999999998 -0.9744830529175306 0
8829 0.4124999999999997 -0.9748558540056356 0
8830 -0.9624335443471153 -0.9756353477840325 0
8831 -0.5874999999999997 -3.02448305291753 0
8832 -0.5624999999999997 -3.024855854005635 0
8833 0.7874999999999996 -3.025553920856022 0
8834 -0.9374953804276873 -3.0255160786846 0
8835 -0.5374727645057185 -0.9744384719193036 0
8836 0.8125130961459122 -0.9750731389942766 0
8837 0.862503486257105 -3.02512060140533 0
8838 0.9125196146845946 -0.9750391441463249 0
8839 0.5126149744970688 -0.9743619753860531 0
8840 -0.8123850255029311 -0.9743619753860531 0
8841 -0.687614974497069 -3.025638024613947 0
8842 -0.7875152788069475 -3.025182960445938 0
8843 -0.01238502550293051 -3.024361975386053 0
8844 0.01248038531540504 -0.97497207224158 0
8845 0.1624803074149707 -0.9749608215052721 0
8846 0.7373850255029306 -0.9743619753860533 0
8847 0.3374847211930523 -3.024817039554061 0
8848 0.1125152788069475 -3.02514352286623 0
8849 0.5623850255029307 -3.025623652318135 0
8850 -0.8875123882218492 -3.024948339253041 0
8851 0.06247543002666529 -0.9751550326875187 0
8852 -0.3875196146845948 -0.9750391441463249 0
8853 -0.06251613910013154 -0.974845640072346 0
8854 -0.3375216793882364 -0.9749874833993659 0
8855 -0.7125123882218491 -0.975051660746959 0
8856 0.962494838240896 -3.024640410229016 0
8857 0.862527010353308 -0.9748438912830975 0
8858 -0.4874845564892768 -3.024867284891027 0
8859 -0.2374845564892769 -3.024867284891027 0
8860 0.6124845564892767 -0.9751327151089728 0
8861 -0.112484556489277 -3.024867284891027 0
8862 0.2124752430656229 -0.9750935611488187 0
8863 -0.3624845564892769 -3.024867284891027 0
8864 1.024238974023348 -1.037559532571401 0
8865 -1.024238974023348 -1.037559532571401 0
8866 1.024534059610769 -2.012725441367023 0
8867 -1.02453405961077 -2.037274558632977 0
8868 -1.024505846126234 -2.96319741933242 0
8869 1.024612454451963 -1.086823513055989 0
8870 -1.024612454451964 -1.086823513055989 0
8871 -1.024612385756739 -1.988176324101069 0
8872 1.02461238575674 -2.061823675898931 0
8873 1.024505846126234 -2.96319741933242 0
8874 -1.024689038772487 -2.086372793164885 0
8875 1.024689038772487 -1.963627206835115 0
8876 1.02422783532117 -2.914252206835115 0
8877 -1.024227835321169 -1.939252206835115 0
8878 1.024227835321169 -2.110747793164885 0
8879 -1.024227835321169 -1.135747793164885 0
8880 1.024227835321169 -1.135747793164885 0
8881 -1.024227835321169 -2.914252206835115 0
8882 -1.024726294065222 -2.135498866213152 0
8883 1.024726294065222 -1.914501133786848 0
8884 -1.024793985760461 -1.185053045027535 0
8885 1.024793985760462 -1.185053045027535 0
8886 1.024793985760461 -2.160053045027535 0
8887 -1.024793985760461 -1.889946954972465 0
8888 -1.024793985760461 -2.864946954972465 0
8889 1.024793985760461 -2.864946954972465 0
8890 -1.024748863479333 -2.184635062358277 0
8891 1.024748863479332 -1.865364937641723 0
8892 -1.024484058420679 -1.841200498056365 0
8893 1.024484058420679 -2.208799501943635 0
8894 -1.02448405842068 -2.816200498056366 0
8895 1.024484058420679 -2.816200498056365 0
8896 -1.024484058420679 -1.233799501943635 0
8897 1.024484058420679 -1.233799501943634 0
8898 1.024570097609374 -1.816693897797214 0
8899 -1.024570097609374 -2.233306102202786 0
8900 -1.02477311465383 -2.766612811791383 0
8901 1.02477311465383 -2.766612811791383 0
8902 1.024773114653829 -1.283387188208617 0
8903 1.02477311465383 -2.258387188208617 0
8904 -1.02477311465383 -1.791612811791383 0
8905 -1.02477311465383 -1.283387188208617 0
8906 -1.024553863875998 -2.281568256736611 0
8907 1.024553863875998 -1.768431743263389 0
8908 -1.024593371680091 -1.331031059107316 0
8909 1.024593371680091 -2.306031059107316 0
8910 -1.02459337168009 -1.743968940892684 0
8911 1.024593371680091 -1.331031059107317 0
8912 -1.024593371680089 -2.718968940892683 0
8913 1.02459337168009 -2.718968940892683 0
8914 1.031237772060441 -2.401597222222222 0
8915 1.030523937280768 -1.476118788137218 0
8916 -1.030885695010926 -2.672482638888889 0
8917 1.029734501197292 -1.525271244480319 0
8918 1.030759789934089 -2.450995530192699 0
8919 1.030759789934091 -2.574004469807301 0
8920 -1.030523937280768 -2.573881211862782 0
8921 -1.029734501197292 -2.524728755519681 0
8922 -1.031237772060441 -1.648402777777778 0
8923 -1.030885695010926 -1.697482638888889 0
8924 -1.030759789934091 -1.475995530192699 0
8925 -1.030759789934089 -1.599004469807301 0
8926 -1.031237772060442 -1.426597222222222 0
8927 1.031237772060441 -1.426597222222223 0
8928 -1.030819217649075 -2.327899305555555 0
8929 1.031178183725813 -1.62372051286501 0
8930 -1.030885695010927 -1.377517361111111 0
8931 1.031240990985432 -1.673090277777778 0
8932 1.030819217649075 -1.722100694444445 0
8933 -1.031178183725813 -2.42627948713499 0
8934 -1.031240990985432 -2.376909722222222 0
8935 1.029702868471293 -1.574186266559042 0
8936 1.031237772060442 -2.623402777777778 0
8937 -1.031237772060441 -2.623402777777778 0
8938 1.030885695010926 -1.377517361111111 0
8939 1.030885695010926 -2.352517361111111 0
8940 -1.029702868471293 -2.475813733440957 0
8941 1.030885695010927 -2.672482638888889 0
8942 1.009299468278973 -0.9712201563074769 0
8943 1.009216705108333 -3.028909155415952 0
8944 -1.010419755498389 -0.9708582028809136 0
8945 -1.010442781383279 -3.029274829014717 0
8946 -1.030600230943494 -0.9693997690565057 0
8947 1.030600230943495 -0.9693997690565088 0
8948 1.032869838270594 -2.529797109946273 0
8949 -1.032848393912386 -1.520202890053727 0
8950 -1.032848393912386 -1.554797109946273 0
8951 1.032869838270594 -2.495202890053727 0
8952 1.031480372492213 -3.031480372492217 0
8953 -1.031480372492217 -3.031480372492213 0
8954 -1.014311797300198 -2.5125 0
8955 1.014311797300197 -1.5375 0
8956 -1.014054901732369 -2.4875 0
8957 -1.015318622238658 -1.5629231567172 0
8958 -1.015318622238658 -1.5120768432828 0
8959 1.014054901732368 -1.5625 0
8960 -1.014054901732369 -2.537500000000001 0
8961 1.015333210237439 -2.487076843282801 0
8962 1.014054901732369 -1.5125 0
8963 1.015333210237439 -2.537923156717199 0
8964 -1.013811526983895 -1.4875 0
8965 1.013811526983895 -1.5875 0
8966 1.013811526983895 -2.5625 0
8967 -1.013811526983895 -2.4625 0
8968 -1.013811526983893 -1.5875 0
8969 1.013811526983893 -2.4625 0
8970 1.01381152698389 -1.4875 0
8971 -1.01381152698389 -2.5625 0
8972 -1.013581673054781 -2.4375 0
8973 1.013581673054781 -2.4375 0
8974 1.013581673054782 -2.5875 0
8975 -1.01358167305478 -1.4625 0
8976 -1.013581673054781 -2.5875 0
8977 -1.013581673054781 -1.6125 0
8978 1.013581673054781 -1.4625 0
8979 1.013581673054781 -1.6125 0
8980 -1.013365339945027 -2.4125 0
8981 1.013365339945027 -1.6375 0
8982 -1.013365339945026 -1.4375 0
8983 1.013365339945026 -2.6125 0
8984 -1.013365339945023 -2.6125 0
8985 1.013365339945024 -1.4375 0
8986 1.013365339945025 -2.4125 0
8987 -1.013365339945021 -1.6375 0
8988 1.013162527654632 -2.3875 0
8989 1.013162527654633 -2.6375 0
8990 -1.013162527654631 -2.3875 0
8991 -1.013162527654632 -1.4125 0
8992 1.013162527654632 -1.4125 0
8993 -1.013162527654632 -2.6375 0
8994 -1.013162527654632 -1.6625 0
8995 1.013162527654632 -1.6625 0
8996 -1.012973236183597 -2.3625 0
8997 -1.012973236183597 -1.3875 0
8998 1.012973236183597 -1.6875 0
8999 1.012973236183597 -2.6625 0
9000 1.012973236183594 -1.3875 0
9001 1.012973236183594 -2.3625 0
9002 -1.012973236183595 -2.6625 0
9003 -1.012973236183595 -1.6875 0
9004 1.01369157107454 -2.34078621031746 0
9005 -1.013691571074541 -1.70921378968254 0
9006 1.01369157107454 -1.36578621031746 0
9007 -1.013691571074541 -2.68421378968254 0
9008 1.013691571074541 -2.68421378968254 0
9009 -1.012797465531921 -2.3375 0
9010 -1.013691571074541 -1.365786210317461 0
9011 1.012797465531921 -1.7125 0
9012 -1.013587382583863 -2.315888959750567 0
9013 1.013587382583863 -1.734111040249433 0
$EndNodes
$Elements
18398
1 1 2 10 37 1 81
2 1 2 10 37 81 82
3 1 2 10 37 82 83
4 1 2 10 37 83 84
5 1 2 10 37 84 85
6 1 2 10 37 85 86
7 1 2 10 37 86 87
8 1 2 10 37 87 88
9 1 2 10 37 88 89
10 1 2 10 37 89 90
11 1 2 10 37 90 91
12 1 2 10 37 91 92
13 1 2 10 37 92 93
14 1 2 10 37 93 94
15 1 2 10 37 94 95
16 1 2 10 37 95 96
17 1 2 10 37 96 97
18 1 2 10 37 97 98
19 1 2 10 37 98 99
20 1 2 10 37 99 100
21 1 2 10 37 100 101
22 1 2 10 37 101 102
23 1 2 10 37 102 103
24 1 2 10 37 103 104
25 1 2 10 37 104 105
26 1 2 10 37 105 106
27 1 2 10 37 106 107
28 1 2 10 37 107 108
29 1 2 10 37 108 109
30 1 2 10 37 109 110
31 1 2 10 37 110 111
32 1 2 10 37 111 112
33 1 2 10 37 112 113
34 1 2 10 37 113 114
35 1 2 10 37 114 115
36 1 2 10 37 115 116
37 1 2 10 37 116 117
38 1 2 10 37 117 118
39 1 2 10 37 118 119
40 1 2 10 37 119 120
41 1 2 10 37 120 121
42 1 2 10 37 121 122
43 1 2 10 37 122 123
44 1 2 10 37 123 124
45 1 2 10 37 124 125
46 1 2 10 37 125 126
47 1 2 10 37 126 127
48 1 2 10 37 127 128
49 1 2 10 37 128 129
50 1 2 10 37 129 130
51 1 2 10 37 130 131
52 1 2 10 37 131 132
53 1 2 10 37 132 133
54 1 2 10 37 133 134
55 1 2 10 37 134 135
56 1 2 10 37 135 136
57 1 2 10 37 136 137
58 1 2 10 37 137 138
59 1 2 10 37 138 139
60 1 2 10 37 139 140
61 1 2 10 37 140 141
62 1 2 10 37 141 142
63 1 2 10 37 142 143
64 1 2 10 37 143 144
65 1 2 10 37 144 145
66 1 2 10 37 145 146
67 1 2 10 37 146 147
68 1 2 10 37 147 148
69 1 2 10 37 148 149
70 1 2 10 37 149 150
71 1 2 10 37 150 151
72 1 2 10 37 151 152
73 1 2 10 37 152 153
74 1 2 10 37 153 154
75 1 2 10 37 154 155
76 1 2 10 37 155 156
77 1 2 10 37 156 157
78 1 2 10 37 157 158
79 1 2 10 37 158 159
80 1 2 10 37 159 160
81 1 2 10 37 160 161
82 1 2 10 37 161 162
83 1 2 10 37 162 163
84 1 2 10 37 163 164
85 1 2 10 37 164 165
86 1 2 10 37 165 166
87 1 2 10 37 166 167
88 1 2 10 37 167 168
89 1 2 10 37 168 169
90 1 2 10 37 169 170
91 1 2 10 37 170 171
92 1 2 10 37 171 172
93 1 2 10 37 172 173
94 1 2 10 37 173 174
95 1 2 10 37 174 175
96 1 2 10 37 175 12
97 1 2 22 57 15 562
98 1 2 22 57 562 563
99 1 2 22 57 563 564
100 1 2 22 57 564 565
101 1 2 22 57 565 566
102 1 2 22 57 566 567
103 1 2 22 57 567 568
104 1 2 22 57 568 14
105 1 2 22 59 16 574
106 1 2 22 59 574 575
107 1 2 22 59 575 576
108 1 2 22 59 576 577
109 1 2 22 59 577 578
110 1 2 22 59 578 579
111 1 2 22 59 579 580
112 1 2 22 59 580 17
113 1 2 22 65 14 598
114 1 2 22 65 598 599
115 1 2 22 65 599 600
116 1 2 22 65 600 601
117 1 2 22 65 601 602
118 1 2 22 65 602 603
119 1 2 22 65 603 604
120 1 2 22 65 604 20
121 1 2 22 66 21 605
122 1 2 22 66 605 606
123 1 2 22 66 606 607
124 1 2 22 66 607 608
125 1 2 22 66 608 609
126 1 2 22 66 609 610
127 1 2 22 66 610 611
128 1 2 22 66 611 16
129 1 2 22 71 20 624
130 1 2 22 71 624 625
131 1 2 22 71 625 626
132 1 2 22 71 626 627
133 1 2 22 71 627 628
134 1 2 22 71 628 629
135 1 2 22 71 629 630
136 1 2 22 71 630 24
137 1 2 22 72 25 631
138 1 2 22 72 631 632
139 1 2 22 72 632 633
140 1 2 22 72 633 634
141 1 2 22 72 634 635
142 1 2 22 72 635 636
143 1 2 22 72 636 637
144 1 2 22 72 637 21
145 1 2 22 77 24 650
146 1 2 22 77 650 651
147 1 2 22 77 651 652
148 1 2 22 77 652 653
149 1 2 22 77 653 654
150 1 2 22 77 654 655
151 1 2 22 77 655 656
152 1 2 22 77 656 28
153 1 2 22 78 29 657
154 1 2 22 78 657 658
155 1 2 22 78 658 659
156 1 2 22 78 659 660
157 1 2 22 78 660 661
158 1 2 22 78 661 662
159 1 2 22 78 662 663
160 1 2 22 78 663 25
161 1 2 22 83 28 676
162 1 2 22 83 676 677
163 1 2 22 83 677 678
164 1 2 22 83 678 679
165 1 2 22 83 679 680
166 1 2 22 83 680 681
167 1 2 22 83 681 682
168 1 2 22 83 682 32
169 1 2 22 84 33 683
170 1 2 22 84 683 684
171 1 2 22 84 684 685
172 1 2 22 84 685 686
173 1 2 22 84 686 687
174 1 2 22 84 687 688
175 1 2 22 84 688 689
176 1 2 22 84 689 29
177 1 2 22 89 32 702
178 1 2 22 89 702 703
179 1 2 22 89 703 704
180 1 2 22 89 704 705
181 1 2 22 89 705 706
182 1 2 22 89 706 707
183 1 2 22 89 707 708
184 1 2 22 89 708 36
185 1 2 22 90 37 709
186 1 2 22 90 709 710
187 1 2 22 90 710 711
188 1 2 22 90 711 712
189 1 2 22 90 712 713
190 1 2 22 90 713 714
191 1 2 22 90 714 715
192 1 2 22 90 715 33
193 1 2 22 95 36 728
194 1 2 22 95 728 729
195 1 2 22 95 729 730
196 1 2 22 95 730 731
197 1 2 22 95 731 732
198 1 2 22 95 732 733
199 1 2 22 95 733 734
200 1 2 22 95 734 40
201 1 2 22 96 41 735
202 1 2 22 96 735 736
203 1 2 22 96 736 737
204 1 2 22 96 737 738
205 1 2 22 96 738 739
206 1 2 22 96 739 740
207 1 2 22 96 740 741
208 1 2 22 96 741 37
209 1 2 22 101 40 754
210 1 2 22 101 754 755
211 1 2 22 101 755 756
212 1 2 22 101 756 757
213 1 2 22 101 757 758
214 1 2 22 101 758 759
215 1 2 22 101 759 760
216 1 2 22 101 760 44
217 1 2 22 102 45 761
218 1 2 22 102 761 762
219 1 2 22 102 762 763
220 1 2 22 102 763 764
221 1 2 22 102 764 765
222 1 2 22 102 765 766
223 1 2 22 102 766 767
224 1 2 22 102 767 41
225 1 2 22 107 44 780
226 1 2 22 107 780 781
227 1 2 22 107 781 782
228 1 2 22 107 782 783
229 1 2 22 107 783 784
230 1 2 22 107 784 785
231 1 2 22 107 785 786
232 1 2 22 107 786 48
233 1 2 22 108 49 787
234 1 2 22 108 787 788
235 1 2 22 108 788 789
236 1 2 22 108 789 790
237 1 2 22 108 790 791
238 1 2 22 108 791 792
239 1 2 22 108 792 793
240 1 2 22 108 793 45
241 1 2 22 113 48 806
242 1 2 22 113 806 807
243 1 2 22 113 807 808
244 1 2 22 113 808 809
245 1 2 22 113 809 810
246 1 2 22 113 810 811
247 1 2 22 113 811 812
248 1 2 22 113 812 52
249 1 2 22 114 53 813
250 1 2 22 114 813 814
251 1 2 22 114 814 815
252 1 2 22 114 815 816
253 1 2 22 114 816 817
254 1 2 22 114 817 818
255 1 2 22 114 818 819
256 1 2 22 114 819 49
257 1 2 23 117 55 826
258 1 2 23 117 826 827
259 1 2 23 117 827 828
260 1 2 23 117 828 829
261 1 2 23 117 829 830
262 1 2 23 117 830 831
263 1 2 23 117 831 832
264 1 2 23 117 832 833
265 1 2 23 117 833 834
266 1 2 23 117 834 835
267 1 2 23 117 835 836
268 1 2 23 117 836 837
269 1 2 23 117 837 838
270 1 2 23 117 838 839
271 1 2 23 117 839 840
272 1 2 23 117 840 841
273 1 2 23 117 841 842
274 1 2 23 117 842 843
275 1 2 23 117 843 844
276 1 2 23 117 844 845
277 1 2 23 117 845 846
278 1 2 23 117 846 847
279 1 2 23 117 847 848
280 1 2 23 117 848 849
281 1 2 23 117 849 850
282 1 2 23 117 850 851
283 1 2 23 117 851 852
284 1 2 23 117 852 853
285 1 2 23 117 853 854
286 1 2 23 117 854 855
287 1 2 23 117 855 856
288 1 2 23 117 856 857
289 1 2 23 117 857 858
290 1 2 23 117 858 859
291 1 2 23 117 859 860
292 1 2 23 117 860 861
293 1 2 23 117 861 862
294 1 2 23 117 862 863
295 1 2 23 117 863 864
296 1 2 23 117 864 865
297 1 2 23 117 865 866
298 1 2 23 117 866 867
299 1 2 23 117 867 868
300 1 2 23 117 868 869
301 1 2 23 117 869 870
302 1 2 23 117 870 871
303 1 2 23 117 871 872
304 1 2 23 117 872 873
305 1 2 23 117 873 874
306 1 2 23 117 874 875
307 1 2 23 117 875 876
308 1 2 23 117 876 877
309 1 2 23 117 877 878
310 1 2 23 117 878 879
311 1 2 23 117 879 880
312 1 2 23 117 880 881
313 1 2 23 117 881 882
314 1 2 23 117 882 883
315 1 2 23 117 883 884
316 1 2 23 117 884 885
317 1 2 23 117 885 886
318 1 2 23 117 886 887
319 1 2 23 117 887 888
320 1 2 23 117 888 889
321 1 2 23 117 889 890
322 1 2 23 117 890 891
323 1 2 23 117 891 892
324 1 2 23 117 892 893
325 1 2 23 117 893 894
326 1 2 23 117 894 895
327 1 2 23 117 895 896
328 1 2 23 117 896 897
329 1 2 23 117 897 898
330 1 2 23 117 898 899
331 1 2 23 117 899 900
332 1 2 23 117 900 901
333 1 2 23 117 901 902
334 1 2 23 117 902 903
335 1 2 23 117 903 904
336 1 2 23 117 904 56
337 1 2 23 118 57 905
338 1 2 23 118 905 906
339 1 2 23 118 906 907
340 1 2 23 118 907 908
341 1 2 23 118 908 909
342 1 2 23 118 909 910
343 1 2 23 118 910 911
344 1 2 23 118 911 912
345 1 2 23 118 912 913
346 1 2 23 118 913 914
347 1 2 23 118 914 915
348 1 2 23 118 915 916
349 1 2 23 118 916 917
350 1 2 23 118 917 918
351 1 2 23 118 918 919
352 1 2 23 118 919 920
353 1 2 23 118 920 921
354 1 2 23 118 921 922
355 1 2 23 118 922 923
356 1 2 23 118 923 924
357 1 2 23 118 924 925
358 1 2 23 118 925 926
359 1 2 23 118 926 927
360 1 2 23 118 927 928
361 1 2 23 118 928 929
362 1 2 23 118 929 930
363 1 2 23 118 930 931
364 1 2 23 118 931 932
365 1 2 23 118 932 933
366 1 2 23 118 933 934
367 1 2 23 118 934 935
368 1 2 23 118 935 936
369 1 2 23 118 936 937
370 1 2 23 118 937 938
371 1 2 23 118 938 939
372 1 2 23 118 939 940
373 1 2 23 118 940 941
374 1 2 23 118 941 942
375 1 2 23 118 942 943
376 1 2 23 118 943 944
377 1 2 23 118 944 945
378 1 2 23 118 945 946
379 1 2 23 118 946 947
380 1 2 23 118 947 948
381 1 2 23 118 948 949
382 1 2 23 118 949 950
383 1 2 23 118 950 951
384 1 2 23 118 951 952
385 1 2 23 118 952 953
386 1 2 23 118 953 954
387 1 2 23 118 954 955
388 1 2 23 118 955 956
389 1 2 23 118 956 957
390 1 2 23 118 957 958
391 1 2 23 118 958 959
392 1 2 23 118 959 960
393 1 2 23 118 960 961
394 1 2 23 118 961 962
395 1 2 23 118 962 963
396 1 2 23 118 963 964
397 1 2 23 118 964 965
398 1 2 23 118 965 966
399 1 2 23 118 966 967
400 1 2 23 118 967 968
401 1 2 23 118 968 969
402 1 2 23 118 969 970
403 1 2 23 118 970 971
404 1 2 23 118 971 972
405 1 2 23 118 972 973
406 1 2 23 118 973 974
407 1 2 23 118 974 975
408 1 2 23 118 975 976
409 1 2 23 118 976 977
410 1 2 23 118 977 978
411 1 2 23 118 978 979
412 1 2 23 118 979 980
413 1 2 23 118 980 981
414 1 2 23 118 981 982
415 1 2 23 118 982 983
416 1 2 23 118 983 55
417 1 2 23 119 56 984
418 1 2 23 119 984 985
419 1 2 23 119 985 986
420 1 2 23 119 986 987
421 1 2 23 119 987 988
422 1 2 23 119 988 989
423 1 2 23 119 989 990
424 1 2 23 119 990 991
425 1 2 23 119 991 992
426 1 2 23 119 992 993
427 1 2 23 119 993 994
428 1 2 23 119 994 995
429 1 2 23 119 995 996
430 1 2 23 119 996 997
431 1 2 23 119 997 998
432 1 2 23 119 998 999
433 1 2 23 119 999 1000
434 1 2 23 119 1000 1001
435 1 2 23 119 1001 1002
436 1 2 23 119 1002 1003
437 1 2 23 119 1003 1004
438 1 2 23 119 1004 1005
439 1 2 23 119 1005 1006
440 1 2 23 119 1006 1007
441 1 2 23 119 1007 1008
442 1 2 23 119 1008 1009
443 1 2 23 119 1009 1010
444 1 2 23 119 1010 1011
445 1 2 23 119 1011 1012
446 1 2 23 119 1012 1013
447 1 2 23 119 1013 1014
448 1 2 23 119 1014 1015
449 1 2 23 119 1015 1016
450 1 2 23 119 1016 1017
451 1 2 23 119 1017 1018
452 1 2 23 119 1018 1019
453 1 2 23 119 1019 1020
454 1 2 23 119 1020 1021
455 1 2 23 119 1021 1022
456 1 2 23 119 1022 1023
457 1 2 23 119 1023 1024
458 1 2 23 119 1024 1025
459 1 2 23 119 1025 1026
460 1 2 23 119 1026 1027
461 1 2 23 119 1027 1028
462 1 2 23 119 1028 1029
463 1 2 23 119 1029 1030
464 1 2 23 119 1030 1031
465 1 2 23 119 1031 1032
466 1 2 23 119 1032 1033
467 1 2 23 119 1033 1034
468 1 2 23 119 1034 1035
469 1 2 23 119 1035 1036
470 1 2 23 119 1036 1037
471 1 2 23 119 1037 1038
472 1 2 23 119 1038 1039
473 1 2 23 119 1039 1040
474 1 2 23 119 1040 1041
475 1 2 23 119 1041 1042
476 1 2 23 119 1042 1043
477 1 2 23 119 1043 1044
478 1 2 23 119 1044 1045
479 1 2 23 119 1045 1046
480 1 2 23 119 1046 1047
481 1 2 23 119 1047 1048
482 1 2 23 119 1048 1049
483 1 2 23 119 1049 1050
484 1 2 23 119 1050 1051
485 1 2 23 119 1051 1052
486 1 2 23 119 1052 1053
487 1 2 23 119 1053 1054
488 1 2 23 119 1054 1055
489 1 2 23 119 1055 1056
490 1 2 23 119 1056 1057
491 1 2 23 119 1057 1058
492 1 2 23 119 1058 1059
493 1 2 23 119 1059 1060
494 1 2 23 119 1060 1061
495 1 2 23 119 1061 1062
496 1 2 23 119 1062 58
497 1 2 23 120 58 1063
498 1 2 23 120 1063 1064
499 1 2 23 120 1064 1065
500 1 2 23 120 1065 1066
501 1 2 23 120 1066 1067
502 1 2 23 120 1067 1068
503 1 2 23 120 1068 1069
504 1 2 23 120 1069 1070
505 1 2 23 120 1070 1071
506 1 2 23 120 1071 1072
507 1 2 23 120 1072 1073
508 1 2 23 120 1073 1074
509 1 2 23 120 1074 1075
510 1 2 23 120 1075 1076
511 1 2 23 120 1076 1077
512 1 2 23 120 1077 1078
513 1 2 23 120 1078 1079
514 1 2 23 120 1079 1080
515 1 2 23 120 1080 1081
516 1 2 23 120 1081 1082
517 1 2 23 120 1082 1083
518 1 2 23 120 1083 1084
519 1 2 23 120 1084 1085
520 1 2 23 120 1085 1086
521 1 2 23 120 1086 1087
522 1 2 23 120 1087 1088
523 1 2 23 120 1088 1089
524 1 2 23 120 1089 1090
525 1 2 23 120 1090 1091
526 1 2 23 120 1091 1092
527 1 2 23 120 1092 1093
528 1 2 23 120 1093 1094
529 1 2 23 120 1094 1095
530 1 2 23 120 1095 1096
531 1 2 23 120 1096 1097
532 1 2 23 120 1097 1098
533 1 2 23 120 1098 1099
534 1 2 23 120 1099 1100
535 1 2 23 120 1100 1101
536 1 2 23 120 1101 1102
537 1 2 23 120 1102 1103
538 1 2 23 120 1103 1104
539 1 2 23 120 1104 1105
540 1 2 23 120 1105 1106
541 1 2 23 120 1106 1107
542 1 2 23 120 1107 1108
543 1 2 23 120 1108 1109
544 1 2 23 120 1109 1110
545 1 2 23 120 1110 1111
546 1 2 23 120 1111 1112
547 1 2 23 120 1112 1113
548 1 2 23 120 1113 1114
549 1 2 23 120 1114 1115
550 1 2 23 120 1115 1116
551 1 2 23 120 1116 1117
552 1 2 23 120 1117 1118
553 1 2 23 120 1118 1119
554 1 2 23 120 1119 1120
555 1 2 23 120 1120 1121
556 1 2 23 120 1121 1122
557 1 2 23 120 1122 1123
558 1 2 23 120 1123 1124
559 1 2 23 120 1124 1125
560 1 2 23 120 1125 1126
561 1 2 23 120 1126 1127
562 1 2 23 120 1127 1128
563 1 2 23 120 1128 1129
564 1 2 23 120 1129 1130
565 1 2 23 120 1130 1131
566 1 2 23 120 1131 1132
567 1 2 23 120 1132 1133
568 1 2 23 120 1133 1134
569 1 2 23 120 1134 1135
570 1 2 23 120 1135 1136
571 1 2 23 120 1136 1137
572 1 2 23 120 1137 1138
573 1 2 23 120 1138 1139
574 1 2 23 120 1139 1140
575 1 2 23 120 1140 1141
576 1 2 23 120 1141 57
577 1 2 22 125 63 1426
578 1 2 22 125 1426 1427
579 1 2 22 125 1427 1428
580 1 2 22 125 1428 15
581 1 2 22 126 64 1429
582 1 2 22 126 1429 1430
583 1 2 22 126 1430 1431
584 1 2 22 126 1431 1432
585 1 2 22 126 1432 1433
586 1 2 22 126 1433 1434
587 1 2 22 126 1434 1435
588 1 2 22 126 1435 1436
589 1 2 22 126 1436 1437
590 1 2 22 126 1437 1438
591 1 2 22 126 1438 1439
592 1 2 22 126 1439 1440
593 1 2 22 126 1440 1441
594 1 2 22 126 1441 1442
595 1 2 22 126 1442 1443
596 1 2 22 126 1443 1444
597 1 2 22 126 1444 1445
598 1 2 22 126 1445 1446
599 1 2 22 126 1446 1447
600 1 2 22 126 1447 1448
601 1 2 22 126 1448 1449
602 1 2 22 126 1449 1450
603 1 2 22 126 1450 1451
604 1 2 22 126 1451 1452
605 1 2 22 126 1452 1453
606 1 2 22 126 1453 1454
607 1 2 22 126 1454 1455
608 1 2 22 126 1455 1456
609 1 2 22 126 1456 1457
610 1 2 22 126 1457 1458
611 1 2 22 126 1458 1459
612 1 2 22 126 1459 1460
613 1 2 22 126 1460 1461
614 1 2 22 126 1461 1462
615 1 2 22 126 1462 1463
616 1 2 22 126 1463 1464
617 1 2 22 126 1464 1465
618 1 2 22 126 1465 1466
619 1 2 22 126 1466 1467
620 1 2 22 126 1467 1468
621 1 2 22 126 1468 1469
622 1 2 22 126 1469 1470
623 1 2 22 126 1470 1471
624 1 2 22 126 1471 1472
625 1 2 22 126 1472 1473
626 1 2 22 126 1473 1474
627 1 2 22 126 1474 1475
628 1 2 22 126 1475 1476
629 1 2 22 126 1476 1477
630 1 2 22 126 1477 1478
631 1 2 22 126 1478 1479
632 1 2 22 126 1479 1480
633 1 2 22 126 1480 1481
634 1 2 22 126 1481 1482
635 1 2 22 126 1482 1483
636 1 2 22 126 1483 1484
637 1 2 22 126 1484 1485
638 1 2 22 126 1485 1486
639 1 2 22 126 1486 1487
640 1 2 22 126 1487 1488
641 1 2 22 126 1488 1489
642 1 2 22 126 1489 1490
643 1 2 22 126 1490 1491
644 1 2 22 126 1491 1492
645 1 2 22 126 1492 1493
646 1 2 22 126 1493 1494
647 1 2 22 126 1494 1495
648 1 2 22 126 1495 1496
649 1 2 22 126 1496 1497
650 1 2 22 126 1497 1498
651 1 2 22 126 1498 1499
652 1 2 22 126 1499 1500
653 1 2 22 126 1500 1501
654 1 2 22 126 1501 1502
655 1 2 22 126 1502 1503
656 1 2 22 126 1503 1504
657 1 2 22 126 1504 1505
658 1 2 22 126 1505 1506
659 1 2 22 126 1506 1507
660 1 2 22 126 1507 1508
661 1 2 22 126 1508 1509
662 1 2 22 126 1509 1510
663 1 2 22 126 1510 1511
664 1 2 22 126 1511 63
665 1 2 22 127 17 1512
666 1 2 22 127 1512 1513
667 1 2 22 127 1513 1514
668 1 2 22 127 1514 64
669 1 2 10 128 1 1515
670 1 2 10 128 1515 1516
671 1 2 10 128 1516 1517
672 1 2 10 128 1517 1518
673 1 2 10 128 1518 1519
674 1 2 10 128 1519 1520
675 1 2 10 128 1520 1521
676 1 2 10 128 1521 1522
677 1 2 10 128 1522 1523
678 1 2 10 128 1523 1524
679 1 2 10 128 1524 1525
680 1 2 10 128 1525 1526
681 1 2 10 128 1526 1527
682 1 2 10 128 1527 1528
683 1 2 10 128 1528 1529
684 1 2 10 128 1529 1530
685 1 2 10 128 1530 65
686 1 2 22 129 66 1531
687 1 2 22 129 1531 53
688 1 2 22 130 67 1532
689 1 2 22 130 1532 1533
690 1 2 22 130 1533 1534
691 1 2 22 130 1534 1535
692 1 2 22 130 1535 1536
693 1 2 22 130 1536 1537
694 1 2 22 130 1537 1538
695 1 2 22 130 1538 1539
696 1 2 22 130 1539 1540
697 1 2 22 130 1540 1541
698 1 2 22 130 1541 1542
699 1 2 22 130 1542 1543
700 1 2 22 130 1543 1544
701 1 2 22 130 1544 1545
702 1 2 22 130 1545 1546
703 1 2 22 130 1546 1547
704 1 2 22 130 1547 1548
705 1 2 22 130 1548 1549
706 1 2 22 130 1549 1550
707 1 2 22 130 1550 1551
708 1 2 22 130 1551 1552
709 1 2 22 130 1552 1553
710 1 2 22 130 1553 1554
711 1 2 22 130 1554 1555
712 1 2 22 130 1555 1556
713 1 2 22 130 1556 1557
714 1 2 22 130 1557 1558
715 1 2 22 130 1558 1559
716 1 2 22 130 1559 1560
717 1 2 22 130 1560 1561
718 1 2 22 130 1561 1562
719 1 2 22 130 1562 1563
720 1 2 22 130 1563 1564
721 1 2 22 130 1564 1565
722 1 2 22 130 1565 1566
723 1 2 22 130 1566 1567
724 1 2 22 130 1567 1568
725 1 2 22 130 1568 1569
726 1 2 22 130 1569 1570
727 1 2 22 130 1570 1571
728 1 2 22 130 1571 1572
729 1 2 22 130 1572 1573
730 1 2 22 130 1573 1574
731 1 2 22 130 1574 1575
732 1 2 22 130 1575 1576
733 1 2 22 130 1576 1577
734 1 2 22 130 1577 1578
735 1 2 22 130 1578 1579
736 1 2 22 130 1579 1580
737 1 2 22 130 1580 1581
738 1 2 22 130 1581 1582
739 1 2 22 130 1582 1583
740 1 2 22 130 1583 1584
741 1 2 22 130 1584 1585
742 1 2 22 130 1585 1586
743 1 2 22 130 1586 1587
744 1 2 22 130 1587 1588
745 1 2 22 130 1588 1589
746 1 2 22 130 1589 1590
747 1 2 22 130 1590 1591
748 1 2 22 130 1591 1592
749 1 2 22 130 1592 1593
750 1 2 22 130 1593 1594
751 1 2 22 130 1594 1595
752 1 2 22 130 1595 1596
753 1 2 22 130 1596 1597
754 1 2 22 130 1597 1598
755 1 2 22 130 1598 1599
756 1 2 22 130 1599 1600
757 1 2 22 130 1600 1601
758 1 2 22 130 1601 1602
759 1 2 22 130 1602 1603
760 1 2 22 130 1603 1604
761 1 2 22 130 1604 1605
762 1 2 22 130 1605 1606
763 1 2 22 130 1606 1607
764 1 2 22 130 1607 1608
765 1 2 22 130 1608 1609
766 1 2 22 130 1609 1610
767 1 2 22 130 1610 1611
768 1 2 22 130 1611 1612
769 1 2 22 130 1612 1613
770 1 2 22 130 1613 1614
771 1 2 22 130 1614 66
772 1 2 22 131 52 1615
773 1 2 22 131 1615 67
774 1 2 10 132 68 1616
775 1 2 10 132 1616 1617
776 1 2 10 132 1617 1618
777 1 2 10 132 1618 1619
778 1 2 10 132 1619 1620
779 1 2 10 132 1620 1621
780 1 2 10 132 1621 1622
781 1 2 10 132 1622 1623
782 1 2 10 132 1623 1624
783 1 2 10 132 1624 1625
784 1 2 10 132 1625 1626
785 1 2 10 132 1626 1627
786 1 2 10 132 1627 1628
787 1 2 10 132 1628 1629
788 1 2 10 132 1629 1630
789 1 2 10 132 1630 1631
790 1 2 10 132 1631 12
791 1 2 16 133 69 1632
792 1 2 16 133 1632 1633
793 1 2 16 133 1633 1634
794 1 2 16 133 1634 1635
795 1 2 16 133 1635 1636
796 1 2 16 133 1636 1637
797 1 2 16 133 1637 1638
798 1 2 16 133 1638 1639
799 1 2 16 133 1639 1640
800 1 2 16 133 1640 1641
801 1 2 16 133 1641 1642
802 1 2 16 133 1642 1643
803 1 2 16 133 1643 1644
804 1 2 16 133 1644 1645
805 1 2 16 133 1645 1646
806 1 2 16 133 1646 1647
807 1 2 16 133 1647 1648
808 1 2 16 133 1648 1649
809 1 2 16 133 1649 1650
810 1 2 16 133 1650 1651
811 1 2 16 133 1651 1652
812 1 2 16 133 1652 1653
813 1 2 16 133 1653 1654
814 1 2 16 133 1654 1655
815 1 2 16 133 1655 1656
816 1 2 16 133 1656 1657
817 1 2 16 133 1657 1658
818 1 2 16 133 1658 1659
819 1 2 16 133 1659 1660
820 1 2 16 133 1660 1661
821 1 2 16 133 1661 68
822 1 2 11 134 70 1662
823 1 2 11 134 1662 1663
824 1 2 11 134 1663 1664
825 1 2 11 134 1664 1665
826 1 2 11 134 1665 1666
827 1 2 11 134 1666 1667
828 1 2 11 134 1667 1668
829 1 2 11 134 1668 1669
830 1 2 11 134 1669 1670
831 1 2 11 134 1670 1671
832 1 2 11 134 1671 1672
833 1 2 11 134 1672 1673
834 1 2 11 134 1673 1674
835 1 2 11 134 1674 1675
836 1 2 11 134 1675 1676
837 1 2 11 134 1676 1677
838 1 2 11 134 1677 1678
839 1 2 11 134 1678 1679
840 1 2 11 134 1679 1680
841 1 2 11 134 1680 1681
842 1 2 11 134 1681 1682
843 1 2 11 134 1682 1683
844 1 2 11 134 1683 1684
845 1 2 11 134 1684 1685
846 1 2 11 134 1685 1686
847 1 2 11 134 1686 1687
848 1 2 11 134 1687 1688
849 1 2 11 134 1688 1689
850 1 2 11 134 1689 1690
851 1 2 11 134 1690 69
852 1 2 15 135 65 1691
853 1 2 15 135 1691 1692
854 1 2 15 135 1692 1693
855 1 2 15 135 1693 1694
856 1 2 15 135 1694 1695
857 1 2 15 135 1695 1696
858 1 2 15 135 1696 1697
859 1 2 15 135 1697 1698
860 1 2 15 135 1698 1699
861 1 2 15 135 1699 1700
862 1 2 15 135 1700 1701
863 1 2 15 135 1701 1702
864 1 2 15 135 1702 1703
865 1 2 15 135 1703 1704
866 1 2 15 135 1704 1705
867 1 2 15 135 1705 1706
868 1 2 15 135 1706 1707
869 1 2 15 135 1707 1708
870 1 2 15 135 1708 1709
871 1 2 15 135 1709 1710
872 1 2 15 135 1710 1711
873 1 2 15 135 1711 1712
874 1 2 15 135 1712 1713
875 1 2 15 135 1713 1714
876 1 2 15 135 1714 1715
877 1 2 15 135 1715 1716
878 1 2 15 135 1716 1717
879 1 2 15 135 1717 1718
880 1 2 15 135 1718 1719
881 1 2 15 135 1719 1720
882 1 2 15 135 1720 70
883 2 2 1 11 1893 2634 2454
884 2 2 1 11 2454 2634 2057
885 2 2 1 11 2000 2056 1759
886 2 2 1 11 1735 2508 1999
887 2 2 1 11 1759 2057 2000
888 2 2 1 11 1999 2508 2039
889 2 2 1 11 2569 2637 2626
890 2 2 1 11 2688 2770 2382
891 2 2 1 11 2383 2688 2382
892 2 2 1 11 2678 2755 2452
893 2 2 1 11 2452 2755 2451
894 2 2 1 11 2737 2750 2306
895 2 2 1 11 2305 2737 2306
896 2 2 1 11 2740 2748 2003
897 2 2 1 11 2769 2852 2515
898 2 2 1 11 2240 2848 2521
899 2 2 1 11 2003 2748 2009
900 2 2 1 11 2515 2852 1740
901 2 2 1 11 2731 2848 2240
902 2 2 1 11 2514 2682 1820
903 2 2 1 11 2032 2841 2033
904 2 2 1 11 2741 2783 2320
905 2 2 1 11 2682 2756 1820
906 2 2 1 11 2582 2758 2655
907 2 2 1 11 2265 2842 2780
908 2 2 1 11 2265 2780 2264
909 2 2 1 11 2331 2668 2332
910 2 2 1 11 2492 2653 2493
911 2 2 1 11 2321 2741 2320
912 2 2 1 11 2331 2771 2668
913 2 2 1 11 2216 2677 2217
914 2 2 1 11 2168 2701 2169
915 2 2 1 11 2744 2841 2032
916 2 2 1 11 2432 2659 2433
917 2 2 1 11 2661 2775 2258
918 2 2 1 11 2259 2661 2258
919 2 2 1 11 2092 2712 2091
920 2 2 1 11 2701 2765 2169
921 2 2 1 11 2502 2758 2582
922 2 2 1 11 2216 2767 2677
923 2 2 1 11 2211 2846 2782
924 2 2 1 11 2002 2811 2684
925 2 2 1 11 2647 2671 2386
926 2 2 1 11 2492 2730 2653
927 2 2 1 11 2061 2638 2615
928 2 2 1 11 2002 2684 2006
929 2 2 1 11 2211 2782 2210
930 2 2 1 11 2711 2718 2174
931 2 2 1 11 2061 2665 2638
932 2 2 1 11 2659 2865 2433
933 2 2 1 11 2092 2860 2712
934 2 2 1 11 2231 2850 2827
935 2 2 1 11 2231 2827 2232
936 2 2 1 11 2175 2711 2174
937 2 2 1 11 2179 2700 2180
938 2 2 1 11 2700 2724 2180
939 2 2 1 11 2692 2747 2363
940 2 2 1 11 2601 2647 2386
941 2 2 1 11 2686 2742 2013
942 2 2 1 11 2364 2692 2363
943 2 2 1 11 2666 2752 2447
944 2 2 1 11 2448 2666 2447
945 2 2 1 11 2014 2686 2013
946 2 2 1 11 2646 2762 2085
947 2 2 1 11 2612 2642 2507
948 2 2 1 11 2649 2823 2194
949 2 2 1 11 2642 2706 2507
950 2 2 1 11 2086 2646 2085
951 2 2 1 11 2384 2696 2296
952 2 2 1 11 2195 2649 2194
953 2 2 1 11 2694 2807 2379
954 2 2 1 11 2378 2694 2379
955 2 2 1 11 2836 2874 2047
956 2 2 1 11 2046 2836 2047
957 2 2 1 11 2696 2779 2296
958 2 2 1 11 2401 2645 2400
959 2 2 1 11 2645 2719 2400
960 2 2 1 11 2641 2675 2019
961 2 2 1 11 2020 2641 2019
962 2 2 1 11 2131 2639 2132
963 2 2 1 11 2131 2681 2639
964 2 2 1 11 2673 2873 2005
965 2 2 1 11 2004 2673 2005
966 2 2 1 11 1999 2629 1735
967 2 2 1 11 2000 2631 2056
968 2 2 1 11 2626 2637 1722
969 2 2 1 11 2558 2885 1998
970 2 2 1 11 2553 2883 1997
971 2 2 1 11 2008 2884 1857
972 2 2 1 11 2569 2626 1986
973 2 2 1 11 1985 2883 2553
974 2 2 1 11 1987 2885 2558
975 2 2 1 11 1857 2884 2529
976 2 2 1 11 1722 2637 2006
977 2 2 1 11 1759 2058 2057
978 2 2 1 11 2600 2630 1996
979 2 2 1 11 1998 2630 2558
980 2 2 1 11 1857 2631 2008
981 2 2 1 11 1997 2632 2553
982 2 2 1 11 2496 2632 1993
983 2 2 1 11 910 2058 909
984 2 2 1 11 2131 2680 1892
985 2 2 1 11 1724 2872 2005
986 2 2 1 11 1874 2789 2038
987 2 2 1 11 1892 2681 2131
988 2 2 1 11 2038 2697 1874
989 2 2 1 11 1776 2816 2074
990 2 2 1 11 2185 2739 2488
991 2 2 1 11 1907 2734 2019
992 2 2 1 11 1947 2735 2165
993 2 2 1 11 2351 2698 1798
994 2 2 1 11 2444 2837 1897
995 2 2 1 11 1901 2791 2107
996 2 2 1 11 1810 2817 2391
997 2 2 1 11 2005 2873 1724
998 2 2 1 11 1928 2792 2044
999 2 2 1 11 1895 2784 2461
1000 2 2 1 11 1767 2815 2400
1001 2 2 1 11 1805 2705 2158
1002 2 2 1 11 1723 2862 2001
1003 2 2 1 11 1787 2787 2271
1004 2 2 1 11 1936 2707 2457
1005 2 2 1 11 2165 2687 1947
1006 2 2 1 11 1737 2814 2027
1007 2 2 1 11 1892 2680 2136
1008 2 2 1 11 1953 2736 2426
1009 2 2 1 11 1849 2851 2395
1010 2 2 1 11 1897 2855 2444
1011 2 2 1 11 1923 2838 2123
1012 2 2 1 11 1962 2794 2363
1013 2 2 1 11 2019 2675 1907
1014 2 2 1 11 2001 2876 1723
1015 2 2 1 11 1801 2745 2405
1016 2 2 1 11 2426 2710 1953
1017 2 2 1 11 2044 2826 1928
1018 2 2 1 11 2085 2762 1765
1019 2 2 1 11 2158 2764 1805
1020 2 2 1 11 1946 2708 2174
1021 2 2 1 11 2457 2674 1936
1022 2 2 1 11 2400 2719 1767
1023 2 2 1 11 1859 2824 2379
1024 2 2 1 11 1820 2756 2438
1025 2 2 1 11 2391 2843 1810
1026 2 2 1 11 1950 2839 2418
1027 2 2 1 11 2363 2747 1962
1028 2 2 1 11 2461 2810 1895
1029 2 2 1 11 2027 2699 1737
1030 2 2 1 11 2271 2709 1787
1031 2 2 1 11 1958 2849 2222
1032 2 2 1 11 2107 2772 1901
1033 2 2 1 11 1782 2786 2143
1034 2 2 1 11 2174 2718 1946
1035 2 2 1 11 2051 2803 1831
1036 2 2 1 11 2222 2875 1958
1037 2 2 1 11 2136 2713 1892
1038 2 2 1 11 2507 2706 2253
1039 2 2 1 11 2405 2847 1801
1040 2 2 1 11 2194 2823 1963
1041 2 2 1 11 2488 2835 2185
1042 2 2 1 11 2438 2723 1820
1043 2 2 1 11 2359 2689 1786
1044 2 2 1 11 2316 2813 1949
1045 2 2 1 11 1896 2720 2244
1046 2 2 1 11 1831 2714 2051
1047 2 2 1 11 2013 2742 1917
1048 2 2 1 11 2235 2749 2433
1049 2 2 1 11 2122 2640 2522
1050 2 2 1 11 1786 2722 2359
1051 2 2 1 11 1916 2820 2063
1052 2 2 1 11 2615 2638 2078
1053 2 2 1 11 2379 2807 1859
1054 2 2 1 11 2296 2779 1862
1055 2 2 1 11 2231 2858 1824
1056 2 2 1 11 2492 2832 2499
1057 2 2 1 11 2493 2653 2560
1058 2 2 1 11 2395 2828 1849
1059 2 2 1 11 2123 2726 1923
1060 2 2 1 11 2418 2725 1950
1061 2 2 1 11 1963 2870 2194
1062 2 2 1 11 2530 2676 2371
1063 2 2 1 11 1786 2689 2274
1064 2 2 1 11 2117 2840 1970
1065 2 2 1 11 2183 2657 2298
1066 2 2 1 11 2143 2751 1782
1067 2 2 1 11 2139 2693 2054
1068 2 2 1 11 1800 2788 2279
1069 2 2 1 11 2433 2865 2235
1070 2 2 1 11 2305 2796 2289
1071 2 2 1 11 2055 2743 1918
1072 2 2 1 11 1972 2822 2312
1073 2 2 1 11 1917 2760 2013
1074 2 2 1 11 1970 2738 2117
1075 2 2 1 11 1862 2867 2296
1076 2 2 1 11 2063 2869 1916
1077 2 2 1 11 2161 2763 1766
1078 2 2 1 11 2386 2671 2160
1079 2 2 1 11 2150 2727 1942
1080 2 2 1 11 1838 2732 2247
1081 2 2 1 11 2343 2773 1971
1082 2 2 1 11 2478 2776 2428
1083 2 2 1 11 2355 2778 1746
1084 2 2 1 11 2211 2785 1746
1085 2 2 1 11 1772 2860 2092
1086 2 2 1 11 2127 2838 1923
1087 2 2 1 11 2286 2663 2267
1088 2 2 1 11 2180 2724 1727
1089 2 2 1 11 2274 2830 1786
1090 2 2 1 11 2429 2802 1870
1091 2 2 1 11 2258 2775 1887
1092 2 2 1 11 2111 2831 1914
1093 2 2 1 11 1971 2795 2343
1094 2 2 1 11 1721 2740 2003
1095 2 2 1 11 2499 2730 2492
1096 2 2 1 11 1939 2805 2203
1097 2 2 1 11 1949 2798 2316
1098 2 2 1 11 2368 2746 1959
1099 2 2 1 11 2309 2774 1819
1100 2 2 1 11 2347 2806 1943
1101 2 2 1 11 2247 2812 1838
1102 2 2 1 11 2103 2797 1866
1103 2 2 1 11 1923 2856 2127
1104 2 2 1 11 2490 2801 2090
1105 2 2 1 11 2519 2819 2473
1106 2 2 1 11 2146 2799 1749
1107 2 2 1 11 2312 2829 1972
1108 2 2 1 11 2320 2783 1797
1109 2 2 1 11 2199 2863 1954
1110 2 2 1 11 2087 2647 2601
1111 2 2 1 11 2169 2765 1806
1112 2 2 1 11 2289 2737 2305
1113 2 2 1 11 2264 2780 1732
1114 2 2 1 11 2332 2668 1949
1115 2 2 1 11 2079 2757 2504
1116 2 2 1 11 1806 2715 2169
1117 2 2 1 11 1911 2759 2114
1118 2 2 1 11 2185 2801 2490
1119 2 2 1 11 1973 2695 2291
1120 2 2 1 11 1899 2733 2421
1121 2 2 1 11 2227 2818 1824
1122 2 2 1 11 1824 2858 2227
1123 2 2 1 11 1866 2797 2154
1124 2 2 1 11 2099 2721 1968
1125 2 2 1 11 2097 2670 2286
1126 2 2 1 11 2284 2808 1742
1127 2 2 1 11 1914 2854 2111
1128 2 2 1 11 1746 2785 2355
1129 2 2 1 11 1748 2729 2068
1130 2 2 1 11 1748 2809 2336
1131 2 2 1 11 1817 2767 2216
1132 2 2 1 11 2447 2752 2346
1133 2 2 1 11 2033 2841 1775
1134 2 2 1 11 2047 2874 1991
1135 2 2 1 11 2220 2644 2524
1136 2 2 1 11 2259 2833 1732
1137 2 2 1 11 1746 2846 2211
1138 2 2 1 11 2336 2729 1748
1139 2 2 1 11 1824 2850 2231
1140 2 2 1 11 1902 2811 2002
1141 2 2 1 11 1926 2800 2341
1142 2 2 1 11 2032 2754 1774
1143 2 2 1 11 2365 2643 2605
1144 2 2 1 11 2325 2864 1740
1145 2 2 1 11 2331 2824 1859
1146 2 2 1 11 1942 2768 2150
1147 2 2 1 11 1740 2852 2325
1148 2 2 1 11 1946 2700 2179
1149 2 2 1 11 2003 2702 1721
1150 2 2 1 11 2217 2677 1942
1151 2 2 1 11 2291 2695 1791
1152 2 2 1 11 2254 2703 1957
1153 2 2 1 11 1962 2746 2368
1154 2 2 1 11 2368 2794 1962
1155 2 2 1 11 2009 2748 1888
1156 2 2 1 11 2421 2804 1899
1157 2 2 1 11 2098 2758 2502
1158 2 2 1 11 2267 2662 2286
1159 2 2 1 11 1866 2868 2103
1160 2 2 1 11 1755 2703 2254
1161 2 2 1 11 1959 2690 2368
1162 2 2 1 11 1887 2853 2258
1163 2 2 1 11 1859 2771 2331
1164 2 2 1 11 1774 2744 2032
1165 2 2 1 11 2006 2684 1722
1166 2 2 1 11 2091 2712 1729
1167 2 2 1 11 2519 2776 2478
1168 2 2 1 11 1902 2861 2103
1169 2 2 1 11 2201 2766 2388
1170 2 2 1 11 2002 2861 1902
1171 2 2 1 11 2154 2753 1866
1172 2 2 1 11 1847 2866 2470
1173 2 2 1 11 2150 2768 1934
1174 2 2 1 11 2286 2662 2097
1175 2 2 1 11 2114 2844 1911
1176 2 2 1 11 2582 2655 2358
1177 2 2 1 11 1901 2753 2154
1178 2 2 1 11 2196 2731 2240
1179 2 2 1 11 2210 2782 1929
1180 2 2 1 11 1774 2754 2187
1181 2 2 1 11 2325 2857 1797
1182 2 2 1 11 1732 2833 2264
1183 2 2 1 11 1950 2804 2421
1184 2 2 1 11 2478 2819 2519
1185 2 2 1 11 1787 2830 2274
1186 2 2 1 11 1911 2842 2265
1187 2 2 1 11 2114 2854 1914
1188 2 2 1 11 2521 2848 2202
1189 2 2 1 11 2517 2761 2470
1190 2 2 1 11 1797 2857 2320
1191 2 2 1 11 1949 2813 2332
1192 2 2 1 11 2203 2805 1910
1193 2 2 1 11 2470 2866 2517
1194 2 2 1 11 1769 2721 2099
1195 2 2 1 11 1801 2751 2143
1196 2 2 1 11 1900 2831 2111
1197 2 2 1 11 2199 2870 1963
1198 2 2 1 11 1972 2774 2309
1199 2 2 1 11 2164 2642 2612
1200 2 2 1 11 1805 2763 2161
1201 2 2 1 11 1914 2844 2114
1202 2 2 1 11 2388 2766 2126
1203 2 2 1 11 2037 2685 2512
1204 2 2 1 11 1728 2711 2175
1205 2 2 1 11 1747 2741 2321
1206 2 2 1 11 2274 2787 1787
1207 2 2 1 11 2347 2793 1934
1208 2 2 1 11 2421 2839 1950
1209 2 2 1 11 2309 2822 1972
1210 2 2 1 11 2606 2845 2524
1211 2 2 1 11 2187 2825 1774
1212 2 2 1 11 1737 2840 2117
1213 2 2 1 11 2437 2654 2609
1214 2 2 1 11 1876 2790 2336
1215 2 2 1 11 1928 2778 2355
1216 2 2 1 11 2524 2845 2220
1217 2 2 1 11 2244 2720 1897
1218 2 2 1 11 1834 2773 2343
1219 2 2 1 11 1849 2829 2312
1220 2 2 1 11 1732 2661 2259
1221 2 2 1 11 2490 2739 2185
1222 2 2 1 11 2504 2757 2382
1223 2 2 1 11 2341 2800 2548
1224 2 2 1 11 2284 2788 1800
1225 2 2 1 11 2187 2738 1970
1226 2 2 1 11 2232 2827 1845
1227 2 2 1 11 2316 2798 1858
1228 2 2 1 11 1953 2802 2429
1229 2 2 1 11 2512 2685 2267
1230 2 2 1 11 1726 2646 2086
1231 2 2 1 11 2161 2705 1805
1232 2 2 1 11 2127 2856 1979
1233 2 2 1 11 2265 2759 1911
1234 2 2 1 11 1970 2825 2187
1235 2 2 1 11 2336 2809 1876
1236 2 2 1 11 1934 2806 2347
1237 2 2 1 11 2126 2679 2388
1238 2 2 1 11 1800 2808 2284
1239 2 2 1 11 2344 2664 2252
1240 2 2 1 11 1938 2649 2195
1241 2 2 1 11 2179 2708 1946
1242 2 2 1 11 2499 2832 2230
1243 2 2 1 11 1782 2799 2146
1244 2 2 1 11 1762 2686 2014
1245 2 2 1 11 2306 2750 2339
1246 2 2 1 11 2051 2714 1733
1247 2 2 1 11 1942 2727 2217
1248 2 2 1 11 1778 2692 2364
1249 2 2 1 11 2576 2826 2044
1250 2 2 1 11 2355 2792 1928
1251 2 2 1 11 2341 2871 1926
1252 2 2 1 11 1829 2859 2410
1253 2 2 1 11 2168 2735 1947
1254 2 2 1 11 1881 2713 2136
1255 2 2 1 11 2343 2821 1834
1256 2 2 1 11 2227 2672 1837
1257 2 2 1 11 2429 2736 1953
1258 2 2 1 11 1934 2793 2150
1259 2 2 1 11 2359 2722 1785
1260 2 2 1 11 2382 2770 2504
1261 2 2 1 11 2143 2745 1801
1262 2 2 1 11 1821 2723 2438
1263 2 2 1 11 1797 2864 2325
1264 2 2 1 11 2411 2732 1838
1265 2 2 1 11 2377 2666 2448
1266 2 2 1 11 2103 2868 1902
1267 2 2 1 11 1871 2694 2378
1268 2 2 1 11 2402 2659 2432
1269 2 2 1 11 2117 2814 1737
1270 2 2 1 11 1861 2696 2384
1271 2 2 1 11 1990 2667 2022
1272 2 2 1 11 1837 2818 2227
1273 2 2 1 11 1844 2641 2020
1274 2 2 1 11 2154 2791 1901
1275 2 2 1 11 1947 2701 2168
1276 2 2 1 11 2063 2820 2556
1277 2 2 1 11 1963 2863 2199
1278 2 2 1 11 2146 2786 1782
1279 2 2 1 11 1832 2645 2401
1280 2 2 1 11 2514 2674 2457
1281 2 2 1 11 2055 2760 1917
1282 2 2 1 11 1974 2812 2247
1283 2 2 1 11 2042 2836 2046
1284 2 2 1 11 1788 2709 2271
1285 2 2 1 11 1897 2837 2244
1286 2 2 1 11 1767 2847 2405
1287 2 2 1 11 2222 2849 1823
1288 2 2 1 11 2312 2851 1849
1289 2 2 1 11 1917 2743 2055
1290 2 2 1 11 1924 2726 2123
1291 2 2 1 11 2585 2658 2094
1292 2 2 1 11 1806 2764 2158
1293 2 2 1 11 2451 2755 2034
1294 2 2 1 11 1956 2687 2165
1295 2 2 1 11 2044 2656 2576
1296 2 2 1 11 1733 2728 2051
1297 2 2 1 11 2425 2650 2246
1298 2 2 1 11 1851 2699 2027
1299 2 2 1 11 2132 2639 1891
1300 2 2 1 11 1810 2828 2395
1301 2 2 1 11 1895 2772 2107
1302 2 2 1 11 2608 2710 2426
1303 2 2 1 11 2267 2663 2512
1304 2 2 1 11 2158 2715 1806
1305 2 2 1 11 1876 2810 2461
1306 2 2 1 11 1951 2725 2418
1307 2 2 1 11 2027 2716 1851
1308 2 2 1 11 2417 2834 2465
1309 2 2 1 11 2374 2777 1912
1310 2 2 1 11 2015 2688 2383
1311 2 2 1 11 1971 2843 2391
1312 2 2 1 11 2391 2795 1971
1313 2 2 1 11 2405 2815 1767
1314 2 2 1 11 2457 2682 2514
1315 2 2 1 11 2395 2817 1810
1316 2 2 1 11 1890 2697 2038
1317 2 2 1 11 2444 2855 1903
1318 2 2 1 11 2176 2835 2488
1319 2 2 1 11 2072 2678 2452
1320 2 2 1 11 2461 2790 1876
1321 2 2 1 11 2107 2784 1895
1322 2 2 1 11 2515 2698 2351
1323 2 2 1 11 2001 2862 2565
1324 2 2 1 11 1905 2673 2004
1325 2 2 1 11 2351 2769 2515
1326 2 2 1 11 909 2058 1759
1327 2 2 1 11 1916 2058 910
1328 2 2 1 11 1996 2635 2600
1329 2 2 1 11 1993 2636 2496
1330 2 2 1 11 2007 2008 1988
1331 2 2 1 11 1855 2007 1988
1332 2 2 1 11 1289 2536 1290
1333 2 2 1 11 2472 2476 2475
1334 2 2 1 11 1071 2623 2614
1335 2 2 1 11 2077 2081 2080
1336 2 2 1 11 1230 2352 1231
1337 2 2 1 11 2128 2134 2129
1338 2 2 1 11 1290 2536 1915
1339 2 2 1 11 1844 2537 2536
1340 2 2 1 11 2073 2138 2137
1341 2 2 1 11 1414 2526 1415
1342 2 2 1 11 2089 2093 2092
1343 2 2 1 11 1980 2007 1855
1344 2 2 1 11 1739 2460 2104
1345 2 2 1 11 2243 2443 2440
1346 2 2 1 11 2043 2544 1779
1347 2 2 1 11 2071 2075 2074
1348 2 2 1 11 2370 2374 2373
1349 2 2 1 11 2354 2544 2043
1350 2 2 1 11 1736 2453 2062
1351 2 2 1 11 2045 2047 1888
1352 2 2 1 11 2225 2231 2229
1353 2 2 1 11 1150 2212 1151
1354 2 2 1 11 2035 2508 988
1355 2 2 1 11 2617 2624 1054
1356 2 2 1 11 2153 2531 2106
1357 2 2 1 11 2197 2198 1839
1358 2 2 1 11 2298 2449 2297
1359 2 2 1 11 1777 2128 1057
1360 2 2 1 11 2191 2197 1839
1361 2 2 1 11 2431 2433 2430
1362 2 2 1 11 2142 2570 2404
1363 2 2 1 11 1745 2045 832
1364 2 2 1 11 2323 2324 1921
1365 2 2 1 11 1893 2454 2453
1366 2 2 1 11 2225 2229 2228
1367 2 2 1 11 1151 2212 1780
1368 2 2 1 11 1354 2618 1815
1369 2 2 1 11 2491 2604 1302
1370 2 2 1 11 1788 2353 2352
1371 2 2 1 11 2273 2357 2356
1372 2 2 1 11 2106 2531 1730
1373 2 2 1 11 1743 2102 2101
1374 2 2 1 11 2453 2454 2062
1375 2 2 1 11 2065 2069 2068
1376 2 2 1 11 2104 2460 2105
1377 2 2 1 11 2236 2245 2237
1378 2 2 1 11 2276 2280 2279
1379 2 2 1 11 1743 2151 2102
1380 2 2 1 11 2121 2127 2125
1381 2 2 1 11 1743 2101 2100
1382 2 2 1 11 1276 2070 1277
1383 2 2 1 11 2330 2462 2380
1384 2 2 1 11 2181 2182 1966
1385 2 2 1 11 2067 2335 2248
1386 2 2 1 11 1788 2352 1230
1387 2 2 1 11 1058 2599 1777
1388 2 2 1 11 1933 2526 1414
1389 2 2 1 11 989 2035 988
1390 2 2 1 11 2176 2572 2497
1391 2 2 1 11 2188 2540 2034
1392 2 2 1 11 2121 2125 2124
1393 2 2 1 11 1751 2108 978
1394 2 2 1 11 1833 2607 1284
1395 2 2 1 11 2466 2470 2468
1396 2 2 1 11 2112 2113 1802
1397 2 2 1 11 2466 2468 2467
1398 2 2 1 11 2317 2323 1921
1399 2 2 1 11 1247 2297 1248
1400 2 2 1 11 1297 2228 1298
1401 2 2 1 11 2031 2186 2118
1402 2 2 1 11 832 2045 831
1403 2 2 1 11 1777 2599 2135
1404 2 2 1 11 1231 2352 1770
1405 2 2 1 11 1802 2541 976
1406 2 2 1 11 978 2108 977
1407 2 2 1 11 2380 2462 1783
1408 2 2 1 11 2350 2422 1865
1409 2 2 1 11 2015 2525 2190
1410 2 2 1 11 2527 2571 2170
1411 2 2 1 11 2381 2383 2382
1412 2 2 1 11 2412 2414 2413
1413 2 2 1 11 2245 2247 2237
1414 2 2 1 11 2182 2183 1966
1415 2 2 1 11 1192 2281 1937
1416 2 2 1 11 1745 2046 2045
1417 2 2 1 11 1751 2109 2108
1418 2 2 1 11 1191 2281 1192
1419 2 2 1 11 1754 2533 2315
1420 2 2 1 11 2206 2211 2209
1421 2 2 1 11 2034 2540 2030
1422 2 2 1 11 1264 2584 1930
1423 2 2 1 11 2025 2116 2115
1424 2 2 1 11 2173 2572 2176
1425 2 2 1 11 1756 2559 1142
1426 2 2 1 11 1811 2297 1247
1427 2 2 1 11 1844 2536 1289
1428 2 2 1 11 1868 2552 1311
1429 2 2 1 11 2440 2443 1734
1430 2 2 1 11 971 2550 1768
1431 2 2 1 11 1415 2526 1887
1432 2 2 1 11 2467 2468 1868
1433 2 2 1 11 1880 2407 2406
1434 2 2 1 11 2113 2541 1802
1435 2 2 1 11 1960 2394 2393
1436 2 2 1 11 2450 2452 2451
1437 2 2 1 11 1328 2406 1329
1438 2 2 1 11 1308 2464 1309
1439 2 2 1 11 1159 2326 1160
1440 2 2 1 11 2275 2281 1191
1441 2 2 1 11 1061 2558 1060
1442 2 2 1 11 1265 2023 1266
1443 2 2 1 11 1931 2540 1271
1444 2 2 1 11 1880 2406 1328
1445 2 2 1 11 2397 2403 1927
1446 2 2 1 11 2070 2137 1277
1447 2 2 1 11 2204 2212 1150
1448 2 2 1 11 1210 2151 1743
1449 2 2 1 11 1001 2356 1000
1450 2 2 1 11 1296 2223 1297
1451 2 2 1 11 1309 2467 1310
1452 2 2 1 11 1209 2151 1210
1453 2 2 1 11 2255 2260 1749
1454 2 2 1 11 2163 2166 2162
1455 2 2 1 11 2223 2228 1297
1456 2 2 1 11 2218 2619 1292
1457 2 2 1 11 2248 2335 1885
1458 2 2 1 11 1960 2393 2392
1459 2 2 1 11 2614 2623 2021
1460 2 2 1 11 979 2495 1751
1461 2 2 1 11 1004 2598 1925
1462 2 2 1 11 1112 2463 1829
1463 2 2 1 11 1114 2191 1839
1464 2 2 1 11 1117 2613 2611
1465 2 2 1 11 1124 2124 1842
1466 2 2 1 11 1194 2303 1906
1467 2 2 1 11 1267 2115 1773
1468 2 2 1 11 1278 2137 1891
1469 2 2 1 11 1298 2228 1909
1470 2 2 1 11 1310 2467 1868
1471 2 2 1 11 2119 2124 1125
1472 2 2 1 11 2376 2380 1783
1473 2 2 1 11 1987 2558 1061
1474 2 2 1 11 1734 2443 2442
1475 2 2 1 11 1799 2425 2424
1476 2 2 1 11 1856 1995 1981
1477 2 2 1 11 2469 2552 1868
1478 2 2 1 11 1880 2409 2407
1479 2 2 1 11 2050 2566 1904
1480 2 2 1 11 1915 2221 2219
1481 2 2 1 11 2324 2326 1921
1482 2 2 1 11 2404 2570 1927
1483 2 2 1 11 2238 2249 1978
1484 2 2 1 11 2005 2007 1980
1485 2 2 1 11 2039 2508 2035
1486 2 2 1 11 2048 2052 2049
1487 2 2 1 11 2073 2137 2070
1488 2 2 1 11 2072 2075 2071
1489 2 2 1 11 2088 2093 2089
1490 2 2 1 11 2151 2152 2102
1491 2 2 1 11 2121 2124 2119
1492 2 2 1 11 2409 2411 2410
1493 2 2 1 11 2479 2481 2480
1494 2 2 1 11 2483 2485 2484
1495 2 2 1 11 2493 2604 2491
1496 2 2 1 11 1068 2016 1922
1497 2 2 1 11 1751 2495 2110
1498 2 2 1 11 1777 2134 2128
1499 2 2 1 11 1975 2445 2344
1500 2 2 1 11 2028 2186 2031
1501 2 2 1 11 2024 2025 2023
1502 2 2 1 11 2178 2182 2181
1503 2 2 1 11 1057 2128 1056
1504 2 2 1 11 1199 2597 1913
1505 2 2 1 11 920 2381 919
1506 2 2 1 11 976 2541 975
1507 2 2 1 11 2050 2567 2566
1508 2 2 1 11 2394 2396 2390
1509 2 2 1 11 1904 2566 1134
1510 2 2 1 11 1905 2048 1136
1511 2 2 1 11 1856 1996 1995
1512 2 2 1 11 980 2495 979
1513 2 2 1 11 982 2553 981
1514 2 2 1 11 1142 2559 1143
1515 2 2 1 11 2147 2345 1758
1516 2 2 1 11 1932 2140 1412
1517 2 2 1 11 1808 2163 2162
1518 2 2 1 11 2089 2090 1864
1519 2 2 1 11 2272 2273 1919
1520 2 2 1 11 1945 2156 2155
1521 2 2 1 11 2261 2263 1967
1522 2 2 1 11 2118 2187 2031
1523 2 2 1 11 2159 2161 2160
1524 2 2 1 11 1794 2542 2149
1525 2 2 1 11 2025 2117 2116
1526 2 2 1 11 2251 2254 2253
1527 2 2 1 11 1396 2396 1397
1528 2 2 1 11 1399 2310 1400
1529 2 2 1 11 1408 2397 1409
1530 2 2 1 11 934 2155 933
1531 2 2 1 11 939 2162 938
1532 2 2 1 11 1036 2088 1035
1533 2 2 1 11 1741 2100 1994
1534 2 2 1 11 2004 2005 1980
1535 2 2 1 11 931 2494 1940
1536 2 2 1 11 993 2547 2266
1537 2 2 1 11 1025 2181 1966
1538 2 2 1 11 1035 2088 1864
1539 2 2 1 11 1370 2010 1764
1540 2 2 1 11 2268 2272 1919
1541 2 2 1 11 2310 2392 2311
1542 2 2 1 11 2242 2244 2243
1543 2 2 1 11 1921 2326 1159
1544 2 2 1 11 2345 2346 1758
1545 2 2 1 11 2329 2578 1795
1546 2 2 1 11 2239 2521 1910
1547 2 2 1 11 2213 2500 2215
1548 2 2 1 11 2409 2410 2407
1549 2 2 1 11 1350 1733 1351
1550 2 2 1 11 2054 2505 1764
1551 2 2 1 11 2550 2596 2257
1552 2 2 1 11 2392 2393 2311
1553 2 2 1 11 1200 2064 1201
1554 2 2 1 11 1211 2100 1212
1555 2 2 1 11 1353 2618 1354
1556 2 2 1 11 2046 2047 2045
1557 2 2 1 11 1311 2552 1312
1558 2 2 1 11 2190 2525 1367
1559 2 2 1 11 2489 2490 1729
1560 2 2 1 11 2385 2386 1766
1561 2 2 1 11 2116 2118 1773
1562 2 2 1 11 1867 2318 2317
1563 2 2 1 11 2506 2507 1957
1564 2 2 1 11 1964 2093 2088
1565 2 2 1 11 2157 2571 2527
1566 2 2 1 11 2167 2527 2170
1567 2 2 1 11 2324 2327 2326
1568 2 2 1 11 1736 2060 2059
1569 2 2 1 11 1768 2550 2257
1570 2 2 1 11 2115 2116 1773
1571 2 2 1 11 2088 2089 1864
1572 2 2 1 11 2137 2138 1891
1573 2 2 1 11 2140 2144 1933
1574 2 2 1 11 2012 2015 2014
1575 2 2 1 11 2328 2462 2330
1576 2 2 1 11 1985 2553 982
1577 2 2 1 11 1867 2317 1157
1578 2 2 1 11 2323 2325 2324
1579 2 2 1 11 1413 2140 1933
1580 2 2 1 11 1905 2052 2048
1581 2 2 1 11 2017 2022 2016
1582 2 2 1 11 2120 2121 2119
1583 2 2 1 11 2201 2203 2202
1584 2 2 1 11 1017 2434 1016
1585 2 2 1 11 1028 2171 1027
1586 2 2 1 11 1084 2498 1083
1587 2 2 1 11 1089 2415 1088
1588 2 2 1 11 1094 2517 1093
1589 2 2 1 11 1096 2479 1095
1590 2 2 1 11 1848 2479 1096
1591 2 2 1 11 1256 2487 1257
1592 2 2 1 11 1913 2064 1200
1593 2 2 1 11 1302 2604 1303
1594 2 2 1 11 1190 2275 1191
1595 2 2 1 11 1956 2506 1387
1596 2 2 1 11 2319 2538 2322
1597 2 2 1 11 1841 2543 1120
1598 2 2 1 11 959 2431 958
1599 2 2 1 11 970 2255 969
1600 2 2 1 11 1113 2463 1112
1601 2 2 1 11 1115 2191 1114
1602 2 2 1 11 1120 2543 1119
1603 2 2 1 11 1125 2124 1124
1604 2 2 1 11 1284 2607 1285
1605 2 2 1 11 1744 2496 2495
1606 2 2 1 11 2124 2125 1842
1607 2 2 1 11 2037 2038 2036
1608 2 2 1 11 2362 2365 2364
1609 2 2 1 11 2468 2469 1868
1610 2 2 1 11 2403 2404 1927
1611 2 2 1 11 2135 2136 2134
1612 2 2 1 11 2417 2418 2416
1613 2 2 1 11 1850 2389 1395
1614 2 2 1 11 1763 2011 2010
1615 2 2 1 11 2251 2253 1961
1616 2 2 1 11 2083 2139 2082
1617 2 2 1 11 2307 2309 2234
1618 2 2 1 11 2077 2080 2078
1619 2 2 1 11 2089 2091 2090
1620 2 2 1 11 1835 2534 871
1621 2 2 1 11 1726 2385 1376
1622 2 2 1 11 1894 2621 2399
1623 2 2 1 11 1925 2598 2270
1624 2 2 1 11 2066 2069 2065
1625 2 2 1 11 1919 2356 1001
1626 2 2 1 11 1973 2304 1010
1627 2 2 1 11 2487 2489 1257
1628 2 2 1 11 2129 2131 2130
1629 2 2 1 11 1367 2525 1368
1630 2 2 1 11 909 1759 908
1631 2 2 1 11 911 1916 910
1632 2 2 1 11 914 1760 913
1633 2 2 1 11 916 1761 915
1634 2 2 1 11 919 1875 918
1635 2 2 1 11 921 1762 920
1636 2 2 1 11 924 1917 923
1637 2 2 1 11 926 1918 925
1638 2 2 1 11 931 1940 930
1639 2 2 1 11 944 1961 943
1640 2 2 1 11 1025 1966 1024
1641 2 2 1 11 1031 2497 1030
1642 2 2 1 11 1033 2184 1032
1643 2 2 1 11 1035 1864 1034
1644 2 2 1 11 1043 1970 1042
1645 2 2 1 11 1045 1774 1044
1646 2 2 1 11 1048 1775 1047
1647 2 2 1 11 1050 1920 1049
1648 2 2 1 11 1053 1776 1052
1649 2 2 1 11 1058 1777 1057
1650 2 2 1 11 1060 1757 1059
1651 2 2 1 11 1261 1772 1262
1652 2 2 1 11 1363 1804 1364
1653 2 2 1 11 1368 1763 1369
1654 2 2 1 11 1370 1764 1371
1655 2 2 1 11 1372 1765 1373
1656 2 2 1 11 1377 1766 1378
1657 2 2 1 11 1379 1805 1380
1658 2 2 1 11 1381 1806 1382
1659 2 2 1 11 1395 2389 1396
1660 2 2 1 11 2016 2022 1922
1661 2 2 1 11 1796 2440 1347
1662 2 2 1 11 2318 2323 2317
1663 2 2 1 11 2366 2368 2367
1664 2 2 1 11 1855 1988 1982
1665 2 2 1 11 2102 2103 2101
1666 2 2 1 11 2142 2143 2141
1667 2 2 1 11 2394 2395 2393
1668 2 2 1 11 872 2360 1835
1669 2 2 1 11 907 2056 1857
1670 2 2 1 11 919 2381 1875
1671 2 2 1 11 933 2155 1944
1672 2 2 1 11 938 2162 1807
1673 2 2 1 11 945 2549 2250
1674 2 2 1 11 958 2431 2430
1675 2 2 1 11 969 2255 1749
1676 2 2 1 11 1000 2356 1886
1677 2 2 1 11 1002 2268 1919
1678 2 2 1 11 1027 2171 1812
1679 2 2 1 11 1146 2040 1779
1680 2 2 1 11 1170 2147 1758
1681 2 2 1 11 1174 2602 2375
1682 2 2 1 11 1204 2333 1739
1683 2 2 1 11 1206 1730 1207
1684 2 2 1 11 1212 2100 1741
1685 2 2 1 11 1219 2285 1968
1686 2 2 1 11 1270 2028 1931
1687 2 2 1 11 1348 1734 1349
1688 2 2 1 11 1397 2396 1960
1689 2 2 1 11 1400 2310 1818
1690 2 2 1 11 1404 2302 1873
1691 2 2 1 11 1409 2397 1927
1692 2 2 1 11 1067 2565 1066
1693 2 2 1 11 1989 2004 1980
1694 2 2 1 11 2257 2596 2259
1695 2 2 1 11 1747 2483 842
1696 2 2 1 11 1760 2556 913
1697 2 2 1 11 1961 2555 943
1698 2 2 1 11 1852 2171 1028
1699 2 2 1 11 2497 2572 1030
1700 2 2 1 11 1842 2510 1123
1701 2 2 1 11 1772 2557 1262
1702 2 2 1 11 1930 2023 1265
1703 2 2 1 11 1898 2562 1294
1704 2 2 1 11 1736 2059 1358
1705 2 2 1 11 1793 2581 2561
1706 2 2 1 11 1867 2538 2319
1707 2 2 1 11 2372 2374 2370
1708 2 2 1 11 1208 1731 1209
1709 2 2 1 11 972 2550 971
1710 2 2 1 11 986 2568 985
1711 2 2 1 11 1003 2268 1002
1712 2 2 1 11 1010 2304 1009
1713 2 2 1 11 1731 2153 2152
1714 2 2 1 11 1736 2062 2060
1715 2 2 1 11 1751 2110 2109
1716 2 2 1 11 1754 2315 2314
1717 2 2 1 11 2346 2532 1758
1718 2 2 1 11 1763 2012 2011
1719 2 2 1 11 1770 2340 2339
1720 2 2 1 11 1780 2209 2208
1721 2 2 1 11 1843 2277 2276
1722 2 2 1 11 2090 2575 1864
1723 2 2 1 11 1885 2335 2334
1724 2 2 1 11 1913 2066 2065
1725 2 2 1 11 2030 2540 1931
1726 2 2 1 11 1941 2437 2435
1727 2 2 1 11 1975 2344 2342
1728 2 2 1 11 1984 1999 1983
1729 2 2 1 11 1993 1997 1992
1730 2 2 1 11 2100 2101 1994
1731 2 2 1 11 2028 2031 2029
1732 2 2 1 11 2067 2248 2064
1733 2 2 1 11 2089 2092 2091
1734 2 2 1 11 2095 2098 2096
1735 2 2 1 11 2217 2551 2214
1736 2 2 1 11 2233 2307 2234
1737 2 2 1 11 2257 2259 2258
1738 2 2 1 11 2262 2265 2264
1739 2 2 1 11 2533 2578 2315
1740 2 2 1 11 2327 2348 2326
1741 2 2 1 11 2362 2364 2363
1742 2 2 1 11 2379 2380 2376
1743 2 2 1 11 2390 2396 2389
1744 2 2 1 11 2446 2448 2447
1745 2 2 1 11 1203 2333 1204
1746 2 2 1 11 1263 2584 1264
1747 2 2 1 11 2228 2229 1909
1748 2 2 1 11 831 2045 1888
1749 2 2 1 11 2071 2074 2073
1750 2 2 1 11 1747 2485 2483
1751 2 2 1 11 2077 2078 1761
1752 2 2 1 11 2498 2499 1845
1753 2 2 1 11 2028 2029 1931
1754 2 2 1 11 1975 2342 2299
1755 2 2 1 11 1992 2003 1976
1756 2 2 1 11 2012 2013 2011
1757 2 2 1 11 2168 2169 2167
1758 2 2 1 11 2172 2177 2171
1759 2 2 1 11 2342 2343 2300
1760 2 2 1 11 2407 2408 2406
1761 2 2 1 11 2416 2419 2415
1762 2 2 1 11 2010 2053 1764
1763 2 2 1 11 2282 2283 1937
1764 2 2 1 11 1945 2571 2157
1765 2 2 1 11 2277 2280 2276
1766 2 2 1 11 1728 2487 1256
1767 2 2 1 11 1394 1850 1395
1768 2 2 1 11 1404 1873 1405
1769 2 2 1 11 1908 2224 2223
1770 2 2 1 11 1843 2275 1190
1771 2 2 1 11 2040 2041 1779
1772 2 2 1 11 2041 2043 1779
1773 2 2 1 11 1780 2208 2207
1774 2 2 1 11 1976 2009 1991
1775 2 2 1 11 2370 2373 2371
1776 2 2 1 11 852 2412 851
1777 2 2 1 11 2464 2467 1309
1778 2 2 1 11 907 1857 906
1779 2 2 1 11 917 2076 916
1780 2 2 1 11 927 2082 926
1781 2 2 1 11 932 2494 931
1782 2 2 1 11 942 1809 941
1783 2 2 1 11 1041 1737 1040
1784 2 2 1 11 1056 1738 1055
1785 2 2 1 11 1267 1773 1268
1786 2 2 1 11 1278 1891 1279
1787 2 2 1 11 1281 1892 1282
1788 2 2 1 11 1356 2453 1357
1789 2 2 1 11 1357 1736 1358
1790 2 2 1 11 1365 1872 1366
1791 2 2 1 11 2389 2396 1396
1792 2 2 1 11 2345 2347 2346
1793 2 2 1 11 1941 2435 2434
1794 2 2 1 11 2278 2282 2281
1795 2 2 1 11 1840 2191 1115
1796 2 2 1 11 2105 2106 1730
1797 2 2 1 11 2192 2197 2191
1798 2 2 1 11 2288 2291 2290
1799 2 2 1 11 2064 2248 1201
1800 2 2 1 11 1817 2414 2412
1801 2 2 1 11 2112 2114 2113
1802 2 2 1 11 2276 2279 2278
1803 2 2 1 11 1780 2212 2209
1804 2 2 1 11 2125 2126 1842
1805 2 2 1 11 2226 2227 2224
1806 2 2 1 11 2523 2524 2486
1807 2 2 1 11 1762 2381 920
1808 2 2 1 11 1863 2082 927
1809 2 2 1 11 1945 2155 934
1810 2 2 1 11 1808 2162 939
1811 2 2 1 11 1752 2035 989
1812 2 2 1 11 1925 2268 1003
1813 2 2 1 11 1966 2574 1024
1814 2 2 1 11 1964 2088 1036
1815 2 2 1 11 1920 2450 1049
1816 2 2 1 11 1763 2010 1369
1817 2 2 1 11 2197 2199 2198
1818 2 2 1 11 2377 2378 2376
1819 2 2 1 11 1915 2536 2221
1820 2 2 1 11 1817 2412 852
1821 2 2 1 11 871 2534 870
1822 2 2 1 11 873 2360 872
1823 2 2 1 11 1149 2204 1150
1824 2 2 1 11 1157 2317 1158
1825 2 2 1 11 1218 2285 1219
1826 2 2 1 11 1264 1930 1265
1827 2 2 1 11 1270 1931 1271
1828 2 2 1 11 2213 2214 1781
1829 2 2 1 11 2369 2370 1792
1830 2 2 1 11 2200 2201 1841
1831 2 2 1 11 2201 2202 1841
1832 2 2 1 11 2419 2420 1846
1833 2 2 1 11 1939 2388 2387
1834 2 2 1 11 2446 2447 1943
1835 2 2 1 11 2238 2411 2409
1836 2 2 1 11 2419 2421 2420
1837 2 2 1 11 1739 2104 1205
1838 2 2 1 11 1731 2151 1209
1839 2 2 1 11 2002 2006 1965
1840 2 2 1 11 2157 2158 2156
1841 2 2 1 11 2164 2165 2163
1842 2 2 1 11 2173 2176 2175
1843 2 2 1 11 2270 2271 2269
1844 2 2 1 11 2293 2296 2295
1845 2 2 1 11 2399 2400 2398
1846 2 2 1 11 2424 2427 2423
1847 2 2 1 11 2076 2077 1761
1848 2 2 1 11 2095 2096 1784
1849 2 2 1 11 2184 2185 1860
1850 2 2 1 11 1863 2083 2082
1851 2 2 1 11 2029 2030 1931
1852 2 2 1 11 2144 2145 1933
1853 2 2 1 11 2141 2144 2140
1854 2 2 1 11 2156 2159 2155
1855 2 2 1 11 2179 2180 2178
1856 2 2 1 11 2272 2274 2273
1857 2 2 1 11 2362 2579 2365
1858 2 2 1 11 2456 2459 2458
1859 2 2 1 11 59 1756 1142
1860 2 2 1 11 61 1833 1284
1861 2 2 1 11 872 1835 871
1862 2 2 1 11 874 1836 873
1863 2 2 1 11 877 1948 876
1864 2 2 1 11 882 1742 881
1865 2 2 1 11 884 1792 883
1866 2 2 1 11 887 1793 886
1867 2 2 1 11 892 1876 891
1868 2 2 1 11 894 1895 893
1869 2 2 1 11 1104 2423 1103
1870 2 2 1 11 1109 1838 1108
1871 2 2 1 11 1114 1839 1113
1872 2 2 1 11 1116 1840 1115
1873 2 2 1 11 1119 1816 1118
1874 2 2 1 11 1121 1841 1120
1875 2 2 1 11 1124 1842 1123
1876 2 2 1 11 1126 2119 1125
1877 2 2 1 11 1129 1896 1128
1878 2 2 1 11 1131 1897 1130
1879 2 2 1 11 1134 2566 1133
1880 2 2 1 11 1136 2048 1135
1881 2 2 1 11 1143 1878 1144
1882 2 2 1 11 1145 2040 1146
1883 2 2 1 11 1151 1780 1152
1884 2 2 1 11 1210 1743 1211
1885 2 2 1 11 1285 1907 1286
1886 2 2 1 11 1293 1898 1294
1887 2 2 1 11 1352 1831 1353
1888 2 2 1 11 2337 2460 1739
1889 2 2 1 11 1932 2570 2142
1890 2 2 1 11 2367 2535 2534
1891 2 2 1 11 2434 2439 1016
1892 2 2 1 11 2049 2050 1904
1893 2 2 1 11 2122 2123 2120
1894 2 2 1 11 2276 2278 2275
1895 2 2 1 11 1390 1755 1391
1896 2 2 1 11 1418 1732 1419
1897 2 2 1 11 1026 2181 1025
1898 2 2 1 11 1262 2557 1263
1899 2 2 1 11 1939 2387 1339
1900 2 2 1 11 1412 2140 1413
1901 2 2 1 11 2238 2409 2249
1902 2 2 1 11 2361 2366 2360
1903 2 2 1 11 2474 2476 2472
1904 2 2 1 11 2326 2348 1160
1905 2 2 1 11 1741 1854 60
1906 2 2 1 11 1815 1855 62
1907 2 2 1 11 1793 2561 886
1908 2 2 1 11 1839 2463 1113
1909 2 2 1 11 1780 2207 1152
1910 2 2 1 11 1908 2223 1296
1911 2 2 1 11 842 2483 841
1912 2 2 1 11 1069 2016 1068
1913 2 2 1 11 1076 2486 1075
1914 2 2 1 11 1148 1884 1149
1915 2 2 1 11 1290 1915 1291
1916 2 2 1 11 1769 2502 2501
1917 2 2 1 11 1885 2334 2333
1918 2 2 1 11 1932 2141 2140
1919 2 2 1 11 2233 2234 1977
1920 2 2 1 11 2110 2111 2109
1921 2 2 1 11 916 2076 1761
1922 2 2 1 11 917 2554 2076
1923 2 2 1 11 926 2082 1918
1924 2 2 1 11 944 2250 1961
1925 2 2 1 11 957 2430 1819
1926 2 2 1 11 973 2261 1967
1927 2 2 1 11 977 2108 1802
1928 2 2 1 11 985 2568 1986
1929 2 2 1 11 995 2095 1784
1930 2 2 1 11 996 2545 2095
1931 2 2 1 11 1009 2304 1789
1932 2 2 1 11 1032 2184 1860
1933 2 2 1 11 1048 2450 1775
1934 2 2 1 11 1223 2501 1785
1935 2 2 1 11 1357 2453 1736
1936 2 2 1 11 1360 2189 1883
1937 2 2 1 11 1394 2299 1850
1938 2 2 1 11 2356 2357 1886
1939 2 2 1 11 2095 2545 2098
1940 2 2 1 11 2250 2549 2252
1941 2 2 1 11 2340 2341 2339
1942 2 2 1 11 2375 2376 1783
1943 2 2 1 11 1878 2482 1144
1944 2 2 1 11 1879 2539 1154
1945 2 2 1 11 2425 2426 2424
1946 2 2 1 11 1978 2249 1326
1947 2 2 1 11 1741 1965 1854
1948 2 2 1 11 1754 2314 2313
1949 2 2 1 11 2370 2371 1792
1950 2 2 1 11 2241 2242 1796
1951 2 2 1 11 2242 2243 1796
1952 2 2 1 11 1853 1993 1992
1953 2 2 1 11 1854 1984 1983
1954 2 2 1 11 2472 2473 1869
1955 2 2 1 11 2249 2409 1880
1956 2 2 1 11 1915 2219 2218
1957 2 2 1 11 1938 2240 2239
1958 2 2 1 11 2236 2237 1978
1959 2 2 1 11 2065 2068 2067
1960 2 2 1 11 2231 2232 2229
1961 2 2 1 11 2375 2602 2377
1962 2 2 1 11 946 2549 945
1963 2 2 1 11 1837 2523 1077
1964 2 2 1 11 1846 2528 1087
1965 2 2 1 11 1826 2517 1094
1966 2 2 1 11 1794 2147 1169
1967 2 2 1 11 1222 2501 1223
1968 2 2 1 11 1813 2236 1324
1969 2 2 1 11 1752 2037 2036
1970 2 2 1 11 2456 2458 1771
1971 2 2 1 11 1777 2135 2134
1972 2 2 1 11 2306 2548 1789
1973 2 2 1 11 1818 2308 2307
1974 2 2 1 11 2360 2366 1835
1975 2 2 1 11 2301 2389 1850
1976 2 2 1 11 1863 2084 2083
1977 2 2 1 11 2273 2356 1919
1978 2 2 1 11 1945 2157 2156
1979 2 2 1 11 2183 2574 1966
1980 2 2 1 11 2235 2302 1977
1981 2 2 1 11 2012 2014 2013
1982 2 2 1 11 2033 2034 2030
1983 2 2 1 11 2076 2079 2077
1984 2 2 1 11 2495 2496 2110
1985 2 2 1 11 2133 2624 2617
1986 2 2 1 11 2173 2175 2174
1987 2 2 1 11 2180 2182 2178
1988 2 2 1 11 2292 2294 2293
1989 2 2 1 11 2299 2342 2300
1990 2 2 1 11 2310 2311 2308
1991 2 2 1 11 2427 2429 2428
1992 2 2 1 11 831 1888 830
1993 2 2 1 11 836 1928 835
1994 2 2 1 11 841 1929 840
1995 2 2 1 11 1068 1922 1067
1996 2 2 1 11 1073 1958 1072
1997 2 2 1 11 1078 1837 1077
1998 2 2 1 11 1182 1959 1183
1999 2 2 1 11 1193 2303 1194
2000 2 2 1 11 1202 1885 1203
2001 2 2 1 11 1324 2236 1325
2002 2 2 1 11 1335 2239 1336
2003 2 2 1 11 1342 1923 1343
2004 2 2 1 11 1344 1924 1345
2005 2 2 1 11 1345 2241 1346
2006 2 2 1 11 2084 2610 2087
2007 2 2 1 11 1161 1865 1162
2008 2 2 1 11 1166 1781 1167
2009 2 2 1 11 1169 2147 1170
2010 2 2 1 11 1172 1803 1173
2011 2 2 1 11 1175 1783 1176
2012 2 2 1 11 1177 2328 1178
2013 2 2 1 11 1303 1899 1304
2014 2 2 1 11 1314 2471 1315
2015 2 2 1 11 1317 2477 1318
2016 2 2 1 11 2427 2428 1828
2017 2 2 1 11 2281 2282 1937
2018 2 2 1 11 2026 2027 2024
2019 2 2 1 11 2294 2384 2293
2020 2 2 1 11 2437 2438 2435
2021 2 2 1 11 2472 2475 2473
2022 2 2 1 11 1731 2531 2153
2023 2 2 1 11 2304 2305 1789
2024 2 2 1 11 2328 2329 1795
2025 2 2 1 11 2293 2295 1811
2026 2 2 1 11 2177 2178 1812
2027 2 2 1 11 1818 2307 2233
2028 2 2 1 11 2003 2009 1976
2029 2 2 1 11 2311 2312 2308
2030 2 2 1 11 2398 2403 2397
2031 2 2 1 11 1204 1739 1205
2032 2 2 1 11 1346 1796 1347
2033 2 2 1 11 2062 2063 2060
2034 2 2 1 11 2071 2073 2070
2035 2 2 1 11 2362 2363 2361
2036 2 2 1 11 1834 2549 946
2037 2 2 1 11 1725 2070 1276
2038 2 2 1 11 1398 2392 1399
2039 2 2 1 11 1401 2233 1402
2040 2 2 1 11 1977 2302 1403
2041 2 2 1 11 1743 2100 1211
2042 2 2 1 11 1938 2239 1335
2043 2 2 1 11 1924 2241 1345
2044 2 2 1 11 1794 2148 2147
2045 2 2 1 11 2366 2367 1835
2046 2 2 1 11 865 1859 864
2047 2 2 1 11 1792 2546 883
2048 2 2 1 11 1814 2498 1084
2049 2 2 1 11 1951 2464 1308
2050 2 2 1 11 1399 2392 2310
2051 2 2 1 11 1411 2570 1932
2052 2 2 1 11 2049 2051 2050
2053 2 2 1 11 2065 2067 2064
2054 2 2 1 11 2224 2225 2223
2055 2 2 1 11 849 2515 848
2056 2 2 1 11 862 1871 861
2057 2 2 1 11 937 2170 936
2058 2 2 1 11 997 2545 996
2059 2 2 1 11 1086 2516 1085
2060 2 2 1 11 1101 2518 1100
2061 2 2 1 11 1158 1921 1159
2062 2 2 1 11 1268 2186 1269
2063 2 2 1 11 1272 2188 1273
2064 2 2 1 11 1300 1955 1301
2065 2 2 1 11 1364 2503 1365
2066 2 2 1 11 1371 2505 1372
2067 2 2 1 11 1387 2506 1388
2068 2 2 1 11 1813 2245 2236
2069 2 2 1 11 1885 2333 1203
2070 2 2 1 11 1323 1813 1324
2071 2 2 1 11 1731 2152 2151
2072 2 2 1 11 2193 2194 2192
2073 2 2 1 11 2492 2493 2491
2074 2 2 1 11 1799 2423 1104
2075 2 2 1 11 1753 2286 2285
2076 2 2 1 11 1790 2513 2289
2077 2 2 1 11 2292 2293 1811
2078 2 2 1 11 1894 2398 2397
2079 2 2 1 11 2262 2263 2261
2080 2 2 1 11 2301 2390 2389
2081 2 2 1 11 1848 2481 2479
2082 2 2 1 11 2406 2408 1954
2083 2 2 1 11 2148 2345 2147
2084 2 2 1 11 1184 1962 1185
2085 2 2 1 11 1189 1843 1190
2086 2 2 1 11 1192 1937 1193
2087 2 2 1 11 1197 1912 1198
2088 2 2 1 11 1199 1913 1200
2089 2 2 1 11 1325 1978 1326
2090 2 2 1 11 1326 2249 1327
2091 2 2 1 11 1327 1880 1328
2092 2 2 1 11 1331 1963 1332
2093 2 2 1 11 1334 1938 1335
2094 2 2 1 11 1338 1939 1339
2095 2 2 1 11 1339 2387 1340
2096 2 2 1 11 1340 1979 1341
2097 2 2 1 11 846 1797 845
2098 2 2 1 11 851 1798 850
2099 2 2 1 11 856 1942 855
2100 2 2 1 11 860 1943 859
2101 2 2 1 11 861 2446 860
2102 2 2 1 11 1871 2446 861
2103 2 2 1 11 1864 2575 1034
2104 2 2 1 11 1083 1845 1082
2105 2 2 1 11 1088 1846 1087
2106 2 2 1 11 1092 1847 1091
2107 2 2 1 11 1097 1848 1096
2108 2 2 1 11 1836 2360 873
2109 2 2 1 11 1951 2465 2464
2110 2 2 1 11 1376 2385 1377
2111 2 2 1 11 1425 1900 59
2112 2 2 1 11 1212 1741 60
2113 2 2 1 11 1354 1815 62
2114 2 2 1 11 828 1721 827
2115 2 2 1 11 833 1745 832
2116 2 2 1 11 838 1746 837
2117 2 2 1 11 843 1747 842
2118 2 2 1 11 848 1740 847
2119 2 2 1 11 853 1817 852
2120 2 2 1 11 858 1934 857
2121 2 2 1 11 868 1949 867
2122 2 2 1 11 870 1858 869
2123 2 2 1 11 880 1800 879
2124 2 2 1 11 883 2546 882
2125 2 2 1 11 885 2369 884
2126 2 2 1 11 886 2561 885
2127 2 2 1 11 890 1748 889
2128 2 2 1 11 896 1901 895
2129 2 2 1 11 898 1866 897
2130 2 2 1 11 900 1902 899
2131 2 2 1 11 903 1722 902
2132 2 2 1 11 945 2250 944
2133 2 2 1 11 947 1834 946
2134 2 2 1 11 949 1971 948
2135 2 2 1 11 955 1972 954
2136 2 2 1 11 957 1819 956
2137 2 2 1 11 960 1832 959
2138 2 2 1 11 965 1801 964
2139 2 2 1 11 967 1782 966
2140 2 2 1 11 969 1749 968
2141 2 2 1 11 974 2261 973
2142 2 2 1 11 975 1750 974
2143 2 2 1 11 977 1802 976
2144 2 2 1 11 979 1751 978
2145 2 2 1 11 988 2508 987
2146 2 2 1 11 996 2095 995
2147 2 2 1 11 998 1877 997
2148 2 2 1 11 1004 1925 1003
2149 2 2 1 11 1006 1926 1005
2150 2 2 1 11 1009 1789 1008
2151 2 2 1 11 1011 1973 1010
2152 2 2 1 11 1013 1791 1012
2153 2 2 1 11 1018 1941 1017
2154 2 2 1 11 1023 1862 1022
2155 2 2 1 11 1065 1723 1064
2156 2 2 1 11 1070 1822 1069
2157 2 2 1 11 1075 1823 1074
2158 2 2 1 11 1080 1824 1079
2159 2 2 1 11 1085 1814 1084
2160 2 2 1 11 1090 1825 1089
2161 2 2 1 11 1095 1826 1094
2162 2 2 1 11 1100 1827 1099
2163 2 2 1 11 1103 1828 1102
2164 2 2 1 11 1105 1799 1104
2165 2 2 1 11 1107 1974 1106
2166 2 2 1 11 1112 1829 1111
2167 2 2 1 11 1122 2200 1121
2168 2 2 1 11 1123 2510 1122
2169 2 2 1 11 1127 1830 1126
2170 2 2 1 11 1133 1903 1132
2171 2 2 1 11 1135 1904 1134
2172 2 2 1 11 1137 1905 1136
2173 2 2 1 11 1140 1724 1139
2174 2 2 1 11 1144 2482 1145
2175 2 2 1 11 1146 1779 1147
2176 2 2 1 11 1153 1879 1154
2177 2 2 1 11 1154 2539 1155
2178 2 2 1 11 1156 1867 1157
2179 2 2 1 11 1163 1935 1164
2180 2 2 1 11 1165 2213 1166
2181 2 2 1 11 1168 1794 1169
2182 2 2 1 11 1170 1758 1171
2183 2 2 1 11 1178 1795 1179
2184 2 2 1 11 1187 1778 1188
2185 2 2 1 11 1194 1906 1195
2186 2 2 1 11 1213 1874 1214
2187 2 2 1 11 1215 1890 1216
2188 2 2 1 11 1219 1968 1220
2189 2 2 1 11 1223 1785 1224
2190 2 2 1 11 1225 1786 1226
2191 2 2 1 11 1227 1787 1228
2192 2 2 1 11 1229 1788 1230
2193 2 2 1 11 1233 1969 1234
2194 2 2 1 11 1238 1936 1239
2195 2 2 1 11 1241 1820 1242
2196 2 2 1 11 1243 1821 1244
2197 2 2 1 11 1288 1844 1289
2198 2 2 1 11 1294 2562 1295
2199 2 2 1 11 1295 1908 1296
2200 2 2 1 11 1298 1909 1299
2201 2 2 1 11 1305 1950 1306
2202 2 2 1 11 1307 1951 1308
2203 2 2 1 11 1310 1868 1311
2204 2 2 1 11 1312 1952 1313
2205 2 2 1 11 1313 2563 1314
2206 2 2 1 11 1315 1869 1316
2207 2 2 1 11 1316 2564 1317
2208 2 2 1 11 1318 1870 1319
2209 2 2 1 11 1320 1953 1321
2210 2 2 1 11 1329 1954 1330
2211 2 2 1 11 1336 1910 1337
2212 2 2 1 11 1393 2299 1394
2213 2 2 1 11 1397 1960 1398
2214 2 2 1 11 1400 1818 1401
2215 2 2 1 11 1403 2302 1404
2216 2 2 1 11 1409 1927 1410
2217 2 2 1 11 1415 1887 1416
2218 2 2 1 11 1421 1911 1422
2219 2 2 1 11 1180 1754 1181
2220 2 2 1 11 1894 2397 1408
2221 2 2 1 11 1869 2564 1316
2222 2 2 1 11 1768 2256 2255
2223 2 2 1 11 1818 2310 2308
2224 2 2 1 11 1832 2432 2431
2225 2 2 1 11 1836 2361 2360
2226 2 2 1 11 1930 2024 2023
2227 2 2 1 11 2018 2019 2017
2228 2 2 1 11 2053 2055 2054
2229 2 2 1 11 2084 2085 2083
2230 2 2 1 11 2144 2146 2145
2231 2 2 1 11 2153 2154 2152
2232 2 2 1 11 2173 2174 2172
2233 2 2 1 11 2257 2258 2256
2234 2 2 1 11 2262 2264 2263
2235 2 2 1 11 2403 2405 2404
2236 2 2 1 11 1754 2313 1181
2237 2 2 1 11 2450 2451 1775
2238 2 2 1 11 1790 2288 2287
2239 2 2 1 11 1804 2504 2503
2240 2 2 1 11 2381 2382 1875
2241 2 2 1 11 2159 2160 1944
2242 2 2 1 11 2568 2569 1986
2243 2 2 1 11 2029 2032 2030
2244 2 2 1 11 2256 2260 2255
2245 2 2 1 11 2269 2272 2268
2246 2 2 1 11 2432 2433 2431
2247 2 2 1 11 2518 2519 1827
2248 2 2 1 11 2471 2472 1869
2249 2 2 1 11 2477 2478 1870
2250 2 2 1 11 2237 2238 1978
2251 2 2 1 11 1913 2597 2066
2252 2 2 1 11 1930 2584 2026
2253 2 2 1 11 1825 2415 1089
2254 2 2 1 11 1830 2119 1126
2255 2 2 1 11 1779 2544 1147
2256 2 2 1 11 1180 2533 1754
2257 2 2 1 11 1769 2501 1222
2258 2 2 1 11 1770 2338 1232
2259 2 2 1 11 1969 2513 1234
2260 2 2 1 11 1952 2563 1313
2261 2 2 1 11 1323 2608 1813
2262 2 2 1 11 1960 2392 1398
2263 2 2 1 11 1843 2276 2275
2264 2 2 1 11 1049 2450 1048
2265 2 2 1 11 1266 2115 1267
2266 2 2 1 11 1161 2348 1865
2267 2 2 1 11 1257 2489 1258
2268 2 2 1 11 1407 1894 1408
2269 2 2 1 11 1411 1932 1412
2270 2 2 1 11 1413 1933 1414
2271 2 2 1 11 2262 2573 2265
2272 2 2 1 11 2301 2391 2390
2273 2 2 1 11 2297 2449 1248
2274 2 2 1 11 1853 1976 1756
2275 2 2 1 11 1976 1991 1756
2276 2 2 1 11 2214 2551 1781
2277 2 2 1 11 2096 2097 1784
2278 2 2 1 11 2412 2413 1798
2279 2 2 1 11 2108 2112 1802
2280 2 2 1 11 2299 2300 1850
2281 2 2 1 11 2300 2301 1850
2282 2 2 1 11 2250 2251 1961
2283 2 2 1 11 2234 2235 1977
2284 2 2 1 11 2098 2099 2096
2285 2 2 1 11 2240 2521 2239
2286 2 2 1 11 2335 2336 2334
2287 2 2 1 11 2579 2592 2365
2288 2 2 1 11 2435 2436 2434
2289 2 2 1 11 59 1853 1756
2290 2 2 1 11 1854 1983 60
2291 2 2 1 11 61 1856 1833
2292 2 2 1 11 1855 1982 62
2293 2 2 1 11 848 2515 1740
2294 2 2 1 11 870 2534 1858
2295 2 2 1 11 882 2546 1742
2296 2 2 1 11 884 2369 1792
2297 2 2 1 11 885 2561 2369
2298 2 2 1 11 914 2577 1760
2299 2 2 1 11 942 2555 1809
2300 2 2 1 11 1013 2458 1791
2301 2 2 1 11 1015 2439 1771
2302 2 2 1 11 1056 2128 1738
2303 2 2 1 11 1075 2486 1823
2304 2 2 1 11 1085 2516 1814
2305 2 2 1 11 1090 2595 1825
2306 2 2 1 11 1095 2479 1826
2307 2 2 1 11 1100 2518 1827
2308 2 2 1 11 1103 2423 1828
2309 2 2 1 11 1105 2587 1799
2310 2 2 1 11 1119 2543 1816
2311 2 2 1 11 1121 2200 1841
2312 2 2 1 11 1122 2510 2200
2313 2 2 1 11 1127 2593 1830
2314 2 2 1 11 1135 2048 1904
2315 2 2 1 11 1143 2559 1878
2316 2 2 1 11 1153 2207 1879
2317 2 2 1 11 1158 2317 1921
2318 2 2 1 11 1163 2422 1935
2319 2 2 1 11 1165 2500 2213
2320 2 2 1 11 1166 2213 1781
2321 2 2 1 11 1172 2532 1803
2322 2 2 1 11 1175 2375 1783
2323 2 2 1 11 1177 2462 2328
2324 2 2 1 11 1178 2328 1795
2325 2 2 1 11 1182 2313 1959
2326 2 2 1 11 1202 2248 1885
2327 2 2 1 11 1233 2338 1969
2328 2 2 1 11 1241 2514 1820
2329 2 2 1 11 1245 2586 2292
2330 2 2 1 11 1246 2292 1811
2331 2 2 1 11 1269 2186 2028
2332 2 2 1 11 1273 2188 1882
2333 2 2 1 11 1295 2562 1908
2334 2 2 1 11 1300 2594 1955
2335 2 2 1 11 1312 2552 1952
2336 2 2 1 11 1314 2563 2471
2337 2 2 1 11 1315 2471 1869
2338 2 2 1 11 1317 2564 2477
2339 2 2 1 11 1318 2477 1870
2340 2 2 1 11 1329 2406 1954
2341 2 2 1 11 1336 2239 1910
2342 2 2 1 11 1346 2241 1796
2343 2 2 1 11 1941 2580 2437
2344 2 2 1 11 2292 2586 2294
2345 2 2 1 11 1402 1977 1403
2346 2 2 1 11 1423 1914 1424
2347 2 2 1 11 1860 2497 1031
2348 2 2 1 11 2315 2316 2314
2349 2 2 1 11 2287 2583 1237
2350 2 2 1 11 1843 2588 2277
2351 2 2 1 11 1783 2462 1176
2352 2 2 1 11 2378 2379 2376
2353 2 2 1 11 951 1810 950
2354 2 2 1 11 953 1849 952
2355 2 2 1 11 958 2430 957
2356 2 2 1 11 963 1767 962
2357 2 2 1 11 971 1768 970
2358 2 2 1 11 973 1967 972
2359 2 2 1 11 981 1744 980
2360 2 2 1 11 983 1985 982
2361 2 2 1 11 985 1986 984
2362 2 2 1 11 987 1735 986
2363 2 2 1 11 990 1752 989
2364 2 2 1 11 992 1889 991
2365 2 2 1 11 995 1784 994
2366 2 2 1 11 1000 1886 999
2367 2 2 1 11 1002 1919 1001
2368 2 2 1 11 1014 2458 1013
2369 2 2 1 11 1015 1771 1014
2370 2 2 1 11 1016 2439 1015
2371 2 2 1 11 1020 1861 1019
2372 2 2 1 11 1217 1753 1218
2373 2 2 1 11 1221 1769 1222
2374 2 2 1 11 1231 1770 1232
2375 2 2 1 11 1235 1790 1236
2376 2 2 1 11 1246 1811 1247
2377 2 2 1 11 1392 1975 1393
2378 2 2 1 11 1725 2071 2070
2379 2 2 1 11 1741 1994 1965
2380 2 2 1 11 1991 2559 1756
2381 2 2 1 11 1768 2257 2256
2382 2 2 1 11 2118 2186 1773
2383 2 2 1 11 1790 2289 2288
2384 2 2 1 11 1794 2149 2148
2385 2 2 1 11 2243 2440 1796
2386 2 2 1 11 2295 2297 1811
2387 2 2 1 11 1822 2018 2017
2388 2 2 1 11 1825 2417 2416
2389 2 2 1 11 2428 2520 1828
2390 2 2 1 11 1830 2122 2120
2391 2 2 1 11 1990 2607 1833
2392 2 2 1 11 2367 2534 1835
2393 2 2 1 11 1836 2362 2361
2394 2 2 1 11 2198 2463 1839
2395 2 2 1 11 2202 2543 1841
2396 2 2 1 11 2126 2510 1842
2397 2 2 1 11 2420 2528 1846
2398 2 2 1 11 1852 2173 2172
2399 2 2 1 11 1853 1992 1976
2400 2 2 1 11 1867 2319 2318
2401 2 2 1 11 1884 2354 2205
2402 2 2 1 11 1894 2399 2398
2403 2 2 1 11 1908 2226 2224
2404 2 2 1 11 2230 2594 1909
2405 2 2 1 11 1925 2270 2269
2406 2 2 1 11 1930 2026 2024
2407 2 2 1 11 1932 2142 2141
2408 2 2 1 11 2283 2303 1937
2409 2 2 1 11 1988 2000 1982
2410 2 2 1 11 2018 2020 2019
2411 2 2 1 11 2040 2042 2041
2412 2 2 1 11 2132 2133 2130
2413 2 2 1 11 2599 2600 2135
2414 2 2 1 11 2193 2195 2194
2415 2 2 1 11 2209 2211 2210
2416 2 2 1 11 2213 2215 2214
2417 2 2 1 11 2216 2217 2214
2418 2 2 1 11 2220 2619 2218
2419 2 2 1 11 2536 2537 2221
2420 2 2 1 11 2225 2228 2223
2421 2 2 1 11 2250 2252 2251
2422 2 2 1 11 2278 2281 2275
2423 2 2 1 11 2293 2384 2296
2424 2 2 1 11 2319 2321 2320
2425 2 2 1 11 2328 2330 2329
2426 2 2 1 11 2332 2578 2329
2427 2 2 1 11 2369 2372 2370
2428 2 2 1 11 2375 2377 2376
2429 2 2 1 11 2399 2401 2400
2430 2 2 1 11 2436 2439 2434
2431 2 2 1 11 2466 2467 2464
2432 2 2 1 11 2471 2474 2472
2433 2 2 1 11 1271 2540 1272
2434 2 2 1 11 841 2483 1929
2435 2 2 1 11 851 2412 1798
2436 2 2 1 11 860 2446 1943
2437 2 2 1 11 1076 2523 2486
2438 2 2 1 11 1083 2498 1845
2439 2 2 1 11 1086 2528 2516
2440 2 2 1 11 1088 2415 1846
2441 2 2 1 11 1101 2520 2518
2442 2 2 1 11 1762 2383 2381
2443 2 2 1 11 1925 2269 2268
2444 2 2 1 11 2079 2081 2077
2445 2 2 1 11 1258 2489 1729
2446 2 2 1 11 1734 2442 2441
2447 2 2 1 11 2053 2054 1764
2448 2 2 1 11 2501 2582 1785
2449 2 2 1 11 2162 2166 1807
2450 2 2 1 11 2048 2049 1904
2451 2 2 1 11 1832 2431 959
2452 2 2 1 11 1768 2255 970
2453 2 2 1 11 1771 2458 1014
2454 2 2 1 11 1941 2434 1017
2455 2 2 1 11 1753 2285 1218
2456 2 2 1 11 1975 2299 1393
2457 2 2 1 11 1818 2233 1401
2458 2 2 1 11 1836 2579 2362
2459 2 2 1 11 1249 1727 1250
2460 2 2 1 11 1255 1728 1256
2461 2 2 1 11 1258 1729 1259
2462 2 2 1 11 1275 1725 1276
2463 2 2 1 11 1375 1726 1376
2464 2 2 1 11 1795 2578 2533
2465 2 2 1 11 2084 2087 2086
2466 2 2 1 11 1189 2588 1843
2467 2 2 1 11 1277 2137 1278
2468 2 2 1 11 1325 2236 1978
2469 2 2 1 11 1327 2249 1880
2470 2 2 1 11 1340 2387 1979
2471 2 2 1 11 1369 2010 1370
2472 2 2 1 11 1402 2233 1977
2473 2 2 1 11 2209 2210 2208
2474 2 2 1 11 1358 2059 1359
2475 2 2 1 11 1181 2313 1182
2476 2 2 1 11 2455 2457 2456
2477 2 2 1 11 1770 2339 2338
2478 2 2 1 11 2458 2459 1791
2479 2 2 1 11 2036 2039 2035
2480 2 2 1 11 2109 2112 2108
2481 2 2 1 11 2229 2232 2230
2482 2 2 1 11 2295 2298 2297
2483 2 2 1 11 2534 2535 1858
2484 2 2 1 11 1944 2494 932
2485 2 2 1 11 1809 2589 941
2486 2 2 1 11 1851 2590 1038
2487 2 2 1 11 1778 2588 1188
2488 2 2 1 11 1198 2597 1199
2489 2 2 1 11 2170 2571 936
2490 2 2 1 11 1828 2520 1102
2491 2 2 1 11 1884 2205 2204
2492 2 2 1 11 2538 2539 2322
2493 2 2 1 11 1799 2587 2425
2494 2 2 1 11 2337 2461 2460
2495 2 2 1 11 1152 2207 1153
2496 2 2 1 11 1164 2500 1165
2497 2 2 1 11 1167 2542 1168
2498 2 2 1 11 1171 2532 1172
2499 2 2 1 11 1174 2375 1175
2500 2 2 1 11 1176 2462 1177
2501 2 2 1 11 1201 2248 1202
2502 2 2 1 11 1232 2338 1233
2503 2 2 1 11 1240 2514 1241
2504 2 2 1 11 1245 2292 1246
2505 2 2 1 11 2303 2530 1906
2506 2 2 1 11 2331 2332 2329
2507 2 2 1 11 1822 2016 1069
2508 2 2 1 11 1896 2593 1128
2509 2 2 1 11 1884 2204 1149
2510 2 2 1 11 1909 2594 1299
2511 2 2 1 11 1955 2492 2491
2512 2 2 1 11 2282 2284 2283
2513 2 2 1 11 1750 2262 2261
2514 2 2 1 11 1852 2172 2171
2515 2 2 1 11 1913 2065 2064
2516 2 2 1 11 1920 2452 2450
2517 2 2 1 11 2483 2484 1929
2518 2 2 1 11 2032 2033 2030
2519 2 2 1 11 2177 2179 2178
2520 2 2 1 11 2288 2290 2287
2521 2 2 1 11 2171 2177 1812
2522 2 2 1 11 2082 2139 1918
2523 2 2 1 11 1865 2422 1162
2524 2 2 1 11 1937 2303 1193
2525 2 2 1 11 2205 2206 2204
2526 2 2 1 11 2319 2320 2318
2527 2 2 1 11 1059 2599 1058
2528 2 2 1 11 1922 2565 1067
2529 2 2 1 11 1160 2348 1161
2530 2 2 1 11 2465 2466 2464
2531 2 2 1 11 1994 2002 1965
2532 2 2 1 11 981 2553 1744
2533 2 2 1 11 987 2508 1735
2534 2 2 1 11 990 2509 1752
2535 2 2 1 11 1023 2574 1862
2536 2 2 1 11 1060 2558 1757
2537 2 2 1 11 1217 2511 1753
2538 2 2 1 11 1235 2513 1790
2539 2 2 1 11 1238 2583 1936
2540 2 2 1 11 1365 2503 1872
2541 2 2 1 11 1372 2505 1765
2542 2 2 1 11 1377 2385 1766
2543 2 2 1 11 1388 2506 1957
2544 2 2 1 11 1392 2445 1975
2545 2 2 1 11 1179 2533 1180
2546 2 2 1 11 2104 2105 1730
2547 2 2 1 11 1759 2056 908
2548 2 2 1 11 1875 2554 918
2549 2 2 1 11 1750 2261 974
2550 2 2 1 11 1744 2495 980
2551 2 2 1 11 1735 2568 986
2552 2 2 1 11 1789 2548 1008
2553 2 2 1 11 1861 2580 1019
2554 2 2 1 11 1790 2287 1236
2555 2 2 1 11 1773 2186 1268
2556 2 2 1 11 1893 2453 1356
2557 2 2 1 11 1804 2503 1364
2558 2 2 1 11 1764 2505 1371
2559 2 2 1 11 2399 2621 2402
2560 2 2 1 11 1935 2500 1164
2561 2 2 1 11 1781 2542 1167
2562 2 2 1 11 1795 2533 1179
2563 2 2 1 11 2149 2150 2148
2564 2 2 1 11 2215 2216 2214
2565 2 2 1 11 2319 2322 2321
2566 2 2 1 11 1005 2598 1004
2567 2 2 1 11 1234 2513 1235
2568 2 2 1 11 1236 2287 1237
2569 2 2 1 11 1808 2164 2163
2570 2 2 1 11 1981 1990 1833
2571 2 2 1 11 2358 2603 1886
2572 2 2 1 11 2266 2267 1889
2573 2 2 1 11 2229 2230 1909
2574 2 2 1 11 2145 2526 1933
2575 2 2 1 11 1964 2094 2093
2576 2 2 1 11 2025 2115 2023
2577 2 2 1 11 2584 2585 2026
2578 2 2 1 11 2061 2189 2059
2579 2 2 1 11 2084 2086 2085
2580 2 2 1 11 2105 2107 2106
2581 2 2 1 11 2169 2527 2167
2582 2 2 1 11 2290 2583 2287
2583 2 2 1 11 2385 2601 2386
2584 2 2 1 11 1188 2588 1189
2585 2 2 1 11 1734 2441 1349
2586 2 2 1 11 1755 2445 1391
2587 2 2 1 11 2166 2168 2167
2588 2 2 1 11 1249 2449 1727
2589 2 2 1 11 1863 2610 2084
2590 2 2 1 11 2155 2159 1944
2591 2 2 1 11 2076 2554 2079
2592 2 2 1 11 2330 2331 2329
2593 2 2 1 11 1162 2422 1163
2594 2 2 1 11 1758 2532 1171
2595 2 2 1 11 1301 2491 1302
2596 2 2 1 11 1283 1881 61
2597 2 2 1 11 908 2056 907
2598 2 2 1 11 918 2554 917
2599 2 2 1 11 928 1863 927
2600 2 2 1 11 933 1944 932
2601 2 2 1 11 935 1945 934
2602 2 2 1 11 938 1807 937
2603 2 2 1 11 940 1808 939
2604 2 2 1 11 1027 1812 1026
2605 2 2 1 11 1029 1852 1028
2606 2 2 1 11 1032 1860 1031
2607 2 2 1 11 1037 1964 1036
2608 2 2 1 11 1039 1851 1038
2609 2 2 1 11 1062 1987 1061
2610 2 2 1 11 1252 1946 1253
2611 2 2 1 11 1269 2028 1270
2612 2 2 1 11 1273 1882 1274
2613 2 2 1 11 1355 1893 1356
2614 2 2 1 11 1360 1883 1361
2615 2 2 1 11 1384 1947 1385
2616 2 2 1 11 1386 1956 1387
2617 2 2 1 11 1388 1957 1389
2618 2 2 1 11 2415 2419 1846
2619 2 2 1 11 1102 2520 1101
2620 2 2 1 11 1359 2189 1360
2621 2 2 1 11 2305 2306 1789
2622 2 2 1 11 1815 1980 1855
2623 2 2 1 11 2423 2427 1828
2624 2 2 1 11 1840 2192 2191
2625 2 2 1 11 2354 2355 2205
2626 2 2 1 11 1890 2512 2511
2627 2 2 1 11 2023 2115 1266
2628 2 2 1 11 2349 2351 2350
2629 2 2 1 11 1884 2544 2354
2630 2 2 1 11 2018 2021 2020
2631 2 2 1 11 1087 2528 1086
2632 2 2 1 11 1799 2424 2423
2633 2 2 1 11 1008 2548 1007
2634 2 2 1 11 1117 2611 1116
2635 2 2 1 11 1128 2593 1127
2636 2 2 1 11 1237 2583 1238
2637 2 2 1 11 1292 2619 1293
2638 2 2 1 11 1299 2594 1300
2639 2 2 1 11 1770 2352 2340
2640 2 2 1 11 2209 2212 2206
2641 2 2 1 11 2443 2444 2442
2642 2 2 1 11 1322 2608 1323
2643 2 2 1 11 2166 2167 1807
2644 2 2 1 11 1822 2017 2016
2645 2 2 1 11 1825 2416 2415
2646 2 2 1 11 1830 2120 2119
2647 2 2 1 11 1908 2562 2226
2648 2 2 1 11 1960 2396 2394
2649 2 2 1 11 1347 2440 1348
2650 2 2 1 11 1349 2441 1350
2651 2 2 1 11 2012 2525 2015
2652 2 2 1 11 1391 2445 1392
2653 2 2 1 11 2479 2480 1826
2654 2 2 1 11 2471 2563 2474
2655 2 2 1 11 1890 2511 1216
2656 2 2 1 11 1948 2592 876
2657 2 2 1 11 1854 2591 1984
2658 2 2 1 11 913 2556 912
2659 2 2 1 11 943 2555 942
2660 2 2 1 11 1024 2574 1023
2661 2 2 1 11 936 2571 935
2662 2 2 1 11 941 2589 940
2663 2 2 1 11 2193 2196 2195
2664 2 2 1 11 2221 2222 2219
2665 2 2 1 11 1856 1981 1833
2666 2 2 1 11 874 2579 1836
2667 2 2 1 11 935 2571 1945
2668 2 2 1 11 940 2589 1808
2669 2 2 1 11 998 2603 1877
2670 2 2 1 11 1018 2580 1941
2671 2 2 1 11 1029 2572 1852
2672 2 2 1 11 1145 2482 2040
2673 2 2 1 11 1155 2539 2538
2674 2 2 1 11 1156 2538 1867
2675 2 2 1 11 1168 2542 1794
2676 2 2 1 11 1368 2525 1763
2677 2 2 1 11 1077 2523 1076
2678 2 2 1 11 2041 2044 2043
2679 2 2 1 11 2131 2132 2130
2680 2 2 1 11 1915 2218 1291
2681 2 2 1 11 994 2547 993
2682 2 2 1 11 1244 2586 1245
2683 2 2 1 11 1725 2072 2071
2684 2 2 1 11 1728 2488 2487
2685 2 2 1 11 1750 2573 2262
2686 2 2 1 11 1752 2036 2035
2687 2 2 1 11 2371 2546 1792
2688 2 2 1 11 2160 2494 1944
2689 2 2 1 11 2253 2555 1961
2690 2 2 1 11 2006 2591 1965
2691 2 2 1 11 2060 2061 2059
2692 2 2 1 11 2542 2551 2149
2693 2 2 1 11 2283 2530 2303
2694 2 2 1 11 2561 2581 2372
2695 2 2 1 11 1847 2595 1091
2696 2 2 1 11 1852 2572 2173
2697 2 2 1 11 1898 2606 2562
2698 2 2 1 11 2357 2359 2358
2699 2 2 1 11 1877 2545 997
2700 2 2 1 11 1821 2586 1244
2701 2 2 1 11 2369 2561 2372
2702 2 2 1 11 1974 2587 1106
2703 2 2 1 11 2333 2337 1739
2704 2 2 1 11 915 2577 914
2705 2 2 1 11 1030 2572 1029
2706 2 2 1 11 1038 2590 1037
2707 2 2 1 11 1816 2613 1118
2708 2 2 1 11 2040 2482 2042
2709 2 2 1 11 1882 2620 1274
2710 2 2 1 11 2455 2456 1771
2711 2 2 1 11 1871 2448 2446
2712 2 2 1 11 993 2266 992
2713 2 2 1 11 1155 2538 1156
2714 2 2 1 11 1173 2602 1174
2715 2 2 1 11 2129 2130 1738
2716 2 2 1 11 2113 2573 2541
2717 2 2 1 11 1964 2590 2094
2718 2 2 1 11 1106 2587 1105
2719 2 2 1 11 1995 2001 1981
2720 2 2 1 11 2399 2402 2401
2721 2 2 1 11 1034 2575 1033
2722 2 2 1 11 1248 2449 1249
2723 2 2 1 11 2357 2358 1886
2724 2 2 1 11 1825 2595 2417
2725 2 2 1 11 834 2576 833
2726 2 2 1 11 1821 2609 2586
2727 2 2 1 11 1807 2170 937
2728 2 2 1 11 1967 2550 972
2729 2 2 1 11 1812 2181 1026
2730 2 2 1 11 1037 2590 1964
2731 2 2 1 11 1927 2570 1410
2732 2 2 1 11 1955 2491 1301
2733 2 2 1 11 1410 2570 1411
2734 2 2 1 11 1752 2509 2037
2735 2 2 1 11 2349 2350 1865
2736 2 2 1 11 1830 2593 2122
2737 2 2 1 11 1216 2511 1217
2738 2 2 1 11 2078 2577 1761
2739 2 2 1 11 2178 2181 1812
2740 2 2 1 11 2586 2609 2294
2741 2 2 1 11 2352 2353 2340
2742 2 2 1 11 2436 2455 2439
2743 2 2 1 11 1275 2620 1725
2744 2 2 1 11 1808 2589 2164
2745 2 2 1 11 1965 2591 1854
2746 2 2 1 11 929 2610 928
2747 2 2 1 11 930 2616 929
2748 2 2 1 11 1091 2595 1090
2749 2 2 1 11 1940 2616 930
2750 2 2 1 11 1784 2547 994
2751 2 2 1 11 1730 2531 1207
2752 2 2 1 11 1912 2597 1198
2753 2 2 1 11 2059 2189 1359
2754 2 2 1 11 1206 2104 1730
2755 2 2 1 11 1208 2531 1731
2756 2 2 1 11 1348 2440 1734
2757 2 2 1 11 1350 2441 1733
2758 2 2 1 11 2557 2585 2584
2759 2 2 1 11 875 2579 874
2760 2 2 1 11 876 2592 875
2761 2 2 1 11 1019 2580 1018
2762 2 2 1 11 1291 2218 1292
2763 2 2 1 11 2128 2129 1738
2764 2 2 1 11 1205 2104 1206
2765 2 2 1 11 2219 2220 2218
2766 2 2 1 11 1147 2544 1148
2767 2 2 1 11 1803 2602 1173
2768 2 2 1 11 2502 2582 2501
2769 2 2 1 11 2439 2455 1771
2770 2 2 1 11 833 2576 1745
2771 2 2 1 11 875 2592 2579
2772 2 2 1 11 928 2610 1863
2773 2 2 1 11 929 2616 2610
2774 2 2 1 11 975 2541 1750
2775 2 2 1 11 992 2266 1889
2776 2 2 1 11 1116 2611 1840
2777 2 2 1 11 1133 2566 1903
2778 2 2 1 11 2557 2584 1263
2779 2 2 1 11 1272 2540 2188
2780 2 2 1 11 1285 2607 1907
2781 2 2 1 11 2263 2596 1967
2782 2 2 1 11 2097 2547 1784
2783 2 2 1 11 2167 2170 1807
2784 2 2 1 11 1813 2246 2245
2785 2 2 1 11 1815 1989 1980
2786 2 2 1 11 1840 2193 2192
2787 2 2 1 11 2473 2564 1869
2788 2 2 1 11 1996 1998 1995
2789 2 2 1 11 2562 2606 2226
2790 2 2 1 11 1813 2608 2246
2791 2 2 1 11 1889 2509 991
2792 2 2 1 11 1926 2598 1005
2793 2 2 1 11 2566 2567 1903
2794 2 2 1 11 2611 2613 2196
2795 2 2 1 11 2528 2560 2516
2796 2 2 1 11 1757 2600 2599
2797 2 2 1 11 2011 2053 2010
2798 2 2 1 11 1207 2531 1208
2799 2 2 1 11 1054 2624 1053
2800 2 2 1 11 2334 2337 2333
2801 2 2 1 11 1757 2599 1059
2802 2 2 1 11 1071 2614 1070
2803 2 2 1 11 1033 2575 2184
2804 2 2 1 11 2327 2349 2348
2805 2 2 1 11 1815 2618 1989
2806 2 2 1 11 1831 2618 1353
2807 2 2 1 11 991 2509 990
2808 2 2 1 11 1886 2603 999
2809 2 2 1 11 1407 2621 1894
2810 2 2 1 11 1366 2190 1367
2811 2 2 1 11 1872 2190 1366
2812 2 2 1 11 1781 2551 2542
2813 2 2 1 11 1967 2596 2550
2814 2 2 1 11 999 2603 998
2815 2 2 1 11 1118 2613 1117
2816 2 2 1 11 2541 2573 1750
2817 2 2 1 11 2420 2560 2528
2818 2 2 1 11 1072 2623 1071
2819 2 2 1 11 1840 2611 2193
2820 2 2 1 11 1274 2620 1275
2821 2 2 1 11 1763 2525 2012
2822 2 2 1 11 2206 2212 2204
2823 2 2 1 11 1148 2544 1884
2824 2 2 1 11 1873 2622 1405
2825 2 2 1 11 1761 2577 915
2826 2 2 1 11 1726 2601 2385
2827 2 2 1 11 906 2529 905
2828 2 2 1 11 2506 2612 2507
2829 2 2 1 11 1725 2620 2072
2830 2 2 1 11 1857 2529 906
2831 2 2 1 11 1738 2617 1055
2832 2 2 1 11 2621 2622 2402
2833 2 2 1 11 2348 2349 1865
2834 2 2 1 11 2018 2614 2021
2835 2 2 1 11 1055 2617 1054
2836 2 2 1 11 1303 2604 1899
2837 2 2 1 11 2193 2611 2196
2838 2 2 1 11 1293 2619 1898
2839 2 2 1 11 2133 2617 2130
2840 2 2 1 11 2189 2615 1883
2841 2 2 1 11 1778 2605 2588
2842 2 2 1 11 2061 2615 2189
2843 2 2 1 11 2130 2617 1738
2844 2 2 1 11 2588 2605 2277
2845 2 2 1 11 1956 2612 2506
2846 2 2 1 11 2610 2616 2087
2847 2 2 1 11 1406 2621 1407
2848 2 2 1 11 1958 2623 1072
2849 2 2 1 11 1924 2522 2241
2850 2 2 1 11 1406 2622 2621
2851 2 2 1 11 1070 2614 1822
2852 2 2 1 11 2241 2522 2242
2853 2 2 1 11 1822 2614 2018
2854 2 2 1 11 1405 2622 1406
2855 2 2 1 11 1053 2624 1776
2856 2 2 1 11 1984 2629 1999
2857 2 2 1 11 2625 2884 1724
2858 2 2 1 11 1723 2885 2628
2859 2 2 1 11 1721 2883 2627
2860 2 2 1 11 1798 2939 2351
2861 2 2 1 11 1765 2908 2085
2862 2 2 1 11 2078 2907 2615
2863 2 2 1 11 2522 2925 2122
2864 2 2 1 11 2253 2901 2507
2865 2 2 1 11 2074 2926 1776
2866 2 2 1 11 2244 2949 1896
2867 2 2 1 11 1918 2935 2055
2868 2 2 1 11 1727 2943 2180
2869 2 2 1 11 1968 2952 2099
2870 2 2 1 11 2371 2904 2530
2871 2 2 1 11 2279 2932 1800
2872 2 2 1 11 1870 2905 2429
2873 2 2 1 11 2560 2902 2493
2874 2 2 1 11 1742 2947 2284
2875 2 2 1 11 1766 2906 2161
2876 2 2 1 11 2291 2936 1973
2877 2 2 1 11 1954 2972 2199
2878 2 2 1 11 1749 2963 2146
2879 2 2 1 11 2254 2964 1755
2880 2 2 1 11 2504 2914 2079
2881 2 2 1 11 2092 2953 1772
2882 2 2 1 11 2470 2986 1847
2883 2 2 1 11 1819 2918 2309
2884 2 2 1 11 2068 2954 1748
2885 2 2 1 11 2216 2965 1817
2886 2 2 1 11 2298 2982 2183
2887 2 2 1 11 2473 2900 2519
2888 2 2 1 11 1775 2979 2033
2889 2 2 1 11 2410 2967 1829
2890 2 2 1 11 2346 2924 2447
2891 2 2 1 11 2512 2896 2037
2892 2 2 1 11 2502 2920 2098
2893 2 2 1 11 2612 2940 2164
2894 2 2 1 11 2601 2891 2087
2895 2 2 1 11 2240 2892 2196
2896 2 2 1 11 2358 2929 2582
2897 2 2 1 11 1729 2898 2091
2898 2 2 1 11 2388 2938 2201
2899 2 2 1 11 2432 2890 2402
2900 2 2 1 11 1929 2937 2210
2901 2 2 1 11 1979 2950 2127
2902 2 2 1 11 2548 2913 2341
2903 2 2 1 11 1991 2917 2047
2904 2 2 1 11 2022 2955 1990
2905 2 2 1 11 2609 2931 2437
2906 2 2 1 11 1910 2909 2203
2907 2 2 1 11 2252 2980 2344
2908 2 2 1 11 1838 2974 2411
2909 2 2 1 11 2175 2966 1728
2910 2 2 1 11 2524 2894 2606
2911 2 2 1 11 2448 2912 2377
2912 2 2 1 11 2247 2975 1974
2913 2 2 1 11 1912 2961 2374
2914 2 2 1 11 2556 2941 2063
2915 2 2 1 11 2384 2945 1861
2916 2 2 1 11 1845 2923 2232
2917 2 2 1 11 2094 2915 2585
2918 2 2 1 11 2364 2928 1778
2919 2 2 1 11 2046 2946 2042
2920 2 2 1 11 2418 2962 1951
2921 2 2 1 11 2426 2903 2608
2922 2 2 1 11 2383 2958 2015
2923 2 2 1 11 1823 2969 2222
2924 2 2 1 11 1903 2948 2444
2925 2 2 1 11 2565 2984 2001
2926 2 2 1 11 1724 2884 2872
2927 2 2 1 11 2876 2885 1723
2928 2 2 1 11 2702 2883 1721
2929 2 2 1 11 2605 2928 2365
2930 2 2 1 11 1943 2924 2347
2931 2 2 1 11 2160 2906 2386
2932 2 2 1 11 2428 2905 2478
2933 2 2 1 11 2203 2938 1939
2934 2 2 1 11 2054 2935 2139
2935 2 2 1 11 2202 2909 2521
2936 2 2 1 11 2090 2898 2490
2937 2 2 1 11 1957 2901 2254
2938 2 2 1 11 1791 2897 2291
2939 2 2 1 11 1888 2917 2009
2940 2 2 1 11 2230 2923 2499
2941 2 2 1 11 2321 2922 1747
2942 2 2 1 11 2339 2913 2306
2943 2 2 1 11 2014 2958 1762
2944 2 2 1 11 2086 2891 1726
2945 2 2 1 11 2099 2920 1769
2946 2 2 1 11 1858 2916 2316
2947 2 2 1 11 2452 2893 2072
2948 2 2 1 11 1785 2929 2359
2949 2 2 1 11 2401 2890 1832
2950 2 2 1 11 2195 2892 1938
2951 2 2 1 11 2378 2912 1871
2952 2 2 1 11 2438 2931 1821
2953 2 2 1 11 2020 2889 1844
2954 2 2 1 11 2246 2903 2425
2955 2 2 1 11 2034 2979 2451
2956 2 2 1 11 2123 2925 1924
2957 2 2 1 11 2271 2911 1788
2958 2 2 1 11 2465 2962 2417
2959 2 2 1 11 2165 2940 1956
2960 2 2 1 11 1891 2888 2132
2961 2 2 1 11 2488 2966 2176
2962 2 2 1 11 2038 2896 1890
2963 2 2 1 11 2004 2895 1905
2964 2 2 1 11 1141 2625 1140
2965 2 2 1 11 904 2626 903
2966 2 2 1 11 827 2627 826
2967 2 2 1 11 1064 2628 1063
2968 2 2 1 11 2111 2887 1900
2969 2 2 1 11 2136 2886 1881
2970 2 2 1 11 2006 2637 2591
2971 2 2 1 11 2568 2629 2569
2972 2 2 1 11 1140 2625 1724
2973 2 2 1 11 903 2626 1722
2974 2 2 1 11 1721 2627 827
2975 2 2 1 11 1723 2628 1064
2976 2 2 1 11 1988 2631 2000
2977 2 2 1 11 2005 2872 2007
2978 2 2 1 11 2038 2789 2036
2979 2 2 1 11 2129 2680 2131
2980 2 2 1 11 2298 2657 2449
2981 2 2 1 11 2488 2739 2487
2982 2 2 1 11 2443 2837 2444
2983 2 2 1 11 2074 2816 2073
2984 2 2 1 11 2107 2791 2106
2985 2 2 1 11 2461 2784 2460
2986 2 2 1 11 2019 2734 2017
2987 2 2 1 11 2044 2792 2043
2988 2 2 1 11 2433 2749 2430
2989 2 2 1 11 2158 2705 2156
2990 2 2 1 11 2395 2851 2393
2991 2 2 1 11 2400 2815 2398
2992 2 2 1 11 2391 2817 2390
2993 2 2 1 11 2136 2680 2134
2994 2 2 1 11 2405 2745 2404
2995 2 2 1 11 2165 2735 2163
2996 2 2 1 11 2418 2839 2416
2997 2 2 1 11 2117 2738 2116
2998 2 2 1 11 2027 2814 2024
2999 2 2 1 11 2114 2759 2113
3000 2 2 1 11 2225 2858 2231
3001 2 2 1 11 2426 2736 2424
3002 2 2 1 11 2315 2813 2316
3003 2 2 1 11 2438 2756 2435
3004 2 2 1 11 2143 2786 2141
3005 2 2 1 11 2149 2727 2150
3006 2 2 1 11 2197 2870 2199
3007 2 2 1 11 2323 2857 2325
3008 2 2 1 11 2271 2787 2269
3009 2 2 1 11 2206 2785 2211
3010 2 2 1 11 2123 2838 2120
3011 2 2 1 11 2174 2708 2172
3012 2 2 1 11 2457 2707 2456
3013 2 2 1 11 2304 2796 2305
3014 2 2 1 11 1753 2663 2286
3015 2 2 1 11 2274 2689 2273
3016 2 2 1 11 896 2753 1901
3017 2 2 1 11 2524 2644 2486
3018 2 2 1 11 2102 2797 2103
3019 2 2 1 11 2445 2664 2344
3020 2 2 1 11 2312 2822 2308
3021 2 2 1 11 2187 2754 2031
3022 2 2 1 11 2379 2824 2380
3023 2 2 1 11 2054 2693 2505
3024 2 2 1 11 2068 2729 2067
3025 2 2 1 11 1874 2697 1214
3026 2 2 1 11 2049 2803 2051
3027 2 2 1 11 2111 2854 2109
3028 2 2 1 11 1928 2826 835
3029 2 2 1 11 2103 2861 2101
3030 2 2 1 11 1352 2714 1831
3031 2 2 1 11 2366 2794 2368
3032 2 2 1 11 2363 2794 2361
3033 2 2 1 11 1065 2862 1723
3034 2 2 1 11 1288 2641 1844
3035 2 2 1 11 2247 2732 2237
3036 2 2 1 11 1955 2832 2492
3037 2 2 1 11 2596 2833 2259
3038 2 2 1 11 1946 2718 1253
3039 2 2 1 11 1765 2762 1373
3040 2 2 1 11 1957 2703 1389
3041 2 2 1 11 2518 2776 2519
3042 2 2 1 11 2226 2672 2227
3043 2 2 1 11 1891 2639 1279
3044 2 2 1 11 1342 2856 1923
3045 2 2 1 11 2345 2793 2347
3046 2 2 1 11 1732 2780 1419
3047 2 2 1 11 1727 2724 1250
3048 2 2 1 11 1729 2712 1259
3049 2 2 1 11 2565 2862 1066
3050 2 2 1 11 1791 2695 1012
3051 2 2 1 11 1911 2844 1422
3052 2 2 1 11 1970 2840 1042
3053 2 2 1 11 1774 2825 1044
3054 2 2 1 11 1775 2841 1047
3055 2 2 1 11 1947 2687 1385
3056 2 2 1 11 2266 2662 2267
3057 2 2 1 11 898 2868 1866
3058 2 2 1 11 1746 2778 837
3059 2 2 1 11 1823 2849 1074
3060 2 2 1 11 2335 2729 2336
3061 2 2 1 11 2330 2824 2331
3062 2 2 1 11 894 2772 1895
3063 2 2 1 11 1902 2868 899
3064 2 2 1 11 1849 2828 952
3065 2 2 1 11 1972 2829 954
3066 2 2 1 11 1824 2818 1079
3067 2 2 1 11 1936 2674 1239
3068 2 2 1 11 1914 2831 1424
3069 2 2 1 11 2279 2788 2278
3070 2 2 1 11 1917 2742 923
3071 2 2 1 11 828 2740 1721
3072 2 2 1 11 838 2846 1746
3073 2 2 1 11 960 2645 1832
3074 2 2 1 11 1006 2800 1926
3075 2 2 1 11 1039 2699 1851
3076 2 2 1 11 1225 2722 1786
3077 2 2 1 11 1252 2700 1946
3078 2 2 1 11 2325 2852 2324
3079 2 2 1 11 1876 2809 891
3080 2 2 1 11 1375 2646 1726
3081 2 2 1 11 1740 2864 847
3082 2 2 1 11 2513 2737 2289
3083 2 2 1 11 1733 2714 1351
3084 2 2 1 11 1929 2782 840
3085 2 2 1 11 1798 2698 850
3086 2 2 1 11 1995 2876 2001
3087 2 2 1 11 1810 2843 950
3088 2 2 1 11 1819 2774 956
3089 2 2 1 11 1962 2747 1185
3090 2 2 1 11 1887 2775 1416
3091 2 2 1 11 1953 2710 1321
3092 2 2 1 11 1992 2702 2003
3093 2 2 1 11 2235 2865 2302
3094 2 2 1 11 2560 2653 2516
3095 2 2 1 11 1261 2860 1772
3096 2 2 1 11 1963 2823 1332
3097 2 2 1 11 911 2820 1916
3098 2 2 1 11 2267 2685 1889
3099 2 2 1 11 2346 2752 2532
3100 2 2 1 11 1858 2798 869
3101 2 2 1 11 2497 2835 2176
3102 2 2 1 11 2184 2801 2185
3103 2 2 1 11 953 2829 1849
3104 2 2 1 11 963 2847 1767
3105 2 2 1 11 965 2751 1801
3106 2 2 1 11 2227 2858 2224
3107 2 2 1 11 1934 2768 857
3108 2 2 1 11 1943 2806 859
3109 2 2 1 11 1838 2812 1108
3110 2 2 1 11 1859 2807 864
3111 2 2 1 11 1870 2802 1319
3112 2 2 1 11 1011 2695 1973
3113 2 2 1 11 1020 2696 1861
3114 2 2 1 11 1722 2684 902
3115 2 2 1 11 1749 2799 968
3116 2 2 1 11 1787 2709 1228
3117 2 2 1 11 2034 2755 2188
3118 2 2 1 11 2121 2838 2127
3119 2 2 1 11 2154 2797 2152
3120 2 2 1 11 2388 2679 2387
3121 2 2 1 11 1959 2746 1183
3122 2 2 1 11 1910 2805 1337
3123 2 2 1 11 1255 2711 1728
3124 2 2 1 11 921 2686 1762
3125 2 2 1 11 2428 2776 2520
3126 2 2 1 11 1949 2668 867
3127 2 2 1 11 1742 2808 881
3128 2 2 1 11 2272 2787 2274
3129 2 2 1 11 2517 2866 1093
3130 2 2 1 11 1767 2719 962
3131 2 2 1 11 1782 2751 966
3132 2 2 1 11 1737 2699 1040
3133 2 2 1 11 1897 2720 1130
3134 2 2 1 11 1724 2873 1139
3135 2 2 1 11 1820 2723 1242
3136 2 2 1 11 1892 2713 1282
3137 2 2 1 11 1950 2725 1306
3138 2 2 1 11 1954 2863 1330
3139 2 2 1 11 1923 2726 1343
3140 2 2 1 11 1766 2763 1378
3141 2 2 1 11 1805 2764 1380
3142 2 2 1 11 1806 2765 1382
3143 2 2 1 11 2421 2733 2420
3144 2 2 1 11 2580 2654 2437
3145 2 2 1 11 2419 2839 2421
3146 2 2 1 11 1942 2677 855
3147 2 2 1 11 1390 2703 1755
3148 2 2 1 11 1418 2661 1732
3149 2 2 1 11 1041 2840 1737
3150 2 2 1 11 1283 2713 1881
3151 2 2 1 11 1386 2687 1956
3152 2 2 1 11 2013 2760 2011
3153 2 2 1 11 2090 2801 2575
3154 2 2 1 11 2169 2715 2527
3155 2 2 1 11 2343 2795 2300
3156 2 2 1 11 2357 2689 2359
3157 2 2 1 11 1888 2748 830
3158 2 2 1 11 843 2741 1747
3159 2 2 1 11 880 2808 1800
3160 2 2 1 11 1080 2850 1824
3161 2 2 1 11 2427 2736 2429
3162 2 2 1 11 2545 2758 2098
3163 2 2 1 11 865 2771 1859
3164 2 2 1 11 890 2809 1748
3165 2 2 1 11 949 2843 1971
3166 2 2 1 11 951 2828 1810
3167 2 2 1 11 955 2774 1972
3168 2 2 1 11 1129 2720 1896
3169 2 2 1 11 1131 2855 1897
3170 2 2 1 11 1137 2673 1905
3171 2 2 1 11 1221 2721 1769
3172 2 2 1 11 1240 2674 2514
3173 2 2 1 11 1344 2726 1924
3174 2 2 1 11 2238 2732 2411
3175 2 2 1 11 853 2767 1817
3176 2 2 1 11 858 2806 1934
3177 2 2 1 11 1305 2804 1950
3178 2 2 1 11 1320 2802 1953
3179 2 2 1 11 862 2694 1871
3180 2 2 1 11 868 2798 1949
3181 2 2 1 11 892 2810 1876
3182 2 2 1 11 900 2811 1902
3183 2 2 1 11 1107 2812 1974
3184 2 2 1 11 1307 2725 1951
3185 2 2 1 11 1322 2710 2608
3186 2 2 1 11 2371 2676 2546
3187 2 2 1 11 2477 2819 2478
3188 2 2 1 11 1092 2866 1847
3189 2 2 1 11 947 2773 1834
3190 2 2 1 11 967 2799 1782
3191 2 2 1 11 1045 2744 1774
3192 2 2 1 11 1187 2692 1778
3193 2 2 1 11 1243 2723 1821
3194 2 2 1 11 1381 2764 1806
3195 2 2 1 11 1421 2842 1911
3196 2 2 1 11 856 2768 1942
3197 2 2 1 11 1078 2818 1837
3198 2 2 1 11 1899 2804 1304
3199 2 2 1 11 2498 2730 2499
3200 2 2 1 11 849 2698 2515
3201 2 2 1 11 1971 2773 948
3202 2 2 1 11 1862 2779 1022
3203 2 2 1 11 1786 2830 1226
3204 2 2 1 11 1797 2783 845
3205 2 2 1 11 1331 2863 1963
3206 2 2 1 11 1184 2746 1962
3207 2 2 1 11 2160 2671 2494
3208 2 2 1 11 1334 2649 1938
3209 2 2 1 11 1338 2805 1939
3210 2 2 1 11 1215 2697 1890
3211 2 2 1 11 1281 2681 1892
3212 2 2 1 11 1895 2810 893
3213 2 2 1 11 1901 2772 895
3214 2 2 1 11 924 2743 1917
3215 2 2 1 11 1379 2763 1805
3216 2 2 1 11 2118 2738 2187
3217 2 2 1 11 2342 2821 2343
3218 2 2 1 11 2355 2785 2205
3219 2 2 1 11 1845 2827 1082
3220 2 2 1 11 1801 2847 964
3221 2 2 1 11 1384 2701 1947
3222 2 2 1 11 2185 2835 1860
3223 2 2 1 11 2587 2650 2425
3224 2 2 1 11 1229 2709 1788
3225 2 2 1 11 2097 2662 2547
3226 2 2 1 11 2253 2706 2555
3227 2 2 1 11 2470 2761 2468
3228 2 2 1 11 1043 2825 1970
3229 2 2 1 11 2062 2869 2063
3230 2 2 1 11 2593 2640 2122
3231 2 2 1 11 1903 2855 1132
3232 2 2 1 11 1968 2721 1220
3233 2 2 1 11 2382 2757 1875
3234 2 2 1 11 2078 2638 2577
3235 2 2 1 11 2307 2822 2309
3236 2 2 1 11 2286 2670 2285
3237 2 2 1 11 2336 2790 2334
3238 2 2 1 11 2053 2760 2055
3239 2 2 1 11 1979 2856 1341
3240 2 2 1 11 1227 2830 1787
3241 2 2 1 11 1425 2831 1900
3242 2 2 1 11 1991 2874 2559
3243 2 2 1 11 2548 2800 1007
3244 2 2 1 11 2142 2745 2143
3245 2 2 1 11 846 2864 1797
3246 2 2 1 11 2589 2642 2164
3247 2 2 1 11 2112 2854 2114
3248 2 2 1 11 1423 2844 1914
3249 2 2 1 11 2602 2666 2377
3250 2 2 1 11 2025 2814 2117
3251 2 2 1 11 2157 2715 2158
3252 2 2 1 11 2556 2820 912
3253 2 2 1 11 1918 2743 925
3254 2 2 1 11 1785 2722 1224
3255 2 2 1 11 2221 2875 2222
3256 2 2 1 11 2482 2836 2042
3257 2 2 1 11 2282 2788 2284
3258 2 2 1 11 2166 2735 2168
3259 2 2 1 11 2177 2708 2179
3260 2 2 1 11 2202 2848 2543
3261 2 2 1 11 2592 2643 2365
3262 2 2 1 11 2029 2754 2032
3263 2 2 1 11 2258 2853 2256
3264 2 2 1 11 2159 2705 2161
3265 2 2 1 11 2051 2728 2050
3266 2 2 1 11 2200 2766 2201
3267 2 2 1 11 1073 2849 1958
3268 2 2 1 11 2126 2766 2510
3269 2 2 1 11 836 2778 1928
3270 2 2 1 11 2190 2688 2015
3271 2 2 1 11 834 2826 2576
3272 2 2 1 11 2489 2739 2490
3273 2 2 1 11 1907 2675 1286
3274 2 2 1 11 2554 2757 2079
3275 2 2 1 11 2473 2819 2564
3276 2 2 1 11 2217 2727 2551
3277 2 2 1 11 1898 2845 2606
3278 2 2 1 11 2244 2837 2243
3279 2 2 1 11 2311 2851 2312
3280 2 2 1 11 2595 2834 2417
3281 2 2 1 11 1866 2753 897
3282 2 2 1 11 2358 2655 2603
3283 2 2 1 11 2368 2690 2367
3284 2 2 1 11 2296 2867 2295
3285 2 2 1 11 2144 2786 2146
3286 2 2 1 11 2573 2759 2265
3287 2 2 1 11 2022 2667 1922
3288 2 2 1 11 2153 2791 2154
3289 2 2 1 11 2339 2750 2338
3290 2 2 1 11 2332 2813 2578
3291 2 2 1 11 2557 2658 2585
3292 2 2 1 11 2150 2793 2148
3293 2 2 1 11 2264 2833 2263
3294 2 2 1 11 2194 2870 2192
3295 2 2 1 11 2301 2795 2391
3296 2 2 1 11 1994 2861 2002
3297 2 2 1 11 2394 2817 2395
3298 2 2 1 11 2504 2770 2503
3299 2 2 1 11 2616 2647 2087
3300 2 2 1 11 2230 2832 2594
3301 2 2 1 11 2337 2790 2461
3302 2 2 1 11 2410 2859 2407
3303 2 2 1 11 2041 2656 2044
3304 2 2 1 11 2455 2682 2457
3305 2 2 1 11 2613 2731 2196
3306 2 2 1 11 2320 2857 2318
3307 2 2 1 11 2403 2815 2405
3308 2 2 1 11 2354 2792 2355
3309 2 2 1 11 2026 2716 2027
3310 2 2 1 11 2340 2871 2341
3311 2 2 1 11 2372 2777 2374
3312 2 2 1 11 2512 2663 2511
3313 2 2 1 11 2220 2845 2619
3314 2 2 1 11 2622 2659 2402
3315 2 2 1 11 2509 2685 2037
3316 2 2 1 11 2105 2784 2107
3317 2 2 1 11 2620 2678 2072
3318 2 2 1 11 2349 2769 2351
3319 2 2 1 11 58 2880 1062
3320 2 2 1 11 826 2878 55
3321 2 2 1 11 1063 2880 58
3322 2 2 1 11 55 2878 983
3323 2 2 1 11 56 2879 904
3324 2 2 1 11 984 2879 56
3325 2 2 1 11 57 2877 1141
3326 2 2 1 11 905 2877 57
3327 2 2 1 11 2246 2975 2245
3328 2 2 1 11 2182 2943 2183
3329 2 2 1 11 2526 2988 1887
3330 2 2 1 11 2465 2986 2466
3331 2 2 1 11 2096 2952 2097
3332 2 2 1 11 2094 2953 2093
3333 2 2 1 11 2252 2964 2251
3334 2 2 1 11 2083 2908 2139
3335 2 2 1 11 2283 2947 2530
3336 2 2 1 11 1879 2942 2539
3337 2 2 1 11 2289 2936 2288
3338 2 2 1 11 2522 2949 2242
3339 2 2 1 11 889 2954 888
3340 2 2 1 11 2125 2950 2126
3341 2 2 1 11 2422 2919 1935
3342 2 2 1 11 1110 2974 1109
3343 2 2 1 11 2463 2985 1829
3344 2 2 1 11 879 2932 878
3345 2 2 1 11 1111 2967 1110
3346 2 2 1 11 1052 2926 1051
3347 2 2 1 11 1051 2976 1050
3348 2 2 1 11 1099 2951 1098
3349 2 2 1 11 1098 2977 1097
3350 2 2 1 11 878 2978 877
3351 2 2 1 11 1834 2980 2549
3352 2 2 1 11 888 2970 887
3353 2 2 1 11 1196 2961 1197
3354 2 2 1 11 1935 2959 2500
3355 2 2 1 11 1195 2933 1196
3356 2 2 1 11 2552 2981 1952
3357 2 2 1 11 2219 2969 2220
3358 2 2 1 11 1981 2984 1990
3359 2 2 1 11 1952 2973 2563
3360 2 2 1 11 2207 2927 1879
3361 2 2 1 11 2060 2941 2061
3362 2 2 1 11 1361 2960 1362
3363 2 2 1 11 2234 2918 2235
3364 2 2 1 11 2609 2945 2294
3365 2 2 1 11 2576 2946 1745
3366 2 2 1 11 2313 2921 1959
3367 2 2 1 11 1837 2894 2523
3368 2 2 1 11 2574 2982 1862
3369 2 2 1 11 2583 2899 1936
3370 2 2 1 11 1362 2968 1363
3371 2 2 1 11 1912 2956 2597
3372 2 2 1 11 1851 2915 2590
3373 2 2 1 11 2441 2971 1733
3374 2 2 1 11 1826 2957 2517
3375 2 2 1 11 1958 2989 2623
3376 2 2 1 11 2607 2955 1907
3377 2 2 1 11 2605 2944 2277
3378 2 2 1 11 1831 2983 2618
3379 2 2 1 11 2604 2902 1899
3380 2 2 1 11 1926 2987 2598
3381 2 2 1 11 2624 2930 1776
3382 2 2 1 11 62 2881 1355
3383 2 2 1 11 1982 2881 62
3384 2 2 1 11 60 2882 1213
3385 2 2 1 11 1983 2882 60
3386 2 2 1 11 1757 2630 2600
3387 2 2 1 11 2056 2631 1857
3388 2 2 1 11 1744 2632 2496
3389 2 2 1 11 2553 2632 1744
3390 2 2 1 11 2558 2630 1757
3391 2 2 1 11 1735 2629 2568
3392 2 2 1 11 1916 2990 2058
3393 2 2 1 11 2057 2634 2000
3394 2 2 1 11 2057 2990 2454
3395 2 2 1 11 1996 2630 1998
3396 2 2 1 11 2008 2631 1988
3397 2 2 1 11 1993 2632 1997
3398 2 2 1 11 1856 2993 1996
3399 2 2 1 11 1853 2992 1993
3400 2 2 1 11 1893 2881 2634
3401 2 2 1 11 2039 2633 1999
3402 2 2 1 11 2633 2789 1874
3403 2 2 1 11 2496 2887 2110
3404 2 2 1 11 2600 2886 2135
3405 2 2 1 11 1887 2988 2853
3406 2 2 1 11 2834 2986 2465
3407 2 2 1 11 2097 2952 2670
3408 2 2 1 11 2658 2953 2094
3409 2 2 1 11 2650 2975 2246
3410 2 2 1 11 2640 2949 2522
3411 2 2 1 11 2664 2964 2252
3412 2 2 1 11 1051 2926 2652
3413 2 2 1 11 2183 2943 2657
3414 2 2 1 11 2139 2908 2693
3415 2 2 1 11 2530 2947 2676
3416 2 2 1 11 1829 2985 2859
3417 2 2 1 11 2691 2942 1879
3418 2 2 1 11 888 2954 2683
3419 2 2 1 11 2796 2936 2289
3420 2 2 1 11 2126 2950 2679
3421 2 2 1 11 1935 2919 2717
3422 2 2 1 11 2781 2974 1110
3423 2 2 1 11 878 2932 2669
3424 2 2 1 11 1952 2981 2704
3425 2 2 1 11 2669 2978 878
3426 2 2 1 11 1098 2951 2648
3427 2 2 1 11 1110 2967 2781
3428 2 2 1 11 2717 2959 1935
3429 2 2 1 11 2683 2970 888
3430 2 2 1 11 2648 2977 1098
3431 2 2 1 11 2821 2980 1834
3432 2 2 1 11 1990 2984 2667
3433 2 2 1 11 2061 2941 2665
3434 2 2 1 11 2660 2961 1196
3435 2 2 1 11 2652 2976 1051
3436 2 2 1 11 1196 2933 2660
3437 2 2 1 11 1362 2960 2651
3438 2 2 1 11 2704 2973 1952
3439 2 2 1 11 1862 2982 2867
3440 2 2 1 11 2654 2945 2609
3441 2 2 1 11 2656 2946 2576
3442 2 2 1 11 1879 2927 2691
3443 2 2 1 11 1959 2921 2690
3444 2 2 1 11 2875 2989 1958
3445 2 2 1 11 1936 2899 2707
3446 2 2 1 11 2235 2918 2749
3447 2 2 1 11 2777 2956 1912
3448 2 2 1 11 2871 2987 1926
3449 2 2 1 11 2651 2968 1362
3450 2 2 1 11 1733 2971 2728
3451 2 2 1 11 2803 2983 1831
3452 2 2 1 11 2220 2969 2644
3453 2 2 1 11 1907 2955 2734
3454 2 2 1 11 1899 2902 2733
3455 2 2 1 11 2517 2957 2761
3456 2 2 1 11 2716 2915 1851
3457 2 2 1 11 2672 2894 1837
3458 2 2 1 11 2643 2944 2605
3459 2 2 1 11 1776 2930 2816
3460 2 2 1 11 1874 2882 2633
3461 2 2 1 11 1999 2633 1983
3462 2 2 1 11 2629 2991 2569
3463 2 2 1 11 2000 2634 1982
3464 2 2 1 11 1141 2877 2625
3465 2 2 1 11 904 2879 2626
3466 2 2 1 11 2628 2880 1063
3467 2 2 1 11 2627 2878 826
3468 2 2 1 11 2135 2886 2136
3469 2 2 1 11 2110 2887 2111
3470 2 2 1 11 2476 2648 2475
3471 2 2 1 11 2134 2680 2129
3472 2 2 1 11 2081 2651 2080
3473 2 2 1 11 2075 2652 2074
3474 2 2 1 11 1882 2755 2678
3475 2 2 1 11 2374 2660 2373
3476 2 2 1 11 1872 2770 2688
3477 2 2 1 11 2577 2638 1760
3478 2 2 1 11 2069 2683 2068
3479 2 2 1 11 2273 2689 2357
3480 2 2 1 11 2280 2669 2279
3481 2 2 1 11 1873 2865 2659
3482 2 2 1 11 1969 2750 2737
3483 2 2 1 11 2327 2852 2769
3484 2 2 1 11 2547 2662 2266
3485 2 2 1 11 2050 2728 2567
3486 2 2 1 11 2007 2872 2008
3487 2 2 1 11 2243 2837 2443
3488 2 2 1 11 1279 2639 1280
3489 2 2 1 11 2481 2704 2480
3490 2 2 1 11 1896 2640 2593
3491 2 2 1 11 1287 2675 2641
3492 2 2 1 11 2486 2644 1823
3493 2 2 1 11 2414 2717 2413
3494 2 2 1 11 2067 2729 2335
3495 2 2 1 11 2073 2816 2138
3496 2 2 1 11 1287 2641 1288
3497 2 2 1 11 2052 2803 2049
3498 2 2 1 11 2152 2797 2102
3499 2 2 1 11 2156 2705 2159
3500 2 2 1 11 1374 2646 1375
3501 2 2 1 11 1809 2642 2589
3502 2 2 1 11 2404 2745 2142
3503 2 2 1 11 2278 2788 2282
3504 2 2 1 11 1861 2654 2580
3505 2 2 1 11 2485 2691 2484
3506 2 2 1 11 1873 2659 2622
3507 2 2 1 11 2494 2671 1940
3508 2 2 1 11 2017 2734 2022
3509 2 2 1 11 922 2686 921
3510 2 2 1 11 1940 2671 2647
3511 2 2 1 11 2416 2839 2419
3512 2 2 1 11 2436 2756 2682
3513 2 2 1 11 2036 2789 2039
3514 2 2 1 11 2487 2739 2489
3515 2 2 1 11 2106 2791 2153
3516 2 2 1 11 1012 2695 1011
3517 2 2 1 11 2380 2824 2330
3518 2 2 1 11 2460 2784 2105
3519 2 2 1 11 1974 2650 2587
3520 2 2 1 11 1948 2643 2592
3521 2 2 1 11 2639 2681 1280
3522 2 2 1 11 2449 2657 1727
3523 2 2 1 11 1250 2724 1251
3524 2 2 1 11 2367 2690 2535
3525 2 2 1 11 2361 2794 2366
3526 2 2 1 11 867 2668 866
3527 2 2 1 11 961 2645 960
3528 2 2 1 11 923 2742 922
3529 2 2 1 11 1042 2840 1041
3530 2 2 1 11 1385 2687 1386
3531 2 2 1 11 1973 2796 2304
3532 2 2 1 11 1321 2710 1322
3533 2 2 1 11 902 2684 901
3534 2 2 1 11 1022 2779 1021
3535 2 2 1 11 1389 2703 1390
3536 2 2 1 11 2387 2679 1979
3537 2 2 1 11 2043 2792 2354
3538 2 2 1 11 968 2799 967
3539 2 2 1 11 1007 2800 1006
3540 2 2 1 11 1046 2744 1045
3541 2 2 1 11 1417 2661 1418
3542 2 2 1 11 2424 2736 2427
3543 2 2 1 11 1333 2649 1334
3544 2 2 1 11 1755 2664 2445
3545 2 2 1 11 2603 2655 1877
3546 2 2 1 11 1772 2658 2557
3547 2 2 1 11 1969 2737 2513
3548 2 2 1 11 2269 2787 2272
3549 2 2 1 11 1422 2844 1423
3550 2 2 1 11 863 2807 2694
3551 2 2 1 11 961 2719 2645
3552 2 2 1 11 1138 2873 2673
3553 2 2 1 11 1251 2700 1252
3554 2 2 1 11 1259 2712 1260
3555 2 2 1 11 1383 2701 1384
3556 2 2 1 11 850 2698 849
3557 2 2 1 11 855 2677 854
3558 2 2 1 11 1760 2665 2556
3559 2 2 1 11 2585 2716 2026
3560 2 2 1 11 2116 2738 2118
3561 2 2 1 11 2527 2715 2157
3562 2 2 1 11 2684 2811 901
3563 2 2 1 11 1803 2752 2666
3564 2 2 1 11 844 2783 2741
3565 2 2 1 11 863 2694 862
3566 2 2 1 11 1021 2696 1020
3567 2 2 1 11 1138 2673 1137
3568 2 2 1 11 1306 2725 1307
3569 2 2 1 11 1373 2762 1374
3570 2 2 1 11 2411 2781 2410
3571 2 2 1 11 2503 2770 1872
3572 2 2 1 11 2024 2814 2025
3573 2 2 1 11 1333 2823 2649
3574 2 2 1 11 1337 2805 1338
3575 2 2 1 11 2390 2817 2394
3576 2 2 1 11 897 2753 896
3577 2 2 1 11 948 2773 947
3578 2 2 1 11 1040 2699 1039
3579 2 2 1 11 1254 2711 1255
3580 2 2 1 11 1997 2702 1992
3581 2 2 1 11 2456 2707 2459
3582 2 2 1 11 839 2846 838
3583 2 2 1 11 2516 2653 1814
3584 2 2 1 11 2594 2832 1955
3585 2 2 1 11 2712 2860 1260
3586 2 2 1 11 1185 2747 1186
3587 2 2 1 11 1253 2718 1254
3588 2 2 1 11 1254 2718 2711
3589 2 2 1 11 2188 2755 1882
3590 2 2 1 11 2141 2786 2144
3591 2 2 1 11 2172 2708 2177
3592 2 2 1 11 840 2782 839
3593 2 2 1 11 2827 2850 1081
3594 2 2 1 11 869 2798 868
3595 2 2 1 11 912 2820 911
3596 2 2 1 11 2668 2771 866
3597 2 2 1 11 2324 2852 2327
3598 2 2 1 11 844 2741 843
3599 2 2 1 11 1079 2818 1078
3600 2 2 1 11 2677 2767 854
3601 2 2 1 11 891 2809 890
3602 2 2 1 11 895 2772 894
3603 2 2 1 11 1343 2726 1344
3604 2 2 1 11 1419 2780 1420
3605 2 2 1 11 1021 2779 2696
3606 2 2 1 11 1214 2697 1215
3607 2 2 1 11 1374 2762 2646
3608 2 2 1 11 1383 2765 2701
3609 2 2 1 11 859 2806 858
3610 2 2 1 11 864 2807 863
3611 2 2 1 11 1816 2731 2613
3612 2 2 1 11 2578 2813 2315
3613 2 2 1 11 2436 2682 2455
3614 2 2 1 11 2163 2735 2166
3615 2 2 1 11 1809 2706 2642
3616 2 2 1 11 1228 2709 1229
3617 2 2 1 11 899 2868 898
3618 2 2 1 11 1319 2802 1320
3619 2 2 1 11 1351 2714 1352
3620 2 2 1 11 2546 2676 1742
3621 2 2 1 11 2237 2732 2238
3622 2 2 1 11 1878 2836 2482
3623 2 2 1 11 1304 2804 1305
3624 2 2 1 11 881 2808 880
3625 2 2 1 11 901 2811 900
3626 2 2 1 11 950 2843 949
3627 2 2 1 11 1847 2834 2595
3628 2 2 1 11 1282 2713 1283
3629 2 2 1 11 854 2767 853
3630 2 2 1 11 857 2768 856
3631 2 2 1 11 1341 2856 1342
3632 2 2 1 11 2042 2656 2041
3633 2 2 1 11 2435 2756 2436
3634 2 2 1 11 2285 2670 1968
3635 2 2 1 11 1186 2692 1187
3636 2 2 1 11 1220 2721 1221
3637 2 2 1 11 1224 2722 1225
3638 2 2 1 11 1242 2723 1243
3639 2 2 1 11 2120 2838 2121
3640 2 2 1 11 1081 2850 1080
3641 2 2 1 11 866 2771 865
3642 2 2 1 11 952 2828 951
3643 2 2 1 11 954 2829 953
3644 2 2 1 11 1108 2812 1107
3645 2 2 1 11 1239 2674 1240
3646 2 2 1 11 1286 2675 1287
3647 2 2 1 11 1183 2746 1184
3648 2 2 1 11 2430 2749 1819
3649 2 2 1 11 1882 2678 2620
3650 2 2 1 11 2338 2750 1969
3651 2 2 1 11 2109 2854 2112
3652 2 2 1 11 2398 2815 2403
3653 2 2 1 11 1046 2841 2744
3654 2 2 1 11 1251 2724 2700
3655 2 2 1 11 1417 2775 2661
3656 2 2 1 11 1922 2667 2565
3657 2 2 1 11 2468 2761 2469
3658 2 2 1 11 2308 2822 2307
3659 2 2 1 11 2393 2851 2311
3660 2 2 1 11 845 2783 844
3661 2 2 1 11 829 2740 828
3662 2 2 1 11 893 2810 892
3663 2 2 1 11 962 2719 961
3664 2 2 1 11 2505 2693 1765
3665 2 2 1 11 2407 2859 2408
3666 2 2 1 11 2148 2793 2345
3667 2 2 1 11 2344 2821 2342
3668 2 2 1 11 1332 2823 1333
3669 2 2 1 11 1186 2747 2692
3670 2 2 1 11 956 2774 955
3671 2 2 1 11 2300 2795 2301
3672 2 2 1 11 2302 2865 1873
3673 2 2 1 11 966 2751 965
3674 2 2 1 11 1130 2720 1129
3675 2 2 1 11 1132 2855 1131
3676 2 2 1 11 2113 2759 2573
3677 2 2 1 11 1066 2862 1065
3678 2 2 1 11 2520 2776 2518
3679 2 2 1 11 1940 2647 2616
3680 2 2 1 11 1082 2827 1081
3681 2 2 1 11 2638 2665 1760
3682 2 2 1 11 922 2742 2686
3683 2 2 1 11 847 2864 846
3684 2 2 1 11 2655 2758 1877
3685 2 2 1 11 2454 2869 2062
3686 2 2 1 11 837 2778 836
3687 2 2 1 11 1044 2825 1043
3688 2 2 1 11 1280 2681 1281
3689 2 2 1 11 1093 2866 1092
3690 2 2 1 11 1803 2666 2602
3691 2 2 1 11 2782 2846 839
3692 2 2 1 11 830 2748 829
3693 2 2 1 11 964 2847 963
3694 2 2 1 11 1416 2775 1417
3695 2 2 1 11 2564 2819 2477
3696 2 2 1 11 2511 2663 1753
3697 2 2 1 11 2532 2752 1803
3698 2 2 1 11 1877 2758 2545
3699 2 2 1 11 1260 2860 1261
3700 2 2 1 11 1330 2863 1331
3701 2 2 1 11 1378 2763 1379
3702 2 2 1 11 1814 2730 2498
3703 2 2 1 11 1998 2876 1995
3704 2 2 1 11 1226 2830 1227
3705 2 2 1 11 2543 2848 1816
3706 2 2 1 11 2551 2727 2149
3707 2 2 1 11 835 2826 834
3708 2 2 1 11 2420 2733 2560
3709 2 2 1 11 1047 2841 1046
3710 2 2 1 11 1380 2764 1381
3711 2 2 1 11 2011 2760 2053
3712 2 2 1 11 2205 2785 2206
3713 2 2 1 11 2224 2858 2225
3714 2 2 1 11 925 2743 924
3715 2 2 1 11 1424 2831 1425
3716 2 2 1 11 2581 2777 2372
3717 2 2 1 11 1420 2842 1421
3718 2 2 1 11 1816 2848 2731
3719 2 2 1 11 2295 2867 2298
3720 2 2 1 11 2653 2730 1814
3721 2 2 1 11 1382 2765 1383
3722 2 2 1 11 2555 2706 1809
3723 2 2 1 11 1875 2757 2554
3724 2 2 1 11 2256 2853 2260
3725 2 2 1 11 2780 2842 1420
3726 2 2 1 11 1872 2688 2190
3727 2 2 1 11 2510 2766 2200
3728 2 2 1 11 2353 2871 2340
3729 2 2 1 11 1074 2849 1073
3730 2 2 1 11 1889 2685 2509
3731 2 2 1 11 2031 2754 2029
3732 2 2 1 11 2318 2857 2323
3733 2 2 1 11 2606 2672 2226
3734 2 2 1 11 1139 2873 1138
3735 2 2 1 11 2334 2790 2337
3736 2 2 1 11 1860 2835 2497
3737 2 2 1 11 2575 2801 2184
3738 2 2 1 11 829 2748 2740
3739 2 2 1 11 2192 2870 2197
3740 2 2 1 11 2327 2769 2349
3741 2 2 1 11 2101 2861 1994
3742 2 2 1 11 2537 2875 2221
3743 2 2 1 11 1878 2874 2836
3744 2 2 1 11 2263 2833 2596
3745 2 2 1 11 2559 2874 1878
3746 2 2 1 11 2619 2845 1898
3747 2 2 1 11 2869 2990 1916
3748 2 2 1 11 1213 2882 1874
3749 2 2 1 11 1355 2881 1893
3750 2 2 1 11 1986 2879 984
3751 2 2 1 11 983 2878 1985
3752 2 2 1 11 1062 2880 1987
3753 2 2 1 11 2529 2877 905
3754 2 2 1 11 2919 2939 2413
3755 2 2 1 11 2260 2963 1749
3756 2 2 1 11 2914 2968 2081
3757 2 2 1 11 2414 2965 2959
3758 2 2 1 11 2201 2938 2203
3759 2 2 1 11 2408 2972 1954
3760 2 2 1 11 2413 2939 1798
3761 2 2 1 11 2373 2933 2904
3762 2 2 1 11 2080 2960 2907
3763 2 2 1 11 2386 2906 1766
3764 2 2 1 11 2521 2909 1910
3765 2 2 1 11 2408 2985 2972
3766 2 2 1 11 2927 2937 2484
3767 2 2 1 11 2377 2912 2378
3768 2 2 1 11 2009 2917 1991
3769 2 2 1 11 2139 2935 1918
3770 2 2 1 11 2359 2929 2358
3771 2 2 1 11 2347 2924 2346
3772 2 2 1 11 2437 2931 2438
3773 2 2 1 11 2451 2979 1775
3774 2 2 1 11 2098 2920 2099
3775 2 2 1 11 2306 2913 2548
3776 2 2 1 11 1817 2965 2414
3777 2 2 1 11 2270 2911 2271
3778 2 2 1 11 2478 2905 1870
3779 2 2 1 11 2484 2937 1929
3780 2 2 1 11 2021 2889 2020
3781 2 2 1 11 2373 2904 2371
3782 2 2 1 11 2402 2890 2401
3783 2 2 1 11 2291 2897 2290
3784 2 2 1 11 2499 2923 1845
3785 2 2 1 11 2080 2907 2078
3786 2 2 1 11 2164 2940 2165
3787 2 2 1 11 2490 2898 1729
3788 2 2 1 11 2015 2958 2014
3789 2 2 1 11 2322 2922 2321
3790 2 2 1 11 2087 2891 2086
3791 2 2 1 11 2132 2888 2133
3792 2 2 1 11 2254 2901 2253
3793 2 2 1 11 2079 2914 2081
3794 2 2 1 11 2316 2916 2314
3795 2 2 1 11 1951 2962 2465
3796 2 2 1 11 2037 2896 2038
3797 2 2 1 11 1848 2934 2481
3798 2 2 1 11 2196 2892 2195
3799 2 2 1 11 2122 2925 2123
3800 2 2 1 11 2066 2910 2069
3801 2 2 1 11 1778 2928 2605
3802 2 2 1 11 2475 2900 2473
3803 2 2 1 11 1920 2893 2452
3804 2 2 1 11 1728 2966 2488
3805 2 2 1 11 2475 2951 2900
3806 2 2 1 11 1989 2895 2004
3807 2 2 1 11 2910 2970 2069
3808 2 2 1 11 2567 2948 1903
3809 2 2 1 11 2608 2903 2246
3810 2 2 1 11 2934 2973 2481
3811 2 2 1 11 2260 2988 2963
3812 2 2 1 11 2567 2971 2948
3813 2 2 1 11 1900 2992 59
3814 2 2 1 11 61 2993 1856
3815 2 2 1 11 59 2992 1853
3816 2 2 1 11 1881 2993 61
3817 2 2 1 11 2058 2990 2057
3818 2 2 1 11 1844 2889 2537
3819 2 2 1 11 2047 2917 1888
3820 2 2 1 11 2350 2939 2919
3821 2 2 1 11 1788 2911 2353
3822 2 2 1 11 2350 2919 2422
3823 2 2 1 11 1804 2968 2914
3824 2 2 1 11 2093 2953 2092
3825 2 2 1 11 2466 2986 2470
3826 2 2 1 11 1905 2895 2052
3827 2 2 1 11 2242 2949 2244
3828 2 2 1 11 2138 2888 1891
3829 2 2 1 11 2959 2965 2215
3830 2 2 1 11 2904 2933 1906
3831 2 2 1 11 2500 2959 2215
3832 2 2 1 11 2251 2964 2254
3833 2 2 1 11 2907 2960 1883
3834 2 2 1 11 2085 2908 2083
3835 2 2 1 11 2208 2937 2927
3836 2 2 1 11 2341 2913 2339
3837 2 2 1 11 2245 2975 2247
3838 2 2 1 11 1804 2914 2504
3839 2 2 1 11 1890 2896 2512
3840 2 2 1 11 1883 2960 1361
3841 2 2 1 11 1939 2938 2388
3842 2 2 1 11 1769 2920 2502
3843 2 2 1 11 2507 2901 1957
3844 2 2 1 11 2519 2900 1827
3845 2 2 1 11 2072 2893 2075
3846 2 2 1 11 1793 2910 2581
3847 2 2 1 11 2284 2947 2283
3848 2 2 1 11 2161 2906 2160
3849 2 2 1 11 1938 2892 2240
3850 2 2 1 11 2288 2936 2291
3851 2 2 1 11 2203 2909 2202
3852 2 2 1 11 2417 2962 2418
3853 2 2 1 11 2447 2924 1943
3854 2 2 1 11 2198 2985 2463
3855 2 2 1 11 2099 2952 2096
3856 2 2 1 11 2365 2928 2364
3857 2 2 1 11 2210 2937 2208
3858 2 2 1 11 2232 2923 2230
3859 2 2 1 11 1906 2933 1195
3860 2 2 1 11 2199 2972 2198
3861 2 2 1 11 2294 2945 2384
3862 2 2 1 11 1747 2922 2485
3863 2 2 1 11 2091 2898 2090
3864 2 2 1 11 1197 2961 1912
3865 2 2 1 11 2222 2969 2219
3866 2 2 1 11 1109 2974 1838
3867 2 2 1 11 1745 2946 2046
3868 2 2 1 11 2474 2934 2476
3869 2 2 1 11 2582 2929 1785
3870 2 2 1 11 2535 2916 1858
3871 2 2 1 11 2127 2950 2125
3872 2 2 1 11 2309 2918 2234
3873 2 2 1 11 1832 2890 2432
3874 2 2 1 11 2429 2905 2428
3875 2 2 1 11 1827 2951 1099
3876 2 2 1 11 2055 2935 2054
3877 2 2 1 11 2063 2941 2060
3878 2 2 1 11 2146 2963 2145
3879 2 2 1 11 2351 2939 2350
3880 2 2 1 11 1097 2977 1848
3881 2 2 1 11 2425 2903 2426
3882 2 2 1 11 2459 2897 1791
3883 2 2 1 11 2444 2948 2442
3884 2 2 1 11 2176 2966 2175
3885 2 2 1 11 1800 2932 879
3886 2 2 1 11 1363 2968 1804
3887 2 2 1 11 2215 2965 2216
3888 2 2 1 11 2277 2944 2280
3889 2 2 1 11 2314 2921 2313
3890 2 2 1 11 877 2978 1948
3891 2 2 1 11 1748 2954 889
3892 2 2 1 11 2208 2927 2207
3893 2 2 1 11 1776 2926 1052
3894 2 2 1 11 2290 2899 2583
3895 2 2 1 11 2972 2985 2198
3896 2 2 1 11 1829 2967 1111
3897 2 2 1 11 2530 2904 1906
3898 2 2 1 11 887 2970 1793
3899 2 2 1 11 1762 2958 2383
3900 2 2 1 11 2480 2957 1826
3901 2 2 1 11 2033 2979 2034
3902 2 2 1 11 1821 2931 2609
3903 2 2 1 11 2590 2915 2094
3904 2 2 1 11 2597 2956 2066
3905 2 2 1 11 2180 2943 2182
3906 2 2 1 11 2469 2981 2552
3907 2 2 1 11 2523 2894 2524
3908 2 2 1 11 2183 2982 2574
3909 2 2 1 11 1050 2976 1920
3910 2 2 1 11 2598 2987 2270
3911 2 2 1 11 1871 2912 2448
3912 2 2 1 11 1726 2891 2601
3913 2 2 1 11 2900 2951 1827
3914 2 2 1 11 2549 2980 2252
3915 2 2 1 11 2539 2942 2322
3916 2 2 1 11 1924 2925 2522
3917 2 2 1 11 2493 2902 2604
3918 2 2 1 11 2442 2971 2441
3919 2 2 1 11 2563 2973 2474
3920 2 2 1 11 2145 2988 2526
3921 2 2 1 11 2001 2984 1981
3922 2 2 1 11 1793 2970 2910
3923 2 2 1 11 1990 2955 2607
3924 2 2 1 11 1956 2940 2612
3925 2 2 1 11 2474 2973 2934
3926 2 2 1 11 2948 2971 2442
3927 2 2 1 11 2615 2907 1883
3928 2 2 1 11 2133 2930 2624
3929 2 2 1 11 2623 2989 2021
3930 2 2 1 11 2618 2983 1989
3931 2 2 1 11 2963 2988 2145
3932 2 2 1 11 1996 2993 2635
3933 2 2 1 11 1993 2992 2636
3934 2 2 1 11 2591 2991 1984
3935 2 2 1 11 2625 2877 2529
3936 2 2 1 11 2626 2879 1986
3937 2 2 1 11 1987 2880 2628
3938 2 2 1 11 1985 2878 2627
3939 2 2 1 11 2636 2887 2496
3940 2 2 1 11 2635 2886 2600
3941 2 2 1 11 2893 2976 2075
3942 2 2 1 11 1920 2976 2893
3943 2 2 1 11 2934 2977 2476
3944 2 2 1 11 2910 2956 2581
3945 2 2 1 11 2066 2956 2910
3946 2 2 1 11 2895 2983 2052
3947 2 2 1 11 1848 2977 2934
3948 2 2 1 11 2535 2921 2916
3949 2 2 1 11 2944 2978 2280
3950 2 2 1 11 1948 2978 2944
3951 2 2 1 11 2916 2921 2314
3952 2 2 1 11 2888 2930 2133
3953 2 2 1 11 2138 2930 2888
3954 2 2 1 11 1989 2983 2895
3955 2 2 1 11 2897 2899 2290
3956 2 2 1 11 2480 2981 2957
3957 2 2 1 11 2911 2987 2353
3958 2 2 1 11 2459 2899 2897
3959 2 2 1 11 2922 2942 2485
3960 2 2 1 11 2270 2987 2911
3961 2 2 1 11 2957 2981 2469
3962 2 2 1 11 2889 2989 2537
3963 2 2 1 11 2322 2942 2922
3964 2 2 1 11 2021 2989 2889
3965 2 2 1 11 2529 2884 2625
3966 2 2 1 11 2627 2883 1985
3967 2 2 1 11 2628 2885 1987
3968 2 2 1 11 1984 2991 2629
3969 2 2 1 11 2039 2789 2633
3970 2 2 1 11 1998 2885 2876
3971 2 2 1 11 2872 2884 2008
3972 2 2 1 11 1997 2883 2702
3973 2 2 1 11 2633 2882 1983
3974 2 2 1 11 2634 2881 1982
3975 2 2 1 11 2637 2991 2591
3976 2 2 1 11 2569 2991 2637
3977 2 2 1 11 1881 2886 2635
3978 2 2 1 11 1900 2887 2636
3979 2 2 1 11 2652 2926 2074
3980 2 2 1 11 2859 2985 2408
3981 2 2 1 11 2867 2982 2298
3982 2 2 1 11 2414 2959 2717
3983 2 2 1 11 2648 2951 2475
3984 2 2 1 11 2052 2983 2803
3985 2 2 1 11 2728 2971 2567
3986 2 2 1 11 2670 2952 1968
3987 2 2 1 11 1772 2953 2658
3988 2 2 1 11 2690 2921 2535
3989 2 2 1 11 2693 2908 1765
3990 2 2 1 11 2353 2987 2871
3991 2 2 1 11 2581 2956 2777
3992 2 2 1 11 2683 2954 2068
3993 2 2 1 11 2481 2973 2704
3994 2 2 1 11 2667 2984 2565
3995 2 2 1 11 2476 2977 2648
3996 2 2 1 11 1755 2964 2664
3997 2 2 1 11 2691 2927 2484
3998 2 2 1 11 2280 2978 2669
3999 2 2 1 11 2669 2932 2279
4000 2 2 1 11 2853 2988 2260
4001 2 2 1 11 2704 2981 2480
4002 2 2 1 11 2042 2946 2656
4003 2 2 1 11 2679 2950 1979
4004 2 2 1 11 2660 2933 2373
4005 2 2 1 11 2676 2947 1742
4006 2 2 1 11 2081 2968 2651
4007 2 2 1 11 2069 2970 2683
4008 2 2 1 11 2665 2941 2556
4009 2 2 1 11 2749 2918 1819
4010 2 2 1 11 2485 2942 2691
4011 2 2 1 11 2411 2974 2781
4012 2 2 1 11 1973 2936 2796
4013 2 2 1 11 2585 2915 2716
4014 2 2 1 11 1896 2949 2640
4015 2 2 1 11 2344 2980 2821
4016 2 2 1 11 2707 2899 2459
4017 2 2 1 11 1847 2986 2834
4018 2 2 1 11 2537 2989 2875
4019 2 2 1 11 2734 2955 2022
4020 2 2 1 11 2374 2961 2660
4021 2 2 1 11 2657 2943 1727
4022 2 2 1 11 2717 2919 2413
4023 2 2 1 11 2781 2967 2410
4024 2 2 1 11 1974 2975 2650
4025 2 2 1 11 1861 2945 2654
4026 2 2 1 11 2761 2957 2469
4027 2 2 1 11 2733 2902 2560
4028 2 2 1 11 2651 2960 2080
4029 2 2 1 11 2606 2894 2672
4030 2 2 1 11 2075 2976 2652
4031 2 2 1 11 2644 2969 1823
4032 2 2 1 11 1948 2944 2643
4033 2 2 1 11 2816 2930 2138
4034 2 2 1 11 2454 2990 2869
4035 2 2 1 11 2636 2992 1900
4036 2 2 1 11 2635 2993 1881
4037 2 2 101 101 3070 174 3763
4038 2 2 101 101 3069 269 3762
4039 2 2 101 101 3627 3597 3694
4040 2 2 101 101 3472 3044 3473
4041 2 2 101 101 3506 3043 3507
4042 2 2 101 101 3451 3452 3671
4043 2 2 101 101 131 132 3587
4044 2 2 101 101 3008 3375 3586
4045 2 2 101 101 3004 3436 3748
4046 2 2 101 101 3074 3073 3075
4047 2 2 101 101 3507 3043 3648
4048 2 2 101 101 3044 3472 3474
4049 2 2 101 101 3436 3004 3644
4050 2 2 101 101 248 249 3476
4051 2 2 101 101 3259 3237 3475
4052 2 2 101 101 3548 3538 3621
4053 2 2 101 101 3008 3586 3587
4054 2 2 101 101 3009 3356 3391
4055 2 2 101 101 3006 3388 3551
4056 2 2 101 101 3004 3354 3644
4057 2 2 101 101 3454 3474 3697
4058 2 2 101 101 3354 3004 3693
4059 2 2 101 101 3006 3551 3553
4060 2 2 101 101 71 1 3656
4061 2 2 101 101 80 11 3657
4062 2 2 101 101 3031 3479 3481
4063 2 2 101 101 105 106 3385
4064 2 2 101 101 3637 3338 3714
4065 2 2 101 101 3071 3072 3379
4066 2 2 101 101 3356 3009 3658
4067 2 2 101 101 3582 3584 3647
4068 2 2 101 101 3474 3475 3697
4069 2 2 101 101 3544 3049 3662
4070 2 2 101 101 3007 3360 3371
4071 2 2 101 101 3025 3594 3600
4072 2 2 101 101 3425 3045 3426
4073 2 2 101 101 197 3461 3784
4074 2 2 101 101 3062 3627 3694
4075 2 2 101 101 3572 3624 3659
4076 2 2 101 101 3455 3544 3662
4077 2 2 101 101 3023 3507 3648
4078 2 2 101 101 3431 3019 3625
4079 2 2 101 101 3507 3023 3701
4080 2 2 101 101 3530 3529 3623
4081 2 2 101 101 3302 3426 3427
4082 2 2 101 101 3061 3519 3682
4083 2 2 101 101 3519 3061 3729
4084 2 2 101 101 3041 3451 3671
4085 2 2 101 101 3641 3325 3664
4086 2 2 101 101 3624 3000 3659
4087 2 2 101 101 3031 3481 3483
4088 2 2 101 101 3447 3037 3628
4089 2 2 101 101 3491 3338 3637
4090 2 2 101 101 3073 3074 3795
4091 2 2 101 101 227 228 3637
4092 2 2 101 101 3063 3675 3761
4093 2 2 101 101 3221 3576 3588
4094 2 2 101 101 143 144 3419
4095 2 2 101 101 3005 3548 3621
4096 2 2 101 101 3042 3488 3490
4097 2 2 101 101 3075 3073 3394
4098 2 2 101 101 197 198 3461
4099 2 2 101 101 3040 3512 3618
4100 2 2 101 101 3360 3007 3634
4101 2 2 101 101 3302 3425 3426
4102 2 2 101 101 3044 250 3473
4103 2 2 101 101 3237 3235 3475
4104 2 2 101 101 3375 3008 3613
4105 2 2 101 101 3013 3359 3402
4106 2 2 101 101 3404 3045 3425
4107 2 2 101 101 2997 248 3476
4108 2 2 101 101 3078 3075 3394
4109 2 2 101 101 132 3008 3587
4110 2 2 101 101 3058 131 3587
4111 2 2 101 101 3623 3529 3789
4112 2 2 101 101 3386 3383 3761
4113 2 2 101 101 3010 3524 3756
4114 2 2 101 101 3524 3010 3673
4115 2 2 101 101 3150 3148 3427
4116 2 2 101 101 3058 3587 3588
4117 2 2 101 101 228 3490 3637
4118 2 2 101 101 3706 3038 3751
4119 2 2 101 101 3354 3693 3741
4120 2 2 101 101 3606 3706 3751
4121 2 2 101 101 3491 3277 3571
4122 2 2 101 101 3305 3078 3394
4123 2 2 101 101 3393 3354 3741
4124 2 2 101 101 233 3702 3734
4125 2 2 101 101 3388 3006 3654
4126 2 2 101 101 250 251 3473
4127 2 2 101 101 3594 3025 3602
4128 2 2 101 101 3564 2995 3724
4129 2 2 101 101 2995 3564 3730
4130 2 2 101 101 3488 3042 3489
4131 2 2 101 101 3562 223 3671
4132 2 2 101 101 228 229 3490
4133 2 2 101 101 121 122 3553
4134 2 2 101 101 3359 3013 3667
4135 2 2 101 101 3350 3386 3761
4136 2 2 101 101 3704 3459 3725
4137 2 2 101 101 3015 3468 3610
4138 2 2 101 101 3076 3075 3077
4139 2 2 101 101 3479 3031 3612
4140 2 2 101 101 223 3562 3782
4141 2 2 101 101 3372 3014 3373
4142 2 2 101 101 3010 3357 3673
4143 2 2 101 101 3377 3356 3658
4144 2 2 101 101 3429 3431 3625
4145 2 2 101 101 3357 3010 3726
4146 2 2 101 101 3033 3383 3386
4147 2 2 101 101 3702 3358 3734
4148 2 2 101 101 3074 3075 3076
4149 2 2 101 101 3382 3064 3633
4150 2 2 101 101 3383 172 3761
4151 2 2 101 101 3450 3663 3714
4152 2 2 101 101 3512 3040 3643
4153 2 2 101 101 3584 3353 3647
4154 2 2 101 101 3377 3658 3710
4155 2 2 101 101 175 12 3657
4156 2 2 101 101 270 2 3656
4157 2 2 101 101 3448 3447 3628
4158 2 2 101 101 3426 3669 3699
4159 2 2 101 101 3060 105 3385
4160 2 2 101 101 106 3014 3385
4161 2 2 101 101 3033 3386 3387
4162 2 2 101 101 3341 3388 3654
4163 2 2 101 101 3058 3588 3739
4164 2 2 101 101 3357 3726 3770
4165 2 2 101 101 249 3044 3476
4166 2 2 101 101 3404 3357 3770
4167 2 2 101 101 3472 3259 3475
4168 2 2 101 101 3668 3496 3740
4169 2 2 101 101 3076 3077 3630
4170 2 2 101 101 3643 3040 3692
4171 2 2 101 101 3054 3376 3534
4172 2 2 101 101 3018 197 3784
4173 2 2 101 101 3148 3302 3427
4174 2 2 101 101 3014 3372 3385
4175 2 2 101 101 3663 3021 3714
4176 2 2 101 101 3048 3704 3725
4177 2 2 101 101 3062 3365 3627
4178 2 2 101 101 3398 3276 3723
4179 2 2 101 101 3619 3530 3623
4180 2 2 101 101 229 3042 3490
4181 2 2 101 101 3598 164 3694
4182 2 2 101 101 3016 3641 3664
4183 2 2 101 101 3051 3444 3796
4184 2 2 101 101 3457 3643 3692
4185 2 2 101 101 3077 3219 3630
4186 2 2 101 101 3041 3450 3451
4187 2 2 101 101 267 3064 3382
4188 2 2 101 101 3576 3362 3588
4189 2 2 101 101 3330 3375 3613
4190 2 2 101 101 3365 3062 3672
4191 2 2 101 101 164 3598 3775
4192 2 2 101 101 144 3011 3419
4193 2 2 101 101 3363 3061 3682
4194 2 2 101 101 3621 3538 3783
4195 2 2 101 101 3061 3363 3780
4196 2 2 101 101 3669 3028 3699
4197 2 2 101 101 3368 90 3664
4198 2 2 101 101 3468 3015 3631
4199 2 2 101 101 3452 3562 3671
4200 2 2 101 101 3593 3670 3718
4201 2 2 101 101 3369 3359 3667
4202 2 2 101 101 3060 3369 3715
4203 2 2 101 101 3474 3454 3476
4204 2 2 101 101 3586 3221 3588
4205 2 2 101 101 3338 3491 3571
4206 2 2 101 101 3444 3051 3645
4207 2 2 101 101 3429 3625 3661
4208 2 2 101 101 3708 3017 3716
4209 2 2 101 101 3024 3623 3789
4210 2 2 101 101 3548 3005 3549
4211 2 2 101 101 3066 3071 3379
4212 2 2 101 101 3471 3660 3676
4213 2 2 101 101 3575 3722 3736
4214 2 2 101 101 3488 3277 3491
4215 2 2 101 101 3021 3637 3714
4216 2 2 101 101 3002 3668 3740
4217 2 2 101 101 3450 3041 3663
4218 2 2 101 101 230 231 3492
4219 2 2 101 101 3369 3060 3773
4220 2 2 101 101 3674 2996 3727
4221 2 2 101 101 122 3006 3553
4222 2 2 101 101 3056 121 3553
4223 2 2 101 101 3376 3054 3646
4224 2 2 101 101 3597 3598 3694
4225 2 2 101 101 3361 3360 3634
4226 2 2 101 101 3369 3667 3715
4227 2 2 101 101 3021 227 3637
4228 2 2 101 101 3379 3072 3675
4229 2 2 101 101 3670 3039 3718
4230 2 2 101 101 3733 244 3747
4231 2 2 101 101 3498 3018 3784
4232 2 2 101 101 90 3368 3799
4233 2 2 101 101 3007 3371 3374
4234 2 2 101 101 174 3067 3763
4235 2 2 101 101 269 3068 3762
4236 2 2 101 101 3386 3076 3630
4237 2 2 101 101 3407 3282 3589
4238 2 2 101 101 3577 3679 3686
4239 2 2 101 101 3063 3379 3675
4240 2 2 101 101 3435 3696 3712
4241 2 2 101 101 3018 3498 3753
4242 2 2 101 101 3478 3479 3612
4243 2 2 101 101 143 3419 3791
4244 2 2 101 101 3373 3014 3389
4245 2 2 101 101 3656 81 3742
4246 2 2 101 101 3657 176 3743
4247 2 2 101 101 3276 3398 3772
4248 2 2 101 101 3631 3015 3680
4249 2 2 101 101 3032 3377 3710
4250 2 2 101 101 3423 3674 3727
4251 2 2 101 101 3366 3733 3747
4252 2 2 101 101 3150 3427 3638
4253 2 2 101 101 3432 3429 3661
4254 2 2 101 101 3361 3634 3683
4255 2 2 101 101 3722 3046 3736
4256 2 2 101 101 3377 3032 3754
4257 2 2 101 101 3593 3594 3602
4258 2 2 101 101 3436 3437 3748
4259 2 2 101 101 3077 3075 3078
4260 2 2 101 101 2997 3455 3662
4261 2 2 101 101 3495 3708 3716
4262 2 2 101 101 3024 3384 3746
4263 2 2 101 101 3054 3534 3535
4264 2 2 101 101 3000 3583 3659
4265 2 2 101 101 3398 3397 3665
4266 2 2 101 101 3481 3482 3483
4267 2 2 101 101 3406 3405 3608
4268 2 2 101 101 3444 3445 3796
4269 2 2 101 101 3405 3026 3608
4270 2 2 101 101 3325 3368 3664
4271 2 2 101 101 3387 3386 3630
4272 2 2 101 101 3530 3619 3635
4273 2 2 101 101 3384 3024 3789
4274 2 2 101 101 134 135 3614
4275 2 2 101 101 3038 3406 3608
4276 2 2 101 101 3345 3631 3680
4277 2 2 101 101 2996 3448 3628
4278 2 2 101 101 3549 3005 3649
4279 2 2 101 101 3437 111 3748
4280 2 2 101 101 3305 3394 3405
4281 2 2 101 101 3019 3431 3788
4282 2 2 101 101 3042 230 3492
4283 2 2 101 101 231 3022 3492
4284 2 2 101 101 3455 2997 3713
4285 2 2 101 101 3476 3454 3713
4286 2 2 101 101 3016 3414 3641
4287 2 2 101 101 3374 3057 3774
4288 2 2 101 101 3339 3616 3752
4289 2 2 101 101 3660 3001 3676
4290 2 2 101 101 3372 3282 3407
4291 2 2 101 101 3370 3407 3589
4292 2 2 101 101 3483 3482 3484
4293 2 2 101 101 3593 3602 3670
4294 2 2 101 101 3583 3000 3709
4295 2 2 101 101 3011 3401 3424
4296 2 2 101 101 3060 3385 3773
4297 2 2 101 101 3023 3484 3701
4298 2 2 101 101 3490 3488 3491
4299 2 2 101 101 3419 3011 3424
4300 2 2 101 101 3696 3027 3712
4301 2 2 101 101 107 108 3389
4302 2 2 101 101 3014 107 3389
4303 2 2 101 101 3489 3042 3492
4304 2 2 101 101 3385 3407 3773
4305 2 2 101 101 3051 3607 3645
4306 2 2 101 101 111 3437 3759
4307 2 2 101 101 3679 2994 3686
4308 2 2 101 101 3427 3426 3699
4309 2 2 101 101 3473 251 3660
4310 2 2 101 101 3448 2996 3674
4311 2 2 101 101 3216 3650 3651
4312 2 2 101 101 3033 3387 3703
4313 2 2 101 101 3616 3339 3757
4314 2 2 101 101 3057 3374 3768
4315 2 2 101 101 3343 3376 3646
4316 2 2 101 101 3484 3023 3744
4317 2 2 101 101 3705 3057 3768
4318 2 2 101 101 82 83 3065
4319 2 2 101 101 177 178 3066
4320 2 2 101 101 174 175 3067
4321 2 2 101 101 269 270 3068
4322 2 2 101 101 172 173 3063
4323 2 2 101 101 267 268 3064
4324 2 2 101 101 84 85 3036
4325 2 2 101 101 179 180 3035
4326 2 2 101 101 3025 3600 3786
4327 2 2 101 101 135 3012 3614
4328 2 2 101 101 3613 134 3614
4329 2 2 101 101 3587 3586 3588
4330 2 2 101 101 3414 3016 3687
4331 2 2 101 101 3617 3341 3654
4332 2 2 101 101 3009 3391 3392
4333 2 2 101 101 3036 3397 3398
4334 2 2 101 101 3478 3612 3636
4335 2 2 101 101 3665 3335 3772
4336 2 2 101 101 3044 3474 3476
4337 2 2 101 101 3474 3472 3475
4338 2 2 101 101 3071 3035 3795
4339 2 2 101 101 3068 3656 3742
4340 2 2 101 101 3067 3657 3743
4341 2 2 101 101 3445 159 3796
4342 2 2 101 101 3065 3380 3750
4343 2 2 101 101 3353 3275 3647
4344 2 2 101 101 3483 3484 3744
4345 2 2 101 101 3074 3072 3795
4346 2 2 101 101 3350 3076 3386
4347 2 2 101 101 3037 3447 3790
4348 2 2 101 101 3400 3034 3584
4349 2 2 101 101 83 84 3380
4350 2 2 101 101 178 179 3071
4351 2 2 101 101 3385 3372 3407
4352 2 2 101 101 3373 3389 3390
4353 2 2 101 101 3645 3607 3690
4354 2 2 101 101 3048 3384 3704
4355 2 2 101 101 3077 3078 3079
4356 2 2 101 101 3610 3468 3798
4357 2 2 101 101 3036 85 3397
4358 2 2 101 101 3035 180 3396
4359 2 2 101 101 3064 3381 3745
4360 2 2 101 101 3330 3613 3614
4361 2 2 101 101 3426 3045 3669
4362 2 2 101 101 3013 3402 3403
4363 2 2 101 101 3633 3064 3745
4364 2 2 101 101 3341 3617 3705
4365 2 2 101 101 170 171 3033
4366 2 2 101 101 265 266 3034
4367 2 2 101 101 3343 3646 3691
4368 2 2 101 101 3065 83 3380
4369 2 2 101 101 3066 178 3071
4370 2 2 101 101 3484 3482 3485
4371 2 2 101 101 3059 3769 3776
4372 2 2 101 101 3389 108 3639
4373 2 2 101 101 3650 3390 3651
4374 2 2 101 101 172 3063 3761
4375 2 2 101 101 265 3034 3400
4376 2 2 101 101 3619 3030 3635
4377 2 2 101 101 187 188 3602
4378 2 2 101 101 3683 3058 3739
4379 2 2 101 101 3025 187 3602
4380 2 2 101 101 3555 3549 3649
4381 2 2 101 101 3305 3405 3406
4382 2 2 101 101 3390 3389 3639
4383 2 2 101 101 3384 3048 3746
4384 2 2 101 101 3079 3078 3080
4385 2 2 101 101 3077 3079 3219
4386 2 2 101 101 3485 3482 3539
4387 2 2 101 101 3200 3485 3539
4388 2 2 101 101 3413 3414 3687
4389 2 2 101 101 12 80 3657
4390 2 2 101 101 2 71 3656
4391 2 2 101 101 159 3445 3779
4392 2 2 101 101 3475 3235 3697
4393 2 2 101 101 3381 3065 3750
4394 2 2 101 101 3079 3080 3081
4395 2 2 101 101 3080 3078 3305
4396 2 2 101 101 3483 3744 3801
4397 2 2 101 101 3026 3405 3689
4398 2 2 101 101 3485 3200 3626
4399 2 2 101 101 81 82 3742
4400 2 2 101 101 176 177 3743
4401 2 2 101 101 3081 3080 3082
4402 2 2 101 101 268 269 3069
4403 2 2 101 101 173 174 3070
4404 2 2 101 101 3081 3082 3083
4405 2 2 101 101 3081 3083 3084
4406 2 2 101 101 3084 3083 3085
4407 2 2 101 101 3085 3083 3086
4408 2 2 101 101 3084 3085 3324
4409 2 2 101 101 3085 3086 3087
4410 2 2 101 101 3084 3324 3339
4411 2 2 101 101 3339 3324 3365
4412 2 2 101 101 3087 3086 3088
4413 2 2 101 101 3087 3088 3089
4414 2 2 101 101 3088 3086 3290
4415 2 2 101 101 3090 3088 3599
4416 2 2 101 101 3087 3089 3096
4417 2 2 101 101 3089 3088 3090
4418 2 2 101 101 3088 3290 3599
4419 2 2 101 101 3089 3090 3091
4420 2 2 101 101 3091 3090 3092
4421 2 2 101 101 3091 3092 3093
4422 2 2 101 101 3092 3090 3261
4423 2 2 101 101 3444 3443 3445
4424 2 2 101 101 3466 3452 3561
4425 2 2 101 101 3442 3443 3444
4426 2 2 101 101 3424 3401 3509
4427 2 2 101 101 3446 3424 3509
4428 2 2 101 101 3128 3126 3531
4429 2 2 101 101 3100 3278 3442
4430 2 2 101 101 3304 3180 3550
4431 2 2 101 101 3228 3580 3589
4432 2 2 101 101 3355 3544 3559
4433 2 2 101 101 3215 3225 3486
4434 2 2 101 101 3236 3292 3421
4435 2 2 101 101 3567 3362 3576
4436 2 2 101 101 3167 3466 3561
4437 2 2 101 101 3402 3320 3421
4438 2 2 101 101 3098 3100 3442
4439 2 2 101 101 3126 3280 3531
4440 2 2 101 101 3425 3302 3513
4441 2 2 101 101 3307 3506 3507
4442 2 2 101 101 3442 3278 3443
4443 2 2 101 101 3213 3215 3486
4444 2 2 101 101 3245 3242 3547
4445 2 2 101 101 3428 3293 3429
4446 2 2 101 101 3115 3119 3458
4447 2 2 101 101 3311 3420 3508
4448 2 2 101 101 3307 3505 3506
4449 2 2 101 101 3173 3303 3449
4450 2 2 101 101 3133 3135 3446
4451 2 2 101 101 3128 3531 3532
4452 2 2 101 101 3103 3293 3428
4453 2 2 101 101 3449 3303 3451
4454 2 2 101 101 3452 3303 3561
4455 2 2 101 101 3378 3415 3515
4456 2 2 101 101 3093 3092 3094
4457 2 2 101 101 3500 3499 3579
4458 2 2 101 101 3443 3278 3496
4459 2 2 101 101 3091 3093 3569
4460 2 2 101 101 3206 3279 3480
4461 2 2 101 101 3451 3303 3452
4462 2 2 101 101 3314 3378 3515
4463 2 2 101 101 3417 3424 3446
4464 2 2 101 101 3477 3285 3478
4465 2 2 101 101 3153 3157 3508
4466 2 2 101 101 3220 3137 3415
4467 2 2 101 101 3225 3300 3486
4468 2 2 101 101 3210 3285 3477
4469 2 2 101 101 3113 3111 3497
4470 2 2 101 101 3371 3309 3463
4471 2 2 101 101 3458 3119 3459
4472 2 2 101 101 3119 3113 3497
4473 2 2 101 101 3280 3529 3530
4474 2 2 101 101 3180 3182 3550
4475 2 2 101 101 3234 3236 3421
4476 2 2 101 101 3415 3378 3416
4477 2 2 101 101 3456 3315 3457
4478 2 2 101 101 3172 3286 3463
4479 2 2 101 101 3207 3209 3433
4480 2 2 101 101 3117 3115 3458
4481 2 2 101 101 3278 3465 3496
4482 2 2 101 101 3208 3206 3480
4483 2 2 101 101 3248 3250 3510
4484 2 2 101 101 3306 3244 3467
4485 2 2 101 101 3165 3315 3456
4486 2 2 101 101 3317 3266 3565
4487 2 2 101 101 3128 3532 3556
4488 2 2 101 101 3142 3332 3513
4489 2 2 101 101 3175 3173 3449
4490 2 2 101 101 3255 3253 3422
4491 2 2 101 101 3487 3488 3489
4492 2 2 101 101 3410 3257 3411
4493 2 2 101 101 3199 3202 3543
4494 2 2 101 101 3479 3480 3481
4495 2 2 101 101 3302 3146 3513
4496 2 2 101 101 3301 3464 3514
4497 2 2 101 101 3453 3308 3455
4498 2 2 101 101 3505 3347 3506
4499 2 2 101 101 3284 3248 3510
4500 2 2 101 101 3280 3528 3529
4501 2 2 101 101 3265 3267 3527
4502 2 2 101 101 3480 3279 3481
4503 2 2 101 101 3163 3161 3511
4504 2 2 101 101 3121 3120 3528
4505 2 2 101 101 3252 3257 3410
4506 2 2 101 101 3278 3102 3465
4507 2 2 101 101 3286 3174 3503
4508 2 2 101 101 3460 3497 3498
4509 2 2 101 101 3229 3308 3453
4510 2 2 101 101 3223 3355 3559
4511 2 2 101 101 3144 3314 3515
4512 2 2 101 101 3482 3279 3539
4513 2 2 101 101 3264 3301 3514
4514 2 2 101 101 3289 3159 3521
4515 2 2 101 101 3161 3289 3511
4516 2 2 101 101 3102 3104 3465
4517 2 2 101 101 3157 3311 3508
4518 2 2 101 101 3435 3433 3502
4519 2 2 101 101 3438 3439 3447
4520 2 2 101 101 3279 3204 3539
4521 2 2 101 101 3220 3415 3416
4522 2 2 101 101 3452 3466 3562
4523 2 2 101 101 3408 3151 3508
4524 2 2 101 101 3544 3308 3559
4525 2 2 101 101 3192 3347 3505
4526 2 2 101 101 3412 3469 3510
4527 2 2 101 101 3388 3550 3551
4528 2 2 101 101 3149 3151 3408
4529 2 2 101 101 3271 3270 3647
4530 2 2 101 101 3289 3521 3540
4531 2 2 101 101 3151 3153 3508
4532 2 2 101 101 3388 3304 3550
4533 2 2 101 101 3332 3425 3513
4534 2 2 101 101 3298 3131 3509
4535 2 2 101 101 3459 3119 3460
4536 2 2 101 101 3438 3258 3439
4537 2 2 101 101 3244 3246 3467
4538 2 2 101 101 3122 3316 3516
4539 2 2 101 101 3258 3245 3547
4540 2 2 101 101 3260 3123 3573
4541 2 2 101 101 3272 3265 3527
4542 2 2 101 101 3170 3172 3463
4543 2 2 101 101 3135 3220 3446
4544 2 2 101 101 3310 3362 3567
4545 2 2 101 101 3280 3530 3531
4546 2 2 101 101 3247 3258 3438
4547 2 2 101 101 3326 3189 3501
4548 2 2 101 101 3256 3264 3514
4549 2 2 101 101 3125 3127 3462
4550 2 2 101 101 3359 3320 3402
4551 2 2 101 101 3322 3203 3574
4552 2 2 101 101 3563 3191 3590
4553 2 2 101 101 3401 3298 3509
4554 2 2 101 101 3487 3277 3488
4555 2 2 101 101 3183 3277 3487
4556 2 2 101 101 3420 3408 3508
4557 2 2 101 101 3189 3187 3501
4558 2 2 101 101 3376 3533 3534
4559 2 2 101 101 3297 3249 3438
4560 2 2 101 101 3516 3316 3517
4561 2 2 101 101 3283 3108 3533
4562 2 2 101 101 3297 3438 3447
4563 2 2 101 101 3429 3293 3431
4564 2 2 101 101 3251 3297 3542
4565 2 2 101 101 3093 3094 3095
4566 2 2 101 101 3511 3289 3512
4567 2 2 101 101 3242 3241 3547
4568 2 2 101 101 3174 3176 3503
4569 2 2 101 101 3337 3175 3449
4570 2 2 101 101 3460 3119 3497
4571 2 2 101 101 3133 3446 3509
4572 2 2 101 101 3320 3234 3421
4573 2 2 101 101 3536 3538 3548
4574 2 2 101 101 3478 3285 3479
4575 2 2 101 101 3468 3284 3469
4576 2 2 101 101 3410 3411 3412
4577 2 2 101 101 3160 3221 3560
4578 2 2 101 101 3108 3110 3533
4579 2 2 101 101 3319 3255 3422
4580 2 2 101 101 3118 3122 3516
4581 2 2 101 101 3471 3259 3472
4582 2 2 101 101 3325 3272 3346
4583 2 2 101 101 3093 3097 3569
4584 2 2 101 101 3344 3117 3458
4585 2 2 101 101 3422 3253 3542
4586 2 2 101 101 3253 3251 3542
4587 2 2 101 101 3310 3361 3362
4588 2 2 101 101 3144 3313 3314
4589 2 2 101 101 3523 3522 3575
4590 2 2 101 101 3130 3342 3462
4591 2 2 101 101 3327 3306 3345
4592 2 2 101 101 3481 3279 3482
4593 2 2 101 101 3273 3336 3493
4594 2 2 101 101 3124 3121 3528
4595 2 2 101 101 3269 3273 3493
4596 2 2 101 101 3363 3364 3395
4597 2 2 101 101 3185 3183 3487
4598 2 2 101 101 3493 3336 3494
4599 2 2 101 101 3264 3272 3301
4600 2 2 101 101 3543 3323 3558
4601 2 2 101 101 3104 3107 3465
4602 2 2 101 101 3545 3537 3554
4603 2 2 101 101 3210 3208 3285
4604 2 2 101 101 3436 3434 3437
4605 2 2 101 101 3309 3170 3463
4606 2 2 101 101 3250 3252 3410
4607 2 2 101 101 3223 3318 3355
4608 2 2 101 101 3254 3256 3514
4609 2 2 101 101 3211 3216 3502
4610 2 2 101 101 3154 3149 3408
4611 2 2 101 101 3417 3418 3419
4612 2 2 101 101 3321 3320 3359
4613 2 2 101 101 3202 3323 3543
4614 2 2 101 101 3412 3411 3413
4615 2 2 101 101 3146 3143 3513
4616 2 2 101 101 3148 3146 3302
4617 2 2 101 101 3300 3372 3373
4618 2 2 101 101 3288 3109 3557
4619 2 2 101 101 3252 3253 3254
4620 2 2 101 101 3213 3214 3215
4621 2 2 101 101 3120 3117 3344
4622 2 2 101 101 3137 3138 3139
4623 2 2 101 101 3220 3416 3417
4624 2 2 101 101 3323 3322 3354
4625 2 2 101 101 3217 3207 3433
4626 2 2 101 101 3206 3204 3279
4627 2 2 101 101 3176 3178 3179
4628 2 2 101 101 3246 3284 3467
4629 2 2 101 101 3234 3235 3236
4630 2 2 101 101 3413 3411 3414
4631 2 2 101 101 3439 3258 3440
4632 2 2 101 101 3170 3168 3171
4633 2 2 101 101 3252 3254 3257
4634 2 2 101 101 3470 3259 3471
4635 2 2 101 101 3098 3099 3100
4636 2 2 101 101 3267 3269 3493
4637 2 2 101 101 3120 3352 3528
4638 2 2 101 101 3256 3263 3264
4639 2 2 101 101 3131 3133 3509
4640 2 2 101 101 3310 3309 3360
4641 2 2 101 101 3167 3165 3456
4642 2 2 101 101 3246 3247 3248
4643 2 2 101 101 3192 3326 3347
4644 2 2 101 101 3236 3238 3292
4645 2 2 101 101 3107 3283 3340
4646 2 2 101 101 3126 3124 3280
4647 2 2 101 101 3417 3419 3424
4648 2 2 101 101 3267 3266 3268
4649 2 2 101 101 3110 3109 3111
4650 2 2 101 101 3142 3331 3332
4651 2 2 101 101 3122 3121 3123
4652 2 2 101 101 3267 3493 3527
4653 2 2 101 101 3471 3472 3473
4654 2 2 101 101 3122 3260 3316
4655 2 2 101 101 3149 3150 3151
4656 2 2 101 101 3140 3138 3526
4657 2 2 101 101 3199 3201 3202
4658 2 2 101 101 3228 3229 3230
4659 2 2 101 101 3280 3124 3528
4660 2 2 101 101 3249 3247 3438
4661 2 2 101 101 3093 3095 3097
4662 2 2 101 101 3137 3139 3415
4663 2 2 101 101 3097 3098 3328
4664 2 2 101 101 3269 3270 3271
4665 2 2 101 101 3459 3460 3461
4666 2 2 101 101 3314 3356 3377
4667 2 2 101 101 3154 3408 3409
4668 2 2 101 101 3164 3163 3165
4669 2 2 101 101 3301 3272 3325
4670 2 2 101 101 3127 3128 3129
4671 2 2 101 101 3104 3106 3107
4672 2 2 101 101 3160 3159 3161
4673 2 2 101 101 3250 3251 3252
4674 2 2 101 101 3182 3184 3281
4675 2 2 101 101 3211 3213 3216
4676 2 2 101 101 3211 3210 3212
4677 2 2 101 101 3328 3098 3442
4678 2 2 101 101 3127 3130 3462
4679 2 2 101 101 3194 3193 3195
4680 2 2 101 101 3411 3257 3464
4681 2 2 101 101 3203 3204 3205
4682 2 2 101 101 3352 3344 3384
4683 2 2 101 101 3118 3117 3120
4684 2 2 101 101 3176 3175 3177
4685 2 2 101 101 3192 3189 3326
4686 2 2 101 101 3151 3152 3153
4687 2 2 101 101 3105 3103 3428
4688 2 2 101 101 3256 3255 3262
4689 2 2 101 101 3207 3208 3209
4690 2 2 101 101 3182 3183 3184
4691 2 2 101 101 3187 3185 3299
4692 2 2 101 101 3216 3213 3486
4693 2 2 101 101 3141 3142 3143
4694 2 2 101 101 3104 3103 3105
4695 2 2 101 101 3234 3232 3235
4696 2 2 101 101 3417 3416 3418
4697 2 2 101 101 3537 3536 3548
4698 2 2 101 101 3225 3282 3300
4699 2 2 101 101 3169 3168 3170
4700 2 2 101 101 3307 3196 3505
4701 2 2 101 101 3212 3210 3477
4702 2 2 101 101 3116 3117 3118
4703 2 2 101 101 3325 3346 3368
4704 2 2 101 101 3225 3226 3282
4705 2 2 101 101 3469 3284 3510
4706 2 2 101 101 3155 3152 3296
4707 2 2 101 101 3133 3134 3135
4708 2 2 101 101 3268 3266 3317
4709 2 2 101 101 3360 3309 3371
4710 2 2 101 101 3188 3187 3189
4711 2 2 101 101 3434 3433 3435
4712 2 2 101 101 3222 3517 3518
4713 2 2 101 101 3172 3173 3174
4714 2 2 101 101 3250 3410 3510
4715 2 2 101 101 3250 3249 3251
4716 2 2 101 101 3100 3102 3278
4717 2 2 101 101 3187 3299 3501
4718 2 2 101 101 3355 3318 3366
4719 2 2 101 101 3166 3165 3167
4720 2 2 101 101 3100 3101 3102
4721 2 2 101 101 3215 3223 3224
4722 2 2 101 101 3147 3146 3148
4723 2 2 101 101 3161 3159 3289
4724 2 2 101 101 3125 3124 3126
4725 2 2 101 101 3199 3200 3201
4726 2 2 101 101 3246 3248 3284
4727 2 2 101 101 3107 3108 3283
4728 2 2 101 101 3414 3411 3464
4729 2 2 101 101 3269 3271 3273
4730 2 2 101 101 3209 3208 3210
4731 2 2 101 101 3116 3118 3516
4732 2 2 101 101 3180 3181 3182
4733 2 2 101 101 3122 3123 3260
4734 2 2 101 101 3231 3229 3453
4735 2 2 101 101 3160 3162 3221
4736 2 2 101 101 3137 3136 3138
4737 2 2 101 101 3230 3229 3231
4738 2 2 101 101 3207 3206 3208
4739 2 2 101 101 3112 3111 3113
4740 2 2 101 101 3172 3174 3286
4741 2 2 101 101 3199 3198 3200
4742 2 2 101 101 3111 3109 3288
4743 2 2 101 101 3297 3447 3448
4744 2 2 101 101 3127 3129 3130
4745 2 2 101 101 3170 3171 3172
4746 2 2 101 101 3273 3274 3335
4747 2 2 101 101 3226 3227 3228
4748 2 2 101 101 3165 3163 3315
4749 2 2 101 101 3273 3335 3336
4750 2 2 101 101 3203 3201 3204
4751 2 2 101 101 3143 3142 3513
4752 2 2 101 101 3256 3262 3263
4753 2 2 101 101 3149 3148 3150
4754 2 2 101 101 3264 3265 3272
4755 2 2 101 101 3240 3239 3241
4756 2 2 101 101 3465 3340 3496
4757 2 2 101 101 3236 3235 3237
4758 2 2 101 101 3243 3306 3327
4759 2 2 101 101 3186 3185 3187
4760 2 2 101 101 3439 3440 3441
4761 2 2 101 101 3110 3111 3112
4762 2 2 101 101 3238 3239 3240
4763 2 2 101 101 3197 3198 3199
4764 2 2 101 101 3139 3141 3515
4765 2 2 101 101 3195 3193 3196
4766 2 2 101 101 3248 3247 3249
4767 2 2 101 101 3494 3336 3495
4768 2 2 101 101 3254 3255 3256
4769 2 2 101 101 3176 3177 3178
4770 2 2 101 101 3177 3175 3337
4771 2 2 101 101 3153 3152 3155
4772 2 2 101 101 3157 3291 3311
4773 2 2 101 101 3157 3158 3291
4774 2 2 101 101 3158 3159 3160
4775 2 2 101 101 3230 3232 3233
4776 2 2 101 101 3340 3283 3343
4777 2 2 101 101 3123 3121 3124
4778 2 2 101 101 3127 3126 3128
4779 2 2 101 101 3164 3165 3166
4780 2 2 101 101 3116 3115 3117
4781 2 2 101 101 3239 3259 3470
4782 2 2 101 101 3197 3196 3198
4783 2 2 101 101 3131 3132 3133
4784 2 2 101 101 3236 3237 3238
4785 2 2 101 101 3144 3145 3313
4786 2 2 101 101 3193 3192 3505
4787 2 2 101 101 3153 3156 3157
4788 2 2 101 101 3220 3417 3446
4789 2 2 101 101 3139 3140 3141
4790 2 2 101 101 3111 3288 3497
4791 2 2 101 101 3262 3255 3319
4792 2 2 101 101 3196 3193 3505
4793 2 2 101 101 3190 3189 3192
4794 2 2 101 101 3310 3360 3361
4795 2 2 101 101 3205 3204 3206
4796 2 2 101 101 3130 3131 3298
4797 2 2 101 101 3144 3143 3145
4798 2 2 101 101 3141 3143 3144
4799 2 2 101 101 3467 3284 3468
4800 2 2 101 101 3267 3268 3269
4801 2 2 101 101 3135 3136 3137
4802 2 2 101 101 3243 3244 3306
4803 2 2 101 101 3197 3199 3543
4804 2 2 101 101 3314 3377 3378
4805 2 2 101 101 3141 3140 3142
4806 2 2 101 101 3102 3103 3104
4807 2 2 101 101 3179 3180 3304
4808 2 2 101 101 3141 3144 3515
4809 2 2 101 101 3174 3175 3176
4810 2 2 101 101 3160 3161 3162
4811 2 2 101 101 3180 3178 3181
4812 2 2 101 101 3130 3298 3342
4813 2 2 101 101 3244 3245 3246
4814 2 2 101 101 3145 3143 3146
4815 2 2 101 101 3174 3173 3175
4816 2 2 101 101 3240 3241 3242
4817 2 2 101 101 3103 3101 3293
4818 2 2 101 101 3299 3487 3489
4819 2 2 101 101 3198 3196 3307
4820 2 2 101 101 3179 3178 3180
4821 2 2 101 101 3115 3113 3119
4822 2 2 101 101 3233 3232 3234
4823 2 2 101 101 3118 3121 3122
4824 2 2 101 101 3323 3393 3558
4825 2 2 101 101 3264 3263 3265
4826 2 2 101 101 3195 3196 3197
4827 2 2 101 101 3211 3212 3213
4828 2 2 101 101 3195 3197 3294
4829 2 2 101 101 3409 3408 3420
4830 2 2 101 101 3230 3231 3232
4831 2 2 101 101 3139 3138 3140
4832 2 2 101 101 3110 3112 3295
4833 2 2 101 101 3428 3429 3432
4834 2 2 101 101 3524 3523 3525
4835 2 2 101 101 3299 3185 3487
4836 2 2 101 101 3347 3326 3358
4837 2 2 101 101 3337 3449 3450
4838 2 2 101 101 3102 3101 3103
4839 2 2 101 101 3108 3109 3110
4840 2 2 101 101 3135 3137 3220
4841 2 2 101 101 3311 3291 3330
4842 2 2 101 101 3114 3115 3116
4843 2 2 101 101 3097 3328 3329
4844 2 2 101 101 3158 3156 3159
4845 2 2 101 101 3107 3340 3465
4846 2 2 101 101 3244 3242 3245
4847 2 2 101 101 3114 3116 3222
4848 2 2 101 101 3343 3283 3376
4849 2 2 101 101 3240 3242 3243
4850 2 2 101 101 3265 3263 3266
4851 2 2 101 101 3215 3224 3225
4852 2 2 101 101 3157 3156 3158
4853 2 2 101 101 3131 3129 3132
4854 2 2 101 101 3218 3522 3523
4855 2 2 101 101 3162 3161 3163
4856 2 2 101 101 3246 3245 3247
4857 2 2 101 101 3166 3168 3169
4858 2 2 101 101 3104 3105 3106
4859 2 2 101 101 3188 3189 3190
4860 2 2 101 101 3518 3517 3519
4861 2 2 101 101 3184 3183 3185
4862 2 2 101 101 3153 3155 3156
4863 2 2 101 101 3123 3124 3125
4864 2 2 101 101 3348 3296 3351
4865 2 2 101 101 3493 3494 3527
4866 2 2 101 101 3202 3201 3203
4867 2 2 101 101 3228 3227 3229
4868 2 2 101 101 3151 3150 3152
4869 2 2 101 101 3202 3203 3322
4870 2 2 101 101 3254 3253 3255
4871 2 2 101 101 3138 3218 3526
4872 2 2 101 101 3186 3187 3188
4873 2 2 101 101 3182 3181 3183
4874 2 2 101 101 3112 3113 3114
4875 2 2 101 101 3314 3313 3356
4876 2 2 101 101 3179 3304 3312
4877 2 2 101 101 3251 3249 3297
4878 2 2 101 101 3300 3282 3372
4879 2 2 101 101 3351 3296 3399
4880 2 2 101 101 3243 3242 3244
4881 2 2 101 101 3130 3129 3131
4882 2 2 101 101 3142 3140 3331
4883 2 2 101 101 3233 3234 3320
4884 2 2 101 101 3215 3214 3223
4885 2 2 101 101 3315 3163 3511
4886 2 2 101 101 3135 3134 3136
4887 2 2 101 101 3100 3099 3101
4888 2 2 101 101 3190 3192 3193
4889 2 2 101 101 3239 3237 3259
4890 2 2 101 101 3186 3188 3191
4891 2 2 101 101 3243 3327 3541
4892 2 2 101 101 3172 3171 3173
4893 2 2 101 101 3537 3549 3554
4894 2 2 101 101 3114 3113 3115
4895 2 2 101 101 3319 3422 3423
4896 2 2 101 101 3223 3214 3318
4897 2 2 101 101 3248 3249 3250
4898 2 2 101 101 3213 3212 3214
4899 2 2 101 101 3173 3171 3303
4900 2 2 101 101 3125 3126 3127
4901 2 2 101 101 3147 3149 3154
4902 2 2 101 101 3183 3181 3277
4903 2 2 101 101 3155 3296 3348
4904 2 2 101 101 3166 3167 3168
4905 2 2 101 101 3494 3346 3527
4906 2 2 101 101 3169 3170 3309
4907 2 2 101 101 3225 3224 3226
4908 2 2 101 101 3190 3193 3194
4909 2 2 101 101 3205 3207 3217
4910 2 2 101 101 3226 3224 3227
4911 2 2 101 101 3134 3132 3287
4912 2 2 101 101 3238 3237 3239
4913 2 2 101 101 3118 3120 3121
4914 2 2 101 101 3108 3106 3109
4915 2 2 101 101 3231 3453 3454
4916 2 2 101 101 3241 3239 3470
4917 2 2 101 101 3356 3313 3391
4918 2 2 101 101 3332 3357 3404
4919 2 2 101 101 3133 3132 3134
4920 2 2 101 101 3229 3227 3308
4921 2 2 101 101 3521 3348 3540
4922 2 2 101 101 3551 3281 3552
4923 2 2 101 101 3269 3268 3270
4924 2 2 101 101 3285 3208 3480
4925 2 2 101 101 3145 3146 3147
4926 2 2 101 101 3295 3112 3520
4927 2 2 101 101 3349 3298 3401
4928 2 2 101 101 3273 3271 3274
4929 2 2 101 101 3162 3163 3164
4930 2 2 101 101 3252 3251 3253
4931 2 2 101 101 3138 3136 3218
4932 2 2 101 101 3184 3185 3186
4933 2 2 101 101 3147 3148 3149
4934 2 2 101 101 3286 3503 3504
4935 2 2 101 101 3176 3179 3503
4936 2 2 101 101 3265 3266 3267
4937 2 2 101 101 3247 3245 3258
4938 2 2 101 101 3205 3206 3207
4939 2 2 101 101 3097 3095 3098
4940 2 2 101 101 3312 3304 3341
4941 2 2 101 101 3503 3312 3504
4942 2 2 101 101 3107 3106 3108
4943 2 2 101 101 3316 3260 3363
4944 2 2 101 101 3410 3412 3510
4945 2 2 101 101 3321 3369 3370
4946 2 2 101 101 3217 3434 3436
4947 2 2 101 101 3323 3354 3393
4948 2 2 101 101 3129 3128 3556
4949 2 2 101 101 3241 3470 3546
4950 2 2 101 101 3209 3210 3211
4951 2 2 101 101 3098 3095 3099
4952 2 2 101 101 3182 3281 3550
4953 2 2 101 101 3190 3194 3545
4954 2 2 101 101 3240 3243 3541
4955 2 2 101 101 3330 3291 3375
4956 2 2 101 101 3331 3140 3526
4957 2 2 101 101 3204 3201 3539
4958 2 2 101 101 3363 3260 3364
4959 2 2 101 101 3222 3516 3517
4960 2 2 101 101 3120 3344 3352
4961 2 2 101 101 3168 3167 3561
4962 2 2 101 101 3179 3312 3503
4963 2 2 101 101 3455 3308 3544
4964 2 2 101 101 3167 3456 3466
4965 2 2 101 101 3342 3298 3349
4966 2 2 101 101 3537 3548 3549
4967 2 2 101 101 3202 3322 3323
4968 2 2 101 101 3376 3283 3533
4969 2 2 101 101 3217 3433 3434
4970 2 2 101 101 3415 3139 3515
4971 2 2 101 101 3341 3304 3388
4972 2 2 101 101 3332 3331 3357
4973 2 2 101 101 3194 3537 3545
4974 2 2 101 101 3169 3309 3310
4975 2 2 101 101 3257 3254 3514
4976 2 2 101 101 3218 3523 3524
4977 2 2 101 101 3522 3287 3575
4978 2 2 101 101 3110 3295 3533
4979 2 2 101 101 3178 3177 3571
4980 2 2 101 101 3194 3536 3537
4981 2 2 101 101 3580 3370 3589
4982 2 2 101 101 3262 3319 3367
4983 2 2 101 101 3554 3549 3555
4984 2 2 101 101 3450 3449 3451
4985 2 2 101 101 3101 3099 3499
4986 2 2 101 101 3222 3518 3520
4987 2 2 101 101 3177 3337 3338
4988 2 2 101 101 3433 3209 3502
4989 2 2 101 101 3321 3359 3369
4990 2 2 101 101 3391 3313 3568
4991 2 2 101 101 3294 3197 3543
4992 2 2 101 101 3218 3136 3522
4993 2 2 101 101 3364 3260 3573
4994 2 2 101 101 3270 3582 3647
4995 2 2 101 101 3536 3294 3538
4996 2 2 101 101 3332 3404 3425
4997 2 2 101 101 3528 3352 3529
4998 2 2 101 101 3431 3499 3500
4999 2 2 101 101 3233 3320 3321
5000 2 2 101 101 3464 3257 3514
5001 2 2 101 101 3218 3524 3526
5002 2 2 101 101 3112 3114 3520
5003 2 2 101 101 3191 3545 3554
5004 2 2 101 101 3222 3116 3516
5005 2 2 101 101 3430 3428 3432
5006 2 2 101 101 3188 3190 3545
5007 2 2 101 101 3556 3532 3585
5008 2 2 101 101 3105 3428 3430
5009 2 2 101 101 3497 3288 3498
5010 2 2 101 101 3294 3543 3558
5011 2 2 101 101 3194 3195 3536
5012 2 2 101 101 3328 3442 3444
5013 2 2 101 101 3346 3272 3527
5014 2 2 101 101 3533 3295 3534
5015 2 2 101 101 3297 3448 3542
5016 2 2 101 101 3238 3240 3541
5017 2 2 101 101 3479 3285 3480
5018 2 2 101 101 3123 3125 3573
5019 2 2 101 101 3292 3238 3541
5020 2 2 101 101 3195 3294 3536
5021 2 2 101 101 3512 3289 3540
5022 2 2 101 101 3201 3200 3539
5023 2 2 101 101 3550 3281 3551
5024 2 2 101 101 3582 3581 3583
5025 2 2 101 101 3499 3099 3579
5026 2 2 101 101 3564 3364 3573
5027 2 2 101 101 3541 3327 3566
5028 2 2 101 101 3281 3184 3563
5029 2 2 101 101 3241 3546 3547
5030 2 2 101 101 3266 3263 3565
5031 2 2 101 101 3228 3230 3580
5032 2 2 101 101 3552 3281 3563
5033 2 2 101 101 3155 3348 3521
5034 2 2 101 101 3263 3262 3565
5035 2 2 101 101 3159 3156 3521
5036 2 2 101 101 3114 3222 3520
5037 2 2 101 101 3462 3564 3573
5038 2 2 101 101 3226 3228 3589
5039 2 2 101 101 3552 3563 3590
5040 2 2 101 101 3191 3188 3545
5041 2 2 101 101 3184 3186 3563
5042 2 2 101 101 3288 3557 3578
5043 2 2 101 101 3181 3178 3571
5044 2 2 101 101 3136 3134 3522
5045 2 2 101 101 3462 3342 3564
5046 2 2 101 101 3134 3287 3522
5047 2 2 101 101 3125 3462 3573
5048 2 2 101 101 3164 3567 3576
5049 2 2 101 101 3177 3338 3571
5050 2 2 101 101 3440 3258 3547
5051 2 2 101 101 3375 3291 3560
5052 2 2 101 101 3291 3158 3560
5053 2 2 101 101 3277 3181 3571
5054 2 2 101 101 3538 3294 3558
5055 2 2 101 101 3262 3367 3565
5056 2 2 101 101 3292 3541 3566
5057 2 2 101 101 3158 3160 3560
5058 2 2 101 101 3156 3155 3521
5059 2 2 101 101 3209 3211 3502
5060 2 2 101 101 3097 3329 3569
5061 2 2 101 101 3224 3223 3559
5062 2 2 101 101 3186 3191 3563
5063 2 2 101 101 3569 3329 3570
5064 2 2 101 101 3169 3310 3567
5065 2 2 101 101 3293 3101 3499
5066 2 2 101 101 3431 3293 3499
5067 2 2 101 101 3317 3565 3572
5068 2 2 101 101 3546 3440 3547
5069 2 2 101 101 3164 3166 3567
5070 2 2 101 101 3166 3169 3567
5071 2 2 101 101 3132 3129 3556
5072 2 2 101 101 3109 3106 3557
5073 2 2 101 101 3191 3554 3590
5074 2 2 101 101 3557 3430 3578
5075 2 2 101 101 3230 3233 3580
5076 2 2 101 101 3593 3261 3594
5077 2 2 101 101 3318 3214 3577
5078 2 2 101 101 3105 3430 3557
5079 2 2 101 101 3308 3227 3559
5080 2 2 101 101 3287 3132 3556
5081 2 2 101 101 3106 3105 3557
5082 2 2 101 101 3313 3145 3568
5083 2 2 101 101 3227 3224 3559
5084 2 2 101 101 3270 3581 3582
5085 2 2 101 101 3282 3226 3589
5086 2 2 101 101 3233 3321 3580
5087 2 2 101 101 3287 3556 3585
5088 2 2 101 101 3214 3212 3577
5089 2 2 101 101 3217 3436 3574
5090 2 2 101 101 3203 3205 3574
5091 2 2 101 101 3303 3171 3561
5092 2 2 101 101 3321 3370 3580
5093 2 2 101 101 3171 3168 3561
5094 2 2 101 101 3212 3477 3577
5095 2 2 101 101 3147 3154 3568
5096 2 2 101 101 3498 3288 3578
5097 2 2 101 101 3560 3221 3586
5098 2 2 101 101 3095 3094 3579
5099 2 2 101 101 3575 3287 3585
5100 2 2 101 101 3500 3579 3591
5101 2 2 101 101 3554 3555 3590
5102 2 2 101 101 3145 3147 3568
5103 2 2 101 101 3162 3164 3576
5104 2 2 101 101 3205 3217 3574
5105 2 2 101 101 3565 3367 3572
5106 2 2 101 101 3099 3095 3579
5107 2 2 101 101 3092 3261 3592
5108 2 2 101 101 3221 3162 3576
5109 2 2 101 101 3270 3268 3581
5110 2 2 101 101 3268 3317 3581
5111 2 2 101 101 3375 3560 3586
5112 2 2 101 101 3094 3092 3592
5113 2 2 101 101 3579 3094 3591
5114 2 2 101 101 3592 3261 3593
5115 2 2 101 101 3591 3094 3592
5116 2 2 101 101 3096 3089 3595
5117 2 2 101 101 3569 3570 3595
5118 2 2 101 101 3089 3091 3595
5119 2 2 101 101 3597 3596 3598
5120 2 2 101 101 3091 3569 3595
5121 2 2 101 101 3261 3090 3599
5122 2 2 101 101 3096 3596 3597
5123 2 2 101 101 3595 3570 3596
5124 2 2 101 101 3096 3595 3596
5125 2 2 101 101 3594 3261 3599
5126 2 2 101 101 3600 3290 3601
5127 2 2 101 101 3594 3599 3600
5128 2 2 101 101 3599 3290 3600
5129 2 2 101 101 3083 3082 3604
5130 2 2 101 101 3324 3085 3603
5131 2 2 101 101 3096 3597 3603
5132 2 2 101 101 3085 3087 3603
5133 2 2 101 101 3087 3096 3603
5134 2 2 101 101 3601 3290 3604
5135 2 2 101 101 3086 3083 3604
5136 2 2 101 101 3290 3086 3604
5137 2 2 101 101 3601 3605 3606
5138 2 2 101 101 3601 3604 3605
5139 2 2 101 101 3604 3082 3605
5140 2 2 101 101 84 3036 3380
5141 2 2 101 101 179 3035 3071
5142 2 2 101 101 3492 3022 3684
5143 2 2 101 101 3307 3507 3626
5144 2 2 101 101 3200 3198 3626
5145 2 2 101 101 3365 3324 3627
5146 2 2 101 101 3603 3597 3627
5147 2 2 101 101 152 153 2998
5148 2 2 101 101 162 163 2999
5149 2 2 101 101 138 139 3009
5150 2 2 101 101 150 151 3061
5151 2 2 101 101 154 155 3054
5152 2 2 101 101 160 161 3051
5153 2 2 101 101 147 148 2995
5154 2 2 101 101 157 158 3002
5155 2 2 101 101 91 92 3016
5156 2 2 101 101 115 116 3055
5157 2 2 101 101 120 121 3056
5158 2 2 101 101 125 126 3057
5159 2 2 101 101 130 131 3058
5160 2 2 101 101 135 136 3012
5161 2 2 101 101 141 142 3032
5162 2 2 101 101 167 168 3003
5163 2 2 101 101 86 87 3017
5164 2 2 101 101 109 110 3027
5165 2 2 101 101 112 113 3004
5166 2 2 101 101 117 118 3005
5167 2 2 101 101 122 123 3006
5168 2 2 101 101 132 133 3008
5169 2 2 101 101 144 145 3011
5170 2 2 101 101 127 128 3007
5171 2 2 101 101 247 248 2997
5172 2 2 101 101 257 258 2996
5173 2 2 101 101 165 166 3062
5174 2 2 101 101 101 102 3013
5175 2 2 101 101 106 107 3014
5176 2 2 101 101 88 89 3052
5177 2 2 101 101 94 95 3053
5178 2 2 101 101 96 97 3015
5179 2 2 101 101 99 100 3059
5180 2 2 101 101 104 105 3060
5181 2 2 101 101 245 246 3049
5182 2 2 101 101 249 250 3044
5183 2 2 101 101 255 256 3037
5184 2 2 101 101 242 243 2994
5185 2 2 101 101 252 253 3001
5186 2 2 101 101 262 263 3000
5187 2 2 101 101 186 187 3025
5188 2 2 101 101 206 207 3046
5189 2 2 101 101 221 222 3020
5190 2 2 101 101 226 227 3021
5191 2 2 101 101 231 232 3022
5192 2 2 101 101 236 237 3023
5193 2 2 101 101 181 182 3026
5194 2 2 101 101 204 205 3030
5195 2 2 101 101 209 210 3010
5196 2 2 101 101 212 213 3045
5197 2 2 101 101 214 215 3028
5198 2 2 101 101 217 218 3029
5199 2 2 101 101 219 220 3040
5200 2 2 101 101 224 225 3041
5201 2 2 101 101 229 230 3042
5202 2 2 101 101 234 235 3043
5203 2 2 101 101 239 240 3031
5204 2 2 101 101 260 261 3050
5205 2 2 101 101 264 265 3400
5206 2 2 101 101 183 184 3038
5207 2 2 101 101 189 190 3039
5208 2 2 101 101 191 192 3019
5209 2 2 101 101 194 195 3047
5210 2 2 101 101 196 197 3018
5211 2 2 101 101 199 200 3048
5212 2 2 101 101 201 202 3024
5213 2 2 101 101 168 169 3615
5214 2 2 101 101 116 117 3621
5215 2 2 101 101 95 96 3610
5216 2 2 101 101 161 162 3607
5217 2 2 101 101 133 134 3613
5218 2 2 101 101 136 137 3611
5219 2 2 101 101 124 125 3617
5220 2 2 101 101 240 241 3612
5221 2 2 101 101 190 191 3609
5222 2 2 101 101 202 203 3623
5223 2 2 101 101 218 219 3618
5224 2 2 101 101 261 262 3624
5225 2 2 101 101 203 204 3619
5226 2 2 101 101 205 206 3622
5227 2 2 101 101 182 183 3608
5228 2 2 101 101 192 193 3625
5229 2 2 101 101 195 196 3620
5230 2 2 101 101 3276 3334 3723
5231 2 2 101 101 3003 3615 3616
5232 2 2 101 101 3198 3307 3626
5233 2 2 101 101 3419 3418 3791
5234 2 2 101 101 85 86 3397
5235 2 2 101 101 180 181 3396
5236 2 2 101 101 3324 3603 3627
5237 2 2 101 101 3003 168 3615
5238 2 2 101 101 96 3015 3610
5239 2 2 101 101 162 2999 3607
5240 2 2 101 101 3055 116 3621
5241 2 2 101 101 117 3005 3621
5242 2 2 101 101 3053 95 3610
5243 2 2 101 101 3051 161 3607
5244 2 2 101 101 3008 133 3613
5245 2 2 101 101 3012 136 3611
5246 2 2 101 101 125 3057 3617
5247 2 2 101 101 3031 240 3612
5248 2 2 101 101 191 3019 3609
5249 2 2 101 101 3024 202 3623
5250 2 2 101 101 3030 205 3622
5251 2 2 101 101 262 3000 3624
5252 2 2 101 101 204 3030 3619
5253 2 2 101 101 3029 218 3618
5254 2 2 101 101 183 3038 3608
5255 2 2 101 101 219 3040 3618
5256 2 2 101 101 3050 261 3624
5257 2 2 101 101 3039 190 3609
5258 2 2 101 101 206 3046 3622
5259 2 2 101 101 3047 195 3620
5260 2 2 101 101 196 3018 3620
5261 2 2 101 101 3026 182 3608
5262 2 2 101 101 3019 192 3625
5263 2 2 101 101 203 3619 3623
5264 2 2 101 101 171 172 3383
5265 2 2 101 101 266 267 3382
5266 2 2 101 101 3709 3400 3767
5267 2 2 101 101 86 3017 3397
5268 2 2 101 101 181 3026 3396
5269 2 2 101 101 3440 3546 3629
5270 2 2 101 101 3219 3079 3632
5271 2 2 101 101 3345 3306 3631
5272 2 2 101 101 3467 3468 3631
5273 2 2 101 101 257 2996 3628
5274 2 2 101 101 3037 256 3628
5275 2 2 101 101 3084 3339 3632
5276 2 2 101 101 3490 3491 3637
5277 2 2 101 101 3079 3081 3632
5278 2 2 101 101 256 257 3628
5279 2 2 101 101 3471 3473 3660
5280 2 2 101 101 3532 3531 3635
5281 2 2 101 101 3441 3440 3629
5282 2 2 101 101 3535 2998 3794
5283 2 2 101 101 3007 128 3634
5284 2 2 101 101 3306 3467 3631
5285 2 2 101 101 3524 3525 3756
5286 2 2 101 101 3617 3057 3705
5287 2 2 101 101 3152 3150 3638
5288 2 2 101 101 3399 3296 3638
5289 2 2 101 101 3081 3084 3632
5290 2 2 101 101 242 2994 3636
5291 2 2 101 101 3612 241 3636
5292 2 2 101 101 3399 3028 3677
5293 2 2 101 101 3535 3534 3655
5294 2 2 101 101 108 109 3639
5295 2 2 101 101 185 186 3640
5296 2 2 101 101 3414 3464 3641
5297 2 2 101 101 3301 3325 3641
5298 2 2 101 101 3684 3022 3698
5299 2 2 101 101 98 99 3642
5300 2 2 101 101 3055 3621 3783
5301 2 2 101 101 128 129 3634
5302 2 2 101 101 3531 3530 3635
5303 2 2 101 101 3511 3512 3643
5304 2 2 101 101 3457 3315 3643
5305 2 2 101 101 3354 3322 3644
5306 2 2 101 101 3574 3436 3644
5307 2 2 101 101 3328 3444 3645
5308 2 2 101 101 241 242 3636
5309 2 2 101 101 3401 3011 3653
5310 2 2 101 101 3406 3038 3706
5311 2 2 101 101 3054 155 3646
5312 2 2 101 101 3373 3390 3650
5313 2 2 101 101 3296 3152 3638
5314 2 2 101 101 3394 3073 3689
5315 2 2 101 101 3374 3371 3681
5316 2 2 101 101 3043 235 3648
5317 2 2 101 101 236 3023 3648
5318 2 2 101 101 3005 118 3649
5319 2 2 101 101 109 3027 3639
5320 2 2 101 101 2997 3476 3713
5321 2 2 101 101 186 3025 3640
5322 2 2 101 101 3216 3486 3650
5323 2 2 101 101 3300 3373 3650
5324 2 2 101 101 3464 3301 3641
5325 2 2 101 101 3502 3216 3651
5326 2 2 101 101 3525 208 3756
5327 2 2 101 101 3055 3393 3741
5328 2 2 101 101 3413 3687 3732
5329 2 2 101 101 99 3059 3642
5330 2 2 101 101 3032 3418 3754
5331 2 2 101 101 3363 3395 3780
5332 2 2 101 101 3607 2999 3690
5333 2 2 101 101 3519 2998 3760
5334 2 2 101 101 3672 3003 3757
5335 2 2 101 101 259 260 3652
5336 2 2 101 101 3520 3518 3655
5337 2 2 101 101 3534 3295 3655
5338 2 2 101 101 3555 3649 3695
5339 2 2 101 101 3361 3683 3739
5340 2 2 101 101 3006 123 3654
5341 2 2 101 101 124 3617 3654
5342 2 2 101 101 3317 3572 3659
5343 2 2 101 101 3583 3581 3659
5344 2 2 101 101 3315 3511 3643
5345 2 2 101 101 3322 3574 3644
5346 2 2 101 101 170 3033 3703
5347 2 2 101 101 3611 3749 3771
5348 2 2 101 101 3009 139 3658
5349 2 2 101 101 3020 3457 3692
5350 2 2 101 101 3329 3328 3645
5351 2 2 101 101 251 252 3660
5352 2 2 101 101 155 156 3646
5353 2 2 101 101 98 3642 3680
5354 2 2 101 101 3072 3071 3795
5355 2 2 101 101 3047 3432 3661
5356 2 2 101 101 90 91 3664
5357 2 2 101 101 194 3047 3661
5358 2 2 101 101 3625 193 3661
5359 2 2 101 101 3418 3032 3791
5360 2 2 101 101 3393 3055 3783
5361 2 2 101 101 3049 246 3662
5362 2 2 101 101 247 2997 3662
5363 2 2 101 101 3041 225 3663
5364 2 2 101 101 226 3021 3663
5365 2 2 101 101 3031 3483 3801
5366 2 2 101 101 3605 3082 3666
5367 2 2 101 101 235 236 3648
5368 2 2 101 101 3443 3496 3668
5369 2 2 101 101 3305 3406 3666
5370 2 2 101 101 118 119 3649
5371 2 2 101 101 3333 3275 3353
5372 2 2 101 101 3614 3012 3685
5373 2 2 101 101 3080 3305 3666
5374 2 2 101 101 3013 102 3667
5375 2 2 101 101 3629 3546 3676
5376 2 2 101 101 3602 188 3670
5377 2 2 101 101 223 224 3671
5378 2 2 101 101 214 3028 3669
5379 2 2 101 101 3045 213 3669
5380 2 2 101 101 189 3039 3670
5381 2 2 101 101 259 3652 3727
5382 2 2 101 101 3526 3524 3673
5383 2 2 101 101 3357 3331 3673
5384 2 2 101 101 3423 3422 3674
5385 2 2 101 101 3542 3448 3674
5386 2 2 101 101 3470 3471 3676
5387 2 2 101 101 3001 3629 3676
5388 2 2 101 101 3489 3492 3684
5389 2 2 101 101 145 146 3653
5390 2 2 101 101 3769 3403 3776
5391 2 2 101 101 3577 3477 3679
5392 2 2 101 101 167 3003 3672
5393 2 2 101 101 3062 166 3672
5394 2 2 101 101 3028 215 3677
5395 2 2 101 101 3371 3463 3681
5396 2 2 101 101 3286 3504 3681
5397 2 2 101 101 3316 3363 3682
5398 2 2 101 101 3519 3517 3682
5399 2 2 101 101 3011 145 3653
5400 2 2 101 101 3015 97 3680
5401 2 2 101 101 3330 3614 3685
5402 2 2 101 101 3642 3345 3680
5403 2 2 101 101 3299 3489 3684
5404 2 2 101 101 3311 3330 3685
5405 2 2 101 101 130 3058 3683
5406 2 2 101 101 3318 3577 3686
5407 2 2 101 101 2998 3519 3729
5408 2 2 101 101 3486 3300 3650
5409 2 2 101 101 3395 149 3780
5410 2 2 101 101 3518 3519 3760
5411 2 2 101 101 3399 3638 3699
5412 2 2 101 101 3016 92 3687
5413 2 2 101 101 3275 3271 3647
5414 2 2 101 101 3274 3271 3275
5415 2 2 101 101 3435 3502 3651
5416 2 2 101 101 3583 3709 3767
5417 2 2 101 101 3553 3551 3792
5418 2 2 101 101 3396 3026 3689
5419 2 2 101 101 3235 3232 3697
5420 2 2 101 101 3231 3454 3697
5421 2 2 101 101 164 165 3694
5422 2 2 101 101 157 3002 3691
5423 2 2 101 101 3618 3512 3793
5424 2 2 101 101 3405 3394 3689
5425 2 2 101 101 3457 3020 3738
5426 2 2 101 101 3351 3399 3677
5427 2 2 101 101 3358 3326 3698
5428 2 2 101 101 221 3020 3692
5429 2 2 101 101 3040 220 3692
5430 2 2 101 101 3004 113 3693
5431 2 2 101 101 120 3056 3695
5432 2 2 101 101 3634 129 3683
5433 2 2 101 101 3052 3495 3716
5434 2 2 101 101 3653 146 3700
5435 2 2 101 101 3690 2999 3737
5436 2 2 101 101 147 2995 3700
5437 2 2 101 101 3685 3012 3707
5438 2 2 101 101 3484 3485 3701
5439 2 2 101 101 233 234 3702
5440 2 2 101 101 260 3050 3652
5441 2 2 101 101 3626 3507 3701
5442 2 2 101 101 123 124 3654
5443 2 2 101 101 3384 3344 3704
5444 2 2 101 101 3458 3459 3704
5445 2 2 101 101 3349 3401 3653
5446 2 2 101 101 3295 3520 3655
5447 2 2 101 101 3615 169 3703
5448 2 2 101 101 3312 3341 3705
5449 2 2 101 101 3638 3427 3699
5450 2 2 101 101 3461 198 3725
5451 2 2 101 101 3397 3017 3665
5452 2 2 101 101 3336 3335 3708
5453 2 2 101 101 3432 3047 3711
5454 2 2 101 101 3007 3374 3774
5455 2 2 101 101 3551 3552 3792
5456 2 2 101 101 3430 3432 3711
5457 2 2 101 101 2998 3535 3760
5458 2 2 101 101 3000 263 3709
5459 2 2 101 101 264 3400 3709
5460 2 2 101 101 3365 3672 3757
5461 2 2 101 101 3403 3402 3717
5462 2 2 101 101 3585 3532 3678
5463 2 2 101 101 3434 3435 3712
5464 2 2 101 101 141 3032 3710
5465 2 2 101 101 3581 3317 3659
5466 2 2 101 101 3453 3455 3713
5467 2 2 101 101 3392 3391 3731
5468 2 2 101 101 139 140 3658
5469 2 2 101 101 3337 3450 3714
5470 2 2 101 101 3630 3219 3688
5471 2 2 101 101 3387 3630 3688
5472 2 2 101 101 3606 3605 3706
5473 2 2 101 101 3402 3421 3717
5474 2 2 101 101 3292 3566 3717
5475 2 2 101 101 3691 3002 3740
5476 2 2 101 101 3592 3593 3718
5477 2 2 101 101 3532 3635 3678
5478 2 2 101 101 3652 3423 3727
5479 2 2 101 101 104 3060 3715
5480 2 2 101 101 252 3001 3660
5481 2 2 101 101 88 3052 3716
5482 2 2 101 101 3017 87 3716
5483 2 2 101 101 3327 3345 3721
5484 2 2 101 101 3335 3665 3708
5485 2 2 101 101 3364 3564 3724
5486 2 2 101 101 3045 3404 3770
5487 2 2 101 101 3431 3500 3788
5488 2 2 101 101 3495 3052 3758
5489 2 2 101 101 3329 3645 3690
5490 2 2 101 101 3001 253 3719
5491 2 2 101 101 3459 3461 3725
5492 2 2 101 101 198 199 3725
5493 2 2 101 101 217 3029 3720
5494 2 2 101 101 3349 3653 3700
5495 2 2 101 101 185 3640 3751
5496 2 2 101 101 3054 3535 3794
5497 2 2 101 101 3646 156 3691
5498 2 2 101 101 3010 210 3726
5499 2 2 101 101 3564 3342 3730
5500 2 2 101 101 193 194 3661
5501 2 2 101 101 2996 258 3727
5502 2 2 101 101 3334 3745 3750
5503 2 2 101 101 3154 3409 3731
5504 2 2 101 101 3391 3568 3731
5505 2 2 101 101 3009 3392 3749
5506 2 2 101 101 246 247 3662
5507 2 2 101 101 3636 2994 3679
5508 2 2 101 101 3061 151 3729
5509 2 2 101 101 152 2998 3729
5510 2 2 101 101 225 226 3663
5511 2 2 101 101 3629 3001 3719
5512 2 2 101 101 3552 3590 3735
5513 2 2 101 101 3523 3575 3736
5514 2 2 101 101 3598 3596 3737
5515 2 2 101 101 3398 3665 3772
5516 2 2 101 101 232 233 3734
5517 2 2 101 101 3456 3457 3738
5518 2 2 101 101 3562 3466 3738
5519 2 2 101 101 94 3053 3732
5520 2 2 101 101 91 3016 3664
5521 2 2 101 101 3635 3030 3678
5522 2 2 101 101 3496 3340 3740
5523 2 2 101 101 3649 119 3695
5524 2 2 101 101 3082 3080 3666
5525 2 2 101 101 115 3055 3741
5526 2 2 101 101 102 103 3667
5527 2 2 101 101 3445 3443 3668
5528 2 2 101 101 3390 3639 3696
5529 2 2 101 101 3023 237 3744
5530 2 2 101 101 244 245 3747
5531 2 2 101 101 111 112 3748
5532 2 2 101 101 213 214 3669
5533 2 2 101 101 3028 3399 3699
5534 2 2 101 101 201 3024 3746
5535 2 2 101 101 3048 200 3746
5536 2 2 101 101 188 189 3670
5537 2 2 101 101 138 3009 3749
5538 2 2 101 101 3611 137 3749
5539 2 2 101 101 3378 3377 3754
5540 2 2 101 101 3418 3416 3754
5541 2 2 101 101 3478 3636 3679
5542 2 2 101 101 3038 184 3751
5543 2 2 101 101 3540 3348 3755
5544 2 2 101 101 3640 3606 3751
5545 2 2 101 101 3345 3642 3721
5546 2 2 101 101 3013 3403 3769
5547 2 2 101 101 3494 3495 3758
5548 2 2 101 101 3368 3346 3758
5549 2 2 101 101 3047 3620 3711
5550 2 2 101 101 3468 3469 3798
5551 2 2 101 101 208 209 3756
5552 2 2 101 101 3319 3423 3765
5553 2 2 101 101 224 3041 3671
5554 2 2 101 101 3469 3412 3778
5555 2 2 101 101 255 3037 3766
5556 2 2 101 101 3347 3358 3781
5557 2 2 101 101 163 164 3775
5558 2 2 101 101 3558 3393 3783
5559 2 2 101 101 3059 100 3769
5560 2 2 101 101 101 3013 3769
5561 2 2 101 101 3460 3498 3784
5562 2 2 101 101 89 90 3799
5563 2 2 101 101 3447 3439 3790
5564 2 2 101 101 3352 3384 3789
5565 2 2 101 101 212 3045 3770
5566 2 2 101 101 3601 3606 3786
5567 2 2 101 101 159 160 3796
5568 2 2 101 101 3351 3677 3720
5569 2 2 101 101 149 150 3780
5570 2 2 101 101 222 223 3782
5571 2 2 101 101 3057 126 3774
5572 2 2 101 101 127 3007 3774
5573 2 2 101 101 239 3031 3801
5574 2 2 101 101 3002 158 3779
5575 2 2 101 101 2998 153 3794
5576 2 2 101 101 154 3054 3794
5577 2 2 101 101 3562 3738 3782
5578 2 2 101 101 3032 142 3791
5579 2 2 101 101 3043 3506 3781
5580 2 2 101 101 3731 3409 3771
5581 2 2 101 101 166 167 3672
5582 2 2 101 101 3500 3591 3764
5583 2 2 101 101 3331 3526 3673
5584 2 2 101 101 3422 3542 3674
5585 2 2 101 101 3546 3470 3676
5586 2 2 101 101 215 216 3677
5587 2 2 101 101 3368 3758 3799
5588 2 2 101 101 3441 3629 3719
5589 2 2 101 101 3605 3666 3706
5590 2 2 101 101 3030 3622 3678
5591 2 2 101 101 3477 3478 3679
5592 2 2 101 101 2994 243 3733
5593 2 2 101 101 97 98 3680
5594 2 2 101 101 2995 148 3785
5595 2 2 101 101 3632 3339 3752
5596 2 2 101 101 3463 3286 3681
5597 2 2 101 101 3606 3640 3786
5598 2 2 101 101 3585 3678 3722
5599 2 2 101 101 3517 3316 3682
5600 2 2 101 101 3540 3755 3793
5601 2 2 101 101 129 130 3683
5602 2 2 101 101 3732 3053 3778
5603 2 2 101 101 3695 3056 3735
5604 2 2 101 101 3658 140 3710
5605 2 2 101 101 3501 3299 3684
5606 2 2 101 101 3420 3311 3685
5607 2 2 101 101 3366 3318 3686
5608 2 2 101 101 3504 3705 3768
5609 2 2 101 101 3074 3076 3350
5610 2 2 101 101 92 93 3687
5611 2 2 101 101 3675 3350 3761
5612 2 2 101 101 3665 3017 3708
5613 2 2 101 101 3711 3620 3753
5614 2 2 101 101 3749 3392 3771
5615 2 2 101 101 3423 3652 3765
5616 2 2 101 101 3501 3684 3698
5617 2 2 101 101 3435 3651 3696
5618 2 2 101 101 3570 3329 3690
5619 2 2 101 101 3667 103 3715
5620 2 2 101 101 3358 3698 3734
5621 2 2 101 101 156 157 3691
5622 2 2 101 101 3640 3025 3786
5623 2 2 101 101 220 221 3692
5624 2 2 101 101 113 114 3693
5625 2 2 101 101 3441 3719 3766
5626 2 2 101 101 208 3525 3787
5627 2 2 101 101 119 120 3695
5628 2 2 101 101 165 3062 3694
5629 2 2 101 101 3232 3231 3697
5630 2 2 101 101 3063 3070 3379
5631 2 2 101 101 3012 3611 3707
5632 2 2 101 101 3598 3737 3775
5633 2 2 101 101 3326 3501 3698
5634 2 2 101 101 3420 3685 3707
5635 2 2 101 101 146 147 3700
5636 2 2 101 101 3651 3390 3696
5637 2 2 101 101 3485 3626 3701
5638 2 2 101 101 3642 3059 3721
5639 2 2 101 101 3668 3002 3779
5640 2 2 101 101 3584 3582 3767
5641 2 2 101 101 3400 3584 3767
5642 2 2 101 101 3677 216 3720
5643 2 2 101 101 3343 3691 3740
5644 2 2 101 101 3678 3622 3722
5645 2 2 101 101 3588 3362 3739
5646 2 2 101 101 3380 3036 3723
5647 2 2 101 101 234 3043 3702
5648 2 2 101 101 3639 3027 3696
5649 2 2 101 101 169 170 3703
5650 2 2 101 101 3064 3069 3381
5651 2 2 101 101 3344 3458 3704
5652 2 2 101 101 3504 3312 3705
5653 2 2 101 101 3575 3585 3722
5654 2 2 101 101 3469 3778 3798
5655 2 2 101 101 3027 110 3759
5656 2 2 101 101 3666 3406 3706
5657 2 2 101 101 3720 3029 3755
5658 2 2 101 101 3717 3566 3776
5659 2 2 101 101 3687 93 3732
5660 2 2 101 101 3370 3369 3773
5661 2 2 101 101 3409 3420 3707
5662 2 2 101 101 3495 3336 3708
5663 2 2 101 101 263 264 3709
5664 2 2 101 101 3358 3702 3781
5665 2 2 101 101 140 141 3710
5666 2 2 101 101 3578 3430 3711
5667 2 2 101 101 3570 3690 3737
5668 2 2 101 101 3624 3572 3797
5669 2 2 101 101 3766 3037 3790
5670 2 2 101 101 3437 3434 3712
5671 2 2 101 101 3693 114 3741
5672 2 2 101 101 3686 2994 3733
5673 2 2 101 101 3454 3453 3713
5674 2 2 101 101 3046 207 3787
5675 2 2 101 101 3700 2995 3730
5676 2 2 101 101 3620 3018 3753
5677 2 2 101 101 3615 3703 3802
5678 2 2 101 101 3338 3337 3714
5679 2 2 101 101 3512 3540 3793
5680 2 2 101 101 103 104 3715
5681 2 2 101 101 3500 3764 3788
5682 2 2 101 101 87 88 3716
5683 2 2 101 101 149 3395 3785
5684 2 2 101 101 3421 3292 3717
5685 2 2 101 101 3591 3592 3718
5686 2 2 101 101 253 254 3719
5687 2 2 101 101 3566 3327 3721
5688 2 2 101 101 216 217 3720
5689 2 2 101 101 3395 3364 3724
5690 2 2 101 101 3721 3059 3776
5691 2 2 101 101 3622 3046 3722
5692 2 2 101 101 243 244 3733
5693 2 2 101 101 3765 3050 3797
5694 2 2 101 101 210 211 3726
5695 2 2 101 101 199 3048 3725
5696 2 2 101 101 258 259 3727
5697 2 2 101 101 3355 3366 3800
5698 2 2 101 101 3724 2995 3785
5699 2 2 101 101 3333 3353 3633
5700 2 2 101 101 3555 3695 3735
5701 2 2 101 101 3039 3609 3764
5702 2 2 101 101 3578 3711 3753
5703 2 2 101 101 3342 3349 3730
5704 2 2 101 101 151 152 3729
5705 2 2 101 101 3274 3275 3276
5706 2 2 101 101 3568 3154 3731
5707 2 2 101 101 3339 3365 3757
5708 2 2 101 101 93 94 3732
5709 2 2 101 101 3652 3050 3765
5710 2 2 101 101 110 111 3759
5711 2 2 101 101 3022 232 3734
5712 2 2 101 101 3590 3555 3735
5713 2 2 101 101 3525 3523 3736
5714 2 2 101 101 3596 3570 3737
5715 2 2 101 101 3466 3456 3738
5716 2 2 101 101 3049 3544 3800
5717 2 2 101 101 3362 3361 3739
5718 2 2 101 101 3745 3381 3750
5719 2 2 101 101 3738 3020 3782
5720 2 2 101 101 3340 3343 3740
5721 2 2 101 101 114 115 3741
5722 2 2 101 101 3616 3615 3802
5723 2 2 101 101 3552 3735 3792
5724 2 2 101 101 3392 3731 3771
5725 2 2 101 101 3719 254 3766
5726 2 2 101 101 3616 3688 3752
5727 2 2 101 101 3035 3396 3777
5728 2 2 101 101 3698 3022 3734
5729 2 2 101 101 3726 211 3770
5730 2 2 101 101 237 238 3744
5731 2 2 101 101 200 201 3746
5732 2 2 101 101 3050 3624 3797
5733 2 2 101 101 137 138 3749
5734 2 2 101 101 3413 3732 3778
5735 2 2 101 101 245 3049 3747
5736 2 2 101 101 112 3004 3748
5737 2 2 101 101 184 185 3751
5738 2 2 101 101 3758 3052 3799
5739 2 2 101 101 3688 3616 3802
5740 2 2 101 101 3498 3578 3753
5741 2 2 101 101 3416 3378 3754
5742 2 2 101 101 3348 3351 3755
5743 2 2 101 101 3219 3632 3752
5744 2 2 101 101 3072 3074 3675
5745 2 2 101 101 3655 3518 3760
5746 2 2 101 101 3755 3029 3793
5747 2 2 101 101 209 3010 3756
5748 2 2 101 101 3346 3494 3758
5749 2 2 101 101 3003 3616 3757
5750 2 2 101 101 207 208 3787
5751 2 2 101 101 3681 3504 3768
5752 2 2 101 101 3056 3553 3792
5753 2 2 101 101 3707 3611 3771
5754 2 2 101 101 3367 3319 3765
5755 2 2 101 101 3407 3370 3773
5756 2 2 101 101 254 255 3766
5757 2 2 101 101 3744 238 3801
5758 2 2 101 101 3582 3583 3767
5759 2 2 101 101 3535 3655 3760
5760 2 2 101 101 3544 3355 3800
5761 2 2 101 101 3445 3668 3779
5762 2 2 101 101 100 101 3769
5763 2 2 101 101 211 212 3770
5764 2 2 101 101 3033 171 3383
5765 2 2 101 101 3034 266 3382
5766 2 2 101 101 3566 3721 3776
5767 2 2 101 101 3712 3027 3759
5768 2 2 101 101 126 127 3774
5769 2 2 101 101 3412 3413 3778
5770 2 2 101 101 2999 163 3775
5771 2 2 101 101 3335 3274 3772
5772 2 2 101 101 3074 3350 3675
5773 2 2 101 101 158 159 3779
5774 2 2 101 101 3367 3765 3797
5775 2 2 101 101 3276 3275 3333
5776 2 2 101 101 3506 3347 3781
5777 2 2 101 101 150 3061 3780
5778 2 2 101 101 3538 3558 3783
5779 2 2 101 101 148 149 3785
5780 2 2 101 101 3020 222 3782
5781 2 2 101 101 3349 3700 3730
5782 2 2 101 101 3703 3387 3802
5783 2 2 101 101 3461 3460 3784
5784 2 2 101 101 3737 2999 3775
5785 2 2 101 101 3600 3601 3786
5786 2 2 101 101 3529 3352 3789
5787 2 2 101 101 3439 3441 3790
5788 2 2 101 101 3353 3584 3728
5789 2 2 101 101 3609 3019 3788
5790 2 2 101 101 3409 3707 3771
5791 2 2 101 101 142 143 3791
5792 2 2 101 101 3036 3398 3723
5793 2 2 101 101 3572 3367 3797
5794 2 2 101 101 153 154 3794
5795 2 2 101 101 3029 3618 3793
5796 2 2 101 101 238 239 3801
5797 2 2 101 101 160 3051 3796
5798 2 2 101 101 3052 89 3799
5799 2 2 101 101 3688 3219 3752
5800 2 2 101 101 3053 3610 3798
5801 2 2 101 101 3403 3717 3776
5802 2 2 101 101 3584 3034 3728
5803 2 2 101 101 3351 3720 3755
5804 2 2 101 101 3366 3686 3733
5805 2 2 101 101 3736 3046 3787
5806 2 2 101 101 3382 3633 3728
5807 2 2 101 101 3063 173 3070
5808 2 2 101 101 3064 268 3069
5809 2 2 101 101 3274 3276 3772
5810 2 2 101 101 3633 3353 3728
5811 2 2 101 101 3276 3333 3334
5812 2 2 101 101 3718 3039 3764
5813 2 2 101 101 3065 3381 3762
5814 2 2 101 101 3066 3379 3763
5815 2 2 101 101 3366 3747 3800
5816 2 2 101 101 3689 3073 3777
5817 2 2 101 101 3067 175 3657
5818 2 2 101 101 3068 270 3656
5819 2 2 101 101 3374 3681 3768
5820 2 2 101 101 82 3065 3742
5821 2 2 101 101 177 3066 3743
5822 2 2 101 101 3778 3053 3798
5823 2 2 101 101 3702 3043 3781
5824 2 2 101 101 3764 3609 3788
5825 2 2 101 101 3441 3766 3790
5826 2 2 101 101 3034 3382 3728
5827 2 2 101 101 3437 3712 3759
5828 2 2 101 101 3591 3718 3764
5829 2 2 101 101 3743 3066 3763
5830 2 2 101 101 3735 3056 3792
5831 2 2 101 101 3742 3065 3762
5832 2 2 101 101 3067 3743 3763
5833 2 2 101 101 3068 3742 3762
5834 2 2 101 101 3379 3070 3763
5835 2 2 101 101 3381 3069 3762
5836 2 2 101 101 3387 3688 3802
5837 2 2 101 101 3333 3633 3745
5838 2 2 101 101 3380 3723 3750
5839 2 2 101 101 3395 3724 3785
5840 2 2 101 101 3396 3689 3777
5841 2 2 101 101 3723 3334 3750
5842 2 2 101 101 3525 3736 3787
5843 2 2 101 101 3334 3333 3745
5844 2 2 101 101 3747 3049 3800
5845 2 2 101 101 3777 3073 3795
5846 2 2 101 101 3035 3777 3795
5847 2 2 101 101 1 81 3656
5848 2 2 101 101 11 176 3657
5849 2 2 102 102 4400 3839 4553
5850 2 2 102 102 3839 4400 4448
5851 2 2 102 102 4335 3875 4571
5852 2 2 102 102 3875 4335 4435
5853 2 2 102 102 306 307 4187
5854 2 2 102 102 4253 4246 4412
5855 2 2 102 102 3824 4178 4274
5856 2 2 102 102 4326 3814 4328
5857 2 2 102 102 349 350 4503
5858 2 2 102 102 3843 348 4235
5859 2 2 102 102 4196 4084 4372
5860 2 2 102 102 234 233 4195
5861 2 2 102 102 4293 4416 4600
5862 2 2 102 102 3856 306 4187
5863 2 2 102 102 3841 4166 4432
5864 2 2 102 102 4166 3841 4438
5865 2 2 102 102 4428 4392 4438
5866 2 2 102 102 3814 4326 4330
5867 2 2 102 102 4293 4196 4416
5868 2 2 102 102 4178 3824 4275
5869 2 2 102 102 4234 3843 4235
5870 2 2 102 102 3841 4428 4438
5871 2 2 102 102 275 276 3883
5872 2 2 102 102 4146 3879 4550
5873 2 2 102 102 3890 3887 4153
5874 2 2 102 102 4185 3856 4187
5875 2 2 102 102 3 72 4479
5876 2 2 102 102 79 10 4478
5877 2 2 102 102 4103 4513 4568
5878 2 2 102 102 4447 4244 4464
5879 2 2 102 102 3850 4177 4275
5880 2 2 102 102 3856 4185 4188
5881 2 2 102 102 3863 4447 4464
5882 2 2 102 102 4300 3827 4490
5883 2 2 102 102 3827 4300 4498
5884 2 2 102 102 3879 4146 4481
5885 2 2 102 102 4244 3826 4245
5886 2 2 102 102 3826 4244 4447
5887 2 2 102 102 4166 4165 4432
5888 2 2 102 102 4194 3872 4196
5889 2 2 102 102 4211 3840 4352
5890 2 2 102 102 4169 4129 4458
5891 2 2 102 102 4432 4165 4453
5892 2 2 102 102 4497 4066 4516
5893 2 2 102 102 4235 349 4503
5894 2 2 102 102 348 349 4235
5895 2 2 102 102 4251 3860 4325
5896 2 2 102 102 4129 4169 4589
5897 2 2 102 102 4168 4169 4458
5898 2 2 102 102 4168 4458 4475
5899 2 2 102 102 3860 4251 4422
5900 2 2 102 102 192 191 4485
5901 2 2 102 102 3822 234 4195
5902 2 2 102 102 4194 4196 4372
5903 2 2 102 102 3822 4193 4197
5904 2 2 102 102 4246 4253 4548
5905 2 2 102 102 3887 3885 4153
5906 2 2 102 102 3873 4353 4354
5907 2 2 102 102 3883 276 4560
5908 2 2 102 102 4422 4251 4440
5909 2 2 102 102 4152 3816 4535
5910 2 2 102 102 4525 4183 4532
5911 2 2 102 102 4475 4092 4495
5912 2 2 102 102 3858 4525 4532
5913 2 2 102 102 4168 4475 4495
5914 2 2 102 102 4301 4300 4477
5915 2 2 102 102 4193 3822 4195
5916 2 2 102 102 4443 4452 4469
5917 2 2 102 102 4198 3870 4427
5918 2 2 102 102 3812 4422 4440
5919 2 2 102 102 4325 3860 4330
5920 2 2 102 102 3819 193 4212
5921 2 2 102 102 4352 3840 4354
5922 2 2 102 102 4477 4300 4490
5923 2 2 102 102 3885 3883 4152
5924 2 2 102 102 4249 3864 4507
5925 2 2 102 102 3864 4249 4518
5926 2 2 102 102 4452 3835 4469
5927 2 2 102 102 3872 4194 4195
5928 2 2 102 102 4494 4343 4504
5929 2 2 102 102 3811 4494 4504
5930 2 2 102 102 4473 4137 4487
5931 2 2 102 102 4301 3863 4464
5932 2 2 102 102 3816 4453 4535
5933 2 2 102 102 3859 4473 4487
5934 2 2 102 102 3863 4301 4477
5935 2 2 102 102 4371 3810 4541
5936 2 2 102 102 3844 4163 4499
5937 2 2 102 102 3810 4371 4551
5938 2 2 102 102 4353 3873 4355
5939 2 2 102 102 4213 4117 4215
5940 2 2 102 102 4326 4325 4330
5941 2 2 102 102 351 352 4275
5942 2 2 102 102 3884 3883 3885
5943 2 2 102 102 4210 3819 4212
5944 2 2 102 102 4084 4196 4293
5945 2 2 102 102 3843 4234 4236
5946 2 2 102 102 3808 4189 4191
5947 2 2 102 102 4111 4260 4482
5948 2 2 102 102 4189 3808 4190
5949 2 2 102 102 4192 4100 4197
5950 2 2 102 102 3890 4153 4164
5951 2 2 102 102 176 11 4478
5952 2 2 102 102 2 270 4479
5953 2 2 102 102 4212 192 4485
5954 2 2 102 102 190 189 4354
5955 2 2 102 102 4143 3812 4440
5956 2 2 102 102 233 3872 4195
5957 2 2 102 102 193 192 4212
5958 2 2 102 102 3812 4143 4455
5959 2 2 102 102 4472 4122 4506
5960 2 2 102 102 4453 4165 4535
5961 2 2 102 102 4197 4198 4427
5962 2 2 102 102 4161 4497 4516
5963 2 2 102 102 4143 4137 4455
5964 2 2 102 102 177 3881 4147
5965 2 2 102 102 363 3879 4149
5966 2 2 102 102 4092 4163 4495
5967 2 2 102 102 3836 4156 4157
5968 2 2 102 102 4177 4178 4275
5969 2 2 102 102 4513 4151 4568
5970 2 2 102 102 4455 4137 4473
5971 2 2 102 102 4416 3829 4600
5972 2 2 102 102 4111 4191 4462
5973 2 2 102 102 179 3878 4154
5974 2 2 102 102 4193 4192 4197
5975 2 2 102 102 3886 3885 3887
5976 2 2 102 102 3836 4155 4156
5977 2 2 102 102 4191 4189 4462
5978 2 2 102 102 4419 4145 4439
5979 2 2 102 102 4527 286 4573
5980 2 2 102 102 4184 4108 4188
5981 2 2 102 102 4153 4152 4535
5982 2 2 102 102 4266 4527 4573
5983 2 2 102 102 4316 4317 4526
5984 2 2 102 102 4185 4184 4188
5985 2 2 102 102 4526 4317 4534
5986 2 2 102 102 4147 3881 4578
5987 2 2 102 102 4214 4213 4215
5988 2 2 102 102 4145 4144 4439
5989 2 2 102 102 3819 4210 4213
5990 2 2 102 102 4151 4148 4568
5991 2 2 102 102 4191 4111 4482
5992 2 2 102 102 4236 4145 4419
5993 2 2 102 102 4317 3828 4534
5994 2 2 102 102 4205 3857 4570
5995 2 2 102 102 3857 4205 4583
5996 2 2 102 102 4149 3879 4514
5997 2 2 102 102 3828 4317 4543
5998 2 2 102 102 4552 4173 4565
5999 2 2 102 102 3853 4552 4565
6000 2 2 102 102 4177 3850 4601
6001 2 2 102 102 195 194 4214
6002 2 2 102 102 4187 307 4610
6003 2 2 102 102 3831 4454 4470
6004 2 2 102 102 3843 4236 4419
6005 2 2 102 102 4197 4100 4198
6006 2 2 102 102 4249 3827 4498
6007 2 2 102 102 3870 4198 4467
6008 2 2 102 102 304 305 4190
6009 2 2 102 102 4328 3814 4329
6010 2 2 102 102 4454 4305 4470
6011 2 2 102 102 3824 351 4275
6012 2 2 102 102 352 3850 4275
6013 2 2 102 102 3827 4249 4507
6014 2 2 102 102 350 3824 4503
6015 2 2 102 102 4157 4156 4158
6016 2 2 102 102 3849 4484 4492
6017 2 2 102 102 3840 190 4354
6018 2 2 102 102 189 3873 4354
6019 2 2 102 102 4159 3844 4499
6020 2 2 102 102 4484 4383 4492
6021 2 2 102 102 365 4479 4550
6022 2 2 102 102 4478 271 4549
6023 2 2 102 102 4451 4109 4467
6024 2 2 102 102 4144 3831 4439
6025 2 2 102 102 4160 4161 4469
6026 2 2 102 102 4353 4352 4354
6027 2 2 102 102 3855 4261 4429
6028 2 2 102 102 4480 293 4509
6029 2 2 102 102 3885 4152 4153
6030 2 2 102 102 4215 4472 4506
6031 2 2 102 102 3845 275 3883
6032 2 2 102 102 4160 3846 4161
6033 2 2 102 102 3831 4144 4454
6034 2 2 102 102 4343 3859 4487
6035 2 2 102 102 238 237 4444
6036 2 2 102 102 3882 4146 4550
6037 2 2 102 102 326 327 4330
6038 2 2 102 102 4163 4162 4495
6039 2 2 102 102 4261 4262 4429
6040 2 2 102 102 4380 4183 4515
6041 2 2 102 102 191 3840 4485
6042 2 2 102 102 3859 4343 4494
6043 2 2 102 102 3878 4151 4513
6044 2 2 102 102 3888 3887 3889
6045 2 2 102 102 4515 4183 4525
6046 2 2 102 102 4150 3865 4557
6047 2 2 102 102 265 264 4162
6048 2 2 102 102 4231 4554 4555
6049 2 2 102 102 3865 4150 4566
6050 2 2 102 102 4163 4092 4556
6051 2 2 102 102 4154 3878 4524
6052 2 2 102 102 3884 3885 3886
6053 2 2 102 102 4188 4108 4189
6054 2 2 102 102 4290 238 4444
6055 2 2 102 102 3824 4274 4503
6056 2 2 102 102 4287 3823 4289
6057 2 2 102 102 361 3846 4160
6058 2 2 102 102 239 238 4290
6059 2 2 102 102 4289 3823 4290
6060 2 2 102 102 3840 4211 4485
6061 2 2 102 102 4188 4189 4190
6062 2 2 102 102 4259 4258 4576
6063 2 2 102 102 4316 3864 4518
6064 2 2 102 102 3886 3887 3888
6065 2 2 102 102 3867 195 4214
6066 2 2 102 102 4576 4258 4588
6067 2 2 102 102 194 3819 4214
6068 2 2 102 102 4262 3813 4429
6069 2 2 102 102 4412 4246 4590
6070 2 2 102 102 3864 4316 4526
6071 2 2 102 102 3808 304 4190
6072 2 2 102 102 305 3856 4190
6073 2 2 102 102 4309 4537 4545
6074 2 2 102 102 4542 254 4561
6075 2 2 102 102 4152 3883 4560
6076 2 2 102 102 4554 3842 4555
6077 2 2 102 102 4463 4400 4553
6078 2 2 102 102 4215 4117 4472
6079 2 2 102 102 3822 4197 4427
6080 2 2 102 102 4260 4261 4482
6081 2 2 102 102 3813 4445 4459
6082 2 2 102 102 3813 4262 4445
6083 2 2 102 102 4083 4038 4237
6084 2 2 102 102 4196 3872 4416
6085 2 2 102 102 3880 4148 4151
6086 2 2 102 102 3823 239 4290
6087 2 2 102 102 3856 4188 4190
6088 2 2 102 102 3823 4287 4431
6089 2 2 102 102 4378 4335 4571
6090 2 2 102 102 4438 4393 4441
6091 2 2 102 102 327 3814 4330
6092 2 2 102 102 3860 326 4330
6093 2 2 102 102 4445 4341 4459
6094 2 2 102 102 3888 4449 4582
6095 2 2 102 102 4198 4451 4467
6096 2 2 102 102 4305 3849 4470
6097 2 2 102 102 3808 4191 4420
6098 2 2 102 102 4145 4236 4456
6099 2 2 102 102 4468 244 4471
6100 2 2 102 102 4162 264 4167
6101 2 2 102 102 4291 4109 4344
6102 2 2 102 102 4380 3811 4504
6103 2 2 102 102 363 364 3879
6104 2 2 102 102 272 273 3880
6105 2 2 102 102 177 176 3881
6106 2 2 102 102 270 269 3882
6107 2 2 102 102 268 267 3877
6108 2 2 102 102 179 178 3878
6109 2 2 102 102 4297 4480 4509
6110 2 2 102 102 274 275 3845
6111 2 2 102 102 361 362 3846
6112 2 2 102 102 3854 4474 4486
6113 2 2 102 102 3868 4496 4505
6114 2 2 102 102 3844 265 4162
6115 2 2 102 102 4109 4291 4467
6116 2 2 102 102 4520 4345 4521
6117 2 2 102 102 3849 4305 4484
6118 2 2 102 102 4283 4542 4561
6119 2 2 102 102 237 3870 4444
6120 2 2 102 102 4450 4103 4582
6121 2 2 102 102 3811 4380 4515
6122 2 2 102 102 4287 4288 4431
6123 2 2 102 102 4528 251 4533
6124 2 2 102 102 3844 4162 4163
6125 2 2 102 102 4496 4138 4505
6126 2 2 102 102 4474 4136 4486
6127 2 2 102 102 4213 4210 4339
6128 2 2 102 102 4117 4213 4339
6129 2 2 102 102 4236 4237 4456
6130 2 2 102 102 4479 3882 4550
6131 2 2 102 102 3881 4478 4549
6132 2 2 102 102 4426 4329 4593
6133 2 2 102 102 4038 4036 4237
6134 2 2 102 102 4234 4083 4237
6135 2 2 102 102 4537 3806 4545
6136 2 2 102 102 4329 4426 4599
6137 2 2 102 102 4258 3829 4588
6138 2 2 102 102 3829 4258 4600
6139 2 2 102 102 269 268 4146
6140 2 2 102 102 273 274 4148
6141 2 2 102 102 4156 4155 4449
6142 2 2 102 102 4289 4291 4344
6143 2 2 102 102 3889 3887 3890
6144 2 2 102 102 4166 4438 4441
6145 2 2 102 102 3892 3890 4164
6146 2 2 102 102 4074 3892 4164
6147 2 2 102 102 4444 3870 4467
6148 2 2 102 102 4425 3833 4501
6149 2 2 102 102 4392 4393 4438
6150 2 2 102 102 4289 4290 4291
6151 2 2 102 102 4288 4417 4431
6152 2 2 102 102 267 266 4159
6153 2 2 102 102 4355 3873 4466
6154 2 2 102 102 3819 4213 4214
6155 2 2 102 102 4206 4205 4562
6156 2 2 102 102 181 180 3836
6157 2 2 102 102 266 265 3844
6158 2 2 102 102 3816 4152 4560
6159 2 2 102 102 4268 3838 4460
6160 2 2 102 102 3882 269 4146
6161 2 2 102 102 3880 273 4148
6162 2 2 102 102 4425 4501 4511
6163 2 2 102 102 4414 3838 4476
6164 2 2 102 102 3877 267 4159
6165 2 2 102 102 3857 4583 4595
6166 2 2 102 102 4562 4205 4570
6167 2 2 102 102 4198 4100 4451
6168 2 2 102 102 4074 4164 4165
6169 2 2 102 102 3878 4147 4151
6170 2 2 102 102 4142 4066 4497
6171 2 2 102 102 4150 3828 4543
6172 2 2 102 102 3838 4268 4476
6173 2 2 102 102 181 3836 4157
6174 2 2 102 102 4421 3857 4595
6175 2 2 102 102 4245 3826 4246
6176 2 2 102 102 4341 3854 4459
6177 2 2 102 102 3804 4307 4563
6178 2 2 102 102 4414 4476 4488
6179 2 2 102 102 4435 4129 4589
6180 2 2 102 102 4368 4468 4471
6181 2 2 102 102 4417 4288 4442
6182 2 2 102 102 3867 4214 4215
6183 2 2 102 102 3889 3890 3891
6184 2 2 102 102 4093 4060 4170
6185 2 2 102 102 3828 4150 4557
6186 2 2 102 102 11 79 4478
6187 2 2 102 102 72 2 4479
6188 2 2 102 102 4074 4165 4166
6189 2 2 102 102 264 263 4167
6190 2 2 102 102 3848 4425 4511
6191 2 2 102 102 3889 3891 4068
6192 2 2 102 102 3891 3890 3892
6193 2 2 102 102 4236 4234 4237
6194 2 2 102 102 263 3807 4167
6195 2 2 102 102 3854 4341 4474
6196 2 2 102 102 364 365 4550
6197 2 2 102 102 271 272 4549
6198 2 2 102 102 4122 4268 4506
6199 2 2 102 102 3891 3892 3893
6200 2 2 102 102 178 177 4147
6201 2 2 102 102 362 363 4149
6202 2 2 102 102 4167 3807 4168
6203 2 2 102 102 3893 3892 3894
6204 2 2 102 102 4060 4058 4170
6205 2 2 102 102 4058 4065 4170
6206 2 2 102 102 4168 3807 4169
6207 2 2 102 102 4170 4065 4171
6208 2 2 102 102 3893 3894 3895
6209 2 2 102 102 3894 3892 4074
6210 2 2 102 102 4171 4065 4172
6211 2 2 102 102 3895 3894 3896
6212 2 2 102 102 4171 4172 4173
6213 2 2 102 102 3895 3896 3897
6214 2 2 102 102 3897 3896 3898
6215 2 2 102 102 3895 3897 4076
6216 2 2 102 102 3897 3898 3899
6217 2 2 102 102 3899 3898 3900
6218 2 2 102 102 3900 3898 4123
6219 2 2 102 102 3899 3900 3901
6220 2 2 102 102 3902 3900 4390
6221 2 2 102 102 3901 3900 3902
6222 2 2 102 102 3899 3901 4094
6223 2 2 102 102 3900 4123 4390
6224 2 2 102 102 3901 3902 3903
6225 2 2 102 102 3903 3902 3904
6226 2 2 102 102 3954 3952 4358
6227 2 2 102 102 4085 4359 4360
6228 2 2 102 102 4201 4203 4206
6229 2 2 102 102 3952 4219 4358
6230 2 2 102 102 4085 4358 4359
6231 2 2 102 102 4311 4127 4363
6232 2 2 102 102 3960 4073 4202
6233 2 2 102 102 4238 4239 4241
6234 2 2 102 102 3952 3950 4219
6235 2 2 102 102 4201 4202 4203
6236 2 2 102 102 3962 3960 4202
6237 2 2 102 102 3924 3922 4298
6238 2 2 102 102 4001 4100 4192
6239 2 2 102 102 4086 4314 4318
6240 2 2 102 102 4314 4240 4318
6241 2 2 102 102 4016 4080 4238
6242 2 2 102 102 4085 3954 4358
6243 2 2 102 102 4204 4073 4349
6244 2 2 102 102 4086 4313 4314
6245 2 2 102 102 3950 4082 4219
6246 2 2 102 102 4027 4134 4207
6247 2 2 102 102 3922 3969 4298
6248 2 2 102 102 4203 4205 4206
6249 2 2 102 102 4221 4222 4224
6250 2 2 102 102 4179 3981 4180
6251 2 2 102 102 4218 4226 4227
6252 2 2 102 102 4178 4104 4321
6253 2 2 102 102 4079 4301 4320
6254 2 2 102 102 3964 3962 4199
6255 2 2 102 102 3971 3981 4179
6256 2 2 102 102 3976 3978 4332
6257 2 2 102 102 4086 4312 4313
6258 2 2 102 102 4208 4099 4209
6259 2 2 102 102 4182 3981 4366
6260 2 2 102 102 4018 4016 4238
6261 2 2 102 102 4128 3923 4279
6262 2 2 102 102 3903 3904 3905
6263 2 2 102 102 4199 3962 4202
6264 2 2 102 102 4231 4263 4264
6265 2 2 102 102 3945 4110 4221
6266 2 2 102 102 4327 4328 4331
6267 2 2 102 102 4202 4073 4203
6268 2 2 102 102 3923 3925 4279
6269 2 2 102 102 3909 4099 4208
6270 2 2 102 102 4204 4349 4360
6271 2 2 102 102 3904 3902 4115
6272 2 2 102 102 4010 4008 4312
6273 2 2 102 102 4033 4030 4302
6274 2 2 102 102 4298 4311 4363
6275 2 2 102 102 4238 4080 4239
6276 2 2 102 102 4252 4253 4254
6277 2 2 102 102 4174 4104 4177
6278 2 2 102 102 3935 3937 4226
6279 2 2 102 102 3959 3961 4243
6280 2 2 102 102 4118 4302 4303
6281 2 2 102 102 4088 4277 4278
6282 2 2 102 102 4025 4027 4207
6283 2 2 102 102 3999 4001 4192
6284 2 2 102 102 4284 4113 4285
6285 2 2 102 102 3996 3994 4327
6286 2 2 102 102 4274 4178 4321
6287 2 2 102 102 3993 4084 4292
6288 2 2 102 102 4030 4028 4302
6289 2 2 102 102 4221 4110 4222
6290 2 2 102 102 3953 4071 4252
6291 2 2 102 102 3991 3993 4292
6292 2 2 102 102 3989 3991 4255
6293 2 2 102 102 4113 4045 4306
6294 2 2 102 102 4177 4104 4178
6295 2 2 102 102 4045 4047 4306
6296 2 2 102 102 4280 4113 4284
6297 2 2 102 102 4288 4112 4362
6298 2 2 102 102 4216 4087 4217
6299 2 2 102 102 4046 4104 4174
6300 2 2 102 102 4014 4012 4318
6301 2 2 102 102 4098 4176 4277
6302 2 2 102 102 4231 4228 4263
6303 2 2 102 102 4107 4309 4310
6304 2 2 102 102 4086 4010 4312
6305 2 2 102 102 4081 4143 4356
6306 2 2 102 102 4017 4121 4276
6307 2 2 102 102 4122 3919 4267
6308 2 2 102 102 4107 4308 4309
6309 2 2 102 102 4255 3991 4292
6310 2 2 102 102 4125 4333 4342
6311 2 2 102 102 4252 4071 4253
6312 2 2 102 102 4095 4006 4269
6313 2 2 102 102 3946 4108 4184
6314 2 2 102 102 3933 4087 4216
6315 2 2 102 102 3970 3972 4248
6316 2 2 102 102 4050 4098 4277
6317 2 2 102 102 3975 3973 4323
6318 2 2 102 102 3916 3914 4337
6319 2 2 102 102 4228 3910 4263
6320 2 2 102 102 3943 3945 4221
6321 2 2 102 102 3951 3953 4252
6322 2 2 102 102 3938 4114 4260
6323 2 2 102 102 4182 4366 4370
6324 2 2 102 102 4232 4083 4233
6325 2 2 102 102 4080 4014 4318
6326 2 2 102 102 4012 4086 4318
6327 2 2 102 102 4073 3958 4349
6328 2 2 102 102 3908 3980 4263
6329 2 2 102 102 4087 3935 4226
6330 2 2 102 102 4107 4310 4346
6331 2 2 102 102 3905 3907 4351
6332 2 2 102 102 4089 3976 4332
6333 2 2 102 102 4180 3981 4182
6334 2 2 102 102 3994 4119 4327
6335 2 2 102 102 3996 4327 4331
6336 2 2 102 102 3984 3987 4322
6337 2 2 102 102 4095 4269 4272
6338 2 2 102 102 4210 4099 4339
6339 2 2 102 102 4260 4114 4261
6340 2 2 102 102 3919 3921 4267
6341 2 2 102 102 4040 4083 4232
6342 2 2 102 102 3912 3910 4228
6343 2 2 102 102 4061 4041 4280
6344 2 2 102 102 4277 4176 4278
6345 2 2 102 102 3914 4101 4337
6346 2 2 102 102 4247 4133 4319
6347 2 2 102 102 3978 4139 4332
6348 2 2 102 102 4203 4073 4204
6349 2 2 102 102 4020 4077 4373
6350 2 2 102 102 4098 4174 4175
6351 2 2 102 102 4011 4112 4286
6352 2 2 102 102 4250 4124 4251
6353 2 2 102 102 4118 4033 4302
6354 2 2 102 102 4286 4112 4287
6355 2 2 102 102 4122 4267 4268
6356 2 2 102 102 4208 4211 4351
6357 2 2 102 102 3937 4097 4226
6358 2 2 102 102 3986 4081 4356
6359 2 2 102 102 4006 4004 4269
6360 2 2 102 102 3903 3905 4102
6361 2 2 102 102 4292 4084 4293
6362 2 2 102 102 4098 4048 4174
6363 2 2 102 102 4095 4272 4273
6364 2 2 102 102 4333 3982 4342
6365 2 2 102 102 4346 4310 4347
6366 2 2 102 102 4041 4043 4280
6367 2 2 102 102 4239 4080 4240
6368 2 2 102 102 3983 3984 4322
6369 2 2 102 102 4107 4037 4308
6370 2 2 102 102 3910 3908 4263
6371 2 2 102 102 4351 4211 4352
6372 2 2 102 102 4263 3980 4264
6373 2 2 102 102 4209 4099 4210
6374 2 2 102 102 4082 4186 4219
6375 2 2 102 102 4008 4095 4312
6376 2 2 102 102 4082 4185 4186
6377 2 2 102 102 4208 4209 4211
6378 2 2 102 102 4233 4234 4235
6379 2 2 102 102 3982 4323 4324
6380 2 2 102 102 3990 4124 4250
6381 2 2 102 102 4037 4039 4308
6382 2 2 102 102 4079 4300 4301
6383 2 2 102 102 4287 4112 4288
6384 2 2 102 102 4130 4025 4207
6385 2 2 102 102 3998 3996 4331
6386 2 2 102 102 3973 4179 4323
6387 2 2 102 102 3905 3904 3906
6388 2 2 102 102 4194 4193 4195
6389 2 2 102 102 3921 4128 4267
6390 2 2 102 102 3925 4132 4279
6391 2 2 102 102 4082 4184 4185
6392 2 2 102 102 4104 4044 4321
6393 2 2 102 102 3905 3906 3907
6394 2 2 102 102 4061 4280 4281
6395 2 2 102 102 4043 4113 4280
6396 2 2 102 102 4179 4180 4181
6397 2 2 102 102 3969 4296 4298
6398 2 2 102 102 4106 3943 4221
6399 2 2 102 102 4285 4113 4306
6400 2 2 102 102 3927 3928 4319
6401 2 2 102 102 4217 4087 4218
6402 2 2 102 102 3940 3938 4260
6403 2 2 102 102 4079 4299 4300
6404 2 2 102 102 4139 3983 4140
6405 2 2 102 102 4075 3964 4199
6406 2 2 102 102 3948 3946 4184
6407 2 2 102 102 4216 4217 4247
6408 2 2 102 102 4216 4247 4319
6409 2 2 102 102 3933 3935 4087
6410 2 2 102 102 3907 4208 4351
6411 2 2 102 102 4316 4089 4317
6412 2 2 102 102 4077 4018 4238
6413 2 2 102 102 3942 3940 4111
6414 2 2 102 102 3969 4295 4296
6415 2 2 102 102 4061 4282 4308
6416 2 2 102 102 4375 4072 4382
6417 2 2 102 102 3973 3971 4179
6418 2 2 102 102 4082 3948 4184
6419 2 2 102 102 4088 4052 4277
6420 2 2 102 102 4020 4018 4077
6421 2 2 102 102 4175 4174 4177
6422 2 2 102 102 4126 3929 4127
6423 2 2 102 102 4047 4046 4048
6424 2 2 102 102 4243 3961 4320
6425 2 2 102 102 4323 4181 4324
6426 2 2 102 102 4264 3980 4265
6427 2 2 102 102 4052 4050 4277
6428 2 2 102 102 3963 3962 3964
6429 2 2 102 102 4043 4045 4113
6430 2 2 102 102 3921 3923 4128
6431 2 2 102 102 4135 3970 4248
6432 2 2 102 102 4050 4048 4098
6433 2 2 102 102 3943 3942 3944
6434 2 2 102 102 3950 3948 4082
6435 2 2 102 102 4048 4046 4174
6436 2 2 102 102 4233 4083 4234
6437 2 2 102 102 3965 3964 3966
6438 2 2 102 102 4091 3999 4192
6439 2 2 102 102 4256 4257 4258
6440 2 2 102 102 4025 4026 4027
6441 2 2 102 102 4303 4304 4305
6442 2 2 102 102 3913 3912 3914
6443 2 2 102 102 4061 4281 4282
6444 2 2 102 102 4058 4056 4065
6445 2 2 102 102 4116 3951 4252
6446 2 2 102 102 4101 3912 4228
6447 2 2 102 102 3925 3926 3927
6448 2 2 102 102 3935 3936 3937
6449 2 2 102 102 3987 4078 4322
6450 2 2 102 102 3913 3915 4117
6451 2 2 102 102 4051 4050 4052
6452 2 2 102 102 4090 4337 4338
6453 2 2 102 102 3925 3927 4132
6454 2 2 102 102 4049 4048 4050
6455 2 2 102 102 4039 4040 4041
6456 2 2 102 102 4013 4012 4014
6457 2 2 102 102 4035 4034 4036
6458 2 2 102 102 4127 3929 4363
6459 2 2 102 102 3970 3971 3972
6460 2 2 102 102 3909 3910 3911
6461 2 2 102 102 3966 3964 4075
6462 2 2 102 102 4264 4265 4266
6463 2 2 102 102 3997 3996 3998
6464 2 2 102 102 3987 3986 3988
6465 2 2 102 102 4019 4018 4020
6466 2 2 102 102 3928 3931 4319
6467 2 2 102 102 4039 4061 4308
6468 2 2 102 102 3999 4000 4001
6469 2 2 102 102 4179 4181 4323
6470 2 2 102 102 4140 3983 4322
6471 2 2 102 102 3967 3970 4135
6472 2 2 102 102 4126 4127 4136
6473 2 2 102 102 4001 4003 4100
6474 2 2 102 102 4232 4233 4274
6475 2 2 102 102 4322 4078 4350
6476 2 2 102 102 3959 3958 3960
6477 2 2 102 102 4098 4175 4176
6478 2 2 102 102 4286 4289 4344
6479 2 2 102 102 3976 3975 3977
6480 2 2 102 102 3941 4106 4357
6481 2 2 102 102 3949 3948 3950
6482 2 2 102 102 3972 3971 3973
6483 2 2 102 102 3982 3975 4323
6484 2 2 102 102 4024 4022 4072
6485 2 2 102 102 3928 3929 3930
6486 2 2 102 102 3931 3932 3933
6487 2 2 102 102 4131 3959 4243
6488 2 2 102 102 4270 4105 4271
6489 2 2 102 102 3909 3911 4099
6490 2 2 102 102 4037 4036 4038
6491 2 2 102 102 3995 3996 3997
6492 2 2 102 102 4001 4002 4003
6493 2 2 102 102 4055 4056 4057
6494 2 2 102 102 3933 3934 3935
6495 2 2 102 102 3939 3941 4357
6496 2 2 102 102 3989 3990 3991
6497 2 2 102 102 4053 4055 4129
6498 2 2 102 102 4028 4067 4302
6499 2 2 102 102 4009 4008 4010
6500 2 2 102 102 4057 4056 4058
6501 2 2 102 102 4042 4040 4232
6502 2 2 102 102 4008 4006 4095
6503 2 2 102 102 4054 4052 4088
6504 2 2 102 102 3951 3952 3953
6505 2 2 102 102 3941 3940 3942
6506 2 2 102 102 4307 4374 4377
6507 2 2 102 102 4078 3989 4255
6508 2 2 102 102 4005 4004 4006
6509 2 2 102 102 4029 4028 4030
6510 2 2 102 102 4034 4033 4096
6511 2 2 102 102 4017 4018 4019
6512 2 2 102 102 4025 4024 4026
6513 2 2 102 102 3994 3992 4119
6514 2 2 102 102 4023 4022 4024
6515 2 2 102 102 3909 3908 3910
6516 2 2 102 102 4349 4085 4360
6517 2 2 102 102 4256 4258 4259
6518 2 2 102 102 4043 4044 4045
6519 2 2 102 102 4240 4080 4318
6520 2 2 102 102 3957 3958 3959
6521 2 2 102 102 3977 3975 3982
6522 2 2 102 102 4007 4006 4008
6523 2 2 102 102 4308 4282 4309
6524 2 2 102 102 4053 4052 4054
6525 2 2 102 102 3915 3916 3917
6526 2 2 102 102 4017 4016 4018
6527 2 2 102 102 3953 3954 3955
6528 2 2 102 102 3928 3926 3929
6529 2 2 102 102 3943 3944 3945
6530 2 2 102 102 3913 3914 3915
6531 2 2 102 102 4011 4010 4012
6532 2 2 102 102 4004 4105 4269
6533 2 2 102 102 4059 4060 4062
6534 2 2 102 102 3917 3919 4122
6535 2 2 102 102 4004 4002 4105
6536 2 2 102 102 3987 3989 4078
6537 2 2 102 102 3939 3938 3940
6538 2 2 102 102 3908 3906 3980
6539 2 2 102 102 4101 4229 4230
6540 2 2 102 102 4079 3965 4299
6541 2 2 102 102 3931 3933 4216
6542 2 2 102 102 4021 4020 4022
6543 2 2 102 102 4039 4041 4061
6544 2 2 102 102 3960 3958 4073
6545 2 2 102 102 4011 4012 4013
6546 2 2 102 102 3955 3956 3957
6547 2 2 102 102 4133 3927 4319
6548 2 2 102 102 3953 3955 4071
6549 2 2 102 102 4027 4028 4029
6550 2 2 102 102 3911 3913 4339
6551 2 2 102 102 4111 3940 4260
6552 2 2 102 102 3930 3929 4126
6553 2 2 102 102 3939 3940 3941
6554 2 2 102 102 3946 3944 4108
6555 2 2 102 102 3928 3930 3931
6556 2 2 102 102 3917 3916 3918
6557 2 2 102 102 3914 3912 4101
6558 2 2 102 102 4248 3972 4315
6559 2 2 102 102 3974 3973 3975
6560 2 2 102 102 4041 4040 4042
6561 2 2 102 102 4043 4042 4044
6562 2 2 102 102 3921 3922 3923
6563 2 2 102 102 3959 3960 3961
6564 2 2 102 102 4269 4270 4272
6565 2 2 102 102 3974 3975 3976
6566 2 2 102 102 4139 4140 4150
6567 2 2 102 102 4016 4014 4080
6568 2 2 102 102 3933 3932 3934
6569 2 2 102 102 3917 3918 3919
6570 2 2 102 102 4099 3911 4339
6571 2 2 102 102 4315 4089 4316
6572 2 2 102 102 3947 3946 3948
6573 2 2 102 102 4106 4221 4224
6574 2 2 102 102 3978 3983 4139
6575 2 2 102 102 3987 3988 3989
6576 2 2 102 102 3993 3995 4084
6577 2 2 102 102 4222 4110 4223
6578 2 2 102 102 3918 3916 4090
6579 2 2 102 102 4218 4087 4226
6580 2 2 102 102 4106 4224 4225
6581 2 2 102 102 4307 4306 4374
6582 2 2 102 102 4281 4280 4284
6583 2 2 102 102 3991 3990 3992
6584 2 2 102 102 3967 3968 3970
6585 2 2 102 102 3984 3986 3987
6586 2 2 102 102 3986 3985 4081
6587 2 2 102 102 4009 4010 4011
6588 2 2 102 102 3951 3950 3952
6589 2 2 102 102 3955 3954 3956
6590 2 2 102 102 3925 3924 3926
6591 2 2 102 102 3976 3977 3978
6592 2 2 102 102 3938 3936 4114
6593 2 2 102 102 4012 4010 4086
6594 2 2 102 102 4069 4051 4334
6595 2 2 102 102 3937 3938 3939
6596 2 2 102 102 3983 3979 3984
6597 2 2 102 102 4032 4033 4034
6598 2 2 102 102 4015 4016 4017
6599 2 2 102 102 3945 3947 4110
6600 2 2 102 102 3984 3985 3986
6601 2 2 102 102 4046 4044 4104
6602 2 2 102 102 4015 4014 4016
6603 2 2 102 102 3911 3910 3912
6604 2 2 102 102 3993 3992 3994
6605 2 2 102 102 3978 3979 3983
6606 2 2 102 102 3945 3944 3946
6607 2 2 102 102 3997 3999 4091
6608 2 2 102 102 3978 3977 3979
6609 2 2 102 102 3961 3962 3963
6610 2 2 102 102 3999 3998 4000
6611 2 2 102 102 3991 3992 3993
6612 2 2 102 102 3919 3918 3920
6613 2 2 102 102 3956 3954 4085
6614 2 2 102 102 3995 3994 3996
6615 2 2 102 102 4327 4326 4328
6616 2 2 102 102 3965 3966 3967
6617 2 2 102 102 3921 3920 3922
6618 2 2 102 102 4045 4046 4047
6619 2 2 102 102 3945 3946 3947
6620 2 2 102 102 4005 4006 4007
6621 2 2 102 102 3922 3920 3969
6622 2 2 102 102 3989 3988 3990
6623 2 2 102 102 4021 4022 4023
6624 2 2 102 102 3949 3951 4116
6625 2 2 102 102 3937 3936 3938
6626 2 2 102 102 4009 4011 4286
6627 2 2 102 102 4053 4054 4055
6628 2 2 102 102 3937 3939 4097
6629 2 2 102 102 4007 4008 4009
6630 2 2 102 102 4027 4029 4134
6631 2 2 102 102 4032 4030 4033
6632 2 2 102 102 4039 4038 4040
6633 2 2 102 102 3923 3924 3925
6634 2 2 102 102 4101 4228 4229
6635 2 2 102 102 4031 4030 4032
6636 2 2 102 102 3907 3906 3908
6637 2 2 102 102 3919 3920 3921
6638 2 2 102 102 4084 3995 4372
6639 2 2 102 102 4257 4292 4293
6640 2 2 102 102 3957 3956 3958
6641 2 2 102 102 3927 3926 3928
6642 2 2 102 102 4132 4133 4138
6643 2 2 102 102 4047 4048 4049
6644 2 2 102 102 4116 4252 4254
6645 2 2 102 102 4041 4042 4043
6646 2 2 102 102 4003 4002 4004
6647 2 2 102 102 4229 4228 4231
6648 2 2 102 102 4023 4024 4025
6649 2 2 102 102 4015 4017 4276
6650 2 2 102 102 3907 3908 3909
6651 2 2 102 102 4078 4256 4350
6652 2 2 102 102 4029 4030 4031
6653 2 2 102 102 3953 3952 3954
6654 2 2 102 102 4256 4255 4257
6655 2 2 102 102 3957 3959 4131
6656 2 2 102 102 4032 4034 4035
6657 2 2 102 102 4286 4287 4289
6658 2 2 102 102 3934 3932 4120
6659 2 2 102 102 4005 4007 4109
6660 2 2 102 102 4017 4019 4121
6661 2 2 102 102 3993 3994 3995
6662 2 2 102 102 4003 4004 4005
6663 2 2 102 102 3967 3966 3968
6664 2 2 102 102 4059 4058 4060
6665 2 2 102 102 4269 4105 4270
6666 2 2 102 102 4096 4033 4118
6667 2 2 102 102 4000 4070 4336
6668 2 2 102 102 4035 4036 4037
6669 2 2 102 102 4201 4199 4202
6670 2 2 102 102 4119 3992 4250
6671 2 2 102 102 3911 3912 3913
6672 2 2 102 102 3974 3976 4089
6673 2 2 102 102 3963 3964 3965
6674 2 2 102 102 3918 4090 4294
6675 2 2 102 102 4081 4125 4137
6676 2 2 102 102 3907 3909 4208
6677 2 2 102 102 4203 4204 4205
6678 2 2 102 102 4023 4025 4130
6679 2 2 102 102 4049 4050 4051
6680 2 2 102 102 3931 3930 3932
6681 2 2 102 102 4069 4334 4335
6682 2 2 102 102 4001 4000 4002
6683 2 2 102 102 4028 4026 4067
6684 2 2 102 102 4057 4058 4059
6685 2 2 102 102 4180 4182 4183
6686 2 2 102 102 3915 3914 3916
6687 2 2 102 102 4011 4013 4112
6688 2 2 102 102 4055 4054 4056
6689 2 2 102 102 3970 3968 3971
6690 2 2 102 102 3990 3988 4124
6691 2 2 102 102 4051 4053 4334
6692 2 2 102 102 4209 4210 4212
6693 2 2 102 102 3949 3950 3951
6694 2 2 102 102 4051 4052 4053
6695 2 2 102 102 3984 3979 3985
6696 2 2 102 102 4037 4038 4039
6697 2 2 102 102 4000 3998 4070
6698 2 2 102 102 4070 3998 4331
6699 2 2 102 102 4035 4037 4107
6700 2 2 102 102 4027 4026 4028
6701 2 2 102 102 4140 4322 4350
6702 2 2 102 102 4045 4044 4046
6703 2 2 102 102 3931 4216 4319
6704 2 2 102 102 4200 4199 4201
6705 2 2 102 102 3997 3998 3999
6706 2 2 102 102 4059 4062 4092
6707 2 2 102 102 4091 4193 4194
6708 2 2 102 102 4019 4020 4021
6709 2 2 102 102 4040 4038 4083
6710 2 2 102 102 3924 4298 4363
6711 2 2 102 102 3961 3960 3962
6712 2 2 102 102 3972 3973 3974
6713 2 2 102 102 3923 3922 3924
6714 2 2 102 102 3947 3948 3949
6715 2 2 102 102 4282 4281 4283
6716 2 2 102 102 4285 4306 4307
6717 2 2 102 102 4296 4295 4297
6718 2 2 102 102 4013 4014 4015
6719 2 2 102 102 3934 4120 4376
6720 2 2 102 102 3971 3968 3981
6721 2 2 102 102 4081 3985 4125
6722 2 2 102 102 3935 3934 3936
6723 2 2 102 102 4077 4242 4373
6724 2 2 102 102 4049 4051 4069
6725 2 2 102 102 4226 4097 4227
6726 2 2 102 102 3941 3942 3943
6727 2 2 102 102 4101 4230 4337
6728 2 2 102 102 4257 4255 4292
6729 2 2 102 102 4120 4340 4341
6730 2 2 102 102 4096 4118 4144
6731 2 2 102 102 4119 4326 4327
6732 2 2 102 102 3963 3965 4079
6733 2 2 102 102 4271 4105 4336
6734 2 2 102 102 4186 4185 4187
6735 2 2 102 102 4090 3916 4337
6736 2 2 102 102 4261 4114 4262
6737 2 2 102 102 4135 4248 4249
6738 2 2 102 102 4132 3927 4133
6739 2 2 102 102 4091 4192 4193
6740 2 2 102 102 3969 4294 4295
6741 2 2 102 102 3941 3943 4106
6742 2 2 102 102 4347 4310 4348
6743 2 2 102 102 3982 4324 4342
6744 2 2 102 102 4106 4225 4357
6745 2 2 102 102 3977 3982 4333
6746 2 2 102 102 4096 4144 4145
6747 2 2 102 102 3967 4135 4299
6748 2 2 102 102 3965 3967 4299
6749 2 2 102 102 4303 4067 4304
6750 2 2 102 102 3992 3990 4250
6751 2 2 102 102 3913 4117 4339
6752 2 2 102 102 4095 4273 4312
6753 2 2 102 102 4081 4137 4143
6754 2 2 102 102 4302 4067 4303
6755 2 2 102 102 4312 4273 4313
6756 2 2 102 102 4078 4255 4256
6757 2 2 102 102 4002 4000 4336
6758 2 2 102 102 4125 3985 4333
6759 2 2 102 102 4219 4186 4220
6760 2 2 102 102 4304 4375 4382
6761 2 2 102 102 4053 4129 4334
6762 2 2 102 102 4120 3932 4340
6763 2 2 102 102 4317 4089 4332
6764 2 2 102 102 4131 4243 4244
6765 2 2 102 102 4294 4090 4361
6766 2 2 102 102 3974 4089 4315
6767 2 2 102 102 3963 4079 4320
6768 2 2 102 102 4075 4199 4200
6769 2 2 102 102 4077 4238 4241
6770 2 2 102 102 3930 4126 4340
6771 2 2 102 102 4102 4352 4353
6772 2 2 102 102 4102 3905 4351
6773 2 2 102 102 4075 4200 4370
6774 2 2 102 102 4077 4241 4242
6775 2 2 102 102 4009 4286 4344
6776 2 2 102 102 4131 4244 4245
6777 2 2 102 102 4337 4230 4338
6778 2 2 102 102 4031 4032 4346
6779 2 2 102 102 4035 4107 4346
6780 2 2 102 102 3969 3920 4294
6781 2 2 102 102 4022 4020 4373
6782 2 2 102 102 4105 4002 4336
6783 2 2 102 102 4090 4338 4361
6784 2 2 102 102 4342 4324 4343
6785 2 2 102 102 3932 3930 4340
6786 2 2 102 102 4119 4325 4326
6787 2 2 102 102 4029 4031 4345
6788 2 2 102 102 4134 4029 4345
6789 2 2 102 102 3988 3986 4356
6790 2 2 102 102 4298 4296 4311
6791 2 2 102 102 3920 3918 4294
6792 2 2 102 102 4295 4294 4361
6793 2 2 102 102 4044 4042 4321
6794 2 2 102 102 3981 3968 4366
6795 2 2 102 102 4032 4035 4346
6796 2 2 102 102 4370 4200 4371
6797 2 2 102 102 4007 4009 4344
6798 2 2 102 102 4031 4346 4347
6799 2 2 102 102 4256 4259 4350
6800 2 2 102 102 3929 3926 4363
6801 2 2 102 102 4109 4007 4344
6802 2 2 102 102 3979 3977 4333
6803 2 2 102 102 3968 3966 4366
6804 2 2 102 102 4121 4367 4368
6805 2 2 102 102 4306 4047 4374
6806 2 2 102 102 4071 3955 4379
6807 2 2 102 102 4366 4075 4370
6808 2 2 102 102 4358 4220 4359
6809 2 2 102 102 4024 4072 4375
6810 2 2 102 102 3972 3974 4315
6811 2 2 102 102 3926 3924 4363
6812 2 2 102 102 3985 3979 4333
6813 2 2 102 102 4097 3939 4357
6814 2 2 102 102 3961 3963 4320
6815 2 2 102 102 3936 3934 4376
6816 2 2 102 102 4072 4022 4373
6817 2 2 102 102 4047 4049 4374
6818 2 2 102 102 4265 3980 4386
6819 2 2 102 102 4102 4351 4352
6820 2 2 102 102 4223 4110 4364
6821 2 2 102 102 4124 3988 4356
6822 2 2 102 102 4345 4031 4347
6823 2 2 102 102 4110 3947 4364
6824 2 2 102 102 3957 4131 4379
6825 2 2 102 102 3949 4116 4364
6826 2 2 102 102 4023 4130 4369
6827 2 2 102 102 4119 4250 4325
6828 2 2 102 102 4304 4067 4375
6829 2 2 102 102 3947 3949 4364
6830 2 2 102 102 4049 4069 4374
6831 2 2 102 102 4219 4220 4358
6832 2 2 102 102 4067 4026 4375
6833 2 2 102 102 4374 4069 4377
6834 2 2 102 102 3958 3956 4349
6835 2 2 102 102 4112 4013 4362
6836 2 2 102 102 4131 4245 4379
6837 2 2 102 102 3966 4075 4366
6838 2 2 102 102 4250 4251 4325
6839 2 2 102 102 3995 3997 4372
6840 2 2 102 102 4072 4373 4381
6841 2 2 102 102 4021 4023 4369
6842 2 2 102 102 4377 4335 4378
6843 2 2 102 102 4382 4381 4383
6844 2 2 102 102 4015 4276 4362
6845 2 2 102 102 4026 4024 4375
6846 2 2 102 102 3904 4115 4386
6847 2 2 102 102 4232 4274 4321
6848 2 2 102 102 4091 4194 4372
6849 2 2 102 102 3997 4091 4372
6850 2 2 102 102 3956 4085 4349
6851 2 2 102 102 4114 3936 4376
6852 2 2 102 102 4013 4015 4362
6853 2 2 102 102 4121 4019 4367
6854 2 2 102 102 4042 4232 4321
6855 2 2 102 102 4262 4114 4376
6856 2 2 102 102 4373 4242 4381
6857 2 2 102 102 4069 4335 4377
6858 2 2 102 102 3955 3957 4379
6859 2 2 102 102 4364 4116 4384
6860 2 2 102 102 4116 4254 4384
6861 2 2 102 102 4223 4364 4384
6862 2 2 102 102 3906 3904 4386
6863 2 2 102 102 4271 4336 4365
6864 2 2 102 102 4367 4021 4369
6865 2 2 102 102 4019 4021 4367
6866 2 2 102 102 4072 4381 4382
6867 2 2 102 102 4181 4180 4380
6868 2 2 102 102 4227 4097 4385
6869 2 2 102 102 4336 4070 4365
6870 2 2 102 102 4357 4225 4385
6871 2 2 102 102 4097 4357 4385
6872 2 2 102 102 3980 3906 4386
6873 2 2 102 102 4180 4183 4380
6874 2 2 102 102 4387 4115 4388
6875 2 2 102 102 4265 4386 4387
6876 2 2 102 102 4386 4115 4387
6877 2 2 102 102 4094 3901 4389
6878 2 2 102 102 4102 4353 4389
6879 2 2 102 102 3901 3903 4389
6880 2 2 102 102 3903 4102 4389
6881 2 2 102 102 4115 3902 4390
6882 2 2 102 102 4388 4115 4390
6883 2 2 102 102 3898 3896 4393
6884 2 2 102 102 4391 4123 4392
6885 2 2 102 102 4390 4123 4391
6886 2 2 102 102 4388 4390 4391
6887 2 2 102 102 4396 4395 4397
6888 2 2 102 102 4123 3898 4393
6889 2 2 102 102 4076 4395 4396
6890 2 2 102 102 4392 4123 4393
6891 2 2 102 102 4076 3897 4394
6892 2 2 102 102 3897 3899 4394
6893 2 2 102 102 4076 4394 4395
6894 2 2 102 102 4401 4088 4402
6895 2 2 102 102 3899 4094 4394
6896 2 2 102 102 3893 3895 4399
6897 2 2 102 102 4395 4394 4398
6898 2 2 102 102 4394 4094 4398
6899 2 2 102 102 3895 4076 4399
6900 2 2 102 102 4399 4396 4400
6901 2 2 102 102 4172 4065 4401
6902 2 2 102 102 4076 4396 4399
6903 2 2 102 102 4065 4056 4401
6904 2 2 102 102 4054 4088 4401
6905 2 2 102 102 4172 4401 4402
6906 2 2 102 102 4056 4054 4401
6907 2 2 102 102 4088 4278 4402
6908 2 2 102 102 4335 4334 4435
6909 2 2 102 102 268 3877 4146
6910 2 2 102 102 274 3845 4148
6911 2 2 102 102 266 3844 4159
6912 2 2 102 102 4421 4595 4604
6913 2 2 102 102 4334 4129 4435
6914 2 2 102 102 248 247 3803
6915 2 2 102 102 258 257 3804
6916 2 2 102 102 209 208 3871
6917 2 2 102 102 246 245 3874
6918 2 2 102 102 250 249 3866
6919 2 2 102 102 256 255 3861
6920 2 2 102 102 342 343 3849
6921 2 2 102 102 352 353 3850
6922 2 2 102 102 243 242 3805
6923 2 2 102 102 253 252 3806
6924 2 2 102 102 263 262 3807
6925 2 2 102 102 187 186 3817
6926 2 2 102 102 194 193 3819
6927 2 2 102 102 207 206 3830
6928 2 2 102 102 211 210 3825
6929 2 2 102 102 216 215 3826
6930 2 2 102 102 221 220 3827
6931 2 2 102 102 226 225 3828
6932 2 2 102 102 231 230 3829
6933 2 2 102 102 237 236 3870
6934 2 2 102 102 182 181 4157
6935 2 2 102 102 205 204 3869
6936 2 2 102 102 213 212 3862
6937 2 2 102 102 218 217 3863
6938 2 2 102 102 228 227 3865
6939 2 2 102 102 233 232 3872
6940 2 2 102 102 235 234 3822
6941 2 2 102 102 240 239 3823
6942 2 2 102 102 223 222 3864
6943 2 2 102 102 261 260 3875
6944 2 2 102 102 184 183 3839
6945 2 2 102 102 189 188 3873
6946 2 2 102 102 191 190 3840
6947 2 2 102 102 196 195 3867
6948 2 2 102 102 198 197 3838
6949 2 2 102 102 200 199 3868
6950 2 2 102 102 203 202 3832
6951 2 2 102 102 336 337 3837
6952 2 2 102 102 303 304 3808
6953 2 2 102 102 308 309 3809
6954 2 2 102 102 313 314 3810
6955 2 2 102 102 318 319 3811
6956 2 2 102 102 323 324 3812
6957 2 2 102 102 338 339 3848
6958 2 2 102 102 340 341 3833
6959 2 2 102 102 344 345 3831
6960 2 2 102 102 350 351 3824
6961 2 2 102 102 354 355 3834
6962 2 2 102 102 356 357 3853
6963 2 2 102 102 277 278 3816
6964 2 2 102 102 347 348 3843
6965 2 2 102 102 301 302 3855
6966 2 2 102 102 305 306 3856
6967 2 2 102 102 310 311 3857
6968 2 2 102 102 315 316 3858
6969 2 2 102 102 320 321 3859
6970 2 2 102 102 325 326 3860
6971 2 2 102 102 330 331 3851
6972 2 2 102 102 299 300 3813
6973 2 2 102 102 327 328 3814
6974 2 2 102 102 332 333 3815
6975 2 2 102 102 334 335 3852
6976 2 2 102 102 359 360 3835
6977 2 2 102 102 280 281 3841
6978 2 2 102 102 282 283 3847
6979 2 2 102 102 284 285 3818
6980 2 2 102 102 287 288 3842
6981 2 2 102 102 289 290 3876
6982 2 2 102 102 291 292 3820
6983 2 2 102 102 294 295 3821
6984 2 2 102 102 297 298 3854
6985 2 2 102 102 302 303 4420
6986 2 2 102 102 309 310 4421
6987 2 2 102 102 346 347 4419
6988 2 2 102 102 288 289 4406
6989 2 2 102 102 324 325 4422
6990 2 2 102 102 329 330 4426
6991 2 2 102 102 335 336 4411
6992 2 2 102 102 337 338 4410
6993 2 2 102 102 353 354 4407
6994 2 2 102 102 279 280 4432
6995 2 2 102 102 283 284 4403
6996 2 2 102 102 333 334 4418
6997 2 2 102 102 281 282 4428
6998 2 2 102 102 300 301 4429
6999 2 2 102 102 331 332 4430
7000 2 2 102 102 339 340 4425
7001 2 2 102 102 355 356 4433
7002 2 2 102 102 290 291 4434
7003 2 2 102 102 242 241 4417
7004 2 2 102 102 257 256 4404
7005 2 2 102 102 214 213 4412
7006 2 2 102 102 204 203 4408
7007 2 2 102 102 199 198 4414
7008 2 2 102 102 206 205 4423
7009 2 2 102 102 212 211 4415
7010 2 2 102 102 232 231 4416
7011 2 2 102 102 249 248 4405
7012 2 2 102 102 208 207 4413
7013 2 2 102 102 210 209 4424
7014 2 2 102 102 236 235 4427
7015 2 2 102 102 241 240 4431
7016 2 2 102 102 247 246 4409
7017 2 2 102 102 4068 3891 4437
7018 2 2 102 102 4399 4400 4437
7019 2 2 102 102 3891 3893 4437
7020 2 2 102 102 303 3808 4420
7021 2 2 102 102 3855 302 4420
7022 2 2 102 102 3809 309 4421
7023 2 2 102 102 310 3857 4421
7024 2 2 102 102 347 3843 4419
7025 2 2 102 102 280 3841 4432
7026 2 2 102 102 284 3818 4403
7027 2 2 102 102 289 3876 4406
7028 2 2 102 102 354 3834 4407
7029 2 2 102 102 3852 335 4411
7030 2 2 102 102 3812 324 4422
7031 2 2 102 102 325 3860 4422
7032 2 2 102 102 330 3851 4426
7033 2 2 102 102 3842 288 4406
7034 2 2 102 102 336 3837 4411
7035 2 2 102 102 338 3848 4410
7036 2 2 102 102 3837 337 4410
7037 2 2 102 102 3813 300 4429
7038 2 2 102 102 3847 283 4403
7039 2 2 102 102 282 3847 4428
7040 2 2 102 102 3848 339 4425
7041 2 2 102 102 3815 333 4418
7042 2 2 102 102 3851 331 4430
7043 2 2 102 102 332 3815 4430
7044 2 2 102 102 356 3853 4433
7045 2 2 102 102 334 3852 4418
7046 2 2 102 102 3841 281 4428
7047 2 2 102 102 3834 355 4433
7048 2 2 102 102 301 3855 4429
7049 2 2 102 102 340 3833 4425
7050 2 2 102 102 3850 353 4407
7051 2 2 102 102 3876 290 4434
7052 2 2 102 102 291 3820 4434
7053 2 2 102 102 3804 257 4404
7054 2 2 102 102 3805 242 4417
7055 2 2 102 102 205 3869 4423
7056 2 2 102 102 3868 199 4414
7057 2 2 102 102 3869 204 4408
7058 2 2 102 102 211 3825 4415
7059 2 2 102 102 203 3832 4408
7060 2 2 102 102 256 3861 4404
7061 2 2 102 102 198 3838 4414
7062 2 2 102 102 213 3862 4412
7063 2 2 102 102 3872 232 4416
7064 2 2 102 102 231 3829 4416
7065 2 2 102 102 3862 212 4415
7066 2 2 102 102 248 3803 4405
7067 2 2 102 102 3830 206 4423
7068 2 2 102 102 3871 208 4413
7069 2 2 102 102 207 3830 4413
7070 2 2 102 102 209 3871 4424
7071 2 2 102 102 3825 210 4424
7072 2 2 102 102 3866 249 4405
7073 2 2 102 102 240 3823 4431
7074 2 2 102 102 3870 236 4427
7075 2 2 102 102 235 3822 4427
7076 2 2 102 102 246 3874 4409
7077 2 2 102 102 3803 247 4409
7078 2 2 102 102 4417 241 4431
7079 2 2 102 102 262 261 4436
7080 2 2 102 102 4499 4163 4556
7081 2 2 102 102 4189 4108 4462
7082 2 2 102 102 3893 4399 4437
7083 2 2 102 102 4169 3807 4436
7084 2 2 102 102 3807 262 4436
7085 2 2 102 102 261 3875 4436
7086 2 2 102 102 180 179 4154
7087 2 2 102 102 4074 4166 4441
7088 2 2 102 102 4063 4060 4093
7089 2 2 102 102 3848 4511 4522
7090 2 2 102 102 4251 4124 4440
7091 2 2 102 102 4356 4143 4440
7092 2 2 102 102 4393 3896 4441
7093 2 2 102 102 3894 4074 4441
7094 2 2 102 102 3868 4414 4488
7095 2 2 102 102 3809 4421 4604
7096 2 2 102 102 4288 4362 4442
7097 2 2 102 102 3831 345 4439
7098 2 2 102 102 346 4419 4439
7099 2 2 102 102 4120 4341 4445
7100 2 2 102 102 4262 4376 4445
7101 2 2 102 102 3866 4520 4521
7102 2 2 102 102 4383 3833 4492
7103 2 2 102 102 295 296 4446
7104 2 2 102 102 4124 4356 4440
7105 2 2 102 102 4291 4290 4444
7106 2 2 102 102 345 346 4439
7107 2 2 102 102 4348 4528 4533
7108 2 2 102 102 3896 3894 4441
7109 2 2 102 102 4400 4396 4448
7110 2 2 102 102 3805 4417 4442
7111 2 2 102 102 3863 217 4447
7112 2 2 102 102 216 3826 4447
7113 2 2 102 102 4005 4109 4451
7114 2 2 102 102 4100 4003 4451
7115 2 2 102 102 4362 4276 4442
7116 2 2 102 102 4093 4170 4443
7117 2 2 102 102 4170 4171 4443
7118 2 2 102 102 4376 4120 4445
7119 2 2 102 102 4157 4158 4489
7120 2 2 102 102 3833 4383 4501
7121 2 2 102 102 3868 4488 4496
7122 2 2 102 102 4237 4036 4456
7123 2 2 102 102 4261 3855 4482
7124 2 2 102 102 3816 278 4453
7125 2 2 102 102 279 4432 4453
7126 2 2 102 102 4303 4305 4454
7127 2 2 102 102 4144 4118 4454
7128 2 2 102 102 4036 4034 4456
7129 2 2 102 102 4096 4145 4456
7130 2 2 102 102 4158 4156 4609
7131 2 2 102 102 4121 4368 4457
7132 2 2 102 102 4129 4055 4458
7133 2 2 102 102 3821 295 4446
7134 2 2 102 102 3845 3883 3884
7135 2 2 102 102 4062 4060 4063
7136 2 2 102 102 323 3812 4455
7137 2 2 102 102 217 216 4447
7138 2 2 102 102 299 3813 4459
7139 2 2 102 102 3854 298 4459
7140 2 2 102 102 4410 3848 4522
7141 2 2 102 102 4443 4171 4452
7142 2 2 102 102 3805 4442 4457
7143 2 2 102 102 4220 4186 4461
7144 2 2 102 102 3942 4111 4462
7145 2 2 102 102 4108 3944 4462
7146 2 2 102 102 4244 4243 4464
7147 2 2 102 102 4320 4301 4464
7148 2 2 102 102 3838 197 4460
7149 2 2 102 102 196 3867 4460
7150 2 2 102 102 4396 4397 4448
7151 2 2 102 102 202 201 4465
7152 2 2 102 102 4442 4276 4457
7153 2 2 102 102 360 361 4160
7154 2 2 102 102 187 3817 4466
7155 2 2 102 102 3873 188 4466
7156 2 2 102 102 4003 4005 4451
7157 2 2 102 102 3879 4481 4514
7158 2 2 102 102 245 244 4468
7159 2 2 102 102 4410 4522 4530
7160 2 2 102 102 4171 4173 4452
7161 2 2 102 102 3917 4122 4472
7162 2 2 102 102 4117 3915 4472
7163 2 2 102 102 4068 4437 4463
7164 2 2 102 102 244 243 4471
7165 2 2 102 102 4371 3858 4532
7166 2 2 102 102 4126 4136 4474
7167 2 2 102 102 4341 4340 4474
7168 2 2 102 102 3849 343 4470
7169 2 2 102 102 344 3831 4470
7170 2 2 102 102 4059 4092 4475
7171 2 2 102 102 278 279 4453
7172 2 2 102 102 3859 321 4473
7173 2 2 102 102 4268 4267 4476
7174 2 2 102 102 4446 296 4486
7175 2 2 102 102 4259 3865 4566
7176 2 2 102 102 4465 201 4505
7177 2 2 102 102 4118 4303 4454
7178 2 2 102 102 218 3863 4477
7179 2 2 102 102 322 323 4455
7180 2 2 102 102 4064 4499 4556
7181 2 2 102 102 4034 4096 4456
7182 2 2 102 102 3858 4371 4541
7183 2 2 102 102 4276 4121 4457
7184 2 2 102 102 292 293 4480
7185 2 2 102 102 4055 4057 4458
7186 2 2 102 102 3865 4259 4576
7187 2 2 102 102 4368 4367 4483
7188 2 2 102 102 4328 4329 4517
7189 2 2 102 102 4382 4383 4484
7190 2 2 102 102 4305 4304 4484
7191 2 2 102 102 298 299 4459
7192 2 2 102 102 4211 4209 4485
7193 2 2 102 102 4137 4125 4487
7194 2 2 102 102 4342 4343 4487
7195 2 2 102 102 4579 4397 4591
7196 2 2 102 102 4448 4397 4579
7197 2 2 102 102 297 3854 4486
7198 2 2 102 102 197 196 4460
7199 2 2 102 102 4136 4446 4486
7200 2 2 102 102 3839 183 4489
7201 2 2 102 102 182 4157 4489
7202 2 2 102 102 3837 4410 4530
7203 2 2 102 102 4186 4187 4461
7204 2 2 102 102 3944 3942 4462
7205 2 2 102 102 4457 4368 4471
7206 2 2 102 102 4437 4400 4463
7207 2 2 102 102 4243 4320 4464
7208 2 2 102 102 3827 220 4490
7209 2 2 102 102 4136 4127 4493
7210 2 2 102 102 322 4455 4473
7211 2 2 102 102 3832 202 4465
7212 2 2 102 102 4132 4138 4496
7213 2 2 102 102 3833 341 4492
7214 2 2 102 102 342 3849 4492
7215 2 2 102 102 4458 4057 4475
7216 2 2 102 102 3821 4446 4493
7217 2 2 102 102 3837 4530 4538
7218 2 2 102 102 3821 4493 4502
7219 2 2 102 102 320 3859 4494
7220 2 2 102 102 3811 319 4494
7221 2 2 102 102 188 187 4466
7222 2 2 102 102 4353 4355 4614
7223 2 2 102 102 4355 4398 4614
7224 2 2 102 102 259 4378 4571
7225 2 2 102 102 4300 4299 4498
7226 2 2 102 102 4135 4249 4498
7227 2 2 102 102 4420 4191 4482
7228 2 2 102 102 4540 4173 4552
7229 2 2 102 102 4383 4381 4501
7230 2 2 102 102 4296 4297 4502
7231 2 2 102 102 3874 245 4468
7232 2 2 102 102 4274 4233 4503
7233 2 2 102 102 4446 4136 4493
7234 2 2 102 102 4181 4380 4504
7235 2 2 102 102 4343 4324 4504
7236 2 2 102 102 3855 4420 4482
7237 2 2 102 102 4452 4173 4540
7238 2 2 102 102 343 344 4470
7239 2 2 102 102 3915 3917 4472
7240 2 2 102 102 4138 4465 4505
7241 2 2 102 102 3853 4565 4572
7242 2 2 102 102 243 3805 4471
7243 2 2 102 102 321 322 4473
7244 2 2 102 102 4291 4444 4467
7245 2 2 102 102 200 3868 4505
7246 2 2 102 102 4340 4126 4474
7247 2 2 102 102 221 3827 4507
7248 2 2 102 102 3864 222 4507
7249 2 2 102 102 4057 4059 4475
7250 2 2 102 102 4267 4128 4476
7251 2 2 102 102 3805 4457 4471
7252 2 2 102 102 4138 4133 4512
7253 2 2 102 102 293 294 4509
7254 2 2 102 102 4411 3837 4538
7255 2 2 102 102 4468 4368 4483
7256 2 2 102 102 4331 4328 4517
7257 2 2 102 102 4365 4070 4517
7258 2 2 102 102 4433 3853 4572
7259 2 2 102 102 318 3811 4515
7260 2 2 102 102 3878 4513 4524
7261 2 2 102 102 4249 4248 4518
7262 2 2 102 102 4315 4316 4518
7263 2 2 102 102 219 218 4477
7264 2 2 102 102 4307 3804 4596
7265 2 2 102 102 4297 4295 4519
7266 2 2 102 102 4345 4347 4521
7267 2 2 102 102 4411 4538 4546
7268 2 2 102 102 4156 4510 4609
7269 2 2 102 102 4502 4297 4509
7270 2 2 102 102 4329 3814 4593
7271 2 2 102 102 4220 4461 4604
7272 2 2 102 102 4103 4450 4513
7273 2 2 102 102 4476 4128 4488
7274 2 2 102 102 3858 316 4525
7275 2 2 102 102 4206 3810 4551
7276 2 2 102 102 285 286 4527
7277 2 2 102 102 252 251 4528
7278 2 2 102 102 223 3864 4526
7279 2 2 102 102 3820 292 4480
7280 2 2 102 102 4183 4182 4532
7281 2 2 102 102 4370 4371 4532
7282 2 2 102 102 4367 4369 4483
7283 2 2 102 102 4304 4382 4484
7284 2 2 102 102 3810 4206 4562
7285 2 2 102 102 3817 4591 4608
7286 2 2 102 102 219 4477 4490
7287 2 2 102 102 4309 4282 4537
7288 2 2 102 102 250 3866 4533
7289 2 2 102 102 4209 4212 4485
7290 2 2 102 102 4125 4342 4487
7291 2 2 102 102 3832 4512 4523
7292 2 2 102 102 3828 225 4534
7293 2 2 102 102 296 297 4486
7294 2 2 102 102 4156 4449 4510
7295 2 2 102 102 4461 4187 4610
7296 2 2 102 102 3852 4411 4546
7297 2 2 102 102 4128 4279 4488
7298 2 2 102 102 4245 4246 4548
7299 2 2 102 102 359 3835 4540
7300 2 2 102 102 315 3858 4541
7301 2 2 102 102 3810 314 4541
7302 2 2 102 102 4317 4332 4543
7303 2 2 102 102 4139 4150 4543
7304 2 2 102 102 255 254 4542
7305 2 2 102 102 4253 4071 4548
7306 2 2 102 102 4379 4245 4548
7307 2 2 102 102 183 182 4489
7308 2 2 102 102 4201 4206 4551
7309 2 2 102 102 4371 4200 4551
7310 2 2 102 102 4465 4138 4512
7311 2 2 102 102 4231 4264 4554
7312 2 2 102 102 3835 4160 4469
7313 2 2 102 102 3853 357 4552
7314 2 2 102 102 3852 4546 4559
7315 2 2 102 102 3874 4483 4491
7316 2 2 102 102 4461 3809 4604
7317 2 2 102 102 4483 4369 4491
7318 2 2 102 102 220 219 4490
7319 2 2 102 102 3865 227 4557
7320 2 2 102 102 226 3828 4557
7321 2 2 102 102 4307 4377 4563
7322 2 2 102 102 4173 4172 4565
7323 2 2 102 102 277 3816 4560
7324 2 2 102 102 4348 4310 4545
7325 2 2 102 102 4150 4140 4566
7326 2 2 102 102 4350 4259 4566
7327 2 2 102 102 253 3806 4561
7328 2 2 102 102 313 3810 4562
7329 2 2 102 102 4408 3832 4523
7330 2 2 102 102 4488 4279 4496
7331 2 2 102 102 3835 360 4160
7332 2 2 102 102 4167 4168 4495
7333 2 2 102 102 260 259 4571
7334 2 2 102 102 4389 4353 4614
7335 2 2 102 102 4398 4094 4614
7336 2 2 102 102 4266 4265 4581
7337 2 2 102 102 4205 4204 4583
7338 2 2 102 102 3857 311 4570
7339 2 2 102 102 4395 4398 4608
7340 2 2 102 102 228 3865 4576
7341 2 2 102 102 4258 4257 4600
7342 2 2 102 102 3832 4465 4512
7343 2 2 102 102 4246 3826 4590
7344 2 2 102 102 4176 4175 4592
7345 2 2 102 102 184 3839 4579
7346 2 2 102 102 4369 4130 4491
7347 2 2 102 102 308 3809 4610
7348 2 2 102 102 3829 230 4588
7349 2 2 102 102 3835 4452 4540
7350 2 2 102 102 3826 215 4590
7351 2 2 102 102 214 4412 4590
7352 2 2 102 102 3817 186 4591
7353 2 2 102 102 258 3804 4606
7354 2 2 102 102 3814 328 4593
7355 2 2 102 102 329 4426 4593
7356 2 2 102 102 4278 4176 4584
7357 2 2 102 102 4409 3874 4491
7358 2 2 102 102 4408 4523 4531
7359 2 2 102 102 4127 4311 4493
7360 2 2 102 102 341 342 4492
7361 2 2 102 102 3875 4435 4589
7362 2 2 102 102 4436 3875 4589
7363 2 2 102 102 4418 3852 4559
7364 2 2 102 102 4162 4167 4495
7365 2 2 102 102 319 320 4494
7366 2 2 102 102 4283 4281 4574
7367 2 2 102 102 4279 4132 4496
7368 2 2 102 102 4592 4175 4601
7369 2 2 102 102 4443 4469 4580
7370 2 2 102 102 4480 4297 4519
7371 2 2 102 102 3874 4468 4483
7372 2 2 102 102 3839 4448 4579
7373 2 2 102 102 4418 4559 4569
7374 2 2 102 102 4491 4130 4500
7375 2 2 102 102 4409 4491 4500
7376 2 2 102 102 4460 3867 4506
7377 2 2 102 102 4493 4311 4502
7378 2 2 102 102 4299 4135 4498
7379 2 2 102 102 3820 4519 4529
7380 2 2 102 102 4175 4177 4601
7381 2 2 102 102 3869 4408 4531
7382 2 2 102 102 4398 4603 4608
7383 2 2 102 102 4093 4443 4580
7384 2 2 102 102 4584 4176 4592
7385 2 2 102 102 4130 4207 4500
7386 2 2 102 102 3809 4461 4610
7387 2 2 102 102 3869 4531 4539
7388 2 2 102 102 3889 4068 4607
7389 2 2 102 102 4381 4242 4501
7390 2 2 102 102 3803 4409 4500
7391 2 2 102 102 4062 4063 4064
7392 2 2 102 102 4311 4296 4502
7393 2 2 102 102 3815 4418 4569
7394 2 2 102 102 4233 4235 4503
7395 2 2 102 102 4253 4412 4612
7396 2 2 102 102 4434 3820 4529
7397 2 2 102 102 4324 4181 4504
7398 2 2 102 102 201 200 4505
7399 2 2 102 102 3815 4569 4577
7400 2 2 102 102 4500 4207 4508
7401 2 2 102 102 3867 4215 4506
7402 2 2 102 102 4501 4242 4511
7403 2 2 102 102 3803 4500 4508
7404 2 2 102 102 4434 4529 4536
7405 2 2 102 102 4392 4428 4611
7406 2 2 102 102 4423 3869 4539
7407 2 2 102 102 222 221 4507
7408 2 2 102 102 4268 4460 4506
7409 2 2 102 102 4063 4093 4516
7410 2 2 102 102 4207 4134 4508
7411 2 2 102 102 3836 4154 4155
7412 2 2 102 102 3821 4502 4509
7413 2 2 102 102 4449 3888 4607
7414 2 2 102 102 4398 4355 4603
7415 2 2 102 102 4423 4539 4547
7416 2 2 102 102 4430 3815 4577
7417 2 2 102 102 4242 4241 4511
7418 2 2 102 102 4405 3803 4508
7419 2 2 102 102 294 3821 4509
7420 2 2 102 102 4133 4247 4512
7421 2 2 102 102 3877 4159 4613
7422 2 2 102 102 3876 4434 4536
7423 2 2 102 102 3820 4480 4519
7424 2 2 102 102 317 318 4515
7425 2 2 102 102 4430 4577 4587
7426 2 2 102 102 4146 3877 4481
7427 2 2 102 102 4508 4134 4520
7428 2 2 102 102 3866 4521 4533
7429 2 2 102 102 4070 4331 4517
7430 2 2 102 102 3876 4536 4544
7431 2 2 102 102 4405 4508 4520
7432 2 2 102 102 4511 4241 4522
7433 2 2 102 102 4426 4598 4599
7434 2 2 102 102 3830 4423 4547
7435 2 2 102 102 4512 4247 4523
7436 2 2 102 102 4248 4315 4518
7437 2 2 102 102 4134 4345 4520
7438 2 2 102 102 4449 4450 4582
7439 2 2 102 102 317 4515 4525
7440 2 2 102 102 4295 4361 4519
7441 2 2 102 102 3830 4547 4558
7442 2 2 102 102 3851 4430 4587
7443 2 2 102 102 4347 4348 4521
7444 2 2 102 102 3866 4405 4520
7445 2 2 102 102 4241 4239 4522
7446 2 2 102 102 4161 3846 4497
7447 2 2 102 102 4406 3876 4544
7448 2 2 102 102 4247 4217 4523
7449 2 2 102 102 3851 4587 4598
7450 2 2 102 102 316 317 4525
7451 2 2 102 102 4519 4361 4529
7452 2 2 102 102 4406 4544 4555
7453 2 2 102 102 4142 4481 4564
7454 2 2 102 102 4522 4239 4530
7455 2 2 102 102 4413 3830 4558
7456 2 2 102 102 4523 4217 4531
7457 2 2 102 102 4527 4266 4581
7458 2 2 102 102 224 223 4526
7459 2 2 102 102 4068 4510 4607
7460 2 2 102 102 3818 285 4527
7461 2 2 102 102 3806 252 4528
7462 2 2 102 102 4426 3851 4598
7463 2 2 102 102 4413 4558 4567
7464 2 2 102 102 4378 259 4606
7465 2 2 102 102 4361 4338 4529
7466 2 2 102 102 3806 4537 4561
7467 2 2 102 102 4164 4153 4535
7468 2 2 102 102 4239 4240 4530
7469 2 2 102 102 3842 4406 4555
7470 2 2 102 102 4528 4348 4545
7471 2 2 102 102 4217 4218 4531
7472 2 2 102 102 3804 4563 4606
7473 2 2 102 102 287 3842 4573
7474 2 2 102 102 224 4526 4534
7475 2 2 102 102 4182 4370 4532
7476 2 2 102 102 4529 4338 4536
7477 2 2 102 102 3871 4413 4567
7478 2 2 102 102 4530 4240 4538
7479 2 2 102 102 4531 4218 4539
7480 2 2 102 102 4165 4164 4535
7481 2 2 102 102 251 250 4533
7482 2 2 102 102 3871 4567 4575
7483 2 2 102 102 225 224 4534
7484 2 2 102 102 4062 4064 4556
7485 2 2 102 102 286 287 4573
7486 2 2 102 102 4338 4230 4536
7487 2 2 102 102 4282 4283 4537
7488 2 2 102 102 4240 4314 4538
7489 2 2 102 102 4218 4227 4539
7490 2 2 102 102 4536 4230 4544
7491 2 2 102 102 4542 4283 4574
7492 2 2 102 102 358 359 4540
7493 2 2 102 102 314 315 4541
7494 2 2 102 102 4424 3871 4575
7495 2 2 102 102 3884 3886 4103
7496 2 2 102 102 4538 4314 4546
7497 2 2 102 102 4539 4227 4547
7498 2 2 102 102 4310 4309 4545
7499 2 2 102 102 4481 4142 4514
7500 2 2 102 102 4591 4397 4608
7501 2 2 102 102 4424 4575 4586
7502 2 2 102 102 4332 4139 4543
7503 2 2 102 102 4230 4229 4544
7504 2 2 102 102 3861 255 4542
7505 2 2 102 102 4314 4313 4546
7506 2 2 102 102 358 4540 4552
7507 2 2 102 102 4227 4385 4547
7508 2 2 102 102 4071 4379 4548
7509 2 2 102 102 4544 4229 4555
7510 2 2 102 102 3825 4424 4586
7511 2 2 102 102 4200 4201 4551
7512 2 2 102 102 4546 4313 4559
7513 2 2 102 102 4155 4154 4524
7514 2 2 102 102 4547 4385 4558
7515 2 2 102 102 357 358 4552
7516 2 2 102 102 3839 4489 4553
7517 2 2 102 102 3825 4586 4597
7518 2 2 102 102 4449 4155 4450
7519 2 2 102 102 4264 4266 4554
7520 2 2 102 102 4229 4231 4555
7521 2 2 102 102 4092 4062 4556
7522 2 2 102 102 227 226 4557
7523 2 2 102 102 4385 4225 4558
7524 2 2 102 102 4313 4273 4559
7525 2 2 102 102 276 277 4560
7526 2 2 102 102 3888 3889 4607
7527 2 2 102 102 3818 4581 4594
7528 2 2 102 102 4415 3825 4597
7529 2 2 102 102 4598 4365 4599
7530 2 2 102 102 4558 4225 4567
7531 2 2 102 102 4559 4273 4569
7532 2 2 102 102 254 253 4561
7533 2 2 102 102 312 313 4562
7534 2 2 102 102 4415 4597 4605
7535 2 2 102 102 4377 4378 4563
7536 2 2 102 102 4148 3845 4568
7537 2 2 102 102 4172 4402 4565
7538 2 2 102 102 4365 4517 4599
7539 2 2 102 102 4064 4063 4066
7540 2 2 102 102 4403 3818 4594
7541 2 2 102 102 4140 4350 4566
7542 2 2 102 102 4225 4224 4567
7543 2 2 102 102 4273 4272 4569
7544 2 2 102 102 312 4562 4570
7545 2 2 102 102 4565 4402 4572
7546 2 2 102 102 4403 4594 4602
7547 2 2 102 102 3862 4415 4605
7548 2 2 102 102 4567 4224 4575
7549 2 2 102 102 4281 4284 4574
7550 2 2 102 102 4569 4272 4577
7551 2 2 102 102 4355 4466 4603
7552 2 2 102 102 3862 4605 4612
7553 2 2 102 102 311 312 4570
7554 2 2 102 102 3875 260 4571
7555 2 2 102 102 4402 4278 4572
7556 2 2 102 102 3847 4403 4602
7557 2 2 102 102 4224 4222 4575
7558 2 2 102 102 4272 4270 4577
7559 2 2 102 102 4284 4285 4585
7560 2 2 102 102 229 228 4576
7561 2 2 102 102 3847 4602 4611
7562 2 2 102 102 3836 180 4154
7563 2 2 102 102 3834 4433 4584
7564 2 2 102 102 4412 3862 4612
7565 2 2 102 102 185 184 4579
7566 2 2 102 102 4158 4463 4553
7567 2 2 102 102 4575 4222 4586
7568 2 2 102 102 4577 4270 4587
7569 2 2 102 102 4265 4387 4581
7570 2 2 102 102 4204 4360 4583
7571 2 2 102 102 229 4576 4588
7572 2 2 102 102 4585 4285 4596
7573 2 2 102 102 4428 3847 4611
7574 2 2 102 102 4222 4223 4586
7575 2 2 102 102 4285 4307 4596
7576 2 2 102 102 4574 4284 4585
7577 2 2 102 102 185 4579 4591
7578 2 2 102 102 4270 4271 4587
7579 2 2 102 102 4581 4387 4594
7580 2 2 102 102 4404 3861 4585
7581 2 2 102 102 4583 4360 4595
7582 2 2 102 102 230 229 4588
7583 2 2 102 102 4586 4223 4597
7584 2 2 102 102 215 214 4590
7585 2 2 102 102 3861 4574 4585
7586 2 2 102 102 4587 4271 4598
7587 2 2 102 102 4404 4585 4596
7588 2 2 102 102 186 185 4591
7589 2 2 102 102 4169 4436 4589
7590 2 2 102 102 4387 4388 4594
7591 2 2 102 102 328 329 4593
7592 2 2 102 102 4360 4359 4595
7593 2 2 102 102 4407 3834 4592
7594 2 2 102 102 4223 4384 4597
7595 2 2 102 102 4271 4365 4598
7596 2 2 102 102 4594 4388 4602
7597 2 2 102 102 3804 4404 4596
7598 2 2 102 102 4257 4293 4600
7599 2 2 102 102 4595 4359 4604
7600 2 2 102 102 4597 4384 4605
7601 2 2 102 102 4407 4592 4601
7602 2 2 102 102 4068 4463 4609
7603 2 2 102 102 4388 4391 4602
7604 2 2 102 102 4359 4220 4604
7605 2 2 102 102 4384 4254 4605
7606 2 2 102 102 4466 3817 4603
7607 2 2 102 102 4602 4391 4611
7608 2 2 102 102 3850 4407 4601
7609 2 2 102 102 4605 4254 4612
7610 2 2 102 102 4397 4395 4608
7611 2 2 102 102 259 258 4606
7612 2 2 102 102 4391 4392 4611
7613 2 2 102 102 4254 4253 4612
7614 2 2 102 102 307 308 4610
7615 2 2 102 102 4094 4389 4614
7616 2 2 102 102 4481 3877 4564
7617 2 2 102 102 4521 4348 4533
7618 2 2 102 102 3834 4584 4592
7619 2 2 102 102 4064 4141 4499
7620 2 2 102 102 4064 4066 4141
7621 2 2 102 102 4489 4158 4553
7622 2 2 102 102 4513 4450 4524
7623 2 2 102 102 4510 4449 4607
7624 2 2 102 102 4066 4063 4516
7625 2 2 102 102 3846 362 4149
7626 2 2 102 102 3878 178 4147
7627 2 2 102 102 3846 4149 4497
7628 2 2 102 102 3886 3888 4582
7629 2 2 102 102 3845 3884 4568
7630 2 2 102 102 4141 4066 4142
7631 2 2 102 102 4450 4155 4524
7632 2 2 102 102 4103 3886 4582
7633 2 2 102 102 4151 4147 4578
7634 2 2 102 102 4469 4161 4580
7635 2 2 102 102 4516 4093 4580
7636 2 2 102 102 3842 4554 4573
7637 2 2 102 102 4463 4158 4609
7638 2 2 102 102 4603 3817 4608
7639 2 2 102 102 3881 176 4478
7640 2 2 102 102 270 3882 4479
7641 2 2 102 102 3806 4528 4545
7642 2 2 102 102 3881 4549 4578
7643 2 2 102 102 3884 4103 4568
7644 2 2 102 102 4159 4499 4613
7645 2 2 102 102 272 3880 4549
7646 2 2 102 102 3879 364 4550
7647 2 2 102 102 4142 4497 4514
7648 2 2 102 102 3818 4527 4581
7649 2 2 102 102 4549 3880 4578
7650 2 2 102 102 4161 4516 4580
7651 2 2 102 102 4510 4068 4609
7652 2 2 102 102 3880 4151 4578
7653 2 2 102 102 4497 4149 4514
7654 2 2 102 102 4517 4329 4599
7655 2 2 102 102 4537 4283 4561
7656 2 2 102 102 3861 4542 4574
7657 2 2 102 102 4564 3877 4613
7658 2 2 102 102 4554 4266 4573
7659 2 2 102 102 4141 4142 4564
7660 2 2 102 102 4433 4572 4584
7661 2 2 102 102 4572 4278 4584
7662 2 2 102 102 4563 4378 4606
7663 2 2 102 102 4499 4141 4613
7664 2 2 102 102 4141 4564 4613
7665 2 2 102 102 365 3 4479
7666 2 2 102 102 10 271 4478
7667 2 2 103 103 5083 5271 5340
7668 2 2 103 103 5030 4901 5105
7669 2 2 103 103 4902 5037 5172
7670 2 2 103 103 4901 5030 5107
7671 2 2 103 103 4980 5267 5333
7672 2 2 103 103 5006 4664 5035
7673 2 2 103 103 4695 4698 4978
7674 2 2 103 103 4656 5223 5234
7675 2 2 103 103 5046 5018 5394
7676 2 2 103 103 4664 5006 5034
7677 2 2 103 103 5271 4621 5340
7678 2 2 103 103 279 278 4999
7679 2 2 103 103 4622 403 5101
7680 2 2 103 103 443 444 4997
7681 2 2 103 103 403 404 5101
7682 2 2 103 103 4687 5007 5010
7683 2 2 103 103 4978 5018 5046
7684 2 2 103 103 444 4659 4997
7685 2 2 103 103 4617 4985 5037
7686 2 2 103 103 5240 4959 5285
7687 2 2 103 103 5062 5251 5293
7688 2 2 103 103 4630 5150 5248
7689 2 2 103 103 5267 4643 5333
7690 2 2 103 103 5008 4688 5359
7691 2 2 103 103 5007 4687 5360
7692 2 2 103 103 454 4647 5106
7693 2 2 103 103 10 78 5286
7694 2 2 103 103 4 73 5287
7695 2 2 103 103 5129 4640 5242
7696 2 2 103 103 278 4628 4999
7697 2 2 103 103 4920 5013 5195
7698 2 2 103 103 4692 4695 4978
7699 2 2 103 103 4978 4698 5018
7700 2 2 103 103 4959 5003 5285
7701 2 2 103 103 5038 4645 5280
7702 2 2 103 103 4616 5041 5295
7703 2 2 103 103 4645 5038 5328
7704 2 2 103 103 5198 4645 5375
7705 2 2 103 103 5121 4626 5256
7706 2 2 103 103 4928 5021 5243
7707 2 2 103 103 5223 5224 5234
7708 2 2 103 103 4688 5008 5327
7709 2 2 103 103 4626 5121 5310
7710 2 2 103 103 5048 5097 5291
7711 2 2 103 103 5041 4975 5295
7712 2 2 103 103 304 303 5210
7713 2 2 103 103 4645 5198 5280
7714 2 2 103 103 5037 4985 5172
7715 2 2 103 103 5113 4652 5252
7716 2 2 103 103 5037 4902 5173
7717 2 2 103 103 5164 348 5409
7718 2 2 103 103 4691 4692 4978
7719 2 2 103 103 4652 5113 5307
7720 2 2 103 103 4691 4978 5046
7721 2 2 103 103 5097 4906 5291
7722 2 2 103 103 4985 4617 5036
7723 2 2 103 103 4640 5129 5261
7724 2 2 103 103 4692 4694 4695
7725 2 2 103 103 329 328 5025
7726 2 2 103 103 4988 4624 5397
7727 2 2 103 103 5150 5148 5248
7728 2 2 103 103 5105 5108 5319
7729 2 2 103 103 5013 5012 5195
7730 2 2 103 103 277 276 5046
7731 2 2 103 103 4628 5046 5394
7732 2 2 103 103 288 5214 5297
7733 2 2 103 103 5010 4685 5404
7734 2 2 103 103 5214 288 5391
7735 2 2 103 103 5056 5236 5413
7736 2 2 103 103 5100 4622 5101
7737 2 2 103 103 4640 5261 5312
7738 2 2 103 103 5187 4615 5188
7739 2 2 103 103 5302 375 5370
7740 2 2 103 103 4624 4988 5262
7741 2 2 103 103 5007 4685 5010
7742 2 2 103 103 4993 4654 4994
7743 2 2 103 103 5042 4615 5187
7744 2 2 103 103 5037 5173 5299
7745 2 2 103 103 4970 4943 5354
7746 2 2 103 103 4695 4696 4697
7747 2 2 103 103 428 429 5034
7748 2 2 103 103 5251 4623 5293
7749 2 2 103 103 348 4618 5409
7750 2 2 103 103 5261 4970 5312
7751 2 2 103 103 349 348 5164
7752 2 2 103 103 5295 4975 5344
7753 2 2 103 103 5056 5057 5236
7754 2 2 103 103 294 293 5206
7755 2 2 103 103 5074 4633 5341
7756 2 2 103 103 5009 4687 5010
7757 2 2 103 103 4633 5074 5390
7758 2 2 103 103 5269 5282 5337
7759 2 2 103 103 5173 5276 5299
7760 2 2 103 103 4975 5027 5344
7761 2 2 103 103 4624 5262 5314
7762 2 2 103 103 453 454 5106
7763 2 2 103 103 5021 4625 5243
7764 2 2 103 103 4647 5030 5106
7765 2 2 103 103 4986 5302 5370
7766 2 2 103 103 4644 329 5025
7767 2 2 103 103 409 5064 5293
7768 2 2 103 103 3 365 5287
7769 2 2 103 103 9 366 5286
7770 2 2 103 103 303 4681 5210
7771 2 2 103 103 4944 5277 5279
7772 2 2 103 103 5234 5224 5283
7773 2 2 103 103 4992 4621 5271
7774 2 2 103 103 438 439 5188
7775 2 2 103 103 5106 5105 5319
7776 2 2 103 103 5303 5002 5350
7777 2 2 103 103 5236 4674 5413
7778 2 2 103 103 5328 5038 5374
7779 2 2 103 103 5265 4982 5270
7780 2 2 103 103 4695 4694 4696
7781 2 2 103 103 5262 5218 5314
7782 2 2 103 103 5248 5148 5296
7783 2 2 103 103 5064 409 5403
7784 2 2 103 103 5163 5326 5331
7785 2 2 103 103 5038 5036 5374
7786 2 2 103 103 5246 4970 5354
7787 2 2 103 103 5075 4632 5178
7788 2 2 103 103 5059 4635 5239
7789 2 2 103 103 458 4687 5009
7790 2 2 103 103 5000 4928 5243
7791 2 2 103 103 5115 4679 5316
7792 2 2 103 103 5193 4642 5421
7793 2 2 103 103 4621 4992 5320
7794 2 2 103 103 4628 277 5046
7795 2 2 103 103 5260 4672 5264
7796 2 2 103 103 5115 4643 5267
7797 2 2 103 103 4666 5303 5350
7798 2 2 103 103 5009 5010 5259
7799 2 2 103 103 5313 5109 5334
7800 2 2 103 103 4679 5115 5363
7801 2 2 103 103 4906 5033 5291
7802 2 2 103 103 4639 304 5210
7803 2 2 103 103 279 4999 5265
7804 2 2 103 103 4654 4993 5258
7805 2 2 103 103 4615 5042 5294
7806 2 2 103 103 5298 5132 5345
7807 2 2 103 103 5148 5149 5296
7808 2 2 103 103 4702 4697 5269
7809 2 2 103 103 5073 5206 5390
7810 2 2 103 103 5254 5050 5383
7811 2 2 103 103 4618 4991 5409
7812 2 2 103 103 4643 5115 5316
7813 2 2 103 103 4635 5281 5330
7814 2 2 103 103 4991 4618 5371
7815 2 2 103 103 4632 5075 5292
7816 2 2 103 103 5103 4675 5206
7817 2 2 103 103 4675 5103 5205
7818 2 2 103 103 5124 5301 5324
7819 2 2 103 103 5223 4656 5389
7820 2 2 103 103 5224 5226 5283
7821 2 2 103 103 5013 4920 5260
7822 2 2 103 103 443 4997 5279
7823 2 2 103 103 5309 356 5315
7824 2 2 103 103 4677 5298 5345
7825 2 2 103 103 424 4996 5349
7826 2 2 103 103 4697 4696 5269
7827 2 2 103 103 4627 428 5034
7828 2 2 103 103 429 4664 5034
7829 2 2 103 103 5258 4993 5311
7830 2 2 103 103 5013 5260 5264
7831 2 2 103 103 4635 5059 5281
7832 2 2 103 103 4642 5193 5257
7833 2 2 103 103 4627 5005 5022
7834 2 2 103 103 4992 5011 5320
7835 2 2 103 103 5005 4627 5034
7836 2 2 103 103 5155 4652 5307
7837 2 2 103 103 5326 4636 5331
7838 2 2 103 103 5281 5096 5330
7839 2 2 103 103 5054 4674 5372
7840 2 2 103 103 4675 294 5206
7841 2 2 103 103 293 4633 5206
7842 2 2 103 103 5042 4964 5294
7843 2 2 103 103 5107 5030 5417
7844 2 2 103 103 323 4998 5333
7845 2 2 103 103 4674 5054 5413
7846 2 2 103 103 5030 5029 5417
7847 2 2 103 103 4996 424 5373
7848 2 2 103 103 5194 5193 5421
7849 2 2 103 103 4994 4654 4995
7850 2 2 103 103 5064 5062 5293
7851 2 2 103 103 5050 5254 5337
7852 2 2 103 103 5001 4988 5397
7853 2 2 103 103 5320 5011 5367
7854 2 2 103 103 5073 5103 5206
7855 2 2 103 103 4652 5155 5352
7856 2 2 103 103 5277 4650 5279
7857 2 2 103 103 460 5287 5360
7858 2 2 103 103 271 5286 5359
7859 2 2 103 103 4695 4697 4698
7860 2 2 103 103 5002 4623 5251
7861 2 2 103 103 5030 5105 5106
7862 2 2 103 103 4998 323 5388
7863 2 2 103 103 5003 4657 5285
7864 2 2 103 103 4622 5100 5255
7865 2 2 103 103 5339 5033 5384
7866 2 2 103 103 4615 438 5188
7867 2 2 103 103 439 4671 5188
7868 2 2 103 103 4680 5313 5334
7869 2 2 103 103 4897 5339 5384
7870 2 2 103 103 4637 5276 5305
7871 2 2 103 103 5057 4638 5236
7872 2 2 103 103 399 5084 5340
7873 2 2 103 103 4696 4990 5269
7874 2 2 103 103 4629 5265 5270
7875 2 2 103 103 5132 4641 5133
7876 2 2 103 103 5309 4979 5353
7877 2 2 103 103 5134 4682 5135
7878 2 2 103 103 4683 5258 5311
7879 2 2 103 103 5121 4669 5310
7880 2 2 103 103 5276 5173 5305
7881 2 2 103 103 5033 5032 5291
7882 2 2 103 103 276 4691 5046
7883 2 2 103 103 5019 4639 5209
7884 2 2 103 103 4685 5016 5404
7885 2 2 103 103 4689 5008 5359
7886 2 2 103 103 4690 5007 5360
7887 2 2 103 103 5206 4633 5390
7888 2 2 103 103 5084 399 5381
7889 2 2 103 103 5006 5005 5034
7890 2 2 103 103 4940 5045 5386
7891 2 2 103 103 4625 5021 5219
7892 2 2 103 103 4644 5025 5026
7893 2 2 103 103 430 431 5044
7894 2 2 103 103 5269 4990 5282
7895 2 2 103 103 5045 4940 5335
7896 2 2 103 103 5035 5045 5335
7897 2 2 103 103 4998 4980 5333
7898 2 2 103 103 391 5288 5322
7899 2 2 103 103 5306 4904 5417
7900 2 2 103 103 5025 328 5406
7901 2 2 103 103 5282 5050 5337
7902 2 2 103 103 4657 5003 5329
7903 2 2 103 103 360 359 5032
7904 2 2 103 103 371 372 5031
7905 2 2 103 103 4669 5121 5356
7906 2 2 103 103 5084 5083 5340
7907 2 2 103 103 5289 5077 5332
7908 2 2 103 103 4623 5002 5303
7909 2 2 103 103 414 5001 5397
7910 2 2 103 103 4979 4965 5353
7911 2 2 103 103 5301 4668 5324
7912 2 2 103 103 5075 5074 5292
7913 2 2 103 103 456 4662 5028
7914 2 2 103 103 4698 4700 5018
7915 2 2 103 103 4700 4981 5018
7916 2 2 103 103 4641 5132 5298
7917 2 2 103 103 4979 5309 5315
7918 2 2 103 103 5150 4630 5395
7919 2 2 103 103 5199 5198 5375
7920 2 2 103 103 5001 414 5369
7921 2 2 103 103 5035 4664 5044
7922 2 2 103 103 318 5194 5421
7923 2 2 103 103 5209 4639 5210
7924 2 2 103 103 4999 4982 5265
7925 2 2 103 103 4685 5015 5016
7926 2 2 103 103 4997 4659 5393
7927 2 2 103 103 4644 5026 5043
7928 2 2 103 103 4686 5014 5377
7929 2 2 103 103 5245 4657 5329
7930 2 2 103 103 4620 5013 5264
7931 2 2 103 103 333 5199 5375
7932 2 2 103 103 5292 5074 5341
7933 2 2 103 103 5101 404 5396
7934 2 2 103 103 4997 4944 5279
7935 2 2 103 103 5194 318 5392
7936 2 2 103 103 5245 5329 5364
7937 2 2 103 103 4664 430 5044
7938 2 2 103 103 431 4649 5044
7939 2 2 103 103 296 295 5232
7940 2 2 103 103 5000 4669 5356
7941 2 2 103 103 5173 4902 5174
7942 2 2 103 103 5032 359 5047
7943 2 2 103 103 5031 372 5049
7944 2 2 103 103 458 459 4687
7945 2 2 103 103 273 272 4688
7946 2 2 103 103 366 367 4689
7947 2 2 103 103 365 364 4690
7948 2 2 103 103 363 362 4685
7949 2 2 103 103 368 369 4686
7950 2 2 103 103 275 274 4661
7951 2 2 103 103 456 457 4662
7952 2 2 103 103 4660 360 5032
7953 2 2 103 103 4648 371 5031
7954 2 2 103 103 4647 5029 5030
7955 2 2 103 103 5035 5335 5398
7956 2 2 103 103 5035 5044 5045
7957 2 2 103 103 5029 5416 5417
7958 2 2 103 103 4638 5057 5268
7959 2 2 103 103 4660 5032 5033
7960 2 2 103 103 5090 4672 5260
7961 2 2 103 103 433 5017 5325
7962 2 2 103 103 4669 5000 5402
7963 2 2 103 103 5011 4620 5367
7964 2 2 103 103 4625 5219 5284
7965 2 2 103 103 4691 4661 4692
7966 2 2 103 103 5187 5188 5189
7967 2 2 103 103 4639 5019 5272
7968 2 2 103 103 5287 4690 5360
7969 2 2 103 103 5286 4689 5359
7970 2 2 103 103 5247 4642 5257
7971 2 2 103 103 4627 5022 5237
7972 2 2 103 103 4698 4697 4699
7973 2 2 103 103 5288 5089 5322
7974 2 2 103 103 4648 5031 5282
7975 2 2 103 103 5135 4921 5357
7976 2 2 103 103 5108 4651 5319
7977 2 2 103 103 364 363 5007
7978 2 2 103 103 367 368 5008
7979 2 2 103 103 4696 4974 4990
7980 2 2 103 103 5155 4681 5352
7981 2 2 103 103 4670 5289 5332
7982 2 2 103 103 275 4661 4691
7983 2 2 103 103 295 4675 5232
7984 2 2 103 103 4634 296 5232
7985 2 2 103 103 4921 5135 5382
7986 2 2 103 103 5199 333 5380
7987 2 2 103 103 4675 5205 5232
7988 2 2 103 103 4617 5037 5299
7989 2 2 103 103 4999 4628 5394
7990 2 2 103 103 362 361 5015
7991 2 2 103 103 369 370 5014
7992 2 2 103 103 4681 5155 5399
7993 2 2 103 103 276 275 4691
7994 2 2 103 103 370 371 4648
7995 2 2 103 103 361 360 4660
7996 2 2 103 103 5241 4622 5255
7997 2 2 103 103 4690 364 5007
7998 2 2 103 103 4689 367 5008
7999 2 2 103 103 4685 362 5015
8000 2 2 103 103 4686 369 5014
8001 2 2 103 103 4688 5327 5368
8002 2 2 103 103 5188 4671 5189
8003 2 2 103 103 5017 433 5412
8004 2 2 103 103 5169 5209 5210
8005 2 2 103 103 273 4688 5273
8006 2 2 103 103 4698 4699 4700
8007 2 2 103 103 4699 4697 4702
8008 2 2 103 103 4946 5043 5159
8009 2 2 103 103 5043 5026 5159
8010 2 2 103 103 5017 4967 5325
8011 2 2 103 103 5245 4995 5408
8012 2 2 103 103 4848 4850 5174
8013 2 2 103 103 5226 4653 5283
8014 2 2 103 103 5133 4641 5134
8015 2 2 103 103 73 3 5287
8016 2 2 103 103 78 9 5286
8017 2 2 103 103 4902 4848 5174
8018 2 2 103 103 4850 5071 5174
8019 2 2 103 103 5044 4649 5045
8020 2 2 103 103 359 358 5047
8021 2 2 103 103 372 373 5049
8022 2 2 103 103 4700 4699 4701
8023 2 2 103 103 358 4619 5047
8024 2 2 103 103 373 4655 5049
8025 2 2 103 103 4682 5134 5419
8026 2 2 103 103 459 460 5360
8027 2 2 103 103 272 271 5359
8028 2 2 103 103 5247 5257 5308
8029 2 2 103 103 4700 4701 4703
8030 2 2 103 103 4970 5246 5312
8031 2 2 103 103 457 458 5009
8032 2 2 103 103 5047 4619 5048
8033 2 2 103 103 5031 5049 5050
8034 2 2 103 103 4703 4701 4704
8035 2 2 103 103 4700 4703 4981
8036 2 2 103 103 5144 4650 5277
8037 2 2 103 103 5031 5050 5282
8038 2 2 103 103 4704 4701 4705
8039 2 2 103 103 4981 4703 4982
8040 2 2 103 103 4994 4995 5278
8041 2 2 103 103 4981 4982 4999
8042 2 2 103 103 4704 4705 4706
8043 2 2 103 103 4704 4706 4707
8044 2 2 103 103 4706 4705 4711
8045 2 2 103 103 4707 4706 4708
8046 2 2 103 103 4711 4705 4931
8047 2 2 103 103 4707 4708 4709
8048 2 2 103 103 4711 4931 4956
8049 2 2 103 103 4707 4709 4961
8050 2 2 103 103 4711 4956 4957
8051 2 2 103 103 4956 4931 5020
8052 2 2 103 103 4709 4708 4710
8053 2 2 103 103 4957 4956 4986
8054 2 2 103 103 4710 4708 4712
8055 2 2 103 103 4961 4709 4962
8056 2 2 103 103 4710 4712 4713
8057 2 2 103 103 4961 4962 5039
8058 2 2 103 103 5039 4962 5040
8059 2 2 103 103 4710 4713 4714
8060 2 2 103 103 4714 4713 4715
8061 2 2 103 103 5078 5070 5200
8062 2 2 103 103 4903 5077 5158
8063 2 2 103 103 4922 5088 5090
8064 2 2 103 103 5060 5078 5200
8065 2 2 103 103 4945 5066 5067
8066 2 2 103 103 4739 4741 5204
8067 2 2 103 103 4903 5076 5077
8068 2 2 103 103 4881 4913 5055
8069 2 2 103 103 5053 5055 5056
8070 2 2 103 103 4804 4782 5061
8071 2 2 103 103 4839 5119 5120
8072 2 2 103 103 5178 4930 5202
8073 2 2 103 103 4879 4881 5055
8074 2 2 103 103 5104 5094 5108
8075 2 2 103 103 4823 4821 5076
8076 2 2 103 103 4863 4861 5141
8077 2 2 103 103 4724 4721 5066
8078 2 2 103 103 4744 4742 5116
8079 2 2 103 103 4745 5086 5087
8080 2 2 103 103 4804 5061 5062
8081 2 2 103 103 5088 4922 5116
8082 2 2 103 103 4945 4724 5066
8083 2 2 103 103 4839 5118 5119
8084 2 2 103 103 4715 4713 4911
8085 2 2 103 103 5102 4739 5204
8086 2 2 103 103 4782 4780 5061
8087 2 2 103 103 4714 4715 4716
8088 2 2 103 103 4745 5087 5088
8089 2 2 103 103 4934 5141 5142
8090 2 2 103 103 5055 4913 5056
8091 2 2 103 103 5070 4854 5200
8092 2 2 103 103 5051 4879 5055
8093 2 2 103 103 5086 4987 5087
8094 2 2 103 103 4948 4834 5065
8095 2 2 103 103 4888 4891 5171
8096 2 2 103 103 4821 4838 5076
8097 2 2 103 103 4813 4811 5118
8098 2 2 103 103 4758 4760 5168
8099 2 2 103 103 4903 4823 5076
8100 2 2 103 103 4721 4719 5066
8101 2 2 103 103 4858 4860 5058
8102 2 2 103 103 4797 4935 5069
8103 2 2 103 103 4748 4744 5116
8104 2 2 103 103 5075 5178 5202
8105 2 2 103 103 4910 4773 5128
8106 2 2 103 103 4853 4933 5186
8107 2 2 103 103 4869 4863 5141
8108 2 2 103 103 5184 5167 5192
8109 2 2 103 103 4757 4949 5130
8110 2 2 103 103 4980 4808 5126
8111 2 2 103 103 4876 4879 5051
8112 2 2 103 103 4773 4775 5128
8113 2 2 103 103 4851 4854 5070
8114 2 2 103 103 4915 4987 5086
8115 2 2 103 103 5079 4746 5080
8116 2 2 103 103 4746 4747 5111
8117 2 2 103 103 4787 4789 5131
8118 2 2 103 103 5072 4735 5073
8119 2 2 103 103 4901 4890 5104
8120 2 2 103 103 4743 4746 5079
8121 2 2 103 103 4716 4718 5147
8122 2 2 103 103 4733 4735 5072
8123 2 2 103 103 4789 4983 5131
8124 2 2 103 103 5058 4860 5095
8125 2 2 103 103 5109 4828 5110
8126 2 2 103 103 4736 4739 5102
8127 2 2 103 103 4826 4828 5109
8128 2 2 103 103 4890 4889 5104
8129 2 2 103 103 4884 4908 5091
8130 2 2 103 103 5103 5204 5205
8131 2 2 103 103 5147 5148 5150
8132 2 2 103 103 5190 5124 5201
8133 2 2 103 103 4940 4844 5165
8134 2 2 103 103 5120 5119 5121
8135 2 2 103 103 4735 4736 5102
8136 2 2 103 103 4861 4865 5141
8137 2 2 103 103 4811 4840 5118
8138 2 2 103 103 4742 4745 5116
8139 2 2 103 103 4880 4878 5136
8140 2 2 103 103 4810 4802 5179
8141 2 2 103 103 5123 5124 5190
8142 2 2 103 103 5026 4977 5140
8143 2 2 103 103 4909 5006 5117
8144 2 2 103 103 4834 4836 5065
8145 2 2 103 103 5081 4766 5082
8146 2 2 103 103 4807 4989 5123
8147 2 2 103 103 5091 4908 5092
8148 2 2 103 103 4878 4937 5136
8149 2 2 103 103 4893 4906 5097
8150 2 2 103 103 4839 4813 5118
8151 2 2 103 103 5080 4746 5111
8152 2 2 103 103 4868 4871 5161
8153 2 2 103 103 4887 4888 5171
8154 2 2 103 103 4866 4772 5098
8155 2 2 103 103 5146 4910 5183
8156 2 2 103 103 4745 5088 5116
8157 2 2 103 103 4747 4750 5111
8158 2 2 103 103 4955 4769 5125
8159 2 2 103 103 4817 4815 5122
8160 2 2 103 103 4862 4939 5095
8161 2 2 103 103 4732 4727 5181
8162 2 2 103 103 4943 4777 5196
8163 2 2 103 103 4794 4807 5123
8164 2 2 103 103 4761 4766 5081
8165 2 2 103 103 4718 4914 5147
8166 2 2 103 103 4802 4800 5179
8167 2 2 103 103 4769 4765 5125
8168 2 2 103 103 5143 4865 5208
8169 2 2 103 103 4822 4824 5159
8170 2 2 103 103 4867 4868 5161
8171 2 2 103 103 4814 4816 5114
8172 2 2 103 103 4886 4884 5091
8173 2 2 103 103 5153 4758 5168
8174 2 2 103 103 5140 4822 5159
8175 2 2 103 103 5080 5111 5112
8176 2 2 103 103 4816 4976 5114
8177 2 2 103 103 4901 5104 5105
8178 2 2 103 103 4866 5098 5099
8179 2 2 103 103 4910 5128 5129
8180 2 2 103 103 4847 5167 5184
8181 2 2 103 103 4745 4740 5086
8182 2 2 103 103 4741 4932 5204
8183 2 2 103 103 4716 4715 4717
8184 2 2 103 103 4820 4817 5122
8185 2 2 103 103 4885 4936 5212
8186 2 2 103 103 5095 4939 5096
8187 2 2 103 103 5136 5157 5185
8188 2 2 103 103 5085 4955 5125
8189 2 2 103 103 4751 4749 5195
8190 2 2 103 103 4804 5062 5063
8191 2 2 103 103 4860 4862 5095
8192 2 2 103 103 4772 4770 5098
8193 2 2 103 103 5105 5104 5108
8194 2 2 103 103 5056 4913 5057
8195 2 2 103 103 4756 4753 5139
8196 2 2 103 103 5191 4973 5220
8197 2 2 103 103 5157 5093 5185
8198 2 2 103 103 5026 5140 5159
8199 2 2 103 103 4752 4754 5137
8200 2 2 103 103 5110 4828 5156
8201 2 2 103 103 5166 5063 5217
8202 2 2 103 103 4759 4757 5130
8203 2 2 103 103 4929 4752 5137
8204 2 2 103 103 5088 5087 5089
8205 2 2 103 103 5123 4989 5124
8206 2 2 103 103 4927 4716 5147
8207 2 2 103 103 5112 4929 5113
8208 2 2 103 103 4873 4875 5182
8209 2 2 103 103 4760 4916 5168
8210 2 2 103 103 5177 4930 5178
8211 2 2 103 103 4815 4839 5122
8212 2 2 103 103 4930 4728 5202
8213 2 2 103 103 5092 4908 5093
8214 2 2 103 103 4714 4716 4927
8215 2 2 103 103 4915 4959 4987
8216 2 2 103 103 4937 4975 5041
8217 2 2 103 103 4795 5069 5127
8218 2 2 103 103 4755 4758 5153
8219 2 2 103 103 4754 4755 5153
8220 2 2 103 103 4933 5042 5186
8221 2 2 103 103 4838 4971 4972
8222 2 2 103 103 4917 5038 5065
8223 2 2 103 103 5082 5083 5084
8224 2 2 103 103 4843 4846 5172
8225 2 2 103 103 4806 4786 5166
8226 2 2 103 103 4889 5094 5104
8227 2 2 103 103 4900 4869 4934
8228 2 2 103 103 4806 5166 5217
8229 2 2 103 103 4950 4756 5139
8230 2 2 103 103 4936 4887 4965
8231 2 2 103 103 5063 5062 5064
8232 2 2 103 103 4920 4748 4922
8233 2 2 103 103 4960 4808 4980
8234 2 2 103 103 4874 4872 5180
8235 2 2 103 103 4926 4793 5151
8236 2 2 103 103 4792 4795 5127
8237 2 2 103 103 4840 4928 4963
8238 2 2 103 103 4934 4869 5141
8239 2 2 103 103 5091 5092 5094
8240 2 2 103 103 4716 4717 4718
8241 2 2 103 103 5073 4735 5102
8242 2 2 103 103 4840 4963 5118
8243 2 2 103 103 4824 4823 4825
8244 2 2 103 103 4973 4944 4997
8245 2 2 103 103 4887 4886 4888
8246 2 2 103 103 4775 4777 4941
8247 2 2 103 103 5081 5082 5085
8248 2 2 103 103 5071 5070 5078
8249 2 2 103 103 5082 4766 5083
8250 2 2 103 103 4912 4858 5058
8251 2 2 103 103 5099 5100 5101
8252 2 2 103 103 4951 4814 5114
8253 2 2 103 103 5142 5143 5144
8254 2 2 103 103 5024 4977 5025
8255 2 2 103 103 4939 4867 4991
8256 2 2 103 103 4750 4929 5111
8257 2 2 103 103 4942 4724 4945
8258 2 2 103 103 4876 4877 4878
8259 2 2 103 103 4958 5160 5170
8260 2 2 103 103 4838 4923 4971
8261 2 2 103 103 4780 4953 5061
8262 2 2 103 103 4848 4847 4849
8263 2 2 103 103 5176 4930 5177
8264 2 2 103 103 4966 5146 5183
8265 2 2 103 103 4840 4925 4928
8266 2 2 103 103 4915 4918 4959
8267 2 2 103 103 5025 4977 5026
8268 2 2 103 103 4851 4853 4854
8269 2 2 103 103 4797 4799 4935
8270 2 2 103 103 4781 4780 4782
8271 2 2 103 103 4743 4742 4744
8272 2 2 103 103 4909 5005 5006
8273 2 2 103 103 4864 4844 4940
8274 2 2 103 103 4720 4719 4721
8275 2 2 103 103 4839 5120 5122
8276 2 2 103 103 4783 4782 4784
8277 2 2 103 103 4836 4917 5065
8278 2 2 103 103 4796 4794 5123
8279 2 2 103 103 5052 5053 5054
8280 2 2 103 103 5098 4954 5100
8281 2 2 103 103 4949 4950 4992
8282 2 2 103 103 5088 5089 5090
8283 2 2 103 103 4858 4859 4860
8284 2 2 103 103 4742 4740 4745
8285 2 2 103 103 4792 4793 4794
8286 2 2 103 103 4719 4805 5066
8287 2 2 103 103 4909 4924 5005
8288 2 2 103 103 4937 4938 4975
8289 2 2 103 103 4870 4869 4900
8290 2 2 103 103 4972 4971 4996
8291 2 2 103 103 4784 4782 4804
8292 2 2 103 103 4867 4863 4868
8293 2 2 103 103 4726 4930 5176
8294 2 2 103 103 4723 4721 4724
8295 2 2 103 103 4818 4817 4819
8296 2 2 103 103 4750 4752 4929
8297 2 2 103 103 4763 4761 5081
8298 2 2 103 103 4876 4878 4879
8299 2 2 103 103 4932 4743 5079
8300 2 2 103 103 4765 4763 5125
8301 2 2 103 103 4851 4852 4853
8302 2 2 103 103 4889 4886 5091
8303 2 2 103 103 4825 4823 4903
8304 2 2 103 103 4758 4759 4760
8305 2 2 103 103 4893 4894 4895
8306 2 2 103 103 4836 4842 4917
8307 2 2 103 103 4919 4966 4969
8308 2 2 103 103 4922 4748 5116
8309 2 2 103 103 4761 4759 4766
8310 2 2 103 103 4762 4761 4763
8311 2 2 103 103 4739 4738 4740
8312 2 2 103 103 4819 4817 4820
8313 2 2 103 103 4881 4882 4883
8314 2 2 103 103 4750 4751 4752
8315 2 2 103 103 4741 4740 4742
8316 2 2 103 103 4846 4902 5172
8317 2 2 103 103 4893 4895 4906
8318 2 2 103 103 4728 4727 4729
8319 2 2 103 103 5137 4754 5138
8320 2 2 103 103 4767 4765 4768
8321 2 2 103 103 4881 4883 4913
8322 2 2 103 103 4875 5052 5182
8323 2 2 103 103 4797 4798 4799
8324 2 2 103 103 4814 4813 4815
8325 2 2 103 103 4730 4733 4905
8326 2 2 103 103 4873 4872 4874
8327 2 2 103 103 4774 4772 4866
8328 2 2 103 103 4937 4877 4938
8329 2 2 103 103 5052 5051 5053
8330 2 2 103 103 4775 4776 4777
8331 2 2 103 103 4857 4855 4907
8332 2 2 103 103 5012 4950 5139
8333 2 2 103 103 4780 4779 4953
8334 2 2 103 103 4768 4765 4769
8335 2 2 103 103 4936 4965 4979
8336 2 2 103 103 4775 4774 4776
8337 2 2 103 103 4905 4733 5072
8338 2 2 103 103 4917 5036 5038
8339 2 2 103 103 5147 4914 5148
8340 2 2 103 103 4814 4815 4816
8341 2 2 103 103 4919 5019 5152
8342 2 2 103 103 4722 4721 4723
8343 2 2 103 103 4749 4748 4920
8344 2 2 103 103 4841 4833 5117
8345 2 2 103 103 4792 4794 4795
8346 2 2 103 103 4891 5097 5171
8347 2 2 103 103 4801 4808 4960
8348 2 2 103 103 4871 4872 4873
8349 2 2 103 103 4733 4734 4735
8350 2 2 103 103 4983 4791 4984
8351 2 2 103 103 4951 5114 5115
8352 2 2 103 103 4747 4744 4748
8353 2 2 103 103 4770 4954 5098
8354 2 2 103 103 4854 4855 4856
8355 2 2 103 103 4725 4724 4942
8356 2 2 103 103 5099 5098 5100
8357 2 2 103 103 4836 4837 4842
8358 2 2 103 103 4952 4787 5131
8359 2 2 103 103 4812 4813 4814
8360 2 2 103 103 4785 4786 4787
8361 2 2 103 103 4845 4844 4864
8362 2 2 103 103 4834 4835 4836
8363 2 2 103 103 4738 4737 4915
8364 2 2 103 103 4992 4950 5011
8365 2 2 103 103 4797 4796 4798
8366 2 2 103 103 4856 4858 4912
8367 2 2 103 103 4861 4859 4865
8368 2 2 103 103 4862 4863 4867
8369 2 2 103 103 4832 4833 4834
8370 2 2 103 103 4754 4753 4755
8371 2 2 103 103 4924 5145 5158
8372 2 2 103 103 4801 4800 4802
8373 2 2 103 103 4787 4786 4788
8374 2 2 103 103 4773 4772 4774
8375 2 2 103 103 4851 4849 4852
8376 2 2 103 103 4739 4740 4741
8377 2 2 103 103 5113 4929 5137
8378 2 2 103 103 4888 4886 4889
8379 2 2 103 103 4775 4941 5128
8380 2 2 103 103 4937 5041 5136
8381 2 2 103 103 4838 4972 5076
8382 2 2 103 103 4946 4826 5109
8383 2 2 103 103 4834 4833 4835
8384 2 2 103 103 4881 4880 4882
8385 2 2 103 103 4764 4763 4765
8386 2 2 103 103 4826 4825 4827
8387 2 2 103 103 4832 4831 4833
8388 2 2 103 103 4825 4903 5145
8389 2 2 103 103 4771 4770 4772
8390 2 2 103 103 4747 4748 4749
8391 2 2 103 103 4728 4729 4730
8392 2 2 103 103 4822 4821 4823
8393 2 2 103 103 4891 4893 5097
8394 2 2 103 103 4910 5129 5183
8395 2 2 103 103 5145 4903 5158
8396 2 2 103 103 4807 4988 4989
8397 2 2 103 103 4787 4788 4789
8398 2 2 103 103 4875 4876 5051
8399 2 2 103 103 4812 4811 4813
8400 2 2 103 103 4730 4731 4733
8401 2 2 103 103 4829 4827 4830
8402 2 2 103 103 4729 4727 4732
8403 2 2 103 103 4758 4757 4759
8404 2 2 103 103 4919 4969 5019
8405 2 2 103 103 4941 4777 4943
8406 2 2 103 103 4864 4967 4968
8407 2 2 103 103 4791 4790 4792
8408 2 2 103 103 4719 4717 4805
8409 2 2 103 103 4826 4827 4828
8410 2 2 103 103 5011 4950 5012
8411 2 2 103 103 4760 4759 4761
8412 2 2 103 103 4743 4744 4746
8413 2 2 103 103 4879 4880 4881
8414 2 2 103 103 4785 4784 4786
8415 2 2 103 103 4795 4794 4796
8416 2 2 103 103 4848 4849 4850
8417 2 2 103 103 4799 4800 4801
8418 2 2 103 103 4854 4853 4855
8419 2 2 103 103 4843 4844 4845
8420 2 2 103 103 4868 4863 4869
8421 2 2 103 103 4884 4882 4908
8422 2 2 103 103 4891 4892 4893
8423 2 2 103 103 4809 4811 4812
8424 2 2 103 103 4794 4793 4807
8425 2 2 103 103 4768 4770 4771
8426 2 2 103 103 4788 4786 4806
8427 2 2 103 103 4755 4753 4756
8428 2 2 103 103 4824 4825 4826
8429 2 2 103 103 4819 4821 4822
8430 2 2 103 103 4771 4772 4773
8431 2 2 103 103 4792 4790 4793
8432 2 2 103 103 5120 4923 5122
8433 2 2 103 103 4785 4787 4952
8434 2 2 103 103 4811 4810 4840
8435 2 2 103 103 4753 4751 5139
8436 2 2 103 103 4933 4947 4964
8437 2 2 103 103 4832 4834 4948
8438 2 2 103 103 4831 4830 4909
8439 2 2 103 103 4726 4727 4728
8440 2 2 103 103 4919 4767 4966
8441 2 2 103 103 4968 4967 5017
8442 2 2 103 103 4976 4818 4977
8443 2 2 103 103 4958 4779 5160
8444 2 2 103 103 4843 4837 4844
8445 2 2 103 103 4885 4884 4886
8446 2 2 103 103 4860 4859 4861
8447 2 2 103 103 4809 4810 4811
8448 2 2 103 103 4856 4855 4857
8449 2 2 103 103 4893 4892 4894
8450 2 2 103 103 4855 4853 5186
8451 2 2 103 103 4917 4985 5036
8452 2 2 103 103 4752 4753 4754
8453 2 2 103 103 4821 4820 4838
8454 2 2 103 103 4815 4813 4839
8455 2 2 103 103 4840 4810 4925
8456 2 2 103 103 5142 4865 5143
8457 2 2 103 103 4889 5091 5094
8458 2 2 103 103 4976 4977 5024
8459 2 2 103 103 5162 5163 5164
8460 2 2 103 103 4757 4756 4949
8461 2 2 103 103 4883 4884 4885
8462 2 2 103 103 4785 4952 5197
8463 2 2 103 103 5118 4963 5119
8464 2 2 103 103 4718 4719 4720
8465 2 2 103 103 4829 4831 4832
8466 2 2 103 103 4909 4830 4924
8467 2 2 103 103 4764 4765 4767
8468 2 2 103 103 4723 4724 4725
8469 2 2 103 103 4726 4725 4727
8470 2 2 103 103 4770 4769 4954
8471 2 2 103 103 4878 4877 4937
8472 2 2 103 103 4824 4826 4946
8473 2 2 103 103 4778 4779 4780
8474 2 2 103 103 5111 4929 5112
8475 2 2 103 103 4835 4833 4841
8476 2 2 103 103 4989 4988 5001
8477 2 2 103 103 4828 4827 4829
8478 2 2 103 103 4755 4757 4758
8479 2 2 103 103 4883 4882 4884
8480 2 2 103 103 4827 4825 5145
8481 2 2 103 103 4949 4756 4950
8482 2 2 103 103 4771 4773 4910
8483 2 2 103 103 4718 4717 4719
8484 2 2 103 103 4807 4793 4926
8485 2 2 103 103 4819 4820 4821
8486 2 2 103 103 4789 4791 4983
8487 2 2 103 103 4838 4820 4923
8488 2 2 103 103 4843 4845 4846
8489 2 2 103 103 4860 4861 4862
8490 2 2 103 103 4871 4870 4872
8491 2 2 103 103 4771 4910 5146
8492 2 2 103 103 4783 4784 4785
8493 2 2 103 103 4747 4749 4750
8494 2 2 103 103 4942 4993 4994
8495 2 2 103 103 4830 4827 5145
8496 2 2 103 103 4873 4874 4875
8497 2 2 103 103 4892 4890 4901
8498 2 2 103 103 4915 4737 4918
8499 2 2 103 103 4801 4802 4808
8500 2 2 103 103 4871 4873 4899
8501 2 2 103 103 4822 4823 4824
8502 2 2 103 103 4736 4737 4738
8503 2 2 103 103 4880 5136 5185
8504 2 2 103 103 4812 4814 4951
8505 2 2 103 103 4800 4798 4803
8506 2 2 103 103 4846 4845 4847
8507 2 2 103 103 4876 4874 4877
8508 2 2 103 103 4762 4763 4764
8509 2 2 103 103 4900 4944 4973
8510 2 2 103 103 4752 4751 4753
8511 2 2 103 103 4773 4774 4775
8512 2 2 103 103 4789 4790 4791
8513 2 2 103 103 4850 4851 5070
8514 2 2 103 103 4723 4725 4726
8515 2 2 103 103 4954 4769 4955
8516 2 2 103 103 4768 4769 4770
8517 2 2 103 103 4746 4744 4747
8518 2 2 103 103 4960 4980 4998
8519 2 2 103 103 4846 4847 4848
8520 2 2 103 103 4736 4738 4739
8521 2 2 103 103 4842 4837 4843
8522 2 2 103 103 4850 4849 4851
8523 2 2 103 103 5005 4924 5022
8524 2 2 103 103 4733 4731 4734
8525 2 2 103 103 4816 4817 4818
8526 2 2 103 103 4917 4842 4985
8527 2 2 103 103 4888 4890 4891
8528 2 2 103 103 4741 4742 4743
8529 2 2 103 103 4875 4874 4876
8530 2 2 103 103 4836 4835 4837
8531 2 2 103 103 4808 4802 4809
8532 2 2 103 103 5180 4872 5191
8533 2 2 103 103 4900 4934 4944
8534 2 2 103 103 5021 4925 5203
8535 2 2 103 103 4858 4857 4859
8536 2 2 103 103 4853 4852 4933
8537 2 2 103 103 4720 4721 4722
8538 2 2 103 103 4829 4830 4831
8539 2 2 103 103 4856 4857 4858
8540 2 2 103 103 4888 4889 4890
8541 2 2 103 103 4778 4780 4781
8542 2 2 103 103 5053 5051 5055
8543 2 2 103 103 4963 4928 5000
8544 2 2 103 103 4862 4861 4863
8545 2 2 103 103 4862 4867 4939
8546 2 2 103 103 4726 4728 4930
8547 2 2 103 103 4760 4761 4762
8548 2 2 103 103 4891 4890 4892
8549 2 2 103 103 5148 4914 5149
8550 2 2 103 103 4885 4886 4887
8551 2 2 103 103 4764 4767 4919
8552 2 2 103 103 4799 4798 4800
8553 2 2 103 103 5073 5102 5103
8554 2 2 103 103 4879 4878 4880
8555 2 2 103 103 4795 4797 5069
8556 2 2 103 103 4736 4734 4737
8557 2 2 103 103 4750 4749 4751
8558 2 2 103 103 4781 4782 4783
8559 2 2 103 103 4953 4779 4958
8560 2 2 103 103 4816 4815 4817
8561 2 2 103 103 5022 4924 5158
8562 2 2 103 103 4735 4734 4736
8563 2 2 103 103 4947 5184 5192
8564 2 2 103 103 4795 4796 4797
8565 2 2 103 103 4755 4756 4757
8566 2 2 103 103 4730 4729 4731
8567 2 2 103 103 4789 4788 4790
8568 2 2 103 103 4749 4920 5195
8569 2 2 103 103 4778 4776 4779
8570 2 2 103 103 4723 4726 5176
8571 2 2 103 103 4871 4899 5161
8572 2 2 103 103 4928 4925 5021
8573 2 2 103 103 4777 4776 4778
8574 2 2 103 103 4760 4762 4916
8575 2 2 103 103 4933 4852 4947
8576 2 2 103 103 4816 4818 4976
8577 2 2 103 103 4718 4720 4914
8578 2 2 103 103 4809 4802 4810
8579 2 2 103 103 4807 4926 4988
8580 2 2 103 103 4868 4869 4870
8581 2 2 103 103 5138 4754 5153
8582 2 2 103 103 5136 5041 5157
8583 2 2 103 103 4741 4743 4932
8584 2 2 103 103 4799 4801 5175
8585 2 2 103 103 4877 4874 5180
8586 2 2 103 103 4781 4783 4921
8587 2 2 103 103 4846 4848 4902
8588 2 2 103 103 4952 5133 5197
8589 2 2 103 103 4824 4946 5159
8590 2 2 103 103 4868 4870 4871
8591 2 2 103 103 4740 4738 5086
8592 2 2 103 103 4953 4958 5002
8593 2 2 103 103 4933 4964 5042
8594 2 2 103 103 4942 4945 4993
8595 2 2 103 103 5003 4918 5004
8596 2 2 103 103 4864 4940 4967
8597 2 2 103 103 4865 4859 5208
8598 2 2 103 103 4882 4880 5185
8599 2 2 103 103 4800 4803 5179
8600 2 2 103 103 4959 4918 5003
8601 2 2 103 103 4819 4822 5140
8602 2 2 103 103 4941 4943 4970
8603 2 2 103 103 4885 4887 4936
8604 2 2 103 103 4975 4938 5027
8605 2 2 103 103 4803 5190 5201
8606 2 2 103 103 5139 4751 5195
8607 2 2 103 103 4905 5072 5074
8608 2 2 103 103 4875 5051 5052
8609 2 2 103 103 4738 4915 5086
8610 2 2 103 103 4801 4960 5175
8611 2 2 103 103 4923 4820 5122
8612 2 2 103 103 4912 5059 5060
8613 2 2 103 103 5160 4866 5170
8614 2 2 103 103 5067 4805 5068
8615 2 2 103 103 4924 4830 5145
8616 2 2 103 103 5141 4865 5142
8617 2 2 103 103 4912 5058 5059
8618 2 2 103 103 5066 4805 5067
8619 2 2 103 103 4844 4837 5165
8620 2 2 103 103 5138 5154 5155
8621 2 2 103 103 4927 5147 5150
8622 2 2 103 103 4779 4776 5160
8623 2 2 103 103 4832 4948 5156
8624 2 2 103 103 4925 4810 5179
8625 2 2 103 103 4965 4887 5171
8626 2 2 103 103 4905 5074 5075
8627 2 2 103 103 4952 5132 5133
8628 2 2 103 103 4918 4737 5207
8629 2 2 103 103 5162 4899 5163
8630 2 2 103 103 4991 4867 5161
8631 2 2 103 103 5186 5042 5187
8632 2 2 103 103 4776 4774 5160
8633 2 2 103 103 4952 5131 5132
8634 2 2 103 103 4774 4866 5160
8635 2 2 103 103 4727 4725 5181
8636 2 2 103 103 4916 4762 5152
8637 2 2 103 103 5180 5191 5220
8638 2 2 103 103 4850 5070 5071
8639 2 2 103 103 4847 4845 5167
8640 2 2 103 103 4763 5081 5125
8641 2 2 103 103 4842 4843 5172
8642 2 2 103 103 4831 4909 5117
8643 2 2 103 103 5076 4972 5077
8644 2 2 103 103 5093 4908 5185
8645 2 2 103 103 4977 4818 5140
8646 2 2 103 103 4925 5179 5203
8647 2 2 103 103 5168 4916 5169
8648 2 2 103 103 4966 4767 5146
8649 2 2 103 103 5138 5153 5154
8650 2 2 103 103 4866 5099 5170
8651 2 2 103 103 4764 4919 5152
8652 2 2 103 103 4833 4831 5117
8653 2 2 103 103 4899 4873 5182
8654 2 2 103 103 4908 4882 5185
8655 2 2 103 103 4935 4799 5175
8656 2 2 103 103 5149 4914 5211
8657 2 2 103 103 4818 4819 5140
8658 2 2 103 103 4907 5186 5187
8659 2 2 103 103 5103 5102 5204
8660 2 2 103 103 5216 5217 5218
8661 2 2 103 103 5207 4731 5215
8662 2 2 103 103 4829 4832 5156
8663 2 2 103 103 4762 4764 5152
8664 2 2 103 103 4804 5063 5166
8665 2 2 103 103 4837 4835 5165
8666 2 2 103 103 4766 4759 5130
8667 2 2 103 103 4835 4841 5165
8668 2 2 103 103 4828 4829 5156
8669 2 2 103 103 5213 5177 5214
8670 2 2 103 103 5081 5085 5125
8671 2 2 103 103 5004 4918 5207
8672 2 2 103 103 4907 4855 5186
8673 2 2 103 103 4788 4806 5151
8674 2 2 103 103 5154 5153 5168
8675 2 2 103 103 4921 4783 5197
8676 2 2 103 103 4730 4905 5202
8677 2 2 103 103 4793 4790 5151
8678 2 2 103 103 4812 4951 5126
8679 2 2 103 103 4783 4785 5197
8680 2 2 103 103 4864 4968 5167
8681 2 2 103 103 5154 5168 5169
8682 2 2 103 103 4926 5151 5216
8683 2 2 103 103 4768 4771 5146
8684 2 2 103 103 4796 5123 5190
8685 2 2 103 103 4786 4784 5166
8686 2 2 103 103 4790 4788 5151
8687 2 2 103 103 4938 4877 5180
8688 2 2 103 103 5012 5139 5195
8689 2 2 103 103 4767 4768 5146
8690 2 2 103 103 4985 4842 5172
8691 2 2 103 103 4737 4734 5207
8692 2 2 103 103 4808 4809 5126
8693 2 2 103 103 4845 4864 5167
8694 2 2 103 103 4728 4730 5202
8695 2 2 103 103 4798 4796 5190
8696 2 2 103 103 4849 4847 5184
8697 2 2 103 103 4722 4723 5176
8698 2 2 103 103 4984 5193 5194
8699 2 2 103 103 4905 5075 5202
8700 2 2 103 103 5167 4968 5192
8701 2 2 103 103 4914 4720 5211
8702 2 2 103 103 4947 4852 5184
8703 2 2 103 103 4725 4942 5181
8704 2 2 103 103 4803 4798 5190
8705 2 2 103 103 4942 4994 5181
8706 2 2 103 103 4984 4791 5127
8707 2 2 103 103 4784 4804 5166
8708 2 2 103 103 4791 4792 5127
8709 2 2 103 103 4883 4885 5212
8710 2 2 103 103 4777 4778 5196
8711 2 2 103 103 4734 4731 5207
8712 2 2 103 103 4715 4911 5221
8713 2 2 103 103 5004 5207 5215
8714 2 2 103 103 5161 4899 5162
8715 2 2 103 103 5083 4766 5130
8716 2 2 103 103 4731 4729 5215
8717 2 2 103 103 5204 4932 5205
8718 2 2 103 103 4991 5161 5162
8719 2 2 103 103 4854 4856 5200
8720 2 2 103 103 5152 5019 5209
8721 2 2 103 103 4912 5060 5200
8722 2 2 103 103 5176 5177 5213
8723 2 2 103 103 5163 4899 5182
8724 2 2 103 103 4809 4812 5126
8725 2 2 103 103 5179 4803 5203
8726 2 2 103 103 4852 4849 5184
8727 2 2 103 103 4781 4921 5196
8728 2 2 103 103 4900 4973 5191
8729 2 2 103 103 5151 4806 5216
8730 2 2 103 103 5156 4948 5198
8731 2 2 103 103 5169 4916 5209
8732 2 2 103 103 5021 5203 5219
8733 2 2 103 103 5110 5156 5198
8734 2 2 103 103 4803 5201 5203
8735 2 2 103 103 5110 5198 5199
8736 2 2 103 103 5127 5069 5193
8737 2 2 103 103 4717 4715 5221
8738 2 2 103 103 4856 4912 5200
8739 2 2 103 103 4778 4781 5196
8740 2 2 103 103 5216 4806 5217
8741 2 2 103 103 4729 4732 5215
8742 2 2 103 103 4984 5127 5193
8743 2 2 103 103 4720 4722 5211
8744 2 2 103 103 4872 4870 5191
8745 2 2 103 103 4916 5152 5209
8746 2 2 103 103 4713 4712 5225
8747 2 2 103 103 5203 5201 5219
8748 2 2 103 103 4870 4900 5191
8749 2 2 103 103 4722 5176 5213
8750 2 2 103 103 5004 5215 5222
8751 2 2 103 103 5215 4732 5222
8752 2 2 103 103 4857 4907 5208
8753 2 2 103 103 4859 4857 5208
8754 2 2 103 103 5068 4805 5221
8755 2 2 103 103 4805 4717 5221
8756 2 2 103 103 5057 4913 5212
8757 2 2 103 103 4913 4883 5212
8758 2 2 103 103 5027 4938 5220
8759 2 2 103 103 5211 4722 5213
8760 2 2 103 103 4938 5180 5220
8761 2 2 103 103 5223 4911 5224
8762 2 2 103 103 5068 5221 5223
8763 2 2 103 103 5221 4911 5223
8764 2 2 103 103 4911 4713 5225
8765 2 2 103 103 5224 5225 5226
8766 2 2 103 103 5224 4911 5225
8767 2 2 103 103 4714 4927 5227
8768 2 2 103 103 4709 4710 5227
8769 2 2 103 103 4962 4709 5227
8770 2 2 103 103 4710 4714 5227
8771 2 2 103 103 4927 5150 5228
8772 2 2 103 103 5227 4927 5228
8773 2 2 103 103 4962 5227 5228
8774 2 2 103 103 5040 4962 5228
8775 2 2 103 103 4706 4711 5229
8776 2 2 103 103 4708 4706 5229
8777 2 2 103 103 4712 4708 5229
8778 2 2 103 103 4711 4957 5229
8779 2 2 103 103 5226 5225 5230
8780 2 2 103 103 4712 5229 5230
8781 2 2 103 103 5229 4957 5230
8782 2 2 103 103 5225 4712 5230
8783 2 2 103 103 4707 4961 5231
8784 2 2 103 103 4703 4704 5231
8785 2 2 103 103 4982 4703 5231
8786 2 2 103 103 4704 4707 5231
8787 2 2 103 103 363 4685 5007
8788 2 2 103 103 368 4686 5008
8789 2 2 103 103 361 4660 5015
8790 2 2 103 103 370 4648 5014
8791 2 2 103 103 4620 5011 5420
8792 2 2 103 103 418 419 5243
8793 2 2 103 103 401 402 5241
8794 2 2 103 103 426 427 5237
8795 2 2 103 103 435 436 5244
8796 2 2 103 103 450 451 5250
8797 2 2 103 103 343 342 4673
8798 2 2 103 103 353 352 4674
8799 2 2 103 103 437 438 4615
8800 2 2 103 103 447 448 4616
8801 2 2 103 103 341 340 4637
8802 2 2 103 103 345 344 4635
8803 2 2 103 103 351 350 4636
8804 2 2 103 103 355 354 4638
8805 2 2 103 103 299 298 4684
8806 2 2 103 103 301 300 4652
8807 2 2 103 103 317 316 4677
8808 2 2 103 103 322 321 4678
8809 2 2 103 103 327 326 4679
8810 2 2 103 103 332 331 4680
8811 2 2 103 103 338 337 4617
8812 2 2 103 103 348 347 4618
8813 2 2 103 103 358 357 4619
8814 2 2 103 103 303 302 4681
8815 2 2 103 103 305 304 4639
8816 2 2 103 103 308 307 4676
8817 2 2 103 103 310 309 4640
8818 2 2 103 103 313 312 4682
8819 2 2 103 103 315 314 4641
8820 2 2 103 103 320 319 4642
8821 2 2 103 103 325 324 4643
8822 2 2 103 103 330 329 4644
8823 2 2 103 103 335 334 4645
8824 2 2 103 103 431 432 4649
8825 2 2 103 103 278 277 4628
8826 2 2 103 103 281 280 4629
8827 2 2 103 103 284 283 4630
8828 2 2 103 103 287 286 4631
8829 2 2 103 103 290 289 4632
8830 2 2 103 103 293 292 4633
8831 2 2 103 103 295 294 4675
8832 2 2 103 103 297 296 4634
8833 2 2 103 103 439 440 4671
8834 2 2 103 103 441 442 4650
8835 2 2 103 103 449 450 4663
8836 2 2 103 103 451 452 4651
8837 2 2 103 103 394 395 4620
8838 2 2 103 103 397 398 4621
8839 2 2 103 103 402 403 4622
8840 2 2 103 103 407 408 4623
8841 2 2 103 103 412 413 4624
8842 2 2 103 103 417 418 4625
8843 2 2 103 103 422 423 4626
8844 2 2 103 103 427 428 4627
8845 2 2 103 103 429 430 4664
8846 2 2 103 103 376 377 4653
8847 2 2 103 103 383 384 4654
8848 2 2 103 103 388 389 5240
8849 2 2 103 103 400 401 4665
8850 2 2 103 103 405 406 4666
8851 2 2 103 103 410 411 4667
8852 2 2 103 103 415 416 4668
8853 2 2 103 103 420 421 4669
8854 2 2 103 103 425 426 4670
8855 2 2 103 103 448 449 5235
8856 2 2 103 103 434 435 4658
8857 2 2 103 103 444 445 4659
8858 2 2 103 103 454 455 4647
8859 2 2 103 103 373 374 4655
8860 2 2 103 103 378 379 5234
8861 2 2 103 103 379 380 4656
8862 2 2 103 103 380 381 5233
8863 2 2 103 103 381 382 4683
8864 2 2 103 103 385 386 5245
8865 2 2 103 103 386 387 4657
8866 2 2 103 103 389 390 4646
8867 2 2 103 103 392 393 4672
8868 2 2 103 103 285 284 5248
8869 2 2 103 103 312 311 5246
8870 2 2 103 103 344 343 5239
8871 2 2 103 103 298 297 5249
8872 2 2 103 103 309 308 5242
8873 2 2 103 103 321 320 5247
8874 2 2 103 103 342 341 5238
8875 2 2 103 103 354 353 5236
8876 2 2 103 103 4931 5253 5254
8877 2 2 103 103 4625 418 5243
8878 2 2 103 103 4665 401 5241
8879 2 2 103 103 4670 426 5237
8880 2 2 103 103 402 4622 5241
8881 2 2 103 103 427 4627 5237
8882 2 2 103 103 451 4651 5250
8883 2 2 103 103 4663 450 5250
8884 2 2 103 103 4658 435 5244
8885 2 2 103 103 449 4663 5235
8886 2 2 103 103 381 4683 5233
8887 2 2 103 103 379 4656 5234
8888 2 2 103 103 389 4646 5240
8889 2 2 103 103 386 4657 5245
8890 2 2 103 103 4656 380 5233
8891 2 2 103 103 4616 448 5235
8892 2 2 103 103 284 4630 5248
8893 2 2 103 103 4682 312 5246
8894 2 2 103 103 343 4673 5239
8895 2 2 103 103 4684 298 5249
8896 2 2 103 103 4635 344 5239
8897 2 2 103 103 297 4634 5249
8898 2 2 103 103 4638 354 5236
8899 2 2 103 103 4640 309 5242
8900 2 2 103 103 308 4676 5242
8901 2 2 103 103 320 4642 5247
8902 2 2 103 103 4678 321 5247
8903 2 2 103 103 341 4637 5238
8904 2 2 103 103 4673 342 5238
8905 2 2 103 103 353 4674 5236
8906 2 2 103 103 5062 5061 5251
8907 2 2 103 103 4953 5002 5251
8908 2 2 103 103 4699 4702 5253
8909 2 2 103 103 5039 4629 5270
8910 2 2 103 103 4931 4705 5253
8911 2 2 103 103 4701 4699 5253
8912 2 2 103 103 5253 4702 5254
8913 2 2 103 103 5061 4953 5251
8914 2 2 103 103 5100 4954 5255
8915 2 2 103 103 299 4684 5252
8916 2 2 103 103 4652 300 5252
8917 2 2 103 103 5006 5035 5398
8918 2 2 103 103 5120 5121 5256
8919 2 2 103 103 4971 4923 5256
8920 2 2 103 103 5193 5069 5257
8921 2 2 103 103 5020 5254 5383
8922 2 2 103 103 4920 4922 5260
8923 2 2 103 103 383 4654 5258
8924 2 2 103 103 4683 382 5258
8925 2 2 103 103 5149 4631 5296
8926 2 2 103 103 5129 5128 5261
8927 2 2 103 103 4941 4970 5261
8928 2 2 103 103 4988 4926 5262
8929 2 2 103 103 5216 5218 5262
8930 2 2 103 103 300 299 5252
8931 2 2 103 103 4705 4701 5253
8932 2 2 103 103 347 346 5263
8933 2 2 103 103 5020 4931 5254
8934 2 2 103 103 4954 4955 5255
8935 2 2 103 103 280 279 5265
8936 2 2 103 103 5170 5099 5266
8937 2 2 103 103 4951 5115 5267
8938 2 2 103 103 4980 5126 5267
8939 2 2 103 103 394 4620 5264
8940 2 2 103 103 4672 393 5264
8941 2 2 103 103 4923 5120 5256
8942 2 2 103 103 4936 4979 5268
8943 2 2 103 103 5057 5212 5268
8944 2 2 103 103 5069 4935 5257
8945 2 2 103 103 4961 5039 5270
8946 2 2 103 103 382 383 5258
8947 2 2 103 103 4949 4992 5271
8948 2 2 103 103 5083 5130 5271
8949 2 2 103 103 4982 5231 5270
8950 2 2 103 103 5097 5048 5401
8951 2 2 103 103 4647 5028 5029
8952 2 2 103 103 5241 5255 5304
8953 2 2 103 103 4644 5043 5275
8954 2 2 103 103 305 4639 5272
8955 2 2 103 103 455 456 5028
8956 2 2 103 103 4922 5090 5260
8957 2 2 103 103 4983 4984 5274
8958 2 2 103 103 4692 4693 4694
8959 2 2 103 103 5054 4636 5326
8960 2 2 103 103 5128 4941 5261
8961 2 2 103 103 5142 5144 5277
8962 2 2 103 103 4944 4934 5277
8963 2 2 103 103 4680 331 5275
8964 2 2 103 103 330 4644 5275
8965 2 2 103 103 5181 4994 5278
8966 2 2 103 103 5222 4732 5278
8967 2 2 103 103 5065 5038 5280
8968 2 2 103 103 5198 4948 5280
8969 2 2 103 103 5218 4667 5314
8970 2 2 103 103 4926 5216 5262
8971 2 2 103 103 4637 340 5276
8972 2 2 103 103 442 443 5279
8973 2 2 103 103 5059 5058 5281
8974 2 2 103 103 5095 5096 5281
8975 2 2 103 103 5129 5242 5400
8976 2 2 103 103 4653 5226 5323
8977 2 2 103 103 4653 377 5283
8978 2 2 103 103 378 5234 5283
8979 2 2 103 103 5189 5143 5418
8980 2 2 103 103 4668 416 5284
8981 2 2 103 103 417 4625 5284
8982 2 2 103 103 4618 347 5263
8983 2 2 103 103 388 5240 5285
8984 2 2 103 103 4657 387 5285
8985 2 2 103 103 453 5106 5319
8986 2 2 103 103 5012 5013 5420
8987 2 2 103 103 5013 4620 5420
8988 2 2 103 103 393 394 5264
8989 2 2 103 103 5027 4659 5344
8990 2 2 103 103 4629 280 5265
8991 2 2 103 103 4964 5244 5294
8992 2 2 103 103 5099 5101 5266
8993 2 2 103 103 5126 4951 5267
8994 2 2 103 103 4650 5144 5321
8995 2 2 103 103 5212 4936 5268
8996 2 2 103 103 5094 5092 5290
8997 2 2 103 103 274 273 5273
8998 2 2 103 103 408 409 5293
8999 2 2 103 103 4995 5245 5364
9000 2 2 103 103 4631 5149 5343
9001 2 2 103 103 5237 5022 5289
9002 2 2 103 103 5231 4961 5270
9003 2 2 103 103 290 4632 5292
9004 2 2 103 103 349 5164 5331
9005 2 2 103 103 5130 4949 5271
9006 2 2 103 103 5019 4969 5272
9007 2 2 103 103 306 305 5272
9008 2 2 103 103 289 288 5297
9009 2 2 103 103 5244 436 5294
9010 2 2 103 103 437 4615 5294
9011 2 2 103 103 447 4616 5295
9012 2 2 103 103 4631 286 5296
9013 2 2 103 103 285 5248 5296
9014 2 2 103 103 5033 4906 5384
9015 2 2 103 103 5024 5025 5406
9016 2 2 103 103 4629 5039 5317
9017 2 2 103 103 5205 4932 5300
9018 2 2 103 103 5124 4989 5301
9019 2 2 103 103 5232 5205 5300
9020 2 2 103 103 315 4641 5298
9021 2 2 103 103 4677 316 5298
9022 2 2 103 103 338 4617 5299
9023 2 2 103 103 5416 5306 5417
9024 2 2 103 103 4636 5054 5372
9025 2 2 103 103 4672 5090 5288
9026 2 2 103 103 4983 5274 5345
9027 2 2 103 103 374 375 5302
9028 2 2 103 103 4896 4894 4904
9029 2 2 103 103 4984 5194 5274
9030 2 2 103 103 5210 4681 5399
9031 2 2 103 103 4659 5027 5393
9032 2 2 103 103 331 330 5275
9033 2 2 103 103 4667 5218 5358
9034 2 2 103 103 4666 406 5303
9035 2 2 103 103 407 4623 5303
9036 2 2 103 103 5024 4679 5363
9037 2 2 103 103 5113 5137 5307
9038 2 2 103 103 5138 5155 5307
9039 2 2 103 103 340 339 5276
9040 2 2 103 103 357 356 5309
9041 2 2 103 103 5263 346 5330
9042 2 2 103 103 4651 5108 5290
9043 2 2 103 103 4934 5142 5277
9044 2 2 103 103 4993 4945 5311
9045 2 2 103 103 4967 4940 5386
9046 2 2 103 103 5022 5158 5289
9047 2 2 103 103 4732 5181 5278
9048 2 2 103 103 4669 421 5310
9049 2 2 103 103 422 4626 5310
9050 2 2 103 103 4948 5065 5280
9051 2 2 103 103 4650 442 5279
9052 2 2 103 103 391 392 5288
9053 2 2 103 103 5058 5095 5281
9054 2 2 103 103 356 355 5315
9055 2 2 103 103 377 378 5283
9056 2 2 103 103 310 4640 5312
9057 2 2 103 103 5246 311 5312
9058 2 2 103 103 412 4624 5314
9059 2 2 103 103 4667 411 5314
9060 2 2 103 103 4901 5107 5423
9061 2 2 103 103 416 417 5284
9062 2 2 103 103 4946 5109 5313
9063 2 2 103 103 387 388 5285
9064 2 2 103 103 4904 4894 5423
9065 2 2 103 103 4678 5247 5308
9066 2 2 103 103 4897 5016 5339
9067 2 2 103 103 5325 4967 5386
9068 2 2 103 103 5170 5266 5350
9069 2 2 103 103 5255 4955 5304
9070 2 2 103 103 4679 326 5316
9071 2 2 103 103 325 4643 5316
9072 2 2 103 103 281 4629 5317
9073 2 2 103 103 5068 5223 5389
9074 2 2 103 103 452 453 5319
9075 2 2 103 103 4676 307 5318
9076 2 2 103 103 5257 4935 5308
9077 2 2 103 103 397 4621 5320
9078 2 2 103 103 4679 5024 5406
9079 2 2 103 103 5187 5189 5418
9080 2 2 103 103 390 391 5322
9081 2 2 103 103 4957 4986 5323
9082 2 2 103 103 5226 5230 5323
9083 2 2 103 103 5201 5124 5324
9084 2 2 103 103 5016 5015 5339
9085 2 2 103 103 392 4672 5288
9086 2 2 103 103 5244 4964 5342
9087 2 2 103 103 4671 440 5321
9088 2 2 103 103 441 4650 5321
9089 2 2 103 103 5052 5054 5326
9090 2 2 103 103 5163 5182 5326
9091 2 2 103 103 432 433 5325
9092 2 2 103 103 5250 4651 5290
9093 2 2 103 103 5003 5004 5329
9094 2 2 103 103 5107 4904 5423
9095 2 2 103 103 5077 4972 5332
9096 2 2 103 103 350 349 5331
9097 2 2 103 103 5028 4662 5416
9098 2 2 103 103 335 4645 5328
9099 2 2 103 103 5109 5110 5334
9100 2 2 103 103 345 4635 5330
9101 2 2 103 103 324 323 5333
9102 2 2 103 103 5096 5263 5330
9103 2 2 103 103 4686 5377 5378
9104 2 2 103 103 4940 5165 5335
9105 2 2 103 103 5158 5077 5289
9106 2 2 103 103 4634 5232 5300
9107 2 2 103 103 4995 4654 5408
9108 2 2 103 103 4655 5020 5383
9109 2 2 103 103 5164 5163 5331
9110 2 2 103 103 398 399 5340
9111 2 2 103 103 4661 274 5273
9112 2 2 103 103 5274 4677 5345
9113 2 2 103 103 4964 4947 5342
9114 2 2 103 103 5213 5214 5343
9115 2 2 103 103 5149 5211 5343
9116 2 2 103 103 4668 5284 5324
9117 2 2 103 103 4633 292 5341
9118 2 2 103 103 5276 339 5299
9119 2 2 103 103 5132 5131 5345
9120 2 2 103 103 5036 4617 5374
9121 2 2 103 103 5000 5243 5402
9122 2 2 103 103 4659 445 5344
9123 2 2 103 103 5266 4666 5350
9124 2 2 103 103 5082 5084 5347
9125 2 2 103 103 4960 4998 5348
9126 2 2 103 103 4665 5241 5304
9127 2 2 103 103 5002 4958 5350
9128 2 2 103 103 423 424 5349
9129 2 2 103 103 4966 5183 5351
9130 2 2 103 103 5090 5089 5288
9131 2 2 103 103 5268 4979 5315
9132 2 2 103 103 5121 5119 5356
9133 2 2 103 103 4963 5000 5356
9134 2 2 103 103 4702 5269 5337
9135 2 2 103 103 4921 5197 5357
9136 2 2 103 103 5078 5060 5385
9137 2 2 103 103 5063 5064 5358
9138 2 2 103 103 5218 5217 5358
9139 2 2 103 103 4681 302 5352
9140 2 2 103 103 301 4652 5352
9141 2 2 103 103 5169 5210 5399
9142 2 2 103 103 5039 5040 5317
9143 2 2 103 103 5059 5239 5424
9144 2 2 103 103 5108 5094 5290
9145 2 2 103 103 5032 5047 5291
9146 2 2 103 103 5047 5048 5291
9147 2 2 103 103 4976 5024 5363
9148 2 2 103 103 5115 5114 5363
9149 2 2 103 103 4670 5237 5289
9150 2 2 103 103 4630 283 5361
9151 2 2 103 103 5272 4969 5318
9152 2 2 103 103 5071 5078 5346
9153 2 2 103 103 4658 5244 5342
9154 2 2 103 103 5096 4939 5371
9155 2 2 103 103 5067 5068 5355
9156 2 2 103 103 291 290 5292
9157 2 2 103 103 375 376 5370
9158 2 2 103 103 306 5272 5318
9159 2 2 103 103 4623 408 5293
9160 2 2 103 103 4620 395 5367
9161 2 2 103 103 5259 4898 5362
9162 2 2 103 103 415 4668 5369
9163 2 2 103 103 334 333 5375
9164 2 2 103 103 4674 352 5372
9165 2 2 103 103 351 4636 5372
9166 2 2 103 103 4617 337 5374
9167 2 2 103 103 5196 4921 5382
9168 2 2 103 103 4647 455 5028
9169 2 2 103 103 4968 5017 5387
9170 2 2 103 103 4892 4901 5423
9171 2 2 103 103 399 400 5381
9172 2 2 103 103 5214 5177 5422
9173 2 2 103 103 5074 5072 5390
9174 2 2 103 103 4973 4997 5393
9175 2 2 103 103 5027 5220 5393
9176 2 2 103 103 4907 5187 5418
9177 2 2 103 103 5143 5208 5418
9178 2 2 103 103 323 322 5388
9179 2 2 103 103 5228 5150 5395
9180 2 2 103 103 319 318 5421
9181 2 2 103 103 288 287 5391
9182 2 2 103 103 5054 5053 5413
9183 2 2 103 103 5117 5006 5398
9184 2 2 103 103 5155 5154 5399
9185 2 2 103 103 5134 4641 5419
9186 2 2 103 103 4991 5162 5409
9187 2 2 103 103 4986 4956 5407
9188 2 2 103 103 5351 5183 5400
9189 2 2 103 103 413 414 5397
9190 2 2 103 103 317 4677 5392
9191 2 2 103 103 4678 5308 5348
9192 2 2 103 103 313 4682 5419
9193 2 2 103 103 4641 314 5419
9194 2 2 103 103 433 434 5412
9195 2 2 103 103 409 410 5403
9196 2 2 103 103 405 4666 5396
9197 2 2 103 103 436 437 5294
9198 2 2 103 103 446 447 5295
9199 2 2 103 103 286 285 5296
9200 2 2 103 103 5243 419 5402
9201 2 2 103 103 420 4669 5402
9202 2 2 103 103 5173 5174 5305
9203 2 2 103 103 4654 384 5408
9204 2 2 103 103 385 5245 5408
9205 2 2 103 103 327 4679 5406
9206 2 2 103 103 5358 5064 5403
9207 2 2 103 103 5343 5214 5391
9208 2 2 103 103 4895 4894 4896
9209 2 2 103 103 5323 4986 5370
9210 2 2 103 103 4634 5300 5336
9211 2 2 103 103 4632 289 5297
9212 2 2 103 103 5290 5092 5338
9213 2 2 103 103 316 315 5298
9214 2 2 103 103 339 338 5299
9215 2 2 103 103 4932 5079 5300
9216 2 2 103 103 5263 5096 5371
9217 2 2 103 103 4989 5001 5301
9218 2 2 103 103 4638 5268 5315
9219 2 2 103 103 4662 5259 5306
9220 2 2 103 103 4671 5321 5366
9221 2 2 103 103 5092 5093 5338
9222 2 2 103 103 5284 5219 5324
9223 2 2 103 103 4996 4971 5414
9224 2 2 103 103 5385 5060 5424
9225 2 2 103 103 4655 374 5302
9226 2 2 103 103 406 407 5303
9227 2 2 103 103 5143 5189 5366
9228 2 2 103 103 4955 5085 5304
9229 2 2 103 103 4666 5266 5396
9230 2 2 103 103 5174 5071 5305
9231 2 2 103 103 4981 4999 5394
9232 2 2 103 103 4665 5304 5347
9233 2 2 103 103 5137 5138 5307
9234 2 2 103 103 4935 5175 5308
9235 2 2 103 103 4658 5342 5387
9236 2 2 103 103 4619 357 5309
9237 2 2 103 103 4677 5274 5392
9238 2 2 103 103 5317 5040 5361
9239 2 2 103 103 4959 5240 5405
9240 2 2 103 103 421 422 5310
9241 2 2 103 103 4680 5275 5313
9242 2 2 103 103 4945 5067 5311
9243 2 2 103 103 5043 4946 5313
9244 2 2 103 103 4904 5306 5362
9245 2 2 103 103 4696 4694 4974
9246 2 2 103 103 311 310 5312
9247 2 2 103 103 411 412 5314
9248 2 2 103 103 5020 4655 5407
9249 2 2 103 103 5014 4648 5410
9250 2 2 103 103 291 5292 5341
9251 2 2 103 103 5273 4688 5368
9252 2 2 103 103 355 4638 5315
9253 2 2 103 103 5297 5214 5422
9254 2 2 103 103 5300 5079 5336
9255 2 2 103 103 4693 4661 5273
9256 2 2 103 103 326 325 5316
9257 2 2 103 103 282 281 5317
9258 2 2 103 103 5233 4683 5355
9259 2 2 103 103 5238 4637 5346
9260 2 2 103 103 307 306 5318
9261 2 2 103 103 446 5295 5344
9262 2 2 103 103 5049 4655 5383
9263 2 2 103 103 5354 4943 5382
9264 2 2 103 103 5338 5093 5379
9265 2 2 103 103 4651 452 5319
9266 2 2 103 103 4668 5301 5369
9267 2 2 103 103 396 397 5320
9268 2 2 103 103 5302 4986 5407
9269 2 2 103 103 332 4680 5380
9270 2 2 103 103 4618 5263 5371
9271 2 2 103 103 5134 5135 5357
9272 2 2 103 103 440 441 5321
9273 2 2 103 103 4646 390 5322
9274 2 2 103 103 5250 5290 5338
9275 2 2 103 103 5230 4957 5323
9276 2 2 103 103 5329 5222 5364
9277 2 2 103 103 5219 5201 5324
9278 2 2 103 103 5304 5085 5347
9279 2 2 103 103 4649 432 5325
9280 2 2 103 103 5182 5052 5326
9281 2 2 103 103 5254 4702 5337
9282 2 2 103 103 5275 5043 5313
9283 2 2 103 103 4660 5033 5339
9284 2 2 103 103 5308 5175 5348
9285 2 2 103 103 4898 5259 5404
9286 2 2 103 103 336 335 5328
9287 2 2 103 103 5004 5222 5329
9288 2 2 103 103 346 345 5330
9289 2 2 103 103 4636 350 5331
9290 2 2 103 103 5087 4987 5365
9291 2 2 103 103 4676 5318 5351
9292 2 2 103 103 4972 4996 5332
9293 2 2 103 103 5348 4998 5388
9294 2 2 103 103 5060 5059 5424
9295 2 2 103 103 5266 5101 5396
9296 2 2 103 103 424 425 5373
9297 2 2 103 103 5249 4634 5336
9298 2 2 103 103 5110 5199 5334
9299 2 2 103 103 4619 5309 5353
9300 2 2 103 103 5387 5017 5412
9301 2 2 103 103 4643 324 5333
9302 2 2 103 103 5165 4841 5335
9303 2 2 103 103 5079 5080 5336
9304 2 2 103 103 5011 5012 5420
9305 2 2 103 103 4630 5361 5395
9306 2 2 103 103 5347 5084 5381
9307 2 2 103 103 5089 5087 5365
9308 2 2 103 103 5346 5078 5385
9309 2 2 103 103 5135 4682 5354
9310 2 2 103 103 4663 5250 5338
9311 2 2 103 103 282 5317 5361
9312 2 2 103 103 5133 5134 5357
9313 2 2 103 103 5355 5068 5389
9314 2 2 103 103 4621 398 5340
9315 2 2 103 103 292 291 5341
9316 2 2 103 103 396 5320 5367
9317 2 2 103 103 425 4670 5373
9318 2 2 103 103 4947 5192 5342
9319 2 2 103 103 4692 4661 4693
9320 2 2 103 103 5211 5213 5343
9321 2 2 103 103 5183 5129 5400
9322 2 2 103 103 5178 4632 5422
9323 2 2 103 103 4653 5323 5370
9324 2 2 103 103 5093 5157 5379
9325 2 2 103 103 5274 5194 5392
9326 2 2 103 103 4895 4896 4897
9327 2 2 103 103 5349 4996 5414
9328 2 2 103 103 5171 5097 5401
9329 2 2 103 103 445 446 5344
9330 2 2 103 103 4662 5009 5259
9331 2 2 103 103 5249 5336 5376
9332 2 2 103 103 5321 5144 5366
9333 2 2 103 103 336 5328 5374
9334 2 2 103 103 5365 4987 5405
9335 2 2 103 103 5018 4981 5394
9336 2 2 103 103 5131 4983 5345
9337 2 2 103 103 5008 4686 5327
9338 2 2 103 103 5085 5082 5347
9339 2 2 103 103 5336 5080 5376
9340 2 2 103 103 4631 5343 5391
9341 2 2 103 103 5175 4960 5348
9342 2 2 103 103 4958 5170 5350
9343 2 2 103 103 4626 423 5349
9344 2 2 103 103 5023 4693 5368
9345 2 2 103 103 4676 5351 5400
9346 2 2 103 103 4969 4966 5351
9347 2 2 103 103 4663 5338 5379
9348 2 2 103 103 302 301 5352
9349 2 2 103 103 4895 4897 5384
9350 2 2 103 103 4637 5305 5346
9351 2 2 103 103 5048 4619 5353
9352 2 2 103 103 5335 4841 5398
9353 2 2 103 103 4667 5358 5403
9354 2 2 103 103 5119 4963 5356
9355 2 2 103 103 4682 5246 5354
9356 2 2 103 103 5197 5133 5357
9357 2 2 103 103 4683 5311 5355
9358 2 2 103 103 5217 5063 5358
9359 2 2 103 103 333 332 5380
9360 2 2 103 103 5379 5157 5415
9361 2 2 103 103 5342 5192 5387
9362 2 2 103 103 5189 4671 5366
9363 2 2 103 103 4965 5171 5401
9364 2 2 103 103 283 282 5361
9365 2 2 103 103 4904 5107 5417
9366 2 2 103 103 4694 4693 5023
9367 2 2 103 103 5259 5010 5404
9368 2 2 103 103 5222 5278 5364
9369 2 2 103 103 4987 4959 5405
9370 2 2 103 103 5114 4976 5363
9371 2 2 103 103 5041 4616 5415
9372 2 2 103 103 5144 5143 5366
9373 2 2 103 103 395 396 5367
9374 2 2 103 103 414 415 5369
9375 2 2 103 103 4939 4991 5371
9376 2 2 103 103 5015 4660 5339
9377 2 2 103 103 376 4653 5370
9378 2 2 103 103 5278 4995 5364
9379 2 2 103 103 352 351 5372
9380 2 2 103 103 4684 5249 5376
9381 2 2 103 103 337 336 5374
9382 2 2 103 103 5080 5112 5376
9383 2 2 103 103 4645 334 5375
9384 2 2 103 103 4680 5334 5380
9385 2 2 103 103 5235 4663 5379
9386 2 2 103 103 5306 5259 5362
9387 2 2 103 103 5157 5041 5415
9388 2 2 103 103 5050 5049 5383
9389 2 2 103 103 4943 5196 5382
9390 2 2 103 103 400 4665 5381
9391 2 2 103 103 4906 4895 5384
9392 2 2 103 103 5045 4649 5386
9393 2 2 103 103 5192 4968 5387
9394 2 2 103 103 4673 5238 5385
9395 2 2 103 103 4684 5376 5411
9396 2 2 103 103 4693 5273 5368
9397 2 2 103 103 5023 5327 5378
9398 2 2 103 103 322 4678 5388
9399 2 2 103 103 5072 5073 5390
9400 2 2 103 103 5376 5112 5411
9401 2 2 103 103 318 317 5392
9402 2 2 103 103 5220 4973 5393
9403 2 2 103 103 287 4631 5391
9404 2 2 103 103 4656 5233 5389
9405 2 2 103 103 5318 4969 5351
9406 2 2 103 103 4646 5365 5405
9407 2 2 103 103 4649 5325 5386
9408 2 2 103 103 5040 5228 5395
9409 2 2 103 103 404 405 5396
9410 2 2 103 103 5235 5379 5415
9411 2 2 103 103 4624 413 5397
9412 2 2 103 103 4841 5117 5398
9413 2 2 103 103 4673 5385 5424
9414 2 2 103 103 5154 5169 5399
9415 2 2 103 103 4648 5282 5410
9416 2 2 103 103 419 420 5402
9417 2 2 103 103 5242 4676 5400
9418 2 2 103 103 410 4667 5403
9419 2 2 103 103 5322 5089 5365
9420 2 2 103 103 4956 5020 5407
9421 2 2 103 103 328 327 5406
9422 2 2 103 103 5162 5164 5409
9423 2 2 103 103 384 385 5408
9424 2 2 103 103 4971 5256 5414
9425 2 2 103 103 5240 4646 5405
9426 2 2 103 103 5252 4684 5411
9427 2 2 103 103 5112 5113 5411
9428 2 2 103 103 4896 4904 5362
9429 2 2 103 103 5053 5056 5413
9430 2 2 103 103 434 4658 5412
9431 2 2 103 103 5208 4907 5418
9432 2 2 103 103 5177 5178 5422
9433 2 2 103 103 4894 4892 5423
9434 2 2 103 103 314 313 5419
9435 2 2 103 103 4616 5235 5415
9436 2 2 103 103 4642 319 5421
9437 2 2 103 103 5305 5071 5346
9438 2 2 103 103 4897 4898 5016
9439 2 2 103 103 5239 4673 5424
9440 2 2 103 103 4897 4896 4898
9441 2 2 103 103 5301 5001 5369
9442 2 2 103 103 5113 5252 5411
9443 2 2 103 103 4670 5332 5373
9444 2 2 103 103 4632 5297 5422
9445 2 2 103 103 5256 4626 5414
9446 2 2 103 103 4974 4694 5023
9447 2 2 103 103 4662 457 5009
9448 2 2 103 103 5327 4686 5378
9449 2 2 103 103 5311 5067 5355
9450 2 2 103 103 4655 5302 5407
9451 2 2 103 103 4678 5348 5388
9452 2 2 103 103 5238 5346 5385
9453 2 2 103 103 5377 5014 5410
9454 2 2 103 103 4990 4974 5377
9455 2 2 103 103 4665 5347 5381
9456 2 2 103 103 5327 5023 5368
9457 2 2 103 103 365 4690 5287
9458 2 2 103 103 366 4689 5286
9459 2 2 103 103 4662 5306 5416
9460 2 2 103 103 5233 5355 5389
9461 2 2 103 103 5361 5040 5395
9462 2 2 103 103 4646 5322 5365
9463 2 2 103 103 4688 272 5359
9464 2 2 103 103 4687 459 5360
9465 2 2 103 103 5029 5028 5416
9466 2 2 103 103 5332 4996 5373
9467 2 2 103 103 5135 5354 5382
9468 2 2 103 103 4658 5387 5412
9469 2 2 103 103 5353 4965 5401
9470 2 2 103 103 4990 5377 5410
9471 2 2 103 103 5334 5199 5380
9472 2 2 103 103 5282 4990 5410
9473 2 2 103 103 4898 4896 5362
9474 2 2 103 103 5016 4898 5404
9475 2 2 103 103 5048 5353 5401
9476 2 2 103 103 4974 5023 5378
9477 2 2 103 103 4626 5349 5414
9478 2 2 103 103 5377 4974 5378
9479 2 2 103 103 460 4 5287
9480 2 2 103 103 271 10 5286
9481 2 2 104 104 5838 5707 5915
9482 2 2 104 104 5707 5838 5917
9483 2 2 104 104 5507 5510 5787
9484 2 2 104 104 5866 5468 5867
9485 2 2 104 104 5792 5482 5814
9486 2 2 104 104 5466 6031 6044
9487 2 2 104 104 5854 5825 6202
9488 2 2 104 104 5436 5983 6090
9489 2 2 104 104 374 373 5800
9490 2 2 104 104 5897 5434 5899
9491 2 2 104 104 5482 5792 6084
9492 2 2 104 104 5983 5971 6090
9493 2 2 104 104 504 5479 5821
9494 2 2 104 104 5870 5433 5871
9495 2 2 104 104 5499 5808 5811
9496 2 2 104 104 5431 5865 6074
9497 2 2 104 104 5787 5825 5854
9498 2 2 104 104 5434 5897 6079
9499 2 2 104 104 5464 5822 6096
9500 2 2 104 104 6120 5831 6123
9501 2 2 104 104 5441 6030 6046
9502 2 2 104 104 5809 5500 6169
9503 2 2 104 104 5808 5499 6170
9504 2 2 104 104 413 412 5872
9505 2 2 104 104 549 5454 5916
9506 2 2 104 104 5871 5433 5872
9507 2 2 104 104 5807 5468 5866
9508 2 2 104 104 5 74 6099
9509 2 2 104 104 9 77 6098
9510 2 2 104 104 373 5439 5800
9511 2 2 104 104 5727 5958 5973
9512 2 2 104 104 5504 5507 5787
9513 2 2 104 104 5787 5510 5825
9514 2 2 104 104 513 514 5829
9515 2 2 104 104 5822 5775 6096
9516 2 2 104 104 5432 5932 6006
9517 2 2 104 104 5475 5850 6108
9518 2 2 104 104 5483 5806 6075
9519 2 2 104 104 524 525 5852
9520 2 2 104 104 6031 6032 6044
9521 2 2 104 104 5500 5809 6139
9522 2 2 104 104 5858 5979 6105
9523 2 2 104 104 5704 5853 5972
9524 2 2 104 104 5850 5801 6108
9525 2 2 104 104 5865 5930 6074
9526 2 2 104 104 5792 5456 6084
9527 2 2 104 104 5950 443 6219
9528 2 2 104 104 6041 6120 6123
9529 2 2 104 104 5503 5504 5787
9530 2 2 104 104 503 504 5821
9531 2 2 104 104 5456 5792 6132
9532 2 2 104 104 5995 5437 6065
9533 2 2 104 104 5503 5787 5854
9534 2 2 104 104 5979 5715 6105
9535 2 2 104 104 5504 5506 5507
9536 2 2 104 104 424 423 5834
9537 2 2 104 104 5437 5995 6117
9538 2 2 104 104 5710 5874 6193
9539 2 2 104 104 5844 524 5852
9540 2 2 104 104 6030 5961 6046
9541 2 2 104 104 6041 5435 6069
9542 2 2 104 104 5806 5802 6075
9543 2 2 104 104 5874 5710 6100
9544 2 2 104 104 5915 5918 6131
9545 2 2 104 104 5958 5956 5973
9546 2 2 104 104 372 371 5854
9547 2 2 104 104 5439 5854 6202
9548 2 2 104 104 383 5886 6111
9549 2 2 104 104 5430 5935 5937
9550 2 2 104 104 5811 5497 6214
9551 2 2 104 104 6041 6069 6120
9552 2 2 104 104 5886 383 6200
9553 2 2 104 104 5924 6055 6223
9554 2 2 104 104 6057 5968 6064
9555 2 2 104 104 5894 5478 5905
9556 2 2 104 104 5432 6006 6007
9557 2 2 104 104 6113 470 6181
9558 2 2 104 104 6096 5775 6143
9559 2 2 104 104 5808 5497 5811
9560 2 2 104 104 5796 5463 5797
9561 2 2 104 104 5478 5894 5904
9562 2 2 104 104 5704 5845 5853
9563 2 2 104 104 5742 5937 5938
9564 2 2 104 104 5507 5508 5509
9565 2 2 104 104 5445 390 6028
9566 2 2 104 104 443 5428 6219
9567 2 2 104 104 444 443 5950
9568 2 2 104 104 6074 5930 6124
9569 2 2 104 104 5775 5828 6143
9570 2 2 104 104 5924 5926 6055
9571 2 2 104 104 5852 5450 5853
9572 2 2 104 104 5433 5870 6070
9573 2 2 104 104 5789 5444 6151
9574 2 2 104 104 5810 5499 5811
9575 2 2 104 104 5444 5789 6199
9576 2 2 104 104 6081 6093 6147
9577 2 2 104 104 5935 5430 5936
9578 2 2 104 104 523 524 5844
9579 2 2 104 104 5853 5450 6161
9580 2 2 104 104 548 549 5916
9581 2 2 104 104 514 5461 5829
9582 2 2 104 104 5454 5838 5916
9583 2 2 104 104 5793 6113 6181
9584 2 2 104 104 5433 413 5872
9585 2 2 104 104 412 5494 5872
9586 2 2 104 104 5459 424 5834
9587 2 2 104 104 5930 5929 6124
9588 2 2 104 104 8 461 6098
9589 2 2 104 104 4 460 6099
9590 2 2 104 104 5468 5807 6068
9591 2 2 104 104 6044 6032 6094
9592 2 2 104 104 5767 6114 6119
9593 2 2 104 104 5897 5898 6079
9594 2 2 104 104 5795 5476 5846
9595 2 2 104 104 533 534 5905
9596 2 2 104 104 5916 5915 6131
9597 2 2 104 104 6055 5426 6223
9598 2 2 104 104 5853 5764 5972
9599 2 2 104 104 6078 5791 6083
9600 2 2 104 104 5507 5506 5508
9601 2 2 104 104 6046 5961 6110
9602 2 2 104 104 5949 6138 6142
9603 2 2 104 104 5798 5443 5919
9604 2 2 104 104 5976 5488 6043
9605 2 2 104 104 553 5499 5810
9606 2 2 104 104 5898 5460 6127
9607 2 2 104 104 5485 513 5829
9608 2 2 104 104 5439 372 5854
9609 2 2 104 104 6079 5898 6127
9610 2 2 104 104 6073 5457 6077
9611 2 2 104 104 5937 5935 5938
9612 2 2 104 104 390 389 6028
9613 2 2 104 104 5810 5811 6072
9614 2 2 104 104 5460 5898 6175
9615 2 2 104 104 5476 5795 6109
9616 2 2 104 104 6020 5489 6137
9617 2 2 104 104 525 5450 5852
9618 2 2 104 104 5715 5841 6105
9619 2 2 104 104 374 5800 6078
9620 2 2 104 104 5871 5872 5873
9621 2 2 104 104 5463 5796 6071
9622 2 2 104 104 5478 5904 6107
9623 2 2 104 104 5492 6057 6064
9624 2 2 104 104 5489 6020 6187
9625 2 2 104 104 5961 5960 6110
9626 2 2 104 104 5843 5480 5844
9627 2 2 104 104 5514 5509 6081
9628 2 2 104 104 6067 5856 6194
9629 2 2 104 104 5845 5704 5939
9630 2 2 104 104 5813 5720 6154
9631 2 2 104 104 5803 5467 5816
9632 2 2 104 104 5428 5946 6219
9633 2 2 104 104 5488 6092 6141
9634 2 2 104 104 5946 5428 6182
9635 2 2 104 104 5720 5813 6174
9636 2 2 104 104 5443 5798 6106
9637 2 2 104 104 5867 5468 6204
9638 2 2 104 104 6031 5466 6198
9639 2 2 104 104 6032 6034 6094
9640 2 2 104 104 5480 523 5844
9641 2 2 104 104 5870 5875 6070
9642 2 2 104 104 5958 5727 6073
9643 2 2 104 104 5971 5489 6090
9644 2 2 104 104 5995 5495 6117
9645 2 2 104 104 519 5799 6159
9646 2 2 104 104 5509 5508 6081
9647 2 2 104 104 6071 5796 6121
9648 2 2 104 104 5958 6073 6077
9649 2 2 104 104 5488 5976 6092
9650 2 2 104 104 5842 5480 5843
9651 2 2 104 104 6138 5487 6142
9652 2 2 104 104 5821 5479 6209
9653 2 2 104 104 6092 5779 6141
9654 2 2 104 104 5981 5426 6184
9655 2 2 104 104 6027 5445 6028
9656 2 2 104 104 5904 5903 6107
9657 2 2 104 104 5917 5838 6227
9658 2 2 104 104 5426 5981 6223
9659 2 2 104 104 5838 5837 6227
9660 2 2 104 104 5799 519 6185
9661 2 2 104 104 5797 5463 5812
9662 2 2 104 104 5495 5995 6160
9663 2 2 104 104 5489 5971 6137
9664 2 2 104 104 6114 5447 6119
9665 2 2 104 104 5807 5765 6068
9666 2 2 104 104 5856 6067 6147
9667 2 2 104 104 555 6099 6170
9668 2 2 104 104 366 6098 6169
9669 2 2 104 104 5507 5509 5510
9670 2 2 104 104 5838 5915 5916
9671 2 2 104 104 6149 5841 6195
9672 2 2 104 104 534 5452 5905
9673 2 2 104 104 5478 533 5905
9674 2 2 104 104 5812 5481 5813
9675 2 2 104 104 5699 6149 6195
9676 2 2 104 104 5926 6045 6055
9677 2 2 104 104 5508 5794 6081
9678 2 2 104 104 5440 6078 6083
9679 2 2 104 104 6063 5831 6120
9680 2 2 104 104 5899 5434 5900
9681 2 2 104 104 5491 6071 6121
9682 2 2 104 104 5841 5840 6105
9683 2 2 104 104 371 5503 5854
9684 2 2 104 104 5497 5820 6214
9685 2 2 104 104 5501 5809 6169
9686 2 2 104 104 5502 5808 6170
9687 2 2 104 104 5802 5455 6075
9688 2 2 104 104 5467 5803 6089
9689 2 2 104 104 5813 5481 5828
9690 2 2 104 104 5823 5485 5824
9691 2 2 104 104 5459 5834 5835
9692 2 2 104 104 6081 5794 6093
9693 2 2 104 104 5814 5482 5815
9694 2 2 104 104 6116 5708 6227
9695 2 2 104 104 5834 423 6216
9696 2 2 104 104 6093 5856 6147
9697 2 2 104 104 5843 5845 5939
9698 2 2 104 104 466 467 5839
9699 2 2 104 104 455 454 5840
9700 2 2 104 104 6086 5472 6101
9701 2 2 104 104 5871 5873 6206
9702 2 2 104 104 402 6129 6164
9703 2 2 104 104 6103 5877 6144
9704 2 2 104 104 6060 6126 6162
9705 2 2 104 104 5937 5742 6086
9706 2 2 104 104 5798 5789 6106
9707 2 2 104 104 551 5471 5836
9708 2 2 104 104 5801 5448 6108
9709 2 2 104 104 5510 5512 5825
9710 2 2 104 104 5512 5790 5825
9711 2 2 104 104 5455 5802 6122
9712 2 2 104 104 5816 5467 5817
9713 2 2 104 104 6030 5441 6203
9714 2 2 104 104 5957 5456 6132
9715 2 2 104 104 5937 6086 6101
9716 2 2 104 104 5800 5791 6078
9717 2 2 104 104 5497 5819 5820
9718 2 2 104 104 5824 5485 5829
9719 2 2 104 104 5448 5801 6155
9720 2 2 104 104 5830 5728 6201
9721 2 2 104 104 5459 5835 5851
9722 2 2 104 104 5498 5818 6189
9723 2 2 104 104 5477 5958 6077
9724 2 2 104 104 5728 5830 6156
9725 2 2 104 104 6106 5789 6151
9726 2 2 104 104 6052 6197 6205
9727 2 2 104 104 5450 6109 6161
9728 2 2 104 104 5932 5432 6211
9729 2 2 104 104 5456 5957 6179
9730 2 2 104 104 5839 467 5855
9731 2 2 104 104 5840 454 5857
9732 2 2 104 104 553 554 5499
9733 2 2 104 104 368 367 5500
9734 2 2 104 104 461 462 5501
9735 2 2 104 104 460 459 5502
9736 2 2 104 104 458 457 5497
9737 2 2 104 104 463 464 5498
9738 2 2 104 104 370 369 5470
9739 2 2 104 104 551 552 5471
9740 2 2 104 104 5829 5461 5830
9741 2 2 104 104 5458 466 5839
9742 2 2 104 104 5469 455 5840
9743 2 2 104 104 5454 5837 5838
9744 2 2 104 104 5968 6057 6222
9745 2 2 104 104 5827 5492 6064
9746 2 2 104 104 6053 5448 6155
9747 2 2 104 104 6177 6048 6183
9748 2 2 104 104 5837 6226 6227
9749 2 2 104 104 5469 5840 5841
9750 2 2 104 104 5843 5844 5845
9751 2 2 104 104 5965 5457 6073
9752 2 2 104 104 6197 5847 6205
9753 2 2 104 104 5957 5477 6179
9754 2 2 104 104 6053 6155 6192
9755 2 2 104 104 5485 5823 6095
9756 2 2 104 104 6129 5864 6164
9757 2 2 104 104 6045 5926 6082
9758 2 2 104 104 5503 5470 5504
9759 2 2 104 104 5894 5905 5906
9760 2 2 104 104 6099 5502 6170
9761 2 2 104 104 6098 5501 6169
9762 2 2 104 104 503 5821 6119
9763 2 2 104 104 5872 5494 5873
9764 2 2 104 104 5480 5842 6059
9765 2 2 104 104 6126 5777 6162
9766 2 2 104 104 5510 5509 5511
9767 2 2 104 104 6006 5710 6193
9768 2 2 104 104 5458 5839 6093
9769 2 2 104 104 5918 5484 6131
9770 2 2 104 104 459 458 5808
9771 2 2 104 104 462 463 5809
9772 2 2 104 104 5508 5783 5794
9773 2 2 104 104 6056 5455 6122
9774 2 2 104 104 5936 5495 6160
9775 2 2 104 104 6109 5795 6161
9776 2 2 104 104 5438 6103 6144
9777 2 2 104 104 370 5470 5503
9778 2 2 104 104 5875 5474 6070
9779 2 2 104 104 5803 5804 6089
9780 2 2 104 104 5800 5439 6202
9781 2 2 104 104 464 465 5818
9782 2 2 104 104 457 456 5819
9783 2 2 104 104 5882 6080 6086
9784 2 2 104 104 371 370 5503
9785 2 2 104 104 465 466 5458
9786 2 2 104 104 456 455 5469
9787 2 2 104 104 5502 459 5808
9788 2 2 104 104 5501 462 5809
9789 2 2 104 104 5430 5937 6101
9790 2 2 104 104 5498 464 5818
9791 2 2 104 104 5497 457 5819
9792 2 2 104 104 5495 5936 6207
9793 2 2 104 104 5500 6139 6180
9794 2 2 104 104 5905 5452 5906
9795 2 2 104 104 5846 5476 5847
9796 2 2 104 104 5830 5461 5831
9797 2 2 104 104 368 5500 6085
9798 2 2 104 104 5845 5844 5852
9799 2 2 104 104 6168 5446 6186
9800 2 2 104 104 5492 5827 6112
9801 2 2 104 104 5765 6049 6068
9802 2 2 104 104 5873 5494 5874
9803 2 2 104 104 5511 5509 5514
9804 2 2 104 104 5510 5511 5512
9805 2 2 104 104 5851 5835 6021
9806 2 2 104 104 5751 5851 6021
9807 2 2 104 104 5481 5812 6218
9808 2 2 104 104 6034 5462 6094
9809 2 2 104 104 77 8 6098
9810 2 2 104 104 74 4 6099
9811 2 2 104 104 410 409 6007
9812 2 2 104 104 5845 5852 5853
9813 2 2 104 104 6056 6122 6166
9814 2 2 104 104 467 468 5855
9815 2 2 104 104 454 453 5857
9816 2 2 104 104 5512 5511 5513
9817 2 2 104 104 409 5432 6007
9818 2 2 104 104 468 5465 5855
9819 2 2 104 104 453 5429 5857
9820 2 2 104 104 554 555 6170
9821 2 2 104 104 367 366 6169
9822 2 2 104 104 5512 5513 5515
9823 2 2 104 104 5929 5473 6124
9824 2 2 104 104 552 553 5810
9825 2 2 104 104 5857 5429 5858
9826 2 2 104 104 5839 5855 5856
9827 2 2 104 104 5515 5513 5516
9828 2 2 104 104 5512 5515 5790
9829 2 2 104 104 5839 5856 6093
9830 2 2 104 104 5790 5515 5791
9831 2 2 104 104 5516 5513 5517
9832 2 2 104 104 5790 5791 5800
9833 2 2 104 104 5516 5517 5518
9834 2 2 104 104 5516 5518 5519
9835 2 2 104 104 5518 5517 5523
9836 2 2 104 104 5523 5517 5738
9837 2 2 104 104 5519 5518 5520
9838 2 2 104 104 5523 5738 5761
9839 2 2 104 104 5519 5520 5521
9840 2 2 104 104 5761 5738 5826
9841 2 2 104 104 5521 5520 5522
9842 2 2 104 104 5519 5521 5768
9843 2 2 104 104 5523 5761 5762
9844 2 2 104 104 5768 5521 5769
9845 2 2 104 104 5762 5761 5793
9846 2 2 104 104 5522 5520 5524
9847 2 2 104 104 5522 5524 5525
9848 2 2 104 104 5768 5769 5848
9849 2 2 104 104 5848 5769 5849
9850 2 2 104 104 5522 5525 5526
9851 2 2 104 104 5526 5525 5527
9852 2 2 104 104 5930 5865 5969
9853 2 2 104 104 5805 6010 6022
9854 2 2 104 104 5877 5758 5909
9855 2 2 104 104 5670 5672 5947
9856 2 2 104 104 5581 5579 5951
9857 2 2 104 104 5885 5884 5886
9858 2 2 104 104 5556 5963 5964
9859 2 2 104 104 5644 5752 5895
9860 2 2 104 104 5561 5559 5973
9861 2 2 104 104 5760 5887 5888
9862 2 2 104 104 5859 5581 5951
9863 2 2 104 104 5701 5784 6013
9864 2 2 104 104 5861 5737 5863
9865 2 2 104 104 5633 5630 5909
9866 2 2 104 104 5553 5551 5962
9867 2 2 104 104 5883 5884 5885
9868 2 2 104 104 5742 5574 5882
9869 2 2 104 104 5527 5525 5722
9870 2 2 104 104 5690 5693 5891
9871 2 2 104 104 5526 5527 5528
9872 2 2 104 104 5863 5737 5865
9873 2 2 104 104 5556 5962 5963
9874 2 2 104 104 5580 5737 5861
9875 2 2 104 104 5896 5897 5899
9876 2 2 104 104 5589 5592 5931
9877 2 2 104 104 5752 5846 5895
9878 2 2 104 104 5579 5729 5951
9879 2 2 104 104 5534 5535 5883
9880 2 2 104 104 5805 5754 6010
9881 2 2 104 104 5945 5670 5947
9882 2 2 104 104 5865 5737 5969
9883 2 2 104 104 5679 5675 5940
9884 2 2 104 104 5946 5947 5948
9885 2 2 104 104 5574 5576 5882
9886 2 2 104 104 5835 6000 6021
9887 2 2 104 104 5606 5608 5889
9888 2 2 104 104 5806 5910 5986
9889 2 2 104 104 5646 5644 5895
9890 2 2 104 104 5902 5901 5992
9891 2 2 104 104 5758 5633 5909
9892 2 2 104 104 5588 5589 5931
9893 2 2 104 104 5689 5690 5891
9894 2 2 104 104 5706 5561 5973
9895 2 2 104 104 5894 5892 5904
9896 2 2 104 104 5554 5555 5987
9897 2 2 104 104 5876 5877 5909
9898 2 2 104 104 5686 5718 5878
9899 2 2 104 104 5755 5907 5908
9900 2 2 104 104 5672 5702 5947
9901 2 2 104 104 5731 5614 5896
9902 2 2 104 104 5534 5885 5959
9903 2 2 104 104 5892 5893 5904
9904 2 2 104 104 5869 5730 5870
9905 2 2 104 104 5532 5534 5959
9906 2 2 104 104 5760 5610 5887
9907 2 2 104 104 5878 5718 5879
9908 2 2 104 104 5534 5883 5885
9909 2 2 104 104 5597 5595 5907
9910 2 2 104 104 5604 5730 5869
9911 2 2 104 104 5557 5556 5964
9912 2 2 104 104 5750 5911 5912
9913 2 2 104 104 5778 5942 5943
9914 2 2 104 104 5535 5538 5883
9915 2 2 104 104 5876 5781 5877
9916 2 2 104 104 5551 5714 5962
9917 2 2 104 104 5766 5940 5941
9918 2 2 104 104 5901 5650 5992
9919 2 2 104 104 5721 5930 5969
9920 2 2 104 104 5583 5581 5859
9921 2 2 104 104 5766 5679 5940
9922 2 2 104 104 5654 5781 5876
9923 2 2 104 104 5891 5693 5979
9924 2 2 104 104 5533 5531 5911
9925 2 2 104 104 5559 5727 5973
9926 2 2 104 104 5954 5706 5955
9927 2 2 104 104 5685 5687 6008
9928 2 2 104 104 5730 5606 5889
9929 2 2 104 104 5910 5709 5986
9930 2 2 104 104 5727 5557 5964
9931 2 2 104 104 5630 5628 5909
9932 2 2 104 104 5732 5647 5967
9933 2 2 104 104 5731 5896 5899
9934 2 2 104 104 5743 5814 5953
9935 2 2 104 104 5600 5597 5907
9936 2 2 104 104 5577 5580 5861
9937 2 2 104 104 5974 5985 6011
9938 2 2 104 104 5556 5553 5962
9939 2 2 104 104 5563 5706 5954
9940 2 2 104 104 5614 5616 5896
9941 2 2 104 104 5587 5585 5982
9942 2 2 104 104 5536 5533 5911
9943 2 2 104 104 5707 5692 5914
9944 2 2 104 104 5914 5881 5918
9945 2 2 104 104 5759 5824 6001
9946 2 2 104 104 5753 5816 6003
9947 2 2 104 104 5647 5649 5967
9948 2 2 104 104 5714 5549 5920
9949 2 2 104 104 5643 5640 5972
9950 2 2 104 104 5807 5866 5951
9951 2 2 104 104 5889 5608 5890
9952 2 2 104 104 5878 5879 5881
9953 2 2 104 104 5569 5743 5953
9954 2 2 104 104 5692 5691 5914
9955 2 2 104 104 5784 5952 6013
9956 2 2 104 104 5595 5713 5907
9957 2 2 104 104 5660 5723 5991
9958 2 2 104 104 5555 5558 5987
9959 2 2 104 104 5620 5785 5998
9960 2 2 104 104 5693 5695 5979
9961 2 2 104 104 5757 5843 5939
9962 2 2 104 104 5723 5977 5991
9963 2 2 104 104 5571 5569 5953
9964 2 2 104 104 5745 5797 5990
9965 2 2 104 104 5736 5540 6014
9966 2 2 104 104 5591 5701 6013
9967 2 2 104 104 5711 5798 6014
9968 2 2 104 104 5619 5622 5984
9969 2 2 104 104 6002 5739 6012
9970 2 2 104 104 5880 5974 6011
9971 2 2 104 104 5582 5584 5969
9972 2 2 104 104 5688 5686 5878
9973 2 2 104 104 5584 5721 5969
9974 2 2 104 104 5955 5706 5956
9975 2 2 104 104 5544 5545 5942
9976 2 2 104 104 5560 5562 5996
9977 2 2 104 104 5675 5673 5940
9978 2 2 104 104 5964 5963 5965
9979 2 2 104 104 5870 5730 5875
9980 2 2 104 104 5680 5744 5985
9981 2 2 104 104 5902 5992 5993
9982 2 2 104 104 5893 5903 5904
9983 2 2 104 104 5932 5931 6005
9984 2 2 104 104 5528 5527 5529
9985 2 2 104 104 5526 5528 5735
9986 2 2 104 104 5778 5544 5942
9987 2 2 104 104 5732 5967 5968
9988 2 2 104 104 5666 5667 5945
9989 2 2 104 104 5931 5592 6005
9990 2 2 104 104 5531 5703 5911
9991 2 2 104 104 5875 5730 5889
9992 2 2 104 104 5866 5859 5951
9993 2 2 104 104 5655 5860 6025
9994 2 2 104 104 5567 5570 5933
9995 2 2 104 104 5733 5806 5986
9996 2 2 104 104 5691 5881 5914
9997 2 2 104 104 5626 5654 5876
9998 2 2 104 104 5707 5914 5915
9999 2 2 104 104 5798 5919 6014
10000 2 2 104 104 5923 5719 5924
10001 2 2 104 104 5570 5572 5938
10002 2 2 104 104 5763 5666 5945
10003 2 2 104 104 5721 5929 5930
10004 2 2 104 104 5753 5803 5816
10005 2 2 104 104 5655 5583 5859
10006 2 2 104 104 5585 5655 5982
10007 2 2 104 104 5640 5638 5972
10008 2 2 104 104 5759 5610 5760
10009 2 2 104 104 5709 5603 5986
10010 2 2 104 104 5677 5681 5978
10011 2 2 104 104 5711 5789 5798
10012 2 2 104 104 5733 5802 5806
10013 2 2 104 104 5771 5641 6009
10014 2 2 104 104 5576 5862 5882
10015 2 2 104 104 5764 5643 5972
10016 2 2 104 104 5578 5575 6015
10017 2 2 104 104 5746 5763 5779
10018 2 2 104 104 5654 5780 5781
10019 2 2 104 104 5548 5712 5942
10020 2 2 104 104 5572 5742 5938
10021 2 2 104 104 5664 5746 5975
10022 2 2 104 104 5776 5689 5777
10023 2 2 104 104 5988 5724 5989
10024 2 2 104 104 5689 5688 5690
10025 2 2 104 104 5652 5650 5901
10026 2 2 104 104 5631 5630 5632
10027 2 2 104 104 5580 5582 5737
10028 2 2 104 104 5757 5758 5842
10029 2 2 104 104 5667 5668 5669
10030 2 2 104 104 5660 5662 5723
10031 2 2 104 104 5879 5718 5880
10032 2 2 104 104 5744 5850 5985
10033 2 2 104 104 5538 5736 5883
10034 2 2 104 104 5745 5796 5797
10035 2 2 104 104 5683 5719 5923
10036 2 2 104 104 5545 5547 5548
10037 2 2 104 104 5528 5529 5530
10038 2 2 104 104 5743 5792 5814
10039 2 2 104 104 5942 5712 5943
10040 2 2 104 104 5729 5765 5807
10041 2 2 104 104 5933 5570 5938
10042 2 2 104 104 5558 5560 5724
10043 2 2 104 104 5740 5741 5775
10044 2 2 104 104 5777 5689 5891
10045 2 2 104 104 5616 5618 5705
10046 2 2 104 104 5577 5578 5579
10047 2 2 104 104 5632 5630 5633
10048 2 2 104 104 5716 5659 5892
10049 2 2 104 104 5590 5587 5982
10050 2 2 104 104 5564 5563 5565
10051 2 2 104 104 5716 5892 5894
10052 2 2 104 104 5648 5646 5653
10053 2 2 104 104 5653 5646 5895
10054 2 2 104 104 5649 5966 5967
10055 2 2 104 104 5565 5563 5954
10056 2 2 104 104 5616 5705 5896
10057 2 2 104 104 5545 5546 5547
10058 2 2 104 104 5620 5623 5785
10059 2 2 104 104 5745 5536 5750
10060 2 2 104 104 5585 5583 5655
10061 2 2 104 104 5711 5778 5789
10062 2 2 104 104 5928 5588 5931
10063 2 2 104 104 5549 5547 5920
10064 2 2 104 104 5763 5945 5946
10065 2 2 104 104 5611 5610 5759
10066 2 2 104 104 5892 5658 5893
10067 2 2 104 104 5612 5614 5731
10068 2 2 104 104 5647 5646 5648
10069 2 2 104 104 5577 5579 5580
10070 2 2 104 104 5538 5540 5736
10071 2 2 104 104 5592 5591 5593
10072 2 2 104 104 5915 5914 5918
10073 2 2 104 104 5948 5702 5949
10074 2 2 104 104 5627 5626 5628
10075 2 2 104 104 5610 5607 5887
10076 2 2 104 104 5676 5677 5978
10077 2 2 104 104 5575 5573 6015
10078 2 2 104 104 5733 5600 5755
10079 2 2 104 104 5924 5719 5926
10080 2 2 104 104 5773 5554 5987
10081 2 2 104 104 5887 5709 5888
10082 2 2 104 104 5558 5559 5560
10083 2 2 104 104 5604 5603 5605
10084 2 2 104 104 5582 5583 5584
10085 2 2 104 104 5729 5748 5765
10086 2 2 104 104 5563 5561 5706
10087 2 2 104 104 5645 5644 5646
10088 2 2 104 104 5551 5549 5714
10089 2 2 104 104 5726 5782 5788
10090 2 2 104 104 5545 5548 5942
10091 2 2 104 104 5781 5780 5799
10092 2 2 104 104 5775 5741 5828
10093 2 2 104 104 5547 5740 5920
10094 2 2 104 104 5562 5749 5996
10095 2 2 104 104 5576 5577 5861
10096 2 2 104 104 5628 5876 5909
10097 2 2 104 104 5719 5685 6008
10098 2 2 104 104 5635 5636 5637
10099 2 2 104 104 5833 5786 5834
10100 2 2 104 104 5743 5756 5792
10101 2 2 104 104 5616 5617 5618
10102 2 2 104 104 5612 5731 6018
10103 2 2 104 104 5869 5870 5871
10104 2 2 104 104 5566 5565 5567
10105 2 2 104 104 5567 5565 5568
10106 2 2 104 104 5530 5529 5531
10107 2 2 104 104 5955 5956 5957
10108 2 2 104 104 5664 5663 5665
10109 2 2 104 104 5612 5613 5614
10110 2 2 104 104 5676 5675 5677
10111 2 2 104 104 5654 5734 5780
10112 2 2 104 104 5657 5652 5658
10113 2 2 104 104 5690 5688 5691
10114 2 2 104 104 5726 5788 5827
10115 2 2 104 104 5542 5544 5711
10116 2 2 104 104 5573 5571 5717
10117 2 2 104 104 5572 5571 5573
10118 2 2 104 104 5620 5619 5621
10119 2 2 104 104 5588 5587 5589
10120 2 2 104 104 5555 5553 5556
10121 2 2 104 104 5608 5607 5609
10122 2 2 104 104 5893 5901 5902
10123 2 2 104 104 5907 5713 5908
10124 2 2 104 104 5605 5709 5887
10125 2 2 104 104 5934 5935 5936
10126 2 2 104 104 5649 5650 5651
10127 2 2 104 104 5685 5686 5687
10128 2 2 104 104 5662 5663 5664
10129 2 2 104 104 5669 5668 5753
10130 2 2 104 104 5750 5536 5911
10131 2 2 104 104 5574 5573 5575
10132 2 2 104 104 5683 5685 5719
10133 2 2 104 104 5604 5606 5730
10134 2 2 104 104 5691 5688 5878
10135 2 2 104 104 5759 5823 5824
10136 2 2 104 104 5560 5561 5562
10137 2 2 104 104 5693 5694 5695
10138 2 2 104 104 5570 5571 5572
10139 2 2 104 104 5568 5565 5954
10140 2 2 104 104 5580 5581 5582
10141 2 2 104 104 5594 5595 5596
10142 2 2 104 104 5562 5561 5563
10143 2 2 104 104 5639 5638 5640
10144 2 2 104 104 5548 5549 5550
10145 2 2 104 104 5629 5628 5630
10146 2 2 104 104 5532 5531 5533
10147 2 2 104 104 5672 5673 5674
10148 2 2 104 104 5542 5543 5544
10149 2 2 104 104 5660 5659 5661
10150 2 2 104 104 5584 5583 5585
10151 2 2 104 104 5725 5532 5959
10152 2 2 104 104 5660 5661 5662
10153 2 2 104 104 5674 5673 5675
10154 2 2 104 104 5662 5664 5975
10155 2 2 104 104 5594 5593 5595
10156 2 2 104 104 5635 5739 6002
10157 2 2 104 104 5567 5569 5570
10158 2 2 104 104 5530 5531 5532
10159 2 2 104 104 5599 5597 5600
10160 2 2 104 104 5733 5755 5802
10161 2 2 104 104 5538 5539 5540
10162 2 2 104 104 5770 5641 5771
10163 2 2 104 104 5753 5668 5754
10164 2 2 104 104 5550 5549 5551
10165 2 2 104 104 5620 5621 5623
10166 2 2 104 104 5614 5615 5616
10167 2 2 104 104 5649 5651 5966
10168 2 2 104 104 5555 5557 5558
10169 2 2 104 104 5677 5680 5681
10170 2 2 104 104 5627 5628 5629
10171 2 2 104 104 5893 5902 5903
10172 2 2 104 104 5667 5669 5670
10173 2 2 104 104 5656 5652 5657
10174 2 2 104 104 5637 5638 5639
10175 2 2 104 104 5635 5637 5739
10176 2 2 104 104 5687 5686 5688
10177 2 2 104 104 5628 5626 5876
10178 2 2 104 104 5604 5605 5606
10179 2 2 104 104 5701 5767 5784
10180 2 2 104 104 5535 5533 5536
10181 2 2 104 104 5683 5684 5685
10182 2 2 104 104 5596 5597 5598
10183 2 2 104 104 5659 5658 5892
10184 2 2 104 104 5956 5706 5973
10185 2 2 104 104 5923 5924 5925
10186 2 2 104 104 5717 5571 5953
10187 2 2 104 104 5605 5603 5709
10188 2 2 104 104 5591 5590 5701
10189 2 2 104 104 5755 5600 5907
10190 2 2 104 104 5649 5648 5650
10191 2 2 104 104 5677 5675 5679
10192 2 2 104 104 5657 5659 5660
10193 2 2 104 104 5555 5556 5557
10194 2 2 104 104 5934 5933 5935
10195 2 2 104 104 5784 5767 5821
10196 2 2 104 104 5586 5587 5588
10197 2 2 104 104 5637 5636 5638
10198 2 2 104 104 5860 5859 5866
10199 2 2 104 104 5601 5600 5733
10200 2 2 104 104 5746 5666 5763
10201 2 2 104 104 5626 5625 5654
10202 2 2 104 104 5635 5634 5636
10203 2 2 104 104 5594 5596 5710
10204 2 2 104 104 5532 5533 5534
10205 2 2 104 104 5759 5760 5823
10206 2 2 104 104 5674 5675 5676
10207 2 2 104 104 5670 5669 5671
10208 2 2 104 104 5745 5750 5796
10209 2 2 104 104 5612 5611 5613
10210 2 2 104 104 5602 5603 5604
10211 2 2 104 104 5554 5553 5555
10212 2 2 104 104 5596 5595 5597
10213 2 2 104 104 5609 5607 5610
10214 2 2 104 104 5545 5543 5546
10215 2 2 104 104 5542 5541 5543
10216 2 2 104 104 5664 5666 5746
10217 2 2 104 104 5667 5670 5945
10218 2 2 104 104 5537 5536 5745
10219 2 2 104 104 5535 5537 5538
10220 2 2 104 104 5531 5529 5703
10221 2 2 104 104 5535 5536 5537
10222 2 2 104 104 5651 5650 5652
10223 2 2 104 104 5756 5954 5955
10224 2 2 104 104 5691 5878 5881
10225 2 2 104 104 5644 5643 5752
10226 2 2 104 104 5618 5619 5620
10227 2 2 104 104 5592 5594 6005
10228 2 2 104 104 5548 5547 5549
10229 2 2 104 104 5657 5658 5659
10230 2 2 104 104 5540 5541 5542
10231 2 2 104 104 5639 5641 5770
10232 2 2 104 104 5740 5775 5822
10233 2 2 104 104 5753 5754 5803
10234 2 2 104 104 5548 5550 5712
10235 2 2 104 104 5641 5640 5642
10236 2 2 104 104 5743 5568 5756
10237 2 2 104 104 5567 5568 5569
10238 2 2 104 104 5690 5691 5692
10239 2 2 104 104 5752 5764 5795
10240 2 2 104 104 5574 5575 5576
10241 2 2 104 104 5670 5671 5672
10242 2 2 104 104 5552 5553 5554
10243 2 2 104 104 5552 5554 5772
10244 2 2 104 104 5695 5697 5715
10245 2 2 104 104 5638 5636 5704
10246 2 2 104 104 5552 5551 5553
10247 2 2 104 104 5661 5659 5716
10248 2 2 104 104 5672 5674 5702
10249 2 2 104 104 5723 5976 5977
10250 2 2 104 104 5681 5680 5682
10251 2 2 104 104 5683 5682 5684
10252 2 2 104 104 5642 5640 5643
10253 2 2 104 104 5530 5532 5725
10254 2 2 104 104 5639 5770 5970
10255 2 2 104 104 5690 5692 5693
10256 2 2 104 104 5584 5586 5721
10257 2 2 104 104 5744 5766 5801
10258 2 2 104 104 5598 5597 5599
10259 2 2 104 104 5595 5593 5713
10260 2 2 104 104 5751 5631 5774
10261 2 2 104 104 5835 5786 6000
10262 2 2 104 104 5695 5696 5697
10263 2 2 104 104 5638 5704 5972
10264 2 2 104 104 5534 5533 5535
10265 2 2 104 104 5624 5621 5625
10266 2 2 104 104 5651 5652 5656
10267 2 2 104 104 5667 5665 5668
10268 2 2 104 104 5572 5573 5574
10269 2 2 104 104 5570 5569 5571
10270 2 2 104 104 5757 5842 5843
10271 2 2 104 104 5642 5644 5645
10272 2 2 104 104 5729 5578 5748
10273 2 2 104 104 5558 5557 5559
10274 2 2 104 104 5566 5567 5933
10275 2 2 104 104 5970 5971 5983
10276 2 2 104 104 5687 5776 6008
10277 2 2 104 104 5576 5861 5862
10278 2 2 104 104 5586 5585 5587
10279 2 2 104 104 5616 5615 5617
10280 2 2 104 104 5606 5605 5607
10281 2 2 104 104 5589 5587 5590
10282 2 2 104 104 5624 5626 5627
10283 2 2 104 104 5744 5679 5766
10284 2 2 104 104 5685 5684 5686
10285 2 2 104 104 5607 5605 5887
10286 2 2 104 104 5602 5601 5603
10287 2 2 104 104 5541 5539 5720
10288 2 2 104 104 5634 5633 5757
10289 2 2 104 104 5579 5578 5729
10290 2 2 104 104 5580 5579 5581
10291 2 2 104 104 5637 5639 5970
10292 2 2 104 104 5569 5568 5743
10293 2 2 104 104 5632 5634 5635
10294 2 2 104 104 5677 5679 5680
10295 2 2 104 104 5651 5656 5726
10296 2 2 104 104 5544 5543 5545
10297 2 2 104 104 5639 5640 5641
10298 2 2 104 104 5558 5724 5987
10299 2 2 104 104 5666 5665 5667
10300 2 2 104 104 5680 5679 5744
10301 2 2 104 104 5757 5633 5758
10302 2 2 104 104 5785 5786 5833
10303 2 2 104 104 5869 5871 6004
10304 2 2 104 104 5619 5617 5622
10305 2 2 104 104 5624 5625 5626
10306 2 2 104 104 5947 5702 5948
10307 2 2 104 104 5970 5770 5971
10308 2 2 104 104 5695 5715 5979
10309 2 2 104 104 5589 5591 5592
10310 2 2 104 104 5564 5565 5566
10311 2 2 104 104 5862 5863 5864
10312 2 2 104 104 5896 5705 5897
10313 2 2 104 104 5681 5682 5683
10314 2 2 104 104 5928 5931 5932
10315 2 2 104 104 5589 5590 5591
10316 2 2 104 104 5599 5601 5602
10317 2 2 104 104 5572 5574 5742
10318 2 2 104 104 5562 5563 5564
10319 2 2 104 104 5943 5712 5944
10320 2 2 104 104 5935 5933 5938
10321 2 2 104 104 5550 5551 5552
10322 2 2 104 104 5860 5867 5868
10323 2 2 104 104 5592 5593 5594
10324 2 2 104 104 5615 5613 5728
10325 2 2 104 104 5686 5684 5718
10326 2 2 104 104 5647 5648 5649
10327 2 2 104 104 5948 5949 5950
10328 2 2 104 104 5714 5920 5921
10329 2 2 104 104 5642 5643 5644
10330 2 2 104 104 5834 5786 5835
10331 2 2 104 104 5645 5646 5647
10332 2 2 104 104 5682 5680 5985
10333 2 2 104 104 5687 5688 5689
10334 2 2 104 104 5711 5544 5778
10335 2 2 104 104 5911 5703 5912
10336 2 2 104 104 5614 5613 5615
10337 2 2 104 104 5681 5683 5923
10338 2 2 104 104 5538 5537 5539
10339 2 2 104 104 5606 5607 5608
10340 2 2 104 104 5540 5542 6014
10341 2 2 104 104 5726 5656 5782
10342 2 2 104 104 5664 5665 5666
10343 2 2 104 104 5756 5568 5954
10344 2 2 104 104 5547 5546 5740
10345 2 2 104 104 5602 5604 5869
10346 2 2 104 104 5701 5747 5767
10347 2 2 104 104 5740 5822 5920
10348 2 2 104 104 5694 5692 5707
10349 2 2 104 104 5540 5539 5541
10350 2 2 104 104 5693 5692 5694
10351 2 2 104 104 5897 5705 5898
10352 2 2 104 104 5695 5694 5696
10353 2 2 104 104 5599 5600 5601
10354 2 2 104 104 5560 5559 5561
10355 2 2 104 104 5609 5610 5611
10356 2 2 104 104 5654 5625 5734
10357 2 2 104 104 5804 5754 5805
10358 2 2 104 104 5618 5617 5619
10359 2 2 104 104 5584 5585 5586
10360 2 2 104 104 5629 5630 5631
10361 2 2 104 104 5772 5554 5773
10362 2 2 104 104 5724 5560 5996
10363 2 2 104 104 5701 5590 5747
10364 2 2 104 104 5623 5621 5624
10365 2 2 104 104 5559 5557 5727
10366 2 2 104 104 5671 5669 6003
10367 2 2 104 104 5673 5671 5678
10368 2 2 104 104 5566 5933 5934
10369 2 2 104 104 5773 5987 5988
10370 2 2 104 104 5739 5637 5970
10371 2 2 104 104 5908 5713 5952
10372 2 2 104 104 5576 5575 5577
10373 2 2 104 104 5714 5922 5962
10374 2 2 104 104 5737 5582 5969
10375 2 2 104 104 5752 5643 5764
10376 2 2 104 104 5739 5970 5983
10377 2 2 104 104 5946 5945 5947
10378 2 2 104 104 5582 5581 5583
10379 2 2 104 104 5655 5859 5860
10380 2 2 104 104 5714 5921 5922
10381 2 2 104 104 5577 5575 5578
10382 2 2 104 104 5662 5661 5663
10383 2 2 104 104 5672 5671 5673
10384 2 2 104 104 5888 5709 5910
10385 2 2 104 104 5883 5736 5884
10386 2 2 104 104 5926 5719 6008
10387 2 2 104 104 5632 5633 5634
10388 2 2 104 104 5645 5647 5732
10389 2 2 104 104 5884 5736 5919
10390 2 2 104 104 5785 5623 5786
10391 2 2 104 104 5740 5546 5741
10392 2 2 104 104 5729 5807 5951
10393 2 2 104 104 5987 5724 5988
10394 2 2 104 104 5676 5980 6016
10395 2 2 104 104 5552 5772 5997
10396 2 2 104 104 5562 5564 5749
10397 2 2 104 104 5609 5611 5612
10398 2 2 104 104 5920 5822 5921
10399 2 2 104 104 5893 5658 5901
10400 2 2 104 104 5681 5923 5978
10401 2 2 104 104 5669 5753 6003
10402 2 2 104 104 5651 5726 5966
10403 2 2 104 104 5744 5801 5850
10404 2 2 104 104 5754 5668 6010
10405 2 2 104 104 5752 5795 5846
10406 2 2 104 104 5704 5636 5939
10407 2 2 104 104 5687 5689 5776
10408 2 2 104 104 5912 5703 5913
10409 2 2 104 104 6000 5627 6021
10410 2 2 104 104 5862 5861 5863
10411 2 2 104 104 5629 5631 5751
10412 2 2 104 104 5860 5866 5867
10413 2 2 104 104 5977 5782 5991
10414 2 2 104 104 5923 5925 5978
10415 2 2 104 104 5919 5736 6014
10416 2 2 104 104 5803 5754 5804
10417 2 2 104 104 5974 5682 5985
10418 2 2 104 104 5673 5678 5940
10419 2 2 104 104 5723 5662 5975
10420 2 2 104 104 5657 5660 5991
10421 2 2 104 104 5594 5710 6005
10422 2 2 104 104 5749 5994 5995
10423 2 2 104 104 5962 5922 5963
10424 2 2 104 104 5632 5635 6002
10425 2 2 104 104 5723 5975 5976
10426 2 2 104 104 5650 5648 5992
10427 2 2 104 104 5944 5712 5997
10428 2 2 104 104 5940 5678 5941
10429 2 2 104 104 5725 5959 5960
10430 2 2 104 104 5739 5983 6012
10431 2 2 104 104 5621 5619 5984
10432 2 2 104 104 5658 5652 5901
10433 2 2 104 104 5774 6002 6012
10434 2 2 104 104 5641 5642 6009
10435 2 2 104 104 5747 5590 5982
10436 2 2 104 104 5989 5724 5996
10437 2 2 104 104 5725 5960 5961
10438 2 2 104 104 5726 5827 5966
10439 2 2 104 104 5542 5711 6014
10440 2 2 104 104 5992 5653 5993
10441 2 2 104 104 5721 5927 5929
10442 2 2 104 104 6010 5663 6022
10443 2 2 104 104 5927 5588 5928
10444 2 2 104 104 5932 6005 6006
10445 2 2 104 104 5598 5599 6004
10446 2 2 104 104 5656 5657 5991
10447 2 2 104 104 5541 5720 6017
10448 2 2 104 104 5741 5546 6017
10449 2 2 104 104 5982 5655 6025
10450 2 2 104 104 5678 5671 6003
10451 2 2 104 104 5702 5674 6016
10452 2 2 104 104 5748 5578 6015
10453 2 2 104 104 5615 5728 5999
10454 2 2 104 104 5648 5653 5992
10455 2 2 104 104 5599 5602 6004
10456 2 2 104 104 5530 5725 6024
10457 2 2 104 104 5980 5925 5981
10458 2 2 104 104 5529 5527 6029
10459 2 2 104 104 5712 5550 5997
10460 2 2 104 104 5631 5632 6002
10461 2 2 104 104 5749 5564 5994
10462 2 2 104 104 5625 5621 5984
10463 2 2 104 104 5674 5676 6016
10464 2 2 104 104 5782 5656 5991
10465 2 2 104 104 5949 5702 6016
10466 2 2 104 104 5537 5745 5990
10467 2 2 104 104 5566 5934 5994
10468 2 2 104 104 5684 5682 5974
10469 2 2 104 104 5634 5757 5939
10470 2 2 104 104 5734 5625 5984
10471 2 2 104 104 5550 5552 5997
10472 2 2 104 104 5573 5717 6015
10473 2 2 104 104 5622 5617 5999
10474 2 2 104 104 5527 5722 6029
10475 2 2 104 104 5786 5623 6000
10476 2 2 104 104 5593 5591 6013
10477 2 2 104 104 5728 5613 6001
10478 2 2 104 104 5985 5850 6011
10479 2 2 104 104 5602 5869 6004
10480 2 2 104 104 5952 5713 6013
10481 2 2 104 104 5898 5705 5998
10482 2 2 104 104 5636 5634 5939
10483 2 2 104 104 5860 5868 6025
10484 2 2 104 104 5611 5759 6001
10485 2 2 104 104 5984 5622 6023
10486 2 2 104 104 5774 5631 6002
10487 2 2 104 104 5725 5961 6024
10488 2 2 104 104 5771 6019 6020
10489 2 2 104 104 5713 5593 6013
10490 2 2 104 104 5546 5543 6017
10491 2 2 104 104 5618 5620 5998
10492 2 2 104 104 5617 5615 5999
10493 2 2 104 104 5642 5645 6009
10494 2 2 104 104 5564 5566 5994
10495 2 2 104 104 5720 5539 5990
10496 2 2 104 104 5880 5718 5974
10497 2 2 104 104 5676 5978 5980
10498 2 2 104 104 5645 5732 6009
10499 2 2 104 104 5890 5608 6018
10500 2 2 104 104 5539 5537 5990
10501 2 2 104 104 5613 5611 6001
10502 2 2 104 104 5705 5618 5998
10503 2 2 104 104 5721 5586 5927
10504 2 2 104 104 5735 5528 6024
10505 2 2 104 104 5944 6027 6028
10506 2 2 104 104 5771 6009 6019
10507 2 2 104 104 5624 5627 6000
10508 2 2 104 104 5586 5588 5927
10509 2 2 104 104 5603 5601 5986
10510 2 2 104 104 5978 5925 5980
10511 2 2 104 104 5543 5541 6017
10512 2 2 104 104 5718 5684 5974
10513 2 2 104 104 5623 5624 6000
10514 2 2 104 104 5601 5733 5986
10515 2 2 104 104 5528 5530 6024
10516 2 2 104 104 6015 5717 6026
10517 2 2 104 104 5944 5997 6027
10518 2 2 104 104 5748 6015 6026
10519 2 2 104 104 6005 5710 6006
10520 2 2 104 104 5997 5772 6027
10521 2 2 104 104 5627 5629 6021
10522 2 2 104 104 5734 5984 6023
10523 2 2 104 104 5747 5982 6025
10524 2 2 104 104 5629 5751 6021
10525 2 2 104 104 5609 5612 6018
10526 2 2 104 104 5608 5609 6018
10527 2 2 104 104 5703 5529 6029
10528 2 2 104 104 5665 5663 6010
10529 2 2 104 104 5732 5968 6019
10530 2 2 104 104 5668 5665 6010
10531 2 2 104 104 5913 5703 6029
10532 2 2 104 104 6009 5732 6019
10533 2 2 104 104 5663 5661 6022
10534 2 2 104 104 5661 5716 6022
10535 2 2 104 104 5525 5524 6033
10536 2 2 104 104 5735 6024 6030
10537 2 2 104 104 6024 5961 6030
10538 2 2 104 104 6031 5722 6032
10539 2 2 104 104 6029 5722 6031
10540 2 2 104 104 5913 6029 6031
10541 2 2 104 104 5722 5525 6033
10542 2 2 104 104 6032 6033 6034
10543 2 2 104 104 6032 5722 6033
10544 2 2 104 104 5526 5735 6035
10545 2 2 104 104 5521 5522 6035
10546 2 2 104 104 5769 5521 6035
10547 2 2 104 104 5522 5526 6035
10548 2 2 104 104 5735 6030 6036
10549 2 2 104 104 6035 5735 6036
10550 2 2 104 104 5769 6035 6036
10551 2 2 104 104 5849 5769 6036
10552 2 2 104 104 5518 5523 6037
10553 2 2 104 104 5520 5518 6037
10554 2 2 104 104 5524 5520 6037
10555 2 2 104 104 5523 5762 6037
10556 2 2 104 104 6034 6033 6038
10557 2 2 104 104 5524 6037 6038
10558 2 2 104 104 6037 5762 6038
10559 2 2 104 104 6033 5524 6038
10560 2 2 104 104 5519 5768 6039
10561 2 2 104 104 5515 5516 6039
10562 2 2 104 104 5791 5515 6039
10563 2 2 104 104 5516 5519 6039
10564 2 2 104 104 5622 5999 6063
10565 2 2 104 104 458 5497 5808
10566 2 2 104 104 463 5498 5809
10567 2 2 104 104 465 5458 5818
10568 2 2 104 104 456 5469 5819
10569 2 2 104 104 5477 5957 6230
10570 2 2 104 104 6023 5622 6063
10571 2 2 104 104 509 510 6054
10572 2 2 104 104 496 497 6049
10573 2 2 104 104 505 506 6056
10574 2 2 104 104 543 544 6061
10575 2 2 104 104 438 437 5425
10576 2 2 104 104 448 447 5426
10577 2 2 104 104 532 533 5478
10578 2 2 104 104 542 543 5475
10579 2 2 104 104 399 398 5430
10580 2 2 104 104 404 403 5431
10581 2 2 104 104 409 408 5432
10582 2 2 104 104 414 413 5433
10583 2 2 104 104 419 418 5434
10584 2 2 104 104 429 428 5436
10585 2 2 104 104 440 439 5488
10586 2 2 104 104 446 445 5487
10587 2 2 104 104 395 394 5437
10588 2 2 104 104 397 396 5495
10589 2 2 104 104 401 400 5472
10590 2 2 104 104 407 406 5473
10591 2 2 104 104 412 411 5494
10592 2 2 104 104 416 415 5474
10593 2 2 104 104 422 421 5460
10594 2 2 104 104 425 424 5459
10595 2 2 104 104 427 426 5490
10596 2 2 104 104 431 430 5489
10597 2 2 104 104 433 432 5427
10598 2 2 104 104 443 442 5428
10599 2 2 104 104 453 452 5429
10600 2 2 104 104 435 434 5492
10601 2 2 104 104 451 450 5493
10602 2 2 104 104 373 372 5439
10603 2 2 104 104 376 375 5440
10604 2 2 104 104 379 378 5441
10605 2 2 104 104 382 381 5442
10606 2 2 104 104 385 384 5443
10607 2 2 104 104 388 387 5444
10608 2 2 104 104 391 390 5445
10609 2 2 104 104 393 392 5496
10610 2 2 104 104 493 494 5482
10611 2 2 104 104 498 499 5468
10612 2 2 104 104 508 509 5483
10613 2 2 104 104 530 531 5451
10614 2 2 104 104 534 535 5452
10615 2 2 104 104 540 541 5448
10616 2 2 104 104 544 545 5453
10617 2 2 104 104 546 547 5484
10618 2 2 104 104 471 472 5462
10619 2 2 104 104 478 479 5463
10620 2 2 104 104 483 484 5464
10621 2 2 104 104 489 490 5477
10622 2 2 104 104 491 492 5456
10623 2 2 104 104 495 496 5446
10624 2 2 104 104 501 502 5447
10625 2 2 104 104 504 505 5479
10626 2 2 104 104 506 507 5455
10627 2 2 104 104 510 511 5449
10628 2 2 104 104 512 513 5485
10629 2 2 104 104 514 515 5461
10630 2 2 104 104 516 517 6041
10631 2 2 104 104 517 518 5435
10632 2 2 104 104 520 521 5438
10633 2 2 104 104 521 522 6059
10634 2 2 104 104 522 523 5480
10635 2 2 104 104 525 526 5450
10636 2 2 104 104 527 528 5476
10637 2 2 104 104 537 538 5467
10638 2 2 104 104 468 469 5465
10639 2 2 104 104 473 474 6044
10640 2 2 104 104 474 475 5466
10641 2 2 104 104 475 476 6042
10642 2 2 104 104 476 477 5491
10643 2 2 104 104 480 481 5481
10644 2 2 104 104 484 485 6051
10645 2 2 104 104 485 486 5486
10646 2 2 104 104 487 488 5457
10647 2 2 104 104 529 530 6052
10648 2 2 104 104 539 540 6053
10649 2 2 104 104 545 546 6058
10650 2 2 104 104 549 550 5454
10651 2 2 104 104 380 379 6046
10652 2 2 104 104 434 433 6057
10653 2 2 104 104 452 451 6060
10654 2 2 104 104 450 449 6045
10655 2 2 104 104 394 393 6062
10656 2 2 104 104 417 416 6048
10657 2 2 104 104 439 438 6043
10658 2 2 104 104 449 448 6055
10659 2 2 104 104 408 407 6040
10660 2 2 104 104 392 391 6050
10661 2 2 104 104 428 427 6047
10662 2 2 104 104 5738 6066 6067
10663 2 2 104 104 5483 509 6054
10664 2 2 104 104 510 5449 6054
10665 2 2 104 104 544 5453 6061
10666 2 2 104 104 5446 496 6049
10667 2 2 104 104 506 5455 6056
10668 2 2 104 104 5479 505 6056
10669 2 2 104 104 5475 543 6061
10670 2 2 104 104 476 5491 6042
10671 2 2 104 104 517 5435 6041
10672 2 2 104 104 474 5466 6044
10673 2 2 104 104 5464 484 6051
10674 2 2 104 104 5438 521 6059
10675 2 2 104 104 522 5480 6059
10676 2 2 104 104 485 5486 6051
10677 2 2 104 104 5453 545 6058
10678 2 2 104 104 530 5451 6052
10679 2 2 104 104 540 5448 6053
10680 2 2 104 104 546 5484 6058
10681 2 2 104 104 5466 475 6042
10682 2 2 104 104 379 5441 6046
10683 2 2 104 104 5492 434 6057
10684 2 2 104 104 5429 452 6060
10685 2 2 104 104 433 5427 6057
10686 2 2 104 104 5432 408 6040
10687 2 2 104 104 451 5493 6060
10688 2 2 104 104 393 5496 6062
10689 2 2 104 104 416 5474 6048
10690 2 2 104 104 438 5425 6043
10691 2 2 104 104 5493 450 6045
10692 2 2 104 104 5488 439 6043
10693 2 2 104 104 5496 392 6050
10694 2 2 104 104 407 5473 6040
10695 2 2 104 104 391 5445 6050
10696 2 2 104 104 448 5426 6055
10697 2 2 104 104 5437 394 6062
10698 2 2 104 104 5436 428 6047
10699 2 2 104 104 427 5490 6047
10700 2 2 104 104 6045 449 6055
10701 2 2 104 104 5445 6027 6102
10702 2 2 104 104 5900 6177 6183
10703 2 2 104 104 5968 5967 6064
10704 2 2 104 104 5966 5827 6064
10705 2 2 104 104 5511 5514 6066
10706 2 2 104 104 5848 5440 6083
10707 2 2 104 104 5749 5995 6065
10708 2 2 104 104 5989 5996 6065
10709 2 2 104 104 5738 5517 6066
10710 2 2 104 104 5513 5511 6066
10711 2 2 104 104 5828 5481 6143
10712 2 2 104 104 6066 5514 6067
10713 2 2 104 104 6080 5472 6086
10714 2 2 104 104 5474 5875 6118
10715 2 2 104 104 5967 5966 6064
10716 2 2 104 104 5780 5734 6069
10717 2 2 104 104 6049 497 6068
10718 2 2 104 104 498 5468 6068
10719 2 2 104 104 5826 6067 6194
10720 2 2 104 104 5816 5817 6091
10721 2 2 104 104 414 5433 6070
10722 2 2 104 104 5474 415 6070
10723 2 2 104 104 5727 5964 6073
10724 2 2 104 104 478 5463 6071
10725 2 2 104 104 5491 477 6071
10726 2 2 104 104 5960 5442 6110
10727 2 2 104 104 5868 5447 6114
10728 2 2 104 104 5996 5749 6065
10729 2 2 104 104 5517 5513 6066
10730 2 2 104 104 5873 5874 6100
10731 2 2 104 104 5821 5767 6119
10732 2 2 104 104 404 5431 6074
10733 2 2 104 104 442 441 6076
10734 2 2 104 104 508 5483 6075
10735 2 2 104 104 5455 507 6075
10736 2 2 104 104 6089 5804 6134
10737 2 2 104 104 5457 5965 6097
10738 2 2 104 104 5826 5738 6067
10739 2 2 104 104 6053 5817 6229
10740 2 2 104 104 497 498 6068
10741 2 2 104 104 375 374 6078
10742 2 2 104 104 489 5477 6077
10743 2 2 104 104 5457 488 6077
10744 2 2 104 104 5734 6023 6069
10745 2 2 104 104 5882 5862 6080
10746 2 2 104 104 419 5434 6079
10747 2 2 104 104 415 414 6070
10748 2 2 104 104 5768 5848 6083
10749 2 2 104 104 477 478 6071
10750 2 2 104 104 5791 6039 6083
10751 2 2 104 104 5979 5858 6208
10752 2 2 104 104 5454 5836 5837
10753 2 2 104 104 5456 492 6084
10754 2 2 104 104 493 5482 6084
10755 2 2 104 104 5459 5851 6087
10756 2 2 104 104 5926 6008 6082
10757 2 2 104 104 5473 5929 6165
10758 2 2 104 104 550 551 5836
10759 2 2 104 104 5964 5965 6073
10760 2 2 104 104 5504 5505 5506
10761 2 2 104 104 5943 5944 6088
10762 2 2 104 104 5981 5487 6138
10763 2 2 104 104 5806 5483 6213
10764 2 2 104 104 405 404 6074
10765 2 2 104 104 5490 426 6087
10766 2 2 104 104 425 5459 6087
10767 2 2 104 104 6003 5816 6091
10768 2 2 104 104 5941 5678 6091
10769 2 2 104 104 537 5467 6089
10770 2 2 104 104 5746 5779 6092
10771 2 2 104 104 5976 5975 6092
10772 2 2 104 104 507 508 6075
10773 2 2 104 104 5489 430 6090
10774 2 2 104 104 429 5436 6090
10775 2 2 104 104 5462 6034 6135
10776 2 2 104 104 5462 472 6094
10777 2 2 104 104 473 6044 6094
10778 2 2 104 104 5906 5805 6228
10779 2 2 104 104 6049 5765 6115
10780 2 2 104 104 512 5485 6095
10781 2 2 104 104 5449 511 6095
10782 2 2 104 104 5428 442 6076
10783 2 2 104 104 483 5464 6096
10784 2 2 104 104 548 5916 6131
10785 2 2 104 104 5486 486 6097
10786 2 2 104 104 487 5457 6097
10787 2 2 104 104 5958 5477 6230
10788 2 2 104 104 5956 5958 6230
10789 2 2 104 104 5865 5431 6212
10790 2 2 104 104 5710 5596 6100
10791 2 2 104 104 488 489 6077
10792 2 2 104 104 6040 5473 6165
10793 2 2 104 104 5440 375 6078
10794 2 2 104 104 5742 5882 6086
10795 2 2 104 104 5813 5828 6174
10796 2 2 104 104 399 5430 6101
10797 2 2 104 104 5472 400 6101
10798 2 2 104 104 5903 5451 6107
10799 2 2 104 104 6027 5772 6102
10800 2 2 104 104 420 419 6079
10801 2 2 104 104 5862 5864 6080
10802 2 2 104 104 6008 5776 6082
10803 2 2 104 104 5881 5879 6104
10804 2 2 104 104 369 368 6085
10805 2 2 104 104 5442 5960 6153
10806 2 2 104 104 6059 5842 6103
10807 2 2 104 104 6039 5768 6083
10808 2 2 104 104 385 5443 6106
10809 2 2 104 104 444 5950 6142
10810 2 2 104 104 5493 6045 6082
10811 2 2 104 104 492 493 6084
10812 2 2 104 104 5447 5868 6158
10813 2 2 104 104 5899 5900 6145
10814 2 2 104 104 5827 5788 6112
10815 2 2 104 104 384 383 6111
10816 2 2 104 104 5451 531 6107
10817 2 2 104 104 532 5478 6107
10818 2 2 104 104 542 5475 6108
10819 2 2 104 104 5448 541 6108
10820 2 2 104 104 5450 526 6109
10821 2 2 104 104 527 5476 6109
10822 2 2 104 104 5442 381 6110
10823 2 2 104 104 380 6046 6110
10824 2 2 104 104 5841 5715 6195
10825 2 2 104 104 5833 5834 6216
10826 2 2 104 104 5440 5848 6128
10827 2 2 104 104 6226 6116 6227
10828 2 2 104 104 5487 5981 6184
10829 2 2 104 104 469 470 6113
10830 2 2 104 104 5698 5696 5708
10831 2 2 104 104 5936 5430 6207
10832 2 2 104 104 5767 5747 6114
10833 2 2 104 104 6025 5868 6114
10834 2 2 104 104 435 5492 6112
10835 2 2 104 104 426 425 6087
10836 2 2 104 104 5765 5748 6115
10837 2 2 104 104 5944 6028 6088
10838 2 2 104 104 5833 5460 6175
10839 2 2 104 104 5814 5815 6150
10840 2 2 104 104 5875 5889 6118
10841 2 2 104 104 536 537 6089
10842 2 2 104 104 502 503 6119
10843 2 2 104 104 6076 441 6141
10844 2 2 104 104 5484 5918 6104
10845 2 2 104 104 395 5437 6117
10846 2 2 104 104 5495 396 6117
10847 2 2 104 104 5796 5750 6121
10848 2 2 104 104 5868 5867 6158
10849 2 2 104 104 5842 5758 6103
10850 2 2 104 104 5831 5461 6123
10851 2 2 104 104 5802 5755 6122
10852 2 2 104 104 5678 6003 6091
10853 2 2 104 104 430 429 6090
10854 2 2 104 104 5975 5746 6092
10855 2 2 104 104 5815 6168 6186
10856 2 2 104 104 472 473 6094
10857 2 2 104 104 5461 515 6123
10858 2 2 104 104 516 6041 6123
10859 2 2 104 104 6040 6165 6211
10860 2 2 104 104 5473 406 6124
10861 2 2 104 104 5707 5917 6233
10862 2 2 104 104 511 512 6095
10863 2 2 104 104 5751 5774 6125
10864 2 2 104 104 482 483 6096
10865 2 2 104 104 5708 5696 6233
10866 2 2 104 104 6048 5474 6118
10867 2 2 104 104 5699 5820 6149
10868 2 2 104 104 486 487 6097
10869 2 2 104 104 5874 5494 6130
10870 2 2 104 104 5460 421 6127
10871 2 2 104 104 376 5440 6128
10872 2 2 104 104 5913 6031 6198
10873 2 2 104 104 5479 6056 6166
10874 2 2 104 104 547 548 6131
10875 2 2 104 104 5955 5957 6132
10876 2 2 104 104 5792 5756 6132
10877 2 2 104 104 5963 5922 6133
10878 2 2 104 104 401 5472 6129
10879 2 2 104 104 410 6007 6130
10880 2 2 104 104 5943 6088 6199
10881 2 2 104 104 5494 411 6130
10882 2 2 104 104 5846 5847 6140
10883 2 2 104 104 5460 5833 6216
10884 2 2 104 104 5894 5906 6228
10885 2 2 104 104 5762 5793 6135
10886 2 2 104 104 6034 6038 6135
10887 2 2 104 104 5760 5888 6136
10888 2 2 104 104 5820 5819 6149
10889 2 2 104 104 6069 6023 6120
10890 2 2 104 104 5815 5482 6168
10891 2 2 104 104 5900 5434 6177
10892 2 2 104 104 5451 5903 6152
10893 2 2 104 104 5452 535 6134
10894 2 2 104 104 5771 6020 6137
10895 2 2 104 104 5971 5770 6137
10896 2 2 104 104 5980 5981 6138
10897 2 2 104 104 5949 6016 6138
10898 2 2 104 104 5895 5846 6140
10899 2 2 104 104 5993 5653 6140
10900 2 2 104 104 6058 5484 6104
10901 2 2 104 104 5917 5708 6233
10902 2 2 104 104 5877 5781 6144
10903 2 2 104 104 445 444 6142
10904 2 2 104 104 5731 5899 6145
10905 2 2 104 104 5890 6018 6145
10906 2 2 104 104 5836 5471 6226
10907 2 2 104 104 440 5488 6141
10908 2 2 104 104 5596 5598 6100
10909 2 2 104 104 5779 6076 6141
10910 2 2 104 104 5481 481 6143
10911 2 2 104 104 5498 6189 6190
10912 2 2 104 104 5758 5877 6103
10913 2 2 104 104 5812 5463 6218
10914 2 2 104 104 6050 5445 6102
10915 2 2 104 104 5465 5826 6194
10916 2 2 104 104 400 399 6101
10917 2 2 104 104 5953 5814 6150
10918 2 2 104 104 6026 5717 6150
10919 2 2 104 104 405 6074 6124
10920 2 2 104 104 5950 5949 6142
10921 2 2 104 104 5470 369 6085
10922 2 2 104 104 5817 6053 6192
10923 2 2 104 104 5903 5902 6152
10924 2 2 104 104 6026 6150 6186
10925 2 2 104 104 5960 5959 6153
10926 2 2 104 104 5885 5886 6153
10927 2 2 104 104 5720 5990 6154
10928 2 2 104 104 5449 6095 6136
10929 2 2 104 104 5444 387 6151
10930 2 2 104 104 5801 5766 6155
10931 2 2 104 104 6057 5427 6222
10932 2 2 104 104 5772 5773 6102
10933 2 2 104 104 6020 5427 6187
10934 2 2 104 104 6125 5774 6167
10935 2 2 104 104 5446 6049 6115
10936 2 2 104 104 5425 437 6157
10937 2 2 104 104 5817 5467 6229
10938 2 2 104 104 518 519 6159
10939 2 2 104 104 501 5447 6158
10940 2 2 104 104 5934 5936 6160
10941 2 2 104 104 5995 5994 6160
10942 2 2 104 104 6112 5788 6157
10943 2 2 104 104 420 6079 6127
10944 2 2 104 104 6082 5776 6126
10945 2 2 104 104 5427 6020 6222
10946 2 2 104 104 5514 6081 6147
10947 2 2 104 104 5472 6080 6129
10948 2 2 104 104 5929 5927 6165
10949 2 2 104 104 403 402 6164
10950 2 2 104 104 5848 5849 6128
10951 2 2 104 104 5976 6043 6234
10952 2 2 104 104 5493 6082 6126
10953 2 2 104 104 6158 5867 6204
10954 2 2 104 104 5918 5881 6104
10955 2 2 104 104 5840 5857 6105
10956 2 2 104 104 5828 5741 6174
10957 2 2 104 104 6017 5720 6174
10958 2 2 104 104 5857 5858 6105
10959 2 2 104 104 6088 5444 6199
10960 2 2 104 104 5785 5833 6175
10961 2 2 104 104 5898 5998 6175
10962 2 2 104 104 5438 6059 6103
10963 2 2 104 104 5429 6060 6162
10964 2 2 104 104 5482 494 6168
10965 2 2 104 104 495 5446 6168
10966 2 2 104 104 5441 378 6171
10967 2 2 104 104 6052 5451 6152
10968 2 2 104 104 5779 5763 6182
10969 2 2 104 104 5912 5913 6163
10970 2 2 104 104 386 385 6106
10971 2 2 104 104 5873 6100 6206
10972 2 2 104 104 470 471 6181
10973 2 2 104 104 5479 6166 6209
10974 2 2 104 104 5434 418 6177
10975 2 2 104 104 417 6048 6177
10976 2 2 104 104 5477 490 6179
10977 2 2 104 104 491 5456 6179
10978 2 2 104 104 6072 5700 6172
10979 2 2 104 104 5426 447 6184
10980 2 2 104 104 446 5487 6184
10981 2 2 104 104 5888 5910 6173
10982 2 2 104 104 431 5489 6187
10983 2 2 104 104 5427 432 6187
10984 2 2 104 104 5824 5829 6201
10985 2 2 104 104 5454 550 5836
10986 2 2 104 104 5782 5977 6196
10987 2 2 104 104 5694 5707 6233
10988 2 2 104 104 5886 5884 6231
10989 2 2 104 104 5789 5778 6199
10990 2 2 104 104 5716 5894 6228
10991 2 2 104 104 5805 6022 6228
10992 2 2 104 104 5728 6001 6201
10993 2 2 104 104 5847 5476 6205
10994 2 2 104 104 6036 6030 6203
10995 2 2 104 104 5797 5812 6154
10996 2 2 104 104 383 382 6200
10997 2 2 104 104 5981 5925 6223
10998 2 2 104 104 6133 5922 6176
10999 2 2 104 104 6004 5871 6206
11000 2 2 104 104 6020 6019 6222
11001 2 2 104 104 5784 5821 6209
11002 2 2 104 104 388 5444 6232
11003 2 2 104 104 5946 5948 6219
11004 2 2 104 104 5793 5761 6217
11005 2 2 104 104 6028 389 6232
11006 2 2 104 104 5829 5830 6201
11007 2 2 104 104 5467 538 6229
11008 2 2 104 104 539 6053 6229
11009 2 2 104 104 5468 499 6204
11010 2 2 104 104 531 532 6107
11011 2 2 104 104 529 6052 6205
11012 2 2 104 104 5476 528 6205
11013 2 2 104 104 541 542 6108
11014 2 2 104 104 526 527 6109
11015 2 2 104 104 381 380 6110
11016 2 2 104 104 397 5495 6207
11017 2 2 104 104 5430 398 6207
11018 2 2 104 104 5463 479 6218
11019 2 2 104 104 480 5481 6218
11020 2 2 104 104 422 5460 6216
11021 2 2 104 104 6153 5886 6200
11022 2 2 104 104 5812 5813 6154
11023 2 2 104 104 536 6089 6134
11024 2 2 104 104 5697 5696 5698
11025 2 2 104 104 6135 5793 6181
11026 2 2 104 104 5890 6145 6183
11027 2 2 104 104 5443 384 6111
11028 2 2 104 104 6104 5879 6148
11029 2 2 104 104 6076 5779 6182
11030 2 2 104 104 482 6096 6143
11031 2 2 104 104 5471 6072 6116
11032 2 2 104 104 5452 6134 6178
11033 2 2 104 104 5879 5880 6148
11034 2 2 104 104 5999 5728 6156
11035 2 2 104 104 6095 5823 6136
11036 2 2 104 104 5799 5780 6224
11037 2 2 104 104 436 435 6112
11038 2 2 104 104 6050 6102 6146
11039 2 2 104 104 5465 469 6113
11040 2 2 104 104 5805 5906 6178
11041 2 2 104 104 5747 6025 6114
11042 2 2 104 104 5748 6026 6115
11043 2 2 104 104 5790 5800 6202
11044 2 2 104 104 396 395 6117
11045 2 2 104 104 5889 5890 6118
11046 2 2 104 104 5444 6088 6232
11047 2 2 104 104 6102 5773 6146
11048 2 2 104 104 5432 6040 6211
11049 2 2 104 104 5983 5436 6210
11050 2 2 104 104 5447 502 6119
11051 2 2 104 104 6052 6152 6197
11052 2 2 104 104 6128 5849 6171
11053 2 2 104 104 6173 5910 6213
11054 2 2 104 104 5486 6097 6133
11055 2 2 104 104 5822 5464 6215
11056 2 2 104 104 6023 6063 6120
11057 2 2 104 104 5490 6087 6125
11058 2 2 104 104 5750 5912 6121
11059 2 2 104 104 6196 5977 6234
11060 2 2 104 104 5851 5751 6125
11061 2 2 104 104 5708 6116 6172
11062 2 2 104 104 5755 5908 6122
11063 2 2 104 104 5508 5506 5783
11064 2 2 104 104 515 516 6123
11065 2 2 104 104 406 405 6124
11066 2 2 104 104 5826 5465 6217
11067 2 2 104 104 5818 5458 6221
11068 2 2 104 104 386 6106 6151
11069 2 2 104 104 6085 5500 6180
11070 2 2 104 104 5776 5777 6126
11071 2 2 104 104 6111 5886 6231
11072 2 2 104 104 5505 5470 6085
11073 2 2 104 104 6060 5493 6126
11074 2 2 104 104 421 420 6127
11075 2 2 104 104 377 376 6128
11076 2 2 104 104 6042 5491 6163
11077 2 2 104 104 5855 5465 6194
11078 2 2 104 104 402 401 6129
11079 2 2 104 104 6136 5888 6173
11080 2 2 104 104 411 410 6130
11081 2 2 104 104 6148 5880 6191
11082 2 2 104 104 5484 547 6131
11083 2 2 104 104 6113 5793 6217
11084 2 2 104 104 5756 5955 6132
11085 2 2 104 104 6100 5598 6206
11086 2 2 104 104 5965 5963 6133
11087 2 2 104 104 5428 6076 6182
11088 2 2 104 104 5490 6125 6167
11089 2 2 104 104 535 536 6134
11090 2 2 104 104 436 6112 6157
11091 2 2 104 104 5425 6157 6196
11092 2 2 104 104 6058 6104 6148
11093 2 2 104 104 6038 5762 6135
11094 2 2 104 104 5823 5760 6136
11095 2 2 104 104 5922 5921 6176
11096 2 2 104 104 5770 5771 6137
11097 2 2 104 104 5764 5853 6161
11098 2 2 104 104 6016 5980 6138
11099 2 2 104 104 6067 5514 6147
11100 2 2 104 104 6087 5851 6125
11101 2 2 104 104 5653 5895 6140
11102 2 2 104 104 5469 5841 6149
11103 2 2 104 104 5700 6072 6214
11104 2 2 104 104 441 440 6141
11105 2 2 104 104 5487 445 6142
11106 2 2 104 104 5781 5799 6144
11107 2 2 104 104 481 482 6143
11108 2 2 104 104 6018 5731 6145
11109 2 2 104 104 6097 5965 6133
11110 2 2 104 104 5977 5976 6234
11111 2 2 104 104 519 520 6185
11112 2 2 104 104 6048 6118 6183
11113 2 2 104 104 6080 5864 6129
11114 2 2 104 104 5496 6050 6146
11115 2 2 104 104 5774 6012 6167
11116 2 2 104 104 6122 5908 6166
11117 2 2 104 104 5773 5988 6146
11118 2 2 104 104 6063 5999 6156
11119 2 2 104 104 6150 5815 6186
11120 2 2 104 104 5831 6063 6156
11121 2 2 104 104 5910 5806 6213
11122 2 2 104 104 5957 5956 6230
11123 2 2 104 104 5441 6171 6203
11124 2 2 104 104 5453 6058 6148
11125 2 2 104 104 377 6128 6171
11126 2 2 104 104 6155 5941 6192
11127 2 2 104 104 5717 5953 6150
11128 2 2 104 104 5486 6133 6176
11129 2 2 104 104 6163 5913 6198
11130 2 2 104 104 387 386 6151
11131 2 2 104 104 6176 5921 6215
11132 2 2 104 104 520 5438 6185
11133 2 2 104 104 5902 5993 6152
11134 2 2 104 104 5504 5470 5505
11135 2 2 104 104 5993 6140 6197
11136 2 2 104 104 5959 5885 6153
11137 2 2 104 104 5990 5797 6154
11138 2 2 104 104 5919 5443 6231
11139 2 2 104 104 5462 6135 6181
11140 2 2 104 104 5880 6011 6191
11141 2 2 104 104 5766 5941 6155
11142 2 2 104 104 5830 5831 6156
11143 2 2 104 104 5697 5698 5699
11144 2 2 104 104 6159 5799 6224
11145 2 2 104 104 5891 5979 6208
11146 2 2 104 104 5471 5810 6072
11147 2 2 104 104 6145 5900 6183
11148 2 2 104 104 5496 6146 6188
11149 2 2 104 104 6134 5804 6178
11150 2 2 104 104 5863 5865 6212
11151 2 2 104 104 5825 5790 6202
11152 2 2 104 104 5809 5498 6139
11153 2 2 104 104 6088 6028 6232
11154 2 2 104 104 6167 6012 6210
11155 2 2 104 104 437 436 6157
11156 2 2 104 104 6146 5988 6188
11157 2 2 104 104 500 501 6158
11158 2 2 104 104 5442 6153 6200
11159 2 2 104 104 6130 6007 6193
11160 2 2 104 104 5435 518 6159
11161 2 2 104 104 5832 5505 6180
11162 2 2 104 104 5446 6115 6186
11163 2 2 104 104 5994 5934 6160
11164 2 2 104 104 5453 6148 6191
11165 2 2 104 104 5697 5699 6195
11166 2 2 104 104 5795 5764 6161
11167 2 2 104 104 5858 5429 6162
11168 2 2 104 104 5431 403 6164
11169 2 2 104 104 5491 6121 6163
11170 2 2 104 104 5927 5928 6165
11171 2 2 104 104 5908 5952 6166
11172 2 2 104 104 6191 6011 6225
11173 2 2 104 104 5864 5863 6212
11174 2 2 104 104 494 495 6168
11175 2 2 104 104 5906 5452 6178
11176 2 2 104 104 6152 5993 6197
11177 2 2 104 104 6047 5490 6167
11178 2 2 104 104 5777 5891 6208
11179 2 2 104 104 378 377 6171
11180 2 2 104 104 5708 5917 6227
11181 2 2 104 104 6054 5449 6173
11182 2 2 104 104 5741 6017 6174
11183 2 2 104 104 5506 5505 5832
11184 2 2 104 104 6072 5811 6214
11185 2 2 104 104 5921 5822 6215
11186 2 2 104 104 5998 5785 6175
11187 2 2 104 104 418 417 6177
11188 2 2 104 104 5850 5475 6225
11189 2 2 104 104 5804 5805 6178
11190 2 2 104 104 6051 5486 6176
11191 2 2 104 104 490 491 6179
11192 2 2 104 104 500 6158 6204
11193 2 2 104 104 5763 5946 6182
11194 2 2 104 104 5819 5469 6149
11195 2 2 104 104 471 5462 6181
11196 2 2 104 104 6091 5817 6192
11197 2 2 104 104 6012 5983 6210
11198 2 2 104 104 447 446 6184
11199 2 2 104 104 6118 5890 6183
11200 2 2 104 104 6062 5496 6188
11201 2 2 104 104 432 431 6187
11202 2 2 104 104 5988 5989 6188
11203 2 2 104 104 6166 5952 6209
11204 2 2 104 104 6165 5928 6211
11205 2 2 104 104 6047 6167 6210
11206 2 2 104 104 6062 6188 6220
11207 2 2 104 104 5449 6136 6173
11208 2 2 104 104 6188 5989 6220
11209 2 2 104 104 5941 6091 6192
11210 2 2 104 104 6061 5453 6191
11211 2 2 104 104 6054 6173 6213
11212 2 2 104 104 6007 6006 6193
11213 2 2 104 104 6116 6072 6172
11214 2 2 104 104 6011 5850 6225
11215 2 2 104 104 5856 5855 6194
11216 2 2 104 104 6115 6026 6186
11217 2 2 104 104 6051 6176 6215
11218 2 2 104 104 5715 5697 6195
11219 2 2 104 104 5788 5782 6196
11220 2 2 104 104 5505 6085 6180
11221 2 2 104 104 5832 6139 6190
11222 2 2 104 104 5778 5943 6199
11223 2 2 104 104 382 5442 6200
11224 2 2 104 104 5466 6042 6198
11225 2 2 104 104 6001 5824 6201
11226 2 2 104 104 5849 6036 6203
11227 2 2 104 104 6061 6191 6225
11228 2 2 104 104 499 500 6204
11229 2 2 104 104 528 529 6205
11230 2 2 104 104 5598 6004 6206
11231 2 2 104 104 5458 6093 6221
11232 2 2 104 104 398 397 6207
11233 2 2 104 104 5952 5784 6209
11234 2 2 104 104 5928 5932 6211
11235 2 2 104 104 5436 6047 6210
11236 2 2 104 104 5761 5826 6217
11237 2 2 104 104 423 422 6216
11238 2 2 104 104 5483 6054 6213
11239 2 2 104 104 5948 5950 6219
11240 2 2 104 104 479 480 6218
11241 2 2 104 104 5989 6065 6220
11242 2 2 104 104 5780 6069 6224
11243 2 2 104 104 5464 6051 6215
11244 2 2 104 104 6019 5968 6222
11245 2 2 104 104 5437 6062 6220
11246 2 2 104 104 5698 5708 6172
11247 2 2 104 104 5925 5924 6223
11248 2 2 104 104 5425 6196 6234
11249 2 2 104 104 6022 5716 6228
11250 2 2 104 104 5884 5919 6231
11251 2 2 104 104 5696 5694 6233
11252 2 2 104 104 538 539 6229
11253 2 2 104 104 389 388 6232
11254 2 2 104 104 5475 6061 6225
11255 2 2 104 104 5699 5700 5820
11256 2 2 104 104 6043 5425 6234
11257 2 2 104 104 5699 5698 5700
11258 2 2 104 104 6157 5788 6196
11259 2 2 104 104 6065 5437 6220
11260 2 2 104 104 5438 6144 6185
11261 2 2 104 104 5443 6111 6231
11262 2 2 104 104 6069 5435 6224
11263 2 2 104 104 5783 5506 5832
11264 2 2 104 104 5471 552 5810
11265 2 2 104 104 6139 5498 6190
11266 2 2 104 104 6121 5912 6163
11267 2 2 104 104 6140 5847 6197
11268 2 2 104 104 5465 6113 6217
11269 2 2 104 104 5874 6130 6193
11270 2 2 104 104 6189 5818 6221
11271 2 2 104 104 5794 5783 6189
11272 2 2 104 104 6139 5832 6180
11273 2 2 104 104 461 5501 6098
11274 2 2 104 104 460 5502 6099
11275 2 2 104 104 5471 6116 6226
11276 2 2 104 104 6042 6163 6198
11277 2 2 104 104 6171 5849 6203
11278 2 2 104 104 5500 367 6169
11279 2 2 104 104 5499 554 6170
11280 2 2 104 104 5837 5836 6226
11281 2 2 104 104 6144 5799 6185
11282 2 2 104 104 6164 5864 6212
11283 2 2 104 104 6162 5777 6208
11284 2 2 104 104 5794 6189 6221
11285 2 2 104 104 6093 5794 6221
11286 2 2 104 104 5700 5698 6172
11287 2 2 104 104 5820 5700 6214
11288 2 2 104 104 5858 6162 6208
11289 2 2 104 104 5431 6164 6212
11290 2 2 104 104 5783 5832 6190
11291 2 2 104 104 5435 6159 6224
11292 2 2 104 104 6189 5783 6190
11293 2 2 104 104 555 5 6099
11294 2 2 104 104 366 9 6098
11295 2 2 105 105 6345 6599 6618
11296 2 2 105 105 6278 6341 6346
11297 2 2 105 105 6255 6444 6570
11298 2 2 105 105 6444 6255 6551
11299 2 2 105 105 6396 6550 6567
11300 2 2 105 105 6550 6256 6567
11301 2 2 105 105 6464 6254 6574
11302 2 2 105 105 6254 6464 6553
11303 2 2 105 105 6548 6440 6564
11304 2 2 105 105 6257 6548 6564
11305 2 2 105 105 6253 6507 6580
11306 2 2 105 105 6507 6253 6555
11307 2 2 105 105 6393 6546 6561
11308 2 2 105 105 6546 6258 6561
11309 2 2 105 105 6497 6252 6581
11310 2 2 105 105 6252 6497 6557
11311 2 2 105 105 6544 6505 6559
11312 2 2 105 105 6259 6544 6559
11313 2 2 105 105 6251 6423 6582
11314 2 2 105 105 6423 6251 6558
11315 2 2 105 105 6469 6542 6556
11316 2 2 105 105 6542 6260 6556
11317 2 2 105 105 6451 6250 6583
11318 2 2 105 105 6250 6451 6560
11319 2 2 105 105 6541 6381 6554
11320 2 2 105 105 6261 6541 6554
11321 2 2 105 105 6249 6426 6584
11322 2 2 105 105 6426 6249 6562
11323 2 2 105 105 6358 6539 6552
11324 2 2 105 105 6539 6262 6552
11325 2 2 105 105 6473 6248 6585
11326 2 2 105 105 6248 6473 6563
11327 2 2 105 105 6537 6377 6549
11328 2 2 105 105 6263 6537 6549
11329 2 2 105 105 6247 6430 6586
11330 2 2 105 105 6430 6247 6565
11331 2 2 105 105 6355 6535 6547
11332 2 2 105 105 6535 6264 6547
11333 2 2 105 105 6401 6246 6587
11334 2 2 105 105 6246 6401 6566
11335 2 2 105 105 6533 6374 6545
11336 2 2 105 105 6265 6533 6545
11337 2 2 105 105 6245 6503 6588
11338 2 2 105 105 6503 6245 6568
11339 2 2 105 105 6475 6530 6543
11340 2 2 105 105 6530 6266 6543
11341 2 2 105 105 6478 6244 6589
11342 2 2 105 105 6528 6466 6540
11343 2 2 105 105 6244 6478 6569
11344 2 2 105 105 6267 6528 6540
11345 2 2 105 105 6243 6457 6590
11346 2 2 105 105 6492 6526 6538
11347 2 2 105 105 6457 6243 6571
11348 2 2 105 105 6526 6268 6538
11349 2 2 105 105 6434 6242 6591
11350 2 2 105 105 6525 6510 6536
11351 2 2 105 105 6269 6525 6536
11352 2 2 105 105 6242 6434 6572
11353 2 2 105 105 6241 6416 6592
11354 2 2 105 105 6389 6523 6534
11355 2 2 105 105 6523 6270 6534
11356 2 2 105 105 6416 6241 6573
11357 2 2 105 105 6341 6278 6347
11358 2 2 105 105 6501 6240 6593
11359 2 2 105 105 6521 6370 6531
11360 2 2 105 105 6271 6521 6531
11361 2 2 105 105 6240 6501 6575
11362 2 2 105 105 6239 6419 6594
11363 2 2 105 105 6484 6519 6529
11364 2 2 105 105 6519 6272 6529
11365 2 2 105 105 6419 6239 6576
11366 2 2 105 105 6412 6238 6595
11367 2 2 105 105 6517 6366 6527
11368 2 2 105 105 6273 6517 6527
11369 2 2 105 105 6238 6412 6577
11370 2 2 105 105 6237 6405 6596
11371 2 2 105 105 6351 6516 6524
11372 2 2 105 105 6516 6274 6524
11373 2 2 105 105 6405 6237 6578
11374 2 2 105 105 6408 6237 6596
11375 2 2 105 105 6515 6363 6522
11376 2 2 105 105 6275 6515 6522
11377 2 2 105 105 6237 6408 6579
11378 2 2 105 105 6238 6408 6595
11379 2 2 105 105 6408 6238 6579
11380 2 2 105 105 6405 6239 6594
11381 2 2 105 105 6239 6405 6578
11382 2 2 105 105 6240 6412 6593
11383 2 2 105 105 6412 6240 6577
11384 2 2 105 105 6419 6241 6592
11385 2 2 105 105 6241 6419 6576
11386 2 2 105 105 6242 6501 6591
11387 2 2 105 105 6501 6242 6575
11388 2 2 105 105 75 5 6597
11389 2 2 105 105 8 76 6598
11390 2 2 105 105 6416 6243 6590
11391 2 2 105 105 6243 6416 6573
11392 2 2 105 105 6244 6434 6589
11393 2 2 105 105 6434 6244 6572
11394 2 2 105 105 6457 6245 6588
11395 2 2 105 105 6245 6457 6571
11396 2 2 105 105 6324 6336 6610
11397 2 2 105 105 6246 6478 6587
11398 2 2 105 105 6478 6246 6569
11399 2 2 105 105 6503 6247 6586
11400 2 2 105 105 6247 6503 6568
11401 2 2 105 105 6248 6401 6585
11402 2 2 105 105 6345 6331 6599
11403 2 2 105 105 6401 6248 6566
11404 2 2 105 105 6430 6249 6584
11405 2 2 105 105 6249 6430 6565
11406 2 2 105 105 6250 6473 6583
11407 2 2 105 105 6473 6250 6563
11408 2 2 105 105 6426 6251 6582
11409 2 2 105 105 6251 6426 6562
11410 2 2 105 105 6252 6451 6581
11411 2 2 105 105 6451 6252 6560
11412 2 2 105 105 6423 6253 6580
11413 2 2 105 105 6253 6423 6558
11414 2 2 105 105 6254 6497 6574
11415 2 2 105 105 6497 6254 6557
11416 2 2 105 105 6507 6255 6570
11417 2 2 105 105 6255 6507 6555
11418 2 2 105 105 6256 6464 6567
11419 2 2 105 105 6464 6256 6553
11420 2 2 105 105 6444 6257 6564
11421 2 2 105 105 6257 6444 6551
11422 2 2 105 105 6258 6396 6561
11423 2 2 105 105 6396 6258 6550
11424 2 2 105 105 6440 6259 6559
11425 2 2 105 105 6259 6440 6548
11426 2 2 105 105 6260 6393 6556
11427 2 2 105 105 6393 6260 6546
11428 2 2 105 105 6344 6337 6606
11429 2 2 105 105 6505 6261 6554
11430 2 2 105 105 6261 6505 6544
11431 2 2 105 105 6282 6343 6532
11432 2 2 105 105 6262 6469 6552
11433 2 2 105 105 6469 6262 6542
11434 2 2 105 105 6381 6263 6549
11435 2 2 105 105 6263 6381 6541
11436 2 2 105 105 6264 6358 6547
11437 2 2 105 105 6358 6264 6539
11438 2 2 105 105 6377 6265 6545
11439 2 2 105 105 6265 6377 6537
11440 2 2 105 105 6266 6355 6543
11441 2 2 105 105 6355 6266 6535
11442 2 2 105 105 6325 6337 6609
11443 2 2 105 105 6336 6324 6608
11444 2 2 105 105 6374 6267 6540
11445 2 2 105 105 6267 6374 6533
11446 2 2 105 105 6268 6475 6538
11447 2 2 105 105 6475 6268 6530
11448 2 2 105 105 6466 6269 6536
11449 2 2 105 105 6269 6466 6528
11450 2 2 105 105 6270 6492 6534
11451 2 2 105 105 6492 6270 6526
11452 2 2 105 105 6510 6271 6531
11453 2 2 105 105 6271 6510 6525
11454 2 2 105 105 6272 6389 6529
11455 2 2 105 105 6389 6272 6523
11456 2 2 105 105 6370 6273 6527
11457 2 2 105 105 6273 6370 6521
11458 2 2 105 105 6324 6335 6338
11459 2 2 105 105 6274 6484 6524
11460 2 2 105 105 6484 6274 6519
11461 2 2 105 105 6366 6275 6522
11462 2 2 105 105 6275 6366 6517
11463 2 2 105 105 6337 6325 6343
11464 2 2 105 105 6276 6351 6520
11465 2 2 105 105 6351 6276 6516
11466 2 2 105 105 6363 6277 6518
11467 2 2 105 105 6277 6363 6515
11468 2 2 105 105 6340 6281 6532
11469 2 2 105 105 6340 6330 6613
11470 2 2 105 105 6338 6331 6345
11471 2 2 105 105 464 6338 6345
11472 2 2 105 105 464 463 6338
11473 2 2 105 105 6347 6462 6514
11474 2 2 105 105 6343 6282 6606
11475 2 2 105 105 7 569 6598
11476 2 2 105 105 591 6 6597
11477 2 2 105 105 589 6337 6344
11478 2 2 105 105 6337 6343 6606
11479 2 2 105 105 6335 6324 6610
11480 2 2 105 105 6281 6282 6532
11481 2 2 105 105 6462 6347 6619
11482 2 2 105 105 6330 6340 6532
11483 2 2 105 105 461 6598 6608
11484 2 2 105 105 6597 555 6609
11485 2 2 105 105 6346 6341 6613
11486 2 2 105 105 463 6324 6338
11487 2 2 105 105 6343 6342 6532
11488 2 2 105 105 6334 6341 6514
11489 2 2 105 105 6334 6340 6341
11490 2 2 105 105 6339 6328 6600
11491 2 2 105 105 6462 6323 6514
11492 2 2 105 105 6337 6332 6609
11493 2 2 105 105 6333 6336 6608
11494 2 2 105 105 6347 6278 6513
11495 2 2 105 105 554 553 6325
11496 2 2 105 105 463 462 6324
11497 2 2 105 105 552 551 6330
11498 2 2 105 105 64 6281 6334
11499 2 2 105 105 6279 63 6327
11500 2 2 105 105 6598 6333 6608
11501 2 2 105 105 6332 6597 6609
11502 2 2 105 105 6511 6326 6512
11503 2 2 105 105 590 591 6332
11504 2 2 105 105 569 570 6333
11505 2 2 105 105 589 590 6337
11506 2 2 105 105 570 571 6336
11507 2 2 105 105 572 573 6328
11508 2 2 105 105 587 588 6329
11509 2 2 105 105 6341 6347 6514
11510 2 2 105 105 553 552 6342
11511 2 2 105 105 587 6329 6617
11512 2 2 105 105 6328 573 6616
11513 2 2 105 105 6512 6599 6615
11514 2 2 105 105 6327 63 6611
11515 2 2 105 105 64 6334 6612
11516 2 2 105 105 6488 6614 6615
11517 2 2 105 105 6330 551 6346
11518 2 2 105 105 6599 6327 6615
11519 2 2 105 105 466 465 6326
11520 2 2 105 105 6325 553 6342
11521 2 2 105 105 6325 6342 6343
11522 2 2 105 105 6279 6327 6599
11523 2 2 105 105 6607 6339 6610
11524 2 2 105 105 466 6326 6511
11525 2 2 105 105 590 6332 6337
11526 2 2 105 105 6333 570 6336
11527 2 2 105 105 6336 571 6607
11528 2 2 105 105 462 461 6608
11529 2 2 105 105 555 554 6609
11530 2 2 105 105 6375 6310 6376
11531 2 2 105 105 6382 6314 6384
11532 2 2 105 105 6371 6310 6375
11533 2 2 105 105 1500 6312 6508
11534 2 2 105 105 6424 6296 6425
11535 2 2 105 105 6302 1489 6493
11536 2 2 105 105 6301 1451 6397
11537 2 2 105 105 6307 1445 6359
11538 2 2 105 105 1468 6285 6409
11539 2 2 105 105 6406 6283 6407
11540 2 2 105 105 6364 6320 6365
11541 2 2 105 105 6420 6296 6424
11542 2 2 105 105 6438 6304 6439
11543 2 2 105 105 6453 6290 6455
11544 2 2 105 105 6376 6378 6379
11545 2 2 105 105 1497 1496 6378
11546 2 2 105 105 6413 6286 6417
11547 2 2 105 105 6402 6283 6406
11548 2 2 105 105 6360 6320 6364
11549 2 2 105 105 6436 6304 6438
11550 2 2 105 105 6308 1495 6498
11551 2 2 105 105 6455 6290 6456
11552 2 2 105 105 6384 6314 6465
11553 2 2 105 105 6409 6285 6410
11554 2 2 105 105 6456 6290 6490
11555 2 2 105 105 1506 6318 6367
11556 2 2 105 105 6311 1441 6476
11557 2 2 105 105 1490 6302 6441
11558 2 2 105 105 6425 6427 6428
11559 2 2 105 105 1483 1482 6427
11560 2 2 105 105 1502 6314 6382
11561 2 2 105 105 1498 6310 6371
11562 2 2 105 105 1503 1502 6382
11563 2 2 105 105 1499 1498 6371
11564 2 2 105 105 1508 6320 6360
11565 2 2 105 105 1434 6319 6385
11566 2 2 105 105 1452 6301 6458
11567 2 2 105 105 1464 6289 6431
11568 2 2 105 105 1474 6286 6413
11569 2 2 105 105 1492 6304 6436
11570 2 2 105 105 1465 1464 6431
11571 2 2 105 105 1447 1446 6470
11572 2 2 105 105 1493 1492 6436
11573 2 2 105 105 6305 1447 6470
11574 2 2 105 105 1470 6283 6402
11575 2 2 105 105 1453 1452 6458
11576 2 2 105 105 1471 1470 6402
11577 2 2 105 105 1475 1474 6413
11578 2 2 105 105 1509 1508 6360
11579 2 2 105 105 1435 1434 6385
11580 2 2 105 105 6365 6367 6368
11581 2 2 105 105 1478 6290 6453
11582 2 2 105 105 1484 6296 6420
11583 2 2 105 105 1479 1478 6453
11584 2 2 105 105 1485 1484 6420
11585 2 2 105 105 1482 6294 6427
11586 2 2 105 105 6301 6397 6463
11587 2 2 105 105 1491 1490 6441
11588 2 2 105 105 1441 1440 6476
11589 2 2 105 105 1507 1506 6367
11590 2 2 105 105 1496 6308 6378
11591 2 2 105 105 6385 6386 6387
11592 2 2 105 105 6431 6432 6435
11593 2 2 105 105 6458 6459 6460
11594 2 2 105 105 6407 6409 6410
11595 2 2 105 105 6415 6456 6490
11596 2 2 105 105 6375 6376 6377
11597 2 2 105 105 6417 6286 6418
11598 2 2 105 105 6367 6318 6368
11599 2 2 105 105 6441 6302 6442
11600 2 2 105 105 6364 6365 6366
11601 2 2 105 105 6438 6439 6440
11602 2 2 105 105 1495 1494 6498
11603 2 2 105 105 6439 6441 6442
11604 2 2 105 105 6310 1497 6378
11605 2 2 105 105 6406 6407 6408
11606 2 2 105 105 6385 6319 6386
11607 2 2 105 105 6431 6289 6432
11608 2 2 105 105 6458 6301 6459
11609 2 2 105 105 6443 6302 6493
11610 2 2 105 105 6376 6310 6378
11611 2 2 105 105 6427 6294 6428
11612 2 2 105 105 6404 6418 6489
11613 2 2 105 105 1469 1468 6409
11614 2 2 105 105 1445 1444 6359
11615 2 2 105 105 1451 1450 6397
11616 2 2 105 105 1489 1488 6493
11617 2 2 105 105 6418 6286 6489
11618 2 2 105 105 6424 6425 6426
11619 2 2 105 105 6350 6349 6351
11620 2 2 105 105 6399 6400 6401
11621 2 2 105 105 6391 6392 6393
11622 2 2 105 105 6353 6354 6355
11623 2 2 105 105 6449 6450 6451
11624 2 2 105 105 6425 6296 6427
11625 2 2 105 105 6383 6382 6384
11626 2 2 105 105 6372 6371 6375
11627 2 2 105 105 6428 6294 6429
11628 2 2 105 105 6379 6380 6381
11629 2 2 105 105 6373 6372 6374
11630 2 2 105 105 6432 6289 6433
11631 2 2 105 105 6428 6429 6430
11632 2 2 105 105 1501 1500 6508
11633 2 2 105 105 6410 6411 6412
11634 2 2 105 105 6378 6308 6379
11635 2 2 105 105 6379 6308 6380
11636 2 2 105 105 6296 1483 6427
11637 2 2 105 105 6442 6443 6444
11638 2 2 105 105 6321 1431 6348
11639 2 2 105 105 1430 6323 6348
11640 2 2 105 105 1448 6305 6390
11641 2 2 105 105 6321 6349 6350
11642 2 2 105 105 1438 6315 6445
11643 2 2 105 105 1442 6311 6352
11644 2 2 105 105 6319 1433 6480
11645 2 2 105 105 1510 1509 6322
11646 2 2 105 105 1431 1430 6348
11647 2 2 105 105 1450 1449 6303
11648 2 2 105 105 1460 6293 6398
11649 2 2 105 105 6399 6293 6400
11650 2 2 105 105 6321 6348 6349
11651 2 2 105 105 1463 1462 6471
11652 2 2 105 105 1468 1467 6285
11653 2 2 105 105 1461 1460 6398
11654 2 2 105 105 1472 1471 6284
11655 2 2 105 105 1476 1475 6288
11656 2 2 105 105 1481 1480 6479
11657 2 2 105 105 1488 1487 6300
11658 2 2 105 105 1490 1489 6302
11659 2 2 105 105 6291 1461 6398
11660 2 2 105 105 6290 1477 6490
11661 2 2 105 105 1454 1453 6299
11662 2 2 105 105 1458 1457 6295
11663 2 2 105 105 1466 1465 6287
11664 2 2 105 105 1439 1438 6445
11665 2 2 105 105 1443 1442 6352
11666 2 2 105 105 6285 1467 6486
11667 2 2 105 105 6352 6311 6353
11668 2 2 105 105 1430 1429 6323
11669 2 2 105 105 1440 1439 6313
11670 2 2 105 105 1444 1443 6309
11671 2 2 105 105 1446 1445 6307
11672 2 2 105 105 1448 1447 6305
11673 2 2 105 105 1449 1448 6390
11674 2 2 105 105 1452 1451 6301
11675 2 2 105 105 1456 1455 6297
11676 2 2 105 105 1457 1456 6448
11677 2 2 105 105 1460 1459 6293
11678 2 2 105 105 1462 1461 6291
11679 2 2 105 105 1464 1463 6289
11680 2 2 105 105 1467 1466 6486
11681 2 2 105 105 1470 1469 6283
11682 2 2 105 105 1474 1473 6286
11683 2 2 105 105 1477 1476 6490
11684 2 2 105 105 1478 1477 6290
11685 2 2 105 105 1480 1479 6292
11686 2 2 105 105 1482 1481 6294
11687 2 2 105 105 1484 1483 6296
11688 2 2 105 105 1486 1485 6298
11689 2 2 105 105 1492 1491 6304
11690 2 2 105 105 1494 1493 6306
11691 2 2 105 105 1496 1495 6308
11692 2 2 105 105 1498 1497 6310
11693 2 2 105 105 1500 1499 6312
11694 2 2 105 105 1502 1501 6314
11695 2 2 105 105 1504 1503 6316
11696 2 2 105 105 1506 1505 6318
11697 2 2 105 105 1508 1507 6320
11698 2 2 105 105 1511 1510 6487
11699 2 2 105 105 6309 1443 6352
11700 2 2 105 105 6295 1457 6448
11701 2 2 105 105 6289 1463 6471
11702 2 2 105 105 6294 1481 6479
11703 2 2 105 105 6284 1471 6402
11704 2 2 105 105 1456 6297 6448
11705 2 2 105 105 1462 6291 6471
11706 2 2 105 105 1466 6287 6486
11707 2 2 105 105 1476 6288 6490
11708 2 2 105 105 1480 6292 6479
11709 2 2 105 105 1432 1431 6321
11710 2 2 105 105 1434 1433 6319
11711 2 2 105 105 1436 1435 6317
11712 2 2 105 105 1438 1437 6315
11713 2 2 105 105 1442 1441 6311
11714 2 2 105 105 6298 1485 6420
11715 2 2 105 105 6316 1503 6382
11716 2 2 105 105 6390 6305 6391
11717 2 2 105 105 6391 6305 6392
11718 2 2 105 105 6445 6315 6446
11719 2 2 105 105 6292 1479 6453
11720 2 2 105 105 6312 1499 6371
11721 2 2 105 105 6322 1509 6360
11722 2 2 105 105 6353 6311 6354
11723 2 2 105 105 1446 6307 6470
11724 2 2 105 105 6303 1449 6390
11725 2 2 105 105 6448 6297 6449
11726 2 2 105 105 6287 1465 6431
11727 2 2 105 105 6398 6293 6399
11728 2 2 105 105 6299 1453 6458
11729 2 2 105 105 6288 1475 6413
11730 2 2 105 105 6313 1439 6445
11731 2 2 105 105 6449 6297 6450
11732 2 2 105 105 6317 1435 6385
11733 2 2 105 105 6306 1493 6436
11734 2 2 105 105 1433 1432 6480
11735 2 2 105 105 1510 6322 6487
11736 2 2 105 105 6368 6369 6370
11737 2 2 105 105 1432 6321 6480
11738 2 2 105 105 6455 6456 6457
11739 2 2 105 105 6422 6421 6423
11740 2 2 105 105 6472 6452 6473
11741 2 2 105 105 6432 6433 6434
11742 2 2 105 105 6317 6387 6388
11743 2 2 105 105 6421 6420 6424
11744 2 2 105 105 6454 6453 6455
11745 2 2 105 105 6322 6361 6362
11746 2 2 105 105 6284 6403 6404
11747 2 2 105 105 6417 6418 6419
11748 2 2 105 105 6288 6414 6415
11749 2 2 105 105 6388 6387 6389
11750 2 2 105 105 6442 6302 6443
11751 2 2 105 105 6307 6359 6467
11752 2 2 105 105 6415 6414 6416
11753 2 2 105 105 6362 6361 6363
11754 2 2 105 105 6468 6467 6469
11755 2 2 105 105 6433 6289 6471
11756 2 2 105 105 6404 6403 6405
11757 2 2 105 105 6297 1455 6482
11758 2 2 105 105 1454 6299 6482
11759 2 2 105 105 6315 1437 6485
11760 2 2 105 105 1436 6317 6485
11761 2 2 105 105 6410 6285 6411
11762 2 2 105 105 1472 6284 6489
11763 2 2 105 105 6286 1473 6489
11764 2 2 105 105 6312 6373 6508
11765 2 2 105 105 1458 6295 6481
11766 2 2 105 105 6293 1459 6481
11767 2 2 105 105 6384 6465 6466
11768 2 2 105 105 6414 6413 6417
11769 2 2 105 105 6403 6402 6406
11770 2 2 105 105 6361 6360 6364
11771 2 2 105 105 6446 6491 6492
11772 2 2 105 105 6437 6436 6438
11773 2 2 105 105 6433 6471 6477
11774 2 2 105 105 6298 6421 6422
11775 2 2 105 105 6471 6291 6477
11776 2 2 105 105 1504 6316 6499
11777 2 2 105 105 6300 1487 6495
11778 2 2 105 105 6318 1505 6499
11779 2 2 105 105 1486 6298 6495
11780 2 2 105 105 1455 1454 6482
11781 2 2 105 105 1437 1436 6485
11782 2 2 105 105 6459 6301 6463
11783 2 2 105 105 6304 1491 6441
11784 2 2 105 105 6320 1507 6367
11785 2 2 105 105 6368 6318 6369
11786 2 2 105 105 1440 6313 6476
11787 2 2 105 105 6357 6356 6358
11788 2 2 105 105 6395 6394 6396
11789 2 2 105 105 6380 6308 6498
11790 2 2 105 105 1473 1472 6489
11791 2 2 105 105 1459 1458 6481
11792 2 2 105 105 6284 6404 6489
11793 2 2 105 105 6317 6388 6485
11794 2 2 105 105 6397 6395 6463
11795 2 2 105 105 6477 6461 6478
11796 2 2 105 105 6319 6480 6483
11797 2 2 105 105 6354 6311 6476
11798 2 2 105 105 6459 6463 6464
11799 2 2 105 105 6429 6294 6479
11800 2 2 105 105 1505 1504 6499
11801 2 2 105 105 1487 1486 6495
11802 2 2 105 105 6443 6493 6494
11803 2 2 105 105 6322 6362 6487
11804 2 2 105 105 6400 6293 6481
11805 2 2 105 105 6479 6292 6502
11806 2 2 105 105 6288 6415 6490
11807 2 2 105 105 6312 6372 6373
11808 2 2 105 105 6284 6402 6403
11809 2 2 105 105 6322 6360 6361
11810 2 2 105 105 6312 6371 6372
11811 2 2 105 105 6316 6382 6383
11812 2 2 105 105 6292 6453 6454
11813 2 2 105 105 6298 6420 6421
11814 2 2 105 105 6317 6385 6387
11815 2 2 105 105 6306 6436 6437
11816 2 2 105 105 6288 6413 6414
11817 2 2 105 105 6299 6458 6460
11818 2 2 105 105 6287 6431 6435
11819 2 2 105 105 6386 6319 6483
11820 2 2 105 105 6450 6297 6482
11821 2 2 105 105 6292 6454 6502
11822 2 2 105 105 6502 6454 6503
11823 2 2 105 105 6386 6483 6484
11824 2 2 105 105 6373 6465 6508
11825 2 2 105 105 6298 6422 6495
11826 2 2 105 105 6411 6285 6486
11827 2 2 105 105 6480 6350 6483
11828 2 2 105 105 6321 6350 6480
11829 2 2 105 105 6392 6305 6470
11830 2 2 105 105 1494 6306 6498
11831 2 2 105 105 6445 6446 6447
11832 2 2 105 105 6474 6447 6475
11833 2 2 105 105 6349 6348 6462
11834 2 2 105 105 6352 6353 6356
11835 2 2 105 105 6390 6391 6394
11836 2 2 105 105 6398 6399 6461
11837 2 2 105 105 6295 6472 6481
11838 2 2 105 105 6448 6449 6452
11839 2 2 105 105 6472 6400 6481
11840 2 2 105 105 6450 6482 6496
11841 2 2 105 105 6369 6318 6499
11842 2 2 105 105 6306 6437 6504
11843 2 2 105 105 6487 6362 6488
11844 2 2 105 105 6307 6467 6468
11845 2 2 105 105 6486 6287 6500
11846 2 2 105 105 6439 6304 6441
11847 2 2 105 105 6365 6320 6367
11848 2 2 105 105 6474 6354 6476
11849 2 2 105 105 6500 6435 6501
11850 2 2 105 105 6465 6314 6508
11851 2 2 105 105 6494 6506 6507
11852 2 2 105 105 6446 6315 6491
11853 2 2 105 105 6482 6299 6496
11854 2 2 105 105 6287 6435 6500
11855 2 2 105 105 6504 6437 6505
11856 2 2 105 105 6407 6283 6409
11857 2 2 105 105 6468 6392 6470
11858 2 2 105 105 6309 6356 6357
11859 2 2 105 105 6303 6394 6395
11860 2 2 105 105 6496 6460 6497
11861 2 2 105 105 6307 6468 6470
11862 2 2 105 105 6313 6474 6476
11863 2 2 105 105 6283 1469 6409
11864 2 2 105 105 6291 6461 6477
11865 2 2 105 105 1444 6309 6359
11866 2 2 105 105 1450 6303 6397
11867 2 2 105 105 6295 6452 6472
11868 2 2 105 105 1488 6300 6493
11869 2 2 105 105 6411 6486 6500
11870 2 2 105 105 6498 6306 6504
11871 2 2 105 105 6299 6460 6496
11872 2 2 105 105 6485 6388 6491
11873 2 2 105 105 6359 6357 6467
11874 2 2 105 105 6313 6447 6474
11875 2 2 105 105 6313 6445 6447
11876 2 2 105 105 6348 6323 6462
11877 2 2 105 105 6309 6352 6356
11878 2 2 105 105 6291 6398 6461
11879 2 2 105 105 6303 6390 6394
11880 2 2 105 105 6315 6485 6491
11881 2 2 105 105 6295 6448 6452
11882 2 2 105 105 6429 6479 6502
11883 2 2 105 105 6493 6300 6494
11884 2 2 105 105 6314 1501 6508
11885 2 2 105 105 6309 6357 6359
11886 2 2 105 105 6303 6395 6397
11887 2 2 105 105 6494 6300 6506
11888 2 2 105 105 6380 6498 6504
11889 2 2 105 105 6300 6495 6506
11890 2 2 105 105 6369 6499 6509
11891 2 2 105 105 6509 6383 6510
11892 2 2 105 105 6495 6422 6506
11893 2 2 105 105 6499 6316 6509
11894 2 2 105 105 6316 6383 6509
11895 2 2 105 105 552 6330 6342
11896 2 2 105 105 467 466 6511
11897 2 2 105 105 494 493 6251
11898 2 2 105 105 504 503 6241
11899 2 2 105 105 514 513 6242
11900 2 2 105 105 524 523 6252
11901 2 2 105 105 472 471 6273
11902 2 2 105 105 484 483 6261
11903 2 2 105 105 492 491 6253
11904 2 2 105 105 496 495 6249
11905 2 2 105 105 502 501 6243
11906 2 2 105 105 506 505 6239
11907 2 2 105 105 512 511 6240
11908 2 2 105 105 516 515 6244
11909 2 2 105 105 522 521 6250
11910 2 2 105 105 528 527 6256
11911 2 2 105 105 532 531 6260
11912 2 2 105 105 534 533 6262
11913 2 2 105 105 538 537 6266
11914 2 2 105 105 542 541 6270
11915 2 2 105 105 544 543 6272
11916 2 2 105 105 548 547 6276
11917 2 2 105 105 530 529 6258
11918 2 2 105 105 536 535 6264
11919 2 2 105 105 540 539 6268
11920 2 2 105 105 546 545 6274
11921 2 2 105 105 550 549 6278
11922 2 2 105 105 490 489 6255
11923 2 2 105 105 498 497 6247
11924 2 2 105 105 500 499 6245
11925 2 2 105 105 510 509 6238
11926 2 2 105 105 518 517 6246
11927 2 2 105 105 520 519 6248
11928 2 2 105 105 526 525 6254
11929 2 2 105 105 508 507 6237
11930 2 2 105 105 468 467 6277
11931 2 2 105 105 470 469 6275
11932 2 2 105 105 474 473 6271
11933 2 2 105 105 476 475 6269
11934 2 2 105 105 478 477 6267
11935 2 2 105 105 480 479 6265
11936 2 2 105 105 482 481 6263
11937 2 2 105 105 486 485 6259
11938 2 2 105 105 488 487 6257
11939 2 2 105 105 6520 6462 6619
11940 2 2 105 105 549 548 6513
11941 2 2 105 105 551 550 6346
11942 2 2 105 105 6277 467 6511
11943 2 2 105 105 548 6276 6513
11944 2 2 105 105 6278 549 6513
11945 2 2 105 105 465 464 6345
11946 2 2 105 105 550 6278 6346
11947 2 2 105 105 588 589 6344
11948 2 2 105 105 76 7 6598
11949 2 2 105 105 6 75 6597
11950 2 2 105 105 6488 6327 6611
11951 2 2 105 105 6362 6363 6518
11952 2 2 105 105 6351 6349 6520
11953 2 2 105 105 6364 6366 6522
11954 2 2 105 105 6363 6361 6522
11955 2 2 105 105 6484 6483 6524
11956 2 2 105 105 6350 6351 6524
11957 2 2 105 105 6368 6370 6527
11958 2 2 105 105 6366 6365 6527
11959 2 2 105 105 6389 6387 6529
11960 2 2 105 105 6386 6484 6529
11961 2 2 105 105 6370 6369 6531
11962 2 2 105 105 6509 6510 6531
11963 2 2 105 105 6388 6389 6534
11964 2 2 105 105 6492 6491 6534
11965 2 2 105 105 6510 6383 6536
11966 2 2 105 105 6384 6466 6536
11967 2 2 105 105 6446 6492 6538
11968 2 2 105 105 6475 6447 6538
11969 2 2 105 105 6466 6465 6540
11970 2 2 105 105 6373 6374 6540
11971 2 2 105 105 6474 6475 6543
11972 2 2 105 105 6355 6354 6543
11973 2 2 105 105 6374 6372 6545
11974 2 2 105 105 6375 6377 6545
11975 2 2 105 105 6353 6355 6547
11976 2 2 105 105 6358 6356 6547
11977 2 2 105 105 6379 6381 6549
11978 2 2 105 105 6377 6376 6549
11979 2 2 105 105 6357 6358 6552
11980 2 2 105 105 6469 6467 6552
11981 2 2 105 105 6504 6505 6554
11982 2 2 105 105 6381 6380 6554
11983 2 2 105 105 6393 6392 6556
11984 2 2 105 105 6468 6469 6556
11985 2 2 105 105 6438 6440 6559
11986 2 2 105 105 6505 6437 6559
11987 2 2 105 105 6391 6393 6561
11988 2 2 105 105 6396 6394 6561
11989 2 2 105 105 6442 6444 6564
11990 2 2 105 105 6440 6439 6564
11991 2 2 105 105 6395 6396 6567
11992 2 2 105 105 6464 6463 6567
11993 2 2 105 105 6494 6507 6570
11994 2 2 105 105 6444 6443 6570
11995 2 2 105 105 6459 6464 6574
11996 2 2 105 105 6497 6460 6574
11997 2 2 105 105 6422 6423 6580
11998 2 2 105 105 6507 6506 6580
11999 2 2 105 105 6496 6497 6581
12000 2 2 105 105 6451 6450 6581
12001 2 2 105 105 6423 6421 6582
12002 2 2 105 105 6424 6426 6582
12003 2 2 105 105 6449 6451 6583
12004 2 2 105 105 6473 6452 6583
12005 2 2 105 105 6426 6425 6584
12006 2 2 105 105 6428 6430 6584
12007 2 2 105 105 6472 6473 6585
12008 2 2 105 105 6401 6400 6585
12009 2 2 105 105 6502 6503 6586
12010 2 2 105 105 6430 6429 6586
12011 2 2 105 105 6399 6401 6587
12012 2 2 105 105 6478 6461 6587
12013 2 2 105 105 6503 6454 6588
12014 2 2 105 105 6455 6457 6588
12015 2 2 105 105 6477 6478 6589
12016 2 2 105 105 6434 6433 6589
12017 2 2 105 105 6457 6456 6590
12018 2 2 105 105 6415 6416 6590
12019 2 2 105 105 6432 6434 6591
12020 2 2 105 105 6501 6435 6591
12021 2 2 105 105 6417 6419 6592
12022 2 2 105 105 6416 6414 6592
12023 2 2 105 105 6500 6501 6593
12024 2 2 105 105 6412 6411 6593
12025 2 2 105 105 6419 6418 6594
12026 2 2 105 105 6404 6405 6594
12027 2 2 105 105 6408 6407 6595
12028 2 2 105 105 6410 6412 6595
12029 2 2 105 105 6406 6408 6596
12030 2 2 105 105 6405 6403 6596
12031 2 2 105 105 468 6277 6515
12032 2 2 105 105 6275 469 6515
12033 2 2 105 105 6276 547 6516
12034 2 2 105 105 546 6274 6516
12035 2 2 105 105 470 6275 6517
12036 2 2 105 105 6273 471 6517
12037 2 2 105 105 544 6272 6519
12038 2 2 105 105 6274 545 6519
12039 2 2 105 105 472 6273 6521
12040 2 2 105 105 6271 473 6521
12041 2 2 105 105 542 6270 6523
12042 2 2 105 105 6272 543 6523
12043 2 2 105 105 474 6271 6525
12044 2 2 105 105 6269 475 6525
12045 2 2 105 105 6270 541 6526
12046 2 2 105 105 540 6268 6526
12047 2 2 105 105 476 6269 6528
12048 2 2 105 105 6267 477 6528
12049 2 2 105 105 538 6266 6530
12050 2 2 105 105 6268 539 6530
12051 2 2 105 105 6265 479 6533
12052 2 2 105 105 478 6267 6533
12053 2 2 105 105 6266 537 6535
12054 2 2 105 105 536 6264 6535
12055 2 2 105 105 480 6265 6537
12056 2 2 105 105 6263 481 6537
12057 2 2 105 105 6264 535 6539
12058 2 2 105 105 534 6262 6539
12059 2 2 105 105 482 6263 6541
12060 2 2 105 105 6261 483 6541
12061 2 2 105 105 6262 533 6542
12062 2 2 105 105 532 6260 6542
12063 2 2 105 105 484 6261 6544
12064 2 2 105 105 6259 485 6544
12065 2 2 105 105 6260 531 6546
12066 2 2 105 105 530 6258 6546
12067 2 2 105 105 6257 487 6548
12068 2 2 105 105 486 6259 6548
12069 2 2 105 105 6258 529 6550
12070 2 2 105 105 528 6256 6550
12071 2 2 105 105 6255 489 6551
12072 2 2 105 105 488 6257 6551
12073 2 2 105 105 526 6254 6553
12074 2 2 105 105 6256 527 6553
12075 2 2 105 105 490 6255 6555
12076 2 2 105 105 6253 491 6555
12077 2 2 105 105 6254 525 6557
12078 2 2 105 105 524 6252 6557
12079 2 2 105 105 492 6253 6558
12080 2 2 105 105 6251 493 6558
12081 2 2 105 105 6252 523 6560
12082 2 2 105 105 522 6250 6560
12083 2 2 105 105 6249 495 6562
12084 2 2 105 105 494 6251 6562
12085 2 2 105 105 520 6248 6563
12086 2 2 105 105 6250 521 6563
12087 2 2 105 105 6247 497 6565
12088 2 2 105 105 496 6249 6565
12089 2 2 105 105 518 6246 6566
12090 2 2 105 105 6248 519 6566
12091 2 2 105 105 6245 499 6568
12092 2 2 105 105 498 6247 6568
12093 2 2 105 105 516 6244 6569
12094 2 2 105 105 6246 517 6569
12095 2 2 105 105 6243 501 6571
12096 2 2 105 105 500 6245 6571
12097 2 2 105 105 6244 515 6572
12098 2 2 105 105 514 6242 6572
12099 2 2 105 105 6241 503 6573
12100 2 2 105 105 502 6243 6573
12101 2 2 105 105 6242 513 6575
12102 2 2 105 105 512 6240 6575
12103 2 2 105 105 504 6241 6576
12104 2 2 105 105 6239 505 6576
12105 2 2 105 105 6240 511 6577
12106 2 2 105 105 510 6238 6577
12107 2 2 105 105 506 6239 6578
12108 2 2 105 105 6237 507 6578
12109 2 2 105 105 6238 509 6579
12110 2 2 105 105 508 6237 6579
12111 2 2 105 105 6488 6362 6518
12112 2 2 105 105 6349 6462 6520
12113 2 2 105 105 6361 6364 6522
12114 2 2 105 105 6483 6350 6524
12115 2 2 105 105 469 468 6515
12116 2 2 105 105 6365 6368 6527
12117 2 2 105 105 547 546 6516
12118 2 2 105 105 6387 6386 6529
12119 2 2 105 105 471 470 6517
12120 2 2 105 105 6369 6509 6531
12121 2 2 105 105 545 544 6519
12122 2 2 105 105 6491 6388 6534
12123 2 2 105 105 473 472 6521
12124 2 2 105 105 6383 6384 6536
12125 2 2 105 105 543 542 6523
12126 2 2 105 105 6447 6446 6538
12127 2 2 105 105 475 474 6525
12128 2 2 105 105 6465 6373 6540
12129 2 2 105 105 541 540 6526
12130 2 2 105 105 6354 6474 6543
12131 2 2 105 105 6372 6375 6545
12132 2 2 105 105 477 476 6528
12133 2 2 105 105 6356 6353 6547
12134 2 2 105 105 539 538 6530
12135 2 2 105 105 6376 6379 6549
12136 2 2 105 105 479 478 6533
12137 2 2 105 105 6467 6357 6552
12138 2 2 105 105 537 536 6535
12139 2 2 105 105 6380 6504 6554
12140 2 2 105 105 481 480 6537
12141 2 2 105 105 6392 6468 6556
12142 2 2 105 105 535 534 6539
12143 2 2 105 105 6437 6438 6559
12144 2 2 105 105 483 482 6541
12145 2 2 105 105 6394 6391 6561
12146 2 2 105 105 6439 6442 6564
12147 2 2 105 105 533 532 6542
12148 2 2 105 105 6463 6395 6567
12149 2 2 105 105 485 484 6544
12150 2 2 105 105 6443 6494 6570
12151 2 2 105 105 531 530 6546
12152 2 2 105 105 6460 6459 6574
12153 2 2 105 105 487 486 6548
12154 2 2 105 105 6506 6422 6580
12155 2 2 105 105 6450 6496 6581
12156 2 2 105 105 529 528 6550
12157 2 2 105 105 6421 6424 6582
12158 2 2 105 105 489 488 6551
12159 2 2 105 105 6452 6449 6583
12160 2 2 105 105 6425 6428 6584
12161 2 2 105 105 527 526 6553
12162 2 2 105 105 6400 6472 6585
12163 2 2 105 105 491 490 6555
12164 2 2 105 105 6429 6502 6586
12165 2 2 105 105 6461 6399 6587
12166 2 2 105 105 525 524 6557
12167 2 2 105 105 6454 6455 6588
12168 2 2 105 105 6433 6477 6589
12169 2 2 105 105 493 492 6558
12170 2 2 105 105 6456 6415 6590
12171 2 2 105 105 6435 6432 6591
12172 2 2 105 105 523 522 6560
12173 2 2 105 105 6414 6417 6592
12174 2 2 105 105 6411 6500 6593
12175 2 2 105 105 6418 6404 6594
12176 2 2 105 105 6407 6410 6595
12177 2 2 105 105 6403 6406 6596
12178 2 2 105 105 495 494 6562
12179 2 2 105 105 521 520 6563
12180 2 2 105 105 497 496 6565
12181 2 2 105 105 519 518 6566
12182 2 2 105 105 499 498 6568
12183 2 2 105 105 517 516 6569
12184 2 2 105 105 501 500 6571
12185 2 2 105 105 515 514 6572
12186 2 2 105 105 503 502 6573
12187 2 2 105 105 513 512 6575
12188 2 2 105 105 505 504 6576
12189 2 2 105 105 511 510 6577
12190 2 2 105 105 507 506 6578
12191 2 2 105 105 509 508 6579
12192 2 2 105 105 6329 6603 6617
12193 2 2 105 105 6605 6328 6616
12194 2 2 105 105 6488 6518 6614
12195 2 2 105 105 6329 6344 6601
12196 2 2 105 105 6328 6339 6607
12197 2 2 105 105 6614 6512 6615
12198 2 2 105 105 6334 6281 6340
12199 2 2 105 105 6277 6511 6614
12200 2 2 105 105 1429 64 6612
12201 2 2 105 105 63 1511 6611
12202 2 2 105 105 6487 6488 6611
12203 2 2 105 105 6336 6607 6610
12204 2 2 105 105 6327 6488 6615
12205 2 2 105 105 6604 6600 6605
12206 2 2 105 105 6601 6602 6603
12207 2 2 105 105 571 572 6607
12208 2 2 105 105 6518 6277 6614
12209 2 2 105 105 6330 6346 6613
12210 2 2 105 105 6342 6330 6532
12211 2 2 105 105 6601 6344 6606
12212 2 2 105 105 6511 6512 6614
12213 2 2 105 105 6514 6323 6612
12214 2 2 105 105 572 6328 6607
12215 2 2 105 105 6599 6512 6618
12216 2 2 105 105 6513 6276 6619
12217 2 2 105 105 6331 6279 6599
12218 2 2 105 105 6334 6514 6612
12219 2 2 105 105 1426 63 6236
12220 2 2 105 105 64 1514 6235
12221 2 2 105 105 1428 1427 6605
12222 2 2 105 105 1513 1512 6603
12223 2 2 105 105 1514 1513 6602
12224 2 2 105 105 1427 1426 6604
12225 2 2 105 105 17 587 6617
12226 2 2 105 105 573 15 6616
12227 2 2 105 105 6600 6328 6605
12228 2 2 105 105 6329 6601 6603
12229 2 2 105 105 6276 6520 6619
12230 2 2 105 105 6236 63 6279
12231 2 2 105 105 64 6235 6281
12232 2 2 105 105 6280 6339 6600
12233 2 2 105 105 6280 6335 6339
12234 2 2 105 105 6236 6280 6600
12235 2 2 105 105 6282 6235 6601
12236 2 2 105 105 6280 6279 6331
12237 2 2 105 105 6335 6331 6338
12238 2 2 105 105 6326 465 6345
12239 2 2 105 105 6323 1429 6612
12240 2 2 105 105 1511 6487 6611
12241 2 2 105 105 6236 6600 6604
12242 2 2 105 105 6601 6235 6602
12243 2 2 105 105 6347 6513 6619
12244 2 2 105 105 6282 6601 6606
12245 2 2 105 105 6341 6340 6613
12246 2 2 105 105 6329 588 6344
12247 2 2 105 105 6236 6279 6280
12248 2 2 105 105 6281 6235 6282
12249 2 2 105 105 6280 6331 6335
12250 2 2 105 105 1427 6604 6605
12251 2 2 105 105 6235 1514 6602
12252 2 2 105 105 6602 1513 6603
12253 2 2 105 105 1426 6236 6604
12254 2 2 105 105 6512 6326 6618
12255 2 2 105 105 569 6333 6598
12256 2 2 105 105 6332 591 6597
12257 2 2 105 105 554 6325 6609
12258 2 2 105 105 6324 462 6608
12259 2 2 105 105 6603 1512 6617
12260 2 2 105 105 1428 6605 6616
12261 2 2 105 105 15 1428 6616
12262 2 2 105 105 1512 17 6617
12263 2 2 105 105 6339 6335 6610
12264 2 2 105 105 6326 6345 6618
12265 2 2 105 105 5 555 6597
12266 2 2 105 105 461 8 6598
12267 2 2 6 116 7959 8025 7451
12268 2 2 6 116 7810 7983 7283
12269 2 2 6 116 7108 8112 7251
12270 2 2 6 116 6680 7388 7387
12271 2 2 6 116 1680 7569 1679
12272 2 2 6 116 7383 8040 7117
12273 2 2 6 116 7621 7622 6686
12274 2 2 6 116 6872 8158 6743
12275 2 2 6 116 6629 7680 7624
12276 2 2 6 116 7347 7983 7810
12277 2 2 6 116 6638 7975 7504
12278 2 2 6 116 6656 7589 7587
12279 2 2 6 116 6729 8040 7965
12280 2 2 6 116 1674 7555 1673
12281 2 2 6 116 7399 8100 8033
12282 2 2 6 116 7115 8062 7356
12283 2 2 6 116 7969 8128 6717
12284 2 2 6 116 6736 7806 7345
12285 2 2 6 116 6686 7624 7621
12286 2 2 6 116 7267 7390 7270
12287 2 2 6 116 7083 7318 7086
12288 2 2 6 116 7251 8157 7450
12289 2 2 6 116 7251 7450 7108
12290 2 2 6 116 7231 7853 7228
12291 2 2 6 116 7284 7351 7245
12292 2 2 6 116 7390 7392 7270
12293 2 2 6 116 7729 7795 6688
12294 2 2 6 116 7102 8032 7110
12295 2 2 6 116 7626 7627 6652
12296 2 2 6 116 7810 8005 7347
12297 2 2 6 116 7504 7975 7478
12298 2 2 6 116 7392 8018 7905
12299 2 2 6 116 6691 7735 7734
12300 2 2 6 116 7999 8081 6661
12301 2 2 6 116 6680 7973 7388
12302 2 2 6 116 7453 8034 6735
12303 2 2 6 116 7899 8137 7963
12304 2 2 6 116 7798 7844 7583
12305 2 2 6 116 7111 8165 7112
12306 2 2 6 116 6651 7539 7459
12307 2 2 6 116 7844 8055 7583
12308 2 2 6 116 7874 7937 7836
12309 2 2 6 116 7088 7108 7090
12310 2 2 6 116 9 8081 78
12311 2 2 6 116 73 8080 4
12312 2 2 6 116 7100 8154 7106
12313 2 2 6 116 6634 7995 7817
12314 2 2 6 116 80 8011 12
12315 2 2 6 116 1 8012 71
12316 2 2 6 116 7092 7481 7096
12317 2 2 6 116 7623 7995 6634
12318 2 2 6 116 6690 8005 7810
12319 2 2 6 116 6877 7861 6739
12320 2 2 6 116 6651 7795 7539
12321 2 2 6 116 7359 7483 7358
12322 2 2 6 116 1710 7489 1709
12323 2 2 6 116 7952 8144 7903
12324 2 2 6 116 7409 7954 7476
12325 2 2 6 116 6885 7988 7415
12326 2 2 6 116 7255 7372 7257
12327 2 2 6 116 7905 8018 7940
12328 2 2 6 116 7098 7920 7905
12329 2 2 6 116 7901 8010 7930
12330 2 2 6 116 7942 8043 7941
12331 2 2 6 116 7886 7909 6707
12332 2 2 6 116 7467 7520 7011
12333 2 2 6 116 7934 8046 7933
12334 2 2 6 116 7106 7452 7100
12335 2 2 6 116 7806 7831 7830
12336 2 2 6 116 7102 7110 7109
12337 2 2 6 116 7883 7907 6706
12338 2 2 6 116 7352 7841 7246
12339 2 2 6 116 7241 7284 7245
12340 2 2 6 116 7266 7393 7390
12341 2 2 6 116 7645 7798 7583
12342 2 2 6 116 7364 7871 7807
12343 2 2 6 116 7363 7876 7875
12344 2 2 6 116 6663 7470 7469
12345 2 2 6 116 7569 7973 1679
12346 2 2 6 116 7476 7954 7322
12347 2 2 6 116 7135 7839 7223
12348 2 2 6 116 7469 7863 6663
12349 2 2 6 116 7451 8025 7323
12350 2 2 6 116 6683 7488 7389
12351 2 2 6 116 7370 7876 7363
12352 2 2 6 116 7314 7805 7371
12353 2 2 6 116 6656 7590 7589
12354 2 2 6 116 7273 8133 7276
12355 2 2 6 116 1674 7834 7555
12356 2 2 6 116 7282 8003 7735
12357 2 2 6 116 7245 7352 7246
12358 2 2 6 116 6717 8128 7972
12359 2 2 6 116 7306 7963 7325
12360 2 2 6 116 7881 7944 6708
12361 2 2 6 116 6652 7628 7626
12362 2 2 6 116 7575 8005 7813
12363 2 2 6 116 7391 7918 7809
12364 2 2 6 116 34 8118 721
12365 2 2 6 116 31 8119 670
12366 2 2 6 116 7921 8035 7920
12367 2 2 6 116 7266 7390 7267
12368 2 2 6 116 7850 8003 7282
12369 2 2 6 116 7316 7363 7355
12370 2 2 6 116 7318 7960 7086
12371 2 2 6 116 6677 7798 7645
12372 2 2 6 116 7273 7276 7275
12373 2 2 6 116 7813 7855 7575
12374 2 2 6 116 7079 8040 6729
12375 2 2 6 116 7100 7452 7102
12376 2 2 6 116 7378 7481 7092
12377 2 2 6 116 6668 7693 7553
12378 2 2 6 116 7277 8174 7303
12379 2 2 6 116 7092 7096 7095
12380 2 2 6 116 7963 8137 7325
12381 2 2 6 116 7407 7408 7108
12382 2 2 6 116 7359 8025 7959
12383 2 2 6 116 7378 7408 7250
12384 2 2 6 116 1669 8045 7986
12385 2 2 6 116 7323 8058 7451
12386 2 2 6 116 7624 7680 7621
12387 2 2 6 116 6691 7979 7735
12388 2 2 6 116 7539 7795 7729
12389 2 2 6 116 7986 8045 7404
12390 2 2 6 116 7110 8165 7111
12391 2 2 6 116 7106 8069 7452
12392 2 2 6 116 7311 7395 7312
12393 2 2 6 116 1665 7588 6667
12394 2 2 6 116 7312 7805 7314
12395 2 2 6 116 7829 7971 7675
12396 2 2 6 116 6661 8093 7987
12397 2 2 6 116 7284 7474 7351
12398 2 2 6 116 6886 7415 7414
12399 2 2 6 116 7083 7086 7085
12400 2 2 6 116 6735 8034 6737
12401 2 2 6 116 7270 8109 7271
12402 2 2 6 116 7459 7799 6651
12403 2 2 6 116 7279 8133 7273
12404 2 2 6 116 7123 8079 8008
12405 2 2 6 116 7987 7999 6661
12406 2 2 6 116 7376 7807 7229
12407 2 2 6 116 7135 7223 7222
12408 2 2 6 116 7346 7980 7858
12409 2 2 6 116 7086 8112 7088
12410 2 2 6 116 1654 7630 1653
12411 2 2 6 116 801 7358 51
12412 2 2 6 116 6632 7569 1680
12413 2 2 6 116 7464 7467 7011
12414 2 2 6 116 7858 7980 6654
12415 2 2 6 116 7258 8117 7266
12416 2 2 6 116 7963 8136 7899
12417 2 2 6 116 7224 8106 7288
12418 2 2 6 116 7088 8112 7108
12419 2 2 6 116 6711 7943 7942
12420 2 2 6 116 7112 8168 7111
12421 2 2 6 116 7117 7859 7383
12422 2 2 6 116 7154 7520 7467
12423 2 2 6 116 7096 8154 7100
12424 2 2 6 116 7303 7385 7304
12425 2 2 6 116 1645 7624 1644
12426 2 2 6 116 1673 7555 6679
12427 2 2 6 116 7416 7942 7284
12428 2 2 6 116 7278 8065 7369
12429 2 2 6 116 7223 8106 7224
12430 2 2 6 116 7110 7111 7109
12431 2 2 6 116 7267 7270 7269
12432 2 2 6 116 7302 7799 7459
12433 2 2 6 116 6732 7954 7409
12434 2 2 6 116 7246 7841 7249
12435 2 2 6 116 7363 7836 7364
12436 2 2 6 116 6885 7415 6886
12437 2 2 6 116 7418 7692 6681
12438 2 2 6 116 7288 7412 7357
12439 2 2 6 116 7255 7257 7256
12440 2 2 6 116 7469 7861 7342
12441 2 2 6 116 1636 8048 7957
12442 2 2 6 116 7316 7370 7363
12443 2 2 6 116 7363 7364 7355
12444 2 2 6 116 6629 8073 7680
12445 2 2 6 116 6677 7645 7384
12446 2 2 6 116 7409 7476 6644
12447 2 2 6 116 6626 8134 7873
12448 2 2 6 116 7086 7088 7087
12449 2 2 6 116 6683 7489 7488
12450 2 2 6 116 7276 8174 7277
12451 2 2 6 116 1666 7588 1665
12452 2 2 6 116 7627 7630 6652
12453 2 2 6 116 7287 8170 7882
12454 2 2 6 116 7303 7304 7277
12455 2 2 6 116 6622 8089 7937
12456 2 2 6 116 6627 7689 7386
12457 2 2 6 116 7284 7942 7474
12458 2 2 6 116 7108 7408 7378
12459 2 2 6 116 7905 7906 7392
12460 2 2 6 116 7415 8088 7414
12461 2 2 6 116 7682 8047 6687
12462 2 2 6 116 7238 7416 7284
12463 2 2 6 116 6687 8007 7682
12464 2 2 6 116 6635 7489 1710
12465 2 2 6 116 1709 7489 6683
12466 2 2 6 116 7331 7373 7333
12467 2 2 6 116 7806 8105 7345
12468 2 2 6 116 7353 8150 8063
12469 2 2 6 116 7371 7952 7370
12470 2 2 6 116 8033 8051 7399
12471 2 2 6 116 7258 7266 7265
12472 2 2 6 116 7582 7671 6667
12473 2 2 6 116 7384 7823 6677
12474 2 2 6 116 7881 7883 7882
12475 2 2 6 116 7345 7822 6734
12476 2 2 6 116 7393 7856 7390
12477 2 2 6 116 6998 7778 7405
12478 2 2 6 116 7836 7875 7874
12479 2 2 6 116 7587 7993 6656
12480 2 2 6 116 7108 7378 7090
12481 2 2 6 116 7356 8086 7115
12482 2 2 6 116 7911 8000 7910
12483 2 2 6 116 7553 8085 6668
12484 2 2 6 116 7276 7277 7275
12485 2 2 6 116 7250 7481 7378
12486 2 2 6 116 7302 7833 7799
12487 2 2 6 116 7829 7865 7465
12488 2 2 6 116 1699 7795 1698
12489 2 2 6 116 802 7409 6644
12490 2 2 6 116 54 7357 824
12491 2 2 6 116 7096 7100 7095
12492 2 2 6 116 7927 8174 7329
12493 2 2 6 116 7996 8051 7105
12494 2 2 6 116 6812 7847 7401
12495 2 2 6 116 7483 7960 7318
12496 2 2 6 116 6630 7953 7869
12497 2 2 6 116 1522 7487 1521
12498 2 2 6 116 7449 7833 7302
12499 2 2 6 116 6658 7815 7457
12500 2 2 6 116 7465 7971 7829
12501 2 2 6 116 7345 8105 8061
12502 2 2 6 116 6886 7414 7413
12503 2 2 6 116 7394 7460 7393
12504 2 2 6 116 7957 8048 7751
12505 2 2 6 116 1708 7796 1707
12506 2 2 6 116 7090 7378 7092
12507 2 2 6 116 7817 7840 6634
12508 2 2 6 116 7465 7865 7467
12509 2 2 6 116 7346 7823 7384
12510 2 2 6 116 7345 7827 7822
12511 2 2 6 116 7849 7961 7718
12512 2 2 6 116 7402 7497 6812
12513 2 2 6 116 7389 7796 6683
12514 2 2 6 116 7452 8032 7102
12515 2 2 6 116 7184 7648 7633
12516 2 2 6 116 7476 8025 6644
12517 2 2 6 116 6739 7861 6817
12518 2 2 6 116 7304 7963 7306
12519 2 2 6 116 7988 8064 7950
12520 2 2 6 116 7390 7856 7809
12521 2 2 6 116 6697 7917 7856
12522 2 2 6 116 7456 7840 7817
12523 2 2 6 116 8044 8155 7846
12524 2 2 6 116 7255 7888 7372
12525 2 2 6 116 72 6714 6674
12526 2 2 6 116 6673 6715 10
12527 2 2 6 116 7809 7856 7391
12528 2 2 6 116 7871 7872 7807
12529 2 2 6 116 7417 8059 6665
12530 2 2 6 116 7011 7485 7464
12531 2 2 6 116 7403 8045 6633
12532 2 2 6 116 6665 8027 7417
12533 2 2 6 116 7901 8148 8010
12534 2 2 6 116 7968 8111 6721
12535 2 2 6 116 7246 7249 7248
12536 2 2 6 116 7873 8134 7958
12537 2 2 6 116 7167 7360 7215
12538 2 2 6 116 7901 7902 7317
12539 2 2 6 116 7883 8113 7907
12540 2 2 6 116 7346 7858 7823
12541 2 2 6 116 7194 7590 7193
12542 2 2 6 116 7830 8105 7806
12543 2 2 6 116 1653 7630 6689
12544 2 2 6 116 6652 7630 1654
12545 2 2 6 116 7314 8131 7316
12546 2 2 6 116 7632 7842 7210
12547 2 2 6 116 6877 8022 7861
12548 2 2 6 116 6706 7909 7883
12549 2 2 6 116 7371 8144 7952
12550 2 2 6 116 1644 7624 6686
12551 2 2 6 116 6629 7624 1645
12552 2 2 6 116 7872 8019 7807
12553 2 2 6 116 7254 8169 7255
12554 2 2 6 116 6744 8044 6746
12555 2 2 6 116 7884 7886 7319
12556 2 2 6 116 7622 7623 6686
12557 2 2 6 116 7808 8117 7257
12558 2 2 6 116 7857 8088 7415
12559 2 2 6 116 7360 7399 7215
12560 2 2 6 116 6708 8113 7881
12561 2 2 6 116 7372 7406 7257
12562 2 2 6 116 7923 7924 7894
12563 2 2 6 116 7252 8170 7253
12564 2 2 6 116 7270 7271 7269
12565 2 2 6 116 6688 8099 7729
12566 2 2 6 116 75 8094 6649
12567 2 2 6 116 7813 8005 6690
12568 2 2 6 116 6637 7487 1522
12569 2 2 6 116 7418 8060 7692
12570 2 2 6 116 6636 7412 7411
12571 2 2 6 116 7881 8141 7944
12572 2 2 6 116 7401 7847 7405
12573 2 2 6 116 7918 8143 7809
12574 2 2 6 116 7364 7807 7376
12575 2 2 6 116 7308 8163 7310
12576 2 2 6 116 7075 7842 7077
12577 2 2 6 116 6745 6872 6743
12578 2 2 6 116 8063 8150 7143
12579 2 2 6 116 7405 7499 6998
12580 2 2 6 116 7484 7859 7117
12581 2 2 6 116 7111 8168 7113
12582 2 2 6 116 7303 8174 7927
12583 2 2 6 116 7811 7814 7291
12584 2 2 6 116 6732 7867 7397
12585 2 2 6 116 7398 7868 6733
12586 2 2 6 116 7455 8134 7880
12587 2 2 6 116 7466 8044 7846
12588 2 2 6 116 6663 7820 1519
12589 2 2 6 116 7351 7454 7352
12590 2 2 6 116 6667 8031 7582
12591 2 2 6 116 7113 8102 7135
12592 2 2 6 116 7238 7284 7241
12593 2 2 6 116 7358 7483 7461
12594 2 2 6 116 7385 8136 7963
12595 2 2 6 116 7448 7956 6653
12596 2 2 6 116 7241 7245 7243
12597 2 2 6 116 7413 7660 6886
12598 2 2 6 116 6663 8029 7470
12599 2 2 6 116 7405 7778 7201
12600 2 2 6 116 7627 7633 7631
12601 2 2 6 116 7253 8169 7254
12602 2 2 6 116 7627 7631 7630
12603 2 2 6 116 8111 8116 6721
12604 2 2 6 116 6738 7806 6736
12605 2 2 6 116 7273 8092 7279
12606 2 2 6 116 7311 7396 7395
12607 2 2 6 116 6741 7831 7806
12608 2 2 6 116 7970 8064 7988
12609 2 2 6 116 7387 7989 6680
12610 2 2 6 116 7249 8170 7252
12611 2 2 6 116 7869 7953 7632
12612 2 2 6 116 7888 8169 7319
12613 2 2 6 116 7042 8044 6744
12614 2 2 6 116 7861 8022 7342
12615 2 2 6 116 1698 7795 6651
12616 2 2 6 116 6688 7795 1699
12617 2 2 6 116 7633 7648 7077
12618 2 2 6 116 7184 7633 7627
12619 2 2 6 116 6812 7497 6747
12620 2 2 6 116 7815 8004 7457
12621 2 2 6 116 7558 7559 6628
12622 2 2 6 116 7866 7996 7143
12623 2 2 6 116 7312 8163 7311
12624 2 2 6 116 7373 7972 7333
12625 2 2 6 116 6683 7796 1708
12626 2 2 6 116 1707 7796 6628
12627 2 2 6 116 6733 8009 7955
12628 2 2 6 116 7390 7809 7392
12629 2 2 6 116 12 8011 1631
12630 2 2 6 116 1515 8012 1
12631 2 2 6 116 7333 7479 7335
12632 2 2 6 116 6684 7961 7849
12633 2 2 6 116 7589 7590 7194
12634 2 2 6 116 7193 7590 7404
12635 2 2 6 116 7108 7450 7407
12636 2 2 6 116 7454 8134 7455
12637 2 2 6 116 8008 8088 7123
12638 2 2 6 116 6633 8002 7403
12639 2 2 6 116 7452 8069 7281
12640 2 2 6 116 7351 7352 7245
12641 2 2 6 116 7913 7914 7808
12642 2 2 6 116 7086 7087 7085
12643 2 2 6 116 7911 8138 8000
12644 2 2 6 116 7406 7913 7808
12645 2 2 6 116 7341 7472 7339
12646 2 2 6 116 6752 7485 6787
12647 2 2 6 116 7080 8084 7083
12648 2 2 6 116 7266 7394 7393
12649 2 2 6 116 7886 7887 7319
12650 2 2 6 116 6741 7806 6738
12651 2 2 6 116 7998 8038 1647
12652 2 2 6 116 66 7216 6669
12653 2 2 6 116 6671 7217 67
12654 2 2 6 116 7504 8006 6638
12655 2 2 6 116 6653 8161 7448
12656 2 2 6 116 7362 8081 7999
12657 2 2 6 116 7266 7267 7265
12658 2 2 6 116 7083 8084 7318
12659 2 2 6 116 7223 7224 7222
12660 2 2 6 116 7413 7414 7360
12661 2 2 6 116 6657 7855 7813
12662 2 2 6 116 7588 8031 6667
12663 2 2 6 116 7135 8102 7839
12664 2 2 6 116 7734 8004 6691
12665 2 2 6 116 7488 7489 7367
12666 2 2 6 116 1627 7819 6664
12667 2 2 6 116 7227 7825 7324
12668 2 2 6 116 7322 7826 7236
12669 2 2 6 116 7312 7314 7313
12670 2 2 6 116 7325 8137 8010
12671 2 2 6 116 4 8080 74
12672 2 2 6 116 77 8081 9
12673 2 2 6 116 7291 8071 7811
12674 2 2 6 116 7357 7827 7288
12675 2 2 6 116 7910 8000 6695
12676 2 2 6 116 7077 7842 7633
12677 2 2 6 116 7473 8129 6635
12678 2 2 6 116 7689 7989 7386
12679 2 2 6 116 7828 7837 7616
12680 2 2 6 116 7088 7090 7089
12681 2 2 6 116 7388 7973 7569
12682 2 2 6 116 7856 8096 6697
12683 2 2 6 116 7165 7660 7413
12684 2 2 6 116 6666 7833 7449
12685 2 2 6 116 7314 7316 7315
12686 2 2 6 116 7303 7927 7852
12687 2 2 6 116 7339 8111 7482
12688 2 2 6 116 7331 7999 7373
12689 2 2 6 116 8008 8079 7093
12690 2 2 6 116 7337 8042 7336
12691 2 2 6 116 7330 8041 7331
12692 2 2 6 116 7920 8035 7286
12693 2 2 6 116 7316 7355 7354
12694 2 2 6 116 7130 8041 7981
12695 2 2 6 116 7982 8042 7131
12696 2 2 6 116 7449 7862 6666
12697 2 2 6 116 7631 7842 7632
12698 2 2 6 116 7306 8107 7308
12699 2 2 6 116 6635 8087 7473
12700 2 2 6 116 7880 8141 7455
12701 2 2 6 116 7374 7853 7231
12702 2 2 6 116 7466 7846 7140
12703 2 2 6 116 7113 7135 7134
12704 2 2 6 116 6736 7345 6734
12705 2 2 6 116 7386 8057 6627
12706 2 2 6 116 7555 7834 7554
12707 2 2 6 116 7117 8040 7079
12708 2 2 6 116 6642 6718 722
12709 2 2 6 116 748 6728 6642
12710 2 2 6 116 6645 6716 19
12711 2 2 6 116 6648 7822 50
12712 2 2 6 116 6643 6724 27
12713 2 2 6 116 6649 6730 586
12714 2 2 6 116 6647 6720 643
12715 2 2 6 116 6650 6728 774
12716 2 2 6 116 7396 8046 7395
12717 2 2 6 116 804 6732 803
12718 2 2 6 116 822 6733 821
12719 2 2 6 116 7890 7932 7396
12720 2 2 6 116 7970 8098 8064
12721 2 2 6 116 6628 7796 7558
12722 2 2 6 116 7142 8055 7844
12723 2 2 6 116 7404 8045 7403
12724 2 2 6 116 7805 7936 7371
12725 2 2 6 116 802 6644 801
12726 2 2 6 116 824 6636 823
12727 2 2 6 116 7414 8008 7360
12728 2 2 6 116 6787 7485 7011
12729 2 2 6 116 7464 7485 7462
12730 2 2 6 116 6750 7485 6752
12731 2 2 6 116 7395 7934 7805
12732 2 2 6 116 7853 8086 7356
12733 2 2 6 116 7974 8098 7970
12734 2 2 6 116 6666 7862 7804
12735 2 2 6 116 7140 7971 7466
12736 2 2 6 116 7475 7994 7411
12737 2 2 6 116 7308 8107 7317
12738 2 2 6 116 7027 7116 6959
12739 2 2 6 116 7027 7477 7116
12740 2 2 6 116 7271 8092 7273
12741 2 2 6 116 7257 7258 7256
12742 2 2 6 116 7229 7853 7376
12743 2 2 6 116 7416 8043 7942
12744 2 2 6 116 7412 7475 7411
12745 2 2 6 116 7862 7978 7804
12746 2 2 6 116 7255 7256 7254
12747 2 2 6 116 6663 8050 7820
12748 2 2 6 116 7167 7413 7360
12749 2 2 6 116 7675 7971 7140
12750 2 2 6 116 6959 7988 6885
12751 2 2 6 116 7283 7983 7851
12752 2 2 6 116 1630 7330 1629
12753 2 2 6 116 1517 7336 1516
12754 2 2 6 116 1518 6676 1517
12755 2 2 6 116 1629 6675 1628
12756 2 2 6 116 7253 7254 7252
12757 2 2 6 116 7628 8103 7629
12758 2 2 6 116 7882 8170 7249
12759 2 2 6 116 6654 7980 7682
12760 2 2 6 116 823 7410 822
12761 2 2 6 116 6676 7337 7336
12762 2 2 6 116 7330 7331 6675
12763 2 2 6 116 7255 8169 7888
12764 2 2 6 116 7611 8038 7998
12765 2 2 6 116 7415 7950 7857
12766 2 2 6 116 8035 8115 7279
12767 2 2 6 116 7401 7405 7201
12768 2 2 6 116 7080 7083 7082
12769 2 2 6 116 7559 7803 6628
12770 2 2 6 116 7489 8129 7367
12771 2 2 6 116 7884 7909 7886
12772 2 2 6 116 7167 7215 7201
12773 2 2 6 116 7462 7485 6750
12774 2 2 6 116 6681 7977 7418
12775 2 2 6 116 6682 7840 7456
12776 2 2 6 116 7456 7951 6682
12777 2 2 6 116 7735 7979 7282
12778 2 2 6 116 7249 7252 7248
12779 2 2 6 116 7467 7865 7154
12780 2 2 6 116 7628 8152 8103
12781 2 2 6 116 7210 7869 7632
12782 2 2 6 116 696 8119 31
12783 2 2 6 116 695 8118 34
12784 2 2 6 116 7468 7860 6817
12785 2 2 6 116 6685 7837 7828
12786 2 2 6 116 7304 7306 7305
12787 2 2 6 116 7210 7842 7075
12788 2 2 6 116 7558 7796 7389
12789 2 2 6 116 7827 8061 7288
12790 2 2 6 116 7143 7996 7104
12791 2 2 6 116 1520 6663 1519
12792 2 2 6 116 1627 6664 1626
12793 2 2 6 116 7361 8042 8001
12794 2 2 6 116 7630 7631 6689
12795 2 2 6 116 7122 7486 7280
12796 2 2 6 116 7882 7883 7287
12797 2 2 6 116 7369 8076 8030
12798 2 2 6 116 7411 8009 7410
12799 2 2 6 116 7395 8046 7934
12800 2 2 6 116 6682 7951 7801
12801 2 2 6 116 7395 7805 7312
12802 2 2 6 116 7306 7308 7307
12803 2 2 6 116 7942 7943 7474
12804 2 2 6 116 6748 7462 6750
12805 2 2 6 116 6636 7411 7410
12806 2 2 6 116 7367 7491 7488
12807 2 2 6 116 7324 8009 7994
12808 2 2 6 116 7488 7491 7183
12809 2 2 6 116 7147 7510 7509
12810 2 2 6 116 7009 7508 7146
12811 2 2 6 116 7030 7790 7518
12812 2 2 6 116 7308 7310 7309
12813 2 2 6 116 7631 7632 6689
12814 2 2 6 116 6788 7511 6793
12815 2 2 6 116 7147 7509 7508
12816 2 2 6 116 7510 7786 7783
12817 2 2 6 116 7502 7513 6916
12818 2 2 6 116 6799 7495 7145
12819 2 2 6 116 6916 7513 7511
12820 2 2 6 116 6799 7496 7495
12821 2 2 6 116 6768 7514 6772
12822 2 2 6 116 6958 6959 6885
12823 2 2 6 116 7491 7784 7782
12824 2 2 6 116 7492 7507 6931
12825 2 2 6 116 6852 7512 6881
12826 2 2 6 116 7782 7784 7593
12827 2 2 6 116 6777 7793 6784
12828 2 2 6 116 7147 7508 7009
12829 2 2 6 116 7146 7508 7495
12830 2 2 6 116 7493 7494 6913
12831 2 2 6 116 6931 7518 7492
12832 2 2 6 116 7491 7782 7183
12833 2 2 6 116 6938 7518 6882
12834 2 2 6 116 7507 7781 6931
12835 2 2 6 116 7783 7786 7203
12836 2 2 6 116 6916 7511 6788
12837 2 2 6 116 6793 7511 6799
12838 2 2 6 116 7490 7790 7220
12839 2 2 6 116 6764 7519 6766
12840 2 2 6 116 7203 7785 7202
12841 2 2 6 116 7220 7790 7030
12842 2 2 6 116 6881 7512 7500
12843 2 2 6 116 7203 7786 7785
12844 2 2 6 116 7593 7784 7202
12845 2 2 6 116 7510 7788 7509
12846 2 2 6 116 6819 7788 7510
12847 2 2 6 116 7202 7785 7593
12848 2 2 6 116 7501 7781 7507
12849 2 2 6 116 7147 7786 7510
12850 2 2 6 116 7518 7790 7492
12851 2 2 6 116 6772 7514 6777
12852 2 2 6 116 6913 7514 6768
12853 2 2 6 116 7055 7792 7791
12854 2 2 6 116 6842 7512 6852
12855 2 2 6 116 6913 7519 7493
12856 2 2 6 116 6998 7499 6756
12857 2 2 6 116 7494 7514 6913
12858 2 2 6 116 7787 7788 6807
12859 2 2 6 116 7501 7789 7781
12860 2 2 6 116 6780 7780 7498
12861 2 2 6 116 7495 7508 7145
12862 2 2 6 116 6882 7518 6931
12863 2 2 6 116 7030 7518 6938
12864 2 2 6 116 6881 7500 6958
12865 2 2 6 116 6766 7519 6913
12866 2 2 6 116 6780 7519 6764
12867 2 2 6 116 7514 7793 6777
12868 2 2 6 116 6799 7511 7496
12869 2 2 6 116 7537 7780 7148
12870 2 2 6 116 7498 7519 6780
12871 2 2 6 116 7512 7789 7501
12872 2 2 6 116 6958 7027 6959
12873 2 2 6 116 7148 7780 7506
12874 2 2 6 116 7506 7523 7148
12875 2 2 6 116 7150 7505 7503
12876 2 2 6 116 7503 7506 7150
12877 2 2 6 116 6756 7499 6753
12878 2 2 6 116 6760 7521 6762
12879 2 2 6 116 7503 7523 7506
12880 2 2 6 116 7285 7504 7205
12881 2 2 6 116 7510 7783 6819
12882 2 2 6 116 7498 7780 7537
12883 2 2 6 116 7521 7780 6780
12884 2 2 6 116 7503 7505 6887
12885 2 2 6 116 6958 7500 7028
12886 2 2 6 116 6784 7793 6916
12887 2 2 6 116 6762 7521 6780
12888 2 2 6 116 7150 7521 6760
12889 2 2 6 116 6887 7505 6754
12890 2 2 6 116 7506 7521 7150
12891 2 2 6 116 6758 7505 7150
12892 2 2 6 116 6755 7505 6758
12893 2 2 6 116 7493 7519 7498
12894 2 2 6 116 7207 7507 7492
12895 2 2 6 116 7166 7778 7701
12896 2 2 6 116 6763 7528 6761
12897 2 2 6 116 7057 7779 7775
12898 2 2 6 116 7059 7777 7195
12899 2 2 6 116 7524 7776 7195
12900 2 2 6 116 6912 7516 7515
12901 2 2 6 116 7701 7778 7292
12902 2 2 6 116 7206 7507 7207
12903 2 2 6 116 7528 7776 7524
12904 2 2 6 116 6771 7528 6763
12905 2 2 6 116 6761 7528 6912
12906 2 2 6 116 6912 7524 7516
12907 2 2 6 116 6890 7520 6893
12908 2 2 6 116 6912 7515 6759
12909 2 2 6 116 7201 7778 7166
12910 2 2 6 116 7508 7509 7145
12911 2 2 6 116 7195 7777 7524
12912 2 2 6 116 7517 7777 7162
12913 2 2 6 116 7791 7792 7513
12914 2 2 6 116 6893 7520 7154
12915 2 2 6 116 7511 7513 7496
12916 2 2 6 116 6888 7520 6890
12917 2 2 6 116 6759 7515 6757
12918 2 2 6 116 7509 7788 7787
12919 2 2 6 116 7775 7779 7517
12920 2 2 6 116 7006 7523 6891
12921 2 2 6 116 7515 7516 7293
12922 2 2 6 116 7148 7523 7006
12923 2 2 6 116 6891 7523 6889
12924 2 2 6 116 6770 7515 7293
12925 2 2 6 116 7516 7517 7293
12926 2 2 6 116 7162 7775 7517
12927 2 2 6 116 7162 7777 7059
12928 2 2 6 116 7532 7678 6953
12929 2 2 6 116 7058 7531 7527
12930 2 2 6 116 7055 7772 7522
12931 2 2 6 116 7058 7678 7531
12932 2 2 6 116 7527 7771 7058
12933 2 2 6 116 6949 7678 6947
12934 2 2 6 116 6897 7529 6895
12935 2 2 6 116 7531 7678 7532
12936 2 2 6 116 7532 7774 7772
12937 2 2 6 116 6953 7774 7532
12938 2 2 6 116 7772 7774 7522
12939 2 2 6 116 7526 7771 7527
12940 2 2 6 116 7526 7773 7771
12941 2 2 6 116 6953 7678 6949
12942 2 2 6 116 6947 7678 7058
12943 2 2 6 116 6900 7529 6897
12944 2 2 6 116 6895 7529 7525
12945 2 2 6 116 7529 7773 7526
12946 2 2 6 116 6894 7525 7153
12947 2 2 6 116 7525 7526 7153
12948 2 2 6 116 7688 7774 6953
12949 2 2 6 116 6912 7528 7524
12950 2 2 6 116 6892 7525 6894
12951 2 2 6 116 7007 7530 7012
12952 2 2 6 116 7527 7531 7530
12953 2 2 6 116 7526 7527 7153
12954 2 2 6 116 7525 7529 7526
12955 2 2 6 116 7012 7530 7152
12956 2 2 6 116 7153 7530 7007
12957 2 2 6 116 7527 7530 7153
12958 2 2 6 116 6898 7535 6902
12959 2 2 6 116 6902 7535 6957
12960 2 2 6 116 6896 7535 6898
12961 2 2 6 116 7530 7531 7152
12962 2 2 6 116 6771 7543 7533
12963 2 2 6 116 7149 7537 7013
12964 2 2 6 116 7498 7537 7149
12965 2 2 6 116 6765 7543 6771
12966 2 2 6 116 7013 7537 7008
12967 2 2 6 116 7531 7532 7152
12968 2 2 6 116 7139 7538 7534
12969 2 2 6 116 7534 7538 7157
12970 2 2 6 116 7459 7539 7538
12971 2 2 6 116 7459 7538 7139
12972 2 2 6 116 7157 7557 7534
12973 2 2 6 116 7556 7707 7557
12974 2 2 6 116 7536 7545 6914
12975 2 2 6 116 7557 7707 7534
12976 2 2 6 116 7556 7557 6914
12977 2 2 6 116 6914 7557 7536
12978 2 2 6 116 7545 7661 6907
12979 2 2 6 116 7536 7557 7157
12980 2 2 6 116 7536 7661 7545
12981 2 2 6 116 6899 7545 6907
12982 2 2 6 116 6767 7543 6765
12983 2 2 6 116 7446 7770 7445
12984 2 2 6 116 7541 7722 7639
12985 2 2 6 116 7742 7770 7446
12986 2 2 6 116 7541 7639 6924
12987 2 2 6 116 7543 7708 7533
12988 2 2 6 116 7540 7541 6924
12989 2 2 6 116 7546 7739 6936
12990 2 2 6 116 6914 7545 6901
12991 2 2 6 116 6866 7546 6936
12992 2 2 6 116 6924 7602 7540
12993 2 2 6 116 6936 7739 7548
12994 2 2 6 116 6928 7708 7543
12995 2 2 6 116 7194 7674 7589
12996 2 2 6 116 7548 7602 6936
12997 2 2 6 116 7445 7770 7541
12998 2 2 6 116 7547 7669 7562
12999 2 2 6 116 7540 7602 7548
13000 2 2 6 116 6776 7544 6773
13001 2 2 6 116 6869 7546 6866
13002 2 2 6 116 6869 7547 7542
13003 2 2 6 116 7541 7770 7722
13004 2 2 6 116 6928 7769 7708
13005 2 2 6 116 6864 7602 6862
13006 2 2 6 116 6915 7754 7710
13007 2 2 6 116 7542 7546 6869
13008 2 2 6 116 7547 7562 7542
13009 2 2 6 116 7695 7767 7192
13010 2 2 6 116 6847 7571 6835
13011 2 2 6 116 6776 7638 7544
13012 2 2 6 116 7424 7573 7421
13013 2 2 6 116 7584 7586 7043
13014 2 2 6 116 7544 7769 6928
13015 2 2 6 116 7549 7571 6847
13016 2 2 6 116 7674 7767 7704
13017 2 2 6 116 6936 7602 6864
13018 2 2 6 116 6773 7544 6769
13019 2 2 6 116 6835 7571 6837
13020 2 2 6 116 6862 7602 6924
13021 2 2 6 116 7000 7584 7043
13022 2 2 6 116 7586 7674 7043
13023 2 2 6 116 7753 7765 6876
13024 2 2 6 116 7573 7754 6915
13025 2 2 6 116 7674 7704 7043
13026 2 2 6 116 6832 7726 6833
13027 2 2 6 116 7297 7681 7595
13028 2 2 6 116 6944 7711 6990
13029 2 2 6 116 7589 7674 7586
13030 2 2 6 116 7421 7573 7420
13031 2 2 6 116 7753 7763 7550
13032 2 2 6 116 7595 7682 7297
13033 2 2 6 116 7710 7754 7547
13034 2 2 6 116 7172 7748 7646
13035 2 2 6 116 6942 7711 6944
13036 2 2 6 116 7299 7637 7172
13037 2 2 6 116 6847 7606 7549
13038 2 2 6 116 6826 7698 6828
13039 2 2 6 116 7053 7584 7000
13040 2 2 6 116 6910 7556 6905
13041 2 2 6 116 7761 7762 6991
13042 2 2 6 116 7658 7726 6832
13043 2 2 6 116 7029 7568 7211
13044 2 2 6 116 6919 7767 7695
13045 2 2 6 116 7424 7754 7573
13046 2 2 6 116 7560 7762 7761
13047 2 2 6 116 7597 7606 7598
13048 2 2 6 116 7431 7551 7436
13049 2 2 6 116 7208 7568 7029
13050 2 2 6 116 7572 7634 7420
13051 2 2 6 116 7547 7754 7669
13052 2 2 6 116 7570 7768 7766
13053 2 2 6 116 7603 7757 6810
13054 2 2 6 116 7430 7562 7428
13055 2 2 6 116 7300 7764 7171
13056 2 2 6 116 7434 7562 7430
13057 2 2 6 116 7766 7768 7191
13058 2 2 6 116 7020 7619 6986
13059 2 2 6 116 7563 7564 7158
13060 2 2 6 116 7189 7666 7600
13061 2 2 6 116 7540 7548 7443
13062 2 2 6 116 6971 7561 6974
13063 2 2 6 116 7655 7698 6826
13064 2 2 6 116 7433 7715 7553
13065 2 2 6 116 6920 7574 6956
13066 2 2 6 116 7730 7744 6976
13067 2 2 6 116 7634 7696 7212
13068 2 2 6 116 6910 7707 7556
13069 2 2 6 116 7299 7679 7637
13070 2 2 6 116 6923 7752 6785
13071 2 2 6 116 7637 7748 7172
13072 2 2 6 116 7420 7573 7572
13073 2 2 6 116 7717 7719 7718
13074 2 2 6 116 7049 7714 7136
13075 2 2 6 116 7418 7419 7219
13076 2 2 6 116 7420 7634 7219
13077 2 2 6 116 7601 7677 7600
13078 2 2 6 116 7064 7723 7159
13079 2 2 6 116 6932 7733 7640
13080 2 2 6 116 7181 7558 7389
13081 2 2 6 116 7562 7669 7428
13082 2 2 6 116 7550 7763 7571
13083 2 2 6 116 6979 7607 6988
13084 2 2 6 116 7565 7615 6990
13085 2 2 6 116 6990 7711 7565
13086 2 2 6 116 7368 7594 7118
13087 2 2 6 116 7132 7563 7158
13088 2 2 6 116 7159 7683 7576
13089 2 2 6 116 7296 7681 7297
13090 2 2 6 116 6869 7710 7547
13091 2 2 6 116 6964 7592 6955
13092 2 2 6 116 7212 7696 7026
13093 2 2 6 116 7576 7683 7125
13094 2 2 6 116 7161 7685 7619
13095 2 2 6 116 7368 7595 7594
13096 2 2 6 116 7124 7626 7144
13097 2 2 6 116 7127 7575 7220
13098 2 2 6 116 7428 7669 7425
13099 2 2 6 116 7426 7448 7447
13100 2 2 6 116 7431 7432 7430
13101 2 2 6 116 7440 7442 7441
13102 2 2 6 116 7442 7444 7443
13103 2 2 6 116 7444 7446 7445
13104 2 2 6 116 6860 7639 6855
13105 2 2 6 116 6934 7696 7634
13106 2 2 6 116 7615 7662 6990
13107 2 2 6 116 7182 7762 7560
13108 2 2 6 116 7542 7562 7434
13109 2 2 6 116 7676 7677 7601
13110 2 2 6 116 6848 6849 6820
13111 2 2 6 116 6824 7655 6826
13112 2 2 6 116 6876 7765 7649
13113 2 2 6 116 7016 7651 7162
13114 2 2 6 116 7294 7606 7597
13115 2 2 6 116 7643 7663 7654
13116 2 2 6 116 6828 7698 6832
13117 2 2 6 116 6833 7726 6847
13118 2 2 6 116 6952 6963 6955
13119 2 2 6 116 6955 7592 6967
13120 2 2 6 116 7159 7576 7019
13121 2 2 6 116 7654 7659 7655
13122 2 2 6 116 6793 6798 6794
13123 2 2 6 116 6801 7646 6794
13124 2 2 6 116 6795 6803 6796
13125 2 2 6 116 6813 7656 6814
13126 2 2 6 116 6974 6975 6973
13127 2 2 6 116 7596 7666 7189
13128 2 2 6 116 7600 7666 7599
13129 2 2 6 116 7718 7719 7610
13130 2 2 6 116 6981 7607 6979
13131 2 2 6 116 7626 7628 7144
13132 2 2 6 116 6806 7172 6801
13133 2 2 6 116 7643 7654 6829
13134 2 2 6 116 7579 7580 7053
13135 2 2 6 116 7068 7179 7069
13136 2 2 6 116 6820 7570 6843
13137 2 2 6 116 6854 7694 6844
13138 2 2 6 116 6924 7639 6860
13139 2 2 6 116 6878 7572 6915
13140 2 2 6 116 6982 6983 6981
13141 2 2 6 116 6986 7619 6984
13142 2 2 6 116 7032 7035 7034
13143 2 2 6 116 7259 7714 7051
13144 2 2 6 116 7137 7554 7348
13145 2 2 6 116 7146 7169 7168
13146 2 2 6 116 7758 7759 7188
13147 2 2 6 116 6784 6788 6785
13148 2 2 6 116 6866 6936 6864
13149 2 2 6 116 6980 7697 6993
13150 2 2 6 116 6993 7174 7068
13151 2 2 6 116 7069 7177 6994
13152 2 2 6 116 7188 7189 7066
13153 2 2 6 116 7119 7491 7367
13154 2 2 6 116 7620 7621 7138
13155 2 2 6 116 7300 7757 7603
13156 2 2 6 116 7442 7443 7441
13157 2 2 6 116 6779 7638 6776
13158 2 2 6 116 6788 6789 6785
13159 2 2 6 116 6992 7666 7596
13160 2 2 6 116 7118 7594 7002
13161 2 2 6 116 7194 7767 7674
13162 2 2 6 116 6772 6777 6774
13163 2 2 6 116 6775 7612 7015
13164 2 2 6 116 6921 7178 7070
13165 2 2 6 116 6948 7662 6991
13166 2 2 6 116 6951 7688 6953
13167 2 2 6 116 6954 7688 6951
13168 2 2 6 116 7004 7203 7202
13169 2 2 6 116 7160 7659 7654
13170 2 2 6 116 7654 7663 7160
13171 2 2 6 116 7348 7349 7161
13172 2 2 6 116 7163 7687 7650
13173 2 2 6 116 7604 7637 7177
13174 2 2 6 116 7600 7677 7189
13175 2 2 6 116 7640 7733 7574
13176 2 2 6 116 6778 6779 6776
13177 2 2 6 116 6782 6783 6779
13178 2 2 6 116 6788 6793 6789
13179 2 2 6 116 6797 7676 6795
13180 2 2 6 116 6800 6807 6805
13181 2 2 6 116 6829 7655 6824
13182 2 2 6 116 6832 7698 7658
13183 2 2 6 116 6859 7065 6861
13184 2 2 6 116 6863 7665 6865
13185 2 2 6 116 6915 7710 6870
13186 2 2 6 116 6880 7713 7706
13187 2 2 6 116 6944 6946 6945
13188 2 2 6 116 6947 7058 6945
13189 2 2 6 116 6964 7593 7592
13190 2 2 6 116 7067 7635 6985
13191 2 2 6 116 7294 7597 7074
13192 2 2 6 116 7170 7663 7643
13193 2 2 6 116 7186 7192 7187
13194 2 2 6 116 7192 7193 7187
13195 2 2 6 116 7429 7431 7430
13196 2 2 6 116 7564 7566 7565
13197 2 2 6 116 7599 7666 7665
13198 2 2 6 116 7649 7709 6876
13199 2 2 6 116 6941 7025 7024
13200 2 2 6 116 7591 7614 7163
13201 2 2 6 116 7163 7650 7591
13202 2 2 6 116 7549 7606 7294
13203 2 2 6 116 6783 7690 6969
13204 2 2 6 116 6791 6795 6790
13205 2 2 6 116 6884 7694 6854
13206 2 2 6 116 6865 6866 6864
13207 2 2 6 116 6966 7641 6884
13208 2 2 6 116 6911 6962 6961
13209 2 2 6 116 6976 6977 6975
13210 2 2 6 116 6980 6981 6979
13211 2 2 6 116 7022 7124 7120
13212 2 2 6 116 6794 7646 6789
13213 2 2 6 116 6829 7653 7643
13214 2 2 6 116 7654 7655 6829
13215 2 2 6 116 6923 7748 7605
13216 2 2 6 116 7023 7030 6938
13217 2 2 6 116 7039 7040 7038
13218 2 2 6 116 6786 6790 6783
13219 2 2 6 116 7066 7677 6797
13220 2 2 6 116 6799 7145 6798
13221 2 2 6 116 6803 6808 6804
13222 2 2 6 116 6808 7727 6815
13223 2 2 6 116 6811 6818 6816
13224 2 2 6 116 6843 7603 6816
13225 2 2 6 116 6824 6826 6825
13226 2 2 6 116 6862 6924 6860
13227 2 2 6 116 6861 6863 6862
13228 2 2 6 116 6863 6865 6864
13229 2 2 6 116 6965 6966 6884
13230 2 2 6 116 6965 7031 6966
13231 2 2 6 116 7724 7741 6988
13232 2 2 6 116 7032 7608 7035
13233 2 2 6 116 7184 7626 7124
13234 2 2 6 116 7125 7683 7343
13235 2 2 6 116 7349 7685 7161
13236 2 2 6 116 7170 7642 7641
13237 2 2 6 116 7178 7745 7301
13238 2 2 6 116 7642 7694 7641
13239 2 2 6 116 6849 7570 6820
13240 2 2 6 116 6834 7614 6831
13241 2 2 6 116 6874 6918 6917
13242 2 2 6 116 6875 7709 6937
13243 2 2 6 116 6956 7000 6939
13244 2 2 6 116 6956 7047 7046
13245 2 2 6 116 6973 6989 6972
13246 2 2 6 116 6994 7705 6982
13247 2 2 6 116 6995 7125 7020
13248 2 2 6 116 7046 7053 7000
13249 2 2 6 116 7127 7220 7030
13250 2 2 6 116 7126 7579 7046
13251 2 2 6 116 7047 7262 7126
13252 2 2 6 116 7062 7597 7061
13253 2 2 6 116 7074 7597 7062
13254 2 2 6 116 7187 7723 7064
13255 2 2 6 116 7076 7295 7294
13256 2 2 6 116 7617 7618 7175
13257 2 2 6 116 7192 7767 7194
13258 2 2 6 116 7196 7533 7198
13259 2 2 6 116 7218 7418 7219
13260 2 2 6 116 7295 7549 7294
13261 2 2 6 116 7433 7552 7551
13262 2 2 6 116 7658 7659 7657
13263 2 2 6 116 6775 6776 6773
13264 2 2 6 116 6815 7727 7716
13265 2 2 6 116 6933 7703 7004
13266 2 2 6 116 6974 6976 6975
13267 2 2 6 116 7662 7761 6991
13268 2 2 6 116 7591 7651 7016
13269 2 2 6 116 7046 7579 7053
13270 2 2 6 116 7289 7575 7127
13271 2 2 6 116 7564 7565 7158
13272 2 2 6 116 7181 7389 7183
13273 2 2 6 116 7209 7725 7387
13274 2 2 6 116 7209 7741 7724
13275 2 2 6 116 7419 7420 7219
13276 2 2 6 116 7433 7553 7552
13277 2 2 6 116 7564 7567 7566
13278 2 2 6 116 7606 7726 7598
13279 2 2 6 116 6782 7686 6792
13280 2 2 6 116 6827 7670 6825
13281 2 2 6 116 6845 6854 6844
13282 2 2 6 116 6844 7694 7656
13283 2 2 6 116 6865 6868 6867
13284 2 2 6 116 6868 6871 6870
13285 2 2 6 116 7605 7752 6923
13286 2 2 6 116 6926 6968 6925
13287 2 2 6 116 6944 6990 6946
13288 2 2 6 116 7025 7132 7024
13289 2 2 6 116 7176 7208 7029
13290 2 2 6 116 7052 7728 7214
13291 2 2 6 116 7146 7495 7169
13292 2 2 6 116 7618 7721 7175
13293 2 2 6 116 7423 7424 7421
13294 2 2 6 116 7426 7427 7425
13295 2 2 6 116 7427 7429 7428
13296 2 2 6 116 7432 7435 7434
13297 2 2 6 116 7435 7438 7437
13298 2 2 6 116 7439 7440 7438
13299 2 2 6 116 7445 7540 7443
13300 2 2 6 116 6772 6774 6773
13301 2 2 6 116 6969 7638 6779
13302 2 2 6 116 6906 6960 6940
13303 2 2 6 116 6946 7662 6948
13304 2 2 6 116 7004 7010 7002
13305 2 2 6 116 7161 7619 7020
13306 2 2 6 116 7580 7581 7053
13307 2 2 6 116 7133 7344 7132
13308 2 2 6 116 7343 7554 7137
13309 2 2 6 116 7186 7695 7192
13310 2 2 6 116 7348 7386 7349
13311 2 2 6 116 7650 7687 7652
13312 2 2 6 116 6791 7673 6921
13313 2 2 6 116 6830 6926 6925
13314 2 2 6 116 7163 7614 6834
13315 2 2 6 116 6837 6839 6838
13316 2 2 6 116 6845 6859 6855
13317 2 2 6 116 6871 6878 6870
13318 2 2 6 116 6941 6942 6908
13319 2 2 6 116 6968 7664 6925
13320 2 2 6 116 6926 7591 7016
13321 2 2 6 116 6971 6972 6935
13322 2 2 6 116 6990 7662 6946
13323 2 2 6 116 6967 7071 7009
13324 2 2 6 116 7059 7060 6968
13325 2 2 6 116 7146 7168 7005
13326 2 2 6 116 7017 7185 7171
13327 2 2 6 116 7063 7186 7064
13328 2 2 6 116 7063 7699 7191
13329 2 2 6 116 7186 7187 7064
13330 2 2 6 116 7067 7705 7679
13331 2 2 6 116 7156 7729 7133
13332 2 2 6 116 7539 7729 7156
13333 2 2 6 116 7169 7522 7168
13334 2 2 6 116 7679 7705 7177
13335 2 2 6 116 7198 7200 7199
13336 2 2 6 116 7561 7759 7758
13337 2 2 6 116 6795 7676 6803
13338 2 2 6 116 6808 6815 6813
13339 2 2 6 116 6811 6819 6818
13340 2 2 6 116 6865 7665 6868
13341 2 2 6 116 6905 7556 6903
13342 2 2 6 116 6906 7644 6960
13343 2 2 6 116 7034 7641 6966
13344 2 2 6 116 7060 7664 6968
13345 2 2 6 116 7018 7699 7063
13346 2 2 6 116 7059 7195 7060
13347 2 2 6 116 7384 7579 7126
13348 2 2 6 116 7136 7714 7449
13349 2 2 6 116 7188 7596 7189
13350 2 2 6 116 7550 7765 7753
13351 2 2 6 116 7609 7611 7610
13352 2 2 6 116 1663 7142 1662
13353 2 2 6 116 1665 6667 1664
13354 2 2 6 116 1668 6656 1667
13355 2 2 6 116 1671 6633 1670
13356 2 2 6 116 1673 6679 1672
13357 2 2 6 116 1676 6627 1675
13358 2 2 6 116 1678 6680 1677
13359 2 2 6 116 1681 6632 1680
13360 2 2 6 116 1683 6681 1682
13361 2 2 6 116 1685 6653 1684
13362 2 2 6 116 1688 6668 1687
13363 2 2 6 116 1690 7141 1689
13364 2 2 6 116 6822 7653 6829
13365 2 2 6 116 6831 7614 6830
13366 2 2 6 116 6835 6836 6834
13367 2 2 6 116 6929 7660 7165
13368 2 2 6 116 6960 7675 6999
13369 2 2 6 116 7690 7721 6969
13370 2 2 6 116 6999 7675 7140
13371 2 2 6 116 7302 7459 7139
13372 2 2 6 116 7155 7157 7156
13373 2 2 6 116 6842 6852 6851
13374 2 2 6 116 6934 7572 6878
13375 2 2 6 116 6937 7709 7022
13376 2 2 6 116 6956 7046 7000
13377 2 2 6 116 6977 6980 6979
13378 2 2 6 116 6982 7705 6983
13379 2 2 6 116 6995 7020 6986
13380 2 2 6 116 7017 7171 7018
13381 2 2 6 116 7029 7211 7026
13382 2 2 6 116 7122 7280 7044
13383 2 2 6 116 7063 7191 7186
13384 2 2 6 116 7076 7294 7074
13385 2 2 6 116 7218 7219 7212
13386 2 2 6 116 7301 7744 7730
13387 2 2 6 116 7349 7724 7685
13388 2 2 6 116 7650 7651 7591
13389 2 2 6 116 7598 7658 7657
13390 2 2 6 116 6774 6775 6773
13391 2 2 6 116 6800 6805 6801
13392 2 2 6 116 6808 6809 6804
13393 2 2 6 116 6804 7617 7175
13394 2 2 6 116 6807 6810 6805
13395 2 2 6 116 6813 6814 6809
13396 2 2 6 116 6814 6822 6821
13397 2 2 6 116 6925 7670 6827
13398 2 2 6 116 6873 6874 6849
13399 2 2 6 116 7599 7665 6863
13400 2 2 6 116 6920 7640 7574
13401 2 2 6 116 6922 7652 7613
13402 2 2 6 116 6935 7696 6934
13403 2 2 6 116 7024 7711 6942
13404 2 2 6 116 6948 6950 6949
13405 2 2 6 116 6993 6994 6982
13406 2 2 6 116 7039 7041 7040
13407 2 2 6 116 7065 7716 7601
13408 2 2 6 116 7069 7604 7177
13409 2 2 6 116 7119 7367 7366
13410 2 2 6 116 7128 7289 7127
13411 2 2 6 116 7628 7629 7144
13412 2 2 6 116 7196 7198 7197
13413 2 2 6 116 7423 7426 7425
13414 2 2 6 116 7432 7434 7430
13415 2 2 6 116 7444 7445 7443
13416 2 2 6 116 7550 7571 7549
13417 2 2 6 116 7595 7681 7594
13418 2 2 6 116 7617 7706 7618
13419 2 2 6 116 6786 6791 6790
13420 2 2 6 116 6921 7066 6797
13421 2 2 6 116 6814 7653 6822
13422 2 2 6 116 6845 7716 6859
13423 2 2 6 116 6922 7613 6851
13424 2 2 6 116 6906 6940 6909
13425 2 2 6 116 6961 7707 6910
13426 2 2 6 116 6920 6939 6918
13427 2 2 6 116 6926 7614 7591
13428 2 2 6 116 6933 7004 7002
13429 2 2 6 116 6951 6953 6949
13430 2 2 6 116 6983 7705 7067
13431 2 2 6 116 6999 7121 7044
13432 2 2 6 116 7594 7681 7001
13433 2 2 6 116 7022 7164 7124
13434 2 2 6 116 7209 7387 7208
13435 2 2 6 116 7219 7634 7212
13436 2 2 6 116 7603 7764 7300
13437 2 2 6 116 7431 7436 7432
13438 2 2 6 116 7443 7548 7441
13439 2 2 6 116 7736 7737 7458
13440 2 2 6 116 6775 7015 6778
13441 2 2 6 116 6778 7686 6782
13442 2 2 6 116 6783 6969 6779
13443 2 2 6 116 6791 6921 6797
13444 2 2 6 116 6836 7163 6834
13445 2 2 6 116 6846 7763 7753
13446 2 2 6 116 6886 7660 6857
13447 2 2 6 116 6929 7165 7056
13448 2 2 6 116 6948 6949 6947
13449 2 2 6 116 6963 7045 6964
13450 2 2 6 116 6963 7180 7045
13451 2 2 6 116 6997 7667 7003
13452 2 2 6 116 7139 7534 7050
13453 2 2 6 116 7366 7368 7118
13454 2 2 6 116 7155 7536 7157
13455 2 2 6 116 7180 7182 7181
13456 2 2 6 116 7190 7605 7604
13457 2 2 6 116 7427 7428 7425
13458 2 2 6 116 7429 7430 7428
13459 2 2 6 116 7458 7738 7736
13460 2 2 6 116 1663 7671 7142
13461 2 2 6 116 1671 7691 6633
13462 2 2 6 116 1676 7689 6627
13463 2 2 6 116 1681 7692 6632
13464 2 2 6 116 1683 7672 6681
13465 2 2 6 116 1688 7693 6668
13466 2 2 6 116 6782 6786 6783
13467 2 2 6 116 6917 7570 6849
13468 2 2 6 116 6879 6935 6934
13469 2 2 6 116 6942 6943 6908
13470 2 2 6 116 6930 7652 6922
13471 2 2 6 116 6944 6945 6943
13472 2 2 6 116 6946 6947 6945
13473 2 2 6 116 6950 6951 6949
13474 2 2 6 116 7050 7707 6961
13475 2 2 6 116 6962 7051 7049
13476 2 2 6 116 6987 7017 6996
13477 2 2 6 116 7607 7685 6988
13478 2 2 6 116 7125 7137 7020
13479 2 2 6 116 7137 7348 7161
13480 2 2 6 116 7493 7498 7149
13481 2 2 6 116 7151 7494 7493
13482 2 2 6 116 7164 7709 7649
13483 2 2 6 116 7618 7713 7298
13484 2 2 6 116 7298 7721 7618
13485 2 2 6 116 7343 7555 7554
13486 2 2 6 116 7426 7447 7427
13487 2 2 6 116 7429 7433 7431
13488 2 2 6 116 7435 7437 7434
13489 2 2 6 116 7585 7586 7584
13490 2 2 6 116 7587 7589 7586
13491 2 2 6 116 6819 7702 6818
13492 2 2 6 116 6822 6824 6823
13493 2 2 6 116 6830 7614 6926
13494 2 2 6 116 7613 7687 6838
13495 2 2 6 116 7647 7713 6880
13496 2 2 6 116 7664 7670 6925
13497 2 2 6 116 6952 6954 6951
13498 2 2 6 116 6979 6988 6978
13499 2 2 6 116 7025 7133 7132
13500 2 2 6 116 7047 7574 7296
13501 2 2 6 116 7195 7196 7060
13502 2 2 6 116 7260 7261 7122
13503 2 2 6 116 7170 7643 7642
13504 2 2 6 116 7566 7615 7565
13505 2 2 6 116 7658 7698 7659
13506 2 2 6 116 6790 7690 6783
13507 2 2 6 116 6793 6794 6789
13508 2 2 6 116 6789 7646 6923
13509 2 2 6 116 6793 6799 6798
13510 2 2 6 116 6798 6800 6794
13511 2 2 6 116 6803 6804 6796
13512 2 2 6 116 6804 7175 6796
13513 2 2 6 116 6805 6806 6801
13514 2 2 6 116 6809 7617 6804
13515 2 2 6 116 6814 6821 6809
13516 2 2 6 116 6811 6816 6810
13517 2 2 6 116 6844 7656 6813
13518 2 2 6 116 6814 7656 7653
13519 2 2 6 116 6815 6845 6844
13520 2 2 6 116 6822 6823 6821
13521 2 2 6 116 6821 7706 7617
13522 2 2 6 116 6826 6827 6825
13523 2 2 6 116 6835 6837 6836
13524 2 2 6 116 6836 7687 7163
13525 2 2 6 116 6851 7613 6840
13526 2 2 6 116 7570 7766 6843
13527 2 2 6 116 6848 6927 6873
13528 2 2 6 116 6859 6860 6855
13529 2 2 6 116 6855 7639 6883
13530 2 2 6 116 6861 6862 6860
13531 2 2 6 116 7065 7599 6861
13532 2 2 6 116 6863 6864 6862
13533 2 2 6 116 6868 6870 6867
13534 2 2 6 116 6870 7710 6867
13535 2 2 6 116 6868 7665 6992
13536 2 2 6 116 6904 6905 6903
13537 2 2 6 116 6906 6909 6905
13538 2 2 6 116 6909 6910 6905
13539 2 2 6 116 6911 6961 6910
13540 2 2 6 116 7572 7573 6915
13541 2 2 6 116 6926 7016 6968
13542 2 2 6 116 6997 7003 6940
13543 2 2 6 116 7003 7636 6940
13544 2 2 6 116 6960 6999 6997
13545 2 2 6 116 6974 7730 6976
13546 2 2 6 116 6983 6984 6981
13547 2 2 6 116 6989 7029 7026
13548 2 2 6 116 7044 7667 6997
13549 2 2 6 116 6999 7140 7121
13550 2 2 6 116 7016 7162 7059
13551 2 2 6 116 7064 7159 7019
13552 2 2 6 116 7051 7714 7049
13553 2 2 6 116 7598 7657 7061
13554 2 2 6 116 7073 7577 7210
13555 2 2 6 116 7164 7184 7124
13556 2 2 6 116 7151 7502 7494
13557 2 2 6 116 7200 7298 7199
13558 2 2 6 116 7211 7218 7212
13559 2 2 6 116 7214 7458 7457
13560 2 2 6 116 7280 7668 7667
13561 2 2 6 116 7419 7421 7420
13562 2 2 6 116 7716 7727 7601
13563 2 2 6 116 7608 7680 7609
13564 2 2 6 116 6774 7612 6775
13565 2 2 6 116 6781 7612 6774
13566 2 2 6 116 6828 6830 6827
13567 2 2 6 116 6833 6834 6831
13568 2 2 6 116 6839 6840 6838
13569 2 2 6 116 6839 6841 6840
13570 2 2 6 116 6841 6842 6840
13571 2 2 6 116 6846 6850 6841
13572 2 2 6 116 6848 6873 6849
13573 2 2 6 116 6852 6857 6856
13574 2 2 6 116 6853 6876 6875
13575 2 2 6 116 6857 7660 6856
13576 2 2 6 116 6856 7660 6929
13577 2 2 6 116 6885 6886 6857
13578 2 2 6 116 6874 6920 6918
13579 2 2 6 116 7641 7694 6884
13580 2 2 6 116 6909 6911 6910
13581 2 2 6 116 7057 7173 6930
13582 2 2 6 116 6933 7001 6932
13583 2 2 6 116 6941 7661 7025
13584 2 2 6 116 6991 7700 6950
13585 2 2 6 116 6952 6955 6954
13586 2 2 6 116 6963 6964 6955
13587 2 2 6 116 6967 7592 7071
13588 2 2 6 116 6984 7607 6981
13589 2 2 6 116 6983 7067 6985
13590 2 2 6 116 6985 6987 6986
13591 2 2 6 116 6985 7635 6987
13592 2 2 6 116 6999 7044 6997
13593 2 2 6 116 7002 7594 7001
13594 2 2 6 116 7018 7063 7019
13595 2 2 6 116 7137 7161 7020
13596 2 2 6 116 7132 7158 7024
13597 2 2 6 116 7035 7036 7034
13598 2 2 6 116 7036 7663 7170
13599 2 2 6 116 7040 7657 7160
13600 2 2 6 116 7181 7183 7045
13601 2 2 6 116 7047 7126 7046
13602 2 2 6 116 7608 7609 7048
13603 2 2 6 116 7136 7139 7050
13604 2 2 6 116 7052 7129 7051
13605 2 2 6 116 7196 7197 7060
13606 2 2 6 116 7197 7664 7060
13607 2 2 6 116 7597 7598 7061
13608 2 2 6 116 7072 7577 7073
13609 2 2 6 116 7072 7578 7577
13610 2 2 6 116 7155 7156 7133
13611 2 2 6 116 7157 7538 7156
13612 2 2 6 116 7657 7659 7160
13613 2 2 6 116 7176 7209 7208
13614 2 2 6 116 7389 7488 7183
13615 2 2 6 116 7214 7457 7213
13616 2 2 6 116 7326 7347 7289
13617 2 2 6 116 7580 7583 7582
13618 2 2 6 116 7643 7653 7642
13619 2 2 6 116 7647 7670 7664
13620 2 2 6 116 7172 7646 6801
13621 2 2 6 116 6856 6929 6922
13622 2 2 6 116 6881 6958 6885
13623 2 2 6 116 6921 7070 7066
13624 2 2 6 116 6937 7022 7021
13625 2 2 6 116 7016 7059 6968
13626 2 2 6 116 6987 6995 6986
13627 2 2 6 116 7596 7712 6992
13628 2 2 6 116 6996 7576 6995
13629 2 2 6 116 7052 7213 7129
13630 2 2 6 116 7165 7166 7056
13631 2 2 6 116 7166 7701 7056
13632 2 2 6 116 7173 7651 7650
13633 2 2 6 116 7182 7559 7558
13634 2 2 6 116 7199 7647 7197
13635 2 2 6 116 6784 6916 6788
13636 2 2 6 116 6796 7690 6790
13637 2 2 6 116 6797 7677 7676
13638 2 2 6 116 6820 6843 6816
13639 2 2 6 116 6823 7706 6821
13640 2 2 6 116 6874 6917 6849
13641 2 2 6 116 6881 6885 6857
13642 2 2 6 116 6878 6915 6870
13643 2 2 6 116 6992 7712 6871
13644 2 2 6 116 6874 7640 6920
13645 2 2 6 116 6904 6906 6905
13646 2 2 6 116 6918 6919 6917
13647 2 2 6 116 6927 6933 6932
13648 2 2 6 116 6933 7002 7001
13649 2 2 6 116 7000 7043 6939
13650 2 2 6 116 6960 6997 6940
13651 2 2 6 116 6941 7024 6942
13652 2 2 6 116 6948 6991 6950
13653 2 2 6 116 6967 7005 6954
13654 2 2 6 116 7049 7050 6961
13655 2 2 6 116 6965 7033 7031
13656 2 2 6 116 7032 7034 6966
13657 2 2 6 116 6971 6973 6972
13658 2 2 6 116 6971 6974 6973
13659 2 2 6 116 7010 7118 7002
13660 2 2 6 116 7009 7146 7005
13661 2 2 6 116 7031 7620 7138
13662 2 2 6 116 7035 7608 7048
13663 2 2 6 116 7041 7061 7040
13664 2 2 6 116 7121 7122 7044
13665 2 2 6 116 7129 7259 7051
13666 2 2 6 116 7065 7601 7600
13667 2 2 6 116 7070 7188 7066
13668 2 2 6 116 7190 7604 7069
13669 2 2 6 116 7075 7076 7074
13670 2 2 6 116 7077 7749 7076
13671 2 2 6 116 7119 7366 7118
13672 2 2 6 116 7621 7680 7138
13673 2 2 6 116 7167 7201 7166
13674 2 2 6 116 7198 7199 7197
13675 2 2 6 116 7296 7297 7262
13676 2 2 6 116 7436 7751 7750
13677 2 2 6 116 7442 7456 7444
13678 2 2 6 116 7585 7587 7586
13679 2 2 6 116 7652 7687 7613
13680 2 2 6 116 7620 7622 7621
13681 2 2 6 116 6777 6781 6774
13682 2 2 6 116 6777 6784 6781
13683 2 2 6 116 7015 7686 6778
13684 2 2 6 116 6830 6925 6827
13685 2 2 6 116 6828 6832 6831
13686 2 2 6 116 6833 6835 6834
13687 2 2 6 116 6842 6851 6840
13688 2 2 6 116 6848 7702 6927
13689 2 2 6 116 6859 6861 6860
13690 2 2 6 116 6861 7599 6863
13691 2 2 6 116 6867 7710 6869
13692 2 2 6 116 6932 7640 6873
13693 2 2 6 116 6919 7768 6917
13694 2 2 6 116 6929 6930 6922
13695 2 2 6 116 6927 7703 6933
13696 2 2 6 116 7001 7733 6932
13697 2 2 6 116 6934 7634 7572
13698 2 2 6 116 7021 7023 6938
13699 2 2 6 116 6942 6944 6943
13700 2 2 6 116 6946 6948 6947
13701 2 2 6 116 7031 7032 6966
13702 2 2 6 116 7026 7696 6972
13703 2 2 6 116 6980 6993 6982
13704 2 2 6 116 6995 7576 7125
13705 2 2 6 116 7017 7018 6996
13706 2 2 6 116 7168 7688 7005
13707 2 2 6 116 7171 7699 7018
13708 2 2 6 116 7023 7128 7127
13709 2 2 6 116 7211 7212 7026
13710 2 2 6 116 7170 7641 7034
13711 2 2 6 116 7035 7037 7036
13712 2 2 6 116 7037 7039 7038
13713 2 2 6 116 7041 7717 7072
13714 2 2 6 116 7280 7667 7044
13715 2 2 6 116 7047 7296 7262
13716 2 2 6 116 7609 7610 7048
13717 2 2 6 116 7072 7073 7062
13718 2 2 6 116 7189 7677 7066
13719 2 2 6 116 7068 7625 7179
13720 2 2 6 116 7179 7190 7069
13721 2 2 6 116 7073 7075 7074
13722 2 2 6 116 7075 7077 7076
13723 2 2 6 116 7648 7749 7077
13724 2 2 6 116 7121 7260 7122
13725 2 2 6 116 7650 7652 7173
13726 2 2 6 116 7387 7388 7208
13727 2 2 6 116 7728 7738 7214
13728 2 2 6 116 7327 7417 7326
13729 2 2 6 116 7706 7713 7618
13730 2 2 6 116 6816 7603 6810
13731 2 2 6 116 6903 7556 6914
13732 2 2 6 116 7646 7748 6923
13733 2 2 6 116 6956 7574 7047
13734 2 2 6 116 7665 7666 6992
13735 2 2 6 116 7068 7069 6994
13736 2 2 6 116 7346 7384 7126
13737 2 2 6 116 7629 7732 7144
13738 2 2 6 116 7165 7167 7166
13739 2 2 6 116 7298 7713 7199
13740 2 2 6 116 7433 7551 7431
13741 2 2 6 116 7437 7542 7434
13742 2 2 6 116 7435 7439 7438
13743 2 2 6 116 7580 7582 7581
13744 2 2 6 116 7668 7737 7736
13745 2 2 6 116 6792 7673 6786
13746 2 2 6 116 6856 6922 6851
13747 2 2 6 116 6852 6881 6857
13748 2 2 6 116 6957 7644 6904
13749 2 2 6 116 6929 7056 6930
13750 2 2 6 116 6962 7052 7051
13751 2 2 6 116 6970 7561 6971
13752 2 2 6 116 7004 7703 7203
13753 2 2 6 116 7049 7136 7050
13754 2 2 6 116 7534 7707 7050
13755 2 2 6 116 7056 7701 7057
13756 2 2 6 116 7129 7320 7259
13757 2 2 6 116 7344 7563 7132
13758 2 2 6 116 7151 7493 7149
13759 2 2 6 116 7164 7649 7648
13760 2 2 6 116 7184 7627 7626
13761 2 2 6 116 7533 7708 7198
13762 2 2 6 116 7388 7568 7208
13763 2 2 6 116 7580 7645 7583
13764 2 2 6 116 6667 7671 1664
13765 2 2 6 116 6679 7691 1672
13766 2 2 6 116 6681 7692 1682
13767 2 2 6 116 6653 7672 1684
13768 2 2 6 116 6775 6778 6776
13769 2 2 6 116 6782 6792 6786
13770 2 2 6 116 6789 6923 6785
13771 2 2 6 116 6791 6797 6795
13772 2 2 6 116 6822 6829 6824
13773 2 2 6 116 6825 6880 6823
13774 2 2 6 116 6880 7706 6823
13775 2 2 6 116 6825 7670 6880
13776 2 2 6 116 6840 7613 6838
13777 2 2 6 116 6839 6846 6841
13778 2 2 6 116 6852 6856 6851
13779 2 2 6 116 6853 6875 6858
13780 2 2 6 116 6876 7709 6875
13781 2 2 6 116 6875 6937 6882
13782 2 2 6 116 6904 7644 6906
13783 2 2 6 116 7644 7675 6960
13784 2 2 6 116 6962 7049 6961
13785 2 2 6 116 6976 7697 6977
13786 2 2 6 116 6980 6982 6981
13787 2 2 6 116 6985 6986 6984
13788 2 2 6 116 6984 7619 7607
13789 2 2 6 116 7022 7709 7164
13790 2 2 6 116 7023 7127 7030
13791 2 2 6 116 7174 7625 7068
13792 2 2 6 116 7124 7144 7120
13793 2 2 6 116 7182 7560 7559
13794 2 2 6 116 7198 7708 7200
13795 2 2 6 116 7425 7669 7424
13796 2 2 6 116 7653 7656 7642
13797 2 2 6 116 7659 7698 7655
13798 2 2 6 116 6680 7689 1677
13799 2 2 6 116 6778 6782 6779
13800 2 2 6 116 6800 6801 6794
13801 2 2 6 116 6818 6848 6820
13802 2 2 6 116 6824 6825 6823
13803 2 2 6 116 6826 6828 6827
13804 2 2 6 116 6828 6831 6830
13805 2 2 6 116 6832 6833 6831
13806 2 2 6 116 6845 6855 6854
13807 2 2 6 116 6853 6858 6850
13808 2 2 6 116 6875 6882 6858
13809 2 2 6 116 6927 6932 6873
13810 2 2 6 116 6937 6938 6882
13811 2 2 6 116 6902 6957 6904
13812 2 2 6 116 6950 6952 6951
13813 2 2 6 116 7736 7738 7003
13814 2 2 6 116 7033 7620 7031
13815 2 2 6 116 7048 7719 7037
13816 2 2 6 116 7160 7663 7038
13817 2 2 6 116 7039 7717 7041
13818 2 2 6 116 7061 7657 7040
13819 2 2 6 116 7052 7214 7213
13820 2 2 6 116 7065 7600 7599
13821 2 2 6 116 7262 7346 7126
13822 2 2 6 116 7185 7300 7171
13823 2 2 6 116 7191 7695 7186
13824 2 2 6 116 7192 7194 7193
13825 2 2 6 116 7647 7664 7197
13826 2 2 6 116 7199 7713 7647
13827 2 2 6 116 7295 7550 7549
13828 2 2 6 116 1664 7671 1663
13829 2 2 6 116 1672 7691 1671
13830 2 2 6 116 1677 7689 1676
13831 2 2 6 116 1682 7692 1681
13832 2 2 6 116 1684 7672 1683
13833 2 2 6 116 1689 7693 1688
13834 2 2 6 116 6837 6838 6836
13835 2 2 6 116 7003 7738 7636
13836 2 2 6 116 7164 7648 7184
13837 2 2 6 116 7637 7679 7177
13838 2 2 6 116 7724 7725 7209
13839 2 2 6 116 7605 7748 7604
13840 2 2 6 116 7686 7746 6792
13841 2 2 6 116 6909 7636 6911
13842 2 2 6 116 7019 7576 6996
13843 2 2 6 116 7025 7155 7133
13844 2 2 6 116 7581 7584 7053
13845 2 2 6 116 7495 7496 7169
13846 2 2 6 116 7743 7745 7178
13847 2 2 6 116 7366 7473 7368
13848 2 2 6 116 7560 7761 7616
13849 2 2 6 116 6806 7299 7172
13850 2 2 6 116 6807 6811 6810
13851 2 2 6 116 6808 6813 6809
13852 2 2 6 116 6815 6844 6813
13853 2 2 6 116 6818 7702 6848
13854 2 2 6 116 6838 7687 6836
13855 2 2 6 116 6846 6853 6850
13856 2 2 6 116 6868 6992 6871
13857 2 2 6 116 6871 6879 6878
13858 2 2 6 116 6921 7673 7178
13859 2 2 6 116 7173 7652 6930
13860 2 2 6 116 6977 6979 6978
13861 2 2 6 116 7010 7119 7118
13862 2 2 6 116 7128 7326 7289
13863 2 2 6 116 7538 7539 7156
13864 2 2 6 116 7193 7403 7187
13865 2 2 6 116 7403 7723 7187
13866 2 2 6 116 7422 7423 7421
13867 2 2 6 116 7423 7425 7424
13868 2 2 6 116 7601 7727 7676
13869 2 2 6 116 7636 7738 7728
13870 2 2 6 116 6815 7716 6845
13871 2 2 6 116 6883 6884 6854
13872 2 2 6 116 6880 7670 7647
13873 2 2 6 116 6969 7740 7638
13874 2 2 6 116 6989 7026 6972
13875 2 2 6 116 7747 7760 7185
13876 2 2 6 116 7188 7759 7596
13877 2 2 6 116 7299 7747 7679
13878 2 2 6 116 7056 7057 6930
13879 2 2 6 116 7005 7688 6954
13880 2 2 6 116 6967 7009 7005
13881 2 2 6 116 7071 7147 7009
13882 2 2 6 116 7033 7742 7620
13883 2 2 6 116 7571 7763 6837
13884 2 2 6 116 6940 7636 6909
13885 2 2 6 116 6962 7728 7052
13886 2 2 6 116 6993 7697 7174
13887 2 2 6 116 7018 7019 6996
13888 2 2 6 116 7004 7202 7010
13889 2 2 6 116 7063 7064 7019
13890 2 2 6 116 7022 7120 7021
13891 2 2 6 116 7072 7717 7578
13892 2 2 6 116 7125 7343 7137
13893 2 2 6 116 7128 7731 7327
13894 2 2 6 116 7136 7302 7139
13895 2 2 6 116 7175 7721 7690
13896 2 2 6 116 7299 7760 7747
13897 2 2 6 116 7301 7745 7744
13898 2 2 6 116 7419 7422 7421
13899 2 2 6 116 6833 6847 6835
13900 2 2 6 116 6855 6883 6854
13901 2 2 6 116 6882 6931 6858
13902 2 2 6 116 6883 6965 6884
13903 2 2 6 116 7043 7704 6939
13904 2 2 6 116 6955 6967 6954
13905 2 2 6 116 7031 7138 7032
13906 2 2 6 116 7036 7170 7034
13907 2 2 6 116 7035 7048 7037
13908 2 2 6 116 7040 7160 7038
13909 2 2 6 116 7041 7072 7062
13910 2 2 6 116 7073 7210 7075
13911 2 2 6 116 7133 7729 7344
13912 2 2 6 116 7296 7733 7681
13913 2 2 6 116 7616 7761 7615
13914 2 2 6 116 6879 6970 6935
13915 2 2 6 116 7636 7728 6911
13916 2 2 6 116 6972 7696 6935
13917 2 2 6 116 7610 7719 7048
13918 2 2 6 116 7720 7741 7176
13919 2 2 6 116 7598 7726 7658
13920 2 2 6 116 7656 7694 7642
13921 2 2 6 116 6907 7661 6941
13922 2 2 6 116 6975 7720 6973
13923 2 2 6 116 6989 7720 7176
13924 2 2 6 116 7037 7038 7036
13925 2 2 6 116 7039 7719 7717
13926 2 2 6 116 7041 7062 7061
13927 2 2 6 116 7073 7074 7062
13928 2 2 6 116 7128 7327 7326
13929 2 2 6 116 7214 7738 7458
13930 2 2 6 116 7731 7732 7327
13931 2 2 6 116 7386 7725 7349
13932 2 2 6 116 7349 7725 7724
13933 2 2 6 116 7388 7569 7568
13934 2 2 6 116 7447 7715 7427
13935 2 2 6 116 7437 7739 7546
13936 2 2 6 116 7440 7441 7438
13937 2 2 6 116 7717 7718 7578
13938 2 2 6 116 7585 7588 7587
13939 2 2 6 116 7649 7749 7648
13940 2 2 6 116 7668 7736 7667
13941 2 2 6 116 7175 7690 6796
13942 2 2 6 116 6821 7617 6809
13943 2 2 6 116 6859 7716 7065
13944 2 2 6 116 6867 6869 6866
13945 2 2 6 116 7702 7703 6927
13946 2 2 6 116 6978 7720 6975
13947 2 2 6 116 7681 7733 7001
13948 2 2 6 116 7017 7635 7185
13949 2 2 6 116 7155 7661 7536
13950 2 2 6 116 7159 7684 7683
13951 2 2 6 116 7180 7762 7182
13952 2 2 6 116 7561 7730 6974
13953 2 2 6 116 6988 7741 6978
13954 2 2 6 116 7025 7661 7155
13955 2 2 6 116 7437 7546 7542
13956 2 2 6 116 7445 7541 7540
13957 2 2 6 116 7566 7616 7615
13958 2 2 6 116 7581 7585 7584
13959 2 2 6 116 7141 7693 1689
13960 2 2 6 116 7639 7722 6883
13961 2 2 6 116 6970 6971 6935
13962 2 2 6 116 7667 7736 7003
13963 2 2 6 116 7200 7740 7298
13964 2 2 6 116 6818 6820 6816
13965 2 2 6 116 6871 7712 6879
13966 2 2 6 116 6879 6934 6878
13967 2 2 6 116 6937 7021 6938
13968 2 2 6 116 6973 7720 6989
13969 2 2 6 116 7021 7731 7023
13970 2 2 6 116 7120 7731 7021
13971 2 2 6 116 7038 7663 7036
13972 2 2 6 116 7574 7733 7296
13973 2 2 6 116 7669 7754 7424
13974 2 2 6 116 6769 7544 6928
13975 2 2 6 116 7177 7705 6994
13976 2 2 6 116 7136 7449 7302
13977 2 2 6 116 6846 7753 6853
13978 2 2 6 116 6920 6956 6939
13979 2 2 6 116 7721 7740 6969
13980 2 2 6 116 6902 6904 6903
13981 2 2 6 116 6911 7728 6962
13982 2 2 6 116 6950 7700 6952
13983 2 2 6 116 7612 7756 7015
13984 2 2 6 116 7054 7151 7149
13985 2 2 6 116 7746 7755 7179
13986 2 2 6 116 7438 7739 7437
13987 2 2 6 116 7676 7727 6803
13988 2 2 6 116 7067 7747 7635
13989 2 2 6 116 7673 7743 7178
13990 2 2 6 116 7429 7715 7433
13991 2 2 6 116 6785 7752 6781
13992 2 2 6 116 6907 6941 6908
13993 2 2 6 116 6952 7700 6963
13994 2 2 6 116 7180 7181 7045
13995 2 2 6 116 7182 7558 7181
13996 2 2 6 116 7686 7755 7746
13997 2 2 6 116 6978 7741 7720
13998 2 2 6 116 6983 6985 6984
13999 2 2 6 116 7193 7404 7403
14000 2 2 6 116 6928 7543 6767
14001 2 2 6 116 6977 6978 6975
14002 2 2 6 116 6987 6996 6995
14003 2 2 6 116 6989 7176 7029
14004 2 2 6 116 7037 7719 7039
14005 2 2 6 116 7178 7301 7070
14006 2 2 6 116 7138 7680 7608
14007 2 2 6 116 6977 7697 6980
14008 2 2 6 116 6993 7068 6994
14009 2 2 6 116 7213 7734 7129
14010 2 2 6 116 6772 6773 6769
14011 2 2 6 116 6786 7673 6791
14012 2 2 6 116 6795 6796 6790
14013 2 2 6 116 6792 7743 7673
14014 2 2 6 116 6865 6867 6866
14015 2 2 6 116 6987 7635 7017
14016 2 2 6 116 7138 7608 7032
14017 2 2 6 116 7076 7749 7295
14018 2 2 6 116 7171 7764 7699
14019 2 2 6 116 7176 7741 7209
14020 2 2 6 116 7734 7735 7320
14021 2 2 6 116 6847 7726 7606
14022 2 2 6 116 6803 7727 6808
14023 2 2 6 116 7605 7756 7752
14024 2 2 6 116 6784 6785 6781
14025 2 2 6 116 7695 7768 6919
14026 2 2 6 116 7023 7731 7128
14027 2 2 6 116 7159 7723 7684
14028 2 2 6 116 7755 7756 7190
14029 2 2 6 116 7191 7768 7695
14030 2 2 6 116 7619 7685 7607
14031 2 2 6 116 6963 7700 7180
14032 2 2 6 116 7604 7748 7637
14033 2 2 6 116 7744 7745 7174
14034 2 2 6 116 7427 7715 7429
14035 2 2 6 116 7743 7746 7625
14036 2 2 6 116 6837 7763 6839
14037 2 2 6 116 7129 7734 7320
14038 2 2 6 116 7174 7745 7625
14039 2 2 6 116 6903 6914 6901
14040 2 2 6 116 7625 7746 7179
14041 2 2 6 116 6810 7757 6805
14042 2 2 6 116 6853 7753 6876
14043 2 2 6 116 6976 7744 7697
14044 2 2 6 116 7685 7724 6988
14045 2 2 6 116 7435 7750 7439
14046 2 2 6 116 7620 7742 7622
14047 2 2 6 116 7625 7745 7743
14048 2 2 6 116 7301 7758 7070
14049 2 2 6 116 7615 7761 7662
14050 2 2 6 116 7730 7758 7301
14051 2 2 6 116 7752 7756 7612
14052 2 2 6 116 6873 7640 6874
14053 2 2 6 116 6879 7712 6970
14054 2 2 6 116 7179 7755 7190
14055 2 2 6 116 7015 7756 7755
14056 2 2 6 116 7298 7740 7721
14057 2 2 6 116 7432 7750 7435
14058 2 2 6 116 6965 7722 7033
14059 2 2 6 116 7679 7747 7067
14060 2 2 6 116 7190 7756 7605
14061 2 2 6 116 6939 7704 6918
14062 2 2 6 116 7712 7759 6970
14063 2 2 6 116 7144 7732 7120
14064 2 2 6 116 7436 7750 7432
14065 2 2 6 116 7596 7759 7712
14066 2 2 6 116 6792 7746 7743
14067 2 2 6 116 7185 7760 7300
14068 2 2 6 116 6781 7752 7612
14069 2 2 6 116 7561 7758 7730
14070 2 2 6 116 7015 7755 7686
14071 2 2 6 116 7635 7747 7185
14072 2 2 6 116 7441 7739 7438
14073 2 2 6 116 7300 7760 7757
14074 2 2 6 116 6843 7764 7603
14075 2 2 6 116 6970 7759 7561
14076 2 2 6 116 7722 7770 7033
14077 2 2 6 116 7070 7758 7188
14078 2 2 6 116 7120 7732 7731
14079 2 2 6 116 7697 7744 7174
14080 2 2 6 116 7548 7739 7441
14081 2 2 6 116 7757 7760 6806
14082 2 2 6 116 6883 7722 6965
14083 2 2 6 116 6991 7762 7700
14084 2 2 6 116 6918 7704 6919
14085 2 2 6 116 6806 7760 7299
14086 2 2 6 116 7708 7769 7200
14087 2 2 6 116 7158 7711 7024
14088 2 2 6 116 6839 7763 6846
14089 2 2 6 116 7384 7645 7579
14090 2 2 6 116 6805 7757 6806
14091 2 2 6 116 6917 7768 7570
14092 2 2 6 116 7579 7645 7580
14093 2 2 6 116 7565 7711 7158
14094 2 2 6 116 7649 7765 7749
14095 2 2 6 116 6769 6928 6767
14096 2 2 6 116 6768 6772 6769
14097 2 2 6 116 6907 6908 6900
14098 2 2 6 116 7700 7762 7180
14099 2 2 6 116 6843 7766 7764
14100 2 2 6 116 7014 7055 7054
14101 2 2 6 116 7295 7765 7550
14102 2 2 6 116 7704 7767 6919
14103 2 2 6 116 7699 7766 7191
14104 2 2 6 116 6902 6903 6901
14105 2 2 6 116 7054 7149 7013
14106 2 2 6 116 7749 7765 7295
14107 2 2 6 116 7638 7769 7544
14108 2 2 6 116 7764 7766 7699
14109 2 2 6 116 7740 7769 7638
14110 2 2 6 116 7033 7770 7742
14111 2 2 6 116 7200 7769 7740
14112 2 2 6 116 6899 6907 6900
14113 2 2 6 116 7012 7152 7014
14114 2 2 6 116 6766 6913 6768
14115 2 2 6 116 6898 6902 6901
14116 2 2 6 116 6768 6769 6767
14117 2 2 6 116 7014 7054 7013
14118 2 2 6 116 6901 7545 6899
14119 2 2 6 116 6766 6768 6767
14120 2 2 6 116 7012 7014 7013
14121 2 2 6 116 6899 6900 6897
14122 2 2 6 116 6898 6901 6899
14123 2 2 6 116 6766 6767 6765
14124 2 2 6 116 7012 7013 7008
14125 2 2 6 116 7008 7537 7148
14126 2 2 6 116 6898 6899 6897
14127 2 2 6 116 7008 7148 7006
14128 2 2 6 116 6765 6771 6763
14129 2 2 6 116 6764 6766 6765
14130 2 2 6 116 6896 6898 6897
14131 2 2 6 116 7007 7012 7008
14132 2 2 6 116 7154 7535 6896
14133 2 2 6 116 6764 6765 6763
14134 2 2 6 116 6893 7154 6896
14135 2 2 6 116 6762 6780 6764
14136 2 2 6 116 7007 7008 7006
14137 2 2 6 116 6894 7153 7007
14138 2 2 6 116 6896 6897 6895
14139 2 2 6 116 6762 6764 6763
14140 2 2 6 116 6895 7525 6892
14141 2 2 6 116 6893 6896 6895
14142 2 2 6 116 6894 7007 7006
14143 2 2 6 116 7058 7771 6945
14144 2 2 6 116 6894 7006 6891
14145 2 2 6 116 6893 6895 6892
14146 2 2 6 116 6762 6763 6761
14147 2 2 6 116 6945 7771 6943
14148 2 2 6 116 7516 7777 7517
14149 2 2 6 116 7014 7772 7055
14150 2 2 6 116 6760 6762 6761
14151 2 2 6 116 6892 6894 6891
14152 2 2 6 116 6761 6912 6759
14153 2 2 6 116 6890 6893 6892
14154 2 2 6 116 7532 7772 7152
14155 2 2 6 116 6900 7773 7529
14156 2 2 6 116 6908 7773 6900
14157 2 2 6 116 7152 7772 7014
14158 2 2 6 116 7771 7773 6943
14159 2 2 6 116 7168 7774 7688
14160 2 2 6 116 6943 7773 6908
14161 2 2 6 116 7290 7490 7291
14162 2 2 6 116 6760 6761 6759
14163 2 2 6 116 6770 7293 7292
14164 2 2 6 116 6758 7150 6760
14165 2 2 6 116 6890 6892 6891
14166 2 2 6 116 7522 7774 7168
14167 2 2 6 116 7290 7291 7285
14168 2 2 6 116 7207 7492 7290
14169 2 2 6 116 6770 7292 6998
14170 2 2 6 116 6889 7523 7503
14171 2 2 6 116 6890 6891 6889
14172 2 2 6 116 6758 6760 6759
14173 2 2 6 116 7501 7507 7206
14174 2 2 6 116 7500 7512 7501
14175 2 2 6 116 7207 7290 7285
14176 2 2 6 116 7011 7520 6888
14177 2 2 6 116 6888 6890 6889
14178 2 2 6 116 6757 7515 6770
14179 2 2 6 116 6889 7503 6887
14180 2 2 6 116 6770 6998 6756
14181 2 2 6 116 6758 6759 6757
14182 2 2 6 116 7500 7501 7206
14183 2 2 6 116 7207 7285 7205
14184 2 2 6 116 6888 6889 6887
14185 2 2 6 116 6787 7011 6888
14186 2 2 6 116 6755 6758 6757
14187 2 2 6 116 6757 6770 6756
14188 2 2 6 116 7651 7775 7162
14189 2 2 6 116 7057 7775 7173
14190 2 2 6 116 6771 7776 7528
14191 2 2 6 116 7533 7776 6771
14192 2 2 6 116 7195 7776 7196
14193 2 2 6 116 7701 7779 7057
14194 2 2 6 116 7292 7779 7701
14195 2 2 6 116 7293 7779 7292
14196 2 2 6 116 7173 7775 7651
14197 2 2 6 116 7196 7776 7533
14198 2 2 6 116 7524 7777 7516
14199 2 2 6 116 7292 7778 6998
14200 2 2 6 116 7206 7207 7205
14201 2 2 6 116 7028 7500 7206
14202 2 2 6 116 6787 6888 6887
14203 2 2 6 116 6755 6757 6756
14204 2 2 6 116 7517 7779 7293
14205 2 2 6 116 7205 7504 7204
14206 2 2 6 116 7028 7206 7205
14207 2 2 6 116 6787 6887 6754
14208 2 2 6 116 6754 7505 6755
14209 2 2 6 116 6755 6756 6753
14210 2 2 6 116 7506 7780 7521
14211 2 2 6 116 7028 7205 7204
14212 2 2 6 116 6752 6787 6754
14213 2 2 6 116 6754 6755 6753
14214 2 2 6 116 7399 8051 7400
14215 2 2 6 116 6931 7781 6858
14216 2 2 6 116 6964 7782 7593
14217 2 2 6 116 7183 7782 7045
14218 2 2 6 116 6916 7793 7502
14219 2 2 6 116 6819 7783 7702
14220 2 2 6 116 7703 7783 7203
14221 2 2 6 116 7119 7784 7491
14222 2 2 6 116 7202 7784 7010
14223 2 2 6 116 7028 7204 7027
14224 2 2 6 116 6753 7499 6751
14225 2 2 6 116 6752 6754 6753
14226 2 2 6 116 7465 7467 7464
14227 2 2 6 116 7593 7785 7592
14228 2 2 6 116 6858 7781 6850
14229 2 2 6 116 7045 7782 6964
14230 2 2 6 116 7509 7787 7145
14231 2 2 6 116 7145 7787 6798
14232 2 2 6 116 6800 7787 6807
14233 2 2 6 116 6807 7788 6811
14234 2 2 6 116 6842 7789 7512
14235 2 2 6 116 6841 7789 6842
14236 2 2 6 116 7290 7790 7490
14237 2 2 6 116 7502 7791 7513
14238 2 2 6 116 7513 7792 7496
14239 2 2 6 116 7055 7791 7054
14240 2 2 6 116 7151 7791 7502
14241 2 2 6 116 7522 7792 7055
14242 2 2 6 116 7496 7792 7169
14243 2 2 6 116 7502 7793 7494
14244 2 2 6 116 7702 7783 7703
14245 2 2 6 116 7010 7784 7119
14246 2 2 6 116 7204 7504 7478
14247 2 2 6 116 7781 7789 6850
14248 2 2 6 116 7592 7785 7071
14249 2 2 6 116 7400 8051 7996
14250 2 2 6 116 7785 7786 7071
14251 2 2 6 116 7071 7786 7147
14252 2 2 6 116 6798 7787 6800
14253 2 2 6 116 6811 7788 6819
14254 2 2 6 116 6850 7789 6841
14255 2 2 6 116 7492 7790 7290
14256 2 2 6 116 7054 7791 7151
14257 2 2 6 116 7169 7792 7522
14258 2 2 6 116 7494 7793 7514
14259 2 2 6 116 6958 7028 7027
14260 2 2 6 116 6752 6753 6751
14261 2 2 6 116 7463 7465 7464
14262 2 2 6 116 7261 7486 7122
14263 2 2 6 116 7682 8007 6654
14264 2 2 6 116 7204 7478 7477
14265 2 2 6 116 7204 7477 7027
14266 2 2 6 116 7100 7102 7101
14267 2 2 6 116 6719 8119 6718
14268 2 2 6 116 6750 6752 6751
14269 2 2 6 116 6802 7466 7463
14270 2 2 6 116 7463 7464 7462
14271 2 2 6 116 804 7867 6732
14272 2 2 6 116 6733 7868 821
14273 2 2 6 116 7951 7991 7801
14274 2 2 6 116 7417 8027 6712
14275 2 2 6 116 7359 7959 7483
14276 2 2 6 116 7470 7487 7486
14277 2 2 6 116 6636 7410 823
14278 2 2 6 116 7578 7848 7577
14279 2 2 6 116 7737 8114 7812
14280 2 2 6 116 7342 7863 7469
14281 2 2 6 116 8036 8135 6664
14282 2 2 6 116 7972 8128 7479
14283 2 2 6 116 7333 7972 7479
14284 2 2 6 116 7331 8041 7999
14285 2 2 6 116 7967 8118 6641
14286 2 2 6 116 803 7409 802
14287 2 2 6 116 7102 7109 7104
14288 2 2 6 116 7369 8030 7278
14289 2 2 6 116 8026 8095 7480
14290 2 2 6 116 7350 7974 7824
14291 2 2 6 116 7474 8066 7351
14292 2 2 6 116 7303 7852 7385
14293 2 2 6 116 6750 6751 6749
14294 2 2 6 116 6802 7463 7462
14295 2 2 6 116 7456 7817 7444
14296 2 2 6 116 1634 7800 1633
14297 2 2 6 116 1697 7799 1696
14298 2 2 6 116 1638 6655 1637
14299 2 2 6 116 1651 6630 1650
14300 2 2 6 116 1653 6689 1652
14301 2 2 6 116 1658 6665 1657
14302 2 2 6 116 1660 6712 1659
14303 2 2 6 116 1719 7798 1718
14304 2 2 6 116 1695 6666 1694
14305 2 2 6 116 1700 6688 1699
14306 2 2 6 116 1702 6631 1701
14307 2 2 6 116 1705 6685 1704
14308 2 2 6 116 1693 6713 1692
14309 2 2 6 116 1698 6651 1697
14310 2 2 6 116 1635 6678 1634
14311 2 2 6 116 1640 6682 1639
14312 2 2 6 116 1644 6686 1643
14313 2 2 6 116 1646 6629 1645
14314 2 2 6 116 1649 6684 1648
14315 2 2 6 116 1655 6652 1654
14316 2 2 6 116 1706 7803 1705
14317 2 2 6 116 1707 6628 1706
14318 2 2 6 116 1709 6683 1708
14319 2 2 6 116 1713 6687 1712
14320 2 2 6 116 1715 6654 1714
14321 2 2 6 116 1701 7797 1700
14322 2 2 6 116 1694 7804 1693
14323 2 2 6 116 1642 6634 1641
14324 2 2 6 116 1711 6635 1710
14325 2 2 6 116 1718 6677 1717
14326 2 2 6 116 1650 7802 1649
14327 2 2 6 116 1639 7801 1638
14328 2 2 6 116 6635 8129 7489
14329 2 2 6 116 7812 7816 7737
14330 2 2 6 116 7841 7882 7249
14331 2 2 6 116 7883 7909 7884
14332 2 2 6 116 7331 7333 7332
14333 2 2 6 116 7470 7486 7261
14334 2 2 6 116 11 8011 80
14335 2 2 6 116 71 8012 2
14336 2 2 6 116 7257 8117 7258
14337 2 2 6 116 7333 7335 7334
14338 2 2 6 116 7340 7341 7339
14339 2 2 6 116 7380 8034 7453
14340 2 2 6 116 822 7410 6733
14341 2 2 6 116 7405 7847 7499
14342 2 2 6 116 6740 6741 6738
14343 2 2 6 116 7804 7978 6713
14344 2 2 6 116 6632 7835 7569
14345 2 2 6 116 7937 8089 7836
14346 2 2 6 116 7566 7828 7616
14347 2 2 6 116 7444 7817 7446
14348 2 2 6 116 6678 7800 1634
14349 2 2 6 116 1718 7798 6677
14350 2 2 6 116 1693 7804 6713
14351 2 2 6 116 6651 7799 1697
14352 2 2 6 116 6628 7803 1706
14353 2 2 6 116 1700 7797 6688
14354 2 2 6 116 1705 7803 6685
14355 2 2 6 116 6631 7797 1701
14356 2 2 6 116 6630 7802 1650
14357 2 2 6 116 6682 7801 1639
14358 2 2 6 116 1638 7801 6655
14359 2 2 6 116 1649 7802 6684
14360 2 2 6 116 6666 7804 1694
14361 2 2 6 116 7693 7976 7553
14362 2 2 6 116 7644 7829 7675
14363 2 2 6 116 6743 7831 6741
14364 2 2 6 116 7856 7917 7391
14365 2 2 6 116 7351 7958 7454
14366 2 2 6 116 7400 7996 7402
14367 2 2 6 116 7819 8083 6664
14368 2 2 6 116 6817 7861 7468
14369 2 2 6 116 6637 7985 7487
14370 2 2 6 116 7114 8020 8016
14371 2 2 6 116 1619 6690 1618
14372 2 2 6 116 1622 7811 1621
14373 2 2 6 116 1617 7283 1616
14374 2 2 6 116 1621 6657 1620
14375 2 2 6 116 1624 6638 1623
14376 2 2 6 116 1523 6637 1522
14377 2 2 6 116 1524 7812 1523
14378 2 2 6 116 1526 6658 1525
14379 2 2 6 116 1528 6691 1527
14380 2 2 6 116 1530 7282 1529
14381 2 2 6 116 1618 7810 1617
14382 2 2 6 116 1620 7813 1619
14383 2 2 6 116 1527 7815 1526
14384 2 2 6 116 1623 7814 1622
14385 2 2 6 116 7807 8019 7854
14386 2 2 6 116 1628 7819 1627
14387 2 2 6 116 7920 8074 7905
14388 2 2 6 116 6627 7834 1675
14389 2 2 6 116 8016 8165 7114
14390 2 2 6 116 7978 8003 6713
14391 2 2 6 116 7455 8141 7881
14392 2 2 6 116 7232 7994 7475
14393 2 2 6 116 7569 7835 7568
14394 2 2 6 116 7211 7835 7218
14395 2 2 6 116 7616 7837 7560
14396 2 2 6 116 1519 7820 1518
14397 2 2 6 116 7318 7818 7461
14398 2 2 6 116 1525 7816 1524
14399 2 2 6 116 7245 7246 7243
14400 2 2 6 116 6668 7832 1687
14401 2 2 6 116 7329 8174 8133
14402 2 2 6 116 7317 8145 7308
14403 2 2 6 116 7499 7847 6751
14404 2 2 6 116 6676 7336 1517
14405 2 2 6 116 1629 7330 6675
14406 2 2 6 116 6749 6812 6747
14407 2 2 6 116 7140 7846 7121
14408 2 2 6 116 8030 8076 7114
14409 2 2 6 116 7490 8071 7291
14410 2 2 6 116 7399 7400 7215
14411 2 2 6 116 7215 7401 7201
14412 2 2 6 116 7668 8114 7737
14413 2 2 6 116 7578 7961 7848
14414 2 2 6 116 1626 7794 1625
14415 2 2 6 116 7090 7092 7091
14416 2 2 6 116 7610 7849 7718
14417 2 2 6 116 6677 7823 1717
14418 2 2 6 116 6652 8152 7628
14419 2 2 6 116 1633 7845 1632
14420 2 2 6 116 1720 7844 1719
14421 2 2 6 116 7338 8167 7337
14422 2 2 6 116 7472 8111 7339
14423 2 2 6 116 7083 7085 7084
14424 2 2 6 116 7220 7855 7490
14425 2 2 6 116 7097 7924 7923
14426 2 2 6 116 6709 7928 7927
14427 2 2 6 116 6748 6750 6749
14428 2 2 6 116 1630 7981 7330
14429 2 2 6 116 7336 7982 1516
14430 2 2 6 116 7135 7222 7221
14431 2 2 6 116 7487 8029 1521
14432 2 2 6 116 7469 7470 7261
14433 2 2 6 116 7718 7961 7578
14434 2 2 6 116 7355 7376 7356
14435 2 2 6 116 6802 7462 6748
14436 2 2 6 116 78 8081 6673
14437 2 2 6 116 6674 8080 73
14438 2 2 6 116 1692 7850 1691
14439 2 2 6 116 1661 7851 1660
14440 2 2 6 116 7559 7837 7803
14441 2 2 6 116 7372 8000 7406
14442 2 2 6 116 7846 8155 7860
14443 2 2 6 116 7454 7455 7352
14444 2 2 6 116 7799 7833 1696
14445 2 2 6 116 1695 7833 6666
14446 2 2 6 116 7567 7828 7566
14447 2 2 6 116 7622 7995 7623
14448 2 2 6 116 7165 7413 7167
14449 2 2 6 116 7216 7398 6669
14450 2 2 6 116 6671 7397 7217
14451 2 2 6 116 1717 7823 1716
14452 2 2 6 116 7714 7862 7449
14453 2 2 6 116 7325 8107 7306
14454 2 2 6 116 7803 7837 6685
14455 2 2 6 116 6957 7829 7644
14456 2 2 6 116 1687 7832 1686
14457 2 2 6 116 7271 7273 7272
14458 2 2 6 116 7480 8095 7107
14459 2 2 6 116 7154 7865 7535
14460 2 2 6 116 6690 7810 1618
14461 2 2 6 116 1621 7811 6657
14462 2 2 6 116 1617 7810 7283
14463 2 2 6 116 6657 7813 1620
14464 2 2 6 116 6638 7814 1623
14465 2 2 6 116 1523 7812 6637
14466 2 2 6 116 6691 7815 1527
14467 2 2 6 116 1619 7813 6690
14468 2 2 6 116 1526 7815 6658
14469 2 2 6 116 1622 7814 7811
14470 2 2 6 116 6634 7840 1641
14471 2 2 6 116 1640 7840 6682
14472 2 2 6 116 7442 7951 7456
14473 2 2 6 116 7406 7808 7257
14474 2 2 6 116 7376 7853 7356
14475 2 2 6 116 7487 7985 7486
14476 2 2 6 116 7426 7956 7448
14477 2 2 6 116 7422 7956 7423
14478 2 2 6 116 7801 7991 6655
14479 2 2 6 116 6658 7816 1525
14480 2 2 6 116 1524 7816 7812
14481 2 2 6 116 7317 8148 7901
14482 2 2 6 116 7448 7832 7447
14483 2 2 6 116 7104 7996 7105
14484 2 2 6 116 1675 7834 1674
14485 2 2 6 116 6749 7847 6812
14486 2 2 6 116 7468 7861 7469
14487 2 2 6 116 7555 7990 6679
14488 2 2 6 116 7107 7997 7480
14489 2 2 6 116 7088 7089 7087
14490 2 2 6 116 7466 7971 7463
14491 2 2 6 116 7852 8142 8049
14492 2 2 6 116 7360 8037 7399
14493 2 2 6 116 7273 7275 7274
14494 2 2 6 116 7845 8160 7141
14495 2 2 6 116 7374 8086 7853
14496 2 2 6 116 6665 8059 7629
14497 2 2 6 116 7218 8060 7418
14498 2 2 6 116 7364 8089 7871
14499 2 2 6 116 7568 7835 7211
14500 2 2 6 116 1696 7833 1695
14501 2 2 6 116 7991 8013 6655
14502 2 2 6 116 7379 8118 7967
14503 2 2 6 116 7382 8119 6719
14504 2 2 6 116 1636 7957 1635
14505 2 2 6 116 7092 7095 7094
14506 2 2 6 116 7364 7376 7355
14507 2 2 6 116 7250 7997 7481
14508 2 2 6 116 1678 7973 6680
14509 2 2 6 116 7357 7412 6636
14510 2 2 6 116 6687 8047 7473
14511 2 2 6 116 7457 8054 6658
14512 2 2 6 116 7560 7837 7559
14513 2 2 6 116 7451 8058 7244
14514 2 2 6 116 7883 7884 7287
14515 2 2 6 116 7280 7985 7668
14516 2 2 6 116 6639 8019 7872
14517 2 2 6 116 7876 7952 6693
14518 2 2 6 116 1715 7858 6654
14519 2 2 6 116 7379 7967 7381
14520 2 2 6 116 7682 7980 7297
14521 2 2 6 116 7262 7980 7346
14522 2 2 6 116 7807 7854 7229
14523 2 2 6 116 6630 7869 7848
14524 2 2 6 116 6644 8025 7359
14525 2 2 6 116 7633 7842 7631
14526 2 2 6 116 7881 8113 7883
14527 2 2 6 116 7450 7451 7244
14528 2 2 6 116 7386 7989 7725
14529 2 2 6 116 7684 7990 7683
14530 2 2 6 116 7343 7990 7555
14531 2 2 6 116 7141 8160 7976
14532 2 2 6 116 7691 8156 8002
14533 2 2 6 116 7887 7888 7319
14534 2 2 6 116 6656 7993 1667
14535 2 2 6 116 6685 7864 1704
14536 2 2 6 116 1666 7993 7588
14537 2 2 6 116 7407 8070 7408
14538 2 2 6 116 6695 8000 7939
14539 2 2 6 116 7742 7995 7622
14540 2 2 6 116 7632 7953 6689
14541 2 2 6 116 7981 8011 6715
14542 2 2 6 116 6714 8012 7982
14543 2 2 6 116 1651 7953 6630
14544 2 2 6 116 6689 7953 1652
14545 2 2 6 116 7478 7975 7794
14546 2 2 6 116 1641 7840 1640
14547 2 2 6 116 7335 7859 7484
14548 2 2 6 116 6701 8108 7902
14549 2 2 6 116 6634 8175 7623
14550 2 2 6 116 6620 8139 7887
14551 2 2 6 116 7887 8139 7888
14552 2 2 6 116 7121 7846 7260
14553 2 2 6 116 7410 8009 6733
14554 2 2 6 116 6745 7497 6872
14555 2 2 6 116 7239 7322 7236
14556 2 2 6 116 7227 7324 7230
14557 2 2 6 116 7403 8002 7723
14558 2 2 6 116 6709 7927 7896
14559 2 2 6 116 7097 7923 7921
14560 2 2 6 116 7457 8004 7213
14561 2 2 6 116 7401 8162 6812
14562 2 2 6 116 7347 8005 7289
14563 2 2 6 116 6957 7865 7829
14564 2 2 6 116 7286 8074 7920
14565 2 2 6 116 7279 8115 7895
14566 2 2 6 116 7751 8013 7750
14567 2 2 6 116 7563 8014 7564
14568 2 2 6 116 8010 8148 7325
14569 2 2 6 116 6712 8151 7417
14570 2 2 6 116 7923 8115 8035
14571 2 2 6 116 6751 7847 6749
14572 2 2 6 116 6746 6802 6748
14573 2 2 6 116 1669 7986 1668
14574 2 2 6 116 7999 8041 7362
14575 2 2 6 116 6748 6749 6747
14576 2 2 6 116 7629 8103 6665
14577 2 2 6 116 7823 7858 1716
14578 2 2 6 116 7611 7849 7610
14579 2 2 6 116 7800 7845 1633
14580 2 2 6 116 1719 7844 7798
14581 2 2 6 116 7585 8031 7588
14582 2 2 6 116 7582 8031 7581
14583 2 2 6 116 69 8077 1690
14584 2 2 6 116 1662 8078 70
14585 2 2 6 116 1632 8077 69
14586 2 2 6 116 70 8078 1720
14587 2 2 6 116 7339 8167 7338
14588 2 2 6 116 7260 7468 7261
14589 2 2 6 116 7817 7995 7446
14590 2 2 6 116 7370 8131 7371
14591 2 2 6 116 6742 6743 6741
14592 2 2 6 116 7473 8087 6687
14593 2 2 6 116 7563 8056 8014
14594 2 2 6 116 7878 8043 7234
14595 2 2 6 116 7225 8019 7877
14596 2 2 6 116 1702 7992 6631
14597 2 2 6 116 1516 7982 1515
14598 2 2 6 116 1631 7981 1630
14599 2 2 6 116 1670 8045 1669
14600 2 2 6 116 7595 8047 7682
14601 2 2 6 116 7473 8047 7368
14602 2 2 6 116 821 7868 820
14603 2 2 6 116 805 7867 804
14604 2 2 6 116 6737 8034 6877
14605 2 2 6 116 7348 8057 7386
14606 2 2 6 116 7327 8059 7417
14607 2 2 6 116 7629 8059 7732
14608 2 2 6 116 8028 8098 7974
14609 2 2 6 116 7468 7469 7261
14610 2 2 6 116 7461 7483 7318
14611 2 2 6 116 7575 7855 7220
14612 2 2 6 116 1660 7851 6712
14613 2 2 6 116 6713 7850 1692
14614 2 2 6 116 8002 8156 7684
14615 2 2 6 116 7623 8175 6686
14616 2 2 6 116 7828 7864 6685
14617 2 2 6 116 6630 7848 7802
14618 2 2 6 116 7436 8072 7751
14619 2 2 6 116 6684 7998 1648
14620 2 2 6 116 7116 7970 6959
14621 2 2 6 116 7872 7945 6639
14622 2 2 6 116 6693 7891 7876
14623 2 2 6 116 7924 7925 7894
14624 2 2 6 116 7902 7931 6701
14625 2 2 6 116 7921 7922 7097
14626 2 2 6 116 7896 7926 6709
14627 2 2 6 116 7914 7915 6696
14628 2 2 6 116 7887 7889 6620
14629 2 2 6 116 7715 8085 7553
14630 2 2 6 116 1647 8038 1646
14631 2 2 6 116 1685 8161 6653
14632 2 2 6 116 7814 8006 7291
14633 2 2 6 116 7267 7269 7268
14634 2 2 6 116 7326 8151 7347
14635 2 2 6 116 6746 8044 6802
14636 2 2 6 116 7329 8133 7895
14637 2 2 6 116 7366 8129 7473
14638 2 2 6 116 7839 7962 7223
14639 2 2 6 116 1637 8048 1636
14640 2 2 6 116 1713 8007 6687
14641 2 2 6 116 6654 8007 1714
14642 2 2 6 116 7418 7977 7419
14643 2 2 6 116 1716 7858 1715
14644 2 2 6 116 7794 7975 1625
14645 2 2 6 116 8001 8052 7361
14646 2 2 6 116 7824 8135 8036
14647 2 2 6 116 7577 7869 7210
14648 2 2 6 116 7846 7860 7260
14649 2 2 6 116 6727 7453 6735
14650 2 2 6 116 7259 7862 7714
14651 2 2 6 116 7906 8074 7286
14652 2 2 6 116 6712 8027 1659
14653 2 2 6 116 1658 8027 6665
14654 2 2 6 116 7113 7134 7111
14655 2 2 6 116 7351 8066 7958
14656 2 2 6 116 7582 8055 7671
14657 2 2 6 116 7312 7313 7310
14658 2 2 6 116 7981 8041 7330
14659 2 2 6 116 7336 8042 7982
14660 2 2 6 116 6733 7955 7398
14661 2 2 6 116 1624 7975 6638
14662 2 2 6 116 6669 7825 6670
14663 2 2 6 116 6672 7826 6671
14664 2 2 6 116 6649 8094 7377
14665 2 2 6 116 1528 7979 6691
14666 2 2 6 116 7282 7979 1529
14667 2 2 6 116 7397 7954 6732
14668 2 2 6 116 6670 7825 7227
14669 2 2 6 116 7236 7826 6672
14670 2 2 6 116 7794 8135 7478
14671 2 2 6 116 6711 8171 7943
14672 2 2 6 116 7751 8048 8013
14673 2 2 6 116 6668 8085 7832
14674 2 2 6 116 7535 7865 6957
14675 2 2 6 116 7962 8106 7223
14676 2 2 6 116 7860 8024 6817
14677 2 2 6 116 7392 8143 8018
14678 2 2 6 116 7419 7977 7422
14679 2 2 6 116 7809 8143 7392
14680 2 2 6 116 1704 7864 1703
14681 2 2 6 116 7329 7895 7893
14682 2 2 6 116 7440 7951 7442
14683 2 2 6 116 7868 8147 820
14684 2 2 6 116 805 8146 7867
14685 2 2 6 116 6687 8087 1712
14686 2 2 6 116 1711 8087 6635
14687 2 2 6 116 6686 8175 1643
14688 2 2 6 116 1642 8175 6634
14689 2 2 6 116 1691 8090 65
14690 2 2 6 116 68 8091 1661
14691 2 2 6 116 6665 8103 1657
14692 2 2 6 116 7896 7927 7329
14693 2 2 6 116 7848 7961 7802
14694 2 2 6 116 1655 8152 6652
14695 2 2 6 116 7478 8135 7477
14696 2 2 6 116 65 8090 1530
14697 2 2 6 116 1616 8091 68
14698 2 2 6 116 6713 8003 7850
14699 2 2 6 116 7691 8002 6633
14700 2 2 6 116 7423 7956 7426
14701 2 2 6 116 7832 8161 1686
14702 2 2 6 116 7877 7946 7225
14703 2 2 6 116 7234 7949 7878
14704 2 2 6 116 7259 7978 7862
14705 2 2 6 116 1652 7953 1651
14706 2 2 6 116 7285 8006 7504
14707 2 2 6 116 7310 8163 7312
14708 2 2 6 116 7448 8161 7832
14709 2 2 6 116 824 7357 6636
14710 2 2 6 116 7567 7864 7828
14711 2 2 6 116 7116 7974 7970
14712 2 2 6 116 7914 8173 7808
14713 2 2 6 116 7825 7955 7324
14714 2 2 6 116 7314 7315 7313
14715 2 2 6 116 7477 7824 7116
14716 2 2 6 116 7316 7354 7315
14717 2 2 6 116 7375 8086 7374
14718 2 2 6 116 7275 8065 7278
14719 2 2 6 116 7322 7954 7826
14720 2 2 6 116 7355 7356 7354
14721 2 2 6 116 6734 7822 6648
14722 2 2 6 116 7392 7906 7270
14723 2 2 6 116 7893 7896 7329
14724 2 2 6 116 1635 7957 6678
14725 2 2 6 116 7112 8165 8016
14726 2 2 6 116 7943 8066 7474
14727 2 2 6 116 6656 7986 7590
14728 2 2 6 116 7832 8085 7447
14729 2 2 6 116 7335 7484 7350
14730 2 2 6 116 7902 7984 7317
14731 2 2 6 116 6719 7383 7382
14732 2 2 6 116 6714 7131 6674
14733 2 2 6 116 6673 7130 6715
14734 2 2 6 116 7567 7992 7864
14735 2 2 6 116 7460 8096 7393
14736 2 2 6 116 7440 7991 7951
14737 2 2 6 116 7463 7971 7465
14738 2 2 6 116 7216 8147 7868
14739 2 2 6 116 7867 8146 7217
14740 2 2 6 116 8110 8160 7800
14741 2 2 6 116 7279 8092 8035
14742 2 2 6 116 7141 7976 7693
14743 2 2 6 116 7947 8023 6696
14744 2 2 6 116 7258 7265 7264
14745 2 2 6 116 7849 7998 6684
14746 2 2 6 116 7552 8160 8110
14747 2 2 6 116 1668 7986 6656
14748 2 2 6 116 1679 7973 1678
14749 2 2 6 116 6727 7964 7453
14750 2 2 6 116 8001 8042 7337
14751 2 2 6 116 6680 7989 7689
14752 2 2 6 116 7470 8029 7487
14753 2 2 6 116 7553 7976 7552
14754 2 2 6 116 7117 8028 7484
14755 2 2 6 116 721 8118 6722
14756 2 2 6 116 670 8119 6643
14757 2 2 6 116 7344 8056 7563
14758 2 2 6 116 7475 8106 7962
14759 2 2 6 116 7672 7977 6681
14760 2 2 6 116 7802 7961 6684
14761 2 2 6 116 7486 7985 7280
14762 2 2 6 116 7320 7978 7259
14763 2 2 6 116 7363 7875 7836
14764 2 2 6 116 7590 7986 7404
14765 2 2 6 116 7297 7980 7262
14766 2 2 6 116 7304 7305 7277
14767 2 2 6 116 7680 8073 7609
14768 2 2 6 116 7497 7866 6872
14769 2 2 6 116 7588 7993 7587
14770 2 2 6 116 7109 8063 7143
14771 2 2 6 116 8037 8100 7399
14772 2 2 6 116 7373 7987 7966
14773 2 2 6 116 7375 8132 8086
14774 2 2 6 116 7864 7992 1703
14775 2 2 6 116 7400 7401 7215
14776 2 2 6 116 7848 7869 7577
14777 2 2 6 116 7291 8006 7285
14778 2 2 6 116 7130 7981 6715
14779 2 2 6 116 6714 7982 7131
14780 2 2 6 116 7451 8157 7959
14781 2 2 6 116 8022 8034 7471
14782 2 2 6 116 7321 8082 7221
14783 2 2 6 116 1625 7975 1624
14784 2 2 6 116 7458 8054 7457
14785 2 2 6 116 7751 8072 7957
14786 2 2 6 116 7347 8151 7983
14787 2 2 6 116 7471 8034 7380
14788 2 2 6 116 7992 8014 6631
14789 2 2 6 116 7083 7084 7082
14790 2 2 6 116 7725 7989 7387
14791 2 2 6 116 7683 7990 7343
14792 2 2 6 116 7439 7991 7440
14793 2 2 6 116 1529 7979 1528
14794 2 2 6 116 7135 7221 7134
14795 2 2 6 116 7994 8009 7411
14796 2 2 6 116 7484 8028 7974
14797 2 2 6 116 7100 7101 7095
14798 2 2 6 116 6691 8004 7815
14799 2 2 6 116 7341 8022 7471
14800 2 2 6 116 7266 8117 7394
14801 2 2 6 116 1667 7993 1666
14802 2 2 6 116 7323 7476 7322
14803 2 2 6 116 1703 7992 1702
14804 2 2 6 116 6664 7794 1626
14805 2 2 6 116 7320 8003 7978
14806 2 2 6 116 8017 8062 7115
14807 2 2 6 116 7311 7984 7396
14808 2 2 6 116 6744 6745 6743
14809 2 2 6 116 7583 8055 7582
14810 2 2 6 116 7446 7995 7742
14811 2 2 6 116 7235 8130 7238
14812 2 2 6 116 7316 8131 7370
14813 2 2 6 116 7081 8028 7117
14814 2 2 6 116 6747 7497 6745
14815 2 2 6 116 7402 7996 7866
14816 2 2 6 116 7729 8099 7344
14817 2 2 6 116 7824 7974 7116
14818 2 2 6 116 7306 7307 7305
14819 2 2 6 116 7977 8166 7422
14820 2 2 6 116 7412 8106 7475
14821 2 2 6 116 7308 7309 7307
14822 2 2 6 116 7344 8099 8056
14823 2 2 6 116 7090 7091 7089
14824 2 2 6 116 7439 8013 7991
14825 2 2 6 116 7482 8167 7339
14826 2 2 6 116 7884 8101 7287
14827 2 2 6 116 7246 7248 7247
14828 2 2 6 116 6746 6748 6747
14829 2 2 6 116 1601 7948 1600
14830 2 2 6 116 1562 7947 1561
14831 2 2 6 116 1533 7949 1532
14832 2 2 6 116 1609 7870 1608
14833 2 2 6 116 1563 7916 1562
14834 2 2 6 116 1597 7933 1596
14835 2 2 6 116 1534 7878 1533
14836 2 2 6 116 1536 7941 1535
14837 2 2 6 116 1545 7944 1544
14838 2 2 6 116 1554 7938 1553
14839 2 2 6 116 1543 7879 1542
14840 2 2 6 116 1565 7917 1564
14841 2 2 6 116 1599 7935 1598
14842 2 2 6 116 1604 7891 1603
14843 2 2 6 116 1584 7897 1583
14844 2 2 6 116 1586 7898 1585
14845 2 2 6 116 1602 7903 1601
14846 2 2 6 116 1569 7940 1568
14847 2 2 6 116 1549 7908 1548
14848 2 2 6 116 66 6659 1614
14849 2 2 6 116 1606 7874 1605
14850 2 2 6 116 1613 7877 1612
14851 2 2 6 116 1568 6624 1567
14852 2 2 6 116 1548 6706 1547
14853 2 2 6 116 1550 6707 1549
14854 2 2 6 116 1564 6697 1563
14855 2 2 6 116 1575 7097 1574
14856 2 2 6 116 1579 7892 1578
14857 2 2 6 116 1591 7900 1590
14858 2 2 6 116 1593 6701 1592
14859 2 2 6 116 1596 6625 1595
14860 2 2 6 116 1598 6692 1597
14861 2 2 6 116 1542 6626 1541
14862 2 2 6 116 1544 6705 1543
14863 2 2 6 116 1546 6708 1545
14864 2 2 6 116 1553 6620 1552
14865 2 2 6 116 1540 6704 1539
14866 2 2 6 116 1566 7391 1565
14867 2 2 6 116 1571 7904 1570
14868 2 2 6 116 1557 7911 1556
14869 2 2 6 116 1558 6698 1557
14870 2 2 6 116 1561 6696 1560
14871 2 2 6 116 1547 7907 1546
14872 2 2 6 116 1551 7885 1550
14873 2 2 6 116 1552 7889 1551
14874 2 2 6 116 1555 6695 1554
14875 2 2 6 116 1556 7910 1555
14876 2 2 6 116 1559 7912 1558
14877 2 2 6 116 1560 7915 1559
14878 2 2 6 116 1567 7918 1566
14879 2 2 6 116 1570 7103 1569
14880 2 2 6 116 1572 7098 1571
14881 2 2 6 116 1573 7919 1572
14882 2 2 6 116 1574 7922 1573
14883 2 2 6 116 1576 7924 1575
14884 2 2 6 116 1577 7925 1576
14885 2 2 6 116 1578 7099 1577
14886 2 2 6 116 1580 7926 1579
14887 2 2 6 116 1581 6709 1580
14888 2 2 6 116 1582 7928 1581
14889 2 2 6 116 1583 6621 1582
14890 2 2 6 116 1585 6699 1584
14891 2 2 6 116 1587 6702 1586
14892 2 2 6 116 1588 7929 1587
14893 2 2 6 116 1589 7930 1588
14894 2 2 6 116 1590 6700 1589
14895 2 2 6 116 1592 7931 1591
14896 2 2 6 116 1594 7890 1593
14897 2 2 6 116 1595 7932 1594
14898 2 2 6 116 1600 6703 1599
14899 2 2 6 116 1603 6693 1602
14900 2 2 6 116 1605 6694 1604
14901 2 2 6 116 1607 7937 1606
14902 2 2 6 116 1608 6622 1607
14903 2 2 6 116 1610 6710 1609
14904 2 2 6 116 1611 7945 1610
14905 2 2 6 116 1612 6639 1611
14906 2 2 6 116 1614 7946 1613
14907 2 2 6 116 1532 6623 67
14908 2 2 6 116 1535 6660 1534
14909 2 2 6 116 1537 6711 1536
14910 2 2 6 116 1541 7873 1540
14911 2 2 6 116 67 7217 1615
14912 2 2 6 116 1531 7216 66
14913 2 2 6 116 7221 8082 7353
14914 2 2 6 116 7102 7104 7101
14915 2 2 6 116 7331 7332 6675
14916 2 2 6 116 6676 7338 7337
14917 2 2 6 116 7932 8046 7396
14918 2 2 6 116 1648 7998 1647
14919 2 2 6 116 7888 7939 7372
14920 2 2 6 116 7109 7143 7104
14921 2 2 6 116 7723 8002 7684
14922 2 2 6 116 7735 8003 7320
14923 2 2 6 116 7394 8023 7460
14924 2 2 6 116 820 8147 53
14925 2 2 6 116 52 8146 805
14926 2 2 6 116 7233 7374 7231
14927 2 2 6 116 7692 8060 6632
14928 2 2 6 116 7213 8004 7734
14929 2 2 6 116 6627 8057 7834
14930 2 2 6 116 7333 7334 7332
14931 2 2 6 116 7338 7340 7339
14932 2 2 6 116 7289 8005 7575
14933 2 2 6 116 7737 8054 7458
14934 2 2 6 116 7340 7342 7341
14935 2 2 6 116 7335 7350 7334
14936 2 2 6 116 7902 8108 7984
14937 2 2 6 116 7611 7998 7849
14938 2 2 6 116 7238 8130 7416
14939 2 2 6 116 7960 8112 7086
14940 2 2 6 116 7143 8150 7866
14941 2 2 6 116 7313 8015 7310
14942 2 2 6 116 7345 8061 7827
14943 2 2 6 116 6644 7359 7358
14944 2 2 6 116 6740 6742 6741
14945 2 2 6 116 1714 8007 1713
14946 2 2 6 116 7750 8013 7439
14947 2 2 6 116 7271 7272 7269
14948 2 2 6 116 7564 8014 7567
14949 2 2 6 116 7854 8019 7225
14950 2 2 6 116 8014 8056 6631
14951 2 2 6 116 7393 8096 7856
14952 2 2 6 116 7093 8037 8008
14953 2 2 6 116 7260 7860 7468
14954 2 2 6 116 7385 7963 7304
14955 2 2 6 116 6642 6719 6718
14956 2 2 6 116 6645 6717 6716
14957 2 2 6 116 6643 6725 6724
14958 2 2 6 116 6649 6731 6730
14959 2 2 6 116 6647 6721 6720
14960 2 2 6 116 6650 6729 6728
14961 2 2 6 116 1521 8029 1520
14962 2 2 6 116 7370 7952 7876
14963 2 2 6 116 7672 8166 7977
14964 2 2 6 116 7397 7867 7217
14965 2 2 6 116 7216 7868 7398
14966 2 2 6 116 7905 8074 7906
14967 2 2 6 116 7402 7866 7497
14968 2 2 6 116 6696 8023 7914
14969 2 2 6 116 6623 7234 6672
14970 2 2 6 116 6670 7225 6659
14971 2 2 6 116 8072 8110 6678
14972 2 2 6 116 7818 8084 7078
14973 2 2 6 116 6673 7362 7130
14974 2 2 6 116 7131 7361 6674
14975 2 2 6 116 7229 7854 7226
14976 2 2 6 116 7851 7983 6712
14977 2 2 6 116 7228 7229 7226
14978 2 2 6 116 7235 7238 7237
14979 2 2 6 116 7581 8031 7585
14980 2 2 6 116 7238 7241 7240
14981 2 2 6 116 1659 8027 1658
14982 2 2 6 116 7241 7243 7242
14983 2 2 6 116 7319 8101 7884
14984 2 2 6 116 7824 8036 7350
14985 2 2 6 116 6737 6877 6739
14986 2 2 6 116 7226 7854 7225
14987 2 2 6 116 7455 7841 7352
14988 2 2 6 116 6722 7379 6723
14989 2 2 6 116 6643 7382 6725
14990 2 2 6 116 6649 7377 6731
14991 2 2 6 116 6727 6734 6648
14992 2 2 6 116 6650 7078 6729
14993 2 2 6 116 6728 7965 6642
14994 2 2 6 116 7966 7972 7373
14995 2 2 6 116 7460 7947 7916
14996 2 2 6 116 7318 8084 7818
14997 2 2 6 116 7928 8149 7927
14998 2 2 6 116 7377 8001 7482
14999 2 2 6 116 7460 8023 7947
15000 2 2 6 116 7273 7274 7272
15001 2 2 6 116 1520 8029 6663
15002 2 2 6 116 7081 7117 7079
15003 2 2 6 116 7092 7094 7091
15004 2 2 6 116 7396 8108 7890
15005 2 2 6 116 7881 7882 7455
15006 2 2 6 116 7380 7453 6723
15007 2 2 6 116 7275 7278 7274
15008 2 2 6 116 7475 7962 7232
15009 2 2 6 116 7958 8134 7454
15010 2 2 6 116 6746 6747 6745
15011 2 2 6 116 7358 7461 51
15012 2 2 6 116 7609 8073 7611
15013 2 2 6 116 7966 7987 6646
15014 2 2 6 116 6638 8006 7814
15015 2 2 6 116 7822 7827 54
15016 2 2 6 116 7288 8061 7224
15017 2 2 6 116 7382 7843 6725
15018 2 2 6 116 6633 8045 1670
15019 2 2 6 116 7267 7268 7265
15020 2 2 6 116 7834 8057 7554
15021 2 2 6 116 7816 8054 7737
15022 2 2 6 116 6632 8060 7835
15023 2 2 6 116 7481 8159 7096
15024 2 2 6 116 7852 8049 7385
15025 2 2 6 116 7368 8047 7595
15026 2 2 6 116 8069 8097 7281
15027 2 2 6 116 8035 8092 7286
15028 2 2 6 116 7472 8116 8111
15029 2 2 6 116 8013 8048 6655
15030 2 2 6 116 1646 8038 6629
15031 2 2 6 116 7222 7321 7221
15032 2 2 6 116 7398 7825 6669
15033 2 2 6 116 6671 7826 7397
15034 2 2 6 116 6710 7872 7871
15035 2 2 6 116 7900 7902 7901
15036 2 2 6 116 7885 7887 7886
15037 2 2 6 116 7893 7894 7099
15038 2 2 6 116 7875 7876 6694
15039 2 2 6 116 7912 7914 7913
15040 2 2 6 116 7892 7896 7893
15041 2 2 6 116 7919 7921 7920
15042 2 2 6 116 7671 8055 7142
15043 2 2 6 116 6664 8083 8036
15044 2 2 6 116 6735 6736 6734
15045 2 2 6 116 7078 7080 7079
15046 2 2 6 116 7379 7381 7380
15047 2 2 6 116 7239 7323 7322
15048 2 2 6 116 7324 7994 7230
15049 2 2 6 116 7554 8057 7348
15050 2 2 6 116 7377 8052 8001
15051 2 2 6 116 7835 8060 7218
15052 2 2 6 116 7732 8059 7327
15053 2 2 6 116 6655 8048 1637
15054 2 2 6 116 7985 8114 7668
15055 2 2 6 116 7422 8166 7956
15056 2 2 6 116 6623 6671 67
15057 2 2 6 116 66 6669 6659
15058 2 2 6 116 7242 7244 7240
15059 2 2 6 116 7087 7123 7085
15060 2 2 6 116 7225 7946 6659
15061 2 2 6 116 6623 7949 7234
15062 2 2 6 116 7936 8144 7371
15063 2 2 6 116 6678 8110 7800
15064 2 2 6 116 6737 6738 6736
15065 2 2 6 116 7080 7082 7081
15066 2 2 6 116 7855 8071 7490
15067 2 2 6 116 7224 7830 7222
15068 2 2 6 116 7398 7955 7825
15069 2 2 6 116 7258 7264 7256
15070 2 2 6 116 7850 8090 1691
15071 2 2 6 116 1661 8091 7851
15072 2 2 6 116 7551 8072 7436
15073 2 2 6 116 7269 7821 7268
15074 2 2 6 116 7895 8133 7279
15075 2 2 6 116 7254 7480 7252
15076 2 2 6 116 7453 7964 6723
15077 2 2 6 116 7101 8033 7095
15078 2 2 6 116 7085 7857 7084
15079 2 2 6 116 6670 7227 7226
15080 2 2 6 116 7235 7236 6672
15081 2 2 6 116 6742 6744 6743
15082 2 2 6 116 7484 7974 7350
15083 2 2 6 116 1539 8053 1538
15084 2 2 6 116 7567 8014 7992
15085 2 2 6 116 7142 8078 1662
15086 2 2 6 116 1690 8077 7141
15087 2 2 6 116 6650 8122 7078
15088 2 2 6 116 6631 8056 7797
15089 2 2 6 116 7447 8085 7715
15090 2 2 6 116 7845 8077 1632
15091 2 2 6 116 1720 8078 7844
15092 2 2 6 116 6802 8044 7466
15093 2 2 6 116 7265 7838 7264
15094 2 2 6 116 7407 7450 7244
15095 2 2 6 116 7250 7408 7247
15096 2 2 6 116 7551 8110 8072
15097 2 2 6 116 6675 7819 1628
15098 2 2 6 116 6739 6740 6738
15099 2 2 6 116 7959 7960 7483
15100 2 2 6 116 7408 8070 7247
15101 2 2 6 116 7684 8156 7990
15102 2 2 6 116 7323 8025 7476
15103 2 2 6 116 1712 8087 1711
15104 2 2 6 116 8049 8136 7385
15105 2 2 6 116 7987 8104 6646
15106 2 2 6 116 6710 7945 7872
15107 2 2 6 116 7894 7925 7099
15108 2 2 6 116 7900 7931 7902
15109 2 2 6 116 7885 7889 7887
15110 2 2 6 116 7919 7922 7921
15111 2 2 6 116 7912 7915 7914
15112 2 2 6 116 7892 7926 7896
15113 2 2 6 116 7876 7891 6694
15114 2 2 6 116 7233 7839 7375
15115 2 2 6 116 7894 8115 7923
15116 2 2 6 116 7078 8084 7080
15117 2 2 6 116 8058 8075 7244
15118 2 2 6 116 7286 8109 7906
15119 2 2 6 116 7863 8050 6663
15120 2 2 6 116 7134 8063 7111
15121 2 2 6 116 6664 8135 7794
15122 2 2 6 116 8056 8099 7797
15123 2 2 6 116 7365 8032 7452
15124 2 2 6 116 7552 8110 7551
15125 2 2 6 116 7870 8089 6622
15126 2 2 6 116 7246 7247 7243
15127 2 2 6 116 7237 7239 7236
15128 2 2 6 116 7227 7230 7228
15129 2 2 6 116 6658 8054 7816
15130 2 2 6 116 1657 8103 1656
15131 2 2 6 116 7957 8072 6678
15132 2 2 6 116 6731 8111 7968
15133 2 2 6 116 7106 8068 8067
15134 2 2 6 116 7367 8129 7366
15135 2 2 6 116 7244 8075 7240
15136 2 2 6 116 6679 8156 7691
15137 2 2 6 116 7402 8162 7400
15138 2 2 6 116 7417 8151 7326
15139 2 2 6 116 7371 8131 7314
15140 2 2 6 116 1686 8161 1685
15141 2 2 6 116 6653 8166 7672
15142 2 2 6 116 7310 8015 7309
15143 2 2 6 116 8086 8132 7115
15144 2 2 6 116 7111 8063 7109
15145 2 2 6 116 7934 8140 7805
15146 2 2 6 116 7811 8071 6657
15147 2 2 6 116 7263 8028 7081
15148 2 2 6 116 7342 8022 7341
15149 2 2 6 116 7797 8099 6688
15150 2 2 6 116 7230 7232 7231
15151 2 2 6 116 7277 8065 7275
15152 2 2 6 116 6744 6746 6745
15153 2 2 6 116 6742 7042 6744
15154 2 2 6 116 1656 8152 1655
15155 2 2 6 116 7248 7250 7247
15156 2 2 6 116 7251 7960 7959
15157 2 2 6 116 8103 8152 1656
15158 2 2 6 116 8016 8017 7112
15159 2 2 6 116 1643 8175 1642
15160 2 2 6 116 7233 7375 7374
15161 2 2 6 116 8101 8170 7287
15162 2 2 6 116 7222 7830 7321
15163 2 2 6 116 7866 8150 6872
15164 2 2 6 116 7836 8089 7364
15165 2 2 6 116 7278 7365 7281
15166 2 2 6 116 7471 8153 7341
15167 2 2 6 116 1530 8090 7282
15168 2 2 6 116 7283 8091 1616
15169 2 2 6 116 6877 8034 8022
15170 2 2 6 116 7095 8033 7094
15171 2 2 6 116 7826 7954 7397
15172 2 2 6 116 7272 7821 7269
15173 2 2 6 116 7315 7328 7313
15174 2 2 6 116 7091 7093 7089
15175 2 2 6 116 7221 7353 7134
15176 2 2 6 116 8133 8174 7276
15177 2 2 6 116 7278 7281 7274
15178 2 2 6 116 7268 7838 7265
15179 2 2 6 116 7383 7843 7382
15180 2 2 6 116 7888 8139 7939
15181 2 2 6 116 7238 7240 7237
15182 2 2 6 116 7879 8134 6626
15183 2 2 6 116 6670 7226 7225
15184 2 2 6 116 7234 7235 6672
15185 2 2 6 116 7241 7242 7240
15186 2 2 6 116 7340 7863 7342
15187 2 2 6 116 7307 7369 7305
15188 2 2 6 116 7104 7105 7101
15189 2 2 6 116 6673 8081 7362
15190 2 2 6 116 7361 8080 6674
15191 2 2 6 116 8067 8069 7106
15192 2 2 6 116 7123 7857 7085
15193 2 2 6 116 6732 7409 803
15194 2 2 6 116 7857 7950 7084
15195 2 2 6 116 7893 7895 7894
15196 2 2 6 116 6727 6735 6734
15197 2 2 6 116 7379 7380 6723
15198 2 2 6 116 7078 7079 6729
15199 2 2 6 116 7377 7482 6731
15200 2 2 6 116 7288 8106 7412
15201 2 2 6 116 6644 7358 801
15202 2 2 6 116 7328 8015 7313
15203 2 2 6 116 6735 6737 6736
15204 2 2 6 116 7080 7081 7079
15205 2 2 6 116 7381 7471 7380
15206 2 2 6 116 7365 7452 7281
15207 2 2 6 116 6669 6670 6659
15208 2 2 6 116 6623 6672 6671
15209 2 2 6 116 6737 6739 6738
15210 2 2 6 116 7082 7263 7081
15211 2 2 6 116 7242 7407 7244
15212 2 2 6 116 7227 7228 7226
15213 2 2 6 116 7235 7237 7236
15214 2 2 6 116 7232 7233 7231
15215 2 2 6 116 6739 6817 6740
15216 2 2 6 116 7230 7231 7228
15217 2 2 6 116 7328 8017 8016
15218 2 2 6 116 7350 8036 7334
15219 2 2 6 116 7997 8021 7480
15220 2 2 6 116 6722 8118 7379
15221 2 2 6 116 6643 8119 7382
15222 2 2 6 116 7141 8077 7845
15223 2 2 6 116 7844 8078 7142
15224 2 2 6 116 7282 8090 7850
15225 2 2 6 116 7851 8091 7283
15226 2 2 6 116 8117 8173 7394
15227 2 2 6 116 1518 7820 6676
15228 2 2 6 116 7332 7819 6675
15229 2 2 6 116 7455 7882 7841
15230 2 2 6 116 6657 8071 7855
15231 2 2 6 116 8000 8138 7406
15232 2 2 6 116 7955 8009 7324
15233 2 2 6 116 7830 7831 7321
15234 2 2 6 116 7114 8165 8039
15235 2 2 6 116 7812 8114 6637
15236 2 2 6 116 7808 8173 8117
15237 2 2 6 116 7239 8058 7323
15238 2 2 6 116 74 8080 6662
15239 2 2 6 116 6661 8081 77
15240 2 2 6 116 7983 8151 6712
15241 2 2 6 116 7232 7962 7233
15242 2 2 6 116 7365 8039 8032
15243 2 2 6 116 7115 8168 8017
15244 2 2 6 116 7233 7962 7839
15245 2 2 6 116 7923 8035 7921
15246 2 2 6 116 7903 7948 1601
15247 2 2 6 116 1600 7948 6703
15248 2 2 6 116 7878 7949 1533
15249 2 2 6 116 7916 7947 1562
15250 2 2 6 116 1561 7947 6696
15251 2 2 6 116 1532 7949 6623
15252 2 2 6 116 6710 7870 1609
15253 2 2 6 116 6711 7941 1536
15254 2 2 6 116 6660 7878 1534
15255 2 2 6 116 6708 7944 1545
15256 2 2 6 116 1596 7933 6625
15257 2 2 6 116 6693 7903 1602
15258 2 2 6 116 6697 7916 1563
15259 2 2 6 116 6695 7938 1554
15260 2 2 6 116 6705 7879 1543
15261 2 2 6 116 6694 7891 1604
15262 2 2 6 116 6692 7933 1597
15263 2 2 6 116 1568 7940 6624
15264 2 2 6 116 7391 7917 1565
15265 2 2 6 116 6699 7897 1584
15266 2 2 6 116 1542 7879 6626
15267 2 2 6 116 1564 7917 6697
15268 2 2 6 116 1583 7897 6621
15269 2 2 6 116 1585 7898 6699
15270 2 2 6 116 1598 7935 6692
15271 2 2 6 116 1603 7891 6693
15272 2 2 6 116 1553 7938 6620
15273 2 2 6 116 6702 7898 1586
15274 2 2 6 116 7103 7940 1569
15275 2 2 6 116 6703 7935 1599
15276 2 2 6 116 1535 7941 6660
15277 2 2 6 116 1544 7944 6705
15278 2 2 6 116 1608 7870 6622
15279 2 2 6 116 1548 7908 6706
15280 2 2 6 116 6707 7908 1549
15281 2 2 6 116 6659 7946 1614
15282 2 2 6 116 6639 7945 1611
15283 2 2 6 116 1546 7907 6708
15284 2 2 6 116 1550 7885 6707
15285 2 2 6 116 1551 7889 7885
15286 2 2 6 116 1555 7910 6695
15287 2 2 6 116 1556 7911 7910
15288 2 2 6 116 1558 7912 6698
15289 2 2 6 116 1559 7915 7912
15290 2 2 6 116 1566 7918 7391
15291 2 2 6 116 1570 7904 7103
15292 2 2 6 116 1572 7919 7098
15293 2 2 6 116 1573 7922 7919
15294 2 2 6 116 1575 7924 7097
15295 2 2 6 116 1576 7925 7924
15296 2 2 6 116 1578 7892 7099
15297 2 2 6 116 1579 7926 7892
15298 2 2 6 116 1581 7928 6709
15299 2 2 6 116 1587 7929 6702
15300 2 2 6 116 1588 7930 7929
15301 2 2 6 116 1590 7900 6700
15302 2 2 6 116 1591 7931 7900
15303 2 2 6 116 1593 7890 6701
15304 2 2 6 116 1605 7874 6694
15305 2 2 6 116 1606 7937 7874
15306 2 2 6 116 1612 7877 6639
15307 2 2 6 116 1540 7873 6704
15308 2 2 6 116 6625 7932 1595
15309 2 2 6 116 6696 7915 1560
15310 2 2 6 116 6624 7918 1567
15311 2 2 6 116 7097 7922 1574
15312 2 2 6 116 6621 7928 1582
15313 2 2 6 116 6620 7889 1552
15314 2 2 6 116 6698 7911 1557
15315 2 2 6 116 6709 7926 1580
15316 2 2 6 116 7098 7904 1571
15317 2 2 6 116 7099 7925 1577
15318 2 2 6 116 6701 7931 1592
15319 2 2 6 116 6626 7873 1541
15320 2 2 6 116 6622 7937 1607
15321 2 2 6 116 6706 7907 1547
15322 2 2 6 116 6700 7930 1589
15323 2 2 6 116 1594 7932 7890
15324 2 2 6 116 1610 7945 6710
15325 2 2 6 116 1613 7946 7877
15326 2 2 6 116 7114 8076 8020
15327 2 2 6 116 7230 7994 7232
15328 2 2 6 116 7362 8041 7130
15329 2 2 6 116 7131 8042 7361
15330 2 2 6 116 7482 8111 6731
15331 2 2 6 116 7415 7988 7950
15332 2 2 6 116 7939 8000 7372
15333 2 2 6 116 1538 8171 1537
15334 2 2 6 116 7400 8162 7401
15335 2 2 6 116 7113 8132 8102
15336 2 2 6 116 6676 7820 7338
15337 2 2 6 116 7956 8166 6653
15338 2 2 6 116 7871 8089 7870
15339 2 2 6 116 8064 8098 7263
15340 2 2 6 116 7831 8158 7321
15341 2 2 6 116 7383 7859 7843
15342 2 2 6 116 6729 7965 6728
15343 2 2 6 116 6717 7966 6716
15344 2 2 6 116 6721 7967 6720
15345 2 2 6 116 6726 7964 6727
15346 2 2 6 116 6725 7969 6724
15347 2 2 6 116 6723 7964 6640
15348 2 2 6 116 6731 7968 6730
15349 2 2 6 116 6647 7968 6721
15350 2 2 6 116 6642 7965 6719
15351 2 2 6 116 6645 7969 6717
15352 2 2 6 116 7321 8158 8082
15353 2 2 6 116 7335 8164 7859
15354 2 2 6 116 6743 8158 7831
15355 2 2 6 116 6704 8053 1539
15356 2 2 6 116 7414 8088 8008
15357 2 2 6 116 7377 8094 8052
15358 2 2 6 116 8092 8109 7286
15359 2 2 6 116 7105 8033 7101
15360 2 2 6 116 7479 8164 7335
15361 2 2 6 116 7252 8021 7248
15362 2 2 6 116 7256 8026 7254
15363 2 2 6 116 7353 8063 7134
15364 2 2 6 116 7877 8019 6639
15365 2 2 6 116 7912 7913 6698
15366 2 2 6 116 7885 7886 6707
15367 2 2 6 116 7919 7920 7098
15368 2 2 6 116 7873 7958 6704
15369 2 2 6 116 7874 7875 6694
15370 2 2 6 116 7900 7901 6700
15371 2 2 6 116 7930 8010 7929
15372 2 2 6 116 7892 7893 7099
15373 2 2 6 116 7904 7905 7103
15374 2 2 6 116 6711 7942 7941
15375 2 2 6 116 6710 7871 7870
15376 2 2 6 116 6660 8043 7878
15377 2 2 6 116 7908 7909 6706
15378 2 2 6 116 6692 7934 7933
15379 2 2 6 116 6699 8049 7897
15380 2 2 6 116 6702 7899 7898
15381 2 2 6 116 6703 7936 7935
15382 2 2 6 116 6693 7952 7903
15383 2 2 6 116 6695 7939 7938
15384 2 2 6 116 6705 7880 7879
15385 2 2 6 116 7940 8018 6624
15386 2 2 6 116 7217 8146 1615
15387 2 2 6 116 1531 8147 7216
15388 2 2 6 116 7328 8062 8017
15389 2 2 6 116 7278 8030 7365
15390 2 2 6 116 1615 8146 52
15391 2 2 6 116 53 8147 1531
15392 2 2 6 116 7880 8134 7879
15393 2 2 6 116 1537 8171 6711
15394 2 2 6 116 7248 8021 7250
15395 2 2 6 116 7805 8140 7936
15396 2 2 6 116 7800 8160 7845
15397 2 2 6 116 7093 8100 8037
15398 2 2 6 116 7984 8108 7396
15399 2 2 6 116 6717 7972 7966
15400 2 2 6 116 54 7827 7357
15401 2 2 6 116 7982 8012 1515
15402 2 2 6 116 1631 8011 7981
15403 2 2 6 116 7611 8073 8038
15404 2 2 6 116 7976 8160 7552
15405 2 2 6 116 7328 8016 8015
15406 2 2 6 116 7084 8064 7082
15407 2 2 6 116 7078 8172 7818
15408 2 2 6 116 8015 8020 7309
15409 2 2 6 116 6637 8114 7985
15410 2 2 6 116 7114 8039 8030
15411 2 2 6 116 7305 8065 7277
15412 2 2 6 116 7250 8021 7997
15413 2 2 6 116 6704 8066 8053
15414 2 2 6 116 7123 8088 7857
15415 2 2 6 116 7450 8157 7451
15416 2 2 6 116 8102 8132 7375
15417 2 2 6 116 6740 8024 6742
15418 2 2 6 116 7341 8153 7472
15419 2 2 6 116 6812 8162 7402
15420 2 2 6 116 7254 8026 7480
15421 2 2 6 116 6715 8011 11
15422 2 2 6 116 2 8012 6714
15423 2 2 6 116 8068 8095 7838
15424 2 2 6 116 6718 8119 696
15425 2 2 6 116 6641 8118 695
15426 2 2 6 116 8043 8130 7234
15427 2 2 6 116 8032 8039 7110
15428 2 2 6 116 7089 8079 7087
15429 2 2 6 116 7839 8102 7375
15430 2 2 6 116 6625 8046 7932
15431 2 2 6 116 7373 7999 7987
15432 2 2 6 116 8052 8094 6662
15433 2 2 6 116 7247 8070 7243
15434 2 2 6 116 8053 8171 1538
15435 2 2 6 116 6742 8024 7042
15436 2 2 6 116 7860 8155 8024
15437 2 2 6 116 8017 8168 7112
15438 2 2 6 116 7916 8096 7460
15439 2 2 6 116 7461 7818 51
15440 2 2 6 116 7243 8070 7242
15441 2 2 6 116 7224 8105 7830
15442 2 2 6 116 8008 8037 7360
15443 2 2 6 116 7082 8064 7263
15444 2 2 6 116 7239 8075 8058
15445 2 2 6 116 7927 8149 7852
15446 2 2 6 116 7354 8062 7315
15447 2 2 6 116 7087 8079 7123
15448 2 2 6 116 6719 8040 7383
15449 2 2 6 116 7821 8097 8069
15450 2 2 6 116 8067 8068 7838
15451 2 2 6 116 7480 8021 7252
15452 2 2 6 116 8038 8073 6629
15453 2 2 6 116 6817 8024 6740
15454 2 2 6 116 7264 8026 7256
15455 2 2 6 116 7281 8097 7274
15456 2 2 6 116 7950 8064 7084
15457 2 2 6 116 8145 8163 7308
15458 2 2 6 116 7970 7988 6959
15459 2 2 6 116 7990 8156 6679
15460 2 2 6 116 7338 8050 7340
15461 2 2 6 116 7406 8138 7913
15462 2 2 6 116 8122 8172 7078
15463 2 2 6 116 8116 8153 7381
15464 2 2 6 116 7472 8153 8116
15465 2 2 6 116 7107 8095 8068
15466 2 2 6 116 7965 8040 6719
15467 2 2 6 116 6727 8127 6726
15468 2 2 6 116 6640 8120 6723
15469 2 2 6 116 6648 8127 6727
15470 2 2 6 116 6723 8120 6722
15471 2 2 6 116 7843 8164 8128
15472 2 2 6 116 7906 8109 7270
15473 2 2 6 116 7821 8069 8067
15474 2 2 6 116 7105 8051 8033
15475 2 2 6 116 7107 8159 7997
15476 2 2 6 116 8128 8164 7479
15477 2 2 6 116 7958 8066 6704
15478 2 2 6 116 7319 8169 8101
15479 2 2 6 116 7967 8116 7381
15480 2 2 6 116 8016 8020 8015
15481 2 2 6 116 7340 8050 7863
15482 2 2 6 116 7959 8157 7251
15483 2 2 6 116 7477 8135 7824
15484 2 2 6 116 7237 8075 7239
15485 2 2 6 116 8093 8104 7987
15486 2 2 6 116 7309 8076 7307
15487 2 2 6 116 7369 8065 7305
15488 2 2 6 116 7093 8079 7089
15489 2 2 6 116 8082 8150 7353
15490 2 2 6 116 8061 8105 7224
15491 2 2 6 116 7966 8126 6716
15492 2 2 6 116 6646 8126 7966
15493 2 2 6 116 6726 8124 7964
15494 2 2 6 116 7967 8123 6720
15495 2 2 6 116 7964 8124 6640
15496 2 2 6 116 7968 8121 6730
15497 2 2 6 116 6641 8123 7967
15498 2 2 6 116 6647 8121 7968
15499 2 2 6 116 7969 8125 6724
15500 2 2 6 116 6645 8125 7969
15501 2 2 6 116 8036 8083 7334
15502 2 2 6 116 7843 8128 6725
15503 2 2 6 116 7334 8083 7332
15504 2 2 6 116 8132 8168 7115
15505 2 2 6 116 7907 8113 6708
15506 2 2 6 116 7821 8067 7268
15507 2 2 6 116 8039 8165 7110
15508 2 2 6 116 7820 8050 7338
15509 2 2 6 116 8001 8167 7482
15510 2 2 6 116 7315 8062 7328
15511 2 2 6 116 7242 8070 7407
15512 2 2 6 116 7240 8075 7237
15513 2 2 6 116 7890 8108 6701
15514 2 2 6 116 7234 8130 7235
15515 2 2 6 116 5 8094 75
15516 2 2 6 116 79 6715 11
15517 2 2 6 116 74 6662 5
15518 2 2 6 116 76 8093 8
15519 2 2 6 116 8 6661 77
15520 2 2 6 116 78 6673 10
15521 2 2 6 116 3 6674 73
15522 2 2 6 116 2 6714 72
15523 2 2 6 116 7268 8067 7838
15524 2 2 6 116 7 8104 76
15525 2 2 6 116 7094 8100 7091
15526 2 2 6 116 6697 8096 7916
15527 2 2 6 116 7274 8097 7272
15528 2 2 6 116 8020 8076 7309
15529 2 2 6 116 7394 8173 8023
15530 2 2 6 116 7307 8076 7369
15531 2 2 6 116 7106 8154 8068
15532 2 2 6 116 7895 8115 7894
15533 2 2 6 116 7838 8095 7264
15534 2 2 6 116 7091 8100 7093
15535 2 2 6 116 7332 8083 7819
15536 2 2 6 116 8053 8066 7943
15537 2 2 6 116 7272 8097 7821
15538 2 2 6 116 6872 8150 8082
15539 2 2 6 116 7381 8153 7471
15540 2 2 6 116 7311 8145 7984
15541 2 2 6 116 6721 8116 7967
15542 2 2 6 116 6725 8128 7969
15543 2 2 6 116 38 8120 747
15544 2 2 6 116 669 8123 30
15545 2 2 6 116 23 8125 618
15546 2 2 6 116 6 6649 586
15547 2 2 6 116 43 6728 748
15548 2 2 6 116 18 6730 617
15549 2 2 6 116 26 6720 669
15550 2 2 6 116 39 6642 722
15551 2 2 6 116 47 6650 774
15552 2 2 6 116 592 6716 13
15553 2 2 6 116 22 6647 643
15554 2 2 6 116 644 6724 23
15555 2 2 6 116 670 6643 27
15556 2 2 6 116 30 6641 695
15557 2 2 6 116 618 6645 19
15558 2 2 6 116 721 6722 38
15559 2 2 6 116 556 6646 7
15560 2 2 6 116 35 6718 696
15561 2 2 6 116 747 6640 42
15562 2 2 6 116 773 6726 46
15563 2 2 6 116 800 8122 47
15564 2 2 6 116 799 6648 50
15565 2 2 6 116 825 7822 54
15566 2 2 6 116 42 8124 773
15567 2 2 6 116 617 8121 22
15568 2 2 6 116 13 8126 556
15569 2 2 6 116 46 8127 799
15570 2 2 6 116 8068 8154 7107
15571 2 2 6 116 7253 8170 8101
15572 2 2 6 116 8030 8039 7365
15573 2 2 6 116 51 8172 800
15574 2 2 6 116 7859 8164 7843
15575 2 2 6 116 6662 8080 8052
15576 2 2 6 116 6624 8143 7918
15577 2 2 6 116 6698 8138 7911
15578 2 2 6 116 7929 8137 6702
15579 2 2 6 116 7944 8141 6705
15580 2 2 6 116 7948 8144 6703
15581 2 2 6 116 7898 8136 6699
15582 2 2 6 116 7938 8139 6620
15583 2 2 6 116 7935 8140 6692
15584 2 2 6 116 7897 8142 6621
15585 2 2 6 116 6699 8136 8049
15586 2 2 6 116 6702 8137 7899
15587 2 2 6 116 6705 8141 7880
15588 2 2 6 116 6692 8140 7934
15589 2 2 6 116 7913 8138 6698
15590 2 2 6 116 8010 8137 7929
15591 2 2 6 116 6703 8144 7936
15592 2 2 6 116 8018 8143 6624
15593 2 2 6 116 7899 8136 7898
15594 2 2 6 116 7939 8139 7938
15595 2 2 6 116 7936 8140 7935
15596 2 2 6 116 8049 8142 7897
15597 2 2 6 116 8023 8173 7914
15598 2 2 6 116 8024 8155 7042
15599 2 2 6 116 7325 8148 8107
15600 2 2 6 116 7264 8095 8026
15601 2 2 6 116 7271 8109 8092
15602 2 2 6 116 6621 8149 7928
15603 2 2 6 116 8154 8159 7107
15604 2 2 6 116 7251 8112 7960
15605 2 2 6 116 7263 8098 8028
15606 2 2 6 116 7984 8145 7317
15607 2 2 6 116 7042 8155 8044
15608 2 2 6 116 8052 8080 7361
15609 2 2 6 116 7337 8167 8001
15610 2 2 6 116 8107 8148 7317
15611 2 2 6 116 7943 8171 8053
15612 2 2 6 116 8101 8169 7253
15613 2 2 6 116 7997 8159 7481
15614 2 2 6 116 7818 8172 51
15615 2 2 6 116 7416 8130 8043
15616 2 2 6 116 7113 8168 8132
15617 2 2 6 116 8082 8158 6872
15618 2 2 6 116 8142 8149 6621
15619 2 2 6 116 7311 8163 8145
15620 2 2 6 116 7096 8159 8154
15621 2 2 6 116 7852 8149 8142
15622 2 2 6 116 8 8093 6661
15623 2 2 6 116 6662 8094 5
15624 2 2 6 116 76 8104 8093
15625 2 2 6 116 6646 8104 7
15626 2 2 6 116 747 8120 6640
15627 2 2 6 116 773 8124 6726
15628 2 2 6 116 6722 8120 38
15629 2 2 6 116 6724 8125 23
15630 2 2 6 116 6720 8123 669
15631 2 2 6 116 30 8123 6641
15632 2 2 6 116 556 8126 6646
15633 2 2 6 116 618 8125 6645
15634 2 2 6 116 22 8121 6647
15635 2 2 6 116 47 8122 6650
15636 2 2 6 116 799 8127 6648
15637 2 2 6 116 6730 8121 617
15638 2 2 6 116 6640 8124 42
15639 2 2 6 116 6726 8127 46
15640 2 2 6 116 6716 8126 13
15641 2 2 6 116 800 8172 8122
15642 2 2 6 116 75 6649 6
15643 2 2 6 116 72 6674 3
15644 2 2 6 116 10 6715 79
15645 2 2 6 116 586 6730 18
15646 2 2 6 116 19 6716 592
15647 2 2 6 116 643 6720 26
15648 2 2 6 116 27 6724 644
15649 2 2 6 116 722 6718 35
15650 2 2 6 116 748 6642 39
15651 2 2 6 116 774 6728 43
15652 2 2 6 116 50 7822 825
15653 2 2 6 116 7933 8046 6625
15654 2 2 6 116 7941 8043 6660
15655 2 2 6 116 7901 7930 6700
15656 2 2 6 116 6707 7909 7908
15657 2 2 6 116 8033 8100 7094
15658 2 2 6 116 7098 7905 7904
15659 2 2 6 116 7905 7940 7103
15660 2 2 6 116 7228 7853 7229
15661 2 2 6 116 7356 8062 7354
15662 2 2 6 116 7903 8144 7948
15663 2 2 106 117 8183 8184 8194
15664 2 2 106 117 13 557 8187
15665 2 2 106 117 556 13 8187
15666 2 2 106 117 8184 8183 8186
15667 2 2 106 117 569 7 8187
15668 2 2 106 117 8177 8185 8191
15669 2 2 106 117 8177 8182 8185
15670 2 2 106 117 570 8181 8184
15671 2 2 106 117 8184 8181 8194
15672 2 2 106 117 8181 557 8194
15673 2 2 106 117 8182 8177 8190
15674 2 2 106 117 8193 8186 8197
15675 2 2 106 117 8183 8178 8186
15676 2 2 106 117 8186 8178 8197
15677 2 2 106 117 7 556 8187
15678 2 2 106 117 8185 8186 8193
15679 2 2 106 117 572 571 8179
15680 2 2 106 117 559 560 8178
15681 2 2 106 117 570 569 8181
15682 2 2 106 117 573 572 8182
15683 2 2 106 117 573 8182 8196
15684 2 2 106 117 558 559 8183
15685 2 2 106 117 572 8179 8182
15686 2 2 106 117 557 558 8194
15687 2 2 106 117 8178 560 8188
15688 2 2 106 117 571 570 8184
15689 2 2 106 117 8191 8185 8193
15690 2 2 106 117 557 8181 8187
15691 2 2 106 117 559 8178 8183
15692 2 2 106 117 8182 8190 8196
15693 2 2 106 117 8182 8179 8185
15694 2 2 106 117 560 561 8188
15695 2 2 106 117 8176 8189 8192
15696 2 2 106 117 8188 561 8195
15697 2 2 106 117 8180 8188 8195
15698 2 2 106 117 8176 8191 8193
15699 2 2 106 117 8178 8188 8197
15700 2 2 106 117 561 14 8195
15701 2 2 106 117 15 573 8196
15702 2 2 106 117 8189 8176 8193
15703 2 2 106 117 564 563 8177
15704 2 2 106 117 566 565 8176
15705 2 2 106 117 568 567 8180
15706 2 2 106 117 563 562 8190
15707 2 2 106 117 567 566 8192
15708 2 2 106 117 565 564 8191
15709 2 2 106 117 8188 8189 8197
15710 2 2 106 117 8188 8180 8189
15711 2 2 106 117 8185 8179 8186
15712 2 2 106 117 8189 8180 8192
15713 2 2 106 117 8179 571 8184
15714 2 2 106 117 8179 8184 8186
15715 2 2 106 117 8181 569 8187
15716 2 2 106 117 8177 563 8190
15717 2 2 106 117 8176 565 8191
15718 2 2 106 117 566 8176 8192
15719 2 2 106 117 8180 567 8192
15720 2 2 106 117 564 8177 8191
15721 2 2 106 117 14 568 8195
15722 2 2 106 117 562 15 8196
15723 2 2 106 117 568 8180 8195
15724 2 2 106 117 8190 562 8196
15725 2 2 106 117 558 8183 8194
15726 2 2 106 117 8189 8193 8197
15727 2 2 106 118 585 18 8209
15728 2 2 106 118 18 586 8209
15729 2 2 106 118 8206 8205 8208
15730 2 2 106 118 6 591 8209
15731 2 2 106 118 8207 8199 8214
15732 2 2 106 118 8204 8199 8207
15733 2 2 106 118 8207 8215 8219
15734 2 2 106 118 585 8203 8216
15735 2 2 106 118 8200 8208 8219
15736 2 2 106 118 584 585 8216
15737 2 2 106 118 8199 8204 8212
15738 2 2 106 118 8205 8206 8216
15739 2 2 106 118 586 6 8209
15740 2 2 106 118 8210 8200 8211
15741 2 2 106 118 589 588 8201
15742 2 2 106 118 582 583 8200
15743 2 2 106 118 591 590 8203
15744 2 2 106 118 588 587 8204
15745 2 2 106 118 8204 587 8218
15746 2 2 106 118 8200 8206 8208
15747 2 2 106 118 590 589 8205
15748 2 2 106 118 8201 588 8204
15749 2 2 106 118 8203 590 8205
15750 2 2 106 118 582 8200 8210
15751 2 2 106 118 583 584 8206
15752 2 2 106 118 8207 8214 8215
15753 2 2 106 118 8203 585 8209
15754 2 2 106 118 589 8201 8205
15755 2 2 106 118 8212 8204 8218
15756 2 2 106 118 8208 8207 8219
15757 2 2 106 118 8201 8204 8207
15758 2 2 106 118 581 582 8210
15759 2 2 106 118 8211 8198 8213
15760 2 2 106 118 581 8210 8217
15761 2 2 106 118 8210 8202 8217
15762 2 2 106 118 8214 8198 8215
15763 2 2 106 118 8205 8201 8208
15764 2 2 106 118 16 581 8217
15765 2 2 106 118 587 17 8218
15766 2 2 106 118 8203 8205 8216
15767 2 2 106 118 8198 8211 8215
15768 2 2 106 118 8211 8200 8219
15769 2 2 106 118 577 576 8198
15770 2 2 106 118 579 578 8199
15771 2 2 106 118 575 574 8202
15772 2 2 106 118 580 579 8212
15773 2 2 106 118 578 577 8214
15774 2 2 106 118 576 575 8213
15775 2 2 106 118 8202 8210 8211
15776 2 2 106 118 8201 8207 8208
15777 2 2 106 118 8202 8211 8213
15778 2 2 106 118 8200 583 8206
15779 2 2 106 118 591 8203 8209
15780 2 2 106 118 577 8198 8214
15781 2 2 106 118 579 8199 8212
15782 2 2 106 118 575 8202 8213
15783 2 2 106 118 8198 576 8213
15784 2 2 106 118 8199 578 8214
15785 2 2 106 118 574 16 8217
15786 2 2 106 118 17 580 8218
15787 2 2 106 118 8206 584 8216
15788 2 2 106 118 8202 574 8217
15789 2 2 106 118 580 8212 8218
15790 2 2 106 118 8215 8211 8219
15791 2 2 107 119 8227 8228 8238
15792 2 2 107 119 19 593 8231
15793 2 2 107 119 592 19 8231
15794 2 2 107 119 8228 8227 8230
15795 2 2 107 119 557 13 8231
15796 2 2 107 119 8221 8229 8235
15797 2 2 107 119 8221 8226 8229
15798 2 2 107 119 558 8225 8228
15799 2 2 107 119 8228 8225 8238
15800 2 2 107 119 8225 593 8238
15801 2 2 107 119 8226 8221 8234
15802 2 2 107 119 8237 8230 8241
15803 2 2 107 119 8227 8222 8230
15804 2 2 107 119 8230 8222 8241
15805 2 2 107 119 13 592 8231
15806 2 2 107 119 8229 8230 8237
15807 2 2 107 119 595 596 8222
15808 2 2 107 119 560 559 8223
15809 2 2 107 119 558 557 8225
15810 2 2 107 119 561 560 8226
15811 2 2 107 119 561 8226 8239
15812 2 2 107 119 594 595 8227
15813 2 2 107 119 560 8223 8226
15814 2 2 107 119 593 594 8238
15815 2 2 107 119 8222 596 8232
15816 2 2 107 119 559 558 8228
15817 2 2 107 119 8235 8229 8237
15818 2 2 107 119 593 8225 8231
15819 2 2 107 119 595 8222 8227
15820 2 2 107 119 8226 8234 8239
15821 2 2 107 119 8226 8223 8229
15822 2 2 107 119 596 597 8232
15823 2 2 107 119 8220 8233 8236
15824 2 2 107 119 8232 597 8240
15825 2 2 107 119 8224 8232 8240
15826 2 2 107 119 8220 8235 8237
15827 2 2 107 119 8222 8232 8241
15828 2 2 107 119 14 561 8239
15829 2 2 107 119 597 20 8240
15830 2 2 107 119 8233 8220 8237
15831 2 2 107 119 604 603 8224
15832 2 2 107 119 600 599 8221
15833 2 2 107 119 602 601 8220
15834 2 2 107 119 599 598 8234
15835 2 2 107 119 601 600 8235
15836 2 2 107 119 603 602 8236
15837 2 2 107 119 8232 8233 8241
15838 2 2 107 119 8232 8224 8233
15839 2 2 107 119 8229 8223 8230
15840 2 2 107 119 8233 8224 8236
15841 2 2 107 119 8223 559 8228
15842 2 2 107 119 8223 8228 8230
15843 2 2 107 119 8225 557 8231
15844 2 2 107 119 8220 601 8235
15845 2 2 107 119 602 8220 8236
15846 2 2 107 119 8221 599 8234
15847 2 2 107 119 600 8221 8235
15848 2 2 107 119 8224 603 8236
15849 2 2 107 119 20 604 8240
15850 2 2 107 119 598 14 8239
15851 2 2 107 119 8234 598 8239
15852 2 2 107 119 604 8224 8240
15853 2 2 107 119 594 8227 8238
15854 2 2 107 119 8233 8237 8241
15855 2 2 107 120 616 22 8253
15856 2 2 107 120 22 617 8253
15857 2 2 107 120 8250 8249 8252
15858 2 2 107 120 18 585 8253
15859 2 2 107 120 8243 8251 8256
15860 2 2 107 120 8243 8248 8251
15861 2 2 107 120 616 8247 8260
15862 2 2 107 120 615 616 8260
15863 2 2 107 120 8248 8243 8258
15864 2 2 107 120 8259 8252 8263
15865 2 2 107 120 8249 8244 8252
15866 2 2 107 120 8252 8244 8263
15867 2 2 107 120 8249 8250 8260
15868 2 2 107 120 617 18 8253
15869 2 2 107 120 8251 8252 8259
15870 2 2 107 120 583 582 8244
15871 2 2 107 120 613 614 8245
15872 2 2 107 120 585 584 8247
15873 2 2 107 120 612 613 8248
15874 2 2 107 120 612 8248 8262
15875 2 2 107 120 584 583 8249
15876 2 2 107 120 613 8245 8248
15877 2 2 107 120 8247 584 8249
15878 2 2 107 120 8244 582 8254
15879 2 2 107 120 614 615 8250
15880 2 2 107 120 8256 8251 8259
15881 2 2 107 120 8247 616 8253
15882 2 2 107 120 583 8244 8249
15883 2 2 107 120 8248 8258 8262
15884 2 2 107 120 8248 8245 8251
15885 2 2 107 120 582 581 8254
15886 2 2 107 120 8242 8255 8257
15887 2 2 107 120 8254 581 8261
15888 2 2 107 120 8246 8254 8261
15889 2 2 107 120 8242 8256 8259
15890 2 2 107 120 8244 8254 8263
15891 2 2 107 120 581 16 8261
15892 2 2 107 120 21 612 8262
15893 2 2 107 120 8247 8249 8260
15894 2 2 107 120 8255 8242 8259
15895 2 2 107 120 610 609 8257
15896 2 2 107 120 608 607 8256
15897 2 2 107 120 607 606 8243
15898 2 2 107 120 609 608 8242
15899 2 2 107 120 611 610 8246
15900 2 2 107 120 606 605 8258
15901 2 2 107 120 8254 8255 8263
15902 2 2 107 120 8254 8246 8255
15903 2 2 107 120 8251 8245 8252
15904 2 2 107 120 8255 8246 8257
15905 2 2 107 120 8245 614 8250
15906 2 2 107 120 8245 8250 8252
15907 2 2 107 120 585 8247 8253
15908 2 2 107 120 607 8243 8256
15909 2 2 107 120 609 8242 8257
15910 2 2 107 120 8246 610 8257
15911 2 2 107 120 8242 608 8256
15912 2 2 107 120 8243 606 8258
15913 2 2 107 120 605 21 8262
15914 2 2 107 120 16 611 8261
15915 2 2 107 120 8250 615 8260
15916 2 2 107 120 8258 605 8262
15917 2 2 107 120 611 8246 8261
15918 2 2 107 120 8255 8259 8263
15919 2 2 108 121 8272 8271 8282
15920 2 2 108 121 23 619 8275
15921 2 2 108 121 618 23 8275
15922 2 2 108 121 8271 8272 8274
15923 2 2 108 121 593 19 8275
15924 2 2 108 121 8273 8265 8279
15925 2 2 108 121 8270 8265 8273
15926 2 2 108 121 8273 8281 8285
15927 2 2 108 121 594 8269 8271
15928 2 2 108 121 8271 8269 8282
15929 2 2 108 121 8269 619 8282
15930 2 2 108 121 8266 8274 8285
15931 2 2 108 121 8265 8270 8278
15932 2 2 108 121 19 618 8275
15933 2 2 108 121 8276 8266 8277
15934 2 2 108 121 621 622 8267
15935 2 2 108 121 596 595 8266
15936 2 2 108 121 594 593 8269
15937 2 2 108 121 622 623 8270
15938 2 2 108 121 8270 623 8284
15939 2 2 108 121 8266 8271 8274
15940 2 2 108 121 620 621 8272
15941 2 2 108 121 8267 622 8270
15942 2 2 108 121 619 620 8282
15943 2 2 108 121 596 8266 8276
15944 2 2 108 121 595 594 8271
15945 2 2 108 121 8273 8279 8281
15946 2 2 108 121 619 8269 8275
15947 2 2 108 121 621 8267 8272
15948 2 2 108 121 8278 8270 8284
15949 2 2 108 121 8274 8273 8285
15950 2 2 108 121 8267 8270 8273
15951 2 2 108 121 597 596 8276
15952 2 2 108 121 8277 8264 8280
15953 2 2 108 121 597 8276 8283
15954 2 2 108 121 8276 8268 8283
15955 2 2 108 121 8279 8264 8281
15956 2 2 108 121 8272 8267 8274
15957 2 2 108 121 20 597 8283
15958 2 2 108 121 623 24 8284
15959 2 2 108 121 8264 8277 8281
15960 2 2 108 121 8277 8266 8285
15961 2 2 108 121 625 624 8268
15962 2 2 108 121 629 628 8265
15963 2 2 108 121 627 626 8264
15964 2 2 108 121 630 629 8278
15965 2 2 108 121 628 627 8279
15966 2 2 108 121 626 625 8280
15967 2 2 108 121 8268 8276 8277
15968 2 2 108 121 8267 8273 8274
15969 2 2 108 121 8268 8277 8280
15970 2 2 108 121 8266 595 8271
15971 2 2 108 121 8269 593 8275
15972 2 2 108 121 627 8264 8279
15973 2 2 108 121 625 8268 8280
15974 2 2 108 121 629 8265 8278
15975 2 2 108 121 8265 628 8279
15976 2 2 108 121 8264 626 8280
15977 2 2 108 121 24 630 8284
15978 2 2 108 121 624 20 8283
15979 2 2 108 121 8268 624 8283
15980 2 2 108 121 630 8278 8284
15981 2 2 108 121 620 8272 8282
15982 2 2 108 121 8281 8277 8285
15983 2 2 108 122 642 26 8297
15984 2 2 108 122 26 643 8297
15985 2 2 108 122 8293 8294 8296
15986 2 2 108 122 22 616 8297
15987 2 2 108 122 8287 8295 8301
15988 2 2 108 122 8287 8292 8295
15989 2 2 108 122 642 8291 8304
15990 2 2 108 122 641 642 8304
15991 2 2 108 122 8292 8287 8300
15992 2 2 108 122 8303 8296 8307
15993 2 2 108 122 8294 8288 8296
15994 2 2 108 122 8296 8288 8307
15995 2 2 108 122 8294 8293 8304
15996 2 2 108 122 643 22 8297
15997 2 2 108 122 8295 8296 8303
15998 2 2 108 122 639 640 8289
15999 2 2 108 122 614 613 8288
16000 2 2 108 122 616 615 8291
16001 2 2 108 122 638 639 8292
16002 2 2 108 122 638 8292 8306
16003 2 2 108 122 615 614 8294
16004 2 2 108 122 639 8289 8292
16005 2 2 108 122 8291 615 8294
16006 2 2 108 122 8288 613 8298
16007 2 2 108 122 640 641 8293
16008 2 2 108 122 8301 8295 8303
16009 2 2 108 122 8291 642 8297
16010 2 2 108 122 614 8288 8294
16011 2 2 108 122 8292 8300 8306
16012 2 2 108 122 8292 8289 8295
16013 2 2 108 122 613 612 8298
16014 2 2 108 122 8286 8299 8302
16015 2 2 108 122 8298 612 8305
16016 2 2 108 122 8290 8298 8305
16017 2 2 108 122 8286 8301 8303
16018 2 2 108 122 8288 8298 8307
16019 2 2 108 122 25 638 8306
16020 2 2 108 122 612 21 8305
16021 2 2 108 122 8291 8294 8304
16022 2 2 108 122 8299 8286 8303
16023 2 2 108 122 632 631 8300
16024 2 2 108 122 633 632 8287
16025 2 2 108 122 635 634 8286
16026 2 2 108 122 637 636 8290
16027 2 2 108 122 634 633 8301
16028 2 2 108 122 636 635 8302
16029 2 2 108 122 8298 8299 8307
16030 2 2 108 122 8298 8290 8299
16031 2 2 108 122 8295 8289 8296
16032 2 2 108 122 8299 8290 8302
16033 2 2 108 122 8289 640 8293
16034 2 2 108 122 8289 8293 8296
16035 2 2 108 122 616 8291 8297
16036 2 2 108 122 633 8287 8301
16037 2 2 108 122 8287 632 8300
16038 2 2 108 122 635 8286 8302
16039 2 2 108 122 8286 634 8301
16040 2 2 108 122 8290 636 8302
16041 2 2 108 122 21 637 8305
16042 2 2 108 122 631 25 8306
16043 2 2 108 122 8293 641 8304
16044 2 2 108 122 8300 631 8306
16045 2 2 108 122 637 8290 8305
16046 2 2 108 122 8299 8303 8307
16047 2 2 109 123 8316 8315 8326
16048 2 2 109 123 27 645 8319
16049 2 2 109 123 644 27 8319
16050 2 2 109 123 8315 8316 8318
16051 2 2 109 123 619 23 8319
16052 2 2 109 123 8317 8309 8322
16053 2 2 109 123 8314 8309 8317
16054 2 2 109 123 8317 8325 8329
16055 2 2 109 123 620 8313 8315
16056 2 2 109 123 8315 8313 8326
16057 2 2 109 123 8313 645 8326
16058 2 2 109 123 8310 8318 8329
16059 2 2 109 123 8309 8314 8324
16060 2 2 109 123 23 644 8319
16061 2 2 109 123 8320 8310 8321
16062 2 2 109 123 647 648 8311
16063 2 2 109 123 622 621 8310
16064 2 2 109 123 620 619 8313
16065 2 2 109 123 648 649 8314
16066 2 2 109 123 8314 649 8328
16067 2 2 109 123 8310 8315 8318
16068 2 2 109 123 646 647 8316
16069 2 2 109 123 8311 648 8314
16070 2 2 109 123 645 646 8326
16071 2 2 109 123 622 8310 8320
16072 2 2 109 123 621 620 8315
16073 2 2 109 123 8317 8322 8325
16074 2 2 109 123 645 8313 8319
16075 2 2 109 123 647 8311 8316
16076 2 2 109 123 8324 8314 8328
16077 2 2 109 123 8318 8317 8329
16078 2 2 109 123 8311 8314 8317
16079 2 2 109 123 623 622 8320
16080 2 2 109 123 8321 8308 8323
16081 2 2 109 123 623 8320 8327
16082 2 2 109 123 8320 8312 8327
16083 2 2 109 123 8322 8308 8325
16084 2 2 109 123 8316 8311 8318
16085 2 2 109 123 649 28 8328
16086 2 2 109 123 24 623 8327
16087 2 2 109 123 8308 8321 8325
16088 2 2 109 123 8321 8310 8329
16089 2 2 109 123 651 650 8312
16090 2 2 109 123 653 652 8308
16091 2 2 109 123 654 653 8322
16092 2 2 109 123 655 654 8309
16093 2 2 109 123 656 655 8324
16094 2 2 109 123 652 651 8323
16095 2 2 109 123 8312 8320 8321
16096 2 2 109 123 8311 8317 8318
16097 2 2 109 123 8312 8321 8323
16098 2 2 109 123 8310 621 8315
16099 2 2 109 123 8313 619 8319
16100 2 2 109 123 8309 654 8322
16101 2 2 109 123 8308 652 8323
16102 2 2 109 123 653 8308 8322
16103 2 2 109 123 655 8309 8324
16104 2 2 109 123 651 8312 8323
16105 2 2 109 123 28 656 8328
16106 2 2 109 123 650 24 8327
16107 2 2 109 123 656 8324 8328
16108 2 2 109 123 8312 650 8327
16109 2 2 109 123 646 8316 8326
16110 2 2 109 123 8325 8321 8329
16111 2 2 109 124 668 30 8341
16112 2 2 109 124 30 669 8341
16113 2 2 109 124 8337 8338 8340
16114 2 2 109 124 26 642 8341
16115 2 2 109 124 8339 8331 8346
16116 2 2 109 124 8336 8331 8339
16117 2 2 109 124 8339 8347 8351
16118 2 2 109 124 668 8335 8348
16119 2 2 109 124 8332 8340 8351
16120 2 2 109 124 667 668 8348
16121 2 2 109 124 8331 8336 8344
16122 2 2 109 124 8338 8337 8348
16123 2 2 109 124 669 26 8341
16124 2 2 109 124 8342 8332 8343
16125 2 2 109 124 665 666 8332
16126 2 2 109 124 640 639 8333
16127 2 2 109 124 642 641 8335
16128 2 2 109 124 639 638 8336
16129 2 2 109 124 8336 638 8349
16130 2 2 109 124 8332 8337 8340
16131 2 2 109 124 641 640 8338
16132 2 2 109 124 8333 639 8336
16133 2 2 109 124 8335 641 8338
16134 2 2 109 124 665 8332 8342
16135 2 2 109 124 666 667 8337
16136 2 2 109 124 8339 8346 8347
16137 2 2 109 124 8335 668 8341
16138 2 2 109 124 640 8333 8338
16139 2 2 109 124 8344 8336 8349
16140 2 2 109 124 8340 8339 8351
16141 2 2 109 124 8333 8336 8339
16142 2 2 109 124 664 665 8342
16143 2 2 109 124 8343 8330 8345
16144 2 2 109 124 664 8342 8350
16145 2 2 109 124 8342 8334 8350
16146 2 2 109 124 8346 8330 8347
16147 2 2 109 124 8338 8333 8340
16148 2 2 109 124 29 664 8350
16149 2 2 109 124 638 25 8349
16150 2 2 109 124 8335 8338 8348
16151 2 2 109 124 8330 8343 8347
16152 2 2 109 124 8343 8332 8351
16153 2 2 109 124 660 659 8330
16154 2 2 109 124 662 661 8331
16155 2 2 109 124 658 657 8334
16156 2 2 109 124 659 658 8345
16157 2 2 109 124 663 662 8344
16158 2 2 109 124 661 660 8346
16159 2 2 109 124 8334 8342 8343
16160 2 2 109 124 8333 8339 8340
16161 2 2 109 124 8334 8343 8345
16162 2 2 109 124 8332 666 8337
16163 2 2 109 124 642 8335 8341
16164 2 2 109 124 658 8334 8345
16165 2 2 109 124 660 8330 8346
16166 2 2 109 124 662 8331 8344
16167 2 2 109 124 8330 659 8345
16168 2 2 109 124 8331 661 8346
16169 2 2 109 124 25 663 8349
16170 2 2 109 124 657 29 8350
16171 2 2 109 124 8337 667 8348
16172 2 2 109 124 8334 657 8350
16173 2 2 109 124 663 8344 8349
16174 2 2 109 124 8347 8343 8351
16175 2 2 110 125 8359 8360 8370
16176 2 2 110 125 31 671 8363
16177 2 2 110 125 670 31 8363
16178 2 2 110 125 8360 8359 8362
16179 2 2 110 125 645 27 8363
16180 2 2 110 125 8361 8353 8366
16181 2 2 110 125 8358 8353 8361
16182 2 2 110 125 8361 8369 8373
16183 2 2 110 125 646 8357 8360
16184 2 2 110 125 8360 8357 8370
16185 2 2 110 125 8357 671 8370
16186 2 2 110 125 8354 8362 8373
16187 2 2 110 125 8353 8358 8367
16188 2 2 110 125 27 670 8363
16189 2 2 110 125 8364 8354 8365
16190 2 2 110 125 673 674 8355
16191 2 2 110 125 648 647 8354
16192 2 2 110 125 646 645 8357
16193 2 2 110 125 674 675 8358
16194 2 2 110 125 8358 675 8371
16195 2 2 110 125 8354 8360 8362
16196 2 2 110 125 672 673 8359
16197 2 2 110 125 8355 674 8358
16198 2 2 110 125 671 672 8370
16199 2 2 110 125 648 8354 8364
16200 2 2 110 125 647 646 8360
16201 2 2 110 125 8361 8366 8369
16202 2 2 110 125 671 8357 8363
16203 2 2 110 125 673 8355 8359
16204 2 2 110 125 8367 8358 8371
16205 2 2 110 125 8362 8361 8373
16206 2 2 110 125 8355 8358 8361
16207 2 2 110 125 649 648 8364
16208 2 2 110 125 8365 8352 8368
16209 2 2 110 125 649 8364 8372
16210 2 2 110 125 8364 8356 8372
16211 2 2 110 125 8366 8352 8369
16212 2 2 110 125 8359 8355 8362
16213 2 2 110 125 28 649 8372
16214 2 2 110 125 675 32 8371
16215 2 2 110 125 8352 8365 8369
16216 2 2 110 125 8365 8354 8373
16217 2 2 110 125 682 681 8367
16218 2 2 110 125 677 676 8356
16219 2 2 110 125 679 678 8352
16220 2 2 110 125 681 680 8353
16221 2 2 110 125 680 679 8366
16222 2 2 110 125 678 677 8368
16223 2 2 110 125 8356 8364 8365
16224 2 2 110 125 8355 8361 8362
16225 2 2 110 125 8356 8365 8368
16226 2 2 110 125 8354 647 8360
16227 2 2 110 125 8357 645 8363
16228 2 2 110 125 677 8356 8368
16229 2 2 110 125 681 8353 8367
16230 2 2 110 125 679 8352 8366
16231 2 2 110 125 8353 680 8366
16232 2 2 110 125 8352 678 8368
16233 2 2 110 125 32 682 8371
16234 2 2 110 125 676 28 8372
16235 2 2 110 125 8356 676 8372
16236 2 2 110 125 682 8367 8371
16237 2 2 110 125 672 8359 8370
16238 2 2 110 125 8369 8365 8373
16239 2 2 110 126 694 34 8385
16240 2 2 110 126 34 695 8385
16241 2 2 110 126 8381 8382 8384
16242 2 2 110 126 30 668 8385
16243 2 2 110 126 8383 8375 8390
16244 2 2 110 126 8380 8375 8383
16245 2 2 110 126 8383 8391 8395
16246 2 2 110 126 694 8379 8392
16247 2 2 110 126 8376 8384 8395
16248 2 2 110 126 693 694 8392
16249 2 2 110 126 8375 8380 8388
16250 2 2 110 126 8382 8381 8392
16251 2 2 110 126 695 30 8385
16252 2 2 110 126 8386 8376 8387
16253 2 2 110 126 666 665 8377
16254 2 2 110 126 691 692 8376
16255 2 2 110 126 668 667 8379
16256 2 2 110 126 665 664 8380
16257 2 2 110 126 8380 664 8394
16258 2 2 110 126 8376 8381 8384
16259 2 2 110 126 667 666 8382
16260 2 2 110 126 8377 665 8380
16261 2 2 110 126 8379 667 8382
16262 2 2 110 126 691 8376 8386
16263 2 2 110 126 692 693 8381
16264 2 2 110 126 8383 8390 8391
16265 2 2 110 126 8379 694 8385
16266 2 2 110 126 666 8377 8382
16267 2 2 110 126 8388 8380 8394
16268 2 2 110 126 8384 8383 8395
16269 2 2 110 126 8377 8380 8383
16270 2 2 110 126 690 691 8386
16271 2 2 110 126 8387 8374 8389
16272 2 2 110 126 690 8386 8393
16273 2 2 110 126 8386 8378 8393
16274 2 2 110 126 8390 8374 8391
16275 2 2 110 126 8382 8377 8384
16276 2 2 110 126 664 29 8394
16277 2 2 110 126 33 690 8393
16278 2 2 110 126 8379 8382 8392
16279 2 2 110 126 8374 8387 8391
16280 2 2 110 126 8387 8376 8395
16281 2 2 110 126 688 687 8375
16282 2 2 110 126 684 683 8378
16283 2 2 110 126 686 685 8374
16284 2 2 110 126 689 688 8388
16285 2 2 110 126 687 686 8390
16286 2 2 110 126 685 684 8389
16287 2 2 110 126 8378 8386 8387
16288 2 2 110 126 8377 8383 8384
16289 2 2 110 126 8378 8387 8389
16290 2 2 110 126 8376 692 8381
16291 2 2 110 126 668 8379 8385
16292 2 2 110 126 686 8374 8390
16293 2 2 110 126 688 8375 8388
16294 2 2 110 126 8374 685 8389
16295 2 2 110 126 8375 687 8390
16296 2 2 110 126 684 8378 8389
16297 2 2 110 126 29 689 8394
16298 2 2 110 126 683 33 8393
16299 2 2 110 126 8381 693 8392
16300 2 2 110 126 689 8388 8394
16301 2 2 110 126 8378 683 8393
16302 2 2 110 126 8391 8387 8395
16303 2 2 111 127 671 31 8407
16304 2 2 111 127 31 696 8407
16305 2 2 111 127 8404 8403 8406
16306 2 2 111 127 35 697 8407
16307 2 2 111 127 8405 8397 8411
16308 2 2 111 127 8402 8397 8405
16309 2 2 111 127 8405 8413 8417
16310 2 2 111 127 671 8401 8414
16311 2 2 111 127 8398 8406 8417
16312 2 2 111 127 672 671 8414
16313 2 2 111 127 8397 8402 8410
16314 2 2 111 127 8403 8404 8414
16315 2 2 111 127 696 35 8407
16316 2 2 111 127 8408 8398 8409
16317 2 2 111 127 674 673 8398
16318 2 2 111 127 699 700 8399
16319 2 2 111 127 697 698 8401
16320 2 2 111 127 700 701 8402
16321 2 2 111 127 8402 701 8416
16322 2 2 111 127 8398 8404 8406
16323 2 2 111 127 698 699 8403
16324 2 2 111 127 8399 700 8402
16325 2 2 111 127 8401 698 8403
16326 2 2 111 127 674 8398 8408
16327 2 2 111 127 673 672 8404
16328 2 2 111 127 8405 8411 8413
16329 2 2 111 127 8401 671 8407
16330 2 2 111 127 699 8399 8403
16331 2 2 111 127 8410 8402 8416
16332 2 2 111 127 8406 8405 8417
16333 2 2 111 127 8399 8402 8405
16334 2 2 111 127 675 674 8408
16335 2 2 111 127 8409 8396 8412
16336 2 2 111 127 675 8408 8415
16337 2 2 111 127 8408 8400 8415
16338 2 2 111 127 8411 8396 8413
16339 2 2 111 127 8403 8399 8406
16340 2 2 111 127 32 675 8415
16341 2 2 111 127 701 36 8416
16342 2 2 111 127 8401 8403 8414
16343 2 2 111 127 8396 8409 8413
16344 2 2 111 127 8409 8398 8417
16345 2 2 111 127 703 702 8400
16346 2 2 111 127 705 704 8396
16347 2 2 111 127 707 706 8397
16348 2 2 111 127 704 703 8412
16349 2 2 111 127 708 707 8410
16350 2 2 111 127 706 705 8411
16351 2 2 111 127 8400 8408 8409
16352 2 2 111 127 8399 8405 8406
16353 2 2 111 127 8400 8409 8412
16354 2 2 111 127 8398 673 8404
16355 2 2 111 127 697 8401 8407
16356 2 2 111 127 705 8396 8411
16357 2 2 111 127 8396 704 8412
16358 2 2 111 127 703 8400 8412
16359 2 2 111 127 707 8397 8410
16360 2 2 111 127 8397 706 8411
16361 2 2 111 127 36 708 8416
16362 2 2 111 127 702 32 8415
16363 2 2 111 127 8404 672 8414
16364 2 2 111 127 8400 702 8415
16365 2 2 111 127 708 8410 8416
16366 2 2 111 127 8413 8409 8417
16367 2 2 111 128 720 38 8429
16368 2 2 111 128 38 721 8429
16369 2 2 111 128 8425 8426 8428
16370 2 2 111 128 34 694 8429
16371 2 2 111 128 8427 8419 8434
16372 2 2 111 128 8424 8419 8427
16373 2 2 111 128 8427 8435 8439
16374 2 2 111 128 720 8423 8436
16375 2 2 111 128 8420 8428 8439
16376 2 2 111 128 719 720 8436
16377 2 2 111 128 8419 8424 8433
16378 2 2 111 128 8426 8425 8436
16379 2 2 111 128 721 34 8429
16380 2 2 111 128 8430 8420 8431
16381 2 2 111 128 692 691 8421
16382 2 2 111 128 717 718 8420
16383 2 2 111 128 694 693 8423
16384 2 2 111 128 691 690 8424
16385 2 2 111 128 8424 690 8437
16386 2 2 111 128 8420 8425 8428
16387 2 2 111 128 693 692 8426
16388 2 2 111 128 8421 691 8424
16389 2 2 111 128 8423 693 8426
16390 2 2 111 128 717 8420 8430
16391 2 2 111 128 718 719 8425
16392 2 2 111 128 8427 8434 8435
16393 2 2 111 128 8423 720 8429
16394 2 2 111 128 692 8421 8426
16395 2 2 111 128 8433 8424 8437
16396 2 2 111 128 8428 8427 8439
16397 2 2 111 128 8421 8424 8427
16398 2 2 111 128 716 717 8430
16399 2 2 111 128 8431 8418 8432
16400 2 2 111 128 716 8430 8438
16401 2 2 111 128 8430 8422 8438
16402 2 2 111 128 8434 8418 8435
16403 2 2 111 128 8426 8421 8428
16404 2 2 111 128 690 33 8437
16405 2 2 111 128 37 716 8438
16406 2 2 111 128 8423 8426 8436
16407 2 2 111 128 8418 8431 8435
16408 2 2 111 128 8431 8420 8439
16409 2 2 111 128 710 709 8422
16410 2 2 111 128 712 711 8418
16411 2 2 111 128 714 713 8419
16412 2 2 111 128 715 714 8433
16413 2 2 111 128 711 710 8432
16414 2 2 111 128 713 712 8434
16415 2 2 111 128 8422 8430 8431
16416 2 2 111 128 8421 8427 8428
16417 2 2 111 128 8422 8431 8432
16418 2 2 111 128 8420 718 8425
16419 2 2 111 128 694 8423 8429
16420 2 2 111 128 714 8419 8433
16421 2 2 111 128 710 8422 8432
16422 2 2 111 128 8419 713 8434
16423 2 2 111 128 8418 711 8432
16424 2 2 111 128 712 8418 8434
16425 2 2 111 128 33 715 8437
16426 2 2 111 128 709 37 8438
16427 2 2 111 128 8425 719 8436
16428 2 2 111 128 8422 709 8438
16429 2 2 111 128 715 8433 8437
16430 2 2 111 128 8435 8431 8439
16431 2 2 112 129 697 35 8451
16432 2 2 112 129 35 722 8451
16433 2 2 112 129 8447 8448 8450
16434 2 2 112 129 39 723 8451
16435 2 2 112 129 8449 8441 8454
16436 2 2 112 129 8446 8441 8449
16437 2 2 112 129 8449 8457 8461
16438 2 2 112 129 697 8445 8458
16439 2 2 112 129 8442 8450 8461
16440 2 2 112 129 698 697 8458
16441 2 2 112 129 8441 8446 8455
16442 2 2 112 129 8448 8447 8458
16443 2 2 112 129 722 39 8451
16444 2 2 112 129 8452 8442 8453
16445 2 2 112 129 700 699 8442
16446 2 2 112 129 725 726 8443
16447 2 2 112 129 723 724 8445
16448 2 2 112 129 726 727 8446
16449 2 2 112 129 8446 727 8460
16450 2 2 112 129 8442 8447 8450
16451 2 2 112 129 724 725 8448
16452 2 2 112 129 8443 726 8446
16453 2 2 112 129 8445 724 8448
16454 2 2 112 129 700 8442 8452
16455 2 2 112 129 699 698 8447
16456 2 2 112 129 8449 8454 8457
16457 2 2 112 129 8445 697 8451
16458 2 2 112 129 725 8443 8448
16459 2 2 112 129 8455 8446 8460
16460 2 2 112 129 8450 8449 8461
16461 2 2 112 129 8443 8446 8449
16462 2 2 112 129 701 700 8452
16463 2 2 112 129 8453 8440 8456
16464 2 2 112 129 701 8452 8459
16465 2 2 112 129 8452 8444 8459
16466 2 2 112 129 8454 8440 8457
16467 2 2 112 129 8448 8443 8450
16468 2 2 112 129 36 701 8459
16469 2 2 112 129 727 40 8460
16470 2 2 112 129 8445 8448 8458
16471 2 2 112 129 8440 8453 8457
16472 2 2 112 129 8453 8442 8461
16473 2 2 112 129 730 729 8456
16474 2 2 112 129 731 730 8440
16475 2 2 112 129 733 732 8441
16476 2 2 112 129 729 728 8444
16477 2 2 112 129 734 733 8455
16478 2 2 112 129 732 731 8454
16479 2 2 112 129 8444 8452 8453
16480 2 2 112 129 8443 8449 8450
16481 2 2 112 129 8444 8453 8456
16482 2 2 112 129 8442 699 8447
16483 2 2 112 129 723 8445 8451
16484 2 2 112 129 8440 730 8456
16485 2 2 112 129 731 8440 8454
16486 2 2 112 129 733 8441 8455
16487 2 2 112 129 729 8444 8456
16488 2 2 112 129 8441 732 8454
16489 2 2 112 129 40 734 8460
16490 2 2 112 129 728 36 8459
16491 2 2 112 129 8447 698 8458
16492 2 2 112 129 8444 728 8459
16493 2 2 112 129 734 8455 8460
16494 2 2 112 129 8457 8453 8461
16495 2 2 112 130 8469 8470 8480
16496 2 2 112 130 38 720 8473
16497 2 2 112 130 747 38 8473
16498 2 2 112 130 8470 8469 8472
16499 2 2 112 130 746 42 8473
16500 2 2 112 130 8463 8471 8476
16501 2 2 112 130 8463 8468 8471
16502 2 2 112 130 745 8467 8470
16503 2 2 112 130 8470 8467 8480
16504 2 2 112 130 8467 720 8480
16505 2 2 112 130 8468 8463 8477
16506 2 2 112 130 8479 8472 8483
16507 2 2 112 130 8469 8464 8472
16508 2 2 112 130 8472 8464 8483
16509 2 2 112 130 42 747 8473
16510 2 2 112 130 8471 8472 8479
16511 2 2 112 130 718 717 8464
16512 2 2 112 130 743 744 8465
16513 2 2 112 130 745 746 8467
16514 2 2 112 130 742 743 8468
16515 2 2 112 130 742 8468 8482
16516 2 2 112 130 719 718 8469
16517 2 2 112 130 743 8465 8468
16518 2 2 112 130 720 719 8480
16519 2 2 112 130 8464 717 8474
16520 2 2 112 130 744 745 8470
16521 2 2 112 130 8476 8471 8479
16522 2 2 112 130 720 8467 8473
16523 2 2 112 130 718 8464 8469
16524 2 2 112 130 8468 8477 8482
16525 2 2 112 130 8468 8465 8471
16526 2 2 112 130 717 716 8474
16527 2 2 112 130 8462 8475 8478
16528 2 2 112 130 8474 716 8481
16529 2 2 112 130 8466 8474 8481
16530 2 2 112 130 8462 8476 8479
16531 2 2 112 130 8464 8474 8483
16532 2 2 112 130 716 37 8481
16533 2 2 112 130 41 742 8482
16534 2 2 112 130 8475 8462 8479
16535 2 2 112 130 736 735 8477
16536 2 2 112 130 741 740 8466
16537 2 2 112 130 739 738 8462
16538 2 2 112 130 737 736 8463
16539 2 2 112 130 738 737 8476
16540 2 2 112 130 740 739 8478
16541 2 2 112 130 8474 8475 8483
16542 2 2 112 130 8474 8466 8475
16543 2 2 112 130 8471 8465 8472
16544 2 2 112 130 8475 8466 8478
16545 2 2 112 130 8465 744 8470
16546 2 2 112 130 8465 8470 8472
16547 2 2 112 130 8467 746 8473
16548 2 2 112 130 8463 736 8477
16549 2 2 112 130 737 8463 8476
16550 2 2 112 130 8466 740 8478
16551 2 2 112 130 8462 738 8476
16552 2 2 112 130 739 8462 8478
16553 2 2 112 130 735 41 8482
16554 2 2 112 130 37 741 8481
16555 2 2 112 130 741 8466 8481
16556 2 2 112 130 8477 735 8482
16557 2 2 112 130 719 8469 8480
16558 2 2 112 130 8475 8479 8483
16559 2 2 113 131 8492 8491 8502
16560 2 2 113 131 43 749 8495
16561 2 2 113 131 748 43 8495
16562 2 2 113 131 8491 8492 8494
16563 2 2 113 131 723 39 8495
16564 2 2 113 131 8493 8485 8498
16565 2 2 113 131 8490 8485 8493
16566 2 2 113 131 8493 8501 8505
16567 2 2 113 131 724 8489 8491
16568 2 2 113 131 8491 8489 8502
16569 2 2 113 131 8489 749 8502
16570 2 2 113 131 8486 8494 8505
16571 2 2 113 131 8485 8490 8500
16572 2 2 113 131 39 748 8495
16573 2 2 113 131 8496 8486 8497
16574 2 2 113 131 751 752 8487
16575 2 2 113 131 726 725 8486
16576 2 2 113 131 724 723 8489
16577 2 2 113 131 752 753 8490
16578 2 2 113 131 8490 753 8504
16579 2 2 113 131 8486 8491 8494
16580 2 2 113 131 750 751 8492
16581 2 2 113 131 8487 752 8490
16582 2 2 113 131 749 750 8502
16583 2 2 113 131 726 8486 8496
16584 2 2 113 131 725 724 8491
16585 2 2 113 131 8493 8498 8501
16586 2 2 113 131 749 8489 8495
16587 2 2 113 131 751 8487 8492
16588 2 2 113 131 8500 8490 8504
16589 2 2 113 131 8494 8493 8505
16590 2 2 113 131 8487 8490 8493
16591 2 2 113 131 727 726 8496
16592 2 2 113 131 8497 8484 8499
16593 2 2 113 131 727 8496 8503
16594 2 2 113 131 8496 8488 8503
16595 2 2 113 131 8498 8484 8501
16596 2 2 113 131 8492 8487 8494
16597 2 2 113 131 753 44 8504
16598 2 2 113 131 40 727 8503
16599 2 2 113 131 8484 8497 8501
16600 2 2 113 131 8497 8486 8505
16601 2 2 113 131 758 757 8498
16602 2 2 113 131 755 754 8488
16603 2 2 113 131 757 756 8484
16604 2 2 113 131 759 758 8485
16605 2 2 113 131 760 759 8500
16606 2 2 113 131 756 755 8499
16607 2 2 113 131 8488 8496 8497
16608 2 2 113 131 8487 8493 8494
16609 2 2 113 131 8488 8497 8499
16610 2 2 113 131 8486 725 8491
16611 2 2 113 131 8489 723 8495
16612 2 2 113 131 757 8484 8498
16613 2 2 113 131 8485 758 8498
16614 2 2 113 131 8484 756 8499
16615 2 2 113 131 759 8485 8500
16616 2 2 113 131 755 8488 8499
16617 2 2 113 131 44 760 8504
16618 2 2 113 131 754 40 8503
16619 2 2 113 131 8488 754 8503
16620 2 2 113 131 760 8500 8504
16621 2 2 113 131 750 8492 8502
16622 2 2 113 131 8501 8497 8505
16623 2 2 113 132 8513 8514 8524
16624 2 2 113 132 42 746 8517
16625 2 2 113 132 773 42 8517
16626 2 2 113 132 8514 8513 8516
16627 2 2 113 132 772 46 8517
16628 2 2 113 132 8507 8515 8522
16629 2 2 113 132 8507 8512 8515
16630 2 2 113 132 771 8511 8514
16631 2 2 113 132 8514 8511 8524
16632 2 2 113 132 8511 746 8524
16633 2 2 113 132 8512 8507 8520
16634 2 2 113 132 8523 8516 8527
16635 2 2 113 132 8513 8508 8516
16636 2 2 113 132 8516 8508 8527
16637 2 2 113 132 46 773 8517
16638 2 2 113 132 8515 8516 8523
16639 2 2 113 132 769 770 8509
16640 2 2 113 132 744 743 8508
16641 2 2 113 132 771 772 8511
16642 2 2 113 132 768 769 8512
16643 2 2 113 132 768 8512 8526
16644 2 2 113 132 745 744 8513
16645 2 2 113 132 769 8509 8512
16646 2 2 113 132 746 745 8524
16647 2 2 113 132 8508 743 8518
16648 2 2 113 132 770 771 8514
16649 2 2 113 132 8522 8515 8523
16650 2 2 113 132 746 8511 8517
16651 2 2 113 132 744 8508 8513
16652 2 2 113 132 8512 8520 8526
16653 2 2 113 132 8512 8509 8515
16654 2 2 113 132 743 742 8518
16655 2 2 113 132 8506 8519 8521
16656 2 2 113 132 8518 742 8525
16657 2 2 113 132 8510 8518 8525
16658 2 2 113 132 8506 8522 8523
16659 2 2 113 132 8508 8518 8527
16660 2 2 113 132 742 41 8525
16661 2 2 113 132 45 768 8526
16662 2 2 113 132 8519 8506 8523
16663 2 2 113 132 762 761 8520
16664 2 2 113 132 763 762 8507
16665 2 2 113 132 765 764 8506
16666 2 2 113 132 767 766 8510
16667 2 2 113 132 764 763 8522
16668 2 2 113 132 766 765 8521
16669 2 2 113 132 8518 8519 8527
16670 2 2 113 132 8518 8510 8519
16671 2 2 113 132 8515 8509 8516
16672 2 2 113 132 8519 8510 8521
16673 2 2 113 132 8509 770 8514
16674 2 2 113 132 8509 8514 8516
16675 2 2 113 132 8511 772 8517
16676 2 2 113 132 8510 766 8521
16677 2 2 113 132 8507 762 8520
16678 2 2 113 132 8506 764 8522
16679 2 2 113 132 763 8507 8522
16680 2 2 113 132 765 8506 8521
16681 2 2 113 132 761 45 8526
16682 2 2 113 132 41 767 8525
16683 2 2 113 132 767 8510 8525
16684 2 2 113 132 8520 761 8526
16685 2 2 113 132 745 8513 8524
16686 2 2 113 132 8519 8523 8527
16687 2 2 114 133 8536 8535 8546
16688 2 2 114 133 47 775 8539
16689 2 2 114 133 774 47 8539
16690 2 2 114 133 8535 8536 8538
16691 2 2 114 133 749 43 8539
16692 2 2 114 133 8537 8529 8544
16693 2 2 114 133 8534 8529 8537
16694 2 2 114 133 8537 8545 8549
16695 2 2 114 133 750 8533 8535
16696 2 2 114 133 8535 8533 8546
16697 2 2 114 133 8533 775 8546
16698 2 2 114 133 8530 8538 8549
16699 2 2 114 133 8529 8534 8543
16700 2 2 114 133 43 774 8539
16701 2 2 114 133 8540 8530 8541
16702 2 2 114 133 777 778 8531
16703 2 2 114 133 752 751 8530
16704 2 2 114 133 750 749 8533
16705 2 2 114 133 778 779 8534
16706 2 2 114 133 8534 779 8548
16707 2 2 114 133 8530 8535 8538
16708 2 2 114 133 776 777 8536
16709 2 2 114 133 8531 778 8534
16710 2 2 114 133 775 776 8546
16711 2 2 114 133 752 8530 8540
16712 2 2 114 133 751 750 8535
16713 2 2 114 133 8537 8544 8545
16714 2 2 114 133 775 8533 8539
16715 2 2 114 133 777 8531 8536
16716 2 2 114 133 8543 8534 8548
16717 2 2 114 133 8538 8537 8549
16718 2 2 114 133 8531 8534 8537
16719 2 2 114 133 753 752 8540
16720 2 2 114 133 8541 8528 8542
16721 2 2 114 133 753 8540 8547
16722 2 2 114 133 8540 8532 8547
16723 2 2 114 133 8544 8528 8545
16724 2 2 114 133 8536 8531 8538
16725 2 2 114 133 44 753 8547
16726 2 2 114 133 779 48 8548
16727 2 2 114 133 8528 8541 8545
16728 2 2 114 133 8541 8530 8549
16729 2 2 114 133 782 781 8542
16730 2 2 114 133 781 780 8532
16731 2 2 114 133 783 782 8528
16732 2 2 114 133 785 784 8529
16733 2 2 114 133 786 785 8543
16734 2 2 114 133 784 783 8544
16735 2 2 114 133 8532 8540 8541
16736 2 2 114 133 8531 8537 8538
16737 2 2 114 133 8532 8541 8542
16738 2 2 114 133 8530 751 8535
16739 2 2 114 133 8533 749 8539
16740 2 2 114 133 785 8529 8543
16741 2 2 114 133 781 8532 8542
16742 2 2 114 133 8528 782 8542
16743 2 2 114 133 8529 784 8544
16744 2 2 114 133 783 8528 8544
16745 2 2 114 133 48 786 8548
16746 2 2 114 133 780 44 8547
16747 2 2 114 133 8532 780 8547
16748 2 2 114 133 786 8543 8548
16749 2 2 114 133 776 8536 8546
16750 2 2 114 133 8545 8541 8549
16751 2 2 114 134 798 50 8561
16752 2 2 114 134 50 799 8561
16753 2 2 114 134 8558 8557 8560
16754 2 2 114 134 46 772 8561
16755 2 2 114 134 8551 8559 8566
16756 2 2 114 134 8551 8556 8559
16757 2 2 114 134 798 8555 8568
16758 2 2 114 134 797 798 8568
16759 2 2 114 134 8556 8551 8564
16760 2 2 114 134 8567 8560 8571
16761 2 2 114 134 8557 8552 8560
16762 2 2 114 134 8560 8552 8571
16763 2 2 114 134 8557 8558 8568
16764 2 2 114 134 799 46 8561
16765 2 2 114 134 8559 8560 8567
16766 2 2 114 134 795 796 8553
16767 2 2 114 134 770 769 8552
16768 2 2 114 134 772 771 8555
16769 2 2 114 134 794 795 8556
16770 2 2 114 134 794 8556 8569
16771 2 2 114 134 771 770 8557
16772 2 2 114 134 795 8553 8556
16773 2 2 114 134 8555 771 8557
16774 2 2 114 134 8552 769 8562
16775 2 2 114 134 796 797 8558
16776 2 2 114 134 8566 8559 8567
16777 2 2 114 134 8555 798 8561
16778 2 2 114 134 770 8552 8557
16779 2 2 114 134 8556 8564 8569
16780 2 2 114 134 8556 8553 8559
16781 2 2 114 134 769 768 8562
16782 2 2 114 134 8550 8563 8565
16783 2 2 114 134 8562 768 8570
16784 2 2 114 134 8554 8562 8570
16785 2 2 114 134 8550 8566 8567
16786 2 2 114 134 8552 8562 8571
16787 2 2 114 134 768 45 8570
16788 2 2 114 134 49 794 8569
16789 2 2 114 134 8555 8557 8568
16790 2 2 114 134 8563 8550 8567
16791 2 2 114 134 788 787 8564
16792 2 2 114 134 789 788 8551
16793 2 2 114 134 791 790 8550
16794 2 2 114 134 793 792 8554
16795 2 2 114 134 792 791 8565
16796 2 2 114 134 790 789 8566
16797 2 2 114 134 8562 8563 8571
16798 2 2 114 134 8562 8554 8563
16799 2 2 114 134 8559 8553 8560
16800 2 2 114 134 8563 8554 8565
16801 2 2 114 134 8553 796 8558
16802 2 2 114 134 8553 8558 8560
16803 2 2 114 134 772 8555 8561
16804 2 2 114 134 8551 788 8564
16805 2 2 114 134 8550 790 8566
16806 2 2 114 134 8554 792 8565
16807 2 2 114 134 791 8550 8565
16808 2 2 114 134 789 8551 8566
16809 2 2 114 134 787 49 8569
16810 2 2 114 134 45 793 8570
16811 2 2 114 134 8558 797 8568
16812 2 2 114 134 8564 787 8569
16813 2 2 114 134 793 8554 8570
16814 2 2 114 134 8563 8567 8571
16815 2 2 115 135 8580 8579 8590
16816 2 2 115 135 51 801 8583
16817 2 2 115 135 800 51 8583
16818 2 2 115 135 8579 8580 8582
16819 2 2 115 135 775 47 8583
16820 2 2 115 135 8573 8581 8586
16821 2 2 115 135 8573 8578 8581
16822 2 2 115 135 776 8577 8579
16823 2 2 115 135 8579 8577 8590
16824 2 2 115 135 8577 801 8590
16825 2 2 115 135 8578 8573 8587
16826 2 2 115 135 8589 8582 8593
16827 2 2 115 135 8580 8574 8582
16828 2 2 115 135 8582 8574 8593
16829 2 2 115 135 47 800 8583
16830 2 2 115 135 8581 8582 8589
16831 2 2 115 135 803 804 8574
16832 2 2 115 135 778 777 8575
16833 2 2 115 135 776 775 8577
16834 2 2 115 135 779 778 8578
16835 2 2 115 135 779 8578 8591
16836 2 2 115 135 802 803 8580
16837 2 2 115 135 778 8575 8578
16838 2 2 115 135 801 802 8590
16839 2 2 115 135 8574 804 8584
16840 2 2 115 135 777 776 8579
16841 2 2 115 135 8586 8581 8589
16842 2 2 115 135 801 8577 8583
16843 2 2 115 135 803 8574 8580
16844 2 2 115 135 8578 8587 8591
16845 2 2 115 135 8578 8575 8581
16846 2 2 115 135 804 805 8584
16847 2 2 115 135 8572 8585 8588
16848 2 2 115 135 8584 805 8592
16849 2 2 115 135 8576 8584 8592
16850 2 2 115 135 8572 8586 8589
16851 2 2 115 135 8574 8584 8593
16852 2 2 115 135 805 52 8592
16853 2 2 115 135 48 779 8591
16854 2 2 115 135 8585 8572 8589
16855 2 2 115 135 809 808 8586
16856 2 2 115 135 810 809 8572
16857 2 2 115 135 812 811 8576
16858 2 2 115 135 808 807 8573
16859 2 2 115 135 807 806 8587
16860 2 2 115 135 811 810 8588
16861 2 2 115 135 8584 8585 8593
16862 2 2 115 135 8584 8576 8585
16863 2 2 115 135 8581 8575 8582
16864 2 2 115 135 8585 8576 8588
16865 2 2 115 135 8575 777 8579
16866 2 2 115 135 8575 8579 8582
16867 2 2 115 135 8577 775 8583
16868 2 2 115 135 808 8573 8586
16869 2 2 115 135 8572 809 8586
16870 2 2 115 135 810 8572 8588
16871 2 2 115 135 8573 807 8587
16872 2 2 115 135 8576 811 8588
16873 2 2 115 135 52 812 8592
16874 2 2 115 135 806 48 8591
16875 2 2 115 135 812 8576 8592
16876 2 2 115 135 8587 806 8591
16877 2 2 115 135 802 8580 8590
16878 2 2 115 135 8585 8589 8593
16879 2 2 115 136 824 54 8605
16880 2 2 115 136 54 825 8605
16881 2 2 115 136 8602 8601 8604
16882 2 2 115 136 50 798 8605
16883 2 2 115 136 8595 8603 8608
16884 2 2 115 136 8595 8600 8603
16885 2 2 115 136 824 8599 8612
16886 2 2 115 136 823 824 8612
16887 2 2 115 136 8600 8595 8610
16888 2 2 115 136 8611 8604 8615
16889 2 2 115 136 8601 8596 8604
16890 2 2 115 136 8604 8596 8615
16891 2 2 115 136 8601 8602 8612
16892 2 2 115 136 825 50 8605
16893 2 2 115 136 8603 8604 8611
16894 2 2 115 136 821 822 8597
16895 2 2 115 136 796 795 8596
16896 2 2 115 136 798 797 8599
16897 2 2 115 136 820 821 8600
16898 2 2 115 136 820 8600 8613
16899 2 2 115 136 797 796 8601
16900 2 2 115 136 821 8597 8600
16901 2 2 115 136 8599 797 8601
16902 2 2 115 136 8596 795 8606
16903 2 2 115 136 822 823 8602
16904 2 2 115 136 8608 8603 8611
16905 2 2 115 136 8599 824 8605
16906 2 2 115 136 796 8596 8601
16907 2 2 115 136 8600 8610 8613
16908 2 2 115 136 8600 8597 8603
16909 2 2 115 136 795 794 8606
16910 2 2 115 136 8594 8607 8609
16911 2 2 115 136 8606 794 8614
16912 2 2 115 136 8598 8606 8614
16913 2 2 115 136 8594 8608 8611
16914 2 2 115 136 8596 8606 8615
16915 2 2 115 136 794 49 8614
16916 2 2 115 136 53 820 8613
16917 2 2 115 136 8599 8601 8612
16918 2 2 115 136 8607 8594 8611
16919 2 2 115 136 816 815 8608
16920 2 2 115 136 817 816 8594
16921 2 2 115 136 819 818 8598
16922 2 2 115 136 815 814 8595
16923 2 2 115 136 818 817 8609
16924 2 2 115 136 814 813 8610
16925 2 2 115 136 8606 8607 8615
16926 2 2 115 136 8606 8598 8607
16927 2 2 115 136 8603 8597 8604
16928 2 2 115 136 8607 8598 8609
16929 2 2 115 136 8597 822 8602
16930 2 2 115 136 8597 8602 8604
16931 2 2 115 136 798 8599 8605
16932 2 2 115 136 817 8594 8609
16933 2 2 115 136 8594 816 8608
16934 2 2 115 136 815 8595 8608
16935 2 2 115 136 8595 814 8610
16936 2 2 115 136 8598 818 8609
16937 2 2 115 136 813 53 8613
16938 2 2 115 136 49 819 8614
16939 2 2 115 136 8602 823 8612
16940 2 2 115 136 819 8598 8614
16941 2 2 115 136 8610 813 8613
16942 2 2 115 136 8607 8611 8615
16943 2 2 2 1200 914 8734 915
16944 2 2 2 1200 971 8736 972
16945 2 2 2 1200 995 8735 996
16946 2 2 2 1200 953 8737 954
16947 2 2 2 1200 1034 8738 1035
16948 2 2 2 1200 1052 8739 1053
16949 2 2 2 1200 933 8732 934
16950 2 2 2 1200 1014 8733 1015
16951 2 2 2 1200 912 8731 913
16952 2 2 2 1200 993 8727 994
16953 2 2 2 1200 951 8728 952
16954 2 2 2 1200 973 8730 974
16955 2 2 2 1200 1032 8726 1033
16956 2 2 2 1200 1054 8729 1055
16957 2 2 2 1200 1016 8724 1017
16958 2 2 2 1200 935 8725 936
16959 2 2 2 1200 1056 8719 1057
16960 2 2 2 1200 1030 8718 1031
16961 2 2 2 1200 949 8720 950
16962 2 2 2 1200 991 8723 992
16963 2 2 2 1200 975 8721 976
16964 2 2 2 1200 910 8722 911
16965 2 2 2 1200 971 8908 8736
16966 2 2 2 1200 8735 8911 996
16967 2 2 2 1200 8734 8912 915
16968 2 2 2 1200 8737 8910 954
16969 2 2 2 1200 8738 8909 1035
16970 2 2 2 1200 1052 8913 8739
16971 2 2 2 1200 937 8716 938
16972 2 2 2 1200 1018 8717 1019
16973 2 2 2 1200 1028 8714 1029
16974 2 2 2 1200 1058 8715 1059
16975 2 2 2 1200 947 8711 948
16976 2 2 2 1200 977 8710 978
16977 2 2 2 1200 989 8713 990
16978 2 2 2 1200 908 8712 909
16979 2 2 2 1200 939 8709 940
16980 2 2 2 1200 1020 8708 1021
16981 2 2 2 1200 906 8628 907
16982 2 2 2 1200 1026 8631 1027
16983 2 2 2 1200 1060 8630 1061
16984 2 2 2 1200 945 8626 946
16985 2 2 2 1200 979 8627 980
16986 2 2 2 1200 987 8629 988
16987 2 2 2 1200 941 8622 942
16988 2 2 2 1200 1022 8623 1023
16989 2 2 2 1200 1014 8907 8733
16990 2 2 2 1200 933 8906 8732
16991 2 2 2 1200 57 8616 905
16992 2 2 2 1200 981 8620 982
16993 2 2 2 1200 985 8621 986
16994 2 2 2 1200 1062 8618 58
16995 2 2 2 1200 943 8619 944
16996 2 2 2 1200 1024 8617 1025
16997 2 2 2 1200 1054 8901 8729
16998 2 2 2 1200 8726 8903 1033
16999 2 2 2 1200 8731 8900 913
17000 2 2 2 1200 973 8905 8730
17001 2 2 2 1200 8727 8902 994
17002 2 2 2 1200 8728 8904 952
17003 2 2 2 1200 1513 8633 8632
17004 2 2 2 1200 1514 8633 1513
17005 2 2 2 1200 1427 8635 1426
17006 2 2 2 1200 1510 8642 1509
17007 2 2 2 1200 868 8646 869
17008 2 2 2 1200 1472 8636 1471
17009 2 2 2 1200 1481 8648 1480
17010 2 2 2 1200 1483 8649 1482
17011 2 2 2 1200 1499 8664 1498
17012 2 2 2 1200 841 8658 842
17013 2 2 2 1200 1439 8696 1438
17014 2 2 2 1200 8634 8635 1427
17015 2 2 2 1200 839 8684 840
17016 2 2 2 1200 853 8809 854
17017 2 2 2 1200 861 8644 862
17018 2 2 2 1200 864 8645 865
17019 2 2 2 1200 1454 8695 1453
17020 2 2 2 1200 1458 8643 1457
17021 2 2 2 1200 1604 8706 1603
17022 2 2 2 1200 837 8683 838
17023 2 2 2 1200 857 8639 858
17024 2 2 2 1200 870 8637 871
17025 2 2 2 1200 880 8828 881
17026 2 2 2 1200 882 8659 883
17027 2 2 2 1200 884 8660 885
17028 2 2 2 1200 895 8650 896
17029 2 2 2 1200 900 8651 901
17030 2 2 2 1200 1444 8788 1443
17031 2 2 2 1200 1452 8678 1451
17032 2 2 2 1200 1464 8807 1463
17033 2 2 2 1200 1469 8808 1468
17034 2 2 2 1200 1478 8647 1477
17035 2 2 2 1200 1485 8688 1484
17036 2 2 2 1200 1492 8661 1491
17037 2 2 2 1200 1494 8662 1493
17038 2 2 2 1200 1497 8663 1496
17039 2 2 2 1200 1504 8638 1503
17040 2 2 2 1200 1508 8689 1507
17041 2 2 2 1200 1513 8632 1512
17042 2 2 2 1200 845 8817 846
17043 2 2 2 1200 850 8657 851
17044 2 2 2 1200 855 8641 856
17045 2 2 2 1200 859 8654 860
17046 2 2 2 1200 55 8640 826
17047 2 2 2 1200 1428 8634 1427
17048 2 2 2 1200 1128 8707 1129
17049 2 2 2 1200 1575 8666 1574
17050 2 2 2 1200 1602 8676 1601
17051 2 2 2 1200 827 8655 828
17052 2 2 2 1200 831 8656 832
17053 2 2 2 1200 1441 8697 1440
17054 2 2 2 1200 1450 8698 1449
17055 2 2 2 1200 829 8679 830
17056 2 2 2 1200 1083 8690 1084
17057 2 2 2 1200 1085 8704 1086
17058 2 2 2 1200 1090 8800 1091
17059 2 2 2 1200 1101 8692 1102
17060 2 2 2 1200 1561 8691 1560
17061 2 2 2 1200 1141 8653 57
17062 2 2 2 1200 1064 8699 1065
17063 2 2 2 1200 1074 8685 1075
17064 2 2 2 1200 1094 8680 1095
17065 2 2 2 1200 1099 8681 1100
17066 2 2 2 1200 1126 8675 1127
17067 2 2 2 1200 1134 8652 1135
17068 2 2 2 1200 1136 8693 1137
17069 2 2 2 1200 1543 8700 1542
17070 2 2 2 1200 1547 8802 1546
17071 2 2 2 1200 1552 8803 1551
17072 2 2 2 1200 1556 8794 1555
17073 2 2 2 1200 1567 8798 1566
17074 2 2 2 1200 1570 8799 1569
17075 2 2 2 1200 1577 8667 1576
17076 2 2 2 1200 1580 8668 1579
17077 2 2 2 1200 1582 8669 1581
17078 2 2 2 1200 1585 8670 1584
17079 2 2 2 1200 1587 8671 1586
17080 2 2 2 1200 1590 8672 1589
17081 2 2 2 1200 1592 8673 1591
17082 2 2 2 1200 1595 8674 1594
17083 2 2 2 1200 1597 8831 1596
17084 2 2 2 1200 1607 8789 1606
17085 2 2 2 1200 1610 8677 1609
17086 2 2 2 1200 1612 8790 1611
17087 2 2 2 1200 1087 8703 1088
17088 2 2 2 1200 1092 8687 1093
17089 2 2 2 1200 1096 8694 1097
17090 2 2 2 1200 1078 8665 1079
17091 2 2 2 1200 1534 8682 1533
17092 2 2 2 1200 1066 8705 1067
17093 2 2 2 1200 1072 8778 1073
17094 2 2 2 1200 1076 8686 1077
17095 2 2 2 1200 1081 8701 1082
17096 2 2 2 1200 1541 8702 1540
17097 2 2 2 1200 1428 8864 8634
17098 2 2 2 1200 8632 8865 1512
17099 2 2 2 1200 1504 8857 8638
17100 2 2 2 1200 8636 8844 1471
17101 2 2 2 1200 1604 8842 8706
17102 2 2 2 1200 8808 8853 1468
17103 2 2 2 1200 1534 8856 8682
17104 2 2 2 1200 8647 8845 1477
17105 2 2 2 1200 837 8855 8683
17106 2 2 2 1200 8643 8854 1457
17107 2 2 2 1200 8651 8838 901
17108 2 2 2 1200 8799 8848 1569
17109 2 2 2 1200 8665 8849 1079
17110 2 2 2 1200 8660 8839 885
17111 2 2 2 1200 8666 8843 1574
17112 2 2 2 1200 868 8851 8646
17113 2 2 2 1200 8656 8840 832
17114 2 2 2 1200 8707 8841 1129
17115 2 2 2 1200 8703 8847 1088
17116 2 2 2 1200 850 8852 8657
17117 2 2 2 1200 895 8846 8650
17118 2 2 2 1200 8693 8850 1137
17119 2 2 2 1200 1016 8898 8724
17120 2 2 2 1200 935 8899 8725
17121 2 2 2 1200 32 8866 682
17122 2 2 2 1200 33 8867 715
17123 2 2 2 1200 15 8864 1428
17124 2 2 2 1200 1512 8865 17
17125 2 2 2 1200 684 8871 683
17126 2 2 2 1200 703 8872 702
17127 2 2 2 1200 563 8869 562
17128 2 2 2 1200 814 8868 813
17129 2 2 2 1200 580 8870 579
17130 2 2 2 1200 812 8873 811
17131 2 2 2 1200 8722 8894 911
17132 2 2 2 1200 975 8896 8721
17133 2 2 2 1200 1056 8895 8719
17134 2 2 2 1200 8718 8893 1031
17135 2 2 2 1200 8723 8897 992
17136 2 2 2 1200 8720 8892 950
17137 2 2 2 1200 1122 8858 8777
17138 2 2 2 1200 1112 8859 8792
17139 2 2 2 1200 1107 8861 8791
17140 2 2 2 1200 890 8860 8780
17141 2 2 2 1200 1117 8863 8776
17142 2 2 2 1200 874 8862 8786
17143 2 2 2 1200 55 8944 8640
17144 2 2 2 1200 8653 8945 57
17145 2 2 2 1200 1121 8858 1122
17146 2 2 2 1200 889 8860 890
17147 2 2 2 1200 1111 8859 1112
17148 2 2 2 1200 1116 8863 1117
17149 2 2 2 1200 873 8862 874
17150 2 2 2 1200 1106 8861 1107
17151 2 2 2 1200 1505 8857 1504
17152 2 2 2 1200 836 8855 837
17153 2 2 2 1200 1535 8856 1534
17154 2 2 2 1200 1079 8849 1080
17155 2 2 2 1200 1605 8842 1604
17156 2 2 2 1200 1468 8853 1467
17157 2 2 2 1200 1471 8844 1470
17158 2 2 2 1200 1457 8854 1456
17159 2 2 2 1200 1477 8845 1476
17160 2 2 2 1200 1569 8848 1568
17161 2 2 2 1200 867 8851 868
17162 2 2 2 1200 832 8840 833
17163 2 2 2 1200 885 8839 886
17164 2 2 2 1200 1088 8847 1089
17165 2 2 2 1200 1574 8843 1573
17166 2 2 2 1200 849 8852 850
17167 2 2 2 1200 894 8846 895
17168 2 2 2 1200 901 8838 902
17169 2 2 2 1200 1129 8841 1130
17170 2 2 2 1200 1137 8850 1138
17171 2 2 2 1200 681 8875 680
17172 2 2 2 1200 714 8874 713
17173 2 2 2 1200 937 8890 8716
17174 2 2 2 1200 1018 8891 8717
17175 2 2 2 1200 897 8836 898
17176 2 2 2 1200 843 8835 844
17177 2 2 2 1200 1539 8837 1538
17178 2 2 2 1200 8742 8908 970
17179 2 2 2 1200 955 8910 8746
17180 2 2 2 1200 1036 8909 8744
17181 2 2 2 1200 997 8911 8743
17182 2 2 2 1200 916 8912 8745
17183 2 2 2 1200 8747 8913 1051
17184 2 2 2 1200 1070 8833 1071
17185 2 2 2 1200 1139 8834 1140
17186 2 2 2 1200 1446 8820 1445
17187 2 2 2 1200 1554 8813 1553
17188 2 2 2 1200 1558 8824 1557
17189 2 2 2 1200 1107 8791 1108
17190 2 2 2 1200 1119 8814 1120
17191 2 2 2 1200 1122 8777 1123
17192 2 2 2 1200 1124 8832 1125
17193 2 2 2 1200 1549 8826 1548
17194 2 2 2 1200 1436 8805 1435
17195 2 2 2 1200 1448 8810 1447
17196 2 2 2 1200 1462 8811 1461
17197 2 2 2 1200 1475 8806 1474
17198 2 2 2 1200 1466 8812 1465
17199 2 2 2 1200 1460 8821 1459
17200 2 2 2 1200 1487 8829 1486
17201 2 2 2 1200 834 8781 835
17202 2 2 2 1200 1432 8830 1431
17203 2 2 2 1200 874 8786 875
17204 2 2 2 1200 887 8782 888
17205 2 2 2 1200 890 8780 891
17206 2 2 2 1200 892 8822 893
17207 2 2 2 1200 1104 8804 1105
17208 2 2 2 1200 1109 8796 1110
17209 2 2 2 1200 1112 8792 1113
17210 2 2 2 1200 1114 8793 1115
17211 2 2 2 1200 1117 8776 1118
17212 2 2 2 1200 1131 8797 1132
17213 2 2 2 1200 1489 8815 1488
17214 2 2 2 1200 1563 8825 1562
17215 2 2 2 1200 1565 8823 1564
17216 2 2 2 1200 1572 8819 1571
17217 2 2 2 1200 1599 8816 1598
17218 2 2 2 1200 1545 8818 1544
17219 2 2 2 1200 878 8795 879
17220 2 2 2 1200 876 8783 877
17221 2 2 2 1200 903 8827 904
17222 2 2 2 1200 847 8801 848
17223 2 2 2 1200 1434 8787 1433
17224 2 2 2 1200 1502 8785 1501
17225 2 2 2 1200 1068 8779 1069
17226 2 2 2 1200 1537 8784 1536
17227 2 2 2 1200 53 8624 1531
17228 2 2 2 1200 1615 8625 52
17229 2 2 2 1200 565 8880 564
17230 2 2 2 1200 578 8879 577
17231 2 2 2 1200 816 8881 815
17232 2 2 2 1200 686 8877 685
17233 2 2 2 1200 705 8878 704
17234 2 2 2 1200 810 8876 809
17235 2 2 2 1200 977 8884 8710
17236 2 2 2 1200 8713 8885 990
17237 2 2 2 1200 8712 8888 909
17238 2 2 2 1200 8714 8886 1029
17239 2 2 2 1200 8711 8887 948
17240 2 2 2 1200 1058 8889 8715
17241 2 2 2 1200 8741 8906 932
17242 2 2 2 1200 8740 8907 1013
17243 2 2 2 1200 57 8624 8616
17244 2 2 2 1200 8618 8625 58
17245 2 2 2 1200 679 8883 678
17246 2 2 2 1200 712 8882 711
17247 2 2 2 1200 914 8900 8734
17248 2 2 2 1200 8736 8905 972
17249 2 2 2 1200 995 8902 8735
17250 2 2 2 1200 953 8904 8737
17251 2 2 2 1200 1034 8903 8738
17252 2 2 2 1200 8739 8901 1053
17253 2 2 2 1200 1020 8883 8708
17254 2 2 2 1200 939 8882 8709
17255 2 2 2 1200 808 8889 807
17256 2 2 2 1200 688 8887 687
17257 2 2 2 1200 707 8886 706
17258 2 2 2 1200 818 8888 817
17259 2 2 2 1200 576 8884 575
17260 2 2 2 1200 567 8885 566
17261 2 2 2 1200 8732 8899 934
17262 2 2 2 1200 8733 8898 1015
17263 2 2 2 1200 1060 8876 8630
17264 2 2 2 1200 8631 8878 1027
17265 2 2 2 1200 8626 8877 946
17266 2 2 2 1200 8629 8880 988
17267 2 2 2 1200 979 8879 8627
17268 2 2 2 1200 8628 8881 907
17269 2 2 2 1200 677 8891 676
17270 2 2 2 1200 710 8890 709
17271 2 2 2 1200 912 8894 8731
17272 2 2 2 1200 993 8897 8727
17273 2 2 2 1200 951 8892 8728
17274 2 2 2 1200 1032 8893 8726
17275 2 2 2 1200 8730 8896 974
17276 2 2 2 1200 8729 8895 1055
17277 2 2 2 1200 806 8895 48
17278 2 2 2 1200 14 8897 568
17279 2 2 2 1200 574 8896 16
17280 2 2 2 1200 36 8893 708
17281 2 2 2 1200 29 8892 689
17282 2 2 2 1200 49 8894 819
17283 2 2 2 1200 941 8874 8622
17284 2 2 2 1200 1022 8875 8623
17285 2 2 2 1200 8725 8890 936
17286 2 2 2 1200 8724 8891 1017
17287 2 2 2 1200 37 8899 741
17288 2 2 2 1200 28 8898 656
17289 2 2 2 1200 981 8870 8620
17290 2 2 2 1200 8621 8869 986
17291 2 2 2 1200 8616 8868 905
17292 2 2 2 1200 1062 8873 8618
17293 2 2 2 1200 8619 8871 944
17294 2 2 2 1200 8617 8872 1025
17295 2 2 2 1200 8721 8884 976
17296 2 2 2 1200 991 8885 8723
17297 2 2 2 1200 910 8888 8722
17298 2 2 2 1200 949 8887 8720
17299 2 2 2 1200 1030 8886 8718
17300 2 2 2 1200 8719 8889 1057
17301 2 2 2 1200 729 8903 728
17302 2 2 2 1200 599 8902 598
17303 2 2 2 1200 658 8904 657
17304 2 2 2 1200 786 8901 785
17305 2 2 2 1200 788 8900 787
17306 2 2 2 1200 611 8905 610
17307 2 2 2 1200 8717 8883 1019
17308 2 2 2 1200 8716 8882 938
17309 2 2 2 1200 985 8864 8621
17310 2 2 2 1200 8620 8865 982
17311 2 2 2 1200 1024 8866 8617
17312 2 2 2 1200 943 8867 8619
17313 2 2 2 1200 8702 8779 1540
17314 2 2 2 1200 8650 8785 896
17315 2 2 2 1200 8699 8784 1065
17316 2 2 2 1200 829 8787 8679
17317 2 2 2 1200 8697 8781 1440
17318 2 2 2 1200 8688 8795 1484
17319 2 2 2 1200 8662 8782 1493
17320 2 2 2 1200 1452 8801 8678
17321 2 2 2 1200 1575 8804 8666
17322 2 2 2 1200 1094 8823 8680
17323 2 2 2 1200 8675 8816 1127
17324 2 2 2 1200 8649 8783 1482
17325 2 2 2 1200 1092 8825 8687
17326 2 2 2 1200 1087 8824 8703
17327 2 2 2 1200 1439 8781 8696
17328 2 2 2 1200 8663 8780 1496
17329 2 2 2 1200 1585 8793 8670
17330 2 2 2 1200 8655 8787 828
17331 2 2 2 1200 8828 8829 881
17332 2 2 2 1200 8668 8791 1579
17333 2 2 2 1200 8671 8793 1586
17334 2 2 2 1200 8695 8801 1453
17335 2 2 2 1200 8648 8786 1480
17336 2 2 2 1200 1128 8816 8707
17337 2 2 2 1200 8659 8815 883
17338 2 2 2 1200 8642 8827 1509
17339 2 2 2 1200 1595 8832 8674
17340 2 2 2 1200 857 8811 8639
17341 2 2 2 1200 1602 8797 8676
17342 2 2 2 1200 861 8812 8644
17343 2 2 2 1200 8673 8814 1591
17344 2 2 2 1200 884 8815 8660
17345 2 2 2 1200 8640 8830 826
17346 2 2 2 1200 1066 8784 8705
17347 2 2 2 1200 8800 8825 1091
17348 2 2 2 1200 1481 8783 8648
17349 2 2 2 1200 8672 8776 1589
17350 2 2 2 1200 8658 8810 842
17351 2 2 2 1200 8706 8797 1603
17352 2 2 2 1200 8646 8806 869
17353 2 2 2 1200 8664 8822 1498
17354 2 2 2 1200 1508 8827 8689
17355 2 2 2 1200 8654 8812 860
17356 2 2 2 1200 8641 8811 856
17357 2 2 2 1200 1497 8822 8663
17358 2 2 2 1200 870 8806 8637
17359 2 2 2 1200 841 8820 8658
17360 2 2 2 1200 8831 8832 1596
17361 2 2 2 1200 855 8821 8641
17362 2 2 2 1200 8778 8818 1073
17363 2 2 2 1200 8679 8805 830
17364 2 2 2 1200 1483 8795 8649
17365 2 2 2 1200 8809 8821 854
17366 2 2 2 1200 1492 8782 8661
17367 2 2 2 1200 8670 8792 1584
17368 2 2 2 1200 8674 8777 1594
17369 2 2 2 1200 8790 8834 1611
17370 2 2 2 1200 8669 8796 1581
17371 2 2 2 1200 8684 8820 840
17372 2 2 2 1200 8704 8824 1086
17373 2 2 2 1200 1074 8818 8685
17374 2 2 2 1200 882 8829 8659
17375 2 2 2 1200 8701 8813 1082
17376 2 2 2 1200 1083 8813 8690
17377 2 2 2 1200 8667 8804 1576
17378 2 2 2 1200 8687 8823 1093
17379 2 2 2 1200 8681 8819 1100
17380 2 2 2 1200 1078 8826 8665
17381 2 2 2 1200 8686 8826 1077
17382 2 2 2 1200 1580 8796 8668
17383 2 2 2 1200 831 8805 8656
17384 2 2 2 1200 1101 8819 8692
17385 2 2 2 1200 1541 8833 8702
17386 2 2 2 1200 827 8830 8655
17387 2 2 2 1200 1590 8814 8672
17388 2 2 2 1200 1610 8834 8677
17389 2 2 2 1200 8700 8833 1542
17390 2 2 2 1200 8715 8876 1059
17391 2 2 2 1200 947 8877 8711
17392 2 2 2 1200 1028 8878 8714
17393 2 2 2 1200 8710 8879 978
17394 2 2 2 1200 908 8881 8712
17395 2 2 2 1200 989 8880 8713
17396 2 2 2 1200 8698 8835 1449
17397 2 2 2 1200 8638 8836 1503
17398 2 2 2 1200 8705 8837 1067
17399 2 2 2 1200 8709 8874 940
17400 2 2 2 1200 8708 8875 1021
17401 2 2 2 1200 740 8906 739
17402 2 2 2 1200 655 8907 654
17403 2 2 2 1200 8623 8866 1023
17404 2 2 2 1200 8622 8867 942
17405 2 2 2 1200 906 8868 8628
17406 2 2 2 1200 987 8869 8629
17407 2 2 2 1200 8627 8870 980
17408 2 2 2 1200 945 8871 8626
17409 2 2 2 1200 1026 8872 8631
17410 2 2 2 1200 8630 8873 1061
17411 2 2 2 1200 8616 8624 53
17412 2 2 2 1200 52 8625 8618
17413 2 2 2 1200 8653 8790 1612
17414 2 2 2 1200 8700 8778 1072
17415 2 2 2 1200 1085 8794 8704
17416 2 2 2 1200 1099 8799 8681
17417 2 2 2 1200 1081 8803 8701
17418 2 2 2 1200 1096 8798 8694
17419 2 2 2 1200 1543 8778 8700
17420 2 2 2 1200 8643 8809 853
17421 2 2 2 1200 1136 8789 8693
17422 2 2 2 1200 1561 8800 8691
17423 2 2 2 1200 1141 8790 8653
17424 2 2 2 1200 8680 8798 1095
17425 2 2 2 1200 864 8808 8645
17426 2 2 2 1200 8645 8808 1469
17427 2 2 2 1200 859 8807 8654
17428 2 2 2 1200 8654 8807 1464
17429 2 2 2 1200 1458 8809 8643
17430 2 2 2 1200 8652 8789 1135
17431 2 2 2 1200 8691 8800 1090
17432 2 2 2 1200 8701 8803 1552
17433 2 2 2 1200 8693 8789 1607
17434 2 2 2 1200 839 8788 8684
17435 2 2 2 1200 8639 8807 858
17436 2 2 2 1200 1443 8788 8683
17437 2 2 2 1200 8698 8817 845
17438 2 2 2 1200 8688 8828 880
17439 2 2 2 1200 1463 8807 8639
17440 2 2 2 1200 8683 8788 838
17441 2 2 2 1200 8686 8802 1547
17442 2 2 2 1200 8704 8794 1556
17443 2 2 2 1200 8684 8788 1444
17444 2 2 2 1200 1450 8817 8698
17445 2 2 2 1200 1485 8828 8688
17446 2 2 2 1200 8678 8817 1451
17447 2 2 2 1200 8681 8799 1570
17448 2 2 2 1200 8694 8798 1567
17449 2 2 2 1200 8690 8794 1084
17450 2 2 2 1200 846 8817 8678
17451 2 2 2 1200 1076 8802 8686
17452 2 2 2 1200 8685 8802 1075
17453 2 2 2 1200 8675 8831 1597
17454 2 2 2 1200 1555 8794 8690
17455 2 2 2 1200 1546 8802 8685
17456 2 2 2 1200 1566 8798 8680
17457 2 2 2 1200 1606 8789 8652
17458 2 2 2 1200 1126 8831 8675
17459 2 2 2 1200 790 8912 789
17460 2 2 2 1200 784 8913 783
17461 2 2 2 1200 601 8911 600
17462 2 2 2 1200 660 8910 659
17463 2 2 2 1200 731 8909 730
17464 2 2 2 1200 609 8908 608
17465 2 2 2 1200 57 8945 8624
17466 2 2 2 1200 8689 8838 1507
17467 2 2 2 1200 8661 8839 1491
17468 2 2 2 1200 8696 8840 1438
17469 2 2 2 1200 1499 8846 8664
17470 2 2 2 1200 1454 8852 8695
17471 2 2 2 1200 1472 8851 8636
17472 2 2 2 1200 8676 8841 1601
17473 2 2 2 1200 8637 8845 871
17474 2 2 2 1200 8692 8843 1102
17475 2 2 2 1200 8657 8854 851
17476 2 2 2 1200 1441 8855 8697
17477 2 2 2 1200 8691 8847 1560
17478 2 2 2 1200 8677 8850 1609
17479 2 2 2 1200 8645 8844 865
17480 2 2 2 1200 8644 8853 862
17481 2 2 2 1200 1134 8842 8652
17482 2 2 2 1200 8694 8848 1097
17483 2 2 2 1200 8803 8849 1551
17484 2 2 2 1200 900 8857 8651
17485 2 2 2 1200 1064 8856 8699
17486 2 2 2 1200 1478 8862 8647
17487 2 2 2 1200 1494 8860 8662
17488 2 2 2 1200 1592 8858 8673
17489 2 2 2 1200 1577 8861 8667
17490 2 2 2 1200 1582 8859 8669
17491 2 2 2 1200 1587 8863 8671
17492 2 2 2 1200 970 8908 971
17493 2 2 2 1200 1035 8909 1036
17494 2 2 2 1200 954 8910 955
17495 2 2 2 1200 996 8911 997
17496 2 2 2 1200 1051 8913 1052
17497 2 2 2 1200 915 8912 916
17498 2 2 2 1200 8785 8836 897
17499 2 2 2 1200 8779 8837 1539
17500 2 2 2 1200 8810 8835 843
17501 2 2 2 1200 1068 8837 8779
17502 2 2 2 1200 1448 8835 8810
17503 2 2 2 1200 1502 8836 8785
17504 2 2 2 1200 8633 8944 55
17505 2 2 2 1200 8621 8864 15
17506 2 2 2 1200 17 8865 8620
17507 2 2 2 1200 682 8866 8623
17508 2 2 2 1200 8617 8866 32
17509 2 2 2 1200 8619 8867 33
17510 2 2 2 1200 715 8867 8622
17511 2 2 2 1200 932 8906 933
17512 2 2 2 1200 1013 8907 1014
17513 2 2 2 1200 8702 8833 1070
17514 2 2 2 1200 1140 8834 8790
17515 2 2 2 1200 1071 8833 8700
17516 2 2 2 1200 1108 8791 8668
17517 2 2 2 1200 1123 8777 8674
17518 2 2 2 1200 1548 8826 8686
17519 2 2 2 1200 1553 8813 8701
17520 2 2 2 1200 1069 8779 8702
17521 2 2 2 1200 835 8781 8697
17522 2 2 2 1200 8690 8813 1554
17523 2 2 2 1200 1486 8829 8828
17524 2 2 2 1200 8703 8824 1558
17525 2 2 2 1200 8658 8820 1446
17526 2 2 2 1200 8639 8811 1462
17527 2 2 2 1200 1474 8806 8646
17528 2 2 2 1200 8672 8814 1119
17529 2 2 2 1200 8674 8832 1124
17530 2 2 2 1200 8677 8834 1139
17531 2 2 2 1200 8665 8826 1549
17532 2 2 2 1200 1461 8811 8641
17533 2 2 2 1200 1445 8820 8684
17534 2 2 2 1200 8637 8806 1475
17535 2 2 2 1200 1447 8810 8658
17536 2 2 2 1200 1465 8812 8654
17537 2 2 2 1200 8644 8812 1466
17538 2 2 2 1200 8666 8804 1104
17539 2 2 2 1200 8641 8821 1460
17540 2 2 2 1200 8680 8823 1565
17541 2 2 2 1200 8656 8805 1436
17542 2 2 2 1200 1431 8830 8640
17543 2 2 2 1200 1435 8805 8679
17544 2 2 2 1200 1459 8821 8809
17545 2 2 2 1200 8687 8825 1563
17546 2 2 2 1200 8707 8816 1599
17547 2 2 2 1200 8696 8781 834
17548 2 2 2 1200 879 8795 8688
17549 2 2 2 1200 888 8782 8662
17550 2 2 2 1200 8692 8819 1572
17551 2 2 2 1200 875 8786 8648
17552 2 2 2 1200 8668 8796 1109
17553 2 2 2 1200 8678 8801 847
17554 2 2 2 1200 1501 8785 8650
17555 2 2 2 1200 891 8780 8663
17556 2 2 2 1200 1488 8815 8659
17557 2 2 2 1200 1544 8818 8778
17558 2 2 2 1200 848 8801 8695
17559 2 2 2 1200 8663 8822 892
17560 2 2 2 1200 8676 8797 1131
17561 2 2 2 1200 8659 8829 1487
17562 2 2 2 1200 8660 8815 1489
17563 2 2 2 1200 1120 8814 8673
17564 2 2 2 1200 893 8822 8664
17565 2 2 2 1200 1113 8792 8670
17566 2 2 2 1200 1125 8832 8831
17567 2 2 2 1200 1562 8825 8800
17568 2 2 2 1200 1110 8796 8669
17569 2 2 2 1200 1105 8804 8667
17570 2 2 2 1200 1571 8819 8681
17571 2 2 2 1200 1132 8797 8706
17572 2 2 2 1200 1557 8824 8704
17573 2 2 2 1200 1564 8823 8687
17574 2 2 2 1200 877 8783 8649
17575 2 2 2 1200 1598 8816 8675
17576 2 2 2 1200 1115 8793 8671
17577 2 2 2 1200 1118 8776 8672
17578 2 2 2 1200 8679 8787 1434
17579 2 2 2 1200 8670 8793 1114
17580 2 2 2 1200 904 8827 8642
17581 2 2 2 1200 8685 8818 1545
17582 2 2 2 1200 8648 8783 876
17583 2 2 2 1200 8649 8795 878
17584 2 2 2 1200 8661 8782 887
17585 2 2 2 1200 8689 8827 903
17586 2 2 2 1200 8655 8830 1432
17587 2 2 2 1200 1536 8784 8699
17588 2 2 2 1200 1433 8787 8655
17589 2 2 2 1200 8705 8784 1537
17590 2 2 2 1200 844 8835 8698
17591 2 2 2 1200 898 8836 8638
17592 2 2 2 1200 1538 8837 8705
17593 2 2 2 1200 932 9012 8741
17594 2 2 2 1200 1013 9013 8740
17595 2 2 2 1200 8697 8855 836
17596 2 2 2 1200 8651 8857 1505
17597 2 2 2 1200 8652 8842 1605
17598 2 2 2 1200 886 8839 8661
17599 2 2 2 1200 833 8840 8696
17600 2 2 2 1200 1080 8849 8803
17601 2 2 2 1200 902 8838 8689
17602 2 2 2 1200 1470 8844 8645
17603 2 2 2 1200 1089 8847 8691
17604 2 2 2 1200 8636 8851 867
17605 2 2 2 1200 1568 8848 8694
17606 2 2 2 1200 8699 8856 1535
17607 2 2 2 1200 8664 8846 894
17608 2 2 2 1200 1467 8853 8644
17609 2 2 2 1200 1476 8845 8637
17610 2 2 2 1200 1456 8854 8657
17611 2 2 2 1200 8695 8852 849
17612 2 2 2 1200 1130 8841 8676
17613 2 2 2 1200 1573 8843 8692
17614 2 2 2 1200 1138 8850 8677
17615 2 2 2 1200 8673 8858 1121
17616 2 2 2 1200 8662 8860 889
17617 2 2 2 1200 8667 8861 1106
17618 2 2 2 1200 8669 8859 1111
17619 2 2 2 1200 8647 8862 873
17620 2 2 2 1200 8671 8863 1116
17621 2 2 2 1200 8631 8872 703
17622 2 2 2 1200 8626 8871 684
17623 2 2 2 1200 8628 8868 814
17624 2 2 2 1200 8629 8869 563
17625 2 2 2 1200 562 8869 8621
17626 2 2 2 1200 579 8870 8627
17627 2 2 2 1200 813 8868 8616
17628 2 2 2 1200 683 8871 8619
17629 2 2 2 1200 702 8872 8617
17630 2 2 2 1200 811 8873 8630
17631 2 2 2 1200 8620 8870 580
17632 2 2 2 1200 8618 8873 812
17633 2 2 2 1200 8635 8947 1426
17634 2 2 2 1200 1514 8946 8633
17635 2 2 2 1200 8625 8943 58
17636 2 2 2 1200 994 8902 995
17637 2 2 2 1200 1033 8903 1034
17638 2 2 2 1200 972 8905 973
17639 2 2 2 1200 952 8904 953
17640 2 2 2 1200 913 8900 914
17641 2 2 2 1200 1053 8901 1054
17642 2 2 2 1200 8623 8875 681
17643 2 2 2 1200 680 8875 8708
17644 2 2 2 1200 713 8874 8709
17645 2 2 2 1200 8622 8874 714
17646 2 2 2 1200 8714 8878 705
17647 2 2 2 1200 564 8880 8629
17648 2 2 2 1200 685 8877 8626
17649 2 2 2 1200 8627 8879 578
17650 2 2 2 1200 704 8878 8631
17651 2 2 2 1200 577 8879 8710
17652 2 2 2 1200 815 8881 8628
17653 2 2 2 1200 8711 8877 686
17654 2 2 2 1200 8630 8876 810
17655 2 2 2 1200 809 8876 8715
17656 2 2 2 1200 8713 8880 565
17657 2 2 2 1200 8712 8881 816
17658 2 2 2 1200 970 9010 8742
17659 2 2 2 1200 1051 9008 8747
17660 2 2 2 1200 8745 9007 916
17661 2 2 2 1200 8746 9005 955
17662 2 2 2 1200 8743 9006 997
17663 2 2 2 1200 8744 9004 1036
17664 2 2 2 1200 678 8883 8717
17665 2 2 2 1200 8709 8882 712
17666 2 2 2 1200 711 8882 8716
17667 2 2 2 1200 8708 8883 679
17668 2 2 2 1200 934 8899 935
17669 2 2 2 1200 1015 8898 1016
17670 2 2 2 1200 8682 8943 1533
17671 2 2 2 1200 58 8943 8682
17672 2 2 2 1200 1510 8942 8642
17673 2 2 2 1200 8642 8942 56
17674 2 2 2 1200 56 8942 8635
17675 2 2 2 1200 807 8889 8719
17676 2 2 2 1200 8722 8888 818
17677 2 2 2 1200 687 8887 8711
17678 2 2 2 1200 8720 8887 688
17679 2 2 2 1200 706 8886 8714
17680 2 2 2 1200 8710 8884 576
17681 2 2 2 1200 575 8884 8721
17682 2 2 2 1200 8715 8889 808
17683 2 2 2 1200 8718 8886 707
17684 2 2 2 1200 817 8888 8712
17685 2 2 2 1200 8723 8885 567
17686 2 2 2 1200 566 8885 8713
17687 2 2 2 1200 8716 8890 710
17688 2 2 2 1200 8717 8891 677
17689 2 2 2 1200 676 8891 8724
17690 2 2 2 1200 709 8890 8725
17691 2 2 2 1200 911 8894 912
17692 2 2 2 1200 1031 8893 1032
17693 2 2 2 1200 992 8897 993
17694 2 2 2 1200 950 8892 951
17695 2 2 2 1200 974 8896 975
17696 2 2 2 1200 1055 8895 1056
17697 2 2 2 1200 8726 8893 36
17698 2 2 2 1200 8719 8895 806
17699 2 2 2 1200 8727 8897 14
17700 2 2 2 1200 16 8896 8730
17701 2 2 2 1200 708 8893 8718
17702 2 2 2 1200 48 8895 8729
17703 2 2 2 1200 8728 8892 29
17704 2 2 2 1200 689 8892 8720
17705 2 2 2 1200 568 8897 8723
17706 2 2 2 1200 8721 8896 574
17707 2 2 2 1200 8731 8894 49
17708 2 2 2 1200 819 8894 8722
17709 2 2 2 1200 741 8899 8732
17710 2 2 2 1200 8725 8899 37
17711 2 2 2 1200 8724 8898 28
17712 2 2 2 1200 656 8898 8733
17713 2 2 2 1200 8729 8901 786
17714 2 2 2 1200 8735 8902 599
17715 2 2 2 1200 8734 8900 788
17716 2 2 2 1200 598 8902 8727
17717 2 2 2 1200 8737 8904 658
17718 2 2 2 1200 728 8903 8726
17719 2 2 2 1200 787 8900 8731
17720 2 2 2 1200 785 8901 8739
17721 2 2 2 1200 8738 8903 729
17722 2 2 2 1200 610 8905 8736
17723 2 2 2 1200 657 8904 8728
17724 2 2 2 1200 8730 8905 611
17725 2 2 2 1200 936 8890 937
17726 2 2 2 1200 1017 8891 1018
17727 2 2 2 1200 8733 8907 655
17728 2 2 2 1200 654 8907 8740
17729 2 2 2 1200 739 8906 8741
17730 2 2 2 1200 8732 8906 740
17731 2 2 2 1200 789 8912 8734
17732 2 2 2 1200 8746 8910 660
17733 2 2 2 1200 600 8911 8735
17734 2 2 2 1200 659 8910 8737
17735 2 2 2 1200 608 8908 8742
17736 2 2 2 1200 8744 8909 731
17737 2 2 2 1200 8739 8913 784
17738 2 2 2 1200 8745 8912 790
17739 2 2 2 1200 730 8909 8738
17740 2 2 2 1200 8743 8911 601
17741 2 2 2 1200 8736 8908 609
17742 2 2 2 1200 783 8913 8747
17743 2 2 2 1200 990 8885 991
17744 2 2 2 1200 909 8888 910
17745 2 2 2 1200 976 8884 977
17746 2 2 2 1200 948 8887 949
17747 2 2 2 1200 1029 8886 1030
17748 2 2 2 1200 1057 8889 1058
17749 2 2 2 1200 1019 8883 1020
17750 2 2 2 1200 938 8882 939
17751 2 2 2 1200 1059 8876 1060
17752 2 2 2 1200 1027 8878 1028
17753 2 2 2 1200 907 8881 908
17754 2 2 2 1200 946 8877 947
17755 2 2 2 1200 978 8879 979
17756 2 2 2 1200 988 8880 989
17757 2 2 2 1200 1021 8875 1022
17758 2 2 2 1200 940 8874 941
17759 2 2 2 1200 8786 8862 1479
17760 2 2 2 1200 8780 8860 1495
17761 2 2 2 1200 8777 8858 1593
17762 2 2 2 1200 8776 8863 1588
17763 2 2 2 1200 8791 8861 1578
17764 2 2 2 1200 8792 8859 1583
17765 2 2 2 1200 8624 8953 1531
17766 2 2 2 1200 1615 8952 8625
17767 2 2 2 1200 1061 8873 1062
17768 2 2 2 1200 980 8870 981
17769 2 2 2 1200 1025 8872 1026
17770 2 2 2 1200 905 8868 906
17771 2 2 2 1200 986 8869 987
17772 2 2 2 1200 944 8871 945
17773 2 2 2 1200 896 8785 897
17774 2 2 2 1200 1065 8784 1066
17775 2 2 2 1200 1540 8779 1539
17776 2 2 2 1200 828 8787 829
17777 2 2 2 1200 1482 8783 1481
17778 2 2 2 1200 1509 8827 1508
17779 2 2 2 1200 1453 8801 1452
17780 2 2 2 1200 1484 8795 1483
17781 2 2 2 1200 883 8815 884
17782 2 2 2 1200 1493 8782 1492
17783 2 2 2 1200 1480 8786 1479
17784 2 2 2 1200 1496 8780 1495
17785 2 2 2 1200 1498 8822 1497
17786 2 2 2 1200 1584 8792 1583
17787 2 2 2 1200 1586 8793 1585
17788 2 2 2 1200 826 8830 827
17789 2 2 2 1200 1073 8818 1074
17790 2 2 2 1200 1093 8823 1094
17791 2 2 2 1200 1100 8819 1101
17792 2 2 2 1200 1091 8825 1092
17793 2 2 2 1200 1127 8816 1128
17794 2 2 2 1200 1440 8781 1439
17795 2 2 2 1200 1576 8804 1575
17796 2 2 2 1200 1581 8796 1580
17797 2 2 2 1200 1589 8776 1588
17798 2 2 2 1200 1603 8797 1602
17799 2 2 2 1200 881 8829 882
17800 2 2 2 1200 854 8821 855
17801 2 2 2 1200 860 8812 861
17802 2 2 2 1200 842 8810 843
17803 2 2 2 1200 869 8806 870
17804 2 2 2 1200 1579 8791 1578
17805 2 2 2 1200 1591 8814 1590
17806 2 2 2 1200 1596 8832 1595
17807 2 2 2 1200 856 8811 857
17808 2 2 2 1200 1082 8813 1083
17809 2 2 2 1200 1086 8824 1087
17810 2 2 2 1200 1594 8777 1593
17811 2 2 2 1200 830 8805 831
17812 2 2 2 1200 840 8820 841
17813 2 2 2 1200 1077 8826 1078
17814 2 2 2 1200 1611 8834 1610
17815 2 2 2 1200 1542 8833 1541
17816 2 2 2 1200 1067 8837 1068
17817 2 2 2 1200 1503 8836 1502
17818 2 2 2 1200 1449 8835 1448
17819 2 2 2 1200 1609 8850 1608
17820 2 2 2 1200 1507 8838 1506
17821 2 2 2 1200 1601 8841 1600
17822 2 2 2 1200 1500 8846 1499
17823 2 2 2 1200 1506 8838 8651
17824 2 2 2 1200 1455 8852 1454
17825 2 2 2 1200 1491 8839 1490
17826 2 2 2 1200 1102 8843 1103
17827 2 2 2 1200 1473 8851 1472
17828 2 2 2 1200 1560 8847 1559
17829 2 2 2 1200 1608 8850 8693
17830 2 2 2 1200 1438 8840 1437
17831 2 2 2 1200 1600 8841 8707
17832 2 2 2 1200 1103 8843 8666
17833 2 2 2 1200 871 8845 872
17834 2 2 2 1200 851 8854 852
17835 2 2 2 1200 1097 8848 1098
17836 2 2 2 1200 862 8853 863
17837 2 2 2 1200 865 8844 866
17838 2 2 2 1200 1551 8849 1550
17839 2 2 2 1200 852 8854 8643
17840 2 2 2 1200 872 8845 8647
17841 2 2 2 1200 866 8844 8636
17842 2 2 2 1200 8706 8842 1133
17843 2 2 2 1200 1133 8842 1134
17844 2 2 2 1200 863 8853 8808
17845 2 2 2 1200 1490 8839 8660
17846 2 2 2 1200 8657 8852 1455
17847 2 2 2 1200 1437 8840 8656
17848 2 2 2 1200 8682 8856 1063
17849 2 2 2 1200 8646 8851 1473
17850 2 2 2 1200 1559 8847 8703
17851 2 2 2 1200 1098 8848 8799
17852 2 2 2 1200 1550 8849 8665
17853 2 2 2 1200 8650 8846 1500
17854 2 2 2 1200 1442 8855 1441
17855 2 2 2 1200 1063 8856 1064
17856 2 2 2 1200 899 8857 900
17857 2 2 2 1200 8638 8857 899
17858 2 2 2 1200 8683 8855 1442
17859 2 2 2 1200 1578 8861 1577
17860 2 2 2 1200 1479 8862 1478
17861 2 2 2 1200 1495 8860 1494
17862 2 2 2 1200 1583 8859 1582
17863 2 2 2 1200 1588 8863 1587
17864 2 2 2 1200 1593 8858 1592
17865 2 2 2 1200 634 8949 8774
17866 2 2 2 1200 8774 8950 634
17867 2 2 2 1200 757 8948 8775
17868 2 2 2 1200 8775 8951 757
17869 2 2 2 1200 983 8865 8632
17870 2 2 2 1200 984 8864 985
17871 2 2 2 1200 8634 8864 984
17872 2 2 2 1200 982 8865 983
17873 2 2 2 1200 942 8867 943
17874 2 2 2 1200 1023 8866 1024
17875 2 2 2 1200 1043 8775 1044
17876 2 2 2 1200 1606 8652 1605
17877 2 2 2 1200 1613 8653 1612
17878 2 2 2 1200 1501 8650 1500
17879 2 2 2 1200 1568 8694 1567
17880 2 2 2 1200 844 8698 845
17881 2 2 2 1200 1433 8655 1432
17882 2 2 2 1200 1435 8679 1434
17883 2 2 2 1200 1437 8656 1436
17884 2 2 2 1200 1103 8666 1104
17885 2 2 2 1200 1105 8667 1106
17886 2 2 2 1200 1108 8668 1109
17887 2 2 2 1200 1110 8669 1111
17888 2 2 2 1200 1113 8670 1114
17889 2 2 2 1200 1115 8671 1116
17890 2 2 2 1200 1118 8672 1119
17891 2 2 2 1200 1120 8673 1121
17892 2 2 2 1200 1123 8674 1124
17893 2 2 2 1200 1125 8831 1126
17894 2 2 2 1200 1130 8676 1131
17895 2 2 2 1200 1135 8789 1136
17896 2 2 2 1200 1138 8677 1139
17897 2 2 2 1200 1140 8790 1141
17898 2 2 2 1200 1548 8686 1547
17899 2 2 2 1200 1550 8665 1549
17900 2 2 2 1200 1564 8687 1563
17901 2 2 2 1200 1598 8675 1597
17902 2 2 2 1200 58 8682 1063
17903 2 2 2 1200 833 8696 834
17904 2 2 2 1200 838 8788 839
17905 2 2 2 1200 1075 8802 1076
17906 2 2 2 1200 1080 8803 1081
17907 2 2 2 1200 1431 8640 1430
17908 2 2 2 1200 1544 8778 1543
17909 2 2 2 1200 1546 8685 1545
17910 2 2 2 1200 1553 8701 1552
17911 2 2 2 1200 1465 8654 1464
17912 2 2 2 1200 1071 8700 1072
17913 2 2 2 1200 1536 8699 1535
17914 2 2 2 1200 1538 8705 1537
17915 2 2 2 1200 1463 8639 1462
17916 2 2 2 1200 1566 8680 1565
17917 2 2 2 1200 1571 8681 1570
17918 2 2 2 1200 866 8636 867
17919 2 2 2 1200 886 8661 887
17920 2 2 2 1200 888 8662 889
17921 2 2 2 1200 891 8663 892
17922 2 2 2 1200 893 8664 894
17923 2 2 2 1200 898 8638 899
17924 2 2 2 1200 1445 8684 1444
17925 2 2 2 1200 1447 8658 1446
17926 2 2 2 1200 1461 8641 1460
17927 2 2 2 1200 1476 8637 1475
17928 2 2 2 1200 1488 8659 1487
17929 2 2 2 1200 1490 8660 1489
17930 2 2 2 1200 846 8678 847
17931 2 2 2 1200 848 8695 849
17932 2 2 2 1200 858 8807 859
17933 2 2 2 1200 863 8808 864
17934 2 2 2 1200 1095 8798 1096
17935 2 2 2 1200 1098 8799 1099
17936 2 2 2 1200 1451 8817 1450
17937 2 2 2 1200 1459 8809 1458
17938 2 2 2 1200 1557 8704 1556
17939 2 2 2 1200 1562 8800 1561
17940 2 2 2 1200 1443 8683 1442
17941 2 2 2 1200 835 8697 836
17942 2 2 2 1200 983 8632 55
17943 2 2 2 1200 904 8642 56
17944 2 2 2 1200 56 8634 984
17945 2 2 2 1200 852 8643 853
17946 2 2 2 1200 872 8647 873
17947 2 2 2 1200 875 8648 876
17948 2 2 2 1200 877 8649 878
17949 2 2 2 1200 879 8688 880
17950 2 2 2 1200 902 8689 903
17951 2 2 2 1200 962 8774 963
17952 2 2 2 1200 1069 8702 1070
17953 2 2 2 1200 1084 8794 1085
17954 2 2 2 1200 1089 8691 1090
17955 2 2 2 1200 1132 8706 1133
17956 2 2 2 1200 1456 8657 1455
17957 2 2 2 1200 1467 8644 1466
17958 2 2 2 1200 1470 8645 1469
17959 2 2 2 1200 1474 8646 1473
17960 2 2 2 1200 1486 8828 1485
17961 2 2 2 1200 1506 8651 1505
17962 2 2 2 1200 1555 8690 1554
17963 2 2 2 1200 1559 8703 1558
17964 2 2 2 1200 1573 8692 1572
17965 2 2 2 1200 1600 8707 1599
17966 2 2 2 1200 1608 8693 1607
17967 2 2 2 1200 56 8635 8634
17968 2 2 2 1200 8632 8633 55
17969 2 2 2 1200 764 8921 763
17970 2 2 2 1200 625 8915 624
17971 2 2 2 1200 627 8917 626
17972 2 2 2 1200 662 8923 661
17973 2 2 2 1200 762 8920 761
17974 2 2 2 1200 40 8914 734
17975 2 2 2 1200 25 8922 663
17976 2 2 2 1200 755 8918 754
17977 2 2 2 1200 792 8916 791
17978 2 2 2 1200 632 8925 631
17979 2 2 2 1200 20 8927 604
17980 2 2 2 1200 733 8939 732
17981 2 2 2 1200 603 8938 602
17982 2 2 2 1200 45 8937 793
17983 2 2 2 1200 604 8752 603
17984 2 2 2 1200 631 8761 25
17985 2 2 2 1200 605 8926 21
17986 2 2 2 1200 657 8728 29
17987 2 2 2 1200 683 8619 33
17988 2 2 2 1200 709 8725 37
17989 2 2 2 1200 761 8763 45
17990 2 2 2 1200 787 8731 49
17991 2 2 2 1200 562 8621 15
17992 2 2 2 1200 735 8756 41
17993 2 2 2 1200 813 8616 53
17994 2 2 2 1200 600 8735 599
17995 2 2 2 1200 608 8742 607
17996 2 2 2 1200 652 8748 651
17997 2 2 2 1200 682 8623 681
17998 2 2 2 1200 728 8726 36
17999 2 2 2 1200 736 8934 735
18000 2 2 2 1200 741 8732 740
18001 2 2 2 1200 789 8734 788
18002 2 2 2 1200 807 8719 806
18003 2 2 2 1200 598 8727 14
18004 2 2 2 1200 624 8760 20
18005 2 2 2 1200 24 8929 630
18006 2 2 2 1200 564 8629 563
18007 2 2 2 1200 566 8713 565
18008 2 2 2 1200 577 8710 576
18009 2 2 2 1200 579 8627 578
18010 2 2 2 1200 607 8930 606
18011 2 2 2 1200 626 8767 625
18012 2 2 2 1200 629 8935 628
18013 2 2 2 1200 633 8766 632
18014 2 2 2 1200 636 8768 635
18015 2 2 2 1200 651 8931 650
18016 2 2 2 1200 653 8932 652
18017 2 2 2 1200 687 8711 686
18018 2 2 2 1200 689 8720 688
18019 2 2 2 1200 650 8757 24
18020 2 2 2 1200 676 8724 28
18021 2 2 2 1200 702 8617 32
18022 2 2 2 1200 44 8758 760
18023 2 2 2 1200 780 8936 44
18024 2 2 2 1200 48 8729 786
18025 2 2 2 1200 52 8618 812
18026 2 2 2 1200 568 8723 567
18027 2 2 2 1200 575 8721 574
18028 2 2 2 1200 602 8743 601
18029 2 2 2 1200 606 8750 605
18030 2 2 2 1200 610 8736 609
18031 2 2 2 1200 628 8773 627
18032 2 2 2 1200 654 8740 653
18033 2 2 2 1200 656 8733 655
18034 2 2 2 1200 659 8737 658
18035 2 2 2 1200 663 8754 662
18036 2 2 2 1200 680 8708 679
18037 2 2 2 1200 704 8631 703
18038 2 2 2 1200 706 8714 705
18039 2 2 2 1200 708 8718 707
18040 2 2 2 1200 711 8716 710
18041 2 2 2 1200 713 8709 712
18042 2 2 2 1200 715 8622 714
18043 2 2 2 1200 730 8738 729
18044 2 2 2 1200 732 8744 731
18045 2 2 2 1200 738 8928 737
18046 2 2 2 1200 739 8741 738
18047 2 2 2 1200 756 8770 755
18048 2 2 2 1200 759 8771 758
18049 2 2 2 1200 760 8919 759
18050 2 2 2 1200 763 8769 762
18051 2 2 2 1200 765 8772 764
18052 2 2 2 1200 766 8940 765
18053 2 2 2 1200 767 8765 766
18054 2 2 2 1200 781 8753 780
18055 2 2 2 1200 782 8941 781
18056 2 2 2 1200 783 8747 782
18057 2 2 2 1200 785 8739 784
18058 2 2 2 1200 791 8745 790
18059 2 2 2 1200 793 8755 792
18060 2 2 2 1200 809 8715 808
18061 2 2 2 1200 811 8630 810
18062 2 2 2 1200 817 8712 816
18063 2 2 2 1200 819 8722 818
18064 2 2 2 1200 754 8759 40
18065 2 2 2 1200 734 8751 733
18066 2 2 2 1200 737 8749 736
18067 2 2 2 1200 815 8628 814
18068 2 2 2 1200 21 8762 637
18069 2 2 2 1200 630 8764 629
18070 2 2 2 1200 637 8924 636
18071 2 2 2 1200 661 8746 660
18072 2 2 2 1200 678 8717 677
18073 2 2 2 1200 685 8626 684
18074 2 2 2 1200 16 8730 611
18075 2 2 2 1200 17 8620 580
18076 2 2 2 1200 41 8933 767
18077 2 2 2 1200 63 8947 1511
18078 2 2 2 1200 1426 8947 63
18079 2 2 2 1200 64 8946 1514
18080 2 2 2 1200 1429 8946 64
18081 2 2 2 1200 1511 8942 1510
18082 2 2 2 1200 1533 8943 1532
18083 2 2 2 1200 8772 8921 764
18084 2 2 2 1200 8770 8918 755
18085 2 2 2 1200 8767 8915 625
18086 2 2 2 1200 8761 8922 25
18087 2 2 2 1200 8773 8917 627
18088 2 2 2 1200 604 8927 8752
18089 2 2 2 1200 761 8920 8763
18090 2 2 2 1200 8755 8916 792
18091 2 2 2 1200 8759 8914 40
18092 2 2 2 1200 734 8914 8751
18093 2 2 2 1200 8754 8923 662
18094 2 2 2 1200 8769 8920 762
18095 2 2 2 1200 661 8923 8746
18096 2 2 2 1200 626 8917 8767
18097 2 2 2 1200 663 8922 8754
18098 2 2 2 1200 791 8916 8745
18099 2 2 2 1200 8766 8925 632
18100 2 2 2 1200 8753 8936 780
18101 2 2 2 1200 624 8915 8760
18102 2 2 2 1200 631 8925 8761
18103 2 2 2 1200 602 8938 8743
18104 2 2 2 1200 732 8939 8744
18105 2 2 2 1200 754 8918 8759
18106 2 2 2 1200 763 8921 8769
18107 2 2 2 1200 793 8937 8755
18108 2 2 2 1200 8741 8928 738
18109 2 2 2 1200 8760 8927 20
18110 2 2 2 1200 8752 8938 603
18111 2 2 2 1200 8750 8926 605
18112 2 2 2 1200 8765 8940 766
18113 2 2 2 1200 636 8924 8768
18114 2 2 2 1200 606 8930 8750
18115 2 2 2 1200 759 8919 8771
18116 2 2 2 1200 8749 8934 736
18117 2 2 2 1200 8756 8933 41
18118 2 2 2 1200 8764 8935 629
18119 2 2 2 1200 8748 8931 651
18120 2 2 2 1200 8757 8929 24
18121 2 2 2 1200 8751 8939 733
18122 2 2 2 1200 630 8929 8764
18123 2 2 2 1200 652 8932 8748
18124 2 2 2 1200 8747 8941 782
18125 2 2 2 1200 737 8928 8749
18126 2 2 2 1200 767 8933 8765
18127 2 2 2 1200 8763 8937 45
18128 2 2 2 1200 8758 8919 760
18129 2 2 2 1200 735 8934 8756
18130 2 2 2 1200 8740 8932 653
18131 2 2 2 1200 628 8935 8773
18132 2 2 2 1200 650 8931 8757
18133 2 2 2 1200 765 8940 8772
18134 2 2 2 1200 781 8941 8753
18135 2 2 2 1200 8762 8924 637
18136 2 2 2 1200 8742 8930 607
18137 2 2 2 1200 21 8926 8762
18138 2 2 2 1200 44 8936 8758
18139 2 2 2 1200 1430 8944 1429
18140 2 2 2 1200 1614 8945 1613
18141 2 2 2 1200 67 8952 1615
18142 2 2 2 1200 66 8953 1614
18143 2 2 2 1200 1532 8952 67
18144 2 2 2 1200 1531 8953 66
18145 2 2 2 1200 8943 8952 1532
18146 2 2 2 1200 8774 8958 963
18147 2 2 2 1200 962 8957 8774
18148 2 2 2 1200 8775 8963 1044
18149 2 2 2 1200 1043 8961 8775
18150 2 2 2 1200 635 8949 634
18151 2 2 2 1200 634 8950 633
18152 2 2 2 1200 757 8951 756
18153 2 2 2 1200 758 8948 757
18154 2 2 2 1200 1511 8947 8942
18155 2 2 2 1200 8640 8944 1430
18156 2 2 2 1200 1613 8945 8653
18157 2 2 2 1200 1614 8953 8945
18158 2 2 2 1200 8948 8963 8775
18159 2 2 2 1200 8949 8958 8774
18160 2 2 2 1200 8774 8957 8950
18161 2 2 2 1200 8775 8961 8951
18162 2 2 2 1200 8944 8946 1429
18163 2 2 2 1200 8932 9013 9011
18164 2 2 2 1200 8928 9012 9009
18165 2 2 2 1200 8749 9009 8996
18166 2 2 2 1200 8748 9011 8998
18167 2 2 2 1200 8941 9008 8999
18168 2 2 2 1200 9000 9006 8938
18169 2 2 2 1200 8930 9010 8997
18170 2 2 2 1200 9001 9004 8939
18171 2 2 2 1200 9003 9005 8923
18172 2 2 2 1200 9002 9007 8916
18173 2 2 2 1200 8988 9001 8751
18174 2 2 2 1200 8934 8996 8990
18175 2 2 2 1200 8994 9003 8754
18176 2 2 2 1200 8992 9000 8752
18177 2 2 2 1200 8931 8998 8995
18178 2 2 2 1200 8750 8997 8991
18179 2 2 2 1200 8993 9002 8755
18180 2 2 2 1200 8753 8999 8989
18181 2 2 2 1200 8741 9012 8928
18182 2 2 2 1200 8740 9013 8932
18183 2 2 2 1200 8926 8991 8982
18184 2 2 2 1200 8757 8995 8981
18185 2 2 2 1200 8985 8992 8927
18186 2 2 2 1200 8756 8990 8980
18187 2 2 2 1200 8984 8993 8937
18188 2 2 2 1200 8936 8989 8983
18189 2 2 2 1200 8987 8994 8922
18190 2 2 2 1200 8986 8988 8914
18191 2 2 2 1200 8747 9008 8941
18192 2 2 2 1200 8932 9011 8748
18193 2 2 2 1200 8928 9009 8749
18194 2 2 2 1200 8938 9006 8743
18195 2 2 2 1200 8939 9004 8744
18196 2 2 2 1200 8742 9010 8930
18197 2 2 2 1200 8923 9005 8746
18198 2 2 2 1200 8916 9007 8745
18199 2 2 2 1200 8977 8987 8761
18200 2 2 2 1200 8933 8980 8972
18201 2 2 2 1200 8978 8985 8760
18202 2 2 2 1200 8976 8984 8763
18203 2 2 2 1200 8762 8982 8975
18204 2 2 2 1200 8758 8983 8974
18205 2 2 2 1200 8929 8981 8979
18206 2 2 2 1200 8973 8986 8759
18207 2 2 2 1200 8924 8975 8964
18208 2 2 2 1200 8919 8974 8966
18209 2 2 2 1200 8765 8972 8967
18210 2 2 2 1200 8971 8976 8920
18211 2 2 2 1200 8764 8979 8965
18212 2 2 2 1200 8970 8978 8915
18213 2 2 2 1200 8968 8977 8925
18214 2 2 2 1200 8969 8973 8918
18215 2 2 2 1200 8755 9002 8916
18216 2 2 2 1200 8752 9000 8938
18217 2 2 2 1200 8749 8996 8934
18218 2 2 2 1200 8754 9003 8923
18219 2 2 2 1200 8930 8997 8750
18220 2 2 2 1200 8748 8998 8931
18221 2 2 2 1200 8751 9001 8939
18222 2 2 2 1200 8941 8999 8753
18223 2 2 2 1200 8961 8969 8770
18224 2 2 2 1200 8962 8970 8767
18225 2 2 2 1200 8935 8965 8959
18226 2 2 2 1200 8957 8968 8766
18227 2 2 2 1200 8960 8971 8769
18228 2 2 2 1200 8771 8966 8963
18229 2 2 2 1200 8940 8967 8956
18230 2 2 2 1200 8768 8964 8958
18231 2 2 2 1200 8753 8989 8936
18232 2 2 2 1200 8750 8991 8926
18233 2 2 2 1200 8934 8990 8756
18234 2 2 2 1200 8927 8992 8752
18235 2 2 2 1200 8937 8993 8755
18236 2 2 2 1200 8931 8995 8757
18237 2 2 2 1200 8914 8988 8751
18238 2 2 2 1200 8922 8994 8754
18239 2 2 2 1200 8773 8959 8955
18240 2 2 2 1200 8772 8956 8954
18241 2 2 2 1200 8954 8960 8921
18242 2 2 2 1200 8955 8962 8917
18243 2 2 2 1200 8625 8952 8943
18244 2 2 2 1200 633 8950 8766
18245 2 2 2 1200 8771 8948 758
18246 2 2 2 1200 8768 8949 635
18247 2 2 2 1200 756 8951 8770
18248 2 2 2 1200 923 8954 924
18249 2 2 2 1200 1004 8955 1005
18250 2 2 2 1200 923 8960 8954
18251 2 2 2 1200 8955 8959 1005
18252 2 2 2 1200 8954 8956 924
18253 2 2 2 1200 1004 8962 8955
18254 2 2 2 1200 8761 8987 8922
18255 2 2 2 1200 8757 8981 8929
18256 2 2 2 1200 8760 8985 8927
18257 2 2 2 1200 8759 8986 8914
18258 2 2 2 1200 8756 8980 8933
18259 2 2 2 1200 8763 8984 8937
18260 2 2 2 1200 8926 8982 8762
18261 2 2 2 1200 8936 8983 8758
18262 2 2 2 1200 922 8960 923
18263 2 2 2 1200 924 8956 925
18264 2 2 2 1200 961 8957 962
18265 2 2 2 1200 1003 8962 1004
18266 2 2 2 1200 963 8958 964
18267 2 2 2 1200 1005 8959 1006
18268 2 2 2 1200 1042 8961 1043
18269 2 2 2 1200 1044 8963 1045
18270 2 2 2 1200 8959 8965 1006
18271 2 2 2 1200 1042 8969 8961
18272 2 2 2 1200 961 8968 8957
18273 2 2 2 1200 8963 8966 1045
18274 2 2 2 1200 8958 8964 964
18275 2 2 2 1200 922 8971 8960
18276 2 2 2 1200 1003 8970 8962
18277 2 2 2 1200 8956 8967 925
18278 2 2 2 1200 1045 8966 1046
18279 2 2 2 1200 1041 8969 1042
18280 2 2 2 1200 964 8964 965
18281 2 2 2 1200 1006 8965 1007
18282 2 2 2 1200 925 8967 926
18283 2 2 2 1200 960 8968 961
18284 2 2 2 1200 921 8971 922
18285 2 2 2 1200 1002 8970 1003
18286 2 2 2 1200 960 8977 8968
18287 2 2 2 1200 8964 8975 965
18288 2 2 2 1200 1002 8978 8970
18289 2 2 2 1200 1041 8973 8969
18290 2 2 2 1200 8966 8974 1046
18291 2 2 2 1200 8967 8972 926
18292 2 2 2 1200 921 8976 8971
18293 2 2 2 1200 8965 8979 1007
18294 2 2 2 1200 1046 8974 1047
18295 2 2 2 1200 926 8972 927
18296 2 2 2 1200 1040 8973 1041
18297 2 2 2 1200 965 8975 966
18298 2 2 2 1200 959 8977 960
18299 2 2 2 1200 1007 8979 1008
18300 2 2 2 1200 1001 8978 1002
18301 2 2 2 1200 920 8976 921
18302 2 2 2 1200 8974 8983 1047
18303 2 2 2 1200 8972 8980 927
18304 2 2 2 1200 8979 8981 1008
18305 2 2 2 1200 1040 8986 8973
18306 2 2 2 1200 8975 8982 966
18307 2 2 2 1200 920 8984 8976
18308 2 2 2 1200 959 8987 8977
18309 2 2 2 1200 1001 8985 8978
18310 2 2 2 1200 8933 8972 8765
18311 2 2 2 1200 8762 8975 8924
18312 2 2 2 1200 8929 8979 8764
18313 2 2 2 1200 8758 8974 8919
18314 2 2 2 1200 8920 8976 8763
18315 2 2 2 1200 8925 8977 8761
18316 2 2 2 1200 8915 8978 8760
18317 2 2 2 1200 8918 8973 8759
18318 2 2 2 1200 927 8980 928
18319 2 2 2 1200 1039 8986 1040
18320 2 2 2 1200 919 8984 920
18321 2 2 2 1200 1008 8981 1009
18322 2 2 2 1200 966 8982 967
18323 2 2 2 1200 1000 8985 1001
18324 2 2 2 1200 1047 8983 1048
18325 2 2 2 1200 958 8987 959
18326 2 2 2 1200 1000 8992 8985
18327 2 2 2 1200 1039 8988 8986
18328 2 2 2 1200 8982 8991 967
18329 2 2 2 1200 919 8993 8984
18330 2 2 2 1200 8981 8995 1009
18331 2 2 2 1200 958 8994 8987
18332 2 2 2 1200 8980 8990 928
18333 2 2 2 1200 8983 8989 1048
18334 2 2 2 1200 1048 8989 1049
18335 2 2 2 1200 967 8991 968
18336 2 2 2 1200 999 8992 1000
18337 2 2 2 1200 957 8994 958
18338 2 2 2 1200 1009 8995 1010
18339 2 2 2 1200 918 8993 919
18340 2 2 2 1200 1038 8988 1039
18341 2 2 2 1200 928 8990 929
18342 2 2 2 1200 8991 8997 968
18343 2 2 2 1200 957 9003 8994
18344 2 2 2 1200 8989 8999 1049
18345 2 2 2 1200 8990 8996 929
18346 2 2 2 1200 8995 8998 1010
18347 2 2 2 1200 999 9000 8992
18348 2 2 2 1200 1038 9001 8988
18349 2 2 2 1200 918 9002 8993
18350 2 2 2 1200 8942 8947 8635
18351 2 2 2 1200 917 9002 918
18352 2 2 2 1200 968 8997 969
18353 2 2 2 1200 1010 8998 1011
18354 2 2 2 1200 956 9003 957
18355 2 2 2 1200 998 9000 999
18356 2 2 2 1200 1049 8999 1050
18357 2 2 2 1200 929 8996 930
18358 2 2 2 1200 1037 9001 1038
18359 2 2 2 1200 917 9007 9002
18360 2 2 2 1200 998 9006 9000
18361 2 2 2 1200 8998 9011 1011
18362 2 2 2 1200 956 9005 9003
18363 2 2 2 1200 8997 9010 969
18364 2 2 2 1200 1037 9004 9001
18365 2 2 2 1200 8999 9008 1050
18366 2 2 2 1200 8996 9009 930
18367 2 2 2 1200 930 9009 931
18368 2 2 2 1200 916 9007 917
18369 2 2 2 1200 1036 9004 1037
18370 2 2 2 1200 1050 9008 1051
18371 2 2 2 1200 997 9006 998
18372 2 2 2 1200 1011 9011 1012
18373 2 2 2 1200 955 9005 956
18374 2 2 2 1200 969 9010 970
18375 2 2 2 1200 9009 9012 931
18376 2 2 2 1200 9011 9013 1012
18377 2 2 2 1200 931 9012 932
18378 2 2 2 1200 1012 9013 1013
18379 2 2 2 1200 8767 8970 8915
18380 2 2 2 1200 8769 8971 8920
18381 2 2 2 1200 8924 8964 8768
18382 2 2 2 1200 8770 8969 8918
18383 2 2 2 1200 8764 8965 8935
18384 2 2 2 1200 8766 8968 8925
18385 2 2 2 1200 8765 8967 8940
18386 2 2 2 1200 8919 8966 8771
18387 2 2 2 1200 8935 8959 8773
18388 2 2 2 1200 8940 8956 8772
18389 2 2 2 1200 8917 8962 8767
18390 2 2 2 1200 8921 8960 8769
18391 2 2 2 1200 8772 8954 8921
18392 2 2 2 1200 8773 8955 8917
18393 2 2 2 1200 8945 8953 8624
18394 2 2 2 1200 8633 8946 8944
18395 2 2 2 1200 8771 8963 8948
18396 2 2 2 1200 8951 8961 8770
18397 2 2 2 1200 8768 8958 8949
18398 2 2 2 1200 8950 8957 8766
$EndElements
